file,line_number,match_type,prefix,number,match,before,after
listings\1000743963474861515\details.txt,20,prefix_number,SVR,SVR-03101,SVR SVR-03101,The space,
listings\1000743963474861515\details.txt,21,prefix_number,SVR,SVR-03101,SVR SVR-03101,,
listings\1000924249105492404\details.txt,20,prefix_number,SVR,SVR-03102,SVR SVR-03102,The space,
listings\1000924249105492404\details.txt,21,prefix_number,SVR,SVR-03102,SVR SVR-03102,,
listings\1003546752038003006\details.txt,33,number_only,,STR2024-00002,STR2024-00002,,
listings\1003546752038003006\details.txt,34,number_only,,STR2024-00002,STR2024-00002,,
listings\1003687938507466238\details.txt,65,prefix_number,STVR,STR2025-00019,STVR STR2025-00019,Of Tybee STVR Cert #,
listings\1003687938507466238\details.txt,66,prefix_number,STVR,STR2025-00019,STVR STR2025-00019,Of Tybee STVR Cert #,"Please note,... there is one"
listings\1003771777824178054\details.txt,155,prefix_number,SVR,SVR-02878,SVR SVR-02878,STR Certificate,
listings\1003771777824178054\details.txt,156,prefix_number,SVR,SVR-02878,SVR SVR-02878,,
listings\1005704717827195901\details.txt,45,prefix_number,STVR,STR2025-1288,STVR STR2025-1288,Term Vacation Rental (STVR) Permit,
listings\1005704717827195901\details.txt,46,prefix_number,STVR,STR2025-1288,STVR STR2025-1288,Term Vacation Rental (STVR) Permit,
listings\1006567987570549170\details.txt,32,prefix_number,SVR,SVR-02865,SVR SVR-02865,,
listings\1006567987570549170\details.txt,33,prefix_number,SVR,SVR-02865,SVR SVR-02865,,
listings\1008583598206861190\details.txt,62,number_only,,31410,31410,,
listings\1008583598206861190\details.txt,63,number_only,,31410,31410,"Johnny Mercer Blvd, Savannah, GA",
listings\1008583598206861190\details.txt,66,number_only,,31410,31410,,
listings\1008583598206861190\details.txt,67,number_only,,31410,31410,"Address: 7755 US-80, Savannah, GA",
listings\1008583598206861190\details.txt,70,number_only,,31410,31410,,
listings\1008583598206861190\details.txt,71,number_only,,31410,31410,"Johnny Mercer Blvd, Savannah, GA",
listings\1008583598206861190\details.txt,78,number_only,,31410,31410,,
listings\1008583598206861190\details.txt,79,number_only,,31410,31410,"Address: 7906 US-80, Savannah, GA",
listings\1008583598206861190\details.txt,84,number_only,,31410,31410,,
listings\1008583598206861190\details.txt,85,number_only,,31410,31410,"Mercer Blvd, Wilmington Island, GA",
listings\1008583598206861190\details.txt,89,number_only,,31410,31410,,
listings\1008583598206861190\details.txt,90,number_only,,31410,31410,"Blvd c9, Wilmington Island, GA",
listings\1008583598206861190\details.txt,94,number_only,,31410,31410,,
listings\1008583598206861190\details.txt,95,number_only,,31410,31410,"Johnny Mercer Blvd, Savannah, GA",
listings\1008583598206861190\details.txt,99,number_only,,31410,31410,,
listings\1008583598206861190\details.txt,100,number_only,,31410,31410,"Johnny Mercer Blvd, Savannah, GA",
listings\1008583598206861190\details.txt,105,number_only,,31410,31410,,
listings\1008583598206861190\details.txt,106,number_only,,31410,31410,"Johnny Mercer Blvd, Savannah, GA",
listings\1008583598206861190\details.txt,110,number_only,,31410,31410,,
listings\1008583598206861190\details.txt,111,number_only,,31410,31410,"Johnny Mercer Blvd, Savannah, GA",
listings\1008583598206861190\details.txt,114,number_only,,31410,31410,,
listings\1008583598206861190\details.txt,115,number_only,,31410,31410,"Blvd # 1, Savannah, GA",
listings\1008583598206861190\details.txt,118,number_only,,31410,31410,,
listings\1008583598206861190\details.txt,119,number_only,,31410,31410,"Johnny Mercer Blvd, Savannah, GA",
listings\1008583598206861190\details.txt,125,number_only,,31328,31328,,
listings\1008583598206861190\details.txt,126,number_only,,31328,31328,"▻ Address: Tybee Island, GA",
listings\1008583598206861190\details.txt,130,number_only,,31401,31401,,
listings\1008583598206861190\details.txt,131,number_only,,31401,31401,"▻ Address: Savannah, GA",(Multiple entry points)
listings\1008583598206861190\details.txt,135,number_only,,31406,31406,,
listings\1008583598206861190\details.txt,136,number_only,,31406,31406,"7601 Skidaway Rd, Savannah, GA",
listings\1008583598206861190\details.txt,140,number_only,,31404,31404,,
listings\1008583598206861190\details.txt,141,number_only,,31404,31404,"330 Bonaventure Rd, Thunderbolt, GA",
listings\1008583598206861190\details.txt,150,number_only,,31410,31410,,
listings\1008583598206861190\details.txt,151,number_only,,31410,31410,"711 Sandtown Rd, Savannah, GA",
listings\1009371873646961265\details.txt,33,prefix_number,STVR,STR2023-00233,STVR STR2023-00233,Short-Term Vacation Rental (STVR) Permit,
listings\1009371873646961265\details.txt,34,prefix_number,STVR,STR2023-00233,STVR STR2023-00233,Short-Term Vacation Rental (STVR) Permit,
listings\1009469686678735726\details.txt,28,prefix_number,SVR,SVR-02810,SVR SVR-02810,spaces directly behind the home.,
listings\1009469686678735726\details.txt,29,prefix_number,SVR,SVR-02810,SVR SVR-02810,,
listings\1010400425502948005\details.txt,7,prefix_number,SVR,SVR-01487,SVR SVR-01487,,
listings\1015073607025963957\details.txt,21,prefix_number,SVR,SVR-02615,SVR SVR-02615,the availability of each unit.,"SVR-02614, SVR-02616"
listings\1015073607025963957\details.txt,21,prefix_number,SVR,SVR-02614,SVR SVR-02614,"availability of each unit. SVR-02615,",SVR-02616
listings\1015073607025963957\details.txt,21,prefix_number,SVR,SVR-02616,SVR SVR-02616,"of each unit. SVR-02615, SVR-02614,",
listings\1015073607025963957\details.txt,22,prefix_number,SVR,SVR-02615,SVR SVR-02615,,"SVR-02614, SVR-02616"
listings\1015073607025963957\details.txt,22,prefix_number,SVR,SVR-02614,SVR SVR-02614,"SVR-02615,",SVR-02616
listings\1015073607025963957\details.txt,22,prefix_number,SVR,SVR-02616,SVR SVR-02616,"SVR-02615, SVR-02614,",
listings\1016721809281318383\details.txt,23,prefix_number,SVR,SVR-02907,SVR SVR-02907,Short-Term Vacation Rental Certificate:,
listings\1016721809281318383\details.txt,24,prefix_number,SVR,SVR-02907,SVR SVR-02907,Short-Term Vacation Rental Certificate:,
listings\1024640968520740118\details.txt,37,number_only,,STR2023-00219,STR2023-00219,,
listings\1024640968520740118\details.txt,38,number_only,,STR2023-00219,STR2023-00219,,
listings\1024641649201752021\details.txt,42,number_only,,STR2023-00219,STR2023-00219,,
listings\1024641649201752021\details.txt,43,number_only,,STR2023-00219,STR2023-00219,,
listings\10265383\details.txt,36,prefix_number,STVR,STR2025-1124,STVR STR2025-1124,Term Vacation Rental (STVR) Permit,
listings\10265383\details.txt,37,prefix_number,STVR,STR2025-1124,STVR STR2025-1124,Term Vacation Rental (STVR) Permit,
listings\10265473\details.txt,36,prefix_number,STVR,STR2021-00494,STVR STR2021-00494,Term Vacation Rental (STVR) Permit,
listings\10265473\details.txt,37,prefix_number,STVR,STR2021-00494,STVR STR2021-00494,Term Vacation Rental (STVR) Permit,
listings\10265689\details.txt,34,prefix_number,STVR,STR2025-1128,STVR STR2025-1128,Term Vacation Rental (STVR) Permit,
listings\10265689\details.txt,35,prefix_number,STVR,STR2025-1128,STVR STR2025-1128,Term Vacation Rental (STVR) Permit,
listings\10265720\details.txt,30,prefix_number,STVR,STR2025-1289,STVR STR2025-1289,Term Vacation Rental (STVR) Permit,
listings\10265720\details.txt,31,prefix_number,STVR,STR2025-1289,STVR STR2025-1289,Term Vacation Rental (STVR) Permit,
listings\10266057\details.txt,30,prefix_number,STVR,STR2025-1104,STVR STR2025-1104,Term Vacation Rental (STVR) Permit,
listings\10266057\details.txt,31,prefix_number,STVR,STR2025-1104,STVR STR2025-1104,Term Vacation Rental (STVR) Permit,
listings\10266201\details.txt,34,prefix_number,STVR,STR2025-0603,STVR STR2025-0603,Term Vacation Rental (STVR) Permit,
listings\10266201\details.txt,35,prefix_number,STVR,STR2025-0603,STVR STR2025-0603,Term Vacation Rental (STVR) Permit,
listings\10267125\details.txt,36,prefix_number,STVR,STR2025-1086,STVR STR2025-1086,Term Vacation Rental (STVR) Permit,
listings\10267125\details.txt,37,prefix_number,STVR,STR2025-1086,STVR STR2025-1086,Term Vacation Rental (STVR) Permit,
listings\10267229\details.txt,34,prefix_number,STVR,STR2025-1297,STVR STR2025-1297,Term Vacation Rental (STVR) Permit,
listings\10267229\details.txt,35,prefix_number,STVR,STR2025-1297,STVR STR2025-1297,Term Vacation Rental (STVR) Permit,
listings\10267763\details.txt,30,prefix_number,STVR,STR2025-1101,STVR STR2025-1101,Term Vacation Rental (STVR) Permit,
listings\10267763\details.txt,31,prefix_number,STVR,STR2025-1101,STVR STR2025-1101,Term Vacation Rental (STVR) Permit,
listings\10267898\details.txt,26,prefix_number,STVR,STR2025-1302,STVR STR2025-1302,Term Vacation Rental (STVR) Permit,
listings\10267898\details.txt,27,prefix_number,STVR,STR2025-1302,STVR STR2025-1302,Term Vacation Rental (STVR) Permit,
listings\10267935\details.txt,30,prefix_number,STVR,STR2025-1115,STVR STR2025-1115,Term Vacation Rental (STVR) Permit,
listings\10267935\details.txt,31,prefix_number,STVR,STR2025-1115,STVR STR2025-1115,Term Vacation Rental (STVR) Permit,
listings\10267946\details.txt,22,prefix_number,STVR,STR2025-1303,STVR STR2025-1303,Term Vacation Rental (STVR) Permit,
listings\10267946\details.txt,23,prefix_number,STVR,STR2025-1303,STVR STR2025-1303,Term Vacation Rental (STVR) Permit,
listings\10267950\details.txt,30,prefix_number,STVR,STR2025-1109,STVR STR2025-1109,Term Vacation Rental (STVR) Permit,
listings\10267950\details.txt,31,prefix_number,STVR,STR2025-1109,STVR STR2025-1109,Term Vacation Rental (STVR) Permit,
listings\10268332\details.txt,30,prefix_number,STVR,STR2025-1102,STVR STR2025-1102,Term Vacation Rental (STVR) Permit,
listings\10268332\details.txt,31,prefix_number,STVR,STR2025-1102,STVR STR2025-1102,Term Vacation Rental (STVR) Permit,
listings\10268361\details.txt,34,prefix_number,STVR,STR2025-1089,STVR STR2025-1089,Term Vacation Rental (STVR) Permit,
listings\10268361\details.txt,35,prefix_number,STVR,STR2025-1089,STVR STR2025-1089,Term Vacation Rental (STVR) Permit,
listings\10268369\details.txt,30,prefix_number,STVR,STR2025-1090,STVR STR2025-1090,Term Vacation Rental (STVR) Permit,
listings\10268369\details.txt,31,prefix_number,STVR,STR2025-1090,STVR STR2025-1090,Term Vacation Rental (STVR) Permit,
listings\10268376\details.txt,30,prefix_number,STVR,STR2025-1088,STVR STR2025-1088,Term Vacation Rental (STVR) Permit,
listings\10268376\details.txt,31,prefix_number,STVR,STR2025-1088,STVR STR2025-1088,Term Vacation Rental (STVR) Permit,
listings\10268390\details.txt,34,prefix_number,STVR,STR2025-1112,STVR STR2025-1112,Term Vacation Rental (STVR) Permit,
listings\10268390\details.txt,35,prefix_number,STVR,STR2025-1112,STVR STR2025-1112,Term Vacation Rental (STVR) Permit,
listings\10268414\details.txt,35,prefix_number,STVR,STR2025-0570,STVR STR2025-0570,Term Vacation Rental (STVR) Permit,
listings\10268414\details.txt,36,prefix_number,STVR,STR2025-0570,STVR STR2025-0570,Term Vacation Rental (STVR) Permit,
listings\10268452\details.txt,30,prefix_number,STVR,STR2025-0571,STVR STR2025-0571,Term Vacation Rental (STVR) Permit,
listings\10268452\details.txt,31,prefix_number,STVR,STR2025-0571,STVR STR2025-0571,Term Vacation Rental (STVR) Permit,
listings\1029840823088812737\details.txt,7,prefix_number,SVR,SVR-01488,SVR SVR-01488,many museums the downtown offers.,
listings\1029840823088812737\details.txt,8,prefix_number,SVR,SVR-01488,SVR SVR-01488,,
listings\1030521829651298131\details.txt,71,prefix_number,SVR,SVR-02497,SVR SVR-02497,Permit Number:,
listings\1030521829651298131\details.txt,72,prefix_number,SVR,SVR-02497,SVR SVR-02497,Permit Number:,
listings\1035590511236641280\details.txt,90,prefix_number,SVR,SVR-01943,SVR SVR-01943,Permit Numbers:,SVR-01942 & SVR-02497
listings\1035590511236641280\details.txt,90,prefix_number,SVR,SVR-01942,SVR SVR-01942,"Permit Numbers: SVR-01943,",& SVR-02497
listings\1035590511236641280\details.txt,90,prefix_number,SVR,SVR-02497,SVR SVR-02497,"Permit Numbers: SVR-01943, SVR-01942 &",
listings\1035590511236641280\details.txt,91,prefix_number,SVR,SVR-01943,SVR SVR-01943,Permit Numbers:,SVR-01942 & SVR-02497
listings\1035590511236641280\details.txt,91,prefix_number,SVR,SVR-01942,SVR SVR-01942,"Permit Numbers: SVR-01943,",& SVR-02497
listings\1035590511236641280\details.txt,91,prefix_number,SVR,SVR-02497,SVR SVR-02497,"Permit Numbers: SVR-01943, SVR-01942 &",
listings\1037616847304846145\details.txt,23,prefix_number,SVR,02364,SVR 02364,SVR,
listings\1037616847304846145\details.txt,24,prefix_number,SVR,02364,SVR 02364,SVR,
listings\1038353402297358485\details.txt,7,prefix_number,SVR,SVR-02637,SVR SVR-02637,attractions you expect from Savannah.,
listings\10431337\details.txt,8,prefix_number,SVR,SVR-00032,SVR SVR-00032,City of Savannah Registered |,| Minimum rental age: 25
listings\10431337\details.txt,9,prefix_number,SVR,SVR-00032,SVR SVR-00032,City of Savannah Registered |,| Minimum rental age: 25
listings\1044918953395729466\details.txt,29,number_only,,11231,11231,,
listings\1044918953395729466\details.txt,30,number_only,,11231,11231,"New York, NY; NAIC #",for the operating name used
listings\1044918953395729466\details.txt,39,number_only,,11231,11231,,
listings\1044918953395729466\details.txt,40,number_only,,11231,11231,"New York, NY; NAIC #",for the operating name used
listings\1045779803578274365\details.txt,7,prefix_number,STVR,02935,STVR 02935,**STVR #,WALK SCORE 95/100
listings\1051607149591036262\details.txt,21,prefix_number,STR,STR-025719,STR STR-025719,"Savannah, GA. License permit number:",
listings\1051607149591036262\details.txt,22,prefix_number,STR,STR-025719,STR STR-025719,"Savannah, GA. License permit number:",
listings\1051607149591036262\details.txt,77,prefix_number,STR,STR-025719,STR STR-025719,Georgia. Its permit code is,
listings\1051607149591036262\details.txt,78,prefix_number,STR,STR-025719,STR STR-025719,Georgia. Its permit code is,
listings\1055025612145039138\details.txt,23,prefix_number,SVR,SVR-02720,SVR SVR-02720,The space,
listings\1055025612145039138\details.txt,24,prefix_number,SVR,SVR-02720,SVR SVR-02720,,
listings\1055042034425609294\details.txt,23,prefix_number,SVR,SVR-02723,SVR SVR-02723,The space,
listings\1055042034425609294\details.txt,24,prefix_number,SVR,SVR-02723,SVR SVR-02723,,
listings\10594915\details.txt,10,prefix_number,SVR,SVR-00629,SVR SVR-00629,Savannah STVR Certificate,
listings\10594915\details.txt,11,prefix_number,SVR,SVR-00629,SVR SVR-00629,Savannah STVR Certificate,
listings\1061824254594787543\details.txt,23,prefix_number,SVR,SVR-02930,SVR SVR-02930,,
listings\1061824254594787543\details.txt,24,prefix_number,SVR,SVR-02930,SVR SVR-02930,,
listings\1066817842172394156\details.txt,16,prefix_number,OTC,OTC-024736,OTC OTC-024736,The space,
listings\1066817842172394156\details.txt,17,prefix_number,OTC,OTC-024736,OTC OTC-024736,,
listings\1070978616828850674\details.txt,8,prefix_number,SVR,02732,SVR 02732,SVR,
listings\1070978616828850674\details.txt,9,prefix_number,SVR,02732,SVR 02732,SVR,
listings\1071784112584441186\details.txt,23,prefix_number,STVR,STR2025-1113,STVR STR2025-1113,Term Vacation Rental (STVR) Permit,
listings\1071784112584441186\details.txt,24,prefix_number,STVR,STR2025-1113,STVR STR2025-1113,Term Vacation Rental (STVR) Permit,
listings\1071964847638294261\details.txt,34,prefix_number,SVR,SVR-01984,SVR SVR-01984,,
listings\1071964847638294261\details.txt,35,prefix_number,SVR,SVR-01984,SVR SVR-01984,,
listings\1071964847793730841\details.txt,35,prefix_number,SVR,SVR-01985,SVR SVR-01985,,
listings\1071964847793730841\details.txt,36,prefix_number,SVR,SVR-01985,SVR SVR-01985,,
listings\1071965390049882887\details.txt,38,prefix_number,SVR,SVR-01986,SVR SVR-01986,,
listings\1071965390049882887\details.txt,39,prefix_number,SVR,SVR-01986,SVR SVR-01986,,
listings\1073272010720529278\details.txt,28,prefix_number,SVR,SVR-02820,SVR SVR-02820,STVR Certificate:,
listings\1073272010720529278\details.txt,29,prefix_number,SVR,SVR-02820,SVR SVR-02820,STVR Certificate:,
listings\1074018054839976789\details.txt,8,prefix_number,SVR,02733,SVR 02733,SVR,
listings\1074018054839976789\details.txt,9,prefix_number,SVR,02733,SVR 02733,SVR,
listings\1076151855936173489\details.txt,29,number_only,,STR2026-0950,STR2026-0950,,
listings\1076151855936173489\details.txt,30,number_only,,STR2026-0950,STR2026-0950,,
listings\1077474063956662876\details.txt,8,prefix_number,SVR,02919,SVR 02919,SVR,
listings\1077474063956662876\details.txt,9,prefix_number,SVR,02919,SVR 02919,SVR,
listings\1079999663694569469\details.txt,12,prefix_number,SVR,02861,SVR 02861,SVR,
listings\1079999663694569469\details.txt,13,prefix_number,SVR,02861,SVR 02861,SVR,
listings\1082675048305365941\details.txt,17,prefix_number,SVR,SVR-02657,SVR SVR-02657,"Savannah, GA",
listings\1082675048305365941\details.txt,18,prefix_number,SVR,SVR-02657,SVR SVR-02657,"Savannah, GA",
listings\1082783482499537636\details.txt,50,prefix_number,SVR,SVR-00544,SVR SVR-00544,,
listings\1082783482499537636\details.txt,51,prefix_number,SVR,SVR-00544,SVR SVR-00544,,
listings\1085751154082695607\details.txt,15,prefix_number,SVR,SVR-02589,SVR SVR-02589,,"SVR-02589, SVR-02838, SVR-02839"
listings\1085751154082695607\details.txt,15,prefix_number,SVR,SVR-02838,SVR SVR-02838,"SVR-02589, SVR-02589,",SVR-02839
listings\1085751154082695607\details.txt,15,prefix_number,SVR,SVR-02839,SVR SVR-02839,"SVR-02589, SVR-02589, SVR-02838,",
listings\1085751154082695607\details.txt,16,prefix_number,SVR,SVR-02589,SVR SVR-02589,,"SVR-02589, SVR-02838, SVR-02839"
listings\1085751154082695607\details.txt,16,prefix_number,SVR,SVR-02838,SVR SVR-02838,"SVR-02589, SVR-02589,",SVR-02839
listings\1085751154082695607\details.txt,16,prefix_number,SVR,SVR-02839,SVR SVR-02839,"SVR-02589, SVR-02589, SVR-02838,",
listings\1087826166694685272\details.txt,24,prefix_number,SVR,SVR-00768,SVR SVR-00768,,
listings\1087826166694685272\details.txt,25,prefix_number,SVR,SVR-00768,SVR SVR-00768,,
listings\1087832468175602645\details.txt,38,prefix_number,SVR,SVR-02495,SVR SVR-02495,,
listings\1087832468175602645\details.txt,39,prefix_number,SVR,SVR-02495,SVR SVR-02495,,
listings\1087835439988441752\details.txt,30,prefix_number,STVR,02918,STVR 02918,STVR,
listings\1087835439988441752\details.txt,31,prefix_number,STVR,02918,STVR 02918,STVR,
listings\1087836460897881140\details.txt,33,prefix_number,STVR,02918,STVR 02918,STVR,
listings\1087836460897881140\details.txt,34,prefix_number,STVR,02918,STVR 02918,STVR,
listings\1090907489341197328\details.txt,47,prefix_number,STVR,02960,STVR 02960,STVR,
listings\1090907489341197328\details.txt,48,prefix_number,STVR,02960,STVR 02960,STVR,
listings\1092174837884889727\details.txt,36,prefix_number,STVR,STR2024-00030,STVR STR2024-00030,Term Vacation Rental (STVR) Permit,
listings\1092174837884889727\details.txt,37,prefix_number,STVR,STR2024-00030,STVR STR2024-00030,Term Vacation Rental (STVR) Permit,
listings\1092291180817304935\details.txt,7,prefix_number,SVR,SVR-02924,SVR SVR-02924,local garage for your use.,
listings\1092899949775297175\details.txt,37,prefix_number,STVR,STR2023-00251,STVR STR2023-00251,Term Vacation Rental (STVR) Permit,
listings\1092899949775297175\details.txt,38,prefix_number,STVR,STR2023-00251,STVR STR2023-00251,Term Vacation Rental (STVR) Permit,
listings\1093047448331903805\details.txt,63,prefix_number,SVR,SVR-02953,SVR SVR-02953,,
listings\1093047448331903805\details.txt,64,prefix_number,SVR,SVR-02953,SVR SVR-02953,,
listings\1095726680830461341\details.txt,40,prefix_number,STVR,STR2025-0746,STVR STR2025-0746,Special Off-Season rates! STVR License,
listings\1095726680830461341\details.txt,41,prefix_number,STVR,STR2025-0746,STVR STR2025-0746,STVR License,
listings\1099319306611679417\details.txt,7,prefix_number,SVR,SVR-01636,SVR SVR-01636,OF ST. PATRICK'S DAY PARADE!!,
listings\1099319306611679417\details.txt,8,prefix_number,SVR,SVR-01636,SVR SVR-01636,,
listings\1099351297201525012\details.txt,7,prefix_number,SVR,SVR-01316,SVR SVR-01316,"Park, 20 from SAV International.",
listings\1099351297201525012\details.txt,8,prefix_number,SVR,SVR-01316,SVR SVR-01316,,
listings\1102325145159324168\details.txt,24,prefix_number,SVR,SVR-02940,SVR SVR-02940,,
listings\1102325145159324168\details.txt,25,prefix_number,SVR,SVR-02940,SVR SVR-02940,,
listings\1103555706426970821\details.txt,7,prefix_number,SVR,SVR-02825,SVR SVR-02825,"Barnard, where luxury meets convenience.",
listings\1103555706426970821\details.txt,8,prefix_number,SVR,SVR-02825,SVR SVR-02825,,
listings\1105688781217775052\details.txt,8,prefix_number,SVR,SVR-01606,SVR SVR-01606,,
listings\1105688781217775052\details.txt,9,prefix_number,SVR,SVR-01606,SVR SVR-01606,,
listings\1105736772103236309\details.txt,8,prefix_number,SVR,SVR-01607,SVR SVR-01607,,
listings\1105736772103236309\details.txt,9,prefix_number,SVR,SVR-01607,SVR SVR-01607,,
listings\1105773369536613889\details.txt,8,prefix_number,SVR,SVR-01608,SVR SVR-01608,,
listings\1105773369536613889\details.txt,9,prefix_number,SVR,SVR-01608,SVR SVR-01608,,
listings\1105791359976383544\details.txt,8,prefix_number,SVR,SVR-01744,SVR SVR-01744,"dining, attractions, pubs, and more.",
listings\1105791359976383544\details.txt,9,prefix_number,SVR,SVR-01744,SVR SVR-01744,,
listings\1105795478383155768\details.txt,9,prefix_number,SVR,SVR-01605,SVR SVR-01605,,
listings\1105795478383155768\details.txt,10,prefix_number,SVR,SVR-01605,SVR SVR-01605,,
listings\1107966597827380132\details.txt,8,prefix_number,SVR,SVR-02731,SVR SVR-02731,,
listings\1107966597827380132\details.txt,9,prefix_number,SVR,SVR-02731,SVR SVR-02731,,
listings\1108736298348335657\details.txt,8,prefix_number,SVR,SVR-02734,SVR SVR-02734,,
listings\1108736298348335657\details.txt,9,prefix_number,SVR,SVR-02734,SVR SVR-02734,,
listings\11094644\details.txt,21,prefix_number,SVR,SVR-00517,SVR SVR-00517,with city of Savannah Certificate,
listings\11094644\details.txt,22,prefix_number,SVR,SVR-00517,SVR SVR-00517,with city of Savannah Certificate,
listings\1109525189093111378\details.txt,8,prefix_number,SVR,SVR-02735,SVR SVR-02735,,
listings\1109525189093111378\details.txt,9,prefix_number,SVR,SVR-02735,SVR SVR-02735,,
listings\1110047664297911973\details.txt,28,prefix_number,SVR,SVR-02844,SVR SVR-02844,,
listings\1110047664297911973\details.txt,29,prefix_number,SVR,SVR-02844,SVR SVR-02844,,
listings\1110897307366112763\details.txt,21,prefix_number,STVR,02981,STVR 02981,STVR,
listings\1110897307366112763\details.txt,22,prefix_number,STVR,02981,STVR 02981,STVR,
listings\1112379288072221499\details.txt,8,prefix_number,SVR,SVR-02737,SVR SVR-02737,,
listings\1112379288072221499\details.txt,9,prefix_number,SVR,SVR-02737,SVR SVR-02737,,
listings\1112950766403768618\details.txt,26,prefix_number,SVR,SVR-02978,SVR SVR-02978,,
listings\1112950766403768618\details.txt,27,prefix_number,SVR,SVR-02978,SVR SVR-02978,,
listings\1113051406719642477\details.txt,8,prefix_number,SVR,SVR-02736,SVR SVR-02736,,
listings\1113051406719642477\details.txt,9,prefix_number,SVR,SVR-02736,SVR SVR-02736,,
listings\1113836232935487006\details.txt,29,prefix_number,STR,STR-026324,STR STR-026324,of this property. It is,
listings\1113836232935487006\details.txt,30,prefix_number,STR,STR-026324,STR STR-026324,of this property. It is,
listings\1115288813450274047\details.txt,37,prefix_number,STVR,STR2023-00250,STVR STR2023-00250,Term Vacation Rental (STVR) Permit,
listings\1115288813450274047\details.txt,38,prefix_number,STVR,STR2023-00250,STVR STR2023-00250,Term Vacation Rental (STVR) Permit,
listings\1116177100506504470\details.txt,7,prefix_number,SVR,SVR-02911,SVR SVR-02911,"dining, pubs, attractions, and shopping.",
listings\1116177100506504470\details.txt,8,prefix_number,SVR,SVR-02911,SVR SVR-02911,,
listings\1116798545861547703\details.txt,31,number_only,,31407,31407,,
listings\1116798545861547703\details.txt,32,number_only,,31407,31407,"Port Wentworth, GA",
listings\1118035326917039526\details.txt,31,prefix_number,STVR,STVR-02976,STVR STVR-02976,,
listings\1118035326917039526\details.txt,32,prefix_number,STVR,STVR-02976,STVR STVR-02976,,
listings\1120202041936735884\details.txt,27,number_only,,STR2026-0968,STR2026-0968,,
listings\1120202041936735884\details.txt,28,number_only,,STR2026-0968,STR2026-0968,,
listings\1121812576709770445\details.txt,18,number_only,,STR2023-00242,STR2023-00242,,
listings\1121812576709770445\details.txt,19,number_only,,STR2023-00242,STR2023-00242,,
listings\1126991317759056330\details.txt,9,prefix_number,SVR,SVR-02959,SVR SVR-02959,a warm and inviting atmosphere.,
listings\1126991317759056330\details.txt,10,prefix_number,SVR,SVR-02959,SVR SVR-02959,,
listings\1127454792453437288\details.txt,33,prefix_number,SVR,SVR-02949,SVR SVR-02949,,
listings\1127454792453437288\details.txt,34,prefix_number,SVR,SVR-02949,SVR SVR-02949,,
listings\1127789360841754973\details.txt,7,prefix_number,SVR,SVR-02879,SVR SVR-02879,after exploring the city's delights.,
listings\1127789360841754973\details.txt,8,prefix_number,SVR,SVR-02879,SVR SVR-02879,,
listings\1128417376162673804\details.txt,12,prefix_number,SVR,SVR-03004,SVR SVR-03004,rich history and vibrant culture.,
listings\1128417376162673804\details.txt,13,prefix_number,SVR,SVR-03004,SVR SVR-03004,,
listings\1128917088060803808\details.txt,7,number_only,,000261,000261,furnishings and crystal chandeliers. Bus,
listings\1136414519124979136\details.txt,15,prefix_number,SVR,SVR-01906,SVR SVR-01906,STVR Certificate:,
listings\1136414519124979136\details.txt,16,prefix_number,SVR,SVR-01906,SVR SVR-01906,STVR Certificate:,
listings\1136822912078376550\details.txt,9,prefix_number,SVR,SVR-02637,SVR SVR-02637,The space,
listings\1136822912078376550\details.txt,10,prefix_number,SVR,SVR-02637,SVR SVR-02637,,Enter the building through the
listings\1137020705220239410\details.txt,30,prefix_number,SVR,SVR-02834,SVR SVR-02834,,
listings\1137020705220239410\details.txt,31,prefix_number,SVR,SVR-02834,SVR SVR-02834,,
listings\1141188133002285315\details.txt,23,prefix_number,SVR,SVR-01419,SVR SVR-01419,STVR Certificate:,
listings\1141188133002285315\details.txt,24,prefix_number,SVR,SVR-01419,SVR SVR-01419,STVR Certificate:,
listings\1143597075952167264\details.txt,7,prefix_number,SVR,SVR-00278,SVR SVR-00278,Your Savannah adventure begins here.,
listings\1143597075952167264\details.txt,8,prefix_number,SVR,SVR-00278,SVR SVR-00278,,
listings\1145594413832887218\details.txt,27,prefix_number,STVR,STVR-02974,STVR STVR-02974,,
listings\1145594413832887218\details.txt,28,prefix_number,STVR,STVR-02974,STVR STVR-02974,,
listings\1147071899759295272\details.txt,7,prefix_number,SVR,SVR-03070,SVR SVR-03070,entrance onto the back lane.,
listings\1147071899759295272\details.txt,8,prefix_number,SVR,SVR-03070,SVR SVR-03070,,
listings\1147212330322085686\details.txt,11,prefix_number,SVR,SVR-01907,SVR SVR-01907,STVR Certificate:,
listings\1147212330322085686\details.txt,12,prefix_number,SVR,SVR-01907,SVR SVR-01907,STVR Certificate:,
listings\1149166716093257521\details.txt,15,prefix_number,SVR,SVR-01905,SVR SVR-01905,STVR Certificate:,
listings\1149166716093257521\details.txt,16,prefix_number,SVR,SVR-01905,SVR SVR-01905,STVR Certificate:,
listings\1149166718125260971\details.txt,13,prefix_number,SVR,SVR-01906,SVR SVR-01906,STVR Certificate:,
listings\1149166718125260971\details.txt,14,prefix_number,SVR,SVR-01906,SVR SVR-01906,STVR Certificate:,STVR Certificate: SVR-01907
listings\1149166718125260971\details.txt,14,prefix_number,SVR,SVR-01907,SVR SVR-01907,STVR Certificate: SVR-01906 STVR Certificate:,
listings\1149166718125260971\details.txt,15,prefix_number,SVR,SVR-01907,SVR SVR-01907,STVR Certificate:,STVR Certificate: SVR-01905
listings\1149166718125260971\details.txt,15,prefix_number,SVR,SVR-01905,SVR SVR-01905,STVR Certificate: SVR-01907 STVR Certificate:,
listings\1149166718125260971\details.txt,16,prefix_number,SVR,SVR-01905,SVR SVR-01905,STVR Certificate:,
listings\1149168721705462885\details.txt,20,prefix_number,SVR,SVR-01420,SVR SVR-01420,STVR Certificate:,
listings\1149168721705462885\details.txt,21,prefix_number,SVR,SVR-01420,SVR SVR-01420,STVR Certificate:,
listings\1149169229163090596\details.txt,24,prefix_number,SVR,SVR-01421,SVR SVR-01421,STVR Certificate:,
listings\1149169229163090596\details.txt,25,prefix_number,SVR,SVR-01421,SVR SVR-01421,STVR Certificate:,
listings\1149169299169045858\details.txt,30,prefix_number,SVR,SVR-01419,SVR SVR-01419,STVR Certificate:,
listings\1149169299169045858\details.txt,31,prefix_number,SVR,SVR-01419,SVR SVR-01419,STVR Certificate:,STVR Certificate: SVR-01420
listings\1149169299169045858\details.txt,31,prefix_number,SVR,SVR-01420,SVR SVR-01420,STVR Certificate: SVR-01419 STVR Certificate:,
listings\1149169299169045858\details.txt,32,prefix_number,SVR,SVR-01420,SVR SVR-01420,STVR Certificate:,STVR Certificate: SVR-01421
listings\1149169299169045858\details.txt,32,prefix_number,SVR,SVR-01421,SVR SVR-01421,STVR Certificate: SVR-01420 STVR Certificate:,
listings\1149169299169045858\details.txt,33,prefix_number,SVR,SVR-01421,SVR SVR-01421,STVR Certificate:,
listings\11514613\details.txt,23,prefix_number,SVR,SVR-00221,SVR SVR-00221,a one time pet fee.,
listings\11514613\details.txt,24,prefix_number,SVR,SVR-00221,SVR SVR-00221,a one time pet fee.,
listings\11514708\details.txt,24,prefix_number,SVR,SVR-00221,SVR SVR-00221,a one time pet fee.,
listings\11514708\details.txt,25,prefix_number,SVR,SVR-00221,SVR SVR-00221,,
listings\1157205180469247740\details.txt,11,prefix_number,SVR,SVR-02801,SVR SVR-02801,STVR Certificate:,
listings\1157205180469247740\details.txt,12,prefix_number,SVR,SVR-02801,SVR SVR-02801,STVR Certificate:,
listings\1157205181425519382\details.txt,11,prefix_number,SVR,SVR-02802,SVR SVR-02802,STVR Certificate:,
listings\1157205181425519382\details.txt,12,prefix_number,SVR,SVR-02802,SVR SVR-02802,STVR Certificate:,
listings\1157205183248453331\details.txt,8,prefix_number,SVR,SVR-02803,SVR SVR-02803,The space STVR Certificate:,
listings\1157205183248453331\details.txt,9,prefix_number,SVR,SVR-02803,SVR SVR-02803,STVR Certificate:,
listings\1157205183479086541\details.txt,11,prefix_number,SVR,SVR-02801,SVR SVR-02801,STVR Certificate:,
listings\1157205183479086541\details.txt,12,prefix_number,SVR,SVR-02801,SVR SVR-02801,STVR Certificate:,STVR Certificate: SVR-02802
listings\1157205183479086541\details.txt,12,prefix_number,SVR,SVR-02802,SVR SVR-02802,STVR Certificate: SVR-02801 STVR Certificate:,
listings\1157205183479086541\details.txt,13,prefix_number,SVR,SVR-02802,SVR SVR-02802,STVR Certificate:,STVR Certificate: SVR-02803
listings\1157205183479086541\details.txt,13,prefix_number,SVR,SVR-02803,SVR SVR-02803,STVR Certificate: SVR-02802 STVR Certificate:,
listings\1157205183479086541\details.txt,14,prefix_number,SVR,SVR-02803,SVR SVR-02803,STVR Certificate:,
listings\1157905509508872443\details.txt,15,prefix_number,SVR,SVR-00841,SVR SVR-00841,our remarkable Bay Street haven.,
listings\1157905509508872443\details.txt,16,prefix_number,SVR,SVR-00841,SVR SVR-00841,,
listings\1158159697344746468\details.txt,36,prefix_number,SVR,SVR-02524,SVR SVR-02524,,
listings\1158159697344746468\details.txt,37,prefix_number,SVR,SVR-02524,SVR SVR-02524,,
listings\1158162153907645517\details.txt,40,prefix_number,SVR,SVR-02524,SVR SVR-02524,,
listings\1158162153907645517\details.txt,41,prefix_number,SVR,SVR-02524,SVR SVR-02524,,SVR-02525
listings\1158162153907645517\details.txt,41,prefix_number,SVR,SVR-02525,SVR SVR-02525,SVR-02524,
listings\1158162153907645517\details.txt,42,prefix_number,SVR,SVR-02525,SVR SVR-02525,,
listings\1158164677808088154\details.txt,43,prefix_number,SVR,SVR-02524,SVR SVR-02524,,
listings\1158164677808088154\details.txt,44,prefix_number,SVR,SVR-02524,SVR SVR-02524,,SVR-02525
listings\1158164677808088154\details.txt,44,prefix_number,SVR,SVR-02525,SVR SVR-02525,SVR-02524,
listings\1158164677808088154\details.txt,45,prefix_number,SVR,SVR-02525,SVR SVR-02525,,
listings\1158654881879039087\details.txt,7,prefix_number,SVR,SVR-00839,SVR SVR-00839,the heart of Savannah's pulse.,
listings\1158654881879039087\details.txt,8,prefix_number,SVR,SVR-00839,SVR SVR-00839,,
listings\1158760801073202499\details.txt,13,prefix_number,SVR,SVR-02924,SVR SVR-02924,where comfort and convenience await.,
listings\1158760801073202499\details.txt,14,prefix_number,SVR,SVR-02924,SVR SVR-02924,,
listings\1158776389721135127\details.txt,7,prefix_number,SVR,SVR-00840,SVR SVR-00840,elevate your visit to Savannah.,
listings\1158776389721135127\details.txt,8,prefix_number,SVR,SVR-00840,SVR SVR-00840,,
listings\1163999944439545496\details.txt,13,prefix_number,SVR,SVR-02924,SVR SVR-02924,you can easily work remotely.,
listings\1163999944439545496\details.txt,14,prefix_number,SVR,SVR-02924,SVR SVR-02924,,
listings\1166621166008917501\details.txt,29,prefix_number,SVR,SVR-02991,SVR SVR-02991,,
listings\1166621166008917501\details.txt,30,prefix_number,SVR,SVR-02991,SVR SVR-02991,,
listings\1167484100056734676\details.txt,8,prefix_number,SVR,SVR-02993,SVR SVR-02993,,
listings\1167484100056734676\details.txt,9,prefix_number,SVR,SVR-02993,SVR SVR-02993,,
listings\1167568997823133885\details.txt,8,prefix_number,SVR,SVR-02996,SVR SVR-02996,,
listings\1167568997823133885\details.txt,9,prefix_number,SVR,SVR-02996,SVR SVR-02996,,
listings\1167639715199337901\details.txt,8,prefix_number,SVR,SVR-02997,SVR SVR-02997,,
listings\1167639715199337901\details.txt,9,prefix_number,SVR,SVR-02997,SVR SVR-02997,,
listings\1168047000309225911\details.txt,8,prefix_number,SVR,SVR-02994,SVR SVR-02994,,
listings\1168047000309225911\details.txt,9,prefix_number,SVR,SVR-02994,SVR SVR-02994,,
listings\1168049911837370638\details.txt,8,prefix_number,SVR,SVR-02995,SVR SVR-02995,,
listings\1168049911837370638\details.txt,9,prefix_number,SVR,SVR-02995,SVR SVR-02995,,
listings\1169518118012343551\details.txt,7,prefix_number,SVR,SVR-00838,SVR SVR-00838,of Savannah during your stay.,
listings\1169518118012343551\details.txt,8,prefix_number,SVR,SVR-00838,SVR SVR-00838,,
listings\11699139\details.txt,7,prefix_number,SVR,SVR-00822,SVR SVR-00822,Sofa Bed. City of Savannah,
listings\11699139\details.txt,8,prefix_number,SVR,SVR-00822,SVR SVR-00822,City of Savannah,
listings\1171728028939707365\details.txt,64,prefix_number,SVR,SVR-01942,SVR SVR-01942,Permit Number:,
listings\1171728028939707365\details.txt,65,prefix_number,SVR,SVR-01942,SVR SVR-01942,Permit Number:,
listings\1175965553729718139\details.txt,8,prefix_number,STR,STR-025728,STR STR-025728,"Savannah, GA. License Permit Number:",
listings\1175965553729718139\details.txt,9,prefix_number,STR,STR-025728,STR STR-025728,"Savannah, GA. License Permit Number:",
listings\1175965553729718139\details.txt,38,prefix_number,STR,STR-025728,STR STR-025728,Georgia. Its permit code is,
listings\1175965553729718139\details.txt,39,prefix_number,STR,STR-025728,STR STR-025728,Georgia. Its permit code is,
listings\1178277938777455134\details.txt,28,prefix_number,SVR,SVR-00134,SVR SVR-00134,,
listings\1178277938777455134\details.txt,29,prefix_number,SVR,SVR-00134,SVR SVR-00134,,
listings\1178279032941759645\details.txt,27,prefix_number,SVR,SVR-00136,SVR SVR-00136,,
listings\1178279032941759645\details.txt,28,prefix_number,SVR,SVR-00136,SVR SVR-00136,,
listings\1182530538531842498\details.txt,29,prefix_number,SVR,SVR-03003,SVR SVR-03003,,
listings\1182530538531842498\details.txt,30,prefix_number,SVR,SVR-03003,SVR SVR-03003,,
listings\1182532196692486353\details.txt,32,prefix_number,SVR,SVR-03002,SVR SVR-03002,,
listings\1182532196692486353\details.txt,33,prefix_number,SVR,SVR-03002,SVR SVR-03002,,
listings\1183441043262678472\details.txt,18,prefix_number,SVR,SVR-01978,SVR SVR-01978,STVR Certificate:,
listings\1183441043262678472\details.txt,19,prefix_number,SVR,SVR-01978,SVR SVR-01978,STVR Certificate:,STVR Certificate: SVR-01979
listings\1183441043262678472\details.txt,19,prefix_number,SVR,SVR-01979,SVR SVR-01979,STVR Certificate: SVR-01978 STVR Certificate:,
listings\1183441043262678472\details.txt,20,prefix_number,SVR,SVR-01979,SVR SVR-01979,STVR Certificate:,STVR Certificate: SVR-01980
listings\1183441043262678472\details.txt,20,prefix_number,SVR,SVR-01980,SVR SVR-01980,STVR Certificate: SVR-01979 STVR Certificate:,
listings\1183441043262678472\details.txt,21,prefix_number,SVR,SVR-01980,SVR SVR-01980,STVR Certificate:,STVR Certificate: SVR-01981
listings\1183441043262678472\details.txt,21,prefix_number,SVR,SVR-01981,SVR SVR-01981,STVR Certificate: SVR-01980 STVR Certificate:,
listings\1183441043262678472\details.txt,22,prefix_number,SVR,SVR-01981,SVR SVR-01981,STVR Certificate:,
listings\1183997705527539572\details.txt,17,prefix_number,SVR,SVR-01980,SVR SVR-01980,STVR Certificate:,
listings\1183997705527539572\details.txt,18,prefix_number,SVR,SVR-01980,SVR SVR-01980,STVR Certificate:,
listings\1184019353782472598\details.txt,35,prefix_number,SVR,SVR-03002,SVR SVR-03002,,
listings\1184019353782472598\details.txt,36,prefix_number,SVR,SVR-03002,SVR SVR-03002,,(3BR=6 OCC) Sec. 8-11013
listings\1184019353782472598\details.txt,36,prefix_number,SVR,11013,SVR 11013,SVR-03002 (3BR=6 OCC) Sec.,
listings\1184019353782472598\details.txt,37,prefix_number,SVR,11013,SVR 11013,(3BR=6 OCC) Sec.,SVR-03003
listings\1184019353782472598\details.txt,37,prefix_number,SVR,SVR-03003,SVR SVR-03003,(3BR=6 OCC) Sec. 8-11013,
listings\1184019353782472598\details.txt,38,prefix_number,SVR,SVR-03003,SVR SVR-03003,,(1BR=4 OCC) Sec. 8-11013
listings\1184019353782472598\details.txt,38,prefix_number,SVR,11013,SVR 11013,SVR-03003 (1BR=4 OCC) Sec.,
listings\1184019353782472598\details.txt,39,number_only,,11013,11013,(1BR=4 OCC) Sec.,
listings\1184021882415725658\details.txt,15,prefix_number,SVR,SVR-01979,SVR SVR-01979,STVR Certificate:,
listings\1184021882415725658\details.txt,16,prefix_number,SVR,SVR-01979,SVR SVR-01979,STVR Certificate:,
listings\1184021883939697482\details.txt,15,prefix_number,SVR,SVR-01978,SVR SVR-01978,STVR Certificate:,
listings\1184021883939697482\details.txt,16,prefix_number,SVR,SVR-01978,SVR SVR-01978,STVR Certificate:,
listings\1185635584637835049\details.txt,25,prefix_number,STVR,02981,STVR 02981,STVR,
listings\1185635584637835049\details.txt,26,prefix_number,STVR,02981,STVR 02981,STVR,
listings\1186275217050906434\details.txt,7,prefix_number,SVR,SVR-03026,SVR SVR-03026,convenience in the Hostess City!,
listings\1186275217050906434\details.txt,8,prefix_number,SVR,SVR-03026,SVR SVR-03026,,
listings\1187788470019404644\details.txt,45,prefix_number,SVR,02926,SVR 02926,SVR -,
listings\1187788470019404644\details.txt,46,prefix_number,SVR,02926,SVR 02926,SVR -,
listings\1191278127505459484\details.txt,7,prefix_number,STR,STR-024858,STR STR-024858,nearby. High-speed Wi-Fi is provided!,
listings\11935045\details.txt,8,prefix_number,SVR,SVR-02455,SVR SVR-02455,City of Savannah,
listings\11935045\details.txt,9,prefix_number,SVR,SVR-02455,SVR SVR-02455,City of Savannah,
listings\1194857266180420053\details.txt,11,prefix_number,SVR,SVR-01981,SVR SVR-01981,STVR Certificate:,
listings\1194857266180420053\details.txt,12,prefix_number,SVR,SVR-01981,SVR SVR-01981,STVR Certificate:,
listings\1195821115483952572\details.txt,15,prefix_number,SVR,SVR-02285,SVR SVR-02285,STVR Certificate:,
listings\1195821115483952572\details.txt,16,prefix_number,SVR,SVR-02285,SVR SVR-02285,STVR Certificate:,
listings\1197813082231453917\details.txt,10,prefix_number,SVR,SVR-03162,SVR SVR-03162,,
listings\1197813082231453917\details.txt,11,prefix_number,SVR,SVR-03162,SVR SVR-03162,,
listings\1197973362379630413\details.txt,93,prefix_number,SVR,SVR-03020,SVR SVR-03020,,
listings\1197973362379630413\details.txt,94,prefix_number,SVR,SVR-03020,SVR SVR-03020,,
listings\1203518831701235988\details.txt,13,prefix_number,SVR,SVR-02880,SVR SVR-02880,"wash, and a hair dryer.",
listings\1203518831701235988\details.txt,14,prefix_number,SVR,SVR-02880,SVR SVR-02880,,
listings\1204745992349832699\details.txt,12,prefix_number,SVR,SVR-02769,SVR SVR-02769,,
listings\1204745992349832699\details.txt,13,prefix_number,SVR,SVR-02769,SVR SVR-02769,,
listings\12057368\details.txt,39,prefix_number,SVR,00453,SVR 00453,SVR -,
listings\12057368\details.txt,40,prefix_number,SVR,00453,SVR 00453,SVR -,
listings\1206000181685013062\details.txt,12,prefix_number,SVR,SVR-02435,SVR SVR-02435,STVR Certificate:,
listings\1206000181685013062\details.txt,13,prefix_number,SVR,SVR-02435,SVR SVR-02435,STVR Certificate:,
listings\12069311\details.txt,14,prefix_number,SVR,SVR-00455,SVR SVR-00455,,
listings\12069311\details.txt,15,prefix_number,SVR,SVR-00455,SVR SVR-00455,,
listings\1207156682496370987\details.txt,7,prefix_number,SVR,SVR-03022,SVR SVR-03022,with pre-approval and additional fee.,
listings\1207156682496370987\details.txt,8,prefix_number,SVR,SVR-03022,SVR SVR-03022,,
listings\1207477526958698040\details.txt,9,prefix_number,SVR,02944,SVR 02944,SVR-,
listings\1207477526958698040\details.txt,10,prefix_number,SVR,02944,SVR 02944,SVR-,
listings\1207940336680312491\details.txt,8,prefix_number,SVR,SVR-02945,SVR SVR-02945,,
listings\1207940336680312491\details.txt,9,prefix_number,SVR,SVR-02945,SVR SVR-02945,,
listings\1208931022694351940\details.txt,22,prefix_number,SVR,SVR-02416,SVR SVR-02416,provided. * City of Savannah,
listings\1208931022694351940\details.txt,23,prefix_number,SVR,SVR-02416,SVR SVR-02416,* City of Savannah,
listings\1209356900031547574\details.txt,33,prefix_number,STVR,STR2025-1285,STVR STR2025-1285,Term Vacation Rental (STVR) Permit,
listings\1209356900031547574\details.txt,34,prefix_number,STVR,STR2025-1285,STVR STR2025-1285,Term Vacation Rental (STVR) Permit,
listings\1210789582920262614\details.txt,19,prefix_number,STR,STR-02510,STR STR-02510,things to note License #,
listings\1210789582920262614\details.txt,20,prefix_number,STR,STR-02510,STR STR-02510,License #,
listings\1213106063496418934\details.txt,12,prefix_number,LICENSE,OCT-024723,License OCT-024723,Chatham County Occupancy Tax License,
listings\1213106063496418934\details.txt,13,prefix_number,LICENSE,OCT-024723,License OCT-024723,Chatham County Occupancy Tax License,
listings\1213124686009610925\details.txt,13,prefix_number,SVR,SVR-02924,SVR SVR-02924,perfect place to work from.,
listings\1213124686009610925\details.txt,14,prefix_number,SVR,SVR-02924,SVR SVR-02924,,
listings\1213771322978540673\details.txt,62,prefix_number,SVR,SVR-02977,SVR SVR-02977,,
listings\1213771322978540673\details.txt,63,prefix_number,SVR,SVR-02977,SVR SVR-02977,,
listings\1214474836664296639\details.txt,27,prefix_number,SVR,SVR-01517,SVR SVR-01517,,
listings\1214474836664296639\details.txt,28,prefix_number,SVR,SVR-01517,SVR SVR-01517,,
listings\1219552269706092972\details.txt,13,prefix_number,SVR,SVR-02924,SVR SVR-02924,together for an unforgettable stay.,
listings\1219552269706092972\details.txt,14,prefix_number,SVR,SVR-02924,SVR SVR-02924,,
listings\1220978200108275596\details.txt,9,prefix_number,SVR,SVR-03023,SVR SVR-03023,Street - no car needed.,
listings\1220978200108275596\details.txt,10,prefix_number,SVR,SVR-03023,SVR SVR-03023,,
listings\1223537360358502847\details.txt,14,prefix_number,SVR,SVR-02683,SVR SVR-02683,it perfect for culinary adventures.,
listings\1223537360358502847\details.txt,15,prefix_number,SVR,SVR-02683,SVR SVR-02683,,
listings\1229838944082070670\details.txt,7,prefix_number,SVR,SVR-02831,SVR SVR-02831,experience in the Hostess City.,
listings\1229838944082070670\details.txt,8,prefix_number,SVR,SVR-02831,SVR SVR-02831,,
listings\12309118\details.txt,8,prefix_number,SVR,SVR-0823,SVR SVR-0823,Licensed vacation rental,
listings\12309118\details.txt,9,prefix_number,SVR,SVR-0823,SVR SVR-0823,Licensed vacation rental,
listings\1231890569591233591\details.txt,13,prefix_number,SVR,SVR-01611,SVR SVR-01611,The space City of Savannah,
listings\1231890569591233591\details.txt,14,prefix_number,SVR,SVR-01611,SVR SVR-01611,City of Savannah,
listings\1231890640976575790\details.txt,9,prefix_number,SVR,SVR-03013,SVR SVR-03013,The space,
listings\1231890640976575790\details.txt,10,prefix_number,SVR,SVR-03013,SVR SVR-03013,,
listings\1237769732648286442\details.txt,23,prefix_number,SVR,SVR-03030,SVR SVR-03030,,
listings\1237769732648286442\details.txt,24,prefix_number,SVR,SVR-03030,SVR SVR-03030,,
listings\1238303348129087186\details.txt,7,prefix_number,SVR,SVR-02835,SVR SVR-02835,that Savannah has to offer.,
listings\1238303348129087186\details.txt,8,prefix_number,SVR,SVR-02835,SVR SVR-02835,,
listings\1249946566881615625\details.txt,25,prefix_number,STVR,02981,STVR 02981,STVR,
listings\1249946566881615625\details.txt,26,prefix_number,STVR,02981,STVR 02981,STVR,
listings\1252245861453155896\details.txt,23,prefix_number,SVR,SVR-03037,SVR SVR-03037,,
listings\1252245861453155896\details.txt,24,prefix_number,SVR,SVR-03037,SVR SVR-03037,,
listings\1254318911011102754\details.txt,38,prefix_number,SVR,SVR-01379,SVR SVR-01379,Our STVR permit number is,
listings\1254318911011102754\details.txt,39,prefix_number,SVR,SVR-01379,SVR SVR-01379,Our STVR permit number is,
listings\12585120\details.txt,80,prefix_number,SVR,SVR-03181,SVR SVR-03181,,
listings\12585120\details.txt,81,prefix_number,SVR,SVR-03181,SVR SVR-03181,,
listings\12587374\details.txt,83,prefix_number,SVR,SVR-00309,SVR SVR-00309,,
listings\12587374\details.txt,84,prefix_number,SVR,SVR-00309,SVR SVR-00309,,
listings\12588001\details.txt,29,prefix_number,SVR,SVR-00508,SVR SVR-00508,,
listings\12588001\details.txt,30,prefix_number,SVR,SVR-00508,SVR SVR-00508,,
listings\12588001\details.txt,44,number_only,,31328,31328,,
listings\12588001\details.txt,45,number_only,,31328,31328,"Silver Ave, Tybee Island, GA",For our Savannah properties it
listings\12588152\details.txt,78,prefix_number,SVR,SVR-02487,SVR SVR-02487,,
listings\12588152\details.txt,79,prefix_number,SVR,SVR-02487,SVR SVR-02487,,
listings\12589317\details.txt,33,prefix_number,SVR,SVR-00308,SVR SVR-00308,,
listings\12589317\details.txt,34,prefix_number,SVR,SVR-00308,SVR SVR-00308,,
listings\12589317\details.txt,37,number_only,,31328,31328,,
listings\12589317\details.txt,38,number_only,,31328,31328,"Silver Ave, Tybee Island, GA",For our Savannah properties it
listings\12601985\details.txt,57,prefix_number,SVR,SVR-02381,SVR SVR-02381,,
listings\12601985\details.txt,58,prefix_number,SVR,SVR-02381,SVR SVR-02381,,
listings\12603978\details.txt,62,prefix_number,SVR,SVR-00442,SVR SVR-00442,,
listings\12603978\details.txt,63,prefix_number,SVR,SVR-00442,SVR SVR-00442,,
listings\12605764\details.txt,38,prefix_number,SVR,SVR-00482,SVR SVR-00482,,
listings\12605764\details.txt,39,prefix_number,SVR,SVR-00482,SVR SVR-00482,,
listings\12609454\details.txt,7,prefix_number,SVR,00777,SVR 00777,Riverfront. City of Savannah SVR,
listings\12609454\details.txt,8,prefix_number,SVR,00777,SVR 00777,City of Savannah SVR,
listings\1263028754583770899\details.txt,17,prefix_number,STVR,01234,STVR 01234,renters.Tybee Island STVR Permit No:,
listings\1263028754583770899\details.txt,18,prefix_number,STVR,01234,STVR 01234,renters.Tybee Island STVR Permit No:,
listings\1263028797544467331\details.txt,27,prefix_number,STVR,01032,STVR 01032,Tybee Island STVR Permit No:,
listings\1263028797544467331\details.txt,28,prefix_number,STVR,01032,STVR 01032,Tybee Island STVR Permit No:,
listings\1263028812685731751\details.txt,64,prefix_number,STVR,000160,STVR 000160,Tybee Island STVR Permit No:,
listings\1263028812685731751\details.txt,65,prefix_number,STVR,000160,STVR 000160,Tybee Island STVR Permit No:,
listings\1263028847773893536\details.txt,44,prefix_number,STVR,01028,STVR 01028,Tybee Island STVR Permit No:,
listings\1263028847773893536\details.txt,45,prefix_number,STVR,01028,STVR 01028,Tybee Island STVR Permit No:,
listings\1263029276270379583\details.txt,25,prefix_number,STVR,00037,STVR 00037,Tybee Island STVR Permit No:,
listings\1263029276270379583\details.txt,26,prefix_number,STVR,00037,STVR 00037,Tybee Island STVR Permit No:,
listings\1263029287020934439\details.txt,33,prefix_number,STVR,01030,STVR 01030,Tybee Island STVR Permit No:,
listings\1263029287020934439\details.txt,34,prefix_number,STVR,01030,STVR 01030,Tybee Island STVR Permit No:,
listings\1263029320898756112\details.txt,38,prefix_number,STVR,00890,STVR 00890,Tybee Island STVR Permit No:,
listings\1263029320898756112\details.txt,39,prefix_number,STVR,00890,STVR 00890,Tybee Island STVR Permit No:,
listings\1263029328543981466\details.txt,19,prefix_number,STVR,01029,STVR 01029,Tybee Island STVR Permit No:,
listings\1263029328543981466\details.txt,20,prefix_number,STVR,01029,STVR 01029,Tybee Island STVR Permit No:,
listings\1263029371236815455\details.txt,32,prefix_number,STVR,00015,STVR 00015,Tybee Island STVR Permit No:,
listings\1263029371236815455\details.txt,33,prefix_number,STVR,00015,STVR 00015,Tybee Island STVR Permit No:,
listings\1263029575792508215\details.txt,36,prefix_number,STVR,00014,STVR 00014,Tybee Island STVR Permit No:,
listings\1263029575792508215\details.txt,37,prefix_number,STVR,00014,STVR 00014,Tybee Island STVR Permit No:,
listings\1263029862737006343\details.txt,60,prefix_number,STVR,01239,STVR 01239,Tybee Island STVR Permit No:,
listings\1263029862737006343\details.txt,61,prefix_number,STVR,01239,STVR 01239,Tybee Island STVR Permit No:,
listings\1263029893734805337\details.txt,44,prefix_number,STVR,00009,STVR 00009,Tybee Island STVR Permit No:,
listings\1263029893734805337\details.txt,45,prefix_number,STVR,00009,STVR 00009,Tybee Island STVR Permit No:,
listings\1263156606921025171\details.txt,10,number_only,,31328,31328,,
listings\1263156606921025171\details.txt,11,number_only,,31328,31328,"Campbell Ave., Tybee Island, GA,",
listings\1263156606921025171\details.txt,35,prefix_number,STVR,STR2025-0732,STVR STR2025-0732,STVR License,
listings\1263156606921025171\details.txt,36,prefix_number,STVR,STR2025-0732,STVR STR2025-0732,STVR License,
listings\12651848\details.txt,62,prefix_number,SVR,SVR-00450,SVR SVR-00450,,
listings\12651848\details.txt,63,prefix_number,SVR,SVR-00450,SVR SVR-00450,,
listings\1268258251561540748\details.txt,34,prefix_number,STVR,STVR-03043,STVR STVR-03043,,
listings\1268258251561540748\details.txt,35,prefix_number,STVR,STVR-03043,STVR STVR-03043,,STVR-03044
listings\1268258251561540748\details.txt,35,prefix_number,STVR,STVR-03044,STVR STVR-03044,STVR-03043,
listings\1268258251561540748\details.txt,36,prefix_number,STVR,STVR-03044,STVR STVR-03044,,
listings\1268259263595912033\details.txt,31,prefix_number,STVR,STVR-03044,STVR STVR-03044,,
listings\1268259263595912033\details.txt,32,prefix_number,STVR,STVR-03044,STVR STVR-03044,,
listings\1268260432158835448\details.txt,31,prefix_number,STVR,STVR-03043,STVR STVR-03043,,
listings\1268260432158835448\details.txt,32,prefix_number,STVR,STVR-03043,STVR STVR-03043,,
listings\1269877076951783120\details.txt,25,prefix_number,SVR,03054,SVR 03054,SVR -,
listings\1269877076951783120\details.txt,26,prefix_number,SVR,03054,SVR 03054,SVR -,
listings\12699019\details.txt,25,prefix_number,SVR,SVR-01821,SVR SVR-01821,,
listings\12699019\details.txt,26,prefix_number,SVR,SVR-01821,SVR SVR-01821,,
listings\12699019\details.txt,69,prefix_number,SVR,SVR-01821,SVR SVR-01821,,
listings\12699019\details.txt,70,prefix_number,SVR,SVR-01821,SVR SVR-01821,,
listings\1270257849775099732\details.txt,9,prefix_number,SVR,SVR-03048,SVR SVR-03048,The space,
listings\1270257849775099732\details.txt,10,prefix_number,SVR,SVR-03048,SVR SVR-03048,,Step into this beautifully renovated
listings\12707051\details.txt,69,prefix_number,SVR,SVR-00322,SVR SVR-00322,,
listings\12707051\details.txt,70,prefix_number,SVR,SVR-00322,SVR SVR-00322,,
listings\12707747\details.txt,77,prefix_number,SVR,SVR-00509,SVR SVR-00509,,
listings\12707747\details.txt,78,prefix_number,SVR,SVR-00509,SVR SVR-00509,,
listings\1276412050635814888\details.txt,56,prefix_number,SVR,SVR-03006,SVR SVR-03006,,
listings\1276412050635814888\details.txt,57,prefix_number,SVR,SVR-03006,SVR SVR-03006,,
listings\12788995\details.txt,10,prefix_number,SVR,SVR-00113,SVR SVR-00113,,
listings\12788995\details.txt,11,prefix_number,SVR,SVR-00113,SVR SVR-00113,,
listings\1278950737923580073\details.txt,34,prefix_number,STVR,STVR-03050,STVR STVR-03050,,
listings\1278950737923580073\details.txt,35,prefix_number,STVR,STVR-03050,STVR STVR-03050,,STVR-03049
listings\1278950737923580073\details.txt,35,prefix_number,STVR,STVR-03049,STVR STVR-03049,STVR-03050,
listings\1278950737923580073\details.txt,36,prefix_number,STVR,STVR-03049,STVR STVR-03049,,
listings\1278950909018122137\details.txt,31,prefix_number,STVR,STVR-03049,STVR STVR-03049,,
listings\1278950909018122137\details.txt,32,prefix_number,STVR,STVR-03049,STVR STVR-03049,,
listings\1278951074001183281\details.txt,31,prefix_number,STVR,STVR-03050,STVR STVR-03050,,
listings\1278951074001183281\details.txt,32,prefix_number,STVR,STVR-03050,STVR STVR-03050,,
listings\1278955170773804240\details.txt,36,prefix_number,SVR,SVR-03056,SVR SVR-03056,,
listings\1278955170773804240\details.txt,37,prefix_number,SVR,SVR-03056,SVR SVR-03056,,
listings\1278991057763713945\details.txt,36,prefix_number,STVR,STVR-02405,STVR STVR-02405,,
listings\1278991057763713945\details.txt,37,prefix_number,STVR,STVR-02405,STVR STVR-02405,,
listings\1279660133700518281\details.txt,7,prefix_number,SVR,SVR-02637,SVR SVR-02637,now for an unforgettable stay!,
listings\1281757494215144098\details.txt,7,prefix_number,SVR,SVR-00390,SVR SVR-00390,stay. Short-Term Vacation Rental #,
listings\1281757494215144098\details.txt,8,prefix_number,SVR,SVR-00390,SVR SVR-00390,Short-Term Vacation Rental #,
listings\1282209314947442313\details.txt,15,prefix_number,STVR,02969,STVR 02969,(STVR) Certificate - SVR -,
listings\1282209314947442313\details.txt,16,prefix_number,STVR,02969,STVR 02969,(STVR) Certificate - SVR -,
listings\1283499371934518799\details.txt,15,prefix_number,SVR,SVR-03243,SVR SVR-03243,STVR Certificate:,
listings\1283499371934518799\details.txt,16,prefix_number,SVR,SVR-03243,SVR SVR-03243,STVR Certificate:,
listings\1283499372103579661\details.txt,15,prefix_number,SVR,SVR-01902,SVR SVR-01902,STVR CERTIFICATE:,
listings\1283499372103579661\details.txt,16,prefix_number,SVR,SVR-01902,SVR SVR-01902,STVR CERTIFICATE:,
listings\1287635611768191242\details.txt,29,prefix_number,SVR,SVR-01904,SVR SVR-01904,STVR Certificate:,
listings\1287635611768191242\details.txt,30,prefix_number,SVR,SVR-01904,SVR SVR-01904,STVR Certificate:,
listings\1287811486756469811\details.txt,17,prefix_number,STVR,00991,STVR 00991,Tybee Island STVR Permit No:,
listings\1287811486756469811\details.txt,18,prefix_number,STVR,00991,STVR 00991,Tybee Island STVR Permit No:,
listings\1289222108838117370\details.txt,39,prefix_number,SVR,SVR-03015,SVR SVR-03015,,
listings\1289222108838117370\details.txt,40,prefix_number,SVR,SVR-03015,SVR SVR-03015,,
listings\1289859514875843797\details.txt,35,prefix_number,SVR,SVR-01106,SVR SVR-01106,,
listings\1289859514875843797\details.txt,36,prefix_number,SVR,SVR-01106,SVR SVR-01106,,
listings\12905346\details.txt,7,prefix_number,SVR,SVR-00496,SVR SVR-00496,back porches). City of Savannah,
listings\12905346\details.txt,8,prefix_number,SVR,SVR-00496,SVR SVR-00496,City of Savannah,
listings\1290586562431428161\details.txt,32,prefix_number,SVR,SVR-01018,SVR SVR-01018,,
listings\1290586562431428161\details.txt,33,prefix_number,SVR,SVR-01018,SVR SVR-01018,,SVR-01019
listings\1290586562431428161\details.txt,33,prefix_number,SVR,SVR-01019,SVR SVR-01019,SVR-01018,
listings\1290586562431428161\details.txt,34,prefix_number,SVR,SVR-01019,SVR SVR-01019,,
listings\1290597812377507154\details.txt,27,prefix_number,SVR,00652,SVR 00652,SVR-,
listings\1290597812377507154\details.txt,28,prefix_number,SVR,00652,SVR 00652,SVR-,
listings\1291550831492901278\details.txt,92,prefix_number,STR,STR-025111,STR STR-025111,STR License #,
listings\1291550831492901278\details.txt,93,prefix_number,STR,STR-025111,STR STR-025111,STR License #,
listings\1295291693862552867\details.txt,21,prefix_number,SVR,SVR-03064,SVR SVR-03064,our STVR permit number is,
listings\1295291693862552867\details.txt,22,prefix_number,SVR,SVR-03064,SVR SVR-03064,our STVR permit number is,
listings\1295292795480624177\details.txt,34,prefix_number,SVR,SVR-03067,SVR SVR-03067,"in Savannah, Georgia. STVR Permit:",
listings\1295292795480624177\details.txt,35,prefix_number,SVR,SVR-03067,SVR SVR-03067,"in Savannah, Georgia. STVR Permit:",
listings\1297971885732600394\details.txt,12,prefix_number,SVR,SVR-00392,SVR SVR-00392,Short-Term Vacation Rental #,
listings\1297971885732600394\details.txt,13,prefix_number,SVR,SVR-00392,SVR SVR-00392,Short-Term Vacation Rental #,
listings\1305077273378933405\details.txt,31,prefix_number,SVR,SVR-03086,SVR SVR-03086,,
listings\1305077273378933405\details.txt,32,prefix_number,SVR,SVR-03086,SVR SVR-03086,,
listings\1305078151242619109\details.txt,32,prefix_number,SVR,SVR-03086,SVR SVR-03086,,
listings\1305078151242619109\details.txt,33,prefix_number,SVR,SVR-03086,SVR SVR-03086,,SVR-03087
listings\1305078151242619109\details.txt,33,prefix_number,SVR,SVR-03087,SVR SVR-03087,SVR-03086,
listings\1305078151242619109\details.txt,34,prefix_number,SVR,SVR-03087,SVR SVR-03087,,
listings\1305078719251661172\details.txt,30,prefix_number,SVR,SVR-03088,SVR SVR-03088,,
listings\1305078719251661172\details.txt,31,prefix_number,SVR,SVR-03088,SVR SVR-03088,,
listings\1305079293855509406\details.txt,29,prefix_number,SVR,SVR-03088,SVR SVR-03088,,
listings\1305079293855509406\details.txt,30,prefix_number,SVR,SVR-03088,SVR SVR-03088,,
listings\1305081556551904411\details.txt,30,prefix_number,SVR,SVR-03087,SVR SVR-03087,,
listings\1305081556551904411\details.txt,31,prefix_number,SVR,SVR-03087,SVR SVR-03087,,
listings\1306529245563380220\details.txt,9,prefix_number,SVR,SVR-00391,SVR SVR-00391,families. Short-Term Vacation Rental #,
listings\1306529245563380220\details.txt,10,prefix_number,SVR,SVR-00391,SVR SVR-00391,Short-Term Vacation Rental #,
listings\13097551\details.txt,55,prefix_number,SVR,SVR-02201,SVR SVR-02201,,
listings\13097551\details.txt,56,prefix_number,SVR,SVR-02201,SVR SVR-02201,,
listings\13097971\details.txt,57,prefix_number,SVR,SVR-00499,SVR SVR-00499,,
listings\13097971\details.txt,58,prefix_number,SVR,SVR-00499,SVR SVR-00499,,
listings\1313196737330598593\details.txt,99,number_only,,STR2024-00005,STR2024-00005,,
listings\1313196737330598593\details.txt,100,number_only,,STR2024-00005,STR2024-00005,PERMIT:,
listings\1319002480607155826\details.txt,31,prefix_number,STVR,STVR-02832,STVR STVR-02832,,
listings\1319002480607155826\details.txt,32,prefix_number,STVR,STVR-02832,STVR STVR-02832,,STVR-02833
listings\1319002480607155826\details.txt,32,prefix_number,STVR,STVR-02833,STVR STVR-02833,STVR-02832,
listings\1319002480607155826\details.txt,33,prefix_number,STVR,STVR-02833,STVR STVR-02833,,
listings\1319004814887354558\details.txt,29,prefix_number,STVR,STVR-02833,STVR STVR-02833,,
listings\1319004814887354558\details.txt,30,prefix_number,STVR,STVR-02833,STVR STVR-02833,,
listings\1319005288599474985\details.txt,30,prefix_number,STVR,STVR-02832,STVR STVR-02832,,
listings\1319005288599474985\details.txt,31,prefix_number,STVR,STVR-02832,STVR STVR-02832,,
listings\13221445\details.txt,31,prefix_number,SVR,SVR-00178,SVR SVR-00178,,
listings\13221445\details.txt,32,prefix_number,SVR,SVR-00178,SVR SVR-00178,,
listings\13222663\details.txt,43,prefix_number,SVR,SVR-02457,SVR SVR-02457,,
listings\13222663\details.txt,44,prefix_number,SVR,SVR-02457,SVR SVR-02457,,
listings\13235258\details.txt,40,number_only,,STR2021-00215,STR2021-00215,,
listings\13235258\details.txt,41,number_only,,STR2021-00215,STR2021-00215,,
listings\13235606\details.txt,8,prefix_number,SVR,SVR-02458,SVR SVR-02458,,
listings\13235606\details.txt,9,prefix_number,SVR,SVR-02458,SVR SVR-02458,,
listings\13247928\details.txt,39,prefix_number,SVR,SVR-02459,SVR SVR-02459,,
listings\13247928\details.txt,40,prefix_number,SVR,SVR-02459,SVR SVR-02459,,
listings\1325516940383642923\details.txt,8,prefix_number,SVR,SVR-2277,SVR SVR-2277,,
listings\1325516940383642923\details.txt,9,prefix_number,SVR,SVR-2277,SVR SVR-2277,,
listings\1329742645835649810\details.txt,31,number_only,,STR2026-0934,STR2026-0934,,
listings\1329742645835649810\details.txt,32,number_only,,STR2026-0934,STR2026-0934,,
listings\1329855616115462909\details.txt,19,prefix_number,SVR,SVR-02658,SVR SVR-02658,Well maintained with modern amenities.,and SVR-02573
listings\1329855616115462909\details.txt,19,prefix_number,SVR,SVR-02573,SVR SVR-02573,with modern amenities. SVR-02658 and,
listings\1329855616115462909\details.txt,20,prefix_number,SVR,SVR-02658,SVR SVR-02658,Well maintained with modern amenities.,and SVR-02573
listings\1329855616115462909\details.txt,20,prefix_number,SVR,SVR-02573,SVR SVR-02573,with modern amenities. SVR-02658 and,
listings\1333355951002452280\details.txt,23,prefix_number,STVR,025184,STVR 025184,STVR permit number is STR,
listings\1333355951002452280\details.txt,24,prefix_number,STVR,025184,STVR 025184,STVR permit number is STR,
listings\1333480278753868842\details.txt,23,prefix_number,SVR,SVR-02208,SVR SVR-02208,,& SVR-02209
listings\1333480278753868842\details.txt,23,prefix_number,SVR,SVR-02209,SVR SVR-02209,SVR-02208 &,
listings\1333480278753868842\details.txt,24,prefix_number,SVR,SVR-02208,SVR SVR-02208,,& SVR-02209
listings\1333480278753868842\details.txt,24,prefix_number,SVR,SVR-02209,SVR SVR-02209,SVR-02208 &,
listings\1334784726480619157\details.txt,38,prefix_number,SVR,SVR-02744,SVR SVR-02744,Short-Term Vacation Rental Permit #:,
listings\1334784726480619157\details.txt,39,prefix_number,SVR,SVR-02744,SVR SVR-02744,Short-Term Vacation Rental Permit #:,
listings\1334794709869897594\details.txt,29,prefix_number,SVR,SVR-02745,SVR SVR-02745,City of Savannah STVR#,
listings\1334794709869897594\details.txt,30,prefix_number,SVR,SVR-02745,SVR SVR-02745,City of Savannah STVR#,
listings\1334794709869897594\details.txt,41,prefix_number,SVR,SVR-02745,SVR SVR-02745,Number: City of Savannah STVR#,
listings\1334794709869897594\details.txt,42,prefix_number,SVR,SVR-02745,SVR SVR-02745,Number: City of Savannah STVR#,
listings\1337767959182960699\details.txt,8,prefix_number,SVR,SVR-02276,SVR SVR-02276,,& 02277
listings\1337767959182960699\details.txt,8,prefix_number,SVR,02277,SVR 02277,SVR-02276 &,
listings\1337767959182960699\details.txt,9,prefix_number,SVR,SVR-02276,SVR SVR-02276,,& 02277
listings\1337767959182960699\details.txt,9,prefix_number,SVR,02277,SVR 02277,SVR-02276 &,
listings\1338436116589219127\details.txt,34,prefix_number,STVR,STR2025-0728,STVR STR2025-0728,STVR License#,
listings\1338436116589219127\details.txt,35,prefix_number,STVR,STR2025-0728,STVR STR2025-0728,STVR License#,
listings\1339149665464626100\details.txt,37,number_only,,STR2024-00010,STR2024-00010,,
listings\1339149665464626100\details.txt,38,number_only,,STR2024-00010,STR2024-00010,,
listings\1339150605498223635\details.txt,45,prefix_number,STVR,STVR-02542,STVR STVR-02542,,
listings\1339150605498223635\details.txt,46,prefix_number,STVR,STVR-02542,STVR STVR-02542,,STVR-02541
listings\1339150605498223635\details.txt,46,prefix_number,STVR,STVR-02541,STVR STVR-02541,STVR-02542,
listings\1339150605498223635\details.txt,47,prefix_number,STVR,STVR-02541,STVR STVR-02541,,STVR-02543
listings\1339150605498223635\details.txt,47,prefix_number,STVR,STVR-02543,STVR STVR-02543,STVR-02541,
listings\1339150605498223635\details.txt,48,prefix_number,STVR,STVR-02543,STVR STVR-02543,,
listings\1339151516685910361\details.txt,31,prefix_number,STVR,STVR-02542,STVR STVR-02542,,
listings\1339151516685910361\details.txt,32,prefix_number,STVR,STVR-02542,STVR STVR-02542,,
listings\1339154388068658885\details.txt,38,prefix_number,STVR,STVR-02542,STVR STVR-02542,,
listings\1339154388068658885\details.txt,39,prefix_number,STVR,STVR-02542,STVR STVR-02542,,STVR-02541
listings\1339154388068658885\details.txt,39,prefix_number,STVR,STVR-02541,STVR STVR-02541,STVR-02542,
listings\1339154388068658885\details.txt,40,prefix_number,STVR,STVR-02541,STVR STVR-02541,,
listings\1339160027354345342\details.txt,30,prefix_number,SVR,SVR-03052,SVR SVR-03052,,
listings\1339160027354345342\details.txt,31,prefix_number,SVR,SVR-03052,SVR SVR-03052,,
listings\1339205397075939490\details.txt,28,prefix_number,STVR,STVR-02543,STVR STVR-02543,,
listings\1339205397075939490\details.txt,29,prefix_number,STVR,STVR-02543,STVR STVR-02543,,
listings\13396492\details.txt,28,prefix_number,SVR,SVR-00557,SVR SVR-00557,Our STVR permit number is,
listings\13396492\details.txt,29,prefix_number,SVR,SVR-00557,SVR SVR-00557,,
listings\13396492\details.txt,38,prefix_number,SVR,SVR-00557,SVR SVR-00557,Our STVR permit number is,
listings\13396492\details.txt,39,prefix_number,SVR,SVR-00557,SVR SVR-00557,,
listings\1339959949012710847\details.txt,29,prefix_number,SVR,SVR-03093,SVR SVR-03093,Short-Term Vacation Rental Certificate,
listings\1339959949012710847\details.txt,30,prefix_number,SVR,SVR-03093,SVR SVR-03093,Short-Term Vacation Rental Certificate,
listings\1339959949012710847\details.txt,34,prefix_number,SVR,SVR-03093,SVR SVR-03093,Short-Term Vacation Rental Certificate,
listings\1339959949012710847\details.txt,35,prefix_number,SVR,SVR-03093,SVR SVR-03093,Short-Term Vacation Rental Certificate,
listings\1339966719579171301\details.txt,21,prefix_number,SVR,SVR-03094,SVR SVR-03094,Short-Term Vacation Rental Certificate,
listings\1339966719579171301\details.txt,22,prefix_number,SVR,SVR-03094,SVR SVR-03094,Short-Term Vacation Rental Certificate,
listings\1339966719579171301\details.txt,26,prefix_number,SVR,SVR-03094,SVR SVR-03094,Short-Term Vacation Rental Certificate,
listings\1339966719579171301\details.txt,27,prefix_number,SVR,SVR-03094,SVR SVR-03094,Short-Term Vacation Rental Certificate,
listings\1339971380284343828\details.txt,27,prefix_number,SVR,SVR-03096,SVR SVR-03096,Short-Term Vacation Rental Certificate,
listings\1339971380284343828\details.txt,28,prefix_number,SVR,SVR-03096,SVR SVR-03096,Short-Term Vacation Rental Certificate,
listings\1339971380284343828\details.txt,32,prefix_number,SVR,SVR-03096,SVR SVR-03096,Short-Term Vacation Rental Certificate,
listings\1339971380284343828\details.txt,33,prefix_number,SVR,SVR-03096,SVR SVR-03096,Short-Term Vacation Rental Certificate,
listings\1339981118526067844\details.txt,27,prefix_number,SVR,SVR-03095,SVR SVR-03095,Short-Term Vacation Rental Certificate,
listings\1339981118526067844\details.txt,28,prefix_number,SVR,SVR-03095,SVR SVR-03095,Short-Term Vacation Rental Certificate,
listings\1339981118526067844\details.txt,32,prefix_number,SVR,SVR-03095,SVR SVR-03095,Short-Term Vacation Rental Certificate,
listings\1339981118526067844\details.txt,33,prefix_number,SVR,SVR-03095,SVR SVR-03095,Short-Term Vacation Rental Certificate,
listings\1340052095977966500\details.txt,62,prefix_number,LICENSE,01361,license 01361,you. Tybee vacation rental license,
listings\1340052095977966500\details.txt,63,prefix_number,LICENSE,01361,license 01361,Tybee vacation rental license,
listings\1341358521767293932\details.txt,23,prefix_number,STVR,STR2025-0747,STVR STR2025-0747,STVR License #,
listings\1341358521767293932\details.txt,24,prefix_number,STVR,STR2025-0747,STVR STR2025-0747,STVR License #,
listings\1343086440111533831\details.txt,10,prefix_number,STVR,02859,STVR 02859,Savannah STVR Permit #,
listings\1343086440111533831\details.txt,11,prefix_number,STVR,02859,STVR 02859,Savannah STVR Permit #,
listings\1343771560522661791\details.txt,24,number_only,,31407,31407,,
listings\1343771560522661791\details.txt,25,number_only,,31407,31407,"Port Wentworth, GA",
listings\1345307853074582311\details.txt,62,prefix_number,SVR,SVR-03079,SVR SVR-03079,Savannah,
listings\1345307853074582311\details.txt,63,prefix_number,SVR,SVR-03079,SVR SVR-03079,Savannah,
listings\1345423347644762845\details.txt,63,prefix_number,SVR,SVR-03079,SVR SVR-03079,Savannah,
listings\1345423347644762845\details.txt,64,prefix_number,SVR,SVR-03079,SVR SVR-03079,Savannah,
listings\13466272\details.txt,12,prefix_number,SVR,SVR-00776,SVR SVR-00776,City of Savannah,
listings\13466272\details.txt,13,prefix_number,SVR,SVR-00776,SVR SVR-00776,City of Savannah,
listings\1350300262399915925\details.txt,82,prefix_number,STR,STR-025625,STR STR-025625,,
listings\1350300262399915925\details.txt,83,prefix_number,STR,STR-025625,STR STR-025625,,
listings\1351000440289022963\details.txt,7,prefix_number,SVR,SVR-02637,SVR SVR-02637,the heart of it all!,
listings\1351000440289022963\details.txt,8,prefix_number,SVR,SVR-02637,SVR SVR-02637,,
listings\1351458015217135846\details.txt,25,prefix_number,SVR,SVR-03132,SVR SVR-03132,,
listings\1351458015217135846\details.txt,26,prefix_number,SVR,SVR-03132,SVR SVR-03132,,
listings\1351458644834501910\details.txt,28,prefix_number,SVR,SVR-00193,SVR SVR-00193,,
listings\1351458644834501910\details.txt,29,prefix_number,SVR,SVR-00193,SVR SVR-00193,,
listings\1353805032611046301\details.txt,32,prefix_number,SVR,SVR-01990,SVR SVR-01990,,
listings\1353805032611046301\details.txt,33,prefix_number,SVR,SVR-01990,SVR SVR-01990,,
listings\1353837997746135313\details.txt,45,prefix_number,SVR,SVR-03091,SVR SVR-03091,Short Term Vacation Rental Certificate:,
listings\1353837997746135313\details.txt,46,prefix_number,SVR,SVR-03091,SVR SVR-03091,Short Term Vacation Rental Certificate:,
listings\1354422942807545367\details.txt,8,prefix_number,SVR,SVR-02490,SVR SVR-02490,,"02491, 02492"
listings\1354422942807545367\details.txt,8,prefix_number,SVR,02491,SVR 02491,"SVR-02490,",02492
listings\1354422942807545367\details.txt,8,prefix_number,SVR,02492,SVR 02492,"SVR-02490, 02491,",
listings\1354422942807545367\details.txt,9,prefix_number,SVR,SVR-02490,SVR SVR-02490,,"02491, 02492"
listings\1354422942807545367\details.txt,9,prefix_number,SVR,02491,SVR 02491,"SVR-02490,",02492
listings\1354422942807545367\details.txt,9,prefix_number,SVR,02492,SVR 02492,"SVR-02490, 02491,",
listings\1356656082462973293\details.txt,21,prefix_number,SVR,SVR-00968,SVR SVR-00968,,
listings\1356656082462973293\details.txt,22,prefix_number,SVR,SVR-00968,SVR SVR-00968,,
listings\1356725069422792467\details.txt,25,prefix_number,STVR,STVR-02541,STVR STVR-02541,,
listings\1356725069422792467\details.txt,26,prefix_number,STVR,STVR-02541,STVR STVR-02541,,
listings\1356735224258906072\details.txt,23,prefix_number,SVR,SVR-00968,SVR SVR-00968,,
listings\1356735224258906072\details.txt,24,prefix_number,SVR,SVR-00968,SVR SVR-00968,,
listings\1356736142933832517\details.txt,39,prefix_number,SVR,SVR-03082,SVR SVR-03082,,
listings\1356736142933832517\details.txt,40,prefix_number,SVR,SVR-03082,SVR SVR-03082,,
listings\13613977\details.txt,30,prefix_number,STVR,STR2025-0594,STVR STR2025-0594,Term Vacation Rental (STVR) Permit,
listings\13613977\details.txt,31,prefix_number,STVR,STR2025-0594,STVR STR2025-0594,Term Vacation Rental (STVR) Permit,
listings\1362332109988136400\details.txt,7,prefix_number,SVR,SVR-03110,SVR SVR-03110,a touch of Southern charm.,
listings\1362332109988136400\details.txt,8,prefix_number,SVR,SVR-03110,SVR SVR-03110,,
listings\1363804103349521503\details.txt,8,prefix_number,SVR,SVR-02827,SVR SVR-02827,,
listings\1363804103349521503\details.txt,9,prefix_number,SVR,SVR-02827,SVR SVR-02827,,
listings\1365126484264080404\details.txt,13,prefix_number,SVR,SVR-02922,SVR SVR-02922,,
listings\1365126484264080404\details.txt,14,prefix_number,SVR,SVR-02922,SVR SVR-02922,,
listings\1365381865714313974\details.txt,8,prefix_number,SVR,SVR-01489,SVR SVR-01489,the city's charm on foot!,
listings\1365381865714313974\details.txt,9,prefix_number,SVR,SVR-01489,SVR SVR-01489,,
listings\13668691\details.txt,28,prefix_number,STVR,STR2026-1286,STVR STR2026-1286,Term Vacation Rental (STVR) Permit,
listings\13668691\details.txt,29,prefix_number,STVR,STR2026-1286,STVR STR2026-1286,Term Vacation Rental (STVR) Permit,
listings\1370971370742223429\details.txt,13,prefix_number,SVR,SVR-02922,SVR SVR-02922,,/ SVR-02923
listings\1370971370742223429\details.txt,13,prefix_number,SVR,SVR-02923,SVR SVR-02923,SVR-02922 /,
listings\1370971370742223429\details.txt,14,prefix_number,SVR,SVR-02922,SVR SVR-02922,,/ SVR-02923
listings\1370971370742223429\details.txt,14,prefix_number,SVR,SVR-02923,SVR SVR-02923,SVR-02922 /,
listings\1371537033574145928\details.txt,42,prefix_number,SVR,03193,SVR 03193,SVR -,
listings\1371537033574145928\details.txt,43,prefix_number,SVR,03193,SVR 03193,SVR -,
listings\13715585\details.txt,7,number_only,,00580,00580,with the City of Savannah:,
listings\1375126261445281578\details.txt,59,prefix_number,STR,STR-025429,STR STR-025429,-STVR license,
listings\1375126261445281578\details.txt,60,prefix_number,STR,STR-025429,STR STR-025429,-STVR license,
listings\1375293652227290001\details.txt,41,prefix_number,SVR,SVR-01987,SVR SVR-01987,,
listings\1375293652227290001\details.txt,42,prefix_number,SVR,SVR-01987,SVR SVR-01987,,SVR-01988
listings\1375293652227290001\details.txt,42,prefix_number,SVR,SVR-01988,SVR SVR-01988,SVR-01987,
listings\1375293652227290001\details.txt,43,prefix_number,SVR,SVR-01988,SVR SVR-01988,,SVR-01989
listings\1375293652227290001\details.txt,43,prefix_number,SVR,SVR-01989,SVR SVR-01989,SVR-01988,
listings\1375293652227290001\details.txt,44,prefix_number,SVR,SVR-01989,SVR SVR-01989,,
listings\1375295391947355330\details.txt,30,prefix_number,SVR,SVR-00451,SVR SVR-00451,,
listings\1375295391947355330\details.txt,31,prefix_number,SVR,SVR-00451,SVR SVR-00451,,
listings\1376756361241599882\details.txt,39,prefix_number,SVR,SVR-03115,SVR SVR-03115,,
listings\1376756361241599882\details.txt,40,prefix_number,SVR,SVR-03115,SVR SVR-03115,,
listings\1376915081585059540\details.txt,7,prefix_number,SVR,SVR-03131,SVR SVR-03131,,Welcome to The Darling House
listings\1382605345199687967\details.txt,27,prefix_number,STVR,STR2025-1123,STVR STR2025-1123,Term Vacation Rental (STVR) Permit,
listings\1382605345199687967\details.txt,28,prefix_number,STVR,STR2025-1123,STVR STR2025-1123,Term Vacation Rental (STVR) Permit,
listings\1385001711217687163\details.txt,18,prefix_number,SVR,SVR-02978,SVR SVR-02978,,
listings\1385001711217687163\details.txt,19,prefix_number,SVR,SVR-02978,SVR SVR-02978,,SVR-02961
listings\1385001711217687163\details.txt,19,prefix_number,SVR,SVR-02961,SVR SVR-02961,SVR-02978,
listings\1385001711217687163\details.txt,20,prefix_number,SVR,SVR-02961,SVR SVR-02961,,
listings\1386218004412866351\details.txt,73,prefix_number,SVR,SVR-02048,SVR SVR-02048,,
listings\1386218004412866351\details.txt,74,prefix_number,SVR,SVR-02048,SVR SVR-02048,,
listings\1386218027700011150\details.txt,68,prefix_number,SVR,SVR-02553,SVR SVR-02553,,
listings\1386218027700011150\details.txt,69,prefix_number,SVR,SVR-02553,SVR SVR-02553,,
listings\1389261973774714056\details.txt,17,prefix_number,STR,007396,STR 007396,STR #,
listings\1389261973774714056\details.txt,18,prefix_number,STR,007396,STR 007396,STR #,
listings\1389457489196061517\details.txt,47,prefix_number,SVR,SVR-02530,SVR SVR-02530,,
listings\1389457489196061517\details.txt,48,prefix_number,SVR,SVR-02530,SVR SVR-02530,,
listings\13898256\details.txt,8,prefix_number,LICENSE,022918,License 022918,County License No. OTC -,
listings\13898256\details.txt,9,prefix_number,LICENSE,022918,License 022918,County License No. OTC -,
listings\1390098549434040908\details.txt,19,prefix_number,SVR,SVR-03118,SVR SVR-03118,Permit License Number:,
listings\1390098549434040908\details.txt,20,prefix_number,SVR,SVR-03118,SVR SVR-03118,Permit License Number:,
listings\1390159949564054423\details.txt,19,prefix_number,SVR,SVR-03119,SVR SVR-03119,License Permit Number:,
listings\1390159949564054423\details.txt,20,prefix_number,SVR,SVR-03119,SVR SVR-03119,License Permit Number:,
listings\1390189254896817012\details.txt,19,prefix_number,SVR,SVR-03120,SVR SVR-03120,Permit License Number:,
listings\1390189254896817012\details.txt,20,prefix_number,SVR,SVR-03120,SVR SVR-03120,Permit License Number:,
listings\13969250\details.txt,56,prefix_number,SVR,SVR-00649,SVR SVR-00649,,
listings\13969250\details.txt,57,prefix_number,SVR,SVR-00649,SVR SVR-00649,,
listings\1398055089294805923\details.txt,22,prefix_number,SVR,SVR-03117,SVR SVR-03117,The space,
listings\1398055089294805923\details.txt,23,prefix_number,SVR,SVR-03117,SVR SVR-03117,,
listings\1401462518313396760\details.txt,29,prefix_number,SVR,SVR-03000,SVR SVR-03000,,
listings\1401462518313396760\details.txt,30,prefix_number,SVR,SVR-03000,SVR SVR-03000,,
listings\1405991522354110343\details.txt,17,prefix_number,SVR,SVR-00593,SVR SVR-00593,,
listings\1405991522354110343\details.txt,18,prefix_number,SVR,SVR-00593,SVR SVR-00593,,
listings\1410857174924367769\details.txt,99,prefix_number,SVR,SVR-00703,SVR SVR-00703,,
listings\1410857174924367769\details.txt,100,prefix_number,SVR,SVR-00703,SVR SVR-00703,,
listings\1412401787083367408\details.txt,64,prefix_number,SVR,SVR-02245,SVR SVR-02245,,
listings\1412401787083367408\details.txt,65,prefix_number,SVR,SVR-02245,SVR SVR-02245,,
listings\14147678\details.txt,10,prefix_number,SVR,SVR-00560,SVR SVR-00560,City of Savannah,
listings\14147678\details.txt,11,prefix_number,SVR,SVR-00560,SVR SVR-00560,City of Savannah,
listings\1417504113845638769\details.txt,117,number_only,,STR2024-00005,STR2024-00005,,
listings\1417504113845638769\details.txt,118,number_only,,STR2024-00005,STR2024-00005,PERMIT:,
listings\1417505414886317169\details.txt,88,prefix_number,SVR,SVR-02659,SVR SVR-02659,,
listings\1417505414886317169\details.txt,89,prefix_number,SVR,SVR-02659,SVR SVR-02659,,
listings\14182424\details.txt,21,prefix_number,SVR,SVR-01173,SVR SVR-01173,,
listings\14182424\details.txt,22,prefix_number,SVR,SVR-01173,SVR SVR-01173,,
listings\1427192348286732408\details.txt,36,prefix_number,SVR,SVR-02823,SVR SVR-02823,,
listings\1427192348286732408\details.txt,37,prefix_number,SVR,SVR-02823,SVR SVR-02823,,
listings\1427712140192420253\details.txt,7,prefix_number,SVR,SVR-02904,SVR SVR-02904,in a private rear driveway.,
listings\1427712140192420253\details.txt,8,prefix_number,SVR,SVR-02904,SVR SVR-02904,,
listings\1427712504780025935\details.txt,7,prefix_number,SVR,SVR-02905,SVR SVR-02905,from your elevated Savannah sanctuary.,
listings\1427766458891846993\details.txt,7,prefix_number,SVR,SVR-02831,SVR SVR-02831,for a truly memorable stay.,
listings\1427766458891846993\details.txt,8,prefix_number,SVR,SVR-02831,SVR SVR-02831,,
listings\14300439\details.txt,17,number_only,,488360,488360,,
listings\14300439\details.txt,18,number_only,,488360,488360,2010. Please check out unit,on the other major site
listings\14332720\details.txt,15,number_only,,490294,490294,,
listings\14332720\details.txt,16,number_only,,490294,490294,2010. Please check out unit,on the other major site
listings\1433372238733894642\details.txt,87,prefix_number,STR,STR-025613,STR STR-025613,legal Short Term Rental. Permit,
listings\1433372238733894642\details.txt,88,prefix_number,STR,STR-025613,STR STR-025613,legal Short Term Rental. Permit,
listings\1437788072097141264\details.txt,28,number_only,,STR2026-1278,STR2026-1278,,
listings\1437788072097141264\details.txt,29,number_only,,STR2026-1278,STR2026-1278,,
listings\1440673208792533240\details.txt,59,prefix_number,SVR,SVR-03137,SVR SVR-03137,,
listings\1440673208792533240\details.txt,60,prefix_number,SVR,SVR-03137,SVR SVR-03137,,
listings\1444979039173730234\details.txt,17,prefix_number,OTC,OTC-024418,OTC OTC-024418,,
listings\1444979039173730234\details.txt,18,prefix_number,OTC,OTC-024418,OTC OTC-024418,,
listings\1444979039173730234\details.txt,27,prefix_number,OTC,OTC-024418,OTC OTC-024418,,
listings\1444979039173730234\details.txt,28,prefix_number,OTC,OTC-024418,OTC OTC-024418,,
listings\1447139316011651587\details.txt,36,prefix_number,SVR,SVR-02782,SVR SVR-02782,,
listings\1447139316011651587\details.txt,37,prefix_number,SVR,SVR-02782,SVR SVR-02782,,
listings\1447331076737864681\details.txt,7,prefix_number,SVR,SVR-02904,SVR SVR-02904,heart of the Historic District.,+ SVR-02905
listings\1447331076737864681\details.txt,7,prefix_number,SVR,SVR-02905,SVR SVR-02905,the Historic District. SVR-02904 +,
listings\1450332730516799550\details.txt,27,prefix_number,SVR,SVR-03139,SVR SVR-03139,SVR Certificate #,
listings\1450332730516799550\details.txt,28,prefix_number,SVR,SVR-03139,SVR SVR-03139,SVR Certificate #,
listings\1453075316037110634\details.txt,80,prefix_number,SVR,SVR-03124,SVR SVR-03124,,
listings\1453075316037110634\details.txt,81,prefix_number,SVR,SVR-03124,SVR SVR-03124,,
listings\1455301064350559560\details.txt,58,prefix_number,SVR,SVR-03137,SVR SVR-03137,,
listings\1455301064350559560\details.txt,59,prefix_number,SVR,SVR-03137,SVR SVR-03137,,
listings\1457608249289665663\details.txt,21,prefix_number,SVR,SVR-03134,SVR SVR-03134,,
listings\1457608249289665663\details.txt,22,prefix_number,SVR,SVR-03134,SVR SVR-03134,,
listings\1461530802802503735\details.txt,18,prefix_number,SVR,SVR-02667,SVR SVR-02667,,
listings\1461530802802503735\details.txt,19,prefix_number,SVR,SVR-02667,SVR SVR-02667,,
listings\1461530839696748772\details.txt,30,prefix_number,SVR,SVR-02668,SVR SVR-02668,,
listings\1461530839696748772\details.txt,31,prefix_number,SVR,SVR-02668,SVR SVR-02668,,
listings\14651476\details.txt,7,prefix_number,SVR,00852,SVR 00852,parking. Pets are welcome. SVR,
listings\1468252738066763760\details.txt,7,prefix_number,SVR,SVR-02637,SVR SVR-02637,character with an unbeatable location.,
listings\1468252738066763760\details.txt,8,prefix_number,SVR,SVR-02637,SVR SVR-02637,,
listings\1468361529810034829\details.txt,58,prefix_number,SVR,SVR-03137,SVR SVR-03137,,
listings\1468361529810034829\details.txt,59,prefix_number,SVR,SVR-03137,SVR SVR-03137,,
listings\1468378309039478927\details.txt,60,prefix_number,SVR,SVR-03137,SVR SVR-03137,,
listings\1468378309039478927\details.txt,61,prefix_number,SVR,SVR-03137,SVR SVR-03137,,
listings\1480401934842484608\details.txt,30,prefix_number,SVR,SVR-00752,SVR SVR-00752,,
listings\1480401934842484608\details.txt,31,prefix_number,SVR,SVR-00752,SVR SVR-00752,,
listings\1481163288332011685\details.txt,23,prefix_number,SVR,SVR-02799,SVR SVR-02799,Our STVR permit number is,
listings\1481163288332011685\details.txt,24,prefix_number,SVR,SVR-02799,SVR SVR-02799,Our STVR permit number is,
listings\1481884803615680939\details.txt,42,prefix_number,SVR,03194,SVR 03194,SVR -,
listings\1481884803615680939\details.txt,43,prefix_number,SVR,03194,SVR 03194,SVR -,
listings\1481928869470416161\details.txt,44,prefix_number,SVR,03193,SVR 03193,SVR -,/ 03194
listings\1481928869470416161\details.txt,44,prefix_number,SVR,03194,SVR 03194,SVR - 03193 /,
listings\1481928869470416161\details.txt,45,prefix_number,SVR,03193,SVR 03193,SVR -,/ 03194
listings\1481928869470416161\details.txt,45,prefix_number,SVR,03194,SVR 03194,SVR - 03193 /,
listings\1482762441689433708\details.txt,60,prefix_number,SVR,SVR-03137,SVR SVR-03137,,
listings\1482762441689433708\details.txt,61,prefix_number,SVR,SVR-03137,SVR SVR-03137,,
listings\1484224196940153165\details.txt,7,number_only,,31328,31328,"6th Ave, Tybee Island, GA",
listings\1484224196940153165\details.txt,11,number_only,,31328,31328,,
listings\1484224196940153165\details.txt,12,number_only,,31328,31328,"6th Ave, Tybee Island, GA",
listings\1484330705156455398\details.txt,17,number_only,,31328,31328,,
listings\1484330705156455398\details.txt,18,number_only,,31328,31328,"Miller Ave, Tybee Island, GA,",PLEASE NOTE *** if you
listings\1485451121466151234\details.txt,30,prefix_number,SVR,SVR-02804,SVR SVR-02804,,
listings\1485451121466151234\details.txt,31,prefix_number,SVR,SVR-02804,SVR SVR-02804,,
listings\1485613512770816291\details.txt,60,prefix_number,SVR,SVR-03137,SVR SVR-03137,,
listings\1485613512770816291\details.txt,61,prefix_number,SVR,SVR-03137,SVR SVR-03137,,
listings\1485721967017371605\details.txt,8,prefix_number,SVR,SVR-03148,SVR SVR-03148,,
listings\1485721967017371605\details.txt,9,prefix_number,SVR,SVR-03148,SVR SVR-03148,,
listings\1496482489409388919\details.txt,70,prefix_number,SVR,SVR-03146,SVR SVR-03146,,| This property does not
listings\1496482489409388919\details.txt,71,prefix_number,SVR,SVR-03146,SVR SVR-03146,,| This property does not
listings\1497091805764349207\details.txt,131,prefix_number,SVR,SVR-03027,SVR SVR-03027,SVTR License #,
listings\1497091805764349207\details.txt,132,prefix_number,SVR,SVR-03027,SVR SVR-03027,SVTR License #,
listings\1497224739392505471\details.txt,30,prefix_number,SVR,SVR-00753,SVR SVR-00753,,
listings\1497224739392505471\details.txt,31,prefix_number,SVR,SVR-00753,SVR SVR-00753,,
listings\1497293080003511975\details.txt,23,prefix_number,SVR,SVR-02800,SVR SVR-02800,Our STVR permit number is,
listings\1497293080003511975\details.txt,24,prefix_number,SVR,SVR-02800,SVR SVR-02800,Our STVR permit number is,
listings\1498749082025797825\details.txt,8,prefix_number,SVR,SVR-03156,SVR SVR-03156,,and 01793
listings\1498749082025797825\details.txt,8,prefix_number,SVR,01793,SVR 01793,SVR-03156 and,
listings\1498749082025797825\details.txt,9,prefix_number,SVR,SVR-03156,SVR SVR-03156,,and 01793
listings\1498749082025797825\details.txt,9,prefix_number,SVR,01793,SVR 01793,SVR-03156 and,
listings\1500892772383553949\details.txt,33,prefix_number,STVR,STR2025-1010,STVR STR2025-1010,Term Vacation Rental (STVR) Permit,
listings\1500892772383553949\details.txt,34,prefix_number,STVR,STR2025-1010,STVR STR2025-1010,Term Vacation Rental (STVR) Permit,
listings\1506666057269319109\details.txt,8,prefix_number,SVR,SVR-03156,SVR SVR-03156,,
listings\1506666057269319109\details.txt,9,prefix_number,SVR,SVR-03156,SVR SVR-03156,,
listings\1508069926591180947\details.txt,33,prefix_number,SVR,SVR-03033,SVR SVR-03033,,"SVR-03034, SVR-03035"
listings\1508069926591180947\details.txt,33,prefix_number,SVR,SVR-03034,SVR SVR-03034,"SVR-03033,",SVR-03035
listings\1508069926591180947\details.txt,33,prefix_number,SVR,SVR-03035,SVR SVR-03035,"SVR-03033, SVR-03034,",
listings\1508069926591180947\details.txt,34,prefix_number,SVR,SVR-03033,SVR SVR-03033,,"SVR-03034, SVR-03035"
listings\1508069926591180947\details.txt,34,prefix_number,SVR,SVR-03034,SVR SVR-03034,"SVR-03033,",SVR-03035
listings\1508069926591180947\details.txt,34,prefix_number,SVR,SVR-03035,SVR SVR-03035,"SVR-03033, SVR-03034,",
listings\1508070882394361503\details.txt,30,prefix_number,SVR,SVR-03033,SVR SVR-03033,,
listings\1508070882394361503\details.txt,31,prefix_number,SVR,SVR-03033,SVR SVR-03033,,
listings\1508071641336533456\details.txt,29,prefix_number,SVR,SVR-03034,SVR SVR-03034,,
listings\1508071641336533456\details.txt,30,prefix_number,SVR,SVR-03034,SVR SVR-03034,,
listings\1508072297387852165\details.txt,29,prefix_number,SVR,SVR-03035,SVR SVR-03035,,
listings\1508072297387852165\details.txt,30,prefix_number,SVR,SVR-03035,SVR SVR-03035,,
listings\15093297\details.txt,10,prefix_number,SVR,SVR-00436,SVR SVR-00436,City of Savannah,
listings\15093297\details.txt,11,prefix_number,SVR,SVR-00436,SVR SVR-00436,City of Savannah,
listings\15093297\details.txt,23,prefix_number,SVR,SVR-00634,SVR SVR-00634,City of Savannah,
listings\15093297\details.txt,24,prefix_number,SVR,SVR-00634,SVR SVR-00634,City of Savannah,
listings\1511665113645217940\details.txt,23,prefix_number,STR,STR-025857,STR STR-025857,The space,
listings\1511665113645217940\details.txt,24,prefix_number,STR,STR-025857,STR STR-025857,,
listings\1512437297370298717\details.txt,18,prefix_number,SVR,SVR-03168,SVR SVR-03168,,
listings\1512437297370298717\details.txt,19,prefix_number,SVR,SVR-03168,SVR SVR-03168,,
listings\1512993141196852882\details.txt,15,prefix_number,SVR,SVR-03271,SVR SVR-03271,,
listings\1512993141196852882\details.txt,16,prefix_number,SVR,SVR-03271,SVR SVR-03271,,
listings\1513365945184496939\details.txt,27,prefix_number,SVR,SVR-00751,SVR SVR-00751,,"SVR-00752, SVR-00753"
listings\1513365945184496939\details.txt,27,prefix_number,SVR,SVR-00752,SVR SVR-00752,"SVR-00751,",SVR-00753
listings\1513365945184496939\details.txt,27,prefix_number,SVR,SVR-00753,SVR SVR-00753,"SVR-00751, SVR-00752,",
listings\1513365945184496939\details.txt,28,prefix_number,SVR,SVR-00751,SVR SVR-00751,,"SVR-00752, SVR-00753"
listings\1513365945184496939\details.txt,28,prefix_number,SVR,SVR-00752,SVR SVR-00752,"SVR-00751,",SVR-00753
listings\1513365945184496939\details.txt,28,prefix_number,SVR,SVR-00753,SVR SVR-00753,"SVR-00751, SVR-00752,",
listings\1513991268785829277\details.txt,7,prefix_number,STR,STR-026051,STR STR-026051,"for couples, families, and groups.",
listings\1516923125128787364\details.txt,27,prefix_number,SVR,SVR-00751,SVR SVR-00751,,SVR-00752
listings\1516923125128787364\details.txt,27,prefix_number,SVR,SVR-00752,SVR SVR-00752,"SVR-00751,",
listings\1516923125128787364\details.txt,28,prefix_number,SVR,SVR-00751,SVR SVR-00751,,SVR-00752
listings\1516923125128787364\details.txt,28,prefix_number,SVR,SVR-00752,SVR SVR-00752,"SVR-00751,",
listings\1519697291452323544\details.txt,21,prefix_number,SVR,SVR-03198,SVR SVR-03198,,
listings\1519697291452323544\details.txt,22,prefix_number,SVR,SVR-03198,SVR SVR-03198,,
listings\1520458545485665992\details.txt,59,prefix_number,SVR,SVR-02678,SVR SVR-02678,,
listings\1520458545485665992\details.txt,60,prefix_number,SVR,SVR-02678,SVR SVR-02678,,
listings\1521944244156457378\details.txt,84,prefix_number,SVR,SVR-01340,SVR SVR-01340,,
listings\1521944244156457378\details.txt,85,prefix_number,SVR,SVR-01340,SVR SVR-01340,,
listings\1522709071710502880\details.txt,7,prefix_number,STR,STR-026051,STR STR-026051,"seeking comfort, nature, and convenience.",
listings\15233440\details.txt,35,prefix_number,SVR,00607,SVR 00607,SVR-,
listings\15233440\details.txt,36,prefix_number,SVR,00607,SVR 00607,SVR-,
listings\1523377602268157515\details.txt,18,prefix_number,SVR,SVR-03190,SVR SVR-03190,,
listings\1523377602268157515\details.txt,19,prefix_number,SVR,SVR-03190,SVR SVR-03190,,
listings\15234107\details.txt,27,prefix_number,SVR,SVR-00608,SVR SVR-00608,,
listings\15234107\details.txt,28,prefix_number,SVR,SVR-00608,SVR SVR-00608,,
listings\1524633218462584167\details.txt,12,prefix_number,SVR,SVR-01363,SVR SVR-01363,rich history and vibrant culture.,
listings\1524633218462584167\details.txt,13,prefix_number,SVR,SVR-01363,SVR SVR-01363,,
listings\1526299820459157667\details.txt,27,prefix_number,STVR,STR2025-0932,STVR STR2025-0932,Term Vacation Rental (STVR) Permit,
listings\1526299820459157667\details.txt,28,prefix_number,STVR,STR2025-0932,STVR STR2025-0932,Term Vacation Rental (STVR) Permit,
listings\1526366114630984784\details.txt,8,prefix_number,SVR,SVR-03184,SVR SVR-03184,and plenty of natural light.,
listings\1526366114630984784\details.txt,9,prefix_number,SVR,SVR-03184,SVR SVR-03184,and plenty of natural light.,
listings\15340714\details.txt,8,prefix_number,SVR,SVR-00563,SVR SVR-00563,,
listings\15340714\details.txt,9,prefix_number,SVR,SVR-00563,SVR SVR-00563,,
listings\1534155842431358281\details.txt,27,prefix_number,SVR,SVR-03182,SVR SVR-03182,,
listings\1534155842431358281\details.txt,28,prefix_number,SVR,SVR-03182,SVR SVR-03182,,
listings\1536343397062838823\details.txt,15,number_only,,31401,31401,,
listings\1536343397062838823\details.txt,16,number_only,,31401,31401,"132 Montgomery St., Savannah, GA",You can pay for daily
listings\1538535023498737400\details.txt,23,prefix_number,STVR,STR2025-0324,STVR STR2025-0324,Term Vacation Rental (STVR) Permit,
listings\1538535023498737400\details.txt,24,prefix_number,STVR,STR2025-0324,STVR STR2025-0324,Term Vacation Rental (STVR) Permit,
listings\1540107963701573296\details.txt,7,prefix_number,SVR,SVR-03245,SVR SVR-03245,"character. Clean, spacious, and pet-friendly!",
listings\1540192760864578463\details.txt,106,prefix_number,SVR,SVR-03027,SVR SVR-03027,Rental Certificate SVTR License #,
listings\1540192760864578463\details.txt,107,prefix_number,SVR,SVR-03027,SVR SVR-03027,SVTR License #,SVTR License # SVR-03028
listings\1540192760864578463\details.txt,107,prefix_number,SVR,SVR-03028,SVR SVR-03028,# SVR-03027 SVTR License #,
listings\1540192760864578463\details.txt,108,prefix_number,SVR,SVR-03028,SVR SVR-03028,SVTR License #,
listings\1542229648050077943\details.txt,23,number_only,,STR2026-1257,STR2026-1257,,
listings\1542229648050077943\details.txt,24,number_only,,STR2026-1257,STR2026-1257,,
listings\1542229670651604103\details.txt,31,number_only,,STR2026-0840,STR2026-0840,,
listings\1542229670651604103\details.txt,32,number_only,,STR2026-0840,STR2026-0840,,
listings\1549379684392691875\details.txt,20,prefix_number,SVR,SVR-03204,SVR SVR-03204,The space,
listings\1549379684392691875\details.txt,21,prefix_number,SVR,SVR-03204,SVR SVR-03204,,
listings\15561062\details.txt,24,prefix_number,SVR,SVR-00034,SVR SVR-00034,,
listings\15561062\details.txt,25,prefix_number,SVR,SVR-00034,SVR SVR-00034,,
listings\1558277456302782082\details.txt,39,prefix_number,STVR,STVR-02975,STVR STVR-02975,does not. • STVR Permit:,
listings\1558277456302782082\details.txt,40,prefix_number,STVR,STVR-02975,STVR STVR-02975,• STVR Permit:,
listings\1558277456302782082\details.txt,51,prefix_number,STVR,STVR-02975,STVR STVR-02975,does not. • STVR Permit:,
listings\1558277456302782082\details.txt,52,prefix_number,STVR,STVR-02975,STVR STVR-02975,• STVR Permit:,
listings\155982\details.txt,10,prefix_number,SVR,00022,SVR 00022,Laura's Cottage is for you.,
listings\155982\details.txt,11,prefix_number,SVR,00022,SVR 00022,Laura's Cottage is for you.,
listings\1564507872432765921\details.txt,74,prefix_number,SVR,SVR-03176,SVR SVR-03176,,
listings\1564507872432765921\details.txt,75,prefix_number,SVR,SVR-03176,SVR SVR-03176,,
listings\1572684675852040226\details.txt,48,prefix_number,SVR,SVR-03215,SVR SVR-03215,License Number:,
listings\1572684675852040226\details.txt,49,prefix_number,SVR,SVR-03215,SVR SVR-03215,License Number:,
listings\1573248466594866350\details.txt,11,number_only,,007606,007606,,
listings\1573248466594866350\details.txt,12,number_only,,007606,007606,,
listings\1575684344169401798\details.txt,61,prefix_number,SVR,SVR-03137,SVR SVR-03137,,
listings\1575684344169401798\details.txt,62,prefix_number,SVR,SVR-03137,SVR SVR-03137,,
listings\1575709795588721156\details.txt,60,prefix_number,SVR,SVR-03137,SVR SVR-03137,,
listings\1575709795588721156\details.txt,61,prefix_number,SVR,SVR-03137,SVR SVR-03137,,
listings\1576335136173445600\details.txt,61,prefix_number,STVR,02960,STVR 02960,STVR,
listings\1576335136173445600\details.txt,62,prefix_number,STVR,02960,STVR 02960,STVR,
listings\1579684732392052812\details.txt,26,prefix_number,SVR,SVR-03249,SVR SVR-03249,,
listings\1579684732392052812\details.txt,27,prefix_number,SVR,SVR-03249,SVR SVR-03249,,
listings\1579685108734757748\details.txt,30,prefix_number,SVR,SVR-03248,SVR SVR-03248,,
listings\1579685108734757748\details.txt,31,prefix_number,SVR,SVR-03248,SVR SVR-03248,,
listings\1582722034243091606\details.txt,39,prefix_number,STVR,02509,STVR 02509,STVR#,
listings\1582722034243091606\details.txt,40,prefix_number,STVR,02509,STVR 02509,STVR#,
listings\1583004808352473099\details.txt,15,prefix_number,SVR,SVR-03218,SVR SVR-03218,"City of Savannah, GA. Permit",License SVR-03218.
listings\1583004808352473099\details.txt,16,prefix_number,SVR,SVR-03218,SVR SVR-03218,"City of Savannah, GA. Permit",License SVR-03218.
listings\1587730600315210925\details.txt,8,prefix_number,SVR,02813,SVR 02813,SVR,
listings\1587730600315210925\details.txt,9,prefix_number,SVR,02813,SVR 02813,SVR,
listings\1588583763847465780\details.txt,19,prefix_number,SVR,SVR-00317,SVR SVR-00317,Short-Term Vacation Rental Certificate:,
listings\1588583763847465780\details.txt,20,prefix_number,SVR,SVR-00317,SVR SVR-00317,Short-Term Vacation Rental Certificate:,
listings\1588583763847465780\details.txt,22,prefix_number,SVR,SVR-00317,SVR SVR-00317,note Short-Term Vacation Rental Certificate:,
listings\1588583763847465780\details.txt,23,prefix_number,SVR,SVR-00317,SVR SVR-00317,Short-Term Vacation Rental Certificate:,
listings\1594503983630470908\details.txt,7,prefix_number,SVR,03236,SVR 03236,UNIT OR BUILDING!! SVR #,
listings\1594503983630470908\details.txt,8,prefix_number,SVR,03236,SVR 03236,SVR #,
listings\1598723820806100860\details.txt,9,prefix_number,SVR,SVR-02338,SVR SVR-02338,a peaceful place to unwind.,
listings\1598723820806100860\details.txt,10,prefix_number,SVR,SVR-02338,SVR SVR-02338,,
listings\1599336468606930516\details.txt,32,prefix_number,SVR,SVR-00296,SVR SVR-00296,,
listings\1599336468606930516\details.txt,33,prefix_number,SVR,SVR-00296,SVR SVR-00296,,
listings\1600989212495114761\details.txt,7,prefix_number,SVR,SVR-03245,SVR SVR-03245,"character. Clean, spacious, and pet-friendly!",
listings\1602120078538874836\details.txt,20,prefix_number,STR,STR-026363,STR STR-026363,LICENSE #,no
listings\1602120078538874836\details.txt,21,prefix_number,STR,STR-026363,STR STR-026363,LICENSE #,no
listings\16052999\details.txt,12,prefix_number,SVR,SVR-00407,SVR SVR-00407,Savannah Short-Term Vacation Rental Certificate,
listings\16052999\details.txt,13,prefix_number,SVR,SVR-00407,SVR SVR-00407,Savannah Short-Term Vacation Rental Certificate,
listings\16066802\details.txt,12,prefix_number,SVR,SVR-00408,SVR SVR-00408,Savannah Short-Term Vacation Rental Certificate,
listings\16066802\details.txt,13,prefix_number,SVR,SVR-00408,SVR SVR-00408,Savannah Short-Term Vacation Rental Certificate,
listings\16083674\details.txt,12,prefix_number,SVR,SVR-00406,SVR SVR-00406,Savannah Short-Term Vacation Rental Certificate,
listings\16083674\details.txt,13,prefix_number,SVR,SVR-00406,SVR SVR-00406,Savannah Short-Term Vacation Rental Certificate,
listings\16100873\details.txt,12,prefix_number,SVR,SVR-00042,SVR SVR-00042,City of Savannah,
listings\16100873\details.txt,13,prefix_number,SVR,SVR-00042,SVR SVR-00042,City of Savannah,
listings\1614122116333783823\details.txt,29,number_only,,STR2026-1390,STR2026-1390,,
listings\1614122116333783823\details.txt,30,number_only,,STR2026-1390,STR2026-1390,,
listings\1618239521038297912\details.txt,40,prefix_number,STVR,STR2025-0730,STVR STR2025-0730,STVR LICENSE,
listings\1618239521038297912\details.txt,41,prefix_number,STVR,STR2025-0730,STVR STR2025-0730,STVR LICENSE,
listings\1618919371767018006\details.txt,30,prefix_number,SVR,SVR-01601,SVR SVR-01601,,
listings\1618919371767018006\details.txt,31,prefix_number,SVR,SVR-01601,SVR SVR-01601,,
listings\1620416454978585958\details.txt,11,prefix_number,SVR,SVR-03233,SVR SVR-03233,,
listings\1620416454978585958\details.txt,12,prefix_number,SVR,SVR-03233,SVR SVR-03233,,
listings\1620416454978585958\details.txt,19,number_only,,31041,31041,,
listings\1620416454978585958\details.txt,20,number_only,,31041,31041,"E State Street, Savannah GA",There is also metered city
listings\16219708\details.txt,12,prefix_number,SVR,SVR-02091,SVR SVR-02091,City of Savannah,
listings\16219708\details.txt,13,prefix_number,SVR,SVR-02091,SVR SVR-02091,City of Savannah,
listings\1624185445214030043\details.txt,27,prefix_number,STVR,STR2025-1116,STVR STR2025-1116,Term Vacation Rental (STVR) Permit,
listings\1624185445214030043\details.txt,28,prefix_number,STVR,STR2025-1116,STVR STR2025-1116,Term Vacation Rental (STVR) Permit,
listings\1625424725869483000\details.txt,7,prefix_number,SVR,SVR-02340,SVR SVR-02340,boutiques from picturesque Lincoln Street.,+ SVR-02341
listings\1625424725869483000\details.txt,7,prefix_number,SVR,SVR-02341,SVR SVR-02341,picturesque Lincoln Street. SVR-02340 +,
listings\1625424725869483000\details.txt,8,prefix_number,SVR,SVR-02340,SVR SVR-02340,,+ SVR-02341
listings\1625424725869483000\details.txt,8,prefix_number,SVR,SVR-02341,SVR SVR-02341,SVR-02340 +,
listings\1625593671984677304\details.txt,11,number_only,,007700,007700,,
listings\1625593671984677304\details.txt,12,number_only,,007700,007700,,
listings\1625621926534024248\details.txt,60,prefix_number,SVR,SVR-00026,SVR SVR-00026,,
listings\1625621926534024248\details.txt,61,prefix_number,SVR,SVR-00026,SVR SVR-00026,,
listings\1627619180989449750\details.txt,29,prefix_number,SVR,SVR-02790,SVR SVR-02790,,
listings\1627619180989449750\details.txt,30,prefix_number,SVR,SVR-02790,SVR SVR-02790,,
listings\1628367912847124615\details.txt,7,prefix_number,SVR,SVR-00309,SVR SVR-00309,in the heart of Savannah.,
listings\1628367912847124615\details.txt,21,prefix_number,SVR,SVR-00309,SVR SVR-00309,Other things to note,
listings\1628367912847124615\details.txt,22,prefix_number,SVR,SVR-00309,SVR SVR-00309,,
listings\1629045323366584609\details.txt,34,prefix_number,SVR,SVR-00529,SVR SVR-00529,,
listings\1629045323366584609\details.txt,35,prefix_number,SVR,SVR-00529,SVR SVR-00529,,SVR-00528
listings\1629045323366584609\details.txt,35,prefix_number,SVR,SVR-00528,SVR SVR-00528,SVR-00529,
listings\1629045323366584609\details.txt,36,prefix_number,SVR,SVR-00528,SVR SVR-00528,,
listings\1629046613790418464\details.txt,30,prefix_number,SVR,SVR-00528,SVR SVR-00528,,
listings\1629046613790418464\details.txt,31,prefix_number,SVR,SVR-00528,SVR SVR-00528,,
listings\1629054926490803508\details.txt,29,prefix_number,SVR,SVR-00529,SVR SVR-00529,,
listings\1629054926490803508\details.txt,30,prefix_number,SVR,SVR-00529,SVR SVR-00529,,
listings\1629234207090107811\details.txt,29,prefix_number,STVR,STR2021-00784,STVR STR2021-00784,Term Vacation Rental (STVR) Permit,
listings\1629234207090107811\details.txt,30,prefix_number,STVR,STR2021-00784,STVR STR2021-00784,Term Vacation Rental (STVR) Permit,
listings\1633362193230137832\details.txt,13,prefix_number,SVR,SVR-02827,SVR SVR-02827,,
listings\1633362193230137832\details.txt,14,prefix_number,SVR,SVR-02827,SVR SVR-02827,,
listings\1634858566878268700\details.txt,8,prefix_number,SVR,SVR-03239,SVR SVR-03239,,
listings\1634858566878268700\details.txt,9,prefix_number,SVR,SVR-03239,SVR SVR-03239,,
listings\1635001676138456323\details.txt,82,prefix_number,SVR,SVR-03176,SVR SVR-03176,,& SVR-03177
listings\1635001676138456323\details.txt,82,prefix_number,SVR,SVR-03177,SVR SVR-03177,SVR-03176 &,
listings\1635001676138456323\details.txt,83,prefix_number,SVR,SVR-03176,SVR SVR-03176,,& SVR-03177
listings\1635001676138456323\details.txt,83,prefix_number,SVR,SVR-03177,SVR SVR-03177,SVR-03176 &,
listings\1635001701347747570\details.txt,71,prefix_number,SVR,03177,SVR 03177,SVR,
listings\1635001701347747570\details.txt,72,prefix_number,SVR,03177,SVR 03177,SVR,
listings\1635694448969066892\details.txt,54,prefix_number,SVR,SVR-00178,SVR SVR-00178,,& 00179
listings\1635694448969066892\details.txt,54,prefix_number,SVR,00179,SVR 00179,SVR-00178 &,
listings\1635694448969066892\details.txt,55,prefix_number,SVR,SVR-00178,SVR SVR-00178,,& 00179
listings\1635694448969066892\details.txt,55,prefix_number,SVR,00179,SVR 00179,SVR-00178 &,
listings\1637771740175437841\details.txt,63,prefix_number,SVR,SVR-03253,SVR SVR-03253,STVR Permit:,
listings\1637771740175437841\details.txt,64,prefix_number,SVR,SVR-03253,SVR SVR-03253,STVR Permit:,
listings\1638637113797643405\details.txt,70,prefix_number,SVR,SVR-03241,SVR SVR-03241,SVR Certificate:,
listings\1638637113797643405\details.txt,71,prefix_number,SVR,SVR-03241,SVR SVR-03241,SVR Certificate:,
listings\1640736658415736861\details.txt,41,prefix_number,SVR,03237,SVR 03237,,
listings\1640736658415736861\details.txt,42,prefix_number,SVR,03237,SVR 03237,,
listings\16438425\details.txt,7,prefix_number,SVR,SVR-00661,SVR SVR-00661,streets--especially weekends. Parking not included.,
listings\16438425\details.txt,8,prefix_number,SVR,SVR-00661,SVR SVR-00661,,
listings\16440442\details.txt,7,prefix_number,STVR,00110,STVR 00110,The Maian (STVR,won't disappoint. 2 blocks from
listings\16447835\details.txt,27,prefix_number,SVR,SVR-00671,SVR SVR-00671,,
listings\16447835\details.txt,28,prefix_number,SVR,SVR-00671,SVR SVR-00671,,
listings\16448461\details.txt,31,prefix_number,SVR,SVR-00672,SVR SVR-00672,"eat, and see in Savannah.",
listings\16448461\details.txt,32,prefix_number,SVR,SVR-00672,SVR SVR-00672,,
listings\16448794\details.txt,34,prefix_number,SVR,SVR-00673,SVR SVR-00673,,
listings\16448794\details.txt,35,prefix_number,SVR,SVR-00673,SVR SVR-00673,,*The Suites at Forsyth consist
listings\1647889398532791619\details.txt,43,prefix_number,SVR,SVR-02397,SVR SVR-02397,,"SVR-02398, SVR-02399"
listings\1647889398532791619\details.txt,43,prefix_number,SVR,SVR-02398,SVR SVR-02398,"SVR-02397,",SVR-02399
listings\1647889398532791619\details.txt,43,prefix_number,SVR,SVR-02399,SVR SVR-02399,"SVR-02397, SVR-02398,",
listings\1647889398532791619\details.txt,44,prefix_number,SVR,SVR-02397,SVR SVR-02397,,"SVR-02398, SVR-02399"
listings\1647889398532791619\details.txt,44,prefix_number,SVR,SVR-02398,SVR SVR-02398,"SVR-02397,",SVR-02399
listings\1647889398532791619\details.txt,44,prefix_number,SVR,SVR-02399,SVR SVR-02399,"SVR-02397, SVR-02398,",
listings\1647897942405450151\details.txt,48,prefix_number,SVR,SVR-02397,SVR SVR-02397,,
listings\1647897942405450151\details.txt,49,prefix_number,SVR,SVR-02397,SVR SVR-02397,,
listings\1647908031396364754\details.txt,27,prefix_number,SVR,SVR-02399,SVR SVR-02399,,
listings\1647908031396364754\details.txt,28,prefix_number,SVR,SVR-02399,SVR SVR-02399,,
listings\1647935194911521992\details.txt,29,prefix_number,SVR,SVR-02398,SVR SVR-02398,,
listings\1647935194911521992\details.txt,30,prefix_number,SVR,SVR-02398,SVR SVR-02398,,
listings\1650888127472018991\details.txt,79,prefix_number,SVR,SVR-03166,SVR SVR-03166,,
listings\1650888127472018991\details.txt,80,prefix_number,SVR,SVR-03166,SVR SVR-03166,,
listings\1657657169141396957\details.txt,13,prefix_number,SVR,SVR-02499,SVR SVR-02499,,
listings\1657657169141396957\details.txt,14,prefix_number,SVR,SVR-02499,SVR SVR-02499,,
listings\16631717\details.txt,18,prefix_number,LICENSE,022909,License 022909,Chatham County License # OTC,
listings\16631717\details.txt,19,prefix_number,LICENSE,022909,License 022909,Chatham County License # OTC,
listings\16642324\details.txt,10,prefix_number,SVR,SVR-00690,SVR SVR-00690,,
listings\16642324\details.txt,11,prefix_number,SVR,SVR-00690,SVR SVR-00690,,
listings\1669279757741668594\details.txt,21,prefix_number,SVR,SVR-03107,SVR SVR-03107,,
listings\1669279757741668594\details.txt,22,prefix_number,SVR,SVR-03107,SVR SVR-03107,,
listings\1670267859082377382\details.txt,36,prefix_number,STVR,STR2025-0741,STVR STR2025-0741,STVR License#,
listings\1670267859082377382\details.txt,37,prefix_number,STVR,STR2025-0741,STVR STR2025-0741,STVR License#,
listings\1670267956468330251\details.txt,10,number_only,,31328,31328,,
listings\1670267956468330251\details.txt,11,number_only,,31328,31328,"Cedarwood Ave., Tybee Island, GA,",
listings\1670267956468330251\details.txt,34,prefix_number,STVR,STR2025-0748,STVR STR2025-0748,STVR License,
listings\1670267956468330251\details.txt,35,prefix_number,STVR,STR2025-0748,STVR STR2025-0748,STVR License,
listings\1670460204430401882\details.txt,21,prefix_number,SVR,SVR-03090,SVR SVR-03090,,
listings\1670460204430401882\details.txt,22,prefix_number,SVR,SVR-03090,SVR SVR-03090,,
listings\1670514873229603634\details.txt,21,prefix_number,SVR,SVR-03108,SVR SVR-03108,,
listings\1670514873229603634\details.txt,22,prefix_number,SVR,SVR-03108,SVR SVR-03108,,
listings\1674139217540175291\details.txt,26,prefix_number,STVR,STR2026-33251,STVR STR2026-33251,Term Vacation Rental (STVR) Permit,
listings\1674139217540175291\details.txt,27,prefix_number,STVR,STR2026-33251,STVR STR2026-33251,Term Vacation Rental (STVR) Permit,
listings\1674776311192605254\details.txt,32,prefix_number,SVR,SVR-03248,SVR SVR-03248,,
listings\1674776311192605254\details.txt,33,prefix_number,SVR,SVR-03248,SVR SVR-03248,,(4BR=8 OCC) Sec. 8-11013
listings\1674776311192605254\details.txt,33,prefix_number,SVR,11013,SVR 11013,SVR-03248 (4BR=8 OCC) Sec.,
listings\1674776311192605254\details.txt,34,prefix_number,SVR,11013,SVR 11013,(4BR=8 OCC) Sec.,SVR-03249
listings\1674776311192605254\details.txt,34,prefix_number,SVR,SVR-03249,SVR SVR-03249,(4BR=8 OCC) Sec. 8-11013,
listings\1674776311192605254\details.txt,35,prefix_number,SVR,SVR-03249,SVR SVR-03249,,(2BR=4 OCC) Sec. 8-11013
listings\1674776311192605254\details.txt,35,prefix_number,SVR,11013,SVR 11013,SVR-03249 (2BR=4 OCC) Sec.,
listings\1674776311192605254\details.txt,36,number_only,,11013,11013,(2BR=4 OCC) Sec.,
listings\1674873317546475436\details.txt,78,number_only,,STR2024-00007,STR2024-00007,,
listings\1674873317546475436\details.txt,79,number_only,,STR2024-00007,STR2024-00007,PERMIT:,
listings\1676217180666550882\details.txt,8,prefix_number,SVR,SVR-02780,SVR SVR-02780,,
listings\1676217180666550882\details.txt,9,prefix_number,SVR,SVR-02780,SVR SVR-02780,,
listings\1676217886486404060\details.txt,7,prefix_number,SVR,SVR-02781,SVR SVR-02781,18 min to SAV International.,
listings\1676217886486404060\details.txt,8,prefix_number,SVR,SVR-02781,SVR SVR-02781,,
listings\1677872480043951768\details.txt,20,prefix_number,STR,STR-02937,STR STR-02937,ADA Service dogs always welcome.,
listings\1677872480043951768\details.txt,21,prefix_number,STR,STR-02937,STR STR-02937,,
listings\1677872529445850335\details.txt,16,prefix_number,STR,STR-02938,STR STR-02938,ADA Service dogs always welcome.,
listings\1677872529445850335\details.txt,17,prefix_number,STR,STR-02938,STR STR-02938,,
listings\1690326907593384274\details.txt,77,prefix_number,SVR,SVR-03257,SVR SVR-03257,Permit Number:,
listings\1690326907593384274\details.txt,78,prefix_number,SVR,SVR-03257,SVR SVR-03257,Permit Number:,
listings\1690810250667682293\details.txt,29,prefix_number,SVR,SVR-00225,SVR SVR-00225,,
listings\1690810250667682293\details.txt,30,prefix_number,SVR,SVR-00225,SVR SVR-00225,,
listings\1693042322963849375\details.txt,24,prefix_number,SVR,SVR-03269,SVR SVR-03269,note Short-Term Rental License No:,
listings\1693042322963849375\details.txt,25,prefix_number,SVR,SVR-03269,SVR SVR-03269,Short-Term Rental License No:,
listings\1696881314229633593\details.txt,29,prefix_number,SVR,SVR-03165,SVR SVR-03165,,
listings\1696881314229633593\details.txt,30,prefix_number,SVR,SVR-03165,SVR SVR-03165,,
listings\1701478746627885853\details.txt,41,prefix_number,STVR,STR2025-0137,STVR STR2025-0137,Term Vacation Rental (STVR) Permit,
listings\1701478746627885853\details.txt,42,prefix_number,STVR,STR2025-0137,STVR STR2025-0137,Term Vacation Rental (STVR) Permit,
listings\1701489140305990584\details.txt,45,prefix_number,STVR,STR2025-0138,STVR STR2025-0138,Term Vacation Rental (STVR) Permit,
listings\1701489140305990584\details.txt,46,prefix_number,STVR,STR2025-0138,STVR STR2025-0138,Term Vacation Rental (STVR) Permit,
listings\1701491571355152992\details.txt,37,prefix_number,STVR,STR2025-0139,STVR STR2025-0139,Term Vacation Rental (STVR) Permit,
listings\1701491571355152992\details.txt,38,prefix_number,STVR,STR2025-0139,STVR STR2025-0139,Term Vacation Rental (STVR) Permit,
listings\1701534061256878885\details.txt,37,prefix_number,STVR,STR2025-0140,STVR STR2025-0140,Term Vacation Rental (STVR) Permit,
listings\1701534061256878885\details.txt,38,prefix_number,STVR,STR2025-0140,STVR STR2025-0140,Term Vacation Rental (STVR) Permit,
listings\1701704293056023162\details.txt,22,prefix_number,STVR,STR2025-0137,STVR STR2025-0137,Term Vacation Rental (STVR) Permit,
listings\1701704293056023162\details.txt,23,prefix_number,STVR,STR2025-0137,STVR STR2025-0137,Term Vacation Rental (STVR) Permit,
listings\1701706991449462491\details.txt,32,prefix_number,STVR,STR2025-0142,STVR STR2025-0142,Term Vacation Rental (STVR) Permit,
listings\1701706991449462491\details.txt,33,prefix_number,STVR,STR2025-0142,STVR STR2025-0142,Term Vacation Rental (STVR) Permit,
listings\1701707981522779728\details.txt,32,prefix_number,STVR,STR2025-0143,STVR STR2025-0143,Term Vacation Rental (STVR) Permit,
listings\1701707981522779728\details.txt,33,prefix_number,STVR,STR2025-0143,STVR STR2025-0143,Term Vacation Rental (STVR) Permit,
listings\1701709119441934046\details.txt,33,prefix_number,STVR,STR2025-0144,STVR STR2025-0144,Term Vacation Rental (STVR) Permit,
listings\1701709119441934046\details.txt,34,prefix_number,STVR,STR2025-0144,STVR STR2025-0144,Term Vacation Rental (STVR) Permit,
listings\1704433462585328143\details.txt,21,prefix_number,SVR,SVR-02294,SVR SVR-02294,,
listings\1704433462585328143\details.txt,22,prefix_number,SVR,SVR-02294,SVR SVR-02294,,
listings\1704746604662906243\details.txt,30,prefix_number,SVR,SVR-02295,SVR SVR-02295,,
listings\1704746604662906243\details.txt,31,prefix_number,SVR,SVR-02295,SVR SVR-02295,,
listings\1705856997384011474\details.txt,41,prefix_number,SVR,SVR-03008,SVR SVR-03008,,
listings\1705856997384011474\details.txt,42,prefix_number,SVR,SVR-03008,SVR SVR-03008,,
listings\1705857023267791954\details.txt,41,prefix_number,SVR,SVR-03007,SVR SVR-03007,,
listings\1705857023267791954\details.txt,42,prefix_number,SVR,SVR-03007,SVR SVR-03007,,
listings\1708137853181800785\details.txt,108,prefix_number,SVR,SVR-01657,SVR SVR-01657,SVR Permit #:,
listings\1708137853181800785\details.txt,109,prefix_number,SVR,SVR-01657,SVR SVR-01657,SVR Permit #:,
listings\1708137853181800785\details.txt,144,prefix_number,SVR,SVR-01657,SVR SVR-01657,SVR Permit #:,
listings\1708137853181800785\details.txt,145,prefix_number,SVR,SVR-01657,SVR SVR-01657,SVR Permit #:,
listings\1708204827084809078\details.txt,112,prefix_number,SVR,SVR-01658,SVR SVR-01658,SVR Permit #:,
listings\1708204827084809078\details.txt,113,prefix_number,SVR,SVR-01658,SVR SVR-01658,SVR Permit #:,
listings\1708204827084809078\details.txt,153,prefix_number,SVR,SVR-01658,SVR SVR-01658,SVR Permit #:,
listings\1708204827084809078\details.txt,154,prefix_number,SVR,SVR-01658,SVR SVR-01658,SVR Permit #:,
listings\1710427914881895755\details.txt,16,prefix_number,STR,STR-025729,STR STR-025729,"Savannah, GA. License Permit Number:",and STR-025728-2025
listings\1710427914881895755\details.txt,16,prefix_number,STR,STR-025728,STR STR-025728,License Permit Number: STR-025729-2025 and,
listings\1710427914881895755\details.txt,17,prefix_number,STR,STR-025729,STR STR-025729,"Savannah, GA. License Permit Number:",and STR-025728-2025
listings\1710427914881895755\details.txt,17,prefix_number,STR,STR-025728,STR STR-025728,License Permit Number: STR-025729-2025 and,
listings\1710427914881895755\details.txt,106,prefix_number,STR,STR-025729,STR STR-025729,Georgia. Its permit code is,and STR-025728-2025
listings\1710427914881895755\details.txt,106,prefix_number,STR,STR-025728,STR STR-025728,permit code is STR-025729-2025 and,
listings\1710427914881895755\details.txt,107,prefix_number,STR,STR-025729,STR STR-025729,Georgia. Its permit code is,and STR-025728-2025
listings\1710427914881895755\details.txt,107,prefix_number,STR,STR-025728,STR STR-025728,permit code is STR-025729-2025 and,
listings\1715393206896998522\details.txt,33,prefix_number,SVR,SVR-03086,SVR SVR-03086,,
listings\1715393206896998522\details.txt,34,prefix_number,SVR,SVR-03086,SVR SVR-03086,,SVR-03087
listings\1715393206896998522\details.txt,34,prefix_number,SVR,SVR-03087,SVR SVR-03087,SVR-03086,
listings\1715393206896998522\details.txt,35,prefix_number,SVR,SVR-03087,SVR SVR-03087,,
listings\1716101140990726418\details.txt,51,number_only,,17009,17009,,
listings\1716101140990726418\details.txt,52,number_only,,17009,17009,,Abercorn Street
listings\1716101140990726418\details.txt,52,number_only,,31419,31419,,
listings\1716101140990726418\details.txt,53,number_only,,31419,31419,"Savannah, GA",
listings\17177284\details.txt,43,prefix_number,SVR,SVR-00696,SVR SVR-00696,Short Term Vacation Rental Certificate,
listings\17177284\details.txt,44,prefix_number,SVR,SVR-00696,SVR SVR-00696,Short Term Vacation Rental Certificate,
listings\1724159603348078036\details.txt,91,prefix_number,STR,STR-03289,STR STR-03289,of Savannah STVR Certificate #:,
listings\1724159603348078036\details.txt,92,prefix_number,STR,STR-03289,STR STR-03289,of Savannah STVR Certificate #:,
listings\1732097947123898189\details.txt,11,prefix_number,SVR,SVR-00068,SVR SVR-00068,The space,
listings\1732097947123898189\details.txt,12,prefix_number,SVR,SVR-00068,SVR SVR-00068,,
listings\1732100463519474439\details.txt,11,prefix_number,SVR,SVR-01935,SVR SVR-01935,The space,
listings\1732100463519474439\details.txt,12,prefix_number,SVR,SVR-01935,SVR SVR-01935,,
listings\17382046\details.txt,11,prefix_number,SVR,SVR-00700,SVR SVR-00700,licensed Short Term Vacation Rental.,
listings\17382046\details.txt,12,prefix_number,SVR,SVR-00700,SVR SVR-00700,licensed Short Term Vacation Rental.,
listings\17418220\details.txt,22,prefix_number,SVR,SVR-01924,SVR SVR-01924,,
listings\17418220\details.txt,23,prefix_number,SVR,SVR-01924,SVR SVR-01924,,
listings\17586018\details.txt,55,prefix_number,SVR,SVR-00754,SVR SVR-00754,,
listings\17586018\details.txt,56,prefix_number,SVR,SVR-00754,SVR SVR-00754,,
listings\17763551\details.txt,49,prefix_number,SVR,SVR-00697,SVR SVR-00697,Short Term Vacation Rental Certificate,
listings\17763551\details.txt,50,prefix_number,SVR,SVR-00697,SVR SVR-00697,Short Term Vacation Rental Certificate,
listings\17764007\details.txt,8,prefix_number,SVR,00724,SVR 00724,City of Savannah SVR,
listings\17764007\details.txt,9,prefix_number,SVR,00724,SVR 00724,City of Savannah SVR,
listings\17873602\details.txt,7,prefix_number,SVR,SVR-00775,SVR SVR-00775,Official Savannah STVR:,-King-size bed in each bedroom
listings\17941533\details.txt,34,prefix_number,SVR,SVR-00565,SVR SVR-00565,,
listings\17941533\details.txt,35,prefix_number,SVR,SVR-00565,SVR SVR-00565,,
listings\18034534\details.txt,11,prefix_number,SVR,SVR-00031,SVR SVR-00031,contact us about pet policy**,
listings\18034534\details.txt,12,prefix_number,SVR,SVR-00031,SVR SVR-00031,,
listings\18226656\details.txt,8,number_only,,00807,00807,,
listings\18226656\details.txt,9,number_only,,00807,00807,of Savannah Short Term Vacation,
listings\18404797\details.txt,10,prefix_number,SVR,SVR-00317,SVR SVR-00317,,
listings\18404797\details.txt,11,prefix_number,SVR,SVR-00317,SVR SVR-00317,,
listings\18407455\details.txt,80,prefix_number,SVR,SVR-00806,SVR SVR-00806,,
listings\18407455\details.txt,81,prefix_number,SVR,SVR-00806,SVR SVR-00806,,
listings\18705028\details.txt,31,prefix_number,STVR,STR2021-00425,STVR STR2021-00425,Term Vacation Rental (STVR) Permit,
listings\18705028\details.txt,32,prefix_number,STVR,STR2021-00425,STVR STR2021-00425,Term Vacation Rental (STVR) Permit,
listings\18705032\details.txt,29,prefix_number,STVR,STR2021-00413,STVR STR2021-00413,Term Vacation Rental (STVR) Permit,
listings\18705032\details.txt,30,prefix_number,STVR,STR2021-00413,STVR STR2021-00413,Term Vacation Rental (STVR) Permit,
listings\18756974\details.txt,34,prefix_number,STVR,STR2021-00419,STVR STR2021-00419,Term Vacation Rental (STVR) Permit,
listings\18756974\details.txt,35,prefix_number,STVR,STR2021-00419,STVR STR2021-00419,Term Vacation Rental (STVR) Permit,
listings\18756983\details.txt,31,prefix_number,STVR,STR2021-00411,STVR STR2021-00411,Term Vacation Rental (STVR) Permit,
listings\18756983\details.txt,32,prefix_number,STVR,STR2021-00411,STVR STR2021-00411,Term Vacation Rental (STVR) Permit,
listings\18756991\details.txt,57,prefix_number,SVR,SVR-00370,SVR SVR-00370,Term Vacation Rental Permit #:,
listings\18756991\details.txt,58,prefix_number,SVR,SVR-00370,SVR SVR-00370,Term Vacation Rental Permit #:,
listings\18756992\details.txt,45,prefix_number,SVR,SVR-00371,SVR SVR-00371,Short-Term Vacation Rental Permit #:,
listings\18756992\details.txt,46,prefix_number,SVR,SVR-00371,SVR SVR-00371,Short-Term Vacation Rental Permit #:,
listings\18756993\details.txt,67,prefix_number,SVR,SVR-02369,SVR SVR-02369,Term Vacation Rental Permit #:,
listings\18756993\details.txt,68,prefix_number,SVR,SVR-02369,SVR SVR-02369,Term Vacation Rental Permit #:,
listings\18756994\details.txt,35,prefix_number,STVR,STR2021-00423,STVR STR2021-00423,Term Vacation Rental (STVR) Permit,
listings\18756994\details.txt,36,prefix_number,STVR,STR2021-00423,STVR STR2021-00423,Term Vacation Rental (STVR) Permit,
listings\18756995\details.txt,33,prefix_number,STVR,STR2021-00417,STVR STR2021-00417,Term Vacation Rental (STVR) Permit,
listings\18756995\details.txt,34,prefix_number,STVR,STR2021-00417,STVR STR2021-00417,Term Vacation Rental (STVR) Permit,
listings\18801765\details.txt,17,prefix_number,SVR,SVR-00844,SVR SVR-00844,a one time pet fee.,
listings\18801765\details.txt,18,prefix_number,SVR,SVR-00844,SVR SVR-00844,a one time pet fee.,
listings\18827948\details.txt,26,prefix_number,SVR,SVR-00168,SVR SVR-00168,Our STVR permit number is,and SVR-00557
listings\18827948\details.txt,26,prefix_number,SVR,SVR-00557,SVR SVR-00557,permit number is SVR-00168 and,
listings\18827948\details.txt,27,prefix_number,SVR,SVR-00168,SVR SVR-00168,,and SVR-00557
listings\18827948\details.txt,27,prefix_number,SVR,SVR-00557,SVR SVR-00557,SVR-00168 and,
listings\19011680\details.txt,65,prefix_number,SVR,SVR-02580,SVR SVR-02580,,
listings\19011680\details.txt,66,prefix_number,SVR,SVR-02580,SVR SVR-02580,,
listings\19029903\details.txt,23,prefix_number,SVR,SVR-00871,SVR SVR-00871,,
listings\19029903\details.txt,24,prefix_number,SVR,SVR-00871,SVR SVR-00871,,
listings\19053340\details.txt,33,prefix_number,SVR,SVR-00510,SVR SVR-00510,Short Term Vacation Rental Permit,
listings\19053340\details.txt,34,prefix_number,SVR,SVR-00510,SVR SVR-00510,Short Term Vacation Rental Permit,
listings\19054225\details.txt,64,prefix_number,SVR,SVR-02369,SVR SVR-02369,Savannah STVR Permit #:,"SVR-02370, SVR-02371"
listings\19054225\details.txt,64,prefix_number,SVR,SVR-02370,SVR SVR-02370,"Savannah STVR Permit #: SVR-02369,",SVR-02371
listings\19054225\details.txt,64,prefix_number,SVR,SVR-02371,SVR SVR-02371,"STVR Permit #: SVR-02369, SVR-02370,",
listings\19054225\details.txt,65,prefix_number,SVR,SVR-02369,SVR SVR-02369,Savannah STVR Permit #:,"SVR-02370, SVR-02371"
listings\19054225\details.txt,65,prefix_number,SVR,SVR-02370,SVR SVR-02370,"Savannah STVR Permit #: SVR-02369,",SVR-02371
listings\19054225\details.txt,65,prefix_number,SVR,SVR-02371,SVR SVR-02371,"STVR Permit #: SVR-02369, SVR-02370,",
listings\19054230\details.txt,25,prefix_number,STVR,STR2021-00640,STVR STR2021-00640,Term Vacation Rental (STVR) Permit,
listings\19054230\details.txt,26,prefix_number,STVR,STR2021-00640,STVR STR2021-00640,Term Vacation Rental (STVR) Permit,
listings\19063904\details.txt,8,prefix_number,SVR,SVR-00682,SVR SVR-00682,Licensed unit,
listings\19063904\details.txt,9,prefix_number,SVR,SVR-00682,SVR SVR-00682,Licensed unit,
listings\19122531\details.txt,8,prefix_number,SVR,SVR-00683,SVR SVR-00683,low pricing. City of Savannah,
listings\19122531\details.txt,9,prefix_number,SVR,SVR-00683,SVR SVR-00683,City of Savannah,
listings\19122531\details.txt,17,prefix_number,SVR,SVR-00683,SVR SVR-00683,City of Savannah,City license registered to SavannahLuxuryRentals
listings\19122531\details.txt,18,prefix_number,SVR,SVR-00683,SVR SVR-00683,City of Savannah,City license registered to SavannahLuxuryRentals
listings\19162688\details.txt,11,prefix_number,OTC,OTC-023064,OTC OTC-023064,License #:,
listings\19162688\details.txt,12,prefix_number,OTC,OTC-023064,OTC OTC-023064,License #:,
listings\19176427\details.txt,32,prefix_number,STVR,STR2021-00774,STVR STR2021-00774,Term Vacation Rental (STVR) Permit,
listings\19176427\details.txt,33,prefix_number,STVR,STR2021-00774,STVR STR2021-00774,Term Vacation Rental (STVR) Permit,
listings\1925201\details.txt,10,prefix_number,STVR,02122,STVR 02122,STVR Permit,
listings\1925201\details.txt,11,prefix_number,STVR,02122,STVR 02122,STVR Permit,
listings\19282828\details.txt,33,prefix_number,SVR,SVR-00912,SVR SVR-00912,by the City of Savannah,ALL Vacation rentals are now
listings\19282828\details.txt,34,prefix_number,SVR,SVR-00912,SVR SVR-00912,by the City of Savannah,ALL Vacation rentals are now
listings\19282828\details.txt,46,prefix_number,SVR,SVR-00912,SVR SVR-00912,the fridge. Free WiFi provided.,
listings\19282828\details.txt,47,prefix_number,SVR,SVR-00912,SVR SVR-00912,the fridge. Free WiFi provided.,
listings\19343931\details.txt,31,prefix_number,STVR,STR2025-1111,STVR STR2025-1111,Term Vacation Rental (STVR) Permit,
listings\19343931\details.txt,32,prefix_number,STVR,STR2025-1111,STVR STR2025-1111,Term Vacation Rental (STVR) Permit,
listings\19469150\details.txt,21,prefix_number,SVR,SVR-00883,SVR SVR-00883,,
listings\19469150\details.txt,22,prefix_number,SVR,SVR-00883,SVR SVR-00883,,
listings\19470036\details.txt,25,prefix_number,SVR,00526,SVR 00526,SVR-,
listings\19470036\details.txt,26,prefix_number,SVR,00526,SVR 00526,SVR-,
listings\19530905\details.txt,7,prefix_number,SVR,SVR-00834,SVR SVR-00834,courtyard patio. City of Savannah,(Savannah Luxury Rentals). Parking is
listings\19531594\details.txt,7,prefix_number,SVR,SVR-00834,SVR SVR-00834,in shower. City of Savannah,registered to Savannah Luxury Rentals
listings\19531594\details.txt,8,prefix_number,SVR,SVR-00834,SVR SVR-00834,City of Savannah,registered to Savannah Luxury Rentals
listings\19855952\details.txt,29,prefix_number,STVR,STR2021-00476,STVR STR2021-00476,Term Vacation Rental (STVR) Permit,
listings\19855952\details.txt,30,prefix_number,STVR,STR2021-00476,STVR STR2021-00476,Term Vacation Rental (STVR) Permit,
listings\19855961\details.txt,34,prefix_number,STVR,STR2021-00420,STVR STR2021-00420,Term Vacation Rental (STVR) Permit,
listings\19855961\details.txt,35,prefix_number,STVR,STR2021-00420,STVR STR2021-00420,Term Vacation Rental (STVR) Permit,
listings\19855972\details.txt,37,prefix_number,STVR,STR2021-00455,STVR STR2021-00455,Term Vacation Rental (STVR) Permit,
listings\19855972\details.txt,38,prefix_number,STVR,STR2021-00455,STVR STR2021-00455,Term Vacation Rental (STVR) Permit,
listings\19855975\details.txt,38,prefix_number,STVR,STR2021-00397,STVR STR2021-00397,Term Vacation Rental (STVR) Permit,
listings\19855975\details.txt,39,prefix_number,STVR,STR2021-00397,STVR STR2021-00397,Term Vacation Rental (STVR) Permit,
listings\19855982\details.txt,32,prefix_number,STVR,STR2021-00454,STVR STR2021-00454,Term Vacation Rental (STVR) Permit,
listings\19855982\details.txt,33,prefix_number,STVR,STR2021-00454,STVR STR2021-00454,Term Vacation Rental (STVR) Permit,
listings\19855984\details.txt,62,prefix_number,STVR,STR2021-01042,STVR STR2021-01042,Term Vacation Rental (STVR) Permit,
listings\19855984\details.txt,63,prefix_number,STVR,STR2021-01042,STVR STR2021-01042,Term Vacation Rental (STVR) Permit,
listings\19855987\details.txt,37,prefix_number,STVR,STR2021-00431,STVR STR2021-00431,Term Vacation Rental (STVR) Permit,
listings\19855987\details.txt,38,prefix_number,STVR,STR2021-00431,STVR STR2021-00431,Term Vacation Rental (STVR) Permit,
listings\19855990\details.txt,9,number_only,,31328,31328,,
listings\19855990\details.txt,10,number_only,,31328,31328,"80 East, Tybee Island, GA",We offer 24/7 check-in.
listings\19855990\details.txt,36,prefix_number,STVR,STR2021-00477,STVR STR2021-00477,Term Vacation Rental (STVR) Permit,
listings\19855990\details.txt,37,prefix_number,STVR,STR2021-00477,STVR STR2021-00477,Term Vacation Rental (STVR) Permit,
listings\19855993\details.txt,57,prefix_number,STVR,STR2021-00395,STVR STR2021-00395,Term Vacation Rental (STVR) Permit,
listings\19855993\details.txt,58,prefix_number,STVR,STR2021-00395,STVR STR2021-00395,Term Vacation Rental (STVR) Permit,
listings\19855996\details.txt,29,prefix_number,STVR,STR2021-00658,STVR STR2021-00658,Term Vacation Rental (STVR) Permit,
listings\19855996\details.txt,30,prefix_number,STVR,STR2021-00658,STVR STR2021-00658,Term Vacation Rental (STVR) Permit,
listings\19855997\details.txt,38,prefix_number,STVR,STR2021-00430,STVR STR2021-00430,Term Vacation Rental (STVR) Permit,
listings\19855997\details.txt,39,prefix_number,STVR,STR2021-00430,STVR STR2021-00430,Term Vacation Rental (STVR) Permit,
listings\19924822\details.txt,25,prefix_number,SVR,SVR-01100,SVR SVR-01100,,
listings\19924822\details.txt,26,prefix_number,SVR,SVR-01100,SVR SVR-01100,,
listings\19962712\details.txt,79,prefix_number,SVR,SVR-01629,SVR SVR-01629,approved occupancy of 13 guests.,
listings\19962712\details.txt,80,prefix_number,SVR,SVR-01629,SVR SVR-01629,,
listings\19979086\details.txt,55,prefix_number,SVR,SVR-02371,SVR SVR-02371,Short Term Vacation Rental Permit,
listings\19979086\details.txt,56,prefix_number,SVR,SVR-02371,SVR SVR-02371,Short Term Vacation Rental Permit,
listings\20052704\details.txt,42,prefix_number,SVR,SVR-01682,SVR SVR-01682,,
listings\20052704\details.txt,43,prefix_number,SVR,SVR-01682,SVR SVR-01682,,
listings\20175273\details.txt,9,number_only,,pre-1900,pre-1900,,
listings\20175273\details.txt,10,number_only,,pre-1900,pre-1900,been updated since the original,construction it has not been
listings\20175273\details.txt,11,prefix_number,SVR,SVR-00684,SVR SVR-00684,City if Savannah,
listings\20175273\details.txt,12,prefix_number,SVR,SVR-00684,SVR SVR-00684,City if Savannah,
listings\20194881\details.txt,7,prefix_number,SVR,00925,SVR 00925,a modern industrial feel. SVR-,
listings\20454404\details.txt,8,prefix_number,SVR,SVR-00685,SVR SVR-00685,City of Savannah,
listings\20454404\details.txt,9,prefix_number,SVR,SVR-00685,SVR SVR-00685,City of Savannah,
listings\20454404\details.txt,13,prefix_number,SVR,SVR-00685,SVR SVR-00685,City of Savannah,
listings\20454404\details.txt,14,prefix_number,SVR,SVR-00685,SVR SVR-00685,City of Savannah,
listings\20499933\details.txt,8,prefix_number,SVR,SVR-00808,SVR SVR-00808,City of Savannah,
listings\20499933\details.txt,9,prefix_number,SVR,SVR-00808,SVR SVR-00808,City of Savannah,
listings\20915993\details.txt,7,number_only,,01183,01183,of Savannah. Savannah Vacation Rental,
listings\20959793\details.txt,8,prefix_number,SVR,SVR-00716,SVR SVR-00716,,
listings\20959793\details.txt,9,prefix_number,SVR,SVR-00716,SVR SVR-00716,,
listings\20998681\details.txt,11,prefix_number,STVR,01326,STVR 01326,STVR Permit,
listings\20998681\details.txt,12,prefix_number,STVR,01326,STVR 01326,STVR Permit,
listings\21005555\details.txt,79,prefix_number,SVR,SVR-03157,SVR SVR-03157,,
listings\21005555\details.txt,80,prefix_number,SVR,SVR-03157,SVR SVR-03157,,
listings\21025492\details.txt,35,prefix_number,STVR,STR2022-00124,STVR STR2022-00124,Term Vacation Rental (STVR) Permit,
listings\21025492\details.txt,36,prefix_number,STVR,STR2022-00124,STVR STR2022-00124,Term Vacation Rental (STVR) Permit,
listings\21025497\details.txt,37,prefix_number,STVR,STR2021-00458,STVR STR2021-00458,Term Vacation Rental (STVR) Permit,
listings\21025497\details.txt,38,prefix_number,STVR,STR2021-00458,STVR STR2021-00458,Term Vacation Rental (STVR) Permit,
listings\21025506\details.txt,45,prefix_number,STVR,STR2021-00437,STVR STR2021-00437,Term Vacation Rental (STVR) Permit,
listings\21025506\details.txt,46,prefix_number,STVR,STR2021-00437,STVR STR2021-00437,Term Vacation Rental (STVR) Permit,
listings\21025507\details.txt,46,prefix_number,STVR,STR2022-00253,STVR STR2022-00253,Term Vacation Rental (STVR) Permit,
listings\21025507\details.txt,47,prefix_number,STVR,STR2022-00253,STVR STR2022-00253,Term Vacation Rental (STVR) Permit,
listings\21025514\details.txt,48,prefix_number,STVR,STR2021-00391,STVR STR2021-00391,Term Vacation Rental (STVR) Permit,
listings\21025514\details.txt,49,prefix_number,STVR,STR2021-00391,STVR STR2021-00391,Term Vacation Rental (STVR) Permit,
listings\21025515\details.txt,33,prefix_number,STVR,STR2021-00406,STVR STR2021-00406,Term Vacation Rental (STVR) Permit,
listings\21025515\details.txt,34,prefix_number,STVR,STR2021-00406,STVR STR2021-00406,Term Vacation Rental (STVR) Permit,
listings\21025518\details.txt,41,prefix_number,STVR,STR2021-00405,STVR STR2021-00405,Term Vacation Rental (STVR) Permit,
listings\21025518\details.txt,42,prefix_number,STVR,STR2021-00405,STVR STR2021-00405,Term Vacation Rental (STVR) Permit,
listings\21025736\details.txt,30,prefix_number,STVR,STR2021-00701,STVR STR2021-00701,Term Vacation Rental (STVR) Permit,
listings\21025736\details.txt,31,prefix_number,STVR,STR2021-00701,STVR STR2021-00701,Term Vacation Rental (STVR) Permit,
listings\21025745\details.txt,42,prefix_number,STVR,STR2021-00084,STVR STR2021-00084,Term Vacation Rental (STVR) Permit,
listings\21025745\details.txt,43,prefix_number,STVR,STR2021-00084,STVR STR2021-00084,Term Vacation Rental (STVR) Permit,
listings\21025971\details.txt,29,prefix_number,STVR,STR2021-00539,STVR STR2021-00539,Term Vacation Rental (STVR) Permit,
listings\21025971\details.txt,30,prefix_number,STVR,STR2021-00539,STVR STR2021-00539,Term Vacation Rental (STVR) Permit,
listings\21025972\details.txt,33,prefix_number,STVR,STR2021-00542,STVR STR2021-00542,Term Vacation Rental (STVR) Permit,
listings\21025972\details.txt,34,prefix_number,STVR,STR2021-00542,STVR STR2021-00542,Term Vacation Rental (STVR) Permit,
listings\21025979\details.txt,29,prefix_number,STVR,STR2021-00562,STVR STR2021-00562,Term Vacation Rental (STVR) Permit,
listings\21025979\details.txt,30,prefix_number,STVR,STR2021-00562,STVR STR2021-00562,Term Vacation Rental (STVR) Permit,
listings\21488515\details.txt,54,prefix_number,SVR,SVR-00574,SVR SVR-00574,,
listings\21488515\details.txt,55,prefix_number,SVR,SVR-00574,SVR SVR-00574,,
listings\21500639\details.txt,36,prefix_number,STVR,STR2025-1131,STVR STR2025-1131,Term Vacation Rental (STVR) Permit,
listings\21500639\details.txt,37,prefix_number,STVR,STR2025-1131,STVR STR2025-1131,Term Vacation Rental (STVR) Permit,
listings\21543814\details.txt,7,prefix_number,SVR,SVR-01108,SVR SVR-01108,of stairs and worth it!,
listings\21587149\details.txt,17,prefix_number,OTC,OTC-023009,OTC OTC-023009,,
listings\21587149\details.txt,18,prefix_number,OTC,OTC-023009,OTC OTC-023009,,
listings\21603852\details.txt,30,prefix_number,STVR,STR2021-00720,STVR STR2021-00720,Term Vacation Rental (STVR) Permit,
listings\21603852\details.txt,31,prefix_number,STVR,STR2021-00720,STVR STR2021-00720,Term Vacation Rental (STVR) Permit,
listings\21603854\details.txt,37,prefix_number,STVR,STR2021-00729,STVR STR2021-00729,Term Vacation Rental (STVR) Permit,
listings\21603854\details.txt,38,prefix_number,STVR,STR2021-00729,STVR STR2021-00729,Term Vacation Rental (STVR) Permit,
listings\21603856\details.txt,43,prefix_number,STVR,STR2021-00607,STVR STR2021-00607,Term Vacation Rental (STVR) Permit,
listings\21603856\details.txt,44,prefix_number,STVR,STR2021-00607,STVR STR2021-00607,Term Vacation Rental (STVR) Permit,
listings\21603860\details.txt,38,prefix_number,STVR,STR2021-00718,STVR STR2021-00718,Term Vacation Rental (STVR) Permit,
listings\21603860\details.txt,39,prefix_number,STVR,STR2021-00718,STVR STR2021-00718,Term Vacation Rental (STVR) Permit,
listings\21603862\details.txt,37,prefix_number,STVR,STR2021-00728,STVR STR2021-00728,Term Vacation Rental (STVR) Permit,
listings\21603862\details.txt,38,prefix_number,STVR,STR2021-00728,STVR STR2021-00728,Term Vacation Rental (STVR) Permit,
listings\21837927\details.txt,8,prefix_number,SVR,SVR-00919,SVR SVR-00919,,
listings\21837927\details.txt,9,prefix_number,SVR,SVR-00919,SVR SVR-00919,,
listings\21865500\details.txt,52,prefix_number,SVR,SVR-00846,SVR SVR-00846,,
listings\21865500\details.txt,53,prefix_number,SVR,SVR-00846,SVR SVR-00846,,
listings\21981002\details.txt,48,prefix_number,STVR,STR2025-1098,STVR STR2025-1098,Term Vacation Rental (STVR) Permit,
listings\21981002\details.txt,49,prefix_number,STVR,STR2025-1098,STVR STR2025-1098,Term Vacation Rental (STVR) Permit,
listings\21987084\details.txt,8,prefix_number,SVR,SVR-01174,SVR SVR-01174,,
listings\21987084\details.txt,9,prefix_number,SVR,SVR-01174,SVR SVR-01174,,
listings\22184994\details.txt,10,prefix_number,SVR,SVR-00117,SVR SVR-00117,Licensed City of Savannah,
listings\22184994\details.txt,11,prefix_number,SVR,SVR-00117,SVR SVR-00117,Licensed City of Savannah,
listings\22203094\details.txt,81,prefix_number,SVR,SVR-00806,SVR SVR-00806,,
listings\22203094\details.txt,82,prefix_number,SVR,SVR-00806,SVR SVR-00806,,
listings\22206367\details.txt,8,prefix_number,SVR,SVR-00118,SVR SVR-00118,,
listings\22206367\details.txt,9,prefix_number,SVR,SVR-00118,SVR SVR-00118,,
listings\2225311\details.txt,7,prefix_number,SVR,00251,SVR 00251,appliances & granite counters. (SVR#-,
listings\22259545\details.txt,23,prefix_number,SVR,SVR-00676,SVR SVR-00676,,
listings\22259545\details.txt,24,prefix_number,SVR,SVR-00676,SVR SVR-00676,,
listings\22447546\details.txt,31,prefix_number,SVR,00609,SVR 00609,SVR-,
listings\22447546\details.txt,32,prefix_number,SVR,00609,SVR 00609,SVR-,
listings\22447555\details.txt,24,prefix_number,SVR,SVR-00236,SVR SVR-00236,STVR Permit #:,
listings\22447555\details.txt,25,prefix_number,SVR,SVR-00236,SVR SVR-00236,STVR Permit #:,
listings\22447569\details.txt,27,prefix_number,SVR,SVR-00942,SVR SVR-00942,,
listings\22447569\details.txt,28,prefix_number,SVR,SVR-00942,SVR SVR-00942,,
listings\22447571\details.txt,33,prefix_number,SVR,SVR-00409,SVR SVR-00409,,
listings\22447571\details.txt,34,prefix_number,SVR,SVR-00409,SVR SVR-00409,,
listings\22447578\details.txt,31,prefix_number,SVR,SVR-00525,SVR SVR-00525,,
listings\22447578\details.txt,32,prefix_number,SVR,SVR-00525,SVR SVR-00525,,
listings\22447581\details.txt,27,prefix_number,SVR,SVR-00106,SVR SVR-00106,Permit #:,
listings\22447581\details.txt,28,prefix_number,SVR,SVR-00106,SVR SVR-00106,Permit #:,
listings\22447596\details.txt,26,prefix_number,SVR,SVR-00613,SVR SVR-00613,,
listings\22447596\details.txt,27,prefix_number,SVR,SVR-00613,SVR SVR-00613,,
listings\22447600\details.txt,29,prefix_number,SVR,SVR-00348,SVR SVR-00348,Savannah STVR Permit #:,
listings\22447600\details.txt,30,prefix_number,SVR,SVR-00348,SVR SVR-00348,Savannah STVR Permit #:,
listings\22447608\details.txt,28,prefix_number,SVR,SVR-01813,SVR SVR-01813,,
listings\22447608\details.txt,29,prefix_number,SVR,SVR-01813,SVR SVR-01813,,
listings\22447614\details.txt,28,prefix_number,SVR,SVR-00723,SVR SVR-00723,,
listings\22447614\details.txt,29,prefix_number,SVR,SVR-00723,SVR SVR-00723,,
listings\22447623\details.txt,27,prefix_number,SVR,SVR-00191,SVR SVR-00191,Permit #:,
listings\22447623\details.txt,28,prefix_number,SVR,SVR-00191,SVR SVR-00191,Permit #:,
listings\22447630\details.txt,27,prefix_number,SVR,SVR-00873,SVR SVR-00873,,
listings\22447630\details.txt,28,prefix_number,SVR,SVR-00873,SVR SVR-00873,,
listings\22447637\details.txt,24,prefix_number,SVR,00540,SVR 00540,Three: Trundle Bed (2 Twins),
listings\22447637\details.txt,25,prefix_number,SVR,00540,SVR 00540,,
listings\22447640\details.txt,25,prefix_number,SVR,SVR-00377,SVR SVR-00377,Permit #:,
listings\22447640\details.txt,26,prefix_number,SVR,SVR-00377,SVR SVR-00377,Permit #:,
listings\22447643\details.txt,29,prefix_number,SVR,SVR-01114,SVR SVR-01114,,
listings\22447643\details.txt,30,prefix_number,SVR,SVR-01114,SVR SVR-01114,,
listings\22447664\details.txt,31,prefix_number,SVR,SVR-00381,SVR SVR-00381,Savannah STVR Permit #:,
listings\22447664\details.txt,32,prefix_number,SVR,SVR-00381,SVR SVR-00381,Savannah STVR Permit #:,
listings\22447665\details.txt,31,prefix_number,SVR,SVR-00144,SVR SVR-00144,,
listings\22447665\details.txt,32,prefix_number,SVR,SVR-00144,SVR SVR-00144,,
listings\22447666\details.txt,21,prefix_number,SVR,SVR-00378,SVR SVR-00378,Permit #:,
listings\22447666\details.txt,22,prefix_number,SVR,SVR-00378,SVR SVR-00378,Permit #:,
listings\22447667\details.txt,35,prefix_number,SVR,00610,SVR 00610,SVR-,
listings\22447667\details.txt,36,prefix_number,SVR,00610,SVR 00610,SVR-,
listings\22447671\details.txt,21,prefix_number,SVR,00431,SVR 00431,SVR-,
listings\22447671\details.txt,22,prefix_number,SVR,00431,SVR 00431,SVR-,
listings\22447673\details.txt,30,prefix_number,SVR,SVR-00201,SVR SVR-00201,Term Vacation Rental Permit #:,
listings\22447673\details.txt,31,prefix_number,SVR,SVR-00201,SVR SVR-00201,Term Vacation Rental Permit #:,
listings\22447674\details.txt,29,prefix_number,SVR,SVR-00337,SVR SVR-00337,STVR Permit #:,
listings\22447674\details.txt,30,prefix_number,SVR,SVR-00337,SVR SVR-00337,STVR Permit #:,
listings\22447677\details.txt,30,prefix_number,SVR,SVR-00611,SVR SVR-00611,,
listings\22447677\details.txt,31,prefix_number,SVR,SVR-00611,SVR SVR-00611,,
listings\22447691\details.txt,30,prefix_number,SVR,SVR-00349,SVR SVR-00349,,
listings\22447691\details.txt,31,prefix_number,SVR,SVR-00349,SVR SVR-00349,,
listings\22447704\details.txt,26,prefix_number,SVR,SVR-00208,SVR SVR-00208,,
listings\22447704\details.txt,27,prefix_number,SVR,SVR-00208,SVR SVR-00208,,
listings\22447706\details.txt,31,prefix_number,SVR,SVR-00506,SVR SVR-00506,,
listings\22447706\details.txt,32,prefix_number,SVR,SVR-00506,SVR SVR-00506,,
listings\22447717\details.txt,29,prefix_number,SVR,SVR-00186,SVR SVR-00186,Term Vacation Rental Permit #:,
listings\22447717\details.txt,30,prefix_number,SVR,SVR-00186,SVR SVR-00186,Term Vacation Rental Permit #:,
listings\22447727\details.txt,26,prefix_number,SVR,SVR-00238,SVR SVR-00238,Term Vacation Rental Permit #:,
listings\22447727\details.txt,27,prefix_number,SVR,SVR-00238,SVR SVR-00238,Term Vacation Rental Permit #:,
listings\22447729\details.txt,26,prefix_number,SVR,SVR-00187,SVR SVR-00187,STVR Permit #:,
listings\22447729\details.txt,27,prefix_number,SVR,SVR-00187,SVR SVR-00187,STVR Permit #:,
listings\22447730\details.txt,28,prefix_number,SVR,SVR-00123,SVR SVR-00123,Term Vacation Rental Permit #:,
listings\22447730\details.txt,29,prefix_number,SVR,SVR-00123,SVR SVR-00123,Term Vacation Rental Permit #:,
listings\22447734\details.txt,26,prefix_number,SVR,SVR-01103,SVR SVR-01103,,
listings\22447734\details.txt,27,prefix_number,SVR,SVR-01103,SVR SVR-01103,,
listings\22447740\details.txt,30,prefix_number,SVR,SVR-00311,SVR SVR-00311,,
listings\22447740\details.txt,31,prefix_number,SVR,SVR-00311,SVR SVR-00311,,
listings\22447742\details.txt,25,prefix_number,SVR,SVR-00381,SVR SVR-00381,Savannah STVR Permit #:,
listings\22447742\details.txt,26,prefix_number,SVR,SVR-00381,SVR SVR-00381,Savannah STVR Permit #:,
listings\22447744\details.txt,27,prefix_number,SVR,SVR-00459,SVR SVR-00459,,
listings\22447744\details.txt,28,prefix_number,SVR,SVR-00459,SVR SVR-00459,,
listings\22447750\details.txt,28,prefix_number,SVR,SVR-02577,SVR SVR-02577,,
listings\22447750\details.txt,29,prefix_number,SVR,SVR-02577,SVR SVR-02577,,
listings\22447756\details.txt,27,prefix_number,SVR,SVR-00438,SVR SVR-00438,Short-term Vacation Rental Permit:,
listings\22447756\details.txt,28,prefix_number,SVR,SVR-00438,SVR SVR-00438,Short-term Vacation Rental Permit:,
listings\22494695\details.txt,8,prefix_number,SVR,SVR-00443,SVR SVR-00443,,
listings\22494695\details.txt,9,prefix_number,SVR,SVR-00443,SVR SVR-00443,,
listings\2250524\details.txt,7,prefix_number,STVR,STVR-00164,STVR STVR-00164,historic luxury and modern convenience.,Studio with King Bed available
listings\2250524\details.txt,7,prefix_number,STVR,STVR-03089,STVR STVR-03089,Bed available as separate rental,
listings\2250524\details.txt,47,prefix_number,LICENSE,SBR-03089,License SBR-03089,ground level of the house(License,which can be rented. Ideal
listings\2250524\details.txt,48,prefix_number,LICENSE,SBR-03089,License SBR-03089,ground level of the house(License,which can be rented. Ideal
listings\22751152\details.txt,53,prefix_number,SVR,SVR-00265,SVR SVR-00265,,
listings\22751152\details.txt,54,prefix_number,SVR,SVR-00265,SVR SVR-00265,,
listings\22770344\details.txt,69,prefix_number,SVR,SVR-01482,SVR SVR-01482,,
listings\22770344\details.txt,70,prefix_number,SVR,SVR-01482,SVR SVR-01482,,
listings\22849610\details.txt,24,prefix_number,SVR,SVR-00855,SVR SVR-00855,Our STVR permit number is,
listings\22849610\details.txt,25,prefix_number,SVR,SVR-00855,SVR SVR-00855,Our STVR permit number is,
listings\22968668\details.txt,8,prefix_number,SVR,SVR-01564,SVR SVR-01564,City license,
listings\22968668\details.txt,9,prefix_number,SVR,SVR-01564,SVR SVR-01564,City license,
listings\22996069\details.txt,36,prefix_number,SVR,SVR-00464,SVR SVR-00464,,
listings\22996069\details.txt,37,prefix_number,SVR,SVR-00464,SVR SVR-00464,,SVR-02281*
listings\22996069\details.txt,37,prefix_number,SVR,SVR-02281,SVR SVR-02281,SVR-00464*,
listings\22996069\details.txt,38,prefix_number,SVR,SVR-02281,SVR SVR-02281,,
listings\23199579\details.txt,12,prefix_number,SVR,SVR-01328,SVR SVR-01328,,
listings\23199579\details.txt,13,prefix_number,SVR,SVR-01328,SVR SVR-01328,,
listings\23304184\details.txt,29,prefix_number,SVR,SVR-03270,SVR SVR-03270,,
listings\23304184\details.txt,30,prefix_number,SVR,SVR-03270,SVR SVR-03270,,
listings\23328571\details.txt,10,prefix_number,OTC,OTC-023010,OTC OTC-023010,,
listings\23328571\details.txt,11,prefix_number,OTC,OTC-023010,OTC OTC-023010,,
listings\23391232\details.txt,27,prefix_number,STVR,STR2025-0575,STVR STR2025-0575,Term Vacation Rental (STVR) Permit,
listings\23391232\details.txt,28,prefix_number,STVR,STR2025-0575,STVR STR2025-0575,Term Vacation Rental (STVR) Permit,
listings\23393371\details.txt,26,prefix_number,STVR,STR2025-0568,STVR STR2025-0568,Term Vacation Rental (STVR) Permit,
listings\23393371\details.txt,27,prefix_number,STVR,STR2025-0568,STVR STR2025-0568,Term Vacation Rental (STVR) Permit,
listings\23477293\details.txt,10,prefix_number,SVR,SVR-00771,SVR SVR-00771,City of Savannah,
listings\23477293\details.txt,11,prefix_number,SVR,SVR-00771,SVR SVR-00771,City of Savannah,
listings\23609036\details.txt,10,number_only,,31328,31328,,
listings\23609036\details.txt,11,number_only,,31328,31328,"18th Terrace, Tybee Island, GA,",
listings\23609036\details.txt,32,prefix_number,STVR,STR2025-0739,STVR STR2025-0739,rent this property. STVR License,
listings\23609036\details.txt,33,prefix_number,STVR,STR2025-0739,STVR STR2025-0739,STVR License,
listings\23727872\details.txt,29,prefix_number,SVR,01478,SVR 01478,GA SVR,
listings\23727872\details.txt,30,prefix_number,SVR,01478,SVR 01478,GA SVR,
listings\23899905\details.txt,7,prefix_number,STVR,01244,stvr 01244,stvr,Eclectic Carriage House. Private entrance.
listings\24033428\details.txt,25,prefix_number,SVR,SVR-01009,SVR SVR-01009,,
listings\24033428\details.txt,26,prefix_number,SVR,SVR-01009,SVR SVR-01009,,
listings\24033429\details.txt,23,prefix_number,SVR,SVR-01510,SVR SVR-01510,,
listings\24033429\details.txt,24,prefix_number,SVR,SVR-01510,SVR SVR-01510,,
listings\24033433\details.txt,22,prefix_number,SVR,SVR-00905,SVR SVR-00905,,
listings\24033433\details.txt,23,prefix_number,SVR,SVR-00905,SVR SVR-00905,,
listings\24033436\details.txt,29,prefix_number,SVR,SVR-00952,SVR SVR-00952,,
listings\24033436\details.txt,30,prefix_number,SVR,SVR-00952,SVR SVR-00952,,
listings\24066695\details.txt,30,prefix_number,STVR,STR2025-0569,STVR STR2025-0569,Term Vacation Rental (STVR) Permit,
listings\24066695\details.txt,31,prefix_number,STVR,STR2025-0569,STVR STR2025-0569,Term Vacation Rental (STVR) Permit,
listings\24491611\details.txt,26,prefix_number,SVR,SVR-01549,SVR SVR-01549,,
listings\24491611\details.txt,27,prefix_number,SVR,SVR-01549,SVR SVR-01549,,
listings\24508965\details.txt,8,prefix_number,SVR,02090,SVR 02090,door. City of Savannah SVR-,
listings\24508965\details.txt,9,prefix_number,SVR,02090,SVR 02090,City of Savannah SVR-,
listings\24540378\details.txt,32,prefix_number,SVR,SVR-03019,SVR SVR-03019,,
listings\24540378\details.txt,33,prefix_number,SVR,SVR-03019,SVR SVR-03019,,
listings\24710746\details.txt,7,number_only,,STRV-000963,STRV-000963,*Parking available May through November,
listings\25148356\details.txt,8,prefix_number,SVR,SVR-01650,SVR SVR-01650,City of Savannah,
listings\25148356\details.txt,9,prefix_number,SVR,SVR-01650,SVR SVR-01650,City of Savannah,
listings\25164262\details.txt,28,prefix_number,SVR,SVR-00842,SVR SVR-00842,,
listings\25164262\details.txt,29,prefix_number,SVR,SVR-00842,SVR SVR-00842,,
listings\25188572\details.txt,31,prefix_number,SVR,SVR-00246,SVR SVR-00246,,
listings\25188572\details.txt,32,prefix_number,SVR,SVR-00246,SVR SVR-00246,,
listings\25188576\details.txt,29,prefix_number,SVR,SVR-00553,SVR SVR-00553,,
listings\25188576\details.txt,30,prefix_number,SVR,SVR-00553,SVR SVR-00553,,
listings\25188584\details.txt,19,prefix_number,SVR,SVR-00433,SVR SVR-00433,Certificate#,
listings\25188584\details.txt,20,prefix_number,SVR,SVR-00433,SVR SVR-00433,Certificate#,
listings\25480727\details.txt,36,prefix_number,STVR,00881,STVR 00881,STVR,
listings\25480727\details.txt,37,prefix_number,STVR,00881,STVR 00881,STVR,
listings\25514450\details.txt,23,prefix_number,SVR,SVR-02249,SVR SVR-02249,,
listings\25514450\details.txt,24,prefix_number,SVR,SVR-02249,SVR SVR-02249,,
listings\25514450\details.txt,63,prefix_number,SVR,SVR-02249,SVR SVR-02249,,
listings\25514450\details.txt,64,prefix_number,SVR,SVR-02249,SVR SVR-02249,,
listings\25532864\details.txt,28,prefix_number,SVR,SVR-02918,SVR SVR-02918,,
listings\25532864\details.txt,29,prefix_number,SVR,SVR-02918,SVR SVR-02918,,
listings\25864023\details.txt,7,prefix_number,SVR,SVR-01649,SVR SVR-01649,known for. (City of Savannah,
listings\25864321\details.txt,8,prefix_number,SVR,SVR-01651,SVR SVR-01651,City of Savannah,
listings\25864321\details.txt,9,prefix_number,SVR,SVR-01651,SVR SVR-01651,City of Savannah,
listings\25864489\details.txt,8,prefix_number,SVR,SVR-01653,SVR SVR-01653,City of Savannah,
listings\25864489\details.txt,9,prefix_number,SVR,SVR-01653,SVR SVR-01653,City of Savannah,
listings\25909227\details.txt,25,prefix_number,SVR,SVR-01625,SVR SVR-01625,,(Savannah STVR Permit #)
listings\25909227\details.txt,26,prefix_number,SVR,SVR-01625,SVR SVR-01625,,(Savannah STVR Permit #)
listings\25977734\details.txt,13,prefix_number,STVR,STVR-01584,STVR STVR-01584,A legal listing with Savannah:,and 01583. All bookings are
listings\25977734\details.txt,13,prefix_number,STVR,01583,STVR 01583,"listing with Savannah: STVR-01584, and",All bookings are subjected to
listings\25977734\details.txt,14,prefix_number,STVR,STVR-01584,STVR STVR-01584,A legal listing with Savannah:,and 01583. All bookings are
listings\25977734\details.txt,14,prefix_number,STVR,01583,STVR 01583,"listing with Savannah: STVR-01584, and",All bookings are subjected to
listings\25977734\details.txt,28,prefix_number,STVR,01583,STVR 01583,things to note STVR -,and 01584.
listings\25977734\details.txt,28,prefix_number,STVR,01584,STVR 01584,note STVR - 01583 and,
listings\25977734\details.txt,29,prefix_number,STVR,01583,STVR 01583,STVR -,and 01584.
listings\25977734\details.txt,29,prefix_number,STVR,01584,STVR 01584,STVR - 01583 and,
listings\25978159\details.txt,7,prefix_number,SVR,SVR-01130,SVR SVR-01130,multi-month executive rentals are preferred.,
listings\25978159\details.txt,8,prefix_number,SVR,SVR-01130,SVR SVR-01130,,
listings\26023275\details.txt,13,prefix_number,STVR,STVR-01583,STVR STVR-01583,Legal listing with Savannah:,All booking are subjected to
listings\26023275\details.txt,14,prefix_number,STVR,STVR-01583,STVR STVR-01583,Legal listing with Savannah:,All booking are subjected to
listings\26023275\details.txt,28,prefix_number,STVR,STVR-01583,STVR STVR-01583,Other things to note,
listings\26023275\details.txt,29,prefix_number,STVR,STVR-01583,STVR STVR-01583,,
listings\26214569\details.txt,7,prefix_number,SVR,SVR-01825,SVR SVR-01825,Has inferred sauna in bedroom!,
listings\26214569\details.txt,8,prefix_number,SVR,SVR-01825,SVR SVR-01825,,
listings\26319547\details.txt,46,prefix_number,SVR,SVR-01596,SVR SVR-01596,,
listings\26319547\details.txt,47,prefix_number,SVR,SVR-01596,SVR SVR-01596,,
listings\26333047\details.txt,8,prefix_number,SVR,01538,SVR 01538,SVR,
listings\26333047\details.txt,9,prefix_number,SVR,01538,SVR 01538,SVR,
listings\26352199\details.txt,86,prefix_number,SVR,SVR-02891,SVR SVR-02891,,
listings\26352199\details.txt,87,prefix_number,SVR,SVR-02891,SVR SVR-02891,,
listings\26390237\details.txt,8,number_only,,STR2021-00515,STR2021-00515,,
listings\26390237\details.txt,9,number_only,,STR2021-00515,STR2021-00515,,
listings\26743385\details.txt,23,prefix_number,STVR,00228,STVR 00228,friendly with pet fee STVR,
listings\26743385\details.txt,24,prefix_number,STVR,00228,STVR 00228,STVR,
listings\26805434\details.txt,26,prefix_number,SVR,SVR-01676,SVR SVR-01676,,
listings\26805434\details.txt,27,prefix_number,SVR,SVR-01676,SVR SVR-01676,,
listings\26810084\details.txt,24,prefix_number,STVR,00227,STVR 00227,STVR,
listings\26810084\details.txt,25,prefix_number,STVR,00227,STVR 00227,STVR,
listings\26815476\details.txt,27,prefix_number,STVR,00229,STVR 00229,STVR,
listings\26815476\details.txt,28,prefix_number,STVR,00229,STVR 00229,STVR,
listings\26831490\details.txt,29,prefix_number,SVR,SVR-01940,SVR SVR-01940,,
listings\26831490\details.txt,30,prefix_number,SVR,SVR-01940,SVR SVR-01940,,
listings\26868109\details.txt,10,prefix_number,SVR,SVR-01831,SVR SVR-01831,,
listings\26868109\details.txt,11,prefix_number,SVR,SVR-01831,SVR SVR-01831,,
listings\26934270\details.txt,8,prefix_number,SVR,SVR-01652,SVR SVR-01652,City of Savannah,
listings\26934270\details.txt,9,prefix_number,SVR,SVR-01652,SVR SVR-01652,City of Savannah,
listings\27223488\details.txt,25,prefix_number,SVR,00708,SVR 00708,SVR,
listings\27223488\details.txt,26,prefix_number,SVR,00708,SVR 00708,SVR,
listings\27282063\details.txt,30,prefix_number,SVR,SVR-01578,SVR SVR-01578,,
listings\27282063\details.txt,31,prefix_number,SVR,SVR-01578,SVR SVR-01578,,
listings\27310899\details.txt,8,prefix_number,SVR,SVR-00972,SVR SVR-00972,,
listings\27310899\details.txt,9,prefix_number,SVR,SVR-00972,SVR SVR-00972,,
listings\27311671\details.txt,8,prefix_number,SVR,SVR-00974,SVR SVR-00974,,
listings\27311671\details.txt,9,prefix_number,SVR,SVR-00974,SVR SVR-00974,,
listings\27313147\details.txt,8,prefix_number,SVR,01537,SVR 01537,SVR,
listings\27313147\details.txt,9,prefix_number,SVR,01537,SVR 01537,SVR,
listings\27700826\details.txt,8,prefix_number,SVR,01516,SVR 01516,Savannah SVR,
listings\27700826\details.txt,9,prefix_number,SVR,01516,SVR 01516,Savannah SVR,
listings\28124742\details.txt,26,prefix_number,SVR,SVR-01705,SVR SVR-01705,,
listings\28124742\details.txt,27,prefix_number,SVR,SVR-01705,SVR SVR-01705,,
listings\28125000\details.txt,32,prefix_number,SVR,SVR-01706,SVR SVR-01706,,
listings\28125000\details.txt,33,prefix_number,SVR,SVR-01706,SVR SVR-01706,,
listings\28439088\details.txt,11,prefix_number,OTC,OTC-023065,OTC OTC-023065,License #:,
listings\28439088\details.txt,12,prefix_number,OTC,OTC-023065,OTC OTC-023065,License #:,
listings\28738320\details.txt,8,prefix_number,SVR,SVR-01577,SVR SVR-01577,,
listings\28738320\details.txt,9,prefix_number,SVR,SVR-01577,SVR SVR-01577,,
listings\28751615\details.txt,9,prefix_number,STVR,022712,STVR 022712,The space STVR License #:,
listings\28751615\details.txt,10,prefix_number,STVR,022712,STVR 022712,STVR License #:,
listings\28781168\details.txt,25,prefix_number,SVR,SVR-01511,SVR SVR-01511,,
listings\28781168\details.txt,26,prefix_number,SVR,SVR-01511,SVR SVR-01511,,
listings\28801431\details.txt,25,prefix_number,SVR,SVR-01638,SVR SVR-01638,,
listings\28801431\details.txt,26,prefix_number,SVR,SVR-01638,SVR SVR-01638,,
listings\28950887\details.txt,10,prefix_number,SVR,SVR-02888,SVR SVR-02888,STVR Certificate #,
listings\28950887\details.txt,11,prefix_number,SVR,SVR-02888,SVR SVR-02888,STVR Certificate #,
listings\29037617\details.txt,56,prefix_number,SVR,SVR-02641,SVR SVR-02641,,
listings\29037617\details.txt,57,prefix_number,SVR,SVR-02641,SVR SVR-02641,,
listings\29303070\details.txt,28,prefix_number,SVR,SVR-01702,SVR SVR-01702,,
listings\29303070\details.txt,29,prefix_number,SVR,SVR-01702,SVR SVR-01702,,
listings\29329739\details.txt,25,prefix_number,SVR,SVR-00126,SVR SVR-00126,STVR Permit #:,
listings\29329739\details.txt,26,prefix_number,SVR,SVR-00126,SVR SVR-00126,STVR Permit #:,
listings\29450179\details.txt,52,prefix_number,SVR,SVR-00380,SVR SVR-00380,,
listings\29450179\details.txt,53,prefix_number,SVR,SVR-00380,SVR SVR-00380,,
listings\29510207\details.txt,25,prefix_number,SVR,SVR-01018,SVR SVR-01018,,
listings\29510207\details.txt,26,prefix_number,SVR,SVR-01018,SVR SVR-01018,,
listings\29514894\details.txt,26,prefix_number,SVR,SVR-00298,SVR SVR-00298,,
listings\29514894\details.txt,27,prefix_number,SVR,SVR-00298,SVR SVR-00298,,
listings\29516992\details.txt,8,prefix_number,SVR,SVR-1700,SVR SVR-1700,,
listings\29516992\details.txt,9,prefix_number,SVR,SVR-1700,SVR SVR-1700,,
listings\29703566\details.txt,25,prefix_number,SVR,SVR-01018,SVR SVR-01018,,
listings\29703566\details.txt,26,prefix_number,SVR,SVR-01018,SVR SVR-01018,,
listings\29804946\details.txt,8,prefix_number,SVR,SVR-01509,SVR SVR-01509,,
listings\29804946\details.txt,9,prefix_number,SVR,SVR-01509,SVR SVR-01509,,
listings\29859616\details.txt,8,number_only,,02507,02507,,
listings\29859616\details.txt,9,number_only,,02507,02507,,
listings\29918916\details.txt,30,prefix_number,SVR,SVR-03158,SVR SVR-03158,,
listings\29918916\details.txt,31,prefix_number,SVR,SVR-03158,SVR SVR-03158,,
listings\29929763\details.txt,9,prefix_number,SVR,SVR-01068,SVR SVR-01068,,
listings\29929763\details.txt,10,prefix_number,SVR,SVR-01068,SVR SVR-01068,,
listings\30065602\details.txt,24,prefix_number,SVR,SVR-01809,SVR SVR-01809,,
listings\30065602\details.txt,25,prefix_number,SVR,SVR-01809,SVR SVR-01809,,
listings\30067064\details.txt,8,prefix_number,SVR,SVR-01352,SVR SVR-01352,,
listings\30067064\details.txt,9,prefix_number,SVR,SVR-01352,SVR SVR-01352,,
listings\30142897\details.txt,22,prefix_number,SVR,SVR-01739,SVR SVR-01739,,
listings\30142897\details.txt,23,prefix_number,SVR,SVR-01739,SVR SVR-01739,,
listings\30150806\details.txt,46,prefix_number,SVR,SVR-00696,SVR SVR-00696,Short Term Vacation Rental Certificate,
listings\30150806\details.txt,47,prefix_number,SVR,SVR-00696,SVR SVR-00696,Short Term Vacation Rental Certificate,
listings\30401567\details.txt,7,prefix_number,STVR,01787,stvr 01787,stvr permit#,"Charming & quaint, historic home"
listings\30660651\details.txt,47,prefix_number,SVR,SVR-01580,SVR SVR-01580,Short Term Vacation Rental Certificate,
listings\30660651\details.txt,48,prefix_number,SVR,SVR-01580,SVR SVR-01580,Short Term Vacation Rental Certificate,
listings\30663881\details.txt,61,prefix_number,SVR,SVR-01580,SVR SVR-01580,Short Term Vacation Rental Certificate,
listings\30663881\details.txt,62,prefix_number,SVR,SVR-01580,SVR SVR-01580,Short Term Vacation Rental Certificate,
listings\30669311\details.txt,11,number_only,,466587,466587,,
listings\30669311\details.txt,12,number_only,,466587,466587,can be rented with VRBO,for a total of 8
listings\30734517\details.txt,7,prefix_number,SVR,SVR-02206,SVR SVR-02206,parking for options. No pets.,
listings\30766645\details.txt,46,prefix_number,SVR,SVR-01638,SVR SVR-01638,,& SVR-00565
listings\30766645\details.txt,46,prefix_number,SVR,SVR-00565,SVR SVR-00565,SVR-01638 &,
listings\30766645\details.txt,47,prefix_number,SVR,SVR-01638,SVR SVR-01638,,& SVR-00565
listings\30766645\details.txt,47,prefix_number,SVR,SVR-00565,SVR SVR-00565,SVR-01638 &,
listings\30767664\details.txt,74,prefix_number,SVR,SVR-03263,SVR SVR-03263,,
listings\30767664\details.txt,75,prefix_number,SVR,SVR-03263,SVR SVR-03263,,
listings\30935412\details.txt,26,prefix_number,SVR,SVR-01019,SVR SVR-01019,,
listings\30935412\details.txt,27,prefix_number,SVR,SVR-01019,SVR SVR-01019,,
listings\30979336\details.txt,7,prefix_number,OTC,OTC-023019,OTC OTC-023019,beautiful. Chatham Co business license:,
listings\30979336\details.txt,8,prefix_number,OTC,OTC-023019,OTC OTC-023019,Chatham Co business license:,
listings\31102127\details.txt,7,prefix_number,SVR,00837,SVR 00837,car! City of Savannah SVR,
listings\31308521\details.txt,34,prefix_number,STVR,STR2021-00572,STVR STR2021-00572,Term Vacation Rental (STVR) Permit,
listings\31308521\details.txt,35,prefix_number,STVR,STR2021-00572,STVR STR2021-00572,Term Vacation Rental (STVR) Permit,
listings\31308523\details.txt,34,prefix_number,STVR,STR2021-00573,STVR STR2021-00573,Term Vacation Rental (STVR) Permit,
listings\31308523\details.txt,35,prefix_number,STVR,STR2021-00573,STVR STR2021-00573,Term Vacation Rental (STVR) Permit,
listings\31308533\details.txt,38,prefix_number,STVR,STR2021-00597,STVR STR2021-00597,Term Vacation Rental (STVR) Permit,
listings\31308533\details.txt,39,prefix_number,STVR,STR2021-00597,STVR STR2021-00597,Term Vacation Rental (STVR) Permit,
listings\31308568\details.txt,37,prefix_number,STVR,STR2021-00393,STVR STR2021-00393,Term Vacation Rental (STVR) Permit,
listings\31308568\details.txt,38,prefix_number,STVR,STR2021-00393,STVR STR2021-00393,Term Vacation Rental (STVR) Permit,
listings\31308679\details.txt,37,prefix_number,STVR,STR2021-00613,STVR STR2021-00613,Term Vacation Rental (STVR) Permit,
listings\31308679\details.txt,38,prefix_number,STVR,STR2021-00613,STVR STR2021-00613,Term Vacation Rental (STVR) Permit,
listings\31308683\details.txt,37,prefix_number,STVR,STR2021-00616,STVR STR2021-00616,Term Vacation Rental (STVR) Permit,
listings\31308683\details.txt,38,prefix_number,STVR,STR2021-00616,STVR STR2021-00616,Term Vacation Rental (STVR) Permit,
listings\31308686\details.txt,29,prefix_number,STVR,STR2021-01716,STVR STR2021-01716,Term Vacation Rental (STVR) Permit,
listings\31308686\details.txt,30,prefix_number,STVR,STR2021-01716,STVR STR2021-01716,Term Vacation Rental (STVR) Permit,
listings\31744030\details.txt,12,prefix_number,OTC,OTC-022668,OTC OTC-022668,to note STR License #,
listings\31744030\details.txt,13,prefix_number,OTC,OTC-022668,OTC OTC-022668,STR License #,
listings\31834292\details.txt,11,prefix_number,STVR,01324,STVR 01324,STVR Permit,
listings\31834292\details.txt,12,prefix_number,STVR,01324,STVR 01324,STVR Permit,
listings\31981486\details.txt,30,prefix_number,SVR,SVR-01018,SVR SVR-01018,,
listings\31981486\details.txt,31,prefix_number,SVR,SVR-01018,SVR SVR-01018,,
listings\32067563\details.txt,7,prefix_number,SVR,SVR-00899,SVR SVR-00899,Official Savannah STVR:,-King size bed in each
listings\32067841\details.txt,7,prefix_number,SVR,SVR-01045,SVR SVR-01045,Official Savannah STVR:,-King-size bed in each bedroom
listings\32067841\details.txt,24,prefix_number,SVR,SVR-01045,SVR SVR-01045,to note Official Savannah STVR:,
listings\32067841\details.txt,25,prefix_number,SVR,SVR-01045,SVR SVR-01045,Official Savannah STVR:,
listings\32068472\details.txt,7,prefix_number,SVR,SVR-00992,SVR SVR-00992,Official Savannah STVR:,
listings\32068472\details.txt,23,prefix_number,SVR,SVR-00992,SVR SVR-00992,to note Official Savannah STVR:,
listings\32068472\details.txt,24,prefix_number,SVR,SVR-00992,SVR SVR-00992,Official Savannah STVR:,
listings\32068756\details.txt,7,prefix_number,SVR,SVR-00993,SVR SVR-00993,Official Savannah STVR:,-King bed in one bedroom
listings\32133653\details.txt,24,prefix_number,SVR,SVR-02525,SVR SVR-02525,,
listings\32133653\details.txt,25,prefix_number,SVR,SVR-02525,SVR SVR-02525,,
listings\32240404\details.txt,24,prefix_number,SVR,SVR-00780,SVR SVR-00780,,
listings\32240404\details.txt,25,prefix_number,SVR,SVR-00780,SVR SVR-00780,,
listings\32240429\details.txt,27,prefix_number,SVR,SVR-00128,SVR SVR-00128,Term Vacation Rental Permit #:,
listings\32240429\details.txt,28,prefix_number,SVR,SVR-00128,SVR SVR-00128,Term Vacation Rental Permit #:,
listings\32240441\details.txt,30,prefix_number,SVR,SVR-00780,SVR SVR-00780,,SVR-00942
listings\32240441\details.txt,30,prefix_number,SVR,SVR-00942,SVR SVR-00942,SVR-00780,
listings\32240441\details.txt,31,prefix_number,SVR,SVR-00780,SVR SVR-00780,,SVR-00942
listings\32240441\details.txt,31,prefix_number,SVR,SVR-00942,SVR SVR-00942,SVR-00780,
listings\32240456\details.txt,26,prefix_number,SVR,SVR-02465,SVR SVR-02465,,
listings\32240456\details.txt,27,prefix_number,SVR,SVR-02465,SVR SVR-02465,,
listings\32281464\details.txt,35,prefix_number,STVR,STR2025-1085,STVR STR2025-1085,Term Vacation Rental (STVR) Permit,
listings\32281464\details.txt,36,prefix_number,STVR,STR2025-1085,STVR STR2025-1085,Term Vacation Rental (STVR) Permit,
listings\32406548\details.txt,8,prefix_number,SVR,SVR-01833,SVR SVR-01833,,
listings\32406548\details.txt,9,prefix_number,SVR,SVR-01833,SVR SVR-01833,,
listings\32406548\details.txt,17,number_only,,31401,31401,,
listings\32406548\details.txt,18,number_only,,31401,31401,"E Bryan St, Savannah, GA",to obtain a pass for
listings\32441795\details.txt,12,prefix_number,STVR,02049,STVR 02049,STVR,
listings\32441795\details.txt,13,prefix_number,STVR,02049,STVR 02049,STVR,
listings\32441795\details.txt,21,prefix_number,STVR,02049,STVR 02049,STVR,
listings\32441795\details.txt,22,prefix_number,STVR,02049,STVR 02049,STVR,
listings\32441795\details.txt,31,prefix_number,STVR,02049,STVR 02049,STVR,
listings\32441795\details.txt,32,prefix_number,STVR,02049,STVR 02049,STVR,
listings\32637961\details.txt,7,prefix_number,SVR,SVR-00775,SVR SVR-00775,Official Savannah STVR:,"SVR-00775, SVR-01045"
listings\32637961\details.txt,7,prefix_number,SVR,SVR-01045,SVR SVR-01045,"Official Savannah STVR: SVR-00775, SVR-00775,",
listings\32637961\details.txt,19,prefix_number,SVR,SVR-00775,SVR SVR-00775,to note Official Savannah STVR:,"SVR-00775, SVR-01045"
listings\32637961\details.txt,19,prefix_number,SVR,SVR-01045,SVR SVR-01045,"Official Savannah STVR: SVR-00775, SVR-00775,",
listings\32637961\details.txt,20,prefix_number,SVR,SVR-00775,SVR SVR-00775,Official Savannah STVR:,"SVR-00775, SVR-01045"
listings\32637961\details.txt,20,prefix_number,SVR,SVR-01045,SVR SVR-01045,"Official Savannah STVR: SVR-00775, SVR-00775,",
listings\32638474\details.txt,7,prefix_number,SVR,SVR-00992,SVR SVR-00992,Official Savannah STVR:,SVR-01541 Parkside Estate is a
listings\32638474\details.txt,7,prefix_number,SVR,SVR-00993,SVR SVR-00993,Official Savannah STVR:,SVR-01541 Parkside Estate is a
listings\32638474\details.txt,7,prefix_number,SVR,SVR-01541,SVR SVR-01541,"Official Savannah STVR: SVR-00992,SVR-00993,","Parkside Estate is a three-unit,"
listings\32715469\details.txt,20,prefix_number,SVR,SVR-01913,SVR SVR-01913,,
listings\32715469\details.txt,21,prefix_number,SVR,SVR-01913,SVR SVR-01913,,
listings\32720701\details.txt,85,prefix_number,SVR,SVR-01816,SVR SVR-01816,,
listings\32720701\details.txt,86,prefix_number,SVR,SVR-01816,SVR SVR-01816,,
listings\32915224\details.txt,24,prefix_number,SVR,SVR-01812,SVR SVR-01812,,
listings\32915224\details.txt,25,prefix_number,SVR,SVR-01812,SVR SVR-01812,,
listings\33184851\details.txt,15,prefix_number,SVR,SVR-00379,SVR SVR-00379,,
listings\33184851\details.txt,16,prefix_number,SVR,SVR-00379,SVR SVR-00379,,
listings\33210992\details.txt,9,prefix_number,STR,STR-2090,STR STR-2090,,Grove Point
listings\33210992\details.txt,10,prefix_number,STR,STR-2090,STR STR-2090,,Grove Point
listings\33242405\details.txt,29,prefix_number,SVR,SVR-00818,SVR SVR-00818,,
listings\33242405\details.txt,30,prefix_number,SVR,SVR-00818,SVR SVR-00818,,
listings\33986609\details.txt,33,prefix_number,SVR,00709,SVR 00709,SVR,
listings\33986609\details.txt,34,prefix_number,SVR,00709,SVR 00709,SVR,
listings\34171608\details.txt,8,prefix_number,SVR,SVR-01897,SVR SVR-01897,,
listings\34171608\details.txt,9,prefix_number,SVR,SVR-01897,SVR SVR-01897,,
listings\34356937\details.txt,28,prefix_number,SVR,SVR-01078,SVR SVR-01078,,
listings\34356937\details.txt,29,prefix_number,SVR,SVR-01078,SVR SVR-01078,,
listings\34356956\details.txt,23,prefix_number,SVR,SVR-02004,SVR SVR-02004,,
listings\34356956\details.txt,24,prefix_number,SVR,SVR-02004,SVR SVR-02004,,
listings\34360152\details.txt,7,prefix_number,SVR,SVR-02204,SVR SVR-02204,"room, queen sofa-bed in LR.",
listings\34360152\details.txt,8,prefix_number,SVR,SVR-02204,SVR SVR-02204,,
listings\34535757\details.txt,27,prefix_number,SVR,SVR-01948,SVR SVR-01948,,
listings\34535757\details.txt,28,prefix_number,SVR,SVR-01948,SVR SVR-01948,,
listings\34756764\details.txt,31,prefix_number,STVR,01972,STVR 01972,STVR,
listings\34756764\details.txt,32,prefix_number,STVR,01972,STVR 01972,STVR,
listings\34820455\details.txt,7,prefix_number,SVR,SVR-02087,SVR SVR-02087,of the huge upper balcony.,
listings\35148789\details.txt,77,prefix_number,SVR,SVR-02047,SVR SVR-02047,,
listings\35148789\details.txt,78,prefix_number,SVR,SVR-02047,SVR SVR-02047,,
listings\35153772\details.txt,10,number_only,,31328,31328,,
listings\35153772\details.txt,11,number_only,,31328,31328,"Lewis Ave., Tybee Island, GA,",
listings\35153772\details.txt,36,prefix_number,STVR,STR2025-0745,STVR STR2025-0745,SPECIAL OFF-SEASON RATES! STVR LICENSE,
listings\35153772\details.txt,37,prefix_number,STVR,STR2025-0745,STVR STR2025-0745,STVR LICENSE,
listings\35159954\details.txt,8,prefix_number,SVR,SVR-01031,SVR SVR-01031,,
listings\35159954\details.txt,9,prefix_number,SVR,SVR-01031,SVR SVR-01031,,
listings\35242331\details.txt,7,prefix_number,OTC,OTC-022723,OTC OTC-022723,a private fenced in yard.,
listings\35464053\details.txt,28,prefix_number,SVR,SVR-00705,SVR SVR-00705,,
listings\35464053\details.txt,29,prefix_number,SVR,SVR-00705,SVR SVR-00705,,
listings\35609966\details.txt,34,prefix_number,STVR,STR2025-0599,STVR STR2025-0599,Term Vacation Rental (STVR) Permit,
listings\35609966\details.txt,35,prefix_number,STVR,STR2025-0599,STVR STR2025-0599,Term Vacation Rental (STVR) Permit,
listings\35803247\details.txt,8,prefix_number,SVR,SVR-00090,SVR SVR-00090,,| Proud City of Savannah
listings\35803247\details.txt,9,prefix_number,SVR,SVR-00090,SVR SVR-00090,,| Proud City of Savannah
listings\35842280\details.txt,49,prefix_number,STVR,02096,STVR 02096,with limited mobility - STVR:,
listings\35842280\details.txt,50,prefix_number,STVR,02096,STVR 02096,- STVR:,
listings\36590636\details.txt,27,prefix_number,OTC,OTC-022953,OTC OTC-022953,of this property. It is,
listings\36590636\details.txt,28,prefix_number,OTC,OTC-022953,OTC OTC-022953,of this property. It is,
listings\36699311\details.txt,8,prefix_number,SVR,SVR-01348,SVR SVR-01348,,
listings\36699311\details.txt,9,prefix_number,SVR,SVR-01348,SVR SVR-01348,,
listings\36758405\details.txt,8,prefix_number,SVR,SVR-02001,SVR SVR-02001,,
listings\36758405\details.txt,9,prefix_number,SVR,SVR-02001,SVR SVR-02001,,
listings\36967625\details.txt,23,prefix_number,SVR,SVR-01994,SVR SVR-01994,STVR Permit,
listings\36967625\details.txt,24,prefix_number,SVR,SVR-01994,SVR SVR-01994,STVR Permit,
listings\36967671\details.txt,27,prefix_number,SVR,SVR-01994,SVR SVR-01994,STVR Permit,
listings\36967671\details.txt,28,prefix_number,SVR,SVR-01994,SVR SVR-01994,STVR Permit,
listings\36967684\details.txt,23,prefix_number,SVR,SVR-01994,SVR SVR-01994,STVR Permit,
listings\36967684\details.txt,24,prefix_number,SVR,SVR-01994,SVR SVR-01994,STVR Permit,
listings\37047956\details.txt,7,prefix_number,SVR,SVR-01977,SVR SVR-01977,minutes to SAV International Airport.,
listings\37047956\details.txt,8,prefix_number,SVR,SVR-01977,SVR SVR-01977,,
listings\37591673\details.txt,15,prefix_number,STVR,STR2021-01457,STVR STR2021-01457,Term Vacation Rental (STVR) Permit,
listings\37591673\details.txt,16,prefix_number,STVR,STR2021-01457,STVR STR2021-01457,Term Vacation Rental (STVR) Permit,
listings\37677829\details.txt,7,prefix_number,LICENSE,25649,License 25649,Chatham County Business License: STR,Term Rental)
listings\37829539\details.txt,11,prefix_number,SVR,SVR-03197,SVR SVR-03197,The space,
listings\37829539\details.txt,12,prefix_number,SVR,SVR-03197,SVR SVR-03197,,
listings\38019017\details.txt,68,prefix_number,SVR,SVR-00805,SVR SVR-00805,,
listings\38019017\details.txt,69,prefix_number,SVR,SVR-00805,SVR SVR-00805,,
listings\38040090\details.txt,12,prefix_number,SVR,SVR-00701,SVR SVR-00701,,| Proud City of Savannah
listings\38040090\details.txt,13,prefix_number,SVR,SVR-00701,SVR SVR-00701,,| Proud City of Savannah
listings\38043123\details.txt,104,prefix_number,SVR,SVR-00877,SVR SVR-00877,of the home. Wifi provided.,
listings\38043123\details.txt,105,prefix_number,SVR,SVR-00877,SVR SVR-00877,,
listings\3809287\details.txt,7,prefix_number,STVR,00098,STVR 00098,we are a LEGAL STVR,"Built 1885-Furnished with antiques, modern"
listings\3809287\details.txt,25,prefix_number,SVR,SVR-00098,SVR SVR-00098,*We are LEGAL & LICENSED,Savannah requires all STVR within
listings\3809287\details.txt,26,prefix_number,SVR,SVR-00098,SVR SVR-00098,*We are LEGAL & LICENSED,Savannah requires all STVR within
listings\38095221\details.txt,25,prefix_number,SVR,SVR-01006,SVR SVR-01006,,
listings\38095221\details.txt,26,prefix_number,SVR,SVR-01006,SVR SVR-01006,,
listings\38105905\details.txt,10,prefix_number,SVR,SVR-00089,SVR SVR-00089,,| City of Savannah Short-Term
listings\38105905\details.txt,11,prefix_number,SVR,SVR-00089,SVR SVR-00089,,| City of Savannah Short-Term
listings\38132457\details.txt,8,prefix_number,SVR,SVR-00825,SVR SVR-00825,,
listings\38132457\details.txt,9,prefix_number,SVR,SVR-00825,SVR SVR-00825,,
listings\38133617\details.txt,8,prefix_number,SVR,SVR-00230,SVR SVR-00230,,
listings\38133617\details.txt,9,prefix_number,SVR,SVR-00230,SVR SVR-00230,,
listings\38212832\details.txt,7,prefix_number,STVR,02038,STVR 02038,STVR,ALL SURFACES CLEANED WITH CDC
listings\38259495\details.txt,7,prefix_number,SVR,02039,SVR 02039,SVR,This charming carriage house apartment
listings\3834052\details.txt,10,prefix_number,SVR,SVR-00099,SVR SVR-00099,,
listings\3834052\details.txt,11,prefix_number,SVR,SVR-00099,SVR SVR-00099,,
listings\38456700\details.txt,8,prefix_number,SVR,02098,SVR 02098,SVR,
listings\38456700\details.txt,9,prefix_number,SVR,02098,SVR 02098,SVR,
listings\38458563\details.txt,8,prefix_number,SVR,02099,SVR 02099,SVR,
listings\38458563\details.txt,9,prefix_number,SVR,02099,SVR 02099,SVR,
listings\38460513\details.txt,8,prefix_number,SVR,02097,SVR 02097,SVR,
listings\38460513\details.txt,9,prefix_number,SVR,02097,SVR 02097,SVR,
listings\38578130\details.txt,42,prefix_number,STVR,STR2021-00421,STVR STR2021-00421,Term Vacation Rental (STVR) Permit,
listings\38578130\details.txt,43,prefix_number,STVR,STR2021-00421,STVR STR2021-00421,Term Vacation Rental (STVR) Permit,
listings\38578135\details.txt,33,prefix_number,STVR,STR2021-00424,STVR STR2021-00424,Term Vacation Rental (STVR) Permit,
listings\38578135\details.txt,34,prefix_number,STVR,STR2021-00424,STVR STR2021-00424,Term Vacation Rental (STVR) Permit,
listings\38579566\details.txt,36,prefix_number,STVR,STR2021-00566,STVR STR2021-00566,Term Vacation Rental (STVR) Permit,
listings\38579566\details.txt,37,prefix_number,STVR,STR2021-00566,STVR STR2021-00566,Term Vacation Rental (STVR) Permit,
listings\38580635\details.txt,29,prefix_number,STVR,STR2021-00593,STVR STR2021-00593,Term Vacation Rental (STVR) Permit,
listings\38580635\details.txt,30,prefix_number,STVR,STR2021-00593,STVR STR2021-00593,Term Vacation Rental (STVR) Permit,
listings\38598738\details.txt,31,prefix_number,SVR,SVR-02243,SVR SVR-02243,,
listings\38598738\details.txt,32,prefix_number,SVR,SVR-02243,SVR SVR-02243,,SVR-02244
listings\38598738\details.txt,32,prefix_number,SVR,SVR-02244,SVR SVR-02244,SVR-02243,
listings\38598738\details.txt,33,prefix_number,SVR,SVR-02244,SVR SVR-02244,,
listings\38598739\details.txt,23,prefix_number,SVR,SVR-02243,SVR SVR-02243,,
listings\38598739\details.txt,24,prefix_number,SVR,SVR-02243,SVR SVR-02243,,SVR-02244
listings\38598739\details.txt,24,prefix_number,SVR,SVR-02244,SVR SVR-02244,SVR-02243,
listings\38598739\details.txt,25,prefix_number,SVR,SVR-02244,SVR SVR-02244,,
listings\38598741\details.txt,28,prefix_number,SVR,SVR-02243,SVR SVR-02243,,
listings\38598741\details.txt,29,prefix_number,SVR,SVR-02243,SVR SVR-02243,,SVR-02244
listings\38598741\details.txt,29,prefix_number,SVR,SVR-02244,SVR SVR-02244,SVR-02243,
listings\38598741\details.txt,30,prefix_number,SVR,SVR-02244,SVR SVR-02244,,
listings\38646117\details.txt,14,prefix_number,STVR,22921,STVR 22921,check-in with keypad. STVR No.,
listings\38646117\details.txt,15,prefix_number,STVR,22921,STVR 22921,STVR No.,
listings\38775270\details.txt,41,prefix_number,STR,STR-2021,STR STR-2021,Term Vacation Rental (STVR) Permit,
listings\38775270\details.txt,41,prefix_number,STVR,01299,STVR 01299,Term Vacation Rental (STVR) Permit,
listings\38775270\details.txt,42,prefix_number,STR,STR-2021,STR STR-2021,Term Vacation Rental (STVR) Permit,
listings\38775270\details.txt,42,prefix_number,STVR,01299,STVR 01299,Term Vacation Rental (STVR) Permit,
listings\38775275\details.txt,41,prefix_number,STVR,STR2021-00403,STVR STR2021-00403,Term Vacation Rental (STVR) Permit,
listings\38775275\details.txt,42,prefix_number,STVR,STR2021-00403,STVR STR2021-00403,Term Vacation Rental (STVR) Permit,
listings\38775276\details.txt,41,prefix_number,STVR,STR2021-00408,STVR STR2021-00408,Term Vacation Rental (STVR) Permit,
listings\38775276\details.txt,42,prefix_number,STVR,STR2021-00408,STVR STR2021-00408,Term Vacation Rental (STVR) Permit,
listings\38775279\details.txt,49,prefix_number,STVR,STR2021-00409,STVR STR2021-00409,Term Vacation Rental (STVR) Permit,
listings\38775279\details.txt,50,prefix_number,STVR,STR2021-00409,STVR STR2021-00409,Term Vacation Rental (STVR) Permit,
listings\38873563\details.txt,47,prefix_number,SVR,SVR-00805,SVR SVR-00805,,& SVR-00806*
listings\38873563\details.txt,47,prefix_number,SVR,SVR-00806,SVR SVR-00806,SVR-00805 &,
listings\38873563\details.txt,48,prefix_number,SVR,SVR-00805,SVR SVR-00805,,& SVR-00806*
listings\38873563\details.txt,48,prefix_number,SVR,SVR-00806,SVR SVR-00806,SVR-00805 &,
listings\38998507\details.txt,10,number_only,,31328,31328,,
listings\38998507\details.txt,11,number_only,,31328,31328,"Miller Avenue, Tybee Island, GA,",
listings\38998507\details.txt,25,prefix_number,STVR,STR2025-0735,STVR STR2025-0735,STVR License,
listings\38998507\details.txt,26,prefix_number,STVR,STR2025-0735,STVR STR2025-0735,STVR License,
listings\39052746\details.txt,9,prefix_number,SVR,SVR-01495,SVR SVR-01495,,
listings\39052746\details.txt,10,prefix_number,SVR,SVR-01495,SVR SVR-01495,,For concierge service visit 120WestJones.com
listings\39058129\details.txt,8,prefix_number,SVR,SVR-01498,SVR SVR-01498,,
listings\39058129\details.txt,9,prefix_number,SVR,SVR-01498,SVR SVR-01498,,For concierge services visit 120WestJones.com
listings\39151124\details.txt,36,prefix_number,STVR,STR2025-1025,STVR STR2025-1025,Term Vacation Rental (STVR) Permit,
listings\39151124\details.txt,37,prefix_number,STVR,STR2025-1025,STVR STR2025-1025,Term Vacation Rental (STVR) Permit,
listings\39190671\details.txt,71,prefix_number,SVR,SVR-03040,SVR SVR-03040,,
listings\39190671\details.txt,72,prefix_number,SVR,SVR-03040,SVR SVR-03040,,
listings\39223566\details.txt,8,prefix_number,STVR,02031,STVR 02031,STVR,
listings\39223566\details.txt,9,prefix_number,STVR,02031,STVR 02031,STVR,
listings\39230330\details.txt,8,prefix_number,SVR,02032,SVR 02032,TAPE ALLOWED ON WALLS SVR,
listings\39230330\details.txt,9,prefix_number,SVR,02032,SVR 02032,SVR,
listings\39499165\details.txt,26,prefix_number,STVR,STR2025-0999,STVR STR2025-0999,Term Vacation Rental (STVR) Permit,
listings\39499165\details.txt,27,prefix_number,STVR,STR2025-0999,STVR STR2025-0999,Term Vacation Rental (STVR) Permit,
listings\39754936\details.txt,10,prefix_number,SVR,01712,SVR 01712,SVR,
listings\39754936\details.txt,11,prefix_number,SVR,01712,SVR 01712,SVR,
listings\39964240\details.txt,7,prefix_number,STVR,25073,STVR 25073,Chatham County STVR License #,
listings\39964240\details.txt,8,prefix_number,STVR,25073,STVR 25073,Chatham County STVR License #,
listings\39964240\details.txt,10,prefix_number,STVR,25073,STVR 25073,Chatham County STVR License #,
listings\39964240\details.txt,11,prefix_number,STVR,25073,STVR 25073,Chatham County STVR License #,
listings\40081830\details.txt,21,prefix_number,STVR,STVR-01723,STVR STVR-01723,Legal listing with Savannah:,All bookings are subject to
listings\40081830\details.txt,22,prefix_number,STVR,STVR-01723,STVR STVR-01723,Legal listing with Savannah:,All bookings are subject to
listings\40253114\details.txt,8,prefix_number,SVR,SVR-01129,SVR SVR-01129,,
listings\40253114\details.txt,9,prefix_number,SVR,SVR-01129,SVR SVR-01129,,
listings\40286202\details.txt,34,prefix_number,STVR,STR2025-1092,STVR STR2025-1092,Term Vacation Rental (STVR) Permit,
listings\40286202\details.txt,35,prefix_number,STVR,STR2025-1092,STVR STR2025-1092,Term Vacation Rental (STVR) Permit,
listings\40402108\details.txt,44,prefix_number,SVR,SVR-02109,SVR SVR-02109,,
listings\40402108\details.txt,45,prefix_number,SVR,SVR-02109,SVR SVR-02109,,
listings\40402109\details.txt,55,prefix_number,SVR,SVR-02108,SVR SVR-02108,,
listings\40402109\details.txt,56,prefix_number,SVR,SVR-02108,SVR SVR-02108,,
listings\40402109\details.txt,105,prefix_number,SVR,SVR-02108,SVR SVR-02108,,
listings\40402109\details.txt,106,prefix_number,SVR,SVR-02108,SVR SVR-02108,,
listings\40402111\details.txt,105,prefix_number,SVR,SVR-02108,SVR SVR-02108,,
listings\40402111\details.txt,106,prefix_number,SVR,SVR-02108,SVR SVR-02108,,SVR-02109
listings\40402111\details.txt,106,prefix_number,SVR,SVR-02109,SVR SVR-02109,SVR-02108,
listings\40402111\details.txt,107,prefix_number,SVR,SVR-02109,SVR SVR-02109,,
listings\40475021\details.txt,7,prefix_number,SVR,SVR-02086,SVR SVR-02086,"quirky, and lovely in Savannah!",
listings\40475021\details.txt,8,prefix_number,SVR,SVR-02086,SVR SVR-02086,,
listings\40528508\details.txt,7,prefix_number,OTC,OTC-023578,OTC OTC-023578,(STR License #,
listings\40563996\details.txt,14,prefix_number,SVR,SVR-02425,SVR SVR-02425,Certificate #,
listings\40563996\details.txt,15,prefix_number,SVR,SVR-02425,SVR SVR-02425,Certificate #,
listings\40581973\details.txt,24,prefix_number,SVR,SVR-01004,SVR SVR-01004,,
listings\40581973\details.txt,25,prefix_number,SVR,SVR-01004,SVR SVR-01004,,
listings\40613010\details.txt,22,prefix_number,SVR,SVR-02426,SVR SVR-02426,Sunday all day. Certificate #,
listings\40613010\details.txt,23,prefix_number,SVR,SVR-02426,SVR SVR-02426,Certificate #,
listings\40760885\details.txt,17,prefix_number,SVR,SVR-02425,SVR SVR-02425,Certificate #'s,and 02426
listings\40760885\details.txt,17,prefix_number,CERTIFICATE,02426,Certificate 02426,Certificate #'s SVR-02425 and,
listings\40760885\details.txt,18,prefix_number,SVR,SVR-02425,SVR SVR-02425,Certificate #'s,and 02426
listings\40760885\details.txt,18,prefix_number,CERTIFICATE,02426,Certificate 02426,Certificate #'s SVR-02425 and,
listings\40865696\details.txt,26,prefix_number,SVR,SVR-02063,SVR SVR-02063,,
listings\40865696\details.txt,27,prefix_number,SVR,SVR-02063,SVR SVR-02063,,
listings\40865697\details.txt,27,prefix_number,SVR,SVR-02064,SVR SVR-02064,,
listings\40865697\details.txt,28,prefix_number,SVR,SVR-02064,SVR SVR-02064,,SVR-02065
listings\40865697\details.txt,28,prefix_number,SVR,SVR-02065,SVR SVR-02065,SVR-02064,
listings\40865697\details.txt,29,prefix_number,SVR,SVR-02065,SVR SVR-02065,,
listings\40865700\details.txt,30,prefix_number,SVR,SVR-02064,SVR SVR-02064,,SVR-02065 SVR-02063
listings\40865700\details.txt,30,prefix_number,SVR,SVR-02065,SVR SVR-02065,SVR-02064,SVR-02063
listings\40865700\details.txt,30,prefix_number,SVR,SVR-02063,SVR SVR-02063,SVR-02064 SVR-02065,
listings\40865700\details.txt,31,prefix_number,SVR,SVR-02064,SVR SVR-02064,,SVR-02065 SVR-02063
listings\40865700\details.txt,31,prefix_number,SVR,SVR-02065,SVR SVR-02065,SVR-02064,SVR-02063
listings\40865700\details.txt,31,prefix_number,SVR,SVR-02063,SVR SVR-02063,SVR-02064 SVR-02065,
listings\40967139\details.txt,72,prefix_number,SVR,SVR-01341,SVR SVR-01341,Permit License Number:,
listings\40967139\details.txt,73,prefix_number,SVR,SVR-01341,SVR SVR-01341,Permit License Number:,
listings\41024251\details.txt,90,prefix_number,SVR,SVR-01341,SVR SVR-01341,Permit License Number:,
listings\41024251\details.txt,91,prefix_number,SVR,SVR-01341,SVR SVR-01341,Permit License Number:,
listings\41876697\details.txt,33,prefix_number,STVR,STR2021-00635,STVR STR2021-00635,Term Vacation Rental (STVR) Permit,
listings\41876697\details.txt,34,prefix_number,STVR,STR2021-00635,STVR STR2021-00635,Term Vacation Rental (STVR) Permit,
listings\41876706\details.txt,33,prefix_number,STVR,STR2021-00662,STVR STR2021-00662,Term Vacation Rental (STVR) Permit,
listings\41876706\details.txt,34,prefix_number,STVR,STR2021-00662,STVR STR2021-00662,Term Vacation Rental (STVR) Permit,
listings\41876745\details.txt,37,prefix_number,STVR,STR2021-00574,STVR STR2021-00574,Term Vacation Rental (STVR) Permit,
listings\41876745\details.txt,38,prefix_number,STVR,STR2021-00574,STVR STR2021-00574,Term Vacation Rental (STVR) Permit,
listings\41876757\details.txt,41,prefix_number,STVR,STR2025-0970,STVR STR2025-0970,Term Vacation Rental (STVR) Permit,
listings\41876757\details.txt,42,prefix_number,STVR,STR2025-0970,STVR STR2025-0970,Term Vacation Rental (STVR) Permit,
listings\41876772\details.txt,38,prefix_number,STVR,STR2025-0506,STVR STR2025-0506,Term Vacation Rental (STVR) Permit,
listings\41876772\details.txt,39,prefix_number,STVR,STR2025-0506,STVR STR2025-0506,Term Vacation Rental (STVR) Permit,
listings\41876839\details.txt,37,prefix_number,STVR,STR2025-0644,STVR STR2025-0644,Term Vacation Rental (STVR) Permit,
listings\41876839\details.txt,38,prefix_number,STVR,STR2025-0644,STVR STR2025-0644,Term Vacation Rental (STVR) Permit,
listings\41876840\details.txt,36,prefix_number,STVR,STR2021-00829,STVR STR2021-00829,Term Vacation Rental (STVR) Permit,
listings\41876840\details.txt,37,prefix_number,STVR,STR2021-00829,STVR STR2021-00829,Term Vacation Rental (STVR) Permit,
listings\41877031\details.txt,42,prefix_number,STVR,STR2021-00700,STVR STR2021-00700,Term Vacation Rental (STVR) Permit,
listings\41877031\details.txt,43,prefix_number,STVR,STR2021-00700,STVR STR2021-00700,Term Vacation Rental (STVR) Permit,
listings\41877033\details.txt,41,prefix_number,STVR,STR2025-0510,STVR STR2025-0510,Term Vacation Rental (STVR) Permit,
listings\41877033\details.txt,42,prefix_number,STVR,STR2025-0510,STVR STR2025-0510,Term Vacation Rental (STVR) Permit,
listings\41877041\details.txt,30,prefix_number,STVR,STR2021-00576,STVR STR2021-00576,Term Vacation Rental (STVR) Permit,
listings\41877041\details.txt,31,prefix_number,STVR,STR2021-00576,STVR STR2021-00576,Term Vacation Rental (STVR) Permit,
listings\41877193\details.txt,29,prefix_number,STVR,STR2021-00654,STVR STR2021-00654,Term Vacation Rental (STVR) Permit,
listings\41877193\details.txt,30,prefix_number,STVR,STR2021-00654,STVR STR2021-00654,Term Vacation Rental (STVR) Permit,
listings\42112006\details.txt,22,prefix_number,SVR,SVR-00880,SVR SVR-00880,,
listings\42112006\details.txt,23,prefix_number,SVR,SVR-00880,SVR SVR-00880,,
listings\42112021\details.txt,26,prefix_number,SVR,SVR-00270,SVR SVR-00270,,
listings\42112021\details.txt,27,prefix_number,SVR,SVR-00270,SVR SVR-00270,,
listings\42141391\details.txt,8,prefix_number,SVR,SVR-00829,SVR SVR-00829,,
listings\42141391\details.txt,9,prefix_number,SVR,SVR-00829,SVR SVR-00829,,
listings\42505423\details.txt,34,prefix_number,OTC,OTC-023004,OTC OTC-023004,registered: Chatham County Business License,
listings\42505423\details.txt,35,prefix_number,OTC,OTC-023004,OTC OTC-023004,registered: Chatham County Business License,
listings\42669205\details.txt,7,prefix_number,STR,024027,STR 024027,STR License #,
listings\42669704\details.txt,8,prefix_number,STVR,02105,STVR 02105,City of Savannah STVR -,
listings\42669704\details.txt,9,prefix_number,STVR,02105,STVR 02105,City of Savannah STVR -,
listings\42708351\details.txt,11,prefix_number,SVR,SVR-00425,SVR SVR-00425,,
listings\42708351\details.txt,12,prefix_number,SVR,SVR-00425,SVR SVR-00425,,
listings\42708369\details.txt,29,prefix_number,SVR,SVR-00385,SVR SVR-00385,,
listings\42708369\details.txt,30,prefix_number,SVR,SVR-00385,SVR SVR-00385,,SVR-00386
listings\42708369\details.txt,30,prefix_number,SVR,SVR-00386,SVR SVR-00386,SVR-00385,
listings\42708369\details.txt,31,prefix_number,SVR,SVR-00386,SVR SVR-00386,,
listings\42708398\details.txt,25,prefix_number,SVR,SVR-00426,SVR SVR-00426,,
listings\42708398\details.txt,26,prefix_number,SVR,SVR-00426,SVR SVR-00426,,
listings\42708452\details.txt,23,prefix_number,SVR,SVR-00424,SVR SVR-00424,,
listings\42708452\details.txt,24,prefix_number,SVR,SVR-00424,SVR SVR-00424,,
listings\42733232\details.txt,15,number_only,,STR2024-00034,STR2024-00034,,
listings\42733232\details.txt,16,number_only,,STR2024-00034,STR2024-00034,Permit No.,
listings\42812611\details.txt,24,prefix_number,SVR,SVR-00512,SVR SVR-00512,,
listings\42812611\details.txt,25,prefix_number,SVR,SVR-00512,SVR SVR-00512,,
listings\42813983\details.txt,9,prefix_number,OTC,OTC-022904,OTC OTC-022904,The space,| Recently Updated | Trailer
listings\42813983\details.txt,10,prefix_number,OTC,OTC-022904,OTC OTC-022904,,| Recently Updated | Trailer
listings\42926844\details.txt,46,prefix_number,STVR,STR2021-00685,STVR STR2021-00685,Term Vacation Rental (STVR) Permit,
listings\42926844\details.txt,47,prefix_number,STVR,STR2021-00685,STVR STR2021-00685,Term Vacation Rental (STVR) Permit,
listings\43044691\details.txt,33,number_only,,00508,00508,,
listings\43044691\details.txt,34,prefix_number,STVR,00508,STVR 00508,BL#,STVR# 00508A
listings\43079945\details.txt,8,prefix_number,SVR,SVR-02119,SVR SVR-02119,,
listings\43079945\details.txt,9,prefix_number,SVR,SVR-02119,SVR SVR-02119,,
listings\43254583\details.txt,26,prefix_number,SVR,SVR-00882,SVR SVR-00882,,
listings\43254583\details.txt,27,prefix_number,SVR,SVR-00882,SVR SVR-00882,,
listings\43264961\details.txt,8,prefix_number,STVR,02123,STVR 02123,STVR,
listings\43264961\details.txt,9,prefix_number,STVR,02123,STVR 02123,STVR,
listings\43316095\details.txt,40,prefix_number,SVR,SVR-02116,SVR SVR-02116,License Number:,
listings\43316095\details.txt,41,prefix_number,SVR,SVR-02116,SVR SVR-02116,License Number:,
listings\43379531\details.txt,26,prefix_number,SVR,SVR-02775,SVR SVR-02775,,
listings\43379531\details.txt,27,prefix_number,SVR,SVR-02775,SVR SVR-02775,,
listings\43380094\details.txt,29,prefix_number,STVR,STR2021-01153,STVR STR2021-01153,Term Vacation Rental (STVR) Permit,
listings\43380094\details.txt,30,prefix_number,STVR,STR2021-01153,STVR STR2021-01153,Term Vacation Rental (STVR) Permit,
listings\43387917\details.txt,31,prefix_number,SVR,SVR-03267,SVR SVR-03267,Short-Term Vacation Rental Certificate:,
listings\43387917\details.txt,32,prefix_number,SVR,SVR-03267,SVR SVR-03267,Short-Term Vacation Rental Certificate:,
listings\43389174\details.txt,27,prefix_number,SVR,SVR-03268,SVR SVR-03268,Short-Term Vacation Rental Certificate:,
listings\43389174\details.txt,28,prefix_number,SVR,SVR-03268,SVR SVR-03268,Short-Term Vacation Rental Certificate:,
listings\43449553\details.txt,42,prefix_number,STVR,STR2025-0505,STVR STR2025-0505,Term Vacation Rental (STVR) Permit,
listings\43449553\details.txt,43,prefix_number,STVR,STR2025-0505,STVR STR2025-0505,Term Vacation Rental (STVR) Permit,
listings\43449558\details.txt,37,prefix_number,STVR,STR2021-00548,STVR STR2021-00548,Term Vacation Rental (STVR) Permit,
listings\43449558\details.txt,38,prefix_number,STVR,STR2021-00548,STVR STR2021-00548,Term Vacation Rental (STVR) Permit,
listings\43681370\details.txt,68,prefix_number,STVR,02149,STVR 02149,STVR Permit Number,
listings\43681370\details.txt,69,prefix_number,STVR,02149,STVR 02149,STVR Permit Number,
listings\43721871\details.txt,7,prefix_number,OTC,OTC-022721,OTC OTC-022721,huge private fenced in yard.,
listings\4375519\details.txt,11,prefix_number,SVR,SVR-00537,SVR SVR-00537,Jasmine Quarters -,
listings\4375519\details.txt,12,prefix_number,SVR,SVR-00537,SVR SVR-00537,Jasmine Quarters -,
listings\43800563\details.txt,7,prefix_number,SVR,SVR-02205,SVR SVR-02205,must be disclosed at inquiry.,
listings\43814647\details.txt,59,prefix_number,STVR,STVR-02124,STVR STVR-02124,laws. City of Savannah Permit,
listings\43814647\details.txt,60,prefix_number,STVR,STVR-02124,STVR STVR-02124,laws. City of Savannah Permit,
listings\43860694\details.txt,43,prefix_number,STVR,STR2021-00590,STVR STR2021-00590,Term Vacation Rental (STVR) Permit,
listings\43860694\details.txt,44,prefix_number,STVR,STR2021-00590,STVR STR2021-00590,Term Vacation Rental (STVR) Permit,
listings\43860695\details.txt,39,prefix_number,STVR,STR2022-00298,STVR STR2022-00298,Term Vacation Rental (STVR) Permit,
listings\43860695\details.txt,40,prefix_number,STVR,STR2022-00298,STVR STR2022-00298,Term Vacation Rental (STVR) Permit,
listings\43860706\details.txt,34,prefix_number,STVR,STR2021-00412,STVR STR2021-00412,Term Vacation Rental (STVR) Permit,
listings\43860706\details.txt,35,prefix_number,STVR,STR2021-00412,STVR STR2021-00412,Term Vacation Rental (STVR) Permit,
listings\43921859\details.txt,32,prefix_number,STVR,STR2023-00054,STVR STR2023-00054,Term Vacation Rental (STVR) Permit,
listings\43921859\details.txt,33,prefix_number,STVR,STR2023-00054,STVR STR2023-00054,Term Vacation Rental (STVR) Permit,
listings\43925232\details.txt,24,prefix_number,SVR,SVR-00064,SVR SVR-00064,,
listings\43925232\details.txt,25,prefix_number,SVR,SVR-00064,SVR SVR-00064,,
listings\43925248\details.txt,28,prefix_number,SVR,SVR-01812,SVR SVR-01812,,SVR-01813
listings\43925248\details.txt,28,prefix_number,SVR,SVR-01813,SVR SVR-01813,SVR-01812,
listings\43925248\details.txt,29,prefix_number,SVR,SVR-01812,SVR SVR-01812,,SVR-01813
listings\43925248\details.txt,29,prefix_number,SVR,SVR-01813,SVR SVR-01813,SVR-01812,
listings\43925264\details.txt,24,prefix_number,SVR,SVR-03014,SVR SVR-03014,,
listings\43925264\details.txt,25,prefix_number,SVR,SVR-03014,SVR SVR-03014,,
listings\4399980\details.txt,14,prefix_number,SVR,SVR-00347,SVR SVR-00347,Term Vacation Rental Permit -,
listings\4399980\details.txt,15,prefix_number,SVR,SVR-00347,SVR SVR-00347,Term Vacation Rental Permit -,
listings\44036352\details.txt,8,prefix_number,SVR,02277,SVR 02277,SVR,
listings\44036352\details.txt,9,prefix_number,SVR,02277,SVR 02277,SVR,
listings\44405242\details.txt,7,prefix_number,SVR,SVR-02177,SVR SVR-02177,within walking distance of everything!,
listings\44405242\details.txt,8,prefix_number,SVR,SVR-02177,SVR SVR-02177,,
listings\44450808\details.txt,8,prefix_number,OTC,OTC-023054,OTC OTC-023054,License:,
listings\44450808\details.txt,9,prefix_number,OTC,OTC-023054,OTC OTC-023054,License:,
listings\44550775\details.txt,25,prefix_number,SVR,SVR-02156,SVR SVR-02156,,
listings\44550775\details.txt,26,prefix_number,SVR,SVR-02156,SVR SVR-02156,,
listings\44550785\details.txt,26,prefix_number,SVR,SVR-02151,SVR SVR-02151,,
listings\44550785\details.txt,27,prefix_number,SVR,SVR-02151,SVR SVR-02151,,
listings\44550792\details.txt,29,prefix_number,SVR,SVR-02157,SVR SVR-02157,,
listings\44550792\details.txt,30,prefix_number,SVR,SVR-02157,SVR SVR-02157,,
listings\44550816\details.txt,25,prefix_number,SVR,SVR-02158,SVR SVR-02158,,
listings\44550816\details.txt,26,prefix_number,SVR,SVR-02158,SVR SVR-02158,,
listings\44550842\details.txt,25,prefix_number,SVR,SVR-02159,SVR SVR-02159,,
listings\44550842\details.txt,26,prefix_number,SVR,SVR-02159,SVR SVR-02159,,
listings\44550866\details.txt,27,prefix_number,SVR,SVR-02160,SVR SVR-02160,,
listings\44550866\details.txt,28,prefix_number,SVR,SVR-02160,SVR SVR-02160,,
listings\44550885\details.txt,28,prefix_number,SVR,SVR-02161,SVR SVR-02161,,
listings\44550885\details.txt,29,prefix_number,SVR,SVR-02161,SVR SVR-02161,,
listings\44550904\details.txt,25,prefix_number,SVR,SVR-02162,SVR SVR-02162,,
listings\44550904\details.txt,26,prefix_number,SVR,SVR-02162,SVR SVR-02162,,
listings\44571838\details.txt,25,prefix_number,SVR,SVR-02155,SVR SVR-02155,,
listings\44571838\details.txt,26,prefix_number,SVR,SVR-02155,SVR SVR-02155,,
listings\44627538\details.txt,8,prefix_number,SVR,SVR-02083,SVR SVR-02083,,
listings\44627538\details.txt,9,prefix_number,SVR,SVR-02083,SVR SVR-02083,,
listings\44791148\details.txt,8,prefix_number,SVR,SVR-00975,SVR SVR-00975,,
listings\44791148\details.txt,9,prefix_number,SVR,SVR-00975,SVR SVR-00975,,
listings\45052900\details.txt,8,prefix_number,SVR,02182,SVR 02182,SVR,
listings\45052900\details.txt,9,prefix_number,SVR,02182,SVR 02182,SVR,
listings\45216179\details.txt,29,prefix_number,SVR,SVR-02208,SVR SVR-02208,,
listings\45216179\details.txt,30,prefix_number,SVR,SVR-02208,SVR SVR-02208,,
listings\45225076\details.txt,24,prefix_number,SVR,SVR-02209,SVR SVR-02209,,
listings\45225076\details.txt,25,prefix_number,SVR,SVR-02209,SVR SVR-02209,,
listings\45257924\details.txt,18,prefix_number,SVR,SVR-02255,SVR SVR-02255,Our STVR permit number is,
listings\45257924\details.txt,19,prefix_number,SVR,SVR-02255,SVR SVR-02255,,
listings\45342940\details.txt,44,prefix_number,SVR,SVR-02255,SVR SVR-02255,Our STVR permit number is,
listings\45342940\details.txt,45,prefix_number,SVR,SVR-02255,SVR SVR-02255,Our STVR permit number is,
listings\45450454\details.txt,34,prefix_number,SVR,SVR-02166,SVR SVR-02166,,
listings\45450454\details.txt,35,prefix_number,SVR,SVR-02166,SVR SVR-02166,,
listings\45634794\details.txt,8,prefix_number,STVR,02127,STVR 02127,STVR Permit,
listings\45634794\details.txt,9,prefix_number,STVR,02127,STVR 02127,STVR Permit,
listings\45723378\details.txt,30,prefix_number,STVR,STR2025-1298,STVR STR2025-1298,Term Vacation Rental (STVR) Permit,
listings\45723378\details.txt,31,prefix_number,STVR,STR2025-1298,STVR STR2025-1298,Term Vacation Rental (STVR) Permit,
listings\45766499\details.txt,12,prefix_number,STVR,02199,STVR 02199,STVR Permit,
listings\45766499\details.txt,13,prefix_number,STVR,02199,STVR 02199,STVR Permit,
listings\45878123\details.txt,26,prefix_number,SVR,SVR-01754,SVR SVR-01754,,
listings\45878123\details.txt,27,prefix_number,SVR,SVR-01754,SVR SVR-01754,,SVR-02000
listings\45878123\details.txt,27,prefix_number,SVR,SVR-02000,SVR SVR-02000,SVR-01754,
listings\45878123\details.txt,28,prefix_number,SVR,SVR-02000,SVR SVR-02000,,
listings\45994163\details.txt,39,prefix_number,SVR,02190,SVR 02190,SVR,
listings\45994163\details.txt,40,prefix_number,SVR,02190,SVR 02190,SVR,
listings\46213025\details.txt,26,prefix_number,SVR,SVR-02152,SVR SVR-02152,,
listings\46213025\details.txt,27,prefix_number,SVR,SVR-02152,SVR SVR-02152,,
listings\46331373\details.txt,26,prefix_number,STVR,STR2025-1010,STVR STR2025-1010,Term Vacation Rental (STVR) Permit,
listings\46331373\details.txt,27,prefix_number,STVR,STR2025-1010,STVR STR2025-1010,Term Vacation Rental (STVR) Permit,
listings\46414413\details.txt,16,prefix_number,STR,STR-025740,STR STR-025740,Chatham Co,
listings\46414413\details.txt,17,prefix_number,STR,STR-025740,STR STR-025740,,
listings\46483423\details.txt,25,prefix_number,SVR,SVR-01103,SVR SVR-01103,,
listings\46483423\details.txt,26,prefix_number,SVR,SVR-01103,SVR SVR-01103,,
listings\46816561\details.txt,28,prefix_number,SVR,SVR-02241,SVR SVR-02241,,
listings\46816561\details.txt,29,prefix_number,SVR,SVR-02241,SVR SVR-02241,,
listings\46895389\details.txt,9,prefix_number,SVR,SVR-02222,SVR SVR-02222,Permit,
listings\46895389\details.txt,10,prefix_number,SVR,SVR-02222,SVR SVR-02222,Permit,
listings\47034837\details.txt,7,prefix_number,SVR,SVR-02203,SVR SVR-02203,high speed wifi. No pets.,
listings\47091621\details.txt,27,prefix_number,STVR,STVR-02550,STVR STVR-02550,,
listings\47091621\details.txt,28,prefix_number,STVR,STVR-02550,STVR STVR-02550,,
listings\47215411\details.txt,36,prefix_number,SVR,SVR-02903,SVR SVR-02903,,
listings\47215411\details.txt,37,prefix_number,SVR,SVR-02903,SVR SVR-02903,,
listings\47215411\details.txt,38,prefix_number,SVR,SVR-02903,SVR SVR-02903,,
listings\47215411\details.txt,39,prefix_number,SVR,SVR-02903,SVR SVR-02903,,
listings\47233147\details.txt,13,prefix_number,STVR,02197,STVR 02197,STVR Permit,
listings\47233147\details.txt,14,prefix_number,STVR,02197,STVR 02197,STVR Permit,
listings\47532302\details.txt,33,prefix_number,SVR,SVR-02248,SVR SVR-02248,,
listings\47532302\details.txt,34,prefix_number,SVR,SVR-02248,SVR SVR-02248,,
listings\47701246\details.txt,12,prefix_number,SVR,SVR-02274,SVR SVR-02274,,
listings\47701246\details.txt,13,prefix_number,SVR,SVR-02274,SVR SVR-02274,,
listings\47701246\details.txt,56,prefix_number,SVR,SVR-02274,SVR SVR-02274,,
listings\47701246\details.txt,57,prefix_number,SVR,SVR-02274,SVR SVR-02274,,
listings\47799428\details.txt,20,prefix_number,SVR,SVR-01988,SVR SVR-01988,,
listings\47799428\details.txt,21,prefix_number,SVR,SVR-01988,SVR SVR-01988,,
listings\47799439\details.txt,27,prefix_number,SVR,SVR-01987,SVR SVR-01987,,
listings\47799439\details.txt,28,prefix_number,SVR,SVR-01987,SVR SVR-01987,,
listings\47909226\details.txt,16,prefix_number,STVR,STR2022-00057,STVR STR2022-00057,City of Tybee Island is:,
listings\47909226\details.txt,17,prefix_number,STVR,STR2022-00057,STVR STR2022-00057,City of Tybee Island is:,
listings\47963862\details.txt,8,prefix_number,OTC,022724,OTC 022724,OTC,
listings\47963862\details.txt,9,prefix_number,OTC,022724,OTC 022724,OTC,
listings\48108283\details.txt,36,prefix_number,SVR,SVR-01988,SVR SVR-01988,,
listings\48108283\details.txt,37,prefix_number,SVR,SVR-01988,SVR SVR-01988,,SVR-01987
listings\48108283\details.txt,37,prefix_number,SVR,SVR-01987,SVR SVR-01987,SVR-01988,
listings\48108283\details.txt,38,prefix_number,SVR,SVR-01987,SVR SVR-01987,,
listings\48184109\details.txt,7,prefix_number,SVR,SVR-02266,SVR SVR-02266,seeking a refined Savannah stay.,
listings\48209910\details.txt,9,prefix_number,LICENSE,22807,License 22807,The space License #,"| 2,232 Sq Ft |"
listings\48209910\details.txt,10,prefix_number,LICENSE,22807,License 22807,License #,"| 2,232 Sq Ft |"
listings\48225981\details.txt,7,prefix_number,OTC,OTC-022724,OTC OTC-022724,,"1 King bed, 1 bath"
listings\48278623\details.txt,10,prefix_number,STVR,02237,STVR 02237,STVR,
listings\48278623\details.txt,11,prefix_number,STVR,02237,STVR 02237,STVR,
listings\48284703\details.txt,12,prefix_number,SVR,SVR-02263,SVR SVR-02263,,
listings\48284703\details.txt,13,prefix_number,SVR,SVR-02263,SVR SVR-02263,,
listings\48295805\details.txt,8,prefix_number,STVR,02198,STVR 02198,STVR Permit,
listings\48295805\details.txt,9,prefix_number,STVR,02198,STVR 02198,STVR Permit,
listings\48400317\details.txt,34,prefix_number,SVR,SVR-02297,SVR SVR-02297,,
listings\48400317\details.txt,35,prefix_number,SVR,SVR-02297,SVR SVR-02297,,
listings\48400318\details.txt,68,prefix_number,SVR,SVR-02296,SVR SVR-02296,,
listings\48400318\details.txt,69,prefix_number,SVR,SVR-02296,SVR SVR-02296,,
listings\48400319\details.txt,76,prefix_number,SVR,SVR-02297,SVR SVR-02297,,
listings\48400319\details.txt,77,prefix_number,SVR,SVR-02297,SVR SVR-02297,,SVR-02296
listings\48400319\details.txt,77,prefix_number,SVR,SVR-02296,SVR SVR-02296,SVR-02297,
listings\48400319\details.txt,78,prefix_number,SVR,SVR-02296,SVR SVR-02296,,
listings\48527750\details.txt,8,prefix_number,SVR,SVR-2134,SVR SVR-2134,,
listings\48527750\details.txt,9,prefix_number,SVR,SVR-2134,SVR SVR-2134,,
listings\48528795\details.txt,8,prefix_number,SVR,SVR-2278,SVR SVR-2278,,
listings\48528795\details.txt,9,prefix_number,SVR,SVR-2278,SVR SVR-2278,,
listings\48540229\details.txt,8,prefix_number,SVR,SVR-2279,SVR SVR-2279,,
listings\48540229\details.txt,9,prefix_number,SVR,SVR-2279,SVR SVR-2279,,
listings\48562425\details.txt,12,prefix_number,STVR,02232,STVR 02232,STVR Permit,
listings\48562425\details.txt,13,prefix_number,STVR,02232,STVR 02232,STVR Permit,
listings\48563252\details.txt,14,prefix_number,STVR,02233,STVR 02233,STVR Permit,
listings\48563252\details.txt,15,prefix_number,STVR,02233,STVR 02233,STVR Permit,
listings\48585820\details.txt,10,number_only,,STV-02312,STV-02312,,
listings\48585820\details.txt,11,number_only,,STV-02312,STV-02312,,
listings\48602516\details.txt,8,number_only,,STR2021-00897,STR2021-00897,,
listings\48602516\details.txt,9,number_only,,STR2021-00897,STR2021-00897,,
listings\48621063\details.txt,32,prefix_number,SVR,SVR-02115,SVR SVR-02115,,
listings\48621063\details.txt,33,prefix_number,SVR,SVR-02115,SVR SVR-02115,,
listings\48675605\details.txt,8,prefix_number,SVR,SVR-2226,SVR SVR-2226,,
listings\48675605\details.txt,9,prefix_number,SVR,SVR-2226,SVR SVR-2226,,
listings\48675691\details.txt,8,prefix_number,SVR,SVR-02303,SVR SVR-02303,,
listings\48675691\details.txt,9,prefix_number,SVR,SVR-02303,SVR SVR-02303,,
listings\48896295\details.txt,26,prefix_number,SVR,SVR-02273,SVR SVR-02273,,
listings\48896295\details.txt,27,prefix_number,SVR,SVR-02273,SVR SVR-02273,,
listings\49012113\details.txt,28,prefix_number,SVR,SVR-02576,SVR SVR-02576,,
listings\49012113\details.txt,29,prefix_number,SVR,SVR-02576,SVR SVR-02576,,
listings\49227446\details.txt,33,prefix_number,SVR,SVR-02360,SVR SVR-02360,,
listings\49227446\details.txt,34,prefix_number,SVR,SVR-02360,SVR SVR-02360,,SVR-02361
listings\49227446\details.txt,34,prefix_number,SVR,SVR-02361,SVR SVR-02361,SVR-02360,
listings\49227446\details.txt,35,prefix_number,SVR,SVR-02361,SVR SVR-02361,,
listings\49438511\details.txt,9,number_only,,STR2025-0059,STR2025-0059,,
listings\49438511\details.txt,10,number_only,,STR2025-0059,STR2025-0059,,| Walk to Beaches |
listings\49531635\details.txt,33,prefix_number,STVR,STR2025-1087,STVR STR2025-1087,Term Vacation Rental (STVR) Permit,
listings\49531635\details.txt,34,prefix_number,STVR,STR2025-1087,STVR STR2025-1087,Term Vacation Rental (STVR) Permit,
listings\49588001\details.txt,61,prefix_number,SVR,SVR-02103,SVR SVR-02103,,
listings\49588001\details.txt,62,prefix_number,SVR,SVR-02103,SVR SVR-02103,,
listings\49604258\details.txt,26,prefix_number,SVR,SVR-02337,SVR SVR-02337,,
listings\49604258\details.txt,27,prefix_number,SVR,SVR-02337,SVR SVR-02337,,
listings\49604295\details.txt,24,prefix_number,SVR,SVR-02299,SVR SVR-02299,,
listings\49604295\details.txt,25,prefix_number,SVR,SVR-02299,SVR SVR-02299,,
listings\4962896\details.txt,7,prefix_number,SVR,00243,SVR 00243,kitchen w/stainless steel appliances. (SVR#,
listings\49733790\details.txt,25,prefix_number,SVR,02271,SVR 02271,SVR Permit,
listings\49733790\details.txt,26,prefix_number,SVR,02271,SVR 02271,SVR Permit,
listings\49836048\details.txt,8,prefix_number,SVR,SVR-02227,SVR SVR-02227,,
listings\49836048\details.txt,9,prefix_number,SVR,SVR-02227,SVR SVR-02227,,
listings\49924362\details.txt,24,prefix_number,SVR,SVR-02360,SVR SVR-02360,,
listings\49924362\details.txt,25,prefix_number,SVR,SVR-02360,SVR SVR-02360,,
listings\49924385\details.txt,29,prefix_number,SVR,SVR-02361,SVR SVR-02361,,
listings\49924385\details.txt,30,prefix_number,SVR,SVR-02361,SVR SVR-02361,,
listings\499847011388477721\details.txt,8,prefix_number,SVR,SVR-02403,SVR SVR-02403,,
listings\499847011388477721\details.txt,9,prefix_number,SVR,SVR-02403,SVR SVR-02403,,
listings\50086109\details.txt,50,prefix_number,SVR,SVR-01355,SVR SVR-01355,,
listings\50086109\details.txt,51,prefix_number,SVR,SVR-01355,SVR SVR-01355,,
listings\50086111\details.txt,60,prefix_number,SVR,SVR-02246,SVR SVR-02246,,
listings\50086111\details.txt,61,prefix_number,SVR,SVR-02246,SVR SVR-02246,,
listings\50148720\details.txt,27,prefix_number,STVR,STR2025-1083,STVR STR2025-1083,Term Vacation Rental (STVR) Permit,
listings\50148720\details.txt,28,prefix_number,STVR,STR2025-1083,STVR STR2025-1083,Term Vacation Rental (STVR) Permit,
listings\50148939\details.txt,31,prefix_number,STVR,STR2025-1110,STVR STR2025-1110,Term Vacation Rental (STVR) Permit,
listings\50148939\details.txt,32,prefix_number,STVR,STR2025-1110,STVR STR2025-1110,Term Vacation Rental (STVR) Permit,
listings\50187240\details.txt,8,prefix_number,SVR,SVR-02276,SVR SVR-02276,,
listings\50187240\details.txt,9,prefix_number,SVR,SVR-02276,SVR SVR-02276,,
listings\50190547\details.txt,8,prefix_number,SVR,SVR-2135,SVR SVR-2135,,
listings\50190547\details.txt,9,prefix_number,SVR,SVR-2135,SVR SVR-2135,,
listings\50196539\details.txt,8,prefix_number,STVR,01325,STVR 01325,STVR Permit,
listings\50196539\details.txt,9,prefix_number,STVR,01325,STVR 01325,STVR Permit,
listings\50438130\details.txt,8,prefix_number,SVR,01794,SVR 01794,SVR,
listings\50438130\details.txt,9,prefix_number,SVR,01794,SVR 01794,SVR,
listings\50526047\details.txt,11,prefix_number,SVR,SVR-02342,SVR SVR-02342,all in one! STVR Certificate:,
listings\50526047\details.txt,12,prefix_number,SVR,SVR-02342,SVR SVR-02342,STVR Certificate:,
listings\50625394\details.txt,7,prefix_number,SVR,SVR-02408,SVR SVR-02408,courtyard. City of Savannah Cert:,
listings\50625394\details.txt,8,prefix_number,SVR,SVR-02408,SVR SVR-02408,City of Savannah Cert:,
listings\50654548\details.txt,29,prefix_number,STVR,STR2025-0585,STVR STR2025-0585,Term Vacation Rental (STVR) Permit,
listings\50654548\details.txt,30,prefix_number,STVR,STR2025-0585,STVR STR2025-0585,Term Vacation Rental (STVR) Permit,
listings\50909251\details.txt,9,prefix_number,STVR,02884,STVR 02884,STVR Certificate # SVR-,
listings\50909251\details.txt,10,prefix_number,STVR,02884,STVR 02884,STVR Certificate # SVR-,
listings\50936676\details.txt,26,prefix_number,SVR,SVR-02362,SVR SVR-02362,,
listings\50936676\details.txt,27,prefix_number,SVR,SVR-02362,SVR SVR-02362,,
listings\51060281\details.txt,8,prefix_number,STVR,02196,STVR 02196,STVR Permit,
listings\51060281\details.txt,9,prefix_number,STVR,02196,STVR 02196,STVR Permit,
listings\51117307\details.txt,9,prefix_number,SVR,SVR-02463,SVR SVR-02463,STVR Certificate #,
listings\51117307\details.txt,10,prefix_number,SVR,SVR-02463,SVR SVR-02463,STVR Certificate #,
listings\51322173\details.txt,9,number_only,,STR2025-0147,STR2025-0147,,
listings\51322173\details.txt,10,number_only,,STR2025-0147,STR2025-0147,,"| 2,546 Sq Ft |"
listings\51322633\details.txt,7,prefix_number,SVR,02373,SVR 02373,block away are included! SVR,& 02374
listings\51322633\details.txt,7,prefix_number,SVR,02374,SVR 02374,are included! SVR 02373 &,
listings\51422551\details.txt,8,prefix_number,SVR,02374,SVR 02374,SVR,
listings\51422551\details.txt,9,prefix_number,SVR,02374,SVR 02374,SVR,
listings\51424422\details.txt,8,prefix_number,SVR,02373,SVR 02373,SVR,
listings\51424422\details.txt,9,prefix_number,SVR,02373,SVR 02373,SVR,
listings\51449255\details.txt,49,prefix_number,SVR,SVR-02388,SVR SVR-02388,,& SVR-02392
listings\51449255\details.txt,49,prefix_number,SVR,SVR-02392,SVR SVR-02392,SVR-02388 &,
listings\51449255\details.txt,50,prefix_number,SVR,SVR-02388,SVR SVR-02388,,& SVR-02392
listings\51449255\details.txt,50,prefix_number,SVR,SVR-02392,SVR SVR-02392,SVR-02388 &,
listings\515087371391458793\details.txt,8,prefix_number,SVR,SVR-02029,SVR SVR-02029,,
listings\515087371391458793\details.txt,9,prefix_number,SVR,SVR-02029,SVR SVR-02029,,
listings\51598192\details.txt,29,prefix_number,SVR,SVR-02412,SVR SVR-02412,,
listings\51598192\details.txt,30,prefix_number,SVR,SVR-02412,SVR SVR-02412,,
listings\51844229\details.txt,25,prefix_number,STVR,STR2021-00414,STVR STR2021-00414,Term Vacation Rental (STVR) Permit,
listings\51844229\details.txt,26,prefix_number,STVR,STR2021-00414,STVR STR2021-00414,Term Vacation Rental (STVR) Permit,
listings\51844275\details.txt,33,prefix_number,STVR,STR2021-00416,STVR STR2021-00416,Term Vacation Rental (STVR) Permit,
listings\51844275\details.txt,34,prefix_number,STVR,STR2021-00416,STVR STR2021-00416,Term Vacation Rental (STVR) Permit,
listings\51844372\details.txt,34,prefix_number,STVR,STR2023-00162,STVR STR2023-00162,Term Vacation Rental (STVR) Permit,
listings\51844372\details.txt,35,prefix_number,STVR,STR2023-00162,STVR STR2023-00162,Term Vacation Rental (STVR) Permit,
listings\51938627\details.txt,29,prefix_number,STVR,STR2025-1367,STVR STR2025-1367,Term Vacation Rental (STVR) Permit,
listings\51938627\details.txt,30,prefix_number,STVR,STR2025-1367,STVR STR2025-1367,Term Vacation Rental (STVR) Permit,
listings\51960725\details.txt,8,prefix_number,STVR,02195,STVR 02195,STVR Permit,
listings\51960725\details.txt,9,prefix_number,STVR,02195,STVR 02195,STVR Permit,
listings\52002336\details.txt,22,prefix_number,SVR,SVR-00196,SVR SVR-00196,,
listings\52002336\details.txt,23,prefix_number,SVR,SVR-00196,SVR SVR-00196,,
listings\52002403\details.txt,22,prefix_number,SVR,SVR-00194,SVR SVR-00194,,
listings\52002403\details.txt,23,prefix_number,SVR,SVR-00194,SVR SVR-00194,,
listings\52002423\details.txt,22,prefix_number,SVR,SVR-00193,SVR SVR-00193,,
listings\52002423\details.txt,23,prefix_number,SVR,SVR-00193,SVR SVR-00193,,
listings\52002440\details.txt,22,prefix_number,SVR,SVR-00195,SVR SVR-00195,,
listings\52002440\details.txt,23,prefix_number,SVR,SVR-00195,SVR SVR-00195,,
listings\52033104\details.txt,92,prefix_number,SVR,SVR-02389,SVR SVR-02389,,
listings\52033104\details.txt,93,prefix_number,SVR,SVR-02389,SVR SVR-02389,,
listings\52163347\details.txt,17,prefix_number,SVR,SVR-02430,SVR SVR-02430,Certficate #,
listings\52163347\details.txt,18,prefix_number,SVR,SVR-02430,SVR SVR-02430,Certficate #,
listings\52167034\details.txt,12,prefix_number,SVR,SVR-02431,SVR SVR-02431,things to note Certificate #,
listings\52167034\details.txt,13,prefix_number,SVR,SVR-02431,SVR SVR-02431,Certificate #,
listings\52169154\details.txt,20,prefix_number,SVR,SVR-02428,SVR SVR-02428,Certificate #,
listings\52169154\details.txt,21,prefix_number,SVR,SVR-02428,SVR SVR-02428,Certificate #,
listings\52201812\details.txt,7,prefix_number,STVR,25073,STVR 25073,Chatham County STVR License #,
listings\52201812\details.txt,8,prefix_number,STVR,25073,STVR 25073,Chatham County STVR License #,
listings\52201812\details.txt,10,prefix_number,STVR,25073,STVR 25073,Chatham County STVR License #,
listings\52201812\details.txt,11,prefix_number,STVR,25073,STVR 25073,Chatham County STVR License #,
listings\52475702\details.txt,10,prefix_number,STVR,02859,STVR 02859,Savannah STVR Permit #,
listings\52475702\details.txt,11,prefix_number,STVR,02859,STVR 02859,Savannah STVR Permit #,
listings\52630989\details.txt,34,prefix_number,STVR,STR2021-01769,STVR STR2021-01769,Term Vacation Rental (STVR) Permit,
listings\52630989\details.txt,35,prefix_number,STVR,STR2021-01769,STVR STR2021-01769,Term Vacation Rental (STVR) Permit,
listings\52648572\details.txt,10,number_only,,STV-02409,STV-02409,,
listings\52648572\details.txt,11,number_only,,STV-02409,STV-02409,,
listings\52653119\details.txt,20,prefix_number,SVR,00935,SVR 00935,affordable rate. Come Stay Savannah!,
listings\52653119\details.txt,21,prefix_number,SVR,00935,SVR 00935,,
listings\52952422\details.txt,7,prefix_number,SVR,SVR-01971,SVR SVR-01971,,
listings\53062623\details.txt,30,number_only,,STR2026-0961,STR2026-0961,,
listings\53062623\details.txt,31,number_only,,STR2026-0961,STR2026-0961,,
listings\53062805\details.txt,31,number_only,,STR2026-0957,STR2026-0957,,
listings\53062805\details.txt,32,number_only,,STR2026-0957,STR2026-0957,,
listings\53062808\details.txt,30,number_only,,STR2026-0952,STR2026-0952,,
listings\53062808\details.txt,31,number_only,,STR2026-0952,STR2026-0952,,
listings\53062809\details.txt,29,number_only,,STR2026-0766,STR2026-0766,,
listings\53062809\details.txt,30,number_only,,STR2026-0766,STR2026-0766,,
listings\53062811\details.txt,35,number_only,,STR2026-0935,STR2026-0935,,
listings\53062811\details.txt,36,number_only,,STR2026-0935,STR2026-0935,,
listings\53062830\details.txt,40,number_only,,STR2026-0930,STR2026-0930,,
listings\53062830\details.txt,41,number_only,,STR2026-0930,STR2026-0930,,
listings\53062832\details.txt,32,number_only,,STR2026-0951,STR2026-0951,,
listings\53062832\details.txt,33,number_only,,STR2026-0951,STR2026-0951,,
listings\53062833\details.txt,26,number_only,,STR2026-0549,STR2026-0549,,
listings\53062833\details.txt,27,number_only,,STR2026-0549,STR2026-0549,,
listings\53062835\details.txt,30,number_only,,STR2026-0547,STR2026-0547,,
listings\53062835\details.txt,31,number_only,,STR2026-0547,STR2026-0547,,
listings\53062837\details.txt,29,number_only,,STR2026-0925,STR2026-0925,,
listings\53062837\details.txt,30,number_only,,STR2026-0925,STR2026-0925,,
listings\53062839\details.txt,41,number_only,,STR2026-0942,STR2026-0942,,
listings\53062839\details.txt,42,number_only,,STR2026-0942,STR2026-0942,,
listings\53062842\details.txt,32,number_only,,STR2026-0543,STR2026-0543,,
listings\53062842\details.txt,33,number_only,,STR2026-0543,STR2026-0543,,
listings\53062858\details.txt,29,number_only,,STR2026-0924,STR2026-0924,,
listings\53062858\details.txt,30,number_only,,STR2026-0924,STR2026-0924,,
listings\53062863\details.txt,30,number_only,,STR2026-0545,STR2026-0545,,
listings\53062863\details.txt,31,number_only,,STR2026-0545,STR2026-0545,,
listings\53062864\details.txt,44,number_only,,00936,00936,,
listings\53062864\details.txt,45,number_only,,00936,00936,Short Term Registration,- Oceanfront Cottage Rentals MGR
listings\53062867\details.txt,32,number_only,,STR2026-0928,STR2026-0928,,
listings\53062867\details.txt,33,number_only,,STR2026-0928,STR2026-0928,,
listings\53064527\details.txt,55,prefix_number,SVR,SVR-01616,SVR SVR-01616,,
listings\53064527\details.txt,56,prefix_number,SVR,SVR-01616,SVR SVR-01616,,
listings\531083692184336509\details.txt,7,prefix_number,SVR,SVR-02488,SVR SVR-02488,the heart of downtown Savannah.,
listings\531083692184336509\details.txt,11,prefix_number,SVR,SVR-02488,SVR SVR-02488,,
listings\531083692184336509\details.txt,12,prefix_number,SVR,SVR-02488,SVR SVR-02488,,
listings\53132667\details.txt,8,prefix_number,SVR,SVR-02415,SVR SVR-02415,,
listings\53132667\details.txt,9,prefix_number,SVR,SVR-02415,SVR SVR-02415,,
listings\53144607\details.txt,24,prefix_number,SVR,SVR-01002,SVR SVR-01002,,
listings\53144607\details.txt,25,prefix_number,SVR,SVR-01002,SVR SVR-01002,,
listings\53144619\details.txt,24,prefix_number,SVR,SVR-01043,SVR SVR-01043,,
listings\53144619\details.txt,25,prefix_number,SVR,SVR-01043,SVR SVR-01043,,
listings\53191450\details.txt,8,prefix_number,SVR,SVR-02453,SVR SVR-02453,Short-Term Vacation Rental Certificate:,
listings\53191450\details.txt,9,prefix_number,SVR,SVR-02453,SVR SVR-02453,Short-Term Vacation Rental Certificate:,Business Tax Certificate: GBU20210515
listings\53376630\details.txt,63,prefix_number,SVR,SVR-02486,SVR SVR-02486,approved occupancy of 6 guests.,
listings\53376630\details.txt,64,prefix_number,SVR,SVR-02486,SVR SVR-02486,,
listings\53644603\details.txt,7,prefix_number,SVR,SVR-02466,SVR SVR-02466,,
listings\53644603\details.txt,8,prefix_number,SVR,SVR-02466,SVR SVR-02466,,
listings\53906131\details.txt,10,prefix_number,SVR,SVR-01612,SVR SVR-01612,City of Savannah,
listings\53906131\details.txt,11,prefix_number,SVR,SVR-01612,SVR SVR-01612,City of Savannah,
listings\53917799\details.txt,43,prefix_number,STVR,02474,STVR 02474,STVR Permit,
listings\53917799\details.txt,44,prefix_number,STVR,02474,STVR 02474,STVR Permit,
listings\54082599\details.txt,14,prefix_number,SVR,SVR-01613,SVR SVR-01613,City of Savannah,
listings\54082599\details.txt,15,prefix_number,SVR,SVR-01613,SVR SVR-01613,City of Savannah,
listings\5423138\details.txt,15,prefix_number,SVR,SVR-00132,SVR SVR-00132,City of Savannah,
listings\5423138\details.txt,16,prefix_number,SVR,SVR-00132,SVR SVR-00132,City of Savannah,
listings\54273451\details.txt,23,prefix_number,SVR,SVR-02494,SVR SVR-02494,,
listings\54273451\details.txt,24,prefix_number,SVR,SVR-02494,SVR SVR-02494,,
listings\54294015\details.txt,50,prefix_number,SVR,SVR-02498,SVR SVR-02498,more just outside your door!,
listings\54294015\details.txt,51,prefix_number,SVR,SVR-02498,SVR SVR-02498,,
listings\547796117055595492\details.txt,17,prefix_number,SVR,SVR-02522,SVR SVR-02522,,
listings\547796117055595492\details.txt,18,prefix_number,SVR,SVR-02522,SVR SVR-02522,,
listings\555001615871190773\details.txt,34,prefix_number,SVR,SVR-02495,SVR SVR-02495,,
listings\555001615871190773\details.txt,35,prefix_number,SVR,SVR-02495,SVR SVR-02495,,SVR-02496
listings\555001615871190773\details.txt,35,prefix_number,SVR,SVR-02496,SVR SVR-02496,SVR-02495,
listings\555001615871190773\details.txt,36,prefix_number,SVR,SVR-02496,SVR SVR-02496,,
listings\555002008356694034\details.txt,30,prefix_number,SVR,SVR-02495,SVR SVR-02495,,
listings\555002008356694034\details.txt,31,prefix_number,SVR,SVR-02495,SVR SVR-02495,,
listings\557100421040210223\details.txt,24,prefix_number,SVR,SVR-02493,SVR SVR-02493,,
listings\557100421040210223\details.txt,25,prefix_number,SVR,SVR-02493,SVR SVR-02493,,
listings\557178331171213569\details.txt,8,prefix_number,SVR,01790,SVR 01790,SVR,
listings\557178331171213569\details.txt,9,prefix_number,SVR,01790,SVR 01790,SVR,
listings\557187626411186620\details.txt,19,prefix_number,STVR,STR2025-00266,STVR STR2025-00266,STVR #,
listings\557187626411186620\details.txt,20,prefix_number,STVR,STR2025-00266,STVR STR2025-00266,STVR #,
listings\558631513306335349\details.txt,49,prefix_number,STVR,STR2021-01538,STVR STR2021-01538,Term Vacation Rental (STVR) Permit,
listings\558631513306335349\details.txt,50,prefix_number,STVR,STR2021-01538,STVR STR2021-01538,Term Vacation Rental (STVR) Permit,
listings\558638140323157037\details.txt,29,prefix_number,STVR,STR2021-00376,STVR STR2021-00376,Term Vacation Rental (STVR) Permit,
listings\558638140323157037\details.txt,30,prefix_number,STVR,STR2021-00376,STVR STR2021-00376,Term Vacation Rental (STVR) Permit,
listings\558645659193662676\details.txt,21,prefix_number,STVR,STR2021-01502,STVR STR2021-01502,Term Vacation Rental (STVR) Permit,
listings\558645659193662676\details.txt,22,prefix_number,STVR,STR2021-01502,STVR STR2021-01502,Term Vacation Rental (STVR) Permit,
listings\558701103954887610\details.txt,33,prefix_number,STVR,STR2021-00457,STVR STR2021-00457,Term Vacation Rental (STVR) Permit,
listings\558701103954887610\details.txt,34,prefix_number,STVR,STR2021-00457,STVR STR2021-00457,Term Vacation Rental (STVR) Permit,
listings\559389786453716248\details.txt,11,prefix_number,STR,STR-025983,STR STR-025983,Short-Term Rental license number:,
listings\559389786453716248\details.txt,12,prefix_number,STR,STR-025983,STR STR-025983,,
listings\561650527310734546\details.txt,13,prefix_number,STR,03171,STR 03171,- Private rear courtyard.,
listings\561650527310734546\details.txt,14,prefix_number,STR,03171,STR 03171,,
listings\5617207\details.txt,8,prefix_number,SVR,SVR-00053,SVR SVR-00053,,
listings\5617207\details.txt,9,prefix_number,SVR,SVR-00053,SVR SVR-00053,,
listings\562895267028868441\details.txt,70,prefix_number,SVR,SVR-10555,SVR SVR-10555,Short Term Vacation Rental Certificate,
listings\562895267028868441\details.txt,71,prefix_number,SVR,SVR-10555,SVR SVR-10555,Short Term Vacation Rental Certificate,
listings\562913852151127736\details.txt,29,prefix_number,STVR,STR2021-00468,STVR STR2021-00468,Term Vacation Rental (STVR) Permit,
listings\562913852151127736\details.txt,30,prefix_number,STVR,STR2021-00468,STVR STR2021-00468,Term Vacation Rental (STVR) Permit,
listings\563009496573121659\details.txt,41,prefix_number,STVR,STR2021-00550,STVR STR2021-00550,Term Vacation Rental (STVR) Permit,
listings\563009496573121659\details.txt,42,prefix_number,STVR,STR2021-00550,STVR STR2021-00550,Term Vacation Rental (STVR) Permit,
listings\563625874432225215\details.txt,23,prefix_number,SVR,SVR-02267,SVR SVR-02267,,
listings\563625874432225215\details.txt,24,prefix_number,SVR,SVR-02267,SVR SVR-02267,,
listings\563823285934046622\details.txt,37,prefix_number,STVR,STR2021-01816,STVR STR2021-01816,Term Vacation Rental (STVR) Permit,
listings\563823285934046622\details.txt,38,prefix_number,STVR,STR2021-01816,STVR STR2021-01816,Term Vacation Rental (STVR) Permit,
listings\564505838340992109\details.txt,7,prefix_number,SVR,SVR-02467,SVR SVR-02467,steps leading to River Street.,
listings\564505838340992109\details.txt,8,prefix_number,SVR,SVR-02467,SVR SVR-02467,,
listings\564556726842265439\details.txt,8,prefix_number,SVR,01789,SVR 01789,SVR,
listings\564556726842265439\details.txt,9,prefix_number,SVR,01789,SVR 01789,SVR,
listings\564587661164594125\details.txt,8,prefix_number,SVR,01788,SVR 01788,SVR,
listings\564587661164594125\details.txt,9,prefix_number,SVR,01788,SVR 01788,SVR,
listings\565019960660932190\details.txt,30,prefix_number,SVR,SVR-02539,SVR SVR-02539,,
listings\565019960660932190\details.txt,31,prefix_number,SVR,SVR-02539,SVR SVR-02539,,
listings\565046976393731766\details.txt,29,prefix_number,STVR,STR2021-00601,STVR STR2021-00601,Term Vacation Rental (STVR) Permit,
listings\565046976393731766\details.txt,30,prefix_number,STVR,STR2021-00601,STVR STR2021-00601,Term Vacation Rental (STVR) Permit,
listings\565048509560260271\details.txt,37,prefix_number,STVR,STR2021-00604,STVR STR2021-00604,Term Vacation Rental (STVR) Permit,
listings\565048509560260271\details.txt,38,prefix_number,STVR,STR2021-00604,STVR STR2021-00604,Term Vacation Rental (STVR) Permit,
listings\565065028537045686\details.txt,37,prefix_number,STVR,STR2021-00608,STVR STR2021-00608,Term Vacation Rental (STVR) Permit,
listings\565065028537045686\details.txt,38,prefix_number,STVR,STR2021-00608,STVR STR2021-00608,Term Vacation Rental (STVR) Permit,
listings\565084108255035813\details.txt,29,prefix_number,STVR,STR2021-00629,STVR STR2021-00629,Term Vacation Rental (STVR) Permit,
listings\565084108255035813\details.txt,30,prefix_number,STVR,STR2021-00629,STVR STR2021-00629,Term Vacation Rental (STVR) Permit,
listings\565200809311707226\details.txt,30,prefix_number,STVR,STR2025-1072,STVR STR2025-1072,Term Vacation Rental (STVR) Permit,
listings\565200809311707226\details.txt,31,prefix_number,STVR,STR2025-1072,STVR STR2025-1072,Term Vacation Rental (STVR) Permit,
listings\569578158295985685\details.txt,9,number_only,,23494,23494,,
listings\569578158295985685\details.txt,10,number_only,,23494,23494,Chatham County Permit,
listings\573195498327199695\details.txt,15,prefix_number,SVR,SVR-02481,SVR SVR-02481,,
listings\573195498327199695\details.txt,16,prefix_number,SVR,SVR-02481,SVR SVR-02481,,
listings\573195498327199695\details.txt,21,prefix_number,SVR,SVR-03152,SVR SVR-03152,Other things to note,
listings\573195498327199695\details.txt,22,prefix_number,SVR,SVR-03152,SVR SVR-03152,,
listings\573202024620269659\details.txt,8,prefix_number,OTC,OTC-025839,OTC OTC-025839,License #:,
listings\573202024620269659\details.txt,9,prefix_number,OTC,OTC-025839,OTC OTC-025839,License #:,
listings\573341098711087927\details.txt,8,prefix_number,SVR,01791,SVR 01791,SVR,
listings\573341098711087927\details.txt,9,prefix_number,SVR,01791,SVR 01791,SVR,
listings\573988479004796279\details.txt,71,prefix_number,SVR,SVR-01911,SVR SVR-01911,,
listings\573988479004796279\details.txt,72,prefix_number,SVR,SVR-01911,SVR SVR-01911,,
listings\574698670219459414\details.txt,10,prefix_number,LICENSE,023617,License 023617,License #,
listings\574698670219459414\details.txt,11,prefix_number,LICENSE,023617,License 023617,License #,
listings\576036484670679767\details.txt,27,prefix_number,STVR,STR2025-1118,STVR STR2025-1118,Term Vacation Rental (STVR) Permit,
listings\576036484670679767\details.txt,28,prefix_number,STVR,STR2025-1118,STVR STR2025-1118,Term Vacation Rental (STVR) Permit,
listings\577484828293316122\details.txt,23,prefix_number,SVR,SVR-02496,SVR SVR-02496,,
listings\577484828293316122\details.txt,24,prefix_number,SVR,SVR-02496,SVR SVR-02496,,
listings\577542664559509533\details.txt,8,prefix_number,SVR,SVR-02520,SVR SVR-02520,fifteen (15) steps to enter.,
listings\577542664559509533\details.txt,9,prefix_number,SVR,SVR-02520,SVR SVR-02520,,
listings\577632131553684288\details.txt,8,prefix_number,SVR,SVR-02883,SVR SVR-02883,STVR Certificate #,
listings\577632131553684288\details.txt,9,prefix_number,SVR,SVR-02883,SVR SVR-02883,STVR Certificate #,
listings\578028124648054795\details.txt,7,prefix_number,SVR,SVR-02506,SVR SVR-02506,Brand New Listing!,
listings\578277623305606163\details.txt,7,prefix_number,SVR,SVR-02484,SVR SVR-02484,for exploring the Historic District.,
listings\578277623305606163\details.txt,8,prefix_number,SVR,SVR-02484,SVR SVR-02484,,
listings\579037546343249577\details.txt,8,prefix_number,SVR,SVR-02402,SVR SVR-02402,,
listings\579037546343249577\details.txt,9,prefix_number,SVR,SVR-02402,SVR SVR-02402,,
listings\579844218879712032\details.txt,9,prefix_number,SVR,SVR-02512,SVR SVR-02512,STVR Certificate #,
listings\579844218879712032\details.txt,10,prefix_number,SVR,SVR-02512,SVR SVR-02512,STVR Certificate #,
listings\580257131676723786\details.txt,8,prefix_number,SVR,SVR-02521,SVR SVR-02521,,
listings\580257131676723786\details.txt,9,prefix_number,SVR,SVR-02521,SVR SVR-02521,,
listings\584033497229743404\details.txt,76,prefix_number,SVR,SVR-01912,SVR SVR-01912,,
listings\584033497229743404\details.txt,77,prefix_number,SVR,SVR-01912,SVR SVR-01912,,
listings\589228885902526824\details.txt,87,prefix_number,SVR,SVR-02890,SVR SVR-02890,,
listings\589228885902526824\details.txt,88,prefix_number,SVR,SVR-02890,SVR SVR-02890,,
listings\592635926147958046\details.txt,41,prefix_number,STVR,STR2021-01052,STVR STR2021-01052,Term Vacation Rental (STVR) Permit,
listings\592635926147958046\details.txt,42,prefix_number,STVR,STR2021-01052,STVR STR2021-01052,Term Vacation Rental (STVR) Permit,
listings\592640716286395680\details.txt,7,prefix_number,STVR,02610,STVR 02610,comfortable queen size bed. STVR,
listings\592696313742358840\details.txt,37,prefix_number,STVR,STR2021-01494,STVR STR2021-01494,Term Vacation Rental (STVR) Permit,
listings\592696313742358840\details.txt,38,prefix_number,STVR,STR2021-01494,STVR STR2021-01494,Term Vacation Rental (STVR) Permit,
listings\592699612132517184\details.txt,37,prefix_number,STVR,STR2021-00611,STVR STR2021-00611,Term Vacation Rental (STVR) Permit,
listings\592699612132517184\details.txt,38,prefix_number,STVR,STR2021-00611,STVR STR2021-00611,Term Vacation Rental (STVR) Permit,
listings\592769662273856632\details.txt,32,prefix_number,STVR,STR2021-00568,STVR STR2021-00568,Term Vacation Rental (STVR) Permit,
listings\592769662273856632\details.txt,33,prefix_number,STVR,STR2021-00568,STVR STR2021-00568,Term Vacation Rental (STVR) Permit,
listings\592774111142061389\details.txt,41,prefix_number,STVR,STR2021-01821,STVR STR2021-01821,Term Vacation Rental (STVR) Permit,
listings\592774111142061389\details.txt,42,prefix_number,STVR,STR2021-01821,STVR STR2021-01821,Term Vacation Rental (STVR) Permit,
listings\593418707777154814\details.txt,34,prefix_number,STVR,STR2021-01046,STVR STR2021-01046,Term Vacation Rental (STVR) Permit,
listings\593418707777154814\details.txt,35,prefix_number,STVR,STR2021-01046,STVR STR2021-01046,Term Vacation Rental (STVR) Permit,
listings\594882179051968164\details.txt,44,prefix_number,STVR,STR2021-00669,STVR STR2021-00669,Term Vacation Rental (STVR) Permit,
listings\594882179051968164\details.txt,45,prefix_number,STVR,STR2021-00669,STVR STR2021-00669,Term Vacation Rental (STVR) Permit,
listings\595193874482549793\details.txt,31,prefix_number,STVR,02567,STVR 02567,STVR,
listings\595193874482549793\details.txt,32,prefix_number,STVR,02567,STVR 02567,STVR,
listings\598496278556396839\details.txt,33,prefix_number,STVR,STR2021-00676,STVR STR2021-00676,Term Vacation Rental (STVR) Permit,
listings\598496278556396839\details.txt,34,prefix_number,STVR,STR2021-00676,STVR STR2021-00676,Term Vacation Rental (STVR) Permit,
listings\598525940250562786\details.txt,37,prefix_number,STVR,STR2025-0715,STVR STR2025-0715,Term Vacation Rental (STVR) Permit,
listings\598525940250562786\details.txt,38,prefix_number,STVR,STR2025-0715,STVR STR2025-0715,Term Vacation Rental (STVR) Permit,
listings\598529688547923505\details.txt,49,prefix_number,STVR,STR2021-00734,STVR STR2021-00734,Term Vacation Rental (STVR) Permit,
listings\598529688547923505\details.txt,50,prefix_number,STVR,STR2021-00734,STVR STR2021-00734,Term Vacation Rental (STVR) Permit,
listings\600712235366686432\details.txt,29,number_only,,STR2026-0943,STR2026-0943,,
listings\600712235366686432\details.txt,30,number_only,,STR2026-0943,STR2026-0943,,
listings\604156677457194890\details.txt,7,prefix_number,SVR,SVR-02556,SVR SVR-02556,"Read more in ""The Space"".",
listings\604156677457194890\details.txt,8,prefix_number,SVR,SVR-02556,SVR SVR-02556,,
listings\605047436783749331\details.txt,8,prefix_number,OTC,OTC-023474,OTC OTC-023474,brand new pool and patio.,
listings\605047436783749331\details.txt,9,prefix_number,OTC,OTC-023474,OTC OTC-023474,brand new pool and patio.,
listings\605832634043566264\details.txt,8,prefix_number,SVR,02491,SVR 02491,SVR,
listings\605832634043566264\details.txt,9,prefix_number,SVR,02491,SVR 02491,SVR,
listings\606777325040139105\details.txt,17,prefix_number,SVR,02508,SVR 02508,SVR #:,
listings\606777325040139105\details.txt,18,prefix_number,SVR,02508,SVR 02508,SVR #:,
listings\607067216547013939\details.txt,7,prefix_number,SVR,SVR-02555,SVR SVR-02555,"patio, surrounded by potted plants.",
listings\607067216547013939\details.txt,8,prefix_number,SVR,SVR-02555,SVR SVR-02555,,
listings\608936987178844598\details.txt,17,prefix_number,SVR,02508,SVR 02508,SVR #:,
listings\608936987178844598\details.txt,18,prefix_number,SVR,02508,SVR 02508,SVR #:,
listings\609170506823659366\details.txt,17,prefix_number,SVR,02508,SVR 02508,SVR #:,
listings\609170506823659366\details.txt,18,prefix_number,SVR,02508,SVR 02508,SVR #:,
listings\614361018743828602\details.txt,52,prefix_number,STVR,STR2021-00556,STVR STR2021-00556,Term Vacation Rental (STVR) Permit,
listings\614361018743828602\details.txt,53,prefix_number,STVR,STR2021-00556,STVR STR2021-00556,Term Vacation Rental (STVR) Permit,
listings\614433851468989553\details.txt,33,prefix_number,STVR,STR2021-01043,STVR STR2021-01043,Term Vacation Rental (STVR) Permit,
listings\614433851468989553\details.txt,34,prefix_number,STVR,STR2021-01043,STVR STR2021-01043,Term Vacation Rental (STVR) Permit,
listings\618665346246830663\details.txt,15,prefix_number,SVR,SVR-02573,SVR SVR-02573,Well maintained with modern amenities.,
listings\618665346246830663\details.txt,16,prefix_number,SVR,SVR-02573,SVR SVR-02573,Well maintained with modern amenities.,
listings\620793140261297261\details.txt,34,number_only,,STR2022-00105,STR2022-00105,,
listings\620793140261297261\details.txt,35,number_only,,STR2022-00105,STR2022-00105,Registration:,
listings\6208163\details.txt,15,prefix_number,SVR,00288,SVR 00288,GA SVR,
listings\6208163\details.txt,16,prefix_number,SVR,00288,SVR 00288,GA SVR,
listings\620866546544969231\details.txt,33,prefix_number,STVR,STR2021-00427,STVR STR2021-00427,Term Vacation Rental (STVR) Permit,
listings\620866546544969231\details.txt,34,prefix_number,STVR,STR2021-00427,STVR STR2021-00427,Term Vacation Rental (STVR) Permit,
listings\620905214260647136\details.txt,9,prefix_number,STR,STR-025729,STR STR-025729,"in Savannah, Ga. Permit License",
listings\620905214260647136\details.txt,10,prefix_number,STR,STR-025729,STR STR-025729,"in Savannah, Ga. Permit License",
listings\620905214260647136\details.txt,40,prefix_number,STR,STR-025729,STR STR-025729,Its permit code is License,
listings\620905214260647136\details.txt,41,prefix_number,STR,STR-025729,STR STR-025729,Its permit code is License,Show more
listings\623103831179706794\details.txt,35,prefix_number,STVR,STR2021-01784,STVR STR2021-01784,Term Vacation Rental (STVR) Permit,
listings\623103831179706794\details.txt,36,prefix_number,STVR,STR2021-01784,STVR STR2021-01784,Term Vacation Rental (STVR) Permit,
listings\623110719309768610\details.txt,34,prefix_number,STVR,STR2021-01498,STVR STR2021-01498,Term Vacation Rental (STVR) Permit,
listings\623110719309768610\details.txt,35,prefix_number,STVR,STR2021-01498,STVR STR2021-01498,Term Vacation Rental (STVR) Permit,
listings\623204695018589638\details.txt,34,prefix_number,STVR,STR2021-00741,STVR STR2021-00741,Term Vacation Rental (STVR) Permit,
listings\623204695018589638\details.txt,35,prefix_number,STVR,STR2021-00741,STVR STR2021-00741,Term Vacation Rental (STVR) Permit,
listings\623208460267675576\details.txt,33,prefix_number,STVR,STR2021-00571,STVR STR2021-00571,Term Vacation Rental (STVR) Permit,
listings\623208460267675576\details.txt,34,prefix_number,STVR,STR2021-00571,STVR STR2021-00571,Term Vacation Rental (STVR) Permit,
listings\623221504387867902\details.txt,34,prefix_number,STVR,STR2021-00594,STVR STR2021-00594,Term Vacation Rental (STVR) Permit,
listings\623221504387867902\details.txt,35,prefix_number,STVR,STR2021-00594,STVR STR2021-00594,Term Vacation Rental (STVR) Permit,
listings\6333533\details.txt,36,prefix_number,OTC,OTC-22907,OTC OTC-22907,of this property. It is,
listings\6333533\details.txt,37,prefix_number,OTC,OTC-22907,OTC OTC-22907,of this property. It is,
listings\6336159\details.txt,33,prefix_number,OTC,OTC-22907,OTC OTC-22907,of this property. It is,
listings\6336159\details.txt,34,prefix_number,OTC,OTC-22907,OTC OTC-22907,of this property. It is,
listings\639198406449105039\details.txt,71,prefix_number,STR,STR-025580,STR STR-025580,License Number:,
listings\639198406449105039\details.txt,72,prefix_number,STR,STR-025580,STR STR-025580,License Number:,
listings\640535792559066886\details.txt,27,prefix_number,OTC,OTC-022953,OTC OTC-022953,of this property. It is,
listings\640535792559066886\details.txt,28,prefix_number,OTC,OTC-022953,OTC OTC-022953,of this property. It is,
listings\641346425520854756\details.txt,8,prefix_number,OTC,OTC-023656,OTC OTC-023656,License #,
listings\641346425520854756\details.txt,9,prefix_number,OTC,OTC-023656,OTC OTC-023656,License #,
listings\643527251215448561\details.txt,33,prefix_number,STVR,STR2025-1124,STVR STR2025-1124,Term Vacation Rental (STVR) Permit,
listings\643527251215448561\details.txt,34,prefix_number,STVR,STR2025-1124,STVR STR2025-1124,Term Vacation Rental (STVR) Permit,
listings\645616782077682801\details.txt,7,prefix_number,SVR,SVR-02574,SVR SVR-02574,are truly authentic in Savannah.,
listings\645616782077682801\details.txt,8,prefix_number,SVR,SVR-02574,SVR SVR-02574,,
listings\645616782077682801\details.txt,17,prefix_number,SVR,SVR-02574,SVR SVR-02574,,
listings\645616782077682801\details.txt,18,prefix_number,SVR,SVR-02574,SVR SVR-02574,,
listings\646387818787895258\details.txt,38,prefix_number,STVR,STR2022-00228,STVR STR2022-00228,Term Vacation Rental (STVR) Permit,
listings\646387818787895258\details.txt,39,prefix_number,STVR,STR2022-00228,STVR STR2022-00228,Term Vacation Rental (STVR) Permit,
listings\646530526816078803\details.txt,42,prefix_number,OTC,OTC-023584,OTC OTC-023584,"window, crack, etc. -STVR license",
listings\646530526816078803\details.txt,43,prefix_number,OTC,OTC-023584,OTC OTC-023584,-STVR license,
listings\649999129525387679\details.txt,49,number_only,,STR2022-00283,STR2022-00283,,
listings\649999129525387679\details.txt,50,number_only,,STR2022-00283,STR2022-00283,,
listings\651406041669945408\details.txt,13,prefix_number,STVR,02625,STVR 02625,STVR Permit #,
listings\651406041669945408\details.txt,14,prefix_number,STVR,02625,STVR 02625,STVR Permit #,
listings\651554671571141680\details.txt,9,prefix_number,STR,01736,STR 01736,The space Savannah STR Certificate,| Great for Families |
listings\651554671571141680\details.txt,10,prefix_number,STR,01736,STR 01736,Savannah STR Certificate,| Great for Families |
listings\655190650427758480\details.txt,9,prefix_number,OTC,OTC-023709,OTC OTC-023709,The space,
listings\655190650427758480\details.txt,10,prefix_number,OTC,OTC-023709,OTC OTC-023709,,
listings\655222155351021425\details.txt,10,number_only,,31410,31410,,
listings\655222155351021425\details.txt,11,number_only,,31410,31410,109 Penrose Drive Savannah GA,
listings\6555991\details.txt,9,prefix_number,SVR,SVR-02454,SVR SVR-02454,steps away! City of Sav,
listings\6555991\details.txt,10,prefix_number,SVR,SVR-02454,SVR SVR-02454,City of Sav,
listings\6555991\details.txt,24,prefix_number,SVR,SVR-00172,SVR SVR-00172,,
listings\6555991\details.txt,25,prefix_number,SVR,SVR-00172,SVR SVR-00172,,
listings\658644911194583191\details.txt,15,prefix_number,SVR,SVR-02575,SVR SVR-02575,,
listings\658644911194583191\details.txt,16,prefix_number,SVR,SVR-02575,SVR SVR-02575,,
listings\658694716000049343\details.txt,32,prefix_number,SVR,SVR-00511,SVR SVR-00511,Short Term Vacation Rental Permit,
listings\658694716000049343\details.txt,33,prefix_number,SVR,SVR-00511,SVR SVR-00511,Short Term Vacation Rental Permit,
listings\658700298387133162\details.txt,35,prefix_number,SVR,SVR-00633,SVR SVR-00633,,
listings\658700298387133162\details.txt,36,prefix_number,SVR,SVR-00633,SVR SVR-00633,,
listings\658700323648580919\details.txt,27,prefix_number,SVR,SVR-01099,SVR SVR-01099,,
listings\658700323648580919\details.txt,28,prefix_number,SVR,SVR-01099,SVR SVR-01099,,
listings\658700341863809444\details.txt,25,prefix_number,SVR,SVR-00632,SVR SVR-00632,,
listings\658700341863809444\details.txt,26,prefix_number,SVR,SVR-00632,SVR SVR-00632,,
listings\658700361313951902\details.txt,25,prefix_number,SVR,SVR-01098,SVR SVR-01098,,
listings\658700361313951902\details.txt,26,prefix_number,SVR,SVR-01098,SVR SVR-01098,,
listings\658821383052387913\details.txt,45,prefix_number,SVR,SVR-02265,SVR SVR-02265,,
listings\658821383052387913\details.txt,46,prefix_number,SVR,SVR-02265,SVR SVR-02265,,
listings\658821399649347489\details.txt,47,prefix_number,SVR,SVR-02264,SVR SVR-02264,,
listings\658821399649347489\details.txt,48,prefix_number,SVR,SVR-02264,SVR SVR-02264,,
listings\659276773021626728\details.txt,19,prefix_number,STVR,02567,STVR 02567,STVR,
listings\659276773021626728\details.txt,20,prefix_number,STVR,02567,STVR 02567,STVR,
listings\659344776709940266\details.txt,7,prefix_number,SVR,SVR-01315,SVR SVR-01315,20 min to SAV International.,
listings\659344776709940266\details.txt,8,prefix_number,SVR,SVR-01315,SVR SVR-01315,,
listings\659358073607959345\details.txt,10,prefix_number,OTC,OTC-024731,OTC OTC-024731,,
listings\659358073607959345\details.txt,11,prefix_number,OTC,OTC-024731,OTC OTC-024731,,
listings\659422186403440339\details.txt,9,number_only,,02507,02507,,
listings\659422186403440339\details.txt,10,number_only,,02507,02507,,
listings\659466224796727241\details.txt,7,number_only,,STR2022-00262,STR2022-00262,"reconnect, and make unforgettable memories.",
listings\660134984174429912\details.txt,37,prefix_number,STVR,STR2023-00147,STVR STR2023-00147,Term Vacation Rental (STVR) Permit,
listings\660134984174429912\details.txt,38,prefix_number,STVR,STR2023-00147,STVR STR2023-00147,Term Vacation Rental (STVR) Permit,
listings\663260613521083403\details.txt,8,number_only,,STR2022-00261,STR2022-00261,,
listings\663260613521083403\details.txt,9,number_only,,STR2022-00261,STR2022-00261,,
listings\665896366884616466\details.txt,15,prefix_number,SVR,SVR-02480,SVR SVR-02480,,
listings\665896366884616466\details.txt,16,prefix_number,SVR,SVR-02480,SVR SVR-02480,,
listings\665896366884616466\details.txt,21,prefix_number,SVR,SVR-03151,SVR SVR-03151,Other things to note,
listings\665896366884616466\details.txt,22,prefix_number,SVR,SVR-03151,SVR SVR-03151,,
listings\669669543066757661\details.txt,43,prefix_number,SVR,SVR-00786,SVR SVR-00786,,"SVR-00787, SVR-00788"
listings\669669543066757661\details.txt,43,prefix_number,SVR,SVR-00787,SVR SVR-00787,"SVR-00786,",SVR-00788
listings\669669543066757661\details.txt,43,prefix_number,SVR,SVR-00788,SVR SVR-00788,"SVR-00786, SVR-00787,",
listings\669669543066757661\details.txt,44,prefix_number,SVR,SVR-00786,SVR SVR-00786,,"SVR-00787, SVR-00788"
listings\669669543066757661\details.txt,44,prefix_number,SVR,SVR-00787,SVR SVR-00787,"SVR-00786,",SVR-00788
listings\669669543066757661\details.txt,44,prefix_number,SVR,SVR-00788,SVR SVR-00788,"SVR-00786, SVR-00787,",
listings\669669625893180157\details.txt,37,prefix_number,SVR,SVR-00786,SVR SVR-00786,,"SVR-00787, SVR-00788, SVR-00789"
listings\669669625893180157\details.txt,37,prefix_number,SVR,SVR-00787,SVR SVR-00787,"SVR-00786,","SVR-00788, SVR-00789"
listings\669669625893180157\details.txt,37,prefix_number,SVR,SVR-00788,SVR SVR-00788,"SVR-00786, SVR-00787,",SVR-00789
listings\669669625893180157\details.txt,37,prefix_number,SVR,SVR-00789,SVR SVR-00789,"SVR-00786, SVR-00787, SVR-00788,",
listings\669669625893180157\details.txt,38,prefix_number,SVR,SVR-00786,SVR SVR-00786,,"SVR-00787, SVR-00788, SVR-00789"
listings\669669625893180157\details.txt,38,prefix_number,SVR,SVR-00787,SVR SVR-00787,"SVR-00786,","SVR-00788, SVR-00789"
listings\669669625893180157\details.txt,38,prefix_number,SVR,SVR-00788,SVR SVR-00788,"SVR-00786, SVR-00787,",SVR-00789
listings\669669625893180157\details.txt,38,prefix_number,SVR,SVR-00789,SVR SVR-00789,"SVR-00786, SVR-00787, SVR-00788,",
listings\669765930134312469\details.txt,7,number_only,,00262,00262,,
listings\669765930134312469\details.txt,7,number_only,,00261,00261,,
listings\669765930134312469\details.txt,8,number_only,,00262,00262,Permit #: STR2022,& 00261
listings\669765930134312469\details.txt,8,number_only,,00261,00261,Permit #: STR2022 00262 &,
listings\671795538517213675\details.txt,9,number_only,,007320,007320,,
listings\671795538517213675\details.txt,10,number_only,,007320,007320,,| Remote-Work Friendly | 3
listings\671909691140922052\details.txt,10,prefix_number,STVR,02776,STVR 02776,STVR:,
listings\671909691140922052\details.txt,11,prefix_number,STVR,02776,STVR 02776,STVR:,
listings\673743541930485806\details.txt,22,prefix_number,STVR,STR2025-00265,STVR STR2025-00265,STVR #,
listings\673743541930485806\details.txt,23,prefix_number,STVR,STR2025-00265,STVR STR2025-00265,STVR #,
listings\675919486105912125\details.txt,9,prefix_number,OTC,022955,OTC 022955,The space OTC -,| Freshly Remodeled | 13
listings\675919486105912125\details.txt,10,prefix_number,OTC,022955,OTC 022955,OTC -,| Freshly Remodeled | 13
listings\681696721104857756\details.txt,27,prefix_number,SVR,SVR-00365,SVR SVR-00365,,
listings\681696721104857756\details.txt,28,prefix_number,SVR,SVR-00365,SVR SVR-00365,,
listings\689657673620504876\details.txt,12,prefix_number,STVR,02232,STVR 02232,STVR Permit #,
listings\689657673620504876\details.txt,13,prefix_number,STVR,02232,STVR 02232,STVR Permit #,
listings\691150561098446704\details.txt,8,prefix_number,SVR,SVR-00887,SVR SVR-00887,,
listings\691150561098446704\details.txt,9,prefix_number,SVR,SVR-00887,SVR SVR-00887,,
listings\691437358952335527\details.txt,8,prefix_number,SVR,01661,SVR 01661,SVR,
listings\691437358952335527\details.txt,9,prefix_number,SVR,01661,SVR 01661,SVR,
listings\693687611365638512\details.txt,7,prefix_number,SVR,SVR-02191,SVR SVR-02191,"parking pls see ""parking info""",
listings\694265439939338815\details.txt,7,prefix_number,SVR,SVR-00888,SVR SVR-00888,ST. PATRICK'S DAY PARADE ROUTE!,
listings\694265439939338815\details.txt,8,prefix_number,SVR,SVR-00888,SVR SVR-00888,,
listings\694750560734661389\details.txt,16,prefix_number,STVR,STR2025-00277,STVR STR2025-00277,for added space. STVR #,
listings\694750560734661389\details.txt,17,prefix_number,STVR,STR2025-00277,STVR STR2025-00277,STVR #,
listings\697142046701180376\details.txt,83,prefix_number,SVR,SVR-02622,SVR SVR-02622,,
listings\697142046701180376\details.txt,84,prefix_number,SVR,SVR-02622,SVR SVR-02622,,
listings\697142177734555534\details.txt,69,prefix_number,SVR,SVR-02623,SVR SVR-02623,,
listings\697142177734555534\details.txt,70,prefix_number,SVR,SVR-02623,SVR SVR-02623,,
listings\700699829624956188\details.txt,46,prefix_number,STVR,STR2021-01820,STVR STR2021-01820,Term Vacation Rental (STVR) Permit,
listings\700699829624956188\details.txt,47,prefix_number,STVR,STR2021-01820,STVR STR2021-01820,Term Vacation Rental (STVR) Permit,
listings\700704175627733138\details.txt,29,prefix_number,STVR,STR2021-00538,STVR STR2021-00538,Term Vacation Rental (STVR) Permit,
listings\700704175627733138\details.txt,30,prefix_number,STVR,STR2021-00538,STVR STR2021-00538,Term Vacation Rental (STVR) Permit,
listings\700705714259462801\details.txt,40,prefix_number,STVR,STR2024-00063,STVR STR2024-00063,Term Vacation Rental (STVR) Permit,
listings\700705714259462801\details.txt,41,prefix_number,STVR,STR2024-00063,STVR STR2024-00063,Term Vacation Rental (STVR) Permit,
listings\700723050216353064\details.txt,41,prefix_number,STVR,STR2021-00563,STVR STR2021-00563,Term Vacation Rental (STVR) Permit,
listings\700723050216353064\details.txt,42,prefix_number,STVR,STR2021-00563,STVR STR2021-00563,Term Vacation Rental (STVR) Permit,
listings\700746803138455878\details.txt,49,prefix_number,STVR,STR2021-00564,STVR STR2021-00564,Term Vacation Rental (STVR) Permit,
listings\700746803138455878\details.txt,50,prefix_number,STVR,STR2021-00564,STVR STR2021-00564,Term Vacation Rental (STVR) Permit,
listings\700753047577517074\details.txt,51,prefix_number,STVR,STR2021-00609,STVR STR2021-00609,Term Vacation Rental (STVR) Permit,
listings\700753047577517074\details.txt,52,prefix_number,STVR,STR2021-00609,STVR STR2021-00609,Term Vacation Rental (STVR) Permit,
listings\701278079058634375\details.txt,39,prefix_number,STVR,STR2021-00673,STVR STR2021-00673,Term Vacation Rental (STVR) Permit,
listings\701278079058634375\details.txt,40,prefix_number,STVR,STR2021-00673,STVR STR2021-00673,Term Vacation Rental (STVR) Permit,
listings\701289679367600625\details.txt,37,prefix_number,SVR,SVR-00510,SVR SVR-00510,Short Term Vacation Rental Permit,SVR-00511
listings\701289679367600625\details.txt,37,prefix_number,SVR,SVR-00511,SVR SVR-00511,"Term Vacation Rental Permit #SVR-00510,",
listings\701289679367600625\details.txt,38,prefix_number,SVR,SVR-00510,SVR SVR-00510,Short Term Vacation Rental Permit,SVR-00511
listings\701289679367600625\details.txt,38,prefix_number,SVR,SVR-00511,SVR SVR-00511,"Term Vacation Rental Permit #SVR-00510,",
listings\701296780284097085\details.txt,49,prefix_number,STVR,STR2021-00736,STVR STR2021-00736,Term Vacation Rental (STVR) Permit,
listings\701296780284097085\details.txt,50,prefix_number,STVR,STR2021-00736,STVR STR2021-00736,Term Vacation Rental (STVR) Permit,
listings\701499875920202633\details.txt,37,prefix_number,STVR,STR2021-00618,STVR STR2021-00618,Term Vacation Rental (STVR) Permit,
listings\701499875920202633\details.txt,38,prefix_number,STVR,STR2021-00618,STVR STR2021-00618,Term Vacation Rental (STVR) Permit,
listings\702190641680237359\details.txt,41,prefix_number,STVR,STR2023-00252,STVR STR2023-00252,Term Vacation Rental (STVR) Permit,
listings\702190641680237359\details.txt,42,prefix_number,STVR,STR2023-00252,STVR STR2023-00252,Term Vacation Rental (STVR) Permit,
listings\702197503305123754\details.txt,29,prefix_number,STVR,STR2021-00730,STVR STR2021-00730,Term Vacation Rental (STVR) Permit,
listings\702197503305123754\details.txt,30,prefix_number,STVR,STR2021-00730,STVR STR2021-00730,Term Vacation Rental (STVR) Permit,
listings\702200693713980426\details.txt,33,prefix_number,STVR,STR2021-00731,STVR STR2021-00731,Term Vacation Rental (STVR) Permit,
listings\702200693713980426\details.txt,34,prefix_number,STVR,STR2021-00731,STVR STR2021-00731,Term Vacation Rental (STVR) Permit,
listings\702205510133785051\details.txt,41,prefix_number,STVR,STR2021-01504,STVR STR2021-01504,Term Vacation Rental (STVR) Permit,
listings\702205510133785051\details.txt,42,prefix_number,STVR,STR2021-01504,STVR STR2021-01504,Term Vacation Rental (STVR) Permit,
listings\702208002569424726\details.txt,39,prefix_number,STVR,STR2021-00456,STVR STR2021-00456,Term Vacation Rental (STVR) Permit,
listings\702208002569424726\details.txt,40,prefix_number,STVR,STR2021-00456,STVR STR2021-00456,Term Vacation Rental (STVR) Permit,
listings\702232511418629244\details.txt,33,prefix_number,STVR,STR2021-00539,STVR STR2021-00539,Term Vacation Rental (STVR) Permit,"STR2021-00540, STR2021-00542"
listings\702232511418629244\details.txt,33,prefix_number,STVR,STR2021-00540,STVR STR2021-00540,"Vacation Rental (STVR) Permit #STR2021-00539,",STR2021-00542
listings\702232511418629244\details.txt,33,prefix_number,STVR,STR2021-00542,STVR STR2021-00542,"Rental (STVR) Permit #STR2021-00539, STR2021-00540,",
listings\702232511418629244\details.txt,34,prefix_number,STVR,STR2021-00539,STVR STR2021-00539,Term Vacation Rental (STVR) Permit,"STR2021-00540, STR2021-00542"
listings\702232511418629244\details.txt,34,prefix_number,STVR,STR2021-00540,STVR STR2021-00540,"Vacation Rental (STVR) Permit #STR2021-00539,",STR2021-00542
listings\702232511418629244\details.txt,34,prefix_number,STVR,STR2021-00542,STVR STR2021-00542,"Rental (STVR) Permit #STR2021-00539, STR2021-00540,",
listings\702239119773568308\details.txt,41,prefix_number,STVR,STR2023-00171,STVR STR2023-00171,Term Vacation Rental (STVR) Permit,
listings\702239119773568308\details.txt,42,prefix_number,STVR,STR2023-00171,STVR STR2023-00171,Term Vacation Rental (STVR) Permit,
listings\702241288153142826\details.txt,45,prefix_number,STVR,STR2021-00551,STVR STR2021-00551,Term Vacation Rental (STVR) Permit,
listings\702241288153142826\details.txt,46,prefix_number,STVR,STR2021-00551,STVR STR2021-00551,Term Vacation Rental (STVR) Permit,
listings\704172767414500134\details.txt,37,prefix_number,STVR,STR2021-01849,STVR STR2021-01849,Term Vacation Rental (STVR) Permit,
listings\704172767414500134\details.txt,38,prefix_number,STVR,STR2021-01849,STVR STR2021-01849,Term Vacation Rental (STVR) Permit,
listings\704185825899530172\details.txt,33,prefix_number,STVR,STR2021-00570,STVR STR2021-00570,Term Vacation Rental (STVR) Permit,
listings\704185825899530172\details.txt,34,prefix_number,STVR,STR2021-00570,STVR STR2021-00570,Term Vacation Rental (STVR) Permit,
listings\704188501674942159\details.txt,39,prefix_number,STVR,STR2021-00620,STVR STR2021-00620,Term Vacation Rental (STVR) Permit,
listings\704188501674942159\details.txt,40,prefix_number,STVR,STR2021-00620,STVR STR2021-00620,Term Vacation Rental (STVR) Permit,
listings\704199369203094777\details.txt,37,prefix_number,STVR,STR2025-0666,STVR STR2025-0666,Term Vacation Rental (STVR) Permit,
listings\704199369203094777\details.txt,38,prefix_number,STVR,STR2025-0666,STVR STR2025-0666,Term Vacation Rental (STVR) Permit,
listings\704221102500638973\details.txt,42,prefix_number,STVR,STR2021-00407,STVR STR2021-00407,Term Vacation Rental (STVR) Permit,
listings\704221102500638973\details.txt,43,prefix_number,STVR,STR2021-00407,STVR STR2021-00407,Term Vacation Rental (STVR) Permit,
listings\704223232135568676\details.txt,29,prefix_number,STVR,STR2022-00175,STVR STR2022-00175,Term Vacation Rental (STVR) Permit,
listings\704223232135568676\details.txt,30,prefix_number,STVR,STR2022-00175,STVR STR2022-00175,Term Vacation Rental (STVR) Permit,
listings\704260066145122030\details.txt,29,prefix_number,STVR,STR2021-00431,STVR STR2021-00431,Term Vacation Rental (STVR) Permit,#STR2021-00430
listings\704260066145122030\details.txt,29,prefix_number,STVR,STR2021-00430,STVR STR2021-00430,"Vacation Rental (STVR) Permit #STR2021-00431,",
listings\704260066145122030\details.txt,30,prefix_number,STVR,STR2021-00431,STVR STR2021-00431,Term Vacation Rental (STVR) Permit,#STR2021-00430
listings\704260066145122030\details.txt,30,prefix_number,STVR,STR2021-00430,STVR STR2021-00430,"Vacation Rental (STVR) Permit #STR2021-00431,",
listings\709310965406304187\details.txt,8,prefix_number,SVR,SVR-02598,SVR SVR-02598,,
listings\709310965406304187\details.txt,9,prefix_number,SVR,SVR-02598,SVR SVR-02598,,
listings\709311168662583235\details.txt,7,prefix_number,SVR,SVR-02597,SVR SVR-02597,17 minutes to SAV International.,
listings\709311168662583235\details.txt,8,prefix_number,SVR,SVR-02597,SVR SVR-02597,,
listings\709311168662583235\details.txt,18,prefix_number,SVR,SVR-02597,SVR SVR-02597,,
listings\709311168662583235\details.txt,19,prefix_number,SVR,SVR-02597,SVR SVR-02597,,
listings\709384943668000088\details.txt,8,prefix_number,SVR,SVR-02596,SVR SVR-02596,,
listings\709384943668000088\details.txt,9,prefix_number,SVR,SVR-02596,SVR SVR-02596,,
listings\710768096084926791\details.txt,52,prefix_number,STVR,02396,STVR 02396,STVR#,
listings\710768096084926791\details.txt,53,prefix_number,STVR,02396,STVR 02396,STVR#,
listings\712122877638406301\details.txt,8,prefix_number,SVR,01515,SVR 01515,SVR,
listings\712122877638406301\details.txt,9,prefix_number,SVR,01515,SVR 01515,SVR,
listings\715953215168325118\details.txt,29,prefix_number,SVR,SVR-01097,SVR SVR-01097,,
listings\715953215168325118\details.txt,30,prefix_number,SVR,SVR-01097,SVR SVR-01097,,
listings\716087269783004561\details.txt,19,prefix_number,SVR,SVR-02819,SVR SVR-02819,STVR Certificate:,
listings\716087269783004561\details.txt,20,prefix_number,SVR,SVR-02819,SVR SVR-02819,STVR Certificate:,
listings\718757655021957374\details.txt,14,prefix_number,STVR,02232,STVR 02232,STVR Permit,& 02233
listings\718757655021957374\details.txt,14,prefix_number,STVR,02233,STVR 02233,STVR Permit 02232 &,
listings\718757655021957374\details.txt,15,prefix_number,STVR,02232,STVR 02232,STVR Permit,& 02233
listings\718757655021957374\details.txt,15,prefix_number,STVR,02233,STVR 02233,STVR Permit 02232 &,
listings\718891069651000553\details.txt,13,prefix_number,STVR,02199,STVR 02199,STVR Permits,"02198, 02197, 02196, 02195"
listings\718891069651000553\details.txt,13,prefix_number,STVR,02198,STVR 02198,"STVR Permits 02199,","02197, 02196, 02195"
listings\718891069651000553\details.txt,13,prefix_number,STVR,02197,STVR 02197,"STVR Permits 02199, 02198,","02196, 02195"
listings\718891069651000553\details.txt,13,prefix_number,STVR,02196,STVR 02196,"STVR Permits 02199, 02198, 02197,",02195
listings\718891069651000553\details.txt,13,prefix_number,STVR,02195,STVR 02195,"Permits 02199, 02198, 02197, 02196,",
listings\718891069651000553\details.txt,14,prefix_number,STVR,02199,STVR 02199,STVR Permits,"02198, 02197, 02196, 02195"
listings\718891069651000553\details.txt,14,prefix_number,STVR,02198,STVR 02198,"STVR Permits 02199,","02197, 02196, 02195"
listings\718891069651000553\details.txt,14,prefix_number,STVR,02197,STVR 02197,"STVR Permits 02199, 02198,","02196, 02195"
listings\718891069651000553\details.txt,14,prefix_number,STVR,02196,STVR 02196,"STVR Permits 02199, 02198, 02197,",02195
listings\718891069651000553\details.txt,14,prefix_number,STVR,02195,STVR 02195,"Permits 02199, 02198, 02197, 02196,",
listings\718999719672361229\details.txt,7,number_only,,02127,02127,,
listings\718999719672361229\details.txt,7,number_only,,02128,02128,,
listings\718999719672361229\details.txt,7,number_only,,02129,02129,,
listings\718999719672361229\details.txt,8,number_only,,02127,02127,STVRs,"02128, and 02129"
listings\718999719672361229\details.txt,8,number_only,,02128,02128,"STVRs 02127,",and 02129
listings\718999719672361229\details.txt,8,number_only,,02129,02129,"STVRs 02127, 02128, and",
listings\718999719672361229\details.txt,41,prefix_number,STVR,02127,STVR 02127,Fully licensed with STVR permits,"02128, and 02129."
listings\718999719672361229\details.txt,41,prefix_number,STVR,02128,STVR 02128,"licensed with STVR permits 02127,",and 02129.
listings\718999719672361229\details.txt,41,prefix_number,STVR,02129,STVR 02129,"STVR permits 02127, 02128, and",
listings\718999719672361229\details.txt,42,prefix_number,STVR,02127,STVR 02127,Fully licensed with STVR permits,"02128, and 02129."
listings\718999719672361229\details.txt,42,prefix_number,STVR,02128,STVR 02128,"licensed with STVR permits 02127,",and 02129.
listings\718999719672361229\details.txt,42,prefix_number,STVR,02129,STVR 02129,"STVR permits 02127, 02128, and",
listings\726664438416775601\details.txt,43,prefix_number,STVR,02238,STVR 02238,STVR Permit,
listings\726664438416775601\details.txt,44,prefix_number,STVR,02238,STVR 02238,STVR Permit,STVR Permit #02474
listings\726664438416775601\details.txt,44,prefix_number,STVR,02474,STVR 02474,STVR Permit #02238 STVR Permit,
listings\726664438416775601\details.txt,45,prefix_number,STVR,02474,STVR 02474,STVR Permit,
listings\726817892484751684\details.txt,41,prefix_number,STVR,02247,STVR 02247,STVR,
listings\726817892484751684\details.txt,42,prefix_number,STVR,02247,STVR 02247,STVR,
listings\729600065257860169\details.txt,27,prefix_number,SVR,SVR-02391,SVR SVR-02391,,
listings\729600065257860169\details.txt,28,prefix_number,SVR,SVR-02391,SVR SVR-02391,,
listings\730977584770818016\details.txt,9,prefix_number,STVR,02624,STVR 02624,STVR Permit,
listings\730977584770818016\details.txt,10,prefix_number,STVR,02624,STVR 02624,STVR Permit,
listings\731011541453951632\details.txt,8,prefix_number,STVR,02625,STVR 02625,STVR Permit,
listings\731011541453951632\details.txt,9,prefix_number,STVR,02625,STVR 02625,STVR Permit,
listings\731987792439581306\details.txt,12,prefix_number,SVR,SVR-02569,SVR SVR-02569,parking. Beach chairs and towels.,
listings\731987792439581306\details.txt,13,prefix_number,SVR,SVR-02569,SVR SVR-02569,,
listings\733119799370776199\details.txt,21,prefix_number,SVR,SVR-02630,SVR SVR-02630,our STVR permit number is,
listings\733119799370776199\details.txt,22,prefix_number,SVR,SVR-02630,SVR SVR-02630,our STVR permit number is,
listings\734727173607697847\details.txt,42,prefix_number,STVR,STR2022-00287,STVR STR2022-00287,Term Vacation Rental (STVR) Permit,
listings\734727173607697847\details.txt,43,prefix_number,STVR,STR2022-00287,STVR STR2022-00287,Term Vacation Rental (STVR) Permit,
listings\735542497573893551\details.txt,8,prefix_number,STVR,02624,STVR 02624,STVR Permit #,& 2625
listings\735542497573893551\details.txt,9,prefix_number,STVR,02624,STVR 02624,STVR Permit #,& 2625
listings\741384331462722008\details.txt,73,prefix_number,SVR,SVR-02642,SVR SVR-02642,,
listings\741384331462722008\details.txt,74,prefix_number,SVR,SVR-02642,SVR SVR-02642,,
listings\743861777826980371\details.txt,7,prefix_number,SVR,SVR-02602,SVR SVR-02602,apartment in the Victorian District.,
listings\749894325945281657\details.txt,8,prefix_number,STVR,02681,STVR 02681,,
listings\749894325945281657\details.txt,9,prefix_number,STVR,02681,STVR 02681,,
listings\752088141947401982\details.txt,31,prefix_number,SVR,SVR-02828,SVR SVR-02828,,
listings\752088141947401982\details.txt,32,prefix_number,SVR,SVR-02828,SVR SVR-02828,,
listings\752090492578280474\details.txt,30,prefix_number,SVR,SVR-02613,SVR SVR-02613,,
listings\752090492578280474\details.txt,31,prefix_number,SVR,SVR-02613,SVR SVR-02613,,
listings\752105833325425623\details.txt,44,prefix_number,STVR,STR2021-01673,STVR STR2021-01673,Term Vacation Rental (STVR) Permit,
listings\752105833325425623\details.txt,45,prefix_number,STVR,STR2021-01673,STVR STR2021-01673,Term Vacation Rental (STVR) Permit,
listings\755243306409981310\details.txt,21,prefix_number,SVR,SVR-02683,SVR SVR-02683,for video conferencing and multitasking.,
listings\755243306409981310\details.txt,22,prefix_number,SVR,SVR-02683,SVR SVR-02683,,
listings\765249911047891719\details.txt,15,prefix_number,STVR,STR2025-00308,STVR STR2025-00308,STVR #,
listings\765249911047891719\details.txt,16,prefix_number,STVR,STR2025-00308,STVR STR2025-00308,STVR #,
listings\773181975687838449\details.txt,47,prefix_number,SVR,SVR-00783,SVR SVR-00783,,
listings\773181975687838449\details.txt,48,prefix_number,SVR,SVR-00783,SVR SVR-00783,,
listings\773181975687838449\details.txt,79,prefix_number,SVR,SVR-00783,SVR SVR-00783,,
listings\773181975687838449\details.txt,80,prefix_number,SVR,SVR-00783,SVR SVR-00783,,
listings\780344886758135326\details.txt,26,prefix_number,SVR,SVR-02524,SVR SVR-02524,,
listings\780344886758135326\details.txt,27,prefix_number,SVR,SVR-02524,SVR SVR-02524,,
listings\786175756959979617\details.txt,24,prefix_number,SVR,SVR-01034,SVR SVR-01034,,
listings\786175756959979617\details.txt,25,prefix_number,SVR,SVR-01034,SVR SVR-01034,,
listings\786177867377800838\details.txt,25,prefix_number,SVR,SVR-01038,SVR SVR-01038,,
listings\786177867377800838\details.txt,26,prefix_number,SVR,SVR-01038,SVR SVR-01038,,
listings\793566667688912871\details.txt,9,prefix_number,OTC,OTC-023884,OTC OTC-023884,Savannah Short-Term Vacation Rental Certificate:,"| 1,200 Sq Ft |"
listings\793566667688912871\details.txt,10,prefix_number,OTC,OTC-023884,OTC OTC-023884,Savannah Short-Term Vacation Rental Certificate:,"| 1,200 Sq Ft |"
listings\802097864038402387\details.txt,11,prefix_number,STVR,STR2021-01455,STVR STR2021-01455,Island STVR Location Identifier Number:,
listings\802097864038402387\details.txt,12,prefix_number,STVR,STR2021-01455,STVR STR2021-01455,Island STVR Location Identifier Number:,
listings\805935580366879261\details.txt,31,prefix_number,OTC,OTC-024314,OTC OTC-024314,License Number:,
listings\805935580366879261\details.txt,32,prefix_number,OTC,OTC-024314,OTC OTC-024314,License Number:,
listings\809305443330999414\details.txt,9,prefix_number,STR,22759,STR 22759,The space STR-,
listings\809305443330999414\details.txt,10,prefix_number,STR,22759,STR 22759,STR-,
listings\810865978476213489\details.txt,30,prefix_number,STVR,STR2025-00286,STVR STR2025-00286,STVR #,
listings\810865978476213489\details.txt,31,prefix_number,STVR,STR2025-00286,STVR STR2025-00286,STVR #,
listings\810866075794787543\details.txt,28,prefix_number,STVR,STR2025-00307,STVR STR2025-00307,STVR #,
listings\810866075794787543\details.txt,29,prefix_number,STVR,STR2025-00307,STVR STR2025-00307,STVR #,
listings\810866350290777186\details.txt,18,prefix_number,STVR,STR2025-00270,STVR STR2025-00270,STVR #,
listings\810866350290777186\details.txt,19,prefix_number,STVR,STR2025-00270,STVR STR2025-00270,STVR #,
listings\810866785342443939\details.txt,25,prefix_number,STVR,STR2025-00268,STVR STR2025-00268,STVR #,
listings\810866785342443939\details.txt,26,prefix_number,STVR,STR2025-00268,STVR STR2025-00268,STVR #,
listings\810867235278203125\details.txt,26,prefix_number,STVR,STR2025-00305,STVR STR2025-00305,STVR #,
listings\810867235278203125\details.txt,27,prefix_number,STVR,STR2025-00305,STVR STR2025-00305,STVR #,
listings\810867335551558495\details.txt,39,prefix_number,STVR,STR2025-00300,STVR STR2025-00300,STVR #,
listings\810867335551558495\details.txt,40,prefix_number,STVR,STR2025-00300,STVR STR2025-00300,STVR #,
listings\810867996992983461\details.txt,19,prefix_number,STVR,STR2025-00296,STVR STR2025-00296,STVR #,
listings\810867996992983461\details.txt,20,prefix_number,STVR,STR2025-00296,STVR STR2025-00296,STVR #,
listings\810868011281103214\details.txt,21,number_only,,STR2025-00297,STR2025-00297,,
listings\810868011281103214\details.txt,22,number_only,,STR2025-00297,STR2025-00297,STRV #,
listings\810868024802830581\details.txt,17,prefix_number,STVR,STR2025-00293,STVR STR2025-00293,STVR #,
listings\810868024802830581\details.txt,18,prefix_number,STVR,STR2025-00293,STVR STR2025-00293,STVR #,
listings\810868415510069693\details.txt,13,prefix_number,STVR,STR2025-0251,STVR STR2025-0251,STVR#,
listings\810868415510069693\details.txt,14,prefix_number,STVR,STR2025-0251,STVR STR2025-0251,STVR#,
listings\810868442597008756\details.txt,19,prefix_number,STVR,STR2026-00273,STVR STR2026-00273,STVR #,
listings\810868442597008756\details.txt,20,prefix_number,STVR,STR2026-00273,STVR STR2026-00273,STVR #,
listings\810868449033256763\details.txt,22,number_only,,STR2025-00285,STR2025-00285,,
listings\810868449033256763\details.txt,23,number_only,,STR2025-00285,STR2025-00285,STRV #,
listings\810868820334661023\details.txt,18,prefix_number,STVR,STR2025-00284,STVR STR2025-00284,STVR #,
listings\810868820334661023\details.txt,19,prefix_number,STVR,STR2025-00284,STVR STR2025-00284,STVR #,
listings\810868934755274144\details.txt,15,prefix_number,STVR,STR2025-00298,STVR STR2025-00298,STVR #,
listings\810868934755274144\details.txt,16,prefix_number,STVR,STR2025-00298,STVR STR2025-00298,STVR #,
listings\810869684798541160\details.txt,23,prefix_number,STVR,STR2025-00274,STVR STR2025-00274,STVR #,
listings\810869684798541160\details.txt,24,prefix_number,STVR,STR2025-00274,STVR STR2025-00274,STVR #,
listings\810869764270228216\details.txt,22,prefix_number,STVR,STR2025-00283,STVR STR2025-00283,STVR #,
listings\810869764270228216\details.txt,23,prefix_number,STVR,STR2025-00283,STVR STR2025-00283,STVR #,
listings\810870283412965292\details.txt,15,prefix_number,STVR,STR2025-00306,STVR STR2025-00306,STVR #,
listings\810870283412965292\details.txt,16,prefix_number,STVR,STR2025-00306,STVR STR2025-00306,STVR #,
listings\810870375509246312\details.txt,35,prefix_number,STVR,STR2025-00291,STVR STR2025-00291,view unit 2 STVR #,
listings\810870375509246312\details.txt,36,prefix_number,STVR,STR2025-00291,STVR STR2025-00291,STVR #,
listings\810871002169253387\details.txt,28,prefix_number,STVR,STR2025-00288,STVR STR2025-00288,STVR #,
listings\810871002169253387\details.txt,29,prefix_number,STVR,STR2025-00288,STVR STR2025-00288,STVR #,
listings\810871484937219101\details.txt,17,prefix_number,STVR,STR2021-00287,STVR STR2021-00287,STVR #,
listings\810871484937219101\details.txt,18,prefix_number,STVR,STR2021-00287,STVR STR2021-00287,STVR #,
listings\810871836337562615\details.txt,17,prefix_number,STVR,STR2025-00264,STVR STR2025-00264,STVR #,
listings\810871836337562615\details.txt,18,prefix_number,STVR,STR2025-00264,STVR STR2025-00264,STVR #,
listings\810872036366664034\details.txt,26,prefix_number,STVR,STR2025-00289,STVR STR2025-00289,STVR #,
listings\810872036366664034\details.txt,27,prefix_number,STVR,STR2025-00289,STVR STR2025-00289,STVR #,
listings\810872721643275883\details.txt,19,prefix_number,STVR,STR2025-00269,STVR STR2025-00269,"to unit ""A"" STVR #",
listings\810872721643275883\details.txt,20,prefix_number,STVR,STR2025-00269,STVR STR2025-00269,STVR #,
listings\810872747874520328\details.txt,34,prefix_number,STVR,STR2025-00304,STVR STR2025-00304,STVR #,
listings\810872747874520328\details.txt,35,prefix_number,STVR,STR2025-00304,STVR STR2025-00304,STVR #,
listings\810873762168241867\details.txt,29,prefix_number,STVR,STR2025-00290,STVR STR2025-00290,STVR #,
listings\810873762168241867\details.txt,30,prefix_number,STVR,STR2025-00290,STVR STR2025-00290,STVR #,
listings\810873773826037537\details.txt,23,prefix_number,STVR,STR2025-01833,STVR STR2025-01833,STVR #,
listings\810873773826037537\details.txt,24,prefix_number,STVR,STR2025-01833,STVR STR2025-01833,STVR #,
listings\810874743615450943\details.txt,20,prefix_number,STVR,STR2025-00272,STVR STR2025-00272,"Link to ""B"" STVR #",
listings\810874743615450943\details.txt,21,prefix_number,STVR,STR2025-00272,STVR STR2025-00272,STVR #,
listings\810875684350755058\details.txt,33,prefix_number,STVR,STR2025-00112,STVR STR2025-00112,STVR #,
listings\810875684350755058\details.txt,34,prefix_number,STVR,STR2025-00112,STVR STR2025-00112,STVR #,
listings\810877388523765347\details.txt,21,prefix_number,STVR,STR2025-00278,STVR STR2025-00278,STVR #,
listings\810877388523765347\details.txt,22,prefix_number,STVR,STR2025-00278,STVR STR2025-00278,STVR #,
listings\810878576767384026\details.txt,21,prefix_number,STVR,STR2025-00304,STVR STR2025-00304,STVR #,
listings\810878576767384026\details.txt,22,prefix_number,STVR,STR2025-00304,STVR STR2025-00304,STVR #,
listings\8114396\details.txt,8,prefix_number,SVR,SVR-00843,SVR SVR-00843,,
listings\8114396\details.txt,9,prefix_number,SVR,SVR-00843,SVR SVR-00843,,
listings\812218114864540366\details.txt,28,prefix_number,SVR,SVR-00646,SVR SVR-00646,,
listings\812218114864540366\details.txt,29,prefix_number,SVR,SVR-00646,SVR SVR-00646,,
listings\812402910015645334\details.txt,43,prefix_number,OTC,OTC-024199,OTC OTC-024199,📜 Permit / License:,
listings\812402910015645334\details.txt,44,prefix_number,OTC,OTC-024199,OTC OTC-024199,📜 Permit / License:,
listings\813883585099304279\details.txt,9,prefix_number,CERTIFICATE,02686,Certificate 02686,Savannah Short-Term Vacation Rental Certificate:,| Front Porch | Close
listings\813883585099304279\details.txt,10,prefix_number,CERTIFICATE,02686,Certificate 02686,Savannah Short-Term Vacation Rental Certificate:,| Front Porch | Close
listings\818766652327133507\details.txt,73,prefix_number,SVR,SVR-01342,SVR SVR-01342,Permit License Number:,
listings\818766652327133507\details.txt,74,prefix_number,SVR,SVR-01342,SVR SVR-01342,Permit License Number:,
listings\818788304737883994\details.txt,9,number_only,,STR2021-01452,STR2021-01452,,
listings\818788304737883994\details.txt,10,number_only,,STR2021-01452,STR2021-01452,,| Steps to Pier |
listings\819233708835774656\details.txt,45,prefix_number,SVR,SVR-02680,SVR SVR-02680,,
listings\819233708835774656\details.txt,46,prefix_number,SVR,SVR-02680,SVR SVR-02680,,
listings\819239572550565821\details.txt,44,prefix_number,SVR,SVR-02679,SVR SVR-02679,,
listings\819239572550565821\details.txt,45,prefix_number,SVR,SVR-02679,SVR SVR-02679,,
listings\819241639333503169\details.txt,45,prefix_number,SVR,SVR-02678,SVR SVR-02678,,
listings\819241639333503169\details.txt,46,prefix_number,SVR,SVR-02678,SVR SVR-02678,,
listings\819249904201951672\details.txt,13,prefix_number,SVR,SVR-02967,SVR SVR-02967,The space,
listings\819249904201951672\details.txt,14,prefix_number,SVR,SVR-02967,SVR SVR-02967,,
listings\819252761111661204\details.txt,11,prefix_number,SVR,SVR-02968,SVR SVR-02968,The space,
listings\819252761111661204\details.txt,12,prefix_number,SVR,SVR-02968,SVR SVR-02968,,
listings\821957279411239289\details.txt,7,prefix_number,OTC,OTC-023826,OTC OTC-023826,the sea salt breeze. STR#,
listings\821957279411239289\details.txt,8,prefix_number,OTC,OTC-023826,OTC OTC-023826,STR#,
listings\831698193663257710\details.txt,7,prefix_number,SVR,SVR-01493,SVR SVR-01493,many museums the downtown offers.,
listings\831698193663257710\details.txt,8,prefix_number,SVR,SVR-01493,SVR SVR-01493,,
listings\836077916250005534\details.txt,37,prefix_number,STVR,STR2023-00044,STVR STR2023-00044,Term Vacation Rental (STVR) Permit,
listings\836077916250005534\details.txt,38,prefix_number,STVR,STR2023-00044,STVR STR2023-00044,Term Vacation Rental (STVR) Permit,
listings\837201771768032854\details.txt,7,prefix_number,SVR,SVR-01486,SVR SVR-01486,everything Savannah has to do.,
listings\837201771768032854\details.txt,8,prefix_number,SVR,SVR-01486,SVR SVR-01486,,
listings\838324032235237723\details.txt,37,prefix_number,STVR,STR2023-00045,STVR STR2023-00045,Term Vacation Rental (STVR) Permit,
listings\838324032235237723\details.txt,38,prefix_number,STVR,STR2023-00045,STVR STR2023-00045,Term Vacation Rental (STVR) Permit,
listings\839204477528549778\details.txt,41,prefix_number,SVR,02710,SVR 02710,,
listings\839204477528549778\details.txt,42,prefix_number,SVR,02710,SVR 02710,,Short Term Vacation Rental Listing
listings\845532755635209827\details.txt,38,prefix_number,STVR,STR2022-00361,STVR STR2022-00361,property is a licensed STVR:,
listings\845532755635209827\details.txt,39,prefix_number,STVR,STR2022-00361,STVR STR2022-00361,property is a licensed STVR:,Celebrating something special? Special requests
listings\845786361631038279\details.txt,7,prefix_number,SVR,SVR-02589,SVR SVR-02589,"Market, shopping, and the Riverwalk.",
listings\845786361631038279\details.txt,8,prefix_number,SVR,SVR-02589,SVR SVR-02589,,
listings\846468339359263149\details.txt,7,prefix_number,SVR,SVR-01931,SVR SVR-01931,20-minute walk to the Riverwalk.,
listings\848408661303501396\details.txt,38,number_only,,STR2026-0542,STR2026-0542,,
listings\848408661303501396\details.txt,39,number_only,,STR2026-0542,STR2026-0542,,
listings\848408728817070177\details.txt,32,number_only,,STR2026-0947,STR2026-0947,,
listings\848408728817070177\details.txt,33,number_only,,STR2026-0947,STR2026-0947,,
listings\848408749418695765\details.txt,37,number_only,,STR2026-0956,STR2026-0956,,
listings\848408749418695765\details.txt,38,number_only,,STR2026-0956,STR2026-0956,,
listings\848408768401994844\details.txt,26,number_only,,STR2026-0923,STR2026-0923,,
listings\848408768401994844\details.txt,27,number_only,,STR2026-0923,STR2026-0923,,
listings\848408807528088329\details.txt,35,number_only,,STR2026-0936,STR2026-0936,,
listings\848408807528088329\details.txt,36,number_only,,STR2026-0936,STR2026-0936,,
listings\848408831888023006\details.txt,31,number_only,,STR2026-0922,STR2026-0922,,
listings\848408831888023006\details.txt,32,number_only,,STR2026-0922,STR2026-0922,,
listings\848408851994629177\details.txt,31,number_only,,01058,01058,,
listings\848408851994629177\details.txt,32,number_only,,01058,01058,Short-Term Registration,
listings\848408873436683175\details.txt,33,number_only,,STR2026-0921,STR2026-0921,,
listings\848408873436683175\details.txt,34,number_only,,STR2026-0921,STR2026-0921,,
listings\848408893376657308\details.txt,39,number_only,,STR2026-0927,STR2026-0927,,
listings\848408893376657308\details.txt,40,number_only,,STR2026-0927,STR2026-0927,,
listings\848408932930074284\details.txt,41,number_only,,STR2026-0955,STR2026-0955,,
listings\848408932930074284\details.txt,42,number_only,,STR2026-0955,STR2026-0955,,
listings\848408970104939070\details.txt,37,number_only,,STR2026-0967,STR2026-0967,,
listings\848408970104939070\details.txt,38,number_only,,STR2026-0967,STR2026-0967,,
listings\848409086047669771\details.txt,31,number_only,,STR2026-0953,STR2026-0953,,
listings\848409086047669771\details.txt,32,number_only,,STR2026-0953,STR2026-0953,,
listings\848409106660941417\details.txt,37,number_only,,STR2026-0949,STR2026-0949,,
listings\848409106660941417\details.txt,38,number_only,,STR2026-0949,STR2026-0949,,
listings\848409145623111453\details.txt,41,number_only,,STR2026-0920,STR2026-0920,,
listings\848409145623111453\details.txt,42,number_only,,STR2026-0920,STR2026-0920,,
listings\848518077824175081\details.txt,24,prefix_number,SVR,SVR-01005,SVR SVR-01005,,
listings\848518077824175081\details.txt,25,prefix_number,SVR,SVR-01005,SVR SVR-01005,,
listings\848518139170291347\details.txt,27,prefix_number,SVR,SVR-01042,SVR SVR-01042,,
listings\848518139170291347\details.txt,28,prefix_number,SVR,SVR-01042,SVR SVR-01042,,
listings\848518199359160183\details.txt,24,prefix_number,SVR,SVR-01040,SVR SVR-01040,,
listings\848518199359160183\details.txt,25,prefix_number,SVR,SVR-01040,SVR SVR-01040,,
listings\848518260012615629\details.txt,24,prefix_number,SVR,SVR-01034,SVR SVR-01034,,
listings\848518260012615629\details.txt,25,prefix_number,SVR,SVR-01034,SVR SVR-01034,,
listings\848518318904132531\details.txt,31,prefix_number,SVR,SVR-02626,SVR SVR-02626,,
listings\848518318904132531\details.txt,32,prefix_number,SVR,SVR-02626,SVR SVR-02626,,
listings\849161598144359776\details.txt,43,number_only,,01018,01018,,
listings\849161598144359776\details.txt,44,number_only,,01018,01018,Short Term Registration,
listings\849201451459361118\details.txt,8,prefix_number,SVR,02737,SVR 02737,SVR,
listings\849201451459361118\details.txt,9,prefix_number,SVR,02737,SVR 02737,SVR,
listings\851361399925580935\details.txt,10,prefix_number,SVR,SVR-02728,SVR SVR-02728,on Broad and Taylor Street.*,
listings\851361399925580935\details.txt,11,prefix_number,SVR,SVR-02728,SVR SVR-02728,,
listings\851361399925580935\details.txt,33,prefix_number,SVR,SVR-02728,SVR SVR-02728,,
listings\851361399925580935\details.txt,34,prefix_number,SVR,SVR-02728,SVR SVR-02728,,
listings\861659341830893149\details.txt,27,prefix_number,SVR,SVR-02746,SVR SVR-02746,,
listings\861659341830893149\details.txt,28,prefix_number,SVR,SVR-02746,SVR SVR-02746,,
listings\861660636289843279\details.txt,25,prefix_number,SVR,SVR-01989,SVR SVR-01989,,
listings\861660636289843279\details.txt,26,prefix_number,SVR,SVR-01989,SVR SVR-01989,,
listings\861803179442783974\details.txt,18,prefix_number,SVR,SVR-02961,SVR SVR-02961,,
listings\861803179442783974\details.txt,19,prefix_number,SVR,SVR-02961,SVR SVR-02961,,
listings\863769187245983110\details.txt,7,prefix_number,SVR,SVR-02590,SVR SVR-02590,"Market, shopping, and the Riverwalk.",
listings\863769187245983110\details.txt,8,prefix_number,SVR,SVR-02590,SVR SVR-02590,,
listings\863769329473498693\details.txt,7,prefix_number,SVR,SVR-02838,SVR SVR-02838,"Market, shopping, and the Riverwalk.",
listings\863769329473498693\details.txt,8,prefix_number,SVR,SVR-02838,SVR SVR-02838,,
listings\865281910744106683\details.txt,7,prefix_number,SVR,SVR-02739,SVR SVR-02739,base for your next vacation.,
listings\866766832958640853\details.txt,31,prefix_number,SVR,SVR-03267,SVR SVR-03267,Short-Term Vacation Rental Certificate:,
listings\866766832958640853\details.txt,32,prefix_number,SVR,SVR-03267,SVR SVR-03267,Short-Term Vacation Rental Certificate:,Short-Term Vacation Rental Certificate: SVR-03268
listings\866766832958640853\details.txt,32,prefix_number,SVR,SVR-03268,SVR SVR-03268,SVR-03267 Short-Term Vacation Rental Certificate:,
listings\866766832958640853\details.txt,33,prefix_number,SVR,SVR-03268,SVR SVR-03268,Short-Term Vacation Rental Certificate:,
listings\867381031370414486\details.txt,27,prefix_number,SVR,SVR-02725,SVR SVR-02725,,
listings\867381031370414486\details.txt,28,prefix_number,SVR,SVR-02725,SVR SVR-02725,,
listings\867381031370414486\details.txt,35,number_only,,31041,31041,,
listings\867381031370414486\details.txt,36,number_only,,31041,31041,"E State Street, Savannah GA",There is also metered city
listings\874453732492560788\details.txt,40,prefix_number,SVR,SVR-02762,SVR SVR-02762,have a wonderful Savannah Stay!,
listings\874453732492560788\details.txt,41,prefix_number,SVR,SVR-02762,SVR SVR-02762,have a wonderful Savannah Stay!,
listings\874454273019959822\details.txt,40,prefix_number,SVR,SVR-02763,SVR SVR-02763,have a wonderful Savannah Stay!,
listings\874454273019959822\details.txt,41,prefix_number,SVR,SVR-02763,SVR SVR-02763,have a wonderful Savannah Stay!,
listings\882685413355983199\details.txt,35,prefix_number,STVR,STR2025-0573,STVR STR2025-0573,Term Vacation Rental (STVR) Permit,
listings\882685413355983199\details.txt,36,prefix_number,STVR,STR2025-0573,STVR STR2025-0573,Term Vacation Rental (STVR) Permit,
listings\882765252479750290\details.txt,20,number_only,,STR2025-0842,STR2025-0842,,
listings\882765252479750290\details.txt,21,number_only,,STR2025-0842,STR2025-0842,,
listings\883240134828915846\details.txt,40,prefix_number,SVR,SVR-01987,SVR SVR-01987,,
listings\883240134828915846\details.txt,41,prefix_number,SVR,SVR-01987,SVR SVR-01987,,SVR-01988
listings\883240134828915846\details.txt,41,prefix_number,SVR,SVR-01988,SVR SVR-01988,SVR-01987,
listings\883240134828915846\details.txt,42,prefix_number,SVR,SVR-01988,SVR SVR-01988,,SVR-01989
listings\883240134828915846\details.txt,42,prefix_number,SVR,SVR-01989,SVR SVR-01989,SVR-01988,
listings\883240134828915846\details.txt,43,prefix_number,SVR,SVR-01989,SVR SVR-01989,,
listings\883240193491703808\details.txt,33,prefix_number,SVR,SVR-02784,SVR SVR-02784,,
listings\883240193491703808\details.txt,34,prefix_number,SVR,SVR-02784,SVR SVR-02784,,
listings\883258603419076093\details.txt,9,prefix_number,OTC,OTC-024160,OTC OTC-024160,The space,| Smart TV w/ Cable
listings\883258603419076093\details.txt,10,prefix_number,OTC,OTC-024160,OTC OTC-024160,,| Smart TV w/ Cable
listings\884707312671251380\details.txt,7,prefix_number,SVR,SVR-02739,SVR SVR-02739,base for your next vacation.,SVR-02740
listings\884707312671251380\details.txt,7,prefix_number,SVR,SVR-02740,SVR SVR-02740,for your next vacation. SVR-02739;,
listings\885439380065131022\details.txt,23,prefix_number,STVR,STR2025-1104,STVR STR2025-1104,Term Vacation Rental (STVR) Permit,
listings\885439380065131022\details.txt,24,prefix_number,STVR,STR2025-1104,STVR STR2025-1104,Term Vacation Rental (STVR) Permit,
listings\885491154188979235\details.txt,27,prefix_number,STVR,STR2025-1103,STVR STR2025-1103,Term Vacation Rental (STVR) Permit,
listings\885491154188979235\details.txt,28,prefix_number,STVR,STR2025-1103,STVR STR2025-1103,Term Vacation Rental (STVR) Permit,
listings\887450201368819116\details.txt,31,prefix_number,SVR,SVR-03071,SVR SVR-03071,,
listings\887450201368819116\details.txt,32,prefix_number,SVR,SVR-03071,SVR SVR-03071,,
listings\8877870\details.txt,7,prefix_number,SVR,SVR-00420,SVR SVR-00420,"HVAC, cable & wifi. City",
listings\8877870\details.txt,8,prefix_number,SVR,SVR-00420,SVR SVR-00420,City,
listings\889255125701407274\details.txt,31,prefix_number,SVR,SVR-02742,SVR SVR-02742,,
listings\889255125701407274\details.txt,32,prefix_number,SVR,SVR-02742,SVR SVR-02742,,
listings\894299492844866712\details.txt,40,prefix_number,STR,STR2023-00114,STR STR2023-00114,of Tybee STR Registration number:,
listings\894299492844866712\details.txt,41,prefix_number,STR,STR2023-00114,STR STR2023-00114,of Tybee STR Registration number:,
listings\894375787770289304\details.txt,15,prefix_number,SVR,SVR-02658,SVR SVR-02658,units in a Victorian duplex.,
listings\894375787770289304\details.txt,16,prefix_number,SVR,SVR-02658,SVR SVR-02658,units in a Victorian duplex.,
listings\896467760764277999\details.txt,8,prefix_number,SVR,02757,SVR 02757,SVR,
listings\896467760764277999\details.txt,9,prefix_number,SVR,02757,SVR 02757,SVR,
listings\899481030577249570\details.txt,38,prefix_number,STVR,STR2022-00363,STVR STR2022-00363,This is a licensed STVR-,
listings\899481030577249570\details.txt,39,prefix_number,STVR,STR2022-00363,STVR STR2022-00363,This is a licensed STVR-,
listings\899491928609165154\details.txt,35,prefix_number,STVR,STR2022-00362,STVR STR2022-00362,This is a licensed STVR-,
listings\899491928609165154\details.txt,36,prefix_number,STVR,STR2022-00362,STVR STR2022-00362,This is a licensed STVR-,
listings\899526598556111144\details.txt,7,prefix_number,OTC,OTC-024725,OTC OTC-024725,This is a licensed STVR,You'll feel better than home
listings\899526598556111144\details.txt,23,prefix_number,OTC,OTC-024725,OTC OTC-024725,This is a licensed STVR,
listings\899526598556111144\details.txt,24,prefix_number,OTC,OTC-024725,OTC OTC-024725,This is a licensed STVR,
listings\907157155659638808\details.txt,91,prefix_number,SVR,SVR-01355,SVR SVR-01355,,
listings\907157155659638808\details.txt,92,prefix_number,SVR,SVR-01355,SVR SVR-01355,,SVR-02821
listings\907157155659638808\details.txt,92,prefix_number,SVR,SVR-02821,SVR SVR-02821,SVR-01355,
listings\907157155659638808\details.txt,93,prefix_number,SVR,SVR-02821,SVR SVR-02821,,
listings\907157199527471257\details.txt,31,prefix_number,SVR,SVR-02293,SVR SVR-02293,,
listings\907157199527471257\details.txt,32,prefix_number,SVR,SVR-02293,SVR SVR-02293,,
listings\907157243497395511\details.txt,55,prefix_number,SVR,SVR-00782,SVR SVR-00782,,"SVR-00783, SVR-00784, SVR-00785, SVR-00786, SVR-00787,"
listings\907157243497395511\details.txt,55,prefix_number,SVR,SVR-00783,SVR SVR-00783,"SVR-00782,","SVR-00784, SVR-00785, SVR-00786, SVR-00787, SVR-00788,"
listings\907157243497395511\details.txt,55,prefix_number,SVR,SVR-00784,SVR SVR-00784,"SVR-00782, SVR-00783,","SVR-00785, SVR-00786, SVR-00787, SVR-00788, SVR-00789"
listings\907157243497395511\details.txt,55,prefix_number,SVR,SVR-00785,SVR SVR-00785,"SVR-00782, SVR-00783, SVR-00784,","SVR-00786, SVR-00787, SVR-00788, SVR-00789"
listings\907157243497395511\details.txt,55,prefix_number,SVR,SVR-00786,SVR SVR-00786,"SVR-00782, SVR-00783, SVR-00784, SVR-00785,","SVR-00787, SVR-00788, SVR-00789"
listings\907157243497395511\details.txt,55,prefix_number,SVR,SVR-00787,SVR SVR-00787,"SVR-00782, SVR-00783, SVR-00784, SVR-00785, SVR-00786,","SVR-00788, SVR-00789"
listings\907157243497395511\details.txt,55,prefix_number,SVR,SVR-00788,SVR SVR-00788,"SVR-00783, SVR-00784, SVR-00785, SVR-00786, SVR-00787,",SVR-00789
listings\907157243497395511\details.txt,55,prefix_number,SVR,SVR-00789,SVR SVR-00789,"SVR-00784, SVR-00785, SVR-00786, SVR-00787, SVR-00788,",
listings\907157243497395511\details.txt,56,prefix_number,SVR,SVR-00782,SVR SVR-00782,,"SVR-00783, SVR-00784, SVR-00785, SVR-00786, SVR-00787,"
listings\907157243497395511\details.txt,56,prefix_number,SVR,SVR-00783,SVR SVR-00783,"SVR-00782,","SVR-00784, SVR-00785, SVR-00786, SVR-00787, SVR-00788,"
listings\907157243497395511\details.txt,56,prefix_number,SVR,SVR-00784,SVR SVR-00784,"SVR-00782, SVR-00783,","SVR-00785, SVR-00786, SVR-00787, SVR-00788, SVR-00789"
listings\907157243497395511\details.txt,56,prefix_number,SVR,SVR-00785,SVR SVR-00785,"SVR-00782, SVR-00783, SVR-00784,","SVR-00786, SVR-00787, SVR-00788, SVR-00789"
listings\907157243497395511\details.txt,56,prefix_number,SVR,SVR-00786,SVR SVR-00786,"SVR-00782, SVR-00783, SVR-00784, SVR-00785,","SVR-00787, SVR-00788, SVR-00789"
listings\907157243497395511\details.txt,56,prefix_number,SVR,SVR-00787,SVR SVR-00787,"SVR-00782, SVR-00783, SVR-00784, SVR-00785, SVR-00786,","SVR-00788, SVR-00789"
listings\907157243497395511\details.txt,56,prefix_number,SVR,SVR-00788,SVR SVR-00788,"SVR-00783, SVR-00784, SVR-00785, SVR-00786, SVR-00787,",SVR-00789
listings\907157243497395511\details.txt,56,prefix_number,SVR,SVR-00789,SVR SVR-00789,"SVR-00784, SVR-00785, SVR-00786, SVR-00787, SVR-00788,",
listings\907219330455225727\details.txt,23,prefix_number,STR,007401,STR 007401,STR #,
listings\907219330455225727\details.txt,24,prefix_number,STR,007401,STR 007401,STR #,
listings\913101837406997841\details.txt,31,prefix_number,SVR,SVR-02795,SVR SVR-02795,,
listings\913101837406997841\details.txt,32,prefix_number,SVR,SVR-02795,SVR SVR-02795,,
listings\913116723226755040\details.txt,8,prefix_number,SVR,02758,SVR 02758,SVR,
listings\913116723226755040\details.txt,9,prefix_number,SVR,02758,SVR 02758,SVR,
listings\913977565870489304\details.txt,91,prefix_number,STVR,STR2021-01443,STVR STR2021-01443,City of Tybee STVR #,
listings\913977565870489304\details.txt,92,prefix_number,STVR,STR2021-01443,STVR STR2021-01443,City of Tybee STVR #,
listings\914470333555309683\details.txt,9,prefix_number,SVR,02807,SVR 02807,SVR,
listings\914470333555309683\details.txt,10,prefix_number,SVR,02807,SVR 02807,SVR,
listings\916148287801341255\details.txt,7,prefix_number,STVR,24335,STVR 24335,coastal serenity.Your next adventure AWAITS!,
listings\916633683073198617\details.txt,10,prefix_number,SVR,SVR-03081,SVR SVR-03081,City of Savannah STVR Certificate,
listings\916633683073198617\details.txt,11,prefix_number,SVR,SVR-03081,SVR SVR-03081,City of Savannah STVR Certificate,
listings\918057792536457634\details.txt,8,prefix_number,SVR,02571,SVR 02571,SVR,
listings\918057792536457634\details.txt,9,prefix_number,SVR,02571,SVR 02571,SVR,
listings\918205589006964055\details.txt,8,prefix_number,SVR,02572,SVR 02572,SVR,
listings\918205589006964055\details.txt,9,prefix_number,SVR,02572,SVR 02572,SVR,
listings\920372325654746382\details.txt,18,prefix_number,SVR,SVR-02786,SVR SVR-02786,,
listings\920372325654746382\details.txt,19,prefix_number,SVR,SVR-02786,SVR SVR-02786,,
listings\920485297127448306\details.txt,12,prefix_number,SVR,SVR-03080,SVR SVR-03080,City of Savannah STVR Certificate,
listings\920485297127448306\details.txt,13,prefix_number,SVR,SVR-03080,SVR SVR-03080,City of Savannah STVR Certificate,
listings\924671943121418173\details.txt,7,prefix_number,SVR,SVR-02783,SVR SVR-02783,"treats, and things to do.",
listings\924671943121418173\details.txt,8,prefix_number,SVR,SVR-02783,SVR SVR-02783,,
listings\925325757640839665\details.txt,54,prefix_number,SVR,SVR-02621,SVR SVR-02621,,
listings\925325757640839665\details.txt,55,prefix_number,SVR,SVR-02621,SVR SVR-02621,,
listings\925325777921307500\details.txt,25,prefix_number,SVR,SVR-02622,SVR SVR-02622,,& SVR-02621
listings\925325777921307500\details.txt,25,prefix_number,SVR,SVR-02621,SVR SVR-02621,SVR-02622 &,
listings\925325777921307500\details.txt,26,prefix_number,SVR,SVR-02622,SVR SVR-02622,,& SVR-02621
listings\925325777921307500\details.txt,26,prefix_number,SVR,SVR-02621,SVR SVR-02621,SVR-02622 &,
listings\9255793\details.txt,20,prefix_number,SVR,SVR-00367,SVR SVR-00367,"are supporting local, Savannah business.",
listings\9255793\details.txt,21,prefix_number,SVR,SVR-00367,SVR SVR-00367,,
listings\925934317962566824\details.txt,24,prefix_number,SVR,SVR-02545,SVR SVR-02545,,
listings\925934317962566824\details.txt,25,prefix_number,SVR,SVR-02545,SVR SVR-02545,,
listings\934205861756893522\details.txt,8,prefix_number,SVR,02755,SVR 02755,SVR,
listings\934205861756893522\details.txt,9,prefix_number,SVR,02755,SVR 02755,SVR,
listings\936105637384194548\details.txt,7,prefix_number,SVR,SVR-02792,SVR SVR-02792,neighborhood section for more info!,
listings\936105637384194548\details.txt,8,prefix_number,SVR,SVR-02792,SVR SVR-02792,,
listings\939291521771202103\details.txt,33,number_only,,STR2023-00189,STR2023-00189,,
listings\939291521771202103\details.txt,34,number_only,,STR2023-00189,STR2023-00189,,
listings\939966405729662429\details.txt,41,prefix_number,STVR,STR2025-0516,STVR STR2025-0516,Term Vacation Rental (STVR) Permit,
listings\939966405729662429\details.txt,42,prefix_number,STVR,STR2025-0516,STVR STR2025-0516,Term Vacation Rental (STVR) Permit,
listings\940599872074811500\details.txt,16,prefix_number,STVR,STR2025-00185,STVR STR2025-00185,STVR,
listings\940599872074811500\details.txt,17,prefix_number,STVR,STR2025-00185,STVR STR2025-00185,STVR,
listings\945593470525999930\details.txt,9,prefix_number,CERTIFICATE,02686,Certificate 02686,Savannah Short-Term Vacation Rental Certificate:,| Central Location | In-Unit
listings\945593470525999930\details.txt,10,prefix_number,CERTIFICATE,02686,Certificate 02686,Savannah Short-Term Vacation Rental Certificate:,| Central Location | In-Unit
listings\947906197866376633\details.txt,16,prefix_number,SVR,SVR-02615,SVR SVR-02615,availability all three units together.,
listings\947906197866376633\details.txt,17,prefix_number,SVR,SVR-02615,SVR SVR-02615,,
listings\947941337621179877\details.txt,7,prefix_number,SVR,SVR-02616,SVR SVR-02616,"to dining, attractions, and more!",
listings\952773695025053786\details.txt,63,prefix_number,SVR,SVR-01943,SVR SVR-01943,Permit Number:,
listings\952773695025053786\details.txt,64,prefix_number,SVR,SVR-01943,SVR SVR-01943,Permit Number:,
listings\954458785132344963\details.txt,8,prefix_number,SVR,02490,SVR 02490,SVR,
listings\954458785132344963\details.txt,9,prefix_number,SVR,02490,SVR 02490,SVR,
listings\957337553333199967\details.txt,25,prefix_number,SVR,SVR-02837,SVR SVR-02837,,
listings\957337553333199967\details.txt,26,prefix_number,SVR,SVR-02837,SVR SVR-02837,,
listings\958071135738094801\details.txt,8,prefix_number,SVR,SVR-02827,SVR SVR-02827,,
listings\958071135738094801\details.txt,9,prefix_number,SVR,SVR-02827,SVR SVR-02827,,
listings\958122947721601502\details.txt,12,prefix_number,SVR,SVR-01610,SVR SVR-01610,City of Savannah,
listings\958122947721601502\details.txt,13,prefix_number,SVR,SVR-01610,SVR SVR-01610,City of Savannah,
listings\960084066503262413\details.txt,9,prefix_number,OTC,OTC-023567,OTC OTC-023567,Savannah Short-Term Vacation Rental Certificate:,| Laptop-Friendly Desk | Multi-Game
listings\960084066503262413\details.txt,10,prefix_number,OTC,OTC-023567,OTC OTC-023567,Savannah Short-Term Vacation Rental Certificate:,| Laptop-Friendly Desk | Multi-Game
listings\960084067923349247\details.txt,9,prefix_number,OTC,OTC-023568,OTC OTC-023568,Savannah Short-Term Vacation Rental Certificate:,| Free WiFi | Gas
listings\960084067923349247\details.txt,10,prefix_number,OTC,OTC-023568,OTC OTC-023568,Savannah Short-Term Vacation Rental Certificate:,| Free WiFi | Gas
listings\9635764\details.txt,26,prefix_number,SVR,SVR-00557,SVR SVR-00557,Our STVR permit number is,
listings\9635764\details.txt,27,prefix_number,SVR,SVR-00557,SVR SVR-00557,,
listings\963650539601018385\details.txt,15,prefix_number,SVR,SVR-02761,SVR SVR-02761,Other things to note,
listings\963650539601018385\details.txt,16,prefix_number,SVR,SVR-02761,SVR SVR-02761,,
listings\965235042323677854\details.txt,10,number_only,,31328,31328,,
listings\965235042323677854\details.txt,11,number_only,,31328,31328,"Jones Ave., Tybee Island, GA,",
listings\965235042323677854\details.txt,28,prefix_number,STVR,STR2025-0729,STVR STR2025-0729,SPECIAL OFF-SEASON RATES! STVR LICENSE,
listings\965235042323677854\details.txt,29,prefix_number,STVR,STR2025-0729,STVR STR2025-0729,STVR LICENSE,
listings\969625631594267525\details.txt,10,prefix_number,STVR,02860,STVR 02860,Savannah STVR Permit,
listings\969625631594267525\details.txt,11,prefix_number,STVR,02860,STVR 02860,Savannah STVR Permit,
listings\970248201359847234\details.txt,25,prefix_number,SVR,SVR-02234,SVR SVR-02234,,
listings\970248201359847234\details.txt,26,prefix_number,SVR,SVR-02234,SVR SVR-02234,,
listings\972496509569040867\details.txt,8,prefix_number,SVR,02754,SVR 02754,SVR,
listings\972496509569040867\details.txt,9,prefix_number,SVR,02754,SVR 02754,SVR,
listings\9769339\details.txt,36,prefix_number,STVR,STR2025-1082,STVR STR2025-1082,Term Vacation Rental (STVR) Permit,
listings\9769339\details.txt,37,prefix_number,STVR,STR2025-1082,STVR STR2025-1082,Term Vacation Rental (STVR) Permit,
listings\978268371565998122\details.txt,22,prefix_number,SVR,SVR-02829,SVR SVR-02829,,
listings\978268371565998122\details.txt,23,prefix_number,SVR,SVR-02829,SVR SVR-02829,,
listings\978329689456516306\details.txt,7,prefix_number,SVR,SVR-02842,SVR SVR-02842,by incredible dining and attractions.,
listings\978329689456516306\details.txt,8,prefix_number,SVR,SVR-02842,SVR SVR-02842,,
listings\979635267296744939\details.txt,8,prefix_number,SVR,SVR-02424,SVR SVR-02424,,
listings\979635267296744939\details.txt,9,prefix_number,SVR,SVR-02424,SVR SVR-02424,,
listings\979780512269006938\details.txt,15,prefix_number,SVR,SVR-02614,SVR SVR-02614,of all three units together.,
listings\979780512269006938\details.txt,16,prefix_number,SVR,SVR-02614,SVR SVR-02614,,
listings\981093396885118743\details.txt,15,prefix_number,SVR,SVR-02483,SVR SVR-02483,"history, charm, and Southern hospitality.",
listings\981093396885118743\details.txt,16,prefix_number,SVR,SVR-02483,SVR SVR-02483,,
listings\984117344532117549\details.txt,7,prefix_number,SVR,SVR-02729,SVR SVR-02729,private hot tub and pool!,+ SVR-02730
listings\984117344532117549\details.txt,7,prefix_number,SVR,SVR-02730,SVR SVR-02730,tub and pool! SVR-02729 +,
listings\984117344532117549\details.txt,8,prefix_number,SVR,SVR-02729,SVR SVR-02729,,+ SVR-02730
listings\984117344532117549\details.txt,8,prefix_number,SVR,SVR-02730,SVR SVR-02730,SVR-02729 +,
listings\984260374677093760\details.txt,7,prefix_number,SVR,SVR-02729,SVR SVR-02729,stay at the Hall House.,
listings\984260374677093760\details.txt,8,prefix_number,SVR,SVR-02729,SVR SVR-02729,,
listings\984260497864224451\details.txt,7,prefix_number,SVR,SVR-02730,SVR SVR-02730,everything Savannah has to offer.,
listings\984260497864224451\details.txt,8,prefix_number,SVR,SVR-02730,SVR SVR-02730,,
listings\985375822663552941\details.txt,11,prefix_number,SVR,SVR-02752,SVR SVR-02752,"offer.""s peaceful and centrally-located place.",
listings\985375822663552941\details.txt,12,prefix_number,SVR,SVR-02752,SVR SVR-02752,,
listings\985375822663552941\details.txt,24,number_only,,31401,31401,,
listings\985375822663552941\details.txt,25,number_only,,31401,31401,"E Gordon St, Savannah, GA",
listings\985375822663552941\details.txt,26,number_only,,31401,31401,"622 Drayton St, Savannah, GA",
listings\986342228486447451\details.txt,44,number_only,,STR2023-00219,STR2023-00219,,
listings\986342228486447451\details.txt,45,number_only,,STR2023-00219,STR2023-00219,,
listings\987888183269005304\details.txt,8,prefix_number,SVR,SVR-02701,SVR SVR-02701,,
listings\987888183269005304\details.txt,9,prefix_number,SVR,SVR-02701,SVR SVR-02701,,
listings\991370907977134731\details.txt,8,prefix_number,SVR,02797,SVR 02797,SVR,
listings\991370907977134731\details.txt,9,prefix_number,SVR,02797,SVR 02797,SVR,
listings\992747380441567693\details.txt,8,prefix_number,STR,STR-025831,STR STR-025831,License:,
listings\992747380441567693\details.txt,9,prefix_number,STR,STR-025831,STR STR-025831,License:,
listings\995566123657952103\details.txt,89,prefix_number,SVR,SVR-02864,SVR SVR-02864,,
listings\995566123657952103\details.txt,90,prefix_number,SVR,SVR-02864,SVR SVR-02864,,
listings\995714989084559218\details.txt,8,prefix_number,SVR,02796,SVR 02796,SVR,
listings\995714989084559218\details.txt,9,prefix_number,SVR,02796,SVR 02796,SVR,
listings\998754815789955540\details.txt,7,prefix_number,SVR,SVR-02418,SVR SVR-02418,from Pulaski and Madison Square.,
listings\998754815789955540\details.txt,8,prefix_number,SVR,SVR-02418,SVR SVR-02418,,
listings\999261208011549514\details.txt,37,prefix_number,STVR,STR2023-00235,STVR STR2023-00235,Term Vacation Rental (STVR) Permit,
listings\999261208011549514\details.txt,38,prefix_number,STVR,STR2023-00235,STVR STR2023-00235,Term Vacation Rental (STVR) Permit,
listings\999935599390213161\details.txt,37,prefix_number,STVR,STR2023-00231,STVR STR2023-00231,Term Vacation Rental (STVR) Permit,
listings\999935599390213161\details.txt,38,prefix_number,STVR,STR2023-00231,STVR STR2023-00231,Term Vacation Rental (STVR) Permit,
listings\999942907750809539\details.txt,37,prefix_number,STVR,STR2023-00232,STVR STR2023-00232,Term Vacation Rental (STVR) Permit,
listings\999942907750809539\details.txt,38,prefix_number,STVR,STR2023-00232,STVR STR2023-00232,Term Vacation Rental (STVR) Permit,
