listing_id,number,raw,method,source,evidence,matched_permit_ids
1000824278792934142,2023081409,2023081409,exact,listing_results\1000824278792934142\metadata.json,"ngs for a relaxing stay. Ideal for exploring Nashville or a peaceful getaway!

Registration Details
2023081409",[]
1001380955936444655,2018073687,2018073687,exact,listing_results\1001380955936444655\metadata.json,"oday and start believing in Nashville!

**Please note:** Quiet Hours, No pets, No smoking.

Permit #2018073687",[]
1002195760983737536,2023078043,2023078043,exact,listing_results\1002195760983737536\metadata.json,"ekends can be lively. Exterior security cameras are present on the property.

Registration number: #2023078043

Registration Details
#2023078043",[]
1002470791341908180,2023058559,T2023058559,exact,listing_results\1002470791341908180\metadata.json,"the reservation terms and applicable policies, termination may occur without a refund.

STR Permit: T2023058559",[]
1008688651557147708,2019017225,2019017225,exact,listing_results\1008688651557147708\metadata.json,"to downtown. It is just 1.5 miles from Titans stadium and 2 miles from the iconic Broadway. Permit #2019017225

The space
Indulge in the comfort of our multi-level residence, designed to accommodate large group",[]
1008876390329822923,2025081665,2025081665,exact,listing_results\1008876390329822923\metadata.json,"party.
- Parties, events, or weddings are not allowed.

Nashville Permit issued in 2023 followed by:2025081665

Guest access
Guests will have access to the entire space!

Other things to note
All our properties",[]
1008876390329822923,2023068209,2023068209,exact,listing_results\1008876390329822923\metadata.json,"nd Blankets
o The most Hospitable and Experienced Host in the Nashville area!

Registration Details
2023068209",[]
1008876390329822923,2023202508,2023 followed by:202508,formatted,listing_results\1008876390329822923\metadata.json,"sed to the other party.
- Parties, events, or weddings are not allowed.

Nashville Permit issued in 2023 followed by:2025081665

Guest access
Guests will have access to the entire space!

Other things to note
All our proper",[]
1009583589043502210,2022050324,2022050324,exact,listing_results\1009583589043502210\metadata.json,"ister for these additional apps, an email address from the primary guest is required.

STR Permit --2022050324

Registration Details
2022050324",[]
1009682973213728642,2023068205,2023068205,exact,listing_results\1009682973213728642\metadata.json,"ville: Experience Your Stay, Design by Injoy Vacations

Guest access
DOOR APP

Registration Details
2023068205",[]
1010928370894122287,2023082194,2023082194,exact,listing_results\1010928370894122287\metadata.json,"al status, or military status. All are welcomed and tolerance is appreciated.

Registration Details
2023082194",[]
1014447764866248734,2023058723,2023058723,exact,listing_results\1014447764866248734\metadata.json,"le Soccer Club and 4.2 miles from the Schrmerhorn Symphony .

Registration Details
CASR-CAZ10A001 - 2023058723",[]
1018231842058487220,2023064943,2023064943,exact,listing_results\1018231842058487220\metadata.json,"arage door open from time to time. This does not allow entry into your space.

Registration Details
2023064943",[]
1018758022238172072,2023089494,2023089494,exact,listing_results\1018758022238172072\metadata.json,"funds are given for amenity closings as this is beyond our control.

Nashville Permit 2023: Permit #2023089494

Registration Details
2023089494",[]
1019010892703609938,2023068313,2023068313,exact,listing_results\1019010892703609938\metadata.json,"listing details and agree to our terms and conditions.

Nashville Permit issued In 2023 followed by:2023068313

Guest access
Guests will have access to the entire space!

Other things to note
All our properties",[]
1019010892703609938,2023202306,2023 followed by:202306,formatted,listing_results\1019010892703609938\metadata.json,"ou have read the listing details and agree to our terms and conditions.

Nashville Permit issued In 2023 followed by:2023068313

Guest access
Guests will have access to the entire space!

Other things to note
All our proper",[]
1019600619252516523,2023048952,2023048952,exact,listing_results\1019600619252516523\metadata.json,"ow donate $25 to Feeding America. Thank you for helping us make a difference!

Registration Details
2023048952",[]
1019605444586246717,2023085367,2023085367,exact,listing_results\1019605444586246717\metadata.json,"listing details and agree to our terms and conditions.

Nashville Permit issued In 2023 followed by:2023085367

Guest access
Guests will have access to the entire space!

Other things to note
All our properties",[]
1019605444586246717,2023202308,2023 followed by:202308,formatted,listing_results\1019605444586246717\metadata.json,"ou have read the listing details and agree to our terms and conditions.

Nashville Permit issued In 2023 followed by:2023085367

Guest access
Guests will have access to the entire space!

Other things to note
All our proper",[]
1021894875985282368,2023094186,2023094186,exact,listing_results\1021894875985282368\metadata.json,"listing details and agree to our terms and conditions.

Nashville Permit issued In 2023 followed by:2023094186

Guest access
Guests will have access to the entire space!

Other things to note
All our properties",[]
1021894875985282368,2023202309,2023 followed by:202309,formatted,listing_results\1021894875985282368\metadata.json,"ou have read the listing details and agree to our terms and conditions.

Nashville Permit issued In 2023 followed by:2023094186

Guest access
Guests will have access to the entire space!

Other things to note
All our proper",[]
1021950121967174724,2018073610,2018073610,exact,listing_results\1021950121967174724\metadata.json,"ver;)), we  may be able to reserve parking in the private garage for an additional fee.

STR PERMIT#2018073610

Guest access
As our guests, you will have access to all the world-class amenities of the Burnham,",[]
1024050912460114980,2023072150,2023072150,exact,listing_results\1024050912460114980\metadata.json,"listing details and agree to our terms and conditions.

Nashville Permit issued in 2023 followed by:2023072150

Guest access
Guests will have access to the entire space!

Other things to note
All our properties",[]
1024050912460114980,2023202307,2023 followed by:202307,formatted,listing_results\1024050912460114980\metadata.json,"ou have read the listing details and agree to our terms and conditions.

Nashville Permit issued in 2023 followed by:2023072150

Guest access
Guests will have access to the entire space!

Other things to note
All our proper",[]
1024072287675560074,2023079863,2023079863,exact,listing_results\1024072287675560074\metadata.json,"listing details and agree to our terms and conditions.

Nashville Permit issued In 2023 followed by:2023079863

Guest access
Guests will have access to the entire space!

Other things to note
All our properties",[]
1024072287675560074,2023202307,2023 followed by:202307,formatted,listing_results\1024072287675560074\metadata.json,"ou have read the listing details and agree to our terms and conditions.

Nashville Permit issued In 2023 followed by:2023079863

Guest access
Guests will have access to the entire space!

Other things to note
All our proper",[]
1024651572430579396,2023072164,2023072164,exact,listing_results\1024651572430579396\metadata.json,"isting details and agree to our terms and conditions.

Nashville Permit issued in 2023, followed by:2023072164

Guest access
Guests will have access to the entire space!

Other things to note
All our properties",[]
1026858983475229148,2022029441,2022029441,exact,listing_results\1026858983475229148\metadata.json,"se, the Country Music Hall of Fame and Museum, and Ryman Auditorium.

Registration Details
Permit # 2022029441",[]
1026887846534998931,2023087244,2023087244,exact,listing_results\1026887846534998931\metadata.json,"f neighbors
• Check‐in time is 4:00 PM and checkout time is 10:00 AM

Registration Details
Permit # 2023087244",[]
1027516925896975941,2018073496,T2018073496,exact,listing_results\1027516925896975941\metadata.json,"ing is $30 a night in gated parking garage, for one vehicle. Second vehicle is $30 a night
STR PERMIT2018073496

The space
Designed by local creatives,
this space screams “Nashvagas!” Glamorous wallpaper, loud a",[]
1029131557341752135,2023038544,2023038544,exact,listing_results\1029131557341752135\metadata.json,"aning fee.
• Check-in time is 4:00 PM and checkout time is 10:00 AM.

Registration Details
Permit # 2023038544",[]
1029292167279744969,2023101854,2023101854,exact,listing_results\1029292167279744969\metadata.json,"uestions?  .... Happy to answer any question - no questions too big or small.

Registration Details
2023101854",[]
1029715614359738128,2023076070,2023076070,exact,listing_results\1029715614359738128\metadata.json,"ance! 🐶✨

🏡 Housekeeping
✔️ Brown bins = Trash 🗑️ | Green bins = Recycling ♻️

Registration Details
2023076070",[]
1031953057737179977,2023080104,2023080104,exact,listing_results\1031953057737179977\metadata.json,"pp are not applicable. If you would like early check in, you must message us.

Registration Details
2023080104",[]
1032181574190515043,2022024213,2022followedby024folllowedby213,formatted,listing_results\1032181574190515043\metadata.json,"ly so that we can make it right for you right away. Your satisfaction is our top priority.

PERMIT: 2022followedby024folllowedby213

Guest access
KEYLESS ENTRY:
Approx 24 hours prior to your arrival, you will receive a unique keypa",[]
1034111984329698996,2018073913,STR:2018073913,exact,listing_results\1034111984329698996\metadata.json,"we'll deal with that before arrival! If not, there will be no extra charges!

Other things to note
STR:2018073913",[]
1034912940468069111,2025056510,2025056510,exact,listing_results\1034912940468069111\metadata.json,"e rhythm of Music City sweep you off your feet. We can't wait to welcome you!

Registration Details
2025056510",[]
10353731,2024097198,T2024097198,exact,listing_results\10353731\metadata.json,"S MUST BE 18 YEARS OR OLDER. The plunge pool and fireplace are both seasonal.

Registration Details
T2024097198",[]
1036179668389663624,2022050552,T2022050552,exact,listing_results\1036179668389663624\metadata.json,"uest access
The entire unit and all amenities in the building.

Other things to note
Permit number:
T2022050552",[]
1037150528292181726,2023097166,2023097166,exact,listing_results\1037150528292181726\metadata.json,"listing details and agree to our terms and conditions.

Nashville Permit Issued in 2023 followed by:2023097166

Guest access
Guests will have access to the entire space!

Other things to note
All our properties",[]
1037150528292181726,2023202309,2023 followed by:202309,formatted,listing_results\1037150528292181726\metadata.json,"ou have read the listing details and agree to our terms and conditions.

Nashville Permit Issued in 2023 followed by:2023097166

Guest access
Guests will have access to the entire space!

Other things to note
All our proper",[]
1038082558585133367,2018068402,2018068402,exact,listing_results\1038082558585133367\metadata.json,"re minutes from Broadway’s buzz—perfect for city explorers with a melody in their heart! STR Permit#2018068402

The space
This inviting property is perfect for families, groups, or business travelers seeking a",[]
1039766953929426065,2024001398,2024001398,exact,listing_results\1039766953929426065\metadata.json,"ants, 10 miles from downtown, and easy access to I-40.  Our unit is professionally cleaned. Permit #2024001398

The space
Discover comfort and tranquility in our spacious suite, situated in the safe and relaxin",[]
1040622627941824192,2023089988,2023089988,exact,listing_results\1040622627941824192\metadata.json,"mont Emergency Nashville line and inform the host after exiting the premises.

Registration Details
2023089988",[]
1042077000453929790,2020017443,T2020017443,exact,listing_results\1042077000453929790\metadata.json,"unit) FREE parking - open parking lot located right in front of the property.

Registration Details
T2020017443",[]
1044281266128749954,2017077910,2017077910,exact,listing_results\1044281266128749954\metadata.json,"listing details and agree to our terms and conditions.

Nashville Permit Issued in 2017 Followed By:2017077910

Guest access
Guests will have access to the entire property including garage parking.

Other thing",[]
1044281266128749954,2017201707,2017 Followed By:201707,formatted,listing_results\1044281266128749954\metadata.json,"ou have read the listing details and agree to our terms and conditions.

Nashville Permit Issued in 2017 Followed By:2017077910

Guest access
Guests will have access to the entire property including garage parking.

Other t",[]
1044456584836571147,2018073522,2018073522,exact,listing_results\1044456584836571147\metadata.json,"or exploring Nashville's best. Revel in the excitement of Downtown, a mere stroll away! STR Permit #2018073522

The space
Nestled in a prime location, this family-friendly unit boasts a fully-equipped kitchen w",[]
1044456584836571147,2018068402,2018068402,exact,listing_results\1044456584836571147\metadata.json,"0.8 miles to Gulch
★ 1.1 miles to Nissan Stadium
★ 7.9 miles to airport

Short Term Rental License #2018068402

Registration Details
2018073522",[]
1044501316864893626,2018073517,2018073517,exact,listing_results\1044501316864893626\metadata.json,"ough email. Please provide you best email. Thanks!

Other things to note
Short Term Rental License #2018073517

★ 1.5 blocks to Bridgestone Arena
★ 2 blocks to Broadway
★ 0.2 miles to Music City Center
★ 0.4 mi",[]
1047113650990970560,2023082005,2023082005,exact,listing_results\1047113650990970560\metadata.json,"listing details and agree to our terms and conditions.

Nashville Permit issued in 2023 followed by:2023082005

Guest access
Guests will have access to the entire space!

Other things to note
All our properties",[]
1047113650990970560,2023202308,2023 followed by:202308,formatted,listing_results\1047113650990970560\metadata.json,"ou have read the listing details and agree to our terms and conditions.

Nashville Permit issued in 2023 followed by:2023082005

Guest access
Guests will have access to the entire space!

Other things to note
All our proper",[]
1048693535159253080,2023085760,2023085760,exact,listing_results\1048693535159253080\metadata.json,"hot tub, and 1 large patio. There is plenty of parking space for a few cars.

Registration Details
2023085760",[]
1051592667814517690,2023098440,2023098440,exact,listing_results\1051592667814517690\metadata.json,"ville: Experience Your Stay, Design by Injoy Vacations

Guest access
DOOR APP

Registration Details
2023098440",[]
1052171911760784057,2023101610,2023101610,exact,listing_results\1052171911760784057\metadata.json,"until you have successfully completed verification steps in our guest portal.

Registration Details
2023101610",[]
1052927011253735008,2026061857,CASR-2026061857,exact,listing_results\1052927011253735008\metadata.json,"available in the driveway and on the street.

Registration Details
RESIDENTIAL SHORT TERM RENTAL / CASR-2026061857",[]
1054496772020556874,2022059164,2022059164,exact,listing_results\1054496772020556874\metadata.json,"rthday bash, or friends' getaway. Live, laugh, and make memories right where the action is!
Permit #2022059164

The space
1 bedroom fully furnished apartment with a kitchen that is fully stocked with appliances",[]
1055702321615580156,2022050484,T2022050484,exact,listing_results\1055702321615580156\metadata.json,". The Gulch, and Broadway. Resort style pool area, full gym, lounge and grill area. 

Permit number T2022050484

The space
Cozy 1 bedroom apartment includes a queen size bed with storage drawers for extra blanke",[]
1056126306035378134,2018070933,2018070933,exact,listing_results\1056126306035378134\metadata.json,"llation of your reservation.

Embark on your Nashville adventure and book your stay today!

Permit #2018070933

Guest access
Keyless entry via the DOOR smartphone app (formerly Latch), with access for every gue",[]
1058006957632665129,2026022432,2026022432,exact,listing_results\1058006957632665129\metadata.json,"or code is unique to your stay, and only active during your reservation time.

Registration Details
2026022432",[]
1059000352386853631,2024007013,t2024007013,exact,listing_results\1059000352386853631\metadata.json,"to time you may hear voices and movement. We do our best to keep quiet time from 8 pm to 8 am.
Permit2024007013

The space
Our cozy nook is set up as a studio apartment. There is a comfortable queen sized bed wi",[]
1059942070793056811,2018074995,STR #2018074995,exact,listing_results\1059942070793056811\metadata.json,"ospitality, Honky Tonk vibe, and diverse culinary delights just steps away. 

Your retreat awaits!

STR #2018074995

The space
Welcome to your perfect getaway!

Luxurious Bedroom Retreat

🛌 - Step into our cozy bedr",[]
1060112981295651318,2017023307,2017023307,exact,listing_results\1060112981295651318\metadata.json,"cleaning fee..
• Check in is at 4:00 PM and checkout is at 10:00 AM.

Registration Details
Permit # 2017023307",[]
1060250528818521182,2023101035,2023101035,exact,listing_results\1060250528818521182\metadata.json,"Nashville: Experience Your Stay, Design by NP/Injoy

Guest access
Smart Lock

Registration Details
2023101035",[]
1061246555828330798,2025002805,2025002805,exact,listing_results\1061246555828330798\metadata.json,"nience, with pick-up and drop-off just a few steps away from your door.

Short Term Rental Permit: #2025002805

Come and embrace the essence of Nashville at this exceptional Illume condo, where every detail ens",[]
1065868441816959549,2024002149,2024002149,exact,listing_results\1065868441816959549\metadata.json,"arking on premises
Smart TV for streaming your favorite shows
Air conditioning and heating

Permit #2024002149

The space
Welcome to your private haven just 15 minutes from the vibrant heart of Nashville! This",[]
1068221663595833151,2024001945,2024001945,exact,listing_results\1068221663595833151\metadata.json,"nd open floor-plan that is perfect for groups or families 
- High Speed Wi-Fi

Registration Details
2024001945",[]
1069727573185089724,2022059361,2022059361,exact,listing_results\1069727573185089724\metadata.json,"s and let us decorate for you!

Photo ID will be required to confirm booking.

Registration Details
2022059361",[]
1072555339751189924,2021036370,2021036370,exact,listing_results\1072555339751189924\metadata.json,"gin! ☆★

Guest access
You will be messaged a door code a day before check in.

Registration Details
2021036370",[]
1074326728316711838,2022056537,T2022056537,exact,listing_results\1074326728316711838\metadata.json,"ium
5 mins →Milk & Honey Gulch
6 mins  →Whole Foods & Publix Grocery store
7 mins →Geodis Park

STR T2022056537",[]
1074834544559424727,2023037918,2023037918,exact,listing_results\1074834544559424727\metadata.json,"Hospitable and Experienced Host in the Nashville area!

Nashville Permit issued in 2023 followed by:2023037918

Guest access
Guests will have access to the entire unit!

Other things to note
While the neighborh",[]
1074834544559424727,2023202303,2023 followed by:202303,formatted,listing_results\1074834544559424727\metadata.json,"nkets
o The most Hospitable and Experienced Host in the Nashville area!

Nashville Permit issued in 2023 followed by:2023037918

Guest access
Guests will have access to the entire unit!

Other things to note
While the neigh",[]
1076740957680171542,2018012147,2018_012_147,formatted,listing_results\1076740957680171542\metadata.json,"t, our homes provide the perfect backdrop for your Nashville adventure. 

Permit numbers: The Wade: 2018_012_147, The Argyle: 2018_012_154, The Frankie: 2019_037_001.

Guest access
All three beautiful 3 floor uni",[]
1076740957680171542,2018012154,2018_012_154,formatted,listing_results\1076740957680171542\metadata.json,"erfect backdrop for your Nashville adventure. 

Permit numbers: The Wade: 2018_012_147, The Argyle: 2018_012_154, The Frankie: 2019_037_001.

Guest access
All three beautiful 3 floor units will be all yours!

Oth",[]
1076740957680171542,2019037001,2019_037_001,formatted,listing_results\1076740957680171542\metadata.json,"shville adventure. 

Permit numbers: The Wade: 2018_012_147, The Argyle: 2018_012_154, The Frankie: 2019_037_001.

Guest access
All three beautiful 3 floor units will be all yours!

Other things to note
Welcome t",[]
1077800571159031492,2023097912,2023097912,exact,listing_results\1077800571159031492\metadata.json,"d floor, so guests should be comfortable navigating stairs during their stay.

Registration Details
2023097912",[]
1077800720261872790,2023097922,2023097922,exact,listing_results\1077800720261872790\metadata.json,"d floor, so guests should be comfortable navigating stairs during their stay.

Registration Details
2023097922",[]
1077800953371225020,2023097914,2023097914,exact,listing_results\1077800953371225020\metadata.json,"d floor, so guests should be comfortable navigating stairs during their stay.

Registration Details
2023097914",[]
1077800979490832817,2023097913,2023097913,exact,listing_results\1077800979490832817\metadata.json,"d floor, so guests should be comfortable navigating stairs during their stay.

Registration Details
2023097913",[]
1079878472733949818,2018073421,2018073421,exact,listing_results\1079878472733949818\metadata.json,"will not be able to refund any of your stay with us.

Please note the the Short Term Rental Permit #2018073421

**Security Cameras are located in common areas of the property**",[]
1080298056090189426,2021069020,2021069020,exact,listing_results\1080298056090189426\metadata.json,"ail line can be heard at times
• Check‐in 4:00 PM; checkout 10:00 AM

Registration Details
Permit # 2021069020",[]
1080610153087964621,2023037923,2023037923,exact,listing_results\1080610153087964621\metadata.json,"Hospitable and Experienced Host in the Nashville area!

Nashville Permit issued in 2023 followed by:2023037923

Guest access
Guests will have access to the entire unit!",[]
1080610153087964621,2023202303,2023 followed by:202303,formatted,listing_results\1080610153087964621\metadata.json,"nkets
o The most Hospitable and Experienced Host in the Nashville area!

Nashville Permit issued in 2023 followed by:2023037923

Guest access
Guests will have access to the entire unit!",[]
1081235308508056254,2021042455,STRP# 2021042455,exact,listing_results\1081235308508056254\metadata.json,"iolations incur a $150 fee.
Quiet hours after 10 PM for a restful experience.

Registration Details
STRP# 2021042455 & 2021039851",[]
1081235308508056254,2021039851,2021039851,exact,listing_results\1081235308508056254\metadata.json,"150 fee.
Quiet hours after 10 PM for a restful experience.

Registration Details
STRP# 2021042455 & 2021039851",[]
1084880055691973152,2019013905,2019013905,exact,listing_results\1084880055691973152\metadata.json,"oor and 3 staircases inside the home, so you'll definitely get your steps in!

Registration Details
2019013905",[]
1085618935706228540,2023078376,2023078376,exact,listing_results\1085618935706228540\metadata.json,"listing details and agree to our terms and conditions.

Nashville Permit Issued In 2023 followed by:2023078376

Guest access
Guest will have access to the entire unit including garage parking. Parking is first",[]
1085618935706228540,2023202307,2023 followed by:202307,formatted,listing_results\1085618935706228540\metadata.json,"ou have read the listing details and agree to our terms and conditions.

Nashville Permit Issued In 2023 followed by:2023078376

Guest access
Guest will have access to the entire unit including garage parking. Parking is fi",[]
1086264193119588656,2019056033,2019056033,exact,listing_results\1086264193119588656\metadata.json,"business travel, weekend getaways, group trips, and fall adventures.

Registration Details
Permit #2019056033",[]
1087751290535161803,2021083096,2021083096,exact,listing_results\1087751290535161803\metadata.json,"etups, and mobile IV hydration services. Ask about availability when booking.

Registration Details
2021083096",[]
1087853485795114337,2024061983,2024061983,exact,listing_results\1087853485795114337\metadata.json,"that anyone traveling with a pet book elsewhere. Thank you for understanding.

Registration Details
2024061983",[]
1089345411533442312,2021005567,2021005567,exact,listing_results\1089345411533442312\metadata.json,"ss to the entire house and garage. Please, make yourself at home.

Other things to note
STR Permit #2021005567",[]
1090105896851948773,2024001306,2024001306,exact,listing_results\1090105896851948773\metadata.json,"ville: Experience Your Stay, Design by Injoy Vacations

Guest access
Door App

Registration Details
2024001306",[]
1090588972129046279,2024012145,2024012145,exact,listing_results\1090588972129046279\metadata.json,"u can visit all that Nashville has to offer at Music Row (Taylor's Version).

Nashville STR Permit #2024012145",[]
1091452796164885221,2021073086,2021073086,exact,listing_results\1091452796164885221\metadata.json,"rosecute all Credit Card Fraud

STR Permit Registration Number: 202/107/308/6

Registration Details
2021073086",[]
1091470917113803627,2023097166,2023097166,exact,listing_results\1091470917113803627\metadata.json,"etails and agree to our terms and conditions.

Unit 1 - Nashville Permit Issued In 2023 followed by:2023097166
Unit 2 - Nashville Permit issued In 2023 followed by:2023091637

Guest access
Guests will have acce",[]
1091470917113803627,2023091637,2023091637,exact,listing_results\1091470917113803627\metadata.json,"e Permit Issued In 2023 followed by:2023097166
Unit 2 - Nashville Permit issued In 2023 followed by:2023091637

Guest access
Guests will have access to the entire space!

Other things to note
All our properties",[]
1091470917113803627,2023202309,2023 followed by:202309,formatted,listing_results\1091470917113803627\metadata.json,"ead the listing details and agree to our terms and conditions.

Unit 1 - Nashville Permit Issued In 2023 followed by:2023097166
Unit 2 - Nashville Permit issued In 2023 followed by:2023091637

Guest access
Guests will have",[]
1092182416902234024,2023072150,2023072150,exact,listing_results\1092182416902234024\metadata.json,"ails and agree to our terms and conditions.

1st Unit: Nashville Permit issued in 2023, followed by:2023072150
2nd Unit: Nashville Permit issued in 2023, followed by:2023072164

Guest access
Guests will have ac",[]
1092182416902234024,2023072164,2023072164,exact,listing_results\1092182416902234024\metadata.json,"ermit issued in 2023, followed by:2023072150
2nd Unit: Nashville Permit issued in 2023, followed by:2023072164

Guest access
Guests will have access to the entire property, including garage parking.

Other thin",[]
1092854120144749903,2023017324,2023017324,exact,listing_results\1092854120144749903\metadata.json,"Experience Your Stay, Design by NP/Injoy

Guest access
Smart Lock
3rd Floor

Registration Details
2023017324",[]
1093343929701728902,2024034313,2024034313,exact,listing_results\1093343929701728902\metadata.json,"er, laundry center, fire pit, and outdoor grilling and dining area.

Registration Details
Permit #: 2024034313",[]
1093474352226178188,2018074419,2018074419,exact,listing_results\1093474352226178188\metadata.json,"rking space available for $35/night

Additional paid parking options are available nearby.

Permit #2018074419

Guest access
Guests will have full private access to the apartment and shared access to the buildi",[]
1093588452473562060,2023093860,2023093860,exact,listing_results\1093588452473562060\metadata.json,"t access
Guests have use of all of house other than locked areas.

Registration Details
STR Permit# 2023093860",[]
1095141435428057961,2023089991,2023089991,exact,listing_results\1095141435428057961\metadata.json,"epers should plan to bring earplugs or use the Alexa to generate white noise.

Registration Details
2023089991",[]
1095642605404939918,2025000002,2025-02,formatted,listing_results\1095642605404939918\metadata.json,"m are open/shared spaces. The pool is currently closed for the season. 

City of Berry Hill Permit #2025-02

The space
1 bedroom studio and 1 private full bathroom through this cozy space! Parking is provide",[]
1095696396834045201,2024001341,2024001341,exact,listing_results\1095696396834045201\metadata.json,"ville: Experience Your Stay, Design by Injoy Vacations

Guest access
Door App

Registration Details
2024001341",[]
1097136658335686678,2024009193,2024009193,exact,listing_results\1097136658335686678\metadata.json,"party.
- Parties, events, or weddings are not allowed.

Nashville Permit Issued in 2024 Followed By:2024009193

Guest access
Guests will have access to the entire property, including garage parking.

Other thin",[]
1097136658335686678,2024202400,2024 Followed By:202400,formatted,listing_results\1097136658335686678\metadata.json,"sed to the other party.
- Parties, events, or weddings are not allowed.

Nashville Permit Issued in 2024 Followed By:2024009193

Guest access
Guests will have access to the entire property, including garage parking.

Other",[]
1097802671017310791,2024016696,T2024016696,exact,listing_results\1097802671017310791\metadata.json,"trees to the private deck entrance. One of the flights is a spiral staircase

Registration Details
T2024016696",[]
1100740041078370065,2022069581,2022069581,exact,listing_results\1100740041078370065\metadata.json,"mit for the house. You can find the Permit # in the captions of our pictures.

Registration Details
2022069581",[]
1100883115024429337,2021012137,2021012137,exact,listing_results\1100883115024429337\metadata.json,"s.

If you have any questions, just message us anytime! Happy to help!

Short Term Rental Permit#'s:2021012137,2021012139

Guest access
Guests have full access to the entire home, including bedrooms, bathrooms,",[]
1100883115024429337,2021012139,2021012139,exact,listing_results\1100883115024429337\metadata.json,"have any questions, just message us anytime! Happy to help!

Short Term Rental Permit#'s:2021012137,2021012139

Guest access
Guests have full access to the entire home, including bedrooms, bathrooms, kitchen, l",[]
1102244115499991703,2021061331,2021061331,exact,listing_results\1102244115499991703\metadata.json,"ive (2.1 miles)

Getting around: Car is not necessary. Uber/Lyft is recommended.

Nashville Permit #2021061331 and #2021073150

NOTE: Expect some noise due to active construction happening right across the stre",[]
1102244115499991703,2021073150,2021073150,exact,listing_results\1102244115499991703\metadata.json,"Getting around: Car is not necessary. Uber/Lyft is recommended.

Nashville Permit #2021061331 and #2021073150

NOTE: Expect some noise due to active construction happening right across the street.

LIVING ROOM",[]
11024062,2018049485,2018049485,exact,listing_results\11024062\metadata.json,"title: HUGE Ultra Luxe Home w/ 12 beds near Downtown
description: Nashville STRP Permit #2018049485

Over 2,500 sqft home with luxe furnishings, provide a wow-factor for your stay. Open floor plan, v",[]
1102886938987416262,2024012168,2024012168,exact,listing_results\1102886938987416262\metadata.json,"party.
- Parties, events, or weddings are not allowed.

Nashville Permit issued in 2024 followed by:2024012168

Guest access
Guests will have access to the entire property, including garage parking.

Other thin",[]
1102886938987416262,2024202401,2024 followed by:202401,formatted,listing_results\1102886938987416262\metadata.json,"sed to the other party.
- Parties, events, or weddings are not allowed.

Nashville Permit issued in 2024 followed by:2024012168

Guest access
Guests will have access to the entire property, including garage parking.

Other",[]
1102917852479992543,2024011296,T2024011296,exact,listing_results\1102917852479992543\metadata.json,"der the reservation terms and applicable policies, termination may occur without a refund.

Permit: T2024011296",[]
1104987009446073200,2024050496,2024050496,exact,listing_results\1104987009446073200\metadata.json,"around the apartment. You will be asked to leave and charged additional fees.

Registration Details
2024050496",[]
1105229516684716062,2024022156,STR -2024022156,exact,listing_results\1105229516684716062\metadata.json,"Nissan Stadium - 15 min walk

Book your stay with us at Ready Set Vaca for a guaranteed good time!  STR -2024022156

Guest access
★  Access: The building uses Latch Smart Locks for added security and easy access. Ch",[]
1106469780017814190,2024019832,2024019832,exact,listing_results\1106469780017814190\metadata.json,"ies or groups of up to ten, the townhouse offers a cozy retreat in the heart of the action.
Permit #2024019832

The space
3 BR/ 2.5 BA sleeps up to 10 individuals
1st Floor- Entry, Laundry, 1 Bedroom with a 1 q",[]
1106503691033441758,2019025513,2019025513,exact,listing_results\1106503691033441758\metadata.json,"ask guests NOT to park in the driveway and NOT to block other units' garages

Registration Details
2019025513",[]
1106543683306196071,2022041303,2022 041303,formatted,listing_results\1106543683306196071\metadata.json,"No Pets Allowed without prior approval★
★ No Smoking ★
★ No Parties/Events ★

Registration Details
2022 041303",[]
1110365779922447550,2022056620,T2022056620,exact,listing_results\1110365779922447550\metadata.json,"Airbnb is located in a prime location, which makes for short walks! Come relax & enjoy! 

Permit # T2022056620

The space
This Airbnb was inspired & furnished by RH (Restoration Hardware). Nestled just blocks f",[]
1112319382980251336,2022047610,2022047610,exact,listing_results\1112319382980251336\metadata.json,"r booking
  - We have the right to report and prosecute all Credit Card Fraud

Registration Details
2022047610 / 2022047646",[]
1112319382980251336,2022047646,2022047646,exact,listing_results\1112319382980251336\metadata.json,"We have the right to report and prosecute all Credit Card Fraud

Registration Details
2022047610 / 2022047646",[]
1112319405914568011,2022047649,2022047649,exact,listing_results\1112319405914568011\metadata.json,"r booking
  - We have the right to report and prosecute all Credit Card Fraud

Registration Details
2022047649 / 2022046546",[]
1112319405914568011,2022046546,2022046546,exact,listing_results\1112319405914568011\metadata.json,"We have the right to report and prosecute all Credit Card Fraud

Registration Details
2022047649 / 2022046546",[]
1112319427057258597,2022047680,2022047680,exact,listing_results\1112319427057258597\metadata.json,"r booking
  - We have the right to report and prosecute all Credit Card Fraud

Registration Details
2022047680, 2022047693",[]
1112319427057258597,2022047693,2022047693,exact,listing_results\1112319427057258597\metadata.json,"- We have the right to report and prosecute all Credit Card Fraud

Registration Details
2022047680, 2022047693",[]
1112363266214485434,2025014102,2025014102,exact,listing_results\1112363266214485434\metadata.json,"o note
Check-in is at 4 pm
Check-out is at 10 am

Short Term Rental Permit Year 2025, permit number_2025014102",[]
1113019368291448118,2019072557,2019072557,exact,listing_results\1113019368291448118\metadata.json,"age us anytime! Happy to help!

Hope you enjoy your stay in Nashville! 

Short Term Rental Permit #:2019072557

Guest access
Guests have full access to the entire home, including both rooftop decks, game room,",[]
1113783989914178630,2024028025,CASR 2024028025,exact,listing_results\1113783989914178630\metadata.json,"in throwing a shindig here, reach out and we can see how best to accommodate!

Registration Details
CASR 2024028025",[]
1114702623961138718,2024020741,2024020741,exact,listing_results\1114702623961138718\metadata.json,"er reservation. 
Additional street parking is offered on a first-come, first-served basis.

Permit #2024020741

Guest access
Full access to the unit.",[]
1116627225971997067,2024028507,2024028507,exact,listing_results\1116627225971997067\metadata.json,"tners such as Joyride Party Buses and Golf Carts
- And much more...

Registration Details
Permit #: 2024028507",[]
1118268717869074650,2022048201,2022048201,exact,listing_results\1118268717869074650\metadata.json,"r booking
  - We have the right to report and prosecute all Credit Card Fraud

Registration Details
2022048201",[]
1119007312475781079,2018073721,2018073721,exact,listing_results\1119007312475781079\metadata.json,"booking to ensure a pleasant stay in the heart of downtown Nashville.

Other things to note
Permit #2018073721

Welcome to the vibrant heart of downtown Nashville! While we're excited to host you for an amazing",[]
1121017870298497166,2018073024,2018073024,exact,listing_results\1121017870298497166\metadata.json,"llation of your reservation.

Embark on your Nashville adventure and book your stay today!

Permit #2018073024

Guest access
Guests enjoy exclusive access to the entire apartment and all luxury building ameniti",[]
1121068610426646525,2023000063,T2023000063,exact,listing_results\1121068610426646525\metadata.json,"by brewery or head home for a cozy movie night by the Smart TV.

The space
Nashville STR Permit No. T2023000063 | Community Rooftop Deck | In-Unit Laundry | 4 Mi to Downtown

Bedroom: Queen Bed | Living Room:",[]
1122489269301469359,2023101297,2023101297,exact,listing_results\1122489269301469359\metadata.json,"after booking.
• Check in is at 4:00 PM and checkout is at 10:00 AM.

Registration Details
Permit # 2023101297",[]
1122539328810245807,2023098032,2023098032,exact,listing_results\1122539328810245807\metadata.json,"an early check in or late check out for $20/hr. Please inquire if interested.

Registration Details
2023098032",[]
1123431402183660494,2021036440,2021036440,exact,listing_results\1123431402183660494\metadata.json,"rience Nashville for yourself.

Guest access
The entire home.  Keyless entry.

Registration Details
2021036440",[]
1129093911476121290,2023000039,2023 followed by 039,formatted,listing_results\1129093911476121290\metadata.json,"er groups.
-- Same day bookings require approval. Do not instant book. 
--Local Permit: Issued Year 2023 followed by 039 then 079 - this is required to legally rent in Nashville.

Guest access
Guest will receive a unique",[]
1132549061938747286,2024024280,2024followedby024280,formatted,listing_results\1132549061938747286\metadata.json,"and would be happy to recommend another property that fits your needs.

Metro Nashville STR Permit: 2024followedby024280

Other things to note
Please note that we may collect additional information from you after confirm",[]
1132569915427122068,2024024280,2024followedby024280,formatted,listing_results\1132569915427122068\metadata.json,"at fits your needs.

Metro Nashville STR Permit 20240followed by24266and Metro Nashville STR Permit 2024followedby024280

Other things to note
Please note that we may collect additional information from you after confirm",[]
1135814939451834724,2022047646,2022047646,exact,listing_results\1135814939451834724\metadata.json,"r booking
  - We have the right to report and prosecute all Credit Card Fraud

Registration Details
2022047646",[]
1137108724280812193,2024033606,2024033606,exact,listing_results\1137108724280812193\metadata.json,"ts.

If you have any questions, just message us anytime! Happy to help!

Short Term Rental Permit #:2024033606

Guest access
Entire homeGuests have full access to the entire home, including bedrooms, bathrooms,",[]
1137161384904829664,2024033626,2024033626,exact,listing_results\1137161384904829664\metadata.json,"ots.

If you have any questions, just message us anytime! Happy to help!

Short Term Rental Permit#:2024033626

Guest access
Guests have full access to the entire home, including bedrooms, bathrooms, kitchen, l",[]
11387629,2021025049,2021025049,exact,listing_results\11387629\metadata.json,"world. Message us to start planning your perfect Nashville adventure!

Metro Nashville STR Permit #2021025049",[]
1140668405248976647,2024036041,2024036041,exact,listing_results\1140668405248976647\metadata.json,"ergency that may arise.

→ The permit # can be found in the listing captions.

Registration Details
2024036041",[]
1140696796343624011,2024028223,2024028223,exact,listing_results\1140696796343624011\metadata.json,"ville: Experience Your Stay, Design by Injoy Vacations

Guest access
DOOR APP

Registration Details
2024028223",[]
1140927921961475137,2022050198,T2022050198,exact,listing_results\1140927921961475137\metadata.json,"this centrally-located place.

This unique place has a style all its own.

Unit#921

permit number
T2022050198

The space
💤 Stylish 2BR City Condo | Pool, Gym, Sleeps 6 Comfortably | #921
Welcome to your luxury",[]
1141399465885510077,2024036221,2024036221,exact,listing_results\1141399465885510077\metadata.json,"ergency that may arise.

→ The permit # can be found in the listing captions.

Registration Details
2024036221",[]
1141424169456314387,2024036224,2024036224,exact,listing_results\1141424169456314387\metadata.json,"ergency that may arise.

→ The permit # can be found in the listing captions.

Registration Details
2024036224",[]
1142148268623294757,2024036235,2024036235,exact,listing_results\1142148268623294757\metadata.json,"ergency that may arise.

→ The permit # can be found in the listing captions.

Registration Details
2024036235",[]
1142679131905397305,2022059342,STR2022059342,exact,listing_results\1142679131905397305\metadata.json,"king.  To register for these additional apps, an email address from the primary guest is required.

STR2022059342

Registration Details
2022059342",[]
1143001610595459843,2022046546,2022046546,exact,listing_results\1143001610595459843\metadata.json,"r booking
  - We have the right to report and prosecute all Credit Card Fraud

Registration Details
2022046546-2022048389",[]
1143001610595459843,2022048389,2022048389,exact,listing_results\1143001610595459843\metadata.json,"- We have the right to report and prosecute all Credit Card Fraud

Registration Details
2022046546-2022048389",[]
1143001636057729076,2022048365,2022048365,exact,listing_results\1143001636057729076\metadata.json,"r booking
  - We have the right to report and prosecute all Credit Card Fraud

Registration Details
2022048365 / 2022048376 / 2022048383",[]
1143001636057729076,2022048376,2022048376,exact,listing_results\1143001636057729076\metadata.json,"We have the right to report and prosecute all Credit Card Fraud

Registration Details
2022048365 / 2022048376 / 2022048383",[]
1143001636057729076,2022048383,2022048383,exact,listing_results\1143001636057729076\metadata.json,"right to report and prosecute all Credit Card Fraud

Registration Details
2022048365 / 2022048376 / 2022048383",[]
1143001658062653392,2022048365,2022048365,exact,listing_results\1143001658062653392\metadata.json,"r booking
  - We have the right to report and prosecute all Credit Card Fraud

Registration Details
2022048365 / 2022048376 / 2022048383 / 2022048389",[]
1143001658062653392,2022048376,2022048376,exact,listing_results\1143001658062653392\metadata.json,"We have the right to report and prosecute all Credit Card Fraud

Registration Details
2022048365 / 2022048376 / 2022048383 / 2022048389",[]
1143001658062653392,2022048383,2022048383,exact,listing_results\1143001658062653392\metadata.json,"right to report and prosecute all Credit Card Fraud

Registration Details
2022048365 / 2022048376 / 2022048383 / 2022048389",[]
1143001658062653392,2022048389,2022048389,exact,listing_results\1143001658062653392\metadata.json,"rt and prosecute all Credit Card Fraud

Registration Details
2022048365 / 2022048376 / 2022048383 / 2022048389",[]
1143039219655629344,2022056434,T2022056434,exact,listing_results\1143039219655629344\metadata.json,"gings throughout the space. Located in SoBro, you're about a 10-minute walk from Broadway.

Permit: T2022056434

The space
Location: My apartment is located in SoBro (South of Broadway), just south of downtown N",[]
1143344009097865175,2022028774,2022028774,exact,listing_results\1143344009097865175\metadata.json,"cleaning fee.
• Check in is at 4:00 PM and checkout is at 10:00 AM.

Registration Details
Permit # 2022028774",[]
1146384192910106347,2024103718,2024103718,exact,listing_results\1146384192910106347\metadata.json,"based on your reservation .

Other things to note
You must be ok with stairs

Registration Details
2024103718",[]
1147728463063104463,2022056523,T2022056523,exact,listing_results\1147728463063104463\metadata.json,"d Ole Opry, Opry Mills Mall and Nashville Shores Waterpark.

Other things to note
Nashville Permit #T2022056523",[]
1148031132874573193,2022032731,2022032731,exact,listing_results\1148031132874573193\metadata.json,"y be required.
• Check in is at 4:00 PM and checkout is at 10:00 AM.

Registration Details
Permit # 2022032731",[]
1148129010736290767,2023013537,2023_followedby_013537,formatted,listing_results\1148129010736290767\metadata.json,"top attractions and vibrant local favorite, an ideal home base for exploring the city.

STR Permit: 2023_followedby_013537

Guest access
Guests will have exclusive and private access to the entire two-bedroom condo during",[]
1148142488472017818,2024034541,T2024034541,exact,listing_results\1148142488472017818\metadata.json,"----------------------------------------------------------

STR permit issued by City of Nashville:
T2024034541

Registration Details
CASR 2024034541",[]
1149187917570120989,2018070961,2018070961,exact,listing_results\1149187917570120989\metadata.json,"rking space available for $35/night

Additional paid parking options are available nearby.

Permit #2018070961

Guest access
Guests will have full private access to the apartment and shared access to all buildi",[]
1150454772813171210,2025068801,2025 _ 068801,formatted,listing_results\1150454772813171210\metadata.json,"package.

_
PARKING
Free street parking is available in front of the property.

_
PERMIT
Permit #: 2025 _ 068801
Permit #: 2024 _ 041051

_
RENTAL AGREEMENT

A separate short-term rental agreement is required and",[]
1150454772813171210,2024041051,2024 _ 041051,formatted,listing_results\1150454772813171210\metadata.json,"e street parking is available in front of the property.

_
PERMIT
Permit #: 2025 _ 068801
Permit #: 2024 _ 041051

_
RENTAL AGREEMENT

A separate short-term rental agreement is required and will be sent through Ai",[]
1150637619407363689,2024039589,2024039589,exact,listing_results\1150637619407363689\metadata.json,"book both and keep your whole crew on the same block. Message us for details.

Registration Details
2024039589",[]
1150668637759817311,2024039589,2024039589,exact,listing_results\1150668637759817311\metadata.json,"t door — book both and keep your whole crew together. Message us for details.

Registration Details
2024039589",[]
1151513340428143622,2024034286,2024034286,exact,listing_results\1151513340428143622\metadata.json,"isting details and agree to our terms and conditions.

Nashville Permit Issued in 2024, followed by:2024034286

Guest access
Guests will have access to the entire property, including open complex parking.

Othe",[]
1151652262671084461,2024039018,2024039018,exact,listing_results\1151652262671084461\metadata.json,"listing details and agree to our terms and conditions.

Nashville Permit Issued In 2024 followed by:2024039018

Guest access
Guest will have access to the entire unit including garage parking. Parking is first",[]
1151652262671084461,2024202403,2024 followed by:202403,formatted,listing_results\1151652262671084461\metadata.json,"ou have read the listing details and agree to our terms and conditions.

Nashville Permit Issued In 2024 followed by:2024039018

Guest access
Guest will have access to the entire unit including garage parking. Parking is fi",[]
1152581077286042544,2024038169,STR#2024038169,exact,listing_results\1152581077286042544\metadata.json,"sult in an inability for us to continue hosting you along with an additional cleaning fee of $250.

STR#2024038169",[]
1153618951223057762,2024028124,2024028124,exact,listing_results\1153618951223057762\metadata.json,"u comfort and privacy. Come experience the serene beauty of The Quail's Nest!

Registration Details
2024028124",[]
1155186493699877057,2024078967,2024078967,exact,listing_results\1155186493699877057\metadata.json,"er a long night, don't forget to grab some ice cream before hopping into bed!

Registration Details
2024078967",[]
1156590540980138311,2022059300,2022059300,exact,listing_results\1156590540980138311\metadata.json,"s and guests. Violations may result in fines or immediate removal from the property.

Permit number:2022059300",[]
1157341343044780857,2018073604,2018073604,exact,listing_results\1157341343044780857\metadata.json,"by re-starting your phone or signing out of your account and signing back in.

Registration Details
2018073604",[]
1157576935523932460,2024041657,2024followed by041657,formatted,listing_results\1157576935523932460\metadata.json,"and would be happy to recommend another property that fits your needs.

Metro Nashville STR Permit 2024followed by041657

Other things to note
Please note that we may collect additional information from you after confirm",[]
1157577319400664311,2024042060,2024042060,exact,listing_results\1157577319400664311\metadata.json,"Grand Ole Opry (11.2 miles)
18 minute drive to the Airport (BNA) (10.3 miles)

Registration Details
2024042060",[]
1157961650005118720,2024024355,T2024024355,exact,listing_results\1157961650005118720\metadata.json,"ble for a long list of recommendations on where to eat and things to do in Music City!

STR Permit #T2024024355",[]
1158008954533070705,2024042055,2024042055,exact,listing_results\1158008954533070705\metadata.json,"Grand Ole Opry (11.2 miles)
18 minute drive to the Airport (BNA) (10.3 miles)

Registration Details
2024042055",[]
1158042455771290759,2021056518,2021056518,exact,listing_results\1158042455771290759\metadata.json,"t(s) to your reservation and let us know when booking if a dog will be traveling with you.

Permit #2021056518
Permit #2021056524",[]
1158042455771290759,2021056524,2021056524,exact,listing_results\1158042455771290759\metadata.json,"ation and let us know when booking if a dog will be traveling with you.

Permit #2021056518
Permit #2021056524",[]
1159355517342705063,2022025714,2022025714,exact,listing_results\1159355517342705063\metadata.json,"Nashville: Experience Your Stay, Design by NP/Injoy

Guest access
SMART LOCK

Registration Details
2022025714",[]
1159505072916915099,2024039976,2024039976,exact,listing_results\1159505072916915099\metadata.json,"oy Nashville: Experience Your Stay, Design by NP/Injoy

Guest access
DOOR APP

Registration Details
2024039976",[]
1160799538370011218,2025040634,2025040634,exact,listing_results\1160799538370011218\metadata.json,"rsity Medical Center
13 mins: The Parthenon
13 mins: Grand Ole Opry
15 mins: Nashville Zoo

Permit #2025040634

Registration Details
2025040634",[]
1161576099823968895,2024042937,2024followedby042937,formatted,listing_results\1161576099823968895\metadata.json,"py to recommend another property that fits your needs.

Metro Nashville and Davidson County Permit: 2024followedby042937

Other things to note
Please note that we may collect additional information from you after confirm",[]
1162439400674311218,2024045211,2024045211,exact,listing_results\1162439400674311218\metadata.json,"box 360 with Forza Racing Wheel! Enjoy some classic fun with a musical twist.

Registration Details
2024045211",[]
1165340498130182114,2024038940,T2024038940,exact,listing_results\1165340498130182114\metadata.json,"as you desire; however, ALL the spaces pictured will 100% be privately yours for the stay.

Permit #T2024038940

The space
This is my personal home and I say that because it will not feel like a hotel; there are",[]
1166949689642960377,2018073614,STR #2018073614,exact,listing_results\1166949689642960377\metadata.json,"★ Resort outdoor POOL, year round       ★ Option to reserve a garage Parking  
★ Firepits & grill

 STR #2018073614

The space
Located poolside, where all the action is, the unit provides relaxation inside the cozy",[]
1167401625799857180,2024048720,2024048720,exact,listing_results\1167401625799857180\metadata.json,"modern amenities. If you have any questions, feel free to ask before booking!

Registration Details
2024048720",[]
1168039298973863758,2024036918,2024036918,exact,listing_results\1168039298973863758\metadata.json,"or, and driveway to ensure your safety while respecting your privacy indoors.

Registration Details
2024036918",[]
1169052067468240292,2026202604,2026 Followed By:202604,formatted,listing_results\1169052067468240292\metadata.json,"ead the listing details and agree to our terms and conditions.

City of Berry Hill Permit Issued In 2026 Followed By:20260401721

Guest access
Guest will have access to the entire home plus garage parking.

Other things to",[]
1169660182452197838,2024035299,2024035299,exact,listing_results\1169660182452197838\metadata.json,"so please follow house rules and be respectful. Thank you for your interest!

Registration Details
2024035299",[]
1171088792153209689,2024038768,2024038768,exact,listing_results\1171088792153209689\metadata.json,"avorite shows.  Our goal is to make you feel as if you are in your home away from home.
STR Permit #2024038768.

The space
This space is ideal for business travelers and couples.  It is also a great space for a",[]
1171256338723016238,2022059178,2022059178,exact,listing_results\1171256338723016238\metadata.json,"ial requests!
Book your stay now and get ready to experience Music City like a true VIP. 🎸🌟

Permit#2022059178

Guest access
This entire apartment complex along with this unit is accessed by a key-fob. Key-fob",[]
1171814293865179754,2018074631,STR#2018074631,exact,listing_results\1171814293865179754\metadata.json,"un spaces throughout.

Designed for girls trips, Nashville weekends and nights out with the girls.

STR#2018074631

The space
4 Queen Beds
2 Full Bathrooms
Large Kitchen Island
Full-Length Mirrors
Skyline Views
Res",[]
1171849287587670295,2026202604,2026 followed by:202604,formatted,listing_results\1171849287587670295\metadata.json,"ead the listing details and agree to our terms and conditions.

City of Berry Hill Permit Issued In 2026 followed by:20260401722

Guest access
Guest will have access to the entire home plus garage parking.

Other things to",[]
1171897030665124822,2024046454,2024046454,exact,listing_results\1171897030665124822\metadata.json,"eck-out request will be accommodated. Feel free to arrive anytime after 4 pm.

Registration Details
2024046454",[]
1171960627227908596,2024046502,2024046502,exact,listing_results\1171960627227908596\metadata.json,"eck-out request will be accommodated. Feel free to arrive anytime after 4 pm.

Registration Details
2024046502",[]
1171966497467167856,2024047492,2024047492,exact,listing_results\1171966497467167856\metadata.json,"eck-out request will be accommodated. Feel free to arrive anytime after 4 pm.

Registration Details
2024047492",[]
1171972603117720490,2024047504,2024047504,exact,listing_results\1171972603117720490\metadata.json,"eck-out request will be accommodated. Feel free to arrive anytime after 4 pm.

Registration Details
2024047504",[]
1171976700089580533,2024047540,2024047540,exact,listing_results\1171976700089580533\metadata.json,"eck-out request will be accommodated. Feel free to arrive anytime after 4 pm.

Registration Details
2024047540",[]
1171983289485089656,2024047623,2024047623,exact,listing_results\1171983289485089656\metadata.json,"eck-out request will be accommodated. Feel free to arrive anytime after 4 pm.

Registration Details
2024047623",[]
1171993990646787245,2024048288,2024048288,exact,listing_results\1171993990646787245\metadata.json,"eck-out request will be accommodated. Feel free to arrive anytime after 4 pm.

Registration Details
2024048288",[]
1171999431564067727,2024047529,2024047529,exact,listing_results\1171999431564067727\metadata.json,"eck-out request will be accommodated. Feel free to arrive anytime after 4 pm.

Registration Details
2024047529",[]
1172503456116141956,2024047544,2024047544,exact,listing_results\1172503456116141956\metadata.json,"eck-out request will be accommodated. Feel free to arrive anytime after 4 pm.

Registration Details
2024047544",[]
1172512874074892203,2024047597,2024047597,exact,listing_results\1172512874074892203\metadata.json,"eck-out request will be accommodated. Feel free to arrive anytime after 4 pm.

Registration Details
2024047597",[]
1172518381737885445,2024048126,2024048126,exact,listing_results\1172518381737885445\metadata.json,"eck-out request will be accommodated. Feel free to arrive anytime after 4 pm.

Registration Details
2024048126",[]
1172525223021452761,2024047644,2024047644,exact,listing_results\1172525223021452761\metadata.json,"eck-out request will be accommodated. Feel free to arrive anytime after 4 pm.

Registration Details
2024047644",[]
1172529853681445638,2024048096,2024048096,exact,listing_results\1172529853681445638\metadata.json,"eck-out request will be accommodated. Feel free to arrive anytime after 4 pm.

Registration Details
2024048096",[]
1172572281498766674,2024073194,2024073194,exact,listing_results\1172572281498766674\metadata.json,"ant to respect our quiet hours and never have guests over that are not on the reservation.

Permit #2024073194",[]
1172595080379676306,2024048314,2024048314,exact,listing_results\1172595080379676306\metadata.json,"eck-out request will be accommodated. Feel free to arrive anytime after 4 pm.

Registration Details
2024048314",[]
1172611774701144204,2024048337,2024048337,exact,listing_results\1172611774701144204\metadata.json,"eck-out request will be accommodated. Feel free to arrive anytime after 4 pm.

Registration Details
2024048337",[]
1172765512562514991,2024059905,2024059905,exact,listing_results\1172765512562514991\metadata.json,"aming brass sinks, a vintage hot pink sofa and  multiple elegant chandeliers.

Registration Details
2024059905",[]
1173135829783960299,2024052222,2024052222,exact,listing_results\1173135829783960299\metadata.json,"sound of some activity and movement upstairs will be audible in the basement.

Registration Details
2024052222",[]
1173156494641581894,2023059102,2023059102,exact,listing_results\1173156494641581894\metadata.json,"n the unit.
The building has a great pool and exercise room.

Registration Details
CASR-CAZ10A003 - 2023059102",[]
1174121943355496605,2026202604,2026 Followed By:202604,formatted,listing_results\1174121943355496605\metadata.json,"isting details and agree to our terms and conditions.

Unit 1 - City of Berry Hill Permit Issued In 2026 Followed By:20260401719
Unit 2 - City of Berry Hill Permit Issued In 2026 Followed By:20260401720
Unit 3 - City of Ber",[]
1174133500250244219,2025202504,2025 Followed By:202504,formatted,listing_results\1174133500250244219\metadata.json,"listing details and agree to our terms and conditions.

Unit 1 City of Berry Hill Permit Issued In 2025 Followed By:20250401669
Unit 2 City of Berry Hill Permit Issued In 2025 Followed By:20250401670

Guest access
Guest wi",[]
1176065878676361201,2024026052,2024026052,exact,listing_results\1176065878676361201\metadata.json,"oy Nashville: Experience Your Stay, Design by NP/Injoy

Guest access
DOOR APP

Registration Details
2024026052",[]
1176381550797827291,2024068312,T2024068312,exact,listing_results\1176381550797827291\metadata.json,"protect our home when the home isn't occupied.  Thank you for understanding.

Registration Details
T2024068312",[]
1177518545013904687,2024097141,2024097141,exact,listing_results\1177518545013904687\metadata.json,"aware. We have an air purifier available upon request if needed!

Registration Details
TN Permit #: 2024097141",[]
1177640495552958278,2022035254,2022035254,exact,listing_results\1177640495552958278\metadata.json,"n accordingly.
• Check in is at 4:00 PM and checkout is at 10:00 AM.

Registration Details
Permit # 2022035254",[]
1178448510542231600,2024048352,2024048352,exact,listing_results\1178448510542231600\metadata.json,"eck-out request will be accommodated. Feel free to arrive anytime after 4 pm.

Registration Details
2024048352",[]
11792169,2019036929,2019036929,exact,listing_results\11792169\metadata.json,"ties, kitchen utensils and cookware, Keurig and coffee, and washer and dryer.

Registration Details
2019036929",[]
1179231767563036611,2024034346,2024034346,exact,listing_results\1179231767563036611\metadata.json,"th classic charm, making it an ideal retreat for both weekend getaways and extended stays. 
Permit #2024034346

The space
Prime Location: Just 5 miles to Broadway, you're close to all the action yet enjoy the p",[]
1179818380589607752,2018069897,2018069897,exact,listing_results\1179818380589607752\metadata.json,"ventions, or simply exploring Nashville, this downtown suite puts you close to everything.

Permit #2018069897

Guest access
The property is keyless and accessed using the LATCH app.

Prior to arrival, you'll r",[]
11815511,2017057152,2017057152,exact,listing_results\11815511\metadata.json,"Insta (@urbannashvacations).

→ Permit # can be found in the photo captions.

Registration Details
2017057152",[]
1181936763741191385,2026202604,2026 Followed By:202604,formatted,listing_results\1181936763741191385\metadata.json,"isting details and agree to our terms and conditions.

Unit 1 - City of Berry Hill Permit Issued In 2026 Followed By:20260401721
Unit 2 - City of Berry Hill Permit Issued In 2026 followed by:20260401722

Guest access
Guest",[]
1183381996089373723,2024034389,2024034389,exact,listing_results\1183381996089373723\metadata.json,"Nashville: Experience Your Stay, Design by NP/Injoy

Guest access
Smart Lock

Registration Details
2024034389",[]
1183394217154157219,2024062615,2024062615,exact,listing_results\1183394217154157219\metadata.json,"m with a queen/full bunk bed; 2 Bedrooms with a queen mattress; 3.5 Bathrooms

Registration Details
2024062615",[]
1184068169672808869,2018074813,2018074813,exact,listing_results\1184068169672808869\metadata.json,"ance, as we are unable to offer refunds outside the parameters of the cancellation policy.

Permit #2018074813",[]
1184189146609359648,2023021591,2023021591,exact,listing_results\1184189146609359648\metadata.json,"check-in and arrival info will be sent in advance for a smooth and easy stay.

Registration Details
2023021591",[]
1187195997113158396,2022050126,T2022050126,exact,listing_results\1187195997113158396\metadata.json,"alk to Broadway in 10 minutes or less. 

Walk. Uber. Lyft. Scooters. Joyride. Bike.

Permit Number#
T2022050126",[]
1188392400124459957,2019047984,2019047984,exact,listing_results\1188392400124459957\metadata.json,"stay, except for one closet that I keep for personal belongings and supplies.

Registration Details
2019047984",[]
1190480706538312158,2024061705,2024061705,exact,listing_results\1190480706538312158\metadata.json,"ge for checkins earlier than 3:00pm and checkouts later than 11:00am.

Other things to note
Permit #2024061705",[]
1191243052622501048,2022036297,2022036297,exact,listing_results\1191243052622501048\metadata.json,"dditional cleaning fee.
• Check in is at 4:00 PM and checkout is at 10:00 AM.

Registration Details
2022036297",[]
1191463835623813694,2024084647,2024084647,exact,listing_results\1191463835623813694\metadata.json,"listing details and agree to our terms and conditions.

Nashville Permit issued In 2024 Followed By:2024084647

Guest access
Guest will have access to the entire unit, including first come, first served garage",[]
1191463835623813694,2024202408,2024 Followed By:202408,formatted,listing_results\1191463835623813694\metadata.json,"ou have read the listing details and agree to our terms and conditions.

Nashville Permit issued In 2024 Followed By:2024084647

Guest access
Guest will have access to the entire unit, including first come, first served gar",[]
11928110,2022075356,2022 #075356,formatted,listing_results\11928110\metadata.json,"You will have full access to the back patio and beautiful yard for relaxing or hanging out.
Permit 2022 #075356

Guest access
Our guests have access to the basement door and can come and go as they please.

Othe",[]
1194133051823584428,2018071621,2018071621,exact,listing_results\1194133051823584428\metadata.json,"assistance you may need. Your comfort and satisfaction are our top priorities.

STR PERMIT NUMBER: #2018071621",[]
1194175802916993396,2018071743,2018071743,exact,listing_results\1194175802916993396\metadata.json,"ena, and the Music City Center
🍳 - Fully equipped kitchen
🧺 - In-unit washer and dryer

STR PERMIT #2018071743

The space
🚀 - Super-fast WiFi
📺 - Smart TVs in every room
🧴 - Fresh towels and bathroom essentials",[]
1194875838545343377,2018049145,2018049145,exact,listing_results\1194875838545343377\metadata.json,"simply to explore the city, we'd love to host you at the Music City Cash Pad!

Registration Details
2018049145",[]
1195878195266935747,2022050238,T2022050238,exact,listing_results\1195878195266935747\metadata.json,"itional cleaning fees, equipment or items needed to restore to its original condition.

STR Permit: T2022050238",[]
1196582420941295633,2024061754,2024061754,exact,listing_results\1196582420941295633\metadata.json,"For safety reasons, we kindly ask that you refrain from swimming after 11 PM.

Registration Details
2024061754",[]
1197838057091449358,2018074488,2018074488,exact,listing_results\1197838057091449358\metadata.json,"exception of course being if anything is closed for maintenance.

Other things to note
STR Permit #2018074488",[]
1197952298691753971,2018071178,2018071178,exact,listing_results\1197952298691753971\metadata.json,"ve into the Nashville experience at The Burnham—book your stay today!

Other things to note
Permit #2018071178 

Check-in/Check-out:
★Check-in is at 3pm and check-out is at 10am.

The concierge is at the lobby",[]
1198496588701822919,2022048764,2022048764,exact,listing_results\1198496588701822919\metadata.json,"pet is found.
• Check in is at 4:00 PM and checkout is at 10:00 AM.

Registration Details
Permit # 2022048764",[]
1199515572148369613,2018073426,2018073426,exact,listing_results\1199515572148369613\metadata.json,"/night (first come, first served and paid daily by parking meter).

City of Nashville STR Permit : #2018073426

Guest access
The property is keyless. Prior to arrival, we will request your email address which w",[]
1199956976163891111,2024059947,2024059947,exact,listing_results\1199956976163891111\metadata.json,"your reservation, and only active during your reservation for your security.

Registration Details
2024059947",[]
1200749178209582396,2024080156,2024080156,exact,listing_results\1200749178209582396\metadata.json,"spitals, making it a great option for extended stays or travel professionals.

Registration Details
2024080156",[]
1202358268234958357,2024059931,2024059931,exact,listing_results\1202358268234958357\metadata.json,"your reservation, and only active during your reservation for your security.

Registration Details
2024059931",[]
1202825622836359941,2024026944,2024026944,exact,listing_results\1202825622836359941\metadata.json,"y Nashville: Experience Your Stay, Design by NP/Injoy

Guest access
Latch App

Registration Details
2024026944",[]
12038428,2017019039,2017019039,exact,listing_results\12038428\metadata.json,"two miles to Music City Center, a mile to Nashville Yards, and so much more!

Registration Details
2017019039",[]
1208210319501738046,2023089991,2023089991,exact,listing_results\1208210319501738046\metadata.json,"The bedrooms are on the 3rd floor reducing sound transmission between units.

Registration Details
2023089991",[]
1211576534396816830,2024068574,T2024068574,exact,listing_results\1211576534396816830\metadata.json,"Nashville! Book your stay today and make memories that will last a lifetime!

Registration Details
T2024068574",[]
1211641585388980394,2024064445,2024064445,exact,listing_results\1211641585388980394\metadata.json,". It will be sent over immediately after booking and can be signed digitally.

Registration Details
2024064445",[]
1211709010466528291,2018070444,2018070444,exact,listing_results\1211709010466528291\metadata.json,"ase of unexpected weather or travel issues.

Thank you for your understanding

Registration Details
2018070444",[]
1211750834107949270,2020005539,2020005539,exact,listing_results\1211750834107949270\metadata.json,"ve the right to report and prosecute all Credit Card Fraud

STRP-202-000-5539

Registration Details
2020005539",[]
1212454750262572210,2018068423,2018068423,exact,listing_results\1212454750262572210\metadata.json,"ing spot for $35 a night** note: other surrounding parking lots charge up to $60 a night. 

Permit #2018068423

The space
★ The Villa 

★ 1 Full Bed, 2 Twin Trundle Beds

★ Very Cozy and Spacious 

★ Smart TV w",[]
1212469260735052486,2018072020,2018072020,exact,listing_results\1212469260735052486\metadata.json,"-Gym w/indoor rock climbing
-Private balcony
-In-unit washer+dryer
-Fast wif
-Selfie Ring 

Permit #2018072020

The space
Welcome to the Good Vibes Only Suite, your ultimate Nashville getaway just steps from th",[]
1213317616977795018,2024068303,2024068303,exact,listing_results\1213317616977795018\metadata.json,"ation lock is reset for every group, to ensure our guests privacy and safety!

Registration Details
2024068303",[]
1214537313945584048,2024068094,2024068094,exact,listing_results\1214537313945584048\metadata.json,"owntown, the location is perfectly situated to everything there is to do in Nashville.

STR Permit #2024068094",[]
1216248195481861092,2024061039,2024followedby061039,formatted,listing_results\1216248195481861092\metadata.json,"and would be happy to recommend another property that fits your needs.

Metro Nashville STR Permit 2024followedby061039

Other things to note
Please note that we may collect additional information from you after confirm",[]
1216709210864653683,2022050719,2022050719,exact,listing_results\1216709210864653683\metadata.json,"dering travel insurance in case unexpected changes affect your trip.

Registration Details
Permit # 2022050719",[]
1216711158217558134,2022048858,2022048858,exact,listing_results\1216711158217558134\metadata.json,"s are welcome.
• Check in is at 4:00 PM and checkout is at 10:00 AM.

Registration Details
Permit # 2022048858",[]
1216712363986422189,2022048853,2022048853,exact,listing_results\1216712363986422189\metadata.json,"er and dryer in unit
• Check‐in time is 4:00 PM and checkout time is 10:00 AM

Registration Details
2022048853",[]
1216716926568442948,2022049520,2022049520,exact,listing_results\1216716926568442948\metadata.json,"yer in unit
• Check‐in time is 4:00 PM and checkout time is 10:00 AM

Registration Details
Permit # 2022049520",[]
12171163,2019013143,2019013143,exact,listing_results\12171163\metadata.json,"g and dining room! *alternate room avail if you would prefer the upstairs master king.
STRP PERMIT #2019013143

~Pura Vida 
Cheryl

The space
Casa Pura Vida is a 3 BD/3BA home on a quiet street in beautiful Eas",[]
1217414619315756841,2023054744,2023054744,exact,listing_results\1217414619315756841\metadata.json,"prosecute all Credit Card Fraud

STR Permit Registration Number: 2023/054744

Registration Details
2023054744",[]
1217465761236940864,2024070671,2024070671,exact,listing_results\1217465761236940864\metadata.json,"any questions or special requests. I'm  here to make your stay unforgettable!

Registration Details
2024070671",[]
1218355001654938583,2024066407,2024066407,exact,listing_results\1218355001654938583\metadata.json,"oy Nashville: Experience Your Stay, Design by NP/Injoy

Guest access
DOOR APP

Registration Details
2024066407",[]
1218787980147814428,2025000213,2025-02-13,formatted,listing_results\1218787980147814428\metadata.json,"acious Berry Hill home offers comfort, convenience, and one of Nashville's best locations.

Permit #2025-02-13-624

Guest access
Guests will enjoy private access to the entire home.

✔ Self check-in via smart l",[]
1219676997866845597,2024069560,2024069560,exact,listing_results\1219676997866845597\metadata.json,"ir, and baby monitor upon request.

Check-in is at 4 pm
Check-out is at 10 am

Registration Details
2024069560",[]
1219858095439418761,2016024119,2016followedby024119,formatted,listing_results\1219858095439418761\metadata.json,"and would be happy to recommend another property that fits your needs.

Metro Nashville STR Permit 2016followedby024119

Other things to note
Please note that we may collect additional information from you after confirm",[]
1220338202898187474,2024009661,2024009661,exact,listing_results\1220338202898187474\metadata.json,"ls/ bath towels, etc). The shelves provide plenty of open storage with bathtub and shower.

Permit #2024009661

Guest access
Guests will have full access to the private 1 bedroom apartment and garden patio. You",[]
1220371683334688301,2024067375,2024067375,exact,listing_results\1220371683334688301\metadata.json,"pace to hang clothes in the laundry room and luggage racks are also provided.

Registration Details
2024067375",[]
1221129145688233404,2024071761,2024071761,exact,listing_results\1221129145688233404\metadata.json,"king area
• Exterior security cameras are located at the front and back doors

Registration Details
2024071761",[]
1222547425469398928,2024059931,2024059931,exact,listing_results\1222547425469398928\metadata.json,"your reservation, and only active during your reservation for your security.

Registration Details
2024059931.2024059947",[]
1222547425469398928,2024059947,2024059947,exact,listing_results\1222547425469398928\metadata.json,"vation, and only active during your reservation for your security.

Registration Details
2024059931.2024059947",[]
1223406631367145567,2024046223,2024046223,exact,listing_results\1223406631367145567\metadata.json,"ville: Experience Your Stay, Design by Injoy Vacations

Guest access
DOOR APP

Registration Details
2024046223",[]
1224901198776622393,2022047715,2022047715,exact,listing_results\1224901198776622393\metadata.json,"r booking
  - We have the right to report and prosecute all Credit Card Fraud

Registration Details
2022047715 / 2022047731",[]
1224901198776622393,2022047731,2022047731,exact,listing_results\1224901198776622393\metadata.json,"We have the right to report and prosecute all Credit Card Fraud

Registration Details
2022047715 / 2022047731",[]
1224901232017770977,2022047731,2022047731,exact,listing_results\1224901232017770977\metadata.json,"r booking
  - We have the right to report and prosecute all Credit Card Fraud

Registration Details
2022047731 / 2022047744",[]
1224901232017770977,2022047744,2022047744,exact,listing_results\1224901232017770977\metadata.json,"We have the right to report and prosecute all Credit Card Fraud

Registration Details
2022047731 / 2022047744",[]
1226254828250953743,2024068576,2024068576,exact,listing_results\1226254828250953743\metadata.json,"to the comforts of your private, luxurious retreat.

Guest access
Smart Lock

Registration Details
2024068576",[]
1226906657070614693,2024073209,CASR2024073209,exact,listing_results\1226906657070614693\metadata.json,"house to the basement only which is occupied and not part of this listing.

Nashville STR License: CASR2024073209

Registration Details
CASR T2024073209",[]
1226957651048485308,2024073219,2024073219,exact,listing_results\1226957651048485308\metadata.json,". It will be sent over immediately after booking and can be signed digitally.

Registration Details
2024073219",[]
1229688579364711221,2021083238,2021083238,exact,listing_results\1229688579364711221\metadata.json,"ght. For these reasons, we use strict disinfection protocol after every stay.

Registration Details
2021083238",[]
1229843007931850637,2021083238,2021083238,exact,listing_results\1229843007931850637\metadata.json,"ght. For these reasons, we use strict disinfection protocol after every stay.

Registration Details
2021083238 & 2021071171",[]
1229843007931850637,2021071171,2021071171,exact,listing_results\1229843007931850637\metadata.json,"e reasons, we use strict disinfection protocol after every stay.

Registration Details
2021083238 & 2021071171",[]
1231221212115753002,2024019643,T2024019643,exact,listing_results\1231221212115753002\metadata.json,"sed instructors.
👨🍳 Private Chef 3-course dinners.
🛶 Lake & River boat/canoe packages.

STR PERMIT #T2024019643
Strict Policy: No locals, no parties, no exceptions.

Guest access
The whole house and yard is your",[]
1231809935778961101,2023046230,2023046230,exact,listing_results\1231809935778961101\metadata.json,"pp are not applicable. If you would like early check in, you must message us.

Registration Details
2023046230",[]
1232679686503456764,2026069637,2026069637,exact,listing_results\1232679686503456764\metadata.json,"smoothest, most enjoyable experience possible—from booking through check-out.

Registration Details
2026069637",[]
1232800533742166185,2023039079,2023039079,exact,listing_results\1232800533742166185\metadata.json,"cleaning fee.
• Check in is at 4:00 PM and checkout is at 10:00 AM.

Registration Details
Permit # 2023039079",[]
1234081179315892462,2025000105,2025-01-05,formatted,listing_results\1234081179315892462\metadata.json,"lso available.

Dates Booked? Check out our other listing The Vinyl Suite for availability!

Permit#2025-01-05-620

Guest access
You’ll have the entire home and a private entrance to yourselves, including the t",[]
1235461469699990894,2023042825,2023042825,exact,listing_results\1235461469699990894\metadata.json,"am is here to assist with any questions you have—don’t hesitate to reach out!

Registration Details
2023042825",[]
1235544365765754078,2024070540,2024070540,exact,listing_results\1235544365765754078\metadata.json,"and Designed by Injoy Nashville: Experience Your Stay

Guest access
DOOR APP

Registration Details
2024070540",[]
1237086280167593071,2018073540,2018073540,exact,listing_results\1237086280167593071\metadata.json,"on the center of the electronic lock outside the door and be sure you hear the lock work.

Permit#:2018073540

Guest access
Guests will have access to all areas of the building including amenities given throug",[]
1237585457379773722,2024076920,2024076920,exact,listing_results\1237585457379773722\metadata.json,"and make memories, while respecting our simple rules: no parties and no smoking (inside).

Permit #2024076920

If your dates aren’t available, check out my other beautiful Nashville Airbnb listings for more fa",[]
1238252693334949724,2018073037,2018073037,exact,listing_results\1238252693334949724\metadata.json,"assistance you may need. Your comfort and satisfaction are our top priorities.

STR PERMIT NUMBER: #2018073037",[]
1238660480541587477,2025077782,2025077782,exact,listing_results\1238660480541587477\metadata.json,"ements may be possible if given enough advance notice. It's a spacious house.

Registration Details
2025077782",[]
1240091824300884285,2018070674,2018070674,exact,listing_results\1240091824300884285\metadata.json,"6-minute walk

🛍️ Fifth + Broadway – 3-minute walk

🍽️ Assembly Food Hall – 3-minute walk

Permit #2018070674

Guest access
Guests will have full private access to the apartment and shared access to all commun",[]
1240102935851341476,2024072932,2024072932,exact,listing_results\1240102935851341476\metadata.json,"Presented by Injoy Nashville: Experience Your Stay

Guest access
SMART LOCK

Registration Details
2024072932",[]
1240115628507567019,2024072942,2024072942,exact,listing_results\1240115628507567019\metadata.json,"Presented by Injoy Nashville: Experience Your Stay

Guest access
SMART LOCK

Registration Details
2024072942",[]
1242017813956485807,2023004443,2023004443,exact,listing_results\1242017813956485807\metadata.json,"cleaning fee.
• Check in is at 4:00 PM and checkout is at 10:00 AM.

Registration Details
Permit # 2023004443",[]
1242280950592721782,2024070766,2024070766,exact,listing_results\1242280950592721782\metadata.json,"ables in the courtyard.

Guest access
Guests have access to the entire condo.

Registration Details
2024070766",[]
1242976420995158685,2024080474,2024080474,exact,listing_results\1242976420995158685\metadata.json,"Other things to note
Maximum 1 pet allowed with a $55 non-refundable pet fee.

Registration Details
2024080474",[]
1243498081406461760,2024076793,2024076793,exact,listing_results\1243498081406461760\metadata.json,"ergency that may arise.

→ The permit # can be found in the listing captions.

Registration Details
2024076793",[]
1244211474752750263,2024076725,2024076725,exact,listing_results\1244211474752750263\metadata.json,"ergency that may arise.

→ The permit # can be found in the listing captions.

Registration Details
2024076725",[]
1245098435332412500,2022048160,2022048160,exact,listing_results\1245098435332412500\metadata.json,"r booking
  - We have the right to report and prosecute all Credit Card Fraud

Registration Details
2022048160",[]
1245180914909786824,2022047715,2022047715,exact,listing_results\1245180914909786824\metadata.json,"r booking
  - We have the right to report and prosecute all Credit Card Fraud

Registration Details
2022047715",[]
1245185958965332076,2022048383,2022048383,exact,listing_results\1245185958965332076\metadata.json,"r booking
  - We have the right to report and prosecute all Credit Card Fraud

Registration Details
2022048383",[]
1245186950319428246,2022048389,2022048389,exact,listing_results\1245186950319428246\metadata.json,"r booking
  - We have the right to report and prosecute all Credit Card Fraud

Registration Details
2022048389",[]
1245668927131846145,2019025827,2019025827,exact,listing_results\1245668927131846145\metadata.json,"eye-catching neon Nashville sign—a stunning backdrop for photos and unforgettable memories. Permit #2019025827

The space
We are looking to host longer stays starting in November through the winter. Please inqu",[]
1246425344453416159,2018074634,2018074634,exact,listing_results\1246425344453416159\metadata.json,"ce can sleep 6-8 people: King, 2 Full beds, Queen Air Mattress. 

Parking for 1 Car $30/nt

Permit #2018074634

The space
Community Rules: 
No smoking, must be 15 feet from building ($250 fine)
No pets ($1000 f",[]
1247865679127328482,2022040257,2022_followedby_040257,formatted,listing_results\1247865679127328482\metadata.json,"it of $1,000 charged separately before check-in for any reservations over 6 months. 

permit number 2022_followedby_040257

Guest access
You will have access to the entire home and one car garage.

Other things to note
Wel",[]
1248051761986210506,2018074222,2018074222,exact,listing_results\1248051761986210506\metadata.json,"ital key.

☆ Guests will need a smart device to access the unit and building.

Registration Details
2018074222",[]
1248066005620061455,2024073847,T2024073847,exact,listing_results\1248066005620061455\metadata.json,"on Saturday's when they can't come Friday due to weather.

Nashville Short Term Rental Permit CASR T2024073847",[]
12489282,2024091436,2024091436,exact,listing_results\12489282\metadata.json,"ent to the guest after booking is confirmed. Street parking, quiet safe area.

Registration Details
2024091436",[]
1249454447033234944,2022004642,2022004642,exact,listing_results\1249454447033234944\metadata.json,"leaning fee
• Check‐in time is 4:00 PM and checkout time is 10:00 AM

Registration Details
Permit # 2022004642",[]
1249467286674812588,2022004648,2022004648,exact,listing_results\1249467286674812588\metadata.json,"be charged
• Check‐in time is 4:00 PM and checkout time is 10:00 AM

Registration Details
Permit # 2022004648",[]
1249577014263375648,2024070720,2024_0707_20,formatted,listing_results\1249577014263375648\metadata.json,"rden: Experience a serene escape in the heart of the city at this stunning 55-acre garden.

Permit: 2024_0707_20

Guest access
You will have access to the entire condo, communal rooftop and clubhouse areas, and s",[]
1252218941241695239,2018073894,STR #2018073894,exact,listing_results\1252218941241695239\metadata.json,"eps away from the Honky- Tonks, Bridgestone Arena, Nissan Stadium, and the Music City Center.

---

STR #2018073894

The space
This space features three cozy beds, a makeup/get-ready station, and a private balcony.",[]
1253482342755045480,2018073477,STR2018073477,exact,listing_results\1253482342755045480\metadata.json,"n monoxide alarm, first aid kit, wifi.

BEFORE YOU BOOK—THINGS TO KNOW

Licensed short-term rental (STR2018073477). Professional cleaning between every stay. 24/7 guest support via the Airbnb app. Download the Doo",[]
1254028109730157300,2024079265,2024079265,exact,listing_results\1254028109730157300\metadata.json,"s 
- Alley entrance to the apartment
- Property located above detached garage

Registration Details
2024079265",[]
1254515423337807358,2019051882,2019051882,exact,listing_results\1254515423337807358\metadata.json,". It will be sent over immediately after booking and can be signed digitally.

Registration Details
2019051882",[]
1255175766791498902,2024072942,2024072942,exact,listing_results\1255175766791498902\metadata.json,"e next to each other

Other things to note
Your booking includes BOTH condos!

Registration Details
2024072942",[]
1255252686745599473,2024083758,2024083758,exact,listing_results\1255252686745599473\metadata.json,"te your understanding and are happy to answer any questions prior to booking.

Registration Details
2024083758",[]
1255347346816926916,2024085931,2024085931,exact,listing_results\1255347346816926916\metadata.json,"tem with foreign objects, soaps or oils, or causing excessive water overflow.

Registration Details
2024085931",[]
1257114890493382452,2023072116,2023072116,exact,listing_results\1257114890493382452\metadata.json,"cleaning fee.
• Check in is at 4:00 PM and checkout is at 10:00 AM.

Registration Details
Permit # 2023072116",[]
1257119050643969947,2023008910,2023008910,exact,listing_results\1257119050643969947\metadata.json,"checkout lists. Just relax and respect our simple rules: no parties, no smoking (inside).

Permit #2023008910

Curious? Explore every detail with our interactive 3D tour on Nashbnbrentals.

If your dates don’t",[]
1257122364973167856,2022052384,2022052384,exact,listing_results\1257122364973167856\metadata.json,"cleaning fee.
• Check in is at 4:00 PM and checkout is at 10:00 AM.

Registration Details
Permit #: 2022052384",[]
1258027927889991744,2024106369,2024106369,exact,listing_results\1258027927889991744\metadata.json,"l result in an additional charge upon inspection and discovery of the damage.

Registration Details
2024106369",[]
1258063327240013722,2022048175,2022048175,exact,listing_results\1258063327240013722\metadata.json,"r booking
  - We have the right to report and prosecute all Credit Card Fraud

Registration Details
2022048175",[]
1258287842257690367,2022012533,2022012533,exact,listing_results\1258287842257690367\metadata.json,"ust unforgettable Nashville memories!

Guest access
The whole house is yours!

Registration Details
2022012533",[]
1259544936769002843,2024046435,2024046435,exact,listing_results\1259544936769002843\metadata.json,"n, Bath, Dining table, Washer/Dryer, double recliner & remote adjustable bed.

Registration Details
2024046435",[]
1260288904709596548,2025055573,2025055573,exact,listing_results\1260288904709596548\metadata.json,". When leaving, please take your belongings and leave the door slightly open.

Registration Details
2025055573",[]
1260327441119758175,2022056608,T2022056608,exact,listing_results\1260327441119758175\metadata.json,"Music City Center, Nissan Stadium, Broadway, Assembly Food Hall, and the Ryman Auditorium.

Permit #T2022056608

Guest access
The entire apartment and building amenities are available for the guests.

Other thin",[]
1261080767773414866,2024088720,T2024088720,exact,listing_results\1261080767773414866\metadata.json,"s famous for. Garage and use of street parking included for your convenience.

Registration Details
T2024088720",[]
1261212592859308250,2024101472,2024101472,exact,listing_results\1261212592859308250\metadata.json,"opolitan Government of Nashville and Davidson County
Department of Codes and Building Safety Permit:2024101472

One parking spot in the driveway in front of the garage. Plenty of street parking for other guests",[]
1261900435845774125,2022056599,T2022056599,exact,listing_results\1261900435845774125\metadata.json,"nit. There is an option to purchase an additional space in the building garage. 

Unit#923

Permit# T2022056599

Guest access
This entire apartment complex along with this unit is accessed by a key-fob. Key-fob",[]
1261973862724776565,2023059206,2023059206,exact,listing_results\1261973862724776565\metadata.json,"No parties or large gatherings

One locked maintenance cabinet in 2BR kitchen

Registration Details
2023059206 and 2023059102",[]
1261973862724776565,2023059102,2023059102,exact,listing_results\1261973862724776565\metadata.json,"arge gatherings

One locked maintenance cabinet in 2BR kitchen

Registration Details
2023059206 and 2023059102",[]
1262395734149345629,2024082886,2024082886,exact,listing_results\1262395734149345629\metadata.json,"ning. They only enter directly through the garage to take the trash cans out.

Registration Details
2024082886",[]
1263100011072239056,2022059320,2022059320,exact,listing_results\1263100011072239056\metadata.json,"n from 8am-8pm except for maintenance and the months of December and January.

Registration Details
2022059320",[]
1263147936140845921,2024080717,2024080717,exact,listing_results\1263147936140845921\metadata.json,"ing the exterior to ensure your safety while respecting your privacy indoors.

Registration Details
2024080717",[]
1263231476692297392,2024088510,2024088510,exact,listing_results\1263231476692297392\metadata.json,"tairs occupant works from home and has a dog. Dog does not bark a lot at all.

Registration Details
2024088510",[]
1263346793783071636,2023050527,2023050527,exact,listing_results\1263346793783071636\metadata.json,"Nashville: Experience Your Stay, Design by NP/Injoy

Guest access
Smart Lock

Registration Details
2023050527",[]
1263503818342770261,2022050576,T2022050576,exact,listing_results\1263503818342770261\metadata.json,"d due to this being outside of our control we cannot offer refunds, but always solutions!

Permit #
T2022050576

Registration Details
T2022050576",[]
1264550743319447922,2023046846,2023046846,exact,listing_results\1264550743319447922\metadata.json,"pp are not applicable. If you would like early check in, you must message us.

Registration Details
2023046846",[]
1264561730672608106,2022056637,T2022056637,exact,listing_results\1264561730672608106\metadata.json,"ng, as well as a fully-stocked suite with everything you'll need for a comfortable stay.

Permit #: T2022056637

The space
What You'll Love:

⭐️ Self check-in 
⭐️ 1 free parking spot in a covered parking garage",[]
1269134112093572388,2022059305,2022059305,exact,listing_results\1269134112093572388\metadata.json,"ning board
    • Complimentary parking for one vehicle 
    • Free high speed internet

STR Permit #2022059305

Guest access
During your stay you will have access to the entire condo. You will also have access",[]
1269798805963780224,2024000801,2024 - 08 - 01,formatted,listing_results\1269798805963780224\metadata.json,"f stairs. It is not a good fit for people who have trouble with stairs.

Short Term Rental Permit: #2024 - 08 - 01 - 586 & #2024 - 08 - 01 - 587",[]
1270402149092849243,2024092840,2024_092840,formatted,listing_results\1270402149092849243\metadata.json,"s the area and would be happy to recommend another property that fits your needs.

Metro STR Permit 2024_092840

Other things to note
Please note that we may collect additional information from you after confirm",[]
1272437175518802477,2018074806,2018074806,exact,listing_results\1272437175518802477\metadata.json,"ore you arrive; email confirmation days prior.

Other things to note
Greg & Amy Lassen 
STR Permit #2018074806

Welcome to Nashville, y'all!",[]
1273409665017284314,2024092702,2024092702,exact,listing_results\1273409665017284314\metadata.json,"ade it this far on the listing and have questions, please send us an inquiry!

Registration Details
2024092702",[]
1274010565966839769,2024091264,2024091264,exact,listing_results\1274010565966839769\metadata.json,"s it.

Book your stay and experience East Nashville the way it’s meant to be.

Registration Details
2024091264",[]
1274017807696562390,2024079688,2024079688,exact,listing_results\1274017807696562390\metadata.json,"you find these suggestions helpful and can’t wait to welcome you!

Registration Details
STR Permit #2024079688",[]
1276950134167951583,2024080232,2024080232,exact,listing_results\1276950134167951583\metadata.json,"ou find these suggestions helpful and can’t wait to welcome you!

Registration Details
STR Permit # 2024080232",[]
1276989449158098950,2024079688,2024079688,exact,listing_results\1276989449158098950\metadata.json,"u find these suggestions helpful and can’t wait to welcome you!

Registration Details
STR Permit #s 2024079688 + 2024080232",[]
1276989449158098950,2024080232,2024080232,exact,listing_results\1276989449158098950\metadata.json,"suggestions helpful and can’t wait to welcome you!

Registration Details
STR Permit #s 2024079688 + 2024080232",[]
1279721270662322608,2024076801,2024076801,exact,listing_results\1279721270662322608\metadata.json,"ergency that may arise.

→ The permit # can be found in the listing captions.

Registration Details
2024076801",[]
1280365186750698833,2024097766,2024097766,exact,listing_results\1280365186750698833\metadata.json,"es and events are strictly not allowed, though we welcome Bachelorette and Bachelor groups.

Permit#2024097766

Guest access
You will have access via the front door lock! The entire home and rooftop are all you",[]
1281180705185530741,2018073020,STR #2018073020,exact,listing_results\1281180705185530741\metadata.json,"k-in and/or late check out may be available upon request, but not guaranteed.

Other things to note
STR #2018073020",[]
1281288795402999454,2019053952,2019followedby053952,formatted,listing_results\1281288795402999454\metadata.json,"another property that fits your needs.

Metro Nashville & Davidson County Short Term Rental Permit 2019followedby053952

Other things to note
Please note that we may collect additional information from you after confirm",[]
1282635067943882254,2022008717,2022008717,exact,listing_results\1282635067943882254\metadata.json,"itional cleaning fee
• Check‐in time is 4:00 PM and checkout time is 10:00 AM

Registration Details
2022008717",[]
1282781804197409914,2024076805,2024076805,exact,listing_results\1282781804197409914\metadata.json,"ergency that may arise.

→ The permit # can be found in the listing captions.

Registration Details
2024076805",[]
1284363066709746082,2023066424,2023066424,exact,listing_results\1284363066709746082\metadata.json,"d prosecute all Credit Card Fraud

STR Permit Registration: CASR 202/306/6424

Registration Details
2023066424",[]
1284877806954236966,2018071511,2018071511,exact,listing_results\1284877806954236966\metadata.json,"shville. 🌟

Love it? Tap the ❤️ above to save this listing to your wishlist for later!

STR Permit #2018071511

Guest access
Entire space & shared spaces such as lobby, courtyard, sky lounge, swimming pool and",[]
1285053084922511709,2024051639,2024051639,exact,listing_results\1285053084922511709\metadata.json,"oungers below them
- Bedroom 4: 3 full-size beds
- Bedroom 5: 1 full-size bed

Registration Details
2024051639",[]
1286148309200102891,2024105549,2024105549,exact,listing_results\1286148309200102891\metadata.json,"therwise, the entire home, including the 2-car garage, are available for use.

Registration Details
2024105549",[]
1286314490966719010,2024105417,CASR 2024105417,exact,listing_results\1286314490966719010\metadata.json,"or helping us keep our home cozy and clean. We hope you enjoy your time here!

Registration Details
CASR 2024105417",[]
1286567081995549643,2024095664,2024095664,exact,listing_results\1286567081995549643\metadata.json,"adway
- 10 minutes to Music Row and Vanderbilt
- 16 minutes to Grand Ole Opry

Registration Details
2024095664",[]
1287143885131355297,2018068420,2018068420,exact,listing_results\1287143885131355297\metadata.json,"ease reach out anytime with questions before or during your stay.

Registration Details
STR Permit #2018068420",[]
1287907991844783601,2024080205,T2024080205,exact,listing_results\1287907991844783601\metadata.json,"s, living room/ kitchen are available to the guest of this space

Other things to note
STR Permit # T2024080205

Registration Details
T2024080205",[]
1289266740341978433,2018072321,2018072321,exact,listing_results\1289266740341978433\metadata.json,"disco ball spins and transforms your living room into your very own private karaoke bar!  

Permit #2018072321

Guest access
Guest access will be via Latch. All details and instructions will be sent over after",[]
1290117954789053772,2024097841,2024097841,exact,listing_results\1290117954789053772\metadata.json,"maged items during their stay.
Please see our house rules for full agreement.

Registration Details
2024097841",[]
1290812549870539703,2022067222,2022067222,exact,listing_results\1290812549870539703\metadata.json,"e payment processor, we must subtract this amount from any refund that we issue.

STR Permit Number:2022067222",[]
1290841887043161073,2023013426,2023013426,exact,listing_results\1290841887043161073\metadata.json,"nd that we issue.

There is a $500 fine for not replacing the TV cover when not in use.

STR Permit:2023013426",[]
1292919780533203876,2024089897,2024089897,exact,listing_results\1292919780533203876\metadata.json,"ides the perfect home base. Book now to make the most of your Nashville stay!

Registration Details
2024089897",[]
1293047720545303695,2024089900,2024089900,exact,listing_results\1293047720545303695\metadata.json,"ides the perfect home base. Book now to make the most of your Nashville stay!

Registration Details
2024089900",[]
1293155342356153571,2026025265,2026025265,exact,listing_results\1293155342356153571\metadata.json,"veryone! We are extremely excited  for the chance to host you and your group!

Registration Details
2026025265",[]
1293553408964174246,2026056915,2026056915,exact,listing_results\1293553408964174246\metadata.json,"e Depot, Lowe’s, Buffalo Wild Wings and many other stores and restaurants 🛍️🍔

Registration Details
2026056915",[]
1293616233756272898,2026056916,2026056916,exact,listing_results\1293616233756272898\metadata.json,"e Depot, Lowe’s, Buffalo Wild Wings and many other stores and restaurants 🛍️🍔

Registration Details
2026056916",[]
1293679719178544232,2024089902,2024089902,exact,listing_results\1293679719178544232\metadata.json,"ides the perfect home base. Book now to make the most of your Nashville stay!

Registration Details
2024089902",[]
1293685852240296796,2023079917,2023079917,exact,listing_results\1293685852240296796\metadata.json,"e so about 25 blocks away. 

The address:

303 31st Ave N
Nashville, TN 37203

Registration Details
2023079917",[]
1294311099880517951,2024099624,2024099624,exact,listing_results\1294311099880517951\metadata.json,"mitting) 🎵100 Year old, Charming Kimball Baby Grand Piano, and assorted musical instruments PERMIT #2024099624",[]
1294316211979278330,2024099624,2024099624,exact,listing_results\1294316211979278330\metadata.json,"minutes from Green Hills, Music Row, Airport, and Downtown Nashville (traffic permitting). PERMIT #2024099624",[]
1294945137661620485,2024112983,T2024112983,exact,listing_results\1294945137661620485\metadata.json,"book  your trip to Music City 
or inquire today to start planning the trip of a lifetime!

Permit # T2024112983

Guest access
Entire home!",[]
1297847178933085508,2025028104,2025028104,exact,listing_results\1297847178933085508\metadata.json,"e to get to anywhere.

The space
3 bedroom with full kitchen and washer dryer

Registration Details
2025028104",[]
1298723393606274140,2024104477,2024104477,exact,listing_results\1298723393606274140\metadata.json,"rs a sleek Murphy bed with a plush full sized mattress for additional guests.

Registration Details
2024104477",[]
1300791302884002182,2023078858,2023078858,exact,listing_results\1300791302884002182\metadata.json,"prosecute all Credit Card Fraud

STR Permit Registration Number: 202/307/8858

Registration Details
2023078858",[]
1302910134653783674,2026019472,2026019472,exact,listing_results\1302910134653783674\metadata.json,"national Airport (BNA) — ~9.9 miles (about 20 min)

Guest access
Entire House

Registration Details
2026019472",[]
1302920370792342922,2024108296,2024108296,exact,listing_results\1302920370792342922\metadata.json,"nyone who wants a stylish home base in one of Nashville's best neighborhoods.

Registration Details
2024108296",[]
1303793663827790301,2025033090,2025033090,exact,listing_results\1303793663827790301\metadata.json,"owing a soirée or shindig here, reach out to see how we can best accommodate.

Registration Details
2025033090",[]
1305807512459655646,2022038345,2022038345,exact,listing_results\1305807512459655646\metadata.json,"Nashville: Experience Your Stay, Design by NP/Injoy

Guest access
Smart Lock

Registration Details
2022038345",[]
1307492671258603899,2024110128,2024110128,exact,listing_results\1307492671258603899\metadata.json,"ning. They only enter directly through the garage to take the trash cans out.

Registration Details
2024110128",[]
1308148265837361689,2025000203,2025-02-03,formatted,listing_results\1308148265837361689\metadata.json,"anaged by the building.
• Check in is at 4:00 PM and checkout is at 10:00 AM.

Registration Details
2025-02-03-617",[]
1308976751026307610,2025001716,2025001716,exact,listing_results\1308976751026307610\metadata.json,"key access to the pair for your use in the garage.

Other things to note
Short Term Rental Permit #2025001716",[]
1309549004720925309,2025021009,2025021009,exact,listing_results\1309549004720925309\metadata.json,"r booking
  - We have the right to report and prosecute all Credit Card Fraud

Registration Details
2025021009",[]
1309645909712963028,2024106640,STRP #2024106640,exact,listing_results\1309645909712963028\metadata.json,"e
Please take note of these important details for your stay:
•	Permit: This property operates under STRP #2024106640.
•	Location Note: The property is situated next to a highway and a train track.
•	Pool Disclaimer:",[]
1309659787475749105,2022047998,2022047998,exact,listing_results\1309659787475749105\metadata.json,"r booking
  - We have the right to report and prosecute all Credit Card Fraud

Registration Details
2022047998",[]
1309661148402494759,2022047693,2022047693,exact,listing_results\1309661148402494759\metadata.json,"r booking
  - We have the right to report and prosecute all Credit Card Fraud

Registration Details
2022047693",[]
1309709107467773678,2022059378,2022059378,exact,listing_results\1309709107467773678\metadata.json,"iscount or refund for noise issues that are outside of the apartment.

Registration Details
Permit #2022059378",[]
1313107228006022916,2020076000,2020076000,exact,listing_results\1313107228006022916\metadata.json,"stay. We want you to have a great Nashville experience and are here to help!

Registration Details
2020076000",[]
1316625920537172983,2022050187,T2022050187,exact,listing_results\1316625920537172983\metadata.json,"uilding amenities such as the fitness center, lounge, and pool.

Other things to note
STR Permit -- T2022050187.

Registration Details
T2022050187",[]
1316710860327198152,2024104531,2024104531,exact,listing_results\1316710860327198152\metadata.json,"supplies provided: toiletries, detergent, shampoo, conditioner, soap, paper goods, etc.
	•	Permit #2024104531

🎶 Enjoy Your Nashville Stay!

Whether you’re here for music, food, events, or business, this brigh",[]
1316741348734923068,2024110438,2024110438,exact,listing_results\1316741348734923068\metadata.json,"totally separate guest apartment.

Other things to note
No pets whatsoever ;)

Registration Details
2024110438",[]
13176145,2018037271,2018037271,exact,listing_results\13176145\metadata.json,"d air mattress available on request that can be put in the living room or master bedroom.

Permit # 2018037271

Guest access
Guests will have access to the entire upstairs, deck and back yard. The downstairs/ga",[]
13190076,2019013143,2019013143,exact,listing_results\13190076\metadata.json,"Music City's best food and nightlife. One of Airbnb's most loved homes. Pura vida, Cheryl. Permit #2019013143

The space
This is a 3 BD/3BA home in beautiful East Nashville! There are 3 bedrooms - 1 King, 2 Qu",[]
1320308780090018306,2022054002,2022054002,exact,listing_results\1320308780090018306\metadata.json,", our Wedgewood-Houston location is perfect for a memorable trip to Music City!!

Nashville Permit #2022054002

No Parties or Events

Parties, events, large gatherings, and unauthorized visitors are strictly pr",[]
1321136673267242465,2022050729,2022050729,exact,listing_results\1321136673267242465\metadata.json,"Nashville: Experience Your Stay. Design by NP/Injoy.

Guest access
Smart Lock

Registration Details
2022050729",[]
13221741,2016032225,2016032225,exact,listing_results\13221741\metadata.json,"not liable for any risk, danger, injury, or damages.

* Nashville Permit Issued In 2016 Followed By:2016032225",[]
13221741,2016201603,2016 Followed By:201603,formatted,listing_results\13221741\metadata.json,"The homeowner is not liable for any risk, danger, injury, or damages.

* Nashville Permit Issued In 2016 Followed By:2016032225",[]
1324790704361362314,2022001815,2022001815,exact,listing_results\1324790704361362314\metadata.json,"e of excitement. Plus, it’s all conveniently just a quick Uber ride away!

Property Permit Number: #2022001815

Guest access
Guests have access to the entire house, but one supply closet and two closets in the",[]
1324817840890143118,2025023568,2025023568,exact,listing_results\1324817840890143118\metadata.json,"mind when booking. We are legally unable to host anyone under the age of 21.

Registration Details
2025023568",[]
1324947519212067996,2024105227,2024105227,exact,listing_results\1324947519212067996\metadata.json,"ssage us anytime! Happy to help!

Hope you enjoy your stay in Nashville! 

Short Term Rental Permit#2024105227

Guest access
Guests enjoy exclusive access to the entire home, including:
- Rooftop deck and hot t",[]
1329029378470326839,2025024263,2025024263,exact,listing_results\1329029378470326839\metadata.json,"✨ Come settle in, kick back, and live like a local!

Guest access
Entire Home

Registration Details
2025024263",[]
1329117404866192834,2025003491,2025003491,exact,listing_results\1329117404866192834\metadata.json,"e. I encourage you to read my reviews and see what my past guests had to say.

Registration Details
2025003491",[]
1329372887994039650,2025037327,T2025037327,exact,listing_results\1329372887994039650\metadata.json,"side or you may face a fine typical with HOA fine. NO PARTIES AND NO GLITTER.

Registration Details
T2025037327",[]
13293782,2016036382,2016_followedby_036382,formatted,listing_results\13293782\metadata.json,"a deposit of $1,000 charged separately before check-in for any reservations over 6 months.

Permit: 2016_followedby_036382

Guest access
We pride ourselves on a quick response time and ability to provide add-on concierge s",[]
1329823423186328718,2020004729,2020004729,exact,listing_results\1329823423186328718\metadata.json,"the fee is processed.
• Check in is at 4:00 PM and checkout is at 10:00 AM..

Registration Details
2020004729",[]
1330477162608306359,2022056429,T2022056429,exact,listing_results\1330477162608306359\metadata.json,"imited and available for a fee. If needed, please reach out early to reserve.

Registration Details
T2022056429",[]
1331016466893818679,2022050541,T2022050541,exact,listing_results\1331016466893818679\metadata.json,"each out with any questions before booking, and let’s make your visit truly special.

Permit number:T2022050541",[]
13313321,2016061559,2016061559,exact,listing_results\13313321\metadata.json,"use side door entrance with keyless entry key-pad.

Other things to note
Short Term Rental Permit #2016061559",[]
1332029179128133136,2024112953,2024112953,exact,listing_results\1332029179128133136\metadata.json,"u need parking there is a covered parking garage you can use for a small fee.

Registration Details
2024112953",[]
1332043161744017734,2018037289,2018037289,exact,listing_results\1332043161744017734\metadata.json,"you a guest portal with all the info about the home and all of my favorite local spots.

STR Permit:2018037289

Guest access
Guests will enjoy exclusive access to the entire home, including all bedrooms, bathro",[]
1334171523042651292,2025001911,2025001911,exact,listing_results\1334171523042651292\metadata.json,"house*

Book your stay today and immerse yourself in the heart of Music Row!

Registration Details
2025001911",[]
1335062041419810153,2018074465,2018074465,exact,listing_results\1335062041419810153\metadata.json,"rbnb.com/h/themusiccitysuite

airbnb.com/h/honkytonkhideawaysobro

Registration Details
STR Permit #2018074465",[]
1335149854239348431,2023082805,2023082805,exact,listing_results\1335149854239348431\metadata.json,"est assured it’s fully equipped and ready to welcome guests!

Registration Details
CASR-CAZ10A001 - 2023082805",[]
1335552813609378360,2025005506,2025005506,exact,listing_results\1335552813609378360\metadata.json,"mart TV with 85 streaming channels to make you feel right at home.

Metro Nashville NOO STR Permit #2025005506

The space
This 2025 new-build penthouse loft is located on the 6th floor of a beautiful, historic",[]
1335620461357832775,2025005507,2025005507,exact,listing_results\1335620461357832775\metadata.json,"to everything from this perfectly located home base.

Metro Nashville NOO Short Term Rental Permit #2025005507

The space
This new-build loft is located on the 6th floor of a beautiful historic downtown buildin",[]
1335643361658586386,2025005508,2025005508,exact,listing_results\1335643361658586386\metadata.json,"to everything from this perfectly located home base.

Metro Nashville NOO Short Term Rental Permit #2025005508

The space
This new-build loft is located on the 6th floor of a beautiful, historic downtown buildi",[]
1335652818454265845,2018073151,2018073151,exact,listing_results\1335652818454265845\metadata.json,"f late checking out without approval it’s $30 for every 30 minutes past 10:00

Registration Details
2018073151",[]
1335653756177148180,2025005509,2025005509,exact,listing_results\1335653756177148180\metadata.json,"to everything from this perfectly located home base.

Metro Nashville NOO Short Term Rental Permit #2025005509

The space
This new-build loft is located on the 6th floor of a historic property and is centrally",[]
1337012535973069194,2023027518,2023027518,exact,listing_results\1337012535973069194\metadata.json,"work trip with all the comforts of home. Book your stay and explore the best of Nashville!

Permit #2023027518

The space
Escape to this modern 1-bedroom condo, ideally located just minutes from downtown Nashvi",[]
1337035424092199862,2025007700,2025007700,exact,listing_results\1337035424092199862\metadata.json,"d pool.

🔑 One key fob is provided per reservation. Additional key fobs are not available.

Permit #2025007700",[]
1337037615622426256,2025007765,2025007765,exact,listing_results\1337037615622426256\metadata.json,"y lounge, and pool area.

🔑 One key fob is provided per reservation for building access.

📄 Permit #2025007765",[]
1337220130920113069,2024051415,2024051415,exact,listing_results\1337220130920113069\metadata.json,"y Coffee bar.

Early check in when available is $19. Inquire at time booking.

Registration Details
2024051415",[]
1338708796215039259,2025003239,2025003239,exact,listing_results\1338708796215039259\metadata.json,"ce
-clean towels
-clean linens
-free wifi, massage chair & 3 tvs
-board games

Registration Details
2025003239",[]
1339931896681865926,2025003948,2025003948,exact,listing_results\1339931896681865926\metadata.json,"t The Fancy! ✨

Love it? Tap the ❤️ above to save this listing to your wishlist for later!

Permit #2025003948 lol

Guest access
You'll have full access to the entire unit, along with shared building amenities",[]
1340067614659403906,2018073898,2018073898,exact,listing_results\1340067614659403906\metadata.json,"rbnb.com/h/themusiccitysuite

airbnb.com/h/honkytonkhideawaysobro

Registration Details
STR Permit #2018073898",[]
1340901839397233102,2018068417,2018068417,exact,listing_results\1340901839397233102\metadata.json,"booking to ensure a pleasant stay in the heart of downtown Nashville.

Other things to note
Permit #2018068417

Welcome to the vibrant heart of downtown Nashville! While we're excited to host you for an amazing",[]
1341274898112809403,2025002801,2025002801,exact,listing_results\1341274898112809403\metadata.json,"cannot be guaranteed. Paid overnight street parking is available on 19th Ave

Registration Details
2025002801",[]
1341332086198903301,2023065099,2023065099,exact,listing_results\1341332086198903301\metadata.json,"ville: Experience Your Stay, Design by Injoy Vacations

Guest access
DOOR APP

Registration Details
2023065099",[]
1341390439967085775,2024072754,2024072754,exact,listing_results\1341390439967085775\metadata.json,"listing details and agree to our terms and conditions.

Nashville Permit Issued In 2024 followed by:2024072754

Guest access
Guest will have access to the entire unit, including first come, first served garage",[]
1341390439967085775,2024202407,2024 followed by:202407,formatted,listing_results\1341390439967085775\metadata.json,"ou have read the listing details and agree to our terms and conditions.

Nashville Permit Issued In 2024 followed by:2024072754

Guest access
Guest will have access to the entire unit, including first come, first served gar",[]
1341518522945839800,2024107885,2024107885,exact,listing_results\1341518522945839800\metadata.json,"ar and grill
-Mr.J's Original - burgers, pastrami sandwiches, and chili fries

Registration Details
2024107885",[]
1341578773501306210,2022050448,T2022050448,exact,listing_results\1341578773501306210\metadata.json,"ygalore

airbnb.com/h/honkytonkhavennashville

airbnb.com/h/themusiccitysuite

Registration Details
T2022050448",[]
1341695104588198480,2022056592,T2022056592,exact,listing_results\1341695104588198480\metadata.json,"re

airbnb.com/h/honkytonkhavennashville

airbnb.com/h/honkytonkhideawaysobro

Registration Details
T2022056592",[]
1343518728743245102,2024104494,2024104494,exact,listing_results\1343518728743245102\metadata.json,"t Responder discounts available
Concierge services available - please inquire

Registration Details
2024104494",[]
1343634692931558208,2018072345,2018072345,exact,listing_results\1343634692931558208\metadata.json,"booking to ensure a pleasant stay in the heart of downtown Nashville.

Other things to note
Permit #2018072345

Welcome to the vibrant heart of downtown Nashville! While we're excited to host you for an amazing",[]
1344399747997297883,2025012934,2025012934,exact,listing_results\1344399747997297883\metadata.json,"incur a **$500 cleaning fee** no refunds will be allowed if you violate the house rules. 

Permit  #2025012934",[]
1345074889273022736,2022056615,T2022056615,exact,listing_results\1345074889273022736\metadata.json,"ge!
-Gym Access!
-Pool access!
-Proffessionally cleaned between each stay!

The space
Permit number T2022056615

Guest access
Entire home as well as shared spaces such as pool and workout area.",[]
1345682459417875272,2025004683,2025004683,exact,listing_results\1345682459417875272\metadata.json,"ftop Terrace

Parking - We offer 1 free parking spot in a private parking garage 

Permit number - Т2025004683

Other things to note
Entire space & shared spaces such as lobby, courtyard, sky lounge, swimming p",[]
1345806211395494407,2025003347,2025003347,exact,listing_results\1345806211395494407\metadata.json,"ate pink oasis above Nashville’s bright lights awaits!

The space
Short Term Rental Permit Number: #2025003347

LOCATION
Located at the the best apartment complex in the Gulch, you'll find the location of our b",[]
1345824469632880282,2018070665,2018070665,exact,listing_results\1345824469632880282\metadata.json,"ance, as we are unable to offer refunds outside the parameters of the cancellation policy.

Permit #2018070665",[]
1345874064642722989,2018072031,2018072031,exact,listing_results\1345874064642722989\metadata.json,"ance, as we are unable to offer refunds outside the parameters of the cancellation policy.

Permit #2018072031",[]
1346029884355388318,2025003351,2025003351,exact,listing_results\1346029884355388318\metadata.json,"getaway. Book now and enjoy the heart of Music City!!

The space
Short Term Rental Permit Number: #2025003351

🎸 Welcome to Your Ultimate Nashville Getaway 🎸
Poolside skyline views, Broadway nights, and rock &",[]
1346475628817668473,2018073736,2018073736,exact,listing_results\1346475628817668473\metadata.json,"ance, as we are unable to offer refunds outside the parameters of the cancellation policy.

Permit #2018073736",[]
1346636848926222860,2022048167,2022048167,exact,listing_results\1346636848926222860\metadata.json,"r booking
  - We have the right to report and prosecute all Credit Card Fraud

Registration Details
2022048167",[]
1346637534044871168,2022046546,2022046546,exact,listing_results\1346637534044871168\metadata.json,"prosecute all Credit Card Fraud

STR Permit Registration Number: 202/204/7610

Registration Details
2022046546",[]
1349307018747581823,2022056521,T2022056521,exact,listing_results\1349307018747581823\metadata.json,"needed. Self check-in is easy and contact-free through secure lobby lockers.

Registration Details
T2022056521",[]
13496774,2020025851,STRP #2020025851,exact,listing_results\13496774\metadata.json,"ing on the sofa bed would need to walk through the bedroom to access the bathroom.

Metro Nashville STRP #2020025851

Registration Details
2020025851",[]
1350124254479540209,2024000801,2024 - 08 - 01,formatted,listing_results\1350124254479540209\metadata.json,"f stairs. It is not a good fit for people who have trouble with stairs.

Short Term Rental Permit: #2024 - 08 - 01 - 584 & #2024 - 08 - 01 - 585",[]
1350719340811628464,2022047701,2022047701,exact,listing_results\1350719340811628464\metadata.json,"prosecute all Credit Card Fraud

STR Permit Registration Number: 202/204/7701

Registration Details
2022047701",[]
1350724630816087899,2024111781,2024111781,exact,listing_results\1350724630816087899\metadata.json,"’t sleep with any noise, this is not a good fit. City apartment = city noise.

Registration Details
2024111781",[]
1350873354534499208,2018074801,2018074801,exact,listing_results\1350873354534499208\metadata.json,"building amenities such as the fitness center, lounge, and pool.

Other things to note
STR Permit--2018074801.

Registration Details
2018074801",[]
1351558572997990567,2024067201,2024067201,exact,listing_results\1351558572997990567\metadata.json,"ville: Experience Your Stay, Design by Injoy Vacations

Guest access
Door App

Registration Details
2024067201",[]
1351584417595715579,2024049341,2024049341,exact,listing_results\1351584417595715579\metadata.json,"ditional cleaning/damage fees may apply
• Check‐in 4:00 PM; checkout 10:00 AM

Registration Details
2024049341",[]
1352276537641786461,2025000410,2025-04-10,formatted,listing_results\1352276537641786461\metadata.json,"help!

Hope you enjoy your stay in Nashville!

Guest access
Entire home

Registration Details
STR #2025-04-10-633/ 2025-04-10-632",[]
1353892544599178177,2023088847,2023088847,exact,listing_results\1353892544599178177\metadata.json,"servations 28 days or longer or reservations that require a security deposit.

Registration Details
2023088847",[]
1354449765000955171,2025025429,2025025429,exact,listing_results\1354449765000955171\metadata.json,"f the home smells like smoke or vape then a $500 smoking fee will be charged.

Registration Details
2025025429",[]
1356566077103333499,2024073319,2024073319,exact,listing_results\1356566077103333499\metadata.json,"town
• We do not access the home or the large backyard during stays

Permit Number:  CASR-CAZ10A001-2024073319",[]
1357438056243579230,2025006211,2025006211,exact,listing_results\1357438056243579230\metadata.json,"an Stadium – 12 minutes

☕ Local restaurants, coffee shops, bars, and entertainment nearby

Permit #2025006211

Guest access
Guests will have full private access to the apartment and shared access to the buildi",[]
1357464093574278585,2025010513,2025010513,exact,listing_results\1357464093574278585\metadata.json,"nt.

🚗 Parking is available for $35/night and should be reserved in advance when possible.

Permit #2025010513",[]
1358856757367371302,2018074607,2018074607,exact,listing_results\1358856757367371302\metadata.json,"issan Stadium – 5-minute drive

🍹 The Gulch – Minutes away

🛍️ 12 South – Short drive away

Permit #2018074607

Guest access
Guests will have full private access to the apartment and shared access to the buildi",[]
1358874895557562253,2025011540,2025011540,exact,listing_results\1358874895557562253\metadata.json,"we have an exterior camera at the property that monitors the front entrance.

Registration Details
2025011540",[]
1359050590170615719,2025011542,2025011542,exact,listing_results\1359050590170615719\metadata.json,"we have an exterior camera at the property that monitors the front entrance.

Registration Details
2025011542",[]
1359053317983573296,2025011543,2025011543,exact,listing_results\1359053317983573296\metadata.json,"we have an exterior camera at the property that monitors the front entrance.

Registration Details
2025011543",[]
1362672912807505151,2025085323,2025085323,exact,listing_results\1362672912807505151\metadata.json,"ld take note.  The dog is never permitted into the guest suite or vestibule .

Registration Details
2025085323",[]
1363958344544140742,2025007599,2025007599,exact,listing_results\1363958344544140742\metadata.json,"around the apartment. You will be asked to leave and charged additional fees.

Registration Details
2025007599",[]
1365370904413411595,2025019092,T2025019092,exact,listing_results\1365370904413411595\metadata.json,"rooftop terrace. Guests should be comfortable navigating stairs throughout their stay.

STR Permit: T2025019092

Registration Details
2025019092",[]
13654633,2021032485,T2021032485,exact,listing_results\13654633\metadata.json,"title: Home with private pool [Permit#: T2021032485]
description: Our home is an eclectic oasis from the hotspots of Nashville.  The backyard (with pat",[]
1366773436822180670,2017047083,2017047083,exact,listing_results\1366773436822180670\metadata.json,"iolations incur a $150 fee.
Quiet hours after 10 PM for a restful experience.

Registration Details
2017047083",[]
1366785990396703991,2017047083,2017047083,exact,listing_results\1366785990396703991\metadata.json,"iolations incur a $150 fee.
Quiet hours after 10 PM for a restful experience.

Registration Details
2017047083",[]
1366796975691396081,2018024798,2018024798,exact,listing_results\1366796975691396081\metadata.json,"dditional cleaning fee.
• Check in is at 4:00 PM and checkout is at 10:00 AM.

Registration Details
2018024798",[]
1366936358647214456,2022047649,2022047649,exact,listing_results\1366936358647214456\metadata.json,"prosecute all Credit Card Fraud

STR Permit Registration Number: 202/204/7610

Registration Details
2022047649",[]
1369125930070025470,2021076977,2021076977,exact,listing_results\1369125930070025470\metadata.json,"e us anytime! Happy to help!

Hope you enjoy your stay in Nashville! 

Short Term Rental Permit #'s:2021076977,2021083400

Guest access
Guests enjoy full access to the entire home, game room, kitchen, and outdo",[]
1369125930070025470,2021083400,2021083400,exact,listing_results\1369125930070025470\metadata.json,"e! Happy to help!

Hope you enjoy your stay in Nashville! 

Short Term Rental Permit #'s:2021076977,2021083400

Guest access
Guests enjoy full access to the entire home, game room, kitchen, and outdoor spaces.",[]
1369805504091344865,2018072998,2018072998,exact,listing_results\1369805504091344865\metadata.json,"ance, as we are unable to offer refunds outside the parameters of the cancellation policy.

Permit #2018072998",[]
1370600070857480929,2025033071,T2025033071,exact,listing_results\1370600070857480929\metadata.json,"ed garage that connect to back alley.

Guest access
The whole house is yours!

Registration Details
T2025033071",[]
1371814357459821082,2022079800,2022079800,exact,listing_results\1371814357459821082\metadata.json,"by InJoy Nashville: Experience Your Stay

Guest access
Smart Lock
2nd Floor

Registration Details
2022079800",[]
1371851626973050696,2018072319,2018072319,exact,listing_results\1371851626973050696\metadata.json,"ance, as we are unable to offer refunds outside the parameters of the cancellation policy.

Permit #2018072319",[]
1371859139238623918,2018073418,2018073418,exact,listing_results\1371859139238623918\metadata.json,"ance, as we are unable to offer refunds outside the parameters of the cancellation policy.

Permit #2018073418",[]
1371904046349196771,2018072148,2018072148,exact,listing_results\1371904046349196771\metadata.json,"ance, as we are unable to offer refunds outside the parameters of the cancellation policy.

Permit #2018072148",[]
1371908989755690626,2018070914,2018070914,exact,listing_results\1371908989755690626\metadata.json,"ance, as we are unable to offer refunds outside the parameters of the cancellation policy.

Permit #2018070914",[]
1371919095695867593,2018074810,2018074810,exact,listing_results\1371919095695867593\metadata.json,"ance, as we are unable to offer refunds outside the parameters of the cancellation policy.

Permit #2018074810",[]
1372491213047447582,2020050629,2020050629,exact,listing_results\1372491213047447582\metadata.json,"outdoor activities, this three-bedroom bungalow is your ideal Nashville base!

Registration Details
2020050629",[]
1373193933702697007,2025014226,2025014226,exact,listing_results\1373193933702697007\metadata.json,"ille: Experience Your Stay, Design by Injoy Vacations

Guest access
Latch App

Registration Details
2025014226",[]
1374579914356367036,2020017558,2020017558,exact,listing_results\1374579914356367036\metadata.json,"on the premises.
☑︎ Streaming services available with guests’ own account(s)

Registration Details
2020017558",[]
1374644522136974472,2018074437,2018074437,exact,listing_results\1374644522136974472\metadata.json,"ance, as we are unable to offer refunds outside the parameters of the cancellation policy.

Permit #2018074437",[]
1374681158757630330,2018074441,2018074441,exact,listing_results\1374681158757630330\metadata.json,"ance, as we are unable to offer refunds outside the parameters of the cancellation policy.

Permit #2018074441",[]
1374688710456162957,2018068419,2018068419,exact,listing_results\1374688710456162957\metadata.json,"ance, as we are unable to offer refunds outside the parameters of the cancellation policy.

Permit #2018068419",[]
1374698232945909448,2018070562,2018070562,exact,listing_results\1374698232945909448\metadata.json,"ance, as we are unable to offer refunds outside the parameters of the cancellation policy.

Permit #2018070562",[]
1374749001301121248,2018068414,2018068414,exact,listing_results\1374749001301121248\metadata.json,"ance, as we are unable to offer refunds outside the parameters of the cancellation policy.

Permit #2018068414",[]
1374754344551362735,2018073599,2018073599,exact,listing_results\1374754344551362735\metadata.json,"ance, as we are unable to offer refunds outside the parameters of the cancellation policy.

Permit #2018073599",[]
1374761289482156920,2018072248,2018072248,exact,listing_results\1374761289482156920\metadata.json,"ance, as we are unable to offer refunds outside the parameters of the cancellation policy.

Permit #2018072248",[]
1374765779628508156,2018074641,2018074641,exact,listing_results\1374765779628508156\metadata.json,"ance, as we are unable to offer refunds outside the parameters of the cancellation policy.

Permit #2018074641",[]
1374771437781164000,2018073602,2018073602,exact,listing_results\1374771437781164000\metadata.json,"ance, as we are unable to offer refunds outside the parameters of the cancellation policy.

Permit #2018073602",[]
1374775679579961428,2018073144,2018073144,exact,listing_results\1374775679579961428\metadata.json,"ance, as we are unable to offer refunds outside the parameters of the cancellation policy.

Permit #2018073144",[]
1374803152135258768,2022050177,T2022050177,exact,listing_results\1374803152135258768\metadata.json,"nd is quite spacious. All the modern amenities to make your stay a home away from home.

Permit No. T2022050177

The space
Sentral SoBro is a quick 5 block walk to the infamous Broadway Strip and Honky Tonks!

G",[]
1374931672569907263,2023089991,2023089991,exact,listing_results\1374931672569907263\metadata.json,"mont Emergency Nashville line and inform the host after exiting the premises.

Registration Details
2023089991",[]
1375515862629278029,2022050153,T2022050153,exact,listing_results\1375515862629278029\metadata.json,"★ Ideal for music lovers and city explorers. 

Book with us for a 5 ⭐️⭐️⭐️⭐️⭐️ experience!
Permit #T2022050153

The space
2 Bedroom Apartment Highlights:
- Sleeps up to 8 with 2 king beds, a queen pull-out couc",[]
1376286726988679347,2026202604,2026 Followed By:202604,formatted,listing_results\1376286726988679347\metadata.json,"ead the listing details and agree to our terms and conditions.

City of Berry Hill Permit Issued In 2026 Followed By:20260401720

Guest access
Guest will have access to the entire home plus garage parking.

Other things to",[]
1377047857370906880,2024015057,2024015057,exact,listing_results\1377047857370906880\metadata.json,"listing details and agree to our terms and conditions.

Nashville Permit Issued in 2024 Followed By:2024015057

Guest access
Guest will have access to the entire unit including garage parking. Parking is first",[]
1377047857370906880,2024202401,2024 Followed By:202401,formatted,listing_results\1377047857370906880\metadata.json,"ou have read the listing details and agree to our terms and conditions.

Nashville Permit Issued in 2024 Followed By:2024015057

Guest access
Guest will have access to the entire unit including garage parking. Parking is fi",[]
1378535901266492971,2018074272,2018074272,exact,listing_results\1378535901266492971\metadata.json,"ance, as we are unable to offer refunds outside the parameters of the cancellation policy.

Permit #2018074272",[]
1378541378291590977,2018074158,2018074158,exact,listing_results\1378541378291590977\metadata.json,"ance, as we are unable to offer refunds outside the parameters of the cancellation policy.

Permit #2018074158",[]
1378544445687346074,2018073088,2018073088,exact,listing_results\1378544445687346074\metadata.json,"ance, as we are unable to offer refunds outside the parameters of the cancellation policy.

Permit #2018073088",[]
1378552204561557864,2018073591,2018073591,exact,listing_results\1378552204561557864\metadata.json,"ance, as we are unable to offer refunds outside the parameters of the cancellation policy.

Permit #2018073591",[]
1378554530075559034,2018069878,2018069878,exact,listing_results\1378554530075559034\metadata.json,"rance, as we are unable to offer refunds outside the parameters of the cancellation policy

Permit #2018069878",[]
1378555813588347349,2018069882,2018069882,exact,listing_results\1378555813588347349\metadata.json,"ance, as we are unable to offer refunds outside the parameters of the cancellation policy.

Permit #2018069882",[]
1379187841167350857,2022010963,2022010963,exact,listing_results\1379187841167350857\metadata.json,"r booking
  - We have the right to report and prosecute all Credit Card Fraud

Registration Details
2022010963",[]
1380406449250552779,2024026052,2024026052,exact,listing_results\1380406449250552779\metadata.json,"uest access
DOOR APP

Other things to note
Your booking includes BOTH condos!

Registration Details
2024026052",[]
1380448403235278352,2021025269,2021followedby025269,formatted,listing_results\1380448403235278352\metadata.json,"forgettable Nashville memories for you!

Metro Nashville & Davidson County Short Term Rental Permit 2021followedby025269

Other things to note
Please note that we may collect additional information from you after confirm",[]
1380477305295976937,2020012324,2020followedby012324,formatted,listing_results\1380477305295976937\metadata.json,"forgettable Nashville memories for you!

Metro Nashville & Davidson County Short Term Rental Permit 2020followedby012324

Other things to note
Please note that we may collect additional information from you after confirm",[]
1380502643866498812,2021025269,2021followedby025269,formatted,listing_results\1380502643866498812\metadata.json,"uests! Together, let's create unforgettable Nashville memories for you!

Metro Nashville STR Permit 2021followedby025269 and Metro Nashville STR Permit 2020followedby012324

Other things to note
Please note that we may c",[]
1380502643866498812,2020012324,2020followedby012324,formatted,listing_results\1380502643866498812\metadata.json,"e memories for you!

Metro Nashville STR Permit 2021followedby025269 and Metro Nashville STR Permit 2020followedby012324

Other things to note
Please note that we may collect additional information from you after confirm",[]
1381946071170461355,2025006008,2025006008,exact,listing_results\1381946071170461355\metadata.json,"– 10 minutes

🏈 Nissan Stadium – 12 minutes

☕ Restaurants, bars, and coffee shops nearby

Permit #2025006008

Guest access
Access to the building is provided via a key fob. One key fob will be available for y",[]
1382087608726755118,2025044210,2025044210,exact,listing_results\1382087608726755118\metadata.json,"much joy as it brings us. Welcome to your East Nashville home away from home.

Registration Details
2025044210",[]
13829517,2016050607,2016followedby050607,formatted,listing_results\13829517\metadata.json,"bed to get ready to do it all again tomorrow!

We are insured and permitted for your safety. Permit:2016followedby050607

You will feel like you are in the lap of luxury as you relax in the beautifully decorated living r",[]
1384731720394465809,2023049849,2023049849,exact,listing_results\1384731720394465809\metadata.json,"walls/are not directly next to each other. Your booking includes BOTH condos.

Registration Details
2023049849",[]
1384826664727474367,2023045952,2023045952,exact,listing_results\1384826664727474367\metadata.json,". 

Presented by Injoy Nashville: Experience Your Stay

Guest access
DOOR APP

Registration Details
2023045952",[]
1385045998111387667,2024041293,2024041293,exact,listing_results\1385045998111387667\metadata.json,"dditional vehicles must park on the street or the large Kroger lot next door.

Registration Details
2024041293",[]
1387090894200647850,2022052395,2022052395,exact,listing_results\1387090894200647850\metadata.json,"process. Thank you!

Guest access
You will have the entire unit to yourself!

Registration Details
2022052395",[]
1387219485171252168,2022066564,2022066564,exact,listing_results\1387219485171252168\metadata.json,"process. Thank you!

Guest access
You will have the entire unit to yourself!

Registration Details
2022066564",[]
1387221971013302956,2024055241,2024055241,exact,listing_results\1387221971013302956\metadata.json,"r booking
  - We have the right to report and prosecute all Credit Card Fraud

Registration Details
2024055241",[]
1387251998388540755,2025021009,2025021009,exact,listing_results\1387251998388540755\metadata.json,"r booking
  - We have the right to report and prosecute all Credit Card Fraud

Registration Details
2025021009, 2025041828, 2025041886",[]
1387251998388540755,2025041828,2025041828,exact,listing_results\1387251998388540755\metadata.json,"- We have the right to report and prosecute all Credit Card Fraud

Registration Details
2025021009, 2025041828, 2025041886",[]
1387251998388540755,2025041886,2025041886,exact,listing_results\1387251998388540755\metadata.json,"e right to report and prosecute all Credit Card Fraud

Registration Details
2025021009, 2025041828, 2025041886",[]
1387660764601545673,2025009271,2025009271,exact,listing_results\1387660764601545673\metadata.json,"end unit townhome. Keyless entry and a garage door opener are provide for those driving. 

Permit #2025009271

The Area: To the Nines is located in WeHo (short for Wedgewood-Houston) is one of Nashville’s cool",[]
1388041849805833646,2023089991,2023089991,exact,listing_results\1388041849805833646\metadata.json,"dvance, so lock in your dates early.
━━━━━━━━━━━━━━━━━━━━━━━━━━━━━━━━━━━━━━━━

Registration Details
2023089991,2023089988",[]
1388041849805833646,2023089988,2023089988,exact,listing_results\1388041849805833646\metadata.json,"lock in your dates early.
━━━━━━━━━━━━━━━━━━━━━━━━━━━━━━━━━━━━━━━━

Registration Details
2023089991,2023089988",[]
1389141802851486117,2023093442,2023093442,exact,listing_results\1389141802851486117\metadata.json,".

Presented by Injoy Nashville: Experience Your Stay

Guest access
Latch App

Registration Details
2023093442",[]
1389415743447209812,2018071634,2018071634,exact,listing_results\1389415743447209812\metadata.json,"tire property. 

Guests will be set up with Latch upon booking.

Other things to note
Permit Number#2018071634.

Check-in/Check-out:
★Check-in is at 3 PM and Check-out is at 11 AM.

The concierge is at the lobb",[]
1389942869437521880,2024106558,STR #2024106558,exact,listing_results\1389942869437521880\metadata.json,"on smoking property
- No events or large gatherings on the property
- Quiet hours from 11 pm-8 am
- STR #2024106558

Designed For Relaxation
The Nashville Welcome Inn is your sanctuary while you stay in one of the g",[]
1390152567675023223,2018074638,2018074638,exact,listing_results\1390152567675023223\metadata.json,"eration! If you have any questions or concerns ahead of your stay, feel free to reach out.

Permit #2018074638",[]
1391357770372216007,2025019332,2025019332,exact,listing_results\1391357770372216007\metadata.json,"Country Music Hall of Fame – 13 minutes

🏟️ Bridgestone Arena and major attractions nearby

Permit #2025019332

Guest access
Guests will have full private access to the apartment and shared access to the buildi",[]
1391361174237569422,2025019333,2025019333,exact,listing_results\1391361174237569422\metadata.json,"r stay. Additional fobs are not available, so guests should coordinate access accordingly.

Permit #2025019333",[]
1391419521969374898,2022077942,2022077942,exact,listing_results\1391419521969374898\metadata.json,"listing details and agree to our terms and conditions.

Nashville Permit Issued in 2022 Followed By:2022077942

Guest access
Guest will have access to the entire unit, including common areas (Gym & Rooftop Pati",[]
1391419521969374898,2022202207,2022 Followed By:202207,formatted,listing_results\1391419521969374898\metadata.json,"ou have read the listing details and agree to our terms and conditions.

Nashville Permit Issued in 2022 Followed By:2022077942

Guest access
Guest will have access to the entire unit, including common areas (Gym & Rooftop",[]
1392768031406669493,2023065111,2023065111,exact,listing_results\1392768031406669493\metadata.json,". 

Presented by Injoy Nashville: Experience Your Stay

Guest access
DOOR APP

Registration Details
2023065111",[]
1393970784040632095,2019051443,2019051443,exact,listing_results\1393970784040632095\metadata.json,"reet parking is available.
—** Free parking within the community parking lot.

Registration Details
2019051443 / 2023019802",[]
1393970784040632095,2023019802,2023019802,exact,listing_results\1393970784040632095\metadata.json,"is available.
—** Free parking within the community parking lot.

Registration Details
2019051443 / 2023019802",[]
1394260233341118157,2025023970,2025 followed by 023970,formatted,listing_results\1394260233341118157\metadata.json,"and would be happy to recommend another property that fits your needs.

Metro Nashville STR Permit 2025 followed by 023970

Other things to note
Please note that we may collect additional information from you after confirm",[]
1395663222425943335,2024069347,2024069347,exact,listing_results\1395663222425943335\metadata.json,"iolations incur a $150 fee.
Quiet hours after 10 PM for a restful experience.

Registration Details
2024069347",[]
1395781773183691384,2024104493,2024104493,exact,listing_results\1395781773183691384\metadata.json,"veterans, and first responders. Please contact us before booking for details.

Registration Details
2024104493;2024104494",[]
1395781773183691384,2024104494,2024104494,exact,listing_results\1395781773183691384\metadata.json,"nd first responders. Please contact us before booking for details.

Registration Details
2024104493;2024104494",[]
1399246190104138222,2025030454,2025030454,exact,listing_results\1399246190104138222\metadata.json,"ntastic East Nashville home, just minutes from all the action!
Other things to note
Permit Number: #2025030454 
Issue Date: April 14, 2025
Expiration Date: April 14, 2027
# of Bedrooms: 1
Max Occupancy: 6

Gues",[]
1399303325465931793,2025028021,2025028021,exact,listing_results\1399303325465931793\metadata.json,"Cabe Golf Course
13 mins: Nashville Zoo
15 mins: The Grand Ole Opry

Registration Details
Permit #: 2025028021",[]
1399312557545243507,2021025910,2021025910,exact,listing_results\1399312557545243507\metadata.json,"ir pets. Guests will be charged a $25 fee per pile of waste left in the yard

Registration Number: #2021025910

Guest access
Guests will have access to the entire home during their stay.

Parking: There is park",[]
1399418378652606712,2025030353,2025030353,exact,listing_results\1399418378652606712\metadata.json,"exterior entries to ensure your safety while respecting your privacy indoors.

Registration Details
2025030353",[]
1399520155364480173,2024028414,2024028414,exact,listing_results\1399520155364480173\metadata.json,"y in the case of sickness, travel interruption, or any other personal reason!

Registration Details
2024028414",[]
1399947635295334331,2019061707,2019061707,exact,listing_results\1399947635295334331\metadata.json,"pp are not applicable. If you would like early check in, you must message us.

Registration Details
2019061707",[]
1400139452425102249,2025026349,2025026349,exact,listing_results\1400139452425102249\metadata.json,"rting events, or simply exploring Music City, you'll love this central Nashville location.

Permit #2025026349

Guest access
Access to the building is provided via a key fob. One key fob will be available for y",[]
1400716460128647588,2019061693,2019061693,exact,listing_results\1400716460128647588\metadata.json,"early check in, you must message us. There are a lot of stairs in this house.

Registration Details
2019061693",[]
1402920569552771962,2018062977,STR #2018062977,exact,listing_results\1402920569552771962\metadata.json,"k-in and/or late check out may be available upon request, but not guaranteed.

Other things to note
STR #2018062977",[]
1403650633557388318,2025008561,2025008561,exact,listing_results\1403650633557388318\metadata.json,"ith our family. Guests do not have access to the garage below the guesthouse.

Registration Details
2025008561",[]
1404670068192673347,2022050119,T2022050119,exact,listing_results\1404670068192673347\metadata.json,"experience at this centrally-located place. 11 mins South of Broadway walking distance! 

Permit #: T2022050119

The space
Enjoy a Stay in this Newly- Designed 1-bedroom apartment. This one bedroom apartment fea",[]
1406253417319737384,2018068421,2018068421,exact,listing_results\1406253417319737384\metadata.json,"mins →Titans Stadium

10 min drive→Nashville Airport/BNA

Parking available- $30 per night
Permit #2018068421

The space
Our space provides two spacious queen beds, a fold-down couch, and a single rollaway bed",[]
1408040684068244922,2025026350,2025026350,exact,listing_results\1408040684068244922\metadata.json,"side the apartment or in prohibited building areas.

🚗 Parking is available for $35/night.

Permit #2025026350",[]
1409687692181354629,2025010808,2025010808,exact,listing_results\1409687692181354629\metadata.json,"details and agree to our terms and conditions.

Unit 1 Nashville Permit issued in 2025 followed by:2025010808
Unit 2 Nashville Permit issued In 2023 followed by:2023068313

Guest access
Guests will have access",[]
1409687692181354629,2023068313,2023068313,exact,listing_results\1409687692181354629\metadata.json,"lle Permit issued in 2025 followed by:2025010808
Unit 2 Nashville Permit issued In 2023 followed by:2023068313

Guest access
Guests will have access to the entire space!

Other things to note
All our properties",[]
1409687692181354629,2025202501,2025 followed by:202501,formatted,listing_results\1409687692181354629\metadata.json,"read the listing details and agree to our terms and conditions.

Unit 1 Nashville Permit issued in 2025 followed by:2025010808
Unit 2 Nashville Permit issued In 2023 followed by:2023068313

Guest access
Guests will have ac",[]
1409687692181354629,2023202306,2023 followed by:202306,formatted,listing_results\1409687692181354629\metadata.json,"s.

Unit 1 Nashville Permit issued in 2025 followed by:2025010808
Unit 2 Nashville Permit issued In 2023 followed by:2023068313

Guest access
Guests will have access to the entire space!

Other things to note
All our proper",[]
1412685602344473101,2018068403,2018068403,exact,listing_results\1412685602344473101\metadata.json,"to 6 guests, in case you’re traveling with a larger group or need additional space.**

STR PERMIT #2018068403

The space
🛏️ Sleeping Arrangements
	•	1 King Bed
	•	2 Queen Beds
(Sleeps up to 6 comfortably – ide",[]
1413128645116554596,2024102042,2024102042,exact,listing_results\1413128645116554596\metadata.json,"cess
Guests have access to the entire private home and fully fenced backyard.

Registration Details
2024102042",[]
1413978851368465112,2018073501,2018073501,exact,listing_results\1413978851368465112\metadata.json,"for amenity unavailability due to building management decisions, weather, or repairs.

STR Permit #2018073501",[]
1416162133226195849,2025036933,2025036933,exact,listing_results\1416162133226195849\metadata.json,"dditional cleaning fee.
• Check in is at 4:00 PM and checkout is at 10:00 AM.

Registration Details
2025036933",[]
1416639975345965645,2025037223,2025037223,exact,listing_results\1416639975345965645\metadata.json,"private oasis above Nashville’s bright lights awaits!

The space
Short Term Rental Permit Number: #2025037223

LOCATION
Located at the the best apartment complex in the Gulch, you'll find the location of our b",[]
1417580295685601315,2021062541,2021062541,exact,listing_results\1417580295685601315\metadata.json,"party.
- Parties, events, or weddings are not allowed.

Nashville Permit Issued in 2021 Followed By:2021062541

Guest access
Guest will have access to the entire home plus garage parking.

Other things to note",[]
1417580295685601315,2021202106,2021 Followed By:202106,formatted,listing_results\1417580295685601315\metadata.json,"sed to the other party.
- Parties, events, or weddings are not allowed.

Nashville Permit Issued in 2021 Followed By:2021062541

Guest access
Guest will have access to the entire home plus garage parking.

Other things to n",[]
1417608413682075649,2021062662,2021062662,exact,listing_results\1417608413682075649\metadata.json,"party.
- Parties, events, or weddings are not allowed.

Nashville Permit Issued in 2021 Followed By:2021062662

Guest access
Guest will have access to the entire home plus garage parking.

Other things to note",[]
1417608413682075649,2021202106,2021 Followed By:202106,formatted,listing_results\1417608413682075649\metadata.json,"sed to the other party.
- Parties, events, or weddings are not allowed.

Nashville Permit Issued in 2021 Followed By:2021062662

Guest access
Guest will have access to the entire home plus garage parking.

Other things to n",[]
1417608435652037731,2021062541,2021062541,exact,listing_results\1417608435652037731\metadata.json,"party.
- Parties, events, or weddings are not allowed.

Nashville Permit Issued in 2021 Followed By:2021062541
Nashville Permit Issued in 2021 Followed By:2021062634

Guest access
Guest will have access to the",[]
1417608435652037731,2021062634,2021062634,exact,listing_results\1417608435652037731\metadata.json,"Nashville Permit Issued in 2021 Followed By:2021062541
Nashville Permit Issued in 2021 Followed By:2021062634

Guest access
Guest will have access to the entirety of both houses and their garages.

Other thing",[]
1417608435652037731,2021202106,2021 Followed By:202106,formatted,listing_results\1417608435652037731\metadata.json,"sed to the other party.
- Parties, events, or weddings are not allowed.

Nashville Permit Issued in 2021 Followed By:2021062541
Nashville Permit Issued in 2021 Followed By:2021062634

Guest access
Guest will have access to",[]
1417608457182632154,2021062662,2021062662,exact,listing_results\1417608457182632154\metadata.json,"party.
- Parties, events, or weddings are not allowed.

Nashville Permit Issued in 2021 Followed By:2021062662
Nashville Permit Issued in 2021 Followed By:2021062672

Guest access
Guest will have access to the",[]
1417608457182632154,2021062672,2021062672,exact,listing_results\1417608457182632154\metadata.json,"Nashville Permit Issued in 2021 Followed By:2021062662
Nashville Permit Issued in 2021 Followed By:2021062672

Guest access
Guest will have access to the entire home plus garage parking.

Other things to note",[]
1417608457182632154,2021202106,2021 Followed By:202106,formatted,listing_results\1417608457182632154\metadata.json,"sed to the other party.
- Parties, events, or weddings are not allowed.

Nashville Permit Issued in 2021 Followed By:2021062662
Nashville Permit Issued in 2021 Followed By:2021062672

Guest access
Guest will have access to",[]
1417661196732477955,2022048365,2022048365,exact,listing_results\1417661196732477955\metadata.json,"r booking
  - We have the right to report and prosecute all Credit Card Fraud

Registration Details
2022048365",[]
1417661273318458776,2022048376,2022048376,exact,listing_results\1417661273318458776\metadata.json,"prosecute all Credit Card Fraud

STR Permit Registration Number: 202/204/8376

Registration Details
2022048376",[]
1417661420522764086,2022047610,2022047610,exact,listing_results\1417661420522764086\metadata.json,"r booking
  - We have the right to report and prosecute all Credit Card Fraud

Registration Details
2022047610",[]
1418115118688552911,2025039726,2025039726,exact,listing_results\1418115118688552911\metadata.json,"upon booking.

We appreciate your understanding and hope you enjoy your stay!

Nashville STR Permit:2025039726

Registration Details
2025039726",[]
1419656876989691652,2019012025,2019012025,exact,listing_results\1419656876989691652\metadata.json,"y the way you want, effortlessly, comfortably, and upscale from the moment you wake up.

STR Permit:2019012025

🛏️ Bedrooms & Sleeping Options
• Bedroom 1: King Bed + Futon, Walk-in Closet, Ensuite Bath (Shower",[]
1420454574213785460,2021062541,2021062541,exact,listing_results\1420454574213785460\metadata.json,"- Parties, events, or weddings are not allowed.

Unit 1 Nashville Permit Issued in 2021 Followed By:2021062541
Unit 2 Nashville Permit Issued in 2021 Followed By:2021062634
Unit 3 Nashville Permit Issued in 202",[]
1420454574213785460,2021062634,2021062634,exact,listing_results\1420454574213785460\metadata.json,"lle Permit Issued in 2021 Followed By:2021062541
Unit 2 Nashville Permit Issued in 2021 Followed By:2021062634
Unit 3 Nashville Permit Issued in 2021 Followed By:2021062662
Unit 4 Nashville Permit Issued in 202",[]
1420454574213785460,2021062662,2021062662,exact,listing_results\1420454574213785460\metadata.json,"lle Permit Issued in 2021 Followed By:2021062634
Unit 3 Nashville Permit Issued in 2021 Followed By:2021062662
Unit 4 Nashville Permit Issued in 2021 Followed By:2021062672

Guest access
Guest will have access",[]
1420454574213785460,2021062672,2021062672,exact,listing_results\1420454574213785460\metadata.json,"lle Permit Issued in 2021 Followed By:2021062662
Unit 4 Nashville Permit Issued in 2021 Followed By:2021062672

Guest access
Guest will have access to the entire home plus garage parking.

Other things to note",[]
1420454574213785460,2021202106,2021 Followed By:202106,formatted,listing_results\1420454574213785460\metadata.json,"the other party.
- Parties, events, or weddings are not allowed.

Unit 1 Nashville Permit Issued in 2021 Followed By:2021062541
Unit 2 Nashville Permit Issued in 2021 Followed By:2021062634
Unit 3 Nashville Permit Issued in",[]
1420723026688700124,2019031751,2019031751,exact,listing_results\1420723026688700124\metadata.json,"e for any risk, danger, injury, or damages.

* Unit 1 - Nashville Permit Issued in 2019 Followed By:2019031751
* Unit 2 - Nashville Permit Issued In 2016 Followed By:2016032225
* Unit 3 - Nashville Permit Issue",[]
1420723026688700124,2016032225,2016032225,exact,listing_results\1420723026688700124\metadata.json,"Permit Issued in 2019 Followed By:2019031751
* Unit 2 - Nashville Permit Issued In 2016 Followed By:2016032225
* Unit 3 - Nashville Permit Issued In 2020 Followed By:2020043011",[]
1420723026688700124,2020043011,2020043011,exact,listing_results\1420723026688700124\metadata.json,"Permit Issued In 2016 Followed By:2016032225
* Unit 3 - Nashville Permit Issued In 2020 Followed By:2020043011",[]
1420723026688700124,2019201903,2019 Followed By:201903,formatted,listing_results\1420723026688700124\metadata.json,"wner is not liable for any risk, danger, injury, or damages.

* Unit 1 - Nashville Permit Issued in 2019 Followed By:2019031751
* Unit 2 - Nashville Permit Issued In 2016 Followed By:2016032225
* Unit 3 - Nashville Permit I",[]
1420723026688700124,2016201603,2016 Followed By:201603,formatted,listing_results\1420723026688700124\metadata.json,"it 1 - Nashville Permit Issued in 2019 Followed By:2019031751
* Unit 2 - Nashville Permit Issued In 2016 Followed By:2016032225
* Unit 3 - Nashville Permit Issued In 2020 Followed By:2020043011",[]
1420723026688700124,2020202004,2020 Followed By:202004,formatted,listing_results\1420723026688700124\metadata.json,"it 2 - Nashville Permit Issued In 2016 Followed By:2016032225
* Unit 3 - Nashville Permit Issued In 2020 Followed By:2020043011",[]
1420884737400249678,2018072268,2018072268,exact,listing_results\1420884737400249678\metadata.json,"so much more to elevate your stay in the heart of downtown Nashville

Other things to note
Permit #2018072268

Amenities such as the pool, gym, courtyard and fire pits are subject to closure.  While this is ra",[]
1421278124237133521,2025037128,2025followed by037128,formatted,listing_results\1421278124237133521\metadata.json,"the area and would be happy to recommend another property that fits your needs.

Metro STR Permit: 2025followed by037128

Other things to note
Please note that we may collect additional information from you after confirm",[]
1421294959436505769,2025037128,2025followedby037128,formatted,listing_results\1421294959436505769\metadata.json,"happy to recommend another property that fits your needs.

Metro STR Permit: 2024then010then488 and 2025followedby037128

Other things to note
Please note that we may collect additional information from you after confirm",[]
1422583828376366803,2025034981,2025034981,exact,listing_results\1422583828376366803\metadata.json,"r booking
  - We have the right to report and prosecute all Credit Card Fraud

Registration Details
2025034981",[]
1422583869647709580,2025034976,2025034976,exact,listing_results\1422583869647709580\metadata.json,"r booking
  - We have the right to report and prosecute all Credit Card Fraud

Registration Details
2025034976",[]
1422583911450219375,2025034975,2025034975,exact,listing_results\1422583911450219375\metadata.json,"r booking
  - We have the right to report and prosecute all Credit Card Fraud

Registration Details
2025034975",[]
1422584039543349311,2025034977,2025034977,exact,listing_results\1422584039543349311\metadata.json,"r booking
  - We have the right to report and prosecute all Credit Card Fraud

Registration Details
2025034977",[]
1422584080228849555,2025034982,2025034982,exact,listing_results\1422584080228849555\metadata.json,"r booking
  - We have the right to report and prosecute all Credit Card Fraud

Registration Details
2025034982",[]
1422584124280396148,2025034983,2025034983,exact,listing_results\1422584124280396148\metadata.json,"r booking
  - We have the right to report and prosecute all Credit Card Fraud

Registration Details
2025034983",[]
1422584213464511904,2025034987,2025034987,exact,listing_results\1422584213464511904\metadata.json,"r booking
  - We have the right to report and prosecute all Credit Card Fraud

Registration Details
2025034987",[]
1422584255383359918,2025034984,2025034984,exact,listing_results\1422584255383359918\metadata.json,"r booking
  - We have the right to report and prosecute all Credit Card Fraud

Registration Details
2025034984",[]
1422614075907238089,2025034988,CASR 2025034988,exact,listing_results\1422614075907238089\metadata.json,"r booking
  - We have the right to report and prosecute all Credit Card Fraud

Registration Details
CASR 2025034988",[]
1422614115129794513,2025034980,2025034980,exact,listing_results\1422614115129794513\metadata.json,"r booking
  - We have the right to report and prosecute all Credit Card Fraud

Registration Details
2025034980",[]
1423214718628357408,2018072352,2018072352,exact,listing_results\1423214718628357408\metadata.json,"ar and an Alexa to get the party started. You will have the stay of a lifetime in unit 423. Permit #2018072352.

The space
The apartment is located on the 4th floor of the Burnham on 5th Ave. It is just over 12",[]
1424103226631490310,2019031751,2019031751,exact,listing_results\1424103226631490310\metadata.json,"e for any risk, danger, injury, or damages.

* Unit 1 - Nashville Permit Issued in 2019 Followed By:2019031751
* Unit 2 - Nashville Permit Issued In 2016 Followed By:2016032225

Registration Details
2019031751/",[]
1424103226631490310,2016032225,2016032225,exact,listing_results\1424103226631490310\metadata.json,"Permit Issued in 2019 Followed By:2019031751
* Unit 2 - Nashville Permit Issued In 2016 Followed By:2016032225

Registration Details
2019031751/2016032225",[]
1424103226631490310,2019201903,2019 Followed By:201903,formatted,listing_results\1424103226631490310\metadata.json,"wner is not liable for any risk, danger, injury, or damages.

* Unit 1 - Nashville Permit Issued in 2019 Followed By:2019031751
* Unit 2 - Nashville Permit Issued In 2016 Followed By:2016032225

Registration Details
2019031",[]
1424103226631490310,2016201603,2016 Followed By:201603,formatted,listing_results\1424103226631490310\metadata.json,"it 1 - Nashville Permit Issued in 2019 Followed By:2019031751
* Unit 2 - Nashville Permit Issued In 2016 Followed By:2016032225

Registration Details
2019031751/2016032225",[]
1424161767520985190,2016032225,2016032225,exact,listing_results\1424161767520985190\metadata.json,"e for any risk, danger, injury, or damages.

* Unit 1 - Nashville Permit Issued In 2016 Followed By:2016032225
* Unit 2 - Nashville Permit Issued In 2020 Followed By:2020043011",[]
1424161767520985190,2020043011,2020043011,exact,listing_results\1424161767520985190\metadata.json,"Permit Issued In 2016 Followed By:2016032225
* Unit 2 - Nashville Permit Issued In 2020 Followed By:2020043011",[]
1424161767520985190,2016201603,2016 Followed By:201603,formatted,listing_results\1424161767520985190\metadata.json,"wner is not liable for any risk, danger, injury, or damages.

* Unit 1 - Nashville Permit Issued In 2016 Followed By:2016032225
* Unit 2 - Nashville Permit Issued In 2020 Followed By:2020043011",[]
1424161767520985190,2020202004,2020 Followed By:202004,formatted,listing_results\1424161767520985190\metadata.json,"it 1 - Nashville Permit Issued In 2016 Followed By:2016032225
* Unit 2 - Nashville Permit Issued In 2020 Followed By:2020043011",[]
1424186098848055037,2019031751,2019031751,exact,listing_results\1424186098848055037\metadata.json,"e for any risk, danger, injury, or damages.

* Unit 1 - Nashville Permit Issued in 2019 Followed By:2019031751
* Unit 2 - Nashville Permit Issued In 2020 Followed By:2020043011",[]
1424186098848055037,2020043011,2020043011,exact,listing_results\1424186098848055037\metadata.json,"Permit Issued in 2019 Followed By:2019031751
* Unit 2 - Nashville Permit Issued In 2020 Followed By:2020043011",[]
1424186098848055037,2019201903,2019 Followed By:201903,formatted,listing_results\1424186098848055037\metadata.json,"wner is not liable for any risk, danger, injury, or damages.

* Unit 1 - Nashville Permit Issued in 2019 Followed By:2019031751
* Unit 2 - Nashville Permit Issued In 2020 Followed By:2020043011",[]
1424186098848055037,2020202004,2020 Followed By:202004,formatted,listing_results\1424186098848055037\metadata.json,"it 1 - Nashville Permit Issued in 2019 Followed By:2019031751
* Unit 2 - Nashville Permit Issued In 2020 Followed By:2020043011",[]
1426215745946684103,2022047701,2022047701,exact,listing_results\1426215745946684103\metadata.json,"r booking
  - We have the right to report and prosecute all Credit Card Fraud

Registration Details
2022047701 / 2022047744 / 2022048167",[]
1426215745946684103,2022047744,2022047744,exact,listing_results\1426215745946684103\metadata.json,"We have the right to report and prosecute all Credit Card Fraud

Registration Details
2022047701 / 2022047744 / 2022048167",[]
1426215745946684103,2022048167,2022048167,exact,listing_results\1426215745946684103\metadata.json,"right to report and prosecute all Credit Card Fraud

Registration Details
2022047701 / 2022047744 / 2022048167",[]
1426218326484022417,2022048389,2022048389,exact,listing_results\1426218326484022417\metadata.json,"r booking
  - We have the right to report and prosecute all Credit Card Fraud

Registration Details
2022048389 / 2022048160 / 2022048167",[]
1426218326484022417,2022048160,2022048160,exact,listing_results\1426218326484022417\metadata.json,"We have the right to report and prosecute all Credit Card Fraud

Registration Details
2022048389 / 2022048160 / 2022048167",[]
1426218326484022417,2022048167,2022048167,exact,listing_results\1426218326484022417\metadata.json,"right to report and prosecute all Credit Card Fraud

Registration Details
2022048389 / 2022048160 / 2022048167",[]
1426218376834813096,2022048365,2022048365,exact,listing_results\1426218376834813096\metadata.json,"r booking
  - We have the right to report and prosecute all Credit Card Fraud

Registration Details
2022048365 / 2022048376",[]
1426218376834813096,2022048376,2022048376,exact,listing_results\1426218376834813096\metadata.json,"We have the right to report and prosecute all Credit Card Fraud

Registration Details
2022048365 / 2022048376",[]
1426218431291331393,2022047701,2022047701,exact,listing_results\1426218431291331393\metadata.json,"r booking
  - We have the right to report and prosecute all Credit Card Fraud

Registration Details
2022047701 / 2022047744",[]
1426218431291331393,2022047744,2022047744,exact,listing_results\1426218431291331393\metadata.json,"We have the right to report and prosecute all Credit Card Fraud

Registration Details
2022047701 / 2022047744",[]
1426408678973048275,2025040638,2025040638,exact,listing_results\1426408678973048275\metadata.json,"rsity Medical Center
13 mins: The Parthenon
13 mins: Grand Ole Opry
15 mins: Nashville Zoo

Permit #2025040638

Registration Details
2025040638",[]
1427011561851045739,2025042552,2025042552,exact,listing_results\1427011561851045739\metadata.json,"listing details and agree to our terms and conditions.

Nashville Permit Issued in 2025 Followed By:2025042552

Guest access
Guest will have access to the entire home.

Other things to note
All our properties i",[]
1427011561851045739,2025202504,2025 Followed By:202504,formatted,listing_results\1427011561851045739\metadata.json,"ou have read the listing details and agree to our terms and conditions.

Nashville Permit Issued in 2025 Followed By:2025042552

Guest access
Guest will have access to the entire home.

Other things to note
All our properti",[]
1431169666089464502,2025037980,2025037980,exact,listing_results\1431169666089464502\metadata.json,"or a weekend escape, this apartment places you close to everything Nashville has to offer.

Permit #2025037980

Guest access
Guests will enjoy full private access to the apartment along with shared access to th",[]
1431215499201989982,2022040404,2022#040#404,formatted,listing_results\1431215499201989982\metadata.json,"tdoors.

Laundry – Washer/Dryer with an iron, ironing board, and detergent pods provided

Permit #: 2022#040#404

Guest access
Guests will have access to the entire home during their stay.

Parking: Parking for u",[]
1432772319038792678,2025043449,2025043449,exact,listing_results\1432772319038792678\metadata.json,"listing details and agree to our terms and conditions.

Nashville Permit Issued in 2025 Followed By:2025043449

Guest access
Guest will have access to the entire home.

Other things to note
All our properties i",[]
1432772319038792678,2025202504,2025 Followed By:202504,formatted,listing_results\1432772319038792678\metadata.json,"ou have read the listing details and agree to our terms and conditions.

Nashville Permit Issued in 2025 Followed By:2025043449

Guest access
Guest will have access to the entire home.

Other things to note
All our properti",[]
1432926456073188412,2025043913,2025043913,exact,listing_results\1432926456073188412\metadata.json,"Row – 5 minutes
☕ Restaurants, breweries, coffee shops, rooftop bars, and boutiques nearby

Permit #2025043913

Guest access
Guests will have full private access to the apartment and shared access to the buildi",[]
1434269802181363628,2025023736,2025023736,exact,listing_results\1434269802181363628\metadata.json,"in the following areas: courtyard, parking areas, lobby, sky lounge and pool.

Registration Details
2025023736",[]
1435667647817457886,2025042552,2025042552,exact,listing_results\1435667647817457886\metadata.json,"- Parties, events, or weddings are not allowed.

Unit 1 Nashville Permit Issued in 2025 Followed By:2025042552
Unit 2 Nashville Permit Issued in 2025 Followed By:2025043449

Guest access
Guest will have access",[]
1435667647817457886,2025043449,2025043449,exact,listing_results\1435667647817457886\metadata.json,"lle Permit Issued in 2025 Followed By:2025042552
Unit 2 Nashville Permit Issued in 2025 Followed By:2025043449

Guest access
Guest will have access to the entire home.

Other things to note
All our properties i",[]
1435667647817457886,2025202504,2025 Followed By:202504,formatted,listing_results\1435667647817457886\metadata.json,"the other party.
- Parties, events, or weddings are not allowed.

Unit 1 Nashville Permit Issued in 2025 Followed By:2025042552
Unit 2 Nashville Permit Issued in 2025 Followed By:2025043449

Guest access
Guest will have acc",[]
1435698287183877334,2025038626,2025038626,exact,listing_results\1435698287183877334\metadata.json,"nted access to our Luggage Storage Partner located next door to the property.

Registration Details
2025038626",[]
1435792850354593910,2018070969,2018070969,exact,listing_results\1435792850354593910\metadata.json,"DOOR smart lock system which we will provide you access upon booking.

Registration Details
Permit #2018070969",[]
1438472956322529960,2018071748,2018071748,exact,listing_results\1438472956322529960\metadata.json,"e.
• Additional procedures may be put into place and posted upon entrance due to COVID-19

Permit: #2018071748",[]
1439962764447882425,2025042493,2025042493,exact,listing_results\1439962764447882425\metadata.json,"share local insight when asked and invisible when you’d rather have privacy.

Registration Details
2025042493",[]
1440614319960265489,2017047083,2017047083,exact,listing_results\1440614319960265489\metadata.json,"iolations incur a $150 fee.
Quiet hours after 10 PM for a restful experience.

Registration Details
2017047083",[]
1441428681124719269,2025037696,2025037696,exact,listing_results\1441428681124719269\metadata.json,"listing details and agree to our terms and conditions.

Nashville Permit issued in 2025 followed by:2025037696

Guest access
Guests will have access to the entire unit, including rooftop and communal area acces",[]
1441428681124719269,2025202503,2025 followed by:202503,formatted,listing_results\1441428681124719269\metadata.json,"ou have read the listing details and agree to our terms and conditions.

Nashville Permit issued in 2025 followed by:2025037696

Guest access
Guests will have access to the entire unit, including rooftop and communal area a",[]
1442213145617442567,2023066288,2023066288,exact,listing_results\1442213145617442567\metadata.json,"r booking
  - We have the right to report and prosecute all Credit Card Fraud

Registration Details
2023066288",[]
1446796352607553662,2025049189,2025049189,exact,listing_results\1446796352607553662\metadata.json,"e. 
→ Rest assured, our team is around 24/7 for any emergency that may arise.

Registration Details
2025049189",[]
1450024880314062274,2019028405,2019028405,exact,listing_results\1450024880314062274\metadata.json,"ghtlife, and dining while having a comfortable retreat to return to each day.

Registration Details
2019028405",[]
1450836149829196086,2023030198,2023030198,exact,listing_results\1450836149829196086\metadata.json,"listing details and agree to our terms and conditions.

Nashville Permit Issued in 2023 Followed By:2023030198

Guest access
Guests will have access to the entire unit, including shared building amenities, such",[]
1450836149829196086,2023202303,2023 Followed By:202303,formatted,listing_results\1450836149829196086\metadata.json,"ou have read the listing details and agree to our terms and conditions.

Nashville Permit Issued in 2023 Followed By:2023030198

Guest access
Guests will have access to the entire unit, including shared building amenities,",[]
1451767113469682870,2018070495,2018070495,exact,listing_results\1451767113469682870\metadata.json,"/night (first come, first served and paid daily by parking meter).

City of Nashville STR Permit : #2018070495

Guest access
Accessing your unit and the building's amenities is seamless with our keyless entry s",[]
1452400841098304514,2018071749,2018071749,exact,listing_results\1452400841098304514\metadata.json,"ience, our Baggage Bellhop service is available onsite seven days a week from 9 AM to 5 PM.

Permit#2018071749

Guest access
Please note, to access the pool, you must list the names for each of the  guests you",[]
14534800,2016035149,2016035149,exact,listing_results\14534800\metadata.json,"es from Gaylord Opryland. Oprymills Mall, Regal movies, restaurants and plenty to do.
PERMIT NUMBER 2016035149

The space
THE RIVER!!! Having breakfast by the river, and go down for a soak or sunbathe at the sa",[]
1455001440357590000,2025057811,2025057811,exact,listing_results\1455001440357590000\metadata.json,"ed for cleaning between guests.
- Please book an extra night to guarantee your plans!

STRP Permit #2025057811",[]
1456522033459983833,2018070925,2018070925,exact,listing_results\1456522033459983833\metadata.json,"ium
• 10 min drive → Nashville International Airport (BNA)

Parking available: $35 per day

Permit #2018070925

Guest access
Located in a luxe apartment community in Nashville’s vibrant SoBro neighborhood, gues",[]
1456695423929442315,2021007001,2021007001,exact,listing_results\1456695423929442315\metadata.json,"Sandbar and the Nashville Brewing Company – all under 10 minutes on foot!

Property Permit Number: #2021007001

Come enjoy the perfect mix of location, comfort, and fun — your unforgettable Nashville stay start",[]
1456797714237129802,2023065069,2023065069,exact,listing_results\1456797714237129802\metadata.json,"Centennial Park and wide assortment of restaurant and entertainment options.

Registration Details
2023065069",[]
1456820305294731061,2025066285,2025066285,exact,listing_results\1456820305294731061\metadata.json,"teract with Rainey, let us know and we will keep her inside during your stay.

Registration Details
2025066285",[]
1462552104981625351,2025062332,2025062332,exact,listing_results\1462552104981625351\metadata.json,"isting details and agree to our terms and conditions.

Nashville permit issued in 2025, followed by:2025062332

Guest access
Guest will have access to the entire home plus garage parking.

Other things to note",[]
1463200144204502992,2026041385,2026041385,exact,listing_results\1463200144204502992\metadata.json,"veterans, and first responders. Please contact us before booking for details.

Registration Details
2026041385",[]
14656134,2023066559,2023066559,exact,listing_results\14656134\metadata.json,"s well. 
If/when guests need to reach me the best way of contact is via text.

Registration Details
2023066559",[]
1466946138748333973,2025034975,CASR 2025034975,exact,listing_results\1466946138748333973\metadata.json,"r booking
  - We have the right to report and prosecute all Credit Card Fraud

Registration Details
CASR 2025034975",[]
1466946181713812928,2025034984,2025034984,exact,listing_results\1466946181713812928\metadata.json,"r booking
  - We have the right to report and prosecute all Credit Card Fraud

Registration Details
2025034984 / 2025034985",[]
1466946181713812928,2025034985,2025034985,exact,listing_results\1466946181713812928\metadata.json,"We have the right to report and prosecute all Credit Card Fraud

Registration Details
2025034984 / 2025034985",[]
1466946226389939485,2025034982,2025034982,exact,listing_results\1466946226389939485\metadata.json,"r booking
  - We have the right to report and prosecute all Credit Card Fraud

Registration Details
2025034982 / 2025034983",[]
1466946226389939485,2025034983,2025034983,exact,listing_results\1466946226389939485\metadata.json,"We have the right to report and prosecute all Credit Card Fraud

Registration Details
2025034982 / 2025034983",[]
1467532973253559455,2022056651,2022056651,exact,listing_results\1467532973253559455\metadata.json,"coffee bar, chef’s kitchen, fast Wi‐Fi, & a walkable location just steps from Broadway.

Permit: TN2022056651

The space
📸 “GRAM‐WORTHY” HIGHLIGHTS

THE MUGSHOT WALL: Capture the ultimate Nashville photo op wi",[]
1468119491391807757,2025057730,2025057730,exact,listing_results\1468119491391807757\metadata.json,"rt, so you may on occasion hear planes flying above the house.

Nashville Short Term Rental Permit #2025057730

Registration Details
2025057730",[]
1468280634527846835,2025074333,2025074333,exact,listing_results\1468280634527846835\metadata.json,"n or to Broadway is quick and easy.

Please note: This is a 3-Story townhouse

Registration Details
2025074333",[]
14696060,2019010889,2019010889,exact,listing_results\14696060\metadata.json,"bedrooms with full bathrooms. Perfect home for 3 couples or a traveling family.

The space
Permit #2019010889

Guest access
You'll have access to the entire house and also our 2 car garage!",[]
1471848371362745999,2021039385,2021039385,exact,listing_results\1471848371362745999\metadata.json,"downtown event demand. Parking fees are paid via QR code in the parking lot.

Registration Details
2021039385",[]
1471918542641870790,2021039395,2021039395,exact,listing_results\1471918542641870790\metadata.json,"downtown event demand. Parking fees are paid via QR code in the parking lot.

Registration Details
2021039395",[]
1471948901308706294,2021039360,2021039360,exact,listing_results\1471948901308706294\metadata.json,"downtown event demand. Parking fees are paid via QR code in the parking lot.

Registration Details
2021039360",[]
1472966352958926134,2018072102,2018072102,exact,listing_results\1472966352958926134\metadata.json,"s happy to assist with any questions before or during your visit.

Registration Details
STR Permit #2018072102",[]
1473263923244446877,2018074152,2018074152,exact,listing_results\1473263923244446877\metadata.json,"ll — Nearby

🏈 Nissan Stadium — 5-minute drive

🍹 The Gulch & 12 South — 5–10-minute drive

Permit #2018074152

Guest access
🔑 Guests will have private access to the studio and shared access to all available bu",[]
1473423513475594267,2022047605,2022047605,exact,listing_results\1473423513475594267\metadata.json,"r booking
  - We have the right to report and prosecute all Credit Card Fraud

Registration Details
2022047605",[]
14740890,2018070128,2018070128,exact,listing_results\14740890\metadata.json,"house. Modern furniture works with vintage accent pieces to create a welcoming atmosphere.

Permit #2018070128

Our 3 bedroom/2 bathroom home is family and group friendly.

The space
Upon entry, you'll first no",[]
1474109651364886402,2022050213,T2022050213,exact,listing_results\1474109651364886402\metadata.json,".
- On-Site Parking Available – secure garage parking ($35/night).

Other things to note
STR permit T2022050213

We’re dedicated to delivering an unforgettable Nashville stay, with every detail in the apartment",[]
1474152811642052194,2022056516,T2022056516,exact,listing_results\1474152811642052194\metadata.json,"fully equipped kitchen, walk-in shower, full size washer/dryer, Queen size bed and more! 

Permit# T2022056516

The space
Located at Sentral Sobro of Nashville, This retreat offers a city view and is just a sho",[]
1474780097890983347,2025022700,2025022700,exact,listing_results\1474780097890983347\metadata.json,"ail items to the property. If you need anything during your stay, we are always available.

Permit #2025022700",[]
1475671914657141284,2018068418,2018068418,exact,listing_results\1475671914657141284\metadata.json,"lean, secure, and full of character—Casa Guridi is the stay you’ll wish you booked longer.

Permit #2018068418

Guest access
Guests have full access to Unit 537, including the kitchen, laundry, balcony, and all",[]
1477678153111413798,2025007686,2025007686,exact,listing_results\1477678153111413798\metadata.json,"issan Stadium — 25-minute walk

☕ Barista Parlor, Killebrew & Frothy Monkey — Minutes away

Permit #2025007686

Guest access
🔑 Guests will have private access to the apartment and shared access to all available",[]
1478470558922689049,2025041828,2025041828,exact,listing_results\1478470558922689049\metadata.json,"r booking
  - We have the right to report and prosecute all Credit Card Fraud

Registration Details
2025041828 / 2025041886",[]
1478470558922689049,2025041886,2025041886,exact,listing_results\1478470558922689049\metadata.json,"We have the right to report and prosecute all Credit Card Fraud

Registration Details
2025041828 / 2025041886",[]
1478470769352537343,2025021009,2025021009,exact,listing_results\1478470769352537343\metadata.json,"r booking
  - We have the right to report and prosecute all Credit Card Fraud

Registration Details
2025021009, 2025041828",[]
1478470769352537343,2025041828,2025041828,exact,listing_results\1478470769352537343\metadata.json,"- We have the right to report and prosecute all Credit Card Fraud

Registration Details
2025021009, 2025041828",[]
1478659408125241902,2025022700,2025022700,exact,listing_results\1478659408125241902\metadata.json,"il items to the property. If you need anything during your stay, we are always available.
 
Permit #2025022700",[]
1479209979234423901,2018062974,2018062974,exact,listing_results\1479209979234423901\metadata.json,"ce, please don’t hesitate to reach out. Your 5-star experience is always our priority!

STR Permit #2018062974",[]
1480406384240954457,2018073701,STR #2018073701,exact,listing_results\1480406384240954457\metadata.json,"here is also a $250 fee charged by our cleaners for any biohazards or bodily fluids.							
							
STR #2018073701",[]
1480438239092820073,2025041886,2025041886,exact,listing_results\1480438239092820073\metadata.json,"r booking
  - We have the right to report and prosecute all Credit Card Fraud

Registration Details
2025041886",[]
1481140610437388412,2018071101,2018071101,exact,listing_results\1481140610437388412\metadata.json,"free to reach out for assistance or questions. Your 5-star experience is our priority!

STR Permit #2018071101",[]
1481396397201215880,2026020086,2026020086,exact,listing_results\1481396397201215880\metadata.json,"Presented by Injoy Nashville: Experience your stay.

Guest access
Smart Lock

Registration Details
2026020086",[]
1482707804037155293,2023100571,2023100571,exact,listing_results\1482707804037155293\metadata.json,"listing details and agree to our terms and conditions.

Nashville Permit Issued in 2023 Followed By:2023100571

Guest access
Guests will have access to the entire property, including garage parking and the buil",[]
1482707804037155293,2023202310,2023 Followed By:202310,formatted,listing_results\1482707804037155293\metadata.json,"ou have read the listing details and agree to our terms and conditions.

Nashville Permit Issued in 2023 Followed By:2023100571

Guest access
Guests will have access to the entire property, including garage parking and the",[]
1482919608291490900,2022052232,2022052232,exact,listing_results\1482919608291490900\metadata.json,"Presented by Injoy Nashville: Experience your stay.

Guest access
SMART LOCK

Registration Details
2022052232",[]
1484422225948613403,2026053512,2026053512,exact,listing_results\1484422225948613403\metadata.json,"Gym

Guest access
Free covered parking and numeric keypad to unlock the door.

Registration Details
2026053512",[]
1485724242171356204,2021030786,2021030786,exact,listing_results\1485724242171356204\metadata.json,"party.
- Parties, events, or weddings are not allowed.

Nashville Permit Issued In 2021 Followed By:2021030786

Guest access
Guest will have access to the entire unit, including garage parking.

Other things to",[]
1485724242171356204,2021202103,2021 Followed By:202103,formatted,listing_results\1485724242171356204\metadata.json,"sed to the other party.
- Parties, events, or weddings are not allowed.

Nashville Permit Issued In 2021 Followed By:2021030786

Guest access
Guest will have access to the entire unit, including garage parking.

Other thing",[]
1485828725903557350,2025072740,T2025072740,exact,listing_results\1485828725903557350\metadata.json,"Absolutely no dogs, cats or any other animals are permitted on the property.

Registration Details
T2025072740",[]
1486335806194741419,2019031757,2019031757,exact,listing_results\1486335806194741419\metadata.json,"ther things to note
This is the perfect location for your Nashville get away.

Registration Details
2019031757",[]
1486506095670723525,2025060497,2025060497,exact,listing_results\1486506095670723525\metadata.json,"ail items to the property. If you need anything during your stay, we are always available.

Permit #2025060497",[]
14868058,2016055040,2016_followedby_055040,formatted,listing_results\14868058\metadata.json,"life of Johnny Cash with an impressive collection of memorabilia and interactive displays.

Permit: 2016_followedby_055040

Guest access
You'll have access to the entire home, including the outdoor spaces and driveway area",[]
1488495706583213946,2025072713,2025072713,exact,listing_results\1488495706583213946\metadata.json,"uest access
Main house, Clubhouse, Mid yard, Front yard, Parking area

Other things to note
Permit #2025072713",[]
1488592710926000066,2018069899,2018069899,exact,listing_results\1488592710926000066\metadata.json,"free to reach out for assistance or questions. Your 5-star experience is our priority!

STR Permit #2018069899",[]
1488666563079792012,2025039757,2025039757,exact,listing_results\1488666563079792012\metadata.json,"isting details and agree to our terms and conditions.

Nashville permit issued in 2025, followed by:2025039757

Guest access
Guest will have access to the entire home.

Other things to note
All our properties i",[]
1489439604709754656,2025091841,2025091841,exact,listing_results\1489439604709754656\metadata.json,"specialty drinks and sandwich selection, they’ll have what you need to suite your appetite.

Permit-2025091841",[]
1490059307458861625,2018072168,2018072168,exact,listing_results\1490059307458861625\metadata.json,"king the Pool

Giddy up Cowgirls, it going to be a wild ride!

Paid Parking Available 

STR Permit #2018072168

The space
Yeehaw meets yeeessss queen in this stylish, pink-splashed escape just 2 minutes from Br",[]
1491449374363943370,2025074124,CASR 2025074124,exact,listing_results\1491449374363943370\metadata.json,"use the entire home with a reservation. No rooms or features are off-limits.

Registration Details
CASR 2025074124",[]
1492790029628040774,2022061590,2022061590,exact,listing_results\1492790029628040774\metadata.json,"y excitement, this spot makes it easy to enjoy the best of the city.

Registration Details
Permit # 2022061590",[]
1493595362926509525,2025006666,2025-06-666,formatted,listing_results\1493595362926509525\metadata.json,"rite local spots.

If you have any questions, just message us anytime!  Happy to help!

STR Permit#:2025-06-6662

Guest access
Guests have full access to the entire property, including all bedrooms, bathrooms, r",[]
1493604656583297192,2024015057,2024015057,exact,listing_results\1493604656583297192\metadata.json,"- Parties, events, or weddings are not allowed.

Unit 1 Nashville Permit Issued in 2024 Followed By:2024015057
Unit 2 Nashville Permit Issued In 2024 Followed By:2024039018

Guest access
Guest will have access",[]
1493604656583297192,2024039018,2024039018,exact,listing_results\1493604656583297192\metadata.json,"lle Permit Issued in 2024 Followed By:2024015057
Unit 2 Nashville Permit Issued In 2024 Followed By:2024039018

Guest access
Guest will have access to the entire unit including garage parking. Parking is first",[]
1493604656583297192,2024202401,2024 Followed By:202401,formatted,listing_results\1493604656583297192\metadata.json,"the other party.
- Parties, events, or weddings are not allowed.

Unit 1 Nashville Permit Issued in 2024 Followed By:2024015057
Unit 2 Nashville Permit Issued In 2024 Followed By:2024039018

Guest access
Guest will have acc",[]
1493604656583297192,2024202403,2024 Followed By:202403,formatted,listing_results\1493604656583297192\metadata.json,"d.

Unit 1 Nashville Permit Issued in 2024 Followed By:2024015057
Unit 2 Nashville Permit Issued In 2024 Followed By:2024039018

Guest access
Guest will have access to the entire unit including garage parking. Parking is fi",[]
1495632646809798954,2025035440,2025035440,exact,listing_results\1495632646809798954\metadata.json,"al choice for a memorable and luxurious stay. We look forward to hosting you!

Registration Details
2025035440",[]
1495862507735038012,2025060095,2025060095,exact,listing_results\1495862507735038012\metadata.json,"e keep this in mind when booking. We are legally unable to host anyone under the age of 21.

Permit#2025060095

Other things to note
""The pool may be closed around mid to late September.""",[]
1495906952823221895,2025034979,2025034979,exact,listing_results\1495906952823221895\metadata.json,"r booking
  - We have the right to report and prosecute all Credit Card Fraud

Registration Details
2025034979",[]
1495933615924768475,2025060098,2025060098,exact,listing_results\1495933615924768475\metadata.json,"keep this in mind when booking. We are legally unable to host anyone under the age of 21.

Permit# 2025060098

Other things to note
""The pool may be closed around mid to late September.""",[]
1496390134621672576,2022047701,2022047701,exact,listing_results\1496390134621672576\metadata.json,"r booking
  - We have the right to report and prosecute all Credit Card Fraud

Registration Details
2022047701 /  2022048167",[]
1496390134621672576,2022048167,2022048167,exact,listing_results\1496390134621672576\metadata.json,"We have the right to report and prosecute all Credit Card Fraud

Registration Details
2022047701 /  2022048167",[]
1496452400319020301,2025084567,T2025084567,exact,listing_results\1496452400319020301\metadata.json,"r a comfortable Nashville stay. Traveling with your pup? They’re welcome too!

Registration Details
T2025084567",[]
1496461797126123086,2025057609,2025057609,exact,listing_results\1496461797126123086\metadata.json,"ed and abide by all local and state regulations governing short-term rentals.

Registration Details
2025057609",[]
1498595341629322652,2025073821,2025073821,exact,listing_results\1498595341629322652\metadata.json,"hand rails and additional tread for ease of use in dark or rainy conditions.

Registration Details
2025073821",[]
1498734539777844411,2025087057,2025087057,exact,listing_results\1498734539777844411\metadata.json,"fit for you and you might want to look at options further from downtown!

Short term rental permit #2025087057, occupancy rated for up to 6 but strongly suggest 4 guests or less.

Guest access
Guests will have",[]
1500002433644523022,2022023832,2022023832,exact,listing_results\1500002433644523022\metadata.json,"ndation, please let us know. There's a great dog park less than 10 mins away!

Registration Details
2022023832",[]
1500980324660461664,2022023862,2022023862,exact,listing_results\1500980324660461664\metadata.json,"ndation, please let us know. There's a great dog park less than 10 mins away!

Registration Details
2022023862",[]
1501123841807313072,2024071620,2024071620,exact,listing_results\1501123841807313072\metadata.json,"doorstep. Relax, explore, and experience Music City from the heart of it all!

Registration Details
2024071620; 2024071594",[]
1501123841807313072,2024071594,2024071594,exact,listing_results\1501123841807313072\metadata.json,"lax, explore, and experience Music City from the heart of it all!

Registration Details
2024071620; 2024071594",[]
1501378194890059098,2025065287,2025065287,exact,listing_results\1501378194890059098\metadata.json,"me

By confirming the reservation, the guest agrees to these rules and terms.

Registration Details
2025065287",[]
1502301337773624981,2025003364,T2025003364,exact,listing_results\1502301337773624981\metadata.json,"Arena - 0.8 mi
✔Country Music Hall of Fame - 0.8 mi
✔Adventure Science Center - 0.8 mi

STR Permit: T2025003364

Guest access
Indulge in the ultimate comfort and privacy during your stay with this stunning 2 bed",[]
1503089346038799088,2018071102,2018071102,exact,listing_results\1503089346038799088\metadata.json,"t unavailability will not be grounds for a refund or cancellation of your reservation.

STR Permit #2018071102

Guest access
Keyless access provided via Latch smartphone App!  

Enjoy exclusive access to the en",[]
1503634795205539007,2025071470,CASR2025071470,exact,listing_results\1503634795205539007\metadata.json,"fob
*Laundry onsite in condo complex (not in unit)
*Fitness room on site

*Short term rental permit CASR2025071470

Other things to note
Parking is free on-site. Grill, pool, laundry, and fitness center are communi",[]
1503937962286151959,2025071406,2025071406,exact,listing_results\1503937962286151959\metadata.json,"tes, Ceramic Souls)! Accessibility: 1br/1ba on ground floor.

Registration Details
CASR-CAZ10A001 - 2025071406",[]
1504411153609279947,2018070666,2018070666,exact,listing_results\1504411153609279947\metadata.json,"llation of your reservation.

Embark on your Nashville adventure and book your stay today!

Permit #2018070666

Guest access
Keyless entry via the DOOR smartphone app (formerly Latch), with access for every gue",[]
1506529954791082516,2025062837,2025062837,exact,listing_results\1506529954791082516\metadata.json,"Presented by Injoy Nashville: Experience Your Stay

Guest access
Smart Lock

Registration Details
2025062837",[]
1511120748539913723,2022042744,2022042744,exact,listing_results\1511120748539913723\metadata.json,"nd nightlife.

Guest access
You will have access to the entire unit and roof.

Registration Details
2022042744",[]
1512320996375096511,2018069902,2018069902,exact,listing_results\1512320996375096511\metadata.json,"rt-style amenities like a pool and gym. Your perfect stage for a Music City adventure!

STR Permit #2018069902

The space
Immerse yourself in the heart of Music City with this vibrant, Dolly-inspired downtown r",[]
1514040723537094108,2025077937,2025077937,exact,listing_results\1514040723537094108\metadata.json,"listing details and agree to our terms and conditions.

Nashville Permit Issued In 2025 followed by:2025077937

Guest access
Guest will have access to the entire unit, including first come, first served garage",[]
1514040723537094108,2025202507,2025 followed by:202507,formatted,listing_results\1514040723537094108\metadata.json,"ou have read the listing details and agree to our terms and conditions.

Nashville Permit Issued In 2025 followed by:2025077937

Guest access
Guest will have access to the entire unit, including first come, first served gar",[]
15147231,2016032489,2016032489,exact,listing_results\15147231\metadata.json,"less than a mile away and downtown is just a quick 5 minute drive.

Other things to note
Permit No. 2016032489",[]
1515472304750081321,2025066535,2025066535,exact,listing_results\1515472304750081321\metadata.json,"the property.

There is an exterior security camera in use for guest safety.

Registration Details
2025066535",[]
1516253334888189900,2018074355,2018074355,exact,listing_results\1516253334888189900\metadata.json,"Bridgestone Arena (0.3 miles) - 8 min. walk
- The Bluebird Cafe (7.1 miles) -12 min drive

Permit #2018074355

Guest access
Access your home effortlessly through our keyless smartphone entry system called Latc",[]
1516763014209074363,2022050455,T2022050455,exact,listing_results\1516763014209074363\metadata.json,"rgy from your balcony — the perfect spot for morning coffee or sunset cocktails.
Short Term Permit #T2022050455

The space
⭐ What You’ll Love:
• 2 Queen Beds + 2 Queen Air Mattresses (sleeps up to 6)
• Wraparoun",[]
1517695814396026185,2025014917,2025014917,exact,listing_results\1517695814396026185\metadata.json,"ect mix of location, comfort, and fun — your unforgettable Nashville stay starts here.

STR Permit #2025014917

Guest access
You'll receive a personalized access code before check-in for smooth, keyless entry.",[]
1517721916633998995,2018070519,2018070519,exact,listing_results\1517721916633998995\metadata.json,"areas have security cameras: lobby, sky lounge, courtyard, collective, pool & parking.

STR permit #2018070519

Registration Details
2018070519",[]
1518961635659295222,2022059359,STR #:2022059359,exact,listing_results\1518961635659295222\metadata.json,"trip, or weekend getaway. Book now and experience the best of Music City right outside your door!

STR #:2022059359

Guest access
As our guest(s), you will have full access to the unit as well as full access to all",[]
1519299896368018873,2025081965,2025081965,exact,listing_results\1519299896368018873\metadata.json,"ary
🍽️ Short drive to restaurants & grocery stores

Guest access
Entire Place

Registration Details
2025081965",[]
1520306113555561162,2022050308,T2022050308,exact,listing_results\1520306113555561162\metadata.json,"and Ole Opry — 15 minutes

🏊 Building Amenities

• Heated rooftop pool (seasonal)

Parking Permit: #T2022050308

Professionally managed by StayBnBCo
Our team is committed to providing a seamless, responsive, and",[]
1521136922280913796,2025080729,2025080729,exact,listing_results\1521136922280913796\metadata.json,"hared BBQ area!

This property is set up and ready for an amazing time!  

Nashville S.T.R. Permit-#2025080729

The space
This incredibly spacious 1,226 SQ foot loft overlooks the Gulch.  The condo has a Primar",[]
1521174508998088140,2026011871,2026011871,exact,listing_results\1521174508998088140\metadata.json,"th an elevator and a stairwell to access the condo.

Registration Details
Short-Term Rental Permit: 2026011871",[]
1521805391936844041,2021027011,2021027011,exact,listing_results\1521805391936844041\metadata.json,"party.
- Parties, events, or weddings are not allowed.

Nashville Permit Issued in 2021 Followed By:2021027011

Guest access
Guest will have access to the entire home.

Other things to note
All our properties i",[]
1521805391936844041,2021202102,2021 Followed By:202102,formatted,listing_results\1521805391936844041\metadata.json,"sed to the other party.
- Parties, events, or weddings are not allowed.

Nashville Permit Issued in 2021 Followed By:2021027011

Guest access
Guest will have access to the entire home.

Other things to note
All our properti",[]
1525519264863057612,2018074484,2018074484,exact,listing_results\1525519264863057612\metadata.json,"onsite parking available. You won't need to bring anything except your sense of adventure!

Permit #2018074484

The space
Stylish design, comfort, convenience....All in one place!

Here are a few things guests",[]
1525549556106524855,2022059390,T2022059390,exact,listing_results\1525549556106524855\metadata.json,"s
• Grand Ole Opry — 15 minutes

🏊 Building Amenities

• Heated rooftop pool (seasonal)

📄 Permit: #T2022059390

Professionally managed by StayBnBCo
Our team is committed to providing a seamless, responsive, and",[]
1526076395795554492,2025064771,2025064771,exact,listing_results\1526076395795554492\metadata.json,"ool; multi-couple trips; groups booking several Noa homes together for a larger event.

STR Permit #2025064771

Guest access
The entire townhome is yours: all bedrooms, baths, kitchen, living areas, private roo",[]
1526862226699542627,2018070919,STR-2018070919,exact,listing_results\1526862226699542627\metadata.json,"t to obtain their digital key.

☆ Guests will need a smart device to access the unit and building.

STR-2018070919",[]
1526869263431818633,2025064772,2025064772,exact,listing_results\1526869263431818633\metadata.json,"olicy. We recommend purchasing travel insurance to protect against unexpected changes.

STR Permit #2025064772",[]
1526869362823188350,2025064773,2025064773,exact,listing_results\1526869362823188350\metadata.json,"olicy. We recommend purchasing travel insurance to protect against unexpected changes.

STR Permit #2025064773",[]
1526869469900564109,2025064774,2025064774,exact,listing_results\1526869469900564109\metadata.json,"want to sleep well; multi-couple getaways; groups booking several Noa homes together.

STR Permit #2025064774

Guest access
The entire townhome: all bedrooms, baths, kitchen, living areas, private rooftop and",[]
1526869610837309815,2025064778,2025064778,exact,listing_results\1526869610837309815\metadata.json,"olicy. We recommend purchasing travel insurance to protect against unexpected changes.

STR Permit #2025064778",[]
1527021549921825692,2025064791,2025064791,exact,listing_results\1527021549921825692\metadata.json,"olicy. We recommend purchasing travel insurance to protect against unexpected changes.

STR Permit #2025064791",[]
1527496851279104178,2025064779,2025064779,exact,listing_results\1527496851279104178\metadata.json,"olicy. We recommend purchasing travel insurance to protect against unexpected changes.

STR Permit #2025064779",[]
1527508300891485528,2025064780,2025064780,exact,listing_results\1527508300891485528\metadata.json,"olicy. We recommend purchasing travel insurance to protect against unexpected changes.

STR Permit #2025064780",[]
1527803722843354486,2025064788,2025064788,exact,listing_results\1527803722843354486\metadata.json,"olicy. We recommend purchasing travel insurance to protect against unexpected changes.

STR Permit #2025064788",[]
1527811541344256393,2025064789,2025064789,exact,listing_results\1527811541344256393\metadata.json,"olicy. We recommend purchasing travel insurance to protect against unexpected changes.

STR Permit #2025064789",[]
1529793375558870342,2022050206,T2022050206,exact,listing_results\1529793375558870342\metadata.json,"same complex if traveling with family or friends! Please reach out if you have any questions! 

STR#T2022050206",[]
1531217258136267653,2016071327,2016_followed by_071327,formatted,listing_results\1531217258136267653\metadata.json,"ry of this building, and each one is two stories, so stairs are a must here.

Permit: 
Permit: CASR 2016_followed by_071327.

Guest access
You'll have access to THREE units at Cowrite, a first come first served parking lot",[]
1531236056155823275,2018068424,2018068424,exact,listing_results\1531236056155823275\metadata.json,"loor)
🎵 5-8 Min walk to Bridgestone Arena
🎵 15 Walk to Nissan Stadium                 

STR PERMIT #2018068424

The space
Welcome to our one-of-a-kind Airbnb at The Burnham Nashville – your perfect home base fo",[]
1533380256041997574,2025001031,2025-10-31,formatted,listing_results\1533380256041997574\metadata.json,"ture.

The space
Welcome to our unique stay in Nashville!

STRP Permit Number: STRP Permit Number: #2025-10-31-685 

Moody Melrose features two bedrooms and 2.5 bathrooms, providing plenty of space and comfort",[]
1535676271984211088,2025087404,STRP #2025087404,exact,listing_results\1535676271984211088\metadata.json,"Please consider if this fits the privacy preferences of your group before booking.

Metro Nashville STRP #2025087404

Registration Details
2025087404",[]
1537374344549556588,2023082406,2023#082#406,formatted,listing_results\1537374344549556588\metadata.json,"cameras on premises. No undisclosed camera or recording devices are inside the property

Permit #: 2023#082#406",[]
1539167669810771689,2025086738,2025086738,exact,listing_results\1539167669810771689\metadata.json,"ests' space and privacy. We do frequently travel and are often gone from the property.

STR Permit #2025086738

Guest access
Front unit of house: 2 bedrooms, 2 bathrooms, foyer/kitchenette, front porch

Other t",[]
1540006838691162611,2018071626,2018071626,exact,listing_results\1540006838691162611\metadata.json,"assistance you may need. Your comfort and satisfaction are our top priorities.

STR PERMIT NUMBER: #2018071626",[]
1540106548958648865,2018071667,2018071667,exact,listing_results\1540106548958648865\metadata.json,"feels like a backstage pass.

💖 Tap ❤️ to save this stay for your next Nashville getaway!

Permit #2018071667

Guest access
Entire space and shared spaces such as lobby, courtyard, sky lounge, swimming pool an",[]
1540874665080462296,2018074218,2018074218,exact,listing_results\1540874665080462296\metadata.json,"Bars ""Honky Tonk Highway"" 10 min walk (0.4mi)
- Vanderbilt Univ 10 min drive (2.5 mi)

STR Permit #2018074218
Guest access
Self check-in at 3:00pm with keyless entry
Other things to note
🎸Remember, this is loc",[]
1541642397541213131,2018074468,2018074468,exact,listing_results\1541642397541213131\metadata.json,"to 6 with:
• 1 King bed
• 2 Queen daybeds
• 2 Full trundle beds
• 1 Twin rollout bed 

STR PERMIT#:2018074468

The space
The complex is resort-style and includes an on-site concierge, 24-hour security, a two-s",[]
1543729753219706789,2018070916,2018070916,exact,listing_results\1543729753219706789\metadata.json,"conventions, concerts, business trips, and weekend stays.

Unit 654 on the 6th floor. 
STR PERMIT #:2018070916

The space
Top Floor with Private Balcony!

       •	1 bedroom + multiple beds for groups
	•	Fully",[]
1546005246059274013,2018074377,2018074377,exact,listing_results\1546005246059274013\metadata.json,"n occur, we will not be able to refund any of your stay with us.

Registration Details 
STR Permit #2018074377

Other things to note
Entire space & shared spaces such as lobby, courtyard, the sky lounge, swimmi",[]
1546424879283377474,2018051103,2018051103,exact,listing_results\1546424879283377474\metadata.json,"take a quick Uber to Nashville’s top restaurants, live music, nightlife, and attractions.

Permit #2018051103

The space
The main living area offers comfort and entertainment with a queen-size sleeper sofa, a",[]
1546624088169252173,2018073415,2018073415,exact,listing_results\1546624088169252173\metadata.json,"as this is due to property management.
This will not be grounds for a refund.

Registration Details
2018073415",[]
1549089455453004058,2018069908,t2018069908,exact,listing_results\1549089455453004058\metadata.json,"ffer refunds in the event of closure due to maintenance or other unforeseen circumstances.***

Permit2018069908

Guest access
🔹Early Check-In/Check out available
upon request for an additional fee of $50

🔹 We a",[]
1551707440011861494,2025086439,2025086439,exact,listing_results\1551707440011861494\metadata.json,"dditional cleaning fee.
• Check in is at 4:00 PM and checkout is at 10:00 AM.

Registration Details
2025086439",[]
1559751870799284103,2018062982,2018062982,exact,listing_results\1559751870799284103\metadata.json,"top local hosts to bring you the best of Music City. Contact us for details.

Licensing
STR Permit #2018062982

Guest access
Guests have full access to the building's resort-style amenities, including the pool,",[]
1563419401490751537,2018071161,t2018071161,exact,listing_results\1563419401490751537\metadata.json,"The Ryman
20 mins →Titans Stadium

10 min drive→Nashville Airport/BNA

Parking: $30 per night

Permit2018071161

The space
Our space provides three spacious queen beds and  easily accommodates 6 guests.

You hav",[]
1566913625318360985,2018070543,2018070543,exact,listing_results\1566913625318360985\metadata.json,"Bars ""Honky Tonk Highway"" 10 min walk (0.4mi)
- Vanderbilt Univ 10 min drive (2.5 mi)

STR Permit #2018070543

Guest access
Self check-in at 3:00pm with keyless entry

Other things to note
- Remember, this is",[]
1569835345583131151,2022056603,T2022056603,exact,listing_results\1569835345583131151\metadata.json,"located sun filled modern style apartment while enjoying your trip to Nashville.

Air Bnb Permit # T2022056603

The space
Welcome to your Nashville getaway—where modern luxury meets Southern charm.
This thought",[]
1571989839558551998,2022050547,T2022050547,exact,listing_results\1571989839558551998\metadata.json,"ls sent after booking (subject to community rules)
Quiet hours and community policies apply

Permit#T2022050547

Other things to note
Private/safe  paid parking is available in the building garage.  Details avai",[]
1574129778294623313,2018070922,2018070922,exact,listing_results\1574129778294623313\metadata.json,"ance, as we are unable to offer refunds outside the parameters of the cancellation policy.

Permit #2018070922",[]
1574157207468116577,2018071704,2018071704,exact,listing_results\1574157207468116577\metadata.json,"se of unexpected weather or travel issues.

Thank you for your understanding

Registration Details :2018071704

Registration Details
2018071704",[]
1574167161150038620,2018073714,2018073714,exact,listing_results\1574167161150038620\metadata.json,"ance, as we are unable to offer refunds outside the parameters of the cancellation policy.

Permit #2018073714",[]
1574180071839279202,2018073421,2018073421,exact,listing_results\1574180071839279202\metadata.json,"ance, as we are unable to offer refunds outside the parameters of the cancellation policy.

Permit #2018073421",[]
1574201968172102682,2018070538,2018070538,exact,listing_results\1574201968172102682\metadata.json,"ance, as we are unable to offer refunds outside the parameters of the cancellation policy.

Permit #2018070538",[]
1574238222749625024,2018025227,2018025227,exact,listing_results\1574238222749625024\metadata.json,"views—designed for memorable, elevated stays with the people you love.

SHORT TERM RENTAL PERMIT: #2018025227

The space
🏡 First Floor

• Primary bedroom suite
• King canopy bed with curtains 
• Mounted Smart",[]
1576283694100334470,2018073686,2018073686,exact,listing_results\1576283694100334470\metadata.json,"unit, parking garage, and all common area amenities via the DOOR app.

Other things to note
Permit #2018073686

Welcome to the vibrant heart of downtown Nashville! While we want you to have an amazing stay, it'",[]
1576297359433455046,2018072014,2018072014,exact,listing_results\1576297359433455046\metadata.json,"ance, as we are unable to offer refunds outside the parameters of the cancellation policy.

Permit #2018072014",[]
1576316708459246422,2018068416,2018068416,exact,listing_results\1576316708459246422\metadata.json,"ance, as we are unable to offer refunds outside the parameters of the cancellation policy.

Permit #2018068416",[]
1576326348059848162,2018073299,2018073299,exact,listing_results\1576326348059848162\metadata.json,"ance, as we are unable to offer refunds outside the parameters of the cancellation policy.

Permit #2018073299",[]
1576339540587522306,2018073158,2018073158,exact,listing_results\1576339540587522306\metadata.json,"ance, as we are unable to offer refunds outside the parameters of the cancellation policy.

Permit #2018073158",[]
1576920815853987932,2018074993,2018074993,exact,listing_results\1576920815853987932\metadata.json,"ance, as we are unable to offer refunds outside the parameters of the cancellation policy.

Permit #2018074993",[]
1576933963365000355,2018072252,2018072252,exact,listing_results\1576933963365000355\metadata.json,"ance, as we are unable to offer refunds outside the parameters of the cancellation policy.

Permit #2018072252",[]
1576947351335593876,2018073597,2018073597,exact,listing_results\1576947351335593876\metadata.json,"ance, as we are unable to offer refunds outside the parameters of the cancellation policy.

Permit #2018073597",[]
1576960698059115901,2018074369,2018074369,exact,listing_results\1576960698059115901\metadata.json,"ance, as we are unable to offer refunds outside the parameters of the cancellation policy.

Permit #2018074369",[]
1576997346856372665,2018068412,2018068412,exact,listing_results\1576997346856372665\metadata.json,"ance, as we are unable to offer refunds outside the parameters of the cancellation policy.

Permit #2018068412",[]
1577010263917799812,2018073089,2018073089,exact,listing_results\1577010263917799812\metadata.json,"ance, as we are unable to offer refunds outside the parameters of the cancellation policy.

Permit #2018073089",[]
1577035551131372753,2018071105,2018071105,exact,listing_results\1577035551131372753\metadata.json,"ance, as we are unable to offer refunds outside the parameters of the cancellation policy.

Permit #2018071105",[]
1577053520296936517,2018068409,2018068409,exact,listing_results\1577053520296936517\metadata.json,"ance, as we are unable to offer refunds outside the parameters of the cancellation policy.

Permit #2018068409",[]
1577063977840636638,2018073528,2018073528,exact,listing_results\1577063977840636638\metadata.json,"ance, as we are unable to offer refunds outside the parameters of the cancellation policy.

Permit #2018073528",[]
1577072590324141017,2018068404,2018068404,exact,listing_results\1577072590324141017\metadata.json,"ance, as we are unable to offer refunds outside the parameters of the cancellation policy.

Permit #2018068404",[]
1577079948682387581,2018073028,2018073028,exact,listing_results\1577079948682387581\metadata.json,"ance, as we are unable to offer refunds outside the parameters of the cancellation policy.

Permit #2018073028",[]
1578455611549437182,2018074264,2018074264,exact,listing_results\1578455611549437182\metadata.json,"ance, as we are unable to offer refunds outside the parameters of the cancellation policy.

Permit #2018074264",[]
1578466340681760296,2018073511,2018073511,exact,listing_results\1578466340681760296\metadata.json,"ance, as we are unable to offer refunds outside the parameters of the cancellation policy.

Permit #2018073511",[]
1578473934531950421,2018072159,2018072159,exact,listing_results\1578473934531950421\metadata.json,"ance, as we are unable to offer refunds outside the parameters of the cancellation policy.

Permit #2018072159",[]
1578482693221000787,2018074234,2018074234,exact,listing_results\1578482693221000787\metadata.json,"ance, as we are unable to offer refunds outside the parameters of the cancellation policy.

Permit #2018074234",[]
1578627047655322936,2018070976,2018070976,exact,listing_results\1578627047655322936\metadata.json,"→ Titans Stadium 

10 min drive →Nashville Airport/BNA 

Guests over 4 ppl +$25pp nightly

Permit: #2018070976

The space
Moody Blues provides one queen bed, one queen pullout sofa with memory foam mattress, an",[]
1579219464298384075,2024106361,2024106361,exact,listing_results\1579219464298384075\metadata.json,"listing details and agree to our terms and conditions.

Nashville Permit Issued in 2024 Followed By:2024106361

Guest access
Guest will have access to the entire home.

Other things to note
All our properties i",[]
1579219464298384075,2024202410,2024 Followed By:202410,formatted,listing_results\1579219464298384075\metadata.json,"ou have read the listing details and agree to our terms and conditions.

Nashville Permit Issued in 2024 Followed By:2024106361

Guest access
Guest will have access to the entire home.

Other things to note
All our properti",[]
1580628636047693703,2018073037,2018073037,exact,listing_results\1580628636047693703\metadata.json,"osure during your stay if they are having maintenance or repairs.

Other things to note
STR Permit #2018073037",[]
1581455832059843218,2022056501,2022056501,exact,listing_results\1581455832059843218\metadata.json,"iolations incur a $150 fee.
Quiet hours after 10 PM for a restful experience.

Registration Details
2022056501",[]
1581473563710465117,2022050555,2022050555,exact,listing_results\1581473563710465117\metadata.json,"iolations incur a $150 fee.
Quiet hours after 10 PM for a restful experience.

Registration Details
2022050555",[]
1581639154180721462,2022056461,T2022056461,exact,listing_results\1581639154180721462\metadata.json,"ife, explore Nashville’s food scene, or just relax in style, this has everything you need.

Permit #T2022056461

Guest access
You will have access to the entire home. Please make yourself at home.",[]
1582937450531949089,2018073467,2018073467,exact,listing_results\1582937450531949089\metadata.json,"Have questions or need recommendations? We’re just a message away 💕

Other things to note
Permit #2018073467",[]
1583556373370406044,2021048027,2021048027,exact,listing_results\1583556373370406044\metadata.json,"h out in advance, and we’ll gladly accommodate the request whenever possible.

Registration Details
2021048027",[]
1595796878905475971,2022050203,T2022050203,exact,listing_results\1595796878905475971\metadata.json,"lding amenities, it’s perfect for couples, business travelers or weekend getaways.

Air Bnb Permit #T2022050203

The space
Welcome to your stylish one-bedroom retreat at The Sentral SoBro, perfectly located at t",[]
1597983936947633255,2022052532,2022052532,exact,listing_results\1597983936947633255\metadata.json,"sts will enjoy seamless keyless entry for the duration of their stay.

Other things to note
PERMIT #2022052532",[]
1600880840413747489,2025103780,2025103780,exact,listing_results\1600880840413747489\metadata.json,"e keep this in mind when booking. We are legally unable to host anyone under the age of 21.

Permit#2025103780",[]
1604122153764786859,2018070547,2018070547,exact,listing_results\1604122153764786859\metadata.json,"ce, please don’t hesitate to reach out. Your 5-star experience is always our priority!

STR Permit #2018070547",[]
1605332312967566175,2018071745,2018071745,exact,listing_results\1605332312967566175\metadata.json,"at your doorstep!

The space
1 queen size bed, 1 sofa bed, and 1 folding twin size bed.

STR Permit#2018071745

Guest access
Parking available upon request for a fee.

Guests will be able to access the whole ap",[]
1606818356096372146,2018074266,2018074266,exact,listing_results\1606818356096372146\metadata.json,"fabulous as possible. Reach out anytime—your 5-star experience means the world to us!

STR Permit #2018074266",[]
1607326515384992234,2018038775,2018038775,exact,listing_results\1607326515384992234\metadata.json,"title: Music-Themed House w/Game Room, Near Downtown
description: Registration id2018038775

Infuse your getaway with the unbeatable spirit of Music City. Just a short drive from Downtown Nas",[]
1612665875814144522,2022050264,T2022050264,exact,listing_results\1612665875814144522\metadata.json,"r, Bridgestone Arena, restaurants, nightlife, plus enjoy the pool and fitness center.

STR Permit # T2022050264

The space
This modern 1-bedroom apartment features a private balcony, full kitchen, and comfortabl",[]
1613871833262775631,2018072151,2018072151,exact,listing_results\1613871833262775631\metadata.json,"assistance you may need. Your comfort and satisfaction are our top priorities.

STR PERMIT NUMBER: #2018072151",[]
1618430595571640009,2018074427,2018074427,exact,listing_results\1618430595571640009\metadata.json,"working spaces, and paid on-site parking. Walk to Broadway, concerts, dining, and more. STR permit #2018074427

The space
✨ The Space

Sleep comfortably with 2 King beds and 1 Queen bed, ideal for couples, frie",[]
1622622759148600180,2018062978,t2018062978,exact,listing_results\1622622759148600180\metadata.json,"ame property. Please inquire for more details if interested.

Parking available $30 per night

Permit2018062978

The space
Our space provides two queen size beds which easily accommodates 4 guests.

There is 50",[]
1627112947494840263,2022050311,T2022050311,exact,listing_results\1627112947494840263\metadata.json,"ours,  you may see Pets on property but we do not allow pets, No smoking.

Sentral  Sobro - Permit #T2022050311",[]
1627122679670225961,2022059174,2022059174,exact,listing_results\1627122679670225961\metadata.json,"s the best value.

Longer stays may qualify for preferred pricing;  message us for details.

Permit#2022059174",[]
1633695876146485013,2018073607,2018073607,exact,listing_results\1633695876146485013\metadata.json,"ifi
★ Resort outdoor POOL, year round       ★ Optional garage parking  
★ Firepits & grill

Permit #2018073607

The space
With a rare backyard patio, the unit provides plenty of privacy and fun! Sunbathe outsid",[]
1634332550063149332,2023078376,2023078376,exact,listing_results\1634332550063149332\metadata.json,"details and agree to our terms and conditions.

Unit 1 Nashville Permit Issued In 2023 followed by:2023078376
Unit 2 Nashville Permit issued in 2024 followed by:2024012168

Guest access
Guest will have access",[]
1634332550063149332,2024012168,2024012168,exact,listing_results\1634332550063149332\metadata.json,"lle Permit Issued In 2023 followed by:2023078376
Unit 2 Nashville Permit issued in 2024 followed by:2024012168

Guest access
Guest will have access to the entire home.

Other things to note
All our properties i",[]
1634332550063149332,2023202307,2023 followed by:202307,formatted,listing_results\1634332550063149332\metadata.json,"read the listing details and agree to our terms and conditions.

Unit 1 Nashville Permit Issued In 2023 followed by:2023078376
Unit 2 Nashville Permit issued in 2024 followed by:2024012168

Guest access
Guest will have acc",[]
1634332550063149332,2024202401,2024 followed by:202401,formatted,listing_results\1634332550063149332\metadata.json,"s.

Unit 1 Nashville Permit Issued In 2023 followed by:2023078376
Unit 2 Nashville Permit issued in 2024 followed by:2024012168

Guest access
Guest will have access to the entire home.

Other things to note
All our properti",[]
1635070560394327480,2018073607,2018073607,exact,listing_results\1635070560394327480\metadata.json,"outdoor pool											> Firepits & grill								
> Optional: reserve garage parking	 	
STR Permit #2018073607

The space
Right  Downtown and so close to all the action!  Come in and make yourselves comfortable",[]
1635476449530488536,2022059381,2022059381,exact,listing_results\1635476449530488536\metadata.json,"iolations incur a $150 fee.
Quiet hours after 10 PM for a restful experience.

Registration Details
2022059381",[]
1635508951244874774,2022056546,2022056546,exact,listing_results\1635508951244874774\metadata.json,"iolations incur a $150 fee.
Quiet hours after 10 PM for a restful experience.

Registration Details
2022056546",[]
1635729806644189582,2018072157,2018072157,exact,listing_results\1635729806644189582\metadata.json,"home base for concerts, girls' trips, game days, or unforgettable Music City getaways.

STR Permit #2018072157

The space
Stay in the heart of Music City at this stylish vinyl-inspired condo just a short walk f",[]
1635876068539886976,2022059331,STR #2022059331,exact,listing_results\1635876068539886976\metadata.json,"lish, comfortable home base for couples or friends looking to experience the best of Music City. 🎶

STR #2022059331",[]
1638446694835439873,2022050248,T2022050248,exact,listing_results\1638446694835439873\metadata.json,"Lounge with Billiard Table 🎱

*Work Station Lounge and social gathering place 💼

STR Permit Number: T2022050248

Guest access
Guests can use the entire residence (Unit 1002), and all property amenities, includin",[]
1638522110400023176,2018071440,STR #2018071440,exact,listing_results\1638522110400023176\metadata.json,"hville’s best dining, live music, and nightlife. Perfect for couples or friends visiting the city.

STR #2018071440",[]
1638670113659853654,2022056594,T2022056594,exact,listing_results\1638670113659853654\metadata.json,"ions before booking? Message us. We’d be happy to help plan your Nashville stay! 

Airbnb Permit #: T2022056594

The space
Welcome to The Cozy 615, a thoughtfully prepared one-bedroom retreat in the heart of Nas",[]
1644569346174146088,2022050164,T2022050164,exact,listing_results\1644569346174146088\metadata.json,"g your stay will result in additional FEES)

*LOST key fob will result in a $300 fine.

STR Permit #T2022050164",[]
1646405970287038266,2022056422,T2022056422,exact,listing_results\1646405970287038266\metadata.json,"estone Arena
• 10 min walk to Country Music Hall of Fame
• 8 min walk to Music City Center

Permit #T2022056422

Guest access
Guests have full access to the entire unit, along with the building’s available ameni",[]
1648725343405171725,2024026396,2024026396,exact,listing_results\1648725343405171725\metadata.json,"itional cleaning fee.
• Check-in time is 4:00 PM. Check-out time is 10:00 AM.

Registration Details
2024026396",[]
1651184942232891735,2022056539,T2022056539,exact,listing_results\1651184942232891735\metadata.json,"e and neighbors

Failure to follow house rules may result in additional fees.

Registration Details
T2022056539",[]
16529833,2016070901,STRP# 2016070901,exact,listing_results\16529833\metadata.json,"incur a $150 fee.
Quiet hours after 10 PM for a restful experience.

Registration Details
Nashville STRP# 2016070901",[]
1655424459582865245,2022050415,T2022050415,exact,listing_results\1655424459582865245\metadata.json,"mundane. Spruce life up a little, with a relaxing stay away from home at Teel’s place.

STR Permit: T2022050415",[]
1656188178256983423,2018073907,2018073907,exact,listing_results\1656188178256983423\metadata.json,"of honky-tonks, concerts, or exploring the city, you couldn’t ask for a better location.
STR permit#2018073907

The space
This thoughtfully designed studio apartment makes the most of its layout, offering a com",[]
1657429891320932128,2023060196,2023060196,exact,listing_results\1657429891320932128\metadata.json,"arrival, if booking same day, you may call our team as soon as you've booked.

Registration Details
2023060196",[]
1658169874624074783,2026023460,2026023460,exact,listing_results\1658169874624074783\metadata.json,"ck-in process go smoothly. We will send access info one day prior to arrival.

Registration Details
2026023460",[]
1658175450748243352,2018073592,2018073592,exact,listing_results\1658175450748243352\metadata.json,"nvite—just set up your account before arrival for a smooth check-in.

Other things to note
Permit #:2018073592

We want you to have an amazing stay! ✨ 

Please note that our Airbnb is located in a multifamily c",[]
1658229454381638339,2018074155,2018074155,exact,listing_results\1658229454381638339\metadata.json,"assistance you may need. Your comfort and satisfaction are our top priorities.

STR PERMIT NUMBER: #2018074155",[]
1658272865032421404,2018073967,2018073967,exact,listing_results\1658272865032421404\metadata.json,"assistance you may need. Your comfort and satisfaction are our top priorities.

STR PERMIT NUMBER: #2018073967",[]
1658302643136937937,2026023464,2026023464,exact,listing_results\1658302643136937937\metadata.json,"ck-in process go smoothly. We will send access info one day prior to arrival.

Registration Details
2026023464",[]
1658978025936591632,2018062984,2018062984,exact,listing_results\1658978025936591632\metadata.json,"ash, conditioner, and shampoo
-Makeup remover wipes

*Parking available for $30/ per night

Permit #2018062984

Guest access
-Keyless access provided via Door / Latch app! 

-Enjoy exclusive access to the entir",[]
1660534454442394001,2018072369,2018072369,exact,listing_results\1660534454442394001\metadata.json,"reach out - I'm always happy to help make your trip a great one.

Registration Details
STR Permit #2018072369",[]
1661648416930012038,2022050257,T2022050257,exact,listing_results\1661648416930012038\metadata.json,"away or an extended stay, this is your ideal Nashville home base!
We can’t wait to host you!

STR#: T2022050257

Guest access
As our guest(s), you will have full access to the unit as well as full access to all",[]
1664035201695337095,2018073095,2018073095,exact,listing_results\1664035201695337095\metadata.json,"urther detailed instructions will be provided at the time of booking.
Parking: Per Night $

Permit #2018073095

The space
Want to embrace the Nashville spirit? We've stocked the unit with cowboy hats for guest",[]
1665499644924043939,2022034782,2022034782,exact,listing_results\1665499644924043939\metadata.json,"INDIVIDUALLY or TOGETHER. If you instant book, YOU WILL BE BOOKING ONE HOME.

Registration Details
2022034782",[]
1669135916911833827,2022050138,T2022050138,exact,listing_results\1669135916911833827\metadata.json,"alkable location in the heart of downtown.
🏙️ Resort-style amenities + prime city access.

 Permit #T2022050138

The space
This Newly-Designed 1-bedroom apartment SLEEPS 4-5 Comfortably 
Features:

✨Private Balc",[]
1671494928278288179,2018062986,2018062986,exact,listing_results\1671494928278288179\metadata.json,"do our best to communicate quickly and help with anything within our control.

Registration Details
2018062986",[]
1672651918187809294,2022050517,T2022050517,exact,listing_results\1672651918187809294\metadata.json,"ing you need just steps away in a prime, walkable location.

Parking 25$ per night

Air Bnb Permit #T2022050517

The space
Located in the vibrant SoBro (South of Broadway) neighborhood in the heart of downtown N",[]
1673912586913157346,2018072103,t2018072103,exact,listing_results\1673912586913157346\metadata.json,"le to dining, nightlife, and top attractions.

20mins from BNA Airport

Parking $25 per night

Permit2018072103

The space
The suite comfortably accommodates 6 guests with two queen size beds and two single fold",[]
1674876627784839939,2018070965,2018070965,exact,listing_results\1674876627784839939\metadata.json,"lect an email address and provide instructions for downloading and setting up the app.

STR Permit #2018070965

🌆 Downtown Noise Disclaimer

This property is located in the heart of downtown Nashville near Broa",[]
1678511936809657201,2022059368,T2022059368,exact,listing_results\1678511936809657201\metadata.json,"sky lounge, and fitness center. Perfect for girls’ trips, couples, and weekend getaways.

Permit#: T2022059368

The space
Enjoy a Stay in this Newly- Designed 1-bedroom apartment. This one bedroom apartment fea",[]
1679330507557258062,2022056519,T2022056519,exact,listing_results\1679330507557258062\metadata.json,"n do to make your experience even better, please don’t hesitate to reach out.

Registration Details
T2022056519",[]
1680780949924385767,2022059336,2022059336,exact,listing_results\1680780949924385767\metadata.json,"sleeping spaces — perfect for couples, business trips, or weekend getaways in Music City!

Permit #2022059336

The space
The space includes a fully equipped kitchen, cozy living area, fast WiFi, smart TVs, com",[]
1684345005744199897,2022050586,T2022050586,exact,listing_results\1684345005744199897\metadata.json,"nese eatery.  

Check out our favorite local spots and add your own!

Other things to note
Permit # T2022050586",[]
1687018497916257959,2018074371,2018074371,exact,listing_results\1687018497916257959\metadata.json,"4:30 PM if you arrive early or depart later than your check-out time.

Other things to note
Permit#2018074371
No glass in pool area, including pool deck and balconies overlooking the pool.

While amenities lik",[]
1688662024558910352,2022050245,T2022050245,exact,listing_results\1688662024558910352\metadata.json,"e situations are outside our control, communication will always be prompt and transparent.

Permit #T2022050245",[]
1694225169494406831,2018074936,T2018074936,exact,listing_results\1694225169494406831\metadata.json,"and enjoy a boutique-style downtown Nashville experience just 1.5 blocks from Broadway.

Permit #: T2018074936

Guest access
As our guest, you'll have access to premium resort-style amenities designed for both",[]
1694943962474898359,2022050218,T2022050218,exact,listing_results\1694943962474898359\metadata.json,"& Oak is the right fit for your Nashville stay.

We can’t wait to host you in Music City 🫶

Permit #T2022050218

Guest access
You will have access to the entire apartment. You will also have access to all shared",[]
1697090067606169694,2022050193,T2022050193,exact,listing_results\1697090067606169694\metadata.json,"and a full size sofa bed.

Guest access
The whole apartment and all amenities

Registration Details
T2022050193",[]
1699463914085875596,2018073915,2018073915,exact,listing_results\1699463914085875596\metadata.json,"for the honky-tonks, a concert, or a weekend getaway, this is the perfect home base.

 STR Permit #2018073915.

The space
✨ The Space (Sleeps 6):
Designed with group comfort in mind, our open-concept studio co",[]
1703588774277304395,2018074227,2018074227,exact,listing_results\1703588774277304395\metadata.json,"unwinding

Don’t miss this chance to make your trip to Music City unforgettable—book now!

Permit #2018074227

The space
Stylish design, comfort, convenience....All in one place! We travel a lot for business s",[]
1703922901097975549,2018074413,2018074413,exact,listing_results\1703922901097975549\metadata.json,"Center, Nissan Stadium, Broadway, the Ryman Auditorium, The Gulch and SO MUCH more! 

STR Permit #:2018074413

The space
The VIP Green Room Off Broadway is a boutique, music-inspired stay designed for guests w",[]
1704640275088008475,2018070928,2018070928,exact,listing_results\1704640275088008475\metadata.json,"as we are unable to offer refunds outside the parameters of the cancellation policy.

STR Permit: #2018070928

Registration Details
STR #: 2018070928",[]
1714426247997972849,2022056644,T2022056644,exact,listing_results\1714426247997972849\metadata.json,"roup-chat’ trip, couples getaway, concert weekend... The stay everyone wishes they booked.

Permit #T2022056644

The space
✔ Designer Speakeasy Interior

✔ Luxury King Suite

✔ Glam Vanity Lounge

✔ Curated Espr",[]
1716077280499615009,2018073032,2018073032,exact,listing_results\1716077280499615009\metadata.json,"ooking a rental vehicle, contact us for a discount through National, Enterprise, or Alamo!

Permit #2018073032",[]
1716793565595534762,2022059355,2022059355,exact,listing_results\1716793565595534762\metadata.json,"time of booking so that we can block those dates for you in our parking app.

Registration Details
2022059355",[]
1718439601905887823,2018068411,t2018068411,exact,listing_results\1718439601905887823\metadata.json,"le to dining, nightlife, and top attractions.

20mins from BNA Airport

Parking $25 per night

Permit2018068411

The space
The suite comfortably accommodates 6 guests with three queen size beds.

Kitchen is equi",[]
1718489797532541900,2022056543,T2022056543,exact,listing_results\1718489797532541900\metadata.json,"e to dining, nightlife, and top attractions.

20mins from BNA Airport

Parking $25 per night

PermitT2022056543

The space
The suite comfortably accommodates 4 guests with a queen size beds and a pull-out sofa b",[]
1719844102829194429,2026059135,T2026059135,exact,listing_results\1719844102829194429\metadata.json,"Smoking of any kind inside the property

Damage to the home or its contents

Registration Details
T2026059135",[]
1719863949754563979,2018070670,2018070670,exact,listing_results\1719863949754563979\metadata.json,"re rate and wait!

Enjoy the fantastic pool, gym and work space all accessible to you!

STR Permit #2018070670

The space
Sophisticated Speakeasy Meets Western Retreat in Nashville

Welcome to The Bourbon Ranch",[]
1719982021105302337,2022059314,STR #2022059314,exact,listing_results\1719982021105302337\metadata.json,"e your stay even better, we’re just a message away. We can’t wait to welcome you to Johnny & June!

STR #2022059314

Guest access
As our guest(s), you will have full access to the unit as well as full access to all",[]
1723356115811208938,2022056640,T2022056640,exact,listing_results\1723356115811208938\metadata.json,"lex if traveling with family or friends! Please reach out if you have any questions! 

STR Permit # T2022056640",[]
1723619674272085027,2022050192,T2022050192,exact,listing_results\1723619674272085027\metadata.json,"e to dining, nightlife, and top attractions.

20mins from BNA Airport

Parking $25 per night

PermitT2022050192

The space
The suite comfortably accommodates 4 guests with a queen size bed and two single fold do",[]
1726149175646480627,2024007287,T2024007287,exact,listing_results\1726149175646480627\metadata.json,"s to offer. Please reach out to us through messaging with any questions you may have!

STR Permit # T2024007287

Guest access
You will have the entire condo to yourself.

Other things to note
Free parking in the",[]
1726969031524730486,2018074795,2018074795,exact,listing_results\1726969031524730486\metadata.json,"vibrant entertainment. Ideal for groups seeking comfort and city access in Music City.

STR PERMIT #2018074795

The space
Welcome to your stylish Nashville retreat, a true home away from home designed with a vi",[]
1730108087847688262,2022059158,t2022059158,exact,listing_results\1730108087847688262\metadata.json,"g pool and gym.

Walkable to dining, nightlife, and top attractions.

20mins from BNA Airport

Permit2022059158

The space
The suite comfortably accommodates 3 guests with a queen size bed and a single fold down",[]
1736461606936120259,2022050130,T2022050130,exact,listing_results\1736461606936120259\metadata.json,"• Only booked Airbnb guests may stay on the property and enjoy the services.

Registration Details
T2022050130",[]
1739227287927648555,2022056567,T2022056567,exact,listing_results\1739227287927648555\metadata.json,"utes
• Grand Ole Opry — 15 minutes

🏊 Building Amenities

• Heated rooftop pool (seasonal)

Permit# T2022056567

Professionally managed by StayBnBCo
Our team is committed to providing a seamless, responsive, and",[]
1740143303450467703,2022006467,2022006467,exact,listing_results\1740143303450467703\metadata.json,"rself at home while treating Boots & Bourbon and our neighbourhood with care.

Registration Details
2022006467",[]
1743698567129528922,2018073435,2018073435,exact,listing_results\1743698567129528922\metadata.json,"ng special? Let me know how I can help make your stay even more memorable! ✨

Nashville STR Permit #2018073435

Guest access
Guests have access to ALL property amenities including pool, courtyard, rooftop loung",[]
1744383203071734175,2018062975,2018062975,exact,listing_results\1744383203071734175\metadata.json,"has to offer is right at your doorstep!

The space
1 queen size bed and 1 folding couch

STR Permit#2018062975

Guest access
Parking available upon request for a fee. 

Guests will be able to access the whole a",[]
1751539196601895500,2018070967,2018070967,exact,listing_results\1751539196601895500\metadata.json,"o available for $40/day, payable at the garage kiosk.

No pets (building-wide policy).

STR Permit #2018070967.",[]
1751878337300027380,2022056628,T2022056628,exact,listing_results\1751878337300027380\metadata.json,"ith a full kitchen,washer dryer,& walkable downtown location your Nashville escape awaits !
Permit #T2022056628",[]
1753719910338447879,2018072342,2018072342,exact,listing_results\1753719910338447879\metadata.json,"es or groups of up to 6 (could do 8) looking for a true walkable Nashville home base.
AIRBNB permit#2018072342

The space
This spacious corner apartment features 2 bedrooms, 2 full bathrooms and an open-concept",[]
1754421289372445677,2018073611,2018073611,exact,listing_results\1754421289372445677\metadata.json,"and fees vary. Additional parking fees charged by the garage are outside of our control. 

Permit #2018073611

Guest access
Entire space & shared spaces such as lobby, courtyard, sky lounge, swimming pool and",[]
1754505080752338096,2022050488,T2022050488,exact,listing_results\1754505080752338096\metadata.json,"te pool and enjoy the convenience of free parking. Your perfect Music City escape awaits! 

Permit #T2022050488",[]
1759783351598245117,2018071758,t2018071758,exact,listing_results\1759783351598245117\metadata.json,"le to dining, nightlife, and top attractions.

20mins from BNA Airport

Parking $25 per night

Permit2018071758

The space
The suite comfortably accommodates 5 guests with two queen size beds and a fold-down cou",[]
1761576370003771473,2026054745,2026054745,exact,listing_details.csv / merged metadata,title: Lakeside Abode: #2026054745 Permit Number,[]
1761665106057060112,2026054745,2026054745,exact,listing_details.csv / merged metadata,title: The Amp - #2026054745 Permit Number,[]
1761676048194381579,2026054745,2026054745,exact,listing_details.csv / merged metadata,title: The Rabbit Hole - #2026054745 Permit Number,[]
1764543374955347160,2022056589,T2022056589,exact,listing_results\1764543374955347160\metadata.json,", and attractions, you’ll have everything you need for a memorable stay.

The space
Permit number - T2022056589

Registration Details
T2022056589",[]
1764837833363088915,2022056632,T2022056632,exact,listing_results\1764837833363088915\metadata.json,"e is just what you need to start your Nashville experience on the right foot!

Registration Details
T2022056632",[]
1766128985175725479,2019014444,T2019014444,exact,listing_results\1766128985175725479\metadata.json,"offer. Please reach out to us through Airbnb messaging with any questions you may have!

STR Permit T2019014444

Guest access
You will have the entire house to yourself.

Other things to note
Early check in time",[]
1771126804790748956,2018068413,2018068413,exact,listing_results\1771126804790748956\metadata.json,"llation of your reservation.

Embark on your Nashville adventure and book your stay today!

Permit #2018068413

Guest access
Keyless entry via the DOOR smartphone app (formerly Latch), with access for every gue",[]
1774224893559124584,2022050224,T2022050224,exact,listing_results\1774224893559124584\metadata.json,"same complex if traveling with family or friends! Please reach out if you have any questions! 

STR#T2022050224",[]
1776241120457272191,2025077937,2025077937,exact,listing_results\1776241120457272191\metadata.json,"lle: Experience Your Stay, Designed by Injoy Nashville

Guest access
DOOR APP

Registration Details
2025077937",[]
1776768234414503335,2023051141,2023051141,exact,listing_results\1776768234414503335\metadata.json,"as to offer. Please reach out to us through messaging with any questions you may have!

STR Permit #2023051141

Guest access
You will have the entire condo to yourself.

Other things to note
Free parking in the",[]
1779968040905737724,2018071705,t2018071705,exact,listing_results\1779968040905737724\metadata.json,"kout fee:  $150 (up to 2hrs max)
•	Must be arranged in advance and is subject to availability

Permit2018071705",[]
20618929,2016071335,2016_followed by_071335,formatted,listing_results\20618929\metadata.json,"plore the rich musical heritage of Nashville through engaging exhibits and rare artifacts.

Permit: 2016_followed by_071335

First come first serve parking lot available. Community courtyard with furniture and grill. No ele",[]
20620561,2016071332,2016_followedby_071332,formatted,listing_results\20620561\metadata.json,"deposit of $1,000 charged separately before check-in for any reservations over 6 months.  

Permit: 2016_followedby_071332  

These units are on the second story of this building, and each one is two stories, so stairs are",[]
20639964,2017055846,STRP # 2017055846,exact,listing_results\20639964\metadata.json,"to explore! 
 TOP GOLF, now in Nashville with music venue Friday and Saturday

Registration Details
STRP # 2017055846",[]
21582620,2017072051,2017072051,exact,listing_results\21582620\metadata.json,"al with all the info about the home and all of my favorite local spots.

Short Term Rental Permit #:2017072051

Guest access
Guests have exclusive access to the entire home, including the:

Rooftop deck with ga",[]
23480720,2018006160,2018006160,exact,listing_results\23480720\metadata.json,"uth side neighborhood, centrally located, minutes to everything Nashville has to offer. STR Permit #2018006160

We have furnished our 3 master bedroom suites with comfortable king beds.  There is also a queen s",[]
23606570,2023003824,2023_003824,formatted,listing_results\23606570\metadata.json,"ants! All other Nashville hots spots are  a quick 5-10 min Uber/Lyft away. 

Nashville STR Permit # 2023_003824

The space
The space exudes an elevated luxury atmosphere with a spark of playfulness. The vaulted",[]
23921618,2022009283,2022009283,exact,listing_results\23921618\metadata.json,", things to do, & all things #Nashville find us on insta @urbannashvacations.

Registration Details
2022009283",[]
23975379,2022009287,2022009287,exact,listing_results\23975379\metadata.json,"things to do, & all things #Nashville find us on insta (@urbannashvacations).

Registration Details
2022009287",[]
25206528,2018023311,STRP# - 2018023311,exact,listing_results\25206528\metadata.json,"iolations incur a $150 fee.
Quiet hours after 10 PM for a restful experience.

Registration Details
STRP# - 2018023311",[]
25807003,2018012147,2018_followedby_012147,formatted,listing_results\25807003\metadata.json,"aurants in town, and even help you find one of a kind in-home experiences.

The Wade permit number: 2018_followedby_012147, The Argyle permit number: 2018_followedby_012154

Guest access
Both beautiful 3 floor units will b",[]
25807003,2018012154,2018_followedby_012154,formatted,listing_results\25807003\metadata.json,"ind in-home experiences.

The Wade permit number: 2018_followedby_012147, The Argyle permit number: 2018_followedby_012154

Guest access
Both beautiful 3 floor units will be all yours!

Other things to note
Welcome to our",[]
26321010,2016071326,2016_followedby_071326,formatted,listing_results\26321010\metadata.json,"the second story of this building, and each one is two stories, so stairs are a must here. Permit: 2016_followedby_071326  

Tourist Attractions:  
- Nashville's Broadway: Experience vibrant nightlife and live music on Na",[]
26322622,2016071327,2016_followed by_071327,formatted,listing_results\26322622\metadata.json,"sit of $1,000 charged separately before check in for any reservations over 6 months. 

Permit: CASR 2016_followed by_071327  

Additional Notes:
- This home is on the 2nd floor of a walk up only building.  There is no eleva",[]
26329079,2016071328,2016_followed by_071328,formatted,listing_results\26329079\metadata.json,"second story of this building, and each one is two stories, so stairs are a must here. Permit: CASR 2016_followed by_071328.

Guest access
You'll have access to a first come first served parking lot as well as the common ar",[]
27926507,2016071327,2016_followed by_071327,formatted,listing_results\27926507\metadata.json,"ry of this building, and each one is two stories, so stairs are a must here.

Permit: 
Permit: CASR 2016_followed by_071327.

Guest access
You'll have access to TWO units at Cowrite, a first come first served parking lot as",[]
29261515,2018064589,2018064589,exact,listing_results\29261515\metadata.json,"s property is permitted for short term rental by the metropolitan government of Nashville (permit # 2018064589)

Set in downtown Nashville’s South of Broadway neighborhood, the house is steps away from the city",[]
29337128,2019016935,T2019016935,exact,listing_results\29337128\metadata.json,"quartz counters, and stainless-steel appliances before sundown on the private covered patio. Permit T2019016935

Have a night at the Downtown Broadway honky-tonks and Music Row. Experience the Gulch and visit th",[]
33017745,2020018169,T2020018169,exact,listing_results\33017745\metadata.json,"okware, linens. Fast, secure internet, Free Parking. Washer/dryer. The short term rental permit is: T2020018169.

Guest access
Guests have complete access to the condo, with the exception of a small storage clos",[]
34753230,2020008805,2020008805,exact,listing_results\34753230\metadata.json,"l Kitchen, In-Unit Laundry, and a Dedicated Workspace—perfect for stays of 3 days or 3 months.
CASR.2020008805

The space
Vandy Parent Suite 🎓 | Executive King | Free Parking | Near Campus & Hospitals

A Stylis",[]
35868357,2019029954,2019029954,exact,listing_results\35868357\metadata.json,"ght. For these reasons, we use strict disinfection protocol after every stay.

Registration Details
2019029954",[]
38603027,2019058393,2019058393,exact,listing_results\38603027\metadata.json,"world. Message us to start planning your perfect Nashville adventure!

Metro Nashville STR Permit #2019058393",[]
38719402,2021027842,2021027842,exact,listing_results\38719402\metadata.json,"u a guest portal with all the info about the home and all of my favorite local spots.

STR Permit #:2021027842

Guest access
Guests have exclusive access to the entire home, including:
All bedrooms and bathroom",[]
38869807,2019052420,2019052420,exact,listing_results\38869807\metadata.json,"ul.
→ Rest assured, our team is around 24/7 for any emergency that may arise.

Registration Details
2019052420",[]
39031568,2019060805,2019060805,exact,listing_results\39031568\metadata.json,"world. Message us to start planning your perfect Nashville adventure!

Metro Nashville STR Permit #2019060805",[]
39032607,2019060684,2019060684,exact,listing_results\39032607\metadata.json,"world. Message us to start planning your perfect Nashville adventure!

Metro Nashville STR Permit #2019060684",[]
39034225,2019060662,2019060662,exact,listing_results\39034225\metadata.json,"After booking, you will be asked to digitally sign a rental agreement.

Metro Nashville STR Permit #2019060662",[]
39034408,2019060809,2019060809,exact,listing_results\39034408\metadata.json,"world. Message us to start planning your perfect Nashville adventure!

Metro Nashville STR Permit #2019060809",[]
40946172,2019076678,T2019076678,exact,listing_results\40946172\metadata.json,"e is a luxury condo experience. The pool is open March 15. The short term rental permit number is:  T2019076678.

Guest access
Entire condo. Pool, fitness center, outdoor grill and kitchen.

Other things to note",[]
41878338,2018074892,2018074892,exact,listing_results\41878338\metadata.json,"one Arena
★ 5 min walk Lower Broadway
★ 100s of bars & restaurants within a 5-10 min walk!

Permit #2018074892

***We have many other properties with pools - reach out and ask us about them!

Guest access
Smart",[]
41939670,2019076880,2019076880,exact,listing_results\41939670\metadata.json,"opment built in 2019. Modern city living AND a spacious home developed to perfection!!

STR PERMIT #2019076880

Guest access
Guest Access
2 spaces in controlled access parking garage
On Site Concierge
Secure Ke",[]
42047642,2024000206,2024-02-06,formatted,listing_results\42047642\metadata.json,"bars.
No Photography sessions

Other things to note
Absolutely no photography

Registration Details
2024-02-06-510",[]
42519166,2018074891,2018074891,exact,listing_results\42519166\metadata.json,"king comfort, convenience, and easy access to Music City's best attractions and nightlife.

Permit #2018074891

The space
Experience luxury living in the heart of Nashville! This spacious 3-bedroom, 3-bathroom",[]
42922302,2020014780,2020014780,exact,listing_results\42922302\metadata.json,"reet. The pool is located just steps away and you will love the charm it has.

Registration Details
2020014780",[]
43197222,2019060805,2019060805,exact,listing_results\43197222\metadata.json,"world. Message us to start planning your perfect Nashville adventure!

Metro Nashville STR Permit #2019060805, #2019060809",[]
43197222,2019060809,2019060809,exact,listing_results\43197222\metadata.json,"ge us to start planning your perfect Nashville adventure!

Metro Nashville STR Permit #2019060805, #2019060809",[]
43197271,2019060684,2019060684,exact,listing_results\43197271\metadata.json,"world. Message us to start planning your perfect Nashville adventure!

Metro Nashville STR Permit #2019060684, #2019060662",[]
43197271,2019060662,2019060662,exact,listing_results\43197271\metadata.json,"ge us to start planning your perfect Nashville adventure!

Metro Nashville STR Permit #2019060684, #2019060662",[]
43523043,2018068098,2018 #  0680  # 98,formatted,listing_results\43523043\metadata.json,"ding, iron and ironing boards, hairdryers and much more. Come enjoy our place. Metro Permit Number #2018 #  0680  # 98

Guest access
You have the condo all to yourself enjoy the comforts of home.

Other things to note",[]
43523632,2018068152,2018 #  068 # 152,formatted,listing_results\43523632\metadata.json,"ing, iron and ironing boards, hairdryers and much more. Come enjoy our place.  Metro Permit Number #2018 #  068 # 152

Guest access
You have the condo all to yourself enjoy the comforts of home.

Other things to note",[]
43531002,2018068094,2018-068-094,formatted,listing_results\43531002\metadata.json,"yer in unit
– Central A/C + ceiling fan
– Free parking on premises + street parking
– Metro Permit #2018-068-094

Guest access
– Entire apartment + private balcony
– Keyless self check-in via keypad
– Free parkin",[]
43592227,2024000614,2024-06-14,formatted,listing_results\43592227\metadata.json,"edy Club, ML Rose, coffee shops, Kroger, Publix
- 13-min drive: Nashville Zoo

Registration Details
2024-06-14-557",[]
43947232,2020029788,2020029788,exact,listing_results\43947232\metadata.json,is property is permitted for short term rental by the metropolitan government of Nashville (permit #2020029788),[]
44087997,2020033580,2020033580,exact,listing_results\44087997\metadata.json,"private use of entire townhouse.

NB: Permitted for short term rental by City of Nashville (Permit #2020033580)

Guest access
Complete access to the entire condo living spaces.  Guests receive an access code ef",[]
44492250,2020001483,2020_folllowedby_001483,formatted,listing_results\44492250\metadata.json,"e kids!  We are legally operating in accordance with Davidson County short term rental laws, permit 2020_folllowedby_001483.

Guest access
This is a ""whole home"" rental so you will have the entire condo to yourself. The poo",[]
45454692,2020016667,STRP#2020016667,exact,listing_results\45454692\metadata.json,"Other things to note
“Go Blonde” - HGTV Masters of Flip: Season 2, Episode 13

Registration Details
STRP#2020016667",[]
45782248,2018075009,2018075009,exact,listing_results\45782248\metadata.json,"enter, Ryman Auditorium, The Convention Center, Printer's Alley, The Gulch, and much more!

Permit #2018075009

The space
This 3 bedroom, 3 bathroom apartment sleeps 8! Enjoy the Gourmet Kitchen, In-unit washer",[]
46087596,2019023393,2019023393,exact,listing_results\46087596\metadata.json,"der 0.4 m
PH Cocktail 0.4 m
Corsair Distillery 0.3 m
Stock and Barrel - 1.8 m

Registration Details
2019023393",[]
46569933,2019029093,2019followed by 029093,formatted,listing_results\46569933\metadata.json,"py to recommend another property that fits your needs.

Metro Nashville and Davidson County Permit: 2019followed by 029093

Other things to note
Please note that we may collect additional information from you after confirm",[]
46618956,2020072053,2020followedby072053,formatted,listing_results\46618956\metadata.json,"py to recommend another property that fits your needs.

Metro Nashville and Davidson County Permit: 2020followedby072053

Other things to note
Please note that we may collect additional information from you after confirm",[]
46754246,2020068109,2020068109,exact,listing_results\46754246\metadata.json,"s always available to answer any questions or inquiries you may have. Thanks!

Registration Details
2020068109",[]
46930876,2024000801,2024 - 08 - 01,formatted,listing_results\46930876\metadata.json,"stairs. It is not a good fit for people who have trouble with stairs. 

Short Term Rental Permit: #2024 - 08 - 01 - 586",[]
46990708,2024000801,2024 - 08 - 01,formatted,listing_results\46990708\metadata.json,"f stairs. It is not a good fit for people who have trouble with stairs.

Short Term Rental Permit: #2024 - 08 - 01 - 588",[]
46991552,2024000801,2024 - 08 - 01,formatted,listing_results\46991552\metadata.json,"stairs. It is not a good fit for people who have trouble with stairs. 

Short Term Rental Permit: #2024 - 08 - 01 - 587",[]
48097995,2023000801,2023 - 08 - 01,formatted,listing_results\48097995\metadata.json,"stairs. It is not a good fit for people who have trouble with stairs. 

Short Term Rental Permit: #2023 - 08 - 01 - 589",[]
48138164,2018050150,2018050150,exact,listing_results\48138164\metadata.json,"nfection protocols to prioritize your health and wellbeing during every stay.

Registration Details
2018050150",[]
48311229,2018074895,2018074895,exact,listing_results\48311229\metadata.json,"one Arena
★ 5 min walk Lower Broadway
★ 100s of bars & restaurants within a 5-10 min walk!

Permit #2018074895

***We have many other properties with pools - reach out and ask us about them!

Guest access
Smart",[]
48336556,2018073091,2018073091,exact,listing_results\48336556\metadata.json,"ny Meme Montheria Cleaning. We also include light cleaning supplies for your peace-of-mind. 
Permit#2018073091

Guest access
Entire space",[]
48351011,2018071170,2018071170,exact,listing_results\48351011\metadata.json,"mpany Evans Janitorial LLC. We also include light cleaning supplies for your peace-of-mind. 
Permit#2018071170

Guest access
Full unit

Other things to note
You have to send your email to gain access using the",[]
48636632,2021017901,2021017901,exact,listing_results\48636632\metadata.json,is property is permitted for short term rental by the metropolitan government of Nashville (permit #2021017901),[]
48822688,2018073900,2018073900,exact,listing_results\48822688\metadata.json,"recommendations of restaurants and other fun things to checkout in all pockets of the city!

Permit 2018073900

The space
The apartment has an open concept that really helps you spread out and settle in to your",[]
49485615,2018072246,2018072246,exact,listing_results\49485615\metadata.json,"title: 💋Easy walk to Broadway-NASHVEGAS Upscale APT+pool
description: STR PERMIT#2018072246

Our 1st luxury apt in the Burnham building.  I had so much fun designing this one.

PERFECT locati",[]
49837666,2021039846,STRP # - 2021039846,exact,listing_results\49837666\metadata.json,"iolations incur a $150 fee.
Quiet hours after 10 PM for a restful experience.

Registration Details
STRP # - 2021039846",[]
50423798,2021083406,2021083406,exact,listing_results\50423798\metadata.json,"y without a refund.
• Follow us at @kingrentalspropertymgmt for more updates.

Registration Details
2021083406",[]
50486022,2021035154,2021followedby035154,formatted,listing_results\50486022\metadata.json,"another property that fits your needs.

Metro Nashville & Davidson County Short Term Rental Permit 2021followedby035154

Other things to note
Please note that we may collect additional information from you after confirm",[]
510836983579042075,2018068408,2018068408,exact,listing_results\510836983579042075\metadata.json,"than wonderful!

NOTE: Email address is required for app access to the property.

Business Permit #2018068408",[]
51585652,2018072150,2018072150,exact,listing_results\51585652\metadata.json,"rything that you could possibly need for a relaxing and enjoyable stay. Perfect Getaway!!!! PERMIT #2018072150

The space
This one bedroom apartment is beautifully decorated with great photo opportunities. Prop",[]
52078262,2021082318,2021082318,exact,listing_results\52078262\metadata.json,"locked.

There are a lot stairs for this townhome so be mindful when booking.

Registration Details
2021082318",[]
52248270,2018074907,2018074907,exact,listing_results\52248270\metadata.json,"daily & rates vary $20-$40/night. Other parking lots walking distance. 

◈Short term rental permit #2018074907",[]
53234679,2024001109,2024-11-09,formatted,listing_results\53234679\metadata.json,"a discount code will be provided.
You can purchase & enjoy in your own home!

Registration Details
2024-11-09-600",[]
53314068,2021039846,STRP# - 2021039846,exact,listing_results\53314068\metadata.json,"iolations incur a $150 fee.
Quiet hours after 10 PM for a restful experience.

Registration Details
STRP# - 2021039846",[]
53328346,2021039851,STRP# - 2021039851,exact,listing_results\53328346\metadata.json,"iolations incur a $150 fee.
Quiet hours after 10 PM for a restful experience.

Registration Details
STRP# - 2021039851",[]
53432217,2021071036,2021 _ 0710 _ 36,formatted,listing_results\53432217\metadata.json,"l monitoring system that we use to keep in accordance with local noise regulations.

Permit Number: 2021 _ 0710 _ 36",[]
53864017,2018072318,2018072318,exact,listing_results\53864017\metadata.json,"idgestone Arena, Nissan Stadium, The Music City Center, Printer's Alley, and so much more!

Permit #2018072318

The space
This very spacious 2 bedroom, 2 bathroom apartment that sleeps 6 located on the top floo",[]
54113072,2023052021,2023052021,exact,listing_results\54113072\metadata.json,"group events. Contact Ashley for more details and to personalize your stay.""

Registration Details
2023052021",[]
548694353751769419,2021077359,2021077359,exact,listing_results\548694353751769419\metadata.json,"- 10 minutes from Belmont University
- 10 minutes from Vanderbilt University

Registration Details
2021077359",[]
554287588825431282,2017056041,2017 followed by 056041,formatted,listing_results\554287588825431282\metadata.json,"at nearby restaurants Thai Esane, Pour House Burgers, and Bourbon and Brews.

Local Permit: Issued 2017 followed by 056041

Guest access
As our guest, you'll have full access to the entire property, except for a few areas",[]
554429675255632025,2018072329,2018072329,exact,listing_results\554429675255632025\metadata.json,"ium, The Convention Center, Honky-Tonks, Printer's Alley, Ole Smoky Moonshine & much more!

Permit #2018072329

The space
Please note this building is in the very heart of downtown Nashville. We are not respons",[]
560117787898033346,2018062993,2018062993,exact,listing_results\560117787898033346\metadata.json,"we have you covered.

We also offer preferred/secure parking for just $30 per day.

AIRBNB permit #2018062993

The space
This 2 bedroom, 2 bathroom loft style apartment is nestled in downtown Nashville just 3",[]
568827195098153703,2022006478,2022006478,exact,listing_results\568827195098153703\metadata.json,"listing details and agree to our terms and conditions.

Nashville Permit Issued in 2022 Followed By:2022006478

Guest access
Guest will have access to the entire home with garage parking.

Other things to note",[]
568827195098153703,2022202200,2022 Followed By:202200,formatted,listing_results\568827195098153703\metadata.json,"ou have read the listing details and agree to our terms and conditions.

Nashville Permit Issued in 2022 Followed By:2022006478

Guest access
Guest will have access to the entire home with garage parking.

Other things to n",[]
568827259835631368,2022006479,2022006479,exact,listing_results\568827259835631368\metadata.json,"listing details and agree to our terms and conditions.

Nashville Permit Issued in 2022 Followed By:2022006479

Guest access
Guest will have access to the entire home with garage parking.

Other things to note",[]
568827259835631368,2022202200,2022 Followed By:202200,formatted,listing_results\568827259835631368\metadata.json,"ou have read the listing details and agree to our terms and conditions.

Nashville Permit Issued in 2022 Followed By:2022006479

Guest access
Guest will have access to the entire home with garage parking.

Other things to n",[]
576798626240165828,2018071610,2018071610,exact,listing_results\576798626240165828\metadata.json,"TV 

Be sure to 🧡 my listing to your Airbnb Wish List so you can find me easily next time!

Permit #2018071610

Guest access
I have 1 gated parking spot available for you to enjoy during your stay! ($25 nightly",[]
577389453865116939,2018070974,2018070974,exact,listing_results\577389453865116939\metadata.json,"o note
This rental has the appropriate Short Term Rental Permit from the City of Nashville (permit #2018070974).

*Amenity closures due to repairs or other issues are out of the host's control and no reimbursem",[]
578247685889708114,2022006478,2022006478,exact,listing_results\578247685889708114\metadata.json,"details and agree to our terms and conditions.

Unit 1 Nashville Permit Issued in 2022 Followed By:2022006478
Unit 2 Nashville Permit Issued in 2022 Followed By:2022006479

Guest access
Guest will have access",[]
578247685889708114,2022006479,2022006479,exact,listing_results\578247685889708114\metadata.json,"lle Permit Issued in 2022 Followed By:2022006478
Unit 2 Nashville Permit Issued in 2022 Followed By:2022006479

Guest access
Guest will have access to the entire home with garage parking.

Other things to note",[]
578247685889708114,2022202200,2022 Followed By:202200,formatted,listing_results\578247685889708114\metadata.json,"read the listing details and agree to our terms and conditions.

Unit 1 Nashville Permit Issued in 2022 Followed By:2022006478
Unit 2 Nashville Permit Issued in 2022 Followed By:2022006479

Guest access
Guest will have acc",[]
585039179321306022,2024000801,2024 - 08 - 01,formatted,listing_results\585039179321306022\metadata.json,"stairs. It is not a good fit for people who have trouble with stairs. 

Short Term Rental Permit: #2024 - 08 - 01 - 585",[]
587575890395310833,2023016967,2023016967,exact,listing_results\587575890395310833\metadata.json,"age and the backyard (behind the garage) are off limits.

Other things to note
Short Rental Permit #2023016967 

Minimum Rental Age:  21+

Pets are NOT permitted.

No Smoking Inside/No Smoking Outside/No Smoker",[]
595464065104377190,2018073881,2018073881,exact,listing_results\595464065104377190\metadata.json,"title: Burnham 235 Downtown Delight!! Walk To Broadway!
description: Permit number:2018073881

Luxury apartment in the heart of downtown! FREE PARKING!! Just a block to Bridgestone Arena and Br",[]
596505881161642761,2018070449,2018_070449,formatted,listing_results\596505881161642761\metadata.json,"rnham 234! Nashvegas Gem!  Walk to Broadway!
description: HVAC is currently broken!

Permit number: 2018_070449

Luxury apartment in the heart of downtown! FREE PARKING!! Just a block to Bridgestone Arena and Br",[]
599578723527881452,2024000801,2024 - 08 - 01,formatted,listing_results\599578723527881452\metadata.json,"stairs. It is not a good fit for people who have trouble with stairs. 

Short term rental permit: #2024 - 08 - 01 - 584",[]
602195614249968499,2018073094,2018073094,exact,listing_results\602195614249968499\metadata.json,"ny Meme Montheria Cleaning. We also include light cleaning supplies for your peace-of-mind. 
Permit#2018073094",[]
623980978998472385,2022009211,2022009211,exact,listing_results\623980978998472385\metadata.json,"isting details and agree to our terms and conditions.

Nashville Permit Issued in 2022, followed by:2022009211

Guest access
Guest will have access to the entire home with garage parking.

Other things to note",[]
640999393041578494,2022024653,2022024653,exact,listing_results\640999393041578494\metadata.json,"odate your request. 

Minimum age requirement to rent is 25 years old.

Metro Nashville STR Permit #2022024653",[]
640999465821141503,2022024660,2022024660,exact,listing_results\640999465821141503\metadata.json,"odate your request. 

Minimum age requirement to rent is 25 years old.

Metro Nashville STR Permit #2022024660",[]
6644226,2019016442,2019016442,exact,listing_results\6644226\metadata.json,"nder the stars. Please note: second bedroom is a lofted space accessed by ladder staircase. Permit #2019016442

The space
-Wifi
-Queen bed 
-Two twin beds in loft
-Electric fireplace
-Full kitchen
-Smart TV: ac",[]
666148849585774599,2022027710,2022027710,exact,listing_results\666148849585774599\metadata.json,"odate your request. 

Minimum age requirement to rent is 25 years old.

Metro Nashville STR Permit #2022027710",[]
674736390816097045,2022056649,2022056649,exact,listing_results\674736390816097045\metadata.json,"the building is beyond our control and not eligible for refunds.

Registration Details
STR Permit #2022056649",[]
677612562784017639,2022000804,2022-08-04,formatted,listing_results\677612562784017639\metadata.json,"town Nashville

6min drive to Vanderbilt University

4min drive to Belmont University

STRP PERMIT #2022-08-04-378",[]
682587992739170189,2018072258,2018072258,exact,listing_results\682587992739170189\metadata.json,"ool, or kick back and enjoy beer & game night in the comfort of this beautiful apartment.

Permit #:2018072258 TA-DA

The space
All the action of downtown Nashville is just steps away from this newly designed a",[]
690508592669092474,2022057440,T2022057440,exact,listing_results\690508592669092474\metadata.json,"ted spot for guests to use, as well as additional guest parking.

Other things to note
STR Permit # T2022057440",[]
696886403811016526,2022056140,2022056140,exact,listing_results\696886403811016526\metadata.json,"comfortable navigating stairs during their stay if they choose not to use it.

Registration Details
2022056140",[]
709999740983796923,2020078204,2020078204,exact,listing_results\709999740983796923\metadata.json,"as a topper on the sleeper sofa or instead of the sofa. 
Max guest count is 4 people.

City Permit #2020078204",[]
719564144890480502,2018076950,2018076950,exact,listing_results\719564144890480502\metadata.json,"on the premises.
☑︎ Streaming services available with guests’ own account(s)

Registration Details
2018076950",[]
720510768548879114,2022059420,2022059420,exact,listing_results\720510768548879114\metadata.json,"date your request. 
 
Minimum age requirement to rent is 25 years old.

Metro Nashville STR Permit #2022059420",[]
721565443697930856,2022059423,2022059423,exact,listing_results\721565443697930856\metadata.json,"odate your request. 

Minimum age requirement to rent is 25 years old.

Metro Nashville STR Permit #2022059423",[]
734118956626903937,2018071744,2018071744,exact,listing_results\734118956626903937\metadata.json,"the suite is thoroughly cleaned and sanitized immediately after check-out by our cleaners. 
Permit #2018071744

Guest access
Entire space

Other things to note
There is also a pull out single person Cot located",[]
734917064397899218,2018072377,2018072377,exact,listing_results\734917064397899218\metadata.json,"I also have another unit in the building that may be available to accommodate another 6!*

Permit #2018072377

The space
**Spacious Suite with 3 Beds – Pool Access, 65” Fire TV, and Top Amenities!**

Welcome t",[]
740802264281070007,2022059386,2022059386,exact,listing_results\740802264281070007\metadata.json,"ant to be :) Our guests will enjoy a queen bed, as well as comfortable day bed w/trundle.

Permit: #2022059386

The space
Guests will have access to our entire unit. Access to shared spaces such as the pool, gy",[]
744741378455883584,2022069853,2022069853,exact,listing_results\744741378455883584\metadata.json,"odate your request. 

Minimum age requirement to rent is 25 years old.

Metro Nashville STR Permit #2022069853",[]
747048779335417236,2022059380,2022059380,exact,listing_results\747048779335417236\metadata.json,"lost key”  fee if the key fob AND tab are not returned to the lockbox.

Other things to note
Permit#2022059380

Sentral SoBro is one of a few Airbnb dedicated buildings in the South Broadway area! If you are lo",[]
752798993421976569,2022063185,2022063185,exact,listing_results\752798993421976569\metadata.json,"that neighbor rights and house rules will be respected. NO DISRUPTIVE GUESTS.

Registration Details
2022063185",[]
760795387972659439,2018074603,2018074603,exact,listing_results\760795387972659439\metadata.json,"ance, as we are unable to offer refunds outside the parameters of the cancellation policy.

Permit #2018074603",[]
761192863007544136,2022050510,2022050510,exact,listing_results\761192863007544136\metadata.json,"itness center. There's multiple spaces for work and play, Literally the best complex! 

STR Permit #2022050510

The space
This cozy and stylish unit is a beautiful 1 BR apartment with amazing and comfortable fu",[]
761628149821536717,2018071413,2018071413,exact,listing_results\761628149821536717\metadata.json,"ance, as we are unable to offer refunds outside the parameters of the cancellation policy.

Permit #2018071413",[]
761645263077819204,2018073003,2018073003,exact,listing_results\761645263077819204\metadata.json,"ance, as we are unable to offer refunds outside the parameters of the cancellation policy.

Permit #2018073003",[]
761647784225875908,2018070937,2018070937,exact,listing_results\761647784225875908\metadata.json,"ance, as we are unable to offer refunds outside the parameters of the cancellation policy.

Permit #2018070937",[]
770320003270085942,2018073733,2018073733,exact,listing_results\770320003270085942\metadata.json,"ance, as we are unable to offer refunds outside the parameters of the cancellation policy.

Permit #2018073733",[]
770322354316585681,2018073444,2018073444,exact,listing_results\770322354316585681\metadata.json,"ance, as we are unable to offer refunds outside the parameters of the cancellation policy.

Permit #2018073444",[]
770323970540595053,2018073718,2018073718,exact,listing_results\770323970540595053\metadata.json,"ance, as we are unable to offer refunds outside the parameters of the cancellation policy.

Permit #2018073718",[]
770327832921082277,2018072147,2018072147,exact,listing_results\770327832921082277\metadata.json,"ance, as we are unable to offer refunds outside the parameters of the cancellation policy.

Permit #2018072147",[]
770329181952729390,2018074812,2018074812,exact,listing_results\770329181952729390\metadata.json,"ance, as we are unable to offer refunds outside the parameters of the cancellation policy.

Permit #2018074812",[]
772392693786100523,2022069856,2022069856,exact,listing_results\772392693786100523\metadata.json,"odate your request. 

Minimum age requirement to rent is 25 years old.

Metro Nashville STR Permit #2022069856",[]
773820951645995634,2018074798,2018074798,exact,listing_results\773820951645995634\metadata.json,"ance, as we are unable to offer refunds outside the parameters of the cancellation policy.

Permit #2018074798",[]
773835157058949008,2018074627,2018074627,exact,listing_results\773835157058949008\metadata.json,"rance, as we are unable to offer refunds outside the parameters of the cancellation policy.
Permit #2018074627",[]
773862123070478091,2018072018,2018072018,exact,listing_results\773862123070478091\metadata.json,"ance, as we are unable to offer refunds outside the parameters of the cancellation policy.

Permit #2018072018",[]
773867548208046674,2018074380,2018074380,exact,listing_results\773867548208046674\metadata.json,"ance, as we are unable to offer refunds outside the parameters of the cancellation policy.

Permit #2018074380",[]
773871910225827657,2018073150,2018073150,exact,listing_results\773871910225827657\metadata.json,"ance, as we are unable to offer refunds outside the parameters of the cancellation policy.

Permit #2018073150",[]
775471784356647490,2021039840,STRP# - 2021039840,exact,listing_results\775471784356647490\metadata.json,"iolations incur a $150 fee.
Quiet hours after 10 PM for a restful experience.

Registration Details
STRP# - 2021039840 & 2021039846",[]
775471784356647490,2021039846,2021039846,exact,listing_results\775471784356647490\metadata.json,"0 fee.
Quiet hours after 10 PM for a restful experience.

Registration Details
STRP# - 2021039840 & 2021039846",[]
781337906824914582,2018068410,2018068410,exact,listing_results\781337906824914582\metadata.json,"ance, as we are unable to offer refunds outside the parameters of the cancellation policy.

Permit #2018068410",[]
781349842275236754,2018074160,2018074160,exact,listing_results\781349842275236754\metadata.json,"ance, as we are unable to offer refunds outside the parameters of the cancellation policy.

Permit #2018074160",[]
781784785234922743,2018074623,2018074623,exact,listing_results\781784785234922743\metadata.json,"ance, as we are unable to offer refunds outside the parameters of the cancellation policy.

Permit #2018074623",[]
781795947906002071,2018074627,2018074627,exact,listing_results\781795947906002071\metadata.json,"ance, as we are unable to offer refunds outside the parameters of the cancellation policy.

Permit #2018074627",[]
781808545616413967,2018071013,2018071013,exact,listing_results\781808545616413967\metadata.json,"ance, as we are unable to offer refunds outside the parameters of the cancellation policy.

Permit #2018071013",[]
781816111049641146,2018068406,2018068406,exact,listing_results\781816111049641146\metadata.json,"ance, as we are unable to offer refunds outside the parameters of the cancellation policy.

Permit #2018068406",[]
781860613052141357,2021039840,STRP# -2021039840,exact,listing_results\781860613052141357\metadata.json,"iolations incur a $150 fee.
Quiet hours after 10 PM for a restful experience.

Registration Details
STRP# -2021039840",[]
785407125645059947,2019031861,STRP# - 2019031861,exact,listing_results\785407125645059947\metadata.json,"iolations incur a $150 fee.
Quiet hours after 10 PM for a restful experience.

Registration Details
STRP# - 2019031861",[]
786087507904827238,2018073041,2018073041,exact,listing_results\786087507904827238\metadata.json,"ance, as we are unable to offer refunds outside the parameters of the cancellation policy.

Permit #2018073041",[]
786102181041983214,2018074496,2018074496,exact,listing_results\786102181041983214\metadata.json,"ance, as we are unable to offer refunds outside the parameters of the cancellation policy.

Permit #2018074496",[]
786108876289338247,2018070958,2018070958,exact,listing_results\786108876289338247\metadata.json,"rance, as we are unable to offer refunds outside the parameters of the cancellation policy.
Permit #2018070958",[]
786137144000587818,2018071746,2018071746,exact,listing_results\786137144000587818\metadata.json,"ance, as we are unable to offer refunds outside the parameters of the cancellation policy.

Permit #2018071746",[]
786143260802026530,2018071447,2018071447,exact,listing_results\786143260802026530\metadata.json,"ance, as we are unable to offer refunds outside the parameters of the cancellation policy.

Permit #2018071447",[]
789850633150697413,2024001121,2024-11-21,formatted,listing_results\789850633150697413\metadata.json,"Also, the City of Berry Hill's STR regulations are in the binder on the desk.

Registration Details
2024-11-21-604",[]
791680981169139565,2023089978,2023089978,exact,listing_results\791680981169139565\metadata.json,"es early.
━━━━━━━━━━━━━━━━━━━━━━━━━━━━━━━━━━━━━━━━

Guest access
Entire home.

Registration Details
2023089978",[]
792956172139634710,2018071166,2018071166,exact,listing_results\792956172139634710\metadata.json,"o note
This rental has the appropriate Short Term Rental Permit from the City of Nashville (permit #2018071166).

*Amenity closures due to repairs or other issues are out of the host's control and no reimbursem",[]
794371072137801028,2023089983,2023089983,exact,listing_results\794371072137801028\metadata.json,"d other remains are cleaned up prior to leaving or cleaning fees will result.

Registration Details
2023089983",[]
800655737587392996,2022081139,2022081139,exact,listing_results\800655737587392996\metadata.json,"cleaning fee.
• Check in is at 4:00 PM and checkout is at 10:00 AM.

Registration Details
Permit # 2022081139",[]
811760253278959562,2020007844,2020007844,exact,listing_results\811760253278959562\metadata.json,"A few closets are locked for owner supplies and are not accessible to guests.

Registration Details
2020007844",[]
811760270290984618,2020007819,2020007819,exact,listing_results\811760270290984618\metadata.json,"ked individually. Please visit our host profile to see the separate listings.

Registration Details
2020007819 / 2020007844",[]
811760270290984618,2020007844,2020007844,exact,listing_results\811760270290984618\metadata.json,"lly. Please visit our host profile to see the separate listings.

Registration Details
2020007819 / 2020007844",[]
811760803318291661,2020007819,2020007819,exact,listing_results\811760803318291661\metadata.json,"elebration feels easy, and there’s always room for everyone to be part of it.

Registration Details
2020007819",[]
824006085519898959,2018062992,2018062992,exact,listing_results\824006085519898959\metadata.json,"rance, as we are unable to offer refunds outside the parameters of the cancellation policy.
Permit #2018062992",[]
839879058530889972,2023089978,2023089978,exact,listing_results\839879058530889972\metadata.json,"mont Emergency Nashville line and inform the host after exiting the premises.

Registration Details
2023089978, 2023089983",[]
839879058530889972,2023089983,2023089983,exact,listing_results\839879058530889972\metadata.json,"cy Nashville line and inform the host after exiting the premises.

Registration Details
2023089978, 2023089983",[]
866128630306523878,2018070965,2018070965,exact,listing_results\866128630306523878\metadata.json,"oard games also available in unit

Single car paid parking available for $35.00 per night.

PERMIT #2018070965

Guest access
As our guest you have the entire condo to yourself, including a full kitchen and love",[]
871132867713747786,2024001121,2024-11-21,formatted,listing_results\871132867713747786\metadata.json,"Also, the City of Berry Hill's STR regulations are in the binder on the desk.

Registration Details
2024-11-21-603",[]
908578152098485689,2025000410,2025-04-10,formatted,listing_results\908578152098485689\metadata.json,", and game room. Self-check-in via smart lock ensures a seamless arrival.

Registration Details
STR 2025-04-10-632",[]
909295950605121644,2023047043,2023047043,exact,listing_results\909295950605121644\metadata.json,"t to be aware of surroundings outside of the building.

We can't wait to welcome you!

 
STR Permit#2023047043",[]
913016465394060695,2025000410,2025-04-10,formatted,listing_results\913016465394060695\metadata.json,"help!

Hope you enjoy your stay in Nashville!

Guest access
Entire home

Registration Details
STR # 2025-04-10-633",[]
920527651236932398,2022050422,2022050422,exact,listing_results\920527651236932398\metadata.json,", couples and business travelers with many restaurants, bar and shopping walking distance.

Permit #2022050422

The space
This Luxury 2 bedroom apartment is designed to give you a high-end & comfortable experie",[]
953612781341164650,2023045754,2023045754,exact,listing_results\953612781341164650\metadata.json,"listing details and agree to our terms and conditions.

Nashville Permit issued in 2023 followed by:2023045754

Guest access
Guest will have access to the entire unit, including first come, first served garage",[]
953612781341164650,2023202304,2023 followed by:202304,formatted,listing_results\953612781341164650\metadata.json,"ou have read the listing details and agree to our terms and conditions.

Nashville Permit issued in 2023 followed by:2023045754

Guest access
Guest will have access to the entire unit, including first come, first served gar",[]
955265783076209013,2018062990,2018062990,exact,listing_results\955265783076209013\metadata.json,"pace available for $35/night

Additional paid public parking options are available nearby.

Permit #2018062990

Guest access
Guests will have full private access to the apartment and shared access to the buildi",[]
958861774124092830,2023049849,2023049849,exact,listing_results\958861774124092830\metadata.json,"ville: Experience Your Stay, Design by Injoy Vacations

Guest access
Door App

Registration Details
2023049849",[]
961551672450846483,2023058651,CASR-2023058651,exact,listing_results\961551672450846483\metadata.json,"•	Self check-in with smart lock
•	Elevator access
•	Laptop-friendly workspace

Registration Details
CASR-2023058651",[]
964561745830436069,2022050230,T2022050230,exact,listing_results\964561745830436069\metadata.json,"Building amenities/common spaces are shared with other guests in the building.

STR Permit number:T2022050230.",[]
965478523855622937,2022050472,2022050472,exact,listing_results\965478523855622937\metadata.json,"ree parking – ensuring your comfort and peace of mind throughout your visit.

Other things to note
#2022050472

Registration Details
2022050472",[]
965998598023380880,2022006219,2022006219,exact,listing_results\965998598023380880\metadata.json,"tchen, pool and gym — a modern luxury community minutes from Downtown and the Gulch. 
Local permit #2022006219
As part of the Illume community, this 1BR/1BA combines the amenities of a luxury hotel with the com",[]
973853057215882081,2018072333,2018072333,exact,listing_results\973853057215882081\metadata.json,"yle pool, or kick back and enjoy beer & game night on the apartment patio & green space. 

Permit #:2018072333 TA-DA",[]
983325916960035800,2023045880,2023045880,exact,listing_results\983325916960035800\metadata.json,"listing details and agree to our terms and conditions.

Nashville Permit Issued In 2023 followed by:2023045880

Guest access
Guest will have access to the entire unit including garage parking. Parking is first",[]
983325916960035800,2023202304,2023 followed by:202304,formatted,listing_results\983325916960035800\metadata.json,"ou have read the listing details and agree to our terms and conditions.

Nashville Permit Issued In 2023 followed by:2023045880

Guest access
Guest will have access to the entire unit including garage parking. Parking is fi",[]
990639021722503807,2015017031,2015_followed by_17031,formatted,listing_results\990639021722503807\metadata.json,"it of $1,000 charged separately before check-in for any reservations over 6 months.  

Permit: CASR 2015_followed by_17031  

Attractions:  
- Nashville's Music Row: Experience the heartbeat of Nashville's music industry a",[]
997954916078745456,2022050460,STRP2022050460,exact,listing_results\997954916078745456\metadata.json,"ace is designed to comfortably accommodate groups while still offering privacy when needed.

Permit#STRP2022050460

Guest access
Rooftop Pool, Gym & Social Spaces

Guests have access to premium building amenities d",[]
998606271396283828,2021056518,2021056518,exact,listing_results\998606271396283828\metadata.json,"estions at all, please don’t hesitate to reach out—we’re happy to help!

Short term rental permit: #2021056518",[]
