Address,Unit Number,Permit Number,Expiration date,APN,Rental Agent Name,Rental Agent Email,Rental Agent Phone,Owner Occupied vs Non-Owner Occupied,Bedrooms,Parking Spaces,Max. occupancy,Historic District
501 EAST MCDONOUGH ST  SAVANNAH GA 31401,A,SVR-00001,2027-07-16,2001408010,Heather Bailey,savannahpiedaterre@gmail.com,8439914962,Type 2: Non-Owner-Occupied STVR Certificate,2,,6,SAVANNAH DOWNTOWN HISTORIC DISTRICT
101 EAST GASTON ST  SAVANNAH GA 31401,14-A,SVR-01006,2027-01-28,2003260030,Lucky Savannah Vacation Rentals,owners@luckysavannah.com,9124958582,Type 2: Non-Owner-Occupied STVR Certificate,2,1,6,SAVANNAH DOWNTOWN HISTORIC DISTRICT
110 EAST OGLETHORPE AVE  SAVANNAH GA 31401,B,SVR-01008,2026-09-10,2001507010,Lucky Savannah Vacation Rentals,owners@luckysavannah.com,9124958582,Type 2: Non-Owner-Occupied STVR Certificate,1,2,4,SAVANNAH DOWNTOWN HISTORIC DISTRICT
537 EAST CHARLTON ST  SAVANNAH GA 31401,,SVR-01009,2027-08-03,2001419055,Lucky Savannah Vacation Rentals,owners@luckysavannah.com,9124958582,Type 2: Non-Owner-Occupied STVR Certificate,3,,8,SAVANNAH DOWNTOWN HISTORIC DISTRICT
530 EAST BROUGHTON ST  SAVANNAH GA 31401,,SVR-01018,2027-01-28,2000515007,Lucky Savannah Vacation Rentals,owners@luckysavannah.com,9124958582,Type 2: Non-Owner-Occupied STVR Certificate,4,2,10,SAVANNAH DOWNTOWN HISTORIC DISTRICT
532 EAST BROUGHTON ST  SAVANNAH GA 31401,,SVR-01019,2027-01-28,2000515006,Lucky Savannah Vacation Rentals,owners@luckysavannah.com,9124958582,Type 2: Non-Owner-Occupied STVR Certificate,2,1,6,SAVANNAH DOWNTOWN HISTORIC DISTRICT
115 WEST HUNTINGDON ST  SAVANNAH GA 31401,,SVR-01021,2027-02-22,2003257009,CYNTHIA PRUTZMAN,prutzmanc@yahoo.com,9126567739,Type 2: Non-Owner-Occupied STVR Certificate,2,,6,SAVANNAH DOWNTOWN HISTORIC DISTRICT
516  TATTNALL ST  SAVANNAH GA 31401,,SVR-01022,2027-05-03,2003255015,Rexanna Lester,rexanna.lester@gmail.com,9128970641,Type 2: Non-Owner-Occupied STVR Certificate,2,1,6,SAVANNAH DOWNTOWN HISTORIC DISTRICT
422 EAST STATE ST  SAVANNAH GA 31401,,SVR-01025,2027-07-07,2000449011,RONALD A & KAREN M WASHBURN,kwashburnsav@gmail.com,9126574650,Type 2: Non-Owner-Occupied STVR Certificate,4,3,10,SAVANNAH DOWNTOWN HISTORIC DISTRICT
326 EAST HARRIS ST  SAVANNAH GA 31401,,SVR-01026,2027-02-27,2001531010,324 E Harris St LLC,324eharrisst@gmail.com,9128009004,Type 2: Non-Owner-Occupied STVR Certificate,1,2,4,SAVANNAH DOWNTOWN HISTORIC DISTRICT
324 EAST HARRIS ST  SAVANNAH GA 31401,,SVR-01027,2027-02-27,2001531010,324 E Harris St LLC,324eharrisst@gmail.com,9128009004,Type 2: Non-Owner-Occupied STVR Certificate,3,,8,SAVANNAH DOWNTOWN HISTORIC DISTRICT
111 WEST HUNTINGDON ST  SAVANNAH GA 31401,,SVR-01029,2027-02-22,2003257010,BETTY ROANE,pias917@aol.com,9122475762,Type 2: Non-Owner-Occupied STVR Certificate,3,,8,SAVANNAH DOWNTOWN HISTORIC DISTRICT
315 EAST HALL ST  SAVANNAH GA 31401,A,SVR-01030,2027-06-26,2004402034,Kenneth Richards,krichards@vantoshco.com,9124296278,Type 2: Non-Owner-Occupied STVR Certificate,1,1,4,SAVANNAH DOWNTOWN HISTORIC DISTRICT
218 EAST BAY ST  SAVANNAH GA 31401,218,SVR-01031,2026-12-13,2000411003,24square Inc,24squaresavannah@gmail.com,9787667088,Type 2: Non-Owner-Occupied STVR Certificate,1,,4,SAVANNAH DOWNTOWN HISTORIC DISTRICT
101 EAST GASTON ST  SAVANNAH GA 31401,9-B,SVR-01034,2027-01-28,2003260023,Lucky Savannah Vacation Rentals,owners@luckysavannah.com,9124958582,Type 2: Non-Owner-Occupied STVR Certificate,1,1,4,SAVANNAH DOWNTOWN HISTORIC DISTRICT
101 EAST GASTON ST  SAVANNAH GA 31401,9-A,SVR-01035,2027-01-28,2003260022,Lucky Savannah Vacation Rentals,owners@luckysavannah.com,9124958582,Type 2: Non-Owner-Occupied STVR Certificate,2,1,6,SAVANNAH DOWNTOWN HISTORIC DISTRICT
424 EAST YORK LN  SAVANNAH GA 31401,Carriage House,SVR-00105,2027-08-28,2001504014,Lucky Savannah Vacation Rentals,owners@luckysavannah.com,9124958582,Type 2: Non-Owner-Occupied STVR Certificate,1,,4,SAVANNAH DOWNTOWN HISTORIC DISTRICT
"101 E GASTON ST 8B, SAVANNAH, GA, 31401",,SVR-01036,2027-01-28,2003260021,Lucky Savannah Vacation Rentals,owners@luckysavannah.com,9124958582,Type 2: Non-Owner-Occupied STVR Certificate,1,1,4,SAVANNAH DOWNTOWN HISTORIC DISTRICT
101 EAST GASTON ST  SAVANNAH GA 31401,8-A,SVR-01037,2027-01-28,2003260020,Lucky Savannah Vacation Rentals,owners@luckysavannah.com,9124958582,Type 2: Non-Owner-Occupied STVR Certificate,2,1,6,SAVANNAH DOWNTOWN HISTORIC DISTRICT
"101 E GASTON ST 6A, SAVANNAH, GA, 31401",6-A,SVR-01038,2027-01-28,2003260016,Lucky Savannah Vacation Rentals,owners@luckysavannah.com,9124958582,Type 2: Non-Owner-Occupied STVR Certificate,2,1,6,SAVANNAH DOWNTOWN HISTORIC DISTRICT
"101 E GASTON ST 5A, SAVANNAH, GA, 31401",,SVR-01039,2027-01-28,2003260014,Lucky Savannah Vacation Rentals,owners@luckysavannah.com,9124958582,Type 2: Non-Owner-Occupied STVR Certificate,2,1,6,SAVANNAH DOWNTOWN HISTORIC DISTRICT
"101 E GASTON ST 4B, SAVANNAH, GA, 31401",,SVR-01040,2027-01-28,2003260013,Lucky Savannah Vacation Rentals,owners@luckysavannah.com,9124958582,Type 2: Non-Owner-Occupied STVR Certificate,1,1,4,SAVANNAH DOWNTOWN HISTORIC DISTRICT
"101 E GASTON ST 4A, SAVANNAH, GA, 31401",4-A,SVR-01041,2027-01-28,2003260012,Lucky Savannah Vacation Rentals,owners@luckysavannah.com,9124958582,Type 2: Non-Owner-Occupied STVR Certificate,2,1,6,SAVANNAH DOWNTOWN HISTORIC DISTRICT
101 EAST GASTON ST  SAVANNAH GA 31401,3-A,SVR-01042,2027-01-28,2003260010,Lucky Savannah Vacation Rentals,owners@luckysavannah.com,9124958582,Type 2: Non-Owner-Occupied STVR Certificate,2,1,6,SAVANNAH DOWNTOWN HISTORIC DISTRICT
"101 E GASTON ST 2B, SAVANNAH, GA, 31401",,SVR-01043,2027-01-28,2003260009,Lucky Savannah Vacation Rentals,owners@luckysavannah.com,9124958582,Type 2: Non-Owner-Occupied STVR Certificate,1,1,4,SAVANNAH DOWNTOWN HISTORIC DISTRICT
"101 E GASTON ST 2A, SAVANNAH, GA, 31401",,SVR-01044,2027-01-28,2003260008,Lucky Savannah Vacation Rentals,owners@luckysavannah.com,9124958582,Type 2: Non-Owner-Occupied STVR Certificate,2,1,6,SAVANNAH DOWNTOWN HISTORIC DISTRICT
516 EAST MACON ST  SAVANNAH GA 31401,,SVR-01045,2027-07-26,2001418017,Daniel & Aaron Miller,acmill99@yahoo.com,4043131773,Type 2: Non-Owner-Occupied STVR Certificate,2,,6,SAVANNAH DOWNTOWN HISTORIC DISTRICT
619  HABERSHAM ST  SAVANNAH GA 31401,,SVR-01046,2027-06-22,2004402040,Southern Belle Vacation Rentals,stvr@southernbellevr.com,9122890130,Type 2: Non-Owner-Occupied STVR Certificate,3,,6,SAVANNAH DOWNTOWN HISTORIC DISTRICT
245  BULL ST  SAVANNAH GA 31401,,SVR-01048,2027-02-04,2001528017,Stay Savannah Vacation Rentals,staysavannah@bellsouth.net,8889190008,Type 2: Non-Owner-Occupied STVR Certificate,5,3,12,SAVANNAH DOWNTOWN HISTORIC DISTRICT
105 WEST JONES ST  SAVANNAH GA 31401,3,SVR-01050,2027-03-04,2003217008,Lucky Savannah Vacation Rentals,owners@luckysavannah.com,9124958582,Type 2: Non-Owner-Occupied STVR Certificate,1,,4,SAVANNAH DOWNTOWN HISTORIC DISTRICT
207 WEST BROUGHTON ST  SAVANNAH GA 31401,C,SVR-01056,2027-02-22,2001625003,Lucky Savannah Vacation Rentals,owners@luckysavannah.com,9124958582,Type 2: Non-Owner-Occupied STVR Certificate,3,,8,SAVANNAH DOWNTOWN HISTORIC DISTRICT
207 WEST BROUGHTON ST  SAVANNAH GA 31401,D,SVR-01057,2027-02-22,2001625003,Lucky Savannah Vacation Rentals,owners@luckysavannah.com,9124958582,Type 2: Non-Owner-Occupied STVR Certificate,3,,8,SAVANNAH DOWNTOWN HISTORIC DISTRICT
311  HABERSHAM ST  SAVANNAH GA 31401,,SVR-01058,2027-02-27,2001531010,324 E Harris St LLC,324eharrisst@gmail.com,9128009004,Type 2: Non-Owner-Occupied STVR Certificate,2,1,6,SAVANNAH DOWNTOWN HISTORIC DISTRICT
608  LINCOLN ST  SAVANNAH GA 31401,A,SVR-01059,2026-10-01,2004402022,Joseph Zehler,joseph.zehler@gmail.com,9126652257,Type 2: Non-Owner-Occupied STVR Certificate,1,1,4,SAVANNAH DOWNTOWN HISTORIC DISTRICT
608  LINCOLN ST  SAVANNAH GA 31401,B,SVR-01060,2026-10-01,2004402022,Joseph Zehler,joseph.zehler@gmail.com,9126652257,Type 2: Non-Owner-Occupied STVR Certificate,3,1,8,SAVANNAH DOWNTOWN HISTORIC DISTRICT
222 EAST PARK AVE  SAVANNAH GA 31401,B,SVR-01068,2027-04-04,2004427005,24square Inc,24squaresavannah@gmail.com,9787667088,Type 2: Non-Owner-Occupied STVR Certificate,2,2,6,VICTORIAN HISTORIC DISTRICT
37   MONTGOMERY ST  SAVANNAH GA 31401,,SVR-01078,2027-01-18,2001616001C,Lucky Savannah Vacation Rentals,owners@luckysavannah.com,9124958582,Type 2: Non-Owner-Occupied STVR Certificate,3,,8,SAVANNAH DOWNTOWN HISTORIC DISTRICT
443  TATTNALL ST  SAVANNAH GA 31401,,SVR-01079,2027-01-07,2003240007,Savannah Getaways,kim@savannahgetaways.net,9126569517,Type 2: Non-Owner-Occupied STVR Certificate,2,2,6,SAVANNAH DOWNTOWN HISTORIC DISTRICT
912  JEFFERSON ST  SAVANNAH GA 31401,,SVR-00110,2027-06-12,2004417007,NANCY MAIA,themaiansavannah@gmail.com,9125096881,Type 2: Non-Owner-Occupied STVR Certificate,2,1,4,VICTORIAN HISTORIC DISTRICT
102 EAST 35TH ST  SAVANNAH GA 31401,1A,SVR-01097,2027-07-18,2006501012,Southern Belle Vacation Rentals,stvr@southernbellevr.com,9122890130,Type 2: Non-Owner-Occupied STVR Certificate,1,1,4,STREETCAR HISTORIC DISTRICT
102 EAST 35TH ST  SAVANNAH GA 31401,2,SVR-01098,2027-07-18,2006501012,Southern Belle Vacation Rentals,stvr@southernbellevr.com,9122190130,Type 2: Non-Owner-Occupied STVR Certificate,1,1,4,STREETCAR HISTORIC DISTRICT
102 EAST 35TH ST  SAVANNAH GA 31401,4,SVR-01099,2027-07-18,2006501012,Southern Belle Vacation Rentals,stvr@southernbellevr.com,9122190130,Type 2: Non-Owner-Occupied STVR Certificate,2,1,6,STREETCAR HISTORIC DISTRICT
105  WHITAKER ST  SAVANNAH GA 31401,203,SVR-01100,2027-07-16,2000443036,Lucky Savannah Vacation Rentals,owners@luckysavannah.com,9124958582,Type 2: Non-Owner-Occupied STVR Certificate,2,,6,SAVANNAH DOWNTOWN HISTORIC DISTRICT
111 WEST GWINNETT ST  SAVANNAH GA 31401,,SVR-01102,2027-08-01,2004410001,Chase Stahl,chase@southkeymgmt.com,9128001321,Type 2: Non-Owner-Occupied STVR Certificate,3,3,8,VICTORIAN HISTORIC DISTRICT
309 EAST GASTON ST  SAVANNAH GA 31401,,SVR-01103,2027-06-14,2003250002,Lucky Savannah Vacation Rentals,owners@luckysavannah.com,9124958582,Type 2: Non-Owner-Occupied STVR Certificate,5,2,12,SAVANNAH DOWNTOWN HISTORIC DISTRICT
501 EAST JONES ST  SAVANNAH GA 31401,,SVR-00112,2027-04-17,2003301001,Anderson VIP Concierge LLC,mary@savannahluxuryrentals.com,9125252022,Type 2: Non-Owner-Occupied STVR Certificate,1,,4,SAVANNAH DOWNTOWN HISTORIC DISTRICT
420 EAST GASTON ST  SAVANNAH GA 31401,,SVR-01106,2027-07-26,2003248016A,Lucky Savannah Vacation Rentals,owners@luckysavannah.com,9124958582,Type 2: Non-Owner-Occupied STVR Certificate,2,,4,SAVANNAH DOWNTOWN HISTORIC DISTRICT
206 EAST GWINNETT ST  SAVANNAH GA 31401,,SVR-01109,2027-01-07,2004406006,James Hundsrucker,jhundsrucker@gmail.com,9128441913,Type 2: Non-Owner-Occupied STVR Certificate,3,1,8,SAVANNAH DOWNTOWN HISTORIC DISTRICT
517 EAST GORDON ST  SAVANNAH GA 31401,,SVR-01114,2027-01-28,2003303014,Lucky Savannah Vacation Rentals,owners@luckysavannah.com,9124958582,Type 2: Non-Owner-Occupied STVR Certificate,2,2,6,SAVANNAH DOWNTOWN HISTORIC DISTRICT
5 WEST BROUGHTON ST  SAVANNAH GA 31401,301,SVR-01115,2027-07-23,2000444026,Zachary Tombley,operations@stayblackswan.com,6155517255,Type 2: Non-Owner-Occupied STVR Certificate,2,,6,SAVANNAH DOWNTOWN HISTORIC DISTRICT
503 EAST JONES ST  SAVANNAH GA 31401,,SVR-00113,2027-04-17,2003301001,Anderson VIP Concierge LLC,mary@savannahluxuryrentals.com,9125252022,Type 2: Non-Owner-Occupied STVR Certificate,2,,6,SAVANNAH DOWNTOWN HISTORIC DISTRICT
41 EAST BROAD ST  SAVANNAH GA 31401,A,SVR-01119,2026-10-29,2000515012,South Key Management Company,chase@southkeymgmt.com,9128001321,Type 2: Non-Owner-Occupied STVR Certificate,1,,4,SAVANNAH DOWNTOWN HISTORIC DISTRICT
204 WEST JONES ST  SAVANNAH GA 31401,GARDEN,SVR-01129,2027-06-05,2003128002A,South Key Management Company,chase@southkeymgmt.com,9128001321,Type 2: Non-Owner-Occupied STVR Certificate,1,1,4,SAVANNAH DOWNTOWN HISTORIC DISTRICT
123 EAST JONES ST  SAVANNAH GA 31401,A,SVR-01130,2027-08-06,2003214011,Anderson VIP Concierge LLC,mary@savannahluxuryrentals.com,9125252022,Type 2: Non-Owner-Occupied STVR Certificate,1,,4,SAVANNAH DOWNTOWN HISTORIC DISTRICT
122 WEST JONES ST  SAVANNAH GA 31401,A,SVR-01131,2026-10-27,2001545015,Sabrina Nagel,mountjonesllc@gmail.com,9126318005,Type 2: Non-Owner-Occupied STVR Certificate,1,,4,SAVANNAH DOWNTOWN HISTORIC DISTRICT
41 EAST BROAD ST  SAVANNAH GA 31401,B,SVR-01148,2026-10-29,2000515012,South Key Management Company,chase@southkeymgmt.com,9128001321,Type 2: Non-Owner-Occupied STVR Certificate,1,,4,SAVANNAH DOWNTOWN HISTORIC DISTRICT
43 EAST BROAD ST  SAVANNAH GA 31401,,SVR-01149,2026-10-29,2000515012,South Key Management Company,chase@southkeymgmt.com,9128001321,Type 2: Non-Owner-Occupied STVR Certificate,1,,4,SAVANNAH DOWNTOWN HISTORIC DISTRICT
45 EAST BROAD ST  SAVANNAH GA 31401,,SVR-01150,2026-10-29,2000515012,South Key Management Company,chase@southkeymgmt.com,9128001321,Type 2: Non-Owner-Occupied STVR Certificate,1,,4,SAVANNAH DOWNTOWN HISTORIC DISTRICT
47 EAST BROAD ST  SAVANNAH GA 31401,A,SVR-01151,2026-10-29,2000515012,South Key Management Company,chase@southkeymgmt.com,9128001321,Type 2: Non-Owner-Occupied STVR Certificate,1,,4,SAVANNAH DOWNTOWN HISTORIC DISTRICT
47 EAST BROAD ST  SAVANNAH GA 31401,B,SVR-01152,2026-10-29,2000515012,South Key Management Company,chase@southkeymgmt.com,9128001321,Type 2: Non-Owner-Occupied STVR Certificate,1,,4,SAVANNAH DOWNTOWN HISTORIC DISTRICT
505 EAST JONES ST  SAVANNAH GA 31401,GARDEN,SVR-00117,2027-02-25,2003301002,Anderson VIP Concierge LLC,mary@savannahluxuryrentals.com,9125252022,Type 2: Non-Owner-Occupied STVR Certificate,1,,4,SAVANNAH DOWNTOWN HISTORIC DISTRICT
34  HABERSHAM ST  SAVANNAH GA 31401,B,SVR-01161,2027-07-16,2000442006,Lucky Savannah Vacation Rentals,owners@luckysavannah.com,9124958582,Type 2: Non-Owner-Occupied STVR Certificate,2,1,6,SAVANNAH DOWNTOWN HISTORIC DISTRICT
301 EAST CHARLTON ST  SAVANNAH GA 31401,Carriage House,SVR-01165,2027-06-07,2003209001,Lucky Savannah Vacation Rentals,owners@luckysavannah.com,9124958582,Type 2: Non-Owner-Occupied STVR Certificate,1,,4,SAVANNAH DOWNTOWN HISTORIC DISTRICT
505 EAST JONES ST  SAVANNAH GA 31401,,SVR-00118,2027-02-25,2003301002,Anderson VIP Concierge LLC,mary@savannahluxuryrentals.com,9125252022,Type 2: Non-Owner-Occupied STVR Certificate,2,,6,SAVANNAH DOWNTOWN HISTORIC DISTRICT
122 WEST JONES ST  SAVANNAH GA 31401,C,SVR-01167,2026-10-27,2001545015,Sabrina Nagel,mountjonesllc@gmail.com,9126318005,Type 2: Non-Owner-Occupied STVR Certificate,1,,4,SAVANNAH DOWNTOWN HISTORIC DISTRICT
331  TATTNALL ST  SAVANNAH GA 31401,A,SVR-01173,2027-06-22,2003121003,Southern Belle Vacation Rentals,stvr@southernbellevr.com,9122890130,Type 2: Non-Owner-Occupied STVR Certificate,1,2,4,SAVANNAH DOWNTOWN HISTORIC DISTRICT
311 EAST PARK AVE  SAVANNAH GA 31401,,SVR-01174,2027-02-12,2005302017,24square Inc,24squaresavannah@gmail.com,9787667088,Type 2: Non-Owner-Occupied STVR Certificate,2,2,6,VICTORIAN HISTORIC DISTRICT
311 EAST PARK AVE  SAVANNAH GA 31401,One-half,SVR-01175,2026-09-27,2005302017,24square Inc,24squaresavannah@gmail.com,9787667088,Type 2: Non-Owner-Occupied STVR Certificate,1,1,4,VICTORIAN HISTORIC DISTRICT
515 EAST PERRY ST  SAVANNAH GA 31401,,SVR-01177,2027-08-16,2001410016A,Sharon O'Connor,sharono100@hotmail.com,4047867548,Type 2: Non-Owner-Occupied STVR Certificate,2,1,6,SAVANNAH DOWNTOWN HISTORIC DISTRICT
1312  ABERCORN ST  SAVANNAH GA 31401,,SVR-01181,2026-12-11,2005311011,NOLA RE Management Group LLC,compliance@stayheirloom.com,5045070523,Type 2: Non-Owner-Occupied STVR Certificate,4,2,10,VICTORIAN HISTORIC DISTRICT
18 EAST MACON ST  SAVANNAH GA 31401,Lower Level,SVR-01183,2026-10-16,2001541002,CHRISTOPHER & MOIRA NOVACK,cnovack@gaports.com,8134490393,Type 2: Non-Owner-Occupied STVR Certificate,1,1,4,SAVANNAH DOWNTOWN HISTORIC DISTRICT
812  MONTGOMERY ST  SAVANNAH GA 31401,,SVR-01185,2026-12-04,2005202011,DEBORAH FISCHER,debbie@savannahrumrunnersbakery.com,6142066179,Type 2: Non-Owner-Occupied STVR Certificate,1,1,4,VICTORIAN HISTORIC DISTRICT
201 WEST LIBERTY ST  SAVANNAH GA 31401,201,SVR-00012,2027-08-08,2003116017,Southern Belle Vacation Rentals,stvr@southernbellevr.com,9122890130,Type 2: Non-Owner-Occupied STVR Certificate,1,1,4,SAVANNAH DOWNTOWN HISTORIC DISTRICT
215 WEST GASTON ST  SAVANNAH GA 31401,,SVR-00123,2027-06-04,2003255022,Lucky Savannah Vacation Rentals,owners@luckysavannah.com,9124958582,Type 2: Non-Owner-Occupied STVR Certificate,2,,4,SAVANNAH DOWNTOWN HISTORIC DISTRICT
219 EAST GASTON ST  SAVANNAH GA 31401,Garden,SVR-00124,2026-11-01,2003251008,Monica Mastrinni,mmastrianni@greenlinearch.com,9126583204,Type 2: Non-Owner-Occupied STVR Certificate,1,1,4,SAVANNAH DOWNTOWN HISTORIC DISTRICT
516  JEFFERSON ST  SAVANNAH GA 31401,,SVR-01244,2026-12-18,2004523007,Ronald Johnston and Holly Atwell,hollyatwellnc@yahoo.com,3363542999,Type 2: Non-Owner-Occupied STVR Certificate,1,,4,SAVANNAH DOWNTOWN HISTORIC DISTRICT
436  LINCOLN ST  SAVANNAH GA 31401,,SVR-00126,2027-06-14,2003247001,Lucky Savannah Vacation Rentals,owners@luckysavannah.com,9124958582,Type 2: Non-Owner-Occupied STVR Certificate,3,,8,SAVANNAH DOWNTOWN HISTORIC DISTRICT
531 EAST JONES ST  SAVANNAH GA 31401,,SVR-00128,2027-07-13,2003301040,Lucky Savannah Vacation Rentals,owners@luckysavannah.com,9124958582,Type 2: Non-Owner-Occupied STVR Certificate,3,2,6,SAVANNAH DOWNTOWN HISTORIC DISTRICT
804  ABERCORN ST  SAVANNAH GA 31401,,SVR-01278,2026-11-05,2004414008,South Key Management Company,chase@southkeymgmt.com,9128001321,Type 2: Non-Owner-Occupied STVR Certificate,1,1,4,VICTORIAN HISTORIC DISTRICT
710   BARNARD ST  SAVANNAH GA 31401,1,SVR-01300,2027-02-04,2003262010,NOLA RE Management Group LLC,compliance@stayheirloom.com,5045070523,Type 2: Non-Owner-Occupied STVR Certificate,4,1,10,SAVANNAH DOWNTOWN HISTORIC DISTRICT
224 EAST OGLETHORPE AVE  SAVANNAH GA 31401,F,SVR-01301,2027-02-25,2001506010,NOLA RE Management Group LLC,compliance@stayheirloom.com,5045070523,Type 2: Non-Owner-Occupied STVR Certificate,1,,4,SAVANNAH DOWNTOWN HISTORIC DISTRICT
224 EAST OGLETHORPE AVE  SAVANNAH GA 31401,G,SVR-01303,2027-02-25,2001506010,NOLA RE Management Group LLC,compliance@stayheirloom.com,5045070523,Type 2: Non-Owner-Occupied STVR Certificate,1,,4,SAVANNAH DOWNTOWN HISTORIC DISTRICT
224 EAST OGLETHORPE AVE  SAVANNAH GA 31401,H,SVR-01304,2027-02-25,2001506010,NOLA RE Management Group LLC,compliance@stayheirloom.com,5045070523,Type 2: Non-Owner-Occupied STVR Certificate,1,,4,SAVANNAH DOWNTOWN HISTORIC DISTRICT
111 WEST GWINNETT ST  SAVANNAH GA 31401,B,SVR-01305,2026-12-12,2004410001,South Key Management Company,chase@southkeymgmt.com,9128001321,Type 2: Non-Owner-Occupied STVR Certificate,1,1,4,VICTORIAN HISTORIC DISTRICT
540 EAST JONES ST  SAVANNAH GA 31401,,SVR-00131,2027-02-13,2001419005A,Anderson VIP Concierge LLC,mary@savannahluxuryrentals.com,9125252022,Type 2: Non-Owner-Occupied STVR Certificate,2,,6,SAVANNAH DOWNTOWN HISTORIC DISTRICT
314 EAST PARK AVE  SAVANNAH GA 31401,B,SVR-01312,2026-09-26,2004428003,Travis Austin,travisareiser79@yahoo.com,9126589886,Type 2: Non-Owner-Occupied STVR Certificate,2,1,6,VICTORIAN HISTORIC DISTRICT
316 EAST PARK AVE  SAVANNAH GA 31401,B,SVR-01314,2026-09-26,2004428003,Travis Austin,travisareiser79@yahoo.com,9126589886,Type 2: Non-Owner-Occupied STVR Certificate,2,1,6,VICTORIAN HISTORIC DISTRICT
116 EAST DUFFY ST  SAVANNAH GA 31401,B,SVR-01315,2027-07-20,2004433005,Chase Stahl,chase@southkeymgmt.com,9128001321,Type 2: Non-Owner-Occupied STVR Certificate,2,2,4,VICTORIAN HISTORIC DISTRICT
118 EAST DUFFY ST  SAVANNAH GA 31401,B,SVR-01316,2027-07-20,2004433005,Chase Stahl,chase@southkeymgmt.com,9128001321,Type 2: Non-Owner-Occupied STVR Certificate,2,2,4,VICTORIAN HISTORIC DISTRICT
537 EAST CHARLTON LN  SAVANNAH GA 31401,,SVR-00132,2027-02-13,2001419005A,Anderson VIP Concierge LLC,mary@savannahluxuryrentals.com,9125252022,Type 2: Non-Owner-Occupied STVR Certificate,1,,4,SAVANNAH DOWNTOWN HISTORIC DISTRICT
211 WEST WALDBURG LN  SAVANNAH GA 31401,C,SVR-01324,2027-07-23,2005215003,Jessica Beeman,jessicabeeman@mac.com,8187934520,Type 2: Non-Owner-Occupied STVR Certificate,1,1,4,VICTORIAN HISTORIC DISTRICT
211 WEST WALDBURG ST  SAVANNAH GA 31401,B,SVR-01325,2027-07-23,2005215003,Jessica Beeman,jessicabeeman@mac.com,8187934520,Type 2: Non-Owner-Occupied STVR Certificate,3,,8,VICTORIAN HISTORIC DISTRICT
211 WEST WALDBURG ST  SAVANNAH GA 31401,A,SVR-01326,2027-07-23,2005215003,Jessica Beeman,jessicabeeman@mac.com,8187934520,Type 2: Non-Owner-Occupied STVR Certificate,2,,4,VICTORIAN HISTORIC DISTRICT
303 EAST PARK AVE  SAVANNAH GA 31401,,SVR-01328,2027-04-08,2005302014,Chase Stahl d/b/a South Key Management Company,chase@southkeymgmt.com,9128001321,Type 2: Non-Owner-Occupied STVR Certificate,2,,6,VICTORIAN HISTORIC DISTRICT
28 EAST TAYLOR ST  SAVANNAH GA 31401,2,SVR-00133,2027-05-21,2003215011,Lucky Savannah Vacation Rentals,owners@luckysavannah.com,9124958582,Type 2: Non-Owner-Occupied STVR Certificate,1,,4,SAVANNAH DOWNTOWN HISTORIC DISTRICT
211 EAST HENRY ST  SAVANNAH GA 31401,,SVR-01334,2027-02-25,2005311024,Jonathan & Carmen Kurdys,prodigalproperties@yahoo.com,9122242548,Type 2: Non-Owner-Occupied STVR Certificate,4,3,10,VICTORIAN HISTORIC DISTRICT
1208  LINCOLN ST  SAVANNAH GA 31401,,SVR-01337,2026-10-26,2005305009,NOLA RE Management Group LLC,compliance@stayheirloom.com,5045070523,Type 2: Non-Owner-Occupied STVR Certificate,3,1,8,VICTORIAN HISTORIC DISTRICT
28 EAST TAYLOR ST  SAVANNAH GA 31401,1,SVR-00134,2027-05-22,2003215011,Lucky Savannah Vacation Rentals,owners@luckysavannah.com,9124958582,Type 2: Non-Owner-Occupied STVR Certificate,1,,4,SAVANNAH DOWNTOWN HISTORIC DISTRICT
208 EAST JONES ST  SAVANNAH GA 31401,5,SVR-01340,2026-09-13,2003208023,Southern Belle Vacation Rentals,stvr@southernbellevr.com,9122890130,Type 2: Non-Owner-Occupied STVR Certificate,2,,6,SAVANNAH DOWNTOWN HISTORIC DISTRICT
520 EAST HARRIS ST  SAVANNAH GA 31401,,SVR-01341,2026-10-26,2001413023,NOLA RE Management Group LLC,compliance@stayheirloom.com,5045070523,Type 2: Non-Owner-Occupied STVR Certificate,4,1,8,SAVANNAH DOWNTOWN HISTORIC DISTRICT
522 EAST HARRIS ST  SAVANNAH GA 31401,,SVR-01342,2026-12-18,2001413024,NOLA RE Management Group LLC,compliance@stayheirloom.com,5045070523,Type 2: Non-Owner-Occupied STVR Certificate,4,1,8,SAVANNAH DOWNTOWN HISTORIC DISTRICT
530  PRICE ST  SAVANNAH GA 31401,,SVR-01343,2027-07-26,2003306028,Timothy Filgate & Heather Hammond,filgates@me.com,9126553847,Type 2: Non-Owner-Occupied STVR Certificate,3,2,8,SAVANNAH DOWNTOWN HISTORIC DISTRICT
10 EAST TAYLOR ST  SAVANNAH GA 31401,,SVR-01346,2027-08-06,2003215017,SOUTHERN BELLE VACATION RENTALS,stvr@southernbellevr.com,9122890130,Type 2: Non-Owner-Occupied STVR Certificate,4,2,10,SAVANNAH DOWNTOWN HISTORIC DISTRICT
28 EAST TAYLOR ST  SAVANNAH GA 31401,3,SVR-00135,2027-05-21,2003215011,Lucky Savannah Vacation Rentals,owners@luckysavannah.com,9124958582,Type 2: Non-Owner-Occupied STVR Certificate,1,,4,SAVANNAH DOWNTOWN HISTORIC DISTRICT
527 EAST HENRY ST  SAVANNAH GA 31401,,SVR-01349,2027-05-14,2005314032,Victoria Jones,jonesvict@gmail.com,7203186818,Type 2: Non-Owner-Occupied STVR Certificate,2,2,6,VICTORIAN HISTORIC DISTRICT
222 EAST PARK AVE  SAVANNAH GA 31401,A,SVR-01352,2027-04-04,2004427005,24square Inc,24squaresavannah@gmail.com,9787667088,Type 2: Non-Owner-Occupied STVR Certificate,2,1,6,VICTORIAN HISTORIC DISTRICT
208 WEST BAY ST  SAVANNAH GA 31401,3,SVR-01355,2027-07-08,2000309028,Southern Belle Vacation Rentals,stvr@southernbellevr.com,9122190130,Type 2: Non-Owner-Occupied STVR Certificate,2,1,6,SAVANNAH DOWNTOWN HISTORIC DISTRICT
314 EAST PARK AVE  SAVANNAH GA 31401,A,SVR-01357,2026-09-26,2004428003,Travis Austin,travisareiser79@yahoo.com,9126589886,Type 2: Non-Owner-Occupied STVR Certificate,2,1,6,VICTORIAN HISTORIC DISTRICT
316 EAST PARK AVE  SAVANNAH GA 31401,A,SVR-01358,2026-09-26,2004428003,Travis Austin,travisareiser79@yahoo.com,9126589886,Type 2: Non-Owner-Occupied STVR Certificate,2,1,6,VICTORIAN HISTORIC DISTRICT
28 EAST TAYLOR ST  SAVANNAH GA 31401,4,SVR-00136,2027-05-21,2003215011,Lucky Savannah Vacation Rentals,owners@luckysavannah.com,9124958582,Type 2: Non-Owner-Occupied STVR Certificate,1,,4,SAVANNAH DOWNTOWN HISTORIC DISTRICT
529 EAST HENRY ST  SAVANNAH GA 31401,,SVR-01359,2026-12-14,2005314032,ERIC & VICTORIA ROHWETTER & JONES,jonesvict@gmail.com,7203186818,Type 2: Non-Owner-Occupied STVR Certificate,2,2,6,VICTORIAN HISTORIC DISTRICT
107 EAST PARK AVE  SAVANNAH GA 31401,1,SVR-01361,2027-02-12,2004433015,24square Inc,24squaresavannah@gmail.com,9787667088,Type 2: Non-Owner-Occupied STVR Certificate,2,1,4,VICTORIAN HISTORIC DISTRICT
515 EAST BOLTON ST  SAVANNAH GA 31401,,SVR-01363,2027-03-07,2004311021,Southern Grace Stays,southerngracegetaways@yahoo.com,9126008086,Type 2: Non-Owner-Occupied STVR Certificate,4,3,10,VICTORIAN HISTORIC DISTRICT
224 EAST OGLETHORPE AVE  SAVANNAH GA 31401,B,SVR-01368,2027-02-25,2001506010,NOLA RE Management Group LLC,compliance@stayheirloom.com,5045070523,Type 2: Non-Owner-Occupied STVR Certificate,1,,4,SAVANNAH DOWNTOWN HISTORIC DISTRICT
513  HABERSHAM ST  SAVANNAH GA 31401,,SVR-01379,2026-12-18,2003250006,Patrick Bergen,patrick@mintjulepvacationrentals.com,8032370342,Type 2: Non-Owner-Occupied STVR Certificate,4,2,10,SAVANNAH DOWNTOWN HISTORIC DISTRICT
124 EAST LIBERTY ST  SAVANNAH GA 31401,A,SVR-00138,2027-06-01,2001530008,Lucky Savannah Vacation Rentals,owners@luckysavannah.com,9124958582,Type 2: Non-Owner-Occupied STVR Certificate,2,,6,SAVANNAH DOWNTOWN HISTORIC DISTRICT
814  MONTGOMERY ST  SAVANNAH GA 31401,,SVR-01380,2026-12-04,2005202011,DEBORAH FISCHER,debbie@savannahrumrunnersbakery.com,6142066179,Type 2: Non-Owner-Occupied STVR Certificate,2,1,6,VICTORIAN HISTORIC DISTRICT
17 EAST JONES ST  SAVANNAH GA 31401,C,SVR-01381,2026-11-26,2003215005,Cora Bett Thomas Rentals and Management,stvr@cbtrentals.com,9125036652,Type 2: Non-Owner-Occupied STVR Certificate,1,,4,SAVANNAH DOWNTOWN HISTORIC DISTRICT
121 WEST JONES ST  SAVANNAH GA 31401,B,SVR-01383,2027-06-07,2003217029,Cora Bett Thomas Rentals and Management,stvr@cbtrentals.com,9125036652,Type 2: Non-Owner-Occupied STVR Certificate,1,1,4,SAVANNAH DOWNTOWN HISTORIC DISTRICT
124 EAST LIBERTY ST  SAVANNAH GA 31401,B,SVR-00139,2026-10-31,2001530008,Lucky Savannah Vacation Rentals,owners@luckysavannah.com,9124958582,Type 2: Non-Owner-Occupied STVR Certificate,1,,4,SAVANNAH DOWNTOWN HISTORIC DISTRICT
124 EAST LIBERTY ST  SAVANNAH GA 31401,C,SVR-00140,2027-06-01,2001530008,Lucky Savannah Vacation Rentals,owners@luckysavannah.com,9124958582,Type 2: Non-Owner-Occupied STVR Certificate,1,,4,SAVANNAH DOWNTOWN HISTORIC DISTRICT
224 EAST OGLETHORPE AVE  SAVANNAH GA 31401,A,SVR-01413,2027-02-25,2001506010,NOLA RE Management Group LLC,compliance@stayheirloom.com,5045070523,Type 2: Non-Owner-Occupied STVR Certificate,1,,4,SAVANNAH DOWNTOWN HISTORIC DISTRICT
224 EAST OGLETHORPE AVE  SAVANNAH GA 31401,C,SVR-01414,2027-02-25,2001506010,NOLA RE Management Group LLC,compliance@stayheirloom.com,5045070523,Type 2: Non-Owner-Occupied STVR Certificate,1,,4,SAVANNAH DOWNTOWN HISTORIC DISTRICT
224 EAST OGLETHORPE AVE  SAVANNAH GA 31401,D,SVR-01415,2027-02-25,2001506010,NOLA RE Management Group LLC,compliance@stayheirloom.com,5045070523,Type 2: Non-Owner-Occupied STVR Certificate,1,,4,SAVANNAH DOWNTOWN HISTORIC DISTRICT
224 EAST OGLETHORPE AVE  SAVANNAH GA 31401,E,SVR-01416,2027-02-25,2001506010,NOLA RE Management Group LLC,compliance@stayheirloom.com,5045070523,Type 2: Non-Owner-Occupied STVR Certificate,1,,4,SAVANNAH DOWNTOWN HISTORIC DISTRICT
525 EAST LIBERTY ST  SAVANNAH GA 31401,A,SVR-01419,2026-10-23,2001413032,Arise Property Management,contact@stayatarise.com,9123880845,Type 2: Non-Owner-Occupied STVR Certificate,3,1,8,SAVANNAH DOWNTOWN HISTORIC DISTRICT
525 EAST LIBERTY ST  SAVANNAH GA 31401,B,SVR-01420,2026-10-23,2001413032,Arise Property Management,contact@stayatarise.com,9123880845,Type 2: Non-Owner-Occupied STVR Certificate,1,1,4,SAVANNAH DOWNTOWN HISTORIC DISTRICT
524 EAST LIBERTY LN  SAVANNAH GA 31401,,SVR-01421,2026-10-23,2001413032,Arise Property Management,contact@stayatarise.com,9123880845,Type 2: Non-Owner-Occupied STVR Certificate,1,1,4,SAVANNAH DOWNTOWN HISTORIC DISTRICT
101 WEST GORDON ST  SAVANNAH GA 31401,A,SVR-00144,2026-10-04,2003242026,Lucky Savannah Vacation Rentals,owners@luckysavannah.com,9124958582,Type 2: Non-Owner-Occupied STVR Certificate,2,,4,SAVANNAH DOWNTOWN HISTORIC DISTRICT
205 EAST PARK AVE  SAVANNAH GA 31401,,SVR-01468,2027-07-12,2004434013,JOACHIM KELLY,kerillcsavannah@gmail.com,9126950906,Type 2: Non-Owner-Occupied STVR Certificate,6,4,12,VICTORIAN HISTORIC DISTRICT
218 EAST PARK AVE  SAVANNAH GA 31401,A,SVR-01469,2027-07-12,2004427007,Joachim Kelly,kerillcsavannah@gmail.com,9126950906,Type 2: Non-Owner-Occupied STVR Certificate,2,3,4,VICTORIAN HISTORIC DISTRICT
306 EAST DUFFY ST  SAVANNAH GA 31401,A,SVR-01477,2027-02-21,2005302010,Joyce Piersanti,savannaheverafter@gmail.com,9122203778,Type 2: Non-Owner-Occupied STVR Certificate,1,1,4,VICTORIAN HISTORIC DISTRICT
306 EAST DUFFY ST  SAVANNAH GA 31401,B,SVR-01478,2027-02-21,2005302010,Joyce Piersanti,savannaheverafter@gmail.com,9122203778,Type 2: Non-Owner-Occupied STVR Certificate,1,1,4,VICTORIAN HISTORIC DISTRICT
310 WEST BROUGHTON ST  SAVANNAH GA 31401,3015A,SVR-01482,2027-02-26,2001615045,Southern Belle Vacation Rentals,stvr@southernbellevr.com,9122890130,Type 2: Non-Owner-Occupied STVR Certificate,2,,4,SAVANNAH DOWNTOWN HISTORIC DISTRICT
34 EAST BROAD ST  SAVANNAH GA 31401,,SVR-01486,2027-07-18,2000506015,South Key Management Company,chase@southkeymgmt.com,9128001321,Type 2: Non-Owner-Occupied STVR Certificate,2,2,4,SAVANNAH DOWNTOWN HISTORIC DISTRICT
36 EAST BROAD ST  SAVANNAH GA 31401,A,SVR-01487,2027-07-18,2000506015,South Key Management Company,chase@southkeymgmt.com,9128001321,Type 2: Non-Owner-Occupied STVR Certificate,1,2,4,SAVANNAH DOWNTOWN HISTORIC DISTRICT
40 EAST BROAD ST  SAVANNAH GA 31401,,SVR-01488,2027-07-18,2000506015,South Key Management Company,chase@southkeymgmt.com,9128001321,Type 2: Non-Owner-Occupied STVR Certificate,2,2,4,SAVANNAH DOWNTOWN HISTORIC DISTRICT
38 EAST BROAD ST  SAVANNAH GA 31401,A,SVR-01489,2027-07-18,2000506015,South Key Management Company,chase@southkeymgmt.com,9128001321,Type 2: Non-Owner-Occupied STVR Certificate,1,2,4,SAVANNAH DOWNTOWN HISTORIC DISTRICT
36 EAST BROAD ST  SAVANNAH GA 31401,B,SVR-01490,2027-07-18,2000506015,South Key Management Company,chase@southkeymgmt.com,9128001321,Type 2: Non-Owner-Occupied STVR Certificate,1,2,4,SAVANNAH DOWNTOWN HISTORIC DISTRICT
38 EAST BROAD ST  SAVANNAH GA 31401,B,SVR-01493,2027-07-18,2000506015,South Key Management Company,chase@southkeymgmt.com,9128001321,Type 2: Non-Owner-Occupied STVR Certificate,1,2,4,SAVANNAH DOWNTOWN HISTORIC DISTRICT
501 EAST WALDBURG ST  SAVANNAH GA 31401,Main House,SVR-00148,2027-07-06,2004314019,Irene & Darren Bagley-Heath,bagleyheath@mac.com,7742389966,Type 2: Non-Owner-Occupied STVR Certificate,3,2,6,VICTORIAN HISTORIC DISTRICT
120 WEST JONES ST  SAVANNAH GA 31401,1,SVR-01494,2026-12-18,2001545035,Ralph Peacock,concierge@120westjones.com,2484045000,Type 2: Non-Owner-Occupied STVR Certificate,2,,4,SAVANNAH DOWNTOWN HISTORIC DISTRICT
120 WEST JONES ST  SAVANNAH GA 31401,2,SVR-01495,2026-12-18,2001545036,Ralph Peacock,concierge@120westjones.com,2484045000,Type 2: Non-Owner-Occupied STVR Certificate,2,,4,SAVANNAH DOWNTOWN HISTORIC DISTRICT
120 WEST JONES ST  SAVANNAH GA 31401,3,SVR-01496,2026-12-18,2001545037,Ralph Peacock,concierge@120westjones.com,2484045000,Type 2: Non-Owner-Occupied STVR Certificate,2,,4,SAVANNAH DOWNTOWN HISTORIC DISTRICT
120 WEST JONES ST  SAVANNAH GA 31401,4,SVR-01497,2026-12-18,2001545038,Ralph Peacock,concierge@120westjones.com,2484045000,Type 2: Non-Owner-Occupied STVR Certificate,1,,4,SAVANNAH DOWNTOWN HISTORIC DISTRICT
120 WEST JONES ST  SAVANNAH GA 31401,5,SVR-01498,2026-12-18,2001545039,Ralph Peacock,concierge@120westjones.com,2484045000,Type 2: Non-Owner-Occupied STVR Certificate,1,,4,SAVANNAH DOWNTOWN HISTORIC DISTRICT
1116  HABERSHAM ST  SAVANNAH GA 31401,2,SVR-01502,2026-11-29,2005301008,Mathew and Aimee Stoessiger and Dostie,rentals@savrealty.com,9123881922,Type 2: Non-Owner-Occupied STVR Certificate,2,,4,VICTORIAN HISTORIC DISTRICT
407 EAST ANDERSON ST  SAVANNAH GA 31401,A,SVR-01503,2027-07-24,2005320015,Charlie Crosby,crosbyholdingsllc@gmail.com,9126776623,Type 2: Non-Owner-Occupied STVR Certificate,3,4,6,VICTORIAN HISTORIC DISTRICT
120 EAST CHARLTON LN  SAVANNAH GA 31401,Carriage House,SVR-01507,2026-12-09,2003207005,Allam Garcia,info@pmicoastalga.com,9122722386,Type 2: Non-Owner-Occupied STVR Certificate,1,1,4,SAVANNAH DOWNTOWN HISTORIC DISTRICT
308 EAST DUFFY ST  SAVANNAH GA 31401,A,SVR-01509,2027-05-30,2005302008,24square Inc,24squaresavannah@gmail.com,9787667088,Type 2: Non-Owner-Occupied STVR Certificate,2,,4,VICTORIAN HISTORIC DISTRICT
450  WHITAKER ST  SAVANNAH GA 31401,A,SVR-01510,2027-02-13,2003243009,Lucky Savannah Vacation Rentals,owners@luckysavannah.com,9124958582,Type 2: Non-Owner-Occupied STVR Certificate,1,,4,SAVANNAH DOWNTOWN HISTORIC DISTRICT
103 WEST GORDON ST  SAVANNAH GA 31401,A,SVR-01511,2027-05-02,2003242028,Lucky Savannah Vacation Rentals,owners@luckysavannah.com,9124958582,Type 2: Non-Owner-Occupied STVR Certificate,2,,4,SAVANNAH DOWNTOWN HISTORIC DISTRICT
519 EAST HALL ST  SAVANNAH GA 31401,A,SVR-01513,2027-02-25,2004302050,ELIZABETH QUIGLEY & DAVID FERENCSIK,legacysavannah@gmail.com,9124845804,Type 2: Non-Owner-Occupied STVR Certificate,1,,4,SAVANNAH DOWNTOWN HISTORIC DISTRICT
519 EAST HALL ST  SAVANNAH GA 31401,B,SVR-01514,2027-02-25,2004302050,ELIZABETH QUIGLEY & DAVID FERENCSIK,legacysavannah@gmail.com,9124845804,Type 2: Non-Owner-Occupied STVR Certificate,2,,4,SAVANNAH DOWNTOWN HISTORIC DISTRICT
504 EAST WALDBURG ST  SAVANNAH GA 31401,,SVR-01515,2027-02-25,2004311015,Legacy Properties Savannah LLC,legacysavannah@gmail.com,9126953451,Type 2: Non-Owner-Occupied STVR Certificate,3,2,6,VICTORIAN HISTORIC DISTRICT
502 EAST WALDBURG ST  SAVANNAH GA 31401,,SVR-01516,2027-02-25,2004311015,Legacy Properties Savannah LLC,legacysavannah@gmail.com,9124845804,Type 2: Non-Owner-Occupied STVR Certificate,3,2,6,VICTORIAN HISTORIC DISTRICT
28 EAST JONES LN  SAVANNAH GA 31401,Carriage House,SVR-01517,2026-12-18,2003215011,Lucky Savannah Vacation Rentals,owners@luckysavannah.com,9124958582,Type 2: Non-Owner-Occupied STVR Certificate,1,,4,SAVANNAH DOWNTOWN HISTORIC DISTRICT
515  MONTGOMERY ST  SAVANNAH GA 31401,304,SVR-01520,2027-03-04,2004521016,Shatrell Lark d/b/a 515 Savannah Apartments LLC,thebowerymgr@mynicheapartments.com,9122980028,Type 2: Non-Owner-Occupied STVR Certificate,2,1,4,SAVANNAH DOWNTOWN HISTORIC DISTRICT
515  MONTGOMERY ST  SAVANNAH GA 31401,310,SVR-01524,2027-03-04,2004521016,Shatrell Lark d/b/a 5515 Savannah Apartments LLC,thebowerymgr@mynicheapartments.com,9122980028,Type 2: Non-Owner-Occupied STVR Certificate,2,1,4,SAVANNAH DOWNTOWN HISTORIC DISTRICT
515  MONTGOMERY ST  SAVANNAH GA 31401,308,SVR-01525,2027-03-04,2004521016,Shatrell Lark d/b/a 515 Savannah Apartments LLC,thebowerymgr@mynicheapartments.com,9122980028,Type 2: Non-Owner-Occupied STVR Certificate,2,1,4,SAVANNAH DOWNTOWN HISTORIC DISTRICT
515  MONTGOMERY ST  SAVANNAH GA 31401,208,SVR-01526,2027-03-04,2004521016,Shatrell Lark d/b/a 515 Savannah Apartments LLC,thebowerymgr@mynicheapartments.com,9122980028,Type 2: Non-Owner-Occupied STVR Certificate,2,1,4,SAVANNAH DOWNTOWN HISTORIC DISTRICT
515  MONTGOMERY ST  SAVANNAH GA 31401,109,SVR-01527,2027-03-04,2004521016,Shatrell Lark d/b/a 515 Savannah Apartments LLC,thebowerymgr@mynicheapartments.com,9122980028,Type 2: Non-Owner-Occupied STVR Certificate,2,1,4,SAVANNAH DOWNTOWN HISTORIC DISTRICT
407 EAST JONES ST  SAVANNAH GA 31401,,SVR-01537,2027-02-22,2003211003,Layla Phillips,designbylayla@gmail.com,5087754247,Type 2: Non-Owner-Occupied STVR Certificate,1,,4,SAVANNAH DOWNTOWN HISTORIC DISTRICT
406 EAST JONES LN  SAVANNAH GA 31401,,SVR-01538,2027-02-22,2003211003,Layla Phillips,designbylayla@gmail.com,5087754247,Type 2: Non-Owner-Occupied STVR Certificate,1,,4,SAVANNAH DOWNTOWN HISTORIC DISTRICT
317 WEST WALDBURG ST  SAVANNAH GA 31401,B,SVR-01540,2027-02-22,2005214002,CHARLES A & KIMBERLY A TAYLOR,ctla2001@yahoo.com,9125410358,Type 2: Non-Owner-Occupied STVR Certificate,2,1,6,VICTORIAN HISTORIC DISTRICT
519 EAST BROAD ST  SAVANNAH GA 31401,,SVR-01541,2027-07-26,2003306012,Aaron Miller,acmill99@yahoo.com,4043131773,Type 2: Non-Owner-Occupied STVR Certificate,4,,10,SAVANNAH DOWNTOWN HISTORIC DISTRICT
26 EAST 41ST ST  SAVANNAH GA 31401,,SVR-01547,2027-04-08,2007404012,Rendezvous Property Management,info@rpropmgt.com,9125251160,Type 2: Non-Owner-Occupied STVR Certificate,3,2,6,STREETCAR HISTORIC DISTRICT
450  WHITAKER ST  SAVANNAH GA 31401,B,SVR-01549,2027-02-13,2003243009,Lucky Savannah Vacation Rentals,owners@luckysavannah.com,9124958582,Type 2: Non-Owner-Occupied STVR Certificate,1,,4,SAVANNAH DOWNTOWN HISTORIC DISTRICT
214 WEST JONES ST  SAVANNAH GA 31401,,SVR-01559,2027-05-25,2003128005,ELIZABETH & TIMOTHY GAUDREAU,bethandtim44@gmail.com,7049893686,Type 2: Non-Owner-Occupied STVR Certificate,4,1,8,SAVANNAH DOWNTOWN HISTORIC DISTRICT
210 EAST STATE ST  SAVANNAH GA 31401,32,SVR-00154,2027-03-28,2000447041,Jason LaVecchia,jason.lavecchia@gmail.com,9105409396,Type 2: Non-Owner-Occupied STVR Certificate,1,,4,SAVANNAH DOWNTOWN HISTORIC DISTRICT
203 EAST DUFFY ST  SAVANNAH GA 31401,B,SVR-01564,2027-09-13,2005304026,Ashley Sebastionelli,ashley.sebastionelli@gmail.com,4045203854,Type 2: Non-Owner-Occupied STVR Certificate,2,,4,VICTORIAN HISTORIC DISTRICT
316 EAST JONES ST  SAVANNAH GA 31401,A,SVR-01574,2027-08-30,2003209011,Francis Phillips,francisphillips103@gmail.com,5056907251,Type 2: Non-Owner-Occupied STVR Certificate,3,1,6,SAVANNAH DOWNTOWN HISTORIC DISTRICT
308 EAST DUFFY ST  SAVANNAH GA 31401,B,SVR-01577,2027-05-30,2005302008,24square Inc,24squaresavannah@gmail.com,9787667088,Type 2: Non-Owner-Occupied STVR Certificate,2,,4,VICTORIAN HISTORIC DISTRICT
6 EAST STATE ST  SAVANNAH GA 31401,3,SVR-01578,2027-05-04,2000445016,Lucky Savannah Vacation Rentals,owners@luckysavannah.com,9124958582,Type 2: Non-Owner-Occupied STVR Certificate,3,2,6,SAVANNAH DOWNTOWN HISTORIC DISTRICT
502 EAST BOLTON ST  SAVANNAH GA 31401,,SVR-01580,2027-07-19,2004306015,Michael Lastfogel,forsythpark@icloud.com,9125085890,Type 2: Non-Owner-Occupied STVR Certificate,2,2,4,VICTORIAN HISTORIC DISTRICT
411 EAST HALL ST  SAVANNAH GA 31401,B,SVR-01583,2027-05-25,2004408025,Jacob Jarvis & Jacob Heroux,mklein@nsgmail.com,9125140404,Type 2: Non-Owner-Occupied STVR Certificate,3,1,6,SAVANNAH DOWNTOWN HISTORIC DISTRICT
411 EAST HALL ST  SAVANNAH GA 31401,A,SVR-01584,2027-05-25,2004408025,Jacob Jarvis & Jacob Heroux,mklein@nsgmail.com,9125140404,Type 2: Non-Owner-Occupied STVR Certificate,2,1,4,SAVANNAH DOWNTOWN HISTORIC DISTRICT
812   DRAYTON ST  SAVANNAH GA 31401,A,SVR-01585,2027-08-09,2004413033,Scott & Ronda Gooch,rcgooch5@gmail.com,7044979127,Type 2: Non-Owner-Occupied STVR Certificate,3,,6,VICTORIAN HISTORIC DISTRICT
309 EAST HUNTINGDON ST  SAVANNAH GA 31401,B,SVR-01586,2027-05-24,2004402011,Southern Belle Vacation Rentals,stvr@southernbellevr.com,9122890130,Type 2: Non-Owner-Occupied STVR Certificate,2,,4,SAVANNAH DOWNTOWN HISTORIC DISTRICT
224 EAST BAY ST  SAVANNAH GA 31401,,SVR-01588,2027-02-27,2000411002,24square Inc,24squaresavannah@gmail.com,9787667088,Type 2: Non-Owner-Occupied STVR Certificate,2,1,4,SAVANNAH DOWNTOWN HISTORIC DISTRICT
3 EAST GORDON ST  SAVANNAH GA 31401,A,SVR-01596,2027-06-18,2003244002,Southern Belle Vacation Rentals,stvr@southernbellevr.com,9122890130,Type 1: Owner-Occupied STVR Certificate,2,1,4,SAVANNAH DOWNTOWN HISTORIC DISTRICT
424  WHITAKER ST  SAVANNAH GA 31401,,SVR-01601,2027-07-02,2003224001,Lucky Savannah Vacation Rentals,owners@luckysavannah.com,9124958582,Type 2: Non-Owner-Occupied STVR Certificate,4,,8,SAVANNAH DOWNTOWN HISTORIC DISTRICT
"504 E GWINNETT ST, SAVANNAH, GA, 31401",,SVR-01604,2027-06-11,2004302057,Cora Bett Thomas Rentals & Management,stvr@cbtrentals.com,9125036652,Type 2: Non-Owner-Occupied STVR Certificate,3,1,6,SAVANNAH DOWNTOWN HISTORIC DISTRICT
307 EAST BOLTON ST  SAVANNAH GA 31401,A,SVR-01605,2027-06-08,2004422011,Kevin Escobar,kevin@kescohomes.com,6319548427,Type 2: Non-Owner-Occupied STVR Certificate,2,2,4,VICTORIAN HISTORIC DISTRICT
307 EAST BOLTON ST  SAVANNAH GA 31401,B,SVR-01606,2027-06-08,2004422011,Kevin Escobar,kevin@kescohomes.com,6319548427,Type 2: Non-Owner-Occupied STVR Certificate,2,2,4,VICTORIAN HISTORIC DISTRICT
307 EAST BOLTON ST  SAVANNAH GA 31401,C,SVR-01607,2027-06-08,2004422011,Kevin Escobar,kevin@kescohomes.com,6319548427,Type 2: Non-Owner-Occupied STVR Certificate,2,2,4,VICTORIAN HISTORIC DISTRICT
307 EAST BOLTON ST  SAVANNAH GA 31401,D,SVR-01608,2027-06-08,2004422011,Kevin Escobar,kevin@kescohomes.com,6319548427,Type 2: Non-Owner-Occupied STVR Certificate,2,2,4,VICTORIAN HISTORIC DISTRICT
117 WEST PARK AVE  SAVANNAH GA 31401,A,SVR-01610,2027-05-21,2004430013,"Anderson VIP Concierge, LLC",mary@savannahluxuryrentals.com,9125252022,Type 2: Non-Owner-Occupied STVR Certificate,1,,4,VICTORIAN HISTORIC DISTRICT
117 WEST PARK AVE  SAVANNAH GA 31401,B,SVR-01611,2027-05-21,2004430013,"Anderson VIP Concierge, LLC",mary@savannahluxuryrentals.com,9125252022,Type 2: Non-Owner-Occupied STVR Certificate,4,1,8,VICTORIAN HISTORIC DISTRICT
117 WEST PARK AVE  SAVANNAH GA 31401,C,SVR-01612,2027-05-21,2004430013,"Anderson VIP Concierge, LLC",mary@savannahluxuryrentals.com,9125252022,Type 2: Non-Owner-Occupied STVR Certificate,1,1,4,VICTORIAN HISTORIC DISTRICT
117 WEST PARK AVE  SAVANNAH GA 31401,D,SVR-01613,2027-05-21,2004430013,"Anderson VIP Concierge, LLC",mary@savannahluxuryrentals.com,9125252022,Type 2: Non-Owner-Occupied STVR Certificate,3,1,6,VICTORIAN HISTORIC DISTRICT
206 WEST DUFFY ST  SAVANNAH GA 31401,A,SVR-01616,2027-07-05,2005216020,SOUTHERN BELLE VACATION RENTALS,stvr@southernbellevr.com,9122890130,Type 2: Non-Owner-Occupied STVR Certificate,3,1,6,VICTORIAN HISTORIC DISTRICT
319 EAST HUNTINGDON LN  SAVANNAH GA 31401,,SVR-01625,2027-06-09,2004402004A,Wendy Moynihan,wendymoynihan@aol.com,9125079676,Type 2: Non-Owner-Occupied STVR Certificate,2,,4,SAVANNAH DOWNTOWN HISTORIC DISTRICT
215 WEST CHARLTON ST  SAVANNAH GA 31401,,SVR-01629,2027-06-28,2003128008,Southern Belle Vacation Rentals,stvr@southernbellevr.com,9122890130,Type 2: Non-Owner-Occupied STVR Certificate,3,2,8,SAVANNAH DOWNTOWN HISTORIC DISTRICT
415 EAST PARK AVE  SAVANNAH GA 31401,A,SVR-01631,2027-06-11,2005301001,Janna Belau,janna.belau@icloud.com,9703191344,Type 2: Non-Owner-Occupied STVR Certificate,1,,4,VICTORIAN HISTORIC DISTRICT
415 EAST PARK AVE  SAVANNAH GA 31401,B,SVR-01632,2027-06-11,2005301001,Janna Belau,janna.belau@icloud.com,9703191344,Type 2: Non-Owner-Occupied STVR Certificate,1,,4,VICTORIAN HISTORIC DISTRICT
415 EAST PARK AVE  SAVANNAH GA 31401,C,SVR-01633,2027-06-11,2005301001,Janna Belau,janna.belau@icloud.com,9703191344,Type 2: Non-Owner-Occupied STVR Certificate,2,1,4,VICTORIAN HISTORIC DISTRICT
415 EAST PARK AVE  SAVANNAH GA 31401,D,SVR-01634,2027-06-11,2005301001,Janna Belau,janna.belau@icloud.com,9703191344,Type 2: Non-Owner-Occupied STVR Certificate,2,1,4,VICTORIAN HISTORIC DISTRICT
203 EAST GWINNETT ST  SAVANNAH GA 31401,5,SVR-01635,2027-07-19,2004414008,Chase Stahl,chase@southkeymgmt.com,9128001321,Type 2: Non-Owner-Occupied STVR Certificate,1,1,4,VICTORIAN HISTORIC DISTRICT
800  ABERCORN ST  SAVANNAH GA 31401,,SVR-01636,2027-07-19,2004414008,Chase Stahl,chase@southkeymgmt.com,9128001321,Type 2: Non-Owner-Occupied STVR Certificate,2,1,4,VICTORIAN HISTORIC DISTRICT
802  ABERCORN ST  SAVANNAH GA 31401,,SVR-01637,2027-07-19,2004414008,Chase Stahl,chase@southkeymgmt.com,9128001321,Type 2: Non-Owner-Occupied STVR Certificate,2,,4,VICTORIAN HISTORIC DISTRICT
221 WEST HENRY ST  SAVANNAH GA 31401,A,SVR-01638,2027-06-17,2005228002,Southern Belle Vacation Rentals,stvr@southernbellevr.com,9122190130,Type 2: Non-Owner-Occupied STVR Certificate,1,1,4,VICTORIAN HISTORIC DISTRICT
504 EAST BOLTON ST  SAVANNAH GA 31401,,SVR-01648,2027-07-19,2004306015,Michael Lastfogel,forsythpark@icloud.com,9125085890,Type 2: Non-Owner-Occupied STVR Certificate,3,2,6,VICTORIAN HISTORIC DISTRICT
12 WEST TAYLOR ST  SAVANNAH GA 31401,A,SVR-01649,2027-07-31,2003216009,Bradley Ball,brad@ballmgmt.com,8433646426,Type 2: Non-Owner-Occupied STVR Certificate,2,,4,SAVANNAH DOWNTOWN HISTORIC DISTRICT
12 WEST TAYLOR ST  SAVANNAH GA 31401,B,SVR-01650,2027-07-31,2003216009,Bradley Ball,brad@ballmgmt.com,8433646426,Type 2: Non-Owner-Occupied STVR Certificate,2,,4,SAVANNAH DOWNTOWN HISTORIC DISTRICT
12 WEST TAYLOR ST  SAVANNAH GA 31401,C,SVR-01651,2027-07-31,2003216009,Bradley Ball,brad@ballmgmt.com,8433646426,Type 2: Non-Owner-Occupied STVR Certificate,1,,4,SAVANNAH DOWNTOWN HISTORIC DISTRICT
12 WEST TAYLOR ST  SAVANNAH GA 31401,D,SVR-01652,2027-07-31,2003216009,Bradley Ball,brad@ballmgmt.com,8433646426,Type 2: Non-Owner-Occupied STVR Certificate,1,,4,SAVANNAH DOWNTOWN HISTORIC DISTRICT
12 WEST TAYLOR ST  SAVANNAH GA 31401,E,SVR-01653,2027-07-31,2003216009,Bradley Ball,brad@ballmgmt.com,8433646426,Type 2: Non-Owner-Occupied STVR Certificate,2,,4,SAVANNAH DOWNTOWN HISTORIC DISTRICT
302 WEST 40TH ST  SAVANNAH GA 31401,B,SVR-01655,2027-05-05,2006544022,Michelle Methot,baronessllc@hotmail.com,9126563403,Type 1: Owner-Occupied STVR Certificate,2,1,4,STREETCAR HISTORIC DISTRICT
409 EAST HALL ST  SAVANNAH GA 31401,B,SVR-01657,2027-07-17,2004408024,Jacob Jarvis & Jacob Heroux,contact@verdant.house,9125140404,Type 2: Non-Owner-Occupied STVR Certificate,2,1,4,SAVANNAH DOWNTOWN HISTORIC DISTRICT
409 EAST HALL ST  SAVANNAH GA 31401,A,SVR-01658,2027-07-17,2004408024,Jacob Jarvis & Jacob Heroux,contact@verdant.house,9125140404,Type 2: Non-Owner-Occupied STVR Certificate,2,1,4,SAVANNAH DOWNTOWN HISTORIC DISTRICT
313 EAST JONES ST  SAVANNAH GA 31401,A,SVR-01659,2027-07-19,2003212003,Janet Wagner,jwmgmt912@gmail.com,9125705070,Type 2: Non-Owner-Occupied STVR Certificate,1,1,4,SAVANNAH DOWNTOWN HISTORIC DISTRICT
313 EAST JONES ST  SAVANNAH GA 31401,B,SVR-01660,2027-07-19,2003212003,Janet Wagner,jwmgmt912@gmail.com,9125705070,Type 2: Non-Owner-Occupied STVR Certificate,3,2,6,SAVANNAH DOWNTOWN HISTORIC DISTRICT
110 WEST DUFFY ST  SAVANNAH GA 31401,B,SVR-01661,2027-09-17,2004430004,Brandon Greene,brandongreene911@gmail.com,6014665655,Type 2: Non-Owner-Occupied STVR Certificate,2,1,4,VICTORIAN HISTORIC DISTRICT
21 EAST BAY ST  SAVANNAH GA 31401,201,SVR-01667,2027-08-07,2000415011A,Taylor Cerwin,taylor@thedraytonhotel.com,9126628900,Type 2: Non-Owner-Occupied STVR Certificate,1,,4,SAVANNAH DOWNTOWN HISTORIC DISTRICT
223 EAST GWINNETT ST  SAVANNAH GA 31401,,SVR-00164,2027-02-26,2004414001,Laura Fulayter,hardenhouseinc@yahoo.com,6517757063,Type 2: Non-Owner-Occupied STVR Certificate,5,3,12,VICTORIAN HISTORIC DISTRICT
21 EAST BAY ST  SAVANNAH GA 31401,202,SVR-01668,2027-08-07,2000415011A,Raghav Sapra,raghav@maypolegroup.com,9126628900,Type 2: Non-Owner-Occupied STVR Certificate,1,,4,SAVANNAH DOWNTOWN HISTORIC DISTRICT
21 EAST BAY ST  SAVANNAH GA 31401,203,SVR-01669,2027-08-07,2000415011A,Raghav Sapra,raghav@maypolegroup.com,9126628900,Type 2: Non-Owner-Occupied STVR Certificate,1,,4,SAVANNAH DOWNTOWN HISTORIC DISTRICT
21 EAST BAY ST  SAVANNAH GA 31401,204,SVR-01670,2027-08-07,2000415011A,Raghav Sapra,raghav@maypolegroup.com,9126628900,Type 2: Non-Owner-Occupied STVR Certificate,1,,4,SAVANNAH DOWNTOWN HISTORIC DISTRICT
505 EAST CONGRESS ST  SAVANNAH GA 31401,,SVR-01674,2027-08-02,2000514021,Lucky Savannah Vacation Rentals,owners@luckysavannah.com,9124958582,Type 2: Non-Owner-Occupied STVR Certificate,4,2,10,SAVANNAH DOWNTOWN HISTORIC DISTRICT
208 EAST JONES ST  SAVANNAH GA 31401,4,SVR-01676,2027-08-08,2003208022,Lucky Savannah Vacation Rentals,owners@luckysavannah.com,9124958582,Type 2: Non-Owner-Occupied STVR Certificate,2,2,4,SAVANNAH DOWNTOWN HISTORIC DISTRICT
208 EAST JONES ST  SAVANNAH GA 31401,7,SVR-01682,2027-01-14,2003208025,Southern Belle Vacation Rentals,stvr@southernbellevr.com,9122890130,Type 2: Non-Owner-Occupied STVR Certificate,1,1,4,SAVANNAH DOWNTOWN HISTORIC DISTRICT
116 EAST JONES ST  SAVANNAH GA 31401,A,SVR-01684,2026-09-13,2003207007,Taavo Roos,taavo.roos1@gmail.com,9124296729,Type 2: Non-Owner-Occupied STVR Certificate,2,,4,SAVANNAH DOWNTOWN HISTORIC DISTRICT
115 EAST CHARLTON LN  SAVANNAH GA 31401,,SVR-01685,2026-09-13,2003207007,Taavo Roos,taavo.roos1@gmail.com,9124296729,Type 2: Non-Owner-Occupied STVR Certificate,1,,4,SAVANNAH DOWNTOWN HISTORIC DISTRICT
316 EAST JONES ST  SAVANNAH GA 31401,B,SVR-01694,2027-08-30,2003209011,Francis Phillips,francisphillips103@gmail.com,5056907251,Type 2: Non-Owner-Occupied STVR Certificate,1,1,4,SAVANNAH DOWNTOWN HISTORIC DISTRICT
116 EAST BOLTON LN  SAVANNAH GA 31401,,SVR-01699,2026-10-01,2004420006,Anderson VIP Concierge LLC,mary@savannahluxuryrentals.com,9125252022,Type 2: Non-Owner-Occupied STVR Certificate,4,1,8,VICTORIAN HISTORIC DISTRICT
116 EAST WALDBURG ST  SAVANNAH GA 31401,,SVR-01700,2026-10-01,2004420006,Anderson VIP Concierge LLC,mary@savannahluxuryrentals.com,9125252022,Type 2: Non-Owner-Occupied STVR Certificate,3,,6,VICTORIAN HISTORIC DISTRICT
323 WEST 39TH ST  SAVANNAH GA 31401,,SVR-01704,2027-08-28,2006544001,Joshua Kersey,kers3y@outlook.com,7063066902,Type 1: Owner-Occupied STVR Certificate,3,,6,STREETCAR HISTORIC DISTRICT
420 EAST PARK AVE  SAVANNAH GA 31401,,SVR-01705,2027-09-25,2004429002,Jane Callahan,418parkavenue@gmail.com,5082791800,Type 2: Non-Owner-Occupied STVR Certificate,2,2,4,VICTORIAN HISTORIC DISTRICT
418 EAST PARK AVE  SAVANNAH GA 31401,,SVR-01706,2027-09-25,2004429002,Jane Callahan,418parkavenue@gmail.com,5082791800,Type 2: Non-Owner-Occupied STVR Certificate,3,2,6,VICTORIAN HISTORIC DISTRICT
201 WEST WALDBURG ST  SAVANNAH GA 31401,B,SVR-00168,2027-04-09,2005215008,Patrick Bergen and Christie Bergen,christie.ahr@gmail.com,9123981494,Type 2: Non-Owner-Occupied STVR Certificate,3,2,8,VICTORIAN HISTORIC DISTRICT
206 WEST HENRY ST  SAVANNAH GA 31401,A,SVR-01711,2027-05-01,2005227015,Julie Russell,coralhouse@gmail.com,6198659410,Type 2: Non-Owner-Occupied STVR Certificate,2,1,4,VICTORIAN HISTORIC DISTRICT
110 WEST DUFFY ST  SAVANNAH GA 31401,A,SVR-01712,2027-09-17,2004430004,Brandon Greene,brandongreene911@gmail.com,6014665655,Type 2: Non-Owner-Occupied STVR Certificate,2,1,4,VICTORIAN HISTORIC DISTRICT
22  BRADY ST  SAVANNAH GA 31401,Lower,SVR-01715,2026-10-15,2006637008,Russell Keith and Karen Kaye,coach.ktwo@gmail.com,6787773017,Type 1: Owner-Occupied STVR Certificate,1,1,4,STREETCAR HISTORIC DISTRICT
109 WEST LIBERTY ST  SAVANNAH GA 31401,A,SVR-01719,2026-11-14,2001536003A,Patricia Homer,innkeeper@innonwestliberty.com,9122380806,Type 2: Non-Owner-Occupied STVR Certificate,7,5,14,SAVANNAH DOWNTOWN HISTORIC DISTRICT
109 WEST LIBERTY ST  SAVANNAH GA 31401,B,SVR-01720,2026-11-14,2001536003A,Patricia Homer,innkeeper@innonwestliberty.com,9122380806,Type 2: Non-Owner-Occupied STVR Certificate,2,1,4,SAVANNAH DOWNTOWN HISTORIC DISTRICT
109 WEST LIBERTY ST  SAVANNAH GA 31401,C,SVR-01721,2026-11-14,2001536003A,Patricia Homer,innkeeper@innonwestliberty.com,9122380806,Type 2: Non-Owner-Occupied STVR Certificate,1,1,4,SAVANNAH DOWNTOWN HISTORIC DISTRICT
111 EAST WALDBURG ST  SAVANNAH GA 31401,A,SVR-01722,2026-10-12,2004426013,Jacob Jarvis & Jacob Heroux,mklein@nsgmail.com,9125140404,Type 2: Non-Owner-Occupied STVR Certificate,5,2,10,VICTORIAN HISTORIC DISTRICT
107 EAST WALDBURG ST  SAVANNAH GA 31401,A,SVR-01723,2027-08-07,2004426012,Jacob Jarvis & Jacob Heroux,mklein@nsgmail.com,9125140404,Type 2: Non-Owner-Occupied STVR Certificate,4,2,8,VICTORIAN HISTORIC DISTRICT
117  JEFFERSON ST  SAVANNAH GA 31401,,SVR-01737,2027-01-10,2001624011,Nicole Elliott,nicole.elliott@greyspaces.com,8186490340,Type 2: Non-Owner-Occupied STVR Certificate,1,,4,SAVANNAH DOWNTOWN HISTORIC DISTRICT
208 EAST JONES LN  SAVANNAH GA 31401,,SVR-01738,2027-09-19,2003213014,Kevin Quat,kevin@aimstars.com,8432906463,Type 2: Non-Owner-Occupied STVR Certificate,1,2,4,SAVANNAH DOWNTOWN HISTORIC DISTRICT
101 EAST GASTON ST  SAVANNAH GA 31401,7-B,SVR-01739,2026-10-31,2003260019,Lucky Savannah Vacation Rentals,owners@luckysavannah.com,9124958582,Type 2: Non-Owner-Occupied STVR Certificate,1,1,4,SAVANNAH DOWNTOWN HISTORIC DISTRICT
812   DRAYTON ST  SAVANNAH GA 31401,B,SVR-01744,2026-10-24,2004413034,South Key Management Company,chase@southkeymgmt.com,9128001321,Type 2: Non-Owner-Occupied STVR Certificate,3,,6,VICTORIAN HISTORIC DISTRICT
109 EAST 37TH LN  SAVANNAH GA 31401,,SVR-01745,2027-05-30,2006519008,Kolin Podell,info@rpropmgt.com,9125251160,Type 2: Non-Owner-Occupied STVR Certificate,2,2,4,STREETCAR HISTORIC DISTRICT
526 EAST GWINNETT LN  SAVANNAH GA 31401,,SVR-01747,2026-12-04,2004306046,Brant Cooper,bcooper@southernfederal.net,9126603827,Type 2: Non-Owner-Occupied STVR Certificate,1,1,4,VICTORIAN HISTORIC DISTRICT
901   MONTGOMERY ST  SAVANNAH GA 31401,B,SVR-01754,2027-05-09,2005204005,Lucky Savannah Vacation Rentals,owners@luckysavannah.com,9124958582,Type 2: Non-Owner-Occupied STVR Certificate,2,,4,VICTORIAN HISTORIC DISTRICT
322 EAST OGLETHORPE AVE  SAVANNAH GA 31401,GARDEN,SVR-00173,2027-02-13,2001505009,Lucky Savannah Vacation Rentals,owners@luckysavannah.com,9124958582,Type 2: Non-Owner-Occupied STVR Certificate,1,,4,SAVANNAH DOWNTOWN HISTORIC DISTRICT
165 WEST BAY ST  SAVANNAH GA 31401,304,SVR-01766,2026-11-13,2000413045,Lucky Savannah Vacation Rentals,owners@luckysavannah.com,9124958582,Type 2: Non-Owner-Occupied STVR Certificate,2,1,4,SAVANNAH DOWNTOWN HISTORIC DISTRICT
222 EAST GORDON ST  SAVANNAH GA 31401,,SVR-01767,2026-11-08,2003235004,Anderson VIP Concierge LLC,mary@savannahluxuryrentals.com,9125252022,Type 2: Non-Owner-Occupied STVR Certificate,3,1,6,SAVANNAH DOWNTOWN HISTORIC DISTRICT
149  HABERSHAM ST  SAVANNAH GA 31401,Carriage House,SVR-00174,2027-02-13,2001505009,Lucky Savannah Vacation Rentals,owners@luckysavannah.com,9124958582,Type 2: Non-Owner-Occupied STVR Certificate,3,,8,SAVANNAH DOWNTOWN HISTORIC DISTRICT
140  PRICE ST  SAVANNAH GA 31401,,SVR-01784,2026-11-13,2000530016,Michael and Deborah Dyke,mike@thedykefamily.com,7035488309,Type 2: Non-Owner-Occupied STVR Certificate,3,1,6,SAVANNAH DOWNTOWN HISTORIC DISTRICT
513  TATTNALL ST  SAVANNAH GA 31401,,SVR-01787,2026-12-18,2004523007,Ronald Johnston and Holly Atwell,hollyatwellnc@yahoo.com,3363542999,Type 2: Non-Owner-Occupied STVR Certificate,2,,4,SAVANNAH DOWNTOWN HISTORIC DISTRICT
210 EAST TAYLOR ST  SAVANNAH GA 31401,A,SVR-01793,2026-12-03,2003213013,Michael Arcangelo,24squaresavannah@gmail.com,4126083989,Type 1: Owner-Occupied STVR Certificate,1,,4,SAVANNAH DOWNTOWN HISTORIC DISTRICT
210 EAST JONES LN  SAVANNAH GA 31401,,SVR-01794,2026-12-03,2003213013,Michael Arcangelo,24squaresavannah@gmail.com,4126083989,Type 1: Owner-Occupied STVR Certificate,1,,4,SAVANNAH DOWNTOWN HISTORIC DISTRICT
111 EAST BROAD ST  SAVANNAH GA 31401,,SVR-01796,2026-11-26,2000517002,Deborah Green,debmgreen17@gmail.com,2175210008,Type 2: Non-Owner-Occupied STVR Certificate,3,1,6,SAVANNAH DOWNTOWN HISTORIC DISTRICT
103 WEST GORDON ST  SAVANNAH GA 31401,C,SVR-01799,2027-02-06,2003242032,Lucky Savannah Vacation Rentals,owners@luckysavannah.com,9124958582,Type 2: Non-Owner-Occupied STVR Certificate,1,,4,SAVANNAH DOWNTOWN HISTORIC DISTRICT
319 WEST CONGRESS ST  SAVANNAH GA 31401,200,SVR-01800,2026-12-17,2001615005,NOLA RE Management Group LLC,compliance@stayheirloom.com,5045040523,Type 2: Non-Owner-Occupied STVR Certificate,3,,6,SAVANNAH DOWNTOWN HISTORIC DISTRICT
1009  MONTGOMERY ST  SAVANNAH GA 31401,,SVR-01802,2027-05-13,2005213010,Pamela Schmidt,1009montgomeryst31401@gmail.com,9125472383,Type 1: Owner-Occupied STVR Certificate,2,,4,VICTORIAN HISTORIC DISTRICT
208 WEST HENRY ST  SAVANNAH GA 31401,A,SVR-01804,2027-05-01,2005227015,Julie Russell,coralhouse@gmail.com,6198659410,Type 2: Non-Owner-Occupied STVR Certificate,2,1,4,VICTORIAN HISTORIC DISTRICT
208 WEST HENRY ST  SAVANNAH GA 31401,B,SVR-01805,2027-05-01,2005227015,Julie Russell,coralhouse@gmail.com,6198659410,Type 2: Non-Owner-Occupied STVR Certificate,2,1,4,VICTORIAN HISTORIC DISTRICT
206 WEST HENRY ST  SAVANNAH GA 31401,B,SVR-01806,2027-05-01,2005227015,Julie Russell,coralhouse@gmail.com,6198659410,Type 2: Non-Owner-Occupied STVR Certificate,2,1,4,VICTORIAN HISTORIC DISTRICT
815  WHITAKER ST  SAVANNAH GA 31401,,SVR-01809,2027-02-08,2004411009,Southern Belle Vacation Rentals,stvr@southernbellevr.com,9122890130,Type 2: Non-Owner-Occupied STVR Certificate,1,,4,VICTORIAN HISTORIC DISTRICT
310 WEST BROUGHTON ST  SAVANNAH GA 31401,3013,SVR-01810,2027-05-05,2001615043,Robert & Paula Crowe,paulajc@bellsouth.net,9122301135,Type 2: Non-Owner-Occupied STVR Certificate,1,,4,SAVANNAH DOWNTOWN HISTORIC DISTRICT
220 EAST ANDERSON ST  SAVANNAH GA 31401,,SVR-01811,2027-02-05,2005311026,Adriana Iberri,8adbi7@gmail.com,9123589992,Type 1: Owner-Occupied STVR Certificate,2,2,4,VICTORIAN HISTORIC DISTRICT
405 EAST HUNTINGDON ST  SAVANNAH GA 31401,B,SVR-01812,2027-02-08,2004403012,Lucky Savannah Vacation Rentals,owners@luckysavannah.com,9124958582,Type 2: Non-Owner-Occupied STVR Certificate,1,2,4,SAVANNAH DOWNTOWN HISTORIC DISTRICT
405 EAST HUNTINGDON ST  SAVANNAH GA 31401,A,SVR-01813,2027-02-08,2004403012,Lucky Savannah Vacation Rentals,owners@luckysavannah.com,9124958582,Type 2: Non-Owner-Occupied STVR Certificate,2,2,4,SAVANNAH DOWNTOWN HISTORIC DISTRICT
310 WEST BROUGHTON ST  SAVANNAH GA 31401,3003,SVR-01815,2027-02-22,2001615033,Cory Michael Skidmore,rihala@yahoo.com,6143320991,Type 2: Non-Owner-Occupied STVR Certificate,1,,4,SAVANNAH DOWNTOWN HISTORIC DISTRICT
814   DRAYTON ST  SAVANNAH GA 31401,,SVR-01816,2027-03-02,2004413035,Southern Belle Vacation Rentals,stvr@southernbellevr.com,9122890130,Type 2: Non-Owner-Occupied STVR Certificate,3,,6,VICTORIAN HISTORIC DISTRICT
539 EAST CONGRESS ST  SAVANNAH GA 31401,A,SVR-00178,2027-03-30,2000515010,Luxury Living Savannah,reservations@luxurylivingsavannah.com,9129997200,Type 2: Non-Owner-Occupied STVR Certificate,4,2,8,SAVANNAH DOWNTOWN HISTORIC DISTRICT
"309 W PARK AVE B, SAVANNAH, GA, 31401",B,SVR-01818,2027-05-20,2005217017,South Key Management Company,chase@southkeymgmt.com,9128001321,Type 1: Owner-Occupied STVR Certificate,1,1,4,VICTORIAN HISTORIC DISTRICT
407 EAST HUNTINGDON ST  SAVANNAH GA 31401,,SVR-01819,2027-04-04,2004403013,Lori Dawson,lori.dawson@me.com,9124844934,Type 2: Non-Owner-Occupied STVR Certificate,3,2,6,SAVANNAH DOWNTOWN HISTORIC DISTRICT
202 WEST BROUGHTON ST  SAVANNAH GA 31401,303,SVR-01821,2027-02-14,2001614303,Southern Belle Vacation Rentals,stvr@southernbellevr.com,9122890130,Type 2: Non-Owner-Occupied STVR Certificate,2,1,4,SAVANNAH DOWNTOWN HISTORIC DISTRICT
412 EAST 35TH LN  SAVANNAH GA 31401,Carriage House,SVR-01825,2027-01-30,2006411013,Southkey Management Company,chase@southkeymgmt.com,9128001321,Type 1: Owner-Occupied STVR Certificate,3,,6,STREETCAR HISTORIC DISTRICT
236 EAST OGLETHORPE AVE  SAVANNAH GA 31401,A,SVR-01826,2027-03-01,2001506018,Jacob Jarvis & Jacob Heroux,mklein@nsgmail.com,9125140404,Type 2: Non-Owner-Occupied STVR Certificate,5,3,10,SAVANNAH DOWNTOWN HISTORIC DISTRICT
236 EAST OGLETHORPE AVE  SAVANNAH GA 31401,B,SVR-01827,2027-03-01,2001506018,Jacob Jarvis & Jacob Heroux,mklein@nsgmail.com,9125140404,Type 2: Non-Owner-Occupied STVR Certificate,4,3,8,SAVANNAH DOWNTOWN HISTORIC DISTRICT
408 EAST MCDONOUGH ST  SAVANNAH GA 31401,,SVR-01829,2027-03-01,2001517027,Jacob Jarvis & Jacob Heroux,mklein@nsgmail.com,9125140404,Type 2: Non-Owner-Occupied STVR Certificate,3,1,6,SAVANNAH DOWNTOWN HISTORIC DISTRICT
539 EAST CONGRESS ST  SAVANNAH GA 31401,B,SVR-00179,2027-03-30,2000515010,Luxury Living Savannah,reservations@luxurylivingsavannah.com,9129997200,Type 2: Non-Owner-Occupied STVR Certificate,2,1,4,SAVANNAH DOWNTOWN HISTORIC DISTRICT
308 EAST 41ST ST  SAVANNAH GA 31401,,SVR-01831,2027-04-10,2007514013,Gretchen S. West,westgretchen@gmail.com,3109131006,Type 1: Owner-Occupied STVR Certificate,1,,4,STREETCAR HISTORIC DISTRICT
105 WEST OGLETHORPE AVE  SAVANNAH GA 31401,402,SVR-01833,2027-02-05,2001512003K,Chase Stahl d/b/a South Key Management Company,chase@southkeymgmt.com,9128001321,Type 2: Non-Owner-Occupied STVR Certificate,2,,4,SAVANNAH DOWNTOWN HISTORIC DISTRICT
26 EAST 41ST ST  SAVANNAH GA 31401,1/2,SVR-01834,2027-04-08,2007404012,Rendezvous Property Management,info@rpropmgt.com,9125251160,Type 2: Non-Owner-Occupied STVR Certificate,2,2,4,STREETCAR HISTORIC DISTRICT
100   BULL ST  SAVANNAH GA 31401,401,SVR-01835,2027-03-19,2000445008,Kasa Living Inc,licensing@kasa.com,6504513444,Type 2: Non-Owner-Occupied STVR Certificate,1,,4,SAVANNAH DOWNTOWN HISTORIC DISTRICT
100   BULL ST  SAVANNAH GA 31401,402,SVR-01836,2027-03-19,2000445008,Kasa Living Inc,licensing@kasa.com,6504513444,Type 2: Non-Owner-Occupied STVR Certificate,1,,4,SAVANNAH DOWNTOWN HISTORIC DISTRICT
100   BULL ST  SAVANNAH GA 31401,403,SVR-01837,2027-03-19,2000445008,Kasa Living Inc,licensing@kasa.com,6504513444,Type 2: Non-Owner-Occupied STVR Certificate,1,,4,SAVANNAH DOWNTOWN HISTORIC DISTRICT
100   BULL ST  SAVANNAH GA 31401,404,SVR-01838,2027-03-19,2000445008,Kasa Living Inc,licensing@kasa.com,6504513444,Type 2: Non-Owner-Occupied STVR Certificate,1,,4,SAVANNAH DOWNTOWN HISTORIC DISTRICT
100   BULL ST  SAVANNAH GA 31401,405,SVR-01839,2027-03-19,2000445008,Kasa Living Inc,licensing@kasa.com,6504513444,Type 2: Non-Owner-Occupied STVR Certificate,1,,4,SAVANNAH DOWNTOWN HISTORIC DISTRICT
100   BULL ST  SAVANNAH GA 31401,406,SVR-01840,2027-03-19,2000445008,Kasa Living Inc,licensing@kasa.com,6504513444,Type 2: Non-Owner-Occupied STVR Certificate,1,,4,SAVANNAH DOWNTOWN HISTORIC DISTRICT
100   BULL ST  SAVANNAH GA 31401,407,SVR-01841,2027-03-19,2000445008,Kasa Living Inc,licensing@kasa.com,6504513444,Type 2: Non-Owner-Occupied STVR Certificate,1,,4,SAVANNAH DOWNTOWN HISTORIC DISTRICT
100   BULL ST  SAVANNAH GA 31401,408,SVR-01842,2027-03-19,2000445008,Kasa Living Inc,licensing@kasa.com,6504513444,Type 2: Non-Owner-Occupied STVR Certificate,1,,4,SAVANNAH DOWNTOWN HISTORIC DISTRICT
100   BULL ST  SAVANNAH GA 31401,409,SVR-01843,2027-03-19,2000445008,Kasa Living Inc,licensing@kasa.com,6504513444,Type 2: Non-Owner-Occupied STVR Certificate,1,,4,SAVANNAH DOWNTOWN HISTORIC DISTRICT
100   BULL ST  SAVANNAH GA 31401,410,SVR-01844,2027-03-19,2000445008,Kasa Living Inc,licensing@kasa.com,6504513444,Type 2: Non-Owner-Occupied STVR Certificate,1,,4,SAVANNAH DOWNTOWN HISTORIC DISTRICT
100   BULL ST  SAVANNAH GA 31401,411,SVR-01845,2027-03-19,2000445008,Kasa Living Inc,licensing@kasa.com,6504513444,Type 2: Non-Owner-Occupied STVR Certificate,1,,4,SAVANNAH DOWNTOWN HISTORIC DISTRICT
100   BULL ST  SAVANNAH GA 31401,412,SVR-01846,2027-03-19,2000445008,Kasa Living Inc,licensing@kasa.com,6504513444,Type 2: Non-Owner-Occupied STVR Certificate,1,,4,SAVANNAH DOWNTOWN HISTORIC DISTRICT
100   BULL ST  SAVANNAH GA 31401,413,SVR-01847,2027-03-19,2000445008,Kasa Living Inc,licensing@kasa.com,6504513444,Type 2: Non-Owner-Occupied STVR Certificate,1,,4,SAVANNAH DOWNTOWN HISTORIC DISTRICT
100   BULL ST  SAVANNAH GA 31404,414,SVR-01848,2027-03-19,2000445008,Kasa Living Inc,licensing@kasa.com,6504513444,Type 2: Non-Owner-Occupied STVR Certificate,1,,4,SAVANNAH DOWNTOWN HISTORIC DISTRICT
705  TATTNALL ST  SAVANNAH GA 31401,,SVR-01849,2027-03-04,2004530005,Tybee Vacation Rentals,ownerservices@tybeevacationrentals.com,91278658537,Type 2: Non-Owner-Occupied STVR Certificate,3,1,6,SAVANNAH DOWNTOWN HISTORIC DISTRICT
202 EAST GASTON ST  SAVANNAH GA 31401,,SVR-01861,2027-06-08,2003246018,Lucky Savannah Vacation Rentals,owners@luckysavannah.com,9124958582,Type 2: Non-Owner-Occupied STVR Certificate,4,2,10,SAVANNAH DOWNTOWN HISTORIC DISTRICT
105 WEST JONES ST  SAVANNAH GA 31401,2,SVR-01863,2027-03-26,2003217008,Lucky Savannah Vacation Rentals,owners@luckysavannah.com,9124958582,Type 2: Non-Owner-Occupied STVR Certificate,1,,4,SAVANNAH DOWNTOWN HISTORIC DISTRICT
107 WEST JONES ST  SAVANNAH GA 31401,3,SVR-01864,2027-03-26,2003217007,Lucky Savannah Vacation Rentals,owners@luckysavannah.com,9124958582,Type 2: Non-Owner-Occupied STVR Certificate,1,,4,SAVANNAH DOWNTOWN HISTORIC DISTRICT
201 EAST GASTON ST  SAVANNAH GA 31401,C,SVR-01865,2027-03-27,2003251001,Lucky Savannah Vacation Rentals,owners@luckysavannah.com,9124958582,Type 2: Non-Owner-Occupied STVR Certificate,2,,6,SAVANNAH DOWNTOWN HISTORIC DISTRICT
201 EAST GASTON ST  SAVANNAH GA 31401,D,SVR-01866,2027-03-27,2003251001,Lucky Savannah Vacation Rentals,owners@luckysavannah.com,9124958582,Type 2: Non-Owner-Occupied STVR Certificate,1,,4,SAVANNAH DOWNTOWN HISTORIC DISTRICT
105 WEST JONES ST  SAVANNAH GA 31401,,SVR-00185,2027-06-14,2003217008,Lucky Savannah Vacation Rentals,owners@luckysavannah.com,9124958582,Type 2: Non-Owner-Occupied STVR Certificate,1,,4,SAVANNAH DOWNTOWN HISTORIC DISTRICT
323 EAST JONES ST  SAVANNAH GA 31401,LOWER,SVR-01894,2026-09-16,2003212011,You're on Savannah Tyme,tybeetymeproperties@gmail.com,9126551029,Type 1: Owner-Occupied STVR Certificate,1,,4,SAVANNAH DOWNTOWN HISTORIC DISTRICT
304 WEST PARK AVE  SAVANNAH GA 31401,B,SVR-01897,2027-03-11,2005214009F,24square Inc,24squaresavannah@gmail.com,9787667088,Type 1: Owner-Occupied STVR Certificate,2,,4,VICTORIAN HISTORIC DISTRICT
107 WEST JONES ST  SAVANNAH GA 31401,,SVR-00186,2027-06-14,2003217007,Lucky Savannah Vacation Rentals,owners@luckysavannah.com,9124958582,Type 2: Non-Owner-Occupied STVR Certificate,1,,4,SAVANNAH DOWNTOWN HISTORIC DISTRICT
510 EAST LIBERTY LN  SAVANNAH GA 31401,Carriage House,SVR-01905,2027-05-05,2001413025,Arise Property Management,contact@stayatarise.com,9123880845,Type 2: Non-Owner-Occupied STVR Certificate,1,1,4,SAVANNAH DOWNTOWN HISTORIC DISTRICT
511 EAST LIBERTY ST  SAVANNAH GA 31401,A,SVR-01906,2027-05-05,2001413025,Arise Property Management,contact@stayatarise.com,9123880845,Type 2: Non-Owner-Occupied STVR Certificate,3,1,6,SAVANNAH DOWNTOWN HISTORIC DISTRICT
511 EAST LIBERTY ST  SAVANNAH GA 31401,B,SVR-01907,2027-05-05,2001413025,Arise Property Management,contact@stayatarise.com,9123880845,Type 2: Non-Owner-Occupied STVR Certificate,1,1,4,SAVANNAH DOWNTOWN HISTORIC DISTRICT
201 EAST GASTON ST  SAVANNAH GA 31401,A,SVR-00187,2027-02-12,2003251001,Lucky Savannah Vacation Rentals,owners@luckysavannah.com,9124958582,Type 2: Non-Owner-Occupied STVR Certificate,1,,4,SAVANNAH DOWNTOWN HISTORIC DISTRICT
544 EAST PERRY LN  SAVANNAH GA 31401,,SVR-01911,2027-03-19,2001411013,Southern Belle Vacation Rentals,stvr@southernbellevr.com,9122890130,Type 1: Owner-Occupied STVR Certificate,1,,4,SAVANNAH DOWNTOWN HISTORIC DISTRICT
111 WEST GORDON ST  SAVANNAH GA 31401,A,SVR-01912,2027-03-25,2003242010,Southern Belle Vacation Rentals,stvr@southernbellevr.com,9122890130,Type 1: Owner-Occupied STVR Certificate,1,,4,SAVANNAH DOWNTOWN HISTORIC DISTRICT
111 WEST GORDON ST  SAVANNAH GA 31401,3,SVR-01913,2027-03-25,2003242010,Lucky Savannah Vacation Rentals,owners@luckysavannah.com,9124958582,Type 1: Owner-Occupied STVR Certificate,1,,4,SAVANNAH DOWNTOWN HISTORIC DISTRICT
50 EAST BROAD ST  SAVANNAH GA 31401,13,SVR-01920,2027-04-07,2000506019,GINA STONE d/b/a STAY SAVANNAH VACATION RENTALS,staysavannah@bellsouth.net,8889190008,Type 2: Non-Owner-Occupied STVR Certificate,1,1,4,SAVANNAH DOWNTOWN HISTORIC DISTRICT
201 EAST GASTON ST  SAVANNAH GA 31401,B,SVR-00188,2027-02-12,2003251001,Lucky Savannah Vacation Rentals,owners@luckysavannah.com,9124958582,Type 2: Non-Owner-Occupied STVR Certificate,1,,4,SAVANNAH DOWNTOWN HISTORIC DISTRICT
231   HOUSTON ST  SAVANNAH GA 31401,B,SVR-01923,2027-03-26,2001408007,Lucky Savannah Vacation Rentals,owners@luckysavannah.com,9124958582,Type 2: Non-Owner-Occupied STVR Certificate,1,,4,SAVANNAH DOWNTOWN HISTORIC DISTRICT
231  HOUSTON ST  SAVANNAH GA 31401,A,SVR-01924,2027-03-26,2001408007,Lucky Savannah Vacation Rentals,owners@luckysavannah.com,9124958582,Type 2: Non-Owner-Occupied STVR Certificate,2,,4,SAVANNAH DOWNTOWN HISTORIC DISTRICT
218 EAST TAYLOR ST  SAVANNAH GA 31401,A,SVR-01925,2027-08-20,2003213010,Lillian Proveaux,lillianproveaux@yahoo.com,9542497242,Type 2: Non-Owner-Occupied STVR Certificate,1,,4,SAVANNAH DOWNTOWN HISTORIC DISTRICT
218 EAST JONES LN  SAVANNAH GA 31401,Carriage House,SVR-01927,2027-08-20,2003213010,Lillian Proveaux,lillianproveaux@yahoo.com,9542497242,Type 2: Non-Owner-Occupied STVR Certificate,1,,4,SAVANNAH DOWNTOWN HISTORIC DISTRICT
414 WEST WAYNE ST  SAVANNAH GA 31401,,SVR-01929,2027-05-20,2004507004,Chase Stahl,chase@southkeymgmt.com,9128001321,Type 2: Non-Owner-Occupied STVR Certificate,3,2,6,SAVANNAH DOWNTOWN HISTORIC DISTRICT
416 WEST WAYNE ST  SAVANNAH GA 31401,,SVR-01930,2027-05-20,2004507004,Chase Stahl,chase@southkeymgmt.com,9128001321,Type 2: Non-Owner-Occupied STVR Certificate,3,2,6,SAVANNAH DOWNTOWN HISTORIC DISTRICT
418 WEST WAYNE ST  SAVANNAH GA 31401,,SVR-01931,2027-05-20,2004507004,Chase Stahl,chase@southkeymgmt.com,9128001321,Type 2: Non-Owner-Occupied STVR Certificate,2,1,4,SAVANNAH DOWNTOWN HISTORIC DISTRICT
420 WEST WAYNE ST  SAVANNAH GA 31401,,SVR-01933,2027-05-20,2004507004,Chase Stahl,chase@southkeymgmt.com,9128001321,Type 2: Non-Owner-Occupied STVR Certificate,1,1,4,SAVANNAH DOWNTOWN HISTORIC DISTRICT
541 EAST JONES LN  SAVANNAH GA 31401,,SVR-01935,2027-04-07,2003301023,Vacasa LLC,permitting@vacasa.com,5033459399,Type 2: Non-Owner-Occupied STVR Certificate,2,2,6,SAVANNAH DOWNTOWN HISTORIC DISTRICT
117  LINCOLN ST  SAVANNAH GA 31401,6-B,SVR-01937,2027-04-08,2000447059,JW Management of Savannah LLC,jwmgmt912@gmail.com,9125705070,Type 2: Non-Owner-Occupied STVR Certificate,2,,4,SAVANNAH DOWNTOWN HISTORIC DISTRICT
313 EAST PARK AVE  SAVANNAH GA 31401,,SVR-01938,2027-04-08,2005302018,Ryan Murphy d/b/a ILLUKI LLC,illuki912@gmail.com,6183039350,Type 2: Non-Owner-Occupied STVR Certificate,2,2,4,VICTORIAN HISTORIC DISTRICT
419   MONTGOMERY ST  SAVANNAH GA 31401,2,SVR-01940,2027-04-08,2004505001,Lucky Savannah Vacation Rentals,owners@luckysavannah.com,9124958582,Type 2: Non-Owner-Occupied STVR Certificate,3,2,6,SAVANNAH DOWNTOWN HISTORIC DISTRICT
105 EAST DUFFY ST  SAVANNAH GA 31401,B,SVR-01942,2027-06-26,2005303011,NOLA RE Management Group LLC,compliance@stayheirloom.com,5043752300,Type 2: Non-Owner-Occupied STVR Certificate,4,1,8,VICTORIAN HISTORIC DISTRICT
105 EAST DUFFY ST  SAVANNAH GA 31401,A,SVR-01943,2027-06-26,2005303011,NOLA RE Management Group LLC,compliance@stayheirloom.com,5043752300,Type 2: Non-Owner-Occupied STVR Certificate,3,1,6,VICTORIAN HISTORIC DISTRICT
1116  HABERSHAM ST  SAVANNAH GA 31401,1,SVR-01944,2027-04-29,2005301008,Mathew and Aimee Stoessiger and Dostie,rentals@savrealty.com,9123881922,Type 2: Non-Owner-Occupied STVR Certificate,1,,4,VICTORIAN HISTORIC DISTRICT
402 EAST DUFFY ST  SAVANNAH GA 31401,1,SVR-01945,2027-04-29,2005301008,Mathew and Aimee Stoessiger and Dostie,rentals@savrealty.com,9123881922,Type 2: Non-Owner-Occupied STVR Certificate,1,,4,VICTORIAN HISTORIC DISTRICT
402 EAST DUFFY ST  SAVANNAH GA 31401,2,SVR-01946,2027-04-29,2005301008,Mathew and Aimee Stoessiger and Dostie,rentals@savrealty.com,9123881922,Type 2: Non-Owner-Occupied STVR Certificate,2,,4,VICTORIAN HISTORIC DISTRICT
608  HABERSHAM ST  SAVANNAH GA 31401,,SVR-01948,2027-05-05,2004403010,Lucky Savannah Vacation Rentals,owners@luckysavannah.com,9124958582,Type 1: Owner-Occupied STVR Certificate,3,,6,SAVANNAH DOWNTOWN HISTORIC DISTRICT
214 EAST JONES ST  SAVANNAH GA 31401,Carriage House (aka Unit 1/2),SVR-01960,2027-06-28,2003208012A,Lucky Savannah Vacation Rentals,owners@luckysavannah.com,9124958582,Type 2: Non-Owner-Occupied STVR Certificate,1,,4,SAVANNAH DOWNTOWN HISTORIC DISTRICT
121 WEST JONES ST  SAVANNAH GA 31401,F,SVR-01961,2027-06-07,2003217029,Cora Bett Thomas Rentals and Management,stvr@cbtrentals.com,9125036652,Type 2: Non-Owner-Occupied STVR Certificate,1,1,4,SAVANNAH DOWNTOWN HISTORIC DISTRICT
514 EAST GWINNETT ST  SAVANNAH GA 31401,,SVR-01963,2027-07-02,2004302042,Jason & Jenny House,jennymhouse@comcast.net,9126600267,Type 2: Non-Owner-Occupied STVR Certificate,3,2,6,SAVANNAH DOWNTOWN HISTORIC DISTRICT
107 WEST PARK AVE  SAVANNAH GA 31401,,SVR-01966,2027-07-17,2004430029,NOLA RE Management Group LLC,compliance@stayheirloom.com,5045070523,Type 2: Non-Owner-Occupied STVR Certificate,6,4,12,VICTORIAN HISTORIC DISTRICT
104 WEST BROUGHTON ST  SAVANNAH GA 31401,A,SVR-01971,2027-06-26,2000436317,Carlos Cordero,stayheresavannah@gmail.com,9126503343,Type 2: Non-Owner-Occupied STVR Certificate,2,,4,SAVANNAH DOWNTOWN HISTORIC DISTRICT
506 EAST PARK AVE  SAVANNAH GA 31401,,SVR-01972,2027-07-19,2004314017,Caitlin Condon,caitlinccondon@gmail.com,7813088131,Type 1: Owner-Occupied STVR Certificate,2,,4,VICTORIAN HISTORIC DISTRICT
310 WEST CHARLTON ST  SAVANNAH GA 31401,,SVR-01973,2027-07-11,2003120004,Kevin Fiora,krfiora001@gmail.com,3016021657,Type 2: Non-Owner-Occupied STVR Certificate,2,,4,SAVANNAH DOWNTOWN HISTORIC DISTRICT
1711  HABERSHAM ST  SAVANNAH GA 31401,,SVR-01974,2027-07-05,2005340011,Jewell Anderson,habhouse1733@gmail.com,9125074919,Type 1: Owner-Occupied STVR Certificate,2,,4,STREETCAR HISTORIC DISTRICT
115 EAST BAY ST  SAVANNAH GA 31401,2A,SVR-00193,2027-04-05,2000416009,Lucky Savannah Vacation Rentals,owners@luckysavannah.com,9124958582,Type 2: Non-Owner-Occupied STVR Certificate,1,1,4,SAVANNAH DOWNTOWN HISTORIC DISTRICT
313  ABERCORN ST  SAVANNAH GA 31401,,SVR-01978,2027-07-18,2001533005,Chaz Fraser,contact@stayatarise.com,9123880845,Type 2: Non-Owner-Occupied STVR Certificate,1,,4,SAVANNAH DOWNTOWN HISTORIC DISTRICT
313  ABERCORN ST  SAVANNAH GA 31401,2,SVR-01979,2027-07-18,2001533005,Chaz Fraser,contact@stayatarise.com,9123880845,Type 2: Non-Owner-Occupied STVR Certificate,1,,4,SAVANNAH DOWNTOWN HISTORIC DISTRICT
313  ABERCORN ST  SAVANNAH GA 31401,3,SVR-01980,2027-07-18,2001533005,Chaz Fraser,contact@stayatarise.com,9123880845,Type 2: Non-Owner-Occupied STVR Certificate,1,,4,SAVANNAH DOWNTOWN HISTORIC DISTRICT
313  ABERCORN ST  SAVANNAH GA 31401,4,SVR-01981,2027-07-18,2001533005,Chaz Fraser,contact@stayatarise.com,9123880845,Type 2: Non-Owner-Occupied STVR Certificate,1,,4,SAVANNAH DOWNTOWN HISTORIC DISTRICT
202 WEST WALDBURG ST  SAVANNAH GA 31401,,SVR-01982,2027-07-25,2004417020,Laura Robinson,southerngracegetaways@yahoo.com,9126008086,Type 2: Non-Owner-Occupied STVR Certificate,3,1,6,VICTORIAN HISTORIC DISTRICT
125 WEST GORDON ST  SAVANNAH GA 31401,A,SVR-01983,2027-08-06,2003242003,Luxury Living Savannah,reservations@luxurylivingsavannah.com,9129997200,Type 2: Non-Owner-Occupied STVR Certificate,2,,4,SAVANNAH DOWNTOWN HISTORIC DISTRICT
125 WEST GORDON ST  SAVANNAH GA 31401,B,SVR-01984,2027-08-06,2003242003,Luxury Living Savannah,reservations@luxurylivingsavannah.com,9129997200,Type 2: Non-Owner-Occupied STVR Certificate,1,,4,SAVANNAH DOWNTOWN HISTORIC DISTRICT
125 WEST GORDON ST  SAVANNAH GA 31401,C,SVR-01985,2027-08-06,2003242003,Luxury Living Savannah,reservations@luxurylivingsavannah.com,9129997200,Type 2: Non-Owner-Occupied STVR Certificate,1,,4,SAVANNAH DOWNTOWN HISTORIC DISTRICT
125 WEST GORDON ST  SAVANNAH GA 31401,D,SVR-01986,2027-08-06,2003242003,Luxury Living Savannah,reservations@luxurylivingsavannah.com,9129997200,Type 2: Non-Owner-Occupied STVR Certificate,1,,4,SAVANNAH DOWNTOWN HISTORIC DISTRICT
115 EAST BAY ST  SAVANNAH GA 31401,2B,SVR-00194,2027-04-05,2000416009,Lucky Savannah Vacation Rentals,owners@luckysavannah.com,9124958582,Type 2: Non-Owner-Occupied STVR Certificate,1,1,4,SAVANNAH DOWNTOWN HISTORIC DISTRICT
417 WEST WALDBURG LN  SAVANNAH GA 31401,A,SVR-01992,2027-07-19,2005213013,Johnathan Felton,info@coolbnbs.com,9124641185,Type 2: Non-Owner-Occupied STVR Certificate,1,1,4,VICTORIAN HISTORIC DISTRICT
417 WEST WALDBURG LN  SAVANNAH GA 31401,B,SVR-01994,2027-07-19,2005213013,Jonathan Felton,info@coolbnbs.com,9124641185,Type 2: Non-Owner-Occupied STVR Certificate,2,1,4,VICTORIAN HISTORIC DISTRICT
417 WEST WALDBURG LN  SAVANNAH GA 31401,C,SVR-01995,2027-07-19,2005213013,Johnathan Felton,info@coolbnbs.com,9124641185,Type 2: Non-Owner-Occupied STVR Certificate,1,1,4,VICTORIAN HISTORIC DISTRICT
414 WEST PARK AVE  SAVANNAH GA 31401,A,SVR-01996,2027-07-19,2005213013,Johnathan Felton,info@coolbnbs.com,9124641185,Type 2: Non-Owner-Occupied STVR Certificate,2,,4,VICTORIAN HISTORIC DISTRICT
414 WEST PARK AVE  SAVANNAH GA 31401,B,SVR-01997,2027-07-19,2005213013,Johnathan Felton,info@coolbnbs.com,9124641185,Type 2: Non-Owner-Occupied STVR Certificate,2,,4,VICTORIAN HISTORIC DISTRICT
115 EAST BAY ST  SAVANNAH GA 31401,3A,SVR-00195,2027-04-05,2000416009,Lucky Savannah Vacation Rentals,owners@luckysavannah.com,9124958582,Type 2: Non-Owner-Occupied STVR Certificate,1,1,4,SAVANNAH DOWNTOWN HISTORIC DISTRICT
901  MONTGOMERY ST  SAVANNAH GA 31401,A,SVR-02000,2027-05-09,2005204005,Lucky Savannah Vacation Rentals,owners@luckysavannah.com,9124958582,Type 2: Non-Owner-Occupied STVR Certificate,2,,4,VICTORIAN HISTORIC DISTRICT
310 WEST BROUGHTON ST  SAVANNAH GA 31401,2009,SVR-02001,2027-08-05,2001615024,Chase Stahl,chase@southkeymgmt.com,9128001321,Type 2: Non-Owner-Occupied STVR Certificate,1,,4,SAVANNAH DOWNTOWN HISTORIC DISTRICT
213 WEST HENRY ST  SAVANNAH GA 31401,,SVR-02002,2026-10-16,2005228017,Jessica Dorman,jessica.maria.dorman@gmail.com,8472939111,Type 2: Non-Owner-Occupied STVR Certificate,2,2,4,VICTORIAN HISTORIC DISTRICT
215 WEST HENRY ST  SAVANNAH GA 31401,,SVR-02003,2026-10-16,2005228018,Jessica Dorman,jessica.maria.dorman@gmail.com,8472939111,Type 2: Non-Owner-Occupied STVR Certificate,2,2,4,VICTORIAN HISTORIC DISTRICT
531 EAST PERRY LN  SAVANNAH GA 31401,Carriage House,SVR-02004,2027-08-11,2001411015,Lucky Savannah Vacation Rentals,owners@luckysavannah.com,9124958582,Type 2: Non-Owner-Occupied STVR Certificate,1,,4,SAVANNAH DOWNTOWN HISTORIC DISTRICT
531 EAST PERRY ST  SAVANNAH GA 31401,Main House,SVR-02005,2027-08-11,2001411015,Lucky Savannah Vacation Rentals,owners@luckysavannah.com,9124958582,Type 2: Non-Owner-Occupied STVR Certificate,2,2,4,SAVANNAH DOWNTOWN HISTORIC DISTRICT
509  WHITAKER ST  SAVANNAH GA 31401,A,SVR-02009,2026-10-25,2003253003,Deborah Schott,deborahschott13@gmail.com,9125035213,Type 2: Non-Owner-Occupied STVR Certificate,2,,4,SAVANNAH DOWNTOWN HISTORIC DISTRICT
115 EAST BAY ST  SAVANNAH GA 31401,3B,SVR-00196,2027-04-05,2000416009,Lucky Savannah Vacation Rentals,owners@luckysavannah.com,9124958582,Type 2: Non-Owner-Occupied STVR Certificate,1,1,4,SAVANNAH DOWNTOWN HISTORIC DISTRICT
509  WHITAKER ST  SAVANNAH GA 31401,B,SVR-02010,2026-10-25,2003253003,Deborah Schott,deborahschott13@gmail.com,9125035213,Type 2: Non-Owner-Occupied STVR Certificate,1,,4,SAVANNAH DOWNTOWN HISTORIC DISTRICT
509  WHITAKER ST  SAVANNAH GA 31401,C,SVR-02011,2026-10-25,2003253003,Deborah Schott,deborahschott13@gmail.com,9125035213,Type 2: Non-Owner-Occupied STVR Certificate,5,,10,SAVANNAH DOWNTOWN HISTORIC DISTRICT
2010  BONA BELLA AVE  SAVANNAH GA 31406,3,SVR-02014,2026-09-17,2014105005,Colleen Smith,colleen.smith@cohensretreat.com,9126611209,Type 2: Non-Owner-Occupied STVR Certificate,1,2,4,EmptyFieldDisplayStrategy.HIDE
2010  BONA BELLA AVE  SAVANNAH GA 31406,4,SVR-02016,2026-09-17,2014105005,Colleen Smith,colleen.smith@cohensretreat.com,9126611209,Type 2: Non-Owner-Occupied STVR Certificate,1,2,4,EmptyFieldDisplayStrategy.HIDE
2010  BONA BELLA AVE  SAVANNAH GA 31406,5,SVR-02017,2026-09-17,2014105005,Colleen Smith,colleen.smith@cohensretreat.com,9126611209,Type 2: Non-Owner-Occupied STVR Certificate,1,2,4,EmptyFieldDisplayStrategy.HIDE
2010  BONA BELLA AVE  SAVANNAH GA 31406,6,SVR-02018,2026-09-17,2014105005,Colleen Smith,colleen.smith@cohensretreat.com,9126611209,Type 2: Non-Owner-Occupied STVR Certificate,1,2,4,EmptyFieldDisplayStrategy.HIDE
2010  BONA BELLA AVE  SAVANNAH GA 31406,7,SVR-02019,2026-09-17,2014105005,Colleen Smith,colleen.smith@cohensretreat.com,9126611209,Type 2: Non-Owner-Occupied STVR Certificate,1,2,4,EmptyFieldDisplayStrategy.HIDE
2010  BONA BELLA AVE  SAVANNAH GA 31406,8,SVR-02021,2026-09-17,2014105005,Colleen Smith,colleen.smith@cohensretreat.com,9126611209,Type 2: Non-Owner-Occupied STVR Certificate,1,2,4,EmptyFieldDisplayStrategy.HIDE
2010  BONA BELLA AVE  SAVANNAH GA 31406,9,SVR-02022,2026-09-17,2014105005,Colleen Smith,colleen.smith@cohensretreat.com,9126611209,Type 2: Non-Owner-Occupied STVR Certificate,1,2,4,EmptyFieldDisplayStrategy.HIDE
2010  BONA BELLA AVE  SAVANNAH GA 31406,10,SVR-02023,2026-09-17,2014105005,Colleen Smith,colleen.smith@cohensretreat.com,9126611209,Type 2: Non-Owner-Occupied STVR Certificate,1,2,4,EmptyFieldDisplayStrategy.HIDE
2010  BONA BELLA AVE  SAVANNAH GA 31406,11,SVR-02024,2026-09-17,2014105005,Colleen Smith,colleen.smith@cohensretreat.com,9126611209,Type 2: Non-Owner-Occupied STVR Certificate,1,2,4,EmptyFieldDisplayStrategy.HIDE
2010  BONA BELLA AVE  SAVANNAH GA 31406,12,SVR-02025,2026-09-17,2014105005,Colleen Smith,colleen.smith@cohensretreat.com,9126611209,Type 2: Non-Owner-Occupied STVR Certificate,1,2,4,EmptyFieldDisplayStrategy.HIDE
903  MONTGOMERY ST  SAVANNAH GA 31401,,SVR-02026,2027-08-26,2005204006,Mathew and Aimee Stoessiger and Dostie,rentals@savrealty.com,9123881922,Type 2: Non-Owner-Occupied STVR Certificate,3,,6,VICTORIAN HISTORIC DISTRICT
905  MONTGOMERY ST  SAVANNAH GA 31401,,SVR-02027,2027-08-26,2005204006,Mathew and Aimee Stoessiger and Dostie,rentals@savrealty.com,9123881922,Type 2: Non-Owner-Occupied STVR Certificate,3,,6,VICTORIAN HISTORIC DISTRICT
314 EAST HENRY ST  SAVANNAH GA 31401,A,SVR-02028,2026-09-13,2005305004,Eric Hess,eric49hess@yahoo.com,8316820171,Type 1: Owner-Occupied STVR Certificate,2,1,4,VICTORIAN HISTORIC DISTRICT
519 EAST LIBERTY ST  SAVANNAH GA 31401,B,SVR-02031,2027-09-18,2001413029,Mary Anderson,mary@savannahluxuryrentals.com,9125252022,Type 2: Non-Owner-Occupied STVR Certificate,1,1,4,SAVANNAH DOWNTOWN HISTORIC DISTRICT
519 EAST LIBERTY ST  SAVANNAH GA 31401,A,SVR-02032,2027-09-18,2001413029,Mary Anderson,mary@savannahluxuryrentals.com,9125252022,Type 2: Non-Owner-Occupied STVR Certificate,3,1,6,SAVANNAH DOWNTOWN HISTORIC DISTRICT
518 EAST LIBERTY LN  SAVANNAH GA 31401,Carriage House,SVR-02033,2027-09-18,2001413029,Mary Anderson,mary@savannahluxuryrentals.com,9125252022,Type 2: Non-Owner-Occupied STVR Certificate,1,1,4,SAVANNAH DOWNTOWN HISTORIC DISTRICT
165 WEST BAY ST  SAVANNAH GA 31401,305,SVR-02035,2026-09-26,2000413046,Lucky Savannah Vacation Rentals,owners@luckysavannah.com,9124958582,Type 2: Non-Owner-Occupied STVR Certificate,2,1,4,SAVANNAH DOWNTOWN HISTORIC DISTRICT
459  TATTNALL ST  SAVANNAH GA 31401,A,SVR-02038,2026-10-03,2004517005,DANIEL ANTHONY & ANNE OSIMANI,tattnallmews@gmail.com,9124145211,Type 1: Owner-Occupied STVR Certificate,1,,4,SAVANNAH DOWNTOWN HISTORIC DISTRICT
459   TATTNALL ST  SAVANNAH GA 31401,B,SVR-02039,2026-10-03,2004517005,DANIEL ANTHONY & ANNE OSIMANI,tattnallmews@gmail.com,5405577622,Type 1: Owner-Occupied STVR Certificate,1,,4,SAVANNAH DOWNTOWN HISTORIC DISTRICT
202 WEST BROUGHTON ST  SAVANNAH GA 31401,300,SVR-02046,2027-10-02,2001614300,John Dillon,mossandoaksavannah@gmail.com,9126929393,Type 2: Non-Owner-Occupied STVR Certificate,1,,4,SAVANNAH DOWNTOWN HISTORIC DISTRICT
514 EAST LIBERTY LN  SAVANNAH GA 31401,,SVR-02047,2026-10-02,2001413027,Southern Belle Vacation Rentals,stvr@southernbellevr.com,9122890130,Type 2: Non-Owner-Occupied STVR Certificate,1,1,4,SAVANNAH DOWNTOWN HISTORIC DISTRICT
55  MONTGOMERY ST  SAVANNAH GA 31401,1,SVR-02048,2026-10-08,2001616011,Southern Belle Vacation Rentals,stvr@southernbellevr.com,9122890130,Type 2: Non-Owner-Occupied STVR Certificate,3,,6,SAVANNAH DOWNTOWN HISTORIC DISTRICT
121 WEST PARK AVE  SAVANNAH GA 31401,1,SVR-02049,2026-10-11,2004430022,Cindy Murray,tmurray1@snet.net,2033132751,Type 2: Non-Owner-Occupied STVR Certificate,1,1,4,VICTORIAN HISTORIC DISTRICT
2502  LARKIN AVE  SAVANNAH GA 31404,,SVR-02051,2027-03-13,2005910001,Margaret Emily Jones,mejones721@gmail.com,9128442321,Type 2: Non-Owner-Occupied STVR Certificate,1,1,4,EmptyFieldDisplayStrategy.HIDE
522 EAST LIBERTY LN  SAVANNAH GA 31401,,SVR-02063,2026-10-27,2001413031,Lucky Savannah Vacation Rentals,owners@luckysavannah.com,9124958582,Type 2: Non-Owner-Occupied STVR Certificate,1,2,4,SAVANNAH DOWNTOWN HISTORIC DISTRICT
523 EAST LIBERTY ST  SAVANNAH GA 31401,A,SVR-02064,2026-10-27,2001413031,Lucky Savannah Vacation Rentals,owners@luckysavannah.com,9124958582,Type 2: Non-Owner-Occupied STVR Certificate,2,2,4,SAVANNAH DOWNTOWN HISTORIC DISTRICT
523 EAST LIBERTY ST  SAVANNAH GA 31401,B,SVR-02065,2026-10-27,2001413031,Lucky Savannah Vacation Rentals,owners@luckysavannah.com,9124958582,Type 2: Non-Owner-Occupied STVR Certificate,1,2,4,SAVANNAH DOWNTOWN HISTORIC DISTRICT
418 EAST GASTON ST  SAVANNAH GA 31401,,SVR-00201,2027-07-08,2003248016A,Lucky Savannah Vacation Rentals,owners@luckysavannah.com,9124958582,Type 2: Non-Owner-Occupied STVR Certificate,2,,6,SAVANNAH DOWNTOWN HISTORIC DISTRICT
210 EAST STATE ST  SAVANNAH GA 31401,15,SVR-02066,2027-01-22,2000447024,Janice Waldrop,nahj_5426@yahoo.com,9125083512,Type 2: Non-Owner-Occupied STVR Certificate,1,,4,SAVANNAH DOWNTOWN HISTORIC DISTRICT
536 EAST STATE ST  SAVANNAH GA 31401,,SVR-02081,2026-12-31,2000517013,Southern Belle Vacation Rentals,stvr@southernbellevr.com,9122890130,Type 2: Non-Owner-Occupied STVR Certificate,1,,4,SAVANNAH DOWNTOWN HISTORIC DISTRICT
200 WEST JONES ST  SAVANNAH GA 31401,,SVR-02083,2026-12-16,2003128002,South Key Management Company,chase@southkeymgmt.com,9128001321,Type 1: Owner-Occupied STVR Certificate,1,,4,SAVANNAH DOWNTOWN HISTORIC DISTRICT
202 WEST JONES ST  SAVANNAH GA 31401,,SVR-02084,2026-12-16,2003128002,South Key Management Company,chase@southkeymgmt.com,9128001321,Type 1: Owner-Occupied STVR Certificate,1,,4,SAVANNAH DOWNTOWN HISTORIC DISTRICT
515 EAST WALDBURG ST  SAVANNAH GA 31401,A,SVR-02085,2026-11-26,2004314023,"Cecil McLendon, Jr.",cecilmclendon@hotmail.com,4047847904,Type 1: Owner-Occupied STVR Certificate,1,1,4,VICTORIAN HISTORIC DISTRICT
515 EAST WALDBURG ST  SAVANNAH GA 31401,B,SVR-02086,2026-11-26,2004314023,"Cecil McLendon, Jr.",cecilmclendon@hotmail.com,4047847904,Type 1: Owner-Occupied STVR Certificate,1,1,4,VICTORIAN HISTORIC DISTRICT
525 EAST JONES ST  SAVANNAH GA 31401,,SVR-00203,2026-11-28,2003301044,Lucky Savannah Vacation Rentals,owners@luckysavannah.com,9124958582,Type 2: Non-Owner-Occupied STVR Certificate,3,2,8,SAVANNAH DOWNTOWN HISTORIC DISTRICT
515 EAST WALDBURG ST  SAVANNAH GA 31401,C,SVR-02087,2026-11-26,2004314023,"Cecil McLendon, Jr.",cecilmclendon@hotmail.com,4047847904,Type 1: Owner-Occupied STVR Certificate,1,1,4,VICTORIAN HISTORIC DISTRICT
413 EAST HALL ST  SAVANNAH GA 31401,A,SVR-02089,2026-12-05,2004408026,Mary Anderson d/b/a Anderson VIP Concierge LLC,mary@savannahluxuryrentals.com,9125252022,Type 2: Non-Owner-Occupied STVR Certificate,2,,4,SAVANNAH DOWNTOWN HISTORIC DISTRICT
413 EAST HALL ST  SAVANNAH GA 31401,B,SVR-02090,2026-12-05,2004408026,Mary Anderson d/b/a Anderson VIP Concierge LLC,mary@savannahluxuryrentals.com,9125252022,Type 2: Non-Owner-Occupied STVR Certificate,2,,4,SAVANNAH DOWNTOWN HISTORIC DISTRICT
413 EAST HALL ST  SAVANNAH GA 31401,C,SVR-02091,2026-12-05,2004408026,Mary Anderson d/b/a Anderson VIP Concierge LLC,mary@savannahluxuryrentals.com,9125252022,Type 2: Non-Owner-Occupied STVR Certificate,1,,4,SAVANNAH DOWNTOWN HISTORIC DISTRICT
222 EAST ANDERSON ST  SAVANNAH GA 31401,,SVR-02092,2027-01-22,2005311025,Kasandra Clark,kacic124@gmail.com,4044031148,Type 1: Owner-Occupied STVR Certificate,3,2,6,VICTORIAN HISTORIC DISTRICT
223 WEST WALDBURG ST  SAVANNAH GA 31401,B,SVR-02093,2027-01-02,2005215033,24square Inc,24squaresavannah@gmail.com,9787667088,Type 2: Non-Owner-Occupied STVR Certificate,2,,4,VICTORIAN HISTORIC DISTRICT
1110  DRAYTON ST  SAVANNAH GA 31401,B,SVR-02095,2026-12-12,2004433012,Ander Jenkins,mjenkins@igc.org,9127479789,Type 2: Non-Owner-Occupied STVR Certificate,2,1,4,VICTORIAN HISTORIC DISTRICT
1902  HOWARD ST  SAVANNAH GA 31401,Carriage House,SVR-02096,2027-01-02,2006507013,Robert Lingle III,rob.lingle@gmail.com,9123083143,Type 1: Owner-Occupied STVR Certificate,1,1,4,STREETCAR HISTORIC DISTRICT
520 EAST LIBERTY LN  SAVANNAH GA 31401,,SVR-02097,2026-12-31,2001413030,24square Inc,24squaresavannah@gmail.com,9787667088,Type 2: Non-Owner-Occupied STVR Certificate,1,,4,SAVANNAH DOWNTOWN HISTORIC DISTRICT
521 EAST LIBERTY ST  SAVANNAH GA 31401,A,SVR-02098,2026-12-31,2001413030,24square Inc,24squaresavannah@gmail.com,9787667088,Type 2: Non-Owner-Occupied STVR Certificate,2,,4,SAVANNAH DOWNTOWN HISTORIC DISTRICT
521 EAST LIBERTY ST  SAVANNAH GA 31401,B,SVR-02099,2026-12-31,2001413030,24square Inc,24squaresavannah@gmail.com,9787667088,Type 2: Non-Owner-Occupied STVR Certificate,1,,4,SAVANNAH DOWNTOWN HISTORIC DISTRICT
308 WEST GWINNETT ST  SAVANNAH GA 31401,,SVR-02103,2027-02-07,2004529020,Southern Belle Vacation Rentals,stvr@southernbellevr.com,9122190130,Type 2: Non-Owner-Occupied STVR Certificate,3,1,6,SAVANNAH DOWNTOWN HISTORIC DISTRICT
111  LINCOLN ST  SAVANNAH GA 31401,1-A,SVR-02105,2027-03-09,2000447048,Mary Anderson d/b/a Anderson VIP Concierge LLC,mary@savannahluxuryrentals.com,9125252022,Type 2: Non-Owner-Occupied STVR Certificate,3,,6,SAVANNAH DOWNTOWN HISTORIC DISTRICT
315 WEST GWINNETT ST  SAVANNAH GA 31401,,SVR-02106,2027-02-05,2005202016,Dean Baluch,dbsep.member@gmail.com,3107791241,Type 2: Non-Owner-Occupied STVR Certificate,2,1,4,VICTORIAN HISTORIC DISTRICT
317 WEST GWINNETT ST  SAVANNAH GA 31401,,SVR-02107,2027-02-05,2005202017,Dean Baluch,dbsep.member@gmail.com,3107791241,Type 2: Non-Owner-Occupied STVR Certificate,2,1,4,VICTORIAN HISTORIC DISTRICT
415 EAST HALL ST  SAVANNAH GA 31401,A,SVR-02108,2027-03-02,2004408027,SOUTHERN BELLE VACATION RENTALS,stvr@southernbellevr.com,9122890130,Type 2: Non-Owner-Occupied STVR Certificate,4,2,8,SAVANNAH DOWNTOWN HISTORIC DISTRICT
415 EAST HALL ST  SAVANNAH GA 31401,B,SVR-02109,2027-03-02,2004408027,SOUTHERN BELLE VACATION RENTALS,stvr@southernbellevr.com,9122890130,Type 2: Non-Owner-Occupied STVR Certificate,1,2,4,SAVANNAH DOWNTOWN HISTORIC DISTRICT
210 EAST STATE ST  SAVANNAH GA 31401,19,SVR-02110,2027-02-18,2000447028,Alyssa Acker d/b/a Hosting Savannah LLC,hostingsavannah@gmail.com,4436104230,Type 2: Non-Owner-Occupied STVR Certificate,1,,4,SAVANNAH DOWNTOWN HISTORIC DISTRICT
220 WEST PARK AVE  SAVANNAH GA 31401,,SVR-02116,2027-02-28,2005215019,NOLA RE Management Group LLC,compliance@stayheirloom.com,5045070523,Type 2: Non-Owner-Occupied STVR Certificate,2,,4,VICTORIAN HISTORIC DISTRICT
818  BARNARD ST  SAVANNAH GA 31401,,SVR-02119,2027-02-27,2004410010,Justin Gareau,justingareau@hotmail.com,7063994685,Type 1: Owner-Occupied STVR Certificate,3,,6,VICTORIAN HISTORIC DISTRICT
217 WEST 43RD ST  SAVANNAH GA 31401,,SVR-02122,2027-03-10,2007422002,Gabe Aronovich & Sean Geng d/b/a 2G Realty LLC,2grealtyllc@gmail.com,9123886570,Type 2: Non-Owner-Occupied STVR Certificate,4,,8,STREETCAR HISTORIC DISTRICT
219 WEST 43RD ST  SAVANNAH GA 31401,,SVR-02123,2027-03-10,2007422002,Gabe Aronovich & Sean Geng d/b/a 2G Realty LLC,2grealtyllc@gmail.com,9123886570,Type 2: Non-Owner-Occupied STVR Certificate,4,,8,STREETCAR HISTORIC DISTRICT
501 EAST 39TH ST  SAVANNAH GA 31401,A,SVR-02124,2027-06-22,2007505001,An Nguyen Thuy Le,an.le.texas@gmail.com,3619291192,Type 1: Owner-Occupied STVR Certificate,2,1,4,STREETCAR HISTORIC DISTRICT
417 EAST BAY ST  SAVANNAH GA 31401,,SVR-02125,2027-03-11,2000419007,NOLA REMANAGEMENT GROUP LLC,compliance@stayheirloom.com,5043752300,Type 2: Non-Owner-Occupied STVR Certificate,2,2,4,SAVANNAH DOWNTOWN HISTORIC DISTRICT
315 WEST DUFFY ST  SAVANNAH GA 31401,,SVR-02126,2027-04-14,2005226019,NOLA REMANAGEMENT GROUP LLC,compliance@stayheirloom.com,5045070523,Type 2: Non-Owner-Occupied STVR Certificate,5,2,10,VICTORIAN HISTORIC DISTRICT
34  HABERSHAM ST  SAVANNAH GA 31401,,SVR-00207,2027-07-16,2000442006,Lucky Savannah Vacation Rentals,owners@luckysavannah.com,9124958582,Type 2: Non-Owner-Occupied STVR Certificate,2,,6,SAVANNAH DOWNTOWN HISTORIC DISTRICT
309 WEST 43RD ST  SAVANNAH GA 31401,,SVR-02127,2027-03-11,2007421004,Gabe Aronovich & Sean Geng d/b/a 2G Realty LLC,2grealtyllc@gmail.com,9123886570,Type 2: Non-Owner-Occupied STVR Certificate,3,,6,STREETCAR HISTORIC DISTRICT
311 WEST 43RD ST  SAVANNAH GA 31401,,SVR-02128,2027-03-11,2007421004,Gabe Aronovich & Sean Geng d/b/a 2G Realty LLC,2grealtyllc@gmail.com,9123886570,Type 2: Non-Owner-Occupied STVR Certificate,3,,6,STREETCAR HISTORIC DISTRICT
313 WEST 43RD ST  SAVANNAH GA 31401,,SVR-02129,2027-03-11,2007421004,Gabe Aronovich & Sean Geng d/b/a 2G Realty LLC,2grealtyllc@gmail.com,9123886570,Type 2: Non-Owner-Occupied STVR Certificate,3,,6,STREETCAR HISTORIC DISTRICT
211 WEST HALL ST  SAVANNAH GA 31401,A,SVR-02132,2027-03-30,2004531014A,24square Inc,24squaresavannah@gmail.com,9787667088,Type 2: Non-Owner-Occupied STVR Certificate,2,1,4,SAVANNAH DOWNTOWN HISTORIC DISTRICT
211 WEST HALL ST  SAVANNAH GA 31401,B,SVR-02133,2027-03-30,2004531014A,24square Inc,24squaresavannah@gmail.com,9787667088,Type 2: Non-Owner-Occupied STVR Certificate,1,1,4,SAVANNAH DOWNTOWN HISTORIC DISTRICT
706  TATTNALL ST  SAVANNAH GA 31401,A,SVR-02134,2027-03-30,2004531014A,24square Inc,24squaresavannah@gmail.com,9787667088,Type 2: Non-Owner-Occupied STVR Certificate,2,1,4,SAVANNAH DOWNTOWN HISTORIC DISTRICT
706  TATTNALL ST  SAVANNAH GA 31401,B,SVR-02135,2027-03-30,2004531014A,24square Inc,24squaresavannah@gmail.com,9787667088,Type 2: Non-Owner-Occupied STVR Certificate,2,1,4,SAVANNAH DOWNTOWN HISTORIC DISTRICT
513 EAST JONES ST  SAVANNAH GA 31401,,SVR-02136,2027-04-07,2003301006,NOLA REMANAGEMENT GROUP LLC,compliance@stayheirloom.com,5045070523,Type 2: Non-Owner-Occupied STVR Certificate,5,2,10,SAVANNAH DOWNTOWN HISTORIC DISTRICT
308 EAST HALL ST  SAVANNAH GA 31401,,SVR-00208,2027-01-16,2004402007,Lucky Savannah Vacation Rentals,owners@luckysavannah.com,9124958582,Type 2: Non-Owner-Occupied STVR Certificate,1,1,4,SAVANNAH DOWNTOWN HISTORIC DISTRICT
512 EAST BOLTON ST  SAVANNAH GA 31401,,SVR-02138,2027-06-10,2004306042,Stephanie Fox,sfox3566@gmail.com,6154004512,Type 1: Owner-Occupied STVR Certificate,4,2,8,VICTORIAN HISTORIC DISTRICT
311 EAST HUNTINGDON ST  SAVANNAH GA 31401,A,SVR-02143,2027-08-10,2004402010,Joseph Zehler,joseph.zehler@gmail.com,9126652257,Type 2: Non-Owner-Occupied STVR Certificate,3,2,6,SAVANNAH DOWNTOWN HISTORIC DISTRICT
311 EAST HUNTINGDON ST  SAVANNAH GA 31401,B,SVR-02144,2027-08-10,2004402010,Joseph Zehler,joseph.zehler@gmail.com,9126652257,Type 2: Non-Owner-Occupied STVR Certificate,1,2,4,SAVANNAH DOWNTOWN HISTORIC DISTRICT
117  LINCOLN ST  SAVANNAH GA 31401,4-A,SVR-00209,2027-01-16,2000447054,Lucky Savannah Vacation Rentals,owners@luckysavannah.com,9124958582,Type 2: Non-Owner-Occupied STVR Certificate,2,1,6,SAVANNAH DOWNTOWN HISTORIC DISTRICT
1524  BULL ST  SAVANNAH GA 31401,E,SVR-02149,2027-06-22,2005323020,Sylvia Jackson,filmcaptive1@gmail.com,7706399797,Type 2: Non-Owner-Occupied STVR Certificate,2,,4,STREETCAR HISTORIC DISTRICT
134  WHITAKER ST  SAVANNAH GA 31401,101,SVR-02151,2027-06-16,2001509063,Lucky Savannah Vacation Rentals,owners@luckysavannah.com,9124958582,Type 2: Non-Owner-Occupied STVR Certificate,4,,8,SAVANNAH DOWNTOWN HISTORIC DISTRICT
134  WHITAKER ST  SAVANNAH GA 31401,102,SVR-02152,2027-06-16,2001509063,Lucky Savannah Vacation Rentals,owners@luckysavannah.com,9124958582,Type 2: Non-Owner-Occupied STVR Certificate,4,,8,SAVANNAH DOWNTOWN HISTORIC DISTRICT
134   WHITAKER ST  SAVANNAH GA 31401,103,SVR-02153,2027-06-16,2001509063,Lucky Savannah Vacation Rentals,owners@luckysavannah.com,9124958582,Type 2: Non-Owner-Occupied STVR Certificate,4,,8,SAVANNAH DOWNTOWN HISTORIC DISTRICT
134  WHITAKER ST  SAVANNAH GA 31401,104,SVR-02154,2027-06-16,2001509063,Lucky Savannah Vacation Rentals,owners@luckysavannah.com,9124958582,Type 2: Non-Owner-Occupied STVR Certificate,4,,8,SAVANNAH DOWNTOWN HISTORIC DISTRICT
134  WHITAKER ST  SAVANNAH GA 31401,201,SVR-02155,2027-06-16,2001509063,Lucky Savannah Vacation Rentals,owners@luckysavannah.com,9124958582,Type 2: Non-Owner-Occupied STVR Certificate,2,,4,SAVANNAH DOWNTOWN HISTORIC DISTRICT
134  WHITAKER ST  SAVANNAH GA 31401,202,SVR-02156,2027-06-16,2001509063,Lucky Savannah Vacation Rentals,owners@luckysavannah.com,9124958582,Type 2: Non-Owner-Occupied STVR Certificate,3,,6,SAVANNAH DOWNTOWN HISTORIC DISTRICT
134  WHITAKER ST  SAVANNAH GA 31401,203,SVR-02157,2027-06-16,2001509063,Lucky Savannah Vacation Rentals,owners@luckysavannah.com,9124958582,Type 2: Non-Owner-Occupied STVR Certificate,5,,10,SAVANNAH DOWNTOWN HISTORIC DISTRICT
134  WHITAKER ST  SAVANNAH GA 31401,204,SVR-02158,2027-06-16,2001509063,Lucky Savannah Vacation Rentals,owners@luckysavannah.com,9124958582,Type 2: Non-Owner-Occupied STVR Certificate,3,,6,SAVANNAH DOWNTOWN HISTORIC DISTRICT
134  WHITAKER ST  SAVANNAH GA 31401,301,SVR-02159,2027-06-16,2001509063,Lucky Savannah Vacation Rentals,owners@luckysavannah.com,9124958582,Non-owner Occupied STVR,2,,4,SAVANNAH DOWNTOWN HISTORIC DISTRICT
134  WHITAKER ST  SAVANNAH GA 31401,302,SVR-02160,2027-06-16,2001509063,Lucky Savannah Vacation Rentals,owners@luckysavannah.com,9124958582,Type 2: Non-Owner-Occupied STVR Certificate,3,,6,SAVANNAH DOWNTOWN HISTORIC DISTRICT
134  WHITAKER ST  SAVANNAH GA 31401,303,SVR-02161,2027-06-16,2001509063,Lucky Savannah Vacation Rentals,owners@luckysavannah.com,9124958582,Type 2: Non-Owner-Occupied STVR Certificate,5,,10,SAVANNAH DOWNTOWN HISTORIC DISTRICT
134   WHITAKER ST  SAVANNAH GA 31401,304,SVR-02162,2027-06-16,2001509063,Lucky Savannah Vacation Rentals,owners@luckysavannah.com,9124958582,Type 2: Non-Owner-Occupied STVR Certificate,3,,6,SAVANNAH DOWNTOWN HISTORIC DISTRICT
519  TATTNALL ST  SAVANNAH GA 31401,,SVR-02164,2027-07-28,2004523011E,Ronald Melander,ronmelander@gmail.com,9122361897,Type 1: Owner-Occupied STVR Certificate,1,1,4,SAVANNAH DOWNTOWN HISTORIC DISTRICT
243 EAST BROAD ST  SAVANNAH GA 31401,,SVR-02165,2027-07-15,2001411020,B&B Vacation Rentals LLC,kellybinsavannah@gmail.com,9126602184,Type 2: Non-Owner-Occupied STVR Certificate,3,1,6,SAVANNAH DOWNTOWN HISTORIC DISTRICT
511 EAST PERRY ST  SAVANNAH GA 31401,,SVR-02166,2027-07-09,2001410014,Southern Belle Vacation Rentals,stvr@southernbellevr.com,9122890130,Type 2: Non-Owner-Occupied STVR Certificate,2,2,4,SAVANNAH DOWNTOWN HISTORIC DISTRICT
228 EAST FACTORS WK  SAVANNAH GA 31401,,SVR-00211,2027-04-12,2000411009,Tiffany Bonino,kghudson3@aol.com,9193496080,Type 2: Non-Owner-Occupied STVR Certificate,2,,4,SAVANNAH DOWNTOWN HISTORIC DISTRICT
123 WEST PARK AVE  SAVANNAH GA 31401,3,SVR-02167,2027-07-28,2004430027,Kaelin Durst,info@stayopulence.com,9122173388,Type 2: Non-Owner-Occupied STVR Certificate,1,,4,VICTORIAN HISTORIC DISTRICT
519 EAST PERRY ST  SAVANNAH GA 31401,,SVR-02168,2027-07-31,2001410018,Kelly Bittinger,kellybinsavannah@gmail.com,9126602184,Type 2: Non-Owner-Occupied STVR Certificate,2,2,4,SAVANNAH DOWNTOWN HISTORIC DISTRICT
514 EAST JONES ST  SAVANNAH GA 31401,1/2,SVR-02169,2027-07-29,2001419075,Patricia Mason,zuzalley@gmail.com,9122201451,Type 2: Non-Owner-Occupied STVR Certificate,2,1,4,SAVANNAH DOWNTOWN HISTORIC DISTRICT
210 EAST STATE ST  SAVANNAH GA 31401,12,SVR-02171,2026-10-23,2000447022,Anderson VIP Concierge LLC,mary@savannahluxuryrentals.com,9125252002,Type 2: Non-Owner-Occupied STVR Certificate,2,,4,SAVANNAH DOWNTOWN HISTORIC DISTRICT
502 EAST JONES ST  SAVANNAH GA 31401,,SVR-02175,2026-09-16,2001419021,CYNTHIA SINCLAIR,cindysinclair@live.com,9124333753,Type 2: Non-Owner-Occupied STVR Certificate,1,,4,SAVANNAH DOWNTOWN HISTORIC DISTRICT
320 WEST BOLTON ST  SAVANNAH GA 31401,,SVR-02176,2027-08-24,2005202012,NOLA RE Management Group LLC,compliance@stayheirloom.com,5045070523,Type 2: Non-Owner-Occupied STVR Certificate,2,1,4,VICTORIAN HISTORIC DISTRICT
416 EAST STATE ST  SAVANNAH GA 31401,,SVR-00022,2027-05-18,2000449012,VICTORIA GUENTHER,vicgue59@gmail.com,9123988018,Type 2: Non-Owner-Occupied STVR Certificate,1,1,4,SAVANNAH DOWNTOWN HISTORIC DISTRICT
415 EAST TAYLOR ST  SAVANNAH GA 31401,,SVR-02177,2027-07-27,2003232002,Chase Stahl,chase@southkeymgmt.com,9128001321,Type 1: Owner-Occupied STVR Certificate,3,2,6,SAVANNAH DOWNTOWN HISTORIC DISTRICT
521 EAST LIBERTY LN  SAVANNAH GA 31401,Carriage House,SVR-02178,2027-08-14,2001413023,NOLA RE Management Group LLC,compliance@stayheirloom.com,5045070523,Type 2: Non-Owner-Occupied STVR Certificate,2,1,4,SAVANNAH DOWNTOWN HISTORIC DISTRICT
523 EAST LIBERTY LN  SAVANNAH GA 31401,Carriage House,SVR-02179,2027-08-14,2001413024,NOLA RE Management Group LLC,compliance@stayheirloom.com,5045070523,Type 2: Non-Owner-Occupied STVR Certificate,2,1,4,SAVANNAH DOWNTOWN HISTORIC DISTRICT
165 WEST BAY ST  SAVANNAH GA 31401,401,SVR-02182,2027-09-15,2000413048,Michael Arcangelo,24squaresavannah@gmail.com,9787667088,Type 2: Non-Owner-Occupied STVR Certificate,2,1,4,SAVANNAH DOWNTOWN HISTORIC DISTRICT
1 WEST YORK ST  SAVANNAH GA 31401,E,SVR-02188,2026-12-28,2001509014,Peter Young,thenewethic@gmail.com,8184301114,Type 2: Non-Owner-Occupied STVR Certificate,2,,4,SAVANNAH DOWNTOWN HISTORIC DISTRICT
310 WEST BROUGHTON ST  SAVANNAH GA 31401,3009,SVR-02190,2026-10-16,2001615039,Hosting Savannah LLC,hostingsavannah@gmail.com,4436104230,Type 2: Non-Owner-Occupied STVR Certificate,1,,4,SAVANNAH DOWNTOWN HISTORIC DISTRICT
106 WEST JONES ST  SAVANNAH GA 31401,,SVR-02191,2026-09-30,2001545009,Sabrina Nagel,mountjonesllc@gmail.com,9126318005,Type 2: Non-Owner-Occupied STVR Certificate,1,,4,SAVANNAH DOWNTOWN HISTORIC DISTRICT
405 EAST CHARLTON ST  SAVANNAH GA 31401,,SVR-02194,2026-10-16,2003210002,Cora Bett Thomas Rentals and Management,stvr@cbtrentals.com,9125036652,Type 2: Non-Owner-Occupied STVR Certificate,1,1,4,SAVANNAH DOWNTOWN HISTORIC DISTRICT
212 EAST WALDBURG ST  SAVANNAH GA 31401,A,SVR-02195,2026-10-01,2004421010,Gabe Aronovich & Sean Geng,2grealtyllc@gmail.com,9123886570,Type 2: Non-Owner-Occupied STVR Certificate,3,1,6,VICTORIAN HISTORIC DISTRICT
212 EAST WALDBURG ST  SAVANNAH GA 31401,B,SVR-02196,2026-10-01,2004421010,Gabe Aronovich & Sean Geng,2grealtyllc@gmail.com,9123886570,Type 2: Non-Owner-Occupied STVR Certificate,3,1,6,VICTORIAN HISTORIC DISTRICT
212 EAST WALDBURG ST  SAVANNAH GA 31401,C,SVR-02197,2026-10-01,2004421010,Gabe Aronovich & Sean Geng,2grealtyllc@gmail.com,9123886570,Type 2: Non-Owner-Occupied STVR Certificate,3,1,6,VICTORIAN HISTORIC DISTRICT
212 EAST WALDBURG ST  SAVANNAH GA 31401,D,SVR-02198,2026-10-01,2004421010,Gabe Aronovich & Sean Geng,2grealtyllc@gmail.com,9123886570,Type 2: Non-Owner-Occupied STVR Certificate,1,,4,VICTORIAN HISTORIC DISTRICT
212 EAST WALDBURG ST  SAVANNAH GA 31401,E,SVR-02199,2026-10-01,2004421010,Gabe Aronovich & Sean Geng,2grealtyllc@gmail.com,9123886570,Type 2: Non-Owner-Occupied STVR Certificate,1,,4,VICTORIAN HISTORIC DISTRICT
509 EAST CONGRESS ST  SAVANNAH GA 31401,,SVR-02201,2026-10-08,2000514023,SOUTHERN BELLE VACATION RENTALS,stvr@southernbellevr.com,9122890130,Type 2: Non-Owner-Occupied STVR Certificate,3,1,6,SAVANNAH DOWNTOWN HISTORIC DISTRICT
19 WEST CHARLTON ST  SAVANNAH GA 31401,,SVR-02202,2026-10-20,2001546009,Vacasa LLC,permitting@vacasa.com,5033459399,Type 1: Owner-Occupied STVR Certificate,1,,4,SAVANNAH DOWNTOWN HISTORIC DISTRICT
122 WEST JONES ST  SAVANNAH GA 31401,Parlor,SVR-02203,2026-10-27,2001545015,Sabrina Nagel,mountjonesllc@gmail.com,9126318005,Type 2: Non-Owner-Occupied STVR Certificate,2,,4,SAVANNAH DOWNTOWN HISTORIC DISTRICT
122 WEST JONES ST  SAVANNAH GA 31401,B,SVR-02204,2026-10-27,2001545015,Sabrina Nagel,mountjonesllc@gmail.com,9126318005,Type 2: Non-Owner-Occupied STVR Certificate,1,,4,SAVANNAH DOWNTOWN HISTORIC DISTRICT
122 WEST JONES ST  SAVANNAH GA 31401,D,SVR-02205,2026-10-27,2001545015,Sabrina Nagel,mountjonesllc@gmail.com,9126318005,Type 2: Non-Owner-Occupied STVR Certificate,1,,4,SAVANNAH DOWNTOWN HISTORIC DISTRICT
122 WEST JONES ST  SAVANNAH GA 31401,E,SVR-02206,2026-10-27,2001545015,Sabrina Nagel,mountjonesllc@gmail.com,9126318005,Type 2: Non-Owner-Occupied STVR Certificate,1,,4,SAVANNAH DOWNTOWN HISTORIC DISTRICT
917   HABERSHAM ST  SAVANNAH GA 31401,A,SVR-00215,2027-07-11,2004422004,Robyn & Sam Carroll,robynlevycarroll@gmail.com,9122101482,Type 2: Non-Owner-Occupied STVR Certificate,1,,4,VICTORIAN HISTORIC DISTRICT
122 WEST JONES ST  SAVANNAH GA 31401,F,SVR-02207,2026-10-27,2001545015,Sabrina Nagel,mountjonesllc@gmail.com,9126318005,Type 2: Non-Owner-Occupied STVR Certificate,1,,4,SAVANNAH DOWNTOWN HISTORIC DISTRICT
301 EAST 41ST ST  SAVANNAH GA 31401,,SVR-02208,2027-02-02,2007520013,Angelique Pereira,ang.pereira4@gmail.com,9084150209,Type 2: Non-Owner-Occupied STVR Certificate,3,2,6,STREETCAR HISTORIC DISTRICT
301 EAST 41ST ST  SAVANNAH GA 31401,A,SVR-02209,2027-02-02,2007520013,Angelique Pereira,ang.pereira4@gmail.com,9084150209,Type 2: Non-Owner-Occupied STVR Certificate,1,,4,STREETCAR HISTORIC DISTRICT
105 WEST OGLETHORPE AVE  SAVANNAH GA 31401,302,SVR-02210,2026-10-26,2001512003D,Vacasa LLC,permitting@vacasa.com,5033459399,Type 2: Non-Owner-Occupied STVR Certificate,2,,4,SAVANNAH DOWNTOWN HISTORIC DISTRICT
1 WEST YORK ST  SAVANNAH GA 31401,C,SVR-02213,2026-10-29,2001509012C,Anderson VIP Concierge LLC,mary@savannahluxuryrentals.com,9125252022,Type 2: Non-Owner-Occupied STVR Certificate,1,,4,SAVANNAH DOWNTOWN HISTORIC DISTRICT
608  PRICE ST  SAVANNAH GA 31401,,SVR-02214,2026-12-07,2003307019,Scott Dinan,services@trustfirst.org,9412137059,Type 2: Non-Owner-Occupied STVR Certificate,2,,4,SAVANNAH DOWNTOWN HISTORIC DISTRICT
610  PRICE ST  SAVANNAH GA 31401,,SVR-02215,2026-12-07,2003307019,Scott Dinan,services@trustfirst.org,9412137059,Type 2: Non-Owner-Occupied STVR Certificate,2,,4,SAVANNAH DOWNTOWN HISTORIC DISTRICT
917   HABERSHAM ST  SAVANNAH GA 31401,1/2B,SVR-00216,2027-07-11,2004422004,Robyn & Sam Carroll,robynlevycarroll@gmail.com,9122101482,Type 2: Non-Owner-Occupied STVR Certificate,3,,8,VICTORIAN HISTORIC DISTRICT
310 WEST BROUGHTON ST  SAVANNAH GA 31401,2007,SVR-02219,2026-12-01,2001615022,Hosting Savannah LLC,hostingsavannah@gmail.com,4436104230,Type 2: Non-Owner-Occupied STVR Certificate,1,,4,SAVANNAH DOWNTOWN HISTORIC DISTRICT
216 EAST STATE ST  SAVANNAH GA 31401,1-A,SVR-02220,2026-12-02,2000447001A,South Key Management Company,chase@southkeymgmt.com,9128001321,Type 2: Non-Owner-Occupied STVR Certificate,1,,4,SAVANNAH DOWNTOWN HISTORIC DISTRICT
214  HOUSTON ST  SAVANNAH GA 31401,A,SVR-02221,2026-12-03,2001402009,Southern Belle Vacation Rentals,stvr@southernbellevr.com,9122890130,Type 1: Owner-Occupied STVR Certificate,2,,4,SAVANNAH DOWNTOWN HISTORIC DISTRICT
541 EAST ANDERSON ST  SAVANNAH GA 31401,,SVR-02222,2026-12-28,2005321047,Allison Parker & Melissa Corbin,parker.allisonm@gmail.com,2056430799,Type 2: Non-Owner-Occupied STVR Certificate,3,3,6,VICTORIAN HISTORIC DISTRICT
310 EAST JONES ST  SAVANNAH GA 31401,A,SVR-02223,2026-12-03,2003209012,Mary Anderson d/b/a Anderson VIP Concierge LLC,mary@savannahluxuryrentals.com,9125252022,Type 2: Non-Owner-Occupied STVR Certificate,2,1,4,SAVANNAH DOWNTOWN HISTORIC DISTRICT
310 EAST JONES ST  SAVANNAH GA 31401,B,SVR-02224,2026-12-03,2003209012,Mary Anderson d/b/a Anderson VIP Concierge LLC,mary@savannahluxuryrentals.com,9125252022,Type 2: Non-Owner-Occupied STVR Certificate,1,1,4,SAVANNAH DOWNTOWN HISTORIC DISTRICT
310 EAST JONES ST  SAVANNAH GA 31401,C,SVR-02225,2026-12-03,2003209012,Mary Anderson d/b/a Anderson VIP Concierge LLC,mary@savannahluxuryrentals.com,9125252022,Type 2: Non-Owner-Occupied STVR Certificate,3,1,6,SAVANNAH DOWNTOWN HISTORIC DISTRICT
115 EAST GWINNETT ST  SAVANNAH GA 31401,A,SVR-02226,2026-12-04,2004413014,Michael Arcangelo,24squaresavannah@gmail.com,9787667088,Type 1: Owner-Occupied STVR Certificate,2,,4,VICTORIAN HISTORIC DISTRICT
115 EAST GWINNETT ST  SAVANNAH GA 31401,B,SVR-02227,2026-12-04,2004413014,Michael Arcangelo,24squaresavannah@gmail.com,9787667088,Type 1: Owner-Occupied STVR Certificate,4,,8,VICTORIAN HISTORIC DISTRICT
1509  ABERCORN ST  SAVANNAH GA 31401,,SVR-02228,2027-02-10,2005324002,Mark Gjekaj,mark@rentsavannah.net,9127045676,Type 2: Non-Owner-Occupied STVR Certificate,3,,6,STREETCAR HISTORIC DISTRICT
201 EAST CHARLTON ST  SAVANNAH GA 31401,A,SVR-02229,2027-02-01,2003208017,Phyllis Morris,manager@201eastcharlton.com,9126608125,Type 2: Non-Owner-Occupied STVR Certificate,2,,4,SAVANNAH DOWNTOWN HISTORIC DISTRICT
201 EAST CHARLTON ST  SAVANNAH GA 31401,B,SVR-02230,2027-02-01,2003208017,Phyllis Morris,manager@201eastcharlton.com,9126608125,Type 2: Non-Owner-Occupied STVR Certificate,1,,4,SAVANNAH DOWNTOWN HISTORIC DISTRICT
201 EAST CHARLTON ST  SAVANNAH GA 31401,C,SVR-02231,2027-02-01,2003208017,Phyllis Morris,manager@201eastcharlton.com,9126608125,Type 2: Non-Owner-Occupied STVR Certificate,3,,6,SAVANNAH DOWNTOWN HISTORIC DISTRICT
1111  ABERCORN ST  SAVANNAH GA 31401,,SVR-02232,2027-01-12,2004433002,2G Realty LLC,2grealtyllc@gmail.com,9123886570,Type 2: Non-Owner-Occupied STVR Certificate,3,,6,VICTORIAN HISTORIC DISTRICT
1109  ABERCORN ST  SAVANNAH GA 31401,,SVR-02233,2027-01-12,2004433002,2G Realty LLC,2grealtyllc@gmail.com,9123886570,Type 2: Non-Owner-Occupied STVR Certificate,3,,6,VICTORIAN HISTORIC DISTRICT
1913  BULL ST  SAVANNAH GA 31401,A,SVR-02235,2026-12-16,2006506004,Southern Belle Vacation Rentals,stvr@southernbellevr.com,9122890130,Type 2: Non-Owner-Occupied STVR Certificate,2,1,4,STREETCAR HISTORIC DISTRICT
1913  BULL ST  SAVANNAH GA 31401,B,SVR-02236,2026-12-16,2006506004,Southern Belle Vacation Rentals,stvr@southernbellevr.com,9122890130,Type 2: Non-Owner-Occupied STVR Certificate,3,1,6,STREETCAR HISTORIC DISTRICT
1110  BARNARD ST  SAVANNAH GA 31401,,SVR-02237,2027-05-18,2004430010,Rupert Bradley & Caroline Lester,carolineclester@gmail.com,3345314844,Type 1: Owner-Occupied STVR Certificate,3,,6,VICTORIAN HISTORIC DISTRICT
315  LORCH ST  SAVANNAH GA 31401,C,SVR-02238,2027-02-12,2004526020,Jacob Boss,bossfineproperties@gmail.com,7248094222,Type 2: Non-Owner-Occupied STVR Certificate,3,1,6,SAVANNAH DOWNTOWN HISTORIC DISTRICT
307 EAST PARK AVE  SAVANNAH GA 31401,,SVR-02241,2027-01-19,2005302021,Lucky Savannah Vacation Rentals,owners@luckysavannah.com,9124958582,Type 2: Non-Owner-Occupied STVR Certificate,2,2,4,VICTORIAN HISTORIC DISTRICT
216 EAST STATE ST  SAVANNAH GA 31401,3-C,SVR-02242,2027-01-19,2000447003C,Lucky Savannah Vacation Rentals,owners@luckysavannah.com,9124958582,Type 2: Non-Owner-Occupied STVR Certificate,1,,4,SAVANNAH DOWNTOWN HISTORIC DISTRICT
525 EAST BROUGHTON ST  SAVANNAH GA 31401,,SVR-02243,2027-01-19,2000516020,Lucky Savannah Vacation Rentals,owners@luckysavannah.com,9124958582,Type 2: Non-Owner-Occupied STVR Certificate,3,1,6,SAVANNAH DOWNTOWN HISTORIC DISTRICT
526 EAST BROUGHTON LN  SAVANNAH GA 31401,Carriage House,SVR-02244,2027-01-19,2000516020,Lucky Savannah Vacation Rentals,owners@luckysavannah.com,9124958582,Type 2: Non-Owner-Occupied STVR Certificate,2,,4,SAVANNAH DOWNTOWN HISTORIC DISTRICT
109 EAST PARK AVE  SAVANNAH GA 31401,A,SVR-02245,2027-01-21,2004433019,Southern Belle Vacation Rentals,stvr@southernbellevr.com,9122890130,Type 2: Non-Owner-Occupied STVR Certificate,2,,4,VICTORIAN HISTORIC DISTRICT
220 EAST WALDBURG ST  SAVANNAH GA 31401,B,SVR-02246,2027-01-21,2004421045,Southern Belle Vacation Rentals,stvr@southernbellevr.com,9122890130,Type 2: Non-Owner-Occupied STVR Certificate,3,,6,VICTORIAN HISTORIC DISTRICT
102 EAST LIBERTY ST  SAVANNAH GA 31401,502,SVR-02248,2027-01-19,2001530047,Southern Belle Vacation Rentals,stvr@southernbellevr.com,9122190130,Type 2: Non-Owner-Occupied STVR Certificate,1,,4,SAVANNAH DOWNTOWN HISTORIC DISTRICT
310 WEST BROUGHTON ST  SAVANNAH GA 31401,3015B,SVR-02249,2027-01-21,2001615046,Southern Belle Vacation Rentals,stvr@southernbellevr.com,9122890130,Type 2: Non-Owner-Occupied STVR Certificate,1,,4,SAVANNAH DOWNTOWN HISTORIC DISTRICT
220 EAST STATE ST  SAVANNAH GA 31401,,SVR-02250,2027-01-21,2000447060,Ben and Rayssa Eazzetta d/b/a BR Leases LLC,br.vacationrentals@outlook.com,9122205888,Type 2: Non-Owner-Occupied STVR Certificate,3,,6,SAVANNAH DOWNTOWN HISTORIC DISTRICT
315 EAST HALL ST  SAVANNAH GA 31401,B,SVR-02253,2027-05-18,2004402035,Allison Morisano,al.morisano@gmail.com,7186191298,Type 1: Owner-Occupied STVR Certificate,1,1,4,SAVANNAH DOWNTOWN HISTORIC DISTRICT
538 EAST LIBERTY ST  SAVANNAH GA 31401,,SVR-02255,2027-01-19,2001411028,Patrick Bergen,patrick@mintjulepvacationrentals.com,8032370342,Type 2: Non-Owner-Occupied STVR Certificate,4,2,8,SAVANNAH DOWNTOWN HISTORIC DISTRICT
216 EAST STATE ST  SAVANNAH GA 31401,2-C,SVR-02261,2027-03-22,2000447002C,Chris & Heidi Billingsley,heidi_beth1@hotmail.com,4254174963,Type 2: Non-Owner-Occupied STVR Certificate,1,,4,SAVANNAH DOWNTOWN HISTORIC DISTRICT
222 WEST 36TH ST  SAVANNAH GA 31401,C,SVR-02263,2027-02-24,2006645008,Anderson VIP Concierge LLC,mary@savannahluxuryrentals.com,9125252022,Type 1: Owner-Occupied STVR Certificate,2,1,4,STREETCAR HISTORIC DISTRICT
1812  DRAYTON ST  SAVANNAH GA 31401,1,SVR-02264,2027-03-02,2006501013,Southern Belle Vacation Rentals,stvr@southernbellevr.com,9122890130,Type 2: Non-Owner-Occupied STVR Certificate,1,1,4,STREETCAR HISTORIC DISTRICT
1812   DRAYTON ST  SAVANNAH GA 31401,2,SVR-02265,2027-03-02,2006501013,Southern Belle Vacation Rentals,stvr@southernbellevr.com,9122190130,Type 2: Non-Owner-Occupied STVR Certificate,1,1,4,STREETCAR HISTORIC DISTRICT
535 EAST GWINNETT ST  SAVANNAH GA 31401,,SVR-02266,2027-05-18,2004306065,Kyle Doyon,kyle-doyon@hotmail.com,9122570243,Type 1: Owner-Occupied STVR Certificate,3,,6,VICTORIAN HISTORIC DISTRICT
114 EAST JONES LN  SAVANNAH GA 31401,Carriage House,SVR-02267,2027-07-12,2003214019,Lucky Savannah Vacation Rentals,owners@luckysavannah.com,9124958582,Type 1: Owner-Occupied STVR Certificate,1,,4,SAVANNAH DOWNTOWN HISTORIC DISTRICT
224 EAST BOLTON ST  SAVANNAH GA 31401,,SVR-00221,2027-07-24,2004414015,Christen Clougherty,christenandgerome@gmail.com,9122204652,Type 2: Non-Owner-Occupied STVR Certificate,3,1,8,VICTORIAN HISTORIC DISTRICT
210 EAST STATE ST  SAVANNAH GA 31401,26,SVR-02269,2027-02-25,2000447035,John Dillon,mossandoaksavannah@gmail.com,9126929393,Type 2: Non-Owner-Occupied STVR Certificate,1,,4,SAVANNAH DOWNTOWN HISTORIC DISTRICT
213 WEST GASTON ST  SAVANNAH GA 31401,,SVR-02270,2027-04-05,2003255023,David & Rita Weiler,rfw0202@gmail.com,7156972220,Type 2: Non-Owner-Occupied STVR Certificate,2,,4,SAVANNAH DOWNTOWN HISTORIC DISTRICT
220 WEST GWINNETT ST  SAVANNAH GA 31401,,SVR-02271,2027-05-13,2004530002,Denver Jameson,dbailey5@tulane.edu,9105844289,Type 1: Owner-Occupied STVR Certificate,1,,4,SAVANNAH DOWNTOWN HISTORIC DISTRICT
104 WEST BROUGHTON ST  SAVANNAH GA 31401,B,SVR-02273,2027-02-26,2000436318,Lucky Savannah Vacation Rentals,owners@luckysavannah.com,9124958582,Type 2: Non-Owner-Occupied STVR Certificate,2,,4,SAVANNAH DOWNTOWN HISTORIC DISTRICT
101 WEST CHARLTON LN  SAVANNAH GA 31401,,SVR-02274,2027-03-08,2001545030,Luxury Living Savannah,reservations@luxurylivingsavannah.com,9129997200,Type 2: Non-Owner-Occupied STVR Certificate,1,,4,SAVANNAH DOWNTOWN HISTORIC DISTRICT
213 WEST HALL ST  SAVANNAH GA 31401,A,SVR-02276,2027-03-08,2004531014,24square Inc,24squaresavannah@gmail.com,9787667088,Type 2: Non-Owner-Occupied STVR Certificate,3,1,6,SAVANNAH DOWNTOWN HISTORIC DISTRICT
213 WEST HALL ST  SAVANNAH GA 31401,B,SVR-02277,2027-03-08,2004531014,24square Inc,24squaresavannah@gmail.com,9787667088,Type 2: Non-Owner-Occupied STVR Certificate,1,1,4,SAVANNAH DOWNTOWN HISTORIC DISTRICT
422 EAST STATE ST  SAVANNAH GA 31401,Carriage House,SVR-00023,2027-02-26,2000449011,JW Management of Savannah LLC,kwashburnsav@gmail.com,9125705070,Type 2: Non-Owner-Occupied STVR Certificate,1,1,4,SAVANNAH DOWNTOWN HISTORIC DISTRICT
704  TATTNALL ST  SAVANNAH GA 31401,A,SVR-02278,2027-03-08,2004531014,24square Inc,24squaresavannah@gmail.com,9787667088,Type 2: Non-Owner-Occupied STVR Certificate,2,1,4,SAVANNAH DOWNTOWN HISTORIC DISTRICT
704  TATTNALL ST  SAVANNAH GA 31401,B,SVR-02279,2027-03-08,2004531014,24square Inc,24squaresavannah@gmail.com,9787667088,Type 2: Non-Owner-Occupied STVR Certificate,2,1,4,SAVANNAH DOWNTOWN HISTORIC DISTRICT
413 EAST JONES ST  SAVANNAH GA 31401,,SVR-02280,2027-04-27,2003211023,KEYVESTMENT LLC,keyan.karimi@gmail.com,6282369218,Type 2: Non-Owner-Occupied STVR Certificate,2,1,4,SAVANNAH DOWNTOWN HISTORIC DISTRICT
230 EAST OGLETHORPE AVE  SAVANNAH GA 31401,A,SVR-02281,2027-03-12,2001506008,Southern Belle Vacation Rentals,stvr@southernbellevr.com,9122190130,Type 2: Non-Owner-Occupied STVR Certificate,1,1,4,SAVANNAH DOWNTOWN HISTORIC DISTRICT
227  HOUSTON ST  SAVANNAH GA 31401,B,SVR-02282,2027-03-16,2001408005,Lucky Savannah Vacation Rentals,owners@luckysavannah.com,9124958582,Type 2: Non-Owner-Occupied STVR Certificate,2,1,4,SAVANNAH DOWNTOWN HISTORIC DISTRICT
227  HOUSTON ST  SAVANNAH GA 31401,A,SVR-02283,2027-03-16,2001408005,Lucky Savannah Vacation Rentals,owners@luckysavannah.com,9124958582,Type 2: Non-Owner-Occupied STVR Certificate,1,,4,SAVANNAH DOWNTOWN HISTORIC DISTRICT
110  BARNARD ST  SAVANNAH GA 31401,410,SVR-02285,2027-03-12,2000443025,Arise Property Management,contact@stayatarise.com,9123880845,Type 2: Non-Owner-Occupied STVR Certificate,2,,4,SAVANNAH DOWNTOWN HISTORIC DISTRICT
304 WEST GASTON ST  SAVANNAH GA 31401,,SVR-02293,2027-06-07,2004516011,Southern Belle Vacation Rentals,stvr@southernbellevr.com,9122190130,Type 2: Non-Owner-Occupied STVR Certificate,1,,4,SAVANNAH DOWNTOWN HISTORIC DISTRICT
523 EAST BROUGHTON ST  SAVANNAH GA 31401,,SVR-02294,2027-03-25,2000516019,Alyssa Acker,hostingsavannah@gmail.com,4436104230,Type 2: Non-Owner-Occupied STVR Certificate,2,,4,SAVANNAH DOWNTOWN HISTORIC DISTRICT
524 EAST BROUGHTON LN  SAVANNAH GA 31401,,SVR-02295,2027-03-25,2000516019,Alyssa Acker,hostingsavannah@gmail.com,4436104230,Type 2: Non-Owner-Occupied STVR Certificate,1,,4,SAVANNAH DOWNTOWN HISTORIC DISTRICT
511 EAST BROUGHTON ST  SAVANNAH GA 31401,B,SVR-02296,2027-03-31,2000516009,Southern Belle Vacation Rentals,stvr@southernbellevr.com,9122190130,Type 2: Non-Owner-Occupied STVR Certificate,3,1,6,SAVANNAH DOWNTOWN HISTORIC DISTRICT
511 EAST BROUGHTON ST  SAVANNAH GA 31401,Carriage House,SVR-02297,2027-03-31,2000516009,Southern Belle Vacation Rentals,stvr@southernbellevr.com,9122190130,Type 2: Non-Owner-Occupied STVR Certificate,1,1,4,SAVANNAH DOWNTOWN HISTORIC DISTRICT
550 EAST MCDONOUGH ST  SAVANNAH GA 31401,Garden,SVR-02298,2027-03-26,2001407005,Jeremy Aven,jeremyaven@me.com,8438608788,Type 1: Owner-Occupied STVR Certificate,1,,4,SAVANNAH DOWNTOWN HISTORIC DISTRICT
224 WEST CHARLTON ST  SAVANNAH GA 31401,,SVR-02299,2027-03-26,2003121005,Lucky Savannah Vacation Rentals,owners@luckysavannah.com,9124958582,Type 2: Non-Owner-Occupied STVR Certificate,2,,4,SAVANNAH DOWNTOWN HISTORIC DISTRICT
307 WEST WALDBURG ST  SAVANNAH GA 31401,,SVR-02301,2027-05-12,2005214007,Katherine Tierney,ktierney67@gmail.com,8057224062,Type 2: Non-Owner-Occupied STVR Certificate,2,,4,VICTORIAN HISTORIC DISTRICT
308 WEST WALDBURG LN  SAVANNAH GA 31401,,SVR-02302,2027-05-12,2005214007,Katherine Tierney,ktierney67@gmail.com,8057224062,Type 2: Non-Owner-Occupied STVR Certificate,1,,4,VICTORIAN HISTORIC DISTRICT
1524   BULL ST  SAVANNAH GA 31401,F,SVR-02303,2027-03-26,2005323021,Kevin Escobar & Karli Dalton,kevin@kescohomes.com,6319548427,Type 2: Non-Owner-Occupied STVR Certificate,2,,4,STREETCAR HISTORIC DISTRICT
129  HOUSTON ST  SAVANNAH GA 31401,,SVR-00225,2027-05-06,2000528002,Alyssa Acker d/b/a Hosting Savannah LLC,hostingsavannah@gmail.com,4436104230,Type 2: Non-Owner-Occupied STVR Certificate,2,1,6,SAVANNAH DOWNTOWN HISTORIC DISTRICT
2305  PRICE ST  SAVANNAH GA 31401,A,SVR-02308,2027-04-08,2007504005,24square Inc,24squaresavannah@gmail.com,9787667088,Type 2: Non-Owner-Occupied STVR Certificate,2,,4,STREETCAR HISTORIC DISTRICT
2305   PRICE ST  SAVANNAH GA 31401,B,SVR-02309,2027-04-08,2007504005,24square Inc,24squaresavannah@gmail.com,9787667088,Type 2: Non-Owner-Occupied STVR Certificate,2,,4,STREETCAR HISTORIC DISTRICT
513 EAST HARRIS ST  SAVANNAH GA 31401,,SVR-02310,2027-08-19,2001418010,Jeffrey & Chandie Hupman,jeff@hupmangroup.com,9125075663,Type 2: Non-Owner-Occupied STVR Certificate,2,1,4,SAVANNAH DOWNTOWN HISTORIC DISTRICT
216 EAST STATE ST  SAVANNAH GA 31401,1-B,SVR-02312,2027-04-08,2000447001B,Moss and Oak LLC,mossandoaksavannah@gmail.com,9126929393,Type 2: Non-Owner-Occupied STVR Certificate,1,,4,SAVANNAH DOWNTOWN HISTORIC DISTRICT
401 WEST GASTON ST  SAVANNAH GA 31401,2A,SVR-02314,2027-05-04,2004521001,ROY MAYNARD,roy.maynard.rm@gmail.com,9126601200,Type 2: Non-Owner-Occupied STVR Certificate,2,,4,SAVANNAH DOWNTOWN HISTORIC DISTRICT
401 WEST GASTON ST  SAVANNAH GA 31401,2B,SVR-02315,2027-05-04,2004521001,ROY MAYNARD,roy.maynard.rm@gmail.com,9126601200,Type 2: Non-Owner-Occupied STVR Certificate,2,,4,SAVANNAH DOWNTOWN HISTORIC DISTRICT
401 WEST GASTON ST  SAVANNAH GA 31401,3A,SVR-02316,2027-05-04,2004521001,ROY MAYNARD,roy.maynard.rm@gmail.com,9126601200,Type 2: Non-Owner-Occupied STVR Certificate,2,,4,SAVANNAH DOWNTOWN HISTORIC DISTRICT
401 WEST GASTON ST  SAVANNAH GA 31401,3B,SVR-02317,2027-05-04,2004521001,ROY MAYNARD,roy.maynard.rm@gmail.com,9126601200,Type 2: Non-Owner-Occupied STVR Certificate,2,,4,SAVANNAH DOWNTOWN HISTORIC DISTRICT
401 WEST GASTON ST  SAVANNAH GA 31401,4A,SVR-02318,2027-05-04,2004521001,ROY MAYNARD,roy.maynard.rm@gmail.com,9126601200,Type 2: Non-Owner-Occupied STVR Certificate,2,,4,SAVANNAH DOWNTOWN HISTORIC DISTRICT
401 WEST GASTON ST  SAVANNAH GA 31401,4B,SVR-02319,2027-05-04,2004521001,ROY MAYNARD,roy.maynard.rm@gmail.com,9126601200,Type 2: Non-Owner-Occupied STVR Certificate,2,,4,SAVANNAH DOWNTOWN HISTORIC DISTRICT
705  WHITAKER ST  SAVANNAH GA 31401,F,SVR-02324,2027-04-30,2003261003,Diane James,savsam0625@gmail.com,8052959889,Type 2: Non-Owner-Occupied STVR Certificate,1,1,4,SAVANNAH DOWNTOWN HISTORIC DISTRICT
705  WHITAKER ST  SAVANNAH GA 31401,E,SVR-02325,2027-04-30,2003261003,Diane James,savsam0625@gmail.com,8052959889,Type 2: Non-Owner-Occupied STVR Certificate,1,1,4,SAVANNAH DOWNTOWN HISTORIC DISTRICT
705  WHITAKER ST  SAVANNAH GA 31401,D,SVR-02326,2027-04-30,2003261003,Diane James,savsam0625@gmail.com,8052959889,Type 2: Non-Owner-Occupied STVR Certificate,2,1,4,SAVANNAH DOWNTOWN HISTORIC DISTRICT
705  WHITAKER ST  SAVANNAH GA 31401,C,SVR-02327,2027-04-30,2003261003,Diane James,savsam0625@gmail.com,8052959889,Type 2: Non-Owner-Occupied STVR Certificate,1,1,4,SAVANNAH DOWNTOWN HISTORIC DISTRICT
209 WEST LIBERTY LN  SAVANNAH GA 31401,,SVR-00227,2027-06-01,2003116021,Gina Stone,staysavannah@bellsouth.net,8889190008,Type 2: Non-Owner-Occupied STVR Certificate,2,1,4,SAVANNAH DOWNTOWN HISTORIC DISTRICT
705  WHITAKER ST  SAVANNAH GA 31401,B,SVR-02328,2027-04-30,2003261003,Diane James,savsam0625@gmail.com,8052959889,Type 2: Non-Owner-Occupied STVR Certificate,1,1,4,SAVANNAH DOWNTOWN HISTORIC DISTRICT
705  WHITAKER ST  SAVANNAH GA 31401,A,SVR-02329,2027-04-30,2003261003,Diane James,savsam0625@gmail.com,8052959889,Type 2: Non-Owner-Occupied STVR Certificate,1,,4,SAVANNAH DOWNTOWN HISTORIC DISTRICT
534 EAST JONES ST  SAVANNAH GA 31401,,SVR-02331,2027-06-28,2001419006,Katie Valdes,ksiplon.homes@gmail.com,9123519737,Type 2: Non-Owner-Occupied STVR Certificate,2,2,4,SAVANNAH DOWNTOWN HISTORIC DISTRICT
509 EAST YORK ST  SAVANNAH GA 31401,,SVR-02332,2027-05-06,2000530008,South Key Management Company,chase@southkeymgmt.com,9128001321,Type 2: Non-Owner-Occupied STVR Certificate,3,2,6,SAVANNAH DOWNTOWN HISTORIC DISTRICT
242  HABERSHAM ST  SAVANNAH GA 31401,,SVR-02336,2027-07-08,2001518023,Michael Lastfogel,forsythpark@icloud.com,9125085890,Type 2: Non-Owner-Occupied STVR Certificate,3,,6,SAVANNAH DOWNTOWN HISTORIC DISTRICT
103 WEST CHARLTON LN  SAVANNAH GA 31401,Carriage House,SVR-02337,2027-05-14,2001545028,Lucky Savannah Vacation Rentals,owners@luckysavannah.com,9124958582,Type 2: Non-Owner-Occupied STVR Certificate,2,,4,SAVANNAH DOWNTOWN HISTORIC DISTRICT
210 WEST HARRIS ST  SAVANNAH GA 31401,PARLOR,SVR-00228,2027-06-01,2003116023,Gina Stone,staysavannah@bellsouth.net,8889190008,Type 2: Non-Owner-Occupied STVR Certificate,1,1,4,SAVANNAH DOWNTOWN HISTORIC DISTRICT
216 EAST STATE ST  SAVANNAH GA 31401,3-D,SVR-02338,2027-06-07,2000447003D,"Lighthouse Management Properties, LLC",lighthousemgmtprops@gmail.com,9126608433,Type 2: Non-Owner-Occupied STVR Certificate,1,,4,SAVANNAH DOWNTOWN HISTORIC DISTRICT
602  LINCOLN ST  SAVANNAH GA 31401,A,SVR-02340,2027-06-07,2004402019,South Key Management Company,chase@southkeymgmt.com,9128001321,Type 2: Non-Owner-Occupied STVR Certificate,3,1,6,SAVANNAH DOWNTOWN HISTORIC DISTRICT
602   LINCOLN ST  SAVANNAH GA 31401,B,SVR-02341,2027-06-07,2004402019,South Key Management Company,chase@southkeymgmt.com,9128001321,Type 2: Non-Owner-Occupied STVR Certificate,1,1,4,SAVANNAH DOWNTOWN HISTORIC DISTRICT
165 WEST BAY ST  SAVANNAH GA 31401,204,SVR-02342,2027-06-17,2000413039,Coanna Montgomery,designsbycoanna@gmail.com,9124411317,Type 2: Non-Owner-Occupied STVR Certificate,2,1,4,SAVANNAH DOWNTOWN HISTORIC DISTRICT
104 WEST BROUGHTON ST  SAVANNAH GA 31401,C,SVR-02343,2027-07-19,2000436319,Kim & Matthew Loftis,kimkloftis@gmail.com,7722853038,Type 2: Non-Owner-Occupied STVR Certificate,2,,4,SAVANNAH DOWNTOWN HISTORIC DISTRICT
1018  ABERCORN ST  SAVANNAH GA 31401,A,SVR-02345,2027-06-07,2004427032,Ashley Yellin,1018abercorn@gmail.com,6507407444,Type 2: Non-Owner-Occupied STVR Certificate,1,,4,VICTORIAN HISTORIC DISTRICT
1018  ABERCORN ST  SAVANNAH GA 31401,B,SVR-02346,2027-06-07,2004427032,Ashley Yellin,1018abercorn@gmail.com,6507407444,Type 2: Non-Owner-Occupied STVR Certificate,1,,4,VICTORIAN HISTORIC DISTRICT
317  LORCH ST  SAVANNAH GA 31401,A,SVR-02347,2027-06-01,2004526008,Amanda Kennedy,amandasakamoto21@gmail.com,2034347388,Type 2: Non-Owner-Occupied STVR Certificate,2,1,4,SAVANNAH DOWNTOWN HISTORIC DISTRICT
210 WEST HARRIS ST  SAVANNAH GA 31401,GARDEN,SVR-00229,2027-06-01,2003116022,Gina Stone,staysavannah@bellsouth.net,8889190008,Type 2: Non-Owner-Occupied STVR Certificate,2,1,4,SAVANNAH DOWNTOWN HISTORIC DISTRICT
317  LORCH ST  SAVANNAH GA 31401,B,SVR-02348,2027-06-01,2004526008,Amanda Kennedy,amandasakamoto21@gmail.com,2034347388,Type 2: Non-Owner-Occupied STVR Certificate,2,1,4,SAVANNAH DOWNTOWN HISTORIC DISTRICT
210 EAST STATE ST  SAVANNAH GA 31401,16,SVR-02349,2027-06-28,2000447025,Emily Morris,2bridesandabucket@gmail.com,9124339506,Type 2: Non-Owner-Occupied STVR Certificate,1,,4,SAVANNAH DOWNTOWN HISTORIC DISTRICT
309 EAST PARK  LN  SAVANNAH GA 31401,,SVR-02350,2026-10-26,2005302009,Joyce Piersanti,savannaheverafter@gmail.com,9122203778,Type 1: Owner-Occupied STVR Certificate,2,2,4,VICTORIAN HISTORIC DISTRICT
251 EAST BROAD ST  SAVANNAH GA 31401,,SVR-02351,2026-11-19,2001411025,Lucky Savannah Vacation Rentals,owners@luckysavannah.com,9124958582,Type 2: Non-Owner-Occupied STVR Certificate,4,1,8,SAVANNAH DOWNTOWN HISTORIC DISTRICT
310 WEST BROUGHTON ST  SAVANNAH GA 31401,2001,SVR-02354,2027-07-15,2001615016,Daniel Dabbs,dabbspropertiesllc@gmail.com,6782494309,Type 2: Non-Owner-Occupied STVR Certificate,2,,4,SAVANNAH DOWNTOWN HISTORIC DISTRICT
412 EAST PARK AVE  SAVANNAH GA 31401,A,SVR-02355,2027-08-19,2004429004,Alyson Reichel,alynagle@gmail.com,9172501960,Type 2: Non-Owner-Occupied STVR Certificate,1,1,4,VICTORIAN HISTORIC DISTRICT
412 EAST PARK AVE  SAVANNAH GA 31401,B,SVR-02356,2027-08-19,2004429004,Alyson Reichel,alynagle@gmail.com,9172501960,Type 2: Non-Owner-Occupied STVR Certificate,2,1,4,VICTORIAN HISTORIC DISTRICT
405 EAST JONES ST  SAVANNAH GA 31401,C,SVR-00230,2027-09-06,2003211002,Michael Arcangelo,24squaresavannah@gmail.com,4126083989,Type 2: Non-Owner-Occupied STVR Certificate,1,,4,SAVANNAH DOWNTOWN HISTORIC DISTRICT
307 EAST HUNTINGDON ST  SAVANNAH GA 31401,Main House,SVR-02360,2027-07-07,2004402015,Lucky Savannah Vacation Rentals,owners@luckysavannah.com,9124958582,Type 2: Non-Owner-Occupied STVR Certificate,3,1,6,SAVANNAH DOWNTOWN HISTORIC DISTRICT
307 EAST HUNTINGDON ST  SAVANNAH GA 31401,A,SVR-02361,2027-07-07,2004402015,Lucky Savannah Vacation Rentals,owners@luckysavannah.com,9124958582,Type 2: Non-Owner-Occupied STVR Certificate,1,1,4,SAVANNAH DOWNTOWN HISTORIC DISTRICT
125 EAST BROAD ST  SAVANNAH GA 31401,1B,SVR-02362,2027-07-07,2000526006,Lucky Savannah Vacation Rentals,owners@luckysavannah.com,9124958582,Type 2: Non-Owner-Occupied STVR Certificate,1,,4,SAVANNAH DOWNTOWN HISTORIC DISTRICT
439  ABERCORN ST  SAVANNAH GA 31401,,SVR-02363,2027-07-07,2003245006,Lucky Savannah Vacation Rentals,owners@luckysavannah.com,9124958582,Type 2: Non-Owner-Occupied STVR Certificate,3,2,6,SAVANNAH DOWNTOWN HISTORIC DISTRICT
310 WEST BROUGHTON ST  SAVANNAH GA 31401,2002,SVR-02364,2026-10-19,2001615017,Hosting Savannah LLC,hostingsavannah@gmail.com,4436104230,Type 2: Non-Owner-Occupied STVR Certificate,1,,4,SAVANNAH DOWNTOWN HISTORIC DISTRICT
556 EAST LIBERTY ST  SAVANNAH GA 31401,,SVR-02365,2027-07-09,2001411024,Brittany Goodner,polishednestshg@gmail.com,9122753241,Type 2: Non-Owner-Occupied STVR Certificate,2,,4,SAVANNAH DOWNTOWN HISTORIC DISTRICT
5 WEST BROUGHTON ST  SAVANNAH GA 31401,303B,SVR-02367,2027-07-23,2000444041,Zachary Tombley,operations@stayblackswan.com,6155517255,Type 2: Non-Owner-Occupied STVR Certificate,2,,4,SAVANNAH DOWNTOWN HISTORIC DISTRICT
407 EAST GORDON ST  SAVANNAH GA 31401,,SVR-00231,2027-03-25,2003248015,THOMAS JOHNSON AND TAMARA RYAN JOHNSON,tamararyan7@msn.com,6318063510,Type 2: Non-Owner-Occupied STVR Certificate,5,1,12,SAVANNAH DOWNTOWN HISTORIC DISTRICT
5 WEST BROUGHTON ST  SAVANNAH GA 31401,305B,SVR-02368,2027-07-23,2000444032,Zachary Tombley,operations@stayblackswan.com,6155517255,Type 2: Non-Owner-Occupied STVR Certificate,2,,4,SAVANNAH DOWNTOWN HISTORIC DISTRICT
7  HABERSHAM ST  SAVANNAH GA 31401,1,SVR-02369,2027-08-11,2000418011,Tybee Vacation Rentals,ownerservices@tybeevacationrentals.com,91278658537,Type 2: Non-Owner-Occupied STVR Certificate,2,1,4,SAVANNAH DOWNTOWN HISTORIC DISTRICT
7  HABERSHAM ST  SAVANNAH GA 31401,2,SVR-02370,2027-08-11,2000418012,Tybee Vacation Rentals,ownerservices@tybeevacationrentals.com,91278658537,Type 2: Non-Owner-Occupied STVR Certificate,2,1,4,SAVANNAH DOWNTOWN HISTORIC DISTRICT
7  HABERSHAM ST  SAVANNAH GA 31401,3,SVR-02371,2027-08-11,2000418013,Tybee Vacation Rentals,ownerservices@tybeevacationrentals.com,91278658537,Type 2: Non-Owner-Occupied STVR Certificate,3,1,6,SAVANNAH DOWNTOWN HISTORIC DISTRICT
15 WEST BAY ST  SAVANNAH GA 31401,101,SVR-02373,2027-07-27,2000414007,Michael Arcangelo,24squaresavannah@gmail.com,9787667088,Type 2: Non-Owner-Occupied STVR Certificate,2,1,4,SAVANNAH DOWNTOWN HISTORIC DISTRICT
15 WEST BAY ST  SAVANNAH GA 31401,102,SVR-02374,2027-07-27,2000414007,Michael Arcangelo,24squaresavannah@gmail.com,9787667088,Type 2: Non-Owner-Occupied STVR Certificate,2,1,4,SAVANNAH DOWNTOWN HISTORIC DISTRICT
165 WEST BAY ST  SAVANNAH GA 31401,206,SVR-02377,2027-08-11,2000413041,Gary Osuch,gosuch@aol.com,9122338605,Type 2: Non-Owner-Occupied STVR Certificate,2,1,4,SAVANNAH DOWNTOWN HISTORIC DISTRICT
110 EAST GASTON ST  SAVANNAH GA 31401,1,SVR-02378,2026-10-26,2003245012,Elizabeth Korsedal,vnevinger@gmail.com,3234205938,Type 2: Non-Owner-Occupied STVR Certificate,1,,4,SAVANNAH DOWNTOWN HISTORIC DISTRICT
110 EAST GASTON ST  SAVANNAH GA 31401,2,SVR-02379,2027-09-29,2003245012,Elizabeth Korsedal,vnevinger@gmail.com,3234205938,Type 2: Non-Owner-Occupied STVR Certificate,3,1,6,SAVANNAH DOWNTOWN HISTORIC DISTRICT
110 EAST GASTON ST  SAVANNAH GA 31401,3,SVR-02380,2027-09-29,2003245012,Elizabeth Korsedal,vnevinger@gmail.com,3234205938,Type 2: Non-Owner-Occupied STVR Certificate,2,1,4,SAVANNAH DOWNTOWN HISTORIC DISTRICT
206 WEST DUFFY ST  SAVANNAH GA 31401,C,SVR-02381,2027-08-11,2005216022,SOUTHERN BELLE VACATION RENTALS,stvr@southernbellevr.com,9122890130,Type 2: Non-Owner-Occupied STVR Certificate,2,1,4,VICTORIAN HISTORIC DISTRICT
407 EAST PERRY LN  SAVANNAH GA 31401,C,SVR-02383,2026-10-07,2001518027,SOUTHERN BELLE VACATION RENTALS,stvr@southernbellevr.com,9122890130,Type 1: Owner-Occupied STVR Certificate,1,,4,SAVANNAH DOWNTOWN HISTORIC DISTRICT
112 WEST WALDBURG ST  SAVANNAH GA 31401,,SVR-02384,2026-10-01,2004418004,Cora Bett Thomas Rentals & Management,stvr@cbtrentals.com,9125036652,Type 2: Non-Owner-Occupied STVR Certificate,3,,6,VICTORIAN HISTORIC DISTRICT
114 WEST WALDBURG ST  SAVANNAH GA 31401,,SVR-02385,2026-10-01,2004418004,Cora Bett Thomas Rentals & Management,stvr@cbtrentals.com,9125036652,Type 2: Non-Owner-Occupied STVR Certificate,3,,6,VICTORIAN HISTORIC DISTRICT
116 WEST WALDBURG ST  SAVANNAH GA 31401,,SVR-02386,2026-10-01,2004418004,Cora Bett Thomas Rentals & Management,stvr@cbtrentals.com,9125036652,Type 2: Non-Owner-Occupied STVR Certificate,3,,6,VICTORIAN HISTORIC DISTRICT
118 WEST WALDBURG ST  SAVANNAH GA 31401,,SVR-02387,2026-10-01,2004418004,Cora Bett Thomas Rentals & Management,stvr@cbtrentals.com,9125036652,Type 2: Non-Owner-Occupied STVR Certificate,3,,6,VICTORIAN HISTORIC DISTRICT
425 EAST BAY ST  SAVANNAH GA 31401,B,SVR-02388,2026-10-14,2000419001,SOUTHERN BELLE VACATION RENTALS,stvr@southernbellevr.com,9122890130,Type 2: Non-Owner-Occupied STVR Certificate,3,,6,SAVANNAH DOWNTOWN HISTORIC DISTRICT
416 EAST JONES ST  SAVANNAH GA 31401,,SVR-02389,2027-08-11,2003210013,SOUTHERN BELLE VACATION RENTALS,stvr@southernbellevr.com,9122890130,Type 2: Non-Owner-Occupied STVR Certificate,2,2,4,SAVANNAH DOWNTOWN HISTORIC DISTRICT
241 EAST BROAD ST  SAVANNAH GA 31401,,SVR-02391,2027-08-11,2001411021,Lucky Savannah Vacation Rentals,owners@luckysavannah.com,9124958582,Type 2: Non-Owner-Occupied STVR Certificate,3,,6,SAVANNAH DOWNTOWN HISTORIC DISTRICT
425 EAST BAY ST  SAVANNAH GA 31401,A,SVR-02392,2026-10-14,2000419001,SOUTHERN BELLE VACATION RENTALS,stvr@southernbellevr.com,9122890130,Type 2: Non-Owner-Occupied STVR Certificate,1,,4,SAVANNAH DOWNTOWN HISTORIC DISTRICT
302 EAST PRESIDENT ST  SAVANNAH GA 31401,,SVR-02393,2027-08-11,2000457003,SOUTHERN BELLE VACATION RENTALS,stvr@southernbellevr.com,9122890130,Type 2: Non-Owner-Occupied STVR Certificate,3,1,6,SAVANNAH DOWNTOWN HISTORIC DISTRICT
232 EAST BROUGHTON ST  SAVANNAH GA 31401,2nd Floor Loft,SVR-02396,2027-09-13,2000440002A,Luxury Living Savannah,reservations@luxurylivingsavannah.com,9129997200,Type 2: Non-Owner-Occupied STVR Certificate,5,1,10,SAVANNAH DOWNTOWN HISTORIC DISTRICT
204 EAST HALL ST  SAVANNAH GA 31401,,SVR-02397,2026-10-19,2004401005,Arise Property Management,contact@stayatarise.com,9123880845,Type 2: Non-Owner-Occupied STVR Certificate,6,,12,SAVANNAH DOWNTOWN HISTORIC DISTRICT
612  ABERCORN ST  SAVANNAH GA 31401,,SVR-02398,2026-10-19,2004401005,Arise Property Management,contact@stayatarise.com,9123880845,Type 2: Non-Owner-Occupied STVR Certificate,2,,4,SAVANNAH DOWNTOWN HISTORIC DISTRICT
614  ABERCORN ST  SAVANNAH GA 31401,,SVR-02399,2026-10-19,2004401005,Arise Property Management,contact@stayatarise.com,9123880845,Type 2: Non-Owner-Occupied STVR Certificate,2,,4,SAVANNAH DOWNTOWN HISTORIC DISTRICT
311 WEST YORK ST  SAVANNAH GA 31401,A,SVR-02400,2027-08-17,2001636003,NOLA RE Management Group LLC,compliance@stayheirloom.com,5045070523,Type 2: Non-Owner-Occupied STVR Certificate,4,2,8,SAVANNAH DOWNTOWN HISTORIC DISTRICT
311 WEST YORK ST  SAVANNAH GA 31401,B,SVR-02401,2027-08-17,2001636003,NOLA RE Management Group LLC,compliance@stayheirloom.com,5045070523,Type 2: Non-Owner-Occupied STVR Certificate,1,1,4,SAVANNAH DOWNTOWN HISTORIC DISTRICT
204 WEST GWINNETT ST  SAVANNAH GA 31401,,SVR-02402,2026-10-22,2004531016,South Key Management Company,chase@southkeymgmt.com,9128001321,Type 2: Non-Owner-Occupied STVR Certificate,3,1,6,SAVANNAH DOWNTOWN HISTORIC DISTRICT
204 WEST GWINNETT ST  SAVANNAH GA 31401,B,SVR-02403,2026-10-22,2004531016,South Key Management Company,chase@southkeymgmt.com,9128001321,Type 2: Non-Owner-Occupied STVR Certificate,1,,4,SAVANNAH DOWNTOWN HISTORIC DISTRICT
707  TATTNALL ST  SAVANNAH GA 31401,,SVR-02405,2027-08-25,2004530010,Lucky Savannah Vacation Rentals,owners@luckysavannah.com,9124958582,Type 2: Non-Owner-Occupied STVR Certificate,3,3,6,SAVANNAH DOWNTOWN HISTORIC DISTRICT
311 WEST GWINNETT ST  SAVANNAH GA 31401,,SVR-00235,2027-05-26,2005202015,Mitchell Mackler,mackler@yahoo.com,7324229612,Type 2: Non-Owner-Occupied STVR Certificate,3,1,6,VICTORIAN HISTORIC DISTRICT
536 EAST CHARLTON ST  SAVANNAH GA 31401,,SVR-02408,2027-08-30,2001418037,Janet Wagner,jwmgmt912@gmail.com,9125705070,Type 2: Non-Owner-Occupied STVR Certificate,1,,4,SAVANNAH DOWNTOWN HISTORIC DISTRICT
227 WEST BROUGHTON ST  SAVANNAH GA 31401,6,SVR-02409,2026-09-07,2001625017,John Dillon d/b/a Moss & Oak LLC,mossandoaksavannah@gmail.com,9126929393,Type 2: Non-Owner-Occupied STVR Certificate,2,,4,SAVANNAH DOWNTOWN HISTORIC DISTRICT
441   PORT ST  SAVANNAH GA 31401,,SVR-02412,2026-09-17,20006A01027,Lucky Savannah Vacation Rentals,owners@luckysavannah.com,9124958582,Type 2: Non-Owner-Occupied STVR Certificate,3,4,6,EmptyFieldDisplayStrategy.HIDE
126 EAST OGLETHORPE AVE  SAVANNAH GA 31401,,SVR-02413,2026-10-04,2001507004,Anderson VIP Concierge LLC,mary@savannahluxuryrentals.com,9125252022,Type 2: Non-Owner-Occupied STVR Certificate,4,1,8,SAVANNAH DOWNTOWN HISTORIC DISTRICT
210 EAST STATE ST  SAVANNAH GA 31401,17,SVR-02414,2026-11-01,2000447026,Krista Powell,kdpphotography.kp@gmail.com,9126874182,Type 2: Non-Owner-Occupied STVR Certificate,1,,4,SAVANNAH DOWNTOWN HISTORIC DISTRICT
211 EAST CHARLTON LN  SAVANNAH GA 31401,,SVR-02415,2026-10-04,2003208031,South Key Management Company,chase@southkeymgmt.com,9128001321,Type 2: Non-Owner-Occupied STVR Certificate,1,,4,SAVANNAH DOWNTOWN HISTORIC DISTRICT
554 EAST LIBERTY ST  SAVANNAH GA 31401,,SVR-02416,2027-10-06,2001411022,Brittany Goodner,andrew.coody@gmail.com,9122753241,Type 2: Non-Owner-Occupied STVR Certificate,1,,4,SAVANNAH DOWNTOWN HISTORIC DISTRICT
722  PRICE ST  SAVANNAH GA 31401,,SVR-02417,2026-10-04,2004302055,Vacasa LLC,permitting@vacasa.com,5033459399,Type 2: Non-Owner-Occupied STVR Certificate,3,1,6,SAVANNAH DOWNTOWN HISTORIC DISTRICT
339  WHITAKER ST  SAVANNAH GA 31401,2,SVR-02418,2026-10-07,2001545023,South Key Management Company,chase@southkeymgmt.com,9128001321,Type 2: Non-Owner-Occupied STVR Certificate,2,,4,SAVANNAH DOWNTOWN HISTORIC DISTRICT
302 EAST PARK AVE  SAVANNAH GA 31401,B,SVR-02424,2026-10-13,2004428015,South Key Management Company,chase@southkeymgmt.com,9128001321,Type 1: Owner-Occupied STVR Certificate,1,,4,VICTORIAN HISTORIC DISTRICT
331 EAST BROAD ST  SAVANNAH GA 31401,,SVR-02425,2026-11-01,2001418056,Sandra Cass,beachroadeastcoast@gmail.com,5617624757,Type 2: Non-Owner-Occupied STVR Certificate,2,,4,SAVANNAH DOWNTOWN HISTORIC DISTRICT
333 EAST BROAD ST  SAVANNAH GA 31401,,SVR-02426,2026-11-01,2001418056,Sandra Cass,beachroadeastcoast@gmail.com,5617624757,Type 2: Non-Owner-Occupied STVR Certificate,2,,4,SAVANNAH DOWNTOWN HISTORIC DISTRICT
109 WEST JONES ST  SAVANNAH GA 31401,A,SVR-02427,2026-11-02,2003217006,Sandra Cass,beachroadeastcoast@gmail.com,5617624757,Type 2: Non-Owner-Occupied STVR Certificate,3,1,6,SAVANNAH DOWNTOWN HISTORIC DISTRICT
109 WEST JONES ST  SAVANNAH GA 31401,B,SVR-02428,2026-11-02,2003217006,Sandra Cass,beachroadeastcoast@gmail.com,5617624757,Type 2: Non-Owner-Occupied STVR Certificate,2,,4,SAVANNAH DOWNTOWN HISTORIC DISTRICT
109 WEST JONES ST  SAVANNAH GA 31401,D,SVR-02429,2026-11-02,2003217006,Sandra Cass,beachroadeastcoast@gmail.com,5617624757,Type 2: Non-Owner-Occupied STVR Certificate,1,,4,SAVANNAH DOWNTOWN HISTORIC DISTRICT
109 WEST JONES ST  SAVANNAH GA 31401,E,SVR-02430,2026-11-02,2003217006,Sandra Cass,beachroadeastcoast@gmail.com,5617624757,Type 2: Non-Owner-Occupied STVR Certificate,1,,4,SAVANNAH DOWNTOWN HISTORIC DISTRICT
109 WEST JONES ST  SAVANNAH GA 31401,F,SVR-02431,2026-11-02,2003217006,Sandra Cass,beachroadeastcoast@gmail.com,5617624757,Type 2: Non-Owner-Occupied STVR Certificate,1,1,4,SAVANNAH DOWNTOWN HISTORIC DISTRICT
110  BARNARD ST  SAVANNAH GA 31401,310,SVR-02432,2026-10-20,2000443021,Anderson VIP VIP Concierge LLC,mary@savannahluxuryrentals.com,9125252022,Type 2: Non-Owner-Occupied STVR Certificate,2,,4,SAVANNAH DOWNTOWN HISTORIC DISTRICT
212 WEST BAY ST  SAVANNAH GA 31401,3,SVR-02435,2026-10-20,2000309020,Arise Property Management,contact@stayatarise.com,9123880845,Type 2: Non-Owner-Occupied STVR Certificate,3,1,6,SAVANNAH DOWNTOWN HISTORIC DISTRICT
116 WEST GORDON LN  SAVANNAH GA 31401,Carriage House,SVR-02436,2026-10-20,2003242020,South Key Management Company,chase@southkeymgmt.com,9128001321,Type 1: Owner-Occupied STVR Certificate,2,,4,SAVANNAH DOWNTOWN HISTORIC DISTRICT
211 WEST GWINNETT ST  SAVANNAH GA 31401,Carriage House,SVR-02439,2026-11-01,2004409014,Southern Belle Vacation Rentals,stvr@southernbellevr.com,9122890130,Type 1: Owner-Occupied STVR Certificate,1,1,4,VICTORIAN HISTORIC DISTRICT
207 EAST RIVER ST  SAVANNAH GA 31401,,SVR-02446,2026-11-23,2000411005,24square Inc,24squaresavannah@gmail.com,9787667088,Type 2: Non-Owner-Occupied STVR Certificate,2,1,4,SAVANNAH DOWNTOWN HISTORIC DISTRICT
405  PORT ST  SAVANNAH GA 31401,,SVR-02452,2026-11-19,20006A01018,Ryan Belfry,405portstreet@gmail.com,9196962413,Type 2: Non-Owner-Occupied STVR Certificate,3,4,6,EmptyFieldDisplayStrategy.HIDE
537 EAST MACON ST  SAVANNAH GA 31401,,SVR-02453,2026-12-20,2001418048,Nicholas Sam,sleetenterprises@gmail.com,7162568009,Type 2: Non-Owner-Occupied STVR Certificate,1,2,4,SAVANNAH DOWNTOWN HISTORIC DISTRICT
235  ABERCORN ST  SAVANNAH GA 31401,C,SVR-02454,2026-11-17,2001530004,Mary Anderson d/b/a Anderson VIP Concierge LLC,mary@savannahluxuryrentals.com,9125252022,Type 2: Non-Owner-Occupied STVR Certificate,2,1,4,SAVANNAH DOWNTOWN HISTORIC DISTRICT
235  ABERCORN ST  SAVANNAH GA 31401,PARLOR,SVR-02455,2026-11-17,2001530004,Mary Anderson d/b/a Anderson VIP Concierge LLC,mary@savannahluxuryrentals.com,9125252022,Type 2: Non-Owner-Occupied STVR Certificate,1,1,4,SAVANNAH DOWNTOWN HISTORIC DISTRICT
235  ABERCORN ST  SAVANNAH GA 31401,GARDEN,SVR-02456,2026-11-17,2001530004,Mary Anderson d/b/a Anderson VIP Concierge LLC,mary@savannahluxuryrentals.com,9125252022,Type 2: Non-Owner-Occupied STVR Certificate,1,,4,SAVANNAH DOWNTOWN HISTORIC DISTRICT
14 EAST TAYLOR ST  SAVANNAH GA 31401,A,SVR-02457,2026-11-17,2003215015,Luxury Living Savannah LLC,reservations@luxurylivingsavannah.com,9129997200,Type 2: Non-Owner-Occupied STVR Certificate,5,3,10,SAVANNAH DOWNTOWN HISTORIC DISTRICT
14 EAST TAYLOR ST  SAVANNAH GA 31401,B,SVR-02458,2026-11-17,2003215015,Luxury Living Savannah LLC,reservations@luxurylivingsavannah.com,9129997200,Type 2: Non-Owner-Occupied STVR Certificate,2,1,4,SAVANNAH DOWNTOWN HISTORIC DISTRICT
14 EAST TAYLOR ST  SAVANNAH GA 31401,C,SVR-02459,2026-11-17,2003215015,Luxury Living Savannah LLC,reservations@luxurylivingsavannah.com,9129997200,Type 2: Non-Owner-Occupied STVR Certificate,1,1,4,SAVANNAH DOWNTOWN HISTORIC DISTRICT
132 EAST OGLETHORPE AVE  SAVANNAH GA 31401,,SVR-02460,2027-02-25,2001507003,Andrea Robertson,arobertson@inmanpark.com,9124841112,Type 2: Non-Owner-Occupied STVR Certificate,2,,4,SAVANNAH DOWNTOWN HISTORIC DISTRICT
210 EAST STATE ST  SAVANNAH GA 31401,33,SVR-02463,2027-07-18,2000447042,Kaelin Durst,info@stayopulence.com,9122173388,Type 2: Non-Owner-Occupied STVR Certificate,1,,4,SAVANNAH DOWNTOWN HISTORIC DISTRICT
417  PORT ST  SAVANNAH GA 31401,,SVR-02464,2026-12-03,20006A01021,Lucky Savannah Vacation Rentals,owners@luckysavannah.com,9124958582,Type 2: Non-Owner-Occupied STVR Certificate,3,2,6,EmptyFieldDisplayStrategy.HIDE
220 EAST JONES LN  SAVANNAH GA 31401,,SVR-02465,2026-12-03,2003213009,Lucky Savannah Vacation Rentals,owners@luckysavannah.com,9124958582,Type 2: Non-Owner-Occupied STVR Certificate,1,,4,SAVANNAH DOWNTOWN HISTORIC DISTRICT
409 WEST 36TH ST  SAVANNAH GA 31401,B,SVR-02466,2027-01-18,2007311003,Joe DeCarlo d/b/a Greendew Property Management,decarlojoe0@gmail.com,5868199314,Type 1: Owner-Occupied STVR Certificate,3,4,6,STREETCAR HISTORIC DISTRICT
165 WEST BAY ST  SAVANNAH GA 31401,303,SVR-02467,2026-12-02,2000413044,South Key Management Company,chase@southkeymgmt.com,9128001321,Type 2: Non-Owner-Occupied STVR Certificate,2,,4,SAVANNAH DOWNTOWN HISTORIC DISTRICT
209 WEST JONES ST  SAVANNAH GA 31401,,SVR-02468,2026-12-03,2003218003,South Key Management Company,chase@southkeymgmt.com,9128001321,Type 2: Non-Owner-Occupied STVR Certificate,3,1,6,SAVANNAH DOWNTOWN HISTORIC DISTRICT
209 WEST JONES ST  SAVANNAH GA 31401,B,SVR-02469,2026-12-03,2003218003,South Key Management Company,chase@southkeymgmt.com,9128001321,Type 2: Non-Owner-Occupied STVR Certificate,1,1,4,SAVANNAH DOWNTOWN HISTORIC DISTRICT
21 WEST PERRY ST  SAVANNAH GA 31401,Main House,SVR-02470,2027-02-15,2001528003,Southern Belle Vacation Rentals,stvr@southernbellevr.com,9122890130,Type 2: Non-Owner-Occupied STVR Certificate,5,1,10,SAVANNAH DOWNTOWN HISTORIC DISTRICT
21 WEST PERRY ST  SAVANNAH GA 31401,2,SVR-02471,2027-02-15,2001528003,Southern Belle Vacation Rentals,stvr@southernbellevr.com,9122890130,Type 2: Non-Owner-Occupied STVR Certificate,1,1,4,SAVANNAH DOWNTOWN HISTORIC DISTRICT
21 WEST PERRY ST  SAVANNAH GA 31401,Carriage House,SVR-02472,2027-02-15,2001528003,Southern Belle Vacation Rentals,stvr@southernbellevr.com,9122890130,Type 2: Non-Owner-Occupied STVR Certificate,1,1,4,SAVANNAH DOWNTOWN HISTORIC DISTRICT
315  LORCH ST  SAVANNAH GA 31401,A,SVR-02474,2027-02-12,2004526018,Jacob Boss,bossfineproperties@gmail.com,7248094222,Type 2: Non-Owner-Occupied STVR Certificate,3,1,6,SAVANNAH DOWNTOWN HISTORIC DISTRICT
516 EAST HARRIS ST  SAVANNAH GA 31401,,SVR-00025,2027-03-05,2001413013,Kevin Escobar,kevin@kescohomes.com,6319548427,Type 2: Non-Owner-Occupied STVR Certificate,2,,4,SAVANNAH DOWNTOWN HISTORIC DISTRICT
412  PRICE ST  SAVANNAH GA 31401,,SVR-02479,2026-12-20,2003301036,Lucky Savannah Vacation Rentals,owners@luckysavannah.com,9124958582,Type 2: Non-Owner-Occupied STVR Certificate,2,1,4,SAVANNAH DOWNTOWN HISTORIC DISTRICT
18 EAST 41ST ST  SAVANNAH GA 31401,,SVR-02482,2027-04-13,2007404015,Frederic Theriault,fredtee81@gmail.com,9128568295,Type 2: Non-Owner-Occupied STVR Certificate,3,,6,STREETCAR HISTORIC DISTRICT
435  TATTNALL ST  SAVANNAH GA 31401,,SVR-02485,2027-03-09,2003240004,John Strother III,jack@savlawyer.com,9126639098,Type 2: Non-Owner-Occupied STVR Certificate,3,,6,SAVANNAH DOWNTOWN HISTORIC DISTRICT
219 WEST HALL ST  SAVANNAH GA 31401,,SVR-02486,2027-01-04,2004530009,Southern Belle Vacation Rentals,stvr@southernbellevr.com,9122890130,Type 2: Non-Owner-Occupied STVR Certificate,2,1,4,SAVANNAH DOWNTOWN HISTORIC DISTRICT
316 WEST WALDBURG ST  SAVANNAH GA 31401,,SVR-02487,2027-01-04,2005203009,Southern Belle Vacation Rentals,stvr@southernbellevr.com,9122890130,Type 2: Non-Owner-Occupied STVR Certificate,2,2,4,VICTORIAN HISTORIC DISTRICT
105 WEST OGLETHORPE AVE  SAVANNAH GA 31401,201,SVR-02488,2027-01-10,2001512003,South Key Management Company,chase@southkeymgmt.com,9128001321,Type 2: Non-Owner-Occupied STVR Certificate,2,,4,SAVANNAH DOWNTOWN HISTORIC DISTRICT
202 WEST BOLTON ST  SAVANNAH GA 31401,A,SVR-00243,2027-07-15,2004409002,James Ashman,jaje91@comcast.net,9126048990,Type 2: Non-Owner-Occupied STVR Certificate,1,,4,VICTORIAN HISTORIC DISTRICT
418 EAST DUFFY ST  SAVANNAH GA 31401,A,SVR-02490,2027-01-19,2005301003,Megan Shew,mshew72@gmail.com,9123460745,Type 1: Owner-Occupied STVR Certificate,2,1,4,VICTORIAN HISTORIC DISTRICT
418 EAST DUFFY ST  SAVANNAH GA 31401,B,SVR-02491,2027-01-19,2005301003,Megan Shew,mshew72@gmail.com,9123460745,Type 1: Owner-Occupied STVR Certificate,2,1,4,VICTORIAN HISTORIC DISTRICT
417 EAST PARK LN  SAVANNAH GA 31401,A,SVR-02492,2027-01-19,2005301003,Megan Shew,mshew72@gmail.com,9123460745,Type 1: Owner-Occupied STVR Certificate,2,1,4,VICTORIAN HISTORIC DISTRICT
116 WEST LIBERTY ST  SAVANNAH GA 31401,B,SVR-02493,2027-01-18,2001527023,Lucky Savannah Vacation Rentals,owners@luckysavannah.com,9124958582,Type 2: Non-Owner-Occupied STVR Certificate,2,2,4,SAVANNAH DOWNTOWN HISTORIC DISTRICT
339  BARNARD ST  SAVANNAH GA 31401,,SVR-02494,2027-01-18,2003128001,Lucky Savannah Vacation Rentals,owners@luckysavannah.com,9124958582,Type 2: Non-Owner-Occupied STVR Certificate,2,,4,SAVANNAH DOWNTOWN HISTORIC DISTRICT
201 WEST CHARLTON ST  SAVANNAH GA 31401,A,SVR-02495,2027-01-18,2003128001,Lucky Savannah Vacation Rentals,owners@luckysavannah.com,9124958582,Type 2: Non-Owner-Occupied STVR Certificate,5,1,10,SAVANNAH DOWNTOWN HISTORIC DISTRICT
201 WEST CHARLTON ST  SAVANNAH GA 31401,B,SVR-02496,2027-01-18,2003128001,Lucky Savannah Vacation Rentals,owners@luckysavannah.com,9124958582,Type 2: Non-Owner-Occupied STVR Certificate,1,,4,SAVANNAH DOWNTOWN HISTORIC DISTRICT
105 EAST DUFFY ST  SAVANNAH GA 31401,C,SVR-02497,2026-11-20,2005303011,NOLA RE Management Group LLC,compliance@stayheirloom.com,5045070523,Type 2: Non-Owner-Occupied STVR Certificate,5,3,10,VICTORIAN HISTORIC DISTRICT
111 EAST JONES ST  SAVANNAH GA 31401,LOWER,SVR-02498,2027-01-19,2003214005,Southern Belle Vacation Rentals,stvr@southernbellevr.com,9122890130,Type 1: Owner-Occupied STVR Certificate,2,,4,SAVANNAH DOWNTOWN HISTORIC DISTRICT
21 EAST YORK ST  SAVANNAH GA 31401,B,SVR-00244,2027-03-04,2001508007,Cora Bett Thomas Rentals & Management,stvr@cbtrentals.com,9125036652,Type 2: Non-Owner-Occupied STVR Certificate,3,2,6,SAVANNAH DOWNTOWN HISTORIC DISTRICT
117  LINCOLN ST  SAVANNAH GA 31401,5-A,SVR-02499,2027-02-13,2000447056,Alyssa Acker dba Hosting Savannah LLC,hostingsavannah@gmail.com,4436104230,Type 2: Non-Owner-Occupied STVR Certificate,2,,4,SAVANNAH DOWNTOWN HISTORIC DISTRICT
212 WEST HARRIS ST  SAVANNAH GA 31401,,SVR-02500,2027-02-23,2003116010,Southern Belle Vacation Rentals,stvr@southernbellevr.com,9122890130,Type 1: Owner-Occupied STVR Certificate,3,1,6,SAVANNAH DOWNTOWN HISTORIC DISTRICT
317 WEST HUNTINGDON ST  SAVANNAH GA 31401,B,SVR-02503,2027-02-14,2004525006,Julie Gates d/b/a Sid Was Here Property Management,sid@sidwashere.com,9125744473,Type 2: Non-Owner-Occupied STVR Certificate,2,,4,SAVANNAH DOWNTOWN HISTORIC DISTRICT
18 EAST 39TH ST  SAVANNAH GA 31401,B,SVR-02505,2027-01-27,2006530009,Wendy Picone,spunky02@yahoo.com,3305541458,Type 1: Owner-Occupied STVR Certificate,3,,6,STREETCAR HISTORIC DISTRICT
416 EAST HUNTINGDON ST  SAVANNAH GA 31401,,SVR-02506,2027-02-03,2003249008,Anderson VIP Concierge LLC,mary@savannahluxuryrentals.com,9125252022,Type 1: Owner-Occupied STVR Certificate,4,2,8,SAVANNAH DOWNTOWN HISTORIC DISTRICT
311  Whitaker ST  SAVANNAH GA 31401,B,SVR-02507,2027-03-30,2001536014,Maria Gallo,theparlorloft@gmail.com,4138843287,Type 1: Owner-Occupied STVR Certificate,1,1,4,SAVANNAH DOWNTOWN HISTORIC DISTRICT
16 EAST JONES ST  SAVANNAH GA 31401,B,SVR-00245,2027-05-13,2003206006,Cora Bett Thomas Rentals and Management,stvr@cbtrentals.com,9125036652,Type 2: Non-Owner-Occupied STVR Certificate,1,,4,SAVANNAH DOWNTOWN HISTORIC DISTRICT
507  BARNARD ST  SAVANNAH GA 31401,A,SVR-02509,2027-01-31,2003255004,Arise Property Management,contact@stayatarise.com,9123880845,Type 2: Non-Owner-Occupied STVR Certificate,2,,4,SAVANNAH DOWNTOWN HISTORIC DISTRICT
507  BARNARD ST  SAVANNAH GA 31401,B,SVR-02510,2027-01-31,2003255004,Arise Property Management,contact@stayatarise.com,9123880845,Type 2: Non-Owner-Occupied STVR Certificate,2,,4,SAVANNAH DOWNTOWN HISTORIC DISTRICT
507  BARNARD ST  SAVANNAH GA 31401,C,SVR-02511,2027-01-31,2003255004,Arise Property Management,contact@stayatarise.com,9123880845,Type 2: Non-Owner-Occupied STVR Certificate,2,,4,SAVANNAH DOWNTOWN HISTORIC DISTRICT
310 WEST BROUGHTON ST  SAVANNAH GA 31401,3012,SVR-02512,2027-02-17,2001615042,Kaelin Durst,info@stayopulence.com,9122173388,Type 2: Non-Owner-Occupied STVR Certificate,1,,4,SAVANNAH DOWNTOWN HISTORIC DISTRICT
100 WEST LIBERTY LN  SAVANNAH GA 31401,Carriage House,SVR-02514,2027-03-29,2001536015,Craig Hatfield,craigh.ici@gmail.com,9374246619,Type 1: Owner-Occupied STVR Certificate,2,2,4,SAVANNAH DOWNTOWN HISTORIC DISTRICT
216 EAST STATE ST  SAVANNAH GA 31401,1-D,SVR-02516,2027-02-17,2000447001D,Lucky Savannah Vacation Rentals,owners@luckysavannah.com,9124958582,Type 2: Non-Owner-Occupied STVR Certificate,1,,4,SAVANNAH DOWNTOWN HISTORIC DISTRICT
24 EAST LIBERTY ST  SAVANNAH GA 31401,82,SVR-02517,2027-05-18,2001529058,Colby Phillips,colbyrphillips@gmail.com,9126582953,Type 2: Non-Owner-Occupied STVR Certificate,1,,4,SAVANNAH DOWNTOWN HISTORIC DISTRICT
16 EAST JONES ST  SAVANNAH GA 31401,C,SVR-00246,2027-05-13,2003206006,Cora Bett Thomas Rentals and Management,stvr@cbtrentals.com,9125036652,Type 2: Non-Owner-Occupied STVR Certificate,1,,4,SAVANNAH DOWNTOWN HISTORIC DISTRICT
312 EAST HUNTINGDON ST  SAVANNAH GA 31401,"Carriage House, 319 E. Gaston LN at",SVR-02520,2027-03-29,2003250009,Lisa Mercedes Hughes Brennan,starland123properties@gmail.com,8058161833,Type 1: Owner-Occupied STVR Certificate,1,1,4,SAVANNAH DOWNTOWN HISTORIC DISTRICT
514  BARNARD ST  SAVANNAH GA 31401,B,SVR-02521,2027-02-24,2003254005,South Key Management Company,chase@southkeymgmt.com,9128001321,Type 1: Owner-Occupied STVR Certificate,1,,4,SAVANNAH DOWNTOWN HISTORIC DISTRICT
542 EAST TAYLOR ST  SAVANNAH GA 31401,,SVR-02522,2027-04-25,2003301022,Chris Forster,christopher.d.forster@gmail.com,2034171936,Type 2: Non-Owner-Occupied STVR Certificate,4,2,8,SAVANNAH DOWNTOWN HISTORIC DISTRICT
202 EAST GASTON ST  SAVANNAH GA 31401,B,SVR-02524,2027-03-03,2003246018,Lucky Savannah Vacation Rentals,owners@luckysavannah.com,9124958582,Type 2: Non-Owner-Occupied STVR Certificate,1,1,4,SAVANNAH DOWNTOWN HISTORIC DISTRICT
202 EAST GORDON LN  SAVANNAH GA 31401,,SVR-02525,2027-03-03,2003246018,Lucky Savannah Vacation Rentals,owners@luckysavannah.com,9124958582,Type 2: Non-Owner-Occupied STVR Certificate,1,1,4,SAVANNAH DOWNTOWN HISTORIC DISTRICT
310 WEST BROUGHTON ST  SAVANNAH GA 31401,2004,SVR-02527,2027-04-01,2001615019,Katrina Meehan,kangaroocoastalllc@gmail.com,8588808123,Type 2: Non-Owner-Occupied STVR Certificate,2,,4,SAVANNAH DOWNTOWN HISTORIC DISTRICT
165 WEST BAY ST  SAVANNAH GA 31401,602,SVR-02530,2027-03-08,2000413056,Southern Grace Stays,southerngracegetaways@yahoo.com,9126008086,Type 2: Non-Owner-Occupied STVR Certificate,2,,4,SAVANNAH DOWNTOWN HISTORIC DISTRICT
105 WEST OGLETHORPE AVE  SAVANNAH GA 31401,403,SVR-02531,2027-03-04,2001512003L,South Key Management Company,chase@southkeymgmt.com,9128001321,Type 2: Non-Owner-Occupied STVR Certificate,2,,4,SAVANNAH DOWNTOWN HISTORIC DISTRICT
206 EAST GORDON LN  SAVANNAH GA 31401,,SVR-02532,2027-04-12,2003246016,Kelly McAtee,mcateeclan@gmail.com,7572938324,Type 1: Owner-Occupied STVR Certificate,1,,4,SAVANNAH DOWNTOWN HISTORIC DISTRICT
206 EAST GASTON ST  SAVANNAH GA 31401,A,SVR-02533,2027-04-12,2003246016,Kelly McAtee,mcateeclan@gmail.com,7572938324,Type 1: Owner-Occupied STVR Certificate,1,,4,SAVANNAH DOWNTOWN HISTORIC DISTRICT
533 EAST PERRY LN  SAVANNAH GA 31401,Carriage House,SVR-02536,2027-03-15,2001411016,Anderson VIP Concierge LLC,mary@savannahluxuryrentals.com,9125252022,Type 2: Non-Owner-Occupied STVR Certificate,1,,4,SAVANNAH DOWNTOWN HISTORIC DISTRICT
525 EAST GWINNETT ST  SAVANNAH GA 31401,A,SVR-02537,2027-03-15,2004306051,Luciana Tobal,valnewyork@gmail.com,7186667533,Type 2: Non-Owner-Occupied STVR Certificate,3,1,6,VICTORIAN HISTORIC DISTRICT
165 WEST BAY ST  SAVANNAH GA 31401,302,SVR-02539,2027-03-28,2000413043,Lucky Savannah Vacation Rentals,owners@luckysavannah.com,9124958582,Type 2: Non-Owner-Occupied STVR Certificate,2,1,4,SAVANNAH DOWNTOWN HISTORIC DISTRICT
221 EAST GASTON ST  SAVANNAH GA 31401,B,SVR-02541,2027-03-28,2003251009,Lucky Savannah Vacation Rentals,owners@luckysavannah.com,9124958582,Type 2: Non-Owner-Occupied STVR Certificate,1,1,4,SAVANNAH DOWNTOWN HISTORIC DISTRICT
221 EAST GASTON ST  SAVANNAH GA 31401,A,SVR-02542,2027-03-28,2003251009,Lucky Savannah Vacation Rentals,owners@luckysavannah.com,9124958582,Type 2: Non-Owner-Occupied STVR Certificate,3,1,6,SAVANNAH DOWNTOWN HISTORIC DISTRICT
221 EAST GASTON LN  SAVANNAH GA 31401,,SVR-02543,2027-03-28,2003251009,Lucky Savannah Vacation Rentals,owners@luckysavannah.com,9124958582,Type 2: Non-Owner-Occupied STVR Certificate,1,1,4,SAVANNAH DOWNTOWN HISTORIC DISTRICT
409 EAST PARK AVE  SAVANNAH GA 31401,,SVR-02544,2027-03-28,2005301013,Lucky Savannah Vacation Rentals,owners@luckysavannah.com,9124958582,Type 1: Owner-Occupied STVR Certificate,2,1,4,VICTORIAN HISTORIC DISTRICT
409 EAST PARK AVE  SAVANNAH GA 31401,B,SVR-02545,2027-03-28,2005301013,Lucky Savannah Vacation Rentals,owners@luckysavannah.com,9124958582,Type 1: Owner-Occupied STVR Certificate,2,1,4,VICTORIAN HISTORIC DISTRICT
5 WEST BROUGHTON ST  SAVANNAH GA 31401,305A,SVR-02546,2027-07-23,2000444031,Zachary Tombley,operations@stayblackswan.com,6155517255,Type 2: Non-Owner-Occupied STVR Certificate,1,,4,SAVANNAH DOWNTOWN HISTORIC DISTRICT
217  ABERCORN ST  SAVANNAH GA 31401,B-2,SVR-02547,2027-04-08,2001515002B,Trevor Packer,trevor@judgerealty.com,9122361000,Type 2: Non-Owner-Occupied STVR Certificate,1,,4,SAVANNAH DOWNTOWN HISTORIC DISTRICT
204 WEST BROUGHTON ST  SAVANNAH GA 31401,301,SVR-02548,2027-04-13,2001614301,Lucky Savannah Vacation Rentals,owners@luckysavannah.com,9124958582,Type 2: Non-Owner-Occupied STVR Certificate,2,,4,SAVANNAH DOWNTOWN HISTORIC DISTRICT
113 WEST GORDON LN  SAVANNAH GA 31401,Carriage House,SVR-02549,2027-06-01,2003242009,Cora Bett Thomas Vacation Rentals,stvr@cbtrentals.com,9125036652,Type 1: Owner-Occupied STVR Certificate,1,,4,SAVANNAH DOWNTOWN HISTORIC DISTRICT
402 EAST STATE ST  SAVANNAH GA 31401,Lower,SVR-02550,2027-04-13,2000449013,Lucky Savannah Vacation Rentals,owners@luckysavannah.com,9124958582,Type 1: Owner-Occupied STVR Certificate,1,1,4,SAVANNAH DOWNTOWN HISTORIC DISTRICT
55  MONTGOMERY ST  SAVANNAH GA 31401,2,SVR-02553,2027-04-26,2001616011,Southern Belle Vacation Rentals,stvr@southernbellevr.com,9122890130,Type 2: Non-Owner-Occupied STVR Certificate,3,,6,SAVANNAH DOWNTOWN HISTORIC DISTRICT
606  LINCOLN ST  SAVANNAH GA 31401,A,SVR-02555,2027-04-27,2004402021,Garry Genser,garrygenser@me.com,5712944863,Type 1: Owner-Occupied STVR Certificate,1,1,4,SAVANNAH DOWNTOWN HISTORIC DISTRICT
606  LINCOLN ST  SAVANNAH GA 31401,B,SVR-02556,2027-04-27,2004402021,Garry Genser,garrygenser@me.com,5712944863,Type 1: Owner-Occupied STVR Certificate,2,1,4,SAVANNAH DOWNTOWN HISTORIC DISTRICT
16 EAST 41ST ST  SAVANNAH GA 31401,,SVR-02557,2027-05-17,2007404016,Michael Garcia,mgarcia777@gmail.com,9125967392,Type 2: Non-Owner-Occupied STVR Certificate,3,1,6,STREETCAR HISTORIC DISTRICT
1020  ABERCORN ST  SAVANNAH GA 31401,,SVR-02559,2027-08-04,2004427031,Ashley Yellin,1018abercorn@gmail.com,6507407444,Type 2: Non-Owner-Occupied STVR Certificate,2,,4,VICTORIAN HISTORIC DISTRICT
131  HOUSTON ST  SAVANNAH GA 31401,,SVR-00250,2027-08-06,2000528003,Nicole and Victor Tirao,nwardenski09@hotmail.com,9123415972,Type 2: Non-Owner-Occupied STVR Certificate,2,,6,SAVANNAH DOWNTOWN HISTORIC DISTRICT
527 EAST BROUGHTON ST  SAVANNAH GA 31401,,SVR-02564,2027-05-11,2000516021,Lucky Savannah Vacation Rentals,owners@luckysavannah.com,9124958582,Type 1: Owner-Occupied STVR Certificate,3,2,6,SAVANNAH DOWNTOWN HISTORIC DISTRICT
412 EAST GASTON ST  SAVANNAH GA 31401,,SVR-02565,2027-05-11,2003248010,Kimberly Hartmere,kimberlyhartmere@yahoo.com,3046172120,Type 1: Owner-Occupied STVR Certificate,3,1,6,SAVANNAH DOWNTOWN HISTORIC DISTRICT
209 WEST 43RD ST  SAVANNAH GA 31401,,SVR-02567,2027-05-18,2007422012,Caitlin Condon,caitlinccondon@gmail.com,7813088131,Type 2: Non-Owner-Occupied STVR Certificate,3,,6,STREETCAR HISTORIC DISTRICT
22 EAST 41ST ST  SAVANNAH GA 31401,,SVR-02569,2027-06-22,2007404013,Heidi Davis,2241starland@gmail.com,2076419073,Type 2: Non-Owner-Occupied STVR Certificate,3,1,6,STREETCAR HISTORIC DISTRICT
202 WEST BOLTON ST  SAVANNAH GA 31401,B,SVR-00251,2027-07-15,2004409002,James Ashman,jaje91@comcast.net,9126048990,Type 2: Non-Owner-Occupied STVR Certificate,1,,4,VICTORIAN HISTORIC DISTRICT
604  LINCOLN ST  SAVANNAH GA 31401,A,SVR-02571,2027-05-23,2004402020,24 Square Savannah LLC,24squaresavannah@gmail.com,9787667088,Type 2: Non-Owner-Occupied STVR Certificate,2,1,4,SAVANNAH DOWNTOWN HISTORIC DISTRICT
604  LINCOLN ST  SAVANNAH GA 31401,B,SVR-02572,2027-05-23,2004402020,24 Square Savannah LLC,24squaresavannah@gmail.com,9787667088,Type 2: Non-Owner-Occupied STVR Certificate,1,1,4,SAVANNAH DOWNTOWN HISTORIC DISTRICT
318 WEST DUFFY ST  SAVANNAH GA 31401,B,SVR-02573,2027-06-10,2005217014,Timothy Levy,duffyst.savannah@gmail.com,5042508948,Type 2: Non-Owner-Occupied STVR Certificate,2,1,4,VICTORIAN HISTORIC DISTRICT
208 EAST LIBERTY ST  SAVANNAH GA 31401,A,SVR-02574,2027-05-26,2001519003,Chase Stahl,chase@southkeymgmt.com,9128001321,Type 1: Owner-Occupied STVR Certificate,2,1,4,SAVANNAH DOWNTOWN HISTORIC DISTRICT
208 EAST LIBERTY ST  SAVANNAH GA 31401,B,SVR-02575,2027-05-26,2001519003,Chase Stahl,chase@southkeymgmt.com,9128001321,Type 1: Owner-Occupied STVR Certificate,1,1,4,SAVANNAH DOWNTOWN HISTORIC DISTRICT
226 EAST BRYAN ST  SAVANNAH GA 31401,,SVR-02576,2027-06-01,2000417003,Lucky Savannah Vacation Rentals,owners@luckysavannah.com,9124958582,Type 2: Non-Owner-Occupied STVR Certificate,4,2,8,SAVANNAH DOWNTOWN HISTORIC DISTRICT
347 EAST BROAD ST  SAVANNAH GA 31401,,SVR-02577,2027-06-01,2001419059,Lucky Savannah Vacation Rentals,owners@luckysavannah.com,9124958582,Type 2: Non-Owner-Occupied STVR Certificate,2,,4,SAVANNAH DOWNTOWN HISTORIC DISTRICT
113 WEST GORDON ST  SAVANNAH GA 31401,Garden,SVR-02578,2027-06-01,2003242009,Cora Bett Thomas Vacation Rentals,stvr@cbtrentals.com,9125036652,Type 1: Owner-Occupied STVR Certificate,1,,4,SAVANNAH DOWNTOWN HISTORIC DISTRICT
217 ABERCORN ST # A3 SAVANNAH GA 31401,A-3,SVR-00026,2027-05-02,2001515003A,Southern Belle Vacation Rentals,stvr@southernbellevr.com,9122890130,Type 2: Non-Owner-Occupied STVR Certificate,1,,4,SAVANNAH DOWNTOWN HISTORIC DISTRICT
504 EAST ST JULIAN ST  SAVANNAH GA 31401,,SVR-00252,2027-05-04,2000509003,Lucky Savannah Vacation Rentals,owners@luckysavannah.com,9124958582,Type 2: Non-Owner-Occupied STVR Certificate,4,2,10,SAVANNAH DOWNTOWN HISTORIC DISTRICT
202 WEST BROUGHTON ST  SAVANNAH GA 31401,302,SVR-02580,2027-06-07,2001614302,Southern Belle Vacation Rentals,stvr@southernbellevr.com,9122890130,Type 2: Non-Owner-Occupied STVR Certificate,2,1,4,SAVANNAH DOWNTOWN HISTORIC DISTRICT
124 EAST OGLETHORPE AVE  SAVANNAH GA 31401,Carriage House,SVR-02587,2027-06-10,2001507005,Anderson VIP Concierge LLC,mary@savannahluxuryrentals.com,9125252022,Type 1: Owner-Occupied STVR Certificate,2,,4,SAVANNAH DOWNTOWN HISTORIC DISTRICT
414 WEST HUNTINGDON ST  SAVANNAH GA 31401,A,SVR-02589,2027-07-12,2004521007,Chase Stahl,chase@southkeymgmt.com,9128001321,Type 2: Non-Owner-Occupied STVR Certificate,1,1,4,SAVANNAH DOWNTOWN HISTORIC DISTRICT
414 WEST HUNTINGDON ST  SAVANNAH GA 31401,B,SVR-02590,2027-07-12,2004521007,Chase Stahl,chase@southkeymgmt.com,9128001321,Type 2: Non-Owner-Occupied STVR Certificate,2,1,4,SAVANNAH DOWNTOWN HISTORIC DISTRICT
118 EAST GASTON ST  SAVANNAH GA 31401,,SVR-02592,2027-07-27,2003245009,Jessica & Christopher Copenhaver,118egaston@gmail.com,5405255727,Type 2: Non-Owner-Occupied STVR Certificate,4,1,8,SAVANNAH DOWNTOWN HISTORIC DISTRICT
118 EAST GORDON LN  SAVANNAH GA 31401,Carriage House,SVR-02594,2027-07-27,2003245009,Jessica & Christopher Copenhaver,118egaston@gmail.com,5405255727,Type 2: Non-Owner-Occupied STVR Certificate,1,1,4,SAVANNAH DOWNTOWN HISTORIC DISTRICT
208 WEST LOWER FACTORS WK  SAVANNAH GA 31401,,SVR-02595,2027-08-09,2000309030,Marlyn Shuman,marly@nsconstructs.com,7703146666,Type 2: Non-Owner-Occupied STVR Certificate,1,,4,SAVANNAH DOWNTOWN HISTORIC DISTRICT
522 EAST BRYAN ST  SAVANNAH GA 31401,,SVR-00254,2027-08-26,2000504003B,Chase Stahl,chase@southkeymgmt.com,9128001321,Type 2: Non-Owner-Occupied STVR Certificate,2,,6,SAVANNAH DOWNTOWN HISTORIC DISTRICT
514 EAST WALDBURG ST  SAVANNAH GA 31401,B,SVR-02600,2026-10-18,2004311011,Lei Wang,sophywang2001@hotmail.com,4044556923,Type 1: Owner-Occupied STVR Certificate,2,1,4,VICTORIAN HISTORIC DISTRICT
516 EAST WALDBURG ST  SAVANNAH GA 31401,B,SVR-02602,2026-10-18,2004311011,Lei Wang,sophywang2001@hotmail.com,4044556923,Type 1: Owner-Occupied STVR Certificate,2,1,4,VICTORIAN HISTORIC DISTRICT
1309 EAST BROAD ST  SAVANNAH GA 31401,,SVR-02603,2026-10-19,2005314002,Elizabeth Christensen d/b/a Green Door Management,nathan@gdmsavannah.com,9122745006,Type 2: Non-Owner-Occupied STVR Certificate,3,3,6,VICTORIAN HISTORIC DISTRICT
215 WEST 43RD ST  SAVANNAH GA 31401,,SVR-02606,2027-09-01,2007422003,Stephen Moen,moen.stephen@gmail.com,2147350838,Type 2: Non-Owner-Occupied STVR Certificate,3,2,6,STREETCAR HISTORIC DISTRICT
105 WEST OGLETHORPE AVE  SAVANNAH GA 31401,305,SVR-02607,2026-12-08,2001512003G,Stephen and Stephanie Cortright,stevecortright@gmail.com,2019614198,Type 2: Non-Owner-Occupied STVR Certificate,2,,4,SAVANNAH DOWNTOWN HISTORIC DISTRICT
111  LINCOLN ST  SAVANNAH GA 31401,2-B,SVR-02609,2027-08-24,2000447051,Luxury Living Savannah,reservations@luxurylivingsavannah.com,9129997200,Type 2: Non-Owner-Occupied STVR Certificate,2,,4,SAVANNAH DOWNTOWN HISTORIC DISTRICT
546 EAST PERRY LN  SAVANNAH GA 31401,,SVR-02610,2026-09-15,2001411014,Garrett & Lisa White,lmhwhite4@gmail.com,6146530546,Type 1: Owner-Occupied STVR Certificate,1,,4,SAVANNAH DOWNTOWN HISTORIC DISTRICT
505 EAST ANDERSON ST  SAVANNAH GA 31401,,SVR-02613,2027-08-30,2005321019,Lucky Savannah Vacation Rentals,owners@luckysavannah.com,9124958582,Type 2: Non-Owner-Occupied STVR Certificate,3,4,6,VICTORIAN HISTORIC DISTRICT
541 EAST TAYLOR ST  SAVANNAH GA 31401,,SVR-02614,2027-08-30,2003302034,Chase Stahl,chase@southkeymgmt.com,9128001321,Type 2: Non-Owner-Occupied STVR Certificate,2,,4,SAVANNAH DOWNTOWN HISTORIC DISTRICT
539 EAST TAYLOR ST  SAVANNAH GA 31401,A,SVR-02615,2027-08-30,2003302033,Chase Stahl,chase@southkeymgmt.com,9128001321,Type 2: Non-Owner-Occupied STVR Certificate,3,,6,SAVANNAH DOWNTOWN HISTORIC DISTRICT
539 EAST TAYLOR ST  SAVANNAH GA 31401,B,SVR-02616,2027-08-30,2003302033,Chase Stahl,chase@southkeymgmt.com,9128001321,Type 2: Non-Owner-Occupied STVR Certificate,1,,4,SAVANNAH DOWNTOWN HISTORIC DISTRICT
221 EAST BROUGHTON LN  SAVANNAH GA 31401,Carriage House,SVR-02618,2027-08-31,2000447060,Ben & Rayssa Eazzetta,br.vacationrentals@outlook.com,9122205888,Type 2: Non-Owner-Occupied STVR Certificate,1,1,4,SAVANNAH DOWNTOWN HISTORIC DISTRICT
452  ALTAMAHA ST  SAVANNAH GA 31401,,SVR-02620,2026-09-13,20006A01003,Cora Bett Thomas Rentals and Management,stvr@cbtrentals.com,9125036652,Type 2: Non-Owner-Occupied STVR Certificate,3,2,6,EmptyFieldDisplayStrategy.HIDE
540 EAST PERRY ST  SAVANNAH GA 31401,A,SVR-02621,2027-09-14,2001409013,Southern Belle Vacation Rentals,stvr@southernbellevr.com,9122890130,Type 2: Non-Owner-Occupied STVR Certificate,1,1,4,SAVANNAH DOWNTOWN HISTORIC DISTRICT
540 EAST PERRY ST  SAVANNAH GA 31401,B,SVR-02622,2027-09-08,2001409013,Southern Belle Vacation Rentals,stvr@southernbellevr.com,9122890130,Type 2: Non-Owner-Occupied STVR Certificate,2,1,4,SAVANNAH DOWNTOWN HISTORIC DISTRICT
619 EAST BROAD ST  SAVANNAH GA 31401,,SVR-02623,2027-09-08,2003309011,Southern Belle Vacation Rentals,stvr@southernbellevr.com,9122890130,Type 2: Non-Owner-Occupied STVR Certificate,2,1,4,SAVANNAH DOWNTOWN HISTORIC DISTRICT
518 EAST HENRY ST  SAVANNAH GA 31401,A,SVR-02624,2026-09-14,2005307005,Gabe Aronovich & Sean Geng,2grealtyllc@gmail.com,9126886570,Type 2: Non-Owner-Occupied STVR Certificate,1,1,4,VICTORIAN HISTORIC DISTRICT
518 EAST HENRY ST  SAVANNAH GA 31401,B,SVR-02625,2026-09-14,2005307005,Gabe Aronovich & Sean Geng,2grealtyllc@gmail.com,9123886570,Type 2: Non-Owner-Occupied STVR Certificate,2,1,4,VICTORIAN HISTORIC DISTRICT
452  PORT ST  SAVANNAH GA 31401,,SVR-02626,2026-09-15,2000605036,Lucky Savannah Vacation Rentals,owners@luckysavannah.com,9124958582,Type 2: Non-Owner-Occupied STVR Certificate,3,4,6,EmptyFieldDisplayStrategy.HIDE
4 WEST STATE ST  SAVANNAH GA 31401,202,SVR-02630,2026-12-20,2000444002,"Patrick Bergen d/b/a Mint Julep Vacation Rentals, LLC",patrick@mintjulepvacationrentals.com,8032370342,Type 2: Non-Owner-Occupied STVR Certificate,1,,4,SAVANNAH DOWNTOWN HISTORIC DISTRICT
122 WEST JONES ST  SAVANNAH GA 31401,G,SVR-02634,2026-10-27,2001545015,Sabrina Nagel,mountjonesllc@gmail.com,9126318005,Type 2: Non-Owner-Occupied STVR Certificate,2,,4,SAVANNAH DOWNTOWN HISTORIC DISTRICT
122 WEST JONES ST  SAVANNAH GA 31401,H,SVR-02635,2026-10-27,2001545015,Sabrina Nagel,mountjonesllc@gmail.com,9126318005,Type 2: Non-Owner-Occupied STVR Certificate,1,,4,SAVANNAH DOWNTOWN HISTORIC DISTRICT
15 WEST JONES LN  SAVANNAH GA 31401,G,SVR-02637,2026-11-14,2003216003,South Key Management Company,chase@southkeymgmt.com,9128001321,Type 2: Non-Owner-Occupied STVR Certificate,2,1,4,SAVANNAH DOWNTOWN HISTORIC DISTRICT
310 WEST GWINNETT ST  SAVANNAH GA 31401,,SVR-02641,2026-10-14,2004529021,Southern Belle Vacation Rentals,stvr@southernbellevr.com,9122890130,Type 2: Non-Owner-Occupied STVR Certificate,3,,6,SAVANNAH DOWNTOWN HISTORIC DISTRICT
621 EAST BROAD ST  SAVANNAH GA 31401,,SVR-02642,2026-10-11,2003309012,Southern Belle Vacation Rentals,stvr@southernbellevr.com,9122890130,Type 2: Non-Owner-Occupied STVR Certificate,2,,4,SAVANNAH DOWNTOWN HISTORIC DISTRICT
36  MARTIN LUTHER KING JR BLVD  SAVANNAH GA 31401,2A,SVR-02645,2026-10-12,2001616005,Arise Property Management,contact@stayatarise.com,9123880845,Type 2: Non-Owner-Occupied STVR Certificate,1,,4,SAVANNAH DOWNTOWN HISTORIC DISTRICT
36  MARTIN LUTHER KING JR BLVD  SAVANNAH GA 31401,2B,SVR-02646,2026-10-12,2001616005,Arise Property Management,contact@stayatarise.com,9123880845,Type 2: Non-Owner-Occupied STVR Certificate,1,,4,SAVANNAH DOWNTOWN HISTORIC DISTRICT
36  MARTIN LUTHER KING JR BLVD  SAVANNAH GA 31401,2C,SVR-02647,2026-10-12,2001616005,Arise Property Management,contact@stayatarise.com,9123880845,Type 2: Non-Owner-Occupied STVR Certificate,2,,4,SAVANNAH DOWNTOWN HISTORIC DISTRICT
36  MARTIN LUTHER KING JR BLVD  SAVANNAH GA 31401,2D,SVR-02648,2026-10-12,2001616005,Arise Property Management,contact@stayatarise.com,9123880845,Type 2: Non-Owner-Occupied STVR Certificate,2,,4,SAVANNAH DOWNTOWN HISTORIC DISTRICT
36  MARTIN LUTHER KING JR BLVD  SAVANNAH GA 31401,3A,SVR-02649,2026-10-12,2001616005,Arise Property Management,contact@stayatarise.com,9123880845,Type 2: Non-Owner-Occupied STVR Certificate,1,,4,SAVANNAH DOWNTOWN HISTORIC DISTRICT
36  MARTIN LUTHER KING JR BLVD  SAVANNAH GA 31401,3B,SVR-02650,2026-10-12,2001616005,Arise Property Management,contact@stayatarise.com,9123880845,Type 2: Non-Owner-Occupied STVR Certificate,1,,4,SAVANNAH DOWNTOWN HISTORIC DISTRICT
36  MARTIN LUTHER KING JR BLVD  SAVANNAH GA 31401,3C,SVR-02651,2026-10-12,2001616005,Arise Property Management,contact@stayatarise.com,9123880845,Type 2: Non-Owner-Occupied STVR Certificate,2,,4,SAVANNAH DOWNTOWN HISTORIC DISTRICT
36  MARTIN LUTHER KING JR BLVD  SAVANNAH GA 31401,3D,SVR-02652,2026-10-12,2001616005,Arise Property Management,contact@stayatarise.com,9123880845,Type 2: Non-Owner-Occupied STVR Certificate,2,,4,SAVANNAH DOWNTOWN HISTORIC DISTRICT
36  MARTIN LUTHER KING JR BLVD  SAVANNAH GA 31401,4A,SVR-02653,2026-10-12,2001616005,Arise Property Management,contact@stayatarise.com,9123880845,Type 2: Non-Owner-Occupied STVR Certificate,1,,4,SAVANNAH DOWNTOWN HISTORIC DISTRICT
36  MARTIN LUTHER KING JR BLVD  SAVANNAH GA 31401,4B,SVR-02654,2026-10-12,2001616005,Arise Property Management,contact@stayatarise.com,9123880845,Type 2: Non-Owner-Occupied STVR Certificate,1,,4,SAVANNAH DOWNTOWN HISTORIC DISTRICT
36  MARTIN LUTHER KING JR BLVD  SAVANNAH GA 31401,4C,SVR-02655,2026-10-12,2001616005,Arise Property Management,contact@stayatarise.com,9123880845,Type 2: Non-Owner-Occupied STVR Certificate,2,,4,SAVANNAH DOWNTOWN HISTORIC DISTRICT
36  MARTIN LUTHER KING JR BLVD  SAVANNAH GA 31401,4D,SVR-02656,2026-10-12,2001616005,Arise Property Management,contact@stayatarise.com,9123880845,Type 2: Non-Owner-Occupied STVR Certificate,2,,4,SAVANNAH DOWNTOWN HISTORIC DISTRICT
811  LINCOLN ST  SAVANNAH GA 31401,,SVR-02657,2026-10-19,2004414018,Douglas Kangur,dkangur@gmail.com,8015976993,Type 1: Owner-Occupied STVR Certificate,2,2,4,VICTORIAN HISTORIC DISTRICT
318 WEST DUFFY ST  SAVANNAH GA 31401,A,SVR-02658,2026-10-13,2005217014,Timothy Levy,tlprime4@gmail.com,5042508948,Type 2: Non-Owner-Occupied STVR Certificate,2,1,4,VICTORIAN HISTORIC DISTRICT
402 WEST HALL ST  SAVANNAH GA 31401,,SVR-02659,2026-10-20,2004524020,NOLA RE Management Group LLC,compliance@stayheirloom.com,5045070523,Type 2: Non-Owner-Occupied STVR Certificate,3,1,6,SAVANNAH DOWNTOWN HISTORIC DISTRICT
139  LINCOLN ST  SAVANNAH GA 31401,,SVR-00260,2027-04-28,2001506021,Southern Belle Vacation Rentals,stvr@southernbellevr.com,9122890130,Type 2: Non-Owner-Occupied STVR Certificate,2,,6,SAVANNAH DOWNTOWN HISTORIC DISTRICT
404 WEST HALL ST  SAVANNAH GA 31401,,SVR-02660,2026-10-20,2004524019,NOLA RE Management Group LLC,compliance@stayheirloom.com,5045070523,Type 2: Non-Owner-Occupied STVR Certificate,3,1,6,SAVANNAH DOWNTOWN HISTORIC DISTRICT
406 WEST HALL ST  SAVANNAH GA 31401,,SVR-02661,2026-10-20,2004524018,NOLA RE Management Group LLC,compliance@stayheirloom.com,5045070523,Type 2: Non-Owner-Occupied STVR Certificate,3,1,6,SAVANNAH DOWNTOWN HISTORIC DISTRICT
408 WEST HALL ST  SAVANNAH GA 31401,,SVR-02662,2026-10-20,2004524017,NOLA RE Management Group LLC,compliance@stayheirloom.com,5045070523,Type 2: Non-Owner-Occupied STVR Certificate,3,1,6,SAVANNAH DOWNTOWN HISTORIC DISTRICT
410 WEST HALL ST  SAVANNAH GA 31401,,SVR-02663,2026-10-20,2004524016,NOLA RE Management Group LLC,compliance@stayheirloom.com,5045070523,Type 2: Non-Owner-Occupied STVR Certificate,3,1,6,SAVANNAH DOWNTOWN HISTORIC DISTRICT
412 WEST HALL ST  SAVANNAH GA 31401,,SVR-02664,2026-10-20,2004524015,NOLA RE Management Group LLC,compliance@stayheirloom.com,5045070523,Type 2: Non-Owner-Occupied STVR Certificate,3,1,6,SAVANNAH DOWNTOWN HISTORIC DISTRICT
623  MONTGOMERY ST  SAVANNAH GA 31401,,SVR-02665,2026-10-20,2004524022,NOLA RE Management Group LLC,compliance@stayheirloom.com,5045070523,Type 2: Non-Owner-Occupied STVR Certificate,3,1,6,SAVANNAH DOWNTOWN HISTORIC DISTRICT
625  MONTGOMERY ST  SAVANNAH GA 31401,,SVR-02666,2026-10-20,2004524021,NOLA RE Management Group LLC,compliance@stayheirloom.com,5045070523,Type 2: Non-Owner-Occupied STVR Certificate,3,1,6,SAVANNAH DOWNTOWN HISTORIC DISTRICT
309 WEST WALDBURG ST  SAVANNAH GA 31401,Main House,SVR-02667,2026-10-19,2005214006,Southern Grace Stays,southerngracegetaways@yahoo.com,9126008086,Type 2: Non-Owner-Occupied STVR Certificate,3,1,6,VICTORIAN HISTORIC DISTRICT
310 WEST WALDBURG LN  SAVANNAH GA 31401,Carriage House,SVR-02668,2026-10-19,2005214006,Southern Grace Stays,southerngracegetaways@yahoo.com,9126008086,Type 2: Non-Owner-Occupied STVR Certificate,1,1,4,VICTORIAN HISTORIC DISTRICT
529 EAST BROAD ST  SAVANNAH GA 31401,,SVR-02669,2026-10-25,2003306016,South Key Management Company,chase@southkeymgmt.com,9128001321,Type 1: Owner-Occupied STVR Certificate,2,,4,SAVANNAH DOWNTOWN HISTORIC DISTRICT
411  ABERCORN ST  SAVANNAH GA 31401,,SVR-02670,2026-11-28,2003214014,Andrew Sheppard,arosssheppard@gmail.com,7068163675,Type 2: Non-Owner-Occupied STVR Certificate,1,,4,SAVANNAH DOWNTOWN HISTORIC DISTRICT
317 EAST ANDERSON ST  SAVANNAH GA 31401,,SVR-02673,2026-12-09,2005319012,Michael & Linda Blakemore d/b/a MLV Properties LLC,mike@mikeblakemore.com,9498870938,Type 2: Non-Owner-Occupied STVR Certificate,3,1,6,VICTORIAN HISTORIC DISTRICT
319 EAST ANDERSON ST  SAVANNAH GA 31401,A,SVR-02674,2026-12-09,2005319012,Michael & Linda Blakemore d/b/a MLV Properties LLC,mike@mikeblakemore.com,9498870938,Type 2: Non-Owner-Occupied STVR Certificate,2,1,4,VICTORIAN HISTORIC DISTRICT
319 EAST ANDERSON ST  SAVANNAH GA 31401,B,SVR-02675,2026-12-09,2005319012,Michael & Linda Blakemore d/b/a MLV Properties LLC,mike@mikeblakemore.com,9498870938,Type 2: Non-Owner-Occupied STVR Certificate,2,1,4,VICTORIAN HISTORIC DISTRICT
512.5 EAST WALDBURG ST  SAVANNAH GA 31401,A,SVR-02676,2026-11-10,2004311032,Patrick Hanlon,patrick.hanlon@isobelcollective.com,7086500114,Type 1: Owner-Occupied STVR Certificate,2,2,4,VICTORIAN HISTORIC DISTRICT
512.5 EAST WALDBURG ST  SAVANNAH GA 31401,B,SVR-02677,2026-11-10,2004311032,Patrick Hanlon,patrick.hanlon@isobelcollective.com,7086500114,Type 1: Owner-Occupied STVR Certificate,2,2,4,VICTORIAN HISTORIC DISTRICT
915  LINCOLN ST  SAVANNAH GA 31401,A,SVR-02678,2026-11-03,2004421020,Southern Grace Stays,southerngracegetaways@yahoo.com,9126008086,Type 1: Owner-Occupied STVR Certificate,2,1,4,VICTORIAN HISTORIC DISTRICT
915  LINCOLN ST  SAVANNAH GA 31401,B,SVR-02679,2026-11-03,2004421020,Southern Grace Stays,southerngracegetaways@yahoo.com,9126008086,Type 1: Owner-Occupied STVR Certificate,2,1,4,VICTORIAN HISTORIC DISTRICT
109 EAST PARK AVE  SAVANNAH GA 31401,D,SVR-00262,2027-07-31,2004433023,DIANE EAKINS,mobra54@yahoo.com,9122206987,Type 2: Non-Owner-Occupied STVR Certificate,1,1,4,VICTORIAN HISTORIC DISTRICT
913  LINCOLN ST  SAVANNAH GA 31401,B,SVR-02680,2026-11-03,2004421020,Southern Grace Stays,southerngracegetaways@yahoo.com,9126008086,Type 1: Owner-Occupied STVR Certificate,2,1,4,VICTORIAN HISTORIC DISTRICT
308 EAST PRESIDENT ST  SAVANNAH GA 31401,,SVR-02681,2026-12-01,2000457002B,Kaelin Durst,info@stayopulence.com,9122173388,Type 2: Non-Owner-Occupied STVR Certificate,4,,8,SAVANNAH DOWNTOWN HISTORIC DISTRICT
416 EAST DUFFY ST  SAVANNAH GA 31401,,SVR-02683,2026-11-29,2005301004,Justin Gareau,savspots912@gmail.com,7063994685,Type 1: Owner-Occupied STVR Certificate,3,2,6,VICTORIAN HISTORIC DISTRICT
433  PORT ST  SAVANNAH GA 31401,,SVR-02685,2027-08-15,20006A01025,Tim Donahue,hbooth@baystreetrealtygroup.com,9126045954,Type 2: Non-Owner-Occupied STVR Certificate,3,4,6,EmptyFieldDisplayStrategy.HIDE
307 EAST 41ST ST  SAVANNAH GA 31401,A,SVR-02686,2027-03-20,2007520016,Emily Morris d/b/a 2 Brides & A Bucket,2bridesandabucket@gmail.com,9124339506,Type 2: Non-Owner-Occupied STVR Certificate,3,1,6,STREETCAR HISTORIC DISTRICT
307 EAST 41ST ST  SAVANNAH GA 31401,B,SVR-02687,2027-03-20,2007520016,Emily Morris d/b/a 2 Brides & A Bucket,2bridesandabucket@gmail.com,9124339506,Type 2: Non-Owner-Occupied STVR Certificate,1,1,4,STREETCAR HISTORIC DISTRICT
225 EAST HALL ST  SAVANNAH GA 31401,1,SVR-02690,2026-12-15,2004406012,Anderson VIP Concierge LLC,mary@savannahluxuryrentals.com,9123252022,Type 2: Non-Owner-Occupied STVR Certificate,1,,4,SAVANNAH DOWNTOWN HISTORIC DISTRICT
225 EAST HALL ST  SAVANNAH GA 31401,2,SVR-02691,2026-12-15,2004406012,Anderson VIP Concierge LLC,mary@savannahluxuryrentals.com,9123252022,Type 2: Non-Owner-Occupied STVR Certificate,1,,4,SAVANNAH DOWNTOWN HISTORIC DISTRICT
225 EAST HALL ST  SAVANNAH GA 31401,A,SVR-02692,2026-12-15,2004406013,Anderson VIP Concierge LLC,mary@savannahluxuryrentals.com,9125252022,Type 2: Non-Owner-Occupied STVR Certificate,1,,4,SAVANNAH DOWNTOWN HISTORIC DISTRICT
225 EAST HALL ST  SAVANNAH GA 31401,B,SVR-02693,2026-12-15,2004406013,Anderson VIP Concierge LLC,mary@savannahluxuryrentals.com,9123252022,Type 2: Non-Owner-Occupied STVR Certificate,2,,4,SAVANNAH DOWNTOWN HISTORIC DISTRICT
411 WEST CONGRESS ST  SAVANNAH GA 31401,6,SVR-02694,2027-01-06,2001616024,Kaelin Durst,info@stayopulence.com,9122173388,Type 2: Non-Owner-Occupied STVR Certificate,2,,4,SAVANNAH DOWNTOWN HISTORIC DISTRICT
1308  MARTIN LUTHER KING JR BLVD  SAVANNAH GA 31401,C,SVR-02698,2027-03-01,2005230002,Southern Grace Stays,southerngracegetaways@yahoo.com,9126008086,Type 2: Non-Owner-Occupied STVR Certificate,2,2,4,VICTORIAN HISTORIC DISTRICT
112 EAST JONES ST  SAVANNAH GA 31401,,SVR-02701,2027-02-06,2003207009,24square Inc,24squaresavannah@gmail.com,9787667088,Type 2: Non-Owner-Occupied STVR Certificate,6,2,12,SAVANNAH DOWNTOWN HISTORIC DISTRICT
524  NICOLL ST  SAVANNAH GA 31401,A,SVR-02702,2027-02-14,2003307012,Vacasa LLC,permitting@vacasa.com,5033459399,Type 2: Non-Owner-Occupied STVR Certificate,3,1,6,SAVANNAH DOWNTOWN HISTORIC DISTRICT
524  NICOLL ST  SAVANNAH GA 31401,B,SVR-02703,2027-02-14,2003307012,Vacasa LLC,permitting@vacasa.com,5033459399,Type 2: Non-Owner-Occupied STVR Certificate,3,1,6,SAVANNAH DOWNTOWN HISTORIC DISTRICT
225 EAST HUNTINGDON ST  SAVANNAH GA 31401,A,SVR-02704,2027-02-07,2004401001,24square Inc,24squaresavannah@gmail.com,9787667088,Type 1: Owner-Occupied STVR Certificate,2,1,4,SAVANNAH DOWNTOWN HISTORIC DISTRICT
225 EAST HUNTINGDON ST  SAVANNAH GA 31401,B,SVR-02705,2027-02-07,2004401001,24square Inc,24squaresavannah@gmail.com,9787667088,Type 1: Owner-Occupied STVR Certificate,2,1,4,SAVANNAH DOWNTOWN HISTORIC DISTRICT
225 EAST HUNTINGDON ST  SAVANNAH GA 31401,C,SVR-02706,2027-02-07,2004401001,24square Inc,24squaresavannah@gmail.com,9787667088,Type 1: Owner-Occupied STVR Certificate,1,1,4,SAVANNAH DOWNTOWN HISTORIC DISTRICT
224 EAST HUNTINGDON LN  SAVANNAH GA 31401,,SVR-02707,2027-02-07,2004401001,24square Inc,24squaresavannah@gmail.com,9787667088,Type 1: Owner-Occupied STVR Certificate,1,1,4,SAVANNAH DOWNTOWN HISTORIC DISTRICT
165 WEST BAY ST  SAVANNAH GA 31401,403,SVR-02709,2027-02-17,2000413050,South Key Management Company,chase@southkeymgmt.com,9128001321,Type 2: Non-Owner-Occupied STVR Certificate,2,1,4,SAVANNAH DOWNTOWN HISTORIC DISTRICT
210 WEST WALDBURG ST  SAVANNAH GA 31401,,SVR-00265,2027-05-23,2004417017,Southern Belle Vacation Rentals,stvr@southernbellevr.com,9122890130,Type 2: Non-Owner-Occupied STVR Certificate,3,2,8,VICTORIAN HISTORIC DISTRICT
503  PORT ST  SAVANNAH GA 31401,,SVR-02710,2027-03-20,2000605058,Jane Hall,melinda.verner@gmail.com,6153641179,Type 2: Non-Owner-Occupied STVR Certificate,3,4,6,EmptyFieldDisplayStrategy.HIDE
210 EAST STATE ST  SAVANNAH GA 31401,37,SVR-02712,2027-05-21,2000447046,Ashford Thomson,ashfordthomson@gmail.com,4053264837,Type 2: Non-Owner-Occupied STVR Certificate,1,,4,SAVANNAH DOWNTOWN HISTORIC DISTRICT
314 EAST OGLETHORPE AVE  SAVANNAH GA 31401,3,SVR-02720,2027-03-31,2001505016,Carlos Cordero d/b/a Stay Here,stayheresavannah@gmail.com,9126503343,Type 2: Non-Owner-Occupied STVR Certificate,2,,4,SAVANNAH DOWNTOWN HISTORIC DISTRICT
314 EAST OGLETHORPE AVE  SAVANNAH GA 31401,4,SVR-02721,2027-03-30,2001505016,Carlos Cordero d/b/a Stay Here,stayheresavannah@gmail.com,9126503343,Type 2: Non-Owner-Occupied STVR Certificate,2,,4,SAVANNAH DOWNTOWN HISTORIC DISTRICT
314 EAST OGLETHORPE AVE  SAVANNAH GA 31401,5,SVR-02722,2027-03-30,2001505016,Carlos Cordero d/b/a Stay Here,stayheresavannah@gmail.com,9126503343,Type 2: Non-Owner-Occupied STVR Certificate,1,,4,SAVANNAH DOWNTOWN HISTORIC DISTRICT
314 EAST OGLETHORPE AVE  SAVANNAH GA 31401,6,SVR-02723,2027-03-30,2001505016,Carlos Cordero d/b/a Stay Here,stayheresavannah@gmail.com,9126503343,Type 2: Non-Owner-Occupied STVR Certificate,1,,4,SAVANNAH DOWNTOWN HISTORIC DISTRICT
210 EAST STATE ST  SAVANNAH GA 31401,8,SVR-02725,2027-03-07,2000447016,Hosting Savannah LLC,hostingsavannah@gmail.com,4436104230,Type 2: Non-Owner-Occupied STVR Certificate,1,,4,SAVANNAH DOWNTOWN HISTORIC DISTRICT
517 EAST 39TH ST  SAVANNAH GA 31401,B,SVR-02726,2027-03-20,2007505005,Alexander Mangum,amangum3@gmail.com,7702987101,Type 1: Owner-Occupied STVR Certificate,1,1,4,STREETCAR HISTORIC DISTRICT
539 EAST BOLTON ST  SAVANNAH GA 31401,B,SVR-02727,2027-03-09,2004311027,Sea Savannah LLC,beattyproperties@gmail.com,4048058098,Type 1: Owner-Occupied STVR Certificate,3,2,6,VICTORIAN HISTORIC DISTRICT
554 EAST TAYLOR ST  SAVANNAH GA 31401,Carriage House,SVR-02728,2027-03-13,2003301020,Cora Bett Thomas Rentals and Management,stvr@cbtrentals.com,9125036652,Type 1: Owner-Occupied STVR Certificate,1,,4,SAVANNAH DOWNTOWN HISTORIC DISTRICT
315 WEST HALL ST  SAVANNAH GA 31401,A,SVR-02729,2027-03-23,2004529010,South Key Management Company,chase@southkeymgmt.com,9128001321,Type 2: Non-Owner-Occupied STVR Certificate,3,1,6,SAVANNAH DOWNTOWN HISTORIC DISTRICT
315 WEST HALL ST  SAVANNAH GA 31401,B,SVR-02730,2027-03-23,2004529010,South Key Management Company,chase@southkeymgmt.com,9128001321,Type 2: Non-Owner-Occupied STVR Certificate,2,1,4,SAVANNAH DOWNTOWN HISTORIC DISTRICT
125 EAST LIBERTY ST  SAVANNAH GA 31401,,SVR-02731,2027-03-12,2001533004B,24square Inc,24squaresavannah@gmail.com,9787667088,Type 2: Non-Owner-Occupied STVR Certificate,3,,6,SAVANNAH DOWNTOWN HISTORIC DISTRICT
127 EAST LIBERTY ST  SAVANNAH GA 31401,A,SVR-02732,2027-03-12,2001533004,24square Inc,24squaresavannah@gmail.com,9787667088,Type 2: Non-Owner-Occupied STVR Certificate,1,1,4,SAVANNAH DOWNTOWN HISTORIC DISTRICT
127 EAST LIBERTY ST  SAVANNAH GA 31401,B,SVR-02733,2027-03-12,2001533004,24square Inc,24squaresavannah@gmail.com,9787667088,Type 2: Non-Owner-Occupied STVR Certificate,2,1,4,SAVANNAH DOWNTOWN HISTORIC DISTRICT
107 WEST GORDON ST  SAVANNAH GA 31401,1,SVR-02734,2027-03-12,2003242012,24square Inc,24squaresavannah@gmail.com,9787667088,Type 2: Non-Owner-Occupied STVR Certificate,1,,4,SAVANNAH DOWNTOWN HISTORIC DISTRICT
107 WEST GORDON ST  SAVANNAH GA 31401,2,SVR-02735,2027-03-12,2003242012,24square Inc,24squaresavannah@gmail.com,9787667088,Type 2: Non-Owner-Occupied STVR Certificate,1,,4,SAVANNAH DOWNTOWN HISTORIC DISTRICT
107 WEST GORDON ST  SAVANNAH GA 31401,3,SVR-02736,2027-03-12,2003242012,24square Inc,24squaresavannah@gmail.com,9787667088,Type 2: Non-Owner-Occupied STVR Certificate,1,,4,SAVANNAH DOWNTOWN HISTORIC DISTRICT
107 WEST GORDON ST  SAVANNAH GA 31401,4,SVR-02737,2027-03-12,2003242012,24square Inc,24squaresavannah@gmail.com,9787667088,Type 2: Non-Owner-Occupied STVR Certificate,1,,4,SAVANNAH DOWNTOWN HISTORIC DISTRICT
107 WEST GORDON LN  SAVANNAH GA 31401,Carriage House,SVR-02738,2027-03-12,2003242012,24square Inc,24squaresavannah@gmail.com,9787667088,Type 2: Non-Owner-Occupied STVR Certificate,1,,4,SAVANNAH DOWNTOWN HISTORIC DISTRICT
305  ALICE ST  SAVANNAH GA 31401,,SVR-02739,2027-03-12,2004516010,Allam Garcia d/b/a PMI Coastal GA,info@pmicoastalga.com,9122722386,Type 2: Non-Owner-Occupied STVR Certificate,3,1,6,SAVANNAH DOWNTOWN HISTORIC DISTRICT
306 WEST GASTON ST  SAVANNAH GA 31401,Carriage House,SVR-02740,2027-03-12,2004516010,Allam Garcia d/b/a PMI Coastal GA,info@pmicoastalga.com,9122722386,Type 2: Non-Owner-Occupied STVR Certificate,1,1,4,SAVANNAH DOWNTOWN HISTORIC DISTRICT
101 WEST TAYLOR ST  SAVANNAH GA 31401,2,SVR-02743,2027-03-22,2003223005,Eric Karter,seven11realtyllc@gmail.com,4072362606,Type 2: Non-Owner-Occupied STVR Certificate,1,,4,SAVANNAH DOWNTOWN HISTORIC DISTRICT
101 WEST TAYLOR ST  SAVANNAH GA 31401,3,SVR-02744,2027-03-22,2003223005,Eric Karter,seven11realtyllc@gmail.com,4072362606,Type 2: Non-Owner-Occupied STVR Certificate,2,,4,SAVANNAH DOWNTOWN HISTORIC DISTRICT
101 WEST TAYLOR ST  SAVANNAH GA 31401,4,SVR-02745,2027-03-22,2003223005,Eric Karter,seven11realtyllc@gmail.com,4072362606,Type 2: Non-Owner-Occupied STVR Certificate,1,,4,SAVANNAH DOWNTOWN HISTORIC DISTRICT
105 WEST OGLETHORPE AVE  SAVANNAH GA 31401,203,SVR-02746,2027-03-28,2001512003B,Lucky Savannah Vacation Rentals,owners@luckysavannah.com,9124958582,Type 2: Non-Owner-Occupied STVR Certificate,2,,4,SAVANNAH DOWNTOWN HISTORIC DISTRICT
"204 W BROUGHTON ST, SAVANNAH, GA, 31401",201 aka 49 Barnard Street at,SVR-02747,2027-04-11,2001614101,John Dillon d/b/a Moss and Oak LLC,mossandoaksavannah@gmail.com,9126929393,Type 2: Non-Owner-Occupied STVR Certificate,1,1,4,SAVANNAH DOWNTOWN HISTORIC DISTRICT
111  LINCOLN ST  SAVANNAH GA 31401,3-B,SVR-02748,2027-04-11,2000447053,William Wester,treywester@gmail.com,4783570278,Type 2: Non-Owner-Occupied STVR Certificate,2,,4,SAVANNAH DOWNTOWN HISTORIC DISTRICT
515 EAST HUNTINGDON ST  SAVANNAH GA 31401,,SVR-02752,2027-04-04,2003307005,Allan Garcia db/a PMI Coastal GA,info@pmicoastalga.com,9122722386,Type 2: Non-Owner-Occupied STVR Certificate,3,1,6,SAVANNAH DOWNTOWN HISTORIC DISTRICT
505 EAST HENRY ST  SAVANNAH GA 31401,,SVR-02753,2027-05-25,2005314023,NOLA Re Management Group LLC,compliance@stayheirloom.com,5045070523,Type 2: Non-Owner-Occupied STVR Certificate,5,2,10,VICTORIAN HISTORIC DISTRICT
424 EAST PRESIDENT ST  SAVANNAH GA 31401,A,SVR-02754,2027-04-04,2000523001,24square Inc,24squaresavannah@gmail.com,9787667088,Type 2: Non-Owner-Occupied STVR Certificate,3,1,6,SAVANNAH DOWNTOWN HISTORIC DISTRICT
424 EAST PRESIDENT ST  SAVANNAH GA 31401,B,SVR-02755,2027-04-04,2000523001,24square Inc,24squaresavannah@gmail.com,9787667088,Type 2: Non-Owner-Occupied STVR Certificate,2,1,4,SAVANNAH DOWNTOWN HISTORIC DISTRICT
11 WEST GORDON ST  SAVANNAH GA 31401,A,SVR-02756,2027-04-05,2003243004,Chaz Fraser,contact@stayatarise.com,9123880845,Type 2: Non-Owner-Occupied STVR Certificate,3,1,6,SAVANNAH DOWNTOWN HISTORIC DISTRICT
11 WEST GORDON ST  SAVANNAH GA 31401,B,SVR-02757,2027-04-04,2003243004,Chaz Fraser,contact@stayatarise.com,9123880845,Type 2: Non-Owner-Occupied STVR Certificate,1,1,4,SAVANNAH DOWNTOWN HISTORIC DISTRICT
11 WEST GORDON ST  SAVANNAH GA 31401,C,SVR-02758,2027-04-05,2003243004,Chaz Fraser,contact@stayatarise.com,9123888045,Type 2: Non-Owner-Occupied STVR Certificate,1,1,4,SAVANNAH DOWNTOWN HISTORIC DISTRICT
508 EAST BRYAN ST  SAVANNAH GA 31401,,SVR-00270,2027-04-28,2000504006A,Lucky Savannah Vacation Rentals,owners@luckysavannah.com,9124958582,Type 2: Non-Owner-Occupied STVR Certificate,2,1,6,SAVANNAH DOWNTOWN HISTORIC DISTRICT
315 EAST YORK LN  SAVANNAH GA 31401,,SVR-02761,2027-04-06,2001505015,Carlos Cordero d/b/a Stay Here,stayheresavannah@gmail.com,9126503343,Type 2: Non-Owner-Occupied STVR Certificate,1,,4,SAVANNAH DOWNTOWN HISTORIC DISTRICT
317 EAST YORK LN  SAVANNAH GA 31401,A,SVR-02762,2027-04-06,2001505015,Carlos Cordero d/b/a Stay Here,stayheresavannah@gmail.com,9126503343,Type 2: Non-Owner-Occupied STVR Certificate,1,,4,SAVANNAH DOWNTOWN HISTORIC DISTRICT
317 EAST YORK LN  SAVANNAH GA 31401,B,SVR-02763,2027-04-06,2001505015,Carlos Cordero d/b/a Stay Here,stayheresavannah@gmail.com,9126503343,Type 2: Non-Owner-Occupied STVR Certificate,1,,4,SAVANNAH DOWNTOWN HISTORIC DISTRICT
521 EAST DUFFY ST  SAVANNAH GA 31401,A,SVR-02764,2027-04-06,2005307019,Shivangi Patel,shivangi0815@gmail.com,9127772023,Type 2: Non-Owner-Occupied STVR Certificate,2,1,4,VICTORIAN HISTORIC DISTRICT
521 EAST DUFFY ST  SAVANNAH GA 31401,B,SVR-02765,2027-04-06,2005307019,Shivangi Patel,shivangi0815@gmail.com,9127772023,Type 2: Non-Owner-Occupied STVR Certificate,2,1,4,VICTORIAN HISTORIC DISTRICT
121 WEST PARK AVE  SAVANNAH GA 31401,2,SVR-02768,2027-01-07,2004430023,MICHAEL & BRITTANY HAYMES,haymes.michael@yahoo.com,3866828327,Type 2: Non-Owner-Occupied STVR Certificate,1,1,4,VICTORIAN HISTORIC DISTRICT
523 EAST DUFFY ST  SAVANNAH GA 31401,,SVR-02769,2026-12-09,2005307001,Harout Samra,hsamra@gmail.com,3057532703,Type 2: Non-Owner-Occupied STVR Certificate,3,3,6,VICTORIAN HISTORIC DISTRICT
534 EAST GWINNETT ST  SAVANNAH GA 31401,,SVR-00271,2027-05-10,2004302005,Tom Houston,mp@pharealty.com,4192963800,Type 2: Non-Owner-Occupied STVR Certificate,3,,8,SAVANNAH DOWNTOWN HISTORIC DISTRICT
307  ALICE ST  SAVANNAH GA 31401,Main House,SVR-02770,2027-04-27,2004516009,Robert Shawver,brbpropertiesinc@gmail.com,9126606019,Type 2: Non-Owner-Occupied STVR Certificate,3,,6,SAVANNAH DOWNTOWN HISTORIC DISTRICT
308 WEST GASTON ST  SAVANNAH GA 31401,Carriage House,SVR-02771,2027-04-27,2004516009,Robert Shawver,brbpropertiesinc@gmail.com,9126606019,Type 2: Non-Owner-Occupied STVR Certificate,1,,4,SAVANNAH DOWNTOWN HISTORIC DISTRICT
409 EAST LIBERTY ST  SAVANNAH GA 31401,B,SVR-02774,2027-04-25,2001412013A,Ginlat Properties LLC d/b/a Walking Bird,ginlatproperties@gmail.com,9126652395,Type 2: Non-Owner-Occupied STVR Certificate,2,,4,SAVANNAH DOWNTOWN HISTORIC DISTRICT
105  WHITAKER ST  SAVANNAH GA 31401,301,SVR-02775,2027-04-25,2000443038,Lucky Savannah Vacation Rentals,owners@luckysavannah.com,9124958582,Type 2: Non-Owner-Occupied STVR Certificate,2,,4,SAVANNAH DOWNTOWN HISTORIC DISTRICT
311 EAST 41ST ST  SAVANNAH GA 31401,,SVR-02776,2027-06-06,2007520011,Eric & Lindsey Andresen,ecandre720@gmail.com,4043871094,Type 2: Non-Owner-Occupied STVR Certificate,3,1,6,STREETCAR HISTORIC DISTRICT
15 EAST HARRIS ST  SAVANNAH GA 31401,A,SVR-02777,2027-04-25,2001541001,Southern Belle Vacation Rentals,stvr@southernbellevr.com,9122890130,Type 2: Non-Owner-Occupied STVR Certificate,1,,4,SAVANNAH DOWNTOWN HISTORIC DISTRICT
421 EAST DUFFY ST  SAVANNAH GA 31401,,SVR-02778,2027-04-30,2005306001,Julie Russell,coralhouse@gmail.com,6198659410,Type 2: Non-Owner-Occupied STVR Certificate,2,,4,VICTORIAN HISTORIC DISTRICT
340  HABERSHAM ST  SAVANNAH GA 31401,,SVR-02780,2027-05-01,2003210016,Chase Stahl,chase@southkeymgmt.com,9128001321,Type 2: Non-Owner-Occupied STVR Certificate,2,1,4,SAVANNAH DOWNTOWN HISTORIC DISTRICT
344  HABERSHAM ST  SAVANNAH GA 31401,,SVR-02781,2027-05-01,2003210016,Chase Stahl,chase@southkeymgmt.com,9129001321,Type 2: Non-Owner-Occupied STVR Certificate,2,1,4,SAVANNAH DOWNTOWN HISTORIC DISTRICT
456  ALTAMAHA ST  SAVANNAH GA 31401,,SVR-02782,2027-08-06,20006A01002,Lucky Savannah Vacation Rentals,owners@luckysavannah.com,9124958582,Type 2: Non-Owner-Occupied STVR Certificate,2,2,4,EmptyFieldDisplayStrategy.HIDE
121 WEST PARK AVE  SAVANNAH GA 31401,3,SVR-02783,2027-05-10,2004430024,Chase Stahl d/b/a South Key Management Company,chase@southkeymgmt.com,9128001321,Type 2: Non-Owner-Occupied STVR Certificate,1,,4,VICTORIAN HISTORIC DISTRICT
444  ALTAMAHA ST  SAVANNAH GA 31401,,SVR-02784,2027-05-10,20006A01005,Lucky Savannah Vacation Rentals,owners@luckysavannah.com,9124958582,Type 2: Non-Owner-Occupied STVR Certificate,1,2,4,EmptyFieldDisplayStrategy.HIDE
208 WEST JONES ST  SAVANNAH GA 31401,,SVR-02785,2027-06-25,2003128012,Margaret & Robert Fecht,marje.fecht@prowerk.com,9053016699,Type 2: Non-Owner-Occupied STVR Certificate,3,2,6,SAVANNAH DOWNTOWN HISTORIC DISTRICT
402 EAST PARK AVE  SAVANNAH GA 31401,1A,SVR-02786,2027-05-11,2004429013,Chase Stahl d/b/a South Key Management Company,chase@southkeymgmt.com,9128001321,Type 2: Non-Owner-Occupied STVR Certificate,2,,4,VICTORIAN HISTORIC DISTRICT
138  HABERSHAM ST  SAVANNAH GA 31401,,SVR-02787,2027-05-17,2001504002,Anderson VIP Concierge LLC,mary@savannahluxuryrentals.com,9125252022,Type 2: Non-Owner-Occupied STVR Certificate,3,1,6,SAVANNAH DOWNTOWN HISTORIC DISTRICT
1404  BARNARD ST  SAVANNAH GA 31401,,SVR-02789,2026-11-14,2006607017,Lucky Savannah Vacation Rentals,owners@luckysavannah.com,9124958582,Type 2: Non-Owner-Occupied STVR Certificate,2,1,4,VICTORIAN HISTORIC DISTRICT
1406  BARNARD ST  SAVANNAH GA 31401,,SVR-02790,2026-11-14,2006607018,Lucky Savannah Vacation Rentals,owners@luckysavannah.com,9124958582,Type 2: Non-Owner-Occupied STVR Certificate,2,1,4,VICTORIAN HISTORIC DISTRICT
215 WEST TAYLOR ST  SAVANNAH GA 31401,,SVR-02791,2027-05-22,2003220001,Susan Wylly,swylly510@gmail.com,9123137995,Type 2: Non-Owner-Occupied STVR Certificate,2,,4,SAVANNAH DOWNTOWN HISTORIC DISTRICT
37  WHITAKER ST  SAVANNAH GA 31401,B,SVR-02792,2027-05-22,2000436324,Chase Stahl,chase@southkeymgmt.com,9128001321,Type 2: Non-Owner-Occupied STVR Certificate,2,,4,SAVANNAH DOWNTOWN HISTORIC DISTRICT
"2318 BARNARD STREET, SAVANNAH, GA, 31401",Carriage House aka Unit A,SVR-02793,2027-06-06,2006542006,Jacob Heroux & Jacob Jarvis,cottage@verdant.house,9125140404,Type 1: Owner-Occupied STVR Certificate,2,1,4,STREETCAR HISTORIC DISTRICT
165 WEST BAY ST  SAVANNAH GA 31401,301,SVR-02794,2027-06-01,2000413042,Allam Garcia,info@pmicoastalga.com,9122722386,Type 2: Non-Owner-Occupied STVR Certificate,2,,4,SAVANNAH DOWNTOWN HISTORIC DISTRICT
232  PRICE ST  SAVANNAH GA 31401,,SVR-02795,2027-05-30,2001408011,Lucky Savannah Vacation Rentals,owners@luckysavannah.com,9124958582,Type 1: Owner-Occupied STVR Certificate,2,,4,SAVANNAH DOWNTOWN HISTORIC DISTRICT
537 EAST BOLTON ST  SAVANNAH GA 31401,A,SVR-02796,2027-06-06,2004311026,24square Inc,24squaresavannah@gmail.com,9787667088,Type 1: Owner-Occupied STVR Certificate,2,1,4,VICTORIAN HISTORIC DISTRICT
537 EAST BOLTON ST  SAVANNAH GA 31401,C,SVR-02797,2027-06-06,2004311026,24square Inc,24squaresavannah@gmail.com,9787667088,Type 1: Owner-Occupied STVR Certificate,1,1,4,VICTORIAN HISTORIC DISTRICT
311 EAST 41ST ST  SAVANNAH GA 31401,A,SVR-02798,2027-06-08,2007520011,Eric & Lindsey Andresen,ecandre720@gmail.com,4043871094,Type 2: Non-Owner-Occupied STVR Certificate,1,1,4,STREETCAR HISTORIC DISTRICT
411 EAST 39TH ST  SAVANNAH GA 31401,A,SVR-02799,2027-07-16,2007504004,Patrick Bergen,patrick@mintjulepvacationrentals.com,8032370342,Type 2: Non-Owner-Occupied STVR Certificate,2,1,4,STREETCAR HISTORIC DISTRICT
411 EAST 39TH ST  SAVANNAH GA 31401,B,SVR-02800,2027-07-16,2007504004,Patrick Bergen,patrick@mintjulepvacationrentals.com,8032370342,Type 2: Non-Owner-Occupied STVR Certificate,2,1,4,STREETCAR HISTORIC DISTRICT
110  BARNARD ST  SAVANNAH GA 31401,312,SVR-02804,2027-06-13,2000443023,Lucky Savannah Vacation Rentals,owners@luckysavannah.com,9124958582,Type 2: Non-Owner-Occupied STVR Certificate,1,,4,SAVANNAH DOWNTOWN HISTORIC DISTRICT
123 WEST PARK AVE  SAVANNAH GA 31401,1,SVR-02805,2027-06-13,2004430025,Southern Belle Vacation Rentals,stvr@southernbellevr.com,9122890130,Type 2: Non-Owner-Occupied STVR Certificate,1,1,4,VICTORIAN HISTORIC DISTRICT
301 EAST HUNTINGDON ST  SAVANNAH GA 31401,A,SVR-02807,2027-06-25,2004402018,LAWRENCE & JOAN SMITH,lsmith5876@aol.com,9789851116,Type 1: Owner-Occupied STVR Certificate,1,1,4,SAVANNAH DOWNTOWN HISTORIC DISTRICT
405 EAST LIBERTY ST  SAVANNAH GA 31401,,SVR-02809,2027-07-16,2001412012,Windham Kroha,kromotion11@gmail.com,4074042314,Type 2: Non-Owner-Occupied STVR Certificate,3,3,6,SAVANNAH DOWNTOWN HISTORIC DISTRICT
517 EAST HARRIS ST  SAVANNAH GA 31401,,SVR-02810,2027-07-09,2001418012,Lucky Savannah Vacation Rentals,owners@luckysavannah.com,9124958582,Type 1: Owner-Occupied STVR Certificate,3,2,6,SAVANNAH DOWNTOWN HISTORIC DISTRICT
202 WEST DUFFY ST  SAVANNAH GA 31401,2,SVR-02811,2027-07-20,2005216016,Kevin Bridges,sshuddy@comporium.net,9126577686,Type 2: Non-Owner-Occupied STVR Certificate,2,,4,VICTORIAN HISTORIC DISTRICT
603  WHITAKER ST  SAVANNAH GA 31401,A,SVR-02812,2027-07-12,2003258002,Michael Arcangelo,24squaresavannah@gmail.com,9787667088,Type 2: Non-Owner-Occupied STVR Certificate,4,2,8,SAVANNAH DOWNTOWN HISTORIC DISTRICT
603  WHITAKER ST  SAVANNAH GA 31401,B,SVR-02813,2027-07-12,2003258002,Michael Arcangelo,24squaresavannah@gmail.com,9787667088,Type 2: Non-Owner-Occupied STVR Certificate,2,1,4,SAVANNAH DOWNTOWN HISTORIC DISTRICT
603  WHITAKER ST  SAVANNAH GA 31401,C,SVR-02814,2027-07-12,2003258002,Michael Arcangelo,24squaresavannah@gmail.com,9787667088,Type 2: Non-Owner-Occupied STVR Certificate,1,1,4,SAVANNAH DOWNTOWN HISTORIC DISTRICT
603  WHITAKER ST  SAVANNAH GA 31401,D,SVR-02815,2027-07-12,2003258002,Michael Arcangelo,24squaresavannah@gmail.com,9787667088,Type 2: Non-Owner-Occupied STVR Certificate,1,1,4,SAVANNAH DOWNTOWN HISTORIC DISTRICT
105  WHITAKER ST  SAVANNAH GA 31401,201,SVR-02818,2027-08-10,2000443034,Sharon LeBlanc,annetteleblanc@ymail.com,4044278233,Type 2: Non-Owner-Occupied STVR Certificate,2,,4,SAVANNAH DOWNTOWN HISTORIC DISTRICT
107 WEST DUFFY ST  SAVANNAH GA 31401,,SVR-02819,2027-07-20,2004435012,Marcus Howard,107wduffyst@gmail.com,9122897460,Type 2: Non-Owner-Occupied STVR Certificate,1,1,4,VICTORIAN HISTORIC DISTRICT
107 WEST DUFFY ST  SAVANNAH GA 31401,B,SVR-02820,2027-07-20,2004435012,Marcus Howard,107wduffyst@gmail.com,9122897460,Type 2: Non-Owner-Occupied STVR Certificate,1,,4,VICTORIAN HISTORIC DISTRICT
208 WEST BAY ST  SAVANNAH GA 31401,2,SVR-02821,2026-09-17,2000309027,Southern Belle Vacation Rentals,stvr@southernbellevr.com,9122890130,Type 2: Non-Owner-Occupied STVR Certificate,1,,4,SAVANNAH DOWNTOWN HISTORIC DISTRICT
202 WEST DUFFY ST  SAVANNAH GA 31401,1,SVR-02822,2027-07-20,2005216016,Kevin Bridges,sshuddy@comporium.net,9126577686,Type 2: Non-Owner-Occupied STVR Certificate,2,,4,VICTORIAN HISTORIC DISTRICT
119  PRICE ST  SAVANNAH GA 31401,,SVR-02823,2027-08-06,2000449002,Alyssa Acker,hostingsavannah@gmail.com,4436104230,Type 1: Owner-Occupied STVR Certificate,1,,4,SAVANNAH DOWNTOWN HISTORIC DISTRICT
820  BARNARD ST  SAVANNAH GA 31401,,SVR-02825,2027-07-26,2004410009,South Key Management Company,chase@southkeymgmt.com,9128001321,Type 1: Owner-Occupied STVR Certificate,3,,6,VICTORIAN HISTORIC DISTRICT
549 EAST PARK AVE  SAVANNAH GA 31401,,SVR-02827,2027-07-27,2004317001,Kevin Escobar,kevin@kescohomes.com,6319548427,Type 2: Non-Owner-Occupied STVR Certificate,4,2,8,VICTORIAN HISTORIC DISTRICT
520 EAST TAYLOR ST  SAVANNAH GA 31401,,SVR-02828,2027-08-01,2003301031,Lucky Savannah Vacation Rentals,owners@luckysavannah.com,9124958582,Type 2: Non-Owner-Occupied STVR Certificate,2,1,4,SAVANNAH DOWNTOWN HISTORIC DISTRICT
310 WEST BROUGHTON ST  SAVANNAH GA 31401,3000,SVR-02829,2027-08-07,2001615030,Alyssa Acker,hostingsavannah@gmail.com,4436104230,Type 2: Non-Owner-Occupied STVR Certificate,2,,4,SAVANNAH DOWNTOWN HISTORIC DISTRICT
2 EAST LIBERTY ST  SAVANNAH GA 31401,2,SVR-02831,2027-08-08,2001529011,Chase Stahl,chase@southkeymgmt.com,9128001321,Type 2: Non-Owner-Occupied STVR Certificate,1,,4,SAVANNAH DOWNTOWN HISTORIC DISTRICT
537 EAST PERRY ST  SAVANNAH GA 31401,Main House,SVR-02832,2027-08-09,2001411018,Lucky Savannah Vacation Rentals,owners@luckysavannah.com,9124958582,Type 2: Non-Owner-Occupied STVR Certificate,3,1,6,SAVANNAH DOWNTOWN HISTORIC DISTRICT
537 EAST PERRY LN  SAVANNAH GA 31401,Carriage House,SVR-02833,2027-08-09,2001411018,Lucky Savannah Vacation Rentals,owners@luckysavannah.com,9124958582,Type 2: Non-Owner-Occupied STVR Certificate,1,,4,SAVANNAH DOWNTOWN HISTORIC DISTRICT
541 EAST GORDON ST  SAVANNAH GA 31401,,SVR-02834,2027-09-04,2003303038,Lucky Savannah Vacation Rentals,owners@luckysavannah.com,9124958582,Type 2: Non-Owner-Occupied STVR Certificate,3,2,6,SAVANNAH DOWNTOWN HISTORIC DISTRICT
246  BULL ST  SAVANNAH GA 31401,,SVR-02835,2026-09-21,2001529011,South Key Management Company,chase@southkeymgmt.com,9127865853,Type 2: Non-Owner-Occupied STVR Certificate,1,,4,SAVANNAH DOWNTOWN HISTORIC DISTRICT
310 WEST BROUGHTON ST  SAVANNAH GA 31401,2003,SVR-02837,2027-08-16,2001615018,Alyssa Acker,hostingsavannah@gmail.com,4436104230,Type 2: Non-Owner-Occupied STVR Certificate,2,,4,SAVANNAH DOWNTOWN HISTORIC DISTRICT
414 WEST HUNTINGDON ST  SAVANNAH GA 31401,C,SVR-02838,2027-08-17,2004521007,Chase Stahl,chase@southkeymgmt.com,9128001321,Type 2: Non-Owner-Occupied STVR Certificate,2,1,4,SAVANNAH DOWNTOWN HISTORIC DISTRICT
414 WEST HUNTINGDON ST  SAVANNAH GA 31401,D,SVR-02839,2027-08-17,2004521007,Chase Stahl,chase@southkeymgmt.com,9128001321,Type 2: Non-Owner-Occupied STVR Certificate,1,1,4,SAVANNAH DOWNTOWN HISTORIC DISTRICT
214 WEST BAY ST  SAVANNAH GA 31401,2,SVR-00278,2027-03-07,2000309011,South Key Management Company,chase@southkeymgmt.com,9128001321,Type 2: Non-Owner-Occupied STVR Certificate,2,,6,SAVANNAH DOWNTOWN HISTORIC DISTRICT
309 EAST 41ST ST  SAVANNAH GA 31401,,SVR-02840,2027-08-20,2007520003,Eric & Lindsey Andresen,elamanagement1112@gmail.com,4043871094,Type 2: Non-Owner-Occupied STVR Certificate,3,2,6,STREETCAR HISTORIC DISTRICT
346  JEFFERSON ST  SAVANNAH GA 31401,,SVR-02844,2026-10-22,2003127007,Lucky Savannah Vacation Rentals,owners@luckysavannah.com,9124958582,Type 2: Non-Owner-Occupied STVR Certificate,2,,4,SAVANNAH DOWNTOWN HISTORIC DISTRICT
440  LINCOLN ST  SAVANNAH GA 31401,,SVR-02845,2027-09-01,2003247015,Patricia Mason,zuzalley@gmail.com,9122201451,Type 2: Non-Owner-Occupied STVR Certificate,2,,4,SAVANNAH DOWNTOWN HISTORIC DISTRICT
327 EAST LIBERTY ST  SAVANNAH GA 31401,,SVR-02846,2027-09-25,2001531009,John Manly,john@manlyshipley.com,9126554497,Type 2: Non-Owner-Occupied STVR Certificate,1,1,4,SAVANNAH DOWNTOWN HISTORIC DISTRICT
1111  LINCOLN ST  SAVANNAH GA 31401,,SVR-02848,2026-09-11,2004434003,Lucky Savannah Vacation Rentals,owners@luckysavannah.com,9124958582,Type 2: Non-Owner-Occupied STVR Certificate,3,2,6,VICTORIAN HISTORIC DISTRICT
508  ALTAMAHA ST  SAVANNAH GA 31401,,SVR-02849,2026-09-11,2000605072,Lucky Savannah Vacation Rentals,owners@luckysavannah.com,9124958582,Type 2: Non-Owner-Occupied STVR Certificate,3,4,6,EmptyFieldDisplayStrategy.HIDE
106 EAST HARRIS ST  SAVANNAH GA 31401,,SVR-02850,2026-09-11,2001533011,Lucky Savannah Vacation Rentals,owners@luckysavannah.com,9124958582,Type 2: Non-Owner-Occupied STVR Certificate,5,,10,SAVANNAH DOWNTOWN HISTORIC DISTRICT
123 WEST PARK AVE  SAVANNAH GA 31401,2,SVR-02851,2027-09-21,2004430026,Kenneth M. Bonacci & Kerri S. Gustafson Family Trust,drkerri@comcast.net,3039172215,Type 2: Non-Owner-Occupied STVR Certificate,1,1,4,VICTORIAN HISTORIC DISTRICT
408 WEST WAYNE ST  SAVANNAH GA 31401,,SVR-02852,2027-09-12,2004507434,Alyssa Acker,hostingsavannah@gmail.com,4436104230,Type 2: Non-Owner-Occupied STVR Certificate,3,1,6,SAVANNAH DOWNTOWN HISTORIC DISTRICT
512  NICOLL ST  SAVANNAH GA 31401,,SVR-02853,2026-10-29,2003307017,Sean Robinson,sean.robinson.homes@gmail.com,4088351314,Type 2: Non-Owner-Occupied STVR Certificate,2,,4,SAVANNAH DOWNTOWN HISTORIC DISTRICT
102 EAST LIBERTY ST  SAVANNAH GA 31401,606,SVR-02857,2026-09-17,2001530043,Southern Belle Vacation Rentals,stvr@southernbellevr.com,9122890130,Type 2: Non-Owner-Occupied STVR Certificate,1,,4,SAVANNAH DOWNTOWN HISTORIC DISTRICT
220 EAST PARK AVE  SAVANNAH GA 31401,Main House,SVR-02859,2027-09-27,2004427006,Tymothy Boyle,tyrboyle@gmail.com,7013308532,Type 2: Non-Owner-Occupied STVR Certificate,3,1,6,VICTORIAN HISTORIC DISTRICT
220 EAST PARK AVE  SAVANNAH GA 31401,B aka Carriage House,SVR-02860,2027-09-27,2004427006,Tymothy Boyle,tyrboyle@gmail.com,7013308532,Type 2: Non-Owner-Occupied STVR Certificate,1,1,4,VICTORIAN HISTORIC DISTRICT
618  PRICE ST  SAVANNAH GA 31401,,SVR-02861,2026-12-10,2003311009,Michael Moret d/b/a Moret Property Management,moret.mike@gmail.com,9125810412,Type 2: Non-Owner-Occupied STVR Certificate,3,,6,SAVANNAH DOWNTOWN HISTORIC DISTRICT
209 EAST PARK AVE  SAVANNAH GA 31401,B,SVR-02863,2026-11-27,2004434017,De and Jane Grey-Jones,janegreypsm@gmail.com,9734791825,Type 1: Owner-Occupied STVR Certificate,1,1,4,VICTORIAN HISTORIC DISTRICT
202 WEST BROUGHTON ST  SAVANNAH GA 31401,203,SVR-02864,2026-10-08,2001614203,Southern Belle Vacation Rentals,stvr@southernbellevr.com,9122890130,Type 2: Non-Owner-Occupied STVR Certificate,2,,4,SAVANNAH DOWNTOWN HISTORIC DISTRICT
534 EAST STATE ST  SAVANNAH GA 31401,,SVR-02865,2026-10-10,2000517019,Lucky Savannah Vacation Rentals,owners@luckysavannah.com,9124958582,Type 2: Non-Owner-Occupied STVR Certificate,2,,4,SAVANNAH DOWNTOWN HISTORIC DISTRICT
510 EAST YORK ST  SAVANNAH GA 31401,,SVR-02866,2026-10-10,2000528006,Lucky Savannah Vacation Rentals,owners@luckysavannah.com,9124958582,Type 2: Non-Owner-Occupied STVR Certificate,3,,6,SAVANNAH DOWNTOWN HISTORIC DISTRICT
454  PRICE ST  SAVANNAH GA 31401,,SVR-02870,2026-10-11,2003303033,Carlos Cordero,stayheresavannah@gmail.com,9126503343,Type 2: Non-Owner-Occupied STVR Certificate,3,2,6,SAVANNAH DOWNTOWN HISTORIC DISTRICT
501 EAST WALDBURG ST  SAVANNAH GA 31401,C,SVR-02872,2027-10-15,2004314019,Irene & Darren Bagley-Heath,bagleyheath@mac.com,7742389966,Type 2: Non-Owner-Occupied STVR Certificate,1,2,4,VICTORIAN HISTORIC DISTRICT
219 EAST YORK ST  SAVANNAH GA 31401,,SVR-02873,2026-10-18,2001506019,Lucky Savannah Vacation Rentals,owners@luckysavannah.com,9124958582,Type 2: Non-Owner-Occupied STVR Certificate,2,,4,SAVANNAH DOWNTOWN HISTORIC DISTRICT
219 EAST YORK ST  SAVANNAH GA 31401,B,SVR-02874,2026-10-18,2001506019,Lucky Savannah Vacation Rentals,owners@luckysavannah.com,9124958582,Type 2: Non-Owner-Occupied STVR Certificate,1,,4,SAVANNAH DOWNTOWN HISTORIC DISTRICT
420 EAST CHARLTON LN  SAVANNAH GA 31401,,SVR-02875,2026-11-12,2003210011,Lucky Savannah Vacation Rentals,owners@luckysavannah.com,9124958582,Type 1: Owner-Occupied STVR Certificate,1,,4,SAVANNAH DOWNTOWN HISTORIC DISTRICT
104 WEST JONES ST  SAVANNAH GA 31401,C,SVR-02878,2026-11-14,2001545033,Jason & Melisa Woolf,jrwoolf@yahoo.com,4042902558,Type 2: Non-Owner-Occupied STVR Certificate,1,,4,SAVANNAH DOWNTOWN HISTORIC DISTRICT
11 EAST PERRY ST  SAVANNAH GA 31401,E,SVR-02879,2026-10-25,2001529082,South Key Management Company,chase@southkeymgmt.com,9128001321,Type 2: Non-Owner-Occupied STVR Certificate,1,,4,SAVANNAH DOWNTOWN HISTORIC DISTRICT
115 EAST WALDBURG ST  SAVANNAH GA 31401,,SVR-00282,2027-05-18,2004426015,Deborah Nease,hellotherechristine@yahoo.com,9126557728,Type 2: Non-Owner-Occupied STVR Certificate,3,2,6,VICTORIAN HISTORIC DISTRICT
11 EAST PERRY ST  SAVANNAH GA 31401,F,SVR-02880,2026-10-25,2001529082,South Key Management Company,chase@southkeymgmt.com,9128001321,Type 2: Non-Owner-Occupied STVR Certificate,1,,4,SAVANNAH DOWNTOWN HISTORIC DISTRICT
505  PORT ST  SAVANNAH GA 31401,,SVR-02881,2026-11-08,2000605059,Swethasri Maganti,sharath.gudla@gmail.com,3862903662,Type 2: Non-Owner-Occupied STVR Certificate,3,4,6,EmptyFieldDisplayStrategy.HIDE
528  HAMILTON CT  SAVANNAH GA 31401,Carriage House,SVR-02882,2026-11-01,2006432010,Katie Siplon d/b/a Tricounty Real Estate LLC,ksiplon.homes@gmail.com,9122351127,Type 1: Owner-Occupied STVR Certificate,2,2,4,STREETCAR HISTORIC DISTRICT
210 EAST STATE ST  SAVANNAH GA 31401,30,SVR-02883,2026-11-01,2000447039,Kaelin Durst,info@stayopulence.com,9122173388,Type 2: Non-Owner-Occupied STVR Certificate,1,,4,SAVANNAH DOWNTOWN HISTORIC DISTRICT
310 WEST BROUGHTON ST  SAVANNAH GA 31401,3004,SVR-02884,2026-11-01,2001615034,Kaelin Durst,info@stayopulence.com,9122173388,Type 2: Non-Owner-Occupied STVR Certificate,2,,4,SAVANNAH DOWNTOWN HISTORIC DISTRICT
310 WEST BROUGHTON ST  SAVANNAH GA 31401,3006,SVR-02885,2026-11-01,2001615036,Kaelin Durst,info@stayopulence.com,9122173388,Type 2: Non-Owner-Occupied STVR Certificate,1,,4,SAVANNAH DOWNTOWN HISTORIC DISTRICT
310 WEST BROUGHTON ST  SAVANNAH GA 31401,2011,SVR-02886,2026-11-01,2001615026,Kaelin Durst,info@stayopulence.com,9122173388,Type 2: Non-Owner-Occupied STVR Certificate,1,,4,SAVANNAH DOWNTOWN HISTORIC DISTRICT
310 WEST BROUGHTON ST  SAVANNAH GA 31401,2012,SVR-02887,2026-11-08,2001615027,Kaelin Durst,info@stayopulence.com,9122173388,Type 2: Non-Owner-Occupied STVR Certificate,1,,4,SAVANNAH DOWNTOWN HISTORIC DISTRICT
310 WEST BROUGHTON ST  SAVANNAH GA 31401,2013,SVR-02888,2026-11-08,2001615028,Kaelin Durst,info@stayopulence.com,9122173388,Type 2: Non-Owner-Occupied STVR Certificate,1,,4,SAVANNAH DOWNTOWN HISTORIC DISTRICT
310 WEST BROUGHTON ST  SAVANNAH GA 31401,3014,SVR-02889,2026-11-08,2001615044,Kaelin Durst,info@stayopulence.com,9122173388,Type 2: Non-Owner-Occupied STVR Certificate,3,,6,SAVANNAH DOWNTOWN HISTORIC DISTRICT
217 EAST CHARLTON ST  SAVANNAH GA 31401,1,SVR-02890,2026-11-08,2003208004,Southern Belle Vacation Rentals,stvr@southernbellevr.com,9122890130,Type 2: Non-Owner-Occupied STVR Certificate,2,,4,SAVANNAH DOWNTOWN HISTORIC DISTRICT
217 EAST CHARLTON ST  SAVANNAH GA 31401,2,SVR-02891,2026-11-08,2003208004,Southern Belle Vacation Rentals,stvr@southernbellevr.com,9122890130,Type 2: Non-Owner-Occupied STVR Certificate,2,,4,SAVANNAH DOWNTOWN HISTORIC DISTRICT
217 EAST CHARLTON ST  SAVANNAH GA 31401,3,SVR-02892,2026-11-08,2003208004,Southern Belle Vacation Rentals,stvr@southernbellevr.com,9122890130,Type 2: Non-Owner-Occupied STVR Certificate,1,,4,SAVANNAH DOWNTOWN HISTORIC DISTRICT
411 WEST 35TH ST  SAVANNAH GA 31401,B,SVR-02893,2026-11-13,2006643010,Ben Gavrilov d/b/a Staylink LLC,contact@staylinkinc.com,6478669177,Type 2: Non-Owner-Occupied STVR Certificate,2,2,4,STREETCAR HISTORIC DISTRICT
206 WEST DUFFY ST  SAVANNAH GA 31401,B,SVR-02895,2026-11-13,2005216021,Kelly Bittinger d/b/a B&B Vacation Rentals LLC,kellybinsavannah@gmail.com,9126602184,Type 2: Non-Owner-Occupied STVR Certificate,2,1,4,VICTORIAN HISTORIC DISTRICT
512 EAST ANDERSON ST  SAVANNAH GA 31401,,SVR-02896,2026-11-20,2005314015,Vacasa LLC,permitting@vacasa.com,5033459399,Type 2: Non-Owner-Occupied STVR Certificate,3,2,6,VICTORIAN HISTORIC DISTRICT
501 EAST YORK ST  SAVANNAH GA 31401,,SVR-02897,2027-03-07,2000530015,Luxury Living Savannah,reservations@luxurylivingsavannah.com,9129997200,Type 1: Owner-Occupied STVR Certificate,1,1,4,SAVANNAH DOWNTOWN HISTORIC DISTRICT
503 EAST YORK ST  SAVANNAH GA 31401,,SVR-02898,2027-03-07,2000530015,Luxury Living Savannah,reservations@luxurylivingsavannah.com,9129997200,Type 1: Owner-Occupied STVR Certificate,2,1,4,SAVANNAH DOWNTOWN HISTORIC DISTRICT
309 WEST BOLTON ST  SAVANNAH GA 31401,,SVR-00284,2026-12-06,2005203003,Mary Anderson dba Anderson VIP Concierge LLC,mary@savannahluxuryrentals.com,9125252022,Type 2: Non-Owner-Occupied STVR Certificate,3,1,6,VICTORIAN HISTORIC DISTRICT
300  DRAYTON ST  SAVANNAH GA 31401,,SVR-02903,2026-11-28,2001533016,Southern Belle Vacation Rentals,stvr@southernbellevr.com,9122890130,Type 2: Non-Owner-Occupied STVR Certificate,4,,8,SAVANNAH DOWNTOWN HISTORIC DISTRICT
208 WEST PARK AVE  SAVANNAH GA 31401,A,SVR-02904,2026-12-04,2005215011,South Key Management Company,chase@southkeymgmt.com,9128001321,Type 2: Non-Owner-Occupied STVR Certificate,3,1,6,VICTORIAN HISTORIC DISTRICT
208 WEST PARK AVE  SAVANNAH GA 31401,B,SVR-02905,2026-12-04,2005215011,South Key Management Company,chase@southkeymgmt.com,9128001321,Type 2: Non-Owner-Occupied STVR Certificate,3,2,6,VICTORIAN HISTORIC DISTRICT
37  WHITAKER ST  SAVANNAH GA 31401,A,SVR-02906,2026-12-03,2000436323,Chase Stahl d/b/a South Key Management Company,chase@southkeymgmt.com,9128001321,Type 2: Non-Owner-Occupied STVR Certificate,2,,4,SAVANNAH DOWNTOWN HISTORIC DISTRICT
218  HOUSTON ST  SAVANNAH GA 31401,,SVR-02907,2026-12-03,2001402012,Julie Gates d/b/a Sid Was Here LLC,sid@sidwashere.com,9125744473,Type 2: Non-Owner-Occupied STVR Certificate,2,,4,SAVANNAH DOWNTOWN HISTORIC DISTRICT
11 EAST PERRY ST  SAVANNAH GA 31401,C,SVR-02908,2026-12-04,2001529082,South Key Management Company,chase@southkeymgmt.com,9128001321,Type 2: Non-Owner-Occupied STVR Certificate,1,,4,SAVANNAH DOWNTOWN HISTORIC DISTRICT
105  WHITAKER ST  SAVANNAH GA 31401,204,SVR-02911,2026-12-18,2000443037,South Key Management Company,chase@southkeymgmt.com,9128001321,Type 2: Non-Owner-Occupied STVR Certificate,1,,4,SAVANNAH DOWNTOWN HISTORIC DISTRICT
201 WEST DUFFY ST  SAVANNAH GA 31401,A,SVR-02912,2026-12-18,2005227011,Roy Maynard,roy.maynard.rm@gmail.com,9126601200,Type 2: Non-Owner-Occupied STVR Certificate,2,,4,VICTORIAN HISTORIC DISTRICT
536 EAST GWINNETT ST  SAVANNAH GA 31401,B,SVR-02913,2026-12-17,2004302005,Tom Houston,mp@pharealty.com,4192963800,Type 2: Non-Owner-Occupied STVR Certificate,3,1,6,SAVANNAH DOWNTOWN HISTORIC DISTRICT
538 EAST GWINNETT ST  SAVANNAH GA 31401,,SVR-02914,2026-12-17,2004302005,Tom Houston,mp@pharealty.com,4192963800,Type 2: Non-Owner-Occupied STVR Certificate,3,1,6,SAVANNAH DOWNTOWN HISTORIC DISTRICT
537 EAST HALL LN  SAVANNAH GA 31401,,SVR-02915,2026-12-17,2004302005,Tom Houston,mp@pharealty.com,4192963800,Type 2: Non-Owner-Occupied STVR Certificate,2,1,4,SAVANNAH DOWNTOWN HISTORIC DISTRICT
432  PORT ST  SAVANNAH GA 31401,,SVR-02916,2027-01-08,2000605030,Patrick & Ryan Burke,rmburkeco@gmail.com,7049025644,Type 2: Non-Owner-Occupied STVR Certificate,3,4,6,EmptyFieldDisplayStrategy.HIDE
411 WEST 35TH ST  SAVANNAH GA 31401,A,SVR-02917,2027-02-22,2006643010,Ben Gavrilov d/b/a Staylink LLC,contact@staylinkinc.com,6478669177,Type 2: Non-Owner-Occupied STVR Certificate,3,1,6,STREETCAR HISTORIC DISTRICT
301 EAST HARRIS ST  SAVANNAH GA 31401,,SVR-02918,2027-02-06,2003201002,Lucky Savannah Vacation Rentals,owners@luckysavannah.com,9124958582,Type 2: Non-Owner-Occupied STVR Certificate,4,1,8,SAVANNAH DOWNTOWN HISTORIC DISTRICT
312 EAST PARK LN  SAVANNAH GA 31401,Carriage House,SVR-02919,2026-12-27,2005302017,24square Inc,24squaresavannah@gmail.com,9787667088,Type 2: Non-Owner-Occupied STVR Certificate,1,,4,VICTORIAN HISTORIC DISTRICT
501 EAST BOLTON ST  SAVANNAH GA 31401,A,SVR-02922,2027-01-16,2004311016,Southern Grace Stays,southerngracegetaways@yahoo.com,9126008086,Type 2: Non-Owner-Occupied STVR Certificate,3,1,6,VICTORIAN HISTORIC DISTRICT
501 EAST BOLTON ST  SAVANNAH GA 31401,B,SVR-02923,2027-01-16,2004311016,Southern Grace Stays,southerngracegetaways@yahoo.com,9126008086,Type 2: Non-Owner-Occupied STVR Certificate,3,1,6,VICTORIAN HISTORIC DISTRICT
14 WEST STATE ST  SAVANNAH GA 31401,6,SVR-02924,2027-01-17,2000444004,South Key Management Company,chase@southkeymgmt.com,9128001321,Type 2: Non-Owner-Occupied STVR Certificate,1,,4,SAVANNAH DOWNTOWN HISTORIC DISTRICT
26  HOUSTON ST  SAVANNAH GA 31401,,SVR-02925,2027-01-21,2000513005,Lucky Savannah Vacation Rentals,owners@luckysavannah.com,9124958582,Type 2: Non-Owner-Occupied STVR Certificate,3,,6,SAVANNAH DOWNTOWN HISTORIC DISTRICT
410 EAST GWINNETT ST  SAVANNAH GA 31401,Garden,SVR-02926,2027-01-28,2004408021,Southern Belle Vacation Rentals,stvr@southernbellevr.com,9122890130,Type 1: Owner-Occupied STVR Certificate,1,1,4,SAVANNAH DOWNTOWN HISTORIC DISTRICT
1112  LINCOLN ST  SAVANNAH GA 31401,,SVR-02927,2027-02-05,2005302012,Emily Morris,2bridesandabucket@gmail.com,9124339506,Type 2: Non-Owner-Occupied STVR Certificate,1,,4,VICTORIAN HISTORIC DISTRICT
222 WEST DUFFY ST  SAVANNAH GA 31401,,SVR-02928,2027-07-26,2005216013,Caitlin Condon,caitlinccondon@gmail.com,7813088131,Type 2: Non-Owner-Occupied STVR Certificate,2,,4,VICTORIAN HISTORIC DISTRICT
316 EAST HARRIS ST  SAVANNAH GA 31401,,SVR-02930,2027-02-08,2001412016,Donna Daugherty,timopia@hotmail.com,9122720435,Type 2: Non-Owner-Occupied STVR Certificate,2,2,4,SAVANNAH DOWNTOWN HISTORIC DISTRICT
411 WEST CONGRESS ST  SAVANNAH GA 31401,1,SVR-02931,2027-02-06,2001616019,John Forrest d/b/a Joshton Properties LLC,joshton.rentals@gmail.com,8285064197,Type 2: Non-Owner-Occupied STVR Certificate,2,,4,SAVANNAH DOWNTOWN HISTORIC DISTRICT
417 EAST TAYLOR ST  SAVANNAH GA 31401,,SVR-02935,2027-02-13,2003232003,Lisa Abbott d/b/a East Taylor Vacations LLC,easttaylorllc@yahoo.com,7072800630,Type 2: Non-Owner-Occupied STVR Certificate,3,1,6,SAVANNAH DOWNTOWN HISTORIC DISTRICT
219 WEST WALDBURG ST  SAVANNAH GA 31401,A,SVR-02937,2027-03-08,2005215028,Island Vacation Rentals,tybeeproperties@gmail.com,9124999750,Type 2: Non-Owner-Occupied STVR Certificate,2,1,4,VICTORIAN HISTORIC DISTRICT
219 WEST WALDBURG ST  SAVANNAH GA 31401,B,SVR-02938,2027-03-08,2005215028,Island Vacation Rentals,tybeeproperties@gmail.com,9124999750,Type 2: Non-Owner-Occupied STVR Certificate,2,1,4,VICTORIAN HISTORIC DISTRICT
165 WEST BAY ST  SAVANNAH GA 31401,503,SVR-02939,2027-03-04,2000413054,Yu Colvard & Jinling Wu,lucycolvard@gmail.com,9123064098,Type 2: Non-Owner-Occupied STVR Certificate,2,1,4,SAVANNAH DOWNTOWN HISTORIC DISTRICT
1 WEST YORK ST  SAVANNAH GA 31401,G,SVR-02940,2027-02-22,2001509012G,Hosting Savannah LLC,hostingsavannah@gmail.com,4436104230,Type 2: Non-Owner-Occupied STVR Certificate,1,,4,SAVANNAH DOWNTOWN HISTORIC DISTRICT
210 EAST STATE ST  SAVANNAH GA 31401,21,SVR-02941,2027-03-11,2000447030,Kortney Rollinger,kortney_rollinger@yahoo.com,9802291169,Type 2: Non-Owner-Occupied STVR Certificate,1,,4,SAVANNAH DOWNTOWN HISTORIC DISTRICT
5 EAST PERRY LN  SAVANNAH GA 31401,Carriage House,SVR-02943,2027-03-01,2001529010,Kenneth Richards,krichards@vantoshco.com,9124296278,Type 2: Non-Owner-Occupied STVR Certificate,1,1,4,SAVANNAH DOWNTOWN HISTORIC DISTRICT
407 WEST 35TH ST  SAVANNAH GA 31401,A,SVR-02944,2027-02-28,2006643011,Maria Jauhar d/b/a Blue Fin LLC,bluefinllc786@gmail.com,4045439052,Type 2: Non-Owner-Occupied STVR Certificate,3,1,6,STREETCAR HISTORIC DISTRICT
407 WEST 35TH ST  SAVANNAH GA 31401,B,SVR-02945,2027-02-28,2006643011,Maria Jauhar d/b/a Blue Fin LLC,bluefinllc786@gmail.com,4045439052,Type 2: Non-Owner-Occupied STVR Certificate,1,1,4,STREETCAR HISTORIC DISTRICT
517 EAST HENRY ST  SAVANNAH GA 31401,,SVR-02947,2027-06-05,2005314028,Vignesh Kumar Subramanian,vigramllc@gmail.com,8572106771,Type 2: Non-Owner-Occupied STVR Certificate,4,2,8,VICTORIAN HISTORIC DISTRICT
212 WEST FACTORS WALK  SAVANNAH GA 31401,,SVR-02948,2027-03-04,2000309016,Lucky Savannah Vacation Rentals,owners@luckysavannah.com,9124958582,Type 2: Non-Owner-Occupied STVR Certificate,1,,4,SAVANNAH DOWNTOWN HISTORIC DISTRICT
405  TATTNALL ST  SAVANNAH GA 31401,,SVR-00289,2026-11-18,2003138002B,Southern Belle Vacation Rentals,stvr@southernbellevr.com,9122890130,Type 2: Non-Owner-Occupied STVR Certificate,2,,6,SAVANNAH DOWNTOWN HISTORIC DISTRICT
532 EAST STATE ST  SAVANNAH GA 31401,,SVR-02949,2027-03-01,2000517018,Lucky Savannah Vacation Rentals,owners@luckysavannah.com,9124958582,Type 2: Non-Owner-Occupied STVR Certificate,2,,4,SAVANNAH DOWNTOWN HISTORIC DISTRICT
210 EAST STATE ST  SAVANNAH GA 31401,14,SVR-02950,2027-04-17,2000447023,Katherine Schubert d/b/a Investment Savannah Associates Inc,katherinegschubert@gmail.com,9126604507,Type 2: Non-Owner-Occupied STVR Certificate,1,,4,SAVANNAH DOWNTOWN HISTORIC DISTRICT
110  BARNARD ST  SAVANNAH GA 31401,411,SVR-02953,2027-03-05,2000443026,Yu Colvard,lucycolvard@gmail.com,9123064098,Type 2: Non-Owner-Occupied STVR Certificate,2,2,4,SAVANNAH DOWNTOWN HISTORIC DISTRICT
103 WEST HUNTINGDON ST  SAVANNAH GA 31401,,SVR-02954,2027-07-01,2003258001,Carl B. Pearl,carlbpearl@aol.com,9124012111,Type 1: Owner-Occupied STVR Certificate,2,1,4,SAVANNAH DOWNTOWN HISTORIC DISTRICT
"408 E HENRY ST, SAVANNAH, GA, 31401",406 at ,SVR-02956,2027-03-22,2005306006,Meizhu Wang,jackiezhao2095@yahoo.com,8433042095,Type 2: Non-Owner-Occupied STVR Certificate,2,1,4,VICTORIAN HISTORIC DISTRICT
408 EAST HENRY ST  SAVANNAH GA 31401,,SVR-02957,2027-03-22,2005306006,Meizhu Wang,jackiezhao2095@yahoo.com,8433042095,Type 2: Non-Owner-Occupied STVR Certificate,2,1,4,VICTORIAN HISTORIC DISTRICT
1202  LINCOLN ST  SAVANNAH GA 31401,,SVR-02959,2027-03-21,2005305011,Allam Garcia d/b/a PMI Coastal GA,info@pmicoastalga.com,9122722386,Type 2: Non-Owner-Occupied STVR Certificate,4,,8,VICTORIAN HISTORIC DISTRICT
404  ALTAMAHA ST  SAVANNAH GA 31401,,SVR-02960,2027-04-23,20006A01015,Timothy Womack d/b/a Timber Meadown East LLC,medrika@timbermeadow.org,4437172402,Type 2: Non-Owner-Occupied STVR Certificate,3,4,6,EmptyFieldDisplayStrategy.HIDE
203 WEST ANDERSON ST  SAVANNAH GA 31401,A,SVR-02961,2027-05-24,2006606019,Francisco Ruiz,francisco@valoremrei.com,4695452255,Type 2: Non-Owner-Occupied STVR Certificate,2,,4,VICTORIAN HISTORIC DISTRICT
108 WEST JONES ST  SAVANNAH GA 31401,A,SVR-02962,2027-03-28,2001545010,Lucky Savannah Vacation Rentals,owners@luckysavannah.com,9124958582,Type 2: Non-Owner-Occupied STVR Certificate,1,,4,SAVANNAH DOWNTOWN HISTORIC DISTRICT
108 WEST JONES ST  SAVANNAH GA 31401,B,SVR-02963,2027-03-28,2001545010,Lucky Savannah Vacation Rentals,owners@luckysavannah.com,9124958582,Type 2: Non-Owner-Occupied STVR Certificate,1,1,4,SAVANNAH DOWNTOWN HISTORIC DISTRICT
108 WEST JONES ST  SAVANNAH GA 31401,C,SVR-02964,2027-03-28,2001545010,Lucky Savannah Vacation Rentals,owners@luckysavannah.com,9124958582,Type 2: Non-Owner-Occupied STVR Certificate,1,1,4,SAVANNAH DOWNTOWN HISTORIC DISTRICT
108 WEST JONES ST  SAVANNAH GA 31401,D,SVR-02965,2027-03-28,2001545010,Lucky Savannah Vacation Rentals,owners@luckysavannah.com,9124958582,Type 2: Non-Owner-Occupied STVR Certificate,1,,4,SAVANNAH DOWNTOWN HISTORIC DISTRICT
319  LORCH ST  SAVANNAH GA 31401,A,SVR-02967,2027-04-12,2004526007,Carlos Cordero d/b/a Stay Here Vacation Rental Management,stayheresavannah@gmail.com,9126503343,Type 2: Non-Owner-Occupied STVR Certificate,2,1,4,SAVANNAH DOWNTOWN HISTORIC DISTRICT
319  LORCH ST  SAVANNAH GA 31401,B,SVR-02968,2027-04-12,2004526007,Carlos Cordero d/b/a Stay Here Vacation Rental Management,stayheresavannah@gmail.com,9126503343,Type 2: Non-Owner-Occupied STVR Certificate,2,1,4,SAVANNAH DOWNTOWN HISTORIC DISTRICT
210 EAST STATE ST  SAVANNAH GA 31401,31,SVR-02969,2027-04-05,2000447040,Jason LaVecchia,jason.lavecchia@gmail.com,9105409396,Type 2: Non-Owner-Occupied STVR Certificate,1,,4,SAVANNAH DOWNTOWN HISTORIC DISTRICT
"2 E PERRY LN 1, SAVANNAH, GA, 31401",1,SVR-02970,2027-04-04,2001529091,Javier Garrido,info@savannahvacationhomes.com,9124800370,Type 2: Non-Owner-Occupied STVR Certificate,3,1,6,SAVANNAH DOWNTOWN HISTORIC DISTRICT
"2 E PERRY LN 2, SAVANNAH, GA, 31401",2,SVR-02971,2027-06-25,2001529092,Javier Garrido d/b/a Deacon Transportation Inc,info@savannahvacationhomes.com,9124800370,Type 2: Non-Owner-Occupied STVR Certificate,4,1,8,SAVANNAH DOWNTOWN HISTORIC DISTRICT
"2 E PERRY LN 3, SAVANNAH, GA, 31401",3,SVR-02972,2027-06-25,2001529093,Javier Garrido d/b/a Deacon Transportation Inc,info@savannahvacationhomes.com,9124800370,Type 2: Non-Owner-Occupied STVR Certificate,5,1,10,SAVANNAH DOWNTOWN HISTORIC DISTRICT
24 EAST LIBERTY ST  SAVANNAH GA 31401,26,SVR-02973,2027-04-08,2001529062,Chase Stahl d/b/a South Key Management Company,chase@southkeymgmt.com,9128001321,Type 2: Non-Owner-Occupied STVR Certificate,1,,4,SAVANNAH DOWNTOWN HISTORIC DISTRICT
409  PORT ST  SAVANNAH GA 31401,,SVR-02974,2027-04-12,20006A01019,Lucky Savannah Vacation Rentals,owners@luckysavannah.com,9124958582,Type 2: Non-Owner-Occupied STVR Certificate,3,4,6,EmptyFieldDisplayStrategy.HIDE
410  HABERSHAM ST  SAVANNAH GA 31401,,SVR-02975,2027-04-12,2003211006,Arise Property Management,contact@stayatarise.com,9123880845,Type 2: Non-Owner-Occupied STVR Certificate,3,,6,SAVANNAH DOWNTOWN HISTORIC DISTRICT
105  WHITAKER ST  SAVANNAH GA 31401,304,SVR-02976,2027-04-12,2000443041,Lucky Savannah Vacation Rentals,owners@luckysavannah.com,9124958582,Type 2: Non-Owner-Occupied STVR Certificate,1,,4,SAVANNAH DOWNTOWN HISTORIC DISTRICT
400  PORT ST  SAVANNAH GA 31401,,SVR-02977,2027-04-12,2000605020,Southern Belle Vacation Rentals,stvr@southernbellevr.com,9122890130,Type 2: Non-Owner-Occupied STVR Certificate,3,4,6,EmptyFieldDisplayStrategy.HIDE
203 WEST ANDERSON ST  SAVANNAH GA 31401,B,SVR-02978,2027-05-25,2006606019,Francisco Ruiz,francisco@valoremrei.com,4695452255,Type 2: Non-Owner-Occupied STVR Certificate,2,,4,VICTORIAN HISTORIC DISTRICT
201 WEST LIBERTY ST  SAVANNAH GA 31401,100,SVR-02980,2027-04-12,2003116014,Lucky Savannah Vacation Rentals,owners@luckysavannah.com,9124958582,Type 2: Non-Owner-Occupied STVR Certificate,1,1,4,SAVANNAH DOWNTOWN HISTORIC DISTRICT
520 EAST HENRY ST  SAVANNAH GA 31401,,SVR-02981,2027-05-10,2005307004,Erica Leung,erical3399@gmail.com,9127660321,Type 1: Owner-Occupied STVR Certificate,2,2,4,VICTORIAN HISTORIC DISTRICT
411 EAST PARK AVE  SAVANNAH GA 31401,A,SVR-02982,2027-04-22,2005301014,NOLA Re Management Group LLC,compliance@stayheirloom.com,5045070523,Type 2: Non-Owner-Occupied STVR Certificate,3,,6,VICTORIAN HISTORIC DISTRICT
411 EAST PARK AVE  SAVANNAH GA 31401,B,SVR-02983,2027-04-22,2005301014,NOLA Re Management Group LLC,compliance@stayheirloom.com,5045070523,Type 2: Non-Owner-Occupied STVR Certificate,2,,4,VICTORIAN HISTORIC DISTRICT
453  PORT ST  SAVANNAH GA 31401,,SVR-02984,2027-04-22,20006A01030,Vacasa LLC,permitting@vacasa.com,5033459399,Type 2: Non-Owner-Occupied STVR Certificate,3,2,6,EmptyFieldDisplayStrategy.HIDE
224 WEST HUNTINGDON ST  SAVANNAH GA 31401,,SVR-00298,2027-07-31,2004523011A,Lucky Savannah Vacation Rentals,owners@luckysavannah.com,9124958582,Type 2: Non-Owner-Occupied STVR Certificate,3,2,8,SAVANNAH DOWNTOWN HISTORIC DISTRICT
545 EAST LIBERTY LN  SAVANNAH GA 31401,,SVR-00299,2027-01-16,2001413021,24square Inc,24squaresavannah@gmail.com,9787667088,Type 2: Non-Owner-Occupied STVR Certificate,1,,4,SAVANNAH DOWNTOWN HISTORIC DISTRICT
414 EAST TAYLOR ST  SAVANNAH GA 31401,A,SVR-00031,2026-10-26,2003211011,Laura Blake,blake@doncallahan.com,9124141077,Type 2: Non-Owner-Occupied STVR Certificate,2,,6,SAVANNAH DOWNTOWN HISTORIC DISTRICT
201 WEST LIBERTY ST  SAVANNAH GA 31401,101,SVR-00308,2027-02-26,2003116015,Southern Belle Vacation Rentals,stvr@southernbellevr.com,9122890130,Type 2: Non-Owner-Occupied STVR Certificate,1,1,4,SAVANNAH DOWNTOWN HISTORIC DISTRICT
217 EAST TAYLOR ST  SAVANNAH GA 31401,,SVR-00311,2027-08-11,2003229001A,Lucky Savannah Vacation Rentals,owners@luckysavannah.com,9124958582,Type 2: Non-Owner-Occupied STVR Certificate,2,,6,SAVANNAH DOWNTOWN HISTORIC DISTRICT
517 EAST LIBERTY LN  SAVANNAH GA 31401,,SVR-00032,2027-03-05,2001413013,Kevin Escobar,kevin@kescohomes.com,6319548427,Type 2: Non-Owner-Occupied STVR Certificate,1,1,4,SAVANNAH DOWNTOWN HISTORIC DISTRICT
524  PRICE ST  SAVANNAH GA 31401,,SVR-00315,2027-06-03,2003306031,Julie Getty,juliegetty17@gmail.com,9125477559,Type 2: Non-Owner-Occupied STVR Certificate,2,2,6,SAVANNAH DOWNTOWN HISTORIC DISTRICT
223 WEST BROUGHTON ST  SAVANNAH GA 31401,4,SVR-00317,2026-10-15,2001625015,JOHN DILLON,mossandoaksavannah@gmail.com,9126929393,Type 2: Non-Owner-Occupied STVR Certificate,2,,6,SAVANNAH DOWNTOWN HISTORIC DISTRICT
507 EAST PERRY ST  SAVANNAH GA 31401,,SVR-00322,2026-10-01,2001410012,Southern Belle Vacation Rentals,stvr@southernbellevr.com,9122890130,Type 2: Non-Owner-Occupied STVR Certificate,2,1,6,SAVANNAH DOWNTOWN HISTORIC DISTRICT
112 WEST JONES ST  SAVANNAH GA 31401,,SVR-00325,2026-09-19,2001545011,Southern Belle Vacation Rentals,stvr@southernbellevr.com,9122890130,Type 2: Non-Owner-Occupied STVR Certificate,1,1,4,SAVANNAH DOWNTOWN HISTORIC DISTRICT
216 EAST DUFFY ST  SAVANNAH GA 31401,,SVR-00328,2026-10-09,2004434007,Laura Robinson,southerngracegetaways@yahoo.com,9126008086,Type 2: Non-Owner-Occupied STVR Certificate,3,1,8,VICTORIAN HISTORIC DISTRICT
414 EAST JONES LN  SAVANNAH GA 31401,,SVR-00034,2026-10-26,2003211011,Laura Blake,blake@doncallahan.com,9124141077,Type 2: Non-Owner-Occupied STVR Certificate,1,,4,SAVANNAH DOWNTOWN HISTORIC DISTRICT
511  TATTNALL ST  SAVANNAH GA 31401,,SVR-00337,2027-05-04,2004523004,Lucky Savannah Vacation Rentals,owners@luckysavannah.com,9124958582,Type 2: Non-Owner-Occupied STVR Certificate,2,2,6,SAVANNAH DOWNTOWN HISTORIC DISTRICT
207 EAST JONES ST  SAVANNAH GA 31401,,SVR-00347,2027-10-03,2003213002,Powell Pittman,pittmnp@yahoo.com,3342014149,Type 2: Non-Owner-Occupied STVR Certificate,3,2,8,SAVANNAH DOWNTOWN HISTORIC DISTRICT
607  TATTNALL ST  SAVANNAH GA 31401,,SVR-00349,2026-10-03,2004527011,Lucky Savannah Vacation Rentals,owners@luckysavannah.com,9124958582,Type 2: Non-Owner-Occupied STVR Certificate,3,1,8,SAVANNAH DOWNTOWN HISTORIC DISTRICT
310 EAST OGLETHORPE AVE  SAVANNAH GA 31401,Main House,SVR-00364,2026-09-07,2001505012,Lucky Savannah Vacation Rentals,owners@luckysavannah.com,9124958582,Type 2: Non-Owner-Occupied STVR Certificate,2,1,6,SAVANNAH DOWNTOWN HISTORIC DISTRICT
310 EAST OGLETHORPE AVE  SAVANNAH GA 31401,A,SVR-00365,2026-09-07,2001505012,Lucky Savannah Vacation Rentals,owners@luckysavannah.com,9124958582,Type 2: Non-Owner-Occupied STVR Certificate,1,1,4,SAVANNAH DOWNTOWN HISTORIC DISTRICT
508 EAST TAYLOR ST  SAVANNAH GA 31401,,SVR-00366,2026-11-05,2003301034,ANDREW & ANN HARTZELL,ahartzel@bellsouth.net,9128442625,Type 2: Non-Owner-Occupied STVR Certificate,3,1,8,SAVANNAH DOWNTOWN HISTORIC DISTRICT
111  LINCOLN ST  SAVANNAH GA 31401,2-A,SVR-00367,2026-11-02,2000447050,Scott Griffin,griffin.scott@gmail.com,3042684777,Type 2: Non-Owner-Occupied STVR Certificate,2,,6,SAVANNAH DOWNTOWN HISTORIC DISTRICT
535 WEST CHARLTON ST  SAVANNAH GA 31401,,SVR-00371,2026-12-05,2003124011,Tybee Vacation Rentals,ownerservices@tybeevacationrentals.com,9127865853,Type 2: Non-Owner-Occupied STVR Certificate,3,1,8,SAVANNAH DOWNTOWN HISTORIC DISTRICT
506 EAST WALDBURG ST  SAVANNAH GA 31401,,SVR-00379,2027-07-23,2004311014,Brigitta Jass,info@savannahdreamvacations.com,9127137278,Type 2: Non-Owner-Occupied STVR Certificate,3,2,8,VICTORIAN HISTORIC DISTRICT
508 EAST WALDBURG ST  SAVANNAH GA 31401,,SVR-00380,2027-07-23,2004311014,Brigitta Jass,info@savannahdreamvacations.com,9127137278,Type 2: Non-Owner-Occupied STVR Certificate,3,2,8,VICTORIAN HISTORIC DISTRICT
817  ABERCORN ST  SAVANNAH GA 31401,,SVR-00381,2026-12-20,2004413015,Lucky Savannah Vacation Rentals,owners@luckysavannah.com,9124958582,Type 2: Non-Owner-Occupied STVR Certificate,5,2,12,VICTORIAN HISTORIC DISTRICT
117 EAST BAY ST  SAVANNAH GA 31401,901,SVR-00382,2026-11-18,2000416009A,Jessie Gulliver,jessiegulliver@gmail.com,9128567330,Type 2: Non-Owner-Occupied STVR Certificate,2,1,6,SAVANNAH DOWNTOWN HISTORIC DISTRICT
117 EAST BAY ST  SAVANNAH GA 31401,902,SVR-00383,2026-11-18,2000416009A,Jessie Gulliver,jessiegulliver@gmail.com,9128567330,Type 2: Non-Owner-Occupied STVR Certificate,2,1,6,SAVANNAH DOWNTOWN HISTORIC DISTRICT
117 EAST BAY ST  SAVANNAH GA 31401,903,SVR-00384,2026-11-18,2000416009A,Jessie Gulliver,jessiegulliver@gmail.com,9128567330,Type 2: Non-Owner-Occupied STVR Certificate,1,1,4,SAVANNAH DOWNTOWN HISTORIC DISTRICT
410 EAST JONES ST  SAVANNAH GA 31401,A,SVR-00385,2027-07-17,2003210014,Lucky Savannah Vacation Rentals,owners@luckysavannah.com,9124958582,Type 2: Non-Owner-Occupied STVR Certificate,3,,8,SAVANNAH DOWNTOWN HISTORIC DISTRICT
410 EAST JONES ST  SAVANNAH GA 31401,B,SVR-00386,2027-07-17,2003210014,Lucky Savannah Vacation Rentals,owners@luckysavannah.com,9124958582,Type 2: Non-Owner-Occupied STVR Certificate,2,,6,SAVANNAH DOWNTOWN HISTORIC DISTRICT
303 WEST GWINNETT ST  SAVANNAH GA 31401,A,SVR-00389,2027-02-12,2005202006,Peter & Kristen Galloway,petersgalloway@gmail.com,3123109300,Type 2: Non-Owner-Occupied STVR Certificate,1,1,4,VICTORIAN HISTORIC DISTRICT
209 WEST BOLTON ST  SAVANNAH GA 31401,C,SVR-00390,2027-08-05,2004417012,PMI Coastal Georgia,info@pmicoastalga.com,9122722386,Type 2: Non-Owner-Occupied STVR Certificate,2,2,6,VICTORIAN HISTORIC DISTRICT
209 WEST BOLTON ST  SAVANNAH GA 31401,B,SVR-00391,2027-08-05,2004417012,PMI Coastal Georgia,info@pmicoastalga.com,9122722386,Type 2: Non-Owner-Occupied STVR Certificate,4,2,10,VICTORIAN HISTORIC DISTRICT
209 WEST BOLTON ST  SAVANNAH GA 31401,A,SVR-00392,2027-08-05,2004417012,PMI Coastal Georgia,info@pmicoastalga.com,9122722386,Type 2: Non-Owner-Occupied STVR Certificate,2,2,6,VICTORIAN HISTORIC DISTRICT
109 EAST 37TH ST  SAVANNAH GA 31401,,SVR-00400,2027-02-21,2006519002,Ashely Taylor Pabst,taylorpabst@gmail.com,4783191617,Type 2: Non-Owner-Occupied STVR Certificate,4,3,8,STREETCAR HISTORIC DISTRICT
704  ABERCORN ST  SAVANNAH GA 31401,,SVR-00404,2027-06-01,2004406008,Cora Bett Thomas,stvr@cbtrentals.com,9125036652,Type 2: Non-Owner-Occupied STVR Certificate,2,2,6,SAVANNAH DOWNTOWN HISTORIC DISTRICT
111 EAST GWINNETT ST  SAVANNAH GA 31401,1,SVR-00406,2027-06-05,2004413012,JW Management of Savannah LLC,jwmgmt912@gmail.com,9125705070,Type 2: Non-Owner-Occupied STVR Certificate,2,1,6,VICTORIAN HISTORIC DISTRICT
111 EAST GWINNETT ST  SAVANNAH GA 31401,2,SVR-00407,2027-06-05,2004413012,JW Management of Savannah LLC,jwmgmt912@gmail.com,9125705070,Type 2: Non-Owner-Occupied STVR Certificate,1,1,4,VICTORIAN HISTORIC DISTRICT
111 EAST GWINNETT ST  SAVANNAH GA 31401,3,SVR-00408,2027-06-05,2004413012,JW Management of Savannah LLC,jwmgmt912@gmail.com,9125705070,Type 2: Non-Owner-Occupied STVR Certificate,1,1,4,VICTORIAN HISTORIC DISTRICT
827  HOWARD ST  SAVANNAH GA 31401,,SVR-00409,2027-05-04,2004411010,Lucky Savannah Vacation Rentals,owners@luckysavannah.com,9124958582,Type 2: Non-Owner-Occupied STVR Certificate,3,2,8,VICTORIAN HISTORIC DISTRICT
64 EAST BROAD ST  SAVANNAH GA 31401,2,SVR-00414,2027-03-04,2000506021,GINA STONE d/b/a STAY SAVANNAH VACATION RENTALS,staysavannah@bellsouth.net,8889190008,Type 2: Non-Owner-Occupied STVR Certificate,2,1,4,SAVANNAH DOWNTOWN HISTORIC DISTRICT
339  WHITAKER ST  SAVANNAH GA 31401,5,SVR-00420,2027-09-12,2001545026,Anderson VIP Concierge LLC,mary@savannahluxuryrentals.com,9125252022,Type 2: Non-Owner-Occupied STVR Certificate,2,,6,SAVANNAH DOWNTOWN HISTORIC DISTRICT
108 EAST GORDON LN  SAVANNAH GA 31401,Carriage House,SVR-00423,2027-02-25,2003245014,Zuzalley Enterprises,zuzalley@gmail.com,9122201451,Type 2: Non-Owner-Occupied STVR Certificate,1,,4,SAVANNAH DOWNTOWN HISTORIC DISTRICT
549 EAST HARRIS ST  SAVANNAH GA 31401,,SVR-00424,2027-02-25,2001418055,Lucky Savannah Vacation Rentals,owners@luckysavannah.com,9124958582,Type 2: Non-Owner-Occupied STVR Certificate,1,,4,SAVANNAH DOWNTOWN HISTORIC DISTRICT
551 EAST HARRIS ST  SAVANNAH GA 31401,,SVR-00425,2027-02-25,2001418054,Lucky Savannah Vacation Rentals,owners@luckysavannah.com,9124958582,Type 2: Non-Owner-Occupied STVR Certificate,1,,4,SAVANNAH DOWNTOWN HISTORIC DISTRICT
537 EAST GORDON ST  SAVANNAH GA 31401,,SVR-00426,2027-02-25,2003303023,Lucky Savannah Vacation Rentals,owners@luckysavannah.com,9124958582,Type 2: Non-Owner-Occupied STVR Certificate,1,,4,SAVANNAH DOWNTOWN HISTORIC DISTRICT
321 EAST CONGRESS ST  SAVANNAH GA 31401,,SVR-00433,2026-12-28,2000441010,Cora Bett Thomas Rentals and Management,stvr@cbtrentals.com,9125036652,Type 2: Non-Owner-Occupied STVR Certificate,1,1,4,SAVANNAH DOWNTOWN HISTORIC DISTRICT
110  BARNARD ST  SAVANNAH GA 31401,311,SVR-00436,2027-05-29,2000443022,Anderson VIP Concierge LLC,mary@savannahluxuryrentals.com,9125252022,Type 2: Non-Owner-Occupied STVR Certificate,2,,6,SAVANNAH DOWNTOWN HISTORIC DISTRICT
443  WHITAKER ST  SAVANNAH GA 31401,,SVR-00438,2027-08-28,2003242030,Lucky Savannah Vacation Rentals,owners@luckysavannah.com,9124958582,Type 2: Non-Owner-Occupied STVR Certificate,1,,4,SAVANNAH DOWNTOWN HISTORIC DISTRICT
505 EAST PERRY ST  SAVANNAH GA 31401,,SVR-00442,2027-05-23,2001410006,Southern Belle Vacation Rentals,stvr@southernbellevr.com,9122890130,Type 2: Non-Owner-Occupied STVR Certificate,2,1,6,SAVANNAH DOWNTOWN HISTORIC DISTRICT
519 EAST GORDON ST  SAVANNAH GA 31401,Main House,SVR-00443,2027-02-22,2003303054,Mary Anderson d/b/a Anderson VIP Concierge LLC,mary@savannahluxuryrentals.com,9125252022,Type 2: Non-Owner-Occupied STVR Certificate,3,1,8,SAVANNAH DOWNTOWN HISTORIC DISTRICT
305 WEST TAYLOR ST  SAVANNAH GA 31401,Garden,SVR-00444,2027-05-16,2004508014,Cora Bett Thomas Rentals and Management,stvr@cbtrentals.com,9125036652,Type 2: Non-Owner-Occupied STVR Certificate,2,1,4,SAVANNAH DOWNTOWN HISTORIC DISTRICT
119 WEST PARK AVE  SAVANNAH GA 31401,,SVR-00447,2027-07-03,2004430012,Southern Belle Vacation Rentals,stvr@southernbellevr.com,9122890130,Type 2: Non-Owner-Occupied STVR Certificate,6,2,12,VICTORIAN HISTORIC DISTRICT
401   TATTNALL ST  SAVANNAH GA 31401,C,SVR-00450,2027-08-05,2003138001,Southern Belle Vacation Rentals,stvr@southernbellevr.com,9122890130,Type 2: Non-Owner-Occupied STVR Certificate,2,2,6,SAVANNAH DOWNTOWN HISTORIC DISTRICT
116 WEST LIBERTY ST  SAVANNAH GA 31401,A,SVR-00451,2027-05-25,2001527022,Lucky Savannah Vacation Rentals,owners@luckysavannah.com,9124958582,Type 2: Non-Owner-Occupied STVR Certificate,2,1,6,SAVANNAH DOWNTOWN HISTORIC DISTRICT
202 WEST PARK AVE  SAVANNAH GA 31401,B,SVR-00453,2027-04-22,2005215009,CLARA GREIG,clara.greig.2521@gmail.com,6149155698,Type 2: Non-Owner-Occupied STVR Certificate,1,1,4,VICTORIAN HISTORIC DISTRICT
535 EAST CHARLTON LN  SAVANNAH GA 31401,,SVR-00455,2027-02-12,2001419005A,Anderson VIP Concierge LLC,mary@savannahluxuryrentals.com,9125252022,Type 2: Non-Owner-Occupied STVR Certificate,1,,4,SAVANNAH DOWNTOWN HISTORIC DISTRICT
512  TATTNALL ST  SAVANNAH GA 31401,A,SVR-00456,2027-04-17,2003255010,Anderson VIP Concierge LLC,mary@savannahluxuryrentals.com,9125252022,Type 2: Non-Owner-Occupied STVR Certificate,5,2,12,SAVANNAH DOWNTOWN HISTORIC DISTRICT
512   TATTNALL ST  SAVANNAH GA 31401,B,SVR-00457,2027-04-17,2003255010,Anderson VIP Concierge LLC,mary@savannahluxuryrentals.com,9125252022,Type 2: Non-Owner-Occupied STVR Certificate,1,2,4,SAVANNAH DOWNTOWN HISTORIC DISTRICT
129 WEST GORDON ST  SAVANNAH GA 31401,B,SVR-00458,2027-04-17,2003242001,Lucky Savannah Vacation Rentals,owners@luckysavannah.com,9124958582,Type 2: Non-Owner-Occupied STVR Certificate,1,,4,SAVANNAH DOWNTOWN HISTORIC DISTRICT
208 EAST JONES ST  SAVANNAH GA 31401,1,SVR-00459,2026-12-11,2003208019,Lucky Savannah Vacation Rentals,owners@luckysavannah.com,9124958582,Type 2: Non-Owner-Occupied STVR Certificate,1,,4,SAVANNAH DOWNTOWN HISTORIC DISTRICT
525 EAST HARRIS ST  SAVANNAH GA 31401,,SVR-00460,2026-10-02,2001418016,Kevin Escobar d/b/a Kesco Homes,kevin@kescohomes.com,6319548427,Type 2: Non-Owner-Occupied STVR Certificate,2,,4,SAVANNAH DOWNTOWN HISTORIC DISTRICT
230 EAST OGLETHORPE AVE  SAVANNAH GA 31401,B,SVR-00464,2027-02-26,2001506008,Southern Belle Vacation Rentals,stvr@southernbellevr.com,9122890130,Type 2: Non-Owner-Occupied STVR Certificate,4,3,10,SAVANNAH DOWNTOWN HISTORIC DISTRICT
309 EAST HUNTINGDON ST  SAVANNAH GA 31401,A,SVR-00471,2027-05-24,2004402011,Southern Belle Vacation Rentals,stvr@southernbellevr.com,9122890130,Type 2: Non-Owner-Occupied STVR Certificate,1,,4,SAVANNAH DOWNTOWN HISTORIC DISTRICT
126 EAST OGLETHORPE AVE  SAVANNAH GA 31401,B,SVR-00472,2027-07-06,2001507004,Mary Anderson,mary@savannahluxuryrentals.com,9125252022,Type 2: Non-Owner-Occupied STVR Certificate,2,1,6,SAVANNAH DOWNTOWN HISTORIC DISTRICT
619  MONTGOMERY ST  SAVANNAH GA 31401,Main House,SVR-00477,2027-05-30,2004524003,Vacasa LLC,permitting@vacasa.com,5033459399,Type 2: Non-Owner-Occupied STVR Certificate,3,,8,SAVANNAH DOWNTOWN HISTORIC DISTRICT
619   MONTGOMERY ST  SAVANNAH GA 31401,1,SVR-00478,2027-04-12,2004524003,Vacasa LLC,permitting@vacasa.com,5033459399,Type 2: Non-Owner-Occupied STVR Certificate,3,,8,SAVANNAH DOWNTOWN HISTORIC DISTRICT
201 WEST LIBERTY ST  SAVANNAH GA 31401,200,SVR-00481,2027-07-03,2003116016,Lucky Savannah Vacation Rentals,owners@luckysavannah.com,9124958582,Type 2: Non-Owner-Occupied STVR Certificate,1,1,4,SAVANNAH DOWNTOWN HISTORIC DISTRICT
310 WEST BROUGHTON ST  SAVANNAH GA 31401,3010,SVR-00482,2027-07-03,2001615040,Southern Belle Vacation Rentals,stvr@southernbellevr.com,9122890130,Type 2: Non-Owner-Occupied STVR Certificate,1,,4,SAVANNAH DOWNTOWN HISTORIC DISTRICT
165 WEST BAY ST  SAVANNAH GA 31401,603,SVR-00049,2027-05-31,2000413057,Kim Stringer,kim@savannahgetaways.net,9126569517,Type 2: Non-Owner-Occupied STVR Certificate,2,1,6,SAVANNAH DOWNTOWN HISTORIC DISTRICT
349 EAST BROAD ST  SAVANNAH GA 31401,,SVR-00489,2027-10-02,2001419058,ROBERT BILBROUGH JR,dekedeac@bellsouth.net,6789102650,Type 2: Non-Owner-Occupied STVR Certificate,2,,6,SAVANNAH DOWNTOWN HISTORIC DISTRICT
525  HOWARD ST  SAVANNAH GA 31401,,SVR-00496,2027-06-14,2003254016,Anderson VIP Concierge LLC,mary@savannahluxuryrentals.com,9125252022,Type 2: Non-Owner-Occupied STVR Certificate,2,,6,SAVANNAH DOWNTOWN HISTORIC DISTRICT
419 EAST ST JULIAN ST  SAVANNAH GA 31401,,SVR-00497,2027-04-29,2000435003,Mary Anderson d/b/a Anderson VIP Concierge LLC,mary@savannahluxuryrentals.com,9125252022,Type 2: Non-Owner-Occupied STVR Certificate,1,1,4,SAVANNAH DOWNTOWN HISTORIC DISTRICT
218 WEST JONES ST  SAVANNAH GA 31401,,SVR-00499,2027-02-26,2003128007,Southern Belle Vacation Rentals,stvr@southernbellevr.com,9122890130,Type 2: Non-Owner-Occupied STVR Certificate,4,4,10,SAVANNAH DOWNTOWN HISTORIC DISTRICT
418 EAST CHARLTON ST  SAVANNAH GA 31401,,SVR-00501,2027-05-29,2001417006,Rose Ann Williams,secondavenue@aol.com,9126574251,Type 2: Non-Owner-Occupied STVR Certificate,1,,4,SAVANNAH DOWNTOWN HISTORIC DISTRICT
126 EAST HENRY ST  SAVANNAH GA 31401,,SVR-00503,2027-01-08,2005303016,ROY MAYNARD,roy.maynard.rm@gmail.com,9126601200,Type 2: Non-Owner-Occupied STVR Certificate,2,2,6,VICTORIAN HISTORIC DISTRICT
128 EAST HENRY ST  SAVANNAH GA 31401,,SVR-00504,2026-09-30,2005303016,ROY MAYNARD,roy.maynard.rm@gmail.com,9126601200,Type 2: Non-Owner-Occupied STVR Certificate,2,2,6,VICTORIAN HISTORIC DISTRICT
514  TATTNALL ST  SAVANNAH GA 31401,,SVR-00505,2027-05-03,2003255015,Rexanna Lester,rexanna.lester@gmail.com,9128970641,Type 2: Non-Owner-Occupied STVR Certificate,2,,4,SAVANNAH DOWNTOWN HISTORIC DISTRICT
505  TATTNALL ST  SAVANNAH GA 31401,,SVR-00506,2026-10-31,2004523003,Lucky Savannah Vacation Rentals,owners@luckysavannah.com,9124958582,Type 2: Non-Owner-Occupied STVR Certificate,2,1,4,SAVANNAH DOWNTOWN HISTORIC DISTRICT
230 BULL ST SAVANNAH GA 31401,1,SVR-02985,2027-05-10,2001520011,Kasa Living,licensing@kasa.com,6502298455,Type 2: Non-Owner-Occupied STVR Certificate,1,,4,SAVANNAH DOWNTOWN HISTORIC DISTRICT
230 BULL ST SAVANNAH GA 31401,3,SVR-02986,2027-05-10,2001520011,Kasa Living,licensing@kasa.com,6502298455,Type 2: Non-Owner-Occupied STVR Certificate,2,,4,SAVANNAH DOWNTOWN HISTORIC DISTRICT
230 BULL ST SAVANNAH GA 31401,5,SVR-02987,2027-05-10,2001520011,Kasa Living,licensing@kasa.com,6502298455,Type 2: Non-Owner-Occupied STVR Certificate,1,,4,SAVANNAH DOWNTOWN HISTORIC DISTRICT
230 BULL ST SAVANNAH GA 31401,232-2,SVR-02988,2027-05-10,2001520011,Kasa Living,licensing@kasa.com,6502298455,Type 2: Non-Owner-Occupied STVR Certificate,1,,4,SAVANNAH DOWNTOWN HISTORIC DISTRICT
230 BULL ST SAVANNAH GA 31401,232-4,SVR-02989,2027-05-10,2001520011,Kasa Living,licensing@kasa.com,6502298455,Type 2: Non-Owner-Occupied STVR Certificate,1,,4,SAVANNAH DOWNTOWN HISTORIC DISTRICT
230 BULL ST SAVANNAH GA 31401,232-6,SVR-02990,2027-05-10,2001520011,Kasa Living,licensing@kasa.com,6502298455,Type 2: Non-Owner-Occupied STVR Certificate,1,,4,SAVANNAH DOWNTOWN HISTORIC DISTRICT
525 E GWINNETT ST # B SAVANNAH GA 31401,B,SVR-03012,2027-07-02,2004306052,Heng Yi Liao,garyliao1020@gmail.com,9515007496,Type 2: Non-Owner-Occupied STVR Certificate,1,2,4,VICTORIAN HISTORIC DISTRICT
416 PORT ST SAVANNAH GA 31401,,SVR-02991,2027-05-28,2000605025,Lucky Savannah Vacation Rentals,owners@luckysavannah.com,9124958582,Type 2: Non-Owner-Occupied STVR Certificate,3,2,6,EmptyFieldDisplayStrategy.HIDE
308 W TAYLOR ST SAVANNAH GA 31401,,SVR-02992,2027-05-29,2004506031,Cora Bett Thomas Rentals and Management,stvr@cbtrentals.com,9125036652,Type 1: Owner-Occupied STVR Certificate,1,,4,SAVANNAH DOWNTOWN HISTORIC DISTRICT
20 E UPPER FACTORS WALK SAVANNAH GA 31401,,SVR-02993,2027-05-29,2000410028,Michael Arcangelo,24squaresavannah@gmail.com,9787667088,Type 2: Non-Owner-Occupied STVR Certificate,2,2,4,SAVANNAH DOWNTOWN HISTORIC DISTRICT
22 E BAY ST UNIT A SAVANNAH GA 31401,,SVR-02994,2027-05-29,2000410029,Michael Arcangelo,24squaresavannah@gmail.com,9787667088,Type 2: Non-Owner-Occupied STVR Certificate,1,1,4,SAVANNAH DOWNTOWN HISTORIC DISTRICT
22 E BAY ST UNIT B SAVANNAH GA 31401,,SVR-02995,2027-05-29,2000410030,Michael Arcangelo,24squaresavannah@gmail.com,9787667088,Type 2: Non-Owner-Occupied STVR Certificate,1,1,4,SAVANNAH DOWNTOWN HISTORIC DISTRICT
24 E BAY ST UNIT A SAVANNAH GA 31401,,SVR-02996,2027-05-29,2000410031,Michael Arcangelo,24squaresavannah@gmail.com,9787667088,Type 2: Non-Owner-Occupied STVR Certificate,1,1,4,SAVANNAH DOWNTOWN HISTORIC DISTRICT
24 E BAY ST UNIT B SAVANNAH GA 31401,,SVR-02997,2027-05-29,2000410032,Michael Arcangelo,24squaresavannah@gmail.com,9787667088,Type 2: Non-Owner-Occupied STVR Certificate,1,1,4,SAVANNAH DOWNTOWN HISTORIC DISTRICT
523 E GWINNETT ST # A SAVANNAH GA 31401,A,SVR-03001,2027-06-18,2004306049,Chad Krompak,chad.krompak@gmail.com,9122206944,Type 2: Non-Owner-Occupied STVR Certificate,2,1,4,VICTORIAN HISTORIC DISTRICT
313 W BOLTON ST SAVANNAH GA 31401,,SVR-03009,2027-07-01,2005203002B,Lucky Savannah Vacation Rentals,owners@luckysavannah.com,9124958582,Type 2: Non-Owner-Occupied STVR Certificate,2,,4,VICTORIAN HISTORIC DISTRICT
230 HOUSTON ST SAVANNAH GA 31401,1,SVR-03000,2027-06-10,2001409014,Southern Grace Stays,southerngracegetaways@yahoo.com,9126008086,Type 1: Owner-Occupied STVR Certificate,1,2,4,SAVANNAH DOWNTOWN HISTORIC DISTRICT
324 E 32ND ST SAVANNAH GA 31401,Carriage House,SVR-02998,2027-06-06,2005326003,Madeline Phillips,mmphillips22@gmail.com,5028891692,Type 1: Owner-Occupied STVR Certificate,1,,4,STREETCAR HISTORIC DISTRICT
116 E HENRY ST SAVANNAH GA 31401,A,SVR-03027,2027-07-29,2005303004,Lorynne Cadman,info@fptpm.com,3056134564,Type 2: Non-Owner-Occupied STVR Certificate,2,1,4,VICTORIAN HISTORIC DISTRICT
42 E UPPER FACTORS WALK SAVANNAH GA 31401,3,SVR-03005,2027-06-20,2000410011,F Rebecca Schleifer,makeyournestbest@gmail.com,8134468360,Type 2: Non-Owner-Occupied STVR Certificate,2,,4,SAVANNAH DOWNTOWN HISTORIC DISTRICT
116 E HENRY ST SAVANNAH GA 31401,B,SVR-03028,2027-07-29,2005303004,David Johnson,info@fptpm.com,7066627636,Type 2: Non-Owner-Occupied STVR Certificate,2,1,4,VICTORIAN HISTORIC DISTRICT
407 E CHARLTON ST SAVANNAH GA 31401,Upstairs,SVR-03002,2027-06-18,2003210017,Lucky Savannah Vacation Rentals,owners@luckysavannah.com,9124958582,Type 2: Non-Owner-Occupied STVR Certificate,3,1,6,SAVANNAH DOWNTOWN HISTORIC DISTRICT
407 E CHARLTON ST SAVANNAH GA 31401,Garden,SVR-03003,2027-06-18,2003210017,Lucky Savannah Vacation Rentals,owners@luckysavannah.com,9124958582,Type 2: Non-Owner-Occupied STVR Certificate,1,1,4,SAVANNAH DOWNTOWN HISTORIC DISTRICT
506 E BOLTON ST SAVANNAH GA 31401,B,SVR-03004,2027-06-20,2004306036,Laura Robinson,southerngracegetaways@yahoo.com,9126008086,Type 1: Owner-Occupied STVR Certificate,2,2,4,VICTORIAN HISTORIC DISTRICT
506 E BOLTON ST SAVANNAH GA 31401,508 at,SVR-03006,2027-06-21,2004306036,Laura Robinson,southerngracegetaways@yahoo.com,9126008086,Type 1: Owner-Occupied STVR Certificate,3,2,6,VICTORIAN HISTORIC DISTRICT
55 MONTGOMERY ST SAVANNAH GA 31401,3,SVR-03010,2027-07-02,2001616011,Vacasa LLC,permitting@vacasa.com,5033459399,Type 2: Non-Owner-Occupied STVR Certificate,2,,4,SAVANNAH DOWNTOWN HISTORIC DISTRICT
55 MONTGOMERY ST SAVANNAH GA 31401,4,SVR-03011,2027-07-02,2001616011,Vacasa LLC,permitting@vacasa.com,5033459399,Type 2: Non-Owner-Occupied STVR Certificate,3,,6,SAVANNAH DOWNTOWN HISTORIC DISTRICT
524 E ANDERSON ST SAVANNAH GA 31401,,SVR-03007,2027-06-28,2005314010,Laura Robinson,southerngracegetaways@yahoo.com,9126008086,Type 2: Non-Owner-Occupied STVR Certificate,2,2,4,VICTORIAN HISTORIC DISTRICT
524 E ANDERSON ST SAVANNAH GA 31401,526 at,SVR-03008,2027-06-28,2005314010,Laura Robinson,southerngracegetaways@yahoo.com,9126008086,Type 2: Non-Owner-Occupied STVR Certificate,2,2,4,VICTORIAN HISTORIC DISTRICT
518 E GORDON LN SAVANNAH GA 31401,Carriage house,SVR-03013,2027-07-09,2003303054,Mary Anderson,mary@savannahluxuryrentals.com,9125252022,Type 2: Non-Owner-Occupied STVR Certificate,1,1,4,SAVANNAH DOWNTOWN HISTORIC DISTRICT
1002 DRAYTON ST SAVANNAH GA 31401,A,SVR-03021,2027-07-15,2004426011,Joseph Calvanese,joe@calvaneseproperties.com,5184882769,Type 2: Non-Owner-Occupied STVR Certificate,2,,4,VICTORIAN HISTORIC DISTRICT
1002 DRAYTON ST SAVANNAH GA 31401,B,SVR-03022,2027-07-15,2004426011,Joseph Calvanese,joe@calvaneseproperties.com,5184882769,Type 2: Non-Owner-Occupied STVR Certificate,2,,4,VICTORIAN HISTORIC DISTRICT
1002 DRAYTON ST SAVANNAH GA 31401,C,SVR-03023,2027-07-15,2004426011,Joseph Calvanese,joe@calvaneseproperties.com,5184882769,Type 2: Non-Owner-Occupied STVR Certificate,1,,4,VICTORIAN HISTORIC DISTRICT
324 E BRYAN ST SAVANNAH GA 31401,,SVR-03016,2027-07-09,2000418005,Donna Daugherty,timopia@hotmail.com,9122720435,Type 2: Non-Owner-Occupied STVR Certificate,4,1,8,SAVANNAH DOWNTOWN HISTORIC DISTRICT
543 E GORDON ST SAVANNAH GA 31401,,SVR-03014,2027-07-09,2003303036,Lucky Savannah Vacation Rentals,owners@luckysavannah.com,9124958582,Type 2: Non-Owner-Occupied STVR Certificate,2,,4,SAVANNAH DOWNTOWN HISTORIC DISTRICT
450 GEO MEYER AVE SAVANNAH GA 31401,Carriage House,SVR-03017,2027-07-10,2000605041,Lucky Savannah Vacation Rentals,owners@luckysavannah.com,9124958582,Type 2: Non-Owner-Occupied STVR Certificate,1,,4,EmptyFieldDisplayStrategy.HIDE
450 GEO MEYER AVE SAVANNAH GA 31401,Garden Apartment,SVR-03018,2027-07-10,2000605041,Lucky Savannah Vacation Rentals,owners@luckysavannah.com,9124958582,Type 2: Non-Owner-Occupied STVR Certificate,1,,4,EmptyFieldDisplayStrategy.HIDE
208 E JONES ST SAVANNAH GA 31401,3,SVR-03015,2027-07-09,2003208021,Southern Grace Stays,southerngracegetaways@yahoo.com,9126008086,Type 2: Non-Owner-Occupied STVR Certificate,1,,4,SAVANNAH DOWNTOWN HISTORIC DISTRICT
456 PRICE ST SAVANNAH GA 31401,,SVR-03019,2027-07-11,2003303034,Lucky Savannah Vacation Rentals,owners@luckysavannah.com,9124958582,Type 2: Non-Owner-Occupied STVR Certificate,3,4,6,SAVANNAH DOWNTOWN HISTORIC DISTRICT
110 BARNARD ST # 413 SAVANNAH GA 31401,,SVR-03020,2027-07-12,2000443028,Yu Colvard,lucycolvard@gmail.com,9123064098,Type 2: Non-Owner-Occupied STVR Certificate,2,1,4,SAVANNAH DOWNTOWN HISTORIC DISTRICT
1006 DRAYTON ST SAVANNAH GA 31401,,SVR-03025,2027-07-17,2004426010,Stacia Scaduto,theabilenesavannah@gmail.com,2679718027,Type 2: Non-Owner-Occupied STVR Certificate,3,2,6,VICTORIAN HISTORIC DISTRICT
"304 E HALL ST, SAVANNAH, GA, 31401",A,SVR-03033,2027-08-27,2004402008,Lucky Savannah Vacation Rentals,owners@luckysavannah.com,9124958582,Type 1: Owner-Occupied STVR Certificate,2,,4,SAVANNAH DOWNTOWN HISTORIC DISTRICT
"304 E HALL ST, SAVANNAH, GA, 31401",B,SVR-03034,2027-08-27,2004402008,Lucky Savannah Vacation Rentals,owners@luckysavannah.com,9124958582,Type 1: Owner-Occupied STVR Certificate,1,,4,SAVANNAH DOWNTOWN HISTORIC DISTRICT
"304 E HALL ST, SAVANNAH, GA, 31401",C,SVR-03035,2027-08-27,2004402008,Lucky Savannah Vacation Rentals,owners@luckysavannah.com,9124958582,Type 1: Owner-Occupied STVR Certificate,1,,4,SAVANNAH DOWNTOWN HISTORIC DISTRICT
"462 GEO MEYER AVE, SAVANNAH, GA, 31401",Carriage House,SVR-03031,2027-08-26,2000605044,Lucky Savannah Vacation Rentals,owners@luckysavannah.com,9124958582,Type 2: Non-Owner-Occupied STVR Certificate,1,,4,EmptyFieldDisplayStrategy.HIDE
"462 GEO MEYER AVE, SAVANNAH, GA, 31401",Garden Apartment,SVR-03032,2027-08-26,2000605044,Lucky Savannah Vacation Rentals,owners@luckysavannah.com,9124958582,Type 2: Non-Owner-Occupied STVR Certificate,1,,4,EmptyFieldDisplayStrategy.HIDE
"210 E STATE ST 10, SAVANNAH, GA, 31401",,SVR-03037,2027-08-28,2000447019,Alyssa Acker,hostingsavannah@gmail.com,4436104230,Type 2: Non-Owner-Occupied STVR Certificate,1,,4,SAVANNAH DOWNTOWN HISTORIC DISTRICT
"105 WHITAKER ST 202, SAVANNAH, GA, 31401",202,SVR-03040,2027-09-06,2000443035,Southern Belle Vacation Rentals,stvr@southernbellevr.com,9122890130,Type 2: Non-Owner-Occupied STVR Certificate,2,,4,SAVANNAH DOWNTOWN HISTORIC DISTRICT
"101 W GORDON ST B, SAVANNAH, GA, 31401",,SVR-03041,2026-09-09,2003242027,Savannah Getaways,kim@savannahgetaways.net,9126569517,Type 2: Non-Owner-Occupied STVR Certificate,1,,4,SAVANNAH DOWNTOWN HISTORIC DISTRICT
"23 W BROUGHTON ST, SAVANNAH, GA, 31401",E,SVR-03077,2027-01-02,2000444043,Kelly Anderson,kanderson@cabrettacapital.com,9122105203,Type 2: Non-Owner-Occupied STVR Certificate,3,,6,SAVANNAH DOWNTOWN HISTORIC DISTRICT
"23 W BROUGHTON ST, SAVANNAH, GA, 31401",D,SVR-03076,2027-01-02,2000444043,Kelly Anderson,kanderson@cabrettacapital.com,9122105203,Type 2: Non-Owner-Occupied STVR Certificate,3,,6,SAVANNAH DOWNTOWN HISTORIC DISTRICT
"24 E LIBERTY ST 11, SAVANNAH, GA, 31401",,SVR-03042,2026-09-12,2001529049,South Key Management Company,chase@southkeymgmt.com,9128001321,Type 2: Non-Owner-Occupied STVR Certificate,1,,4,SAVANNAH DOWNTOWN HISTORIC DISTRICT
"420 E WALDBURG ST, SAVANNAH, GA, 31401",A,SVR-03043,2026-09-17,2004423015,Lucky Savannah Vacation Rentals,owners@luckysavannah.com,9124958582,Type 2: Non-Owner-Occupied STVR Certificate,2,1,4,VICTORIAN HISTORIC DISTRICT
"420 E WALDBURG ST, SAVANNAH, GA, 31401",B,SVR-03044,2026-09-17,2004423015,Lucky Savannah Vacation Rentals,owners@luckysavannah.com,9124958582,Type 2: Non-Owner-Occupied STVR Certificate,2,1,4,VICTORIAN HISTORIC DISTRICT
"305 W WALDBURG LN, SAVANNAH, GA, 31401",,SVR-03046,2026-09-23,2005214009A,Lucky Savannah Vacation Rentals,owners@luckysavannah.com,9124958582,Type 2: Non-Owner-Occupied STVR Certificate,1,,4,VICTORIAN HISTORIC DISTRICT
"305 W WALDBURG LN, SAVANNAH, GA, 31401",307,SVR-03047,2026-09-25,2005214009A,Lucky Savannah Vacation Rentals,owners@luckysavannah.com,9124958582,Type 2: Non-Owner-Occupied STVR Certificate,1,,4,VICTORIAN HISTORIC DISTRICT
"102 E LIBERTY ST, SAVANNAH, GA, 31401",703,SVR-03052,2026-10-02,2001530028,Lucky Savannah Vacation Rentals,owners@luckysavannah.com,9124958582,Type 2: Non-Owner-Occupied STVR Certificate,2,,4,SAVANNAH DOWNTOWN HISTORIC DISTRICT
"310 W BROUGHTON ST 2010, SAVANNAH, GA, 31401",,SVR-03048,2026-09-26,2001615025,Chase Stahl,chase@southkeymgmt.com,9128001321,Type 2: Non-Owner-Occupied STVR Certificate,1,,4,SAVANNAH DOWNTOWN HISTORIC DISTRICT
"414 E WALDBURG ST, SAVANNAH, GA, 31401",A,SVR-03049,2026-09-26,2004423018,Lucky Savannah Vacation Rentals,owners@luckysavannah.com,9124958582,Type 2: Non-Owner-Occupied STVR Certificate,2,1,4,VICTORIAN HISTORIC DISTRICT
"414 E WALDBURG ST, SAVANNAH, GA, 31401",B,SVR-03050,2026-09-26,2004423018,Lucky Savannah Vacation Rentals,owners@luckysavannah.com,9124958582,Type 2: Non-Owner-Occupied STVR Certificate,2,1,4,VICTORIAN HISTORIC DISTRICT
"212 W HALL ST, SAVANNAH, GA, 31401",A,SVR-03051,2026-10-01,2003256010,Michael Arcangelo,24squaresavannah@gmail.com,9787667088,Type 1: Owner-Occupied STVR Certificate,3,,6,SAVANNAH DOWNTOWN HISTORIC DISTRICT
"212 W HALL ST, SAVANNAH, GA, 31401",Carriage House,SVR-03053,2026-10-02,2003256010,Michael Arcangelo,24squaresavannah@gmail.com,9787667088,Type 1: Owner-Occupied STVR Certificate,1,1,4,SAVANNAH DOWNTOWN HISTORIC DISTRICT
"349 TATTNALL ST, SAVANNAH, GA, 31401",,SVR-03054,2026-10-08,2003127003,Hosting Savannah LLC,hostingsavannah@gmail.com,4436104230,Type 2: Non-Owner-Occupied STVR Certificate,3,,6,SAVANNAH DOWNTOWN HISTORIC DISTRICT
"212 W HALL ST, SAVANNAH, GA, 31401",3,SVR-03055,2026-10-16,2003256010,Michael Arcangelo,24squaresavannah@gmail.com,9787667088,Type 1: Owner-Occupied STVR Certificate,1,,4,SAVANNAH DOWNTOWN HISTORIC DISTRICT
"408 PRICE ST, SAVANNAH, GA, 31401",410,SVR-03061,2026-11-04,2003301003,Araceli Miranda,arelebron@yahoo.com,9123734000,Type 2: Non-Owner-Occupied STVR Certificate,3,1,6,SAVANNAH DOWNTOWN HISTORIC DISTRICT
"408 PRICE ST, SAVANNAH, GA, 31401",,SVR-03060,2026-11-04,2003301003,Lei Miranda,arelebron@yahoo.com,9123734000,Type 2: Non-Owner-Occupied STVR Certificate,3,1,6,SAVANNAH DOWNTOWN HISTORIC DISTRICT
"14 W 43RD ST, SAVANNAH, GA, 31401",12,SVR-03128,2027-04-29,2007414001,ANDREA ROBERTSON,arobertson@inmanpark.com,9124841112,Type 2: Non-Owner-Occupied STVR Certificate,3,1,6,STREETCAR HISTORIC DISTRICT
"14 W 43RD ST, SAVANNAH, GA, 31401",14,SVR-03129,2027-04-29,2007414001,ANDREA ROBERTSON,arobertson@inmanpark.com,9124841112,Type 2: Non-Owner-Occupied STVR Certificate,2,1,4,STREETCAR HISTORIC DISTRICT
"416 E WALDBURG ST, SAVANNAH, GA, 31401",A,SVR-03058,2026-10-29,2004423017,Perla Vasquez,shafiarubeen@gmail.com,9123133177,Type 2: Non-Owner-Occupied STVR Certificate,2,1,4,VICTORIAN HISTORIC DISTRICT
"416 E WALDBURG ST, SAVANNAH, GA, 31401",B,SVR-03059,2026-10-29,2004423017,Perla Vasquez,shafiarubeen@gmail.com,9123133177,Type 2: Non-Owner-Occupied STVR Certificate,2,1,4,VICTORIAN HISTORIC DISTRICT
"421 E CONGRESS ST, SAVANNAH, GA, 31401",,SVR-03056,2026-10-25,2000442001,Lucky Savannah Vacation Rentals,owners@luckysavannah.com,9124958582,Type 2: Non-Owner-Occupied STVR Certificate,3,1,6,SAVANNAH DOWNTOWN HISTORIC DISTRICT
"421 E CONGRESS ST, SAVANNAH, GA, 31401","37 Price Street, Carriage House",SVR-03057,2026-10-25,2000442001,Lucky Savannah Vacation Rentals,owners@luckysavannah.com,9124958582,Type 2: Non-Owner-Occupied STVR Certificate,1,1,4,SAVANNAH DOWNTOWN HISTORIC DISTRICT
"108 W HENRY ST, SAVANNAH, GA, 31401",Upper,SVR-03062,2026-11-04,2004435022,Peter Gasparini,pjgasparini@crimson.ua.edu,6307498599,Type 1: Owner-Occupied STVR Certificate,1,,4,VICTORIAN HISTORIC DISTRICT
"22 E MACON ST, SAVANNAH, GA, 31401",,SVR-03063,2026-11-08,2001541004,Glenn Burnsed,pastorburnsed@yahoo.com,9128441326,Type 2: Non-Owner-Occupied STVR Certificate,5,1,10,SAVANNAH DOWNTOWN HISTORIC DISTRICT
"119 BULL ST, SAVANNAH, GA, 31401",204,SVR-03064,2026-11-18,2000444002,Patrick Bergen,patrick@mintjulepvacationrentals.com,8032370342,Type 2: Non-Owner-Occupied STVR Certificate,1,,4,SAVANNAH DOWNTOWN HISTORIC DISTRICT
"1408 ABERCORN ST, SAVANNAH, GA, 31401",,SVR-03065,2026-11-21,2005318008,Floyd Graham d/b/a Flg Ventures,arvinsingh73@gmail.com,7703138698,Type 2: Non-Owner-Occupied STVR Certificate,3,1,6,VICTORIAN HISTORIC DISTRICT
"1408 ABERCORN ST, SAVANNAH, GA, 31401",1410,SVR-03066,2026-11-21,2005318008,Floyd Graham d/b/a Flg Ventures,arvinsingh73@gmail.com,7703138698,Type 2: Non-Owner-Occupied STVR Certificate,3,1,6,VICTORIAN HISTORIC DISTRICT
"1212 PRICE ST, SAVANNAH, GA, 31401",A,SVR-03068,2026-11-25,2005307013,Robby Shawver,brbpropertiesinc@gmail.com,9126606019,Type 2: Non-Owner-Occupied STVR Certificate,1,1,4,VICTORIAN HISTORIC DISTRICT
"1212 PRICE ST, SAVANNAH, GA, 31401",B,SVR-03069,2026-11-25,2005307013,Robby Shawver,brbpropertiesinc@gmail.com,9126606019,Type 2: Non-Owner-Occupied STVR Certificate,1,1,4,VICTORIAN HISTORIC DISTRICT
"515 PORT ST, SAVANNAH, GA, 31401",,SVR-03067,2026-11-21,2000605065,Mint Julep Vacation Rentals,patrick@mintjulepvacationrentals.com,8032370342,Type 2: Non-Owner-Occupied STVR Certificate,3,4,6,EmptyFieldDisplayStrategy.HIDE
"518 E HARRIS ST, SAVANNAH, GA, 31401",Carriage House,SVR-03070,2026-11-25,2001413014,S Samuel Olin,scotfordo@gmail.com,9124416818,Type 1: Owner-Occupied STVR Certificate,1,1,4,SAVANNAH DOWNTOWN HISTORIC DISTRICT
"544 E DUFFY ST, SAVANNAH, GA, 31401",,SVR-03072,2026-12-03,2004317004,Vacasa LLC,permitting@vacasa.com,5033459399,Type 1: Owner-Occupied STVR Certificate,4,2,8,VICTORIAN HISTORIC DISTRICT
"110 W DUFFY LN, SAVANNAH, GA, 31401",,SVR-03071,2026-11-25,2004435015,Hosting Savannah LLC,hostingsavannah@gmail.com,4436104230,Type 2: Non-Owner-Occupied STVR Certificate,2,1,4,VICTORIAN HISTORIC DISTRICT
"607 HABERSHAM ST, SAVANNAH, GA, 31401",,SVR-03073,2026-12-10,2004402013,Lucky Savannah Vacation Rentals,owners@luckysavannah.com,9124958582,Type 2: Non-Owner-Occupied STVR Certificate,2,,4,SAVANNAH DOWNTOWN HISTORIC DISTRICT
"415 E DUFFY ST, SAVANNAH, GA, 31401",A,SVR-03080,2027-01-10,2005306015,Mitchell Sanderson,mitchellsanderson5@gmail.com,9368287876,Type 1: Owner-Occupied STVR Certificate,2,1,4,VICTORIAN HISTORIC DISTRICT
"415 E DUFFY ST, SAVANNAH, GA, 31401",B,SVR-03081,2027-01-10,2005306016,Mitchell Sanderson,mitchellsanderson5@gmail.com,9368287876,Type 1: Owner-Occupied STVR Certificate,2,1,4,VICTORIAN HISTORIC DISTRICT
"1518 BULL ST, SAVANNAH, GA, 31401",,SVR-03079,2027-01-06,2005323019,Sylvia Jackson-Montgomery,filmcaptive1@gmail.com,7706399797,Type 2: Non-Owner-Occupied STVR Certificate,2,,4,STREETCAR HISTORIC DISTRICT
"535 E GORDON ST, SAVANNAH, GA, 31401",,SVR-03078,2027-01-02,2003303022,Tracy DeWire,tdewire@hotmail.com,6152603700,Type 2: Non-Owner-Occupied STVR Certificate,2,1,4,SAVANNAH DOWNTOWN HISTORIC DISTRICT
"512 E JONES ST, SAVANNAH, GA, 31401",,SVR-03109,2027-02-24,2001419044,Sam Rath,basilcapitalllc@gmail.com,8134211743,Type 2: Non-Owner-Occupied STVR Certificate,3,2,6,SAVANNAH DOWNTOWN HISTORIC DISTRICT
"17 W PARK AVE, SAVANNAH, GA, 31401",1,SVR-03086,2027-01-31,2004431008,Lucky Savannah Vacation Rentals,owners@luckysavannah.com,9124958582,Type 2: Non-Owner-Occupied STVR Certificate,2,1,4,VICTORIAN HISTORIC DISTRICT
"17 W PARK AVE, SAVANNAH, GA, 31401",2,SVR-03087,2027-01-31,2004431008,Lucky Savannah Vacation Rentals,owners@luckysavannah.com,9124958582,Type 2: Non-Owner-Occupied STVR Certificate,2,1,4,VICTORIAN HISTORIC DISTRICT
"17 W PARK AVE, SAVANNAH, GA, 31401",3,SVR-03088,2027-01-31,2004431008,Lucky Savannah Vacation Rentals,owners@luckysavannah.com,9124958582,Type 2: Non-Owner-Occupied STVR Certificate,1,1,4,VICTORIAN HISTORIC DISTRICT
"102 E LIBERTY ST 504, SAVANNAH, GA, 31401",,SVR-03082,2027-01-23,2001530049,Lucky Savannah,owners@luckysavannah.com,9124958582,Type 2: Non-Owner-Occupied STVR Certificate,1,,4,SAVANNAH DOWNTOWN HISTORIC DISTRICT
"111 LINCOLN ST 111-1B, SAVANNAH, GA, 31401",,SVR-03084,2027-01-24,2000447049,Jonathan Burns,bluedawgholler@aol.com,3343012933,Type 2: Non-Owner-Occupied STVR Certificate,2,,4,SAVANNAH DOWNTOWN HISTORIC DISTRICT
"559 E HARRIS ST, SAVANNAH, GA, 31401",,SVR-03083,2027-01-23,2001418030,Beth McIlrath & Heidi Billingsley,heidi_beth1@hotmail.com,9126583790,Type 2: Non-Owner-Occupied STVR Certificate,3,,6,SAVANNAH DOWNTOWN HISTORIC DISTRICT
"524 E GWINNETT LN, SAVANNAH, GA, 31401",,SVR-03085,2027-01-25,2004306045,David Bradley,davidbradley.pg@gmail.com,9126660724,Type 1: Owner-Occupied STVR Certificate,1,1,4,VICTORIAN HISTORIC DISTRICT
"217 W ANDERSON ST, SAVANNAH, GA, 31401",A,SVR-03090,2027-02-07,2006606013,Alyssa Acker d/b/a Hosting Savannah LLC,hostingsavannah@gmail.com,4436104230,Type 2: Non-Owner-Occupied STVR Certificate,2,1,4,VICTORIAN HISTORIC DISTRICT
"223 E GWINNETT ST, SAVANNAH, GA, 31401",B,SVR-03089,2027-02-06,2004414001,Laura Fulayter,hardenhouseinc@yahoo.com,6517757063,Type 2: Non-Owner-Occupied STVR Certificate,1,1,4,VICTORIAN HISTORIC DISTRICT
"217 W ANDERSON ST, SAVANNAH, GA, 31401",B Carriage House,SVR-03107,2027-02-20,2006606013,Alyssa Acker d/b/a Hosting Savannah LLC,hostingsavannah@gmail.com,4436104230,Type 2: Non-Owner-Occupied STVR Certificate,1,1,4,VICTORIAN HISTORIC DISTRICT
"217 W ANDERSON ST, SAVANNAH, GA, 31401",219,SVR-03108,2027-02-20,2006606013,Alyssa Acker d/b/a Hosting Savannah LLC,hostingsavannah@gmail.com,4436104230,Type 2: Non-Owner-Occupied STVR Certificate,3,1,6,VICTORIAN HISTORIC DISTRICT
"546 E CONGRESS ST, SAVANNAH, GA, 31401",,SVR-03091,2027-02-11,2000513002,Justin Jones,jones.justint@gmail.com,7063406975,Type 1: Owner-Occupied STVR Certificate,2,1,4,SAVANNAH DOWNTOWN HISTORIC DISTRICT
"201 E YORK ST, SAVANNAH, GA, 31401",A,SVR-03092,2027-02-11,2001506028,Julie Gates d/b/a Sid Was Here LLC,sid@sidwashere.com,9125744473,Type 2: Non-Owner-Occupied STVR Certificate,2,,4,SAVANNAH DOWNTOWN HISTORIC DISTRICT
"201 E YORK ST, SAVANNAH, GA, 31401",B,SVR-03093,2027-02-11,2001506028,Julie Gates d/b/a Sid Was Here LLC,sid@sidwashere.com,9125744473,Type 2: Non-Owner-Occupied STVR Certificate,2,,4,SAVANNAH DOWNTOWN HISTORIC DISTRICT
"201 E YORK ST, SAVANNAH, GA, 31401",C,SVR-03094,2027-02-11,2001506028,Julie Gates d/b/a Sid Was Here LLC,sid@sidwashere.com,9125744473,Type 2: Non-Owner-Occupied STVR Certificate,2,,4,SAVANNAH DOWNTOWN HISTORIC DISTRICT
"201 E YORK ST, SAVANNAH, GA, 31401",D,SVR-03095,2027-02-11,2001506028,Julie Gates d/b/a Sid Was Here LLC,sid@sidwashere.com,9125744473,Type 2: Non-Owner-Occupied STVR Certificate,2,,4,SAVANNAH DOWNTOWN HISTORIC DISTRICT
"201 E YORK ST, SAVANNAH, GA, 31401",E,SVR-03096,2027-02-11,2001506028,Julie Gates d/b/a Sid Was Here LLC,sid@sidwashere.com,9125744473,Type 2: Non-Owner-Occupied STVR Certificate,2,,4,SAVANNAH DOWNTOWN HISTORIC DISTRICT
"110 BARNARD ST 214, SAVANNAH, GA, 31401",,SVR-03097,2027-02-12,2000443020,Amanda Gjekaj,amanda.donovan@yahoo.com,7707574343,Type 2: Non-Owner-Occupied STVR Certificate,1,,4,SAVANNAH DOWNTOWN HISTORIC DISTRICT
"14 E JONES ST, SAVANNAH, GA, 31401",Garden,SVR-03098,2027-02-18,2003206007,South Key Management Company,chase@southkeymgmt.com,9128001321,Type 2: Non-Owner-Occupied STVR Certificate,1,,4,SAVANNAH DOWNTOWN HISTORIC DISTRICT
"23 E GORDON ST, SAVANNAH, GA, 31401",A,SVR-03104,2027-02-19,2003244011,South Key Management Company,chase@southkeymgmt.com,9128001321,Type 2: Non-Owner-Occupied STVR Certificate,3,1,6,SAVANNAH DOWNTOWN HISTORIC DISTRICT
"23 E GORDON ST, SAVANNAH, GA, 31401",Garden 435 Drayton aka,SVR-03105,2027-02-19,2003244011,South Key Management Company,chase@southkeymgmt.com,9128001321,Type 2: Non-Owner-Occupied STVR Certificate,2,1,4,SAVANNAH DOWNTOWN HISTORIC DISTRICT
"23 E GORDON ST, SAVANNAH, GA, 31401",Carriage House at 437 Drayton aka ,SVR-03106,2027-02-19,2003244011,South Key Management Company,chase@southkeymgmt.com,9128001321,Type 2: Non-Owner-Occupied STVR Certificate,1,,4,SAVANNAH DOWNTOWN HISTORIC DISTRICT
"509 E WALDBURG ST, SAVANNAH, GA, 31401",A,SVR-03101,2027-02-19,2004314021,Carlos Cordero,stayheresavannah@gmail.com,9126503343,Type 1: Owner-Occupied STVR Certificate,3,2,6,VICTORIAN HISTORIC DISTRICT
"509 E WALDBURG ST, SAVANNAH, GA, 31401",B,SVR-03102,2027-02-19,2004314021,Carlos Cordero,stayheresavannah@gmail.com,9126503343,Type 1: Owner-Occupied STVR Certificate,2,2,4,VICTORIAN HISTORIC DISTRICT
"509 E WALDBURG ST, SAVANNAH, GA, 31401",512 Carriage House,SVR-03103,2027-02-19,2004314021,Carlos Cordero,stayheresavannah@gmail.com,9126503343,Type 1: Owner-Occupied STVR Certificate,1,1,4,VICTORIAN HISTORIC DISTRICT
404 UPPER EAST AVE GA 31401,,SVR-03110,2027-02-27,2000632003,Chase Stahl,chase@southkeymgmt.com,9128001321,Type 2: Non-Owner-Occupied STVR Certificate,3,2,6,EmptyFieldDisplayStrategy.HIDE
"341 E BROAD ST, SAVANNAH, GA, 31401",,SVR-03111,2027-03-03,2001419052,Constantina Weil,weilhomes07@gmail.com,9294509501,Type 1: Owner-Occupied STVR Certificate,1,,4,SAVANNAH DOWNTOWN HISTORIC DISTRICT
"504 E PRESIDENT ST, SAVANNAH, GA, 31401",,SVR-03122,2027-04-21,2000524005,Penelope's Playhouse IV LLC,penelopes_place@yahoo.com,2142825159,Type 2: Non-Owner-Occupied STVR Certificate,2,2,4,SAVANNAH DOWNTOWN HISTORIC DISTRICT
"310 W BROUGHTON ST 2006, SAVANNAH, GA, 31401",,SVR-03113,2027-03-10,2001615021,Michael Ruhrkraut,mruhrkraut@yahoo.com,2164072661,Type 2: Non-Owner-Occupied STVR Certificate,1,,4,SAVANNAH DOWNTOWN HISTORIC DISTRICT
"341 E BROAD ST, SAVANNAH, GA, 31401",343,SVR-03112,2027-03-07,2001419052,Constantina Weil,weilhomes07@gmail.com,9294509501,Type 1: Owner-Occupied STVR Certificate,3,,6,SAVANNAH DOWNTOWN HISTORIC DISTRICT
"42 E BAY ST 5, SAVANNAH, GA, 31401",,SVR-03115,2027-03-14,2000410013,Lucky Savannah,owners@luckysavannah.com,9124958582,Type 2: Non-Owner-Occupied STVR Certificate,2,,4,SAVANNAH DOWNTOWN HISTORIC DISTRICT
"14 E 41ST ST, SAVANNAH, GA, 31401",,SVR-03116,2027-03-18,2007404017,Gem Vacation Homes,stay@gemvacationhomes.com,9124219795,Type 2: Non-Owner-Occupied STVR Certificate,2,1,4,STREETCAR HISTORIC DISTRICT
"505 BLAIR ST, SAVANNAH, GA, 31401",,SVR-03117,2027-03-19,2003304036,Carlos Cordero,stayheresavannah@gmail.com,9126503343,Type 2: Non-Owner-Occupied STVR Certificate,2,,4,SAVANNAH DOWNTOWN HISTORIC DISTRICT
"506 E ANDERSON ST, SAVANNAH, GA, 31401",,SVR-03131,2027-05-12,2005314018,Robert Shawver,brbpropertiesinc@gmail.com,9126606019,Type 2: Non-Owner-Occupied STVR Certificate,6,2,12,VICTORIAN HISTORIC DISTRICT
"513 E LIBERTY ST, SAVANNAH, GA, 31401",A,SVR-03118,2027-04-03,2001413026,Alyssa Acker d/b/a Hosting Savannah LLC,hostingsavannah@gmail.com,4436104230,Type 2: Non-Owner-Occupied STVR Certificate,2,1,4,SAVANNAH DOWNTOWN HISTORIC DISTRICT
"513 E LIBERTY ST, SAVANNAH, GA, 31401",B,SVR-03119,2027-04-03,2001413026,Alyssa Acker d/b/a Hosting Savannah LLC,hostingsavannah@gmail.com,4436104230,Type 2: Non-Owner-Occupied STVR Certificate,1,1,4,SAVANNAH DOWNTOWN HISTORIC DISTRICT
"513 E LIBERTY ST, SAVANNAH, GA, 31401",512 E Liberty LN at,SVR-03120,2027-04-03,2001413026,Alyssa Acker d/b/a Hosting Savannah LLC,hostingsavannah@gmail.com,4436104230,Type 2: Non-Owner-Occupied STVR Certificate,1,1,4,SAVANNAH DOWNTOWN HISTORIC DISTRICT
415 UPPER E AVE SAVANNAH GA 31401,,SVR-03121,2027-04-04,2000631009,Amber Montgomery,amontgomery140@gmail.com,9126568895,Type 2: Non-Owner-Occupied STVR Certificate,3,2,6,EmptyFieldDisplayStrategy.HIDE
"410 E GASTON ST, SAVANNAH, GA, 31401",,SVR-03130,2027-05-06,2003248011,Benjamin Hartmere,hartmere@gmail.com,9196490779,Type 1: Owner-Occupied STVR Certificate,4,1,8,SAVANNAH DOWNTOWN HISTORIC DISTRICT
"105 WHITAKER ST 302, SAVANNAH, GA, 31401",,SVR-03123,2027-04-25,2000443039,Lucky Savannah Vacation Rentals,owners@luckysavannah.com,9124958582,Type 2: Non-Owner-Occupied STVR Certificate,2,,4,SAVANNAH DOWNTOWN HISTORIC DISTRICT
403 UPPER EAST AVE SAVANNAH GA 31401,,SVR-03126,2027-04-28,2000631002,Sharath Gudla & Swethasri Maganti,505.portst@gmail.com,3862954147,Type 2: Non-Owner-Occupied STVR Certificate,3,2,6,EmptyFieldDisplayStrategy.HIDE
"102 E LIBERTY ST 403, SAVANNAH, GA, 31401",,SVR-03124,2027-04-28,2001530015,Southern Belle Vacation Rentals,stvr@southernbellevr.com,9122890130,Type 2: Non-Owner-Occupied STVR Certificate,1,,4,SAVANNAH DOWNTOWN HISTORIC DISTRICT
"204 E GASTON ST, SAVANNAH, GA, 31401","204 E. Gordon LN, Carriage House at ",SVR-03132,2027-05-12,2003246017,Lucky Savannah Vacation Rentals,owners@luckysavannah.com,9124958582,Type 1: Owner-Occupied STVR Certificate,1,1,4,SAVANNAH DOWNTOWN HISTORIC DISTRICT
"204 E GASTON ST, SAVANNAH, GA, 31401",B,SVR-03133,2027-05-12,2003246017,Lucky Savannah Vacation Rentals,owners@luckysavannah.com,9124958582,Type 1: Owner-Occupied STVR Certificate,1,,4,SAVANNAH DOWNTOWN HISTORIC DISTRICT
"409 E LIBERTY ST, SAVANNAH, GA, 31401",C,SVR-03138,2027-06-05,2001412013A,Pallas Cotter,ginlatproperties@gmail.com,9126652395,Type 2: Non-Owner-Occupied STVR Certificate,2,1,4,SAVANNAH DOWNTOWN HISTORIC DISTRICT
"210 E STATE ST 9, SAVANNAH, GA, 31401",,SVR-03134,2027-05-16,2000447017,Alyssa Acker d/b/a Hosting Savannah LLC,hostingsavannah@gmail.com,4436104230,Type 2: Non-Owner-Occupied STVR Certificate,1,,4,SAVANNAH DOWNTOWN HISTORIC DISTRICT
"210 E STATE ST 9.5, SAVANNAH, GA, 31401",,SVR-03135,2027-05-16,2000447018,Alyssa Acker d/b/a Hosting Savannah LLC,hostingsavannah@gmail.com,4436104230,Type 2: Non-Owner-Occupied STVR Certificate,1,,4,SAVANNAH DOWNTOWN HISTORIC DISTRICT
"221 E YORK ST, SAVANNAH, GA, 31401",,SVR-03137,2027-05-29,2001506006,Jonathan Bosch,info@jonathanbosch.com,9177702530,Type 1: Owner-Occupied STVR Certificate,6,5,12,SAVANNAH DOWNTOWN HISTORIC DISTRICT
"219 ABERCORN ST E-3, SAVANNAH, GA, 31401",,SVR-03136,2027-05-28,2001515003E,Southern Grace Stays,southerngracegetaways@yahoo.com,9126008086,Type 2: Non-Owner-Occupied STVR Certificate,1,,4,SAVANNAH DOWNTOWN HISTORIC DISTRICT
201 WEST LIBERTY ST  SAVANNAH GA 31401,300,SVR-00508,2026-12-11,2003116018,Southern Belle Vacation Rentals,stvr@southernbellevr.com,9122890130,Type 2: Non-Owner-Occupied STVR Certificate,1,3,4,SAVANNAH DOWNTOWN HISTORIC DISTRICT
"203 W DUFFY ST, SAVANNAH, GA, 31401",,SVR-03147,2027-06-23,2005227027,Miranda Johnson,aversadp@gmail.com,7066625800,Type 2: Non-Owner-Occupied STVR Certificate,2,1,4,VICTORIAN HISTORIC DISTRICT
"513 E CHARLTON ST, SAVANNAH, GA, 31401",,SVR-03139,2027-06-13,2001419029,Grand Oak Stays LLC,carterlibby@hotmail.com,6787599760,Type 2: Non-Owner-Occupied STVR Certificate,3,,6,SAVANNAH DOWNTOWN HISTORIC DISTRICT
"513 E CHARLTON ST, SAVANNAH, GA, 31401",515 at ,SVR-03140,2027-06-13,2001419029,Grand Oak Stays LLC,carterlibby@hotmail.com,6787599760,Type 2: Non-Owner-Occupied STVR Certificate,3,,6,SAVANNAH DOWNTOWN HISTORIC DISTRICT
"113 W PERRY ST, SAVANNAH, GA, 31401",A-Garden,SVR-03141,2027-06-17,2001527004,Mary Anderson,mary@savannahluxuryrentals.com,9125252022,Type 2: Non-Owner-Occupied STVR Certificate,1,,4,SAVANNAH DOWNTOWN HISTORIC DISTRICT
"113 W PERRY ST, SAVANNAH, GA, 31401",B-Parlor,SVR-03142,2027-06-17,2001527004,Mary Anderson,mary@savannahluxuryrentals.com,9125252022,Type 2: Non-Owner-Occupied STVR Certificate,2,,4,SAVANNAH DOWNTOWN HISTORIC DISTRICT
"113 W PERRY ST, SAVANNAH, GA, 31401",C-Penthouse,SVR-03143,2027-06-17,2001527004,Mary Anderson,mary@savannahluxuryrentals.com,9125252022,Type 2: Non-Owner-Occupied STVR Certificate,2,,4,SAVANNAH DOWNTOWN HISTORIC DISTRICT
"123 W GORDON ST, SAVANNAH, GA, 31401",3,SVR-03144,2027-06-18,2003242004,Vacasa LLC,permitting@vacasa.com,5033459399,Type 1: Owner-Occupied STVR Certificate,1,1,4,SAVANNAH DOWNTOWN HISTORIC DISTRICT
"123 W GORDON ST, SAVANNAH, GA, 31401",Carriage House,SVR-03145,2027-06-18,2003242004,Vacasa LLC,permitting@vacasa.com,5033459399,Type 1: Owner-Occupied STVR Certificate,1,1,4,SAVANNAH DOWNTOWN HISTORIC DISTRICT
412 UPPER EAST AVE SAVANNAH GA 31401,,SVR-03146,2027-06-20,2000632008,Southern Belle Vacation Rentals,stvr@southernbellevr.com,9122890130,Type 2: Non-Owner-Occupied STVR Certificate,3,2,6,EmptyFieldDisplayStrategy.HIDE
"437 PORT ST, SAVANNAH, GA, 31401",,SVR-03149,2027-07-11,20006A01026,Cora Bett Thomas,stvr@cbtrentals.com,9125036652,Type 2: Non-Owner-Occupied STVR Certificate,2,2,4,EmptyFieldDisplayStrategy.HIDE
"304 W PARK AVE, SAVANNAH, GA, 31401",A,SVR-03148,2027-07-08,2005214009F,Michael Arcangelo,24squaresavannah@gmail.com,9787667088,Type 1: Owner-Occupied STVR Certificate,2,,4,VICTORIAN HISTORIC DISTRICT
"309 W WALDBURG LN, SAVANNAH, GA, 31401",,SVR-03151,2027-07-17,2005214009,Joseph Calvanese,joe@calvaneseproperties.com,5184882769,Type 2: Non-Owner-Occupied STVR Certificate,1,,4,VICTORIAN HISTORIC DISTRICT
"309 W WALDBURG LN, SAVANNAH, GA, 31401",311 at ,SVR-03152,2027-07-17,2005214009,Joseph Calvanese,joe@calvaneseproperties.com,5184882769,Type 2: Non-Owner-Occupied STVR Certificate,1,,4,VICTORIAN HISTORIC DISTRICT
"310 W BROUGHTON ST 3001, SAVANNAH, GA, 31401",,SVR-03153,2027-07-18,2001615031,Amanda Donovan,amanda.donovan@yahoo.com,7707574343,Type 2: Non-Owner-Occupied STVR Certificate,1,,4,SAVANNAH DOWNTOWN HISTORIC DISTRICT
"118 E GASTON ST, SAVANNAH, GA, 31401",A,SVR-03155,2027-07-24,2003245009,Jessica Copenhaver,118egaston@gmail.com,5405255727,Type 2: Non-Owner-Occupied STVR Certificate,2,,4,SAVANNAH DOWNTOWN HISTORIC DISTRICT
"210 E TAYLOR ST, SAVANNAH, GA, 31401",B,SVR-03156,2027-07-30,2003213013,Michael Arcangelo,24squaresavannah@gmail.com,9787667088,Type 1: Owner-Occupied STVR Certificate,2,1,4,SAVANNAH DOWNTOWN HISTORIC DISTRICT
"110 BARNARD ST 210, SAVANNAH, GA, 31401",,SVR-03157,2027-08-05,2000443016,Southern Belle Vacation Rentals,stvr@southernbellevr.com,9122890130,Type 2: Non-Owner-Occupied STVR Certificate,2,,4,SAVANNAH DOWNTOWN HISTORIC DISTRICT
"308 HABERSHAM ST, SAVANNAH, GA, 31401",,SVR-03167,2027-08-18,2001412021,James Wheeler,jimwheeler84@gmail.com,4042139433,Type 2: Non-Owner-Occupied STVR Certificate,2,1,4,SAVANNAH DOWNTOWN HISTORIC DISTRICT
"514 E OGLETHORPE AVE, SAVANNAH, GA, 31401",,SVR-03158,2027-08-06,2000530005D,Lucky Savannah Vacation Rentals,owners@luckysavannah.com,9124958582,Type 2: Non-Owner-Occupied STVR Certificate,3,,6,SAVANNAH DOWNTOWN HISTORIC DISTRICT
"511 E CONGRESS ST, SAVANNAH, GA, 31401",,SVR-03163,2027-08-15,2000514009A,Laura Robinson,southerngracegetaways@yahoo.com,9126008086,Type 2: Non-Owner-Occupied STVR Certificate,3,2,6,SAVANNAH DOWNTOWN HISTORIC DISTRICT
"525 E BOLTON ST, SAVANNAH, GA, 31401",,SVR-03161,2027-08-14,2004311030,Lucky Savannah Vacation Rentals,owners@luckysavannah.com,9124958582,Type 1: Owner-Occupied STVR Certificate,3,1,6,VICTORIAN HISTORIC DISTRICT
"110 E HARRIS ST, SAVANNAH, GA, 31401",,SVR-03166,2027-08-18,2001533010C,Southern Belle Vacation Rentals,stvr@southernbellevr.com,9122890130,Type 1: Owner-Occupied STVR Certificate,4,3,8,SAVANNAH DOWNTOWN HISTORIC DISTRICT
"9 W GORDON ST, SAVANNAH, GA, 31401","9 W Gordon Lane, Carriage House at",SVR-03162,2027-08-14,2003243005,Allam Garcia,info@pmicoastalga.com,9122722386,Type 2: Non-Owner-Occupied STVR Certificate,1,1,4,SAVANNAH DOWNTOWN HISTORIC DISTRICT
"314 E HUNTINGDON ST, SAVANNAH, GA, 31401",Carriage House 321 E Gaston LN at,SVR-03165,2027-08-15,2003250008,Lucky Savannah Vacation Rentals,owners@luckysavannah.com,9124958582,Type 1: Owner-Occupied STVR Certificate,1,,4,SAVANNAH DOWNTOWN HISTORIC DISTRICT
"418 E LIBERTY ST, SAVANNAH, GA, 31401",Main House,SVR-03164,2027-08-15,2001518016,Chase Stahl,chase@southkeymgmt.com,9128001321,Type 1: Owner-Occupied STVR Certificate,3,1,6,SAVANNAH DOWNTOWN HISTORIC DISTRICT
"408 E HUNTINGDON ST, SAVANNAH, GA, 31401",407 E Gaston LN Carriage House at,SVR-03168,2027-09-04,2003249011,Alyssa Acker,hostingsavannah@gmail.com,4436104230,Type 1: Owner-Occupied STVR Certificate,2,1,4,SAVANNAH DOWNTOWN HISTORIC DISTRICT
"909 HOWARD ST, SAVANNAH, GA, 31401",,SVR-03169,2026-09-04,2004418002,South Key Management Company,chase@southkeymgmt.com,9128001321,Type 1: Owner-Occupied STVR Certificate,3,,6,VICTORIAN HISTORIC DISTRICT
"9 W GORDON ST, SAVANNAH, GA, 31401",Main House,SVR-03170,2027-09-04,2003243005,Allam Garcia,info@pmicoastalga.com,9122722386,Type 2: Non-Owner-Occupied STVR Certificate,3,1,6,SAVANNAH DOWNTOWN HISTORIC DISTRICT
"224 E STATE ST, SAVANNAH, GA, 31401",,SVR-03171,2027-09-05,2000447008,Michael Dyke,mike@thedykefamily.com,7036278033,Type 2: Non-Owner-Occupied STVR Certificate,3,2,6,SAVANNAH DOWNTOWN HISTORIC DISTRICT
"121 W 36TH ST, SAVANNAH, GA, 31401",ADU,SVR-03211,2026-12-03,2006510001A,Lucky Savannah,owners@luckysavannah.com,9124958582,Type 1: Owner-Occupied STVR Certificate,1,2,4,STREETCAR HISTORIC DISTRICT
"522 E BOLTON ST, SAVANNAH, GA, 31401",A,SVR-03172,2027-09-22,2004306057,David Bradley,davidbradley.pg@gmail.com,9126660724,Type 2: Non-Owner-Occupied STVR Certificate,2,1,4,VICTORIAN HISTORIC DISTRICT
"522 E BOLTON ST, SAVANNAH, GA, 31401",B,SVR-03173,2027-09-22,2004306058,David Bradley,davidbradley.pg@gmail.com,9126660724,Type 2: Non-Owner-Occupied STVR Certificate,2,1,4,VICTORIAN HISTORIC DISTRICT
"522 E BOLTON ST, SAVANNAH, GA, 31401",C,SVR-03174,2027-09-22,2004306059,David Bradley,davidbradley.pg@gmail.com,9126660724,Type 2: Non-Owner-Occupied STVR Certificate,2,1,4,VICTORIAN HISTORIC DISTRICT
"522 E BOLTON ST, SAVANNAH, GA, 31401",D,SVR-03175,2027-09-22,2004306060,David Bradley,davidbradley.pg@gmail.com,9126660724,Type 2: Non-Owner-Occupied STVR Certificate,2,1,4,VICTORIAN HISTORIC DISTRICT
"210 E BOLTON ST, SAVANNAH, GA, 31401",212,SVR-03178,2026-09-30,2004414005,Cora Bett Thomas,stvr@cbtrentals.com,9125036652,Type 1: Owner-Occupied STVR Certificate,2,1,4,VICTORIAN HISTORIC DISTRICT
"533 E TAYLOR ST, SAVANNAH, GA, 31401",A,SVR-03176,2027-09-27,2003302005,Southern Belle Vacation Rentals,stvr@southernbellevr.com,9122890130,Type 2: Non-Owner-Occupied STVR Certificate,2,,4,SAVANNAH DOWNTOWN HISTORIC DISTRICT
"533 E TAYLOR ST, SAVANNAH, GA, 31401",B,SVR-03177,2027-09-27,2003302005,Southern Belle Vacation Rentals,stvr@southernbellevr.com,9122890130,Type 2: Non-Owner-Occupied STVR Certificate,2,,4,SAVANNAH DOWNTOWN HISTORIC DISTRICT
"522 E JONES ST, SAVANNAH, GA, 31401",A,SVR-03179,2027-10-01,2001419012,Michael Arcangelo,24squaresavannah@gmail.com,9787667088,Type 2: Non-Owner-Occupied STVR Certificate,2,,4,SAVANNAH DOWNTOWN HISTORIC DISTRICT
"522 E JONES ST, SAVANNAH, GA, 31401",B,SVR-03180,2027-10-01,2001419012,Michael Arcangelo,24squaresavannah@gmail.com,9787667088,Type 2: Non-Owner-Occupied STVR Certificate,3,,6,SAVANNAH DOWNTOWN HISTORIC DISTRICT
"104 W JONES ST, SAVANNAH, GA, 31401",A,SVR-03182,2026-10-07,2001545031,Lucky Savannah,owners@luckysavannah.com,9124958582,Type 1: Owner-Occupied STVR Certificate,3,,6,SAVANNAH DOWNTOWN HISTORIC DISTRICT
407 UPPER EAST AVE SAVANNAH GA 31401,,SVR-03184,2026-10-13,2000631004,Allam Garcia,info@pmicoastalga.com,9122722386,Type 2: Non-Owner-Occupied STVR Certificate,3,3,6,EmptyFieldDisplayStrategy.HIDE
411 UPPER EAST AVE SAVANNAH GA 31401,,SVR-03183,2026-10-13,2000631007,Lucky Savannah Vacation Rentals,owners@luckysavannah.com,9124958582,Type 2: Non-Owner-Occupied STVR Certificate,3,4,6,EmptyFieldDisplayStrategy.HIDE
"1316 ABERCORN ST, SAVANNAH, GA, 31401",,SVR-03187,2026-10-21,2005311018,Perla Vasquez,shafiarubeen@gmail.com,9123133177,Type 2: Non-Owner-Occupied STVR Certificate,4,2,8,VICTORIAN HISTORIC DISTRICT
"214 W HARRIS ST, SAVANNAH, GA, 31401",A,SVR-03185,2026-10-16,2003116011,Southern Belle Vacation Rentals,stvr@southernbellevr.com,9122890130,Type 2: Non-Owner-Occupied STVR Certificate,1,,4,SAVANNAH DOWNTOWN HISTORIC DISTRICT
"214 W HARRIS ST, SAVANNAH, GA, 31401",B,SVR-03186,2026-10-16,2003116011,Southern Belle Vacation Rentals,stvr@southernbellevr.com,9122890130,Type 2: Non-Owner-Occupied STVR Certificate,2,,4,SAVANNAH DOWNTOWN HISTORIC DISTRICT
"541 E MACON ST, SAVANNAH, GA, 31401",,SVR-03190,2026-10-30,2001418046,Jake Grier,dwiner@eatwelldc.com,3018483077,Type 2: Non-Owner-Occupied STVR Certificate,2,2,4,SAVANNAH DOWNTOWN HISTORIC DISTRICT
"536 SEILER AVE, SAVANNAH, GA, 31401",B,SVR-03201,2026-11-17,2006435015,Elizabeth Burgess,sweetburgess@gmail.com,3019196999,Type 1: Owner-Occupied STVR Certificate,3,3,6,STREETCAR HISTORIC DISTRICT
"209 W GORDON ST, SAVANNAH, GA, 31401",Main House,SVR-03188,2026-10-29,2003241026,Arise Property Management,contact@stayatarise.com,9123880845,Type 2: Non-Owner-Occupied STVR Certificate,3,,6,SAVANNAH DOWNTOWN HISTORIC DISTRICT
"209 W GORDON ST, SAVANNAH, GA, 31401","Carriage House, 209 W Gordon LN at",SVR-03189,2026-10-29,2003241026,Arise Property Management,contact@stayatarise.com,9123880845,Type 2: Non-Owner-Occupied STVR Certificate,1,,4,SAVANNAH DOWNTOWN HISTORIC DISTRICT
"101 E 35TH ST, SAVANNAH, GA, 31401",Main House,SVR-03192,2026-11-05,2006504001,Peter Roessler,101starlandeast@gmail.com,2032577377,Type 2: Non-Owner-Occupied STVR Certificate,6,2,12,STREETCAR HISTORIC DISTRICT
"1011 JEFFERSON ST, SAVANNAH, GA, 31401",Main House,SVR-03195,2026-11-10,2005214009B,Christopher Stanley,christopher.stanley@icloud.com,9123413475,Type 1: Owner-Occupied STVR Certificate,1,,4,VICTORIAN HISTORIC DISTRICT
"102 E LIBERTY ST 602, SAVANNAH, GA, 31401",602,SVR-03191,2026-11-05,2001530039,South Key Management Company,chase@southkeymgmt.com,9128001321,Type 2: Non-Owner-Occupied STVR Certificate,1,,4,SAVANNAH DOWNTOWN HISTORIC DISTRICT
"1011 JEFFERSON ST, SAVANNAH, GA, 31401",Accessory Dwelling,SVR-03196,2026-11-10,2005214009B,Christopher Stanley,christopher.stanley@icloud.com,9123413475,Type 1: Owner-Occupied STVR Certificate,1,,4,VICTORIAN HISTORIC DISTRICT
"106 W HENRY ST, SAVANNAH, GA, 31401",Upstairs,SVR-03193,2026-11-07,2004435023,Paul Picinich,picinich13@gmail.com,2019379619,Type 2: Non-Owner-Occupied STVR Certificate,1,,4,VICTORIAN HISTORIC DISTRICT
"106 W HENRY ST, SAVANNAH, GA, 31401",Downstairs,SVR-03194,2026-11-07,2004435023,Paul Picinich,picinich13@gmail.com,2019379619,Type 2: Non-Owner-Occupied STVR Certificate,1,,4,VICTORIAN HISTORIC DISTRICT
"224 W PARK AVE, SAVANNAH, GA, 31401",,SVR-03197,2026-11-10,2005215042,Emily Morris,trippwatt@gmail.com,9124339506,Type 2: Non-Owner-Occupied STVR Certificate,2,,4,VICTORIAN HISTORIC DISTRICT
"505 E MCDONOUGH ST, SAVANNAH, GA, 31401",A,SVR-03204,2026-11-18,2001408003,Carlos Cordero,stayheresavannah@gmail.com,9126503343,Type 2: Non-Owner-Occupied STVR Certificate,1,,4,SAVANNAH DOWNTOWN HISTORIC DISTRICT
"505 E MCDONOUGH ST, SAVANNAH, GA, 31401",B,SVR-03205,2026-11-18,2001408003,Carlos Cordero,stayheresavannah@gmail.com,9126503343,Type 2: Non-Owner-Occupied STVR Certificate,1,,4,SAVANNAH DOWNTOWN HISTORIC DISTRICT
"505 E MCDONOUGH ST, SAVANNAH, GA, 31401",C,SVR-03206,2026-11-18,2001408003,Carlos Cordero,stayheresavannah@gmail.com,9126503343,Type 2: Non-Owner-Occupied STVR Certificate,3,,6,SAVANNAH DOWNTOWN HISTORIC DISTRICT
"507 E BROUGHTON ST, SAVANNAH, GA, 31401",,SVR-03198,2026-11-13,2000516005,Julie Gates d/b/a Sid Was Here LLC,sid@sidwashere.com,9125744473,Type 2: Non-Owner-Occupied STVR Certificate,3,2,6,SAVANNAH DOWNTOWN HISTORIC DISTRICT
"424 BARNARD ST, SAVANNAH, GA, 31401",A,SVR-03199,2026-11-13,2003223001,Lucky Savannah Vacation Rentals,owners@luckysavannah.com,9124958582,Type 2: Non-Owner-Occupied STVR Certificate,3,1,6,SAVANNAH DOWNTOWN HISTORIC DISTRICT
"424 BARNARD ST, SAVANNAH, GA, 31401",B,SVR-03200,2026-11-13,2003223001,Lucky Savannah Vacation Rentals,owners@luckysavannah.com,9124958582,Type 2: Non-Owner-Occupied STVR Certificate,1,1,4,SAVANNAH DOWNTOWN HISTORIC DISTRICT
"121 W HALL ST, SAVANNAH, GA, 31401",D,SVR-03207,2026-11-20,2003262022,Robert Schiffhauer II,rob@prosperity.rentals,7162894998,Type 1: Owner-Occupied STVR Certificate,1,1,4,SAVANNAH DOWNTOWN HISTORIC DISTRICT
"121 W HALL ST, SAVANNAH, GA, 31401",E,SVR-03208,2026-11-20,2003262022,Robert Schiffhauer II,rob@prosperity.rentals,7162894998,Type 1: Owner-Occupied STVR Certificate,2,2,4,SAVANNAH DOWNTOWN HISTORIC DISTRICT
"121 W HALL ST, SAVANNAH, GA, 31401",F,SVR-03209,2026-11-20,2003262022,Robert Schiffhauer II,rob@prosperity.rentals,7162894998,Type 1: Owner-Occupied STVR Certificate,1,1,4,SAVANNAH DOWNTOWN HISTORIC DISTRICT
"121 W HALL ST, SAVANNAH, GA, 31401",H,SVR-03210,2026-11-20,2003262022,Robert Schiffhauer II,rob@prosperity.rentals,7162894998,Type 1: Owner-Occupied STVR Certificate,2,2,4,SAVANNAH DOWNTOWN HISTORIC DISTRICT
"418 E WALDBURG ST, SAVANNAH, GA, 31401",A,SVR-03202,2026-11-18,2004423016,South Key Management Company,chase@southkeymgmt.com,9128001321,Type 2: Non-Owner-Occupied STVR Certificate,2,1,4,VICTORIAN HISTORIC DISTRICT
"418 E WALDBURG ST, SAVANNAH, GA, 31401",B,SVR-03203,2026-11-18,2004423016,South Key Management Company,chase@southkeymgmt.com,9128001321,Type 2: Non-Owner-Occupied STVR Certificate,2,1,4,VICTORIAN HISTORIC DISTRICT
"218 E BOLTON ST, SAVANNAH, GA, 31401",,SVR-03212,2026-12-05,2004414014,Christen Clougherty,christenandgerome@gmail.com,9122204652,Type 2: Non-Owner-Occupied STVR Certificate,4,2,8,VICTORIAN HISTORIC DISTRICT
"12 PRICE ST, SAVANNAH, GA, 31401",,SVR-03213,2026-12-10,2000504010,Chase Stahl,chase@southkeymgmt.com,9128001321,Type 2: Non-Owner-Occupied STVR Certificate,3,1,6,SAVANNAH DOWNTOWN HISTORIC DISTRICT
"411 E CHARLTON ST, SAVANNAH, GA, 31401",Lower,SVR-03214,2026-12-12,2003210004,South Key Management Company,chase@southkeymgmt.com,9128001321,Type 2: Non-Owner-Occupied STVR Certificate,1,1,4,SAVANNAH DOWNTOWN HISTORIC DISTRICT
"105 W OGLETHORPE AVE 1, SAVANNAH, GA, 31401",aka 102,SVR-03215,2026-12-18,2001512003R,Kindred SAV,robert@kindredsav.com,6175712906,Type 2: Non-Owner-Occupied STVR Certificate,3,,6,SAVANNAH DOWNTOWN HISTORIC DISTRICT
"427 E JONES ST, SAVANNAH, GA, 31401",424 E Jones LN Carriage House at,SVR-03250,2027-04-13,2003211024,Corey Eskew,coreyeskew689@gmail.com,9123231025,Type 1: Owner-Occupied STVR Certificate,1,,4,SAVANNAH DOWNTOWN HISTORIC DISTRICT
"412 E TAYLOR ST, SAVANNAH, GA, 31401",Carriage House,SVR-03216,2026-12-29,2003211010,Cora Bett Thomas Rentals and Management,stvr@cbtrentals.com,9125036652,Type 1: Owner-Occupied STVR Certificate,1,1,4,SAVANNAH DOWNTOWN HISTORIC DISTRICT
"412 E TAYLOR ST, SAVANNAH, GA, 31401",Garden,SVR-03217,2026-12-29,2003211010,Cora Bett Thomas Rentals and Management,stvr@cbtrentals.com,9125036652,Type 1: Owner-Occupied STVR Certificate,1,,4,SAVANNAH DOWNTOWN HISTORIC DISTRICT
"411 W CONGRESS ST, SAVANNAH, GA, 31401",5,SVR-03218,2027-01-05,2001616025,Solace Escapes,properties@solaceescapes.com,9049148175,Type 2: Non-Owner-Occupied STVR Certificate,2,,4,SAVANNAH DOWNTOWN HISTORIC DISTRICT
"1010 JEFFERSON ST, SAVANNAH, GA, 31401",,SVR-03220,2027-01-12,2005215025,Todd Robbins,toddarobbins@outlook.com,9123441988,Type 1: Owner-Occupied STVR Certificate,3,1,6,VICTORIAN HISTORIC DISTRICT
"310 W BROUGHTON ST 2008, SAVANNAH, GA, 31401",2008,SVR-03219,2027-01-08,2001615023,Lucky Savannah Vacation Rentals,owners@luckysavannah.com,9124958582,Type 2: Non-Owner-Occupied STVR Certificate,1,,4,SAVANNAH DOWNTOWN HISTORIC DISTRICT
"512 ALTAMAHA ST, SAVANNAH, GA, 31401",,SVR-03221,2027-01-22,2000605074,Medrika Law-Womack,medrika@timbermeadow.org,4437172402,Type 2: Non-Owner-Occupied STVR Certificate,3,4,6,EmptyFieldDisplayStrategy.HIDE
"222 E STATE ST, SAVANNAH, GA, 31401",,SVR-03222,2027-01-23,2000447061,Michael Dyke,mike@luxestvrental.com,7036278033,Type 2: Non-Owner-Occupied STVR Certificate,3,2,6,SAVANNAH DOWNTOWN HISTORIC DISTRICT
"303 W 36TH ST, SAVANNAH, GA, 31401",Carriage House ,SVR-03235,2027-02-18,2006508004,Kevin OKeefe,kevinokeefe825@gmail.com,4044053484,Type 1: Owner-Occupied STVR Certificate,1,1,4,STREETCAR HISTORIC DISTRICT
1014  ABERCORN ST  SAVANNAH GA 31401,,SVR-00509,2026-10-01,2004427012,Southern Belle Vacation Rentals,stvr@southernbellevr.com,9122890130,Type 2: Non-Owner-Occupied STVR Certificate,4,2,10,VICTORIAN HISTORIC DISTRICT
1 E GORDON ST #1 SAVANNAH GA 31401,,SVR-03223,2027-01-27,20032A44001,Chaz Fraser,contact@stayatarise.com,9123880845,Type 2: Non-Owner-Occupied STVR Certificate,2,,4,EmptyFieldDisplayStrategy.HIDE
1 E GORDON ST #2 SAVANNAH GA 31401,,SVR-03224,2027-01-27,20032A44002,Chaz Fraser,contact@stayatarise.com,9123880845,Type 2: Non-Owner-Occupied STVR Certificate,2,,4,EmptyFieldDisplayStrategy.HIDE
1 E GORDON ST #4 SAVANNAH GA 31401,,SVR-03226,2027-01-27,20032A44004,Chaz Fraser,contact@stayatarise.com,9123880845,Type 2: Non-Owner-Occupied STVR Certificate,1,,4,EmptyFieldDisplayStrategy.HIDE
1 E GORDON ST #5 SAVANNAH GA 31401,,SVR-03227,2027-01-27,20032A44005,Chaz Fraser,contact@stayatarise.com,9123880845,Type 2: Non-Owner-Occupied STVR Certificate,1,,4,EmptyFieldDisplayStrategy.HIDE
1 E GORDON ST #6 SAVANNAH GA 31401,,SVR-03228,2027-01-27,20032A44006,Chaz Fraser,contact@stayatarise.com,9123880845,Type 2: Non-Owner-Occupied STVR Certificate,1,,4,EmptyFieldDisplayStrategy.HIDE
440 BULL ST #B SAVANNAH GA 31401,,SVR-03229,2027-01-27,20032A44008,Chaz Fraser,contact@stayatarise.com,9123880845,Type 2: Non-Owner-Occupied STVR Certificate,1,,4,EmptyFieldDisplayStrategy.HIDE
"456 PORT ST, SAVANNAH, GA, 31401",,SVR-03230,2027-01-28,2000605037,Lucky Savannah Vacation Rentals,owners@luckysavannah.com,9124958582,Type 2: Non-Owner-Occupied STVR Certificate,3,4,6,EmptyFieldDisplayStrategy.HIDE
"546 E GASTON ST, SAVANNAH, GA, 31401",,SVR-03231,2027-01-29,2003303048,Chase Stahl,chase@southkeymgmt.com,9128001321,Type 2: Non-Owner-Occupied STVR Certificate,4,2,8,SAVANNAH DOWNTOWN HISTORIC DISTRICT
"110 W 31ST ST, SAVANNAH, GA, 31401",B,SVR-03232,2027-02-03,2006607004,Caroline Antonacci,caantonacci@yahoo.com,4159901258,Type 1: Owner-Occupied STVR Certificate,3,2,6,STREETCAR HISTORIC DISTRICT
"210 E STATE ST 35, SAVANNAH, GA, 31401",,SVR-03233,2027-02-10,2000447044,Alyssa Acker d/b/a Hosting Savannah LLC,hostingsavannah@gmail.com,4436104230,Type 2: Non-Owner-Occupied STVR Certificate,1,,4,SAVANNAH DOWNTOWN HISTORIC DISTRICT
"307 W HUNTINGDON ST, SAVANNAH, GA, 31401",,SVR-03289,2027-07-06,2004525009,Tony Guccio,tony@hometeamvr.com,7279773238,Type 2: Non-Owner-Occupied STVR Certificate,3,,6,SAVANNAH DOWNTOWN HISTORIC DISTRICT
1 E GORDON ST #3 SAVANNAH GA 31401,,SVR-03236,2027-02-25,20032A44003,Hill & Philips Holdings LLC,vintagelv09@gmail.com,9122200200,Type 2: Non-Owner-Occupied STVR Certificate,1,,4,EmptyFieldDisplayStrategy.HIDE
"209 E RIVER ST, SAVANNAH, GA, 31401",212,SVR-03258,2027-05-14,2000411004,David Gaule,dgaule@rivr.re,9123144540,Type 2: Non-Owner-Occupied STVR Certificate,2,,4,SAVANNAH DOWNTOWN HISTORIC DISTRICT
"401 PORT ST, SAVANNAH, GA, 31401",,SVR-03237,2027-03-03,20006A01017,Southern Belle Vacation Rentals,stvr@southernbellevr.com,9122890130,Type 2: Non-Owner-Occupied STVR Certificate,3,2,6,EmptyFieldDisplayStrategy.HIDE
"213 E DUFFY ST, SAVANNAH, GA, 31401",,SVR-03238,2027-03-06,2005304024,Julie Gates d/b/a Sid Was Here LLC,sid@sidwashere.com,9125744473,Type 2: Non-Owner-Occupied STVR Certificate,4,3,8,VICTORIAN HISTORIC DISTRICT
"124 W GASTON ST, SAVANNAH, GA, 31401",446 Barnard at,SVR-03239,2027-03-06,2003242025,24square Inc,24squaresavannah@gmail.com,9787667088,Type 1: Owner-Occupied STVR Certificate,2,,4,SAVANNAH DOWNTOWN HISTORIC DISTRICT
"1321 JEFFERSON ST, SAVANNAH, GA, 31401",1,SVR-03240,2027-03-11,2005229013,Charles Holden,chazwholden@gmail.com,8032004196,Type 2: Non-Owner-Occupied STVR Certificate,1,1,4,VICTORIAN HISTORIC DISTRICT
"1321 JEFFERSON ST, SAVANNAH, GA, 31401",2,SVR-03241,2027-03-11,2005229013,Charles Holden,chazwholden@gmail.com,8032004196,Type 2: Non-Owner-Occupied STVR Certificate,3,2,6,VICTORIAN HISTORIC DISTRICT
"524 E DUFFY ST, SAVANNAH, GA, 31401",,SVR-03245,2027-03-25,2004317008,Allam Garcia d/b/a PMI Coastal GA,info@pmicoastalga.com,9122722386,Type 2: Non-Owner-Occupied STVR Certificate,4,2,8,VICTORIAN HISTORIC DISTRICT
"2602 BARNARD ST, SAVANNAH, GA, 31401",,SVR-03246,2027-03-26,2007423001,Lucky Savannah Vacation Rentals,owners@luckysavannah.com,9124958582,Type 2: Non-Owner-Occupied STVR Certificate,3,2,6,STREETCAR HISTORIC DISTRICT
"116 E OGLETHORPE AVE, SAVANNAH, GA, 31401",Main House,SVR-03242,2027-03-25,2001507007,Arise Property Management,contact@stayatarise.com,9123880845,Type 2: Non-Owner-Occupied STVR Certificate,4,1,8,SAVANNAH DOWNTOWN HISTORIC DISTRICT
"116 E OGLETHORPE AVE, SAVANNAH, GA, 31401",A-117 EAST YORK LN at,SVR-03243,2027-03-25,2001507007,Arise Property Management,contact@stayatarise.com,9123880845,Type 2: Non-Owner-Occupied STVR Certificate,1,1,4,SAVANNAH DOWNTOWN HISTORIC DISTRICT
"116 E OGLETHORPE AVE, SAVANNAH, GA, 31401",B-117 EAST YORK LN at,SVR-03244,2027-03-25,2001507007,Arise Property Management,contact@stayatarise.com,9123880845,Type 2: Non-Owner-Occupied STVR Certificate,1,1,4,SAVANNAH DOWNTOWN HISTORIC DISTRICT
"1117 HABERSHAM ST, SAVANNAH, GA, 31401",,SVR-03257,2027-05-07,2005302003,Neoaka Baker,lyw@nestlystr.com,9124019923,Type 2: Non-Owner-Occupied STVR Certificate,3,,6,VICTORIAN HISTORIC DISTRICT
"210 E STATE ST 2, SAVANNAH, GA, 31401",2,SVR-03247,2027-04-08,2000447010,Carlos Cordero d/ba Stay Here,stayheresavannah@gmail.com,9126503343,Type 2: Non-Owner-Occupied STVR Certificate,1,,4,SAVANNAH DOWNTOWN HISTORIC DISTRICT
"206 W 42ND ST, SAVANNAH, GA, 31401",,SVR-03255,2027-05-04,2007405010,Archer Horner,archerchorner@gmail.com,7342550834,Type 1: Owner-Occupied STVR Certificate,2,1,4,STREETCAR HISTORIC DISTRICT
"918 ABERCORN ST, SAVANNAH, GA, 31401",,SVR-03248,2027-04-08,2004421047,Lucky Savannah Vacation Rentals,owners@luckysavannah.com,9124958582,Type 2: Non-Owner-Occupied STVR Certificate,4,,8,VICTORIAN HISTORIC DISTRICT
"918 ABERCORN ST, SAVANNAH, GA, 31401",202 E Waldburg at ,SVR-03249,2027-04-08,2004421047,Lucky Savannah Vacation Rentals,owners@luckysavannah.com,9124958582,Type 2: Non-Owner-Occupied STVR Certificate,1,,4,VICTORIAN HISTORIC DISTRICT
"507 PORT ST, SAVANNAH, GA, 31401",,SVR-03252,2027-04-24,2000605060,Quintin Cowart d/b/a Cowart Realty Inc,quintincowart@gmail.com,9126675585,Type 2: Non-Owner-Occupied STVR Certificate,3,2,6,EmptyFieldDisplayStrategy.HIDE
"1 W YORK ST D, SAVANNAH, GA, 31401",,SVR-03251,2027-04-22,2001509012D,Alyssa Acker d/b/a Hosting Savannah LLC,hostingsavannah@gmail.com,4436104230,Type 2: Non-Owner-Occupied STVR Certificate,1,,4,SAVANNAH DOWNTOWN HISTORIC DISTRICT
"211 W 40TH ST, SAVANNAH, GA, 31401",A,SVR-03312,2027-08-12,2006545005,Joyce Li,joiceangelali@gmail.com,4152155258,Type 1: Owner-Occupied STVR Certificate,3,3,6,STREETCAR HISTORIC DISTRICT
"214 E PARK AVE, SAVANNAH, GA, 31401",,SVR-03313,2027-08-13,2004427008,Michael Izzo,michael.izzo81@gmail.com,5163756895,Type 1: Owner-Occupied STVR Certificate,3,,6,VICTORIAN HISTORIC DISTRICT
"510 NICOLL ST, SAVANNAH, GA, 31401",,SVR-03253,2027-04-30,2003307024,Joy Spicer,savorsavannahproperties@gmail.com,9125812270,Type 2: Non-Owner-Occupied STVR Certificate,2,,4,SAVANNAH DOWNTOWN HISTORIC DISTRICT
"315 E PARK AVE, SAVANNAH, GA, 31401",,SVR-03256,2027-05-05,2005302019,Evie Hubbert-Gunn,brokenhaloeve@gmail.com,9127137171,Type 2: Non-Owner-Occupied STVR Certificate,3,2,6,VICTORIAN HISTORIC DISTRICT
"408 GEO MEYER AVE, SAVANNAH, GA, 31401",Carriage House,SVR-03254,2027-05-01,2000605053,Cora Bett Thomas Rentals & Management,stvr@cbtrentals.com,9125036652,Type 2: Non-Owner-Occupied STVR Certificate,1,1,4,EmptyFieldDisplayStrategy.HIDE
"16 W OGLETHORPE AVE, SAVANNAH, GA, 31401",C,SVR-03260,2027-05-19,2001509009,Chase Stahl,chase@southkeymgmt.com,9128001321,Type 2: Non-Owner-Occupied STVR Certificate,1,,4,SAVANNAH DOWNTOWN HISTORIC DISTRICT
"308 E STATE ST, SAVANNAH, GA, 31401",,SVR-03259,2027-05-18,2000448006,Michael Dyke,mike@thedykefamily.com,7036278033,Type 1: Owner-Occupied STVR Certificate,4,3,8,SAVANNAH DOWNTOWN HISTORIC DISTRICT
"310 W BROUGHTON ST 3002, SAVANNAH, GA, 31401",3002,SVR-03263,2027-05-26,2001615032,Southern Belle Vacation Rentals,stvr@southernbellevr.com,9122890130,Type 2: Non-Owner-Occupied STVR Certificate,1,,4,SAVANNAH DOWNTOWN HISTORIC DISTRICT
"113 W PERRY ST, SAVANNAH, GA, 31401","D - Carriage House, 113 W Perry LN at",SVR-03261,2027-05-22,2001527004,Mary Anderson,mary@savannahluxuryrentals.com,9125252022,Type 2: Non-Owner-Occupied STVR Certificate,1,,4,SAVANNAH DOWNTOWN HISTORIC DISTRICT
"37 WHITAKER ST C, SAVANNAH, GA, 31401",,SVR-03262,2027-05-22,2000436325,Chase Stahl,chase@southkeymgmt.com,9128001321,Type 2: Non-Owner-Occupied STVR Certificate,2,,4,SAVANNAH DOWNTOWN HISTORIC DISTRICT
"310 W BROUGHTON ST 3016, SAVANNAH, GA, 31401",3016,SVR-03264,2027-05-27,2001615047,Mary Anderson,mary@savannahluxuryrentals.com,9125252022,Type 2: Non-Owner-Occupied STVR Certificate,2,,4,SAVANNAH DOWNTOWN HISTORIC DISTRICT
"326 E BRYAN ST, SAVANNAH, GA, 31401",A,SVR-03265,2027-06-02,2000418004,Chaz Fraser,contact@stayatarise.com,9123880845,Type 1: Owner-Occupied STVR Certificate,1,,4,SAVANNAH DOWNTOWN HISTORIC DISTRICT
"326 E BRYAN ST, SAVANNAH, GA, 31401",B,SVR-03266,2027-06-02,2000418004,Chaz Fraser,contact@stayatarise.com,9123880845,Type 1: Owner-Occupied STVR Certificate,2,,4,SAVANNAH DOWNTOWN HISTORIC DISTRICT
"601 JEFFERSON ST, SAVANNAH, GA, 31401",Lower,SVR-03267,2027-06-03,2004525001,Julie Gates,sid@sidwashere.com,9125744473,Type 2: Non-Owner-Occupied STVR Certificate,2,2,4,SAVANNAH DOWNTOWN HISTORIC DISTRICT
"601 JEFFERSON ST, SAVANNAH, GA, 31401",Upper,SVR-03268,2027-06-03,2004525001,Julie Gates,sid@sidwashere.com,9125744473,Type 2: Non-Owner-Occupied STVR Certificate,2,2,4,SAVANNAH DOWNTOWN HISTORIC DISTRICT
"543 E ANDERSON ST, SAVANNAH, GA, 31401",,SVR-03269,2027-06-09,2005321048,Julie Gates,sid@sidwashere.com,9125744473,Type 2: Non-Owner-Occupied STVR Certificate,3,2,6,VICTORIAN HISTORIC DISTRICT
"312 E LIBERTY ST D, SAVANNAH, GA, 31401",D,SVR-03270,2027-06-10,2001519017H,Southern Belle Vacation Rentals,stvr@southernbellevr.com,9122890130,Type 2: Non-Owner-Occupied STVR Certificate,2,1,4,SAVANNAH DOWNTOWN HISTORIC DISTRICT
"506 E BROUGHTON ST, SAVANNAH, GA, 31401",,SVR-03271,2027-06-11,2000514016,Laura Robinson,southerngracegetaways@yahoo.com,8032422415,Type 2: Non-Owner-Occupied STVR Certificate,4,4,8,SAVANNAH DOWNTOWN HISTORIC DISTRICT
"25 E YORK ST, SAVANNAH, GA, 31401",1,SVR-03272,2027-06-15,2001508008,Cora Bett Thomas,stvr@cbtrentals.com,9125036652,Type 2: Non-Owner-Occupied STVR Certificate,1,1,4,SAVANNAH DOWNTOWN HISTORIC DISTRICT
"25 E YORK ST, SAVANNAH, GA, 31401",2,SVR-03273,2027-06-17,2001508008,Cora Bett Thomas,stvr@cbtrentals.com,9125036652,Type 2: Non-Owner-Occupied STVR Certificate,1,1,4,SAVANNAH DOWNTOWN HISTORIC DISTRICT
"25 E YORK ST, SAVANNAH, GA, 31401",3,SVR-03274,2027-06-17,2001508008,Cora Bett Thomas,stvr@cbtrentals.com,9125036652,Type 2: Non-Owner-Occupied STVR Certificate,1,1,4,SAVANNAH DOWNTOWN HISTORIC DISTRICT
"25 E YORK ST, SAVANNAH, GA, 31401",4,SVR-03275,2027-06-17,2001508008,Cora Bett Thomas,stvr@cbtrentals.com,9125036652,Type 2: Non-Owner-Occupied STVR Certificate,1,1,4,SAVANNAH DOWNTOWN HISTORIC DISTRICT
"234 PRICE ST, SAVANNAH, GA, 31401",,SVR-03276,2027-06-18,2001410007,Chase Stahl,chase@southkeymgmt.com,9128001321,Type 2: Non-Owner-Occupied STVR Certificate,2,,4,SAVANNAH DOWNTOWN HISTORIC DISTRICT
"117 HOUSTON ST, SAVANNAH, GA, 31401",,SVR-03301,2027-08-04,2000516003,Emily Morris,2bridesandabucket@gmail.com,9124339506,Type 2: Non-Owner-Occupied STVR Certificate,2,,4,SAVANNAH DOWNTOWN HISTORIC DISTRICT
"351 MARTIN LUTHER KING BLVD, SAVANNAH, GA, 31401",B,SVR-03277,2027-06-29,2003124003,Allam Garcia,info@pmicoastalga.com,9122722386,Type 2: Non-Owner-Occupied STVR Certificate,2,1,4,SAVANNAH DOWNTOWN HISTORIC DISTRICT
"351 MARTIN LUTHER KING BLVD, SAVANNAH, GA, 31401",C,SVR-03278,2027-06-29,2003124003,Allam Garcia,info@pmicoastalga.com,9122722386,Type 2: Non-Owner-Occupied STVR Certificate,1,1,4,SAVANNAH DOWNTOWN HISTORIC DISTRICT
"117 HOUSTON ST, SAVANNAH, GA, 31401",119,SVR-03302,2027-08-04,2000516003,Emily Morris,2bridesandabucket@gmail.com,9124339506,Type 2: Non-Owner-Occupied STVR Certificate,2,,4,SAVANNAH DOWNTOWN HISTORIC DISTRICT
"24 E JONES ST, SAVANNAH, GA, 31401",1,SVR-03279,2027-07-02,2003206003,Mary Anderson,mary@savannahluxuryrentals.com,9125252022,Type 2: Non-Owner-Occupied STVR Certificate,1,,4,SAVANNAH DOWNTOWN HISTORIC DISTRICT
"24 E JONES ST, SAVANNAH, GA, 31401",2,SVR-03280,2027-07-02,2003206003,Mary Anderson,mary@savannahluxuryrentals.com,9125252022,Type 2: Non-Owner-Occupied STVR Certificate,1,,4,SAVANNAH DOWNTOWN HISTORIC DISTRICT
"24 E JONES ST, SAVANNAH, GA, 31401",3,SVR-03281,2027-07-02,2003206003,Mary Anderson,mary@savannahluxuryrentals.com,9125252022,Type 2: Non-Owner-Occupied STVR Certificate,2,,4,SAVANNAH DOWNTOWN HISTORIC DISTRICT
"24 E JONES ST, SAVANNAH, GA, 31401",4,SVR-03282,2027-07-02,2003206003,Mary Anderson,mary@savannahluxuryrentals.com,9125252022,Type 2: Non-Owner-Occupied STVR Certificate,2,,4,SAVANNAH DOWNTOWN HISTORIC DISTRICT
"514 E DUFFY ST, SAVANNAH, GA, 31401",A,SVR-03300,2027-08-04,2004317032,Penelope Combs,stayduffyco@gmail.com,8455210709,Type 1: Owner-Occupied STVR Certificate,3,1,6,VICTORIAN HISTORIC DISTRICT
"205 W GORDON ST, SAVANNAH, GA, 31401",A,SVR-03283,2027-07-06,2003241003,Lucky Savannah Vacation Rentals,owners@luckysavannah.com,9124958582,Type 2: Non-Owner-Occupied STVR Certificate,3,2,6,SAVANNAH DOWNTOWN HISTORIC DISTRICT
"205 W GORDON ST, SAVANNAH, GA, 31401",B,SVR-03284,2027-07-06,2003241003,Lucky Savannah Vacation Rentals,owners@luckysavannah.com,9124958582,Type 2: Non-Owner-Occupied STVR Certificate,1,1,4,SAVANNAH DOWNTOWN HISTORIC DISTRICT
"207 W GORDON ST, SAVANNAH, GA, 31401",A,SVR-03285,2027-07-06,2003241002,Lucky Savannah Vacation Rentals,owners@luckysavannah.com,9124958582,Type 2: Non-Owner-Occupied STVR Certificate,3,2,6,SAVANNAH DOWNTOWN HISTORIC DISTRICT
"207 W GORDON ST, SAVANNAH, GA, 31401",B,SVR-03286,2027-07-06,2003241002,Lucky Savannah Vacation Rentals,owners@luckysavannah.com,9124958582,Type 2: Non-Owner-Occupied STVR Certificate,1,1,4,SAVANNAH DOWNTOWN HISTORIC DISTRICT
"417 E HALL ST, SAVANNAH, GA, 31401",,SVR-03287,2027-07-06,2004408001,Lucky Savannah Vacation Rentals,owners@luckysavannah.com,9124958582,Type 2: Non-Owner-Occupied STVR Certificate,3,1,6,SAVANNAH DOWNTOWN HISTORIC DISTRICT
"538 E JONES ST, SAVANNAH, GA, 31401",,SVR-03288,2027-07-06,2001419005,Lucky Savannah Vacation Rentals,owners@luckysavannah.com,9124958582,Type 2: Non-Owner-Occupied STVR Certificate,3,1,6,SAVANNAH DOWNTOWN HISTORIC DISTRICT
"215 E GORDON ST, SAVANNAH, GA, 31401",Main House,SVR-03290,2027-07-14,2003246002,Chaz Fraser,contact@stayatarise.com,9123880845,Type 1: Owner-Occupied STVR Certificate,2,1,4,SAVANNAH DOWNTOWN HISTORIC DISTRICT
"215 E GORDON ST, SAVANNAH, GA, 31401",B,SVR-03291,2027-07-14,2003246002,Chaz Fraser,contact@stayatarise.com,9123880845,Type 1: Owner-Occupied STVR Certificate,1,,4,SAVANNAH DOWNTOWN HISTORIC DISTRICT
"215 E GORDON ST, SAVANNAH, GA, 31401",215 E Gordon LN Carriage House,SVR-03292,2027-07-14,2003246002,Chaz Fraser,contact@stayatarise.com,9123880845,Type 1: Owner-Occupied STVR Certificate,1,,4,SAVANNAH DOWNTOWN HISTORIC DISTRICT
"109 W GORDON ST, SAVANNAH, GA, 31401",Carriage House,SVR-03293,2027-07-21,2003242011,Southern Belle Vacation Rentals,stvr@southernbellevr.com,9122890130,Type 2: Non-Owner-Occupied STVR Certificate,1,,4,SAVANNAH DOWNTOWN HISTORIC DISTRICT
"1718 BARNARD ST, SAVANNAH, GA, 31401",1720 Upper Level at ,SVR-03311,2027-08-11,2006628012,Steven States,statessteven@gmail.com,7245259993,Type 1: Owner-Occupied STVR Certificate,2,,4,STREETCAR HISTORIC DISTRICT
"609 TATTNALL ST, SAVANNAH, GA, 31401",609A (1st Floor),SVR-03294,2027-07-23,2004527004,Oscar Tellez,oscar@southernoakrentals.com,9123109148,Type 2: Non-Owner-Occupied STVR Certificate,1,1,4,SAVANNAH DOWNTOWN HISTORIC DISTRICT
"609 TATTNALL ST, SAVANNAH, GA, 31401",611A (1st Floor),SVR-03295,2027-07-23,2004527004,Oscar Tellez,oscar@southernoakrentals.com,9123109148,Type 2: Non-Owner-Occupied STVR Certificate,1,1,4,SAVANNAH DOWNTOWN HISTORIC DISTRICT
"609 TATTNALL ST, SAVANNAH, GA, 31401",609B (2nd Floor),SVR-03296,2027-07-23,2004527004,Oscar Tellez,oscar@southernoakrentals.com,9123109148,Type 2: Non-Owner-Occupied STVR Certificate,2,1,4,SAVANNAH DOWNTOWN HISTORIC DISTRICT
"609 TATTNALL ST, SAVANNAH, GA, 31401",611B (2nd Floor),SVR-03297,2027-07-23,2004527004,Oscar Tellez,oscar@southernoakrentals.com,9123109148,Type 2: Non-Owner-Occupied STVR Certificate,2,1,4,SAVANNAH DOWNTOWN HISTORIC DISTRICT
"101 E 35TH ST, SAVANNAH, GA, 31401",1916 Drayton St - Upper Unit,SVR-03298,2027-07-28,2006504001,Peter Roessler,101starlandeast@gmail.com,2032577377,Type 2: Non-Owner-Occupied STVR Certificate,1,1,4,STREETCAR HISTORIC DISTRICT
"101 E 35TH ST, SAVANNAH, GA, 31401",1918 Drayton St - Lower Unit,SVR-03299,2027-07-28,2006504001,Peter Roessler,101starlandeast@gmail.com,2032577377,Type 2: Non-Owner-Occupied STVR Certificate,1,1,4,STREETCAR HISTORIC DISTRICT
"110 BARNARD ST 213, SAVANNAH, GA, 31401",,SVR-03307,2027-08-06,2000443019,Lucky Savannah Vacation Rentals,owners@luckysavannah.com,9124958582,Type 2: Non-Owner-Occupied STVR Certificate,4,1,8,SAVANNAH DOWNTOWN HISTORIC DISTRICT
"520 E BRYAN ST, SAVANNAH, GA, 31401",,SVR-03309,2027-08-07,2000504003A,Southern Belle Vacation Rentals,stvr@southernbellevr.com,9122890130,Type 2: Non-Owner-Occupied STVR Certificate,4,2,8,SAVANNAH DOWNTOWN HISTORIC DISTRICT
"517 E LIBERTY ST, SAVANNAH, GA, 31401",A,SVR-03303,2027-08-06,2001413028,Chaz Fraser,contact@stayatarise.com,9123880845,Type 2: Non-Owner-Occupied STVR Certificate,2,1,4,SAVANNAH DOWNTOWN HISTORIC DISTRICT
"517 E LIBERTY ST, SAVANNAH, GA, 31401",B,SVR-03304,2027-08-06,2001413028,Chaz Fraser,contact@stayatarise.com,9123880845,Type 2: Non-Owner-Occupied STVR Certificate,1,1,4,SAVANNAH DOWNTOWN HISTORIC DISTRICT
"517 E LIBERTY ST, SAVANNAH, GA, 31401","516 E Liberty LN, Carriage House at ",SVR-03305,2027-08-06,2001413028,Chaz Fraser,contact@stayatarise.com,9123880845,Type 2: Non-Owner-Occupied STVR Certificate,1,,4,SAVANNAH DOWNTOWN HISTORIC DISTRICT
"304 E STATE ST, SAVANNAH, GA, 31401",Garden,SVR-03310,2027-08-10,2000448008,Cora Bett Thomas,stvr@cbtrentals.com,9125036652,Type 1: Owner-Occupied STVR Certificate,1,1,4,SAVANNAH DOWNTOWN HISTORIC DISTRICT
"314 E HUNTINGDON ST, SAVANNAH, GA, 31401",Garden,SVR-03306,2027-08-06,2003250008,Lucky Savannah Vacation Rentals,owners@luckysavannah.com,9124958582,Type 1: Owner-Occupied STVR Certificate,1,,4,SAVANNAH DOWNTOWN HISTORIC DISTRICT
"508 E GORDON ST, SAVANNAH, GA, 31401",,SVR-03308,2027-08-06,2003302024,Lucky Savannah Vacation Rentals,owners@luckysavannah.com,9124958582,Type 2: Non-Owner-Occupied STVR Certificate,3,,6,SAVANNAH DOWNTOWN HISTORIC DISTRICT
"529 E JONES ST, SAVANNAH, GA, 31401",,SVR-03314,2027-08-27,2003301013,Chaz Fraser,contact@stayatarise.com,9123880845,Type 2: Non-Owner-Occupied STVR Certificate,2,1,4,SAVANNAH DOWNTOWN HISTORIC DISTRICT
315 WEST WALDBURG ST  SAVANNAH GA 31401,B,SVR-00510,2027-01-29,2005214004,Tybee Vacation Rentals,ownerservices@tybeevacationrentals.com,9127865853,Type 2: Non-Owner-Occupied STVR Certificate,3,2,8,VICTORIAN HISTORIC DISTRICT
315 WEST WALDBURG ST  SAVANNAH GA 31401,A,SVR-00511,2027-01-29,2005214004,Tybee Vacation Rentals,ownerservices@tybeevacationrentals.com,9127865853,Type 2: Non-Owner-Occupied STVR Certificate,1,,4,VICTORIAN HISTORIC DISTRICT
312 EAST LIBERTY ST  SAVANNAH GA 31401,G,SVR-00512,2027-02-25,2001519017B,Southern Belle Vacation Rentals,stvr@southernbellevr.com,9122890130,Type 2: Non-Owner-Occupied STVR Certificate,2,,6,SAVANNAH DOWNTOWN HISTORIC DISTRICT
312 EAST LIBERTY ST  SAVANNAH GA 31401,A,SVR-00513,2027-01-17,2001519017D,Southern Belle Vacation Rentals,stvr@southernbellevr.com,9122890130,Type 2: Non-Owner-Occupied STVR Certificate,1,,4,SAVANNAH DOWNTOWN HISTORIC DISTRICT
322 WEST BOLTON ST  SAVANNAH GA 31401,,SVR-00517,2027-03-12,2005202011,DEBORAH FISCHER,debbie@savannahrumrunnersbakery.com,6142066179,Type 2: Non-Owner-Occupied STVR Certificate,1,1,4,VICTORIAN HISTORIC DISTRICT
519 EAST JONES ST  SAVANNAH GA 31401,C,SVR-00518,2027-07-03,2003301043,JUNE ALSTON,alstonjune@gmail.com,9513787752,Type 2: Non-Owner-Occupied STVR Certificate,1,,4,SAVANNAH DOWNTOWN HISTORIC DISTRICT
413  TATTNALL ST  SAVANNAH GA 31401,,SVR-00525,2027-07-16,2003138008,Lucky Savannah Vacation Rentals,owners@luckysavannah.com,9124958582,Type 2: Non-Owner-Occupied STVR Certificate,3,1,6,SAVANNAH DOWNTOWN HISTORIC DISTRICT
823  HOWARD ST  SAVANNAH GA 31401,,SVR-00053,2027-03-26,2004411011,Kimberly A Porter,ishou@adth.com,9122570429,Type 2: Non-Owner-Occupied STVR Certificate,2,2,4,VICTORIAN HISTORIC DISTRICT
339  WHITAKER ST  SAVANNAH GA 31401,1,SVR-00526,2027-01-08,2001545022,Lucky Savannah Vacation Rentals,owners@luckysavannah.com,9124958582,Type 2: Non-Owner-Occupied STVR Certificate,2,,6,SAVANNAH DOWNTOWN HISTORIC DISTRICT
1010  DRAYTON ST  SAVANNAH GA 31401,A,SVR-00528,2027-01-29,2004426009,Lucky Savannah Vacation Rentals,owners@luckysavannah.com,9124958582,Type 2: Non-Owner-Occupied STVR Certificate,3,,8,VICTORIAN HISTORIC DISTRICT
1010  DRAYTON ST  SAVANNAH GA 31401,B,SVR-00529,2027-01-29,2004426009,Lucky Savannah Vacation Rentals,owners@luckysavannah.com,9124958582,Type 2: Non-Owner-Occupied STVR Certificate,2,,8,VICTORIAN HISTORIC DISTRICT
"117 LINCOLN ST 117-5B, SAVANNAH, GA, 31401",,SVR-00534,2027-07-29,2000447057,Linda Laforce,lmmack1@msn.com,9123133142,Type 2: Non-Owner-Occupied STVR Certificate,2,,4,SAVANNAH DOWNTOWN HISTORIC DISTRICT
502 EAST BROUGHTON ST  SAVANNAH GA 31401,,SVR-00054,2027-04-05,2000514013,Julie Wade,juliemwade@gmail.com,9123322455,Type 2: Non-Owner-Occupied STVR Certificate,2,6,4,SAVANNAH DOWNTOWN HISTORIC DISTRICT
535 EAST CONGRESS ST  SAVANNAH GA 31401,B,SVR-00537,2027-08-20,2000515015,ANDREW & BROOKE WILFORD,awilford@jasminequarters.com,9123444467,Type 2: Non-Owner-Occupied STVR Certificate,2,1,6,SAVANNAH DOWNTOWN HISTORIC DISTRICT
535 EAST CONGRESS ST  SAVANNAH GA 31401,C,SVR-00538,2027-08-20,2000515015,ANDREW & BROOKE WILFORD,awilford@jasminequarters.com,9123444467,Type 2: Non-Owner-Occupied STVR Certificate,1,1,6,SAVANNAH DOWNTOWN HISTORIC DISTRICT
165 WEST BAY ST  SAVANNAH GA 31401,402,SVR-00544,2027-07-24,2000413049,Southern Belle Vacation Rentals,stvr@southernbellevr.com,9122890130,Type 2: Non-Owner-Occupied STVR Certificate,2,1,4,SAVANNAH DOWNTOWN HISTORIC DISTRICT
129 WEST GORDON ST  SAVANNAH GA 31401,A,SVR-00551,2027-07-26,2003242001,Lucky Savannah Vacation Rentals,owners@luckysavannah.com,9124958582,Type 2: Non-Owner-Occupied STVR Certificate,2,,6,SAVANNAH DOWNTOWN HISTORIC DISTRICT
104 EAST HARRIS ST  SAVANNAH GA 31401,,SVR-00552,2027-07-24,2001533015,Martin & Coleen Hogan,mshogan68@hotmail.com,9124842676,Type 2: Non-Owner-Occupied STVR Certificate,2,,6,SAVANNAH DOWNTOWN HISTORIC DISTRICT
17 EAST JONES ST  SAVANNAH GA 31401,B,SVR-00553,2026-10-02,2003215005,Cora Bett Thomas Rentals and Management,stvr@cbtrentals.com,9125036652,Type 2: Non-Owner-Occupied STVR Certificate,1,,4,SAVANNAH DOWNTOWN HISTORIC DISTRICT
911  JEFFERSON ST  SAVANNAH GA 31401,,SVR-00556,2027-02-21,2005203013,B&B Vacation Rentals LLC,annbinsavannah@gmail.com,9122101670,Type 2: Non-Owner-Occupied STVR Certificate,4,2,10,VICTORIAN HISTORIC DISTRICT
201 WEST WALDBURG ST  SAVANNAH GA 31401,A,SVR-00557,2027-07-09,2005215008,Patrick Bergen and Christie Bergen,christie.ahr@gmail.com,8032370342,Type 2: Non-Owner-Occupied STVR Certificate,3,2,8,VICTORIAN HISTORIC DISTRICT
549 EAST MACON ST  SAVANNAH GA 31401,,SVR-00558,2027-06-12,2001418042,Janet Wagner,jwmgmt912@gmail.com,9125705070,Type 2: Non-Owner-Occupied STVR Certificate,1,1,4,SAVANNAH DOWNTOWN HISTORIC DISTRICT
300 WEST HENRY ST  SAVANNAH GA 31401,,SVR-00559,2026-10-15,2005226007,Cora Bett Thomas Rentals & Management,stvr@cbtrentals.com,9125036652,Type 2: Non-Owner-Occupied STVR Certificate,3,,6,VICTORIAN HISTORIC DISTRICT
508 EAST YORK ST  SAVANNAH GA 31401,,SVR-00560,2027-07-16,2000528008,Anderson VIP Concierge LLC,mary@savannahluxuryrentals.com,9125252022,Type 2: Non-Owner-Occupied STVR Certificate,1,,4,SAVANNAH DOWNTOWN HISTORIC DISTRICT
107 EAST PARK AVE  SAVANNAH GA 31401,2,SVR-00563,2027-07-25,2004433015,Michael Arcangelo,24squaresavannah@gmail.com,9787667088,Type 2: Non-Owner-Occupied STVR Certificate,1,1,4,VICTORIAN HISTORIC DISTRICT
221 WEST HENRY ST  SAVANNAH GA 31401,B,SVR-00565,2027-06-17,2005228002,Southern Belle Vacation Rentals,stvr@southernbellevr.com,9122890130,Type 2: Non-Owner-Occupied STVR Certificate,3,2,8,VICTORIAN HISTORIC DISTRICT
165 WEST BAY ST  SAVANNAH GA 31401,501,SVR-00566,2027-08-10,2000413052,Kim Stringer & Lynne Purser,kim@savannahgetaways.net,9126569517,Type 2: Non-Owner-Occupied STVR Certificate,2,1,6,SAVANNAH DOWNTOWN HISTORIC DISTRICT
527 EAST GWINNETT ST  SAVANNAH GA 31401,,SVR-00569,2027-06-19,2004306043,David Bradley,davidbradley.pg@gmail.com,9122243493,Type 2: Non-Owner-Occupied STVR Certificate,1,1,4,VICTORIAN HISTORIC DISTRICT
529 EAST GWINNETT ST  SAVANNAH GA 31401,,SVR-00571,2027-06-19,2004306044,David Bradley,davidbradley.pg@gmail.com,9122243493,Type 2: Non-Owner-Occupied STVR Certificate,1,1,4,VICTORIAN HISTORIC DISTRICT
234  HABERSHAM ST  SAVANNAH GA 31401,,SVR-00574,2027-05-23,2001518010,Southern Belle Vacation Rentals,stvr@southernbellevr.com,9122890130,Type 2: Non-Owner-Occupied STVR Certificate,3,1,8,SAVANNAH DOWNTOWN HISTORIC DISTRICT
721  BARNARD ST  SAVANNAH GA 31401,,SVR-00580,2027-02-13,2004531018,Twila Brown,oliver.maccoll@gmail.com,4782904679,Type 2: Non-Owner-Occupied STVR Certificate,2,2,6,SAVANNAH DOWNTOWN HISTORIC DISTRICT
312 EAST LIBERTY ST  SAVANNAH GA 31401,H,SVR-00584,2027-07-12,2001519017E,Lucky Savannah Vacation Rentals,owners@luckysavannah.com,9124958582,Type 2: Non-Owner-Occupied STVR Certificate,2,,6,SAVANNAH DOWNTOWN HISTORIC DISTRICT
103 EAST PARK AVE  SAVANNAH GA 31401,,SVR-00587,2027-07-09,2004433013,Ander Jenkins,mjenkins@igc.org,9127479789,Type 2: Non-Owner-Occupied STVR Certificate,4,6,8,VICTORIAN HISTORIC DISTRICT
125 EAST JONES ST  SAVANNAH GA 31401,A,SVR-00594,2027-02-25,2003214013,ANDREW ACUFF,andrewacuff@gmail.com,9126604939,Type 2: Non-Owner-Occupied STVR Certificate,2,,6,SAVANNAH DOWNTOWN HISTORIC DISTRICT
124 EAST LIBERTY ST  SAVANNAH GA 31401,D,SVR-00599,2027-02-19,2001530008,Lucky Savannah Vacation Rentals,owners@luckysavannah.com,9124958582,Type 2: Non-Owner-Occupied STVR Certificate,1,,4,SAVANNAH DOWNTOWN HISTORIC DISTRICT
124 EAST LIBERTY ST SAVANNAH GA 31401,E,SVR-00600,2027-06-01,2001530008,Lucky Savannah Vacation Rentals,owners@luckysavannah.com,9124958582,Type 2: Non-Owner-Occupied STVR Certificate,1,,4,SAVANNAH DOWNTOWN HISTORIC DISTRICT
901  WHITAKER ST  SAVANNAH GA 31401,1,SVR-00604,2027-08-26,2004419001C,Lucky Savannah Vacation Rentals,owners@luckysavannah.com,9124958582,Type 2: Non-Owner-Occupied STVR Certificate,1,,4,VICTORIAN HISTORIC DISTRICT
901  WHITAKER ST  SAVANNAH GA 31401,2,SVR-00605,2027-08-26,2004419001C,Lucky Savannah Vacation Rentals,owners@luckysavannah.com,9124958582,Type 2: Non-Owner-Occupied STVR Certificate,1,,4,VICTORIAN HISTORIC DISTRICT
539 EAST MACON ST  SAVANNAH GA 31401,,SVR-00006,2027-07-06,2001418047,Lucky Savannah Vacation Rentals,owners@luckysavannah.com,9124958582,Type 2: Non-Owner-Occupied STVR Certificate,2,2,6,SAVANNAH DOWNTOWN HISTORIC DISTRICT
901  WHITAKER ST  SAVANNAH GA 31401,3,SVR-00606,2027-08-26,2004419001C,Lucky Savannah Vacation Rentals,owners@luckysavannah.com,9124958582,Type 2: Non-Owner-Occupied STVR Certificate,1,,4,VICTORIAN HISTORIC DISTRICT
903  WHITAKER ST  SAVANNAH GA 31401,1,SVR-00607,2027-08-26,2004419001B,Lucky Savannah Vacation Rentals,owners@luckysavannah.com,9124958582,Type 2: Non-Owner-Occupied STVR Certificate,1,,4,VICTORIAN HISTORIC DISTRICT
903  WHITAKER ST  SAVANNAH GA 31401,2,SVR-00608,2027-08-26,2004419001B,Lucky Savannah Vacation Rentals,owners@luckysavannah.com,9124958582,Type 2: Non-Owner-Occupied STVR Certificate,1,,4,VICTORIAN HISTORIC DISTRICT
903  WHITAKER ST  SAVANNAH GA 31401,3,SVR-00609,2027-08-26,2004419001B,Lucky Savannah Vacation Rentals,owners@luckysavannah.com,9124958582,Type 2: Non-Owner-Occupied STVR Certificate,1,,4,VICTORIAN HISTORIC DISTRICT
905  WHITAKER ST  SAVANNAH GA 31401,1,SVR-00610,2027-08-26,2004419001A,Lucky Savannah Vacation Rentals,owners@luckysavannah.com,9124958582,Type 2: Non-Owner-Occupied STVR Certificate,1,,4,VICTORIAN HISTORIC DISTRICT
905  WHITAKER ST  SAVANNAH GA 31401,2,SVR-00611,2027-08-26,2004419001A,Lucky Savannah Vacation Rentals,owners@luckysavannah.com,9124958582,Type 2: Non-Owner-Occupied STVR Certificate,1,,4,VICTORIAN HISTORIC DISTRICT
905  WHITAKER ST  SAVANNAH GA 31401,3,SVR-00612,2027-08-26,2004419001A,Lucky Savannah Vacation Rentals,owners@luckysavannah.com,9124958582,Type 2: Non-Owner-Occupied STVR Certificate,1,,4,VICTORIAN HISTORIC DISTRICT
201 WEST LIBERTY ST  SAVANNAH GA 31401,301,SVR-00613,2027-06-14,2003116019,Lucky Savannah Vacation Rentals,owners@luckysavannah.com,9124958582,Type 2: Non-Owner-Occupied STVR Certificate,1,1,4,SAVANNAH DOWNTOWN HISTORIC DISTRICT
301 EAST CHARLTON ST  SAVANNAH GA 31401,A,SVR-00620,2027-06-05,2003209001,Lucky Savannah Vacation Rentals,owners@luckysavannah.com,9124958582,Type 2: Non-Owner-Occupied STVR Certificate,2,,6,SAVANNAH DOWNTOWN HISTORIC DISTRICT
331  TATTNALL ST  SAVANNAH GA 31401,Main House,SVR-00621,2027-01-16,2003121003,Southern Belle Vacation Rentals,stvr@southernbellevr.com,9122890130,Type 2: Non-Owner-Occupied STVR Certificate,2,2,6,SAVANNAH DOWNTOWN HISTORIC DISTRICT
21 EAST GORDON ST  SAVANNAH GA 31401,B,SVR-00624,2027-02-22,2003244016,Nicole Elliott,nicole.elliott@greyspaces.com,8186490340,Type 2: Non-Owner-Occupied STVR Certificate,2,,6,SAVANNAH DOWNTOWN HISTORIC DISTRICT
220 EAST BOLTON ST  SAVANNAH GA 31401,A,SVR-00625,2027-07-24,2004414015,Christen Clougherty,christenandgerome@gmail.com,9122204652,Type 2: Non-Owner-Occupied STVR Certificate,2,1,6,VICTORIAN HISTORIC DISTRICT
521  HOWARD ST  SAVANNAH GA 31401,,SVR-00064,2027-03-28,2003254012,Lucky Savannah Vacation Rentals,owners@luckysavannah.com,9124958582,Type 2: Non-Owner-Occupied STVR Certificate,2,,4,SAVANNAH DOWNTOWN HISTORIC DISTRICT
224 EAST BOLTON ST  SAVANNAH GA 31401,A,SVR-00627,2027-07-24,2004414015,Christen Clougherty,christenandgerome@gmail.com,9122204652,Type 2: Non-Owner-Occupied STVR Certificate,2,1,6,VICTORIAN HISTORIC DISTRICT
538 EAST CHARLTON ST  SAVANNAH GA 31401,,SVR-00629,2027-06-13,2001418036,Janet Wagner,jwmgmt912@gmail.com,9125705070,Type 2: Non-Owner-Occupied STVR Certificate,2,,6,SAVANNAH DOWNTOWN HISTORIC DISTRICT
102 EAST 35TH ST  SAVANNAH GA 31401,3,SVR-00632,2027-02-04,2006501012,SOUTHERN BELLE VACATION RENTALS,stvr@southernbellevr.com,9122890130,Type 2: Non-Owner-Occupied STVR Certificate,1,1,4,STREETCAR HISTORIC DISTRICT
102 EAST 35TH ST  SAVANNAH GA 31401,1B,SVR-00633,2027-02-04,2006501012,SOUTHERN BELLE VACATION RENTALS,stvr@southernbellevr.com,9122890130,Type 2: Non-Owner-Occupied STVR Certificate,1,1,4,STREETCAR HISTORIC DISTRICT
542 EAST ST JULIAN ST  SAVANNAH GA 31401,,SVR-00635,2026-12-18,2000511002,Demple Orr,kjoltki@yahoo.com,9124840164,Type 2: Non-Owner-Occupied STVR Certificate,4,1,10,SAVANNAH DOWNTOWN HISTORIC DISTRICT
114 EAST GASTON ST  SAVANNAH GA 31401,A,SVR-00638,2027-02-12,2003245011,Zuzalley Enterprises LLC,zuzalley@gmail.com,9122201451,Type 2: Non-Owner-Occupied STVR Certificate,1,,4,SAVANNAH DOWNTOWN HISTORIC DISTRICT
115 EAST PARK AVE  SAVANNAH GA 31401,A,SVR-00643,2026-12-20,2004433032,Mark Tiberio,marktiberio512@gmail.com,7049070106,Type 2: Non-Owner-Occupied STVR Certificate,2,2,6,VICTORIAN HISTORIC DISTRICT
21 EAST GORDON ST  SAVANNAH GA 31401,C,SVR-00644,2027-02-25,2003244017,Nicole Elliott,nicole.elliott@greyspaces.com,8186490340,Type 2: Non-Owner-Occupied STVR Certificate,2,,4,SAVANNAH DOWNTOWN HISTORIC DISTRICT
21 EAST GORDON ST  SAVANNAH GA 31401,A,SVR-00645,2027-02-25,2003244015,Nicole Elliott,nicole.elliott@greyspaces.com,8186490340,Type 2: Non-Owner-Occupied STVR Certificate,2,,6,SAVANNAH DOWNTOWN HISTORIC DISTRICT
520 EAST GASTON ST  SAVANNAH GA 31401,,SVR-00646,2027-03-11,2003303043,Lucky Savannah Vacation Rentals,owners@luckysavannah.com,9124958582,Type 2: Non-Owner-Occupied STVR Certificate,4,2,8,SAVANNAH DOWNTOWN HISTORIC DISTRICT
507 EAST CONGRESS ST  SAVANNAH GA 31401,,SVR-00649,2027-03-04,2000514022,Southern Belle Vacation Rentals,stvr@southernbellevr.com,9122890130,Type 2: Non-Owner-Occupied STVR Certificate,4,2,10,SAVANNAH DOWNTOWN HISTORIC DISTRICT
101 EAST GASTON ST  SAVANNAH GA 31401,5-B,SVR-00651,2026-11-20,2003260015,Beth McIlrath,rech4@icloud.com,9126583790,Type 2: Non-Owner-Occupied STVR Certificate,1,2,4,SAVANNAH DOWNTOWN HISTORIC DISTRICT
212 WEST BAY ST  SAVANNAH GA 31401,5,SVR-00652,2026-12-20,2000309019,Lucky Savannah Vacation Rentals,owners@luckysavannah.com,9124958582,Type 2: Non-Owner-Occupied STVR Certificate,2,2,6,SAVANNAH DOWNTOWN HISTORIC DISTRICT
303 WEST GWINNETT ST  SAVANNAH GA 31401,B,SVR-00653,2027-02-12,2005202006,Peter & Kristen Galloway,petersgalloway@gmail.com,3123109300,Type 2: Non-Owner-Occupied STVR Certificate,1,1,4,VICTORIAN HISTORIC DISTRICT
303 WEST GWINNETT ST  SAVANNAH GA 31401,C,SVR-00654,2027-02-12,2005202006,Peter & Kristen Galloway,petersgalloway@gmail.com,3123109300,Type 2: Non-Owner-Occupied STVR Certificate,1,1,4,VICTORIAN HISTORIC DISTRICT
303 WEST GWINNETT ST  SAVANNAH GA 31401,D,SVR-00655,2027-02-12,2005202006,Peter & Kristen Galloway,petersgalloway@gmail.com,3123109300,Type 2: Non-Owner-Occupied STVR Certificate,1,1,4,VICTORIAN HISTORIC DISTRICT
415 EAST GORDON ST  SAVANNAH GA 31401,,SVR-00656,2026-12-20,2003248007,Ryan Smith,rsmitheit17@outlook.com,9122100165,Type 2: Non-Owner-Occupied STVR Certificate,3,,8,SAVANNAH DOWNTOWN HISTORIC DISTRICT
313 WEST WALDBURG ST  SAVANNAH GA 31401,B,SVR-00657,2027-01-30,2005214017,SEANA CORONA,corona.seana01@gmail.com,6502085777,Type 2: Non-Owner-Occupied STVR Certificate,1,,4,VICTORIAN HISTORIC DISTRICT
313 WEST WALDBURG ST  SAVANNAH GA 31401,A,SVR-00658,2027-01-30,2005214017,SEANA CORONA,corona.seana01@gmail.com,6502085777,Type 2: Non-Owner-Occupied STVR Certificate,3,1,8,VICTORIAN HISTORIC DISTRICT
202 WEST BROUGHTON ST  SAVANNAH GA 31401,200,SVR-00661,2027-02-04,2001614200,JW Management of Savannah LLC,jwmgmt912@gmail.com,9125705070,Type 2: Non-Owner-Occupied STVR Certificate,1,,4,SAVANNAH DOWNTOWN HISTORIC DISTRICT
540 EAST TAYLOR ST  SAVANNAH GA 31401,B,SVR-00068,2027-04-16,2003301023,Vacasa LLC,permitting@vacasa.com,5033459399,Type 2: Non-Owner-Occupied STVR Certificate,2,2,6,SAVANNAH DOWNTOWN HISTORIC DISTRICT
113 EAST GWINNETT ST  SAVANNAH GA 31401,1,SVR-00671,2027-02-12,2004413013,Scott Griffin,griffin.scott@gmail.com,3042684777,Type 2: Non-Owner-Occupied STVR Certificate,2,1,6,VICTORIAN HISTORIC DISTRICT
113 EAST GWINNETT ST  SAVANNAH GA 31401,2,SVR-00672,2027-02-12,2004413013,Scott Griffin,griffin.scott@gmail.com,3042684777,Type 2: Non-Owner-Occupied STVR Certificate,1,1,4,VICTORIAN HISTORIC DISTRICT
113 EAST GWINNETT ST  SAVANNAH GA 31401,3,SVR-00673,2027-02-12,2004413013,Scott Griffin,griffin.scott@gmail.com,3042684777,Type 2: Non-Owner-Occupied STVR Certificate,1,1,4,VICTORIAN HISTORIC DISTRICT
540 EAST TAYLOR ST  SAVANNAH GA 31401,A,SVR-00069,2027-04-16,2003301023,Vacasa LLC,permitting@vacasa.com,5033459399,Type 2: Non-Owner-Occupied STVR Certificate,2,2,6,SAVANNAH DOWNTOWN HISTORIC DISTRICT
116 WEST LIBERTY ST  SAVANNAH GA 31401,C,SVR-00676,2027-08-16,2001527024,Lucky Savannah Vacation Rentals,owners@luckysavannah.com,9124958582,Type 2: Non-Owner-Occupied STVR Certificate,2,2,6,SAVANNAH DOWNTOWN HISTORIC DISTRICT
301 EAST PARK AVE  SAVANNAH GA 31401,,SVR-00690,2027-04-08,2005302014,Chase Stahl d/b/a South Key Management Company,chase@southkeymgmt.com,9128001321,Type 2: Non-Owner-Occupied STVR Certificate,2,,4,VICTORIAN HISTORIC DISTRICT
206 WEST GWINNETT ST  SAVANNAH GA 31401,,SVR-00694,2027-04-09,2004531008,Chase Stahl d/b/a South Key Management Company,chase@southkeymgmt.com,9128001321,Type 2: Non-Owner-Occupied STVR Certificate,3,1,8,SAVANNAH DOWNTOWN HISTORIC DISTRICT
208 WEST GWINNETT ST  SAVANNAH GA 31401,,SVR-00695,2027-04-09,2004531008,Chase Stahl d/b/a South Key Management Company,chase@southkeymgmt.com,9128001321,Type 2: Non-Owner-Occupied STVR Certificate,3,1,8,SAVANNAH DOWNTOWN HISTORIC DISTRICT
121 WEST WALDBURG ST  SAVANNAH GA 31401,,SVR-00696,2026-12-17,2004424006,Michael Lastfogel,forsythpark@icloud.com,9125085890,Type 2: Non-Owner-Occupied STVR Certificate,3,,8,VICTORIAN HISTORIC DISTRICT
123 WEST WALDBURG ST  SAVANNAH GA 31401,,SVR-00697,2026-12-17,2004424006,Michael Lastfogel,forsythpark@icloud.com,9125085890,Type 2: Non-Owner-Occupied STVR Certificate,3,,8,VICTORIAN HISTORIC DISTRICT
2500  LARKIN AVE  SAVANNAH GA 31404,,SVR-00698,2027-03-13,2005910001,Margaret Emily Jones,mejones721@gmail.com,9128442321,Type 2: Non-Owner-Occupied STVR Certificate,2,1,6,EmptyFieldDisplayStrategy.HIDE
224 EAST DUFFY ST  SAVANNAH GA 31401,A,SVR-00700,2027-02-25,2004434004,THOMAS OXNARD,toxnard@gmail.com,9126564228,Type 2: Non-Owner-Occupied STVR Certificate,1,,4,VICTORIAN HISTORIC DISTRICT
205 EAST HENRY ST  SAVANNAH GA 31401,,SVR-00701,2027-02-25,2005311021,Prodigal Properties,prodigalproperties@yahoo.com,9122242548,Type 2: Non-Owner-Occupied STVR Certificate,4,3,10,VICTORIAN HISTORIC DISTRICT
538 EAST GASTON ST  SAVANNAH GA 31401,,SVR-00702,2027-03-29,2003303046,DONNA GALLAGHER,nubian7979@yahoo.com,9122477420,Type 2: Non-Owner-Occupied STVR Certificate,3,2,8,SAVANNAH DOWNTOWN HISTORIC DISTRICT
15 EAST HARRIS ST  SAVANNAH GA 31401,,SVR-00703,2027-02-12,2001541001,Southern Belle Vacation Rentals,stvr@southernbellevr.com,9122890130,Type 2: Non-Owner-Occupied STVR Certificate,1,,4,SAVANNAH DOWNTOWN HISTORIC DISTRICT
217  ABERCORN ST  SAVANNAH GA 31401,A-1,SVR-00704,2026-10-30,2001515001A,Rendezvous Property Management LLC,info@rpropmgt.com,9125251160,Type 2: Non-Owner-Occupied STVR Certificate,1,,4,SAVANNAH DOWNTOWN HISTORIC DISTRICT
116 WEST LIBERTY ST  SAVANNAH GA 31401,D,SVR-00705,2027-06-05,2001527025,Lucky Savannah Vacation Rentals,owners@luckysavannah.com,9124958582,Type 2: Non-Owner-Occupied STVR Certificate,2,2,6,SAVANNAH DOWNTOWN HISTORIC DISTRICT
48 EAST BROAD ST  SAVANNAH GA 31401,,SVR-00707,2027-01-09,2000506016,Charles Owens,charlesowens123@att.net,2293228290,Type 2: Non-Owner-Occupied STVR Certificate,2,,4,SAVANNAH DOWNTOWN HISTORIC DISTRICT
50 EAST BROAD ST  SAVANNAH GA 31401,12,SVR-00708,2027-04-03,2000506019,GINA STONE d/b/a STAY SAVANNAH VACATION RENTALS,staysavannah@bellsouth.net,8889190008,Type 2: Non-Owner-Occupied STVR Certificate,1,1,4,SAVANNAH DOWNTOWN HISTORIC DISTRICT
64 EAST BROAD ST  SAVANNAH GA 31401,1,SVR-00709,2027-03-04,2000506021,GINA STONE d/b/a STAY SAVANNAH VACATION RENTALS,staysavannah@bellsouth.net,8889190008,Type 2: Non-Owner-Occupied STVR Certificate,2,1,4,SAVANNAH DOWNTOWN HISTORIC DISTRICT
422  PRICE ST  SAVANNAH GA 31401,,SVR-00711,2027-03-26,2003302030,South Key Management Company,chase@southkeymgmt.com,9128001321,Type 2: Non-Owner-Occupied STVR Certificate,2,,4,SAVANNAH DOWNTOWN HISTORIC DISTRICT
535 EAST LIBERTY LN  SAVANNAH GA 31401,,SVR-00713,2027-05-14,2001413017,Cora Bett Thomas Rentals and Management,stvr@cbtrentals.com,9125036652,Type 2: Non-Owner-Occupied STVR Certificate,1,,4,SAVANNAH DOWNTOWN HISTORIC DISTRICT
107 EAST PARK AVE  SAVANNAH GA 31401,3,SVR-00716,2027-04-17,2004433015,24square Inc,24squaresavannah@gmail.com,9787667088,Type 2: Non-Owner-Occupied STVR Certificate,1,1,4,VICTORIAN HISTORIC DISTRICT
214 EAST GWINNETT LN  SAVANNAH GA 31401,A,SVR-00719,2026-10-09,2004414011,Linda Cave,lindaocave@gmail.com,7407743422,Type 2: Non-Owner-Occupied STVR Certificate,2,1,4,VICTORIAN HISTORIC DISTRICT
214 EAST GWINNETT LN  SAVANNAH GA 31401,B,SVR-00720,2026-10-09,2004414011,JAMES & LINDA O CAVE,lindaocave@gmail.com,7407038024,Type 2: Non-Owner-Occupied STVR Certificate,1,1,4,VICTORIAN HISTORIC DISTRICT
417  WHITAKER ST  SAVANNAH GA 31401,,SVR-00722,2026-10-29,2003217028,Lucky Savannah Vacation Rentals,owners@luckysavannah.com,9124958582,Type 2: Non-Owner-Occupied STVR Certificate,2,,4,SAVANNAH DOWNTOWN HISTORIC DISTRICT
28  HOUSTON ST  SAVANNAH GA 31401,,SVR-00723,2026-10-29,2000513005A,Lucky Savannah Vacation Rentals,owners@luckysavannah.com,9124958582,Type 2: Non-Owner-Occupied STVR Certificate,3,,6,SAVANNAH DOWNTOWN HISTORIC DISTRICT
716   PRICE ST  SAVANNAH GA 31401,,SVR-00724,2027-02-25,2004302052,Anderson VIP Concierge LLC,mary@savannahluxuryrentals.com,9125252022,Type 2: Non-Owner-Occupied STVR Certificate,3,1,8,SAVANNAH DOWNTOWN HISTORIC DISTRICT
536 EAST GWINNETT ST  SAVANNAH GA 31401,A,SVR-00074,2027-03-26,2004302005,Tom Houston,mp@pharealty.com,4192963800,Type 2: Non-Owner-Occupied STVR Certificate,3,,8,SAVANNAH DOWNTOWN HISTORIC DISTRICT
5 WEST BROUGHTON ST  SAVANNAH GA 31401,402,SVR-00728,2027-07-23,2000444037,Zachary Tombley,operations@stayblackswan.com,6155517255,Type 2: Non-Owner-Occupied STVR Certificate,2,,6,SAVANNAH DOWNTOWN HISTORIC DISTRICT
5 WEST BROUGHTON ST  SAVANNAH GA 31401,308,SVR-00729,2027-07-23,2000444035,Zachary Tombley,operations@stayblackswan.com,6155517255,Type 2: Non-Owner-Occupied STVR Certificate,3,,8,SAVANNAH DOWNTOWN HISTORIC DISTRICT
5 WEST BROUGHTON ST  SAVANNAH GA 31401,307,SVR-00730,2027-07-23,2000444034,Zachary Tombley,operations@stayblackswan.com,6155517255,Type 2: Non-Owner-Occupied STVR Certificate,3,,8,SAVANNAH DOWNTOWN HISTORIC DISTRICT
5 WEST BROUGHTON ST  SAVANNAH GA 31401,306,SVR-00731,2027-07-23,2000444033,Zachary Tombley,operations@stayblackswan.com,6155517255,Type 2: Non-Owner-Occupied STVR Certificate,3,,8,SAVANNAH DOWNTOWN HISTORIC DISTRICT
5 WEST BROUGHTON ST  SAVANNAH GA 31401,304,SVR-00732,2027-07-23,2000444030,Zachary Tombley,operations@stayblackswan.com,6155517255,Type 2: Non-Owner-Occupied STVR Certificate,2,,6,SAVANNAH DOWNTOWN HISTORIC DISTRICT
5 WEST BROUGHTON ST  SAVANNAH GA 31401,303A,SVR-00733,2027-07-23,2000444028,Zachary Tombley,operations@stayblackswan.com,6155517255,Type 2: Non-Owner-Occupied STVR Certificate,1,,4,SAVANNAH DOWNTOWN HISTORIC DISTRICT
5 WEST BROUGHTON ST  SAVANNAH GA 31401,302,SVR-00734,2027-07-23,2000444027,Zachary Tombley,operations@stayblackswan.com,6155517255,Type 2: Non-Owner-Occupied STVR Certificate,1,,4,SAVANNAH DOWNTOWN HISTORIC DISTRICT
5 WEST BROUGHTON ST  SAVANNAH GA 31401,208,SVR-00735,2027-07-23,2000444025,Zachary Tombley,operations@stayblackswan.com,6155517255,Type 2: Non-Owner-Occupied STVR Certificate,2,,6,SAVANNAH DOWNTOWN HISTORIC DISTRICT
5 WEST BROUGHTON ST  SAVANNAH GA 31401,207,SVR-00736,2027-07-23,2000444024,Zachary Tombley,operations@stayblackswan.com,6155517255,Type 2: Non-Owner-Occupied STVR Certificate,2,,6,SAVANNAH DOWNTOWN HISTORIC DISTRICT
5 WEST BROUGHTON ST  SAVANNAH GA 31401,206,SVR-00737,2027-07-23,2000444023,Zachary Tombley,operations@stayblackswan.com,6155517255,Type 2: Non-Owner-Occupied STVR Certificate,2,,6,SAVANNAH DOWNTOWN HISTORIC DISTRICT
5 WEST BROUGHTON ST  SAVANNAH GA 31401,205-B,SVR-00738,2027-07-23,2000444022,Zachary Tombley,operations@stayblackswan.com,6155517255,Type 2: Non-Owner-Occupied STVR Certificate,1,,4,SAVANNAH DOWNTOWN HISTORIC DISTRICT
5 WEST BROUGHTON ST  SAVANNAH GA 31401,205A,SVR-00739,2027-07-23,2000444021,Zachary Tombley,operations@stayblackswan.com,6155517255,Type 2: Non-Owner-Occupied STVR Certificate,1,,4,SAVANNAH DOWNTOWN HISTORIC DISTRICT
5 WEST BROUGHTON ST  SAVANNAH GA 31401,204,SVR-00740,2027-07-23,2000444020,Zachary Tombley,operations@stayblackswan.com,6155517255,Type 2: Non-Owner-Occupied STVR Certificate,2,,6,SAVANNAH DOWNTOWN HISTORIC DISTRICT
5 WEST BROUGHTON ST  SAVANNAH GA 31401,203B,SVR-00741,2027-07-23,2000444019,Zachary Tombley,operations@stayblackswan.com,6155517255,Type 2: Non-Owner-Occupied STVR Certificate,1,,4,SAVANNAH DOWNTOWN HISTORIC DISTRICT
5 WEST BROUGHTON ST  SAVANNAH GA 31401,203A,SVR-00742,2027-07-23,2000444018,Zachary Tombley,operations@stayblackswan.com,6155517255,Type 2: Non-Owner-Occupied STVR Certificate,1,,4,SAVANNAH DOWNTOWN HISTORIC DISTRICT
5 WEST BROUGHTON ST  SAVANNAH GA 31401,202,SVR-00743,2027-07-23,2000444017,Zachary Tombley,operations@stayblackswan.com,6155517255,Type 2: Non-Owner-Occupied STVR Certificate,2,,6,SAVANNAH DOWNTOWN HISTORIC DISTRICT
5 WEST BROUGHTON ST  SAVANNAH GA 31401,201,SVR-00744,2027-07-23,2000444016,Zachary Tombley,operations@stayblackswan.com,6155517255,Type 2: Non-Owner-Occupied STVR Certificate,2,,6,SAVANNAH DOWNTOWN HISTORIC DISTRICT
340   ABERCORN ST  SAVANNAH GA 31401,3,SVR-00751,2027-07-29,2003208008,Laura Robinson,southerngracegetaways@yahoo.com,9126008086,Type 2: Non-Owner-Occupied STVR Certificate,3,,8,SAVANNAH DOWNTOWN HISTORIC DISTRICT
340   ABERCORN ST  SAVANNAH GA 31401,2,SVR-00752,2027-07-29,2003208008,Laura Robinson,southerngracegetaways@yahoo.com,9126008086,Type 2: Non-Owner-Occupied STVR Certificate,3,,8,SAVANNAH DOWNTOWN HISTORIC DISTRICT
340  ABERCORN ST  SAVANNAH GA 31401,1,SVR-00753,2027-07-29,2003208008,Laura Robinson,southerngracegetaways@yahoo.com,9126008086,Type 2: Non-Owner-Occupied STVR Certificate,3,,8,SAVANNAH DOWNTOWN HISTORIC DISTRICT
521 EAST CHARLTON ST  SAVANNAH GA 31401,,SVR-00754,2026-10-16,2001419033,Southern Belle Vacation Rentals,stvr@southernbellevr.com,9122890130,Type 2: Non-Owner-Occupied STVR Certificate,2,2,4,SAVANNAH DOWNTOWN HISTORIC DISTRICT
530 EAST JONES ST  SAVANNAH GA 31401,,SVR-00768,2027-06-05,2001419008,Lucky Savannah Vacation Rentals,owners@luckysavannah.com,9124958582,Type 2: Non-Owner-Occupied STVR Certificate,3,2,8,SAVANNAH DOWNTOWN HISTORIC DISTRICT
521 EAST PERRY ST  SAVANNAH GA 31401,,SVR-00769,2027-08-20,2001410001A,ANDREW & BROOKE WILFORD,awilford@jasminequarters.com,9124335731,Type 2: Non-Owner-Occupied STVR Certificate,2,2,6,SAVANNAH DOWNTOWN HISTORIC DISTRICT
214 EAST JONES ST  SAVANNAH GA 31401,Main House,SVR-00773,2027-06-28,2003208012A,Lucky Savannah Vacation Rentals,owners@luckysavannah.com,9124958582,Type 2: Non-Owner-Occupied STVR Certificate,2,,6,SAVANNAH DOWNTOWN HISTORIC DISTRICT
520 EAST MACON ST  SAVANNAH GA 31401,,SVR-00775,2027-07-26,2001418017,Daniel & Aaron Miller,acmill99@yahoo.com,4043131773,Type 2: Non-Owner-Occupied STVR Certificate,2,,6,SAVANNAH DOWNTOWN HISTORIC DISTRICT
541 EAST BOLTON ST  SAVANNAH GA 31401,A,SVR-00776,2027-06-14,2004311028,Mary Anderson,mary@savannahluxuryrentals.com,9125252022,Type 2: Non-Owner-Occupied STVR Certificate,1,,4,VICTORIAN HISTORIC DISTRICT
541 EAST BOLTON ST  SAVANNAH GA 31401,B,SVR-00777,2027-06-14,2004311028,Mary Anderson,mary@savannahluxuryrentals.com,9125252022,Type 2: Non-Owner-Occupied STVR Certificate,3,,8,VICTORIAN HISTORIC DISTRICT
202 WEST PARK AVE  SAVANNAH GA 31401,A,SVR-00779,2027-04-22,2005215009,CLARA GREIG,clara.greig.2521@gmail.com,6149155698,Type 2: Non-Owner-Occupied STVR Certificate,2,,6,VICTORIAN HISTORIC DISTRICT
212 WEST JONES ST  SAVANNAH GA 31401,Main House,SVR-00780,2027-02-27,2003128004,Lucky Savannah Vacation Rentals,owners@luckysavannah.com,9124958582,Type 2: Non-Owner-Occupied STVR Certificate,4,1,8,SAVANNAH DOWNTOWN HISTORIC DISTRICT
317 EAST JONES ST  SAVANNAH GA 31401,LOWER,SVR-00781,2027-03-29,2003212005,JASON BARTEK,firedogs53@yahoo.com,8165226163,Type 2: Non-Owner-Occupied STVR Certificate,3,2,8,SAVANNAH DOWNTOWN HISTORIC DISTRICT
222  DRAYTON ST  SAVANNAH GA 31401,1,SVR-00782,2027-05-04,2001520002,Southern Belle Vacation Rentals,stvr@southernbellevr.com,9122190130,Type 2: Non-Owner-Occupied STVR Certificate,2,,6,SAVANNAH DOWNTOWN HISTORIC DISTRICT
222  DRAYTON ST  SAVANNAH GA 31401,2,SVR-00783,2027-05-04,2001520002,SOUTHERN BELLE VACATION RENTALS,stvr@southernbellevr.com,9122890130,Type 2: Non-Owner-Occupied STVR Certificate,2,,6,SAVANNAH DOWNTOWN HISTORIC DISTRICT
222  DRAYTON ST  SAVANNAH GA 31401,3,SVR-00784,2027-05-04,2001520002,SOUTHERN BELLE VACATION RENTALS,stvr@southernbellevr.com,9122890130,Type 2: Non-Owner-Occupied STVR Certificate,2,,6,SAVANNAH DOWNTOWN HISTORIC DISTRICT
222  DRAYTON ST  SAVANNAH GA 31401,4,SVR-00785,2027-05-04,2001520002,SOUTHERN BELLE VACATION RENTALS,stvr@southernbellevr.com,9122890130,Type 2: Non-Owner-Occupied STVR Certificate,2,,6,SAVANNAH DOWNTOWN HISTORIC DISTRICT
222  DRAYTON ST  SAVANNAH GA 31401,5,SVR-00786,2027-05-04,2001520002,SOUTHERN BELLE VACATION RENTALS,stvr@southernbellevr.com,9122890130,Type 2: Non-Owner-Occupied STVR Certificate,2,,6,SAVANNAH DOWNTOWN HISTORIC DISTRICT
222  DRAYTON ST  SAVANNAH GA 31401,6,SVR-00787,2027-05-04,2001520002,SOUTHERN BELLE VACATION RENTALS,stvr@southernbellevr.com,9122890130,Type 2: Non-Owner-Occupied STVR Certificate,2,,6,SAVANNAH DOWNTOWN HISTORIC DISTRICT
222  DRAYTON ST  SAVANNAH GA 31401,7,SVR-00788,2027-05-04,2001520002,SOUTHERN BELLE VACATION RENTALS,stvr@southernbellevr.com,9122890130,Type 2: Non-Owner-Occupied STVR Certificate,2,,6,SAVANNAH DOWNTOWN HISTORIC DISTRICT
222  DRAYTON ST  SAVANNAH GA 31401,8,SVR-00789,2027-05-04,2001520002,SOUTHERN BELLE VACATION RENTALS,stvr@southernbellevr.com,9122890130,Type 2: Non-Owner-Occupied STVR Certificate,2,,6,SAVANNAH DOWNTOWN HISTORIC DISTRICT
523 E GWINNETT ST # B SAVANNAH GA 31401,B,SVR-00790,2027-02-21,2004306050,Brendan Pappas,brendan@eatkayak.com,9123324128,Type 2: Non-Owner-Occupied STVR Certificate,1,1,4,VICTORIAN HISTORIC DISTRICT
114 EAST GORDON LN  SAVANNAH GA 31401,,SVR-00798,2027-03-12,2003245011,Zuzalley Enterprises LLC,zuzalley@gmail.com,9122201451,Type 2: Non-Owner-Occupied STVR Certificate,1,,4,SAVANNAH DOWNTOWN HISTORIC DISTRICT
539 EAST PERRY LN  SAVANNAH GA 31401,Carriage House,SVR-00805,2027-05-23,2001411019,Southern Belle Vacation Rentals,stvr@southernbellevr.com,9122890130,Type 2: Non-Owner-Occupied STVR Certificate,1,2,4,SAVANNAH DOWNTOWN HISTORIC DISTRICT
532  PRICE ST  SAVANNAH GA 31401,,SVR-00082,2027-07-05,2003306030,Carmen Kurdys,prodigalproperties@yahoo.com,9122242548,Type 2: Non-Owner-Occupied STVR Certificate,3,2,8,SAVANNAH DOWNTOWN HISTORIC DISTRICT
539 EAST PERRY ST  SAVANNAH GA 31401,Main House,SVR-00806,2027-06-21,2001411019,Southern Belle Vacation Rentals,stvr@southernbellevr.com,9122890130,Type 2: Non-Owner-Occupied STVR Certificate,3,2,6,SAVANNAH DOWNTOWN HISTORIC DISTRICT
516 EAST GORDON ST  SAVANNAH GA 31401,,SVR-00807,2027-06-01,2003302022,John Dillon,mossandoaksavannah@gmail.com,9126929393,Type 2: Non-Owner-Occupied STVR Certificate,2,,6,SAVANNAH DOWNTOWN HISTORIC DISTRICT
1 WEST YORK ST  SAVANNAH GA 31401,A,SVR-00808,2027-04-17,2001509013,Anderson VIP Concierge LLC,mary@savannahluxuryrentals.com,9125252022,Type 2: Non-Owner-Occupied STVR Certificate,2,,6,SAVANNAH DOWNTOWN HISTORIC DISTRICT
12 WEST HARRIS ST  SAVANNAH GA 31401,A,SVR-00813,2027-08-29,2001535006,Lucky Savannah Vacation Rentals,owners@luckysavannah.com,9124958582,Type 2: Non-Owner-Occupied STVR Certificate,1,,4,SAVANNAH DOWNTOWN HISTORIC DISTRICT
12 WEST HARRIS ST  SAVANNAH GA 31401,B,SVR-00814,2027-08-29,2001535006,Lucky Savannah Vacation Rentals,owners@luckysavannah.com,9124958582,Type 2: Non-Owner-Occupied STVR Certificate,4,1,10,SAVANNAH DOWNTOWN HISTORIC DISTRICT
208 EAST 34TH ST  SAVANNAH GA 31401,,SVR-00083,2027-03-21,2005339004,RICHARD WOFFORD,richardwofford@gmail.com,3232511022,Type 2: Non-Owner-Occupied STVR Certificate,2,2,4,STREETCAR HISTORIC DISTRICT
604   BARNARD ST  SAVANNAH GA 31401,B,SVR-00819,2027-04-08,2003257002,Lucky Savannah Vacation Rentals,owners@luckysavannah.com,9124958582,Type 2: Non-Owner-Occupied STVR Certificate,3,3,6,SAVANNAH DOWNTOWN HISTORIC DISTRICT
118 WEST GORDON LN  SAVANNAH GA 31401,,SVR-00822,2027-07-06,2003242021,Mary Anderson,mary@savannahluxuryrentals.com,9125252022,Type 2: Non-Owner-Occupied STVR Certificate,1,1,4,SAVANNAH DOWNTOWN HISTORIC DISTRICT
118 WEST GASTON ST  SAVANNAH GA 31401,,SVR-00823,2027-07-06,2003242021,Mary Anderson,mary@savannahluxuryrentals.com,9125252022,Type 2: Non-Owner-Occupied STVR Certificate,1,,4,SAVANNAH DOWNTOWN HISTORIC DISTRICT
405 EAST JONES ST  SAVANNAH GA 31401,A,SVR-00824,2027-09-06,2003211002,Michael Arcangelo,24squaresavannah@gmail.com,4126083989,Type 2: Non-Owner-Occupied STVR Certificate,2,,6,SAVANNAH DOWNTOWN HISTORIC DISTRICT
405 EAST JONES ST  SAVANNAH GA 31401,D,SVR-00825,2027-09-06,2003211002,Michael Arcangelo,24squaresavannah@gmail.com,4126083989,Type 2: Non-Owner-Occupied STVR Certificate,1,,4,SAVANNAH DOWNTOWN HISTORIC DISTRICT
405 EAST JONES ST  SAVANNAH GA 31401,B,SVR-00829,2027-09-06,2003211002,Michael Arcangelo,24squaresavannah@gmail.com,4126083989,Type 2: Non-Owner-Occupied STVR Certificate,1,,4,SAVANNAH DOWNTOWN HISTORIC DISTRICT
535 EAST CHARLTON ST  SAVANNAH GA 31401,,SVR-00832,2027-05-11,2001419040,Kolin Podell,info@rpropmgt.com,9125251160,Type 2: Non-Owner-Occupied STVR Certificate,2,,6,SAVANNAH DOWNTOWN HISTORIC DISTRICT
535 EAST BROAD ST  SAVANNAH GA 31401,,SVR-00833,2027-03-21,2003306052,Beth McIlrath,rech4@icloud.com,9126583790,Type 2: Non-Owner-Occupied STVR Certificate,3,2,8,SAVANNAH DOWNTOWN HISTORIC DISTRICT
422 EAST LIBERTY ST  SAVANNAH GA 31401,Main House,SVR-00834,2027-06-21,2001518018,Mary Anderson,mary@savannahluxuryrentals.com,9125252022,Type 2: Non-Owner-Occupied STVR Certificate,3,,8,SAVANNAH DOWNTOWN HISTORIC DISTRICT
421 EAST PERRY LN  SAVANNAH GA 31401,Carriage House,SVR-00835,2027-06-21,2001518018,Mary Anderson,mary@savannahluxuryrentals.com,9125252022,Type 2: Non-Owner-Occupied STVR Certificate,1,,4,SAVANNAH DOWNTOWN HISTORIC DISTRICT
104 WEST JONES ST  SAVANNAH GA 31401,B,SVR-00085,2027-06-17,2001545032,MICHAEL TAYLOR,southerndemesne@gmail.com,9124411168,Type 2: Non-Owner-Occupied STVR Certificate,2,,4,SAVANNAH DOWNTOWN HISTORIC DISTRICT
110  BARNARD ST  SAVANNAH GA 31401,211,SVR-00837,2027-02-25,2000443017,Anderson VIP Concierge LLC,mary@savannahluxuryrentals.com,9125252022,Type 2: Non-Owner-Occupied STVR Certificate,2,,6,SAVANNAH DOWNTOWN HISTORIC DISTRICT
214 WEST BAY ST  SAVANNAH GA 31401,4A,SVR-00838,2027-03-07,2000309011,South Key Management Company,chase@southkeymgmt.com,9128001321,Type 2: Non-Owner-Occupied STVR Certificate,1,1,4,SAVANNAH DOWNTOWN HISTORIC DISTRICT
214 WEST BAY ST  SAVANNAH GA 31401,3,SVR-00839,2027-03-07,2000309011,South Key Management Company,chase@southkeymgmt.com,9128001321,Type 2: Non-Owner-Occupied STVR Certificate,1,1,4,SAVANNAH DOWNTOWN HISTORIC DISTRICT
214 WEST BAY ST  SAVANNAH GA 31401,4,SVR-00840,2027-03-07,2000309011,South Key Management Company,chase@southkeymgmt.com,9128001321,Type 2: Non-Owner-Occupied STVR Certificate,2,1,6,SAVANNAH DOWNTOWN HISTORIC DISTRICT
214 WEST BAY ST  SAVANNAH GA 31401,5,SVR-00841,2027-03-07,2000309011,South Key Management Company,chase@southkeymgmt.com,9128001321,Type 2: Non-Owner-Occupied STVR Certificate,1,1,4,SAVANNAH DOWNTOWN HISTORIC DISTRICT
110  BARNARD ST  SAVANNAH GA 31401,501,SVR-00843,2027-05-23,2000443029,Michael Arcangelo,24squaresavannah@gmail.com,9787667088,Type 2: Non-Owner-Occupied STVR Certificate,2,,6,SAVANNAH DOWNTOWN HISTORIC DISTRICT
119 WEST PERRY ST  SAVANNAH GA 31401,,SVR-00846,2027-07-03,2001527016,Southern Belle Vacation Rentals,stvr@southernbellevr.com,9122890130,Type 2: Non-Owner-Occupied STVR Certificate,2,2,6,SAVANNAH DOWNTOWN HISTORIC DISTRICT
402 EAST MCDONOUGH ST  SAVANNAH GA 31401,,SVR-00847,2027-06-21,2001517024,Savannah Getaways,kim@savannahgetaways.net,9126569517,Type 2: Non-Owner-Occupied STVR Certificate,3,1,6,SAVANNAH DOWNTOWN HISTORIC DISTRICT
114 WEST WAYNE ST  SAVANNAH GA 31401,,SVR-00849,2027-07-12,2003223006,JOACHIM KELLY,kerillcsavannah@gmail.com,9126950906,Type 2: Non-Owner-Occupied STVR Certificate,1,1,4,SAVANNAH DOWNTOWN HISTORIC DISTRICT
20 WEST DUFFY ST  SAVANNAH GA 31401,B,SVR-00852,2027-05-31,2004431021,Austin Smeltzer,mariann.martin@gmail.com,9125074254,Type 2: Non-Owner-Occupied STVR Certificate,2,1,6,VICTORIAN HISTORIC DISTRICT
125 EAST JONES ST  SAVANNAH GA 31401,B,SVR-00853,2027-02-25,2003214013,Andrew Acuff,andrewacuff@gmail.com,9126604939,Type 2: Non-Owner-Occupied STVR Certificate,2,,6,SAVANNAH DOWNTOWN HISTORIC DISTRICT
720   PRICE ST  SAVANNAH GA 31401,,SVR-00854,2027-07-17,2004302053,Vacasa LLC,permitting@vacasa.com,5033459399,Type 2: Non-Owner-Occupied STVR Certificate,3,1,8,SAVANNAH DOWNTOWN HISTORIC DISTRICT
525 EAST HENRY ST  SAVANNAH GA 31401,,SVR-00855,2027-04-24,2005314031,Patrick Bergen and Christie Bergen,christie.ahr@gmail.com,9123981494,Type 2: Non-Owner-Occupied STVR Certificate,4,2,10,VICTORIAN HISTORIC DISTRICT
210 WEST HUNTINGDON ST  SAVANNAH GA 31401,,SVR-00087,2027-04-23,2003255021,Jason Brown d/b/a The Savannah Company LLC,jason@thesavannahcompany.com,4049646860,Type 2: Non-Owner-Occupied STVR Certificate,2,,4,SAVANNAH DOWNTOWN HISTORIC DISTRICT
1110  DRAYTON ST  SAVANNAH GA 31401,A,SVR-00858,2027-07-09,2004433012,Ander Jenkins,mjenkins@igc.org,9127479789,Type 2: Non-Owner-Occupied STVR Certificate,1,1,4,VICTORIAN HISTORIC DISTRICT
129 WEST GORDON ST  SAVANNAH GA 31401,C,SVR-00859,2027-04-26,2003242001,Lucky Savannah Vacation Rentals,owners@luckysavannah.com,9124958582,Type 2: Non-Owner-Occupied STVR Certificate,1,,4,SAVANNAH DOWNTOWN HISTORIC DISTRICT
105 WEST OGLETHORPE AVE  SAVANNAH GA 31401,401,SVR-00861,2027-07-06,2001512003Q,Lucky Savannah Vacation Rentals,owners@luckysavannah.com,9124958582,Type 2: Non-Owner-Occupied STVR Certificate,2,,6,SAVANNAH DOWNTOWN HISTORIC DISTRICT
125 EAST BROAD ST  SAVANNAH GA 31401,2A,SVR-00869,2026-10-29,2000526004,Kindred SAV,robert@kindredsav.com,6175712906,Type 2: Non-Owner-Occupied STVR Certificate,1,,4,SAVANNAH DOWNTOWN HISTORIC DISTRICT
417 EAST CONGRESS ST  SAVANNAH GA 31401,,SVR-00871,2027-06-01,2000442009,Lucky Savannah Vacation Rentals,owners@luckysavannah.com,9124958582,Type 2: Non-Owner-Occupied STVR Certificate,1,1,4,SAVANNAH DOWNTOWN HISTORIC DISTRICT
411 EAST JONES ST  SAVANNAH GA 31401,,SVR-00872,2027-02-21,2003211021,Lucky Savannah Vacation Rentals,owners@luckysavannah.com,9124958582,Type 2: Non-Owner-Occupied STVR Certificate,2,,6,SAVANNAH DOWNTOWN HISTORIC DISTRICT
410 EAST JONES LN  SAVANNAH GA 31401,Carriage House,SVR-00873,2027-02-21,2003211021,Lucky Savannah Vacation Rentals,owners@luckysavannah.com,9124958582,Type 2: Non-Owner-Occupied STVR Certificate,1,,4,SAVANNAH DOWNTOWN HISTORIC DISTRICT
12 WEST HARRIS ST  SAVANNAH GA 31401,C,SVR-00874,2027-08-29,2001535006,Lucky Savannah Vacation Rentals,owners@luckysavannah.com,9124958582,Type 2: Non-Owner-Occupied STVR Certificate,2,1,6,SAVANNAH DOWNTOWN HISTORIC DISTRICT
207 EAST HENRY ST  SAVANNAH GA 31401,,SVR-00089,2027-07-05,2005311021,Carmen Kurdys,prodigalproperties@yahoo.com,9122242548,Type 2: Non-Owner-Occupied STVR Certificate,4,3,10,VICTORIAN HISTORIC DISTRICT
208 EAST TAYLOR ST  SAVANNAH GA 31401,Garden,SVR-00876,2027-01-09,2003213014,Kevin Quat,kevin@aimstars.com,8432906463,Type 2: Non-Owner-Occupied STVR Certificate,2,,6,SAVANNAH DOWNTOWN HISTORIC DISTRICT
445  PRICE ST  SAVANNAH GA 31401,,SVR-00877,2027-07-16,2003248008A,Heather Bailey,savannahpiedaterre@gmail.com,8439914962,Type 2: Non-Owner-Occupied STVR Certificate,2,,6,SAVANNAH DOWNTOWN HISTORIC DISTRICT
133  LINCOLN ST  SAVANNAH GA 31401,,SVR-00880,2027-05-09,2001506020,Lucky Savannah Vacation Rentals,owners@luckysavannah.com,9124958582,Type 2: Non-Owner-Occupied STVR Certificate,2,,6,SAVANNAH DOWNTOWN HISTORIC DISTRICT
523 EAST GASTON ST  SAVANNAH GA 31401,,SVR-00881,2027-05-09,2003304030,GINA STONE d/b/a Stay Savannah Vacation Rentals,staysavannah@bellsouth.net,8889190008,Type 2: Non-Owner-Occupied STVR Certificate,3,,8,SAVANNAH DOWNTOWN HISTORIC DISTRICT
603  TATTNALL ST  SAVANNAH GA 31401,,SVR-00882,2027-05-23,2004527019,Lucky Savannah Vacation Rentals,owners@luckysavannah.com,9124958582,Type 2: Non-Owner-Occupied STVR Certificate,3,1,6,SAVANNAH DOWNTOWN HISTORIC DISTRICT
542 EAST PERRY LN  SAVANNAH GA 31401,Carriage House,SVR-00883,2027-04-28,2001411012,Lucky Savannah Vacation Rentals,owners@luckysavannah.com,9124958582,Type 2: Non-Owner-Occupied STVR Certificate,1,,4,SAVANNAH DOWNTOWN HISTORIC DISTRICT
209 EAST HENRY ST  SAVANNAH GA 31401,,SVR-00090,2027-07-05,2005311023,Carmen Kurdys,prodigalproperties@yahoo.com,9122242548,Type 2: Non-Owner-Occupied STVR Certificate,4,3,10,VICTORIAN HISTORIC DISTRICT
31 EAST BROAD ST  SAVANNAH GA 31401,A,SVR-00887,2027-07-20,2000513016,Chase Stahl,chase@southkeymgmt.com,9128001321,Type 2: Non-Owner-Occupied STVR Certificate,2,,6,SAVANNAH DOWNTOWN HISTORIC DISTRICT
31 EAST BROAD ST  SAVANNAH GA 31401,B,SVR-00888,2027-07-20,2000513016,Chase Stahl,chase@southkeymgmt.com,9128001321,Type 2: Non-Owner-Occupied STVR Certificate,2,,6,SAVANNAH DOWNTOWN HISTORIC DISTRICT
107 WEST JONES ST  SAVANNAH GA 31401,2,SVR-00889,2027-06-14,2003217007,Lucky Savannah Vacation Rentals,owners@luckysavannah.com,9124958582,Type 2: Non-Owner-Occupied STVR Certificate,1,,4,SAVANNAH DOWNTOWN HISTORIC DISTRICT
524 EAST TAYLOR ST  SAVANNAH GA 31401,,SVR-00896,2027-08-29,2003301029,Michael Razor,mrazor@comcast.net,9124013710,Type 2: Non-Owner-Occupied STVR Certificate,2,,6,SAVANNAH DOWNTOWN HISTORIC DISTRICT
507  TATTNALL ST  SAVANNAH GA 31401,,SVR-00897,2027-02-25,2004523008,Southern Belle Vacation Rentals,stvr@southernbellevr.com,9122890130,Type 2: Non-Owner-Occupied STVR Certificate,3,,8,SAVANNAH DOWNTOWN HISTORIC DISTRICT
518 EAST MACON ST  SAVANNAH GA 31401,,SVR-00899,2027-07-26,2001418017,Daniel & Aaron Miller,acmill99@yahoo.com,4043131773,Type 2: Non-Owner-Occupied STVR Certificate,2,,6,SAVANNAH DOWNTOWN HISTORIC DISTRICT
439  PRICE ST  SAVANNAH GA 31401,1,SVR-00900,2027-07-18,2003248007,Ryan Smith,rsmitheit17@outlook.com,9122100165,Type 2: Non-Owner-Occupied STVR Certificate,3,,8,SAVANNAH DOWNTOWN HISTORIC DISTRICT
439  PRICE ST  SAVANNAH GA 31401,2,SVR-00901,2027-07-18,2003248007,Ryan Smith,rsmitheit17@outlook.com,9122100165,Type 2: Non-Owner-Occupied STVR Certificate,2,,6,SAVANNAH DOWNTOWN HISTORIC DISTRICT
216 EAST STATE ST  SAVANNAH GA 31401,1-C,SVR-00903,2027-04-10,2000447001C,Mary Anderson d/b/a Anderson VIP Concierge LLC,mary@savannahluxuryrentals.com,9125252022,Type 2: Non-Owner-Occupied STVR Certificate,1,,4,SAVANNAH DOWNTOWN HISTORIC DISTRICT
208 EAST JONES ST  SAVANNAH GA 31401,2,SVR-00905,2027-07-18,2003208020,Lucky Savannah Vacation Rentals,owners@luckysavannah.com,9124958582,Type 2: Non-Owner-Occupied STVR Certificate,2,,6,SAVANNAH DOWNTOWN HISTORIC DISTRICT
219 EAST GORDON ST  SAVANNAH GA 31401,,SVR-00092,2027-05-02,2003246003,Kristin Mulzer,kristinmulzer@gmail.com,5134619300,Type 2: Non-Owner-Occupied STVR Certificate,5,,10,SAVANNAH DOWNTOWN HISTORIC DISTRICT
501 EAST MCDONOUGH ST  SAVANNAH GA 31401,B,SVR-00912,2027-07-16,2001408010,Heather Bailey,savannahpiedaterre@gmail.com,8439914962,Type 2: Non-Owner-Occupied STVR Certificate,1,,4,SAVANNAH DOWNTOWN HISTORIC DISTRICT
508 EAST PERRY ST  SAVANNAH GA 31401,,SVR-00919,2027-06-25,2001408008,Michael Arcangelo,24squaresavannah@gmail.com,9787667088,Type 2: Non-Owner-Occupied STVR Certificate,2,1,6,SAVANNAH DOWNTOWN HISTORIC DISTRICT
310 WEST BROUGHTON ST  SAVANNAH GA 31401,2005,SVR-00924,2026-09-13,2001615020,Vacasa LLC,permitting@vacasa.com,5033459399,Type 2: Non-Owner-Occupied STVR Certificate,1,,4,SAVANNAH DOWNTOWN HISTORIC DISTRICT
315  LORCH ST  SAVANNAH GA 31401,B,SVR-00925,2027-07-02,2004526019,Brian Foster & Sarah Sellers,anotherhippieartist@yahoo.com,2544881225,Type 2: Non-Owner-Occupied STVR Certificate,1,1,4,SAVANNAH DOWNTOWN HISTORIC DISTRICT
907  JEFFERSON ST  SAVANNAH GA 31401,,SVR-00932,2027-07-09,2005203018,Daphne Nash,daphne.nash@gmail.com,9176890371,Type 2: Non-Owner-Occupied STVR Certificate,2,1,4,VICTORIAN HISTORIC DISTRICT
302 WEST PARK AVE  SAVANNAH GA 31401,,SVR-00933,2027-07-12,2005214009G,NOLA RE Management Group LLC,compliance@stayheirloom.com,5045070523,Type 2: Non-Owner-Occupied STVR Certificate,5,,12,VICTORIAN HISTORIC DISTRICT
58 EAST BROAD ST  SAVANNAH GA 31401,14,SVR-00935,2027-05-30,2000506018,Gina Stone,staysavannah@bellsouth.net,8889190008,Type 2: Non-Owner-Occupied STVR Certificate,2,1,6,SAVANNAH DOWNTOWN HISTORIC DISTRICT
710  BARNARD ST  SAVANNAH GA 31401,2,SVR-00936,2027-07-11,2003262010,NOLA RE Management Group LLC,compliance@stayheirloom.com,5043752300,Type 2: Non-Owner-Occupied STVR Certificate,4,1,10,SAVANNAH DOWNTOWN HISTORIC DISTRICT
212 WEST JONES ST  SAVANNAH GA 31401,1/2 ,SVR-00942,2027-06-07,2003128004,Lucky Savannah Vacation Rentals,owners@luckysavannah.com,9124958582,Type 2: Non-Owner-Occupied STVR Certificate,1,,4,SAVANNAH DOWNTOWN HISTORIC DISTRICT
129 WEST GORDON ST  SAVANNAH GA 31401,D,SVR-00943,2027-07-26,2003242001,Lucky Savannah Vacation Rentals,owners@luckysavannah.com,9124958582,Type 2: Non-Owner-Occupied STVR Certificate,1,,4,SAVANNAH DOWNTOWN HISTORIC DISTRICT
549 EAST ST JULIAN ST  SAVANNAH GA 31401,,SVR-00096,2027-01-09,2000513003,Charles Owens,charlesowens123@att.net,2293228290,Type 2: Non-Owner-Occupied STVR Certificate,2,,4,SAVANNAH DOWNTOWN HISTORIC DISTRICT
526 EAST JONES ST  SAVANNAH GA 31401,,SVR-00951,2027-02-07,2001419010,Cora Bett Thomas Rentals and Management,stvr@cbtrentals.com,9125036652,Type 2: Non-Owner-Occupied STVR Certificate,3,2,8,SAVANNAH DOWNTOWN HISTORIC DISTRICT
212 EAST JONES ST  SAVANNAH GA 31401,,SVR-00961,2027-02-25,2003208029,JOHN & WENDE GRATTAN,wendestwrt249@gmail.com,2522028338,Type 2: Non-Owner-Occupied STVR Certificate,2,,6,SAVANNAH DOWNTOWN HISTORIC DISTRICT
307 EAST GORDON ST  SAVANNAH GA 31401,Garden,SVR-00963,2027-04-24,2003247002,Patricia Mason d/b/a Zuzalley Enterprises,zuzalley@gmail.com,9122201451,Type 2: Non-Owner-Occupied STVR Certificate,1,1,4,SAVANNAH DOWNTOWN HISTORIC DISTRICT
530 EAST GORDON ST  SAVANNAH GA 31401,,SVR-00964,2027-03-05,2003302019,Mona Mikell,momikell@gmail.com,9123988292,Type 2: Non-Owner-Occupied STVR Certificate,2,,6,SAVANNAH DOWNTOWN HISTORIC DISTRICT
217  ALICE ST  SAVANNAH GA 31401,,SVR-00965,2027-08-13,2004517001,Laura Fonseca,laurafonseca@aol.com,9102610163,Type 2: Non-Owner-Occupied STVR Certificate,4,1,10,SAVANNAH DOWNTOWN HISTORIC DISTRICT
551 EAST HUNTINGDON ST  SAVANNAH GA 31401,,SVR-00098,2027-04-12,2003308002,Denise Flojo,dflojo@gmail.com,2153596675,Type 2: Non-Owner-Occupied STVR Certificate,3,,6,SAVANNAH DOWNTOWN HISTORIC DISTRICT
306 EAST PRESIDENT ST  SAVANNAH GA 31401,,SVR-00967,2027-06-13,2000457002A,KATHLEEN M & DENNIS J REGAN,krdr.regan@gmail.com,9127046317,Type 2: Non-Owner-Occupied STVR Certificate,2,,6,SAVANNAH DOWNTOWN HISTORIC DISTRICT
"347 TATTNALL ST, SAVANNAH, GA, 31401",,SVR-00968,2027-06-22,2003127003A,Alyssa Acker,hostingsavannah@gmail.com,4436104230,Type 2: Non-Owner-Occupied STVR Certificate,3,,8,SAVANNAH DOWNTOWN HISTORIC DISTRICT
220 EAST BAY ST  SAVANNAH GA 31401,220,SVR-00972,2027-02-12,2000411003,24square Inc,24squaresavannah@gmail.com,9787667088,Type 2: Non-Owner-Occupied STVR Certificate,1,,4,SAVANNAH DOWNTOWN HISTORIC DISTRICT
528 EAST CHARLTON ST  SAVANNAH GA 31401,,SVR-00973,2027-07-06,2001418041,Lucky Savannah Vacation Rentals,owners@luckysavannah.com,9124958582,Type 2: Non-Owner-Occupied STVR Certificate,1,,4,SAVANNAH DOWNTOWN HISTORIC DISTRICT
226 EAST BAY ST  SAVANNAH GA 31401,,SVR-00974,2027-02-12,2000411011,24square Inc,24squaresavannah@gmail.com,9787667088,Type 2: Non-Owner-Occupied STVR Certificate,1,,4,SAVANNAH DOWNTOWN HISTORIC DISTRICT
222 EAST FACTORS WK  SAVANNAH GA 31401,,SVR-00975,2026-12-13,2000411002,24square Inc,24squaresavannah@gmail.com,9787667088,Type 2: Non-Owner-Occupied STVR Certificate,1,,4,SAVANNAH DOWNTOWN HISTORIC DISTRICT
535 EAST CONGRESS ST  SAVANNAH GA 31401,A,SVR-00099,2027-08-23,2000515015,ANDREW & BROOKE WILFORD,awilford@jasminequarters.com,9123444467,Type 2: Non-Owner-Occupied STVR Certificate,2,1,6,SAVANNAH DOWNTOWN HISTORIC DISTRICT
545 EAST CONGRESS ST  SAVANNAH GA 31401,,SVR-00979,2027-07-18,2000515011A,Lucky Savannah Vacation Rentals,owners@luckysavannah.com,9124958582,Type 2: Non-Owner-Occupied STVR Certificate,2,2,6,SAVANNAH DOWNTOWN HISTORIC DISTRICT
110 EAST OGLETHORPE AVE  SAVANNAH GA 31401,A,SVR-00980,2026-09-10,2001507010,Lucky Savannah Vacation Rentals,owners@luckysavannah.com,9124958582,Type 2: Non-Owner-Occupied STVR Certificate,4,6,10,SAVANNAH DOWNTOWN HISTORIC DISTRICT
216  HOUSTON ST  SAVANNAH GA 31401,,SVR-00981,2027-01-10,2001402011,Southern Belle Vacation Rentals,stvr@southernbellevr.com,9122190130,Type 2: Non-Owner-Occupied STVR Certificate,1,1,4,SAVANNAH DOWNTOWN HISTORIC DISTRICT
440  HABERSHAM ST  SAVANNAH GA 31401,,SVR-00982,2027-07-11,2003248014,NOLA RE Management Group LLC,compliance@stayheirloom.com,5045070523,Type 2: Non-Owner-Occupied STVR Certificate,4,,10,SAVANNAH DOWNTOWN HISTORIC DISTRICT
322 EAST OGLETHORPE AVE  SAVANNAH GA 31401,Upper,SVR-00983,2027-07-26,2001505009,Lucky Savannah Vacation Rentals,owners@luckysavannah.com,9124958582,Type 2: Non-Owner-Occupied STVR Certificate,4,1,10,SAVANNAH DOWNTOWN HISTORIC DISTRICT
424  HABERSHAM ST  SAVANNAH GA 31401,,SVR-00984,2026-10-08,2003232001,Bethany Ralph,bralph2@aol.com,8454893738,Type 2: Non-Owner-Occupied STVR Certificate,4,,10,SAVANNAH DOWNTOWN HISTORIC DISTRICT
517 EAST BROAD ST  SAVANNAH GA 31401,A,SVR-00992,2027-07-26,2003306012,Aaron Miller,acmill99@yahoo.com,4043131773,Type 2: Non-Owner-Occupied STVR Certificate,1,,4,SAVANNAH DOWNTOWN HISTORIC DISTRICT
517 EAST BROAD ST  SAVANNAH GA 31401,B,SVR-00993,2027-07-26,2003306012,Aaron Miller,acmill99@yahoo.com,4043131773,Type 2: Non-Owner-Occupied STVR Certificate,2,,6,SAVANNAH DOWNTOWN HISTORIC DISTRICT
101 EAST GASTON ST  SAVANNAH GA 31401,10-A,SVR-00999,2027-01-28,2003260024,Lucky Savannah Vacation Rentals,owners@luckysavannah.com,9124958582,Type 2: Non-Owner-Occupied STVR Certificate,2,1,6,SAVANNAH DOWNTOWN HISTORIC DISTRICT
101 EAST GASTON ST  SAVANNAH GA 31401,10-B,SVR-01000,2027-01-28,2003260025,Lucky Savannah Vacation Rentals,owners@luckysavannah.com,9124958582,Type 2: Non-Owner-Occupied STVR Certificate,1,1,4,SAVANNAH DOWNTOWN HISTORIC DISTRICT
101 EAST GASTON ST  SAVANNAH GA 31401,11-A,SVR-01001,2027-01-28,2003260026,Lucky Savannah Vacation Rentals,owners@luckysavannah.com,9124958582,Type 2: Non-Owner-Occupied STVR Certificate,2,1,6,SAVANNAH DOWNTOWN HISTORIC DISTRICT
101 EAST GASTON ST  SAVANNAH GA 31401,11-B,SVR-01002,2027-01-28,2003260027,Lucky Savannah Vacation Rentals,owners@luckysavannah.com,9124958582,Type 2: Non-Owner-Occupied STVR Certificate,1,1,4,SAVANNAH DOWNTOWN HISTORIC DISTRICT
101 EAST GASTON ST  SAVANNAH GA 31401,12-A,SVR-01003,2027-01-28,2003260028,Lucky Savannah Vacation Rentals,owners@luckysavannah.com,9124958582,Type 2: Non-Owner-Occupied STVR Certificate,2,1,6,SAVANNAH DOWNTOWN HISTORIC DISTRICT
101 EAST GASTON ST  SAVANNAH GA 31401,12-B,SVR-01004,2027-01-28,2003260029,Lucky Savannah Vacation Rentals,owners@luckysavannah.com,9124958582,Type 2: Non-Owner-Occupied STVR Certificate,1,1,4,SAVANNAH DOWNTOWN HISTORIC DISTRICT
101 EAST GASTON ST  SAVANNAH GA 31401,14-B,SVR-01005,2027-01-28,2003260031,Lucky Savannah Vacation Rentals,owners@luckysavannah.com,9124958582,Type 2: Non-Owner-Occupied STVR Certificate,1,1,4,SAVANNAH DOWNTOWN HISTORIC DISTRICT
