Address,Unit Number,Permit Number,Expiration date,APN,Rental Agent Name,Rental Agent Email,Rental Agent Phone,Owner Occupied vs Non-Owner Occupied,Bedrooms,Parking Spaces,Max. occupancy,Historic District,Parcel_PIN,Normalized_Street_Address,Normalized_Unit,Embedded_Unit,Normalized_City,Normalized_State,Normalized_ZIP,Normalized_Full_Address,Address_Match_Key,Unit_Match_Key,Normalization_Status,Normalization_Notes
501 EAST MCDONOUGH ST  SAVANNAH GA 31401,A,SVR-00001,2027-07-16,2001408010,Heather Bailey,savannahpiedaterre@gmail.com,8439914962,Type 2: Non-Owner-Occupied STVR Certificate,2,,6,SAVANNAH DOWNTOWN HISTORIC DISTRICT,2001408010,501 E MCDONOUGH ST,A,,SAVANNAH,GA,31401,"501 E MCDONOUGH ST UNIT A, SAVANNAH, GA 31401",501 E MCDONOUGH ST,501 E MCDONOUGH ST UNIT A,Normalized,
101 EAST GASTON ST  SAVANNAH GA 31401,14-A,SVR-01006,2027-01-28,2003260030,Lucky Savannah Vacation Rentals,owners@luckysavannah.com,9124958582,Type 2: Non-Owner-Occupied STVR Certificate,2,1,6,SAVANNAH DOWNTOWN HISTORIC DISTRICT,2003260030,101 E GASTON ST,14-A,,SAVANNAH,GA,31401,"101 E GASTON ST UNIT 14-A, SAVANNAH, GA 31401",101 E GASTON ST,101 E GASTON ST UNIT 14-A,Normalized,
110 EAST OGLETHORPE AVE  SAVANNAH GA 31401,B,SVR-01008,2026-09-10,2001507010,Lucky Savannah Vacation Rentals,owners@luckysavannah.com,9124958582,Type 2: Non-Owner-Occupied STVR Certificate,1,2,4,SAVANNAH DOWNTOWN HISTORIC DISTRICT,2001507010,110 E OGLETHORPE AVE,B,,SAVANNAH,GA,31401,"110 E OGLETHORPE AVE UNIT B, SAVANNAH, GA 31401",110 E OGLETHORPE AVE,110 E OGLETHORPE AVE UNIT B,Normalized,
537 EAST CHARLTON ST  SAVANNAH GA 31401,,SVR-01009,2027-08-03,2001419055,Lucky Savannah Vacation Rentals,owners@luckysavannah.com,9124958582,Type 2: Non-Owner-Occupied STVR Certificate,3,,8,SAVANNAH DOWNTOWN HISTORIC DISTRICT,2001419055,537 E CHARLTON ST,,,SAVANNAH,GA,31401,"537 E CHARLTON ST, SAVANNAH, GA 31401",537 E CHARLTON ST,537 E CHARLTON ST,Normalized,
530 EAST BROUGHTON ST  SAVANNAH GA 31401,,SVR-01018,2027-01-28,2000515007,Lucky Savannah Vacation Rentals,owners@luckysavannah.com,9124958582,Type 2: Non-Owner-Occupied STVR Certificate,4,2,10,SAVANNAH DOWNTOWN HISTORIC DISTRICT,2000515007,530 E BROUGHTON ST,,,SAVANNAH,GA,31401,"530 E BROUGHTON ST, SAVANNAH, GA 31401",530 E BROUGHTON ST,530 E BROUGHTON ST,Normalized,
532 EAST BROUGHTON ST  SAVANNAH GA 31401,,SVR-01019,2027-01-28,2000515006,Lucky Savannah Vacation Rentals,owners@luckysavannah.com,9124958582,Type 2: Non-Owner-Occupied STVR Certificate,2,1,6,SAVANNAH DOWNTOWN HISTORIC DISTRICT,2000515006,532 E BROUGHTON ST,,,SAVANNAH,GA,31401,"532 E BROUGHTON ST, SAVANNAH, GA 31401",532 E BROUGHTON ST,532 E BROUGHTON ST,Normalized,
115 WEST HUNTINGDON ST  SAVANNAH GA 31401,,SVR-01021,2027-02-22,2003257009,CYNTHIA PRUTZMAN,prutzmanc@yahoo.com,9126567739,Type 2: Non-Owner-Occupied STVR Certificate,2,,6,SAVANNAH DOWNTOWN HISTORIC DISTRICT,2003257009,115 W HUNTINGDON ST,,,SAVANNAH,GA,31401,"115 W HUNTINGDON ST, SAVANNAH, GA 31401",115 W HUNTINGDON ST,115 W HUNTINGDON ST,Normalized,
516  TATTNALL ST  SAVANNAH GA 31401,,SVR-01022,2027-05-03,2003255015,Rexanna Lester,rexanna.lester@gmail.com,9128970641,Type 2: Non-Owner-Occupied STVR Certificate,2,1,6,SAVANNAH DOWNTOWN HISTORIC DISTRICT,2003255015,516 TATTNALL ST,,,SAVANNAH,GA,31401,"516 TATTNALL ST, SAVANNAH, GA 31401",516 TATTNALL ST,516 TATTNALL ST,Normalized,
422 EAST STATE ST  SAVANNAH GA 31401,,SVR-01025,2027-07-07,2000449011,RONALD A & KAREN M WASHBURN,kwashburnsav@gmail.com,9126574650,Type 2: Non-Owner-Occupied STVR Certificate,4,3,10,SAVANNAH DOWNTOWN HISTORIC DISTRICT,2000449011,422 E STATE ST,,,SAVANNAH,GA,31401,"422 E STATE ST, SAVANNAH, GA 31401",422 E STATE ST,422 E STATE ST,Normalized,
326 EAST HARRIS ST  SAVANNAH GA 31401,,SVR-01026,2027-02-27,2001531010,324 E Harris St LLC,324eharrisst@gmail.com,9128009004,Type 2: Non-Owner-Occupied STVR Certificate,1,2,4,SAVANNAH DOWNTOWN HISTORIC DISTRICT,2001531010,326 E HARRIS ST,,,SAVANNAH,GA,31401,"326 E HARRIS ST, SAVANNAH, GA 31401",326 E HARRIS ST,326 E HARRIS ST,Normalized,
324 EAST HARRIS ST  SAVANNAH GA 31401,,SVR-01027,2027-02-27,2001531010,324 E Harris St LLC,324eharrisst@gmail.com,9128009004,Type 2: Non-Owner-Occupied STVR Certificate,3,,8,SAVANNAH DOWNTOWN HISTORIC DISTRICT,2001531010,324 E HARRIS ST,,,SAVANNAH,GA,31401,"324 E HARRIS ST, SAVANNAH, GA 31401",324 E HARRIS ST,324 E HARRIS ST,Normalized,
111 WEST HUNTINGDON ST  SAVANNAH GA 31401,,SVR-01029,2027-02-22,2003257010,BETTY ROANE,pias917@aol.com,9122475762,Type 2: Non-Owner-Occupied STVR Certificate,3,,8,SAVANNAH DOWNTOWN HISTORIC DISTRICT,2003257010,111 W HUNTINGDON ST,,,SAVANNAH,GA,31401,"111 W HUNTINGDON ST, SAVANNAH, GA 31401",111 W HUNTINGDON ST,111 W HUNTINGDON ST,Normalized,
315 EAST HALL ST  SAVANNAH GA 31401,A,SVR-01030,2027-06-26,2004402034,Kenneth Richards,krichards@vantoshco.com,9124296278,Type 2: Non-Owner-Occupied STVR Certificate,1,1,4,SAVANNAH DOWNTOWN HISTORIC DISTRICT,2004402034,315 E HALL ST,A,,SAVANNAH,GA,31401,"315 E HALL ST UNIT A, SAVANNAH, GA 31401",315 E HALL ST,315 E HALL ST UNIT A,Normalized,
218 EAST BAY ST  SAVANNAH GA 31401,218,SVR-01031,2026-12-13,2000411003,24square Inc,24squaresavannah@gmail.com,9787667088,Type 2: Non-Owner-Occupied STVR Certificate,1,,4,SAVANNAH DOWNTOWN HISTORIC DISTRICT,2000411003,218 E BAY ST,218,,SAVANNAH,GA,31401,"218 E BAY ST UNIT 218, SAVANNAH, GA 31401",218 E BAY ST,218 E BAY ST UNIT 218,Normalized,
101 EAST GASTON ST  SAVANNAH GA 31401,9-B,SVR-01034,2027-01-28,2003260023,Lucky Savannah Vacation Rentals,owners@luckysavannah.com,9124958582,Type 2: Non-Owner-Occupied STVR Certificate,1,1,4,SAVANNAH DOWNTOWN HISTORIC DISTRICT,2003260023,101 E GASTON ST,9-B,,SAVANNAH,GA,31401,"101 E GASTON ST UNIT 9-B, SAVANNAH, GA 31401",101 E GASTON ST,101 E GASTON ST UNIT 9-B,Normalized,
101 EAST GASTON ST  SAVANNAH GA 31401,9-A,SVR-01035,2027-01-28,2003260022,Lucky Savannah Vacation Rentals,owners@luckysavannah.com,9124958582,Type 2: Non-Owner-Occupied STVR Certificate,2,1,6,SAVANNAH DOWNTOWN HISTORIC DISTRICT,2003260022,101 E GASTON ST,9-A,,SAVANNAH,GA,31401,"101 E GASTON ST UNIT 9-A, SAVANNAH, GA 31401",101 E GASTON ST,101 E GASTON ST UNIT 9-A,Normalized,
424 EAST YORK LN  SAVANNAH GA 31401,Carriage House,SVR-00105,2027-08-28,2001504014,Lucky Savannah Vacation Rentals,owners@luckysavannah.com,9124958582,Type 2: Non-Owner-Occupied STVR Certificate,1,,4,SAVANNAH DOWNTOWN HISTORIC DISTRICT,2001504014,424 E YORK LN,CARRIAGE HOUSE,,SAVANNAH,GA,31401,"424 E YORK LN UNIT CARRIAGE HOUSE, SAVANNAH, GA 31401",424 E YORK LN,424 E YORK LN UNIT CARRIAGE HOUSE,Normalized,
"101 E GASTON ST 8B, SAVANNAH, GA, 31401",,SVR-01036,2027-01-28,2003260021,Lucky Savannah Vacation Rentals,owners@luckysavannah.com,9124958582,Type 2: Non-Owner-Occupied STVR Certificate,1,1,4,SAVANNAH DOWNTOWN HISTORIC DISTRICT,2003260021,101 E GASTON ST,8B,8B,SAVANNAH,GA,31401,"101 E GASTON ST UNIT 8B, SAVANNAH, GA 31401",101 E GASTON ST,101 E GASTON ST UNIT 8B,Normalized,
101 EAST GASTON ST  SAVANNAH GA 31401,8-A,SVR-01037,2027-01-28,2003260020,Lucky Savannah Vacation Rentals,owners@luckysavannah.com,9124958582,Type 2: Non-Owner-Occupied STVR Certificate,2,1,6,SAVANNAH DOWNTOWN HISTORIC DISTRICT,2003260020,101 E GASTON ST,8-A,,SAVANNAH,GA,31401,"101 E GASTON ST UNIT 8-A, SAVANNAH, GA 31401",101 E GASTON ST,101 E GASTON ST UNIT 8-A,Normalized,
"101 E GASTON ST 6A, SAVANNAH, GA, 31401",6-A,SVR-01038,2027-01-28,2003260016,Lucky Savannah Vacation Rentals,owners@luckysavannah.com,9124958582,Type 2: Non-Owner-Occupied STVR Certificate,2,1,6,SAVANNAH DOWNTOWN HISTORIC DISTRICT,2003260016,101 E GASTON ST,6-A,6A,SAVANNAH,GA,31401,"101 E GASTON ST UNIT 6-A, SAVANNAH, GA 31401",101 E GASTON ST,101 E GASTON ST UNIT 6-A,Needs review,Unit column conflicts with embedded unit
"101 E GASTON ST 5A, SAVANNAH, GA, 31401",,SVR-01039,2027-01-28,2003260014,Lucky Savannah Vacation Rentals,owners@luckysavannah.com,9124958582,Type 2: Non-Owner-Occupied STVR Certificate,2,1,6,SAVANNAH DOWNTOWN HISTORIC DISTRICT,2003260014,101 E GASTON ST,5A,5A,SAVANNAH,GA,31401,"101 E GASTON ST UNIT 5A, SAVANNAH, GA 31401",101 E GASTON ST,101 E GASTON ST UNIT 5A,Normalized,
"101 E GASTON ST 4B, SAVANNAH, GA, 31401",,SVR-01040,2027-01-28,2003260013,Lucky Savannah Vacation Rentals,owners@luckysavannah.com,9124958582,Type 2: Non-Owner-Occupied STVR Certificate,1,1,4,SAVANNAH DOWNTOWN HISTORIC DISTRICT,2003260013,101 E GASTON ST,4B,4B,SAVANNAH,GA,31401,"101 E GASTON ST UNIT 4B, SAVANNAH, GA 31401",101 E GASTON ST,101 E GASTON ST UNIT 4B,Normalized,
"101 E GASTON ST 4A, SAVANNAH, GA, 31401",4-A,SVR-01041,2027-01-28,2003260012,Lucky Savannah Vacation Rentals,owners@luckysavannah.com,9124958582,Type 2: Non-Owner-Occupied STVR Certificate,2,1,6,SAVANNAH DOWNTOWN HISTORIC DISTRICT,2003260012,101 E GASTON ST,4-A,4A,SAVANNAH,GA,31401,"101 E GASTON ST UNIT 4-A, SAVANNAH, GA 31401",101 E GASTON ST,101 E GASTON ST UNIT 4-A,Needs review,Unit column conflicts with embedded unit
101 EAST GASTON ST  SAVANNAH GA 31401,3-A,SVR-01042,2027-01-28,2003260010,Lucky Savannah Vacation Rentals,owners@luckysavannah.com,9124958582,Type 2: Non-Owner-Occupied STVR Certificate,2,1,6,SAVANNAH DOWNTOWN HISTORIC DISTRICT,2003260010,101 E GASTON ST,3-A,,SAVANNAH,GA,31401,"101 E GASTON ST UNIT 3-A, SAVANNAH, GA 31401",101 E GASTON ST,101 E GASTON ST UNIT 3-A,Normalized,
"101 E GASTON ST 2B, SAVANNAH, GA, 31401",,SVR-01043,2027-01-28,2003260009,Lucky Savannah Vacation Rentals,owners@luckysavannah.com,9124958582,Type 2: Non-Owner-Occupied STVR Certificate,1,1,4,SAVANNAH DOWNTOWN HISTORIC DISTRICT,2003260009,101 E GASTON ST,2B,2B,SAVANNAH,GA,31401,"101 E GASTON ST UNIT 2B, SAVANNAH, GA 31401",101 E GASTON ST,101 E GASTON ST UNIT 2B,Normalized,
"101 E GASTON ST 2A, SAVANNAH, GA, 31401",,SVR-01044,2027-01-28,2003260008,Lucky Savannah Vacation Rentals,owners@luckysavannah.com,9124958582,Type 2: Non-Owner-Occupied STVR Certificate,2,1,6,SAVANNAH DOWNTOWN HISTORIC DISTRICT,2003260008,101 E GASTON ST,2A,2A,SAVANNAH,GA,31401,"101 E GASTON ST UNIT 2A, SAVANNAH, GA 31401",101 E GASTON ST,101 E GASTON ST UNIT 2A,Normalized,
516 EAST MACON ST  SAVANNAH GA 31401,,SVR-01045,2027-07-26,2001418017,Daniel & Aaron Miller,acmill99@yahoo.com,4043131773,Type 2: Non-Owner-Occupied STVR Certificate,2,,6,SAVANNAH DOWNTOWN HISTORIC DISTRICT,2001418017,516 E MACON ST,,,SAVANNAH,GA,31401,"516 E MACON ST, SAVANNAH, GA 31401",516 E MACON ST,516 E MACON ST,Normalized,
619  HABERSHAM ST  SAVANNAH GA 31401,,SVR-01046,2027-06-22,2004402040,Southern Belle Vacation Rentals,stvr@southernbellevr.com,9122890130,Type 2: Non-Owner-Occupied STVR Certificate,3,,6,SAVANNAH DOWNTOWN HISTORIC DISTRICT,2004402040,619 HABERSHAM ST,,,SAVANNAH,GA,31401,"619 HABERSHAM ST, SAVANNAH, GA 31401",619 HABERSHAM ST,619 HABERSHAM ST,Normalized,
245  BULL ST  SAVANNAH GA 31401,,SVR-01048,2027-02-04,2001528017,Stay Savannah Vacation Rentals,staysavannah@bellsouth.net,8889190008,Type 2: Non-Owner-Occupied STVR Certificate,5,3,12,SAVANNAH DOWNTOWN HISTORIC DISTRICT,2001528017,245 BULL ST,,,SAVANNAH,GA,31401,"245 BULL ST, SAVANNAH, GA 31401",245 BULL ST,245 BULL ST,Normalized,
105 WEST JONES ST  SAVANNAH GA 31401,3,SVR-01050,2027-03-04,2003217008,Lucky Savannah Vacation Rentals,owners@luckysavannah.com,9124958582,Type 2: Non-Owner-Occupied STVR Certificate,1,,4,SAVANNAH DOWNTOWN HISTORIC DISTRICT,2003217008,105 W JONES ST,3,,SAVANNAH,GA,31401,"105 W JONES ST UNIT 3, SAVANNAH, GA 31401",105 W JONES ST,105 W JONES ST UNIT 3,Normalized,
207 WEST BROUGHTON ST  SAVANNAH GA 31401,C,SVR-01056,2027-02-22,2001625003,Lucky Savannah Vacation Rentals,owners@luckysavannah.com,9124958582,Type 2: Non-Owner-Occupied STVR Certificate,3,,8,SAVANNAH DOWNTOWN HISTORIC DISTRICT,2001625003,207 W BROUGHTON ST,C,,SAVANNAH,GA,31401,"207 W BROUGHTON ST UNIT C, SAVANNAH, GA 31401",207 W BROUGHTON ST,207 W BROUGHTON ST UNIT C,Normalized,
207 WEST BROUGHTON ST  SAVANNAH GA 31401,D,SVR-01057,2027-02-22,2001625003,Lucky Savannah Vacation Rentals,owners@luckysavannah.com,9124958582,Type 2: Non-Owner-Occupied STVR Certificate,3,,8,SAVANNAH DOWNTOWN HISTORIC DISTRICT,2001625003,207 W BROUGHTON ST,D,,SAVANNAH,GA,31401,"207 W BROUGHTON ST UNIT D, SAVANNAH, GA 31401",207 W BROUGHTON ST,207 W BROUGHTON ST UNIT D,Normalized,
311  HABERSHAM ST  SAVANNAH GA 31401,,SVR-01058,2027-02-27,2001531010,324 E Harris St LLC,324eharrisst@gmail.com,9128009004,Type 2: Non-Owner-Occupied STVR Certificate,2,1,6,SAVANNAH DOWNTOWN HISTORIC DISTRICT,2001531010,311 HABERSHAM ST,,,SAVANNAH,GA,31401,"311 HABERSHAM ST, SAVANNAH, GA 31401",311 HABERSHAM ST,311 HABERSHAM ST,Normalized,
608  LINCOLN ST  SAVANNAH GA 31401,A,SVR-01059,2026-10-01,2004402022,Joseph Zehler,joseph.zehler@gmail.com,9126652257,Type 2: Non-Owner-Occupied STVR Certificate,1,1,4,SAVANNAH DOWNTOWN HISTORIC DISTRICT,2004402022,608 LINCOLN ST,A,,SAVANNAH,GA,31401,"608 LINCOLN ST UNIT A, SAVANNAH, GA 31401",608 LINCOLN ST,608 LINCOLN ST UNIT A,Normalized,
608  LINCOLN ST  SAVANNAH GA 31401,B,SVR-01060,2026-10-01,2004402022,Joseph Zehler,joseph.zehler@gmail.com,9126652257,Type 2: Non-Owner-Occupied STVR Certificate,3,1,8,SAVANNAH DOWNTOWN HISTORIC DISTRICT,2004402022,608 LINCOLN ST,B,,SAVANNAH,GA,31401,"608 LINCOLN ST UNIT B, SAVANNAH, GA 31401",608 LINCOLN ST,608 LINCOLN ST UNIT B,Normalized,
222 EAST PARK AVE  SAVANNAH GA 31401,B,SVR-01068,2027-04-04,2004427005,24square Inc,24squaresavannah@gmail.com,9787667088,Type 2: Non-Owner-Occupied STVR Certificate,2,2,6,VICTORIAN HISTORIC DISTRICT,2004427005,222 E PARK AVE,B,,SAVANNAH,GA,31401,"222 E PARK AVE UNIT B, SAVANNAH, GA 31401",222 E PARK AVE,222 E PARK AVE UNIT B,Normalized,
37   MONTGOMERY ST  SAVANNAH GA 31401,,SVR-01078,2027-01-18,2001616001C,Lucky Savannah Vacation Rentals,owners@luckysavannah.com,9124958582,Type 2: Non-Owner-Occupied STVR Certificate,3,,8,SAVANNAH DOWNTOWN HISTORIC DISTRICT,2001616001C,37 MONTGOMERY ST,,,SAVANNAH,GA,31401,"37 MONTGOMERY ST, SAVANNAH, GA 31401",37 MONTGOMERY ST,37 MONTGOMERY ST,Normalized,
443  TATTNALL ST  SAVANNAH GA 31401,,SVR-01079,2027-01-07,2003240007,Savannah Getaways,kim@savannahgetaways.net,9126569517,Type 2: Non-Owner-Occupied STVR Certificate,2,2,6,SAVANNAH DOWNTOWN HISTORIC DISTRICT,2003240007,443 TATTNALL ST,,,SAVANNAH,GA,31401,"443 TATTNALL ST, SAVANNAH, GA 31401",443 TATTNALL ST,443 TATTNALL ST,Normalized,
912  JEFFERSON ST  SAVANNAH GA 31401,,SVR-00110,2027-06-12,2004417007,NANCY MAIA,themaiansavannah@gmail.com,9125096881,Type 2: Non-Owner-Occupied STVR Certificate,2,1,4,VICTORIAN HISTORIC DISTRICT,2004417007,912 JEFFERSON ST,,,SAVANNAH,GA,31401,"912 JEFFERSON ST, SAVANNAH, GA 31401",912 JEFFERSON ST,912 JEFFERSON ST,Normalized,
102 EAST 35TH ST  SAVANNAH GA 31401,1A,SVR-01097,2027-07-18,2006501012,Southern Belle Vacation Rentals,stvr@southernbellevr.com,9122890130,Type 2: Non-Owner-Occupied STVR Certificate,1,1,4,STREETCAR HISTORIC DISTRICT,2006501012,102 E 35TH ST,1A,,SAVANNAH,GA,31401,"102 E 35TH ST UNIT 1A, SAVANNAH, GA 31401",102 E 35TH ST,102 E 35TH ST UNIT 1A,Normalized,
102 EAST 35TH ST  SAVANNAH GA 31401,2,SVR-01098,2027-07-18,2006501012,Southern Belle Vacation Rentals,stvr@southernbellevr.com,9122190130,Type 2: Non-Owner-Occupied STVR Certificate,1,1,4,STREETCAR HISTORIC DISTRICT,2006501012,102 E 35TH ST,2,,SAVANNAH,GA,31401,"102 E 35TH ST UNIT 2, SAVANNAH, GA 31401",102 E 35TH ST,102 E 35TH ST UNIT 2,Normalized,
102 EAST 35TH ST  SAVANNAH GA 31401,4,SVR-01099,2027-07-18,2006501012,Southern Belle Vacation Rentals,stvr@southernbellevr.com,9122190130,Type 2: Non-Owner-Occupied STVR Certificate,2,1,6,STREETCAR HISTORIC DISTRICT,2006501012,102 E 35TH ST,4,,SAVANNAH,GA,31401,"102 E 35TH ST UNIT 4, SAVANNAH, GA 31401",102 E 35TH ST,102 E 35TH ST UNIT 4,Normalized,
105  WHITAKER ST  SAVANNAH GA 31401,203,SVR-01100,2027-07-16,2000443036,Lucky Savannah Vacation Rentals,owners@luckysavannah.com,9124958582,Type 2: Non-Owner-Occupied STVR Certificate,2,,6,SAVANNAH DOWNTOWN HISTORIC DISTRICT,2000443036,105 WHITAKER ST,203,,SAVANNAH,GA,31401,"105 WHITAKER ST UNIT 203, SAVANNAH, GA 31401",105 WHITAKER ST,105 WHITAKER ST UNIT 203,Normalized,
111 WEST GWINNETT ST  SAVANNAH GA 31401,,SVR-01102,2027-08-01,2004410001,Chase Stahl,chase@southkeymgmt.com,9128001321,Type 2: Non-Owner-Occupied STVR Certificate,3,3,8,VICTORIAN HISTORIC DISTRICT,2004410001,111 W GWINNETT ST,,,SAVANNAH,GA,31401,"111 W GWINNETT ST, SAVANNAH, GA 31401",111 W GWINNETT ST,111 W GWINNETT ST,Normalized,
309 EAST GASTON ST  SAVANNAH GA 31401,,SVR-01103,2027-06-14,2003250002,Lucky Savannah Vacation Rentals,owners@luckysavannah.com,9124958582,Type 2: Non-Owner-Occupied STVR Certificate,5,2,12,SAVANNAH DOWNTOWN HISTORIC DISTRICT,2003250002,309 E GASTON ST,,,SAVANNAH,GA,31401,"309 E GASTON ST, SAVANNAH, GA 31401",309 E GASTON ST,309 E GASTON ST,Normalized,
501 EAST JONES ST  SAVANNAH GA 31401,,SVR-00112,2027-04-17,2003301001,Anderson VIP Concierge LLC,mary@savannahluxuryrentals.com,9125252022,Type 2: Non-Owner-Occupied STVR Certificate,1,,4,SAVANNAH DOWNTOWN HISTORIC DISTRICT,2003301001,501 E JONES ST,,,SAVANNAH,GA,31401,"501 E JONES ST, SAVANNAH, GA 31401",501 E JONES ST,501 E JONES ST,Normalized,
420 EAST GASTON ST  SAVANNAH GA 31401,,SVR-01106,2027-07-26,2003248016A,Lucky Savannah Vacation Rentals,owners@luckysavannah.com,9124958582,Type 2: Non-Owner-Occupied STVR Certificate,2,,4,SAVANNAH DOWNTOWN HISTORIC DISTRICT,2003248016A,420 E GASTON ST,,,SAVANNAH,GA,31401,"420 E GASTON ST, SAVANNAH, GA 31401",420 E GASTON ST,420 E GASTON ST,Normalized,
206 EAST GWINNETT ST  SAVANNAH GA 31401,,SVR-01109,2027-01-07,2004406006,James Hundsrucker,jhundsrucker@gmail.com,9128441913,Type 2: Non-Owner-Occupied STVR Certificate,3,1,8,SAVANNAH DOWNTOWN HISTORIC DISTRICT,2004406006,206 E GWINNETT ST,,,SAVANNAH,GA,31401,"206 E GWINNETT ST, SAVANNAH, GA 31401",206 E GWINNETT ST,206 E GWINNETT ST,Normalized,
517 EAST GORDON ST  SAVANNAH GA 31401,,SVR-01114,2027-01-28,2003303014,Lucky Savannah Vacation Rentals,owners@luckysavannah.com,9124958582,Type 2: Non-Owner-Occupied STVR Certificate,2,2,6,SAVANNAH DOWNTOWN HISTORIC DISTRICT,2003303014,517 E GORDON ST,,,SAVANNAH,GA,31401,"517 E GORDON ST, SAVANNAH, GA 31401",517 E GORDON ST,517 E GORDON ST,Normalized,
5 WEST BROUGHTON ST  SAVANNAH GA 31401,301,SVR-01115,2027-07-23,2000444026,Zachary Tombley,operations@stayblackswan.com,6155517255,Type 2: Non-Owner-Occupied STVR Certificate,2,,6,SAVANNAH DOWNTOWN HISTORIC DISTRICT,2000444026,5 W BROUGHTON ST,301,,SAVANNAH,GA,31401,"5 W BROUGHTON ST UNIT 301, SAVANNAH, GA 31401",5 W BROUGHTON ST,5 W BROUGHTON ST UNIT 301,Normalized,
503 EAST JONES ST  SAVANNAH GA 31401,,SVR-00113,2027-04-17,2003301001,Anderson VIP Concierge LLC,mary@savannahluxuryrentals.com,9125252022,Type 2: Non-Owner-Occupied STVR Certificate,2,,6,SAVANNAH DOWNTOWN HISTORIC DISTRICT,2003301001,503 E JONES ST,,,SAVANNAH,GA,31401,"503 E JONES ST, SAVANNAH, GA 31401",503 E JONES ST,503 E JONES ST,Normalized,
41 EAST BROAD ST  SAVANNAH GA 31401,A,SVR-01119,2026-10-29,2000515012,South Key Management Company,chase@southkeymgmt.com,9128001321,Type 2: Non-Owner-Occupied STVR Certificate,1,,4,SAVANNAH DOWNTOWN HISTORIC DISTRICT,2000515012,41 E BROAD ST,A,,SAVANNAH,GA,31401,"41 E BROAD ST UNIT A, SAVANNAH, GA 31401",41 E BROAD ST,41 E BROAD ST UNIT A,Normalized,
204 WEST JONES ST  SAVANNAH GA 31401,GARDEN,SVR-01129,2027-06-05,2003128002A,South Key Management Company,chase@southkeymgmt.com,9128001321,Type 2: Non-Owner-Occupied STVR Certificate,1,1,4,SAVANNAH DOWNTOWN HISTORIC DISTRICT,2003128002A,204 W JONES ST,GARDEN,,SAVANNAH,GA,31401,"204 W JONES ST UNIT GARDEN, SAVANNAH, GA 31401",204 W JONES ST,204 W JONES ST UNIT GARDEN,Normalized,
123 EAST JONES ST  SAVANNAH GA 31401,A,SVR-01130,2027-08-06,2003214011,Anderson VIP Concierge LLC,mary@savannahluxuryrentals.com,9125252022,Type 2: Non-Owner-Occupied STVR Certificate,1,,4,SAVANNAH DOWNTOWN HISTORIC DISTRICT,2003214011,123 E JONES ST,A,,SAVANNAH,GA,31401,"123 E JONES ST UNIT A, SAVANNAH, GA 31401",123 E JONES ST,123 E JONES ST UNIT A,Normalized,
122 WEST JONES ST  SAVANNAH GA 31401,A,SVR-01131,2026-10-27,2001545015,Sabrina Nagel,mountjonesllc@gmail.com,9126318005,Type 2: Non-Owner-Occupied STVR Certificate,1,,4,SAVANNAH DOWNTOWN HISTORIC DISTRICT,2001545015,122 W JONES ST,A,,SAVANNAH,GA,31401,"122 W JONES ST UNIT A, SAVANNAH, GA 31401",122 W JONES ST,122 W JONES ST UNIT A,Normalized,
41 EAST BROAD ST  SAVANNAH GA 31401,B,SVR-01148,2026-10-29,2000515012,South Key Management Company,chase@southkeymgmt.com,9128001321,Type 2: Non-Owner-Occupied STVR Certificate,1,,4,SAVANNAH DOWNTOWN HISTORIC DISTRICT,2000515012,41 E BROAD ST,B,,SAVANNAH,GA,31401,"41 E BROAD ST UNIT B, SAVANNAH, GA 31401",41 E BROAD ST,41 E BROAD ST UNIT B,Normalized,
43 EAST BROAD ST  SAVANNAH GA 31401,,SVR-01149,2026-10-29,2000515012,South Key Management Company,chase@southkeymgmt.com,9128001321,Type 2: Non-Owner-Occupied STVR Certificate,1,,4,SAVANNAH DOWNTOWN HISTORIC DISTRICT,2000515012,43 E BROAD ST,,,SAVANNAH,GA,31401,"43 E BROAD ST, SAVANNAH, GA 31401",43 E BROAD ST,43 E BROAD ST,Normalized,
45 EAST BROAD ST  SAVANNAH GA 31401,,SVR-01150,2026-10-29,2000515012,South Key Management Company,chase@southkeymgmt.com,9128001321,Type 2: Non-Owner-Occupied STVR Certificate,1,,4,SAVANNAH DOWNTOWN HISTORIC DISTRICT,2000515012,45 E BROAD ST,,,SAVANNAH,GA,31401,"45 E BROAD ST, SAVANNAH, GA 31401",45 E BROAD ST,45 E BROAD ST,Normalized,
47 EAST BROAD ST  SAVANNAH GA 31401,A,SVR-01151,2026-10-29,2000515012,South Key Management Company,chase@southkeymgmt.com,9128001321,Type 2: Non-Owner-Occupied STVR Certificate,1,,4,SAVANNAH DOWNTOWN HISTORIC DISTRICT,2000515012,47 E BROAD ST,A,,SAVANNAH,GA,31401,"47 E BROAD ST UNIT A, SAVANNAH, GA 31401",47 E BROAD ST,47 E BROAD ST UNIT A,Normalized,
47 EAST BROAD ST  SAVANNAH GA 31401,B,SVR-01152,2026-10-29,2000515012,South Key Management Company,chase@southkeymgmt.com,9128001321,Type 2: Non-Owner-Occupied STVR Certificate,1,,4,SAVANNAH DOWNTOWN HISTORIC DISTRICT,2000515012,47 E BROAD ST,B,,SAVANNAH,GA,31401,"47 E BROAD ST UNIT B, SAVANNAH, GA 31401",47 E BROAD ST,47 E BROAD ST UNIT B,Normalized,
505 EAST JONES ST  SAVANNAH GA 31401,GARDEN,SVR-00117,2027-02-25,2003301002,Anderson VIP Concierge LLC,mary@savannahluxuryrentals.com,9125252022,Type 2: Non-Owner-Occupied STVR Certificate,1,,4,SAVANNAH DOWNTOWN HISTORIC DISTRICT,2003301002,505 E JONES ST,GARDEN,,SAVANNAH,GA,31401,"505 E JONES ST UNIT GARDEN, SAVANNAH, GA 31401",505 E JONES ST,505 E JONES ST UNIT GARDEN,Normalized,
34  HABERSHAM ST  SAVANNAH GA 31401,B,SVR-01161,2027-07-16,2000442006,Lucky Savannah Vacation Rentals,owners@luckysavannah.com,9124958582,Type 2: Non-Owner-Occupied STVR Certificate,2,1,6,SAVANNAH DOWNTOWN HISTORIC DISTRICT,2000442006,34 HABERSHAM ST,B,,SAVANNAH,GA,31401,"34 HABERSHAM ST UNIT B, SAVANNAH, GA 31401",34 HABERSHAM ST,34 HABERSHAM ST UNIT B,Normalized,
301 EAST CHARLTON ST  SAVANNAH GA 31401,Carriage House,SVR-01165,2027-06-07,2003209001,Lucky Savannah Vacation Rentals,owners@luckysavannah.com,9124958582,Type 2: Non-Owner-Occupied STVR Certificate,1,,4,SAVANNAH DOWNTOWN HISTORIC DISTRICT,2003209001,301 E CHARLTON ST,CARRIAGE HOUSE,,SAVANNAH,GA,31401,"301 E CHARLTON ST UNIT CARRIAGE HOUSE, SAVANNAH, GA 31401",301 E CHARLTON ST,301 E CHARLTON ST UNIT CARRIAGE HOUSE,Normalized,
505 EAST JONES ST  SAVANNAH GA 31401,,SVR-00118,2027-02-25,2003301002,Anderson VIP Concierge LLC,mary@savannahluxuryrentals.com,9125252022,Type 2: Non-Owner-Occupied STVR Certificate,2,,6,SAVANNAH DOWNTOWN HISTORIC DISTRICT,2003301002,505 E JONES ST,,,SAVANNAH,GA,31401,"505 E JONES ST, SAVANNAH, GA 31401",505 E JONES ST,505 E JONES ST,Normalized,
122 WEST JONES ST  SAVANNAH GA 31401,C,SVR-01167,2026-10-27,2001545015,Sabrina Nagel,mountjonesllc@gmail.com,9126318005,Type 2: Non-Owner-Occupied STVR Certificate,1,,4,SAVANNAH DOWNTOWN HISTORIC DISTRICT,2001545015,122 W JONES ST,C,,SAVANNAH,GA,31401,"122 W JONES ST UNIT C, SAVANNAH, GA 31401",122 W JONES ST,122 W JONES ST UNIT C,Normalized,
331  TATTNALL ST  SAVANNAH GA 31401,A,SVR-01173,2027-06-22,2003121003,Southern Belle Vacation Rentals,stvr@southernbellevr.com,9122890130,Type 2: Non-Owner-Occupied STVR Certificate,1,2,4,SAVANNAH DOWNTOWN HISTORIC DISTRICT,2003121003,331 TATTNALL ST,A,,SAVANNAH,GA,31401,"331 TATTNALL ST UNIT A, SAVANNAH, GA 31401",331 TATTNALL ST,331 TATTNALL ST UNIT A,Normalized,
311 EAST PARK AVE  SAVANNAH GA 31401,,SVR-01174,2027-02-12,2005302017,24square Inc,24squaresavannah@gmail.com,9787667088,Type 2: Non-Owner-Occupied STVR Certificate,2,2,6,VICTORIAN HISTORIC DISTRICT,2005302017,311 E PARK AVE,,,SAVANNAH,GA,31401,"311 E PARK AVE, SAVANNAH, GA 31401",311 E PARK AVE,311 E PARK AVE,Normalized,
311 EAST PARK AVE  SAVANNAH GA 31401,One-half,SVR-01175,2026-09-27,2005302017,24square Inc,24squaresavannah@gmail.com,9787667088,Type 2: Non-Owner-Occupied STVR Certificate,1,1,4,VICTORIAN HISTORIC DISTRICT,2005302017,311 E PARK AVE,ONE-HALF,,SAVANNAH,GA,31401,"311 E PARK AVE UNIT ONE-HALF, SAVANNAH, GA 31401",311 E PARK AVE,311 E PARK AVE UNIT ONE-HALF,Normalized,
515 EAST PERRY ST  SAVANNAH GA 31401,,SVR-01177,2027-08-16,2001410016A,Sharon O'Connor,sharono100@hotmail.com,4047867548,Type 2: Non-Owner-Occupied STVR Certificate,2,1,6,SAVANNAH DOWNTOWN HISTORIC DISTRICT,2001410016A,515 E PERRY ST,,,SAVANNAH,GA,31401,"515 E PERRY ST, SAVANNAH, GA 31401",515 E PERRY ST,515 E PERRY ST,Normalized,
1312  ABERCORN ST  SAVANNAH GA 31401,,SVR-01181,2026-12-11,2005311011,NOLA RE Management Group LLC,compliance@stayheirloom.com,5045070523,Type 2: Non-Owner-Occupied STVR Certificate,4,2,10,VICTORIAN HISTORIC DISTRICT,2005311011,1312 ABERCORN ST,,,SAVANNAH,GA,31401,"1312 ABERCORN ST, SAVANNAH, GA 31401",1312 ABERCORN ST,1312 ABERCORN ST,Normalized,
18 EAST MACON ST  SAVANNAH GA 31401,Lower Level,SVR-01183,2026-10-16,2001541002,CHRISTOPHER & MOIRA NOVACK,cnovack@gaports.com,8134490393,Type 2: Non-Owner-Occupied STVR Certificate,1,1,4,SAVANNAH DOWNTOWN HISTORIC DISTRICT,2001541002,18 E MACON ST,LOWER LEVEL,,SAVANNAH,GA,31401,"18 E MACON ST UNIT LOWER LEVEL, SAVANNAH, GA 31401",18 E MACON ST,18 E MACON ST UNIT LOWER LEVEL,Normalized,
812  MONTGOMERY ST  SAVANNAH GA 31401,,SVR-01185,2026-12-04,2005202011,DEBORAH FISCHER,debbie@savannahrumrunnersbakery.com,6142066179,Type 2: Non-Owner-Occupied STVR Certificate,1,1,4,VICTORIAN HISTORIC DISTRICT,2005202011,812 MONTGOMERY ST,,,SAVANNAH,GA,31401,"812 MONTGOMERY ST, SAVANNAH, GA 31401",812 MONTGOMERY ST,812 MONTGOMERY ST,Normalized,
201 WEST LIBERTY ST  SAVANNAH GA 31401,201,SVR-00012,2027-08-08,2003116017,Southern Belle Vacation Rentals,stvr@southernbellevr.com,9122890130,Type 2: Non-Owner-Occupied STVR Certificate,1,1,4,SAVANNAH DOWNTOWN HISTORIC DISTRICT,2003116017,201 W LIBERTY ST,201,,SAVANNAH,GA,31401,"201 W LIBERTY ST UNIT 201, SAVANNAH, GA 31401",201 W LIBERTY ST,201 W LIBERTY ST UNIT 201,Normalized,
215 WEST GASTON ST  SAVANNAH GA 31401,,SVR-00123,2027-06-04,2003255022,Lucky Savannah Vacation Rentals,owners@luckysavannah.com,9124958582,Type 2: Non-Owner-Occupied STVR Certificate,2,,4,SAVANNAH DOWNTOWN HISTORIC DISTRICT,2003255022,215 W GASTON ST,,,SAVANNAH,GA,31401,"215 W GASTON ST, SAVANNAH, GA 31401",215 W GASTON ST,215 W GASTON ST,Normalized,
219 EAST GASTON ST  SAVANNAH GA 31401,Garden,SVR-00124,2026-11-01,2003251008,Monica Mastrinni,mmastrianni@greenlinearch.com,9126583204,Type 2: Non-Owner-Occupied STVR Certificate,1,1,4,SAVANNAH DOWNTOWN HISTORIC DISTRICT,2003251008,219 E GASTON ST,GARDEN,,SAVANNAH,GA,31401,"219 E GASTON ST UNIT GARDEN, SAVANNAH, GA 31401",219 E GASTON ST,219 E GASTON ST UNIT GARDEN,Normalized,
516  JEFFERSON ST  SAVANNAH GA 31401,,SVR-01244,2026-12-18,2004523007,Ronald Johnston and Holly Atwell,hollyatwellnc@yahoo.com,3363542999,Type 2: Non-Owner-Occupied STVR Certificate,1,,4,SAVANNAH DOWNTOWN HISTORIC DISTRICT,2004523007,516 JEFFERSON ST,,,SAVANNAH,GA,31401,"516 JEFFERSON ST, SAVANNAH, GA 31401",516 JEFFERSON ST,516 JEFFERSON ST,Normalized,
436  LINCOLN ST  SAVANNAH GA 31401,,SVR-00126,2027-06-14,2003247001,Lucky Savannah Vacation Rentals,owners@luckysavannah.com,9124958582,Type 2: Non-Owner-Occupied STVR Certificate,3,,8,SAVANNAH DOWNTOWN HISTORIC DISTRICT,2003247001,436 LINCOLN ST,,,SAVANNAH,GA,31401,"436 LINCOLN ST, SAVANNAH, GA 31401",436 LINCOLN ST,436 LINCOLN ST,Normalized,
531 EAST JONES ST  SAVANNAH GA 31401,,SVR-00128,2027-07-13,2003301040,Lucky Savannah Vacation Rentals,owners@luckysavannah.com,9124958582,Type 2: Non-Owner-Occupied STVR Certificate,3,2,6,SAVANNAH DOWNTOWN HISTORIC DISTRICT,2003301040,531 E JONES ST,,,SAVANNAH,GA,31401,"531 E JONES ST, SAVANNAH, GA 31401",531 E JONES ST,531 E JONES ST,Normalized,
804  ABERCORN ST  SAVANNAH GA 31401,,SVR-01278,2026-11-05,2004414008,South Key Management Company,chase@southkeymgmt.com,9128001321,Type 2: Non-Owner-Occupied STVR Certificate,1,1,4,VICTORIAN HISTORIC DISTRICT,2004414008,804 ABERCORN ST,,,SAVANNAH,GA,31401,"804 ABERCORN ST, SAVANNAH, GA 31401",804 ABERCORN ST,804 ABERCORN ST,Normalized,
710   BARNARD ST  SAVANNAH GA 31401,1,SVR-01300,2027-02-04,2003262010,NOLA RE Management Group LLC,compliance@stayheirloom.com,5045070523,Type 2: Non-Owner-Occupied STVR Certificate,4,1,10,SAVANNAH DOWNTOWN HISTORIC DISTRICT,2003262010,710 BARNARD ST,1,,SAVANNAH,GA,31401,"710 BARNARD ST UNIT 1, SAVANNAH, GA 31401",710 BARNARD ST,710 BARNARD ST UNIT 1,Normalized,
224 EAST OGLETHORPE AVE  SAVANNAH GA 31401,F,SVR-01301,2027-02-25,2001506010,NOLA RE Management Group LLC,compliance@stayheirloom.com,5045070523,Type 2: Non-Owner-Occupied STVR Certificate,1,,4,SAVANNAH DOWNTOWN HISTORIC DISTRICT,2001506010,224 E OGLETHORPE AVE,F,,SAVANNAH,GA,31401,"224 E OGLETHORPE AVE UNIT F, SAVANNAH, GA 31401",224 E OGLETHORPE AVE,224 E OGLETHORPE AVE UNIT F,Normalized,
224 EAST OGLETHORPE AVE  SAVANNAH GA 31401,G,SVR-01303,2027-02-25,2001506010,NOLA RE Management Group LLC,compliance@stayheirloom.com,5045070523,Type 2: Non-Owner-Occupied STVR Certificate,1,,4,SAVANNAH DOWNTOWN HISTORIC DISTRICT,2001506010,224 E OGLETHORPE AVE,G,,SAVANNAH,GA,31401,"224 E OGLETHORPE AVE UNIT G, SAVANNAH, GA 31401",224 E OGLETHORPE AVE,224 E OGLETHORPE AVE UNIT G,Normalized,
224 EAST OGLETHORPE AVE  SAVANNAH GA 31401,H,SVR-01304,2027-02-25,2001506010,NOLA RE Management Group LLC,compliance@stayheirloom.com,5045070523,Type 2: Non-Owner-Occupied STVR Certificate,1,,4,SAVANNAH DOWNTOWN HISTORIC DISTRICT,2001506010,224 E OGLETHORPE AVE,H,,SAVANNAH,GA,31401,"224 E OGLETHORPE AVE UNIT H, SAVANNAH, GA 31401",224 E OGLETHORPE AVE,224 E OGLETHORPE AVE UNIT H,Normalized,
111 WEST GWINNETT ST  SAVANNAH GA 31401,B,SVR-01305,2026-12-12,2004410001,South Key Management Company,chase@southkeymgmt.com,9128001321,Type 2: Non-Owner-Occupied STVR Certificate,1,1,4,VICTORIAN HISTORIC DISTRICT,2004410001,111 W GWINNETT ST,B,,SAVANNAH,GA,31401,"111 W GWINNETT ST UNIT B, SAVANNAH, GA 31401",111 W GWINNETT ST,111 W GWINNETT ST UNIT B,Normalized,
540 EAST JONES ST  SAVANNAH GA 31401,,SVR-00131,2027-02-13,2001419005A,Anderson VIP Concierge LLC,mary@savannahluxuryrentals.com,9125252022,Type 2: Non-Owner-Occupied STVR Certificate,2,,6,SAVANNAH DOWNTOWN HISTORIC DISTRICT,2001419005A,540 E JONES ST,,,SAVANNAH,GA,31401,"540 E JONES ST, SAVANNAH, GA 31401",540 E JONES ST,540 E JONES ST,Normalized,
314 EAST PARK AVE  SAVANNAH GA 31401,B,SVR-01312,2026-09-26,2004428003,Travis Austin,travisareiser79@yahoo.com,9126589886,Type 2: Non-Owner-Occupied STVR Certificate,2,1,6,VICTORIAN HISTORIC DISTRICT,2004428003,314 E PARK AVE,B,,SAVANNAH,GA,31401,"314 E PARK AVE UNIT B, SAVANNAH, GA 31401",314 E PARK AVE,314 E PARK AVE UNIT B,Normalized,
316 EAST PARK AVE  SAVANNAH GA 31401,B,SVR-01314,2026-09-26,2004428003,Travis Austin,travisareiser79@yahoo.com,9126589886,Type 2: Non-Owner-Occupied STVR Certificate,2,1,6,VICTORIAN HISTORIC DISTRICT,2004428003,316 E PARK AVE,B,,SAVANNAH,GA,31401,"316 E PARK AVE UNIT B, SAVANNAH, GA 31401",316 E PARK AVE,316 E PARK AVE UNIT B,Normalized,
116 EAST DUFFY ST  SAVANNAH GA 31401,B,SVR-01315,2027-07-20,2004433005,Chase Stahl,chase@southkeymgmt.com,9128001321,Type 2: Non-Owner-Occupied STVR Certificate,2,2,4,VICTORIAN HISTORIC DISTRICT,2004433005,116 E DUFFY ST,B,,SAVANNAH,GA,31401,"116 E DUFFY ST UNIT B, SAVANNAH, GA 31401",116 E DUFFY ST,116 E DUFFY ST UNIT B,Normalized,
118 EAST DUFFY ST  SAVANNAH GA 31401,B,SVR-01316,2027-07-20,2004433005,Chase Stahl,chase@southkeymgmt.com,9128001321,Type 2: Non-Owner-Occupied STVR Certificate,2,2,4,VICTORIAN HISTORIC DISTRICT,2004433005,118 E DUFFY ST,B,,SAVANNAH,GA,31401,"118 E DUFFY ST UNIT B, SAVANNAH, GA 31401",118 E DUFFY ST,118 E DUFFY ST UNIT B,Normalized,
537 EAST CHARLTON LN  SAVANNAH GA 31401,,SVR-00132,2027-02-13,2001419005A,Anderson VIP Concierge LLC,mary@savannahluxuryrentals.com,9125252022,Type 2: Non-Owner-Occupied STVR Certificate,1,,4,SAVANNAH DOWNTOWN HISTORIC DISTRICT,2001419005A,537 E CHARLTON LN,,,SAVANNAH,GA,31401,"537 E CHARLTON LN, SAVANNAH, GA 31401",537 E CHARLTON LN,537 E CHARLTON LN,Normalized,
211 WEST WALDBURG LN  SAVANNAH GA 31401,C,SVR-01324,2027-07-23,2005215003,Jessica Beeman,jessicabeeman@mac.com,8187934520,Type 2: Non-Owner-Occupied STVR Certificate,1,1,4,VICTORIAN HISTORIC DISTRICT,2005215003,211 W WALDBURG LN,C,,SAVANNAH,GA,31401,"211 W WALDBURG LN UNIT C, SAVANNAH, GA 31401",211 W WALDBURG LN,211 W WALDBURG LN UNIT C,Normalized,
211 WEST WALDBURG ST  SAVANNAH GA 31401,B,SVR-01325,2027-07-23,2005215003,Jessica Beeman,jessicabeeman@mac.com,8187934520,Type 2: Non-Owner-Occupied STVR Certificate,3,,8,VICTORIAN HISTORIC DISTRICT,2005215003,211 W WALDBURG ST,B,,SAVANNAH,GA,31401,"211 W WALDBURG ST UNIT B, SAVANNAH, GA 31401",211 W WALDBURG ST,211 W WALDBURG ST UNIT B,Normalized,
211 WEST WALDBURG ST  SAVANNAH GA 31401,A,SVR-01326,2027-07-23,2005215003,Jessica Beeman,jessicabeeman@mac.com,8187934520,Type 2: Non-Owner-Occupied STVR Certificate,2,,4,VICTORIAN HISTORIC DISTRICT,2005215003,211 W WALDBURG ST,A,,SAVANNAH,GA,31401,"211 W WALDBURG ST UNIT A, SAVANNAH, GA 31401",211 W WALDBURG ST,211 W WALDBURG ST UNIT A,Normalized,
303 EAST PARK AVE  SAVANNAH GA 31401,,SVR-01328,2027-04-08,2005302014,Chase Stahl d/b/a South Key Management Company,chase@southkeymgmt.com,9128001321,Type 2: Non-Owner-Occupied STVR Certificate,2,,6,VICTORIAN HISTORIC DISTRICT,2005302014,303 E PARK AVE,,,SAVANNAH,GA,31401,"303 E PARK AVE, SAVANNAH, GA 31401",303 E PARK AVE,303 E PARK AVE,Normalized,
28 EAST TAYLOR ST  SAVANNAH GA 31401,2,SVR-00133,2027-05-21,2003215011,Lucky Savannah Vacation Rentals,owners@luckysavannah.com,9124958582,Type 2: Non-Owner-Occupied STVR Certificate,1,,4,SAVANNAH DOWNTOWN HISTORIC DISTRICT,2003215011,28 E TAYLOR ST,2,,SAVANNAH,GA,31401,"28 E TAYLOR ST UNIT 2, SAVANNAH, GA 31401",28 E TAYLOR ST,28 E TAYLOR ST UNIT 2,Normalized,
211 EAST HENRY ST  SAVANNAH GA 31401,,SVR-01334,2027-02-25,2005311024,Jonathan & Carmen Kurdys,prodigalproperties@yahoo.com,9122242548,Type 2: Non-Owner-Occupied STVR Certificate,4,3,10,VICTORIAN HISTORIC DISTRICT,2005311024,211 E HENRY ST,,,SAVANNAH,GA,31401,"211 E HENRY ST, SAVANNAH, GA 31401",211 E HENRY ST,211 E HENRY ST,Normalized,
1208  LINCOLN ST  SAVANNAH GA 31401,,SVR-01337,2026-10-26,2005305009,NOLA RE Management Group LLC,compliance@stayheirloom.com,5045070523,Type 2: Non-Owner-Occupied STVR Certificate,3,1,8,VICTORIAN HISTORIC DISTRICT,2005305009,1208 LINCOLN ST,,,SAVANNAH,GA,31401,"1208 LINCOLN ST, SAVANNAH, GA 31401",1208 LINCOLN ST,1208 LINCOLN ST,Normalized,
28 EAST TAYLOR ST  SAVANNAH GA 31401,1,SVR-00134,2027-05-22,2003215011,Lucky Savannah Vacation Rentals,owners@luckysavannah.com,9124958582,Type 2: Non-Owner-Occupied STVR Certificate,1,,4,SAVANNAH DOWNTOWN HISTORIC DISTRICT,2003215011,28 E TAYLOR ST,1,,SAVANNAH,GA,31401,"28 E TAYLOR ST UNIT 1, SAVANNAH, GA 31401",28 E TAYLOR ST,28 E TAYLOR ST UNIT 1,Normalized,
208 EAST JONES ST  SAVANNAH GA 31401,5,SVR-01340,2026-09-13,2003208023,Southern Belle Vacation Rentals,stvr@southernbellevr.com,9122890130,Type 2: Non-Owner-Occupied STVR Certificate,2,,6,SAVANNAH DOWNTOWN HISTORIC DISTRICT,2003208023,208 E JONES ST,5,,SAVANNAH,GA,31401,"208 E JONES ST UNIT 5, SAVANNAH, GA 31401",208 E JONES ST,208 E JONES ST UNIT 5,Normalized,
520 EAST HARRIS ST  SAVANNAH GA 31401,,SVR-01341,2026-10-26,2001413023,NOLA RE Management Group LLC,compliance@stayheirloom.com,5045070523,Type 2: Non-Owner-Occupied STVR Certificate,4,1,8,SAVANNAH DOWNTOWN HISTORIC DISTRICT,2001413023,520 E HARRIS ST,,,SAVANNAH,GA,31401,"520 E HARRIS ST, SAVANNAH, GA 31401",520 E HARRIS ST,520 E HARRIS ST,Normalized,
522 EAST HARRIS ST  SAVANNAH GA 31401,,SVR-01342,2026-12-18,2001413024,NOLA RE Management Group LLC,compliance@stayheirloom.com,5045070523,Type 2: Non-Owner-Occupied STVR Certificate,4,1,8,SAVANNAH DOWNTOWN HISTORIC DISTRICT,2001413024,522 E HARRIS ST,,,SAVANNAH,GA,31401,"522 E HARRIS ST, SAVANNAH, GA 31401",522 E HARRIS ST,522 E HARRIS ST,Normalized,
530  PRICE ST  SAVANNAH GA 31401,,SVR-01343,2027-07-26,2003306028,Timothy Filgate & Heather Hammond,filgates@me.com,9126553847,Type 2: Non-Owner-Occupied STVR Certificate,3,2,8,SAVANNAH DOWNTOWN HISTORIC DISTRICT,2003306028,530 PRICE ST,,,SAVANNAH,GA,31401,"530 PRICE ST, SAVANNAH, GA 31401",530 PRICE ST,530 PRICE ST,Normalized,
10 EAST TAYLOR ST  SAVANNAH GA 31401,,SVR-01346,2027-08-06,2003215017,SOUTHERN BELLE VACATION RENTALS,stvr@southernbellevr.com,9122890130,Type 2: Non-Owner-Occupied STVR Certificate,4,2,10,SAVANNAH DOWNTOWN HISTORIC DISTRICT,2003215017,10 E TAYLOR ST,,,SAVANNAH,GA,31401,"10 E TAYLOR ST, SAVANNAH, GA 31401",10 E TAYLOR ST,10 E TAYLOR ST,Normalized,
28 EAST TAYLOR ST  SAVANNAH GA 31401,3,SVR-00135,2027-05-21,2003215011,Lucky Savannah Vacation Rentals,owners@luckysavannah.com,9124958582,Type 2: Non-Owner-Occupied STVR Certificate,1,,4,SAVANNAH DOWNTOWN HISTORIC DISTRICT,2003215011,28 E TAYLOR ST,3,,SAVANNAH,GA,31401,"28 E TAYLOR ST UNIT 3, SAVANNAH, GA 31401",28 E TAYLOR ST,28 E TAYLOR ST UNIT 3,Normalized,
527 EAST HENRY ST  SAVANNAH GA 31401,,SVR-01349,2027-05-14,2005314032,Victoria Jones,jonesvict@gmail.com,7203186818,Type 2: Non-Owner-Occupied STVR Certificate,2,2,6,VICTORIAN HISTORIC DISTRICT,2005314032,527 E HENRY ST,,,SAVANNAH,GA,31401,"527 E HENRY ST, SAVANNAH, GA 31401",527 E HENRY ST,527 E HENRY ST,Normalized,
222 EAST PARK AVE  SAVANNAH GA 31401,A,SVR-01352,2027-04-04,2004427005,24square Inc,24squaresavannah@gmail.com,9787667088,Type 2: Non-Owner-Occupied STVR Certificate,2,1,6,VICTORIAN HISTORIC DISTRICT,2004427005,222 E PARK AVE,A,,SAVANNAH,GA,31401,"222 E PARK AVE UNIT A, SAVANNAH, GA 31401",222 E PARK AVE,222 E PARK AVE UNIT A,Normalized,
208 WEST BAY ST  SAVANNAH GA 31401,3,SVR-01355,2027-07-08,2000309028,Southern Belle Vacation Rentals,stvr@southernbellevr.com,9122190130,Type 2: Non-Owner-Occupied STVR Certificate,2,1,6,SAVANNAH DOWNTOWN HISTORIC DISTRICT,2000309028,208 W BAY ST,3,,SAVANNAH,GA,31401,"208 W BAY ST UNIT 3, SAVANNAH, GA 31401",208 W BAY ST,208 W BAY ST UNIT 3,Normalized,
314 EAST PARK AVE  SAVANNAH GA 31401,A,SVR-01357,2026-09-26,2004428003,Travis Austin,travisareiser79@yahoo.com,9126589886,Type 2: Non-Owner-Occupied STVR Certificate,2,1,6,VICTORIAN HISTORIC DISTRICT,2004428003,314 E PARK AVE,A,,SAVANNAH,GA,31401,"314 E PARK AVE UNIT A, SAVANNAH, GA 31401",314 E PARK AVE,314 E PARK AVE UNIT A,Normalized,
316 EAST PARK AVE  SAVANNAH GA 31401,A,SVR-01358,2026-09-26,2004428003,Travis Austin,travisareiser79@yahoo.com,9126589886,Type 2: Non-Owner-Occupied STVR Certificate,2,1,6,VICTORIAN HISTORIC DISTRICT,2004428003,316 E PARK AVE,A,,SAVANNAH,GA,31401,"316 E PARK AVE UNIT A, SAVANNAH, GA 31401",316 E PARK AVE,316 E PARK AVE UNIT A,Normalized,
28 EAST TAYLOR ST  SAVANNAH GA 31401,4,SVR-00136,2027-05-21,2003215011,Lucky Savannah Vacation Rentals,owners@luckysavannah.com,9124958582,Type 2: Non-Owner-Occupied STVR Certificate,1,,4,SAVANNAH DOWNTOWN HISTORIC DISTRICT,2003215011,28 E TAYLOR ST,4,,SAVANNAH,GA,31401,"28 E TAYLOR ST UNIT 4, SAVANNAH, GA 31401",28 E TAYLOR ST,28 E TAYLOR ST UNIT 4,Normalized,
529 EAST HENRY ST  SAVANNAH GA 31401,,SVR-01359,2026-12-14,2005314032,ERIC & VICTORIA ROHWETTER & JONES,jonesvict@gmail.com,7203186818,Type 2: Non-Owner-Occupied STVR Certificate,2,2,6,VICTORIAN HISTORIC DISTRICT,2005314032,529 E HENRY ST,,,SAVANNAH,GA,31401,"529 E HENRY ST, SAVANNAH, GA 31401",529 E HENRY ST,529 E HENRY ST,Normalized,
107 EAST PARK AVE  SAVANNAH GA 31401,1,SVR-01361,2027-02-12,2004433015,24square Inc,24squaresavannah@gmail.com,9787667088,Type 2: Non-Owner-Occupied STVR Certificate,2,1,4,VICTORIAN HISTORIC DISTRICT,2004433015,107 E PARK AVE,1,,SAVANNAH,GA,31401,"107 E PARK AVE UNIT 1, SAVANNAH, GA 31401",107 E PARK AVE,107 E PARK AVE UNIT 1,Normalized,
515 EAST BOLTON ST  SAVANNAH GA 31401,,SVR-01363,2027-03-07,2004311021,Southern Grace Stays,southerngracegetaways@yahoo.com,9126008086,Type 2: Non-Owner-Occupied STVR Certificate,4,3,10,VICTORIAN HISTORIC DISTRICT,2004311021,515 E BOLTON ST,,,SAVANNAH,GA,31401,"515 E BOLTON ST, SAVANNAH, GA 31401",515 E BOLTON ST,515 E BOLTON ST,Normalized,
224 EAST OGLETHORPE AVE  SAVANNAH GA 31401,B,SVR-01368,2027-02-25,2001506010,NOLA RE Management Group LLC,compliance@stayheirloom.com,5045070523,Type 2: Non-Owner-Occupied STVR Certificate,1,,4,SAVANNAH DOWNTOWN HISTORIC DISTRICT,2001506010,224 E OGLETHORPE AVE,B,,SAVANNAH,GA,31401,"224 E OGLETHORPE AVE UNIT B, SAVANNAH, GA 31401",224 E OGLETHORPE AVE,224 E OGLETHORPE AVE UNIT B,Normalized,
513  HABERSHAM ST  SAVANNAH GA 31401,,SVR-01379,2026-12-18,2003250006,Patrick Bergen,patrick@mintjulepvacationrentals.com,8032370342,Type 2: Non-Owner-Occupied STVR Certificate,4,2,10,SAVANNAH DOWNTOWN HISTORIC DISTRICT,2003250006,513 HABERSHAM ST,,,SAVANNAH,GA,31401,"513 HABERSHAM ST, SAVANNAH, GA 31401",513 HABERSHAM ST,513 HABERSHAM ST,Normalized,
124 EAST LIBERTY ST  SAVANNAH GA 31401,A,SVR-00138,2027-06-01,2001530008,Lucky Savannah Vacation Rentals,owners@luckysavannah.com,9124958582,Type 2: Non-Owner-Occupied STVR Certificate,2,,6,SAVANNAH DOWNTOWN HISTORIC DISTRICT,2001530008,124 E LIBERTY ST,A,,SAVANNAH,GA,31401,"124 E LIBERTY ST UNIT A, SAVANNAH, GA 31401",124 E LIBERTY ST,124 E LIBERTY ST UNIT A,Normalized,
814  MONTGOMERY ST  SAVANNAH GA 31401,,SVR-01380,2026-12-04,2005202011,DEBORAH FISCHER,debbie@savannahrumrunnersbakery.com,6142066179,Type 2: Non-Owner-Occupied STVR Certificate,2,1,6,VICTORIAN HISTORIC DISTRICT,2005202011,814 MONTGOMERY ST,,,SAVANNAH,GA,31401,"814 MONTGOMERY ST, SAVANNAH, GA 31401",814 MONTGOMERY ST,814 MONTGOMERY ST,Normalized,
17 EAST JONES ST  SAVANNAH GA 31401,C,SVR-01381,2026-11-26,2003215005,Cora Bett Thomas Rentals and Management,stvr@cbtrentals.com,9125036652,Type 2: Non-Owner-Occupied STVR Certificate,1,,4,SAVANNAH DOWNTOWN HISTORIC DISTRICT,2003215005,17 E JONES ST,C,,SAVANNAH,GA,31401,"17 E JONES ST UNIT C, SAVANNAH, GA 31401",17 E JONES ST,17 E JONES ST UNIT C,Normalized,
121 WEST JONES ST  SAVANNAH GA 31401,B,SVR-01383,2027-06-07,2003217029,Cora Bett Thomas Rentals and Management,stvr@cbtrentals.com,9125036652,Type 2: Non-Owner-Occupied STVR Certificate,1,1,4,SAVANNAH DOWNTOWN HISTORIC DISTRICT,2003217029,121 W JONES ST,B,,SAVANNAH,GA,31401,"121 W JONES ST UNIT B, SAVANNAH, GA 31401",121 W JONES ST,121 W JONES ST UNIT B,Normalized,
124 EAST LIBERTY ST  SAVANNAH GA 31401,B,SVR-00139,2026-10-31,2001530008,Lucky Savannah Vacation Rentals,owners@luckysavannah.com,9124958582,Type 2: Non-Owner-Occupied STVR Certificate,1,,4,SAVANNAH DOWNTOWN HISTORIC DISTRICT,2001530008,124 E LIBERTY ST,B,,SAVANNAH,GA,31401,"124 E LIBERTY ST UNIT B, SAVANNAH, GA 31401",124 E LIBERTY ST,124 E LIBERTY ST UNIT B,Normalized,
124 EAST LIBERTY ST  SAVANNAH GA 31401,C,SVR-00140,2027-06-01,2001530008,Lucky Savannah Vacation Rentals,owners@luckysavannah.com,9124958582,Type 2: Non-Owner-Occupied STVR Certificate,1,,4,SAVANNAH DOWNTOWN HISTORIC DISTRICT,2001530008,124 E LIBERTY ST,C,,SAVANNAH,GA,31401,"124 E LIBERTY ST UNIT C, SAVANNAH, GA 31401",124 E LIBERTY ST,124 E LIBERTY ST UNIT C,Normalized,
224 EAST OGLETHORPE AVE  SAVANNAH GA 31401,A,SVR-01413,2027-02-25,2001506010,NOLA RE Management Group LLC,compliance@stayheirloom.com,5045070523,Type 2: Non-Owner-Occupied STVR Certificate,1,,4,SAVANNAH DOWNTOWN HISTORIC DISTRICT,2001506010,224 E OGLETHORPE AVE,A,,SAVANNAH,GA,31401,"224 E OGLETHORPE AVE UNIT A, SAVANNAH, GA 31401",224 E OGLETHORPE AVE,224 E OGLETHORPE AVE UNIT A,Normalized,
224 EAST OGLETHORPE AVE  SAVANNAH GA 31401,C,SVR-01414,2027-02-25,2001506010,NOLA RE Management Group LLC,compliance@stayheirloom.com,5045070523,Type 2: Non-Owner-Occupied STVR Certificate,1,,4,SAVANNAH DOWNTOWN HISTORIC DISTRICT,2001506010,224 E OGLETHORPE AVE,C,,SAVANNAH,GA,31401,"224 E OGLETHORPE AVE UNIT C, SAVANNAH, GA 31401",224 E OGLETHORPE AVE,224 E OGLETHORPE AVE UNIT C,Normalized,
224 EAST OGLETHORPE AVE  SAVANNAH GA 31401,D,SVR-01415,2027-02-25,2001506010,NOLA RE Management Group LLC,compliance@stayheirloom.com,5045070523,Type 2: Non-Owner-Occupied STVR Certificate,1,,4,SAVANNAH DOWNTOWN HISTORIC DISTRICT,2001506010,224 E OGLETHORPE AVE,D,,SAVANNAH,GA,31401,"224 E OGLETHORPE AVE UNIT D, SAVANNAH, GA 31401",224 E OGLETHORPE AVE,224 E OGLETHORPE AVE UNIT D,Normalized,
224 EAST OGLETHORPE AVE  SAVANNAH GA 31401,E,SVR-01416,2027-02-25,2001506010,NOLA RE Management Group LLC,compliance@stayheirloom.com,5045070523,Type 2: Non-Owner-Occupied STVR Certificate,1,,4,SAVANNAH DOWNTOWN HISTORIC DISTRICT,2001506010,224 E OGLETHORPE AVE,E,,SAVANNAH,GA,31401,"224 E OGLETHORPE AVE UNIT E, SAVANNAH, GA 31401",224 E OGLETHORPE AVE,224 E OGLETHORPE AVE UNIT E,Normalized,
525 EAST LIBERTY ST  SAVANNAH GA 31401,A,SVR-01419,2026-10-23,2001413032,Arise Property Management,contact@stayatarise.com,9123880845,Type 2: Non-Owner-Occupied STVR Certificate,3,1,8,SAVANNAH DOWNTOWN HISTORIC DISTRICT,2001413032,525 E LIBERTY ST,A,,SAVANNAH,GA,31401,"525 E LIBERTY ST UNIT A, SAVANNAH, GA 31401",525 E LIBERTY ST,525 E LIBERTY ST UNIT A,Normalized,
525 EAST LIBERTY ST  SAVANNAH GA 31401,B,SVR-01420,2026-10-23,2001413032,Arise Property Management,contact@stayatarise.com,9123880845,Type 2: Non-Owner-Occupied STVR Certificate,1,1,4,SAVANNAH DOWNTOWN HISTORIC DISTRICT,2001413032,525 E LIBERTY ST,B,,SAVANNAH,GA,31401,"525 E LIBERTY ST UNIT B, SAVANNAH, GA 31401",525 E LIBERTY ST,525 E LIBERTY ST UNIT B,Normalized,
524 EAST LIBERTY LN  SAVANNAH GA 31401,,SVR-01421,2026-10-23,2001413032,Arise Property Management,contact@stayatarise.com,9123880845,Type 2: Non-Owner-Occupied STVR Certificate,1,1,4,SAVANNAH DOWNTOWN HISTORIC DISTRICT,2001413032,524 E LIBERTY LN,,,SAVANNAH,GA,31401,"524 E LIBERTY LN, SAVANNAH, GA 31401",524 E LIBERTY LN,524 E LIBERTY LN,Normalized,
101 WEST GORDON ST  SAVANNAH GA 31401,A,SVR-00144,2026-10-04,2003242026,Lucky Savannah Vacation Rentals,owners@luckysavannah.com,9124958582,Type 2: Non-Owner-Occupied STVR Certificate,2,,4,SAVANNAH DOWNTOWN HISTORIC DISTRICT,2003242026,101 W GORDON ST,A,,SAVANNAH,GA,31401,"101 W GORDON ST UNIT A, SAVANNAH, GA 31401",101 W GORDON ST,101 W GORDON ST UNIT A,Normalized,
205 EAST PARK AVE  SAVANNAH GA 31401,,SVR-01468,2027-07-12,2004434013,JOACHIM KELLY,kerillcsavannah@gmail.com,9126950906,Type 2: Non-Owner-Occupied STVR Certificate,6,4,12,VICTORIAN HISTORIC DISTRICT,2004434013,205 E PARK AVE,,,SAVANNAH,GA,31401,"205 E PARK AVE, SAVANNAH, GA 31401",205 E PARK AVE,205 E PARK AVE,Normalized,
218 EAST PARK AVE  SAVANNAH GA 31401,A,SVR-01469,2027-07-12,2004427007,Joachim Kelly,kerillcsavannah@gmail.com,9126950906,Type 2: Non-Owner-Occupied STVR Certificate,2,3,4,VICTORIAN HISTORIC DISTRICT,2004427007,218 E PARK AVE,A,,SAVANNAH,GA,31401,"218 E PARK AVE UNIT A, SAVANNAH, GA 31401",218 E PARK AVE,218 E PARK AVE UNIT A,Normalized,
306 EAST DUFFY ST  SAVANNAH GA 31401,A,SVR-01477,2027-02-21,2005302010,Joyce Piersanti,savannaheverafter@gmail.com,9122203778,Type 2: Non-Owner-Occupied STVR Certificate,1,1,4,VICTORIAN HISTORIC DISTRICT,2005302010,306 E DUFFY ST,A,,SAVANNAH,GA,31401,"306 E DUFFY ST UNIT A, SAVANNAH, GA 31401",306 E DUFFY ST,306 E DUFFY ST UNIT A,Normalized,
306 EAST DUFFY ST  SAVANNAH GA 31401,B,SVR-01478,2027-02-21,2005302010,Joyce Piersanti,savannaheverafter@gmail.com,9122203778,Type 2: Non-Owner-Occupied STVR Certificate,1,1,4,VICTORIAN HISTORIC DISTRICT,2005302010,306 E DUFFY ST,B,,SAVANNAH,GA,31401,"306 E DUFFY ST UNIT B, SAVANNAH, GA 31401",306 E DUFFY ST,306 E DUFFY ST UNIT B,Normalized,
310 WEST BROUGHTON ST  SAVANNAH GA 31401,3015A,SVR-01482,2027-02-26,2001615045,Southern Belle Vacation Rentals,stvr@southernbellevr.com,9122890130,Type 2: Non-Owner-Occupied STVR Certificate,2,,4,SAVANNAH DOWNTOWN HISTORIC DISTRICT,2001615045,310 W BROUGHTON ST,3015A,,SAVANNAH,GA,31401,"310 W BROUGHTON ST UNIT 3015A, SAVANNAH, GA 31401",310 W BROUGHTON ST,310 W BROUGHTON ST UNIT 3015A,Normalized,
34 EAST BROAD ST  SAVANNAH GA 31401,,SVR-01486,2027-07-18,2000506015,South Key Management Company,chase@southkeymgmt.com,9128001321,Type 2: Non-Owner-Occupied STVR Certificate,2,2,4,SAVANNAH DOWNTOWN HISTORIC DISTRICT,2000506015,34 E BROAD ST,,,SAVANNAH,GA,31401,"34 E BROAD ST, SAVANNAH, GA 31401",34 E BROAD ST,34 E BROAD ST,Normalized,
36 EAST BROAD ST  SAVANNAH GA 31401,A,SVR-01487,2027-07-18,2000506015,South Key Management Company,chase@southkeymgmt.com,9128001321,Type 2: Non-Owner-Occupied STVR Certificate,1,2,4,SAVANNAH DOWNTOWN HISTORIC DISTRICT,2000506015,36 E BROAD ST,A,,SAVANNAH,GA,31401,"36 E BROAD ST UNIT A, SAVANNAH, GA 31401",36 E BROAD ST,36 E BROAD ST UNIT A,Normalized,
40 EAST BROAD ST  SAVANNAH GA 31401,,SVR-01488,2027-07-18,2000506015,South Key Management Company,chase@southkeymgmt.com,9128001321,Type 2: Non-Owner-Occupied STVR Certificate,2,2,4,SAVANNAH DOWNTOWN HISTORIC DISTRICT,2000506015,40 E BROAD ST,,,SAVANNAH,GA,31401,"40 E BROAD ST, SAVANNAH, GA 31401",40 E BROAD ST,40 E BROAD ST,Normalized,
38 EAST BROAD ST  SAVANNAH GA 31401,A,SVR-01489,2027-07-18,2000506015,South Key Management Company,chase@southkeymgmt.com,9128001321,Type 2: Non-Owner-Occupied STVR Certificate,1,2,4,SAVANNAH DOWNTOWN HISTORIC DISTRICT,2000506015,38 E BROAD ST,A,,SAVANNAH,GA,31401,"38 E BROAD ST UNIT A, SAVANNAH, GA 31401",38 E BROAD ST,38 E BROAD ST UNIT A,Normalized,
36 EAST BROAD ST  SAVANNAH GA 31401,B,SVR-01490,2027-07-18,2000506015,South Key Management Company,chase@southkeymgmt.com,9128001321,Type 2: Non-Owner-Occupied STVR Certificate,1,2,4,SAVANNAH DOWNTOWN HISTORIC DISTRICT,2000506015,36 E BROAD ST,B,,SAVANNAH,GA,31401,"36 E BROAD ST UNIT B, SAVANNAH, GA 31401",36 E BROAD ST,36 E BROAD ST UNIT B,Normalized,
38 EAST BROAD ST  SAVANNAH GA 31401,B,SVR-01493,2027-07-18,2000506015,South Key Management Company,chase@southkeymgmt.com,9128001321,Type 2: Non-Owner-Occupied STVR Certificate,1,2,4,SAVANNAH DOWNTOWN HISTORIC DISTRICT,2000506015,38 E BROAD ST,B,,SAVANNAH,GA,31401,"38 E BROAD ST UNIT B, SAVANNAH, GA 31401",38 E BROAD ST,38 E BROAD ST UNIT B,Normalized,
501 EAST WALDBURG ST  SAVANNAH GA 31401,Main House,SVR-00148,2027-07-06,2004314019,Irene & Darren Bagley-Heath,bagleyheath@mac.com,7742389966,Type 2: Non-Owner-Occupied STVR Certificate,3,2,6,VICTORIAN HISTORIC DISTRICT,2004314019,501 E WALDBURG ST,MAIN HOUSE,,SAVANNAH,GA,31401,"501 E WALDBURG ST UNIT MAIN HOUSE, SAVANNAH, GA 31401",501 E WALDBURG ST,501 E WALDBURG ST UNIT MAIN HOUSE,Normalized,
120 WEST JONES ST  SAVANNAH GA 31401,1,SVR-01494,2026-12-18,2001545035,Ralph Peacock,concierge@120westjones.com,2484045000,Type 2: Non-Owner-Occupied STVR Certificate,2,,4,SAVANNAH DOWNTOWN HISTORIC DISTRICT,2001545035,120 W JONES ST,1,,SAVANNAH,GA,31401,"120 W JONES ST UNIT 1, SAVANNAH, GA 31401",120 W JONES ST,120 W JONES ST UNIT 1,Normalized,
120 WEST JONES ST  SAVANNAH GA 31401,2,SVR-01495,2026-12-18,2001545036,Ralph Peacock,concierge@120westjones.com,2484045000,Type 2: Non-Owner-Occupied STVR Certificate,2,,4,SAVANNAH DOWNTOWN HISTORIC DISTRICT,2001545036,120 W JONES ST,2,,SAVANNAH,GA,31401,"120 W JONES ST UNIT 2, SAVANNAH, GA 31401",120 W JONES ST,120 W JONES ST UNIT 2,Normalized,
120 WEST JONES ST  SAVANNAH GA 31401,3,SVR-01496,2026-12-18,2001545037,Ralph Peacock,concierge@120westjones.com,2484045000,Type 2: Non-Owner-Occupied STVR Certificate,2,,4,SAVANNAH DOWNTOWN HISTORIC DISTRICT,2001545037,120 W JONES ST,3,,SAVANNAH,GA,31401,"120 W JONES ST UNIT 3, SAVANNAH, GA 31401",120 W JONES ST,120 W JONES ST UNIT 3,Normalized,
120 WEST JONES ST  SAVANNAH GA 31401,4,SVR-01497,2026-12-18,2001545038,Ralph Peacock,concierge@120westjones.com,2484045000,Type 2: Non-Owner-Occupied STVR Certificate,1,,4,SAVANNAH DOWNTOWN HISTORIC DISTRICT,2001545038,120 W JONES ST,4,,SAVANNAH,GA,31401,"120 W JONES ST UNIT 4, SAVANNAH, GA 31401",120 W JONES ST,120 W JONES ST UNIT 4,Normalized,
120 WEST JONES ST  SAVANNAH GA 31401,5,SVR-01498,2026-12-18,2001545039,Ralph Peacock,concierge@120westjones.com,2484045000,Type 2: Non-Owner-Occupied STVR Certificate,1,,4,SAVANNAH DOWNTOWN HISTORIC DISTRICT,2001545039,120 W JONES ST,5,,SAVANNAH,GA,31401,"120 W JONES ST UNIT 5, SAVANNAH, GA 31401",120 W JONES ST,120 W JONES ST UNIT 5,Normalized,
1116  HABERSHAM ST  SAVANNAH GA 31401,2,SVR-01502,2026-11-29,2005301008,Mathew and Aimee Stoessiger and Dostie,rentals@savrealty.com,9123881922,Type 2: Non-Owner-Occupied STVR Certificate,2,,4,VICTORIAN HISTORIC DISTRICT,2005301008,1116 HABERSHAM ST,2,,SAVANNAH,GA,31401,"1116 HABERSHAM ST UNIT 2, SAVANNAH, GA 31401",1116 HABERSHAM ST,1116 HABERSHAM ST UNIT 2,Normalized,
407 EAST ANDERSON ST  SAVANNAH GA 31401,A,SVR-01503,2027-07-24,2005320015,Charlie Crosby,crosbyholdingsllc@gmail.com,9126776623,Type 2: Non-Owner-Occupied STVR Certificate,3,4,6,VICTORIAN HISTORIC DISTRICT,2005320015,407 E ANDERSON ST,A,,SAVANNAH,GA,31401,"407 E ANDERSON ST UNIT A, SAVANNAH, GA 31401",407 E ANDERSON ST,407 E ANDERSON ST UNIT A,Normalized,
120 EAST CHARLTON LN  SAVANNAH GA 31401,Carriage House,SVR-01507,2026-12-09,2003207005,Allam Garcia,info@pmicoastalga.com,9122722386,Type 2: Non-Owner-Occupied STVR Certificate,1,1,4,SAVANNAH DOWNTOWN HISTORIC DISTRICT,2003207005,120 E CHARLTON LN,CARRIAGE HOUSE,,SAVANNAH,GA,31401,"120 E CHARLTON LN UNIT CARRIAGE HOUSE, SAVANNAH, GA 31401",120 E CHARLTON LN,120 E CHARLTON LN UNIT CARRIAGE HOUSE,Normalized,
308 EAST DUFFY ST  SAVANNAH GA 31401,A,SVR-01509,2027-05-30,2005302008,24square Inc,24squaresavannah@gmail.com,9787667088,Type 2: Non-Owner-Occupied STVR Certificate,2,,4,VICTORIAN HISTORIC DISTRICT,2005302008,308 E DUFFY ST,A,,SAVANNAH,GA,31401,"308 E DUFFY ST UNIT A, SAVANNAH, GA 31401",308 E DUFFY ST,308 E DUFFY ST UNIT A,Normalized,
450  WHITAKER ST  SAVANNAH GA 31401,A,SVR-01510,2027-02-13,2003243009,Lucky Savannah Vacation Rentals,owners@luckysavannah.com,9124958582,Type 2: Non-Owner-Occupied STVR Certificate,1,,4,SAVANNAH DOWNTOWN HISTORIC DISTRICT,2003243009,450 WHITAKER ST,A,,SAVANNAH,GA,31401,"450 WHITAKER ST UNIT A, SAVANNAH, GA 31401",450 WHITAKER ST,450 WHITAKER ST UNIT A,Normalized,
103 WEST GORDON ST  SAVANNAH GA 31401,A,SVR-01511,2027-05-02,2003242028,Lucky Savannah Vacation Rentals,owners@luckysavannah.com,9124958582,Type 2: Non-Owner-Occupied STVR Certificate,2,,4,SAVANNAH DOWNTOWN HISTORIC DISTRICT,2003242028,103 W GORDON ST,A,,SAVANNAH,GA,31401,"103 W GORDON ST UNIT A, SAVANNAH, GA 31401",103 W GORDON ST,103 W GORDON ST UNIT A,Normalized,
519 EAST HALL ST  SAVANNAH GA 31401,A,SVR-01513,2027-02-25,2004302050,ELIZABETH QUIGLEY & DAVID FERENCSIK,legacysavannah@gmail.com,9124845804,Type 2: Non-Owner-Occupied STVR Certificate,1,,4,SAVANNAH DOWNTOWN HISTORIC DISTRICT,2004302050,519 E HALL ST,A,,SAVANNAH,GA,31401,"519 E HALL ST UNIT A, SAVANNAH, GA 31401",519 E HALL ST,519 E HALL ST UNIT A,Normalized,
519 EAST HALL ST  SAVANNAH GA 31401,B,SVR-01514,2027-02-25,2004302050,ELIZABETH QUIGLEY & DAVID FERENCSIK,legacysavannah@gmail.com,9124845804,Type 2: Non-Owner-Occupied STVR Certificate,2,,4,SAVANNAH DOWNTOWN HISTORIC DISTRICT,2004302050,519 E HALL ST,B,,SAVANNAH,GA,31401,"519 E HALL ST UNIT B, SAVANNAH, GA 31401",519 E HALL ST,519 E HALL ST UNIT B,Normalized,
504 EAST WALDBURG ST  SAVANNAH GA 31401,,SVR-01515,2027-02-25,2004311015,Legacy Properties Savannah LLC,legacysavannah@gmail.com,9126953451,Type 2: Non-Owner-Occupied STVR Certificate,3,2,6,VICTORIAN HISTORIC DISTRICT,2004311015,504 E WALDBURG ST,,,SAVANNAH,GA,31401,"504 E WALDBURG ST, SAVANNAH, GA 31401",504 E WALDBURG ST,504 E WALDBURG ST,Normalized,
502 EAST WALDBURG ST  SAVANNAH GA 31401,,SVR-01516,2027-02-25,2004311015,Legacy Properties Savannah LLC,legacysavannah@gmail.com,9124845804,Type 2: Non-Owner-Occupied STVR Certificate,3,2,6,VICTORIAN HISTORIC DISTRICT,2004311015,502 E WALDBURG ST,,,SAVANNAH,GA,31401,"502 E WALDBURG ST, SAVANNAH, GA 31401",502 E WALDBURG ST,502 E WALDBURG ST,Normalized,
28 EAST JONES LN  SAVANNAH GA 31401,Carriage House,SVR-01517,2026-12-18,2003215011,Lucky Savannah Vacation Rentals,owners@luckysavannah.com,9124958582,Type 2: Non-Owner-Occupied STVR Certificate,1,,4,SAVANNAH DOWNTOWN HISTORIC DISTRICT,2003215011,28 E JONES LN,CARRIAGE HOUSE,,SAVANNAH,GA,31401,"28 E JONES LN UNIT CARRIAGE HOUSE, SAVANNAH, GA 31401",28 E JONES LN,28 E JONES LN UNIT CARRIAGE HOUSE,Normalized,
515  MONTGOMERY ST  SAVANNAH GA 31401,304,SVR-01520,2027-03-04,2004521016,Shatrell Lark d/b/a 515 Savannah Apartments LLC,thebowerymgr@mynicheapartments.com,9122980028,Type 2: Non-Owner-Occupied STVR Certificate,2,1,4,SAVANNAH DOWNTOWN HISTORIC DISTRICT,2004521016,515 MONTGOMERY ST,304,,SAVANNAH,GA,31401,"515 MONTGOMERY ST UNIT 304, SAVANNAH, GA 31401",515 MONTGOMERY ST,515 MONTGOMERY ST UNIT 304,Normalized,
515  MONTGOMERY ST  SAVANNAH GA 31401,310,SVR-01524,2027-03-04,2004521016,Shatrell Lark d/b/a 5515 Savannah Apartments LLC,thebowerymgr@mynicheapartments.com,9122980028,Type 2: Non-Owner-Occupied STVR Certificate,2,1,4,SAVANNAH DOWNTOWN HISTORIC DISTRICT,2004521016,515 MONTGOMERY ST,310,,SAVANNAH,GA,31401,"515 MONTGOMERY ST UNIT 310, SAVANNAH, GA 31401",515 MONTGOMERY ST,515 MONTGOMERY ST UNIT 310,Normalized,
515  MONTGOMERY ST  SAVANNAH GA 31401,308,SVR-01525,2027-03-04,2004521016,Shatrell Lark d/b/a 515 Savannah Apartments LLC,thebowerymgr@mynicheapartments.com,9122980028,Type 2: Non-Owner-Occupied STVR Certificate,2,1,4,SAVANNAH DOWNTOWN HISTORIC DISTRICT,2004521016,515 MONTGOMERY ST,308,,SAVANNAH,GA,31401,"515 MONTGOMERY ST UNIT 308, SAVANNAH, GA 31401",515 MONTGOMERY ST,515 MONTGOMERY ST UNIT 308,Normalized,
515  MONTGOMERY ST  SAVANNAH GA 31401,208,SVR-01526,2027-03-04,2004521016,Shatrell Lark d/b/a 515 Savannah Apartments LLC,thebowerymgr@mynicheapartments.com,9122980028,Type 2: Non-Owner-Occupied STVR Certificate,2,1,4,SAVANNAH DOWNTOWN HISTORIC DISTRICT,2004521016,515 MONTGOMERY ST,208,,SAVANNAH,GA,31401,"515 MONTGOMERY ST UNIT 208, SAVANNAH, GA 31401",515 MONTGOMERY ST,515 MONTGOMERY ST UNIT 208,Normalized,
515  MONTGOMERY ST  SAVANNAH GA 31401,109,SVR-01527,2027-03-04,2004521016,Shatrell Lark d/b/a 515 Savannah Apartments LLC,thebowerymgr@mynicheapartments.com,9122980028,Type 2: Non-Owner-Occupied STVR Certificate,2,1,4,SAVANNAH DOWNTOWN HISTORIC DISTRICT,2004521016,515 MONTGOMERY ST,109,,SAVANNAH,GA,31401,"515 MONTGOMERY ST UNIT 109, SAVANNAH, GA 31401",515 MONTGOMERY ST,515 MONTGOMERY ST UNIT 109,Normalized,
407 EAST JONES ST  SAVANNAH GA 31401,,SVR-01537,2027-02-22,2003211003,Layla Phillips,designbylayla@gmail.com,5087754247,Type 2: Non-Owner-Occupied STVR Certificate,1,,4,SAVANNAH DOWNTOWN HISTORIC DISTRICT,2003211003,407 E JONES ST,,,SAVANNAH,GA,31401,"407 E JONES ST, SAVANNAH, GA 31401",407 E JONES ST,407 E JONES ST,Normalized,
406 EAST JONES LN  SAVANNAH GA 31401,,SVR-01538,2027-02-22,2003211003,Layla Phillips,designbylayla@gmail.com,5087754247,Type 2: Non-Owner-Occupied STVR Certificate,1,,4,SAVANNAH DOWNTOWN HISTORIC DISTRICT,2003211003,406 E JONES LN,,,SAVANNAH,GA,31401,"406 E JONES LN, SAVANNAH, GA 31401",406 E JONES LN,406 E JONES LN,Normalized,
317 WEST WALDBURG ST  SAVANNAH GA 31401,B,SVR-01540,2027-02-22,2005214002,CHARLES A & KIMBERLY A TAYLOR,ctla2001@yahoo.com,9125410358,Type 2: Non-Owner-Occupied STVR Certificate,2,1,6,VICTORIAN HISTORIC DISTRICT,2005214002,317 W WALDBURG ST,B,,SAVANNAH,GA,31401,"317 W WALDBURG ST UNIT B, SAVANNAH, GA 31401",317 W WALDBURG ST,317 W WALDBURG ST UNIT B,Normalized,
519 EAST BROAD ST  SAVANNAH GA 31401,,SVR-01541,2027-07-26,2003306012,Aaron Miller,acmill99@yahoo.com,4043131773,Type 2: Non-Owner-Occupied STVR Certificate,4,,10,SAVANNAH DOWNTOWN HISTORIC DISTRICT,2003306012,519 E BROAD ST,,,SAVANNAH,GA,31401,"519 E BROAD ST, SAVANNAH, GA 31401",519 E BROAD ST,519 E BROAD ST,Normalized,
26 EAST 41ST ST  SAVANNAH GA 31401,,SVR-01547,2027-04-08,2007404012,Rendezvous Property Management,info@rpropmgt.com,9125251160,Type 2: Non-Owner-Occupied STVR Certificate,3,2,6,STREETCAR HISTORIC DISTRICT,2007404012,26 E 41ST ST,,,SAVANNAH,GA,31401,"26 E 41ST ST, SAVANNAH, GA 31401",26 E 41ST ST,26 E 41ST ST,Normalized,
450  WHITAKER ST  SAVANNAH GA 31401,B,SVR-01549,2027-02-13,2003243009,Lucky Savannah Vacation Rentals,owners@luckysavannah.com,9124958582,Type 2: Non-Owner-Occupied STVR Certificate,1,,4,SAVANNAH DOWNTOWN HISTORIC DISTRICT,2003243009,450 WHITAKER ST,B,,SAVANNAH,GA,31401,"450 WHITAKER ST UNIT B, SAVANNAH, GA 31401",450 WHITAKER ST,450 WHITAKER ST UNIT B,Normalized,
214 WEST JONES ST  SAVANNAH GA 31401,,SVR-01559,2027-05-25,2003128005,ELIZABETH & TIMOTHY GAUDREAU,bethandtim44@gmail.com,7049893686,Type 2: Non-Owner-Occupied STVR Certificate,4,1,8,SAVANNAH DOWNTOWN HISTORIC DISTRICT,2003128005,214 W JONES ST,,,SAVANNAH,GA,31401,"214 W JONES ST, SAVANNAH, GA 31401",214 W JONES ST,214 W JONES ST,Normalized,
210 EAST STATE ST  SAVANNAH GA 31401,32,SVR-00154,2027-03-28,2000447041,Jason LaVecchia,jason.lavecchia@gmail.com,9105409396,Type 2: Non-Owner-Occupied STVR Certificate,1,,4,SAVANNAH DOWNTOWN HISTORIC DISTRICT,2000447041,210 E STATE ST,32,,SAVANNAH,GA,31401,"210 E STATE ST UNIT 32, SAVANNAH, GA 31401",210 E STATE ST,210 E STATE ST UNIT 32,Normalized,
203 EAST DUFFY ST  SAVANNAH GA 31401,B,SVR-01564,2027-09-13,2005304026,Ashley Sebastionelli,ashley.sebastionelli@gmail.com,4045203854,Type 2: Non-Owner-Occupied STVR Certificate,2,,4,VICTORIAN HISTORIC DISTRICT,2005304026,203 E DUFFY ST,B,,SAVANNAH,GA,31401,"203 E DUFFY ST UNIT B, SAVANNAH, GA 31401",203 E DUFFY ST,203 E DUFFY ST UNIT B,Normalized,
316 EAST JONES ST  SAVANNAH GA 31401,A,SVR-01574,2027-08-30,2003209011,Francis Phillips,francisphillips103@gmail.com,5056907251,Type 2: Non-Owner-Occupied STVR Certificate,3,1,6,SAVANNAH DOWNTOWN HISTORIC DISTRICT,2003209011,316 E JONES ST,A,,SAVANNAH,GA,31401,"316 E JONES ST UNIT A, SAVANNAH, GA 31401",316 E JONES ST,316 E JONES ST UNIT A,Normalized,
308 EAST DUFFY ST  SAVANNAH GA 31401,B,SVR-01577,2027-05-30,2005302008,24square Inc,24squaresavannah@gmail.com,9787667088,Type 2: Non-Owner-Occupied STVR Certificate,2,,4,VICTORIAN HISTORIC DISTRICT,2005302008,308 E DUFFY ST,B,,SAVANNAH,GA,31401,"308 E DUFFY ST UNIT B, SAVANNAH, GA 31401",308 E DUFFY ST,308 E DUFFY ST UNIT B,Normalized,
6 EAST STATE ST  SAVANNAH GA 31401,3,SVR-01578,2027-05-04,2000445016,Lucky Savannah Vacation Rentals,owners@luckysavannah.com,9124958582,Type 2: Non-Owner-Occupied STVR Certificate,3,2,6,SAVANNAH DOWNTOWN HISTORIC DISTRICT,2000445016,6 E STATE ST,3,,SAVANNAH,GA,31401,"6 E STATE ST UNIT 3, SAVANNAH, GA 31401",6 E STATE ST,6 E STATE ST UNIT 3,Normalized,
502 EAST BOLTON ST  SAVANNAH GA 31401,,SVR-01580,2027-07-19,2004306015,Michael Lastfogel,forsythpark@icloud.com,9125085890,Type 2: Non-Owner-Occupied STVR Certificate,2,2,4,VICTORIAN HISTORIC DISTRICT,2004306015,502 E BOLTON ST,,,SAVANNAH,GA,31401,"502 E BOLTON ST, SAVANNAH, GA 31401",502 E BOLTON ST,502 E BOLTON ST,Normalized,
411 EAST HALL ST  SAVANNAH GA 31401,B,SVR-01583,2027-05-25,2004408025,Jacob Jarvis & Jacob Heroux,mklein@nsgmail.com,9125140404,Type 2: Non-Owner-Occupied STVR Certificate,3,1,6,SAVANNAH DOWNTOWN HISTORIC DISTRICT,2004408025,411 E HALL ST,B,,SAVANNAH,GA,31401,"411 E HALL ST UNIT B, SAVANNAH, GA 31401",411 E HALL ST,411 E HALL ST UNIT B,Normalized,
411 EAST HALL ST  SAVANNAH GA 31401,A,SVR-01584,2027-05-25,2004408025,Jacob Jarvis & Jacob Heroux,mklein@nsgmail.com,9125140404,Type 2: Non-Owner-Occupied STVR Certificate,2,1,4,SAVANNAH DOWNTOWN HISTORIC DISTRICT,2004408025,411 E HALL ST,A,,SAVANNAH,GA,31401,"411 E HALL ST UNIT A, SAVANNAH, GA 31401",411 E HALL ST,411 E HALL ST UNIT A,Normalized,
812   DRAYTON ST  SAVANNAH GA 31401,A,SVR-01585,2027-08-09,2004413033,Scott & Ronda Gooch,rcgooch5@gmail.com,7044979127,Type 2: Non-Owner-Occupied STVR Certificate,3,,6,VICTORIAN HISTORIC DISTRICT,2004413033,812 DRAYTON ST,A,,SAVANNAH,GA,31401,"812 DRAYTON ST UNIT A, SAVANNAH, GA 31401",812 DRAYTON ST,812 DRAYTON ST UNIT A,Normalized,
309 EAST HUNTINGDON ST  SAVANNAH GA 31401,B,SVR-01586,2027-05-24,2004402011,Southern Belle Vacation Rentals,stvr@southernbellevr.com,9122890130,Type 2: Non-Owner-Occupied STVR Certificate,2,,4,SAVANNAH DOWNTOWN HISTORIC DISTRICT,2004402011,309 E HUNTINGDON ST,B,,SAVANNAH,GA,31401,"309 E HUNTINGDON ST UNIT B, SAVANNAH, GA 31401",309 E HUNTINGDON ST,309 E HUNTINGDON ST UNIT B,Normalized,
224 EAST BAY ST  SAVANNAH GA 31401,,SVR-01588,2027-02-27,2000411002,24square Inc,24squaresavannah@gmail.com,9787667088,Type 2: Non-Owner-Occupied STVR Certificate,2,1,4,SAVANNAH DOWNTOWN HISTORIC DISTRICT,2000411002,224 E BAY ST,,,SAVANNAH,GA,31401,"224 E BAY ST, SAVANNAH, GA 31401",224 E BAY ST,224 E BAY ST,Normalized,
3 EAST GORDON ST  SAVANNAH GA 31401,A,SVR-01596,2027-06-18,2003244002,Southern Belle Vacation Rentals,stvr@southernbellevr.com,9122890130,Type 1: Owner-Occupied STVR Certificate,2,1,4,SAVANNAH DOWNTOWN HISTORIC DISTRICT,2003244002,3 E GORDON ST,A,,SAVANNAH,GA,31401,"3 E GORDON ST UNIT A, SAVANNAH, GA 31401",3 E GORDON ST,3 E GORDON ST UNIT A,Normalized,
424  WHITAKER ST  SAVANNAH GA 31401,,SVR-01601,2027-07-02,2003224001,Lucky Savannah Vacation Rentals,owners@luckysavannah.com,9124958582,Type 2: Non-Owner-Occupied STVR Certificate,4,,8,SAVANNAH DOWNTOWN HISTORIC DISTRICT,2003224001,424 WHITAKER ST,,,SAVANNAH,GA,31401,"424 WHITAKER ST, SAVANNAH, GA 31401",424 WHITAKER ST,424 WHITAKER ST,Normalized,
"504 E GWINNETT ST, SAVANNAH, GA, 31401",,SVR-01604,2027-06-11,2004302057,Cora Bett Thomas Rentals & Management,stvr@cbtrentals.com,9125036652,Type 2: Non-Owner-Occupied STVR Certificate,3,1,6,SAVANNAH DOWNTOWN HISTORIC DISTRICT,2004302057,504 E GWINNETT ST,,,SAVANNAH,GA,31401,"504 E GWINNETT ST, SAVANNAH, GA 31401",504 E GWINNETT ST,504 E GWINNETT ST,Normalized,
307 EAST BOLTON ST  SAVANNAH GA 31401,A,SVR-01605,2027-06-08,2004422011,Kevin Escobar,kevin@kescohomes.com,6319548427,Type 2: Non-Owner-Occupied STVR Certificate,2,2,4,VICTORIAN HISTORIC DISTRICT,2004422011,307 E BOLTON ST,A,,SAVANNAH,GA,31401,"307 E BOLTON ST UNIT A, SAVANNAH, GA 31401",307 E BOLTON ST,307 E BOLTON ST UNIT A,Normalized,
307 EAST BOLTON ST  SAVANNAH GA 31401,B,SVR-01606,2027-06-08,2004422011,Kevin Escobar,kevin@kescohomes.com,6319548427,Type 2: Non-Owner-Occupied STVR Certificate,2,2,4,VICTORIAN HISTORIC DISTRICT,2004422011,307 E BOLTON ST,B,,SAVANNAH,GA,31401,"307 E BOLTON ST UNIT B, SAVANNAH, GA 31401",307 E BOLTON ST,307 E BOLTON ST UNIT B,Normalized,
307 EAST BOLTON ST  SAVANNAH GA 31401,C,SVR-01607,2027-06-08,2004422011,Kevin Escobar,kevin@kescohomes.com,6319548427,Type 2: Non-Owner-Occupied STVR Certificate,2,2,4,VICTORIAN HISTORIC DISTRICT,2004422011,307 E BOLTON ST,C,,SAVANNAH,GA,31401,"307 E BOLTON ST UNIT C, SAVANNAH, GA 31401",307 E BOLTON ST,307 E BOLTON ST UNIT C,Normalized,
307 EAST BOLTON ST  SAVANNAH GA 31401,D,SVR-01608,2027-06-08,2004422011,Kevin Escobar,kevin@kescohomes.com,6319548427,Type 2: Non-Owner-Occupied STVR Certificate,2,2,4,VICTORIAN HISTORIC DISTRICT,2004422011,307 E BOLTON ST,D,,SAVANNAH,GA,31401,"307 E BOLTON ST UNIT D, SAVANNAH, GA 31401",307 E BOLTON ST,307 E BOLTON ST UNIT D,Normalized,
117 WEST PARK AVE  SAVANNAH GA 31401,A,SVR-01610,2027-05-21,2004430013,"Anderson VIP Concierge, LLC",mary@savannahluxuryrentals.com,9125252022,Type 2: Non-Owner-Occupied STVR Certificate,1,,4,VICTORIAN HISTORIC DISTRICT,2004430013,117 W PARK AVE,A,,SAVANNAH,GA,31401,"117 W PARK AVE UNIT A, SAVANNAH, GA 31401",117 W PARK AVE,117 W PARK AVE UNIT A,Normalized,
117 WEST PARK AVE  SAVANNAH GA 31401,B,SVR-01611,2027-05-21,2004430013,"Anderson VIP Concierge, LLC",mary@savannahluxuryrentals.com,9125252022,Type 2: Non-Owner-Occupied STVR Certificate,4,1,8,VICTORIAN HISTORIC DISTRICT,2004430013,117 W PARK AVE,B,,SAVANNAH,GA,31401,"117 W PARK AVE UNIT B, SAVANNAH, GA 31401",117 W PARK AVE,117 W PARK AVE UNIT B,Normalized,
117 WEST PARK AVE  SAVANNAH GA 31401,C,SVR-01612,2027-05-21,2004430013,"Anderson VIP Concierge, LLC",mary@savannahluxuryrentals.com,9125252022,Type 2: Non-Owner-Occupied STVR Certificate,1,1,4,VICTORIAN HISTORIC DISTRICT,2004430013,117 W PARK AVE,C,,SAVANNAH,GA,31401,"117 W PARK AVE UNIT C, SAVANNAH, GA 31401",117 W PARK AVE,117 W PARK AVE UNIT C,Normalized,
117 WEST PARK AVE  SAVANNAH GA 31401,D,SVR-01613,2027-05-21,2004430013,"Anderson VIP Concierge, LLC",mary@savannahluxuryrentals.com,9125252022,Type 2: Non-Owner-Occupied STVR Certificate,3,1,6,VICTORIAN HISTORIC DISTRICT,2004430013,117 W PARK AVE,D,,SAVANNAH,GA,31401,"117 W PARK AVE UNIT D, SAVANNAH, GA 31401",117 W PARK AVE,117 W PARK AVE UNIT D,Normalized,
206 WEST DUFFY ST  SAVANNAH GA 31401,A,SVR-01616,2027-07-05,2005216020,SOUTHERN BELLE VACATION RENTALS,stvr@southernbellevr.com,9122890130,Type 2: Non-Owner-Occupied STVR Certificate,3,1,6,VICTORIAN HISTORIC DISTRICT,2005216020,206 W DUFFY ST,A,,SAVANNAH,GA,31401,"206 W DUFFY ST UNIT A, SAVANNAH, GA 31401",206 W DUFFY ST,206 W DUFFY ST UNIT A,Normalized,
319 EAST HUNTINGDON LN  SAVANNAH GA 31401,,SVR-01625,2027-06-09,2004402004A,Wendy Moynihan,wendymoynihan@aol.com,9125079676,Type 2: Non-Owner-Occupied STVR Certificate,2,,4,SAVANNAH DOWNTOWN HISTORIC DISTRICT,2004402004A,319 E HUNTINGDON LN,,,SAVANNAH,GA,31401,"319 E HUNTINGDON LN, SAVANNAH, GA 31401",319 E HUNTINGDON LN,319 E HUNTINGDON LN,Normalized,
215 WEST CHARLTON ST  SAVANNAH GA 31401,,SVR-01629,2027-06-28,2003128008,Southern Belle Vacation Rentals,stvr@southernbellevr.com,9122890130,Type 2: Non-Owner-Occupied STVR Certificate,3,2,8,SAVANNAH DOWNTOWN HISTORIC DISTRICT,2003128008,215 W CHARLTON ST,,,SAVANNAH,GA,31401,"215 W CHARLTON ST, SAVANNAH, GA 31401",215 W CHARLTON ST,215 W CHARLTON ST,Normalized,
415 EAST PARK AVE  SAVANNAH GA 31401,A,SVR-01631,2027-06-11,2005301001,Janna Belau,janna.belau@icloud.com,9703191344,Type 2: Non-Owner-Occupied STVR Certificate,1,,4,VICTORIAN HISTORIC DISTRICT,2005301001,415 E PARK AVE,A,,SAVANNAH,GA,31401,"415 E PARK AVE UNIT A, SAVANNAH, GA 31401",415 E PARK AVE,415 E PARK AVE UNIT A,Normalized,
415 EAST PARK AVE  SAVANNAH GA 31401,B,SVR-01632,2027-06-11,2005301001,Janna Belau,janna.belau@icloud.com,9703191344,Type 2: Non-Owner-Occupied STVR Certificate,1,,4,VICTORIAN HISTORIC DISTRICT,2005301001,415 E PARK AVE,B,,SAVANNAH,GA,31401,"415 E PARK AVE UNIT B, SAVANNAH, GA 31401",415 E PARK AVE,415 E PARK AVE UNIT B,Normalized,
415 EAST PARK AVE  SAVANNAH GA 31401,C,SVR-01633,2027-06-11,2005301001,Janna Belau,janna.belau@icloud.com,9703191344,Type 2: Non-Owner-Occupied STVR Certificate,2,1,4,VICTORIAN HISTORIC DISTRICT,2005301001,415 E PARK AVE,C,,SAVANNAH,GA,31401,"415 E PARK AVE UNIT C, SAVANNAH, GA 31401",415 E PARK AVE,415 E PARK AVE UNIT C,Normalized,
415 EAST PARK AVE  SAVANNAH GA 31401,D,SVR-01634,2027-06-11,2005301001,Janna Belau,janna.belau@icloud.com,9703191344,Type 2: Non-Owner-Occupied STVR Certificate,2,1,4,VICTORIAN HISTORIC DISTRICT,2005301001,415 E PARK AVE,D,,SAVANNAH,GA,31401,"415 E PARK AVE UNIT D, SAVANNAH, GA 31401",415 E PARK AVE,415 E PARK AVE UNIT D,Normalized,
203 EAST GWINNETT ST  SAVANNAH GA 31401,5,SVR-01635,2027-07-19,2004414008,Chase Stahl,chase@southkeymgmt.com,9128001321,Type 2: Non-Owner-Occupied STVR Certificate,1,1,4,VICTORIAN HISTORIC DISTRICT,2004414008,203 E GWINNETT ST,5,,SAVANNAH,GA,31401,"203 E GWINNETT ST UNIT 5, SAVANNAH, GA 31401",203 E GWINNETT ST,203 E GWINNETT ST UNIT 5,Normalized,
800  ABERCORN ST  SAVANNAH GA 31401,,SVR-01636,2027-07-19,2004414008,Chase Stahl,chase@southkeymgmt.com,9128001321,Type 2: Non-Owner-Occupied STVR Certificate,2,1,4,VICTORIAN HISTORIC DISTRICT,2004414008,800 ABERCORN ST,,,SAVANNAH,GA,31401,"800 ABERCORN ST, SAVANNAH, GA 31401",800 ABERCORN ST,800 ABERCORN ST,Normalized,
802  ABERCORN ST  SAVANNAH GA 31401,,SVR-01637,2027-07-19,2004414008,Chase Stahl,chase@southkeymgmt.com,9128001321,Type 2: Non-Owner-Occupied STVR Certificate,2,,4,VICTORIAN HISTORIC DISTRICT,2004414008,802 ABERCORN ST,,,SAVANNAH,GA,31401,"802 ABERCORN ST, SAVANNAH, GA 31401",802 ABERCORN ST,802 ABERCORN ST,Normalized,
221 WEST HENRY ST  SAVANNAH GA 31401,A,SVR-01638,2027-06-17,2005228002,Southern Belle Vacation Rentals,stvr@southernbellevr.com,9122190130,Type 2: Non-Owner-Occupied STVR Certificate,1,1,4,VICTORIAN HISTORIC DISTRICT,2005228002,221 W HENRY ST,A,,SAVANNAH,GA,31401,"221 W HENRY ST UNIT A, SAVANNAH, GA 31401",221 W HENRY ST,221 W HENRY ST UNIT A,Normalized,
504 EAST BOLTON ST  SAVANNAH GA 31401,,SVR-01648,2027-07-19,2004306015,Michael Lastfogel,forsythpark@icloud.com,9125085890,Type 2: Non-Owner-Occupied STVR Certificate,3,2,6,VICTORIAN HISTORIC DISTRICT,2004306015,504 E BOLTON ST,,,SAVANNAH,GA,31401,"504 E BOLTON ST, SAVANNAH, GA 31401",504 E BOLTON ST,504 E BOLTON ST,Normalized,
12 WEST TAYLOR ST  SAVANNAH GA 31401,A,SVR-01649,2027-07-31,2003216009,Bradley Ball,brad@ballmgmt.com,8433646426,Type 2: Non-Owner-Occupied STVR Certificate,2,,4,SAVANNAH DOWNTOWN HISTORIC DISTRICT,2003216009,12 W TAYLOR ST,A,,SAVANNAH,GA,31401,"12 W TAYLOR ST UNIT A, SAVANNAH, GA 31401",12 W TAYLOR ST,12 W TAYLOR ST UNIT A,Normalized,
12 WEST TAYLOR ST  SAVANNAH GA 31401,B,SVR-01650,2027-07-31,2003216009,Bradley Ball,brad@ballmgmt.com,8433646426,Type 2: Non-Owner-Occupied STVR Certificate,2,,4,SAVANNAH DOWNTOWN HISTORIC DISTRICT,2003216009,12 W TAYLOR ST,B,,SAVANNAH,GA,31401,"12 W TAYLOR ST UNIT B, SAVANNAH, GA 31401",12 W TAYLOR ST,12 W TAYLOR ST UNIT B,Normalized,
12 WEST TAYLOR ST  SAVANNAH GA 31401,C,SVR-01651,2027-07-31,2003216009,Bradley Ball,brad@ballmgmt.com,8433646426,Type 2: Non-Owner-Occupied STVR Certificate,1,,4,SAVANNAH DOWNTOWN HISTORIC DISTRICT,2003216009,12 W TAYLOR ST,C,,SAVANNAH,GA,31401,"12 W TAYLOR ST UNIT C, SAVANNAH, GA 31401",12 W TAYLOR ST,12 W TAYLOR ST UNIT C,Normalized,
12 WEST TAYLOR ST  SAVANNAH GA 31401,D,SVR-01652,2027-07-31,2003216009,Bradley Ball,brad@ballmgmt.com,8433646426,Type 2: Non-Owner-Occupied STVR Certificate,1,,4,SAVANNAH DOWNTOWN HISTORIC DISTRICT,2003216009,12 W TAYLOR ST,D,,SAVANNAH,GA,31401,"12 W TAYLOR ST UNIT D, SAVANNAH, GA 31401",12 W TAYLOR ST,12 W TAYLOR ST UNIT D,Normalized,
12 WEST TAYLOR ST  SAVANNAH GA 31401,E,SVR-01653,2027-07-31,2003216009,Bradley Ball,brad@ballmgmt.com,8433646426,Type 2: Non-Owner-Occupied STVR Certificate,2,,4,SAVANNAH DOWNTOWN HISTORIC DISTRICT,2003216009,12 W TAYLOR ST,E,,SAVANNAH,GA,31401,"12 W TAYLOR ST UNIT E, SAVANNAH, GA 31401",12 W TAYLOR ST,12 W TAYLOR ST UNIT E,Normalized,
302 WEST 40TH ST  SAVANNAH GA 31401,B,SVR-01655,2027-05-05,2006544022,Michelle Methot,baronessllc@hotmail.com,9126563403,Type 1: Owner-Occupied STVR Certificate,2,1,4,STREETCAR HISTORIC DISTRICT,2006544022,302 W 40TH ST,B,,SAVANNAH,GA,31401,"302 W 40TH ST UNIT B, SAVANNAH, GA 31401",302 W 40TH ST,302 W 40TH ST UNIT B,Normalized,
409 EAST HALL ST  SAVANNAH GA 31401,B,SVR-01657,2027-07-17,2004408024,Jacob Jarvis & Jacob Heroux,contact@verdant.house,9125140404,Type 2: Non-Owner-Occupied STVR Certificate,2,1,4,SAVANNAH DOWNTOWN HISTORIC DISTRICT,2004408024,409 E HALL ST,B,,SAVANNAH,GA,31401,"409 E HALL ST UNIT B, SAVANNAH, GA 31401",409 E HALL ST,409 E HALL ST UNIT B,Normalized,
409 EAST HALL ST  SAVANNAH GA 31401,A,SVR-01658,2027-07-17,2004408024,Jacob Jarvis & Jacob Heroux,contact@verdant.house,9125140404,Type 2: Non-Owner-Occupied STVR Certificate,2,1,4,SAVANNAH DOWNTOWN HISTORIC DISTRICT,2004408024,409 E HALL ST,A,,SAVANNAH,GA,31401,"409 E HALL ST UNIT A, SAVANNAH, GA 31401",409 E HALL ST,409 E HALL ST UNIT A,Normalized,
313 EAST JONES ST  SAVANNAH GA 31401,A,SVR-01659,2027-07-19,2003212003,Janet Wagner,jwmgmt912@gmail.com,9125705070,Type 2: Non-Owner-Occupied STVR Certificate,1,1,4,SAVANNAH DOWNTOWN HISTORIC DISTRICT,2003212003,313 E JONES ST,A,,SAVANNAH,GA,31401,"313 E JONES ST UNIT A, SAVANNAH, GA 31401",313 E JONES ST,313 E JONES ST UNIT A,Normalized,
313 EAST JONES ST  SAVANNAH GA 31401,B,SVR-01660,2027-07-19,2003212003,Janet Wagner,jwmgmt912@gmail.com,9125705070,Type 2: Non-Owner-Occupied STVR Certificate,3,2,6,SAVANNAH DOWNTOWN HISTORIC DISTRICT,2003212003,313 E JONES ST,B,,SAVANNAH,GA,31401,"313 E JONES ST UNIT B, SAVANNAH, GA 31401",313 E JONES ST,313 E JONES ST UNIT B,Normalized,
110 WEST DUFFY ST  SAVANNAH GA 31401,B,SVR-01661,2027-09-17,2004430004,Brandon Greene,brandongreene911@gmail.com,6014665655,Type 2: Non-Owner-Occupied STVR Certificate,2,1,4,VICTORIAN HISTORIC DISTRICT,2004430004,110 W DUFFY ST,B,,SAVANNAH,GA,31401,"110 W DUFFY ST UNIT B, SAVANNAH, GA 31401",110 W DUFFY ST,110 W DUFFY ST UNIT B,Normalized,
21 EAST BAY ST  SAVANNAH GA 31401,201,SVR-01667,2027-08-07,2000415011A,Taylor Cerwin,taylor@thedraytonhotel.com,9126628900,Type 2: Non-Owner-Occupied STVR Certificate,1,,4,SAVANNAH DOWNTOWN HISTORIC DISTRICT,2000415011A,21 E BAY ST,201,,SAVANNAH,GA,31401,"21 E BAY ST UNIT 201, SAVANNAH, GA 31401",21 E BAY ST,21 E BAY ST UNIT 201,Normalized,
223 EAST GWINNETT ST  SAVANNAH GA 31401,,SVR-00164,2027-02-26,2004414001,Laura Fulayter,hardenhouseinc@yahoo.com,6517757063,Type 2: Non-Owner-Occupied STVR Certificate,5,3,12,VICTORIAN HISTORIC DISTRICT,2004414001,223 E GWINNETT ST,,,SAVANNAH,GA,31401,"223 E GWINNETT ST, SAVANNAH, GA 31401",223 E GWINNETT ST,223 E GWINNETT ST,Normalized,
21 EAST BAY ST  SAVANNAH GA 31401,202,SVR-01668,2027-08-07,2000415011A,Raghav Sapra,raghav@maypolegroup.com,9126628900,Type 2: Non-Owner-Occupied STVR Certificate,1,,4,SAVANNAH DOWNTOWN HISTORIC DISTRICT,2000415011A,21 E BAY ST,202,,SAVANNAH,GA,31401,"21 E BAY ST UNIT 202, SAVANNAH, GA 31401",21 E BAY ST,21 E BAY ST UNIT 202,Normalized,
21 EAST BAY ST  SAVANNAH GA 31401,203,SVR-01669,2027-08-07,2000415011A,Raghav Sapra,raghav@maypolegroup.com,9126628900,Type 2: Non-Owner-Occupied STVR Certificate,1,,4,SAVANNAH DOWNTOWN HISTORIC DISTRICT,2000415011A,21 E BAY ST,203,,SAVANNAH,GA,31401,"21 E BAY ST UNIT 203, SAVANNAH, GA 31401",21 E BAY ST,21 E BAY ST UNIT 203,Normalized,
21 EAST BAY ST  SAVANNAH GA 31401,204,SVR-01670,2027-08-07,2000415011A,Raghav Sapra,raghav@maypolegroup.com,9126628900,Type 2: Non-Owner-Occupied STVR Certificate,1,,4,SAVANNAH DOWNTOWN HISTORIC DISTRICT,2000415011A,21 E BAY ST,204,,SAVANNAH,GA,31401,"21 E BAY ST UNIT 204, SAVANNAH, GA 31401",21 E BAY ST,21 E BAY ST UNIT 204,Normalized,
505 EAST CONGRESS ST  SAVANNAH GA 31401,,SVR-01674,2027-08-02,2000514021,Lucky Savannah Vacation Rentals,owners@luckysavannah.com,9124958582,Type 2: Non-Owner-Occupied STVR Certificate,4,2,10,SAVANNAH DOWNTOWN HISTORIC DISTRICT,2000514021,505 E CONGRESS ST,,,SAVANNAH,GA,31401,"505 E CONGRESS ST, SAVANNAH, GA 31401",505 E CONGRESS ST,505 E CONGRESS ST,Normalized,
208 EAST JONES ST  SAVANNAH GA 31401,4,SVR-01676,2027-08-08,2003208022,Lucky Savannah Vacation Rentals,owners@luckysavannah.com,9124958582,Type 2: Non-Owner-Occupied STVR Certificate,2,2,4,SAVANNAH DOWNTOWN HISTORIC DISTRICT,2003208022,208 E JONES ST,4,,SAVANNAH,GA,31401,"208 E JONES ST UNIT 4, SAVANNAH, GA 31401",208 E JONES ST,208 E JONES ST UNIT 4,Normalized,
208 EAST JONES ST  SAVANNAH GA 31401,7,SVR-01682,2027-01-14,2003208025,Southern Belle Vacation Rentals,stvr@southernbellevr.com,9122890130,Type 2: Non-Owner-Occupied STVR Certificate,1,1,4,SAVANNAH DOWNTOWN HISTORIC DISTRICT,2003208025,208 E JONES ST,7,,SAVANNAH,GA,31401,"208 E JONES ST UNIT 7, SAVANNAH, GA 31401",208 E JONES ST,208 E JONES ST UNIT 7,Normalized,
116 EAST JONES ST  SAVANNAH GA 31401,A,SVR-01684,2026-09-13,2003207007,Taavo Roos,taavo.roos1@gmail.com,9124296729,Type 2: Non-Owner-Occupied STVR Certificate,2,,4,SAVANNAH DOWNTOWN HISTORIC DISTRICT,2003207007,116 E JONES ST,A,,SAVANNAH,GA,31401,"116 E JONES ST UNIT A, SAVANNAH, GA 31401",116 E JONES ST,116 E JONES ST UNIT A,Normalized,
115 EAST CHARLTON LN  SAVANNAH GA 31401,,SVR-01685,2026-09-13,2003207007,Taavo Roos,taavo.roos1@gmail.com,9124296729,Type 2: Non-Owner-Occupied STVR Certificate,1,,4,SAVANNAH DOWNTOWN HISTORIC DISTRICT,2003207007,115 E CHARLTON LN,,,SAVANNAH,GA,31401,"115 E CHARLTON LN, SAVANNAH, GA 31401",115 E CHARLTON LN,115 E CHARLTON LN,Normalized,
316 EAST JONES ST  SAVANNAH GA 31401,B,SVR-01694,2027-08-30,2003209011,Francis Phillips,francisphillips103@gmail.com,5056907251,Type 2: Non-Owner-Occupied STVR Certificate,1,1,4,SAVANNAH DOWNTOWN HISTORIC DISTRICT,2003209011,316 E JONES ST,B,,SAVANNAH,GA,31401,"316 E JONES ST UNIT B, SAVANNAH, GA 31401",316 E JONES ST,316 E JONES ST UNIT B,Normalized,
116 EAST BOLTON LN  SAVANNAH GA 31401,,SVR-01699,2026-10-01,2004420006,Anderson VIP Concierge LLC,mary@savannahluxuryrentals.com,9125252022,Type 2: Non-Owner-Occupied STVR Certificate,4,1,8,VICTORIAN HISTORIC DISTRICT,2004420006,116 E BOLTON LN,,,SAVANNAH,GA,31401,"116 E BOLTON LN, SAVANNAH, GA 31401",116 E BOLTON LN,116 E BOLTON LN,Normalized,
116 EAST WALDBURG ST  SAVANNAH GA 31401,,SVR-01700,2026-10-01,2004420006,Anderson VIP Concierge LLC,mary@savannahluxuryrentals.com,9125252022,Type 2: Non-Owner-Occupied STVR Certificate,3,,6,VICTORIAN HISTORIC DISTRICT,2004420006,116 E WALDBURG ST,,,SAVANNAH,GA,31401,"116 E WALDBURG ST, SAVANNAH, GA 31401",116 E WALDBURG ST,116 E WALDBURG ST,Normalized,
323 WEST 39TH ST  SAVANNAH GA 31401,,SVR-01704,2027-08-28,2006544001,Joshua Kersey,kers3y@outlook.com,7063066902,Type 1: Owner-Occupied STVR Certificate,3,,6,STREETCAR HISTORIC DISTRICT,2006544001,323 W 39TH ST,,,SAVANNAH,GA,31401,"323 W 39TH ST, SAVANNAH, GA 31401",323 W 39TH ST,323 W 39TH ST,Normalized,
420 EAST PARK AVE  SAVANNAH GA 31401,,SVR-01705,2027-09-25,2004429002,Jane Callahan,418parkavenue@gmail.com,5082791800,Type 2: Non-Owner-Occupied STVR Certificate,2,2,4,VICTORIAN HISTORIC DISTRICT,2004429002,420 E PARK AVE,,,SAVANNAH,GA,31401,"420 E PARK AVE, SAVANNAH, GA 31401",420 E PARK AVE,420 E PARK AVE,Normalized,
418 EAST PARK AVE  SAVANNAH GA 31401,,SVR-01706,2027-09-25,2004429002,Jane Callahan,418parkavenue@gmail.com,5082791800,Type 2: Non-Owner-Occupied STVR Certificate,3,2,6,VICTORIAN HISTORIC DISTRICT,2004429002,418 E PARK AVE,,,SAVANNAH,GA,31401,"418 E PARK AVE, SAVANNAH, GA 31401",418 E PARK AVE,418 E PARK AVE,Normalized,
201 WEST WALDBURG ST  SAVANNAH GA 31401,B,SVR-00168,2027-04-09,2005215008,Patrick Bergen and Christie Bergen,christie.ahr@gmail.com,9123981494,Type 2: Non-Owner-Occupied STVR Certificate,3,2,8,VICTORIAN HISTORIC DISTRICT,2005215008,201 W WALDBURG ST,B,,SAVANNAH,GA,31401,"201 W WALDBURG ST UNIT B, SAVANNAH, GA 31401",201 W WALDBURG ST,201 W WALDBURG ST UNIT B,Normalized,
206 WEST HENRY ST  SAVANNAH GA 31401,A,SVR-01711,2027-05-01,2005227015,Julie Russell,coralhouse@gmail.com,6198659410,Type 2: Non-Owner-Occupied STVR Certificate,2,1,4,VICTORIAN HISTORIC DISTRICT,2005227015,206 W HENRY ST,A,,SAVANNAH,GA,31401,"206 W HENRY ST UNIT A, SAVANNAH, GA 31401",206 W HENRY ST,206 W HENRY ST UNIT A,Normalized,
110 WEST DUFFY ST  SAVANNAH GA 31401,A,SVR-01712,2027-09-17,2004430004,Brandon Greene,brandongreene911@gmail.com,6014665655,Type 2: Non-Owner-Occupied STVR Certificate,2,1,4,VICTORIAN HISTORIC DISTRICT,2004430004,110 W DUFFY ST,A,,SAVANNAH,GA,31401,"110 W DUFFY ST UNIT A, SAVANNAH, GA 31401",110 W DUFFY ST,110 W DUFFY ST UNIT A,Normalized,
22  BRADY ST  SAVANNAH GA 31401,Lower,SVR-01715,2026-10-15,2006637008,Russell Keith and Karen Kaye,coach.ktwo@gmail.com,6787773017,Type 1: Owner-Occupied STVR Certificate,1,1,4,STREETCAR HISTORIC DISTRICT,2006637008,22 BRADY ST,LOWER,,SAVANNAH,GA,31401,"22 BRADY ST UNIT LOWER, SAVANNAH, GA 31401",22 BRADY ST,22 BRADY ST UNIT LOWER,Normalized,
109 WEST LIBERTY ST  SAVANNAH GA 31401,A,SVR-01719,2026-11-14,2001536003A,Patricia Homer,innkeeper@innonwestliberty.com,9122380806,Type 2: Non-Owner-Occupied STVR Certificate,7,5,14,SAVANNAH DOWNTOWN HISTORIC DISTRICT,2001536003A,109 W LIBERTY ST,A,,SAVANNAH,GA,31401,"109 W LIBERTY ST UNIT A, SAVANNAH, GA 31401",109 W LIBERTY ST,109 W LIBERTY ST UNIT A,Normalized,
109 WEST LIBERTY ST  SAVANNAH GA 31401,B,SVR-01720,2026-11-14,2001536003A,Patricia Homer,innkeeper@innonwestliberty.com,9122380806,Type 2: Non-Owner-Occupied STVR Certificate,2,1,4,SAVANNAH DOWNTOWN HISTORIC DISTRICT,2001536003A,109 W LIBERTY ST,B,,SAVANNAH,GA,31401,"109 W LIBERTY ST UNIT B, SAVANNAH, GA 31401",109 W LIBERTY ST,109 W LIBERTY ST UNIT B,Normalized,
109 WEST LIBERTY ST  SAVANNAH GA 31401,C,SVR-01721,2026-11-14,2001536003A,Patricia Homer,innkeeper@innonwestliberty.com,9122380806,Type 2: Non-Owner-Occupied STVR Certificate,1,1,4,SAVANNAH DOWNTOWN HISTORIC DISTRICT,2001536003A,109 W LIBERTY ST,C,,SAVANNAH,GA,31401,"109 W LIBERTY ST UNIT C, SAVANNAH, GA 31401",109 W LIBERTY ST,109 W LIBERTY ST UNIT C,Normalized,
111 EAST WALDBURG ST  SAVANNAH GA 31401,A,SVR-01722,2026-10-12,2004426013,Jacob Jarvis & Jacob Heroux,mklein@nsgmail.com,9125140404,Type 2: Non-Owner-Occupied STVR Certificate,5,2,10,VICTORIAN HISTORIC DISTRICT,2004426013,111 E WALDBURG ST,A,,SAVANNAH,GA,31401,"111 E WALDBURG ST UNIT A, SAVANNAH, GA 31401",111 E WALDBURG ST,111 E WALDBURG ST UNIT A,Normalized,
107 EAST WALDBURG ST  SAVANNAH GA 31401,A,SVR-01723,2027-08-07,2004426012,Jacob Jarvis & Jacob Heroux,mklein@nsgmail.com,9125140404,Type 2: Non-Owner-Occupied STVR Certificate,4,2,8,VICTORIAN HISTORIC DISTRICT,2004426012,107 E WALDBURG ST,A,,SAVANNAH,GA,31401,"107 E WALDBURG ST UNIT A, SAVANNAH, GA 31401",107 E WALDBURG ST,107 E WALDBURG ST UNIT A,Normalized,
117  JEFFERSON ST  SAVANNAH GA 31401,,SVR-01737,2027-01-10,2001624011,Nicole Elliott,nicole.elliott@greyspaces.com,8186490340,Type 2: Non-Owner-Occupied STVR Certificate,1,,4,SAVANNAH DOWNTOWN HISTORIC DISTRICT,2001624011,117 JEFFERSON ST,,,SAVANNAH,GA,31401,"117 JEFFERSON ST, SAVANNAH, GA 31401",117 JEFFERSON ST,117 JEFFERSON ST,Normalized,
208 EAST JONES LN  SAVANNAH GA 31401,,SVR-01738,2027-09-19,2003213014,Kevin Quat,kevin@aimstars.com,8432906463,Type 2: Non-Owner-Occupied STVR Certificate,1,2,4,SAVANNAH DOWNTOWN HISTORIC DISTRICT,2003213014,208 E JONES LN,,,SAVANNAH,GA,31401,"208 E JONES LN, SAVANNAH, GA 31401",208 E JONES LN,208 E JONES LN,Normalized,
101 EAST GASTON ST  SAVANNAH GA 31401,7-B,SVR-01739,2026-10-31,2003260019,Lucky Savannah Vacation Rentals,owners@luckysavannah.com,9124958582,Type 2: Non-Owner-Occupied STVR Certificate,1,1,4,SAVANNAH DOWNTOWN HISTORIC DISTRICT,2003260019,101 E GASTON ST,7-B,,SAVANNAH,GA,31401,"101 E GASTON ST UNIT 7-B, SAVANNAH, GA 31401",101 E GASTON ST,101 E GASTON ST UNIT 7-B,Normalized,
812   DRAYTON ST  SAVANNAH GA 31401,B,SVR-01744,2026-10-24,2004413034,South Key Management Company,chase@southkeymgmt.com,9128001321,Type 2: Non-Owner-Occupied STVR Certificate,3,,6,VICTORIAN HISTORIC DISTRICT,2004413034,812 DRAYTON ST,B,,SAVANNAH,GA,31401,"812 DRAYTON ST UNIT B, SAVANNAH, GA 31401",812 DRAYTON ST,812 DRAYTON ST UNIT B,Normalized,
109 EAST 37TH LN  SAVANNAH GA 31401,,SVR-01745,2027-05-30,2006519008,Kolin Podell,info@rpropmgt.com,9125251160,Type 2: Non-Owner-Occupied STVR Certificate,2,2,4,STREETCAR HISTORIC DISTRICT,2006519008,109 E 37TH LN,,,SAVANNAH,GA,31401,"109 E 37TH LN, SAVANNAH, GA 31401",109 E 37TH LN,109 E 37TH LN,Normalized,
526 EAST GWINNETT LN  SAVANNAH GA 31401,,SVR-01747,2026-12-04,2004306046,Brant Cooper,bcooper@southernfederal.net,9126603827,Type 2: Non-Owner-Occupied STVR Certificate,1,1,4,VICTORIAN HISTORIC DISTRICT,2004306046,526 E GWINNETT LN,,,SAVANNAH,GA,31401,"526 E GWINNETT LN, SAVANNAH, GA 31401",526 E GWINNETT LN,526 E GWINNETT LN,Normalized,
901   MONTGOMERY ST  SAVANNAH GA 31401,B,SVR-01754,2027-05-09,2005204005,Lucky Savannah Vacation Rentals,owners@luckysavannah.com,9124958582,Type 2: Non-Owner-Occupied STVR Certificate,2,,4,VICTORIAN HISTORIC DISTRICT,2005204005,901 MONTGOMERY ST,B,,SAVANNAH,GA,31401,"901 MONTGOMERY ST UNIT B, SAVANNAH, GA 31401",901 MONTGOMERY ST,901 MONTGOMERY ST UNIT B,Normalized,
322 EAST OGLETHORPE AVE  SAVANNAH GA 31401,GARDEN,SVR-00173,2027-02-13,2001505009,Lucky Savannah Vacation Rentals,owners@luckysavannah.com,9124958582,Type 2: Non-Owner-Occupied STVR Certificate,1,,4,SAVANNAH DOWNTOWN HISTORIC DISTRICT,2001505009,322 E OGLETHORPE AVE,GARDEN,,SAVANNAH,GA,31401,"322 E OGLETHORPE AVE UNIT GARDEN, SAVANNAH, GA 31401",322 E OGLETHORPE AVE,322 E OGLETHORPE AVE UNIT GARDEN,Normalized,
165 WEST BAY ST  SAVANNAH GA 31401,304,SVR-01766,2026-11-13,2000413045,Lucky Savannah Vacation Rentals,owners@luckysavannah.com,9124958582,Type 2: Non-Owner-Occupied STVR Certificate,2,1,4,SAVANNAH DOWNTOWN HISTORIC DISTRICT,2000413045,165 W BAY ST,304,,SAVANNAH,GA,31401,"165 W BAY ST UNIT 304, SAVANNAH, GA 31401",165 W BAY ST,165 W BAY ST UNIT 304,Normalized,
222 EAST GORDON ST  SAVANNAH GA 31401,,SVR-01767,2026-11-08,2003235004,Anderson VIP Concierge LLC,mary@savannahluxuryrentals.com,9125252022,Type 2: Non-Owner-Occupied STVR Certificate,3,1,6,SAVANNAH DOWNTOWN HISTORIC DISTRICT,2003235004,222 E GORDON ST,,,SAVANNAH,GA,31401,"222 E GORDON ST, SAVANNAH, GA 31401",222 E GORDON ST,222 E GORDON ST,Normalized,
149  HABERSHAM ST  SAVANNAH GA 31401,Carriage House,SVR-00174,2027-02-13,2001505009,Lucky Savannah Vacation Rentals,owners@luckysavannah.com,9124958582,Type 2: Non-Owner-Occupied STVR Certificate,3,,8,SAVANNAH DOWNTOWN HISTORIC DISTRICT,2001505009,149 HABERSHAM ST,CARRIAGE HOUSE,,SAVANNAH,GA,31401,"149 HABERSHAM ST UNIT CARRIAGE HOUSE, SAVANNAH, GA 31401",149 HABERSHAM ST,149 HABERSHAM ST UNIT CARRIAGE HOUSE,Normalized,
140  PRICE ST  SAVANNAH GA 31401,,SVR-01784,2026-11-13,2000530016,Michael and Deborah Dyke,mike@thedykefamily.com,7035488309,Type 2: Non-Owner-Occupied STVR Certificate,3,1,6,SAVANNAH DOWNTOWN HISTORIC DISTRICT,2000530016,140 PRICE ST,,,SAVANNAH,GA,31401,"140 PRICE ST, SAVANNAH, GA 31401",140 PRICE ST,140 PRICE ST,Normalized,
513  TATTNALL ST  SAVANNAH GA 31401,,SVR-01787,2026-12-18,2004523007,Ronald Johnston and Holly Atwell,hollyatwellnc@yahoo.com,3363542999,Type 2: Non-Owner-Occupied STVR Certificate,2,,4,SAVANNAH DOWNTOWN HISTORIC DISTRICT,2004523007,513 TATTNALL ST,,,SAVANNAH,GA,31401,"513 TATTNALL ST, SAVANNAH, GA 31401",513 TATTNALL ST,513 TATTNALL ST,Normalized,
210 EAST TAYLOR ST  SAVANNAH GA 31401,A,SVR-01793,2026-12-03,2003213013,Michael Arcangelo,24squaresavannah@gmail.com,4126083989,Type 1: Owner-Occupied STVR Certificate,1,,4,SAVANNAH DOWNTOWN HISTORIC DISTRICT,2003213013,210 E TAYLOR ST,A,,SAVANNAH,GA,31401,"210 E TAYLOR ST UNIT A, SAVANNAH, GA 31401",210 E TAYLOR ST,210 E TAYLOR ST UNIT A,Normalized,
210 EAST JONES LN  SAVANNAH GA 31401,,SVR-01794,2026-12-03,2003213013,Michael Arcangelo,24squaresavannah@gmail.com,4126083989,Type 1: Owner-Occupied STVR Certificate,1,,4,SAVANNAH DOWNTOWN HISTORIC DISTRICT,2003213013,210 E JONES LN,,,SAVANNAH,GA,31401,"210 E JONES LN, SAVANNAH, GA 31401",210 E JONES LN,210 E JONES LN,Normalized,
111 EAST BROAD ST  SAVANNAH GA 31401,,SVR-01796,2026-11-26,2000517002,Deborah Green,debmgreen17@gmail.com,2175210008,Type 2: Non-Owner-Occupied STVR Certificate,3,1,6,SAVANNAH DOWNTOWN HISTORIC DISTRICT,2000517002,111 E BROAD ST,,,SAVANNAH,GA,31401,"111 E BROAD ST, SAVANNAH, GA 31401",111 E BROAD ST,111 E BROAD ST,Normalized,
103 WEST GORDON ST  SAVANNAH GA 31401,C,SVR-01799,2027-02-06,2003242032,Lucky Savannah Vacation Rentals,owners@luckysavannah.com,9124958582,Type 2: Non-Owner-Occupied STVR Certificate,1,,4,SAVANNAH DOWNTOWN HISTORIC DISTRICT,2003242032,103 W GORDON ST,C,,SAVANNAH,GA,31401,"103 W GORDON ST UNIT C, SAVANNAH, GA 31401",103 W GORDON ST,103 W GORDON ST UNIT C,Normalized,
319 WEST CONGRESS ST  SAVANNAH GA 31401,200,SVR-01800,2026-12-17,2001615005,NOLA RE Management Group LLC,compliance@stayheirloom.com,5045040523,Type 2: Non-Owner-Occupied STVR Certificate,3,,6,SAVANNAH DOWNTOWN HISTORIC DISTRICT,2001615005,319 W CONGRESS ST,200,,SAVANNAH,GA,31401,"319 W CONGRESS ST UNIT 200, SAVANNAH, GA 31401",319 W CONGRESS ST,319 W CONGRESS ST UNIT 200,Normalized,
1009  MONTGOMERY ST  SAVANNAH GA 31401,,SVR-01802,2027-05-13,2005213010,Pamela Schmidt,1009montgomeryst31401@gmail.com,9125472383,Type 1: Owner-Occupied STVR Certificate,2,,4,VICTORIAN HISTORIC DISTRICT,2005213010,1009 MONTGOMERY ST,,,SAVANNAH,GA,31401,"1009 MONTGOMERY ST, SAVANNAH, GA 31401",1009 MONTGOMERY ST,1009 MONTGOMERY ST,Normalized,
208 WEST HENRY ST  SAVANNAH GA 31401,A,SVR-01804,2027-05-01,2005227015,Julie Russell,coralhouse@gmail.com,6198659410,Type 2: Non-Owner-Occupied STVR Certificate,2,1,4,VICTORIAN HISTORIC DISTRICT,2005227015,208 W HENRY ST,A,,SAVANNAH,GA,31401,"208 W HENRY ST UNIT A, SAVANNAH, GA 31401",208 W HENRY ST,208 W HENRY ST UNIT A,Normalized,
208 WEST HENRY ST  SAVANNAH GA 31401,B,SVR-01805,2027-05-01,2005227015,Julie Russell,coralhouse@gmail.com,6198659410,Type 2: Non-Owner-Occupied STVR Certificate,2,1,4,VICTORIAN HISTORIC DISTRICT,2005227015,208 W HENRY ST,B,,SAVANNAH,GA,31401,"208 W HENRY ST UNIT B, SAVANNAH, GA 31401",208 W HENRY ST,208 W HENRY ST UNIT B,Normalized,
206 WEST HENRY ST  SAVANNAH GA 31401,B,SVR-01806,2027-05-01,2005227015,Julie Russell,coralhouse@gmail.com,6198659410,Type 2: Non-Owner-Occupied STVR Certificate,2,1,4,VICTORIAN HISTORIC DISTRICT,2005227015,206 W HENRY ST,B,,SAVANNAH,GA,31401,"206 W HENRY ST UNIT B, SAVANNAH, GA 31401",206 W HENRY ST,206 W HENRY ST UNIT B,Normalized,
815  WHITAKER ST  SAVANNAH GA 31401,,SVR-01809,2027-02-08,2004411009,Southern Belle Vacation Rentals,stvr@southernbellevr.com,9122890130,Type 2: Non-Owner-Occupied STVR Certificate,1,,4,VICTORIAN HISTORIC DISTRICT,2004411009,815 WHITAKER ST,,,SAVANNAH,GA,31401,"815 WHITAKER ST, SAVANNAH, GA 31401",815 WHITAKER ST,815 WHITAKER ST,Normalized,
310 WEST BROUGHTON ST  SAVANNAH GA 31401,3013,SVR-01810,2027-05-05,2001615043,Robert & Paula Crowe,paulajc@bellsouth.net,9122301135,Type 2: Non-Owner-Occupied STVR Certificate,1,,4,SAVANNAH DOWNTOWN HISTORIC DISTRICT,2001615043,310 W BROUGHTON ST,3013,,SAVANNAH,GA,31401,"310 W BROUGHTON ST UNIT 3013, SAVANNAH, GA 31401",310 W BROUGHTON ST,310 W BROUGHTON ST UNIT 3013,Normalized,
220 EAST ANDERSON ST  SAVANNAH GA 31401,,SVR-01811,2027-02-05,2005311026,Adriana Iberri,8adbi7@gmail.com,9123589992,Type 1: Owner-Occupied STVR Certificate,2,2,4,VICTORIAN HISTORIC DISTRICT,2005311026,220 E ANDERSON ST,,,SAVANNAH,GA,31401,"220 E ANDERSON ST, SAVANNAH, GA 31401",220 E ANDERSON ST,220 E ANDERSON ST,Normalized,
405 EAST HUNTINGDON ST  SAVANNAH GA 31401,B,SVR-01812,2027-02-08,2004403012,Lucky Savannah Vacation Rentals,owners@luckysavannah.com,9124958582,Type 2: Non-Owner-Occupied STVR Certificate,1,2,4,SAVANNAH DOWNTOWN HISTORIC DISTRICT,2004403012,405 E HUNTINGDON ST,B,,SAVANNAH,GA,31401,"405 E HUNTINGDON ST UNIT B, SAVANNAH, GA 31401",405 E HUNTINGDON ST,405 E HUNTINGDON ST UNIT B,Normalized,
405 EAST HUNTINGDON ST  SAVANNAH GA 31401,A,SVR-01813,2027-02-08,2004403012,Lucky Savannah Vacation Rentals,owners@luckysavannah.com,9124958582,Type 2: Non-Owner-Occupied STVR Certificate,2,2,4,SAVANNAH DOWNTOWN HISTORIC DISTRICT,2004403012,405 E HUNTINGDON ST,A,,SAVANNAH,GA,31401,"405 E HUNTINGDON ST UNIT A, SAVANNAH, GA 31401",405 E HUNTINGDON ST,405 E HUNTINGDON ST UNIT A,Normalized,
310 WEST BROUGHTON ST  SAVANNAH GA 31401,3003,SVR-01815,2027-02-22,2001615033,Cory Michael Skidmore,rihala@yahoo.com,6143320991,Type 2: Non-Owner-Occupied STVR Certificate,1,,4,SAVANNAH DOWNTOWN HISTORIC DISTRICT,2001615033,310 W BROUGHTON ST,3003,,SAVANNAH,GA,31401,"310 W BROUGHTON ST UNIT 3003, SAVANNAH, GA 31401",310 W BROUGHTON ST,310 W BROUGHTON ST UNIT 3003,Normalized,
814   DRAYTON ST  SAVANNAH GA 31401,,SVR-01816,2027-03-02,2004413035,Southern Belle Vacation Rentals,stvr@southernbellevr.com,9122890130,Type 2: Non-Owner-Occupied STVR Certificate,3,,6,VICTORIAN HISTORIC DISTRICT,2004413035,814 DRAYTON ST,,,SAVANNAH,GA,31401,"814 DRAYTON ST, SAVANNAH, GA 31401",814 DRAYTON ST,814 DRAYTON ST,Normalized,
539 EAST CONGRESS ST  SAVANNAH GA 31401,A,SVR-00178,2027-03-30,2000515010,Luxury Living Savannah,reservations@luxurylivingsavannah.com,9129997200,Type 2: Non-Owner-Occupied STVR Certificate,4,2,8,SAVANNAH DOWNTOWN HISTORIC DISTRICT,2000515010,539 E CONGRESS ST,A,,SAVANNAH,GA,31401,"539 E CONGRESS ST UNIT A, SAVANNAH, GA 31401",539 E CONGRESS ST,539 E CONGRESS ST UNIT A,Normalized,
"309 W PARK AVE B, SAVANNAH, GA, 31401",B,SVR-01818,2027-05-20,2005217017,South Key Management Company,chase@southkeymgmt.com,9128001321,Type 1: Owner-Occupied STVR Certificate,1,1,4,VICTORIAN HISTORIC DISTRICT,2005217017,309 W PARK AVE,B,B,SAVANNAH,GA,31401,"309 W PARK AVE UNIT B, SAVANNAH, GA 31401",309 W PARK AVE,309 W PARK AVE UNIT B,Normalized,
407 EAST HUNTINGDON ST  SAVANNAH GA 31401,,SVR-01819,2027-04-04,2004403013,Lori Dawson,lori.dawson@me.com,9124844934,Type 2: Non-Owner-Occupied STVR Certificate,3,2,6,SAVANNAH DOWNTOWN HISTORIC DISTRICT,2004403013,407 E HUNTINGDON ST,,,SAVANNAH,GA,31401,"407 E HUNTINGDON ST, SAVANNAH, GA 31401",407 E HUNTINGDON ST,407 E HUNTINGDON ST,Normalized,
202 WEST BROUGHTON ST  SAVANNAH GA 31401,303,SVR-01821,2027-02-14,2001614303,Southern Belle Vacation Rentals,stvr@southernbellevr.com,9122890130,Type 2: Non-Owner-Occupied STVR Certificate,2,1,4,SAVANNAH DOWNTOWN HISTORIC DISTRICT,2001614303,202 W BROUGHTON ST,303,,SAVANNAH,GA,31401,"202 W BROUGHTON ST UNIT 303, SAVANNAH, GA 31401",202 W BROUGHTON ST,202 W BROUGHTON ST UNIT 303,Normalized,
412 EAST 35TH LN  SAVANNAH GA 31401,Carriage House,SVR-01825,2027-01-30,2006411013,Southkey Management Company,chase@southkeymgmt.com,9128001321,Type 1: Owner-Occupied STVR Certificate,3,,6,STREETCAR HISTORIC DISTRICT,2006411013,412 E 35TH LN,CARRIAGE HOUSE,,SAVANNAH,GA,31401,"412 E 35TH LN UNIT CARRIAGE HOUSE, SAVANNAH, GA 31401",412 E 35TH LN,412 E 35TH LN UNIT CARRIAGE HOUSE,Normalized,
236 EAST OGLETHORPE AVE  SAVANNAH GA 31401,A,SVR-01826,2027-03-01,2001506018,Jacob Jarvis & Jacob Heroux,mklein@nsgmail.com,9125140404,Type 2: Non-Owner-Occupied STVR Certificate,5,3,10,SAVANNAH DOWNTOWN HISTORIC DISTRICT,2001506018,236 E OGLETHORPE AVE,A,,SAVANNAH,GA,31401,"236 E OGLETHORPE AVE UNIT A, SAVANNAH, GA 31401",236 E OGLETHORPE AVE,236 E OGLETHORPE AVE UNIT A,Normalized,
236 EAST OGLETHORPE AVE  SAVANNAH GA 31401,B,SVR-01827,2027-03-01,2001506018,Jacob Jarvis & Jacob Heroux,mklein@nsgmail.com,9125140404,Type 2: Non-Owner-Occupied STVR Certificate,4,3,8,SAVANNAH DOWNTOWN HISTORIC DISTRICT,2001506018,236 E OGLETHORPE AVE,B,,SAVANNAH,GA,31401,"236 E OGLETHORPE AVE UNIT B, SAVANNAH, GA 31401",236 E OGLETHORPE AVE,236 E OGLETHORPE AVE UNIT B,Normalized,
408 EAST MCDONOUGH ST  SAVANNAH GA 31401,,SVR-01829,2027-03-01,2001517027,Jacob Jarvis & Jacob Heroux,mklein@nsgmail.com,9125140404,Type 2: Non-Owner-Occupied STVR Certificate,3,1,6,SAVANNAH DOWNTOWN HISTORIC DISTRICT,2001517027,408 E MCDONOUGH ST,,,SAVANNAH,GA,31401,"408 E MCDONOUGH ST, SAVANNAH, GA 31401",408 E MCDONOUGH ST,408 E MCDONOUGH ST,Normalized,
539 EAST CONGRESS ST  SAVANNAH GA 31401,B,SVR-00179,2027-03-30,2000515010,Luxury Living Savannah,reservations@luxurylivingsavannah.com,9129997200,Type 2: Non-Owner-Occupied STVR Certificate,2,1,4,SAVANNAH DOWNTOWN HISTORIC DISTRICT,2000515010,539 E CONGRESS ST,B,,SAVANNAH,GA,31401,"539 E CONGRESS ST UNIT B, SAVANNAH, GA 31401",539 E CONGRESS ST,539 E CONGRESS ST UNIT B,Normalized,
308 EAST 41ST ST  SAVANNAH GA 31401,,SVR-01831,2027-04-10,2007514013,Gretchen S. West,westgretchen@gmail.com,3109131006,Type 1: Owner-Occupied STVR Certificate,1,,4,STREETCAR HISTORIC DISTRICT,2007514013,308 E 41ST ST,,,SAVANNAH,GA,31401,"308 E 41ST ST, SAVANNAH, GA 31401",308 E 41ST ST,308 E 41ST ST,Normalized,
105 WEST OGLETHORPE AVE  SAVANNAH GA 31401,402,SVR-01833,2027-02-05,2001512003K,Chase Stahl d/b/a South Key Management Company,chase@southkeymgmt.com,9128001321,Type 2: Non-Owner-Occupied STVR Certificate,2,,4,SAVANNAH DOWNTOWN HISTORIC DISTRICT,2001512003K,105 W OGLETHORPE AVE,402,,SAVANNAH,GA,31401,"105 W OGLETHORPE AVE UNIT 402, SAVANNAH, GA 31401",105 W OGLETHORPE AVE,105 W OGLETHORPE AVE UNIT 402,Normalized,
26 EAST 41ST ST  SAVANNAH GA 31401,1/2,SVR-01834,2027-04-08,2007404012,Rendezvous Property Management,info@rpropmgt.com,9125251160,Type 2: Non-Owner-Occupied STVR Certificate,2,2,4,STREETCAR HISTORIC DISTRICT,2007404012,26 E 41ST ST,1/2,,SAVANNAH,GA,31401,"26 E 41ST ST UNIT 1/2, SAVANNAH, GA 31401",26 E 41ST ST,26 E 41ST ST UNIT 1/2,Normalized,
100   BULL ST  SAVANNAH GA 31401,401,SVR-01835,2027-03-19,2000445008,Kasa Living Inc,licensing@kasa.com,6504513444,Type 2: Non-Owner-Occupied STVR Certificate,1,,4,SAVANNAH DOWNTOWN HISTORIC DISTRICT,2000445008,100 BULL ST,401,,SAVANNAH,GA,31401,"100 BULL ST UNIT 401, SAVANNAH, GA 31401",100 BULL ST,100 BULL ST UNIT 401,Normalized,
100   BULL ST  SAVANNAH GA 31401,402,SVR-01836,2027-03-19,2000445008,Kasa Living Inc,licensing@kasa.com,6504513444,Type 2: Non-Owner-Occupied STVR Certificate,1,,4,SAVANNAH DOWNTOWN HISTORIC DISTRICT,2000445008,100 BULL ST,402,,SAVANNAH,GA,31401,"100 BULL ST UNIT 402, SAVANNAH, GA 31401",100 BULL ST,100 BULL ST UNIT 402,Normalized,
100   BULL ST  SAVANNAH GA 31401,403,SVR-01837,2027-03-19,2000445008,Kasa Living Inc,licensing@kasa.com,6504513444,Type 2: Non-Owner-Occupied STVR Certificate,1,,4,SAVANNAH DOWNTOWN HISTORIC DISTRICT,2000445008,100 BULL ST,403,,SAVANNAH,GA,31401,"100 BULL ST UNIT 403, SAVANNAH, GA 31401",100 BULL ST,100 BULL ST UNIT 403,Normalized,
100   BULL ST  SAVANNAH GA 31401,404,SVR-01838,2027-03-19,2000445008,Kasa Living Inc,licensing@kasa.com,6504513444,Type 2: Non-Owner-Occupied STVR Certificate,1,,4,SAVANNAH DOWNTOWN HISTORIC DISTRICT,2000445008,100 BULL ST,404,,SAVANNAH,GA,31401,"100 BULL ST UNIT 404, SAVANNAH, GA 31401",100 BULL ST,100 BULL ST UNIT 404,Normalized,
100   BULL ST  SAVANNAH GA 31401,405,SVR-01839,2027-03-19,2000445008,Kasa Living Inc,licensing@kasa.com,6504513444,Type 2: Non-Owner-Occupied STVR Certificate,1,,4,SAVANNAH DOWNTOWN HISTORIC DISTRICT,2000445008,100 BULL ST,405,,SAVANNAH,GA,31401,"100 BULL ST UNIT 405, SAVANNAH, GA 31401",100 BULL ST,100 BULL ST UNIT 405,Normalized,
100   BULL ST  SAVANNAH GA 31401,406,SVR-01840,2027-03-19,2000445008,Kasa Living Inc,licensing@kasa.com,6504513444,Type 2: Non-Owner-Occupied STVR Certificate,1,,4,SAVANNAH DOWNTOWN HISTORIC DISTRICT,2000445008,100 BULL ST,406,,SAVANNAH,GA,31401,"100 BULL ST UNIT 406, SAVANNAH, GA 31401",100 BULL ST,100 BULL ST UNIT 406,Normalized,
100   BULL ST  SAVANNAH GA 31401,407,SVR-01841,2027-03-19,2000445008,Kasa Living Inc,licensing@kasa.com,6504513444,Type 2: Non-Owner-Occupied STVR Certificate,1,,4,SAVANNAH DOWNTOWN HISTORIC DISTRICT,2000445008,100 BULL ST,407,,SAVANNAH,GA,31401,"100 BULL ST UNIT 407, SAVANNAH, GA 31401",100 BULL ST,100 BULL ST UNIT 407,Normalized,
100   BULL ST  SAVANNAH GA 31401,408,SVR-01842,2027-03-19,2000445008,Kasa Living Inc,licensing@kasa.com,6504513444,Type 2: Non-Owner-Occupied STVR Certificate,1,,4,SAVANNAH DOWNTOWN HISTORIC DISTRICT,2000445008,100 BULL ST,408,,SAVANNAH,GA,31401,"100 BULL ST UNIT 408, SAVANNAH, GA 31401",100 BULL ST,100 BULL ST UNIT 408,Normalized,
100   BULL ST  SAVANNAH GA 31401,409,SVR-01843,2027-03-19,2000445008,Kasa Living Inc,licensing@kasa.com,6504513444,Type 2: Non-Owner-Occupied STVR Certificate,1,,4,SAVANNAH DOWNTOWN HISTORIC DISTRICT,2000445008,100 BULL ST,409,,SAVANNAH,GA,31401,"100 BULL ST UNIT 409, SAVANNAH, GA 31401",100 BULL ST,100 BULL ST UNIT 409,Normalized,
100   BULL ST  SAVANNAH GA 31401,410,SVR-01844,2027-03-19,2000445008,Kasa Living Inc,licensing@kasa.com,6504513444,Type 2: Non-Owner-Occupied STVR Certificate,1,,4,SAVANNAH DOWNTOWN HISTORIC DISTRICT,2000445008,100 BULL ST,410,,SAVANNAH,GA,31401,"100 BULL ST UNIT 410, SAVANNAH, GA 31401",100 BULL ST,100 BULL ST UNIT 410,Normalized,
100   BULL ST  SAVANNAH GA 31401,411,SVR-01845,2027-03-19,2000445008,Kasa Living Inc,licensing@kasa.com,6504513444,Type 2: Non-Owner-Occupied STVR Certificate,1,,4,SAVANNAH DOWNTOWN HISTORIC DISTRICT,2000445008,100 BULL ST,411,,SAVANNAH,GA,31401,"100 BULL ST UNIT 411, SAVANNAH, GA 31401",100 BULL ST,100 BULL ST UNIT 411,Normalized,
100   BULL ST  SAVANNAH GA 31401,412,SVR-01846,2027-03-19,2000445008,Kasa Living Inc,licensing@kasa.com,6504513444,Type 2: Non-Owner-Occupied STVR Certificate,1,,4,SAVANNAH DOWNTOWN HISTORIC DISTRICT,2000445008,100 BULL ST,412,,SAVANNAH,GA,31401,"100 BULL ST UNIT 412, SAVANNAH, GA 31401",100 BULL ST,100 BULL ST UNIT 412,Normalized,
100   BULL ST  SAVANNAH GA 31401,413,SVR-01847,2027-03-19,2000445008,Kasa Living Inc,licensing@kasa.com,6504513444,Type 2: Non-Owner-Occupied STVR Certificate,1,,4,SAVANNAH DOWNTOWN HISTORIC DISTRICT,2000445008,100 BULL ST,413,,SAVANNAH,GA,31401,"100 BULL ST UNIT 413, SAVANNAH, GA 31401",100 BULL ST,100 BULL ST UNIT 413,Normalized,
100   BULL ST  SAVANNAH GA 31404,414,SVR-01848,2027-03-19,2000445008,Kasa Living Inc,licensing@kasa.com,6504513444,Type 2: Non-Owner-Occupied STVR Certificate,1,,4,SAVANNAH DOWNTOWN HISTORIC DISTRICT,2000445008,100 BULL ST,414,,SAVANNAH,GA,31404,"100 BULL ST UNIT 414, SAVANNAH, GA 31404",100 BULL ST,100 BULL ST UNIT 414,Normalized,
705  TATTNALL ST  SAVANNAH GA 31401,,SVR-01849,2027-03-04,2004530005,Tybee Vacation Rentals,ownerservices@tybeevacationrentals.com,91278658537,Type 2: Non-Owner-Occupied STVR Certificate,3,1,6,SAVANNAH DOWNTOWN HISTORIC DISTRICT,2004530005,705 TATTNALL ST,,,SAVANNAH,GA,31401,"705 TATTNALL ST, SAVANNAH, GA 31401",705 TATTNALL ST,705 TATTNALL ST,Normalized,
202 EAST GASTON ST  SAVANNAH GA 31401,,SVR-01861,2027-06-08,2003246018,Lucky Savannah Vacation Rentals,owners@luckysavannah.com,9124958582,Type 2: Non-Owner-Occupied STVR Certificate,4,2,10,SAVANNAH DOWNTOWN HISTORIC DISTRICT,2003246018,202 E GASTON ST,,,SAVANNAH,GA,31401,"202 E GASTON ST, SAVANNAH, GA 31401",202 E GASTON ST,202 E GASTON ST,Normalized,
105 WEST JONES ST  SAVANNAH GA 31401,2,SVR-01863,2027-03-26,2003217008,Lucky Savannah Vacation Rentals,owners@luckysavannah.com,9124958582,Type 2: Non-Owner-Occupied STVR Certificate,1,,4,SAVANNAH DOWNTOWN HISTORIC DISTRICT,2003217008,105 W JONES ST,2,,SAVANNAH,GA,31401,"105 W JONES ST UNIT 2, SAVANNAH, GA 31401",105 W JONES ST,105 W JONES ST UNIT 2,Normalized,
107 WEST JONES ST  SAVANNAH GA 31401,3,SVR-01864,2027-03-26,2003217007,Lucky Savannah Vacation Rentals,owners@luckysavannah.com,9124958582,Type 2: Non-Owner-Occupied STVR Certificate,1,,4,SAVANNAH DOWNTOWN HISTORIC DISTRICT,2003217007,107 W JONES ST,3,,SAVANNAH,GA,31401,"107 W JONES ST UNIT 3, SAVANNAH, GA 31401",107 W JONES ST,107 W JONES ST UNIT 3,Normalized,
201 EAST GASTON ST  SAVANNAH GA 31401,C,SVR-01865,2027-03-27,2003251001,Lucky Savannah Vacation Rentals,owners@luckysavannah.com,9124958582,Type 2: Non-Owner-Occupied STVR Certificate,2,,6,SAVANNAH DOWNTOWN HISTORIC DISTRICT,2003251001,201 E GASTON ST,C,,SAVANNAH,GA,31401,"201 E GASTON ST UNIT C, SAVANNAH, GA 31401",201 E GASTON ST,201 E GASTON ST UNIT C,Normalized,
201 EAST GASTON ST  SAVANNAH GA 31401,D,SVR-01866,2027-03-27,2003251001,Lucky Savannah Vacation Rentals,owners@luckysavannah.com,9124958582,Type 2: Non-Owner-Occupied STVR Certificate,1,,4,SAVANNAH DOWNTOWN HISTORIC DISTRICT,2003251001,201 E GASTON ST,D,,SAVANNAH,GA,31401,"201 E GASTON ST UNIT D, SAVANNAH, GA 31401",201 E GASTON ST,201 E GASTON ST UNIT D,Normalized,
105 WEST JONES ST  SAVANNAH GA 31401,,SVR-00185,2027-06-14,2003217008,Lucky Savannah Vacation Rentals,owners@luckysavannah.com,9124958582,Type 2: Non-Owner-Occupied STVR Certificate,1,,4,SAVANNAH DOWNTOWN HISTORIC DISTRICT,2003217008,105 W JONES ST,,,SAVANNAH,GA,31401,"105 W JONES ST, SAVANNAH, GA 31401",105 W JONES ST,105 W JONES ST,Normalized,
323 EAST JONES ST  SAVANNAH GA 31401,LOWER,SVR-01894,2026-09-16,2003212011,You're on Savannah Tyme,tybeetymeproperties@gmail.com,9126551029,Type 1: Owner-Occupied STVR Certificate,1,,4,SAVANNAH DOWNTOWN HISTORIC DISTRICT,2003212011,323 E JONES ST,LOWER,,SAVANNAH,GA,31401,"323 E JONES ST UNIT LOWER, SAVANNAH, GA 31401",323 E JONES ST,323 E JONES ST UNIT LOWER,Normalized,
304 WEST PARK AVE  SAVANNAH GA 31401,B,SVR-01897,2027-03-11,2005214009F,24square Inc,24squaresavannah@gmail.com,9787667088,Type 1: Owner-Occupied STVR Certificate,2,,4,VICTORIAN HISTORIC DISTRICT,2005214009F,304 W PARK AVE,B,,SAVANNAH,GA,31401,"304 W PARK AVE UNIT B, SAVANNAH, GA 31401",304 W PARK AVE,304 W PARK AVE UNIT B,Normalized,
107 WEST JONES ST  SAVANNAH GA 31401,,SVR-00186,2027-06-14,2003217007,Lucky Savannah Vacation Rentals,owners@luckysavannah.com,9124958582,Type 2: Non-Owner-Occupied STVR Certificate,1,,4,SAVANNAH DOWNTOWN HISTORIC DISTRICT,2003217007,107 W JONES ST,,,SAVANNAH,GA,31401,"107 W JONES ST, SAVANNAH, GA 31401",107 W JONES ST,107 W JONES ST,Normalized,
510 EAST LIBERTY LN  SAVANNAH GA 31401,Carriage House,SVR-01905,2027-05-05,2001413025,Arise Property Management,contact@stayatarise.com,9123880845,Type 2: Non-Owner-Occupied STVR Certificate,1,1,4,SAVANNAH DOWNTOWN HISTORIC DISTRICT,2001413025,510 E LIBERTY LN,CARRIAGE HOUSE,,SAVANNAH,GA,31401,"510 E LIBERTY LN UNIT CARRIAGE HOUSE, SAVANNAH, GA 31401",510 E LIBERTY LN,510 E LIBERTY LN UNIT CARRIAGE HOUSE,Normalized,
511 EAST LIBERTY ST  SAVANNAH GA 31401,A,SVR-01906,2027-05-05,2001413025,Arise Property Management,contact@stayatarise.com,9123880845,Type 2: Non-Owner-Occupied STVR Certificate,3,1,6,SAVANNAH DOWNTOWN HISTORIC DISTRICT,2001413025,511 E LIBERTY ST,A,,SAVANNAH,GA,31401,"511 E LIBERTY ST UNIT A, SAVANNAH, GA 31401",511 E LIBERTY ST,511 E LIBERTY ST UNIT A,Normalized,
511 EAST LIBERTY ST  SAVANNAH GA 31401,B,SVR-01907,2027-05-05,2001413025,Arise Property Management,contact@stayatarise.com,9123880845,Type 2: Non-Owner-Occupied STVR Certificate,1,1,4,SAVANNAH DOWNTOWN HISTORIC DISTRICT,2001413025,511 E LIBERTY ST,B,,SAVANNAH,GA,31401,"511 E LIBERTY ST UNIT B, SAVANNAH, GA 31401",511 E LIBERTY ST,511 E LIBERTY ST UNIT B,Normalized,
201 EAST GASTON ST  SAVANNAH GA 31401,A,SVR-00187,2027-02-12,2003251001,Lucky Savannah Vacation Rentals,owners@luckysavannah.com,9124958582,Type 2: Non-Owner-Occupied STVR Certificate,1,,4,SAVANNAH DOWNTOWN HISTORIC DISTRICT,2003251001,201 E GASTON ST,A,,SAVANNAH,GA,31401,"201 E GASTON ST UNIT A, SAVANNAH, GA 31401",201 E GASTON ST,201 E GASTON ST UNIT A,Normalized,
544 EAST PERRY LN  SAVANNAH GA 31401,,SVR-01911,2027-03-19,2001411013,Southern Belle Vacation Rentals,stvr@southernbellevr.com,9122890130,Type 1: Owner-Occupied STVR Certificate,1,,4,SAVANNAH DOWNTOWN HISTORIC DISTRICT,2001411013,544 E PERRY LN,,,SAVANNAH,GA,31401,"544 E PERRY LN, SAVANNAH, GA 31401",544 E PERRY LN,544 E PERRY LN,Normalized,
111 WEST GORDON ST  SAVANNAH GA 31401,A,SVR-01912,2027-03-25,2003242010,Southern Belle Vacation Rentals,stvr@southernbellevr.com,9122890130,Type 1: Owner-Occupied STVR Certificate,1,,4,SAVANNAH DOWNTOWN HISTORIC DISTRICT,2003242010,111 W GORDON ST,A,,SAVANNAH,GA,31401,"111 W GORDON ST UNIT A, SAVANNAH, GA 31401",111 W GORDON ST,111 W GORDON ST UNIT A,Normalized,
111 WEST GORDON ST  SAVANNAH GA 31401,3,SVR-01913,2027-03-25,2003242010,Lucky Savannah Vacation Rentals,owners@luckysavannah.com,9124958582,Type 1: Owner-Occupied STVR Certificate,1,,4,SAVANNAH DOWNTOWN HISTORIC DISTRICT,2003242010,111 W GORDON ST,3,,SAVANNAH,GA,31401,"111 W GORDON ST UNIT 3, SAVANNAH, GA 31401",111 W GORDON ST,111 W GORDON ST UNIT 3,Normalized,
50 EAST BROAD ST  SAVANNAH GA 31401,13,SVR-01920,2027-04-07,2000506019,GINA STONE d/b/a STAY SAVANNAH VACATION RENTALS,staysavannah@bellsouth.net,8889190008,Type 2: Non-Owner-Occupied STVR Certificate,1,1,4,SAVANNAH DOWNTOWN HISTORIC DISTRICT,2000506019,50 E BROAD ST,13,,SAVANNAH,GA,31401,"50 E BROAD ST UNIT 13, SAVANNAH, GA 31401",50 E BROAD ST,50 E BROAD ST UNIT 13,Normalized,
201 EAST GASTON ST  SAVANNAH GA 31401,B,SVR-00188,2027-02-12,2003251001,Lucky Savannah Vacation Rentals,owners@luckysavannah.com,9124958582,Type 2: Non-Owner-Occupied STVR Certificate,1,,4,SAVANNAH DOWNTOWN HISTORIC DISTRICT,2003251001,201 E GASTON ST,B,,SAVANNAH,GA,31401,"201 E GASTON ST UNIT B, SAVANNAH, GA 31401",201 E GASTON ST,201 E GASTON ST UNIT B,Normalized,
231   HOUSTON ST  SAVANNAH GA 31401,B,SVR-01923,2027-03-26,2001408007,Lucky Savannah Vacation Rentals,owners@luckysavannah.com,9124958582,Type 2: Non-Owner-Occupied STVR Certificate,1,,4,SAVANNAH DOWNTOWN HISTORIC DISTRICT,2001408007,231 HOUSTON ST,B,,SAVANNAH,GA,31401,"231 HOUSTON ST UNIT B, SAVANNAH, GA 31401",231 HOUSTON ST,231 HOUSTON ST UNIT B,Normalized,
231  HOUSTON ST  SAVANNAH GA 31401,A,SVR-01924,2027-03-26,2001408007,Lucky Savannah Vacation Rentals,owners@luckysavannah.com,9124958582,Type 2: Non-Owner-Occupied STVR Certificate,2,,4,SAVANNAH DOWNTOWN HISTORIC DISTRICT,2001408007,231 HOUSTON ST,A,,SAVANNAH,GA,31401,"231 HOUSTON ST UNIT A, SAVANNAH, GA 31401",231 HOUSTON ST,231 HOUSTON ST UNIT A,Normalized,
218 EAST TAYLOR ST  SAVANNAH GA 31401,A,SVR-01925,2027-08-20,2003213010,Lillian Proveaux,lillianproveaux@yahoo.com,9542497242,Type 2: Non-Owner-Occupied STVR Certificate,1,,4,SAVANNAH DOWNTOWN HISTORIC DISTRICT,2003213010,218 E TAYLOR ST,A,,SAVANNAH,GA,31401,"218 E TAYLOR ST UNIT A, SAVANNAH, GA 31401",218 E TAYLOR ST,218 E TAYLOR ST UNIT A,Normalized,
218 EAST JONES LN  SAVANNAH GA 31401,Carriage House,SVR-01927,2027-08-20,2003213010,Lillian Proveaux,lillianproveaux@yahoo.com,9542497242,Type 2: Non-Owner-Occupied STVR Certificate,1,,4,SAVANNAH DOWNTOWN HISTORIC DISTRICT,2003213010,218 E JONES LN,CARRIAGE HOUSE,,SAVANNAH,GA,31401,"218 E JONES LN UNIT CARRIAGE HOUSE, SAVANNAH, GA 31401",218 E JONES LN,218 E JONES LN UNIT CARRIAGE HOUSE,Normalized,
414 WEST WAYNE ST  SAVANNAH GA 31401,,SVR-01929,2027-05-20,2004507004,Chase Stahl,chase@southkeymgmt.com,9128001321,Type 2: Non-Owner-Occupied STVR Certificate,3,2,6,SAVANNAH DOWNTOWN HISTORIC DISTRICT,2004507004,414 W WAYNE ST,,,SAVANNAH,GA,31401,"414 W WAYNE ST, SAVANNAH, GA 31401",414 W WAYNE ST,414 W WAYNE ST,Normalized,
416 WEST WAYNE ST  SAVANNAH GA 31401,,SVR-01930,2027-05-20,2004507004,Chase Stahl,chase@southkeymgmt.com,9128001321,Type 2: Non-Owner-Occupied STVR Certificate,3,2,6,SAVANNAH DOWNTOWN HISTORIC DISTRICT,2004507004,416 W WAYNE ST,,,SAVANNAH,GA,31401,"416 W WAYNE ST, SAVANNAH, GA 31401",416 W WAYNE ST,416 W WAYNE ST,Normalized,
418 WEST WAYNE ST  SAVANNAH GA 31401,,SVR-01931,2027-05-20,2004507004,Chase Stahl,chase@southkeymgmt.com,9128001321,Type 2: Non-Owner-Occupied STVR Certificate,2,1,4,SAVANNAH DOWNTOWN HISTORIC DISTRICT,2004507004,418 W WAYNE ST,,,SAVANNAH,GA,31401,"418 W WAYNE ST, SAVANNAH, GA 31401",418 W WAYNE ST,418 W WAYNE ST,Normalized,
420 WEST WAYNE ST  SAVANNAH GA 31401,,SVR-01933,2027-05-20,2004507004,Chase Stahl,chase@southkeymgmt.com,9128001321,Type 2: Non-Owner-Occupied STVR Certificate,1,1,4,SAVANNAH DOWNTOWN HISTORIC DISTRICT,2004507004,420 W WAYNE ST,,,SAVANNAH,GA,31401,"420 W WAYNE ST, SAVANNAH, GA 31401",420 W WAYNE ST,420 W WAYNE ST,Normalized,
541 EAST JONES LN  SAVANNAH GA 31401,,SVR-01935,2027-04-07,2003301023,Vacasa LLC,permitting@vacasa.com,5033459399,Type 2: Non-Owner-Occupied STVR Certificate,2,2,6,SAVANNAH DOWNTOWN HISTORIC DISTRICT,2003301023,541 E JONES LN,,,SAVANNAH,GA,31401,"541 E JONES LN, SAVANNAH, GA 31401",541 E JONES LN,541 E JONES LN,Normalized,
117  LINCOLN ST  SAVANNAH GA 31401,6-B,SVR-01937,2027-04-08,2000447059,JW Management of Savannah LLC,jwmgmt912@gmail.com,9125705070,Type 2: Non-Owner-Occupied STVR Certificate,2,,4,SAVANNAH DOWNTOWN HISTORIC DISTRICT,2000447059,117 LINCOLN ST,6-B,,SAVANNAH,GA,31401,"117 LINCOLN ST UNIT 6-B, SAVANNAH, GA 31401",117 LINCOLN ST,117 LINCOLN ST UNIT 6-B,Normalized,
313 EAST PARK AVE  SAVANNAH GA 31401,,SVR-01938,2027-04-08,2005302018,Ryan Murphy d/b/a ILLUKI LLC,illuki912@gmail.com,6183039350,Type 2: Non-Owner-Occupied STVR Certificate,2,2,4,VICTORIAN HISTORIC DISTRICT,2005302018,313 E PARK AVE,,,SAVANNAH,GA,31401,"313 E PARK AVE, SAVANNAH, GA 31401",313 E PARK AVE,313 E PARK AVE,Normalized,
419   MONTGOMERY ST  SAVANNAH GA 31401,2,SVR-01940,2027-04-08,2004505001,Lucky Savannah Vacation Rentals,owners@luckysavannah.com,9124958582,Type 2: Non-Owner-Occupied STVR Certificate,3,2,6,SAVANNAH DOWNTOWN HISTORIC DISTRICT,2004505001,419 MONTGOMERY ST,2,,SAVANNAH,GA,31401,"419 MONTGOMERY ST UNIT 2, SAVANNAH, GA 31401",419 MONTGOMERY ST,419 MONTGOMERY ST UNIT 2,Normalized,
105 EAST DUFFY ST  SAVANNAH GA 31401,B,SVR-01942,2027-06-26,2005303011,NOLA RE Management Group LLC,compliance@stayheirloom.com,5043752300,Type 2: Non-Owner-Occupied STVR Certificate,4,1,8,VICTORIAN HISTORIC DISTRICT,2005303011,105 E DUFFY ST,B,,SAVANNAH,GA,31401,"105 E DUFFY ST UNIT B, SAVANNAH, GA 31401",105 E DUFFY ST,105 E DUFFY ST UNIT B,Normalized,
105 EAST DUFFY ST  SAVANNAH GA 31401,A,SVR-01943,2027-06-26,2005303011,NOLA RE Management Group LLC,compliance@stayheirloom.com,5043752300,Type 2: Non-Owner-Occupied STVR Certificate,3,1,6,VICTORIAN HISTORIC DISTRICT,2005303011,105 E DUFFY ST,A,,SAVANNAH,GA,31401,"105 E DUFFY ST UNIT A, SAVANNAH, GA 31401",105 E DUFFY ST,105 E DUFFY ST UNIT A,Normalized,
1116  HABERSHAM ST  SAVANNAH GA 31401,1,SVR-01944,2027-04-29,2005301008,Mathew and Aimee Stoessiger and Dostie,rentals@savrealty.com,9123881922,Type 2: Non-Owner-Occupied STVR Certificate,1,,4,VICTORIAN HISTORIC DISTRICT,2005301008,1116 HABERSHAM ST,1,,SAVANNAH,GA,31401,"1116 HABERSHAM ST UNIT 1, SAVANNAH, GA 31401",1116 HABERSHAM ST,1116 HABERSHAM ST UNIT 1,Normalized,
402 EAST DUFFY ST  SAVANNAH GA 31401,1,SVR-01945,2027-04-29,2005301008,Mathew and Aimee Stoessiger and Dostie,rentals@savrealty.com,9123881922,Type 2: Non-Owner-Occupied STVR Certificate,1,,4,VICTORIAN HISTORIC DISTRICT,2005301008,402 E DUFFY ST,1,,SAVANNAH,GA,31401,"402 E DUFFY ST UNIT 1, SAVANNAH, GA 31401",402 E DUFFY ST,402 E DUFFY ST UNIT 1,Normalized,
402 EAST DUFFY ST  SAVANNAH GA 31401,2,SVR-01946,2027-04-29,2005301008,Mathew and Aimee Stoessiger and Dostie,rentals@savrealty.com,9123881922,Type 2: Non-Owner-Occupied STVR Certificate,2,,4,VICTORIAN HISTORIC DISTRICT,2005301008,402 E DUFFY ST,2,,SAVANNAH,GA,31401,"402 E DUFFY ST UNIT 2, SAVANNAH, GA 31401",402 E DUFFY ST,402 E DUFFY ST UNIT 2,Normalized,
608  HABERSHAM ST  SAVANNAH GA 31401,,SVR-01948,2027-05-05,2004403010,Lucky Savannah Vacation Rentals,owners@luckysavannah.com,9124958582,Type 1: Owner-Occupied STVR Certificate,3,,6,SAVANNAH DOWNTOWN HISTORIC DISTRICT,2004403010,608 HABERSHAM ST,,,SAVANNAH,GA,31401,"608 HABERSHAM ST, SAVANNAH, GA 31401",608 HABERSHAM ST,608 HABERSHAM ST,Normalized,
214 EAST JONES ST  SAVANNAH GA 31401,Carriage House (aka Unit 1/2),SVR-01960,2027-06-28,2003208012A,Lucky Savannah Vacation Rentals,owners@luckysavannah.com,9124958582,Type 2: Non-Owner-Occupied STVR Certificate,1,,4,SAVANNAH DOWNTOWN HISTORIC DISTRICT,2003208012A,214 E JONES ST,CARRIAGE HOUSE (AKA UNIT 1/2),,SAVANNAH,GA,31401,"214 E JONES ST UNIT CARRIAGE HOUSE (AKA UNIT 1/2), SAVANNAH, GA 31401",214 E JONES ST,214 E JONES ST UNIT CARRIAGE HOUSE (AKA UNIT 1/2),Normalized,
121 WEST JONES ST  SAVANNAH GA 31401,F,SVR-01961,2027-06-07,2003217029,Cora Bett Thomas Rentals and Management,stvr@cbtrentals.com,9125036652,Type 2: Non-Owner-Occupied STVR Certificate,1,1,4,SAVANNAH DOWNTOWN HISTORIC DISTRICT,2003217029,121 W JONES ST,F,,SAVANNAH,GA,31401,"121 W JONES ST UNIT F, SAVANNAH, GA 31401",121 W JONES ST,121 W JONES ST UNIT F,Normalized,
514 EAST GWINNETT ST  SAVANNAH GA 31401,,SVR-01963,2027-07-02,2004302042,Jason & Jenny House,jennymhouse@comcast.net,9126600267,Type 2: Non-Owner-Occupied STVR Certificate,3,2,6,SAVANNAH DOWNTOWN HISTORIC DISTRICT,2004302042,514 E GWINNETT ST,,,SAVANNAH,GA,31401,"514 E GWINNETT ST, SAVANNAH, GA 31401",514 E GWINNETT ST,514 E GWINNETT ST,Normalized,
107 WEST PARK AVE  SAVANNAH GA 31401,,SVR-01966,2027-07-17,2004430029,NOLA RE Management Group LLC,compliance@stayheirloom.com,5045070523,Type 2: Non-Owner-Occupied STVR Certificate,6,4,12,VICTORIAN HISTORIC DISTRICT,2004430029,107 W PARK AVE,,,SAVANNAH,GA,31401,"107 W PARK AVE, SAVANNAH, GA 31401",107 W PARK AVE,107 W PARK AVE,Normalized,
104 WEST BROUGHTON ST  SAVANNAH GA 31401,A,SVR-01971,2027-06-26,2000436317,Carlos Cordero,stayheresavannah@gmail.com,9126503343,Type 2: Non-Owner-Occupied STVR Certificate,2,,4,SAVANNAH DOWNTOWN HISTORIC DISTRICT,2000436317,104 W BROUGHTON ST,A,,SAVANNAH,GA,31401,"104 W BROUGHTON ST UNIT A, SAVANNAH, GA 31401",104 W BROUGHTON ST,104 W BROUGHTON ST UNIT A,Normalized,
506 EAST PARK AVE  SAVANNAH GA 31401,,SVR-01972,2027-07-19,2004314017,Caitlin Condon,caitlinccondon@gmail.com,7813088131,Type 1: Owner-Occupied STVR Certificate,2,,4,VICTORIAN HISTORIC DISTRICT,2004314017,506 E PARK AVE,,,SAVANNAH,GA,31401,"506 E PARK AVE, SAVANNAH, GA 31401",506 E PARK AVE,506 E PARK AVE,Normalized,
310 WEST CHARLTON ST  SAVANNAH GA 31401,,SVR-01973,2027-07-11,2003120004,Kevin Fiora,krfiora001@gmail.com,3016021657,Type 2: Non-Owner-Occupied STVR Certificate,2,,4,SAVANNAH DOWNTOWN HISTORIC DISTRICT,2003120004,310 W CHARLTON ST,,,SAVANNAH,GA,31401,"310 W CHARLTON ST, SAVANNAH, GA 31401",310 W CHARLTON ST,310 W CHARLTON ST,Normalized,
1711  HABERSHAM ST  SAVANNAH GA 31401,,SVR-01974,2027-07-05,2005340011,Jewell Anderson,habhouse1733@gmail.com,9125074919,Type 1: Owner-Occupied STVR Certificate,2,,4,STREETCAR HISTORIC DISTRICT,2005340011,1711 HABERSHAM ST,,,SAVANNAH,GA,31401,"1711 HABERSHAM ST, SAVANNAH, GA 31401",1711 HABERSHAM ST,1711 HABERSHAM ST,Normalized,
115 EAST BAY ST  SAVANNAH GA 31401,2A,SVR-00193,2027-04-05,2000416009,Lucky Savannah Vacation Rentals,owners@luckysavannah.com,9124958582,Type 2: Non-Owner-Occupied STVR Certificate,1,1,4,SAVANNAH DOWNTOWN HISTORIC DISTRICT,2000416009,115 E BAY ST,2A,,SAVANNAH,GA,31401,"115 E BAY ST UNIT 2A, SAVANNAH, GA 31401",115 E BAY ST,115 E BAY ST UNIT 2A,Normalized,
313  ABERCORN ST  SAVANNAH GA 31401,,SVR-01978,2027-07-18,2001533005,Chaz Fraser,contact@stayatarise.com,9123880845,Type 2: Non-Owner-Occupied STVR Certificate,1,,4,SAVANNAH DOWNTOWN HISTORIC DISTRICT,2001533005,313 ABERCORN ST,,,SAVANNAH,GA,31401,"313 ABERCORN ST, SAVANNAH, GA 31401",313 ABERCORN ST,313 ABERCORN ST,Normalized,
313  ABERCORN ST  SAVANNAH GA 31401,2,SVR-01979,2027-07-18,2001533005,Chaz Fraser,contact@stayatarise.com,9123880845,Type 2: Non-Owner-Occupied STVR Certificate,1,,4,SAVANNAH DOWNTOWN HISTORIC DISTRICT,2001533005,313 ABERCORN ST,2,,SAVANNAH,GA,31401,"313 ABERCORN ST UNIT 2, SAVANNAH, GA 31401",313 ABERCORN ST,313 ABERCORN ST UNIT 2,Normalized,
313  ABERCORN ST  SAVANNAH GA 31401,3,SVR-01980,2027-07-18,2001533005,Chaz Fraser,contact@stayatarise.com,9123880845,Type 2: Non-Owner-Occupied STVR Certificate,1,,4,SAVANNAH DOWNTOWN HISTORIC DISTRICT,2001533005,313 ABERCORN ST,3,,SAVANNAH,GA,31401,"313 ABERCORN ST UNIT 3, SAVANNAH, GA 31401",313 ABERCORN ST,313 ABERCORN ST UNIT 3,Normalized,
313  ABERCORN ST  SAVANNAH GA 31401,4,SVR-01981,2027-07-18,2001533005,Chaz Fraser,contact@stayatarise.com,9123880845,Type 2: Non-Owner-Occupied STVR Certificate,1,,4,SAVANNAH DOWNTOWN HISTORIC DISTRICT,2001533005,313 ABERCORN ST,4,,SAVANNAH,GA,31401,"313 ABERCORN ST UNIT 4, SAVANNAH, GA 31401",313 ABERCORN ST,313 ABERCORN ST UNIT 4,Normalized,
202 WEST WALDBURG ST  SAVANNAH GA 31401,,SVR-01982,2027-07-25,2004417020,Laura Robinson,southerngracegetaways@yahoo.com,9126008086,Type 2: Non-Owner-Occupied STVR Certificate,3,1,6,VICTORIAN HISTORIC DISTRICT,2004417020,202 W WALDBURG ST,,,SAVANNAH,GA,31401,"202 W WALDBURG ST, SAVANNAH, GA 31401",202 W WALDBURG ST,202 W WALDBURG ST,Normalized,
125 WEST GORDON ST  SAVANNAH GA 31401,A,SVR-01983,2027-08-06,2003242003,Luxury Living Savannah,reservations@luxurylivingsavannah.com,9129997200,Type 2: Non-Owner-Occupied STVR Certificate,2,,4,SAVANNAH DOWNTOWN HISTORIC DISTRICT,2003242003,125 W GORDON ST,A,,SAVANNAH,GA,31401,"125 W GORDON ST UNIT A, SAVANNAH, GA 31401",125 W GORDON ST,125 W GORDON ST UNIT A,Normalized,
125 WEST GORDON ST  SAVANNAH GA 31401,B,SVR-01984,2027-08-06,2003242003,Luxury Living Savannah,reservations@luxurylivingsavannah.com,9129997200,Type 2: Non-Owner-Occupied STVR Certificate,1,,4,SAVANNAH DOWNTOWN HISTORIC DISTRICT,2003242003,125 W GORDON ST,B,,SAVANNAH,GA,31401,"125 W GORDON ST UNIT B, SAVANNAH, GA 31401",125 W GORDON ST,125 W GORDON ST UNIT B,Normalized,
125 WEST GORDON ST  SAVANNAH GA 31401,C,SVR-01985,2027-08-06,2003242003,Luxury Living Savannah,reservations@luxurylivingsavannah.com,9129997200,Type 2: Non-Owner-Occupied STVR Certificate,1,,4,SAVANNAH DOWNTOWN HISTORIC DISTRICT,2003242003,125 W GORDON ST,C,,SAVANNAH,GA,31401,"125 W GORDON ST UNIT C, SAVANNAH, GA 31401",125 W GORDON ST,125 W GORDON ST UNIT C,Normalized,
125 WEST GORDON ST  SAVANNAH GA 31401,D,SVR-01986,2027-08-06,2003242003,Luxury Living Savannah,reservations@luxurylivingsavannah.com,9129997200,Type 2: Non-Owner-Occupied STVR Certificate,1,,4,SAVANNAH DOWNTOWN HISTORIC DISTRICT,2003242003,125 W GORDON ST,D,,SAVANNAH,GA,31401,"125 W GORDON ST UNIT D, SAVANNAH, GA 31401",125 W GORDON ST,125 W GORDON ST UNIT D,Normalized,
115 EAST BAY ST  SAVANNAH GA 31401,2B,SVR-00194,2027-04-05,2000416009,Lucky Savannah Vacation Rentals,owners@luckysavannah.com,9124958582,Type 2: Non-Owner-Occupied STVR Certificate,1,1,4,SAVANNAH DOWNTOWN HISTORIC DISTRICT,2000416009,115 E BAY ST,2B,,SAVANNAH,GA,31401,"115 E BAY ST UNIT 2B, SAVANNAH, GA 31401",115 E BAY ST,115 E BAY ST UNIT 2B,Normalized,
417 WEST WALDBURG LN  SAVANNAH GA 31401,A,SVR-01992,2027-07-19,2005213013,Johnathan Felton,info@coolbnbs.com,9124641185,Type 2: Non-Owner-Occupied STVR Certificate,1,1,4,VICTORIAN HISTORIC DISTRICT,2005213013,417 W WALDBURG LN,A,,SAVANNAH,GA,31401,"417 W WALDBURG LN UNIT A, SAVANNAH, GA 31401",417 W WALDBURG LN,417 W WALDBURG LN UNIT A,Normalized,
417 WEST WALDBURG LN  SAVANNAH GA 31401,B,SVR-01994,2027-07-19,2005213013,Jonathan Felton,info@coolbnbs.com,9124641185,Type 2: Non-Owner-Occupied STVR Certificate,2,1,4,VICTORIAN HISTORIC DISTRICT,2005213013,417 W WALDBURG LN,B,,SAVANNAH,GA,31401,"417 W WALDBURG LN UNIT B, SAVANNAH, GA 31401",417 W WALDBURG LN,417 W WALDBURG LN UNIT B,Normalized,
417 WEST WALDBURG LN  SAVANNAH GA 31401,C,SVR-01995,2027-07-19,2005213013,Johnathan Felton,info@coolbnbs.com,9124641185,Type 2: Non-Owner-Occupied STVR Certificate,1,1,4,VICTORIAN HISTORIC DISTRICT,2005213013,417 W WALDBURG LN,C,,SAVANNAH,GA,31401,"417 W WALDBURG LN UNIT C, SAVANNAH, GA 31401",417 W WALDBURG LN,417 W WALDBURG LN UNIT C,Normalized,
414 WEST PARK AVE  SAVANNAH GA 31401,A,SVR-01996,2027-07-19,2005213013,Johnathan Felton,info@coolbnbs.com,9124641185,Type 2: Non-Owner-Occupied STVR Certificate,2,,4,VICTORIAN HISTORIC DISTRICT,2005213013,414 W PARK AVE,A,,SAVANNAH,GA,31401,"414 W PARK AVE UNIT A, SAVANNAH, GA 31401",414 W PARK AVE,414 W PARK AVE UNIT A,Normalized,
414 WEST PARK AVE  SAVANNAH GA 31401,B,SVR-01997,2027-07-19,2005213013,Johnathan Felton,info@coolbnbs.com,9124641185,Type 2: Non-Owner-Occupied STVR Certificate,2,,4,VICTORIAN HISTORIC DISTRICT,2005213013,414 W PARK AVE,B,,SAVANNAH,GA,31401,"414 W PARK AVE UNIT B, SAVANNAH, GA 31401",414 W PARK AVE,414 W PARK AVE UNIT B,Normalized,
115 EAST BAY ST  SAVANNAH GA 31401,3A,SVR-00195,2027-04-05,2000416009,Lucky Savannah Vacation Rentals,owners@luckysavannah.com,9124958582,Type 2: Non-Owner-Occupied STVR Certificate,1,1,4,SAVANNAH DOWNTOWN HISTORIC DISTRICT,2000416009,115 E BAY ST,3A,,SAVANNAH,GA,31401,"115 E BAY ST UNIT 3A, SAVANNAH, GA 31401",115 E BAY ST,115 E BAY ST UNIT 3A,Normalized,
901  MONTGOMERY ST  SAVANNAH GA 31401,A,SVR-02000,2027-05-09,2005204005,Lucky Savannah Vacation Rentals,owners@luckysavannah.com,9124958582,Type 2: Non-Owner-Occupied STVR Certificate,2,,4,VICTORIAN HISTORIC DISTRICT,2005204005,901 MONTGOMERY ST,A,,SAVANNAH,GA,31401,"901 MONTGOMERY ST UNIT A, SAVANNAH, GA 31401",901 MONTGOMERY ST,901 MONTGOMERY ST UNIT A,Normalized,
310 WEST BROUGHTON ST  SAVANNAH GA 31401,2009,SVR-02001,2027-08-05,2001615024,Chase Stahl,chase@southkeymgmt.com,9128001321,Type 2: Non-Owner-Occupied STVR Certificate,1,,4,SAVANNAH DOWNTOWN HISTORIC DISTRICT,2001615024,310 W BROUGHTON ST,2009,,SAVANNAH,GA,31401,"310 W BROUGHTON ST UNIT 2009, SAVANNAH, GA 31401",310 W BROUGHTON ST,310 W BROUGHTON ST UNIT 2009,Normalized,
213 WEST HENRY ST  SAVANNAH GA 31401,,SVR-02002,2026-10-16,2005228017,Jessica Dorman,jessica.maria.dorman@gmail.com,8472939111,Type 2: Non-Owner-Occupied STVR Certificate,2,2,4,VICTORIAN HISTORIC DISTRICT,2005228017,213 W HENRY ST,,,SAVANNAH,GA,31401,"213 W HENRY ST, SAVANNAH, GA 31401",213 W HENRY ST,213 W HENRY ST,Normalized,
215 WEST HENRY ST  SAVANNAH GA 31401,,SVR-02003,2026-10-16,2005228018,Jessica Dorman,jessica.maria.dorman@gmail.com,8472939111,Type 2: Non-Owner-Occupied STVR Certificate,2,2,4,VICTORIAN HISTORIC DISTRICT,2005228018,215 W HENRY ST,,,SAVANNAH,GA,31401,"215 W HENRY ST, SAVANNAH, GA 31401",215 W HENRY ST,215 W HENRY ST,Normalized,
531 EAST PERRY LN  SAVANNAH GA 31401,Carriage House,SVR-02004,2027-08-11,2001411015,Lucky Savannah Vacation Rentals,owners@luckysavannah.com,9124958582,Type 2: Non-Owner-Occupied STVR Certificate,1,,4,SAVANNAH DOWNTOWN HISTORIC DISTRICT,2001411015,531 E PERRY LN,CARRIAGE HOUSE,,SAVANNAH,GA,31401,"531 E PERRY LN UNIT CARRIAGE HOUSE, SAVANNAH, GA 31401",531 E PERRY LN,531 E PERRY LN UNIT CARRIAGE HOUSE,Normalized,
531 EAST PERRY ST  SAVANNAH GA 31401,Main House,SVR-02005,2027-08-11,2001411015,Lucky Savannah Vacation Rentals,owners@luckysavannah.com,9124958582,Type 2: Non-Owner-Occupied STVR Certificate,2,2,4,SAVANNAH DOWNTOWN HISTORIC DISTRICT,2001411015,531 E PERRY ST,MAIN HOUSE,,SAVANNAH,GA,31401,"531 E PERRY ST UNIT MAIN HOUSE, SAVANNAH, GA 31401",531 E PERRY ST,531 E PERRY ST UNIT MAIN HOUSE,Normalized,
509  WHITAKER ST  SAVANNAH GA 31401,A,SVR-02009,2026-10-25,2003253003,Deborah Schott,deborahschott13@gmail.com,9125035213,Type 2: Non-Owner-Occupied STVR Certificate,2,,4,SAVANNAH DOWNTOWN HISTORIC DISTRICT,2003253003,509 WHITAKER ST,A,,SAVANNAH,GA,31401,"509 WHITAKER ST UNIT A, SAVANNAH, GA 31401",509 WHITAKER ST,509 WHITAKER ST UNIT A,Normalized,
115 EAST BAY ST  SAVANNAH GA 31401,3B,SVR-00196,2027-04-05,2000416009,Lucky Savannah Vacation Rentals,owners@luckysavannah.com,9124958582,Type 2: Non-Owner-Occupied STVR Certificate,1,1,4,SAVANNAH DOWNTOWN HISTORIC DISTRICT,2000416009,115 E BAY ST,3B,,SAVANNAH,GA,31401,"115 E BAY ST UNIT 3B, SAVANNAH, GA 31401",115 E BAY ST,115 E BAY ST UNIT 3B,Normalized,
509  WHITAKER ST  SAVANNAH GA 31401,B,SVR-02010,2026-10-25,2003253003,Deborah Schott,deborahschott13@gmail.com,9125035213,Type 2: Non-Owner-Occupied STVR Certificate,1,,4,SAVANNAH DOWNTOWN HISTORIC DISTRICT,2003253003,509 WHITAKER ST,B,,SAVANNAH,GA,31401,"509 WHITAKER ST UNIT B, SAVANNAH, GA 31401",509 WHITAKER ST,509 WHITAKER ST UNIT B,Normalized,
509  WHITAKER ST  SAVANNAH GA 31401,C,SVR-02011,2026-10-25,2003253003,Deborah Schott,deborahschott13@gmail.com,9125035213,Type 2: Non-Owner-Occupied STVR Certificate,5,,10,SAVANNAH DOWNTOWN HISTORIC DISTRICT,2003253003,509 WHITAKER ST,C,,SAVANNAH,GA,31401,"509 WHITAKER ST UNIT C, SAVANNAH, GA 31401",509 WHITAKER ST,509 WHITAKER ST UNIT C,Normalized,
2010  BONA BELLA AVE  SAVANNAH GA 31406,3,SVR-02014,2026-09-17,2014105005,Colleen Smith,colleen.smith@cohensretreat.com,9126611209,Type 2: Non-Owner-Occupied STVR Certificate,1,2,4,EmptyFieldDisplayStrategy.HIDE,2014105005,2010 BONA BELLA AVE,3,,SAVANNAH,GA,31406,"2010 BONA BELLA AVE UNIT 3, SAVANNAH, GA 31406",2010 BONA BELLA AVE,2010 BONA BELLA AVE UNIT 3,Normalized,
2010  BONA BELLA AVE  SAVANNAH GA 31406,4,SVR-02016,2026-09-17,2014105005,Colleen Smith,colleen.smith@cohensretreat.com,9126611209,Type 2: Non-Owner-Occupied STVR Certificate,1,2,4,EmptyFieldDisplayStrategy.HIDE,2014105005,2010 BONA BELLA AVE,4,,SAVANNAH,GA,31406,"2010 BONA BELLA AVE UNIT 4, SAVANNAH, GA 31406",2010 BONA BELLA AVE,2010 BONA BELLA AVE UNIT 4,Normalized,
2010  BONA BELLA AVE  SAVANNAH GA 31406,5,SVR-02017,2026-09-17,2014105005,Colleen Smith,colleen.smith@cohensretreat.com,9126611209,Type 2: Non-Owner-Occupied STVR Certificate,1,2,4,EmptyFieldDisplayStrategy.HIDE,2014105005,2010 BONA BELLA AVE,5,,SAVANNAH,GA,31406,"2010 BONA BELLA AVE UNIT 5, SAVANNAH, GA 31406",2010 BONA BELLA AVE,2010 BONA BELLA AVE UNIT 5,Normalized,
2010  BONA BELLA AVE  SAVANNAH GA 31406,6,SVR-02018,2026-09-17,2014105005,Colleen Smith,colleen.smith@cohensretreat.com,9126611209,Type 2: Non-Owner-Occupied STVR Certificate,1,2,4,EmptyFieldDisplayStrategy.HIDE,2014105005,2010 BONA BELLA AVE,6,,SAVANNAH,GA,31406,"2010 BONA BELLA AVE UNIT 6, SAVANNAH, GA 31406",2010 BONA BELLA AVE,2010 BONA BELLA AVE UNIT 6,Normalized,
2010  BONA BELLA AVE  SAVANNAH GA 31406,7,SVR-02019,2026-09-17,2014105005,Colleen Smith,colleen.smith@cohensretreat.com,9126611209,Type 2: Non-Owner-Occupied STVR Certificate,1,2,4,EmptyFieldDisplayStrategy.HIDE,2014105005,2010 BONA BELLA AVE,7,,SAVANNAH,GA,31406,"2010 BONA BELLA AVE UNIT 7, SAVANNAH, GA 31406",2010 BONA BELLA AVE,2010 BONA BELLA AVE UNIT 7,Normalized,
2010  BONA BELLA AVE  SAVANNAH GA 31406,8,SVR-02021,2026-09-17,2014105005,Colleen Smith,colleen.smith@cohensretreat.com,9126611209,Type 2: Non-Owner-Occupied STVR Certificate,1,2,4,EmptyFieldDisplayStrategy.HIDE,2014105005,2010 BONA BELLA AVE,8,,SAVANNAH,GA,31406,"2010 BONA BELLA AVE UNIT 8, SAVANNAH, GA 31406",2010 BONA BELLA AVE,2010 BONA BELLA AVE UNIT 8,Normalized,
2010  BONA BELLA AVE  SAVANNAH GA 31406,9,SVR-02022,2026-09-17,2014105005,Colleen Smith,colleen.smith@cohensretreat.com,9126611209,Type 2: Non-Owner-Occupied STVR Certificate,1,2,4,EmptyFieldDisplayStrategy.HIDE,2014105005,2010 BONA BELLA AVE,9,,SAVANNAH,GA,31406,"2010 BONA BELLA AVE UNIT 9, SAVANNAH, GA 31406",2010 BONA BELLA AVE,2010 BONA BELLA AVE UNIT 9,Normalized,
2010  BONA BELLA AVE  SAVANNAH GA 31406,10,SVR-02023,2026-09-17,2014105005,Colleen Smith,colleen.smith@cohensretreat.com,9126611209,Type 2: Non-Owner-Occupied STVR Certificate,1,2,4,EmptyFieldDisplayStrategy.HIDE,2014105005,2010 BONA BELLA AVE,10,,SAVANNAH,GA,31406,"2010 BONA BELLA AVE UNIT 10, SAVANNAH, GA 31406",2010 BONA BELLA AVE,2010 BONA BELLA AVE UNIT 10,Normalized,
2010  BONA BELLA AVE  SAVANNAH GA 31406,11,SVR-02024,2026-09-17,2014105005,Colleen Smith,colleen.smith@cohensretreat.com,9126611209,Type 2: Non-Owner-Occupied STVR Certificate,1,2,4,EmptyFieldDisplayStrategy.HIDE,2014105005,2010 BONA BELLA AVE,11,,SAVANNAH,GA,31406,"2010 BONA BELLA AVE UNIT 11, SAVANNAH, GA 31406",2010 BONA BELLA AVE,2010 BONA BELLA AVE UNIT 11,Normalized,
2010  BONA BELLA AVE  SAVANNAH GA 31406,12,SVR-02025,2026-09-17,2014105005,Colleen Smith,colleen.smith@cohensretreat.com,9126611209,Type 2: Non-Owner-Occupied STVR Certificate,1,2,4,EmptyFieldDisplayStrategy.HIDE,2014105005,2010 BONA BELLA AVE,12,,SAVANNAH,GA,31406,"2010 BONA BELLA AVE UNIT 12, SAVANNAH, GA 31406",2010 BONA BELLA AVE,2010 BONA BELLA AVE UNIT 12,Normalized,
903  MONTGOMERY ST  SAVANNAH GA 31401,,SVR-02026,2027-08-26,2005204006,Mathew and Aimee Stoessiger and Dostie,rentals@savrealty.com,9123881922,Type 2: Non-Owner-Occupied STVR Certificate,3,,6,VICTORIAN HISTORIC DISTRICT,2005204006,903 MONTGOMERY ST,,,SAVANNAH,GA,31401,"903 MONTGOMERY ST, SAVANNAH, GA 31401",903 MONTGOMERY ST,903 MONTGOMERY ST,Normalized,
905  MONTGOMERY ST  SAVANNAH GA 31401,,SVR-02027,2027-08-26,2005204006,Mathew and Aimee Stoessiger and Dostie,rentals@savrealty.com,9123881922,Type 2: Non-Owner-Occupied STVR Certificate,3,,6,VICTORIAN HISTORIC DISTRICT,2005204006,905 MONTGOMERY ST,,,SAVANNAH,GA,31401,"905 MONTGOMERY ST, SAVANNAH, GA 31401",905 MONTGOMERY ST,905 MONTGOMERY ST,Normalized,
314 EAST HENRY ST  SAVANNAH GA 31401,A,SVR-02028,2026-09-13,2005305004,Eric Hess,eric49hess@yahoo.com,8316820171,Type 1: Owner-Occupied STVR Certificate,2,1,4,VICTORIAN HISTORIC DISTRICT,2005305004,314 E HENRY ST,A,,SAVANNAH,GA,31401,"314 E HENRY ST UNIT A, SAVANNAH, GA 31401",314 E HENRY ST,314 E HENRY ST UNIT A,Normalized,
519 EAST LIBERTY ST  SAVANNAH GA 31401,B,SVR-02031,2027-09-18,2001413029,Mary Anderson,mary@savannahluxuryrentals.com,9125252022,Type 2: Non-Owner-Occupied STVR Certificate,1,1,4,SAVANNAH DOWNTOWN HISTORIC DISTRICT,2001413029,519 E LIBERTY ST,B,,SAVANNAH,GA,31401,"519 E LIBERTY ST UNIT B, SAVANNAH, GA 31401",519 E LIBERTY ST,519 E LIBERTY ST UNIT B,Normalized,
519 EAST LIBERTY ST  SAVANNAH GA 31401,A,SVR-02032,2027-09-18,2001413029,Mary Anderson,mary@savannahluxuryrentals.com,9125252022,Type 2: Non-Owner-Occupied STVR Certificate,3,1,6,SAVANNAH DOWNTOWN HISTORIC DISTRICT,2001413029,519 E LIBERTY ST,A,,SAVANNAH,GA,31401,"519 E LIBERTY ST UNIT A, SAVANNAH, GA 31401",519 E LIBERTY ST,519 E LIBERTY ST UNIT A,Normalized,
518 EAST LIBERTY LN  SAVANNAH GA 31401,Carriage House,SVR-02033,2027-09-18,2001413029,Mary Anderson,mary@savannahluxuryrentals.com,9125252022,Type 2: Non-Owner-Occupied STVR Certificate,1,1,4,SAVANNAH DOWNTOWN HISTORIC DISTRICT,2001413029,518 E LIBERTY LN,CARRIAGE HOUSE,,SAVANNAH,GA,31401,"518 E LIBERTY LN UNIT CARRIAGE HOUSE, SAVANNAH, GA 31401",518 E LIBERTY LN,518 E LIBERTY LN UNIT CARRIAGE HOUSE,Normalized,
165 WEST BAY ST  SAVANNAH GA 31401,305,SVR-02035,2026-09-26,2000413046,Lucky Savannah Vacation Rentals,owners@luckysavannah.com,9124958582,Type 2: Non-Owner-Occupied STVR Certificate,2,1,4,SAVANNAH DOWNTOWN HISTORIC DISTRICT,2000413046,165 W BAY ST,305,,SAVANNAH,GA,31401,"165 W BAY ST UNIT 305, SAVANNAH, GA 31401",165 W BAY ST,165 W BAY ST UNIT 305,Normalized,
459  TATTNALL ST  SAVANNAH GA 31401,A,SVR-02038,2026-10-03,2004517005,DANIEL ANTHONY & ANNE OSIMANI,tattnallmews@gmail.com,9124145211,Type 1: Owner-Occupied STVR Certificate,1,,4,SAVANNAH DOWNTOWN HISTORIC DISTRICT,2004517005,459 TATTNALL ST,A,,SAVANNAH,GA,31401,"459 TATTNALL ST UNIT A, SAVANNAH, GA 31401",459 TATTNALL ST,459 TATTNALL ST UNIT A,Normalized,
459   TATTNALL ST  SAVANNAH GA 31401,B,SVR-02039,2026-10-03,2004517005,DANIEL ANTHONY & ANNE OSIMANI,tattnallmews@gmail.com,5405577622,Type 1: Owner-Occupied STVR Certificate,1,,4,SAVANNAH DOWNTOWN HISTORIC DISTRICT,2004517005,459 TATTNALL ST,B,,SAVANNAH,GA,31401,"459 TATTNALL ST UNIT B, SAVANNAH, GA 31401",459 TATTNALL ST,459 TATTNALL ST UNIT B,Normalized,
202 WEST BROUGHTON ST  SAVANNAH GA 31401,300,SVR-02046,2027-10-02,2001614300,John Dillon,mossandoaksavannah@gmail.com,9126929393,Type 2: Non-Owner-Occupied STVR Certificate,1,,4,SAVANNAH DOWNTOWN HISTORIC DISTRICT,2001614300,202 W BROUGHTON ST,300,,SAVANNAH,GA,31401,"202 W BROUGHTON ST UNIT 300, SAVANNAH, GA 31401",202 W BROUGHTON ST,202 W BROUGHTON ST UNIT 300,Normalized,
514 EAST LIBERTY LN  SAVANNAH GA 31401,,SVR-02047,2026-10-02,2001413027,Southern Belle Vacation Rentals,stvr@southernbellevr.com,9122890130,Type 2: Non-Owner-Occupied STVR Certificate,1,1,4,SAVANNAH DOWNTOWN HISTORIC DISTRICT,2001413027,514 E LIBERTY LN,,,SAVANNAH,GA,31401,"514 E LIBERTY LN, SAVANNAH, GA 31401",514 E LIBERTY LN,514 E LIBERTY LN,Normalized,
55  MONTGOMERY ST  SAVANNAH GA 31401,1,SVR-02048,2026-10-08,2001616011,Southern Belle Vacation Rentals,stvr@southernbellevr.com,9122890130,Type 2: Non-Owner-Occupied STVR Certificate,3,,6,SAVANNAH DOWNTOWN HISTORIC DISTRICT,2001616011,55 MONTGOMERY ST,1,,SAVANNAH,GA,31401,"55 MONTGOMERY ST UNIT 1, SAVANNAH, GA 31401",55 MONTGOMERY ST,55 MONTGOMERY ST UNIT 1,Normalized,
121 WEST PARK AVE  SAVANNAH GA 31401,1,SVR-02049,2026-10-11,2004430022,Cindy Murray,tmurray1@snet.net,2033132751,Type 2: Non-Owner-Occupied STVR Certificate,1,1,4,VICTORIAN HISTORIC DISTRICT,2004430022,121 W PARK AVE,1,,SAVANNAH,GA,31401,"121 W PARK AVE UNIT 1, SAVANNAH, GA 31401",121 W PARK AVE,121 W PARK AVE UNIT 1,Normalized,
2502  LARKIN AVE  SAVANNAH GA 31404,,SVR-02051,2027-03-13,2005910001,Margaret Emily Jones,mejones721@gmail.com,9128442321,Type 2: Non-Owner-Occupied STVR Certificate,1,1,4,EmptyFieldDisplayStrategy.HIDE,2005910001,2502 LARKIN AVE,,,SAVANNAH,GA,31404,"2502 LARKIN AVE, SAVANNAH, GA 31404",2502 LARKIN AVE,2502 LARKIN AVE,Normalized,
522 EAST LIBERTY LN  SAVANNAH GA 31401,,SVR-02063,2026-10-27,2001413031,Lucky Savannah Vacation Rentals,owners@luckysavannah.com,9124958582,Type 2: Non-Owner-Occupied STVR Certificate,1,2,4,SAVANNAH DOWNTOWN HISTORIC DISTRICT,2001413031,522 E LIBERTY LN,,,SAVANNAH,GA,31401,"522 E LIBERTY LN, SAVANNAH, GA 31401",522 E LIBERTY LN,522 E LIBERTY LN,Normalized,
523 EAST LIBERTY ST  SAVANNAH GA 31401,A,SVR-02064,2026-10-27,2001413031,Lucky Savannah Vacation Rentals,owners@luckysavannah.com,9124958582,Type 2: Non-Owner-Occupied STVR Certificate,2,2,4,SAVANNAH DOWNTOWN HISTORIC DISTRICT,2001413031,523 E LIBERTY ST,A,,SAVANNAH,GA,31401,"523 E LIBERTY ST UNIT A, SAVANNAH, GA 31401",523 E LIBERTY ST,523 E LIBERTY ST UNIT A,Normalized,
523 EAST LIBERTY ST  SAVANNAH GA 31401,B,SVR-02065,2026-10-27,2001413031,Lucky Savannah Vacation Rentals,owners@luckysavannah.com,9124958582,Type 2: Non-Owner-Occupied STVR Certificate,1,2,4,SAVANNAH DOWNTOWN HISTORIC DISTRICT,2001413031,523 E LIBERTY ST,B,,SAVANNAH,GA,31401,"523 E LIBERTY ST UNIT B, SAVANNAH, GA 31401",523 E LIBERTY ST,523 E LIBERTY ST UNIT B,Normalized,
418 EAST GASTON ST  SAVANNAH GA 31401,,SVR-00201,2027-07-08,2003248016A,Lucky Savannah Vacation Rentals,owners@luckysavannah.com,9124958582,Type 2: Non-Owner-Occupied STVR Certificate,2,,6,SAVANNAH DOWNTOWN HISTORIC DISTRICT,2003248016A,418 E GASTON ST,,,SAVANNAH,GA,31401,"418 E GASTON ST, SAVANNAH, GA 31401",418 E GASTON ST,418 E GASTON ST,Normalized,
210 EAST STATE ST  SAVANNAH GA 31401,15,SVR-02066,2027-01-22,2000447024,Janice Waldrop,nahj_5426@yahoo.com,9125083512,Type 2: Non-Owner-Occupied STVR Certificate,1,,4,SAVANNAH DOWNTOWN HISTORIC DISTRICT,2000447024,210 E STATE ST,15,,SAVANNAH,GA,31401,"210 E STATE ST UNIT 15, SAVANNAH, GA 31401",210 E STATE ST,210 E STATE ST UNIT 15,Normalized,
536 EAST STATE ST  SAVANNAH GA 31401,,SVR-02081,2026-12-31,2000517013,Southern Belle Vacation Rentals,stvr@southernbellevr.com,9122890130,Type 2: Non-Owner-Occupied STVR Certificate,1,,4,SAVANNAH DOWNTOWN HISTORIC DISTRICT,2000517013,536 E STATE ST,,,SAVANNAH,GA,31401,"536 E STATE ST, SAVANNAH, GA 31401",536 E STATE ST,536 E STATE ST,Normalized,
200 WEST JONES ST  SAVANNAH GA 31401,,SVR-02083,2026-12-16,2003128002,South Key Management Company,chase@southkeymgmt.com,9128001321,Type 1: Owner-Occupied STVR Certificate,1,,4,SAVANNAH DOWNTOWN HISTORIC DISTRICT,2003128002,200 W JONES ST,,,SAVANNAH,GA,31401,"200 W JONES ST, SAVANNAH, GA 31401",200 W JONES ST,200 W JONES ST,Normalized,
202 WEST JONES ST  SAVANNAH GA 31401,,SVR-02084,2026-12-16,2003128002,South Key Management Company,chase@southkeymgmt.com,9128001321,Type 1: Owner-Occupied STVR Certificate,1,,4,SAVANNAH DOWNTOWN HISTORIC DISTRICT,2003128002,202 W JONES ST,,,SAVANNAH,GA,31401,"202 W JONES ST, SAVANNAH, GA 31401",202 W JONES ST,202 W JONES ST,Normalized,
515 EAST WALDBURG ST  SAVANNAH GA 31401,A,SVR-02085,2026-11-26,2004314023,"Cecil McLendon, Jr.",cecilmclendon@hotmail.com,4047847904,Type 1: Owner-Occupied STVR Certificate,1,1,4,VICTORIAN HISTORIC DISTRICT,2004314023,515 E WALDBURG ST,A,,SAVANNAH,GA,31401,"515 E WALDBURG ST UNIT A, SAVANNAH, GA 31401",515 E WALDBURG ST,515 E WALDBURG ST UNIT A,Normalized,
515 EAST WALDBURG ST  SAVANNAH GA 31401,B,SVR-02086,2026-11-26,2004314023,"Cecil McLendon, Jr.",cecilmclendon@hotmail.com,4047847904,Type 1: Owner-Occupied STVR Certificate,1,1,4,VICTORIAN HISTORIC DISTRICT,2004314023,515 E WALDBURG ST,B,,SAVANNAH,GA,31401,"515 E WALDBURG ST UNIT B, SAVANNAH, GA 31401",515 E WALDBURG ST,515 E WALDBURG ST UNIT B,Normalized,
525 EAST JONES ST  SAVANNAH GA 31401,,SVR-00203,2026-11-28,2003301044,Lucky Savannah Vacation Rentals,owners@luckysavannah.com,9124958582,Type 2: Non-Owner-Occupied STVR Certificate,3,2,8,SAVANNAH DOWNTOWN HISTORIC DISTRICT,2003301044,525 E JONES ST,,,SAVANNAH,GA,31401,"525 E JONES ST, SAVANNAH, GA 31401",525 E JONES ST,525 E JONES ST,Normalized,
515 EAST WALDBURG ST  SAVANNAH GA 31401,C,SVR-02087,2026-11-26,2004314023,"Cecil McLendon, Jr.",cecilmclendon@hotmail.com,4047847904,Type 1: Owner-Occupied STVR Certificate,1,1,4,VICTORIAN HISTORIC DISTRICT,2004314023,515 E WALDBURG ST,C,,SAVANNAH,GA,31401,"515 E WALDBURG ST UNIT C, SAVANNAH, GA 31401",515 E WALDBURG ST,515 E WALDBURG ST UNIT C,Normalized,
413 EAST HALL ST  SAVANNAH GA 31401,A,SVR-02089,2026-12-05,2004408026,Mary Anderson d/b/a Anderson VIP Concierge LLC,mary@savannahluxuryrentals.com,9125252022,Type 2: Non-Owner-Occupied STVR Certificate,2,,4,SAVANNAH DOWNTOWN HISTORIC DISTRICT,2004408026,413 E HALL ST,A,,SAVANNAH,GA,31401,"413 E HALL ST UNIT A, SAVANNAH, GA 31401",413 E HALL ST,413 E HALL ST UNIT A,Normalized,
413 EAST HALL ST  SAVANNAH GA 31401,B,SVR-02090,2026-12-05,2004408026,Mary Anderson d/b/a Anderson VIP Concierge LLC,mary@savannahluxuryrentals.com,9125252022,Type 2: Non-Owner-Occupied STVR Certificate,2,,4,SAVANNAH DOWNTOWN HISTORIC DISTRICT,2004408026,413 E HALL ST,B,,SAVANNAH,GA,31401,"413 E HALL ST UNIT B, SAVANNAH, GA 31401",413 E HALL ST,413 E HALL ST UNIT B,Normalized,
413 EAST HALL ST  SAVANNAH GA 31401,C,SVR-02091,2026-12-05,2004408026,Mary Anderson d/b/a Anderson VIP Concierge LLC,mary@savannahluxuryrentals.com,9125252022,Type 2: Non-Owner-Occupied STVR Certificate,1,,4,SAVANNAH DOWNTOWN HISTORIC DISTRICT,2004408026,413 E HALL ST,C,,SAVANNAH,GA,31401,"413 E HALL ST UNIT C, SAVANNAH, GA 31401",413 E HALL ST,413 E HALL ST UNIT C,Normalized,
222 EAST ANDERSON ST  SAVANNAH GA 31401,,SVR-02092,2027-01-22,2005311025,Kasandra Clark,kacic124@gmail.com,4044031148,Type 1: Owner-Occupied STVR Certificate,3,2,6,VICTORIAN HISTORIC DISTRICT,2005311025,222 E ANDERSON ST,,,SAVANNAH,GA,31401,"222 E ANDERSON ST, SAVANNAH, GA 31401",222 E ANDERSON ST,222 E ANDERSON ST,Normalized,
223 WEST WALDBURG ST  SAVANNAH GA 31401,B,SVR-02093,2027-01-02,2005215033,24square Inc,24squaresavannah@gmail.com,9787667088,Type 2: Non-Owner-Occupied STVR Certificate,2,,4,VICTORIAN HISTORIC DISTRICT,2005215033,223 W WALDBURG ST,B,,SAVANNAH,GA,31401,"223 W WALDBURG ST UNIT B, SAVANNAH, GA 31401",223 W WALDBURG ST,223 W WALDBURG ST UNIT B,Normalized,
1110  DRAYTON ST  SAVANNAH GA 31401,B,SVR-02095,2026-12-12,2004433012,Ander Jenkins,mjenkins@igc.org,9127479789,Type 2: Non-Owner-Occupied STVR Certificate,2,1,4,VICTORIAN HISTORIC DISTRICT,2004433012,1110 DRAYTON ST,B,,SAVANNAH,GA,31401,"1110 DRAYTON ST UNIT B, SAVANNAH, GA 31401",1110 DRAYTON ST,1110 DRAYTON ST UNIT B,Normalized,
1902  HOWARD ST  SAVANNAH GA 31401,Carriage House,SVR-02096,2027-01-02,2006507013,Robert Lingle III,rob.lingle@gmail.com,9123083143,Type 1: Owner-Occupied STVR Certificate,1,1,4,STREETCAR HISTORIC DISTRICT,2006507013,1902 HOWARD ST,CARRIAGE HOUSE,,SAVANNAH,GA,31401,"1902 HOWARD ST UNIT CARRIAGE HOUSE, SAVANNAH, GA 31401",1902 HOWARD ST,1902 HOWARD ST UNIT CARRIAGE HOUSE,Normalized,
520 EAST LIBERTY LN  SAVANNAH GA 31401,,SVR-02097,2026-12-31,2001413030,24square Inc,24squaresavannah@gmail.com,9787667088,Type 2: Non-Owner-Occupied STVR Certificate,1,,4,SAVANNAH DOWNTOWN HISTORIC DISTRICT,2001413030,520 E LIBERTY LN,,,SAVANNAH,GA,31401,"520 E LIBERTY LN, SAVANNAH, GA 31401",520 E LIBERTY LN,520 E LIBERTY LN,Normalized,
521 EAST LIBERTY ST  SAVANNAH GA 31401,A,SVR-02098,2026-12-31,2001413030,24square Inc,24squaresavannah@gmail.com,9787667088,Type 2: Non-Owner-Occupied STVR Certificate,2,,4,SAVANNAH DOWNTOWN HISTORIC DISTRICT,2001413030,521 E LIBERTY ST,A,,SAVANNAH,GA,31401,"521 E LIBERTY ST UNIT A, SAVANNAH, GA 31401",521 E LIBERTY ST,521 E LIBERTY ST UNIT A,Normalized,
521 EAST LIBERTY ST  SAVANNAH GA 31401,B,SVR-02099,2026-12-31,2001413030,24square Inc,24squaresavannah@gmail.com,9787667088,Type 2: Non-Owner-Occupied STVR Certificate,1,,4,SAVANNAH DOWNTOWN HISTORIC DISTRICT,2001413030,521 E LIBERTY ST,B,,SAVANNAH,GA,31401,"521 E LIBERTY ST UNIT B, SAVANNAH, GA 31401",521 E LIBERTY ST,521 E LIBERTY ST UNIT B,Normalized,
308 WEST GWINNETT ST  SAVANNAH GA 31401,,SVR-02103,2027-02-07,2004529020,Southern Belle Vacation Rentals,stvr@southernbellevr.com,9122190130,Type 2: Non-Owner-Occupied STVR Certificate,3,1,6,SAVANNAH DOWNTOWN HISTORIC DISTRICT,2004529020,308 W GWINNETT ST,,,SAVANNAH,GA,31401,"308 W GWINNETT ST, SAVANNAH, GA 31401",308 W GWINNETT ST,308 W GWINNETT ST,Normalized,
111  LINCOLN ST  SAVANNAH GA 31401,1-A,SVR-02105,2027-03-09,2000447048,Mary Anderson d/b/a Anderson VIP Concierge LLC,mary@savannahluxuryrentals.com,9125252022,Type 2: Non-Owner-Occupied STVR Certificate,3,,6,SAVANNAH DOWNTOWN HISTORIC DISTRICT,2000447048,111 LINCOLN ST,1-A,,SAVANNAH,GA,31401,"111 LINCOLN ST UNIT 1-A, SAVANNAH, GA 31401",111 LINCOLN ST,111 LINCOLN ST UNIT 1-A,Normalized,
315 WEST GWINNETT ST  SAVANNAH GA 31401,,SVR-02106,2027-02-05,2005202016,Dean Baluch,dbsep.member@gmail.com,3107791241,Type 2: Non-Owner-Occupied STVR Certificate,2,1,4,VICTORIAN HISTORIC DISTRICT,2005202016,315 W GWINNETT ST,,,SAVANNAH,GA,31401,"315 W GWINNETT ST, SAVANNAH, GA 31401",315 W GWINNETT ST,315 W GWINNETT ST,Normalized,
317 WEST GWINNETT ST  SAVANNAH GA 31401,,SVR-02107,2027-02-05,2005202017,Dean Baluch,dbsep.member@gmail.com,3107791241,Type 2: Non-Owner-Occupied STVR Certificate,2,1,4,VICTORIAN HISTORIC DISTRICT,2005202017,317 W GWINNETT ST,,,SAVANNAH,GA,31401,"317 W GWINNETT ST, SAVANNAH, GA 31401",317 W GWINNETT ST,317 W GWINNETT ST,Normalized,
415 EAST HALL ST  SAVANNAH GA 31401,A,SVR-02108,2027-03-02,2004408027,SOUTHERN BELLE VACATION RENTALS,stvr@southernbellevr.com,9122890130,Type 2: Non-Owner-Occupied STVR Certificate,4,2,8,SAVANNAH DOWNTOWN HISTORIC DISTRICT,2004408027,415 E HALL ST,A,,SAVANNAH,GA,31401,"415 E HALL ST UNIT A, SAVANNAH, GA 31401",415 E HALL ST,415 E HALL ST UNIT A,Normalized,
415 EAST HALL ST  SAVANNAH GA 31401,B,SVR-02109,2027-03-02,2004408027,SOUTHERN BELLE VACATION RENTALS,stvr@southernbellevr.com,9122890130,Type 2: Non-Owner-Occupied STVR Certificate,1,2,4,SAVANNAH DOWNTOWN HISTORIC DISTRICT,2004408027,415 E HALL ST,B,,SAVANNAH,GA,31401,"415 E HALL ST UNIT B, SAVANNAH, GA 31401",415 E HALL ST,415 E HALL ST UNIT B,Normalized,
210 EAST STATE ST  SAVANNAH GA 31401,19,SVR-02110,2027-02-18,2000447028,Alyssa Acker d/b/a Hosting Savannah LLC,hostingsavannah@gmail.com,4436104230,Type 2: Non-Owner-Occupied STVR Certificate,1,,4,SAVANNAH DOWNTOWN HISTORIC DISTRICT,2000447028,210 E STATE ST,19,,SAVANNAH,GA,31401,"210 E STATE ST UNIT 19, SAVANNAH, GA 31401",210 E STATE ST,210 E STATE ST UNIT 19,Normalized,
220 WEST PARK AVE  SAVANNAH GA 31401,,SVR-02116,2027-02-28,2005215019,NOLA RE Management Group LLC,compliance@stayheirloom.com,5045070523,Type 2: Non-Owner-Occupied STVR Certificate,2,,4,VICTORIAN HISTORIC DISTRICT,2005215019,220 W PARK AVE,,,SAVANNAH,GA,31401,"220 W PARK AVE, SAVANNAH, GA 31401",220 W PARK AVE,220 W PARK AVE,Normalized,
818  BARNARD ST  SAVANNAH GA 31401,,SVR-02119,2027-02-27,2004410010,Justin Gareau,justingareau@hotmail.com,7063994685,Type 1: Owner-Occupied STVR Certificate,3,,6,VICTORIAN HISTORIC DISTRICT,2004410010,818 BARNARD ST,,,SAVANNAH,GA,31401,"818 BARNARD ST, SAVANNAH, GA 31401",818 BARNARD ST,818 BARNARD ST,Normalized,
217 WEST 43RD ST  SAVANNAH GA 31401,,SVR-02122,2027-03-10,2007422002,Gabe Aronovich & Sean Geng d/b/a 2G Realty LLC,2grealtyllc@gmail.com,9123886570,Type 2: Non-Owner-Occupied STVR Certificate,4,,8,STREETCAR HISTORIC DISTRICT,2007422002,217 W 43RD ST,,,SAVANNAH,GA,31401,"217 W 43RD ST, SAVANNAH, GA 31401",217 W 43RD ST,217 W 43RD ST,Normalized,
219 WEST 43RD ST  SAVANNAH GA 31401,,SVR-02123,2027-03-10,2007422002,Gabe Aronovich & Sean Geng d/b/a 2G Realty LLC,2grealtyllc@gmail.com,9123886570,Type 2: Non-Owner-Occupied STVR Certificate,4,,8,STREETCAR HISTORIC DISTRICT,2007422002,219 W 43RD ST,,,SAVANNAH,GA,31401,"219 W 43RD ST, SAVANNAH, GA 31401",219 W 43RD ST,219 W 43RD ST,Normalized,
501 EAST 39TH ST  SAVANNAH GA 31401,A,SVR-02124,2027-06-22,2007505001,An Nguyen Thuy Le,an.le.texas@gmail.com,3619291192,Type 1: Owner-Occupied STVR Certificate,2,1,4,STREETCAR HISTORIC DISTRICT,2007505001,501 E 39TH ST,A,,SAVANNAH,GA,31401,"501 E 39TH ST UNIT A, SAVANNAH, GA 31401",501 E 39TH ST,501 E 39TH ST UNIT A,Normalized,
417 EAST BAY ST  SAVANNAH GA 31401,,SVR-02125,2027-03-11,2000419007,NOLA REMANAGEMENT GROUP LLC,compliance@stayheirloom.com,5043752300,Type 2: Non-Owner-Occupied STVR Certificate,2,2,4,SAVANNAH DOWNTOWN HISTORIC DISTRICT,2000419007,417 E BAY ST,,,SAVANNAH,GA,31401,"417 E BAY ST, SAVANNAH, GA 31401",417 E BAY ST,417 E BAY ST,Normalized,
315 WEST DUFFY ST  SAVANNAH GA 31401,,SVR-02126,2027-04-14,2005226019,NOLA REMANAGEMENT GROUP LLC,compliance@stayheirloom.com,5045070523,Type 2: Non-Owner-Occupied STVR Certificate,5,2,10,VICTORIAN HISTORIC DISTRICT,2005226019,315 W DUFFY ST,,,SAVANNAH,GA,31401,"315 W DUFFY ST, SAVANNAH, GA 31401",315 W DUFFY ST,315 W DUFFY ST,Normalized,
34  HABERSHAM ST  SAVANNAH GA 31401,,SVR-00207,2027-07-16,2000442006,Lucky Savannah Vacation Rentals,owners@luckysavannah.com,9124958582,Type 2: Non-Owner-Occupied STVR Certificate,2,,6,SAVANNAH DOWNTOWN HISTORIC DISTRICT,2000442006,34 HABERSHAM ST,,,SAVANNAH,GA,31401,"34 HABERSHAM ST, SAVANNAH, GA 31401",34 HABERSHAM ST,34 HABERSHAM ST,Normalized,
309 WEST 43RD ST  SAVANNAH GA 31401,,SVR-02127,2027-03-11,2007421004,Gabe Aronovich & Sean Geng d/b/a 2G Realty LLC,2grealtyllc@gmail.com,9123886570,Type 2: Non-Owner-Occupied STVR Certificate,3,,6,STREETCAR HISTORIC DISTRICT,2007421004,309 W 43RD ST,,,SAVANNAH,GA,31401,"309 W 43RD ST, SAVANNAH, GA 31401",309 W 43RD ST,309 W 43RD ST,Normalized,
311 WEST 43RD ST  SAVANNAH GA 31401,,SVR-02128,2027-03-11,2007421004,Gabe Aronovich & Sean Geng d/b/a 2G Realty LLC,2grealtyllc@gmail.com,9123886570,Type 2: Non-Owner-Occupied STVR Certificate,3,,6,STREETCAR HISTORIC DISTRICT,2007421004,311 W 43RD ST,,,SAVANNAH,GA,31401,"311 W 43RD ST, SAVANNAH, GA 31401",311 W 43RD ST,311 W 43RD ST,Normalized,
313 WEST 43RD ST  SAVANNAH GA 31401,,SVR-02129,2027-03-11,2007421004,Gabe Aronovich & Sean Geng d/b/a 2G Realty LLC,2grealtyllc@gmail.com,9123886570,Type 2: Non-Owner-Occupied STVR Certificate,3,,6,STREETCAR HISTORIC DISTRICT,2007421004,313 W 43RD ST,,,SAVANNAH,GA,31401,"313 W 43RD ST, SAVANNAH, GA 31401",313 W 43RD ST,313 W 43RD ST,Normalized,
211 WEST HALL ST  SAVANNAH GA 31401,A,SVR-02132,2027-03-30,2004531014A,24square Inc,24squaresavannah@gmail.com,9787667088,Type 2: Non-Owner-Occupied STVR Certificate,2,1,4,SAVANNAH DOWNTOWN HISTORIC DISTRICT,2004531014A,211 W HALL ST,A,,SAVANNAH,GA,31401,"211 W HALL ST UNIT A, SAVANNAH, GA 31401",211 W HALL ST,211 W HALL ST UNIT A,Normalized,
211 WEST HALL ST  SAVANNAH GA 31401,B,SVR-02133,2027-03-30,2004531014A,24square Inc,24squaresavannah@gmail.com,9787667088,Type 2: Non-Owner-Occupied STVR Certificate,1,1,4,SAVANNAH DOWNTOWN HISTORIC DISTRICT,2004531014A,211 W HALL ST,B,,SAVANNAH,GA,31401,"211 W HALL ST UNIT B, SAVANNAH, GA 31401",211 W HALL ST,211 W HALL ST UNIT B,Normalized,
706  TATTNALL ST  SAVANNAH GA 31401,A,SVR-02134,2027-03-30,2004531014A,24square Inc,24squaresavannah@gmail.com,9787667088,Type 2: Non-Owner-Occupied STVR Certificate,2,1,4,SAVANNAH DOWNTOWN HISTORIC DISTRICT,2004531014A,706 TATTNALL ST,A,,SAVANNAH,GA,31401,"706 TATTNALL ST UNIT A, SAVANNAH, GA 31401",706 TATTNALL ST,706 TATTNALL ST UNIT A,Normalized,
706  TATTNALL ST  SAVANNAH GA 31401,B,SVR-02135,2027-03-30,2004531014A,24square Inc,24squaresavannah@gmail.com,9787667088,Type 2: Non-Owner-Occupied STVR Certificate,2,1,4,SAVANNAH DOWNTOWN HISTORIC DISTRICT,2004531014A,706 TATTNALL ST,B,,SAVANNAH,GA,31401,"706 TATTNALL ST UNIT B, SAVANNAH, GA 31401",706 TATTNALL ST,706 TATTNALL ST UNIT B,Normalized,
513 EAST JONES ST  SAVANNAH GA 31401,,SVR-02136,2027-04-07,2003301006,NOLA REMANAGEMENT GROUP LLC,compliance@stayheirloom.com,5045070523,Type 2: Non-Owner-Occupied STVR Certificate,5,2,10,SAVANNAH DOWNTOWN HISTORIC DISTRICT,2003301006,513 E JONES ST,,,SAVANNAH,GA,31401,"513 E JONES ST, SAVANNAH, GA 31401",513 E JONES ST,513 E JONES ST,Normalized,
308 EAST HALL ST  SAVANNAH GA 31401,,SVR-00208,2027-01-16,2004402007,Lucky Savannah Vacation Rentals,owners@luckysavannah.com,9124958582,Type 2: Non-Owner-Occupied STVR Certificate,1,1,4,SAVANNAH DOWNTOWN HISTORIC DISTRICT,2004402007,308 E HALL ST,,,SAVANNAH,GA,31401,"308 E HALL ST, SAVANNAH, GA 31401",308 E HALL ST,308 E HALL ST,Normalized,
512 EAST BOLTON ST  SAVANNAH GA 31401,,SVR-02138,2027-06-10,2004306042,Stephanie Fox,sfox3566@gmail.com,6154004512,Type 1: Owner-Occupied STVR Certificate,4,2,8,VICTORIAN HISTORIC DISTRICT,2004306042,512 E BOLTON ST,,,SAVANNAH,GA,31401,"512 E BOLTON ST, SAVANNAH, GA 31401",512 E BOLTON ST,512 E BOLTON ST,Normalized,
311 EAST HUNTINGDON ST  SAVANNAH GA 31401,A,SVR-02143,2027-08-10,2004402010,Joseph Zehler,joseph.zehler@gmail.com,9126652257,Type 2: Non-Owner-Occupied STVR Certificate,3,2,6,SAVANNAH DOWNTOWN HISTORIC DISTRICT,2004402010,311 E HUNTINGDON ST,A,,SAVANNAH,GA,31401,"311 E HUNTINGDON ST UNIT A, SAVANNAH, GA 31401",311 E HUNTINGDON ST,311 E HUNTINGDON ST UNIT A,Normalized,
311 EAST HUNTINGDON ST  SAVANNAH GA 31401,B,SVR-02144,2027-08-10,2004402010,Joseph Zehler,joseph.zehler@gmail.com,9126652257,Type 2: Non-Owner-Occupied STVR Certificate,1,2,4,SAVANNAH DOWNTOWN HISTORIC DISTRICT,2004402010,311 E HUNTINGDON ST,B,,SAVANNAH,GA,31401,"311 E HUNTINGDON ST UNIT B, SAVANNAH, GA 31401",311 E HUNTINGDON ST,311 E HUNTINGDON ST UNIT B,Normalized,
117  LINCOLN ST  SAVANNAH GA 31401,4-A,SVR-00209,2027-01-16,2000447054,Lucky Savannah Vacation Rentals,owners@luckysavannah.com,9124958582,Type 2: Non-Owner-Occupied STVR Certificate,2,1,6,SAVANNAH DOWNTOWN HISTORIC DISTRICT,2000447054,117 LINCOLN ST,4-A,,SAVANNAH,GA,31401,"117 LINCOLN ST UNIT 4-A, SAVANNAH, GA 31401",117 LINCOLN ST,117 LINCOLN ST UNIT 4-A,Normalized,
1524  BULL ST  SAVANNAH GA 31401,E,SVR-02149,2027-06-22,2005323020,Sylvia Jackson,filmcaptive1@gmail.com,7706399797,Type 2: Non-Owner-Occupied STVR Certificate,2,,4,STREETCAR HISTORIC DISTRICT,2005323020,1524 BULL ST,E,,SAVANNAH,GA,31401,"1524 BULL ST UNIT E, SAVANNAH, GA 31401",1524 BULL ST,1524 BULL ST UNIT E,Normalized,
134  WHITAKER ST  SAVANNAH GA 31401,101,SVR-02151,2027-06-16,2001509063,Lucky Savannah Vacation Rentals,owners@luckysavannah.com,9124958582,Type 2: Non-Owner-Occupied STVR Certificate,4,,8,SAVANNAH DOWNTOWN HISTORIC DISTRICT,2001509063,134 WHITAKER ST,101,,SAVANNAH,GA,31401,"134 WHITAKER ST UNIT 101, SAVANNAH, GA 31401",134 WHITAKER ST,134 WHITAKER ST UNIT 101,Normalized,
134  WHITAKER ST  SAVANNAH GA 31401,102,SVR-02152,2027-06-16,2001509063,Lucky Savannah Vacation Rentals,owners@luckysavannah.com,9124958582,Type 2: Non-Owner-Occupied STVR Certificate,4,,8,SAVANNAH DOWNTOWN HISTORIC DISTRICT,2001509063,134 WHITAKER ST,102,,SAVANNAH,GA,31401,"134 WHITAKER ST UNIT 102, SAVANNAH, GA 31401",134 WHITAKER ST,134 WHITAKER ST UNIT 102,Normalized,
134   WHITAKER ST  SAVANNAH GA 31401,103,SVR-02153,2027-06-16,2001509063,Lucky Savannah Vacation Rentals,owners@luckysavannah.com,9124958582,Type 2: Non-Owner-Occupied STVR Certificate,4,,8,SAVANNAH DOWNTOWN HISTORIC DISTRICT,2001509063,134 WHITAKER ST,103,,SAVANNAH,GA,31401,"134 WHITAKER ST UNIT 103, SAVANNAH, GA 31401",134 WHITAKER ST,134 WHITAKER ST UNIT 103,Normalized,
134  WHITAKER ST  SAVANNAH GA 31401,104,SVR-02154,2027-06-16,2001509063,Lucky Savannah Vacation Rentals,owners@luckysavannah.com,9124958582,Type 2: Non-Owner-Occupied STVR Certificate,4,,8,SAVANNAH DOWNTOWN HISTORIC DISTRICT,2001509063,134 WHITAKER ST,104,,SAVANNAH,GA,31401,"134 WHITAKER ST UNIT 104, SAVANNAH, GA 31401",134 WHITAKER ST,134 WHITAKER ST UNIT 104,Normalized,
134  WHITAKER ST  SAVANNAH GA 31401,201,SVR-02155,2027-06-16,2001509063,Lucky Savannah Vacation Rentals,owners@luckysavannah.com,9124958582,Type 2: Non-Owner-Occupied STVR Certificate,2,,4,SAVANNAH DOWNTOWN HISTORIC DISTRICT,2001509063,134 WHITAKER ST,201,,SAVANNAH,GA,31401,"134 WHITAKER ST UNIT 201, SAVANNAH, GA 31401",134 WHITAKER ST,134 WHITAKER ST UNIT 201,Normalized,
134  WHITAKER ST  SAVANNAH GA 31401,202,SVR-02156,2027-06-16,2001509063,Lucky Savannah Vacation Rentals,owners@luckysavannah.com,9124958582,Type 2: Non-Owner-Occupied STVR Certificate,3,,6,SAVANNAH DOWNTOWN HISTORIC DISTRICT,2001509063,134 WHITAKER ST,202,,SAVANNAH,GA,31401,"134 WHITAKER ST UNIT 202, SAVANNAH, GA 31401",134 WHITAKER ST,134 WHITAKER ST UNIT 202,Normalized,
134  WHITAKER ST  SAVANNAH GA 31401,203,SVR-02157,2027-06-16,2001509063,Lucky Savannah Vacation Rentals,owners@luckysavannah.com,9124958582,Type 2: Non-Owner-Occupied STVR Certificate,5,,10,SAVANNAH DOWNTOWN HISTORIC DISTRICT,2001509063,134 WHITAKER ST,203,,SAVANNAH,GA,31401,"134 WHITAKER ST UNIT 203, SAVANNAH, GA 31401",134 WHITAKER ST,134 WHITAKER ST UNIT 203,Normalized,
134  WHITAKER ST  SAVANNAH GA 31401,204,SVR-02158,2027-06-16,2001509063,Lucky Savannah Vacation Rentals,owners@luckysavannah.com,9124958582,Type 2: Non-Owner-Occupied STVR Certificate,3,,6,SAVANNAH DOWNTOWN HISTORIC DISTRICT,2001509063,134 WHITAKER ST,204,,SAVANNAH,GA,31401,"134 WHITAKER ST UNIT 204, SAVANNAH, GA 31401",134 WHITAKER ST,134 WHITAKER ST UNIT 204,Normalized,
134  WHITAKER ST  SAVANNAH GA 31401,301,SVR-02159,2027-06-16,2001509063,Lucky Savannah Vacation Rentals,owners@luckysavannah.com,9124958582,Non-owner Occupied STVR,2,,4,SAVANNAH DOWNTOWN HISTORIC DISTRICT,2001509063,134 WHITAKER ST,301,,SAVANNAH,GA,31401,"134 WHITAKER ST UNIT 301, SAVANNAH, GA 31401",134 WHITAKER ST,134 WHITAKER ST UNIT 301,Normalized,
134  WHITAKER ST  SAVANNAH GA 31401,302,SVR-02160,2027-06-16,2001509063,Lucky Savannah Vacation Rentals,owners@luckysavannah.com,9124958582,Type 2: Non-Owner-Occupied STVR Certificate,3,,6,SAVANNAH DOWNTOWN HISTORIC DISTRICT,2001509063,134 WHITAKER ST,302,,SAVANNAH,GA,31401,"134 WHITAKER ST UNIT 302, SAVANNAH, GA 31401",134 WHITAKER ST,134 WHITAKER ST UNIT 302,Normalized,
134  WHITAKER ST  SAVANNAH GA 31401,303,SVR-02161,2027-06-16,2001509063,Lucky Savannah Vacation Rentals,owners@luckysavannah.com,9124958582,Type 2: Non-Owner-Occupied STVR Certificate,5,,10,SAVANNAH DOWNTOWN HISTORIC DISTRICT,2001509063,134 WHITAKER ST,303,,SAVANNAH,GA,31401,"134 WHITAKER ST UNIT 303, SAVANNAH, GA 31401",134 WHITAKER ST,134 WHITAKER ST UNIT 303,Normalized,
134   WHITAKER ST  SAVANNAH GA 31401,304,SVR-02162,2027-06-16,2001509063,Lucky Savannah Vacation Rentals,owners@luckysavannah.com,9124958582,Type 2: Non-Owner-Occupied STVR Certificate,3,,6,SAVANNAH DOWNTOWN HISTORIC DISTRICT,2001509063,134 WHITAKER ST,304,,SAVANNAH,GA,31401,"134 WHITAKER ST UNIT 304, SAVANNAH, GA 31401",134 WHITAKER ST,134 WHITAKER ST UNIT 304,Normalized,
519  TATTNALL ST  SAVANNAH GA 31401,,SVR-02164,2027-07-28,2004523011E,Ronald Melander,ronmelander@gmail.com,9122361897,Type 1: Owner-Occupied STVR Certificate,1,1,4,SAVANNAH DOWNTOWN HISTORIC DISTRICT,2004523011E,519 TATTNALL ST,,,SAVANNAH,GA,31401,"519 TATTNALL ST, SAVANNAH, GA 31401",519 TATTNALL ST,519 TATTNALL ST,Normalized,
243 EAST BROAD ST  SAVANNAH GA 31401,,SVR-02165,2027-07-15,2001411020,B&B Vacation Rentals LLC,kellybinsavannah@gmail.com,9126602184,Type 2: Non-Owner-Occupied STVR Certificate,3,1,6,SAVANNAH DOWNTOWN HISTORIC DISTRICT,2001411020,243 E BROAD ST,,,SAVANNAH,GA,31401,"243 E BROAD ST, SAVANNAH, GA 31401",243 E BROAD ST,243 E BROAD ST,Normalized,
511 EAST PERRY ST  SAVANNAH GA 31401,,SVR-02166,2027-07-09,2001410014,Southern Belle Vacation Rentals,stvr@southernbellevr.com,9122890130,Type 2: Non-Owner-Occupied STVR Certificate,2,2,4,SAVANNAH DOWNTOWN HISTORIC DISTRICT,2001410014,511 E PERRY ST,,,SAVANNAH,GA,31401,"511 E PERRY ST, SAVANNAH, GA 31401",511 E PERRY ST,511 E PERRY ST,Normalized,
228 EAST FACTORS WK  SAVANNAH GA 31401,,SVR-00211,2027-04-12,2000411009,Tiffany Bonino,kghudson3@aol.com,9193496080,Type 2: Non-Owner-Occupied STVR Certificate,2,,4,SAVANNAH DOWNTOWN HISTORIC DISTRICT,2000411009,228 E FACTORS WALK,,,SAVANNAH,GA,31401,"228 E FACTORS WALK, SAVANNAH, GA 31401",228 E FACTORS WALK,228 E FACTORS WALK,Normalized,
123 WEST PARK AVE  SAVANNAH GA 31401,3,SVR-02167,2027-07-28,2004430027,Kaelin Durst,info@stayopulence.com,9122173388,Type 2: Non-Owner-Occupied STVR Certificate,1,,4,VICTORIAN HISTORIC DISTRICT,2004430027,123 W PARK AVE,3,,SAVANNAH,GA,31401,"123 W PARK AVE UNIT 3, SAVANNAH, GA 31401",123 W PARK AVE,123 W PARK AVE UNIT 3,Normalized,
519 EAST PERRY ST  SAVANNAH GA 31401,,SVR-02168,2027-07-31,2001410018,Kelly Bittinger,kellybinsavannah@gmail.com,9126602184,Type 2: Non-Owner-Occupied STVR Certificate,2,2,4,SAVANNAH DOWNTOWN HISTORIC DISTRICT,2001410018,519 E PERRY ST,,,SAVANNAH,GA,31401,"519 E PERRY ST, SAVANNAH, GA 31401",519 E PERRY ST,519 E PERRY ST,Normalized,
514 EAST JONES ST  SAVANNAH GA 31401,1/2,SVR-02169,2027-07-29,2001419075,Patricia Mason,zuzalley@gmail.com,9122201451,Type 2: Non-Owner-Occupied STVR Certificate,2,1,4,SAVANNAH DOWNTOWN HISTORIC DISTRICT,2001419075,514 E JONES ST,1/2,,SAVANNAH,GA,31401,"514 E JONES ST UNIT 1/2, SAVANNAH, GA 31401",514 E JONES ST,514 E JONES ST UNIT 1/2,Normalized,
210 EAST STATE ST  SAVANNAH GA 31401,12,SVR-02171,2026-10-23,2000447022,Anderson VIP Concierge LLC,mary@savannahluxuryrentals.com,9125252002,Type 2: Non-Owner-Occupied STVR Certificate,2,,4,SAVANNAH DOWNTOWN HISTORIC DISTRICT,2000447022,210 E STATE ST,12,,SAVANNAH,GA,31401,"210 E STATE ST UNIT 12, SAVANNAH, GA 31401",210 E STATE ST,210 E STATE ST UNIT 12,Normalized,
502 EAST JONES ST  SAVANNAH GA 31401,,SVR-02175,2026-09-16,2001419021,CYNTHIA SINCLAIR,cindysinclair@live.com,9124333753,Type 2: Non-Owner-Occupied STVR Certificate,1,,4,SAVANNAH DOWNTOWN HISTORIC DISTRICT,2001419021,502 E JONES ST,,,SAVANNAH,GA,31401,"502 E JONES ST, SAVANNAH, GA 31401",502 E JONES ST,502 E JONES ST,Normalized,
320 WEST BOLTON ST  SAVANNAH GA 31401,,SVR-02176,2027-08-24,2005202012,NOLA RE Management Group LLC,compliance@stayheirloom.com,5045070523,Type 2: Non-Owner-Occupied STVR Certificate,2,1,4,VICTORIAN HISTORIC DISTRICT,2005202012,320 W BOLTON ST,,,SAVANNAH,GA,31401,"320 W BOLTON ST, SAVANNAH, GA 31401",320 W BOLTON ST,320 W BOLTON ST,Normalized,
416 EAST STATE ST  SAVANNAH GA 31401,,SVR-00022,2027-05-18,2000449012,VICTORIA GUENTHER,vicgue59@gmail.com,9123988018,Type 2: Non-Owner-Occupied STVR Certificate,1,1,4,SAVANNAH DOWNTOWN HISTORIC DISTRICT,2000449012,416 E STATE ST,,,SAVANNAH,GA,31401,"416 E STATE ST, SAVANNAH, GA 31401",416 E STATE ST,416 E STATE ST,Normalized,
415 EAST TAYLOR ST  SAVANNAH GA 31401,,SVR-02177,2027-07-27,2003232002,Chase Stahl,chase@southkeymgmt.com,9128001321,Type 1: Owner-Occupied STVR Certificate,3,2,6,SAVANNAH DOWNTOWN HISTORIC DISTRICT,2003232002,415 E TAYLOR ST,,,SAVANNAH,GA,31401,"415 E TAYLOR ST, SAVANNAH, GA 31401",415 E TAYLOR ST,415 E TAYLOR ST,Normalized,
521 EAST LIBERTY LN  SAVANNAH GA 31401,Carriage House,SVR-02178,2027-08-14,2001413023,NOLA RE Management Group LLC,compliance@stayheirloom.com,5045070523,Type 2: Non-Owner-Occupied STVR Certificate,2,1,4,SAVANNAH DOWNTOWN HISTORIC DISTRICT,2001413023,521 E LIBERTY LN,CARRIAGE HOUSE,,SAVANNAH,GA,31401,"521 E LIBERTY LN UNIT CARRIAGE HOUSE, SAVANNAH, GA 31401",521 E LIBERTY LN,521 E LIBERTY LN UNIT CARRIAGE HOUSE,Normalized,
523 EAST LIBERTY LN  SAVANNAH GA 31401,Carriage House,SVR-02179,2027-08-14,2001413024,NOLA RE Management Group LLC,compliance@stayheirloom.com,5045070523,Type 2: Non-Owner-Occupied STVR Certificate,2,1,4,SAVANNAH DOWNTOWN HISTORIC DISTRICT,2001413024,523 E LIBERTY LN,CARRIAGE HOUSE,,SAVANNAH,GA,31401,"523 E LIBERTY LN UNIT CARRIAGE HOUSE, SAVANNAH, GA 31401",523 E LIBERTY LN,523 E LIBERTY LN UNIT CARRIAGE HOUSE,Normalized,
165 WEST BAY ST  SAVANNAH GA 31401,401,SVR-02182,2027-09-15,2000413048,Michael Arcangelo,24squaresavannah@gmail.com,9787667088,Type 2: Non-Owner-Occupied STVR Certificate,2,1,4,SAVANNAH DOWNTOWN HISTORIC DISTRICT,2000413048,165 W BAY ST,401,,SAVANNAH,GA,31401,"165 W BAY ST UNIT 401, SAVANNAH, GA 31401",165 W BAY ST,165 W BAY ST UNIT 401,Normalized,
1 WEST YORK ST  SAVANNAH GA 31401,E,SVR-02188,2026-12-28,2001509014,Peter Young,thenewethic@gmail.com,8184301114,Type 2: Non-Owner-Occupied STVR Certificate,2,,4,SAVANNAH DOWNTOWN HISTORIC DISTRICT,2001509014,1 W YORK ST,E,,SAVANNAH,GA,31401,"1 W YORK ST UNIT E, SAVANNAH, GA 31401",1 W YORK ST,1 W YORK ST UNIT E,Normalized,
310 WEST BROUGHTON ST  SAVANNAH GA 31401,3009,SVR-02190,2026-10-16,2001615039,Hosting Savannah LLC,hostingsavannah@gmail.com,4436104230,Type 2: Non-Owner-Occupied STVR Certificate,1,,4,SAVANNAH DOWNTOWN HISTORIC DISTRICT,2001615039,310 W BROUGHTON ST,3009,,SAVANNAH,GA,31401,"310 W BROUGHTON ST UNIT 3009, SAVANNAH, GA 31401",310 W BROUGHTON ST,310 W BROUGHTON ST UNIT 3009,Normalized,
106 WEST JONES ST  SAVANNAH GA 31401,,SVR-02191,2026-09-30,2001545009,Sabrina Nagel,mountjonesllc@gmail.com,9126318005,Type 2: Non-Owner-Occupied STVR Certificate,1,,4,SAVANNAH DOWNTOWN HISTORIC DISTRICT,2001545009,106 W JONES ST,,,SAVANNAH,GA,31401,"106 W JONES ST, SAVANNAH, GA 31401",106 W JONES ST,106 W JONES ST,Normalized,
405 EAST CHARLTON ST  SAVANNAH GA 31401,,SVR-02194,2026-10-16,2003210002,Cora Bett Thomas Rentals and Management,stvr@cbtrentals.com,9125036652,Type 2: Non-Owner-Occupied STVR Certificate,1,1,4,SAVANNAH DOWNTOWN HISTORIC DISTRICT,2003210002,405 E CHARLTON ST,,,SAVANNAH,GA,31401,"405 E CHARLTON ST, SAVANNAH, GA 31401",405 E CHARLTON ST,405 E CHARLTON ST,Normalized,
212 EAST WALDBURG ST  SAVANNAH GA 31401,A,SVR-02195,2026-10-01,2004421010,Gabe Aronovich & Sean Geng,2grealtyllc@gmail.com,9123886570,Type 2: Non-Owner-Occupied STVR Certificate,3,1,6,VICTORIAN HISTORIC DISTRICT,2004421010,212 E WALDBURG ST,A,,SAVANNAH,GA,31401,"212 E WALDBURG ST UNIT A, SAVANNAH, GA 31401",212 E WALDBURG ST,212 E WALDBURG ST UNIT A,Normalized,
212 EAST WALDBURG ST  SAVANNAH GA 31401,B,SVR-02196,2026-10-01,2004421010,Gabe Aronovich & Sean Geng,2grealtyllc@gmail.com,9123886570,Type 2: Non-Owner-Occupied STVR Certificate,3,1,6,VICTORIAN HISTORIC DISTRICT,2004421010,212 E WALDBURG ST,B,,SAVANNAH,GA,31401,"212 E WALDBURG ST UNIT B, SAVANNAH, GA 31401",212 E WALDBURG ST,212 E WALDBURG ST UNIT B,Normalized,
212 EAST WALDBURG ST  SAVANNAH GA 31401,C,SVR-02197,2026-10-01,2004421010,Gabe Aronovich & Sean Geng,2grealtyllc@gmail.com,9123886570,Type 2: Non-Owner-Occupied STVR Certificate,3,1,6,VICTORIAN HISTORIC DISTRICT,2004421010,212 E WALDBURG ST,C,,SAVANNAH,GA,31401,"212 E WALDBURG ST UNIT C, SAVANNAH, GA 31401",212 E WALDBURG ST,212 E WALDBURG ST UNIT C,Normalized,
212 EAST WALDBURG ST  SAVANNAH GA 31401,D,SVR-02198,2026-10-01,2004421010,Gabe Aronovich & Sean Geng,2grealtyllc@gmail.com,9123886570,Type 2: Non-Owner-Occupied STVR Certificate,1,,4,VICTORIAN HISTORIC DISTRICT,2004421010,212 E WALDBURG ST,D,,SAVANNAH,GA,31401,"212 E WALDBURG ST UNIT D, SAVANNAH, GA 31401",212 E WALDBURG ST,212 E WALDBURG ST UNIT D,Normalized,
212 EAST WALDBURG ST  SAVANNAH GA 31401,E,SVR-02199,2026-10-01,2004421010,Gabe Aronovich & Sean Geng,2grealtyllc@gmail.com,9123886570,Type 2: Non-Owner-Occupied STVR Certificate,1,,4,VICTORIAN HISTORIC DISTRICT,2004421010,212 E WALDBURG ST,E,,SAVANNAH,GA,31401,"212 E WALDBURG ST UNIT E, SAVANNAH, GA 31401",212 E WALDBURG ST,212 E WALDBURG ST UNIT E,Normalized,
509 EAST CONGRESS ST  SAVANNAH GA 31401,,SVR-02201,2026-10-08,2000514023,SOUTHERN BELLE VACATION RENTALS,stvr@southernbellevr.com,9122890130,Type 2: Non-Owner-Occupied STVR Certificate,3,1,6,SAVANNAH DOWNTOWN HISTORIC DISTRICT,2000514023,509 E CONGRESS ST,,,SAVANNAH,GA,31401,"509 E CONGRESS ST, SAVANNAH, GA 31401",509 E CONGRESS ST,509 E CONGRESS ST,Normalized,
19 WEST CHARLTON ST  SAVANNAH GA 31401,,SVR-02202,2026-10-20,2001546009,Vacasa LLC,permitting@vacasa.com,5033459399,Type 1: Owner-Occupied STVR Certificate,1,,4,SAVANNAH DOWNTOWN HISTORIC DISTRICT,2001546009,19 W CHARLTON ST,,,SAVANNAH,GA,31401,"19 W CHARLTON ST, SAVANNAH, GA 31401",19 W CHARLTON ST,19 W CHARLTON ST,Normalized,
122 WEST JONES ST  SAVANNAH GA 31401,Parlor,SVR-02203,2026-10-27,2001545015,Sabrina Nagel,mountjonesllc@gmail.com,9126318005,Type 2: Non-Owner-Occupied STVR Certificate,2,,4,SAVANNAH DOWNTOWN HISTORIC DISTRICT,2001545015,122 W JONES ST,PARLOR,,SAVANNAH,GA,31401,"122 W JONES ST UNIT PARLOR, SAVANNAH, GA 31401",122 W JONES ST,122 W JONES ST UNIT PARLOR,Normalized,
122 WEST JONES ST  SAVANNAH GA 31401,B,SVR-02204,2026-10-27,2001545015,Sabrina Nagel,mountjonesllc@gmail.com,9126318005,Type 2: Non-Owner-Occupied STVR Certificate,1,,4,SAVANNAH DOWNTOWN HISTORIC DISTRICT,2001545015,122 W JONES ST,B,,SAVANNAH,GA,31401,"122 W JONES ST UNIT B, SAVANNAH, GA 31401",122 W JONES ST,122 W JONES ST UNIT B,Normalized,
122 WEST JONES ST  SAVANNAH GA 31401,D,SVR-02205,2026-10-27,2001545015,Sabrina Nagel,mountjonesllc@gmail.com,9126318005,Type 2: Non-Owner-Occupied STVR Certificate,1,,4,SAVANNAH DOWNTOWN HISTORIC DISTRICT,2001545015,122 W JONES ST,D,,SAVANNAH,GA,31401,"122 W JONES ST UNIT D, SAVANNAH, GA 31401",122 W JONES ST,122 W JONES ST UNIT D,Normalized,
122 WEST JONES ST  SAVANNAH GA 31401,E,SVR-02206,2026-10-27,2001545015,Sabrina Nagel,mountjonesllc@gmail.com,9126318005,Type 2: Non-Owner-Occupied STVR Certificate,1,,4,SAVANNAH DOWNTOWN HISTORIC DISTRICT,2001545015,122 W JONES ST,E,,SAVANNAH,GA,31401,"122 W JONES ST UNIT E, SAVANNAH, GA 31401",122 W JONES ST,122 W JONES ST UNIT E,Normalized,
917   HABERSHAM ST  SAVANNAH GA 31401,A,SVR-00215,2027-07-11,2004422004,Robyn & Sam Carroll,robynlevycarroll@gmail.com,9122101482,Type 2: Non-Owner-Occupied STVR Certificate,1,,4,VICTORIAN HISTORIC DISTRICT,2004422004,917 HABERSHAM ST,A,,SAVANNAH,GA,31401,"917 HABERSHAM ST UNIT A, SAVANNAH, GA 31401",917 HABERSHAM ST,917 HABERSHAM ST UNIT A,Normalized,
122 WEST JONES ST  SAVANNAH GA 31401,F,SVR-02207,2026-10-27,2001545015,Sabrina Nagel,mountjonesllc@gmail.com,9126318005,Type 2: Non-Owner-Occupied STVR Certificate,1,,4,SAVANNAH DOWNTOWN HISTORIC DISTRICT,2001545015,122 W JONES ST,F,,SAVANNAH,GA,31401,"122 W JONES ST UNIT F, SAVANNAH, GA 31401",122 W JONES ST,122 W JONES ST UNIT F,Normalized,
301 EAST 41ST ST  SAVANNAH GA 31401,,SVR-02208,2027-02-02,2007520013,Angelique Pereira,ang.pereira4@gmail.com,9084150209,Type 2: Non-Owner-Occupied STVR Certificate,3,2,6,STREETCAR HISTORIC DISTRICT,2007520013,301 E 41ST ST,,,SAVANNAH,GA,31401,"301 E 41ST ST, SAVANNAH, GA 31401",301 E 41ST ST,301 E 41ST ST,Normalized,
301 EAST 41ST ST  SAVANNAH GA 31401,A,SVR-02209,2027-02-02,2007520013,Angelique Pereira,ang.pereira4@gmail.com,9084150209,Type 2: Non-Owner-Occupied STVR Certificate,1,,4,STREETCAR HISTORIC DISTRICT,2007520013,301 E 41ST ST,A,,SAVANNAH,GA,31401,"301 E 41ST ST UNIT A, SAVANNAH, GA 31401",301 E 41ST ST,301 E 41ST ST UNIT A,Normalized,
105 WEST OGLETHORPE AVE  SAVANNAH GA 31401,302,SVR-02210,2026-10-26,2001512003D,Vacasa LLC,permitting@vacasa.com,5033459399,Type 2: Non-Owner-Occupied STVR Certificate,2,,4,SAVANNAH DOWNTOWN HISTORIC DISTRICT,2001512003D,105 W OGLETHORPE AVE,302,,SAVANNAH,GA,31401,"105 W OGLETHORPE AVE UNIT 302, SAVANNAH, GA 31401",105 W OGLETHORPE AVE,105 W OGLETHORPE AVE UNIT 302,Normalized,
1 WEST YORK ST  SAVANNAH GA 31401,C,SVR-02213,2026-10-29,2001509012C,Anderson VIP Concierge LLC,mary@savannahluxuryrentals.com,9125252022,Type 2: Non-Owner-Occupied STVR Certificate,1,,4,SAVANNAH DOWNTOWN HISTORIC DISTRICT,2001509012C,1 W YORK ST,C,,SAVANNAH,GA,31401,"1 W YORK ST UNIT C, SAVANNAH, GA 31401",1 W YORK ST,1 W YORK ST UNIT C,Normalized,
608  PRICE ST  SAVANNAH GA 31401,,SVR-02214,2026-12-07,2003307019,Scott Dinan,services@trustfirst.org,9412137059,Type 2: Non-Owner-Occupied STVR Certificate,2,,4,SAVANNAH DOWNTOWN HISTORIC DISTRICT,2003307019,608 PRICE ST,,,SAVANNAH,GA,31401,"608 PRICE ST, SAVANNAH, GA 31401",608 PRICE ST,608 PRICE ST,Normalized,
610  PRICE ST  SAVANNAH GA 31401,,SVR-02215,2026-12-07,2003307019,Scott Dinan,services@trustfirst.org,9412137059,Type 2: Non-Owner-Occupied STVR Certificate,2,,4,SAVANNAH DOWNTOWN HISTORIC DISTRICT,2003307019,610 PRICE ST,,,SAVANNAH,GA,31401,"610 PRICE ST, SAVANNAH, GA 31401",610 PRICE ST,610 PRICE ST,Normalized,
917   HABERSHAM ST  SAVANNAH GA 31401,1/2B,SVR-00216,2027-07-11,2004422004,Robyn & Sam Carroll,robynlevycarroll@gmail.com,9122101482,Type 2: Non-Owner-Occupied STVR Certificate,3,,8,VICTORIAN HISTORIC DISTRICT,2004422004,917 HABERSHAM ST,1/2B,,SAVANNAH,GA,31401,"917 HABERSHAM ST UNIT 1/2B, SAVANNAH, GA 31401",917 HABERSHAM ST,917 HABERSHAM ST UNIT 1/2B,Normalized,
310 WEST BROUGHTON ST  SAVANNAH GA 31401,2007,SVR-02219,2026-12-01,2001615022,Hosting Savannah LLC,hostingsavannah@gmail.com,4436104230,Type 2: Non-Owner-Occupied STVR Certificate,1,,4,SAVANNAH DOWNTOWN HISTORIC DISTRICT,2001615022,310 W BROUGHTON ST,2007,,SAVANNAH,GA,31401,"310 W BROUGHTON ST UNIT 2007, SAVANNAH, GA 31401",310 W BROUGHTON ST,310 W BROUGHTON ST UNIT 2007,Normalized,
216 EAST STATE ST  SAVANNAH GA 31401,1-A,SVR-02220,2026-12-02,2000447001A,South Key Management Company,chase@southkeymgmt.com,9128001321,Type 2: Non-Owner-Occupied STVR Certificate,1,,4,SAVANNAH DOWNTOWN HISTORIC DISTRICT,2000447001A,216 E STATE ST,1-A,,SAVANNAH,GA,31401,"216 E STATE ST UNIT 1-A, SAVANNAH, GA 31401",216 E STATE ST,216 E STATE ST UNIT 1-A,Normalized,
214  HOUSTON ST  SAVANNAH GA 31401,A,SVR-02221,2026-12-03,2001402009,Southern Belle Vacation Rentals,stvr@southernbellevr.com,9122890130,Type 1: Owner-Occupied STVR Certificate,2,,4,SAVANNAH DOWNTOWN HISTORIC DISTRICT,2001402009,214 HOUSTON ST,A,,SAVANNAH,GA,31401,"214 HOUSTON ST UNIT A, SAVANNAH, GA 31401",214 HOUSTON ST,214 HOUSTON ST UNIT A,Normalized,
541 EAST ANDERSON ST  SAVANNAH GA 31401,,SVR-02222,2026-12-28,2005321047,Allison Parker & Melissa Corbin,parker.allisonm@gmail.com,2056430799,Type 2: Non-Owner-Occupied STVR Certificate,3,3,6,VICTORIAN HISTORIC DISTRICT,2005321047,541 E ANDERSON ST,,,SAVANNAH,GA,31401,"541 E ANDERSON ST, SAVANNAH, GA 31401",541 E ANDERSON ST,541 E ANDERSON ST,Normalized,
310 EAST JONES ST  SAVANNAH GA 31401,A,SVR-02223,2026-12-03,2003209012,Mary Anderson d/b/a Anderson VIP Concierge LLC,mary@savannahluxuryrentals.com,9125252022,Type 2: Non-Owner-Occupied STVR Certificate,2,1,4,SAVANNAH DOWNTOWN HISTORIC DISTRICT,2003209012,310 E JONES ST,A,,SAVANNAH,GA,31401,"310 E JONES ST UNIT A, SAVANNAH, GA 31401",310 E JONES ST,310 E JONES ST UNIT A,Normalized,
310 EAST JONES ST  SAVANNAH GA 31401,B,SVR-02224,2026-12-03,2003209012,Mary Anderson d/b/a Anderson VIP Concierge LLC,mary@savannahluxuryrentals.com,9125252022,Type 2: Non-Owner-Occupied STVR Certificate,1,1,4,SAVANNAH DOWNTOWN HISTORIC DISTRICT,2003209012,310 E JONES ST,B,,SAVANNAH,GA,31401,"310 E JONES ST UNIT B, SAVANNAH, GA 31401",310 E JONES ST,310 E JONES ST UNIT B,Normalized,
310 EAST JONES ST  SAVANNAH GA 31401,C,SVR-02225,2026-12-03,2003209012,Mary Anderson d/b/a Anderson VIP Concierge LLC,mary@savannahluxuryrentals.com,9125252022,Type 2: Non-Owner-Occupied STVR Certificate,3,1,6,SAVANNAH DOWNTOWN HISTORIC DISTRICT,2003209012,310 E JONES ST,C,,SAVANNAH,GA,31401,"310 E JONES ST UNIT C, SAVANNAH, GA 31401",310 E JONES ST,310 E JONES ST UNIT C,Normalized,
115 EAST GWINNETT ST  SAVANNAH GA 31401,A,SVR-02226,2026-12-04,2004413014,Michael Arcangelo,24squaresavannah@gmail.com,9787667088,Type 1: Owner-Occupied STVR Certificate,2,,4,VICTORIAN HISTORIC DISTRICT,2004413014,115 E GWINNETT ST,A,,SAVANNAH,GA,31401,"115 E GWINNETT ST UNIT A, SAVANNAH, GA 31401",115 E GWINNETT ST,115 E GWINNETT ST UNIT A,Normalized,
115 EAST GWINNETT ST  SAVANNAH GA 31401,B,SVR-02227,2026-12-04,2004413014,Michael Arcangelo,24squaresavannah@gmail.com,9787667088,Type 1: Owner-Occupied STVR Certificate,4,,8,VICTORIAN HISTORIC DISTRICT,2004413014,115 E GWINNETT ST,B,,SAVANNAH,GA,31401,"115 E GWINNETT ST UNIT B, SAVANNAH, GA 31401",115 E GWINNETT ST,115 E GWINNETT ST UNIT B,Normalized,
1509  ABERCORN ST  SAVANNAH GA 31401,,SVR-02228,2027-02-10,2005324002,Mark Gjekaj,mark@rentsavannah.net,9127045676,Type 2: Non-Owner-Occupied STVR Certificate,3,,6,STREETCAR HISTORIC DISTRICT,2005324002,1509 ABERCORN ST,,,SAVANNAH,GA,31401,"1509 ABERCORN ST, SAVANNAH, GA 31401",1509 ABERCORN ST,1509 ABERCORN ST,Normalized,
201 EAST CHARLTON ST  SAVANNAH GA 31401,A,SVR-02229,2027-02-01,2003208017,Phyllis Morris,manager@201eastcharlton.com,9126608125,Type 2: Non-Owner-Occupied STVR Certificate,2,,4,SAVANNAH DOWNTOWN HISTORIC DISTRICT,2003208017,201 E CHARLTON ST,A,,SAVANNAH,GA,31401,"201 E CHARLTON ST UNIT A, SAVANNAH, GA 31401",201 E CHARLTON ST,201 E CHARLTON ST UNIT A,Normalized,
201 EAST CHARLTON ST  SAVANNAH GA 31401,B,SVR-02230,2027-02-01,2003208017,Phyllis Morris,manager@201eastcharlton.com,9126608125,Type 2: Non-Owner-Occupied STVR Certificate,1,,4,SAVANNAH DOWNTOWN HISTORIC DISTRICT,2003208017,201 E CHARLTON ST,B,,SAVANNAH,GA,31401,"201 E CHARLTON ST UNIT B, SAVANNAH, GA 31401",201 E CHARLTON ST,201 E CHARLTON ST UNIT B,Normalized,
201 EAST CHARLTON ST  SAVANNAH GA 31401,C,SVR-02231,2027-02-01,2003208017,Phyllis Morris,manager@201eastcharlton.com,9126608125,Type 2: Non-Owner-Occupied STVR Certificate,3,,6,SAVANNAH DOWNTOWN HISTORIC DISTRICT,2003208017,201 E CHARLTON ST,C,,SAVANNAH,GA,31401,"201 E CHARLTON ST UNIT C, SAVANNAH, GA 31401",201 E CHARLTON ST,201 E CHARLTON ST UNIT C,Normalized,
1111  ABERCORN ST  SAVANNAH GA 31401,,SVR-02232,2027-01-12,2004433002,2G Realty LLC,2grealtyllc@gmail.com,9123886570,Type 2: Non-Owner-Occupied STVR Certificate,3,,6,VICTORIAN HISTORIC DISTRICT,2004433002,1111 ABERCORN ST,,,SAVANNAH,GA,31401,"1111 ABERCORN ST, SAVANNAH, GA 31401",1111 ABERCORN ST,1111 ABERCORN ST,Normalized,
1109  ABERCORN ST  SAVANNAH GA 31401,,SVR-02233,2027-01-12,2004433002,2G Realty LLC,2grealtyllc@gmail.com,9123886570,Type 2: Non-Owner-Occupied STVR Certificate,3,,6,VICTORIAN HISTORIC DISTRICT,2004433002,1109 ABERCORN ST,,,SAVANNAH,GA,31401,"1109 ABERCORN ST, SAVANNAH, GA 31401",1109 ABERCORN ST,1109 ABERCORN ST,Normalized,
1913  BULL ST  SAVANNAH GA 31401,A,SVR-02235,2026-12-16,2006506004,Southern Belle Vacation Rentals,stvr@southernbellevr.com,9122890130,Type 2: Non-Owner-Occupied STVR Certificate,2,1,4,STREETCAR HISTORIC DISTRICT,2006506004,1913 BULL ST,A,,SAVANNAH,GA,31401,"1913 BULL ST UNIT A, SAVANNAH, GA 31401",1913 BULL ST,1913 BULL ST UNIT A,Normalized,
1913  BULL ST  SAVANNAH GA 31401,B,SVR-02236,2026-12-16,2006506004,Southern Belle Vacation Rentals,stvr@southernbellevr.com,9122890130,Type 2: Non-Owner-Occupied STVR Certificate,3,1,6,STREETCAR HISTORIC DISTRICT,2006506004,1913 BULL ST,B,,SAVANNAH,GA,31401,"1913 BULL ST UNIT B, SAVANNAH, GA 31401",1913 BULL ST,1913 BULL ST UNIT B,Normalized,
1110  BARNARD ST  SAVANNAH GA 31401,,SVR-02237,2027-05-18,2004430010,Rupert Bradley & Caroline Lester,carolineclester@gmail.com,3345314844,Type 1: Owner-Occupied STVR Certificate,3,,6,VICTORIAN HISTORIC DISTRICT,2004430010,1110 BARNARD ST,,,SAVANNAH,GA,31401,"1110 BARNARD ST, SAVANNAH, GA 31401",1110 BARNARD ST,1110 BARNARD ST,Normalized,
315  LORCH ST  SAVANNAH GA 31401,C,SVR-02238,2027-02-12,2004526020,Jacob Boss,bossfineproperties@gmail.com,7248094222,Type 2: Non-Owner-Occupied STVR Certificate,3,1,6,SAVANNAH DOWNTOWN HISTORIC DISTRICT,2004526020,315 LORCH ST,C,,SAVANNAH,GA,31401,"315 LORCH ST UNIT C, SAVANNAH, GA 31401",315 LORCH ST,315 LORCH ST UNIT C,Normalized,
307 EAST PARK AVE  SAVANNAH GA 31401,,SVR-02241,2027-01-19,2005302021,Lucky Savannah Vacation Rentals,owners@luckysavannah.com,9124958582,Type 2: Non-Owner-Occupied STVR Certificate,2,2,4,VICTORIAN HISTORIC DISTRICT,2005302021,307 E PARK AVE,,,SAVANNAH,GA,31401,"307 E PARK AVE, SAVANNAH, GA 31401",307 E PARK AVE,307 E PARK AVE,Normalized,
216 EAST STATE ST  SAVANNAH GA 31401,3-C,SVR-02242,2027-01-19,2000447003C,Lucky Savannah Vacation Rentals,owners@luckysavannah.com,9124958582,Type 2: Non-Owner-Occupied STVR Certificate,1,,4,SAVANNAH DOWNTOWN HISTORIC DISTRICT,2000447003C,216 E STATE ST,3-C,,SAVANNAH,GA,31401,"216 E STATE ST UNIT 3-C, SAVANNAH, GA 31401",216 E STATE ST,216 E STATE ST UNIT 3-C,Normalized,
525 EAST BROUGHTON ST  SAVANNAH GA 31401,,SVR-02243,2027-01-19,2000516020,Lucky Savannah Vacation Rentals,owners@luckysavannah.com,9124958582,Type 2: Non-Owner-Occupied STVR Certificate,3,1,6,SAVANNAH DOWNTOWN HISTORIC DISTRICT,2000516020,525 E BROUGHTON ST,,,SAVANNAH,GA,31401,"525 E BROUGHTON ST, SAVANNAH, GA 31401",525 E BROUGHTON ST,525 E BROUGHTON ST,Normalized,
526 EAST BROUGHTON LN  SAVANNAH GA 31401,Carriage House,SVR-02244,2027-01-19,2000516020,Lucky Savannah Vacation Rentals,owners@luckysavannah.com,9124958582,Type 2: Non-Owner-Occupied STVR Certificate,2,,4,SAVANNAH DOWNTOWN HISTORIC DISTRICT,2000516020,526 E BROUGHTON LN,CARRIAGE HOUSE,,SAVANNAH,GA,31401,"526 E BROUGHTON LN UNIT CARRIAGE HOUSE, SAVANNAH, GA 31401",526 E BROUGHTON LN,526 E BROUGHTON LN UNIT CARRIAGE HOUSE,Normalized,
109 EAST PARK AVE  SAVANNAH GA 31401,A,SVR-02245,2027-01-21,2004433019,Southern Belle Vacation Rentals,stvr@southernbellevr.com,9122890130,Type 2: Non-Owner-Occupied STVR Certificate,2,,4,VICTORIAN HISTORIC DISTRICT,2004433019,109 E PARK AVE,A,,SAVANNAH,GA,31401,"109 E PARK AVE UNIT A, SAVANNAH, GA 31401",109 E PARK AVE,109 E PARK AVE UNIT A,Normalized,
220 EAST WALDBURG ST  SAVANNAH GA 31401,B,SVR-02246,2027-01-21,2004421045,Southern Belle Vacation Rentals,stvr@southernbellevr.com,9122890130,Type 2: Non-Owner-Occupied STVR Certificate,3,,6,VICTORIAN HISTORIC DISTRICT,2004421045,220 E WALDBURG ST,B,,SAVANNAH,GA,31401,"220 E WALDBURG ST UNIT B, SAVANNAH, GA 31401",220 E WALDBURG ST,220 E WALDBURG ST UNIT B,Normalized,
102 EAST LIBERTY ST  SAVANNAH GA 31401,502,SVR-02248,2027-01-19,2001530047,Southern Belle Vacation Rentals,stvr@southernbellevr.com,9122190130,Type 2: Non-Owner-Occupied STVR Certificate,1,,4,SAVANNAH DOWNTOWN HISTORIC DISTRICT,2001530047,102 E LIBERTY ST,502,,SAVANNAH,GA,31401,"102 E LIBERTY ST UNIT 502, SAVANNAH, GA 31401",102 E LIBERTY ST,102 E LIBERTY ST UNIT 502,Normalized,
310 WEST BROUGHTON ST  SAVANNAH GA 31401,3015B,SVR-02249,2027-01-21,2001615046,Southern Belle Vacation Rentals,stvr@southernbellevr.com,9122890130,Type 2: Non-Owner-Occupied STVR Certificate,1,,4,SAVANNAH DOWNTOWN HISTORIC DISTRICT,2001615046,310 W BROUGHTON ST,3015B,,SAVANNAH,GA,31401,"310 W BROUGHTON ST UNIT 3015B, SAVANNAH, GA 31401",310 W BROUGHTON ST,310 W BROUGHTON ST UNIT 3015B,Normalized,
220 EAST STATE ST  SAVANNAH GA 31401,,SVR-02250,2027-01-21,2000447060,Ben and Rayssa Eazzetta d/b/a BR Leases LLC,br.vacationrentals@outlook.com,9122205888,Type 2: Non-Owner-Occupied STVR Certificate,3,,6,SAVANNAH DOWNTOWN HISTORIC DISTRICT,2000447060,220 E STATE ST,,,SAVANNAH,GA,31401,"220 E STATE ST, SAVANNAH, GA 31401",220 E STATE ST,220 E STATE ST,Normalized,
315 EAST HALL ST  SAVANNAH GA 31401,B,SVR-02253,2027-05-18,2004402035,Allison Morisano,al.morisano@gmail.com,7186191298,Type 1: Owner-Occupied STVR Certificate,1,1,4,SAVANNAH DOWNTOWN HISTORIC DISTRICT,2004402035,315 E HALL ST,B,,SAVANNAH,GA,31401,"315 E HALL ST UNIT B, SAVANNAH, GA 31401",315 E HALL ST,315 E HALL ST UNIT B,Normalized,
538 EAST LIBERTY ST  SAVANNAH GA 31401,,SVR-02255,2027-01-19,2001411028,Patrick Bergen,patrick@mintjulepvacationrentals.com,8032370342,Type 2: Non-Owner-Occupied STVR Certificate,4,2,8,SAVANNAH DOWNTOWN HISTORIC DISTRICT,2001411028,538 E LIBERTY ST,,,SAVANNAH,GA,31401,"538 E LIBERTY ST, SAVANNAH, GA 31401",538 E LIBERTY ST,538 E LIBERTY ST,Normalized,
216 EAST STATE ST  SAVANNAH GA 31401,2-C,SVR-02261,2027-03-22,2000447002C,Chris & Heidi Billingsley,heidi_beth1@hotmail.com,4254174963,Type 2: Non-Owner-Occupied STVR Certificate,1,,4,SAVANNAH DOWNTOWN HISTORIC DISTRICT,2000447002C,216 E STATE ST,2-C,,SAVANNAH,GA,31401,"216 E STATE ST UNIT 2-C, SAVANNAH, GA 31401",216 E STATE ST,216 E STATE ST UNIT 2-C,Normalized,
222 WEST 36TH ST  SAVANNAH GA 31401,C,SVR-02263,2027-02-24,2006645008,Anderson VIP Concierge LLC,mary@savannahluxuryrentals.com,9125252022,Type 1: Owner-Occupied STVR Certificate,2,1,4,STREETCAR HISTORIC DISTRICT,2006645008,222 W 36TH ST,C,,SAVANNAH,GA,31401,"222 W 36TH ST UNIT C, SAVANNAH, GA 31401",222 W 36TH ST,222 W 36TH ST UNIT C,Normalized,
1812  DRAYTON ST  SAVANNAH GA 31401,1,SVR-02264,2027-03-02,2006501013,Southern Belle Vacation Rentals,stvr@southernbellevr.com,9122890130,Type 2: Non-Owner-Occupied STVR Certificate,1,1,4,STREETCAR HISTORIC DISTRICT,2006501013,1812 DRAYTON ST,1,,SAVANNAH,GA,31401,"1812 DRAYTON ST UNIT 1, SAVANNAH, GA 31401",1812 DRAYTON ST,1812 DRAYTON ST UNIT 1,Normalized,
1812   DRAYTON ST  SAVANNAH GA 31401,2,SVR-02265,2027-03-02,2006501013,Southern Belle Vacation Rentals,stvr@southernbellevr.com,9122190130,Type 2: Non-Owner-Occupied STVR Certificate,1,1,4,STREETCAR HISTORIC DISTRICT,2006501013,1812 DRAYTON ST,2,,SAVANNAH,GA,31401,"1812 DRAYTON ST UNIT 2, SAVANNAH, GA 31401",1812 DRAYTON ST,1812 DRAYTON ST UNIT 2,Normalized,
535 EAST GWINNETT ST  SAVANNAH GA 31401,,SVR-02266,2027-05-18,2004306065,Kyle Doyon,kyle-doyon@hotmail.com,9122570243,Type 1: Owner-Occupied STVR Certificate,3,,6,VICTORIAN HISTORIC DISTRICT,2004306065,535 E GWINNETT ST,,,SAVANNAH,GA,31401,"535 E GWINNETT ST, SAVANNAH, GA 31401",535 E GWINNETT ST,535 E GWINNETT ST,Normalized,
114 EAST JONES LN  SAVANNAH GA 31401,Carriage House,SVR-02267,2027-07-12,2003214019,Lucky Savannah Vacation Rentals,owners@luckysavannah.com,9124958582,Type 1: Owner-Occupied STVR Certificate,1,,4,SAVANNAH DOWNTOWN HISTORIC DISTRICT,2003214019,114 E JONES LN,CARRIAGE HOUSE,,SAVANNAH,GA,31401,"114 E JONES LN UNIT CARRIAGE HOUSE, SAVANNAH, GA 31401",114 E JONES LN,114 E JONES LN UNIT CARRIAGE HOUSE,Normalized,
224 EAST BOLTON ST  SAVANNAH GA 31401,,SVR-00221,2027-07-24,2004414015,Christen Clougherty,christenandgerome@gmail.com,9122204652,Type 2: Non-Owner-Occupied STVR Certificate,3,1,8,VICTORIAN HISTORIC DISTRICT,2004414015,224 E BOLTON ST,,,SAVANNAH,GA,31401,"224 E BOLTON ST, SAVANNAH, GA 31401",224 E BOLTON ST,224 E BOLTON ST,Normalized,
210 EAST STATE ST  SAVANNAH GA 31401,26,SVR-02269,2027-02-25,2000447035,John Dillon,mossandoaksavannah@gmail.com,9126929393,Type 2: Non-Owner-Occupied STVR Certificate,1,,4,SAVANNAH DOWNTOWN HISTORIC DISTRICT,2000447035,210 E STATE ST,26,,SAVANNAH,GA,31401,"210 E STATE ST UNIT 26, SAVANNAH, GA 31401",210 E STATE ST,210 E STATE ST UNIT 26,Normalized,
213 WEST GASTON ST  SAVANNAH GA 31401,,SVR-02270,2027-04-05,2003255023,David & Rita Weiler,rfw0202@gmail.com,7156972220,Type 2: Non-Owner-Occupied STVR Certificate,2,,4,SAVANNAH DOWNTOWN HISTORIC DISTRICT,2003255023,213 W GASTON ST,,,SAVANNAH,GA,31401,"213 W GASTON ST, SAVANNAH, GA 31401",213 W GASTON ST,213 W GASTON ST,Normalized,
220 WEST GWINNETT ST  SAVANNAH GA 31401,,SVR-02271,2027-05-13,2004530002,Denver Jameson,dbailey5@tulane.edu,9105844289,Type 1: Owner-Occupied STVR Certificate,1,,4,SAVANNAH DOWNTOWN HISTORIC DISTRICT,2004530002,220 W GWINNETT ST,,,SAVANNAH,GA,31401,"220 W GWINNETT ST, SAVANNAH, GA 31401",220 W GWINNETT ST,220 W GWINNETT ST,Normalized,
104 WEST BROUGHTON ST  SAVANNAH GA 31401,B,SVR-02273,2027-02-26,2000436318,Lucky Savannah Vacation Rentals,owners@luckysavannah.com,9124958582,Type 2: Non-Owner-Occupied STVR Certificate,2,,4,SAVANNAH DOWNTOWN HISTORIC DISTRICT,2000436318,104 W BROUGHTON ST,B,,SAVANNAH,GA,31401,"104 W BROUGHTON ST UNIT B, SAVANNAH, GA 31401",104 W BROUGHTON ST,104 W BROUGHTON ST UNIT B,Normalized,
101 WEST CHARLTON LN  SAVANNAH GA 31401,,SVR-02274,2027-03-08,2001545030,Luxury Living Savannah,reservations@luxurylivingsavannah.com,9129997200,Type 2: Non-Owner-Occupied STVR Certificate,1,,4,SAVANNAH DOWNTOWN HISTORIC DISTRICT,2001545030,101 W CHARLTON LN,,,SAVANNAH,GA,31401,"101 W CHARLTON LN, SAVANNAH, GA 31401",101 W CHARLTON LN,101 W CHARLTON LN,Normalized,
213 WEST HALL ST  SAVANNAH GA 31401,A,SVR-02276,2027-03-08,2004531014,24square Inc,24squaresavannah@gmail.com,9787667088,Type 2: Non-Owner-Occupied STVR Certificate,3,1,6,SAVANNAH DOWNTOWN HISTORIC DISTRICT,2004531014,213 W HALL ST,A,,SAVANNAH,GA,31401,"213 W HALL ST UNIT A, SAVANNAH, GA 31401",213 W HALL ST,213 W HALL ST UNIT A,Normalized,
213 WEST HALL ST  SAVANNAH GA 31401,B,SVR-02277,2027-03-08,2004531014,24square Inc,24squaresavannah@gmail.com,9787667088,Type 2: Non-Owner-Occupied STVR Certificate,1,1,4,SAVANNAH DOWNTOWN HISTORIC DISTRICT,2004531014,213 W HALL ST,B,,SAVANNAH,GA,31401,"213 W HALL ST UNIT B, SAVANNAH, GA 31401",213 W HALL ST,213 W HALL ST UNIT B,Normalized,
422 EAST STATE ST  SAVANNAH GA 31401,Carriage House,SVR-00023,2027-02-26,2000449011,JW Management of Savannah LLC,kwashburnsav@gmail.com,9125705070,Type 2: Non-Owner-Occupied STVR Certificate,1,1,4,SAVANNAH DOWNTOWN HISTORIC DISTRICT,2000449011,422 E STATE ST,CARRIAGE HOUSE,,SAVANNAH,GA,31401,"422 E STATE ST UNIT CARRIAGE HOUSE, SAVANNAH, GA 31401",422 E STATE ST,422 E STATE ST UNIT CARRIAGE HOUSE,Normalized,
704  TATTNALL ST  SAVANNAH GA 31401,A,SVR-02278,2027-03-08,2004531014,24square Inc,24squaresavannah@gmail.com,9787667088,Type 2: Non-Owner-Occupied STVR Certificate,2,1,4,SAVANNAH DOWNTOWN HISTORIC DISTRICT,2004531014,704 TATTNALL ST,A,,SAVANNAH,GA,31401,"704 TATTNALL ST UNIT A, SAVANNAH, GA 31401",704 TATTNALL ST,704 TATTNALL ST UNIT A,Normalized,
704  TATTNALL ST  SAVANNAH GA 31401,B,SVR-02279,2027-03-08,2004531014,24square Inc,24squaresavannah@gmail.com,9787667088,Type 2: Non-Owner-Occupied STVR Certificate,2,1,4,SAVANNAH DOWNTOWN HISTORIC DISTRICT,2004531014,704 TATTNALL ST,B,,SAVANNAH,GA,31401,"704 TATTNALL ST UNIT B, SAVANNAH, GA 31401",704 TATTNALL ST,704 TATTNALL ST UNIT B,Normalized,
413 EAST JONES ST  SAVANNAH GA 31401,,SVR-02280,2027-04-27,2003211023,KEYVESTMENT LLC,keyan.karimi@gmail.com,6282369218,Type 2: Non-Owner-Occupied STVR Certificate,2,1,4,SAVANNAH DOWNTOWN HISTORIC DISTRICT,2003211023,413 E JONES ST,,,SAVANNAH,GA,31401,"413 E JONES ST, SAVANNAH, GA 31401",413 E JONES ST,413 E JONES ST,Normalized,
230 EAST OGLETHORPE AVE  SAVANNAH GA 31401,A,SVR-02281,2027-03-12,2001506008,Southern Belle Vacation Rentals,stvr@southernbellevr.com,9122190130,Type 2: Non-Owner-Occupied STVR Certificate,1,1,4,SAVANNAH DOWNTOWN HISTORIC DISTRICT,2001506008,230 E OGLETHORPE AVE,A,,SAVANNAH,GA,31401,"230 E OGLETHORPE AVE UNIT A, SAVANNAH, GA 31401",230 E OGLETHORPE AVE,230 E OGLETHORPE AVE UNIT A,Normalized,
227  HOUSTON ST  SAVANNAH GA 31401,B,SVR-02282,2027-03-16,2001408005,Lucky Savannah Vacation Rentals,owners@luckysavannah.com,9124958582,Type 2: Non-Owner-Occupied STVR Certificate,2,1,4,SAVANNAH DOWNTOWN HISTORIC DISTRICT,2001408005,227 HOUSTON ST,B,,SAVANNAH,GA,31401,"227 HOUSTON ST UNIT B, SAVANNAH, GA 31401",227 HOUSTON ST,227 HOUSTON ST UNIT B,Normalized,
227  HOUSTON ST  SAVANNAH GA 31401,A,SVR-02283,2027-03-16,2001408005,Lucky Savannah Vacation Rentals,owners@luckysavannah.com,9124958582,Type 2: Non-Owner-Occupied STVR Certificate,1,,4,SAVANNAH DOWNTOWN HISTORIC DISTRICT,2001408005,227 HOUSTON ST,A,,SAVANNAH,GA,31401,"227 HOUSTON ST UNIT A, SAVANNAH, GA 31401",227 HOUSTON ST,227 HOUSTON ST UNIT A,Normalized,
110  BARNARD ST  SAVANNAH GA 31401,410,SVR-02285,2027-03-12,2000443025,Arise Property Management,contact@stayatarise.com,9123880845,Type 2: Non-Owner-Occupied STVR Certificate,2,,4,SAVANNAH DOWNTOWN HISTORIC DISTRICT,2000443025,110 BARNARD ST,410,,SAVANNAH,GA,31401,"110 BARNARD ST UNIT 410, SAVANNAH, GA 31401",110 BARNARD ST,110 BARNARD ST UNIT 410,Normalized,
304 WEST GASTON ST  SAVANNAH GA 31401,,SVR-02293,2027-06-07,2004516011,Southern Belle Vacation Rentals,stvr@southernbellevr.com,9122190130,Type 2: Non-Owner-Occupied STVR Certificate,1,,4,SAVANNAH DOWNTOWN HISTORIC DISTRICT,2004516011,304 W GASTON ST,,,SAVANNAH,GA,31401,"304 W GASTON ST, SAVANNAH, GA 31401",304 W GASTON ST,304 W GASTON ST,Normalized,
523 EAST BROUGHTON ST  SAVANNAH GA 31401,,SVR-02294,2027-03-25,2000516019,Alyssa Acker,hostingsavannah@gmail.com,4436104230,Type 2: Non-Owner-Occupied STVR Certificate,2,,4,SAVANNAH DOWNTOWN HISTORIC DISTRICT,2000516019,523 E BROUGHTON ST,,,SAVANNAH,GA,31401,"523 E BROUGHTON ST, SAVANNAH, GA 31401",523 E BROUGHTON ST,523 E BROUGHTON ST,Normalized,
524 EAST BROUGHTON LN  SAVANNAH GA 31401,,SVR-02295,2027-03-25,2000516019,Alyssa Acker,hostingsavannah@gmail.com,4436104230,Type 2: Non-Owner-Occupied STVR Certificate,1,,4,SAVANNAH DOWNTOWN HISTORIC DISTRICT,2000516019,524 E BROUGHTON LN,,,SAVANNAH,GA,31401,"524 E BROUGHTON LN, SAVANNAH, GA 31401",524 E BROUGHTON LN,524 E BROUGHTON LN,Normalized,
511 EAST BROUGHTON ST  SAVANNAH GA 31401,B,SVR-02296,2027-03-31,2000516009,Southern Belle Vacation Rentals,stvr@southernbellevr.com,9122190130,Type 2: Non-Owner-Occupied STVR Certificate,3,1,6,SAVANNAH DOWNTOWN HISTORIC DISTRICT,2000516009,511 E BROUGHTON ST,B,,SAVANNAH,GA,31401,"511 E BROUGHTON ST UNIT B, SAVANNAH, GA 31401",511 E BROUGHTON ST,511 E BROUGHTON ST UNIT B,Normalized,
511 EAST BROUGHTON ST  SAVANNAH GA 31401,Carriage House,SVR-02297,2027-03-31,2000516009,Southern Belle Vacation Rentals,stvr@southernbellevr.com,9122190130,Type 2: Non-Owner-Occupied STVR Certificate,1,1,4,SAVANNAH DOWNTOWN HISTORIC DISTRICT,2000516009,511 E BROUGHTON ST,CARRIAGE HOUSE,,SAVANNAH,GA,31401,"511 E BROUGHTON ST UNIT CARRIAGE HOUSE, SAVANNAH, GA 31401",511 E BROUGHTON ST,511 E BROUGHTON ST UNIT CARRIAGE HOUSE,Normalized,
550 EAST MCDONOUGH ST  SAVANNAH GA 31401,Garden,SVR-02298,2027-03-26,2001407005,Jeremy Aven,jeremyaven@me.com,8438608788,Type 1: Owner-Occupied STVR Certificate,1,,4,SAVANNAH DOWNTOWN HISTORIC DISTRICT,2001407005,550 E MCDONOUGH ST,GARDEN,,SAVANNAH,GA,31401,"550 E MCDONOUGH ST UNIT GARDEN, SAVANNAH, GA 31401",550 E MCDONOUGH ST,550 E MCDONOUGH ST UNIT GARDEN,Normalized,
224 WEST CHARLTON ST  SAVANNAH GA 31401,,SVR-02299,2027-03-26,2003121005,Lucky Savannah Vacation Rentals,owners@luckysavannah.com,9124958582,Type 2: Non-Owner-Occupied STVR Certificate,2,,4,SAVANNAH DOWNTOWN HISTORIC DISTRICT,2003121005,224 W CHARLTON ST,,,SAVANNAH,GA,31401,"224 W CHARLTON ST, SAVANNAH, GA 31401",224 W CHARLTON ST,224 W CHARLTON ST,Normalized,
307 WEST WALDBURG ST  SAVANNAH GA 31401,,SVR-02301,2027-05-12,2005214007,Katherine Tierney,ktierney67@gmail.com,8057224062,Type 2: Non-Owner-Occupied STVR Certificate,2,,4,VICTORIAN HISTORIC DISTRICT,2005214007,307 W WALDBURG ST,,,SAVANNAH,GA,31401,"307 W WALDBURG ST, SAVANNAH, GA 31401",307 W WALDBURG ST,307 W WALDBURG ST,Normalized,
308 WEST WALDBURG LN  SAVANNAH GA 31401,,SVR-02302,2027-05-12,2005214007,Katherine Tierney,ktierney67@gmail.com,8057224062,Type 2: Non-Owner-Occupied STVR Certificate,1,,4,VICTORIAN HISTORIC DISTRICT,2005214007,308 W WALDBURG LN,,,SAVANNAH,GA,31401,"308 W WALDBURG LN, SAVANNAH, GA 31401",308 W WALDBURG LN,308 W WALDBURG LN,Normalized,
1524   BULL ST  SAVANNAH GA 31401,F,SVR-02303,2027-03-26,2005323021,Kevin Escobar & Karli Dalton,kevin@kescohomes.com,6319548427,Type 2: Non-Owner-Occupied STVR Certificate,2,,4,STREETCAR HISTORIC DISTRICT,2005323021,1524 BULL ST,F,,SAVANNAH,GA,31401,"1524 BULL ST UNIT F, SAVANNAH, GA 31401",1524 BULL ST,1524 BULL ST UNIT F,Normalized,
129  HOUSTON ST  SAVANNAH GA 31401,,SVR-00225,2027-05-06,2000528002,Alyssa Acker d/b/a Hosting Savannah LLC,hostingsavannah@gmail.com,4436104230,Type 2: Non-Owner-Occupied STVR Certificate,2,1,6,SAVANNAH DOWNTOWN HISTORIC DISTRICT,2000528002,129 HOUSTON ST,,,SAVANNAH,GA,31401,"129 HOUSTON ST, SAVANNAH, GA 31401",129 HOUSTON ST,129 HOUSTON ST,Normalized,
2305  PRICE ST  SAVANNAH GA 31401,A,SVR-02308,2027-04-08,2007504005,24square Inc,24squaresavannah@gmail.com,9787667088,Type 2: Non-Owner-Occupied STVR Certificate,2,,4,STREETCAR HISTORIC DISTRICT,2007504005,2305 PRICE ST,A,,SAVANNAH,GA,31401,"2305 PRICE ST UNIT A, SAVANNAH, GA 31401",2305 PRICE ST,2305 PRICE ST UNIT A,Normalized,
2305   PRICE ST  SAVANNAH GA 31401,B,SVR-02309,2027-04-08,2007504005,24square Inc,24squaresavannah@gmail.com,9787667088,Type 2: Non-Owner-Occupied STVR Certificate,2,,4,STREETCAR HISTORIC DISTRICT,2007504005,2305 PRICE ST,B,,SAVANNAH,GA,31401,"2305 PRICE ST UNIT B, SAVANNAH, GA 31401",2305 PRICE ST,2305 PRICE ST UNIT B,Normalized,
513 EAST HARRIS ST  SAVANNAH GA 31401,,SVR-02310,2027-08-19,2001418010,Jeffrey & Chandie Hupman,jeff@hupmangroup.com,9125075663,Type 2: Non-Owner-Occupied STVR Certificate,2,1,4,SAVANNAH DOWNTOWN HISTORIC DISTRICT,2001418010,513 E HARRIS ST,,,SAVANNAH,GA,31401,"513 E HARRIS ST, SAVANNAH, GA 31401",513 E HARRIS ST,513 E HARRIS ST,Normalized,
216 EAST STATE ST  SAVANNAH GA 31401,1-B,SVR-02312,2027-04-08,2000447001B,Moss and Oak LLC,mossandoaksavannah@gmail.com,9126929393,Type 2: Non-Owner-Occupied STVR Certificate,1,,4,SAVANNAH DOWNTOWN HISTORIC DISTRICT,2000447001B,216 E STATE ST,1-B,,SAVANNAH,GA,31401,"216 E STATE ST UNIT 1-B, SAVANNAH, GA 31401",216 E STATE ST,216 E STATE ST UNIT 1-B,Normalized,
401 WEST GASTON ST  SAVANNAH GA 31401,2A,SVR-02314,2027-05-04,2004521001,ROY MAYNARD,roy.maynard.rm@gmail.com,9126601200,Type 2: Non-Owner-Occupied STVR Certificate,2,,4,SAVANNAH DOWNTOWN HISTORIC DISTRICT,2004521001,401 W GASTON ST,2A,,SAVANNAH,GA,31401,"401 W GASTON ST UNIT 2A, SAVANNAH, GA 31401",401 W GASTON ST,401 W GASTON ST UNIT 2A,Normalized,
401 WEST GASTON ST  SAVANNAH GA 31401,2B,SVR-02315,2027-05-04,2004521001,ROY MAYNARD,roy.maynard.rm@gmail.com,9126601200,Type 2: Non-Owner-Occupied STVR Certificate,2,,4,SAVANNAH DOWNTOWN HISTORIC DISTRICT,2004521001,401 W GASTON ST,2B,,SAVANNAH,GA,31401,"401 W GASTON ST UNIT 2B, SAVANNAH, GA 31401",401 W GASTON ST,401 W GASTON ST UNIT 2B,Normalized,
401 WEST GASTON ST  SAVANNAH GA 31401,3A,SVR-02316,2027-05-04,2004521001,ROY MAYNARD,roy.maynard.rm@gmail.com,9126601200,Type 2: Non-Owner-Occupied STVR Certificate,2,,4,SAVANNAH DOWNTOWN HISTORIC DISTRICT,2004521001,401 W GASTON ST,3A,,SAVANNAH,GA,31401,"401 W GASTON ST UNIT 3A, SAVANNAH, GA 31401",401 W GASTON ST,401 W GASTON ST UNIT 3A,Normalized,
401 WEST GASTON ST  SAVANNAH GA 31401,3B,SVR-02317,2027-05-04,2004521001,ROY MAYNARD,roy.maynard.rm@gmail.com,9126601200,Type 2: Non-Owner-Occupied STVR Certificate,2,,4,SAVANNAH DOWNTOWN HISTORIC DISTRICT,2004521001,401 W GASTON ST,3B,,SAVANNAH,GA,31401,"401 W GASTON ST UNIT 3B, SAVANNAH, GA 31401",401 W GASTON ST,401 W GASTON ST UNIT 3B,Normalized,
401 WEST GASTON ST  SAVANNAH GA 31401,4A,SVR-02318,2027-05-04,2004521001,ROY MAYNARD,roy.maynard.rm@gmail.com,9126601200,Type 2: Non-Owner-Occupied STVR Certificate,2,,4,SAVANNAH DOWNTOWN HISTORIC DISTRICT,2004521001,401 W GASTON ST,4A,,SAVANNAH,GA,31401,"401 W GASTON ST UNIT 4A, SAVANNAH, GA 31401",401 W GASTON ST,401 W GASTON ST UNIT 4A,Normalized,
401 WEST GASTON ST  SAVANNAH GA 31401,4B,SVR-02319,2027-05-04,2004521001,ROY MAYNARD,roy.maynard.rm@gmail.com,9126601200,Type 2: Non-Owner-Occupied STVR Certificate,2,,4,SAVANNAH DOWNTOWN HISTORIC DISTRICT,2004521001,401 W GASTON ST,4B,,SAVANNAH,GA,31401,"401 W GASTON ST UNIT 4B, SAVANNAH, GA 31401",401 W GASTON ST,401 W GASTON ST UNIT 4B,Normalized,
705  WHITAKER ST  SAVANNAH GA 31401,F,SVR-02324,2027-04-30,2003261003,Diane James,savsam0625@gmail.com,8052959889,Type 2: Non-Owner-Occupied STVR Certificate,1,1,4,SAVANNAH DOWNTOWN HISTORIC DISTRICT,2003261003,705 WHITAKER ST,F,,SAVANNAH,GA,31401,"705 WHITAKER ST UNIT F, SAVANNAH, GA 31401",705 WHITAKER ST,705 WHITAKER ST UNIT F,Normalized,
705  WHITAKER ST  SAVANNAH GA 31401,E,SVR-02325,2027-04-30,2003261003,Diane James,savsam0625@gmail.com,8052959889,Type 2: Non-Owner-Occupied STVR Certificate,1,1,4,SAVANNAH DOWNTOWN HISTORIC DISTRICT,2003261003,705 WHITAKER ST,E,,SAVANNAH,GA,31401,"705 WHITAKER ST UNIT E, SAVANNAH, GA 31401",705 WHITAKER ST,705 WHITAKER ST UNIT E,Normalized,
705  WHITAKER ST  SAVANNAH GA 31401,D,SVR-02326,2027-04-30,2003261003,Diane James,savsam0625@gmail.com,8052959889,Type 2: Non-Owner-Occupied STVR Certificate,2,1,4,SAVANNAH DOWNTOWN HISTORIC DISTRICT,2003261003,705 WHITAKER ST,D,,SAVANNAH,GA,31401,"705 WHITAKER ST UNIT D, SAVANNAH, GA 31401",705 WHITAKER ST,705 WHITAKER ST UNIT D,Normalized,
705  WHITAKER ST  SAVANNAH GA 31401,C,SVR-02327,2027-04-30,2003261003,Diane James,savsam0625@gmail.com,8052959889,Type 2: Non-Owner-Occupied STVR Certificate,1,1,4,SAVANNAH DOWNTOWN HISTORIC DISTRICT,2003261003,705 WHITAKER ST,C,,SAVANNAH,GA,31401,"705 WHITAKER ST UNIT C, SAVANNAH, GA 31401",705 WHITAKER ST,705 WHITAKER ST UNIT C,Normalized,
209 WEST LIBERTY LN  SAVANNAH GA 31401,,SVR-00227,2027-06-01,2003116021,Gina Stone,staysavannah@bellsouth.net,8889190008,Type 2: Non-Owner-Occupied STVR Certificate,2,1,4,SAVANNAH DOWNTOWN HISTORIC DISTRICT,2003116021,209 W LIBERTY LN,,,SAVANNAH,GA,31401,"209 W LIBERTY LN, SAVANNAH, GA 31401",209 W LIBERTY LN,209 W LIBERTY LN,Normalized,
705  WHITAKER ST  SAVANNAH GA 31401,B,SVR-02328,2027-04-30,2003261003,Diane James,savsam0625@gmail.com,8052959889,Type 2: Non-Owner-Occupied STVR Certificate,1,1,4,SAVANNAH DOWNTOWN HISTORIC DISTRICT,2003261003,705 WHITAKER ST,B,,SAVANNAH,GA,31401,"705 WHITAKER ST UNIT B, SAVANNAH, GA 31401",705 WHITAKER ST,705 WHITAKER ST UNIT B,Normalized,
705  WHITAKER ST  SAVANNAH GA 31401,A,SVR-02329,2027-04-30,2003261003,Diane James,savsam0625@gmail.com,8052959889,Type 2: Non-Owner-Occupied STVR Certificate,1,,4,SAVANNAH DOWNTOWN HISTORIC DISTRICT,2003261003,705 WHITAKER ST,A,,SAVANNAH,GA,31401,"705 WHITAKER ST UNIT A, SAVANNAH, GA 31401",705 WHITAKER ST,705 WHITAKER ST UNIT A,Normalized,
534 EAST JONES ST  SAVANNAH GA 31401,,SVR-02331,2027-06-28,2001419006,Katie Valdes,ksiplon.homes@gmail.com,9123519737,Type 2: Non-Owner-Occupied STVR Certificate,2,2,4,SAVANNAH DOWNTOWN HISTORIC DISTRICT,2001419006,534 E JONES ST,,,SAVANNAH,GA,31401,"534 E JONES ST, SAVANNAH, GA 31401",534 E JONES ST,534 E JONES ST,Normalized,
509 EAST YORK ST  SAVANNAH GA 31401,,SVR-02332,2027-05-06,2000530008,South Key Management Company,chase@southkeymgmt.com,9128001321,Type 2: Non-Owner-Occupied STVR Certificate,3,2,6,SAVANNAH DOWNTOWN HISTORIC DISTRICT,2000530008,509 E YORK ST,,,SAVANNAH,GA,31401,"509 E YORK ST, SAVANNAH, GA 31401",509 E YORK ST,509 E YORK ST,Normalized,
242  HABERSHAM ST  SAVANNAH GA 31401,,SVR-02336,2027-07-08,2001518023,Michael Lastfogel,forsythpark@icloud.com,9125085890,Type 2: Non-Owner-Occupied STVR Certificate,3,,6,SAVANNAH DOWNTOWN HISTORIC DISTRICT,2001518023,242 HABERSHAM ST,,,SAVANNAH,GA,31401,"242 HABERSHAM ST, SAVANNAH, GA 31401",242 HABERSHAM ST,242 HABERSHAM ST,Normalized,
103 WEST CHARLTON LN  SAVANNAH GA 31401,Carriage House,SVR-02337,2027-05-14,2001545028,Lucky Savannah Vacation Rentals,owners@luckysavannah.com,9124958582,Type 2: Non-Owner-Occupied STVR Certificate,2,,4,SAVANNAH DOWNTOWN HISTORIC DISTRICT,2001545028,103 W CHARLTON LN,CARRIAGE HOUSE,,SAVANNAH,GA,31401,"103 W CHARLTON LN UNIT CARRIAGE HOUSE, SAVANNAH, GA 31401",103 W CHARLTON LN,103 W CHARLTON LN UNIT CARRIAGE HOUSE,Normalized,
210 WEST HARRIS ST  SAVANNAH GA 31401,PARLOR,SVR-00228,2027-06-01,2003116023,Gina Stone,staysavannah@bellsouth.net,8889190008,Type 2: Non-Owner-Occupied STVR Certificate,1,1,4,SAVANNAH DOWNTOWN HISTORIC DISTRICT,2003116023,210 W HARRIS ST,PARLOR,,SAVANNAH,GA,31401,"210 W HARRIS ST UNIT PARLOR, SAVANNAH, GA 31401",210 W HARRIS ST,210 W HARRIS ST UNIT PARLOR,Normalized,
216 EAST STATE ST  SAVANNAH GA 31401,3-D,SVR-02338,2027-06-07,2000447003D,"Lighthouse Management Properties, LLC",lighthousemgmtprops@gmail.com,9126608433,Type 2: Non-Owner-Occupied STVR Certificate,1,,4,SAVANNAH DOWNTOWN HISTORIC DISTRICT,2000447003D,216 E STATE ST,3-D,,SAVANNAH,GA,31401,"216 E STATE ST UNIT 3-D, SAVANNAH, GA 31401",216 E STATE ST,216 E STATE ST UNIT 3-D,Normalized,
602  LINCOLN ST  SAVANNAH GA 31401,A,SVR-02340,2027-06-07,2004402019,South Key Management Company,chase@southkeymgmt.com,9128001321,Type 2: Non-Owner-Occupied STVR Certificate,3,1,6,SAVANNAH DOWNTOWN HISTORIC DISTRICT,2004402019,602 LINCOLN ST,A,,SAVANNAH,GA,31401,"602 LINCOLN ST UNIT A, SAVANNAH, GA 31401",602 LINCOLN ST,602 LINCOLN ST UNIT A,Normalized,
602   LINCOLN ST  SAVANNAH GA 31401,B,SVR-02341,2027-06-07,2004402019,South Key Management Company,chase@southkeymgmt.com,9128001321,Type 2: Non-Owner-Occupied STVR Certificate,1,1,4,SAVANNAH DOWNTOWN HISTORIC DISTRICT,2004402019,602 LINCOLN ST,B,,SAVANNAH,GA,31401,"602 LINCOLN ST UNIT B, SAVANNAH, GA 31401",602 LINCOLN ST,602 LINCOLN ST UNIT B,Normalized,
165 WEST BAY ST  SAVANNAH GA 31401,204,SVR-02342,2027-06-17,2000413039,Coanna Montgomery,designsbycoanna@gmail.com,9124411317,Type 2: Non-Owner-Occupied STVR Certificate,2,1,4,SAVANNAH DOWNTOWN HISTORIC DISTRICT,2000413039,165 W BAY ST,204,,SAVANNAH,GA,31401,"165 W BAY ST UNIT 204, SAVANNAH, GA 31401",165 W BAY ST,165 W BAY ST UNIT 204,Normalized,
104 WEST BROUGHTON ST  SAVANNAH GA 31401,C,SVR-02343,2027-07-19,2000436319,Kim & Matthew Loftis,kimkloftis@gmail.com,7722853038,Type 2: Non-Owner-Occupied STVR Certificate,2,,4,SAVANNAH DOWNTOWN HISTORIC DISTRICT,2000436319,104 W BROUGHTON ST,C,,SAVANNAH,GA,31401,"104 W BROUGHTON ST UNIT C, SAVANNAH, GA 31401",104 W BROUGHTON ST,104 W BROUGHTON ST UNIT C,Normalized,
1018  ABERCORN ST  SAVANNAH GA 31401,A,SVR-02345,2027-06-07,2004427032,Ashley Yellin,1018abercorn@gmail.com,6507407444,Type 2: Non-Owner-Occupied STVR Certificate,1,,4,VICTORIAN HISTORIC DISTRICT,2004427032,1018 ABERCORN ST,A,,SAVANNAH,GA,31401,"1018 ABERCORN ST UNIT A, SAVANNAH, GA 31401",1018 ABERCORN ST,1018 ABERCORN ST UNIT A,Normalized,
1018  ABERCORN ST  SAVANNAH GA 31401,B,SVR-02346,2027-06-07,2004427032,Ashley Yellin,1018abercorn@gmail.com,6507407444,Type 2: Non-Owner-Occupied STVR Certificate,1,,4,VICTORIAN HISTORIC DISTRICT,2004427032,1018 ABERCORN ST,B,,SAVANNAH,GA,31401,"1018 ABERCORN ST UNIT B, SAVANNAH, GA 31401",1018 ABERCORN ST,1018 ABERCORN ST UNIT B,Normalized,
317  LORCH ST  SAVANNAH GA 31401,A,SVR-02347,2027-06-01,2004526008,Amanda Kennedy,amandasakamoto21@gmail.com,2034347388,Type 2: Non-Owner-Occupied STVR Certificate,2,1,4,SAVANNAH DOWNTOWN HISTORIC DISTRICT,2004526008,317 LORCH ST,A,,SAVANNAH,GA,31401,"317 LORCH ST UNIT A, SAVANNAH, GA 31401",317 LORCH ST,317 LORCH ST UNIT A,Normalized,
210 WEST HARRIS ST  SAVANNAH GA 31401,GARDEN,SVR-00229,2027-06-01,2003116022,Gina Stone,staysavannah@bellsouth.net,8889190008,Type 2: Non-Owner-Occupied STVR Certificate,2,1,4,SAVANNAH DOWNTOWN HISTORIC DISTRICT,2003116022,210 W HARRIS ST,GARDEN,,SAVANNAH,GA,31401,"210 W HARRIS ST UNIT GARDEN, SAVANNAH, GA 31401",210 W HARRIS ST,210 W HARRIS ST UNIT GARDEN,Normalized,
317  LORCH ST  SAVANNAH GA 31401,B,SVR-02348,2027-06-01,2004526008,Amanda Kennedy,amandasakamoto21@gmail.com,2034347388,Type 2: Non-Owner-Occupied STVR Certificate,2,1,4,SAVANNAH DOWNTOWN HISTORIC DISTRICT,2004526008,317 LORCH ST,B,,SAVANNAH,GA,31401,"317 LORCH ST UNIT B, SAVANNAH, GA 31401",317 LORCH ST,317 LORCH ST UNIT B,Normalized,
210 EAST STATE ST  SAVANNAH GA 31401,16,SVR-02349,2027-06-28,2000447025,Emily Morris,2bridesandabucket@gmail.com,9124339506,Type 2: Non-Owner-Occupied STVR Certificate,1,,4,SAVANNAH DOWNTOWN HISTORIC DISTRICT,2000447025,210 E STATE ST,16,,SAVANNAH,GA,31401,"210 E STATE ST UNIT 16, SAVANNAH, GA 31401",210 E STATE ST,210 E STATE ST UNIT 16,Normalized,
309 EAST PARK  LN  SAVANNAH GA 31401,,SVR-02350,2026-10-26,2005302009,Joyce Piersanti,savannaheverafter@gmail.com,9122203778,Type 1: Owner-Occupied STVR Certificate,2,2,4,VICTORIAN HISTORIC DISTRICT,2005302009,309 E PARK LN,,,SAVANNAH,GA,31401,"309 E PARK LN, SAVANNAH, GA 31401",309 E PARK LN,309 E PARK LN,Normalized,
251 EAST BROAD ST  SAVANNAH GA 31401,,SVR-02351,2026-11-19,2001411025,Lucky Savannah Vacation Rentals,owners@luckysavannah.com,9124958582,Type 2: Non-Owner-Occupied STVR Certificate,4,1,8,SAVANNAH DOWNTOWN HISTORIC DISTRICT,2001411025,251 E BROAD ST,,,SAVANNAH,GA,31401,"251 E BROAD ST, SAVANNAH, GA 31401",251 E BROAD ST,251 E BROAD ST,Normalized,
310 WEST BROUGHTON ST  SAVANNAH GA 31401,2001,SVR-02354,2027-07-15,2001615016,Daniel Dabbs,dabbspropertiesllc@gmail.com,6782494309,Type 2: Non-Owner-Occupied STVR Certificate,2,,4,SAVANNAH DOWNTOWN HISTORIC DISTRICT,2001615016,310 W BROUGHTON ST,2001,,SAVANNAH,GA,31401,"310 W BROUGHTON ST UNIT 2001, SAVANNAH, GA 31401",310 W BROUGHTON ST,310 W BROUGHTON ST UNIT 2001,Normalized,
412 EAST PARK AVE  SAVANNAH GA 31401,A,SVR-02355,2027-08-19,2004429004,Alyson Reichel,alynagle@gmail.com,9172501960,Type 2: Non-Owner-Occupied STVR Certificate,1,1,4,VICTORIAN HISTORIC DISTRICT,2004429004,412 E PARK AVE,A,,SAVANNAH,GA,31401,"412 E PARK AVE UNIT A, SAVANNAH, GA 31401",412 E PARK AVE,412 E PARK AVE UNIT A,Normalized,
412 EAST PARK AVE  SAVANNAH GA 31401,B,SVR-02356,2027-08-19,2004429004,Alyson Reichel,alynagle@gmail.com,9172501960,Type 2: Non-Owner-Occupied STVR Certificate,2,1,4,VICTORIAN HISTORIC DISTRICT,2004429004,412 E PARK AVE,B,,SAVANNAH,GA,31401,"412 E PARK AVE UNIT B, SAVANNAH, GA 31401",412 E PARK AVE,412 E PARK AVE UNIT B,Normalized,
405 EAST JONES ST  SAVANNAH GA 31401,C,SVR-00230,2027-09-06,2003211002,Michael Arcangelo,24squaresavannah@gmail.com,4126083989,Type 2: Non-Owner-Occupied STVR Certificate,1,,4,SAVANNAH DOWNTOWN HISTORIC DISTRICT,2003211002,405 E JONES ST,C,,SAVANNAH,GA,31401,"405 E JONES ST UNIT C, SAVANNAH, GA 31401",405 E JONES ST,405 E JONES ST UNIT C,Normalized,
307 EAST HUNTINGDON ST  SAVANNAH GA 31401,Main House,SVR-02360,2027-07-07,2004402015,Lucky Savannah Vacation Rentals,owners@luckysavannah.com,9124958582,Type 2: Non-Owner-Occupied STVR Certificate,3,1,6,SAVANNAH DOWNTOWN HISTORIC DISTRICT,2004402015,307 E HUNTINGDON ST,MAIN HOUSE,,SAVANNAH,GA,31401,"307 E HUNTINGDON ST UNIT MAIN HOUSE, SAVANNAH, GA 31401",307 E HUNTINGDON ST,307 E HUNTINGDON ST UNIT MAIN HOUSE,Normalized,
307 EAST HUNTINGDON ST  SAVANNAH GA 31401,A,SVR-02361,2027-07-07,2004402015,Lucky Savannah Vacation Rentals,owners@luckysavannah.com,9124958582,Type 2: Non-Owner-Occupied STVR Certificate,1,1,4,SAVANNAH DOWNTOWN HISTORIC DISTRICT,2004402015,307 E HUNTINGDON ST,A,,SAVANNAH,GA,31401,"307 E HUNTINGDON ST UNIT A, SAVANNAH, GA 31401",307 E HUNTINGDON ST,307 E HUNTINGDON ST UNIT A,Normalized,
125 EAST BROAD ST  SAVANNAH GA 31401,1B,SVR-02362,2027-07-07,2000526006,Lucky Savannah Vacation Rentals,owners@luckysavannah.com,9124958582,Type 2: Non-Owner-Occupied STVR Certificate,1,,4,SAVANNAH DOWNTOWN HISTORIC DISTRICT,2000526006,125 E BROAD ST,1B,,SAVANNAH,GA,31401,"125 E BROAD ST UNIT 1B, SAVANNAH, GA 31401",125 E BROAD ST,125 E BROAD ST UNIT 1B,Normalized,
439  ABERCORN ST  SAVANNAH GA 31401,,SVR-02363,2027-07-07,2003245006,Lucky Savannah Vacation Rentals,owners@luckysavannah.com,9124958582,Type 2: Non-Owner-Occupied STVR Certificate,3,2,6,SAVANNAH DOWNTOWN HISTORIC DISTRICT,2003245006,439 ABERCORN ST,,,SAVANNAH,GA,31401,"439 ABERCORN ST, SAVANNAH, GA 31401",439 ABERCORN ST,439 ABERCORN ST,Normalized,
310 WEST BROUGHTON ST  SAVANNAH GA 31401,2002,SVR-02364,2026-10-19,2001615017,Hosting Savannah LLC,hostingsavannah@gmail.com,4436104230,Type 2: Non-Owner-Occupied STVR Certificate,1,,4,SAVANNAH DOWNTOWN HISTORIC DISTRICT,2001615017,310 W BROUGHTON ST,2002,,SAVANNAH,GA,31401,"310 W BROUGHTON ST UNIT 2002, SAVANNAH, GA 31401",310 W BROUGHTON ST,310 W BROUGHTON ST UNIT 2002,Normalized,
556 EAST LIBERTY ST  SAVANNAH GA 31401,,SVR-02365,2027-07-09,2001411024,Brittany Goodner,polishednestshg@gmail.com,9122753241,Type 2: Non-Owner-Occupied STVR Certificate,2,,4,SAVANNAH DOWNTOWN HISTORIC DISTRICT,2001411024,556 E LIBERTY ST,,,SAVANNAH,GA,31401,"556 E LIBERTY ST, SAVANNAH, GA 31401",556 E LIBERTY ST,556 E LIBERTY ST,Normalized,
5 WEST BROUGHTON ST  SAVANNAH GA 31401,303B,SVR-02367,2027-07-23,2000444041,Zachary Tombley,operations@stayblackswan.com,6155517255,Type 2: Non-Owner-Occupied STVR Certificate,2,,4,SAVANNAH DOWNTOWN HISTORIC DISTRICT,2000444041,5 W BROUGHTON ST,303B,,SAVANNAH,GA,31401,"5 W BROUGHTON ST UNIT 303B, SAVANNAH, GA 31401",5 W BROUGHTON ST,5 W BROUGHTON ST UNIT 303B,Normalized,
407 EAST GORDON ST  SAVANNAH GA 31401,,SVR-00231,2027-03-25,2003248015,THOMAS JOHNSON AND TAMARA RYAN JOHNSON,tamararyan7@msn.com,6318063510,Type 2: Non-Owner-Occupied STVR Certificate,5,1,12,SAVANNAH DOWNTOWN HISTORIC DISTRICT,2003248015,407 E GORDON ST,,,SAVANNAH,GA,31401,"407 E GORDON ST, SAVANNAH, GA 31401",407 E GORDON ST,407 E GORDON ST,Normalized,
5 WEST BROUGHTON ST  SAVANNAH GA 31401,305B,SVR-02368,2027-07-23,2000444032,Zachary Tombley,operations@stayblackswan.com,6155517255,Type 2: Non-Owner-Occupied STVR Certificate,2,,4,SAVANNAH DOWNTOWN HISTORIC DISTRICT,2000444032,5 W BROUGHTON ST,305B,,SAVANNAH,GA,31401,"5 W BROUGHTON ST UNIT 305B, SAVANNAH, GA 31401",5 W BROUGHTON ST,5 W BROUGHTON ST UNIT 305B,Normalized,
7  HABERSHAM ST  SAVANNAH GA 31401,1,SVR-02369,2027-08-11,2000418011,Tybee Vacation Rentals,ownerservices@tybeevacationrentals.com,91278658537,Type 2: Non-Owner-Occupied STVR Certificate,2,1,4,SAVANNAH DOWNTOWN HISTORIC DISTRICT,2000418011,7 HABERSHAM ST,1,,SAVANNAH,GA,31401,"7 HABERSHAM ST UNIT 1, SAVANNAH, GA 31401",7 HABERSHAM ST,7 HABERSHAM ST UNIT 1,Normalized,
7  HABERSHAM ST  SAVANNAH GA 31401,2,SVR-02370,2027-08-11,2000418012,Tybee Vacation Rentals,ownerservices@tybeevacationrentals.com,91278658537,Type 2: Non-Owner-Occupied STVR Certificate,2,1,4,SAVANNAH DOWNTOWN HISTORIC DISTRICT,2000418012,7 HABERSHAM ST,2,,SAVANNAH,GA,31401,"7 HABERSHAM ST UNIT 2, SAVANNAH, GA 31401",7 HABERSHAM ST,7 HABERSHAM ST UNIT 2,Normalized,
7  HABERSHAM ST  SAVANNAH GA 31401,3,SVR-02371,2027-08-11,2000418013,Tybee Vacation Rentals,ownerservices@tybeevacationrentals.com,91278658537,Type 2: Non-Owner-Occupied STVR Certificate,3,1,6,SAVANNAH DOWNTOWN HISTORIC DISTRICT,2000418013,7 HABERSHAM ST,3,,SAVANNAH,GA,31401,"7 HABERSHAM ST UNIT 3, SAVANNAH, GA 31401",7 HABERSHAM ST,7 HABERSHAM ST UNIT 3,Normalized,
15 WEST BAY ST  SAVANNAH GA 31401,101,SVR-02373,2027-07-27,2000414007,Michael Arcangelo,24squaresavannah@gmail.com,9787667088,Type 2: Non-Owner-Occupied STVR Certificate,2,1,4,SAVANNAH DOWNTOWN HISTORIC DISTRICT,2000414007,15 W BAY ST,101,,SAVANNAH,GA,31401,"15 W BAY ST UNIT 101, SAVANNAH, GA 31401",15 W BAY ST,15 W BAY ST UNIT 101,Normalized,
15 WEST BAY ST  SAVANNAH GA 31401,102,SVR-02374,2027-07-27,2000414007,Michael Arcangelo,24squaresavannah@gmail.com,9787667088,Type 2: Non-Owner-Occupied STVR Certificate,2,1,4,SAVANNAH DOWNTOWN HISTORIC DISTRICT,2000414007,15 W BAY ST,102,,SAVANNAH,GA,31401,"15 W BAY ST UNIT 102, SAVANNAH, GA 31401",15 W BAY ST,15 W BAY ST UNIT 102,Normalized,
165 WEST BAY ST  SAVANNAH GA 31401,206,SVR-02377,2027-08-11,2000413041,Gary Osuch,gosuch@aol.com,9122338605,Type 2: Non-Owner-Occupied STVR Certificate,2,1,4,SAVANNAH DOWNTOWN HISTORIC DISTRICT,2000413041,165 W BAY ST,206,,SAVANNAH,GA,31401,"165 W BAY ST UNIT 206, SAVANNAH, GA 31401",165 W BAY ST,165 W BAY ST UNIT 206,Normalized,
110 EAST GASTON ST  SAVANNAH GA 31401,1,SVR-02378,2026-10-26,2003245012,Elizabeth Korsedal,vnevinger@gmail.com,3234205938,Type 2: Non-Owner-Occupied STVR Certificate,1,,4,SAVANNAH DOWNTOWN HISTORIC DISTRICT,2003245012,110 E GASTON ST,1,,SAVANNAH,GA,31401,"110 E GASTON ST UNIT 1, SAVANNAH, GA 31401",110 E GASTON ST,110 E GASTON ST UNIT 1,Normalized,
110 EAST GASTON ST  SAVANNAH GA 31401,2,SVR-02379,2027-09-29,2003245012,Elizabeth Korsedal,vnevinger@gmail.com,3234205938,Type 2: Non-Owner-Occupied STVR Certificate,3,1,6,SAVANNAH DOWNTOWN HISTORIC DISTRICT,2003245012,110 E GASTON ST,2,,SAVANNAH,GA,31401,"110 E GASTON ST UNIT 2, SAVANNAH, GA 31401",110 E GASTON ST,110 E GASTON ST UNIT 2,Normalized,
110 EAST GASTON ST  SAVANNAH GA 31401,3,SVR-02380,2027-09-29,2003245012,Elizabeth Korsedal,vnevinger@gmail.com,3234205938,Type 2: Non-Owner-Occupied STVR Certificate,2,1,4,SAVANNAH DOWNTOWN HISTORIC DISTRICT,2003245012,110 E GASTON ST,3,,SAVANNAH,GA,31401,"110 E GASTON ST UNIT 3, SAVANNAH, GA 31401",110 E GASTON ST,110 E GASTON ST UNIT 3,Normalized,
206 WEST DUFFY ST  SAVANNAH GA 31401,C,SVR-02381,2027-08-11,2005216022,SOUTHERN BELLE VACATION RENTALS,stvr@southernbellevr.com,9122890130,Type 2: Non-Owner-Occupied STVR Certificate,2,1,4,VICTORIAN HISTORIC DISTRICT,2005216022,206 W DUFFY ST,C,,SAVANNAH,GA,31401,"206 W DUFFY ST UNIT C, SAVANNAH, GA 31401",206 W DUFFY ST,206 W DUFFY ST UNIT C,Normalized,
407 EAST PERRY LN  SAVANNAH GA 31401,C,SVR-02383,2026-10-07,2001518027,SOUTHERN BELLE VACATION RENTALS,stvr@southernbellevr.com,9122890130,Type 1: Owner-Occupied STVR Certificate,1,,4,SAVANNAH DOWNTOWN HISTORIC DISTRICT,2001518027,407 E PERRY LN,C,,SAVANNAH,GA,31401,"407 E PERRY LN UNIT C, SAVANNAH, GA 31401",407 E PERRY LN,407 E PERRY LN UNIT C,Normalized,
112 WEST WALDBURG ST  SAVANNAH GA 31401,,SVR-02384,2026-10-01,2004418004,Cora Bett Thomas Rentals & Management,stvr@cbtrentals.com,9125036652,Type 2: Non-Owner-Occupied STVR Certificate,3,,6,VICTORIAN HISTORIC DISTRICT,2004418004,112 W WALDBURG ST,,,SAVANNAH,GA,31401,"112 W WALDBURG ST, SAVANNAH, GA 31401",112 W WALDBURG ST,112 W WALDBURG ST,Normalized,
114 WEST WALDBURG ST  SAVANNAH GA 31401,,SVR-02385,2026-10-01,2004418004,Cora Bett Thomas Rentals & Management,stvr@cbtrentals.com,9125036652,Type 2: Non-Owner-Occupied STVR Certificate,3,,6,VICTORIAN HISTORIC DISTRICT,2004418004,114 W WALDBURG ST,,,SAVANNAH,GA,31401,"114 W WALDBURG ST, SAVANNAH, GA 31401",114 W WALDBURG ST,114 W WALDBURG ST,Normalized,
116 WEST WALDBURG ST  SAVANNAH GA 31401,,SVR-02386,2026-10-01,2004418004,Cora Bett Thomas Rentals & Management,stvr@cbtrentals.com,9125036652,Type 2: Non-Owner-Occupied STVR Certificate,3,,6,VICTORIAN HISTORIC DISTRICT,2004418004,116 W WALDBURG ST,,,SAVANNAH,GA,31401,"116 W WALDBURG ST, SAVANNAH, GA 31401",116 W WALDBURG ST,116 W WALDBURG ST,Normalized,
118 WEST WALDBURG ST  SAVANNAH GA 31401,,SVR-02387,2026-10-01,2004418004,Cora Bett Thomas Rentals & Management,stvr@cbtrentals.com,9125036652,Type 2: Non-Owner-Occupied STVR Certificate,3,,6,VICTORIAN HISTORIC DISTRICT,2004418004,118 W WALDBURG ST,,,SAVANNAH,GA,31401,"118 W WALDBURG ST, SAVANNAH, GA 31401",118 W WALDBURG ST,118 W WALDBURG ST,Normalized,
425 EAST BAY ST  SAVANNAH GA 31401,B,SVR-02388,2026-10-14,2000419001,SOUTHERN BELLE VACATION RENTALS,stvr@southernbellevr.com,9122890130,Type 2: Non-Owner-Occupied STVR Certificate,3,,6,SAVANNAH DOWNTOWN HISTORIC DISTRICT,2000419001,425 E BAY ST,B,,SAVANNAH,GA,31401,"425 E BAY ST UNIT B, SAVANNAH, GA 31401",425 E BAY ST,425 E BAY ST UNIT B,Normalized,
416 EAST JONES ST  SAVANNAH GA 31401,,SVR-02389,2027-08-11,2003210013,SOUTHERN BELLE VACATION RENTALS,stvr@southernbellevr.com,9122890130,Type 2: Non-Owner-Occupied STVR Certificate,2,2,4,SAVANNAH DOWNTOWN HISTORIC DISTRICT,2003210013,416 E JONES ST,,,SAVANNAH,GA,31401,"416 E JONES ST, SAVANNAH, GA 31401",416 E JONES ST,416 E JONES ST,Normalized,
241 EAST BROAD ST  SAVANNAH GA 31401,,SVR-02391,2027-08-11,2001411021,Lucky Savannah Vacation Rentals,owners@luckysavannah.com,9124958582,Type 2: Non-Owner-Occupied STVR Certificate,3,,6,SAVANNAH DOWNTOWN HISTORIC DISTRICT,2001411021,241 E BROAD ST,,,SAVANNAH,GA,31401,"241 E BROAD ST, SAVANNAH, GA 31401",241 E BROAD ST,241 E BROAD ST,Normalized,
425 EAST BAY ST  SAVANNAH GA 31401,A,SVR-02392,2026-10-14,2000419001,SOUTHERN BELLE VACATION RENTALS,stvr@southernbellevr.com,9122890130,Type 2: Non-Owner-Occupied STVR Certificate,1,,4,SAVANNAH DOWNTOWN HISTORIC DISTRICT,2000419001,425 E BAY ST,A,,SAVANNAH,GA,31401,"425 E BAY ST UNIT A, SAVANNAH, GA 31401",425 E BAY ST,425 E BAY ST UNIT A,Normalized,
302 EAST PRESIDENT ST  SAVANNAH GA 31401,,SVR-02393,2027-08-11,2000457003,SOUTHERN BELLE VACATION RENTALS,stvr@southernbellevr.com,9122890130,Type 2: Non-Owner-Occupied STVR Certificate,3,1,6,SAVANNAH DOWNTOWN HISTORIC DISTRICT,2000457003,302 E PRESIDENT ST,,,SAVANNAH,GA,31401,"302 E PRESIDENT ST, SAVANNAH, GA 31401",302 E PRESIDENT ST,302 E PRESIDENT ST,Normalized,
232 EAST BROUGHTON ST  SAVANNAH GA 31401,2nd Floor Loft,SVR-02396,2027-09-13,2000440002A,Luxury Living Savannah,reservations@luxurylivingsavannah.com,9129997200,Type 2: Non-Owner-Occupied STVR Certificate,5,1,10,SAVANNAH DOWNTOWN HISTORIC DISTRICT,2000440002A,232 E BROUGHTON ST,2ND FLOOR LOFT,,SAVANNAH,GA,31401,"232 E BROUGHTON ST UNIT 2ND FLOOR LOFT, SAVANNAH, GA 31401",232 E BROUGHTON ST,232 E BROUGHTON ST UNIT 2ND FLOOR LOFT,Normalized,
204 EAST HALL ST  SAVANNAH GA 31401,,SVR-02397,2026-10-19,2004401005,Arise Property Management,contact@stayatarise.com,9123880845,Type 2: Non-Owner-Occupied STVR Certificate,6,,12,SAVANNAH DOWNTOWN HISTORIC DISTRICT,2004401005,204 E HALL ST,,,SAVANNAH,GA,31401,"204 E HALL ST, SAVANNAH, GA 31401",204 E HALL ST,204 E HALL ST,Normalized,
612  ABERCORN ST  SAVANNAH GA 31401,,SVR-02398,2026-10-19,2004401005,Arise Property Management,contact@stayatarise.com,9123880845,Type 2: Non-Owner-Occupied STVR Certificate,2,,4,SAVANNAH DOWNTOWN HISTORIC DISTRICT,2004401005,612 ABERCORN ST,,,SAVANNAH,GA,31401,"612 ABERCORN ST, SAVANNAH, GA 31401",612 ABERCORN ST,612 ABERCORN ST,Normalized,
614  ABERCORN ST  SAVANNAH GA 31401,,SVR-02399,2026-10-19,2004401005,Arise Property Management,contact@stayatarise.com,9123880845,Type 2: Non-Owner-Occupied STVR Certificate,2,,4,SAVANNAH DOWNTOWN HISTORIC DISTRICT,2004401005,614 ABERCORN ST,,,SAVANNAH,GA,31401,"614 ABERCORN ST, SAVANNAH, GA 31401",614 ABERCORN ST,614 ABERCORN ST,Normalized,
311 WEST YORK ST  SAVANNAH GA 31401,A,SVR-02400,2027-08-17,2001636003,NOLA RE Management Group LLC,compliance@stayheirloom.com,5045070523,Type 2: Non-Owner-Occupied STVR Certificate,4,2,8,SAVANNAH DOWNTOWN HISTORIC DISTRICT,2001636003,311 W YORK ST,A,,SAVANNAH,GA,31401,"311 W YORK ST UNIT A, SAVANNAH, GA 31401",311 W YORK ST,311 W YORK ST UNIT A,Normalized,
311 WEST YORK ST  SAVANNAH GA 31401,B,SVR-02401,2027-08-17,2001636003,NOLA RE Management Group LLC,compliance@stayheirloom.com,5045070523,Type 2: Non-Owner-Occupied STVR Certificate,1,1,4,SAVANNAH DOWNTOWN HISTORIC DISTRICT,2001636003,311 W YORK ST,B,,SAVANNAH,GA,31401,"311 W YORK ST UNIT B, SAVANNAH, GA 31401",311 W YORK ST,311 W YORK ST UNIT B,Normalized,
204 WEST GWINNETT ST  SAVANNAH GA 31401,,SVR-02402,2026-10-22,2004531016,South Key Management Company,chase@southkeymgmt.com,9128001321,Type 2: Non-Owner-Occupied STVR Certificate,3,1,6,SAVANNAH DOWNTOWN HISTORIC DISTRICT,2004531016,204 W GWINNETT ST,,,SAVANNAH,GA,31401,"204 W GWINNETT ST, SAVANNAH, GA 31401",204 W GWINNETT ST,204 W GWINNETT ST,Normalized,
204 WEST GWINNETT ST  SAVANNAH GA 31401,B,SVR-02403,2026-10-22,2004531016,South Key Management Company,chase@southkeymgmt.com,9128001321,Type 2: Non-Owner-Occupied STVR Certificate,1,,4,SAVANNAH DOWNTOWN HISTORIC DISTRICT,2004531016,204 W GWINNETT ST,B,,SAVANNAH,GA,31401,"204 W GWINNETT ST UNIT B, SAVANNAH, GA 31401",204 W GWINNETT ST,204 W GWINNETT ST UNIT B,Normalized,
707  TATTNALL ST  SAVANNAH GA 31401,,SVR-02405,2027-08-25,2004530010,Lucky Savannah Vacation Rentals,owners@luckysavannah.com,9124958582,Type 2: Non-Owner-Occupied STVR Certificate,3,3,6,SAVANNAH DOWNTOWN HISTORIC DISTRICT,2004530010,707 TATTNALL ST,,,SAVANNAH,GA,31401,"707 TATTNALL ST, SAVANNAH, GA 31401",707 TATTNALL ST,707 TATTNALL ST,Normalized,
311 WEST GWINNETT ST  SAVANNAH GA 31401,,SVR-00235,2027-05-26,2005202015,Mitchell Mackler,mackler@yahoo.com,7324229612,Type 2: Non-Owner-Occupied STVR Certificate,3,1,6,VICTORIAN HISTORIC DISTRICT,2005202015,311 W GWINNETT ST,,,SAVANNAH,GA,31401,"311 W GWINNETT ST, SAVANNAH, GA 31401",311 W GWINNETT ST,311 W GWINNETT ST,Normalized,
536 EAST CHARLTON ST  SAVANNAH GA 31401,,SVR-02408,2027-08-30,2001418037,Janet Wagner,jwmgmt912@gmail.com,9125705070,Type 2: Non-Owner-Occupied STVR Certificate,1,,4,SAVANNAH DOWNTOWN HISTORIC DISTRICT,2001418037,536 E CHARLTON ST,,,SAVANNAH,GA,31401,"536 E CHARLTON ST, SAVANNAH, GA 31401",536 E CHARLTON ST,536 E CHARLTON ST,Normalized,
227 WEST BROUGHTON ST  SAVANNAH GA 31401,6,SVR-02409,2026-09-07,2001625017,John Dillon d/b/a Moss & Oak LLC,mossandoaksavannah@gmail.com,9126929393,Type 2: Non-Owner-Occupied STVR Certificate,2,,4,SAVANNAH DOWNTOWN HISTORIC DISTRICT,2001625017,227 W BROUGHTON ST,6,,SAVANNAH,GA,31401,"227 W BROUGHTON ST UNIT 6, SAVANNAH, GA 31401",227 W BROUGHTON ST,227 W BROUGHTON ST UNIT 6,Normalized,
441   PORT ST  SAVANNAH GA 31401,,SVR-02412,2026-09-17,20006A01027,Lucky Savannah Vacation Rentals,owners@luckysavannah.com,9124958582,Type 2: Non-Owner-Occupied STVR Certificate,3,4,6,EmptyFieldDisplayStrategy.HIDE,20006A01027,441 PORT ST,,,SAVANNAH,GA,31401,"441 PORT ST, SAVANNAH, GA 31401",441 PORT ST,441 PORT ST,Normalized,
126 EAST OGLETHORPE AVE  SAVANNAH GA 31401,,SVR-02413,2026-10-04,2001507004,Anderson VIP Concierge LLC,mary@savannahluxuryrentals.com,9125252022,Type 2: Non-Owner-Occupied STVR Certificate,4,1,8,SAVANNAH DOWNTOWN HISTORIC DISTRICT,2001507004,126 E OGLETHORPE AVE,,,SAVANNAH,GA,31401,"126 E OGLETHORPE AVE, SAVANNAH, GA 31401",126 E OGLETHORPE AVE,126 E OGLETHORPE AVE,Normalized,
210 EAST STATE ST  SAVANNAH GA 31401,17,SVR-02414,2026-11-01,2000447026,Krista Powell,kdpphotography.kp@gmail.com,9126874182,Type 2: Non-Owner-Occupied STVR Certificate,1,,4,SAVANNAH DOWNTOWN HISTORIC DISTRICT,2000447026,210 E STATE ST,17,,SAVANNAH,GA,31401,"210 E STATE ST UNIT 17, SAVANNAH, GA 31401",210 E STATE ST,210 E STATE ST UNIT 17,Normalized,
211 EAST CHARLTON LN  SAVANNAH GA 31401,,SVR-02415,2026-10-04,2003208031,South Key Management Company,chase@southkeymgmt.com,9128001321,Type 2: Non-Owner-Occupied STVR Certificate,1,,4,SAVANNAH DOWNTOWN HISTORIC DISTRICT,2003208031,211 E CHARLTON LN,,,SAVANNAH,GA,31401,"211 E CHARLTON LN, SAVANNAH, GA 31401",211 E CHARLTON LN,211 E CHARLTON LN,Normalized,
554 EAST LIBERTY ST  SAVANNAH GA 31401,,SVR-02416,2027-10-06,2001411022,Brittany Goodner,andrew.coody@gmail.com,9122753241,Type 2: Non-Owner-Occupied STVR Certificate,1,,4,SAVANNAH DOWNTOWN HISTORIC DISTRICT,2001411022,554 E LIBERTY ST,,,SAVANNAH,GA,31401,"554 E LIBERTY ST, SAVANNAH, GA 31401",554 E LIBERTY ST,554 E LIBERTY ST,Normalized,
722  PRICE ST  SAVANNAH GA 31401,,SVR-02417,2026-10-04,2004302055,Vacasa LLC,permitting@vacasa.com,5033459399,Type 2: Non-Owner-Occupied STVR Certificate,3,1,6,SAVANNAH DOWNTOWN HISTORIC DISTRICT,2004302055,722 PRICE ST,,,SAVANNAH,GA,31401,"722 PRICE ST, SAVANNAH, GA 31401",722 PRICE ST,722 PRICE ST,Normalized,
339  WHITAKER ST  SAVANNAH GA 31401,2,SVR-02418,2026-10-07,2001545023,South Key Management Company,chase@southkeymgmt.com,9128001321,Type 2: Non-Owner-Occupied STVR Certificate,2,,4,SAVANNAH DOWNTOWN HISTORIC DISTRICT,2001545023,339 WHITAKER ST,2,,SAVANNAH,GA,31401,"339 WHITAKER ST UNIT 2, SAVANNAH, GA 31401",339 WHITAKER ST,339 WHITAKER ST UNIT 2,Normalized,
302 EAST PARK AVE  SAVANNAH GA 31401,B,SVR-02424,2026-10-13,2004428015,South Key Management Company,chase@southkeymgmt.com,9128001321,Type 1: Owner-Occupied STVR Certificate,1,,4,VICTORIAN HISTORIC DISTRICT,2004428015,302 E PARK AVE,B,,SAVANNAH,GA,31401,"302 E PARK AVE UNIT B, SAVANNAH, GA 31401",302 E PARK AVE,302 E PARK AVE UNIT B,Normalized,
331 EAST BROAD ST  SAVANNAH GA 31401,,SVR-02425,2026-11-01,2001418056,Sandra Cass,beachroadeastcoast@gmail.com,5617624757,Type 2: Non-Owner-Occupied STVR Certificate,2,,4,SAVANNAH DOWNTOWN HISTORIC DISTRICT,2001418056,331 E BROAD ST,,,SAVANNAH,GA,31401,"331 E BROAD ST, SAVANNAH, GA 31401",331 E BROAD ST,331 E BROAD ST,Normalized,
333 EAST BROAD ST  SAVANNAH GA 31401,,SVR-02426,2026-11-01,2001418056,Sandra Cass,beachroadeastcoast@gmail.com,5617624757,Type 2: Non-Owner-Occupied STVR Certificate,2,,4,SAVANNAH DOWNTOWN HISTORIC DISTRICT,2001418056,333 E BROAD ST,,,SAVANNAH,GA,31401,"333 E BROAD ST, SAVANNAH, GA 31401",333 E BROAD ST,333 E BROAD ST,Normalized,
109 WEST JONES ST  SAVANNAH GA 31401,A,SVR-02427,2026-11-02,2003217006,Sandra Cass,beachroadeastcoast@gmail.com,5617624757,Type 2: Non-Owner-Occupied STVR Certificate,3,1,6,SAVANNAH DOWNTOWN HISTORIC DISTRICT,2003217006,109 W JONES ST,A,,SAVANNAH,GA,31401,"109 W JONES ST UNIT A, SAVANNAH, GA 31401",109 W JONES ST,109 W JONES ST UNIT A,Normalized,
109 WEST JONES ST  SAVANNAH GA 31401,B,SVR-02428,2026-11-02,2003217006,Sandra Cass,beachroadeastcoast@gmail.com,5617624757,Type 2: Non-Owner-Occupied STVR Certificate,2,,4,SAVANNAH DOWNTOWN HISTORIC DISTRICT,2003217006,109 W JONES ST,B,,SAVANNAH,GA,31401,"109 W JONES ST UNIT B, SAVANNAH, GA 31401",109 W JONES ST,109 W JONES ST UNIT B,Normalized,
109 WEST JONES ST  SAVANNAH GA 31401,D,SVR-02429,2026-11-02,2003217006,Sandra Cass,beachroadeastcoast@gmail.com,5617624757,Type 2: Non-Owner-Occupied STVR Certificate,1,,4,SAVANNAH DOWNTOWN HISTORIC DISTRICT,2003217006,109 W JONES ST,D,,SAVANNAH,GA,31401,"109 W JONES ST UNIT D, SAVANNAH, GA 31401",109 W JONES ST,109 W JONES ST UNIT D,Normalized,
109 WEST JONES ST  SAVANNAH GA 31401,E,SVR-02430,2026-11-02,2003217006,Sandra Cass,beachroadeastcoast@gmail.com,5617624757,Type 2: Non-Owner-Occupied STVR Certificate,1,,4,SAVANNAH DOWNTOWN HISTORIC DISTRICT,2003217006,109 W JONES ST,E,,SAVANNAH,GA,31401,"109 W JONES ST UNIT E, SAVANNAH, GA 31401",109 W JONES ST,109 W JONES ST UNIT E,Normalized,
109 WEST JONES ST  SAVANNAH GA 31401,F,SVR-02431,2026-11-02,2003217006,Sandra Cass,beachroadeastcoast@gmail.com,5617624757,Type 2: Non-Owner-Occupied STVR Certificate,1,1,4,SAVANNAH DOWNTOWN HISTORIC DISTRICT,2003217006,109 W JONES ST,F,,SAVANNAH,GA,31401,"109 W JONES ST UNIT F, SAVANNAH, GA 31401",109 W JONES ST,109 W JONES ST UNIT F,Normalized,
110  BARNARD ST  SAVANNAH GA 31401,310,SVR-02432,2026-10-20,2000443021,Anderson VIP VIP Concierge LLC,mary@savannahluxuryrentals.com,9125252022,Type 2: Non-Owner-Occupied STVR Certificate,2,,4,SAVANNAH DOWNTOWN HISTORIC DISTRICT,2000443021,110 BARNARD ST,310,,SAVANNAH,GA,31401,"110 BARNARD ST UNIT 310, SAVANNAH, GA 31401",110 BARNARD ST,110 BARNARD ST UNIT 310,Normalized,
212 WEST BAY ST  SAVANNAH GA 31401,3,SVR-02435,2026-10-20,2000309020,Arise Property Management,contact@stayatarise.com,9123880845,Type 2: Non-Owner-Occupied STVR Certificate,3,1,6,SAVANNAH DOWNTOWN HISTORIC DISTRICT,2000309020,212 W BAY ST,3,,SAVANNAH,GA,31401,"212 W BAY ST UNIT 3, SAVANNAH, GA 31401",212 W BAY ST,212 W BAY ST UNIT 3,Normalized,
116 WEST GORDON LN  SAVANNAH GA 31401,Carriage House,SVR-02436,2026-10-20,2003242020,South Key Management Company,chase@southkeymgmt.com,9128001321,Type 1: Owner-Occupied STVR Certificate,2,,4,SAVANNAH DOWNTOWN HISTORIC DISTRICT,2003242020,116 W GORDON LN,CARRIAGE HOUSE,,SAVANNAH,GA,31401,"116 W GORDON LN UNIT CARRIAGE HOUSE, SAVANNAH, GA 31401",116 W GORDON LN,116 W GORDON LN UNIT CARRIAGE HOUSE,Normalized,
211 WEST GWINNETT ST  SAVANNAH GA 31401,Carriage House,SVR-02439,2026-11-01,2004409014,Southern Belle Vacation Rentals,stvr@southernbellevr.com,9122890130,Type 1: Owner-Occupied STVR Certificate,1,1,4,VICTORIAN HISTORIC DISTRICT,2004409014,211 W GWINNETT ST,CARRIAGE HOUSE,,SAVANNAH,GA,31401,"211 W GWINNETT ST UNIT CARRIAGE HOUSE, SAVANNAH, GA 31401",211 W GWINNETT ST,211 W GWINNETT ST UNIT CARRIAGE HOUSE,Normalized,
207 EAST RIVER ST  SAVANNAH GA 31401,,SVR-02446,2026-11-23,2000411005,24square Inc,24squaresavannah@gmail.com,9787667088,Type 2: Non-Owner-Occupied STVR Certificate,2,1,4,SAVANNAH DOWNTOWN HISTORIC DISTRICT,2000411005,207 E RIVER ST,,,SAVANNAH,GA,31401,"207 E RIVER ST, SAVANNAH, GA 31401",207 E RIVER ST,207 E RIVER ST,Normalized,
405  PORT ST  SAVANNAH GA 31401,,SVR-02452,2026-11-19,20006A01018,Ryan Belfry,405portstreet@gmail.com,9196962413,Type 2: Non-Owner-Occupied STVR Certificate,3,4,6,EmptyFieldDisplayStrategy.HIDE,20006A01018,405 PORT ST,,,SAVANNAH,GA,31401,"405 PORT ST, SAVANNAH, GA 31401",405 PORT ST,405 PORT ST,Normalized,
537 EAST MACON ST  SAVANNAH GA 31401,,SVR-02453,2026-12-20,2001418048,Nicholas Sam,sleetenterprises@gmail.com,7162568009,Type 2: Non-Owner-Occupied STVR Certificate,1,2,4,SAVANNAH DOWNTOWN HISTORIC DISTRICT,2001418048,537 E MACON ST,,,SAVANNAH,GA,31401,"537 E MACON ST, SAVANNAH, GA 31401",537 E MACON ST,537 E MACON ST,Normalized,
235  ABERCORN ST  SAVANNAH GA 31401,C,SVR-02454,2026-11-17,2001530004,Mary Anderson d/b/a Anderson VIP Concierge LLC,mary@savannahluxuryrentals.com,9125252022,Type 2: Non-Owner-Occupied STVR Certificate,2,1,4,SAVANNAH DOWNTOWN HISTORIC DISTRICT,2001530004,235 ABERCORN ST,C,,SAVANNAH,GA,31401,"235 ABERCORN ST UNIT C, SAVANNAH, GA 31401",235 ABERCORN ST,235 ABERCORN ST UNIT C,Normalized,
235  ABERCORN ST  SAVANNAH GA 31401,PARLOR,SVR-02455,2026-11-17,2001530004,Mary Anderson d/b/a Anderson VIP Concierge LLC,mary@savannahluxuryrentals.com,9125252022,Type 2: Non-Owner-Occupied STVR Certificate,1,1,4,SAVANNAH DOWNTOWN HISTORIC DISTRICT,2001530004,235 ABERCORN ST,PARLOR,,SAVANNAH,GA,31401,"235 ABERCORN ST UNIT PARLOR, SAVANNAH, GA 31401",235 ABERCORN ST,235 ABERCORN ST UNIT PARLOR,Normalized,
235  ABERCORN ST  SAVANNAH GA 31401,GARDEN,SVR-02456,2026-11-17,2001530004,Mary Anderson d/b/a Anderson VIP Concierge LLC,mary@savannahluxuryrentals.com,9125252022,Type 2: Non-Owner-Occupied STVR Certificate,1,,4,SAVANNAH DOWNTOWN HISTORIC DISTRICT,2001530004,235 ABERCORN ST,GARDEN,,SAVANNAH,GA,31401,"235 ABERCORN ST UNIT GARDEN, SAVANNAH, GA 31401",235 ABERCORN ST,235 ABERCORN ST UNIT GARDEN,Normalized,
14 EAST TAYLOR ST  SAVANNAH GA 31401,A,SVR-02457,2026-11-17,2003215015,Luxury Living Savannah LLC,reservations@luxurylivingsavannah.com,9129997200,Type 2: Non-Owner-Occupied STVR Certificate,5,3,10,SAVANNAH DOWNTOWN HISTORIC DISTRICT,2003215015,14 E TAYLOR ST,A,,SAVANNAH,GA,31401,"14 E TAYLOR ST UNIT A, SAVANNAH, GA 31401",14 E TAYLOR ST,14 E TAYLOR ST UNIT A,Normalized,
14 EAST TAYLOR ST  SAVANNAH GA 31401,B,SVR-02458,2026-11-17,2003215015,Luxury Living Savannah LLC,reservations@luxurylivingsavannah.com,9129997200,Type 2: Non-Owner-Occupied STVR Certificate,2,1,4,SAVANNAH DOWNTOWN HISTORIC DISTRICT,2003215015,14 E TAYLOR ST,B,,SAVANNAH,GA,31401,"14 E TAYLOR ST UNIT B, SAVANNAH, GA 31401",14 E TAYLOR ST,14 E TAYLOR ST UNIT B,Normalized,
14 EAST TAYLOR ST  SAVANNAH GA 31401,C,SVR-02459,2026-11-17,2003215015,Luxury Living Savannah LLC,reservations@luxurylivingsavannah.com,9129997200,Type 2: Non-Owner-Occupied STVR Certificate,1,1,4,SAVANNAH DOWNTOWN HISTORIC DISTRICT,2003215015,14 E TAYLOR ST,C,,SAVANNAH,GA,31401,"14 E TAYLOR ST UNIT C, SAVANNAH, GA 31401",14 E TAYLOR ST,14 E TAYLOR ST UNIT C,Normalized,
132 EAST OGLETHORPE AVE  SAVANNAH GA 31401,,SVR-02460,2027-02-25,2001507003,Andrea Robertson,arobertson@inmanpark.com,9124841112,Type 2: Non-Owner-Occupied STVR Certificate,2,,4,SAVANNAH DOWNTOWN HISTORIC DISTRICT,2001507003,132 E OGLETHORPE AVE,,,SAVANNAH,GA,31401,"132 E OGLETHORPE AVE, SAVANNAH, GA 31401",132 E OGLETHORPE AVE,132 E OGLETHORPE AVE,Normalized,
210 EAST STATE ST  SAVANNAH GA 31401,33,SVR-02463,2027-07-18,2000447042,Kaelin Durst,info@stayopulence.com,9122173388,Type 2: Non-Owner-Occupied STVR Certificate,1,,4,SAVANNAH DOWNTOWN HISTORIC DISTRICT,2000447042,210 E STATE ST,33,,SAVANNAH,GA,31401,"210 E STATE ST UNIT 33, SAVANNAH, GA 31401",210 E STATE ST,210 E STATE ST UNIT 33,Normalized,
417  PORT ST  SAVANNAH GA 31401,,SVR-02464,2026-12-03,20006A01021,Lucky Savannah Vacation Rentals,owners@luckysavannah.com,9124958582,Type 2: Non-Owner-Occupied STVR Certificate,3,2,6,EmptyFieldDisplayStrategy.HIDE,20006A01021,417 PORT ST,,,SAVANNAH,GA,31401,"417 PORT ST, SAVANNAH, GA 31401",417 PORT ST,417 PORT ST,Normalized,
220 EAST JONES LN  SAVANNAH GA 31401,,SVR-02465,2026-12-03,2003213009,Lucky Savannah Vacation Rentals,owners@luckysavannah.com,9124958582,Type 2: Non-Owner-Occupied STVR Certificate,1,,4,SAVANNAH DOWNTOWN HISTORIC DISTRICT,2003213009,220 E JONES LN,,,SAVANNAH,GA,31401,"220 E JONES LN, SAVANNAH, GA 31401",220 E JONES LN,220 E JONES LN,Normalized,
409 WEST 36TH ST  SAVANNAH GA 31401,B,SVR-02466,2027-01-18,2007311003,Joe DeCarlo d/b/a Greendew Property Management,decarlojoe0@gmail.com,5868199314,Type 1: Owner-Occupied STVR Certificate,3,4,6,STREETCAR HISTORIC DISTRICT,2007311003,409 W 36TH ST,B,,SAVANNAH,GA,31401,"409 W 36TH ST UNIT B, SAVANNAH, GA 31401",409 W 36TH ST,409 W 36TH ST UNIT B,Normalized,
165 WEST BAY ST  SAVANNAH GA 31401,303,SVR-02467,2026-12-02,2000413044,South Key Management Company,chase@southkeymgmt.com,9128001321,Type 2: Non-Owner-Occupied STVR Certificate,2,,4,SAVANNAH DOWNTOWN HISTORIC DISTRICT,2000413044,165 W BAY ST,303,,SAVANNAH,GA,31401,"165 W BAY ST UNIT 303, SAVANNAH, GA 31401",165 W BAY ST,165 W BAY ST UNIT 303,Normalized,
209 WEST JONES ST  SAVANNAH GA 31401,,SVR-02468,2026-12-03,2003218003,South Key Management Company,chase@southkeymgmt.com,9128001321,Type 2: Non-Owner-Occupied STVR Certificate,3,1,6,SAVANNAH DOWNTOWN HISTORIC DISTRICT,2003218003,209 W JONES ST,,,SAVANNAH,GA,31401,"209 W JONES ST, SAVANNAH, GA 31401",209 W JONES ST,209 W JONES ST,Normalized,
209 WEST JONES ST  SAVANNAH GA 31401,B,SVR-02469,2026-12-03,2003218003,South Key Management Company,chase@southkeymgmt.com,9128001321,Type 2: Non-Owner-Occupied STVR Certificate,1,1,4,SAVANNAH DOWNTOWN HISTORIC DISTRICT,2003218003,209 W JONES ST,B,,SAVANNAH,GA,31401,"209 W JONES ST UNIT B, SAVANNAH, GA 31401",209 W JONES ST,209 W JONES ST UNIT B,Normalized,
21 WEST PERRY ST  SAVANNAH GA 31401,Main House,SVR-02470,2027-02-15,2001528003,Southern Belle Vacation Rentals,stvr@southernbellevr.com,9122890130,Type 2: Non-Owner-Occupied STVR Certificate,5,1,10,SAVANNAH DOWNTOWN HISTORIC DISTRICT,2001528003,21 W PERRY ST,MAIN HOUSE,,SAVANNAH,GA,31401,"21 W PERRY ST UNIT MAIN HOUSE, SAVANNAH, GA 31401",21 W PERRY ST,21 W PERRY ST UNIT MAIN HOUSE,Normalized,
21 WEST PERRY ST  SAVANNAH GA 31401,2,SVR-02471,2027-02-15,2001528003,Southern Belle Vacation Rentals,stvr@southernbellevr.com,9122890130,Type 2: Non-Owner-Occupied STVR Certificate,1,1,4,SAVANNAH DOWNTOWN HISTORIC DISTRICT,2001528003,21 W PERRY ST,2,,SAVANNAH,GA,31401,"21 W PERRY ST UNIT 2, SAVANNAH, GA 31401",21 W PERRY ST,21 W PERRY ST UNIT 2,Normalized,
21 WEST PERRY ST  SAVANNAH GA 31401,Carriage House,SVR-02472,2027-02-15,2001528003,Southern Belle Vacation Rentals,stvr@southernbellevr.com,9122890130,Type 2: Non-Owner-Occupied STVR Certificate,1,1,4,SAVANNAH DOWNTOWN HISTORIC DISTRICT,2001528003,21 W PERRY ST,CARRIAGE HOUSE,,SAVANNAH,GA,31401,"21 W PERRY ST UNIT CARRIAGE HOUSE, SAVANNAH, GA 31401",21 W PERRY ST,21 W PERRY ST UNIT CARRIAGE HOUSE,Normalized,
315  LORCH ST  SAVANNAH GA 31401,A,SVR-02474,2027-02-12,2004526018,Jacob Boss,bossfineproperties@gmail.com,7248094222,Type 2: Non-Owner-Occupied STVR Certificate,3,1,6,SAVANNAH DOWNTOWN HISTORIC DISTRICT,2004526018,315 LORCH ST,A,,SAVANNAH,GA,31401,"315 LORCH ST UNIT A, SAVANNAH, GA 31401",315 LORCH ST,315 LORCH ST UNIT A,Normalized,
516 EAST HARRIS ST  SAVANNAH GA 31401,,SVR-00025,2027-03-05,2001413013,Kevin Escobar,kevin@kescohomes.com,6319548427,Type 2: Non-Owner-Occupied STVR Certificate,2,,4,SAVANNAH DOWNTOWN HISTORIC DISTRICT,2001413013,516 E HARRIS ST,,,SAVANNAH,GA,31401,"516 E HARRIS ST, SAVANNAH, GA 31401",516 E HARRIS ST,516 E HARRIS ST,Normalized,
412  PRICE ST  SAVANNAH GA 31401,,SVR-02479,2026-12-20,2003301036,Lucky Savannah Vacation Rentals,owners@luckysavannah.com,9124958582,Type 2: Non-Owner-Occupied STVR Certificate,2,1,4,SAVANNAH DOWNTOWN HISTORIC DISTRICT,2003301036,412 PRICE ST,,,SAVANNAH,GA,31401,"412 PRICE ST, SAVANNAH, GA 31401",412 PRICE ST,412 PRICE ST,Normalized,
18 EAST 41ST ST  SAVANNAH GA 31401,,SVR-02482,2027-04-13,2007404015,Frederic Theriault,fredtee81@gmail.com,9128568295,Type 2: Non-Owner-Occupied STVR Certificate,3,,6,STREETCAR HISTORIC DISTRICT,2007404015,18 E 41ST ST,,,SAVANNAH,GA,31401,"18 E 41ST ST, SAVANNAH, GA 31401",18 E 41ST ST,18 E 41ST ST,Normalized,
435  TATTNALL ST  SAVANNAH GA 31401,,SVR-02485,2027-03-09,2003240004,John Strother III,jack@savlawyer.com,9126639098,Type 2: Non-Owner-Occupied STVR Certificate,3,,6,SAVANNAH DOWNTOWN HISTORIC DISTRICT,2003240004,435 TATTNALL ST,,,SAVANNAH,GA,31401,"435 TATTNALL ST, SAVANNAH, GA 31401",435 TATTNALL ST,435 TATTNALL ST,Normalized,
219 WEST HALL ST  SAVANNAH GA 31401,,SVR-02486,2027-01-04,2004530009,Southern Belle Vacation Rentals,stvr@southernbellevr.com,9122890130,Type 2: Non-Owner-Occupied STVR Certificate,2,1,4,SAVANNAH DOWNTOWN HISTORIC DISTRICT,2004530009,219 W HALL ST,,,SAVANNAH,GA,31401,"219 W HALL ST, SAVANNAH, GA 31401",219 W HALL ST,219 W HALL ST,Normalized,
316 WEST WALDBURG ST  SAVANNAH GA 31401,,SVR-02487,2027-01-04,2005203009,Southern Belle Vacation Rentals,stvr@southernbellevr.com,9122890130,Type 2: Non-Owner-Occupied STVR Certificate,2,2,4,VICTORIAN HISTORIC DISTRICT,2005203009,316 W WALDBURG ST,,,SAVANNAH,GA,31401,"316 W WALDBURG ST, SAVANNAH, GA 31401",316 W WALDBURG ST,316 W WALDBURG ST,Normalized,
105 WEST OGLETHORPE AVE  SAVANNAH GA 31401,201,SVR-02488,2027-01-10,2001512003,South Key Management Company,chase@southkeymgmt.com,9128001321,Type 2: Non-Owner-Occupied STVR Certificate,2,,4,SAVANNAH DOWNTOWN HISTORIC DISTRICT,2001512003,105 W OGLETHORPE AVE,201,,SAVANNAH,GA,31401,"105 W OGLETHORPE AVE UNIT 201, SAVANNAH, GA 31401",105 W OGLETHORPE AVE,105 W OGLETHORPE AVE UNIT 201,Normalized,
202 WEST BOLTON ST  SAVANNAH GA 31401,A,SVR-00243,2027-07-15,2004409002,James Ashman,jaje91@comcast.net,9126048990,Type 2: Non-Owner-Occupied STVR Certificate,1,,4,VICTORIAN HISTORIC DISTRICT,2004409002,202 W BOLTON ST,A,,SAVANNAH,GA,31401,"202 W BOLTON ST UNIT A, SAVANNAH, GA 31401",202 W BOLTON ST,202 W BOLTON ST UNIT A,Normalized,
418 EAST DUFFY ST  SAVANNAH GA 31401,A,SVR-02490,2027-01-19,2005301003,Megan Shew,mshew72@gmail.com,9123460745,Type 1: Owner-Occupied STVR Certificate,2,1,4,VICTORIAN HISTORIC DISTRICT,2005301003,418 E DUFFY ST,A,,SAVANNAH,GA,31401,"418 E DUFFY ST UNIT A, SAVANNAH, GA 31401",418 E DUFFY ST,418 E DUFFY ST UNIT A,Normalized,
418 EAST DUFFY ST  SAVANNAH GA 31401,B,SVR-02491,2027-01-19,2005301003,Megan Shew,mshew72@gmail.com,9123460745,Type 1: Owner-Occupied STVR Certificate,2,1,4,VICTORIAN HISTORIC DISTRICT,2005301003,418 E DUFFY ST,B,,SAVANNAH,GA,31401,"418 E DUFFY ST UNIT B, SAVANNAH, GA 31401",418 E DUFFY ST,418 E DUFFY ST UNIT B,Normalized,
417 EAST PARK LN  SAVANNAH GA 31401,A,SVR-02492,2027-01-19,2005301003,Megan Shew,mshew72@gmail.com,9123460745,Type 1: Owner-Occupied STVR Certificate,2,1,4,VICTORIAN HISTORIC DISTRICT,2005301003,417 E PARK LN,A,,SAVANNAH,GA,31401,"417 E PARK LN UNIT A, SAVANNAH, GA 31401",417 E PARK LN,417 E PARK LN UNIT A,Normalized,
116 WEST LIBERTY ST  SAVANNAH GA 31401,B,SVR-02493,2027-01-18,2001527023,Lucky Savannah Vacation Rentals,owners@luckysavannah.com,9124958582,Type 2: Non-Owner-Occupied STVR Certificate,2,2,4,SAVANNAH DOWNTOWN HISTORIC DISTRICT,2001527023,116 W LIBERTY ST,B,,SAVANNAH,GA,31401,"116 W LIBERTY ST UNIT B, SAVANNAH, GA 31401",116 W LIBERTY ST,116 W LIBERTY ST UNIT B,Normalized,
339  BARNARD ST  SAVANNAH GA 31401,,SVR-02494,2027-01-18,2003128001,Lucky Savannah Vacation Rentals,owners@luckysavannah.com,9124958582,Type 2: Non-Owner-Occupied STVR Certificate,2,,4,SAVANNAH DOWNTOWN HISTORIC DISTRICT,2003128001,339 BARNARD ST,,,SAVANNAH,GA,31401,"339 BARNARD ST, SAVANNAH, GA 31401",339 BARNARD ST,339 BARNARD ST,Normalized,
201 WEST CHARLTON ST  SAVANNAH GA 31401,A,SVR-02495,2027-01-18,2003128001,Lucky Savannah Vacation Rentals,owners@luckysavannah.com,9124958582,Type 2: Non-Owner-Occupied STVR Certificate,5,1,10,SAVANNAH DOWNTOWN HISTORIC DISTRICT,2003128001,201 W CHARLTON ST,A,,SAVANNAH,GA,31401,"201 W CHARLTON ST UNIT A, SAVANNAH, GA 31401",201 W CHARLTON ST,201 W CHARLTON ST UNIT A,Normalized,
201 WEST CHARLTON ST  SAVANNAH GA 31401,B,SVR-02496,2027-01-18,2003128001,Lucky Savannah Vacation Rentals,owners@luckysavannah.com,9124958582,Type 2: Non-Owner-Occupied STVR Certificate,1,,4,SAVANNAH DOWNTOWN HISTORIC DISTRICT,2003128001,201 W CHARLTON ST,B,,SAVANNAH,GA,31401,"201 W CHARLTON ST UNIT B, SAVANNAH, GA 31401",201 W CHARLTON ST,201 W CHARLTON ST UNIT B,Normalized,
105 EAST DUFFY ST  SAVANNAH GA 31401,C,SVR-02497,2026-11-20,2005303011,NOLA RE Management Group LLC,compliance@stayheirloom.com,5045070523,Type 2: Non-Owner-Occupied STVR Certificate,5,3,10,VICTORIAN HISTORIC DISTRICT,2005303011,105 E DUFFY ST,C,,SAVANNAH,GA,31401,"105 E DUFFY ST UNIT C, SAVANNAH, GA 31401",105 E DUFFY ST,105 E DUFFY ST UNIT C,Normalized,
111 EAST JONES ST  SAVANNAH GA 31401,LOWER,SVR-02498,2027-01-19,2003214005,Southern Belle Vacation Rentals,stvr@southernbellevr.com,9122890130,Type 1: Owner-Occupied STVR Certificate,2,,4,SAVANNAH DOWNTOWN HISTORIC DISTRICT,2003214005,111 E JONES ST,LOWER,,SAVANNAH,GA,31401,"111 E JONES ST UNIT LOWER, SAVANNAH, GA 31401",111 E JONES ST,111 E JONES ST UNIT LOWER,Normalized,
21 EAST YORK ST  SAVANNAH GA 31401,B,SVR-00244,2027-03-04,2001508007,Cora Bett Thomas Rentals & Management,stvr@cbtrentals.com,9125036652,Type 2: Non-Owner-Occupied STVR Certificate,3,2,6,SAVANNAH DOWNTOWN HISTORIC DISTRICT,2001508007,21 E YORK ST,B,,SAVANNAH,GA,31401,"21 E YORK ST UNIT B, SAVANNAH, GA 31401",21 E YORK ST,21 E YORK ST UNIT B,Normalized,
117  LINCOLN ST  SAVANNAH GA 31401,5-A,SVR-02499,2027-02-13,2000447056,Alyssa Acker dba Hosting Savannah LLC,hostingsavannah@gmail.com,4436104230,Type 2: Non-Owner-Occupied STVR Certificate,2,,4,SAVANNAH DOWNTOWN HISTORIC DISTRICT,2000447056,117 LINCOLN ST,5-A,,SAVANNAH,GA,31401,"117 LINCOLN ST UNIT 5-A, SAVANNAH, GA 31401",117 LINCOLN ST,117 LINCOLN ST UNIT 5-A,Normalized,
212 WEST HARRIS ST  SAVANNAH GA 31401,,SVR-02500,2027-02-23,2003116010,Southern Belle Vacation Rentals,stvr@southernbellevr.com,9122890130,Type 1: Owner-Occupied STVR Certificate,3,1,6,SAVANNAH DOWNTOWN HISTORIC DISTRICT,2003116010,212 W HARRIS ST,,,SAVANNAH,GA,31401,"212 W HARRIS ST, SAVANNAH, GA 31401",212 W HARRIS ST,212 W HARRIS ST,Normalized,
317 WEST HUNTINGDON ST  SAVANNAH GA 31401,B,SVR-02503,2027-02-14,2004525006,Julie Gates d/b/a Sid Was Here Property Management,sid@sidwashere.com,9125744473,Type 2: Non-Owner-Occupied STVR Certificate,2,,4,SAVANNAH DOWNTOWN HISTORIC DISTRICT,2004525006,317 W HUNTINGDON ST,B,,SAVANNAH,GA,31401,"317 W HUNTINGDON ST UNIT B, SAVANNAH, GA 31401",317 W HUNTINGDON ST,317 W HUNTINGDON ST UNIT B,Normalized,
18 EAST 39TH ST  SAVANNAH GA 31401,B,SVR-02505,2027-01-27,2006530009,Wendy Picone,spunky02@yahoo.com,3305541458,Type 1: Owner-Occupied STVR Certificate,3,,6,STREETCAR HISTORIC DISTRICT,2006530009,18 E 39TH ST,B,,SAVANNAH,GA,31401,"18 E 39TH ST UNIT B, SAVANNAH, GA 31401",18 E 39TH ST,18 E 39TH ST UNIT B,Normalized,
416 EAST HUNTINGDON ST  SAVANNAH GA 31401,,SVR-02506,2027-02-03,2003249008,Anderson VIP Concierge LLC,mary@savannahluxuryrentals.com,9125252022,Type 1: Owner-Occupied STVR Certificate,4,2,8,SAVANNAH DOWNTOWN HISTORIC DISTRICT,2003249008,416 E HUNTINGDON ST,,,SAVANNAH,GA,31401,"416 E HUNTINGDON ST, SAVANNAH, GA 31401",416 E HUNTINGDON ST,416 E HUNTINGDON ST,Normalized,
311  Whitaker ST  SAVANNAH GA 31401,B,SVR-02507,2027-03-30,2001536014,Maria Gallo,theparlorloft@gmail.com,4138843287,Type 1: Owner-Occupied STVR Certificate,1,1,4,SAVANNAH DOWNTOWN HISTORIC DISTRICT,2001536014,311 WHITAKER ST,B,,SAVANNAH,GA,31401,"311 WHITAKER ST UNIT B, SAVANNAH, GA 31401",311 WHITAKER ST,311 WHITAKER ST UNIT B,Normalized,
16 EAST JONES ST  SAVANNAH GA 31401,B,SVR-00245,2027-05-13,2003206006,Cora Bett Thomas Rentals and Management,stvr@cbtrentals.com,9125036652,Type 2: Non-Owner-Occupied STVR Certificate,1,,4,SAVANNAH DOWNTOWN HISTORIC DISTRICT,2003206006,16 E JONES ST,B,,SAVANNAH,GA,31401,"16 E JONES ST UNIT B, SAVANNAH, GA 31401",16 E JONES ST,16 E JONES ST UNIT B,Normalized,
507  BARNARD ST  SAVANNAH GA 31401,A,SVR-02509,2027-01-31,2003255004,Arise Property Management,contact@stayatarise.com,9123880845,Type 2: Non-Owner-Occupied STVR Certificate,2,,4,SAVANNAH DOWNTOWN HISTORIC DISTRICT,2003255004,507 BARNARD ST,A,,SAVANNAH,GA,31401,"507 BARNARD ST UNIT A, SAVANNAH, GA 31401",507 BARNARD ST,507 BARNARD ST UNIT A,Normalized,
507  BARNARD ST  SAVANNAH GA 31401,B,SVR-02510,2027-01-31,2003255004,Arise Property Management,contact@stayatarise.com,9123880845,Type 2: Non-Owner-Occupied STVR Certificate,2,,4,SAVANNAH DOWNTOWN HISTORIC DISTRICT,2003255004,507 BARNARD ST,B,,SAVANNAH,GA,31401,"507 BARNARD ST UNIT B, SAVANNAH, GA 31401",507 BARNARD ST,507 BARNARD ST UNIT B,Normalized,
507  BARNARD ST  SAVANNAH GA 31401,C,SVR-02511,2027-01-31,2003255004,Arise Property Management,contact@stayatarise.com,9123880845,Type 2: Non-Owner-Occupied STVR Certificate,2,,4,SAVANNAH DOWNTOWN HISTORIC DISTRICT,2003255004,507 BARNARD ST,C,,SAVANNAH,GA,31401,"507 BARNARD ST UNIT C, SAVANNAH, GA 31401",507 BARNARD ST,507 BARNARD ST UNIT C,Normalized,
310 WEST BROUGHTON ST  SAVANNAH GA 31401,3012,SVR-02512,2027-02-17,2001615042,Kaelin Durst,info@stayopulence.com,9122173388,Type 2: Non-Owner-Occupied STVR Certificate,1,,4,SAVANNAH DOWNTOWN HISTORIC DISTRICT,2001615042,310 W BROUGHTON ST,3012,,SAVANNAH,GA,31401,"310 W BROUGHTON ST UNIT 3012, SAVANNAH, GA 31401",310 W BROUGHTON ST,310 W BROUGHTON ST UNIT 3012,Normalized,
100 WEST LIBERTY LN  SAVANNAH GA 31401,Carriage House,SVR-02514,2027-03-29,2001536015,Craig Hatfield,craigh.ici@gmail.com,9374246619,Type 1: Owner-Occupied STVR Certificate,2,2,4,SAVANNAH DOWNTOWN HISTORIC DISTRICT,2001536015,100 W LIBERTY LN,CARRIAGE HOUSE,,SAVANNAH,GA,31401,"100 W LIBERTY LN UNIT CARRIAGE HOUSE, SAVANNAH, GA 31401",100 W LIBERTY LN,100 W LIBERTY LN UNIT CARRIAGE HOUSE,Normalized,
216 EAST STATE ST  SAVANNAH GA 31401,1-D,SVR-02516,2027-02-17,2000447001D,Lucky Savannah Vacation Rentals,owners@luckysavannah.com,9124958582,Type 2: Non-Owner-Occupied STVR Certificate,1,,4,SAVANNAH DOWNTOWN HISTORIC DISTRICT,2000447001D,216 E STATE ST,1-D,,SAVANNAH,GA,31401,"216 E STATE ST UNIT 1-D, SAVANNAH, GA 31401",216 E STATE ST,216 E STATE ST UNIT 1-D,Normalized,
24 EAST LIBERTY ST  SAVANNAH GA 31401,82,SVR-02517,2027-05-18,2001529058,Colby Phillips,colbyrphillips@gmail.com,9126582953,Type 2: Non-Owner-Occupied STVR Certificate,1,,4,SAVANNAH DOWNTOWN HISTORIC DISTRICT,2001529058,24 E LIBERTY ST,82,,SAVANNAH,GA,31401,"24 E LIBERTY ST UNIT 82, SAVANNAH, GA 31401",24 E LIBERTY ST,24 E LIBERTY ST UNIT 82,Normalized,
16 EAST JONES ST  SAVANNAH GA 31401,C,SVR-00246,2027-05-13,2003206006,Cora Bett Thomas Rentals and Management,stvr@cbtrentals.com,9125036652,Type 2: Non-Owner-Occupied STVR Certificate,1,,4,SAVANNAH DOWNTOWN HISTORIC DISTRICT,2003206006,16 E JONES ST,C,,SAVANNAH,GA,31401,"16 E JONES ST UNIT C, SAVANNAH, GA 31401",16 E JONES ST,16 E JONES ST UNIT C,Normalized,
312 EAST HUNTINGDON ST  SAVANNAH GA 31401,"Carriage House, 319 E. Gaston LN at",SVR-02520,2027-03-29,2003250009,Lisa Mercedes Hughes Brennan,starland123properties@gmail.com,8058161833,Type 1: Owner-Occupied STVR Certificate,1,1,4,SAVANNAH DOWNTOWN HISTORIC DISTRICT,2003250009,312 E HUNTINGDON ST,CARRIAGE HOUSE 319 E GASTON LN AT,,SAVANNAH,GA,31401,"312 E HUNTINGDON ST UNIT CARRIAGE HOUSE 319 E GASTON LN AT, SAVANNAH, GA 31401",312 E HUNTINGDON ST,312 E HUNTINGDON ST UNIT CARRIAGE HOUSE 319 E GASTON LN AT,Normalized,
514  BARNARD ST  SAVANNAH GA 31401,B,SVR-02521,2027-02-24,2003254005,South Key Management Company,chase@southkeymgmt.com,9128001321,Type 1: Owner-Occupied STVR Certificate,1,,4,SAVANNAH DOWNTOWN HISTORIC DISTRICT,2003254005,514 BARNARD ST,B,,SAVANNAH,GA,31401,"514 BARNARD ST UNIT B, SAVANNAH, GA 31401",514 BARNARD ST,514 BARNARD ST UNIT B,Normalized,
542 EAST TAYLOR ST  SAVANNAH GA 31401,,SVR-02522,2027-04-25,2003301022,Chris Forster,christopher.d.forster@gmail.com,2034171936,Type 2: Non-Owner-Occupied STVR Certificate,4,2,8,SAVANNAH DOWNTOWN HISTORIC DISTRICT,2003301022,542 E TAYLOR ST,,,SAVANNAH,GA,31401,"542 E TAYLOR ST, SAVANNAH, GA 31401",542 E TAYLOR ST,542 E TAYLOR ST,Normalized,
202 EAST GASTON ST  SAVANNAH GA 31401,B,SVR-02524,2027-03-03,2003246018,Lucky Savannah Vacation Rentals,owners@luckysavannah.com,9124958582,Type 2: Non-Owner-Occupied STVR Certificate,1,1,4,SAVANNAH DOWNTOWN HISTORIC DISTRICT,2003246018,202 E GASTON ST,B,,SAVANNAH,GA,31401,"202 E GASTON ST UNIT B, SAVANNAH, GA 31401",202 E GASTON ST,202 E GASTON ST UNIT B,Normalized,
202 EAST GORDON LN  SAVANNAH GA 31401,,SVR-02525,2027-03-03,2003246018,Lucky Savannah Vacation Rentals,owners@luckysavannah.com,9124958582,Type 2: Non-Owner-Occupied STVR Certificate,1,1,4,SAVANNAH DOWNTOWN HISTORIC DISTRICT,2003246018,202 E GORDON LN,,,SAVANNAH,GA,31401,"202 E GORDON LN, SAVANNAH, GA 31401",202 E GORDON LN,202 E GORDON LN,Normalized,
310 WEST BROUGHTON ST  SAVANNAH GA 31401,2004,SVR-02527,2027-04-01,2001615019,Katrina Meehan,kangaroocoastalllc@gmail.com,8588808123,Type 2: Non-Owner-Occupied STVR Certificate,2,,4,SAVANNAH DOWNTOWN HISTORIC DISTRICT,2001615019,310 W BROUGHTON ST,2004,,SAVANNAH,GA,31401,"310 W BROUGHTON ST UNIT 2004, SAVANNAH, GA 31401",310 W BROUGHTON ST,310 W BROUGHTON ST UNIT 2004,Normalized,
165 WEST BAY ST  SAVANNAH GA 31401,602,SVR-02530,2027-03-08,2000413056,Southern Grace Stays,southerngracegetaways@yahoo.com,9126008086,Type 2: Non-Owner-Occupied STVR Certificate,2,,4,SAVANNAH DOWNTOWN HISTORIC DISTRICT,2000413056,165 W BAY ST,602,,SAVANNAH,GA,31401,"165 W BAY ST UNIT 602, SAVANNAH, GA 31401",165 W BAY ST,165 W BAY ST UNIT 602,Normalized,
105 WEST OGLETHORPE AVE  SAVANNAH GA 31401,403,SVR-02531,2027-03-04,2001512003L,South Key Management Company,chase@southkeymgmt.com,9128001321,Type 2: Non-Owner-Occupied STVR Certificate,2,,4,SAVANNAH DOWNTOWN HISTORIC DISTRICT,2001512003L,105 W OGLETHORPE AVE,403,,SAVANNAH,GA,31401,"105 W OGLETHORPE AVE UNIT 403, SAVANNAH, GA 31401",105 W OGLETHORPE AVE,105 W OGLETHORPE AVE UNIT 403,Normalized,
206 EAST GORDON LN  SAVANNAH GA 31401,,SVR-02532,2027-04-12,2003246016,Kelly McAtee,mcateeclan@gmail.com,7572938324,Type 1: Owner-Occupied STVR Certificate,1,,4,SAVANNAH DOWNTOWN HISTORIC DISTRICT,2003246016,206 E GORDON LN,,,SAVANNAH,GA,31401,"206 E GORDON LN, SAVANNAH, GA 31401",206 E GORDON LN,206 E GORDON LN,Normalized,
206 EAST GASTON ST  SAVANNAH GA 31401,A,SVR-02533,2027-04-12,2003246016,Kelly McAtee,mcateeclan@gmail.com,7572938324,Type 1: Owner-Occupied STVR Certificate,1,,4,SAVANNAH DOWNTOWN HISTORIC DISTRICT,2003246016,206 E GASTON ST,A,,SAVANNAH,GA,31401,"206 E GASTON ST UNIT A, SAVANNAH, GA 31401",206 E GASTON ST,206 E GASTON ST UNIT A,Normalized,
533 EAST PERRY LN  SAVANNAH GA 31401,Carriage House,SVR-02536,2027-03-15,2001411016,Anderson VIP Concierge LLC,mary@savannahluxuryrentals.com,9125252022,Type 2: Non-Owner-Occupied STVR Certificate,1,,4,SAVANNAH DOWNTOWN HISTORIC DISTRICT,2001411016,533 E PERRY LN,CARRIAGE HOUSE,,SAVANNAH,GA,31401,"533 E PERRY LN UNIT CARRIAGE HOUSE, SAVANNAH, GA 31401",533 E PERRY LN,533 E PERRY LN UNIT CARRIAGE HOUSE,Normalized,
525 EAST GWINNETT ST  SAVANNAH GA 31401,A,SVR-02537,2027-03-15,2004306051,Luciana Tobal,valnewyork@gmail.com,7186667533,Type 2: Non-Owner-Occupied STVR Certificate,3,1,6,VICTORIAN HISTORIC DISTRICT,2004306051,525 E GWINNETT ST,A,,SAVANNAH,GA,31401,"525 E GWINNETT ST UNIT A, SAVANNAH, GA 31401",525 E GWINNETT ST,525 E GWINNETT ST UNIT A,Normalized,
165 WEST BAY ST  SAVANNAH GA 31401,302,SVR-02539,2027-03-28,2000413043,Lucky Savannah Vacation Rentals,owners@luckysavannah.com,9124958582,Type 2: Non-Owner-Occupied STVR Certificate,2,1,4,SAVANNAH DOWNTOWN HISTORIC DISTRICT,2000413043,165 W BAY ST,302,,SAVANNAH,GA,31401,"165 W BAY ST UNIT 302, SAVANNAH, GA 31401",165 W BAY ST,165 W BAY ST UNIT 302,Normalized,
221 EAST GASTON ST  SAVANNAH GA 31401,B,SVR-02541,2027-03-28,2003251009,Lucky Savannah Vacation Rentals,owners@luckysavannah.com,9124958582,Type 2: Non-Owner-Occupied STVR Certificate,1,1,4,SAVANNAH DOWNTOWN HISTORIC DISTRICT,2003251009,221 E GASTON ST,B,,SAVANNAH,GA,31401,"221 E GASTON ST UNIT B, SAVANNAH, GA 31401",221 E GASTON ST,221 E GASTON ST UNIT B,Normalized,
221 EAST GASTON ST  SAVANNAH GA 31401,A,SVR-02542,2027-03-28,2003251009,Lucky Savannah Vacation Rentals,owners@luckysavannah.com,9124958582,Type 2: Non-Owner-Occupied STVR Certificate,3,1,6,SAVANNAH DOWNTOWN HISTORIC DISTRICT,2003251009,221 E GASTON ST,A,,SAVANNAH,GA,31401,"221 E GASTON ST UNIT A, SAVANNAH, GA 31401",221 E GASTON ST,221 E GASTON ST UNIT A,Normalized,
221 EAST GASTON LN  SAVANNAH GA 31401,,SVR-02543,2027-03-28,2003251009,Lucky Savannah Vacation Rentals,owners@luckysavannah.com,9124958582,Type 2: Non-Owner-Occupied STVR Certificate,1,1,4,SAVANNAH DOWNTOWN HISTORIC DISTRICT,2003251009,221 E GASTON LN,,,SAVANNAH,GA,31401,"221 E GASTON LN, SAVANNAH, GA 31401",221 E GASTON LN,221 E GASTON LN,Normalized,
409 EAST PARK AVE  SAVANNAH GA 31401,,SVR-02544,2027-03-28,2005301013,Lucky Savannah Vacation Rentals,owners@luckysavannah.com,9124958582,Type 1: Owner-Occupied STVR Certificate,2,1,4,VICTORIAN HISTORIC DISTRICT,2005301013,409 E PARK AVE,,,SAVANNAH,GA,31401,"409 E PARK AVE, SAVANNAH, GA 31401",409 E PARK AVE,409 E PARK AVE,Normalized,
409 EAST PARK AVE  SAVANNAH GA 31401,B,SVR-02545,2027-03-28,2005301013,Lucky Savannah Vacation Rentals,owners@luckysavannah.com,9124958582,Type 1: Owner-Occupied STVR Certificate,2,1,4,VICTORIAN HISTORIC DISTRICT,2005301013,409 E PARK AVE,B,,SAVANNAH,GA,31401,"409 E PARK AVE UNIT B, SAVANNAH, GA 31401",409 E PARK AVE,409 E PARK AVE UNIT B,Normalized,
5 WEST BROUGHTON ST  SAVANNAH GA 31401,305A,SVR-02546,2027-07-23,2000444031,Zachary Tombley,operations@stayblackswan.com,6155517255,Type 2: Non-Owner-Occupied STVR Certificate,1,,4,SAVANNAH DOWNTOWN HISTORIC DISTRICT,2000444031,5 W BROUGHTON ST,305A,,SAVANNAH,GA,31401,"5 W BROUGHTON ST UNIT 305A, SAVANNAH, GA 31401",5 W BROUGHTON ST,5 W BROUGHTON ST UNIT 305A,Normalized,
217  ABERCORN ST  SAVANNAH GA 31401,B-2,SVR-02547,2027-04-08,2001515002B,Trevor Packer,trevor@judgerealty.com,9122361000,Type 2: Non-Owner-Occupied STVR Certificate,1,,4,SAVANNAH DOWNTOWN HISTORIC DISTRICT,2001515002B,217 ABERCORN ST,B-2,,SAVANNAH,GA,31401,"217 ABERCORN ST UNIT B-2, SAVANNAH, GA 31401",217 ABERCORN ST,217 ABERCORN ST UNIT B-2,Normalized,
204 WEST BROUGHTON ST  SAVANNAH GA 31401,301,SVR-02548,2027-04-13,2001614301,Lucky Savannah Vacation Rentals,owners@luckysavannah.com,9124958582,Type 2: Non-Owner-Occupied STVR Certificate,2,,4,SAVANNAH DOWNTOWN HISTORIC DISTRICT,2001614301,204 W BROUGHTON ST,301,,SAVANNAH,GA,31401,"204 W BROUGHTON ST UNIT 301, SAVANNAH, GA 31401",204 W BROUGHTON ST,204 W BROUGHTON ST UNIT 301,Normalized,
113 WEST GORDON LN  SAVANNAH GA 31401,Carriage House,SVR-02549,2027-06-01,2003242009,Cora Bett Thomas Vacation Rentals,stvr@cbtrentals.com,9125036652,Type 1: Owner-Occupied STVR Certificate,1,,4,SAVANNAH DOWNTOWN HISTORIC DISTRICT,2003242009,113 W GORDON LN,CARRIAGE HOUSE,,SAVANNAH,GA,31401,"113 W GORDON LN UNIT CARRIAGE HOUSE, SAVANNAH, GA 31401",113 W GORDON LN,113 W GORDON LN UNIT CARRIAGE HOUSE,Normalized,
402 EAST STATE ST  SAVANNAH GA 31401,Lower,SVR-02550,2027-04-13,2000449013,Lucky Savannah Vacation Rentals,owners@luckysavannah.com,9124958582,Type 1: Owner-Occupied STVR Certificate,1,1,4,SAVANNAH DOWNTOWN HISTORIC DISTRICT,2000449013,402 E STATE ST,LOWER,,SAVANNAH,GA,31401,"402 E STATE ST UNIT LOWER, SAVANNAH, GA 31401",402 E STATE ST,402 E STATE ST UNIT LOWER,Normalized,
55  MONTGOMERY ST  SAVANNAH GA 31401,2,SVR-02553,2027-04-26,2001616011,Southern Belle Vacation Rentals,stvr@southernbellevr.com,9122890130,Type 2: Non-Owner-Occupied STVR Certificate,3,,6,SAVANNAH DOWNTOWN HISTORIC DISTRICT,2001616011,55 MONTGOMERY ST,2,,SAVANNAH,GA,31401,"55 MONTGOMERY ST UNIT 2, SAVANNAH, GA 31401",55 MONTGOMERY ST,55 MONTGOMERY ST UNIT 2,Normalized,
606  LINCOLN ST  SAVANNAH GA 31401,A,SVR-02555,2027-04-27,2004402021,Garry Genser,garrygenser@me.com,5712944863,Type 1: Owner-Occupied STVR Certificate,1,1,4,SAVANNAH DOWNTOWN HISTORIC DISTRICT,2004402021,606 LINCOLN ST,A,,SAVANNAH,GA,31401,"606 LINCOLN ST UNIT A, SAVANNAH, GA 31401",606 LINCOLN ST,606 LINCOLN ST UNIT A,Normalized,
606  LINCOLN ST  SAVANNAH GA 31401,B,SVR-02556,2027-04-27,2004402021,Garry Genser,garrygenser@me.com,5712944863,Type 1: Owner-Occupied STVR Certificate,2,1,4,SAVANNAH DOWNTOWN HISTORIC DISTRICT,2004402021,606 LINCOLN ST,B,,SAVANNAH,GA,31401,"606 LINCOLN ST UNIT B, SAVANNAH, GA 31401",606 LINCOLN ST,606 LINCOLN ST UNIT B,Normalized,
16 EAST 41ST ST  SAVANNAH GA 31401,,SVR-02557,2027-05-17,2007404016,Michael Garcia,mgarcia777@gmail.com,9125967392,Type 2: Non-Owner-Occupied STVR Certificate,3,1,6,STREETCAR HISTORIC DISTRICT,2007404016,16 E 41ST ST,,,SAVANNAH,GA,31401,"16 E 41ST ST, SAVANNAH, GA 31401",16 E 41ST ST,16 E 41ST ST,Normalized,
1020  ABERCORN ST  SAVANNAH GA 31401,,SVR-02559,2027-08-04,2004427031,Ashley Yellin,1018abercorn@gmail.com,6507407444,Type 2: Non-Owner-Occupied STVR Certificate,2,,4,VICTORIAN HISTORIC DISTRICT,2004427031,1020 ABERCORN ST,,,SAVANNAH,GA,31401,"1020 ABERCORN ST, SAVANNAH, GA 31401",1020 ABERCORN ST,1020 ABERCORN ST,Normalized,
131  HOUSTON ST  SAVANNAH GA 31401,,SVR-00250,2027-08-06,2000528003,Nicole and Victor Tirao,nwardenski09@hotmail.com,9123415972,Type 2: Non-Owner-Occupied STVR Certificate,2,,6,SAVANNAH DOWNTOWN HISTORIC DISTRICT,2000528003,131 HOUSTON ST,,,SAVANNAH,GA,31401,"131 HOUSTON ST, SAVANNAH, GA 31401",131 HOUSTON ST,131 HOUSTON ST,Normalized,
527 EAST BROUGHTON ST  SAVANNAH GA 31401,,SVR-02564,2027-05-11,2000516021,Lucky Savannah Vacation Rentals,owners@luckysavannah.com,9124958582,Type 1: Owner-Occupied STVR Certificate,3,2,6,SAVANNAH DOWNTOWN HISTORIC DISTRICT,2000516021,527 E BROUGHTON ST,,,SAVANNAH,GA,31401,"527 E BROUGHTON ST, SAVANNAH, GA 31401",527 E BROUGHTON ST,527 E BROUGHTON ST,Normalized,
412 EAST GASTON ST  SAVANNAH GA 31401,,SVR-02565,2027-05-11,2003248010,Kimberly Hartmere,kimberlyhartmere@yahoo.com,3046172120,Type 1: Owner-Occupied STVR Certificate,3,1,6,SAVANNAH DOWNTOWN HISTORIC DISTRICT,2003248010,412 E GASTON ST,,,SAVANNAH,GA,31401,"412 E GASTON ST, SAVANNAH, GA 31401",412 E GASTON ST,412 E GASTON ST,Normalized,
209 WEST 43RD ST  SAVANNAH GA 31401,,SVR-02567,2027-05-18,2007422012,Caitlin Condon,caitlinccondon@gmail.com,7813088131,Type 2: Non-Owner-Occupied STVR Certificate,3,,6,STREETCAR HISTORIC DISTRICT,2007422012,209 W 43RD ST,,,SAVANNAH,GA,31401,"209 W 43RD ST, SAVANNAH, GA 31401",209 W 43RD ST,209 W 43RD ST,Normalized,
22 EAST 41ST ST  SAVANNAH GA 31401,,SVR-02569,2027-06-22,2007404013,Heidi Davis,2241starland@gmail.com,2076419073,Type 2: Non-Owner-Occupied STVR Certificate,3,1,6,STREETCAR HISTORIC DISTRICT,2007404013,22 E 41ST ST,,,SAVANNAH,GA,31401,"22 E 41ST ST, SAVANNAH, GA 31401",22 E 41ST ST,22 E 41ST ST,Normalized,
202 WEST BOLTON ST  SAVANNAH GA 31401,B,SVR-00251,2027-07-15,2004409002,James Ashman,jaje91@comcast.net,9126048990,Type 2: Non-Owner-Occupied STVR Certificate,1,,4,VICTORIAN HISTORIC DISTRICT,2004409002,202 W BOLTON ST,B,,SAVANNAH,GA,31401,"202 W BOLTON ST UNIT B, SAVANNAH, GA 31401",202 W BOLTON ST,202 W BOLTON ST UNIT B,Normalized,
604  LINCOLN ST  SAVANNAH GA 31401,A,SVR-02571,2027-05-23,2004402020,24 Square Savannah LLC,24squaresavannah@gmail.com,9787667088,Type 2: Non-Owner-Occupied STVR Certificate,2,1,4,SAVANNAH DOWNTOWN HISTORIC DISTRICT,2004402020,604 LINCOLN ST,A,,SAVANNAH,GA,31401,"604 LINCOLN ST UNIT A, SAVANNAH, GA 31401",604 LINCOLN ST,604 LINCOLN ST UNIT A,Normalized,
604  LINCOLN ST  SAVANNAH GA 31401,B,SVR-02572,2027-05-23,2004402020,24 Square Savannah LLC,24squaresavannah@gmail.com,9787667088,Type 2: Non-Owner-Occupied STVR Certificate,1,1,4,SAVANNAH DOWNTOWN HISTORIC DISTRICT,2004402020,604 LINCOLN ST,B,,SAVANNAH,GA,31401,"604 LINCOLN ST UNIT B, SAVANNAH, GA 31401",604 LINCOLN ST,604 LINCOLN ST UNIT B,Normalized,
318 WEST DUFFY ST  SAVANNAH GA 31401,B,SVR-02573,2027-06-10,2005217014,Timothy Levy,duffyst.savannah@gmail.com,5042508948,Type 2: Non-Owner-Occupied STVR Certificate,2,1,4,VICTORIAN HISTORIC DISTRICT,2005217014,318 W DUFFY ST,B,,SAVANNAH,GA,31401,"318 W DUFFY ST UNIT B, SAVANNAH, GA 31401",318 W DUFFY ST,318 W DUFFY ST UNIT B,Normalized,
208 EAST LIBERTY ST  SAVANNAH GA 31401,A,SVR-02574,2027-05-26,2001519003,Chase Stahl,chase@southkeymgmt.com,9128001321,Type 1: Owner-Occupied STVR Certificate,2,1,4,SAVANNAH DOWNTOWN HISTORIC DISTRICT,2001519003,208 E LIBERTY ST,A,,SAVANNAH,GA,31401,"208 E LIBERTY ST UNIT A, SAVANNAH, GA 31401",208 E LIBERTY ST,208 E LIBERTY ST UNIT A,Normalized,
208 EAST LIBERTY ST  SAVANNAH GA 31401,B,SVR-02575,2027-05-26,2001519003,Chase Stahl,chase@southkeymgmt.com,9128001321,Type 1: Owner-Occupied STVR Certificate,1,1,4,SAVANNAH DOWNTOWN HISTORIC DISTRICT,2001519003,208 E LIBERTY ST,B,,SAVANNAH,GA,31401,"208 E LIBERTY ST UNIT B, SAVANNAH, GA 31401",208 E LIBERTY ST,208 E LIBERTY ST UNIT B,Normalized,
226 EAST BRYAN ST  SAVANNAH GA 31401,,SVR-02576,2027-06-01,2000417003,Lucky Savannah Vacation Rentals,owners@luckysavannah.com,9124958582,Type 2: Non-Owner-Occupied STVR Certificate,4,2,8,SAVANNAH DOWNTOWN HISTORIC DISTRICT,2000417003,226 E BRYAN ST,,,SAVANNAH,GA,31401,"226 E BRYAN ST, SAVANNAH, GA 31401",226 E BRYAN ST,226 E BRYAN ST,Normalized,
347 EAST BROAD ST  SAVANNAH GA 31401,,SVR-02577,2027-06-01,2001419059,Lucky Savannah Vacation Rentals,owners@luckysavannah.com,9124958582,Type 2: Non-Owner-Occupied STVR Certificate,2,,4,SAVANNAH DOWNTOWN HISTORIC DISTRICT,2001419059,347 E BROAD ST,,,SAVANNAH,GA,31401,"347 E BROAD ST, SAVANNAH, GA 31401",347 E BROAD ST,347 E BROAD ST,Normalized,
113 WEST GORDON ST  SAVANNAH GA 31401,Garden,SVR-02578,2027-06-01,2003242009,Cora Bett Thomas Vacation Rentals,stvr@cbtrentals.com,9125036652,Type 1: Owner-Occupied STVR Certificate,1,,4,SAVANNAH DOWNTOWN HISTORIC DISTRICT,2003242009,113 W GORDON ST,GARDEN,,SAVANNAH,GA,31401,"113 W GORDON ST UNIT GARDEN, SAVANNAH, GA 31401",113 W GORDON ST,113 W GORDON ST UNIT GARDEN,Normalized,
217 ABERCORN ST # A3 SAVANNAH GA 31401,A-3,SVR-00026,2027-05-02,2001515003A,Southern Belle Vacation Rentals,stvr@southernbellevr.com,9122890130,Type 2: Non-Owner-Occupied STVR Certificate,1,,4,SAVANNAH DOWNTOWN HISTORIC DISTRICT,2001515003A,217 ABERCORN ST,A-3,A3,SAVANNAH,GA,31401,"217 ABERCORN ST UNIT A-3, SAVANNAH, GA 31401",217 ABERCORN ST,217 ABERCORN ST UNIT A-3,Needs review,Unit column conflicts with embedded unit
504 EAST ST JULIAN ST  SAVANNAH GA 31401,,SVR-00252,2027-05-04,2000509003,Lucky Savannah Vacation Rentals,owners@luckysavannah.com,9124958582,Type 2: Non-Owner-Occupied STVR Certificate,4,2,10,SAVANNAH DOWNTOWN HISTORIC DISTRICT,2000509003,504 E ST JULIAN ST,,,SAVANNAH,GA,31401,"504 E ST JULIAN ST, SAVANNAH, GA 31401",504 E ST JULIAN ST,504 E ST JULIAN ST,Normalized,
202 WEST BROUGHTON ST  SAVANNAH GA 31401,302,SVR-02580,2027-06-07,2001614302,Southern Belle Vacation Rentals,stvr@southernbellevr.com,9122890130,Type 2: Non-Owner-Occupied STVR Certificate,2,1,4,SAVANNAH DOWNTOWN HISTORIC DISTRICT,2001614302,202 W BROUGHTON ST,302,,SAVANNAH,GA,31401,"202 W BROUGHTON ST UNIT 302, SAVANNAH, GA 31401",202 W BROUGHTON ST,202 W BROUGHTON ST UNIT 302,Normalized,
124 EAST OGLETHORPE AVE  SAVANNAH GA 31401,Carriage House,SVR-02587,2027-06-10,2001507005,Anderson VIP Concierge LLC,mary@savannahluxuryrentals.com,9125252022,Type 1: Owner-Occupied STVR Certificate,2,,4,SAVANNAH DOWNTOWN HISTORIC DISTRICT,2001507005,124 E OGLETHORPE AVE,CARRIAGE HOUSE,,SAVANNAH,GA,31401,"124 E OGLETHORPE AVE UNIT CARRIAGE HOUSE, SAVANNAH, GA 31401",124 E OGLETHORPE AVE,124 E OGLETHORPE AVE UNIT CARRIAGE HOUSE,Normalized,
414 WEST HUNTINGDON ST  SAVANNAH GA 31401,A,SVR-02589,2027-07-12,2004521007,Chase Stahl,chase@southkeymgmt.com,9128001321,Type 2: Non-Owner-Occupied STVR Certificate,1,1,4,SAVANNAH DOWNTOWN HISTORIC DISTRICT,2004521007,414 W HUNTINGDON ST,A,,SAVANNAH,GA,31401,"414 W HUNTINGDON ST UNIT A, SAVANNAH, GA 31401",414 W HUNTINGDON ST,414 W HUNTINGDON ST UNIT A,Normalized,
414 WEST HUNTINGDON ST  SAVANNAH GA 31401,B,SVR-02590,2027-07-12,2004521007,Chase Stahl,chase@southkeymgmt.com,9128001321,Type 2: Non-Owner-Occupied STVR Certificate,2,1,4,SAVANNAH DOWNTOWN HISTORIC DISTRICT,2004521007,414 W HUNTINGDON ST,B,,SAVANNAH,GA,31401,"414 W HUNTINGDON ST UNIT B, SAVANNAH, GA 31401",414 W HUNTINGDON ST,414 W HUNTINGDON ST UNIT B,Normalized,
118 EAST GASTON ST  SAVANNAH GA 31401,,SVR-02592,2027-07-27,2003245009,Jessica & Christopher Copenhaver,118egaston@gmail.com,5405255727,Type 2: Non-Owner-Occupied STVR Certificate,4,1,8,SAVANNAH DOWNTOWN HISTORIC DISTRICT,2003245009,118 E GASTON ST,,,SAVANNAH,GA,31401,"118 E GASTON ST, SAVANNAH, GA 31401",118 E GASTON ST,118 E GASTON ST,Normalized,
118 EAST GORDON LN  SAVANNAH GA 31401,Carriage House,SVR-02594,2027-07-27,2003245009,Jessica & Christopher Copenhaver,118egaston@gmail.com,5405255727,Type 2: Non-Owner-Occupied STVR Certificate,1,1,4,SAVANNAH DOWNTOWN HISTORIC DISTRICT,2003245009,118 E GORDON LN,CARRIAGE HOUSE,,SAVANNAH,GA,31401,"118 E GORDON LN UNIT CARRIAGE HOUSE, SAVANNAH, GA 31401",118 E GORDON LN,118 E GORDON LN UNIT CARRIAGE HOUSE,Normalized,
208 WEST LOWER FACTORS WK  SAVANNAH GA 31401,,SVR-02595,2027-08-09,2000309030,Marlyn Shuman,marly@nsconstructs.com,7703146666,Type 2: Non-Owner-Occupied STVR Certificate,1,,4,SAVANNAH DOWNTOWN HISTORIC DISTRICT,2000309030,208 W LOWER FACTORS WALK,,,SAVANNAH,GA,31401,"208 W LOWER FACTORS WALK, SAVANNAH, GA 31401",208 W LOWER FACTORS WALK,208 W LOWER FACTORS WALK,Normalized,
522 EAST BRYAN ST  SAVANNAH GA 31401,,SVR-00254,2027-08-26,2000504003B,Chase Stahl,chase@southkeymgmt.com,9128001321,Type 2: Non-Owner-Occupied STVR Certificate,2,,6,SAVANNAH DOWNTOWN HISTORIC DISTRICT,2000504003B,522 E BRYAN ST,,,SAVANNAH,GA,31401,"522 E BRYAN ST, SAVANNAH, GA 31401",522 E BRYAN ST,522 E BRYAN ST,Normalized,
514 EAST WALDBURG ST  SAVANNAH GA 31401,B,SVR-02600,2026-10-18,2004311011,Lei Wang,sophywang2001@hotmail.com,4044556923,Type 1: Owner-Occupied STVR Certificate,2,1,4,VICTORIAN HISTORIC DISTRICT,2004311011,514 E WALDBURG ST,B,,SAVANNAH,GA,31401,"514 E WALDBURG ST UNIT B, SAVANNAH, GA 31401",514 E WALDBURG ST,514 E WALDBURG ST UNIT B,Normalized,
516 EAST WALDBURG ST  SAVANNAH GA 31401,B,SVR-02602,2026-10-18,2004311011,Lei Wang,sophywang2001@hotmail.com,4044556923,Type 1: Owner-Occupied STVR Certificate,2,1,4,VICTORIAN HISTORIC DISTRICT,2004311011,516 E WALDBURG ST,B,,SAVANNAH,GA,31401,"516 E WALDBURG ST UNIT B, SAVANNAH, GA 31401",516 E WALDBURG ST,516 E WALDBURG ST UNIT B,Normalized,
1309 EAST BROAD ST  SAVANNAH GA 31401,,SVR-02603,2026-10-19,2005314002,Elizabeth Christensen d/b/a Green Door Management,nathan@gdmsavannah.com,9122745006,Type 2: Non-Owner-Occupied STVR Certificate,3,3,6,VICTORIAN HISTORIC DISTRICT,2005314002,1309 E BROAD ST,,,SAVANNAH,GA,31401,"1309 E BROAD ST, SAVANNAH, GA 31401",1309 E BROAD ST,1309 E BROAD ST,Normalized,
215 WEST 43RD ST  SAVANNAH GA 31401,,SVR-02606,2027-09-01,2007422003,Stephen Moen,moen.stephen@gmail.com,2147350838,Type 2: Non-Owner-Occupied STVR Certificate,3,2,6,STREETCAR HISTORIC DISTRICT,2007422003,215 W 43RD ST,,,SAVANNAH,GA,31401,"215 W 43RD ST, SAVANNAH, GA 31401",215 W 43RD ST,215 W 43RD ST,Normalized,
105 WEST OGLETHORPE AVE  SAVANNAH GA 31401,305,SVR-02607,2026-12-08,2001512003G,Stephen and Stephanie Cortright,stevecortright@gmail.com,2019614198,Type 2: Non-Owner-Occupied STVR Certificate,2,,4,SAVANNAH DOWNTOWN HISTORIC DISTRICT,2001512003G,105 W OGLETHORPE AVE,305,,SAVANNAH,GA,31401,"105 W OGLETHORPE AVE UNIT 305, SAVANNAH, GA 31401",105 W OGLETHORPE AVE,105 W OGLETHORPE AVE UNIT 305,Normalized,
111  LINCOLN ST  SAVANNAH GA 31401,2-B,SVR-02609,2027-08-24,2000447051,Luxury Living Savannah,reservations@luxurylivingsavannah.com,9129997200,Type 2: Non-Owner-Occupied STVR Certificate,2,,4,SAVANNAH DOWNTOWN HISTORIC DISTRICT,2000447051,111 LINCOLN ST,2-B,,SAVANNAH,GA,31401,"111 LINCOLN ST UNIT 2-B, SAVANNAH, GA 31401",111 LINCOLN ST,111 LINCOLN ST UNIT 2-B,Normalized,
546 EAST PERRY LN  SAVANNAH GA 31401,,SVR-02610,2026-09-15,2001411014,Garrett & Lisa White,lmhwhite4@gmail.com,6146530546,Type 1: Owner-Occupied STVR Certificate,1,,4,SAVANNAH DOWNTOWN HISTORIC DISTRICT,2001411014,546 E PERRY LN,,,SAVANNAH,GA,31401,"546 E PERRY LN, SAVANNAH, GA 31401",546 E PERRY LN,546 E PERRY LN,Normalized,
505 EAST ANDERSON ST  SAVANNAH GA 31401,,SVR-02613,2027-08-30,2005321019,Lucky Savannah Vacation Rentals,owners@luckysavannah.com,9124958582,Type 2: Non-Owner-Occupied STVR Certificate,3,4,6,VICTORIAN HISTORIC DISTRICT,2005321019,505 E ANDERSON ST,,,SAVANNAH,GA,31401,"505 E ANDERSON ST, SAVANNAH, GA 31401",505 E ANDERSON ST,505 E ANDERSON ST,Normalized,
541 EAST TAYLOR ST  SAVANNAH GA 31401,,SVR-02614,2027-08-30,2003302034,Chase Stahl,chase@southkeymgmt.com,9128001321,Type 2: Non-Owner-Occupied STVR Certificate,2,,4,SAVANNAH DOWNTOWN HISTORIC DISTRICT,2003302034,541 E TAYLOR ST,,,SAVANNAH,GA,31401,"541 E TAYLOR ST, SAVANNAH, GA 31401",541 E TAYLOR ST,541 E TAYLOR ST,Normalized,
539 EAST TAYLOR ST  SAVANNAH GA 31401,A,SVR-02615,2027-08-30,2003302033,Chase Stahl,chase@southkeymgmt.com,9128001321,Type 2: Non-Owner-Occupied STVR Certificate,3,,6,SAVANNAH DOWNTOWN HISTORIC DISTRICT,2003302033,539 E TAYLOR ST,A,,SAVANNAH,GA,31401,"539 E TAYLOR ST UNIT A, SAVANNAH, GA 31401",539 E TAYLOR ST,539 E TAYLOR ST UNIT A,Normalized,
539 EAST TAYLOR ST  SAVANNAH GA 31401,B,SVR-02616,2027-08-30,2003302033,Chase Stahl,chase@southkeymgmt.com,9128001321,Type 2: Non-Owner-Occupied STVR Certificate,1,,4,SAVANNAH DOWNTOWN HISTORIC DISTRICT,2003302033,539 E TAYLOR ST,B,,SAVANNAH,GA,31401,"539 E TAYLOR ST UNIT B, SAVANNAH, GA 31401",539 E TAYLOR ST,539 E TAYLOR ST UNIT B,Normalized,
221 EAST BROUGHTON LN  SAVANNAH GA 31401,Carriage House,SVR-02618,2027-08-31,2000447060,Ben & Rayssa Eazzetta,br.vacationrentals@outlook.com,9122205888,Type 2: Non-Owner-Occupied STVR Certificate,1,1,4,SAVANNAH DOWNTOWN HISTORIC DISTRICT,2000447060,221 E BROUGHTON LN,CARRIAGE HOUSE,,SAVANNAH,GA,31401,"221 E BROUGHTON LN UNIT CARRIAGE HOUSE, SAVANNAH, GA 31401",221 E BROUGHTON LN,221 E BROUGHTON LN UNIT CARRIAGE HOUSE,Normalized,
452  ALTAMAHA ST  SAVANNAH GA 31401,,SVR-02620,2026-09-13,20006A01003,Cora Bett Thomas Rentals and Management,stvr@cbtrentals.com,9125036652,Type 2: Non-Owner-Occupied STVR Certificate,3,2,6,EmptyFieldDisplayStrategy.HIDE,20006A01003,452 ALTAMAHA ST,,,SAVANNAH,GA,31401,"452 ALTAMAHA ST, SAVANNAH, GA 31401",452 ALTAMAHA ST,452 ALTAMAHA ST,Normalized,
540 EAST PERRY ST  SAVANNAH GA 31401,A,SVR-02621,2027-09-14,2001409013,Southern Belle Vacation Rentals,stvr@southernbellevr.com,9122890130,Type 2: Non-Owner-Occupied STVR Certificate,1,1,4,SAVANNAH DOWNTOWN HISTORIC DISTRICT,2001409013,540 E PERRY ST,A,,SAVANNAH,GA,31401,"540 E PERRY ST UNIT A, SAVANNAH, GA 31401",540 E PERRY ST,540 E PERRY ST UNIT A,Normalized,
540 EAST PERRY ST  SAVANNAH GA 31401,B,SVR-02622,2027-09-08,2001409013,Southern Belle Vacation Rentals,stvr@southernbellevr.com,9122890130,Type 2: Non-Owner-Occupied STVR Certificate,2,1,4,SAVANNAH DOWNTOWN HISTORIC DISTRICT,2001409013,540 E PERRY ST,B,,SAVANNAH,GA,31401,"540 E PERRY ST UNIT B, SAVANNAH, GA 31401",540 E PERRY ST,540 E PERRY ST UNIT B,Normalized,
619 EAST BROAD ST  SAVANNAH GA 31401,,SVR-02623,2027-09-08,2003309011,Southern Belle Vacation Rentals,stvr@southernbellevr.com,9122890130,Type 2: Non-Owner-Occupied STVR Certificate,2,1,4,SAVANNAH DOWNTOWN HISTORIC DISTRICT,2003309011,619 E BROAD ST,,,SAVANNAH,GA,31401,"619 E BROAD ST, SAVANNAH, GA 31401",619 E BROAD ST,619 E BROAD ST,Normalized,
518 EAST HENRY ST  SAVANNAH GA 31401,A,SVR-02624,2026-09-14,2005307005,Gabe Aronovich & Sean Geng,2grealtyllc@gmail.com,9126886570,Type 2: Non-Owner-Occupied STVR Certificate,1,1,4,VICTORIAN HISTORIC DISTRICT,2005307005,518 E HENRY ST,A,,SAVANNAH,GA,31401,"518 E HENRY ST UNIT A, SAVANNAH, GA 31401",518 E HENRY ST,518 E HENRY ST UNIT A,Normalized,
518 EAST HENRY ST  SAVANNAH GA 31401,B,SVR-02625,2026-09-14,2005307005,Gabe Aronovich & Sean Geng,2grealtyllc@gmail.com,9123886570,Type 2: Non-Owner-Occupied STVR Certificate,2,1,4,VICTORIAN HISTORIC DISTRICT,2005307005,518 E HENRY ST,B,,SAVANNAH,GA,31401,"518 E HENRY ST UNIT B, SAVANNAH, GA 31401",518 E HENRY ST,518 E HENRY ST UNIT B,Normalized,
452  PORT ST  SAVANNAH GA 31401,,SVR-02626,2026-09-15,2000605036,Lucky Savannah Vacation Rentals,owners@luckysavannah.com,9124958582,Type 2: Non-Owner-Occupied STVR Certificate,3,4,6,EmptyFieldDisplayStrategy.HIDE,2000605036,452 PORT ST,,,SAVANNAH,GA,31401,"452 PORT ST, SAVANNAH, GA 31401",452 PORT ST,452 PORT ST,Normalized,
4 WEST STATE ST  SAVANNAH GA 31401,202,SVR-02630,2026-12-20,2000444002,"Patrick Bergen d/b/a Mint Julep Vacation Rentals, LLC",patrick@mintjulepvacationrentals.com,8032370342,Type 2: Non-Owner-Occupied STVR Certificate,1,,4,SAVANNAH DOWNTOWN HISTORIC DISTRICT,2000444002,4 W STATE ST,202,,SAVANNAH,GA,31401,"4 W STATE ST UNIT 202, SAVANNAH, GA 31401",4 W STATE ST,4 W STATE ST UNIT 202,Normalized,
122 WEST JONES ST  SAVANNAH GA 31401,G,SVR-02634,2026-10-27,2001545015,Sabrina Nagel,mountjonesllc@gmail.com,9126318005,Type 2: Non-Owner-Occupied STVR Certificate,2,,4,SAVANNAH DOWNTOWN HISTORIC DISTRICT,2001545015,122 W JONES ST,G,,SAVANNAH,GA,31401,"122 W JONES ST UNIT G, SAVANNAH, GA 31401",122 W JONES ST,122 W JONES ST UNIT G,Normalized,
122 WEST JONES ST  SAVANNAH GA 31401,H,SVR-02635,2026-10-27,2001545015,Sabrina Nagel,mountjonesllc@gmail.com,9126318005,Type 2: Non-Owner-Occupied STVR Certificate,1,,4,SAVANNAH DOWNTOWN HISTORIC DISTRICT,2001545015,122 W JONES ST,H,,SAVANNAH,GA,31401,"122 W JONES ST UNIT H, SAVANNAH, GA 31401",122 W JONES ST,122 W JONES ST UNIT H,Normalized,
15 WEST JONES LN  SAVANNAH GA 31401,G,SVR-02637,2026-11-14,2003216003,South Key Management Company,chase@southkeymgmt.com,9128001321,Type 2: Non-Owner-Occupied STVR Certificate,2,1,4,SAVANNAH DOWNTOWN HISTORIC DISTRICT,2003216003,15 W JONES LN,G,,SAVANNAH,GA,31401,"15 W JONES LN UNIT G, SAVANNAH, GA 31401",15 W JONES LN,15 W JONES LN UNIT G,Normalized,
310 WEST GWINNETT ST  SAVANNAH GA 31401,,SVR-02641,2026-10-14,2004529021,Southern Belle Vacation Rentals,stvr@southernbellevr.com,9122890130,Type 2: Non-Owner-Occupied STVR Certificate,3,,6,SAVANNAH DOWNTOWN HISTORIC DISTRICT,2004529021,310 W GWINNETT ST,,,SAVANNAH,GA,31401,"310 W GWINNETT ST, SAVANNAH, GA 31401",310 W GWINNETT ST,310 W GWINNETT ST,Normalized,
621 EAST BROAD ST  SAVANNAH GA 31401,,SVR-02642,2026-10-11,2003309012,Southern Belle Vacation Rentals,stvr@southernbellevr.com,9122890130,Type 2: Non-Owner-Occupied STVR Certificate,2,,4,SAVANNAH DOWNTOWN HISTORIC DISTRICT,2003309012,621 E BROAD ST,,,SAVANNAH,GA,31401,"621 E BROAD ST, SAVANNAH, GA 31401",621 E BROAD ST,621 E BROAD ST,Normalized,
36  MARTIN LUTHER KING JR BLVD  SAVANNAH GA 31401,2A,SVR-02645,2026-10-12,2001616005,Arise Property Management,contact@stayatarise.com,9123880845,Type 2: Non-Owner-Occupied STVR Certificate,1,,4,SAVANNAH DOWNTOWN HISTORIC DISTRICT,2001616005,36 MARTIN LUTHER KING JR BLVD,2A,,SAVANNAH,GA,31401,"36 MARTIN LUTHER KING JR BLVD UNIT 2A, SAVANNAH, GA 31401",36 MARTIN LUTHER KING JR BLVD,36 MARTIN LUTHER KING JR BLVD UNIT 2A,Normalized,
36  MARTIN LUTHER KING JR BLVD  SAVANNAH GA 31401,2B,SVR-02646,2026-10-12,2001616005,Arise Property Management,contact@stayatarise.com,9123880845,Type 2: Non-Owner-Occupied STVR Certificate,1,,4,SAVANNAH DOWNTOWN HISTORIC DISTRICT,2001616005,36 MARTIN LUTHER KING JR BLVD,2B,,SAVANNAH,GA,31401,"36 MARTIN LUTHER KING JR BLVD UNIT 2B, SAVANNAH, GA 31401",36 MARTIN LUTHER KING JR BLVD,36 MARTIN LUTHER KING JR BLVD UNIT 2B,Normalized,
36  MARTIN LUTHER KING JR BLVD  SAVANNAH GA 31401,2C,SVR-02647,2026-10-12,2001616005,Arise Property Management,contact@stayatarise.com,9123880845,Type 2: Non-Owner-Occupied STVR Certificate,2,,4,SAVANNAH DOWNTOWN HISTORIC DISTRICT,2001616005,36 MARTIN LUTHER KING JR BLVD,2C,,SAVANNAH,GA,31401,"36 MARTIN LUTHER KING JR BLVD UNIT 2C, SAVANNAH, GA 31401",36 MARTIN LUTHER KING JR BLVD,36 MARTIN LUTHER KING JR BLVD UNIT 2C,Normalized,
36  MARTIN LUTHER KING JR BLVD  SAVANNAH GA 31401,2D,SVR-02648,2026-10-12,2001616005,Arise Property Management,contact@stayatarise.com,9123880845,Type 2: Non-Owner-Occupied STVR Certificate,2,,4,SAVANNAH DOWNTOWN HISTORIC DISTRICT,2001616005,36 MARTIN LUTHER KING JR BLVD,2D,,SAVANNAH,GA,31401,"36 MARTIN LUTHER KING JR BLVD UNIT 2D, SAVANNAH, GA 31401",36 MARTIN LUTHER KING JR BLVD,36 MARTIN LUTHER KING JR BLVD UNIT 2D,Normalized,
36  MARTIN LUTHER KING JR BLVD  SAVANNAH GA 31401,3A,SVR-02649,2026-10-12,2001616005,Arise Property Management,contact@stayatarise.com,9123880845,Type 2: Non-Owner-Occupied STVR Certificate,1,,4,SAVANNAH DOWNTOWN HISTORIC DISTRICT,2001616005,36 MARTIN LUTHER KING JR BLVD,3A,,SAVANNAH,GA,31401,"36 MARTIN LUTHER KING JR BLVD UNIT 3A, SAVANNAH, GA 31401",36 MARTIN LUTHER KING JR BLVD,36 MARTIN LUTHER KING JR BLVD UNIT 3A,Normalized,
36  MARTIN LUTHER KING JR BLVD  SAVANNAH GA 31401,3B,SVR-02650,2026-10-12,2001616005,Arise Property Management,contact@stayatarise.com,9123880845,Type 2: Non-Owner-Occupied STVR Certificate,1,,4,SAVANNAH DOWNTOWN HISTORIC DISTRICT,2001616005,36 MARTIN LUTHER KING JR BLVD,3B,,SAVANNAH,GA,31401,"36 MARTIN LUTHER KING JR BLVD UNIT 3B, SAVANNAH, GA 31401",36 MARTIN LUTHER KING JR BLVD,36 MARTIN LUTHER KING JR BLVD UNIT 3B,Normalized,
36  MARTIN LUTHER KING JR BLVD  SAVANNAH GA 31401,3C,SVR-02651,2026-10-12,2001616005,Arise Property Management,contact@stayatarise.com,9123880845,Type 2: Non-Owner-Occupied STVR Certificate,2,,4,SAVANNAH DOWNTOWN HISTORIC DISTRICT,2001616005,36 MARTIN LUTHER KING JR BLVD,3C,,SAVANNAH,GA,31401,"36 MARTIN LUTHER KING JR BLVD UNIT 3C, SAVANNAH, GA 31401",36 MARTIN LUTHER KING JR BLVD,36 MARTIN LUTHER KING JR BLVD UNIT 3C,Normalized,
36  MARTIN LUTHER KING JR BLVD  SAVANNAH GA 31401,3D,SVR-02652,2026-10-12,2001616005,Arise Property Management,contact@stayatarise.com,9123880845,Type 2: Non-Owner-Occupied STVR Certificate,2,,4,SAVANNAH DOWNTOWN HISTORIC DISTRICT,2001616005,36 MARTIN LUTHER KING JR BLVD,3D,,SAVANNAH,GA,31401,"36 MARTIN LUTHER KING JR BLVD UNIT 3D, SAVANNAH, GA 31401",36 MARTIN LUTHER KING JR BLVD,36 MARTIN LUTHER KING JR BLVD UNIT 3D,Normalized,
36  MARTIN LUTHER KING JR BLVD  SAVANNAH GA 31401,4A,SVR-02653,2026-10-12,2001616005,Arise Property Management,contact@stayatarise.com,9123880845,Type 2: Non-Owner-Occupied STVR Certificate,1,,4,SAVANNAH DOWNTOWN HISTORIC DISTRICT,2001616005,36 MARTIN LUTHER KING JR BLVD,4A,,SAVANNAH,GA,31401,"36 MARTIN LUTHER KING JR BLVD UNIT 4A, SAVANNAH, GA 31401",36 MARTIN LUTHER KING JR BLVD,36 MARTIN LUTHER KING JR BLVD UNIT 4A,Normalized,
36  MARTIN LUTHER KING JR BLVD  SAVANNAH GA 31401,4B,SVR-02654,2026-10-12,2001616005,Arise Property Management,contact@stayatarise.com,9123880845,Type 2: Non-Owner-Occupied STVR Certificate,1,,4,SAVANNAH DOWNTOWN HISTORIC DISTRICT,2001616005,36 MARTIN LUTHER KING JR BLVD,4B,,SAVANNAH,GA,31401,"36 MARTIN LUTHER KING JR BLVD UNIT 4B, SAVANNAH, GA 31401",36 MARTIN LUTHER KING JR BLVD,36 MARTIN LUTHER KING JR BLVD UNIT 4B,Normalized,
36  MARTIN LUTHER KING JR BLVD  SAVANNAH GA 31401,4C,SVR-02655,2026-10-12,2001616005,Arise Property Management,contact@stayatarise.com,9123880845,Type 2: Non-Owner-Occupied STVR Certificate,2,,4,SAVANNAH DOWNTOWN HISTORIC DISTRICT,2001616005,36 MARTIN LUTHER KING JR BLVD,4C,,SAVANNAH,GA,31401,"36 MARTIN LUTHER KING JR BLVD UNIT 4C, SAVANNAH, GA 31401",36 MARTIN LUTHER KING JR BLVD,36 MARTIN LUTHER KING JR BLVD UNIT 4C,Normalized,
36  MARTIN LUTHER KING JR BLVD  SAVANNAH GA 31401,4D,SVR-02656,2026-10-12,2001616005,Arise Property Management,contact@stayatarise.com,9123880845,Type 2: Non-Owner-Occupied STVR Certificate,2,,4,SAVANNAH DOWNTOWN HISTORIC DISTRICT,2001616005,36 MARTIN LUTHER KING JR BLVD,4D,,SAVANNAH,GA,31401,"36 MARTIN LUTHER KING JR BLVD UNIT 4D, SAVANNAH, GA 31401",36 MARTIN LUTHER KING JR BLVD,36 MARTIN LUTHER KING JR BLVD UNIT 4D,Normalized,
811  LINCOLN ST  SAVANNAH GA 31401,,SVR-02657,2026-10-19,2004414018,Douglas Kangur,dkangur@gmail.com,8015976993,Type 1: Owner-Occupied STVR Certificate,2,2,4,VICTORIAN HISTORIC DISTRICT,2004414018,811 LINCOLN ST,,,SAVANNAH,GA,31401,"811 LINCOLN ST, SAVANNAH, GA 31401",811 LINCOLN ST,811 LINCOLN ST,Normalized,
318 WEST DUFFY ST  SAVANNAH GA 31401,A,SVR-02658,2026-10-13,2005217014,Timothy Levy,tlprime4@gmail.com,5042508948,Type 2: Non-Owner-Occupied STVR Certificate,2,1,4,VICTORIAN HISTORIC DISTRICT,2005217014,318 W DUFFY ST,A,,SAVANNAH,GA,31401,"318 W DUFFY ST UNIT A, SAVANNAH, GA 31401",318 W DUFFY ST,318 W DUFFY ST UNIT A,Normalized,
402 WEST HALL ST  SAVANNAH GA 31401,,SVR-02659,2026-10-20,2004524020,NOLA RE Management Group LLC,compliance@stayheirloom.com,5045070523,Type 2: Non-Owner-Occupied STVR Certificate,3,1,6,SAVANNAH DOWNTOWN HISTORIC DISTRICT,2004524020,402 W HALL ST,,,SAVANNAH,GA,31401,"402 W HALL ST, SAVANNAH, GA 31401",402 W HALL ST,402 W HALL ST,Normalized,
139  LINCOLN ST  SAVANNAH GA 31401,,SVR-00260,2027-04-28,2001506021,Southern Belle Vacation Rentals,stvr@southernbellevr.com,9122890130,Type 2: Non-Owner-Occupied STVR Certificate,2,,6,SAVANNAH DOWNTOWN HISTORIC DISTRICT,2001506021,139 LINCOLN ST,,,SAVANNAH,GA,31401,"139 LINCOLN ST, SAVANNAH, GA 31401",139 LINCOLN ST,139 LINCOLN ST,Normalized,
404 WEST HALL ST  SAVANNAH GA 31401,,SVR-02660,2026-10-20,2004524019,NOLA RE Management Group LLC,compliance@stayheirloom.com,5045070523,Type 2: Non-Owner-Occupied STVR Certificate,3,1,6,SAVANNAH DOWNTOWN HISTORIC DISTRICT,2004524019,404 W HALL ST,,,SAVANNAH,GA,31401,"404 W HALL ST, SAVANNAH, GA 31401",404 W HALL ST,404 W HALL ST,Normalized,
406 WEST HALL ST  SAVANNAH GA 31401,,SVR-02661,2026-10-20,2004524018,NOLA RE Management Group LLC,compliance@stayheirloom.com,5045070523,Type 2: Non-Owner-Occupied STVR Certificate,3,1,6,SAVANNAH DOWNTOWN HISTORIC DISTRICT,2004524018,406 W HALL ST,,,SAVANNAH,GA,31401,"406 W HALL ST, SAVANNAH, GA 31401",406 W HALL ST,406 W HALL ST,Normalized,
408 WEST HALL ST  SAVANNAH GA 31401,,SVR-02662,2026-10-20,2004524017,NOLA RE Management Group LLC,compliance@stayheirloom.com,5045070523,Type 2: Non-Owner-Occupied STVR Certificate,3,1,6,SAVANNAH DOWNTOWN HISTORIC DISTRICT,2004524017,408 W HALL ST,,,SAVANNAH,GA,31401,"408 W HALL ST, SAVANNAH, GA 31401",408 W HALL ST,408 W HALL ST,Normalized,
410 WEST HALL ST  SAVANNAH GA 31401,,SVR-02663,2026-10-20,2004524016,NOLA RE Management Group LLC,compliance@stayheirloom.com,5045070523,Type 2: Non-Owner-Occupied STVR Certificate,3,1,6,SAVANNAH DOWNTOWN HISTORIC DISTRICT,2004524016,410 W HALL ST,,,SAVANNAH,GA,31401,"410 W HALL ST, SAVANNAH, GA 31401",410 W HALL ST,410 W HALL ST,Normalized,
412 WEST HALL ST  SAVANNAH GA 31401,,SVR-02664,2026-10-20,2004524015,NOLA RE Management Group LLC,compliance@stayheirloom.com,5045070523,Type 2: Non-Owner-Occupied STVR Certificate,3,1,6,SAVANNAH DOWNTOWN HISTORIC DISTRICT,2004524015,412 W HALL ST,,,SAVANNAH,GA,31401,"412 W HALL ST, SAVANNAH, GA 31401",412 W HALL ST,412 W HALL ST,Normalized,
623  MONTGOMERY ST  SAVANNAH GA 31401,,SVR-02665,2026-10-20,2004524022,NOLA RE Management Group LLC,compliance@stayheirloom.com,5045070523,Type 2: Non-Owner-Occupied STVR Certificate,3,1,6,SAVANNAH DOWNTOWN HISTORIC DISTRICT,2004524022,623 MONTGOMERY ST,,,SAVANNAH,GA,31401,"623 MONTGOMERY ST, SAVANNAH, GA 31401",623 MONTGOMERY ST,623 MONTGOMERY ST,Normalized,
625  MONTGOMERY ST  SAVANNAH GA 31401,,SVR-02666,2026-10-20,2004524021,NOLA RE Management Group LLC,compliance@stayheirloom.com,5045070523,Type 2: Non-Owner-Occupied STVR Certificate,3,1,6,SAVANNAH DOWNTOWN HISTORIC DISTRICT,2004524021,625 MONTGOMERY ST,,,SAVANNAH,GA,31401,"625 MONTGOMERY ST, SAVANNAH, GA 31401",625 MONTGOMERY ST,625 MONTGOMERY ST,Normalized,
309 WEST WALDBURG ST  SAVANNAH GA 31401,Main House,SVR-02667,2026-10-19,2005214006,Southern Grace Stays,southerngracegetaways@yahoo.com,9126008086,Type 2: Non-Owner-Occupied STVR Certificate,3,1,6,VICTORIAN HISTORIC DISTRICT,2005214006,309 W WALDBURG ST,MAIN HOUSE,,SAVANNAH,GA,31401,"309 W WALDBURG ST UNIT MAIN HOUSE, SAVANNAH, GA 31401",309 W WALDBURG ST,309 W WALDBURG ST UNIT MAIN HOUSE,Normalized,
310 WEST WALDBURG LN  SAVANNAH GA 31401,Carriage House,SVR-02668,2026-10-19,2005214006,Southern Grace Stays,southerngracegetaways@yahoo.com,9126008086,Type 2: Non-Owner-Occupied STVR Certificate,1,1,4,VICTORIAN HISTORIC DISTRICT,2005214006,310 W WALDBURG LN,CARRIAGE HOUSE,,SAVANNAH,GA,31401,"310 W WALDBURG LN UNIT CARRIAGE HOUSE, SAVANNAH, GA 31401",310 W WALDBURG LN,310 W WALDBURG LN UNIT CARRIAGE HOUSE,Normalized,
529 EAST BROAD ST  SAVANNAH GA 31401,,SVR-02669,2026-10-25,2003306016,South Key Management Company,chase@southkeymgmt.com,9128001321,Type 1: Owner-Occupied STVR Certificate,2,,4,SAVANNAH DOWNTOWN HISTORIC DISTRICT,2003306016,529 E BROAD ST,,,SAVANNAH,GA,31401,"529 E BROAD ST, SAVANNAH, GA 31401",529 E BROAD ST,529 E BROAD ST,Normalized,
411  ABERCORN ST  SAVANNAH GA 31401,,SVR-02670,2026-11-28,2003214014,Andrew Sheppard,arosssheppard@gmail.com,7068163675,Type 2: Non-Owner-Occupied STVR Certificate,1,,4,SAVANNAH DOWNTOWN HISTORIC DISTRICT,2003214014,411 ABERCORN ST,,,SAVANNAH,GA,31401,"411 ABERCORN ST, SAVANNAH, GA 31401",411 ABERCORN ST,411 ABERCORN ST,Normalized,
317 EAST ANDERSON ST  SAVANNAH GA 31401,,SVR-02673,2026-12-09,2005319012,Michael & Linda Blakemore d/b/a MLV Properties LLC,mike@mikeblakemore.com,9498870938,Type 2: Non-Owner-Occupied STVR Certificate,3,1,6,VICTORIAN HISTORIC DISTRICT,2005319012,317 E ANDERSON ST,,,SAVANNAH,GA,31401,"317 E ANDERSON ST, SAVANNAH, GA 31401",317 E ANDERSON ST,317 E ANDERSON ST,Normalized,
319 EAST ANDERSON ST  SAVANNAH GA 31401,A,SVR-02674,2026-12-09,2005319012,Michael & Linda Blakemore d/b/a MLV Properties LLC,mike@mikeblakemore.com,9498870938,Type 2: Non-Owner-Occupied STVR Certificate,2,1,4,VICTORIAN HISTORIC DISTRICT,2005319012,319 E ANDERSON ST,A,,SAVANNAH,GA,31401,"319 E ANDERSON ST UNIT A, SAVANNAH, GA 31401",319 E ANDERSON ST,319 E ANDERSON ST UNIT A,Normalized,
319 EAST ANDERSON ST  SAVANNAH GA 31401,B,SVR-02675,2026-12-09,2005319012,Michael & Linda Blakemore d/b/a MLV Properties LLC,mike@mikeblakemore.com,9498870938,Type 2: Non-Owner-Occupied STVR Certificate,2,1,4,VICTORIAN HISTORIC DISTRICT,2005319012,319 E ANDERSON ST,B,,SAVANNAH,GA,31401,"319 E ANDERSON ST UNIT B, SAVANNAH, GA 31401",319 E ANDERSON ST,319 E ANDERSON ST UNIT B,Normalized,
512.5 EAST WALDBURG ST  SAVANNAH GA 31401,A,SVR-02676,2026-11-10,2004311032,Patrick Hanlon,patrick.hanlon@isobelcollective.com,7086500114,Type 1: Owner-Occupied STVR Certificate,2,2,4,VICTORIAN HISTORIC DISTRICT,2004311032,5125 E WALDBURG ST,A,,SAVANNAH,GA,31401,"5125 E WALDBURG ST UNIT A, SAVANNAH, GA 31401",5125 E WALDBURG ST,5125 E WALDBURG ST UNIT A,Normalized,
512.5 EAST WALDBURG ST  SAVANNAH GA 31401,B,SVR-02677,2026-11-10,2004311032,Patrick Hanlon,patrick.hanlon@isobelcollective.com,7086500114,Type 1: Owner-Occupied STVR Certificate,2,2,4,VICTORIAN HISTORIC DISTRICT,2004311032,5125 E WALDBURG ST,B,,SAVANNAH,GA,31401,"5125 E WALDBURG ST UNIT B, SAVANNAH, GA 31401",5125 E WALDBURG ST,5125 E WALDBURG ST UNIT B,Normalized,
915  LINCOLN ST  SAVANNAH GA 31401,A,SVR-02678,2026-11-03,2004421020,Southern Grace Stays,southerngracegetaways@yahoo.com,9126008086,Type 1: Owner-Occupied STVR Certificate,2,1,4,VICTORIAN HISTORIC DISTRICT,2004421020,915 LINCOLN ST,A,,SAVANNAH,GA,31401,"915 LINCOLN ST UNIT A, SAVANNAH, GA 31401",915 LINCOLN ST,915 LINCOLN ST UNIT A,Normalized,
915  LINCOLN ST  SAVANNAH GA 31401,B,SVR-02679,2026-11-03,2004421020,Southern Grace Stays,southerngracegetaways@yahoo.com,9126008086,Type 1: Owner-Occupied STVR Certificate,2,1,4,VICTORIAN HISTORIC DISTRICT,2004421020,915 LINCOLN ST,B,,SAVANNAH,GA,31401,"915 LINCOLN ST UNIT B, SAVANNAH, GA 31401",915 LINCOLN ST,915 LINCOLN ST UNIT B,Normalized,
109 EAST PARK AVE  SAVANNAH GA 31401,D,SVR-00262,2027-07-31,2004433023,DIANE EAKINS,mobra54@yahoo.com,9122206987,Type 2: Non-Owner-Occupied STVR Certificate,1,1,4,VICTORIAN HISTORIC DISTRICT,2004433023,109 E PARK AVE,D,,SAVANNAH,GA,31401,"109 E PARK AVE UNIT D, SAVANNAH, GA 31401",109 E PARK AVE,109 E PARK AVE UNIT D,Normalized,
913  LINCOLN ST  SAVANNAH GA 31401,B,SVR-02680,2026-11-03,2004421020,Southern Grace Stays,southerngracegetaways@yahoo.com,9126008086,Type 1: Owner-Occupied STVR Certificate,2,1,4,VICTORIAN HISTORIC DISTRICT,2004421020,913 LINCOLN ST,B,,SAVANNAH,GA,31401,"913 LINCOLN ST UNIT B, SAVANNAH, GA 31401",913 LINCOLN ST,913 LINCOLN ST UNIT B,Normalized,
308 EAST PRESIDENT ST  SAVANNAH GA 31401,,SVR-02681,2026-12-01,2000457002B,Kaelin Durst,info@stayopulence.com,9122173388,Type 2: Non-Owner-Occupied STVR Certificate,4,,8,SAVANNAH DOWNTOWN HISTORIC DISTRICT,2000457002B,308 E PRESIDENT ST,,,SAVANNAH,GA,31401,"308 E PRESIDENT ST, SAVANNAH, GA 31401",308 E PRESIDENT ST,308 E PRESIDENT ST,Normalized,
416 EAST DUFFY ST  SAVANNAH GA 31401,,SVR-02683,2026-11-29,2005301004,Justin Gareau,savspots912@gmail.com,7063994685,Type 1: Owner-Occupied STVR Certificate,3,2,6,VICTORIAN HISTORIC DISTRICT,2005301004,416 E DUFFY ST,,,SAVANNAH,GA,31401,"416 E DUFFY ST, SAVANNAH, GA 31401",416 E DUFFY ST,416 E DUFFY ST,Normalized,
433  PORT ST  SAVANNAH GA 31401,,SVR-02685,2027-08-15,20006A01025,Tim Donahue,hbooth@baystreetrealtygroup.com,9126045954,Type 2: Non-Owner-Occupied STVR Certificate,3,4,6,EmptyFieldDisplayStrategy.HIDE,20006A01025,433 PORT ST,,,SAVANNAH,GA,31401,"433 PORT ST, SAVANNAH, GA 31401",433 PORT ST,433 PORT ST,Normalized,
307 EAST 41ST ST  SAVANNAH GA 31401,A,SVR-02686,2027-03-20,2007520016,Emily Morris d/b/a 2 Brides & A Bucket,2bridesandabucket@gmail.com,9124339506,Type 2: Non-Owner-Occupied STVR Certificate,3,1,6,STREETCAR HISTORIC DISTRICT,2007520016,307 E 41ST ST,A,,SAVANNAH,GA,31401,"307 E 41ST ST UNIT A, SAVANNAH, GA 31401",307 E 41ST ST,307 E 41ST ST UNIT A,Normalized,
307 EAST 41ST ST  SAVANNAH GA 31401,B,SVR-02687,2027-03-20,2007520016,Emily Morris d/b/a 2 Brides & A Bucket,2bridesandabucket@gmail.com,9124339506,Type 2: Non-Owner-Occupied STVR Certificate,1,1,4,STREETCAR HISTORIC DISTRICT,2007520016,307 E 41ST ST,B,,SAVANNAH,GA,31401,"307 E 41ST ST UNIT B, SAVANNAH, GA 31401",307 E 41ST ST,307 E 41ST ST UNIT B,Normalized,
225 EAST HALL ST  SAVANNAH GA 31401,1,SVR-02690,2026-12-15,2004406012,Anderson VIP Concierge LLC,mary@savannahluxuryrentals.com,9123252022,Type 2: Non-Owner-Occupied STVR Certificate,1,,4,SAVANNAH DOWNTOWN HISTORIC DISTRICT,2004406012,225 E HALL ST,1,,SAVANNAH,GA,31401,"225 E HALL ST UNIT 1, SAVANNAH, GA 31401",225 E HALL ST,225 E HALL ST UNIT 1,Normalized,
225 EAST HALL ST  SAVANNAH GA 31401,2,SVR-02691,2026-12-15,2004406012,Anderson VIP Concierge LLC,mary@savannahluxuryrentals.com,9123252022,Type 2: Non-Owner-Occupied STVR Certificate,1,,4,SAVANNAH DOWNTOWN HISTORIC DISTRICT,2004406012,225 E HALL ST,2,,SAVANNAH,GA,31401,"225 E HALL ST UNIT 2, SAVANNAH, GA 31401",225 E HALL ST,225 E HALL ST UNIT 2,Normalized,
225 EAST HALL ST  SAVANNAH GA 31401,A,SVR-02692,2026-12-15,2004406013,Anderson VIP Concierge LLC,mary@savannahluxuryrentals.com,9125252022,Type 2: Non-Owner-Occupied STVR Certificate,1,,4,SAVANNAH DOWNTOWN HISTORIC DISTRICT,2004406013,225 E HALL ST,A,,SAVANNAH,GA,31401,"225 E HALL ST UNIT A, SAVANNAH, GA 31401",225 E HALL ST,225 E HALL ST UNIT A,Normalized,
225 EAST HALL ST  SAVANNAH GA 31401,B,SVR-02693,2026-12-15,2004406013,Anderson VIP Concierge LLC,mary@savannahluxuryrentals.com,9123252022,Type 2: Non-Owner-Occupied STVR Certificate,2,,4,SAVANNAH DOWNTOWN HISTORIC DISTRICT,2004406013,225 E HALL ST,B,,SAVANNAH,GA,31401,"225 E HALL ST UNIT B, SAVANNAH, GA 31401",225 E HALL ST,225 E HALL ST UNIT B,Normalized,
411 WEST CONGRESS ST  SAVANNAH GA 31401,6,SVR-02694,2027-01-06,2001616024,Kaelin Durst,info@stayopulence.com,9122173388,Type 2: Non-Owner-Occupied STVR Certificate,2,,4,SAVANNAH DOWNTOWN HISTORIC DISTRICT,2001616024,411 W CONGRESS ST,6,,SAVANNAH,GA,31401,"411 W CONGRESS ST UNIT 6, SAVANNAH, GA 31401",411 W CONGRESS ST,411 W CONGRESS ST UNIT 6,Normalized,
1308  MARTIN LUTHER KING JR BLVD  SAVANNAH GA 31401,C,SVR-02698,2027-03-01,2005230002,Southern Grace Stays,southerngracegetaways@yahoo.com,9126008086,Type 2: Non-Owner-Occupied STVR Certificate,2,2,4,VICTORIAN HISTORIC DISTRICT,2005230002,1308 MARTIN LUTHER KING JR BLVD,C,,SAVANNAH,GA,31401,"1308 MARTIN LUTHER KING JR BLVD UNIT C, SAVANNAH, GA 31401",1308 MARTIN LUTHER KING JR BLVD,1308 MARTIN LUTHER KING JR BLVD UNIT C,Normalized,
112 EAST JONES ST  SAVANNAH GA 31401,,SVR-02701,2027-02-06,2003207009,24square Inc,24squaresavannah@gmail.com,9787667088,Type 2: Non-Owner-Occupied STVR Certificate,6,2,12,SAVANNAH DOWNTOWN HISTORIC DISTRICT,2003207009,112 E JONES ST,,,SAVANNAH,GA,31401,"112 E JONES ST, SAVANNAH, GA 31401",112 E JONES ST,112 E JONES ST,Normalized,
524  NICOLL ST  SAVANNAH GA 31401,A,SVR-02702,2027-02-14,2003307012,Vacasa LLC,permitting@vacasa.com,5033459399,Type 2: Non-Owner-Occupied STVR Certificate,3,1,6,SAVANNAH DOWNTOWN HISTORIC DISTRICT,2003307012,524 NICOLL ST,A,,SAVANNAH,GA,31401,"524 NICOLL ST UNIT A, SAVANNAH, GA 31401",524 NICOLL ST,524 NICOLL ST UNIT A,Normalized,
524  NICOLL ST  SAVANNAH GA 31401,B,SVR-02703,2027-02-14,2003307012,Vacasa LLC,permitting@vacasa.com,5033459399,Type 2: Non-Owner-Occupied STVR Certificate,3,1,6,SAVANNAH DOWNTOWN HISTORIC DISTRICT,2003307012,524 NICOLL ST,B,,SAVANNAH,GA,31401,"524 NICOLL ST UNIT B, SAVANNAH, GA 31401",524 NICOLL ST,524 NICOLL ST UNIT B,Normalized,
225 EAST HUNTINGDON ST  SAVANNAH GA 31401,A,SVR-02704,2027-02-07,2004401001,24square Inc,24squaresavannah@gmail.com,9787667088,Type 1: Owner-Occupied STVR Certificate,2,1,4,SAVANNAH DOWNTOWN HISTORIC DISTRICT,2004401001,225 E HUNTINGDON ST,A,,SAVANNAH,GA,31401,"225 E HUNTINGDON ST UNIT A, SAVANNAH, GA 31401",225 E HUNTINGDON ST,225 E HUNTINGDON ST UNIT A,Normalized,
225 EAST HUNTINGDON ST  SAVANNAH GA 31401,B,SVR-02705,2027-02-07,2004401001,24square Inc,24squaresavannah@gmail.com,9787667088,Type 1: Owner-Occupied STVR Certificate,2,1,4,SAVANNAH DOWNTOWN HISTORIC DISTRICT,2004401001,225 E HUNTINGDON ST,B,,SAVANNAH,GA,31401,"225 E HUNTINGDON ST UNIT B, SAVANNAH, GA 31401",225 E HUNTINGDON ST,225 E HUNTINGDON ST UNIT B,Normalized,
225 EAST HUNTINGDON ST  SAVANNAH GA 31401,C,SVR-02706,2027-02-07,2004401001,24square Inc,24squaresavannah@gmail.com,9787667088,Type 1: Owner-Occupied STVR Certificate,1,1,4,SAVANNAH DOWNTOWN HISTORIC DISTRICT,2004401001,225 E HUNTINGDON ST,C,,SAVANNAH,GA,31401,"225 E HUNTINGDON ST UNIT C, SAVANNAH, GA 31401",225 E HUNTINGDON ST,225 E HUNTINGDON ST UNIT C,Normalized,
224 EAST HUNTINGDON LN  SAVANNAH GA 31401,,SVR-02707,2027-02-07,2004401001,24square Inc,24squaresavannah@gmail.com,9787667088,Type 1: Owner-Occupied STVR Certificate,1,1,4,SAVANNAH DOWNTOWN HISTORIC DISTRICT,2004401001,224 E HUNTINGDON LN,,,SAVANNAH,GA,31401,"224 E HUNTINGDON LN, SAVANNAH, GA 31401",224 E HUNTINGDON LN,224 E HUNTINGDON LN,Normalized,
165 WEST BAY ST  SAVANNAH GA 31401,403,SVR-02709,2027-02-17,2000413050,South Key Management Company,chase@southkeymgmt.com,9128001321,Type 2: Non-Owner-Occupied STVR Certificate,2,1,4,SAVANNAH DOWNTOWN HISTORIC DISTRICT,2000413050,165 W BAY ST,403,,SAVANNAH,GA,31401,"165 W BAY ST UNIT 403, SAVANNAH, GA 31401",165 W BAY ST,165 W BAY ST UNIT 403,Normalized,
210 WEST WALDBURG ST  SAVANNAH GA 31401,,SVR-00265,2027-05-23,2004417017,Southern Belle Vacation Rentals,stvr@southernbellevr.com,9122890130,Type 2: Non-Owner-Occupied STVR Certificate,3,2,8,VICTORIAN HISTORIC DISTRICT,2004417017,210 W WALDBURG ST,,,SAVANNAH,GA,31401,"210 W WALDBURG ST, SAVANNAH, GA 31401",210 W WALDBURG ST,210 W WALDBURG ST,Normalized,
503  PORT ST  SAVANNAH GA 31401,,SVR-02710,2027-03-20,2000605058,Jane Hall,melinda.verner@gmail.com,6153641179,Type 2: Non-Owner-Occupied STVR Certificate,3,4,6,EmptyFieldDisplayStrategy.HIDE,2000605058,503 PORT ST,,,SAVANNAH,GA,31401,"503 PORT ST, SAVANNAH, GA 31401",503 PORT ST,503 PORT ST,Normalized,
210 EAST STATE ST  SAVANNAH GA 31401,37,SVR-02712,2027-05-21,2000447046,Ashford Thomson,ashfordthomson@gmail.com,4053264837,Type 2: Non-Owner-Occupied STVR Certificate,1,,4,SAVANNAH DOWNTOWN HISTORIC DISTRICT,2000447046,210 E STATE ST,37,,SAVANNAH,GA,31401,"210 E STATE ST UNIT 37, SAVANNAH, GA 31401",210 E STATE ST,210 E STATE ST UNIT 37,Normalized,
314 EAST OGLETHORPE AVE  SAVANNAH GA 31401,3,SVR-02720,2027-03-31,2001505016,Carlos Cordero d/b/a Stay Here,stayheresavannah@gmail.com,9126503343,Type 2: Non-Owner-Occupied STVR Certificate,2,,4,SAVANNAH DOWNTOWN HISTORIC DISTRICT,2001505016,314 E OGLETHORPE AVE,3,,SAVANNAH,GA,31401,"314 E OGLETHORPE AVE UNIT 3, SAVANNAH, GA 31401",314 E OGLETHORPE AVE,314 E OGLETHORPE AVE UNIT 3,Normalized,
314 EAST OGLETHORPE AVE  SAVANNAH GA 31401,4,SVR-02721,2027-03-30,2001505016,Carlos Cordero d/b/a Stay Here,stayheresavannah@gmail.com,9126503343,Type 2: Non-Owner-Occupied STVR Certificate,2,,4,SAVANNAH DOWNTOWN HISTORIC DISTRICT,2001505016,314 E OGLETHORPE AVE,4,,SAVANNAH,GA,31401,"314 E OGLETHORPE AVE UNIT 4, SAVANNAH, GA 31401",314 E OGLETHORPE AVE,314 E OGLETHORPE AVE UNIT 4,Normalized,
314 EAST OGLETHORPE AVE  SAVANNAH GA 31401,5,SVR-02722,2027-03-30,2001505016,Carlos Cordero d/b/a Stay Here,stayheresavannah@gmail.com,9126503343,Type 2: Non-Owner-Occupied STVR Certificate,1,,4,SAVANNAH DOWNTOWN HISTORIC DISTRICT,2001505016,314 E OGLETHORPE AVE,5,,SAVANNAH,GA,31401,"314 E OGLETHORPE AVE UNIT 5, SAVANNAH, GA 31401",314 E OGLETHORPE AVE,314 E OGLETHORPE AVE UNIT 5,Normalized,
314 EAST OGLETHORPE AVE  SAVANNAH GA 31401,6,SVR-02723,2027-03-30,2001505016,Carlos Cordero d/b/a Stay Here,stayheresavannah@gmail.com,9126503343,Type 2: Non-Owner-Occupied STVR Certificate,1,,4,SAVANNAH DOWNTOWN HISTORIC DISTRICT,2001505016,314 E OGLETHORPE AVE,6,,SAVANNAH,GA,31401,"314 E OGLETHORPE AVE UNIT 6, SAVANNAH, GA 31401",314 E OGLETHORPE AVE,314 E OGLETHORPE AVE UNIT 6,Normalized,
210 EAST STATE ST  SAVANNAH GA 31401,8,SVR-02725,2027-03-07,2000447016,Hosting Savannah LLC,hostingsavannah@gmail.com,4436104230,Type 2: Non-Owner-Occupied STVR Certificate,1,,4,SAVANNAH DOWNTOWN HISTORIC DISTRICT,2000447016,210 E STATE ST,8,,SAVANNAH,GA,31401,"210 E STATE ST UNIT 8, SAVANNAH, GA 31401",210 E STATE ST,210 E STATE ST UNIT 8,Normalized,
517 EAST 39TH ST  SAVANNAH GA 31401,B,SVR-02726,2027-03-20,2007505005,Alexander Mangum,amangum3@gmail.com,7702987101,Type 1: Owner-Occupied STVR Certificate,1,1,4,STREETCAR HISTORIC DISTRICT,2007505005,517 E 39TH ST,B,,SAVANNAH,GA,31401,"517 E 39TH ST UNIT B, SAVANNAH, GA 31401",517 E 39TH ST,517 E 39TH ST UNIT B,Normalized,
539 EAST BOLTON ST  SAVANNAH GA 31401,B,SVR-02727,2027-03-09,2004311027,Sea Savannah LLC,beattyproperties@gmail.com,4048058098,Type 1: Owner-Occupied STVR Certificate,3,2,6,VICTORIAN HISTORIC DISTRICT,2004311027,539 E BOLTON ST,B,,SAVANNAH,GA,31401,"539 E BOLTON ST UNIT B, SAVANNAH, GA 31401",539 E BOLTON ST,539 E BOLTON ST UNIT B,Normalized,
554 EAST TAYLOR ST  SAVANNAH GA 31401,Carriage House,SVR-02728,2027-03-13,2003301020,Cora Bett Thomas Rentals and Management,stvr@cbtrentals.com,9125036652,Type 1: Owner-Occupied STVR Certificate,1,,4,SAVANNAH DOWNTOWN HISTORIC DISTRICT,2003301020,554 E TAYLOR ST,CARRIAGE HOUSE,,SAVANNAH,GA,31401,"554 E TAYLOR ST UNIT CARRIAGE HOUSE, SAVANNAH, GA 31401",554 E TAYLOR ST,554 E TAYLOR ST UNIT CARRIAGE HOUSE,Normalized,
315 WEST HALL ST  SAVANNAH GA 31401,A,SVR-02729,2027-03-23,2004529010,South Key Management Company,chase@southkeymgmt.com,9128001321,Type 2: Non-Owner-Occupied STVR Certificate,3,1,6,SAVANNAH DOWNTOWN HISTORIC DISTRICT,2004529010,315 W HALL ST,A,,SAVANNAH,GA,31401,"315 W HALL ST UNIT A, SAVANNAH, GA 31401",315 W HALL ST,315 W HALL ST UNIT A,Normalized,
315 WEST HALL ST  SAVANNAH GA 31401,B,SVR-02730,2027-03-23,2004529010,South Key Management Company,chase@southkeymgmt.com,9128001321,Type 2: Non-Owner-Occupied STVR Certificate,2,1,4,SAVANNAH DOWNTOWN HISTORIC DISTRICT,2004529010,315 W HALL ST,B,,SAVANNAH,GA,31401,"315 W HALL ST UNIT B, SAVANNAH, GA 31401",315 W HALL ST,315 W HALL ST UNIT B,Normalized,
125 EAST LIBERTY ST  SAVANNAH GA 31401,,SVR-02731,2027-03-12,2001533004B,24square Inc,24squaresavannah@gmail.com,9787667088,Type 2: Non-Owner-Occupied STVR Certificate,3,,6,SAVANNAH DOWNTOWN HISTORIC DISTRICT,2001533004B,125 E LIBERTY ST,,,SAVANNAH,GA,31401,"125 E LIBERTY ST, SAVANNAH, GA 31401",125 E LIBERTY ST,125 E LIBERTY ST,Normalized,
127 EAST LIBERTY ST  SAVANNAH GA 31401,A,SVR-02732,2027-03-12,2001533004,24square Inc,24squaresavannah@gmail.com,9787667088,Type 2: Non-Owner-Occupied STVR Certificate,1,1,4,SAVANNAH DOWNTOWN HISTORIC DISTRICT,2001533004,127 E LIBERTY ST,A,,SAVANNAH,GA,31401,"127 E LIBERTY ST UNIT A, SAVANNAH, GA 31401",127 E LIBERTY ST,127 E LIBERTY ST UNIT A,Normalized,
127 EAST LIBERTY ST  SAVANNAH GA 31401,B,SVR-02733,2027-03-12,2001533004,24square Inc,24squaresavannah@gmail.com,9787667088,Type 2: Non-Owner-Occupied STVR Certificate,2,1,4,SAVANNAH DOWNTOWN HISTORIC DISTRICT,2001533004,127 E LIBERTY ST,B,,SAVANNAH,GA,31401,"127 E LIBERTY ST UNIT B, SAVANNAH, GA 31401",127 E LIBERTY ST,127 E LIBERTY ST UNIT B,Normalized,
107 WEST GORDON ST  SAVANNAH GA 31401,1,SVR-02734,2027-03-12,2003242012,24square Inc,24squaresavannah@gmail.com,9787667088,Type 2: Non-Owner-Occupied STVR Certificate,1,,4,SAVANNAH DOWNTOWN HISTORIC DISTRICT,2003242012,107 W GORDON ST,1,,SAVANNAH,GA,31401,"107 W GORDON ST UNIT 1, SAVANNAH, GA 31401",107 W GORDON ST,107 W GORDON ST UNIT 1,Normalized,
107 WEST GORDON ST  SAVANNAH GA 31401,2,SVR-02735,2027-03-12,2003242012,24square Inc,24squaresavannah@gmail.com,9787667088,Type 2: Non-Owner-Occupied STVR Certificate,1,,4,SAVANNAH DOWNTOWN HISTORIC DISTRICT,2003242012,107 W GORDON ST,2,,SAVANNAH,GA,31401,"107 W GORDON ST UNIT 2, SAVANNAH, GA 31401",107 W GORDON ST,107 W GORDON ST UNIT 2,Normalized,
107 WEST GORDON ST  SAVANNAH GA 31401,3,SVR-02736,2027-03-12,2003242012,24square Inc,24squaresavannah@gmail.com,9787667088,Type 2: Non-Owner-Occupied STVR Certificate,1,,4,SAVANNAH DOWNTOWN HISTORIC DISTRICT,2003242012,107 W GORDON ST,3,,SAVANNAH,GA,31401,"107 W GORDON ST UNIT 3, SAVANNAH, GA 31401",107 W GORDON ST,107 W GORDON ST UNIT 3,Normalized,
107 WEST GORDON ST  SAVANNAH GA 31401,4,SVR-02737,2027-03-12,2003242012,24square Inc,24squaresavannah@gmail.com,9787667088,Type 2: Non-Owner-Occupied STVR Certificate,1,,4,SAVANNAH DOWNTOWN HISTORIC DISTRICT,2003242012,107 W GORDON ST,4,,SAVANNAH,GA,31401,"107 W GORDON ST UNIT 4, SAVANNAH, GA 31401",107 W GORDON ST,107 W GORDON ST UNIT 4,Normalized,
107 WEST GORDON LN  SAVANNAH GA 31401,Carriage House,SVR-02738,2027-03-12,2003242012,24square Inc,24squaresavannah@gmail.com,9787667088,Type 2: Non-Owner-Occupied STVR Certificate,1,,4,SAVANNAH DOWNTOWN HISTORIC DISTRICT,2003242012,107 W GORDON LN,CARRIAGE HOUSE,,SAVANNAH,GA,31401,"107 W GORDON LN UNIT CARRIAGE HOUSE, SAVANNAH, GA 31401",107 W GORDON LN,107 W GORDON LN UNIT CARRIAGE HOUSE,Normalized,
305  ALICE ST  SAVANNAH GA 31401,,SVR-02739,2027-03-12,2004516010,Allam Garcia d/b/a PMI Coastal GA,info@pmicoastalga.com,9122722386,Type 2: Non-Owner-Occupied STVR Certificate,3,1,6,SAVANNAH DOWNTOWN HISTORIC DISTRICT,2004516010,305 ALICE ST,,,SAVANNAH,GA,31401,"305 ALICE ST, SAVANNAH, GA 31401",305 ALICE ST,305 ALICE ST,Normalized,
306 WEST GASTON ST  SAVANNAH GA 31401,Carriage House,SVR-02740,2027-03-12,2004516010,Allam Garcia d/b/a PMI Coastal GA,info@pmicoastalga.com,9122722386,Type 2: Non-Owner-Occupied STVR Certificate,1,1,4,SAVANNAH DOWNTOWN HISTORIC DISTRICT,2004516010,306 W GASTON ST,CARRIAGE HOUSE,,SAVANNAH,GA,31401,"306 W GASTON ST UNIT CARRIAGE HOUSE, SAVANNAH, GA 31401",306 W GASTON ST,306 W GASTON ST UNIT CARRIAGE HOUSE,Normalized,
101 WEST TAYLOR ST  SAVANNAH GA 31401,2,SVR-02743,2027-03-22,2003223005,Eric Karter,seven11realtyllc@gmail.com,4072362606,Type 2: Non-Owner-Occupied STVR Certificate,1,,4,SAVANNAH DOWNTOWN HISTORIC DISTRICT,2003223005,101 W TAYLOR ST,2,,SAVANNAH,GA,31401,"101 W TAYLOR ST UNIT 2, SAVANNAH, GA 31401",101 W TAYLOR ST,101 W TAYLOR ST UNIT 2,Normalized,
101 WEST TAYLOR ST  SAVANNAH GA 31401,3,SVR-02744,2027-03-22,2003223005,Eric Karter,seven11realtyllc@gmail.com,4072362606,Type 2: Non-Owner-Occupied STVR Certificate,2,,4,SAVANNAH DOWNTOWN HISTORIC DISTRICT,2003223005,101 W TAYLOR ST,3,,SAVANNAH,GA,31401,"101 W TAYLOR ST UNIT 3, SAVANNAH, GA 31401",101 W TAYLOR ST,101 W TAYLOR ST UNIT 3,Normalized,
101 WEST TAYLOR ST  SAVANNAH GA 31401,4,SVR-02745,2027-03-22,2003223005,Eric Karter,seven11realtyllc@gmail.com,4072362606,Type 2: Non-Owner-Occupied STVR Certificate,1,,4,SAVANNAH DOWNTOWN HISTORIC DISTRICT,2003223005,101 W TAYLOR ST,4,,SAVANNAH,GA,31401,"101 W TAYLOR ST UNIT 4, SAVANNAH, GA 31401",101 W TAYLOR ST,101 W TAYLOR ST UNIT 4,Normalized,
105 WEST OGLETHORPE AVE  SAVANNAH GA 31401,203,SVR-02746,2027-03-28,2001512003B,Lucky Savannah Vacation Rentals,owners@luckysavannah.com,9124958582,Type 2: Non-Owner-Occupied STVR Certificate,2,,4,SAVANNAH DOWNTOWN HISTORIC DISTRICT,2001512003B,105 W OGLETHORPE AVE,203,,SAVANNAH,GA,31401,"105 W OGLETHORPE AVE UNIT 203, SAVANNAH, GA 31401",105 W OGLETHORPE AVE,105 W OGLETHORPE AVE UNIT 203,Normalized,
"204 W BROUGHTON ST, SAVANNAH, GA, 31401",201 aka 49 Barnard Street at,SVR-02747,2027-04-11,2001614101,John Dillon d/b/a Moss and Oak LLC,mossandoaksavannah@gmail.com,9126929393,Type 2: Non-Owner-Occupied STVR Certificate,1,1,4,SAVANNAH DOWNTOWN HISTORIC DISTRICT,2001614101,204 W BROUGHTON ST,201 AKA 49 BARNARD STREET AT,,SAVANNAH,GA,31401,"204 W BROUGHTON ST UNIT 201 AKA 49 BARNARD STREET AT, SAVANNAH, GA 31401",204 W BROUGHTON ST,204 W BROUGHTON ST UNIT 201 AKA 49 BARNARD STREET AT,Normalized,
111  LINCOLN ST  SAVANNAH GA 31401,3-B,SVR-02748,2027-04-11,2000447053,William Wester,treywester@gmail.com,4783570278,Type 2: Non-Owner-Occupied STVR Certificate,2,,4,SAVANNAH DOWNTOWN HISTORIC DISTRICT,2000447053,111 LINCOLN ST,3-B,,SAVANNAH,GA,31401,"111 LINCOLN ST UNIT 3-B, SAVANNAH, GA 31401",111 LINCOLN ST,111 LINCOLN ST UNIT 3-B,Normalized,
515 EAST HUNTINGDON ST  SAVANNAH GA 31401,,SVR-02752,2027-04-04,2003307005,Allan Garcia db/a PMI Coastal GA,info@pmicoastalga.com,9122722386,Type 2: Non-Owner-Occupied STVR Certificate,3,1,6,SAVANNAH DOWNTOWN HISTORIC DISTRICT,2003307005,515 E HUNTINGDON ST,,,SAVANNAH,GA,31401,"515 E HUNTINGDON ST, SAVANNAH, GA 31401",515 E HUNTINGDON ST,515 E HUNTINGDON ST,Normalized,
505 EAST HENRY ST  SAVANNAH GA 31401,,SVR-02753,2027-05-25,2005314023,NOLA Re Management Group LLC,compliance@stayheirloom.com,5045070523,Type 2: Non-Owner-Occupied STVR Certificate,5,2,10,VICTORIAN HISTORIC DISTRICT,2005314023,505 E HENRY ST,,,SAVANNAH,GA,31401,"505 E HENRY ST, SAVANNAH, GA 31401",505 E HENRY ST,505 E HENRY ST,Normalized,
424 EAST PRESIDENT ST  SAVANNAH GA 31401,A,SVR-02754,2027-04-04,2000523001,24square Inc,24squaresavannah@gmail.com,9787667088,Type 2: Non-Owner-Occupied STVR Certificate,3,1,6,SAVANNAH DOWNTOWN HISTORIC DISTRICT,2000523001,424 E PRESIDENT ST,A,,SAVANNAH,GA,31401,"424 E PRESIDENT ST UNIT A, SAVANNAH, GA 31401",424 E PRESIDENT ST,424 E PRESIDENT ST UNIT A,Normalized,
424 EAST PRESIDENT ST  SAVANNAH GA 31401,B,SVR-02755,2027-04-04,2000523001,24square Inc,24squaresavannah@gmail.com,9787667088,Type 2: Non-Owner-Occupied STVR Certificate,2,1,4,SAVANNAH DOWNTOWN HISTORIC DISTRICT,2000523001,424 E PRESIDENT ST,B,,SAVANNAH,GA,31401,"424 E PRESIDENT ST UNIT B, SAVANNAH, GA 31401",424 E PRESIDENT ST,424 E PRESIDENT ST UNIT B,Normalized,
11 WEST GORDON ST  SAVANNAH GA 31401,A,SVR-02756,2027-04-05,2003243004,Chaz Fraser,contact@stayatarise.com,9123880845,Type 2: Non-Owner-Occupied STVR Certificate,3,1,6,SAVANNAH DOWNTOWN HISTORIC DISTRICT,2003243004,11 W GORDON ST,A,,SAVANNAH,GA,31401,"11 W GORDON ST UNIT A, SAVANNAH, GA 31401",11 W GORDON ST,11 W GORDON ST UNIT A,Normalized,
11 WEST GORDON ST  SAVANNAH GA 31401,B,SVR-02757,2027-04-04,2003243004,Chaz Fraser,contact@stayatarise.com,9123880845,Type 2: Non-Owner-Occupied STVR Certificate,1,1,4,SAVANNAH DOWNTOWN HISTORIC DISTRICT,2003243004,11 W GORDON ST,B,,SAVANNAH,GA,31401,"11 W GORDON ST UNIT B, SAVANNAH, GA 31401",11 W GORDON ST,11 W GORDON ST UNIT B,Normalized,
11 WEST GORDON ST  SAVANNAH GA 31401,C,SVR-02758,2027-04-05,2003243004,Chaz Fraser,contact@stayatarise.com,9123888045,Type 2: Non-Owner-Occupied STVR Certificate,1,1,4,SAVANNAH DOWNTOWN HISTORIC DISTRICT,2003243004,11 W GORDON ST,C,,SAVANNAH,GA,31401,"11 W GORDON ST UNIT C, SAVANNAH, GA 31401",11 W GORDON ST,11 W GORDON ST UNIT C,Normalized,
508 EAST BRYAN ST  SAVANNAH GA 31401,,SVR-00270,2027-04-28,2000504006A,Lucky Savannah Vacation Rentals,owners@luckysavannah.com,9124958582,Type 2: Non-Owner-Occupied STVR Certificate,2,1,6,SAVANNAH DOWNTOWN HISTORIC DISTRICT,2000504006A,508 E BRYAN ST,,,SAVANNAH,GA,31401,"508 E BRYAN ST, SAVANNAH, GA 31401",508 E BRYAN ST,508 E BRYAN ST,Normalized,
315 EAST YORK LN  SAVANNAH GA 31401,,SVR-02761,2027-04-06,2001505015,Carlos Cordero d/b/a Stay Here,stayheresavannah@gmail.com,9126503343,Type 2: Non-Owner-Occupied STVR Certificate,1,,4,SAVANNAH DOWNTOWN HISTORIC DISTRICT,2001505015,315 E YORK LN,,,SAVANNAH,GA,31401,"315 E YORK LN, SAVANNAH, GA 31401",315 E YORK LN,315 E YORK LN,Normalized,
317 EAST YORK LN  SAVANNAH GA 31401,A,SVR-02762,2027-04-06,2001505015,Carlos Cordero d/b/a Stay Here,stayheresavannah@gmail.com,9126503343,Type 2: Non-Owner-Occupied STVR Certificate,1,,4,SAVANNAH DOWNTOWN HISTORIC DISTRICT,2001505015,317 E YORK LN,A,,SAVANNAH,GA,31401,"317 E YORK LN UNIT A, SAVANNAH, GA 31401",317 E YORK LN,317 E YORK LN UNIT A,Normalized,
317 EAST YORK LN  SAVANNAH GA 31401,B,SVR-02763,2027-04-06,2001505015,Carlos Cordero d/b/a Stay Here,stayheresavannah@gmail.com,9126503343,Type 2: Non-Owner-Occupied STVR Certificate,1,,4,SAVANNAH DOWNTOWN HISTORIC DISTRICT,2001505015,317 E YORK LN,B,,SAVANNAH,GA,31401,"317 E YORK LN UNIT B, SAVANNAH, GA 31401",317 E YORK LN,317 E YORK LN UNIT B,Normalized,
521 EAST DUFFY ST  SAVANNAH GA 31401,A,SVR-02764,2027-04-06,2005307019,Shivangi Patel,shivangi0815@gmail.com,9127772023,Type 2: Non-Owner-Occupied STVR Certificate,2,1,4,VICTORIAN HISTORIC DISTRICT,2005307019,521 E DUFFY ST,A,,SAVANNAH,GA,31401,"521 E DUFFY ST UNIT A, SAVANNAH, GA 31401",521 E DUFFY ST,521 E DUFFY ST UNIT A,Normalized,
521 EAST DUFFY ST  SAVANNAH GA 31401,B,SVR-02765,2027-04-06,2005307019,Shivangi Patel,shivangi0815@gmail.com,9127772023,Type 2: Non-Owner-Occupied STVR Certificate,2,1,4,VICTORIAN HISTORIC DISTRICT,2005307019,521 E DUFFY ST,B,,SAVANNAH,GA,31401,"521 E DUFFY ST UNIT B, SAVANNAH, GA 31401",521 E DUFFY ST,521 E DUFFY ST UNIT B,Normalized,
121 WEST PARK AVE  SAVANNAH GA 31401,2,SVR-02768,2027-01-07,2004430023,MICHAEL & BRITTANY HAYMES,haymes.michael@yahoo.com,3866828327,Type 2: Non-Owner-Occupied STVR Certificate,1,1,4,VICTORIAN HISTORIC DISTRICT,2004430023,121 W PARK AVE,2,,SAVANNAH,GA,31401,"121 W PARK AVE UNIT 2, SAVANNAH, GA 31401",121 W PARK AVE,121 W PARK AVE UNIT 2,Normalized,
523 EAST DUFFY ST  SAVANNAH GA 31401,,SVR-02769,2026-12-09,2005307001,Harout Samra,hsamra@gmail.com,3057532703,Type 2: Non-Owner-Occupied STVR Certificate,3,3,6,VICTORIAN HISTORIC DISTRICT,2005307001,523 E DUFFY ST,,,SAVANNAH,GA,31401,"523 E DUFFY ST, SAVANNAH, GA 31401",523 E DUFFY ST,523 E DUFFY ST,Normalized,
534 EAST GWINNETT ST  SAVANNAH GA 31401,,SVR-00271,2027-05-10,2004302005,Tom Houston,mp@pharealty.com,4192963800,Type 2: Non-Owner-Occupied STVR Certificate,3,,8,SAVANNAH DOWNTOWN HISTORIC DISTRICT,2004302005,534 E GWINNETT ST,,,SAVANNAH,GA,31401,"534 E GWINNETT ST, SAVANNAH, GA 31401",534 E GWINNETT ST,534 E GWINNETT ST,Normalized,
307  ALICE ST  SAVANNAH GA 31401,Main House,SVR-02770,2027-04-27,2004516009,Robert Shawver,brbpropertiesinc@gmail.com,9126606019,Type 2: Non-Owner-Occupied STVR Certificate,3,,6,SAVANNAH DOWNTOWN HISTORIC DISTRICT,2004516009,307 ALICE ST,MAIN HOUSE,,SAVANNAH,GA,31401,"307 ALICE ST UNIT MAIN HOUSE, SAVANNAH, GA 31401",307 ALICE ST,307 ALICE ST UNIT MAIN HOUSE,Normalized,
308 WEST GASTON ST  SAVANNAH GA 31401,Carriage House,SVR-02771,2027-04-27,2004516009,Robert Shawver,brbpropertiesinc@gmail.com,9126606019,Type 2: Non-Owner-Occupied STVR Certificate,1,,4,SAVANNAH DOWNTOWN HISTORIC DISTRICT,2004516009,308 W GASTON ST,CARRIAGE HOUSE,,SAVANNAH,GA,31401,"308 W GASTON ST UNIT CARRIAGE HOUSE, SAVANNAH, GA 31401",308 W GASTON ST,308 W GASTON ST UNIT CARRIAGE HOUSE,Normalized,
409 EAST LIBERTY ST  SAVANNAH GA 31401,B,SVR-02774,2027-04-25,2001412013A,Ginlat Properties LLC d/b/a Walking Bird,ginlatproperties@gmail.com,9126652395,Type 2: Non-Owner-Occupied STVR Certificate,2,,4,SAVANNAH DOWNTOWN HISTORIC DISTRICT,2001412013A,409 E LIBERTY ST,B,,SAVANNAH,GA,31401,"409 E LIBERTY ST UNIT B, SAVANNAH, GA 31401",409 E LIBERTY ST,409 E LIBERTY ST UNIT B,Normalized,
105  WHITAKER ST  SAVANNAH GA 31401,301,SVR-02775,2027-04-25,2000443038,Lucky Savannah Vacation Rentals,owners@luckysavannah.com,9124958582,Type 2: Non-Owner-Occupied STVR Certificate,2,,4,SAVANNAH DOWNTOWN HISTORIC DISTRICT,2000443038,105 WHITAKER ST,301,,SAVANNAH,GA,31401,"105 WHITAKER ST UNIT 301, SAVANNAH, GA 31401",105 WHITAKER ST,105 WHITAKER ST UNIT 301,Normalized,
311 EAST 41ST ST  SAVANNAH GA 31401,,SVR-02776,2027-06-06,2007520011,Eric & Lindsey Andresen,ecandre720@gmail.com,4043871094,Type 2: Non-Owner-Occupied STVR Certificate,3,1,6,STREETCAR HISTORIC DISTRICT,2007520011,311 E 41ST ST,,,SAVANNAH,GA,31401,"311 E 41ST ST, SAVANNAH, GA 31401",311 E 41ST ST,311 E 41ST ST,Normalized,
15 EAST HARRIS ST  SAVANNAH GA 31401,A,SVR-02777,2027-04-25,2001541001,Southern Belle Vacation Rentals,stvr@southernbellevr.com,9122890130,Type 2: Non-Owner-Occupied STVR Certificate,1,,4,SAVANNAH DOWNTOWN HISTORIC DISTRICT,2001541001,15 E HARRIS ST,A,,SAVANNAH,GA,31401,"15 E HARRIS ST UNIT A, SAVANNAH, GA 31401",15 E HARRIS ST,15 E HARRIS ST UNIT A,Normalized,
421 EAST DUFFY ST  SAVANNAH GA 31401,,SVR-02778,2027-04-30,2005306001,Julie Russell,coralhouse@gmail.com,6198659410,Type 2: Non-Owner-Occupied STVR Certificate,2,,4,VICTORIAN HISTORIC DISTRICT,2005306001,421 E DUFFY ST,,,SAVANNAH,GA,31401,"421 E DUFFY ST, SAVANNAH, GA 31401",421 E DUFFY ST,421 E DUFFY ST,Normalized,
340  HABERSHAM ST  SAVANNAH GA 31401,,SVR-02780,2027-05-01,2003210016,Chase Stahl,chase@southkeymgmt.com,9128001321,Type 2: Non-Owner-Occupied STVR Certificate,2,1,4,SAVANNAH DOWNTOWN HISTORIC DISTRICT,2003210016,340 HABERSHAM ST,,,SAVANNAH,GA,31401,"340 HABERSHAM ST, SAVANNAH, GA 31401",340 HABERSHAM ST,340 HABERSHAM ST,Normalized,
344  HABERSHAM ST  SAVANNAH GA 31401,,SVR-02781,2027-05-01,2003210016,Chase Stahl,chase@southkeymgmt.com,9129001321,Type 2: Non-Owner-Occupied STVR Certificate,2,1,4,SAVANNAH DOWNTOWN HISTORIC DISTRICT,2003210016,344 HABERSHAM ST,,,SAVANNAH,GA,31401,"344 HABERSHAM ST, SAVANNAH, GA 31401",344 HABERSHAM ST,344 HABERSHAM ST,Normalized,
456  ALTAMAHA ST  SAVANNAH GA 31401,,SVR-02782,2027-08-06,20006A01002,Lucky Savannah Vacation Rentals,owners@luckysavannah.com,9124958582,Type 2: Non-Owner-Occupied STVR Certificate,2,2,4,EmptyFieldDisplayStrategy.HIDE,20006A01002,456 ALTAMAHA ST,,,SAVANNAH,GA,31401,"456 ALTAMAHA ST, SAVANNAH, GA 31401",456 ALTAMAHA ST,456 ALTAMAHA ST,Normalized,
121 WEST PARK AVE  SAVANNAH GA 31401,3,SVR-02783,2027-05-10,2004430024,Chase Stahl d/b/a South Key Management Company,chase@southkeymgmt.com,9128001321,Type 2: Non-Owner-Occupied STVR Certificate,1,,4,VICTORIAN HISTORIC DISTRICT,2004430024,121 W PARK AVE,3,,SAVANNAH,GA,31401,"121 W PARK AVE UNIT 3, SAVANNAH, GA 31401",121 W PARK AVE,121 W PARK AVE UNIT 3,Normalized,
444  ALTAMAHA ST  SAVANNAH GA 31401,,SVR-02784,2027-05-10,20006A01005,Lucky Savannah Vacation Rentals,owners@luckysavannah.com,9124958582,Type 2: Non-Owner-Occupied STVR Certificate,1,2,4,EmptyFieldDisplayStrategy.HIDE,20006A01005,444 ALTAMAHA ST,,,SAVANNAH,GA,31401,"444 ALTAMAHA ST, SAVANNAH, GA 31401",444 ALTAMAHA ST,444 ALTAMAHA ST,Normalized,
208 WEST JONES ST  SAVANNAH GA 31401,,SVR-02785,2027-06-25,2003128012,Margaret & Robert Fecht,marje.fecht@prowerk.com,9053016699,Type 2: Non-Owner-Occupied STVR Certificate,3,2,6,SAVANNAH DOWNTOWN HISTORIC DISTRICT,2003128012,208 W JONES ST,,,SAVANNAH,GA,31401,"208 W JONES ST, SAVANNAH, GA 31401",208 W JONES ST,208 W JONES ST,Normalized,
402 EAST PARK AVE  SAVANNAH GA 31401,1A,SVR-02786,2027-05-11,2004429013,Chase Stahl d/b/a South Key Management Company,chase@southkeymgmt.com,9128001321,Type 2: Non-Owner-Occupied STVR Certificate,2,,4,VICTORIAN HISTORIC DISTRICT,2004429013,402 E PARK AVE,1A,,SAVANNAH,GA,31401,"402 E PARK AVE UNIT 1A, SAVANNAH, GA 31401",402 E PARK AVE,402 E PARK AVE UNIT 1A,Normalized,
138  HABERSHAM ST  SAVANNAH GA 31401,,SVR-02787,2027-05-17,2001504002,Anderson VIP Concierge LLC,mary@savannahluxuryrentals.com,9125252022,Type 2: Non-Owner-Occupied STVR Certificate,3,1,6,SAVANNAH DOWNTOWN HISTORIC DISTRICT,2001504002,138 HABERSHAM ST,,,SAVANNAH,GA,31401,"138 HABERSHAM ST, SAVANNAH, GA 31401",138 HABERSHAM ST,138 HABERSHAM ST,Normalized,
1404  BARNARD ST  SAVANNAH GA 31401,,SVR-02789,2026-11-14,2006607017,Lucky Savannah Vacation Rentals,owners@luckysavannah.com,9124958582,Type 2: Non-Owner-Occupied STVR Certificate,2,1,4,VICTORIAN HISTORIC DISTRICT,2006607017,1404 BARNARD ST,,,SAVANNAH,GA,31401,"1404 BARNARD ST, SAVANNAH, GA 31401",1404 BARNARD ST,1404 BARNARD ST,Normalized,
1406  BARNARD ST  SAVANNAH GA 31401,,SVR-02790,2026-11-14,2006607018,Lucky Savannah Vacation Rentals,owners@luckysavannah.com,9124958582,Type 2: Non-Owner-Occupied STVR Certificate,2,1,4,VICTORIAN HISTORIC DISTRICT,2006607018,1406 BARNARD ST,,,SAVANNAH,GA,31401,"1406 BARNARD ST, SAVANNAH, GA 31401",1406 BARNARD ST,1406 BARNARD ST,Normalized,
215 WEST TAYLOR ST  SAVANNAH GA 31401,,SVR-02791,2027-05-22,2003220001,Susan Wylly,swylly510@gmail.com,9123137995,Type 2: Non-Owner-Occupied STVR Certificate,2,,4,SAVANNAH DOWNTOWN HISTORIC DISTRICT,2003220001,215 W TAYLOR ST,,,SAVANNAH,GA,31401,"215 W TAYLOR ST, SAVANNAH, GA 31401",215 W TAYLOR ST,215 W TAYLOR ST,Normalized,
37  WHITAKER ST  SAVANNAH GA 31401,B,SVR-02792,2027-05-22,2000436324,Chase Stahl,chase@southkeymgmt.com,9128001321,Type 2: Non-Owner-Occupied STVR Certificate,2,,4,SAVANNAH DOWNTOWN HISTORIC DISTRICT,2000436324,37 WHITAKER ST,B,,SAVANNAH,GA,31401,"37 WHITAKER ST UNIT B, SAVANNAH, GA 31401",37 WHITAKER ST,37 WHITAKER ST UNIT B,Normalized,
"2318 BARNARD STREET, SAVANNAH, GA, 31401",Carriage House aka Unit A,SVR-02793,2027-06-06,2006542006,Jacob Heroux & Jacob Jarvis,cottage@verdant.house,9125140404,Type 1: Owner-Occupied STVR Certificate,2,1,4,STREETCAR HISTORIC DISTRICT,2006542006,2318 BARNARD ST,CARRIAGE HOUSE AKA UNIT A,,SAVANNAH,GA,31401,"2318 BARNARD ST UNIT CARRIAGE HOUSE AKA UNIT A, SAVANNAH, GA 31401",2318 BARNARD ST,2318 BARNARD ST UNIT CARRIAGE HOUSE AKA UNIT A,Normalized,
165 WEST BAY ST  SAVANNAH GA 31401,301,SVR-02794,2027-06-01,2000413042,Allam Garcia,info@pmicoastalga.com,9122722386,Type 2: Non-Owner-Occupied STVR Certificate,2,,4,SAVANNAH DOWNTOWN HISTORIC DISTRICT,2000413042,165 W BAY ST,301,,SAVANNAH,GA,31401,"165 W BAY ST UNIT 301, SAVANNAH, GA 31401",165 W BAY ST,165 W BAY ST UNIT 301,Normalized,
232  PRICE ST  SAVANNAH GA 31401,,SVR-02795,2027-05-30,2001408011,Lucky Savannah Vacation Rentals,owners@luckysavannah.com,9124958582,Type 1: Owner-Occupied STVR Certificate,2,,4,SAVANNAH DOWNTOWN HISTORIC DISTRICT,2001408011,232 PRICE ST,,,SAVANNAH,GA,31401,"232 PRICE ST, SAVANNAH, GA 31401",232 PRICE ST,232 PRICE ST,Normalized,
537 EAST BOLTON ST  SAVANNAH GA 31401,A,SVR-02796,2027-06-06,2004311026,24square Inc,24squaresavannah@gmail.com,9787667088,Type 1: Owner-Occupied STVR Certificate,2,1,4,VICTORIAN HISTORIC DISTRICT,2004311026,537 E BOLTON ST,A,,SAVANNAH,GA,31401,"537 E BOLTON ST UNIT A, SAVANNAH, GA 31401",537 E BOLTON ST,537 E BOLTON ST UNIT A,Normalized,
537 EAST BOLTON ST  SAVANNAH GA 31401,C,SVR-02797,2027-06-06,2004311026,24square Inc,24squaresavannah@gmail.com,9787667088,Type 1: Owner-Occupied STVR Certificate,1,1,4,VICTORIAN HISTORIC DISTRICT,2004311026,537 E BOLTON ST,C,,SAVANNAH,GA,31401,"537 E BOLTON ST UNIT C, SAVANNAH, GA 31401",537 E BOLTON ST,537 E BOLTON ST UNIT C,Normalized,
311 EAST 41ST ST  SAVANNAH GA 31401,A,SVR-02798,2027-06-08,2007520011,Eric & Lindsey Andresen,ecandre720@gmail.com,4043871094,Type 2: Non-Owner-Occupied STVR Certificate,1,1,4,STREETCAR HISTORIC DISTRICT,2007520011,311 E 41ST ST,A,,SAVANNAH,GA,31401,"311 E 41ST ST UNIT A, SAVANNAH, GA 31401",311 E 41ST ST,311 E 41ST ST UNIT A,Normalized,
411 EAST 39TH ST  SAVANNAH GA 31401,A,SVR-02799,2027-07-16,2007504004,Patrick Bergen,patrick@mintjulepvacationrentals.com,8032370342,Type 2: Non-Owner-Occupied STVR Certificate,2,1,4,STREETCAR HISTORIC DISTRICT,2007504004,411 E 39TH ST,A,,SAVANNAH,GA,31401,"411 E 39TH ST UNIT A, SAVANNAH, GA 31401",411 E 39TH ST,411 E 39TH ST UNIT A,Normalized,
411 EAST 39TH ST  SAVANNAH GA 31401,B,SVR-02800,2027-07-16,2007504004,Patrick Bergen,patrick@mintjulepvacationrentals.com,8032370342,Type 2: Non-Owner-Occupied STVR Certificate,2,1,4,STREETCAR HISTORIC DISTRICT,2007504004,411 E 39TH ST,B,,SAVANNAH,GA,31401,"411 E 39TH ST UNIT B, SAVANNAH, GA 31401",411 E 39TH ST,411 E 39TH ST UNIT B,Normalized,
110  BARNARD ST  SAVANNAH GA 31401,312,SVR-02804,2027-06-13,2000443023,Lucky Savannah Vacation Rentals,owners@luckysavannah.com,9124958582,Type 2: Non-Owner-Occupied STVR Certificate,1,,4,SAVANNAH DOWNTOWN HISTORIC DISTRICT,2000443023,110 BARNARD ST,312,,SAVANNAH,GA,31401,"110 BARNARD ST UNIT 312, SAVANNAH, GA 31401",110 BARNARD ST,110 BARNARD ST UNIT 312,Normalized,
123 WEST PARK AVE  SAVANNAH GA 31401,1,SVR-02805,2027-06-13,2004430025,Southern Belle Vacation Rentals,stvr@southernbellevr.com,9122890130,Type 2: Non-Owner-Occupied STVR Certificate,1,1,4,VICTORIAN HISTORIC DISTRICT,2004430025,123 W PARK AVE,1,,SAVANNAH,GA,31401,"123 W PARK AVE UNIT 1, SAVANNAH, GA 31401",123 W PARK AVE,123 W PARK AVE UNIT 1,Normalized,
301 EAST HUNTINGDON ST  SAVANNAH GA 31401,A,SVR-02807,2027-06-25,2004402018,LAWRENCE & JOAN SMITH,lsmith5876@aol.com,9789851116,Type 1: Owner-Occupied STVR Certificate,1,1,4,SAVANNAH DOWNTOWN HISTORIC DISTRICT,2004402018,301 E HUNTINGDON ST,A,,SAVANNAH,GA,31401,"301 E HUNTINGDON ST UNIT A, SAVANNAH, GA 31401",301 E HUNTINGDON ST,301 E HUNTINGDON ST UNIT A,Normalized,
405 EAST LIBERTY ST  SAVANNAH GA 31401,,SVR-02809,2027-07-16,2001412012,Windham Kroha,kromotion11@gmail.com,4074042314,Type 2: Non-Owner-Occupied STVR Certificate,3,3,6,SAVANNAH DOWNTOWN HISTORIC DISTRICT,2001412012,405 E LIBERTY ST,,,SAVANNAH,GA,31401,"405 E LIBERTY ST, SAVANNAH, GA 31401",405 E LIBERTY ST,405 E LIBERTY ST,Normalized,
517 EAST HARRIS ST  SAVANNAH GA 31401,,SVR-02810,2027-07-09,2001418012,Lucky Savannah Vacation Rentals,owners@luckysavannah.com,9124958582,Type 1: Owner-Occupied STVR Certificate,3,2,6,SAVANNAH DOWNTOWN HISTORIC DISTRICT,2001418012,517 E HARRIS ST,,,SAVANNAH,GA,31401,"517 E HARRIS ST, SAVANNAH, GA 31401",517 E HARRIS ST,517 E HARRIS ST,Normalized,
202 WEST DUFFY ST  SAVANNAH GA 31401,2,SVR-02811,2027-07-20,2005216016,Kevin Bridges,sshuddy@comporium.net,9126577686,Type 2: Non-Owner-Occupied STVR Certificate,2,,4,VICTORIAN HISTORIC DISTRICT,2005216016,202 W DUFFY ST,2,,SAVANNAH,GA,31401,"202 W DUFFY ST UNIT 2, SAVANNAH, GA 31401",202 W DUFFY ST,202 W DUFFY ST UNIT 2,Normalized,
603  WHITAKER ST  SAVANNAH GA 31401,A,SVR-02812,2027-07-12,2003258002,Michael Arcangelo,24squaresavannah@gmail.com,9787667088,Type 2: Non-Owner-Occupied STVR Certificate,4,2,8,SAVANNAH DOWNTOWN HISTORIC DISTRICT,2003258002,603 WHITAKER ST,A,,SAVANNAH,GA,31401,"603 WHITAKER ST UNIT A, SAVANNAH, GA 31401",603 WHITAKER ST,603 WHITAKER ST UNIT A,Normalized,
603  WHITAKER ST  SAVANNAH GA 31401,B,SVR-02813,2027-07-12,2003258002,Michael Arcangelo,24squaresavannah@gmail.com,9787667088,Type 2: Non-Owner-Occupied STVR Certificate,2,1,4,SAVANNAH DOWNTOWN HISTORIC DISTRICT,2003258002,603 WHITAKER ST,B,,SAVANNAH,GA,31401,"603 WHITAKER ST UNIT B, SAVANNAH, GA 31401",603 WHITAKER ST,603 WHITAKER ST UNIT B,Normalized,
603  WHITAKER ST  SAVANNAH GA 31401,C,SVR-02814,2027-07-12,2003258002,Michael Arcangelo,24squaresavannah@gmail.com,9787667088,Type 2: Non-Owner-Occupied STVR Certificate,1,1,4,SAVANNAH DOWNTOWN HISTORIC DISTRICT,2003258002,603 WHITAKER ST,C,,SAVANNAH,GA,31401,"603 WHITAKER ST UNIT C, SAVANNAH, GA 31401",603 WHITAKER ST,603 WHITAKER ST UNIT C,Normalized,
603  WHITAKER ST  SAVANNAH GA 31401,D,SVR-02815,2027-07-12,2003258002,Michael Arcangelo,24squaresavannah@gmail.com,9787667088,Type 2: Non-Owner-Occupied STVR Certificate,1,1,4,SAVANNAH DOWNTOWN HISTORIC DISTRICT,2003258002,603 WHITAKER ST,D,,SAVANNAH,GA,31401,"603 WHITAKER ST UNIT D, SAVANNAH, GA 31401",603 WHITAKER ST,603 WHITAKER ST UNIT D,Normalized,
105  WHITAKER ST  SAVANNAH GA 31401,201,SVR-02818,2027-08-10,2000443034,Sharon LeBlanc,annetteleblanc@ymail.com,4044278233,Type 2: Non-Owner-Occupied STVR Certificate,2,,4,SAVANNAH DOWNTOWN HISTORIC DISTRICT,2000443034,105 WHITAKER ST,201,,SAVANNAH,GA,31401,"105 WHITAKER ST UNIT 201, SAVANNAH, GA 31401",105 WHITAKER ST,105 WHITAKER ST UNIT 201,Normalized,
107 WEST DUFFY ST  SAVANNAH GA 31401,,SVR-02819,2027-07-20,2004435012,Marcus Howard,107wduffyst@gmail.com,9122897460,Type 2: Non-Owner-Occupied STVR Certificate,1,1,4,VICTORIAN HISTORIC DISTRICT,2004435012,107 W DUFFY ST,,,SAVANNAH,GA,31401,"107 W DUFFY ST, SAVANNAH, GA 31401",107 W DUFFY ST,107 W DUFFY ST,Normalized,
107 WEST DUFFY ST  SAVANNAH GA 31401,B,SVR-02820,2027-07-20,2004435012,Marcus Howard,107wduffyst@gmail.com,9122897460,Type 2: Non-Owner-Occupied STVR Certificate,1,,4,VICTORIAN HISTORIC DISTRICT,2004435012,107 W DUFFY ST,B,,SAVANNAH,GA,31401,"107 W DUFFY ST UNIT B, SAVANNAH, GA 31401",107 W DUFFY ST,107 W DUFFY ST UNIT B,Normalized,
208 WEST BAY ST  SAVANNAH GA 31401,2,SVR-02821,2026-09-17,2000309027,Southern Belle Vacation Rentals,stvr@southernbellevr.com,9122890130,Type 2: Non-Owner-Occupied STVR Certificate,1,,4,SAVANNAH DOWNTOWN HISTORIC DISTRICT,2000309027,208 W BAY ST,2,,SAVANNAH,GA,31401,"208 W BAY ST UNIT 2, SAVANNAH, GA 31401",208 W BAY ST,208 W BAY ST UNIT 2,Normalized,
202 WEST DUFFY ST  SAVANNAH GA 31401,1,SVR-02822,2027-07-20,2005216016,Kevin Bridges,sshuddy@comporium.net,9126577686,Type 2: Non-Owner-Occupied STVR Certificate,2,,4,VICTORIAN HISTORIC DISTRICT,2005216016,202 W DUFFY ST,1,,SAVANNAH,GA,31401,"202 W DUFFY ST UNIT 1, SAVANNAH, GA 31401",202 W DUFFY ST,202 W DUFFY ST UNIT 1,Normalized,
119  PRICE ST  SAVANNAH GA 31401,,SVR-02823,2027-08-06,2000449002,Alyssa Acker,hostingsavannah@gmail.com,4436104230,Type 1: Owner-Occupied STVR Certificate,1,,4,SAVANNAH DOWNTOWN HISTORIC DISTRICT,2000449002,119 PRICE ST,,,SAVANNAH,GA,31401,"119 PRICE ST, SAVANNAH, GA 31401",119 PRICE ST,119 PRICE ST,Normalized,
820  BARNARD ST  SAVANNAH GA 31401,,SVR-02825,2027-07-26,2004410009,South Key Management Company,chase@southkeymgmt.com,9128001321,Type 1: Owner-Occupied STVR Certificate,3,,6,VICTORIAN HISTORIC DISTRICT,2004410009,820 BARNARD ST,,,SAVANNAH,GA,31401,"820 BARNARD ST, SAVANNAH, GA 31401",820 BARNARD ST,820 BARNARD ST,Normalized,
549 EAST PARK AVE  SAVANNAH GA 31401,,SVR-02827,2027-07-27,2004317001,Kevin Escobar,kevin@kescohomes.com,6319548427,Type 2: Non-Owner-Occupied STVR Certificate,4,2,8,VICTORIAN HISTORIC DISTRICT,2004317001,549 E PARK AVE,,,SAVANNAH,GA,31401,"549 E PARK AVE, SAVANNAH, GA 31401",549 E PARK AVE,549 E PARK AVE,Normalized,
520 EAST TAYLOR ST  SAVANNAH GA 31401,,SVR-02828,2027-08-01,2003301031,Lucky Savannah Vacation Rentals,owners@luckysavannah.com,9124958582,Type 2: Non-Owner-Occupied STVR Certificate,2,1,4,SAVANNAH DOWNTOWN HISTORIC DISTRICT,2003301031,520 E TAYLOR ST,,,SAVANNAH,GA,31401,"520 E TAYLOR ST, SAVANNAH, GA 31401",520 E TAYLOR ST,520 E TAYLOR ST,Normalized,
310 WEST BROUGHTON ST  SAVANNAH GA 31401,3000,SVR-02829,2027-08-07,2001615030,Alyssa Acker,hostingsavannah@gmail.com,4436104230,Type 2: Non-Owner-Occupied STVR Certificate,2,,4,SAVANNAH DOWNTOWN HISTORIC DISTRICT,2001615030,310 W BROUGHTON ST,3000,,SAVANNAH,GA,31401,"310 W BROUGHTON ST UNIT 3000, SAVANNAH, GA 31401",310 W BROUGHTON ST,310 W BROUGHTON ST UNIT 3000,Normalized,
2 EAST LIBERTY ST  SAVANNAH GA 31401,2,SVR-02831,2027-08-08,2001529011,Chase Stahl,chase@southkeymgmt.com,9128001321,Type 2: Non-Owner-Occupied STVR Certificate,1,,4,SAVANNAH DOWNTOWN HISTORIC DISTRICT,2001529011,2 E LIBERTY ST,2,,SAVANNAH,GA,31401,"2 E LIBERTY ST UNIT 2, SAVANNAH, GA 31401",2 E LIBERTY ST,2 E LIBERTY ST UNIT 2,Normalized,
537 EAST PERRY ST  SAVANNAH GA 31401,Main House,SVR-02832,2027-08-09,2001411018,Lucky Savannah Vacation Rentals,owners@luckysavannah.com,9124958582,Type 2: Non-Owner-Occupied STVR Certificate,3,1,6,SAVANNAH DOWNTOWN HISTORIC DISTRICT,2001411018,537 E PERRY ST,MAIN HOUSE,,SAVANNAH,GA,31401,"537 E PERRY ST UNIT MAIN HOUSE, SAVANNAH, GA 31401",537 E PERRY ST,537 E PERRY ST UNIT MAIN HOUSE,Normalized,
537 EAST PERRY LN  SAVANNAH GA 31401,Carriage House,SVR-02833,2027-08-09,2001411018,Lucky Savannah Vacation Rentals,owners@luckysavannah.com,9124958582,Type 2: Non-Owner-Occupied STVR Certificate,1,,4,SAVANNAH DOWNTOWN HISTORIC DISTRICT,2001411018,537 E PERRY LN,CARRIAGE HOUSE,,SAVANNAH,GA,31401,"537 E PERRY LN UNIT CARRIAGE HOUSE, SAVANNAH, GA 31401",537 E PERRY LN,537 E PERRY LN UNIT CARRIAGE HOUSE,Normalized,
541 EAST GORDON ST  SAVANNAH GA 31401,,SVR-02834,2027-09-04,2003303038,Lucky Savannah Vacation Rentals,owners@luckysavannah.com,9124958582,Type 2: Non-Owner-Occupied STVR Certificate,3,2,6,SAVANNAH DOWNTOWN HISTORIC DISTRICT,2003303038,541 E GORDON ST,,,SAVANNAH,GA,31401,"541 E GORDON ST, SAVANNAH, GA 31401",541 E GORDON ST,541 E GORDON ST,Normalized,
246  BULL ST  SAVANNAH GA 31401,,SVR-02835,2026-09-21,2001529011,South Key Management Company,chase@southkeymgmt.com,9127865853,Type 2: Non-Owner-Occupied STVR Certificate,1,,4,SAVANNAH DOWNTOWN HISTORIC DISTRICT,2001529011,246 BULL ST,,,SAVANNAH,GA,31401,"246 BULL ST, SAVANNAH, GA 31401",246 BULL ST,246 BULL ST,Normalized,
310 WEST BROUGHTON ST  SAVANNAH GA 31401,2003,SVR-02837,2027-08-16,2001615018,Alyssa Acker,hostingsavannah@gmail.com,4436104230,Type 2: Non-Owner-Occupied STVR Certificate,2,,4,SAVANNAH DOWNTOWN HISTORIC DISTRICT,2001615018,310 W BROUGHTON ST,2003,,SAVANNAH,GA,31401,"310 W BROUGHTON ST UNIT 2003, SAVANNAH, GA 31401",310 W BROUGHTON ST,310 W BROUGHTON ST UNIT 2003,Normalized,
414 WEST HUNTINGDON ST  SAVANNAH GA 31401,C,SVR-02838,2027-08-17,2004521007,Chase Stahl,chase@southkeymgmt.com,9128001321,Type 2: Non-Owner-Occupied STVR Certificate,2,1,4,SAVANNAH DOWNTOWN HISTORIC DISTRICT,2004521007,414 W HUNTINGDON ST,C,,SAVANNAH,GA,31401,"414 W HUNTINGDON ST UNIT C, SAVANNAH, GA 31401",414 W HUNTINGDON ST,414 W HUNTINGDON ST UNIT C,Normalized,
414 WEST HUNTINGDON ST  SAVANNAH GA 31401,D,SVR-02839,2027-08-17,2004521007,Chase Stahl,chase@southkeymgmt.com,9128001321,Type 2: Non-Owner-Occupied STVR Certificate,1,1,4,SAVANNAH DOWNTOWN HISTORIC DISTRICT,2004521007,414 W HUNTINGDON ST,D,,SAVANNAH,GA,31401,"414 W HUNTINGDON ST UNIT D, SAVANNAH, GA 31401",414 W HUNTINGDON ST,414 W HUNTINGDON ST UNIT D,Normalized,
214 WEST BAY ST  SAVANNAH GA 31401,2,SVR-00278,2027-03-07,2000309011,South Key Management Company,chase@southkeymgmt.com,9128001321,Type 2: Non-Owner-Occupied STVR Certificate,2,,6,SAVANNAH DOWNTOWN HISTORIC DISTRICT,2000309011,214 W BAY ST,2,,SAVANNAH,GA,31401,"214 W BAY ST UNIT 2, SAVANNAH, GA 31401",214 W BAY ST,214 W BAY ST UNIT 2,Normalized,
309 EAST 41ST ST  SAVANNAH GA 31401,,SVR-02840,2027-08-20,2007520003,Eric & Lindsey Andresen,elamanagement1112@gmail.com,4043871094,Type 2: Non-Owner-Occupied STVR Certificate,3,2,6,STREETCAR HISTORIC DISTRICT,2007520003,309 E 41ST ST,,,SAVANNAH,GA,31401,"309 E 41ST ST, SAVANNAH, GA 31401",309 E 41ST ST,309 E 41ST ST,Normalized,
346  JEFFERSON ST  SAVANNAH GA 31401,,SVR-02844,2026-10-22,2003127007,Lucky Savannah Vacation Rentals,owners@luckysavannah.com,9124958582,Type 2: Non-Owner-Occupied STVR Certificate,2,,4,SAVANNAH DOWNTOWN HISTORIC DISTRICT,2003127007,346 JEFFERSON ST,,,SAVANNAH,GA,31401,"346 JEFFERSON ST, SAVANNAH, GA 31401",346 JEFFERSON ST,346 JEFFERSON ST,Normalized,
440  LINCOLN ST  SAVANNAH GA 31401,,SVR-02845,2027-09-01,2003247015,Patricia Mason,zuzalley@gmail.com,9122201451,Type 2: Non-Owner-Occupied STVR Certificate,2,,4,SAVANNAH DOWNTOWN HISTORIC DISTRICT,2003247015,440 LINCOLN ST,,,SAVANNAH,GA,31401,"440 LINCOLN ST, SAVANNAH, GA 31401",440 LINCOLN ST,440 LINCOLN ST,Normalized,
327 EAST LIBERTY ST  SAVANNAH GA 31401,,SVR-02846,2027-09-25,2001531009,John Manly,john@manlyshipley.com,9126554497,Type 2: Non-Owner-Occupied STVR Certificate,1,1,4,SAVANNAH DOWNTOWN HISTORIC DISTRICT,2001531009,327 E LIBERTY ST,,,SAVANNAH,GA,31401,"327 E LIBERTY ST, SAVANNAH, GA 31401",327 E LIBERTY ST,327 E LIBERTY ST,Normalized,
1111  LINCOLN ST  SAVANNAH GA 31401,,SVR-02848,2026-09-11,2004434003,Lucky Savannah Vacation Rentals,owners@luckysavannah.com,9124958582,Type 2: Non-Owner-Occupied STVR Certificate,3,2,6,VICTORIAN HISTORIC DISTRICT,2004434003,1111 LINCOLN ST,,,SAVANNAH,GA,31401,"1111 LINCOLN ST, SAVANNAH, GA 31401",1111 LINCOLN ST,1111 LINCOLN ST,Normalized,
508  ALTAMAHA ST  SAVANNAH GA 31401,,SVR-02849,2026-09-11,2000605072,Lucky Savannah Vacation Rentals,owners@luckysavannah.com,9124958582,Type 2: Non-Owner-Occupied STVR Certificate,3,4,6,EmptyFieldDisplayStrategy.HIDE,2000605072,508 ALTAMAHA ST,,,SAVANNAH,GA,31401,"508 ALTAMAHA ST, SAVANNAH, GA 31401",508 ALTAMAHA ST,508 ALTAMAHA ST,Normalized,
106 EAST HARRIS ST  SAVANNAH GA 31401,,SVR-02850,2026-09-11,2001533011,Lucky Savannah Vacation Rentals,owners@luckysavannah.com,9124958582,Type 2: Non-Owner-Occupied STVR Certificate,5,,10,SAVANNAH DOWNTOWN HISTORIC DISTRICT,2001533011,106 E HARRIS ST,,,SAVANNAH,GA,31401,"106 E HARRIS ST, SAVANNAH, GA 31401",106 E HARRIS ST,106 E HARRIS ST,Normalized,
123 WEST PARK AVE  SAVANNAH GA 31401,2,SVR-02851,2027-09-21,2004430026,Kenneth M. Bonacci & Kerri S. Gustafson Family Trust,drkerri@comcast.net,3039172215,Type 2: Non-Owner-Occupied STVR Certificate,1,1,4,VICTORIAN HISTORIC DISTRICT,2004430026,123 W PARK AVE,2,,SAVANNAH,GA,31401,"123 W PARK AVE UNIT 2, SAVANNAH, GA 31401",123 W PARK AVE,123 W PARK AVE UNIT 2,Normalized,
408 WEST WAYNE ST  SAVANNAH GA 31401,,SVR-02852,2027-09-12,2004507434,Alyssa Acker,hostingsavannah@gmail.com,4436104230,Type 2: Non-Owner-Occupied STVR Certificate,3,1,6,SAVANNAH DOWNTOWN HISTORIC DISTRICT,2004507434,408 W WAYNE ST,,,SAVANNAH,GA,31401,"408 W WAYNE ST, SAVANNAH, GA 31401",408 W WAYNE ST,408 W WAYNE ST,Normalized,
512  NICOLL ST  SAVANNAH GA 31401,,SVR-02853,2026-10-29,2003307017,Sean Robinson,sean.robinson.homes@gmail.com,4088351314,Type 2: Non-Owner-Occupied STVR Certificate,2,,4,SAVANNAH DOWNTOWN HISTORIC DISTRICT,2003307017,512 NICOLL ST,,,SAVANNAH,GA,31401,"512 NICOLL ST, SAVANNAH, GA 31401",512 NICOLL ST,512 NICOLL ST,Normalized,
102 EAST LIBERTY ST  SAVANNAH GA 31401,606,SVR-02857,2026-09-17,2001530043,Southern Belle Vacation Rentals,stvr@southernbellevr.com,9122890130,Type 2: Non-Owner-Occupied STVR Certificate,1,,4,SAVANNAH DOWNTOWN HISTORIC DISTRICT,2001530043,102 E LIBERTY ST,606,,SAVANNAH,GA,31401,"102 E LIBERTY ST UNIT 606, SAVANNAH, GA 31401",102 E LIBERTY ST,102 E LIBERTY ST UNIT 606,Normalized,
220 EAST PARK AVE  SAVANNAH GA 31401,Main House,SVR-02859,2027-09-27,2004427006,Tymothy Boyle,tyrboyle@gmail.com,7013308532,Type 2: Non-Owner-Occupied STVR Certificate,3,1,6,VICTORIAN HISTORIC DISTRICT,2004427006,220 E PARK AVE,MAIN HOUSE,,SAVANNAH,GA,31401,"220 E PARK AVE UNIT MAIN HOUSE, SAVANNAH, GA 31401",220 E PARK AVE,220 E PARK AVE UNIT MAIN HOUSE,Normalized,
220 EAST PARK AVE  SAVANNAH GA 31401,B aka Carriage House,SVR-02860,2027-09-27,2004427006,Tymothy Boyle,tyrboyle@gmail.com,7013308532,Type 2: Non-Owner-Occupied STVR Certificate,1,1,4,VICTORIAN HISTORIC DISTRICT,2004427006,220 E PARK AVE,B AKA CARRIAGE HOUSE,,SAVANNAH,GA,31401,"220 E PARK AVE UNIT B AKA CARRIAGE HOUSE, SAVANNAH, GA 31401",220 E PARK AVE,220 E PARK AVE UNIT B AKA CARRIAGE HOUSE,Normalized,
618  PRICE ST  SAVANNAH GA 31401,,SVR-02861,2026-12-10,2003311009,Michael Moret d/b/a Moret Property Management,moret.mike@gmail.com,9125810412,Type 2: Non-Owner-Occupied STVR Certificate,3,,6,SAVANNAH DOWNTOWN HISTORIC DISTRICT,2003311009,618 PRICE ST,,,SAVANNAH,GA,31401,"618 PRICE ST, SAVANNAH, GA 31401",618 PRICE ST,618 PRICE ST,Normalized,
209 EAST PARK AVE  SAVANNAH GA 31401,B,SVR-02863,2026-11-27,2004434017,De and Jane Grey-Jones,janegreypsm@gmail.com,9734791825,Type 1: Owner-Occupied STVR Certificate,1,1,4,VICTORIAN HISTORIC DISTRICT,2004434017,209 E PARK AVE,B,,SAVANNAH,GA,31401,"209 E PARK AVE UNIT B, SAVANNAH, GA 31401",209 E PARK AVE,209 E PARK AVE UNIT B,Normalized,
202 WEST BROUGHTON ST  SAVANNAH GA 31401,203,SVR-02864,2026-10-08,2001614203,Southern Belle Vacation Rentals,stvr@southernbellevr.com,9122890130,Type 2: Non-Owner-Occupied STVR Certificate,2,,4,SAVANNAH DOWNTOWN HISTORIC DISTRICT,2001614203,202 W BROUGHTON ST,203,,SAVANNAH,GA,31401,"202 W BROUGHTON ST UNIT 203, SAVANNAH, GA 31401",202 W BROUGHTON ST,202 W BROUGHTON ST UNIT 203,Normalized,
534 EAST STATE ST  SAVANNAH GA 31401,,SVR-02865,2026-10-10,2000517019,Lucky Savannah Vacation Rentals,owners@luckysavannah.com,9124958582,Type 2: Non-Owner-Occupied STVR Certificate,2,,4,SAVANNAH DOWNTOWN HISTORIC DISTRICT,2000517019,534 E STATE ST,,,SAVANNAH,GA,31401,"534 E STATE ST, SAVANNAH, GA 31401",534 E STATE ST,534 E STATE ST,Normalized,
510 EAST YORK ST  SAVANNAH GA 31401,,SVR-02866,2026-10-10,2000528006,Lucky Savannah Vacation Rentals,owners@luckysavannah.com,9124958582,Type 2: Non-Owner-Occupied STVR Certificate,3,,6,SAVANNAH DOWNTOWN HISTORIC DISTRICT,2000528006,510 E YORK ST,,,SAVANNAH,GA,31401,"510 E YORK ST, SAVANNAH, GA 31401",510 E YORK ST,510 E YORK ST,Normalized,
454  PRICE ST  SAVANNAH GA 31401,,SVR-02870,2026-10-11,2003303033,Carlos Cordero,stayheresavannah@gmail.com,9126503343,Type 2: Non-Owner-Occupied STVR Certificate,3,2,6,SAVANNAH DOWNTOWN HISTORIC DISTRICT,2003303033,454 PRICE ST,,,SAVANNAH,GA,31401,"454 PRICE ST, SAVANNAH, GA 31401",454 PRICE ST,454 PRICE ST,Normalized,
501 EAST WALDBURG ST  SAVANNAH GA 31401,C,SVR-02872,2027-10-15,2004314019,Irene & Darren Bagley-Heath,bagleyheath@mac.com,7742389966,Type 2: Non-Owner-Occupied STVR Certificate,1,2,4,VICTORIAN HISTORIC DISTRICT,2004314019,501 E WALDBURG ST,C,,SAVANNAH,GA,31401,"501 E WALDBURG ST UNIT C, SAVANNAH, GA 31401",501 E WALDBURG ST,501 E WALDBURG ST UNIT C,Normalized,
219 EAST YORK ST  SAVANNAH GA 31401,,SVR-02873,2026-10-18,2001506019,Lucky Savannah Vacation Rentals,owners@luckysavannah.com,9124958582,Type 2: Non-Owner-Occupied STVR Certificate,2,,4,SAVANNAH DOWNTOWN HISTORIC DISTRICT,2001506019,219 E YORK ST,,,SAVANNAH,GA,31401,"219 E YORK ST, SAVANNAH, GA 31401",219 E YORK ST,219 E YORK ST,Normalized,
219 EAST YORK ST  SAVANNAH GA 31401,B,SVR-02874,2026-10-18,2001506019,Lucky Savannah Vacation Rentals,owners@luckysavannah.com,9124958582,Type 2: Non-Owner-Occupied STVR Certificate,1,,4,SAVANNAH DOWNTOWN HISTORIC DISTRICT,2001506019,219 E YORK ST,B,,SAVANNAH,GA,31401,"219 E YORK ST UNIT B, SAVANNAH, GA 31401",219 E YORK ST,219 E YORK ST UNIT B,Normalized,
420 EAST CHARLTON LN  SAVANNAH GA 31401,,SVR-02875,2026-11-12,2003210011,Lucky Savannah Vacation Rentals,owners@luckysavannah.com,9124958582,Type 1: Owner-Occupied STVR Certificate,1,,4,SAVANNAH DOWNTOWN HISTORIC DISTRICT,2003210011,420 E CHARLTON LN,,,SAVANNAH,GA,31401,"420 E CHARLTON LN, SAVANNAH, GA 31401",420 E CHARLTON LN,420 E CHARLTON LN,Normalized,
104 WEST JONES ST  SAVANNAH GA 31401,C,SVR-02878,2026-11-14,2001545033,Jason & Melisa Woolf,jrwoolf@yahoo.com,4042902558,Type 2: Non-Owner-Occupied STVR Certificate,1,,4,SAVANNAH DOWNTOWN HISTORIC DISTRICT,2001545033,104 W JONES ST,C,,SAVANNAH,GA,31401,"104 W JONES ST UNIT C, SAVANNAH, GA 31401",104 W JONES ST,104 W JONES ST UNIT C,Normalized,
11 EAST PERRY ST  SAVANNAH GA 31401,E,SVR-02879,2026-10-25,2001529082,South Key Management Company,chase@southkeymgmt.com,9128001321,Type 2: Non-Owner-Occupied STVR Certificate,1,,4,SAVANNAH DOWNTOWN HISTORIC DISTRICT,2001529082,11 E PERRY ST,E,,SAVANNAH,GA,31401,"11 E PERRY ST UNIT E, SAVANNAH, GA 31401",11 E PERRY ST,11 E PERRY ST UNIT E,Normalized,
115 EAST WALDBURG ST  SAVANNAH GA 31401,,SVR-00282,2027-05-18,2004426015,Deborah Nease,hellotherechristine@yahoo.com,9126557728,Type 2: Non-Owner-Occupied STVR Certificate,3,2,6,VICTORIAN HISTORIC DISTRICT,2004426015,115 E WALDBURG ST,,,SAVANNAH,GA,31401,"115 E WALDBURG ST, SAVANNAH, GA 31401",115 E WALDBURG ST,115 E WALDBURG ST,Normalized,
11 EAST PERRY ST  SAVANNAH GA 31401,F,SVR-02880,2026-10-25,2001529082,South Key Management Company,chase@southkeymgmt.com,9128001321,Type 2: Non-Owner-Occupied STVR Certificate,1,,4,SAVANNAH DOWNTOWN HISTORIC DISTRICT,2001529082,11 E PERRY ST,F,,SAVANNAH,GA,31401,"11 E PERRY ST UNIT F, SAVANNAH, GA 31401",11 E PERRY ST,11 E PERRY ST UNIT F,Normalized,
505  PORT ST  SAVANNAH GA 31401,,SVR-02881,2026-11-08,2000605059,Swethasri Maganti,sharath.gudla@gmail.com,3862903662,Type 2: Non-Owner-Occupied STVR Certificate,3,4,6,EmptyFieldDisplayStrategy.HIDE,2000605059,505 PORT ST,,,SAVANNAH,GA,31401,"505 PORT ST, SAVANNAH, GA 31401",505 PORT ST,505 PORT ST,Normalized,
528  HAMILTON CT  SAVANNAH GA 31401,Carriage House,SVR-02882,2026-11-01,2006432010,Katie Siplon d/b/a Tricounty Real Estate LLC,ksiplon.homes@gmail.com,9122351127,Type 1: Owner-Occupied STVR Certificate,2,2,4,STREETCAR HISTORIC DISTRICT,2006432010,528 HAMILTON CT,CARRIAGE HOUSE,,SAVANNAH,GA,31401,"528 HAMILTON CT UNIT CARRIAGE HOUSE, SAVANNAH, GA 31401",528 HAMILTON CT,528 HAMILTON CT UNIT CARRIAGE HOUSE,Normalized,
210 EAST STATE ST  SAVANNAH GA 31401,30,SVR-02883,2026-11-01,2000447039,Kaelin Durst,info@stayopulence.com,9122173388,Type 2: Non-Owner-Occupied STVR Certificate,1,,4,SAVANNAH DOWNTOWN HISTORIC DISTRICT,2000447039,210 E STATE ST,30,,SAVANNAH,GA,31401,"210 E STATE ST UNIT 30, SAVANNAH, GA 31401",210 E STATE ST,210 E STATE ST UNIT 30,Normalized,
310 WEST BROUGHTON ST  SAVANNAH GA 31401,3004,SVR-02884,2026-11-01,2001615034,Kaelin Durst,info@stayopulence.com,9122173388,Type 2: Non-Owner-Occupied STVR Certificate,2,,4,SAVANNAH DOWNTOWN HISTORIC DISTRICT,2001615034,310 W BROUGHTON ST,3004,,SAVANNAH,GA,31401,"310 W BROUGHTON ST UNIT 3004, SAVANNAH, GA 31401",310 W BROUGHTON ST,310 W BROUGHTON ST UNIT 3004,Normalized,
310 WEST BROUGHTON ST  SAVANNAH GA 31401,3006,SVR-02885,2026-11-01,2001615036,Kaelin Durst,info@stayopulence.com,9122173388,Type 2: Non-Owner-Occupied STVR Certificate,1,,4,SAVANNAH DOWNTOWN HISTORIC DISTRICT,2001615036,310 W BROUGHTON ST,3006,,SAVANNAH,GA,31401,"310 W BROUGHTON ST UNIT 3006, SAVANNAH, GA 31401",310 W BROUGHTON ST,310 W BROUGHTON ST UNIT 3006,Normalized,
310 WEST BROUGHTON ST  SAVANNAH GA 31401,2011,SVR-02886,2026-11-01,2001615026,Kaelin Durst,info@stayopulence.com,9122173388,Type 2: Non-Owner-Occupied STVR Certificate,1,,4,SAVANNAH DOWNTOWN HISTORIC DISTRICT,2001615026,310 W BROUGHTON ST,2011,,SAVANNAH,GA,31401,"310 W BROUGHTON ST UNIT 2011, SAVANNAH, GA 31401",310 W BROUGHTON ST,310 W BROUGHTON ST UNIT 2011,Normalized,
310 WEST BROUGHTON ST  SAVANNAH GA 31401,2012,SVR-02887,2026-11-08,2001615027,Kaelin Durst,info@stayopulence.com,9122173388,Type 2: Non-Owner-Occupied STVR Certificate,1,,4,SAVANNAH DOWNTOWN HISTORIC DISTRICT,2001615027,310 W BROUGHTON ST,2012,,SAVANNAH,GA,31401,"310 W BROUGHTON ST UNIT 2012, SAVANNAH, GA 31401",310 W BROUGHTON ST,310 W BROUGHTON ST UNIT 2012,Normalized,
310 WEST BROUGHTON ST  SAVANNAH GA 31401,2013,SVR-02888,2026-11-08,2001615028,Kaelin Durst,info@stayopulence.com,9122173388,Type 2: Non-Owner-Occupied STVR Certificate,1,,4,SAVANNAH DOWNTOWN HISTORIC DISTRICT,2001615028,310 W BROUGHTON ST,2013,,SAVANNAH,GA,31401,"310 W BROUGHTON ST UNIT 2013, SAVANNAH, GA 31401",310 W BROUGHTON ST,310 W BROUGHTON ST UNIT 2013,Normalized,
310 WEST BROUGHTON ST  SAVANNAH GA 31401,3014,SVR-02889,2026-11-08,2001615044,Kaelin Durst,info@stayopulence.com,9122173388,Type 2: Non-Owner-Occupied STVR Certificate,3,,6,SAVANNAH DOWNTOWN HISTORIC DISTRICT,2001615044,310 W BROUGHTON ST,3014,,SAVANNAH,GA,31401,"310 W BROUGHTON ST UNIT 3014, SAVANNAH, GA 31401",310 W BROUGHTON ST,310 W BROUGHTON ST UNIT 3014,Normalized,
217 EAST CHARLTON ST  SAVANNAH GA 31401,1,SVR-02890,2026-11-08,2003208004,Southern Belle Vacation Rentals,stvr@southernbellevr.com,9122890130,Type 2: Non-Owner-Occupied STVR Certificate,2,,4,SAVANNAH DOWNTOWN HISTORIC DISTRICT,2003208004,217 E CHARLTON ST,1,,SAVANNAH,GA,31401,"217 E CHARLTON ST UNIT 1, SAVANNAH, GA 31401",217 E CHARLTON ST,217 E CHARLTON ST UNIT 1,Normalized,
217 EAST CHARLTON ST  SAVANNAH GA 31401,2,SVR-02891,2026-11-08,2003208004,Southern Belle Vacation Rentals,stvr@southernbellevr.com,9122890130,Type 2: Non-Owner-Occupied STVR Certificate,2,,4,SAVANNAH DOWNTOWN HISTORIC DISTRICT,2003208004,217 E CHARLTON ST,2,,SAVANNAH,GA,31401,"217 E CHARLTON ST UNIT 2, SAVANNAH, GA 31401",217 E CHARLTON ST,217 E CHARLTON ST UNIT 2,Normalized,
217 EAST CHARLTON ST  SAVANNAH GA 31401,3,SVR-02892,2026-11-08,2003208004,Southern Belle Vacation Rentals,stvr@southernbellevr.com,9122890130,Type 2: Non-Owner-Occupied STVR Certificate,1,,4,SAVANNAH DOWNTOWN HISTORIC DISTRICT,2003208004,217 E CHARLTON ST,3,,SAVANNAH,GA,31401,"217 E CHARLTON ST UNIT 3, SAVANNAH, GA 31401",217 E CHARLTON ST,217 E CHARLTON ST UNIT 3,Normalized,
411 WEST 35TH ST  SAVANNAH GA 31401,B,SVR-02893,2026-11-13,2006643010,Ben Gavrilov d/b/a Staylink LLC,contact@staylinkinc.com,6478669177,Type 2: Non-Owner-Occupied STVR Certificate,2,2,4,STREETCAR HISTORIC DISTRICT,2006643010,411 W 35TH ST,B,,SAVANNAH,GA,31401,"411 W 35TH ST UNIT B, SAVANNAH, GA 31401",411 W 35TH ST,411 W 35TH ST UNIT B,Normalized,
206 WEST DUFFY ST  SAVANNAH GA 31401,B,SVR-02895,2026-11-13,2005216021,Kelly Bittinger d/b/a B&B Vacation Rentals LLC,kellybinsavannah@gmail.com,9126602184,Type 2: Non-Owner-Occupied STVR Certificate,2,1,4,VICTORIAN HISTORIC DISTRICT,2005216021,206 W DUFFY ST,B,,SAVANNAH,GA,31401,"206 W DUFFY ST UNIT B, SAVANNAH, GA 31401",206 W DUFFY ST,206 W DUFFY ST UNIT B,Normalized,
512 EAST ANDERSON ST  SAVANNAH GA 31401,,SVR-02896,2026-11-20,2005314015,Vacasa LLC,permitting@vacasa.com,5033459399,Type 2: Non-Owner-Occupied STVR Certificate,3,2,6,VICTORIAN HISTORIC DISTRICT,2005314015,512 E ANDERSON ST,,,SAVANNAH,GA,31401,"512 E ANDERSON ST, SAVANNAH, GA 31401",512 E ANDERSON ST,512 E ANDERSON ST,Normalized,
501 EAST YORK ST  SAVANNAH GA 31401,,SVR-02897,2027-03-07,2000530015,Luxury Living Savannah,reservations@luxurylivingsavannah.com,9129997200,Type 1: Owner-Occupied STVR Certificate,1,1,4,SAVANNAH DOWNTOWN HISTORIC DISTRICT,2000530015,501 E YORK ST,,,SAVANNAH,GA,31401,"501 E YORK ST, SAVANNAH, GA 31401",501 E YORK ST,501 E YORK ST,Normalized,
503 EAST YORK ST  SAVANNAH GA 31401,,SVR-02898,2027-03-07,2000530015,Luxury Living Savannah,reservations@luxurylivingsavannah.com,9129997200,Type 1: Owner-Occupied STVR Certificate,2,1,4,SAVANNAH DOWNTOWN HISTORIC DISTRICT,2000530015,503 E YORK ST,,,SAVANNAH,GA,31401,"503 E YORK ST, SAVANNAH, GA 31401",503 E YORK ST,503 E YORK ST,Normalized,
309 WEST BOLTON ST  SAVANNAH GA 31401,,SVR-00284,2026-12-06,2005203003,Mary Anderson dba Anderson VIP Concierge LLC,mary@savannahluxuryrentals.com,9125252022,Type 2: Non-Owner-Occupied STVR Certificate,3,1,6,VICTORIAN HISTORIC DISTRICT,2005203003,309 W BOLTON ST,,,SAVANNAH,GA,31401,"309 W BOLTON ST, SAVANNAH, GA 31401",309 W BOLTON ST,309 W BOLTON ST,Normalized,
300  DRAYTON ST  SAVANNAH GA 31401,,SVR-02903,2026-11-28,2001533016,Southern Belle Vacation Rentals,stvr@southernbellevr.com,9122890130,Type 2: Non-Owner-Occupied STVR Certificate,4,,8,SAVANNAH DOWNTOWN HISTORIC DISTRICT,2001533016,300 DRAYTON ST,,,SAVANNAH,GA,31401,"300 DRAYTON ST, SAVANNAH, GA 31401",300 DRAYTON ST,300 DRAYTON ST,Normalized,
208 WEST PARK AVE  SAVANNAH GA 31401,A,SVR-02904,2026-12-04,2005215011,South Key Management Company,chase@southkeymgmt.com,9128001321,Type 2: Non-Owner-Occupied STVR Certificate,3,1,6,VICTORIAN HISTORIC DISTRICT,2005215011,208 W PARK AVE,A,,SAVANNAH,GA,31401,"208 W PARK AVE UNIT A, SAVANNAH, GA 31401",208 W PARK AVE,208 W PARK AVE UNIT A,Normalized,
208 WEST PARK AVE  SAVANNAH GA 31401,B,SVR-02905,2026-12-04,2005215011,South Key Management Company,chase@southkeymgmt.com,9128001321,Type 2: Non-Owner-Occupied STVR Certificate,3,2,6,VICTORIAN HISTORIC DISTRICT,2005215011,208 W PARK AVE,B,,SAVANNAH,GA,31401,"208 W PARK AVE UNIT B, SAVANNAH, GA 31401",208 W PARK AVE,208 W PARK AVE UNIT B,Normalized,
37  WHITAKER ST  SAVANNAH GA 31401,A,SVR-02906,2026-12-03,2000436323,Chase Stahl d/b/a South Key Management Company,chase@southkeymgmt.com,9128001321,Type 2: Non-Owner-Occupied STVR Certificate,2,,4,SAVANNAH DOWNTOWN HISTORIC DISTRICT,2000436323,37 WHITAKER ST,A,,SAVANNAH,GA,31401,"37 WHITAKER ST UNIT A, SAVANNAH, GA 31401",37 WHITAKER ST,37 WHITAKER ST UNIT A,Normalized,
218  HOUSTON ST  SAVANNAH GA 31401,,SVR-02907,2026-12-03,2001402012,Julie Gates d/b/a Sid Was Here LLC,sid@sidwashere.com,9125744473,Type 2: Non-Owner-Occupied STVR Certificate,2,,4,SAVANNAH DOWNTOWN HISTORIC DISTRICT,2001402012,218 HOUSTON ST,,,SAVANNAH,GA,31401,"218 HOUSTON ST, SAVANNAH, GA 31401",218 HOUSTON ST,218 HOUSTON ST,Normalized,
11 EAST PERRY ST  SAVANNAH GA 31401,C,SVR-02908,2026-12-04,2001529082,South Key Management Company,chase@southkeymgmt.com,9128001321,Type 2: Non-Owner-Occupied STVR Certificate,1,,4,SAVANNAH DOWNTOWN HISTORIC DISTRICT,2001529082,11 E PERRY ST,C,,SAVANNAH,GA,31401,"11 E PERRY ST UNIT C, SAVANNAH, GA 31401",11 E PERRY ST,11 E PERRY ST UNIT C,Normalized,
105  WHITAKER ST  SAVANNAH GA 31401,204,SVR-02911,2026-12-18,2000443037,South Key Management Company,chase@southkeymgmt.com,9128001321,Type 2: Non-Owner-Occupied STVR Certificate,1,,4,SAVANNAH DOWNTOWN HISTORIC DISTRICT,2000443037,105 WHITAKER ST,204,,SAVANNAH,GA,31401,"105 WHITAKER ST UNIT 204, SAVANNAH, GA 31401",105 WHITAKER ST,105 WHITAKER ST UNIT 204,Normalized,
201 WEST DUFFY ST  SAVANNAH GA 31401,A,SVR-02912,2026-12-18,2005227011,Roy Maynard,roy.maynard.rm@gmail.com,9126601200,Type 2: Non-Owner-Occupied STVR Certificate,2,,4,VICTORIAN HISTORIC DISTRICT,2005227011,201 W DUFFY ST,A,,SAVANNAH,GA,31401,"201 W DUFFY ST UNIT A, SAVANNAH, GA 31401",201 W DUFFY ST,201 W DUFFY ST UNIT A,Normalized,
536 EAST GWINNETT ST  SAVANNAH GA 31401,B,SVR-02913,2026-12-17,2004302005,Tom Houston,mp@pharealty.com,4192963800,Type 2: Non-Owner-Occupied STVR Certificate,3,1,6,SAVANNAH DOWNTOWN HISTORIC DISTRICT,2004302005,536 E GWINNETT ST,B,,SAVANNAH,GA,31401,"536 E GWINNETT ST UNIT B, SAVANNAH, GA 31401",536 E GWINNETT ST,536 E GWINNETT ST UNIT B,Normalized,
538 EAST GWINNETT ST  SAVANNAH GA 31401,,SVR-02914,2026-12-17,2004302005,Tom Houston,mp@pharealty.com,4192963800,Type 2: Non-Owner-Occupied STVR Certificate,3,1,6,SAVANNAH DOWNTOWN HISTORIC DISTRICT,2004302005,538 E GWINNETT ST,,,SAVANNAH,GA,31401,"538 E GWINNETT ST, SAVANNAH, GA 31401",538 E GWINNETT ST,538 E GWINNETT ST,Normalized,
537 EAST HALL LN  SAVANNAH GA 31401,,SVR-02915,2026-12-17,2004302005,Tom Houston,mp@pharealty.com,4192963800,Type 2: Non-Owner-Occupied STVR Certificate,2,1,4,SAVANNAH DOWNTOWN HISTORIC DISTRICT,2004302005,537 E HALL LN,,,SAVANNAH,GA,31401,"537 E HALL LN, SAVANNAH, GA 31401",537 E HALL LN,537 E HALL LN,Normalized,
432  PORT ST  SAVANNAH GA 31401,,SVR-02916,2027-01-08,2000605030,Patrick & Ryan Burke,rmburkeco@gmail.com,7049025644,Type 2: Non-Owner-Occupied STVR Certificate,3,4,6,EmptyFieldDisplayStrategy.HIDE,2000605030,432 PORT ST,,,SAVANNAH,GA,31401,"432 PORT ST, SAVANNAH, GA 31401",432 PORT ST,432 PORT ST,Normalized,
411 WEST 35TH ST  SAVANNAH GA 31401,A,SVR-02917,2027-02-22,2006643010,Ben Gavrilov d/b/a Staylink LLC,contact@staylinkinc.com,6478669177,Type 2: Non-Owner-Occupied STVR Certificate,3,1,6,STREETCAR HISTORIC DISTRICT,2006643010,411 W 35TH ST,A,,SAVANNAH,GA,31401,"411 W 35TH ST UNIT A, SAVANNAH, GA 31401",411 W 35TH ST,411 W 35TH ST UNIT A,Normalized,
301 EAST HARRIS ST  SAVANNAH GA 31401,,SVR-02918,2027-02-06,2003201002,Lucky Savannah Vacation Rentals,owners@luckysavannah.com,9124958582,Type 2: Non-Owner-Occupied STVR Certificate,4,1,8,SAVANNAH DOWNTOWN HISTORIC DISTRICT,2003201002,301 E HARRIS ST,,,SAVANNAH,GA,31401,"301 E HARRIS ST, SAVANNAH, GA 31401",301 E HARRIS ST,301 E HARRIS ST,Normalized,
312 EAST PARK LN  SAVANNAH GA 31401,Carriage House,SVR-02919,2026-12-27,2005302017,24square Inc,24squaresavannah@gmail.com,9787667088,Type 2: Non-Owner-Occupied STVR Certificate,1,,4,VICTORIAN HISTORIC DISTRICT,2005302017,312 E PARK LN,CARRIAGE HOUSE,,SAVANNAH,GA,31401,"312 E PARK LN UNIT CARRIAGE HOUSE, SAVANNAH, GA 31401",312 E PARK LN,312 E PARK LN UNIT CARRIAGE HOUSE,Normalized,
501 EAST BOLTON ST  SAVANNAH GA 31401,A,SVR-02922,2027-01-16,2004311016,Southern Grace Stays,southerngracegetaways@yahoo.com,9126008086,Type 2: Non-Owner-Occupied STVR Certificate,3,1,6,VICTORIAN HISTORIC DISTRICT,2004311016,501 E BOLTON ST,A,,SAVANNAH,GA,31401,"501 E BOLTON ST UNIT A, SAVANNAH, GA 31401",501 E BOLTON ST,501 E BOLTON ST UNIT A,Normalized,
501 EAST BOLTON ST  SAVANNAH GA 31401,B,SVR-02923,2027-01-16,2004311016,Southern Grace Stays,southerngracegetaways@yahoo.com,9126008086,Type 2: Non-Owner-Occupied STVR Certificate,3,1,6,VICTORIAN HISTORIC DISTRICT,2004311016,501 E BOLTON ST,B,,SAVANNAH,GA,31401,"501 E BOLTON ST UNIT B, SAVANNAH, GA 31401",501 E BOLTON ST,501 E BOLTON ST UNIT B,Normalized,
14 WEST STATE ST  SAVANNAH GA 31401,6,SVR-02924,2027-01-17,2000444004,South Key Management Company,chase@southkeymgmt.com,9128001321,Type 2: Non-Owner-Occupied STVR Certificate,1,,4,SAVANNAH DOWNTOWN HISTORIC DISTRICT,2000444004,14 W STATE ST,6,,SAVANNAH,GA,31401,"14 W STATE ST UNIT 6, SAVANNAH, GA 31401",14 W STATE ST,14 W STATE ST UNIT 6,Normalized,
26  HOUSTON ST  SAVANNAH GA 31401,,SVR-02925,2027-01-21,2000513005,Lucky Savannah Vacation Rentals,owners@luckysavannah.com,9124958582,Type 2: Non-Owner-Occupied STVR Certificate,3,,6,SAVANNAH DOWNTOWN HISTORIC DISTRICT,2000513005,26 HOUSTON ST,,,SAVANNAH,GA,31401,"26 HOUSTON ST, SAVANNAH, GA 31401",26 HOUSTON ST,26 HOUSTON ST,Normalized,
410 EAST GWINNETT ST  SAVANNAH GA 31401,Garden,SVR-02926,2027-01-28,2004408021,Southern Belle Vacation Rentals,stvr@southernbellevr.com,9122890130,Type 1: Owner-Occupied STVR Certificate,1,1,4,SAVANNAH DOWNTOWN HISTORIC DISTRICT,2004408021,410 E GWINNETT ST,GARDEN,,SAVANNAH,GA,31401,"410 E GWINNETT ST UNIT GARDEN, SAVANNAH, GA 31401",410 E GWINNETT ST,410 E GWINNETT ST UNIT GARDEN,Normalized,
1112  LINCOLN ST  SAVANNAH GA 31401,,SVR-02927,2027-02-05,2005302012,Emily Morris,2bridesandabucket@gmail.com,9124339506,Type 2: Non-Owner-Occupied STVR Certificate,1,,4,VICTORIAN HISTORIC DISTRICT,2005302012,1112 LINCOLN ST,,,SAVANNAH,GA,31401,"1112 LINCOLN ST, SAVANNAH, GA 31401",1112 LINCOLN ST,1112 LINCOLN ST,Normalized,
222 WEST DUFFY ST  SAVANNAH GA 31401,,SVR-02928,2027-07-26,2005216013,Caitlin Condon,caitlinccondon@gmail.com,7813088131,Type 2: Non-Owner-Occupied STVR Certificate,2,,4,VICTORIAN HISTORIC DISTRICT,2005216013,222 W DUFFY ST,,,SAVANNAH,GA,31401,"222 W DUFFY ST, SAVANNAH, GA 31401",222 W DUFFY ST,222 W DUFFY ST,Normalized,
316 EAST HARRIS ST  SAVANNAH GA 31401,,SVR-02930,2027-02-08,2001412016,Donna Daugherty,timopia@hotmail.com,9122720435,Type 2: Non-Owner-Occupied STVR Certificate,2,2,4,SAVANNAH DOWNTOWN HISTORIC DISTRICT,2001412016,316 E HARRIS ST,,,SAVANNAH,GA,31401,"316 E HARRIS ST, SAVANNAH, GA 31401",316 E HARRIS ST,316 E HARRIS ST,Normalized,
411 WEST CONGRESS ST  SAVANNAH GA 31401,1,SVR-02931,2027-02-06,2001616019,John Forrest d/b/a Joshton Properties LLC,joshton.rentals@gmail.com,8285064197,Type 2: Non-Owner-Occupied STVR Certificate,2,,4,SAVANNAH DOWNTOWN HISTORIC DISTRICT,2001616019,411 W CONGRESS ST,1,,SAVANNAH,GA,31401,"411 W CONGRESS ST UNIT 1, SAVANNAH, GA 31401",411 W CONGRESS ST,411 W CONGRESS ST UNIT 1,Normalized,
417 EAST TAYLOR ST  SAVANNAH GA 31401,,SVR-02935,2027-02-13,2003232003,Lisa Abbott d/b/a East Taylor Vacations LLC,easttaylorllc@yahoo.com,7072800630,Type 2: Non-Owner-Occupied STVR Certificate,3,1,6,SAVANNAH DOWNTOWN HISTORIC DISTRICT,2003232003,417 E TAYLOR ST,,,SAVANNAH,GA,31401,"417 E TAYLOR ST, SAVANNAH, GA 31401",417 E TAYLOR ST,417 E TAYLOR ST,Normalized,
219 WEST WALDBURG ST  SAVANNAH GA 31401,A,SVR-02937,2027-03-08,2005215028,Island Vacation Rentals,tybeeproperties@gmail.com,9124999750,Type 2: Non-Owner-Occupied STVR Certificate,2,1,4,VICTORIAN HISTORIC DISTRICT,2005215028,219 W WALDBURG ST,A,,SAVANNAH,GA,31401,"219 W WALDBURG ST UNIT A, SAVANNAH, GA 31401",219 W WALDBURG ST,219 W WALDBURG ST UNIT A,Normalized,
219 WEST WALDBURG ST  SAVANNAH GA 31401,B,SVR-02938,2027-03-08,2005215028,Island Vacation Rentals,tybeeproperties@gmail.com,9124999750,Type 2: Non-Owner-Occupied STVR Certificate,2,1,4,VICTORIAN HISTORIC DISTRICT,2005215028,219 W WALDBURG ST,B,,SAVANNAH,GA,31401,"219 W WALDBURG ST UNIT B, SAVANNAH, GA 31401",219 W WALDBURG ST,219 W WALDBURG ST UNIT B,Normalized,
165 WEST BAY ST  SAVANNAH GA 31401,503,SVR-02939,2027-03-04,2000413054,Yu Colvard & Jinling Wu,lucycolvard@gmail.com,9123064098,Type 2: Non-Owner-Occupied STVR Certificate,2,1,4,SAVANNAH DOWNTOWN HISTORIC DISTRICT,2000413054,165 W BAY ST,503,,SAVANNAH,GA,31401,"165 W BAY ST UNIT 503, SAVANNAH, GA 31401",165 W BAY ST,165 W BAY ST UNIT 503,Normalized,
1 WEST YORK ST  SAVANNAH GA 31401,G,SVR-02940,2027-02-22,2001509012G,Hosting Savannah LLC,hostingsavannah@gmail.com,4436104230,Type 2: Non-Owner-Occupied STVR Certificate,1,,4,SAVANNAH DOWNTOWN HISTORIC DISTRICT,2001509012G,1 W YORK ST,G,,SAVANNAH,GA,31401,"1 W YORK ST UNIT G, SAVANNAH, GA 31401",1 W YORK ST,1 W YORK ST UNIT G,Normalized,
210 EAST STATE ST  SAVANNAH GA 31401,21,SVR-02941,2027-03-11,2000447030,Kortney Rollinger,kortney_rollinger@yahoo.com,9802291169,Type 2: Non-Owner-Occupied STVR Certificate,1,,4,SAVANNAH DOWNTOWN HISTORIC DISTRICT,2000447030,210 E STATE ST,21,,SAVANNAH,GA,31401,"210 E STATE ST UNIT 21, SAVANNAH, GA 31401",210 E STATE ST,210 E STATE ST UNIT 21,Normalized,
5 EAST PERRY LN  SAVANNAH GA 31401,Carriage House,SVR-02943,2027-03-01,2001529010,Kenneth Richards,krichards@vantoshco.com,9124296278,Type 2: Non-Owner-Occupied STVR Certificate,1,1,4,SAVANNAH DOWNTOWN HISTORIC DISTRICT,2001529010,5 E PERRY LN,CARRIAGE HOUSE,,SAVANNAH,GA,31401,"5 E PERRY LN UNIT CARRIAGE HOUSE, SAVANNAH, GA 31401",5 E PERRY LN,5 E PERRY LN UNIT CARRIAGE HOUSE,Normalized,
407 WEST 35TH ST  SAVANNAH GA 31401,A,SVR-02944,2027-02-28,2006643011,Maria Jauhar d/b/a Blue Fin LLC,bluefinllc786@gmail.com,4045439052,Type 2: Non-Owner-Occupied STVR Certificate,3,1,6,STREETCAR HISTORIC DISTRICT,2006643011,407 W 35TH ST,A,,SAVANNAH,GA,31401,"407 W 35TH ST UNIT A, SAVANNAH, GA 31401",407 W 35TH ST,407 W 35TH ST UNIT A,Normalized,
407 WEST 35TH ST  SAVANNAH GA 31401,B,SVR-02945,2027-02-28,2006643011,Maria Jauhar d/b/a Blue Fin LLC,bluefinllc786@gmail.com,4045439052,Type 2: Non-Owner-Occupied STVR Certificate,1,1,4,STREETCAR HISTORIC DISTRICT,2006643011,407 W 35TH ST,B,,SAVANNAH,GA,31401,"407 W 35TH ST UNIT B, SAVANNAH, GA 31401",407 W 35TH ST,407 W 35TH ST UNIT B,Normalized,
517 EAST HENRY ST  SAVANNAH GA 31401,,SVR-02947,2027-06-05,2005314028,Vignesh Kumar Subramanian,vigramllc@gmail.com,8572106771,Type 2: Non-Owner-Occupied STVR Certificate,4,2,8,VICTORIAN HISTORIC DISTRICT,2005314028,517 E HENRY ST,,,SAVANNAH,GA,31401,"517 E HENRY ST, SAVANNAH, GA 31401",517 E HENRY ST,517 E HENRY ST,Normalized,
212 WEST FACTORS WALK  SAVANNAH GA 31401,,SVR-02948,2027-03-04,2000309016,Lucky Savannah Vacation Rentals,owners@luckysavannah.com,9124958582,Type 2: Non-Owner-Occupied STVR Certificate,1,,4,SAVANNAH DOWNTOWN HISTORIC DISTRICT,2000309016,212 W FACTORS WALK,,,SAVANNAH,GA,31401,"212 W FACTORS WALK, SAVANNAH, GA 31401",212 W FACTORS WALK,212 W FACTORS WALK,Normalized,
405  TATTNALL ST  SAVANNAH GA 31401,,SVR-00289,2026-11-18,2003138002B,Southern Belle Vacation Rentals,stvr@southernbellevr.com,9122890130,Type 2: Non-Owner-Occupied STVR Certificate,2,,6,SAVANNAH DOWNTOWN HISTORIC DISTRICT,2003138002B,405 TATTNALL ST,,,SAVANNAH,GA,31401,"405 TATTNALL ST, SAVANNAH, GA 31401",405 TATTNALL ST,405 TATTNALL ST,Normalized,
532 EAST STATE ST  SAVANNAH GA 31401,,SVR-02949,2027-03-01,2000517018,Lucky Savannah Vacation Rentals,owners@luckysavannah.com,9124958582,Type 2: Non-Owner-Occupied STVR Certificate,2,,4,SAVANNAH DOWNTOWN HISTORIC DISTRICT,2000517018,532 E STATE ST,,,SAVANNAH,GA,31401,"532 E STATE ST, SAVANNAH, GA 31401",532 E STATE ST,532 E STATE ST,Normalized,
210 EAST STATE ST  SAVANNAH GA 31401,14,SVR-02950,2027-04-17,2000447023,Katherine Schubert d/b/a Investment Savannah Associates Inc,katherinegschubert@gmail.com,9126604507,Type 2: Non-Owner-Occupied STVR Certificate,1,,4,SAVANNAH DOWNTOWN HISTORIC DISTRICT,2000447023,210 E STATE ST,14,,SAVANNAH,GA,31401,"210 E STATE ST UNIT 14, SAVANNAH, GA 31401",210 E STATE ST,210 E STATE ST UNIT 14,Normalized,
110  BARNARD ST  SAVANNAH GA 31401,411,SVR-02953,2027-03-05,2000443026,Yu Colvard,lucycolvard@gmail.com,9123064098,Type 2: Non-Owner-Occupied STVR Certificate,2,2,4,SAVANNAH DOWNTOWN HISTORIC DISTRICT,2000443026,110 BARNARD ST,411,,SAVANNAH,GA,31401,"110 BARNARD ST UNIT 411, SAVANNAH, GA 31401",110 BARNARD ST,110 BARNARD ST UNIT 411,Normalized,
103 WEST HUNTINGDON ST  SAVANNAH GA 31401,,SVR-02954,2027-07-01,2003258001,Carl B. Pearl,carlbpearl@aol.com,9124012111,Type 1: Owner-Occupied STVR Certificate,2,1,4,SAVANNAH DOWNTOWN HISTORIC DISTRICT,2003258001,103 W HUNTINGDON ST,,,SAVANNAH,GA,31401,"103 W HUNTINGDON ST, SAVANNAH, GA 31401",103 W HUNTINGDON ST,103 W HUNTINGDON ST,Normalized,
"408 E HENRY ST, SAVANNAH, GA, 31401",406 at ,SVR-02956,2027-03-22,2005306006,Meizhu Wang,jackiezhao2095@yahoo.com,8433042095,Type 2: Non-Owner-Occupied STVR Certificate,2,1,4,VICTORIAN HISTORIC DISTRICT,2005306006,408 E HENRY ST,406 AT,,SAVANNAH,GA,31401,"408 E HENRY ST UNIT 406 AT, SAVANNAH, GA 31401",408 E HENRY ST,408 E HENRY ST UNIT 406 AT,Normalized,
408 EAST HENRY ST  SAVANNAH GA 31401,,SVR-02957,2027-03-22,2005306006,Meizhu Wang,jackiezhao2095@yahoo.com,8433042095,Type 2: Non-Owner-Occupied STVR Certificate,2,1,4,VICTORIAN HISTORIC DISTRICT,2005306006,408 E HENRY ST,,,SAVANNAH,GA,31401,"408 E HENRY ST, SAVANNAH, GA 31401",408 E HENRY ST,408 E HENRY ST,Normalized,
1202  LINCOLN ST  SAVANNAH GA 31401,,SVR-02959,2027-03-21,2005305011,Allam Garcia d/b/a PMI Coastal GA,info@pmicoastalga.com,9122722386,Type 2: Non-Owner-Occupied STVR Certificate,4,,8,VICTORIAN HISTORIC DISTRICT,2005305011,1202 LINCOLN ST,,,SAVANNAH,GA,31401,"1202 LINCOLN ST, SAVANNAH, GA 31401",1202 LINCOLN ST,1202 LINCOLN ST,Normalized,
404  ALTAMAHA ST  SAVANNAH GA 31401,,SVR-02960,2027-04-23,20006A01015,Timothy Womack d/b/a Timber Meadown East LLC,medrika@timbermeadow.org,4437172402,Type 2: Non-Owner-Occupied STVR Certificate,3,4,6,EmptyFieldDisplayStrategy.HIDE,20006A01015,404 ALTAMAHA ST,,,SAVANNAH,GA,31401,"404 ALTAMAHA ST, SAVANNAH, GA 31401",404 ALTAMAHA ST,404 ALTAMAHA ST,Normalized,
203 WEST ANDERSON ST  SAVANNAH GA 31401,A,SVR-02961,2027-05-24,2006606019,Francisco Ruiz,francisco@valoremrei.com,4695452255,Type 2: Non-Owner-Occupied STVR Certificate,2,,4,VICTORIAN HISTORIC DISTRICT,2006606019,203 W ANDERSON ST,A,,SAVANNAH,GA,31401,"203 W ANDERSON ST UNIT A, SAVANNAH, GA 31401",203 W ANDERSON ST,203 W ANDERSON ST UNIT A,Normalized,
108 WEST JONES ST  SAVANNAH GA 31401,A,SVR-02962,2027-03-28,2001545010,Lucky Savannah Vacation Rentals,owners@luckysavannah.com,9124958582,Type 2: Non-Owner-Occupied STVR Certificate,1,,4,SAVANNAH DOWNTOWN HISTORIC DISTRICT,2001545010,108 W JONES ST,A,,SAVANNAH,GA,31401,"108 W JONES ST UNIT A, SAVANNAH, GA 31401",108 W JONES ST,108 W JONES ST UNIT A,Normalized,
108 WEST JONES ST  SAVANNAH GA 31401,B,SVR-02963,2027-03-28,2001545010,Lucky Savannah Vacation Rentals,owners@luckysavannah.com,9124958582,Type 2: Non-Owner-Occupied STVR Certificate,1,1,4,SAVANNAH DOWNTOWN HISTORIC DISTRICT,2001545010,108 W JONES ST,B,,SAVANNAH,GA,31401,"108 W JONES ST UNIT B, SAVANNAH, GA 31401",108 W JONES ST,108 W JONES ST UNIT B,Normalized,
108 WEST JONES ST  SAVANNAH GA 31401,C,SVR-02964,2027-03-28,2001545010,Lucky Savannah Vacation Rentals,owners@luckysavannah.com,9124958582,Type 2: Non-Owner-Occupied STVR Certificate,1,1,4,SAVANNAH DOWNTOWN HISTORIC DISTRICT,2001545010,108 W JONES ST,C,,SAVANNAH,GA,31401,"108 W JONES ST UNIT C, SAVANNAH, GA 31401",108 W JONES ST,108 W JONES ST UNIT C,Normalized,
108 WEST JONES ST  SAVANNAH GA 31401,D,SVR-02965,2027-03-28,2001545010,Lucky Savannah Vacation Rentals,owners@luckysavannah.com,9124958582,Type 2: Non-Owner-Occupied STVR Certificate,1,,4,SAVANNAH DOWNTOWN HISTORIC DISTRICT,2001545010,108 W JONES ST,D,,SAVANNAH,GA,31401,"108 W JONES ST UNIT D, SAVANNAH, GA 31401",108 W JONES ST,108 W JONES ST UNIT D,Normalized,
319  LORCH ST  SAVANNAH GA 31401,A,SVR-02967,2027-04-12,2004526007,Carlos Cordero d/b/a Stay Here Vacation Rental Management,stayheresavannah@gmail.com,9126503343,Type 2: Non-Owner-Occupied STVR Certificate,2,1,4,SAVANNAH DOWNTOWN HISTORIC DISTRICT,2004526007,319 LORCH ST,A,,SAVANNAH,GA,31401,"319 LORCH ST UNIT A, SAVANNAH, GA 31401",319 LORCH ST,319 LORCH ST UNIT A,Normalized,
319  LORCH ST  SAVANNAH GA 31401,B,SVR-02968,2027-04-12,2004526007,Carlos Cordero d/b/a Stay Here Vacation Rental Management,stayheresavannah@gmail.com,9126503343,Type 2: Non-Owner-Occupied STVR Certificate,2,1,4,SAVANNAH DOWNTOWN HISTORIC DISTRICT,2004526007,319 LORCH ST,B,,SAVANNAH,GA,31401,"319 LORCH ST UNIT B, SAVANNAH, GA 31401",319 LORCH ST,319 LORCH ST UNIT B,Normalized,
210 EAST STATE ST  SAVANNAH GA 31401,31,SVR-02969,2027-04-05,2000447040,Jason LaVecchia,jason.lavecchia@gmail.com,9105409396,Type 2: Non-Owner-Occupied STVR Certificate,1,,4,SAVANNAH DOWNTOWN HISTORIC DISTRICT,2000447040,210 E STATE ST,31,,SAVANNAH,GA,31401,"210 E STATE ST UNIT 31, SAVANNAH, GA 31401",210 E STATE ST,210 E STATE ST UNIT 31,Normalized,
"2 E PERRY LN 1, SAVANNAH, GA, 31401",1,SVR-02970,2027-04-04,2001529091,Javier Garrido,info@savannahvacationhomes.com,9124800370,Type 2: Non-Owner-Occupied STVR Certificate,3,1,6,SAVANNAH DOWNTOWN HISTORIC DISTRICT,2001529091,2 E PERRY LN,1,1,SAVANNAH,GA,31401,"2 E PERRY LN UNIT 1, SAVANNAH, GA 31401",2 E PERRY LN,2 E PERRY LN UNIT 1,Normalized,
"2 E PERRY LN 2, SAVANNAH, GA, 31401",2,SVR-02971,2027-06-25,2001529092,Javier Garrido d/b/a Deacon Transportation Inc,info@savannahvacationhomes.com,9124800370,Type 2: Non-Owner-Occupied STVR Certificate,4,1,8,SAVANNAH DOWNTOWN HISTORIC DISTRICT,2001529092,2 E PERRY LN,2,2,SAVANNAH,GA,31401,"2 E PERRY LN UNIT 2, SAVANNAH, GA 31401",2 E PERRY LN,2 E PERRY LN UNIT 2,Normalized,
"2 E PERRY LN 3, SAVANNAH, GA, 31401",3,SVR-02972,2027-06-25,2001529093,Javier Garrido d/b/a Deacon Transportation Inc,info@savannahvacationhomes.com,9124800370,Type 2: Non-Owner-Occupied STVR Certificate,5,1,10,SAVANNAH DOWNTOWN HISTORIC DISTRICT,2001529093,2 E PERRY LN,3,3,SAVANNAH,GA,31401,"2 E PERRY LN UNIT 3, SAVANNAH, GA 31401",2 E PERRY LN,2 E PERRY LN UNIT 3,Normalized,
24 EAST LIBERTY ST  SAVANNAH GA 31401,26,SVR-02973,2027-04-08,2001529062,Chase Stahl d/b/a South Key Management Company,chase@southkeymgmt.com,9128001321,Type 2: Non-Owner-Occupied STVR Certificate,1,,4,SAVANNAH DOWNTOWN HISTORIC DISTRICT,2001529062,24 E LIBERTY ST,26,,SAVANNAH,GA,31401,"24 E LIBERTY ST UNIT 26, SAVANNAH, GA 31401",24 E LIBERTY ST,24 E LIBERTY ST UNIT 26,Normalized,
409  PORT ST  SAVANNAH GA 31401,,SVR-02974,2027-04-12,20006A01019,Lucky Savannah Vacation Rentals,owners@luckysavannah.com,9124958582,Type 2: Non-Owner-Occupied STVR Certificate,3,4,6,EmptyFieldDisplayStrategy.HIDE,20006A01019,409 PORT ST,,,SAVANNAH,GA,31401,"409 PORT ST, SAVANNAH, GA 31401",409 PORT ST,409 PORT ST,Normalized,
410  HABERSHAM ST  SAVANNAH GA 31401,,SVR-02975,2027-04-12,2003211006,Arise Property Management,contact@stayatarise.com,9123880845,Type 2: Non-Owner-Occupied STVR Certificate,3,,6,SAVANNAH DOWNTOWN HISTORIC DISTRICT,2003211006,410 HABERSHAM ST,,,SAVANNAH,GA,31401,"410 HABERSHAM ST, SAVANNAH, GA 31401",410 HABERSHAM ST,410 HABERSHAM ST,Normalized,
105  WHITAKER ST  SAVANNAH GA 31401,304,SVR-02976,2027-04-12,2000443041,Lucky Savannah Vacation Rentals,owners@luckysavannah.com,9124958582,Type 2: Non-Owner-Occupied STVR Certificate,1,,4,SAVANNAH DOWNTOWN HISTORIC DISTRICT,2000443041,105 WHITAKER ST,304,,SAVANNAH,GA,31401,"105 WHITAKER ST UNIT 304, SAVANNAH, GA 31401",105 WHITAKER ST,105 WHITAKER ST UNIT 304,Normalized,
400  PORT ST  SAVANNAH GA 31401,,SVR-02977,2027-04-12,2000605020,Southern Belle Vacation Rentals,stvr@southernbellevr.com,9122890130,Type 2: Non-Owner-Occupied STVR Certificate,3,4,6,EmptyFieldDisplayStrategy.HIDE,2000605020,400 PORT ST,,,SAVANNAH,GA,31401,"400 PORT ST, SAVANNAH, GA 31401",400 PORT ST,400 PORT ST,Normalized,
203 WEST ANDERSON ST  SAVANNAH GA 31401,B,SVR-02978,2027-05-25,2006606019,Francisco Ruiz,francisco@valoremrei.com,4695452255,Type 2: Non-Owner-Occupied STVR Certificate,2,,4,VICTORIAN HISTORIC DISTRICT,2006606019,203 W ANDERSON ST,B,,SAVANNAH,GA,31401,"203 W ANDERSON ST UNIT B, SAVANNAH, GA 31401",203 W ANDERSON ST,203 W ANDERSON ST UNIT B,Normalized,
201 WEST LIBERTY ST  SAVANNAH GA 31401,100,SVR-02980,2027-04-12,2003116014,Lucky Savannah Vacation Rentals,owners@luckysavannah.com,9124958582,Type 2: Non-Owner-Occupied STVR Certificate,1,1,4,SAVANNAH DOWNTOWN HISTORIC DISTRICT,2003116014,201 W LIBERTY ST,100,,SAVANNAH,GA,31401,"201 W LIBERTY ST UNIT 100, SAVANNAH, GA 31401",201 W LIBERTY ST,201 W LIBERTY ST UNIT 100,Normalized,
520 EAST HENRY ST  SAVANNAH GA 31401,,SVR-02981,2027-05-10,2005307004,Erica Leung,erical3399@gmail.com,9127660321,Type 1: Owner-Occupied STVR Certificate,2,2,4,VICTORIAN HISTORIC DISTRICT,2005307004,520 E HENRY ST,,,SAVANNAH,GA,31401,"520 E HENRY ST, SAVANNAH, GA 31401",520 E HENRY ST,520 E HENRY ST,Normalized,
411 EAST PARK AVE  SAVANNAH GA 31401,A,SVR-02982,2027-04-22,2005301014,NOLA Re Management Group LLC,compliance@stayheirloom.com,5045070523,Type 2: Non-Owner-Occupied STVR Certificate,3,,6,VICTORIAN HISTORIC DISTRICT,2005301014,411 E PARK AVE,A,,SAVANNAH,GA,31401,"411 E PARK AVE UNIT A, SAVANNAH, GA 31401",411 E PARK AVE,411 E PARK AVE UNIT A,Normalized,
411 EAST PARK AVE  SAVANNAH GA 31401,B,SVR-02983,2027-04-22,2005301014,NOLA Re Management Group LLC,compliance@stayheirloom.com,5045070523,Type 2: Non-Owner-Occupied STVR Certificate,2,,4,VICTORIAN HISTORIC DISTRICT,2005301014,411 E PARK AVE,B,,SAVANNAH,GA,31401,"411 E PARK AVE UNIT B, SAVANNAH, GA 31401",411 E PARK AVE,411 E PARK AVE UNIT B,Normalized,
453  PORT ST  SAVANNAH GA 31401,,SVR-02984,2027-04-22,20006A01030,Vacasa LLC,permitting@vacasa.com,5033459399,Type 2: Non-Owner-Occupied STVR Certificate,3,2,6,EmptyFieldDisplayStrategy.HIDE,20006A01030,453 PORT ST,,,SAVANNAH,GA,31401,"453 PORT ST, SAVANNAH, GA 31401",453 PORT ST,453 PORT ST,Normalized,
224 WEST HUNTINGDON ST  SAVANNAH GA 31401,,SVR-00298,2027-07-31,2004523011A,Lucky Savannah Vacation Rentals,owners@luckysavannah.com,9124958582,Type 2: Non-Owner-Occupied STVR Certificate,3,2,8,SAVANNAH DOWNTOWN HISTORIC DISTRICT,2004523011A,224 W HUNTINGDON ST,,,SAVANNAH,GA,31401,"224 W HUNTINGDON ST, SAVANNAH, GA 31401",224 W HUNTINGDON ST,224 W HUNTINGDON ST,Normalized,
545 EAST LIBERTY LN  SAVANNAH GA 31401,,SVR-00299,2027-01-16,2001413021,24square Inc,24squaresavannah@gmail.com,9787667088,Type 2: Non-Owner-Occupied STVR Certificate,1,,4,SAVANNAH DOWNTOWN HISTORIC DISTRICT,2001413021,545 E LIBERTY LN,,,SAVANNAH,GA,31401,"545 E LIBERTY LN, SAVANNAH, GA 31401",545 E LIBERTY LN,545 E LIBERTY LN,Normalized,
414 EAST TAYLOR ST  SAVANNAH GA 31401,A,SVR-00031,2026-10-26,2003211011,Laura Blake,blake@doncallahan.com,9124141077,Type 2: Non-Owner-Occupied STVR Certificate,2,,6,SAVANNAH DOWNTOWN HISTORIC DISTRICT,2003211011,414 E TAYLOR ST,A,,SAVANNAH,GA,31401,"414 E TAYLOR ST UNIT A, SAVANNAH, GA 31401",414 E TAYLOR ST,414 E TAYLOR ST UNIT A,Normalized,
201 WEST LIBERTY ST  SAVANNAH GA 31401,101,SVR-00308,2027-02-26,2003116015,Southern Belle Vacation Rentals,stvr@southernbellevr.com,9122890130,Type 2: Non-Owner-Occupied STVR Certificate,1,1,4,SAVANNAH DOWNTOWN HISTORIC DISTRICT,2003116015,201 W LIBERTY ST,101,,SAVANNAH,GA,31401,"201 W LIBERTY ST UNIT 101, SAVANNAH, GA 31401",201 W LIBERTY ST,201 W LIBERTY ST UNIT 101,Normalized,
217 EAST TAYLOR ST  SAVANNAH GA 31401,,SVR-00311,2027-08-11,2003229001A,Lucky Savannah Vacation Rentals,owners@luckysavannah.com,9124958582,Type 2: Non-Owner-Occupied STVR Certificate,2,,6,SAVANNAH DOWNTOWN HISTORIC DISTRICT,2003229001A,217 E TAYLOR ST,,,SAVANNAH,GA,31401,"217 E TAYLOR ST, SAVANNAH, GA 31401",217 E TAYLOR ST,217 E TAYLOR ST,Normalized,
517 EAST LIBERTY LN  SAVANNAH GA 31401,,SVR-00032,2027-03-05,2001413013,Kevin Escobar,kevin@kescohomes.com,6319548427,Type 2: Non-Owner-Occupied STVR Certificate,1,1,4,SAVANNAH DOWNTOWN HISTORIC DISTRICT,2001413013,517 E LIBERTY LN,,,SAVANNAH,GA,31401,"517 E LIBERTY LN, SAVANNAH, GA 31401",517 E LIBERTY LN,517 E LIBERTY LN,Normalized,
524  PRICE ST  SAVANNAH GA 31401,,SVR-00315,2027-06-03,2003306031,Julie Getty,juliegetty17@gmail.com,9125477559,Type 2: Non-Owner-Occupied STVR Certificate,2,2,6,SAVANNAH DOWNTOWN HISTORIC DISTRICT,2003306031,524 PRICE ST,,,SAVANNAH,GA,31401,"524 PRICE ST, SAVANNAH, GA 31401",524 PRICE ST,524 PRICE ST,Normalized,
223 WEST BROUGHTON ST  SAVANNAH GA 31401,4,SVR-00317,2026-10-15,2001625015,JOHN DILLON,mossandoaksavannah@gmail.com,9126929393,Type 2: Non-Owner-Occupied STVR Certificate,2,,6,SAVANNAH DOWNTOWN HISTORIC DISTRICT,2001625015,223 W BROUGHTON ST,4,,SAVANNAH,GA,31401,"223 W BROUGHTON ST UNIT 4, SAVANNAH, GA 31401",223 W BROUGHTON ST,223 W BROUGHTON ST UNIT 4,Normalized,
507 EAST PERRY ST  SAVANNAH GA 31401,,SVR-00322,2026-10-01,2001410012,Southern Belle Vacation Rentals,stvr@southernbellevr.com,9122890130,Type 2: Non-Owner-Occupied STVR Certificate,2,1,6,SAVANNAH DOWNTOWN HISTORIC DISTRICT,2001410012,507 E PERRY ST,,,SAVANNAH,GA,31401,"507 E PERRY ST, SAVANNAH, GA 31401",507 E PERRY ST,507 E PERRY ST,Normalized,
112 WEST JONES ST  SAVANNAH GA 31401,,SVR-00325,2026-09-19,2001545011,Southern Belle Vacation Rentals,stvr@southernbellevr.com,9122890130,Type 2: Non-Owner-Occupied STVR Certificate,1,1,4,SAVANNAH DOWNTOWN HISTORIC DISTRICT,2001545011,112 W JONES ST,,,SAVANNAH,GA,31401,"112 W JONES ST, SAVANNAH, GA 31401",112 W JONES ST,112 W JONES ST,Normalized,
216 EAST DUFFY ST  SAVANNAH GA 31401,,SVR-00328,2026-10-09,2004434007,Laura Robinson,southerngracegetaways@yahoo.com,9126008086,Type 2: Non-Owner-Occupied STVR Certificate,3,1,8,VICTORIAN HISTORIC DISTRICT,2004434007,216 E DUFFY ST,,,SAVANNAH,GA,31401,"216 E DUFFY ST, SAVANNAH, GA 31401",216 E DUFFY ST,216 E DUFFY ST,Normalized,
414 EAST JONES LN  SAVANNAH GA 31401,,SVR-00034,2026-10-26,2003211011,Laura Blake,blake@doncallahan.com,9124141077,Type 2: Non-Owner-Occupied STVR Certificate,1,,4,SAVANNAH DOWNTOWN HISTORIC DISTRICT,2003211011,414 E JONES LN,,,SAVANNAH,GA,31401,"414 E JONES LN, SAVANNAH, GA 31401",414 E JONES LN,414 E JONES LN,Normalized,
511  TATTNALL ST  SAVANNAH GA 31401,,SVR-00337,2027-05-04,2004523004,Lucky Savannah Vacation Rentals,owners@luckysavannah.com,9124958582,Type 2: Non-Owner-Occupied STVR Certificate,2,2,6,SAVANNAH DOWNTOWN HISTORIC DISTRICT,2004523004,511 TATTNALL ST,,,SAVANNAH,GA,31401,"511 TATTNALL ST, SAVANNAH, GA 31401",511 TATTNALL ST,511 TATTNALL ST,Normalized,
207 EAST JONES ST  SAVANNAH GA 31401,,SVR-00347,2027-10-03,2003213002,Powell Pittman,pittmnp@yahoo.com,3342014149,Type 2: Non-Owner-Occupied STVR Certificate,3,2,8,SAVANNAH DOWNTOWN HISTORIC DISTRICT,2003213002,207 E JONES ST,,,SAVANNAH,GA,31401,"207 E JONES ST, SAVANNAH, GA 31401",207 E JONES ST,207 E JONES ST,Normalized,
607  TATTNALL ST  SAVANNAH GA 31401,,SVR-00349,2026-10-03,2004527011,Lucky Savannah Vacation Rentals,owners@luckysavannah.com,9124958582,Type 2: Non-Owner-Occupied STVR Certificate,3,1,8,SAVANNAH DOWNTOWN HISTORIC DISTRICT,2004527011,607 TATTNALL ST,,,SAVANNAH,GA,31401,"607 TATTNALL ST, SAVANNAH, GA 31401",607 TATTNALL ST,607 TATTNALL ST,Normalized,
310 EAST OGLETHORPE AVE  SAVANNAH GA 31401,Main House,SVR-00364,2026-09-07,2001505012,Lucky Savannah Vacation Rentals,owners@luckysavannah.com,9124958582,Type 2: Non-Owner-Occupied STVR Certificate,2,1,6,SAVANNAH DOWNTOWN HISTORIC DISTRICT,2001505012,310 E OGLETHORPE AVE,MAIN HOUSE,,SAVANNAH,GA,31401,"310 E OGLETHORPE AVE UNIT MAIN HOUSE, SAVANNAH, GA 31401",310 E OGLETHORPE AVE,310 E OGLETHORPE AVE UNIT MAIN HOUSE,Normalized,
310 EAST OGLETHORPE AVE  SAVANNAH GA 31401,A,SVR-00365,2026-09-07,2001505012,Lucky Savannah Vacation Rentals,owners@luckysavannah.com,9124958582,Type 2: Non-Owner-Occupied STVR Certificate,1,1,4,SAVANNAH DOWNTOWN HISTORIC DISTRICT,2001505012,310 E OGLETHORPE AVE,A,,SAVANNAH,GA,31401,"310 E OGLETHORPE AVE UNIT A, SAVANNAH, GA 31401",310 E OGLETHORPE AVE,310 E OGLETHORPE AVE UNIT A,Normalized,
508 EAST TAYLOR ST  SAVANNAH GA 31401,,SVR-00366,2026-11-05,2003301034,ANDREW & ANN HARTZELL,ahartzel@bellsouth.net,9128442625,Type 2: Non-Owner-Occupied STVR Certificate,3,1,8,SAVANNAH DOWNTOWN HISTORIC DISTRICT,2003301034,508 E TAYLOR ST,,,SAVANNAH,GA,31401,"508 E TAYLOR ST, SAVANNAH, GA 31401",508 E TAYLOR ST,508 E TAYLOR ST,Normalized,
111  LINCOLN ST  SAVANNAH GA 31401,2-A,SVR-00367,2026-11-02,2000447050,Scott Griffin,griffin.scott@gmail.com,3042684777,Type 2: Non-Owner-Occupied STVR Certificate,2,,6,SAVANNAH DOWNTOWN HISTORIC DISTRICT,2000447050,111 LINCOLN ST,2-A,,SAVANNAH,GA,31401,"111 LINCOLN ST UNIT 2-A, SAVANNAH, GA 31401",111 LINCOLN ST,111 LINCOLN ST UNIT 2-A,Normalized,
535 WEST CHARLTON ST  SAVANNAH GA 31401,,SVR-00371,2026-12-05,2003124011,Tybee Vacation Rentals,ownerservices@tybeevacationrentals.com,9127865853,Type 2: Non-Owner-Occupied STVR Certificate,3,1,8,SAVANNAH DOWNTOWN HISTORIC DISTRICT,2003124011,535 W CHARLTON ST,,,SAVANNAH,GA,31401,"535 W CHARLTON ST, SAVANNAH, GA 31401",535 W CHARLTON ST,535 W CHARLTON ST,Normalized,
506 EAST WALDBURG ST  SAVANNAH GA 31401,,SVR-00379,2027-07-23,2004311014,Brigitta Jass,info@savannahdreamvacations.com,9127137278,Type 2: Non-Owner-Occupied STVR Certificate,3,2,8,VICTORIAN HISTORIC DISTRICT,2004311014,506 E WALDBURG ST,,,SAVANNAH,GA,31401,"506 E WALDBURG ST, SAVANNAH, GA 31401",506 E WALDBURG ST,506 E WALDBURG ST,Normalized,
508 EAST WALDBURG ST  SAVANNAH GA 31401,,SVR-00380,2027-07-23,2004311014,Brigitta Jass,info@savannahdreamvacations.com,9127137278,Type 2: Non-Owner-Occupied STVR Certificate,3,2,8,VICTORIAN HISTORIC DISTRICT,2004311014,508 E WALDBURG ST,,,SAVANNAH,GA,31401,"508 E WALDBURG ST, SAVANNAH, GA 31401",508 E WALDBURG ST,508 E WALDBURG ST,Normalized,
817  ABERCORN ST  SAVANNAH GA 31401,,SVR-00381,2026-12-20,2004413015,Lucky Savannah Vacation Rentals,owners@luckysavannah.com,9124958582,Type 2: Non-Owner-Occupied STVR Certificate,5,2,12,VICTORIAN HISTORIC DISTRICT,2004413015,817 ABERCORN ST,,,SAVANNAH,GA,31401,"817 ABERCORN ST, SAVANNAH, GA 31401",817 ABERCORN ST,817 ABERCORN ST,Normalized,
117 EAST BAY ST  SAVANNAH GA 31401,901,SVR-00382,2026-11-18,2000416009A,Jessie Gulliver,jessiegulliver@gmail.com,9128567330,Type 2: Non-Owner-Occupied STVR Certificate,2,1,6,SAVANNAH DOWNTOWN HISTORIC DISTRICT,2000416009A,117 E BAY ST,901,,SAVANNAH,GA,31401,"117 E BAY ST UNIT 901, SAVANNAH, GA 31401",117 E BAY ST,117 E BAY ST UNIT 901,Normalized,
117 EAST BAY ST  SAVANNAH GA 31401,902,SVR-00383,2026-11-18,2000416009A,Jessie Gulliver,jessiegulliver@gmail.com,9128567330,Type 2: Non-Owner-Occupied STVR Certificate,2,1,6,SAVANNAH DOWNTOWN HISTORIC DISTRICT,2000416009A,117 E BAY ST,902,,SAVANNAH,GA,31401,"117 E BAY ST UNIT 902, SAVANNAH, GA 31401",117 E BAY ST,117 E BAY ST UNIT 902,Normalized,
117 EAST BAY ST  SAVANNAH GA 31401,903,SVR-00384,2026-11-18,2000416009A,Jessie Gulliver,jessiegulliver@gmail.com,9128567330,Type 2: Non-Owner-Occupied STVR Certificate,1,1,4,SAVANNAH DOWNTOWN HISTORIC DISTRICT,2000416009A,117 E BAY ST,903,,SAVANNAH,GA,31401,"117 E BAY ST UNIT 903, SAVANNAH, GA 31401",117 E BAY ST,117 E BAY ST UNIT 903,Normalized,
410 EAST JONES ST  SAVANNAH GA 31401,A,SVR-00385,2027-07-17,2003210014,Lucky Savannah Vacation Rentals,owners@luckysavannah.com,9124958582,Type 2: Non-Owner-Occupied STVR Certificate,3,,8,SAVANNAH DOWNTOWN HISTORIC DISTRICT,2003210014,410 E JONES ST,A,,SAVANNAH,GA,31401,"410 E JONES ST UNIT A, SAVANNAH, GA 31401",410 E JONES ST,410 E JONES ST UNIT A,Normalized,
410 EAST JONES ST  SAVANNAH GA 31401,B,SVR-00386,2027-07-17,2003210014,Lucky Savannah Vacation Rentals,owners@luckysavannah.com,9124958582,Type 2: Non-Owner-Occupied STVR Certificate,2,,6,SAVANNAH DOWNTOWN HISTORIC DISTRICT,2003210014,410 E JONES ST,B,,SAVANNAH,GA,31401,"410 E JONES ST UNIT B, SAVANNAH, GA 31401",410 E JONES ST,410 E JONES ST UNIT B,Normalized,
303 WEST GWINNETT ST  SAVANNAH GA 31401,A,SVR-00389,2027-02-12,2005202006,Peter & Kristen Galloway,petersgalloway@gmail.com,3123109300,Type 2: Non-Owner-Occupied STVR Certificate,1,1,4,VICTORIAN HISTORIC DISTRICT,2005202006,303 W GWINNETT ST,A,,SAVANNAH,GA,31401,"303 W GWINNETT ST UNIT A, SAVANNAH, GA 31401",303 W GWINNETT ST,303 W GWINNETT ST UNIT A,Normalized,
209 WEST BOLTON ST  SAVANNAH GA 31401,C,SVR-00390,2027-08-05,2004417012,PMI Coastal Georgia,info@pmicoastalga.com,9122722386,Type 2: Non-Owner-Occupied STVR Certificate,2,2,6,VICTORIAN HISTORIC DISTRICT,2004417012,209 W BOLTON ST,C,,SAVANNAH,GA,31401,"209 W BOLTON ST UNIT C, SAVANNAH, GA 31401",209 W BOLTON ST,209 W BOLTON ST UNIT C,Normalized,
209 WEST BOLTON ST  SAVANNAH GA 31401,B,SVR-00391,2027-08-05,2004417012,PMI Coastal Georgia,info@pmicoastalga.com,9122722386,Type 2: Non-Owner-Occupied STVR Certificate,4,2,10,VICTORIAN HISTORIC DISTRICT,2004417012,209 W BOLTON ST,B,,SAVANNAH,GA,31401,"209 W BOLTON ST UNIT B, SAVANNAH, GA 31401",209 W BOLTON ST,209 W BOLTON ST UNIT B,Normalized,
209 WEST BOLTON ST  SAVANNAH GA 31401,A,SVR-00392,2027-08-05,2004417012,PMI Coastal Georgia,info@pmicoastalga.com,9122722386,Type 2: Non-Owner-Occupied STVR Certificate,2,2,6,VICTORIAN HISTORIC DISTRICT,2004417012,209 W BOLTON ST,A,,SAVANNAH,GA,31401,"209 W BOLTON ST UNIT A, SAVANNAH, GA 31401",209 W BOLTON ST,209 W BOLTON ST UNIT A,Normalized,
109 EAST 37TH ST  SAVANNAH GA 31401,,SVR-00400,2027-02-21,2006519002,Ashely Taylor Pabst,taylorpabst@gmail.com,4783191617,Type 2: Non-Owner-Occupied STVR Certificate,4,3,8,STREETCAR HISTORIC DISTRICT,2006519002,109 E 37TH ST,,,SAVANNAH,GA,31401,"109 E 37TH ST, SAVANNAH, GA 31401",109 E 37TH ST,109 E 37TH ST,Normalized,
704  ABERCORN ST  SAVANNAH GA 31401,,SVR-00404,2027-06-01,2004406008,Cora Bett Thomas,stvr@cbtrentals.com,9125036652,Type 2: Non-Owner-Occupied STVR Certificate,2,2,6,SAVANNAH DOWNTOWN HISTORIC DISTRICT,2004406008,704 ABERCORN ST,,,SAVANNAH,GA,31401,"704 ABERCORN ST, SAVANNAH, GA 31401",704 ABERCORN ST,704 ABERCORN ST,Normalized,
111 EAST GWINNETT ST  SAVANNAH GA 31401,1,SVR-00406,2027-06-05,2004413012,JW Management of Savannah LLC,jwmgmt912@gmail.com,9125705070,Type 2: Non-Owner-Occupied STVR Certificate,2,1,6,VICTORIAN HISTORIC DISTRICT,2004413012,111 E GWINNETT ST,1,,SAVANNAH,GA,31401,"111 E GWINNETT ST UNIT 1, SAVANNAH, GA 31401",111 E GWINNETT ST,111 E GWINNETT ST UNIT 1,Normalized,
111 EAST GWINNETT ST  SAVANNAH GA 31401,2,SVR-00407,2027-06-05,2004413012,JW Management of Savannah LLC,jwmgmt912@gmail.com,9125705070,Type 2: Non-Owner-Occupied STVR Certificate,1,1,4,VICTORIAN HISTORIC DISTRICT,2004413012,111 E GWINNETT ST,2,,SAVANNAH,GA,31401,"111 E GWINNETT ST UNIT 2, SAVANNAH, GA 31401",111 E GWINNETT ST,111 E GWINNETT ST UNIT 2,Normalized,
111 EAST GWINNETT ST  SAVANNAH GA 31401,3,SVR-00408,2027-06-05,2004413012,JW Management of Savannah LLC,jwmgmt912@gmail.com,9125705070,Type 2: Non-Owner-Occupied STVR Certificate,1,1,4,VICTORIAN HISTORIC DISTRICT,2004413012,111 E GWINNETT ST,3,,SAVANNAH,GA,31401,"111 E GWINNETT ST UNIT 3, SAVANNAH, GA 31401",111 E GWINNETT ST,111 E GWINNETT ST UNIT 3,Normalized,
827  HOWARD ST  SAVANNAH GA 31401,,SVR-00409,2027-05-04,2004411010,Lucky Savannah Vacation Rentals,owners@luckysavannah.com,9124958582,Type 2: Non-Owner-Occupied STVR Certificate,3,2,8,VICTORIAN HISTORIC DISTRICT,2004411010,827 HOWARD ST,,,SAVANNAH,GA,31401,"827 HOWARD ST, SAVANNAH, GA 31401",827 HOWARD ST,827 HOWARD ST,Normalized,
64 EAST BROAD ST  SAVANNAH GA 31401,2,SVR-00414,2027-03-04,2000506021,GINA STONE d/b/a STAY SAVANNAH VACATION RENTALS,staysavannah@bellsouth.net,8889190008,Type 2: Non-Owner-Occupied STVR Certificate,2,1,4,SAVANNAH DOWNTOWN HISTORIC DISTRICT,2000506021,64 E BROAD ST,2,,SAVANNAH,GA,31401,"64 E BROAD ST UNIT 2, SAVANNAH, GA 31401",64 E BROAD ST,64 E BROAD ST UNIT 2,Normalized,
339  WHITAKER ST  SAVANNAH GA 31401,5,SVR-00420,2027-09-12,2001545026,Anderson VIP Concierge LLC,mary@savannahluxuryrentals.com,9125252022,Type 2: Non-Owner-Occupied STVR Certificate,2,,6,SAVANNAH DOWNTOWN HISTORIC DISTRICT,2001545026,339 WHITAKER ST,5,,SAVANNAH,GA,31401,"339 WHITAKER ST UNIT 5, SAVANNAH, GA 31401",339 WHITAKER ST,339 WHITAKER ST UNIT 5,Normalized,
108 EAST GORDON LN  SAVANNAH GA 31401,Carriage House,SVR-00423,2027-02-25,2003245014,Zuzalley Enterprises,zuzalley@gmail.com,9122201451,Type 2: Non-Owner-Occupied STVR Certificate,1,,4,SAVANNAH DOWNTOWN HISTORIC DISTRICT,2003245014,108 E GORDON LN,CARRIAGE HOUSE,,SAVANNAH,GA,31401,"108 E GORDON LN UNIT CARRIAGE HOUSE, SAVANNAH, GA 31401",108 E GORDON LN,108 E GORDON LN UNIT CARRIAGE HOUSE,Normalized,
549 EAST HARRIS ST  SAVANNAH GA 31401,,SVR-00424,2027-02-25,2001418055,Lucky Savannah Vacation Rentals,owners@luckysavannah.com,9124958582,Type 2: Non-Owner-Occupied STVR Certificate,1,,4,SAVANNAH DOWNTOWN HISTORIC DISTRICT,2001418055,549 E HARRIS ST,,,SAVANNAH,GA,31401,"549 E HARRIS ST, SAVANNAH, GA 31401",549 E HARRIS ST,549 E HARRIS ST,Normalized,
551 EAST HARRIS ST  SAVANNAH GA 31401,,SVR-00425,2027-02-25,2001418054,Lucky Savannah Vacation Rentals,owners@luckysavannah.com,9124958582,Type 2: Non-Owner-Occupied STVR Certificate,1,,4,SAVANNAH DOWNTOWN HISTORIC DISTRICT,2001418054,551 E HARRIS ST,,,SAVANNAH,GA,31401,"551 E HARRIS ST, SAVANNAH, GA 31401",551 E HARRIS ST,551 E HARRIS ST,Normalized,
537 EAST GORDON ST  SAVANNAH GA 31401,,SVR-00426,2027-02-25,2003303023,Lucky Savannah Vacation Rentals,owners@luckysavannah.com,9124958582,Type 2: Non-Owner-Occupied STVR Certificate,1,,4,SAVANNAH DOWNTOWN HISTORIC DISTRICT,2003303023,537 E GORDON ST,,,SAVANNAH,GA,31401,"537 E GORDON ST, SAVANNAH, GA 31401",537 E GORDON ST,537 E GORDON ST,Normalized,
321 EAST CONGRESS ST  SAVANNAH GA 31401,,SVR-00433,2026-12-28,2000441010,Cora Bett Thomas Rentals and Management,stvr@cbtrentals.com,9125036652,Type 2: Non-Owner-Occupied STVR Certificate,1,1,4,SAVANNAH DOWNTOWN HISTORIC DISTRICT,2000441010,321 E CONGRESS ST,,,SAVANNAH,GA,31401,"321 E CONGRESS ST, SAVANNAH, GA 31401",321 E CONGRESS ST,321 E CONGRESS ST,Normalized,
110  BARNARD ST  SAVANNAH GA 31401,311,SVR-00436,2027-05-29,2000443022,Anderson VIP Concierge LLC,mary@savannahluxuryrentals.com,9125252022,Type 2: Non-Owner-Occupied STVR Certificate,2,,6,SAVANNAH DOWNTOWN HISTORIC DISTRICT,2000443022,110 BARNARD ST,311,,SAVANNAH,GA,31401,"110 BARNARD ST UNIT 311, SAVANNAH, GA 31401",110 BARNARD ST,110 BARNARD ST UNIT 311,Normalized,
443  WHITAKER ST  SAVANNAH GA 31401,,SVR-00438,2027-08-28,2003242030,Lucky Savannah Vacation Rentals,owners@luckysavannah.com,9124958582,Type 2: Non-Owner-Occupied STVR Certificate,1,,4,SAVANNAH DOWNTOWN HISTORIC DISTRICT,2003242030,443 WHITAKER ST,,,SAVANNAH,GA,31401,"443 WHITAKER ST, SAVANNAH, GA 31401",443 WHITAKER ST,443 WHITAKER ST,Normalized,
505 EAST PERRY ST  SAVANNAH GA 31401,,SVR-00442,2027-05-23,2001410006,Southern Belle Vacation Rentals,stvr@southernbellevr.com,9122890130,Type 2: Non-Owner-Occupied STVR Certificate,2,1,6,SAVANNAH DOWNTOWN HISTORIC DISTRICT,2001410006,505 E PERRY ST,,,SAVANNAH,GA,31401,"505 E PERRY ST, SAVANNAH, GA 31401",505 E PERRY ST,505 E PERRY ST,Normalized,
519 EAST GORDON ST  SAVANNAH GA 31401,Main House,SVR-00443,2027-02-22,2003303054,Mary Anderson d/b/a Anderson VIP Concierge LLC,mary@savannahluxuryrentals.com,9125252022,Type 2: Non-Owner-Occupied STVR Certificate,3,1,8,SAVANNAH DOWNTOWN HISTORIC DISTRICT,2003303054,519 E GORDON ST,MAIN HOUSE,,SAVANNAH,GA,31401,"519 E GORDON ST UNIT MAIN HOUSE, SAVANNAH, GA 31401",519 E GORDON ST,519 E GORDON ST UNIT MAIN HOUSE,Normalized,
305 WEST TAYLOR ST  SAVANNAH GA 31401,Garden,SVR-00444,2027-05-16,2004508014,Cora Bett Thomas Rentals and Management,stvr@cbtrentals.com,9125036652,Type 2: Non-Owner-Occupied STVR Certificate,2,1,4,SAVANNAH DOWNTOWN HISTORIC DISTRICT,2004508014,305 W TAYLOR ST,GARDEN,,SAVANNAH,GA,31401,"305 W TAYLOR ST UNIT GARDEN, SAVANNAH, GA 31401",305 W TAYLOR ST,305 W TAYLOR ST UNIT GARDEN,Normalized,
119 WEST PARK AVE  SAVANNAH GA 31401,,SVR-00447,2027-07-03,2004430012,Southern Belle Vacation Rentals,stvr@southernbellevr.com,9122890130,Type 2: Non-Owner-Occupied STVR Certificate,6,2,12,VICTORIAN HISTORIC DISTRICT,2004430012,119 W PARK AVE,,,SAVANNAH,GA,31401,"119 W PARK AVE, SAVANNAH, GA 31401",119 W PARK AVE,119 W PARK AVE,Normalized,
401   TATTNALL ST  SAVANNAH GA 31401,C,SVR-00450,2027-08-05,2003138001,Southern Belle Vacation Rentals,stvr@southernbellevr.com,9122890130,Type 2: Non-Owner-Occupied STVR Certificate,2,2,6,SAVANNAH DOWNTOWN HISTORIC DISTRICT,2003138001,401 TATTNALL ST,C,,SAVANNAH,GA,31401,"401 TATTNALL ST UNIT C, SAVANNAH, GA 31401",401 TATTNALL ST,401 TATTNALL ST UNIT C,Normalized,
116 WEST LIBERTY ST  SAVANNAH GA 31401,A,SVR-00451,2027-05-25,2001527022,Lucky Savannah Vacation Rentals,owners@luckysavannah.com,9124958582,Type 2: Non-Owner-Occupied STVR Certificate,2,1,6,SAVANNAH DOWNTOWN HISTORIC DISTRICT,2001527022,116 W LIBERTY ST,A,,SAVANNAH,GA,31401,"116 W LIBERTY ST UNIT A, SAVANNAH, GA 31401",116 W LIBERTY ST,116 W LIBERTY ST UNIT A,Normalized,
202 WEST PARK AVE  SAVANNAH GA 31401,B,SVR-00453,2027-04-22,2005215009,CLARA GREIG,clara.greig.2521@gmail.com,6149155698,Type 2: Non-Owner-Occupied STVR Certificate,1,1,4,VICTORIAN HISTORIC DISTRICT,2005215009,202 W PARK AVE,B,,SAVANNAH,GA,31401,"202 W PARK AVE UNIT B, SAVANNAH, GA 31401",202 W PARK AVE,202 W PARK AVE UNIT B,Normalized,
535 EAST CHARLTON LN  SAVANNAH GA 31401,,SVR-00455,2027-02-12,2001419005A,Anderson VIP Concierge LLC,mary@savannahluxuryrentals.com,9125252022,Type 2: Non-Owner-Occupied STVR Certificate,1,,4,SAVANNAH DOWNTOWN HISTORIC DISTRICT,2001419005A,535 E CHARLTON LN,,,SAVANNAH,GA,31401,"535 E CHARLTON LN, SAVANNAH, GA 31401",535 E CHARLTON LN,535 E CHARLTON LN,Normalized,
512  TATTNALL ST  SAVANNAH GA 31401,A,SVR-00456,2027-04-17,2003255010,Anderson VIP Concierge LLC,mary@savannahluxuryrentals.com,9125252022,Type 2: Non-Owner-Occupied STVR Certificate,5,2,12,SAVANNAH DOWNTOWN HISTORIC DISTRICT,2003255010,512 TATTNALL ST,A,,SAVANNAH,GA,31401,"512 TATTNALL ST UNIT A, SAVANNAH, GA 31401",512 TATTNALL ST,512 TATTNALL ST UNIT A,Normalized,
512   TATTNALL ST  SAVANNAH GA 31401,B,SVR-00457,2027-04-17,2003255010,Anderson VIP Concierge LLC,mary@savannahluxuryrentals.com,9125252022,Type 2: Non-Owner-Occupied STVR Certificate,1,2,4,SAVANNAH DOWNTOWN HISTORIC DISTRICT,2003255010,512 TATTNALL ST,B,,SAVANNAH,GA,31401,"512 TATTNALL ST UNIT B, SAVANNAH, GA 31401",512 TATTNALL ST,512 TATTNALL ST UNIT B,Normalized,
129 WEST GORDON ST  SAVANNAH GA 31401,B,SVR-00458,2027-04-17,2003242001,Lucky Savannah Vacation Rentals,owners@luckysavannah.com,9124958582,Type 2: Non-Owner-Occupied STVR Certificate,1,,4,SAVANNAH DOWNTOWN HISTORIC DISTRICT,2003242001,129 W GORDON ST,B,,SAVANNAH,GA,31401,"129 W GORDON ST UNIT B, SAVANNAH, GA 31401",129 W GORDON ST,129 W GORDON ST UNIT B,Normalized,
208 EAST JONES ST  SAVANNAH GA 31401,1,SVR-00459,2026-12-11,2003208019,Lucky Savannah Vacation Rentals,owners@luckysavannah.com,9124958582,Type 2: Non-Owner-Occupied STVR Certificate,1,,4,SAVANNAH DOWNTOWN HISTORIC DISTRICT,2003208019,208 E JONES ST,1,,SAVANNAH,GA,31401,"208 E JONES ST UNIT 1, SAVANNAH, GA 31401",208 E JONES ST,208 E JONES ST UNIT 1,Normalized,
525 EAST HARRIS ST  SAVANNAH GA 31401,,SVR-00460,2026-10-02,2001418016,Kevin Escobar d/b/a Kesco Homes,kevin@kescohomes.com,6319548427,Type 2: Non-Owner-Occupied STVR Certificate,2,,4,SAVANNAH DOWNTOWN HISTORIC DISTRICT,2001418016,525 E HARRIS ST,,,SAVANNAH,GA,31401,"525 E HARRIS ST, SAVANNAH, GA 31401",525 E HARRIS ST,525 E HARRIS ST,Normalized,
230 EAST OGLETHORPE AVE  SAVANNAH GA 31401,B,SVR-00464,2027-02-26,2001506008,Southern Belle Vacation Rentals,stvr@southernbellevr.com,9122890130,Type 2: Non-Owner-Occupied STVR Certificate,4,3,10,SAVANNAH DOWNTOWN HISTORIC DISTRICT,2001506008,230 E OGLETHORPE AVE,B,,SAVANNAH,GA,31401,"230 E OGLETHORPE AVE UNIT B, SAVANNAH, GA 31401",230 E OGLETHORPE AVE,230 E OGLETHORPE AVE UNIT B,Normalized,
309 EAST HUNTINGDON ST  SAVANNAH GA 31401,A,SVR-00471,2027-05-24,2004402011,Southern Belle Vacation Rentals,stvr@southernbellevr.com,9122890130,Type 2: Non-Owner-Occupied STVR Certificate,1,,4,SAVANNAH DOWNTOWN HISTORIC DISTRICT,2004402011,309 E HUNTINGDON ST,A,,SAVANNAH,GA,31401,"309 E HUNTINGDON ST UNIT A, SAVANNAH, GA 31401",309 E HUNTINGDON ST,309 E HUNTINGDON ST UNIT A,Normalized,
126 EAST OGLETHORPE AVE  SAVANNAH GA 31401,B,SVR-00472,2027-07-06,2001507004,Mary Anderson,mary@savannahluxuryrentals.com,9125252022,Type 2: Non-Owner-Occupied STVR Certificate,2,1,6,SAVANNAH DOWNTOWN HISTORIC DISTRICT,2001507004,126 E OGLETHORPE AVE,B,,SAVANNAH,GA,31401,"126 E OGLETHORPE AVE UNIT B, SAVANNAH, GA 31401",126 E OGLETHORPE AVE,126 E OGLETHORPE AVE UNIT B,Normalized,
619  MONTGOMERY ST  SAVANNAH GA 31401,Main House,SVR-00477,2027-05-30,2004524003,Vacasa LLC,permitting@vacasa.com,5033459399,Type 2: Non-Owner-Occupied STVR Certificate,3,,8,SAVANNAH DOWNTOWN HISTORIC DISTRICT,2004524003,619 MONTGOMERY ST,MAIN HOUSE,,SAVANNAH,GA,31401,"619 MONTGOMERY ST UNIT MAIN HOUSE, SAVANNAH, GA 31401",619 MONTGOMERY ST,619 MONTGOMERY ST UNIT MAIN HOUSE,Normalized,
619   MONTGOMERY ST  SAVANNAH GA 31401,1,SVR-00478,2027-04-12,2004524003,Vacasa LLC,permitting@vacasa.com,5033459399,Type 2: Non-Owner-Occupied STVR Certificate,3,,8,SAVANNAH DOWNTOWN HISTORIC DISTRICT,2004524003,619 MONTGOMERY ST,1,,SAVANNAH,GA,31401,"619 MONTGOMERY ST UNIT 1, SAVANNAH, GA 31401",619 MONTGOMERY ST,619 MONTGOMERY ST UNIT 1,Normalized,
201 WEST LIBERTY ST  SAVANNAH GA 31401,200,SVR-00481,2027-07-03,2003116016,Lucky Savannah Vacation Rentals,owners@luckysavannah.com,9124958582,Type 2: Non-Owner-Occupied STVR Certificate,1,1,4,SAVANNAH DOWNTOWN HISTORIC DISTRICT,2003116016,201 W LIBERTY ST,200,,SAVANNAH,GA,31401,"201 W LIBERTY ST UNIT 200, SAVANNAH, GA 31401",201 W LIBERTY ST,201 W LIBERTY ST UNIT 200,Normalized,
310 WEST BROUGHTON ST  SAVANNAH GA 31401,3010,SVR-00482,2027-07-03,2001615040,Southern Belle Vacation Rentals,stvr@southernbellevr.com,9122890130,Type 2: Non-Owner-Occupied STVR Certificate,1,,4,SAVANNAH DOWNTOWN HISTORIC DISTRICT,2001615040,310 W BROUGHTON ST,3010,,SAVANNAH,GA,31401,"310 W BROUGHTON ST UNIT 3010, SAVANNAH, GA 31401",310 W BROUGHTON ST,310 W BROUGHTON ST UNIT 3010,Normalized,
165 WEST BAY ST  SAVANNAH GA 31401,603,SVR-00049,2027-05-31,2000413057,Kim Stringer,kim@savannahgetaways.net,9126569517,Type 2: Non-Owner-Occupied STVR Certificate,2,1,6,SAVANNAH DOWNTOWN HISTORIC DISTRICT,2000413057,165 W BAY ST,603,,SAVANNAH,GA,31401,"165 W BAY ST UNIT 603, SAVANNAH, GA 31401",165 W BAY ST,165 W BAY ST UNIT 603,Normalized,
349 EAST BROAD ST  SAVANNAH GA 31401,,SVR-00489,2027-10-02,2001419058,ROBERT BILBROUGH JR,dekedeac@bellsouth.net,6789102650,Type 2: Non-Owner-Occupied STVR Certificate,2,,6,SAVANNAH DOWNTOWN HISTORIC DISTRICT,2001419058,349 E BROAD ST,,,SAVANNAH,GA,31401,"349 E BROAD ST, SAVANNAH, GA 31401",349 E BROAD ST,349 E BROAD ST,Normalized,
525  HOWARD ST  SAVANNAH GA 31401,,SVR-00496,2027-06-14,2003254016,Anderson VIP Concierge LLC,mary@savannahluxuryrentals.com,9125252022,Type 2: Non-Owner-Occupied STVR Certificate,2,,6,SAVANNAH DOWNTOWN HISTORIC DISTRICT,2003254016,525 HOWARD ST,,,SAVANNAH,GA,31401,"525 HOWARD ST, SAVANNAH, GA 31401",525 HOWARD ST,525 HOWARD ST,Normalized,
419 EAST ST JULIAN ST  SAVANNAH GA 31401,,SVR-00497,2027-04-29,2000435003,Mary Anderson d/b/a Anderson VIP Concierge LLC,mary@savannahluxuryrentals.com,9125252022,Type 2: Non-Owner-Occupied STVR Certificate,1,1,4,SAVANNAH DOWNTOWN HISTORIC DISTRICT,2000435003,419 E ST JULIAN ST,,,SAVANNAH,GA,31401,"419 E ST JULIAN ST, SAVANNAH, GA 31401",419 E ST JULIAN ST,419 E ST JULIAN ST,Normalized,
218 WEST JONES ST  SAVANNAH GA 31401,,SVR-00499,2027-02-26,2003128007,Southern Belle Vacation Rentals,stvr@southernbellevr.com,9122890130,Type 2: Non-Owner-Occupied STVR Certificate,4,4,10,SAVANNAH DOWNTOWN HISTORIC DISTRICT,2003128007,218 W JONES ST,,,SAVANNAH,GA,31401,"218 W JONES ST, SAVANNAH, GA 31401",218 W JONES ST,218 W JONES ST,Normalized,
418 EAST CHARLTON ST  SAVANNAH GA 31401,,SVR-00501,2027-05-29,2001417006,Rose Ann Williams,secondavenue@aol.com,9126574251,Type 2: Non-Owner-Occupied STVR Certificate,1,,4,SAVANNAH DOWNTOWN HISTORIC DISTRICT,2001417006,418 E CHARLTON ST,,,SAVANNAH,GA,31401,"418 E CHARLTON ST, SAVANNAH, GA 31401",418 E CHARLTON ST,418 E CHARLTON ST,Normalized,
126 EAST HENRY ST  SAVANNAH GA 31401,,SVR-00503,2027-01-08,2005303016,ROY MAYNARD,roy.maynard.rm@gmail.com,9126601200,Type 2: Non-Owner-Occupied STVR Certificate,2,2,6,VICTORIAN HISTORIC DISTRICT,2005303016,126 E HENRY ST,,,SAVANNAH,GA,31401,"126 E HENRY ST, SAVANNAH, GA 31401",126 E HENRY ST,126 E HENRY ST,Normalized,
128 EAST HENRY ST  SAVANNAH GA 31401,,SVR-00504,2026-09-30,2005303016,ROY MAYNARD,roy.maynard.rm@gmail.com,9126601200,Type 2: Non-Owner-Occupied STVR Certificate,2,2,6,VICTORIAN HISTORIC DISTRICT,2005303016,128 E HENRY ST,,,SAVANNAH,GA,31401,"128 E HENRY ST, SAVANNAH, GA 31401",128 E HENRY ST,128 E HENRY ST,Normalized,
514  TATTNALL ST  SAVANNAH GA 31401,,SVR-00505,2027-05-03,2003255015,Rexanna Lester,rexanna.lester@gmail.com,9128970641,Type 2: Non-Owner-Occupied STVR Certificate,2,,4,SAVANNAH DOWNTOWN HISTORIC DISTRICT,2003255015,514 TATTNALL ST,,,SAVANNAH,GA,31401,"514 TATTNALL ST, SAVANNAH, GA 31401",514 TATTNALL ST,514 TATTNALL ST,Normalized,
505  TATTNALL ST  SAVANNAH GA 31401,,SVR-00506,2026-10-31,2004523003,Lucky Savannah Vacation Rentals,owners@luckysavannah.com,9124958582,Type 2: Non-Owner-Occupied STVR Certificate,2,1,4,SAVANNAH DOWNTOWN HISTORIC DISTRICT,2004523003,505 TATTNALL ST,,,SAVANNAH,GA,31401,"505 TATTNALL ST, SAVANNAH, GA 31401",505 TATTNALL ST,505 TATTNALL ST,Normalized,
230 BULL ST SAVANNAH GA 31401,1,SVR-02985,2027-05-10,2001520011,Kasa Living,licensing@kasa.com,6502298455,Type 2: Non-Owner-Occupied STVR Certificate,1,,4,SAVANNAH DOWNTOWN HISTORIC DISTRICT,2001520011,230 BULL ST,1,,SAVANNAH,GA,31401,"230 BULL ST UNIT 1, SAVANNAH, GA 31401",230 BULL ST,230 BULL ST UNIT 1,Normalized,
230 BULL ST SAVANNAH GA 31401,3,SVR-02986,2027-05-10,2001520011,Kasa Living,licensing@kasa.com,6502298455,Type 2: Non-Owner-Occupied STVR Certificate,2,,4,SAVANNAH DOWNTOWN HISTORIC DISTRICT,2001520011,230 BULL ST,3,,SAVANNAH,GA,31401,"230 BULL ST UNIT 3, SAVANNAH, GA 31401",230 BULL ST,230 BULL ST UNIT 3,Normalized,
230 BULL ST SAVANNAH GA 31401,5,SVR-02987,2027-05-10,2001520011,Kasa Living,licensing@kasa.com,6502298455,Type 2: Non-Owner-Occupied STVR Certificate,1,,4,SAVANNAH DOWNTOWN HISTORIC DISTRICT,2001520011,230 BULL ST,5,,SAVANNAH,GA,31401,"230 BULL ST UNIT 5, SAVANNAH, GA 31401",230 BULL ST,230 BULL ST UNIT 5,Normalized,
230 BULL ST SAVANNAH GA 31401,232-2,SVR-02988,2027-05-10,2001520011,Kasa Living,licensing@kasa.com,6502298455,Type 2: Non-Owner-Occupied STVR Certificate,1,,4,SAVANNAH DOWNTOWN HISTORIC DISTRICT,2001520011,230 BULL ST,232-2,,SAVANNAH,GA,31401,"230 BULL ST UNIT 232-2, SAVANNAH, GA 31401",230 BULL ST,230 BULL ST UNIT 232-2,Normalized,
230 BULL ST SAVANNAH GA 31401,232-4,SVR-02989,2027-05-10,2001520011,Kasa Living,licensing@kasa.com,6502298455,Type 2: Non-Owner-Occupied STVR Certificate,1,,4,SAVANNAH DOWNTOWN HISTORIC DISTRICT,2001520011,230 BULL ST,232-4,,SAVANNAH,GA,31401,"230 BULL ST UNIT 232-4, SAVANNAH, GA 31401",230 BULL ST,230 BULL ST UNIT 232-4,Normalized,
230 BULL ST SAVANNAH GA 31401,232-6,SVR-02990,2027-05-10,2001520011,Kasa Living,licensing@kasa.com,6502298455,Type 2: Non-Owner-Occupied STVR Certificate,1,,4,SAVANNAH DOWNTOWN HISTORIC DISTRICT,2001520011,230 BULL ST,232-6,,SAVANNAH,GA,31401,"230 BULL ST UNIT 232-6, SAVANNAH, GA 31401",230 BULL ST,230 BULL ST UNIT 232-6,Normalized,
525 E GWINNETT ST # B SAVANNAH GA 31401,B,SVR-03012,2027-07-02,2004306052,Heng Yi Liao,garyliao1020@gmail.com,9515007496,Type 2: Non-Owner-Occupied STVR Certificate,1,2,4,VICTORIAN HISTORIC DISTRICT,2004306052,525 E GWINNETT ST,B,B,SAVANNAH,GA,31401,"525 E GWINNETT ST UNIT B, SAVANNAH, GA 31401",525 E GWINNETT ST,525 E GWINNETT ST UNIT B,Normalized,
416 PORT ST SAVANNAH GA 31401,,SVR-02991,2027-05-28,2000605025,Lucky Savannah Vacation Rentals,owners@luckysavannah.com,9124958582,Type 2: Non-Owner-Occupied STVR Certificate,3,2,6,EmptyFieldDisplayStrategy.HIDE,2000605025,416 PORT ST,,,SAVANNAH,GA,31401,"416 PORT ST, SAVANNAH, GA 31401",416 PORT ST,416 PORT ST,Normalized,
308 W TAYLOR ST SAVANNAH GA 31401,,SVR-02992,2027-05-29,2004506031,Cora Bett Thomas Rentals and Management,stvr@cbtrentals.com,9125036652,Type 1: Owner-Occupied STVR Certificate,1,,4,SAVANNAH DOWNTOWN HISTORIC DISTRICT,2004506031,308 W TAYLOR ST,,,SAVANNAH,GA,31401,"308 W TAYLOR ST, SAVANNAH, GA 31401",308 W TAYLOR ST,308 W TAYLOR ST,Normalized,
20 E UPPER FACTORS WALK SAVANNAH GA 31401,,SVR-02993,2027-05-29,2000410028,Michael Arcangelo,24squaresavannah@gmail.com,9787667088,Type 2: Non-Owner-Occupied STVR Certificate,2,2,4,SAVANNAH DOWNTOWN HISTORIC DISTRICT,2000410028,20 E UPPER FACTORS WALK,,,SAVANNAH,GA,31401,"20 E UPPER FACTORS WALK, SAVANNAH, GA 31401",20 E UPPER FACTORS WALK,20 E UPPER FACTORS WALK,Normalized,
22 E BAY ST UNIT A SAVANNAH GA 31401,,SVR-02994,2027-05-29,2000410029,Michael Arcangelo,24squaresavannah@gmail.com,9787667088,Type 2: Non-Owner-Occupied STVR Certificate,1,1,4,SAVANNAH DOWNTOWN HISTORIC DISTRICT,2000410029,22 E BAY ST,A,A,SAVANNAH,GA,31401,"22 E BAY ST UNIT A, SAVANNAH, GA 31401",22 E BAY ST,22 E BAY ST UNIT A,Normalized,
22 E BAY ST UNIT B SAVANNAH GA 31401,,SVR-02995,2027-05-29,2000410030,Michael Arcangelo,24squaresavannah@gmail.com,9787667088,Type 2: Non-Owner-Occupied STVR Certificate,1,1,4,SAVANNAH DOWNTOWN HISTORIC DISTRICT,2000410030,22 E BAY ST,B,B,SAVANNAH,GA,31401,"22 E BAY ST UNIT B, SAVANNAH, GA 31401",22 E BAY ST,22 E BAY ST UNIT B,Normalized,
24 E BAY ST UNIT A SAVANNAH GA 31401,,SVR-02996,2027-05-29,2000410031,Michael Arcangelo,24squaresavannah@gmail.com,9787667088,Type 2: Non-Owner-Occupied STVR Certificate,1,1,4,SAVANNAH DOWNTOWN HISTORIC DISTRICT,2000410031,24 E BAY ST,A,A,SAVANNAH,GA,31401,"24 E BAY ST UNIT A, SAVANNAH, GA 31401",24 E BAY ST,24 E BAY ST UNIT A,Normalized,
24 E BAY ST UNIT B SAVANNAH GA 31401,,SVR-02997,2027-05-29,2000410032,Michael Arcangelo,24squaresavannah@gmail.com,9787667088,Type 2: Non-Owner-Occupied STVR Certificate,1,1,4,SAVANNAH DOWNTOWN HISTORIC DISTRICT,2000410032,24 E BAY ST,B,B,SAVANNAH,GA,31401,"24 E BAY ST UNIT B, SAVANNAH, GA 31401",24 E BAY ST,24 E BAY ST UNIT B,Normalized,
523 E GWINNETT ST # A SAVANNAH GA 31401,A,SVR-03001,2027-06-18,2004306049,Chad Krompak,chad.krompak@gmail.com,9122206944,Type 2: Non-Owner-Occupied STVR Certificate,2,1,4,VICTORIAN HISTORIC DISTRICT,2004306049,523 E GWINNETT ST,A,A,SAVANNAH,GA,31401,"523 E GWINNETT ST UNIT A, SAVANNAH, GA 31401",523 E GWINNETT ST,523 E GWINNETT ST UNIT A,Normalized,
313 W BOLTON ST SAVANNAH GA 31401,,SVR-03009,2027-07-01,2005203002B,Lucky Savannah Vacation Rentals,owners@luckysavannah.com,9124958582,Type 2: Non-Owner-Occupied STVR Certificate,2,,4,VICTORIAN HISTORIC DISTRICT,2005203002B,313 W BOLTON ST,,,SAVANNAH,GA,31401,"313 W BOLTON ST, SAVANNAH, GA 31401",313 W BOLTON ST,313 W BOLTON ST,Normalized,
230 HOUSTON ST SAVANNAH GA 31401,1,SVR-03000,2027-06-10,2001409014,Southern Grace Stays,southerngracegetaways@yahoo.com,9126008086,Type 1: Owner-Occupied STVR Certificate,1,2,4,SAVANNAH DOWNTOWN HISTORIC DISTRICT,2001409014,230 HOUSTON ST,1,,SAVANNAH,GA,31401,"230 HOUSTON ST UNIT 1, SAVANNAH, GA 31401",230 HOUSTON ST,230 HOUSTON ST UNIT 1,Normalized,
324 E 32ND ST SAVANNAH GA 31401,Carriage House,SVR-02998,2027-06-06,2005326003,Madeline Phillips,mmphillips22@gmail.com,5028891692,Type 1: Owner-Occupied STVR Certificate,1,,4,STREETCAR HISTORIC DISTRICT,2005326003,324 E 32ND ST,CARRIAGE HOUSE,,SAVANNAH,GA,31401,"324 E 32ND ST UNIT CARRIAGE HOUSE, SAVANNAH, GA 31401",324 E 32ND ST,324 E 32ND ST UNIT CARRIAGE HOUSE,Normalized,
116 E HENRY ST SAVANNAH GA 31401,A,SVR-03027,2027-07-29,2005303004,Lorynne Cadman,info@fptpm.com,3056134564,Type 2: Non-Owner-Occupied STVR Certificate,2,1,4,VICTORIAN HISTORIC DISTRICT,2005303004,116 E HENRY ST,A,,SAVANNAH,GA,31401,"116 E HENRY ST UNIT A, SAVANNAH, GA 31401",116 E HENRY ST,116 E HENRY ST UNIT A,Normalized,
42 E UPPER FACTORS WALK SAVANNAH GA 31401,3,SVR-03005,2027-06-20,2000410011,F Rebecca Schleifer,makeyournestbest@gmail.com,8134468360,Type 2: Non-Owner-Occupied STVR Certificate,2,,4,SAVANNAH DOWNTOWN HISTORIC DISTRICT,2000410011,42 E UPPER FACTORS WALK,3,,SAVANNAH,GA,31401,"42 E UPPER FACTORS WALK UNIT 3, SAVANNAH, GA 31401",42 E UPPER FACTORS WALK,42 E UPPER FACTORS WALK UNIT 3,Normalized,
116 E HENRY ST SAVANNAH GA 31401,B,SVR-03028,2027-07-29,2005303004,David Johnson,info@fptpm.com,7066627636,Type 2: Non-Owner-Occupied STVR Certificate,2,1,4,VICTORIAN HISTORIC DISTRICT,2005303004,116 E HENRY ST,B,,SAVANNAH,GA,31401,"116 E HENRY ST UNIT B, SAVANNAH, GA 31401",116 E HENRY ST,116 E HENRY ST UNIT B,Normalized,
407 E CHARLTON ST SAVANNAH GA 31401,Upstairs,SVR-03002,2027-06-18,2003210017,Lucky Savannah Vacation Rentals,owners@luckysavannah.com,9124958582,Type 2: Non-Owner-Occupied STVR Certificate,3,1,6,SAVANNAH DOWNTOWN HISTORIC DISTRICT,2003210017,407 E CHARLTON ST,UPSTAIRS,,SAVANNAH,GA,31401,"407 E CHARLTON ST UNIT UPSTAIRS, SAVANNAH, GA 31401",407 E CHARLTON ST,407 E CHARLTON ST UNIT UPSTAIRS,Normalized,
407 E CHARLTON ST SAVANNAH GA 31401,Garden,SVR-03003,2027-06-18,2003210017,Lucky Savannah Vacation Rentals,owners@luckysavannah.com,9124958582,Type 2: Non-Owner-Occupied STVR Certificate,1,1,4,SAVANNAH DOWNTOWN HISTORIC DISTRICT,2003210017,407 E CHARLTON ST,GARDEN,,SAVANNAH,GA,31401,"407 E CHARLTON ST UNIT GARDEN, SAVANNAH, GA 31401",407 E CHARLTON ST,407 E CHARLTON ST UNIT GARDEN,Normalized,
506 E BOLTON ST SAVANNAH GA 31401,B,SVR-03004,2027-06-20,2004306036,Laura Robinson,southerngracegetaways@yahoo.com,9126008086,Type 1: Owner-Occupied STVR Certificate,2,2,4,VICTORIAN HISTORIC DISTRICT,2004306036,506 E BOLTON ST,B,,SAVANNAH,GA,31401,"506 E BOLTON ST UNIT B, SAVANNAH, GA 31401",506 E BOLTON ST,506 E BOLTON ST UNIT B,Normalized,
506 E BOLTON ST SAVANNAH GA 31401,508 at,SVR-03006,2027-06-21,2004306036,Laura Robinson,southerngracegetaways@yahoo.com,9126008086,Type 1: Owner-Occupied STVR Certificate,3,2,6,VICTORIAN HISTORIC DISTRICT,2004306036,506 E BOLTON ST,508 AT,,SAVANNAH,GA,31401,"506 E BOLTON ST UNIT 508 AT, SAVANNAH, GA 31401",506 E BOLTON ST,506 E BOLTON ST UNIT 508 AT,Normalized,
55 MONTGOMERY ST SAVANNAH GA 31401,3,SVR-03010,2027-07-02,2001616011,Vacasa LLC,permitting@vacasa.com,5033459399,Type 2: Non-Owner-Occupied STVR Certificate,2,,4,SAVANNAH DOWNTOWN HISTORIC DISTRICT,2001616011,55 MONTGOMERY ST,3,,SAVANNAH,GA,31401,"55 MONTGOMERY ST UNIT 3, SAVANNAH, GA 31401",55 MONTGOMERY ST,55 MONTGOMERY ST UNIT 3,Normalized,
55 MONTGOMERY ST SAVANNAH GA 31401,4,SVR-03011,2027-07-02,2001616011,Vacasa LLC,permitting@vacasa.com,5033459399,Type 2: Non-Owner-Occupied STVR Certificate,3,,6,SAVANNAH DOWNTOWN HISTORIC DISTRICT,2001616011,55 MONTGOMERY ST,4,,SAVANNAH,GA,31401,"55 MONTGOMERY ST UNIT 4, SAVANNAH, GA 31401",55 MONTGOMERY ST,55 MONTGOMERY ST UNIT 4,Normalized,
524 E ANDERSON ST SAVANNAH GA 31401,,SVR-03007,2027-06-28,2005314010,Laura Robinson,southerngracegetaways@yahoo.com,9126008086,Type 2: Non-Owner-Occupied STVR Certificate,2,2,4,VICTORIAN HISTORIC DISTRICT,2005314010,524 E ANDERSON ST,,,SAVANNAH,GA,31401,"524 E ANDERSON ST, SAVANNAH, GA 31401",524 E ANDERSON ST,524 E ANDERSON ST,Normalized,
524 E ANDERSON ST SAVANNAH GA 31401,526 at,SVR-03008,2027-06-28,2005314010,Laura Robinson,southerngracegetaways@yahoo.com,9126008086,Type 2: Non-Owner-Occupied STVR Certificate,2,2,4,VICTORIAN HISTORIC DISTRICT,2005314010,524 E ANDERSON ST,526 AT,,SAVANNAH,GA,31401,"524 E ANDERSON ST UNIT 526 AT, SAVANNAH, GA 31401",524 E ANDERSON ST,524 E ANDERSON ST UNIT 526 AT,Normalized,
518 E GORDON LN SAVANNAH GA 31401,Carriage house,SVR-03013,2027-07-09,2003303054,Mary Anderson,mary@savannahluxuryrentals.com,9125252022,Type 2: Non-Owner-Occupied STVR Certificate,1,1,4,SAVANNAH DOWNTOWN HISTORIC DISTRICT,2003303054,518 E GORDON LN,CARRIAGE HOUSE,,SAVANNAH,GA,31401,"518 E GORDON LN UNIT CARRIAGE HOUSE, SAVANNAH, GA 31401",518 E GORDON LN,518 E GORDON LN UNIT CARRIAGE HOUSE,Normalized,
1002 DRAYTON ST SAVANNAH GA 31401,A,SVR-03021,2027-07-15,2004426011,Joseph Calvanese,joe@calvaneseproperties.com,5184882769,Type 2: Non-Owner-Occupied STVR Certificate,2,,4,VICTORIAN HISTORIC DISTRICT,2004426011,1002 DRAYTON ST,A,,SAVANNAH,GA,31401,"1002 DRAYTON ST UNIT A, SAVANNAH, GA 31401",1002 DRAYTON ST,1002 DRAYTON ST UNIT A,Normalized,
1002 DRAYTON ST SAVANNAH GA 31401,B,SVR-03022,2027-07-15,2004426011,Joseph Calvanese,joe@calvaneseproperties.com,5184882769,Type 2: Non-Owner-Occupied STVR Certificate,2,,4,VICTORIAN HISTORIC DISTRICT,2004426011,1002 DRAYTON ST,B,,SAVANNAH,GA,31401,"1002 DRAYTON ST UNIT B, SAVANNAH, GA 31401",1002 DRAYTON ST,1002 DRAYTON ST UNIT B,Normalized,
1002 DRAYTON ST SAVANNAH GA 31401,C,SVR-03023,2027-07-15,2004426011,Joseph Calvanese,joe@calvaneseproperties.com,5184882769,Type 2: Non-Owner-Occupied STVR Certificate,1,,4,VICTORIAN HISTORIC DISTRICT,2004426011,1002 DRAYTON ST,C,,SAVANNAH,GA,31401,"1002 DRAYTON ST UNIT C, SAVANNAH, GA 31401",1002 DRAYTON ST,1002 DRAYTON ST UNIT C,Normalized,
324 E BRYAN ST SAVANNAH GA 31401,,SVR-03016,2027-07-09,2000418005,Donna Daugherty,timopia@hotmail.com,9122720435,Type 2: Non-Owner-Occupied STVR Certificate,4,1,8,SAVANNAH DOWNTOWN HISTORIC DISTRICT,2000418005,324 E BRYAN ST,,,SAVANNAH,GA,31401,"324 E BRYAN ST, SAVANNAH, GA 31401",324 E BRYAN ST,324 E BRYAN ST,Normalized,
543 E GORDON ST SAVANNAH GA 31401,,SVR-03014,2027-07-09,2003303036,Lucky Savannah Vacation Rentals,owners@luckysavannah.com,9124958582,Type 2: Non-Owner-Occupied STVR Certificate,2,,4,SAVANNAH DOWNTOWN HISTORIC DISTRICT,2003303036,543 E GORDON ST,,,SAVANNAH,GA,31401,"543 E GORDON ST, SAVANNAH, GA 31401",543 E GORDON ST,543 E GORDON ST,Normalized,
450 GEO MEYER AVE SAVANNAH GA 31401,Carriage House,SVR-03017,2027-07-10,2000605041,Lucky Savannah Vacation Rentals,owners@luckysavannah.com,9124958582,Type 2: Non-Owner-Occupied STVR Certificate,1,,4,EmptyFieldDisplayStrategy.HIDE,2000605041,450 GEO MEYER AVE,CARRIAGE HOUSE,,SAVANNAH,GA,31401,"450 GEO MEYER AVE UNIT CARRIAGE HOUSE, SAVANNAH, GA 31401",450 GEO MEYER AVE,450 GEO MEYER AVE UNIT CARRIAGE HOUSE,Normalized,
450 GEO MEYER AVE SAVANNAH GA 31401,Garden Apartment,SVR-03018,2027-07-10,2000605041,Lucky Savannah Vacation Rentals,owners@luckysavannah.com,9124958582,Type 2: Non-Owner-Occupied STVR Certificate,1,,4,EmptyFieldDisplayStrategy.HIDE,2000605041,450 GEO MEYER AVE,GARDEN APARTMENT,,SAVANNAH,GA,31401,"450 GEO MEYER AVE UNIT GARDEN APARTMENT, SAVANNAH, GA 31401",450 GEO MEYER AVE,450 GEO MEYER AVE UNIT GARDEN APARTMENT,Normalized,
208 E JONES ST SAVANNAH GA 31401,3,SVR-03015,2027-07-09,2003208021,Southern Grace Stays,southerngracegetaways@yahoo.com,9126008086,Type 2: Non-Owner-Occupied STVR Certificate,1,,4,SAVANNAH DOWNTOWN HISTORIC DISTRICT,2003208021,208 E JONES ST,3,,SAVANNAH,GA,31401,"208 E JONES ST UNIT 3, SAVANNAH, GA 31401",208 E JONES ST,208 E JONES ST UNIT 3,Normalized,
456 PRICE ST SAVANNAH GA 31401,,SVR-03019,2027-07-11,2003303034,Lucky Savannah Vacation Rentals,owners@luckysavannah.com,9124958582,Type 2: Non-Owner-Occupied STVR Certificate,3,4,6,SAVANNAH DOWNTOWN HISTORIC DISTRICT,2003303034,456 PRICE ST,,,SAVANNAH,GA,31401,"456 PRICE ST, SAVANNAH, GA 31401",456 PRICE ST,456 PRICE ST,Normalized,
110 BARNARD ST # 413 SAVANNAH GA 31401,,SVR-03020,2027-07-12,2000443028,Yu Colvard,lucycolvard@gmail.com,9123064098,Type 2: Non-Owner-Occupied STVR Certificate,2,1,4,SAVANNAH DOWNTOWN HISTORIC DISTRICT,2000443028,110 BARNARD ST,413,413,SAVANNAH,GA,31401,"110 BARNARD ST UNIT 413, SAVANNAH, GA 31401",110 BARNARD ST,110 BARNARD ST UNIT 413,Normalized,
1006 DRAYTON ST SAVANNAH GA 31401,,SVR-03025,2027-07-17,2004426010,Stacia Scaduto,theabilenesavannah@gmail.com,2679718027,Type 2: Non-Owner-Occupied STVR Certificate,3,2,6,VICTORIAN HISTORIC DISTRICT,2004426010,1006 DRAYTON ST,,,SAVANNAH,GA,31401,"1006 DRAYTON ST, SAVANNAH, GA 31401",1006 DRAYTON ST,1006 DRAYTON ST,Normalized,
"304 E HALL ST, SAVANNAH, GA, 31401",A,SVR-03033,2027-08-27,2004402008,Lucky Savannah Vacation Rentals,owners@luckysavannah.com,9124958582,Type 1: Owner-Occupied STVR Certificate,2,,4,SAVANNAH DOWNTOWN HISTORIC DISTRICT,2004402008,304 E HALL ST,A,,SAVANNAH,GA,31401,"304 E HALL ST UNIT A, SAVANNAH, GA 31401",304 E HALL ST,304 E HALL ST UNIT A,Normalized,
"304 E HALL ST, SAVANNAH, GA, 31401",B,SVR-03034,2027-08-27,2004402008,Lucky Savannah Vacation Rentals,owners@luckysavannah.com,9124958582,Type 1: Owner-Occupied STVR Certificate,1,,4,SAVANNAH DOWNTOWN HISTORIC DISTRICT,2004402008,304 E HALL ST,B,,SAVANNAH,GA,31401,"304 E HALL ST UNIT B, SAVANNAH, GA 31401",304 E HALL ST,304 E HALL ST UNIT B,Normalized,
"304 E HALL ST, SAVANNAH, GA, 31401",C,SVR-03035,2027-08-27,2004402008,Lucky Savannah Vacation Rentals,owners@luckysavannah.com,9124958582,Type 1: Owner-Occupied STVR Certificate,1,,4,SAVANNAH DOWNTOWN HISTORIC DISTRICT,2004402008,304 E HALL ST,C,,SAVANNAH,GA,31401,"304 E HALL ST UNIT C, SAVANNAH, GA 31401",304 E HALL ST,304 E HALL ST UNIT C,Normalized,
"462 GEO MEYER AVE, SAVANNAH, GA, 31401",Carriage House,SVR-03031,2027-08-26,2000605044,Lucky Savannah Vacation Rentals,owners@luckysavannah.com,9124958582,Type 2: Non-Owner-Occupied STVR Certificate,1,,4,EmptyFieldDisplayStrategy.HIDE,2000605044,462 GEO MEYER AVE,CARRIAGE HOUSE,,SAVANNAH,GA,31401,"462 GEO MEYER AVE UNIT CARRIAGE HOUSE, SAVANNAH, GA 31401",462 GEO MEYER AVE,462 GEO MEYER AVE UNIT CARRIAGE HOUSE,Normalized,
"462 GEO MEYER AVE, SAVANNAH, GA, 31401",Garden Apartment,SVR-03032,2027-08-26,2000605044,Lucky Savannah Vacation Rentals,owners@luckysavannah.com,9124958582,Type 2: Non-Owner-Occupied STVR Certificate,1,,4,EmptyFieldDisplayStrategy.HIDE,2000605044,462 GEO MEYER AVE,GARDEN APARTMENT,,SAVANNAH,GA,31401,"462 GEO MEYER AVE UNIT GARDEN APARTMENT, SAVANNAH, GA 31401",462 GEO MEYER AVE,462 GEO MEYER AVE UNIT GARDEN APARTMENT,Normalized,
"210 E STATE ST 10, SAVANNAH, GA, 31401",,SVR-03037,2027-08-28,2000447019,Alyssa Acker,hostingsavannah@gmail.com,4436104230,Type 2: Non-Owner-Occupied STVR Certificate,1,,4,SAVANNAH DOWNTOWN HISTORIC DISTRICT,2000447019,210 E STATE ST,10,10,SAVANNAH,GA,31401,"210 E STATE ST UNIT 10, SAVANNAH, GA 31401",210 E STATE ST,210 E STATE ST UNIT 10,Normalized,
"105 WHITAKER ST 202, SAVANNAH, GA, 31401",202,SVR-03040,2027-09-06,2000443035,Southern Belle Vacation Rentals,stvr@southernbellevr.com,9122890130,Type 2: Non-Owner-Occupied STVR Certificate,2,,4,SAVANNAH DOWNTOWN HISTORIC DISTRICT,2000443035,105 WHITAKER ST,202,202,SAVANNAH,GA,31401,"105 WHITAKER ST UNIT 202, SAVANNAH, GA 31401",105 WHITAKER ST,105 WHITAKER ST UNIT 202,Normalized,
"101 W GORDON ST B, SAVANNAH, GA, 31401",,SVR-03041,2026-09-09,2003242027,Savannah Getaways,kim@savannahgetaways.net,9126569517,Type 2: Non-Owner-Occupied STVR Certificate,1,,4,SAVANNAH DOWNTOWN HISTORIC DISTRICT,2003242027,101 W GORDON ST,B,B,SAVANNAH,GA,31401,"101 W GORDON ST UNIT B, SAVANNAH, GA 31401",101 W GORDON ST,101 W GORDON ST UNIT B,Normalized,
"23 W BROUGHTON ST, SAVANNAH, GA, 31401",E,SVR-03077,2027-01-02,2000444043,Kelly Anderson,kanderson@cabrettacapital.com,9122105203,Type 2: Non-Owner-Occupied STVR Certificate,3,,6,SAVANNAH DOWNTOWN HISTORIC DISTRICT,2000444043,23 W BROUGHTON ST,E,,SAVANNAH,GA,31401,"23 W BROUGHTON ST UNIT E, SAVANNAH, GA 31401",23 W BROUGHTON ST,23 W BROUGHTON ST UNIT E,Normalized,
"23 W BROUGHTON ST, SAVANNAH, GA, 31401",D,SVR-03076,2027-01-02,2000444043,Kelly Anderson,kanderson@cabrettacapital.com,9122105203,Type 2: Non-Owner-Occupied STVR Certificate,3,,6,SAVANNAH DOWNTOWN HISTORIC DISTRICT,2000444043,23 W BROUGHTON ST,D,,SAVANNAH,GA,31401,"23 W BROUGHTON ST UNIT D, SAVANNAH, GA 31401",23 W BROUGHTON ST,23 W BROUGHTON ST UNIT D,Normalized,
"24 E LIBERTY ST 11, SAVANNAH, GA, 31401",,SVR-03042,2026-09-12,2001529049,South Key Management Company,chase@southkeymgmt.com,9128001321,Type 2: Non-Owner-Occupied STVR Certificate,1,,4,SAVANNAH DOWNTOWN HISTORIC DISTRICT,2001529049,24 E LIBERTY ST,11,11,SAVANNAH,GA,31401,"24 E LIBERTY ST UNIT 11, SAVANNAH, GA 31401",24 E LIBERTY ST,24 E LIBERTY ST UNIT 11,Normalized,
"420 E WALDBURG ST, SAVANNAH, GA, 31401",A,SVR-03043,2026-09-17,2004423015,Lucky Savannah Vacation Rentals,owners@luckysavannah.com,9124958582,Type 2: Non-Owner-Occupied STVR Certificate,2,1,4,VICTORIAN HISTORIC DISTRICT,2004423015,420 E WALDBURG ST,A,,SAVANNAH,GA,31401,"420 E WALDBURG ST UNIT A, SAVANNAH, GA 31401",420 E WALDBURG ST,420 E WALDBURG ST UNIT A,Normalized,
"420 E WALDBURG ST, SAVANNAH, GA, 31401",B,SVR-03044,2026-09-17,2004423015,Lucky Savannah Vacation Rentals,owners@luckysavannah.com,9124958582,Type 2: Non-Owner-Occupied STVR Certificate,2,1,4,VICTORIAN HISTORIC DISTRICT,2004423015,420 E WALDBURG ST,B,,SAVANNAH,GA,31401,"420 E WALDBURG ST UNIT B, SAVANNAH, GA 31401",420 E WALDBURG ST,420 E WALDBURG ST UNIT B,Normalized,
"305 W WALDBURG LN, SAVANNAH, GA, 31401",,SVR-03046,2026-09-23,2005214009A,Lucky Savannah Vacation Rentals,owners@luckysavannah.com,9124958582,Type 2: Non-Owner-Occupied STVR Certificate,1,,4,VICTORIAN HISTORIC DISTRICT,2005214009A,305 W WALDBURG LN,,,SAVANNAH,GA,31401,"305 W WALDBURG LN, SAVANNAH, GA 31401",305 W WALDBURG LN,305 W WALDBURG LN,Normalized,
"305 W WALDBURG LN, SAVANNAH, GA, 31401",307,SVR-03047,2026-09-25,2005214009A,Lucky Savannah Vacation Rentals,owners@luckysavannah.com,9124958582,Type 2: Non-Owner-Occupied STVR Certificate,1,,4,VICTORIAN HISTORIC DISTRICT,2005214009A,305 W WALDBURG LN,307,,SAVANNAH,GA,31401,"305 W WALDBURG LN UNIT 307, SAVANNAH, GA 31401",305 W WALDBURG LN,305 W WALDBURG LN UNIT 307,Normalized,
"102 E LIBERTY ST, SAVANNAH, GA, 31401",703,SVR-03052,2026-10-02,2001530028,Lucky Savannah Vacation Rentals,owners@luckysavannah.com,9124958582,Type 2: Non-Owner-Occupied STVR Certificate,2,,4,SAVANNAH DOWNTOWN HISTORIC DISTRICT,2001530028,102 E LIBERTY ST,703,,SAVANNAH,GA,31401,"102 E LIBERTY ST UNIT 703, SAVANNAH, GA 31401",102 E LIBERTY ST,102 E LIBERTY ST UNIT 703,Normalized,
"310 W BROUGHTON ST 2010, SAVANNAH, GA, 31401",,SVR-03048,2026-09-26,2001615025,Chase Stahl,chase@southkeymgmt.com,9128001321,Type 2: Non-Owner-Occupied STVR Certificate,1,,4,SAVANNAH DOWNTOWN HISTORIC DISTRICT,2001615025,310 W BROUGHTON ST,2010,2010,SAVANNAH,GA,31401,"310 W BROUGHTON ST UNIT 2010, SAVANNAH, GA 31401",310 W BROUGHTON ST,310 W BROUGHTON ST UNIT 2010,Normalized,
"414 E WALDBURG ST, SAVANNAH, GA, 31401",A,SVR-03049,2026-09-26,2004423018,Lucky Savannah Vacation Rentals,owners@luckysavannah.com,9124958582,Type 2: Non-Owner-Occupied STVR Certificate,2,1,4,VICTORIAN HISTORIC DISTRICT,2004423018,414 E WALDBURG ST,A,,SAVANNAH,GA,31401,"414 E WALDBURG ST UNIT A, SAVANNAH, GA 31401",414 E WALDBURG ST,414 E WALDBURG ST UNIT A,Normalized,
"414 E WALDBURG ST, SAVANNAH, GA, 31401",B,SVR-03050,2026-09-26,2004423018,Lucky Savannah Vacation Rentals,owners@luckysavannah.com,9124958582,Type 2: Non-Owner-Occupied STVR Certificate,2,1,4,VICTORIAN HISTORIC DISTRICT,2004423018,414 E WALDBURG ST,B,,SAVANNAH,GA,31401,"414 E WALDBURG ST UNIT B, SAVANNAH, GA 31401",414 E WALDBURG ST,414 E WALDBURG ST UNIT B,Normalized,
"212 W HALL ST, SAVANNAH, GA, 31401",A,SVR-03051,2026-10-01,2003256010,Michael Arcangelo,24squaresavannah@gmail.com,9787667088,Type 1: Owner-Occupied STVR Certificate,3,,6,SAVANNAH DOWNTOWN HISTORIC DISTRICT,2003256010,212 W HALL ST,A,,SAVANNAH,GA,31401,"212 W HALL ST UNIT A, SAVANNAH, GA 31401",212 W HALL ST,212 W HALL ST UNIT A,Normalized,
"212 W HALL ST, SAVANNAH, GA, 31401",Carriage House,SVR-03053,2026-10-02,2003256010,Michael Arcangelo,24squaresavannah@gmail.com,9787667088,Type 1: Owner-Occupied STVR Certificate,1,1,4,SAVANNAH DOWNTOWN HISTORIC DISTRICT,2003256010,212 W HALL ST,CARRIAGE HOUSE,,SAVANNAH,GA,31401,"212 W HALL ST UNIT CARRIAGE HOUSE, SAVANNAH, GA 31401",212 W HALL ST,212 W HALL ST UNIT CARRIAGE HOUSE,Normalized,
"349 TATTNALL ST, SAVANNAH, GA, 31401",,SVR-03054,2026-10-08,2003127003,Hosting Savannah LLC,hostingsavannah@gmail.com,4436104230,Type 2: Non-Owner-Occupied STVR Certificate,3,,6,SAVANNAH DOWNTOWN HISTORIC DISTRICT,2003127003,349 TATTNALL ST,,,SAVANNAH,GA,31401,"349 TATTNALL ST, SAVANNAH, GA 31401",349 TATTNALL ST,349 TATTNALL ST,Normalized,
"212 W HALL ST, SAVANNAH, GA, 31401",3,SVR-03055,2026-10-16,2003256010,Michael Arcangelo,24squaresavannah@gmail.com,9787667088,Type 1: Owner-Occupied STVR Certificate,1,,4,SAVANNAH DOWNTOWN HISTORIC DISTRICT,2003256010,212 W HALL ST,3,,SAVANNAH,GA,31401,"212 W HALL ST UNIT 3, SAVANNAH, GA 31401",212 W HALL ST,212 W HALL ST UNIT 3,Normalized,
"408 PRICE ST, SAVANNAH, GA, 31401",410,SVR-03061,2026-11-04,2003301003,Araceli Miranda,arelebron@yahoo.com,9123734000,Type 2: Non-Owner-Occupied STVR Certificate,3,1,6,SAVANNAH DOWNTOWN HISTORIC DISTRICT,2003301003,408 PRICE ST,410,,SAVANNAH,GA,31401,"408 PRICE ST UNIT 410, SAVANNAH, GA 31401",408 PRICE ST,408 PRICE ST UNIT 410,Normalized,
"408 PRICE ST, SAVANNAH, GA, 31401",,SVR-03060,2026-11-04,2003301003,Lei Miranda,arelebron@yahoo.com,9123734000,Type 2: Non-Owner-Occupied STVR Certificate,3,1,6,SAVANNAH DOWNTOWN HISTORIC DISTRICT,2003301003,408 PRICE ST,,,SAVANNAH,GA,31401,"408 PRICE ST, SAVANNAH, GA 31401",408 PRICE ST,408 PRICE ST,Normalized,
"14 W 43RD ST, SAVANNAH, GA, 31401",12,SVR-03128,2027-04-29,2007414001,ANDREA ROBERTSON,arobertson@inmanpark.com,9124841112,Type 2: Non-Owner-Occupied STVR Certificate,3,1,6,STREETCAR HISTORIC DISTRICT,2007414001,14 W 43RD ST,12,,SAVANNAH,GA,31401,"14 W 43RD ST UNIT 12, SAVANNAH, GA 31401",14 W 43RD ST,14 W 43RD ST UNIT 12,Normalized,
"14 W 43RD ST, SAVANNAH, GA, 31401",14,SVR-03129,2027-04-29,2007414001,ANDREA ROBERTSON,arobertson@inmanpark.com,9124841112,Type 2: Non-Owner-Occupied STVR Certificate,2,1,4,STREETCAR HISTORIC DISTRICT,2007414001,14 W 43RD ST,14,,SAVANNAH,GA,31401,"14 W 43RD ST UNIT 14, SAVANNAH, GA 31401",14 W 43RD ST,14 W 43RD ST UNIT 14,Normalized,
"416 E WALDBURG ST, SAVANNAH, GA, 31401",A,SVR-03058,2026-10-29,2004423017,Perla Vasquez,shafiarubeen@gmail.com,9123133177,Type 2: Non-Owner-Occupied STVR Certificate,2,1,4,VICTORIAN HISTORIC DISTRICT,2004423017,416 E WALDBURG ST,A,,SAVANNAH,GA,31401,"416 E WALDBURG ST UNIT A, SAVANNAH, GA 31401",416 E WALDBURG ST,416 E WALDBURG ST UNIT A,Normalized,
"416 E WALDBURG ST, SAVANNAH, GA, 31401",B,SVR-03059,2026-10-29,2004423017,Perla Vasquez,shafiarubeen@gmail.com,9123133177,Type 2: Non-Owner-Occupied STVR Certificate,2,1,4,VICTORIAN HISTORIC DISTRICT,2004423017,416 E WALDBURG ST,B,,SAVANNAH,GA,31401,"416 E WALDBURG ST UNIT B, SAVANNAH, GA 31401",416 E WALDBURG ST,416 E WALDBURG ST UNIT B,Normalized,
"421 E CONGRESS ST, SAVANNAH, GA, 31401",,SVR-03056,2026-10-25,2000442001,Lucky Savannah Vacation Rentals,owners@luckysavannah.com,9124958582,Type 2: Non-Owner-Occupied STVR Certificate,3,1,6,SAVANNAH DOWNTOWN HISTORIC DISTRICT,2000442001,421 E CONGRESS ST,,,SAVANNAH,GA,31401,"421 E CONGRESS ST, SAVANNAH, GA 31401",421 E CONGRESS ST,421 E CONGRESS ST,Normalized,
"421 E CONGRESS ST, SAVANNAH, GA, 31401","37 Price Street, Carriage House",SVR-03057,2026-10-25,2000442001,Lucky Savannah Vacation Rentals,owners@luckysavannah.com,9124958582,Type 2: Non-Owner-Occupied STVR Certificate,1,1,4,SAVANNAH DOWNTOWN HISTORIC DISTRICT,2000442001,421 E CONGRESS ST,37 PRICE STREET CARRIAGE HOUSE,,SAVANNAH,GA,31401,"421 E CONGRESS ST UNIT 37 PRICE STREET CARRIAGE HOUSE, SAVANNAH, GA 31401",421 E CONGRESS ST,421 E CONGRESS ST UNIT 37 PRICE STREET CARRIAGE HOUSE,Normalized,
"108 W HENRY ST, SAVANNAH, GA, 31401",Upper,SVR-03062,2026-11-04,2004435022,Peter Gasparini,pjgasparini@crimson.ua.edu,6307498599,Type 1: Owner-Occupied STVR Certificate,1,,4,VICTORIAN HISTORIC DISTRICT,2004435022,108 W HENRY ST,UPPER,,SAVANNAH,GA,31401,"108 W HENRY ST UNIT UPPER, SAVANNAH, GA 31401",108 W HENRY ST,108 W HENRY ST UNIT UPPER,Normalized,
"22 E MACON ST, SAVANNAH, GA, 31401",,SVR-03063,2026-11-08,2001541004,Glenn Burnsed,pastorburnsed@yahoo.com,9128441326,Type 2: Non-Owner-Occupied STVR Certificate,5,1,10,SAVANNAH DOWNTOWN HISTORIC DISTRICT,2001541004,22 E MACON ST,,,SAVANNAH,GA,31401,"22 E MACON ST, SAVANNAH, GA 31401",22 E MACON ST,22 E MACON ST,Normalized,
"119 BULL ST, SAVANNAH, GA, 31401",204,SVR-03064,2026-11-18,2000444002,Patrick Bergen,patrick@mintjulepvacationrentals.com,8032370342,Type 2: Non-Owner-Occupied STVR Certificate,1,,4,SAVANNAH DOWNTOWN HISTORIC DISTRICT,2000444002,119 BULL ST,204,,SAVANNAH,GA,31401,"119 BULL ST UNIT 204, SAVANNAH, GA 31401",119 BULL ST,119 BULL ST UNIT 204,Normalized,
"1408 ABERCORN ST, SAVANNAH, GA, 31401",,SVR-03065,2026-11-21,2005318008,Floyd Graham d/b/a Flg Ventures,arvinsingh73@gmail.com,7703138698,Type 2: Non-Owner-Occupied STVR Certificate,3,1,6,VICTORIAN HISTORIC DISTRICT,2005318008,1408 ABERCORN ST,,,SAVANNAH,GA,31401,"1408 ABERCORN ST, SAVANNAH, GA 31401",1408 ABERCORN ST,1408 ABERCORN ST,Normalized,
"1408 ABERCORN ST, SAVANNAH, GA, 31401",1410,SVR-03066,2026-11-21,2005318008,Floyd Graham d/b/a Flg Ventures,arvinsingh73@gmail.com,7703138698,Type 2: Non-Owner-Occupied STVR Certificate,3,1,6,VICTORIAN HISTORIC DISTRICT,2005318008,1408 ABERCORN ST,1410,,SAVANNAH,GA,31401,"1408 ABERCORN ST UNIT 1410, SAVANNAH, GA 31401",1408 ABERCORN ST,1408 ABERCORN ST UNIT 1410,Normalized,
"1212 PRICE ST, SAVANNAH, GA, 31401",A,SVR-03068,2026-11-25,2005307013,Robby Shawver,brbpropertiesinc@gmail.com,9126606019,Type 2: Non-Owner-Occupied STVR Certificate,1,1,4,VICTORIAN HISTORIC DISTRICT,2005307013,1212 PRICE ST,A,,SAVANNAH,GA,31401,"1212 PRICE ST UNIT A, SAVANNAH, GA 31401",1212 PRICE ST,1212 PRICE ST UNIT A,Normalized,
"1212 PRICE ST, SAVANNAH, GA, 31401",B,SVR-03069,2026-11-25,2005307013,Robby Shawver,brbpropertiesinc@gmail.com,9126606019,Type 2: Non-Owner-Occupied STVR Certificate,1,1,4,VICTORIAN HISTORIC DISTRICT,2005307013,1212 PRICE ST,B,,SAVANNAH,GA,31401,"1212 PRICE ST UNIT B, SAVANNAH, GA 31401",1212 PRICE ST,1212 PRICE ST UNIT B,Normalized,
"515 PORT ST, SAVANNAH, GA, 31401",,SVR-03067,2026-11-21,2000605065,Mint Julep Vacation Rentals,patrick@mintjulepvacationrentals.com,8032370342,Type 2: Non-Owner-Occupied STVR Certificate,3,4,6,EmptyFieldDisplayStrategy.HIDE,2000605065,515 PORT ST,,,SAVANNAH,GA,31401,"515 PORT ST, SAVANNAH, GA 31401",515 PORT ST,515 PORT ST,Normalized,
"518 E HARRIS ST, SAVANNAH, GA, 31401",Carriage House,SVR-03070,2026-11-25,2001413014,S Samuel Olin,scotfordo@gmail.com,9124416818,Type 1: Owner-Occupied STVR Certificate,1,1,4,SAVANNAH DOWNTOWN HISTORIC DISTRICT,2001413014,518 E HARRIS ST,CARRIAGE HOUSE,,SAVANNAH,GA,31401,"518 E HARRIS ST UNIT CARRIAGE HOUSE, SAVANNAH, GA 31401",518 E HARRIS ST,518 E HARRIS ST UNIT CARRIAGE HOUSE,Normalized,
"544 E DUFFY ST, SAVANNAH, GA, 31401",,SVR-03072,2026-12-03,2004317004,Vacasa LLC,permitting@vacasa.com,5033459399,Type 1: Owner-Occupied STVR Certificate,4,2,8,VICTORIAN HISTORIC DISTRICT,2004317004,544 E DUFFY ST,,,SAVANNAH,GA,31401,"544 E DUFFY ST, SAVANNAH, GA 31401",544 E DUFFY ST,544 E DUFFY ST,Normalized,
"110 W DUFFY LN, SAVANNAH, GA, 31401",,SVR-03071,2026-11-25,2004435015,Hosting Savannah LLC,hostingsavannah@gmail.com,4436104230,Type 2: Non-Owner-Occupied STVR Certificate,2,1,4,VICTORIAN HISTORIC DISTRICT,2004435015,110 W DUFFY LN,,,SAVANNAH,GA,31401,"110 W DUFFY LN, SAVANNAH, GA 31401",110 W DUFFY LN,110 W DUFFY LN,Normalized,
"607 HABERSHAM ST, SAVANNAH, GA, 31401",,SVR-03073,2026-12-10,2004402013,Lucky Savannah Vacation Rentals,owners@luckysavannah.com,9124958582,Type 2: Non-Owner-Occupied STVR Certificate,2,,4,SAVANNAH DOWNTOWN HISTORIC DISTRICT,2004402013,607 HABERSHAM ST,,,SAVANNAH,GA,31401,"607 HABERSHAM ST, SAVANNAH, GA 31401",607 HABERSHAM ST,607 HABERSHAM ST,Normalized,
"415 E DUFFY ST, SAVANNAH, GA, 31401",A,SVR-03080,2027-01-10,2005306015,Mitchell Sanderson,mitchellsanderson5@gmail.com,9368287876,Type 1: Owner-Occupied STVR Certificate,2,1,4,VICTORIAN HISTORIC DISTRICT,2005306015,415 E DUFFY ST,A,,SAVANNAH,GA,31401,"415 E DUFFY ST UNIT A, SAVANNAH, GA 31401",415 E DUFFY ST,415 E DUFFY ST UNIT A,Normalized,
"415 E DUFFY ST, SAVANNAH, GA, 31401",B,SVR-03081,2027-01-10,2005306016,Mitchell Sanderson,mitchellsanderson5@gmail.com,9368287876,Type 1: Owner-Occupied STVR Certificate,2,1,4,VICTORIAN HISTORIC DISTRICT,2005306016,415 E DUFFY ST,B,,SAVANNAH,GA,31401,"415 E DUFFY ST UNIT B, SAVANNAH, GA 31401",415 E DUFFY ST,415 E DUFFY ST UNIT B,Normalized,
"1518 BULL ST, SAVANNAH, GA, 31401",,SVR-03079,2027-01-06,2005323019,Sylvia Jackson-Montgomery,filmcaptive1@gmail.com,7706399797,Type 2: Non-Owner-Occupied STVR Certificate,2,,4,STREETCAR HISTORIC DISTRICT,2005323019,1518 BULL ST,,,SAVANNAH,GA,31401,"1518 BULL ST, SAVANNAH, GA 31401",1518 BULL ST,1518 BULL ST,Normalized,
"535 E GORDON ST, SAVANNAH, GA, 31401",,SVR-03078,2027-01-02,2003303022,Tracy DeWire,tdewire@hotmail.com,6152603700,Type 2: Non-Owner-Occupied STVR Certificate,2,1,4,SAVANNAH DOWNTOWN HISTORIC DISTRICT,2003303022,535 E GORDON ST,,,SAVANNAH,GA,31401,"535 E GORDON ST, SAVANNAH, GA 31401",535 E GORDON ST,535 E GORDON ST,Normalized,
"512 E JONES ST, SAVANNAH, GA, 31401",,SVR-03109,2027-02-24,2001419044,Sam Rath,basilcapitalllc@gmail.com,8134211743,Type 2: Non-Owner-Occupied STVR Certificate,3,2,6,SAVANNAH DOWNTOWN HISTORIC DISTRICT,2001419044,512 E JONES ST,,,SAVANNAH,GA,31401,"512 E JONES ST, SAVANNAH, GA 31401",512 E JONES ST,512 E JONES ST,Normalized,
"17 W PARK AVE, SAVANNAH, GA, 31401",1,SVR-03086,2027-01-31,2004431008,Lucky Savannah Vacation Rentals,owners@luckysavannah.com,9124958582,Type 2: Non-Owner-Occupied STVR Certificate,2,1,4,VICTORIAN HISTORIC DISTRICT,2004431008,17 W PARK AVE,1,,SAVANNAH,GA,31401,"17 W PARK AVE UNIT 1, SAVANNAH, GA 31401",17 W PARK AVE,17 W PARK AVE UNIT 1,Normalized,
"17 W PARK AVE, SAVANNAH, GA, 31401",2,SVR-03087,2027-01-31,2004431008,Lucky Savannah Vacation Rentals,owners@luckysavannah.com,9124958582,Type 2: Non-Owner-Occupied STVR Certificate,2,1,4,VICTORIAN HISTORIC DISTRICT,2004431008,17 W PARK AVE,2,,SAVANNAH,GA,31401,"17 W PARK AVE UNIT 2, SAVANNAH, GA 31401",17 W PARK AVE,17 W PARK AVE UNIT 2,Normalized,
"17 W PARK AVE, SAVANNAH, GA, 31401",3,SVR-03088,2027-01-31,2004431008,Lucky Savannah Vacation Rentals,owners@luckysavannah.com,9124958582,Type 2: Non-Owner-Occupied STVR Certificate,1,1,4,VICTORIAN HISTORIC DISTRICT,2004431008,17 W PARK AVE,3,,SAVANNAH,GA,31401,"17 W PARK AVE UNIT 3, SAVANNAH, GA 31401",17 W PARK AVE,17 W PARK AVE UNIT 3,Normalized,
"102 E LIBERTY ST 504, SAVANNAH, GA, 31401",,SVR-03082,2027-01-23,2001530049,Lucky Savannah,owners@luckysavannah.com,9124958582,Type 2: Non-Owner-Occupied STVR Certificate,1,,4,SAVANNAH DOWNTOWN HISTORIC DISTRICT,2001530049,102 E LIBERTY ST,504,504,SAVANNAH,GA,31401,"102 E LIBERTY ST UNIT 504, SAVANNAH, GA 31401",102 E LIBERTY ST,102 E LIBERTY ST UNIT 504,Normalized,
"111 LINCOLN ST 111-1B, SAVANNAH, GA, 31401",,SVR-03084,2027-01-24,2000447049,Jonathan Burns,bluedawgholler@aol.com,3343012933,Type 2: Non-Owner-Occupied STVR Certificate,2,,4,SAVANNAH DOWNTOWN HISTORIC DISTRICT,2000447049,111 LINCOLN ST,111-1B,111-1B,SAVANNAH,GA,31401,"111 LINCOLN ST UNIT 111-1B, SAVANNAH, GA 31401",111 LINCOLN ST,111 LINCOLN ST UNIT 111-1B,Normalized,
"559 E HARRIS ST, SAVANNAH, GA, 31401",,SVR-03083,2027-01-23,2001418030,Beth McIlrath & Heidi Billingsley,heidi_beth1@hotmail.com,9126583790,Type 2: Non-Owner-Occupied STVR Certificate,3,,6,SAVANNAH DOWNTOWN HISTORIC DISTRICT,2001418030,559 E HARRIS ST,,,SAVANNAH,GA,31401,"559 E HARRIS ST, SAVANNAH, GA 31401",559 E HARRIS ST,559 E HARRIS ST,Normalized,
"524 E GWINNETT LN, SAVANNAH, GA, 31401",,SVR-03085,2027-01-25,2004306045,David Bradley,davidbradley.pg@gmail.com,9126660724,Type 1: Owner-Occupied STVR Certificate,1,1,4,VICTORIAN HISTORIC DISTRICT,2004306045,524 E GWINNETT LN,,,SAVANNAH,GA,31401,"524 E GWINNETT LN, SAVANNAH, GA 31401",524 E GWINNETT LN,524 E GWINNETT LN,Normalized,
"217 W ANDERSON ST, SAVANNAH, GA, 31401",A,SVR-03090,2027-02-07,2006606013,Alyssa Acker d/b/a Hosting Savannah LLC,hostingsavannah@gmail.com,4436104230,Type 2: Non-Owner-Occupied STVR Certificate,2,1,4,VICTORIAN HISTORIC DISTRICT,2006606013,217 W ANDERSON ST,A,,SAVANNAH,GA,31401,"217 W ANDERSON ST UNIT A, SAVANNAH, GA 31401",217 W ANDERSON ST,217 W ANDERSON ST UNIT A,Normalized,
"223 E GWINNETT ST, SAVANNAH, GA, 31401",B,SVR-03089,2027-02-06,2004414001,Laura Fulayter,hardenhouseinc@yahoo.com,6517757063,Type 2: Non-Owner-Occupied STVR Certificate,1,1,4,VICTORIAN HISTORIC DISTRICT,2004414001,223 E GWINNETT ST,B,,SAVANNAH,GA,31401,"223 E GWINNETT ST UNIT B, SAVANNAH, GA 31401",223 E GWINNETT ST,223 E GWINNETT ST UNIT B,Normalized,
"217 W ANDERSON ST, SAVANNAH, GA, 31401",B Carriage House,SVR-03107,2027-02-20,2006606013,Alyssa Acker d/b/a Hosting Savannah LLC,hostingsavannah@gmail.com,4436104230,Type 2: Non-Owner-Occupied STVR Certificate,1,1,4,VICTORIAN HISTORIC DISTRICT,2006606013,217 W ANDERSON ST,B CARRIAGE HOUSE,,SAVANNAH,GA,31401,"217 W ANDERSON ST UNIT B CARRIAGE HOUSE, SAVANNAH, GA 31401",217 W ANDERSON ST,217 W ANDERSON ST UNIT B CARRIAGE HOUSE,Normalized,
"217 W ANDERSON ST, SAVANNAH, GA, 31401",219,SVR-03108,2027-02-20,2006606013,Alyssa Acker d/b/a Hosting Savannah LLC,hostingsavannah@gmail.com,4436104230,Type 2: Non-Owner-Occupied STVR Certificate,3,1,6,VICTORIAN HISTORIC DISTRICT,2006606013,217 W ANDERSON ST,219,,SAVANNAH,GA,31401,"217 W ANDERSON ST UNIT 219, SAVANNAH, GA 31401",217 W ANDERSON ST,217 W ANDERSON ST UNIT 219,Normalized,
"546 E CONGRESS ST, SAVANNAH, GA, 31401",,SVR-03091,2027-02-11,2000513002,Justin Jones,jones.justint@gmail.com,7063406975,Type 1: Owner-Occupied STVR Certificate,2,1,4,SAVANNAH DOWNTOWN HISTORIC DISTRICT,2000513002,546 E CONGRESS ST,,,SAVANNAH,GA,31401,"546 E CONGRESS ST, SAVANNAH, GA 31401",546 E CONGRESS ST,546 E CONGRESS ST,Normalized,
"201 E YORK ST, SAVANNAH, GA, 31401",A,SVR-03092,2027-02-11,2001506028,Julie Gates d/b/a Sid Was Here LLC,sid@sidwashere.com,9125744473,Type 2: Non-Owner-Occupied STVR Certificate,2,,4,SAVANNAH DOWNTOWN HISTORIC DISTRICT,2001506028,201 E YORK ST,A,,SAVANNAH,GA,31401,"201 E YORK ST UNIT A, SAVANNAH, GA 31401",201 E YORK ST,201 E YORK ST UNIT A,Normalized,
"201 E YORK ST, SAVANNAH, GA, 31401",B,SVR-03093,2027-02-11,2001506028,Julie Gates d/b/a Sid Was Here LLC,sid@sidwashere.com,9125744473,Type 2: Non-Owner-Occupied STVR Certificate,2,,4,SAVANNAH DOWNTOWN HISTORIC DISTRICT,2001506028,201 E YORK ST,B,,SAVANNAH,GA,31401,"201 E YORK ST UNIT B, SAVANNAH, GA 31401",201 E YORK ST,201 E YORK ST UNIT B,Normalized,
"201 E YORK ST, SAVANNAH, GA, 31401",C,SVR-03094,2027-02-11,2001506028,Julie Gates d/b/a Sid Was Here LLC,sid@sidwashere.com,9125744473,Type 2: Non-Owner-Occupied STVR Certificate,2,,4,SAVANNAH DOWNTOWN HISTORIC DISTRICT,2001506028,201 E YORK ST,C,,SAVANNAH,GA,31401,"201 E YORK ST UNIT C, SAVANNAH, GA 31401",201 E YORK ST,201 E YORK ST UNIT C,Normalized,
"201 E YORK ST, SAVANNAH, GA, 31401",D,SVR-03095,2027-02-11,2001506028,Julie Gates d/b/a Sid Was Here LLC,sid@sidwashere.com,9125744473,Type 2: Non-Owner-Occupied STVR Certificate,2,,4,SAVANNAH DOWNTOWN HISTORIC DISTRICT,2001506028,201 E YORK ST,D,,SAVANNAH,GA,31401,"201 E YORK ST UNIT D, SAVANNAH, GA 31401",201 E YORK ST,201 E YORK ST UNIT D,Normalized,
"201 E YORK ST, SAVANNAH, GA, 31401",E,SVR-03096,2027-02-11,2001506028,Julie Gates d/b/a Sid Was Here LLC,sid@sidwashere.com,9125744473,Type 2: Non-Owner-Occupied STVR Certificate,2,,4,SAVANNAH DOWNTOWN HISTORIC DISTRICT,2001506028,201 E YORK ST,E,,SAVANNAH,GA,31401,"201 E YORK ST UNIT E, SAVANNAH, GA 31401",201 E YORK ST,201 E YORK ST UNIT E,Normalized,
"110 BARNARD ST 214, SAVANNAH, GA, 31401",,SVR-03097,2027-02-12,2000443020,Amanda Gjekaj,amanda.donovan@yahoo.com,7707574343,Type 2: Non-Owner-Occupied STVR Certificate,1,,4,SAVANNAH DOWNTOWN HISTORIC DISTRICT,2000443020,110 BARNARD ST,214,214,SAVANNAH,GA,31401,"110 BARNARD ST UNIT 214, SAVANNAH, GA 31401",110 BARNARD ST,110 BARNARD ST UNIT 214,Normalized,
"14 E JONES ST, SAVANNAH, GA, 31401",Garden,SVR-03098,2027-02-18,2003206007,South Key Management Company,chase@southkeymgmt.com,9128001321,Type 2: Non-Owner-Occupied STVR Certificate,1,,4,SAVANNAH DOWNTOWN HISTORIC DISTRICT,2003206007,14 E JONES ST,GARDEN,,SAVANNAH,GA,31401,"14 E JONES ST UNIT GARDEN, SAVANNAH, GA 31401",14 E JONES ST,14 E JONES ST UNIT GARDEN,Normalized,
"23 E GORDON ST, SAVANNAH, GA, 31401",A,SVR-03104,2027-02-19,2003244011,South Key Management Company,chase@southkeymgmt.com,9128001321,Type 2: Non-Owner-Occupied STVR Certificate,3,1,6,SAVANNAH DOWNTOWN HISTORIC DISTRICT,2003244011,23 E GORDON ST,A,,SAVANNAH,GA,31401,"23 E GORDON ST UNIT A, SAVANNAH, GA 31401",23 E GORDON ST,23 E GORDON ST UNIT A,Normalized,
"23 E GORDON ST, SAVANNAH, GA, 31401",Garden 435 Drayton aka,SVR-03105,2027-02-19,2003244011,South Key Management Company,chase@southkeymgmt.com,9128001321,Type 2: Non-Owner-Occupied STVR Certificate,2,1,4,SAVANNAH DOWNTOWN HISTORIC DISTRICT,2003244011,23 E GORDON ST,GARDEN 435 DRAYTON AKA,,SAVANNAH,GA,31401,"23 E GORDON ST UNIT GARDEN 435 DRAYTON AKA, SAVANNAH, GA 31401",23 E GORDON ST,23 E GORDON ST UNIT GARDEN 435 DRAYTON AKA,Normalized,
"23 E GORDON ST, SAVANNAH, GA, 31401",Carriage House at 437 Drayton aka ,SVR-03106,2027-02-19,2003244011,South Key Management Company,chase@southkeymgmt.com,9128001321,Type 2: Non-Owner-Occupied STVR Certificate,1,,4,SAVANNAH DOWNTOWN HISTORIC DISTRICT,2003244011,23 E GORDON ST,CARRIAGE HOUSE AT 437 DRAYTON AKA,,SAVANNAH,GA,31401,"23 E GORDON ST UNIT CARRIAGE HOUSE AT 437 DRAYTON AKA, SAVANNAH, GA 31401",23 E GORDON ST,23 E GORDON ST UNIT CARRIAGE HOUSE AT 437 DRAYTON AKA,Normalized,
"509 E WALDBURG ST, SAVANNAH, GA, 31401",A,SVR-03101,2027-02-19,2004314021,Carlos Cordero,stayheresavannah@gmail.com,9126503343,Type 1: Owner-Occupied STVR Certificate,3,2,6,VICTORIAN HISTORIC DISTRICT,2004314021,509 E WALDBURG ST,A,,SAVANNAH,GA,31401,"509 E WALDBURG ST UNIT A, SAVANNAH, GA 31401",509 E WALDBURG ST,509 E WALDBURG ST UNIT A,Normalized,
"509 E WALDBURG ST, SAVANNAH, GA, 31401",B,SVR-03102,2027-02-19,2004314021,Carlos Cordero,stayheresavannah@gmail.com,9126503343,Type 1: Owner-Occupied STVR Certificate,2,2,4,VICTORIAN HISTORIC DISTRICT,2004314021,509 E WALDBURG ST,B,,SAVANNAH,GA,31401,"509 E WALDBURG ST UNIT B, SAVANNAH, GA 31401",509 E WALDBURG ST,509 E WALDBURG ST UNIT B,Normalized,
"509 E WALDBURG ST, SAVANNAH, GA, 31401",512 Carriage House,SVR-03103,2027-02-19,2004314021,Carlos Cordero,stayheresavannah@gmail.com,9126503343,Type 1: Owner-Occupied STVR Certificate,1,1,4,VICTORIAN HISTORIC DISTRICT,2004314021,509 E WALDBURG ST,512 CARRIAGE HOUSE,,SAVANNAH,GA,31401,"509 E WALDBURG ST UNIT 512 CARRIAGE HOUSE, SAVANNAH, GA 31401",509 E WALDBURG ST,509 E WALDBURG ST UNIT 512 CARRIAGE HOUSE,Normalized,
404 UPPER EAST AVE GA 31401,,SVR-03110,2027-02-27,2000632003,Chase Stahl,chase@southkeymgmt.com,9128001321,Type 2: Non-Owner-Occupied STVR Certificate,3,2,6,EmptyFieldDisplayStrategy.HIDE,2000632003,404 UPPER EAST AVE,,,,GA,31401,"404 UPPER EAST AVE, GA 31401",404 UPPER EAST AVE,404 UPPER EAST AVE,Needs review,Missing city in source
"341 E BROAD ST, SAVANNAH, GA, 31401",,SVR-03111,2027-03-03,2001419052,Constantina Weil,weilhomes07@gmail.com,9294509501,Type 1: Owner-Occupied STVR Certificate,1,,4,SAVANNAH DOWNTOWN HISTORIC DISTRICT,2001419052,341 E BROAD ST,,,SAVANNAH,GA,31401,"341 E BROAD ST, SAVANNAH, GA 31401",341 E BROAD ST,341 E BROAD ST,Normalized,
"504 E PRESIDENT ST, SAVANNAH, GA, 31401",,SVR-03122,2027-04-21,2000524005,Penelope's Playhouse IV LLC,penelopes_place@yahoo.com,2142825159,Type 2: Non-Owner-Occupied STVR Certificate,2,2,4,SAVANNAH DOWNTOWN HISTORIC DISTRICT,2000524005,504 E PRESIDENT ST,,,SAVANNAH,GA,31401,"504 E PRESIDENT ST, SAVANNAH, GA 31401",504 E PRESIDENT ST,504 E PRESIDENT ST,Normalized,
"310 W BROUGHTON ST 2006, SAVANNAH, GA, 31401",,SVR-03113,2027-03-10,2001615021,Michael Ruhrkraut,mruhrkraut@yahoo.com,2164072661,Type 2: Non-Owner-Occupied STVR Certificate,1,,4,SAVANNAH DOWNTOWN HISTORIC DISTRICT,2001615021,310 W BROUGHTON ST,2006,2006,SAVANNAH,GA,31401,"310 W BROUGHTON ST UNIT 2006, SAVANNAH, GA 31401",310 W BROUGHTON ST,310 W BROUGHTON ST UNIT 2006,Normalized,
"341 E BROAD ST, SAVANNAH, GA, 31401",343,SVR-03112,2027-03-07,2001419052,Constantina Weil,weilhomes07@gmail.com,9294509501,Type 1: Owner-Occupied STVR Certificate,3,,6,SAVANNAH DOWNTOWN HISTORIC DISTRICT,2001419052,341 E BROAD ST,343,,SAVANNAH,GA,31401,"341 E BROAD ST UNIT 343, SAVANNAH, GA 31401",341 E BROAD ST,341 E BROAD ST UNIT 343,Normalized,
"42 E BAY ST 5, SAVANNAH, GA, 31401",,SVR-03115,2027-03-14,2000410013,Lucky Savannah,owners@luckysavannah.com,9124958582,Type 2: Non-Owner-Occupied STVR Certificate,2,,4,SAVANNAH DOWNTOWN HISTORIC DISTRICT,2000410013,42 E BAY ST,5,5,SAVANNAH,GA,31401,"42 E BAY ST UNIT 5, SAVANNAH, GA 31401",42 E BAY ST,42 E BAY ST UNIT 5,Normalized,
"14 E 41ST ST, SAVANNAH, GA, 31401",,SVR-03116,2027-03-18,2007404017,Gem Vacation Homes,stay@gemvacationhomes.com,9124219795,Type 2: Non-Owner-Occupied STVR Certificate,2,1,4,STREETCAR HISTORIC DISTRICT,2007404017,14 E 41ST ST,,,SAVANNAH,GA,31401,"14 E 41ST ST, SAVANNAH, GA 31401",14 E 41ST ST,14 E 41ST ST,Normalized,
"505 BLAIR ST, SAVANNAH, GA, 31401",,SVR-03117,2027-03-19,2003304036,Carlos Cordero,stayheresavannah@gmail.com,9126503343,Type 2: Non-Owner-Occupied STVR Certificate,2,,4,SAVANNAH DOWNTOWN HISTORIC DISTRICT,2003304036,505 BLAIR ST,,,SAVANNAH,GA,31401,"505 BLAIR ST, SAVANNAH, GA 31401",505 BLAIR ST,505 BLAIR ST,Normalized,
"506 E ANDERSON ST, SAVANNAH, GA, 31401",,SVR-03131,2027-05-12,2005314018,Robert Shawver,brbpropertiesinc@gmail.com,9126606019,Type 2: Non-Owner-Occupied STVR Certificate,6,2,12,VICTORIAN HISTORIC DISTRICT,2005314018,506 E ANDERSON ST,,,SAVANNAH,GA,31401,"506 E ANDERSON ST, SAVANNAH, GA 31401",506 E ANDERSON ST,506 E ANDERSON ST,Normalized,
"513 E LIBERTY ST, SAVANNAH, GA, 31401",A,SVR-03118,2027-04-03,2001413026,Alyssa Acker d/b/a Hosting Savannah LLC,hostingsavannah@gmail.com,4436104230,Type 2: Non-Owner-Occupied STVR Certificate,2,1,4,SAVANNAH DOWNTOWN HISTORIC DISTRICT,2001413026,513 E LIBERTY ST,A,,SAVANNAH,GA,31401,"513 E LIBERTY ST UNIT A, SAVANNAH, GA 31401",513 E LIBERTY ST,513 E LIBERTY ST UNIT A,Normalized,
"513 E LIBERTY ST, SAVANNAH, GA, 31401",B,SVR-03119,2027-04-03,2001413026,Alyssa Acker d/b/a Hosting Savannah LLC,hostingsavannah@gmail.com,4436104230,Type 2: Non-Owner-Occupied STVR Certificate,1,1,4,SAVANNAH DOWNTOWN HISTORIC DISTRICT,2001413026,513 E LIBERTY ST,B,,SAVANNAH,GA,31401,"513 E LIBERTY ST UNIT B, SAVANNAH, GA 31401",513 E LIBERTY ST,513 E LIBERTY ST UNIT B,Normalized,
"513 E LIBERTY ST, SAVANNAH, GA, 31401",512 E Liberty LN at,SVR-03120,2027-04-03,2001413026,Alyssa Acker d/b/a Hosting Savannah LLC,hostingsavannah@gmail.com,4436104230,Type 2: Non-Owner-Occupied STVR Certificate,1,1,4,SAVANNAH DOWNTOWN HISTORIC DISTRICT,2001413026,513 E LIBERTY ST,512 E LIBERTY LN AT,,SAVANNAH,GA,31401,"513 E LIBERTY ST UNIT 512 E LIBERTY LN AT, SAVANNAH, GA 31401",513 E LIBERTY ST,513 E LIBERTY ST UNIT 512 E LIBERTY LN AT,Normalized,
415 UPPER E AVE SAVANNAH GA 31401,,SVR-03121,2027-04-04,2000631009,Amber Montgomery,amontgomery140@gmail.com,9126568895,Type 2: Non-Owner-Occupied STVR Certificate,3,2,6,EmptyFieldDisplayStrategy.HIDE,2000631009,415 UPPER E AVE,,,SAVANNAH,GA,31401,"415 UPPER E AVE, SAVANNAH, GA 31401",415 UPPER E AVE,415 UPPER E AVE,Normalized,
"410 E GASTON ST, SAVANNAH, GA, 31401",,SVR-03130,2027-05-06,2003248011,Benjamin Hartmere,hartmere@gmail.com,9196490779,Type 1: Owner-Occupied STVR Certificate,4,1,8,SAVANNAH DOWNTOWN HISTORIC DISTRICT,2003248011,410 E GASTON ST,,,SAVANNAH,GA,31401,"410 E GASTON ST, SAVANNAH, GA 31401",410 E GASTON ST,410 E GASTON ST,Normalized,
"105 WHITAKER ST 302, SAVANNAH, GA, 31401",,SVR-03123,2027-04-25,2000443039,Lucky Savannah Vacation Rentals,owners@luckysavannah.com,9124958582,Type 2: Non-Owner-Occupied STVR Certificate,2,,4,SAVANNAH DOWNTOWN HISTORIC DISTRICT,2000443039,105 WHITAKER ST,302,302,SAVANNAH,GA,31401,"105 WHITAKER ST UNIT 302, SAVANNAH, GA 31401",105 WHITAKER ST,105 WHITAKER ST UNIT 302,Normalized,
403 UPPER EAST AVE SAVANNAH GA 31401,,SVR-03126,2027-04-28,2000631002,Sharath Gudla & Swethasri Maganti,505.portst@gmail.com,3862954147,Type 2: Non-Owner-Occupied STVR Certificate,3,2,6,EmptyFieldDisplayStrategy.HIDE,2000631002,403 UPPER EAST AVE,,,SAVANNAH,GA,31401,"403 UPPER EAST AVE, SAVANNAH, GA 31401",403 UPPER EAST AVE,403 UPPER EAST AVE,Normalized,
"102 E LIBERTY ST 403, SAVANNAH, GA, 31401",,SVR-03124,2027-04-28,2001530015,Southern Belle Vacation Rentals,stvr@southernbellevr.com,9122890130,Type 2: Non-Owner-Occupied STVR Certificate,1,,4,SAVANNAH DOWNTOWN HISTORIC DISTRICT,2001530015,102 E LIBERTY ST,403,403,SAVANNAH,GA,31401,"102 E LIBERTY ST UNIT 403, SAVANNAH, GA 31401",102 E LIBERTY ST,102 E LIBERTY ST UNIT 403,Normalized,
"204 E GASTON ST, SAVANNAH, GA, 31401","204 E. Gordon LN, Carriage House at ",SVR-03132,2027-05-12,2003246017,Lucky Savannah Vacation Rentals,owners@luckysavannah.com,9124958582,Type 1: Owner-Occupied STVR Certificate,1,1,4,SAVANNAH DOWNTOWN HISTORIC DISTRICT,2003246017,204 E GASTON ST,204 E GORDON LN CARRIAGE HOUSE AT,,SAVANNAH,GA,31401,"204 E GASTON ST UNIT 204 E GORDON LN CARRIAGE HOUSE AT, SAVANNAH, GA 31401",204 E GASTON ST,204 E GASTON ST UNIT 204 E GORDON LN CARRIAGE HOUSE AT,Normalized,
"204 E GASTON ST, SAVANNAH, GA, 31401",B,SVR-03133,2027-05-12,2003246017,Lucky Savannah Vacation Rentals,owners@luckysavannah.com,9124958582,Type 1: Owner-Occupied STVR Certificate,1,,4,SAVANNAH DOWNTOWN HISTORIC DISTRICT,2003246017,204 E GASTON ST,B,,SAVANNAH,GA,31401,"204 E GASTON ST UNIT B, SAVANNAH, GA 31401",204 E GASTON ST,204 E GASTON ST UNIT B,Normalized,
"409 E LIBERTY ST, SAVANNAH, GA, 31401",C,SVR-03138,2027-06-05,2001412013A,Pallas Cotter,ginlatproperties@gmail.com,9126652395,Type 2: Non-Owner-Occupied STVR Certificate,2,1,4,SAVANNAH DOWNTOWN HISTORIC DISTRICT,2001412013A,409 E LIBERTY ST,C,,SAVANNAH,GA,31401,"409 E LIBERTY ST UNIT C, SAVANNAH, GA 31401",409 E LIBERTY ST,409 E LIBERTY ST UNIT C,Normalized,
"210 E STATE ST 9, SAVANNAH, GA, 31401",,SVR-03134,2027-05-16,2000447017,Alyssa Acker d/b/a Hosting Savannah LLC,hostingsavannah@gmail.com,4436104230,Type 2: Non-Owner-Occupied STVR Certificate,1,,4,SAVANNAH DOWNTOWN HISTORIC DISTRICT,2000447017,210 E STATE ST,9,9,SAVANNAH,GA,31401,"210 E STATE ST UNIT 9, SAVANNAH, GA 31401",210 E STATE ST,210 E STATE ST UNIT 9,Normalized,
"210 E STATE ST 9.5, SAVANNAH, GA, 31401",,SVR-03135,2027-05-16,2000447018,Alyssa Acker d/b/a Hosting Savannah LLC,hostingsavannah@gmail.com,4436104230,Type 2: Non-Owner-Occupied STVR Certificate,1,,4,SAVANNAH DOWNTOWN HISTORIC DISTRICT,2000447018,210 E STATE ST,95,95,SAVANNAH,GA,31401,"210 E STATE ST UNIT 95, SAVANNAH, GA 31401",210 E STATE ST,210 E STATE ST UNIT 95,Normalized,
"221 E YORK ST, SAVANNAH, GA, 31401",,SVR-03137,2027-05-29,2001506006,Jonathan Bosch,info@jonathanbosch.com,9177702530,Type 1: Owner-Occupied STVR Certificate,6,5,12,SAVANNAH DOWNTOWN HISTORIC DISTRICT,2001506006,221 E YORK ST,,,SAVANNAH,GA,31401,"221 E YORK ST, SAVANNAH, GA 31401",221 E YORK ST,221 E YORK ST,Normalized,
"219 ABERCORN ST E-3, SAVANNAH, GA, 31401",,SVR-03136,2027-05-28,2001515003E,Southern Grace Stays,southerngracegetaways@yahoo.com,9126008086,Type 2: Non-Owner-Occupied STVR Certificate,1,,4,SAVANNAH DOWNTOWN HISTORIC DISTRICT,2001515003E,219 ABERCORN ST,E-3,E-3,SAVANNAH,GA,31401,"219 ABERCORN ST UNIT E-3, SAVANNAH, GA 31401",219 ABERCORN ST,219 ABERCORN ST UNIT E-3,Normalized,
201 WEST LIBERTY ST  SAVANNAH GA 31401,300,SVR-00508,2026-12-11,2003116018,Southern Belle Vacation Rentals,stvr@southernbellevr.com,9122890130,Type 2: Non-Owner-Occupied STVR Certificate,1,3,4,SAVANNAH DOWNTOWN HISTORIC DISTRICT,2003116018,201 W LIBERTY ST,300,,SAVANNAH,GA,31401,"201 W LIBERTY ST UNIT 300, SAVANNAH, GA 31401",201 W LIBERTY ST,201 W LIBERTY ST UNIT 300,Normalized,
"203 W DUFFY ST, SAVANNAH, GA, 31401",,SVR-03147,2027-06-23,2005227027,Miranda Johnson,aversadp@gmail.com,7066625800,Type 2: Non-Owner-Occupied STVR Certificate,2,1,4,VICTORIAN HISTORIC DISTRICT,2005227027,203 W DUFFY ST,,,SAVANNAH,GA,31401,"203 W DUFFY ST, SAVANNAH, GA 31401",203 W DUFFY ST,203 W DUFFY ST,Normalized,
"513 E CHARLTON ST, SAVANNAH, GA, 31401",,SVR-03139,2027-06-13,2001419029,Grand Oak Stays LLC,carterlibby@hotmail.com,6787599760,Type 2: Non-Owner-Occupied STVR Certificate,3,,6,SAVANNAH DOWNTOWN HISTORIC DISTRICT,2001419029,513 E CHARLTON ST,,,SAVANNAH,GA,31401,"513 E CHARLTON ST, SAVANNAH, GA 31401",513 E CHARLTON ST,513 E CHARLTON ST,Normalized,
"513 E CHARLTON ST, SAVANNAH, GA, 31401",515 at ,SVR-03140,2027-06-13,2001419029,Grand Oak Stays LLC,carterlibby@hotmail.com,6787599760,Type 2: Non-Owner-Occupied STVR Certificate,3,,6,SAVANNAH DOWNTOWN HISTORIC DISTRICT,2001419029,513 E CHARLTON ST,515 AT,,SAVANNAH,GA,31401,"513 E CHARLTON ST UNIT 515 AT, SAVANNAH, GA 31401",513 E CHARLTON ST,513 E CHARLTON ST UNIT 515 AT,Normalized,
"113 W PERRY ST, SAVANNAH, GA, 31401",A-Garden,SVR-03141,2027-06-17,2001527004,Mary Anderson,mary@savannahluxuryrentals.com,9125252022,Type 2: Non-Owner-Occupied STVR Certificate,1,,4,SAVANNAH DOWNTOWN HISTORIC DISTRICT,2001527004,113 W PERRY ST,A-GARDEN,,SAVANNAH,GA,31401,"113 W PERRY ST UNIT A-GARDEN, SAVANNAH, GA 31401",113 W PERRY ST,113 W PERRY ST UNIT A-GARDEN,Normalized,
"113 W PERRY ST, SAVANNAH, GA, 31401",B-Parlor,SVR-03142,2027-06-17,2001527004,Mary Anderson,mary@savannahluxuryrentals.com,9125252022,Type 2: Non-Owner-Occupied STVR Certificate,2,,4,SAVANNAH DOWNTOWN HISTORIC DISTRICT,2001527004,113 W PERRY ST,B-PARLOR,,SAVANNAH,GA,31401,"113 W PERRY ST UNIT B-PARLOR, SAVANNAH, GA 31401",113 W PERRY ST,113 W PERRY ST UNIT B-PARLOR,Normalized,
"113 W PERRY ST, SAVANNAH, GA, 31401",C-Penthouse,SVR-03143,2027-06-17,2001527004,Mary Anderson,mary@savannahluxuryrentals.com,9125252022,Type 2: Non-Owner-Occupied STVR Certificate,2,,4,SAVANNAH DOWNTOWN HISTORIC DISTRICT,2001527004,113 W PERRY ST,C-PENTHOUSE,,SAVANNAH,GA,31401,"113 W PERRY ST UNIT C-PENTHOUSE, SAVANNAH, GA 31401",113 W PERRY ST,113 W PERRY ST UNIT C-PENTHOUSE,Normalized,
"123 W GORDON ST, SAVANNAH, GA, 31401",3,SVR-03144,2027-06-18,2003242004,Vacasa LLC,permitting@vacasa.com,5033459399,Type 1: Owner-Occupied STVR Certificate,1,1,4,SAVANNAH DOWNTOWN HISTORIC DISTRICT,2003242004,123 W GORDON ST,3,,SAVANNAH,GA,31401,"123 W GORDON ST UNIT 3, SAVANNAH, GA 31401",123 W GORDON ST,123 W GORDON ST UNIT 3,Normalized,
"123 W GORDON ST, SAVANNAH, GA, 31401",Carriage House,SVR-03145,2027-06-18,2003242004,Vacasa LLC,permitting@vacasa.com,5033459399,Type 1: Owner-Occupied STVR Certificate,1,1,4,SAVANNAH DOWNTOWN HISTORIC DISTRICT,2003242004,123 W GORDON ST,CARRIAGE HOUSE,,SAVANNAH,GA,31401,"123 W GORDON ST UNIT CARRIAGE HOUSE, SAVANNAH, GA 31401",123 W GORDON ST,123 W GORDON ST UNIT CARRIAGE HOUSE,Normalized,
412 UPPER EAST AVE SAVANNAH GA 31401,,SVR-03146,2027-06-20,2000632008,Southern Belle Vacation Rentals,stvr@southernbellevr.com,9122890130,Type 2: Non-Owner-Occupied STVR Certificate,3,2,6,EmptyFieldDisplayStrategy.HIDE,2000632008,412 UPPER EAST AVE,,,SAVANNAH,GA,31401,"412 UPPER EAST AVE, SAVANNAH, GA 31401",412 UPPER EAST AVE,412 UPPER EAST AVE,Normalized,
"437 PORT ST, SAVANNAH, GA, 31401",,SVR-03149,2027-07-11,20006A01026,Cora Bett Thomas,stvr@cbtrentals.com,9125036652,Type 2: Non-Owner-Occupied STVR Certificate,2,2,4,EmptyFieldDisplayStrategy.HIDE,20006A01026,437 PORT ST,,,SAVANNAH,GA,31401,"437 PORT ST, SAVANNAH, GA 31401",437 PORT ST,437 PORT ST,Normalized,
"304 W PARK AVE, SAVANNAH, GA, 31401",A,SVR-03148,2027-07-08,2005214009F,Michael Arcangelo,24squaresavannah@gmail.com,9787667088,Type 1: Owner-Occupied STVR Certificate,2,,4,VICTORIAN HISTORIC DISTRICT,2005214009F,304 W PARK AVE,A,,SAVANNAH,GA,31401,"304 W PARK AVE UNIT A, SAVANNAH, GA 31401",304 W PARK AVE,304 W PARK AVE UNIT A,Normalized,
"309 W WALDBURG LN, SAVANNAH, GA, 31401",,SVR-03151,2027-07-17,2005214009,Joseph Calvanese,joe@calvaneseproperties.com,5184882769,Type 2: Non-Owner-Occupied STVR Certificate,1,,4,VICTORIAN HISTORIC DISTRICT,2005214009,309 W WALDBURG LN,,,SAVANNAH,GA,31401,"309 W WALDBURG LN, SAVANNAH, GA 31401",309 W WALDBURG LN,309 W WALDBURG LN,Normalized,
"309 W WALDBURG LN, SAVANNAH, GA, 31401",311 at ,SVR-03152,2027-07-17,2005214009,Joseph Calvanese,joe@calvaneseproperties.com,5184882769,Type 2: Non-Owner-Occupied STVR Certificate,1,,4,VICTORIAN HISTORIC DISTRICT,2005214009,309 W WALDBURG LN,311 AT,,SAVANNAH,GA,31401,"309 W WALDBURG LN UNIT 311 AT, SAVANNAH, GA 31401",309 W WALDBURG LN,309 W WALDBURG LN UNIT 311 AT,Normalized,
"310 W BROUGHTON ST 3001, SAVANNAH, GA, 31401",,SVR-03153,2027-07-18,2001615031,Amanda Donovan,amanda.donovan@yahoo.com,7707574343,Type 2: Non-Owner-Occupied STVR Certificate,1,,4,SAVANNAH DOWNTOWN HISTORIC DISTRICT,2001615031,310 W BROUGHTON ST,3001,3001,SAVANNAH,GA,31401,"310 W BROUGHTON ST UNIT 3001, SAVANNAH, GA 31401",310 W BROUGHTON ST,310 W BROUGHTON ST UNIT 3001,Normalized,
"118 E GASTON ST, SAVANNAH, GA, 31401",A,SVR-03155,2027-07-24,2003245009,Jessica Copenhaver,118egaston@gmail.com,5405255727,Type 2: Non-Owner-Occupied STVR Certificate,2,,4,SAVANNAH DOWNTOWN HISTORIC DISTRICT,2003245009,118 E GASTON ST,A,,SAVANNAH,GA,31401,"118 E GASTON ST UNIT A, SAVANNAH, GA 31401",118 E GASTON ST,118 E GASTON ST UNIT A,Normalized,
"210 E TAYLOR ST, SAVANNAH, GA, 31401",B,SVR-03156,2027-07-30,2003213013,Michael Arcangelo,24squaresavannah@gmail.com,9787667088,Type 1: Owner-Occupied STVR Certificate,2,1,4,SAVANNAH DOWNTOWN HISTORIC DISTRICT,2003213013,210 E TAYLOR ST,B,,SAVANNAH,GA,31401,"210 E TAYLOR ST UNIT B, SAVANNAH, GA 31401",210 E TAYLOR ST,210 E TAYLOR ST UNIT B,Normalized,
"110 BARNARD ST 210, SAVANNAH, GA, 31401",,SVR-03157,2027-08-05,2000443016,Southern Belle Vacation Rentals,stvr@southernbellevr.com,9122890130,Type 2: Non-Owner-Occupied STVR Certificate,2,,4,SAVANNAH DOWNTOWN HISTORIC DISTRICT,2000443016,110 BARNARD ST,210,210,SAVANNAH,GA,31401,"110 BARNARD ST UNIT 210, SAVANNAH, GA 31401",110 BARNARD ST,110 BARNARD ST UNIT 210,Normalized,
"308 HABERSHAM ST, SAVANNAH, GA, 31401",,SVR-03167,2027-08-18,2001412021,James Wheeler,jimwheeler84@gmail.com,4042139433,Type 2: Non-Owner-Occupied STVR Certificate,2,1,4,SAVANNAH DOWNTOWN HISTORIC DISTRICT,2001412021,308 HABERSHAM ST,,,SAVANNAH,GA,31401,"308 HABERSHAM ST, SAVANNAH, GA 31401",308 HABERSHAM ST,308 HABERSHAM ST,Normalized,
"514 E OGLETHORPE AVE, SAVANNAH, GA, 31401",,SVR-03158,2027-08-06,2000530005D,Lucky Savannah Vacation Rentals,owners@luckysavannah.com,9124958582,Type 2: Non-Owner-Occupied STVR Certificate,3,,6,SAVANNAH DOWNTOWN HISTORIC DISTRICT,2000530005D,514 E OGLETHORPE AVE,,,SAVANNAH,GA,31401,"514 E OGLETHORPE AVE, SAVANNAH, GA 31401",514 E OGLETHORPE AVE,514 E OGLETHORPE AVE,Normalized,
"511 E CONGRESS ST, SAVANNAH, GA, 31401",,SVR-03163,2027-08-15,2000514009A,Laura Robinson,southerngracegetaways@yahoo.com,9126008086,Type 2: Non-Owner-Occupied STVR Certificate,3,2,6,SAVANNAH DOWNTOWN HISTORIC DISTRICT,2000514009A,511 E CONGRESS ST,,,SAVANNAH,GA,31401,"511 E CONGRESS ST, SAVANNAH, GA 31401",511 E CONGRESS ST,511 E CONGRESS ST,Normalized,
"525 E BOLTON ST, SAVANNAH, GA, 31401",,SVR-03161,2027-08-14,2004311030,Lucky Savannah Vacation Rentals,owners@luckysavannah.com,9124958582,Type 1: Owner-Occupied STVR Certificate,3,1,6,VICTORIAN HISTORIC DISTRICT,2004311030,525 E BOLTON ST,,,SAVANNAH,GA,31401,"525 E BOLTON ST, SAVANNAH, GA 31401",525 E BOLTON ST,525 E BOLTON ST,Normalized,
"110 E HARRIS ST, SAVANNAH, GA, 31401",,SVR-03166,2027-08-18,2001533010C,Southern Belle Vacation Rentals,stvr@southernbellevr.com,9122890130,Type 1: Owner-Occupied STVR Certificate,4,3,8,SAVANNAH DOWNTOWN HISTORIC DISTRICT,2001533010C,110 E HARRIS ST,,,SAVANNAH,GA,31401,"110 E HARRIS ST, SAVANNAH, GA 31401",110 E HARRIS ST,110 E HARRIS ST,Normalized,
"9 W GORDON ST, SAVANNAH, GA, 31401","9 W Gordon Lane, Carriage House at",SVR-03162,2027-08-14,2003243005,Allam Garcia,info@pmicoastalga.com,9122722386,Type 2: Non-Owner-Occupied STVR Certificate,1,1,4,SAVANNAH DOWNTOWN HISTORIC DISTRICT,2003243005,9 W GORDON ST,9 W GORDON LANE CARRIAGE HOUSE AT,,SAVANNAH,GA,31401,"9 W GORDON ST UNIT 9 W GORDON LANE CARRIAGE HOUSE AT, SAVANNAH, GA 31401",9 W GORDON ST,9 W GORDON ST UNIT 9 W GORDON LANE CARRIAGE HOUSE AT,Normalized,
"314 E HUNTINGDON ST, SAVANNAH, GA, 31401",Carriage House 321 E Gaston LN at,SVR-03165,2027-08-15,2003250008,Lucky Savannah Vacation Rentals,owners@luckysavannah.com,9124958582,Type 1: Owner-Occupied STVR Certificate,1,,4,SAVANNAH DOWNTOWN HISTORIC DISTRICT,2003250008,314 E HUNTINGDON ST,CARRIAGE HOUSE 321 E GASTON LN AT,,SAVANNAH,GA,31401,"314 E HUNTINGDON ST UNIT CARRIAGE HOUSE 321 E GASTON LN AT, SAVANNAH, GA 31401",314 E HUNTINGDON ST,314 E HUNTINGDON ST UNIT CARRIAGE HOUSE 321 E GASTON LN AT,Normalized,
"418 E LIBERTY ST, SAVANNAH, GA, 31401",Main House,SVR-03164,2027-08-15,2001518016,Chase Stahl,chase@southkeymgmt.com,9128001321,Type 1: Owner-Occupied STVR Certificate,3,1,6,SAVANNAH DOWNTOWN HISTORIC DISTRICT,2001518016,418 E LIBERTY ST,MAIN HOUSE,,SAVANNAH,GA,31401,"418 E LIBERTY ST UNIT MAIN HOUSE, SAVANNAH, GA 31401",418 E LIBERTY ST,418 E LIBERTY ST UNIT MAIN HOUSE,Normalized,
"408 E HUNTINGDON ST, SAVANNAH, GA, 31401",407 E Gaston LN Carriage House at,SVR-03168,2027-09-04,2003249011,Alyssa Acker,hostingsavannah@gmail.com,4436104230,Type 1: Owner-Occupied STVR Certificate,2,1,4,SAVANNAH DOWNTOWN HISTORIC DISTRICT,2003249011,408 E HUNTINGDON ST,407 E GASTON LN CARRIAGE HOUSE AT,,SAVANNAH,GA,31401,"408 E HUNTINGDON ST UNIT 407 E GASTON LN CARRIAGE HOUSE AT, SAVANNAH, GA 31401",408 E HUNTINGDON ST,408 E HUNTINGDON ST UNIT 407 E GASTON LN CARRIAGE HOUSE AT,Normalized,
"909 HOWARD ST, SAVANNAH, GA, 31401",,SVR-03169,2026-09-04,2004418002,South Key Management Company,chase@southkeymgmt.com,9128001321,Type 1: Owner-Occupied STVR Certificate,3,,6,VICTORIAN HISTORIC DISTRICT,2004418002,909 HOWARD ST,,,SAVANNAH,GA,31401,"909 HOWARD ST, SAVANNAH, GA 31401",909 HOWARD ST,909 HOWARD ST,Normalized,
"9 W GORDON ST, SAVANNAH, GA, 31401",Main House,SVR-03170,2027-09-04,2003243005,Allam Garcia,info@pmicoastalga.com,9122722386,Type 2: Non-Owner-Occupied STVR Certificate,3,1,6,SAVANNAH DOWNTOWN HISTORIC DISTRICT,2003243005,9 W GORDON ST,MAIN HOUSE,,SAVANNAH,GA,31401,"9 W GORDON ST UNIT MAIN HOUSE, SAVANNAH, GA 31401",9 W GORDON ST,9 W GORDON ST UNIT MAIN HOUSE,Normalized,
"224 E STATE ST, SAVANNAH, GA, 31401",,SVR-03171,2027-09-05,2000447008,Michael Dyke,mike@thedykefamily.com,7036278033,Type 2: Non-Owner-Occupied STVR Certificate,3,2,6,SAVANNAH DOWNTOWN HISTORIC DISTRICT,2000447008,224 E STATE ST,,,SAVANNAH,GA,31401,"224 E STATE ST, SAVANNAH, GA 31401",224 E STATE ST,224 E STATE ST,Normalized,
"121 W 36TH ST, SAVANNAH, GA, 31401",ADU,SVR-03211,2026-12-03,2006510001A,Lucky Savannah,owners@luckysavannah.com,9124958582,Type 1: Owner-Occupied STVR Certificate,1,2,4,STREETCAR HISTORIC DISTRICT,2006510001A,121 W 36TH ST,ADU,,SAVANNAH,GA,31401,"121 W 36TH ST UNIT ADU, SAVANNAH, GA 31401",121 W 36TH ST,121 W 36TH ST UNIT ADU,Normalized,
"522 E BOLTON ST, SAVANNAH, GA, 31401",A,SVR-03172,2027-09-22,2004306057,David Bradley,davidbradley.pg@gmail.com,9126660724,Type 2: Non-Owner-Occupied STVR Certificate,2,1,4,VICTORIAN HISTORIC DISTRICT,2004306057,522 E BOLTON ST,A,,SAVANNAH,GA,31401,"522 E BOLTON ST UNIT A, SAVANNAH, GA 31401",522 E BOLTON ST,522 E BOLTON ST UNIT A,Normalized,
"522 E BOLTON ST, SAVANNAH, GA, 31401",B,SVR-03173,2027-09-22,2004306058,David Bradley,davidbradley.pg@gmail.com,9126660724,Type 2: Non-Owner-Occupied STVR Certificate,2,1,4,VICTORIAN HISTORIC DISTRICT,2004306058,522 E BOLTON ST,B,,SAVANNAH,GA,31401,"522 E BOLTON ST UNIT B, SAVANNAH, GA 31401",522 E BOLTON ST,522 E BOLTON ST UNIT B,Normalized,
"522 E BOLTON ST, SAVANNAH, GA, 31401",C,SVR-03174,2027-09-22,2004306059,David Bradley,davidbradley.pg@gmail.com,9126660724,Type 2: Non-Owner-Occupied STVR Certificate,2,1,4,VICTORIAN HISTORIC DISTRICT,2004306059,522 E BOLTON ST,C,,SAVANNAH,GA,31401,"522 E BOLTON ST UNIT C, SAVANNAH, GA 31401",522 E BOLTON ST,522 E BOLTON ST UNIT C,Normalized,
"522 E BOLTON ST, SAVANNAH, GA, 31401",D,SVR-03175,2027-09-22,2004306060,David Bradley,davidbradley.pg@gmail.com,9126660724,Type 2: Non-Owner-Occupied STVR Certificate,2,1,4,VICTORIAN HISTORIC DISTRICT,2004306060,522 E BOLTON ST,D,,SAVANNAH,GA,31401,"522 E BOLTON ST UNIT D, SAVANNAH, GA 31401",522 E BOLTON ST,522 E BOLTON ST UNIT D,Normalized,
"210 E BOLTON ST, SAVANNAH, GA, 31401",212,SVR-03178,2026-09-30,2004414005,Cora Bett Thomas,stvr@cbtrentals.com,9125036652,Type 1: Owner-Occupied STVR Certificate,2,1,4,VICTORIAN HISTORIC DISTRICT,2004414005,210 E BOLTON ST,212,,SAVANNAH,GA,31401,"210 E BOLTON ST UNIT 212, SAVANNAH, GA 31401",210 E BOLTON ST,210 E BOLTON ST UNIT 212,Normalized,
"533 E TAYLOR ST, SAVANNAH, GA, 31401",A,SVR-03176,2027-09-27,2003302005,Southern Belle Vacation Rentals,stvr@southernbellevr.com,9122890130,Type 2: Non-Owner-Occupied STVR Certificate,2,,4,SAVANNAH DOWNTOWN HISTORIC DISTRICT,2003302005,533 E TAYLOR ST,A,,SAVANNAH,GA,31401,"533 E TAYLOR ST UNIT A, SAVANNAH, GA 31401",533 E TAYLOR ST,533 E TAYLOR ST UNIT A,Normalized,
"533 E TAYLOR ST, SAVANNAH, GA, 31401",B,SVR-03177,2027-09-27,2003302005,Southern Belle Vacation Rentals,stvr@southernbellevr.com,9122890130,Type 2: Non-Owner-Occupied STVR Certificate,2,,4,SAVANNAH DOWNTOWN HISTORIC DISTRICT,2003302005,533 E TAYLOR ST,B,,SAVANNAH,GA,31401,"533 E TAYLOR ST UNIT B, SAVANNAH, GA 31401",533 E TAYLOR ST,533 E TAYLOR ST UNIT B,Normalized,
"522 E JONES ST, SAVANNAH, GA, 31401",A,SVR-03179,2027-10-01,2001419012,Michael Arcangelo,24squaresavannah@gmail.com,9787667088,Type 2: Non-Owner-Occupied STVR Certificate,2,,4,SAVANNAH DOWNTOWN HISTORIC DISTRICT,2001419012,522 E JONES ST,A,,SAVANNAH,GA,31401,"522 E JONES ST UNIT A, SAVANNAH, GA 31401",522 E JONES ST,522 E JONES ST UNIT A,Normalized,
"522 E JONES ST, SAVANNAH, GA, 31401",B,SVR-03180,2027-10-01,2001419012,Michael Arcangelo,24squaresavannah@gmail.com,9787667088,Type 2: Non-Owner-Occupied STVR Certificate,3,,6,SAVANNAH DOWNTOWN HISTORIC DISTRICT,2001419012,522 E JONES ST,B,,SAVANNAH,GA,31401,"522 E JONES ST UNIT B, SAVANNAH, GA 31401",522 E JONES ST,522 E JONES ST UNIT B,Normalized,
"104 W JONES ST, SAVANNAH, GA, 31401",A,SVR-03182,2026-10-07,2001545031,Lucky Savannah,owners@luckysavannah.com,9124958582,Type 1: Owner-Occupied STVR Certificate,3,,6,SAVANNAH DOWNTOWN HISTORIC DISTRICT,2001545031,104 W JONES ST,A,,SAVANNAH,GA,31401,"104 W JONES ST UNIT A, SAVANNAH, GA 31401",104 W JONES ST,104 W JONES ST UNIT A,Normalized,
407 UPPER EAST AVE SAVANNAH GA 31401,,SVR-03184,2026-10-13,2000631004,Allam Garcia,info@pmicoastalga.com,9122722386,Type 2: Non-Owner-Occupied STVR Certificate,3,3,6,EmptyFieldDisplayStrategy.HIDE,2000631004,407 UPPER EAST AVE,,,SAVANNAH,GA,31401,"407 UPPER EAST AVE, SAVANNAH, GA 31401",407 UPPER EAST AVE,407 UPPER EAST AVE,Normalized,
411 UPPER EAST AVE SAVANNAH GA 31401,,SVR-03183,2026-10-13,2000631007,Lucky Savannah Vacation Rentals,owners@luckysavannah.com,9124958582,Type 2: Non-Owner-Occupied STVR Certificate,3,4,6,EmptyFieldDisplayStrategy.HIDE,2000631007,411 UPPER EAST AVE,,,SAVANNAH,GA,31401,"411 UPPER EAST AVE, SAVANNAH, GA 31401",411 UPPER EAST AVE,411 UPPER EAST AVE,Normalized,
"1316 ABERCORN ST, SAVANNAH, GA, 31401",,SVR-03187,2026-10-21,2005311018,Perla Vasquez,shafiarubeen@gmail.com,9123133177,Type 2: Non-Owner-Occupied STVR Certificate,4,2,8,VICTORIAN HISTORIC DISTRICT,2005311018,1316 ABERCORN ST,,,SAVANNAH,GA,31401,"1316 ABERCORN ST, SAVANNAH, GA 31401",1316 ABERCORN ST,1316 ABERCORN ST,Normalized,
"214 W HARRIS ST, SAVANNAH, GA, 31401",A,SVR-03185,2026-10-16,2003116011,Southern Belle Vacation Rentals,stvr@southernbellevr.com,9122890130,Type 2: Non-Owner-Occupied STVR Certificate,1,,4,SAVANNAH DOWNTOWN HISTORIC DISTRICT,2003116011,214 W HARRIS ST,A,,SAVANNAH,GA,31401,"214 W HARRIS ST UNIT A, SAVANNAH, GA 31401",214 W HARRIS ST,214 W HARRIS ST UNIT A,Normalized,
"214 W HARRIS ST, SAVANNAH, GA, 31401",B,SVR-03186,2026-10-16,2003116011,Southern Belle Vacation Rentals,stvr@southernbellevr.com,9122890130,Type 2: Non-Owner-Occupied STVR Certificate,2,,4,SAVANNAH DOWNTOWN HISTORIC DISTRICT,2003116011,214 W HARRIS ST,B,,SAVANNAH,GA,31401,"214 W HARRIS ST UNIT B, SAVANNAH, GA 31401",214 W HARRIS ST,214 W HARRIS ST UNIT B,Normalized,
"541 E MACON ST, SAVANNAH, GA, 31401",,SVR-03190,2026-10-30,2001418046,Jake Grier,dwiner@eatwelldc.com,3018483077,Type 2: Non-Owner-Occupied STVR Certificate,2,2,4,SAVANNAH DOWNTOWN HISTORIC DISTRICT,2001418046,541 E MACON ST,,,SAVANNAH,GA,31401,"541 E MACON ST, SAVANNAH, GA 31401",541 E MACON ST,541 E MACON ST,Normalized,
"536 SEILER AVE, SAVANNAH, GA, 31401",B,SVR-03201,2026-11-17,2006435015,Elizabeth Burgess,sweetburgess@gmail.com,3019196999,Type 1: Owner-Occupied STVR Certificate,3,3,6,STREETCAR HISTORIC DISTRICT,2006435015,536 SEILER AVE,B,,SAVANNAH,GA,31401,"536 SEILER AVE UNIT B, SAVANNAH, GA 31401",536 SEILER AVE,536 SEILER AVE UNIT B,Normalized,
"209 W GORDON ST, SAVANNAH, GA, 31401",Main House,SVR-03188,2026-10-29,2003241026,Arise Property Management,contact@stayatarise.com,9123880845,Type 2: Non-Owner-Occupied STVR Certificate,3,,6,SAVANNAH DOWNTOWN HISTORIC DISTRICT,2003241026,209 W GORDON ST,MAIN HOUSE,,SAVANNAH,GA,31401,"209 W GORDON ST UNIT MAIN HOUSE, SAVANNAH, GA 31401",209 W GORDON ST,209 W GORDON ST UNIT MAIN HOUSE,Normalized,
"209 W GORDON ST, SAVANNAH, GA, 31401","Carriage House, 209 W Gordon LN at",SVR-03189,2026-10-29,2003241026,Arise Property Management,contact@stayatarise.com,9123880845,Type 2: Non-Owner-Occupied STVR Certificate,1,,4,SAVANNAH DOWNTOWN HISTORIC DISTRICT,2003241026,209 W GORDON ST,CARRIAGE HOUSE 209 W GORDON LN AT,,SAVANNAH,GA,31401,"209 W GORDON ST UNIT CARRIAGE HOUSE 209 W GORDON LN AT, SAVANNAH, GA 31401",209 W GORDON ST,209 W GORDON ST UNIT CARRIAGE HOUSE 209 W GORDON LN AT,Normalized,
"101 E 35TH ST, SAVANNAH, GA, 31401",Main House,SVR-03192,2026-11-05,2006504001,Peter Roessler,101starlandeast@gmail.com,2032577377,Type 2: Non-Owner-Occupied STVR Certificate,6,2,12,STREETCAR HISTORIC DISTRICT,2006504001,101 E 35TH ST,MAIN HOUSE,,SAVANNAH,GA,31401,"101 E 35TH ST UNIT MAIN HOUSE, SAVANNAH, GA 31401",101 E 35TH ST,101 E 35TH ST UNIT MAIN HOUSE,Normalized,
"1011 JEFFERSON ST, SAVANNAH, GA, 31401",Main House,SVR-03195,2026-11-10,2005214009B,Christopher Stanley,christopher.stanley@icloud.com,9123413475,Type 1: Owner-Occupied STVR Certificate,1,,4,VICTORIAN HISTORIC DISTRICT,2005214009B,1011 JEFFERSON ST,MAIN HOUSE,,SAVANNAH,GA,31401,"1011 JEFFERSON ST UNIT MAIN HOUSE, SAVANNAH, GA 31401",1011 JEFFERSON ST,1011 JEFFERSON ST UNIT MAIN HOUSE,Normalized,
"102 E LIBERTY ST 602, SAVANNAH, GA, 31401",602,SVR-03191,2026-11-05,2001530039,South Key Management Company,chase@southkeymgmt.com,9128001321,Type 2: Non-Owner-Occupied STVR Certificate,1,,4,SAVANNAH DOWNTOWN HISTORIC DISTRICT,2001530039,102 E LIBERTY ST,602,602,SAVANNAH,GA,31401,"102 E LIBERTY ST UNIT 602, SAVANNAH, GA 31401",102 E LIBERTY ST,102 E LIBERTY ST UNIT 602,Normalized,
"1011 JEFFERSON ST, SAVANNAH, GA, 31401",Accessory Dwelling,SVR-03196,2026-11-10,2005214009B,Christopher Stanley,christopher.stanley@icloud.com,9123413475,Type 1: Owner-Occupied STVR Certificate,1,,4,VICTORIAN HISTORIC DISTRICT,2005214009B,1011 JEFFERSON ST,ACCESSORY DWELLING,,SAVANNAH,GA,31401,"1011 JEFFERSON ST UNIT ACCESSORY DWELLING, SAVANNAH, GA 31401",1011 JEFFERSON ST,1011 JEFFERSON ST UNIT ACCESSORY DWELLING,Normalized,
"106 W HENRY ST, SAVANNAH, GA, 31401",Upstairs,SVR-03193,2026-11-07,2004435023,Paul Picinich,picinich13@gmail.com,2019379619,Type 2: Non-Owner-Occupied STVR Certificate,1,,4,VICTORIAN HISTORIC DISTRICT,2004435023,106 W HENRY ST,UPSTAIRS,,SAVANNAH,GA,31401,"106 W HENRY ST UNIT UPSTAIRS, SAVANNAH, GA 31401",106 W HENRY ST,106 W HENRY ST UNIT UPSTAIRS,Normalized,
"106 W HENRY ST, SAVANNAH, GA, 31401",Downstairs,SVR-03194,2026-11-07,2004435023,Paul Picinich,picinich13@gmail.com,2019379619,Type 2: Non-Owner-Occupied STVR Certificate,1,,4,VICTORIAN HISTORIC DISTRICT,2004435023,106 W HENRY ST,DOWNSTAIRS,,SAVANNAH,GA,31401,"106 W HENRY ST UNIT DOWNSTAIRS, SAVANNAH, GA 31401",106 W HENRY ST,106 W HENRY ST UNIT DOWNSTAIRS,Normalized,
"224 W PARK AVE, SAVANNAH, GA, 31401",,SVR-03197,2026-11-10,2005215042,Emily Morris,trippwatt@gmail.com,9124339506,Type 2: Non-Owner-Occupied STVR Certificate,2,,4,VICTORIAN HISTORIC DISTRICT,2005215042,224 W PARK AVE,,,SAVANNAH,GA,31401,"224 W PARK AVE, SAVANNAH, GA 31401",224 W PARK AVE,224 W PARK AVE,Normalized,
"505 E MCDONOUGH ST, SAVANNAH, GA, 31401",A,SVR-03204,2026-11-18,2001408003,Carlos Cordero,stayheresavannah@gmail.com,9126503343,Type 2: Non-Owner-Occupied STVR Certificate,1,,4,SAVANNAH DOWNTOWN HISTORIC DISTRICT,2001408003,505 E MCDONOUGH ST,A,,SAVANNAH,GA,31401,"505 E MCDONOUGH ST UNIT A, SAVANNAH, GA 31401",505 E MCDONOUGH ST,505 E MCDONOUGH ST UNIT A,Normalized,
"505 E MCDONOUGH ST, SAVANNAH, GA, 31401",B,SVR-03205,2026-11-18,2001408003,Carlos Cordero,stayheresavannah@gmail.com,9126503343,Type 2: Non-Owner-Occupied STVR Certificate,1,,4,SAVANNAH DOWNTOWN HISTORIC DISTRICT,2001408003,505 E MCDONOUGH ST,B,,SAVANNAH,GA,31401,"505 E MCDONOUGH ST UNIT B, SAVANNAH, GA 31401",505 E MCDONOUGH ST,505 E MCDONOUGH ST UNIT B,Normalized,
"505 E MCDONOUGH ST, SAVANNAH, GA, 31401",C,SVR-03206,2026-11-18,2001408003,Carlos Cordero,stayheresavannah@gmail.com,9126503343,Type 2: Non-Owner-Occupied STVR Certificate,3,,6,SAVANNAH DOWNTOWN HISTORIC DISTRICT,2001408003,505 E MCDONOUGH ST,C,,SAVANNAH,GA,31401,"505 E MCDONOUGH ST UNIT C, SAVANNAH, GA 31401",505 E MCDONOUGH ST,505 E MCDONOUGH ST UNIT C,Normalized,
"507 E BROUGHTON ST, SAVANNAH, GA, 31401",,SVR-03198,2026-11-13,2000516005,Julie Gates d/b/a Sid Was Here LLC,sid@sidwashere.com,9125744473,Type 2: Non-Owner-Occupied STVR Certificate,3,2,6,SAVANNAH DOWNTOWN HISTORIC DISTRICT,2000516005,507 E BROUGHTON ST,,,SAVANNAH,GA,31401,"507 E BROUGHTON ST, SAVANNAH, GA 31401",507 E BROUGHTON ST,507 E BROUGHTON ST,Normalized,
"424 BARNARD ST, SAVANNAH, GA, 31401",A,SVR-03199,2026-11-13,2003223001,Lucky Savannah Vacation Rentals,owners@luckysavannah.com,9124958582,Type 2: Non-Owner-Occupied STVR Certificate,3,1,6,SAVANNAH DOWNTOWN HISTORIC DISTRICT,2003223001,424 BARNARD ST,A,,SAVANNAH,GA,31401,"424 BARNARD ST UNIT A, SAVANNAH, GA 31401",424 BARNARD ST,424 BARNARD ST UNIT A,Normalized,
"424 BARNARD ST, SAVANNAH, GA, 31401",B,SVR-03200,2026-11-13,2003223001,Lucky Savannah Vacation Rentals,owners@luckysavannah.com,9124958582,Type 2: Non-Owner-Occupied STVR Certificate,1,1,4,SAVANNAH DOWNTOWN HISTORIC DISTRICT,2003223001,424 BARNARD ST,B,,SAVANNAH,GA,31401,"424 BARNARD ST UNIT B, SAVANNAH, GA 31401",424 BARNARD ST,424 BARNARD ST UNIT B,Normalized,
"121 W HALL ST, SAVANNAH, GA, 31401",D,SVR-03207,2026-11-20,2003262022,Robert Schiffhauer II,rob@prosperity.rentals,7162894998,Type 1: Owner-Occupied STVR Certificate,1,1,4,SAVANNAH DOWNTOWN HISTORIC DISTRICT,2003262022,121 W HALL ST,D,,SAVANNAH,GA,31401,"121 W HALL ST UNIT D, SAVANNAH, GA 31401",121 W HALL ST,121 W HALL ST UNIT D,Normalized,
"121 W HALL ST, SAVANNAH, GA, 31401",E,SVR-03208,2026-11-20,2003262022,Robert Schiffhauer II,rob@prosperity.rentals,7162894998,Type 1: Owner-Occupied STVR Certificate,2,2,4,SAVANNAH DOWNTOWN HISTORIC DISTRICT,2003262022,121 W HALL ST,E,,SAVANNAH,GA,31401,"121 W HALL ST UNIT E, SAVANNAH, GA 31401",121 W HALL ST,121 W HALL ST UNIT E,Normalized,
"121 W HALL ST, SAVANNAH, GA, 31401",F,SVR-03209,2026-11-20,2003262022,Robert Schiffhauer II,rob@prosperity.rentals,7162894998,Type 1: Owner-Occupied STVR Certificate,1,1,4,SAVANNAH DOWNTOWN HISTORIC DISTRICT,2003262022,121 W HALL ST,F,,SAVANNAH,GA,31401,"121 W HALL ST UNIT F, SAVANNAH, GA 31401",121 W HALL ST,121 W HALL ST UNIT F,Normalized,
"121 W HALL ST, SAVANNAH, GA, 31401",H,SVR-03210,2026-11-20,2003262022,Robert Schiffhauer II,rob@prosperity.rentals,7162894998,Type 1: Owner-Occupied STVR Certificate,2,2,4,SAVANNAH DOWNTOWN HISTORIC DISTRICT,2003262022,121 W HALL ST,H,,SAVANNAH,GA,31401,"121 W HALL ST UNIT H, SAVANNAH, GA 31401",121 W HALL ST,121 W HALL ST UNIT H,Normalized,
"418 E WALDBURG ST, SAVANNAH, GA, 31401",A,SVR-03202,2026-11-18,2004423016,South Key Management Company,chase@southkeymgmt.com,9128001321,Type 2: Non-Owner-Occupied STVR Certificate,2,1,4,VICTORIAN HISTORIC DISTRICT,2004423016,418 E WALDBURG ST,A,,SAVANNAH,GA,31401,"418 E WALDBURG ST UNIT A, SAVANNAH, GA 31401",418 E WALDBURG ST,418 E WALDBURG ST UNIT A,Normalized,
"418 E WALDBURG ST, SAVANNAH, GA, 31401",B,SVR-03203,2026-11-18,2004423016,South Key Management Company,chase@southkeymgmt.com,9128001321,Type 2: Non-Owner-Occupied STVR Certificate,2,1,4,VICTORIAN HISTORIC DISTRICT,2004423016,418 E WALDBURG ST,B,,SAVANNAH,GA,31401,"418 E WALDBURG ST UNIT B, SAVANNAH, GA 31401",418 E WALDBURG ST,418 E WALDBURG ST UNIT B,Normalized,
"218 E BOLTON ST, SAVANNAH, GA, 31401",,SVR-03212,2026-12-05,2004414014,Christen Clougherty,christenandgerome@gmail.com,9122204652,Type 2: Non-Owner-Occupied STVR Certificate,4,2,8,VICTORIAN HISTORIC DISTRICT,2004414014,218 E BOLTON ST,,,SAVANNAH,GA,31401,"218 E BOLTON ST, SAVANNAH, GA 31401",218 E BOLTON ST,218 E BOLTON ST,Normalized,
"12 PRICE ST, SAVANNAH, GA, 31401",,SVR-03213,2026-12-10,2000504010,Chase Stahl,chase@southkeymgmt.com,9128001321,Type 2: Non-Owner-Occupied STVR Certificate,3,1,6,SAVANNAH DOWNTOWN HISTORIC DISTRICT,2000504010,12 PRICE ST,,,SAVANNAH,GA,31401,"12 PRICE ST, SAVANNAH, GA 31401",12 PRICE ST,12 PRICE ST,Normalized,
"411 E CHARLTON ST, SAVANNAH, GA, 31401",Lower,SVR-03214,2026-12-12,2003210004,South Key Management Company,chase@southkeymgmt.com,9128001321,Type 2: Non-Owner-Occupied STVR Certificate,1,1,4,SAVANNAH DOWNTOWN HISTORIC DISTRICT,2003210004,411 E CHARLTON ST,LOWER,,SAVANNAH,GA,31401,"411 E CHARLTON ST UNIT LOWER, SAVANNAH, GA 31401",411 E CHARLTON ST,411 E CHARLTON ST UNIT LOWER,Normalized,
"105 W OGLETHORPE AVE 1, SAVANNAH, GA, 31401",aka 102,SVR-03215,2026-12-18,2001512003R,Kindred SAV,robert@kindredsav.com,6175712906,Type 2: Non-Owner-Occupied STVR Certificate,3,,6,SAVANNAH DOWNTOWN HISTORIC DISTRICT,2001512003R,105 W OGLETHORPE AVE,AKA 102,1,SAVANNAH,GA,31401,"105 W OGLETHORPE AVE UNIT AKA 102, SAVANNAH, GA 31401",105 W OGLETHORPE AVE,105 W OGLETHORPE AVE UNIT AKA 102,Needs review,Unit column conflicts with embedded unit
"427 E JONES ST, SAVANNAH, GA, 31401",424 E Jones LN Carriage House at,SVR-03250,2027-04-13,2003211024,Corey Eskew,coreyeskew689@gmail.com,9123231025,Type 1: Owner-Occupied STVR Certificate,1,,4,SAVANNAH DOWNTOWN HISTORIC DISTRICT,2003211024,427 E JONES ST,424 E JONES LN CARRIAGE HOUSE AT,,SAVANNAH,GA,31401,"427 E JONES ST UNIT 424 E JONES LN CARRIAGE HOUSE AT, SAVANNAH, GA 31401",427 E JONES ST,427 E JONES ST UNIT 424 E JONES LN CARRIAGE HOUSE AT,Normalized,
"412 E TAYLOR ST, SAVANNAH, GA, 31401",Carriage House,SVR-03216,2026-12-29,2003211010,Cora Bett Thomas Rentals and Management,stvr@cbtrentals.com,9125036652,Type 1: Owner-Occupied STVR Certificate,1,1,4,SAVANNAH DOWNTOWN HISTORIC DISTRICT,2003211010,412 E TAYLOR ST,CARRIAGE HOUSE,,SAVANNAH,GA,31401,"412 E TAYLOR ST UNIT CARRIAGE HOUSE, SAVANNAH, GA 31401",412 E TAYLOR ST,412 E TAYLOR ST UNIT CARRIAGE HOUSE,Normalized,
"412 E TAYLOR ST, SAVANNAH, GA, 31401",Garden,SVR-03217,2026-12-29,2003211010,Cora Bett Thomas Rentals and Management,stvr@cbtrentals.com,9125036652,Type 1: Owner-Occupied STVR Certificate,1,,4,SAVANNAH DOWNTOWN HISTORIC DISTRICT,2003211010,412 E TAYLOR ST,GARDEN,,SAVANNAH,GA,31401,"412 E TAYLOR ST UNIT GARDEN, SAVANNAH, GA 31401",412 E TAYLOR ST,412 E TAYLOR ST UNIT GARDEN,Normalized,
"411 W CONGRESS ST, SAVANNAH, GA, 31401",5,SVR-03218,2027-01-05,2001616025,Solace Escapes,properties@solaceescapes.com,9049148175,Type 2: Non-Owner-Occupied STVR Certificate,2,,4,SAVANNAH DOWNTOWN HISTORIC DISTRICT,2001616025,411 W CONGRESS ST,5,,SAVANNAH,GA,31401,"411 W CONGRESS ST UNIT 5, SAVANNAH, GA 31401",411 W CONGRESS ST,411 W CONGRESS ST UNIT 5,Normalized,
"1010 JEFFERSON ST, SAVANNAH, GA, 31401",,SVR-03220,2027-01-12,2005215025,Todd Robbins,toddarobbins@outlook.com,9123441988,Type 1: Owner-Occupied STVR Certificate,3,1,6,VICTORIAN HISTORIC DISTRICT,2005215025,1010 JEFFERSON ST,,,SAVANNAH,GA,31401,"1010 JEFFERSON ST, SAVANNAH, GA 31401",1010 JEFFERSON ST,1010 JEFFERSON ST,Normalized,
"310 W BROUGHTON ST 2008, SAVANNAH, GA, 31401",2008,SVR-03219,2027-01-08,2001615023,Lucky Savannah Vacation Rentals,owners@luckysavannah.com,9124958582,Type 2: Non-Owner-Occupied STVR Certificate,1,,4,SAVANNAH DOWNTOWN HISTORIC DISTRICT,2001615023,310 W BROUGHTON ST,2008,2008,SAVANNAH,GA,31401,"310 W BROUGHTON ST UNIT 2008, SAVANNAH, GA 31401",310 W BROUGHTON ST,310 W BROUGHTON ST UNIT 2008,Normalized,
"512 ALTAMAHA ST, SAVANNAH, GA, 31401",,SVR-03221,2027-01-22,2000605074,Medrika Law-Womack,medrika@timbermeadow.org,4437172402,Type 2: Non-Owner-Occupied STVR Certificate,3,4,6,EmptyFieldDisplayStrategy.HIDE,2000605074,512 ALTAMAHA ST,,,SAVANNAH,GA,31401,"512 ALTAMAHA ST, SAVANNAH, GA 31401",512 ALTAMAHA ST,512 ALTAMAHA ST,Normalized,
"222 E STATE ST, SAVANNAH, GA, 31401",,SVR-03222,2027-01-23,2000447061,Michael Dyke,mike@luxestvrental.com,7036278033,Type 2: Non-Owner-Occupied STVR Certificate,3,2,6,SAVANNAH DOWNTOWN HISTORIC DISTRICT,2000447061,222 E STATE ST,,,SAVANNAH,GA,31401,"222 E STATE ST, SAVANNAH, GA 31401",222 E STATE ST,222 E STATE ST,Normalized,
"303 W 36TH ST, SAVANNAH, GA, 31401",Carriage House ,SVR-03235,2027-02-18,2006508004,Kevin OKeefe,kevinokeefe825@gmail.com,4044053484,Type 1: Owner-Occupied STVR Certificate,1,1,4,STREETCAR HISTORIC DISTRICT,2006508004,303 W 36TH ST,CARRIAGE HOUSE,,SAVANNAH,GA,31401,"303 W 36TH ST UNIT CARRIAGE HOUSE, SAVANNAH, GA 31401",303 W 36TH ST,303 W 36TH ST UNIT CARRIAGE HOUSE,Normalized,
1014  ABERCORN ST  SAVANNAH GA 31401,,SVR-00509,2026-10-01,2004427012,Southern Belle Vacation Rentals,stvr@southernbellevr.com,9122890130,Type 2: Non-Owner-Occupied STVR Certificate,4,2,10,VICTORIAN HISTORIC DISTRICT,2004427012,1014 ABERCORN ST,,,SAVANNAH,GA,31401,"1014 ABERCORN ST, SAVANNAH, GA 31401",1014 ABERCORN ST,1014 ABERCORN ST,Normalized,
1 E GORDON ST #1 SAVANNAH GA 31401,,SVR-03223,2027-01-27,20032A44001,Chaz Fraser,contact@stayatarise.com,9123880845,Type 2: Non-Owner-Occupied STVR Certificate,2,,4,EmptyFieldDisplayStrategy.HIDE,20032A44001,1 E GORDON ST,1,1,SAVANNAH,GA,31401,"1 E GORDON ST UNIT 1, SAVANNAH, GA 31401",1 E GORDON ST,1 E GORDON ST UNIT 1,Normalized,
1 E GORDON ST #2 SAVANNAH GA 31401,,SVR-03224,2027-01-27,20032A44002,Chaz Fraser,contact@stayatarise.com,9123880845,Type 2: Non-Owner-Occupied STVR Certificate,2,,4,EmptyFieldDisplayStrategy.HIDE,20032A44002,1 E GORDON ST,2,2,SAVANNAH,GA,31401,"1 E GORDON ST UNIT 2, SAVANNAH, GA 31401",1 E GORDON ST,1 E GORDON ST UNIT 2,Normalized,
1 E GORDON ST #4 SAVANNAH GA 31401,,SVR-03226,2027-01-27,20032A44004,Chaz Fraser,contact@stayatarise.com,9123880845,Type 2: Non-Owner-Occupied STVR Certificate,1,,4,EmptyFieldDisplayStrategy.HIDE,20032A44004,1 E GORDON ST,4,4,SAVANNAH,GA,31401,"1 E GORDON ST UNIT 4, SAVANNAH, GA 31401",1 E GORDON ST,1 E GORDON ST UNIT 4,Normalized,
1 E GORDON ST #5 SAVANNAH GA 31401,,SVR-03227,2027-01-27,20032A44005,Chaz Fraser,contact@stayatarise.com,9123880845,Type 2: Non-Owner-Occupied STVR Certificate,1,,4,EmptyFieldDisplayStrategy.HIDE,20032A44005,1 E GORDON ST,5,5,SAVANNAH,GA,31401,"1 E GORDON ST UNIT 5, SAVANNAH, GA 31401",1 E GORDON ST,1 E GORDON ST UNIT 5,Normalized,
1 E GORDON ST #6 SAVANNAH GA 31401,,SVR-03228,2027-01-27,20032A44006,Chaz Fraser,contact@stayatarise.com,9123880845,Type 2: Non-Owner-Occupied STVR Certificate,1,,4,EmptyFieldDisplayStrategy.HIDE,20032A44006,1 E GORDON ST,6,6,SAVANNAH,GA,31401,"1 E GORDON ST UNIT 6, SAVANNAH, GA 31401",1 E GORDON ST,1 E GORDON ST UNIT 6,Normalized,
440 BULL ST #B SAVANNAH GA 31401,,SVR-03229,2027-01-27,20032A44008,Chaz Fraser,contact@stayatarise.com,9123880845,Type 2: Non-Owner-Occupied STVR Certificate,1,,4,EmptyFieldDisplayStrategy.HIDE,20032A44008,440 BULL ST,B,B,SAVANNAH,GA,31401,"440 BULL ST UNIT B, SAVANNAH, GA 31401",440 BULL ST,440 BULL ST UNIT B,Normalized,
"456 PORT ST, SAVANNAH, GA, 31401",,SVR-03230,2027-01-28,2000605037,Lucky Savannah Vacation Rentals,owners@luckysavannah.com,9124958582,Type 2: Non-Owner-Occupied STVR Certificate,3,4,6,EmptyFieldDisplayStrategy.HIDE,2000605037,456 PORT ST,,,SAVANNAH,GA,31401,"456 PORT ST, SAVANNAH, GA 31401",456 PORT ST,456 PORT ST,Normalized,
"546 E GASTON ST, SAVANNAH, GA, 31401",,SVR-03231,2027-01-29,2003303048,Chase Stahl,chase@southkeymgmt.com,9128001321,Type 2: Non-Owner-Occupied STVR Certificate,4,2,8,SAVANNAH DOWNTOWN HISTORIC DISTRICT,2003303048,546 E GASTON ST,,,SAVANNAH,GA,31401,"546 E GASTON ST, SAVANNAH, GA 31401",546 E GASTON ST,546 E GASTON ST,Normalized,
"110 W 31ST ST, SAVANNAH, GA, 31401",B,SVR-03232,2027-02-03,2006607004,Caroline Antonacci,caantonacci@yahoo.com,4159901258,Type 1: Owner-Occupied STVR Certificate,3,2,6,STREETCAR HISTORIC DISTRICT,2006607004,110 W 31ST ST,B,,SAVANNAH,GA,31401,"110 W 31ST ST UNIT B, SAVANNAH, GA 31401",110 W 31ST ST,110 W 31ST ST UNIT B,Normalized,
"210 E STATE ST 35, SAVANNAH, GA, 31401",,SVR-03233,2027-02-10,2000447044,Alyssa Acker d/b/a Hosting Savannah LLC,hostingsavannah@gmail.com,4436104230,Type 2: Non-Owner-Occupied STVR Certificate,1,,4,SAVANNAH DOWNTOWN HISTORIC DISTRICT,2000447044,210 E STATE ST,35,35,SAVANNAH,GA,31401,"210 E STATE ST UNIT 35, SAVANNAH, GA 31401",210 E STATE ST,210 E STATE ST UNIT 35,Normalized,
"307 W HUNTINGDON ST, SAVANNAH, GA, 31401",,SVR-03289,2027-07-06,2004525009,Tony Guccio,tony@hometeamvr.com,7279773238,Type 2: Non-Owner-Occupied STVR Certificate,3,,6,SAVANNAH DOWNTOWN HISTORIC DISTRICT,2004525009,307 W HUNTINGDON ST,,,SAVANNAH,GA,31401,"307 W HUNTINGDON ST, SAVANNAH, GA 31401",307 W HUNTINGDON ST,307 W HUNTINGDON ST,Normalized,
1 E GORDON ST #3 SAVANNAH GA 31401,,SVR-03236,2027-02-25,20032A44003,Hill & Philips Holdings LLC,vintagelv09@gmail.com,9122200200,Type 2: Non-Owner-Occupied STVR Certificate,1,,4,EmptyFieldDisplayStrategy.HIDE,20032A44003,1 E GORDON ST,3,3,SAVANNAH,GA,31401,"1 E GORDON ST UNIT 3, SAVANNAH, GA 31401",1 E GORDON ST,1 E GORDON ST UNIT 3,Normalized,
"209 E RIVER ST, SAVANNAH, GA, 31401",212,SVR-03258,2027-05-14,2000411004,David Gaule,dgaule@rivr.re,9123144540,Type 2: Non-Owner-Occupied STVR Certificate,2,,4,SAVANNAH DOWNTOWN HISTORIC DISTRICT,2000411004,209 E RIVER ST,212,,SAVANNAH,GA,31401,"209 E RIVER ST UNIT 212, SAVANNAH, GA 31401",209 E RIVER ST,209 E RIVER ST UNIT 212,Normalized,
"401 PORT ST, SAVANNAH, GA, 31401",,SVR-03237,2027-03-03,20006A01017,Southern Belle Vacation Rentals,stvr@southernbellevr.com,9122890130,Type 2: Non-Owner-Occupied STVR Certificate,3,2,6,EmptyFieldDisplayStrategy.HIDE,20006A01017,401 PORT ST,,,SAVANNAH,GA,31401,"401 PORT ST, SAVANNAH, GA 31401",401 PORT ST,401 PORT ST,Normalized,
"213 E DUFFY ST, SAVANNAH, GA, 31401",,SVR-03238,2027-03-06,2005304024,Julie Gates d/b/a Sid Was Here LLC,sid@sidwashere.com,9125744473,Type 2: Non-Owner-Occupied STVR Certificate,4,3,8,VICTORIAN HISTORIC DISTRICT,2005304024,213 E DUFFY ST,,,SAVANNAH,GA,31401,"213 E DUFFY ST, SAVANNAH, GA 31401",213 E DUFFY ST,213 E DUFFY ST,Normalized,
"124 W GASTON ST, SAVANNAH, GA, 31401",446 Barnard at,SVR-03239,2027-03-06,2003242025,24square Inc,24squaresavannah@gmail.com,9787667088,Type 1: Owner-Occupied STVR Certificate,2,,4,SAVANNAH DOWNTOWN HISTORIC DISTRICT,2003242025,124 W GASTON ST,446 BARNARD AT,,SAVANNAH,GA,31401,"124 W GASTON ST UNIT 446 BARNARD AT, SAVANNAH, GA 31401",124 W GASTON ST,124 W GASTON ST UNIT 446 BARNARD AT,Normalized,
"1321 JEFFERSON ST, SAVANNAH, GA, 31401",1,SVR-03240,2027-03-11,2005229013,Charles Holden,chazwholden@gmail.com,8032004196,Type 2: Non-Owner-Occupied STVR Certificate,1,1,4,VICTORIAN HISTORIC DISTRICT,2005229013,1321 JEFFERSON ST,1,,SAVANNAH,GA,31401,"1321 JEFFERSON ST UNIT 1, SAVANNAH, GA 31401",1321 JEFFERSON ST,1321 JEFFERSON ST UNIT 1,Normalized,
"1321 JEFFERSON ST, SAVANNAH, GA, 31401",2,SVR-03241,2027-03-11,2005229013,Charles Holden,chazwholden@gmail.com,8032004196,Type 2: Non-Owner-Occupied STVR Certificate,3,2,6,VICTORIAN HISTORIC DISTRICT,2005229013,1321 JEFFERSON ST,2,,SAVANNAH,GA,31401,"1321 JEFFERSON ST UNIT 2, SAVANNAH, GA 31401",1321 JEFFERSON ST,1321 JEFFERSON ST UNIT 2,Normalized,
"524 E DUFFY ST, SAVANNAH, GA, 31401",,SVR-03245,2027-03-25,2004317008,Allam Garcia d/b/a PMI Coastal GA,info@pmicoastalga.com,9122722386,Type 2: Non-Owner-Occupied STVR Certificate,4,2,8,VICTORIAN HISTORIC DISTRICT,2004317008,524 E DUFFY ST,,,SAVANNAH,GA,31401,"524 E DUFFY ST, SAVANNAH, GA 31401",524 E DUFFY ST,524 E DUFFY ST,Normalized,
"2602 BARNARD ST, SAVANNAH, GA, 31401",,SVR-03246,2027-03-26,2007423001,Lucky Savannah Vacation Rentals,owners@luckysavannah.com,9124958582,Type 2: Non-Owner-Occupied STVR Certificate,3,2,6,STREETCAR HISTORIC DISTRICT,2007423001,2602 BARNARD ST,,,SAVANNAH,GA,31401,"2602 BARNARD ST, SAVANNAH, GA 31401",2602 BARNARD ST,2602 BARNARD ST,Normalized,
"116 E OGLETHORPE AVE, SAVANNAH, GA, 31401",Main House,SVR-03242,2027-03-25,2001507007,Arise Property Management,contact@stayatarise.com,9123880845,Type 2: Non-Owner-Occupied STVR Certificate,4,1,8,SAVANNAH DOWNTOWN HISTORIC DISTRICT,2001507007,116 E OGLETHORPE AVE,MAIN HOUSE,,SAVANNAH,GA,31401,"116 E OGLETHORPE AVE UNIT MAIN HOUSE, SAVANNAH, GA 31401",116 E OGLETHORPE AVE,116 E OGLETHORPE AVE UNIT MAIN HOUSE,Normalized,
"116 E OGLETHORPE AVE, SAVANNAH, GA, 31401",A-117 EAST YORK LN at,SVR-03243,2027-03-25,2001507007,Arise Property Management,contact@stayatarise.com,9123880845,Type 2: Non-Owner-Occupied STVR Certificate,1,1,4,SAVANNAH DOWNTOWN HISTORIC DISTRICT,2001507007,116 E OGLETHORPE AVE,A-117 EAST YORK LN AT,,SAVANNAH,GA,31401,"116 E OGLETHORPE AVE UNIT A-117 EAST YORK LN AT, SAVANNAH, GA 31401",116 E OGLETHORPE AVE,116 E OGLETHORPE AVE UNIT A-117 EAST YORK LN AT,Normalized,
"116 E OGLETHORPE AVE, SAVANNAH, GA, 31401",B-117 EAST YORK LN at,SVR-03244,2027-03-25,2001507007,Arise Property Management,contact@stayatarise.com,9123880845,Type 2: Non-Owner-Occupied STVR Certificate,1,1,4,SAVANNAH DOWNTOWN HISTORIC DISTRICT,2001507007,116 E OGLETHORPE AVE,B-117 EAST YORK LN AT,,SAVANNAH,GA,31401,"116 E OGLETHORPE AVE UNIT B-117 EAST YORK LN AT, SAVANNAH, GA 31401",116 E OGLETHORPE AVE,116 E OGLETHORPE AVE UNIT B-117 EAST YORK LN AT,Normalized,
"1117 HABERSHAM ST, SAVANNAH, GA, 31401",,SVR-03257,2027-05-07,2005302003,Neoaka Baker,lyw@nestlystr.com,9124019923,Type 2: Non-Owner-Occupied STVR Certificate,3,,6,VICTORIAN HISTORIC DISTRICT,2005302003,1117 HABERSHAM ST,,,SAVANNAH,GA,31401,"1117 HABERSHAM ST, SAVANNAH, GA 31401",1117 HABERSHAM ST,1117 HABERSHAM ST,Normalized,
"210 E STATE ST 2, SAVANNAH, GA, 31401",2,SVR-03247,2027-04-08,2000447010,Carlos Cordero d/ba Stay Here,stayheresavannah@gmail.com,9126503343,Type 2: Non-Owner-Occupied STVR Certificate,1,,4,SAVANNAH DOWNTOWN HISTORIC DISTRICT,2000447010,210 E STATE ST,2,2,SAVANNAH,GA,31401,"210 E STATE ST UNIT 2, SAVANNAH, GA 31401",210 E STATE ST,210 E STATE ST UNIT 2,Normalized,
"206 W 42ND ST, SAVANNAH, GA, 31401",,SVR-03255,2027-05-04,2007405010,Archer Horner,archerchorner@gmail.com,7342550834,Type 1: Owner-Occupied STVR Certificate,2,1,4,STREETCAR HISTORIC DISTRICT,2007405010,206 W 42ND ST,,,SAVANNAH,GA,31401,"206 W 42ND ST, SAVANNAH, GA 31401",206 W 42ND ST,206 W 42ND ST,Normalized,
"918 ABERCORN ST, SAVANNAH, GA, 31401",,SVR-03248,2027-04-08,2004421047,Lucky Savannah Vacation Rentals,owners@luckysavannah.com,9124958582,Type 2: Non-Owner-Occupied STVR Certificate,4,,8,VICTORIAN HISTORIC DISTRICT,2004421047,918 ABERCORN ST,,,SAVANNAH,GA,31401,"918 ABERCORN ST, SAVANNAH, GA 31401",918 ABERCORN ST,918 ABERCORN ST,Normalized,
"918 ABERCORN ST, SAVANNAH, GA, 31401",202 E Waldburg at ,SVR-03249,2027-04-08,2004421047,Lucky Savannah Vacation Rentals,owners@luckysavannah.com,9124958582,Type 2: Non-Owner-Occupied STVR Certificate,1,,4,VICTORIAN HISTORIC DISTRICT,2004421047,918 ABERCORN ST,202 E WALDBURG AT,,SAVANNAH,GA,31401,"918 ABERCORN ST UNIT 202 E WALDBURG AT, SAVANNAH, GA 31401",918 ABERCORN ST,918 ABERCORN ST UNIT 202 E WALDBURG AT,Normalized,
"507 PORT ST, SAVANNAH, GA, 31401",,SVR-03252,2027-04-24,2000605060,Quintin Cowart d/b/a Cowart Realty Inc,quintincowart@gmail.com,9126675585,Type 2: Non-Owner-Occupied STVR Certificate,3,2,6,EmptyFieldDisplayStrategy.HIDE,2000605060,507 PORT ST,,,SAVANNAH,GA,31401,"507 PORT ST, SAVANNAH, GA 31401",507 PORT ST,507 PORT ST,Normalized,
"1 W YORK ST D, SAVANNAH, GA, 31401",,SVR-03251,2027-04-22,2001509012D,Alyssa Acker d/b/a Hosting Savannah LLC,hostingsavannah@gmail.com,4436104230,Type 2: Non-Owner-Occupied STVR Certificate,1,,4,SAVANNAH DOWNTOWN HISTORIC DISTRICT,2001509012D,1 W YORK ST,D,D,SAVANNAH,GA,31401,"1 W YORK ST UNIT D, SAVANNAH, GA 31401",1 W YORK ST,1 W YORK ST UNIT D,Normalized,
"211 W 40TH ST, SAVANNAH, GA, 31401",A,SVR-03312,2027-08-12,2006545005,Joyce Li,joiceangelali@gmail.com,4152155258,Type 1: Owner-Occupied STVR Certificate,3,3,6,STREETCAR HISTORIC DISTRICT,2006545005,211 W 40TH ST,A,,SAVANNAH,GA,31401,"211 W 40TH ST UNIT A, SAVANNAH, GA 31401",211 W 40TH ST,211 W 40TH ST UNIT A,Normalized,
"214 E PARK AVE, SAVANNAH, GA, 31401",,SVR-03313,2027-08-13,2004427008,Michael Izzo,michael.izzo81@gmail.com,5163756895,Type 1: Owner-Occupied STVR Certificate,3,,6,VICTORIAN HISTORIC DISTRICT,2004427008,214 E PARK AVE,,,SAVANNAH,GA,31401,"214 E PARK AVE, SAVANNAH, GA 31401",214 E PARK AVE,214 E PARK AVE,Normalized,
"510 NICOLL ST, SAVANNAH, GA, 31401",,SVR-03253,2027-04-30,2003307024,Joy Spicer,savorsavannahproperties@gmail.com,9125812270,Type 2: Non-Owner-Occupied STVR Certificate,2,,4,SAVANNAH DOWNTOWN HISTORIC DISTRICT,2003307024,510 NICOLL ST,,,SAVANNAH,GA,31401,"510 NICOLL ST, SAVANNAH, GA 31401",510 NICOLL ST,510 NICOLL ST,Normalized,
"315 E PARK AVE, SAVANNAH, GA, 31401",,SVR-03256,2027-05-05,2005302019,Evie Hubbert-Gunn,brokenhaloeve@gmail.com,9127137171,Type 2: Non-Owner-Occupied STVR Certificate,3,2,6,VICTORIAN HISTORIC DISTRICT,2005302019,315 E PARK AVE,,,SAVANNAH,GA,31401,"315 E PARK AVE, SAVANNAH, GA 31401",315 E PARK AVE,315 E PARK AVE,Normalized,
"408 GEO MEYER AVE, SAVANNAH, GA, 31401",Carriage House,SVR-03254,2027-05-01,2000605053,Cora Bett Thomas Rentals & Management,stvr@cbtrentals.com,9125036652,Type 2: Non-Owner-Occupied STVR Certificate,1,1,4,EmptyFieldDisplayStrategy.HIDE,2000605053,408 GEO MEYER AVE,CARRIAGE HOUSE,,SAVANNAH,GA,31401,"408 GEO MEYER AVE UNIT CARRIAGE HOUSE, SAVANNAH, GA 31401",408 GEO MEYER AVE,408 GEO MEYER AVE UNIT CARRIAGE HOUSE,Normalized,
"16 W OGLETHORPE AVE, SAVANNAH, GA, 31401",C,SVR-03260,2027-05-19,2001509009,Chase Stahl,chase@southkeymgmt.com,9128001321,Type 2: Non-Owner-Occupied STVR Certificate,1,,4,SAVANNAH DOWNTOWN HISTORIC DISTRICT,2001509009,16 W OGLETHORPE AVE,C,,SAVANNAH,GA,31401,"16 W OGLETHORPE AVE UNIT C, SAVANNAH, GA 31401",16 W OGLETHORPE AVE,16 W OGLETHORPE AVE UNIT C,Normalized,
"308 E STATE ST, SAVANNAH, GA, 31401",,SVR-03259,2027-05-18,2000448006,Michael Dyke,mike@thedykefamily.com,7036278033,Type 1: Owner-Occupied STVR Certificate,4,3,8,SAVANNAH DOWNTOWN HISTORIC DISTRICT,2000448006,308 E STATE ST,,,SAVANNAH,GA,31401,"308 E STATE ST, SAVANNAH, GA 31401",308 E STATE ST,308 E STATE ST,Normalized,
"310 W BROUGHTON ST 3002, SAVANNAH, GA, 31401",3002,SVR-03263,2027-05-26,2001615032,Southern Belle Vacation Rentals,stvr@southernbellevr.com,9122890130,Type 2: Non-Owner-Occupied STVR Certificate,1,,4,SAVANNAH DOWNTOWN HISTORIC DISTRICT,2001615032,310 W BROUGHTON ST,3002,3002,SAVANNAH,GA,31401,"310 W BROUGHTON ST UNIT 3002, SAVANNAH, GA 31401",310 W BROUGHTON ST,310 W BROUGHTON ST UNIT 3002,Normalized,
"113 W PERRY ST, SAVANNAH, GA, 31401","D - Carriage House, 113 W Perry LN at",SVR-03261,2027-05-22,2001527004,Mary Anderson,mary@savannahluxuryrentals.com,9125252022,Type 2: Non-Owner-Occupied STVR Certificate,1,,4,SAVANNAH DOWNTOWN HISTORIC DISTRICT,2001527004,113 W PERRY ST,D - CARRIAGE HOUSE 113 W PERRY LN AT,,SAVANNAH,GA,31401,"113 W PERRY ST UNIT D - CARRIAGE HOUSE 113 W PERRY LN AT, SAVANNAH, GA 31401",113 W PERRY ST,113 W PERRY ST UNIT D - CARRIAGE HOUSE 113 W PERRY LN AT,Normalized,
"37 WHITAKER ST C, SAVANNAH, GA, 31401",,SVR-03262,2027-05-22,2000436325,Chase Stahl,chase@southkeymgmt.com,9128001321,Type 2: Non-Owner-Occupied STVR Certificate,2,,4,SAVANNAH DOWNTOWN HISTORIC DISTRICT,2000436325,37 WHITAKER ST,C,C,SAVANNAH,GA,31401,"37 WHITAKER ST UNIT C, SAVANNAH, GA 31401",37 WHITAKER ST,37 WHITAKER ST UNIT C,Normalized,
"310 W BROUGHTON ST 3016, SAVANNAH, GA, 31401",3016,SVR-03264,2027-05-27,2001615047,Mary Anderson,mary@savannahluxuryrentals.com,9125252022,Type 2: Non-Owner-Occupied STVR Certificate,2,,4,SAVANNAH DOWNTOWN HISTORIC DISTRICT,2001615047,310 W BROUGHTON ST,3016,3016,SAVANNAH,GA,31401,"310 W BROUGHTON ST UNIT 3016, SAVANNAH, GA 31401",310 W BROUGHTON ST,310 W BROUGHTON ST UNIT 3016,Normalized,
"326 E BRYAN ST, SAVANNAH, GA, 31401",A,SVR-03265,2027-06-02,2000418004,Chaz Fraser,contact@stayatarise.com,9123880845,Type 1: Owner-Occupied STVR Certificate,1,,4,SAVANNAH DOWNTOWN HISTORIC DISTRICT,2000418004,326 E BRYAN ST,A,,SAVANNAH,GA,31401,"326 E BRYAN ST UNIT A, SAVANNAH, GA 31401",326 E BRYAN ST,326 E BRYAN ST UNIT A,Normalized,
"326 E BRYAN ST, SAVANNAH, GA, 31401",B,SVR-03266,2027-06-02,2000418004,Chaz Fraser,contact@stayatarise.com,9123880845,Type 1: Owner-Occupied STVR Certificate,2,,4,SAVANNAH DOWNTOWN HISTORIC DISTRICT,2000418004,326 E BRYAN ST,B,,SAVANNAH,GA,31401,"326 E BRYAN ST UNIT B, SAVANNAH, GA 31401",326 E BRYAN ST,326 E BRYAN ST UNIT B,Normalized,
"601 JEFFERSON ST, SAVANNAH, GA, 31401",Lower,SVR-03267,2027-06-03,2004525001,Julie Gates,sid@sidwashere.com,9125744473,Type 2: Non-Owner-Occupied STVR Certificate,2,2,4,SAVANNAH DOWNTOWN HISTORIC DISTRICT,2004525001,601 JEFFERSON ST,LOWER,,SAVANNAH,GA,31401,"601 JEFFERSON ST UNIT LOWER, SAVANNAH, GA 31401",601 JEFFERSON ST,601 JEFFERSON ST UNIT LOWER,Normalized,
"601 JEFFERSON ST, SAVANNAH, GA, 31401",Upper,SVR-03268,2027-06-03,2004525001,Julie Gates,sid@sidwashere.com,9125744473,Type 2: Non-Owner-Occupied STVR Certificate,2,2,4,SAVANNAH DOWNTOWN HISTORIC DISTRICT,2004525001,601 JEFFERSON ST,UPPER,,SAVANNAH,GA,31401,"601 JEFFERSON ST UNIT UPPER, SAVANNAH, GA 31401",601 JEFFERSON ST,601 JEFFERSON ST UNIT UPPER,Normalized,
"543 E ANDERSON ST, SAVANNAH, GA, 31401",,SVR-03269,2027-06-09,2005321048,Julie Gates,sid@sidwashere.com,9125744473,Type 2: Non-Owner-Occupied STVR Certificate,3,2,6,VICTORIAN HISTORIC DISTRICT,2005321048,543 E ANDERSON ST,,,SAVANNAH,GA,31401,"543 E ANDERSON ST, SAVANNAH, GA 31401",543 E ANDERSON ST,543 E ANDERSON ST,Normalized,
"312 E LIBERTY ST D, SAVANNAH, GA, 31401",D,SVR-03270,2027-06-10,2001519017H,Southern Belle Vacation Rentals,stvr@southernbellevr.com,9122890130,Type 2: Non-Owner-Occupied STVR Certificate,2,1,4,SAVANNAH DOWNTOWN HISTORIC DISTRICT,2001519017H,312 E LIBERTY ST,D,D,SAVANNAH,GA,31401,"312 E LIBERTY ST UNIT D, SAVANNAH, GA 31401",312 E LIBERTY ST,312 E LIBERTY ST UNIT D,Normalized,
"506 E BROUGHTON ST, SAVANNAH, GA, 31401",,SVR-03271,2027-06-11,2000514016,Laura Robinson,southerngracegetaways@yahoo.com,8032422415,Type 2: Non-Owner-Occupied STVR Certificate,4,4,8,SAVANNAH DOWNTOWN HISTORIC DISTRICT,2000514016,506 E BROUGHTON ST,,,SAVANNAH,GA,31401,"506 E BROUGHTON ST, SAVANNAH, GA 31401",506 E BROUGHTON ST,506 E BROUGHTON ST,Normalized,
"25 E YORK ST, SAVANNAH, GA, 31401",1,SVR-03272,2027-06-15,2001508008,Cora Bett Thomas,stvr@cbtrentals.com,9125036652,Type 2: Non-Owner-Occupied STVR Certificate,1,1,4,SAVANNAH DOWNTOWN HISTORIC DISTRICT,2001508008,25 E YORK ST,1,,SAVANNAH,GA,31401,"25 E YORK ST UNIT 1, SAVANNAH, GA 31401",25 E YORK ST,25 E YORK ST UNIT 1,Normalized,
"25 E YORK ST, SAVANNAH, GA, 31401",2,SVR-03273,2027-06-17,2001508008,Cora Bett Thomas,stvr@cbtrentals.com,9125036652,Type 2: Non-Owner-Occupied STVR Certificate,1,1,4,SAVANNAH DOWNTOWN HISTORIC DISTRICT,2001508008,25 E YORK ST,2,,SAVANNAH,GA,31401,"25 E YORK ST UNIT 2, SAVANNAH, GA 31401",25 E YORK ST,25 E YORK ST UNIT 2,Normalized,
"25 E YORK ST, SAVANNAH, GA, 31401",3,SVR-03274,2027-06-17,2001508008,Cora Bett Thomas,stvr@cbtrentals.com,9125036652,Type 2: Non-Owner-Occupied STVR Certificate,1,1,4,SAVANNAH DOWNTOWN HISTORIC DISTRICT,2001508008,25 E YORK ST,3,,SAVANNAH,GA,31401,"25 E YORK ST UNIT 3, SAVANNAH, GA 31401",25 E YORK ST,25 E YORK ST UNIT 3,Normalized,
"25 E YORK ST, SAVANNAH, GA, 31401",4,SVR-03275,2027-06-17,2001508008,Cora Bett Thomas,stvr@cbtrentals.com,9125036652,Type 2: Non-Owner-Occupied STVR Certificate,1,1,4,SAVANNAH DOWNTOWN HISTORIC DISTRICT,2001508008,25 E YORK ST,4,,SAVANNAH,GA,31401,"25 E YORK ST UNIT 4, SAVANNAH, GA 31401",25 E YORK ST,25 E YORK ST UNIT 4,Normalized,
"234 PRICE ST, SAVANNAH, GA, 31401",,SVR-03276,2027-06-18,2001410007,Chase Stahl,chase@southkeymgmt.com,9128001321,Type 2: Non-Owner-Occupied STVR Certificate,2,,4,SAVANNAH DOWNTOWN HISTORIC DISTRICT,2001410007,234 PRICE ST,,,SAVANNAH,GA,31401,"234 PRICE ST, SAVANNAH, GA 31401",234 PRICE ST,234 PRICE ST,Normalized,
"117 HOUSTON ST, SAVANNAH, GA, 31401",,SVR-03301,2027-08-04,2000516003,Emily Morris,2bridesandabucket@gmail.com,9124339506,Type 2: Non-Owner-Occupied STVR Certificate,2,,4,SAVANNAH DOWNTOWN HISTORIC DISTRICT,2000516003,117 HOUSTON ST,,,SAVANNAH,GA,31401,"117 HOUSTON ST, SAVANNAH, GA 31401",117 HOUSTON ST,117 HOUSTON ST,Normalized,
"351 MARTIN LUTHER KING BLVD, SAVANNAH, GA, 31401",B,SVR-03277,2027-06-29,2003124003,Allam Garcia,info@pmicoastalga.com,9122722386,Type 2: Non-Owner-Occupied STVR Certificate,2,1,4,SAVANNAH DOWNTOWN HISTORIC DISTRICT,2003124003,351 MARTIN LUTHER KING BLVD,B,,SAVANNAH,GA,31401,"351 MARTIN LUTHER KING BLVD UNIT B, SAVANNAH, GA 31401",351 MARTIN LUTHER KING BLVD,351 MARTIN LUTHER KING BLVD UNIT B,Normalized,
"351 MARTIN LUTHER KING BLVD, SAVANNAH, GA, 31401",C,SVR-03278,2027-06-29,2003124003,Allam Garcia,info@pmicoastalga.com,9122722386,Type 2: Non-Owner-Occupied STVR Certificate,1,1,4,SAVANNAH DOWNTOWN HISTORIC DISTRICT,2003124003,351 MARTIN LUTHER KING BLVD,C,,SAVANNAH,GA,31401,"351 MARTIN LUTHER KING BLVD UNIT C, SAVANNAH, GA 31401",351 MARTIN LUTHER KING BLVD,351 MARTIN LUTHER KING BLVD UNIT C,Normalized,
"117 HOUSTON ST, SAVANNAH, GA, 31401",119,SVR-03302,2027-08-04,2000516003,Emily Morris,2bridesandabucket@gmail.com,9124339506,Type 2: Non-Owner-Occupied STVR Certificate,2,,4,SAVANNAH DOWNTOWN HISTORIC DISTRICT,2000516003,117 HOUSTON ST,119,,SAVANNAH,GA,31401,"117 HOUSTON ST UNIT 119, SAVANNAH, GA 31401",117 HOUSTON ST,117 HOUSTON ST UNIT 119,Normalized,
"24 E JONES ST, SAVANNAH, GA, 31401",1,SVR-03279,2027-07-02,2003206003,Mary Anderson,mary@savannahluxuryrentals.com,9125252022,Type 2: Non-Owner-Occupied STVR Certificate,1,,4,SAVANNAH DOWNTOWN HISTORIC DISTRICT,2003206003,24 E JONES ST,1,,SAVANNAH,GA,31401,"24 E JONES ST UNIT 1, SAVANNAH, GA 31401",24 E JONES ST,24 E JONES ST UNIT 1,Normalized,
"24 E JONES ST, SAVANNAH, GA, 31401",2,SVR-03280,2027-07-02,2003206003,Mary Anderson,mary@savannahluxuryrentals.com,9125252022,Type 2: Non-Owner-Occupied STVR Certificate,1,,4,SAVANNAH DOWNTOWN HISTORIC DISTRICT,2003206003,24 E JONES ST,2,,SAVANNAH,GA,31401,"24 E JONES ST UNIT 2, SAVANNAH, GA 31401",24 E JONES ST,24 E JONES ST UNIT 2,Normalized,
"24 E JONES ST, SAVANNAH, GA, 31401",3,SVR-03281,2027-07-02,2003206003,Mary Anderson,mary@savannahluxuryrentals.com,9125252022,Type 2: Non-Owner-Occupied STVR Certificate,2,,4,SAVANNAH DOWNTOWN HISTORIC DISTRICT,2003206003,24 E JONES ST,3,,SAVANNAH,GA,31401,"24 E JONES ST UNIT 3, SAVANNAH, GA 31401",24 E JONES ST,24 E JONES ST UNIT 3,Normalized,
"24 E JONES ST, SAVANNAH, GA, 31401",4,SVR-03282,2027-07-02,2003206003,Mary Anderson,mary@savannahluxuryrentals.com,9125252022,Type 2: Non-Owner-Occupied STVR Certificate,2,,4,SAVANNAH DOWNTOWN HISTORIC DISTRICT,2003206003,24 E JONES ST,4,,SAVANNAH,GA,31401,"24 E JONES ST UNIT 4, SAVANNAH, GA 31401",24 E JONES ST,24 E JONES ST UNIT 4,Normalized,
"514 E DUFFY ST, SAVANNAH, GA, 31401",A,SVR-03300,2027-08-04,2004317032,Penelope Combs,stayduffyco@gmail.com,8455210709,Type 1: Owner-Occupied STVR Certificate,3,1,6,VICTORIAN HISTORIC DISTRICT,2004317032,514 E DUFFY ST,A,,SAVANNAH,GA,31401,"514 E DUFFY ST UNIT A, SAVANNAH, GA 31401",514 E DUFFY ST,514 E DUFFY ST UNIT A,Normalized,
"205 W GORDON ST, SAVANNAH, GA, 31401",A,SVR-03283,2027-07-06,2003241003,Lucky Savannah Vacation Rentals,owners@luckysavannah.com,9124958582,Type 2: Non-Owner-Occupied STVR Certificate,3,2,6,SAVANNAH DOWNTOWN HISTORIC DISTRICT,2003241003,205 W GORDON ST,A,,SAVANNAH,GA,31401,"205 W GORDON ST UNIT A, SAVANNAH, GA 31401",205 W GORDON ST,205 W GORDON ST UNIT A,Normalized,
"205 W GORDON ST, SAVANNAH, GA, 31401",B,SVR-03284,2027-07-06,2003241003,Lucky Savannah Vacation Rentals,owners@luckysavannah.com,9124958582,Type 2: Non-Owner-Occupied STVR Certificate,1,1,4,SAVANNAH DOWNTOWN HISTORIC DISTRICT,2003241003,205 W GORDON ST,B,,SAVANNAH,GA,31401,"205 W GORDON ST UNIT B, SAVANNAH, GA 31401",205 W GORDON ST,205 W GORDON ST UNIT B,Normalized,
"207 W GORDON ST, SAVANNAH, GA, 31401",A,SVR-03285,2027-07-06,2003241002,Lucky Savannah Vacation Rentals,owners@luckysavannah.com,9124958582,Type 2: Non-Owner-Occupied STVR Certificate,3,2,6,SAVANNAH DOWNTOWN HISTORIC DISTRICT,2003241002,207 W GORDON ST,A,,SAVANNAH,GA,31401,"207 W GORDON ST UNIT A, SAVANNAH, GA 31401",207 W GORDON ST,207 W GORDON ST UNIT A,Normalized,
"207 W GORDON ST, SAVANNAH, GA, 31401",B,SVR-03286,2027-07-06,2003241002,Lucky Savannah Vacation Rentals,owners@luckysavannah.com,9124958582,Type 2: Non-Owner-Occupied STVR Certificate,1,1,4,SAVANNAH DOWNTOWN HISTORIC DISTRICT,2003241002,207 W GORDON ST,B,,SAVANNAH,GA,31401,"207 W GORDON ST UNIT B, SAVANNAH, GA 31401",207 W GORDON ST,207 W GORDON ST UNIT B,Normalized,
"417 E HALL ST, SAVANNAH, GA, 31401",,SVR-03287,2027-07-06,2004408001,Lucky Savannah Vacation Rentals,owners@luckysavannah.com,9124958582,Type 2: Non-Owner-Occupied STVR Certificate,3,1,6,SAVANNAH DOWNTOWN HISTORIC DISTRICT,2004408001,417 E HALL ST,,,SAVANNAH,GA,31401,"417 E HALL ST, SAVANNAH, GA 31401",417 E HALL ST,417 E HALL ST,Normalized,
"538 E JONES ST, SAVANNAH, GA, 31401",,SVR-03288,2027-07-06,2001419005,Lucky Savannah Vacation Rentals,owners@luckysavannah.com,9124958582,Type 2: Non-Owner-Occupied STVR Certificate,3,1,6,SAVANNAH DOWNTOWN HISTORIC DISTRICT,2001419005,538 E JONES ST,,,SAVANNAH,GA,31401,"538 E JONES ST, SAVANNAH, GA 31401",538 E JONES ST,538 E JONES ST,Normalized,
"215 E GORDON ST, SAVANNAH, GA, 31401",Main House,SVR-03290,2027-07-14,2003246002,Chaz Fraser,contact@stayatarise.com,9123880845,Type 1: Owner-Occupied STVR Certificate,2,1,4,SAVANNAH DOWNTOWN HISTORIC DISTRICT,2003246002,215 E GORDON ST,MAIN HOUSE,,SAVANNAH,GA,31401,"215 E GORDON ST UNIT MAIN HOUSE, SAVANNAH, GA 31401",215 E GORDON ST,215 E GORDON ST UNIT MAIN HOUSE,Normalized,
"215 E GORDON ST, SAVANNAH, GA, 31401",B,SVR-03291,2027-07-14,2003246002,Chaz Fraser,contact@stayatarise.com,9123880845,Type 1: Owner-Occupied STVR Certificate,1,,4,SAVANNAH DOWNTOWN HISTORIC DISTRICT,2003246002,215 E GORDON ST,B,,SAVANNAH,GA,31401,"215 E GORDON ST UNIT B, SAVANNAH, GA 31401",215 E GORDON ST,215 E GORDON ST UNIT B,Normalized,
"215 E GORDON ST, SAVANNAH, GA, 31401",215 E Gordon LN Carriage House,SVR-03292,2027-07-14,2003246002,Chaz Fraser,contact@stayatarise.com,9123880845,Type 1: Owner-Occupied STVR Certificate,1,,4,SAVANNAH DOWNTOWN HISTORIC DISTRICT,2003246002,215 E GORDON ST,215 E GORDON LN CARRIAGE HOUSE,,SAVANNAH,GA,31401,"215 E GORDON ST UNIT 215 E GORDON LN CARRIAGE HOUSE, SAVANNAH, GA 31401",215 E GORDON ST,215 E GORDON ST UNIT 215 E GORDON LN CARRIAGE HOUSE,Normalized,
"109 W GORDON ST, SAVANNAH, GA, 31401",Carriage House,SVR-03293,2027-07-21,2003242011,Southern Belle Vacation Rentals,stvr@southernbellevr.com,9122890130,Type 2: Non-Owner-Occupied STVR Certificate,1,,4,SAVANNAH DOWNTOWN HISTORIC DISTRICT,2003242011,109 W GORDON ST,CARRIAGE HOUSE,,SAVANNAH,GA,31401,"109 W GORDON ST UNIT CARRIAGE HOUSE, SAVANNAH, GA 31401",109 W GORDON ST,109 W GORDON ST UNIT CARRIAGE HOUSE,Normalized,
"1718 BARNARD ST, SAVANNAH, GA, 31401",1720 Upper Level at ,SVR-03311,2027-08-11,2006628012,Steven States,statessteven@gmail.com,7245259993,Type 1: Owner-Occupied STVR Certificate,2,,4,STREETCAR HISTORIC DISTRICT,2006628012,1718 BARNARD ST,1720 UPPER LEVEL AT,,SAVANNAH,GA,31401,"1718 BARNARD ST UNIT 1720 UPPER LEVEL AT, SAVANNAH, GA 31401",1718 BARNARD ST,1718 BARNARD ST UNIT 1720 UPPER LEVEL AT,Normalized,
"609 TATTNALL ST, SAVANNAH, GA, 31401",609A (1st Floor),SVR-03294,2027-07-23,2004527004,Oscar Tellez,oscar@southernoakrentals.com,9123109148,Type 2: Non-Owner-Occupied STVR Certificate,1,1,4,SAVANNAH DOWNTOWN HISTORIC DISTRICT,2004527004,609 TATTNALL ST,609A (1ST FLOOR),,SAVANNAH,GA,31401,"609 TATTNALL ST UNIT 609A (1ST FLOOR), SAVANNAH, GA 31401",609 TATTNALL ST,609 TATTNALL ST UNIT 609A (1ST FLOOR),Normalized,
"609 TATTNALL ST, SAVANNAH, GA, 31401",611A (1st Floor),SVR-03295,2027-07-23,2004527004,Oscar Tellez,oscar@southernoakrentals.com,9123109148,Type 2: Non-Owner-Occupied STVR Certificate,1,1,4,SAVANNAH DOWNTOWN HISTORIC DISTRICT,2004527004,609 TATTNALL ST,611A (1ST FLOOR),,SAVANNAH,GA,31401,"609 TATTNALL ST UNIT 611A (1ST FLOOR), SAVANNAH, GA 31401",609 TATTNALL ST,609 TATTNALL ST UNIT 611A (1ST FLOOR),Normalized,
"609 TATTNALL ST, SAVANNAH, GA, 31401",609B (2nd Floor),SVR-03296,2027-07-23,2004527004,Oscar Tellez,oscar@southernoakrentals.com,9123109148,Type 2: Non-Owner-Occupied STVR Certificate,2,1,4,SAVANNAH DOWNTOWN HISTORIC DISTRICT,2004527004,609 TATTNALL ST,609B (2ND FLOOR),,SAVANNAH,GA,31401,"609 TATTNALL ST UNIT 609B (2ND FLOOR), SAVANNAH, GA 31401",609 TATTNALL ST,609 TATTNALL ST UNIT 609B (2ND FLOOR),Normalized,
"609 TATTNALL ST, SAVANNAH, GA, 31401",611B (2nd Floor),SVR-03297,2027-07-23,2004527004,Oscar Tellez,oscar@southernoakrentals.com,9123109148,Type 2: Non-Owner-Occupied STVR Certificate,2,1,4,SAVANNAH DOWNTOWN HISTORIC DISTRICT,2004527004,609 TATTNALL ST,611B (2ND FLOOR),,SAVANNAH,GA,31401,"609 TATTNALL ST UNIT 611B (2ND FLOOR), SAVANNAH, GA 31401",609 TATTNALL ST,609 TATTNALL ST UNIT 611B (2ND FLOOR),Normalized,
"101 E 35TH ST, SAVANNAH, GA, 31401",1916 Drayton St - Upper Unit,SVR-03298,2027-07-28,2006504001,Peter Roessler,101starlandeast@gmail.com,2032577377,Type 2: Non-Owner-Occupied STVR Certificate,1,1,4,STREETCAR HISTORIC DISTRICT,2006504001,101 E 35TH ST,1916 DRAYTON ST - UPPER UNIT,,SAVANNAH,GA,31401,"101 E 35TH ST UNIT 1916 DRAYTON ST - UPPER UNIT, SAVANNAH, GA 31401",101 E 35TH ST,101 E 35TH ST UNIT 1916 DRAYTON ST - UPPER UNIT,Normalized,
"101 E 35TH ST, SAVANNAH, GA, 31401",1918 Drayton St - Lower Unit,SVR-03299,2027-07-28,2006504001,Peter Roessler,101starlandeast@gmail.com,2032577377,Type 2: Non-Owner-Occupied STVR Certificate,1,1,4,STREETCAR HISTORIC DISTRICT,2006504001,101 E 35TH ST,1918 DRAYTON ST - LOWER UNIT,,SAVANNAH,GA,31401,"101 E 35TH ST UNIT 1918 DRAYTON ST - LOWER UNIT, SAVANNAH, GA 31401",101 E 35TH ST,101 E 35TH ST UNIT 1918 DRAYTON ST - LOWER UNIT,Normalized,
"110 BARNARD ST 213, SAVANNAH, GA, 31401",,SVR-03307,2027-08-06,2000443019,Lucky Savannah Vacation Rentals,owners@luckysavannah.com,9124958582,Type 2: Non-Owner-Occupied STVR Certificate,4,1,8,SAVANNAH DOWNTOWN HISTORIC DISTRICT,2000443019,110 BARNARD ST,213,213,SAVANNAH,GA,31401,"110 BARNARD ST UNIT 213, SAVANNAH, GA 31401",110 BARNARD ST,110 BARNARD ST UNIT 213,Normalized,
"520 E BRYAN ST, SAVANNAH, GA, 31401",,SVR-03309,2027-08-07,2000504003A,Southern Belle Vacation Rentals,stvr@southernbellevr.com,9122890130,Type 2: Non-Owner-Occupied STVR Certificate,4,2,8,SAVANNAH DOWNTOWN HISTORIC DISTRICT,2000504003A,520 E BRYAN ST,,,SAVANNAH,GA,31401,"520 E BRYAN ST, SAVANNAH, GA 31401",520 E BRYAN ST,520 E BRYAN ST,Normalized,
"517 E LIBERTY ST, SAVANNAH, GA, 31401",A,SVR-03303,2027-08-06,2001413028,Chaz Fraser,contact@stayatarise.com,9123880845,Type 2: Non-Owner-Occupied STVR Certificate,2,1,4,SAVANNAH DOWNTOWN HISTORIC DISTRICT,2001413028,517 E LIBERTY ST,A,,SAVANNAH,GA,31401,"517 E LIBERTY ST UNIT A, SAVANNAH, GA 31401",517 E LIBERTY ST,517 E LIBERTY ST UNIT A,Normalized,
"517 E LIBERTY ST, SAVANNAH, GA, 31401",B,SVR-03304,2027-08-06,2001413028,Chaz Fraser,contact@stayatarise.com,9123880845,Type 2: Non-Owner-Occupied STVR Certificate,1,1,4,SAVANNAH DOWNTOWN HISTORIC DISTRICT,2001413028,517 E LIBERTY ST,B,,SAVANNAH,GA,31401,"517 E LIBERTY ST UNIT B, SAVANNAH, GA 31401",517 E LIBERTY ST,517 E LIBERTY ST UNIT B,Normalized,
"517 E LIBERTY ST, SAVANNAH, GA, 31401","516 E Liberty LN, Carriage House at ",SVR-03305,2027-08-06,2001413028,Chaz Fraser,contact@stayatarise.com,9123880845,Type 2: Non-Owner-Occupied STVR Certificate,1,,4,SAVANNAH DOWNTOWN HISTORIC DISTRICT,2001413028,517 E LIBERTY ST,516 E LIBERTY LN CARRIAGE HOUSE AT,,SAVANNAH,GA,31401,"517 E LIBERTY ST UNIT 516 E LIBERTY LN CARRIAGE HOUSE AT, SAVANNAH, GA 31401",517 E LIBERTY ST,517 E LIBERTY ST UNIT 516 E LIBERTY LN CARRIAGE HOUSE AT,Normalized,
"304 E STATE ST, SAVANNAH, GA, 31401",Garden,SVR-03310,2027-08-10,2000448008,Cora Bett Thomas,stvr@cbtrentals.com,9125036652,Type 1: Owner-Occupied STVR Certificate,1,1,4,SAVANNAH DOWNTOWN HISTORIC DISTRICT,2000448008,304 E STATE ST,GARDEN,,SAVANNAH,GA,31401,"304 E STATE ST UNIT GARDEN, SAVANNAH, GA 31401",304 E STATE ST,304 E STATE ST UNIT GARDEN,Normalized,
"314 E HUNTINGDON ST, SAVANNAH, GA, 31401",Garden,SVR-03306,2027-08-06,2003250008,Lucky Savannah Vacation Rentals,owners@luckysavannah.com,9124958582,Type 1: Owner-Occupied STVR Certificate,1,,4,SAVANNAH DOWNTOWN HISTORIC DISTRICT,2003250008,314 E HUNTINGDON ST,GARDEN,,SAVANNAH,GA,31401,"314 E HUNTINGDON ST UNIT GARDEN, SAVANNAH, GA 31401",314 E HUNTINGDON ST,314 E HUNTINGDON ST UNIT GARDEN,Normalized,
"508 E GORDON ST, SAVANNAH, GA, 31401",,SVR-03308,2027-08-06,2003302024,Lucky Savannah Vacation Rentals,owners@luckysavannah.com,9124958582,Type 2: Non-Owner-Occupied STVR Certificate,3,,6,SAVANNAH DOWNTOWN HISTORIC DISTRICT,2003302024,508 E GORDON ST,,,SAVANNAH,GA,31401,"508 E GORDON ST, SAVANNAH, GA 31401",508 E GORDON ST,508 E GORDON ST,Normalized,
"529 E JONES ST, SAVANNAH, GA, 31401",,SVR-03314,2027-08-27,2003301013,Chaz Fraser,contact@stayatarise.com,9123880845,Type 2: Non-Owner-Occupied STVR Certificate,2,1,4,SAVANNAH DOWNTOWN HISTORIC DISTRICT,2003301013,529 E JONES ST,,,SAVANNAH,GA,31401,"529 E JONES ST, SAVANNAH, GA 31401",529 E JONES ST,529 E JONES ST,Normalized,
315 WEST WALDBURG ST  SAVANNAH GA 31401,B,SVR-00510,2027-01-29,2005214004,Tybee Vacation Rentals,ownerservices@tybeevacationrentals.com,9127865853,Type 2: Non-Owner-Occupied STVR Certificate,3,2,8,VICTORIAN HISTORIC DISTRICT,2005214004,315 W WALDBURG ST,B,,SAVANNAH,GA,31401,"315 W WALDBURG ST UNIT B, SAVANNAH, GA 31401",315 W WALDBURG ST,315 W WALDBURG ST UNIT B,Normalized,
315 WEST WALDBURG ST  SAVANNAH GA 31401,A,SVR-00511,2027-01-29,2005214004,Tybee Vacation Rentals,ownerservices@tybeevacationrentals.com,9127865853,Type 2: Non-Owner-Occupied STVR Certificate,1,,4,VICTORIAN HISTORIC DISTRICT,2005214004,315 W WALDBURG ST,A,,SAVANNAH,GA,31401,"315 W WALDBURG ST UNIT A, SAVANNAH, GA 31401",315 W WALDBURG ST,315 W WALDBURG ST UNIT A,Normalized,
312 EAST LIBERTY ST  SAVANNAH GA 31401,G,SVR-00512,2027-02-25,2001519017B,Southern Belle Vacation Rentals,stvr@southernbellevr.com,9122890130,Type 2: Non-Owner-Occupied STVR Certificate,2,,6,SAVANNAH DOWNTOWN HISTORIC DISTRICT,2001519017B,312 E LIBERTY ST,G,,SAVANNAH,GA,31401,"312 E LIBERTY ST UNIT G, SAVANNAH, GA 31401",312 E LIBERTY ST,312 E LIBERTY ST UNIT G,Normalized,
312 EAST LIBERTY ST  SAVANNAH GA 31401,A,SVR-00513,2027-01-17,2001519017D,Southern Belle Vacation Rentals,stvr@southernbellevr.com,9122890130,Type 2: Non-Owner-Occupied STVR Certificate,1,,4,SAVANNAH DOWNTOWN HISTORIC DISTRICT,2001519017D,312 E LIBERTY ST,A,,SAVANNAH,GA,31401,"312 E LIBERTY ST UNIT A, SAVANNAH, GA 31401",312 E LIBERTY ST,312 E LIBERTY ST UNIT A,Normalized,
322 WEST BOLTON ST  SAVANNAH GA 31401,,SVR-00517,2027-03-12,2005202011,DEBORAH FISCHER,debbie@savannahrumrunnersbakery.com,6142066179,Type 2: Non-Owner-Occupied STVR Certificate,1,1,4,VICTORIAN HISTORIC DISTRICT,2005202011,322 W BOLTON ST,,,SAVANNAH,GA,31401,"322 W BOLTON ST, SAVANNAH, GA 31401",322 W BOLTON ST,322 W BOLTON ST,Normalized,
519 EAST JONES ST  SAVANNAH GA 31401,C,SVR-00518,2027-07-03,2003301043,JUNE ALSTON,alstonjune@gmail.com,9513787752,Type 2: Non-Owner-Occupied STVR Certificate,1,,4,SAVANNAH DOWNTOWN HISTORIC DISTRICT,2003301043,519 E JONES ST,C,,SAVANNAH,GA,31401,"519 E JONES ST UNIT C, SAVANNAH, GA 31401",519 E JONES ST,519 E JONES ST UNIT C,Normalized,
413  TATTNALL ST  SAVANNAH GA 31401,,SVR-00525,2027-07-16,2003138008,Lucky Savannah Vacation Rentals,owners@luckysavannah.com,9124958582,Type 2: Non-Owner-Occupied STVR Certificate,3,1,6,SAVANNAH DOWNTOWN HISTORIC DISTRICT,2003138008,413 TATTNALL ST,,,SAVANNAH,GA,31401,"413 TATTNALL ST, SAVANNAH, GA 31401",413 TATTNALL ST,413 TATTNALL ST,Normalized,
823  HOWARD ST  SAVANNAH GA 31401,,SVR-00053,2027-03-26,2004411011,Kimberly A Porter,ishou@adth.com,9122570429,Type 2: Non-Owner-Occupied STVR Certificate,2,2,4,VICTORIAN HISTORIC DISTRICT,2004411011,823 HOWARD ST,,,SAVANNAH,GA,31401,"823 HOWARD ST, SAVANNAH, GA 31401",823 HOWARD ST,823 HOWARD ST,Normalized,
339  WHITAKER ST  SAVANNAH GA 31401,1,SVR-00526,2027-01-08,2001545022,Lucky Savannah Vacation Rentals,owners@luckysavannah.com,9124958582,Type 2: Non-Owner-Occupied STVR Certificate,2,,6,SAVANNAH DOWNTOWN HISTORIC DISTRICT,2001545022,339 WHITAKER ST,1,,SAVANNAH,GA,31401,"339 WHITAKER ST UNIT 1, SAVANNAH, GA 31401",339 WHITAKER ST,339 WHITAKER ST UNIT 1,Normalized,
1010  DRAYTON ST  SAVANNAH GA 31401,A,SVR-00528,2027-01-29,2004426009,Lucky Savannah Vacation Rentals,owners@luckysavannah.com,9124958582,Type 2: Non-Owner-Occupied STVR Certificate,3,,8,VICTORIAN HISTORIC DISTRICT,2004426009,1010 DRAYTON ST,A,,SAVANNAH,GA,31401,"1010 DRAYTON ST UNIT A, SAVANNAH, GA 31401",1010 DRAYTON ST,1010 DRAYTON ST UNIT A,Normalized,
1010  DRAYTON ST  SAVANNAH GA 31401,B,SVR-00529,2027-01-29,2004426009,Lucky Savannah Vacation Rentals,owners@luckysavannah.com,9124958582,Type 2: Non-Owner-Occupied STVR Certificate,2,,8,VICTORIAN HISTORIC DISTRICT,2004426009,1010 DRAYTON ST,B,,SAVANNAH,GA,31401,"1010 DRAYTON ST UNIT B, SAVANNAH, GA 31401",1010 DRAYTON ST,1010 DRAYTON ST UNIT B,Normalized,
"117 LINCOLN ST 117-5B, SAVANNAH, GA, 31401",,SVR-00534,2027-07-29,2000447057,Linda Laforce,lmmack1@msn.com,9123133142,Type 2: Non-Owner-Occupied STVR Certificate,2,,4,SAVANNAH DOWNTOWN HISTORIC DISTRICT,2000447057,117 LINCOLN ST,117-5B,117-5B,SAVANNAH,GA,31401,"117 LINCOLN ST UNIT 117-5B, SAVANNAH, GA 31401",117 LINCOLN ST,117 LINCOLN ST UNIT 117-5B,Normalized,
502 EAST BROUGHTON ST  SAVANNAH GA 31401,,SVR-00054,2027-04-05,2000514013,Julie Wade,juliemwade@gmail.com,9123322455,Type 2: Non-Owner-Occupied STVR Certificate,2,6,4,SAVANNAH DOWNTOWN HISTORIC DISTRICT,2000514013,502 E BROUGHTON ST,,,SAVANNAH,GA,31401,"502 E BROUGHTON ST, SAVANNAH, GA 31401",502 E BROUGHTON ST,502 E BROUGHTON ST,Normalized,
535 EAST CONGRESS ST  SAVANNAH GA 31401,B,SVR-00537,2027-08-20,2000515015,ANDREW & BROOKE WILFORD,awilford@jasminequarters.com,9123444467,Type 2: Non-Owner-Occupied STVR Certificate,2,1,6,SAVANNAH DOWNTOWN HISTORIC DISTRICT,2000515015,535 E CONGRESS ST,B,,SAVANNAH,GA,31401,"535 E CONGRESS ST UNIT B, SAVANNAH, GA 31401",535 E CONGRESS ST,535 E CONGRESS ST UNIT B,Normalized,
535 EAST CONGRESS ST  SAVANNAH GA 31401,C,SVR-00538,2027-08-20,2000515015,ANDREW & BROOKE WILFORD,awilford@jasminequarters.com,9123444467,Type 2: Non-Owner-Occupied STVR Certificate,1,1,6,SAVANNAH DOWNTOWN HISTORIC DISTRICT,2000515015,535 E CONGRESS ST,C,,SAVANNAH,GA,31401,"535 E CONGRESS ST UNIT C, SAVANNAH, GA 31401",535 E CONGRESS ST,535 E CONGRESS ST UNIT C,Normalized,
165 WEST BAY ST  SAVANNAH GA 31401,402,SVR-00544,2027-07-24,2000413049,Southern Belle Vacation Rentals,stvr@southernbellevr.com,9122890130,Type 2: Non-Owner-Occupied STVR Certificate,2,1,4,SAVANNAH DOWNTOWN HISTORIC DISTRICT,2000413049,165 W BAY ST,402,,SAVANNAH,GA,31401,"165 W BAY ST UNIT 402, SAVANNAH, GA 31401",165 W BAY ST,165 W BAY ST UNIT 402,Normalized,
129 WEST GORDON ST  SAVANNAH GA 31401,A,SVR-00551,2027-07-26,2003242001,Lucky Savannah Vacation Rentals,owners@luckysavannah.com,9124958582,Type 2: Non-Owner-Occupied STVR Certificate,2,,6,SAVANNAH DOWNTOWN HISTORIC DISTRICT,2003242001,129 W GORDON ST,A,,SAVANNAH,GA,31401,"129 W GORDON ST UNIT A, SAVANNAH, GA 31401",129 W GORDON ST,129 W GORDON ST UNIT A,Normalized,
104 EAST HARRIS ST  SAVANNAH GA 31401,,SVR-00552,2027-07-24,2001533015,Martin & Coleen Hogan,mshogan68@hotmail.com,9124842676,Type 2: Non-Owner-Occupied STVR Certificate,2,,6,SAVANNAH DOWNTOWN HISTORIC DISTRICT,2001533015,104 E HARRIS ST,,,SAVANNAH,GA,31401,"104 E HARRIS ST, SAVANNAH, GA 31401",104 E HARRIS ST,104 E HARRIS ST,Normalized,
17 EAST JONES ST  SAVANNAH GA 31401,B,SVR-00553,2026-10-02,2003215005,Cora Bett Thomas Rentals and Management,stvr@cbtrentals.com,9125036652,Type 2: Non-Owner-Occupied STVR Certificate,1,,4,SAVANNAH DOWNTOWN HISTORIC DISTRICT,2003215005,17 E JONES ST,B,,SAVANNAH,GA,31401,"17 E JONES ST UNIT B, SAVANNAH, GA 31401",17 E JONES ST,17 E JONES ST UNIT B,Normalized,
911  JEFFERSON ST  SAVANNAH GA 31401,,SVR-00556,2027-02-21,2005203013,B&B Vacation Rentals LLC,annbinsavannah@gmail.com,9122101670,Type 2: Non-Owner-Occupied STVR Certificate,4,2,10,VICTORIAN HISTORIC DISTRICT,2005203013,911 JEFFERSON ST,,,SAVANNAH,GA,31401,"911 JEFFERSON ST, SAVANNAH, GA 31401",911 JEFFERSON ST,911 JEFFERSON ST,Normalized,
201 WEST WALDBURG ST  SAVANNAH GA 31401,A,SVR-00557,2027-07-09,2005215008,Patrick Bergen and Christie Bergen,christie.ahr@gmail.com,8032370342,Type 2: Non-Owner-Occupied STVR Certificate,3,2,8,VICTORIAN HISTORIC DISTRICT,2005215008,201 W WALDBURG ST,A,,SAVANNAH,GA,31401,"201 W WALDBURG ST UNIT A, SAVANNAH, GA 31401",201 W WALDBURG ST,201 W WALDBURG ST UNIT A,Normalized,
549 EAST MACON ST  SAVANNAH GA 31401,,SVR-00558,2027-06-12,2001418042,Janet Wagner,jwmgmt912@gmail.com,9125705070,Type 2: Non-Owner-Occupied STVR Certificate,1,1,4,SAVANNAH DOWNTOWN HISTORIC DISTRICT,2001418042,549 E MACON ST,,,SAVANNAH,GA,31401,"549 E MACON ST, SAVANNAH, GA 31401",549 E MACON ST,549 E MACON ST,Normalized,
300 WEST HENRY ST  SAVANNAH GA 31401,,SVR-00559,2026-10-15,2005226007,Cora Bett Thomas Rentals & Management,stvr@cbtrentals.com,9125036652,Type 2: Non-Owner-Occupied STVR Certificate,3,,6,VICTORIAN HISTORIC DISTRICT,2005226007,300 W HENRY ST,,,SAVANNAH,GA,31401,"300 W HENRY ST, SAVANNAH, GA 31401",300 W HENRY ST,300 W HENRY ST,Normalized,
508 EAST YORK ST  SAVANNAH GA 31401,,SVR-00560,2027-07-16,2000528008,Anderson VIP Concierge LLC,mary@savannahluxuryrentals.com,9125252022,Type 2: Non-Owner-Occupied STVR Certificate,1,,4,SAVANNAH DOWNTOWN HISTORIC DISTRICT,2000528008,508 E YORK ST,,,SAVANNAH,GA,31401,"508 E YORK ST, SAVANNAH, GA 31401",508 E YORK ST,508 E YORK ST,Normalized,
107 EAST PARK AVE  SAVANNAH GA 31401,2,SVR-00563,2027-07-25,2004433015,Michael Arcangelo,24squaresavannah@gmail.com,9787667088,Type 2: Non-Owner-Occupied STVR Certificate,1,1,4,VICTORIAN HISTORIC DISTRICT,2004433015,107 E PARK AVE,2,,SAVANNAH,GA,31401,"107 E PARK AVE UNIT 2, SAVANNAH, GA 31401",107 E PARK AVE,107 E PARK AVE UNIT 2,Normalized,
221 WEST HENRY ST  SAVANNAH GA 31401,B,SVR-00565,2027-06-17,2005228002,Southern Belle Vacation Rentals,stvr@southernbellevr.com,9122890130,Type 2: Non-Owner-Occupied STVR Certificate,3,2,8,VICTORIAN HISTORIC DISTRICT,2005228002,221 W HENRY ST,B,,SAVANNAH,GA,31401,"221 W HENRY ST UNIT B, SAVANNAH, GA 31401",221 W HENRY ST,221 W HENRY ST UNIT B,Normalized,
165 WEST BAY ST  SAVANNAH GA 31401,501,SVR-00566,2027-08-10,2000413052,Kim Stringer & Lynne Purser,kim@savannahgetaways.net,9126569517,Type 2: Non-Owner-Occupied STVR Certificate,2,1,6,SAVANNAH DOWNTOWN HISTORIC DISTRICT,2000413052,165 W BAY ST,501,,SAVANNAH,GA,31401,"165 W BAY ST UNIT 501, SAVANNAH, GA 31401",165 W BAY ST,165 W BAY ST UNIT 501,Normalized,
527 EAST GWINNETT ST  SAVANNAH GA 31401,,SVR-00569,2027-06-19,2004306043,David Bradley,davidbradley.pg@gmail.com,9122243493,Type 2: Non-Owner-Occupied STVR Certificate,1,1,4,VICTORIAN HISTORIC DISTRICT,2004306043,527 E GWINNETT ST,,,SAVANNAH,GA,31401,"527 E GWINNETT ST, SAVANNAH, GA 31401",527 E GWINNETT ST,527 E GWINNETT ST,Normalized,
529 EAST GWINNETT ST  SAVANNAH GA 31401,,SVR-00571,2027-06-19,2004306044,David Bradley,davidbradley.pg@gmail.com,9122243493,Type 2: Non-Owner-Occupied STVR Certificate,1,1,4,VICTORIAN HISTORIC DISTRICT,2004306044,529 E GWINNETT ST,,,SAVANNAH,GA,31401,"529 E GWINNETT ST, SAVANNAH, GA 31401",529 E GWINNETT ST,529 E GWINNETT ST,Normalized,
234  HABERSHAM ST  SAVANNAH GA 31401,,SVR-00574,2027-05-23,2001518010,Southern Belle Vacation Rentals,stvr@southernbellevr.com,9122890130,Type 2: Non-Owner-Occupied STVR Certificate,3,1,8,SAVANNAH DOWNTOWN HISTORIC DISTRICT,2001518010,234 HABERSHAM ST,,,SAVANNAH,GA,31401,"234 HABERSHAM ST, SAVANNAH, GA 31401",234 HABERSHAM ST,234 HABERSHAM ST,Normalized,
721  BARNARD ST  SAVANNAH GA 31401,,SVR-00580,2027-02-13,2004531018,Twila Brown,oliver.maccoll@gmail.com,4782904679,Type 2: Non-Owner-Occupied STVR Certificate,2,2,6,SAVANNAH DOWNTOWN HISTORIC DISTRICT,2004531018,721 BARNARD ST,,,SAVANNAH,GA,31401,"721 BARNARD ST, SAVANNAH, GA 31401",721 BARNARD ST,721 BARNARD ST,Normalized,
312 EAST LIBERTY ST  SAVANNAH GA 31401,H,SVR-00584,2027-07-12,2001519017E,Lucky Savannah Vacation Rentals,owners@luckysavannah.com,9124958582,Type 2: Non-Owner-Occupied STVR Certificate,2,,6,SAVANNAH DOWNTOWN HISTORIC DISTRICT,2001519017E,312 E LIBERTY ST,H,,SAVANNAH,GA,31401,"312 E LIBERTY ST UNIT H, SAVANNAH, GA 31401",312 E LIBERTY ST,312 E LIBERTY ST UNIT H,Normalized,
103 EAST PARK AVE  SAVANNAH GA 31401,,SVR-00587,2027-07-09,2004433013,Ander Jenkins,mjenkins@igc.org,9127479789,Type 2: Non-Owner-Occupied STVR Certificate,4,6,8,VICTORIAN HISTORIC DISTRICT,2004433013,103 E PARK AVE,,,SAVANNAH,GA,31401,"103 E PARK AVE, SAVANNAH, GA 31401",103 E PARK AVE,103 E PARK AVE,Normalized,
125 EAST JONES ST  SAVANNAH GA 31401,A,SVR-00594,2027-02-25,2003214013,ANDREW ACUFF,andrewacuff@gmail.com,9126604939,Type 2: Non-Owner-Occupied STVR Certificate,2,,6,SAVANNAH DOWNTOWN HISTORIC DISTRICT,2003214013,125 E JONES ST,A,,SAVANNAH,GA,31401,"125 E JONES ST UNIT A, SAVANNAH, GA 31401",125 E JONES ST,125 E JONES ST UNIT A,Normalized,
124 EAST LIBERTY ST  SAVANNAH GA 31401,D,SVR-00599,2027-02-19,2001530008,Lucky Savannah Vacation Rentals,owners@luckysavannah.com,9124958582,Type 2: Non-Owner-Occupied STVR Certificate,1,,4,SAVANNAH DOWNTOWN HISTORIC DISTRICT,2001530008,124 E LIBERTY ST,D,,SAVANNAH,GA,31401,"124 E LIBERTY ST UNIT D, SAVANNAH, GA 31401",124 E LIBERTY ST,124 E LIBERTY ST UNIT D,Normalized,
124 EAST LIBERTY ST SAVANNAH GA 31401,E,SVR-00600,2027-06-01,2001530008,Lucky Savannah Vacation Rentals,owners@luckysavannah.com,9124958582,Type 2: Non-Owner-Occupied STVR Certificate,1,,4,SAVANNAH DOWNTOWN HISTORIC DISTRICT,2001530008,124 E LIBERTY ST,E,,SAVANNAH,GA,31401,"124 E LIBERTY ST UNIT E, SAVANNAH, GA 31401",124 E LIBERTY ST,124 E LIBERTY ST UNIT E,Normalized,
901  WHITAKER ST  SAVANNAH GA 31401,1,SVR-00604,2027-08-26,2004419001C,Lucky Savannah Vacation Rentals,owners@luckysavannah.com,9124958582,Type 2: Non-Owner-Occupied STVR Certificate,1,,4,VICTORIAN HISTORIC DISTRICT,2004419001C,901 WHITAKER ST,1,,SAVANNAH,GA,31401,"901 WHITAKER ST UNIT 1, SAVANNAH, GA 31401",901 WHITAKER ST,901 WHITAKER ST UNIT 1,Normalized,
901  WHITAKER ST  SAVANNAH GA 31401,2,SVR-00605,2027-08-26,2004419001C,Lucky Savannah Vacation Rentals,owners@luckysavannah.com,9124958582,Type 2: Non-Owner-Occupied STVR Certificate,1,,4,VICTORIAN HISTORIC DISTRICT,2004419001C,901 WHITAKER ST,2,,SAVANNAH,GA,31401,"901 WHITAKER ST UNIT 2, SAVANNAH, GA 31401",901 WHITAKER ST,901 WHITAKER ST UNIT 2,Normalized,
539 EAST MACON ST  SAVANNAH GA 31401,,SVR-00006,2027-07-06,2001418047,Lucky Savannah Vacation Rentals,owners@luckysavannah.com,9124958582,Type 2: Non-Owner-Occupied STVR Certificate,2,2,6,SAVANNAH DOWNTOWN HISTORIC DISTRICT,2001418047,539 E MACON ST,,,SAVANNAH,GA,31401,"539 E MACON ST, SAVANNAH, GA 31401",539 E MACON ST,539 E MACON ST,Normalized,
901  WHITAKER ST  SAVANNAH GA 31401,3,SVR-00606,2027-08-26,2004419001C,Lucky Savannah Vacation Rentals,owners@luckysavannah.com,9124958582,Type 2: Non-Owner-Occupied STVR Certificate,1,,4,VICTORIAN HISTORIC DISTRICT,2004419001C,901 WHITAKER ST,3,,SAVANNAH,GA,31401,"901 WHITAKER ST UNIT 3, SAVANNAH, GA 31401",901 WHITAKER ST,901 WHITAKER ST UNIT 3,Normalized,
903  WHITAKER ST  SAVANNAH GA 31401,1,SVR-00607,2027-08-26,2004419001B,Lucky Savannah Vacation Rentals,owners@luckysavannah.com,9124958582,Type 2: Non-Owner-Occupied STVR Certificate,1,,4,VICTORIAN HISTORIC DISTRICT,2004419001B,903 WHITAKER ST,1,,SAVANNAH,GA,31401,"903 WHITAKER ST UNIT 1, SAVANNAH, GA 31401",903 WHITAKER ST,903 WHITAKER ST UNIT 1,Normalized,
903  WHITAKER ST  SAVANNAH GA 31401,2,SVR-00608,2027-08-26,2004419001B,Lucky Savannah Vacation Rentals,owners@luckysavannah.com,9124958582,Type 2: Non-Owner-Occupied STVR Certificate,1,,4,VICTORIAN HISTORIC DISTRICT,2004419001B,903 WHITAKER ST,2,,SAVANNAH,GA,31401,"903 WHITAKER ST UNIT 2, SAVANNAH, GA 31401",903 WHITAKER ST,903 WHITAKER ST UNIT 2,Normalized,
903  WHITAKER ST  SAVANNAH GA 31401,3,SVR-00609,2027-08-26,2004419001B,Lucky Savannah Vacation Rentals,owners@luckysavannah.com,9124958582,Type 2: Non-Owner-Occupied STVR Certificate,1,,4,VICTORIAN HISTORIC DISTRICT,2004419001B,903 WHITAKER ST,3,,SAVANNAH,GA,31401,"903 WHITAKER ST UNIT 3, SAVANNAH, GA 31401",903 WHITAKER ST,903 WHITAKER ST UNIT 3,Normalized,
905  WHITAKER ST  SAVANNAH GA 31401,1,SVR-00610,2027-08-26,2004419001A,Lucky Savannah Vacation Rentals,owners@luckysavannah.com,9124958582,Type 2: Non-Owner-Occupied STVR Certificate,1,,4,VICTORIAN HISTORIC DISTRICT,2004419001A,905 WHITAKER ST,1,,SAVANNAH,GA,31401,"905 WHITAKER ST UNIT 1, SAVANNAH, GA 31401",905 WHITAKER ST,905 WHITAKER ST UNIT 1,Normalized,
905  WHITAKER ST  SAVANNAH GA 31401,2,SVR-00611,2027-08-26,2004419001A,Lucky Savannah Vacation Rentals,owners@luckysavannah.com,9124958582,Type 2: Non-Owner-Occupied STVR Certificate,1,,4,VICTORIAN HISTORIC DISTRICT,2004419001A,905 WHITAKER ST,2,,SAVANNAH,GA,31401,"905 WHITAKER ST UNIT 2, SAVANNAH, GA 31401",905 WHITAKER ST,905 WHITAKER ST UNIT 2,Normalized,
905  WHITAKER ST  SAVANNAH GA 31401,3,SVR-00612,2027-08-26,2004419001A,Lucky Savannah Vacation Rentals,owners@luckysavannah.com,9124958582,Type 2: Non-Owner-Occupied STVR Certificate,1,,4,VICTORIAN HISTORIC DISTRICT,2004419001A,905 WHITAKER ST,3,,SAVANNAH,GA,31401,"905 WHITAKER ST UNIT 3, SAVANNAH, GA 31401",905 WHITAKER ST,905 WHITAKER ST UNIT 3,Normalized,
201 WEST LIBERTY ST  SAVANNAH GA 31401,301,SVR-00613,2027-06-14,2003116019,Lucky Savannah Vacation Rentals,owners@luckysavannah.com,9124958582,Type 2: Non-Owner-Occupied STVR Certificate,1,1,4,SAVANNAH DOWNTOWN HISTORIC DISTRICT,2003116019,201 W LIBERTY ST,301,,SAVANNAH,GA,31401,"201 W LIBERTY ST UNIT 301, SAVANNAH, GA 31401",201 W LIBERTY ST,201 W LIBERTY ST UNIT 301,Normalized,
301 EAST CHARLTON ST  SAVANNAH GA 31401,A,SVR-00620,2027-06-05,2003209001,Lucky Savannah Vacation Rentals,owners@luckysavannah.com,9124958582,Type 2: Non-Owner-Occupied STVR Certificate,2,,6,SAVANNAH DOWNTOWN HISTORIC DISTRICT,2003209001,301 E CHARLTON ST,A,,SAVANNAH,GA,31401,"301 E CHARLTON ST UNIT A, SAVANNAH, GA 31401",301 E CHARLTON ST,301 E CHARLTON ST UNIT A,Normalized,
331  TATTNALL ST  SAVANNAH GA 31401,Main House,SVR-00621,2027-01-16,2003121003,Southern Belle Vacation Rentals,stvr@southernbellevr.com,9122890130,Type 2: Non-Owner-Occupied STVR Certificate,2,2,6,SAVANNAH DOWNTOWN HISTORIC DISTRICT,2003121003,331 TATTNALL ST,MAIN HOUSE,,SAVANNAH,GA,31401,"331 TATTNALL ST UNIT MAIN HOUSE, SAVANNAH, GA 31401",331 TATTNALL ST,331 TATTNALL ST UNIT MAIN HOUSE,Normalized,
21 EAST GORDON ST  SAVANNAH GA 31401,B,SVR-00624,2027-02-22,2003244016,Nicole Elliott,nicole.elliott@greyspaces.com,8186490340,Type 2: Non-Owner-Occupied STVR Certificate,2,,6,SAVANNAH DOWNTOWN HISTORIC DISTRICT,2003244016,21 E GORDON ST,B,,SAVANNAH,GA,31401,"21 E GORDON ST UNIT B, SAVANNAH, GA 31401",21 E GORDON ST,21 E GORDON ST UNIT B,Normalized,
220 EAST BOLTON ST  SAVANNAH GA 31401,A,SVR-00625,2027-07-24,2004414015,Christen Clougherty,christenandgerome@gmail.com,9122204652,Type 2: Non-Owner-Occupied STVR Certificate,2,1,6,VICTORIAN HISTORIC DISTRICT,2004414015,220 E BOLTON ST,A,,SAVANNAH,GA,31401,"220 E BOLTON ST UNIT A, SAVANNAH, GA 31401",220 E BOLTON ST,220 E BOLTON ST UNIT A,Normalized,
521  HOWARD ST  SAVANNAH GA 31401,,SVR-00064,2027-03-28,2003254012,Lucky Savannah Vacation Rentals,owners@luckysavannah.com,9124958582,Type 2: Non-Owner-Occupied STVR Certificate,2,,4,SAVANNAH DOWNTOWN HISTORIC DISTRICT,2003254012,521 HOWARD ST,,,SAVANNAH,GA,31401,"521 HOWARD ST, SAVANNAH, GA 31401",521 HOWARD ST,521 HOWARD ST,Normalized,
224 EAST BOLTON ST  SAVANNAH GA 31401,A,SVR-00627,2027-07-24,2004414015,Christen Clougherty,christenandgerome@gmail.com,9122204652,Type 2: Non-Owner-Occupied STVR Certificate,2,1,6,VICTORIAN HISTORIC DISTRICT,2004414015,224 E BOLTON ST,A,,SAVANNAH,GA,31401,"224 E BOLTON ST UNIT A, SAVANNAH, GA 31401",224 E BOLTON ST,224 E BOLTON ST UNIT A,Normalized,
538 EAST CHARLTON ST  SAVANNAH GA 31401,,SVR-00629,2027-06-13,2001418036,Janet Wagner,jwmgmt912@gmail.com,9125705070,Type 2: Non-Owner-Occupied STVR Certificate,2,,6,SAVANNAH DOWNTOWN HISTORIC DISTRICT,2001418036,538 E CHARLTON ST,,,SAVANNAH,GA,31401,"538 E CHARLTON ST, SAVANNAH, GA 31401",538 E CHARLTON ST,538 E CHARLTON ST,Normalized,
102 EAST 35TH ST  SAVANNAH GA 31401,3,SVR-00632,2027-02-04,2006501012,SOUTHERN BELLE VACATION RENTALS,stvr@southernbellevr.com,9122890130,Type 2: Non-Owner-Occupied STVR Certificate,1,1,4,STREETCAR HISTORIC DISTRICT,2006501012,102 E 35TH ST,3,,SAVANNAH,GA,31401,"102 E 35TH ST UNIT 3, SAVANNAH, GA 31401",102 E 35TH ST,102 E 35TH ST UNIT 3,Normalized,
102 EAST 35TH ST  SAVANNAH GA 31401,1B,SVR-00633,2027-02-04,2006501012,SOUTHERN BELLE VACATION RENTALS,stvr@southernbellevr.com,9122890130,Type 2: Non-Owner-Occupied STVR Certificate,1,1,4,STREETCAR HISTORIC DISTRICT,2006501012,102 E 35TH ST,1B,,SAVANNAH,GA,31401,"102 E 35TH ST UNIT 1B, SAVANNAH, GA 31401",102 E 35TH ST,102 E 35TH ST UNIT 1B,Normalized,
542 EAST ST JULIAN ST  SAVANNAH GA 31401,,SVR-00635,2026-12-18,2000511002,Demple Orr,kjoltki@yahoo.com,9124840164,Type 2: Non-Owner-Occupied STVR Certificate,4,1,10,SAVANNAH DOWNTOWN HISTORIC DISTRICT,2000511002,542 E ST JULIAN ST,,,SAVANNAH,GA,31401,"542 E ST JULIAN ST, SAVANNAH, GA 31401",542 E ST JULIAN ST,542 E ST JULIAN ST,Normalized,
114 EAST GASTON ST  SAVANNAH GA 31401,A,SVR-00638,2027-02-12,2003245011,Zuzalley Enterprises LLC,zuzalley@gmail.com,9122201451,Type 2: Non-Owner-Occupied STVR Certificate,1,,4,SAVANNAH DOWNTOWN HISTORIC DISTRICT,2003245011,114 E GASTON ST,A,,SAVANNAH,GA,31401,"114 E GASTON ST UNIT A, SAVANNAH, GA 31401",114 E GASTON ST,114 E GASTON ST UNIT A,Normalized,
115 EAST PARK AVE  SAVANNAH GA 31401,A,SVR-00643,2026-12-20,2004433032,Mark Tiberio,marktiberio512@gmail.com,7049070106,Type 2: Non-Owner-Occupied STVR Certificate,2,2,6,VICTORIAN HISTORIC DISTRICT,2004433032,115 E PARK AVE,A,,SAVANNAH,GA,31401,"115 E PARK AVE UNIT A, SAVANNAH, GA 31401",115 E PARK AVE,115 E PARK AVE UNIT A,Normalized,
21 EAST GORDON ST  SAVANNAH GA 31401,C,SVR-00644,2027-02-25,2003244017,Nicole Elliott,nicole.elliott@greyspaces.com,8186490340,Type 2: Non-Owner-Occupied STVR Certificate,2,,4,SAVANNAH DOWNTOWN HISTORIC DISTRICT,2003244017,21 E GORDON ST,C,,SAVANNAH,GA,31401,"21 E GORDON ST UNIT C, SAVANNAH, GA 31401",21 E GORDON ST,21 E GORDON ST UNIT C,Normalized,
21 EAST GORDON ST  SAVANNAH GA 31401,A,SVR-00645,2027-02-25,2003244015,Nicole Elliott,nicole.elliott@greyspaces.com,8186490340,Type 2: Non-Owner-Occupied STVR Certificate,2,,6,SAVANNAH DOWNTOWN HISTORIC DISTRICT,2003244015,21 E GORDON ST,A,,SAVANNAH,GA,31401,"21 E GORDON ST UNIT A, SAVANNAH, GA 31401",21 E GORDON ST,21 E GORDON ST UNIT A,Normalized,
520 EAST GASTON ST  SAVANNAH GA 31401,,SVR-00646,2027-03-11,2003303043,Lucky Savannah Vacation Rentals,owners@luckysavannah.com,9124958582,Type 2: Non-Owner-Occupied STVR Certificate,4,2,8,SAVANNAH DOWNTOWN HISTORIC DISTRICT,2003303043,520 E GASTON ST,,,SAVANNAH,GA,31401,"520 E GASTON ST, SAVANNAH, GA 31401",520 E GASTON ST,520 E GASTON ST,Normalized,
507 EAST CONGRESS ST  SAVANNAH GA 31401,,SVR-00649,2027-03-04,2000514022,Southern Belle Vacation Rentals,stvr@southernbellevr.com,9122890130,Type 2: Non-Owner-Occupied STVR Certificate,4,2,10,SAVANNAH DOWNTOWN HISTORIC DISTRICT,2000514022,507 E CONGRESS ST,,,SAVANNAH,GA,31401,"507 E CONGRESS ST, SAVANNAH, GA 31401",507 E CONGRESS ST,507 E CONGRESS ST,Normalized,
101 EAST GASTON ST  SAVANNAH GA 31401,5-B,SVR-00651,2026-11-20,2003260015,Beth McIlrath,rech4@icloud.com,9126583790,Type 2: Non-Owner-Occupied STVR Certificate,1,2,4,SAVANNAH DOWNTOWN HISTORIC DISTRICT,2003260015,101 E GASTON ST,5-B,,SAVANNAH,GA,31401,"101 E GASTON ST UNIT 5-B, SAVANNAH, GA 31401",101 E GASTON ST,101 E GASTON ST UNIT 5-B,Normalized,
212 WEST BAY ST  SAVANNAH GA 31401,5,SVR-00652,2026-12-20,2000309019,Lucky Savannah Vacation Rentals,owners@luckysavannah.com,9124958582,Type 2: Non-Owner-Occupied STVR Certificate,2,2,6,SAVANNAH DOWNTOWN HISTORIC DISTRICT,2000309019,212 W BAY ST,5,,SAVANNAH,GA,31401,"212 W BAY ST UNIT 5, SAVANNAH, GA 31401",212 W BAY ST,212 W BAY ST UNIT 5,Normalized,
303 WEST GWINNETT ST  SAVANNAH GA 31401,B,SVR-00653,2027-02-12,2005202006,Peter & Kristen Galloway,petersgalloway@gmail.com,3123109300,Type 2: Non-Owner-Occupied STVR Certificate,1,1,4,VICTORIAN HISTORIC DISTRICT,2005202006,303 W GWINNETT ST,B,,SAVANNAH,GA,31401,"303 W GWINNETT ST UNIT B, SAVANNAH, GA 31401",303 W GWINNETT ST,303 W GWINNETT ST UNIT B,Normalized,
303 WEST GWINNETT ST  SAVANNAH GA 31401,C,SVR-00654,2027-02-12,2005202006,Peter & Kristen Galloway,petersgalloway@gmail.com,3123109300,Type 2: Non-Owner-Occupied STVR Certificate,1,1,4,VICTORIAN HISTORIC DISTRICT,2005202006,303 W GWINNETT ST,C,,SAVANNAH,GA,31401,"303 W GWINNETT ST UNIT C, SAVANNAH, GA 31401",303 W GWINNETT ST,303 W GWINNETT ST UNIT C,Normalized,
303 WEST GWINNETT ST  SAVANNAH GA 31401,D,SVR-00655,2027-02-12,2005202006,Peter & Kristen Galloway,petersgalloway@gmail.com,3123109300,Type 2: Non-Owner-Occupied STVR Certificate,1,1,4,VICTORIAN HISTORIC DISTRICT,2005202006,303 W GWINNETT ST,D,,SAVANNAH,GA,31401,"303 W GWINNETT ST UNIT D, SAVANNAH, GA 31401",303 W GWINNETT ST,303 W GWINNETT ST UNIT D,Normalized,
415 EAST GORDON ST  SAVANNAH GA 31401,,SVR-00656,2026-12-20,2003248007,Ryan Smith,rsmitheit17@outlook.com,9122100165,Type 2: Non-Owner-Occupied STVR Certificate,3,,8,SAVANNAH DOWNTOWN HISTORIC DISTRICT,2003248007,415 E GORDON ST,,,SAVANNAH,GA,31401,"415 E GORDON ST, SAVANNAH, GA 31401",415 E GORDON ST,415 E GORDON ST,Normalized,
313 WEST WALDBURG ST  SAVANNAH GA 31401,B,SVR-00657,2027-01-30,2005214017,SEANA CORONA,corona.seana01@gmail.com,6502085777,Type 2: Non-Owner-Occupied STVR Certificate,1,,4,VICTORIAN HISTORIC DISTRICT,2005214017,313 W WALDBURG ST,B,,SAVANNAH,GA,31401,"313 W WALDBURG ST UNIT B, SAVANNAH, GA 31401",313 W WALDBURG ST,313 W WALDBURG ST UNIT B,Normalized,
313 WEST WALDBURG ST  SAVANNAH GA 31401,A,SVR-00658,2027-01-30,2005214017,SEANA CORONA,corona.seana01@gmail.com,6502085777,Type 2: Non-Owner-Occupied STVR Certificate,3,1,8,VICTORIAN HISTORIC DISTRICT,2005214017,313 W WALDBURG ST,A,,SAVANNAH,GA,31401,"313 W WALDBURG ST UNIT A, SAVANNAH, GA 31401",313 W WALDBURG ST,313 W WALDBURG ST UNIT A,Normalized,
202 WEST BROUGHTON ST  SAVANNAH GA 31401,200,SVR-00661,2027-02-04,2001614200,JW Management of Savannah LLC,jwmgmt912@gmail.com,9125705070,Type 2: Non-Owner-Occupied STVR Certificate,1,,4,SAVANNAH DOWNTOWN HISTORIC DISTRICT,2001614200,202 W BROUGHTON ST,200,,SAVANNAH,GA,31401,"202 W BROUGHTON ST UNIT 200, SAVANNAH, GA 31401",202 W BROUGHTON ST,202 W BROUGHTON ST UNIT 200,Normalized,
540 EAST TAYLOR ST  SAVANNAH GA 31401,B,SVR-00068,2027-04-16,2003301023,Vacasa LLC,permitting@vacasa.com,5033459399,Type 2: Non-Owner-Occupied STVR Certificate,2,2,6,SAVANNAH DOWNTOWN HISTORIC DISTRICT,2003301023,540 E TAYLOR ST,B,,SAVANNAH,GA,31401,"540 E TAYLOR ST UNIT B, SAVANNAH, GA 31401",540 E TAYLOR ST,540 E TAYLOR ST UNIT B,Normalized,
113 EAST GWINNETT ST  SAVANNAH GA 31401,1,SVR-00671,2027-02-12,2004413013,Scott Griffin,griffin.scott@gmail.com,3042684777,Type 2: Non-Owner-Occupied STVR Certificate,2,1,6,VICTORIAN HISTORIC DISTRICT,2004413013,113 E GWINNETT ST,1,,SAVANNAH,GA,31401,"113 E GWINNETT ST UNIT 1, SAVANNAH, GA 31401",113 E GWINNETT ST,113 E GWINNETT ST UNIT 1,Normalized,
113 EAST GWINNETT ST  SAVANNAH GA 31401,2,SVR-00672,2027-02-12,2004413013,Scott Griffin,griffin.scott@gmail.com,3042684777,Type 2: Non-Owner-Occupied STVR Certificate,1,1,4,VICTORIAN HISTORIC DISTRICT,2004413013,113 E GWINNETT ST,2,,SAVANNAH,GA,31401,"113 E GWINNETT ST UNIT 2, SAVANNAH, GA 31401",113 E GWINNETT ST,113 E GWINNETT ST UNIT 2,Normalized,
113 EAST GWINNETT ST  SAVANNAH GA 31401,3,SVR-00673,2027-02-12,2004413013,Scott Griffin,griffin.scott@gmail.com,3042684777,Type 2: Non-Owner-Occupied STVR Certificate,1,1,4,VICTORIAN HISTORIC DISTRICT,2004413013,113 E GWINNETT ST,3,,SAVANNAH,GA,31401,"113 E GWINNETT ST UNIT 3, SAVANNAH, GA 31401",113 E GWINNETT ST,113 E GWINNETT ST UNIT 3,Normalized,
540 EAST TAYLOR ST  SAVANNAH GA 31401,A,SVR-00069,2027-04-16,2003301023,Vacasa LLC,permitting@vacasa.com,5033459399,Type 2: Non-Owner-Occupied STVR Certificate,2,2,6,SAVANNAH DOWNTOWN HISTORIC DISTRICT,2003301023,540 E TAYLOR ST,A,,SAVANNAH,GA,31401,"540 E TAYLOR ST UNIT A, SAVANNAH, GA 31401",540 E TAYLOR ST,540 E TAYLOR ST UNIT A,Normalized,
116 WEST LIBERTY ST  SAVANNAH GA 31401,C,SVR-00676,2027-08-16,2001527024,Lucky Savannah Vacation Rentals,owners@luckysavannah.com,9124958582,Type 2: Non-Owner-Occupied STVR Certificate,2,2,6,SAVANNAH DOWNTOWN HISTORIC DISTRICT,2001527024,116 W LIBERTY ST,C,,SAVANNAH,GA,31401,"116 W LIBERTY ST UNIT C, SAVANNAH, GA 31401",116 W LIBERTY ST,116 W LIBERTY ST UNIT C,Normalized,
301 EAST PARK AVE  SAVANNAH GA 31401,,SVR-00690,2027-04-08,2005302014,Chase Stahl d/b/a South Key Management Company,chase@southkeymgmt.com,9128001321,Type 2: Non-Owner-Occupied STVR Certificate,2,,4,VICTORIAN HISTORIC DISTRICT,2005302014,301 E PARK AVE,,,SAVANNAH,GA,31401,"301 E PARK AVE, SAVANNAH, GA 31401",301 E PARK AVE,301 E PARK AVE,Normalized,
206 WEST GWINNETT ST  SAVANNAH GA 31401,,SVR-00694,2027-04-09,2004531008,Chase Stahl d/b/a South Key Management Company,chase@southkeymgmt.com,9128001321,Type 2: Non-Owner-Occupied STVR Certificate,3,1,8,SAVANNAH DOWNTOWN HISTORIC DISTRICT,2004531008,206 W GWINNETT ST,,,SAVANNAH,GA,31401,"206 W GWINNETT ST, SAVANNAH, GA 31401",206 W GWINNETT ST,206 W GWINNETT ST,Normalized,
208 WEST GWINNETT ST  SAVANNAH GA 31401,,SVR-00695,2027-04-09,2004531008,Chase Stahl d/b/a South Key Management Company,chase@southkeymgmt.com,9128001321,Type 2: Non-Owner-Occupied STVR Certificate,3,1,8,SAVANNAH DOWNTOWN HISTORIC DISTRICT,2004531008,208 W GWINNETT ST,,,SAVANNAH,GA,31401,"208 W GWINNETT ST, SAVANNAH, GA 31401",208 W GWINNETT ST,208 W GWINNETT ST,Normalized,
121 WEST WALDBURG ST  SAVANNAH GA 31401,,SVR-00696,2026-12-17,2004424006,Michael Lastfogel,forsythpark@icloud.com,9125085890,Type 2: Non-Owner-Occupied STVR Certificate,3,,8,VICTORIAN HISTORIC DISTRICT,2004424006,121 W WALDBURG ST,,,SAVANNAH,GA,31401,"121 W WALDBURG ST, SAVANNAH, GA 31401",121 W WALDBURG ST,121 W WALDBURG ST,Normalized,
123 WEST WALDBURG ST  SAVANNAH GA 31401,,SVR-00697,2026-12-17,2004424006,Michael Lastfogel,forsythpark@icloud.com,9125085890,Type 2: Non-Owner-Occupied STVR Certificate,3,,8,VICTORIAN HISTORIC DISTRICT,2004424006,123 W WALDBURG ST,,,SAVANNAH,GA,31401,"123 W WALDBURG ST, SAVANNAH, GA 31401",123 W WALDBURG ST,123 W WALDBURG ST,Normalized,
2500  LARKIN AVE  SAVANNAH GA 31404,,SVR-00698,2027-03-13,2005910001,Margaret Emily Jones,mejones721@gmail.com,9128442321,Type 2: Non-Owner-Occupied STVR Certificate,2,1,6,EmptyFieldDisplayStrategy.HIDE,2005910001,2500 LARKIN AVE,,,SAVANNAH,GA,31404,"2500 LARKIN AVE, SAVANNAH, GA 31404",2500 LARKIN AVE,2500 LARKIN AVE,Normalized,
224 EAST DUFFY ST  SAVANNAH GA 31401,A,SVR-00700,2027-02-25,2004434004,THOMAS OXNARD,toxnard@gmail.com,9126564228,Type 2: Non-Owner-Occupied STVR Certificate,1,,4,VICTORIAN HISTORIC DISTRICT,2004434004,224 E DUFFY ST,A,,SAVANNAH,GA,31401,"224 E DUFFY ST UNIT A, SAVANNAH, GA 31401",224 E DUFFY ST,224 E DUFFY ST UNIT A,Normalized,
205 EAST HENRY ST  SAVANNAH GA 31401,,SVR-00701,2027-02-25,2005311021,Prodigal Properties,prodigalproperties@yahoo.com,9122242548,Type 2: Non-Owner-Occupied STVR Certificate,4,3,10,VICTORIAN HISTORIC DISTRICT,2005311021,205 E HENRY ST,,,SAVANNAH,GA,31401,"205 E HENRY ST, SAVANNAH, GA 31401",205 E HENRY ST,205 E HENRY ST,Normalized,
538 EAST GASTON ST  SAVANNAH GA 31401,,SVR-00702,2027-03-29,2003303046,DONNA GALLAGHER,nubian7979@yahoo.com,9122477420,Type 2: Non-Owner-Occupied STVR Certificate,3,2,8,SAVANNAH DOWNTOWN HISTORIC DISTRICT,2003303046,538 E GASTON ST,,,SAVANNAH,GA,31401,"538 E GASTON ST, SAVANNAH, GA 31401",538 E GASTON ST,538 E GASTON ST,Normalized,
15 EAST HARRIS ST  SAVANNAH GA 31401,,SVR-00703,2027-02-12,2001541001,Southern Belle Vacation Rentals,stvr@southernbellevr.com,9122890130,Type 2: Non-Owner-Occupied STVR Certificate,1,,4,SAVANNAH DOWNTOWN HISTORIC DISTRICT,2001541001,15 E HARRIS ST,,,SAVANNAH,GA,31401,"15 E HARRIS ST, SAVANNAH, GA 31401",15 E HARRIS ST,15 E HARRIS ST,Normalized,
217  ABERCORN ST  SAVANNAH GA 31401,A-1,SVR-00704,2026-10-30,2001515001A,Rendezvous Property Management LLC,info@rpropmgt.com,9125251160,Type 2: Non-Owner-Occupied STVR Certificate,1,,4,SAVANNAH DOWNTOWN HISTORIC DISTRICT,2001515001A,217 ABERCORN ST,A-1,,SAVANNAH,GA,31401,"217 ABERCORN ST UNIT A-1, SAVANNAH, GA 31401",217 ABERCORN ST,217 ABERCORN ST UNIT A-1,Normalized,
116 WEST LIBERTY ST  SAVANNAH GA 31401,D,SVR-00705,2027-06-05,2001527025,Lucky Savannah Vacation Rentals,owners@luckysavannah.com,9124958582,Type 2: Non-Owner-Occupied STVR Certificate,2,2,6,SAVANNAH DOWNTOWN HISTORIC DISTRICT,2001527025,116 W LIBERTY ST,D,,SAVANNAH,GA,31401,"116 W LIBERTY ST UNIT D, SAVANNAH, GA 31401",116 W LIBERTY ST,116 W LIBERTY ST UNIT D,Normalized,
48 EAST BROAD ST  SAVANNAH GA 31401,,SVR-00707,2027-01-09,2000506016,Charles Owens,charlesowens123@att.net,2293228290,Type 2: Non-Owner-Occupied STVR Certificate,2,,4,SAVANNAH DOWNTOWN HISTORIC DISTRICT,2000506016,48 E BROAD ST,,,SAVANNAH,GA,31401,"48 E BROAD ST, SAVANNAH, GA 31401",48 E BROAD ST,48 E BROAD ST,Normalized,
50 EAST BROAD ST  SAVANNAH GA 31401,12,SVR-00708,2027-04-03,2000506019,GINA STONE d/b/a STAY SAVANNAH VACATION RENTALS,staysavannah@bellsouth.net,8889190008,Type 2: Non-Owner-Occupied STVR Certificate,1,1,4,SAVANNAH DOWNTOWN HISTORIC DISTRICT,2000506019,50 E BROAD ST,12,,SAVANNAH,GA,31401,"50 E BROAD ST UNIT 12, SAVANNAH, GA 31401",50 E BROAD ST,50 E BROAD ST UNIT 12,Normalized,
64 EAST BROAD ST  SAVANNAH GA 31401,1,SVR-00709,2027-03-04,2000506021,GINA STONE d/b/a STAY SAVANNAH VACATION RENTALS,staysavannah@bellsouth.net,8889190008,Type 2: Non-Owner-Occupied STVR Certificate,2,1,4,SAVANNAH DOWNTOWN HISTORIC DISTRICT,2000506021,64 E BROAD ST,1,,SAVANNAH,GA,31401,"64 E BROAD ST UNIT 1, SAVANNAH, GA 31401",64 E BROAD ST,64 E BROAD ST UNIT 1,Normalized,
422  PRICE ST  SAVANNAH GA 31401,,SVR-00711,2027-03-26,2003302030,South Key Management Company,chase@southkeymgmt.com,9128001321,Type 2: Non-Owner-Occupied STVR Certificate,2,,4,SAVANNAH DOWNTOWN HISTORIC DISTRICT,2003302030,422 PRICE ST,,,SAVANNAH,GA,31401,"422 PRICE ST, SAVANNAH, GA 31401",422 PRICE ST,422 PRICE ST,Normalized,
535 EAST LIBERTY LN  SAVANNAH GA 31401,,SVR-00713,2027-05-14,2001413017,Cora Bett Thomas Rentals and Management,stvr@cbtrentals.com,9125036652,Type 2: Non-Owner-Occupied STVR Certificate,1,,4,SAVANNAH DOWNTOWN HISTORIC DISTRICT,2001413017,535 E LIBERTY LN,,,SAVANNAH,GA,31401,"535 E LIBERTY LN, SAVANNAH, GA 31401",535 E LIBERTY LN,535 E LIBERTY LN,Normalized,
107 EAST PARK AVE  SAVANNAH GA 31401,3,SVR-00716,2027-04-17,2004433015,24square Inc,24squaresavannah@gmail.com,9787667088,Type 2: Non-Owner-Occupied STVR Certificate,1,1,4,VICTORIAN HISTORIC DISTRICT,2004433015,107 E PARK AVE,3,,SAVANNAH,GA,31401,"107 E PARK AVE UNIT 3, SAVANNAH, GA 31401",107 E PARK AVE,107 E PARK AVE UNIT 3,Normalized,
214 EAST GWINNETT LN  SAVANNAH GA 31401,A,SVR-00719,2026-10-09,2004414011,Linda Cave,lindaocave@gmail.com,7407743422,Type 2: Non-Owner-Occupied STVR Certificate,2,1,4,VICTORIAN HISTORIC DISTRICT,2004414011,214 E GWINNETT LN,A,,SAVANNAH,GA,31401,"214 E GWINNETT LN UNIT A, SAVANNAH, GA 31401",214 E GWINNETT LN,214 E GWINNETT LN UNIT A,Normalized,
214 EAST GWINNETT LN  SAVANNAH GA 31401,B,SVR-00720,2026-10-09,2004414011,JAMES & LINDA O CAVE,lindaocave@gmail.com,7407038024,Type 2: Non-Owner-Occupied STVR Certificate,1,1,4,VICTORIAN HISTORIC DISTRICT,2004414011,214 E GWINNETT LN,B,,SAVANNAH,GA,31401,"214 E GWINNETT LN UNIT B, SAVANNAH, GA 31401",214 E GWINNETT LN,214 E GWINNETT LN UNIT B,Normalized,
417  WHITAKER ST  SAVANNAH GA 31401,,SVR-00722,2026-10-29,2003217028,Lucky Savannah Vacation Rentals,owners@luckysavannah.com,9124958582,Type 2: Non-Owner-Occupied STVR Certificate,2,,4,SAVANNAH DOWNTOWN HISTORIC DISTRICT,2003217028,417 WHITAKER ST,,,SAVANNAH,GA,31401,"417 WHITAKER ST, SAVANNAH, GA 31401",417 WHITAKER ST,417 WHITAKER ST,Normalized,
28  HOUSTON ST  SAVANNAH GA 31401,,SVR-00723,2026-10-29,2000513005A,Lucky Savannah Vacation Rentals,owners@luckysavannah.com,9124958582,Type 2: Non-Owner-Occupied STVR Certificate,3,,6,SAVANNAH DOWNTOWN HISTORIC DISTRICT,2000513005A,28 HOUSTON ST,,,SAVANNAH,GA,31401,"28 HOUSTON ST, SAVANNAH, GA 31401",28 HOUSTON ST,28 HOUSTON ST,Normalized,
716   PRICE ST  SAVANNAH GA 31401,,SVR-00724,2027-02-25,2004302052,Anderson VIP Concierge LLC,mary@savannahluxuryrentals.com,9125252022,Type 2: Non-Owner-Occupied STVR Certificate,3,1,8,SAVANNAH DOWNTOWN HISTORIC DISTRICT,2004302052,716 PRICE ST,,,SAVANNAH,GA,31401,"716 PRICE ST, SAVANNAH, GA 31401",716 PRICE ST,716 PRICE ST,Normalized,
536 EAST GWINNETT ST  SAVANNAH GA 31401,A,SVR-00074,2027-03-26,2004302005,Tom Houston,mp@pharealty.com,4192963800,Type 2: Non-Owner-Occupied STVR Certificate,3,,8,SAVANNAH DOWNTOWN HISTORIC DISTRICT,2004302005,536 E GWINNETT ST,A,,SAVANNAH,GA,31401,"536 E GWINNETT ST UNIT A, SAVANNAH, GA 31401",536 E GWINNETT ST,536 E GWINNETT ST UNIT A,Normalized,
5 WEST BROUGHTON ST  SAVANNAH GA 31401,402,SVR-00728,2027-07-23,2000444037,Zachary Tombley,operations@stayblackswan.com,6155517255,Type 2: Non-Owner-Occupied STVR Certificate,2,,6,SAVANNAH DOWNTOWN HISTORIC DISTRICT,2000444037,5 W BROUGHTON ST,402,,SAVANNAH,GA,31401,"5 W BROUGHTON ST UNIT 402, SAVANNAH, GA 31401",5 W BROUGHTON ST,5 W BROUGHTON ST UNIT 402,Normalized,
5 WEST BROUGHTON ST  SAVANNAH GA 31401,308,SVR-00729,2027-07-23,2000444035,Zachary Tombley,operations@stayblackswan.com,6155517255,Type 2: Non-Owner-Occupied STVR Certificate,3,,8,SAVANNAH DOWNTOWN HISTORIC DISTRICT,2000444035,5 W BROUGHTON ST,308,,SAVANNAH,GA,31401,"5 W BROUGHTON ST UNIT 308, SAVANNAH, GA 31401",5 W BROUGHTON ST,5 W BROUGHTON ST UNIT 308,Normalized,
5 WEST BROUGHTON ST  SAVANNAH GA 31401,307,SVR-00730,2027-07-23,2000444034,Zachary Tombley,operations@stayblackswan.com,6155517255,Type 2: Non-Owner-Occupied STVR Certificate,3,,8,SAVANNAH DOWNTOWN HISTORIC DISTRICT,2000444034,5 W BROUGHTON ST,307,,SAVANNAH,GA,31401,"5 W BROUGHTON ST UNIT 307, SAVANNAH, GA 31401",5 W BROUGHTON ST,5 W BROUGHTON ST UNIT 307,Normalized,
5 WEST BROUGHTON ST  SAVANNAH GA 31401,306,SVR-00731,2027-07-23,2000444033,Zachary Tombley,operations@stayblackswan.com,6155517255,Type 2: Non-Owner-Occupied STVR Certificate,3,,8,SAVANNAH DOWNTOWN HISTORIC DISTRICT,2000444033,5 W BROUGHTON ST,306,,SAVANNAH,GA,31401,"5 W BROUGHTON ST UNIT 306, SAVANNAH, GA 31401",5 W BROUGHTON ST,5 W BROUGHTON ST UNIT 306,Normalized,
5 WEST BROUGHTON ST  SAVANNAH GA 31401,304,SVR-00732,2027-07-23,2000444030,Zachary Tombley,operations@stayblackswan.com,6155517255,Type 2: Non-Owner-Occupied STVR Certificate,2,,6,SAVANNAH DOWNTOWN HISTORIC DISTRICT,2000444030,5 W BROUGHTON ST,304,,SAVANNAH,GA,31401,"5 W BROUGHTON ST UNIT 304, SAVANNAH, GA 31401",5 W BROUGHTON ST,5 W BROUGHTON ST UNIT 304,Normalized,
5 WEST BROUGHTON ST  SAVANNAH GA 31401,303A,SVR-00733,2027-07-23,2000444028,Zachary Tombley,operations@stayblackswan.com,6155517255,Type 2: Non-Owner-Occupied STVR Certificate,1,,4,SAVANNAH DOWNTOWN HISTORIC DISTRICT,2000444028,5 W BROUGHTON ST,303A,,SAVANNAH,GA,31401,"5 W BROUGHTON ST UNIT 303A, SAVANNAH, GA 31401",5 W BROUGHTON ST,5 W BROUGHTON ST UNIT 303A,Normalized,
5 WEST BROUGHTON ST  SAVANNAH GA 31401,302,SVR-00734,2027-07-23,2000444027,Zachary Tombley,operations@stayblackswan.com,6155517255,Type 2: Non-Owner-Occupied STVR Certificate,1,,4,SAVANNAH DOWNTOWN HISTORIC DISTRICT,2000444027,5 W BROUGHTON ST,302,,SAVANNAH,GA,31401,"5 W BROUGHTON ST UNIT 302, SAVANNAH, GA 31401",5 W BROUGHTON ST,5 W BROUGHTON ST UNIT 302,Normalized,
5 WEST BROUGHTON ST  SAVANNAH GA 31401,208,SVR-00735,2027-07-23,2000444025,Zachary Tombley,operations@stayblackswan.com,6155517255,Type 2: Non-Owner-Occupied STVR Certificate,2,,6,SAVANNAH DOWNTOWN HISTORIC DISTRICT,2000444025,5 W BROUGHTON ST,208,,SAVANNAH,GA,31401,"5 W BROUGHTON ST UNIT 208, SAVANNAH, GA 31401",5 W BROUGHTON ST,5 W BROUGHTON ST UNIT 208,Normalized,
5 WEST BROUGHTON ST  SAVANNAH GA 31401,207,SVR-00736,2027-07-23,2000444024,Zachary Tombley,operations@stayblackswan.com,6155517255,Type 2: Non-Owner-Occupied STVR Certificate,2,,6,SAVANNAH DOWNTOWN HISTORIC DISTRICT,2000444024,5 W BROUGHTON ST,207,,SAVANNAH,GA,31401,"5 W BROUGHTON ST UNIT 207, SAVANNAH, GA 31401",5 W BROUGHTON ST,5 W BROUGHTON ST UNIT 207,Normalized,
5 WEST BROUGHTON ST  SAVANNAH GA 31401,206,SVR-00737,2027-07-23,2000444023,Zachary Tombley,operations@stayblackswan.com,6155517255,Type 2: Non-Owner-Occupied STVR Certificate,2,,6,SAVANNAH DOWNTOWN HISTORIC DISTRICT,2000444023,5 W BROUGHTON ST,206,,SAVANNAH,GA,31401,"5 W BROUGHTON ST UNIT 206, SAVANNAH, GA 31401",5 W BROUGHTON ST,5 W BROUGHTON ST UNIT 206,Normalized,
5 WEST BROUGHTON ST  SAVANNAH GA 31401,205-B,SVR-00738,2027-07-23,2000444022,Zachary Tombley,operations@stayblackswan.com,6155517255,Type 2: Non-Owner-Occupied STVR Certificate,1,,4,SAVANNAH DOWNTOWN HISTORIC DISTRICT,2000444022,5 W BROUGHTON ST,205-B,,SAVANNAH,GA,31401,"5 W BROUGHTON ST UNIT 205-B, SAVANNAH, GA 31401",5 W BROUGHTON ST,5 W BROUGHTON ST UNIT 205-B,Normalized,
5 WEST BROUGHTON ST  SAVANNAH GA 31401,205A,SVR-00739,2027-07-23,2000444021,Zachary Tombley,operations@stayblackswan.com,6155517255,Type 2: Non-Owner-Occupied STVR Certificate,1,,4,SAVANNAH DOWNTOWN HISTORIC DISTRICT,2000444021,5 W BROUGHTON ST,205A,,SAVANNAH,GA,31401,"5 W BROUGHTON ST UNIT 205A, SAVANNAH, GA 31401",5 W BROUGHTON ST,5 W BROUGHTON ST UNIT 205A,Normalized,
5 WEST BROUGHTON ST  SAVANNAH GA 31401,204,SVR-00740,2027-07-23,2000444020,Zachary Tombley,operations@stayblackswan.com,6155517255,Type 2: Non-Owner-Occupied STVR Certificate,2,,6,SAVANNAH DOWNTOWN HISTORIC DISTRICT,2000444020,5 W BROUGHTON ST,204,,SAVANNAH,GA,31401,"5 W BROUGHTON ST UNIT 204, SAVANNAH, GA 31401",5 W BROUGHTON ST,5 W BROUGHTON ST UNIT 204,Normalized,
5 WEST BROUGHTON ST  SAVANNAH GA 31401,203B,SVR-00741,2027-07-23,2000444019,Zachary Tombley,operations@stayblackswan.com,6155517255,Type 2: Non-Owner-Occupied STVR Certificate,1,,4,SAVANNAH DOWNTOWN HISTORIC DISTRICT,2000444019,5 W BROUGHTON ST,203B,,SAVANNAH,GA,31401,"5 W BROUGHTON ST UNIT 203B, SAVANNAH, GA 31401",5 W BROUGHTON ST,5 W BROUGHTON ST UNIT 203B,Normalized,
5 WEST BROUGHTON ST  SAVANNAH GA 31401,203A,SVR-00742,2027-07-23,2000444018,Zachary Tombley,operations@stayblackswan.com,6155517255,Type 2: Non-Owner-Occupied STVR Certificate,1,,4,SAVANNAH DOWNTOWN HISTORIC DISTRICT,2000444018,5 W BROUGHTON ST,203A,,SAVANNAH,GA,31401,"5 W BROUGHTON ST UNIT 203A, SAVANNAH, GA 31401",5 W BROUGHTON ST,5 W BROUGHTON ST UNIT 203A,Normalized,
5 WEST BROUGHTON ST  SAVANNAH GA 31401,202,SVR-00743,2027-07-23,2000444017,Zachary Tombley,operations@stayblackswan.com,6155517255,Type 2: Non-Owner-Occupied STVR Certificate,2,,6,SAVANNAH DOWNTOWN HISTORIC DISTRICT,2000444017,5 W BROUGHTON ST,202,,SAVANNAH,GA,31401,"5 W BROUGHTON ST UNIT 202, SAVANNAH, GA 31401",5 W BROUGHTON ST,5 W BROUGHTON ST UNIT 202,Normalized,
5 WEST BROUGHTON ST  SAVANNAH GA 31401,201,SVR-00744,2027-07-23,2000444016,Zachary Tombley,operations@stayblackswan.com,6155517255,Type 2: Non-Owner-Occupied STVR Certificate,2,,6,SAVANNAH DOWNTOWN HISTORIC DISTRICT,2000444016,5 W BROUGHTON ST,201,,SAVANNAH,GA,31401,"5 W BROUGHTON ST UNIT 201, SAVANNAH, GA 31401",5 W BROUGHTON ST,5 W BROUGHTON ST UNIT 201,Normalized,
340   ABERCORN ST  SAVANNAH GA 31401,3,SVR-00751,2027-07-29,2003208008,Laura Robinson,southerngracegetaways@yahoo.com,9126008086,Type 2: Non-Owner-Occupied STVR Certificate,3,,8,SAVANNAH DOWNTOWN HISTORIC DISTRICT,2003208008,340 ABERCORN ST,3,,SAVANNAH,GA,31401,"340 ABERCORN ST UNIT 3, SAVANNAH, GA 31401",340 ABERCORN ST,340 ABERCORN ST UNIT 3,Normalized,
340   ABERCORN ST  SAVANNAH GA 31401,2,SVR-00752,2027-07-29,2003208008,Laura Robinson,southerngracegetaways@yahoo.com,9126008086,Type 2: Non-Owner-Occupied STVR Certificate,3,,8,SAVANNAH DOWNTOWN HISTORIC DISTRICT,2003208008,340 ABERCORN ST,2,,SAVANNAH,GA,31401,"340 ABERCORN ST UNIT 2, SAVANNAH, GA 31401",340 ABERCORN ST,340 ABERCORN ST UNIT 2,Normalized,
340  ABERCORN ST  SAVANNAH GA 31401,1,SVR-00753,2027-07-29,2003208008,Laura Robinson,southerngracegetaways@yahoo.com,9126008086,Type 2: Non-Owner-Occupied STVR Certificate,3,,8,SAVANNAH DOWNTOWN HISTORIC DISTRICT,2003208008,340 ABERCORN ST,1,,SAVANNAH,GA,31401,"340 ABERCORN ST UNIT 1, SAVANNAH, GA 31401",340 ABERCORN ST,340 ABERCORN ST UNIT 1,Normalized,
521 EAST CHARLTON ST  SAVANNAH GA 31401,,SVR-00754,2026-10-16,2001419033,Southern Belle Vacation Rentals,stvr@southernbellevr.com,9122890130,Type 2: Non-Owner-Occupied STVR Certificate,2,2,4,SAVANNAH DOWNTOWN HISTORIC DISTRICT,2001419033,521 E CHARLTON ST,,,SAVANNAH,GA,31401,"521 E CHARLTON ST, SAVANNAH, GA 31401",521 E CHARLTON ST,521 E CHARLTON ST,Normalized,
530 EAST JONES ST  SAVANNAH GA 31401,,SVR-00768,2027-06-05,2001419008,Lucky Savannah Vacation Rentals,owners@luckysavannah.com,9124958582,Type 2: Non-Owner-Occupied STVR Certificate,3,2,8,SAVANNAH DOWNTOWN HISTORIC DISTRICT,2001419008,530 E JONES ST,,,SAVANNAH,GA,31401,"530 E JONES ST, SAVANNAH, GA 31401",530 E JONES ST,530 E JONES ST,Normalized,
521 EAST PERRY ST  SAVANNAH GA 31401,,SVR-00769,2027-08-20,2001410001A,ANDREW & BROOKE WILFORD,awilford@jasminequarters.com,9124335731,Type 2: Non-Owner-Occupied STVR Certificate,2,2,6,SAVANNAH DOWNTOWN HISTORIC DISTRICT,2001410001A,521 E PERRY ST,,,SAVANNAH,GA,31401,"521 E PERRY ST, SAVANNAH, GA 31401",521 E PERRY ST,521 E PERRY ST,Normalized,
214 EAST JONES ST  SAVANNAH GA 31401,Main House,SVR-00773,2027-06-28,2003208012A,Lucky Savannah Vacation Rentals,owners@luckysavannah.com,9124958582,Type 2: Non-Owner-Occupied STVR Certificate,2,,6,SAVANNAH DOWNTOWN HISTORIC DISTRICT,2003208012A,214 E JONES ST,MAIN HOUSE,,SAVANNAH,GA,31401,"214 E JONES ST UNIT MAIN HOUSE, SAVANNAH, GA 31401",214 E JONES ST,214 E JONES ST UNIT MAIN HOUSE,Normalized,
520 EAST MACON ST  SAVANNAH GA 31401,,SVR-00775,2027-07-26,2001418017,Daniel & Aaron Miller,acmill99@yahoo.com,4043131773,Type 2: Non-Owner-Occupied STVR Certificate,2,,6,SAVANNAH DOWNTOWN HISTORIC DISTRICT,2001418017,520 E MACON ST,,,SAVANNAH,GA,31401,"520 E MACON ST, SAVANNAH, GA 31401",520 E MACON ST,520 E MACON ST,Normalized,
541 EAST BOLTON ST  SAVANNAH GA 31401,A,SVR-00776,2027-06-14,2004311028,Mary Anderson,mary@savannahluxuryrentals.com,9125252022,Type 2: Non-Owner-Occupied STVR Certificate,1,,4,VICTORIAN HISTORIC DISTRICT,2004311028,541 E BOLTON ST,A,,SAVANNAH,GA,31401,"541 E BOLTON ST UNIT A, SAVANNAH, GA 31401",541 E BOLTON ST,541 E BOLTON ST UNIT A,Normalized,
541 EAST BOLTON ST  SAVANNAH GA 31401,B,SVR-00777,2027-06-14,2004311028,Mary Anderson,mary@savannahluxuryrentals.com,9125252022,Type 2: Non-Owner-Occupied STVR Certificate,3,,8,VICTORIAN HISTORIC DISTRICT,2004311028,541 E BOLTON ST,B,,SAVANNAH,GA,31401,"541 E BOLTON ST UNIT B, SAVANNAH, GA 31401",541 E BOLTON ST,541 E BOLTON ST UNIT B,Normalized,
202 WEST PARK AVE  SAVANNAH GA 31401,A,SVR-00779,2027-04-22,2005215009,CLARA GREIG,clara.greig.2521@gmail.com,6149155698,Type 2: Non-Owner-Occupied STVR Certificate,2,,6,VICTORIAN HISTORIC DISTRICT,2005215009,202 W PARK AVE,A,,SAVANNAH,GA,31401,"202 W PARK AVE UNIT A, SAVANNAH, GA 31401",202 W PARK AVE,202 W PARK AVE UNIT A,Normalized,
212 WEST JONES ST  SAVANNAH GA 31401,Main House,SVR-00780,2027-02-27,2003128004,Lucky Savannah Vacation Rentals,owners@luckysavannah.com,9124958582,Type 2: Non-Owner-Occupied STVR Certificate,4,1,8,SAVANNAH DOWNTOWN HISTORIC DISTRICT,2003128004,212 W JONES ST,MAIN HOUSE,,SAVANNAH,GA,31401,"212 W JONES ST UNIT MAIN HOUSE, SAVANNAH, GA 31401",212 W JONES ST,212 W JONES ST UNIT MAIN HOUSE,Normalized,
317 EAST JONES ST  SAVANNAH GA 31401,LOWER,SVR-00781,2027-03-29,2003212005,JASON BARTEK,firedogs53@yahoo.com,8165226163,Type 2: Non-Owner-Occupied STVR Certificate,3,2,8,SAVANNAH DOWNTOWN HISTORIC DISTRICT,2003212005,317 E JONES ST,LOWER,,SAVANNAH,GA,31401,"317 E JONES ST UNIT LOWER, SAVANNAH, GA 31401",317 E JONES ST,317 E JONES ST UNIT LOWER,Normalized,
222  DRAYTON ST  SAVANNAH GA 31401,1,SVR-00782,2027-05-04,2001520002,Southern Belle Vacation Rentals,stvr@southernbellevr.com,9122190130,Type 2: Non-Owner-Occupied STVR Certificate,2,,6,SAVANNAH DOWNTOWN HISTORIC DISTRICT,2001520002,222 DRAYTON ST,1,,SAVANNAH,GA,31401,"222 DRAYTON ST UNIT 1, SAVANNAH, GA 31401",222 DRAYTON ST,222 DRAYTON ST UNIT 1,Normalized,
222  DRAYTON ST  SAVANNAH GA 31401,2,SVR-00783,2027-05-04,2001520002,SOUTHERN BELLE VACATION RENTALS,stvr@southernbellevr.com,9122890130,Type 2: Non-Owner-Occupied STVR Certificate,2,,6,SAVANNAH DOWNTOWN HISTORIC DISTRICT,2001520002,222 DRAYTON ST,2,,SAVANNAH,GA,31401,"222 DRAYTON ST UNIT 2, SAVANNAH, GA 31401",222 DRAYTON ST,222 DRAYTON ST UNIT 2,Normalized,
222  DRAYTON ST  SAVANNAH GA 31401,3,SVR-00784,2027-05-04,2001520002,SOUTHERN BELLE VACATION RENTALS,stvr@southernbellevr.com,9122890130,Type 2: Non-Owner-Occupied STVR Certificate,2,,6,SAVANNAH DOWNTOWN HISTORIC DISTRICT,2001520002,222 DRAYTON ST,3,,SAVANNAH,GA,31401,"222 DRAYTON ST UNIT 3, SAVANNAH, GA 31401",222 DRAYTON ST,222 DRAYTON ST UNIT 3,Normalized,
222  DRAYTON ST  SAVANNAH GA 31401,4,SVR-00785,2027-05-04,2001520002,SOUTHERN BELLE VACATION RENTALS,stvr@southernbellevr.com,9122890130,Type 2: Non-Owner-Occupied STVR Certificate,2,,6,SAVANNAH DOWNTOWN HISTORIC DISTRICT,2001520002,222 DRAYTON ST,4,,SAVANNAH,GA,31401,"222 DRAYTON ST UNIT 4, SAVANNAH, GA 31401",222 DRAYTON ST,222 DRAYTON ST UNIT 4,Normalized,
222  DRAYTON ST  SAVANNAH GA 31401,5,SVR-00786,2027-05-04,2001520002,SOUTHERN BELLE VACATION RENTALS,stvr@southernbellevr.com,9122890130,Type 2: Non-Owner-Occupied STVR Certificate,2,,6,SAVANNAH DOWNTOWN HISTORIC DISTRICT,2001520002,222 DRAYTON ST,5,,SAVANNAH,GA,31401,"222 DRAYTON ST UNIT 5, SAVANNAH, GA 31401",222 DRAYTON ST,222 DRAYTON ST UNIT 5,Normalized,
222  DRAYTON ST  SAVANNAH GA 31401,6,SVR-00787,2027-05-04,2001520002,SOUTHERN BELLE VACATION RENTALS,stvr@southernbellevr.com,9122890130,Type 2: Non-Owner-Occupied STVR Certificate,2,,6,SAVANNAH DOWNTOWN HISTORIC DISTRICT,2001520002,222 DRAYTON ST,6,,SAVANNAH,GA,31401,"222 DRAYTON ST UNIT 6, SAVANNAH, GA 31401",222 DRAYTON ST,222 DRAYTON ST UNIT 6,Normalized,
222  DRAYTON ST  SAVANNAH GA 31401,7,SVR-00788,2027-05-04,2001520002,SOUTHERN BELLE VACATION RENTALS,stvr@southernbellevr.com,9122890130,Type 2: Non-Owner-Occupied STVR Certificate,2,,6,SAVANNAH DOWNTOWN HISTORIC DISTRICT,2001520002,222 DRAYTON ST,7,,SAVANNAH,GA,31401,"222 DRAYTON ST UNIT 7, SAVANNAH, GA 31401",222 DRAYTON ST,222 DRAYTON ST UNIT 7,Normalized,
222  DRAYTON ST  SAVANNAH GA 31401,8,SVR-00789,2027-05-04,2001520002,SOUTHERN BELLE VACATION RENTALS,stvr@southernbellevr.com,9122890130,Type 2: Non-Owner-Occupied STVR Certificate,2,,6,SAVANNAH DOWNTOWN HISTORIC DISTRICT,2001520002,222 DRAYTON ST,8,,SAVANNAH,GA,31401,"222 DRAYTON ST UNIT 8, SAVANNAH, GA 31401",222 DRAYTON ST,222 DRAYTON ST UNIT 8,Normalized,
523 E GWINNETT ST # B SAVANNAH GA 31401,B,SVR-00790,2027-02-21,2004306050,Brendan Pappas,brendan@eatkayak.com,9123324128,Type 2: Non-Owner-Occupied STVR Certificate,1,1,4,VICTORIAN HISTORIC DISTRICT,2004306050,523 E GWINNETT ST,B,B,SAVANNAH,GA,31401,"523 E GWINNETT ST UNIT B, SAVANNAH, GA 31401",523 E GWINNETT ST,523 E GWINNETT ST UNIT B,Normalized,
114 EAST GORDON LN  SAVANNAH GA 31401,,SVR-00798,2027-03-12,2003245011,Zuzalley Enterprises LLC,zuzalley@gmail.com,9122201451,Type 2: Non-Owner-Occupied STVR Certificate,1,,4,SAVANNAH DOWNTOWN HISTORIC DISTRICT,2003245011,114 E GORDON LN,,,SAVANNAH,GA,31401,"114 E GORDON LN, SAVANNAH, GA 31401",114 E GORDON LN,114 E GORDON LN,Normalized,
539 EAST PERRY LN  SAVANNAH GA 31401,Carriage House,SVR-00805,2027-05-23,2001411019,Southern Belle Vacation Rentals,stvr@southernbellevr.com,9122890130,Type 2: Non-Owner-Occupied STVR Certificate,1,2,4,SAVANNAH DOWNTOWN HISTORIC DISTRICT,2001411019,539 E PERRY LN,CARRIAGE HOUSE,,SAVANNAH,GA,31401,"539 E PERRY LN UNIT CARRIAGE HOUSE, SAVANNAH, GA 31401",539 E PERRY LN,539 E PERRY LN UNIT CARRIAGE HOUSE,Normalized,
532  PRICE ST  SAVANNAH GA 31401,,SVR-00082,2027-07-05,2003306030,Carmen Kurdys,prodigalproperties@yahoo.com,9122242548,Type 2: Non-Owner-Occupied STVR Certificate,3,2,8,SAVANNAH DOWNTOWN HISTORIC DISTRICT,2003306030,532 PRICE ST,,,SAVANNAH,GA,31401,"532 PRICE ST, SAVANNAH, GA 31401",532 PRICE ST,532 PRICE ST,Normalized,
539 EAST PERRY ST  SAVANNAH GA 31401,Main House,SVR-00806,2027-06-21,2001411019,Southern Belle Vacation Rentals,stvr@southernbellevr.com,9122890130,Type 2: Non-Owner-Occupied STVR Certificate,3,2,6,SAVANNAH DOWNTOWN HISTORIC DISTRICT,2001411019,539 E PERRY ST,MAIN HOUSE,,SAVANNAH,GA,31401,"539 E PERRY ST UNIT MAIN HOUSE, SAVANNAH, GA 31401",539 E PERRY ST,539 E PERRY ST UNIT MAIN HOUSE,Normalized,
516 EAST GORDON ST  SAVANNAH GA 31401,,SVR-00807,2027-06-01,2003302022,John Dillon,mossandoaksavannah@gmail.com,9126929393,Type 2: Non-Owner-Occupied STVR Certificate,2,,6,SAVANNAH DOWNTOWN HISTORIC DISTRICT,2003302022,516 E GORDON ST,,,SAVANNAH,GA,31401,"516 E GORDON ST, SAVANNAH, GA 31401",516 E GORDON ST,516 E GORDON ST,Normalized,
1 WEST YORK ST  SAVANNAH GA 31401,A,SVR-00808,2027-04-17,2001509013,Anderson VIP Concierge LLC,mary@savannahluxuryrentals.com,9125252022,Type 2: Non-Owner-Occupied STVR Certificate,2,,6,SAVANNAH DOWNTOWN HISTORIC DISTRICT,2001509013,1 W YORK ST,A,,SAVANNAH,GA,31401,"1 W YORK ST UNIT A, SAVANNAH, GA 31401",1 W YORK ST,1 W YORK ST UNIT A,Normalized,
12 WEST HARRIS ST  SAVANNAH GA 31401,A,SVR-00813,2027-08-29,2001535006,Lucky Savannah Vacation Rentals,owners@luckysavannah.com,9124958582,Type 2: Non-Owner-Occupied STVR Certificate,1,,4,SAVANNAH DOWNTOWN HISTORIC DISTRICT,2001535006,12 W HARRIS ST,A,,SAVANNAH,GA,31401,"12 W HARRIS ST UNIT A, SAVANNAH, GA 31401",12 W HARRIS ST,12 W HARRIS ST UNIT A,Normalized,
12 WEST HARRIS ST  SAVANNAH GA 31401,B,SVR-00814,2027-08-29,2001535006,Lucky Savannah Vacation Rentals,owners@luckysavannah.com,9124958582,Type 2: Non-Owner-Occupied STVR Certificate,4,1,10,SAVANNAH DOWNTOWN HISTORIC DISTRICT,2001535006,12 W HARRIS ST,B,,SAVANNAH,GA,31401,"12 W HARRIS ST UNIT B, SAVANNAH, GA 31401",12 W HARRIS ST,12 W HARRIS ST UNIT B,Normalized,
208 EAST 34TH ST  SAVANNAH GA 31401,,SVR-00083,2027-03-21,2005339004,RICHARD WOFFORD,richardwofford@gmail.com,3232511022,Type 2: Non-Owner-Occupied STVR Certificate,2,2,4,STREETCAR HISTORIC DISTRICT,2005339004,208 E 34TH ST,,,SAVANNAH,GA,31401,"208 E 34TH ST, SAVANNAH, GA 31401",208 E 34TH ST,208 E 34TH ST,Normalized,
604   BARNARD ST  SAVANNAH GA 31401,B,SVR-00819,2027-04-08,2003257002,Lucky Savannah Vacation Rentals,owners@luckysavannah.com,9124958582,Type 2: Non-Owner-Occupied STVR Certificate,3,3,6,SAVANNAH DOWNTOWN HISTORIC DISTRICT,2003257002,604 BARNARD ST,B,,SAVANNAH,GA,31401,"604 BARNARD ST UNIT B, SAVANNAH, GA 31401",604 BARNARD ST,604 BARNARD ST UNIT B,Normalized,
118 WEST GORDON LN  SAVANNAH GA 31401,,SVR-00822,2027-07-06,2003242021,Mary Anderson,mary@savannahluxuryrentals.com,9125252022,Type 2: Non-Owner-Occupied STVR Certificate,1,1,4,SAVANNAH DOWNTOWN HISTORIC DISTRICT,2003242021,118 W GORDON LN,,,SAVANNAH,GA,31401,"118 W GORDON LN, SAVANNAH, GA 31401",118 W GORDON LN,118 W GORDON LN,Normalized,
118 WEST GASTON ST  SAVANNAH GA 31401,,SVR-00823,2027-07-06,2003242021,Mary Anderson,mary@savannahluxuryrentals.com,9125252022,Type 2: Non-Owner-Occupied STVR Certificate,1,,4,SAVANNAH DOWNTOWN HISTORIC DISTRICT,2003242021,118 W GASTON ST,,,SAVANNAH,GA,31401,"118 W GASTON ST, SAVANNAH, GA 31401",118 W GASTON ST,118 W GASTON ST,Normalized,
405 EAST JONES ST  SAVANNAH GA 31401,A,SVR-00824,2027-09-06,2003211002,Michael Arcangelo,24squaresavannah@gmail.com,4126083989,Type 2: Non-Owner-Occupied STVR Certificate,2,,6,SAVANNAH DOWNTOWN HISTORIC DISTRICT,2003211002,405 E JONES ST,A,,SAVANNAH,GA,31401,"405 E JONES ST UNIT A, SAVANNAH, GA 31401",405 E JONES ST,405 E JONES ST UNIT A,Normalized,
405 EAST JONES ST  SAVANNAH GA 31401,D,SVR-00825,2027-09-06,2003211002,Michael Arcangelo,24squaresavannah@gmail.com,4126083989,Type 2: Non-Owner-Occupied STVR Certificate,1,,4,SAVANNAH DOWNTOWN HISTORIC DISTRICT,2003211002,405 E JONES ST,D,,SAVANNAH,GA,31401,"405 E JONES ST UNIT D, SAVANNAH, GA 31401",405 E JONES ST,405 E JONES ST UNIT D,Normalized,
405 EAST JONES ST  SAVANNAH GA 31401,B,SVR-00829,2027-09-06,2003211002,Michael Arcangelo,24squaresavannah@gmail.com,4126083989,Type 2: Non-Owner-Occupied STVR Certificate,1,,4,SAVANNAH DOWNTOWN HISTORIC DISTRICT,2003211002,405 E JONES ST,B,,SAVANNAH,GA,31401,"405 E JONES ST UNIT B, SAVANNAH, GA 31401",405 E JONES ST,405 E JONES ST UNIT B,Normalized,
535 EAST CHARLTON ST  SAVANNAH GA 31401,,SVR-00832,2027-05-11,2001419040,Kolin Podell,info@rpropmgt.com,9125251160,Type 2: Non-Owner-Occupied STVR Certificate,2,,6,SAVANNAH DOWNTOWN HISTORIC DISTRICT,2001419040,535 E CHARLTON ST,,,SAVANNAH,GA,31401,"535 E CHARLTON ST, SAVANNAH, GA 31401",535 E CHARLTON ST,535 E CHARLTON ST,Normalized,
535 EAST BROAD ST  SAVANNAH GA 31401,,SVR-00833,2027-03-21,2003306052,Beth McIlrath,rech4@icloud.com,9126583790,Type 2: Non-Owner-Occupied STVR Certificate,3,2,8,SAVANNAH DOWNTOWN HISTORIC DISTRICT,2003306052,535 E BROAD ST,,,SAVANNAH,GA,31401,"535 E BROAD ST, SAVANNAH, GA 31401",535 E BROAD ST,535 E BROAD ST,Normalized,
422 EAST LIBERTY ST  SAVANNAH GA 31401,Main House,SVR-00834,2027-06-21,2001518018,Mary Anderson,mary@savannahluxuryrentals.com,9125252022,Type 2: Non-Owner-Occupied STVR Certificate,3,,8,SAVANNAH DOWNTOWN HISTORIC DISTRICT,2001518018,422 E LIBERTY ST,MAIN HOUSE,,SAVANNAH,GA,31401,"422 E LIBERTY ST UNIT MAIN HOUSE, SAVANNAH, GA 31401",422 E LIBERTY ST,422 E LIBERTY ST UNIT MAIN HOUSE,Normalized,
421 EAST PERRY LN  SAVANNAH GA 31401,Carriage House,SVR-00835,2027-06-21,2001518018,Mary Anderson,mary@savannahluxuryrentals.com,9125252022,Type 2: Non-Owner-Occupied STVR Certificate,1,,4,SAVANNAH DOWNTOWN HISTORIC DISTRICT,2001518018,421 E PERRY LN,CARRIAGE HOUSE,,SAVANNAH,GA,31401,"421 E PERRY LN UNIT CARRIAGE HOUSE, SAVANNAH, GA 31401",421 E PERRY LN,421 E PERRY LN UNIT CARRIAGE HOUSE,Normalized,
104 WEST JONES ST  SAVANNAH GA 31401,B,SVR-00085,2027-06-17,2001545032,MICHAEL TAYLOR,southerndemesne@gmail.com,9124411168,Type 2: Non-Owner-Occupied STVR Certificate,2,,4,SAVANNAH DOWNTOWN HISTORIC DISTRICT,2001545032,104 W JONES ST,B,,SAVANNAH,GA,31401,"104 W JONES ST UNIT B, SAVANNAH, GA 31401",104 W JONES ST,104 W JONES ST UNIT B,Normalized,
110  BARNARD ST  SAVANNAH GA 31401,211,SVR-00837,2027-02-25,2000443017,Anderson VIP Concierge LLC,mary@savannahluxuryrentals.com,9125252022,Type 2: Non-Owner-Occupied STVR Certificate,2,,6,SAVANNAH DOWNTOWN HISTORIC DISTRICT,2000443017,110 BARNARD ST,211,,SAVANNAH,GA,31401,"110 BARNARD ST UNIT 211, SAVANNAH, GA 31401",110 BARNARD ST,110 BARNARD ST UNIT 211,Normalized,
214 WEST BAY ST  SAVANNAH GA 31401,4A,SVR-00838,2027-03-07,2000309011,South Key Management Company,chase@southkeymgmt.com,9128001321,Type 2: Non-Owner-Occupied STVR Certificate,1,1,4,SAVANNAH DOWNTOWN HISTORIC DISTRICT,2000309011,214 W BAY ST,4A,,SAVANNAH,GA,31401,"214 W BAY ST UNIT 4A, SAVANNAH, GA 31401",214 W BAY ST,214 W BAY ST UNIT 4A,Normalized,
214 WEST BAY ST  SAVANNAH GA 31401,3,SVR-00839,2027-03-07,2000309011,South Key Management Company,chase@southkeymgmt.com,9128001321,Type 2: Non-Owner-Occupied STVR Certificate,1,1,4,SAVANNAH DOWNTOWN HISTORIC DISTRICT,2000309011,214 W BAY ST,3,,SAVANNAH,GA,31401,"214 W BAY ST UNIT 3, SAVANNAH, GA 31401",214 W BAY ST,214 W BAY ST UNIT 3,Normalized,
214 WEST BAY ST  SAVANNAH GA 31401,4,SVR-00840,2027-03-07,2000309011,South Key Management Company,chase@southkeymgmt.com,9128001321,Type 2: Non-Owner-Occupied STVR Certificate,2,1,6,SAVANNAH DOWNTOWN HISTORIC DISTRICT,2000309011,214 W BAY ST,4,,SAVANNAH,GA,31401,"214 W BAY ST UNIT 4, SAVANNAH, GA 31401",214 W BAY ST,214 W BAY ST UNIT 4,Normalized,
214 WEST BAY ST  SAVANNAH GA 31401,5,SVR-00841,2027-03-07,2000309011,South Key Management Company,chase@southkeymgmt.com,9128001321,Type 2: Non-Owner-Occupied STVR Certificate,1,1,4,SAVANNAH DOWNTOWN HISTORIC DISTRICT,2000309011,214 W BAY ST,5,,SAVANNAH,GA,31401,"214 W BAY ST UNIT 5, SAVANNAH, GA 31401",214 W BAY ST,214 W BAY ST UNIT 5,Normalized,
110  BARNARD ST  SAVANNAH GA 31401,501,SVR-00843,2027-05-23,2000443029,Michael Arcangelo,24squaresavannah@gmail.com,9787667088,Type 2: Non-Owner-Occupied STVR Certificate,2,,6,SAVANNAH DOWNTOWN HISTORIC DISTRICT,2000443029,110 BARNARD ST,501,,SAVANNAH,GA,31401,"110 BARNARD ST UNIT 501, SAVANNAH, GA 31401",110 BARNARD ST,110 BARNARD ST UNIT 501,Normalized,
119 WEST PERRY ST  SAVANNAH GA 31401,,SVR-00846,2027-07-03,2001527016,Southern Belle Vacation Rentals,stvr@southernbellevr.com,9122890130,Type 2: Non-Owner-Occupied STVR Certificate,2,2,6,SAVANNAH DOWNTOWN HISTORIC DISTRICT,2001527016,119 W PERRY ST,,,SAVANNAH,GA,31401,"119 W PERRY ST, SAVANNAH, GA 31401",119 W PERRY ST,119 W PERRY ST,Normalized,
402 EAST MCDONOUGH ST  SAVANNAH GA 31401,,SVR-00847,2027-06-21,2001517024,Savannah Getaways,kim@savannahgetaways.net,9126569517,Type 2: Non-Owner-Occupied STVR Certificate,3,1,6,SAVANNAH DOWNTOWN HISTORIC DISTRICT,2001517024,402 E MCDONOUGH ST,,,SAVANNAH,GA,31401,"402 E MCDONOUGH ST, SAVANNAH, GA 31401",402 E MCDONOUGH ST,402 E MCDONOUGH ST,Normalized,
114 WEST WAYNE ST  SAVANNAH GA 31401,,SVR-00849,2027-07-12,2003223006,JOACHIM KELLY,kerillcsavannah@gmail.com,9126950906,Type 2: Non-Owner-Occupied STVR Certificate,1,1,4,SAVANNAH DOWNTOWN HISTORIC DISTRICT,2003223006,114 W WAYNE ST,,,SAVANNAH,GA,31401,"114 W WAYNE ST, SAVANNAH, GA 31401",114 W WAYNE ST,114 W WAYNE ST,Normalized,
20 WEST DUFFY ST  SAVANNAH GA 31401,B,SVR-00852,2027-05-31,2004431021,Austin Smeltzer,mariann.martin@gmail.com,9125074254,Type 2: Non-Owner-Occupied STVR Certificate,2,1,6,VICTORIAN HISTORIC DISTRICT,2004431021,20 W DUFFY ST,B,,SAVANNAH,GA,31401,"20 W DUFFY ST UNIT B, SAVANNAH, GA 31401",20 W DUFFY ST,20 W DUFFY ST UNIT B,Normalized,
125 EAST JONES ST  SAVANNAH GA 31401,B,SVR-00853,2027-02-25,2003214013,Andrew Acuff,andrewacuff@gmail.com,9126604939,Type 2: Non-Owner-Occupied STVR Certificate,2,,6,SAVANNAH DOWNTOWN HISTORIC DISTRICT,2003214013,125 E JONES ST,B,,SAVANNAH,GA,31401,"125 E JONES ST UNIT B, SAVANNAH, GA 31401",125 E JONES ST,125 E JONES ST UNIT B,Normalized,
720   PRICE ST  SAVANNAH GA 31401,,SVR-00854,2027-07-17,2004302053,Vacasa LLC,permitting@vacasa.com,5033459399,Type 2: Non-Owner-Occupied STVR Certificate,3,1,8,SAVANNAH DOWNTOWN HISTORIC DISTRICT,2004302053,720 PRICE ST,,,SAVANNAH,GA,31401,"720 PRICE ST, SAVANNAH, GA 31401",720 PRICE ST,720 PRICE ST,Normalized,
525 EAST HENRY ST  SAVANNAH GA 31401,,SVR-00855,2027-04-24,2005314031,Patrick Bergen and Christie Bergen,christie.ahr@gmail.com,9123981494,Type 2: Non-Owner-Occupied STVR Certificate,4,2,10,VICTORIAN HISTORIC DISTRICT,2005314031,525 E HENRY ST,,,SAVANNAH,GA,31401,"525 E HENRY ST, SAVANNAH, GA 31401",525 E HENRY ST,525 E HENRY ST,Normalized,
210 WEST HUNTINGDON ST  SAVANNAH GA 31401,,SVR-00087,2027-04-23,2003255021,Jason Brown d/b/a The Savannah Company LLC,jason@thesavannahcompany.com,4049646860,Type 2: Non-Owner-Occupied STVR Certificate,2,,4,SAVANNAH DOWNTOWN HISTORIC DISTRICT,2003255021,210 W HUNTINGDON ST,,,SAVANNAH,GA,31401,"210 W HUNTINGDON ST, SAVANNAH, GA 31401",210 W HUNTINGDON ST,210 W HUNTINGDON ST,Normalized,
1110  DRAYTON ST  SAVANNAH GA 31401,A,SVR-00858,2027-07-09,2004433012,Ander Jenkins,mjenkins@igc.org,9127479789,Type 2: Non-Owner-Occupied STVR Certificate,1,1,4,VICTORIAN HISTORIC DISTRICT,2004433012,1110 DRAYTON ST,A,,SAVANNAH,GA,31401,"1110 DRAYTON ST UNIT A, SAVANNAH, GA 31401",1110 DRAYTON ST,1110 DRAYTON ST UNIT A,Normalized,
129 WEST GORDON ST  SAVANNAH GA 31401,C,SVR-00859,2027-04-26,2003242001,Lucky Savannah Vacation Rentals,owners@luckysavannah.com,9124958582,Type 2: Non-Owner-Occupied STVR Certificate,1,,4,SAVANNAH DOWNTOWN HISTORIC DISTRICT,2003242001,129 W GORDON ST,C,,SAVANNAH,GA,31401,"129 W GORDON ST UNIT C, SAVANNAH, GA 31401",129 W GORDON ST,129 W GORDON ST UNIT C,Normalized,
105 WEST OGLETHORPE AVE  SAVANNAH GA 31401,401,SVR-00861,2027-07-06,2001512003Q,Lucky Savannah Vacation Rentals,owners@luckysavannah.com,9124958582,Type 2: Non-Owner-Occupied STVR Certificate,2,,6,SAVANNAH DOWNTOWN HISTORIC DISTRICT,2001512003Q,105 W OGLETHORPE AVE,401,,SAVANNAH,GA,31401,"105 W OGLETHORPE AVE UNIT 401, SAVANNAH, GA 31401",105 W OGLETHORPE AVE,105 W OGLETHORPE AVE UNIT 401,Normalized,
125 EAST BROAD ST  SAVANNAH GA 31401,2A,SVR-00869,2026-10-29,2000526004,Kindred SAV,robert@kindredsav.com,6175712906,Type 2: Non-Owner-Occupied STVR Certificate,1,,4,SAVANNAH DOWNTOWN HISTORIC DISTRICT,2000526004,125 E BROAD ST,2A,,SAVANNAH,GA,31401,"125 E BROAD ST UNIT 2A, SAVANNAH, GA 31401",125 E BROAD ST,125 E BROAD ST UNIT 2A,Normalized,
417 EAST CONGRESS ST  SAVANNAH GA 31401,,SVR-00871,2027-06-01,2000442009,Lucky Savannah Vacation Rentals,owners@luckysavannah.com,9124958582,Type 2: Non-Owner-Occupied STVR Certificate,1,1,4,SAVANNAH DOWNTOWN HISTORIC DISTRICT,2000442009,417 E CONGRESS ST,,,SAVANNAH,GA,31401,"417 E CONGRESS ST, SAVANNAH, GA 31401",417 E CONGRESS ST,417 E CONGRESS ST,Normalized,
411 EAST JONES ST  SAVANNAH GA 31401,,SVR-00872,2027-02-21,2003211021,Lucky Savannah Vacation Rentals,owners@luckysavannah.com,9124958582,Type 2: Non-Owner-Occupied STVR Certificate,2,,6,SAVANNAH DOWNTOWN HISTORIC DISTRICT,2003211021,411 E JONES ST,,,SAVANNAH,GA,31401,"411 E JONES ST, SAVANNAH, GA 31401",411 E JONES ST,411 E JONES ST,Normalized,
410 EAST JONES LN  SAVANNAH GA 31401,Carriage House,SVR-00873,2027-02-21,2003211021,Lucky Savannah Vacation Rentals,owners@luckysavannah.com,9124958582,Type 2: Non-Owner-Occupied STVR Certificate,1,,4,SAVANNAH DOWNTOWN HISTORIC DISTRICT,2003211021,410 E JONES LN,CARRIAGE HOUSE,,SAVANNAH,GA,31401,"410 E JONES LN UNIT CARRIAGE HOUSE, SAVANNAH, GA 31401",410 E JONES LN,410 E JONES LN UNIT CARRIAGE HOUSE,Normalized,
12 WEST HARRIS ST  SAVANNAH GA 31401,C,SVR-00874,2027-08-29,2001535006,Lucky Savannah Vacation Rentals,owners@luckysavannah.com,9124958582,Type 2: Non-Owner-Occupied STVR Certificate,2,1,6,SAVANNAH DOWNTOWN HISTORIC DISTRICT,2001535006,12 W HARRIS ST,C,,SAVANNAH,GA,31401,"12 W HARRIS ST UNIT C, SAVANNAH, GA 31401",12 W HARRIS ST,12 W HARRIS ST UNIT C,Normalized,
207 EAST HENRY ST  SAVANNAH GA 31401,,SVR-00089,2027-07-05,2005311021,Carmen Kurdys,prodigalproperties@yahoo.com,9122242548,Type 2: Non-Owner-Occupied STVR Certificate,4,3,10,VICTORIAN HISTORIC DISTRICT,2005311021,207 E HENRY ST,,,SAVANNAH,GA,31401,"207 E HENRY ST, SAVANNAH, GA 31401",207 E HENRY ST,207 E HENRY ST,Normalized,
208 EAST TAYLOR ST  SAVANNAH GA 31401,Garden,SVR-00876,2027-01-09,2003213014,Kevin Quat,kevin@aimstars.com,8432906463,Type 2: Non-Owner-Occupied STVR Certificate,2,,6,SAVANNAH DOWNTOWN HISTORIC DISTRICT,2003213014,208 E TAYLOR ST,GARDEN,,SAVANNAH,GA,31401,"208 E TAYLOR ST UNIT GARDEN, SAVANNAH, GA 31401",208 E TAYLOR ST,208 E TAYLOR ST UNIT GARDEN,Normalized,
445  PRICE ST  SAVANNAH GA 31401,,SVR-00877,2027-07-16,2003248008A,Heather Bailey,savannahpiedaterre@gmail.com,8439914962,Type 2: Non-Owner-Occupied STVR Certificate,2,,6,SAVANNAH DOWNTOWN HISTORIC DISTRICT,2003248008A,445 PRICE ST,,,SAVANNAH,GA,31401,"445 PRICE ST, SAVANNAH, GA 31401",445 PRICE ST,445 PRICE ST,Normalized,
133  LINCOLN ST  SAVANNAH GA 31401,,SVR-00880,2027-05-09,2001506020,Lucky Savannah Vacation Rentals,owners@luckysavannah.com,9124958582,Type 2: Non-Owner-Occupied STVR Certificate,2,,6,SAVANNAH DOWNTOWN HISTORIC DISTRICT,2001506020,133 LINCOLN ST,,,SAVANNAH,GA,31401,"133 LINCOLN ST, SAVANNAH, GA 31401",133 LINCOLN ST,133 LINCOLN ST,Normalized,
523 EAST GASTON ST  SAVANNAH GA 31401,,SVR-00881,2027-05-09,2003304030,GINA STONE d/b/a Stay Savannah Vacation Rentals,staysavannah@bellsouth.net,8889190008,Type 2: Non-Owner-Occupied STVR Certificate,3,,8,SAVANNAH DOWNTOWN HISTORIC DISTRICT,2003304030,523 E GASTON ST,,,SAVANNAH,GA,31401,"523 E GASTON ST, SAVANNAH, GA 31401",523 E GASTON ST,523 E GASTON ST,Normalized,
603  TATTNALL ST  SAVANNAH GA 31401,,SVR-00882,2027-05-23,2004527019,Lucky Savannah Vacation Rentals,owners@luckysavannah.com,9124958582,Type 2: Non-Owner-Occupied STVR Certificate,3,1,6,SAVANNAH DOWNTOWN HISTORIC DISTRICT,2004527019,603 TATTNALL ST,,,SAVANNAH,GA,31401,"603 TATTNALL ST, SAVANNAH, GA 31401",603 TATTNALL ST,603 TATTNALL ST,Normalized,
542 EAST PERRY LN  SAVANNAH GA 31401,Carriage House,SVR-00883,2027-04-28,2001411012,Lucky Savannah Vacation Rentals,owners@luckysavannah.com,9124958582,Type 2: Non-Owner-Occupied STVR Certificate,1,,4,SAVANNAH DOWNTOWN HISTORIC DISTRICT,2001411012,542 E PERRY LN,CARRIAGE HOUSE,,SAVANNAH,GA,31401,"542 E PERRY LN UNIT CARRIAGE HOUSE, SAVANNAH, GA 31401",542 E PERRY LN,542 E PERRY LN UNIT CARRIAGE HOUSE,Normalized,
209 EAST HENRY ST  SAVANNAH GA 31401,,SVR-00090,2027-07-05,2005311023,Carmen Kurdys,prodigalproperties@yahoo.com,9122242548,Type 2: Non-Owner-Occupied STVR Certificate,4,3,10,VICTORIAN HISTORIC DISTRICT,2005311023,209 E HENRY ST,,,SAVANNAH,GA,31401,"209 E HENRY ST, SAVANNAH, GA 31401",209 E HENRY ST,209 E HENRY ST,Normalized,
31 EAST BROAD ST  SAVANNAH GA 31401,A,SVR-00887,2027-07-20,2000513016,Chase Stahl,chase@southkeymgmt.com,9128001321,Type 2: Non-Owner-Occupied STVR Certificate,2,,6,SAVANNAH DOWNTOWN HISTORIC DISTRICT,2000513016,31 E BROAD ST,A,,SAVANNAH,GA,31401,"31 E BROAD ST UNIT A, SAVANNAH, GA 31401",31 E BROAD ST,31 E BROAD ST UNIT A,Normalized,
31 EAST BROAD ST  SAVANNAH GA 31401,B,SVR-00888,2027-07-20,2000513016,Chase Stahl,chase@southkeymgmt.com,9128001321,Type 2: Non-Owner-Occupied STVR Certificate,2,,6,SAVANNAH DOWNTOWN HISTORIC DISTRICT,2000513016,31 E BROAD ST,B,,SAVANNAH,GA,31401,"31 E BROAD ST UNIT B, SAVANNAH, GA 31401",31 E BROAD ST,31 E BROAD ST UNIT B,Normalized,
107 WEST JONES ST  SAVANNAH GA 31401,2,SVR-00889,2027-06-14,2003217007,Lucky Savannah Vacation Rentals,owners@luckysavannah.com,9124958582,Type 2: Non-Owner-Occupied STVR Certificate,1,,4,SAVANNAH DOWNTOWN HISTORIC DISTRICT,2003217007,107 W JONES ST,2,,SAVANNAH,GA,31401,"107 W JONES ST UNIT 2, SAVANNAH, GA 31401",107 W JONES ST,107 W JONES ST UNIT 2,Normalized,
524 EAST TAYLOR ST  SAVANNAH GA 31401,,SVR-00896,2027-08-29,2003301029,Michael Razor,mrazor@comcast.net,9124013710,Type 2: Non-Owner-Occupied STVR Certificate,2,,6,SAVANNAH DOWNTOWN HISTORIC DISTRICT,2003301029,524 E TAYLOR ST,,,SAVANNAH,GA,31401,"524 E TAYLOR ST, SAVANNAH, GA 31401",524 E TAYLOR ST,524 E TAYLOR ST,Normalized,
507  TATTNALL ST  SAVANNAH GA 31401,,SVR-00897,2027-02-25,2004523008,Southern Belle Vacation Rentals,stvr@southernbellevr.com,9122890130,Type 2: Non-Owner-Occupied STVR Certificate,3,,8,SAVANNAH DOWNTOWN HISTORIC DISTRICT,2004523008,507 TATTNALL ST,,,SAVANNAH,GA,31401,"507 TATTNALL ST, SAVANNAH, GA 31401",507 TATTNALL ST,507 TATTNALL ST,Normalized,
518 EAST MACON ST  SAVANNAH GA 31401,,SVR-00899,2027-07-26,2001418017,Daniel & Aaron Miller,acmill99@yahoo.com,4043131773,Type 2: Non-Owner-Occupied STVR Certificate,2,,6,SAVANNAH DOWNTOWN HISTORIC DISTRICT,2001418017,518 E MACON ST,,,SAVANNAH,GA,31401,"518 E MACON ST, SAVANNAH, GA 31401",518 E MACON ST,518 E MACON ST,Normalized,
439  PRICE ST  SAVANNAH GA 31401,1,SVR-00900,2027-07-18,2003248007,Ryan Smith,rsmitheit17@outlook.com,9122100165,Type 2: Non-Owner-Occupied STVR Certificate,3,,8,SAVANNAH DOWNTOWN HISTORIC DISTRICT,2003248007,439 PRICE ST,1,,SAVANNAH,GA,31401,"439 PRICE ST UNIT 1, SAVANNAH, GA 31401",439 PRICE ST,439 PRICE ST UNIT 1,Normalized,
439  PRICE ST  SAVANNAH GA 31401,2,SVR-00901,2027-07-18,2003248007,Ryan Smith,rsmitheit17@outlook.com,9122100165,Type 2: Non-Owner-Occupied STVR Certificate,2,,6,SAVANNAH DOWNTOWN HISTORIC DISTRICT,2003248007,439 PRICE ST,2,,SAVANNAH,GA,31401,"439 PRICE ST UNIT 2, SAVANNAH, GA 31401",439 PRICE ST,439 PRICE ST UNIT 2,Normalized,
216 EAST STATE ST  SAVANNAH GA 31401,1-C,SVR-00903,2027-04-10,2000447001C,Mary Anderson d/b/a Anderson VIP Concierge LLC,mary@savannahluxuryrentals.com,9125252022,Type 2: Non-Owner-Occupied STVR Certificate,1,,4,SAVANNAH DOWNTOWN HISTORIC DISTRICT,2000447001C,216 E STATE ST,1-C,,SAVANNAH,GA,31401,"216 E STATE ST UNIT 1-C, SAVANNAH, GA 31401",216 E STATE ST,216 E STATE ST UNIT 1-C,Normalized,
208 EAST JONES ST  SAVANNAH GA 31401,2,SVR-00905,2027-07-18,2003208020,Lucky Savannah Vacation Rentals,owners@luckysavannah.com,9124958582,Type 2: Non-Owner-Occupied STVR Certificate,2,,6,SAVANNAH DOWNTOWN HISTORIC DISTRICT,2003208020,208 E JONES ST,2,,SAVANNAH,GA,31401,"208 E JONES ST UNIT 2, SAVANNAH, GA 31401",208 E JONES ST,208 E JONES ST UNIT 2,Normalized,
219 EAST GORDON ST  SAVANNAH GA 31401,,SVR-00092,2027-05-02,2003246003,Kristin Mulzer,kristinmulzer@gmail.com,5134619300,Type 2: Non-Owner-Occupied STVR Certificate,5,,10,SAVANNAH DOWNTOWN HISTORIC DISTRICT,2003246003,219 E GORDON ST,,,SAVANNAH,GA,31401,"219 E GORDON ST, SAVANNAH, GA 31401",219 E GORDON ST,219 E GORDON ST,Normalized,
501 EAST MCDONOUGH ST  SAVANNAH GA 31401,B,SVR-00912,2027-07-16,2001408010,Heather Bailey,savannahpiedaterre@gmail.com,8439914962,Type 2: Non-Owner-Occupied STVR Certificate,1,,4,SAVANNAH DOWNTOWN HISTORIC DISTRICT,2001408010,501 E MCDONOUGH ST,B,,SAVANNAH,GA,31401,"501 E MCDONOUGH ST UNIT B, SAVANNAH, GA 31401",501 E MCDONOUGH ST,501 E MCDONOUGH ST UNIT B,Normalized,
508 EAST PERRY ST  SAVANNAH GA 31401,,SVR-00919,2027-06-25,2001408008,Michael Arcangelo,24squaresavannah@gmail.com,9787667088,Type 2: Non-Owner-Occupied STVR Certificate,2,1,6,SAVANNAH DOWNTOWN HISTORIC DISTRICT,2001408008,508 E PERRY ST,,,SAVANNAH,GA,31401,"508 E PERRY ST, SAVANNAH, GA 31401",508 E PERRY ST,508 E PERRY ST,Normalized,
310 WEST BROUGHTON ST  SAVANNAH GA 31401,2005,SVR-00924,2026-09-13,2001615020,Vacasa LLC,permitting@vacasa.com,5033459399,Type 2: Non-Owner-Occupied STVR Certificate,1,,4,SAVANNAH DOWNTOWN HISTORIC DISTRICT,2001615020,310 W BROUGHTON ST,2005,,SAVANNAH,GA,31401,"310 W BROUGHTON ST UNIT 2005, SAVANNAH, GA 31401",310 W BROUGHTON ST,310 W BROUGHTON ST UNIT 2005,Normalized,
315  LORCH ST  SAVANNAH GA 31401,B,SVR-00925,2027-07-02,2004526019,Brian Foster & Sarah Sellers,anotherhippieartist@yahoo.com,2544881225,Type 2: Non-Owner-Occupied STVR Certificate,1,1,4,SAVANNAH DOWNTOWN HISTORIC DISTRICT,2004526019,315 LORCH ST,B,,SAVANNAH,GA,31401,"315 LORCH ST UNIT B, SAVANNAH, GA 31401",315 LORCH ST,315 LORCH ST UNIT B,Normalized,
907  JEFFERSON ST  SAVANNAH GA 31401,,SVR-00932,2027-07-09,2005203018,Daphne Nash,daphne.nash@gmail.com,9176890371,Type 2: Non-Owner-Occupied STVR Certificate,2,1,4,VICTORIAN HISTORIC DISTRICT,2005203018,907 JEFFERSON ST,,,SAVANNAH,GA,31401,"907 JEFFERSON ST, SAVANNAH, GA 31401",907 JEFFERSON ST,907 JEFFERSON ST,Normalized,
302 WEST PARK AVE  SAVANNAH GA 31401,,SVR-00933,2027-07-12,2005214009G,NOLA RE Management Group LLC,compliance@stayheirloom.com,5045070523,Type 2: Non-Owner-Occupied STVR Certificate,5,,12,VICTORIAN HISTORIC DISTRICT,2005214009G,302 W PARK AVE,,,SAVANNAH,GA,31401,"302 W PARK AVE, SAVANNAH, GA 31401",302 W PARK AVE,302 W PARK AVE,Normalized,
58 EAST BROAD ST  SAVANNAH GA 31401,14,SVR-00935,2027-05-30,2000506018,Gina Stone,staysavannah@bellsouth.net,8889190008,Type 2: Non-Owner-Occupied STVR Certificate,2,1,6,SAVANNAH DOWNTOWN HISTORIC DISTRICT,2000506018,58 E BROAD ST,14,,SAVANNAH,GA,31401,"58 E BROAD ST UNIT 14, SAVANNAH, GA 31401",58 E BROAD ST,58 E BROAD ST UNIT 14,Normalized,
710  BARNARD ST  SAVANNAH GA 31401,2,SVR-00936,2027-07-11,2003262010,NOLA RE Management Group LLC,compliance@stayheirloom.com,5043752300,Type 2: Non-Owner-Occupied STVR Certificate,4,1,10,SAVANNAH DOWNTOWN HISTORIC DISTRICT,2003262010,710 BARNARD ST,2,,SAVANNAH,GA,31401,"710 BARNARD ST UNIT 2, SAVANNAH, GA 31401",710 BARNARD ST,710 BARNARD ST UNIT 2,Normalized,
212 WEST JONES ST  SAVANNAH GA 31401,1/2 ,SVR-00942,2027-06-07,2003128004,Lucky Savannah Vacation Rentals,owners@luckysavannah.com,9124958582,Type 2: Non-Owner-Occupied STVR Certificate,1,,4,SAVANNAH DOWNTOWN HISTORIC DISTRICT,2003128004,212 W JONES ST,1/2,,SAVANNAH,GA,31401,"212 W JONES ST UNIT 1/2, SAVANNAH, GA 31401",212 W JONES ST,212 W JONES ST UNIT 1/2,Normalized,
129 WEST GORDON ST  SAVANNAH GA 31401,D,SVR-00943,2027-07-26,2003242001,Lucky Savannah Vacation Rentals,owners@luckysavannah.com,9124958582,Type 2: Non-Owner-Occupied STVR Certificate,1,,4,SAVANNAH DOWNTOWN HISTORIC DISTRICT,2003242001,129 W GORDON ST,D,,SAVANNAH,GA,31401,"129 W GORDON ST UNIT D, SAVANNAH, GA 31401",129 W GORDON ST,129 W GORDON ST UNIT D,Normalized,
549 EAST ST JULIAN ST  SAVANNAH GA 31401,,SVR-00096,2027-01-09,2000513003,Charles Owens,charlesowens123@att.net,2293228290,Type 2: Non-Owner-Occupied STVR Certificate,2,,4,SAVANNAH DOWNTOWN HISTORIC DISTRICT,2000513003,549 E ST JULIAN ST,,,SAVANNAH,GA,31401,"549 E ST JULIAN ST, SAVANNAH, GA 31401",549 E ST JULIAN ST,549 E ST JULIAN ST,Normalized,
526 EAST JONES ST  SAVANNAH GA 31401,,SVR-00951,2027-02-07,2001419010,Cora Bett Thomas Rentals and Management,stvr@cbtrentals.com,9125036652,Type 2: Non-Owner-Occupied STVR Certificate,3,2,8,SAVANNAH DOWNTOWN HISTORIC DISTRICT,2001419010,526 E JONES ST,,,SAVANNAH,GA,31401,"526 E JONES ST, SAVANNAH, GA 31401",526 E JONES ST,526 E JONES ST,Normalized,
212 EAST JONES ST  SAVANNAH GA 31401,,SVR-00961,2027-02-25,2003208029,JOHN & WENDE GRATTAN,wendestwrt249@gmail.com,2522028338,Type 2: Non-Owner-Occupied STVR Certificate,2,,6,SAVANNAH DOWNTOWN HISTORIC DISTRICT,2003208029,212 E JONES ST,,,SAVANNAH,GA,31401,"212 E JONES ST, SAVANNAH, GA 31401",212 E JONES ST,212 E JONES ST,Normalized,
307 EAST GORDON ST  SAVANNAH GA 31401,Garden,SVR-00963,2027-04-24,2003247002,Patricia Mason d/b/a Zuzalley Enterprises,zuzalley@gmail.com,9122201451,Type 2: Non-Owner-Occupied STVR Certificate,1,1,4,SAVANNAH DOWNTOWN HISTORIC DISTRICT,2003247002,307 E GORDON ST,GARDEN,,SAVANNAH,GA,31401,"307 E GORDON ST UNIT GARDEN, SAVANNAH, GA 31401",307 E GORDON ST,307 E GORDON ST UNIT GARDEN,Normalized,
530 EAST GORDON ST  SAVANNAH GA 31401,,SVR-00964,2027-03-05,2003302019,Mona Mikell,momikell@gmail.com,9123988292,Type 2: Non-Owner-Occupied STVR Certificate,2,,6,SAVANNAH DOWNTOWN HISTORIC DISTRICT,2003302019,530 E GORDON ST,,,SAVANNAH,GA,31401,"530 E GORDON ST, SAVANNAH, GA 31401",530 E GORDON ST,530 E GORDON ST,Normalized,
217  ALICE ST  SAVANNAH GA 31401,,SVR-00965,2027-08-13,2004517001,Laura Fonseca,laurafonseca@aol.com,9102610163,Type 2: Non-Owner-Occupied STVR Certificate,4,1,10,SAVANNAH DOWNTOWN HISTORIC DISTRICT,2004517001,217 ALICE ST,,,SAVANNAH,GA,31401,"217 ALICE ST, SAVANNAH, GA 31401",217 ALICE ST,217 ALICE ST,Normalized,
551 EAST HUNTINGDON ST  SAVANNAH GA 31401,,SVR-00098,2027-04-12,2003308002,Denise Flojo,dflojo@gmail.com,2153596675,Type 2: Non-Owner-Occupied STVR Certificate,3,,6,SAVANNAH DOWNTOWN HISTORIC DISTRICT,2003308002,551 E HUNTINGDON ST,,,SAVANNAH,GA,31401,"551 E HUNTINGDON ST, SAVANNAH, GA 31401",551 E HUNTINGDON ST,551 E HUNTINGDON ST,Normalized,
306 EAST PRESIDENT ST  SAVANNAH GA 31401,,SVR-00967,2027-06-13,2000457002A,KATHLEEN M & DENNIS J REGAN,krdr.regan@gmail.com,9127046317,Type 2: Non-Owner-Occupied STVR Certificate,2,,6,SAVANNAH DOWNTOWN HISTORIC DISTRICT,2000457002A,306 E PRESIDENT ST,,,SAVANNAH,GA,31401,"306 E PRESIDENT ST, SAVANNAH, GA 31401",306 E PRESIDENT ST,306 E PRESIDENT ST,Normalized,
"347 TATTNALL ST, SAVANNAH, GA, 31401",,SVR-00968,2027-06-22,2003127003A,Alyssa Acker,hostingsavannah@gmail.com,4436104230,Type 2: Non-Owner-Occupied STVR Certificate,3,,8,SAVANNAH DOWNTOWN HISTORIC DISTRICT,2003127003A,347 TATTNALL ST,,,SAVANNAH,GA,31401,"347 TATTNALL ST, SAVANNAH, GA 31401",347 TATTNALL ST,347 TATTNALL ST,Normalized,
220 EAST BAY ST  SAVANNAH GA 31401,220,SVR-00972,2027-02-12,2000411003,24square Inc,24squaresavannah@gmail.com,9787667088,Type 2: Non-Owner-Occupied STVR Certificate,1,,4,SAVANNAH DOWNTOWN HISTORIC DISTRICT,2000411003,220 E BAY ST,220,,SAVANNAH,GA,31401,"220 E BAY ST UNIT 220, SAVANNAH, GA 31401",220 E BAY ST,220 E BAY ST UNIT 220,Normalized,
528 EAST CHARLTON ST  SAVANNAH GA 31401,,SVR-00973,2027-07-06,2001418041,Lucky Savannah Vacation Rentals,owners@luckysavannah.com,9124958582,Type 2: Non-Owner-Occupied STVR Certificate,1,,4,SAVANNAH DOWNTOWN HISTORIC DISTRICT,2001418041,528 E CHARLTON ST,,,SAVANNAH,GA,31401,"528 E CHARLTON ST, SAVANNAH, GA 31401",528 E CHARLTON ST,528 E CHARLTON ST,Normalized,
226 EAST BAY ST  SAVANNAH GA 31401,,SVR-00974,2027-02-12,2000411011,24square Inc,24squaresavannah@gmail.com,9787667088,Type 2: Non-Owner-Occupied STVR Certificate,1,,4,SAVANNAH DOWNTOWN HISTORIC DISTRICT,2000411011,226 E BAY ST,,,SAVANNAH,GA,31401,"226 E BAY ST, SAVANNAH, GA 31401",226 E BAY ST,226 E BAY ST,Normalized,
222 EAST FACTORS WK  SAVANNAH GA 31401,,SVR-00975,2026-12-13,2000411002,24square Inc,24squaresavannah@gmail.com,9787667088,Type 2: Non-Owner-Occupied STVR Certificate,1,,4,SAVANNAH DOWNTOWN HISTORIC DISTRICT,2000411002,222 E FACTORS WALK,,,SAVANNAH,GA,31401,"222 E FACTORS WALK, SAVANNAH, GA 31401",222 E FACTORS WALK,222 E FACTORS WALK,Normalized,
535 EAST CONGRESS ST  SAVANNAH GA 31401,A,SVR-00099,2027-08-23,2000515015,ANDREW & BROOKE WILFORD,awilford@jasminequarters.com,9123444467,Type 2: Non-Owner-Occupied STVR Certificate,2,1,6,SAVANNAH DOWNTOWN HISTORIC DISTRICT,2000515015,535 E CONGRESS ST,A,,SAVANNAH,GA,31401,"535 E CONGRESS ST UNIT A, SAVANNAH, GA 31401",535 E CONGRESS ST,535 E CONGRESS ST UNIT A,Normalized,
545 EAST CONGRESS ST  SAVANNAH GA 31401,,SVR-00979,2027-07-18,2000515011A,Lucky Savannah Vacation Rentals,owners@luckysavannah.com,9124958582,Type 2: Non-Owner-Occupied STVR Certificate,2,2,6,SAVANNAH DOWNTOWN HISTORIC DISTRICT,2000515011A,545 E CONGRESS ST,,,SAVANNAH,GA,31401,"545 E CONGRESS ST, SAVANNAH, GA 31401",545 E CONGRESS ST,545 E CONGRESS ST,Normalized,
110 EAST OGLETHORPE AVE  SAVANNAH GA 31401,A,SVR-00980,2026-09-10,2001507010,Lucky Savannah Vacation Rentals,owners@luckysavannah.com,9124958582,Type 2: Non-Owner-Occupied STVR Certificate,4,6,10,SAVANNAH DOWNTOWN HISTORIC DISTRICT,2001507010,110 E OGLETHORPE AVE,A,,SAVANNAH,GA,31401,"110 E OGLETHORPE AVE UNIT A, SAVANNAH, GA 31401",110 E OGLETHORPE AVE,110 E OGLETHORPE AVE UNIT A,Normalized,
216  HOUSTON ST  SAVANNAH GA 31401,,SVR-00981,2027-01-10,2001402011,Southern Belle Vacation Rentals,stvr@southernbellevr.com,9122190130,Type 2: Non-Owner-Occupied STVR Certificate,1,1,4,SAVANNAH DOWNTOWN HISTORIC DISTRICT,2001402011,216 HOUSTON ST,,,SAVANNAH,GA,31401,"216 HOUSTON ST, SAVANNAH, GA 31401",216 HOUSTON ST,216 HOUSTON ST,Normalized,
440  HABERSHAM ST  SAVANNAH GA 31401,,SVR-00982,2027-07-11,2003248014,NOLA RE Management Group LLC,compliance@stayheirloom.com,5045070523,Type 2: Non-Owner-Occupied STVR Certificate,4,,10,SAVANNAH DOWNTOWN HISTORIC DISTRICT,2003248014,440 HABERSHAM ST,,,SAVANNAH,GA,31401,"440 HABERSHAM ST, SAVANNAH, GA 31401",440 HABERSHAM ST,440 HABERSHAM ST,Normalized,
322 EAST OGLETHORPE AVE  SAVANNAH GA 31401,Upper,SVR-00983,2027-07-26,2001505009,Lucky Savannah Vacation Rentals,owners@luckysavannah.com,9124958582,Type 2: Non-Owner-Occupied STVR Certificate,4,1,10,SAVANNAH DOWNTOWN HISTORIC DISTRICT,2001505009,322 E OGLETHORPE AVE,UPPER,,SAVANNAH,GA,31401,"322 E OGLETHORPE AVE UNIT UPPER, SAVANNAH, GA 31401",322 E OGLETHORPE AVE,322 E OGLETHORPE AVE UNIT UPPER,Normalized,
424  HABERSHAM ST  SAVANNAH GA 31401,,SVR-00984,2026-10-08,2003232001,Bethany Ralph,bralph2@aol.com,8454893738,Type 2: Non-Owner-Occupied STVR Certificate,4,,10,SAVANNAH DOWNTOWN HISTORIC DISTRICT,2003232001,424 HABERSHAM ST,,,SAVANNAH,GA,31401,"424 HABERSHAM ST, SAVANNAH, GA 31401",424 HABERSHAM ST,424 HABERSHAM ST,Normalized,
517 EAST BROAD ST  SAVANNAH GA 31401,A,SVR-00992,2027-07-26,2003306012,Aaron Miller,acmill99@yahoo.com,4043131773,Type 2: Non-Owner-Occupied STVR Certificate,1,,4,SAVANNAH DOWNTOWN HISTORIC DISTRICT,2003306012,517 E BROAD ST,A,,SAVANNAH,GA,31401,"517 E BROAD ST UNIT A, SAVANNAH, GA 31401",517 E BROAD ST,517 E BROAD ST UNIT A,Normalized,
517 EAST BROAD ST  SAVANNAH GA 31401,B,SVR-00993,2027-07-26,2003306012,Aaron Miller,acmill99@yahoo.com,4043131773,Type 2: Non-Owner-Occupied STVR Certificate,2,,6,SAVANNAH DOWNTOWN HISTORIC DISTRICT,2003306012,517 E BROAD ST,B,,SAVANNAH,GA,31401,"517 E BROAD ST UNIT B, SAVANNAH, GA 31401",517 E BROAD ST,517 E BROAD ST UNIT B,Normalized,
101 EAST GASTON ST  SAVANNAH GA 31401,10-A,SVR-00999,2027-01-28,2003260024,Lucky Savannah Vacation Rentals,owners@luckysavannah.com,9124958582,Type 2: Non-Owner-Occupied STVR Certificate,2,1,6,SAVANNAH DOWNTOWN HISTORIC DISTRICT,2003260024,101 E GASTON ST,10-A,,SAVANNAH,GA,31401,"101 E GASTON ST UNIT 10-A, SAVANNAH, GA 31401",101 E GASTON ST,101 E GASTON ST UNIT 10-A,Normalized,
101 EAST GASTON ST  SAVANNAH GA 31401,10-B,SVR-01000,2027-01-28,2003260025,Lucky Savannah Vacation Rentals,owners@luckysavannah.com,9124958582,Type 2: Non-Owner-Occupied STVR Certificate,1,1,4,SAVANNAH DOWNTOWN HISTORIC DISTRICT,2003260025,101 E GASTON ST,10-B,,SAVANNAH,GA,31401,"101 E GASTON ST UNIT 10-B, SAVANNAH, GA 31401",101 E GASTON ST,101 E GASTON ST UNIT 10-B,Normalized,
101 EAST GASTON ST  SAVANNAH GA 31401,11-A,SVR-01001,2027-01-28,2003260026,Lucky Savannah Vacation Rentals,owners@luckysavannah.com,9124958582,Type 2: Non-Owner-Occupied STVR Certificate,2,1,6,SAVANNAH DOWNTOWN HISTORIC DISTRICT,2003260026,101 E GASTON ST,11-A,,SAVANNAH,GA,31401,"101 E GASTON ST UNIT 11-A, SAVANNAH, GA 31401",101 E GASTON ST,101 E GASTON ST UNIT 11-A,Normalized,
101 EAST GASTON ST  SAVANNAH GA 31401,11-B,SVR-01002,2027-01-28,2003260027,Lucky Savannah Vacation Rentals,owners@luckysavannah.com,9124958582,Type 2: Non-Owner-Occupied STVR Certificate,1,1,4,SAVANNAH DOWNTOWN HISTORIC DISTRICT,2003260027,101 E GASTON ST,11-B,,SAVANNAH,GA,31401,"101 E GASTON ST UNIT 11-B, SAVANNAH, GA 31401",101 E GASTON ST,101 E GASTON ST UNIT 11-B,Normalized,
101 EAST GASTON ST  SAVANNAH GA 31401,12-A,SVR-01003,2027-01-28,2003260028,Lucky Savannah Vacation Rentals,owners@luckysavannah.com,9124958582,Type 2: Non-Owner-Occupied STVR Certificate,2,1,6,SAVANNAH DOWNTOWN HISTORIC DISTRICT,2003260028,101 E GASTON ST,12-A,,SAVANNAH,GA,31401,"101 E GASTON ST UNIT 12-A, SAVANNAH, GA 31401",101 E GASTON ST,101 E GASTON ST UNIT 12-A,Normalized,
101 EAST GASTON ST  SAVANNAH GA 31401,12-B,SVR-01004,2027-01-28,2003260029,Lucky Savannah Vacation Rentals,owners@luckysavannah.com,9124958582,Type 2: Non-Owner-Occupied STVR Certificate,1,1,4,SAVANNAH DOWNTOWN HISTORIC DISTRICT,2003260029,101 E GASTON ST,12-B,,SAVANNAH,GA,31401,"101 E GASTON ST UNIT 12-B, SAVANNAH, GA 31401",101 E GASTON ST,101 E GASTON ST UNIT 12-B,Normalized,
101 EAST GASTON ST  SAVANNAH GA 31401,14-B,SVR-01005,2027-01-28,2003260031,Lucky Savannah Vacation Rentals,owners@luckysavannah.com,9124958582,Type 2: Non-Owner-Occupied STVR Certificate,1,1,4,SAVANNAH DOWNTOWN HISTORIC DISTRICT,2003260031,101 E GASTON ST,14-B,,SAVANNAH,GA,31401,"101 E GASTON ST UNIT 14-B, SAVANNAH, GA 31401",101 E GASTON ST,101 E GASTON ST UNIT 14-B,Normalized,
