url,listing_id
https://www.airbnb.com/rooms/1100116572684564552,1100116572684564552
https://www.airbnb.com/rooms/1216778611355648372,1216778611355648372
https://www.airbnb.com/rooms/1229300368990318069,1229300368990318069
https://www.airbnb.com/rooms/1238660480541587477,1238660480541587477
https://www.airbnb.com/rooms/1311221151956018948,1311221151956018948
https://www.airbnb.com/rooms/1330453043671959687,1330453043671959687
https://www.airbnb.com/rooms/1413050329790992570,1413050329790992570
https://www.airbnb.com/rooms/1529326177167714304,1529326177167714304
https://www.airbnb.com/rooms/1540916066539998315,1540916066539998315
https://www.airbnb.com/rooms/1634476096521599854,1634476096521599854
https://www.airbnb.com/rooms/18590591,18590591
https://www.airbnb.com/rooms/19073124,19073124
https://www.airbnb.com/rooms/51233240,51233240
https://www.airbnb.com/rooms/53646758,53646758
https://www.airbnb.com/rooms/805025432139450647,805025432139450647
https://www.airbnb.com/rooms/848598303621376559,848598303621376559
https://www.airbnb.com/rooms/895698739419056023,895698739419056023
https://www.airbnb.com/rooms/922713064670740775,922713064670740775
https://www.airbnb.com/rooms/1163032996571153846,1163032996571153846
https://www.airbnb.com/rooms/1271954533202269309,1271954533202269309
https://www.airbnb.com/rooms/1302932697254891394,1302932697254891394
https://www.airbnb.com/rooms/1422394709459265071,1422394709459265071
https://www.airbnb.com/rooms/1461614775877853675,1461614775877853675
https://www.airbnb.com/rooms/1595109072378021107,1595109072378021107
https://www.airbnb.com/rooms/1772846205307464881,1772846205307464881
https://www.airbnb.com/rooms/20565816,20565816
https://www.airbnb.com/rooms/29210097,29210097
https://www.airbnb.com/rooms/35761331,35761331
https://www.airbnb.com/rooms/40000058,40000058
https://www.airbnb.com/rooms/43862614,43862614
https://www.airbnb.com/rooms/46620561,46620561
https://www.airbnb.com/rooms/52420539,52420539
https://www.airbnb.com/rooms/722440394084154927,722440394084154927
https://www.airbnb.com/rooms/731268671877280773,731268671877280773
https://www.airbnb.com/rooms/914739560203571788,914739560203571788
https://www.airbnb.com/rooms/918324455495462841,918324455495462841
https://www.airbnb.com/rooms/10831198,10831198
https://www.airbnb.com/rooms/1119792513492927845,1119792513492927845
https://www.airbnb.com/rooms/12246603,12246603
https://www.airbnb.com/rooms/1347748044872594464,1347748044872594464
https://www.airbnb.com/rooms/1431379835897384238,1431379835897384238
https://www.airbnb.com/rooms/1441336418630176542,1441336418630176542
https://www.airbnb.com/rooms/1498741417138407764,1498741417138407764
https://www.airbnb.com/rooms/15336863,15336863
https://www.airbnb.com/rooms/15355149,15355149
https://www.airbnb.com/rooms/15372080,15372080
https://www.airbnb.com/rooms/15373565,15373565
https://www.airbnb.com/rooms/15374911,15374911
https://www.airbnb.com/rooms/1544338212953976085,1544338212953976085
https://www.airbnb.com/rooms/1544364360971449270,1544364360971449270
https://www.airbnb.com/rooms/1652866976842614342,1652866976842614342
https://www.airbnb.com/rooms/20284900,20284900
https://www.airbnb.com/rooms/854995736275813826,854995736275813826
https://www.airbnb.com/rooms/982189420379887126,982189420379887126
https://www.airbnb.com/rooms/1060250528818521182,1060250528818521182
https://www.airbnb.com/rooms/11074483,11074483
https://www.airbnb.com/rooms/1423318587031674012,1423318587031674012
https://www.airbnb.com/rooms/1492047418700315267,1492047418700315267
https://www.airbnb.com/rooms/1572531667520413002,1572531667520413002
https://www.airbnb.com/rooms/1653671774165842044,1653671774165842044
https://www.airbnb.com/rooms/1701640652404598149,1701640652404598149
https://www.airbnb.com/rooms/21947757,21947757
https://www.airbnb.com/rooms/30507492,30507492
https://www.airbnb.com/rooms/34513576,34513576
https://www.airbnb.com/rooms/35231306,35231306
https://www.airbnb.com/rooms/35652611,35652611
https://www.airbnb.com/rooms/37912148,37912148
https://www.airbnb.com/rooms/44395269,44395269
https://www.airbnb.com/rooms/52445116,52445116
https://www.airbnb.com/rooms/739304502085391324,739304502085391324
https://www.airbnb.com/rooms/852755080971149892,852755080971149892
https://www.airbnb.com/rooms/1000016044939709561,1000016044939709561
https://www.airbnb.com/rooms/1020986514694827074,1020986514694827074
https://www.airbnb.com/rooms/1089901302813468384,1089901302813468384
https://www.airbnb.com/rooms/1226906657070614693,1226906657070614693
https://www.airbnb.com/rooms/1238678532750505180,1238678532750505180
https://www.airbnb.com/rooms/1256764602056825442,1256764602056825442
https://www.airbnb.com/rooms/1526206027217385339,1526206027217385339
https://www.airbnb.com/rooms/1669077243895211658,1669077243895211658
https://www.airbnb.com/rooms/1760555044857588011,1760555044857588011
https://www.airbnb.com/rooms/26812474,26812474
https://www.airbnb.com/rooms/26954842,26954842
https://www.airbnb.com/rooms/32658293,32658293
https://www.airbnb.com/rooms/40678390,40678390
https://www.airbnb.com/rooms/54072608,54072608
https://www.airbnb.com/rooms/669669966202179222,669669966202179222
https://www.airbnb.com/rooms/944271923515054284,944271923515054284
https://www.airbnb.com/rooms/10452358,10452358
https://www.airbnb.com/rooms/11087723,11087723
https://www.airbnb.com/rooms/1182666649469972550,1182666649469972550
https://www.airbnb.com/rooms/1391354698549046890,1391354698549046890
https://www.airbnb.com/rooms/1491389463216584272,1491389463216584272
https://www.airbnb.com/rooms/1705918135552439781,1705918135552439781
https://www.airbnb.com/rooms/33250628,33250628
https://www.airbnb.com/rooms/33453266,33453266
https://www.airbnb.com/rooms/39562406,39562406
https://www.airbnb.com/rooms/40140223,40140223
https://www.airbnb.com/rooms/48152292,48152292
https://www.airbnb.com/rooms/51453634,51453634
https://www.airbnb.com/rooms/52031976,52031976
https://www.airbnb.com/rooms/52040242,52040242
https://www.airbnb.com/rooms/53259569,53259569
https://www.airbnb.com/rooms/635766916653273369,635766916653273369
https://www.airbnb.com/rooms/819579659583194835,819579659583194835
https://www.airbnb.com/rooms/902382680811015820,902382680811015820
https://www.airbnb.com/rooms/10452361,10452361
https://www.airbnb.com/rooms/1051015407692253171,1051015407692253171
https://www.airbnb.com/rooms/11304096,11304096
https://www.airbnb.com/rooms/1135429940003725571,1135429940003725571
https://www.airbnb.com/rooms/1242057073007300529,1242057073007300529
https://www.airbnb.com/rooms/1356566077103333499,1356566077103333499
https://www.airbnb.com/rooms/1391396880979441918,1391396880979441918
https://www.airbnb.com/rooms/1553186501385764385,1553186501385764385
https://www.airbnb.com/rooms/1720279103835647504,1720279103835647504
https://www.airbnb.com/rooms/30593043,30593043
https://www.airbnb.com/rooms/38086280,38086280
https://www.airbnb.com/rooms/42121413,42121413
https://www.airbnb.com/rooms/788503126639322490,788503126639322490
https://www.airbnb.com/rooms/792815344610050016,792815344610050016
https://www.airbnb.com/rooms/850768438307292614,850768438307292614
https://www.airbnb.com/rooms/874507859496008368,874507859496008368
https://www.airbnb.com/rooms/945127509679977419,945127509679977419
https://www.airbnb.com/rooms/984358116445777162,984358116445777162
https://www.airbnb.com/rooms/1150840459960778304,1150840459960778304
https://www.airbnb.com/rooms/1213179530585241959,1213179530585241959
https://www.airbnb.com/rooms/1353676883955396348,1353676883955396348
https://www.airbnb.com/rooms/1374579914356367036,1374579914356367036
https://www.airbnb.com/rooms/1493514738110877465,1493514738110877465
https://www.airbnb.com/rooms/1522439030769144668,1522439030769144668
https://www.airbnb.com/rooms/1659574116478304179,1659574116478304179
https://www.airbnb.com/rooms/1680064737211742055,1680064737211742055
https://www.airbnb.com/rooms/1761140103930041051,1761140103930041051
https://www.airbnb.com/rooms/1775771662713007065,1775771662713007065
https://www.airbnb.com/rooms/21275826,21275826
https://www.airbnb.com/rooms/33348331,33348331
https://www.airbnb.com/rooms/39073798,39073798
https://www.airbnb.com/rooms/40000609,40000609
https://www.airbnb.com/rooms/40865070,40865070
https://www.airbnb.com/rooms/53244457,53244457
https://www.airbnb.com/rooms/853596926303049750,853596926303049750
https://www.airbnb.com/rooms/1241390675220221795,1241390675220221795
https://www.airbnb.com/rooms/1324755750864670915,1324755750864670915
https://www.airbnb.com/rooms/1398629200817805974,1398629200817805974
https://www.airbnb.com/rooms/1471684141765211006,1471684141765211006
https://www.airbnb.com/rooms/54325156,54325156
https://www.airbnb.com/rooms/1000723275920698851,1000723275920698851
https://www.airbnb.com/rooms/1166212579956934141,1166212579956934141
https://www.airbnb.com/rooms/1212465037318411483,1212465037318411483
https://www.airbnb.com/rooms/1526850670708134266,1526850670708134266
https://www.airbnb.com/rooms/15679040,15679040
https://www.airbnb.com/rooms/16130404,16130404
https://www.airbnb.com/rooms/23324285,23324285
https://www.airbnb.com/rooms/26011923,26011923
https://www.airbnb.com/rooms/49246247,49246247
https://www.airbnb.com/rooms/53917655,53917655
https://www.airbnb.com/rooms/54177479,54177479
https://www.airbnb.com/rooms/549253527824678602,549253527824678602
https://www.airbnb.com/rooms/653214381263937947,653214381263937947
https://www.airbnb.com/rooms/789146585212895078,789146585212895078
https://www.airbnb.com/rooms/836905097607394396,836905097607394396
https://www.airbnb.com/rooms/1004517365253358051,1004517365253358051
https://www.airbnb.com/rooms/1019704614335330285,1019704614335330285
https://www.airbnb.com/rooms/1045069761901814555,1045069761901814555
https://www.airbnb.com/rooms/1107240546442956537,1107240546442956537
https://www.airbnb.com/rooms/1193610887858871675,1193610887858871675
https://www.airbnb.com/rooms/1212906685958863279,1212906685958863279
https://www.airbnb.com/rooms/1561846850760852262,1561846850760852262
https://www.airbnb.com/rooms/1604497491978953187,1604497491978953187
https://www.airbnb.com/rooms/1733730035179661243,1733730035179661243
https://www.airbnb.com/rooms/44665198,44665198
https://www.airbnb.com/rooms/52751728,52751728
https://www.airbnb.com/rooms/592648492177716709,592648492177716709
https://www.airbnb.com/rooms/6645436,6645436
https://www.airbnb.com/rooms/799205730514054543,799205730514054543
https://www.airbnb.com/rooms/903667252073073674,903667252073073674
https://www.airbnb.com/rooms/983332191842573118,983332191842573118
https://www.airbnb.com/rooms/1132764047967872083,1132764047967872083
https://www.airbnb.com/rooms/1156479391365555754,1156479391365555754
https://www.airbnb.com/rooms/1175541937559719239,1175541937559719239
https://www.airbnb.com/rooms/1207211193072212273,1207211193072212273
https://www.airbnb.com/rooms/1229818292969965201,1229818292969965201
https://www.airbnb.com/rooms/1282120188970093894,1282120188970093894
https://www.airbnb.com/rooms/1595112362961657924,1595112362961657924
https://www.airbnb.com/rooms/1699502182233042136,1699502182233042136
https://www.airbnb.com/rooms/1777003385471608397,1777003385471608397
https://www.airbnb.com/rooms/31530396,31530396
https://www.airbnb.com/rooms/33587944,33587944
https://www.airbnb.com/rooms/54015386,54015386
https://www.airbnb.com/rooms/623906283158890087,623906283158890087
https://www.airbnb.com/rooms/755716077355444108,755716077355444108
https://www.airbnb.com/rooms/845847929732898974,845847929732898974
https://www.airbnb.com/rooms/867567291546120632,867567291546120632
https://www.airbnb.com/rooms/894033034447090464,894033034447090464
https://www.airbnb.com/rooms/915912264163740808,915912264163740808
https://www.airbnb.com/rooms/1081966340783949602,1081966340783949602
https://www.airbnb.com/rooms/1082666923079003408,1082666923079003408
https://www.airbnb.com/rooms/1173470211366518158,1173470211366518158
https://www.airbnb.com/rooms/1217332525204713052,1217332525204713052
https://www.airbnb.com/rooms/1274924197103905008,1274924197103905008
https://www.airbnb.com/rooms/1522898227958481723,1522898227958481723
https://www.airbnb.com/rooms/1700222133319651199,1700222133319651199
https://www.airbnb.com/rooms/1728354401389831000,1728354401389831000
https://www.airbnb.com/rooms/18787868,18787868
https://www.airbnb.com/rooms/36831696,36831696
https://www.airbnb.com/rooms/43255822,43255822
https://www.airbnb.com/rooms/48230962,48230962
https://www.airbnb.com/rooms/4840084,4840084
https://www.airbnb.com/rooms/653760670969401248,653760670969401248
https://www.airbnb.com/rooms/675502837117603066,675502837117603066
https://www.airbnb.com/rooms/729655886142817960,729655886142817960
https://www.airbnb.com/rooms/915135412088480035,915135412088480035
https://www.airbnb.com/rooms/946393040073332607,946393040073332607
https://www.airbnb.com/rooms/1042888587719777106,1042888587719777106
https://www.airbnb.com/rooms/1308969203239689590,1308969203239689590
https://www.airbnb.com/rooms/1344283012895691086,1344283012895691086
https://www.airbnb.com/rooms/1609449177783353352,1609449177783353352
https://www.airbnb.com/rooms/1641499909498818394,1641499909498818394
https://www.airbnb.com/rooms/24657208,24657208
https://www.airbnb.com/rooms/29791948,29791948
https://www.airbnb.com/rooms/37909466,37909466
https://www.airbnb.com/rooms/39992331,39992331
https://www.airbnb.com/rooms/46914016,46914016
https://www.airbnb.com/rooms/47861297,47861297
https://www.airbnb.com/rooms/49735281,49735281
https://www.airbnb.com/rooms/598539940586635348,598539940586635348
https://www.airbnb.com/rooms/647299648400836355,647299648400836355
https://www.airbnb.com/rooms/834817829729944260,834817829729944260
https://www.airbnb.com/rooms/863646926569905490,863646926569905490
https://www.airbnb.com/rooms/983938571056492254,983938571056492254
https://www.airbnb.com/rooms/984053386897283076,984053386897283076
https://www.airbnb.com/rooms/1026260750623375921,1026260750623375921
https://www.airbnb.com/rooms/1036534132834521586,1036534132834521586
https://www.airbnb.com/rooms/1038456719373874938,1038456719373874938
https://www.airbnb.com/rooms/1039871685988045662,1039871685988045662
https://www.airbnb.com/rooms/1049262653803083979,1049262653803083979
https://www.airbnb.com/rooms/1085399877971986707,1085399877971986707
https://www.airbnb.com/rooms/1116701276848861591,1116701276848861591
https://www.airbnb.com/rooms/1138527852202045205,1138527852202045205
https://www.airbnb.com/rooms/1202332028801195327,1202332028801195327
https://www.airbnb.com/rooms/1239838932194519483,1239838932194519483
https://www.airbnb.com/rooms/1283653653530349774,1283653653530349774
https://www.airbnb.com/rooms/1313136067389116169,1313136067389116169
https://www.airbnb.com/rooms/1440496904231761997,1440496904231761997
https://www.airbnb.com/rooms/1603422833243443659,1603422833243443659
https://www.airbnb.com/rooms/1772711052917605588,1772711052917605588
https://www.airbnb.com/rooms/613946389513423030,613946389513423030
https://www.airbnb.com/rooms/914486864681635033,914486864681635033
https://www.airbnb.com/rooms/956059868792183938,956059868792183938
https://www.airbnb.com/rooms/1042834053003045515,1042834053003045515
https://www.airbnb.com/rooms/1075401831461108703,1075401831461108703
https://www.airbnb.com/rooms/10835936,10835936
https://www.airbnb.com/rooms/1199799107817536721,1199799107817536721
https://www.airbnb.com/rooms/1219693980097154181,1219693980097154181
https://www.airbnb.com/rooms/15718297,15718297
https://www.airbnb.com/rooms/1776105885178299697,1776105885178299697
https://www.airbnb.com/rooms/21476000,21476000
https://www.airbnb.com/rooms/26368330,26368330
https://www.airbnb.com/rooms/31763112,31763112
https://www.airbnb.com/rooms/43069171,43069171
https://www.airbnb.com/rooms/54385381,54385381
https://www.airbnb.com/rooms/574654292385663152,574654292385663152
https://www.airbnb.com/rooms/618608204532701826,618608204532701826
https://www.airbnb.com/rooms/659458327077368193,659458327077368193
https://www.airbnb.com/rooms/940651604575722683,940651604575722683
https://www.airbnb.com/rooms/946401182112171615,946401182112171615
https://www.airbnb.com/rooms/974759997027071160,974759997027071160
https://www.airbnb.com/rooms/1104659805384560465,1104659805384560465
https://www.airbnb.com/rooms/13089340,13089340
https://www.airbnb.com/rooms/1321857511131081878,1321857511131081878
https://www.airbnb.com/rooms/1325342194584599994,1325342194584599994
https://www.airbnb.com/rooms/1333656560122553919,1333656560122553919
https://www.airbnb.com/rooms/1394537389452145526,1394537389452145526
https://www.airbnb.com/rooms/1509379875905200648,1509379875905200648
https://www.airbnb.com/rooms/1559466446934895920,1559466446934895920
https://www.airbnb.com/rooms/1634477629145767803,1634477629145767803
https://www.airbnb.com/rooms/1679080731653627814,1679080731653627814
https://www.airbnb.com/rooms/1686910124800083134,1686910124800083134
https://www.airbnb.com/rooms/24097922,24097922
https://www.airbnb.com/rooms/32911226,32911226
https://www.airbnb.com/rooms/34179107,34179107
https://www.airbnb.com/rooms/35259125,35259125
https://www.airbnb.com/rooms/7529971,7529971
https://www.airbnb.com/rooms/802304449560825602,802304449560825602
https://www.airbnb.com/rooms/984303553619456408,984303553619456408
https://www.airbnb.com/rooms/1050154261828086852,1050154261828086852
https://www.airbnb.com/rooms/1213078394776180484,1213078394776180484
https://www.airbnb.com/rooms/1331857623396920355,1331857623396920355
https://www.airbnb.com/rooms/1394540055509039671,1394540055509039671
https://www.airbnb.com/rooms/1510813490258886552,1510813490258886552
https://www.airbnb.com/rooms/1610392007469441760,1610392007469441760
https://www.airbnb.com/rooms/1636670801074167548,1636670801074167548
https://www.airbnb.com/rooms/1774908163331441402,1774908163331441402
https://www.airbnb.com/rooms/22754239,22754239
https://www.airbnb.com/rooms/39201237,39201237
https://www.airbnb.com/rooms/45090727,45090727
https://www.airbnb.com/rooms/49727028,49727028
https://www.airbnb.com/rooms/53047205,53047205
https://www.airbnb.com/rooms/53991756,53991756
https://www.airbnb.com/rooms/665266732081651688,665266732081651688
https://www.airbnb.com/rooms/787222336394960019,787222336394960019
https://www.airbnb.com/rooms/839393382245293176,839393382245293176
https://www.airbnb.com/rooms/847017524286533583,847017524286533583
https://www.airbnb.com/rooms/1075634007541098397,1075634007541098397
https://www.airbnb.com/rooms/1119825179693790904,1119825179693790904
https://www.airbnb.com/rooms/1160049170395179800,1160049170395179800
https://www.airbnb.com/rooms/1394537319070362793,1394537319070362793
https://www.airbnb.com/rooms/1445753787248398783,1445753787248398783
https://www.airbnb.com/rooms/1652933833403775145,1652933833403775145
https://www.airbnb.com/rooms/16783426,16783426
https://www.airbnb.com/rooms/1747554929634102499,1747554929634102499
https://www.airbnb.com/rooms/1764999250132861464,1764999250132861464
https://www.airbnb.com/rooms/21505037,21505037
https://www.airbnb.com/rooms/43476623,43476623
https://www.airbnb.com/rooms/710917771053145688,710917771053145688
https://www.airbnb.com/rooms/740736961387779258,740736961387779258
https://www.airbnb.com/rooms/743778417242404055,743778417242404055
https://www.airbnb.com/rooms/762081385457173429,762081385457173429
https://www.airbnb.com/rooms/828280225651241591,828280225651241591
https://www.airbnb.com/rooms/843474141992971396,843474141992971396
https://www.airbnb.com/rooms/852114662733324802,852114662733324802
https://www.airbnb.com/rooms/1202410306047301076,1202410306047301076
https://www.airbnb.com/rooms/1394537354294569362,1394537354294569362
https://www.airbnb.com/rooms/1466583109545378324,1466583109545378324
https://www.airbnb.com/rooms/1503137457390219171,1503137457390219171
https://www.airbnb.com/rooms/1506133421906943659,1506133421906943659
https://www.airbnb.com/rooms/1521710050558156491,1521710050558156491
https://www.airbnb.com/rooms/1521710051023886891,1521710051023886891
https://www.airbnb.com/rooms/1521710051738250961,1521710051738250961
https://www.airbnb.com/rooms/1521710107122318641,1521710107122318641
https://www.airbnb.com/rooms/1623516334773251092,1623516334773251092
https://www.airbnb.com/rooms/1627724397979087847,1627724397979087847
https://www.airbnb.com/rooms/1691394379182704298,1691394379182704298
https://www.airbnb.com/rooms/1717700073663241272,1717700073663241272
https://www.airbnb.com/rooms/1772002966627017433,1772002966627017433
https://www.airbnb.com/rooms/45304134,45304134
https://www.airbnb.com/rooms/50284611,50284611
https://www.airbnb.com/rooms/50620036,50620036
https://www.airbnb.com/rooms/554287594022760664,554287594022760664
https://www.airbnb.com/rooms/1521710045765916283,1521710045765916283
https://www.airbnb.com/rooms/1521710086307394210,1521710086307394210
https://www.airbnb.com/rooms/1521710100127896549,1521710100127896549
https://www.airbnb.com/rooms/1716998928121602966,1716998928121602966
https://www.airbnb.com/rooms/20523061,20523061
https://www.airbnb.com/rooms/42765574,42765574
https://www.airbnb.com/rooms/50283509,50283509
https://www.airbnb.com/rooms/768374369216874694,768374369216874694
https://www.airbnb.com/rooms/992644364939372877,992644364939372877
https://www.airbnb.com/rooms/1175524394009585983,1175524394009585983
https://www.airbnb.com/rooms/1189487899857474919,1189487899857474919
https://www.airbnb.com/rooms/1300260468532554723,1300260468532554723
https://www.airbnb.com/rooms/1405089431065411641,1405089431065411641
https://www.airbnb.com/rooms/19671851,19671851
https://www.airbnb.com/rooms/20858747,20858747
https://www.airbnb.com/rooms/20883492,20883492
https://www.airbnb.com/rooms/20995462,20995462
https://www.airbnb.com/rooms/37082984,37082984
https://www.airbnb.com/rooms/48542824,48542824
https://www.airbnb.com/rooms/49371231,49371231
https://www.airbnb.com/rooms/618268386963911834,618268386963911834
https://www.airbnb.com/rooms/638521059345503593,638521059345503593
https://www.airbnb.com/rooms/720250946512730479,720250946512730479
https://www.airbnb.com/rooms/793717368928835558,793717368928835558
https://www.airbnb.com/rooms/8683283,8683283
https://www.airbnb.com/rooms/1039766953929426065,1039766953929426065
https://www.airbnb.com/rooms/1234163502290373123,1234163502290373123
https://www.airbnb.com/rooms/12355786,12355786
https://www.airbnb.com/rooms/1305114638770957752,1305114638770957752
https://www.airbnb.com/rooms/1419677002366112693,1419677002366112693
https://www.airbnb.com/rooms/1532730830624260697,1532730830624260697
https://www.airbnb.com/rooms/1706248444991682477,1706248444991682477
https://www.airbnb.com/rooms/1780359800331488337,1780359800331488337
https://www.airbnb.com/rooms/48155750,48155750
https://www.airbnb.com/rooms/52620499,52620499
https://www.airbnb.com/rooms/735878595401239237,735878595401239237
https://www.airbnb.com/rooms/742013564990356731,742013564990356731
https://www.airbnb.com/rooms/841401022539273073,841401022539273073
https://www.airbnb.com/rooms/1018783022490648179,1018783022490648179
https://www.airbnb.com/rooms/1022594018018881433,1022594018018881433
https://www.airbnb.com/rooms/1123199024717432564,1123199024717432564
https://www.airbnb.com/rooms/14591916,14591916
https://www.airbnb.com/rooms/1545222488629669844,1545222488629669844
https://www.airbnb.com/rooms/15469487,15469487
https://www.airbnb.com/rooms/1568861365282421143,1568861365282421143
https://www.airbnb.com/rooms/1572645495824376644,1572645495824376644
https://www.airbnb.com/rooms/26496915,26496915
https://www.airbnb.com/rooms/887303849081430556,887303849081430556
https://www.airbnb.com/rooms/1090686116086847192,1090686116086847192
https://www.airbnb.com/rooms/1158997087627907221,1158997087627907221
https://www.airbnb.com/rooms/1181971043957216151,1181971043957216151
https://www.airbnb.com/rooms/1371243776626861688,1371243776626861688
https://www.airbnb.com/rooms/1462380844900468326,1462380844900468326
https://www.airbnb.com/rooms/1468222475174279004,1468222475174279004
https://www.airbnb.com/rooms/1468280634527846835,1468280634527846835
https://www.airbnb.com/rooms/1544132949876432724,1544132949876432724
https://www.airbnb.com/rooms/1576940416184297829,1576940416184297829
https://www.airbnb.com/rooms/1648016028033645308,1648016028033645308
https://www.airbnb.com/rooms/1659730920626982201,1659730920626982201
https://www.airbnb.com/rooms/1683523807395786279,1683523807395786279
https://www.airbnb.com/rooms/1708875949927704386,1708875949927704386
https://www.airbnb.com/rooms/1714752138853184702,1714752138853184702
https://www.airbnb.com/rooms/1744449211019019744,1744449211019019744
https://www.airbnb.com/rooms/1774842683956363526,1774842683956363526
https://www.airbnb.com/rooms/1106469780017814190,1106469780017814190
https://www.airbnb.com/rooms/1232531292528318295,1232531292528318295
https://www.airbnb.com/rooms/1400819758293791893,1400819758293791893
https://www.airbnb.com/rooms/1517410802313856400,1517410802313856400
https://www.airbnb.com/rooms/1595044630582156315,1595044630582156315
https://www.airbnb.com/rooms/1600171301366808006,1600171301366808006
https://www.airbnb.com/rooms/1624194780275148581,1624194780275148581
https://www.airbnb.com/rooms/1690135947021562662,1690135947021562662
https://www.airbnb.com/rooms/1763645538667725761,1763645538667725761
https://www.airbnb.com/rooms/1774012096837498312,1774012096837498312
https://www.airbnb.com/rooms/1779392598094764338,1779392598094764338
https://www.airbnb.com/rooms/1782706265566788990,1782706265566788990
https://www.airbnb.com/rooms/939162811174598657,939162811174598657
https://www.airbnb.com/rooms/978185019166630348,978185019166630348
https://www.airbnb.com/rooms/1519299896368018873,1519299896368018873
https://www.airbnb.com/rooms/1645885420845717042,1645885420845717042
https://www.airbnb.com/rooms/1646923002106465173,1646923002106465173
https://www.airbnb.com/rooms/26807712,26807712
https://www.airbnb.com/rooms/31760325,31760325
https://www.airbnb.com/rooms/39253335,39253335
https://www.airbnb.com/rooms/46125320,46125320
https://www.airbnb.com/rooms/54342625,54342625
https://www.airbnb.com/rooms/798024088550324209,798024088550324209
https://www.airbnb.com/rooms/917490002101739137,917490002101739137
https://www.airbnb.com/rooms/947141888436263956,947141888436263956
https://www.airbnb.com/rooms/979577009343033715,979577009343033715
https://www.airbnb.com/rooms/1216817624498668871,1216817624498668871
https://www.airbnb.com/rooms/1246702141915898817,1246702141915898817
https://www.airbnb.com/rooms/1269900673853584929,1269900673853584929
https://www.airbnb.com/rooms/1442840152644067630,1442840152644067630
https://www.airbnb.com/rooms/1464536864820366936,1464536864820366936
https://www.airbnb.com/rooms/1472823818323849786,1472823818323849786
https://www.airbnb.com/rooms/1601030805735954135,1601030805735954135
https://www.airbnb.com/rooms/1683674005221995212,1683674005221995212
https://www.airbnb.com/rooms/1776452352762305205,1776452352762305205
https://www.airbnb.com/rooms/28871678,28871678
https://www.airbnb.com/rooms/37968215,37968215
https://www.airbnb.com/rooms/40491391,40491391
https://www.airbnb.com/rooms/52630066,52630066
https://www.airbnb.com/rooms/53095969,53095969
https://www.airbnb.com/rooms/811053759748104967,811053759748104967
https://www.airbnb.com/rooms/965952858628158616,965952858628158616
https://www.airbnb.com/rooms/12345794,12345794
https://www.airbnb.com/rooms/1297912182050432538,1297912182050432538
https://www.airbnb.com/rooms/1445729236022411693,1445729236022411693
https://www.airbnb.com/rooms/1497291716814774789,1497291716814774789
https://www.airbnb.com/rooms/1626961663632449118,1626961663632449118
https://www.airbnb.com/rooms/1658778795635224773,1658778795635224773
https://www.airbnb.com/rooms/1764564524328298302,1764564524328298302
https://www.airbnb.com/rooms/1782461453273168332,1782461453273168332
https://www.airbnb.com/rooms/1867847,1867847
https://www.airbnb.com/rooms/26808416,26808416
https://www.airbnb.com/rooms/28760180,28760180
https://www.airbnb.com/rooms/34466074,34466074
https://www.airbnb.com/rooms/34902765,34902765
https://www.airbnb.com/rooms/42860770,42860770
https://www.airbnb.com/rooms/683552791807901088,683552791807901088
https://www.airbnb.com/rooms/1045191312427007883,1045191312427007883
https://www.airbnb.com/rooms/1104579787692947097,1104579787692947097
https://www.airbnb.com/rooms/1338708796215039259,1338708796215039259
https://www.airbnb.com/rooms/1450186122993595337,1450186122993595337
https://www.airbnb.com/rooms/1463808834513898861,1463808834513898861
https://www.airbnb.com/rooms/1526856260641814761,1526856260641814761
https://www.airbnb.com/rooms/1530542559651885157,1530542559651885157
https://www.airbnb.com/rooms/1679289355535167759,1679289355535167759
https://www.airbnb.com/rooms/1745842709421105838,1745842709421105838
https://www.airbnb.com/rooms/20726056,20726056
https://www.airbnb.com/rooms/750589278001564500,750589278001564500
https://www.airbnb.com/rooms/877724454272875058,877724454272875058
https://www.airbnb.com/rooms/882554629064525865,882554629064525865
https://www.airbnb.com/rooms/1059000352386853631,1059000352386853631
https://www.airbnb.com/rooms/1060806485480049298,1060806485480049298
https://www.airbnb.com/rooms/1491980234080611570,1491980234080611570
https://www.airbnb.com/rooms/1495700259432098047,1495700259432098047
https://www.airbnb.com/rooms/1495713896560359931,1495713896560359931
https://www.airbnb.com/rooms/1774787034653180273,1774787034653180273
https://www.airbnb.com/rooms/47795987,47795987
https://www.airbnb.com/rooms/50900727,50900727
https://www.airbnb.com/rooms/627651846440444272,627651846440444272
https://www.airbnb.com/rooms/735491915238276657,735491915238276657
https://www.airbnb.com/rooms/739917998509864152,739917998509864152
https://www.airbnb.com/rooms/974003718386406512,974003718386406512
https://www.airbnb.com/rooms/1029695405015899328,1029695405015899328
https://www.airbnb.com/rooms/1168205561402749910,1168205561402749910
https://www.airbnb.com/rooms/1206625454274379649,1206625454274379649
https://www.airbnb.com/rooms/1248485614833560551,1248485614833560551
https://www.airbnb.com/rooms/1491960967012582696,1491960967012582696
https://www.airbnb.com/rooms/1542139864582758841,1542139864582758841
https://www.airbnb.com/rooms/1735909422115523116,1735909422115523116
https://www.airbnb.com/rooms/35147819,35147819
https://www.airbnb.com/rooms/35149404,35149404
https://www.airbnb.com/rooms/35151186,35151186
https://www.airbnb.com/rooms/37780404,37780404
https://www.airbnb.com/rooms/4518022,4518022
https://www.airbnb.com/rooms/46734335,46734335
https://www.airbnb.com/rooms/52613361,52613361
https://www.airbnb.com/rooms/872330761254636458,872330761254636458
https://www.airbnb.com/rooms/918023320339983811,918023320339983811
https://www.airbnb.com/rooms/944163302579106630,944163302579106630
https://www.airbnb.com/rooms/1012314335380403675,1012314335380403675
https://www.airbnb.com/rooms/13587984,13587984
https://www.airbnb.com/rooms/38236529,38236529
https://www.airbnb.com/rooms/38754182,38754182
https://www.airbnb.com/rooms/843740356703014639,843740356703014639
https://www.airbnb.com/rooms/862370791620303615,862370791620303615
https://www.airbnb.com/rooms/1190822642510714441,1190822642510714441
https://www.airbnb.com/rooms/1595810303828023835,1595810303828023835
https://www.airbnb.com/rooms/1631301535045927935,1631301535045927935
https://www.airbnb.com/rooms/1755370652152467182,1755370652152467182
https://www.airbnb.com/rooms/18569799,18569799
https://www.airbnb.com/rooms/28742424,28742424
https://www.airbnb.com/rooms/37061283,37061283
https://www.airbnb.com/rooms/51165340,51165340
https://www.airbnb.com/rooms/5212573,5212573
https://www.airbnb.com/rooms/765303231496861150,765303231496861150
https://www.airbnb.com/rooms/807944150837074687,807944150837074687
https://www.airbnb.com/rooms/9032483,9032483
https://www.airbnb.com/rooms/904967468216196903,904967468216196903
https://www.airbnb.com/rooms/1017631054188924055,1017631054188924055
https://www.airbnb.com/rooms/1020124699102208391,1020124699102208391
https://www.airbnb.com/rooms/1106544737462697053,1106544737462697053
https://www.airbnb.com/rooms/1385561430967208205,1385561430967208205
https://www.airbnb.com/rooms/1448473297484058251,1448473297484058251
https://www.airbnb.com/rooms/1692940232568798936,1692940232568798936
https://www.airbnb.com/rooms/1714706432195017717,1714706432195017717
https://www.airbnb.com/rooms/21782285,21782285
https://www.airbnb.com/rooms/22279337,22279337
https://www.airbnb.com/rooms/22342168,22342168
https://www.airbnb.com/rooms/24807946,24807946
https://www.airbnb.com/rooms/29629140,29629140
https://www.airbnb.com/rooms/52862746,52862746
https://www.airbnb.com/rooms/7349613,7349613
https://www.airbnb.com/rooms/7608787,7608787
https://www.airbnb.com/rooms/1005212532193608738,1005212532193608738
https://www.airbnb.com/rooms/1010376132110607581,1010376132110607581
https://www.airbnb.com/rooms/1090622487218886213,1090622487218886213
https://www.airbnb.com/rooms/1106207598088568423,1106207598088568423
https://www.airbnb.com/rooms/1279817407611000337,1279817407611000337
https://www.airbnb.com/rooms/1295685561052834851,1295685561052834851
https://www.airbnb.com/rooms/1450369118508230547,1450369118508230547
https://www.airbnb.com/rooms/1690715774207341506,1690715774207341506
https://www.airbnb.com/rooms/1700409,1700409
https://www.airbnb.com/rooms/1767675310353475393,1767675310353475393
https://www.airbnb.com/rooms/20671281,20671281
https://www.airbnb.com/rooms/2515929,2515929
https://www.airbnb.com/rooms/28444233,28444233
https://www.airbnb.com/rooms/635542699625828859,635542699625828859
https://www.airbnb.com/rooms/663155049464521263,663155049464521263
https://www.airbnb.com/rooms/729907609799949517,729907609799949517
https://www.airbnb.com/rooms/731763592139623124,731763592139623124
https://www.airbnb.com/rooms/1115388952937528182,1115388952937528182
https://www.airbnb.com/rooms/1142657109362707430,1142657109362707430
https://www.airbnb.com/rooms/1675720159075112909,1675720159075112909
https://www.airbnb.com/rooms/1740175,1740175
https://www.airbnb.com/rooms/1742416888811456227,1742416888811456227
https://www.airbnb.com/rooms/19139912,19139912
https://www.airbnb.com/rooms/20232807,20232807
https://www.airbnb.com/rooms/21768770,21768770
https://www.airbnb.com/rooms/2447704,2447704
https://www.airbnb.com/rooms/28055861,28055861
https://www.airbnb.com/rooms/28443477,28443477
https://www.airbnb.com/rooms/28443949,28443949
https://www.airbnb.com/rooms/28862505,28862505
https://www.airbnb.com/rooms/40786443,40786443
https://www.airbnb.com/rooms/49504733,49504733
https://www.airbnb.com/rooms/655875007488495244,655875007488495244
https://www.airbnb.com/rooms/850139108837046599,850139108837046599
https://www.airbnb.com/rooms/884780653483706286,884780653483706286
https://www.airbnb.com/rooms/1005226452446567814,1005226452446567814
https://www.airbnb.com/rooms/11083894,11083894
https://www.airbnb.com/rooms/1144082232155025960,1144082232155025960
https://www.airbnb.com/rooms/1598938345802676746,1598938345802676746
https://www.airbnb.com/rooms/1759514,1759514
https://www.airbnb.com/rooms/19846923,19846923
https://www.airbnb.com/rooms/20364888,20364888
https://www.airbnb.com/rooms/28441563,28441563
https://www.airbnb.com/rooms/30912397,30912397
https://www.airbnb.com/rooms/47702144,47702144
https://www.airbnb.com/rooms/47704327,47704327
https://www.airbnb.com/rooms/49595678,49595678
https://www.airbnb.com/rooms/764709642771638582,764709642771638582
https://www.airbnb.com/rooms/881865876607318202,881865876607318202
https://www.airbnb.com/rooms/881878607993554063,881878607993554063
https://www.airbnb.com/rooms/884741705364167865,884741705364167865
https://www.airbnb.com/rooms/1167638332574244619,1167638332574244619
https://www.airbnb.com/rooms/1215801387186223104,1215801387186223104
https://www.airbnb.com/rooms/17389066,17389066
https://www.airbnb.com/rooms/18912642,18912642
https://www.airbnb.com/rooms/20091100,20091100
https://www.airbnb.com/rooms/20231876,20231876
https://www.airbnb.com/rooms/28055462,28055462
https://www.airbnb.com/rooms/857309159089098892,857309159089098892
https://www.airbnb.com/rooms/1043735350636488708,1043735350636488708
https://www.airbnb.com/rooms/1172846359413906094,1172846359413906094
https://www.airbnb.com/rooms/1203022087138652271,1203022087138652271
https://www.airbnb.com/rooms/1217354516522158411,1217354516522158411
https://www.airbnb.com/rooms/1332708865268980980,1332708865268980980
https://www.airbnb.com/rooms/1406522727946680265,1406522727946680265
https://www.airbnb.com/rooms/1450884043855620799,1450884043855620799
https://www.airbnb.com/rooms/14740890,14740890
https://www.airbnb.com/rooms/1537240810704710343,1537240810704710343
https://www.airbnb.com/rooms/1754423968376282817,1754423968376282817
https://www.airbnb.com/rooms/24798795,24798795
https://www.airbnb.com/rooms/32311916,32311916
https://www.airbnb.com/rooms/32312615,32312615
https://www.airbnb.com/rooms/39740113,39740113
https://www.airbnb.com/rooms/49775621,49775621
https://www.airbnb.com/rooms/8993928,8993928
https://www.airbnb.com/rooms/985516706192248680,985516706192248680
https://www.airbnb.com/rooms/11928110,11928110
https://www.airbnb.com/rooms/1217354517306227880,1217354517306227880
https://www.airbnb.com/rooms/12810878,12810878
https://www.airbnb.com/rooms/1729923809026540507,1729923809026540507
https://www.airbnb.com/rooms/1762344077461864112,1762344077461864112
https://www.airbnb.com/rooms/21769441,21769441
https://www.airbnb.com/rooms/23468494,23468494
https://www.airbnb.com/rooms/30392811,30392811
https://www.airbnb.com/rooms/32067411,32067411
https://www.airbnb.com/rooms/32284941,32284941
https://www.airbnb.com/rooms/32312578,32312578
https://www.airbnb.com/rooms/33529587,33529587
https://www.airbnb.com/rooms/34223031,34223031
https://www.airbnb.com/rooms/42493412,42493412
https://www.airbnb.com/rooms/42493913,42493913
https://www.airbnb.com/rooms/573277605325252363,573277605325252363
https://www.airbnb.com/rooms/755014252557179066,755014252557179066
https://www.airbnb.com/rooms/11108095,11108095
https://www.airbnb.com/rooms/1135446157152515873,1135446157152515873
https://www.airbnb.com/rooms/1218787980147814428,1218787980147814428
https://www.airbnb.com/rooms/1219527327506850272,1219527327506850272
https://www.airbnb.com/rooms/1330548906883092222,1330548906883092222
https://www.airbnb.com/rooms/1648114811478323557,1648114811478323557
https://www.airbnb.com/rooms/32186694,32186694
https://www.airbnb.com/rooms/32309171,32309171
https://www.airbnb.com/rooms/42096047,42096047
https://www.airbnb.com/rooms/43314736,43314736
https://www.airbnb.com/rooms/52349678,52349678
https://www.airbnb.com/rooms/54160631,54160631
https://www.airbnb.com/rooms/665857219938074769,665857219938074769
https://www.airbnb.com/rooms/739752440543689915,739752440543689915
https://www.airbnb.com/rooms/780380182680969651,780380182680969651
https://www.airbnb.com/rooms/866869353614261095,866869353614261095
https://www.airbnb.com/rooms/965236318874582150,965236318874582150
https://www.airbnb.com/rooms/1139187734497913190,1139187734497913190
https://www.airbnb.com/rooms/1219538398003089550,1219538398003089550
https://www.airbnb.com/rooms/1237993911935701345,1237993911935701345
https://www.airbnb.com/rooms/16603192,16603192
https://www.airbnb.com/rooms/1748101442027849845,1748101442027849845
https://www.airbnb.com/rooms/26473813,26473813
https://www.airbnb.com/rooms/32187506,32187506
https://www.airbnb.com/rooms/32284446,32284446
https://www.airbnb.com/rooms/32284534,32284534
https://www.airbnb.com/rooms/32284671,32284671
https://www.airbnb.com/rooms/42099257,42099257
https://www.airbnb.com/rooms/48380346,48380346
https://www.airbnb.com/rooms/4857128,4857128
https://www.airbnb.com/rooms/53155491,53155491
https://www.airbnb.com/rooms/690581763125031037,690581763125031037
https://www.airbnb.com/rooms/974119302087007771,974119302087007771
https://www.airbnb.com/rooms/1095484339653583603,1095484339653583603
https://www.airbnb.com/rooms/1165340498130182114,1165340498130182114
https://www.airbnb.com/rooms/11758426,11758426
https://www.airbnb.com/rooms/1370383094603489981,1370383094603489981
https://www.airbnb.com/rooms/1406522730008469351,1406522730008469351
https://www.airbnb.com/rooms/15545183,15545183
https://www.airbnb.com/rooms/25813364,25813364
https://www.airbnb.com/rooms/32284295,32284295
https://www.airbnb.com/rooms/32284709,32284709
https://www.airbnb.com/rooms/32284822,32284822
https://www.airbnb.com/rooms/32285005,32285005
https://www.airbnb.com/rooms/33556052,33556052
https://www.airbnb.com/rooms/42098783,42098783
https://www.airbnb.com/rooms/5261347,5261347
https://www.airbnb.com/rooms/54160076,54160076
https://www.airbnb.com/rooms/968126822377261787,968126822377261787
https://www.airbnb.com/rooms/1051532701599492879,1051532701599492879
https://www.airbnb.com/rooms/1254283651523508342,1254283651523508342
https://www.airbnb.com/rooms/1308976751026307610,1308976751026307610
https://www.airbnb.com/rooms/15342576,15342576
https://www.airbnb.com/rooms/1550034498285334755,1550034498285334755
https://www.airbnb.com/rooms/1749447734428214882,1749447734428214882
https://www.airbnb.com/rooms/30043806,30043806
https://www.airbnb.com/rooms/32284243,32284243
https://www.airbnb.com/rooms/32311791,32311791
https://www.airbnb.com/rooms/34892378,34892378
https://www.airbnb.com/rooms/42231887,42231887
https://www.airbnb.com/rooms/52032159,52032159
https://www.airbnb.com/rooms/597882233992600992,597882233992600992
https://www.airbnb.com/rooms/733861976472000725,733861976472000725
https://www.airbnb.com/rooms/744105801513964568,744105801513964568
https://www.airbnb.com/rooms/9024984,9024984
https://www.airbnb.com/rooms/974119455386981726,974119455386981726
https://www.airbnb.com/rooms/1014469117444957252,1014469117444957252
https://www.airbnb.com/rooms/10426942,10426942
https://www.airbnb.com/rooms/1044287440981385466,1044287440981385466
https://www.airbnb.com/rooms/1169052067468240292,1169052067468240292
https://www.airbnb.com/rooms/1174133500250244219,1174133500250244219
https://www.airbnb.com/rooms/15659470,15659470
https://www.airbnb.com/rooms/1727920071689005575,1727920071689005575
https://www.airbnb.com/rooms/1776222678366884823,1776222678366884823
https://www.airbnb.com/rooms/18160736,18160736
https://www.airbnb.com/rooms/32186756,32186756
https://www.airbnb.com/rooms/32284142,32284142
https://www.airbnb.com/rooms/32308337,32308337
https://www.airbnb.com/rooms/32332212,32332212
https://www.airbnb.com/rooms/36561279,36561279
https://www.airbnb.com/rooms/50133961,50133961
https://www.airbnb.com/rooms/559168525355813473,559168525355813473
https://www.airbnb.com/rooms/10017234,10017234
https://www.airbnb.com/rooms/10946149,10946149
https://www.airbnb.com/rooms/1181936763741191385,1181936763741191385
https://www.airbnb.com/rooms/1243574909237358996,1243574909237358996
https://www.airbnb.com/rooms/1243641824668560560,1243641824668560560
https://www.airbnb.com/rooms/1294311099880517951,1294311099880517951
https://www.airbnb.com/rooms/14385230,14385230
https://www.airbnb.com/rooms/15239264,15239264
https://www.airbnb.com/rooms/1553767368614016013,1553767368614016013
https://www.airbnb.com/rooms/1660119667953317175,1660119667953317175
https://www.airbnb.com/rooms/25871118,25871118
https://www.airbnb.com/rooms/32284585,32284585
https://www.airbnb.com/rooms/32311877,32311877
https://www.airbnb.com/rooms/43484451,43484451
https://www.airbnb.com/rooms/43908723,43908723
https://www.airbnb.com/rooms/47549281,47549281
https://www.airbnb.com/rooms/974119368893304680,974119368893304680
https://www.airbnb.com/rooms/1038733406636063895,1038733406636063895
https://www.airbnb.com/rooms/1171849287587670295,1171849287587670295
https://www.airbnb.com/rooms/1243527607998209550,1243527607998209550
https://www.airbnb.com/rooms/1277150931572877062,1277150931572877062
https://www.airbnb.com/rooms/1598731257180666719,1598731257180666719
https://www.airbnb.com/rooms/1714020854143180102,1714020854143180102
https://www.airbnb.com/rooms/20300880,20300880
https://www.airbnb.com/rooms/21296745,21296745
https://www.airbnb.com/rooms/32284749,32284749
https://www.airbnb.com/rooms/32284888,32284888
https://www.airbnb.com/rooms/32332298,32332298
https://www.airbnb.com/rooms/46621323,46621323
https://www.airbnb.com/rooms/51977426,51977426
https://www.airbnb.com/rooms/679535653990877777,679535653990877777
https://www.airbnb.com/rooms/924711686102994280,924711686102994280
https://www.airbnb.com/rooms/928984212677816271,928984212677816271
https://www.airbnb.com/rooms/1003620226735059225,1003620226735059225
https://www.airbnb.com/rooms/1244885055411597763,1244885055411597763
https://www.airbnb.com/rooms/1244993905608498554,1244993905608498554
https://www.airbnb.com/rooms/12951332,12951332
https://www.airbnb.com/rooms/13654633,13654633
https://www.airbnb.com/rooms/1406408294658294020,1406408294658294020
https://www.airbnb.com/rooms/1406522727963476325,1406522727963476325
https://www.airbnb.com/rooms/1542252698823217491,1542252698823217491
https://www.airbnb.com/rooms/32308420,32308420
https://www.airbnb.com/rooms/32311943,32311943
https://www.airbnb.com/rooms/32312679,32312679
https://www.airbnb.com/rooms/42357942,42357942
https://www.airbnb.com/rooms/45638563,45638563
https://www.airbnb.com/rooms/51422180,51422180
https://www.airbnb.com/rooms/53380550,53380550
https://www.airbnb.com/rooms/820920145264689193,820920145264689193
https://www.airbnb.com/rooms/1198725816919085424,1198725816919085424
https://www.airbnb.com/rooms/1209302837081760307,1209302837081760307
https://www.airbnb.com/rooms/1252911199122410582,1252911199122410582
https://www.airbnb.com/rooms/1619051940107383198,1619051940107383198
https://www.airbnb.com/rooms/1624034724409041226,1624034724409041226
https://www.airbnb.com/rooms/1776222922521262057,1776222922521262057
https://www.airbnb.com/rooms/26800336,26800336
https://www.airbnb.com/rooms/32284340,32284340
https://www.airbnb.com/rooms/32308391,32308391
https://www.airbnb.com/rooms/32309211,32309211
https://www.airbnb.com/rooms/32312650,32312650
https://www.airbnb.com/rooms/32312712,32312712
https://www.airbnb.com/rooms/51405562,51405562
https://www.airbnb.com/rooms/51421015,51421015
https://www.airbnb.com/rooms/51422175,51422175
https://www.airbnb.com/rooms/8523966,8523966
https://www.airbnb.com/rooms/912395083257486449,912395083257486449
https://www.airbnb.com/rooms/965181426153644043,965181426153644043
https://www.airbnb.com/rooms/1097288185118202688,1097288185118202688
https://www.airbnb.com/rooms/1174121943355496605,1174121943355496605
https://www.airbnb.com/rooms/1294316211979278330,1294316211979278330
https://www.airbnb.com/rooms/1343676863277344610,1343676863277344610
https://www.airbnb.com/rooms/1406522722951672302,1406522722951672302
https://www.airbnb.com/rooms/1470331913752745861,1470331913752745861
https://www.airbnb.com/rooms/16193463,16193463
https://www.airbnb.com/rooms/1759533216466868698,1759533216466868698
https://www.airbnb.com/rooms/20666788,20666788
https://www.airbnb.com/rooms/32309249,32309249
https://www.airbnb.com/rooms/32311842,32311842
https://www.airbnb.com/rooms/33037593,33037593
https://www.airbnb.com/rooms/37719729,37719729
https://www.airbnb.com/rooms/38600592,38600592
https://www.airbnb.com/rooms/5920152,5920152
https://www.airbnb.com/rooms/757092169192332061,757092169192332061
https://www.airbnb.com/rooms/951733521889740734,951733521889740734
https://www.airbnb.com/rooms/985285622077062406,985285622077062406
https://www.airbnb.com/rooms/1146921363981414185,1146921363981414185
https://www.airbnb.com/rooms/1262987110511199499,1262987110511199499
https://www.airbnb.com/rooms/1263055625279075954,1263055625279075954
https://www.airbnb.com/rooms/1263146929783582877,1263146929783582877
https://www.airbnb.com/rooms/1295102432337316970,1295102432337316970
https://www.airbnb.com/rooms/1406522725497293045,1406522725497293045
https://www.airbnb.com/rooms/1406522726223855821,1406522726223855821
https://www.airbnb.com/rooms/1406522729402922438,1406522729402922438
https://www.airbnb.com/rooms/1446538826205168130,1446538826205168130
https://www.airbnb.com/rooms/1618988332778961874,1618988332778961874
https://www.airbnb.com/rooms/1686312253359000527,1686312253359000527
https://www.airbnb.com/rooms/1686313090204457665,1686313090204457665
https://www.airbnb.com/rooms/23676893,23676893
https://www.airbnb.com/rooms/32400459,32400459
https://www.airbnb.com/rooms/41042035,41042035
https://www.airbnb.com/rooms/4531756,4531756
https://www.airbnb.com/rooms/50241812,50241812
https://www.airbnb.com/rooms/51987374,51987374
https://www.airbnb.com/rooms/1276278225075886342,1276278225075886342
https://www.airbnb.com/rooms/1292990660237137399,1292990660237137399
https://www.airbnb.com/rooms/1376286726988679347,1376286726988679347
https://www.airbnb.com/rooms/14152602,14152602
https://www.airbnb.com/rooms/14633012,14633012
https://www.airbnb.com/rooms/1551589394155330468,1551589394155330468
https://www.airbnb.com/rooms/680402559531965283,680402559531965283
https://www.airbnb.com/rooms/902879018487951771,902879018487951771
https://www.airbnb.com/rooms/1083427918610065005,1083427918610065005
https://www.airbnb.com/rooms/1172572281498766674,1172572281498766674
https://www.airbnb.com/rooms/1189919724514559514,1189919724514559514
https://www.airbnb.com/rooms/1201754632024146513,1201754632024146513
https://www.airbnb.com/rooms/1289401809833933714,1289401809833933714
https://www.airbnb.com/rooms/13669466,13669466
https://www.airbnb.com/rooms/14389733,14389733
https://www.airbnb.com/rooms/1574126682004304684,1574126682004304684
https://www.airbnb.com/rooms/1591729512830195063,1591729512830195063
https://www.airbnb.com/rooms/1699345827272635788,1699345827272635788
https://www.airbnb.com/rooms/1780475673082781292,1780475673082781292
https://www.airbnb.com/rooms/53862416,53862416
https://www.airbnb.com/rooms/726827080142114365,726827080142114365
https://www.airbnb.com/rooms/855785564926402702,855785564926402702
https://www.airbnb.com/rooms/886529245851323789,886529245851323789
https://www.airbnb.com/rooms/892057229595661288,892057229595661288
https://www.airbnb.com/rooms/1056086771823556639,1056086771823556639
https://www.airbnb.com/rooms/1090650793140022426,1090650793140022426
https://www.airbnb.com/rooms/1286403729185369580,1286403729185369580
https://www.airbnb.com/rooms/1340613465255392934,1340613465255392934
https://www.airbnb.com/rooms/1364848700764367539,1364848700764367539
https://www.airbnb.com/rooms/1404464764680860149,1404464764680860149
https://www.airbnb.com/rooms/1473485004949797063,1473485004949797063
https://www.airbnb.com/rooms/1664540023147620789,1664540023147620789
https://www.airbnb.com/rooms/1706168285518760679,1706168285518760679
https://www.airbnb.com/rooms/1730102050708515844,1730102050708515844
https://www.airbnb.com/rooms/1737841599477056888,1737841599477056888
https://www.airbnb.com/rooms/1756822216033472188,1756822216033472188
https://www.airbnb.com/rooms/1759482195255187367,1759482195255187367
https://www.airbnb.com/rooms/49249069,49249069
https://www.airbnb.com/rooms/674078529485491665,674078529485491665
https://www.airbnb.com/rooms/1056084561469250686,1056084561469250686
https://www.airbnb.com/rooms/1056088754433160880,1056088754433160880
https://www.airbnb.com/rooms/1356024817695759359,1356024817695759359
https://www.airbnb.com/rooms/1529099860077784995,1529099860077784995
https://www.airbnb.com/rooms/1529936900843748821,1529936900843748821
https://www.airbnb.com/rooms/1698809784528305640,1698809784528305640
https://www.airbnb.com/rooms/1707451742370613744,1707451742370613744
https://www.airbnb.com/rooms/1761676048194381579,1761676048194381579
https://www.airbnb.com/rooms/51845767,51845767
https://www.airbnb.com/rooms/548507962050701384,548507962050701384
https://www.airbnb.com/rooms/648889544189574179,648889544189574179
https://www.airbnb.com/rooms/679869070042909586,679869070042909586
https://www.airbnb.com/rooms/687774558700606169,687774558700606169
https://www.airbnb.com/rooms/713840900758872541,713840900758872541
https://www.airbnb.com/rooms/776907122868716674,776907122868716674
https://www.airbnb.com/rooms/807893883039225378,807893883039225378
https://www.airbnb.com/rooms/819643962827037952,819643962827037952
https://www.airbnb.com/rooms/974198879908318909,974198879908318909
https://www.airbnb.com/rooms/1055387215559435791,1055387215559435791
https://www.airbnb.com/rooms/1126360244583887642,1126360244583887642
https://www.airbnb.com/rooms/1244939659373254512,1244939659373254512
https://www.airbnb.com/rooms/1299452088480641097,1299452088480641097
https://www.airbnb.com/rooms/1340105892976628480,1340105892976628480
https://www.airbnb.com/rooms/1404482408964373741,1404482408964373741
https://www.airbnb.com/rooms/1595877468152922207,1595877468152922207
https://www.airbnb.com/rooms/1607722175993276695,1607722175993276695
https://www.airbnb.com/rooms/1668987279664735874,1668987279664735874
https://www.airbnb.com/rooms/1737431449128189397,1737431449128189397
https://www.airbnb.com/rooms/31334513,31334513
https://www.airbnb.com/rooms/35804976,35804976
https://www.airbnb.com/rooms/52207272,52207272
https://www.airbnb.com/rooms/53867433,53867433
https://www.airbnb.com/rooms/719047735366133089,719047735366133089
https://www.airbnb.com/rooms/1148703444706139488,1148703444706139488
https://www.airbnb.com/rooms/1247133857009521954,1247133857009521954
https://www.airbnb.com/rooms/1606769246173756989,1606769246173756989
https://www.airbnb.com/rooms/1631822451127128290,1631822451127128290
https://www.airbnb.com/rooms/1670464021956673698,1670464021956673698
https://www.airbnb.com/rooms/1701120271154307333,1701120271154307333
https://www.airbnb.com/rooms/1761576370003771473,1761576370003771473
https://www.airbnb.com/rooms/1761665106057060112,1761665106057060112
https://www.airbnb.com/rooms/35147906,35147906
https://www.airbnb.com/rooms/38295172,38295172
https://www.airbnb.com/rooms/50046359,50046359
https://www.airbnb.com/rooms/52037586,52037586
https://www.airbnb.com/rooms/636800302317865325,636800302317865325
https://www.airbnb.com/rooms/687690009004258009,687690009004258009
https://www.airbnb.com/rooms/812185184147927334,812185184147927334
https://www.airbnb.com/rooms/961469584532207472,961469584532207472
https://www.airbnb.com/rooms/1000836890039316907,1000836890039316907
https://www.airbnb.com/rooms/1099437570048409516,1099437570048409516
https://www.airbnb.com/rooms/1332762622570689208,1332762622570689208
https://www.airbnb.com/rooms/1487588597398068594,1487588597398068594
https://www.airbnb.com/rooms/1603020722673509026,1603020722673509026
https://www.airbnb.com/rooms/1606756023101355939,1606756023101355939
https://www.airbnb.com/rooms/1640728887952904129,1640728887952904129
https://www.airbnb.com/rooms/1640748858414468004,1640748858414468004
https://www.airbnb.com/rooms/1640758088264757181,1640758088264757181
https://www.airbnb.com/rooms/37811250,37811250
https://www.airbnb.com/rooms/656354765819431297,656354765819431297
https://www.airbnb.com/rooms/666765100191124251,666765100191124251
https://www.airbnb.com/rooms/860246944536035638,860246944536035638
https://www.airbnb.com/rooms/968404945229605152,968404945229605152
https://www.airbnb.com/rooms/1344321219710976344,1344321219710976344
https://www.airbnb.com/rooms/49760994,49760994
https://www.airbnb.com/rooms/907897,907897
https://www.airbnb.com/rooms/1157129128692013164,1157129128692013164
https://www.airbnb.com/rooms/1216636209810917009,1216636209810917009
https://www.airbnb.com/rooms/1287645103107509985,1287645103107509985
https://www.airbnb.com/rooms/1577266514541688257,1577266514541688257
https://www.airbnb.com/rooms/1771246692786970879,1771246692786970879
https://www.airbnb.com/rooms/22814784,22814784
https://www.airbnb.com/rooms/34018816,34018816
https://www.airbnb.com/rooms/39842202,39842202
https://www.airbnb.com/rooms/46040471,46040471
https://www.airbnb.com/rooms/46607590,46607590
https://www.airbnb.com/rooms/49504455,49504455
https://www.airbnb.com/rooms/897685488225157198,897685488225157198
https://www.airbnb.com/rooms/965831180093723820,965831180093723820
https://www.airbnb.com/rooms/965837357837783858,965837357837783858
https://www.airbnb.com/rooms/1396538270935297291,1396538270935297291
https://www.airbnb.com/rooms/1434278929825723961,1434278929825723961
https://www.airbnb.com/rooms/1527595690564055305,1527595690564055305
https://www.airbnb.com/rooms/1581620580721190370,1581620580721190370
https://www.airbnb.com/rooms/1720939944481618594,1720939944481618594
https://www.airbnb.com/rooms/1734752214527721977,1734752214527721977
https://www.airbnb.com/rooms/1740797136749832010,1740797136749832010
https://www.airbnb.com/rooms/1740797142754878292,1740797142754878292
https://www.airbnb.com/rooms/1740797153988438606,1740797153988438606
https://www.airbnb.com/rooms/1762390116182691090,1762390116182691090
https://www.airbnb.com/rooms/26426616,26426616
https://www.airbnb.com/rooms/27434683,27434683
https://www.airbnb.com/rooms/782149442999065644,782149442999065644
https://www.airbnb.com/rooms/965821806809966060,965821806809966060
https://www.airbnb.com/rooms/965849094865011697,965849094865011697
https://www.airbnb.com/rooms/1383054137324662132,1383054137324662132
https://www.airbnb.com/rooms/1661633431866026818,1661633431866026818
https://www.airbnb.com/rooms/1740797139250235864,1740797139250235864
https://www.airbnb.com/rooms/1740797140358281514,1740797140358281514
https://www.airbnb.com/rooms/1740797147026584374,1740797147026584374
https://www.airbnb.com/rooms/1740797151011233532,1740797151011233532
https://www.airbnb.com/rooms/1740797151779707637,1740797151779707637
https://www.airbnb.com/rooms/610703005521091836,610703005521091836
https://www.airbnb.com/rooms/1005941534741545347,1005941534741545347
https://www.airbnb.com/rooms/1087845260345355852,1087845260345355852
https://www.airbnb.com/rooms/1137846629307603536,1137846629307603536
https://www.airbnb.com/rooms/1165149682145674278,1165149682145674278
https://www.airbnb.com/rooms/1212173881149428961,1212173881149428961
https://www.airbnb.com/rooms/13866212,13866212
https://www.airbnb.com/rooms/1536968410634287371,1536968410634287371
https://www.airbnb.com/rooms/26414005,26414005
https://www.airbnb.com/rooms/619101481702096231,619101481702096231
https://www.airbnb.com/rooms/728359851139299618,728359851139299618
https://www.airbnb.com/rooms/770215591416059648,770215591416059648
https://www.airbnb.com/rooms/915325687682460130,915325687682460130
https://www.airbnb.com/rooms/1113443933188114007,1113443933188114007
https://www.airbnb.com/rooms/1178840753293551715,1178840753293551715
https://www.airbnb.com/rooms/15179484,15179484
https://www.airbnb.com/rooms/1592799908032991155,1592799908032991155
https://www.airbnb.com/rooms/1664019836664201451,1664019836664201451
https://www.airbnb.com/rooms/1692152309193040348,1692152309193040348
https://www.airbnb.com/rooms/41827072,41827072
https://www.airbnb.com/rooms/564536606698887571,564536606698887571
https://www.airbnb.com/rooms/632364711016597862,632364711016597862
https://www.airbnb.com/rooms/1347170422226365216,1347170422226365216
https://www.airbnb.com/rooms/1567467481364255518,1567467481364255518
https://www.airbnb.com/rooms/1658086912635330929,1658086912635330929
https://www.airbnb.com/rooms/1753595476612230967,1753595476612230967
https://www.airbnb.com/rooms/52511086,52511086
https://www.airbnb.com/rooms/1405010112827372667,1405010112827372667
https://www.airbnb.com/rooms/1642083523137799411,1642083523137799411
https://www.airbnb.com/rooms/1698735839570737542,1698735839570737542
https://www.airbnb.com/rooms/22208797,22208797
https://www.airbnb.com/rooms/49568650,49568650
https://www.airbnb.com/rooms/1172765512562514991,1172765512562514991
https://www.airbnb.com/rooms/1226837480837140746,1226837480837140746
https://www.airbnb.com/rooms/1420332315962344792,1420332315962344792
https://www.airbnb.com/rooms/1601628685986681934,1601628685986681934
https://www.airbnb.com/rooms/1695132659010784549,1695132659010784549
https://www.airbnb.com/rooms/1714176075414687572,1714176075414687572
https://www.airbnb.com/rooms/1751651642806731882,1751651642806731882
https://www.airbnb.com/rooms/27546946,27546946
https://www.airbnb.com/rooms/31101139,31101139
https://www.airbnb.com/rooms/45466268,45466268
https://www.airbnb.com/rooms/54023253,54023253
https://www.airbnb.com/rooms/557768693966554620,557768693966554620
https://www.airbnb.com/rooms/755086495308412799,755086495308412799
https://www.airbnb.com/rooms/866659718305207211,866659718305207211
https://www.airbnb.com/rooms/10561858,10561858
https://www.airbnb.com/rooms/1282630387493298546,1282630387493298546
https://www.airbnb.com/rooms/1400231996734818169,1400231996734818169
https://www.airbnb.com/rooms/1401553968433790417,1401553968433790417
https://www.airbnb.com/rooms/1419899637667131253,1419899637667131253
https://www.airbnb.com/rooms/1503637365577531753,1503637365577531753
https://www.airbnb.com/rooms/16176488,16176488
https://www.airbnb.com/rooms/1780691101076400372,1780691101076400372
https://www.airbnb.com/rooms/37489157,37489157
https://www.airbnb.com/rooms/49210269,49210269
https://www.airbnb.com/rooms/49469387,49469387
https://www.airbnb.com/rooms/50854959,50854959
https://www.airbnb.com/rooms/53188586,53188586
https://www.airbnb.com/rooms/6661949,6661949
https://www.airbnb.com/rooms/1037621536146433467,1037621536146433467
https://www.airbnb.com/rooms/1282623553513134222,1282623553513134222
https://www.airbnb.com/rooms/1282632503679653633,1282632503679653633
https://www.airbnb.com/rooms/1356494521521654295,1356494521521654295
https://www.airbnb.com/rooms/1372817826238756276,1372817826238756276
https://www.airbnb.com/rooms/1394951786647026144,1394951786647026144
https://www.airbnb.com/rooms/1400304888508460417,1400304888508460417
https://www.airbnb.com/rooms/1400708455019585107,1400708455019585107
https://www.airbnb.com/rooms/1401070518860530720,1401070518860530720
https://www.airbnb.com/rooms/1420301145969713237,1420301145969713237
https://www.airbnb.com/rooms/1442245737246669681,1442245737246669681
https://www.airbnb.com/rooms/19499224,19499224
https://www.airbnb.com/rooms/49551963,49551963
https://www.airbnb.com/rooms/572478061344982714,572478061344982714
https://www.airbnb.com/rooms/736407736715045042,736407736715045042
https://www.airbnb.com/rooms/779720546724358634,779720546724358634
https://www.airbnb.com/rooms/960318277859303611,960318277859303611
https://www.airbnb.com/rooms/1282634836115538016,1282634836115538016
https://www.airbnb.com/rooms/1282636619428694881,1282636619428694881
https://www.airbnb.com/rooms/1360304288725532994,1360304288725532994
https://www.airbnb.com/rooms/1390593062765791355,1390593062765791355
https://www.airbnb.com/rooms/1401033269552383315,1401033269552383315
https://www.airbnb.com/rooms/1420311093564331973,1420311093564331973
https://www.airbnb.com/rooms/1482771409490687984,1482771409490687984
https://www.airbnb.com/rooms/1516702117720437539,1516702117720437539
https://www.airbnb.com/rooms/1613894009520185551,1613894009520185551
https://www.airbnb.com/rooms/16858001,16858001
https://www.airbnb.com/rooms/47942727,47942727
https://www.airbnb.com/rooms/52442314,52442314
https://www.airbnb.com/rooms/54146722,54146722
https://www.airbnb.com/rooms/678197803013763578,678197803013763578
https://www.airbnb.com/rooms/685382857457422203,685382857457422203
https://www.airbnb.com/rooms/800166394522110692,800166394522110692
https://www.airbnb.com/rooms/808536149496210754,808536149496210754
https://www.airbnb.com/rooms/1065868441816959549,1065868441816959549
https://www.airbnb.com/rooms/1122539328810245807,1122539328810245807
https://www.airbnb.com/rooms/1219925130598413854,1219925130598413854
https://www.airbnb.com/rooms/1231498087560755602,1231498087560755602
https://www.airbnb.com/rooms/1329372887994039650,1329372887994039650
https://www.airbnb.com/rooms/1351528187188980759,1351528187188980759
https://www.airbnb.com/rooms/1400252238266894490,1400252238266894490
https://www.airbnb.com/rooms/1560223727528862311,1560223727528862311
https://www.airbnb.com/rooms/1713858409655076567,1713858409655076567
https://www.airbnb.com/rooms/18449116,18449116
https://www.airbnb.com/rooms/26445240,26445240
https://www.airbnb.com/rooms/32310247,32310247
https://www.airbnb.com/rooms/52364925,52364925
https://www.airbnb.com/rooms/626248183168142043,626248183168142043
https://www.airbnb.com/rooms/6663109,6663109
https://www.airbnb.com/rooms/6747666,6747666
https://www.airbnb.com/rooms/820327243699644682,820327243699644682
https://www.airbnb.com/rooms/1436452321360884320,1436452321360884320
https://www.airbnb.com/rooms/23465051,23465051
https://www.airbnb.com/rooms/34062849,34062849
https://www.airbnb.com/rooms/37600886,37600886
https://www.airbnb.com/rooms/41032405,41032405
https://www.airbnb.com/rooms/689441688793190754,689441688793190754
https://www.airbnb.com/rooms/761743671449712310,761743671449712310
https://www.airbnb.com/rooms/1655889983438493124,1655889983438493124
https://www.airbnb.com/rooms/1682226142307108142,1682226142307108142
https://www.airbnb.com/rooms/21369707,21369707
https://www.airbnb.com/rooms/698605745881482350,698605745881482350
https://www.airbnb.com/rooms/1227459108684463818,1227459108684463818
https://www.airbnb.com/rooms/1247184706749620021,1247184706749620021
https://www.airbnb.com/rooms/1715613684323826511,1715613684323826511
https://www.airbnb.com/rooms/17849714,17849714
https://www.airbnb.com/rooms/22014744,22014744
https://www.airbnb.com/rooms/32137822,32137822
https://www.airbnb.com/rooms/38220093,38220093
https://www.airbnb.com/rooms/610726381730898704,610726381730898704
https://www.airbnb.com/rooms/9488800,9488800
https://www.airbnb.com/rooms/982916053144282733,982916053144282733
https://www.airbnb.com/rooms/984111134188933219,984111134188933219
https://www.airbnb.com/rooms/1226357461123585429,1226357461123585429
https://www.airbnb.com/rooms/1255380958470433888,1255380958470433888
https://www.airbnb.com/rooms/1281410507537039262,1281410507537039262
https://www.airbnb.com/rooms/1320387931461361142,1320387931461361142
https://www.airbnb.com/rooms/1358257295353148577,1358257295353148577
https://www.airbnb.com/rooms/1774937549802760514,1774937549802760514
https://www.airbnb.com/rooms/54273933,54273933
https://www.airbnb.com/rooms/747792146503376030,747792146503376030
https://www.airbnb.com/rooms/809865338278018692,809865338278018692
https://www.airbnb.com/rooms/1148142488472017818,1148142488472017818
https://www.airbnb.com/rooms/1314910757372916911,1314910757372916911
https://www.airbnb.com/rooms/1356034355655077746,1356034355655077746
https://www.airbnb.com/rooms/1658202817994473600,1658202817994473600
https://www.airbnb.com/rooms/1726062219883792418,1726062219883792418
https://www.airbnb.com/rooms/42611453,42611453
https://www.airbnb.com/rooms/52734748,52734748
https://www.airbnb.com/rooms/53990192,53990192
https://www.airbnb.com/rooms/598556965255113404,598556965255113404
https://www.airbnb.com/rooms/636320278163828661,636320278163828661
https://www.airbnb.com/rooms/1318422672975847986,1318422672975847986
https://www.airbnb.com/rooms/1356031224254730015,1356031224254730015
https://www.airbnb.com/rooms/1370631704950599572,1370631704950599572
https://www.airbnb.com/rooms/1452223626689609629,1452223626689609629
https://www.airbnb.com/rooms/54007467,54007467
https://www.airbnb.com/rooms/571879253550716877,571879253550716877
https://www.airbnb.com/rooms/623671039594739175,623671039594739175
https://www.airbnb.com/rooms/686185174974311287,686185174974311287
https://www.airbnb.com/rooms/888191503110091988,888191503110091988
https://www.airbnb.com/rooms/927466357813825584,927466357813825584
https://www.airbnb.com/rooms/1048508575458238975,1048508575458238975
https://www.airbnb.com/rooms/1134975995538255451,1134975995538255451
https://www.airbnb.com/rooms/1166650567260872208,1166650567260872208
https://www.airbnb.com/rooms/1546014459494111544,1546014459494111544
https://www.airbnb.com/rooms/1546028627221177528,1546028627221177528
https://www.airbnb.com/rooms/1552443954065525705,1552443954065525705
https://www.airbnb.com/rooms/1599182503575996291,1599182503575996291
https://www.airbnb.com/rooms/1660868111922243754,1660868111922243754
https://www.airbnb.com/rooms/1699544760475672173,1699544760475672173
https://www.airbnb.com/rooms/1764135966507632886,1764135966507632886
https://www.airbnb.com/rooms/25779351,25779351
https://www.airbnb.com/rooms/31646291,31646291
https://www.airbnb.com/rooms/683271281027753086,683271281027753086
https://www.airbnb.com/rooms/931297719614426397,931297719614426397
https://www.airbnb.com/rooms/932883267447606775,932883267447606775
https://www.airbnb.com/rooms/946832042944906616,946832042944906616
https://www.airbnb.com/rooms/1224000467721979999,1224000467721979999
https://www.airbnb.com/rooms/1248066005620061455,1248066005620061455
https://www.airbnb.com/rooms/1352309654273193620,1352309654273193620
https://www.airbnb.com/rooms/1358888337232653024,1358888337232653024
https://www.airbnb.com/rooms/1492884356245055057,1492884356245055057
https://www.airbnb.com/rooms/1536155440982073505,1536155440982073505
https://www.airbnb.com/rooms/1538590024369393248,1538590024369393248
https://www.airbnb.com/rooms/1618233694397279711,1618233694397279711
https://www.airbnb.com/rooms/1659470713419956445,1659470713419956445
https://www.airbnb.com/rooms/1693608788729426722,1693608788729426722
https://www.airbnb.com/rooms/1734090027060749680,1734090027060749680
https://www.airbnb.com/rooms/842925068704874604,842925068704874604
https://www.airbnb.com/rooms/965139766763718576,965139766763718576
https://www.airbnb.com/rooms/1485092083396460813,1485092083396460813
https://www.airbnb.com/rooms/1011077717534290542,1011077717534290542
https://www.airbnb.com/rooms/1122489269301469359,1122489269301469359
https://www.airbnb.com/rooms/1247776787222705941,1247776787222705941
https://www.airbnb.com/rooms/1286567081995549643,1286567081995549643
https://www.airbnb.com/rooms/1302910134653783674,1302910134653783674
https://www.airbnb.com/rooms/1308943549005000480,1308943549005000480
https://www.airbnb.com/rooms/1447166291116502196,1447166291116502196
https://www.airbnb.com/rooms/1561020903741637744,1561020903741637744
https://www.airbnb.com/rooms/1567003012688234098,1567003012688234098
https://www.airbnb.com/rooms/1603722306989597618,1603722306989597618
https://www.airbnb.com/rooms/1628597199273124289,1628597199273124289
https://www.airbnb.com/rooms/1637916675253720418,1637916675253720418
https://www.airbnb.com/rooms/1639918425073547708,1639918425073547708
https://www.airbnb.com/rooms/1693608141156251570,1693608141156251570
https://www.airbnb.com/rooms/28607526,28607526
https://www.airbnb.com/rooms/1294945137661620485,1294945137661620485
https://www.airbnb.com/rooms/1367661139947847198,1367661139947847198
https://www.airbnb.com/rooms/1376225002885392158,1376225002885392158
https://www.airbnb.com/rooms/1422614075907238089,1422614075907238089
https://www.airbnb.com/rooms/1422614115129794513,1422614115129794513
https://www.airbnb.com/rooms/1497807748609682353,1497807748609682353
https://www.airbnb.com/rooms/1497807787942408533,1497807787942408533
https://www.airbnb.com/rooms/1567017382670080472,1567017382670080472
https://www.airbnb.com/rooms/1567020495858183202,1567020495858183202
https://www.airbnb.com/rooms/1602985967301345920,1602985967301345920
https://www.airbnb.com/rooms/1640620495395370589,1640620495395370589
https://www.airbnb.com/rooms/1644413277360867917,1644413277360867917
https://www.airbnb.com/rooms/1669658164503900051,1669658164503900051
https://www.airbnb.com/rooms/1750157167145795099,1750157167145795099
https://www.airbnb.com/rooms/1753212261838558226,1753212261838558226
https://www.airbnb.com/rooms/696581594040052931,696581594040052931
https://www.airbnb.com/rooms/892907512684623677,892907512684623677
https://www.airbnb.com/rooms/1359765915820124307,1359765915820124307
https://www.airbnb.com/rooms/1364539722431041631,1364539722431041631
https://www.airbnb.com/rooms/1422584080228849555,1422584080228849555
https://www.airbnb.com/rooms/1497807638197706371,1497807638197706371
https://www.airbnb.com/rooms/1497807712998382783,1497807712998382783
https://www.airbnb.com/rooms/1538604713171813772,1538604713171813772
https://www.airbnb.com/rooms/1592190424026248618,1592190424026248618
https://www.airbnb.com/rooms/1618884596837592495,1618884596837592495
https://www.airbnb.com/rooms/1632609442073062264,1632609442073062264
https://www.airbnb.com/rooms/1642983648924375029,1642983648924375029
https://www.airbnb.com/rooms/1658178801078940595,1658178801078940595
https://www.airbnb.com/rooms/1688363566276773513,1688363566276773513
https://www.airbnb.com/rooms/45839968,45839968
https://www.airbnb.com/rooms/826905280374181460,826905280374181460
https://www.airbnb.com/rooms/862944002912139036,862944002912139036
https://www.airbnb.com/rooms/892633511327062787,892633511327062787
https://www.airbnb.com/rooms/1036452481630900906,1036452481630900906
https://www.airbnb.com/rooms/1266600815394807190,1266600815394807190
https://www.airbnb.com/rooms/1422584039543349311,1422584039543349311
https://www.airbnb.com/rooms/1497807196481315232,1497807196481315232
https://www.airbnb.com/rooms/1497807373512767038,1497807373512767038
https://www.airbnb.com/rooms/1497807440097535445,1497807440097535445
https://www.airbnb.com/rooms/1497807603978071729,1497807603978071729
https://www.airbnb.com/rooms/1497807851079189941,1497807851079189941
https://www.airbnb.com/rooms/1567012915414470330,1567012915414470330
https://www.airbnb.com/rooms/1689990882974822811,1689990882974822811
https://www.airbnb.com/rooms/18343095,18343095
https://www.airbnb.com/rooms/777758471698144515,777758471698144515
https://www.airbnb.com/rooms/831200930342620020,831200930342620020
https://www.airbnb.com/rooms/838377832728751909,838377832728751909
https://www.airbnb.com/rooms/841931744555077210,841931744555077210
https://www.airbnb.com/rooms/843555211006560259,843555211006560259
https://www.airbnb.com/rooms/847058971271814326,847058971271814326
https://www.airbnb.com/rooms/854338709572065189,854338709572065189
https://www.airbnb.com/rooms/1090007402637625333,1090007402637625333
https://www.airbnb.com/rooms/1273409665017284314,1273409665017284314
https://www.airbnb.com/rooms/1281117589803791447,1281117589803791447
https://www.airbnb.com/rooms/1310278876120004798,1310278876120004798
https://www.airbnb.com/rooms/1363962064656422381,1363962064656422381
https://www.airbnb.com/rooms/1394237133004527393,1394237133004527393
https://www.airbnb.com/rooms/1497807278139114714,1497807278139114714
https://www.airbnb.com/rooms/1497807536108680492,1497807536108680492
https://www.airbnb.com/rooms/1497807571203935143,1497807571203935143
https://www.airbnb.com/rooms/1567669878721369526,1567669878721369526
https://www.airbnb.com/rooms/1632609486843266985,1632609486843266985
https://www.airbnb.com/rooms/1705113728891548166,1705113728891548166
https://www.airbnb.com/rooms/1709631409568438971,1709631409568438971
https://www.airbnb.com/rooms/609635556560071720,609635556560071720
https://www.airbnb.com/rooms/810881651963978655,810881651963978655
https://www.airbnb.com/rooms/838387795970472871,838387795970472871
https://www.airbnb.com/rooms/853467958193210516,853467958193210516
https://www.airbnb.com/rooms/854339016881226550,854339016881226550
https://www.airbnb.com/rooms/1234563298612957741,1234563298612957741
https://www.airbnb.com/rooms/1329006479550142941,1329006479550142941
https://www.airbnb.com/rooms/1359737224100425507,1359737224100425507
https://www.airbnb.com/rooms/1368289741334833117,1368289741334833117
https://www.airbnb.com/rooms/1422583828376366803,1422583828376366803
https://www.airbnb.com/rooms/1422584124280396148,1422584124280396148
https://www.airbnb.com/rooms/1422584255383359918,1422584255383359918
https://www.airbnb.com/rooms/1435647226804319116,1435647226804319116
https://www.airbnb.com/rooms/1495906952823221895,1495906952823221895
https://www.airbnb.com/rooms/1497807404646900918,1497807404646900918
https://www.airbnb.com/rooms/1497807472123147098,1497807472123147098
https://www.airbnb.com/rooms/1497807502951973615,1497807502951973615
https://www.airbnb.com/rooms/1497810799060334051,1497810799060334051
https://www.airbnb.com/rooms/1508652271933018437,1508652271933018437
https://www.airbnb.com/rooms/1623439219445926492,1623439219445926492
https://www.airbnb.com/rooms/1632609361221860757,1632609361221860757
https://www.airbnb.com/rooms/1673948463393408509,1673948463393408509
https://www.airbnb.com/rooms/909390695489808561,909390695489808561
https://www.airbnb.com/rooms/1422583869647709580,1422583869647709580
https://www.airbnb.com/rooms/1422583911450219375,1422583911450219375
https://www.airbnb.com/rooms/1422584213464511904,1422584213464511904
https://www.airbnb.com/rooms/1466946138748333973,1466946138748333973
https://www.airbnb.com/rooms/1466946181713812928,1466946181713812928
https://www.airbnb.com/rooms/1466946226389939485,1466946226389939485
https://www.airbnb.com/rooms/1497807671488252393,1497807671488252393
https://www.airbnb.com/rooms/1497807816628772687,1497807816628772687
https://www.airbnb.com/rooms/1542072572532821486,1542072572532821486
https://www.airbnb.com/rooms/1592975586194242822,1592975586194242822
https://www.airbnb.com/rooms/1628597521611666323,1628597521611666323
https://www.airbnb.com/rooms/1632609401280078047,1632609401280078047
https://www.airbnb.com/rooms/18584280,18584280
https://www.airbnb.com/rooms/570272819297879358,570272819297879358
https://www.airbnb.com/rooms/7868621,7868621
https://www.airbnb.com/rooms/1158997087519092992,1158997087519092992
https://www.airbnb.com/rooms/1261212592859308250,1261212592859308250
https://www.airbnb.com/rooms/1497279995902577713,1497279995902577713
https://www.airbnb.com/rooms/1512433026107861986,1512433026107861986
https://www.airbnb.com/rooms/1521225462177120823,1521225462177120823
https://www.airbnb.com/rooms/1598814455631905310,1598814455631905310
https://www.airbnb.com/rooms/1750687422017221414,1750687422017221414
https://www.airbnb.com/rooms/1008688651557147708,1008688651557147708
https://www.airbnb.com/rooms/1052178161041724316,1052178161041724316
https://www.airbnb.com/rooms/1455947069701682970,1455947069701682970
https://www.airbnb.com/rooms/1600189752928602354,1600189752928602354
https://www.airbnb.com/rooms/1705370171937977964,1705370171937977964
https://www.airbnb.com/rooms/1732110343705234135,1732110343705234135
https://www.airbnb.com/rooms/40091046,40091046
https://www.airbnb.com/rooms/1328576123808412647,1328576123808412647
https://www.airbnb.com/rooms/1572425044556230496,1572425044556230496
https://www.airbnb.com/rooms/1724904480446587943,1724904480446587943
https://www.airbnb.com/rooms/1747362534868737295,1747362534868737295
https://www.airbnb.com/rooms/23824968,23824968
https://www.airbnb.com/rooms/33631335,33631335
https://www.airbnb.com/rooms/41088200,41088200
https://www.airbnb.com/rooms/546988681011446553,546988681011446553
https://www.airbnb.com/rooms/713168412004398144,713168412004398144
https://www.airbnb.com/rooms/1364763966554115862,1364763966554115862
https://www.airbnb.com/rooms/13829517,13829517
https://www.airbnb.com/rooms/26306062,26306062
https://www.airbnb.com/rooms/38574477,38574477
https://www.airbnb.com/rooms/42434858,42434858
https://www.airbnb.com/rooms/52902738,52902738
https://www.airbnb.com/rooms/625873915083353206,625873915083353206
https://www.airbnb.com/rooms/635522532630428335,635522532630428335
https://www.airbnb.com/rooms/871142383394599660,871142383394599660
https://www.airbnb.com/rooms/11671995,11671995
https://www.airbnb.com/rooms/13153509,13153509
https://www.airbnb.com/rooms/1739411678521534560,1739411678521534560
https://www.airbnb.com/rooms/1740074176304600590,1740074176304600590
https://www.airbnb.com/rooms/41479588,41479588
https://www.airbnb.com/rooms/47198342,47198342
https://www.airbnb.com/rooms/632601904077489718,632601904077489718
https://www.airbnb.com/rooms/769079006955183399,769079006955183399
https://www.airbnb.com/rooms/869791106853464073,869791106853464073
https://www.airbnb.com/rooms/1059337876232735200,1059337876232735200
https://www.airbnb.com/rooms/1263231476692297392,1263231476692297392
https://www.airbnb.com/rooms/29684363,29684363
https://www.airbnb.com/rooms/29685037,29685037
https://www.airbnb.com/rooms/33192778,33192778
https://www.airbnb.com/rooms/49565916,49565916
https://www.airbnb.com/rooms/51837261,51837261
https://www.airbnb.com/rooms/621634870223015684,621634870223015684
https://www.airbnb.com/rooms/8410601,8410601
https://www.airbnb.com/rooms/1313107228006022916,1313107228006022916
https://www.airbnb.com/rooms/1359521794623899176,1359521794623899176
https://www.airbnb.com/rooms/34331421,34331421
https://www.airbnb.com/rooms/6724955,6724955
https://www.airbnb.com/rooms/939168928280461731,939168928280461731
https://www.airbnb.com/rooms/10960823,10960823
https://www.airbnb.com/rooms/1340934215903377888,1340934215903377888
https://www.airbnb.com/rooms/48542145,48542145
https://www.airbnb.com/rooms/1173952164521782879,1173952164521782879
https://www.airbnb.com/rooms/1234254864202040574,1234254864202040574
https://www.airbnb.com/rooms/1234896246424862692,1234896246424862692
https://www.airbnb.com/rooms/1313794564129348273,1313794564129348273
https://www.airbnb.com/rooms/13784416,13784416
https://www.airbnb.com/rooms/1390751776560939267,1390751776560939267
https://www.airbnb.com/rooms/1414487684695527428,1414487684695527428
https://www.airbnb.com/rooms/1549470033446332478,1549470033446332478
https://www.airbnb.com/rooms/1767571794207048802,1767571794207048802
https://www.airbnb.com/rooms/1771167575541569639,1771167575541569639
https://www.airbnb.com/rooms/1771287816711476960,1771287816711476960
https://www.airbnb.com/rooms/18942057,18942057
https://www.airbnb.com/rooms/35729056,35729056
https://www.airbnb.com/rooms/37365301,37365301
https://www.airbnb.com/rooms/42192462,42192462
https://www.airbnb.com/rooms/789171201031433326,789171201031433326
https://www.airbnb.com/rooms/879126559453061974,879126559453061974
https://www.airbnb.com/rooms/1066775379434256829,1066775379434256829
https://www.airbnb.com/rooms/1699229468095494009,1699229468095494009
https://www.airbnb.com/rooms/1734963341100741078,1734963341100741078
https://www.airbnb.com/rooms/1755027355117130802,1755027355117130802
https://www.airbnb.com/rooms/1773464541700635371,1773464541700635371
https://www.airbnb.com/rooms/834594504591716158,834594504591716158
https://www.airbnb.com/rooms/900868667149617832,900868667149617832
https://www.airbnb.com/rooms/1171993990646787245,1171993990646787245
https://www.airbnb.com/rooms/1331310283416884226,1331310283416884226
https://www.airbnb.com/rooms/1351723525726364266,1351723525726364266
https://www.airbnb.com/rooms/1379676896648681762,1379676896648681762
https://www.airbnb.com/rooms/38152114,38152114
https://www.airbnb.com/rooms/6247676,6247676
https://www.airbnb.com/rooms/857104232090041130,857104232090041130
https://www.airbnb.com/rooms/1066549408951426406,1066549408951426406
https://www.airbnb.com/rooms/1172518381737885445,1172518381737885445
https://www.airbnb.com/rooms/1178421058805662809,1178421058805662809
https://www.airbnb.com/rooms/1278588311864868809,1278588311864868809
https://www.airbnb.com/rooms/14893517,14893517
https://www.airbnb.com/rooms/16099588,16099588
https://www.airbnb.com/rooms/1630673719240641847,1630673719240641847
https://www.airbnb.com/rooms/1750973887604971378,1750973887604971378
https://www.airbnb.com/rooms/19138438,19138438
https://www.airbnb.com/rooms/30464076,30464076
https://www.airbnb.com/rooms/34683165,34683165
https://www.airbnb.com/rooms/52601004,52601004
https://www.airbnb.com/rooms/744470343768761385,744470343768761385
https://www.airbnb.com/rooms/1066012817693757375,1066012817693757375
https://www.airbnb.com/rooms/1066549562032622122,1066549562032622122
https://www.airbnb.com/rooms/1171983289485089656,1171983289485089656
https://www.airbnb.com/rooms/1172611774701144204,1172611774701144204
https://www.airbnb.com/rooms/1178459375258993016,1178459375258993016
https://www.airbnb.com/rooms/13176145,13176145
https://www.airbnb.com/rooms/1688421701525292814,1688421701525292814
https://www.airbnb.com/rooms/1743724957571439269,1743724957571439269
https://www.airbnb.com/rooms/1782756651426467989,1782756651426467989
https://www.airbnb.com/rooms/28587150,28587150
https://www.airbnb.com/rooms/42901417,42901417
https://www.airbnb.com/rooms/978951155540703521,978951155540703521
https://www.airbnb.com/rooms/1003759154709354078,1003759154709354078
https://www.airbnb.com/rooms/1034912940468069111,1034912940468069111
https://www.airbnb.com/rooms/1162439400674311218,1162439400674311218
https://www.airbnb.com/rooms/1171976700089580533,1171976700089580533
https://www.airbnb.com/rooms/1172529853681445638,1172529853681445638
https://www.airbnb.com/rooms/1178448510542231600,1178448510542231600
https://www.airbnb.com/rooms/1262301547594008355,1262301547594008355
https://www.airbnb.com/rooms/1468119491391807757,1468119491391807757
https://www.airbnb.com/rooms/1530658643248826066,1530658643248826066
https://www.airbnb.com/rooms/1542809108315922506,1542809108315922506
https://www.airbnb.com/rooms/30131268,30131268
https://www.airbnb.com/rooms/3043332,3043332
https://www.airbnb.com/rooms/40728085,40728085
https://www.airbnb.com/rooms/7860065,7860065
https://www.airbnb.com/rooms/937645435360091478,937645435360091478
https://www.airbnb.com/rooms/1066549342716533591,1066549342716533591
https://www.airbnb.com/rooms/1093482588734104496,1093482588734104496
https://www.airbnb.com/rooms/1171988528579393056,1171988528579393056
https://www.airbnb.com/rooms/1172512874074892203,1172512874074892203
https://www.airbnb.com/rooms/1172525223021452761,1172525223021452761
https://www.airbnb.com/rooms/11792169,11792169
https://www.airbnb.com/rooms/1320663769217362763,1320663769217362763
https://www.airbnb.com/rooms/1495170652520516770,1495170652520516770
https://www.airbnb.com/rooms/1518953831857610909,1518953831857610909
https://www.airbnb.com/rooms/676222959627728905,676222959627728905
https://www.airbnb.com/rooms/8385922,8385922
https://www.airbnb.com/rooms/878164311169534134,878164311169534134
https://www.airbnb.com/rooms/1000824278792934142,1000824278792934142
https://www.airbnb.com/rooms/1018231842058487220,1018231842058487220
https://www.airbnb.com/rooms/1066013118406039720,1066013118406039720
https://www.airbnb.com/rooms/1150068078051770580,1150068078051770580
https://www.airbnb.com/rooms/1153618951223057762,1153618951223057762
https://www.airbnb.com/rooms/1171897030665124822,1171897030665124822
https://www.airbnb.com/rooms/1171960627227908596,1171960627227908596
https://www.airbnb.com/rooms/1171966497467167856,1171966497467167856
https://www.airbnb.com/rooms/1171972603117720490,1171972603117720490
https://www.airbnb.com/rooms/1171999431564067727,1171999431564067727
https://www.airbnb.com/rooms/1172503456116141956,1172503456116141956
https://www.airbnb.com/rooms/1172595080379676306,1172595080379676306
https://www.airbnb.com/rooms/1178434443794558127,1178434443794558127
https://www.airbnb.com/rooms/13313321,13313321
https://www.airbnb.com/rooms/23627435,23627435
https://www.airbnb.com/rooms/899336308056085190,899336308056085190
https://www.airbnb.com/rooms/1033529473409664642,1033529473409664642
https://www.airbnb.com/rooms/13064758,13064758
https://www.airbnb.com/rooms/13575385,13575385
https://www.airbnb.com/rooms/1542809104473940041,1542809104473940041
https://www.airbnb.com/rooms/24396244,24396244
https://www.airbnb.com/rooms/35619358,35619358
https://www.airbnb.com/rooms/48529052,48529052
https://www.airbnb.com/rooms/7380837,7380837
https://www.airbnb.com/rooms/806532826747061697,806532826747061697
https://www.airbnb.com/rooms/842156945375355292,842156945375355292
https://www.airbnb.com/rooms/909475630037371035,909475630037371035
https://www.airbnb.com/rooms/937627796138768578,937627796138768578
https://www.airbnb.com/rooms/980979004534710114,980979004534710114
https://www.airbnb.com/rooms/1053020494317619085,1053020494317619085
https://www.airbnb.com/rooms/1203023767984014245,1203023767984014245
https://www.airbnb.com/rooms/1542809061012298294,1542809061012298294
https://www.airbnb.com/rooms/1542809104934467723,1542809104934467723
https://www.airbnb.com/rooms/1709013271559356301,1709013271559356301
https://www.airbnb.com/rooms/19141445,19141445
https://www.airbnb.com/rooms/19701341,19701341
https://www.airbnb.com/rooms/54186600,54186600
https://www.airbnb.com/rooms/818147861054751216,818147861054751216
https://www.airbnb.com/rooms/856752481239903373,856752481239903373
https://www.airbnb.com/rooms/918012256051003541,918012256051003541
https://www.airbnb.com/rooms/980994230766844589,980994230766844589
https://www.airbnb.com/rooms/1142272565424683687,1142272565424683687
https://www.airbnb.com/rooms/1202904847088258823,1202904847088258823
https://www.airbnb.com/rooms/1202998665142135208,1202998665142135208
https://www.airbnb.com/rooms/1203013556874101251,1203013556874101251
https://www.airbnb.com/rooms/1301666890052418400,1301666890052418400
https://www.airbnb.com/rooms/1335891658933160767,1335891658933160767
https://www.airbnb.com/rooms/1618331599674512328,1618331599674512328
https://www.airbnb.com/rooms/1680409525569468218,1680409525569468218
https://www.airbnb.com/rooms/1680409537750331304,1680409537750331304
https://www.airbnb.com/rooms/1752207067445710271,1752207067445710271
https://www.airbnb.com/rooms/20356993,20356993
https://www.airbnb.com/rooms/39790382,39790382
https://www.airbnb.com/rooms/847035590216801681,847035590216801681
https://www.airbnb.com/rooms/980979917710094807,980979917710094807
https://www.airbnb.com/rooms/980986889845350242,980986889845350242
https://www.airbnb.com/rooms/1716059637609732657,1716059637609732657
https://www.airbnb.com/rooms/757221721671641030,757221721671641030
https://www.airbnb.com/rooms/1422829916179309981,1422829916179309981
https://www.airbnb.com/rooms/1690750929960913622,1690750929960913622
https://www.airbnb.com/rooms/674135418979231671,674135418979231671
https://www.airbnb.com/rooms/778993175114252157,778993175114252157
https://www.airbnb.com/rooms/1128589912394142147,1128589912394142147
https://www.airbnb.com/rooms/13019691,13019691
https://www.airbnb.com/rooms/1468801107237492014,1468801107237492014
https://www.airbnb.com/rooms/1572588608492505003,1572588608492505003
https://www.airbnb.com/rooms/1666183002081857059,1666183002081857059
https://www.airbnb.com/rooms/1702753508168587064,1702753508168587064
https://www.airbnb.com/rooms/43943325,43943325
https://www.airbnb.com/rooms/576271894062433654,576271894062433654
https://www.airbnb.com/rooms/6299318,6299318
https://www.airbnb.com/rooms/877485398144625006,877485398144625006
https://www.airbnb.com/rooms/950872160419808480,950872160419808480
https://www.airbnb.com/rooms/1038651469232672742,1038651469232672742
https://www.airbnb.com/rooms/1098219616965863974,1098219616965863974
https://www.airbnb.com/rooms/1114667019200235996,1114667019200235996
https://www.airbnb.com/rooms/1533539522172589258,1533539522172589258
https://www.airbnb.com/rooms/1682922391962805108,1682922391962805108
https://www.airbnb.com/rooms/17846863,17846863
https://www.airbnb.com/rooms/21513133,21513133
https://www.airbnb.com/rooms/38215412,38215412
https://www.airbnb.com/rooms/38600886,38600886
https://www.airbnb.com/rooms/4559286,4559286
https://www.airbnb.com/rooms/50423435,50423435
https://www.airbnb.com/rooms/54168579,54168579
https://www.airbnb.com/rooms/630467122487319448,630467122487319448
https://www.airbnb.com/rooms/9477068,9477068
https://www.airbnb.com/rooms/10959694,10959694
https://www.airbnb.com/rooms/12489282,12489282
https://www.airbnb.com/rooms/1459506690006865934,1459506690006865934
https://www.airbnb.com/rooms/14968777,14968777
https://www.airbnb.com/rooms/1515472304750081321,1515472304750081321
https://www.airbnb.com/rooms/19011029,19011029
https://www.airbnb.com/rooms/37682465,37682465
https://www.airbnb.com/rooms/41353373,41353373
https://www.airbnb.com/rooms/584164310317867153,584164310317867153
https://www.airbnb.com/rooms/630208354099511544,630208354099511544
https://www.airbnb.com/rooms/827662981799647383,827662981799647383
https://www.airbnb.com/rooms/960158564795445254,960158564795445254
https://www.airbnb.com/rooms/1032904809749591469,1032904809749591469
https://www.airbnb.com/rooms/1068221663595833151,1068221663595833151
https://www.airbnb.com/rooms/12212145,12212145
https://www.airbnb.com/rooms/1280573084639717571,1280573084639717571
https://www.airbnb.com/rooms/1431215499201989982,1431215499201989982
https://www.airbnb.com/rooms/23754741,23754741
https://www.airbnb.com/rooms/44391831,44391831
https://www.airbnb.com/rooms/51621795,51621795
https://www.airbnb.com/rooms/662115654635457478,662115654635457478
https://www.airbnb.com/rooms/695074039356409063,695074039356409063
https://www.airbnb.com/rooms/940835652799683270,940835652799683270
https://www.airbnb.com/rooms/957425846861615837,957425846861615837
https://www.airbnb.com/rooms/960143167910566334,960143167910566334
https://www.airbnb.com/rooms/1061530416911356656,1061530416911356656
https://www.airbnb.com/rooms/1169660182452197838,1169660182452197838
https://www.airbnb.com/rooms/12941574,12941574
https://www.airbnb.com/rooms/1496009394775342433,1496009394775342433
https://www.airbnb.com/rooms/16427699,16427699
https://www.airbnb.com/rooms/1745689433550400839,1745689433550400839
https://www.airbnb.com/rooms/30513962,30513962
https://www.airbnb.com/rooms/45783152,45783152
https://www.airbnb.com/rooms/47983527,47983527
https://www.airbnb.com/rooms/48464292,48464292
https://www.airbnb.com/rooms/1457314375169387578,1457314375169387578
https://www.airbnb.com/rooms/1458860471161280989,1458860471161280989
https://www.airbnb.com/rooms/15929927,15929927
https://www.airbnb.com/rooms/1652402740054329802,1652402740054329802
https://www.airbnb.com/rooms/1782231276396430573,1782231276396430573
https://www.airbnb.com/rooms/20074753,20074753
https://www.airbnb.com/rooms/23395469,23395469
https://www.airbnb.com/rooms/27631070,27631070
https://www.airbnb.com/rooms/44647368,44647368
https://www.airbnb.com/rooms/542632381355303623,542632381355303623
https://www.airbnb.com/rooms/9218062,9218062
https://www.airbnb.com/rooms/1196582420941295633,1196582420941295633
https://www.airbnb.com/rooms/1259544936769002843,1259544936769002843
https://www.airbnb.com/rooms/1336551508284460791,1336551508284460791
https://www.airbnb.com/rooms/1426125820957243395,1426125820957243395
https://www.airbnb.com/rooms/1572088544251021228,1572088544251021228
https://www.airbnb.com/rooms/21067873,21067873
https://www.airbnb.com/rooms/23023261,23023261
https://www.airbnb.com/rooms/47872359,47872359
https://www.airbnb.com/rooms/8542398,8542398
https://www.airbnb.com/rooms/1167401625799857180,1167401625799857180
https://www.airbnb.com/rooms/1556744696666559737,1556744696666559737
https://www.airbnb.com/rooms/1737261122483522252,1737261122483522252
https://www.airbnb.com/rooms/17446216,17446216
https://www.airbnb.com/rooms/32504755,32504755
https://www.airbnb.com/rooms/33197639,33197639
https://www.airbnb.com/rooms/983571557114018825,983571557114018825
https://www.airbnb.com/rooms/1243549566388537782,1243549566388537782
https://www.airbnb.com/rooms/13561006,13561006
https://www.airbnb.com/rooms/13712433,13712433
https://www.airbnb.com/rooms/1390778810108858047,1390778810108858047
https://www.airbnb.com/rooms/1574871958369954114,1574871958369954114
https://www.airbnb.com/rooms/1586597867080543088,1586597867080543088
https://www.airbnb.com/rooms/1689087797720063420,1689087797720063420
https://www.airbnb.com/rooms/1752201967597478074,1752201967597478074
https://www.airbnb.com/rooms/1770481825512791941,1770481825512791941
https://www.airbnb.com/rooms/20949708,20949708
https://www.airbnb.com/rooms/53080986,53080986
https://www.airbnb.com/rooms/892704495926793372,892704495926793372
https://www.airbnb.com/rooms/1182026037168699307,1182026037168699307
https://www.airbnb.com/rooms/1667560678943382901,1667560678943382901
https://www.airbnb.com/rooms/1709538170880278695,1709538170880278695
https://www.airbnb.com/rooms/1720511490447535730,1720511490447535730
https://www.airbnb.com/rooms/23182334,23182334
https://www.airbnb.com/rooms/23676283,23676283
https://www.airbnb.com/rooms/32958841,32958841
https://www.airbnb.com/rooms/50770018,50770018
https://www.airbnb.com/rooms/1645966758811474498,1645966758811474498
https://www.airbnb.com/rooms/1711623218502026638,1711623218502026638
https://www.airbnb.com/rooms/22793004,22793004
https://www.airbnb.com/rooms/29354867,29354867
https://www.airbnb.com/rooms/34477011,34477011
https://www.airbnb.com/rooms/36724118,36724118
https://www.airbnb.com/rooms/42142384,42142384
https://www.airbnb.com/rooms/44494555,44494555
https://www.airbnb.com/rooms/801611698426352113,801611698426352113
https://www.airbnb.com/rooms/932917359569463482,932917359569463482
https://www.airbnb.com/rooms/1111657426005121597,1111657426005121597
https://www.airbnb.com/rooms/1293155342356153571,1293155342356153571
https://www.airbnb.com/rooms/1357283386194953213,1357283386194953213
https://www.airbnb.com/rooms/1546063870711701904,1546063870711701904
https://www.airbnb.com/rooms/1548177455339064710,1548177455339064710
https://www.airbnb.com/rooms/1659498920694702817,1659498920694702817
https://www.airbnb.com/rooms/1689389700968328967,1689389700968328967
https://www.airbnb.com/rooms/1700965324962895350,1700965324962895350
https://www.airbnb.com/rooms/1711078253515503540,1711078253515503540
https://www.airbnb.com/rooms/1732057789336812095,1732057789336812095
https://www.airbnb.com/rooms/1751564359705589464,1751564359705589464
https://www.airbnb.com/rooms/33686603,33686603
https://www.airbnb.com/rooms/46509289,46509289
https://www.airbnb.com/rooms/46946450,46946450
https://www.airbnb.com/rooms/53699261,53699261
https://www.airbnb.com/rooms/1732049134510411894,1732049134510411894
https://www.airbnb.com/rooms/52964961,52964961
https://www.airbnb.com/rooms/805996516579949298,805996516579949298
https://www.airbnb.com/rooms/874624306638678160,874624306638678160
https://www.airbnb.com/rooms/1331224338271543982,1331224338271543982
https://www.airbnb.com/rooms/1374844385482214206,1374844385482214206
https://www.airbnb.com/rooms/1475474601707354038,1475474601707354038
https://www.airbnb.com/rooms/1585831075176064203,1585831075176064203
https://www.airbnb.com/rooms/1671807916421292523,1671807916421292523
https://www.airbnb.com/rooms/1698864166727145545,1698864166727145545
https://www.airbnb.com/rooms/1739326907512178704,1739326907512178704
https://www.airbnb.com/rooms/1749513366344152703,1749513366344152703
https://www.airbnb.com/rooms/44433586,44433586
https://www.airbnb.com/rooms/45104707,45104707
https://www.airbnb.com/rooms/49074520,49074520
https://www.airbnb.com/rooms/5241371,5241371
https://www.airbnb.com/rooms/600853617185607884,600853617185607884
https://www.airbnb.com/rooms/6512317,6512317
https://www.airbnb.com/rooms/937010638129613151,937010638129613151
https://www.airbnb.com/rooms/20610025,20610025
https://www.airbnb.com/rooms/21393296,21393296
https://www.airbnb.com/rooms/23416134,23416134
https://www.airbnb.com/rooms/30016302,30016302
https://www.airbnb.com/rooms/42282453,42282453
https://www.airbnb.com/rooms/962997724829798948,962997724829798948
https://www.airbnb.com/rooms/1158081474035856782,1158081474035856782
https://www.airbnb.com/rooms/1472481380311958693,1472481380311958693
https://www.airbnb.com/rooms/1642872531407993271,1642872531407993271
https://www.airbnb.com/rooms/1730499577652454556,1730499577652454556
https://www.airbnb.com/rooms/1737283491456572721,1737283491456572721
https://www.airbnb.com/rooms/49758606,49758606
https://www.airbnb.com/rooms/676837118968871143,676837118968871143
https://www.airbnb.com/rooms/855325521925519749,855325521925519749
https://www.airbnb.com/rooms/1758030346367474341,1758030346367474341
https://www.airbnb.com/rooms/1056622481715920783,1056622481715920783
https://www.airbnb.com/rooms/1070547376797230923,1070547376797230923
https://www.airbnb.com/rooms/1188392400124459957,1188392400124459957
https://www.airbnb.com/rooms/1603042819122798077,1603042819122798077
https://www.airbnb.com/rooms/39577331,39577331
https://www.airbnb.com/rooms/40397387,40397387
https://www.airbnb.com/rooms/40420743,40420743
https://www.airbnb.com/rooms/43041968,43041968
https://www.airbnb.com/rooms/53690426,53690426
https://www.airbnb.com/rooms/567461615968086150,567461615968086150
https://www.airbnb.com/rooms/12872273,12872273
https://www.airbnb.com/rooms/15909011,15909011
https://www.airbnb.com/rooms/1642933845672095980,1642933845672095980
https://www.airbnb.com/rooms/17900059,17900059
https://www.airbnb.com/rooms/30266531,30266531
https://www.airbnb.com/rooms/39054736,39054736
https://www.airbnb.com/rooms/47853769,47853769
https://www.airbnb.com/rooms/49123790,49123790
https://www.airbnb.com/rooms/49547889,49547889
https://www.airbnb.com/rooms/52788340,52788340
https://www.airbnb.com/rooms/638454141976725934,638454141976725934
https://www.airbnb.com/rooms/6506269,6506269
https://www.airbnb.com/rooms/1642933842428120827,1642933842428120827
https://www.airbnb.com/rooms/1642933857667308134,1642933857667308134
https://www.airbnb.com/rooms/23456146,23456146
https://www.airbnb.com/rooms/41433796,41433796
https://www.airbnb.com/rooms/49898377,49898377
https://www.airbnb.com/rooms/49904156,49904156
https://www.airbnb.com/rooms/50138513,50138513
https://www.airbnb.com/rooms/679711250750005215,679711250750005215
https://www.airbnb.com/rooms/946277357567956311,946277357567956311
https://www.airbnb.com/rooms/1642933859343533081,1642933859343533081
https://www.airbnb.com/rooms/1642933860298258262,1642933860298258262
https://www.airbnb.com/rooms/1642933897480229441,1642933897480229441
https://www.airbnb.com/rooms/1642933906739316989,1642933906739316989
https://www.airbnb.com/rooms/1642933906797859786,1642933906797859786
https://www.airbnb.com/rooms/1642933911006998564,1642933911006998564
https://www.airbnb.com/rooms/1642933917551693548,1642933917551693548
https://www.airbnb.com/rooms/1106543683306196071,1106543683306196071
https://www.airbnb.com/rooms/1147678194272064093,1147678194272064093
https://www.airbnb.com/rooms/1153031891769459235,1153031891769459235
https://www.airbnb.com/rooms/1232026739804483799,1232026739804483799
https://www.airbnb.com/rooms/1263346793783071636,1263346793783071636
https://www.airbnb.com/rooms/1589693064999129479,1589693064999129479
https://www.airbnb.com/rooms/1629089309858650277,1629089309858650277
https://www.airbnb.com/rooms/25618468,25618468
https://www.airbnb.com/rooms/47052397,47052397
https://www.airbnb.com/rooms/1579718736694739561,1579718736694739561
https://www.airbnb.com/rooms/1613999202618841751,1613999202618841751
https://www.airbnb.com/rooms/1678332560722641128,1678332560722641128
https://www.airbnb.com/rooms/23144425,23144425
https://www.airbnb.com/rooms/4773268,4773268
https://www.airbnb.com/rooms/587561832516636870,587561832516636870
https://www.airbnb.com/rooms/628970326699273526,628970326699273526
https://www.airbnb.com/rooms/737749595988150390,737749595988150390
https://www.airbnb.com/rooms/749875189995303441,749875189995303441
https://www.airbnb.com/rooms/754565916989420266,754565916989420266
https://www.airbnb.com/rooms/1559462976368762303,1559462976368762303
https://www.airbnb.com/rooms/1635133261779431308,1635133261779431308
https://www.airbnb.com/rooms/16973260,16973260
https://www.airbnb.com/rooms/1761752853607139083,1761752853607139083
https://www.airbnb.com/rooms/40977055,40977055
https://www.airbnb.com/rooms/44063282,44063282
https://www.airbnb.com/rooms/634166835809053294,634166835809053294
https://www.airbnb.com/rooms/682626668418920940,682626668418920940
https://www.airbnb.com/rooms/1249467286674812588,1249467286674812588
https://www.airbnb.com/rooms/1350724630816087899,1350724630816087899
https://www.airbnb.com/rooms/1446664788915509375,1446664788915509375
https://www.airbnb.com/rooms/1511120748539913723,1511120748539913723
https://www.airbnb.com/rooms/1559455767382799045,1559455767382799045
https://www.airbnb.com/rooms/660298013963091090,660298013963091090
https://www.airbnb.com/rooms/724825858785488947,724825858785488947
https://www.airbnb.com/rooms/994121857075226315,994121857075226315
https://www.airbnb.com/rooms/1092095978239537091,1092095978239537091
https://www.airbnb.com/rooms/1249454447033234944,1249454447033234944
https://www.airbnb.com/rooms/1305968317030604539,1305968317030604539
https://www.airbnb.com/rooms/1354018756272262951,1354018756272262951
https://www.airbnb.com/rooms/1562473390336871357,1562473390336871357
https://www.airbnb.com/rooms/31020971,31020971
https://www.airbnb.com/rooms/36318597,36318597
https://www.airbnb.com/rooms/542645384239342539,542645384239342539
https://www.airbnb.com/rooms/675626819339425153,675626819339425153
https://www.airbnb.com/rooms/1179607260756172646,1179607260756172646
https://www.airbnb.com/rooms/1302920370792342922,1302920370792342922
https://www.airbnb.com/rooms/1479836816362965621,1479836816362965621
https://www.airbnb.com/rooms/1495632646809798954,1495632646809798954
https://www.airbnb.com/rooms/19692021,19692021
https://www.airbnb.com/rooms/22567211,22567211
https://www.airbnb.com/rooms/655655084363606784,655655084363606784
https://www.airbnb.com/rooms/673864882445527568,673864882445527568
https://www.airbnb.com/rooms/873071499026293051,873071499026293051
https://www.airbnb.com/rooms/990462440899349815,990462440899349815
https://www.airbnb.com/rooms/1004542180169296470,1004542180169296470
https://www.airbnb.com/rooms/1010928370894122287,1010928370894122287
https://www.airbnb.com/rooms/13450649,13450649
https://www.airbnb.com/rooms/32519393,32519393
https://www.airbnb.com/rooms/53063862,53063862
https://www.airbnb.com/rooms/53479010,53479010
https://www.airbnb.com/rooms/694094639445226895,694094639445226895
https://www.airbnb.com/rooms/758618552062947634,758618552062947634
https://www.airbnb.com/rooms/12326550,12326550
https://www.airbnb.com/rooms/1507949148279782545,1507949148279782545
https://www.airbnb.com/rooms/16555740,16555740
https://www.airbnb.com/rooms/1750887303694155594,1750887303694155594
https://www.airbnb.com/rooms/23822414,23822414
https://www.airbnb.com/rooms/38748013,38748013
https://www.airbnb.com/rooms/671778812559146780,671778812559146780
https://www.airbnb.com/rooms/8017261,8017261
https://www.airbnb.com/rooms/823428273410738343,823428273410738343
https://www.airbnb.com/rooms/904878082837187331,904878082837187331
https://www.airbnb.com/rooms/1090582617418320880,1090582617418320880
https://www.airbnb.com/rooms/1391419521969374898,1391419521969374898
https://www.airbnb.com/rooms/1455835611510958333,1455835611510958333
https://www.airbnb.com/rooms/1455844229332794398,1455844229332794398
https://www.airbnb.com/rooms/1456791254698681144,1456791254698681144
https://www.airbnb.com/rooms/1517480601877617051,1517480601877617051
https://www.airbnb.com/rooms/1547904402931844809,1547904402931844809
https://www.airbnb.com/rooms/42892451,42892451
https://www.airbnb.com/rooms/613162062171644489,613162062171644489
https://www.airbnb.com/rooms/648447802467075066,648447802467075066
https://www.airbnb.com/rooms/1159032072473845595,1159032072473845595
https://www.airbnb.com/rooms/1557535,1557535
https://www.airbnb.com/rooms/1597278396328738359,1597278396328738359
https://www.airbnb.com/rooms/31864883,31864883
https://www.airbnb.com/rooms/45702837,45702837
https://www.airbnb.com/rooms/45740356,45740356
https://www.airbnb.com/rooms/620918052300896269,620918052300896269
https://www.airbnb.com/rooms/681880,681880
https://www.airbnb.com/rooms/1610363387731951725,1610363387731951725
https://www.airbnb.com/rooms/1670563671487135721,1670563671487135721
https://www.airbnb.com/rooms/1680691403724176686,1680691403724176686
https://www.airbnb.com/rooms/1704010191487317725,1704010191487317725
https://www.airbnb.com/rooms/1718959052540515113,1718959052540515113
https://www.airbnb.com/rooms/1747161936465385482,1747161936465385482
https://www.airbnb.com/rooms/1764558464160528916,1764558464160528916
https://www.airbnb.com/rooms/1772417566153394026,1772417566153394026
https://www.airbnb.com/rooms/665786001514681569,665786001514681569
https://www.airbnb.com/rooms/998491454831581259,998491454831581259
https://www.airbnb.com/rooms/1268839139719347070,1268839139719347070
https://www.airbnb.com/rooms/1566923252460897450,1566923252460897450
https://www.airbnb.com/rooms/1653922756447838764,1653922756447838764
https://www.airbnb.com/rooms/1742118872029613882,1742118872029613882
https://www.airbnb.com/rooms/1766059769369426427,1766059769369426427
https://www.airbnb.com/rooms/1209651030735710550,1209651030735710550
https://www.airbnb.com/rooms/1218355001654938583,1218355001654938583
https://www.airbnb.com/rooms/1346469229120403046,1346469229120403046
https://www.airbnb.com/rooms/1658724936772097148,1658724936772097148
https://www.airbnb.com/rooms/795559543904423196,795559543904423196
https://www.airbnb.com/rooms/1237804639556924861,1237804639556924861
https://www.airbnb.com/rooms/13017638,13017638
https://www.airbnb.com/rooms/13249863,13249863
https://www.airbnb.com/rooms/1362672912807505151,1362672912807505151
https://www.airbnb.com/rooms/1645073309033648980,1645073309033648980
https://www.airbnb.com/rooms/16601868,16601868
https://www.airbnb.com/rooms/20916469,20916469
https://www.airbnb.com/rooms/28585183,28585183
https://www.airbnb.com/rooms/34478881,34478881
https://www.airbnb.com/rooms/36728294,36728294
https://www.airbnb.com/rooms/631822361879265540,631822361879265540
https://www.airbnb.com/rooms/1198841057184102919,1198841057184102919
https://www.airbnb.com/rooms/1345660662765946802,1345660662765946802
https://www.airbnb.com/rooms/1626967789562343620,1626967789562343620
https://www.airbnb.com/rooms/1687699608267005718,1687699608267005718
https://www.airbnb.com/rooms/1711124708049929883,1711124708049929883
https://www.airbnb.com/rooms/1718189226008440373,1718189226008440373
https://www.airbnb.com/rooms/1742342772495927054,1742342772495927054
https://www.airbnb.com/rooms/19053043,19053043
https://www.airbnb.com/rooms/30725834,30725834
https://www.airbnb.com/rooms/32364875,32364875
https://www.airbnb.com/rooms/38237923,38237923
https://www.airbnb.com/rooms/50675716,50675716
https://www.airbnb.com/rooms/51985103,51985103
https://www.airbnb.com/rooms/7805346,7805346
https://www.airbnb.com/rooms/14487681,14487681
https://www.airbnb.com/rooms/1554516225948850862,1554516225948850862
https://www.airbnb.com/rooms/1612785188284244321,1612785188284244321
https://www.airbnb.com/rooms/1649397726158486257,1649397726158486257
https://www.airbnb.com/rooms/16635019,16635019
https://www.airbnb.com/rooms/16945346,16945346
https://www.airbnb.com/rooms/1714003986280606019,1714003986280606019
https://www.airbnb.com/rooms/1720486493401783928,1720486493401783928
https://www.airbnb.com/rooms/1742348536338902141,1742348536338902141
https://www.airbnb.com/rooms/22772121,22772121
https://www.airbnb.com/rooms/24574665,24574665
https://www.airbnb.com/rooms/49899194,49899194
https://www.airbnb.com/rooms/610216925544561305,610216925544561305
https://www.airbnb.com/rooms/702211166036634157,702211166036634157
https://www.airbnb.com/rooms/827910209909116677,827910209909116677
https://www.airbnb.com/rooms/930681007593740289,930681007593740289
https://www.airbnb.com/rooms/975612732887272806,975612732887272806
https://www.airbnb.com/rooms/990661054496037943,990661054496037943
https://www.airbnb.com/rooms/1554520510220434416,1554520510220434416
https://www.airbnb.com/rooms/1738046636359991621,1738046636359991621
https://www.airbnb.com/rooms/1750350551324126176,1750350551324126176
https://www.airbnb.com/rooms/1750358113566027073,1750358113566027073
https://www.airbnb.com/rooms/19738055,19738055
https://www.airbnb.com/rooms/37405183,37405183
https://www.airbnb.com/rooms/38750648,38750648
https://www.airbnb.com/rooms/44825792,44825792
https://www.airbnb.com/rooms/45002939,45002939
https://www.airbnb.com/rooms/45003528,45003528
https://www.airbnb.com/rooms/45015102,45015102
https://www.airbnb.com/rooms/46550706,46550706
https://www.airbnb.com/rooms/47902067,47902067
https://www.airbnb.com/rooms/48065538,48065538
https://www.airbnb.com/rooms/671689305998280435,671689305998280435
https://www.airbnb.com/rooms/671753857149431400,671753857149431400
https://www.airbnb.com/rooms/671771983477327756,671771983477327756
https://www.airbnb.com/rooms/697105462736721154,697105462736721154
https://www.airbnb.com/rooms/47902725,47902725
https://www.airbnb.com/rooms/671561190539802777,671561190539802777
https://www.airbnb.com/rooms/671761745389896543,671761745389896543
https://www.airbnb.com/rooms/1491449374363943370,1491449374363943370
https://www.airbnb.com/rooms/1700826419853663284,1700826419853663284
https://www.airbnb.com/rooms/1441514439545840918,1441514439545840918
https://www.airbnb.com/rooms/1658182485043946969,1658182485043946969
https://www.airbnb.com/rooms/1743143210306185967,1743143210306185967
https://www.airbnb.com/rooms/32406916,32406916
https://www.airbnb.com/rooms/39420099,39420099
https://www.airbnb.com/rooms/50157733,50157733
https://www.airbnb.com/rooms/1269560461594972122,1269560461594972122
https://www.airbnb.com/rooms/1456490626982075917,1456490626982075917
https://www.airbnb.com/rooms/1481118783453982534,1481118783453982534
https://www.airbnb.com/rooms/1569103403524259291,1569103403524259291
https://www.airbnb.com/rooms/1714358775735022211,1714358775735022211
https://www.airbnb.com/rooms/1768920645634732236,1768920645634732236
https://www.airbnb.com/rooms/999063439555766914,999063439555766914
https://www.airbnb.com/rooms/1288599675129497555,1288599675129497555
https://www.airbnb.com/rooms/22264807,22264807
https://www.airbnb.com/rooms/29009493,29009493
https://www.airbnb.com/rooms/31057725,31057725
https://www.airbnb.com/rooms/4787052,4787052
https://www.airbnb.com/rooms/6570571,6570571
https://www.airbnb.com/rooms/1071728247547524174,1071728247547524174
https://www.airbnb.com/rooms/1087853485795114337,1087853485795114337
https://www.airbnb.com/rooms/13052870,13052870
https://www.airbnb.com/rooms/1782094229468929178,1782094229468929178
https://www.airbnb.com/rooms/22436356,22436356
https://www.airbnb.com/rooms/33737815,33737815
https://www.airbnb.com/rooms/49225200,49225200
https://www.airbnb.com/rooms/5070014,5070014
https://www.airbnb.com/rooms/1155736456589600468,1155736456589600468
https://www.airbnb.com/rooms/1697991568380986699,1697991568380986699
https://www.airbnb.com/rooms/1742291745778292527,1742291745778292527
https://www.airbnb.com/rooms/22308396,22308396
https://www.airbnb.com/rooms/29758241,29758241
https://www.airbnb.com/rooms/35573520,35573520
https://www.airbnb.com/rooms/39944212,39944212
https://www.airbnb.com/rooms/40643118,40643118
https://www.airbnb.com/rooms/51378876,51378876
https://www.airbnb.com/rooms/1029715614359738128,1029715614359738128
https://www.airbnb.com/rooms/1351603185225229270,1351603185225229270
https://www.airbnb.com/rooms/17522545,17522545
https://www.airbnb.com/rooms/18548210,18548210
https://www.airbnb.com/rooms/27807422,27807422
https://www.airbnb.com/rooms/45609934,45609934
https://www.airbnb.com/rooms/48609195,48609195
https://www.airbnb.com/rooms/49949997,49949997
https://www.airbnb.com/rooms/750715236266245836,750715236266245836
https://www.airbnb.com/rooms/1492232476839281741,1492232476839281741
https://www.airbnb.com/rooms/28867605,28867605
https://www.airbnb.com/rooms/28987936,28987936
https://www.airbnb.com/rooms/29218046,29218046
https://www.airbnb.com/rooms/8497631,8497631
https://www.airbnb.com/rooms/950170920297127680,950170920297127680
https://www.airbnb.com/rooms/1015079884163326404,1015079884163326404
https://www.airbnb.com/rooms/1093588452473562060,1093588452473562060
https://www.airbnb.com/rooms/1123431402183660494,1123431402183660494
https://www.airbnb.com/rooms/1206611097980910157,1206611097980910157
https://www.airbnb.com/rooms/14530554,14530554
https://www.airbnb.com/rooms/1545764393368367522,1545764393368367522
https://www.airbnb.com/rooms/17029110,17029110
https://www.airbnb.com/rooms/21296186,21296186
https://www.airbnb.com/rooms/44633267,44633267
https://www.airbnb.com/rooms/602996524081206314,602996524081206314
https://www.airbnb.com/rooms/1010215565233103519,1010215565233103519
https://www.airbnb.com/rooms/1034636072701938785,1034636072701938785
https://www.airbnb.com/rooms/1297847178933085508,1297847178933085508
https://www.airbnb.com/rooms/1457376498605015052,1457376498605015052
https://www.airbnb.com/rooms/1458866089162634036,1458866089162634036
https://www.airbnb.com/rooms/1458925695540337022,1458925695540337022
https://www.airbnb.com/rooms/22526172,22526172
https://www.airbnb.com/rooms/49566927,49566927
https://www.airbnb.com/rooms/51881507,51881507
https://www.airbnb.com/rooms/603006767330504145,603006767330504145
https://www.airbnb.com/rooms/858055228430203801,858055228430203801
https://www.airbnb.com/rooms/878537875923391290,878537875923391290
https://www.airbnb.com/rooms/920299955649395627,920299955649395627
https://www.airbnb.com/rooms/920309659293401833,920309659293401833
https://www.airbnb.com/rooms/1006575086274261037,1006575086274261037
https://www.airbnb.com/rooms/1010222031564880734,1010222031564880734
https://www.airbnb.com/rooms/1015071164101996691,1015071164101996691
https://www.airbnb.com/rooms/1015097651158170101,1015097651158170101
https://www.airbnb.com/rooms/1015106605865985215,1015106605865985215
https://www.airbnb.com/rooms/1232665468097889850,1232665468097889850
https://www.airbnb.com/rooms/1458661693121175076,1458661693121175076
https://www.airbnb.com/rooms/1458836070293547547,1458836070293547547
https://www.airbnb.com/rooms/1458856142226431647,1458856142226431647
https://www.airbnb.com/rooms/1458957663880545246,1458957663880545246
https://www.airbnb.com/rooms/38095416,38095416
https://www.airbnb.com/rooms/599859038157230215,599859038157230215
https://www.airbnb.com/rooms/920267533580304447,920267533580304447
https://www.airbnb.com/rooms/920298162780703741,920298162780703741
https://www.airbnb.com/rooms/920301519299269782,920301519299269782
https://www.airbnb.com/rooms/920312270261361403,920312270261361403
https://www.airbnb.com/rooms/935196928020768924,935196928020768924
https://www.airbnb.com/rooms/1015065702303596623,1015065702303596623
https://www.airbnb.com/rooms/1015078128563911197,1015078128563911197
https://www.airbnb.com/rooms/1015091323302052671,1015091323302052671
https://www.airbnb.com/rooms/1081181836325934436,1081181836325934436
https://www.airbnb.com/rooms/920307903081207572,920307903081207572
https://www.airbnb.com/rooms/12417412,12417412
https://www.airbnb.com/rooms/1626191390508725734,1626191390508725734
https://www.airbnb.com/rooms/21635878,21635878
https://www.airbnb.com/rooms/5560170,5560170
https://www.airbnb.com/rooms/6575499,6575499
https://www.airbnb.com/rooms/10163485,10163485
https://www.airbnb.com/rooms/1105946558618937773,1105946558618937773
https://www.airbnb.com/rooms/1601000886956380463,1601000886956380463
https://www.airbnb.com/rooms/1740604953019050518,1740604953019050518
https://www.airbnb.com/rooms/18810141,18810141
https://www.airbnb.com/rooms/22303367,22303367
https://www.airbnb.com/rooms/36388352,36388352
https://www.airbnb.com/rooms/37936461,37936461
https://www.airbnb.com/rooms/44265921,44265921
https://www.airbnb.com/rooms/54345812,54345812
https://www.airbnb.com/rooms/10388598,10388598
https://www.airbnb.com/rooms/1233993066913273273,1233993066913273273
https://www.airbnb.com/rooms/1234798769953456543,1234798769953456543
https://www.airbnb.com/rooms/1234872167659222926,1234872167659222926
https://www.airbnb.com/rooms/1402909504396508368,1402909504396508368
https://www.airbnb.com/rooms/14517297,14517297
https://www.airbnb.com/rooms/1481140192304076756,1481140192304076756
https://www.airbnb.com/rooms/1521805391936844041,1521805391936844041
https://www.airbnb.com/rooms/1534841855464700787,1534841855464700787
https://www.airbnb.com/rooms/1599392923376406681,1599392923376406681
https://www.airbnb.com/rooms/1629917145326033114,1629917145326033114
https://www.airbnb.com/rooms/18308295,18308295
https://www.airbnb.com/rooms/31626962,31626962
https://www.airbnb.com/rooms/50641124,50641124
https://www.airbnb.com/rooms/695658611068426695,695658611068426695
https://www.airbnb.com/rooms/910025352112704220,910025352112704220
https://www.airbnb.com/rooms/1119730750275277663,1119730750275277663
https://www.airbnb.com/rooms/1419651893149778451,1419651893149778451
https://www.airbnb.com/rooms/1717006240018777138,1717006240018777138
https://www.airbnb.com/rooms/17726939,17726939
https://www.airbnb.com/rooms/21491535,21491535
https://www.airbnb.com/rooms/28337557,28337557
https://www.airbnb.com/rooms/3703925,3703925
https://www.airbnb.com/rooms/45908788,45908788
https://www.airbnb.com/rooms/52598786,52598786
https://www.airbnb.com/rooms/52599453,52599453
https://www.airbnb.com/rooms/53186655,53186655
https://www.airbnb.com/rooms/54185439,54185439
https://www.airbnb.com/rooms/554287394872059487,554287394872059487
https://www.airbnb.com/rooms/573044664591210725,573044664591210725
https://www.airbnb.com/rooms/628389813838199216,628389813838199216
https://www.airbnb.com/rooms/909369619983949891,909369619983949891
https://www.airbnb.com/rooms/10549143,10549143
https://www.airbnb.com/rooms/1071687976610967596,1071687976610967596
https://www.airbnb.com/rooms/1071779565910861985,1071779565910861985
https://www.airbnb.com/rooms/1071779579795386114,1071779579795386114
https://www.airbnb.com/rooms/1071779602618183469,1071779602618183469
https://www.airbnb.com/rooms/1102244075511135371,1102244075511135371
https://www.airbnb.com/rooms/1102244115499991703,1102244115499991703
https://www.airbnb.com/rooms/1435449401267387217,1435449401267387217
https://www.airbnb.com/rooms/1603791842916161766,1603791842916161766
https://www.airbnb.com/rooms/2273933,2273933
https://www.airbnb.com/rooms/29968952,29968952
https://www.airbnb.com/rooms/45974717,45974717
https://www.airbnb.com/rooms/727541865296877632,727541865296877632
https://www.airbnb.com/rooms/931270693309262928,931270693309262928
https://www.airbnb.com/rooms/1044200798073463710,1044200798073463710
https://www.airbnb.com/rooms/1044201065930553025,1044201065930553025
https://www.airbnb.com/rooms/1044201347553619118,1044201347553619118
https://www.airbnb.com/rooms/1044225748149459722,1044225748149459722
https://www.airbnb.com/rooms/1044229286103626181,1044229286103626181
https://www.airbnb.com/rooms/1435948861539769174,1435948861539769174
https://www.airbnb.com/rooms/1486963612718118059,1486963612718118059
https://www.airbnb.com/rooms/1633209680182818867,1633209680182818867
https://www.airbnb.com/rooms/1699403031737280180,1699403031737280180
https://www.airbnb.com/rooms/1711168106966814096,1711168106966814096
https://www.airbnb.com/rooms/1739982755562789602,1739982755562789602
https://www.airbnb.com/rooms/21526488,21526488
https://www.airbnb.com/rooms/45967726,45967726
https://www.airbnb.com/rooms/836273009435048155,836273009435048155
https://www.airbnb.com/rooms/10268835,10268835
https://www.airbnb.com/rooms/1257119050643969947,1257119050643969947
https://www.airbnb.com/rooms/1438672393646695043,1438672393646695043
https://www.airbnb.com/rooms/1452297525353235268,1452297525353235268
https://www.airbnb.com/rooms/17662205,17662205
https://www.airbnb.com/rooms/1782003830500869840,1782003830500869840
https://www.airbnb.com/rooms/38547273,38547273
https://www.airbnb.com/rooms/41817272,41817272
https://www.airbnb.com/rooms/43530623,43530623
https://www.airbnb.com/rooms/1755300701865523809,1755300701865523809
https://www.airbnb.com/rooms/24148022,24148022
https://www.airbnb.com/rooms/30389810,30389810
https://www.airbnb.com/rooms/47200129,47200129
https://www.airbnb.com/rooms/5984997,5984997
https://www.airbnb.com/rooms/788372779502707772,788372779502707772
https://www.airbnb.com/rooms/1421077091682356153,1421077091682356153
https://www.airbnb.com/rooms/1590764830509015929,1590764830509015929
https://www.airbnb.com/rooms/1599519215109581848,1599519215109581848
https://www.airbnb.com/rooms/1679190930683265083,1679190930683265083
https://www.airbnb.com/rooms/1688157405007948956,1688157405007948956
https://www.airbnb.com/rooms/1258027927889991744,1258027927889991744
https://www.airbnb.com/rooms/13221741,13221741
https://www.airbnb.com/rooms/1687197926293618288,1687197926293618288
https://www.airbnb.com/rooms/18312877,18312877
https://www.airbnb.com/rooms/3379848,3379848
https://www.airbnb.com/rooms/49196864,49196864
https://www.airbnb.com/rooms/1112365193636576351,1112365193636576351
https://www.airbnb.com/rooms/12037184,12037184
https://www.airbnb.com/rooms/1420723026688700124,1420723026688700124
https://www.airbnb.com/rooms/1487861493008902333,1487861493008902333
https://www.airbnb.com/rooms/16023993,16023993
https://www.airbnb.com/rooms/16055345,16055345
https://www.airbnb.com/rooms/33721577,33721577
https://www.airbnb.com/rooms/832856357466303391,832856357466303391
https://www.airbnb.com/rooms/887645759727912538,887645759727912538
https://www.airbnb.com/rooms/1424103226631490310,1424103226631490310
https://www.airbnb.com/rooms/1424161767520985190,1424161767520985190
https://www.airbnb.com/rooms/1424186098848055037,1424186098848055037
https://www.airbnb.com/rooms/1603882556876833251,1603882556876833251
https://www.airbnb.com/rooms/53733218,53733218
https://www.airbnb.com/rooms/675157878765516286,675157878765516286
https://www.airbnb.com/rooms/718360358194989374,718360358194989374
https://www.airbnb.com/rooms/828666172141003631,828666172141003631
https://www.airbnb.com/rooms/634776386438720670,634776386438720670
https://www.airbnb.com/rooms/554287565293399006,554287565293399006
https://www.airbnb.com/rooms/1441973633341551251,1441973633341551251
https://www.airbnb.com/rooms/1603787767993688547,1603787767993688547
https://www.airbnb.com/rooms/1607319950767057270,1607319950767057270
https://www.airbnb.com/rooms/1724237653134958692,1724237653134958692
https://www.airbnb.com/rooms/20137844,20137844
https://www.airbnb.com/rooms/588329767839210020,588329767839210020
https://www.airbnb.com/rooms/1011323698059754541,1011323698059754541
https://www.airbnb.com/rooms/1011324591613484060,1011324591613484060
https://www.airbnb.com/rooms/1673344726215878841,1673344726215878841
https://www.airbnb.com/rooms/1673352465281238096,1673352465281238096
https://www.airbnb.com/rooms/1674015588954545597,1674015588954545597
https://www.airbnb.com/rooms/1674019287698832339,1674019287698832339
https://www.airbnb.com/rooms/1674229347534132983,1674229347534132983
https://www.airbnb.com/rooms/1716179653494774718,1716179653494774718
https://www.airbnb.com/rooms/847730352852497315,847730352852497315
https://www.airbnb.com/rooms/847733418766804763,847733418766804763
https://www.airbnb.com/rooms/847743314754031619,847743314754031619
https://www.airbnb.com/rooms/847744942248652887,847744942248652887
https://www.airbnb.com/rooms/1011324307352745959,1011324307352745959
https://www.airbnb.com/rooms/1011324912190135766,1011324912190135766
https://www.airbnb.com/rooms/1674214019469636959,1674214019469636959
https://www.airbnb.com/rooms/1674220871089276224,1674220871089276224
https://www.airbnb.com/rooms/1674236387616460564,1674236387616460564
https://www.airbnb.com/rooms/847735559650921569,847735559650921569
https://www.airbnb.com/rooms/1174050359862187063,1174050359862187063
https://www.airbnb.com/rooms/1190480706538312158,1190480706538312158
https://www.airbnb.com/rooms/1279160677563867714,1279160677563867714
https://www.airbnb.com/rooms/1289178148091942564,1289178148091942564
https://www.airbnb.com/rooms/1372491213047447582,1372491213047447582
https://www.airbnb.com/rooms/1577752243751569872,1577752243751569872
https://www.airbnb.com/rooms/1639863569695391872,1639863569695391872
https://www.airbnb.com/rooms/1780697499748903184,1780697499748903184
https://www.airbnb.com/rooms/766098397165056847,766098397165056847
https://www.airbnb.com/rooms/1493655284698190527,1493655284698190527
https://www.airbnb.com/rooms/1541515529388984630,1541515529388984630
https://www.airbnb.com/rooms/1553792361367318718,1553792361367318718
https://www.airbnb.com/rooms/1558847709107495300,1558847709107495300
https://www.airbnb.com/rooms/1681210633274214743,1681210633274214743
https://www.airbnb.com/rooms/765289959588236089,765289959588236089
https://www.airbnb.com/rooms/1242017813956485807,1242017813956485807
https://www.airbnb.com/rooms/1356059805146313645,1356059805146313645
https://www.airbnb.com/rooms/1587827693310864779,1587827693310864779
https://www.airbnb.com/rooms/592933369442063870,592933369442063870
https://www.airbnb.com/rooms/909527284242844888,909527284242844888
https://www.airbnb.com/rooms/1290812549870539703,1290812549870539703
https://www.airbnb.com/rooms/1315508763671216541,1315508763671216541
https://www.airbnb.com/rooms/1587852784913008653,1587852784913008653
https://www.airbnb.com/rooms/1587863269724874908,1587863269724874908
https://www.airbnb.com/rooms/1709486490602318986,1709486490602318986
https://www.airbnb.com/rooms/1709510734587663241,1709510734587663241
https://www.airbnb.com/rooms/658853401796319065,658853401796319065
https://www.airbnb.com/rooms/667228347429378823,667228347429378823
https://www.airbnb.com/rooms/999297225113264177,999297225113264177
https://www.airbnb.com/rooms/1456473091574120793,1456473091574120793
https://www.airbnb.com/rooms/1458064029606866516,1458064029606866516
https://www.airbnb.com/rooms/1587871985534522117,1587871985534522117
https://www.airbnb.com/rooms/1709523241652620524,1709523241652620524
https://www.airbnb.com/rooms/1778425072456370066,1778425072456370066
https://www.airbnb.com/rooms/52182341,52182341
https://www.airbnb.com/rooms/699430331014636348,699430331014636348
https://www.airbnb.com/rooms/1623489120110354552,1623489120110354552
https://www.airbnb.com/rooms/1709539491609668630,1709539491609668630
https://www.airbnb.com/rooms/772467686706836660,772467686706836660
https://www.airbnb.com/rooms/912606738155736302,912606738155736302
https://www.airbnb.com/rooms/1128541192282680638,1128541192282680638
https://www.airbnb.com/rooms/1167489559234256966,1167489559234256966
https://www.airbnb.com/rooms/1221126789651413318,1221126789651413318
https://www.airbnb.com/rooms/1262328674504878813,1262328674504878813
https://www.airbnb.com/rooms/1280365186750698833,1280365186750698833
https://www.airbnb.com/rooms/1480480713347053283,1480480713347053283
https://www.airbnb.com/rooms/1540964268891288356,1540964268891288356
https://www.airbnb.com/rooms/1589573227971087602,1589573227971087602
https://www.airbnb.com/rooms/1604680648220459469,1604680648220459469
https://www.airbnb.com/rooms/16349317,16349317
https://www.airbnb.com/rooms/1689363079233673591,1689363079233673591
https://www.airbnb.com/rooms/1776274971055506516,1776274971055506516
https://www.airbnb.com/rooms/1164034953882773805,1164034953882773805
https://www.airbnb.com/rooms/1304332293960445974,1304332293960445974
https://www.airbnb.com/rooms/1323181152414599623,1323181152414599623
https://www.airbnb.com/rooms/1465571847083818053,1465571847083818053
https://www.airbnb.com/rooms/1480650827815431979,1480650827815431979
https://www.airbnb.com/rooms/1540967019542216232,1540967019542216232
https://www.airbnb.com/rooms/1562516579173804366,1562516579173804366
https://www.airbnb.com/rooms/1582227021026000140,1582227021026000140
https://www.airbnb.com/rooms/1592113802690272634,1592113802690272634
https://www.airbnb.com/rooms/1601514429420982096,1601514429420982096
https://www.airbnb.com/rooms/1607835147862584919,1607835147862584919
https://www.airbnb.com/rooms/1653838618231992495,1653838618231992495
https://www.airbnb.com/rooms/1689516707183318744,1689516707183318744
https://www.airbnb.com/rooms/1742972581812509696,1742972581812509696
https://www.airbnb.com/rooms/37972047,37972047
https://www.airbnb.com/rooms/40530496,40530496
https://www.airbnb.com/rooms/683549192038099851,683549192038099851
https://www.airbnb.com/rooms/1480586493369401814,1480586493369401814
https://www.airbnb.com/rooms/1480639096838382209,1480639096838382209
https://www.airbnb.com/rooms/1516829195953225607,1516829195953225607
https://www.airbnb.com/rooms/1540960407815965179,1540960407815965179
https://www.airbnb.com/rooms/1591726770735047884,1591726770735047884
https://www.airbnb.com/rooms/1607829198066545168,1607829198066545168
https://www.airbnb.com/rooms/1613307631597303570,1613307631597303570
https://www.airbnb.com/rooms/1614031867335321525,1614031867335321525
https://www.airbnb.com/rooms/1681338966950938626,1681338966950938626
https://www.airbnb.com/rooms/1742972625587253681,1742972625587253681
https://www.airbnb.com/rooms/1742972665709576218,1742972665709576218
https://www.airbnb.com/rooms/1764558514101398603,1764558514101398603
https://www.airbnb.com/rooms/1764558591943920733,1764558591943920733
https://www.airbnb.com/rooms/1776935922700625020,1776935922700625020
https://www.airbnb.com/rooms/1782043798878246066,1782043798878246066
https://www.airbnb.com/rooms/36705248,36705248
https://www.airbnb.com/rooms/642941622823561145,642941622823561145
https://www.airbnb.com/rooms/7914730,7914730
https://www.airbnb.com/rooms/1152262701843255011,1152262701843255011
https://www.airbnb.com/rooms/1168252083992672986,1168252083992672986
https://www.airbnb.com/rooms/1333409946890995778,1333409946890995778
https://www.airbnb.com/rooms/1566901154324610721,1566901154324610721
https://www.airbnb.com/rooms/15677122,15677122
https://www.airbnb.com/rooms/1591737306391643422,1591737306391643422
https://www.airbnb.com/rooms/1591739660856505189,1591739660856505189
https://www.airbnb.com/rooms/1614702185413018105,1614702185413018105
https://www.airbnb.com/rooms/1625004433671799603,1625004433671799603
https://www.airbnb.com/rooms/1626958940168247005,1626958940168247005
https://www.airbnb.com/rooms/1647945519976508051,1647945519976508051
https://www.airbnb.com/rooms/1654423862139766345,1654423862139766345
https://www.airbnb.com/rooms/1664141419836310266,1664141419836310266
https://www.airbnb.com/rooms/1675733543403495396,1675733543403495396
https://www.airbnb.com/rooms/1688678828236342575,1688678828236342575
https://www.airbnb.com/rooms/47111989,47111989
https://www.airbnb.com/rooms/893397003852336623,893397003852336623
https://www.airbnb.com/rooms/1228364296211927411,1228364296211927411
https://www.airbnb.com/rooms/1231970469131395059,1231970469131395059
https://www.airbnb.com/rooms/1262499589049026531,1262499589049026531
https://www.airbnb.com/rooms/1582095429370473419,1582095429370473419
https://www.airbnb.com/rooms/1626946883922397399,1626946883922397399
https://www.airbnb.com/rooms/1636428861274735756,1636428861274735756
https://www.airbnb.com/rooms/1636455323097108031,1636455323097108031
https://www.airbnb.com/rooms/1690736089697236086,1690736089697236086
https://www.airbnb.com/rooms/1715573934096791838,1715573934096791838
https://www.airbnb.com/rooms/844347140232598295,844347140232598295
https://www.airbnb.com/rooms/1289431410567883553,1289431410567883553
https://www.airbnb.com/rooms/1371071771418945091,1371071771418945091
https://www.airbnb.com/rooms/1589941305082907936,1589941305082907936
https://www.airbnb.com/rooms/1597239387200968386,1597239387200968386
https://www.airbnb.com/rooms/1598756961814442574,1598756961814442574
https://www.airbnb.com/rooms/1634068462804860889,1634068462804860889
https://www.airbnb.com/rooms/1727816794537187594,1727816794537187594
https://www.airbnb.com/rooms/1734403250111910030,1734403250111910030
https://www.airbnb.com/rooms/1744954800225235718,1744954800225235718
https://www.airbnb.com/rooms/1470275826513165766,1470275826513165766
https://www.airbnb.com/rooms/1488495706583213946,1488495706583213946
https://www.airbnb.com/rooms/1503937962286151959,1503937962286151959
https://www.airbnb.com/rooms/1713165041455578343,1713165041455578343
https://www.airbnb.com/rooms/1754579539871550556,1754579539871550556
https://www.airbnb.com/rooms/24623130,24623130
https://www.airbnb.com/rooms/33442650,33442650
https://www.airbnb.com/rooms/679719991119397001,679719991119397001
https://www.airbnb.com/rooms/838548891410137337,838548891410137337
https://www.airbnb.com/rooms/869728030775236979,869728030775236979
https://www.airbnb.com/rooms/1780126853497695962,1780126853497695962
https://www.airbnb.com/rooms/1113783989914178630,1113783989914178630
https://www.airbnb.com/rooms/1197773872837202894,1197773872837202894
https://www.airbnb.com/rooms/1356110548650133142,1356110548650133142
https://www.airbnb.com/rooms/1356148171575128036,1356148171575128036
https://www.airbnb.com/rooms/1719127260376430863,1719127260376430863
https://www.airbnb.com/rooms/1729877827930448745,1729877827930448745
https://www.airbnb.com/rooms/19016798,19016798
https://www.airbnb.com/rooms/28866427,28866427
https://www.airbnb.com/rooms/53311313,53311313
https://www.airbnb.com/rooms/714602465016021537,714602465016021537
https://www.airbnb.com/rooms/898804913838589464,898804913838589464
https://www.airbnb.com/rooms/9004782,9004782
https://www.airbnb.com/rooms/939054540553813504,939054540553813504
https://www.airbnb.com/rooms/1221129145688233404,1221129145688233404
https://www.airbnb.com/rooms/1286148309200102891,1286148309200102891
https://www.airbnb.com/rooms/1495637727582221217,1495637727582221217
https://www.airbnb.com/rooms/1704527523020729192,1704527523020729192
https://www.airbnb.com/rooms/1954040,1954040
https://www.airbnb.com/rooms/33153162,33153162
https://www.airbnb.com/rooms/37970099,37970099
https://www.airbnb.com/rooms/50441807,50441807
https://www.airbnb.com/rooms/52658443,52658443
https://www.airbnb.com/rooms/639111321487590079,639111321487590079
https://www.airbnb.com/rooms/803699110387545248,803699110387545248
https://www.airbnb.com/rooms/909042107529318811,909042107529318811
https://www.airbnb.com/rooms/997102742800940029,997102742800940029
https://www.airbnb.com/rooms/1331531866430874487,1331531866430874487
https://www.airbnb.com/rooms/1466024337624010842,1466024337624010842
https://www.airbnb.com/rooms/1478418033272368268,1478418033272368268
https://www.airbnb.com/rooms/14868058,14868058
https://www.airbnb.com/rooms/15343788,15343788
https://www.airbnb.com/rooms/15756665,15756665
https://www.airbnb.com/rooms/1597444823790783761,1597444823790783761
https://www.airbnb.com/rooms/1709417974375989432,1709417974375989432
https://www.airbnb.com/rooms/24734366,24734366
https://www.airbnb.com/rooms/29883619,29883619
https://www.airbnb.com/rooms/31695776,31695776
https://www.airbnb.com/rooms/32812317,32812317
https://www.airbnb.com/rooms/34752319,34752319
https://www.airbnb.com/rooms/38626362,38626362
https://www.airbnb.com/rooms/38628063,38628063
https://www.airbnb.com/rooms/610734477342421222,610734477342421222
https://www.airbnb.com/rooms/1285053084922511709,1285053084922511709
https://www.airbnb.com/rooms/13130511,13130511
https://www.airbnb.com/rooms/1322461429699713439,1322461429699713439
https://www.airbnb.com/rooms/1526392556566085420,1526392556566085420
https://www.airbnb.com/rooms/1577114213932122724,1577114213932122724
https://www.airbnb.com/rooms/1705283955582098434,1705283955582098434
https://www.airbnb.com/rooms/1774869791452069948,1774869791452069948
https://www.airbnb.com/rooms/19291900,19291900
https://www.airbnb.com/rooms/24497645,24497645
https://www.airbnb.com/rooms/25158252,25158252
https://www.airbnb.com/rooms/31189831,31189831
https://www.airbnb.com/rooms/34126961,34126961
https://www.airbnb.com/rooms/51965920,51965920
https://www.airbnb.com/rooms/52730713,52730713
https://www.airbnb.com/rooms/1058006957632665129,1058006957632665129
https://www.airbnb.com/rooms/1126622645681097837,1126622645681097837
https://www.airbnb.com/rooms/1348817936190486368,1348817936190486368
https://www.airbnb.com/rooms/1512988704137073433,1512988704137073433
https://www.airbnb.com/rooms/1587848541685142137,1587848541685142137
https://www.airbnb.com/rooms/16090800,16090800
https://www.airbnb.com/rooms/24245679,24245679
https://www.airbnb.com/rooms/48664307,48664307
https://www.airbnb.com/rooms/624387485591711314,624387485591711314
https://www.airbnb.com/rooms/6703006,6703006
https://www.airbnb.com/rooms/684128396823289130,684128396823289130
https://www.airbnb.com/rooms/947846424664671515,947846424664671515
https://www.airbnb.com/rooms/990661366686823873,990661366686823873
https://www.airbnb.com/rooms/1014447764866248734,1014447764866248734
https://www.airbnb.com/rooms/1048693535159253080,1048693535159253080
https://www.airbnb.com/rooms/1213317616977795018,1213317616977795018
https://www.airbnb.com/rooms/1260288904709596548,1260288904709596548
https://www.airbnb.com/rooms/18916612,18916612
https://www.airbnb.com/rooms/19789014,19789014
https://www.airbnb.com/rooms/24715542,24715542
https://www.airbnb.com/rooms/31740368,31740368
https://www.airbnb.com/rooms/37013479,37013479
https://www.airbnb.com/rooms/5039858,5039858
https://www.airbnb.com/rooms/670344175280124992,670344175280124992
https://www.airbnb.com/rooms/699405393250531115,699405393250531115
https://www.airbnb.com/rooms/712891691822881314,712891691822881314
https://www.airbnb.com/rooms/1147163643566365896,1147163643566365896
https://www.airbnb.com/rooms/1343553000854151147,1343553000854151147
https://www.airbnb.com/rooms/1351584417595715579,1351584417595715579
https://www.airbnb.com/rooms/14088893,14088893
https://www.airbnb.com/rooms/1440788539414374922,1440788539414374922
https://www.airbnb.com/rooms/35792257,35792257
https://www.airbnb.com/rooms/40759025,40759025
https://www.airbnb.com/rooms/46617332,46617332
https://www.airbnb.com/rooms/6712123,6712123
https://www.airbnb.com/rooms/821224855100609491,821224855100609491
https://www.airbnb.com/rooms/1354449765000955171,1354449765000955171
https://www.airbnb.com/rooms/1755446481203254678,1755446481203254678
https://www.airbnb.com/rooms/52754078,52754078
https://www.airbnb.com/rooms/11597189,11597189
https://www.airbnb.com/rooms/1483595743696442021,1483595743696442021
https://www.airbnb.com/rooms/760743300133591095,760743300133591095
https://www.airbnb.com/rooms/1086264193119588656,1086264193119588656
https://www.airbnb.com/rooms/1095209256715580428,1095209256715580428
https://www.airbnb.com/rooms/1126051316011963379,1126051316011963379
https://www.airbnb.com/rooms/1183394217154157219,1183394217154157219
https://www.airbnb.com/rooms/1574052688000453478,1574052688000453478
https://www.airbnb.com/rooms/1576903751220684866,1576903751220684866
https://www.airbnb.com/rooms/15954358,15954358
https://www.airbnb.com/rooms/1683936910426064908,1683936910426064908
https://www.airbnb.com/rooms/1781958705602125321,1781958705602125321
https://www.airbnb.com/rooms/613191694991017764,613191694991017764
https://www.airbnb.com/rooms/639024336451294701,639024336451294701
https://www.airbnb.com/rooms/889325707654402864,889325707654402864
https://www.airbnb.com/rooms/897845340016479179,897845340016479179
https://www.airbnb.com/rooms/1126041475475275573,1126041475475275573
https://www.airbnb.com/rooms/1217465761236940864,1217465761236940864
https://www.airbnb.com/rooms/1395850579030847774,1395850579030847774
https://www.airbnb.com/rooms/1399947635295334331,1399947635295334331
https://www.airbnb.com/rooms/1567026657872982878,1567026657872982878
https://www.airbnb.com/rooms/1753766029007884459,1753766029007884459
https://www.airbnb.com/rooms/1773255234057516981,1773255234057516981
https://www.airbnb.com/rooms/1776319392206406167,1776319392206406167
https://www.airbnb.com/rooms/635237609862647058,635237609862647058
https://www.airbnb.com/rooms/666877719856312180,666877719856312180
https://www.airbnb.com/rooms/842135666113243503,842135666113243503
https://www.airbnb.com/rooms/1063086238930632365,1063086238930632365
https://www.airbnb.com/rooms/1389942869437521880,1389942869437521880
https://www.airbnb.com/rooms/1627642011283576501,1627642011283576501
https://www.airbnb.com/rooms/1709056317181560256,1709056317181560256
https://www.airbnb.com/rooms/1728473435956267367,1728473435956267367
https://www.airbnb.com/rooms/1744477645163708475,1744477645163708475
https://www.airbnb.com/rooms/1754476241572155501,1754476241572155501
https://www.airbnb.com/rooms/1776833343129340705,1776833343129340705
https://www.airbnb.com/rooms/21080889,21080889
https://www.airbnb.com/rooms/33401804,33401804
https://www.airbnb.com/rooms/39715068,39715068
https://www.airbnb.com/rooms/846278193217088902,846278193217088902
https://www.airbnb.com/rooms/847191840102253318,847191840102253318
https://www.airbnb.com/rooms/858609098476078416,858609098476078416
https://www.airbnb.com/rooms/992246351923649686,992246351923649686
https://www.airbnb.com/rooms/1219676997866845597,1219676997866845597
https://www.airbnb.com/rooms/1405946026412966487,1405946026412966487
https://www.airbnb.com/rooms/1467584203681711364,1467584203681711364
https://www.airbnb.com/rooms/1500861581561825413,1500861581561825413
https://www.airbnb.com/rooms/1655176617625709707,1655176617625709707
https://www.airbnb.com/rooms/26662703,26662703
https://www.airbnb.com/rooms/27047473,27047473
https://www.airbnb.com/rooms/39362382,39362382
https://www.airbnb.com/rooms/47844214,47844214
https://www.airbnb.com/rooms/49529238,49529238
https://www.airbnb.com/rooms/744366647440401701,744366647440401701
https://www.airbnb.com/rooms/937571368544343664,937571368544343664
https://www.airbnb.com/rooms/1363225994236395590,1363225994236395590
https://www.airbnb.com/rooms/1369125930070025470,1369125930070025470
https://www.airbnb.com/rooms/1374137865499944306,1374137865499944306
https://www.airbnb.com/rooms/1760240269245462424,1760240269245462424
https://www.airbnb.com/rooms/24993316,24993316
https://www.airbnb.com/rooms/34307701,34307701
https://www.airbnb.com/rooms/605181888900550845,605181888900550845
https://www.airbnb.com/rooms/658713833584485491,658713833584485491
https://www.airbnb.com/rooms/734912764169942256,734912764169942256
https://www.airbnb.com/rooms/920451688574592279,920451688574592279
https://www.airbnb.com/rooms/1116617240475442553,1116617240475442553
https://www.airbnb.com/rooms/1244247682826794240,1244247682826794240
https://www.airbnb.com/rooms/1588599987436951419,1588599987436951419
https://www.airbnb.com/rooms/1676102034543032582,1676102034543032582
https://www.airbnb.com/rooms/27134499,27134499
https://www.airbnb.com/rooms/51253055,51253055
https://www.airbnb.com/rooms/1027001149984495755,1027001149984495755
https://www.airbnb.com/rooms/1270402149092849243,1270402149092849243
https://www.airbnb.com/rooms/1405945551178017366,1405945551178017366
https://www.airbnb.com/rooms/1730107070635124072,1730107070635124072
https://www.airbnb.com/rooms/30952435,30952435
https://www.airbnb.com/rooms/50227608,50227608
https://www.airbnb.com/rooms/744810695965792375,744810695965792375
https://www.airbnb.com/rooms/814552655038522905,814552655038522905
https://www.airbnb.com/rooms/917533688931668569,917533688931668569
https://www.airbnb.com/rooms/1478325288246369588,1478325288246369588
https://www.airbnb.com/rooms/1616807649431286375,1616807649431286375
https://www.airbnb.com/rooms/31901099,31901099
https://www.airbnb.com/rooms/41664836,41664836
https://www.airbnb.com/rooms/50221862,50221862
https://www.airbnb.com/rooms/54291588,54291588
https://www.airbnb.com/rooms/553810004603901163,553810004603901163
https://www.airbnb.com/rooms/573421155863545112,573421155863545112
https://www.airbnb.com/rooms/677040297829102282,677040297829102282
https://www.airbnb.com/rooms/1227029227404577801,1227029227404577801
https://www.airbnb.com/rooms/1237670439440466395,1237670439440466395
https://www.airbnb.com/rooms/1582647450380463590,1582647450380463590
https://www.airbnb.com/rooms/1715284558143651851,1715284558143651851
https://www.airbnb.com/rooms/39895358,39895358
https://www.airbnb.com/rooms/626318821659970988,626318821659970988
https://www.airbnb.com/rooms/800259004758372521,800259004758372521
https://www.airbnb.com/rooms/938628388126424073,938628388126424073
https://www.airbnb.com/rooms/1366066917323521774,1366066917323521774
https://www.airbnb.com/rooms/1417507441071645264,1417507441071645264
https://www.airbnb.com/rooms/1571239087136499940,1571239087136499940
https://www.airbnb.com/rooms/1698788594621043983,1698788594621043983
https://www.airbnb.com/rooms/1719030321941879205,1719030321941879205
https://www.airbnb.com/rooms/847844969966678415,847844969966678415
https://www.airbnb.com/rooms/1237239481995131707,1237239481995131707
https://www.airbnb.com/rooms/1237247366050483163,1237247366050483163
https://www.airbnb.com/rooms/1405264937133160792,1405264937133160792
https://www.airbnb.com/rooms/1688109288767506570,1688109288767506570
https://www.airbnb.com/rooms/1758017069249027403,1758017069249027403
https://www.airbnb.com/rooms/1840652,1840652
https://www.airbnb.com/rooms/1292919780533203876,1292919780533203876
https://www.airbnb.com/rooms/1294306796351181799,1294306796351181799
https://www.airbnb.com/rooms/1360909399296382247,1360909399296382247
https://www.airbnb.com/rooms/1737882360068060753,1737882360068060753
https://www.airbnb.com/rooms/1740009809413929209,1740009809413929209
https://www.airbnb.com/rooms/1750730415047715901,1750730415047715901
https://www.airbnb.com/rooms/27136966,27136966
https://www.airbnb.com/rooms/29487235,29487235
https://www.airbnb.com/rooms/329997,329997
https://www.airbnb.com/rooms/1100048371216280640,1100048371216280640
https://www.airbnb.com/rooms/1405122604907394367,1405122604907394367
https://www.airbnb.com/rooms/631026335189362028,631026335189362028
https://www.airbnb.com/rooms/1492786064886415556,1492786064886415556
https://www.airbnb.com/rooms/1567650479038243462,1567650479038243462
https://www.airbnb.com/rooms/29884627,29884627
https://www.airbnb.com/rooms/51282974,51282974
https://www.airbnb.com/rooms/1220338202898187474,1220338202898187474
https://www.airbnb.com/rooms/12712683,12712683
https://www.airbnb.com/rooms/1500377673667713634,1500377673667713634
https://www.airbnb.com/rooms/1668127282911176067,1668127282911176067
https://www.airbnb.com/rooms/1709052238224830315,1709052238224830315
https://www.airbnb.com/rooms/19051036,19051036
https://www.airbnb.com/rooms/3121821,3121821
https://www.airbnb.com/rooms/37957284,37957284
https://www.airbnb.com/rooms/4178988,4178988
https://www.airbnb.com/rooms/50008391,50008391
https://www.airbnb.com/rooms/635390447673274333,635390447673274333
https://www.airbnb.com/rooms/890444793872296531,890444793872296531
https://www.airbnb.com/rooms/1046563109962598448,1046563109962598448
https://www.airbnb.com/rooms/1208997760048171954,1208997760048171954
https://www.airbnb.com/rooms/13293782,13293782
https://www.airbnb.com/rooms/20321909,20321909
https://www.airbnb.com/rooms/38458295,38458295
https://www.airbnb.com/rooms/3905148,3905148
https://www.airbnb.com/rooms/49862753,49862753
https://www.airbnb.com/rooms/49862954,49862954
https://www.airbnb.com/rooms/50264707,50264707
https://www.airbnb.com/rooms/897762074421345041,897762074421345041
https://www.airbnb.com/rooms/923124693095002834,923124693095002834
https://www.airbnb.com/rooms/984058539589965166,984058539589965166
https://www.airbnb.com/rooms/9863459,9863459
https://www.airbnb.com/rooms/1051536957682240424,1051536957682240424
https://www.airbnb.com/rooms/1254028109730157300,1254028109730157300
https://www.airbnb.com/rooms/1274010565966839769,1274010565966839769
https://www.airbnb.com/rooms/1391573023632729279,1391573023632729279
https://www.airbnb.com/rooms/1544407412008203702,1544407412008203702
https://www.airbnb.com/rooms/1620328610114396808,1620328610114396808
https://www.airbnb.com/rooms/1664890786044159113,1664890786044159113
https://www.airbnb.com/rooms/2473234,2473234
https://www.airbnb.com/rooms/31854666,31854666
https://www.airbnb.com/rooms/37809196,37809196
https://www.airbnb.com/rooms/3811909,3811909
https://www.airbnb.com/rooms/4197716,4197716
https://www.airbnb.com/rooms/49139733,49139733
https://www.airbnb.com/rooms/49774737,49774737
https://www.airbnb.com/rooms/49776158,49776158
https://www.airbnb.com/rooms/5933237,5933237
https://www.airbnb.com/rooms/1065284145873528848,1065284145873528848
https://www.airbnb.com/rooms/1291628549759965103,1291628549759965103
https://www.airbnb.com/rooms/14066922,14066922
https://www.airbnb.com/rooms/1537312398456424583,1537312398456424583
https://www.airbnb.com/rooms/1625413239104075686,1625413239104075686
https://www.airbnb.com/rooms/1724856062908257411,1724856062908257411
https://www.airbnb.com/rooms/21367589,21367589
https://www.airbnb.com/rooms/31743097,31743097
https://www.airbnb.com/rooms/42590238,42590238
https://www.airbnb.com/rooms/49468223,49468223
https://www.airbnb.com/rooms/49650158,49650158
https://www.airbnb.com/rooms/49861878,49861878
https://www.airbnb.com/rooms/51188144,51188144
https://www.airbnb.com/rooms/661783241222783777,661783241222783777
https://www.airbnb.com/rooms/688318916729878855,688318916729878855
https://www.airbnb.com/rooms/793355698979435750,793355698979435750
https://www.airbnb.com/rooms/1107332879080653419,1107332879080653419
https://www.airbnb.com/rooms/11375711,11375711
https://www.airbnb.com/rooms/13116217,13116217
https://www.airbnb.com/rooms/1576545210026296214,1576545210026296214
https://www.airbnb.com/rooms/1600853250447685105,1600853250447685105
https://www.airbnb.com/rooms/17149970,17149970
https://www.airbnb.com/rooms/23399882,23399882
https://www.airbnb.com/rooms/24016571,24016571
https://www.airbnb.com/rooms/52884276,52884276
https://www.airbnb.com/rooms/683938630906973068,683938630906973068
https://www.airbnb.com/rooms/776831764917071600,776831764917071600
https://www.airbnb.com/rooms/781873332161387131,781873332161387131
https://www.airbnb.com/rooms/792331807732823720,792331807732823720
https://www.airbnb.com/rooms/11827330,11827330
https://www.airbnb.com/rooms/1348559459613218281,1348559459613218281
https://www.airbnb.com/rooms/1359673940668521681,1359673940668521681
https://www.airbnb.com/rooms/1399246190104138222,1399246190104138222
https://www.airbnb.com/rooms/25903972,25903972
https://www.airbnb.com/rooms/27500000,27500000
https://www.airbnb.com/rooms/2906844,2906844
https://www.airbnb.com/rooms/4691716,4691716
https://www.airbnb.com/rooms/52569782,52569782
https://www.airbnb.com/rooms/567660718051404527,567660718051404527
https://www.airbnb.com/rooms/593355523723310990,593355523723310990
https://www.airbnb.com/rooms/617502193477148076,617502193477148076
https://www.airbnb.com/rooms/717332476462564969,717332476462564969
https://www.airbnb.com/rooms/830535879485252484,830535879485252484
https://www.airbnb.com/rooms/10353731,10353731
https://www.airbnb.com/rooms/1360154830684312744,1360154830684312744
https://www.airbnb.com/rooms/1400705817367621522,1400705817367621522
https://www.airbnb.com/rooms/1414591438312378700,1414591438312378700
https://www.airbnb.com/rooms/1644597511289592451,1644597511289592451
https://www.airbnb.com/rooms/22305826,22305826
https://www.airbnb.com/rooms/38213185,38213185
https://www.airbnb.com/rooms/40553487,40553487
https://www.airbnb.com/rooms/45451337,45451337
https://www.airbnb.com/rooms/663108687557241383,663108687557241383
https://www.airbnb.com/rooms/681649057040223314,681649057040223314
https://www.airbnb.com/rooms/892112459841574834,892112459841574834
https://www.airbnb.com/rooms/900785696800135616,900785696800135616
https://www.airbnb.com/rooms/1006989,1006989
https://www.airbnb.com/rooms/1086207698253968474,1086207698253968474
https://www.airbnb.com/rooms/1401469490064140159,1401469490064140159
https://www.airbnb.com/rooms/1607372205745574662,1607372205745574662
https://www.airbnb.com/rooms/1661560,1661560
https://www.airbnb.com/rooms/1675765518087155631,1675765518087155631
https://www.airbnb.com/rooms/18794941,18794941
https://www.airbnb.com/rooms/21738248,21738248
https://www.airbnb.com/rooms/23503883,23503883
https://www.airbnb.com/rooms/31987434,31987434
https://www.airbnb.com/rooms/32167495,32167495
https://www.airbnb.com/rooms/4861360,4861360
https://www.airbnb.com/rooms/7604137,7604137
https://www.airbnb.com/rooms/868177270434645578,868177270434645578
https://www.airbnb.com/rooms/1152260228900486526,1152260228900486526
https://www.airbnb.com/rooms/29898109,29898109
https://www.airbnb.com/rooms/4227049,4227049
https://www.airbnb.com/rooms/49902333,49902333
https://www.airbnb.com/rooms/674159,674159
https://www.airbnb.com/rooms/1073171300928861256,1073171300928861256
https://www.airbnb.com/rooms/1179231767563036611,1179231767563036611
https://www.airbnb.com/rooms/14315553,14315553
https://www.airbnb.com/rooms/22532050,22532050
https://www.airbnb.com/rooms/841366583323887646,841366583323887646
https://www.airbnb.com/rooms/9692894,9692894
https://www.airbnb.com/rooms/639240155541813153,639240155541813153
https://www.airbnb.com/rooms/1155186493699877057,1155186493699877057
https://www.airbnb.com/rooms/1228421178096378344,1228421178096378344
https://www.airbnb.com/rooms/1389122889514348293,1389122889514348293
https://www.airbnb.com/rooms/1458090287684110427,1458090287684110427
https://www.airbnb.com/rooms/1759517645571857056,1759517645571857056
https://www.airbnb.com/rooms/18895717,18895717
https://www.airbnb.com/rooms/20149887,20149887
https://www.airbnb.com/rooms/2909345,2909345
https://www.airbnb.com/rooms/29899182,29899182
https://www.airbnb.com/rooms/39939817,39939817
https://www.airbnb.com/rooms/49370348,49370348
https://www.airbnb.com/rooms/52278200,52278200
https://www.airbnb.com/rooms/895120580259054243,895120580259054243
https://www.airbnb.com/rooms/1177801609575293914,1177801609575293914
https://www.airbnb.com/rooms/1178959296736048271,1178959296736048271
https://www.airbnb.com/rooms/1349394171775529882,1349394171775529882
https://www.airbnb.com/rooms/1594406558694922183,1594406558694922183
https://www.airbnb.com/rooms/18206320,18206320
https://www.airbnb.com/rooms/30935680,30935680
https://www.airbnb.com/rooms/45171513,45171513
https://www.airbnb.com/rooms/48629113,48629113
https://www.airbnb.com/rooms/820415204889970043,820415204889970043
https://www.airbnb.com/rooms/836126642541998723,836126642541998723
https://www.airbnb.com/rooms/913825096863432518,913825096863432518
https://www.airbnb.com/rooms/1121068610426646525,1121068610426646525
https://www.airbnb.com/rooms/1150668637759817311,1150668637759817311
https://www.airbnb.com/rooms/1297096007657133095,1297096007657133095
https://www.airbnb.com/rooms/1303045100393826247,1303045100393826247
https://www.airbnb.com/rooms/1307196581697848248,1307196581697848248
https://www.airbnb.com/rooms/1612532438852200922,1612532438852200922
https://www.airbnb.com/rooms/1627785726751926812,1627785726751926812
https://www.airbnb.com/rooms/1704565097733078500,1704565097733078500
https://www.airbnb.com/rooms/1711930002798658162,1711930002798658162
https://www.airbnb.com/rooms/24280277,24280277
https://www.airbnb.com/rooms/48105158,48105158
https://www.airbnb.com/rooms/54056641,54056641
https://www.airbnb.com/rooms/704330800026619092,704330800026619092
https://www.airbnb.com/rooms/742647031095580497,742647031095580497
https://www.airbnb.com/rooms/922390401598619058,922390401598619058
https://www.airbnb.com/rooms/995190452009822256,995190452009822256
https://www.airbnb.com/rooms/1150637619407363689,1150637619407363689
https://www.airbnb.com/rooms/1151513340428143622,1151513340428143622
https://www.airbnb.com/rooms/1303106344853658483,1303106344853658483
https://www.airbnb.com/rooms/1389912106366002474,1389912106366002474
https://www.airbnb.com/rooms/1469632942693293235,1469632942693293235
https://www.airbnb.com/rooms/1469651496956262890,1469651496956262890
https://www.airbnb.com/rooms/1469723355074504446,1469723355074504446
https://www.airbnb.com/rooms/1556768546388048896,1556768546388048896
https://www.airbnb.com/rooms/1596776215250745069,1596776215250745069
https://www.airbnb.com/rooms/1603800911264726630,1603800911264726630
https://www.airbnb.com/rooms/1724833534220630378,1724833534220630378
https://www.airbnb.com/rooms/1751771250848173824,1751771250848173824
https://www.airbnb.com/rooms/50214932,50214932
https://www.airbnb.com/rooms/584335656077081029,584335656077081029
https://www.airbnb.com/rooms/857130305423153215,857130305423153215
https://www.airbnb.com/rooms/899297264433089236,899297264433089236
https://www.airbnb.com/rooms/900668783114372819,900668783114372819
https://www.airbnb.com/rooms/957210670770474102,957210670770474102
https://www.airbnb.com/rooms/1060112981295651318,1060112981295651318
https://www.airbnb.com/rooms/1080610153087964621,1080610153087964621
https://www.airbnb.com/rooms/1102917852479992543,1102917852479992543
https://www.airbnb.com/rooms/1127877557441683854,1127877557441683854
https://www.airbnb.com/rooms/1128287201619695640,1128287201619695640
https://www.airbnb.com/rooms/1182596901146552546,1182596901146552546
https://www.airbnb.com/rooms/1185030236726173326,1185030236726173326
https://www.airbnb.com/rooms/1225314139269374279,1225314139269374279
https://www.airbnb.com/rooms/1237292825933883261,1237292825933883261
https://www.airbnb.com/rooms/1343480052645158406,1343480052645158406
https://www.airbnb.com/rooms/1374142050707313878,1374142050707313878
https://www.airbnb.com/rooms/1506283040068901525,1506283040068901525
https://www.airbnb.com/rooms/1521174508998088140,1521174508998088140
https://www.airbnb.com/rooms/1533362995321969128,1533362995321969128
https://www.airbnb.com/rooms/1557478097633693453,1557478097633693453
https://www.airbnb.com/rooms/1698840371138797956,1698840371138797956
https://www.airbnb.com/rooms/1080679571842617747,1080679571842617747
https://www.airbnb.com/rooms/1123257512541974139,1123257512541974139
https://www.airbnb.com/rooms/1125269442500592745,1125269442500592745
https://www.airbnb.com/rooms/1125278647247124888,1125278647247124888
https://www.airbnb.com/rooms/1210065309194867549,1210065309194867549
https://www.airbnb.com/rooms/1296443930817147772,1296443930817147772
https://www.airbnb.com/rooms/1323356135212145577,1323356135212145577
https://www.airbnb.com/rooms/1342525770572847596,1342525770572847596
https://www.airbnb.com/rooms/1372886226014004423,1372886226014004423
https://www.airbnb.com/rooms/1387364066730404560,1387364066730404560
https://www.airbnb.com/rooms/1467514295217013978,1467514295217013978
https://www.airbnb.com/rooms/1498807714430060212,1498807714430060212
https://www.airbnb.com/rooms/618073813478279213,618073813478279213
https://www.airbnb.com/rooms/627546713144679530,627546713144679530
https://www.airbnb.com/rooms/1226957651048485308,1226957651048485308
https://www.airbnb.com/rooms/1303940005564905214,1303940005564905214
https://www.airbnb.com/rooms/1368154736932964458,1368154736932964458
https://www.airbnb.com/rooms/1752338805763008599,1752338805763008599
https://www.airbnb.com/rooms/1757316218077676849,1757316218077676849
https://www.airbnb.com/rooms/1777817741665837665,1777817741665837665
https://www.airbnb.com/rooms/53765339,53765339
https://www.airbnb.com/rooms/686903591596176151,686903591596176151
https://www.airbnb.com/rooms/1211641585388980394,1211641585388980394
https://www.airbnb.com/rooms/1256904927440817955,1256904927440817955
https://www.airbnb.com/rooms/1345201121875639423,1345201121875639423
https://www.airbnb.com/rooms/1531544519923885484,1531544519923885484
https://www.airbnb.com/rooms/1610565393760322287,1610565393760322287
https://www.airbnb.com/rooms/1756212528159651486,1756212528159651486
https://www.airbnb.com/rooms/1774739050434792399,1774739050434792399
https://www.airbnb.com/rooms/1780343601666407873,1780343601666407873
https://www.airbnb.com/rooms/704485193611563872,704485193611563872
https://www.airbnb.com/rooms/894139945410556728,894139945410556728
https://www.airbnb.com/rooms/906386001318879914,906386001318879914
https://www.airbnb.com/rooms/1258287842257690367,1258287842257690367
https://www.airbnb.com/rooms/1337012535973069194,1337012535973069194
https://www.airbnb.com/rooms/1676941462897368892,1676941462897368892
https://www.airbnb.com/rooms/1752002401290735947,1752002401290735947
https://www.airbnb.com/rooms/20403799,20403799
https://www.airbnb.com/rooms/620834878487764022,620834878487764022
https://www.airbnb.com/rooms/1332045113783180134,1332045113783180134
https://www.airbnb.com/rooms/1487819800078637044,1487819800078637044
https://www.airbnb.com/rooms/1524063331767574458,1524063331767574458
https://www.airbnb.com/rooms/1539799114517998687,1539799114517998687
https://www.airbnb.com/rooms/1574136093377636927,1574136093377636927
https://www.airbnb.com/rooms/1769788537388429758,1769788537388429758
https://www.airbnb.com/rooms/1777579948332673138,1777579948332673138
https://www.airbnb.com/rooms/47891533,47891533
https://www.airbnb.com/rooms/554169210360648688,554169210360648688
https://www.airbnb.com/rooms/638541941859648221,638541941859648221
https://www.airbnb.com/rooms/849220798724539462,849220798724539462
https://www.airbnb.com/rooms/1366766069849530060,1366766069849530060
https://www.airbnb.com/rooms/1371234792928417689,1371234792928417689
https://www.airbnb.com/rooms/1522577506244871362,1522577506244871362
https://www.airbnb.com/rooms/38902327,38902327
https://www.airbnb.com/rooms/552175722693172058,552175722693172058
https://www.airbnb.com/rooms/1478313060896407981,1478313060896407981
https://www.airbnb.com/rooms/1593659738080309402,1593659738080309402
https://www.airbnb.com/rooms/1745992265428736255,1745992265428736255
https://www.airbnb.com/rooms/42413074,42413074
https://www.airbnb.com/rooms/43205407,43205407
https://www.airbnb.com/rooms/43930556,43930556
https://www.airbnb.com/rooms/49501194,49501194
https://www.airbnb.com/rooms/554287540466047465,554287540466047465
https://www.airbnb.com/rooms/929637984893806161,929637984893806161
https://www.airbnb.com/rooms/957924978162109134,957924978162109134
https://www.airbnb.com/rooms/969698230667452010,969698230667452010
https://www.airbnb.com/rooms/1125247298558233016,1125247298558233016
https://www.airbnb.com/rooms/1366753483558985145,1366753483558985145
https://www.airbnb.com/rooms/1579894185608158115,1579894185608158115
https://www.airbnb.com/rooms/1765267381120189583,1765267381120189583
https://www.airbnb.com/rooms/44934927,44934927
https://www.airbnb.com/rooms/47780180,47780180
https://www.airbnb.com/rooms/52583875,52583875
https://www.airbnb.com/rooms/552375535350654618,552375535350654618
https://www.airbnb.com/rooms/603642530303706197,603642530303706197
https://www.airbnb.com/rooms/689806536192289172,689806536192289172
https://www.airbnb.com/rooms/851355494180292216,851355494180292216
https://www.airbnb.com/rooms/1101654690910344468,1101654690910344468
https://www.airbnb.com/rooms/1108141000777237095,1108141000777237095
https://www.airbnb.com/rooms/1309730542906860741,1309730542906860741
https://www.airbnb.com/rooms/1331203944665536495,1331203944665536495
https://www.airbnb.com/rooms/1746465681137070069,1746465681137070069
https://www.airbnb.com/rooms/34681984,34681984
https://www.airbnb.com/rooms/40061175,40061175
https://www.airbnb.com/rooms/563021442317635299,563021442317635299
https://www.airbnb.com/rooms/827655422699772190,827655422699772190
https://www.airbnb.com/rooms/1143630535045725998,1143630535045725998
https://www.airbnb.com/rooms/1592799643121506982,1592799643121506982
https://www.airbnb.com/rooms/1650057167049309741,1650057167049309741
https://www.airbnb.com/rooms/1650066365002776248,1650066365002776248
https://www.airbnb.com/rooms/1668643204367184174,1668643204367184174
https://www.airbnb.com/rooms/1669710108884902375,1669710108884902375
https://www.airbnb.com/rooms/1716012657347902599,1716012657347902599
https://www.airbnb.com/rooms/1767592818727480446,1767592818727480446
https://www.airbnb.com/rooms/1767594624617831020,1767594624617831020
https://www.airbnb.com/rooms/43559208,43559208
https://www.airbnb.com/rooms/1262448806326622795,1262448806326622795
https://www.airbnb.com/rooms/1587733463711924989,1587733463711924989
https://www.airbnb.com/rooms/1650061715054050028,1650061715054050028
https://www.airbnb.com/rooms/1650064383018793673,1650064383018793673
https://www.airbnb.com/rooms/27661355,27661355
https://www.airbnb.com/rooms/28365055,28365055
https://www.airbnb.com/rooms/38020913,38020913
https://www.airbnb.com/rooms/47071916,47071916
https://www.airbnb.com/rooms/49112766,49112766
https://www.airbnb.com/rooms/53497354,53497354
https://www.airbnb.com/rooms/552164022053809553,552164022053809553
https://www.airbnb.com/rooms/976780916181161504,976780916181161504
https://www.airbnb.com/rooms/1050000918602749751,1050000918602749751
https://www.airbnb.com/rooms/1587740206110803335,1587740206110803335
https://www.airbnb.com/rooms/34683316,34683316
https://www.airbnb.com/rooms/39967176,39967176
https://www.airbnb.com/rooms/42153242,42153242
https://www.airbnb.com/rooms/42660157,42660157
https://www.airbnb.com/rooms/551667947990641254,551667947990641254
https://www.airbnb.com/rooms/552344227619119802,552344227619119802
https://www.airbnb.com/rooms/554287638963553489,554287638963553489
https://www.airbnb.com/rooms/1653873014005754528,1653873014005754528
https://www.airbnb.com/rooms/1732045500717417439,1732045500717417439
https://www.airbnb.com/rooms/46879911,46879911
https://www.airbnb.com/rooms/53583491,53583491
https://www.airbnb.com/rooms/54404678,54404678
https://www.airbnb.com/rooms/650611830506970724,650611830506970724
https://www.airbnb.com/rooms/897760540310761609,897760540310761609
https://www.airbnb.com/rooms/903125480413118596,903125480413118596
https://www.airbnb.com/rooms/909968637760444422,909968637760444422
https://www.airbnb.com/rooms/1172450024564271162,1172450024564271162
https://www.airbnb.com/rooms/1346571015836732292,1346571015836732292
https://www.airbnb.com/rooms/1553051472197186755,1553051472197186755
https://www.airbnb.com/rooms/44660998,44660998
https://www.airbnb.com/rooms/51989983,51989983
https://www.airbnb.com/rooms/51991360,51991360
https://www.airbnb.com/rooms/52217673,52217673
https://www.airbnb.com/rooms/881492350574458894,881492350574458894
https://www.airbnb.com/rooms/1049198632735165533,1049198632735165533
https://www.airbnb.com/rooms/1737012857399091189,1737012857399091189
https://www.airbnb.com/rooms/2083878,2083878
https://www.airbnb.com/rooms/638651718573155342,638651718573155342
https://www.airbnb.com/rooms/1102125891813538804,1102125891813538804
https://www.airbnb.com/rooms/1456490843228590527,1456490843228590527
https://www.airbnb.com/rooms/16559094,16559094
https://www.airbnb.com/rooms/1677301173427271233,1677301173427271233
https://www.airbnb.com/rooms/17923915,17923915
https://www.airbnb.com/rooms/29185445,29185445
https://www.airbnb.com/rooms/33684581,33684581
https://www.airbnb.com/rooms/54342647,54342647
https://www.airbnb.com/rooms/577434926565879835,577434926565879835
https://www.airbnb.com/rooms/1079849176406771175,1079849176406771175
https://www.airbnb.com/rooms/1397274889667392019,1397274889667392019
https://www.airbnb.com/rooms/1426288638805072639,1426288638805072639
https://www.airbnb.com/rooms/1450201973281913798,1450201973281913798
https://www.airbnb.com/rooms/18255267,18255267
https://www.airbnb.com/rooms/25886612,25886612
https://www.airbnb.com/rooms/30268359,30268359
https://www.airbnb.com/rooms/24000632,24000632
https://www.airbnb.com/rooms/51473671,51473671
https://www.airbnb.com/rooms/10194770,10194770
https://www.airbnb.com/rooms/1537921,1537921
https://www.airbnb.com/rooms/2181743,2181743
https://www.airbnb.com/rooms/916026915443670186,916026915443670186
https://www.airbnb.com/rooms/14247497,14247497
https://www.airbnb.com/rooms/25258244,25258244
https://www.airbnb.com/rooms/50613177,50613177
https://www.airbnb.com/rooms/5480793,5480793
https://www.airbnb.com/rooms/22638095,22638095
https://www.airbnb.com/rooms/2581896,2581896
https://www.airbnb.com/rooms/37046091,37046091
https://www.airbnb.com/rooms/1052171911760784057,1052171911760784057
https://www.airbnb.com/rooms/1444967583661309133,1444967583661309133
https://www.airbnb.com/rooms/2694882,2694882
https://www.airbnb.com/rooms/9185457,9185457
https://www.airbnb.com/rooms/11963187,11963187
https://www.airbnb.com/rooms/12105639,12105639
https://www.airbnb.com/rooms/1360986348932756708,1360986348932756708
https://www.airbnb.com/rooms/4511965,4511965
https://www.airbnb.com/rooms/49535030,49535030
https://www.airbnb.com/rooms/820942825898608459,820942825898608459
https://www.airbnb.com/rooms/974617071158731679,974617071158731679
https://www.airbnb.com/rooms/1043625095398672417,1043625095398672417
https://www.airbnb.com/rooms/1385045998111387667,1385045998111387667
https://www.airbnb.com/rooms/1444526523203899487,1444526523203899487
https://www.airbnb.com/rooms/1721743880767406348,1721743880767406348
https://www.airbnb.com/rooms/24328999,24328999
https://www.airbnb.com/rooms/47941362,47941362
https://www.airbnb.com/rooms/1041976822072421310,1041976822072421310
https://www.airbnb.com/rooms/1262395734149345629,1262395734149345629
https://www.airbnb.com/rooms/1307492671258603899,1307492671258603899
https://www.airbnb.com/rooms/1371006509440953667,1371006509440953667
https://www.airbnb.com/rooms/1572513706422815803,1572513706422815803
https://www.airbnb.com/rooms/1720986358813996834,1720986358813996834
https://www.airbnb.com/rooms/44101579,44101579
https://www.airbnb.com/rooms/47942322,47942322
https://www.airbnb.com/rooms/48108714,48108714
https://www.airbnb.com/rooms/637839291607915394,637839291607915394
https://www.airbnb.com/rooms/710352633185111043,710352633185111043
https://www.airbnb.com/rooms/7369047,7369047
https://www.airbnb.com/rooms/795848909122450126,795848909122450126
https://www.airbnb.com/rooms/823307815093131243,823307815093131243
https://www.airbnb.com/rooms/1104987009446073200,1104987009446073200
https://www.airbnb.com/rooms/1343697436669843661,1343697436669843661
https://www.airbnb.com/rooms/1363958344544140742,1363958344544140742
https://www.airbnb.com/rooms/1492873409448002636,1492873409448002636
https://www.airbnb.com/rooms/1518186630099671911,1518186630099671911
https://www.airbnb.com/rooms/1735753523132684128,1735753523132684128
https://www.airbnb.com/rooms/26780958,26780958
https://www.airbnb.com/rooms/30010720,30010720
https://www.airbnb.com/rooms/37016874,37016874
https://www.airbnb.com/rooms/48108171,48108171
https://www.airbnb.com/rooms/48108506,48108506
https://www.airbnb.com/rooms/50420571,50420571
https://www.airbnb.com/rooms/566110968504344302,566110968504344302
https://www.airbnb.com/rooms/1295926082449631074,1295926082449631074
https://www.airbnb.com/rooms/1342744064634317878,1342744064634317878
https://www.airbnb.com/rooms/1442823443545601742,1442823443545601742
https://www.airbnb.com/rooms/1637794217593097861,1637794217593097861
https://www.airbnb.com/rooms/17009982,17009982
https://www.airbnb.com/rooms/1759474880904189634,1759474880904189634
https://www.airbnb.com/rooms/29482405,29482405
https://www.airbnb.com/rooms/42024343,42024343
https://www.airbnb.com/rooms/42661124,42661124
https://www.airbnb.com/rooms/4924659,4924659
https://www.airbnb.com/rooms/558125916427490349,558125916427490349
https://www.airbnb.com/rooms/905346286645195258,905346286645195258
https://www.airbnb.com/rooms/1097136658335686678,1097136658335686678
https://www.airbnb.com/rooms/13388342,13388342
https://www.airbnb.com/rooms/1370600070857480929,1370600070857480929
https://www.airbnb.com/rooms/1720975170232357745,1720975170232357745
https://www.airbnb.com/rooms/17253423,17253423
https://www.airbnb.com/rooms/1759045198529203208,1759045198529203208
https://www.airbnb.com/rooms/18140044,18140044
https://www.airbnb.com/rooms/43858840,43858840
https://www.airbnb.com/rooms/4621726,4621726
https://www.airbnb.com/rooms/857216788010110351,857216788010110351
https://www.airbnb.com/rooms/929894783451836350,929894783451836350
https://www.airbnb.com/rooms/1244409908096434466,1244409908096434466
https://www.airbnb.com/rooms/1548731611018514778,1548731611018514778
https://www.airbnb.com/rooms/25374952,25374952
https://www.airbnb.com/rooms/1092854120144749903,1092854120144749903
https://www.airbnb.com/rooms/1114702623961138718,1114702623961138718
https://www.airbnb.com/rooms/1659321189773204336,1659321189773204336
https://www.airbnb.com/rooms/1717599801991729698,1717599801991729698
https://www.airbnb.com/rooms/41928473,41928473
https://www.airbnb.com/rooms/49735114,49735114
https://www.airbnb.com/rooms/602240136207376512,602240136207376512
https://www.airbnb.com/rooms/1554534825684630877,1554534825684630877
https://www.airbnb.com/rooms/1659541180531924917,1659541180531924917
https://www.airbnb.com/rooms/54072314,54072314
https://www.airbnb.com/rooms/1471748834978262524,1471748834978262524
https://www.airbnb.com/rooms/1570626414033389880,1570626414033389880
https://www.airbnb.com/rooms/1741904713494692929,1741904713494692929
https://www.airbnb.com/rooms/1755402107627425094,1755402107627425094
https://www.airbnb.com/rooms/1771117738274288406,1771117738274288406
https://www.airbnb.com/rooms/1778528959326730554,1778528959326730554
https://www.airbnb.com/rooms/1780660241888865273,1780660241888865273
https://www.airbnb.com/rooms/1528481957022607210,1528481957022607210
https://www.airbnb.com/rooms/1640056299600998103,1640056299600998103
https://www.airbnb.com/rooms/1653089335405420791,1653089335405420791
https://www.airbnb.com/rooms/1659800618795782878,1659800618795782878
https://www.airbnb.com/rooms/1749624827950543029,1749624827950543029
https://www.airbnb.com/rooms/19330858,19330858
https://www.airbnb.com/rooms/32310188,32310188
https://www.airbnb.com/rooms/32660278,32660278
https://www.airbnb.com/rooms/35092479,35092479
https://www.airbnb.com/rooms/806614861314382424,806614861314382424
https://www.airbnb.com/rooms/1080783732598331520,1080783732598331520
https://www.airbnb.com/rooms/4067086,4067086
https://www.airbnb.com/rooms/1110176714479647344,1110176714479647344
https://www.airbnb.com/rooms/1576089326607985364,1576089326607985364
https://www.airbnb.com/rooms/1576089831702581988,1576089831702581988
https://www.airbnb.com/rooms/1719680727776326604,1719680727776326604
https://www.airbnb.com/rooms/1741579429003963982,1741579429003963982
https://www.airbnb.com/rooms/1741585430289784387,1741585430289784387
https://www.airbnb.com/rooms/1749540599649342241,1749540599649342241
https://www.airbnb.com/rooms/1758100092018826649,1758100092018826649
https://www.airbnb.com/rooms/1758266734164969256,1758266734164969256
https://www.airbnb.com/rooms/1768370057410500341,1768370057410500341
https://www.airbnb.com/rooms/1771817534145068116,1771817534145068116
https://www.airbnb.com/rooms/1780523422764774511,1780523422764774511
https://www.airbnb.com/rooms/1780531828595007929,1780531828595007929
https://www.airbnb.com/rooms/1285530234458624405,1285530234458624405
https://www.airbnb.com/rooms/1630166235533645590,1630166235533645590
https://www.airbnb.com/rooms/48655479,48655479
https://www.airbnb.com/rooms/8239061,8239061
https://www.airbnb.com/rooms/1534104559696857417,1534104559696857417
https://www.airbnb.com/rooms/16259348,16259348
https://www.airbnb.com/rooms/16884955,16884955
https://www.airbnb.com/rooms/29757144,29757144
https://www.airbnb.com/rooms/31625541,31625541
https://www.airbnb.com/rooms/39870,39870
https://www.airbnb.com/rooms/4302855,4302855
https://www.airbnb.com/rooms/52506054,52506054
https://www.airbnb.com/rooms/569415753009668469,569415753009668469
https://www.airbnb.com/rooms/1594468825164041847,1594468825164041847
https://www.airbnb.com/rooms/2396505,2396505
https://www.airbnb.com/rooms/25124851,25124851
https://www.airbnb.com/rooms/31952007,31952007
https://www.airbnb.com/rooms/48157695,48157695
https://www.airbnb.com/rooms/51877170,51877170
https://www.airbnb.com/rooms/607938707901068952,607938707901068952
https://www.airbnb.com/rooms/6385486,6385486
https://www.airbnb.com/rooms/720340998330117954,720340998330117954
https://www.airbnb.com/rooms/796592736633785356,796592736633785356
https://www.airbnb.com/rooms/13492372,13492372
https://www.airbnb.com/rooms/1592265083151139750,1592265083151139750
https://www.airbnb.com/rooms/1592275734833366365,1592275734833366365
https://www.airbnb.com/rooms/1592897364134220173,1592897364134220173
https://www.airbnb.com/rooms/1685005293578383871,1685005293578383871
https://www.airbnb.com/rooms/35040267,35040267
https://www.airbnb.com/rooms/1185618399810093422,1185618399810093422
https://www.airbnb.com/rooms/1539066868750222098,1539066868750222098
https://www.airbnb.com/rooms/1593095751838879395,1593095751838879395
https://www.airbnb.com/rooms/14693200,14693200
https://www.airbnb.com/rooms/1527527501495764023,1527527501495764023
https://www.airbnb.com/rooms/1720507441473106280,1720507441473106280
https://www.airbnb.com/rooms/19860036,19860036
https://www.airbnb.com/rooms/539991580758897013,539991580758897013
https://www.airbnb.com/rooms/736281664653046440,736281664653046440
https://www.airbnb.com/rooms/7823039,7823039
https://www.airbnb.com/rooms/1461102533408337525,1461102533408337525
https://www.airbnb.com/rooms/1501571176588511422,1501571176588511422
https://www.airbnb.com/rooms/20143595,20143595
https://www.airbnb.com/rooms/23497586,23497586
https://www.airbnb.com/rooms/31183089,31183089
https://www.airbnb.com/rooms/41552597,41552597
https://www.airbnb.com/rooms/49880977,49880977
https://www.airbnb.com/rooms/689869381512337633,689869381512337633
https://www.airbnb.com/rooms/1004378433651938685,1004378433651938685
https://www.airbnb.com/rooms/1273899361651468535,1273899361651468535
https://www.airbnb.com/rooms/1453372522969031796,1453372522969031796
https://www.airbnb.com/rooms/1476293189363097025,1476293189363097025
https://www.airbnb.com/rooms/1574114271429391015,1574114271429391015
https://www.airbnb.com/rooms/1655504834199986136,1655504834199986136
https://www.airbnb.com/rooms/11990998,11990998
https://www.airbnb.com/rooms/10457284,10457284
https://www.airbnb.com/rooms/1206593460847267193,1206593460847267193
https://www.airbnb.com/rooms/1376227174119190675,1376227174119190675
https://www.airbnb.com/rooms/1405735812259333292,1405735812259333292
https://www.airbnb.com/rooms/1487889251380482662,1487889251380482662
https://www.airbnb.com/rooms/1495905463626419441,1495905463626419441
https://www.airbnb.com/rooms/1497045182444217412,1497045182444217412
https://www.airbnb.com/rooms/1567788815833240543,1567788815833240543
https://www.airbnb.com/rooms/1574113044246778479,1574113044246778479
https://www.airbnb.com/rooms/1591548442315543819,1591548442315543819
https://www.airbnb.com/rooms/1609646754615484848,1609646754615484848
https://www.airbnb.com/rooms/1623961745478786207,1623961745478786207
https://www.airbnb.com/rooms/1709796461260975275,1709796461260975275
https://www.airbnb.com/rooms/28158642,28158642
https://www.airbnb.com/rooms/1092775753097080651,1092775753097080651
https://www.airbnb.com/rooms/1171887554533234559,1171887554533234559
https://www.airbnb.com/rooms/1206572960055675639,1206572960055675639
https://www.airbnb.com/rooms/1380441000256651669,1380441000256651669
https://www.airbnb.com/rooms/1397772625125768196,1397772625125768196
https://www.airbnb.com/rooms/1495891362440913781,1495891362440913781
https://www.airbnb.com/rooms/1510997429494879453,1510997429494879453
https://www.airbnb.com/rooms/1526271759949528547,1526271759949528547
https://www.airbnb.com/rooms/1650778445324374357,1650778445324374357
https://www.airbnb.com/rooms/1669986601834495458,1669986601834495458
https://www.airbnb.com/rooms/1674652395861079047,1674652395861079047
https://www.airbnb.com/rooms/1703102582962676303,1703102582962676303
https://www.airbnb.com/rooms/1703110058026092222,1703110058026092222
https://www.airbnb.com/rooms/1703116857014344672,1703116857014344672
https://www.airbnb.com/rooms/32270961,32270961
https://www.airbnb.com/rooms/4949787,4949787
https://www.airbnb.com/rooms/603609366383268022,603609366383268022
https://www.airbnb.com/rooms/998047356511506983,998047356511506983
https://www.airbnb.com/rooms/1117429232116623402,1117429232116623402
https://www.airbnb.com/rooms/1305029456291942057,1305029456291942057
https://www.airbnb.com/rooms/1330612269342694161,1330612269342694161
https://www.airbnb.com/rooms/1350290502338393639,1350290502338393639
https://www.airbnb.com/rooms/1414680487912660295,1414680487912660295
https://www.airbnb.com/rooms/1495885846150174595,1495885846150174595
https://www.airbnb.com/rooms/1495888874193973565,1495888874193973565
https://www.airbnb.com/rooms/1603801671292201744,1603801671292201744
https://www.airbnb.com/rooms/1655496916871827233,1655496916871827233
https://www.airbnb.com/rooms/1655502263575892060,1655502263575892060
https://www.airbnb.com/rooms/1688266062825504891,1688266062825504891
https://www.airbnb.com/rooms/1690017459159981311,1690017459159981311
https://www.airbnb.com/rooms/1703090802073177083,1703090802073177083
https://www.airbnb.com/rooms/1703123966719026219,1703123966719026219
https://www.airbnb.com/rooms/1755272920074301335,1755272920074301335
https://www.airbnb.com/rooms/1774105736486344315,1774105736486344315
https://www.airbnb.com/rooms/877461369306528451,877461369306528451
https://www.airbnb.com/rooms/970883613800246955,970883613800246955
https://www.airbnb.com/rooms/1235461469699990894,1235461469699990894
https://www.airbnb.com/rooms/1366303461183984826,1366303461183984826
https://www.airbnb.com/rooms/1379639001917250906,1379639001917250906
https://www.airbnb.com/rooms/1495883323893740529,1495883323893740529
https://www.airbnb.com/rooms/1495892888254676238,1495892888254676238
https://www.airbnb.com/rooms/1510997916669037209,1510997916669037209
https://www.airbnb.com/rooms/1536312496957792161,1536312496957792161
https://www.airbnb.com/rooms/1582033247966047157,1582033247966047157
https://www.airbnb.com/rooms/1655503257785260263,1655503257785260263
https://www.airbnb.com/rooms/1655505650636453946,1655505650636453946
https://www.airbnb.com/rooms/1669987885337796330,1669987885337796330
https://www.airbnb.com/rooms/1694343583903430161,1694343583903430161
https://www.airbnb.com/rooms/1698892907296575177,1698892907296575177
https://www.airbnb.com/rooms/26356781,26356781
https://www.airbnb.com/rooms/571035898809525340,571035898809525340
https://www.airbnb.com/rooms/818073815255037538,818073815255037538
https://www.airbnb.com/rooms/975305266027789778,975305266027789778
https://www.airbnb.com/rooms/1495899956548010932,1495899956548010932
https://www.airbnb.com/rooms/1495908494290341816,1495908494290341816
https://www.airbnb.com/rooms/1576201940627939184,1576201940627939184
https://www.airbnb.com/rooms/1623952694348504088,1623952694348504088
https://www.airbnb.com/rooms/1623963763405622904,1623963763405622904
https://www.airbnb.com/rooms/1637939430986914394,1637939430986914394
https://www.airbnb.com/rooms/1642383648612740229,1642383648612740229
https://www.airbnb.com/rooms/1696600704074100642,1696600704074100642
https://www.airbnb.com/rooms/1698597639566141500,1698597639566141500
https://www.airbnb.com/rooms/1698878694459722001,1698878694459722001
https://www.airbnb.com/rooms/1757445033339820002,1757445033339820002
https://www.airbnb.com/rooms/1774700014631584740,1774700014631584740
https://www.airbnb.com/rooms/47731619,47731619
https://www.airbnb.com/rooms/48380012,48380012
https://www.airbnb.com/rooms/612320725255332151,612320725255332151
https://www.airbnb.com/rooms/664900286954249289,664900286954249289
https://www.airbnb.com/rooms/980509118961830212,980509118961830212
https://www.airbnb.com/rooms/1087848328439299825,1087848328439299825
https://www.airbnb.com/rooms/1339918067952129309,1339918067952129309
https://www.airbnb.com/rooms/14757352,14757352
https://www.airbnb.com/rooms/1495889356768203161,1495889356768203161
https://www.airbnb.com/rooms/1495892889330571194,1495892889330571194
https://www.airbnb.com/rooms/1495902958281041396,1495902958281041396
https://www.airbnb.com/rooms/1495905923155647950,1495905923155647950
https://www.airbnb.com/rooms/1502390035560800421,1502390035560800421
https://www.airbnb.com/rooms/1506636184182659631,1506636184182659631
https://www.airbnb.com/rooms/1574111134445076520,1574111134445076520
https://www.airbnb.com/rooms/1688252945559526289,1688252945559526289
https://www.airbnb.com/rooms/1688261256818214324,1688261256818214324
https://www.airbnb.com/rooms/1690731398079715565,1690731398079715565
https://www.airbnb.com/rooms/1698759773088557652,1698759773088557652
https://www.airbnb.com/rooms/1698889199815894575,1698889199815894575
https://www.airbnb.com/rooms/1763301716809589636,1763301716809589636
https://www.airbnb.com/rooms/4604518,4604518
https://www.airbnb.com/rooms/1145182924387266974,1145182924387266974
https://www.airbnb.com/rooms/1162528687646712445,1162528687646712445
https://www.airbnb.com/rooms/1462515112496419298,1462515112496419298
https://www.airbnb.com/rooms/1495889355376322325,1495889355376322325
https://www.airbnb.com/rooms/1495890888782938779,1495890888782938779
https://www.airbnb.com/rooms/1495902968388305097,1495902968388305097
https://www.airbnb.com/rooms/1495904966341355664,1495904966341355664
https://www.airbnb.com/rooms/1503780370782361873,1503780370782361873
https://www.airbnb.com/rooms/1668147266034525707,1668147266034525707
https://www.airbnb.com/rooms/1698642924619695507,1698642924619695507
https://www.airbnb.com/rooms/1698754306145474707,1698754306145474707
https://www.airbnb.com/rooms/1698761887063440828,1698761887063440828
https://www.airbnb.com/rooms/1709793479770245330,1709793479770245330
https://www.airbnb.com/rooms/23091861,23091861
https://www.airbnb.com/rooms/28052539,28052539
https://www.airbnb.com/rooms/30346059,30346059
https://www.airbnb.com/rooms/42360182,42360182
https://www.airbnb.com/rooms/1078422875120073352,1078422875120073352
https://www.airbnb.com/rooms/11336505,11336505
https://www.airbnb.com/rooms/1250589380340335588,1250589380340335588
https://www.airbnb.com/rooms/1385668893255158046,1385668893255158046
https://www.airbnb.com/rooms/1495885848140802974,1495885848140802974
https://www.airbnb.com/rooms/1495890363048195779,1495890363048195779
https://www.airbnb.com/rooms/1495899438921667179,1495899438921667179
https://www.airbnb.com/rooms/1495904454397666805,1495904454397666805
https://www.airbnb.com/rooms/1495905456763030924,1495905456763030924
https://www.airbnb.com/rooms/1592994338611730592,1592994338611730592
https://www.airbnb.com/rooms/1611731148396967856,1611731148396967856
https://www.airbnb.com/rooms/1630459053311393179,1630459053311393179
https://www.airbnb.com/rooms/1698881716528254512,1698881716528254512
https://www.airbnb.com/rooms/1703114084488897259,1703114084488897259
https://www.airbnb.com/rooms/35222429,35222429
https://www.airbnb.com/rooms/48379915,48379915
https://www.airbnb.com/rooms/777445973673872383,777445973673872383
https://www.airbnb.com/rooms/854482957200983821,854482957200983821
https://www.airbnb.com/rooms/1168135266855604013,1168135266855604013
https://www.airbnb.com/rooms/1177611981231398242,1177611981231398242
https://www.airbnb.com/rooms/1344217627976902383,1344217627976902383
https://www.airbnb.com/rooms/1495866737469799495,1495866737469799495
https://www.airbnb.com/rooms/1495883826041215161,1495883826041215161
https://www.airbnb.com/rooms/1495890883865007858,1495890883865007858
https://www.airbnb.com/rooms/1495899525767204170,1495899525767204170
https://www.airbnb.com/rooms/1495902446043046321,1495902446043046321
https://www.airbnb.com/rooms/1495903969721888946,1495903969721888946
https://www.airbnb.com/rooms/1495907046929264748,1495907046929264748
https://www.airbnb.com/rooms/1495907049847226030,1495907049847226030
https://www.airbnb.com/rooms/1495910000162880762,1495910000162880762
https://www.airbnb.com/rooms/1495910587144934957,1495910587144934957
https://www.airbnb.com/rooms/1503749812071033721,1503749812071033721
https://www.airbnb.com/rooms/1709802939381134000,1709802939381134000
https://www.airbnb.com/rooms/54370823,54370823
https://www.airbnb.com/rooms/808017931409126130,808017931409126130
https://www.airbnb.com/rooms/962313950479697205,962313950479697205
https://www.airbnb.com/rooms/1420270238595700264,1420270238595700264
https://www.airbnb.com/rooms/1495867224830140444,1495867224830140444
https://www.airbnb.com/rooms/1495867739482078418,1495867739482078418
https://www.airbnb.com/rooms/1495868210502752130,1495868210502752130
https://www.airbnb.com/rooms/1495868657120355517,1495868657120355517
https://www.airbnb.com/rooms/1495888946851207370,1495888946851207370
https://www.airbnb.com/rooms/1495891362194455971,1495891362194455971
https://www.airbnb.com/rooms/1495898944796152219,1495898944796152219
https://www.airbnb.com/rooms/1495903441305314337,1495903441305314337
https://www.airbnb.com/rooms/1495905970129938221,1495905970129938221
https://www.airbnb.com/rooms/1495907985897857828,1495907985897857828
https://www.airbnb.com/rooms/1495908493938084039,1495908493938084039
https://www.airbnb.com/rooms/1495908992477770648,1495908992477770648
https://www.airbnb.com/rooms/1563092176226230827,1563092176226230827
https://www.airbnb.com/rooms/1611703455448537990,1611703455448537990
https://www.airbnb.com/rooms/1630459052333530070,1630459052333530070
https://www.airbnb.com/rooms/1709799681037277685,1709799681037277685
https://www.airbnb.com/rooms/1756624145390084192,1756624145390084192
https://www.airbnb.com/rooms/1011701666760306143,1011701666760306143
https://www.airbnb.com/rooms/1208737178661921771,1208737178661921771
https://www.airbnb.com/rooms/1495865708593689529,1495865708593689529
https://www.airbnb.com/rooms/1495866201380190174,1495866201380190174
https://www.airbnb.com/rooms/1495866729983311459,1495866729983311459
https://www.airbnb.com/rooms/1495866736049791212,1495866736049791212
https://www.airbnb.com/rooms/1495867210181842300,1495867210181842300
https://www.airbnb.com/rooms/1495867215816008560,1495867215816008560
https://www.airbnb.com/rooms/1495891361047946347,1495891361047946347
https://www.airbnb.com/rooms/1495905468790599912,1495905468790599912
https://www.airbnb.com/rooms/1513837142833416483,1513837142833416483
https://www.airbnb.com/rooms/1563139793178567639,1563139793178567639
https://www.airbnb.com/rooms/1688273851022994161,1688273851022994161
https://www.airbnb.com/rooms/1698597456531904637,1698597456531904637
https://www.airbnb.com/rooms/1698886702245660568,1698886702245660568
https://www.airbnb.com/rooms/1709800140842001896,1709800140842001896
https://www.airbnb.com/rooms/1335548688970422414,1335548688970422414
https://www.airbnb.com/rooms/1383050231656001553,1383050231656001553
https://www.airbnb.com/rooms/1495867731945349321,1495867731945349321
https://www.airbnb.com/rooms/1495899451009460179,1495899451009460179
https://www.airbnb.com/rooms/1495903435742460686,1495903435742460686
https://www.airbnb.com/rooms/1630459050575214743,1630459050575214743
https://www.airbnb.com/rooms/1645339050927770263,1645339050927770263
https://www.airbnb.com/rooms/1653094000007154530,1653094000007154530
https://www.airbnb.com/rooms/1653103265170966764,1653103265170966764
https://www.airbnb.com/rooms/1673282791820353127,1673282791820353127
https://www.airbnb.com/rooms/1692150427460726664,1692150427460726664
https://www.airbnb.com/rooms/1698597788406659025,1698597788406659025
https://www.airbnb.com/rooms/22550820,22550820
https://www.airbnb.com/rooms/22654775,22654775
https://www.airbnb.com/rooms/51666880,51666880
https://www.airbnb.com/rooms/912941313573216034,912941313573216034
https://www.airbnb.com/rooms/997107824493907370,997107824493907370
https://www.airbnb.com/rooms/1495866809115505352,1495866809115505352
https://www.airbnb.com/rooms/1626830143773275427,1626830143773275427
https://www.airbnb.com/rooms/1690690780340979723,1690690780340979723
https://www.airbnb.com/rooms/1729365598092915967,1729365598092915967
https://www.airbnb.com/rooms/1160799538370011218,1160799538370011218
https://www.airbnb.com/rooms/1190143298101592387,1190143298101592387
https://www.airbnb.com/rooms/1281956407127670847,1281956407127670847
https://www.airbnb.com/rooms/1409595668160107562,1409595668160107562
https://www.airbnb.com/rooms/1426408678973048275,1426408678973048275
https://www.airbnb.com/rooms/1632030388690495006,1632030388690495006
https://www.airbnb.com/rooms/35125824,35125824
https://www.airbnb.com/rooms/52506018,52506018
https://www.airbnb.com/rooms/818739273329564206,818739273329564206
https://www.airbnb.com/rooms/876839047379713321,876839047379713321
https://www.airbnb.com/rooms/1135582701752120728,1135582701752120728
https://www.airbnb.com/rooms/1177610478092609253,1177610478092609253
https://www.airbnb.com/rooms/1243077857402396481,1243077857402396481
https://www.airbnb.com/rooms/1316710860327198152,1316710860327198152
https://www.airbnb.com/rooms/1445154121022044197,1445154121022044197
https://www.airbnb.com/rooms/1572852032070634836,1572852032070634836
https://www.airbnb.com/rooms/17400631,17400631
https://www.airbnb.com/rooms/18791464,18791464
https://www.airbnb.com/rooms/28224045,28224045
https://www.airbnb.com/rooms/831058872089010209,831058872089010209
https://www.airbnb.com/rooms/8538917,8538917
https://www.airbnb.com/rooms/880663782893229365,880663782893229365
https://www.airbnb.com/rooms/884983365302728857,884983365302728857
https://www.airbnb.com/rooms/981978753636934598,981978753636934598
https://www.airbnb.com/rooms/1071156779994128888,1071156779994128888
https://www.airbnb.com/rooms/1137709885113449023,1137709885113449023
https://www.airbnb.com/rooms/1187667689301834213,1187667689301834213
https://www.airbnb.com/rooms/1242280950592721782,1242280950592721782
https://www.airbnb.com/rooms/1267475801325153732,1267475801325153732
https://www.airbnb.com/rooms/1344550734132649322,1344550734132649322
https://www.airbnb.com/rooms/1552453682641367741,1552453682641367741
https://www.airbnb.com/rooms/1582824689138143337,1582824689138143337
https://www.airbnb.com/rooms/1643709320397541868,1643709320397541868
https://www.airbnb.com/rooms/20537447,20537447
https://www.airbnb.com/rooms/826191524076525173,826191524076525173
https://www.airbnb.com/rooms/878233129782694887,878233129782694887
https://www.airbnb.com/rooms/937806596444596569,937806596444596569
https://www.airbnb.com/rooms/1176861455459737563,1176861455459737563
https://www.airbnb.com/rooms/1177575502253507526,1177575502253507526
https://www.airbnb.com/rooms/1237056517319938619,1237056517319938619
https://www.airbnb.com/rooms/1337220130920113069,1337220130920113069
https://www.airbnb.com/rooms/1348610389619967954,1348610389619967954
https://www.airbnb.com/rooms/1498595341629322652,1498595341629322652
https://www.airbnb.com/rooms/1533692263856278939,1533692263856278939
https://www.airbnb.com/rooms/1553151643580150696,1553151643580150696
https://www.airbnb.com/rooms/834646731080049474,834646731080049474
https://www.airbnb.com/rooms/873254738111220472,873254738111220472
https://www.airbnb.com/rooms/897268040762513132,897268040762513132
https://www.airbnb.com/rooms/931372576391170358,931372576391170358
https://www.airbnb.com/rooms/949372402363106449,949372402363106449
https://www.airbnb.com/rooms/1178487207002449956,1178487207002449956
https://www.airbnb.com/rooms/1656081201042599328,1656081201042599328
https://www.airbnb.com/rooms/863676861517541322,863676861517541322
https://www.airbnb.com/rooms/1248766052659134389,1248766052659134389
https://www.airbnb.com/rooms/49809242,49809242
https://www.airbnb.com/rooms/51670233,51670233
https://www.airbnb.com/rooms/41553993,41553993
https://www.airbnb.com/rooms/597882949136558178,597882949136558178
https://www.airbnb.com/rooms/41421764,41421764
https://www.airbnb.com/rooms/41690971,41690971
https://www.airbnb.com/rooms/46621349,46621349
https://www.airbnb.com/rooms/41553375,41553375
https://www.airbnb.com/rooms/41554289,41554289
https://www.airbnb.com/rooms/597869859698938723,597869859698938723
https://www.airbnb.com/rooms/597882450448409044,597882450448409044
https://www.airbnb.com/rooms/53508162,53508162
https://www.airbnb.com/rooms/53508179,53508179
https://www.airbnb.com/rooms/974119208329583860,974119208329583860
https://www.airbnb.com/rooms/14534800,14534800
https://www.airbnb.com/rooms/1607980178789892086,1607980178789892086
https://www.airbnb.com/rooms/1609696574032141445,1609696574032141445
https://www.airbnb.com/rooms/1705197219975932807,1705197219975932807
https://www.airbnb.com/rooms/1705201689333818956,1705201689333818956
https://www.airbnb.com/rooms/33037600,33037600
https://www.airbnb.com/rooms/28005035,28005035
https://www.airbnb.com/rooms/6424881,6424881
https://www.airbnb.com/rooms/6749535,6749535
https://www.airbnb.com/rooms/1146666334718347751,1146666334718347751
https://www.airbnb.com/rooms/1599916792778618935,1599916792778618935
https://www.airbnb.com/rooms/1742339874327601980,1742339874327601980
https://www.airbnb.com/rooms/1771315818957302253,1771315818957302253
https://www.airbnb.com/rooms/1776375531144390972,1776375531144390972
https://www.airbnb.com/rooms/27450078,27450078
https://www.airbnb.com/rooms/2908364,2908364
https://www.airbnb.com/rooms/36562709,36562709
https://www.airbnb.com/rooms/51753834,51753834
https://www.airbnb.com/rooms/685303839668013059,685303839668013059
https://www.airbnb.com/rooms/714516747301569306,714516747301569306
https://www.airbnb.com/rooms/808657419343023610,808657419343023610
https://www.airbnb.com/rooms/852930754731109961,852930754731109961
https://www.airbnb.com/rooms/1100237032155559245,1100237032155559245
https://www.airbnb.com/rooms/632794084483763370,632794084483763370
https://www.airbnb.com/rooms/1231972874406364654,1231972874406364654
https://www.airbnb.com/rooms/1231984108408488540,1231984108408488540
https://www.airbnb.com/rooms/14664334,14664334
https://www.airbnb.com/rooms/1764725877907559779,1764725877907559779
https://www.airbnb.com/rooms/41656616,41656616
https://www.airbnb.com/rooms/44646559,44646559
https://www.airbnb.com/rooms/827382076574811107,827382076574811107
https://www.airbnb.com/rooms/1681290287473200234,1681290287473200234
https://www.airbnb.com/rooms/1762714119753686209,1762714119753686209
https://www.airbnb.com/rooms/20432958,20432958
https://www.airbnb.com/rooms/687215887081269359,687215887081269359
https://www.airbnb.com/rooms/1173135829783960299,1173135829783960299
https://www.airbnb.com/rooms/826746378510683950,826746378510683950
https://www.airbnb.com/rooms/836901460882310250,836901460882310250
https://www.airbnb.com/rooms/865167114675951454,865167114675951454
https://www.airbnb.com/rooms/1009550,1009550
https://www.airbnb.com/rooms/1025428559288303389,1025428559288303389
https://www.airbnb.com/rooms/1345043167612936900,1345043167612936900
https://www.airbnb.com/rooms/14692765,14692765
https://www.airbnb.com/rooms/1486335806194741419,1486335806194741419
https://www.airbnb.com/rooms/1769776223857536224,1769776223857536224
https://www.airbnb.com/rooms/51197605,51197605
https://www.airbnb.com/rooms/51906302,51906302
https://www.airbnb.com/rooms/1167646045869420588,1167646045869420588
https://www.airbnb.com/rooms/1257229024273822071,1257229024273822071
https://www.airbnb.com/rooms/1264532621703667568,1264532621703667568
https://www.airbnb.com/rooms/1352293168739505921,1352293168739505921
https://www.airbnb.com/rooms/1380467092941501362,1380467092941501362
https://www.airbnb.com/rooms/1441429313887801010,1441429313887801010
https://www.airbnb.com/rooms/1591701861388462404,1591701861388462404
https://www.airbnb.com/rooms/1613834030818489999,1613834030818489999
https://www.airbnb.com/rooms/1766730454937278856,1766730454937278856
https://www.airbnb.com/rooms/566694379827273792,566694379827273792
https://www.airbnb.com/rooms/1127592919412957495,1127592919412957495
https://www.airbnb.com/rooms/1152581077286042544,1152581077286042544
https://www.airbnb.com/rooms/1165224167373686076,1165224167373686076
https://www.airbnb.com/rooms/1550294627202785527,1550294627202785527
https://www.airbnb.com/rooms/1550294726675423229,1550294726675423229
https://www.airbnb.com/rooms/1615623827087954249,1615623827087954249
https://www.airbnb.com/rooms/1622751067959891947,1622751067959891947
https://www.airbnb.com/rooms/52284922,52284922
https://www.airbnb.com/rooms/612286622758749433,612286622758749433
https://www.airbnb.com/rooms/873087693183239706,873087693183239706
https://www.airbnb.com/rooms/998627545561949415,998627545561949415
https://www.airbnb.com/rooms/1143596935804294357,1143596935804294357
https://www.airbnb.com/rooms/1249280790642638175,1249280790642638175
https://www.airbnb.com/rooms/1347330974908707395,1347330974908707395
https://www.airbnb.com/rooms/1380631009724854224,1380631009724854224
https://www.airbnb.com/rooms/1426931506089964336,1426931506089964336
https://www.airbnb.com/rooms/1750268137984942456,1750268137984942456
https://www.airbnb.com/rooms/38982576,38982576
https://www.airbnb.com/rooms/548723613309905602,548723613309905602
https://www.airbnb.com/rooms/871872644606877920,871872644606877920
https://www.airbnb.com/rooms/1127593099378371204,1127593099378371204
https://www.airbnb.com/rooms/1237993374102664805,1237993374102664805
https://www.airbnb.com/rooms/1279000494349438914,1279000494349438914
https://www.airbnb.com/rooms/1550294593961806626,1550294593961806626
https://www.airbnb.com/rooms/1573988151682512216,1573988151682512216
https://www.airbnb.com/rooms/1577826861371203081,1577826861371203081
https://www.airbnb.com/rooms/1599308271829522576,1599308271829522576
https://www.airbnb.com/rooms/1650201621281401561,1650201621281401561
https://www.airbnb.com/rooms/1669779894396828955,1669779894396828955
https://www.airbnb.com/rooms/17856206,17856206
https://www.airbnb.com/rooms/665341875028002371,665341875028002371
https://www.airbnb.com/rooms/685609363923252930,685609363923252930
https://www.airbnb.com/rooms/1157577319400664311,1157577319400664311
https://www.airbnb.com/rooms/1171088794079114656,1171088794079114656
https://www.airbnb.com/rooms/1304489912296800518,1304489912296800518
https://www.airbnb.com/rooms/1379709013332499993,1379709013332499993
https://www.airbnb.com/rooms/1390273507807233504,1390273507807233504
https://www.airbnb.com/rooms/1550294485960537514,1550294485960537514
https://www.airbnb.com/rooms/1558866743134549554,1558866743134549554
https://www.airbnb.com/rooms/1649650815349542754,1649650815349542754
https://www.airbnb.com/rooms/1689253087508986626,1689253087508986626
https://www.airbnb.com/rooms/1750293584148787290,1750293584148787290
https://www.airbnb.com/rooms/33773076,33773076
https://www.airbnb.com/rooms/50663099,50663099
https://www.airbnb.com/rooms/548652845315550981,548652845315550981
https://www.airbnb.com/rooms/1517384793188338443,1517384793188338443
https://www.airbnb.com/rooms/1600131439175848746,1600131439175848746
https://www.airbnb.com/rooms/1600186742158575128,1600186742158575128
https://www.airbnb.com/rooms/1609885397202931830,1609885397202931830
https://www.airbnb.com/rooms/1685007814742123770,1685007814742123770
https://www.airbnb.com/rooms/1697146720277151916,1697146720277151916
https://www.airbnb.com/rooms/35195149,35195149
https://www.airbnb.com/rooms/1493595362926509525,1493595362926509525
https://www.airbnb.com/rooms/1518836118575179693,1518836118575179693
https://www.airbnb.com/rooms/1518838783960616823,1518838783960616823
https://www.airbnb.com/rooms/1572437187673874178,1572437187673874178
https://www.airbnb.com/rooms/1574037626072306828,1574037626072306828
https://www.airbnb.com/rooms/1598036196290405133,1598036196290405133
https://www.airbnb.com/rooms/1598794055370571196,1598794055370571196
https://www.airbnb.com/rooms/1752818865624673974,1752818865624673974
https://www.airbnb.com/rooms/19491404,19491404
https://www.airbnb.com/rooms/34641121,34641121
https://www.airbnb.com/rooms/34644718,34644718
https://www.airbnb.com/rooms/40184141,40184141
https://www.airbnb.com/rooms/44475340,44475340
https://www.airbnb.com/rooms/579127304728319730,579127304728319730
https://www.airbnb.com/rooms/920267378154872272,920267378154872272
https://www.airbnb.com/rooms/1371048723133622394,1371048723133622394
https://www.airbnb.com/rooms/1513816904698648569,1513816904698648569
https://www.airbnb.com/rooms/1517380943731565517,1517380943731565517
https://www.airbnb.com/rooms/1517387768113216002,1517387768113216002
https://www.airbnb.com/rooms/1518841762011561777,1518841762011561777
https://www.airbnb.com/rooms/1589942237827056330,1589942237827056330
https://www.airbnb.com/rooms/1598759417127548431,1598759417127548431
https://www.airbnb.com/rooms/1609764121949521798,1609764121949521798
https://www.airbnb.com/rooms/1628427302219988263,1628427302219988263
https://www.airbnb.com/rooms/1669736404039742850,1669736404039742850
https://www.airbnb.com/rooms/1695179895665781998,1695179895665781998
https://www.airbnb.com/rooms/40182570,40182570
https://www.airbnb.com/rooms/44014388,44014388
https://www.airbnb.com/rooms/44320278,44320278
https://www.airbnb.com/rooms/45895216,45895216
https://www.airbnb.com/rooms/46412125,46412125
https://www.airbnb.com/rooms/53258356,53258356
https://www.airbnb.com/rooms/1053050035824446070,1053050035824446070
https://www.airbnb.com/rooms/1074206129109420429,1074206129109420429
https://www.airbnb.com/rooms/11438990,11438990
https://www.airbnb.com/rooms/1313967219584077172,1313967219584077172
https://www.airbnb.com/rooms/1364791864293670455,1364791864293670455
https://www.airbnb.com/rooms/1518837089085447349,1518837089085447349
https://www.airbnb.com/rooms/1518840349739153003,1518840349739153003
https://www.airbnb.com/rooms/1557356891925080863,1557356891925080863
https://www.airbnb.com/rooms/1589940646790736225,1589940646790736225
https://www.airbnb.com/rooms/1589941653430498977,1589941653430498977
https://www.airbnb.com/rooms/1589941954484614205,1589941954484614205
https://www.airbnb.com/rooms/1754021383490739101,1754021383490739101
https://www.airbnb.com/rooms/34645598,34645598
https://www.airbnb.com/rooms/50395220,50395220
https://www.airbnb.com/rooms/53048340,53048340
https://www.airbnb.com/rooms/645800716261718852,645800716261718852
https://www.airbnb.com/rooms/1042077000453929790,1042077000453929790
https://www.airbnb.com/rooms/1105065968255581391,1105065968255581391
https://www.airbnb.com/rooms/1213147463308651478,1213147463308651478
https://www.airbnb.com/rooms/12276038,12276038
https://www.airbnb.com/rooms/1398158084732327825,1398158084732327825
https://www.airbnb.com/rooms/1524789389718883236,1524789389718883236
https://www.airbnb.com/rooms/1533343800948820996,1533343800948820996
https://www.airbnb.com/rooms/1537171350417886422,1537171350417886422
https://www.airbnb.com/rooms/1543455778164907660,1543455778164907660
https://www.airbnb.com/rooms/1598828359802846657,1598828359802846657
https://www.airbnb.com/rooms/1603549899122767431,1603549899122767431
https://www.airbnb.com/rooms/18855406,18855406
https://www.airbnb.com/rooms/50440855,50440855
https://www.airbnb.com/rooms/603553851757503628,603553851757503628
https://www.airbnb.com/rooms/684835257571257549,684835257571257549
https://www.airbnb.com/rooms/1251452503589551965,1251452503589551965
https://www.airbnb.com/rooms/1517379006780994753,1517379006780994753
https://www.airbnb.com/rooms/1533343392618751117,1533343392618751117
https://www.airbnb.com/rooms/1572439895108886641,1572439895108886641
https://www.airbnb.com/rooms/1598093588470566429,1598093588470566429
https://www.airbnb.com/rooms/1603226613353076576,1603226613353076576
https://www.airbnb.com/rooms/1635813750559388969,1635813750559388969
https://www.airbnb.com/rooms/1679936363604755860,1679936363604755860
https://www.airbnb.com/rooms/1752823541599033421,1752823541599033421
https://www.airbnb.com/rooms/18043400,18043400
https://www.airbnb.com/rooms/33248413,33248413
https://www.airbnb.com/rooms/51309160,51309160
https://www.airbnb.com/rooms/821735808191258909,821735808191258909
https://www.airbnb.com/rooms/872671010031384086,872671010031384086
https://www.airbnb.com/rooms/1106503691033441758,1106503691033441758
https://www.airbnb.com/rooms/1255347346816926916,1255347346816926916
https://www.airbnb.com/rooms/1409617666133077502,1409617666133077502
https://www.airbnb.com/rooms/1417580295685601315,1417580295685601315
https://www.airbnb.com/rooms/1439962764447882425,1439962764447882425
https://www.airbnb.com/rooms/1481130081532412024,1481130081532412024
https://www.airbnb.com/rooms/1533343235386107892,1533343235386107892
https://www.airbnb.com/rooms/1533343570535245384,1533343570535245384
https://www.airbnb.com/rooms/1721079907329493441,1721079907329493441
https://www.airbnb.com/rooms/34575449,34575449
https://www.airbnb.com/rooms/39863092,39863092
https://www.airbnb.com/rooms/45840570,45840570
https://www.airbnb.com/rooms/50776042,50776042
https://www.airbnb.com/rooms/51412924,51412924
https://www.airbnb.com/rooms/665320023174484814,665320023174484814
https://www.airbnb.com/rooms/8608294,8608294
https://www.airbnb.com/rooms/1134353021121941647,1134353021121941647
https://www.airbnb.com/rooms/1158042455771290759,1158042455771290759
https://www.airbnb.com/rooms/1417608413682075649,1417608413682075649
https://www.airbnb.com/rooms/1417608457182632154,1417608457182632154
https://www.airbnb.com/rooms/1420454574213785460,1420454574213785460
https://www.airbnb.com/rooms/1557356844864060683,1557356844864060683
https://www.airbnb.com/rooms/1600092785506041858,1600092785506041858
https://www.airbnb.com/rooms/1613933220955026678,1613933220955026678
https://www.airbnb.com/rooms/1696426836668284622,1696426836668284622
https://www.airbnb.com/rooms/1718960166391674470,1718960166391674470
https://www.airbnb.com/rooms/18112234,18112234
https://www.airbnb.com/rooms/19349043,19349043
https://www.airbnb.com/rooms/40381086,40381086
https://www.airbnb.com/rooms/52277191,52277191
https://www.airbnb.com/rooms/703519608908418096,703519608908418096
https://www.airbnb.com/rooms/994475258810416618,994475258810416618
https://www.airbnb.com/rooms/1375338895578374475,1375338895578374475
https://www.airbnb.com/rooms/1375341834950624700,1375341834950624700
https://www.airbnb.com/rooms/1380519602794513378,1380519602794513378
https://www.airbnb.com/rooms/1417608435652037731,1417608435652037731
https://www.airbnb.com/rooms/1552529643330991027,1552529643330991027
https://www.airbnb.com/rooms/1602717181238742077,1602717181238742077
https://www.airbnb.com/rooms/21804263,21804263
https://www.airbnb.com/rooms/36144835,36144835
https://www.airbnb.com/rooms/37291927,37291927
https://www.airbnb.com/rooms/991143309395105839,991143309395105839
https://www.airbnb.com/rooms/1394950959933446869,1394950959933446869
https://www.airbnb.com/rooms/1435882266852125200,1435882266852125200
https://www.airbnb.com/rooms/1725380596017562310,1725380596017562310
https://www.airbnb.com/rooms/49101528,49101528
https://www.airbnb.com/rooms/53952042,53952042
https://www.airbnb.com/rooms/54342248,54342248
https://www.airbnb.com/rooms/1061582400236039257,1061582400236039257
https://www.airbnb.com/rooms/1084066528295307074,1084066528295307074
https://www.airbnb.com/rooms/1328337663908006174,1328337663908006174
https://www.airbnb.com/rooms/17315352,17315352
https://www.airbnb.com/rooms/1732166104443737471,1732166104443737471
https://www.airbnb.com/rooms/1756236076704236180,1756236076704236180
https://www.airbnb.com/rooms/42564190,42564190
https://www.airbnb.com/rooms/578966953052660342,578966953052660342
https://www.airbnb.com/rooms/684178203144141156,684178203144141156
https://www.airbnb.com/rooms/1323963621704153293,1323963621704153293
https://www.airbnb.com/rooms/1381326164729369338,1381326164729369338
https://www.airbnb.com/rooms/1431659879236558035,1431659879236558035
https://www.airbnb.com/rooms/1451560932560514843,1451560932560514843
https://www.airbnb.com/rooms/15634836,15634836
https://www.airbnb.com/rooms/1576864571026652897,1576864571026652897
https://www.airbnb.com/rooms/1614082225326023046,1614082225326023046
https://www.airbnb.com/rooms/1621173290320120524,1621173290320120524
https://www.airbnb.com/rooms/1698672925160194255,1698672925160194255
https://www.airbnb.com/rooms/1760329812527592300,1760329812527592300
https://www.airbnb.com/rooms/51366091,51366091
https://www.airbnb.com/rooms/552253413054286763,552253413054286763
https://www.airbnb.com/rooms/5773891,5773891
https://www.airbnb.com/rooms/609237134134531698,609237134134531698
https://www.airbnb.com/rooms/834225962533411195,834225962533411195
https://www.airbnb.com/rooms/1487848096982306642,1487848096982306642
https://www.airbnb.com/rooms/1556034674913915215,1556034674913915215
https://www.airbnb.com/rooms/1648994685116967701,1648994685116967701
https://www.airbnb.com/rooms/45866192,45866192
https://www.airbnb.com/rooms/47070498,47070498
https://www.airbnb.com/rooms/48864579,48864579
https://www.airbnb.com/rooms/49322706,49322706
https://www.airbnb.com/rooms/49947920,49947920
https://www.airbnb.com/rooms/54369808,54369808
https://www.airbnb.com/rooms/554940608101335622,554940608101335622
https://www.airbnb.com/rooms/996464572702696197,996464572702696197
https://www.airbnb.com/rooms/1384987546018671731,1384987546018671731
https://www.airbnb.com/rooms/1474899934862335561,1474899934862335561
https://www.airbnb.com/rooms/1491397570083490986,1491397570083490986
https://www.airbnb.com/rooms/1496452400319020301,1496452400319020301
https://www.airbnb.com/rooms/1569693620031525313,1569693620031525313
https://www.airbnb.com/rooms/42563247,42563247
https://www.airbnb.com/rooms/50470546,50470546
https://www.airbnb.com/rooms/54362952,54362952
https://www.airbnb.com/rooms/54363910,54363910
https://www.airbnb.com/rooms/710051608425477586,710051608425477586
https://www.airbnb.com/rooms/794839343166549788,794839343166549788
https://www.airbnb.com/rooms/816714587630348394,816714587630348394
https://www.airbnb.com/rooms/844099480303988918,844099480303988918
https://www.airbnb.com/rooms/11024062,11024062
https://www.airbnb.com/rooms/1232800533742166185,1232800533742166185
https://www.airbnb.com/rooms/1686877833732701873,1686877833732701873
https://www.airbnb.com/rooms/42561238,42561238
https://www.airbnb.com/rooms/47920549,47920549
https://www.airbnb.com/rooms/48959267,48959267
https://www.airbnb.com/rooms/51489138,51489138
https://www.airbnb.com/rooms/52336544,52336544
https://www.airbnb.com/rooms/53143673,53143673
https://www.airbnb.com/rooms/53415403,53415403
https://www.airbnb.com/rooms/736215770939584894,736215770939584894
https://www.airbnb.com/rooms/755753965554818738,755753965554818738
https://www.airbnb.com/rooms/755780046500666224,755780046500666224
https://www.airbnb.com/rooms/1703117272016580634,1703117272016580634
https://www.airbnb.com/rooms/51344964,51344964
https://www.airbnb.com/rooms/51601152,51601152
https://www.airbnb.com/rooms/54000321,54000321
https://www.airbnb.com/rooms/54364100,54364100
https://www.airbnb.com/rooms/554287436352105437,554287436352105437
https://www.airbnb.com/rooms/750588043329330489,750588043329330489
https://www.airbnb.com/rooms/790903791366789702,790903791366789702
https://www.airbnb.com/rooms/863799042292045174,863799042292045174
https://www.airbnb.com/rooms/1127581032339222668,1127581032339222668
https://www.airbnb.com/rooms/1129093911476121290,1129093911476121290
https://www.airbnb.com/rooms/1211750834107949270,1211750834107949270
https://www.airbnb.com/rooms/1574908305699020345,1574908305699020345
https://www.airbnb.com/rooms/1684397764471456375,1684397764471456375
https://www.airbnb.com/rooms/1719727463874549899,1719727463874549899
https://www.airbnb.com/rooms/32747443,32747443
https://www.airbnb.com/rooms/42562978,42562978
https://www.airbnb.com/rooms/42563807,42563807
https://www.airbnb.com/rooms/790893489542498404,790893489542498404
https://www.airbnb.com/rooms/849122847900478398,849122847900478398
https://www.airbnb.com/rooms/885451023973914263,885451023973914263
https://www.airbnb.com/rooms/963146387362418134,963146387362418134
https://www.airbnb.com/rooms/702047042610986292,702047042610986292
https://www.airbnb.com/rooms/1350284519586049365,1350284519586049365
https://www.airbnb.com/rooms/13190076,13190076
https://www.airbnb.com/rooms/25799626,25799626
https://www.airbnb.com/rooms/5174212,5174212
https://www.airbnb.com/rooms/1579261027190933139,1579261027190933139
https://www.airbnb.com/rooms/1625016807960661497,1625016807960661497
https://www.airbnb.com/rooms/1662099324189921688,1662099324189921688
https://www.airbnb.com/rooms/19519302,19519302
https://www.airbnb.com/rooms/35227265,35227265
https://www.airbnb.com/rooms/649454114736997311,649454114736997311
https://www.airbnb.com/rooms/1021142517851974825,1021142517851974825
https://www.airbnb.com/rooms/1091394867980539871,1091394867980539871
https://www.airbnb.com/rooms/1202417158841717133,1202417158841717133
https://www.airbnb.com/rooms/1243541372470582681,1243541372470582681
https://www.airbnb.com/rooms/1377653882524783683,1377653882524783683
https://www.airbnb.com/rooms/1643715862275602544,1643715862275602544
https://www.airbnb.com/rooms/649454194535795746,649454194535795746
https://www.airbnb.com/rooms/12171163,12171163
https://www.airbnb.com/rooms/1245668927131846145,1245668927131846145
https://www.airbnb.com/rooms/1289454896190417110,1289454896190417110
https://www.airbnb.com/rooms/1446438023186874930,1446438023186874930
https://www.airbnb.com/rooms/24738411,24738411
https://www.airbnb.com/rooms/36113543,36113543
https://www.airbnb.com/rooms/36420157,36420157
https://www.airbnb.com/rooms/36515320,36515320
https://www.airbnb.com/rooms/41931003,41931003
https://www.airbnb.com/rooms/51447581,51447581
https://www.airbnb.com/rooms/51709953,51709953
https://www.airbnb.com/rooms/607973530150679863,607973530150679863
https://www.airbnb.com/rooms/776600678980203616,776600678980203616
https://www.airbnb.com/rooms/1161760441957891588,1161760441957891588
https://www.airbnb.com/rooms/1205278049628123491,1205278049628123491
https://www.airbnb.com/rooms/1242711919350265564,1242711919350265564
https://www.airbnb.com/rooms/1363065322504049184,1363065322504049184
https://www.airbnb.com/rooms/1486400033917691348,1486400033917691348
https://www.airbnb.com/rooms/1637184916612171994,1637184916612171994
https://www.airbnb.com/rooms/1645005668429133856,1645005668429133856
https://www.airbnb.com/rooms/38539156,38539156
https://www.airbnb.com/rooms/47967883,47967883
https://www.airbnb.com/rooms/1281288795402999454,1281288795402999454
https://www.airbnb.com/rooms/1406664340200254533,1406664340200254533
https://www.airbnb.com/rooms/1496461797126123086,1496461797126123086
https://www.airbnb.com/rooms/1521024168638081025,1521024168638081025
https://www.airbnb.com/rooms/1659582112467448928,1659582112467448928
https://www.airbnb.com/rooms/6446261,6446261
https://www.airbnb.com/rooms/662146377614463293,662146377614463293
https://www.airbnb.com/rooms/942320955288077735,942320955288077735
https://www.airbnb.com/rooms/49094642,49094642
https://www.airbnb.com/rooms/49095335,49095335
https://www.airbnb.com/rooms/650006530672684224,650006530672684224
https://www.airbnb.com/rooms/6710477,6710477
https://www.airbnb.com/rooms/816893820221950214,816893820221950214
https://www.airbnb.com/rooms/48396286,48396286
https://www.airbnb.com/rooms/48400184,48400184
https://www.airbnb.com/rooms/48400665,48400665
https://www.airbnb.com/rooms/48444153,48444153
https://www.airbnb.com/rooms/48444432,48444432
https://www.airbnb.com/rooms/49075321,49075321
https://www.airbnb.com/rooms/49075605,49075605
https://www.airbnb.com/rooms/49076412,49076412
https://www.airbnb.com/rooms/49077183,49077183
https://www.airbnb.com/rooms/49077607,49077607
https://www.airbnb.com/rooms/49095707,49095707
https://www.airbnb.com/rooms/11159013,11159013
https://www.airbnb.com/rooms/1167516451306899782,1167516451306899782
https://www.airbnb.com/rooms/1350287306257458701,1350287306257458701
https://www.airbnb.com/rooms/1482785207969254719,1482785207969254719
https://www.airbnb.com/rooms/15189035,15189035
https://www.airbnb.com/rooms/584565866769759337,584565866769759337
https://www.airbnb.com/rooms/6227141,6227141
https://www.airbnb.com/rooms/949125150182888243,949125150182888243
https://www.airbnb.com/rooms/1172014748319949532,1172014748319949532
https://www.airbnb.com/rooms/1503971665279904290,1503971665279904290
https://www.airbnb.com/rooms/1618203923604832115,1618203923604832115
https://www.airbnb.com/rooms/1756624447097029383,1756624447097029383
https://www.airbnb.com/rooms/38754490,38754490
https://www.airbnb.com/rooms/52549700,52549700
https://www.airbnb.com/rooms/554287538101690706,554287538101690706
https://www.airbnb.com/rooms/620061561837642850,620061561837642850
https://www.airbnb.com/rooms/769662409666348431,769662409666348431
https://www.airbnb.com/rooms/948462411712065503,948462411712065503
https://www.airbnb.com/rooms/1379187841167350857,1379187841167350857
https://www.airbnb.com/rooms/21320589,21320589
https://www.airbnb.com/rooms/33561647,33561647
https://www.airbnb.com/rooms/43207163,43207163
https://www.airbnb.com/rooms/45773513,45773513
https://www.airbnb.com/rooms/48700968,48700968
https://www.airbnb.com/rooms/49876691,49876691
https://www.airbnb.com/rooms/51167265,51167265
https://www.airbnb.com/rooms/51848351,51848351
https://www.airbnb.com/rooms/52494762,52494762
https://www.airbnb.com/rooms/643381710459914257,643381710459914257
https://www.airbnb.com/rooms/657267892847313823,657267892847313823
https://www.airbnb.com/rooms/658069865154702278,658069865154702278
https://www.airbnb.com/rooms/765248165906785682,765248165906785682
https://www.airbnb.com/rooms/783398511113201777,783398511113201777
https://www.airbnb.com/rooms/864321793163044587,864321793163044587
https://www.airbnb.com/rooms/919500245508706720,919500245508706720
https://www.airbnb.com/rooms/1034181989703590652,1034181989703590652
https://www.airbnb.com/rooms/21878160,21878160
https://www.airbnb.com/rooms/30536057,30536057
https://www.airbnb.com/rooms/826249325549324525,826249325549324525
https://www.airbnb.com/rooms/1137729051249815608,1137729051249815608
https://www.airbnb.com/rooms/1380716483375536549,1380716483375536549
https://www.airbnb.com/rooms/1645852593242196034,1645852593242196034
https://www.airbnb.com/rooms/1666001197531845310,1666001197531845310
https://www.airbnb.com/rooms/46051168,46051168
https://www.airbnb.com/rooms/1455856728085617776,1455856728085617776
https://www.airbnb.com/rooms/1568166600059903154,1568166600059903154
https://www.airbnb.com/rooms/1642942961437779415,1642942961437779415
https://www.airbnb.com/rooms/1650909645330656976,1650909645330656976
https://www.airbnb.com/rooms/1691449387812783884,1691449387812783884
https://www.airbnb.com/rooms/1762377315595186374,1762377315595186374
https://www.airbnb.com/rooms/1774886317241867303,1774886317241867303
https://www.airbnb.com/rooms/28930638,28930638
https://www.airbnb.com/rooms/48905636,48905636
https://www.airbnb.com/rooms/855916219940974827,855916219940974827
https://www.airbnb.com/rooms/940005260983321587,940005260983321587
https://www.airbnb.com/rooms/947873234862420556,947873234862420556
https://www.airbnb.com/rooms/1052077095748908179,1052077095748908179
https://www.airbnb.com/rooms/1100741219656452273,1100741219656452273
https://www.airbnb.com/rooms/1161783385679689996,1161783385679689996
https://www.airbnb.com/rooms/1227487491861736223,1227487491861736223
https://www.airbnb.com/rooms/1522847666436360347,1522847666436360347
https://www.airbnb.com/rooms/1587822293339103047,1587822293339103047
https://www.airbnb.com/rooms/1646214489128497669,1646214489128497669
https://www.airbnb.com/rooms/1659656408659811413,1659656408659811413
https://www.airbnb.com/rooms/1671322486199850151,1671322486199850151
https://www.airbnb.com/rooms/1690888867192453666,1690888867192453666
https://www.airbnb.com/rooms/1729795281667715715,1729795281667715715
https://www.airbnb.com/rooms/1168039298973863758,1168039298973863758
https://www.airbnb.com/rooms/1176381550797827291,1176381550797827291
https://www.airbnb.com/rooms/1192126925288851434,1192126925288851434
https://www.airbnb.com/rooms/1192907007325729988,1192907007325729988
https://www.airbnb.com/rooms/1285619637000763597,1285619637000763597
https://www.airbnb.com/rooms/1324947519212067996,1324947519212067996
https://www.airbnb.com/rooms/1352445906827500552,1352445906827500552
https://www.airbnb.com/rooms/1406029949527246061,1406029949527246061
https://www.airbnb.com/rooms/1600163638369271769,1600163638369271769
https://www.airbnb.com/rooms/50645987,50645987
https://www.airbnb.com/rooms/1103100044666850280,1103100044666850280
https://www.airbnb.com/rooms/1126899922333951015,1126899922333951015
https://www.airbnb.com/rooms/1360478645147288690,1360478645147288690
https://www.airbnb.com/rooms/1421867488825385068,1421867488825385068
https://www.airbnb.com/rooms/1525577093980013617,1525577093980013617
https://www.airbnb.com/rooms/50644744,50644744
https://www.airbnb.com/rooms/853116898528960209,853116898528960209
https://www.airbnb.com/rooms/1254515423337807358,1254515423337807358
https://www.airbnb.com/rooms/1547409407721673926,1547409407721673926
https://www.airbnb.com/rooms/1607463556844449461,1607463556844449461
https://www.airbnb.com/rooms/1651548862435787106,1651548862435787106
https://www.airbnb.com/rooms/1665992634147888222,1665992634147888222
https://www.airbnb.com/rooms/1707436268458238013,1707436268458238013
https://www.airbnb.com/rooms/1715337809850173613,1715337809850173613
https://www.airbnb.com/rooms/1750289289636392635,1750289289636392635
https://www.airbnb.com/rooms/1759595035870294058,1759595035870294058
https://www.airbnb.com/rooms/1343518728743245102,1343518728743245102
https://www.airbnb.com/rooms/1366181769488276269,1366181769488276269
https://www.airbnb.com/rooms/1525594431362199366,1525594431362199366
https://www.airbnb.com/rooms/1554610334624931817,1554610334624931817
https://www.airbnb.com/rooms/1653081072993474104,1653081072993474104
https://www.airbnb.com/rooms/1695759247856147188,1695759247856147188
https://www.airbnb.com/rooms/1695917335188501150,1695917335188501150
https://www.airbnb.com/rooms/1718144624642277968,1718144624642277968
https://www.airbnb.com/rooms/1719072401224937625,1719072401224937625
https://www.airbnb.com/rooms/1158124102812653675,1158124102812653675
https://www.airbnb.com/rooms/1525584889777140730,1525584889777140730
https://www.airbnb.com/rooms/1558706962118693003,1558706962118693003
https://www.airbnb.com/rooms/1600239137531307763,1600239137531307763
https://www.airbnb.com/rooms/1652973126315067649,1652973126315067649
https://www.airbnb.com/rooms/1676926758952397544,1676926758952397544
https://www.airbnb.com/rooms/42046869,42046869
https://www.airbnb.com/rooms/51451549,51451549
https://www.airbnb.com/rooms/897192538976804518,897192538976804518
https://www.airbnb.com/rooms/1045208829589375316,1045208829589375316
https://www.airbnb.com/rooms/1050055680481243672,1050055680481243672
https://www.airbnb.com/rooms/1082714443371015653,1082714443371015653
https://www.airbnb.com/rooms/1132569915427122068,1132569915427122068
https://www.airbnb.com/rooms/1158008954533070705,1158008954533070705
https://www.airbnb.com/rooms/1395781773183691384,1395781773183691384
https://www.airbnb.com/rooms/1481115840750965912,1481115840750965912
https://www.airbnb.com/rooms/1550294692580341163,1550294692580341163
https://www.airbnb.com/rooms/1704641616654837035,1704641616654837035
https://www.airbnb.com/rooms/1716762436167340421,1716762436167340421
https://www.airbnb.com/rooms/1750300876088760252,1750300876088760252
https://www.airbnb.com/rooms/45943394,45943394
https://www.airbnb.com/rooms/618903745001051030,618903745001051030
https://www.airbnb.com/rooms/1069027069806105688,1069027069806105688
https://www.airbnb.com/rooms/1113181181285270863,1113181181285270863
https://www.airbnb.com/rooms/1132549061938747286,1132549061938747286
https://www.airbnb.com/rooms/1236322705384646393,1236322705384646393
https://www.airbnb.com/rooms/1236330630712057744,1236330630712057744
https://www.airbnb.com/rooms/1390255654947352512,1390255654947352512
https://www.airbnb.com/rooms/1463200144204502992,1463200144204502992
https://www.airbnb.com/rooms/1538036539489147062,1538036539489147062
https://www.airbnb.com/rooms/1550294522611546808,1550294522611546808
https://www.airbnb.com/rooms/1550294560638525854,1550294560638525854
https://www.airbnb.com/rooms/1592445119544065551,1592445119544065551
https://www.airbnb.com/rooms/1613954876136691121,1613954876136691121
https://www.airbnb.com/rooms/1619037967032792006,1619037967032792006
https://www.airbnb.com/rooms/1628329544651162071,1628329544651162071
https://www.airbnb.com/rooms/854450729690359754,854450729690359754
https://www.airbnb.com/rooms/1177518545013904687,1177518545013904687
https://www.airbnb.com/rooms/1303773271197907312,1303773271197907312
https://www.airbnb.com/rooms/1308806397568437581,1308806397568437581
https://www.airbnb.com/rooms/1374666832011128384,1374666832011128384
https://www.airbnb.com/rooms/1426392094913501858,1426392094913501858
https://www.airbnb.com/rooms/1654499449542241048,1654499449542241048
https://www.airbnb.com/rooms/884119246018480768,884119246018480768
https://www.airbnb.com/rooms/10411052,10411052
https://www.airbnb.com/rooms/676764467500240383,676764467500240383
https://www.airbnb.com/rooms/849269160010350864,849269160010350864
https://www.airbnb.com/rooms/882761790777958547,882761790777958547
https://www.airbnb.com/rooms/968814010877014403,968814010877014403
https://www.airbnb.com/rooms/1052124489841818202,1052124489841818202
https://www.airbnb.com/rooms/1095037966778571044,1095037966778571044
https://www.airbnb.com/rooms/1249513639046123017,1249513639046123017
https://www.airbnb.com/rooms/13044705,13044705
https://www.airbnb.com/rooms/14451137,14451137
https://www.airbnb.com/rooms/1507312636291547356,1507312636291547356
https://www.airbnb.com/rooms/1513765088426174754,1513765088426174754
https://www.airbnb.com/rooms/1679855420716744567,1679855420716744567
https://www.airbnb.com/rooms/1680694757172045900,1680694757172045900
https://www.airbnb.com/rooms/17016355,17016355
https://www.airbnb.com/rooms/1729919309688062631,1729919309688062631
https://www.airbnb.com/rooms/30317287,30317287
https://www.airbnb.com/rooms/719013406773680283,719013406773680283
https://www.airbnb.com/rooms/726974225582420818,726974225582420818
https://www.airbnb.com/rooms/729786523259277353,729786523259277353
https://www.airbnb.com/rooms/1242976420995158685,1242976420995158685
https://www.airbnb.com/rooms/1336380215333117742,1336380215333117742
https://www.airbnb.com/rooms/1343583841407008783,1343583841407008783
https://www.airbnb.com/rooms/1603083444254507342,1603083444254507342
https://www.airbnb.com/rooms/1668357000228974104,1668357000228974104
https://www.airbnb.com/rooms/1741580121339646571,1741580121339646571
https://www.airbnb.com/rooms/1756958961635555555,1756958961635555555
https://www.airbnb.com/rooms/30733432,30733432
https://www.airbnb.com/rooms/44390858,44390858
https://www.airbnb.com/rooms/557365514470522959,557365514470522959
https://www.airbnb.com/rooms/580706546401103757,580706546401103757
https://www.airbnb.com/rooms/594629213859837624,594629213859837624
https://www.airbnb.com/rooms/610164155811801435,610164155811801435
https://www.airbnb.com/rooms/676783916278069224,676783916278069224
https://www.airbnb.com/rooms/770943723756158051,770943723756158051
https://www.airbnb.com/rooms/859331158603384093,859331158603384093
https://www.airbnb.com/rooms/1052149206516339824,1052149206516339824
https://www.airbnb.com/rooms/11358238,11358238
https://www.airbnb.com/rooms/1237585457379773722,1237585457379773722
https://www.airbnb.com/rooms/1347039203035994446,1347039203035994446
https://www.airbnb.com/rooms/1451804341323443474,1451804341323443474
https://www.airbnb.com/rooms/1573271383520577607,1573271383520577607
https://www.airbnb.com/rooms/1756919721402332424,1756919721402332424
https://www.airbnb.com/rooms/24419377,24419377
https://www.airbnb.com/rooms/40230432,40230432
https://www.airbnb.com/rooms/44390771,44390771
https://www.airbnb.com/rooms/50118568,50118568
https://www.airbnb.com/rooms/610077025200442937,610077025200442937
https://www.airbnb.com/rooms/662257749056130274,662257749056130274
https://www.airbnb.com/rooms/676769348495478107,676769348495478107
https://www.airbnb.com/rooms/801385375831558484,801385375831558484
https://www.airbnb.com/rooms/821802831374467498,821802831374467498
https://www.airbnb.com/rooms/826357093764710865,826357093764710865
https://www.airbnb.com/rooms/1198715474078845546,1198715474078845546
https://www.airbnb.com/rooms/1455136918998240689,1455136918998240689
https://www.airbnb.com/rooms/1760220312836187887,1760220312836187887
https://www.airbnb.com/rooms/1761227165885307226,1761227165885307226
https://www.airbnb.com/rooms/20441773,20441773
https://www.airbnb.com/rooms/24428600,24428600
https://www.airbnb.com/rooms/31337234,31337234
https://www.airbnb.com/rooms/39885868,39885868
https://www.airbnb.com/rooms/44336389,44336389
https://www.airbnb.com/rooms/44388642,44388642
https://www.airbnb.com/rooms/45399105,45399105
https://www.airbnb.com/rooms/53380562,53380562
https://www.airbnb.com/rooms/550700482914212418,550700482914212418
https://www.airbnb.com/rooms/551358789563715154,551358789563715154
https://www.airbnb.com/rooms/676751370861910628,676751370861910628
https://www.airbnb.com/rooms/676758023743436065,676758023743436065
https://www.airbnb.com/rooms/676761625471931211,676761625471931211
https://www.airbnb.com/rooms/1344283807554081467,1344283807554081467
https://www.airbnb.com/rooms/1504294016856611797,1504294016856611797
https://www.airbnb.com/rooms/1694360823412791899,1694360823412791899
https://www.airbnb.com/rooms/1741560541712670606,1741560541712670606
https://www.airbnb.com/rooms/1756771807654549420,1756771807654549420
https://www.airbnb.com/rooms/1761127037329169100,1761127037329169100
https://www.airbnb.com/rooms/1761183229080698280,1761183229080698280
https://www.airbnb.com/rooms/1761309093751943557,1761309093751943557
https://www.airbnb.com/rooms/1761334905456230033,1761334905456230033
https://www.airbnb.com/rooms/40834246,40834246
https://www.airbnb.com/rooms/562965335695465666,562965335695465666
https://www.airbnb.com/rooms/614297282797587947,614297282797587947
https://www.airbnb.com/rooms/676778922240460727,676778922240460727
https://www.airbnb.com/rooms/779731207538522931,779731207538522931
https://www.airbnb.com/rooms/800589396247082115,800589396247082115
https://www.airbnb.com/rooms/954336872697682126,954336872697682126
https://www.airbnb.com/rooms/1025583813828432149,1025583813828432149
https://www.airbnb.com/rooms/1278971010007902620,1278971010007902620
https://www.airbnb.com/rooms/14696060,14696060
https://www.airbnb.com/rooms/1501531581128411597,1501531581128411597
https://www.airbnb.com/rooms/1650165500006566499,1650165500006566499
https://www.airbnb.com/rooms/1663814468006309351,1663814468006309351
https://www.airbnb.com/rooms/1664072200922432672,1664072200922432672
https://www.airbnb.com/rooms/1709575913193448172,1709575913193448172
https://www.airbnb.com/rooms/1761273382411069057,1761273382411069057
https://www.airbnb.com/rooms/1761845696573868354,1761845696573868354
https://www.airbnb.com/rooms/37001354,37001354
https://www.airbnb.com/rooms/44378841,44378841
https://www.airbnb.com/rooms/44390779,44390779
https://www.airbnb.com/rooms/592903274631892529,592903274631892529
https://www.airbnb.com/rooms/701415862748390513,701415862748390513
https://www.airbnb.com/rooms/731878113767729415,731878113767729415
https://www.airbnb.com/rooms/755327295632935938,755327295632935938
https://www.airbnb.com/rooms/763897231334997833,763897231334997833
https://www.airbnb.com/rooms/1072555339751189924,1072555339751189924
https://www.airbnb.com/rooms/1194875838545343377,1194875838545343377
https://www.airbnb.com/rooms/1315466068122686876,1315466068122686876
https://www.airbnb.com/rooms/1388449609701023049,1388449609701023049
https://www.airbnb.com/rooms/1471704518647579930,1471704518647579930
https://www.airbnb.com/rooms/1497306237436819626,1497306237436819626
https://www.airbnb.com/rooms/1676261123490018247,1676261123490018247
https://www.airbnb.com/rooms/1756822849941697781,1756822849941697781
https://www.airbnb.com/rooms/1761871565328964148,1761871565328964148
https://www.airbnb.com/rooms/39551424,39551424
https://www.airbnb.com/rooms/53080637,53080637
https://www.airbnb.com/rooms/659962738532570017,659962738532570017
https://www.airbnb.com/rooms/850762256963581026,850762256963581026
https://www.airbnb.com/rooms/850786306600753778,850786306600753778
https://www.airbnb.com/rooms/8690505,8690505
https://www.airbnb.com/rooms/986307119302904808,986307119302904808
https://www.airbnb.com/rooms/999348496708472700,999348496708472700
https://www.airbnb.com/rooms/1026858983475229148,1026858983475229148
https://www.airbnb.com/rooms/1287907991844783601,1287907991844783601
https://www.airbnb.com/rooms/1310163891633476788,1310163891633476788
https://www.airbnb.com/rooms/1324094939719068778,1324094939719068778
https://www.airbnb.com/rooms/1341498114106296786,1341498114106296786
https://www.airbnb.com/rooms/1382087608726755118,1382087608726755118
https://www.airbnb.com/rooms/14503480,14503480
https://www.airbnb.com/rooms/1470513093138391959,1470513093138391959
https://www.airbnb.com/rooms/1623437243589623494,1623437243589623494
https://www.airbnb.com/rooms/16295563,16295563
https://www.airbnb.com/rooms/1633392116478162980,1633392116478162980
https://www.airbnb.com/rooms/1675324773529528156,1675324773529528156
https://www.airbnb.com/rooms/19451277,19451277
https://www.airbnb.com/rooms/49775860,49775860
https://www.airbnb.com/rooms/624571782236204475,624571782236204475
https://www.airbnb.com/rooms/862264855381074422,862264855381074422
https://www.airbnb.com/rooms/1046475593517815632,1046475593517815632
https://www.airbnb.com/rooms/1050900645294853786,1050900645294853786
https://www.airbnb.com/rooms/1052256519581625406,1052256519581625406
https://www.airbnb.com/rooms/1077939869881251307,1077939869881251307
https://www.airbnb.com/rooms/1181741343724986232,1181741343724986232
https://www.airbnb.com/rooms/1466841460148992319,1466841460148992319
https://www.airbnb.com/rooms/1472640478825296863,1472640478825296863
https://www.airbnb.com/rooms/1490641754963363963,1490641754963363963
https://www.airbnb.com/rooms/1501568774148978760,1501568774148978760
https://www.airbnb.com/rooms/1586510663813086808,1586510663813086808
https://www.airbnb.com/rooms/16641071,16641071
https://www.airbnb.com/rooms/1687899733612597428,1687899733612597428
https://www.airbnb.com/rooms/28384893,28384893
https://www.airbnb.com/rooms/43957533,43957533
https://www.airbnb.com/rooms/589268300680555503,589268300680555503
https://www.airbnb.com/rooms/671537505374750275,671537505374750275
https://www.airbnb.com/rooms/1216248195481861092,1216248195481861092
https://www.airbnb.com/rooms/1480438239092820073,1480438239092820073
https://www.airbnb.com/rooms/1492027416959113714,1492027416959113714
https://www.airbnb.com/rooms/1526488587279211296,1526488587279211296
https://www.airbnb.com/rooms/1574141993163145705,1574141993163145705
https://www.airbnb.com/rooms/1729284714022774576,1729284714022774576
https://www.airbnb.com/rooms/1745236138022025705,1745236138022025705
https://www.airbnb.com/rooms/1769955209030224825,1769955209030224825
https://www.airbnb.com/rooms/1769962786353095372,1769962786353095372
https://www.airbnb.com/rooms/1772607055990322302,1772607055990322302
https://www.airbnb.com/rooms/1772726213912034419,1772726213912034419
https://www.airbnb.com/rooms/44390823,44390823
https://www.airbnb.com/rooms/44390835,44390835
https://www.airbnb.com/rooms/54002375,54002375
https://www.airbnb.com/rooms/6975795,6975795
https://www.airbnb.com/rooms/749243966603655628,749243966603655628
https://www.airbnb.com/rooms/751794421821809038,751794421821809038
https://www.airbnb.com/rooms/1024730982697522642,1024730982697522642
https://www.airbnb.com/rooms/1309549004720925309,1309549004720925309
https://www.airbnb.com/rooms/1387251998388540755,1387251998388540755
https://www.airbnb.com/rooms/1478470558922689049,1478470558922689049
https://www.airbnb.com/rooms/1478470769352537343,1478470769352537343
https://www.airbnb.com/rooms/1497305699450785594,1497305699450785594
https://www.airbnb.com/rooms/16237658,16237658
https://www.airbnb.com/rooms/1639156121629743213,1639156121629743213
https://www.airbnb.com/rooms/1751749887166432072,1751749887166432072
https://www.airbnb.com/rooms/781245128384671207,781245128384671207
https://www.airbnb.com/rooms/934348636080399380,934348636080399380
https://www.airbnb.com/rooms/41033344,41033344
https://www.airbnb.com/rooms/16284438,16284438
https://www.airbnb.com/rooms/52030728,52030728
https://www.airbnb.com/rooms/786905071453639782,786905071453639782
https://www.airbnb.com/rooms/30914945,30914945
https://www.airbnb.com/rooms/1116852569100513553,1116852569100513553
https://www.airbnb.com/rooms/14852812,14852812
https://www.airbnb.com/rooms/15236386,15236386
https://www.airbnb.com/rooms/1766732237183612996,1766732237183612996
https://www.airbnb.com/rooms/51224235,51224235
https://www.airbnb.com/rooms/54006529,54006529
https://www.airbnb.com/rooms/1217439365030851283,1217439365030851283
https://www.airbnb.com/rooms/1229120459097997224,1229120459097997224
https://www.airbnb.com/rooms/1345793954548381577,1345793954548381577
https://www.airbnb.com/rooms/1348733702707262053,1348733702707262053
https://www.airbnb.com/rooms/17669492,17669492
https://www.airbnb.com/rooms/38362052,38362052
https://www.airbnb.com/rooms/51596952,51596952
https://www.airbnb.com/rooms/599204088049567324,599204088049567324
https://www.airbnb.com/rooms/709379191698511248,709379191698511248
https://www.airbnb.com/rooms/1344979269502185354,1344979269502185354
https://www.airbnb.com/rooms/1345856522290252659,1345856522290252659
https://www.airbnb.com/rooms/1345869918665557868,1345869918665557868
https://www.airbnb.com/rooms/15113339,15113339
https://www.airbnb.com/rooms/51411922,51411922
https://www.airbnb.com/rooms/51560623,51560623
https://www.airbnb.com/rooms/51596513,51596513
https://www.airbnb.com/rooms/52630185,52630185
https://www.airbnb.com/rooms/53460713,53460713
https://www.airbnb.com/rooms/8086958,8086958
https://www.airbnb.com/rooms/1050133504814015930,1050133504814015930
https://www.airbnb.com/rooms/1314153147917441650,1314153147917441650
https://www.airbnb.com/rooms/1346453914097875468,1346453914097875468
https://www.airbnb.com/rooms/26848775,26848775
https://www.airbnb.com/rooms/42852048,42852048
https://www.airbnb.com/rooms/51065703,51065703
https://www.airbnb.com/rooms/51990611,51990611
https://www.airbnb.com/rooms/52552602,52552602
https://www.airbnb.com/rooms/52627655,52627655
https://www.airbnb.com/rooms/52631751,52631751
https://www.airbnb.com/rooms/573666703735189040,573666703735189040
https://www.airbnb.com/rooms/724565372597809490,724565372597809490
https://www.airbnb.com/rooms/836850802312825285,836850802312825285
https://www.airbnb.com/rooms/1094913466792051355,1094913466792051355
https://www.airbnb.com/rooms/22389581,22389581
https://www.airbnb.com/rooms/28513586,28513586
https://www.airbnb.com/rooms/28809401,28809401
https://www.airbnb.com/rooms/52002701,52002701
https://www.airbnb.com/rooms/52806633,52806633
https://www.airbnb.com/rooms/52903327,52903327
https://www.airbnb.com/rooms/559384828140662678,559384828140662678
https://www.airbnb.com/rooms/1350912593769614034,1350912593769614034
https://www.airbnb.com/rooms/1390954368164371411,1390954368164371411
https://www.airbnb.com/rooms/3760928,3760928
https://www.airbnb.com/rooms/48398038,48398038
https://www.airbnb.com/rooms/48425039,48425039
https://www.airbnb.com/rooms/49076589,49076589
https://www.airbnb.com/rooms/49095057,49095057
https://www.airbnb.com/rooms/48424785,48424785
https://www.airbnb.com/rooms/49076191,49076191
https://www.airbnb.com/rooms/49076908,49076908
https://www.airbnb.com/rooms/49077755,49077755
https://www.airbnb.com/rooms/49095452,49095452
https://www.airbnb.com/rooms/49095580,49095580
https://www.airbnb.com/rooms/49095632,49095632
https://www.airbnb.com/rooms/49095792,49095792
https://www.airbnb.com/rooms/1028997887663466929,1028997887663466929
https://www.airbnb.com/rooms/1594459171661100324,1594459171661100324
https://www.airbnb.com/rooms/1716187583372991389,1716187583372991389
https://www.airbnb.com/rooms/33559118,33559118
https://www.airbnb.com/rooms/431258,431258
https://www.airbnb.com/rooms/49617841,49617841
https://www.airbnb.com/rooms/681326552949366039,681326552949366039
https://www.airbnb.com/rooms/1105062660849703261,1105062660849703261
https://www.airbnb.com/rooms/1186893002845100135,1186893002845100135
https://www.airbnb.com/rooms/1492691064934513645,1492691064934513645
https://www.airbnb.com/rooms/1613468262161318998,1613468262161318998
https://www.airbnb.com/rooms/1624657855790587185,1624657855790587185
https://www.airbnb.com/rooms/1648147138426974885,1648147138426974885
https://www.airbnb.com/rooms/1772448651394173636,1772448651394173636
https://www.airbnb.com/rooms/6561061,6561061
https://www.airbnb.com/rooms/670370634100352652,670370634100352652
https://www.airbnb.com/rooms/1278218168287548617,1278218168287548617
https://www.airbnb.com/rooms/1294326530749609881,1294326530749609881
https://www.airbnb.com/rooms/1396471683283402887,1396471683283402887
https://www.airbnb.com/rooms/1533496763353817583,1533496763353817583
https://www.airbnb.com/rooms/1537163339888253205,1537163339888253205
https://www.airbnb.com/rooms/1562377266606737797,1562377266606737797
https://www.airbnb.com/rooms/1590828556032883982,1590828556032883982
https://www.airbnb.com/rooms/24826044,24826044
https://www.airbnb.com/rooms/26156161,26156161
https://www.airbnb.com/rooms/49676684,49676684
https://www.airbnb.com/rooms/619738346080526668,619738346080526668
https://www.airbnb.com/rooms/641323368096916217,641323368096916217
https://www.airbnb.com/rooms/670368415035855398,670368415035855398
https://www.airbnb.com/rooms/670370584688591433,670370584688591433
https://www.airbnb.com/rooms/681325987718530500,681325987718530500
https://www.airbnb.com/rooms/1002470791341908180,1002470791341908180
https://www.airbnb.com/rooms/1125602217328392808,1125602217328392808
https://www.airbnb.com/rooms/1361019732943670452,1361019732943670452
https://www.airbnb.com/rooms/1405290941968925810,1405290941968925810
https://www.airbnb.com/rooms/1503771396254281016,1503771396254281016
https://www.airbnb.com/rooms/1668247295017996688,1668247295017996688
https://www.airbnb.com/rooms/50363572,50363572
https://www.airbnb.com/rooms/644332760407240540,644332760407240540
https://www.airbnb.com/rooms/6645502,6645502
https://www.airbnb.com/rooms/670370864511184967,670370864511184967
https://www.airbnb.com/rooms/670370896177239520,670370896177239520
https://www.airbnb.com/rooms/670371057721511868,670371057721511868
https://www.airbnb.com/rooms/1079824924749503196,1079824924749503196
https://www.airbnb.com/rooms/1241569646069010278,1241569646069010278
https://www.airbnb.com/rooms/1331295536247973416,1331295536247973416
https://www.airbnb.com/rooms/1448545585236063916,1448545585236063916
https://www.airbnb.com/rooms/1456677725526679005,1456677725526679005
https://www.airbnb.com/rooms/15020186,15020186
https://www.airbnb.com/rooms/1627774101185874245,1627774101185874245
https://www.airbnb.com/rooms/1648169473416210288,1648169473416210288
https://www.airbnb.com/rooms/20419190,20419190
https://www.airbnb.com/rooms/48808946,48808946
https://www.airbnb.com/rooms/875589596953671337,875589596953671337
https://www.airbnb.com/rooms/893727835423287381,893727835423287381
https://www.airbnb.com/rooms/1583004488350344182,1583004488350344182
https://www.airbnb.com/rooms/1587857301024125576,1587857301024125576
https://www.airbnb.com/rooms/1613255258307402402,1613255258307402402
https://www.airbnb.com/rooms/1648144461020422152,1648144461020422152
https://www.airbnb.com/rooms/1648167474401900009,1648167474401900009
https://www.airbnb.com/rooms/26659476,26659476
https://www.airbnb.com/rooms/29210307,29210307
https://www.airbnb.com/rooms/545895183169535984,545895183169535984
https://www.airbnb.com/rooms/711598510231682129,711598510231682129
https://www.airbnb.com/rooms/711660433732309724,711660433732309724
https://www.airbnb.com/rooms/909295950372400823,909295950372400823
https://www.airbnb.com/rooms/934154058355227007,934154058355227007
https://www.airbnb.com/rooms/1506089706873691128,1506089706873691128
https://www.airbnb.com/rooms/1541314618683146738,1541314618683146738
https://www.airbnb.com/rooms/1578593567916462265,1578593567916462265
https://www.airbnb.com/rooms/1578677584866710062,1578677584866710062
https://www.airbnb.com/rooms/1592113496010379427,1592113496010379427
https://www.airbnb.com/rooms/1648214950623322926,1648214950623322926
https://www.airbnb.com/rooms/48885026,48885026
https://www.airbnb.com/rooms/49339599,49339599
https://www.airbnb.com/rooms/643409517686852696,643409517686852696
https://www.airbnb.com/rooms/981230442466295437,981230442466295437
https://www.airbnb.com/rooms/1231288839861955136,1231288839861955136
https://www.airbnb.com/rooms/1411594380165410279,1411594380165410279
https://www.airbnb.com/rooms/1468142215600740372,1468142215600740372
https://www.airbnb.com/rooms/1478214298337566568,1478214298337566568
https://www.airbnb.com/rooms/43768185,43768185
https://www.airbnb.com/rooms/47856622,47856622
https://www.airbnb.com/rooms/559607723400381363,559607723400381363
https://www.airbnb.com/rooms/694742990362855934,694742990362855934
https://www.airbnb.com/rooms/920252564580113800,920252564580113800
https://www.airbnb.com/rooms/1740783731099297278,1740783731099297278
https://www.airbnb.com/rooms/17572874,17572874
https://www.airbnb.com/rooms/28148865,28148865
https://www.airbnb.com/rooms/31765360,31765360
https://www.airbnb.com/rooms/421290,421290
https://www.airbnb.com/rooms/46087716,46087716
https://www.airbnb.com/rooms/1293679719178544232,1293679719178544232
https://www.airbnb.com/rooms/1412621501760047815,1412621501760047815
https://www.airbnb.com/rooms/1468226001593058919,1468226001593058919
https://www.airbnb.com/rooms/1528988185022668529,1528988185022668529
https://www.airbnb.com/rooms/1550764,1550764
https://www.airbnb.com/rooms/1648705815303662503,1648705815303662503
https://www.airbnb.com/rooms/1729888747048323266,1729888747048323266
https://www.airbnb.com/rooms/1732793058048764665,1732793058048764665
https://www.airbnb.com/rooms/1732810450634077324,1732810450634077324
https://www.airbnb.com/rooms/1740039078007875049,1740039078007875049
https://www.airbnb.com/rooms/1740777101793723183,1740777101793723183
https://www.airbnb.com/rooms/4354794,4354794
https://www.airbnb.com/rooms/587158401761219683,587158401761219683
https://www.airbnb.com/rooms/902873501430058807,902873501430058807
https://www.airbnb.com/rooms/976016244278497211,976016244278497211
https://www.airbnb.com/rooms/11562188,11562188
https://www.airbnb.com/rooms/1265554654167059579,1265554654167059579
https://www.airbnb.com/rooms/1293047720545303695,1293047720545303695
https://www.airbnb.com/rooms/1293553408964174246,1293553408964174246
https://www.airbnb.com/rooms/1293616233756272898,1293616233756272898
https://www.airbnb.com/rooms/1405161060265471456,1405161060265471456
https://www.airbnb.com/rooms/1636964978763730472,1636964978763730472
https://www.airbnb.com/rooms/1718986890245232517,1718986890245232517
https://www.airbnb.com/rooms/1732811952701813115,1732811952701813115
https://www.airbnb.com/rooms/1737875121858946998,1737875121858946998
https://www.airbnb.com/rooms/28847024,28847024
https://www.airbnb.com/rooms/430052,430052
https://www.airbnb.com/rooms/726060893732596027,726060893732596027
https://www.airbnb.com/rooms/1120466972478238479,1120466972478238479
https://www.airbnb.com/rooms/1274141872951561770,1274141872951561770
https://www.airbnb.com/rooms/1405303734033567116,1405303734033567116
https://www.airbnb.com/rooms/1594592746618767404,1594592746618767404
https://www.airbnb.com/rooms/1705974178087253990,1705974178087253990
https://www.airbnb.com/rooms/1720537756744201140,1720537756744201140
https://www.airbnb.com/rooms/1737311031535615953,1737311031535615953
https://www.airbnb.com/rooms/1740787495741939392,1740787495741939392
https://www.airbnb.com/rooms/23003276,23003276
https://www.airbnb.com/rooms/3398939,3398939
https://www.airbnb.com/rooms/42310730,42310730
https://www.airbnb.com/rooms/569589677050138138,569589677050138138
https://www.airbnb.com/rooms/997151714054575983,997151714054575983
https://www.airbnb.com/rooms/1058080942001570389,1058080942001570389
https://www.airbnb.com/rooms/1293892137051139059,1293892137051139059
https://www.airbnb.com/rooms/1412638105710512708,1412638105710512708
https://www.airbnb.com/rooms/16320147,16320147
https://www.airbnb.com/rooms/1634394656546183070,1634394656546183070
https://www.airbnb.com/rooms/1640211177349364216,1640211177349364216
https://www.airbnb.com/rooms/1644332877369740313,1644332877369740313
https://www.airbnb.com/rooms/1648141761366525374,1648141761366525374
https://www.airbnb.com/rooms/1670536858739338825,1670536858739338825
https://www.airbnb.com/rooms/1733452910568253817,1733452910568253817
https://www.airbnb.com/rooms/47797384,47797384
https://www.airbnb.com/rooms/49751855,49751855
https://www.airbnb.com/rooms/51117438,51117438
https://www.airbnb.com/rooms/587158906669173983,587158906669173983
https://www.airbnb.com/rooms/632636,632636
https://www.airbnb.com/rooms/732771034186554494,732771034186554494
https://www.airbnb.com/rooms/1599068407234909694,1599068407234909694
https://www.airbnb.com/rooms/1639528592312919203,1639528592312919203
https://www.airbnb.com/rooms/1648210728767345334,1648210728767345334
https://www.airbnb.com/rooms/1694130130067121041,1694130130067121041
https://www.airbnb.com/rooms/1719003866921934806,1719003866921934806
https://www.airbnb.com/rooms/1732830615431909054,1732830615431909054
https://www.airbnb.com/rooms/1735852199667432299,1735852199667432299
https://www.airbnb.com/rooms/1740013287911833497,1740013287911833497
https://www.airbnb.com/rooms/17988132,17988132
https://www.airbnb.com/rooms/28132994,28132994
https://www.airbnb.com/rooms/36523604,36523604
https://www.airbnb.com/rooms/3912357,3912357
https://www.airbnb.com/rooms/48712573,48712573
https://www.airbnb.com/rooms/49074946,49074946
https://www.airbnb.com/rooms/587174082385205490,587174082385205490
https://www.airbnb.com/rooms/755948348238857790,755948348238857790
https://www.airbnb.com/rooms/1412650324851646527,1412650324851646527
https://www.airbnb.com/rooms/1432675097642752291,1432675097642752291
https://www.airbnb.com/rooms/1648219726177037510,1648219726177037510
https://www.airbnb.com/rooms/1648221907082371072,1648221907082371072
https://www.airbnb.com/rooms/1732798364775207685,1732798364775207685
https://www.airbnb.com/rooms/1732865637984291594,1732865637984291594
https://www.airbnb.com/rooms/1737824809850404362,1737824809850404362
https://www.airbnb.com/rooms/1740019233457627536,1740019233457627536
https://www.airbnb.com/rooms/21256452,21256452
https://www.airbnb.com/rooms/3123909,3123909
https://www.airbnb.com/rooms/49073393,49073393
https://www.airbnb.com/rooms/587158173461757231,587158173461757231
https://www.airbnb.com/rooms/6238833,6238833
https://www.airbnb.com/rooms/920973607863092620,920973607863092620
https://www.airbnb.com/rooms/14318833,14318833
https://www.airbnb.com/rooms/1648164695602155297,1648164695602155297
https://www.airbnb.com/rooms/1648172408316089744,1648172408316089744
https://www.airbnb.com/rooms/1705874986288966716,1705874986288966716
https://www.airbnb.com/rooms/1706599168169262067,1706599168169262067
https://www.airbnb.com/rooms/1710264622471061145,1710264622471061145
https://www.airbnb.com/rooms/1732770613048311434,1732770613048311434
https://www.airbnb.com/rooms/1737312681692289469,1737312681692289469
https://www.airbnb.com/rooms/1740005073737593697,1740005073737593697
https://www.airbnb.com/rooms/1740823540994422867,1740823540994422867
https://www.airbnb.com/rooms/36701832,36701832
https://www.airbnb.com/rooms/47582472,47582472
https://www.airbnb.com/rooms/53969196,53969196
https://www.airbnb.com/rooms/587170199756289224,587170199756289224
https://www.airbnb.com/rooms/660080388531675338,660080388531675338
https://www.airbnb.com/rooms/1012345994778055058,1012345994778055058
https://www.airbnb.com/rooms/1326974292296804620,1326974292296804620
https://www.airbnb.com/rooms/1639241867044955300,1639241867044955300
https://www.airbnb.com/rooms/1710263434853249762,1710263434853249762
https://www.airbnb.com/rooms/1710265966687300556,1710265966687300556
https://www.airbnb.com/rooms/1710267309847165579,1710267309847165579
https://www.airbnb.com/rooms/1732828362510534078,1732828362510534078
https://www.airbnb.com/rooms/1735742587464777324,1735742587464777324
https://www.airbnb.com/rooms/1735829336277433141,1735829336277433141
https://www.airbnb.com/rooms/1735907616598423535,1735907616598423535
https://www.airbnb.com/rooms/1737804580167431950,1737804580167431950
https://www.airbnb.com/rooms/587170756938665773,587170756938665773
https://www.airbnb.com/rooms/587172823930276146,587172823930276146
https://www.airbnb.com/rooms/587175383461635672,587175383461635672
https://www.airbnb.com/rooms/1705858403252820681,1705858403252820681
https://www.airbnb.com/rooms/1706652816543225098,1706652816543225098
https://www.airbnb.com/rooms/1710262097225785733,1710262097225785733
https://www.airbnb.com/rooms/1718993987407845624,1718993987407845624
https://www.airbnb.com/rooms/1732812640507177900,1732812640507177900
https://www.airbnb.com/rooms/1733431158321529822,1733431158321529822
https://www.airbnb.com/rooms/1733444440605403500,1733444440605403500
https://www.airbnb.com/rooms/1733453974536569303,1733453974536569303
https://www.airbnb.com/rooms/1733455664314582611,1733455664314582611
https://www.airbnb.com/rooms/1735868302476328590,1735868302476328590
https://www.airbnb.com/rooms/1737131796832591724,1737131796832591724
https://www.airbnb.com/rooms/33454889,33454889
https://www.airbnb.com/rooms/49753337,49753337
https://www.airbnb.com/rooms/587167469744829761,587167469744829761
https://www.airbnb.com/rooms/587170390346385929,587170390346385929
https://www.airbnb.com/rooms/944330377780154206,944330377780154206
https://www.airbnb.com/rooms/1245586427573097042,1245586427573097042
https://www.airbnb.com/rooms/1706618918799104083,1706618918799104083
https://www.airbnb.com/rooms/1706642209475154347,1706642209475154347
https://www.airbnb.com/rooms/1706660109644878543,1706660109644878543
https://www.airbnb.com/rooms/1733076378404496993,1733076378404496993
https://www.airbnb.com/rooms/1733427139663384917,1733427139663384917
https://www.airbnb.com/rooms/1733451821674324792,1733451821674324792
https://www.airbnb.com/rooms/1735882419941416381,1735882419941416381
https://www.airbnb.com/rooms/1735897678581600969,1735897678581600969
https://www.airbnb.com/rooms/23752202,23752202
https://www.airbnb.com/rooms/33523226,33523226
https://www.airbnb.com/rooms/54228687,54228687
https://www.airbnb.com/rooms/587167658727312839,587167658727312839
https://www.airbnb.com/rooms/587167739932600968,587167739932600968
https://www.airbnb.com/rooms/587170588728192379,587170588728192379
https://www.airbnb.com/rooms/587172141616449645,587172141616449645
https://www.airbnb.com/rooms/587175636420574969,587175636420574969
https://www.airbnb.com/rooms/1110960480004757758,1110960480004757758
https://www.airbnb.com/rooms/1110960680658102760,1110960680658102760
https://www.airbnb.com/rooms/1233387536723507193,1233387536723507193
https://www.airbnb.com/rooms/1437888743421181964,1437888743421181964
https://www.airbnb.com/rooms/1615350598696820468,1615350598696820468
https://www.airbnb.com/rooms/1706681019008156917,1706681019008156917
https://www.airbnb.com/rooms/1706689030244341506,1706689030244341506
https://www.airbnb.com/rooms/1706699320439507176,1706699320439507176
https://www.airbnb.com/rooms/1706706287651810799,1706706287651810799
https://www.airbnb.com/rooms/1732816459739443766,1732816459739443766
https://www.airbnb.com/rooms/1732863855306162340,1732863855306162340
https://www.airbnb.com/rooms/1733081966640129810,1733081966640129810
https://www.airbnb.com/rooms/1733411497246857769,1733411497246857769
https://www.airbnb.com/rooms/1733438490127240113,1733438490127240113
https://www.airbnb.com/rooms/587167969606150873,587167969606150873
https://www.airbnb.com/rooms/587168061942014640,587168061942014640
https://www.airbnb.com/rooms/587171394114710390,587171394114710390
https://www.airbnb.com/rooms/1110960410946910578,1110960410946910578
https://www.airbnb.com/rooms/1110960637015882323,1110960637015882323
https://www.airbnb.com/rooms/1523418221388119628,1523418221388119628
https://www.airbnb.com/rooms/1573934561128568987,1573934561128568987
https://www.airbnb.com/rooms/1670308938470063836,1670308938470063836
https://www.airbnb.com/rooms/1705266321940557095,1705266321940557095
https://www.airbnb.com/rooms/1740796434259309772,1740796434259309772
https://www.airbnb.com/rooms/32765613,32765613
https://www.airbnb.com/rooms/38260125,38260125
https://www.airbnb.com/rooms/587157632061682350,587157632061682350
https://www.airbnb.com/rooms/587168243725685894,587168243725685894
https://www.airbnb.com/rooms/627552290933578663,627552290933578663
https://www.airbnb.com/rooms/977587247539554998,977587247539554998
https://www.airbnb.com/rooms/1437643596148903247,1437643596148903247
https://www.airbnb.com/rooms/1485083920017727589,1485083920017727589
https://www.airbnb.com/rooms/1688059942334956545,1688059942334956545
https://www.airbnb.com/rooms/27611691,27611691
https://www.airbnb.com/rooms/53431819,53431819
https://www.airbnb.com/rooms/7899983,7899983
https://www.airbnb.com/rooms/801523748660870167,801523748660870167
https://www.airbnb.com/rooms/914787,914787
https://www.airbnb.com/rooms/9860359,9860359
https://www.airbnb.com/rooms/1087753816175314464,1087753816175314464
https://www.airbnb.com/rooms/12716356,12716356
https://www.airbnb.com/rooms/1292807057237780161,1292807057237780161
https://www.airbnb.com/rooms/1380578029282126707,1380578029282126707
https://www.airbnb.com/rooms/14711854,14711854
https://www.airbnb.com/rooms/1488057680469565859,1488057680469565859
https://www.airbnb.com/rooms/1741756791088659487,1741756791088659487
https://www.airbnb.com/rooms/1751518698906586550,1751518698906586550
https://www.airbnb.com/rooms/32495864,32495864
https://www.airbnb.com/rooms/49010662,49010662
https://www.airbnb.com/rooms/53364049,53364049
https://www.airbnb.com/rooms/988455915224061182,988455915224061182
https://www.airbnb.com/rooms/1032181574190515043,1032181574190515043
https://www.airbnb.com/rooms/11186757,11186757
https://www.airbnb.com/rooms/12990193,12990193
https://www.airbnb.com/rooms/1467352243019287860,1467352243019287860
https://www.airbnb.com/rooms/15996684,15996684
https://www.airbnb.com/rooms/18935642,18935642
https://www.airbnb.com/rooms/51521263,51521263
https://www.airbnb.com/rooms/53795865,53795865
https://www.airbnb.com/rooms/636963628292672894,636963628292672894
https://www.airbnb.com/rooms/852979272751418385,852979272751418385
https://www.airbnb.com/rooms/866706744642450211,866706744642450211
https://www.airbnb.com/rooms/899249616812876100,899249616812876100
https://www.airbnb.com/rooms/1112363266214485434,1112363266214485434
https://www.airbnb.com/rooms/1209525369312573452,1209525369312573452
https://www.airbnb.com/rooms/1227780236407329533,1227780236407329533
https://www.airbnb.com/rooms/1663419477270056548,1663419477270056548
https://www.airbnb.com/rooms/20896221,20896221
https://www.airbnb.com/rooms/24579448,24579448
https://www.airbnb.com/rooms/43186991,43186991
https://www.airbnb.com/rooms/43752956,43752956
https://www.airbnb.com/rooms/53362259,53362259
https://www.airbnb.com/rooms/53832148,53832148
https://www.airbnb.com/rooms/53967852,53967852
https://www.airbnb.com/rooms/7221835,7221835
https://www.airbnb.com/rooms/15916605,15916605
https://www.airbnb.com/rooms/24242819,24242819
https://www.airbnb.com/rooms/38433720,38433720
https://www.airbnb.com/rooms/4625481,4625481
https://www.airbnb.com/rooms/50166153,50166153
https://www.airbnb.com/rooms/542735754245746099,542735754245746099
https://www.airbnb.com/rooms/547163520540965641,547163520540965641
https://www.airbnb.com/rooms/547187422978205487,547187422978205487
https://www.airbnb.com/rooms/548516773058496574,548516773058496574
https://www.airbnb.com/rooms/613858044257909578,613858044257909578
https://www.airbnb.com/rooms/703710333204555157,703710333204555157
https://www.airbnb.com/rooms/1335149854239348431,1335149854239348431
https://www.airbnb.com/rooms/1502406958020139145,1502406958020139145
https://www.airbnb.com/rooms/29984537,29984537
https://www.airbnb.com/rooms/33706357,33706357
https://www.airbnb.com/rooms/3710914,3710914
https://www.airbnb.com/rooms/42326286,42326286
https://www.airbnb.com/rooms/51214428,51214428
https://www.airbnb.com/rooms/582455105930967308,582455105930967308
https://www.airbnb.com/rooms/763033381102390839,763033381102390839
https://www.airbnb.com/rooms/961525872094182704,961525872094182704
https://www.airbnb.com/rooms/969453712568667463,969453712568667463
https://www.airbnb.com/rooms/11305104,11305104
https://www.airbnb.com/rooms/11387629,11387629
https://www.airbnb.com/rooms/1303793663827790301,1303793663827790301
https://www.airbnb.com/rooms/1308012795502173589,1308012795502173589
https://www.airbnb.com/rooms/1371705771098927740,1371705771098927740
https://www.airbnb.com/rooms/1467799691560929683,1467799691560929683
https://www.airbnb.com/rooms/1634819910956420490,1634819910956420490
https://www.airbnb.com/rooms/1718442349955081157,1718442349955081157
https://www.airbnb.com/rooms/39251479,39251479
https://www.airbnb.com/rooms/44488076,44488076
https://www.airbnb.com/rooms/50619102,50619102
https://www.airbnb.com/rooms/51212272,51212272
https://www.airbnb.com/rooms/52166808,52166808
https://www.airbnb.com/rooms/53276612,53276612
https://www.airbnb.com/rooms/944028502898383287,944028502898383287
https://www.airbnb.com/rooms/1294594330324688023,1294594330324688023
https://www.airbnb.com/rooms/1468994620937438110,1468994620937438110
https://www.airbnb.com/rooms/1760336725981416691,1760336725981416691
https://www.airbnb.com/rooms/1760338293325591979,1760338293325591979
https://www.airbnb.com/rooms/1760339528160373904,1760339528160373904
https://www.airbnb.com/rooms/1771326087438678385,1771326087438678385
https://www.airbnb.com/rooms/1771326796662507961,1771326796662507961
https://www.airbnb.com/rooms/1771327546817516008,1771327546817516008
https://www.airbnb.com/rooms/1771328803315039701,1771328803315039701
https://www.airbnb.com/rooms/33588064,33588064
https://www.airbnb.com/rooms/33801656,33801656
https://www.airbnb.com/rooms/3464176,3464176
https://www.airbnb.com/rooms/41499507,41499507
https://www.airbnb.com/rooms/46065095,46065095
https://www.airbnb.com/rooms/960801695070448077,960801695070448077
https://www.airbnb.com/rooms/52510367,52510367
https://www.airbnb.com/rooms/838290130552263310,838290130552263310
https://www.airbnb.com/rooms/964539677833303466,964539677833303466
https://www.airbnb.com/rooms/1039087592593288601,1039087592593288601
https://www.airbnb.com/rooms/1209650774112005368,1209650774112005368
https://www.airbnb.com/rooms/1397274481902181470,1397274481902181470
https://www.airbnb.com/rooms/1531464683577707010,1531464683577707010
https://www.airbnb.com/rooms/878184138650620920,878184138650620920
https://www.airbnb.com/rooms/948425558240614114,948425558240614114
https://www.airbnb.com/rooms/967327122383635827,967327122383635827
https://www.airbnb.com/rooms/1052927011253735008,1052927011253735008
https://www.airbnb.com/rooms/1542009614502567787,1542009614502567787
https://www.airbnb.com/rooms/1671123638935555959,1671123638935555959
https://www.airbnb.com/rooms/1751067591018917435,1751067591018917435
https://www.airbnb.com/rooms/18773204,18773204
https://www.airbnb.com/rooms/21231154,21231154
https://www.airbnb.com/rooms/40785785,40785785
https://www.airbnb.com/rooms/4491931,4491931
https://www.airbnb.com/rooms/54192201,54192201
https://www.airbnb.com/rooms/769727367095376357,769727367095376357
https://www.airbnb.com/rooms/7799836,7799836
https://www.airbnb.com/rooms/1231221212115753002,1231221212115753002
https://www.airbnb.com/rooms/13124378,13124378
https://www.airbnb.com/rooms/1417661196732477955,1417661196732477955
https://www.airbnb.com/rooms/1460209912063114242,1460209912063114242
https://www.airbnb.com/rooms/1473423513475594267,1473423513475594267
https://www.airbnb.com/rooms/17653675,17653675
https://www.airbnb.com/rooms/29039559,29039559
https://www.airbnb.com/rooms/31742742,31742742
https://www.airbnb.com/rooms/36142220,36142220
https://www.airbnb.com/rooms/5217231,5217231
https://www.airbnb.com/rooms/712995970806811796,712995970806811796
https://www.airbnb.com/rooms/722306305955822880,722306305955822880
https://www.airbnb.com/rooms/8547609,8547609
https://www.airbnb.com/rooms/879210308320403842,879210308320403842
https://www.airbnb.com/rooms/1112319427057258597,1112319427057258597
https://www.airbnb.com/rooms/1245185958965332076,1245185958965332076
https://www.airbnb.com/rooms/1247865679127328482,1247865679127328482
https://www.airbnb.com/rooms/12705971,12705971
https://www.airbnb.com/rooms/1675453244918441830,1675453244918441830
https://www.airbnb.com/rooms/1689256458381469569,1689256458381469569
https://www.airbnb.com/rooms/1757399939472865763,1757399939472865763
https://www.airbnb.com/rooms/18375126,18375126
https://www.airbnb.com/rooms/2261942,2261942
https://www.airbnb.com/rooms/30557872,30557872
https://www.airbnb.com/rooms/44641875,44641875
https://www.airbnb.com/rooms/604425173495162829,604425173495162829
https://www.airbnb.com/rooms/6560581,6560581
https://www.airbnb.com/rooms/731936655781551602,731936655781551602
https://www.airbnb.com/rooms/732566627202117678,732566627202117678
https://www.airbnb.com/rooms/8825862,8825862
https://www.airbnb.com/rooms/1150454772813171210,1150454772813171210
https://www.airbnb.com/rooms/12405348,12405348
https://www.airbnb.com/rooms/1526869362823188350,1526869362823188350
https://www.airbnb.com/rooms/1527508300891485528,1527508300891485528
https://www.airbnb.com/rooms/15413833,15413833
https://www.airbnb.com/rooms/1771771152458485454,1771771152458485454
https://www.airbnb.com/rooms/19562068,19562068
https://www.airbnb.com/rooms/29828980,29828980
https://www.airbnb.com/rooms/31508839,31508839
https://www.airbnb.com/rooms/33972190,33972190
https://www.airbnb.com/rooms/49984711,49984711
https://www.airbnb.com/rooms/50644912,50644912
https://www.airbnb.com/rooms/589943862909906099,589943862909906099
https://www.airbnb.com/rooms/928544194107224725,928544194107224725
https://www.airbnb.com/rooms/991266025063356518,991266025063356518
https://www.airbnb.com/rooms/1143493771963612724,1143493771963612724
https://www.airbnb.com/rooms/1526869469900564109,1526869469900564109
https://www.airbnb.com/rooms/1527496851279104178,1527496851279104178
https://www.airbnb.com/rooms/1527803722843354486,1527803722843354486
https://www.airbnb.com/rooms/1533572289067677050,1533572289067677050
https://www.airbnb.com/rooms/1623439258227472696,1623439258227472696
https://www.airbnb.com/rooms/1628404451443998785,1628404451443998785
https://www.airbnb.com/rooms/22193580,22193580
https://www.airbnb.com/rooms/23880926,23880926
https://www.airbnb.com/rooms/26501188,26501188
https://www.airbnb.com/rooms/37080931,37080931
https://www.airbnb.com/rooms/54014532,54014532
https://www.airbnb.com/rooms/596989272830238105,596989272830238105
https://www.airbnb.com/rooms/1081248411970471303,1081248411970471303
https://www.airbnb.com/rooms/1112319405914568011,1112319405914568011
https://www.airbnb.com/rooms/1118268717869074650,1118268717869074650
https://www.airbnb.com/rooms/1485828725903557350,1485828725903557350
https://www.airbnb.com/rooms/1497959981334005216,1497959981334005216
https://www.airbnb.com/rooms/1526869263431818633,1526869263431818633
https://www.airbnb.com/rooms/1526869610837309815,1526869610837309815
https://www.airbnb.com/rooms/1527021549921825692,1527021549921825692
https://www.airbnb.com/rooms/1536315540725482602,1536315540725482602
https://www.airbnb.com/rooms/1576870726158268795,1576870726158268795
https://www.airbnb.com/rooms/1627674426344903690,1627674426344903690
https://www.airbnb.com/rooms/22752387,22752387
https://www.airbnb.com/rooms/30252586,30252586
https://www.airbnb.com/rooms/839382023286394953,839382023286394953
https://www.airbnb.com/rooms/1245098435332412500,1245098435332412500
https://www.airbnb.com/rooms/1245180914909786824,1245180914909786824
https://www.airbnb.com/rooms/1309659787475749105,1309659787475749105
https://www.airbnb.com/rooms/1346637534044871168,1346637534044871168
https://www.airbnb.com/rooms/1526076395795554492,1526076395795554492
https://www.airbnb.com/rooms/1527811541344256393,1527811541344256393
https://www.airbnb.com/rooms/1536328809490929660,1536328809490929660
https://www.airbnb.com/rooms/1536340418715783236,1536340418715783236
https://www.airbnb.com/rooms/1541521638974477439,1541521638974477439
https://www.airbnb.com/rooms/1587228413249149233,1587228413249149233
https://www.airbnb.com/rooms/1761733670115775208,1761733670115775208
https://www.airbnb.com/rooms/18576895,18576895
https://www.airbnb.com/rooms/33779509,33779509
https://www.airbnb.com/rooms/39058755,39058755
https://www.airbnb.com/rooms/41396145,41396145
https://www.airbnb.com/rooms/915288059856329704,915288059856329704
https://www.airbnb.com/rooms/981063011981347458,981063011981347458
https://www.airbnb.com/rooms/1109739145236836191,1109739145236836191
https://www.airbnb.com/rooms/1112319382980251336,1112319382980251336
https://www.airbnb.com/rooms/1258063327240013722,1258063327240013722
https://www.airbnb.com/rooms/1496390134621672576,1496390134621672576
https://www.airbnb.com/rooms/1533583963139625304,1533583963139625304
https://www.airbnb.com/rooms/1583339,1583339
https://www.airbnb.com/rooms/1583557,1583557
https://www.airbnb.com/rooms/1612410973850410720,1612410973850410720
https://www.airbnb.com/rooms/1623439185132628725,1623439185132628725
https://www.airbnb.com/rooms/1680651288712084185,1680651288712084185
https://www.airbnb.com/rooms/1684337595077065875,1684337595077065875
https://www.airbnb.com/rooms/1728676608929331894,1728676608929331894
https://www.airbnb.com/rooms/28049102,28049102
https://www.airbnb.com/rooms/31492711,31492711
https://www.airbnb.com/rooms/32497760,32497760
https://www.airbnb.com/rooms/915265132966587884,915265132966587884
https://www.airbnb.com/rooms/915277138657141603,915277138657141603
https://www.airbnb.com/rooms/9252931,9252931
https://www.airbnb.com/rooms/1135814939451834724,1135814939451834724
https://www.airbnb.com/rooms/1224901198776622393,1224901198776622393
https://www.airbnb.com/rooms/1245186950319428246,1245186950319428246
https://www.airbnb.com/rooms/1403650633557388318,1403650633557388318
https://www.airbnb.com/rooms/14221473,14221473
https://www.airbnb.com/rooms/1640028508825106922,1640028508825106922
https://www.airbnb.com/rooms/1680651352057163771,1680651352057163771
https://www.airbnb.com/rooms/24491267,24491267
https://www.airbnb.com/rooms/3907104,3907104
https://www.airbnb.com/rooms/554251109696851814,554251109696851814
https://www.airbnb.com/rooms/644259745162878088,644259745162878088
https://www.airbnb.com/rooms/915279080096938509,915279080096938509
https://www.airbnb.com/rooms/9348884,9348884
https://www.airbnb.com/rooms/1224901232017770977,1224901232017770977
https://www.airbnb.com/rooms/1237105367470211732,1237105367470211732
https://www.airbnb.com/rooms/1237105399448840755,1237105399448840755
https://www.airbnb.com/rooms/1346636848926222860,1346636848926222860
https://www.airbnb.com/rooms/1350719340811628464,1350719340811628464
https://www.airbnb.com/rooms/1366936358647214456,1366936358647214456
https://www.airbnb.com/rooms/1417661420522764086,1417661420522764086
https://www.airbnb.com/rooms/1426218376834813096,1426218376834813096
https://www.airbnb.com/rooms/1426218431291331393,1426218431291331393
https://www.airbnb.com/rooms/1705414710811813894,1705414710811813894
https://www.airbnb.com/rooms/49867640,49867640
https://www.airbnb.com/rooms/729520686056164817,729520686056164817
https://www.airbnb.com/rooms/7899142,7899142
https://www.airbnb.com/rooms/913804671676781474,913804671676781474
https://www.airbnb.com/rooms/915272253861175530,915272253861175530
https://www.airbnb.com/rooms/915285238311704497,915285238311704497
https://www.airbnb.com/rooms/915286834194171372,915286834194171372
https://www.airbnb.com/rooms/1145802736144168005,1145802736144168005
https://www.airbnb.com/rooms/1204352410172247237,1204352410172247237
https://www.airbnb.com/rooms/1309661148402494759,1309661148402494759
https://www.airbnb.com/rooms/1417661273318458776,1417661273318458776
https://www.airbnb.com/rooms/1426215745946684103,1426215745946684103
https://www.airbnb.com/rooms/1426218326484022417,1426218326484022417
https://www.airbnb.com/rooms/1632644174565742745,1632644174565742745
https://www.airbnb.com/rooms/1685549267939511341,1685549267939511341
https://www.airbnb.com/rooms/46025570,46025570
https://www.airbnb.com/rooms/641438887448291222,641438887448291222
https://www.airbnb.com/rooms/915275501604305617,915275501604305617
https://www.airbnb.com/rooms/1365370904413411595,1365370904413411595
https://www.airbnb.com/rooms/1506529954791082516,1506529954791082516
https://www.airbnb.com/rooms/1651751250705586311,1651751250705586311
https://www.airbnb.com/rooms/1676219391521668008,1676219391521668008
https://www.airbnb.com/rooms/1341370426864034365,1341370426864034365
https://www.airbnb.com/rooms/1663914223441806476,1663914223441806476
https://www.airbnb.com/rooms/1569602977253688326,1569602977253688326
https://www.airbnb.com/rooms/1275309667121905828,1275309667121905828
https://www.airbnb.com/rooms/1369000421457065762,1369000421457065762
https://www.airbnb.com/rooms/33639757,33639757
https://www.airbnb.com/rooms/1373892609678588524,1373892609678588524
https://www.airbnb.com/rooms/1623376303084318803,1623376303084318803
https://www.airbnb.com/rooms/1711582342535538795,1711582342535538795
https://www.airbnb.com/rooms/1110147329079763448,1110147329079763448
https://www.airbnb.com/rooms/1219858095439418761,1219858095439418761
https://www.airbnb.com/rooms/49865502,49865502
https://www.airbnb.com/rooms/19694811,19694811
https://www.airbnb.com/rooms/41482843,41482843
https://www.airbnb.com/rooms/3793659,3793659
https://www.airbnb.com/rooms/1618909348978152936,1618909348978152936
https://www.airbnb.com/rooms/18019271,18019271
https://www.airbnb.com/rooms/38580261,38580261
https://www.airbnb.com/rooms/37774171,37774171
https://www.airbnb.com/rooms/1732813907179317414,1732813907179317414
https://www.airbnb.com/rooms/16795349,16795349
https://www.airbnb.com/rooms/1732815311439565015,1732815311439565015
https://www.airbnb.com/rooms/1733437271076574503,1733437271076574503
https://www.airbnb.com/rooms/1571864362994665170,1571864362994665170
https://www.airbnb.com/rooms/48698567,48698567
https://www.airbnb.com/rooms/925368927153477790,925368927153477790
https://www.airbnb.com/rooms/1531188259405101477,1531188259405101477
https://www.airbnb.com/rooms/673984675015661242,673984675015661242
https://www.airbnb.com/rooms/994943190963099538,994943190963099538
https://www.airbnb.com/rooms/1587882920692128971,1587882920692128971
https://www.airbnb.com/rooms/1597895092754127660,1597895092754127660
https://www.airbnb.com/rooms/1719792756487457252,1719792756487457252
https://www.airbnb.com/rooms/807886946609812019,807886946609812019
https://www.airbnb.com/rooms/1756092410344169835,1756092410344169835
https://www.airbnb.com/rooms/23438404,23438404
https://www.airbnb.com/rooms/1005794250789361110,1005794250789361110
https://www.airbnb.com/rooms/53310412,53310412
https://www.airbnb.com/rooms/1431132148619490505,1431132148619490505
https://www.airbnb.com/rooms/1462988661693101556,1462988661693101556
https://www.airbnb.com/rooms/19782197,19782197
https://www.airbnb.com/rooms/700628550865604586,700628550865604586
https://www.airbnb.com/rooms/10293691,10293691
https://www.airbnb.com/rooms/1182610761426137149,1182610761426137149
https://www.airbnb.com/rooms/1339122922607533044,1339122922607533044
https://www.airbnb.com/rooms/1497190637262411612,1497190637262411612
https://www.airbnb.com/rooms/17282189,17282189
https://www.airbnb.com/rooms/20329546,20329546
https://www.airbnb.com/rooms/25008716,25008716
https://www.airbnb.com/rooms/26812177,26812177
https://www.airbnb.com/rooms/27508615,27508615
https://www.airbnb.com/rooms/30673584,30673584
https://www.airbnb.com/rooms/34962040,34962040
https://www.airbnb.com/rooms/44102233,44102233
https://www.airbnb.com/rooms/53878998,53878998
https://www.airbnb.com/rooms/628322884505260345,628322884505260345
https://www.airbnb.com/rooms/638991476888400606,638991476888400606
https://www.airbnb.com/rooms/1079718489430593631,1079718489430593631
https://www.airbnb.com/rooms/1080298056090189426,1080298056090189426
https://www.airbnb.com/rooms/1117324091816214974,1117324091816214974
https://www.airbnb.com/rooms/1228454956304186209,1228454956304186209
https://www.airbnb.com/rooms/1447180052485319865,1447180052485319865
https://www.airbnb.com/rooms/1484422225948613403,1484422225948613403
https://www.airbnb.com/rooms/1498989086158598617,1498989086158598617
https://www.airbnb.com/rooms/1628483714186620874,1628483714186620874
https://www.airbnb.com/rooms/1684293732969272172,1684293732969272172
https://www.airbnb.com/rooms/22029154,22029154
https://www.airbnb.com/rooms/53626759,53626759
https://www.airbnb.com/rooms/545673495552771524,545673495552771524
https://www.airbnb.com/rooms/5557887,5557887
https://www.airbnb.com/rooms/642896379171080044,642896379171080044
https://www.airbnb.com/rooms/772673885686350906,772673885686350906
https://www.airbnb.com/rooms/799499389031868518,799499389031868518
https://www.airbnb.com/rooms/1066653988061732520,1066653988061732520
https://www.airbnb.com/rooms/1147947888446327899,1147947888446327899
https://www.airbnb.com/rooms/1427787562228980925,1427787562228980925
https://www.airbnb.com/rooms/1498989052470474182,1498989052470474182
https://www.airbnb.com/rooms/1699371065743886832,1699371065743886832
https://www.airbnb.com/rooms/1706854109183611893,1706854109183611893
https://www.airbnb.com/rooms/42151283,42151283
https://www.airbnb.com/rooms/53627215,53627215
https://www.airbnb.com/rooms/53661699,53661699
https://www.airbnb.com/rooms/687484420115401424,687484420115401424
https://www.airbnb.com/rooms/741214882479546818,741214882479546818
https://www.airbnb.com/rooms/1157576935523932460,1157576935523932460
https://www.airbnb.com/rooms/13973174,13973174
https://www.airbnb.com/rooms/1460118980418009004,1460118980418009004
https://www.airbnb.com/rooms/16024751,16024751
https://www.airbnb.com/rooms/1684410241643600810,1684410241643600810
https://www.airbnb.com/rooms/1764782761973997528,1764782761973997528
https://www.airbnb.com/rooms/18092921,18092921
https://www.airbnb.com/rooms/19100648,19100648
https://www.airbnb.com/rooms/42163123,42163123
https://www.airbnb.com/rooms/43439179,43439179
https://www.airbnb.com/rooms/639249232814258917,639249232814258917
https://www.airbnb.com/rooms/1093343929701728902,1093343929701728902
https://www.airbnb.com/rooms/12364943,12364943
https://www.airbnb.com/rooms/1503634795205539007,1503634795205539007
https://www.airbnb.com/rooms/37092421,37092421
https://www.airbnb.com/rooms/40349279,40349279
https://www.airbnb.com/rooms/4485271,4485271
https://www.airbnb.com/rooms/52538344,52538344
https://www.airbnb.com/rooms/53641485,53641485
https://www.airbnb.com/rooms/53828525,53828525
https://www.airbnb.com/rooms/952849597315548234,952849597315548234
https://www.airbnb.com/rooms/960456053367215087,960456053367215087
https://www.airbnb.com/rooms/964474217609138006,964474217609138006
https://www.airbnb.com/rooms/964482280093325474,964482280093325474
https://www.airbnb.com/rooms/964493429825728700,964493429825728700
https://www.airbnb.com/rooms/965222569121007326,965222569121007326
https://www.airbnb.com/rooms/965279981751664955,965279981751664955
https://www.airbnb.com/rooms/964487367425965233,964487367425965233
https://www.airbnb.com/rooms/965226368025554263,965226368025554263
https://www.airbnb.com/rooms/965229946180691090,965229946180691090
https://www.airbnb.com/rooms/1097802671017310791,1097802671017310791
https://www.airbnb.com/rooms/1427709001535917003,1427709001535917003
https://www.airbnb.com/rooms/13634095,13634095
https://www.airbnb.com/rooms/15706869,15706869
https://www.airbnb.com/rooms/1026927471114754084,1026927471114754084
https://www.airbnb.com/rooms/1290117954789053772,1290117954789053772
https://www.airbnb.com/rooms/1329842617937907222,1329842617937907222
https://www.airbnb.com/rooms/1546687115825271453,1546687115825271453
https://www.airbnb.com/rooms/40423641,40423641
https://www.airbnb.com/rooms/1171088792153209689,1171088792153209689
https://www.airbnb.com/rooms/1181968869477539513,1181968869477539513
https://www.airbnb.com/rooms/29884582,29884582
https://www.airbnb.com/rooms/33094538,33094538
https://www.airbnb.com/rooms/40423438,40423438
https://www.airbnb.com/rooms/47937708,47937708
https://www.airbnb.com/rooms/50070063,50070063
https://www.airbnb.com/rooms/52280444,52280444
https://www.airbnb.com/rooms/948853023712269015,948853023712269015
https://www.airbnb.com/rooms/1147793193531006174,1147793193531006174
https://www.airbnb.com/rooms/1337325272882767301,1337325272882767301
https://www.airbnb.com/rooms/1403775827836089801,1403775827836089801
https://www.airbnb.com/rooms/15912951,15912951
https://www.airbnb.com/rooms/1750961215519282083,1750961215519282083
https://www.airbnb.com/rooms/26488177,26488177
https://www.airbnb.com/rooms/33275918,33275918
https://www.airbnb.com/rooms/48016309,48016309
https://www.airbnb.com/rooms/823879694871437688,823879694871437688
https://www.airbnb.com/rooms/878440666274505872,878440666274505872
https://www.airbnb.com/rooms/1181963169961865882,1181963169961865882
https://www.airbnb.com/rooms/1605272789936048379,1605272789936048379
https://www.airbnb.com/rooms/19018039,19018039
https://www.airbnb.com/rooms/23306155,23306155
https://www.airbnb.com/rooms/39842193,39842193
https://www.airbnb.com/rooms/40421935,40421935
https://www.airbnb.com/rooms/44672180,44672180
https://www.airbnb.com/rooms/52149414,52149414
https://www.airbnb.com/rooms/818279989450496512,818279989450496512
https://www.airbnb.com/rooms/915840656203923753,915840656203923753
https://www.airbnb.com/rooms/1647959580663827455,1647959580663827455
https://www.airbnb.com/rooms/1708804467852082525,1708804467852082525
https://www.airbnb.com/rooms/1711615216288987496,1711615216288987496
https://www.airbnb.com/rooms/1761216741993916363,1761216741993916363
https://www.airbnb.com/rooms/18999228,18999228
https://www.airbnb.com/rooms/20978183,20978183
https://www.airbnb.com/rooms/26917701,26917701
https://www.airbnb.com/rooms/27927088,27927088
https://www.airbnb.com/rooms/40423317,40423317
https://www.airbnb.com/rooms/40423347,40423347
https://www.airbnb.com/rooms/52930930,52930930
https://www.airbnb.com/rooms/538287726549008373,538287726549008373
https://www.airbnb.com/rooms/54239899,54239899
https://www.airbnb.com/rooms/645711377206336523,645711377206336523
https://www.airbnb.com/rooms/1417012493885513368,1417012493885513368
https://www.airbnb.com/rooms/1643905479607637427,1643905479607637427
https://www.airbnb.com/rooms/1679305961317388282,1679305961317388282
https://www.airbnb.com/rooms/1680027748356902517,1680027748356902517
https://www.airbnb.com/rooms/1720822059726447666,1720822059726447666
https://www.airbnb.com/rooms/1780844015840494893,1780844015840494893
https://www.airbnb.com/rooms/35226573,35226573
https://www.airbnb.com/rooms/39253211,39253211
https://www.airbnb.com/rooms/47375112,47375112
https://www.airbnb.com/rooms/53046817,53046817
https://www.airbnb.com/rooms/53292042,53292042
https://www.airbnb.com/rooms/1755255654875184641,1755255654875184641
https://www.airbnb.com/rooms/1761226862634446580,1761226862634446580
https://www.airbnb.com/rooms/1761298552028760598,1761298552028760598
https://www.airbnb.com/rooms/20357914,20357914
https://www.airbnb.com/rooms/23872834,23872834
https://www.airbnb.com/rooms/33376043,33376043
https://www.airbnb.com/rooms/34310407,34310407
https://www.airbnb.com/rooms/40423541,40423541
https://www.airbnb.com/rooms/5759335,5759335
https://www.airbnb.com/rooms/1181960871671479517,1181960871671479517
https://www.airbnb.com/rooms/12038428,12038428
https://www.airbnb.com/rooms/12604546,12604546
https://www.airbnb.com/rooms/1261080767773414866,1261080767773414866
https://www.airbnb.com/rooms/1468827484558182486,1468827484558182486
https://www.airbnb.com/rooms/1680026825417306389,1680026825417306389
https://www.airbnb.com/rooms/1750850458097105018,1750850458097105018
https://www.airbnb.com/rooms/40423045,40423045
https://www.airbnb.com/rooms/40423222,40423222
https://www.airbnb.com/rooms/40423283,40423283
https://www.airbnb.com/rooms/42584815,42584815
https://www.airbnb.com/rooms/49257001,49257001
https://www.airbnb.com/rooms/597201605597267975,597201605597267975
https://www.airbnb.com/rooms/612988314782958490,612988314782958490
https://www.airbnb.com/rooms/832823293101121296,832823293101121296
https://www.airbnb.com/rooms/958718941774384902,958718941774384902
https://www.airbnb.com/rooms/960072469211217633,960072469211217633
https://www.airbnb.com/rooms/1386130234183538733,1386130234183538733
https://www.airbnb.com/rooms/1481905926619056775,1481905926619056775
https://www.airbnb.com/rooms/30975877,30975877
https://www.airbnb.com/rooms/35035409,35035409
https://www.airbnb.com/rooms/40421493,40421493
https://www.airbnb.com/rooms/40422427,40422427
https://www.airbnb.com/rooms/50441425,50441425
https://www.airbnb.com/rooms/553638370141776324,553638370141776324
https://www.airbnb.com/rooms/604294766479123030,604294766479123030
https://www.airbnb.com/rooms/744805254038550450,744805254038550450
https://www.airbnb.com/rooms/948642453431473310,948642453431473310
https://www.airbnb.com/rooms/1544180253672086519,1544180253672086519
https://www.airbnb.com/rooms/1599331914635747378,1599331914635747378
https://www.airbnb.com/rooms/1764647205258913934,1764647205258913934
https://www.airbnb.com/rooms/40423393,40423393
https://www.airbnb.com/rooms/51666710,51666710
https://www.airbnb.com/rooms/1360533676215403994,1360533676215403994
https://www.airbnb.com/rooms/1364214067902319595,1364214067902319595
https://www.airbnb.com/rooms/1629203184367009627,1629203184367009627
https://www.airbnb.com/rooms/1629209253901948829,1629209253901948829
https://www.airbnb.com/rooms/1658740341263899541,1658740341263899541
https://www.airbnb.com/rooms/16353363,16353363
https://www.airbnb.com/rooms/17511434,17511434
https://www.airbnb.com/rooms/19841413,19841413
https://www.airbnb.com/rooms/1366796975691396081,1366796975691396081
https://www.airbnb.com/rooms/1366811391917866161,1366811391917866161
https://www.airbnb.com/rooms/1366818748053625300,1366818748053625300
https://www.airbnb.com/rooms/1739250584507955903,1739250584507955903
https://www.airbnb.com/rooms/17475002,17475002
https://www.airbnb.com/rooms/1766079959040244172,1766079959040244172
https://www.airbnb.com/rooms/18093507,18093507
https://www.airbnb.com/rooms/32603808,32603808
https://www.airbnb.com/rooms/42067249,42067249
https://www.airbnb.com/rooms/44316702,44316702
https://www.airbnb.com/rooms/577426464761464201,577426464761464201
https://www.airbnb.com/rooms/577446854246796449,577446854246796449
https://www.airbnb.com/rooms/1039281086463772350,1039281086463772350
https://www.airbnb.com/rooms/1366803964891545649,1366803964891545649
https://www.airbnb.com/rooms/1366823273156589578,1366823273156589578
https://www.airbnb.com/rooms/1739250377339397608,1739250377339397608
https://www.airbnb.com/rooms/1739250542866425594,1739250542866425594
https://www.airbnb.com/rooms/1739250622756739731,1739250622756739731
https://www.airbnb.com/rooms/17593035,17593035
https://www.airbnb.com/rooms/18805630,18805630
https://www.airbnb.com/rooms/19567805,19567805
https://www.airbnb.com/rooms/27282037,27282037
https://www.airbnb.com/rooms/32603179,32603179
https://www.airbnb.com/rooms/33091529,33091529
https://www.airbnb.com/rooms/36350473,36350473
https://www.airbnb.com/rooms/577452419198754499,577452419198754499
https://www.airbnb.com/rooms/577453229500382812,577453229500382812
https://www.airbnb.com/rooms/766527360231665491,766527360231665491
https://www.airbnb.com/rooms/999767742589915836,999767742589915836
https://www.airbnb.com/rooms/1119137392574157568,1119137392574157568
https://www.airbnb.com/rooms/1311063496936624820,1311063496936624820
https://www.airbnb.com/rooms/1366775415954468705,1366775415954468705
https://www.airbnb.com/rooms/1366793424850670022,1366793424850670022
https://www.airbnb.com/rooms/16382272,16382272
https://www.airbnb.com/rooms/1645111751962534812,1645111751962534812
https://www.airbnb.com/rooms/16982090,16982090
https://www.airbnb.com/rooms/1739250462375912680,1739250462375912680
https://www.airbnb.com/rooms/18748311,18748311
https://www.airbnb.com/rooms/18944099,18944099
https://www.airbnb.com/rooms/20459044,20459044
https://www.airbnb.com/rooms/21007703,21007703
https://www.airbnb.com/rooms/22703330,22703330
https://www.airbnb.com/rooms/2699594,2699594
https://www.airbnb.com/rooms/33744589,33744589
https://www.airbnb.com/rooms/577433347677437444,577433347677437444
https://www.airbnb.com/rooms/577454347762740789,577454347762740789
https://www.airbnb.com/rooms/766514433871423365,766514433871423365
https://www.airbnb.com/rooms/1220161034781218400,1220161034781218400
https://www.airbnb.com/rooms/15938578,15938578
https://www.airbnb.com/rooms/16518358,16518358
https://www.airbnb.com/rooms/1680570951942020499,1680570951942020499
https://www.airbnb.com/rooms/1739975161192822590,1739975161192822590
https://www.airbnb.com/rooms/17877246,17877246
https://www.airbnb.com/rooms/19155943,19155943
https://www.airbnb.com/rooms/19376411,19376411
https://www.airbnb.com/rooms/19450972,19450972
https://www.airbnb.com/rooms/20405341,20405341
https://www.airbnb.com/rooms/20525061,20525061
https://www.airbnb.com/rooms/20710751,20710751
https://www.airbnb.com/rooms/20901478,20901478
https://www.airbnb.com/rooms/22703634,22703634
https://www.airbnb.com/rooms/33426720,33426720
https://www.airbnb.com/rooms/33745251,33745251
https://www.airbnb.com/rooms/577448622142832340,577448622142832340
https://www.airbnb.com/rooms/766504654767221890,766504654767221890
https://www.airbnb.com/rooms/1366814842022208852,1366814842022208852
https://www.airbnb.com/rooms/1739250420496286664,1739250420496286664
https://www.airbnb.com/rooms/21191242,21191242
https://www.airbnb.com/rooms/28612147,28612147
https://www.airbnb.com/rooms/33090426,33090426
https://www.airbnb.com/rooms/33095212,33095212
https://www.airbnb.com/rooms/33269267,33269267
https://www.airbnb.com/rooms/33345948,33345948
https://www.airbnb.com/rooms/45772144,45772144
https://www.airbnb.com/rooms/48842066,48842066
https://www.airbnb.com/rooms/577449404996952445,577449404996952445
https://www.airbnb.com/rooms/577453771740845516,577453771740845516
https://www.airbnb.com/rooms/723011864219940272,723011864219940272
https://www.airbnb.com/rooms/723025408402274364,723025408402274364
https://www.airbnb.com/rooms/1215959032802669464,1215959032802669464
https://www.airbnb.com/rooms/1326195852330956031,1326195852330956031
https://www.airbnb.com/rooms/1328404806243309526,1328404806243309526
https://www.airbnb.com/rooms/1645111753502473655,1645111753502473655
https://www.airbnb.com/rooms/1645111759839839889,1645111759839839889
https://www.airbnb.com/rooms/1645111763661144011,1645111763661144011
https://www.airbnb.com/rooms/28631531,28631531
https://www.airbnb.com/rooms/28631887,28631887
https://www.airbnb.com/rooms/33090435,33090435
https://www.airbnb.com/rooms/33095170,33095170
https://www.airbnb.com/rooms/33427132,33427132
https://www.airbnb.com/rooms/45771914,45771914
https://www.airbnb.com/rooms/45774205,45774205
https://www.airbnb.com/rooms/723084742833302051,723084742833302051
https://www.airbnb.com/rooms/1645111764916718198,1645111764916718198
https://www.airbnb.com/rooms/1645111765679113531,1645111765679113531
https://www.airbnb.com/rooms/28611456,28611456
https://www.airbnb.com/rooms/28611723,28611723
https://www.airbnb.com/rooms/28611832,28611832
https://www.airbnb.com/rooms/28612808,28612808
https://www.airbnb.com/rooms/9780030,9780030
https://www.airbnb.com/rooms/1172482117247665704,1172482117247665704
https://www.airbnb.com/rooms/14222547,14222547
https://www.airbnb.com/rooms/1495101827265126642,1495101827265126642
https://www.airbnb.com/rooms/1518952202849188867,1518952202849188867
https://www.airbnb.com/rooms/1536988187241791145,1536988187241791145
https://www.airbnb.com/rooms/16613520,16613520
https://www.airbnb.com/rooms/22125239,22125239
https://www.airbnb.com/rooms/31306421,31306421
https://www.airbnb.com/rooms/32724463,32724463
https://www.airbnb.com/rooms/32769354,32769354
https://www.airbnb.com/rooms/42230341,42230341
https://www.airbnb.com/rooms/46358209,46358209
https://www.airbnb.com/rooms/52860159,52860159
https://www.airbnb.com/rooms/554287447847840103,554287447847840103
https://www.airbnb.com/rooms/6902565,6902565
https://www.airbnb.com/rooms/704964438271924058,704964438271924058
https://www.airbnb.com/rooms/8886777,8886777
https://www.airbnb.com/rooms/10309379,10309379
https://www.airbnb.com/rooms/1137593761015884495,1137593761015884495
https://www.airbnb.com/rooms/1263147936140845921,1263147936140845921
https://www.airbnb.com/rooms/1351667666277844198,1351667666277844198
https://www.airbnb.com/rooms/1414445178057522890,1414445178057522890
https://www.airbnb.com/rooms/15191427,15191427
https://www.airbnb.com/rooms/1536394378536029312,1536394378536029312
https://www.airbnb.com/rooms/1536992028337239138,1536992028337239138
https://www.airbnb.com/rooms/1602481928681740193,1602481928681740193
https://www.airbnb.com/rooms/1602869928350830390,1602869928350830390
https://www.airbnb.com/rooms/1660149944736012405,1660149944736012405
https://www.airbnb.com/rooms/19425918,19425918
https://www.airbnb.com/rooms/20920858,20920858
https://www.airbnb.com/rooms/32990740,32990740
https://www.airbnb.com/rooms/6207147,6207147
https://www.airbnb.com/rooms/795746403852596860,795746403852596860
https://www.airbnb.com/rooms/1413128645116554596,1413128645116554596
https://www.airbnb.com/rooms/1471886761252230893,1471886761252230893
https://www.airbnb.com/rooms/1536383518314719495,1536383518314719495
https://www.airbnb.com/rooms/1759476301687604643,1759476301687604643
https://www.airbnb.com/rooms/34668987,34668987
https://www.airbnb.com/rooms/35036942,35036942
https://www.airbnb.com/rooms/35614112,35614112
https://www.airbnb.com/rooms/3696753,3696753
https://www.airbnb.com/rooms/37593669,37593669
https://www.airbnb.com/rooms/37830396,37830396
https://www.airbnb.com/rooms/549250314413506602,549250314413506602
https://www.airbnb.com/rooms/7115636,7115636
https://www.airbnb.com/rooms/34313636,34313636
https://www.airbnb.com/rooms/35038778,35038778
https://www.airbnb.com/rooms/35608626,35608626
https://www.airbnb.com/rooms/36024642,36024642
https://www.airbnb.com/rooms/37831361,37831361
https://www.airbnb.com/rooms/9330812,9330812
https://www.airbnb.com/rooms/395889,395889
https://www.airbnb.com/rooms/46828232,46828232
https://www.airbnb.com/rooms/901618842466044609,901618842466044609
https://www.airbnb.com/rooms/969457766071736305,969457766071736305
https://www.airbnb.com/rooms/1694147199116005396,1694147199116005396
https://www.airbnb.com/rooms/1317625719125208275,1317625719125208275
https://www.airbnb.com/rooms/1558221867629023526,1558221867629023526
https://www.airbnb.com/rooms/19079973,19079973
https://www.airbnb.com/rooms/22464763,22464763
https://www.airbnb.com/rooms/24667605,24667605
https://www.airbnb.com/rooms/29385968,29385968
https://www.airbnb.com/rooms/1091259261900013686,1091259261900013686
https://www.airbnb.com/rooms/1150871724721030296,1150871724721030296
https://www.airbnb.com/rooms/1431375276654033300,1431375276654033300
https://www.airbnb.com/rooms/16770288,16770288
https://www.airbnb.com/rooms/41194134,41194134
https://www.airbnb.com/rooms/4303083,4303083
https://www.airbnb.com/rooms/5761616,5761616
https://www.airbnb.com/rooms/9691851,9691851
https://www.airbnb.com/rooms/1049346587565854844,1049346587565854844
https://www.airbnb.com/rooms/14656134,14656134
https://www.airbnb.com/rooms/31536755,31536755
https://www.airbnb.com/rooms/41047259,41047259
https://www.airbnb.com/rooms/41778116,41778116
https://www.airbnb.com/rooms/51907268,51907268
https://www.airbnb.com/rooms/9383218,9383218
https://www.airbnb.com/rooms/1316741348734923068,1316741348734923068
https://www.airbnb.com/rooms/1412329187895964959,1412329187895964959
https://www.airbnb.com/rooms/639302490138705613,639302490138705613
https://www.airbnb.com/rooms/1021065797519433904,1021065797519433904
https://www.airbnb.com/rooms/1431206938815438453,1431206938815438453
https://www.airbnb.com/rooms/1622713736296704199,1622713736296704199
https://www.airbnb.com/rooms/1664856747490807869,1664856747490807869
https://www.airbnb.com/rooms/17464235,17464235
https://www.airbnb.com/rooms/48416646,48416646
https://www.airbnb.com/rooms/50364221,50364221
https://www.airbnb.com/rooms/5061506,5061506
https://www.airbnb.com/rooms/7360288,7360288
https://www.airbnb.com/rooms/1305137244087942352,1305137244087942352
https://www.airbnb.com/rooms/13096927,13096927
https://www.airbnb.com/rooms/1452847191510143457,1452847191510143457
https://www.airbnb.com/rooms/1580588855696410123,1580588855696410123
https://www.airbnb.com/rooms/1580595354283212439,1580595354283212439
https://www.airbnb.com/rooms/766191436865841377,766191436865841377
https://www.airbnb.com/rooms/791447191069492893,791447191069492893
https://www.airbnb.com/rooms/886870369498860896,886870369498860896
https://www.airbnb.com/rooms/954390385532407111,954390385532407111
https://www.airbnb.com/rooms/1074834544559424727,1074834544559424727
https://www.airbnb.com/rooms/1580591706882319762,1580591706882319762
https://www.airbnb.com/rooms/1580593450207463210,1580593450207463210
https://www.airbnb.com/rooms/24910899,24910899
https://www.airbnb.com/rooms/574496598126936022,574496598126936022
https://www.airbnb.com/rooms/863139451217717034,863139451217717034
https://www.airbnb.com/rooms/952347218673181915,952347218673181915
https://www.airbnb.com/rooms/1158671700733059057,1158671700733059057
https://www.airbnb.com/rooms/1465898109643123428,1465898109643123428
https://www.airbnb.com/rooms/1495154607088276595,1495154607088276595
https://www.airbnb.com/rooms/1113019368291448118,1113019368291448118
https://www.airbnb.com/rooms/1542357185764271327,1542357185764271327
https://www.airbnb.com/rooms/1698866138185074521,1698866138185074521
https://www.airbnb.com/rooms/28559018,28559018
https://www.airbnb.com/rooms/32857443,32857443
https://www.airbnb.com/rooms/34345055,34345055
https://www.airbnb.com/rooms/52365663,52365663
https://www.airbnb.com/rooms/54195220,54195220
https://www.airbnb.com/rooms/1080446365114701130,1080446365114701130
https://www.airbnb.com/rooms/1233332119070951962,1233332119070951962
https://www.airbnb.com/rooms/1329029378470326839,1329029378470326839
https://www.airbnb.com/rooms/1357438056243579230,1357438056243579230
https://www.airbnb.com/rooms/1393970784040632095,1393970784040632095
https://www.airbnb.com/rooms/1430559924480085862,1430559924480085862
https://www.airbnb.com/rooms/1628387394766803882,1628387394766803882
https://www.airbnb.com/rooms/1632988966445066947,1632988966445066947
https://www.airbnb.com/rooms/1653648522411091020,1653648522411091020
https://www.airbnb.com/rooms/1668900208955112475,1668900208955112475
https://www.airbnb.com/rooms/1694390061629336902,1694390061629336902
https://www.airbnb.com/rooms/35002075,35002075
https://www.airbnb.com/rooms/42139206,42139206
https://www.airbnb.com/rooms/48201854,48201854
https://www.airbnb.com/rooms/51906641,51906641
https://www.airbnb.com/rooms/812326500213310321,812326500213310321
https://www.airbnb.com/rooms/1344399747997297883,1344399747997297883
https://www.airbnb.com/rooms/1359050590170615719,1359050590170615719
https://www.airbnb.com/rooms/1364842684525198944,1364842684525198944
https://www.airbnb.com/rooms/1400803405362323337,1400803405362323337
https://www.airbnb.com/rooms/1457549808684823351,1457549808684823351
https://www.airbnb.com/rooms/1628043119660983572,1628043119660983572
https://www.airbnb.com/rooms/1682150568687136059,1682150568687136059
https://www.airbnb.com/rooms/1734883079987288814,1734883079987288814
https://www.airbnb.com/rooms/34232229,34232229
https://www.airbnb.com/rooms/40311241,40311241
https://www.airbnb.com/rooms/50180281,50180281
https://www.airbnb.com/rooms/53705693,53705693
https://www.airbnb.com/rooms/568867184075824341,568867184075824341
https://www.airbnb.com/rooms/1359053317983573296,1359053317983573296
https://www.airbnb.com/rooms/1364794388735979824,1364794388735979824
https://www.airbnb.com/rooms/1381946071170461355,1381946071170461355
https://www.airbnb.com/rooms/1431169666089464502,1431169666089464502
https://www.airbnb.com/rooms/1446478475241626393,1446478475241626393
https://www.airbnb.com/rooms/1498042673862815426,1498042673862815426
https://www.airbnb.com/rooms/26996194,26996194
https://www.airbnb.com/rooms/29389616,29389616
https://www.airbnb.com/rooms/46792749,46792749
https://www.airbnb.com/rooms/48922867,48922867
https://www.airbnb.com/rooms/49210755,49210755
https://www.airbnb.com/rooms/51752381,51752381
https://www.airbnb.com/rooms/51906647,51906647
https://www.airbnb.com/rooms/688223858563410093,688223858563410093
https://www.airbnb.com/rooms/801471731880516691,801471731880516691
https://www.airbnb.com/rooms/878471750861935217,878471750861935217
https://www.airbnb.com/rooms/1290841887043161073,1290841887043161073
https://www.airbnb.com/rooms/1358874895557562253,1358874895557562253
https://www.airbnb.com/rooms/1517763777259530662,1517763777259530662
https://www.airbnb.com/rooms/1571881291479835868,1571881291479835868
https://www.airbnb.com/rooms/1599371471122124865,1599371471122124865
https://www.airbnb.com/rooms/1632996293980196099,1632996293980196099
https://www.airbnb.com/rooms/1724373115886937418,1724373115886937418
https://www.airbnb.com/rooms/27808053,27808053
https://www.airbnb.com/rooms/30713885,30713885
https://www.airbnb.com/rooms/38388857,38388857
https://www.airbnb.com/rooms/50814177,50814177
https://www.airbnb.com/rooms/51957322,51957322
https://www.airbnb.com/rooms/582531701861066313,582531701861066313
https://www.airbnb.com/rooms/590031645725685529,590031645725685529
https://www.airbnb.com/rooms/47869980,47869980
https://www.airbnb.com/rooms/1276761075673844894,1276761075673844894
https://www.airbnb.com/rooms/1407398285256965359,1407398285256965359
https://www.airbnb.com/rooms/1481975659673582356,1481975659673582356
https://www.airbnb.com/rooms/1481975662642509891,1481975662642509891
https://www.airbnb.com/rooms/1519020573061151821,1519020573061151821
https://www.airbnb.com/rooms/1610454935568962556,1610454935568962556
https://www.airbnb.com/rooms/1690055646215087198,1690055646215087198
https://www.airbnb.com/rooms/1704732090611656518,1704732090611656518
https://www.airbnb.com/rooms/1715974490599266293,1715974490599266293
https://www.airbnb.com/rooms/29389215,29389215
https://www.airbnb.com/rooms/29597526,29597526
https://www.airbnb.com/rooms/35002497,35002497
https://www.airbnb.com/rooms/35002753,35002753
https://www.airbnb.com/rooms/52233340,52233340
https://www.airbnb.com/rooms/636153429976177611,636153429976177611
https://www.airbnb.com/rooms/1185022463380610659,1185022463380610659
https://www.airbnb.com/rooms/1363202616933311203,1363202616933311203
https://www.airbnb.com/rooms/1481975659476517627,1481975659476517627
https://www.airbnb.com/rooms/1579442449289557654,1579442449289557654
https://www.airbnb.com/rooms/1610451677629825150,1610451677629825150
https://www.airbnb.com/rooms/1610452698815976249,1610452698815976249
https://www.airbnb.com/rooms/1610453259016669508,1610453259016669508
https://www.airbnb.com/rooms/1610454093882945094,1610454093882945094
https://www.airbnb.com/rooms/1610455471243887099,1610455471243887099
https://www.airbnb.com/rooms/1610456293766199820,1610456293766199820
https://www.airbnb.com/rooms/1629210353410554074,1629210353410554074
https://www.airbnb.com/rooms/1731990922448670034,1731990922448670034
https://www.airbnb.com/rooms/19411986,19411986
https://www.airbnb.com/rooms/46122671,46122671
https://www.airbnb.com/rooms/52440845,52440845
https://www.airbnb.com/rooms/8049698,8049698
https://www.airbnb.com/rooms/892616799058600625,892616799058600625
https://www.airbnb.com/rooms/1625098330562108689,1625098330562108689
https://www.airbnb.com/rooms/845603163773522287,845603163773522287
https://www.airbnb.com/rooms/885404270355793495,885404270355793495
https://www.airbnb.com/rooms/1655236108110180098,1655236108110180098
https://www.airbnb.com/rooms/1447233897596411127,1447233897596411127
https://www.airbnb.com/rooms/1610929995092507283,1610929995092507283
https://www.airbnb.com/rooms/620878572466415506,620878572466415506
https://www.airbnb.com/rooms/1453043900639885292,1453043900639885292
https://www.airbnb.com/rooms/35462377,35462377
https://www.airbnb.com/rooms/49253797,49253797
https://www.airbnb.com/rooms/1200729230185437425,1200729230185437425
https://www.airbnb.com/rooms/42667473,42667473
https://www.airbnb.com/rooms/43970229,43970229
https://www.airbnb.com/rooms/1421173444819709259,1421173444819709259
https://www.airbnb.com/rooms/1375376880421452880,1375376880421452880
https://www.airbnb.com/rooms/1633695857958768784,1633695857958768784
https://www.airbnb.com/rooms/1755896162262389557,1755896162262389557
https://www.airbnb.com/rooms/1760881836720550487,1760881836720550487
https://www.airbnb.com/rooms/29923906,29923906
https://www.airbnb.com/rooms/33958021,33958021
https://www.airbnb.com/rooms/632674523334577128,632674523334577128
https://www.airbnb.com/rooms/1523407689020841235,1523407689020841235
https://www.airbnb.com/rooms/1523423172230451185,1523423172230451185
https://www.airbnb.com/rooms/1603925882207086605,1603925882207086605
https://www.airbnb.com/rooms/1622717303676146839,1622717303676146839
https://www.airbnb.com/rooms/1775022250872558007,1775022250872558007
https://www.airbnb.com/rooms/1776342029840386911,1776342029840386911
https://www.airbnb.com/rooms/19026163,19026163
https://www.airbnb.com/rooms/29543248,29543248
https://www.airbnb.com/rooms/40588284,40588284
https://www.airbnb.com/rooms/1333462397805090844,1333462397805090844
https://www.airbnb.com/rooms/1388494330936225305,1388494330936225305
https://www.airbnb.com/rooms/1450836149829196086,1450836149829196086
https://www.airbnb.com/rooms/1495862507735038012,1495862507735038012
https://www.airbnb.com/rooms/1554541865383462766,1554541865383462766
https://www.airbnb.com/rooms/1561807933733806302,1561807933733806302
https://www.airbnb.com/rooms/1579127495605913196,1579127495605913196
https://www.airbnb.com/rooms/1720422901794364225,1720422901794364225
https://www.airbnb.com/rooms/1727009574484940567,1727009574484940567
https://www.airbnb.com/rooms/1750994208673165579,1750994208673165579
https://www.airbnb.com/rooms/1780853743620852102,1780853743620852102
https://www.airbnb.com/rooms/29492548,29492548
https://www.airbnb.com/rooms/40588449,40588449
https://www.airbnb.com/rooms/655730436587379798,655730436587379798
https://www.airbnb.com/rooms/761539962939509545,761539962939509545
https://www.airbnb.com/rooms/1268163037795388460,1268163037795388460
https://www.airbnb.com/rooms/1495933615924768475,1495933615924768475
https://www.airbnb.com/rooms/1579212638031696231,1579212638031696231
https://www.airbnb.com/rooms/1600697689259966880,1600697689259966880
https://www.airbnb.com/rooms/1605483096014691024,1605483096014691024
https://www.airbnb.com/rooms/1691080982748987817,1691080982748987817
https://www.airbnb.com/rooms/1750957516610898550,1750957516610898550
https://www.airbnb.com/rooms/1779860846863190463,1779860846863190463
https://www.airbnb.com/rooms/29480719,29480719
https://www.airbnb.com/rooms/39803062,39803062
https://www.airbnb.com/rooms/40588412,40588412
https://www.airbnb.com/rooms/40588436,40588436
https://www.airbnb.com/rooms/42287600,42287600
https://www.airbnb.com/rooms/4693349,4693349
https://www.airbnb.com/rooms/6688975,6688975
https://www.airbnb.com/rooms/1143591284084715336,1143591284084715336
https://www.airbnb.com/rooms/11465403,11465403
https://www.airbnb.com/rooms/11671977,11671977
https://www.airbnb.com/rooms/1324817840890143118,1324817840890143118
https://www.airbnb.com/rooms/1605481938731736967,1605481938731736967
https://www.airbnb.com/rooms/1615236222853196714,1615236222853196714
https://www.airbnb.com/rooms/1665492158213048448,1665492158213048448
https://www.airbnb.com/rooms/1691084943365003068,1691084943365003068
https://www.airbnb.com/rooms/27432114,27432114
https://www.airbnb.com/rooms/28915642,28915642
https://www.airbnb.com/rooms/40588289,40588289
https://www.airbnb.com/rooms/40588395,40588395
https://www.airbnb.com/rooms/40588399,40588399
https://www.airbnb.com/rooms/53274690,53274690
https://www.airbnb.com/rooms/1286314490966719010,1286314490966719010
https://www.airbnb.com/rooms/1358946516456104633,1358946516456104633
https://www.airbnb.com/rooms/1537815591047740629,1537815591047740629
https://www.airbnb.com/rooms/1582195605169992484,1582195605169992484
https://www.airbnb.com/rooms/1691093379990126475,1691093379990126475
https://www.airbnb.com/rooms/1765645112532757119,1765645112532757119
https://www.airbnb.com/rooms/40586218,40586218
https://www.airbnb.com/rooms/40588371,40588371
https://www.airbnb.com/rooms/40588380,40588380
https://www.airbnb.com/rooms/40588408,40588408
https://www.airbnb.com/rooms/40588429,40588429
https://www.airbnb.com/rooms/40588442,40588442
https://www.airbnb.com/rooms/51781831,51781831
https://www.airbnb.com/rooms/683260150264474174,683260150264474174
https://www.airbnb.com/rooms/807975869017912874,807975869017912874
https://www.airbnb.com/rooms/870314760563545712,870314760563545712
https://www.airbnb.com/rooms/11671060,11671060
https://www.airbnb.com/rooms/11671431,11671431
https://www.airbnb.com/rooms/1386302457457771986,1386302457457771986
https://www.airbnb.com/rooms/1429205261906893391,1429205261906893391
https://www.airbnb.com/rooms/1629263977033029998,1629263977033029998
https://www.airbnb.com/rooms/1629845654318205498,1629845654318205498
https://www.airbnb.com/rooms/1691064777676623444,1691064777676623444
https://www.airbnb.com/rooms/1691085533850625514,1691085533850625514
https://www.airbnb.com/rooms/1765652134284203351,1765652134284203351
https://www.airbnb.com/rooms/40561554,40561554
https://www.airbnb.com/rooms/40588387,40588387
https://www.airbnb.com/rooms/994134558663818048,994134558663818048
https://www.airbnb.com/rooms/11671760,11671760
https://www.airbnb.com/rooms/1387917728456748837,1387917728456748837
https://www.airbnb.com/rooms/1429217563900952150,1429217563900952150
https://www.airbnb.com/rooms/1442118417571028120,1442118417571028120
https://www.airbnb.com/rooms/1446746664928287500,1446746664928287500
https://www.airbnb.com/rooms/1499456791157222867,1499456791157222867
https://www.airbnb.com/rooms/1526065541253993509,1526065541253993509
https://www.airbnb.com/rooms/1629100072133695183,1629100072133695183
https://www.airbnb.com/rooms/1691076848755367757,1691076848755367757
https://www.airbnb.com/rooms/1691087507536211995,1691087507536211995
https://www.airbnb.com/rooms/1691089312852747704,1691089312852747704
https://www.airbnb.com/rooms/1765627543105133437,1765627543105133437
https://www.airbnb.com/rooms/1767592877143338952,1767592877143338952
https://www.airbnb.com/rooms/25828359,25828359
https://www.airbnb.com/rooms/43831509,43831509
https://www.airbnb.com/rooms/11610349,11610349
https://www.airbnb.com/rooms/1358946561848182884,1358946561848182884
https://www.airbnb.com/rooms/1492181009180228430,1492181009180228430
https://www.airbnb.com/rooms/1496758893901026546,1496758893901026546
https://www.airbnb.com/rooms/1600697505635232084,1600697505635232084
https://www.airbnb.com/rooms/1629247145341255273,1629247145341255273
https://www.airbnb.com/rooms/1629259804988222529,1629259804988222529
https://www.airbnb.com/rooms/45842524,45842524
https://www.airbnb.com/rooms/51765729,51765729
https://www.airbnb.com/rooms/51788354,51788354
https://www.airbnb.com/rooms/730477408840118002,730477408840118002
https://www.airbnb.com/rooms/1040532788849369585,1040532788849369585
https://www.airbnb.com/rooms/1435226799871177257,1435226799871177257
https://www.airbnb.com/rooms/1456578584244767680,1456578584244767680
https://www.airbnb.com/rooms/1542198207880131768,1542198207880131768
https://www.airbnb.com/rooms/1605484115173844135,1605484115173844135
https://www.airbnb.com/rooms/1605484438442933124,1605484438442933124
https://www.airbnb.com/rooms/1726227063990280771,1726227063990280771
https://www.airbnb.com/rooms/1765637231051551691,1765637231051551691
https://www.airbnb.com/rooms/43558879,43558879
https://www.airbnb.com/rooms/51781990,51781990
https://www.airbnb.com/rooms/51882166,51882166
https://www.airbnb.com/rooms/52556190,52556190
https://www.airbnb.com/rooms/917480126181949505,917480126181949505
https://www.airbnb.com/rooms/1047073543695464861,1047073543695464861
https://www.airbnb.com/rooms/1501123841807313072,1501123841807313072
https://www.airbnb.com/rooms/1587182495602229289,1587182495602229289
https://www.airbnb.com/rooms/1605483416441302795,1605483416441302795
https://www.airbnb.com/rooms/1629107207976449084,1629107207976449084
https://www.airbnb.com/rooms/1629109148198865630,1629109148198865630
https://www.airbnb.com/rooms/1629111980641882787,1629111980641882787
https://www.airbnb.com/rooms/1760030809197840856,1760030809197840856
https://www.airbnb.com/rooms/564424930204240639,564424930204240639
https://www.airbnb.com/rooms/1605481599462575497,1605481599462575497
https://www.airbnb.com/rooms/1644623580846937166,1644623580846937166
https://www.airbnb.com/rooms/1523301029750294656,1523301029750294656
https://www.airbnb.com/rooms/1744894694271440966,1744894694271440966
https://www.airbnb.com/rooms/23060442,23060442
https://www.airbnb.com/rooms/35575172,35575172
https://www.airbnb.com/rooms/37563890,37563890
https://www.airbnb.com/rooms/44738925,44738925
https://www.airbnb.com/rooms/51596069,51596069
https://www.airbnb.com/rooms/674665662194151158,674665662194151158
https://www.airbnb.com/rooms/1244211474752750263,1244211474752750263
https://www.airbnb.com/rooms/1282781804197409914,1282781804197409914
https://www.airbnb.com/rooms/1335157379588895839,1335157379588895839
https://www.airbnb.com/rooms/1659457002542000573,1659457002542000573
https://www.airbnb.com/rooms/1721151824051275064,1721151824051275064
https://www.airbnb.com/rooms/1740148258279956767,1740148258279956767
https://www.airbnb.com/rooms/21723405,21723405
https://www.airbnb.com/rooms/29899487,29899487
https://www.airbnb.com/rooms/41173021,41173021
https://www.airbnb.com/rooms/41181460,41181460
https://www.airbnb.com/rooms/42627841,42627841
https://www.airbnb.com/rooms/44738938,44738938
https://www.airbnb.com/rooms/44739184,44739184
https://www.airbnb.com/rooms/739827696226764416,739827696226764416
https://www.airbnb.com/rooms/1142148268623294757,1142148268623294757
https://www.airbnb.com/rooms/1374570455257502417,1374570455257502417
https://www.airbnb.com/rooms/1472026628993527227,1472026628993527227
https://www.airbnb.com/rooms/3694888,3694888
https://www.airbnb.com/rooms/38518469,38518469
https://www.airbnb.com/rooms/40466426,40466426
https://www.airbnb.com/rooms/40466630,40466630
https://www.airbnb.com/rooms/40466753,40466753
https://www.airbnb.com/rooms/42114539,42114539
https://www.airbnb.com/rooms/1219736883882795491,1219736883882795491
https://www.airbnb.com/rooms/1251079841357957222,1251079841357957222
https://www.airbnb.com/rooms/1279721270662322608,1279721270662322608
https://www.airbnb.com/rooms/16082910,16082910
https://www.airbnb.com/rooms/19097922,19097922
https://www.airbnb.com/rooms/33223288,33223288
https://www.airbnb.com/rooms/34780200,34780200
https://www.airbnb.com/rooms/45069393,45069393
https://www.airbnb.com/rooms/45069926,45069926
https://www.airbnb.com/rooms/46466404,46466404
https://www.airbnb.com/rooms/52962640,52962640
https://www.airbnb.com/rooms/599957034552506326,599957034552506326
https://www.airbnb.com/rooms/1141399465885510077,1141399465885510077
https://www.airbnb.com/rooms/1141424169456314387,1141424169456314387
https://www.airbnb.com/rooms/1243498081406461760,1243498081406461760
https://www.airbnb.com/rooms/27489460,27489460
https://www.airbnb.com/rooms/40466164,40466164
https://www.airbnb.com/rooms/40466281,40466281
https://www.airbnb.com/rooms/40466691,40466691
https://www.airbnb.com/rooms/660006100239755718,660006100239755718
https://www.airbnb.com/rooms/7092123,7092123
https://www.airbnb.com/rooms/907983263918322343,907983263918322343
https://www.airbnb.com/rooms/1143594641768324493,1143594641768324493
https://www.airbnb.com/rooms/1629081678809724101,1629081678809724101
https://www.airbnb.com/rooms/23450038,23450038
https://www.airbnb.com/rooms/34543696,34543696
https://www.airbnb.com/rooms/40378882,40378882
https://www.airbnb.com/rooms/40420672,40420672
https://www.airbnb.com/rooms/40466799,40466799
https://www.airbnb.com/rooms/45700181,45700181
https://www.airbnb.com/rooms/685023677041925242,685023677041925242
https://www.airbnb.com/rooms/694933044029191100,694933044029191100
https://www.airbnb.com/rooms/802125980679984643,802125980679984643
https://www.airbnb.com/rooms/1140668405248976647,1140668405248976647
https://www.airbnb.com/rooms/1472014419610681659,1472014419610681659
https://www.airbnb.com/rooms/1472097670958900985,1472097670958900985
https://www.airbnb.com/rooms/1513166547094302315,1513166547094302315
https://www.airbnb.com/rooms/16080524,16080524
https://www.airbnb.com/rooms/16083637,16083637
https://www.airbnb.com/rooms/1629044974209471712,1629044974209471712
https://www.airbnb.com/rooms/1658874499271639321,1658874499271639321
https://www.airbnb.com/rooms/1696686641264621977,1696686641264621977
https://www.airbnb.com/rooms/1700304867825089231,1700304867825089231
https://www.airbnb.com/rooms/19455638,19455638
https://www.airbnb.com/rooms/24515023,24515023
https://www.airbnb.com/rooms/40466555,40466555
https://www.airbnb.com/rooms/51987301,51987301
https://www.airbnb.com/rooms/665312541019395916,665312541019395916
https://www.airbnb.com/rooms/908004099094341714,908004099094341714
https://www.airbnb.com/rooms/1319392757130819866,1319392757130819866
https://www.airbnb.com/rooms/1361636942501720503,1361636942501720503
https://www.airbnb.com/rooms/1500842301885434469,1500842301885434469
https://www.airbnb.com/rooms/1691537038932987711,1691537038932987711
https://www.airbnb.com/rooms/30126311,30126311
https://www.airbnb.com/rooms/40379057,40379057
https://www.airbnb.com/rooms/43188578,43188578
https://www.airbnb.com/rooms/48432443,48432443
https://www.airbnb.com/rooms/578267659125698570,578267659125698570
https://www.airbnb.com/rooms/583887981406622058,583887981406622058
https://www.airbnb.com/rooms/782596909296126095,782596909296126095
https://www.airbnb.com/rooms/818960193762341455,818960193762341455
https://www.airbnb.com/rooms/892724335754308426,892724335754308426
https://www.airbnb.com/rooms/939961012400867016,939961012400867016
https://www.airbnb.com/rooms/1199574705241365600,1199574705241365600
https://www.airbnb.com/rooms/1283433619517999993,1283433619517999993
https://www.airbnb.com/rooms/1696625256823837761,1696625256823837761
https://www.airbnb.com/rooms/25076538,25076538
https://www.airbnb.com/rooms/26776225,26776225
https://www.airbnb.com/rooms/35262677,35262677
https://www.airbnb.com/rooms/37113129,37113129
https://www.airbnb.com/rooms/38494269,38494269
https://www.airbnb.com/rooms/38904250,38904250
https://www.airbnb.com/rooms/48865689,48865689
https://www.airbnb.com/rooms/51927746,51927746
https://www.airbnb.com/rooms/51963743,51963743
https://www.airbnb.com/rooms/6451379,6451379
https://www.airbnb.com/rooms/848410965598301414,848410965598301414
https://www.airbnb.com/rooms/1027684237791698737,1027684237791698737
https://www.airbnb.com/rooms/1070501239497998844,1070501239497998844
https://www.airbnb.com/rooms/1143587069241242346,1143587069241242346
https://www.airbnb.com/rooms/1435463513256350973,1435463513256350973
https://www.airbnb.com/rooms/1639495316051980303,1639495316051980303
https://www.airbnb.com/rooms/1708707233867703336,1708707233867703336
https://www.airbnb.com/rooms/1739306416569109050,1739306416569109050
https://www.airbnb.com/rooms/39466025,39466025
https://www.airbnb.com/rooms/48432320,48432320
https://www.airbnb.com/rooms/49012733,49012733
https://www.airbnb.com/rooms/51427709,51427709
https://www.airbnb.com/rooms/52164196,52164196
https://www.airbnb.com/rooms/551564959086028579,551564959086028579
https://www.airbnb.com/rooms/551604399367364760,551604399367364760
https://www.airbnb.com/rooms/8188686,8188686
https://www.airbnb.com/rooms/907336127643019725,907336127643019725
https://www.airbnb.com/rooms/1030985908693854226,1030985908693854226
https://www.airbnb.com/rooms/13682881,13682881
https://www.airbnb.com/rooms/1499479724171900082,1499479724171900082
https://www.airbnb.com/rooms/1637815681835282083,1637815681835282083
https://www.airbnb.com/rooms/1639343262327304997,1639343262327304997
https://www.airbnb.com/rooms/1676124715635807024,1676124715635807024
https://www.airbnb.com/rooms/1737268216137717353,1737268216137717353
https://www.airbnb.com/rooms/19574379,19574379
https://www.airbnb.com/rooms/28042539,28042539
https://www.airbnb.com/rooms/2824336,2824336
https://www.airbnb.com/rooms/28864803,28864803
https://www.airbnb.com/rooms/43324827,43324827
https://www.airbnb.com/rooms/48928538,48928538
https://www.airbnb.com/rooms/51927873,51927873
https://www.airbnb.com/rooms/578961008958894971,578961008958894971
https://www.airbnb.com/rooms/594199256913973545,594199256913973545
https://www.airbnb.com/rooms/620383830626853200,620383830626853200
https://www.airbnb.com/rooms/1548745672193759150,1548745672193759150
https://www.airbnb.com/rooms/1629070546066251813,1629070546066251813
https://www.airbnb.com/rooms/1639333657729025385,1639333657729025385
https://www.airbnb.com/rooms/1691539360312704770,1691539360312704770
https://www.airbnb.com/rooms/565940487376896651,565940487376896651
https://www.airbnb.com/rooms/1406253417319737384,1406253417319737384
https://www.airbnb.com/rooms/1517721916633998995,1517721916633998995
https://www.airbnb.com/rooms/1577027303612018054,1577027303612018054
https://www.airbnb.com/rooms/1629765930736690948,1629765930736690948
https://www.airbnb.com/rooms/1699315790099112041,1699315790099112041
https://www.airbnb.com/rooms/48894934,48894934
https://www.airbnb.com/rooms/1371814357459821082,1371814357459821082
https://www.airbnb.com/rooms/1652608891249351954,1652608891249351954
https://www.airbnb.com/rooms/1655233574339844529,1655233574339844529
https://www.airbnb.com/rooms/1655234522583137506,1655234522583137506
https://www.airbnb.com/rooms/1659517849559950994,1659517849559950994
https://www.airbnb.com/rooms/32315812,32315812
https://www.airbnb.com/rooms/595632713300590494,595632713300590494
https://www.airbnb.com/rooms/623847176635638533,623847176635638533
https://www.airbnb.com/rooms/881390769064235119,881390769064235119
https://www.airbnb.com/rooms/1079229690880131285,1079229690880131285
https://www.airbnb.com/rooms/1080572157146744531,1080572157146744531
https://www.airbnb.com/rooms/1091261085576645030,1091261085576645030
https://www.airbnb.com/rooms/1282635067943882254,1282635067943882254
https://www.airbnb.com/rooms/1335561923101247044,1335561923101247044
https://www.airbnb.com/rooms/1355204539306643192,1355204539306643192
https://www.airbnb.com/rooms/1456670897247367478,1456670897247367478
https://www.airbnb.com/rooms/1557241759752948676,1557241759752948676
https://www.airbnb.com/rooms/1674269499012662432,1674269499012662432
https://www.airbnb.com/rooms/577068948146442623,577068948146442623
https://www.airbnb.com/rooms/580318876688538047,580318876688538047
https://www.airbnb.com/rooms/605152145612517225,605152145612517225
https://www.airbnb.com/rooms/626607387391402977,626607387391402977
https://www.airbnb.com/rooms/746257756725108180,746257756725108180
https://www.airbnb.com/rooms/752306663827485189,752306663827485189
https://www.airbnb.com/rooms/755655834975119237,755655834975119237
https://www.airbnb.com/rooms/7837790,7837790
https://www.airbnb.com/rooms/864062641604049747,864062641604049747
https://www.airbnb.com/rooms/1086990295190530379,1086990295190530379
https://www.airbnb.com/rooms/1089869510691856117,1089869510691856117
https://www.airbnb.com/rooms/1101487139082583841,1101487139082583841
https://www.airbnb.com/rooms/1111523664729578653,1111523664729578653
https://www.airbnb.com/rooms/1170958466470304615,1170958466470304615
https://www.airbnb.com/rooms/1206344344305336744,1206344344305336744
https://www.airbnb.com/rooms/1211576534396816830,1211576534396816830
https://www.airbnb.com/rooms/1247172112778269785,1247172112778269785
https://www.airbnb.com/rooms/1581563405765110497,1581563405765110497
https://www.airbnb.com/rooms/1603728323214304812,1603728323214304812
https://www.airbnb.com/rooms/1608216982940480889,1608216982940480889
https://www.airbnb.com/rooms/1655235151041398806,1655235151041398806
https://www.airbnb.com/rooms/1679019199733381899,1679019199733381899
https://www.airbnb.com/rooms/6446687,6446687
https://www.airbnb.com/rooms/693887491029067611,693887491029067611
https://www.airbnb.com/rooms/752317837799522529,752317837799522529
https://www.airbnb.com/rooms/752321613910109867,752321613910109867
https://www.airbnb.com/rooms/929026244698868707,929026244698868707
https://www.airbnb.com/rooms/1202293996786281987,1202293996786281987
https://www.airbnb.com/rooms/1334885042830599916,1334885042830599916
https://www.airbnb.com/rooms/1360283485081887262,1360283485081887262
https://www.airbnb.com/rooms/1568875324794048366,1568875324794048366
https://www.airbnb.com/rooms/1647950184197307162,1647950184197307162
https://www.airbnb.com/rooms/1774341146093654211,1774341146093654211
https://www.airbnb.com/rooms/21200262,21200262
https://www.airbnb.com/rooms/22295361,22295361
https://www.airbnb.com/rooms/554953291635199403,554953291635199403
https://www.airbnb.com/rooms/613827812780111085,613827812780111085
https://www.airbnb.com/rooms/634369833144287054,634369833144287054
https://www.airbnb.com/rooms/635509784890107454,635509784890107454
https://www.airbnb.com/rooms/676155149894920572,676155149894920572
https://www.airbnb.com/rooms/701967902784424864,701967902784424864
https://www.airbnb.com/rooms/795714225118128484,795714225118128484
https://www.airbnb.com/rooms/840777681164780575,840777681164780575
https://www.airbnb.com/rooms/928927479593652907,928927479593652907
https://www.airbnb.com/rooms/9726690,9726690
https://www.airbnb.com/rooms/1217414619315756841,1217414619315756841
https://www.airbnb.com/rooms/1422552462526139219,1422552462526139219
https://www.airbnb.com/rooms/1456678174704576287,1456678174704576287
https://www.airbnb.com/rooms/1593664586491874851,1593664586491874851
https://www.airbnb.com/rooms/16129718,16129718
https://www.airbnb.com/rooms/1619737390963189669,1619737390963189669
https://www.airbnb.com/rooms/16428095,16428095
https://www.airbnb.com/rooms/1651541587260026599,1651541587260026599
https://www.airbnb.com/rooms/16547186,16547186
https://www.airbnb.com/rooms/1698879143997327893,1698879143997327893
https://www.airbnb.com/rooms/33909371,33909371
https://www.airbnb.com/rooms/4688669,4688669
https://www.airbnb.com/rooms/575874223325224992,575874223325224992
https://www.airbnb.com/rooms/600510009625527682,600510009625527682
https://www.airbnb.com/rooms/613850215946117440,613850215946117440
https://www.airbnb.com/rooms/738314420011078549,738314420011078549
https://www.airbnb.com/rooms/947745808578248752,947745808578248752
https://www.airbnb.com/rooms/950682912004007203,950682912004007203
https://www.airbnb.com/rooms/1088290491714066308,1088290491714066308
https://www.airbnb.com/rooms/1318056824610725442,1318056824610725442
https://www.airbnb.com/rooms/1421278124237133521,1421278124237133521
https://www.airbnb.com/rooms/1421294959436505769,1421294959436505769
https://www.airbnb.com/rooms/1636373066127200951,1636373066127200951
https://www.airbnb.com/rooms/32666179,32666179
https://www.airbnb.com/rooms/571113034834337213,571113034834337213
https://www.airbnb.com/rooms/575433195443724162,575433195443724162
https://www.airbnb.com/rooms/585581618267659285,585581618267659285
https://www.airbnb.com/rooms/590653850968352802,590653850968352802
https://www.airbnb.com/rooms/676158980889157425,676158980889157425
https://www.airbnb.com/rooms/749869008093742573,749869008093742573
https://www.airbnb.com/rooms/1749635761259756487,1749635761259756487
https://www.airbnb.com/rooms/1768520777592629002,1768520777592629002
https://www.airbnb.com/rooms/1341518522945839800,1341518522945839800
https://www.airbnb.com/rooms/1756827829829601302,1756827829829601302
https://www.airbnb.com/rooms/682806282693900590,682806282693900590
https://www.airbnb.com/rooms/7771795,7771795
https://www.airbnb.com/rooms/1148129010736290767,1148129010736290767
https://www.airbnb.com/rooms/714320891833943303,714320891833943303
https://www.airbnb.com/rooms/912970947413054245,912970947413054245
https://www.airbnb.com/rooms/1579276470304649891,1579276470304649891
https://www.airbnb.com/rooms/1607513147666443763,1607513147666443763
https://www.airbnb.com/rooms/49584079,49584079
https://www.airbnb.com/rooms/714324027977243242,714324027977243242
https://www.airbnb.com/rooms/1015066577238301980,1015066577238301980
https://www.airbnb.com/rooms/1025178345911993468,1025178345911993468
https://www.airbnb.com/rooms/1062307508091230600,1062307508091230600
https://www.airbnb.com/rooms/1436245801238883052,1436245801238883052
https://www.airbnb.com/rooms/1751894659478725290,1751894659478725290
https://www.airbnb.com/rooms/2802925,2802925
https://www.airbnb.com/rooms/557396507637744096,557396507637744096
https://www.airbnb.com/rooms/6276671,6276671
https://www.airbnb.com/rooms/1014632321360885062,1014632321360885062
https://www.airbnb.com/rooms/1434902516709206451,1434902516709206451
https://www.airbnb.com/rooms/610685117945112630,610685117945112630
https://www.airbnb.com/rooms/623287889862417111,623287889862417111
https://www.airbnb.com/rooms/639131845527083577,639131845527083577
https://www.airbnb.com/rooms/651328954121366622,651328954121366622
https://www.airbnb.com/rooms/714308615470361683,714308615470361683
https://www.airbnb.com/rooms/714316556236636928,714316556236636928
https://www.airbnb.com/rooms/714330658672895368,714330658672895368
https://www.airbnb.com/rooms/8983414,8983414
https://www.airbnb.com/rooms/1228246611253642696,1228246611253642696
https://www.airbnb.com/rooms/45992548,45992548
https://www.airbnb.com/rooms/712273806888775533,712273806888775533
https://www.airbnb.com/rooms/714318598136775534,714318598136775534
https://www.airbnb.com/rooms/714326114651550319,714326114651550319
https://www.airbnb.com/rooms/714328443954334614,714328443954334614
https://www.airbnb.com/rooms/714332839771026928,714332839771026928
https://www.airbnb.com/rooms/727669868940245932,727669868940245932
https://www.airbnb.com/rooms/20439200,20439200
https://www.airbnb.com/rooms/16026955,16026955
https://www.airbnb.com/rooms/16081511,16081511
https://www.airbnb.com/rooms/2666769,2666769
https://www.airbnb.com/rooms/16083374,16083374
https://www.airbnb.com/rooms/15421188,15421188
https://www.airbnb.com/rooms/15537677,15537677
https://www.airbnb.com/rooms/15990952,15990952
https://www.airbnb.com/rooms/16080042,16080042
https://www.airbnb.com/rooms/16081910,16081910
https://www.airbnb.com/rooms/33615907,33615907
https://www.airbnb.com/rooms/51092209,51092209
https://www.airbnb.com/rooms/1674156903619909406,1674156903619909406
https://www.airbnb.com/rooms/20409576,20409576
https://www.airbnb.com/rooms/1461054272480285873,1461054272480285873
https://www.airbnb.com/rooms/1571255749972513498,1571255749972513498
https://www.airbnb.com/rooms/1506659603206636170,1506659603206636170
https://www.airbnb.com/rooms/684871352352471484,684871352352471484
https://www.airbnb.com/rooms/1299227041414638381,1299227041414638381
https://www.airbnb.com/rooms/1481396397201215880,1481396397201215880
https://www.airbnb.com/rooms/1482919608291490900,1482919608291490900
https://www.airbnb.com/rooms/1492790029628040774,1492790029628040774
https://www.airbnb.com/rooms/1644111337470052449,1644111337470052449
https://www.airbnb.com/rooms/1658906006329297993,1658906006329297993
https://www.airbnb.com/rooms/1663867832864135332,1663867832864135332
https://www.airbnb.com/rooms/1148031132874573193,1148031132874573193
https://www.airbnb.com/rooms/1159355517342705063,1159355517342705063
https://www.airbnb.com/rooms/1293685852240296796,1293685852240296796
https://www.airbnb.com/rooms/1387090894200647850,1387090894200647850
https://www.airbnb.com/rooms/1387221971013302956,1387221971013302956
https://www.airbnb.com/rooms/1426181689048176490,1426181689048176490
https://www.airbnb.com/rooms/1480663568626921023,1480663568626921023
https://www.airbnb.com/rooms/1659087616948789635,1659087616948789635
https://www.airbnb.com/rooms/1701687792516168329,1701687792516168329
https://www.airbnb.com/rooms/958756282403154585,958756282403154585
https://www.airbnb.com/rooms/995656193218227979,995656193218227979
https://www.airbnb.com/rooms/1024050912460114980,1024050912460114980
https://www.airbnb.com/rooms/1045993281747681538,1045993281747681538
https://www.airbnb.com/rooms/1094934759972362805,1094934759972362805
https://www.airbnb.com/rooms/1168255482585207846,1168255482585207846
https://www.airbnb.com/rooms/1216709210864653683,1216709210864653683
https://www.airbnb.com/rooms/1283528813412321851,1283528813412321851
https://www.airbnb.com/rooms/1343657676697754260,1343657676697754260
https://www.airbnb.com/rooms/1395597861882386094,1395597861882386094
https://www.airbnb.com/rooms/1576983417204051806,1576983417204051806
https://www.airbnb.com/rooms/1577157180399404550,1577157180399404550
https://www.airbnb.com/rooms/1655261974735298667,1655261974735298667
https://www.airbnb.com/rooms/1757401569604796341,1757401569604796341
https://www.airbnb.com/rooms/1008876390329822923,1008876390329822923
https://www.airbnb.com/rooms/1019605444586246717,1019605444586246717
https://www.airbnb.com/rooms/1031953057737179977,1031953057737179977
https://www.airbnb.com/rooms/1032022521241666886,1032022521241666886
https://www.airbnb.com/rooms/1126769182600361715,1126769182600361715
https://www.airbnb.com/rooms/1183381996089373723,1183381996089373723
https://www.airbnb.com/rooms/1259790670948114722,1259790670948114722
https://www.airbnb.com/rooms/1284363066709746082,1284363066709746082
https://www.airbnb.com/rooms/1321136673267242465,1321136673267242465
https://www.airbnb.com/rooms/1387219485171252168,1387219485171252168
https://www.airbnb.com/rooms/1416162133226195849,1416162133226195849
https://www.airbnb.com/rooms/1473398630016078578,1473398630016078578
https://www.airbnb.com/rooms/1624713173804050164,1624713173804050164
https://www.airbnb.com/rooms/1018139408547534467,1018139408547534467
https://www.airbnb.com/rooms/1024072287675560074,1024072287675560074
https://www.airbnb.com/rooms/1137061431149976817,1137061431149976817
https://www.airbnb.com/rooms/1300791302884002182,1300791302884002182
https://www.airbnb.com/rooms/1305807512459655646,1305807512459655646
https://www.airbnb.com/rooms/1366785990396703991,1366785990396703991
https://www.airbnb.com/rooms/1395663222425943335,1395663222425943335
https://www.airbnb.com/rooms/1439946629173924767,1439946629173924767
https://www.airbnb.com/rooms/1456797714237129802,1456797714237129802
https://www.airbnb.com/rooms/1548151197031987824,1548151197031987824
https://www.airbnb.com/rooms/1557516989542967750,1557516989542967750
https://www.airbnb.com/rooms/1689999653340406062,1689999653340406062
https://www.airbnb.com/rooms/1021894875985282368,1021894875985282368
https://www.airbnb.com/rooms/1037150528292181726,1037150528292181726
https://www.airbnb.com/rooms/1216711158217558134,1216711158217558134
https://www.airbnb.com/rooms/1257122364973167856,1257122364973167856
https://www.airbnb.com/rooms/1261698082518176210,1261698082518176210
https://www.airbnb.com/rooms/1395647214852407856,1395647214852407856
https://www.airbnb.com/rooms/1453096908304099662,1453096908304099662
https://www.airbnb.com/rooms/1594493534955915982,1594493534955915982
https://www.airbnb.com/rooms/1637437142934082370,1637437142934082370
https://www.airbnb.com/rooms/727605038237852058,727605038237852058
https://www.airbnb.com/rooms/1141333227844051777,1141333227844051777
https://www.airbnb.com/rooms/1173156494641581894,1173156494641581894
https://www.airbnb.com/rooms/1177640495552958278,1177640495552958278
https://www.airbnb.com/rooms/1440614319960265489,1440614319960265489
https://www.airbnb.com/rooms/1470229713421562110,1470229713421562110
https://www.airbnb.com/rooms/1533440125681315230,1533440125681315230
https://www.airbnb.com/rooms/1659107036909196067,1659107036909196067
https://www.airbnb.com/rooms/1663748615290075572,1663748615290075572
https://www.airbnb.com/rooms/1690014006597474310,1690014006597474310
https://www.airbnb.com/rooms/707150536594401777,707150536594401777
https://www.airbnb.com/rooms/998663397669179889,998663397669179889
https://www.airbnb.com/rooms/998537110548667502,998537110548667502
https://www.airbnb.com/rooms/1045803926724061168,1045803926724061168
https://www.airbnb.com/rooms/1047113650990970560,1047113650990970560
https://www.airbnb.com/rooms/1172517673627252635,1172517673627252635
https://www.airbnb.com/rooms/1418115118688552911,1418115118688552911
https://www.airbnb.com/rooms/1593105960372723190,1593105960372723190
https://www.airbnb.com/rooms/1623372621365517405,1623372621365517405
https://www.airbnb.com/rooms/1659058731375910396,1659058731375910396
https://www.airbnb.com/rooms/1759761764514942617,1759761764514942617
https://www.airbnb.com/rooms/1024651572430579396,1024651572430579396
https://www.airbnb.com/rooms/1070536861247109355,1070536861247109355
https://www.airbnb.com/rooms/1191243052622501048,1191243052622501048
https://www.airbnb.com/rooms/1216712363986422189,1216712363986422189
https://www.airbnb.com/rooms/1255037515661267228,1255037515661267228
https://www.airbnb.com/rooms/1257114890493382452,1257114890493382452
https://www.airbnb.com/rooms/1313391941733449708,1313391941733449708
https://www.airbnb.com/rooms/1353892544599178177,1353892544599178177
https://www.airbnb.com/rooms/1366773436822180670,1366773436822180670
https://www.airbnb.com/rooms/1474671593495424634,1474671593495424634
https://www.airbnb.com/rooms/1496431611110331832,1496431611110331832
https://www.airbnb.com/rooms/615437585465249966,615437585465249966
https://www.airbnb.com/rooms/1019010892703609938,1019010892703609938
https://www.airbnb.com/rooms/1126271758245057606,1126271758245057606
https://www.airbnb.com/rooms/1141322310257195122,1141322310257195122
https://www.airbnb.com/rooms/1141335275236850916,1141335275236850916
https://www.airbnb.com/rooms/1185007855357610107,1185007855357610107
https://www.airbnb.com/rooms/1216716926568442948,1216716926568442948
https://www.airbnb.com/rooms/1542806005064859608,1542806005064859608
https://www.airbnb.com/rooms/1577608596395008191,1577608596395008191
https://www.airbnb.com/rooms/1659115789373994865,1659115789373994865
https://www.airbnb.com/rooms/1688025459745130460,1688025459745130460
https://www.airbnb.com/rooms/634156355566389631,634156355566389631
https://www.airbnb.com/rooms/671693511801062629,671693511801062629
https://www.airbnb.com/rooms/986149080634330438,986149080634330438
https://www.airbnb.com/rooms/995759770672690720,995759770672690720
https://www.airbnb.com/rooms/1094908561571120180,1094908561571120180
https://www.airbnb.com/rooms/1094939728313239783,1094939728313239783
https://www.airbnb.com/rooms/1144330764406431091,1144330764406431091
https://www.airbnb.com/rooms/1145069723567320193,1145069723567320193
https://www.airbnb.com/rooms/1145111611527022249,1145111611527022249
https://www.airbnb.com/rooms/1261973862724776565,1261973862724776565
https://www.airbnb.com/rooms/1321761976468024587,1321761976468024587
https://www.airbnb.com/rooms/1331138773265655625,1331138773265655625
https://www.airbnb.com/rooms/1493745241457966714,1493745241457966714
https://www.airbnb.com/rooms/1659102583112835521,1659102583112835521
https://www.airbnb.com/rooms/1669784624859067459,1669784624859067459
https://www.airbnb.com/rooms/1697162004138551301,1697162004138551301
https://www.airbnb.com/rooms/1091470917113803627,1091470917113803627
https://www.airbnb.com/rooms/1092182416902234024,1092182416902234024
https://www.airbnb.com/rooms/1143344009097865175,1143344009097865175
https://www.airbnb.com/rooms/1144323692190717453,1144323692190717453
https://www.airbnb.com/rooms/1198496588701822919,1198496588701822919
https://www.airbnb.com/rooms/1409687692181354629,1409687692181354629
https://www.airbnb.com/rooms/1453237577645355461,1453237577645355461
https://www.airbnb.com/rooms/1659309551894765958,1659309551894765958
https://www.airbnb.com/rooms/775441834203190063,775441834203190063
https://www.airbnb.com/rooms/1173429477352153965,1173429477352153965
https://www.airbnb.com/rooms/1288387489343642002,1288387489343642002
https://www.airbnb.com/rooms/1442213145617442567,1442213145617442567
https://www.airbnb.com/rooms/1533256099524031093,1533256099524031093
https://www.airbnb.com/rooms/1582906725803491744,1582906725803491744
https://www.airbnb.com/rooms/1658239157779422524,1658239157779422524
https://www.airbnb.com/rooms/1751951467195389529,1751951467195389529
https://www.airbnb.com/rooms/1440618230326061243,1440618230326061243
https://www.airbnb.com/rooms/1603699774528247391,1603699774528247391
https://www.airbnb.com/rooms/1624758964059509826,1624758964059509826
https://www.airbnb.com/rooms/1720533169131013702,1720533169131013702
https://www.airbnb.com/rooms/1732742611005216021,1732742611005216021
https://www.airbnb.com/rooms/48157076,48157076
https://www.airbnb.com/rooms/53999385,53999385
https://www.airbnb.com/rooms/54065984,54065984
https://www.airbnb.com/rooms/54070577,54070577
https://www.airbnb.com/rooms/827485097860063874,827485097860063874
https://www.airbnb.com/rooms/948167423820923278,948167423820923278
https://www.airbnb.com/rooms/955083420085763007,955083420085763007
https://www.airbnb.com/rooms/54242251,54242251
https://www.airbnb.com/rooms/954971482603170057,954971482603170057
https://www.airbnb.com/rooms/1082768133746649716,1082768133746649716
https://www.airbnb.com/rooms/12410928,12410928
https://www.airbnb.com/rooms/1478659408125241902,1478659408125241902
https://www.airbnb.com/rooms/1684160893995533603,1684160893995533603
https://www.airbnb.com/rooms/1684269921289686742,1684269921289686742
https://www.airbnb.com/rooms/1684270056083235052,1684270056083235052
https://www.airbnb.com/rooms/1755438428809322440,1755438428809322440
https://www.airbnb.com/rooms/1755919970268061221,1755919970268061221
https://www.airbnb.com/rooms/18430077,18430077
https://www.airbnb.com/rooms/18548337,18548337
https://www.airbnb.com/rooms/51773456,51773456
https://www.airbnb.com/rooms/541925379681878334,541925379681878334
https://www.airbnb.com/rooms/753484614881789653,753484614881789653
https://www.airbnb.com/rooms/1302525485753143187,1302525485753143187
https://www.airbnb.com/rooms/1332029179128133136,1332029179128133136
https://www.airbnb.com/rooms/1339931896681865926,1339931896681865926
https://www.airbnb.com/rooms/1344428760703543386,1344428760703543386
https://www.airbnb.com/rooms/1346029884355388318,1346029884355388318
https://www.airbnb.com/rooms/1607326439389153260,1607326439389153260
https://www.airbnb.com/rooms/1737041814844981224,1737041814844981224
https://www.airbnb.com/rooms/30854396,30854396
https://www.airbnb.com/rooms/616150504874205943,616150504874205943
https://www.airbnb.com/rooms/6600619,6600619
https://www.airbnb.com/rooms/1056678219679017531,1056678219679017531
https://www.airbnb.com/rooms/1302296577338767233,1302296577338767233
https://www.airbnb.com/rooms/1345806211395494407,1345806211395494407
https://www.airbnb.com/rooms/1391357770372216007,1391357770372216007
https://www.airbnb.com/rooms/1392186309934702757,1392186309934702757
https://www.airbnb.com/rooms/1408040684068244922,1408040684068244922
https://www.airbnb.com/rooms/14153973,14153973
https://www.airbnb.com/rooms/1485728062818666963,1485728062818666963
https://www.airbnb.com/rooms/1500980324660461664,1500980324660461664
https://www.airbnb.com/rooms/1503018898080330142,1503018898080330142
https://www.airbnb.com/rooms/15863202,15863202
https://www.airbnb.com/rooms/1635828765211065800,1635828765211065800
https://www.airbnb.com/rooms/1709411316607055372,1709411316607055372
https://www.airbnb.com/rooms/21076644,21076644
https://www.airbnb.com/rooms/45922478,45922478
https://www.airbnb.com/rooms/616131177560029016,616131177560029016
https://www.airbnb.com/rooms/7367968,7367968
https://www.airbnb.com/rooms/1232679686503456764,1232679686503456764
https://www.airbnb.com/rooms/1329117404866192834,1329117404866192834
https://www.airbnb.com/rooms/1357464093574278585,1357464093574278585
https://www.airbnb.com/rooms/1391361174237569422,1391361174237569422
https://www.airbnb.com/rooms/1434269802181363628,1434269802181363628
https://www.airbnb.com/rooms/1474780097890983347,1474780097890983347
https://www.airbnb.com/rooms/1477678153111413798,1477678153111413798
https://www.airbnb.com/rooms/1486506095670723525,1486506095670723525
https://www.airbnb.com/rooms/1500002433644523022,1500002433644523022
https://www.airbnb.com/rooms/1552391679096528174,1552391679096528174
https://www.airbnb.com/rooms/1607326435661304147,1607326435661304147
https://www.airbnb.com/rooms/22770048,22770048
https://www.airbnb.com/rooms/4275484,4275484
https://www.airbnb.com/rooms/47216725,47216725
https://www.airbnb.com/rooms/50916161,50916161
https://www.airbnb.com/rooms/1181877889151914954,1181877889151914954
https://www.airbnb.com/rooms/12763495,12763495
https://www.airbnb.com/rooms/1301604155872165384,1301604155872165384
https://www.airbnb.com/rooms/1337037615622426256,1337037615622426256
https://www.airbnb.com/rooms/1500961967571118816,1500961967571118816
https://www.airbnb.com/rooms/1528371948097679263,1528371948097679263
https://www.airbnb.com/rooms/1529322589716814910,1529322589716814910
https://www.airbnb.com/rooms/1529383009096563527,1529383009096563527
https://www.airbnb.com/rooms/1558817198329565796,1558817198329565796
https://www.airbnb.com/rooms/1608060269759325535,1608060269759325535
https://www.airbnb.com/rooms/1634698476267480728,1634698476267480728
https://www.airbnb.com/rooms/1725365981265873984,1725365981265873984
https://www.airbnb.com/rooms/32337830,32337830
https://www.airbnb.com/rooms/52890946,52890946
https://www.airbnb.com/rooms/1199956976163891111,1199956976163891111
https://www.airbnb.com/rooms/1202358268234958357,1202358268234958357
https://www.airbnb.com/rooms/1325460647980005931,1325460647980005931
https://www.airbnb.com/rooms/1328325915636358856,1328325915636358856
https://www.airbnb.com/rooms/1337035424092199862,1337035424092199862
https://www.airbnb.com/rooms/1416639975345965645,1416639975345965645
https://www.airbnb.com/rooms/1549383201788857168,1549383201788857168
https://www.airbnb.com/rooms/1562334494390488791,1562334494390488791
https://www.airbnb.com/rooms/1579935528852093374,1579935528852093374
https://www.airbnb.com/rooms/1679629488741673691,1679629488741673691
https://www.airbnb.com/rooms/1768988347788092670,1768988347788092670
https://www.airbnb.com/rooms/18582880,18582880
https://www.airbnb.com/rooms/50194230,50194230
https://www.airbnb.com/rooms/50916580,50916580
https://www.airbnb.com/rooms/766889348916588682,766889348916588682
https://www.airbnb.com/rooms/7761551,7761551
https://www.airbnb.com/rooms/1018758022238172072,1018758022238172072
https://www.airbnb.com/rooms/1042967064049451577,1042967064049451577
https://www.airbnb.com/rooms/1043434189808326429,1043434189808326429
https://www.airbnb.com/rooms/1162607326511141677,1162607326511141677
https://www.airbnb.com/rooms/1400139452425102249,1400139452425102249
https://www.airbnb.com/rooms/1432926456073188412,1432926456073188412
https://www.airbnb.com/rooms/1529788184345118728,1529788184345118728
https://www.airbnb.com/rooms/1549308188403084249,1549308188403084249
https://www.airbnb.com/rooms/32064052,32064052
https://www.airbnb.com/rooms/33342479,33342479
https://www.airbnb.com/rooms/50618540,50618540
https://www.airbnb.com/rooms/633414452640522867,633414452640522867
https://www.airbnb.com/rooms/870206926201495429,870206926201495429
https://www.airbnb.com/rooms/873897444591677189,873897444591677189
https://www.airbnb.com/rooms/899253634186650476,899253634186650476
https://www.airbnb.com/rooms/1222547425469398928,1222547425469398928
https://www.airbnb.com/rooms/1364759877996393212,1364759877996393212
https://www.airbnb.com/rooms/1567514809593647320,1567514809593647320
https://www.airbnb.com/rooms/1752216000337437757,1752216000337437757
https://www.airbnb.com/rooms/1763066454433174248,1763066454433174248
https://www.airbnb.com/rooms/19252137,19252137
https://www.airbnb.com/rooms/21771280,21771280
https://www.airbnb.com/rooms/22655043,22655043
https://www.airbnb.com/rooms/42584155,42584155
https://www.airbnb.com/rooms/42605012,42605012
https://www.airbnb.com/rooms/43402437,43402437
https://www.airbnb.com/rooms/53105604,53105604
https://www.airbnb.com/rooms/636990988571826358,636990988571826358
https://www.airbnb.com/rooms/960157970271949290,960157970271949290
https://www.airbnb.com/rooms/960157988463588433,960157988463588433
https://www.airbnb.com/rooms/960189628060719158,960189628060719158
https://www.airbnb.com/rooms/997595230705101953,997595230705101953
https://www.airbnb.com/rooms/1023132863608127141,1023132863608127141
https://www.airbnb.com/rooms/1264462420909379372,1264462420909379372
https://www.airbnb.com/rooms/1481170729145542671,1481170729145542671
https://www.airbnb.com/rooms/1481174170099770115,1481174170099770115
https://www.airbnb.com/rooms/1583687631759772921,1583687631759772921
https://www.airbnb.com/rooms/1607326440836726914,1607326440836726914
https://www.airbnb.com/rooms/1752960779434425141,1752960779434425141
https://www.airbnb.com/rooms/22569739,22569739
https://www.airbnb.com/rooms/22960233,22960233
https://www.airbnb.com/rooms/42605009,42605009
https://www.airbnb.com/rooms/46894740,46894740
https://www.airbnb.com/rooms/47868157,47868157
https://www.airbnb.com/rooms/47868162,47868162
https://www.airbnb.com/rooms/53398044,53398044
https://www.airbnb.com/rooms/54291984,54291984
https://www.airbnb.com/rooms/804281530461226493,804281530461226493
https://www.airbnb.com/rooms/924076402217225856,924076402217225856
https://www.airbnb.com/rooms/953648326158801848,953648326158801848
https://www.airbnb.com/rooms/1035614020575860175,1035614020575860175
https://www.airbnb.com/rooms/1264474556933825729,1264474556933825729
https://www.airbnb.com/rooms/1264510445988493832,1264510445988493832
https://www.airbnb.com/rooms/1481170559644051727,1481170559644051727
https://www.airbnb.com/rooms/1481170968672356972,1481170968672356972
https://www.airbnb.com/rooms/1481173761546263750,1481173761546263750
https://www.airbnb.com/rooms/1481174032196952201,1481174032196952201
https://www.airbnb.com/rooms/1653106760985189611,1653106760985189611
https://www.airbnb.com/rooms/22925475,22925475
https://www.airbnb.com/rooms/766226142947165234,766226142947165234
https://www.airbnb.com/rooms/787635910757727061,787635910757727061
https://www.airbnb.com/rooms/20017304,20017304
https://www.airbnb.com/rooms/1089492203815317887,1089492203815317887
https://www.airbnb.com/rooms/1421295080374939488,1421295080374939488
https://www.airbnb.com/rooms/1542217760815888534,1542217760815888534
https://www.airbnb.com/rooms/1757062340695451457,1757062340695451457
https://www.airbnb.com/rooms/20156393,20156393
https://www.airbnb.com/rooms/1160774781356970212,1160774781356970212
https://www.airbnb.com/rooms/1762607795689819214,1762607795689819214
https://www.airbnb.com/rooms/19923263,19923263
https://www.airbnb.com/rooms/1757086474371412261,1757086474371412261
https://www.airbnb.com/rooms/937607075619428046,937607075619428046
https://www.airbnb.com/rooms/985532848099409020,985532848099409020
https://www.airbnb.com/rooms/1042178165901400543,1042178165901400543
https://www.airbnb.com/rooms/1495865706122672870,1495865706122672870
https://www.airbnb.com/rooms/1623962757431162469,1623962757431162469
https://www.airbnb.com/rooms/1626830143381689647,1626830143381689647
https://www.airbnb.com/rooms/1495868212010071839,1495868212010071839
https://www.airbnb.com/rooms/1495883827466515519,1495883827466515519
https://www.airbnb.com/rooms/1495890972975843114,1495890972975843114
https://www.airbnb.com/rooms/1495891353401361331,1495891353401361331
https://www.airbnb.com/rooms/1495907468376923157,1495907468376923157
https://www.airbnb.com/rooms/1669296828077027777,1669296828077027777
https://www.airbnb.com/rooms/1495890899018038344,1495890899018038344
https://www.airbnb.com/rooms/1533297064267207060,1533297064267207060
https://www.airbnb.com/rooms/1626830656890483254,1626830656890483254
https://www.airbnb.com/rooms/1703000571414807125,1703000571414807125
https://www.airbnb.com/rooms/1495889866103707456,1495889866103707456
https://www.airbnb.com/rooms/1623952695097015122,1623952695097015122
https://www.airbnb.com/rooms/1495907050754948290,1495907050754948290
https://www.airbnb.com/rooms/1495903967073752093,1495903967073752093
https://www.airbnb.com/rooms/1502310124378776274,1502310124378776274
https://www.airbnb.com/rooms/1517498406980268839,1517498406980268839
https://www.airbnb.com/rooms/1720525392917186051,1720525392917186051
https://www.airbnb.com/rooms/1737000411593311509,1737000411593311509
https://www.airbnb.com/rooms/33748527,33748527
https://www.airbnb.com/rooms/52087886,52087886
https://www.airbnb.com/rooms/53361206,53361206
https://www.airbnb.com/rooms/54369849,54369849
https://www.airbnb.com/rooms/590045319275143627,590045319275143627
https://www.airbnb.com/rooms/694264109020724833,694264109020724833
https://www.airbnb.com/rooms/1258301323748600410,1258301323748600410
https://www.airbnb.com/rooms/1431936171965636917,1431936171965636917
https://www.airbnb.com/rooms/1439981122758103786,1439981122758103786
https://www.airbnb.com/rooms/1709661590069587517,1709661590069587517
https://www.airbnb.com/rooms/1720446494714110064,1720446494714110064
https://www.airbnb.com/rooms/1735969982224620876,1735969982224620876
https://www.airbnb.com/rooms/1738456327226162358,1738456327226162358
https://www.airbnb.com/rooms/1770372299291482296,1770372299291482296
https://www.airbnb.com/rooms/34466318,34466318
https://www.airbnb.com/rooms/40615827,40615827
https://www.airbnb.com/rooms/42981113,42981113
https://www.airbnb.com/rooms/50263861,50263861
https://www.airbnb.com/rooms/52086870,52086870
https://www.airbnb.com/rooms/53262835,53262835
https://www.airbnb.com/rooms/53973132,53973132
https://www.airbnb.com/rooms/72906,72906
https://www.airbnb.com/rooms/826378623527696635,826378623527696635
https://www.airbnb.com/rooms/971134945724352291,971134945724352291
https://www.airbnb.com/rooms/12310554,12310554
https://www.airbnb.com/rooms/1720468165196405576,1720468165196405576
https://www.airbnb.com/rooms/1735970477401844817,1735970477401844817
https://www.airbnb.com/rooms/1761770356539263282,1761770356539263282
https://www.airbnb.com/rooms/19906783,19906783
https://www.airbnb.com/rooms/20271121,20271121
https://www.airbnb.com/rooms/20456848,20456848
https://www.airbnb.com/rooms/30422767,30422767
https://www.airbnb.com/rooms/44752230,44752230
https://www.airbnb.com/rooms/44752240,44752240
https://www.airbnb.com/rooms/52517383,52517383
https://www.airbnb.com/rooms/54019502,54019502
https://www.airbnb.com/rooms/54250223,54250223
https://www.airbnb.com/rooms/54370096,54370096
https://www.airbnb.com/rooms/547106685230630704,547106685230630704
https://www.airbnb.com/rooms/806059066622611938,806059066622611938
https://www.airbnb.com/rooms/958769939324352908,958769939324352908
https://www.airbnb.com/rooms/1096216535031746791,1096216535031746791
https://www.airbnb.com/rooms/1374722290823948742,1374722290823948742
https://www.airbnb.com/rooms/1539314683584820192,1539314683584820192
https://www.airbnb.com/rooms/1669785669519909605,1669785669519909605
https://www.airbnb.com/rooms/1735972473792491365,1735972473792491365
https://www.airbnb.com/rooms/1736318319312947965,1736318319312947965
https://www.airbnb.com/rooms/1736999028787608390,1736999028787608390
https://www.airbnb.com/rooms/1766078979471585494,1766078979471585494
https://www.airbnb.com/rooms/20458812,20458812
https://www.airbnb.com/rooms/20463556,20463556
https://www.airbnb.com/rooms/23169939,23169939
https://www.airbnb.com/rooms/23421373,23421373
https://www.airbnb.com/rooms/34446875,34446875
https://www.airbnb.com/rooms/42092953,42092953
https://www.airbnb.com/rooms/42980928,42980928
https://www.airbnb.com/rooms/44752011,44752011
https://www.airbnb.com/rooms/52566401,52566401
https://www.airbnb.com/rooms/555003852503118983,555003852503118983
https://www.airbnb.com/rooms/1324790704361362314,1324790704361362314
https://www.airbnb.com/rooms/1374737489532871476,1374737489532871476
https://www.airbnb.com/rooms/1460145047698264224,1460145047698264224
https://www.airbnb.com/rooms/1632807437938313227,1632807437938313227
https://www.airbnb.com/rooms/1720442825881557943,1720442825881557943
https://www.airbnb.com/rooms/1720450754820203076,1720450754820203076
https://www.airbnb.com/rooms/1720457165504115652,1720457165504115652
https://www.airbnb.com/rooms/1720511198632713438,1720511198632713438
https://www.airbnb.com/rooms/1720518824697093954,1720518824697093954
https://www.airbnb.com/rooms/1720523411780036438,1720523411780036438
https://www.airbnb.com/rooms/1720526355622875996,1720526355622875996
https://www.airbnb.com/rooms/1736317110021931367,1736317110021931367
https://www.airbnb.com/rooms/42892801,42892801
https://www.airbnb.com/rooms/42922501,42922501
https://www.airbnb.com/rooms/51187513,51187513
https://www.airbnb.com/rooms/53850709,53850709
https://www.airbnb.com/rooms/745692979312054188,745692979312054188
https://www.airbnb.com/rooms/821634329666139205,821634329666139205
https://www.airbnb.com/rooms/1021714298678664641,1021714298678664641
https://www.airbnb.com/rooms/1066021435973962222,1066021435973962222
https://www.airbnb.com/rooms/1536881035031302630,1536881035031302630
https://www.airbnb.com/rooms/1656053165956403648,1656053165956403648
https://www.airbnb.com/rooms/1664670785269379159,1664670785269379159
https://www.airbnb.com/rooms/1672608423565036950,1672608423565036950
https://www.airbnb.com/rooms/1684410404053284796,1684410404053284796
https://www.airbnb.com/rooms/1720509897805111971,1720509897805111971
https://www.airbnb.com/rooms/1720512406217103547,1720512406217103547
https://www.airbnb.com/rooms/1720517695210158239,1720517695210158239
https://www.airbnb.com/rooms/1736293309760474876,1736293309760474876
https://www.airbnb.com/rooms/1766079021243225648,1766079021243225648
https://www.airbnb.com/rooms/20462670,20462670
https://www.airbnb.com/rooms/20846294,20846294
https://www.airbnb.com/rooms/40777622,40777622
https://www.airbnb.com/rooms/43946484,43946484
https://www.airbnb.com/rooms/53611190,53611190
https://www.airbnb.com/rooms/544924300192813001,544924300192813001
https://www.airbnb.com/rooms/1021792587329330242,1021792587329330242
https://www.airbnb.com/rooms/1021833581287551891,1021833581287551891
https://www.airbnb.com/rooms/1399520155364480173,1399520155364480173
https://www.airbnb.com/rooms/15706984,15706984
https://www.airbnb.com/rooms/1656022346719254737,1656022346719254737
https://www.airbnb.com/rooms/1720527430453567613,1720527430453567613
https://www.airbnb.com/rooms/1736316263223697395,1736316263223697395
https://www.airbnb.com/rooms/18876698,18876698
https://www.airbnb.com/rooms/40615057,40615057
https://www.airbnb.com/rooms/40728683,40728683
https://www.airbnb.com/rooms/42540917,42540917
https://www.airbnb.com/rooms/51470832,51470832
https://www.airbnb.com/rooms/52670983,52670983
https://www.airbnb.com/rooms/562287860381810750,562287860381810750
https://www.airbnb.com/rooms/812376307397372374,812376307397372374
https://www.airbnb.com/rooms/812400097200295917,812400097200295917
https://www.airbnb.com/rooms/878380466198144072,878380466198144072
https://www.airbnb.com/rooms/1132754306609973190,1132754306609973190
https://www.airbnb.com/rooms/1536879569377888381,1536879569377888381
https://www.airbnb.com/rooms/1536880491079192748,1536880491079192748
https://www.airbnb.com/rooms/1600172543604669323,1600172543604669323
https://www.airbnb.com/rooms/1656023419840310398,1656023419840310398
https://www.airbnb.com/rooms/1664670857701429899,1664670857701429899
https://www.airbnb.com/rooms/1664690989926749959,1664690989926749959
https://www.airbnb.com/rooms/1689989164657761180,1689989164657761180
https://www.airbnb.com/rooms/1720445141280493514,1720445141280493514
https://www.airbnb.com/rooms/1720524604895934146,1720524604895934146
https://www.airbnb.com/rooms/1730546086788776815,1730546086788776815
https://www.airbnb.com/rooms/1736296069050834929,1736296069050834929
https://www.airbnb.com/rooms/53289055,53289055
https://www.airbnb.com/rooms/54149600,54149600
https://www.airbnb.com/rooms/660808895374366564,660808895374366564
https://www.airbnb.com/rooms/812405881338506778,812405881338506778
https://www.airbnb.com/rooms/865080373058226211,865080373058226211
https://www.airbnb.com/rooms/983299465263869070,983299465263869070
https://www.airbnb.com/rooms/1462552104981625351,1462552104981625351
https://www.airbnb.com/rooms/926672143415808089,926672143415808089
https://www.airbnb.com/rooms/1019600619252516523,1019600619252516523
https://www.airbnb.com/rooms/12853699,12853699
https://www.airbnb.com/rooms/53386504,53386504
https://www.airbnb.com/rooms/1393923847755588358,1393923847755588358
https://www.airbnb.com/rooms/1446796352607553662,1446796352607553662
https://www.airbnb.com/rooms/1565423444529649030,1565423444529649030
https://www.airbnb.com/rooms/1593057737547146579,1593057737547146579
https://www.airbnb.com/rooms/1709520583916332012,1709520583916332012
https://www.airbnb.com/rooms/17143440,17143440
https://www.airbnb.com/rooms/25007949,25007949
https://www.airbnb.com/rooms/33855021,33855021
https://www.airbnb.com/rooms/34943422,34943422
https://www.airbnb.com/rooms/42349517,42349517
https://www.airbnb.com/rooms/4810344,4810344
https://www.airbnb.com/rooms/601397314960853554,601397314960853554
https://www.airbnb.com/rooms/611753523863114857,611753523863114857
https://www.airbnb.com/rooms/7399827,7399827
https://www.airbnb.com/rooms/981080661906598358,981080661906598358
https://www.airbnb.com/rooms/1050149658893842352,1050149658893842352
https://www.airbnb.com/rooms/1176865015215845522,1176865015215845522
https://www.airbnb.com/rooms/1603886522988255769,1603886522988255769
https://www.airbnb.com/rooms/1611782386049643860,1611782386049643860
https://www.airbnb.com/rooms/24945661,24945661
https://www.airbnb.com/rooms/2950152,2950152
https://www.airbnb.com/rooms/39608956,39608956
https://www.airbnb.com/rooms/43117387,43117387
https://www.airbnb.com/rooms/50289185,50289185
https://www.airbnb.com/rooms/54291804,54291804
https://www.airbnb.com/rooms/564376897741088602,564376897741088602
https://www.airbnb.com/rooms/609221861335188577,609221861335188577
https://www.airbnb.com/rooms/626217541846823591,626217541846823591
https://www.airbnb.com/rooms/780624913562416766,780624913562416766
https://www.airbnb.com/rooms/1170919060671904248,1170919060671904248
https://www.airbnb.com/rooms/1452317860429162983,1452317860429162983
https://www.airbnb.com/rooms/1582094677289680913,1582094677289680913
https://www.airbnb.com/rooms/1775455829710943729,1775455829710943729
https://www.airbnb.com/rooms/36241458,36241458
https://www.airbnb.com/rooms/36733565,36733565
https://www.airbnb.com/rooms/40250589,40250589
https://www.airbnb.com/rooms/49815530,49815530
https://www.airbnb.com/rooms/564376411192699918,564376411192699918
https://www.airbnb.com/rooms/564376605956289231,564376605956289231
https://www.airbnb.com/rooms/634943607813950419,634943607813950419
https://www.airbnb.com/rooms/738290085818084877,738290085818084877
https://www.airbnb.com/rooms/900743195006250972,900743195006250972
https://www.airbnb.com/rooms/960380867280616846,960380867280616846
https://www.airbnb.com/rooms/1056512664289370860,1056512664289370860
https://www.airbnb.com/rooms/1125495867655889102,1125495867655889102
https://www.airbnb.com/rooms/1334171523042651292,1334171523042651292
https://www.airbnb.com/rooms/1555332370326783684,1555332370326783684
https://www.airbnb.com/rooms/1781942606035045834,1781942606035045834
https://www.airbnb.com/rooms/24774210,24774210
https://www.airbnb.com/rooms/41471566,41471566
https://www.airbnb.com/rooms/50136696,50136696
https://www.airbnb.com/rooms/52134009,52134009
https://www.airbnb.com/rooms/565200216642718660,565200216642718660
https://www.airbnb.com/rooms/628189268272183331,628189268272183331
https://www.airbnb.com/rooms/745692768400397277,745692768400397277
https://www.airbnb.com/rooms/841200619837538668,841200619837538668
https://www.airbnb.com/rooms/913303082962544589,913303082962544589
https://www.airbnb.com/rooms/1116586873565247441,1116586873565247441
https://www.airbnb.com/rooms/1164404822836717006,1164404822836717006
https://www.airbnb.com/rooms/1186300222980995037,1186300222980995037
https://www.airbnb.com/rooms/23085827,23085827
https://www.airbnb.com/rooms/38414300,38414300
https://www.airbnb.com/rooms/40632393,40632393
https://www.airbnb.com/rooms/42352855,42352855
https://www.airbnb.com/rooms/50284842,50284842
https://www.airbnb.com/rooms/51961681,51961681
https://www.airbnb.com/rooms/52318392,52318392
https://www.airbnb.com/rooms/53606851,53606851
https://www.airbnb.com/rooms/564377192770753576,564377192770753576
https://www.airbnb.com/rooms/715100589167853519,715100589167853519
https://www.airbnb.com/rooms/739013037781188420,739013037781188420
https://www.airbnb.com/rooms/934140386912459010,934140386912459010
https://www.airbnb.com/rooms/1056484196549552864,1056484196549552864
https://www.airbnb.com/rooms/1116627225971997067,1116627225971997067
https://www.airbnb.com/rooms/1199401603334619222,1199401603334619222
https://www.airbnb.com/rooms/13164780,13164780
https://www.airbnb.com/rooms/1498711741440392008,1498711741440392008
https://www.airbnb.com/rooms/1612558563410627226,1612558563410627226
https://www.airbnb.com/rooms/1668251161046435111,1668251161046435111
https://www.airbnb.com/rooms/21139386,21139386
https://www.airbnb.com/rooms/25735663,25735663
https://www.airbnb.com/rooms/48026480,48026480
https://www.airbnb.com/rooms/51040311,51040311
https://www.airbnb.com/rooms/745693578780515379,745693578780515379
https://www.airbnb.com/rooms/10617955,10617955
https://www.airbnb.com/rooms/1090588972129046279,1090588972129046279
https://www.airbnb.com/rooms/1183336232733554407,1183336232733554407
https://www.airbnb.com/rooms/1507402680670178807,1507402680670178807
https://www.airbnb.com/rooms/35531051,35531051
https://www.airbnb.com/rooms/39893596,39893596
https://www.airbnb.com/rooms/46354422,46354422
https://www.airbnb.com/rooms/52464514,52464514
https://www.airbnb.com/rooms/53454686,53454686
https://www.airbnb.com/rooms/5352951,5352951
https://www.airbnb.com/rooms/53898800,53898800
https://www.airbnb.com/rooms/539744195706642404,539744195706642404
https://www.airbnb.com/rooms/696230369035789330,696230369035789330
https://www.airbnb.com/rooms/1056469100112854699,1056469100112854699
https://www.airbnb.com/rooms/1162377041727220524,1162377041727220524
https://www.airbnb.com/rooms/1176931830342325237,1176931830342325237
https://www.airbnb.com/rooms/1345704398494106398,1345704398494106398
https://www.airbnb.com/rooms/1495682849990377893,1495682849990377893
https://www.airbnb.com/rooms/1684951932457134047,1684951932457134047
https://www.airbnb.com/rooms/42351645,42351645
https://www.airbnb.com/rooms/42405143,42405143
https://www.airbnb.com/rooms/44589943,44589943
https://www.airbnb.com/rooms/50103650,50103650
https://www.airbnb.com/rooms/53778600,53778600
https://www.airbnb.com/rooms/53784328,53784328
https://www.airbnb.com/rooms/825280764937932726,825280764937932726
https://www.airbnb.com/rooms/953770544177428731,953770544177428731
https://www.airbnb.com/rooms/953870013038161835,953870013038161835
https://www.airbnb.com/rooms/1056523675877586431,1056523675877586431
https://www.airbnb.com/rooms/34466389,34466389
https://www.airbnb.com/rooms/36262820,36262820
https://www.airbnb.com/rooms/52673697,52673697
https://www.airbnb.com/rooms/52684431,52684431
https://www.airbnb.com/rooms/5338971,5338971
https://www.airbnb.com/rooms/54146545,54146545
https://www.airbnb.com/rooms/54194272,54194272
https://www.airbnb.com/rooms/544838017846309323,544838017846309323
https://www.airbnb.com/rooms/6703990,6703990
https://www.airbnb.com/rooms/687892092629734916,687892092629734916
https://www.airbnb.com/rooms/745593381951708795,745593381951708795
https://www.airbnb.com/rooms/1040105405613914932,1040105405613914932
https://www.airbnb.com/rooms/1570508771976443744,1570508771976443744
https://www.airbnb.com/rooms/23646000,23646000
https://www.airbnb.com/rooms/50466272,50466272
https://www.airbnb.com/rooms/50486022,50486022
https://www.airbnb.com/rooms/547004546123973765,547004546123973765
https://www.airbnb.com/rooms/638460604227329482,638460604227329482
https://www.airbnb.com/rooms/655147030078359622,655147030078359622
https://www.airbnb.com/rooms/1116640416294366627,1116640416294366627
https://www.airbnb.com/rooms/1229688579364711221,1229688579364711221
https://www.airbnb.com/rooms/1229843007931850637,1229843007931850637
https://www.airbnb.com/rooms/1456644427074582304,1456644427074582304
https://www.airbnb.com/rooms/1735970661618285428,1735970661618285428
https://www.airbnb.com/rooms/25807003,25807003
https://www.airbnb.com/rooms/44647327,44647327
https://www.airbnb.com/rooms/45192626,45192626
https://www.airbnb.com/rooms/50440738,50440738
https://www.airbnb.com/rooms/585505579863985763,585505579863985763
https://www.airbnb.com/rooms/6119843,6119843
https://www.airbnb.com/rooms/645022492111270016,645022492111270016
https://www.airbnb.com/rooms/788295798697610212,788295798697610212
https://www.airbnb.com/rooms/829128850424705956,829128850424705956
https://www.airbnb.com/rooms/1076740957680171542,1076740957680171542
https://www.airbnb.com/rooms/1512563196538557982,1512563196538557982
https://www.airbnb.com/rooms/1539167669810771689,1539167669810771689
https://www.airbnb.com/rooms/42374689,42374689
https://www.airbnb.com/rooms/1399418378652606712,1399418378652606712
https://www.airbnb.com/rooms/1624574637582752462,1624574637582752462
https://www.airbnb.com/rooms/1740644756666159878,1740644756666159878
https://www.airbnb.com/rooms/544356304045052612,544356304045052612
https://www.airbnb.com/rooms/634837162467437440,634837162467437440
https://www.airbnb.com/rooms/1091452796164885221,1091452796164885221
https://www.airbnb.com/rooms/1181095796850199916,1181095796850199916
https://www.airbnb.com/rooms/1399312557545243507,1399312557545243507
https://www.airbnb.com/rooms/1456820305294731061,1456820305294731061
https://www.airbnb.com/rooms/1482718344434137087,1482718344434137087
https://www.airbnb.com/rooms/1613096100831840476,1613096100831840476
https://www.airbnb.com/rooms/1624590919148256958,1624590919148256958
https://www.airbnb.com/rooms/42048197,42048197
https://www.airbnb.com/rooms/884709011515575081,884709011515575081
https://www.airbnb.com/rooms/1077800571159031492,1077800571159031492
https://www.airbnb.com/rooms/1461547374431469800,1461547374431469800
https://www.airbnb.com/rooms/1501434035049380877,1501434035049380877
https://www.airbnb.com/rooms/33448466,33448466
https://www.airbnb.com/rooms/40203107,40203107
https://www.airbnb.com/rooms/42023814,42023814
https://www.airbnb.com/rooms/53138027,53138027
https://www.airbnb.com/rooms/1077800979490832817,1077800979490832817
https://www.airbnb.com/rooms/1400716460128647588,1400716460128647588
https://www.airbnb.com/rooms/1452516571706917347,1452516571706917347
https://www.airbnb.com/rooms/1461103149789802169,1461103149789802169
https://www.airbnb.com/rooms/1497822999165326491,1497822999165326491
https://www.airbnb.com/rooms/1498434355936866517,1498434355936866517
https://www.airbnb.com/rooms/1624909530843100798,1624909530843100798
https://www.airbnb.com/rooms/1751405925332335123,1751405925332335123
https://www.airbnb.com/rooms/1077800720261872790,1077800720261872790
https://www.airbnb.com/rooms/1077800953371225020,1077800953371225020
https://www.airbnb.com/rooms/1191273730052055746,1191273730052055746
https://www.airbnb.com/rooms/1454803288032390488,1454803288032390488
https://www.airbnb.com/rooms/1474011990671564584,1474011990671564584
https://www.airbnb.com/rooms/17619893,17619893
https://www.airbnb.com/rooms/29818977,29818977
https://www.airbnb.com/rooms/905232373261210686,905232373261210686
https://www.airbnb.com/rooms/1442384874256366923,1442384874256366923
https://www.airbnb.com/rooms/1458103944540345121,1458103944540345121
https://www.airbnb.com/rooms/1458203577516215602,1458203577516215602
https://www.airbnb.com/rooms/1485724242171356204,1485724242171356204
https://www.airbnb.com/rooms/1510927223960709751,1510927223960709751
https://www.airbnb.com/rooms/24697740,24697740
https://www.airbnb.com/rooms/26990097,26990097
https://www.airbnb.com/rooms/41952018,41952018
https://www.airbnb.com/rooms/42160751,42160751
https://www.airbnb.com/rooms/49116222,49116222
https://www.airbnb.com/rooms/684680979902076244,684680979902076244
https://www.airbnb.com/rooms/1144426438333484069,1144426438333484069
https://www.airbnb.com/rooms/1184152667203936005,1184152667203936005
https://www.airbnb.com/rooms/1440549462328822661,1440549462328822661
https://www.airbnb.com/rooms/1440795416084833698,1440795416084833698
https://www.airbnb.com/rooms/1454750418339385427,1454750418339385427
https://www.airbnb.com/rooms/1458167494556324510,1458167494556324510
https://www.airbnb.com/rooms/30081683,30081683
https://www.airbnb.com/rooms/1228317966849633396,1228317966849633396
https://www.airbnb.com/rooms/1457972301531197267,1457972301531197267
https://www.airbnb.com/rooms/1457972328038697449,1457972328038697449
https://www.airbnb.com/rooms/34997148,34997148
https://www.airbnb.com/rooms/35612368,35612368
https://www.airbnb.com/rooms/38869807,38869807
https://www.airbnb.com/rooms/39225795,39225795
https://www.airbnb.com/rooms/1454720164373556896,1454720164373556896
https://www.airbnb.com/rooms/1454791747695376361,1454791747695376361
https://www.airbnb.com/rooms/1766128985175725479,1766128985175725479
https://www.airbnb.com/rooms/29337128,29337128
https://www.airbnb.com/rooms/29689085,29689085
https://www.airbnb.com/rooms/33975840,33975840
https://www.airbnb.com/rooms/34997605,34997605
https://www.airbnb.com/rooms/36795315,36795315
https://www.airbnb.com/rooms/43187634,43187634
https://www.airbnb.com/rooms/546580167757305317,546580167757305317
https://www.airbnb.com/rooms/790506090639904832,790506090639904832
https://www.airbnb.com/rooms/1461530479765477534,1461530479765477534
https://www.airbnb.com/rooms/1598663100036689571,1598663100036689571
https://www.airbnb.com/rooms/1689989654156032693,1689989654156032693
https://www.airbnb.com/rooms/30564045,30564045
https://www.airbnb.com/rooms/45382985,45382985
https://www.airbnb.com/rooms/542668889218896558,542668889218896558
https://www.airbnb.com/rooms/826047082371887406,826047082371887406
https://www.airbnb.com/rooms/942740428947470931,942740428947470931
https://www.airbnb.com/rooms/1387660764601545673,1387660764601545673
https://www.airbnb.com/rooms/1607326515384992234,1607326515384992234
https://www.airbnb.com/rooms/1694192666846833793,1694192666846833793
https://www.airbnb.com/rooms/23480720,23480720
https://www.airbnb.com/rooms/670186151684233042,670186151684233042
https://www.airbnb.com/rooms/543632773206215440,543632773206215440
https://www.airbnb.com/rooms/1100740041078370065,1100740041078370065
https://www.airbnb.com/rooms/30658935,30658935
https://www.airbnb.com/rooms/46087596,46087596
https://www.airbnb.com/rooms/702205194234968809,702205194234968809
https://www.airbnb.com/rooms/1320308780090018306,1320308780090018306
https://www.airbnb.com/rooms/1599008938266061003,1599008938266061003
https://www.airbnb.com/rooms/30091232,30091232
https://www.airbnb.com/rooms/969492894395271928,969492894395271928
https://www.airbnb.com/rooms/969493068067388138,969493068067388138
https://www.airbnb.com/rooms/1572727433392322601,1572727433392322601
https://www.airbnb.com/rooms/1754023218806088110,1754023218806088110
https://www.airbnb.com/rooms/46337441,46337441
https://www.airbnb.com/rooms/649476060506182345,649476060506182345
https://www.airbnb.com/rooms/1280424023316910568,1280424023316910568
https://www.airbnb.com/rooms/1405063598972071159,1405063598972071159
https://www.airbnb.com/rooms/27792225,27792225
https://www.airbnb.com/rooms/34506656,34506656
https://www.airbnb.com/rooms/1086916751225507524,1086916751225507524
https://www.airbnb.com/rooms/1096396410046869102,1096396410046869102
https://www.airbnb.com/rooms/1096546145326642645,1096546145326642645
https://www.airbnb.com/rooms/13019766,13019766
https://www.airbnb.com/rooms/37885707,37885707
https://www.airbnb.com/rooms/43149502,43149502
https://www.airbnb.com/rooms/45960462,45960462
https://www.airbnb.com/rooms/1070371792630237971,1070371792630237971
https://www.airbnb.com/rooms/1095575670886082420,1095575670886082420
https://www.airbnb.com/rooms/1095763434266839620,1095763434266839620
https://www.airbnb.com/rooms/1095841932644139046,1095841932644139046
https://www.airbnb.com/rooms/1096482941734607153,1096482941734607153
https://www.airbnb.com/rooms/1096520563128067667,1096520563128067667
https://www.airbnb.com/rooms/1173259684081292723,1173259684081292723
https://www.airbnb.com/rooms/4169295,4169295
https://www.airbnb.com/rooms/53663644,53663644
https://www.airbnb.com/rooms/851354481137722300,851354481137722300
https://www.airbnb.com/rooms/868206849507861399,868206849507861399
https://www.airbnb.com/rooms/1269009237901468946,1269009237901468946
https://www.airbnb.com/rooms/1686408315959878015,1686408315959878015
https://www.airbnb.com/rooms/11079846,11079846
https://www.airbnb.com/rooms/1115173714902799663,1115173714902799663
https://www.airbnb.com/rooms/1146384192910106347,1146384192910106347
https://www.airbnb.com/rooms/11815511,11815511
https://www.airbnb.com/rooms/1574830981253566801,1574830981253566801
https://www.airbnb.com/rooms/16053550,16053550
https://www.airbnb.com/rooms/1734963340992660209,1734963340992660209
https://www.airbnb.com/rooms/1781910521191265219,1781910521191265219
https://www.airbnb.com/rooms/1782018034138139950,1782018034138139950
https://www.airbnb.com/rooms/38852575,38852575
https://www.airbnb.com/rooms/43531002,43531002
https://www.airbnb.com/rooms/46179487,46179487
https://www.airbnb.com/rooms/50305700,50305700
https://www.airbnb.com/rooms/13496774,13496774
https://www.airbnb.com/rooms/1384503740393102821,1384503740393102821
https://www.airbnb.com/rooms/1395699032776004951,1395699032776004951
https://www.airbnb.com/rooms/1447061333434862816,1447061333434862816
https://www.airbnb.com/rooms/14522963,14522963
https://www.airbnb.com/rooms/1574784450907387851,1574784450907387851
https://www.airbnb.com/rooms/1574833472066403014,1574833472066403014
https://www.airbnb.com/rooms/1782011320923144383,1782011320923144383
https://www.airbnb.com/rooms/26322622,26322622
https://www.airbnb.com/rooms/26329079,26329079
https://www.airbnb.com/rooms/3021231,3021231
https://www.airbnb.com/rooms/43423474,43423474
https://www.airbnb.com/rooms/648527910439551056,648527910439551056
https://www.airbnb.com/rooms/879691040908053555,879691040908053555
https://www.airbnb.com/rooms/965170073325742093,965170073325742093
https://www.airbnb.com/rooms/990639021722503807,990639021722503807
https://www.airbnb.com/rooms/1050121099596662615,1050121099596662615
https://www.airbnb.com/rooms/1157154475062353004,1157154475062353004
https://www.airbnb.com/rooms/14217334,14217334
https://www.airbnb.com/rooms/1574825724446413319,1574825724446413319
https://www.airbnb.com/rooms/1690016118402588290,1690016118402588290
https://www.airbnb.com/rooms/1718975627675521088,1718975627675521088
https://www.airbnb.com/rooms/1771863636005315508,1771863636005315508
https://www.airbnb.com/rooms/18788008,18788008
https://www.airbnb.com/rooms/20848750,20848750
https://www.airbnb.com/rooms/22206538,22206538
https://www.airbnb.com/rooms/22265309,22265309
https://www.airbnb.com/rooms/43523043,43523043
https://www.airbnb.com/rooms/43530832,43530832
https://www.airbnb.com/rooms/679931862383553071,679931862383553071
https://www.airbnb.com/rooms/8271426,8271426
https://www.airbnb.com/rooms/968073385945143548,968073385945143548
https://www.airbnb.com/rooms/1383337800520243121,1383337800520243121
https://www.airbnb.com/rooms/1396582463265930295,1396582463265930295
https://www.airbnb.com/rooms/1492745679141814448,1492745679141814448
https://www.airbnb.com/rooms/1535676271984211088,1535676271984211088
https://www.airbnb.com/rooms/1718971101955028857,1718971101955028857
https://www.airbnb.com/rooms/20279924,20279924
https://www.airbnb.com/rooms/26321010,26321010
https://www.airbnb.com/rooms/3686152,3686152
https://www.airbnb.com/rooms/43435358,43435358
https://www.airbnb.com/rooms/43440543,43440543
https://www.airbnb.com/rooms/43522259,43522259
https://www.airbnb.com/rooms/43523509,43523509
https://www.airbnb.com/rooms/43523632,43523632
https://www.airbnb.com/rooms/50177888,50177888
https://www.airbnb.com/rooms/1029131557341752135,1029131557341752135
https://www.airbnb.com/rooms/1096717805575430710,1096717805575430710
https://www.airbnb.com/rooms/1379672019207900664,1379672019207900664
https://www.airbnb.com/rooms/1379822094617901204,1379822094617901204
https://www.airbnb.com/rooms/1731221943886407214,1731221943886407214
https://www.airbnb.com/rooms/20618929,20618929
https://www.airbnb.com/rooms/22264893,22264893
https://www.airbnb.com/rooms/28697710,28697710
https://www.airbnb.com/rooms/36997144,36997144
https://www.airbnb.com/rooms/43435645,43435645
https://www.airbnb.com/rooms/43441179,43441179
https://www.airbnb.com/rooms/43441469,43441469
https://www.airbnb.com/rooms/43522468,43522468
https://www.airbnb.com/rooms/43523367,43523367
https://www.airbnb.com/rooms/1051543540059375135,1051543540059375135
https://www.airbnb.com/rooms/1379822238099392456,1379822238099392456
https://www.airbnb.com/rooms/1381271863499930187,1381271863499930187
https://www.airbnb.com/rooms/1486609883230938150,1486609883230938150
https://www.airbnb.com/rooms/1597983936947633255,1597983936947633255
https://www.airbnb.com/rooms/1765398192111515356,1765398192111515356
https://www.airbnb.com/rooms/1766803410468940299,1766803410468940299
https://www.airbnb.com/rooms/1771304084779410171,1771304084779410171
https://www.airbnb.com/rooms/1779760578181096833,1779760578181096833
https://www.airbnb.com/rooms/31715199,31715199
https://www.airbnb.com/rooms/3288576,3288576
https://www.airbnb.com/rooms/50772179,50772179
https://www.airbnb.com/rooms/613841647530953340,613841647530953340
https://www.airbnb.com/rooms/926296531681975468,926296531681975468
https://www.airbnb.com/rooms/962165351836282545,962165351836282545
https://www.airbnb.com/rooms/1360525756812536559,1360525756812536559
https://www.airbnb.com/rooms/1381272094242021687,1381272094242021687
https://www.airbnb.com/rooms/1385077512555963564,1385077512555963564
https://www.airbnb.com/rooms/1397216936380995919,1397216936380995919
https://www.airbnb.com/rooms/14419919,14419919
https://www.airbnb.com/rooms/1655311742257968708,1655311742257968708
https://www.airbnb.com/rooms/1690015867513470928,1690015867513470928
https://www.airbnb.com/rooms/1705326787948271480,1705326787948271480
https://www.airbnb.com/rooms/19274453,19274453
https://www.airbnb.com/rooms/20254385,20254385
https://www.airbnb.com/rooms/20620561,20620561
https://www.airbnb.com/rooms/46733105,46733105
https://www.airbnb.com/rooms/7603668,7603668
https://www.airbnb.com/rooms/1374235287145583739,1374235287145583739
https://www.airbnb.com/rooms/1379822190105397881,1379822190105397881
https://www.airbnb.com/rooms/1551707440011861494,1551707440011861494
https://www.airbnb.com/rooms/1574738860194376633,1574738860194376633
https://www.airbnb.com/rooms/1574738947880891873,1574738947880891873
https://www.airbnb.com/rooms/16631625,16631625
https://www.airbnb.com/rooms/1685516732207124735,1685516732207124735
https://www.airbnb.com/rooms/1690014982095040929,1690014982095040929
https://www.airbnb.com/rooms/1705316757437388375,1705316757437388375
https://www.airbnb.com/rooms/1705427603204563655,1705427603204563655
https://www.airbnb.com/rooms/24494438,24494438
https://www.airbnb.com/rooms/46813432,46813432
https://www.airbnb.com/rooms/47304992,47304992
https://www.airbnb.com/rooms/752798993421976569,752798993421976569
https://www.airbnb.com/rooms/976136783834463941,976136783834463941
https://www.airbnb.com/rooms/1531217258136267653,1531217258136267653
https://www.airbnb.com/rooms/1718860410690229769,1718860410690229769
https://www.airbnb.com/rooms/1740077483250924587,1740077483250924587
https://www.airbnb.com/rooms/27926507,27926507
https://www.airbnb.com/rooms/1573611349690463473,1573611349690463473
https://www.airbnb.com/rooms/1709036146130875157,1709036146130875157
https://www.airbnb.com/rooms/20680778,20680778
https://www.airbnb.com/rooms/32525522,32525522
https://www.airbnb.com/rooms/42047642,42047642
https://www.airbnb.com/rooms/631693076405541158,631693076405541158
https://www.airbnb.com/rooms/1117307349752500793,1117307349752500793
https://www.airbnb.com/rooms/21664433,21664433
https://www.airbnb.com/rooms/23955586,23955586
https://www.airbnb.com/rooms/41024637,41024637
https://www.airbnb.com/rooms/43317868,43317868
https://www.airbnb.com/rooms/46847528,46847528
https://www.airbnb.com/rooms/49771081,49771081
https://www.airbnb.com/rooms/1179583577938191540,1179583577938191540
https://www.airbnb.com/rooms/1568825609385899702,1568825609385899702
https://www.airbnb.com/rooms/28392659,28392659
https://www.airbnb.com/rooms/42922302,42922302
https://www.airbnb.com/rooms/51990775,51990775
https://www.airbnb.com/rooms/919499072362755979,919499072362755979
https://www.airbnb.com/rooms/1095642605404939918,1095642605404939918
https://www.airbnb.com/rooms/1095990145054934709,1095990145054934709
https://www.airbnb.com/rooms/13098951,13098951
https://www.airbnb.com/rooms/18255315,18255315
https://www.airbnb.com/rooms/27929014,27929014
https://www.airbnb.com/rooms/31896698,31896698
https://www.airbnb.com/rooms/4351066,4351066
https://www.airbnb.com/rooms/810349334128437891,810349334128437891
https://www.airbnb.com/rooms/28179436,28179436
https://www.airbnb.com/rooms/32383961,32383961
https://www.airbnb.com/rooms/49483060,49483060
https://www.airbnb.com/rooms/35160307,35160307
https://www.airbnb.com/rooms/53234679,53234679
https://www.airbnb.com/rooms/677612562784017639,677612562784017639
https://www.airbnb.com/rooms/26232437,26232437
https://www.airbnb.com/rooms/26245408,26245408
https://www.airbnb.com/rooms/52299270,52299270
https://www.airbnb.com/rooms/1232006363889254193,1232006363889254193
https://www.airbnb.com/rooms/1285837693465143293,1285837693465143293
https://www.airbnb.com/rooms/1525652094671021382,1525652094671021382
https://www.airbnb.com/rooms/47140527,47140527
https://www.airbnb.com/rooms/1308148265837361689,1308148265837361689
https://www.airbnb.com/rooms/1614674028395297847,1614674028395297847
https://www.airbnb.com/rooms/4033674,4033674
https://www.airbnb.com/rooms/45258847,45258847
https://www.airbnb.com/rooms/51163964,51163964
https://www.airbnb.com/rooms/1612046091457122671,1612046091457122671
https://www.airbnb.com/rooms/1350124254479540209,1350124254479540209
https://www.airbnb.com/rooms/1352276537641786461,1352276537641786461
https://www.airbnb.com/rooms/1505862906560630639,1505862906560630639
https://www.airbnb.com/rooms/1533380256041997574,1533380256041997574
https://www.airbnb.com/rooms/43592227,43592227
https://www.airbnb.com/rooms/46930876,46930876
https://www.airbnb.com/rooms/918073267480244836,918073267480244836
https://www.airbnb.com/rooms/46991552,46991552
https://www.airbnb.com/rooms/557848858014011221,557848858014011221
https://www.airbnb.com/rooms/789850633150697413,789850633150697413
https://www.airbnb.com/rooms/871132867713747786,871132867713747786
https://www.airbnb.com/rooms/913016465394060695,913016465394060695
https://www.airbnb.com/rooms/46990708,46990708
https://www.airbnb.com/rooms/51751177,51751177
https://www.airbnb.com/rooms/585039179321306022,585039179321306022
https://www.airbnb.com/rooms/599578723527881452,599578723527881452
https://www.airbnb.com/rooms/908578152098485689,908578152098485689
https://www.airbnb.com/rooms/1269798805963780224,1269798805963780224
https://www.airbnb.com/rooms/1321202030768010411,1321202030768010411
https://www.airbnb.com/rooms/6852100,6852100
https://www.airbnb.com/rooms/1234081179315892462,1234081179315892462
https://www.airbnb.com/rooms/1511118408871614344,1511118408871614344
https://www.airbnb.com/rooms/48097995,48097995
https://www.airbnb.com/rooms/935758563504466003,935758563504466003
https://www.airbnb.com/rooms/938998157972579025,938998157972579025
https://www.airbnb.com/rooms/1157929542838064230,1157929542838064230
https://www.airbnb.com/rooms/1157929737750513250,1157929737750513250
https://www.airbnb.com/rooms/1403061116560166023,1403061116560166023
https://www.airbnb.com/rooms/685305150853048802,685305150853048802
https://www.airbnb.com/rooms/685305246759006897,685305246759006897
https://www.airbnb.com/rooms/685305404463738097,685305404463738097
https://www.airbnb.com/rooms/685305616354508677,685305616354508677
https://www.airbnb.com/rooms/852932750735507889,852932750735507889
https://www.airbnb.com/rooms/852932844233002469,852932844233002469
https://www.airbnb.com/rooms/852932934105038729,852932934105038729
https://www.airbnb.com/rooms/852933074337097382,852933074337097382
https://www.airbnb.com/rooms/852933415069981289,852933415069981289
https://www.airbnb.com/rooms/852933476593238283,852933476593238283
https://www.airbnb.com/rooms/852933515598163530,852933515598163530
https://www.airbnb.com/rooms/852933515931616457,852933515931616457
https://www.airbnb.com/rooms/852933523553638144,852933523553638144
https://www.airbnb.com/rooms/852933773367419426,852933773367419426
https://www.airbnb.com/rooms/1478571475365038070,1478571475365038070
https://www.airbnb.com/rooms/1061553596171551626,1061553596171551626
https://www.airbnb.com/rooms/884712631489797173,884712631489797173
https://www.airbnb.com/rooms/1131293430973064598,1131293430973064598
https://www.airbnb.com/rooms/1483640941947445042,1483640941947445042
https://www.airbnb.com/rooms/1729780004582402970,1729780004582402970
https://www.airbnb.com/rooms/1739346874177286616,1739346874177286616
https://www.airbnb.com/rooms/34642330,34642330
https://www.airbnb.com/rooms/1087751290535161803,1087751290535161803
https://www.airbnb.com/rooms/1091396495929104308,1091396495929104308
https://www.airbnb.com/rooms/1102988756155336546,1102988756155336546
https://www.airbnb.com/rooms/1316126194466441067,1316126194466441067
https://www.airbnb.com/rooms/49550702,49550702
https://www.airbnb.com/rooms/1223887037238942242,1223887037238942242
https://www.airbnb.com/rooms/1316141524804521317,1316141524804521317
https://www.airbnb.com/rooms/41615279,41615279
https://www.airbnb.com/rooms/48920374,48920374
https://www.airbnb.com/rooms/998606271396283828,998606271396283828
https://www.airbnb.com/rooms/548694353751769419,548694353751769419
https://www.airbnb.com/rooms/854391083619132597,854391083619132597
https://www.airbnb.com/rooms/1632850461813891088,1632850461813891088
https://www.airbnb.com/rooms/1671327855653460500,1671327855653460500
https://www.airbnb.com/rooms/1760207334227873001,1760207334227873001
https://www.airbnb.com/rooms/34576589,34576589
https://www.airbnb.com/rooms/40376194,40376194
https://www.airbnb.com/rooms/1004990791225215067,1004990791225215067
https://www.airbnb.com/rooms/50936711,50936711
https://www.airbnb.com/rooms/1095050566714706238,1095050566714706238
https://www.airbnb.com/rooms/1322553141015739948,1322553141015739948
https://www.airbnb.com/rooms/50270027,50270027
https://www.airbnb.com/rooms/984001814800223445,984001814800223445
https://www.airbnb.com/rooms/1150668330898562820,1150668330898562820
https://www.airbnb.com/rooms/1497305695233475918,1497305695233475918
https://www.airbnb.com/rooms/1497305693200498034,1497305693200498034
https://www.airbnb.com/rooms/1497306242737894569,1497306242737894569
https://www.airbnb.com/rooms/1497306706647013378,1497306706647013378
https://www.airbnb.com/rooms/1497305697181804597,1497305697181804597
https://www.airbnb.com/rooms/1497306235238473956,1497306235238473956
https://www.airbnb.com/rooms/1501569355799450471,1501569355799450471
https://www.airbnb.com/rooms/1157961650005118720,1157961650005118720
https://www.airbnb.com/rooms/1430096902296598460,1430096902296598460
https://www.airbnb.com/rooms/18198425,18198425
https://www.airbnb.com/rooms/23606570,23606570
https://www.airbnb.com/rooms/25206528,25206528
https://www.airbnb.com/rooms/27479224,27479224
https://www.airbnb.com/rooms/48310536,48310536
https://www.airbnb.com/rooms/6694206,6694206
https://www.airbnb.com/rooms/820953152007306106,820953152007306106
https://www.airbnb.com/rooms/949845037075611082,949845037075611082
https://www.airbnb.com/rooms/1026887846534998931,1026887846534998931
https://www.airbnb.com/rooms/1289388969266578910,1289388969266578910
https://www.airbnb.com/rooms/1430494305839413115,1430494305839413115
https://www.airbnb.com/rooms/1620495965201421886,1620495965201421886
https://www.airbnb.com/rooms/1620541967652361594,1620541967652361594
https://www.airbnb.com/rooms/1622096977941474128,1622096977941474128
https://www.airbnb.com/rooms/1636390238991645353,1636390238991645353
https://www.airbnb.com/rooms/6644226,6644226
https://www.airbnb.com/rooms/690508592669092474,690508592669092474
https://www.airbnb.com/rooms/7383966,7383966
https://www.airbnb.com/rooms/15147231,15147231
https://www.airbnb.com/rooms/21606660,21606660
https://www.airbnb.com/rooms/54243416,54243416
https://www.airbnb.com/rooms/11154883,11154883
https://www.airbnb.com/rooms/1620352518983483089,1620352518983483089
https://www.airbnb.com/rooms/23126738,23126738
https://www.airbnb.com/rooms/31505942,31505942
https://www.airbnb.com/rooms/1156816166847682194,1156816166847682194
https://www.airbnb.com/rooms/1418379122112160479,1418379122112160479
https://www.airbnb.com/rooms/1495032121085102662,1495032121085102662
https://www.airbnb.com/rooms/37898509,37898509
https://www.airbnb.com/rooms/43678688,43678688
https://www.airbnb.com/rooms/7922612,7922612
https://www.airbnb.com/rooms/924139062620693593,924139062620693593
https://www.airbnb.com/rooms/1001345102622728580,1001345102622728580
https://www.airbnb.com/rooms/1546424879283377474,1546424879283377474
https://www.airbnb.com/rooms/1755007264076458011,1755007264076458011
https://www.airbnb.com/rooms/963846427466202054,963846427466202054
https://www.airbnb.com/rooms/974548968450617267,974548968450617267
https://www.airbnb.com/rooms/14555251,14555251
https://www.airbnb.com/rooms/1554539081893744326,1554539081893744326
https://www.airbnb.com/rooms/587575890395310833,587575890395310833
https://www.airbnb.com/rooms/959402459680978570,959402459680978570
https://www.airbnb.com/rooms/1000816423577510417,1000816423577510417
https://www.airbnb.com/rooms/1603056555603109775,1603056555603109775
https://www.airbnb.com/rooms/1685620306234134815,1685620306234134815
https://www.airbnb.com/rooms/24080943,24080943
https://www.airbnb.com/rooms/553666045224619794,553666045224619794
https://www.airbnb.com/rooms/580554730509500647,580554730509500647
https://www.airbnb.com/rooms/825552609663214793,825552609663214793
https://www.airbnb.com/rooms/986195585373963217,986195585373963217
https://www.airbnb.com/rooms/986195659212859089,986195659212859089
https://www.airbnb.com/rooms/1132722819062707524,1132722819062707524
https://www.airbnb.com/rooms/48240953,48240953
https://www.airbnb.com/rooms/48466805,48466805
https://www.airbnb.com/rooms/963928632816098757,963928632816098757
https://www.airbnb.com/rooms/21052820,21052820
https://www.airbnb.com/rooms/882148851247461607,882148851247461607
https://www.airbnb.com/rooms/1397276060757124341,1397276060757124341
https://www.airbnb.com/rooms/1397276393328667420,1397276393328667420
https://www.airbnb.com/rooms/663643442723977949,663643442723977949
https://www.airbnb.com/rooms/43345609,43345609
https://www.airbnb.com/rooms/45454692,45454692
https://www.airbnb.com/rooms/1355157690994722669,1355157690994722669
https://www.airbnb.com/rooms/1401644294178486965,1401644294178486965
https://www.airbnb.com/rooms/37290926,37290926
https://www.airbnb.com/rooms/37559742,37559742
https://www.airbnb.com/rooms/43323396,43323396
https://www.airbnb.com/rooms/43345509,43345509
https://www.airbnb.com/rooms/53386412,53386412
https://www.airbnb.com/rooms/1081235308508056254,1081235308508056254
https://www.airbnb.com/rooms/1186262257706231615,1186262257706231615
https://www.airbnb.com/rooms/28755287,28755287
https://www.airbnb.com/rooms/53314068,53314068
https://www.airbnb.com/rooms/54003598,54003598
https://www.airbnb.com/rooms/1722453495512935257,1722453495512935257
https://www.airbnb.com/rooms/37118508,37118508
https://www.airbnb.com/rooms/49837666,49837666
https://www.airbnb.com/rooms/53328346,53328346
https://www.airbnb.com/rooms/554435934655401853,554435934655401853
https://www.airbnb.com/rooms/775471784356647490,775471784356647490
https://www.airbnb.com/rooms/781860613052141357,781860613052141357
https://www.airbnb.com/rooms/1705972227811134714,1705972227811134714
https://www.airbnb.com/rooms/1706280397900081465,1706280397900081465
https://www.airbnb.com/rooms/1511619584226650055,1511619584226650055
https://www.airbnb.com/rooms/1512427961185694379,1512427961185694379
https://www.airbnb.com/rooms/1512435355419222118,1512435355419222118
https://www.airbnb.com/rooms/50809232,50809232
https://www.airbnb.com/rooms/795559478963566714,795559478963566714
https://www.airbnb.com/rooms/1225694883509844043,1225694883509844043
https://www.airbnb.com/rooms/50794310,50794310
https://www.airbnb.com/rooms/710120737083572366,710120737083572366
https://www.airbnb.com/rooms/797148074159970987,797148074159970987
https://www.airbnb.com/rooms/1705872416428320098,1705872416428320098
https://www.airbnb.com/rooms/1705922111620339665,1705922111620339665
https://www.airbnb.com/rooms/1732167575749845462,1732167575749845462
https://www.airbnb.com/rooms/50794297,50794297
https://www.airbnb.com/rooms/960777993634683649,960777993634683649
https://www.airbnb.com/rooms/734612410574969619,734612410574969619
https://www.airbnb.com/rooms/1108002013255541597,1108002013255541597
https://www.airbnb.com/rooms/554432916006178318,554432916006178318
https://www.airbnb.com/rooms/1592830530926352796,1592830530926352796
https://www.airbnb.com/rooms/1628404419894557283,1628404419894557283
https://www.airbnb.com/rooms/1640030566542843324,1640030566542843324
https://www.airbnb.com/rooms/1155904101649277939,1155904101649277939
https://www.airbnb.com/rooms/1184189146609359648,1184189146609359648
https://www.airbnb.com/rooms/1209650861688326349,1209650861688326349
https://www.airbnb.com/rooms/1309650921321862501,1309650921321862501
https://www.airbnb.com/rooms/1444999404982414176,1444999404982414176
https://www.airbnb.com/rooms/27228775,27228775
https://www.airbnb.com/rooms/54003872,54003872
https://www.airbnb.com/rooms/821090579778077090,821090579778077090
https://www.airbnb.com/rooms/1143001636057729076,1143001636057729076
https://www.airbnb.com/rooms/1209650887247196219,1209650887247196219
https://www.airbnb.com/rooms/1209651360868446804,1209651360868446804
https://www.airbnb.com/rooms/1309650587692263698,1309650587692263698
https://www.airbnb.com/rooms/1309652936914036049,1309652936914036049
https://www.airbnb.com/rooms/1334925013036632467,1334925013036632467
https://www.airbnb.com/rooms/1613396515449689497,1613396515449689497
https://www.airbnb.com/rooms/1623437483131413474,1623437483131413474
https://www.airbnb.com/rooms/1658874528373386286,1658874528373386286
https://www.airbnb.com/rooms/51321919,51321919
https://www.airbnb.com/rooms/8800840,8800840
https://www.airbnb.com/rooms/1143001658062653392,1143001658062653392
https://www.airbnb.com/rooms/1192105103247313073,1192105103247313073
https://www.airbnb.com/rooms/1207416144981620482,1207416144981620482
https://www.airbnb.com/rooms/1209650959527222614,1209650959527222614
https://www.airbnb.com/rooms/1209651120829862409,1209651120829862409
https://www.airbnb.com/rooms/1209651384963793671,1209651384963793671
https://www.airbnb.com/rooms/1209651406830286373,1209651406830286373
https://www.airbnb.com/rooms/1209651435719043746,1209651435719043746
https://www.airbnb.com/rooms/1217653782376372863,1217653782376372863
https://www.airbnb.com/rooms/1309652563157909844,1309652563157909844
https://www.airbnb.com/rooms/1350719092457290981,1350719092457290981
https://www.airbnb.com/rooms/1730732010822759543,1730732010822759543
https://www.airbnb.com/rooms/1771376522325444218,1771376522325444218
https://www.airbnb.com/rooms/52279592,52279592
https://www.airbnb.com/rooms/1143001610595459843,1143001610595459843
https://www.airbnb.com/rooms/1191470915316324790,1191470915316324790
https://www.airbnb.com/rooms/1207416122848343686,1207416122848343686
https://www.airbnb.com/rooms/1207416165939115632,1207416165939115632
https://www.airbnb.com/rooms/1207416233589752307,1207416233589752307
https://www.airbnb.com/rooms/1209650936797126723,1209650936797126723
https://www.airbnb.com/rooms/1209651006228272424,1209651006228272424
https://www.airbnb.com/rooms/1209651098403874121,1209651098403874121
https://www.airbnb.com/rooms/1209651486377785668,1209651486377785668
https://www.airbnb.com/rooms/1588466316609900835,1588466316609900835
https://www.airbnb.com/rooms/1583556373370406044,1583556373370406044
https://www.airbnb.com/rooms/32777370,32777370
https://www.airbnb.com/rooms/835755251155258337,835755251155258337
https://www.airbnb.com/rooms/884015685065837914,884015685065837914
https://www.airbnb.com/rooms/1120503766255124055,1120503766255124055
https://www.airbnb.com/rooms/1321153456325048511,1321153456325048511
https://www.airbnb.com/rooms/50147737,50147737
https://www.airbnb.com/rooms/897040824294130624,897040824294130624
https://www.airbnb.com/rooms/939063698006104357,939063698006104357
https://www.airbnb.com/rooms/1364157254210132031,1364157254210132031
https://www.airbnb.com/rooms/1463007235778935350,1463007235778935350
https://www.airbnb.com/rooms/1481158903223179155,1481158903223179155
https://www.airbnb.com/rooms/893410936138112763,893410936138112763
https://www.airbnb.com/rooms/914543021341914064,914543021341914064
https://www.airbnb.com/rooms/1497170620927218431,1497170620927218431
https://www.airbnb.com/rooms/1310969087687274856,1310969087687274856
https://www.airbnb.com/rooms/811554731268923652,811554731268923652
https://www.airbnb.com/rooms/1462365572276261709,1462365572276261709
https://www.airbnb.com/rooms/1463007170348971600,1463007170348971600
https://www.airbnb.com/rooms/44181938,44181938
https://www.airbnb.com/rooms/48068437,48068437
https://www.airbnb.com/rooms/50147272,50147272
https://www.airbnb.com/rooms/800655737587392996,800655737587392996
https://www.airbnb.com/rooms/833975909088884639,833975909088884639
https://www.airbnb.com/rooms/1388041849805833646,1388041849805833646
https://www.airbnb.com/rooms/1462369017060507145,1462369017060507145
https://www.airbnb.com/rooms/1586599598417222820,1586599598417222820
https://www.airbnb.com/rooms/35706955,35706955
https://www.airbnb.com/rooms/844146794787795138,844146794787795138
https://www.airbnb.com/rooms/1445782557408657033,1445782557408657033
https://www.airbnb.com/rooms/1462366911577890176,1462366911577890176
https://www.airbnb.com/rooms/1462369038275116285,1462369038275116285
https://www.airbnb.com/rooms/1462373166121104976,1462373166121104976
https://www.airbnb.com/rooms/1462381622944519379,1462381622944519379
https://www.airbnb.com/rooms/1462381630649076804,1462381630649076804
https://www.airbnb.com/rooms/1463003171730891404,1463003171730891404
https://www.airbnb.com/rooms/1463003176333010106,1463003176333010106
https://www.airbnb.com/rooms/1463007162399533633,1463007162399533633
https://www.airbnb.com/rooms/1463011059442321553,1463011059442321553
https://www.airbnb.com/rooms/34818937,34818937
https://www.airbnb.com/rooms/34818938,34818938
https://www.airbnb.com/rooms/35197177,35197177
https://www.airbnb.com/rooms/35197978,35197978
https://www.airbnb.com/rooms/35839497,35839497
https://www.airbnb.com/rooms/1462376656279490378,1462376656279490378
https://www.airbnb.com/rooms/1333526311333789519,1333526311333789519
https://www.airbnb.com/rooms/1776960124950905535,1776960124950905535
https://www.airbnb.com/rooms/1345123696721585449,1345123696721585449
https://www.airbnb.com/rooms/1362307208735933931,1362307208735933931
https://www.airbnb.com/rooms/690570779792046259,690570779792046259
https://www.airbnb.com/rooms/842025700821121034,842025700821121034
https://www.airbnb.com/rooms/867422958834228514,867422958834228514
https://www.airbnb.com/rooms/905205824709337451,905205824709337451
https://www.airbnb.com/rooms/933224027920279005,933224027920279005
https://www.airbnb.com/rooms/1040622627941824192,1040622627941824192
https://www.airbnb.com/rooms/1333530249978785416,1333530249978785416
https://www.airbnb.com/rooms/1333530926323209202,1333530926323209202
https://www.airbnb.com/rooms/1333533903354254410,1333533903354254410
https://www.airbnb.com/rooms/1451072297536337442,1451072297536337442
https://www.airbnb.com/rooms/20639964,20639964
https://www.airbnb.com/rooms/867372135523040068,867372135523040068
https://www.airbnb.com/rooms/955791763063961956,955791763063961956
https://www.airbnb.com/rooms/1021133266987548150,1021133266987548150
https://www.airbnb.com/rooms/1333531584222172060,1333531584222172060
https://www.airbnb.com/rooms/1333532209608410935,1333532209608410935
https://www.airbnb.com/rooms/1363889476858467294,1363889476858467294
https://www.airbnb.com/rooms/53432217,53432217
https://www.airbnb.com/rooms/54403550,54403550
https://www.airbnb.com/rooms/774924005509602829,774924005509602829
https://www.airbnb.com/rooms/846311550339582832,846311550339582832
https://www.airbnb.com/rooms/1208210319501738046,1208210319501738046
https://www.airbnb.com/rooms/1333532858819344417,1333532858819344417
https://www.airbnb.com/rooms/1333533432165153186,1333533432165153186
https://www.airbnb.com/rooms/868219919967698173,868219919967698173
https://www.airbnb.com/rooms/868743732157869278,868743732157869278
https://www.airbnb.com/rooms/1208774830781126922,1208774830781126922
https://www.airbnb.com/rooms/1364038827681908470,1364038827681908470
https://www.airbnb.com/rooms/1473426200298580498,1473426200298580498
https://www.airbnb.com/rooms/1473426330934327472,1473426330934327472
https://www.airbnb.com/rooms/1536371989656601675,1536371989656601675
https://www.airbnb.com/rooms/1615350560968618848,1615350560968618848
https://www.airbnb.com/rooms/746619921559434043,746619921559434043
https://www.airbnb.com/rooms/791680981169139565,791680981169139565
https://www.airbnb.com/rooms/1298798306271537095,1298798306271537095
https://www.airbnb.com/rooms/1355247352098439262,1355247352098439262
https://www.airbnb.com/rooms/1363892011624877097,1363892011624877097
https://www.airbnb.com/rooms/1395871479822526024,1395871479822526024
https://www.airbnb.com/rooms/49920654,49920654
https://www.airbnb.com/rooms/644254250062594921,644254250062594921
https://www.airbnb.com/rooms/1338356132957130914,1338356132957130914
https://www.airbnb.com/rooms/651536855882392979,651536855882392979
https://www.airbnb.com/rooms/811297283489158472,811297283489158472
https://www.airbnb.com/rooms/1374931672569907263,1374931672569907263
https://www.airbnb.com/rooms/1628475193015349548,1628475193015349548
https://www.airbnb.com/rooms/1673887875642414461,1673887875642414461
https://www.airbnb.com/rooms/1699338082152251680,1699338082152251680
https://www.airbnb.com/rooms/54261996,54261996
https://www.airbnb.com/rooms/794371072137801028,794371072137801028
https://www.airbnb.com/rooms/834120261418855931,834120261418855931
https://www.airbnb.com/rooms/839879058530889972,839879058530889972
https://www.airbnb.com/rooms/1095141435428057961,1095141435428057961
https://www.airbnb.com/rooms/1191470939022275163,1191470939022275163
https://www.airbnb.com/rooms/1673973196523267577,1673973196523267577
https://www.airbnb.com/rooms/1707675497264274523,1707675497264274523
https://www.airbnb.com/rooms/34311023,34311023
https://www.airbnb.com/rooms/35864111,35864111
https://www.airbnb.com/rooms/561428453710219201,561428453710219201
https://www.airbnb.com/rooms/578836200309856085,578836200309856085
https://www.airbnb.com/rooms/34817690,34817690
https://www.airbnb.com/rooms/34818990,34818990
https://www.airbnb.com/rooms/35681484,35681484
https://www.airbnb.com/rooms/1374727014592420273,1374727014592420273
https://www.airbnb.com/rooms/34651569,34651569
https://www.airbnb.com/rooms/34977490,34977490
https://www.airbnb.com/rooms/35941398,35941398
https://www.airbnb.com/rooms/1137079558637278507,1137079558637278507
https://www.airbnb.com/rooms/1137108724280812193,1137108724280812193
https://www.airbnb.com/rooms/1137161384904829664,1137161384904829664
https://www.airbnb.com/rooms/1645000336879590145,1645000336879590145
https://www.airbnb.com/rooms/53310762,53310762
https://www.airbnb.com/rooms/4100639,4100639
https://www.airbnb.com/rooms/574574700004938293,574574700004938293
https://www.airbnb.com/rooms/6646825,6646825
https://www.airbnb.com/rooms/897224360520078106,897224360520078106
https://www.airbnb.com/rooms/1090191173805379449,1090191173805379449
https://www.airbnb.com/rooms/1170957662817071085,1170957662817071085
https://www.airbnb.com/rooms/16594326,16594326
https://www.airbnb.com/rooms/817538350600932190,817538350600932190
https://www.airbnb.com/rooms/1694352087158769863,1694352087158769863
https://www.airbnb.com/rooms/17006591,17006591
https://www.airbnb.com/rooms/18915833,18915833
https://www.airbnb.com/rooms/18916432,18916432
https://www.airbnb.com/rooms/1039160238805354276,1039160238805354276
https://www.airbnb.com/rooms/1155640253403487472,1155640253403487472
https://www.airbnb.com/rooms/1465942076445966796,1465942076445966796
https://www.airbnb.com/rooms/23872880,23872880
https://www.airbnb.com/rooms/23921618,23921618
https://www.airbnb.com/rooms/38729338,38729338
https://www.airbnb.com/rooms/45098513,45098513
https://www.airbnb.com/rooms/1200749178209582396,1200749178209582396
https://www.airbnb.com/rooms/1382603107845876756,1382603107845876756
https://www.airbnb.com/rooms/1498137727289915744,1498137727289915744
https://www.airbnb.com/rooms/1600880840413747489,1600880840413747489
https://www.airbnb.com/rooms/1619618666723591195,1619618666723591195
https://www.airbnb.com/rooms/596291231606750811,596291231606750811
https://www.airbnb.com/rooms/1003194117560845301,1003194117560845301
https://www.airbnb.com/rooms/1116777671165101281,1116777671165101281
https://www.airbnb.com/rooms/1298723393606274140,1298723393606274140
https://www.airbnb.com/rooms/1536320074388953123,1536320074388953123
https://www.airbnb.com/rooms/1574238222749625024,1574238222749625024
https://www.airbnb.com/rooms/1633680370151532360,1633680370151532360
https://www.airbnb.com/rooms/1680638877405572247,1680638877405572247
https://www.airbnb.com/rooms/1719844102829194429,1719844102829194429
https://www.airbnb.com/rooms/1756090688523256084,1756090688523256084
https://www.airbnb.com/rooms/33192265,33192265
https://www.airbnb.com/rooms/39909433,39909433
https://www.airbnb.com/rooms/46754246,46754246
https://www.airbnb.com/rooms/832021866289959627,832021866289959627
https://www.airbnb.com/rooms/1431369344496561274,1431369344496561274
https://www.airbnb.com/rooms/1456695423929442315,1456695423929442315
https://www.airbnb.com/rooms/1665499644924043939,1665499644924043939
https://www.airbnb.com/rooms/1756805902069494397,1756805902069494397
https://www.airbnb.com/rooms/34330110,34330110
https://www.airbnb.com/rooms/38603027,38603027
https://www.airbnb.com/rooms/47729744,47729744
https://www.airbnb.com/rooms/51599538,51599538
https://www.airbnb.com/rooms/592701609374804297,592701609374804297
https://www.airbnb.com/rooms/741926443193836696,741926443193836696
https://www.airbnb.com/rooms/811760270290984618,811760270290984618
https://www.airbnb.com/rooms/1100883115024429337,1100883115024429337
https://www.airbnb.com/rooms/1431369933708906728,1431369933708906728
https://www.airbnb.com/rooms/1489439604709754656,1489439604709754656
https://www.airbnb.com/rooms/1552365696518093649,1552365696518093649
https://www.airbnb.com/rooms/1579219464298384075,1579219464298384075
https://www.airbnb.com/rooms/31902612,31902612
https://www.airbnb.com/rooms/31955258,31955258
https://www.airbnb.com/rooms/46068100,46068100
https://www.airbnb.com/rooms/50470801,50470801
https://www.airbnb.com/rooms/811760253278959562,811760253278959562
https://www.airbnb.com/rooms/1161576099823968895,1161576099823968895
https://www.airbnb.com/rooms/1394260233341118157,1394260233341118157
https://www.airbnb.com/rooms/1425444704981660875,1425444704981660875
https://www.airbnb.com/rooms/1517695814396026185,1517695814396026185
https://www.airbnb.com/rooms/1546427700498690560,1546427700498690560
https://www.airbnb.com/rooms/1669711083558616840,1669711083558616840
https://www.airbnb.com/rooms/22773602,22773602
https://www.airbnb.com/rooms/32692115,32692115
https://www.airbnb.com/rooms/48104553,48104553
https://www.airbnb.com/rooms/48973972,48973972
https://www.airbnb.com/rooms/48976509,48976509
https://www.airbnb.com/rooms/785407125645059947,785407125645059947
https://www.airbnb.com/rooms/811760803318291661,811760803318291661
https://www.airbnb.com/rooms/932639750593148349,932639750593148349
https://www.airbnb.com/rooms/1050749597150127174,1050749597150127174
https://www.airbnb.com/rooms/1050749612230299429,1050749612230299429
https://www.airbnb.com/rooms/1121738181702533132,1121738181702533132
https://www.airbnb.com/rooms/1473233446278926027,1473233446278926027
https://www.airbnb.com/rooms/24356038,24356038
https://www.airbnb.com/rooms/45956769,45956769
https://www.airbnb.com/rooms/46618956,46618956
https://www.airbnb.com/rooms/48056525,48056525
https://www.airbnb.com/rooms/48056681,48056681
https://www.airbnb.com/rooms/51687048,51687048
https://www.airbnb.com/rooms/618800880571193981,618800880571193981
https://www.airbnb.com/rooms/653513113293587669,653513113293587669
https://www.airbnb.com/rooms/758032548833623848,758032548833623848
https://www.airbnb.com/rooms/1055261688027050330,1055261688027050330
https://www.airbnb.com/rooms/1095023324959897945,1095023324959897945
https://www.airbnb.com/rooms/1143610429516902361,1143610429516902361
https://www.airbnb.com/rooms/1553882671819373618,1553882671819373618
https://www.airbnb.com/rooms/1652898504693180919,1652898504693180919
https://www.airbnb.com/rooms/1689479409862966511,1689479409862966511
https://www.airbnb.com/rooms/41802484,41802484
https://www.airbnb.com/rooms/48088933,48088933
https://www.airbnb.com/rooms/50548857,50548857
https://www.airbnb.com/rooms/52488778,52488778
https://www.airbnb.com/rooms/792894532396825006,792894532396825006
https://www.airbnb.com/rooms/811645935641520737,811645935641520737
https://www.airbnb.com/rooms/1031003636952161284,1031003636952161284
https://www.airbnb.com/rooms/1162645366901782270,1162645366901782270
https://www.airbnb.com/rooms/1504353924819838262,1504353924819838262
https://www.airbnb.com/rooms/1504493670446066241,1504493670446066241
https://www.airbnb.com/rooms/34753230,34753230
https://www.airbnb.com/rooms/37707583,37707583
https://www.airbnb.com/rooms/38705029,38705029
https://www.airbnb.com/rooms/46569933,46569933
https://www.airbnb.com/rooms/48075279,48075279
https://www.airbnb.com/rooms/48867989,48867989
https://www.airbnb.com/rooms/48870923,48870923
https://www.airbnb.com/rooms/48883208,48883208
https://www.airbnb.com/rooms/48962275,48962275
https://www.airbnb.com/rooms/715757667722964419,715757667722964419
https://www.airbnb.com/rooms/33340770,33340770
https://www.airbnb.com/rooms/1021741411701351563,1021741411701351563
https://www.airbnb.com/rooms/1525732544782234754,1525732544782234754
https://www.airbnb.com/rooms/1531236056155823275,1531236056155823275
https://www.airbnb.com/rooms/1549089455453004058,1549089455453004058
https://www.airbnb.com/rooms/1576947351335593876,1576947351335593876
https://www.airbnb.com/rooms/1673912586913157346,1673912586913157346
https://www.airbnb.com/rooms/1759783351598245117,1759783351598245117
https://www.airbnb.com/rooms/1779968040905737724,1779968040905737724
https://www.airbnb.com/rooms/37960375,37960375
https://www.airbnb.com/rooms/1069727573185089724,1069727573185089724
https://www.airbnb.com/rooms/1371654141812438822,1371654141812438822
https://www.airbnb.com/rooms/1374681158757630330,1374681158757630330
https://www.airbnb.com/rooms/1374761289482156920,1374761289482156920
https://www.airbnb.com/rooms/1497973864007632212,1497973864007632212
https://www.airbnb.com/rooms/1507261275288771592,1507261275288771592
https://www.airbnb.com/rooms/1576283694100334470,1576283694100334470
https://www.airbnb.com/rooms/1633695876146485013,1633695876146485013
https://www.airbnb.com/rooms/34205341,34205341
https://www.airbnb.com/rooms/510836983579042075,510836983579042075
https://www.airbnb.com/rooms/781816111049641146,781816111049641146
https://www.airbnb.com/rooms/969154276740778025,969154276740778025
https://www.airbnb.com/rooms/973853057215882081,973853057215882081
https://www.airbnb.com/rooms/1371919095695867593,1371919095695867593
https://www.airbnb.com/rooms/1378535901266492971,1378535901266492971
https://www.airbnb.com/rooms/1576339540587522306,1576339540587522306
https://www.airbnb.com/rooms/1582937450531949089,1582937450531949089
https://www.airbnb.com/rooms/1635070560394327480,1635070560394327480
https://www.airbnb.com/rooms/1678511936809657201,1678511936809657201
https://www.airbnb.com/rooms/17141006,17141006
https://www.airbnb.com/rooms/17141548,17141548
https://www.airbnb.com/rooms/17141755,17141755
https://www.airbnb.com/rooms/53171520,53171520
https://www.airbnb.com/rooms/602769257255657706,602769257255657706
https://www.airbnb.com/rooms/1371229679437415826,1371229679437415826
https://www.airbnb.com/rooms/1371230093810559151,1371230093810559151
https://www.airbnb.com/rooms/1374644522136974472,1374644522136974472
https://www.airbnb.com/rooms/1577079948682387581,1577079948682387581
https://www.airbnb.com/rooms/1578482693221000787,1578482693221000787
https://www.airbnb.com/rooms/1635476449530488536,1635476449530488536
https://www.airbnb.com/rooms/1699463914085875596,1699463914085875596
https://www.airbnb.com/rooms/1739339314106683328,1739339314106683328
https://www.airbnb.com/rooms/45782248,45782248
https://www.airbnb.com/rooms/52248270,52248270
https://www.airbnb.com/rooms/809366600221516562,809366600221516562
https://www.airbnb.com/rooms/1044501316864893626,1044501316864893626
https://www.airbnb.com/rooms/1371229893448931497,1371229893448931497
https://www.airbnb.com/rooms/1371904046349196771,1371904046349196771
https://www.airbnb.com/rooms/1577053520296936517,1577053520296936517
https://www.airbnb.com/rooms/1635729806644189582,1635729806644189582
https://www.airbnb.com/rooms/30155980,30155980
https://www.airbnb.com/rooms/48227106,48227106
https://www.airbnb.com/rooms/602789624310544940,602789624310544940
https://www.airbnb.com/rooms/716682992993188134,716682992993188134
https://www.airbnb.com/rooms/10907863,10907863
https://www.airbnb.com/rooms/1358672241413998454,1358672241413998454
https://www.airbnb.com/rooms/1358679080074853895,1358679080074853895
https://www.airbnb.com/rooms/1739339534726093493,1739339534726093493
https://www.airbnb.com/rooms/1739341286997393019,1739341286997393019
https://www.airbnb.com/rooms/1739341400466672993,1739341400466672993
https://www.airbnb.com/rooms/602788307237353407,602788307237353407
https://www.airbnb.com/rooms/602790558961123473,602790558961123473
https://www.airbnb.com/rooms/714257031726826750,714257031726826750
https://www.airbnb.com/rooms/791396937352001301,791396937352001301
https://www.airbnb.com/rooms/791397490498001757,791397490498001757
https://www.airbnb.com/rooms/833910159540696334,833910159540696334
https://www.airbnb.com/rooms/889366298266030764,889366298266030764
https://www.airbnb.com/rooms/1358700918982026184,1358700918982026184
https://www.airbnb.com/rooms/40609007,40609007
https://www.airbnb.com/rooms/699474678673341448,699474678673341448
https://www.airbnb.com/rooms/714256743248388099,714256743248388099
https://www.airbnb.com/rooms/714256891081911712,714256891081911712
https://www.airbnb.com/rooms/716682594546856268,716682594546856268
https://www.airbnb.com/rooms/716682795845894534,716682795845894534
https://www.airbnb.com/rooms/716683205523440317,716683205523440317
https://www.airbnb.com/rooms/716684819431868170,716684819431868170
https://www.airbnb.com/rooms/791397010839981520,791397010839981520
https://www.airbnb.com/rooms/791397255894604563,791397255894604563
https://www.airbnb.com/rooms/791397997419497260,791397997419497260
https://www.airbnb.com/rooms/833910325675645025,833910325675645025
https://www.airbnb.com/rooms/843607491091949443,843607491091949443
https://www.airbnb.com/rooms/845023521865482840,845023521865482840
https://www.airbnb.com/rooms/866791576451919131,866791576451919131
https://www.airbnb.com/rooms/1409294592192388535,1409294592192388535
https://www.airbnb.com/rooms/1481466371347719560,1481466371347719560
https://www.airbnb.com/rooms/1481474923506174789,1481474923506174789
https://www.airbnb.com/rooms/1678470263650438083,1678470263650438083
https://www.airbnb.com/rooms/642569879309144491,642569879309144491
https://www.airbnb.com/rooms/699474388357999411,699474388357999411
https://www.airbnb.com/rooms/714256456994661713,714256456994661713
https://www.airbnb.com/rooms/714256597742849970,714256597742849970
https://www.airbnb.com/rooms/714257172517195520,714257172517195520
https://www.airbnb.com/rooms/714579537456193765,714579537456193765
https://www.airbnb.com/rooms/791396845844970614,791396845844970614
https://www.airbnb.com/rooms/791397379887888966,791397379887888966
https://www.airbnb.com/rooms/791397643456034177,791397643456034177
https://www.airbnb.com/rooms/791397870100356292,791397870100356292
https://www.airbnb.com/rooms/852934440262504696,852934440262504696
https://www.airbnb.com/rooms/852935176924310790,852935176924310790
https://www.airbnb.com/rooms/852935908143984428,852935908143984428
https://www.airbnb.com/rooms/1358700906346494145,1358700906346494145
https://www.airbnb.com/rooms/1358700913320817654,1358700913320817654
https://www.airbnb.com/rooms/1409294593636722318,1409294593636722318
https://www.airbnb.com/rooms/1578749293988109030,1578749293988109030
https://www.airbnb.com/rooms/1588865423275289191,1588865423275289191
https://www.airbnb.com/rooms/1648666459826258466,1648666459826258466
https://www.airbnb.com/rooms/1648930200703678277,1648930200703678277
https://www.airbnb.com/rooms/47546219,47546219
https://www.airbnb.com/rooms/714580533651569233,714580533651569233
https://www.airbnb.com/rooms/791397103194107872,791397103194107872
https://www.airbnb.com/rooms/833910614448387355,833910614448387355
https://www.airbnb.com/rooms/845022282727679194,845022282727679194
https://www.airbnb.com/rooms/845023596513331219,845023596513331219
https://www.airbnb.com/rooms/852934509310128606,852934509310128606
https://www.airbnb.com/rooms/852934743372112557,852934743372112557
https://www.airbnb.com/rooms/852935699298732323,852935699298732323
https://www.airbnb.com/rooms/852935828926130876,852935828926130876
https://www.airbnb.com/rooms/852935978180975065,852935978180975065
https://www.airbnb.com/rooms/1238385708474702961,1238385708474702961
https://www.airbnb.com/rooms/1350803744330418957,1350803744330418957
https://www.airbnb.com/rooms/1376879654575113628,1376879654575113628
https://www.airbnb.com/rooms/1376887194257232845,1376887194257232845
https://www.airbnb.com/rooms/1376895881573478025,1376895881573478025
https://www.airbnb.com/rooms/1409294591917058734,1409294591917058734
https://www.airbnb.com/rooms/1409294593022264878,1409294593022264878
https://www.airbnb.com/rooms/1417464061337837579,1417464061337837579
https://www.airbnb.com/rooms/1578742495428218504,1578742495428218504
https://www.airbnb.com/rooms/699474798358356414,699474798358356414
https://www.airbnb.com/rooms/714579439307991612,714579439307991612
https://www.airbnb.com/rooms/715140271111739254,715140271111739254
https://www.airbnb.com/rooms/833910053772427759,833910053772427759
https://www.airbnb.com/rooms/852934648368368649,852934648368368649
https://www.airbnb.com/rooms/852934658191459727,852934658191459727
https://www.airbnb.com/rooms/852934820973112943,852934820973112943
https://www.airbnb.com/rooms/852934897727542487,852934897727542487
https://www.airbnb.com/rooms/852934994209120012,852934994209120012
https://www.airbnb.com/rooms/1226923713858475797,1226923713858475797
https://www.airbnb.com/rooms/39827507,39827507
https://www.airbnb.com/rooms/852935148115393597,852935148115393597
https://www.airbnb.com/rooms/1744497424439383060,1744497424439383060
https://www.airbnb.com/rooms/21038042,21038042
https://www.airbnb.com/rooms/29261515,29261515
https://www.airbnb.com/rooms/36107199,36107199
https://www.airbnb.com/rooms/48351011,48351011
https://www.airbnb.com/rooms/635462190301637158,635462190301637158
https://www.airbnb.com/rooms/1657429891320932128,1657429891320932128
https://www.airbnb.com/rooms/32655720,32655720
https://www.airbnb.com/rooms/9837209,9837209
https://www.airbnb.com/rooms/24249762,24249762
https://www.airbnb.com/rooms/1085523934702474750,1085523934702474750
https://www.airbnb.com/rooms/24250323,24250323
https://www.airbnb.com/rooms/32268160,32268160
https://www.airbnb.com/rooms/32568199,32568199
https://www.airbnb.com/rooms/32568417,32568417
https://www.airbnb.com/rooms/32568906,32568906
https://www.airbnb.com/rooms/1639343316690560687,1639343316690560687
https://www.airbnb.com/rooms/1639515488888535060,1639515488888535060
https://www.airbnb.com/rooms/32567363,32567363
https://www.airbnb.com/rooms/32568787,32568787
https://www.airbnb.com/rooms/1639341385029699520,1639341385029699520
https://www.airbnb.com/rooms/45056960,45056960
https://www.airbnb.com/rooms/1639344901092259840,1639344901092259840
https://www.airbnb.com/rooms/677676394561689273,677676394561689273
https://www.airbnb.com/rooms/1639324454449584587,1639324454449584587
https://www.airbnb.com/rooms/1639335717663693945,1639335717663693945
https://www.airbnb.com/rooms/1639348967668759086,1639348967668759086
https://www.airbnb.com/rooms/1056126306035378134,1056126306035378134
https://www.airbnb.com/rooms/1714426247997972849,1714426247997972849
https://www.airbnb.com/rooms/1730604083255459552,1730604083255459552
https://www.airbnb.com/rooms/1407412988006866802,1407412988006866802
https://www.airbnb.com/rooms/1419914495597104205,1419914495597104205
https://www.airbnb.com/rooms/1428601243747367590,1428601243747367590
https://www.airbnb.com/rooms/29919347,29919347
https://www.airbnb.com/rooms/48671540,48671540
https://www.airbnb.com/rooms/1407542285059657751,1407542285059657751
https://www.airbnb.com/rooms/1412735584734380205,1412735584734380205
https://www.airbnb.com/rooms/1416180849267822336,1416180849267822336
https://www.airbnb.com/rooms/1431551411920570463,1431551411920570463
https://www.airbnb.com/rooms/1603885435704564314,1603885435704564314
https://www.airbnb.com/rooms/1389289529758562795,1389289529758562795
https://www.airbnb.com/rooms/1407369478092050006,1407369478092050006
https://www.airbnb.com/rooms/1414704744678666462,1414704744678666462
https://www.airbnb.com/rooms/1414709224382962716,1414709224382962716
https://www.airbnb.com/rooms/1416173281075581267,1416173281075581267
https://www.airbnb.com/rooms/1471948901308706294,1471948901308706294
https://www.airbnb.com/rooms/1472714513153783818,1472714513153783818
https://www.airbnb.com/rooms/1476278717854576937,1476278717854576937
https://www.airbnb.com/rooms/1508270637622807595,1508270637622807595
https://www.airbnb.com/rooms/1407410590893203710,1407410590893203710
https://www.airbnb.com/rooms/1407430577110192207,1407430577110192207
https://www.airbnb.com/rooms/1412727050090816171,1412727050090816171
https://www.airbnb.com/rooms/1471918542641870790,1471918542641870790
https://www.airbnb.com/rooms/1472560928138452503,1472560928138452503
https://www.airbnb.com/rooms/1476182860972586853,1476182860972586853
https://www.airbnb.com/rooms/559647978970666055,559647978970666055
https://www.airbnb.com/rooms/1471848371362745999,1471848371362745999
https://www.airbnb.com/rooms/1476161975465729573,1476161975465729573
https://www.airbnb.com/rooms/1476287187312455312,1476287187312455312
https://www.airbnb.com/rooms/1455001440357590000,1455001440357590000
https://www.airbnb.com/rooms/1680761431867766666,1680761431867766666
https://www.airbnb.com/rooms/31879539,31879539
https://www.airbnb.com/rooms/32987908,32987908
https://www.airbnb.com/rooms/54069547,54069547
https://www.airbnb.com/rooms/1226526830052819210,1226526830052819210
https://www.airbnb.com/rooms/1274017807696562390,1274017807696562390
https://www.airbnb.com/rooms/1341274898112809403,1341274898112809403
https://www.airbnb.com/rooms/1501378194890059098,1501378194890059098
https://www.airbnb.com/rooms/1507040976335479221,1507040976335479221
https://www.airbnb.com/rooms/1514048464546854587,1514048464546854587
https://www.airbnb.com/rooms/1530256966795947366,1530256966795947366
https://www.airbnb.com/rooms/1680754553052554595,1680754553052554595
https://www.airbnb.com/rooms/48155552,48155552
https://www.airbnb.com/rooms/49476806,49476806
https://www.airbnb.com/rooms/54031120,54031120
https://www.airbnb.com/rooms/54053024,54053024
https://www.airbnb.com/rooms/54068533,54068533
https://www.airbnb.com/rooms/1292449481778259444,1292449481778259444
https://www.airbnb.com/rooms/1444650269746054018,1444650269746054018
https://www.airbnb.com/rooms/1517924709765052955,1517924709765052955
https://www.airbnb.com/rooms/1526420381297162806,1526420381297162806
https://www.airbnb.com/rooms/1673465771943128288,1673465771943128288
https://www.airbnb.com/rooms/1739372162563190401,1739372162563190401
https://www.airbnb.com/rooms/33069060,33069060
https://www.airbnb.com/rooms/48104882,48104882
https://www.airbnb.com/rooms/48168437,48168437
https://www.airbnb.com/rooms/53980177,53980177
https://www.airbnb.com/rooms/54004777,54004777
https://www.airbnb.com/rooms/54019898,54019898
https://www.airbnb.com/rooms/54032282,54032282
https://www.airbnb.com/rooms/54051921,54051921
https://www.airbnb.com/rooms/54067459,54067459
https://www.airbnb.com/rooms/568099016199460137,568099016199460137
https://www.airbnb.com/rooms/853553685032652102,853553685032652102
https://www.airbnb.com/rooms/1142642769859144652,1142642769859144652
https://www.airbnb.com/rooms/1468233345320768358,1468233345320768358
https://www.airbnb.com/rooms/1597005213338469265,1597005213338469265
https://www.airbnb.com/rooms/1680711845163211898,1680711845163211898
https://www.airbnb.com/rooms/1736501317427060307,1736501317427060307
https://www.airbnb.com/rooms/48155297,48155297
https://www.airbnb.com/rooms/48167032,48167032
https://www.airbnb.com/rooms/48167146,48167146
https://www.airbnb.com/rooms/48168745,48168745
https://www.airbnb.com/rooms/54033649,54033649
https://www.airbnb.com/rooms/54034712,54034712
https://www.airbnb.com/rooms/54038672,54038672
https://www.airbnb.com/rooms/54050470,54050470
https://www.airbnb.com/rooms/852006217039921821,852006217039921821
https://www.airbnb.com/rooms/852008023944569215,852008023944569215
https://www.airbnb.com/rooms/947543561762463217,947543561762463217
https://www.airbnb.com/rooms/1040248127668960517,1040248127668960517
https://www.airbnb.com/rooms/1065582609986965413,1065582609986965413
https://www.airbnb.com/rooms/1086679594884150914,1086679594884150914
https://www.airbnb.com/rooms/1268614707627156541,1268614707627156541
https://www.airbnb.com/rooms/1469970452646745977,1469970452646745977
https://www.airbnb.com/rooms/1673471128014014925,1673471128014014925
https://www.airbnb.com/rooms/1736494270227923682,1736494270227923682
https://www.airbnb.com/rooms/1736501317774040291,1736501317774040291
https://www.airbnb.com/rooms/48155601,48155601
https://www.airbnb.com/rooms/48158136,48158136
https://www.airbnb.com/rooms/48158389,48158389
https://www.airbnb.com/rooms/48166847,48166847
https://www.airbnb.com/rooms/48167511,48167511
https://www.airbnb.com/rooms/54005785,54005785
https://www.airbnb.com/rooms/54020742,54020742
https://www.airbnb.com/rooms/54034705,54034705
https://www.airbnb.com/rooms/852007467298339714,852007467298339714
https://www.airbnb.com/rooms/1015529768711862760,1015529768711862760
https://www.airbnb.com/rooms/1405816998998266223,1405816998998266223
https://www.airbnb.com/rooms/1530793023990130719,1530793023990130719
https://www.airbnb.com/rooms/1535894350112149957,1535894350112149957
https://www.airbnb.com/rooms/1673475541972344556,1673475541972344556
https://www.airbnb.com/rooms/48156682,48156682
https://www.airbnb.com/rooms/48157674,48157674
https://www.airbnb.com/rooms/48158569,48158569
https://www.airbnb.com/rooms/48166450,48166450
https://www.airbnb.com/rooms/48166948,48166948
https://www.airbnb.com/rooms/48167404,48167404
https://www.airbnb.com/rooms/48168351,48168351
https://www.airbnb.com/rooms/48168576,48168576
https://www.airbnb.com/rooms/48168810,48168810
https://www.airbnb.com/rooms/54054699,54054699
https://www.airbnb.com/rooms/838047106749689587,838047106749689587
https://www.airbnb.com/rooms/852006840737901548,852006840737901548
https://www.airbnb.com/rooms/963498043491971707,963498043491971707
https://www.airbnb.com/rooms/1029399274592822287,1029399274592822287
https://www.airbnb.com/rooms/1127343205692543177,1127343205692543177
https://www.airbnb.com/rooms/1251199739048971126,1251199739048971126
https://www.airbnb.com/rooms/1344569529072470095,1344569529072470095
https://www.airbnb.com/rooms/1383062385289679656,1383062385289679656
https://www.airbnb.com/rooms/1394014015301166830,1394014015301166830
https://www.airbnb.com/rooms/48157470,48157470
https://www.airbnb.com/rooms/48166061,48166061
https://www.airbnb.com/rooms/48166251,48166251
https://www.airbnb.com/rooms/54070096,54070096
https://www.airbnb.com/rooms/838100068030767416,838100068030767416
https://www.airbnb.com/rooms/852008289949539210,852008289949539210
https://www.airbnb.com/rooms/879834039683301500,879834039683301500
https://www.airbnb.com/rooms/893839458059394818,893839458059394818
https://www.airbnb.com/rooms/932221926845437967,932221926845437967
https://www.airbnb.com/rooms/944582343443771608,944582343443771608
https://www.airbnb.com/rooms/947015501822830171,947015501822830171
https://www.airbnb.com/rooms/947543346798692771,947543346798692771
https://www.airbnb.com/rooms/1081505405288465059,1081505405288465059
https://www.airbnb.com/rooms/1294649465175698508,1294649465175698508
https://www.airbnb.com/rooms/1434369095715154666,1434369095715154666
https://www.airbnb.com/rooms/1444672360980130272,1444672360980130272
https://www.airbnb.com/rooms/1472195588713150053,1472195588713150053
https://www.airbnb.com/rooms/1476615418184296316,1476615418184296316
https://www.airbnb.com/rooms/1499880786067502842,1499880786067502842
https://www.airbnb.com/rooms/1536189058660587710,1536189058660587710
https://www.airbnb.com/rooms/48158450,48158450
https://www.airbnb.com/rooms/48168244,48168244
https://www.airbnb.com/rooms/838142627934049039,838142627934049039
https://www.airbnb.com/rooms/838157011000606593,838157011000606593
https://www.airbnb.com/rooms/852007570033942648,852007570033942648
https://www.airbnb.com/rooms/852007722485351483,852007722485351483
https://www.airbnb.com/rooms/857655348324934837,857655348324934837
https://www.airbnb.com/rooms/890279791352936281,890279791352936281
https://www.airbnb.com/rooms/953974427988555279,953974427988555279
https://www.airbnb.com/rooms/989587534699534235,989587534699534235
https://www.airbnb.com/rooms/1410615797071410566,1410615797071410566
https://www.airbnb.com/rooms/1444569932997649791,1444569932997649791
https://www.airbnb.com/rooms/1445526321776231491,1445526321776231491
https://www.airbnb.com/rooms/1473624528176279235,1473624528176279235
https://www.airbnb.com/rooms/1500595973946940562,1500595973946940562
https://www.airbnb.com/rooms/1517190525140306804,1517190525140306804
https://www.airbnb.com/rooms/1534436084128227420,1534436084128227420
https://www.airbnb.com/rooms/838144944699726807,838144944699726807
https://www.airbnb.com/rooms/852005945526872053,852005945526872053
https://www.airbnb.com/rooms/852006358696602336,852006358696602336
https://www.airbnb.com/rooms/852006613462124264,852006613462124264
https://www.airbnb.com/rooms/852006805740587037,852006805740587037
https://www.airbnb.com/rooms/852006969793350788,852006969793350788
https://www.airbnb.com/rooms/852007215645678473,852007215645678473
https://www.airbnb.com/rooms/852007895046405963,852007895046405963
https://www.airbnb.com/rooms/852008149806879890,852008149806879890
https://www.airbnb.com/rooms/852008480767782830,852008480767782830
https://www.airbnb.com/rooms/964735135657715905,964735135657715905
https://www.airbnb.com/rooms/1625652257049011926,1625652257049011926
https://www.airbnb.com/rooms/1766078866379550375,1766078866379550375
https://www.airbnb.com/rooms/1388631893894562735,1388631893894562735
https://www.airbnb.com/rooms/1403024707910801203,1403024707910801203
https://www.airbnb.com/rooms/14417382,14417382
https://www.airbnb.com/rooms/1665412610112485695,1665412610112485695
https://www.airbnb.com/rooms/22765877,22765877
https://www.airbnb.com/rooms/39031568,39031568
https://www.airbnb.com/rooms/51366048,51366048
https://www.airbnb.com/rooms/53754184,53754184
https://www.airbnb.com/rooms/705006683405539353,705006683405539353
https://www.airbnb.com/rooms/1089345411533442312,1089345411533442312
https://www.airbnb.com/rooms/13064961,13064961
https://www.airbnb.com/rooms/1590122147739388999,1590122147739388999
https://www.airbnb.com/rooms/1603882919634766630,1603882919634766630
https://www.airbnb.com/rooms/1620388447639539211,1620388447639539211
https://www.airbnb.com/rooms/1684166878077999169,1684166878077999169
https://www.airbnb.com/rooms/17170311,17170311
https://www.airbnb.com/rooms/21582620,21582620
https://www.airbnb.com/rooms/4476315,4476315
https://www.airbnb.com/rooms/4958707,4958707
https://www.airbnb.com/rooms/50423798,50423798
https://www.airbnb.com/rooms/51169872,51169872
https://www.airbnb.com/rooms/765270270881978376,765270270881978376
https://www.airbnb.com/rooms/994821774609612511,994821774609612511
https://www.airbnb.com/rooms/1044281266128749954,1044281266128749954
https://www.airbnb.com/rooms/1258733329630399226,1258733329630399226
https://www.airbnb.com/rooms/1450024880314062274,1450024880314062274
https://www.airbnb.com/rooms/1536451903398207893,1536451903398207893
https://www.airbnb.com/rooms/1568195223668672383,1568195223668672383
https://www.airbnb.com/rooms/1590109143308964284,1590109143308964284
https://www.airbnb.com/rooms/1619811111025467028,1619811111025467028
https://www.airbnb.com/rooms/1637934428615410153,1637934428615410153
https://www.airbnb.com/rooms/1684271182467140698,1684271182467140698
https://www.airbnb.com/rooms/39034225,39034225
https://www.airbnb.com/rooms/39696537,39696537
https://www.airbnb.com/rooms/47727586,47727586
https://www.airbnb.com/rooms/51984383,51984383
https://www.airbnb.com/rooms/53041579,53041579
https://www.airbnb.com/rooms/553513875533434260,553513875533434260
https://www.airbnb.com/rooms/566708291280837451,566708291280837451
https://www.airbnb.com/rooms/1085514583905877926,1085514583905877926
https://www.airbnb.com/rooms/1137680658299168753,1137680658299168753
https://www.airbnb.com/rooms/1332043161744017734,1332043161744017734
https://www.airbnb.com/rooms/1590153218869928776,1590153218869928776
https://www.airbnb.com/rooms/1603883868879597312,1603883868879597312
https://www.airbnb.com/rooms/16529833,16529833
https://www.airbnb.com/rooms/18133636,18133636
https://www.airbnb.com/rooms/38719402,38719402
https://www.airbnb.com/rooms/39032607,39032607
https://www.airbnb.com/rooms/39034408,39034408
https://www.airbnb.com/rooms/41556676,41556676
https://www.airbnb.com/rooms/52078262,52078262
https://www.airbnb.com/rooms/568827259835631368,568827259835631368
https://www.airbnb.com/rooms/6466330,6466330
https://www.airbnb.com/rooms/694212528485944088,694212528485944088
https://www.airbnb.com/rooms/696886403811016526,696886403811016526
https://www.airbnb.com/rooms/1195066896825366290,1195066896825366290
https://www.airbnb.com/rooms/14692027,14692027
https://www.airbnb.com/rooms/1513857827640988056,1513857827640988056
https://www.airbnb.com/rooms/1626302025229323564,1626302025229323564
https://www.airbnb.com/rooms/27258909,27258909
https://www.airbnb.com/rooms/28455899,28455899
https://www.airbnb.com/rooms/50422661,50422661
https://www.airbnb.com/rooms/50437860,50437860
https://www.airbnb.com/rooms/53142754,53142754
https://www.airbnb.com/rooms/554287301682037480,554287301682037480
https://www.airbnb.com/rooms/554287398338310645,554287398338310645
https://www.airbnb.com/rooms/554287623124043768,554287623124043768
https://www.airbnb.com/rooms/559225409406159053,559225409406159053
https://www.airbnb.com/rooms/565060772864873078,565060772864873078
https://www.airbnb.com/rooms/568827195098153703,568827195098153703
https://www.airbnb.com/rooms/582454727107809399,582454727107809399
https://www.airbnb.com/rooms/613590508944765979,613590508944765979
https://www.airbnb.com/rooms/863130273988366247,863130273988366247
https://www.airbnb.com/rooms/1091410974046796279,1091410974046796279
https://www.airbnb.com/rooms/1513877037326694836,1513877037326694836
https://www.airbnb.com/rooms/1541259818302346800,1541259818302346800
https://www.airbnb.com/rooms/1590138225426373432,1590138225426373432
https://www.airbnb.com/rooms/1594580847992869826,1594580847992869826
https://www.airbnb.com/rooms/1623358933964790653,1623358933964790653
https://www.airbnb.com/rooms/1684172604779023792,1684172604779023792
https://www.airbnb.com/rooms/1684223134569112992,1684223134569112992
https://www.airbnb.com/rooms/1740143303450467703,1740143303450467703
https://www.airbnb.com/rooms/22795751,22795751
https://www.airbnb.com/rooms/49745980,49745980
https://www.airbnb.com/rooms/51086566,51086566
https://www.airbnb.com/rooms/549209529877805453,549209529877805453
https://www.airbnb.com/rooms/708671528167167653,708671528167167653
https://www.airbnb.com/rooms/10234851,10234851
https://www.airbnb.com/rooms/1084880055691973152,1084880055691973152
https://www.airbnb.com/rooms/1144978907606162301,1144978907606162301
https://www.airbnb.com/rooms/1636743858330915313,1636743858330915313
https://www.airbnb.com/rooms/1684274993030953140,1684274993030953140
https://www.airbnb.com/rooms/29511447,29511447
https://www.airbnb.com/rooms/29852198,29852198
https://www.airbnb.com/rooms/41611640,41611640
https://www.airbnb.com/rooms/41749749,41749749
https://www.airbnb.com/rooms/46277754,46277754
https://www.airbnb.com/rooms/49770583,49770583
https://www.airbnb.com/rooms/54376891,54376891
https://www.airbnb.com/rooms/623980978998472385,623980978998472385
https://www.airbnb.com/rooms/1141326329265385389,1141326329265385389
https://www.airbnb.com/rooms/1235678742825705354,1235678742825705354
https://www.airbnb.com/rooms/1569718548739818399,1569718548739818399
https://www.airbnb.com/rooms/1584161532768620790,1584161532768620790
https://www.airbnb.com/rooms/1684219890708999515,1684219890708999515
https://www.airbnb.com/rooms/1684233690619152442,1684233690619152442
https://www.airbnb.com/rooms/22324981,22324981
https://www.airbnb.com/rooms/26260106,26260106
https://www.airbnb.com/rooms/43197271,43197271
https://www.airbnb.com/rooms/817914832305386657,817914832305386657
https://www.airbnb.com/rooms/818946258937054760,818946258937054760
https://www.airbnb.com/rooms/1141484368457207002,1141484368457207002
https://www.airbnb.com/rooms/1143596307316129034,1143596307316129034
https://www.airbnb.com/rooms/1174042439483907537,1174042439483907537
https://www.airbnb.com/rooms/1184188967898243168,1184188967898243168
https://www.airbnb.com/rooms/13595249,13595249
https://www.airbnb.com/rooms/1380448403235278352,1380448403235278352
https://www.airbnb.com/rooms/1380477305295976937,1380477305295976937
https://www.airbnb.com/rooms/1568293703183863339,1568293703183863339
https://www.airbnb.com/rooms/1702959900229294073,1702959900229294073
https://www.airbnb.com/rooms/32397810,32397810
https://www.airbnb.com/rooms/41814116,41814116
https://www.airbnb.com/rooms/43197222,43197222
https://www.airbnb.com/rooms/53768934,53768934
https://www.airbnb.com/rooms/578247685889708114,578247685889708114
https://www.airbnb.com/rooms/747816436257321276,747816436257321276
https://www.airbnb.com/rooms/747920770862873653,747920770862873653
https://www.airbnb.com/rooms/1173498173245175767,1173498173245175767
https://www.airbnb.com/rooms/1380502643866498812,1380502643866498812
https://www.airbnb.com/rooms/18958675,18958675
https://www.airbnb.com/rooms/1951714,1951714
https://www.airbnb.com/rooms/816086839582375837,816086839582375837
https://www.airbnb.com/rooms/818148087119924902,818148087119924902
https://www.airbnb.com/rooms/9403958,9403958
https://www.airbnb.com/rooms/1637937868094081113,1637937868094081113
https://www.airbnb.com/rooms/20864705,20864705
https://www.airbnb.com/rooms/43677333,43677333
https://www.airbnb.com/rooms/49159162,49159162
https://www.airbnb.com/rooms/818777509816592425,818777509816592425
https://www.airbnb.com/rooms/46746874,46746874
https://www.airbnb.com/rooms/554287610193599984,554287610193599984
https://www.airbnb.com/rooms/554287758090955448,554287758090955448
https://www.airbnb.com/rooms/1648725343405171725,1648725343405171725
https://www.airbnb.com/rooms/961551672450846483,961551672450846483
https://www.airbnb.com/rooms/555003802932082787,555003802932082787
https://www.airbnb.com/rooms/1639513238817642922,1639513238817642922
https://www.airbnb.com/rooms/54244750,54244750
https://www.airbnb.com/rooms/806603177661444259,806603177661444259
https://www.airbnb.com/rooms/806923301043061589,806923301043061589
https://www.airbnb.com/rooms/1061246555828330798,1061246555828330798
https://www.airbnb.com/rooms/1127711622130663118,1127711622130663118
https://www.airbnb.com/rooms/1688501150635327477,1688501150635327477
https://www.airbnb.com/rooms/1692193402149489399,1692193402149489399
https://www.airbnb.com/rooms/1730479993606777425,1730479993606777425
https://www.airbnb.com/rooms/1776787070704896081,1776787070704896081
https://www.airbnb.com/rooms/549163835490503701,549163835490503701
https://www.airbnb.com/rooms/806619372592440917,806619372592440917
https://www.airbnb.com/rooms/831819883525808739,831819883525808739
https://www.airbnb.com/rooms/904505960933424945,904505960933424945
https://www.airbnb.com/rooms/1345682459417875272,1345682459417875272
https://www.airbnb.com/rooms/1471254623559959405,1471254623559959405
https://www.airbnb.com/rooms/1776788129430302771,1776788129430302771
https://www.airbnb.com/rooms/35868357,35868357
https://www.airbnb.com/rooms/50104041,50104041
https://www.airbnb.com/rooms/554287588825431282,554287588825431282
https://www.airbnb.com/rooms/566689385020477879,566689385020477879
https://www.airbnb.com/rooms/1309645909712963028,1309645909712963028
https://www.airbnb.com/rooms/1376909570820567339,1376909570820567339
https://www.airbnb.com/rooms/1418887983986192315,1418887983986192315
https://www.airbnb.com/rooms/1521136922280913796,1521136922280913796
https://www.airbnb.com/rooms/1776788533342593433,1776788533342593433
https://www.airbnb.com/rooms/43407146,43407146
https://www.airbnb.com/rooms/50197417,50197417
https://www.airbnb.com/rooms/965998598023380880,965998598023380880
https://www.airbnb.com/rooms/1127731556002441114,1127731556002441114
https://www.airbnb.com/rooms/1329823423186328718,1329823423186328718
https://www.airbnb.com/rooms/1428520397538296585,1428520397538296585
https://www.airbnb.com/rooms/1516251069095602833,1516251069095602833
https://www.airbnb.com/rooms/41687118,41687118
https://www.airbnb.com/rooms/44492250,44492250
https://www.airbnb.com/rooms/48138164,48138164
https://www.airbnb.com/rooms/928564002697499585,928564002697499585
https://www.airbnb.com/rooms/1308183572013068727,1308183572013068727
https://www.airbnb.com/rooms/1471073823439269017,1471073823439269017
https://www.airbnb.com/rooms/1574770750120292723,1574770750120292723
https://www.airbnb.com/rooms/1608060299358350156,1608060299358350156
https://www.airbnb.com/rooms/1639337926179854740,1639337926179854740
https://www.airbnb.com/rooms/1639341510974520865,1639341510974520865
https://www.airbnb.com/rooms/1639506287358077703,1639506287358077703
https://www.airbnb.com/rooms/40946172,40946172
https://www.airbnb.com/rooms/45670501,45670501
https://www.airbnb.com/rooms/762648408598042832,762648408598042832
https://www.airbnb.com/rooms/882504559487575911,882504559487575911
https://www.airbnb.com/rooms/1041395258407926380,1041395258407926380
https://www.airbnb.com/rooms/1299271971956873268,1299271971956873268
https://www.airbnb.com/rooms/1339217935428317075,1339217935428317075
https://www.airbnb.com/rooms/20411425,20411425
https://www.airbnb.com/rooms/28980404,28980404
https://www.airbnb.com/rooms/554287747998427041,554287747998427041
https://www.airbnb.com/rooms/709999740983796923,709999740983796923
https://www.airbnb.com/rooms/747921168858328851,747921168858328851
https://www.airbnb.com/rooms/863882869563110228,863882869563110228
https://www.airbnb.com/rooms/1063171033532612142,1063171033532612142
https://www.airbnb.com/rooms/1147938171290590184,1147938171290590184
https://www.airbnb.com/rooms/1328674199521776275,1328674199521776275
https://www.airbnb.com/rooms/1502301337773624981,1502301337773624981
https://www.airbnb.com/rooms/1543784558127943879,1543784558127943879
https://www.airbnb.com/rooms/1620183853806333216,1620183853806333216
https://www.airbnb.com/rooms/1639339985005481610,1639339985005481610
https://www.airbnb.com/rooms/41939670,41939670
https://www.airbnb.com/rooms/50913533,50913533
https://www.airbnb.com/rooms/554287293452960766,554287293452960766
https://www.airbnb.com/rooms/826109029760031883,826109029760031883
https://www.airbnb.com/rooms/874643371447333214,874643371447333214
https://www.airbnb.com/rooms/950746107760666211,950746107760666211
https://www.airbnb.com/rooms/1435698287183877334,1435698287183877334
https://www.airbnb.com/rooms/1711748579357017859,1711748579357017859
https://www.airbnb.com/rooms/554287680476593569,554287680476593569
https://www.airbnb.com/rooms/787617459704304941,787617459704304941
https://www.airbnb.com/rooms/1011324059982537670,1011324059982537670
https://www.airbnb.com/rooms/11820786,11820786
https://www.airbnb.com/rooms/1372789211796039806,1372789211796039806
https://www.airbnb.com/rooms/1433487176936239927,1433487176936239927
https://www.airbnb.com/rooms/1597281110338717502,1597281110338717502
https://www.airbnb.com/rooms/46525471,46525471
https://www.airbnb.com/rooms/48094468,48094468
https://www.airbnb.com/rooms/53279666,53279666
https://www.airbnb.com/rooms/808660580178892465,808660580178892465
https://www.airbnb.com/rooms/1478565940477752766,1478565940477752766
https://www.airbnb.com/rooms/1478570890060902512,1478570890060902512
https://www.airbnb.com/rooms/1478574498049613271,1478574498049613271
https://www.airbnb.com/rooms/1528347042037778849,1528347042037778849
https://www.airbnb.com/rooms/1597278417838651313,1597278417838651313
https://www.airbnb.com/rooms/1675449156453144527,1675449156453144527
https://www.airbnb.com/rooms/1724238037341446195,1724238037341446195
https://www.airbnb.com/rooms/1724860413607313917,1724860413607313917
https://www.airbnb.com/rooms/45421980,45421980
https://www.airbnb.com/rooms/46063272,46063272
https://www.airbnb.com/rooms/46179185,46179185
https://www.airbnb.com/rooms/47199116,47199116
https://www.airbnb.com/rooms/47952814,47952814
https://www.airbnb.com/rooms/811665206802034711,811665206802034711
https://www.airbnb.com/rooms/918250440234234879,918250440234234879
https://www.airbnb.com/rooms/1157896954244969254,1157896954244969254
https://www.airbnb.com/rooms/1478565411916688692,1478565411916688692
https://www.airbnb.com/rooms/1478566462969358885,1478566462969358885
https://www.airbnb.com/rooms/1478566995126543211,1478566995126543211
https://www.airbnb.com/rooms/1478567516946339790,1478567516946339790
https://www.airbnb.com/rooms/1478569083305120298,1478569083305120298
https://www.airbnb.com/rooms/1478571766511364655,1478571766511364655
https://www.airbnb.com/rooms/1478573542435303526,1478573542435303526
https://www.airbnb.com/rooms/1478573974526284331,1478573974526284331
https://www.airbnb.com/rooms/1478574087897736438,1478574087897736438
https://www.airbnb.com/rooms/1478576358230694577,1478576358230694577
https://www.airbnb.com/rooms/1724238914357851326,1724238914357851326
https://www.airbnb.com/rooms/20119896,20119896
https://www.airbnb.com/rooms/33488385,33488385
https://www.airbnb.com/rooms/47199707,47199707
https://www.airbnb.com/rooms/47546535,47546535
https://www.airbnb.com/rooms/811670073503224867,811670073503224867
https://www.airbnb.com/rooms/1228372177905773073,1228372177905773073
https://www.airbnb.com/rooms/1478573351425833512,1478573351425833512
https://www.airbnb.com/rooms/1478575734117309442,1478575734117309442
https://www.airbnb.com/rooms/1478575801382744555,1478575801382744555
https://www.airbnb.com/rooms/1478576354998544758,1478576354998544758
https://www.airbnb.com/rooms/1478576903102449902,1478576903102449902
https://www.airbnb.com/rooms/20120341,20120341
https://www.airbnb.com/rooms/20120538,20120538
https://www.airbnb.com/rooms/20120787,20120787
https://www.airbnb.com/rooms/45053579,45053579
https://www.airbnb.com/rooms/45421949,45421949
https://www.airbnb.com/rooms/46063195,46063195
https://www.airbnb.com/rooms/1478570000911970794,1478570000911970794
https://www.airbnb.com/rooms/1120338228423731592,1120338228423731592
https://www.airbnb.com/rooms/1146654523965886875,1146654523965886875
https://www.airbnb.com/rooms/1770318361361783239,1770318361361783239
https://www.airbnb.com/rooms/45242131,45242131
https://www.airbnb.com/rooms/47869663,47869663
https://www.airbnb.com/rooms/852931227608901728,852931227608901728
https://www.airbnb.com/rooms/938601614459220895,938601614459220895
https://www.airbnb.com/rooms/1120911122642373085,1120911122642373085
https://www.airbnb.com/rooms/1146654503590214096,1146654503590214096
https://www.airbnb.com/rooms/1268894312172265687,1268894312172265687
https://www.airbnb.com/rooms/1597278741220185696,1597278741220185696
https://www.airbnb.com/rooms/1597360194479092323,1597360194479092323
https://www.airbnb.com/rooms/1623366833810407425,1623366833810407425
https://www.airbnb.com/rooms/1677184322452485280,1677184322452485280
https://www.airbnb.com/rooms/1678470082414835358,1678470082414835358
https://www.airbnb.com/rooms/1724238841562844055,1724238841562844055
https://www.airbnb.com/rooms/47562014,47562014
https://www.airbnb.com/rooms/685303396533297556,685303396533297556
https://www.airbnb.com/rooms/685306559369014994,685306559369014994
https://www.airbnb.com/rooms/716358107498292783,716358107498292783
https://www.airbnb.com/rooms/852930933852766737,852930933852766737
https://www.airbnb.com/rooms/852931802126098656,852931802126098656
https://www.airbnb.com/rooms/1185426623299195438,1185426623299195438
https://www.airbnb.com/rooms/1632734356876985087,1632734356876985087
https://www.airbnb.com/rooms/47562546,47562546
https://www.airbnb.com/rooms/50793104,50793104
https://www.airbnb.com/rooms/52026308,52026308
https://www.airbnb.com/rooms/52734144,52734144
https://www.airbnb.com/rooms/53279608,53279608
https://www.airbnb.com/rooms/685304818371117767,685304818371117767
https://www.airbnb.com/rooms/716355352287995494,716355352287995494
https://www.airbnb.com/rooms/716357541269625048,716357541269625048
https://www.airbnb.com/rooms/756018762518846458,756018762518846458
https://www.airbnb.com/rooms/852930645861759798,852930645861759798
https://www.airbnb.com/rooms/852932104589841784,852932104589841784
https://www.airbnb.com/rooms/1311618426687608305,1311618426687608305
https://www.airbnb.com/rooms/1597281117221872870,1597281117221872870
https://www.airbnb.com/rooms/30532841,30532841
https://www.airbnb.com/rooms/46199482,46199482
https://www.airbnb.com/rooms/46563697,46563697
https://www.airbnb.com/rooms/47198794,47198794
https://www.airbnb.com/rooms/667480630504382142,667480630504382142
https://www.airbnb.com/rooms/685306333028936874,685306333028936874
https://www.airbnb.com/rooms/714518676400110151,714518676400110151
https://www.airbnb.com/rooms/716357351688949868,716357351688949868
https://www.airbnb.com/rooms/852931893548426246,852931893548426246
https://www.airbnb.com/rooms/930499813709435519,930499813709435519
https://www.airbnb.com/rooms/1114491506230505821,1114491506230505821
https://www.airbnb.com/rooms/1354388284746293476,1354388284746293476
https://www.airbnb.com/rooms/1417418002307816999,1417418002307816999
https://www.airbnb.com/rooms/50587698,50587698
https://www.airbnb.com/rooms/53280840,53280840
https://www.airbnb.com/rooms/685303918864764924,685303918864764924
https://www.airbnb.com/rooms/685306236938875625,685306236938875625
https://www.airbnb.com/rooms/714518517219836702,714518517219836702
https://www.airbnb.com/rooms/716359198407360810,716359198407360810
https://www.airbnb.com/rooms/716359976578891058,716359976578891058
https://www.airbnb.com/rooms/723805374154864164,723805374154864164
https://www.airbnb.com/rooms/756022165345239374,756022165345239374
https://www.airbnb.com/rooms/932520266115259282,932520266115259282
https://www.airbnb.com/rooms/1675410193254117683,1675410193254117683
https://www.airbnb.com/rooms/47562699,47562699
https://www.airbnb.com/rooms/687069561481679611,687069561481679611
https://www.airbnb.com/rooms/714514289325764900,714514289325764900
https://www.airbnb.com/rooms/714514768889468294,714514768889468294
https://www.airbnb.com/rooms/716356965537946558,716356965537946558
https://www.airbnb.com/rooms/716360567068549242,716360567068549242
https://www.airbnb.com/rooms/756023629732844676,756023629732844676
https://www.airbnb.com/rooms/811668985635634695,811668985635634695
https://www.airbnb.com/rooms/852930845437788694,852930845437788694
https://www.airbnb.com/rooms/852932240335070364,852932240335070364
https://www.airbnb.com/rooms/922473351486801947,922473351486801947
https://www.airbnb.com/rooms/1311619729268088993,1311619729268088993
https://www.airbnb.com/rooms/1360176608598299207,1360176608598299207
https://www.airbnb.com/rooms/685303830646788775,685303830646788775
https://www.airbnb.com/rooms/714514448444993790,714514448444993790
https://www.airbnb.com/rooms/714515886767087348,714515886767087348
https://www.airbnb.com/rooms/714517073269906235,714517073269906235
https://www.airbnb.com/rooms/714518836041578654,714518836041578654
https://www.airbnb.com/rooms/714519476195323926,714519476195323926
https://www.airbnb.com/rooms/716352410159058788,716352410159058788
https://www.airbnb.com/rooms/716355728875158511,716355728875158511
https://www.airbnb.com/rooms/716357918666645761,716357918666645761
https://www.airbnb.com/rooms/852931123692776858,852931123692776858
https://www.airbnb.com/rooms/931982836815733103,931982836815733103
https://www.airbnb.com/rooms/1363956623062907063,1363956623062907063
https://www.airbnb.com/rooms/1381145652190572552,1381145652190572552
https://www.airbnb.com/rooms/1384464164204002465,1384464164204002465
https://www.airbnb.com/rooms/1417419908196342532,1417419908196342532
https://www.airbnb.com/rooms/716355932529157274,716355932529157274
https://www.airbnb.com/rooms/716357728897376550,716357728897376550
https://www.airbnb.com/rooms/716360174306734230,716360174306734230
https://www.airbnb.com/rooms/685301464188181893,685301464188181893
https://www.airbnb.com/rooms/685303570073628133,685303570073628133
https://www.airbnb.com/rooms/685304045598731399,685304045598731399
https://www.airbnb.com/rooms/685304133052740602,685304133052740602
https://www.airbnb.com/rooms/685304317747878694,685304317747878694
https://www.airbnb.com/rooms/852931070326406045,852931070326406045
https://www.airbnb.com/rooms/852931971052865541,852931971052865541
https://www.airbnb.com/rooms/852932156321999752,852932156321999752
https://www.airbnb.com/rooms/852932465125529892,852932465125529892
https://www.airbnb.com/rooms/852932646085599816,852932646085599816
https://www.airbnb.com/rooms/685304235278846952,685304235278846952
https://www.airbnb.com/rooms/685304564953510890,685304564953510890
https://www.airbnb.com/rooms/685304689193595127,685304689193595127
https://www.airbnb.com/rooms/852930566205185207,852930566205185207
https://www.airbnb.com/rooms/1558876446044130157,1558876446044130157
https://www.airbnb.com/rooms/810302851984358673,810302851984358673
https://www.airbnb.com/rooms/916620332990346132,916620332990346132
https://www.airbnb.com/rooms/806791799299608617,806791799299608617
https://www.airbnb.com/rooms/546227229435183974,546227229435183974
https://www.airbnb.com/rooms/1361656316712457862,1361656316712457862
https://www.airbnb.com/rooms/934044539300051227,934044539300051227
https://www.airbnb.com/rooms/756028699705653891,756028699705653891
https://www.airbnb.com/rooms/723802044035536423,723802044035536423
https://www.airbnb.com/rooms/930477875875537894,930477875875537894
https://www.airbnb.com/rooms/1019855393395987807,1019855393395987807
https://www.airbnb.com/rooms/1026037015036266977,1026037015036266977
https://www.airbnb.com/rooms/686058064003280914,686058064003280914
https://www.airbnb.com/rooms/756020672648211129,756020672648211129
https://www.airbnb.com/rooms/806787973691977876,806787973691977876
https://www.airbnb.com/rooms/806795428446312158,806795428446312158
https://www.airbnb.com/rooms/807961999481675013,807961999481675013
https://www.airbnb.com/rooms/807965432522408796,807965432522408796
https://www.airbnb.com/rooms/888380701489598948,888380701489598948
https://www.airbnb.com/rooms/914666551381548688,914666551381548688
https://www.airbnb.com/rooms/806784306565566195,806784306565566195
https://www.airbnb.com/rooms/806794580014404343,806794580014404343
https://www.airbnb.com/rooms/807964147309176120,807964147309176120
https://www.airbnb.com/rooms/810022227878886499,810022227878886499
https://www.airbnb.com/rooms/810305859771072182,810305859771072182
https://www.airbnb.com/rooms/913935392246258479,913935392246258479
https://www.airbnb.com/rooms/917096123340032218,917096123340032218
https://www.airbnb.com/rooms/918219931882559190,918219931882559190
https://www.airbnb.com/rooms/807966825331061859,807966825331061859
https://www.airbnb.com/rooms/810308471069359522,810308471069359522
https://www.airbnb.com/rooms/1233678141189798461,1233678141189798461
https://www.airbnb.com/rooms/1268879795276544782,1268879795276544782
https://www.airbnb.com/rooms/1638599226373689153,1638599226373689153
https://www.airbnb.com/rooms/36562684,36562684
https://www.airbnb.com/rooms/765981307766920331,765981307766920331
https://www.airbnb.com/rooms/808659294545063658,808659294545063658
https://www.airbnb.com/rooms/821579379660449544,821579379660449544
https://www.airbnb.com/rooms/943759198533569000,943759198533569000
https://www.airbnb.com/rooms/1208695340165854050,1208695340165854050
https://www.airbnb.com/rooms/1236890545946104680,1236890545946104680
https://www.airbnb.com/rooms/1348468300737143522,1348468300737143522
https://www.airbnb.com/rooms/5930642,5930642
https://www.airbnb.com/rooms/6305488,6305488
https://www.airbnb.com/rooms/756016311991145506,756016311991145506
https://www.airbnb.com/rooms/765981767791680723,765981767791680723
https://www.airbnb.com/rooms/807748238037687341,807748238037687341
https://www.airbnb.com/rooms/807749570620939532,807749570620939532
https://www.airbnb.com/rooms/808659220931811952,808659220931811952
https://www.airbnb.com/rooms/909357819075783566,909357819075783566
https://www.airbnb.com/rooms/1236867509227526433,1236867509227526433
https://www.airbnb.com/rooms/50897975,50897975
https://www.airbnb.com/rooms/765981757946232793,765981757946232793
https://www.airbnb.com/rooms/808657536422141220,808657536422141220
https://www.airbnb.com/rooms/808658189589467292,808658189589467292
https://www.airbnb.com/rooms/852931328257143827,852931328257143827
https://www.airbnb.com/rooms/930485964774300351,930485964774300351
https://www.airbnb.com/rooms/1208699354124376206,1208699354124376206
https://www.airbnb.com/rooms/1675419856913910928,1675419856913910928
https://www.airbnb.com/rooms/765981728799738001,765981728799738001
https://www.airbnb.com/rooms/765981771782455404,765981771782455404
https://www.airbnb.com/rooms/806780471028983238,806780471028983238
https://www.airbnb.com/rooms/808657982551909577,808657982551909577
https://www.airbnb.com/rooms/808658127645998575,808658127645998575
https://www.airbnb.com/rooms/808659952575227865,808659952575227865
https://www.airbnb.com/rooms/918908900290922380,918908900290922380
https://www.airbnb.com/rooms/934042719468347203,934042719468347203
https://www.airbnb.com/rooms/978117403106940687,978117403106940687
https://www.airbnb.com/rooms/1675424123506514699,1675424123506514699
https://www.airbnb.com/rooms/765981763712037517,765981763712037517
https://www.airbnb.com/rooms/808658051240675437,808658051240675437
https://www.airbnb.com/rooms/808658442501470219,808658442501470219
https://www.airbnb.com/rooms/808660050817245066,808660050817245066
https://www.airbnb.com/rooms/808660121987289083,808660121987289083
https://www.airbnb.com/rooms/808660710149514906,808660710149514906
https://www.airbnb.com/rooms/914689272351057379,914689272351057379
https://www.airbnb.com/rooms/918221915502336587,918221915502336587
https://www.airbnb.com/rooms/918976541838384751,918976541838384751
https://www.airbnb.com/rooms/932515359767609560,932515359767609560
https://www.airbnb.com/rooms/1020938199402861405,1020938199402861405
https://www.airbnb.com/rooms/1023367915668657957,1023367915668657957
https://www.airbnb.com/rooms/1114495897521036347,1114495897521036347
https://www.airbnb.com/rooms/765981492277448887,765981492277448887
https://www.airbnb.com/rooms/765981519549731337,765981519549731337
https://www.airbnb.com/rooms/765981588539039591,765981588539039591
https://www.airbnb.com/rooms/808657393798944042,808657393798944042
https://www.airbnb.com/rooms/808658402083170682,808658402083170682
https://www.airbnb.com/rooms/808658597896030009,808658597896030009
https://www.airbnb.com/rooms/808659048660030360,808659048660030360
https://www.airbnb.com/rooms/808659766517788724,808659766517788724
https://www.airbnb.com/rooms/908807570753940575,908807570753940575
https://www.airbnb.com/rooms/931377595669770756,931377595669770756
https://www.airbnb.com/rooms/765981121272049878,765981121272049878
https://www.airbnb.com/rooms/765981188625295475,765981188625295475
https://www.airbnb.com/rooms/765981346991722489,765981346991722489
https://www.airbnb.com/rooms/765981453014343379,765981453014343379
https://www.airbnb.com/rooms/765981476199175467,765981476199175467
https://www.airbnb.com/rooms/808658661067742535,808658661067742535
https://www.airbnb.com/rooms/808659024221513470,808659024221513470
https://www.airbnb.com/rooms/808659025041504001,808659025041504001
https://www.airbnb.com/rooms/808659136450603923,808659136450603923
https://www.airbnb.com/rooms/808659940257963145,808659940257963145
https://www.airbnb.com/rooms/808660449659506112,808660449659506112
https://www.airbnb.com/rooms/808660559746918005,808660559746918005
https://www.airbnb.com/rooms/910161831024881072,910161831024881072
https://www.airbnb.com/rooms/1057727550457282069,1057727550457282069
https://www.airbnb.com/rooms/1335653756177148180,1335653756177148180
https://www.airbnb.com/rooms/1396517062656228160,1396517062656228160
https://www.airbnb.com/rooms/17140617,17140617
https://www.airbnb.com/rooms/38575266,38575266
https://www.airbnb.com/rooms/38582862,38582862
https://www.airbnb.com/rooms/38582871,38582871
https://www.airbnb.com/rooms/38746640,38746640
https://www.airbnb.com/rooms/47846359,47846359
https://www.airbnb.com/rooms/8734371,8734371
https://www.airbnb.com/rooms/895676029877591407,895676029877591407
https://www.airbnb.com/rooms/1051410855634994073,1051410855634994073
https://www.airbnb.com/rooms/1057727700751450480,1057727700751450480
https://www.airbnb.com/rooms/1396465725585475337,1396465725585475337
https://www.airbnb.com/rooms/1398861329818083602,1398861329818083602
https://www.airbnb.com/rooms/1465968001592067063,1465968001592067063
https://www.airbnb.com/rooms/17140384,17140384
https://www.airbnb.com/rooms/23975379,23975379
https://www.airbnb.com/rooms/48751709,48751709
https://www.airbnb.com/rooms/48826258,48826258
https://www.airbnb.com/rooms/640999393041578494,640999393041578494
https://www.airbnb.com/rooms/666148849585774599,666148849585774599
https://www.airbnb.com/rooms/772392693786100523,772392693786100523
https://www.airbnb.com/rooms/8904707,8904707
https://www.airbnb.com/rooms/897854584888889890,897854584888889890
https://www.airbnb.com/rooms/10909867,10909867
https://www.airbnb.com/rooms/1396498714016620530,1396498714016620530
https://www.airbnb.com/rooms/1398844538369990273,1398844538369990273
https://www.airbnb.com/rooms/1450097433679079491,1450097433679079491
https://www.airbnb.com/rooms/1465989677690989712,1465989677690989712
https://www.airbnb.com/rooms/20124821,20124821
https://www.airbnb.com/rooms/38728344,38728344
https://www.airbnb.com/rooms/38729037,38729037
https://www.airbnb.com/rooms/48764833,48764833
https://www.airbnb.com/rooms/48765718,48765718
https://www.airbnb.com/rooms/48833905,48833905
https://www.airbnb.com/rooms/640999465821141503,640999465821141503
https://www.airbnb.com/rooms/744741378455883584,744741378455883584
https://www.airbnb.com/rooms/938962292850038466,938962292850038466
https://www.airbnb.com/rooms/969519390314254144,969519390314254144
https://www.airbnb.com/rooms/1465910028295070402,1465910028295070402
https://www.airbnb.com/rooms/1549341196399268742,1549341196399268742
https://www.airbnb.com/rooms/1549460816579102617,1549460816579102617
https://www.airbnb.com/rooms/1700789612381495408,1700789612381495408
https://www.airbnb.com/rooms/719564144890480502,719564144890480502
https://www.airbnb.com/rooms/980330116739246187,980330116739246187
https://www.airbnb.com/rooms/991793318173940526,991793318173940526
https://www.airbnb.com/rooms/991793658889375378,991793658889375378
https://www.airbnb.com/rooms/991794883039304475,991794883039304475
https://www.airbnb.com/rooms/991795417593038859,991795417593038859
https://www.airbnb.com/rooms/991793412232250388,991793412232250388
https://www.airbnb.com/rooms/991793659101125081,991793659101125081
https://www.airbnb.com/rooms/991793706186336118,991793706186336118
https://www.airbnb.com/rooms/991794199808977298,991794199808977298
https://www.airbnb.com/rooms/991794467673571653,991794467673571653
https://www.airbnb.com/rooms/991794621987209454,991794621987209454
https://www.airbnb.com/rooms/991794732262464282,991794732262464282
https://www.airbnb.com/rooms/991794805609648088,991794805609648088
https://www.airbnb.com/rooms/991794968130103756,991794968130103756
https://www.airbnb.com/rooms/991795272136252324,991795272136252324
https://www.airbnb.com/rooms/991795337793948507,991795337793948507
https://www.airbnb.com/rooms/991795548267780293,991795548267780293
https://www.airbnb.com/rooms/991796113157108254,991796113157108254
https://www.airbnb.com/rooms/991798027414156822,991798027414156822
https://www.airbnb.com/rooms/991798163407210320,991798163407210320
https://www.airbnb.com/rooms/991798413381419866,991798413381419866
https://www.airbnb.com/rooms/991798513627407491,991798513627407491
https://www.airbnb.com/rooms/991794249306249184,991794249306249184
https://www.airbnb.com/rooms/991794310337630286,991794310337630286
https://www.airbnb.com/rooms/991796226842556797,991796226842556797
https://www.airbnb.com/rooms/991796287329049170,991796287329049170
https://www.airbnb.com/rooms/991798010936568593,991798010936568593
https://www.airbnb.com/rooms/991798168714266103,991798168714266103
https://www.airbnb.com/rooms/991798168905972094,991798168905972094
https://www.airbnb.com/rooms/991798191944587529,991798191944587529
https://www.airbnb.com/rooms/991798239543109555,991798239543109555
https://www.airbnb.com/rooms/991798267153744508,991798267153744508
https://www.airbnb.com/rooms/991798270480735599,991798270480735599
https://www.airbnb.com/rooms/991798271166287204,991798271166287204
https://www.airbnb.com/rooms/991798405243572599,991798405243572599
https://www.airbnb.com/rooms/991798407189011027,991798407189011027
https://www.airbnb.com/rooms/991798414145638262,991798414145638262
https://www.airbnb.com/rooms/991798417219653197,991798417219653197
https://www.airbnb.com/rooms/991798491550434811,991798491550434811
https://www.airbnb.com/rooms/1057727592535562776,1057727592535562776
https://www.airbnb.com/rooms/1487068790379184087,1487068790379184087
https://www.airbnb.com/rooms/1487068827592832610,1487068827592832610
https://www.airbnb.com/rooms/1057727655813259848,1057727655813259848
https://www.airbnb.com/rooms/1335643361658586386,1335643361658586386
https://www.airbnb.com/rooms/1487068723287701509,1487068723287701509
https://www.airbnb.com/rooms/21134195,21134195
https://www.airbnb.com/rooms/32354966,32354966
https://www.airbnb.com/rooms/46659190,46659190
https://www.airbnb.com/rooms/721565443697930856,721565443697930856
https://www.airbnb.com/rooms/810999770284962526,810999770284962526
https://www.airbnb.com/rooms/897240111282088361,897240111282088361
https://www.airbnb.com/rooms/1033256203186276927,1033256203186276927
https://www.airbnb.com/rooms/1143534572313129821,1143534572313129821
https://www.airbnb.com/rooms/1335620461357832775,1335620461357832775
https://www.airbnb.com/rooms/1427011561851045739,1427011561851045739
https://www.airbnb.com/rooms/1432772319038792678,1432772319038792678
https://www.airbnb.com/rooms/1487068863596926483,1487068863596926483
https://www.airbnb.com/rooms/1487068928910360000,1487068928910360000
https://www.airbnb.com/rooms/17253132,17253132
https://www.airbnb.com/rooms/18664192,18664192
https://www.airbnb.com/rooms/42925313,42925313
https://www.airbnb.com/rooms/44695013,44695013
https://www.airbnb.com/rooms/774786585557163642,774786585557163642
https://www.airbnb.com/rooms/903732029432517885,903732029432517885
https://www.airbnb.com/rooms/1051581017265469947,1051581017265469947
https://www.airbnb.com/rooms/1184464749090505864,1184464749090505864
https://www.airbnb.com/rooms/1422071985436924732,1422071985436924732
https://www.airbnb.com/rooms/1487068897218196899,1487068897218196899
https://www.airbnb.com/rooms/1608904435641743986,1608904435641743986
https://www.airbnb.com/rooms/44679541,44679541
https://www.airbnb.com/rooms/48731638,48731638
https://www.airbnb.com/rooms/578449041385838800,578449041385838800
https://www.airbnb.com/rooms/10528368,10528368
https://www.airbnb.com/rooms/10908681,10908681
https://www.airbnb.com/rooms/10909222,10909222
https://www.airbnb.com/rooms/1335552813609378360,1335552813609378360
https://www.airbnb.com/rooms/1487068682910714057,1487068682910714057
https://www.airbnb.com/rooms/1487068756920195826,1487068756920195826
https://www.airbnb.com/rooms/30908927,30908927
https://www.airbnb.com/rooms/720510768548879114,720510768548879114
https://www.airbnb.com/rooms/811680945466687375,811680945466687375
https://www.airbnb.com/rooms/816920355010831407,816920355010831407
https://www.airbnb.com/rooms/903686403286570933,903686403286570933
https://www.airbnb.com/rooms/1035522339945153877,1035522339945153877
https://www.airbnb.com/rooms/10906429,10906429
https://www.airbnb.com/rooms/10907204,10907204
https://www.airbnb.com/rooms/10907474,10907474
https://www.airbnb.com/rooms/10908056,10908056
https://www.airbnb.com/rooms/10909378,10909378
https://www.airbnb.com/rooms/10909755,10909755
https://www.airbnb.com/rooms/1435667647817457886,1435667647817457886
https://www.airbnb.com/rooms/1487068645774122315,1487068645774122315
https://www.airbnb.com/rooms/1487068964285305095,1487068964285305095
https://www.airbnb.com/rooms/1577809501661272793,1577809501661272793
https://www.airbnb.com/rooms/1608904472504727763,1608904472504727763
https://www.airbnb.com/rooms/44679540,44679540
https://www.airbnb.com/rooms/54113072,54113072
https://www.airbnb.com/rooms/10904943,10904943
https://www.airbnb.com/rooms/10905803,10905803
https://www.airbnb.com/rooms/10906882,10906882
https://www.airbnb.com/rooms/10908989,10908989
https://www.airbnb.com/rooms/10909635,10909635
https://www.airbnb.com/rooms/1187249076798077309,1187249076798077309
https://www.airbnb.com/rooms/1481173301348037570,1481173301348037570
https://www.airbnb.com/rooms/19888057,19888057
https://www.airbnb.com/rooms/44679543,44679543
https://www.airbnb.com/rooms/1729840534571034180,1729840534571034180
https://www.airbnb.com/rooms/1240091824300884285,1240091824300884285
https://www.airbnb.com/rooms/1576920815853987932,1576920815853987932
https://www.airbnb.com/rooms/1577063977840636638,1577063977840636638
https://www.airbnb.com/rooms/1744496994655760889,1744496994655760889
https://www.airbnb.com/rooms/1374754344551362735,1374754344551362735
https://www.airbnb.com/rooms/1480446329868096303,1480446329868096303
https://www.airbnb.com/rooms/1675151579436173597,1675151579436173597
https://www.airbnb.com/rooms/1774779652029488928,1774779652029488928
https://www.airbnb.com/rooms/1774797106587211471,1774797106587211471
https://www.airbnb.com/rooms/1777685855535642553,1777685855535642553
https://www.airbnb.com/rooms/576798626240165828,576798626240165828
https://www.airbnb.com/rooms/682587992739170189,682587992739170189
https://www.airbnb.com/rooms/1237086280167593071,1237086280167593071
https://www.airbnb.com/rooms/1378552204561557864,1378552204561557864
https://www.airbnb.com/rooms/1450997586071460694,1450997586071460694
https://www.airbnb.com/rooms/1482015563878985226,1482015563878985226
https://www.airbnb.com/rooms/1751761851860101978,1751761851860101978
https://www.airbnb.com/rooms/1774804255956210208,1774804255956210208
https://www.airbnb.com/rooms/1480465661912039545,1480465661912039545
https://www.airbnb.com/rooms/1482075802746707246,1482075802746707246
https://www.airbnb.com/rooms/1774781692324407795,1774781692324407795
https://www.airbnb.com/rooms/1774796300451359114,1774796300451359114
https://www.airbnb.com/rooms/1774796980910701444,1774796980910701444
https://www.airbnb.com/rooms/29705296,29705296
https://www.airbnb.com/rooms/51585652,51585652
https://www.airbnb.com/rooms/1448068644127038343,1448068644127038343
https://www.airbnb.com/rooms/1448070255970649830,1448070255970649830
https://www.airbnb.com/rooms/1482045723849734208,1482045723849734208
https://www.airbnb.com/rooms/1681260883579124481,1681260883579124481
https://www.airbnb.com/rooms/1774780416152589725,1774780416152589725
https://www.airbnb.com/rooms/1774783144448460879,1774783144448460879
https://www.airbnb.com/rooms/1448070639720683874,1448070639720683874
https://www.airbnb.com/rooms/1480455329766680606,1480455329766680606
https://www.airbnb.com/rooms/1480460090708371590,1480460090708371590
https://www.airbnb.com/rooms/1481118697631837948,1481118697631837948
https://www.airbnb.com/rooms/1481119051722019506,1481119051722019506
https://www.airbnb.com/rooms/1481985198359739158,1481985198359739158
https://www.airbnb.com/rooms/1571758916563667280,1571758916563667280
https://www.airbnb.com/rooms/1571759216674471959,1571759216674471959
https://www.airbnb.com/rooms/1574908506434772782,1574908506434772782
https://www.airbnb.com/rooms/1774782699936108637,1774782699936108637
https://www.airbnb.com/rooms/1480446405737020307,1480446405737020307
https://www.airbnb.com/rooms/1480455494182741524,1480455494182741524
https://www.airbnb.com/rooms/1480460216051813617,1480460216051813617
https://www.airbnb.com/rooms/1480460403027636428,1480460403027636428
https://www.airbnb.com/rooms/1480469531135533897,1480469531135533897
https://www.airbnb.com/rooms/1480489535602094173,1480489535602094173
https://www.airbnb.com/rooms/1480491538424752543,1480491538424752543
https://www.airbnb.com/rooms/1480491642736537694,1480491642736537694
https://www.airbnb.com/rooms/1482045677560642950,1482045677560642950
https://www.airbnb.com/rooms/47317016,47317016
https://www.airbnb.com/rooms/843610628472267523,843610628472267523
https://www.airbnb.com/rooms/1482015610807760207,1482015610807760207
https://www.airbnb.com/rooms/1482045639079946668,1482045639079946668
https://www.airbnb.com/rooms/1482045769886232528,1482045769886232528
https://www.airbnb.com/rooms/1480491766609827598,1480491766609827598
https://www.airbnb.com/rooms/1164676320727491151,1164676320727491151
https://www.airbnb.com/rooms/1648658113773477283,1648658113773477283
https://www.airbnb.com/rooms/843614740864117328,843614740864117328
https://www.airbnb.com/rooms/1488666563079792012,1488666563079792012
https://www.airbnb.com/rooms/1498734539777844411,1498734539777844411
https://www.airbnb.com/rooms/1554693360034468421,1554693360034468421
https://www.airbnb.com/rooms/17716286,17716286
https://www.airbnb.com/rooms/24177810,24177810
https://www.airbnb.com/rooms/27084276,27084276
https://www.airbnb.com/rooms/48507493,48507493
https://www.airbnb.com/rooms/48636632,48636632
https://www.airbnb.com/rooms/52381461,52381461
https://www.airbnb.com/rooms/665022495289984344,665022495289984344
https://www.airbnb.com/rooms/686600792020919162,686600792020919162
https://www.airbnb.com/rooms/839120869860606610,839120869860606610
https://www.airbnb.com/rooms/1426940894621584329,1426940894621584329
https://www.airbnb.com/rooms/1608040776727009828,1608040776727009828
https://www.airbnb.com/rooms/1756769193062184645,1756769193062184645
https://www.airbnb.com/rooms/19522718,19522718
https://www.airbnb.com/rooms/27060417,27060417
https://www.airbnb.com/rooms/27084898,27084898
https://www.airbnb.com/rooms/43800126,43800126
https://www.airbnb.com/rooms/1121282547801416323,1121282547801416323
https://www.airbnb.com/rooms/1128856385827422792,1128856385827422792
https://www.airbnb.com/rooms/1485690693788105776,1485690693788105776
https://www.airbnb.com/rooms/1543655650587523126,1543655650587523126
https://www.airbnb.com/rooms/1635876068539886976,1635876068539886976
https://www.airbnb.com/rooms/1029292167279744969,1029292167279744969
https://www.airbnb.com/rooms/1757491026971341499,1757491026971341499
https://www.airbnb.com/rooms/22532182,22532182
https://www.airbnb.com/rooms/43947232,43947232
https://www.airbnb.com/rooms/797798184020858077,797798184020858077
https://www.airbnb.com/rooms/879216195589307032,879216195589307032
https://www.airbnb.com/rooms/10469646,10469646
https://www.airbnb.com/rooms/1237730633295583851,1237730633295583851
https://www.airbnb.com/rooms/1646102788037208931,1646102788037208931
https://www.airbnb.com/rooms/590531149993143786,590531149993143786
https://www.airbnb.com/rooms/5970743,5970743
https://www.airbnb.com/rooms/24977521,24977521
https://www.airbnb.com/rooms/48184136,48184136
https://www.airbnb.com/rooms/53239659,53239659
https://www.airbnb.com/rooms/1325269037539865892,1325269037539865892
https://www.airbnb.com/rooms/1448072065234536733,1448072065234536733
https://www.airbnb.com/rooms/44087997,44087997
https://www.airbnb.com/rooms/1303884181974943523,1303884181974943523
https://www.airbnb.com/rooms/1384731720394465809,1384731720394465809
https://www.airbnb.com/rooms/1668084981381723335,1668084981381723335
https://www.airbnb.com/rooms/1390075630013416630,1390075630013416630
https://www.airbnb.com/rooms/1639233503665592062,1639233503665592062
https://www.airbnb.com/rooms/1639345528200619095,1639345528200619095
https://www.airbnb.com/rooms/1639346317680179125,1639346317680179125
https://www.airbnb.com/rooms/1639347446876220669,1639347446876220669
https://www.airbnb.com/rooms/1639347791443491089,1639347791443491089
https://www.airbnb.com/rooms/1639510330921880814,1639510330921880814
https://www.airbnb.com/rooms/1639518061391912258,1639518061391912258
https://www.airbnb.com/rooms/1704663495600079425,1704663495600079425
https://www.airbnb.com/rooms/1389961385260910021,1389961385260910021
https://www.airbnb.com/rooms/1639328585721011739,1639328585721011739
https://www.airbnb.com/rooms/1639491522649788482,1639491522649788482
https://www.airbnb.com/rooms/1639504628257221332,1639504628257221332
https://www.airbnb.com/rooms/971677163085504395,971677163085504395
https://www.airbnb.com/rooms/1178485713957799014,1178485713957799014
https://www.airbnb.com/rooms/1231809935778961101,1231809935778961101
https://www.airbnb.com/rooms/1264550743319447922,1264550743319447922
https://www.airbnb.com/rooms/1313365845905689666,1313365845905689666
https://www.airbnb.com/rooms/1351558572997990567,1351558572997990567
https://www.airbnb.com/rooms/1389141802851486117,1389141802851486117
https://www.airbnb.com/rooms/909295950605121644,909295950605121644
https://www.airbnb.com/rooms/958861774124092830,958861774124092830
https://www.airbnb.com/rooms/1009682973213728642,1009682973213728642
https://www.airbnb.com/rooms/1054496772020556874,1054496772020556874
https://www.airbnb.com/rooms/1159505072916915099,1159505072916915099
https://www.airbnb.com/rooms/1176065878676361201,1176065878676361201
https://www.airbnb.com/rooms/1188348827757748216,1188348827757748216
https://www.airbnb.com/rooms/1231974424799367886,1231974424799367886
https://www.airbnb.com/rooms/1384826664727474367,1384826664727474367
https://www.airbnb.com/rooms/1410831485663245353,1410831485663245353
https://www.airbnb.com/rooms/925343937880049116,925343937880049116
https://www.airbnb.com/rooms/1051592667814517690,1051592667814517690
https://www.airbnb.com/rooms/1140696796343624011,1140696796343624011
https://www.airbnb.com/rooms/1223406631367145567,1223406631367145567
https://www.airbnb.com/rooms/1373193933702697007,1373193933702697007
https://www.airbnb.com/rooms/1392768031406669493,1392768031406669493
https://www.airbnb.com/rooms/1444323574440459477,1444323574440459477
https://www.airbnb.com/rooms/1445764209174687276,1445764209174687276
https://www.airbnb.com/rooms/1517771200146048275,1517771200146048275
https://www.airbnb.com/rooms/1776241120457272191,1776241120457272191
https://www.airbnb.com/rooms/934723197222584691,934723197222584691
https://www.airbnb.com/rooms/1090105896851948773,1090105896851948773
https://www.airbnb.com/rooms/1095696396834045201,1095696396834045201
https://www.airbnb.com/rooms/1202825622836359941,1202825622836359941
https://www.airbnb.com/rooms/1235544365765754078,1235544365765754078
https://www.airbnb.com/rooms/1341332086198903301,1341332086198903301
https://www.airbnb.com/rooms/1368849009700886691,1368849009700886691
https://www.airbnb.com/rooms/1482707804037155293,1482707804037155293
https://www.airbnb.com/rooms/1634332550063149332,1634332550063149332
https://www.airbnb.com/rooms/1776768234414503335,1776768234414503335
https://www.airbnb.com/rooms/931462250190860890,931462250190860890
https://www.airbnb.com/rooms/1002195760983737536,1002195760983737536
https://www.airbnb.com/rooms/1085618935706228540,1085618935706228540
https://www.airbnb.com/rooms/1102886938987416262,1102886938987416262
https://www.airbnb.com/rooms/1191463835623813694,1191463835623813694
https://www.airbnb.com/rooms/1338763200921118331,1338763200921118331
https://www.airbnb.com/rooms/1361553845657308266,1361553845657308266
https://www.airbnb.com/rooms/1380406449250552779,1380406449250552779
https://www.airbnb.com/rooms/1399303325465931793,1399303325465931793
https://www.airbnb.com/rooms/1444295899856923610,1444295899856923610
https://www.airbnb.com/rooms/1493604656583297192,1493604656583297192
https://www.airbnb.com/rooms/1029157482952968895,1029157482952968895
https://www.airbnb.com/rooms/1083655688427444780,1083655688427444780
https://www.airbnb.com/rooms/1105229516684716062,1105229516684716062
https://www.airbnb.com/rooms/1151652262671084461,1151652262671084461
https://www.airbnb.com/rooms/1341390439967085775,1341390439967085775
https://www.airbnb.com/rooms/1465256039603709881,1465256039603709881
https://www.airbnb.com/rooms/1514040723537094108,1514040723537094108
https://www.airbnb.com/rooms/1726149175646480627,1726149175646480627
https://www.airbnb.com/rooms/921769318338982659,921769318338982659
https://www.airbnb.com/rooms/953612781341164650,953612781341164650
https://www.airbnb.com/rooms/983325916960035800,983325916960035800
https://www.airbnb.com/rooms/1140852347058991236,1140852347058991236
https://www.airbnb.com/rooms/1150951967237240999,1150951967237240999
https://www.airbnb.com/rooms/1370296673583743726,1370296673583743726
https://www.airbnb.com/rooms/1374128632348535037,1374128632348535037
https://www.airbnb.com/rooms/1537374344549556588,1537374344549556588
https://www.airbnb.com/rooms/1620199441606924303,1620199441606924303
https://www.airbnb.com/rooms/1660342602617808806,1660342602617808806
https://www.airbnb.com/rooms/1661202209802998612,1661202209802998612
https://www.airbnb.com/rooms/981918147239819342,981918147239819342
https://www.airbnb.com/rooms/1066661562522767652,1066661562522767652
https://www.airbnb.com/rooms/1112248437632836832,1112248437632836832
https://www.airbnb.com/rooms/1371986849222419280,1371986849222419280
https://www.airbnb.com/rooms/1377047857370906880,1377047857370906880
https://www.airbnb.com/rooms/1600616398723925120,1600616398723925120
https://www.airbnb.com/rooms/1620287538985517584,1620287538985517584
https://www.airbnb.com/rooms/1734407400162036279,1734407400162036279
https://www.airbnb.com/rooms/1734410575166357682,1734410575166357682
https://www.airbnb.com/rooms/952843594018257067,952843594018257067
https://www.airbnb.com/rooms/953584527978674155,953584527978674155
https://www.airbnb.com/rooms/963258193998966444,963258193998966444
https://www.airbnb.com/rooms/987120449978331741,987120449978331741
https://www.airbnb.com/rooms/1699651726875937842,1699651726875937842
https://www.airbnb.com/rooms/1741218614577101758,1741218614577101758
https://www.airbnb.com/rooms/1680743069471861956,1680743069471861956
https://www.airbnb.com/rooms/1276950134167951583,1276950134167951583
https://www.airbnb.com/rooms/1625652215882108295,1625652215882108295
https://www.airbnb.com/rooms/1670644503748320370,1670644503748320370
https://www.airbnb.com/rooms/1671331996130925188,1671331996130925188
https://www.airbnb.com/rooms/1680732523277632043,1680732523277632043
https://www.airbnb.com/rooms/33017745,33017745
https://www.airbnb.com/rooms/1589735328089902341,1589735328089902341
https://www.airbnb.com/rooms/1628503225256235837,1628503225256235837
https://www.airbnb.com/rooms/1656042354404326530,1656042354404326530
https://www.airbnb.com/rooms/1664575613911737055,1664575613911737055
https://www.airbnb.com/rooms/1697991908610467585,1697991908610467585
https://www.airbnb.com/rooms/20676728,20676728
https://www.airbnb.com/rooms/19893170,19893170
https://www.airbnb.com/rooms/29692044,29692044
https://www.airbnb.com/rooms/12451484,12451484
https://www.airbnb.com/rooms/1416698456397715258,1416698456397715258
https://www.airbnb.com/rooms/1635810052122061639,1635810052122061639
https://www.airbnb.com/rooms/1673426509931993180,1673426509931993180
https://www.airbnb.com/rooms/1739229521536531833,1739229521536531833
https://www.airbnb.com/rooms/1739235070414497157,1739235070414497157
https://www.airbnb.com/rooms/1255252686745599473,1255252686745599473
https://www.airbnb.com/rooms/1276989449158098950,1276989449158098950
https://www.airbnb.com/rooms/1673418085350763265,1673418085350763265
https://www.airbnb.com/rooms/1673421787790007582,1673421787790007582
https://www.airbnb.com/rooms/1766078825057027872,1766078825057027872
https://www.airbnb.com/rooms/1241304822861400514,1241304822861400514
https://www.airbnb.com/rooms/1766078912554707049,1766078912554707049
https://www.airbnb.com/rooms/9776337,9776337
https://www.airbnb.com/rooms/1193718872218332704,1193718872218332704
https://www.airbnb.com/rooms/1597004512669439034,1597004512669439034
https://www.airbnb.com/rooms/1673451395477754079,1673451395477754079
https://www.airbnb.com/rooms/1736501323909125194,1736501323909125194
https://www.airbnb.com/rooms/1673413067084299579,1673413067084299579
https://www.airbnb.com/rooms/1739237404047181979,1739237404047181979
https://www.airbnb.com/rooms/1766078946624024223,1766078946624024223
https://www.airbnb.com/rooms/1673430637894939261,1673430637894939261
https://www.airbnb.com/rooms/1739232651931974341,1739232651931974341
https://www.airbnb.com/rooms/1673436048435908316,1673436048435908316
https://www.airbnb.com/rooms/1673457293980960948,1673457293980960948
https://www.airbnb.com/rooms/1210266072785325265,1210266072785325265
https://www.airbnb.com/rooms/1214537313945584048,1214537313945584048
https://www.airbnb.com/rooms/1219271646234591230,1219271646234591230
https://www.airbnb.com/rooms/1226254828250953743,1226254828250953743
https://www.airbnb.com/rooms/1240102935851341476,1240102935851341476
https://www.airbnb.com/rooms/1244320878989808601,1244320878989808601
https://www.airbnb.com/rooms/1262331611185444377,1262331611185444377
https://www.airbnb.com/rooms/1303926528246221758,1303926528246221758
https://www.airbnb.com/rooms/1411229796573651160,1411229796573651160
https://www.airbnb.com/rooms/1441428681124719269,1441428681124719269
https://www.airbnb.com/rooms/1457479071753140438,1457479071753140438
https://www.airbnb.com/rooms/1459683270957077426,1459683270957077426
https://www.airbnb.com/rooms/1496652616050138571,1496652616050138571
https://www.airbnb.com/rooms/1542917059312442024,1542917059312442024
https://www.airbnb.com/rooms/25129990,25129990
https://www.airbnb.com/rooms/1240115628507567019,1240115628507567019
https://www.airbnb.com/rooms/1249577014263375648,1249577014263375648
https://www.airbnb.com/rooms/1255175766791498902,1255175766791498902
https://www.airbnb.com/rooms/1255204474452570833,1255204474452570833
https://www.airbnb.com/rooms/1285797484449408202,1285797484449408202
https://www.airbnb.com/rooms/1295726155214394264,1295726155214394264
https://www.airbnb.com/rooms/1299231944639223202,1299231944639223202
https://www.airbnb.com/rooms/1304505774760441775,1304505774760441775
https://www.airbnb.com/rooms/1318896310681924534,1318896310681924534
https://www.airbnb.com/rooms/1361072867916317417,1361072867916317417
https://www.airbnb.com/rooms/1371873620646013189,1371873620646013189
https://www.airbnb.com/rooms/1658169874624074783,1658169874624074783
https://www.airbnb.com/rooms/1664608758677279039,1664608758677279039
https://www.airbnb.com/rooms/1742430527216521086,1742430527216521086
https://www.airbnb.com/rooms/1220371683334688301,1220371683334688301
https://www.airbnb.com/rooms/1259577215662149600,1259577215662149600
https://www.airbnb.com/rooms/1273028608482346266,1273028608482346266
https://www.airbnb.com/rooms/1278449576197918485,1278449576197918485
https://www.airbnb.com/rooms/1280581135303202712,1280581135303202712
https://www.airbnb.com/rooms/1658302643136937937,1658302643136937937
https://www.airbnb.com/rooms/1659596351385535248,1659596351385535248
https://www.airbnb.com/rooms/954634459080687034,954634459080687034
https://www.airbnb.com/rooms/1197952298691753971,1197952298691753971
https://www.airbnb.com/rooms/1774224893559124584,1774224893559124584
https://www.airbnb.com/rooms/1264561730672608106,1264561730672608106
https://www.airbnb.com/rooms/1289266740341978433,1289266740341978433
https://www.airbnb.com/rooms/1500302209413598486,1500302209413598486
https://www.airbnb.com/rooms/1574129778294623313,1574129778294623313
https://www.airbnb.com/rooms/1578466340681760296,1578466340681760296
https://www.airbnb.com/rooms/714732694814498904,714732694814498904
https://www.airbnb.com/rooms/1034111984329698996,1034111984329698996
https://www.airbnb.com/rooms/1184068169672808869,1184068169672808869
https://www.airbnb.com/rooms/1371859139238623918,1371859139238623918
https://www.airbnb.com/rooms/1374771437781164000,1374771437781164000
https://www.airbnb.com/rooms/1374775679579961428,1374775679579961428
https://www.airbnb.com/rooms/1467532973253559455,1467532973253559455
https://www.airbnb.com/rooms/1479209979234423901,1479209979234423901
https://www.airbnb.com/rooms/1674876627784839939,1674876627784839939
https://www.airbnb.com/rooms/602195614249968499,602195614249968499
https://www.airbnb.com/rooms/786143260802026530,786143260802026530
https://www.airbnb.com/rooms/866128630306523878,866128630306523878
https://www.airbnb.com/rooms/920527651236932398,920527651236932398
https://www.airbnb.com/rooms/1149187917570120989,1149187917570120989
https://www.airbnb.com/rooms/1246425344453416159,1246425344453416159
https://www.airbnb.com/rooms/1371908989755690626,1371908989755690626
https://www.airbnb.com/rooms/1378541378291590977,1378541378291590977
https://www.airbnb.com/rooms/1574167161150038620,1574167161150038620
https://www.airbnb.com/rooms/1574180071839279202,1574180071839279202
https://www.airbnb.com/rooms/1578455611549437182,1578455611549437182
https://www.airbnb.com/rooms/1694943962474898359,1694943962474898359
https://www.airbnb.com/rooms/1719863949754563979,1719863949754563979
https://www.airbnb.com/rooms/1043477996256121487,1043477996256121487
https://www.airbnb.com/rooms/1404670068192673347,1404670068192673347
https://www.airbnb.com/rooms/1580628636047693703,1580628636047693703
https://www.airbnb.com/rooms/1703922901097975549,1703922901097975549
https://www.airbnb.com/rooms/977825764962377183,977825764962377183
https://www.airbnb.com/rooms/1348693619752164990,1348693619752164990
https://www.airbnb.com/rooms/1474152811642052194,1474152811642052194
https://www.airbnb.com/rooms/1559751870799284103,1559751870799284103
https://www.airbnb.com/rooms/41587531,41587531
https://www.airbnb.com/rooms/843379748844401758,843379748844401758
https://www.airbnb.com/rooms/1230304414877193839,1230304414877193839
https://www.airbnb.com/rooms/1643513740097080561,1643513740097080561
https://www.airbnb.com/rooms/1668914380709495842,1668914380709495842
https://www.airbnb.com/rooms/1672117652279142912,1672117652279142912
https://www.airbnb.com/rooms/1724232032899891191,1724232032899891191
https://www.airbnb.com/rooms/1263100011072239056,1263100011072239056
https://www.airbnb.com/rooms/1520306113555561162,1520306113555561162
https://www.airbnb.com/rooms/1569835345583131151,1569835345583131151
https://www.airbnb.com/rooms/1672651918187809294,1672651918187809294
https://www.airbnb.com/rooms/1716793565595534762,1716793565595534762
https://www.airbnb.com/rooms/1764543374955347160,1764543374955347160
https://www.airbnb.com/rooms/48336556,48336556
https://www.airbnb.com/rooms/608614132921447513,608614132921447513
https://www.airbnb.com/rooms/734917064397899218,734917064397899218
https://www.airbnb.com/rooms/1142679131905397305,1142679131905397305
https://www.airbnb.com/rooms/1143039219655629344,1143039219655629344
https://www.airbnb.com/rooms/1345074889273022736,1345074889273022736
https://www.airbnb.com/rooms/1349307018747581823,1349307018747581823
https://www.airbnb.com/rooms/1525549556106524855,1525549556106524855
https://www.airbnb.com/rooms/1577010263917799812,1577010263917799812
https://www.airbnb.com/rooms/1612665875814144522,1612665875814144522
https://www.airbnb.com/rooms/1626897227886398999,1626897227886398999
https://www.airbnb.com/rooms/1651184942232891735,1651184942232891735
https://www.airbnb.com/rooms/1669135916911833827,1669135916911833827
https://www.airbnb.com/rooms/1680780949924385767,1680780949924385767
https://www.airbnb.com/rooms/1718489797532541900,1718489797532541900
https://www.airbnb.com/rooms/1736576030527458719,1736576030527458719
https://www.airbnb.com/rooms/1739227287927648555,1739227287927648555
https://www.airbnb.com/rooms/1754505080752338096,1754505080752338096
https://www.airbnb.com/rooms/48822688,48822688
https://www.airbnb.com/rooms/674736390816097045,674736390816097045
https://www.airbnb.com/rooms/742179926578466874,742179926578466874
https://www.airbnb.com/rooms/1021950121967174724,1021950121967174724
https://www.airbnb.com/rooms/1036179668389663624,1036179668389663624
https://www.airbnb.com/rooms/1085009676617164622,1085009676617164622
https://www.airbnb.com/rooms/1263503818342770261,1263503818342770261
https://www.airbnb.com/rooms/1378554530075559034,1378554530075559034
https://www.airbnb.com/rooms/1477676820957416565,1477676820957416565
https://www.airbnb.com/rooms/1571989839558551998,1571989839558551998
https://www.airbnb.com/rooms/1576316708459246422,1576316708459246422
https://www.airbnb.com/rooms/1576326348059848162,1576326348059848162
https://www.airbnb.com/rooms/1577536945658880222,1577536945658880222
https://www.airbnb.com/rooms/1578473934531950421,1578473934531950421
https://www.airbnb.com/rooms/1644569346174146088,1644569346174146088
https://www.airbnb.com/rooms/1679330507557258062,1679330507557258062
https://www.airbnb.com/rooms/1723619674272085027,1723619674272085027
https://www.airbnb.com/rooms/1730108087847688262,1730108087847688262
https://www.airbnb.com/rooms/595464065104377190,595464065104377190
https://www.airbnb.com/rooms/712431814639790984,712431814639790984
https://www.airbnb.com/rooms/937720398499090087,937720398499090087
https://www.airbnb.com/rooms/1233198110283165019,1233198110283165019
https://www.airbnb.com/rooms/1316625920537172983,1316625920537172983
https://www.airbnb.com/rooms/1341578773501306210,1341578773501306210
https://www.airbnb.com/rooms/1374765779628508156,1374765779628508156
https://www.airbnb.com/rooms/1474109651364886402,1474109651364886402
https://www.airbnb.com/rooms/1574201968172102682,1574201968172102682
https://www.airbnb.com/rooms/1576297359433455046,1576297359433455046
https://www.airbnb.com/rooms/1576960698059115901,1576960698059115901
https://www.airbnb.com/rooms/1577035551131372753,1577035551131372753
https://www.airbnb.com/rooms/1577072590324141017,1577072590324141017
https://www.airbnb.com/rooms/1581473563710465117,1581473563710465117
https://www.airbnb.com/rooms/1646405970287038266,1646405970287038266
https://www.airbnb.com/rooms/1655424459582865245,1655424459582865245
https://www.airbnb.com/rooms/1723356115811208938,1723356115811208938
https://www.airbnb.com/rooms/596505881161642761,596505881161642761
https://www.airbnb.com/rooms/734118956626903937,734118956626903937
https://www.airbnb.com/rooms/964561745830436069,964561745830436069
https://www.airbnb.com/rooms/1008119499656774007,1008119499656774007
https://www.airbnb.com/rooms/1069099002832026736,1069099002832026736
https://www.airbnb.com/rooms/1187195997113158396,1187195997113158396
https://www.airbnb.com/rooms/1260327441119758175,1260327441119758175
https://www.airbnb.com/rooms/1341695104588198480,1341695104588198480
https://www.airbnb.com/rooms/1345804895996754937,1345804895996754937
https://www.airbnb.com/rooms/1371851626973050696,1371851626973050696
https://www.airbnb.com/rooms/1540969212812371563,1540969212812371563
https://www.airbnb.com/rooms/1657278667826199228,1657278667826199228
https://www.airbnb.com/rooms/1661648416930012038,1661648416930012038
https://www.airbnb.com/rooms/1697090067606169694,1697090067606169694
https://www.airbnb.com/rooms/1719982021105302337,1719982021105302337
https://www.airbnb.com/rooms/1726326209050671632,1726326209050671632
https://www.airbnb.com/rooms/675783532418962652,675783532418962652
https://www.airbnb.com/rooms/717366039305110465,717366039305110465
https://www.airbnb.com/rooms/781808545616413967,781808545616413967
https://www.airbnb.com/rooms/942962797275265222,942962797275265222
https://www.airbnb.com/rooms/953656058824809105,953656058824809105
https://www.airbnb.com/rooms/1110365779922447550,1110365779922447550
https://www.airbnb.com/rooms/1171256338723016238,1171256338723016238
https://www.airbnb.com/rooms/1195878195266935747,1195878195266935747
https://www.airbnb.com/rooms/1261900435845774125,1261900435845774125
https://www.airbnb.com/rooms/1374698232945909448,1374698232945909448
https://www.airbnb.com/rooms/1375515862629278029,1375515862629278029
https://www.airbnb.com/rooms/1405149057039101437,1405149057039101437
https://www.airbnb.com/rooms/1518961635659295222,1518961635659295222
https://www.airbnb.com/rooms/1529793375558870342,1529793375558870342
https://www.airbnb.com/rooms/1628420329573753220,1628420329573753220
https://www.airbnb.com/rooms/1638670113659853654,1638670113659853654
https://www.airbnb.com/rooms/1693869336449815065,1693869336449815065
https://www.airbnb.com/rooms/1764837833363088915,1764837833363088915
https://www.airbnb.com/rooms/615912420825862994,615912420825862994
https://www.airbnb.com/rooms/740802264281070007,740802264281070007
https://www.airbnb.com/rooms/761192863007544136,761192863007544136
https://www.airbnb.com/rooms/997954916078745456,997954916078745456
https://www.airbnb.com/rooms/1040821170408099671,1040821170408099671
https://www.airbnb.com/rooms/1055702321615580156,1055702321615580156
https://www.airbnb.com/rooms/1065529178348346449,1065529178348346449
https://www.airbnb.com/rooms/1140927921961475137,1140927921961475137
https://www.airbnb.com/rooms/1147728463063104463,1147728463063104463
https://www.airbnb.com/rooms/1330477162608306359,1330477162608306359
https://www.airbnb.com/rooms/1378544445687346074,1378544445687346074
https://www.airbnb.com/rooms/1386276608729848057,1386276608729848057
https://www.airbnb.com/rooms/1581455832059843218,1581455832059843218
https://www.airbnb.com/rooms/1605332312967566175,1605332312967566175
https://www.airbnb.com/rooms/1684345005744199897,1684345005744199897
https://www.airbnb.com/rooms/1688662024558910352,1688662024558910352
https://www.airbnb.com/rooms/1701758296735235978,1701758296735235978
https://www.airbnb.com/rooms/48311229,48311229
https://www.airbnb.com/rooms/694950269405352289,694950269405352289
https://www.airbnb.com/rooms/711542158660636836,711542158660636836
https://www.airbnb.com/rooms/716751232681547254,716751232681547254
https://www.airbnb.com/rooms/734977990501366884,734977990501366884
https://www.airbnb.com/rooms/1009583589043502210,1009583589043502210
https://www.airbnb.com/rooms/1038082558585133367,1038082558585133367
https://www.airbnb.com/rooms/1331016466893818679,1331016466893818679
https://www.airbnb.com/rooms/1516763014209074363,1516763014209074363
https://www.airbnb.com/rooms/1627112947494840263,1627112947494840263
https://www.airbnb.com/rooms/1627122679670225961,1627122679670225961
https://www.airbnb.com/rooms/1724057584765920346,1724057584765920346
https://www.airbnb.com/rooms/1736461606936120259,1736461606936120259
https://www.airbnb.com/rooms/1751878337300027380,1751878337300027380
https://www.airbnb.com/rooms/50091210,50091210
https://www.airbnb.com/rooms/615927262195907169,615927262195907169
https://www.airbnb.com/rooms/742600504139872633,742600504139872633
https://www.airbnb.com/rooms/747048779335417236,747048779335417236
https://www.airbnb.com/rooms/850179137902544665,850179137902544665
https://www.airbnb.com/rooms/965478523855622937,965478523855622937
https://www.airbnb.com/rooms/1581639154180721462,1581639154180721462
https://www.airbnb.com/rooms/1074326728316711838,1074326728316711838
https://www.airbnb.com/rooms/1309709107467773678,1309709107467773678
https://www.airbnb.com/rooms/1374803152135258768,1374803152135258768
https://www.airbnb.com/rooms/1576997346856372665,1576997346856372665
https://www.airbnb.com/rooms/1604122153764786859,1604122153764786859
https://www.airbnb.com/rooms/1694225169494406831,1694225169494406831
https://www.airbnb.com/rooms/865503125892118025,865503125892118025
https://www.airbnb.com/rooms/1044456584836571147,1044456584836571147
https://www.airbnb.com/rooms/1374688710456162957,1374688710456162957
https://www.airbnb.com/rooms/1374749001301121248,1374749001301121248
https://www.airbnb.com/rooms/1576933963365000355,1576933963365000355
https://www.airbnb.com/rooms/1635508951244874774,1635508951244874774
https://www.airbnb.com/rooms/1027516925896975941,1027516925896975941
https://www.airbnb.com/rooms/1540874665080462296,1540874665080462296
https://www.airbnb.com/rooms/1543729753219706789,1543729753219706789
https://www.airbnb.com/rooms/694196859564093298,694196859564093298
https://www.airbnb.com/rooms/1156590540980138311,1156590540980138311
https://www.airbnb.com/rooms/1167674458504124354,1167674458504124354
https://www.airbnb.com/rooms/1269134112093572388,1269134112093572388
https://www.airbnb.com/rooms/1378555813588347349,1378555813588347349
https://www.airbnb.com/rooms/1668919258426655391,1668919258426655391
https://www.airbnb.com/rooms/1709093258995961714,1709093258995961714
https://www.airbnb.com/rooms/40970811,40970811
https://www.airbnb.com/rooms/843611709320420919,843611709320420919
https://www.airbnb.com/rooms/46063002,46063002
https://www.airbnb.com/rooms/1638446694835439873,1638446694835439873
https://www.airbnb.com/rooms/1648926551279025330,1648926551279025330
https://www.airbnb.com/rooms/44013200,44013200
https://www.airbnb.com/rooms/1526862226699542627,1526862226699542627
https://www.airbnb.com/rooms/1335652818454265845,1335652818454265845
https://www.airbnb.com/rooms/48873110,48873110
https://www.airbnb.com/rooms/577389453865116939,577389453865116939
https://www.airbnb.com/rooms/1121017870298497166,1121017870298497166
https://www.airbnb.com/rooms/1179818380589607752,1179818380589607752
https://www.airbnb.com/rooms/1252218941241695239,1252218941241695239
https://www.airbnb.com/rooms/1475671914657141284,1475671914657141284
https://www.airbnb.com/rooms/1503089346038799088,1503089346038799088
https://www.airbnb.com/rooms/1606818356096372146,1606818356096372146
https://www.airbnb.com/rooms/1653944690194040835,1653944690194040835
https://www.airbnb.com/rooms/1658978025936591632,1658978025936591632
https://www.airbnb.com/rooms/770323970540595053,770323970540595053
https://www.airbnb.com/rooms/786087507904827238,786087507904827238
https://www.airbnb.com/rooms/1166949689642960377,1166949689642960377
https://www.airbnb.com/rooms/1205973033489474727,1205973033489474727
https://www.airbnb.com/rooms/1206480238166044949,1206480238166044949
https://www.airbnb.com/rooms/1212469260735052486,1212469260735052486
https://www.airbnb.com/rooms/1238252693334949724,1238252693334949724
https://www.airbnb.com/rooms/1287143885131355297,1287143885131355297
https://www.airbnb.com/rooms/1488592710926000066,1488592710926000066
https://www.airbnb.com/rooms/1512320996375096511,1512320996375096511
https://www.airbnb.com/rooms/1563419401490751537,1563419401490751537
https://www.airbnb.com/rooms/1638522110400023176,1638522110400023176
https://www.airbnb.com/rooms/1664035201695337095,1664035201695337095
https://www.airbnb.com/rooms/1710949306226141052,1710949306226141052
https://www.airbnb.com/rooms/1726969031524730486,1726969031524730486
https://www.airbnb.com/rooms/1743698567129528922,1743698567129528922
https://www.airbnb.com/rooms/770327832921082277,770327832921082277
https://www.airbnb.com/rooms/781337906824914582,781337906824914582
https://www.airbnb.com/rooms/792956172139634710,792956172139634710
https://www.airbnb.com/rooms/1001380955936444655,1001380955936444655
https://www.airbnb.com/rooms/1110070668148062345,1110070668148062345
https://www.airbnb.com/rooms/1157341343044780857,1157341343044780857
https://www.airbnb.com/rooms/1247409193835016442,1247409193835016442
https://www.airbnb.com/rooms/1272437175518802477,1272437175518802477
https://www.airbnb.com/rooms/1284877806954236966,1284877806954236966
https://www.airbnb.com/rooms/1345874064642722989,1345874064642722989
https://www.airbnb.com/rooms/1456522033459983833,1456522033459983833
https://www.airbnb.com/rooms/1565443957528777246,1565443957528777246
https://www.airbnb.com/rooms/1618411607877526783,1618411607877526783
https://www.airbnb.com/rooms/1618430595571640009,1618430595571640009
https://www.airbnb.com/rooms/1658229454381638339,1658229454381638339
https://www.airbnb.com/rooms/1751539196601895500,1751539196601895500
https://www.airbnb.com/rooms/761645263077819204,761645263077819204
https://www.airbnb.com/rooms/773835157058949008,773835157058949008
https://www.airbnb.com/rooms/773862123070478091,773862123070478091
https://www.airbnb.com/rooms/824006085519898959,824006085519898959
https://www.airbnb.com/rooms/1059942070793056811,1059942070793056811
https://www.airbnb.com/rooms/1340901839397233102,1340901839397233102
https://www.airbnb.com/rooms/1345824469632880282,1345824469632880282
https://www.airbnb.com/rooms/1346475628817668473,1346475628817668473
https://www.airbnb.com/rooms/1370501922952574402,1370501922952574402
https://www.airbnb.com/rooms/1412685602344473101,1412685602344473101
https://www.airbnb.com/rooms/1420559575573086076,1420559575573086076
https://www.airbnb.com/rooms/1472966352958926134,1472966352958926134
https://www.airbnb.com/rooms/1504411153609279947,1504411153609279947
https://www.airbnb.com/rooms/1540106548958648865,1540106548958648865
https://www.airbnb.com/rooms/1660534454442394001,1660534454442394001
https://www.airbnb.com/rooms/1753719910338447879,1753719910338447879
https://www.airbnb.com/rooms/760795387972659439,760795387972659439
https://www.airbnb.com/rooms/761628149821536717,761628149821536717
https://www.airbnb.com/rooms/761647784225875908,761647784225875908
https://www.airbnb.com/rooms/770329181952729390,770329181952729390
https://www.airbnb.com/rooms/781784785234922743,781784785234922743
https://www.airbnb.com/rooms/781795947906002071,781795947906002071
https://www.airbnb.com/rooms/1211709010466528291,1211709010466528291
https://www.airbnb.com/rooms/1248051761986210506,1248051761986210506
https://www.airbnb.com/rooms/1343634692931558208,1343634692931558208
https://www.airbnb.com/rooms/1369805504091344865,1369805504091344865
https://www.airbnb.com/rooms/1423214718628357408,1423214718628357408
https://www.airbnb.com/rooms/1480406384240954457,1480406384240954457
https://www.airbnb.com/rooms/1540006838691162611,1540006838691162611
https://www.airbnb.com/rooms/1574157207468116577,1574157207468116577
https://www.airbnb.com/rooms/1579202581188850326,1579202581188850326
https://www.airbnb.com/rooms/44071178,44071178
https://www.airbnb.com/rooms/54293197,54293197
https://www.airbnb.com/rooms/770322354316585681,770322354316585681
https://www.airbnb.com/rooms/773867548208046674,773867548208046674
https://www.airbnb.com/rooms/781349842275236754,781349842275236754
https://www.airbnb.com/rooms/792235789856857040,792235789856857040
https://www.airbnb.com/rooms/955265783076209013,955265783076209013
https://www.airbnb.com/rooms/982557694102831338,982557694102831338
https://www.airbnb.com/rooms/1093474352226178188,1093474352226178188
https://www.airbnb.com/rooms/1119007312475781079,1119007312475781079
https://www.airbnb.com/rooms/1212454750262572210,1212454750262572210
https://www.airbnb.com/rooms/1335062041419810153,1335062041419810153
https://www.airbnb.com/rooms/1350873354534499208,1350873354534499208
https://www.airbnb.com/rooms/1358856757367371302,1358856757367371302
https://www.airbnb.com/rooms/1419656876989691652,1419656876989691652
https://www.airbnb.com/rooms/1438472956322529960,1438472956322529960
https://www.airbnb.com/rooms/1451767113469682870,1451767113469682870
https://www.airbnb.com/rooms/1453220679333084940,1453220679333084940
https://www.airbnb.com/rooms/1473263923244446877,1473263923244446877
https://www.airbnb.com/rooms/1703588774277304395,1703588774277304395
https://www.airbnb.com/rooms/1771126804790748956,1771126804790748956
https://www.airbnb.com/rooms/52594217,52594217
https://www.airbnb.com/rooms/773871910225827657,773871910225827657
https://www.airbnb.com/rooms/786102181041983214,786102181041983214
https://www.airbnb.com/rooms/786108876289338247,786108876289338247
https://www.airbnb.com/rooms/1194133051823584428,1194133051823584428
https://www.airbnb.com/rooms/1194175802916993396,1194175802916993396
https://www.airbnb.com/rooms/1197838057091449358,1197838057091449358
https://www.airbnb.com/rooms/1340067614659403906,1340067614659403906
https://www.airbnb.com/rooms/1402920569552771962,1402920569552771962
https://www.airbnb.com/rooms/1511737942358028224,1511737942358028224
https://www.airbnb.com/rooms/1516253334888189900,1516253334888189900
https://www.airbnb.com/rooms/1541642397541213131,1541642397541213131
https://www.airbnb.com/rooms/1546624088169252173,1546624088169252173
https://www.airbnb.com/rooms/1567018084897639664,1567018084897639664
https://www.airbnb.com/rooms/1622622759148600180,1622622759148600180
https://www.airbnb.com/rooms/1639349997485320208,1639349997485320208
https://www.airbnb.com/rooms/1658272865032421404,1658272865032421404
https://www.airbnb.com/rooms/49485615,49485615
https://www.airbnb.com/rooms/770320003270085942,770320003270085942
https://www.airbnb.com/rooms/880563862706995099,880563862706995099
https://www.airbnb.com/rooms/1137815022899226301,1137815022899226301
https://www.airbnb.com/rooms/1253482342755045480,1253482342755045480
https://www.airbnb.com/rooms/1281180705185530741,1281180705185530741
https://www.airbnb.com/rooms/1390152567675023223,1390152567675023223
https://www.airbnb.com/rooms/1413978851368465112,1413978851368465112
https://www.airbnb.com/rooms/1481140610437388412,1481140610437388412
https://www.airbnb.com/rooms/1525519264863057612,1525519264863057612
https://www.airbnb.com/rooms/1538947351775242212,1538947351775242212
https://www.airbnb.com/rooms/1613871833262775631,1613871833262775631
https://www.airbnb.com/rooms/1718439601905887823,1718439601905887823
https://www.airbnb.com/rooms/1754421289372445677,1754421289372445677
https://www.airbnb.com/rooms/49513826,49513826
https://www.airbnb.com/rooms/53864017,53864017
https://www.airbnb.com/rooms/554429675255632025,554429675255632025
https://www.airbnb.com/rooms/560117787898033346,560117787898033346
https://www.airbnb.com/rooms/773820951645995634,773820951645995634
https://www.airbnb.com/rooms/1171814293865179754,1171814293865179754
https://www.airbnb.com/rooms/1199515572148369613,1199515572148369613
https://www.airbnb.com/rooms/1342901984221209937,1342901984221209937
https://www.airbnb.com/rooms/1389415743447209812,1389415743447209812
https://www.airbnb.com/rooms/1465394818383122757,1465394818383122757
https://www.airbnb.com/rooms/1566913625318360985,1566913625318360985
https://www.airbnb.com/rooms/1656188178256983423,1656188178256983423
https://www.airbnb.com/rooms/1658175450748243352,1658175450748243352
https://www.airbnb.com/rooms/1671494928278288179,1671494928278288179
https://www.airbnb.com/rooms/1687018497916257959,1687018497916257959
https://www.airbnb.com/rooms/1704640275088008475,1704640275088008475
https://www.airbnb.com/rooms/1716077280499615009,1716077280499615009
https://www.airbnb.com/rooms/41878338,41878338
https://www.airbnb.com/rooms/42519166,42519166
https://www.airbnb.com/rooms/49945924,49945924
https://www.airbnb.com/rooms/786137144000587818,786137144000587818
https://www.airbnb.com/rooms/903479489945306221,903479489945306221
https://www.airbnb.com/rooms/989917564645018911,989917564645018911
https://www.airbnb.com/rooms/1079878472733949818,1079878472733949818
https://www.airbnb.com/rooms/1420884737400249678,1420884737400249678
https://www.airbnb.com/rooms/1578627047655322936,1578627047655322936
https://www.airbnb.com/rooms/1435792850354593910,1435792850354593910
https://www.airbnb.com/rooms/1527228015847103210,1527228015847103210
https://www.airbnb.com/rooms/1452400841098304514,1452400841098304514
https://www.airbnb.com/rooms/1546005246059274013,1546005246059274013
https://www.airbnb.com/rooms/1249901062425643707,1249901062425643707
https://www.airbnb.com/rooms/1744383203071734175,1744383203071734175
https://www.airbnb.com/rooms/1037805994352860902,1037805994352860902
https://www.airbnb.com/rooms/1595796878905475971,1595796878905475971
https://www.airbnb.com/rooms/1490059307458861625,1490059307458861625
https://www.airbnb.com/rooms/47198310,47198310
