url,region_id,tile_ids
https://www.airbnb.com/rooms/1207211193072212273,overlap-0001,"[""025939d4066d201e"", ""069986afa5954a9e""]"
https://www.airbnb.com/rooms/1212906685958863279,overlap-0001,"[""025939d4066d201e"", ""069986afa5954a9e""]"
https://www.airbnb.com/rooms/15718297,overlap-0001,"[""025939d4066d201e"", ""069986afa5954a9e""]"
https://www.airbnb.com/rooms/1604497491978953187,overlap-0001,"[""025939d4066d201e"", ""069986afa5954a9e""]"
https://www.airbnb.com/rooms/1634477629145767803,overlap-0001,"[""025939d4066d201e"", ""069986afa5954a9e""]"
https://www.airbnb.com/rooms/1716998928121602966,overlap-0001,"[""025939d4066d201e"", ""069986afa5954a9e""]"
https://www.airbnb.com/rooms/20523061,overlap-0001,"[""025939d4066d201e"", ""069986afa5954a9e""]"
https://www.airbnb.com/rooms/22754239,overlap-0001,"[""025939d4066d201e"", ""069986afa5954a9e""]"
https://www.airbnb.com/rooms/31530396,overlap-0001,"[""025939d4066d201e"", ""069986afa5954a9e""]"
https://www.airbnb.com/rooms/31763112,overlap-0001,"[""025939d4066d201e"", ""069986afa5954a9e""]"
https://www.airbnb.com/rooms/32911226,overlap-0001,"[""025939d4066d201e"", ""069986afa5954a9e""]"
https://www.airbnb.com/rooms/34179107,overlap-0001,"[""025939d4066d201e"", ""069986afa5954a9e""]"
https://www.airbnb.com/rooms/45304134,overlap-0001,"[""025939d4066d201e"", ""069986afa5954a9e""]"
https://www.airbnb.com/rooms/554287594022760664,overlap-0001,"[""025939d4066d201e"", ""069986afa5954a9e""]"
https://www.airbnb.com/rooms/729655886142817960,overlap-0001,"[""025939d4066d201e"", ""069986afa5954a9e""]"
https://www.airbnb.com/rooms/762081385457173429,overlap-0001,"[""025939d4066d201e"", ""069986afa5954a9e""]"
https://www.airbnb.com/rooms/843474141992971396,overlap-0001,"[""025939d4066d201e"", ""069986afa5954a9e""]"
https://www.airbnb.com/rooms/983938571056492254,overlap-0001,"[""025939d4066d201e"", ""069986afa5954a9e""]"
https://www.airbnb.com/rooms/1119825179693790904,overlap-0002,"[""025939d4066d201e"", ""069986afa5954a9e"", ""c8f88860f2a3fc87"", ""d97d79ca0dfa0064""]"
https://www.airbnb.com/rooms/1509379875905200648,overlap-0002,"[""025939d4066d201e"", ""069986afa5954a9e"", ""c8f88860f2a3fc87"", ""d97d79ca0dfa0064""]"
https://www.airbnb.com/rooms/1776105885178299697,overlap-0003,"[""025939d4066d201e"", ""26749815e69b9949"", ""d97d79ca0dfa0064""]"
https://www.airbnb.com/rooms/1039871685988045662,overlap-0004,"[""025939d4066d201e"", ""d97d79ca0dfa0064""]"
https://www.airbnb.com/rooms/1075401831461108703,overlap-0004,"[""025939d4066d201e"", ""d97d79ca0dfa0064""]"
https://www.airbnb.com/rooms/1166212579956934141,overlap-0004,"[""025939d4066d201e"", ""d97d79ca0dfa0064""]"
https://www.airbnb.com/rooms/1173470211366518158,overlap-0004,"[""025939d4066d201e"", ""d97d79ca0dfa0064""]"
https://www.airbnb.com/rooms/1610392007469441760,overlap-0004,"[""025939d4066d201e"", ""d97d79ca0dfa0064""]"
https://www.airbnb.com/rooms/1772711052917605588,overlap-0004,"[""025939d4066d201e"", ""d97d79ca0dfa0064""]"
https://www.airbnb.com/rooms/43476623,overlap-0004,"[""025939d4066d201e"", ""d97d79ca0dfa0064""]"
https://www.airbnb.com/rooms/740736961387779258,overlap-0004,"[""025939d4066d201e"", ""d97d79ca0dfa0064""]"
https://www.airbnb.com/rooms/768374369216874694,overlap-0004,"[""025939d4066d201e"", ""d97d79ca0dfa0064""]"
https://www.airbnb.com/rooms/802304449560825602,overlap-0004,"[""025939d4066d201e"", ""d97d79ca0dfa0064""]"
https://www.airbnb.com/rooms/974759997027071160,overlap-0004,"[""025939d4066d201e"", ""d97d79ca0dfa0064""]"
https://www.airbnb.com/rooms/1681290287473200234,overlap-0005,"[""0449962451d9939c"", ""0e4a5d364995fe69"", ""3ef6f48dd191ab3c"", ""59a4c1636a95f541""]"
https://www.airbnb.com/rooms/14664334,overlap-0006,"[""0449962451d9939c"", ""0e4a5d364995fe69"", ""3ef6f48dd191ab3c"", ""59a4c1636a95f541"", ""9f2ac3cc7c006899"", ""de17f9b49104d256""]"
https://www.airbnb.com/rooms/1764725877907559779,overlap-0006,"[""0449962451d9939c"", ""0e4a5d364995fe69"", ""3ef6f48dd191ab3c"", ""59a4c1636a95f541"", ""9f2ac3cc7c006899"", ""de17f9b49104d256""]"
https://www.airbnb.com/rooms/1634068462804860889,overlap-0007,"[""0449962451d9939c"", ""0e4a5d364995fe69"", ""9f2ac3cc7c006899"", ""de17f9b49104d256""]"
https://www.airbnb.com/rooms/41656616,overlap-0007,"[""0449962451d9939c"", ""0e4a5d364995fe69"", ""9f2ac3cc7c006899"", ""de17f9b49104d256""]"
https://www.airbnb.com/rooms/44646559,overlap-0007,"[""0449962451d9939c"", ""0e4a5d364995fe69"", ""9f2ac3cc7c006899"", ""de17f9b49104d256""]"
https://www.airbnb.com/rooms/1105065968255581391,overlap-0008,"[""0449962451d9939c"", ""39ec27d1e1a00f12"", ""53b7bc9aa574780a"", ""59a4c1636a95f541"", ""9f2ac3cc7c006899"", ""b2a2cd97066a8a5f""]"
https://www.airbnb.com/rooms/1213147463308651478,overlap-0008,"[""0449962451d9939c"", ""39ec27d1e1a00f12"", ""53b7bc9aa574780a"", ""59a4c1636a95f541"", ""9f2ac3cc7c006899"", ""b2a2cd97066a8a5f""]"
https://www.airbnb.com/rooms/1439962764447882425,overlap-0008,"[""0449962451d9939c"", ""39ec27d1e1a00f12"", ""53b7bc9aa574780a"", ""59a4c1636a95f541"", ""9f2ac3cc7c006899"", ""b2a2cd97066a8a5f""]"
https://www.airbnb.com/rooms/1600092785506041858,overlap-0008,"[""0449962451d9939c"", ""39ec27d1e1a00f12"", ""53b7bc9aa574780a"", ""59a4c1636a95f541"", ""9f2ac3cc7c006899"", ""b2a2cd97066a8a5f""]"
https://www.airbnb.com/rooms/1685007814742123770,overlap-0008,"[""0449962451d9939c"", ""39ec27d1e1a00f12"", ""53b7bc9aa574780a"", ""59a4c1636a95f541"", ""9f2ac3cc7c006899"", ""b2a2cd97066a8a5f""]"
https://www.airbnb.com/rooms/19349043,overlap-0008,"[""0449962451d9939c"", ""39ec27d1e1a00f12"", ""53b7bc9aa574780a"", ""59a4c1636a95f541"", ""9f2ac3cc7c006899"", ""b2a2cd97066a8a5f""]"
https://www.airbnb.com/rooms/44014388,overlap-0008,"[""0449962451d9939c"", ""39ec27d1e1a00f12"", ""53b7bc9aa574780a"", ""59a4c1636a95f541"", ""9f2ac3cc7c006899"", ""b2a2cd97066a8a5f""]"
https://www.airbnb.com/rooms/44320278,overlap-0008,"[""0449962451d9939c"", ""39ec27d1e1a00f12"", ""53b7bc9aa574780a"", ""59a4c1636a95f541"", ""9f2ac3cc7c006899"", ""b2a2cd97066a8a5f""]"
https://www.airbnb.com/rooms/872671010031384086,overlap-0008,"[""0449962451d9939c"", ""39ec27d1e1a00f12"", ""53b7bc9aa574780a"", ""59a4c1636a95f541"", ""9f2ac3cc7c006899"", ""b2a2cd97066a8a5f""]"
https://www.airbnb.com/rooms/1503937962286151959,overlap-0009,"[""0449962451d9939c"", ""39ec27d1e1a00f12"", ""59a4c1636a95f541"", ""b2a2cd97066a8a5f""]"
https://www.airbnb.com/rooms/17315352,overlap-0009,"[""0449962451d9939c"", ""39ec27d1e1a00f12"", ""59a4c1636a95f541"", ""b2a2cd97066a8a5f""]"
https://www.airbnb.com/rooms/1435882266852125200,overlap-0010,"[""0449962451d9939c"", ""39ec27d1e1a00f12"", ""59a4c1636a95f541"", ""b2a2cd97066a8a5f"", ""d4e7c332ee342130"", ""e1e7eb7530dfd0d2""]"
https://www.airbnb.com/rooms/1496452400319020301,overlap-0010,"[""0449962451d9939c"", ""39ec27d1e1a00f12"", ""59a4c1636a95f541"", ""b2a2cd97066a8a5f"", ""d4e7c332ee342130"", ""e1e7eb7530dfd0d2""]"
https://www.airbnb.com/rooms/51366091,overlap-0010,"[""0449962451d9939c"", ""39ec27d1e1a00f12"", ""59a4c1636a95f541"", ""b2a2cd97066a8a5f"", ""d4e7c332ee342130"", ""e1e7eb7530dfd0d2""]"
https://www.airbnb.com/rooms/18043400,overlap-0011,"[""0449962451d9939c"", ""53b7bc9aa574780a"", ""9f2ac3cc7c006899"", ""b2a2cd97066a8a5f""]"
https://www.airbnb.com/rooms/18112234,overlap-0011,"[""0449962451d9939c"", ""53b7bc9aa574780a"", ""9f2ac3cc7c006899"", ""b2a2cd97066a8a5f""]"
https://www.airbnb.com/rooms/19491404,overlap-0011,"[""0449962451d9939c"", ""53b7bc9aa574780a"", ""9f2ac3cc7c006899"", ""b2a2cd97066a8a5f""]"
https://www.airbnb.com/rooms/1061582400236039257,overlap-0012,"[""0449962451d9939c"", ""59a4c1636a95f541""]"
https://www.airbnb.com/rooms/1084066528295307074,overlap-0012,"[""0449962451d9939c"", ""59a4c1636a95f541""]"
https://www.airbnb.com/rooms/11024062,overlap-0012,"[""0449962451d9939c"", ""59a4c1636a95f541""]"
https://www.airbnb.com/rooms/1129093911476121290,overlap-0012,"[""0449962451d9939c"", ""59a4c1636a95f541""]"
https://www.airbnb.com/rooms/1232800533742166185,overlap-0012,"[""0449962451d9939c"", ""59a4c1636a95f541""]"
https://www.airbnb.com/rooms/1323963621704153293,overlap-0012,"[""0449962451d9939c"", ""59a4c1636a95f541""]"
https://www.airbnb.com/rooms/1328337663908006174,overlap-0012,"[""0449962451d9939c"", ""59a4c1636a95f541""]"
https://www.airbnb.com/rooms/1381326164729369338,overlap-0012,"[""0449962451d9939c"", ""59a4c1636a95f541""]"
https://www.airbnb.com/rooms/1384987546018671731,overlap-0012,"[""0449962451d9939c"", ""59a4c1636a95f541""]"
https://www.airbnb.com/rooms/1394950959933446869,overlap-0012,"[""0449962451d9939c"", ""59a4c1636a95f541""]"
https://www.airbnb.com/rooms/1431659879236558035,overlap-0012,"[""0449962451d9939c"", ""59a4c1636a95f541""]"
https://www.airbnb.com/rooms/1451560932560514843,overlap-0012,"[""0449962451d9939c"", ""59a4c1636a95f541""]"
https://www.airbnb.com/rooms/1474899934862335561,overlap-0012,"[""0449962451d9939c"", ""59a4c1636a95f541""]"
https://www.airbnb.com/rooms/1487848096982306642,overlap-0012,"[""0449962451d9939c"", ""59a4c1636a95f541""]"
https://www.airbnb.com/rooms/1491397570083490986,overlap-0012,"[""0449962451d9939c"", ""59a4c1636a95f541""]"
https://www.airbnb.com/rooms/1556034674913915215,overlap-0012,"[""0449962451d9939c"", ""59a4c1636a95f541""]"
https://www.airbnb.com/rooms/15634836,overlap-0012,"[""0449962451d9939c"", ""59a4c1636a95f541""]"
https://www.airbnb.com/rooms/1569693620031525313,overlap-0012,"[""0449962451d9939c"", ""59a4c1636a95f541""]"
https://www.airbnb.com/rooms/1621173290320120524,overlap-0012,"[""0449962451d9939c"", ""59a4c1636a95f541""]"
https://www.airbnb.com/rooms/1686877833732701873,overlap-0012,"[""0449962451d9939c"", ""59a4c1636a95f541""]"
https://www.airbnb.com/rooms/1703117272016580634,overlap-0012,"[""0449962451d9939c"", ""59a4c1636a95f541""]"
https://www.airbnb.com/rooms/1719727463874549899,overlap-0012,"[""0449962451d9939c"", ""59a4c1636a95f541""]"
https://www.airbnb.com/rooms/1725380596017562310,overlap-0012,"[""0449962451d9939c"", ""59a4c1636a95f541""]"
https://www.airbnb.com/rooms/1732110343705234135,overlap-0012,"[""0449962451d9939c"", ""59a4c1636a95f541""]"
https://www.airbnb.com/rooms/1732166104443737471,overlap-0012,"[""0449962451d9939c"", ""59a4c1636a95f541""]"
https://www.airbnb.com/rooms/1754579539871550556,overlap-0012,"[""0449962451d9939c"", ""59a4c1636a95f541""]"
https://www.airbnb.com/rooms/1756236076704236180,overlap-0012,"[""0449962451d9939c"", ""59a4c1636a95f541""]"
https://www.airbnb.com/rooms/1760329812527592300,overlap-0012,"[""0449962451d9939c"", ""59a4c1636a95f541""]"
https://www.airbnb.com/rooms/32747443,overlap-0012,"[""0449962451d9939c"", ""59a4c1636a95f541""]"
https://www.airbnb.com/rooms/47070498,overlap-0012,"[""0449962451d9939c"", ""59a4c1636a95f541""]"
https://www.airbnb.com/rooms/47920549,overlap-0012,"[""0449962451d9939c"", ""59a4c1636a95f541""]"
https://www.airbnb.com/rooms/48864579,overlap-0012,"[""0449962451d9939c"", ""59a4c1636a95f541""]"
https://www.airbnb.com/rooms/49101528,overlap-0012,"[""0449962451d9939c"", ""59a4c1636a95f541""]"
https://www.airbnb.com/rooms/49322706,overlap-0012,"[""0449962451d9939c"", ""59a4c1636a95f541""]"
https://www.airbnb.com/rooms/49947920,overlap-0012,"[""0449962451d9939c"", ""59a4c1636a95f541""]"
https://www.airbnb.com/rooms/50470546,overlap-0012,"[""0449962451d9939c"", ""59a4c1636a95f541""]"
https://www.airbnb.com/rooms/52336544,overlap-0012,"[""0449962451d9939c"", ""59a4c1636a95f541""]"
https://www.airbnb.com/rooms/53143673,overlap-0012,"[""0449962451d9939c"", ""59a4c1636a95f541""]"
https://www.airbnb.com/rooms/53952042,overlap-0012,"[""0449962451d9939c"", ""59a4c1636a95f541""]"
https://www.airbnb.com/rooms/54000321,overlap-0012,"[""0449962451d9939c"", ""59a4c1636a95f541""]"
https://www.airbnb.com/rooms/54362952,overlap-0012,"[""0449962451d9939c"", ""59a4c1636a95f541""]"
https://www.airbnb.com/rooms/54363910,overlap-0012,"[""0449962451d9939c"", ""59a4c1636a95f541""]"
https://www.airbnb.com/rooms/552253413054286763,overlap-0012,"[""0449962451d9939c"", ""59a4c1636a95f541""]"
https://www.airbnb.com/rooms/554940608101335622,overlap-0012,"[""0449962451d9939c"", ""59a4c1636a95f541""]"
https://www.airbnb.com/rooms/5773891,overlap-0012,"[""0449962451d9939c"", ""59a4c1636a95f541""]"
https://www.airbnb.com/rooms/609237134134531698,overlap-0012,"[""0449962451d9939c"", ""59a4c1636a95f541""]"
https://www.airbnb.com/rooms/710051608425477586,overlap-0012,"[""0449962451d9939c"", ""59a4c1636a95f541""]"
https://www.airbnb.com/rooms/736215770939584894,overlap-0012,"[""0449962451d9939c"", ""59a4c1636a95f541""]"
https://www.airbnb.com/rooms/750588043329330489,overlap-0012,"[""0449962451d9939c"", ""59a4c1636a95f541""]"
https://www.airbnb.com/rooms/755780046500666224,overlap-0012,"[""0449962451d9939c"", ""59a4c1636a95f541""]"
https://www.airbnb.com/rooms/790893489542498404,overlap-0012,"[""0449962451d9939c"", ""59a4c1636a95f541""]"
https://www.airbnb.com/rooms/790903791366789702,overlap-0012,"[""0449962451d9939c"", ""59a4c1636a95f541""]"
https://www.airbnb.com/rooms/834225962533411195,overlap-0012,"[""0449962451d9939c"", ""59a4c1636a95f541""]"
https://www.airbnb.com/rooms/996464572702696197,overlap-0012,"[""0449962451d9939c"", ""59a4c1636a95f541""]"
https://www.airbnb.com/rooms/1251452503589551965,overlap-0013,"[""0449962451d9939c"", ""59a4c1636a95f541"", ""9f2ac3cc7c006899""]"
https://www.airbnb.com/rooms/1493595362926509525,overlap-0013,"[""0449962451d9939c"", ""59a4c1636a95f541"", ""9f2ac3cc7c006899""]"
https://www.airbnb.com/rooms/1552529643330991027,overlap-0013,"[""0449962451d9939c"", ""59a4c1636a95f541"", ""9f2ac3cc7c006899""]"
https://www.airbnb.com/rooms/1600131439175848746,overlap-0013,"[""0449962451d9939c"", ""59a4c1636a95f541"", ""9f2ac3cc7c006899""]"
https://www.airbnb.com/rooms/1600171301366808006,overlap-0013,"[""0449962451d9939c"", ""59a4c1636a95f541"", ""9f2ac3cc7c006899""]"
https://www.airbnb.com/rooms/1600186742158575128,overlap-0013,"[""0449962451d9939c"", ""59a4c1636a95f541"", ""9f2ac3cc7c006899""]"
https://www.airbnb.com/rooms/1600189752928602354,overlap-0013,"[""0449962451d9939c"", ""59a4c1636a95f541"", ""9f2ac3cc7c006899""]"
https://www.airbnb.com/rooms/1718960166391674470,overlap-0013,"[""0449962451d9939c"", ""59a4c1636a95f541"", ""9f2ac3cc7c006899""]"
https://www.airbnb.com/rooms/51412924,overlap-0013,"[""0449962451d9939c"", ""59a4c1636a95f541"", ""9f2ac3cc7c006899""]"
https://www.airbnb.com/rooms/53258356,overlap-0013,"[""0449962451d9939c"", ""59a4c1636a95f541"", ""9f2ac3cc7c006899""]"
https://www.airbnb.com/rooms/645800716261718852,overlap-0013,"[""0449962451d9939c"", ""59a4c1636a95f541"", ""9f2ac3cc7c006899""]"
https://www.airbnb.com/rooms/665320023174484814,overlap-0013,"[""0449962451d9939c"", ""59a4c1636a95f541"", ""9f2ac3cc7c006899""]"
https://www.airbnb.com/rooms/684835257571257549,overlap-0013,"[""0449962451d9939c"", ""59a4c1636a95f541"", ""9f2ac3cc7c006899""]"
https://www.airbnb.com/rooms/703519608908418096,overlap-0013,"[""0449962451d9939c"", ""59a4c1636a95f541"", ""9f2ac3cc7c006899""]"
https://www.airbnb.com/rooms/1127581032339222668,overlap-0014,"[""0449962451d9939c"", ""59a4c1636a95f541"", ""d4e7c332ee342130""]"
https://www.airbnb.com/rooms/1211750834107949270,overlap-0014,"[""0449962451d9939c"", ""59a4c1636a95f541"", ""d4e7c332ee342130""]"
https://www.airbnb.com/rooms/1455947069701682970,overlap-0014,"[""0449962451d9939c"", ""59a4c1636a95f541"", ""d4e7c332ee342130""]"
https://www.airbnb.com/rooms/1574908305699020345,overlap-0014,"[""0449962451d9939c"", ""59a4c1636a95f541"", ""d4e7c332ee342130""]"
https://www.airbnb.com/rooms/1576864571026652897,overlap-0014,"[""0449962451d9939c"", ""59a4c1636a95f541"", ""d4e7c332ee342130""]"
https://www.airbnb.com/rooms/1614082225326023046,overlap-0014,"[""0449962451d9939c"", ""59a4c1636a95f541"", ""d4e7c332ee342130""]"
https://www.airbnb.com/rooms/1648994685116967701,overlap-0014,"[""0449962451d9939c"", ""59a4c1636a95f541"", ""d4e7c332ee342130""]"
https://www.airbnb.com/rooms/1684397764471456375,overlap-0014,"[""0449962451d9939c"", ""59a4c1636a95f541"", ""d4e7c332ee342130""]"
https://www.airbnb.com/rooms/1698672925160194255,overlap-0014,"[""0449962451d9939c"", ""59a4c1636a95f541"", ""d4e7c332ee342130""]"
https://www.airbnb.com/rooms/42561238,overlap-0014,"[""0449962451d9939c"", ""59a4c1636a95f541"", ""d4e7c332ee342130""]"
https://www.airbnb.com/rooms/42562978,overlap-0014,"[""0449962451d9939c"", ""59a4c1636a95f541"", ""d4e7c332ee342130""]"
https://www.airbnb.com/rooms/42563247,overlap-0014,"[""0449962451d9939c"", ""59a4c1636a95f541"", ""d4e7c332ee342130""]"
https://www.airbnb.com/rooms/42563807,overlap-0014,"[""0449962451d9939c"", ""59a4c1636a95f541"", ""d4e7c332ee342130""]"
https://www.airbnb.com/rooms/42564190,overlap-0014,"[""0449962451d9939c"", ""59a4c1636a95f541"", ""d4e7c332ee342130""]"
https://www.airbnb.com/rooms/45866192,overlap-0014,"[""0449962451d9939c"", ""59a4c1636a95f541"", ""d4e7c332ee342130""]"
https://www.airbnb.com/rooms/48959267,overlap-0014,"[""0449962451d9939c"", ""59a4c1636a95f541"", ""d4e7c332ee342130""]"
https://www.airbnb.com/rooms/51344964,overlap-0014,"[""0449962451d9939c"", ""59a4c1636a95f541"", ""d4e7c332ee342130""]"
https://www.airbnb.com/rooms/51489138,overlap-0014,"[""0449962451d9939c"", ""59a4c1636a95f541"", ""d4e7c332ee342130""]"
https://www.airbnb.com/rooms/51601152,overlap-0014,"[""0449962451d9939c"", ""59a4c1636a95f541"", ""d4e7c332ee342130""]"
https://www.airbnb.com/rooms/53415403,overlap-0014,"[""0449962451d9939c"", ""59a4c1636a95f541"", ""d4e7c332ee342130""]"
https://www.airbnb.com/rooms/54342248,overlap-0014,"[""0449962451d9939c"", ""59a4c1636a95f541"", ""d4e7c332ee342130""]"
https://www.airbnb.com/rooms/54364100,overlap-0014,"[""0449962451d9939c"", ""59a4c1636a95f541"", ""d4e7c332ee342130""]"
https://www.airbnb.com/rooms/54369808,overlap-0014,"[""0449962451d9939c"", ""59a4c1636a95f541"", ""d4e7c332ee342130""]"
https://www.airbnb.com/rooms/554287436352105437,overlap-0014,"[""0449962451d9939c"", ""59a4c1636a95f541"", ""d4e7c332ee342130""]"
https://www.airbnb.com/rooms/578966953052660342,overlap-0014,"[""0449962451d9939c"", ""59a4c1636a95f541"", ""d4e7c332ee342130""]"
https://www.airbnb.com/rooms/684178203144141156,overlap-0014,"[""0449962451d9939c"", ""59a4c1636a95f541"", ""d4e7c332ee342130""]"
https://www.airbnb.com/rooms/755753965554818738,overlap-0014,"[""0449962451d9939c"", ""59a4c1636a95f541"", ""d4e7c332ee342130""]"
https://www.airbnb.com/rooms/794839343166549788,overlap-0014,"[""0449962451d9939c"", ""59a4c1636a95f541"", ""d4e7c332ee342130""]"
https://www.airbnb.com/rooms/816714587630348394,overlap-0014,"[""0449962451d9939c"", ""59a4c1636a95f541"", ""d4e7c332ee342130""]"
https://www.airbnb.com/rooms/844099480303988918,overlap-0014,"[""0449962451d9939c"", ""59a4c1636a95f541"", ""d4e7c332ee342130""]"
https://www.airbnb.com/rooms/849122847900478398,overlap-0014,"[""0449962451d9939c"", ""59a4c1636a95f541"", ""d4e7c332ee342130""]"
https://www.airbnb.com/rooms/863799042292045174,overlap-0014,"[""0449962451d9939c"", ""59a4c1636a95f541"", ""d4e7c332ee342130""]"
https://www.airbnb.com/rooms/869728030775236979,overlap-0014,"[""0449962451d9939c"", ""59a4c1636a95f541"", ""d4e7c332ee342130""]"
https://www.airbnb.com/rooms/885451023973914263,overlap-0014,"[""0449962451d9939c"", ""59a4c1636a95f541"", ""d4e7c332ee342130""]"
https://www.airbnb.com/rooms/963146387362418134,overlap-0014,"[""0449962451d9939c"", ""59a4c1636a95f541"", ""d4e7c332ee342130""]"
https://www.airbnb.com/rooms/1042077000453929790,overlap-0015,"[""0449962451d9939c"", ""9f2ac3cc7c006899""]"
https://www.airbnb.com/rooms/1134353021121941647,overlap-0015,"[""0449962451d9939c"", ""9f2ac3cc7c006899""]"
https://www.airbnb.com/rooms/1398158084732327825,overlap-0015,"[""0449962451d9939c"", ""9f2ac3cc7c006899""]"
https://www.airbnb.com/rooms/1513816904698648569,overlap-0015,"[""0449962451d9939c"", ""9f2ac3cc7c006899""]"
https://www.airbnb.com/rooms/1603226613353076576,overlap-0015,"[""0449962451d9939c"", ""9f2ac3cc7c006899""]"
https://www.airbnb.com/rooms/1603549899122767431,overlap-0015,"[""0449962451d9939c"", ""9f2ac3cc7c006899""]"
https://www.airbnb.com/rooms/18855406,overlap-0015,"[""0449962451d9939c"", ""9f2ac3cc7c006899""]"
https://www.airbnb.com/rooms/21804263,overlap-0015,"[""0449962451d9939c"", ""9f2ac3cc7c006899""]"
https://www.airbnb.com/rooms/33248413,overlap-0015,"[""0449962451d9939c"", ""9f2ac3cc7c006899""]"
https://www.airbnb.com/rooms/39863092,overlap-0015,"[""0449962451d9939c"", ""9f2ac3cc7c006899""]"
https://www.airbnb.com/rooms/40182570,overlap-0015,"[""0449962451d9939c"", ""9f2ac3cc7c006899""]"
https://www.airbnb.com/rooms/40184141,overlap-0015,"[""0449962451d9939c"", ""9f2ac3cc7c006899""]"
https://www.airbnb.com/rooms/45840570,overlap-0015,"[""0449962451d9939c"", ""9f2ac3cc7c006899""]"
https://www.airbnb.com/rooms/45895216,overlap-0015,"[""0449962451d9939c"", ""9f2ac3cc7c006899""]"
https://www.airbnb.com/rooms/50395220,overlap-0015,"[""0449962451d9939c"", ""9f2ac3cc7c006899""]"
https://www.airbnb.com/rooms/679719991119397001,overlap-0015,"[""0449962451d9939c"", ""9f2ac3cc7c006899""]"
https://www.airbnb.com/rooms/1370296673583743726,overlap-0016,"[""051cacb2e9617fa7"", ""48c2a885d2c95370""]"
https://www.airbnb.com/rooms/1620199441606924303,overlap-0016,"[""051cacb2e9617fa7"", ""48c2a885d2c95370""]"
https://www.airbnb.com/rooms/1018758022238172072,overlap-0017,"[""051cacb2e9617fa7"", ""48c2a885d2c95370"", ""ec90185c250eb407"", ""f55b82152f929f43""]"
https://www.airbnb.com/rooms/1023132863608127141,overlap-0017,"[""051cacb2e9617fa7"", ""48c2a885d2c95370"", ""ec90185c250eb407"", ""f55b82152f929f43""]"
https://www.airbnb.com/rooms/1042967064049451577,overlap-0017,"[""051cacb2e9617fa7"", ""48c2a885d2c95370"", ""ec90185c250eb407"", ""f55b82152f929f43""]"
https://www.airbnb.com/rooms/1043434189808326429,overlap-0017,"[""051cacb2e9617fa7"", ""48c2a885d2c95370"", ""ec90185c250eb407"", ""f55b82152f929f43""]"
https://www.airbnb.com/rooms/1162607326511141677,overlap-0017,"[""051cacb2e9617fa7"", ""48c2a885d2c95370"", ""ec90185c250eb407"", ""f55b82152f929f43""]"
https://www.airbnb.com/rooms/1301604155872165384,overlap-0017,"[""051cacb2e9617fa7"", ""48c2a885d2c95370"", ""ec90185c250eb407"", ""f55b82152f929f43""]"
https://www.airbnb.com/rooms/1302296577338767233,overlap-0017,"[""051cacb2e9617fa7"", ""48c2a885d2c95370"", ""ec90185c250eb407"", ""f55b82152f929f43""]"
https://www.airbnb.com/rooms/1302525485753143187,overlap-0017,"[""051cacb2e9617fa7"", ""48c2a885d2c95370"", ""ec90185c250eb407"", ""f55b82152f929f43""]"
https://www.airbnb.com/rooms/1325460647980005931,overlap-0017,"[""051cacb2e9617fa7"", ""48c2a885d2c95370"", ""ec90185c250eb407"", ""f55b82152f929f43""]"
https://www.airbnb.com/rooms/1328325915636358856,overlap-0017,"[""051cacb2e9617fa7"", ""48c2a885d2c95370"", ""ec90185c250eb407"", ""f55b82152f929f43""]"
https://www.airbnb.com/rooms/1329117404866192834,overlap-0017,"[""051cacb2e9617fa7"", ""48c2a885d2c95370"", ""ec90185c250eb407"", ""f55b82152f929f43""]"
https://www.airbnb.com/rooms/1332029179128133136,overlap-0017,"[""051cacb2e9617fa7"", ""48c2a885d2c95370"", ""ec90185c250eb407"", ""f55b82152f929f43""]"
https://www.airbnb.com/rooms/1337035424092199862,overlap-0017,"[""051cacb2e9617fa7"", ""48c2a885d2c95370"", ""ec90185c250eb407"", ""f55b82152f929f43""]"
https://www.airbnb.com/rooms/1337037615622426256,overlap-0017,"[""051cacb2e9617fa7"", ""48c2a885d2c95370"", ""ec90185c250eb407"", ""f55b82152f929f43""]"
https://www.airbnb.com/rooms/1339931896681865926,overlap-0017,"[""051cacb2e9617fa7"", ""48c2a885d2c95370"", ""ec90185c250eb407"", ""f55b82152f929f43""]"
https://www.airbnb.com/rooms/1344428760703543386,overlap-0017,"[""051cacb2e9617fa7"", ""48c2a885d2c95370"", ""ec90185c250eb407"", ""f55b82152f929f43""]"
https://www.airbnb.com/rooms/1345806211395494407,overlap-0017,"[""051cacb2e9617fa7"", ""48c2a885d2c95370"", ""ec90185c250eb407"", ""f55b82152f929f43""]"
https://www.airbnb.com/rooms/1346029884355388318,overlap-0017,"[""051cacb2e9617fa7"", ""48c2a885d2c95370"", ""ec90185c250eb407"", ""f55b82152f929f43""]"
https://www.airbnb.com/rooms/1357464093574278585,overlap-0017,"[""051cacb2e9617fa7"", ""48c2a885d2c95370"", ""ec90185c250eb407"", ""f55b82152f929f43""]"
https://www.airbnb.com/rooms/1364759877996393212,overlap-0017,"[""051cacb2e9617fa7"", ""48c2a885d2c95370"", ""ec90185c250eb407"", ""f55b82152f929f43""]"
https://www.airbnb.com/rooms/1391357770372216007,overlap-0017,"[""051cacb2e9617fa7"", ""48c2a885d2c95370"", ""ec90185c250eb407"", ""f55b82152f929f43""]"
https://www.airbnb.com/rooms/1391361174237569422,overlap-0017,"[""051cacb2e9617fa7"", ""48c2a885d2c95370"", ""ec90185c250eb407"", ""f55b82152f929f43""]"
https://www.airbnb.com/rooms/1392186309934702757,overlap-0017,"[""051cacb2e9617fa7"", ""48c2a885d2c95370"", ""ec90185c250eb407"", ""f55b82152f929f43""]"
https://www.airbnb.com/rooms/1400139452425102249,overlap-0017,"[""051cacb2e9617fa7"", ""48c2a885d2c95370"", ""ec90185c250eb407"", ""f55b82152f929f43""]"
https://www.airbnb.com/rooms/1408040684068244922,overlap-0017,"[""051cacb2e9617fa7"", ""48c2a885d2c95370"", ""ec90185c250eb407"", ""f55b82152f929f43""]"
https://www.airbnb.com/rooms/1416639975345965645,overlap-0017,"[""051cacb2e9617fa7"", ""48c2a885d2c95370"", ""ec90185c250eb407"", ""f55b82152f929f43""]"
https://www.airbnb.com/rooms/1432926456073188412,overlap-0017,"[""051cacb2e9617fa7"", ""48c2a885d2c95370"", ""ec90185c250eb407"", ""f55b82152f929f43""]"
https://www.airbnb.com/rooms/1434269802181363628,overlap-0017,"[""051cacb2e9617fa7"", ""48c2a885d2c95370"", ""ec90185c250eb407"", ""f55b82152f929f43""]"
https://www.airbnb.com/rooms/1474780097890983347,overlap-0017,"[""051cacb2e9617fa7"", ""48c2a885d2c95370"", ""ec90185c250eb407"", ""f55b82152f929f43""]"
https://www.airbnb.com/rooms/1477678153111413798,overlap-0017,"[""051cacb2e9617fa7"", ""48c2a885d2c95370"", ""ec90185c250eb407"", ""f55b82152f929f43""]"
https://www.airbnb.com/rooms/1478659408125241902,overlap-0017,"[""051cacb2e9617fa7"", ""48c2a885d2c95370"", ""ec90185c250eb407"", ""f55b82152f929f43""]"
https://www.airbnb.com/rooms/1485728062818666963,overlap-0017,"[""051cacb2e9617fa7"", ""48c2a885d2c95370"", ""ec90185c250eb407"", ""f55b82152f929f43""]"
https://www.airbnb.com/rooms/1486506095670723525,overlap-0017,"[""051cacb2e9617fa7"", ""48c2a885d2c95370"", ""ec90185c250eb407"", ""f55b82152f929f43""]"
https://www.airbnb.com/rooms/1503018898080330142,overlap-0017,"[""051cacb2e9617fa7"", ""48c2a885d2c95370"", ""ec90185c250eb407"", ""f55b82152f929f43""]"
https://www.airbnb.com/rooms/1529788184345118728,overlap-0017,"[""051cacb2e9617fa7"", ""48c2a885d2c95370"", ""ec90185c250eb407"", ""f55b82152f929f43""]"
https://www.airbnb.com/rooms/1552391679096528174,overlap-0017,"[""051cacb2e9617fa7"", ""48c2a885d2c95370"", ""ec90185c250eb407"", ""f55b82152f929f43""]"
https://www.airbnb.com/rooms/1558817198329565796,overlap-0017,"[""051cacb2e9617fa7"", ""48c2a885d2c95370"", ""ec90185c250eb407"", ""f55b82152f929f43""]"
https://www.airbnb.com/rooms/1562334494390488791,overlap-0017,"[""051cacb2e9617fa7"", ""48c2a885d2c95370"", ""ec90185c250eb407"", ""f55b82152f929f43""]"
https://www.airbnb.com/rooms/1583687631759772921,overlap-0017,"[""051cacb2e9617fa7"", ""48c2a885d2c95370"", ""ec90185c250eb407"", ""f55b82152f929f43""]"
https://www.airbnb.com/rooms/1608060269759325535,overlap-0017,"[""051cacb2e9617fa7"", ""48c2a885d2c95370"", ""ec90185c250eb407"", ""f55b82152f929f43""]"
https://www.airbnb.com/rooms/1763066454433174248,overlap-0017,"[""051cacb2e9617fa7"", ""48c2a885d2c95370"", ""ec90185c250eb407"", ""f55b82152f929f43""]"
https://www.airbnb.com/rooms/636990988571826358,overlap-0017,"[""051cacb2e9617fa7"", ""48c2a885d2c95370"", ""ec90185c250eb407"", ""f55b82152f929f43""]"
https://www.airbnb.com/rooms/766226142947165234,overlap-0017,"[""051cacb2e9617fa7"", ""48c2a885d2c95370"", ""ec90185c250eb407"", ""f55b82152f929f43""]"
https://www.airbnb.com/rooms/766889348916588682,overlap-0017,"[""051cacb2e9617fa7"", ""48c2a885d2c95370"", ""ec90185c250eb407"", ""f55b82152f929f43""]"
https://www.airbnb.com/rooms/787635910757727061,overlap-0017,"[""051cacb2e9617fa7"", ""48c2a885d2c95370"", ""ec90185c250eb407"", ""f55b82152f929f43""]"
https://www.airbnb.com/rooms/870206926201495429,overlap-0017,"[""051cacb2e9617fa7"", ""48c2a885d2c95370"", ""ec90185c250eb407"", ""f55b82152f929f43""]"
https://www.airbnb.com/rooms/997595230705101953,overlap-0017,"[""051cacb2e9617fa7"", ""48c2a885d2c95370"", ""ec90185c250eb407"", ""f55b82152f929f43""]"
https://www.airbnb.com/rooms/1029157482952968895,overlap-0018,"[""051cacb2e9617fa7"", ""49862606c48d890a""]"
https://www.airbnb.com/rooms/1054496772020556874,overlap-0018,"[""051cacb2e9617fa7"", ""49862606c48d890a""]"
https://www.airbnb.com/rooms/1445764209174687276,overlap-0018,"[""051cacb2e9617fa7"", ""49862606c48d890a""]"
https://www.airbnb.com/rooms/1465256039603709881,overlap-0018,"[""051cacb2e9617fa7"", ""49862606c48d890a""]"
https://www.airbnb.com/rooms/1517771200146048275,overlap-0018,"[""051cacb2e9617fa7"", ""49862606c48d890a""]"
https://www.airbnb.com/rooms/1600616398723925120,overlap-0018,"[""051cacb2e9617fa7"", ""49862606c48d890a""]"
https://www.airbnb.com/rooms/1620287538985517584,overlap-0018,"[""051cacb2e9617fa7"", ""49862606c48d890a""]"
https://www.airbnb.com/rooms/1661202209802998612,overlap-0018,"[""051cacb2e9617fa7"", ""49862606c48d890a""]"
https://www.airbnb.com/rooms/1699651726875937842,overlap-0018,"[""051cacb2e9617fa7"", ""49862606c48d890a""]"
https://www.airbnb.com/rooms/1121282547801416323,overlap-0019,"[""051cacb2e9617fa7"", ""49862606c48d890a"", ""4f36f8097d67fa78"", ""dfe309bbe4e215ac""]"
https://www.airbnb.com/rooms/1485690693788105776,overlap-0019,"[""051cacb2e9617fa7"", ""49862606c48d890a"", ""4f36f8097d67fa78"", ""dfe309bbe4e215ac""]"
https://www.airbnb.com/rooms/1303884181974943523,overlap-0020,"[""051cacb2e9617fa7"", ""4f36f8097d67fa78""]"
https://www.airbnb.com/rooms/1384731720394465809,overlap-0020,"[""051cacb2e9617fa7"", ""4f36f8097d67fa78""]"
https://www.airbnb.com/rooms/1389961385260910021,overlap-0020,"[""051cacb2e9617fa7"", ""4f36f8097d67fa78""]"
https://www.airbnb.com/rooms/1390075630013416630,overlap-0020,"[""051cacb2e9617fa7"", ""4f36f8097d67fa78""]"
https://www.airbnb.com/rooms/971677163085504395,overlap-0020,"[""051cacb2e9617fa7"", ""4f36f8097d67fa78""]"
https://www.airbnb.com/rooms/1063171033532612142,overlap-0021,"[""051cacb2e9617fa7"", ""4f36f8097d67fa78"", ""ec90185c250eb407""]"
https://www.airbnb.com/rooms/1543784558127943879,overlap-0021,"[""051cacb2e9617fa7"", ""4f36f8097d67fa78"", ""ec90185c250eb407""]"
https://www.airbnb.com/rooms/1620183853806333216,overlap-0021,"[""051cacb2e9617fa7"", ""4f36f8097d67fa78"", ""ec90185c250eb407""]"
https://www.airbnb.com/rooms/1147938171290590184,overlap-0022,"[""051cacb2e9617fa7"", ""ec90185c250eb407""]"
https://www.airbnb.com/rooms/1309645909712963028,overlap-0022,"[""051cacb2e9617fa7"", ""ec90185c250eb407""]"
https://www.airbnb.com/rooms/1339217935428317075,overlap-0022,"[""051cacb2e9617fa7"", ""ec90185c250eb407""]"
https://www.airbnb.com/rooms/1345682459417875272,overlap-0022,"[""051cacb2e9617fa7"", ""ec90185c250eb407""]"
https://www.airbnb.com/rooms/1502301337773624981,overlap-0022,"[""051cacb2e9617fa7"", ""ec90185c250eb407""]"
https://www.airbnb.com/rooms/1516251069095602833,overlap-0022,"[""051cacb2e9617fa7"", ""ec90185c250eb407""]"
https://www.airbnb.com/rooms/1608060299358350156,overlap-0022,"[""051cacb2e9617fa7"", ""ec90185c250eb407""]"
https://www.airbnb.com/rooms/1711748579357017859,overlap-0022,"[""051cacb2e9617fa7"", ""ec90185c250eb407""]"
https://www.airbnb.com/rooms/762648408598042832,overlap-0022,"[""051cacb2e9617fa7"", ""ec90185c250eb407""]"
https://www.airbnb.com/rooms/787617459704304941,overlap-0022,"[""051cacb2e9617fa7"", ""ec90185c250eb407""]"
https://www.airbnb.com/rooms/863882869563110228,overlap-0022,"[""051cacb2e9617fa7"", ""ec90185c250eb407""]"
https://www.airbnb.com/rooms/928564002697499585,overlap-0022,"[""051cacb2e9617fa7"", ""ec90185c250eb407""]"
https://www.airbnb.com/rooms/20726056,overlap-0023,"[""069986afa5954a9e"", ""587398cfd2069bfa""]"
https://www.airbnb.com/rooms/28871678,overlap-0023,"[""069986afa5954a9e"", ""587398cfd2069bfa""]"
https://www.airbnb.com/rooms/872330761254636458,overlap-0024,"[""069986afa5954a9e"", ""587398cfd2069bfa"", ""612b6b8ad60ee8ec"", ""d59becbb5f7a2afa""]"
https://www.airbnb.com/rooms/1029695405015899328,overlap-0025,"[""069986afa5954a9e"", ""587398cfd2069bfa"", ""986af307665ba993"", ""c8f88860f2a3fc87"", ""d59becbb5f7a2afa""]"
https://www.airbnb.com/rooms/1060806485480049298,overlap-0025,"[""069986afa5954a9e"", ""587398cfd2069bfa"", ""986af307665ba993"", ""c8f88860f2a3fc87"", ""d59becbb5f7a2afa""]"
https://www.airbnb.com/rooms/1246702141915898817,overlap-0025,"[""069986afa5954a9e"", ""587398cfd2069bfa"", ""986af307665ba993"", ""c8f88860f2a3fc87"", ""d59becbb5f7a2afa""]"
https://www.airbnb.com/rooms/1269900673853584929,overlap-0025,"[""069986afa5954a9e"", ""587398cfd2069bfa"", ""986af307665ba993"", ""c8f88860f2a3fc87"", ""d59becbb5f7a2afa""]"
https://www.airbnb.com/rooms/1338708796215039259,overlap-0025,"[""069986afa5954a9e"", ""587398cfd2069bfa"", ""986af307665ba993"", ""c8f88860f2a3fc87"", ""d59becbb5f7a2afa""]"
https://www.airbnb.com/rooms/1497291716814774789,overlap-0025,"[""069986afa5954a9e"", ""587398cfd2069bfa"", ""986af307665ba993"", ""c8f88860f2a3fc87"", ""d59becbb5f7a2afa""]"
https://www.airbnb.com/rooms/1519299896368018873,overlap-0025,"[""069986afa5954a9e"", ""587398cfd2069bfa"", ""986af307665ba993"", ""c8f88860f2a3fc87"", ""d59becbb5f7a2afa""]"
https://www.airbnb.com/rooms/974003718386406512,overlap-0025,"[""069986afa5954a9e"", ""587398cfd2069bfa"", ""986af307665ba993"", ""c8f88860f2a3fc87"", ""d59becbb5f7a2afa""]"
https://www.airbnb.com/rooms/39253335,overlap-0026,"[""069986afa5954a9e"", ""587398cfd2069bfa"", ""d59becbb5f7a2afa""]"
https://www.airbnb.com/rooms/862370791620303615,overlap-0026,"[""069986afa5954a9e"", ""587398cfd2069bfa"", ""d59becbb5f7a2afa""]"
https://www.airbnb.com/rooms/1059000352386853631,overlap-0027,"[""069986afa5954a9e"", ""c8f88860f2a3fc87""]"
https://www.airbnb.com/rooms/1297912182050432538,overlap-0027,"[""069986afa5954a9e"", ""c8f88860f2a3fc87""]"
https://www.airbnb.com/rooms/1601030805735954135,overlap-0027,"[""069986afa5954a9e"", ""c8f88860f2a3fc87""]"
https://www.airbnb.com/rooms/1764564524328298302,overlap-0027,"[""069986afa5954a9e"", ""c8f88860f2a3fc87""]"
https://www.airbnb.com/rooms/1782461453273168332,overlap-0027,"[""069986afa5954a9e"", ""c8f88860f2a3fc87""]"
https://www.airbnb.com/rooms/882554629064525865,overlap-0027,"[""069986afa5954a9e"", ""c8f88860f2a3fc87""]"
https://www.airbnb.com/rooms/947141888436263956,overlap-0027,"[""069986afa5954a9e"", ""c8f88860f2a3fc87""]"
https://www.airbnb.com/rooms/20432958,overlap-0028,"[""09b6b8789664b593"", ""0e4a5d364995fe69"", ""3ef6f48dd191ab3c""]"
https://www.airbnb.com/rooms/1331531866430874487,overlap-0029,"[""09b6b8789664b593"", ""d4e7c332ee342130"", ""d5e17d92707576bd""]"
https://www.airbnb.com/rooms/14088893,overlap-0029,"[""09b6b8789664b593"", ""d4e7c332ee342130"", ""d5e17d92707576bd""]"
https://www.airbnb.com/rooms/1774869791452069948,overlap-0029,"[""09b6b8789664b593"", ""d4e7c332ee342130"", ""d5e17d92707576bd""]"
https://www.airbnb.com/rooms/1056622481715920783,overlap-0030,"[""09b6b8789664b593"", ""d5e17d92707576bd"", ""e1495708e8518770"", ""f73692336bd0ee9b""]"
https://www.airbnb.com/rooms/17900059,overlap-0030,"[""09b6b8789664b593"", ""d5e17d92707576bd"", ""e1495708e8518770"", ""f73692336bd0ee9b""]"
https://www.airbnb.com/rooms/39054736,overlap-0030,"[""09b6b8789664b593"", ""d5e17d92707576bd"", ""e1495708e8518770"", ""f73692336bd0ee9b""]"
https://www.airbnb.com/rooms/40397387,overlap-0030,"[""09b6b8789664b593"", ""d5e17d92707576bd"", ""e1495708e8518770"", ""f73692336bd0ee9b""]"
https://www.airbnb.com/rooms/47853769,overlap-0030,"[""09b6b8789664b593"", ""d5e17d92707576bd"", ""e1495708e8518770"", ""f73692336bd0ee9b""]"
https://www.airbnb.com/rooms/49547889,overlap-0030,"[""09b6b8789664b593"", ""d5e17d92707576bd"", ""e1495708e8518770"", ""f73692336bd0ee9b""]"
https://www.airbnb.com/rooms/1188392400124459957,overlap-0031,"[""09b6b8789664b593"", ""e1495708e8518770"", ""f73692336bd0ee9b""]"
https://www.airbnb.com/rooms/40420743,overlap-0031,"[""09b6b8789664b593"", ""e1495708e8518770"", ""f73692336bd0ee9b""]"
https://www.airbnb.com/rooms/1578482693221000787,overlap-0032,"[""09ec8083f5a93b5e"", ""2d7bd4398a47fdf4"", ""b42ae160c48ecc77"", ""c93854c0298242ef"", ""e689c59e8509269a"", ""ea5393d3ae4191cb""]"
https://www.airbnb.com/rooms/1635729806644189582,overlap-0032,"[""09ec8083f5a93b5e"", ""2d7bd4398a47fdf4"", ""b42ae160c48ecc77"", ""c93854c0298242ef"", ""e689c59e8509269a"", ""ea5393d3ae4191cb""]"
https://www.airbnb.com/rooms/642569879309144491,overlap-0032,"[""09ec8083f5a93b5e"", ""2d7bd4398a47fdf4"", ""b42ae160c48ecc77"", ""c93854c0298242ef"", ""e689c59e8509269a"", ""ea5393d3ae4191cb""]"
https://www.airbnb.com/rooms/1576933963365000355,overlap-0033,"[""09ec8083f5a93b5e"", ""2d7bd4398a47fdf4"", ""e689c59e8509269a"", ""ea5393d3ae4191cb""]"
https://www.airbnb.com/rooms/1635508951244874774,overlap-0033,"[""09ec8083f5a93b5e"", ""2d7bd4398a47fdf4"", ""e689c59e8509269a"", ""ea5393d3ae4191cb""]"
https://www.airbnb.com/rooms/1577053520296936517,overlap-0034,"[""09ec8083f5a93b5e"", ""addfec9441440910"", ""b42ae160c48ecc77"", ""c93854c0298242ef"", ""ea5393d3ae4191cb""]"
https://www.airbnb.com/rooms/37960375,overlap-0034,"[""09ec8083f5a93b5e"", ""addfec9441440910"", ""b42ae160c48ecc77"", ""c93854c0298242ef"", ""ea5393d3ae4191cb""]"
https://www.airbnb.com/rooms/781816111049641146,overlap-0034,"[""09ec8083f5a93b5e"", ""addfec9441440910"", ""b42ae160c48ecc77"", ""c93854c0298242ef"", ""ea5393d3ae4191cb""]"
https://www.airbnb.com/rooms/1069727573185089724,overlap-0035,"[""09ec8083f5a93b5e"", ""b42ae160c48ecc77"", ""c93854c0298242ef"", ""ea5393d3ae4191cb""]"
https://www.airbnb.com/rooms/1371919095695867593,overlap-0035,"[""09ec8083f5a93b5e"", ""b42ae160c48ecc77"", ""c93854c0298242ef"", ""ea5393d3ae4191cb""]"
https://www.airbnb.com/rooms/1374644522136974472,overlap-0035,"[""09ec8083f5a93b5e"", ""b42ae160c48ecc77"", ""c93854c0298242ef"", ""ea5393d3ae4191cb""]"
https://www.airbnb.com/rooms/1374761289482156920,overlap-0035,"[""09ec8083f5a93b5e"", ""b42ae160c48ecc77"", ""c93854c0298242ef"", ""ea5393d3ae4191cb""]"
https://www.airbnb.com/rooms/1578742495428218504,overlap-0035,"[""09ec8083f5a93b5e"", ""b42ae160c48ecc77"", ""c93854c0298242ef"", ""ea5393d3ae4191cb""]"
https://www.airbnb.com/rooms/1578749293988109030,overlap-0035,"[""09ec8083f5a93b5e"", ""b42ae160c48ecc77"", ""c93854c0298242ef"", ""ea5393d3ae4191cb""]"
https://www.airbnb.com/rooms/843607491091949443,overlap-0035,"[""09ec8083f5a93b5e"", ""b42ae160c48ecc77"", ""c93854c0298242ef"", ""ea5393d3ae4191cb""]"
https://www.airbnb.com/rooms/1558876446044130157,overlap-0036,"[""09fb5f9db287f3ef"", ""11e8b6c128315979"", ""222f9519143a78ae"", ""4bebeeb65a19e391""]"
https://www.airbnb.com/rooms/916620332990346132,overlap-0036,"[""09fb5f9db287f3ef"", ""11e8b6c128315979"", ""222f9519143a78ae"", ""4bebeeb65a19e391""]"
https://www.airbnb.com/rooms/1157896954244969254,overlap-0037,"[""09fb5f9db287f3ef"", ""11e8b6c128315979"", ""222f9519143a78ae"", ""4bebeeb65a19e391"", ""a12131901e171d9e"", ""aba12012421006a5""]"
https://www.airbnb.com/rooms/1675449156453144527,overlap-0037,"[""09fb5f9db287f3ef"", ""11e8b6c128315979"", ""222f9519143a78ae"", ""4bebeeb65a19e391"", ""a12131901e171d9e"", ""aba12012421006a5""]"
https://www.airbnb.com/rooms/36562709,overlap-0037,"[""09fb5f9db287f3ef"", ""11e8b6c128315979"", ""222f9519143a78ae"", ""4bebeeb65a19e391"", ""a12131901e171d9e"", ""aba12012421006a5""]"
https://www.airbnb.com/rooms/918250440234234879,overlap-0037,"[""09fb5f9db287f3ef"", ""11e8b6c128315979"", ""222f9519143a78ae"", ""4bebeeb65a19e391"", ""a12131901e171d9e"", ""aba12012421006a5""]"
https://www.airbnb.com/rooms/1019855393395987807,overlap-0038,"[""09fb5f9db287f3ef"", ""222f9519143a78ae""]"
https://www.airbnb.com/rooms/1026037015036266977,overlap-0038,"[""09fb5f9db287f3ef"", ""222f9519143a78ae""]"
https://www.airbnb.com/rooms/1776375531144390972,overlap-0038,"[""09fb5f9db287f3ef"", ""222f9519143a78ae""]"
https://www.airbnb.com/rooms/686058064003280914,overlap-0038,"[""09fb5f9db287f3ef"", ""222f9519143a78ae""]"
https://www.airbnb.com/rooms/756020672648211129,overlap-0038,"[""09fb5f9db287f3ef"", ""222f9519143a78ae""]"
https://www.airbnb.com/rooms/806787973691977876,overlap-0038,"[""09fb5f9db287f3ef"", ""222f9519143a78ae""]"
https://www.airbnb.com/rooms/806794580014404343,overlap-0038,"[""09fb5f9db287f3ef"", ""222f9519143a78ae""]"
https://www.airbnb.com/rooms/806795428446312158,overlap-0038,"[""09fb5f9db287f3ef"", ""222f9519143a78ae""]"
https://www.airbnb.com/rooms/807961999481675013,overlap-0038,"[""09fb5f9db287f3ef"", ""222f9519143a78ae""]"
https://www.airbnb.com/rooms/810022227878886499,overlap-0038,"[""09fb5f9db287f3ef"", ""222f9519143a78ae""]"
https://www.airbnb.com/rooms/888380701489598948,overlap-0038,"[""09fb5f9db287f3ef"", ""222f9519143a78ae""]"
https://www.airbnb.com/rooms/917096123340032218,overlap-0038,"[""09fb5f9db287f3ef"", ""222f9519143a78ae""]"
https://www.airbnb.com/rooms/806791799299608617,overlap-0039,"[""09fb5f9db287f3ef"", ""4bebeeb65a19e391""]"
https://www.airbnb.com/rooms/810302851984358673,overlap-0039,"[""09fb5f9db287f3ef"", ""4bebeeb65a19e391""]"
https://www.airbnb.com/rooms/1441973633341551251,overlap-0040,"[""09fb5f9db287f3ef"", ""a12f92d5edcc3d7d""]"
https://www.airbnb.com/rooms/1497279995902577713,overlap-0041,"[""0afa0ed0857be170"", ""19d204f15f961568""]"
https://www.airbnb.com/rooms/49876691,overlap-0041,"[""0afa0ed0857be170"", ""19d204f15f961568""]"
https://www.airbnb.com/rooms/643381710459914257,overlap-0041,"[""0afa0ed0857be170"", ""19d204f15f961568""]"
https://www.airbnb.com/rooms/783398511113201777,overlap-0041,"[""0afa0ed0857be170"", ""19d204f15f961568""]"
https://www.airbnb.com/rooms/864321793163044587,overlap-0041,"[""0afa0ed0857be170"", ""19d204f15f961568""]"
https://www.airbnb.com/rooms/15954358,overlap-0042,"[""0afa0ed0857be170"", ""19d204f15f961568"", ""45a304d2816fea52"", ""639947662b8b59f9"", ""79a0b85430e711c7""]"
https://www.airbnb.com/rooms/992246351923649686,overlap-0042,"[""0afa0ed0857be170"", ""19d204f15f961568"", ""45a304d2816fea52"", ""639947662b8b59f9"", ""79a0b85430e711c7""]"
https://www.airbnb.com/rooms/21320589,overlap-0043,"[""0afa0ed0857be170"", ""19d204f15f961568"", ""639947662b8b59f9""]"
https://www.airbnb.com/rooms/33561647,overlap-0043,"[""0afa0ed0857be170"", ""19d204f15f961568"", ""639947662b8b59f9""]"
https://www.airbnb.com/rooms/620061561837642850,overlap-0044,"[""0afa0ed0857be170"", ""19d204f15f961568"", ""639947662b8b59f9"", ""951fe003703d658c"", ""cbb40e0838ca9635"", ""d380eca185b98727""]"
https://www.airbnb.com/rooms/765248165906785682,overlap-0044,"[""0afa0ed0857be170"", ""19d204f15f961568"", ""639947662b8b59f9"", ""951fe003703d658c"", ""cbb40e0838ca9635"", ""d380eca185b98727""]"
https://www.airbnb.com/rooms/1217465761236940864,overlap-0045,"[""0afa0ed0857be170"", ""45a304d2816fea52""]"
https://www.airbnb.com/rooms/734912764169942256,overlap-0045,"[""0afa0ed0857be170"", ""45a304d2816fea52""]"
https://www.airbnb.com/rooms/897845340016479179,overlap-0045,"[""0afa0ed0857be170"", ""45a304d2816fea52""]"
https://www.airbnb.com/rooms/912606738155736302,overlap-0046,"[""0afa0ed0857be170"", ""45a304d2816fea52"", ""53fd4edb8fbdc3d8"", ""d699ba709849b04d""]"
https://www.airbnb.com/rooms/1001345102622728580,overlap-0047,"[""0b3f582689ff2bf9"", ""0bf245d5e6ad4cec"", ""1461d72f91efd222"", ""3d09cb2ca2624a36"", ""4f5220b19b4f6ee8"", ""5954c714369f759e"", ""944fc873ef024a8c"", ""c0832024cd7fc956"", ""e17836ece552b053""]"
https://www.airbnb.com/rooms/1546424879283377474,overlap-0047,"[""0b3f582689ff2bf9"", ""0bf245d5e6ad4cec"", ""1461d72f91efd222"", ""3d09cb2ca2624a36"", ""4f5220b19b4f6ee8"", ""5954c714369f759e"", ""944fc873ef024a8c"", ""c0832024cd7fc956"", ""e17836ece552b053""]"
https://www.airbnb.com/rooms/1755007264076458011,overlap-0047,"[""0b3f582689ff2bf9"", ""0bf245d5e6ad4cec"", ""1461d72f91efd222"", ""3d09cb2ca2624a36"", ""4f5220b19b4f6ee8"", ""5954c714369f759e"", ""944fc873ef024a8c"", ""c0832024cd7fc956"", ""e17836ece552b053""]"
https://www.airbnb.com/rooms/7922612,overlap-0047,"[""0b3f582689ff2bf9"", ""0bf245d5e6ad4cec"", ""1461d72f91efd222"", ""3d09cb2ca2624a36"", ""4f5220b19b4f6ee8"", ""5954c714369f759e"", ""944fc873ef024a8c"", ""c0832024cd7fc956"", ""e17836ece552b053""]"
https://www.airbnb.com/rooms/963846427466202054,overlap-0047,"[""0b3f582689ff2bf9"", ""0bf245d5e6ad4cec"", ""1461d72f91efd222"", ""3d09cb2ca2624a36"", ""4f5220b19b4f6ee8"", ""5954c714369f759e"", ""944fc873ef024a8c"", ""c0832024cd7fc956"", ""e17836ece552b053""]"
https://www.airbnb.com/rooms/1081235308508056254,overlap-0048,"[""0b3f582689ff2bf9"", ""0bf245d5e6ad4cec"", ""3d09cb2ca2624a36"", ""4f5220b19b4f6ee8"", ""c0832024cd7fc956"", ""e17836ece552b053""]"
https://www.airbnb.com/rooms/1186262257706231615,overlap-0048,"[""0b3f582689ff2bf9"", ""0bf245d5e6ad4cec"", ""3d09cb2ca2624a36"", ""4f5220b19b4f6ee8"", ""c0832024cd7fc956"", ""e17836ece552b053""]"
https://www.airbnb.com/rooms/1722453495512935257,overlap-0048,"[""0b3f582689ff2bf9"", ""0bf245d5e6ad4cec"", ""3d09cb2ca2624a36"", ""4f5220b19b4f6ee8"", ""c0832024cd7fc956"", ""e17836ece552b053""]"
https://www.airbnb.com/rooms/28755287,overlap-0048,"[""0b3f582689ff2bf9"", ""0bf245d5e6ad4cec"", ""3d09cb2ca2624a36"", ""4f5220b19b4f6ee8"", ""c0832024cd7fc956"", ""e17836ece552b053""]"
https://www.airbnb.com/rooms/37118508,overlap-0048,"[""0b3f582689ff2bf9"", ""0bf245d5e6ad4cec"", ""3d09cb2ca2624a36"", ""4f5220b19b4f6ee8"", ""c0832024cd7fc956"", ""e17836ece552b053""]"
https://www.airbnb.com/rooms/49837666,overlap-0048,"[""0b3f582689ff2bf9"", ""0bf245d5e6ad4cec"", ""3d09cb2ca2624a36"", ""4f5220b19b4f6ee8"", ""c0832024cd7fc956"", ""e17836ece552b053""]"
https://www.airbnb.com/rooms/53314068,overlap-0048,"[""0b3f582689ff2bf9"", ""0bf245d5e6ad4cec"", ""3d09cb2ca2624a36"", ""4f5220b19b4f6ee8"", ""c0832024cd7fc956"", ""e17836ece552b053""]"
https://www.airbnb.com/rooms/53328346,overlap-0048,"[""0b3f582689ff2bf9"", ""0bf245d5e6ad4cec"", ""3d09cb2ca2624a36"", ""4f5220b19b4f6ee8"", ""c0832024cd7fc956"", ""e17836ece552b053""]"
https://www.airbnb.com/rooms/54003598,overlap-0048,"[""0b3f582689ff2bf9"", ""0bf245d5e6ad4cec"", ""3d09cb2ca2624a36"", ""4f5220b19b4f6ee8"", ""c0832024cd7fc956"", ""e17836ece552b053""]"
https://www.airbnb.com/rooms/554435934655401853,overlap-0048,"[""0b3f582689ff2bf9"", ""0bf245d5e6ad4cec"", ""3d09cb2ca2624a36"", ""4f5220b19b4f6ee8"", ""c0832024cd7fc956"", ""e17836ece552b053""]"
https://www.airbnb.com/rooms/775471784356647490,overlap-0048,"[""0b3f582689ff2bf9"", ""0bf245d5e6ad4cec"", ""3d09cb2ca2624a36"", ""4f5220b19b4f6ee8"", ""c0832024cd7fc956"", ""e17836ece552b053""]"
https://www.airbnb.com/rooms/781860613052141357,overlap-0048,"[""0b3f582689ff2bf9"", ""0bf245d5e6ad4cec"", ""3d09cb2ca2624a36"", ""4f5220b19b4f6ee8"", ""c0832024cd7fc956"", ""e17836ece552b053""]"
https://www.airbnb.com/rooms/1156816166847682194,overlap-0049,"[""0b3f582689ff2bf9"", ""0bf245d5e6ad4cec"", ""3d09cb2ca2624a36"", ""5954c714369f759e"", ""944fc873ef024a8c"", ""e17836ece552b053""]"
https://www.airbnb.com/rooms/1418379122112160479,overlap-0050,"[""0b3f582689ff2bf9"", ""1461d72f91efd222"", ""4f5220b19b4f6ee8"", ""5954c714369f759e"", ""944fc873ef024a8c"", ""e17836ece552b053""]"
https://www.airbnb.com/rooms/37898509,overlap-0050,"[""0b3f582689ff2bf9"", ""1461d72f91efd222"", ""4f5220b19b4f6ee8"", ""5954c714369f759e"", ""944fc873ef024a8c"", ""e17836ece552b053""]"
https://www.airbnb.com/rooms/43678688,overlap-0050,"[""0b3f582689ff2bf9"", ""1461d72f91efd222"", ""4f5220b19b4f6ee8"", ""5954c714369f759e"", ""944fc873ef024a8c"", ""e17836ece552b053""]"
https://www.airbnb.com/rooms/924139062620693593,overlap-0050,"[""0b3f582689ff2bf9"", ""1461d72f91efd222"", ""4f5220b19b4f6ee8"", ""5954c714369f759e"", ""944fc873ef024a8c"", ""e17836ece552b053""]"
https://www.airbnb.com/rooms/974548968450617267,overlap-0050,"[""0b3f582689ff2bf9"", ""1461d72f91efd222"", ""4f5220b19b4f6ee8"", ""5954c714369f759e"", ""944fc873ef024a8c"", ""e17836ece552b053""]"
https://www.airbnb.com/rooms/11358238,overlap-0051,"[""0b3f582689ff2bf9"", ""39ec27d1e1a00f12"", ""3fba8e3394f7def8"", ""48c8c15966f50d05"", ""5954c714369f759e"", ""944fc873ef024a8c"", ""9fab0235df836a09"", ""b2a2cd97066a8a5f"", ""e17836ece552b053""]"
https://www.airbnb.com/rooms/30317287,overlap-0051,"[""0b3f582689ff2bf9"", ""39ec27d1e1a00f12"", ""3fba8e3394f7def8"", ""48c8c15966f50d05"", ""5954c714369f759e"", ""944fc873ef024a8c"", ""9fab0235df836a09"", ""b2a2cd97066a8a5f"", ""e17836ece552b053""]"
https://www.airbnb.com/rooms/624571782236204475,overlap-0052,"[""0b3f582689ff2bf9"", ""3fba8e3394f7def8"", ""48c8c15966f50d05"", ""944fc873ef024a8c"", ""9fab0235df836a09"", ""b2a2cd97066a8a5f""]"
https://www.airbnb.com/rooms/671537505374750275,overlap-0052,"[""0b3f582689ff2bf9"", ""3fba8e3394f7def8"", ""48c8c15966f50d05"", ""944fc873ef024a8c"", ""9fab0235df836a09"", ""b2a2cd97066a8a5f""]"
https://www.airbnb.com/rooms/1634819910956420490,overlap-0053,"[""0b3f582689ff2bf9"", ""3fba8e3394f7def8"", ""5954c714369f759e"", ""944fc873ef024a8c"", ""9fab0235df836a09"", ""e17836ece552b053""]"
https://www.airbnb.com/rooms/41499507,overlap-0053,"[""0b3f582689ff2bf9"", ""3fba8e3394f7def8"", ""5954c714369f759e"", ""944fc873ef024a8c"", ""9fab0235df836a09"", ""e17836ece552b053""]"
https://www.airbnb.com/rooms/763033381102390839,overlap-0053,"[""0b3f582689ff2bf9"", ""3fba8e3394f7def8"", ""5954c714369f759e"", ""944fc873ef024a8c"", ""9fab0235df836a09"", ""e17836ece552b053""]"
https://www.airbnb.com/rooms/944028502898383287,overlap-0053,"[""0b3f582689ff2bf9"", ""3fba8e3394f7def8"", ""5954c714369f759e"", ""944fc873ef024a8c"", ""9fab0235df836a09"", ""e17836ece552b053""]"
https://www.airbnb.com/rooms/1303793663827790301,overlap-0054,"[""0b3f582689ff2bf9"", ""3fba8e3394f7def8"", ""944fc873ef024a8c"", ""9fab0235df836a09""]"
https://www.airbnb.com/rooms/1495032121085102662,overlap-0055,"[""0b3f582689ff2bf9"", ""5954c714369f759e"", ""944fc873ef024a8c"", ""e17836ece552b053""]"
https://www.airbnb.com/rooms/42357942,overlap-0056,"[""0b894d96ae3f5fc4"", ""2858e1c2802b6977"", ""75d95203ee0835e5"", ""8661324004dc4c06"", ""a67c50cf4855328f""]"
https://www.airbnb.com/rooms/5261347,overlap-0056,"[""0b894d96ae3f5fc4"", ""2858e1c2802b6977"", ""75d95203ee0835e5"", ""8661324004dc4c06"", ""a67c50cf4855328f""]"
https://www.airbnb.com/rooms/1759533216466868698,overlap-0057,"[""0b894d96ae3f5fc4"", ""2858e1c2802b6977"", ""8661324004dc4c06""]"
https://www.airbnb.com/rooms/20666788,overlap-0057,"[""0b894d96ae3f5fc4"", ""2858e1c2802b6977"", ""8661324004dc4c06""]"
https://www.airbnb.com/rooms/38600592,overlap-0057,"[""0b894d96ae3f5fc4"", ""2858e1c2802b6977"", ""8661324004dc4c06""]"
https://www.airbnb.com/rooms/733861976472000725,overlap-0057,"[""0b894d96ae3f5fc4"", ""2858e1c2802b6977"", ""8661324004dc4c06""]"
https://www.airbnb.com/rooms/968126822377261787,overlap-0057,"[""0b894d96ae3f5fc4"", ""2858e1c2802b6977"", ""8661324004dc4c06""]"
https://www.airbnb.com/rooms/49809242,overlap-0058,"[""0b894d96ae3f5fc4"", ""55b44e54f176b477""]"
https://www.airbnb.com/rooms/51670233,overlap-0058,"[""0b894d96ae3f5fc4"", ""55b44e54f176b477""]"
https://www.airbnb.com/rooms/1095484339653583603,overlap-0059,"[""0b894d96ae3f5fc4"", ""8661324004dc4c06""]"
https://www.airbnb.com/rooms/12951332,overlap-0059,"[""0b894d96ae3f5fc4"", ""8661324004dc4c06""]"
https://www.airbnb.com/rooms/1308976751026307610,overlap-0059,"[""0b894d96ae3f5fc4"", ""8661324004dc4c06""]"
https://www.airbnb.com/rooms/14740890,overlap-0059,"[""0b894d96ae3f5fc4"", ""8661324004dc4c06""]"
https://www.airbnb.com/rooms/1754423968376282817,overlap-0059,"[""0b894d96ae3f5fc4"", ""8661324004dc4c06""]"
https://www.airbnb.com/rooms/21296745,overlap-0059,"[""0b894d96ae3f5fc4"", ""8661324004dc4c06""]"
https://www.airbnb.com/rooms/23676893,overlap-0059,"[""0b894d96ae3f5fc4"", ""8661324004dc4c06""]"
https://www.airbnb.com/rooms/34223031,overlap-0059,"[""0b894d96ae3f5fc4"", ""8661324004dc4c06""]"
https://www.airbnb.com/rooms/4857128,overlap-0059,"[""0b894d96ae3f5fc4"", ""8661324004dc4c06""]"
https://www.airbnb.com/rooms/53380550,overlap-0059,"[""0b894d96ae3f5fc4"", ""8661324004dc4c06""]"
https://www.airbnb.com/rooms/820920145264689193,overlap-0059,"[""0b894d96ae3f5fc4"", ""8661324004dc4c06""]"
https://www.airbnb.com/rooms/9024984,overlap-0059,"[""0b894d96ae3f5fc4"", ""8661324004dc4c06""]"
https://www.airbnb.com/rooms/1248766052659134389,overlap-0060,"[""0b894d96ae3f5fc4"", ""a67c50cf4855328f""]"
https://www.airbnb.com/rooms/1000816423577510417,overlap-0061,"[""0bf245d5e6ad4cec"", ""1461d72f91efd222"", ""4f5220b19b4f6ee8"", ""5954c714369f759e"", ""c0832024cd7fc956"", ""e17836ece552b053""]"
https://www.airbnb.com/rooms/1132722819062707524,overlap-0061,"[""0bf245d5e6ad4cec"", ""1461d72f91efd222"", ""4f5220b19b4f6ee8"", ""5954c714369f759e"", ""c0832024cd7fc956"", ""e17836ece552b053""]"
https://www.airbnb.com/rooms/1554539081893744326,overlap-0061,"[""0bf245d5e6ad4cec"", ""1461d72f91efd222"", ""4f5220b19b4f6ee8"", ""5954c714369f759e"", ""c0832024cd7fc956"", ""e17836ece552b053""]"
https://www.airbnb.com/rooms/1603056555603109775,overlap-0061,"[""0bf245d5e6ad4cec"", ""1461d72f91efd222"", ""4f5220b19b4f6ee8"", ""5954c714369f759e"", ""c0832024cd7fc956"", ""e17836ece552b053""]"
https://www.airbnb.com/rooms/48240953,overlap-0061,"[""0bf245d5e6ad4cec"", ""1461d72f91efd222"", ""4f5220b19b4f6ee8"", ""5954c714369f759e"", ""c0832024cd7fc956"", ""e17836ece552b053""]"
https://www.airbnb.com/rooms/48466805,overlap-0061,"[""0bf245d5e6ad4cec"", ""1461d72f91efd222"", ""4f5220b19b4f6ee8"", ""5954c714369f759e"", ""c0832024cd7fc956"", ""e17836ece552b053""]"
https://www.airbnb.com/rooms/553666045224619794,overlap-0061,"[""0bf245d5e6ad4cec"", ""1461d72f91efd222"", ""4f5220b19b4f6ee8"", ""5954c714369f759e"", ""c0832024cd7fc956"", ""e17836ece552b053""]"
https://www.airbnb.com/rooms/580554730509500647,overlap-0061,"[""0bf245d5e6ad4cec"", ""1461d72f91efd222"", ""4f5220b19b4f6ee8"", ""5954c714369f759e"", ""c0832024cd7fc956"", ""e17836ece552b053""]"
https://www.airbnb.com/rooms/587575890395310833,overlap-0061,"[""0bf245d5e6ad4cec"", ""1461d72f91efd222"", ""4f5220b19b4f6ee8"", ""5954c714369f759e"", ""c0832024cd7fc956"", ""e17836ece552b053""]"
https://www.airbnb.com/rooms/795559543904423196,overlap-0061,"[""0bf245d5e6ad4cec"", ""1461d72f91efd222"", ""4f5220b19b4f6ee8"", ""5954c714369f759e"", ""c0832024cd7fc956"", ""e17836ece552b053""]"
https://www.airbnb.com/rooms/825552609663214793,overlap-0061,"[""0bf245d5e6ad4cec"", ""1461d72f91efd222"", ""4f5220b19b4f6ee8"", ""5954c714369f759e"", ""c0832024cd7fc956"", ""e17836ece552b053""]"
https://www.airbnb.com/rooms/963928632816098757,overlap-0061,"[""0bf245d5e6ad4cec"", ""1461d72f91efd222"", ""4f5220b19b4f6ee8"", ""5954c714369f759e"", ""c0832024cd7fc956"", ""e17836ece552b053""]"
https://www.airbnb.com/rooms/986195585373963217,overlap-0061,"[""0bf245d5e6ad4cec"", ""1461d72f91efd222"", ""4f5220b19b4f6ee8"", ""5954c714369f759e"", ""c0832024cd7fc956"", ""e17836ece552b053""]"
https://www.airbnb.com/rooms/986195659212859089,overlap-0061,"[""0bf245d5e6ad4cec"", ""1461d72f91efd222"", ""4f5220b19b4f6ee8"", ""5954c714369f759e"", ""c0832024cd7fc956"", ""e17836ece552b053""]"
https://www.airbnb.com/rooms/1143001610595459843,overlap-0062,"[""0bf245d5e6ad4cec"", ""3d09cb2ca2624a36""]"
https://www.airbnb.com/rooms/1143001636057729076,overlap-0062,"[""0bf245d5e6ad4cec"", ""3d09cb2ca2624a36""]"
https://www.airbnb.com/rooms/1143001658062653392,overlap-0062,"[""0bf245d5e6ad4cec"", ""3d09cb2ca2624a36""]"
https://www.airbnb.com/rooms/1191470915316324790,overlap-0062,"[""0bf245d5e6ad4cec"", ""3d09cb2ca2624a36""]"
https://www.airbnb.com/rooms/1192105103247313073,overlap-0062,"[""0bf245d5e6ad4cec"", ""3d09cb2ca2624a36""]"
https://www.airbnb.com/rooms/1207416122848343686,overlap-0062,"[""0bf245d5e6ad4cec"", ""3d09cb2ca2624a36""]"
https://www.airbnb.com/rooms/1207416144981620482,overlap-0062,"[""0bf245d5e6ad4cec"", ""3d09cb2ca2624a36""]"
https://www.airbnb.com/rooms/1207416165939115632,overlap-0062,"[""0bf245d5e6ad4cec"", ""3d09cb2ca2624a36""]"
https://www.airbnb.com/rooms/1207416233589752307,overlap-0062,"[""0bf245d5e6ad4cec"", ""3d09cb2ca2624a36""]"
https://www.airbnb.com/rooms/1209650774112005368,overlap-0062,"[""0bf245d5e6ad4cec"", ""3d09cb2ca2624a36""]"
https://www.airbnb.com/rooms/1209650861688326349,overlap-0062,"[""0bf245d5e6ad4cec"", ""3d09cb2ca2624a36""]"
https://www.airbnb.com/rooms/1209650887247196219,overlap-0062,"[""0bf245d5e6ad4cec"", ""3d09cb2ca2624a36""]"
https://www.airbnb.com/rooms/1209650936797126723,overlap-0062,"[""0bf245d5e6ad4cec"", ""3d09cb2ca2624a36""]"
https://www.airbnb.com/rooms/1209650959527222614,overlap-0062,"[""0bf245d5e6ad4cec"", ""3d09cb2ca2624a36""]"
https://www.airbnb.com/rooms/1209651006228272424,overlap-0062,"[""0bf245d5e6ad4cec"", ""3d09cb2ca2624a36""]"
https://www.airbnb.com/rooms/1209651030735710550,overlap-0062,"[""0bf245d5e6ad4cec"", ""3d09cb2ca2624a36""]"
https://www.airbnb.com/rooms/1209651098403874121,overlap-0062,"[""0bf245d5e6ad4cec"", ""3d09cb2ca2624a36""]"
https://www.airbnb.com/rooms/1209651120829862409,overlap-0062,"[""0bf245d5e6ad4cec"", ""3d09cb2ca2624a36""]"
https://www.airbnb.com/rooms/1209651360868446804,overlap-0062,"[""0bf245d5e6ad4cec"", ""3d09cb2ca2624a36""]"
https://www.airbnb.com/rooms/1209651384963793671,overlap-0062,"[""0bf245d5e6ad4cec"", ""3d09cb2ca2624a36""]"
https://www.airbnb.com/rooms/1209651406830286373,overlap-0062,"[""0bf245d5e6ad4cec"", ""3d09cb2ca2624a36""]"
https://www.airbnb.com/rooms/1209651435719043746,overlap-0062,"[""0bf245d5e6ad4cec"", ""3d09cb2ca2624a36""]"
https://www.airbnb.com/rooms/1209651486377785668,overlap-0062,"[""0bf245d5e6ad4cec"", ""3d09cb2ca2624a36""]"
https://www.airbnb.com/rooms/1217653782376372863,overlap-0062,"[""0bf245d5e6ad4cec"", ""3d09cb2ca2624a36""]"
https://www.airbnb.com/rooms/1309650587692263698,overlap-0062,"[""0bf245d5e6ad4cec"", ""3d09cb2ca2624a36""]"
https://www.airbnb.com/rooms/1309650921321862501,overlap-0062,"[""0bf245d5e6ad4cec"", ""3d09cb2ca2624a36""]"
https://www.airbnb.com/rooms/1309652563157909844,overlap-0062,"[""0bf245d5e6ad4cec"", ""3d09cb2ca2624a36""]"
https://www.airbnb.com/rooms/1309652936914036049,overlap-0062,"[""0bf245d5e6ad4cec"", ""3d09cb2ca2624a36""]"
https://www.airbnb.com/rooms/1334925013036632467,overlap-0062,"[""0bf245d5e6ad4cec"", ""3d09cb2ca2624a36""]"
https://www.airbnb.com/rooms/1350719092457290981,overlap-0062,"[""0bf245d5e6ad4cec"", ""3d09cb2ca2624a36""]"
https://www.airbnb.com/rooms/1444999404982414176,overlap-0062,"[""0bf245d5e6ad4cec"", ""3d09cb2ca2624a36""]"
https://www.airbnb.com/rooms/1531464683577707010,overlap-0062,"[""0bf245d5e6ad4cec"", ""3d09cb2ca2624a36""]"
https://www.airbnb.com/rooms/1588466316609900835,overlap-0062,"[""0bf245d5e6ad4cec"", ""3d09cb2ca2624a36""]"
https://www.airbnb.com/rooms/1613396515449689497,overlap-0062,"[""0bf245d5e6ad4cec"", ""3d09cb2ca2624a36""]"
https://www.airbnb.com/rooms/1623437483131413474,overlap-0062,"[""0bf245d5e6ad4cec"", ""3d09cb2ca2624a36""]"
https://www.airbnb.com/rooms/1730732010822759543,overlap-0062,"[""0bf245d5e6ad4cec"", ""3d09cb2ca2624a36""]"
https://www.airbnb.com/rooms/1771376522325444218,overlap-0062,"[""0bf245d5e6ad4cec"", ""3d09cb2ca2624a36""]"
https://www.airbnb.com/rooms/27228775,overlap-0062,"[""0bf245d5e6ad4cec"", ""3d09cb2ca2624a36""]"
https://www.airbnb.com/rooms/54003872,overlap-0062,"[""0bf245d5e6ad4cec"", ""3d09cb2ca2624a36""]"
https://www.airbnb.com/rooms/1155904101649277939,overlap-0063,"[""0bf245d5e6ad4cec"", ""3d09cb2ca2624a36"", ""c0832024cd7fc956""]"
https://www.airbnb.com/rooms/1184189146609359648,overlap-0063,"[""0bf245d5e6ad4cec"", ""3d09cb2ca2624a36"", ""c0832024cd7fc956""]"
https://www.airbnb.com/rooms/1658874528373386286,overlap-0063,"[""0bf245d5e6ad4cec"", ""3d09cb2ca2624a36"", ""c0832024cd7fc956""]"
https://www.airbnb.com/rooms/51321919,overlap-0063,"[""0bf245d5e6ad4cec"", ""3d09cb2ca2624a36"", ""c0832024cd7fc956""]"
https://www.airbnb.com/rooms/52279592,overlap-0063,"[""0bf245d5e6ad4cec"", ""3d09cb2ca2624a36"", ""c0832024cd7fc956""]"
https://www.airbnb.com/rooms/821090579778077090,overlap-0063,"[""0bf245d5e6ad4cec"", ""3d09cb2ca2624a36"", ""c0832024cd7fc956""]"
https://www.airbnb.com/rooms/8800840,overlap-0063,"[""0bf245d5e6ad4cec"", ""3d09cb2ca2624a36"", ""c0832024cd7fc956""]"
https://www.airbnb.com/rooms/1225694883509844043,overlap-0064,"[""0bf245d5e6ad4cec"", ""4f5220b19b4f6ee8"", ""c0832024cd7fc956"", ""e17836ece552b053""]"
https://www.airbnb.com/rooms/1511619584226650055,overlap-0064,"[""0bf245d5e6ad4cec"", ""4f5220b19b4f6ee8"", ""c0832024cd7fc956"", ""e17836ece552b053""]"
https://www.airbnb.com/rooms/1512427961185694379,overlap-0064,"[""0bf245d5e6ad4cec"", ""4f5220b19b4f6ee8"", ""c0832024cd7fc956"", ""e17836ece552b053""]"
https://www.airbnb.com/rooms/1512433026107861986,overlap-0064,"[""0bf245d5e6ad4cec"", ""4f5220b19b4f6ee8"", ""c0832024cd7fc956"", ""e17836ece552b053""]"
https://www.airbnb.com/rooms/1512435355419222118,overlap-0064,"[""0bf245d5e6ad4cec"", ""4f5220b19b4f6ee8"", ""c0832024cd7fc956"", ""e17836ece552b053""]"
https://www.airbnb.com/rooms/1705872416428320098,overlap-0064,"[""0bf245d5e6ad4cec"", ""4f5220b19b4f6ee8"", ""c0832024cd7fc956"", ""e17836ece552b053""]"
https://www.airbnb.com/rooms/1705922111620339665,overlap-0064,"[""0bf245d5e6ad4cec"", ""4f5220b19b4f6ee8"", ""c0832024cd7fc956"", ""e17836ece552b053""]"
https://www.airbnb.com/rooms/1705972227811134714,overlap-0064,"[""0bf245d5e6ad4cec"", ""4f5220b19b4f6ee8"", ""c0832024cd7fc956"", ""e17836ece552b053""]"
https://www.airbnb.com/rooms/1706280397900081465,overlap-0064,"[""0bf245d5e6ad4cec"", ""4f5220b19b4f6ee8"", ""c0832024cd7fc956"", ""e17836ece552b053""]"
https://www.airbnb.com/rooms/1732167575749845462,overlap-0064,"[""0bf245d5e6ad4cec"", ""4f5220b19b4f6ee8"", ""c0832024cd7fc956"", ""e17836ece552b053""]"
https://www.airbnb.com/rooms/50794297,overlap-0064,"[""0bf245d5e6ad4cec"", ""4f5220b19b4f6ee8"", ""c0832024cd7fc956"", ""e17836ece552b053""]"
https://www.airbnb.com/rooms/50794310,overlap-0064,"[""0bf245d5e6ad4cec"", ""4f5220b19b4f6ee8"", ""c0832024cd7fc956"", ""e17836ece552b053""]"
https://www.airbnb.com/rooms/50809232,overlap-0064,"[""0bf245d5e6ad4cec"", ""4f5220b19b4f6ee8"", ""c0832024cd7fc956"", ""e17836ece552b053""]"
https://www.airbnb.com/rooms/710120737083572366,overlap-0064,"[""0bf245d5e6ad4cec"", ""4f5220b19b4f6ee8"", ""c0832024cd7fc956"", ""e17836ece552b053""]"
https://www.airbnb.com/rooms/795559478963566714,overlap-0064,"[""0bf245d5e6ad4cec"", ""4f5220b19b4f6ee8"", ""c0832024cd7fc956"", ""e17836ece552b053""]"
https://www.airbnb.com/rooms/797148074159970987,overlap-0064,"[""0bf245d5e6ad4cec"", ""4f5220b19b4f6ee8"", ""c0832024cd7fc956"", ""e17836ece552b053""]"
https://www.airbnb.com/rooms/960777993634683649,overlap-0064,"[""0bf245d5e6ad4cec"", ""4f5220b19b4f6ee8"", ""c0832024cd7fc956"", ""e17836ece552b053""]"
https://www.airbnb.com/rooms/34668987,overlap-0065,"[""0bf245d5e6ad4cec"", ""6fed9c3253ba5c6d"", ""c0832024cd7fc956"", ""dc62be73502b3909""]"
https://www.airbnb.com/rooms/35614112,overlap-0065,"[""0bf245d5e6ad4cec"", ""6fed9c3253ba5c6d"", ""c0832024cd7fc956"", ""dc62be73502b3909""]"
https://www.airbnb.com/rooms/1120503766255124055,overlap-0066,"[""0bf245d5e6ad4cec"", ""c0832024cd7fc956""]"
https://www.airbnb.com/rooms/1218355001654938583,overlap-0066,"[""0bf245d5e6ad4cec"", ""c0832024cd7fc956""]"
https://www.airbnb.com/rooms/1269560461594972122,overlap-0066,"[""0bf245d5e6ad4cec"", ""c0832024cd7fc956""]"
https://www.airbnb.com/rooms/1310969087687274856,overlap-0066,"[""0bf245d5e6ad4cec"", ""c0832024cd7fc956""]"
https://www.airbnb.com/rooms/1321153456325048511,overlap-0066,"[""0bf245d5e6ad4cec"", ""c0832024cd7fc956""]"
https://www.airbnb.com/rooms/1364157254210132031,overlap-0066,"[""0bf245d5e6ad4cec"", ""c0832024cd7fc956""]"
https://www.airbnb.com/rooms/1388041849805833646,overlap-0066,"[""0bf245d5e6ad4cec"", ""c0832024cd7fc956""]"
https://www.airbnb.com/rooms/1445782557408657033,overlap-0066,"[""0bf245d5e6ad4cec"", ""c0832024cd7fc956""]"
https://www.airbnb.com/rooms/1450201973281913798,overlap-0066,"[""0bf245d5e6ad4cec"", ""c0832024cd7fc956""]"
https://www.airbnb.com/rooms/1462365572276261709,overlap-0066,"[""0bf245d5e6ad4cec"", ""c0832024cd7fc956""]"
https://www.airbnb.com/rooms/1462366911577890176,overlap-0066,"[""0bf245d5e6ad4cec"", ""c0832024cd7fc956""]"
https://www.airbnb.com/rooms/1462369017060507145,overlap-0066,"[""0bf245d5e6ad4cec"", ""c0832024cd7fc956""]"
https://www.airbnb.com/rooms/1462369038275116285,overlap-0066,"[""0bf245d5e6ad4cec"", ""c0832024cd7fc956""]"
https://www.airbnb.com/rooms/1462373166121104976,overlap-0066,"[""0bf245d5e6ad4cec"", ""c0832024cd7fc956""]"
https://www.airbnb.com/rooms/1462376656279490378,overlap-0066,"[""0bf245d5e6ad4cec"", ""c0832024cd7fc956""]"
https://www.airbnb.com/rooms/1462381622944519379,overlap-0066,"[""0bf245d5e6ad4cec"", ""c0832024cd7fc956""]"
https://www.airbnb.com/rooms/1462381630649076804,overlap-0066,"[""0bf245d5e6ad4cec"", ""c0832024cd7fc956""]"
https://www.airbnb.com/rooms/1463003171730891404,overlap-0066,"[""0bf245d5e6ad4cec"", ""c0832024cd7fc956""]"
https://www.airbnb.com/rooms/1463003176333010106,overlap-0066,"[""0bf245d5e6ad4cec"", ""c0832024cd7fc956""]"
https://www.airbnb.com/rooms/1463007162399533633,overlap-0066,"[""0bf245d5e6ad4cec"", ""c0832024cd7fc956""]"
https://www.airbnb.com/rooms/1463007170348971600,overlap-0066,"[""0bf245d5e6ad4cec"", ""c0832024cd7fc956""]"
https://www.airbnb.com/rooms/1463007235778935350,overlap-0066,"[""0bf245d5e6ad4cec"", ""c0832024cd7fc956""]"
https://www.airbnb.com/rooms/1463011059442321553,overlap-0066,"[""0bf245d5e6ad4cec"", ""c0832024cd7fc956""]"
https://www.airbnb.com/rooms/1481158903223179155,overlap-0066,"[""0bf245d5e6ad4cec"", ""c0832024cd7fc956""]"
https://www.airbnb.com/rooms/1497170620927218431,overlap-0066,"[""0bf245d5e6ad4cec"", ""c0832024cd7fc956""]"
https://www.airbnb.com/rooms/1583556373370406044,overlap-0066,"[""0bf245d5e6ad4cec"", ""c0832024cd7fc956""]"
https://www.airbnb.com/rooms/1586599598417222820,overlap-0066,"[""0bf245d5e6ad4cec"", ""c0832024cd7fc956""]"
https://www.airbnb.com/rooms/32777370,overlap-0066,"[""0bf245d5e6ad4cec"", ""c0832024cd7fc956""]"
https://www.airbnb.com/rooms/34818937,overlap-0066,"[""0bf245d5e6ad4cec"", ""c0832024cd7fc956""]"
https://www.airbnb.com/rooms/34818938,overlap-0066,"[""0bf245d5e6ad4cec"", ""c0832024cd7fc956""]"
https://www.airbnb.com/rooms/35197177,overlap-0066,"[""0bf245d5e6ad4cec"", ""c0832024cd7fc956""]"
https://www.airbnb.com/rooms/35197978,overlap-0066,"[""0bf245d5e6ad4cec"", ""c0832024cd7fc956""]"
https://www.airbnb.com/rooms/35706955,overlap-0066,"[""0bf245d5e6ad4cec"", ""c0832024cd7fc956""]"
https://www.airbnb.com/rooms/35839497,overlap-0066,"[""0bf245d5e6ad4cec"", ""c0832024cd7fc956""]"
https://www.airbnb.com/rooms/44181938,overlap-0066,"[""0bf245d5e6ad4cec"", ""c0832024cd7fc956""]"
https://www.airbnb.com/rooms/48068437,overlap-0066,"[""0bf245d5e6ad4cec"", ""c0832024cd7fc956""]"
https://www.airbnb.com/rooms/50147272,overlap-0066,"[""0bf245d5e6ad4cec"", ""c0832024cd7fc956""]"
https://www.airbnb.com/rooms/50147737,overlap-0066,"[""0bf245d5e6ad4cec"", ""c0832024cd7fc956""]"
https://www.airbnb.com/rooms/800655737587392996,overlap-0066,"[""0bf245d5e6ad4cec"", ""c0832024cd7fc956""]"
https://www.airbnb.com/rooms/811554731268923652,overlap-0066,"[""0bf245d5e6ad4cec"", ""c0832024cd7fc956""]"
https://www.airbnb.com/rooms/833975909088884639,overlap-0066,"[""0bf245d5e6ad4cec"", ""c0832024cd7fc956""]"
https://www.airbnb.com/rooms/835755251155258337,overlap-0066,"[""0bf245d5e6ad4cec"", ""c0832024cd7fc956""]"
https://www.airbnb.com/rooms/844146794787795138,overlap-0066,"[""0bf245d5e6ad4cec"", ""c0832024cd7fc956""]"
https://www.airbnb.com/rooms/884015685065837914,overlap-0066,"[""0bf245d5e6ad4cec"", ""c0832024cd7fc956""]"
https://www.airbnb.com/rooms/893410936138112763,overlap-0066,"[""0bf245d5e6ad4cec"", ""c0832024cd7fc956""]"
https://www.airbnb.com/rooms/897040824294130624,overlap-0066,"[""0bf245d5e6ad4cec"", ""c0832024cd7fc956""]"
https://www.airbnb.com/rooms/914543021341914064,overlap-0066,"[""0bf245d5e6ad4cec"", ""c0832024cd7fc956""]"
https://www.airbnb.com/rooms/939063698006104357,overlap-0066,"[""0bf245d5e6ad4cec"", ""c0832024cd7fc956""]"
https://www.airbnb.com/rooms/1762714119753686209,overlap-0067,"[""0e4a5d364995fe69"", ""3ef6f48dd191ab3c""]"
https://www.airbnb.com/rooms/33442650,overlap-0067,"[""0e4a5d364995fe69"", ""3ef6f48dd191ab3c""]"
https://www.airbnb.com/rooms/687215887081269359,overlap-0067,"[""0e4a5d364995fe69"", ""3ef6f48dd191ab3c""]"
https://www.airbnb.com/rooms/1642933842428120827,overlap-0068,"[""0e4a5d364995fe69"", ""3ef6f48dd191ab3c"", ""de17f9b49104d256"", ""e1495708e8518770"", ""f73692336bd0ee9b""]"
https://www.airbnb.com/rooms/1642933845672095980,overlap-0068,"[""0e4a5d364995fe69"", ""3ef6f48dd191ab3c"", ""de17f9b49104d256"", ""e1495708e8518770"", ""f73692336bd0ee9b""]"
https://www.airbnb.com/rooms/1642933857667308134,overlap-0068,"[""0e4a5d364995fe69"", ""3ef6f48dd191ab3c"", ""de17f9b49104d256"", ""e1495708e8518770"", ""f73692336bd0ee9b""]"
https://www.airbnb.com/rooms/1642933859343533081,overlap-0068,"[""0e4a5d364995fe69"", ""3ef6f48dd191ab3c"", ""de17f9b49104d256"", ""e1495708e8518770"", ""f73692336bd0ee9b""]"
https://www.airbnb.com/rooms/1642933860298258262,overlap-0068,"[""0e4a5d364995fe69"", ""3ef6f48dd191ab3c"", ""de17f9b49104d256"", ""e1495708e8518770"", ""f73692336bd0ee9b""]"
https://www.airbnb.com/rooms/1642933897480229441,overlap-0068,"[""0e4a5d364995fe69"", ""3ef6f48dd191ab3c"", ""de17f9b49104d256"", ""e1495708e8518770"", ""f73692336bd0ee9b""]"
https://www.airbnb.com/rooms/1642933906739316989,overlap-0068,"[""0e4a5d364995fe69"", ""3ef6f48dd191ab3c"", ""de17f9b49104d256"", ""e1495708e8518770"", ""f73692336bd0ee9b""]"
https://www.airbnb.com/rooms/1642933906797859786,overlap-0068,"[""0e4a5d364995fe69"", ""3ef6f48dd191ab3c"", ""de17f9b49104d256"", ""e1495708e8518770"", ""f73692336bd0ee9b""]"
https://www.airbnb.com/rooms/1642933911006998564,overlap-0068,"[""0e4a5d364995fe69"", ""3ef6f48dd191ab3c"", ""de17f9b49104d256"", ""e1495708e8518770"", ""f73692336bd0ee9b""]"
https://www.airbnb.com/rooms/1642933917551693548,overlap-0068,"[""0e4a5d364995fe69"", ""3ef6f48dd191ab3c"", ""de17f9b49104d256"", ""e1495708e8518770"", ""f73692336bd0ee9b""]"
https://www.airbnb.com/rooms/23456146,overlap-0069,"[""0e4a5d364995fe69"", ""3ef6f48dd191ab3c"", ""e1495708e8518770"", ""f73692336bd0ee9b""]"
https://www.airbnb.com/rooms/30266531,overlap-0069,"[""0e4a5d364995fe69"", ""3ef6f48dd191ab3c"", ""e1495708e8518770"", ""f73692336bd0ee9b""]"
https://www.airbnb.com/rooms/1426940894621584329,overlap-0070,"[""113c8b2920a30d40"", ""bd59ea4a843f5886""]"
https://www.airbnb.com/rooms/1488666563079792012,overlap-0070,"[""113c8b2920a30d40"", ""bd59ea4a843f5886""]"
https://www.airbnb.com/rooms/1498734539777844411,overlap-0070,"[""113c8b2920a30d40"", ""bd59ea4a843f5886""]"
https://www.airbnb.com/rooms/1554693360034468421,overlap-0070,"[""113c8b2920a30d40"", ""bd59ea4a843f5886""]"
https://www.airbnb.com/rooms/1608040776727009828,overlap-0070,"[""113c8b2920a30d40"", ""bd59ea4a843f5886""]"
https://www.airbnb.com/rooms/17716286,overlap-0070,"[""113c8b2920a30d40"", ""bd59ea4a843f5886""]"
https://www.airbnb.com/rooms/19522718,overlap-0070,"[""113c8b2920a30d40"", ""bd59ea4a843f5886""]"
https://www.airbnb.com/rooms/21038042,overlap-0070,"[""113c8b2920a30d40"", ""bd59ea4a843f5886""]"
https://www.airbnb.com/rooms/24177810,overlap-0070,"[""113c8b2920a30d40"", ""bd59ea4a843f5886""]"
https://www.airbnb.com/rooms/29261515,overlap-0070,"[""113c8b2920a30d40"", ""bd59ea4a843f5886""]"
https://www.airbnb.com/rooms/36107199,overlap-0070,"[""113c8b2920a30d40"", ""bd59ea4a843f5886""]"
https://www.airbnb.com/rooms/43800126,overlap-0070,"[""113c8b2920a30d40"", ""bd59ea4a843f5886""]"
https://www.airbnb.com/rooms/48507493,overlap-0070,"[""113c8b2920a30d40"", ""bd59ea4a843f5886""]"
https://www.airbnb.com/rooms/48636632,overlap-0070,"[""113c8b2920a30d40"", ""bd59ea4a843f5886""]"
https://www.airbnb.com/rooms/52381461,overlap-0070,"[""113c8b2920a30d40"", ""bd59ea4a843f5886""]"
https://www.airbnb.com/rooms/635462190301637158,overlap-0070,"[""113c8b2920a30d40"", ""bd59ea4a843f5886""]"
https://www.airbnb.com/rooms/665022495289984344,overlap-0070,"[""113c8b2920a30d40"", ""bd59ea4a843f5886""]"
https://www.airbnb.com/rooms/686600792020919162,overlap-0070,"[""113c8b2920a30d40"", ""bd59ea4a843f5886""]"
https://www.airbnb.com/rooms/839120869860606610,overlap-0070,"[""113c8b2920a30d40"", ""bd59ea4a843f5886""]"
https://www.airbnb.com/rooms/1675151579436173597,overlap-0071,"[""113c8b2920a30d40"", ""bd59ea4a843f5886"", ""c93854c0298242ef"", ""dfe727fa505246b0""]"
https://www.airbnb.com/rooms/29705296,overlap-0071,"[""113c8b2920a30d40"", ""bd59ea4a843f5886"", ""c93854c0298242ef"", ""dfe727fa505246b0""]"
https://www.airbnb.com/rooms/685305150853048802,overlap-0072,"[""11e8b6c128315979"", ""1213abaabb477f9a"", ""4bebeeb65a19e391"", ""a12131901e171d9e"", ""aba12012421006a5""]"
https://www.airbnb.com/rooms/685305246759006897,overlap-0072,"[""11e8b6c128315979"", ""1213abaabb477f9a"", ""4bebeeb65a19e391"", ""a12131901e171d9e"", ""aba12012421006a5""]"
https://www.airbnb.com/rooms/685305404463738097,overlap-0072,"[""11e8b6c128315979"", ""1213abaabb477f9a"", ""4bebeeb65a19e391"", ""a12131901e171d9e"", ""aba12012421006a5""]"
https://www.airbnb.com/rooms/685305616354508677,overlap-0072,"[""11e8b6c128315979"", ""1213abaabb477f9a"", ""4bebeeb65a19e391"", ""a12131901e171d9e"", ""aba12012421006a5""]"
https://www.airbnb.com/rooms/852932750735507889,overlap-0072,"[""11e8b6c128315979"", ""1213abaabb477f9a"", ""4bebeeb65a19e391"", ""a12131901e171d9e"", ""aba12012421006a5""]"
https://www.airbnb.com/rooms/852932844233002469,overlap-0072,"[""11e8b6c128315979"", ""1213abaabb477f9a"", ""4bebeeb65a19e391"", ""a12131901e171d9e"", ""aba12012421006a5""]"
https://www.airbnb.com/rooms/852932934105038729,overlap-0072,"[""11e8b6c128315979"", ""1213abaabb477f9a"", ""4bebeeb65a19e391"", ""a12131901e171d9e"", ""aba12012421006a5""]"
https://www.airbnb.com/rooms/852933074337097382,overlap-0072,"[""11e8b6c128315979"", ""1213abaabb477f9a"", ""4bebeeb65a19e391"", ""a12131901e171d9e"", ""aba12012421006a5""]"
https://www.airbnb.com/rooms/852933415069981289,overlap-0072,"[""11e8b6c128315979"", ""1213abaabb477f9a"", ""4bebeeb65a19e391"", ""a12131901e171d9e"", ""aba12012421006a5""]"
https://www.airbnb.com/rooms/852933476593238283,overlap-0072,"[""11e8b6c128315979"", ""1213abaabb477f9a"", ""4bebeeb65a19e391"", ""a12131901e171d9e"", ""aba12012421006a5""]"
https://www.airbnb.com/rooms/852933515598163530,overlap-0072,"[""11e8b6c128315979"", ""1213abaabb477f9a"", ""4bebeeb65a19e391"", ""a12131901e171d9e"", ""aba12012421006a5""]"
https://www.airbnb.com/rooms/852933515931616457,overlap-0072,"[""11e8b6c128315979"", ""1213abaabb477f9a"", ""4bebeeb65a19e391"", ""a12131901e171d9e"", ""aba12012421006a5""]"
https://www.airbnb.com/rooms/852933523553638144,overlap-0072,"[""11e8b6c128315979"", ""1213abaabb477f9a"", ""4bebeeb65a19e391"", ""a12131901e171d9e"", ""aba12012421006a5""]"
https://www.airbnb.com/rooms/852933773367419426,overlap-0072,"[""11e8b6c128315979"", ""1213abaabb477f9a"", ""4bebeeb65a19e391"", ""a12131901e171d9e"", ""aba12012421006a5""]"
https://www.airbnb.com/rooms/1361656316712457862,overlap-0073,"[""11e8b6c128315979"", ""222f9519143a78ae""]"
https://www.airbnb.com/rooms/546227229435183974,overlap-0073,"[""11e8b6c128315979"", ""222f9519143a78ae""]"
https://www.airbnb.com/rooms/723802044035536423,overlap-0073,"[""11e8b6c128315979"", ""222f9519143a78ae""]"
https://www.airbnb.com/rooms/756028699705653891,overlap-0073,"[""11e8b6c128315979"", ""222f9519143a78ae""]"
https://www.airbnb.com/rooms/930477875875537894,overlap-0073,"[""11e8b6c128315979"", ""222f9519143a78ae""]"
https://www.airbnb.com/rooms/934044539300051227,overlap-0073,"[""11e8b6c128315979"", ""222f9519143a78ae""]"
https://www.airbnb.com/rooms/1120338228423731592,overlap-0074,"[""11e8b6c128315979"", ""222f9519143a78ae"", ""a12131901e171d9e""]"
https://www.airbnb.com/rooms/1120911122642373085,overlap-0074,"[""11e8b6c128315979"", ""222f9519143a78ae"", ""a12131901e171d9e""]"
https://www.airbnb.com/rooms/1146654503590214096,overlap-0074,"[""11e8b6c128315979"", ""222f9519143a78ae"", ""a12131901e171d9e""]"
https://www.airbnb.com/rooms/1146654523965886875,overlap-0074,"[""11e8b6c128315979"", ""222f9519143a78ae"", ""a12131901e171d9e""]"
https://www.airbnb.com/rooms/1146666334718347751,overlap-0074,"[""11e8b6c128315979"", ""222f9519143a78ae"", ""a12131901e171d9e""]"
https://www.airbnb.com/rooms/1268894312172265687,overlap-0074,"[""11e8b6c128315979"", ""222f9519143a78ae"", ""a12131901e171d9e""]"
https://www.airbnb.com/rooms/1603787767993688547,overlap-0074,"[""11e8b6c128315979"", ""222f9519143a78ae"", ""a12131901e171d9e""]"
https://www.airbnb.com/rooms/1675410193254117683,overlap-0074,"[""11e8b6c128315979"", ""222f9519143a78ae"", ""a12131901e171d9e""]"
https://www.airbnb.com/rooms/53280840,overlap-0074,"[""11e8b6c128315979"", ""222f9519143a78ae"", ""a12131901e171d9e""]"
https://www.airbnb.com/rooms/685301464188181893,overlap-0074,"[""11e8b6c128315979"", ""222f9519143a78ae"", ""a12131901e171d9e""]"
https://www.airbnb.com/rooms/685303396533297556,overlap-0074,"[""11e8b6c128315979"", ""222f9519143a78ae"", ""a12131901e171d9e""]"
https://www.airbnb.com/rooms/685303570073628133,overlap-0074,"[""11e8b6c128315979"", ""222f9519143a78ae"", ""a12131901e171d9e""]"
https://www.airbnb.com/rooms/685303830646788775,overlap-0074,"[""11e8b6c128315979"", ""222f9519143a78ae"", ""a12131901e171d9e""]"
https://www.airbnb.com/rooms/685303839668013059,overlap-0074,"[""11e8b6c128315979"", ""222f9519143a78ae"", ""a12131901e171d9e""]"
https://www.airbnb.com/rooms/685303918864764924,overlap-0074,"[""11e8b6c128315979"", ""222f9519143a78ae"", ""a12131901e171d9e""]"
https://www.airbnb.com/rooms/685304045598731399,overlap-0074,"[""11e8b6c128315979"", ""222f9519143a78ae"", ""a12131901e171d9e""]"
https://www.airbnb.com/rooms/685304133052740602,overlap-0074,"[""11e8b6c128315979"", ""222f9519143a78ae"", ""a12131901e171d9e""]"
https://www.airbnb.com/rooms/685304235278846952,overlap-0074,"[""11e8b6c128315979"", ""222f9519143a78ae"", ""a12131901e171d9e""]"
https://www.airbnb.com/rooms/685304317747878694,overlap-0074,"[""11e8b6c128315979"", ""222f9519143a78ae"", ""a12131901e171d9e""]"
https://www.airbnb.com/rooms/685304564953510890,overlap-0074,"[""11e8b6c128315979"", ""222f9519143a78ae"", ""a12131901e171d9e""]"
https://www.airbnb.com/rooms/685304689193595127,overlap-0074,"[""11e8b6c128315979"", ""222f9519143a78ae"", ""a12131901e171d9e""]"
https://www.airbnb.com/rooms/685304818371117767,overlap-0074,"[""11e8b6c128315979"", ""222f9519143a78ae"", ""a12131901e171d9e""]"
https://www.airbnb.com/rooms/685306236938875625,overlap-0074,"[""11e8b6c128315979"", ""222f9519143a78ae"", ""a12131901e171d9e""]"
https://www.airbnb.com/rooms/685306333028936874,overlap-0074,"[""11e8b6c128315979"", ""222f9519143a78ae"", ""a12131901e171d9e""]"
https://www.airbnb.com/rooms/685306559369014994,overlap-0074,"[""11e8b6c128315979"", ""222f9519143a78ae"", ""a12131901e171d9e""]"
https://www.airbnb.com/rooms/756023629732844676,overlap-0074,"[""11e8b6c128315979"", ""222f9519143a78ae"", ""a12131901e171d9e""]"
https://www.airbnb.com/rooms/852930566205185207,overlap-0074,"[""11e8b6c128315979"", ""222f9519143a78ae"", ""a12131901e171d9e""]"
https://www.airbnb.com/rooms/852930645861759798,overlap-0074,"[""11e8b6c128315979"", ""222f9519143a78ae"", ""a12131901e171d9e""]"
https://www.airbnb.com/rooms/852930754731109961,overlap-0074,"[""11e8b6c128315979"", ""222f9519143a78ae"", ""a12131901e171d9e""]"
https://www.airbnb.com/rooms/852930845437788694,overlap-0074,"[""11e8b6c128315979"", ""222f9519143a78ae"", ""a12131901e171d9e""]"
https://www.airbnb.com/rooms/852930933852766737,overlap-0074,"[""11e8b6c128315979"", ""222f9519143a78ae"", ""a12131901e171d9e""]"
https://www.airbnb.com/rooms/852931070326406045,overlap-0074,"[""11e8b6c128315979"", ""222f9519143a78ae"", ""a12131901e171d9e""]"
https://www.airbnb.com/rooms/852931123692776858,overlap-0074,"[""11e8b6c128315979"", ""222f9519143a78ae"", ""a12131901e171d9e""]"
https://www.airbnb.com/rooms/852931227608901728,overlap-0074,"[""11e8b6c128315979"", ""222f9519143a78ae"", ""a12131901e171d9e""]"
https://www.airbnb.com/rooms/852931802126098656,overlap-0074,"[""11e8b6c128315979"", ""222f9519143a78ae"", ""a12131901e171d9e""]"
https://www.airbnb.com/rooms/852931893548426246,overlap-0074,"[""11e8b6c128315979"", ""222f9519143a78ae"", ""a12131901e171d9e""]"
https://www.airbnb.com/rooms/852931971052865541,overlap-0074,"[""11e8b6c128315979"", ""222f9519143a78ae"", ""a12131901e171d9e""]"
https://www.airbnb.com/rooms/852932104589841784,overlap-0074,"[""11e8b6c128315979"", ""222f9519143a78ae"", ""a12131901e171d9e""]"
https://www.airbnb.com/rooms/852932156321999752,overlap-0074,"[""11e8b6c128315979"", ""222f9519143a78ae"", ""a12131901e171d9e""]"
https://www.airbnb.com/rooms/852932240335070364,overlap-0074,"[""11e8b6c128315979"", ""222f9519143a78ae"", ""a12131901e171d9e""]"
https://www.airbnb.com/rooms/852932465125529892,overlap-0074,"[""11e8b6c128315979"", ""222f9519143a78ae"", ""a12131901e171d9e""]"
https://www.airbnb.com/rooms/852932646085599816,overlap-0074,"[""11e8b6c128315979"", ""222f9519143a78ae"", ""a12131901e171d9e""]"
https://www.airbnb.com/rooms/922473351486801947,overlap-0074,"[""11e8b6c128315979"", ""222f9519143a78ae"", ""a12131901e171d9e""]"
https://www.airbnb.com/rooms/930499813709435519,overlap-0074,"[""11e8b6c128315979"", ""222f9519143a78ae"", ""a12131901e171d9e""]"
https://www.airbnb.com/rooms/931982836815733103,overlap-0074,"[""11e8b6c128315979"", ""222f9519143a78ae"", ""a12131901e171d9e""]"
https://www.airbnb.com/rooms/938601614459220895,overlap-0074,"[""11e8b6c128315979"", ""222f9519143a78ae"", ""a12131901e171d9e""]"
https://www.airbnb.com/rooms/1011324059982537670,overlap-0075,"[""11e8b6c128315979"", ""4bebeeb65a19e391"", ""a12131901e171d9e"", ""aba12012421006a5""]"
https://www.airbnb.com/rooms/1372789211796039806,overlap-0075,"[""11e8b6c128315979"", ""4bebeeb65a19e391"", ""a12131901e171d9e"", ""aba12012421006a5""]"
https://www.airbnb.com/rooms/1478565411916688692,overlap-0075,"[""11e8b6c128315979"", ""4bebeeb65a19e391"", ""a12131901e171d9e"", ""aba12012421006a5""]"
https://www.airbnb.com/rooms/1478565940477752766,overlap-0075,"[""11e8b6c128315979"", ""4bebeeb65a19e391"", ""a12131901e171d9e"", ""aba12012421006a5""]"
https://www.airbnb.com/rooms/1478566462969358885,overlap-0075,"[""11e8b6c128315979"", ""4bebeeb65a19e391"", ""a12131901e171d9e"", ""aba12012421006a5""]"
https://www.airbnb.com/rooms/1478566995126543211,overlap-0075,"[""11e8b6c128315979"", ""4bebeeb65a19e391"", ""a12131901e171d9e"", ""aba12012421006a5""]"
https://www.airbnb.com/rooms/1478567516946339790,overlap-0075,"[""11e8b6c128315979"", ""4bebeeb65a19e391"", ""a12131901e171d9e"", ""aba12012421006a5""]"
https://www.airbnb.com/rooms/1478569083305120298,overlap-0075,"[""11e8b6c128315979"", ""4bebeeb65a19e391"", ""a12131901e171d9e"", ""aba12012421006a5""]"
https://www.airbnb.com/rooms/1478570000911970794,overlap-0075,"[""11e8b6c128315979"", ""4bebeeb65a19e391"", ""a12131901e171d9e"", ""aba12012421006a5""]"
https://www.airbnb.com/rooms/1478570890060902512,overlap-0075,"[""11e8b6c128315979"", ""4bebeeb65a19e391"", ""a12131901e171d9e"", ""aba12012421006a5""]"
https://www.airbnb.com/rooms/1478571475365038070,overlap-0075,"[""11e8b6c128315979"", ""4bebeeb65a19e391"", ""a12131901e171d9e"", ""aba12012421006a5""]"
https://www.airbnb.com/rooms/1478571766511364655,overlap-0075,"[""11e8b6c128315979"", ""4bebeeb65a19e391"", ""a12131901e171d9e"", ""aba12012421006a5""]"
https://www.airbnb.com/rooms/1478573351425833512,overlap-0075,"[""11e8b6c128315979"", ""4bebeeb65a19e391"", ""a12131901e171d9e"", ""aba12012421006a5""]"
https://www.airbnb.com/rooms/1478573542435303526,overlap-0075,"[""11e8b6c128315979"", ""4bebeeb65a19e391"", ""a12131901e171d9e"", ""aba12012421006a5""]"
https://www.airbnb.com/rooms/1478573974526284331,overlap-0075,"[""11e8b6c128315979"", ""4bebeeb65a19e391"", ""a12131901e171d9e"", ""aba12012421006a5""]"
https://www.airbnb.com/rooms/1478574087897736438,overlap-0075,"[""11e8b6c128315979"", ""4bebeeb65a19e391"", ""a12131901e171d9e"", ""aba12012421006a5""]"
https://www.airbnb.com/rooms/1478574498049613271,overlap-0075,"[""11e8b6c128315979"", ""4bebeeb65a19e391"", ""a12131901e171d9e"", ""aba12012421006a5""]"
https://www.airbnb.com/rooms/1478575734117309442,overlap-0075,"[""11e8b6c128315979"", ""4bebeeb65a19e391"", ""a12131901e171d9e"", ""aba12012421006a5""]"
https://www.airbnb.com/rooms/1478575801382744555,overlap-0075,"[""11e8b6c128315979"", ""4bebeeb65a19e391"", ""a12131901e171d9e"", ""aba12012421006a5""]"
https://www.airbnb.com/rooms/1478576354998544758,overlap-0075,"[""11e8b6c128315979"", ""4bebeeb65a19e391"", ""a12131901e171d9e"", ""aba12012421006a5""]"
https://www.airbnb.com/rooms/1478576358230694577,overlap-0075,"[""11e8b6c128315979"", ""4bebeeb65a19e391"", ""a12131901e171d9e"", ""aba12012421006a5""]"
https://www.airbnb.com/rooms/1478576903102449902,overlap-0075,"[""11e8b6c128315979"", ""4bebeeb65a19e391"", ""a12131901e171d9e"", ""aba12012421006a5""]"
https://www.airbnb.com/rooms/1724237653134958692,overlap-0075,"[""11e8b6c128315979"", ""4bebeeb65a19e391"", ""a12131901e171d9e"", ""aba12012421006a5""]"
https://www.airbnb.com/rooms/20119896,overlap-0075,"[""11e8b6c128315979"", ""4bebeeb65a19e391"", ""a12131901e171d9e"", ""aba12012421006a5""]"
https://www.airbnb.com/rooms/20120341,overlap-0075,"[""11e8b6c128315979"", ""4bebeeb65a19e391"", ""a12131901e171d9e"", ""aba12012421006a5""]"
https://www.airbnb.com/rooms/20120538,overlap-0075,"[""11e8b6c128315979"", ""4bebeeb65a19e391"", ""a12131901e171d9e"", ""aba12012421006a5""]"
https://www.airbnb.com/rooms/20120787,overlap-0075,"[""11e8b6c128315979"", ""4bebeeb65a19e391"", ""a12131901e171d9e"", ""aba12012421006a5""]"
https://www.airbnb.com/rooms/45053579,overlap-0075,"[""11e8b6c128315979"", ""4bebeeb65a19e391"", ""a12131901e171d9e"", ""aba12012421006a5""]"
https://www.airbnb.com/rooms/45421949,overlap-0075,"[""11e8b6c128315979"", ""4bebeeb65a19e391"", ""a12131901e171d9e"", ""aba12012421006a5""]"
https://www.airbnb.com/rooms/45421980,overlap-0075,"[""11e8b6c128315979"", ""4bebeeb65a19e391"", ""a12131901e171d9e"", ""aba12012421006a5""]"
https://www.airbnb.com/rooms/46063272,overlap-0075,"[""11e8b6c128315979"", ""4bebeeb65a19e391"", ""a12131901e171d9e"", ""aba12012421006a5""]"
https://www.airbnb.com/rooms/47199116,overlap-0075,"[""11e8b6c128315979"", ""4bebeeb65a19e391"", ""a12131901e171d9e"", ""aba12012421006a5""]"
https://www.airbnb.com/rooms/47952814,overlap-0075,"[""11e8b6c128315979"", ""4bebeeb65a19e391"", ""a12131901e171d9e"", ""aba12012421006a5""]"
https://www.airbnb.com/rooms/48094468,overlap-0075,"[""11e8b6c128315979"", ""4bebeeb65a19e391"", ""a12131901e171d9e"", ""aba12012421006a5""]"
https://www.airbnb.com/rooms/53279666,overlap-0075,"[""11e8b6c128315979"", ""4bebeeb65a19e391"", ""a12131901e171d9e"", ""aba12012421006a5""]"
https://www.airbnb.com/rooms/808660580178892465,overlap-0075,"[""11e8b6c128315979"", ""4bebeeb65a19e391"", ""a12131901e171d9e"", ""aba12012421006a5""]"
https://www.airbnb.com/rooms/811665206802034711,overlap-0075,"[""11e8b6c128315979"", ""4bebeeb65a19e391"", ""a12131901e171d9e"", ""aba12012421006a5""]"
https://www.airbnb.com/rooms/811670073503224867,overlap-0075,"[""11e8b6c128315979"", ""4bebeeb65a19e391"", ""a12131901e171d9e"", ""aba12012421006a5""]"
https://www.airbnb.com/rooms/1114491506230505821,overlap-0076,"[""11e8b6c128315979"", ""a12131901e171d9e""]"
https://www.airbnb.com/rooms/1185426623299195438,overlap-0076,"[""11e8b6c128315979"", ""a12131901e171d9e""]"
https://www.airbnb.com/rooms/1311618426687608305,overlap-0076,"[""11e8b6c128315979"", ""a12131901e171d9e""]"
https://www.airbnb.com/rooms/1311619729268088993,overlap-0076,"[""11e8b6c128315979"", ""a12131901e171d9e""]"
https://www.airbnb.com/rooms/1354388284746293476,overlap-0076,"[""11e8b6c128315979"", ""a12131901e171d9e""]"
https://www.airbnb.com/rooms/1360176608598299207,overlap-0076,"[""11e8b6c128315979"", ""a12131901e171d9e""]"
https://www.airbnb.com/rooms/1363956623062907063,overlap-0076,"[""11e8b6c128315979"", ""a12131901e171d9e""]"
https://www.airbnb.com/rooms/1381145652190572552,overlap-0076,"[""11e8b6c128315979"", ""a12131901e171d9e""]"
https://www.airbnb.com/rooms/1384464164204002465,overlap-0076,"[""11e8b6c128315979"", ""a12131901e171d9e""]"
https://www.airbnb.com/rooms/1417418002307816999,overlap-0076,"[""11e8b6c128315979"", ""a12131901e171d9e""]"
https://www.airbnb.com/rooms/1417419908196342532,overlap-0076,"[""11e8b6c128315979"", ""a12131901e171d9e""]"
https://www.airbnb.com/rooms/1597278396328738359,overlap-0076,"[""11e8b6c128315979"", ""a12131901e171d9e""]"
https://www.airbnb.com/rooms/1597278741220185696,overlap-0076,"[""11e8b6c128315979"", ""a12131901e171d9e""]"
https://www.airbnb.com/rooms/1597281117221872870,overlap-0076,"[""11e8b6c128315979"", ""a12131901e171d9e""]"
https://www.airbnb.com/rooms/1597360194479092323,overlap-0076,"[""11e8b6c128315979"", ""a12131901e171d9e""]"
https://www.airbnb.com/rooms/1599916792778618935,overlap-0076,"[""11e8b6c128315979"", ""a12131901e171d9e""]"
https://www.airbnb.com/rooms/1623366833810407425,overlap-0076,"[""11e8b6c128315979"", ""a12131901e171d9e""]"
https://www.airbnb.com/rooms/1632734356876985087,overlap-0076,"[""11e8b6c128315979"", ""a12131901e171d9e""]"
https://www.airbnb.com/rooms/1677184322452485280,overlap-0076,"[""11e8b6c128315979"", ""a12131901e171d9e""]"
https://www.airbnb.com/rooms/1678470082414835358,overlap-0076,"[""11e8b6c128315979"", ""a12131901e171d9e""]"
https://www.airbnb.com/rooms/1724238841562844055,overlap-0076,"[""11e8b6c128315979"", ""a12131901e171d9e""]"
https://www.airbnb.com/rooms/1742339874327601980,overlap-0076,"[""11e8b6c128315979"", ""a12131901e171d9e""]"
https://www.airbnb.com/rooms/1770318361361783239,overlap-0076,"[""11e8b6c128315979"", ""a12131901e171d9e""]"
https://www.airbnb.com/rooms/30532841,overlap-0076,"[""11e8b6c128315979"", ""a12131901e171d9e""]"
https://www.airbnb.com/rooms/45242131,overlap-0076,"[""11e8b6c128315979"", ""a12131901e171d9e""]"
https://www.airbnb.com/rooms/46199482,overlap-0076,"[""11e8b6c128315979"", ""a12131901e171d9e""]"
https://www.airbnb.com/rooms/46563697,overlap-0076,"[""11e8b6c128315979"", ""a12131901e171d9e""]"
https://www.airbnb.com/rooms/47198794,overlap-0076,"[""11e8b6c128315979"", ""a12131901e171d9e""]"
https://www.airbnb.com/rooms/47562014,overlap-0076,"[""11e8b6c128315979"", ""a12131901e171d9e""]"
https://www.airbnb.com/rooms/47562546,overlap-0076,"[""11e8b6c128315979"", ""a12131901e171d9e""]"
https://www.airbnb.com/rooms/47562699,overlap-0076,"[""11e8b6c128315979"", ""a12131901e171d9e""]"
https://www.airbnb.com/rooms/47869663,overlap-0076,"[""11e8b6c128315979"", ""a12131901e171d9e""]"
https://www.airbnb.com/rooms/50587698,overlap-0076,"[""11e8b6c128315979"", ""a12131901e171d9e""]"
https://www.airbnb.com/rooms/50793104,overlap-0076,"[""11e8b6c128315979"", ""a12131901e171d9e""]"
https://www.airbnb.com/rooms/52026308,overlap-0076,"[""11e8b6c128315979"", ""a12131901e171d9e""]"
https://www.airbnb.com/rooms/52734144,overlap-0076,"[""11e8b6c128315979"", ""a12131901e171d9e""]"
https://www.airbnb.com/rooms/53279608,overlap-0076,"[""11e8b6c128315979"", ""a12131901e171d9e""]"
https://www.airbnb.com/rooms/667480630504382142,overlap-0076,"[""11e8b6c128315979"", ""a12131901e171d9e""]"
https://www.airbnb.com/rooms/687069561481679611,overlap-0076,"[""11e8b6c128315979"", ""a12131901e171d9e""]"
https://www.airbnb.com/rooms/714514289325764900,overlap-0076,"[""11e8b6c128315979"", ""a12131901e171d9e""]"
https://www.airbnb.com/rooms/714514448444993790,overlap-0076,"[""11e8b6c128315979"", ""a12131901e171d9e""]"
https://www.airbnb.com/rooms/714514768889468294,overlap-0076,"[""11e8b6c128315979"", ""a12131901e171d9e""]"
https://www.airbnb.com/rooms/714515886767087348,overlap-0076,"[""11e8b6c128315979"", ""a12131901e171d9e""]"
https://www.airbnb.com/rooms/714516747301569306,overlap-0076,"[""11e8b6c128315979"", ""a12131901e171d9e""]"
https://www.airbnb.com/rooms/714517073269906235,overlap-0076,"[""11e8b6c128315979"", ""a12131901e171d9e""]"
https://www.airbnb.com/rooms/714518517219836702,overlap-0076,"[""11e8b6c128315979"", ""a12131901e171d9e""]"
https://www.airbnb.com/rooms/714518676400110151,overlap-0076,"[""11e8b6c128315979"", ""a12131901e171d9e""]"
https://www.airbnb.com/rooms/714518836041578654,overlap-0076,"[""11e8b6c128315979"", ""a12131901e171d9e""]"
https://www.airbnb.com/rooms/714519476195323926,overlap-0076,"[""11e8b6c128315979"", ""a12131901e171d9e""]"
https://www.airbnb.com/rooms/716352410159058788,overlap-0076,"[""11e8b6c128315979"", ""a12131901e171d9e""]"
https://www.airbnb.com/rooms/716355352287995494,overlap-0076,"[""11e8b6c128315979"", ""a12131901e171d9e""]"
https://www.airbnb.com/rooms/716355728875158511,overlap-0076,"[""11e8b6c128315979"", ""a12131901e171d9e""]"
https://www.airbnb.com/rooms/716355932529157274,overlap-0076,"[""11e8b6c128315979"", ""a12131901e171d9e""]"
https://www.airbnb.com/rooms/716356965537946558,overlap-0076,"[""11e8b6c128315979"", ""a12131901e171d9e""]"
https://www.airbnb.com/rooms/716357351688949868,overlap-0076,"[""11e8b6c128315979"", ""a12131901e171d9e""]"
https://www.airbnb.com/rooms/716357541269625048,overlap-0076,"[""11e8b6c128315979"", ""a12131901e171d9e""]"
https://www.airbnb.com/rooms/716357728897376550,overlap-0076,"[""11e8b6c128315979"", ""a12131901e171d9e""]"
https://www.airbnb.com/rooms/716357918666645761,overlap-0076,"[""11e8b6c128315979"", ""a12131901e171d9e""]"
https://www.airbnb.com/rooms/716358107498292783,overlap-0076,"[""11e8b6c128315979"", ""a12131901e171d9e""]"
https://www.airbnb.com/rooms/716359198407360810,overlap-0076,"[""11e8b6c128315979"", ""a12131901e171d9e""]"
https://www.airbnb.com/rooms/716359976578891058,overlap-0076,"[""11e8b6c128315979"", ""a12131901e171d9e""]"
https://www.airbnb.com/rooms/716360174306734230,overlap-0076,"[""11e8b6c128315979"", ""a12131901e171d9e""]"
https://www.airbnb.com/rooms/716360567068549242,overlap-0076,"[""11e8b6c128315979"", ""a12131901e171d9e""]"
https://www.airbnb.com/rooms/723805374154864164,overlap-0076,"[""11e8b6c128315979"", ""a12131901e171d9e""]"
https://www.airbnb.com/rooms/756018762518846458,overlap-0076,"[""11e8b6c128315979"", ""a12131901e171d9e""]"
https://www.airbnb.com/rooms/756022165345239374,overlap-0076,"[""11e8b6c128315979"", ""a12131901e171d9e""]"
https://www.airbnb.com/rooms/811668985635634695,overlap-0076,"[""11e8b6c128315979"", ""a12131901e171d9e""]"
https://www.airbnb.com/rooms/932520266115259282,overlap-0076,"[""11e8b6c128315979"", ""a12131901e171d9e""]"
https://www.airbnb.com/rooms/1403061116560166023,overlap-0077,"[""1213abaabb477f9a"", ""4bebeeb65a19e391"", ""aba12012421006a5""]"
https://www.airbnb.com/rooms/1025583813828432149,overlap-0078,"[""1461d72f91efd222"", ""39ec27d1e1a00f12"", ""41ee8a2e28f9d0bb"", ""4f5220b19b4f6ee8"", ""b2a2cd97066a8a5f"", ""dbc0cbbbbe8059c2"", ""e1e7eb7530dfd0d2""]"
https://www.airbnb.com/rooms/1382087608726755118,overlap-0078,"[""1461d72f91efd222"", ""39ec27d1e1a00f12"", ""41ee8a2e28f9d0bb"", ""4f5220b19b4f6ee8"", ""b2a2cd97066a8a5f"", ""dbc0cbbbbe8059c2"", ""e1e7eb7530dfd0d2""]"
https://www.airbnb.com/rooms/1603083444254507342,overlap-0078,"[""1461d72f91efd222"", ""39ec27d1e1a00f12"", ""41ee8a2e28f9d0bb"", ""4f5220b19b4f6ee8"", ""b2a2cd97066a8a5f"", ""dbc0cbbbbe8059c2"", ""e1e7eb7530dfd0d2""]"
https://www.airbnb.com/rooms/22264807,overlap-0078,"[""1461d72f91efd222"", ""39ec27d1e1a00f12"", ""41ee8a2e28f9d0bb"", ""4f5220b19b4f6ee8"", ""b2a2cd97066a8a5f"", ""dbc0cbbbbe8059c2"", ""e1e7eb7530dfd0d2""]"
https://www.airbnb.com/rooms/14451137,overlap-0079,"[""1461d72f91efd222"", ""39ec27d1e1a00f12"", ""41ee8a2e28f9d0bb"", ""b2a2cd97066a8a5f"", ""e1e7eb7530dfd0d2""]"
https://www.airbnb.com/rooms/31337234,overlap-0079,"[""1461d72f91efd222"", ""39ec27d1e1a00f12"", ""41ee8a2e28f9d0bb"", ""b2a2cd97066a8a5f"", ""e1e7eb7530dfd0d2""]"
https://www.airbnb.com/rooms/44336389,overlap-0080,"[""1461d72f91efd222"", ""39ec27d1e1a00f12"", ""4f5220b19b4f6ee8"", ""b2a2cd97066a8a5f""]"
https://www.airbnb.com/rooms/44378841,overlap-0080,"[""1461d72f91efd222"", ""39ec27d1e1a00f12"", ""4f5220b19b4f6ee8"", ""b2a2cd97066a8a5f""]"
https://www.airbnb.com/rooms/44388642,overlap-0080,"[""1461d72f91efd222"", ""39ec27d1e1a00f12"", ""4f5220b19b4f6ee8"", ""b2a2cd97066a8a5f""]"
https://www.airbnb.com/rooms/44390771,overlap-0080,"[""1461d72f91efd222"", ""39ec27d1e1a00f12"", ""4f5220b19b4f6ee8"", ""b2a2cd97066a8a5f""]"
https://www.airbnb.com/rooms/44390779,overlap-0080,"[""1461d72f91efd222"", ""39ec27d1e1a00f12"", ""4f5220b19b4f6ee8"", ""b2a2cd97066a8a5f""]"
https://www.airbnb.com/rooms/44390823,overlap-0080,"[""1461d72f91efd222"", ""39ec27d1e1a00f12"", ""4f5220b19b4f6ee8"", ""b2a2cd97066a8a5f""]"
https://www.airbnb.com/rooms/44390835,overlap-0080,"[""1461d72f91efd222"", ""39ec27d1e1a00f12"", ""4f5220b19b4f6ee8"", ""b2a2cd97066a8a5f""]"
https://www.airbnb.com/rooms/44390858,overlap-0080,"[""1461d72f91efd222"", ""39ec27d1e1a00f12"", ""4f5220b19b4f6ee8"", ""b2a2cd97066a8a5f""]"
https://www.airbnb.com/rooms/49775860,overlap-0081,"[""1461d72f91efd222"", ""39ec27d1e1a00f12"", ""b2a2cd97066a8a5f""]"
https://www.airbnb.com/rooms/1231221212115753002,overlap-0082,"[""1461d72f91efd222"", ""41ee8a2e28f9d0bb"", ""4f5220b19b4f6ee8"", ""dbc0cbbbbe8059c2""]"
https://www.airbnb.com/rooms/1690135947021562662,overlap-0082,"[""1461d72f91efd222"", ""41ee8a2e28f9d0bb"", ""4f5220b19b4f6ee8"", ""dbc0cbbbbe8059c2""]"
https://www.airbnb.com/rooms/1728676608929331894,overlap-0082,"[""1461d72f91efd222"", ""41ee8a2e28f9d0bb"", ""4f5220b19b4f6ee8"", ""dbc0cbbbbe8059c2""]"
https://www.airbnb.com/rooms/2261942,overlap-0082,"[""1461d72f91efd222"", ""41ee8a2e28f9d0bb"", ""4f5220b19b4f6ee8"", ""dbc0cbbbbe8059c2""]"
https://www.airbnb.com/rooms/8825862,overlap-0082,"[""1461d72f91efd222"", ""41ee8a2e28f9d0bb"", ""4f5220b19b4f6ee8"", ""dbc0cbbbbe8059c2""]"
https://www.airbnb.com/rooms/1397274481902181470,overlap-0083,"[""1461d72f91efd222"", ""4f5220b19b4f6ee8""]"
https://www.airbnb.com/rooms/1397274889667392019,overlap-0083,"[""1461d72f91efd222"", ""4f5220b19b4f6ee8""]"
https://www.airbnb.com/rooms/1397276060757124341,overlap-0083,"[""1461d72f91efd222"", ""4f5220b19b4f6ee8""]"
https://www.airbnb.com/rooms/1397276393328667420,overlap-0083,"[""1461d72f91efd222"", ""4f5220b19b4f6ee8""]"
https://www.airbnb.com/rooms/1401644294178486965,overlap-0083,"[""1461d72f91efd222"", ""4f5220b19b4f6ee8""]"
https://www.airbnb.com/rooms/21052820,overlap-0083,"[""1461d72f91efd222"", ""4f5220b19b4f6ee8""]"
https://www.airbnb.com/rooms/43323396,overlap-0083,"[""1461d72f91efd222"", ""4f5220b19b4f6ee8""]"
https://www.airbnb.com/rooms/43345509,overlap-0083,"[""1461d72f91efd222"", ""4f5220b19b4f6ee8""]"
https://www.airbnb.com/rooms/43345609,overlap-0083,"[""1461d72f91efd222"", ""4f5220b19b4f6ee8""]"
https://www.airbnb.com/rooms/45454692,overlap-0083,"[""1461d72f91efd222"", ""4f5220b19b4f6ee8""]"
https://www.airbnb.com/rooms/53386412,overlap-0083,"[""1461d72f91efd222"", ""4f5220b19b4f6ee8""]"
https://www.airbnb.com/rooms/878184138650620920,overlap-0083,"[""1461d72f91efd222"", ""4f5220b19b4f6ee8""]"
https://www.airbnb.com/rooms/882148851247461607,overlap-0083,"[""1461d72f91efd222"", ""4f5220b19b4f6ee8""]"
https://www.airbnb.com/rooms/1008688651557147708,overlap-0084,"[""1461d72f91efd222"", ""4f5220b19b4f6ee8"", ""5954c714369f759e"", ""e17836ece552b053""]"
https://www.airbnb.com/rooms/14555251,overlap-0084,"[""1461d72f91efd222"", ""4f5220b19b4f6ee8"", ""5954c714369f759e"", ""e17836ece552b053""]"
https://www.airbnb.com/rooms/1685620306234134815,overlap-0084,"[""1461d72f91efd222"", ""4f5220b19b4f6ee8"", ""5954c714369f759e"", ""e17836ece552b053""]"
https://www.airbnb.com/rooms/24080943,overlap-0084,"[""1461d72f91efd222"", ""4f5220b19b4f6ee8"", ""5954c714369f759e"", ""e17836ece552b053""]"
https://www.airbnb.com/rooms/959402459680978570,overlap-0084,"[""1461d72f91efd222"", ""4f5220b19b4f6ee8"", ""5954c714369f759e"", ""e17836ece552b053""]"
https://www.airbnb.com/rooms/1039087592593288601,overlap-0085,"[""1461d72f91efd222"", ""4f5220b19b4f6ee8"", ""c0832024cd7fc956""]"
https://www.airbnb.com/rooms/1355157690994722669,overlap-0085,"[""1461d72f91efd222"", ""4f5220b19b4f6ee8"", ""c0832024cd7fc956""]"
https://www.airbnb.com/rooms/25886612,overlap-0085,"[""1461d72f91efd222"", ""4f5220b19b4f6ee8"", ""c0832024cd7fc956""]"
https://www.airbnb.com/rooms/37290926,overlap-0085,"[""1461d72f91efd222"", ""4f5220b19b4f6ee8"", ""c0832024cd7fc956""]"
https://www.airbnb.com/rooms/37559742,overlap-0085,"[""1461d72f91efd222"", ""4f5220b19b4f6ee8"", ""c0832024cd7fc956""]"
https://www.airbnb.com/rooms/663643442723977949,overlap-0085,"[""1461d72f91efd222"", ""4f5220b19b4f6ee8"", ""c0832024cd7fc956""]"
https://www.airbnb.com/rooms/9403958,overlap-0086,"[""15013ff465906ec1"", ""1cea6a29bdf23f61"", ""48f5dbd22dcdcc25""]"
https://www.airbnb.com/rooms/14417382,overlap-0087,"[""15013ff465906ec1"", ""1cea6a29bdf23f61"", ""48f5dbd22dcdcc25"", ""748fa7a260745e97""]"
https://www.airbnb.com/rooms/49770583,overlap-0087,"[""15013ff465906ec1"", ""1cea6a29bdf23f61"", ""48f5dbd22dcdcc25"", ""748fa7a260745e97""]"
https://www.airbnb.com/rooms/559225409406159053,overlap-0087,"[""15013ff465906ec1"", ""1cea6a29bdf23f61"", ""48f5dbd22dcdcc25"", ""748fa7a260745e97""]"
https://www.airbnb.com/rooms/10234851,overlap-0088,"[""15013ff465906ec1"", ""1cea6a29bdf23f61"", ""748fa7a260745e97""]"
https://www.airbnb.com/rooms/18133636,overlap-0089,"[""15013ff465906ec1"", ""1cea6a29bdf23f61"", ""748fa7a260745e97"", ""753d381f3e1dc100""]"
https://www.airbnb.com/rooms/1589735328089902341,overlap-0090,"[""15013ff465906ec1"", ""48f5dbd22dcdcc25"", ""bb5191d1d8f68601"", ""e4fb98ec0c223725""]"
https://www.airbnb.com/rooms/1241304822861400514,overlap-0091,"[""15013ff465906ec1"", ""bb5191d1d8f68601""]"
https://www.airbnb.com/rooms/1255252686745599473,overlap-0091,"[""15013ff465906ec1"", ""bb5191d1d8f68601""]"
https://www.airbnb.com/rooms/9776337,overlap-0091,"[""15013ff465906ec1"", ""bb5191d1d8f68601""]"
https://www.airbnb.com/rooms/38237923,overlap-0092,"[""168a459fe283ef00"", ""3ac356299083fc68""]"
https://www.airbnb.com/rooms/827910209909116677,overlap-0092,"[""168a459fe283ef00"", ""3ac356299083fc68""]"
https://www.airbnb.com/rooms/975612732887272806,overlap-0092,"[""168a459fe283ef00"", ""3ac356299083fc68""]"
https://www.airbnb.com/rooms/1039766953929426065,overlap-0093,"[""168a459fe283ef00"", ""3ac356299083fc68"", ""748dc410023c720b""]"
https://www.airbnb.com/rooms/1175524394009585983,overlap-0093,"[""168a459fe283ef00"", ""3ac356299083fc68"", ""748dc410023c720b""]"
https://www.airbnb.com/rooms/618268386963911834,overlap-0093,"[""168a459fe283ef00"", ""3ac356299083fc68"", ""748dc410023c720b""]"
https://www.airbnb.com/rooms/42192462,overlap-0094,"[""168a459fe283ef00"", ""3ac356299083fc68"", ""8a38d23afc99f71b"", ""a58bd3a96204124e""]"
https://www.airbnb.com/rooms/16635019,overlap-0095,"[""168a459fe283ef00"", ""a58bd3a96204124e""]"
https://www.airbnb.com/rooms/16945346,overlap-0095,"[""168a459fe283ef00"", ""a58bd3a96204124e""]"
https://www.airbnb.com/rooms/1750350551324126176,overlap-0095,"[""168a459fe283ef00"", ""a58bd3a96204124e""]"
https://www.airbnb.com/rooms/1750358113566027073,overlap-0095,"[""168a459fe283ef00"", ""a58bd3a96204124e""]"
https://www.airbnb.com/rooms/37405183,overlap-0095,"[""168a459fe283ef00"", ""a58bd3a96204124e""]"
https://www.airbnb.com/rooms/702211166036634157,overlap-0095,"[""168a459fe283ef00"", ""a58bd3a96204124e""]"
https://www.airbnb.com/rooms/7805346,overlap-0095,"[""168a459fe283ef00"", ""a58bd3a96204124e""]"
https://www.airbnb.com/rooms/1198841057184102919,overlap-0096,"[""168a459fe283ef00"", ""a58bd3a96204124e"", ""b24bf8b6e559ca40""]"
https://www.airbnb.com/rooms/1626967789562343620,overlap-0096,"[""168a459fe283ef00"", ""a58bd3a96204124e"", ""b24bf8b6e559ca40""]"
https://www.airbnb.com/rooms/51985103,overlap-0096,"[""168a459fe283ef00"", ""a58bd3a96204124e"", ""b24bf8b6e559ca40""]"
https://www.airbnb.com/rooms/22772121,overlap-0097,"[""168a459fe283ef00"", ""b24bf8b6e559ca40""]"
https://www.airbnb.com/rooms/50675716,overlap-0097,"[""168a459fe283ef00"", ""b24bf8b6e559ca40""]"
https://www.airbnb.com/rooms/12345794,overlap-0098,"[""1813866f093f8e74"", ""587398cfd2069bfa"", ""986af307665ba993"", ""bec3bb2a4f9abe22""]"
https://www.airbnb.com/rooms/1464536864820366936,overlap-0098,"[""1813866f093f8e74"", ""587398cfd2069bfa"", ""986af307665ba993"", ""bec3bb2a4f9abe22""]"
https://www.airbnb.com/rooms/798024088550324209,overlap-0098,"[""1813866f093f8e74"", ""587398cfd2069bfa"", ""986af307665ba993"", ""bec3bb2a4f9abe22""]"
https://www.airbnb.com/rooms/874624306638678160,overlap-0099,"[""1813866f093f8e74"", ""5b264a9350e3da6f""]"
https://www.airbnb.com/rooms/1142272565424683687,overlap-0100,"[""1813866f093f8e74"", ""986af307665ba993""]"
https://www.airbnb.com/rooms/1189919724514559514,overlap-0100,"[""1813866f093f8e74"", ""986af307665ba993""]"
https://www.airbnb.com/rooms/23627435,overlap-0100,"[""1813866f093f8e74"", ""986af307665ba993""]"
https://www.airbnb.com/rooms/878164311169534134,overlap-0100,"[""1813866f093f8e74"", ""986af307665ba993""]"
https://www.airbnb.com/rooms/1099437570048409516,overlap-0101,"[""1813866f093f8e74"", ""bec3bb2a4f9abe22""]"
https://www.airbnb.com/rooms/1299452088480641097,overlap-0101,"[""1813866f093f8e74"", ""bec3bb2a4f9abe22""]"
https://www.airbnb.com/rooms/1344321219710976344,overlap-0101,"[""1813866f093f8e74"", ""bec3bb2a4f9abe22""]"
https://www.airbnb.com/rooms/1487588597398068594,overlap-0101,"[""1813866f093f8e74"", ""bec3bb2a4f9abe22""]"
https://www.airbnb.com/rooms/1529099860077784995,overlap-0101,"[""1813866f093f8e74"", ""bec3bb2a4f9abe22""]"
https://www.airbnb.com/rooms/1529936900843748821,overlap-0101,"[""1813866f093f8e74"", ""bec3bb2a4f9abe22""]"
https://www.airbnb.com/rooms/1737431449128189397,overlap-0101,"[""1813866f093f8e74"", ""bec3bb2a4f9abe22""]"
https://www.airbnb.com/rooms/1737841599477056888,overlap-0101,"[""1813866f093f8e74"", ""bec3bb2a4f9abe22""]"
https://www.airbnb.com/rooms/31334513,overlap-0101,"[""1813866f093f8e74"", ""bec3bb2a4f9abe22""]"
https://www.airbnb.com/rooms/812185184147927334,overlap-0101,"[""1813866f093f8e74"", ""bec3bb2a4f9abe22""]"
https://www.airbnb.com/rooms/1572588608492505003,overlap-0102,"[""1813866f093f8e74"", ""d46bc721e229d901""]"
https://www.airbnb.com/rooms/1027001149984495755,overlap-0103,"[""19d204f15f961568"", ""45a304d2816fea52"", ""639947662b8b59f9"", ""79a0b85430e711c7""]"
https://www.airbnb.com/rooms/1063086238930632365,overlap-0103,"[""19d204f15f961568"", ""45a304d2816fea52"", ""639947662b8b59f9"", ""79a0b85430e711c7""]"
https://www.airbnb.com/rooms/1126041475475275573,overlap-0103,"[""19d204f15f961568"", ""45a304d2816fea52"", ""639947662b8b59f9"", ""79a0b85430e711c7""]"
https://www.airbnb.com/rooms/1126051316011963379,overlap-0103,"[""19d204f15f961568"", ""45a304d2816fea52"", ""639947662b8b59f9"", ""79a0b85430e711c7""]"
https://www.airbnb.com/rooms/1227029227404577801,overlap-0103,"[""19d204f15f961568"", ""45a304d2816fea52"", ""639947662b8b59f9"", ""79a0b85430e711c7""]"
https://www.airbnb.com/rooms/1237239481995131707,overlap-0103,"[""19d204f15f961568"", ""45a304d2816fea52"", ""639947662b8b59f9"", ""79a0b85430e711c7""]"
https://www.airbnb.com/rooms/1237247366050483163,overlap-0103,"[""19d204f15f961568"", ""45a304d2816fea52"", ""639947662b8b59f9"", ""79a0b85430e711c7""]"
https://www.airbnb.com/rooms/1237670439440466395,overlap-0103,"[""19d204f15f961568"", ""45a304d2816fea52"", ""639947662b8b59f9"", ""79a0b85430e711c7""]"
https://www.airbnb.com/rooms/1366066917323521774,overlap-0103,"[""19d204f15f961568"", ""45a304d2816fea52"", ""639947662b8b59f9"", ""79a0b85430e711c7""]"
https://www.airbnb.com/rooms/1374137865499944306,overlap-0103,"[""19d204f15f961568"", ""45a304d2816fea52"", ""639947662b8b59f9"", ""79a0b85430e711c7""]"
https://www.airbnb.com/rooms/1389942869437521880,overlap-0103,"[""19d204f15f961568"", ""45a304d2816fea52"", ""639947662b8b59f9"", ""79a0b85430e711c7""]"
https://www.airbnb.com/rooms/1478325288246369588,overlap-0103,"[""19d204f15f961568"", ""45a304d2816fea52"", ""639947662b8b59f9"", ""79a0b85430e711c7""]"
https://www.airbnb.com/rooms/1500861581561825413,overlap-0103,"[""19d204f15f961568"", ""45a304d2816fea52"", ""639947662b8b59f9"", ""79a0b85430e711c7""]"
https://www.airbnb.com/rooms/1616807649431286375,overlap-0103,"[""19d204f15f961568"", ""45a304d2816fea52"", ""639947662b8b59f9"", ""79a0b85430e711c7""]"
https://www.airbnb.com/rooms/1627642011283576501,overlap-0103,"[""19d204f15f961568"", ""45a304d2816fea52"", ""639947662b8b59f9"", ""79a0b85430e711c7""]"
https://www.airbnb.com/rooms/1655176617625709707,overlap-0103,"[""19d204f15f961568"", ""45a304d2816fea52"", ""639947662b8b59f9"", ""79a0b85430e711c7""]"
https://www.airbnb.com/rooms/1676102034543032582,overlap-0103,"[""19d204f15f961568"", ""45a304d2816fea52"", ""639947662b8b59f9"", ""79a0b85430e711c7""]"
https://www.airbnb.com/rooms/1688109288767506570,overlap-0103,"[""19d204f15f961568"", ""45a304d2816fea52"", ""639947662b8b59f9"", ""79a0b85430e711c7""]"
https://www.airbnb.com/rooms/1698788594621043983,overlap-0103,"[""19d204f15f961568"", ""45a304d2816fea52"", ""639947662b8b59f9"", ""79a0b85430e711c7""]"
https://www.airbnb.com/rooms/1709056317181560256,overlap-0103,"[""19d204f15f961568"", ""45a304d2816fea52"", ""639947662b8b59f9"", ""79a0b85430e711c7""]"
https://www.airbnb.com/rooms/1715284558143651851,overlap-0103,"[""19d204f15f961568"", ""45a304d2816fea52"", ""639947662b8b59f9"", ""79a0b85430e711c7""]"
https://www.airbnb.com/rooms/1728473435956267367,overlap-0103,"[""19d204f15f961568"", ""45a304d2816fea52"", ""639947662b8b59f9"", ""79a0b85430e711c7""]"
https://www.airbnb.com/rooms/1730107070635124072,overlap-0103,"[""19d204f15f961568"", ""45a304d2816fea52"", ""639947662b8b59f9"", ""79a0b85430e711c7""]"
https://www.airbnb.com/rooms/1840652,overlap-0103,"[""19d204f15f961568"", ""45a304d2816fea52"", ""639947662b8b59f9"", ""79a0b85430e711c7""]"
https://www.airbnb.com/rooms/24993316,overlap-0103,"[""19d204f15f961568"", ""45a304d2816fea52"", ""639947662b8b59f9"", ""79a0b85430e711c7""]"
https://www.airbnb.com/rooms/26662703,overlap-0103,"[""19d204f15f961568"", ""45a304d2816fea52"", ""639947662b8b59f9"", ""79a0b85430e711c7""]"
https://www.airbnb.com/rooms/27047473,overlap-0103,"[""19d204f15f961568"", ""45a304d2816fea52"", ""639947662b8b59f9"", ""79a0b85430e711c7""]"
https://www.airbnb.com/rooms/27134499,overlap-0103,"[""19d204f15f961568"", ""45a304d2816fea52"", ""639947662b8b59f9"", ""79a0b85430e711c7""]"
https://www.airbnb.com/rooms/30952435,overlap-0103,"[""19d204f15f961568"", ""45a304d2816fea52"", ""639947662b8b59f9"", ""79a0b85430e711c7""]"
https://www.airbnb.com/rooms/33401804,overlap-0103,"[""19d204f15f961568"", ""45a304d2816fea52"", ""639947662b8b59f9"", ""79a0b85430e711c7""]"
https://www.airbnb.com/rooms/50221862,overlap-0103,"[""19d204f15f961568"", ""45a304d2816fea52"", ""639947662b8b59f9"", ""79a0b85430e711c7""]"
https://www.airbnb.com/rooms/50227608,overlap-0103,"[""19d204f15f961568"", ""45a304d2816fea52"", ""639947662b8b59f9"", ""79a0b85430e711c7""]"
https://www.airbnb.com/rooms/626318821659970988,overlap-0103,"[""19d204f15f961568"", ""45a304d2816fea52"", ""639947662b8b59f9"", ""79a0b85430e711c7""]"
https://www.airbnb.com/rooms/677040297829102282,overlap-0103,"[""19d204f15f961568"", ""45a304d2816fea52"", ""639947662b8b59f9"", ""79a0b85430e711c7""]"
https://www.airbnb.com/rooms/744366647440401701,overlap-0103,"[""19d204f15f961568"", ""45a304d2816fea52"", ""639947662b8b59f9"", ""79a0b85430e711c7""]"
https://www.airbnb.com/rooms/800259004758372521,overlap-0103,"[""19d204f15f961568"", ""45a304d2816fea52"", ""639947662b8b59f9"", ""79a0b85430e711c7""]"
https://www.airbnb.com/rooms/842135666113243503,overlap-0103,"[""19d204f15f961568"", ""45a304d2816fea52"", ""639947662b8b59f9"", ""79a0b85430e711c7""]"
https://www.airbnb.com/rooms/846278193217088902,overlap-0103,"[""19d204f15f961568"", ""45a304d2816fea52"", ""639947662b8b59f9"", ""79a0b85430e711c7""]"
https://www.airbnb.com/rooms/847191840102253318,overlap-0103,"[""19d204f15f961568"", ""45a304d2816fea52"", ""639947662b8b59f9"", ""79a0b85430e711c7""]"
https://www.airbnb.com/rooms/920451688574592279,overlap-0103,"[""19d204f15f961568"", ""45a304d2816fea52"", ""639947662b8b59f9"", ""79a0b85430e711c7""]"
https://www.airbnb.com/rooms/938628388126424073,overlap-0103,"[""19d204f15f961568"", ""45a304d2816fea52"", ""639947662b8b59f9"", ""79a0b85430e711c7""]"
https://www.airbnb.com/rooms/1278218168287548617,overlap-0104,"[""19d204f15f961568"", ""462d35d35af6c163"", ""639947662b8b59f9"", ""951fe003703d658c"", ""cbb40e0838ca9635""]"
https://www.airbnb.com/rooms/1396471683283402887,overlap-0104,"[""19d204f15f961568"", ""462d35d35af6c163"", ""639947662b8b59f9"", ""951fe003703d658c"", ""cbb40e0838ca9635""]"
https://www.airbnb.com/rooms/1448545585236063916,overlap-0104,"[""19d204f15f961568"", ""462d35d35af6c163"", ""639947662b8b59f9"", ""951fe003703d658c"", ""cbb40e0838ca9635""]"
https://www.airbnb.com/rooms/1456677725526679005,overlap-0104,"[""19d204f15f961568"", ""462d35d35af6c163"", ""639947662b8b59f9"", ""951fe003703d658c"", ""cbb40e0838ca9635""]"
https://www.airbnb.com/rooms/1468142215600740372,overlap-0104,"[""19d204f15f961568"", ""462d35d35af6c163"", ""639947662b8b59f9"", ""951fe003703d658c"", ""cbb40e0838ca9635""]"
https://www.airbnb.com/rooms/1492691064934513645,overlap-0104,"[""19d204f15f961568"", ""462d35d35af6c163"", ""639947662b8b59f9"", ""951fe003703d658c"", ""cbb40e0838ca9635""]"
https://www.airbnb.com/rooms/15020186,overlap-0104,"[""19d204f15f961568"", ""462d35d35af6c163"", ""639947662b8b59f9"", ""951fe003703d658c"", ""cbb40e0838ca9635""]"
https://www.airbnb.com/rooms/1503771396254281016,overlap-0104,"[""19d204f15f961568"", ""462d35d35af6c163"", ""639947662b8b59f9"", ""951fe003703d658c"", ""cbb40e0838ca9635""]"
https://www.airbnb.com/rooms/1506089706873691128,overlap-0104,"[""19d204f15f961568"", ""462d35d35af6c163"", ""639947662b8b59f9"", ""951fe003703d658c"", ""cbb40e0838ca9635""]"
https://www.airbnb.com/rooms/1533496763353817583,overlap-0104,"[""19d204f15f961568"", ""462d35d35af6c163"", ""639947662b8b59f9"", ""951fe003703d658c"", ""cbb40e0838ca9635""]"
https://www.airbnb.com/rooms/1541314618683146738,overlap-0104,"[""19d204f15f961568"", ""462d35d35af6c163"", ""639947662b8b59f9"", ""951fe003703d658c"", ""cbb40e0838ca9635""]"
https://www.airbnb.com/rooms/1772417566153394026,overlap-0104,"[""19d204f15f961568"", ""462d35d35af6c163"", ""639947662b8b59f9"", ""951fe003703d658c"", ""cbb40e0838ca9635""]"
https://www.airbnb.com/rooms/1772448651394173636,overlap-0104,"[""19d204f15f961568"", ""462d35d35af6c163"", ""639947662b8b59f9"", ""951fe003703d658c"", ""cbb40e0838ca9635""]"
https://www.airbnb.com/rooms/43768185,overlap-0104,"[""19d204f15f961568"", ""462d35d35af6c163"", ""639947662b8b59f9"", ""951fe003703d658c"", ""cbb40e0838ca9635""]"
https://www.airbnb.com/rooms/545895183169535984,overlap-0104,"[""19d204f15f961568"", ""462d35d35af6c163"", ""639947662b8b59f9"", ""951fe003703d658c"", ""cbb40e0838ca9635""]"
https://www.airbnb.com/rooms/6561061,overlap-0104,"[""19d204f15f961568"", ""462d35d35af6c163"", ""639947662b8b59f9"", ""951fe003703d658c"", ""cbb40e0838ca9635""]"
https://www.airbnb.com/rooms/1002470791341908180,overlap-0105,"[""19d204f15f961568"", ""639947662b8b59f9""]"
https://www.airbnb.com/rooms/1028997887663466929,overlap-0105,"[""19d204f15f961568"", ""639947662b8b59f9""]"
https://www.airbnb.com/rooms/1079824924749503196,overlap-0105,"[""19d204f15f961568"", ""639947662b8b59f9""]"
https://www.airbnb.com/rooms/1125602217328392808,overlap-0105,"[""19d204f15f961568"", ""639947662b8b59f9""]"
https://www.airbnb.com/rooms/1186893002845100135,overlap-0105,"[""19d204f15f961568"", ""639947662b8b59f9""]"
https://www.airbnb.com/rooms/1231288839861955136,overlap-0105,"[""19d204f15f961568"", ""639947662b8b59f9""]"
https://www.airbnb.com/rooms/1241569646069010278,overlap-0105,"[""19d204f15f961568"", ""639947662b8b59f9""]"
https://www.airbnb.com/rooms/1331295536247973416,overlap-0105,"[""19d204f15f961568"", ""639947662b8b59f9""]"
https://www.airbnb.com/rooms/1361019732943670452,overlap-0105,"[""19d204f15f961568"", ""639947662b8b59f9""]"
https://www.airbnb.com/rooms/1411594380165410279,overlap-0105,"[""19d204f15f961568"", ""639947662b8b59f9""]"
https://www.airbnb.com/rooms/1478214298337566568,overlap-0105,"[""19d204f15f961568"", ""639947662b8b59f9""]"
https://www.airbnb.com/rooms/1537163339888253205,overlap-0105,"[""19d204f15f961568"", ""639947662b8b59f9""]"
https://www.airbnb.com/rooms/1562377266606737797,overlap-0105,"[""19d204f15f961568"", ""639947662b8b59f9""]"
https://www.airbnb.com/rooms/1578593567916462265,overlap-0105,"[""19d204f15f961568"", ""639947662b8b59f9""]"
https://www.airbnb.com/rooms/1578677584866710062,overlap-0105,"[""19d204f15f961568"", ""639947662b8b59f9""]"
https://www.airbnb.com/rooms/1583004488350344182,overlap-0105,"[""19d204f15f961568"", ""639947662b8b59f9""]"
https://www.airbnb.com/rooms/1587857301024125576,overlap-0105,"[""19d204f15f961568"", ""639947662b8b59f9""]"
https://www.airbnb.com/rooms/1592113496010379427,overlap-0105,"[""19d204f15f961568"", ""639947662b8b59f9""]"
https://www.airbnb.com/rooms/1594459171661100324,overlap-0105,"[""19d204f15f961568"", ""639947662b8b59f9""]"
https://www.airbnb.com/rooms/1613255258307402402,overlap-0105,"[""19d204f15f961568"", ""639947662b8b59f9""]"
https://www.airbnb.com/rooms/1624657855790587185,overlap-0105,"[""19d204f15f961568"", ""639947662b8b59f9""]"
https://www.airbnb.com/rooms/1668247295017996688,overlap-0105,"[""19d204f15f961568"", ""639947662b8b59f9""]"
https://www.airbnb.com/rooms/1716187583372991389,overlap-0105,"[""19d204f15f961568"", ""639947662b8b59f9""]"
https://www.airbnb.com/rooms/24826044,overlap-0105,"[""19d204f15f961568"", ""639947662b8b59f9""]"
https://www.airbnb.com/rooms/26156161,overlap-0105,"[""19d204f15f961568"", ""639947662b8b59f9""]"
https://www.airbnb.com/rooms/26659476,overlap-0105,"[""19d204f15f961568"", ""639947662b8b59f9""]"
https://www.airbnb.com/rooms/27136966,overlap-0105,"[""19d204f15f961568"", ""639947662b8b59f9""]"
https://www.airbnb.com/rooms/29210307,overlap-0105,"[""19d204f15f961568"", ""639947662b8b59f9""]"
https://www.airbnb.com/rooms/329997,overlap-0105,"[""19d204f15f961568"", ""639947662b8b59f9""]"
https://www.airbnb.com/rooms/431258,overlap-0105,"[""19d204f15f961568"", ""639947662b8b59f9""]"
https://www.airbnb.com/rooms/47856622,overlap-0105,"[""19d204f15f961568"", ""639947662b8b59f9""]"
https://www.airbnb.com/rooms/48808946,overlap-0105,"[""19d204f15f961568"", ""639947662b8b59f9""]"
https://www.airbnb.com/rooms/48885026,overlap-0105,"[""19d204f15f961568"", ""639947662b8b59f9""]"
https://www.airbnb.com/rooms/49339599,overlap-0105,"[""19d204f15f961568"", ""639947662b8b59f9""]"
https://www.airbnb.com/rooms/49617841,overlap-0105,"[""19d204f15f961568"", ""639947662b8b59f9""]"
https://www.airbnb.com/rooms/49676684,overlap-0105,"[""19d204f15f961568"", ""639947662b8b59f9""]"
https://www.airbnb.com/rooms/50363572,overlap-0105,"[""19d204f15f961568"", ""639947662b8b59f9""]"
https://www.airbnb.com/rooms/559607723400381363,overlap-0105,"[""19d204f15f961568"", ""639947662b8b59f9""]"
https://www.airbnb.com/rooms/619738346080526668,overlap-0105,"[""19d204f15f961568"", ""639947662b8b59f9""]"
https://www.airbnb.com/rooms/641323368096916217,overlap-0105,"[""19d204f15f961568"", ""639947662b8b59f9""]"
https://www.airbnb.com/rooms/643409517686852696,overlap-0105,"[""19d204f15f961568"", ""639947662b8b59f9""]"
https://www.airbnb.com/rooms/644332760407240540,overlap-0105,"[""19d204f15f961568"", ""639947662b8b59f9""]"
https://www.airbnb.com/rooms/6645502,overlap-0105,"[""19d204f15f961568"", ""639947662b8b59f9""]"
https://www.airbnb.com/rooms/670368415035855398,overlap-0105,"[""19d204f15f961568"", ""639947662b8b59f9""]"
https://www.airbnb.com/rooms/670370584688591433,overlap-0105,"[""19d204f15f961568"", ""639947662b8b59f9""]"
https://www.airbnb.com/rooms/670370634100352652,overlap-0105,"[""19d204f15f961568"", ""639947662b8b59f9""]"
https://www.airbnb.com/rooms/670370864511184967,overlap-0105,"[""19d204f15f961568"", ""639947662b8b59f9""]"
https://www.airbnb.com/rooms/670370896177239520,overlap-0105,"[""19d204f15f961568"", ""639947662b8b59f9""]"
https://www.airbnb.com/rooms/670371057721511868,overlap-0105,"[""19d204f15f961568"", ""639947662b8b59f9""]"
https://www.airbnb.com/rooms/681325987718530500,overlap-0105,"[""19d204f15f961568"", ""639947662b8b59f9""]"
https://www.airbnb.com/rooms/681326552949366039,overlap-0105,"[""19d204f15f961568"", ""639947662b8b59f9""]"
https://www.airbnb.com/rooms/694742990362855934,overlap-0105,"[""19d204f15f961568"", ""639947662b8b59f9""]"
https://www.airbnb.com/rooms/711598510231682129,overlap-0105,"[""19d204f15f961568"", ""639947662b8b59f9""]"
https://www.airbnb.com/rooms/711660433732309724,overlap-0105,"[""19d204f15f961568"", ""639947662b8b59f9""]"
https://www.airbnb.com/rooms/875589596953671337,overlap-0105,"[""19d204f15f961568"", ""639947662b8b59f9""]"
https://www.airbnb.com/rooms/893727835423287381,overlap-0105,"[""19d204f15f961568"", ""639947662b8b59f9""]"
https://www.airbnb.com/rooms/909295950372400823,overlap-0105,"[""19d204f15f961568"", ""639947662b8b59f9""]"
https://www.airbnb.com/rooms/920252564580113800,overlap-0105,"[""19d204f15f961568"", ""639947662b8b59f9""]"
https://www.airbnb.com/rooms/934154058355227007,overlap-0105,"[""19d204f15f961568"", ""639947662b8b59f9""]"
https://www.airbnb.com/rooms/981230442466295437,overlap-0105,"[""19d204f15f961568"", ""639947662b8b59f9""]"
https://www.airbnb.com/rooms/1105062660849703261,overlap-0106,"[""19d204f15f961568"", ""639947662b8b59f9"", ""951fe003703d658c"", ""cbb40e0838ca9635""]"
https://www.airbnb.com/rooms/1292919780533203876,overlap-0106,"[""19d204f15f961568"", ""639947662b8b59f9"", ""951fe003703d658c"", ""cbb40e0838ca9635""]"
https://www.airbnb.com/rooms/1294326530749609881,overlap-0106,"[""19d204f15f961568"", ""639947662b8b59f9"", ""951fe003703d658c"", ""cbb40e0838ca9635""]"
https://www.airbnb.com/rooms/1405290941968925810,overlap-0106,"[""19d204f15f961568"", ""639947662b8b59f9"", ""951fe003703d658c"", ""cbb40e0838ca9635""]"
https://www.airbnb.com/rooms/1590828556032883982,overlap-0106,"[""19d204f15f961568"", ""639947662b8b59f9"", ""951fe003703d658c"", ""cbb40e0838ca9635""]"
https://www.airbnb.com/rooms/1613468262161318998,overlap-0106,"[""19d204f15f961568"", ""639947662b8b59f9"", ""951fe003703d658c"", ""cbb40e0838ca9635""]"
https://www.airbnb.com/rooms/1627774101185874245,overlap-0106,"[""19d204f15f961568"", ""639947662b8b59f9"", ""951fe003703d658c"", ""cbb40e0838ca9635""]"
https://www.airbnb.com/rooms/1648144461020422152,overlap-0106,"[""19d204f15f961568"", ""639947662b8b59f9"", ""951fe003703d658c"", ""cbb40e0838ca9635""]"
https://www.airbnb.com/rooms/1648147138426974885,overlap-0106,"[""19d204f15f961568"", ""639947662b8b59f9"", ""951fe003703d658c"", ""cbb40e0838ca9635""]"
https://www.airbnb.com/rooms/1648167474401900009,overlap-0106,"[""19d204f15f961568"", ""639947662b8b59f9"", ""951fe003703d658c"", ""cbb40e0838ca9635""]"
https://www.airbnb.com/rooms/1648169473416210288,overlap-0106,"[""19d204f15f961568"", ""639947662b8b59f9"", ""951fe003703d658c"", ""cbb40e0838ca9635""]"
https://www.airbnb.com/rooms/1648214950623322926,overlap-0106,"[""19d204f15f961568"", ""639947662b8b59f9"", ""951fe003703d658c"", ""cbb40e0838ca9635""]"
https://www.airbnb.com/rooms/20419190,overlap-0106,"[""19d204f15f961568"", ""639947662b8b59f9"", ""951fe003703d658c"", ""cbb40e0838ca9635""]"
https://www.airbnb.com/rooms/29487235,overlap-0106,"[""19d204f15f961568"", ""639947662b8b59f9"", ""951fe003703d658c"", ""cbb40e0838ca9635""]"
https://www.airbnb.com/rooms/33559118,overlap-0106,"[""19d204f15f961568"", ""639947662b8b59f9"", ""951fe003703d658c"", ""cbb40e0838ca9635""]"
https://www.airbnb.com/rooms/1576940416184297829,overlap-0107,"[""1bbdf59c061d6525"", ""462d35d35af6c163""]"
https://www.airbnb.com/rooms/18999228,overlap-0107,"[""1bbdf59c061d6525"", ""462d35d35af6c163""]"
https://www.airbnb.com/rooms/39842193,overlap-0107,"[""1bbdf59c061d6525"", ""462d35d35af6c163""]"
https://www.airbnb.com/rooms/645711377206336523,overlap-0107,"[""1bbdf59c061d6525"", ""462d35d35af6c163""]"
https://www.airbnb.com/rooms/744805254038550450,overlap-0107,"[""1bbdf59c061d6525"", ""462d35d35af6c163""]"
https://www.airbnb.com/rooms/1171088792153209689,overlap-0108,"[""1bbdf59c061d6525"", ""462d35d35af6c163"", ""509c56dafdbbf0ec"", ""51d00f5e55595c90""]"
https://www.airbnb.com/rooms/1181960871671479517,overlap-0108,"[""1bbdf59c061d6525"", ""462d35d35af6c163"", ""509c56dafdbbf0ec"", ""51d00f5e55595c90""]"
https://www.airbnb.com/rooms/1181963169961865882,overlap-0108,"[""1bbdf59c061d6525"", ""462d35d35af6c163"", ""509c56dafdbbf0ec"", ""51d00f5e55595c90""]"
https://www.airbnb.com/rooms/1181968869477539513,overlap-0108,"[""1bbdf59c061d6525"", ""462d35d35af6c163"", ""509c56dafdbbf0ec"", ""51d00f5e55595c90""]"
https://www.airbnb.com/rooms/1181971043957216151,overlap-0108,"[""1bbdf59c061d6525"", ""462d35d35af6c163"", ""509c56dafdbbf0ec"", ""51d00f5e55595c90""]"
https://www.airbnb.com/rooms/1456490626982075917,overlap-0108,"[""1bbdf59c061d6525"", ""462d35d35af6c163"", ""509c56dafdbbf0ec"", ""51d00f5e55595c90""]"
https://www.airbnb.com/rooms/1643905479607637427,overlap-0108,"[""1bbdf59c061d6525"", ""462d35d35af6c163"", ""509c56dafdbbf0ec"", ""51d00f5e55595c90""]"
https://www.airbnb.com/rooms/1677301173427271233,overlap-0108,"[""1bbdf59c061d6525"", ""462d35d35af6c163"", ""509c56dafdbbf0ec"", ""51d00f5e55595c90""]"
https://www.airbnb.com/rooms/1679305961317388282,overlap-0108,"[""1bbdf59c061d6525"", ""462d35d35af6c163"", ""509c56dafdbbf0ec"", ""51d00f5e55595c90""]"
https://www.airbnb.com/rooms/1680026825417306389,overlap-0108,"[""1bbdf59c061d6525"", ""462d35d35af6c163"", ""509c56dafdbbf0ec"", ""51d00f5e55595c90""]"
https://www.airbnb.com/rooms/1680027748356902517,overlap-0108,"[""1bbdf59c061d6525"", ""462d35d35af6c163"", ""509c56dafdbbf0ec"", ""51d00f5e55595c90""]"
https://www.airbnb.com/rooms/1750961215519282083,overlap-0108,"[""1bbdf59c061d6525"", ""462d35d35af6c163"", ""509c56dafdbbf0ec"", ""51d00f5e55595c90""]"
https://www.airbnb.com/rooms/20978183,overlap-0108,"[""1bbdf59c061d6525"", ""462d35d35af6c163"", ""509c56dafdbbf0ec"", ""51d00f5e55595c90""]"
https://www.airbnb.com/rooms/23306155,overlap-0108,"[""1bbdf59c061d6525"", ""462d35d35af6c163"", ""509c56dafdbbf0ec"", ""51d00f5e55595c90""]"
https://www.airbnb.com/rooms/23872834,overlap-0108,"[""1bbdf59c061d6525"", ""462d35d35af6c163"", ""509c56dafdbbf0ec"", ""51d00f5e55595c90""]"
https://www.airbnb.com/rooms/26488177,overlap-0108,"[""1bbdf59c061d6525"", ""462d35d35af6c163"", ""509c56dafdbbf0ec"", ""51d00f5e55595c90""]"
https://www.airbnb.com/rooms/26917701,overlap-0108,"[""1bbdf59c061d6525"", ""462d35d35af6c163"", ""509c56dafdbbf0ec"", ""51d00f5e55595c90""]"
https://www.airbnb.com/rooms/27927088,overlap-0108,"[""1bbdf59c061d6525"", ""462d35d35af6c163"", ""509c56dafdbbf0ec"", ""51d00f5e55595c90""]"
https://www.airbnb.com/rooms/29185445,overlap-0108,"[""1bbdf59c061d6525"", ""462d35d35af6c163"", ""509c56dafdbbf0ec"", ""51d00f5e55595c90""]"
https://www.airbnb.com/rooms/33094538,overlap-0108,"[""1bbdf59c061d6525"", ""462d35d35af6c163"", ""509c56dafdbbf0ec"", ""51d00f5e55595c90""]"
https://www.airbnb.com/rooms/33275918,overlap-0108,"[""1bbdf59c061d6525"", ""462d35d35af6c163"", ""509c56dafdbbf0ec"", ""51d00f5e55595c90""]"
https://www.airbnb.com/rooms/35035409,overlap-0108,"[""1bbdf59c061d6525"", ""462d35d35af6c163"", ""509c56dafdbbf0ec"", ""51d00f5e55595c90""]"
https://www.airbnb.com/rooms/878440666274505872,overlap-0108,"[""1bbdf59c061d6525"", ""462d35d35af6c163"", ""509c56dafdbbf0ec"", ""51d00f5e55595c90""]"
https://www.airbnb.com/rooms/1468827484558182486,overlap-0109,"[""1bbdf59c061d6525"", ""462d35d35af6c163"", ""509c56dafdbbf0ec"", ""51d00f5e55595c90"", ""b42ae160c48ecc77""]"
https://www.airbnb.com/rooms/29884582,overlap-0109,"[""1bbdf59c061d6525"", ""462d35d35af6c163"", ""509c56dafdbbf0ec"", ""51d00f5e55595c90"", ""b42ae160c48ecc77""]"
https://www.airbnb.com/rooms/1364214067902319595,overlap-0110,"[""1bbdf59c061d6525"", ""462d35d35af6c163"", ""c22ed839812cf77e""]"
https://www.airbnb.com/rooms/1629203184367009627,overlap-0110,"[""1bbdf59c061d6525"", ""462d35d35af6c163"", ""c22ed839812cf77e""]"
https://www.airbnb.com/rooms/1629209253901948829,overlap-0111,"[""1bbdf59c061d6525"", ""462d35d35af6c163"", ""c22ed839812cf77e"", ""cb234aacfeff7bef"", ""e48053fe224d272e""]"
https://www.airbnb.com/rooms/1456490843228590527,overlap-0112,"[""1bbdf59c061d6525"", ""462d35d35af6c163"", ""cb234aacfeff7bef""]"
https://www.airbnb.com/rooms/39253211,overlap-0112,"[""1bbdf59c061d6525"", ""462d35d35af6c163"", ""cb234aacfeff7bef""]"
https://www.airbnb.com/rooms/17006591,overlap-0113,"[""1bbdf59c061d6525"", ""cb234aacfeff7bef""]"
https://www.airbnb.com/rooms/18915833,overlap-0113,"[""1bbdf59c061d6525"", ""cb234aacfeff7bef""]"
https://www.airbnb.com/rooms/18916432,overlap-0113,"[""1bbdf59c061d6525"", ""cb234aacfeff7bef""]"
https://www.airbnb.com/rooms/25007949,overlap-0114,"[""1cea6a29bdf23f61"", ""32fe2a3fff6891f1"", ""748fa7a260745e97"", ""e17a9dfcf67195a7""]"
https://www.airbnb.com/rooms/41749749,overlap-0115,"[""1cea6a29bdf23f61"", ""48f5dbd22dcdcc25""]"
https://www.airbnb.com/rooms/551564959086028579,overlap-0116,"[""1cea6a29bdf23f61"", ""48f5dbd22dcdcc25"", ""51d00f5e55595c90""]"
https://www.airbnb.com/rooms/818148087119924902,overlap-0117,"[""1cea6a29bdf23f61"", ""48f5dbd22dcdcc25"", ""748fa7a260745e97""]"
https://www.airbnb.com/rooms/818946258937054760,overlap-0117,"[""1cea6a29bdf23f61"", ""48f5dbd22dcdcc25"", ""748fa7a260745e97""]"
https://www.airbnb.com/rooms/1639343262327304997,overlap-0118,"[""1cea6a29bdf23f61"", ""4f36f8097d67fa78"", ""51d00f5e55595c90"", ""6114540fb27209fd"", ""748fa7a260745e97"", ""ec90185c250eb407""]"
https://www.airbnb.com/rooms/1030985908693854226,overlap-0119,"[""1cea6a29bdf23f61"", ""51d00f5e55595c90"", ""6114540fb27209fd"", ""748fa7a260745e97""]"
https://www.airbnb.com/rooms/1283433619517999993,overlap-0119,"[""1cea6a29bdf23f61"", ""51d00f5e55595c90"", ""6114540fb27209fd"", ""748fa7a260745e97""]"
https://www.airbnb.com/rooms/1374570455257502417,overlap-0119,"[""1cea6a29bdf23f61"", ""51d00f5e55595c90"", ""6114540fb27209fd"", ""748fa7a260745e97""]"
https://www.airbnb.com/rooms/1472097670958900985,overlap-0119,"[""1cea6a29bdf23f61"", ""51d00f5e55595c90"", ""6114540fb27209fd"", ""748fa7a260745e97""]"
https://www.airbnb.com/rooms/1548745672193759150,overlap-0119,"[""1cea6a29bdf23f61"", ""51d00f5e55595c90"", ""6114540fb27209fd"", ""748fa7a260745e97""]"
https://www.airbnb.com/rooms/16080524,overlap-0119,"[""1cea6a29bdf23f61"", ""51d00f5e55595c90"", ""6114540fb27209fd"", ""748fa7a260745e97""]"
https://www.airbnb.com/rooms/16082910,overlap-0119,"[""1cea6a29bdf23f61"", ""51d00f5e55595c90"", ""6114540fb27209fd"", ""748fa7a260745e97""]"
https://www.airbnb.com/rooms/16083637,overlap-0119,"[""1cea6a29bdf23f61"", ""51d00f5e55595c90"", ""6114540fb27209fd"", ""748fa7a260745e97""]"
https://www.airbnb.com/rooms/1658874499271639321,overlap-0119,"[""1cea6a29bdf23f61"", ""51d00f5e55595c90"", ""6114540fb27209fd"", ""748fa7a260745e97""]"
https://www.airbnb.com/rooms/19574379,overlap-0119,"[""1cea6a29bdf23f61"", ""51d00f5e55595c90"", ""6114540fb27209fd"", ""748fa7a260745e97""]"
https://www.airbnb.com/rooms/26776225,overlap-0119,"[""1cea6a29bdf23f61"", ""51d00f5e55595c90"", ""6114540fb27209fd"", ""748fa7a260745e97""]"
https://www.airbnb.com/rooms/2824336,overlap-0119,"[""1cea6a29bdf23f61"", ""51d00f5e55595c90"", ""6114540fb27209fd"", ""748fa7a260745e97""]"
https://www.airbnb.com/rooms/33223288,overlap-0119,"[""1cea6a29bdf23f61"", ""51d00f5e55595c90"", ""6114540fb27209fd"", ""748fa7a260745e97""]"
https://www.airbnb.com/rooms/35262677,overlap-0119,"[""1cea6a29bdf23f61"", ""51d00f5e55595c90"", ""6114540fb27209fd"", ""748fa7a260745e97""]"
https://www.airbnb.com/rooms/3694888,overlap-0119,"[""1cea6a29bdf23f61"", ""51d00f5e55595c90"", ""6114540fb27209fd"", ""748fa7a260745e97""]"
https://www.airbnb.com/rooms/43188578,overlap-0119,"[""1cea6a29bdf23f61"", ""51d00f5e55595c90"", ""6114540fb27209fd"", ""748fa7a260745e97""]"
https://www.airbnb.com/rooms/43324827,overlap-0119,"[""1cea6a29bdf23f61"", ""51d00f5e55595c90"", ""6114540fb27209fd"", ""748fa7a260745e97""]"
https://www.airbnb.com/rooms/48432320,overlap-0119,"[""1cea6a29bdf23f61"", ""51d00f5e55595c90"", ""6114540fb27209fd"", ""748fa7a260745e97""]"
https://www.airbnb.com/rooms/48432443,overlap-0119,"[""1cea6a29bdf23f61"", ""51d00f5e55595c90"", ""6114540fb27209fd"", ""748fa7a260745e97""]"
https://www.airbnb.com/rooms/49012733,overlap-0119,"[""1cea6a29bdf23f61"", ""51d00f5e55595c90"", ""6114540fb27209fd"", ""748fa7a260745e97""]"
https://www.airbnb.com/rooms/51963743,overlap-0119,"[""1cea6a29bdf23f61"", ""51d00f5e55595c90"", ""6114540fb27209fd"", ""748fa7a260745e97""]"
https://www.airbnb.com/rooms/551604399367364760,overlap-0119,"[""1cea6a29bdf23f61"", ""51d00f5e55595c90"", ""6114540fb27209fd"", ""748fa7a260745e97""]"
https://www.airbnb.com/rooms/599957034552506326,overlap-0119,"[""1cea6a29bdf23f61"", ""51d00f5e55595c90"", ""6114540fb27209fd"", ""748fa7a260745e97""]"
https://www.airbnb.com/rooms/6451379,overlap-0119,"[""1cea6a29bdf23f61"", ""51d00f5e55595c90"", ""6114540fb27209fd"", ""748fa7a260745e97""]"
https://www.airbnb.com/rooms/8188686,overlap-0119,"[""1cea6a29bdf23f61"", ""51d00f5e55595c90"", ""6114540fb27209fd"", ""748fa7a260745e97""]"
https://www.airbnb.com/rooms/1044281266128749954,overlap-0120,"[""1cea6a29bdf23f61"", ""748fa7a260745e97""]"
https://www.airbnb.com/rooms/1084880055691973152,overlap-0120,"[""1cea6a29bdf23f61"", ""748fa7a260745e97""]"
https://www.airbnb.com/rooms/1085514583905877926,overlap-0120,"[""1cea6a29bdf23f61"", ""748fa7a260745e97""]"
https://www.airbnb.com/rooms/1089345411533442312,overlap-0120,"[""1cea6a29bdf23f61"", ""748fa7a260745e97""]"
https://www.airbnb.com/rooms/1091410974046796279,overlap-0120,"[""1cea6a29bdf23f61"", ""748fa7a260745e97""]"
https://www.airbnb.com/rooms/1137680658299168753,overlap-0120,"[""1cea6a29bdf23f61"", ""748fa7a260745e97""]"
https://www.airbnb.com/rooms/1141326329265385389,overlap-0120,"[""1cea6a29bdf23f61"", ""748fa7a260745e97""]"
https://www.airbnb.com/rooms/1141484368457207002,overlap-0120,"[""1cea6a29bdf23f61"", ""748fa7a260745e97""]"
https://www.airbnb.com/rooms/1143596307316129034,overlap-0120,"[""1cea6a29bdf23f61"", ""748fa7a260745e97""]"
https://www.airbnb.com/rooms/1144978907606162301,overlap-0120,"[""1cea6a29bdf23f61"", ""748fa7a260745e97""]"
https://www.airbnb.com/rooms/1173498173245175767,overlap-0120,"[""1cea6a29bdf23f61"", ""748fa7a260745e97""]"
https://www.airbnb.com/rooms/1174042439483907537,overlap-0120,"[""1cea6a29bdf23f61"", ""748fa7a260745e97""]"
https://www.airbnb.com/rooms/1184188967898243168,overlap-0120,"[""1cea6a29bdf23f61"", ""748fa7a260745e97""]"
https://www.airbnb.com/rooms/1235678742825705354,overlap-0120,"[""1cea6a29bdf23f61"", ""748fa7a260745e97""]"
https://www.airbnb.com/rooms/12410928,overlap-0120,"[""1cea6a29bdf23f61"", ""748fa7a260745e97""]"
https://www.airbnb.com/rooms/1258733329630399226,overlap-0120,"[""1cea6a29bdf23f61"", ""748fa7a260745e97""]"
https://www.airbnb.com/rooms/13064961,overlap-0120,"[""1cea6a29bdf23f61"", ""748fa7a260745e97""]"
https://www.airbnb.com/rooms/1332043161744017734,overlap-0120,"[""1cea6a29bdf23f61"", ""748fa7a260745e97""]"
https://www.airbnb.com/rooms/13595249,overlap-0120,"[""1cea6a29bdf23f61"", ""748fa7a260745e97""]"
https://www.airbnb.com/rooms/1380448403235278352,overlap-0120,"[""1cea6a29bdf23f61"", ""748fa7a260745e97""]"
https://www.airbnb.com/rooms/1380477305295976937,overlap-0120,"[""1cea6a29bdf23f61"", ""748fa7a260745e97""]"
https://www.airbnb.com/rooms/1380502643866498812,overlap-0120,"[""1cea6a29bdf23f61"", ""748fa7a260745e97""]"
https://www.airbnb.com/rooms/1388631893894562735,overlap-0120,"[""1cea6a29bdf23f61"", ""748fa7a260745e97""]"
https://www.airbnb.com/rooms/1403024707910801203,overlap-0120,"[""1cea6a29bdf23f61"", ""748fa7a260745e97""]"
https://www.airbnb.com/rooms/1450024880314062274,overlap-0120,"[""1cea6a29bdf23f61"", ""748fa7a260745e97""]"
https://www.airbnb.com/rooms/14692027,overlap-0120,"[""1cea6a29bdf23f61"", ""748fa7a260745e97""]"
https://www.airbnb.com/rooms/1513857827640988056,overlap-0120,"[""1cea6a29bdf23f61"", ""748fa7a260745e97""]"
https://www.airbnb.com/rooms/1513877037326694836,overlap-0120,"[""1cea6a29bdf23f61"", ""748fa7a260745e97""]"
https://www.airbnb.com/rooms/1536451903398207893,overlap-0120,"[""1cea6a29bdf23f61"", ""748fa7a260745e97""]"
https://www.airbnb.com/rooms/1541259818302346800,overlap-0120,"[""1cea6a29bdf23f61"", ""748fa7a260745e97""]"
https://www.airbnb.com/rooms/1568195223668672383,overlap-0120,"[""1cea6a29bdf23f61"", ""748fa7a260745e97""]"
https://www.airbnb.com/rooms/1568293703183863339,overlap-0120,"[""1cea6a29bdf23f61"", ""748fa7a260745e97""]"
https://www.airbnb.com/rooms/1569718548739818399,overlap-0120,"[""1cea6a29bdf23f61"", ""748fa7a260745e97""]"
https://www.airbnb.com/rooms/1584161532768620790,overlap-0120,"[""1cea6a29bdf23f61"", ""748fa7a260745e97""]"
https://www.airbnb.com/rooms/1590109143308964284,overlap-0120,"[""1cea6a29bdf23f61"", ""748fa7a260745e97""]"
https://www.airbnb.com/rooms/1590122147739388999,overlap-0120,"[""1cea6a29bdf23f61"", ""748fa7a260745e97""]"
https://www.airbnb.com/rooms/1590138225426373432,overlap-0120,"[""1cea6a29bdf23f61"", ""748fa7a260745e97""]"
https://www.airbnb.com/rooms/1590153218869928776,overlap-0120,"[""1cea6a29bdf23f61"", ""748fa7a260745e97""]"
https://www.airbnb.com/rooms/1594580847992869826,overlap-0120,"[""1cea6a29bdf23f61"", ""748fa7a260745e97""]"
https://www.airbnb.com/rooms/1603882919634766630,overlap-0120,"[""1cea6a29bdf23f61"", ""748fa7a260745e97""]"
https://www.airbnb.com/rooms/1603883868879597312,overlap-0120,"[""1cea6a29bdf23f61"", ""748fa7a260745e97""]"
https://www.airbnb.com/rooms/1619811111025467028,overlap-0120,"[""1cea6a29bdf23f61"", ""748fa7a260745e97""]"
https://www.airbnb.com/rooms/1620388447639539211,overlap-0120,"[""1cea6a29bdf23f61"", ""748fa7a260745e97""]"
https://www.airbnb.com/rooms/1623358933964790653,overlap-0120,"[""1cea6a29bdf23f61"", ""748fa7a260745e97""]"
https://www.airbnb.com/rooms/1626302025229323564,overlap-0120,"[""1cea6a29bdf23f61"", ""748fa7a260745e97""]"
https://www.airbnb.com/rooms/1636743858330915313,overlap-0120,"[""1cea6a29bdf23f61"", ""748fa7a260745e97""]"
https://www.airbnb.com/rooms/1637934428615410153,overlap-0120,"[""1cea6a29bdf23f61"", ""748fa7a260745e97""]"
https://www.airbnb.com/rooms/16529833,overlap-0120,"[""1cea6a29bdf23f61"", ""748fa7a260745e97""]"
https://www.airbnb.com/rooms/1684160893995533603,overlap-0120,"[""1cea6a29bdf23f61"", ""748fa7a260745e97""]"
https://www.airbnb.com/rooms/1684166878077999169,overlap-0120,"[""1cea6a29bdf23f61"", ""748fa7a260745e97""]"
https://www.airbnb.com/rooms/1684172604779023792,overlap-0120,"[""1cea6a29bdf23f61"", ""748fa7a260745e97""]"
https://www.airbnb.com/rooms/1684219890708999515,overlap-0120,"[""1cea6a29bdf23f61"", ""748fa7a260745e97""]"
https://www.airbnb.com/rooms/1684223134569112992,overlap-0120,"[""1cea6a29bdf23f61"", ""748fa7a260745e97""]"
https://www.airbnb.com/rooms/1684233690619152442,overlap-0120,"[""1cea6a29bdf23f61"", ""748fa7a260745e97""]"
https://www.airbnb.com/rooms/1684269921289686742,overlap-0120,"[""1cea6a29bdf23f61"", ""748fa7a260745e97""]"
https://www.airbnb.com/rooms/1684270056083235052,overlap-0120,"[""1cea6a29bdf23f61"", ""748fa7a260745e97""]"
https://www.airbnb.com/rooms/1684271182467140698,overlap-0120,"[""1cea6a29bdf23f61"", ""748fa7a260745e97""]"
https://www.airbnb.com/rooms/1684274993030953140,overlap-0120,"[""1cea6a29bdf23f61"", ""748fa7a260745e97""]"
https://www.airbnb.com/rooms/1702959900229294073,overlap-0120,"[""1cea6a29bdf23f61"", ""748fa7a260745e97""]"
https://www.airbnb.com/rooms/17170311,overlap-0120,"[""1cea6a29bdf23f61"", ""748fa7a260745e97""]"
https://www.airbnb.com/rooms/1740143303450467703,overlap-0120,"[""1cea6a29bdf23f61"", ""748fa7a260745e97""]"
https://www.airbnb.com/rooms/1755438428809322440,overlap-0120,"[""1cea6a29bdf23f61"", ""748fa7a260745e97""]"
https://www.airbnb.com/rooms/1755919970268061221,overlap-0120,"[""1cea6a29bdf23f61"", ""748fa7a260745e97""]"
https://www.airbnb.com/rooms/18430077,overlap-0120,"[""1cea6a29bdf23f61"", ""748fa7a260745e97""]"
https://www.airbnb.com/rooms/18958675,overlap-0120,"[""1cea6a29bdf23f61"", ""748fa7a260745e97""]"
https://www.airbnb.com/rooms/1951714,overlap-0120,"[""1cea6a29bdf23f61"", ""748fa7a260745e97""]"
https://www.airbnb.com/rooms/21582620,overlap-0120,"[""1cea6a29bdf23f61"", ""748fa7a260745e97""]"
https://www.airbnb.com/rooms/22324981,overlap-0120,"[""1cea6a29bdf23f61"", ""748fa7a260745e97""]"
https://www.airbnb.com/rooms/22765877,overlap-0120,"[""1cea6a29bdf23f61"", ""748fa7a260745e97""]"
https://www.airbnb.com/rooms/22795751,overlap-0120,"[""1cea6a29bdf23f61"", ""748fa7a260745e97""]"
https://www.airbnb.com/rooms/27258909,overlap-0120,"[""1cea6a29bdf23f61"", ""748fa7a260745e97""]"
https://www.airbnb.com/rooms/28455899,overlap-0120,"[""1cea6a29bdf23f61"", ""748fa7a260745e97""]"
https://www.airbnb.com/rooms/29511447,overlap-0120,"[""1cea6a29bdf23f61"", ""748fa7a260745e97""]"
https://www.airbnb.com/rooms/29852198,overlap-0120,"[""1cea6a29bdf23f61"", ""748fa7a260745e97""]"
https://www.airbnb.com/rooms/32397810,overlap-0120,"[""1cea6a29bdf23f61"", ""748fa7a260745e97""]"
https://www.airbnb.com/rooms/38719402,overlap-0120,"[""1cea6a29bdf23f61"", ""748fa7a260745e97""]"
https://www.airbnb.com/rooms/39031568,overlap-0120,"[""1cea6a29bdf23f61"", ""748fa7a260745e97""]"
https://www.airbnb.com/rooms/39032607,overlap-0120,"[""1cea6a29bdf23f61"", ""748fa7a260745e97""]"
https://www.airbnb.com/rooms/39034225,overlap-0120,"[""1cea6a29bdf23f61"", ""748fa7a260745e97""]"
https://www.airbnb.com/rooms/39034408,overlap-0120,"[""1cea6a29bdf23f61"", ""748fa7a260745e97""]"
https://www.airbnb.com/rooms/39696537,overlap-0120,"[""1cea6a29bdf23f61"", ""748fa7a260745e97""]"
https://www.airbnb.com/rooms/41556676,overlap-0120,"[""1cea6a29bdf23f61"", ""748fa7a260745e97""]"
https://www.airbnb.com/rooms/41611640,overlap-0120,"[""1cea6a29bdf23f61"", ""748fa7a260745e97""]"
https://www.airbnb.com/rooms/41814116,overlap-0120,"[""1cea6a29bdf23f61"", ""748fa7a260745e97""]"
https://www.airbnb.com/rooms/43197222,overlap-0120,"[""1cea6a29bdf23f61"", ""748fa7a260745e97""]"
https://www.airbnb.com/rooms/43197271,overlap-0120,"[""1cea6a29bdf23f61"", ""748fa7a260745e97""]"
https://www.airbnb.com/rooms/4476315,overlap-0120,"[""1cea6a29bdf23f61"", ""748fa7a260745e97""]"
https://www.airbnb.com/rooms/46277754,overlap-0120,"[""1cea6a29bdf23f61"", ""748fa7a260745e97""]"
https://www.airbnb.com/rooms/47727586,overlap-0120,"[""1cea6a29bdf23f61"", ""748fa7a260745e97""]"
https://www.airbnb.com/rooms/4958707,overlap-0120,"[""1cea6a29bdf23f61"", ""748fa7a260745e97""]"
https://www.airbnb.com/rooms/49745980,overlap-0120,"[""1cea6a29bdf23f61"", ""748fa7a260745e97""]"
https://www.airbnb.com/rooms/50422661,overlap-0120,"[""1cea6a29bdf23f61"", ""748fa7a260745e97""]"
https://www.airbnb.com/rooms/50423798,overlap-0120,"[""1cea6a29bdf23f61"", ""748fa7a260745e97""]"
https://www.airbnb.com/rooms/50437860,overlap-0120,"[""1cea6a29bdf23f61"", ""748fa7a260745e97""]"
https://www.airbnb.com/rooms/51086566,overlap-0120,"[""1cea6a29bdf23f61"", ""748fa7a260745e97""]"
https://www.airbnb.com/rooms/51169872,overlap-0120,"[""1cea6a29bdf23f61"", ""748fa7a260745e97""]"
https://www.airbnb.com/rooms/51366048,overlap-0120,"[""1cea6a29bdf23f61"", ""748fa7a260745e97""]"
https://www.airbnb.com/rooms/51984383,overlap-0120,"[""1cea6a29bdf23f61"", ""748fa7a260745e97""]"
https://www.airbnb.com/rooms/52078262,overlap-0120,"[""1cea6a29bdf23f61"", ""748fa7a260745e97""]"
https://www.airbnb.com/rooms/53041579,overlap-0120,"[""1cea6a29bdf23f61"", ""748fa7a260745e97""]"
https://www.airbnb.com/rooms/53142754,overlap-0120,"[""1cea6a29bdf23f61"", ""748fa7a260745e97""]"
https://www.airbnb.com/rooms/53754184,overlap-0120,"[""1cea6a29bdf23f61"", ""748fa7a260745e97""]"
https://www.airbnb.com/rooms/53768934,overlap-0120,"[""1cea6a29bdf23f61"", ""748fa7a260745e97""]"
https://www.airbnb.com/rooms/54242251,overlap-0120,"[""1cea6a29bdf23f61"", ""748fa7a260745e97""]"
https://www.airbnb.com/rooms/54376891,overlap-0120,"[""1cea6a29bdf23f61"", ""748fa7a260745e97""]"
https://www.airbnb.com/rooms/549209529877805453,overlap-0120,"[""1cea6a29bdf23f61"", ""748fa7a260745e97""]"
https://www.airbnb.com/rooms/553513875533434260,overlap-0120,"[""1cea6a29bdf23f61"", ""748fa7a260745e97""]"
https://www.airbnb.com/rooms/554287301682037480,overlap-0120,"[""1cea6a29bdf23f61"", ""748fa7a260745e97""]"
https://www.airbnb.com/rooms/554287623124043768,overlap-0120,"[""1cea6a29bdf23f61"", ""748fa7a260745e97""]"
https://www.airbnb.com/rooms/568827195098153703,overlap-0120,"[""1cea6a29bdf23f61"", ""748fa7a260745e97""]"
https://www.airbnb.com/rooms/568827259835631368,overlap-0120,"[""1cea6a29bdf23f61"", ""748fa7a260745e97""]"
https://www.airbnb.com/rooms/578247685889708114,overlap-0120,"[""1cea6a29bdf23f61"", ""748fa7a260745e97""]"
https://www.airbnb.com/rooms/582454727107809399,overlap-0120,"[""1cea6a29bdf23f61"", ""748fa7a260745e97""]"
https://www.airbnb.com/rooms/623980978998472385,overlap-0120,"[""1cea6a29bdf23f61"", ""748fa7a260745e97""]"
https://www.airbnb.com/rooms/6466330,overlap-0120,"[""1cea6a29bdf23f61"", ""748fa7a260745e97""]"
https://www.airbnb.com/rooms/705006683405539353,overlap-0120,"[""1cea6a29bdf23f61"", ""748fa7a260745e97""]"
https://www.airbnb.com/rooms/708671528167167653,overlap-0120,"[""1cea6a29bdf23f61"", ""748fa7a260745e97""]"
https://www.airbnb.com/rooms/747816436257321276,overlap-0120,"[""1cea6a29bdf23f61"", ""748fa7a260745e97""]"
https://www.airbnb.com/rooms/753484614881789653,overlap-0120,"[""1cea6a29bdf23f61"", ""748fa7a260745e97""]"
https://www.airbnb.com/rooms/765270270881978376,overlap-0120,"[""1cea6a29bdf23f61"", ""748fa7a260745e97""]"
https://www.airbnb.com/rooms/816086839582375837,overlap-0120,"[""1cea6a29bdf23f61"", ""748fa7a260745e97""]"
https://www.airbnb.com/rooms/863130273988366247,overlap-0120,"[""1cea6a29bdf23f61"", ""748fa7a260745e97""]"
https://www.airbnb.com/rooms/994821774609612511,overlap-0120,"[""1cea6a29bdf23f61"", ""748fa7a260745e97""]"
https://www.airbnb.com/rooms/1195066896825366290,overlap-0121,"[""1cea6a29bdf23f61"", ""748fa7a260745e97"", ""ec90185c250eb407""]"
https://www.airbnb.com/rooms/1665412610112485695,overlap-0121,"[""1cea6a29bdf23f61"", ""748fa7a260745e97"", ""ec90185c250eb407""]"
https://www.airbnb.com/rooms/26260106,overlap-0121,"[""1cea6a29bdf23f61"", ""748fa7a260745e97"", ""ec90185c250eb407""]"
https://www.airbnb.com/rooms/554287398338310645,overlap-0121,"[""1cea6a29bdf23f61"", ""748fa7a260745e97"", ""ec90185c250eb407""]"
https://www.airbnb.com/rooms/565060772864873078,overlap-0121,"[""1cea6a29bdf23f61"", ""748fa7a260745e97"", ""ec90185c250eb407""]"
https://www.airbnb.com/rooms/566708291280837451,overlap-0121,"[""1cea6a29bdf23f61"", ""748fa7a260745e97"", ""ec90185c250eb407""]"
https://www.airbnb.com/rooms/613590508944765979,overlap-0121,"[""1cea6a29bdf23f61"", ""748fa7a260745e97"", ""ec90185c250eb407""]"
https://www.airbnb.com/rooms/694212528485944088,overlap-0121,"[""1cea6a29bdf23f61"", ""748fa7a260745e97"", ""ec90185c250eb407""]"
https://www.airbnb.com/rooms/696886403811016526,overlap-0121,"[""1cea6a29bdf23f61"", ""748fa7a260745e97"", ""ec90185c250eb407""]"
https://www.airbnb.com/rooms/747920770862873653,overlap-0121,"[""1cea6a29bdf23f61"", ""748fa7a260745e97"", ""ec90185c250eb407""]"
https://www.airbnb.com/rooms/817914832305386657,overlap-0121,"[""1cea6a29bdf23f61"", ""748fa7a260745e97"", ""ec90185c250eb407""]"
https://www.airbnb.com/rooms/1374698232945909448,overlap-0122,"[""1d61626455b0fc87"", ""2d7bd4398a47fdf4"", ""7ac3caed72b37776"", ""af5e23be9c459821"", ""da199b003178e7d6"", ""e689c59e8509269a""]"
https://www.airbnb.com/rooms/48822688,overlap-0122,"[""1d61626455b0fc87"", ""2d7bd4398a47fdf4"", ""7ac3caed72b37776"", ""af5e23be9c459821"", ""da199b003178e7d6"", ""e689c59e8509269a""]"
https://www.airbnb.com/rooms/50091210,overlap-0123,"[""1d61626455b0fc87"", ""2d7bd4398a47fdf4"", ""da199b003178e7d6"", ""e689c59e8509269a""]"
https://www.airbnb.com/rooms/734917064397899218,overlap-0123,"[""1d61626455b0fc87"", ""2d7bd4398a47fdf4"", ""da199b003178e7d6"", ""e689c59e8509269a""]"
https://www.airbnb.com/rooms/781808545616413967,overlap-0123,"[""1d61626455b0fc87"", ""2d7bd4398a47fdf4"", ""da199b003178e7d6"", ""e689c59e8509269a""]"
https://www.airbnb.com/rooms/1581639154180721462,overlap-0124,"[""1d61626455b0fc87"", ""304f68a4f08222f7""]"
https://www.airbnb.com/rooms/1149187917570120989,overlap-0125,"[""1d61626455b0fc87"", ""304f68a4f08222f7"", ""31a7d0d3d02e23d1"", ""da199b003178e7d6"", ""dfe727fa505246b0""]"
https://www.airbnb.com/rooms/1289266740341978433,overlap-0125,"[""1d61626455b0fc87"", ""304f68a4f08222f7"", ""31a7d0d3d02e23d1"", ""da199b003178e7d6"", ""dfe727fa505246b0""]"
https://www.airbnb.com/rooms/1371859139238623918,overlap-0125,"[""1d61626455b0fc87"", ""304f68a4f08222f7"", ""31a7d0d3d02e23d1"", ""da199b003178e7d6"", ""dfe727fa505246b0""]"
https://www.airbnb.com/rooms/1643513740097080561,overlap-0125,"[""1d61626455b0fc87"", ""304f68a4f08222f7"", ""31a7d0d3d02e23d1"", ""da199b003178e7d6"", ""dfe727fa505246b0""]"
https://www.airbnb.com/rooms/1371851626973050696,overlap-0126,"[""1d61626455b0fc87"", ""304f68a4f08222f7"", ""da199b003178e7d6""]"
https://www.airbnb.com/rooms/1520306113555561162,overlap-0126,"[""1d61626455b0fc87"", ""304f68a4f08222f7"", ""da199b003178e7d6""]"
https://www.airbnb.com/rooms/1576960698059115901,overlap-0126,"[""1d61626455b0fc87"", ""304f68a4f08222f7"", ""da199b003178e7d6""]"
https://www.airbnb.com/rooms/1577035551131372753,overlap-0126,"[""1d61626455b0fc87"", ""304f68a4f08222f7"", ""da199b003178e7d6""]"
https://www.airbnb.com/rooms/48336556,overlap-0126,"[""1d61626455b0fc87"", ""304f68a4f08222f7"", ""da199b003178e7d6""]"
https://www.airbnb.com/rooms/712431814639790984,overlap-0126,"[""1d61626455b0fc87"", ""304f68a4f08222f7"", ""da199b003178e7d6""]"
https://www.airbnb.com/rooms/1371908989755690626,overlap-0127,"[""1d61626455b0fc87"", ""304f68a4f08222f7"", ""dfe727fa505246b0""]"
https://www.airbnb.com/rooms/1467532973253559455,overlap-0127,"[""1d61626455b0fc87"", ""304f68a4f08222f7"", ""dfe727fa505246b0""]"
https://www.airbnb.com/rooms/1345804895996754937,overlap-0128,"[""1d61626455b0fc87"", ""31a7d0d3d02e23d1"", ""7ac3caed72b37776"", ""af5e23be9c459821"", ""da199b003178e7d6""]"
https://www.airbnb.com/rooms/1669135916911833827,overlap-0128,"[""1d61626455b0fc87"", ""31a7d0d3d02e23d1"", ""7ac3caed72b37776"", ""af5e23be9c459821"", ""da199b003178e7d6""]"
https://www.airbnb.com/rooms/1693869336449815065,overlap-0128,"[""1d61626455b0fc87"", ""31a7d0d3d02e23d1"", ""7ac3caed72b37776"", ""af5e23be9c459821"", ""da199b003178e7d6""]"
https://www.airbnb.com/rooms/1718489797532541900,overlap-0129,"[""1d61626455b0fc87"", ""31a7d0d3d02e23d1"", ""af5e23be9c459821"", ""da199b003178e7d6""]"
https://www.airbnb.com/rooms/1021950121967174724,overlap-0130,"[""1d61626455b0fc87"", ""7ac3caed72b37776"", ""af5e23be9c459821"", ""da199b003178e7d6""]"
https://www.airbnb.com/rooms/1069099002832026736,overlap-0130,"[""1d61626455b0fc87"", ""7ac3caed72b37776"", ""af5e23be9c459821"", ""da199b003178e7d6""]"
https://www.airbnb.com/rooms/1378544445687346074,overlap-0130,"[""1d61626455b0fc87"", ""7ac3caed72b37776"", ""af5e23be9c459821"", ""da199b003178e7d6""]"
https://www.airbnb.com/rooms/1474109651364886402,overlap-0130,"[""1d61626455b0fc87"", ""7ac3caed72b37776"", ""af5e23be9c459821"", ""da199b003178e7d6""]"
https://www.airbnb.com/rooms/1477676820957416565,overlap-0130,"[""1d61626455b0fc87"", ""7ac3caed72b37776"", ""af5e23be9c459821"", ""da199b003178e7d6""]"
https://www.airbnb.com/rooms/1518961635659295222,overlap-0130,"[""1d61626455b0fc87"", ""7ac3caed72b37776"", ""af5e23be9c459821"", ""da199b003178e7d6""]"
https://www.airbnb.com/rooms/1525549556106524855,overlap-0130,"[""1d61626455b0fc87"", ""7ac3caed72b37776"", ""af5e23be9c459821"", ""da199b003178e7d6""]"
https://www.airbnb.com/rooms/1529793375558870342,overlap-0130,"[""1d61626455b0fc87"", ""7ac3caed72b37776"", ""af5e23be9c459821"", ""da199b003178e7d6""]"
https://www.airbnb.com/rooms/1569835345583131151,overlap-0130,"[""1d61626455b0fc87"", ""7ac3caed72b37776"", ""af5e23be9c459821"", ""da199b003178e7d6""]"
https://www.airbnb.com/rooms/1571989839558551998,overlap-0130,"[""1d61626455b0fc87"", ""7ac3caed72b37776"", ""af5e23be9c459821"", ""da199b003178e7d6""]"
https://www.airbnb.com/rooms/1577072590324141017,overlap-0130,"[""1d61626455b0fc87"", ""7ac3caed72b37776"", ""af5e23be9c459821"", ""da199b003178e7d6""]"
https://www.airbnb.com/rooms/1577536945658880222,overlap-0130,"[""1d61626455b0fc87"", ""7ac3caed72b37776"", ""af5e23be9c459821"", ""da199b003178e7d6""]"
https://www.airbnb.com/rooms/1581455832059843218,overlap-0130,"[""1d61626455b0fc87"", ""7ac3caed72b37776"", ""af5e23be9c459821"", ""da199b003178e7d6""]"
https://www.airbnb.com/rooms/1581473563710465117,overlap-0130,"[""1d61626455b0fc87"", ""7ac3caed72b37776"", ""af5e23be9c459821"", ""da199b003178e7d6""]"
https://www.airbnb.com/rooms/1605332312967566175,overlap-0130,"[""1d61626455b0fc87"", ""7ac3caed72b37776"", ""af5e23be9c459821"", ""da199b003178e7d6""]"
https://www.airbnb.com/rooms/1612665875814144522,overlap-0130,"[""1d61626455b0fc87"", ""7ac3caed72b37776"", ""af5e23be9c459821"", ""da199b003178e7d6""]"
https://www.airbnb.com/rooms/1626897227886398999,overlap-0130,"[""1d61626455b0fc87"", ""7ac3caed72b37776"", ""af5e23be9c459821"", ""da199b003178e7d6""]"
https://www.airbnb.com/rooms/1627112947494840263,overlap-0130,"[""1d61626455b0fc87"", ""7ac3caed72b37776"", ""af5e23be9c459821"", ""da199b003178e7d6""]"
https://www.airbnb.com/rooms/1627122679670225961,overlap-0130,"[""1d61626455b0fc87"", ""7ac3caed72b37776"", ""af5e23be9c459821"", ""da199b003178e7d6""]"
https://www.airbnb.com/rooms/1628420329573753220,overlap-0130,"[""1d61626455b0fc87"", ""7ac3caed72b37776"", ""af5e23be9c459821"", ""da199b003178e7d6""]"
https://www.airbnb.com/rooms/1635876068539886976,overlap-0130,"[""1d61626455b0fc87"", ""7ac3caed72b37776"", ""af5e23be9c459821"", ""da199b003178e7d6""]"
https://www.airbnb.com/rooms/1638670113659853654,overlap-0130,"[""1d61626455b0fc87"", ""7ac3caed72b37776"", ""af5e23be9c459821"", ""da199b003178e7d6""]"
https://www.airbnb.com/rooms/1644569346174146088,overlap-0130,"[""1d61626455b0fc87"", ""7ac3caed72b37776"", ""af5e23be9c459821"", ""da199b003178e7d6""]"
https://www.airbnb.com/rooms/1646405970287038266,overlap-0130,"[""1d61626455b0fc87"", ""7ac3caed72b37776"", ""af5e23be9c459821"", ""da199b003178e7d6""]"
https://www.airbnb.com/rooms/1651184942232891735,overlap-0130,"[""1d61626455b0fc87"", ""7ac3caed72b37776"", ""af5e23be9c459821"", ""da199b003178e7d6""]"
https://www.airbnb.com/rooms/1655424459582865245,overlap-0130,"[""1d61626455b0fc87"", ""7ac3caed72b37776"", ""af5e23be9c459821"", ""da199b003178e7d6""]"
https://www.airbnb.com/rooms/1657278667826199228,overlap-0130,"[""1d61626455b0fc87"", ""7ac3caed72b37776"", ""af5e23be9c459821"", ""da199b003178e7d6""]"
https://www.airbnb.com/rooms/1661648416930012038,overlap-0130,"[""1d61626455b0fc87"", ""7ac3caed72b37776"", ""af5e23be9c459821"", ""da199b003178e7d6""]"
https://www.airbnb.com/rooms/1672651918187809294,overlap-0130,"[""1d61626455b0fc87"", ""7ac3caed72b37776"", ""af5e23be9c459821"", ""da199b003178e7d6""]"
https://www.airbnb.com/rooms/1679330507557258062,overlap-0130,"[""1d61626455b0fc87"", ""7ac3caed72b37776"", ""af5e23be9c459821"", ""da199b003178e7d6""]"
https://www.airbnb.com/rooms/1680780949924385767,overlap-0130,"[""1d61626455b0fc87"", ""7ac3caed72b37776"", ""af5e23be9c459821"", ""da199b003178e7d6""]"
https://www.airbnb.com/rooms/1684345005744199897,overlap-0130,"[""1d61626455b0fc87"", ""7ac3caed72b37776"", ""af5e23be9c459821"", ""da199b003178e7d6""]"
https://www.airbnb.com/rooms/1701758296735235978,overlap-0130,"[""1d61626455b0fc87"", ""7ac3caed72b37776"", ""af5e23be9c459821"", ""da199b003178e7d6""]"
https://www.airbnb.com/rooms/1714426247997972849,overlap-0130,"[""1d61626455b0fc87"", ""7ac3caed72b37776"", ""af5e23be9c459821"", ""da199b003178e7d6""]"
https://www.airbnb.com/rooms/1716793565595534762,overlap-0130,"[""1d61626455b0fc87"", ""7ac3caed72b37776"", ""af5e23be9c459821"", ""da199b003178e7d6""]"
https://www.airbnb.com/rooms/1719982021105302337,overlap-0130,"[""1d61626455b0fc87"", ""7ac3caed72b37776"", ""af5e23be9c459821"", ""da199b003178e7d6""]"
https://www.airbnb.com/rooms/1723356115811208938,overlap-0130,"[""1d61626455b0fc87"", ""7ac3caed72b37776"", ""af5e23be9c459821"", ""da199b003178e7d6""]"
https://www.airbnb.com/rooms/1723619674272085027,overlap-0130,"[""1d61626455b0fc87"", ""7ac3caed72b37776"", ""af5e23be9c459821"", ""da199b003178e7d6""]"
https://www.airbnb.com/rooms/1724057584765920346,overlap-0130,"[""1d61626455b0fc87"", ""7ac3caed72b37776"", ""af5e23be9c459821"", ""da199b003178e7d6""]"
https://www.airbnb.com/rooms/1726326209050671632,overlap-0130,"[""1d61626455b0fc87"", ""7ac3caed72b37776"", ""af5e23be9c459821"", ""da199b003178e7d6""]"
https://www.airbnb.com/rooms/1730108087847688262,overlap-0130,"[""1d61626455b0fc87"", ""7ac3caed72b37776"", ""af5e23be9c459821"", ""da199b003178e7d6""]"
https://www.airbnb.com/rooms/1736461606936120259,overlap-0130,"[""1d61626455b0fc87"", ""7ac3caed72b37776"", ""af5e23be9c459821"", ""da199b003178e7d6""]"
https://www.airbnb.com/rooms/1736576030527458719,overlap-0130,"[""1d61626455b0fc87"", ""7ac3caed72b37776"", ""af5e23be9c459821"", ""da199b003178e7d6""]"
https://www.airbnb.com/rooms/1739227287927648555,overlap-0130,"[""1d61626455b0fc87"", ""7ac3caed72b37776"", ""af5e23be9c459821"", ""da199b003178e7d6""]"
https://www.airbnb.com/rooms/1751878337300027380,overlap-0130,"[""1d61626455b0fc87"", ""7ac3caed72b37776"", ""af5e23be9c459821"", ""da199b003178e7d6""]"
https://www.airbnb.com/rooms/1754505080752338096,overlap-0130,"[""1d61626455b0fc87"", ""7ac3caed72b37776"", ""af5e23be9c459821"", ""da199b003178e7d6""]"
https://www.airbnb.com/rooms/1764543374955347160,overlap-0130,"[""1d61626455b0fc87"", ""7ac3caed72b37776"", ""af5e23be9c459821"", ""da199b003178e7d6""]"
https://www.airbnb.com/rooms/1764837833363088915,overlap-0130,"[""1d61626455b0fc87"", ""7ac3caed72b37776"", ""af5e23be9c459821"", ""da199b003178e7d6""]"
https://www.airbnb.com/rooms/1768920645634732236,overlap-0130,"[""1d61626455b0fc87"", ""7ac3caed72b37776"", ""af5e23be9c459821"", ""da199b003178e7d6""]"
https://www.airbnb.com/rooms/1771117738274288406,overlap-0130,"[""1d61626455b0fc87"", ""7ac3caed72b37776"", ""af5e23be9c459821"", ""da199b003178e7d6""]"
https://www.airbnb.com/rooms/1774224893559124584,overlap-0130,"[""1d61626455b0fc87"", ""7ac3caed72b37776"", ""af5e23be9c459821"", ""da199b003178e7d6""]"
https://www.airbnb.com/rooms/1780660241888865273,overlap-0130,"[""1d61626455b0fc87"", ""7ac3caed72b37776"", ""af5e23be9c459821"", ""da199b003178e7d6""]"
https://www.airbnb.com/rooms/965478523855622937,overlap-0130,"[""1d61626455b0fc87"", ""7ac3caed72b37776"", ""af5e23be9c459821"", ""da199b003178e7d6""]"
https://www.airbnb.com/rooms/1038082558585133367,overlap-0131,"[""1d61626455b0fc87"", ""7ac3caed72b37776"", ""af5e23be9c459821"", ""da199b003178e7d6"", ""e689c59e8509269a""]"
https://www.airbnb.com/rooms/48311229,overlap-0131,"[""1d61626455b0fc87"", ""7ac3caed72b37776"", ""af5e23be9c459821"", ""da199b003178e7d6"", ""e689c59e8509269a""]"
https://www.airbnb.com/rooms/1008119499656774007,overlap-0132,"[""1d61626455b0fc87"", ""da199b003178e7d6""]"
https://www.airbnb.com/rooms/1009583589043502210,overlap-0132,"[""1d61626455b0fc87"", ""da199b003178e7d6""]"
https://www.airbnb.com/rooms/1036179668389663624,overlap-0132,"[""1d61626455b0fc87"", ""da199b003178e7d6""]"
https://www.airbnb.com/rooms/1040821170408099671,overlap-0132,"[""1d61626455b0fc87"", ""da199b003178e7d6""]"
https://www.airbnb.com/rooms/1055702321615580156,overlap-0132,"[""1d61626455b0fc87"", ""da199b003178e7d6""]"
https://www.airbnb.com/rooms/1065529178348346449,overlap-0132,"[""1d61626455b0fc87"", ""da199b003178e7d6""]"
https://www.airbnb.com/rooms/1085009676617164622,overlap-0132,"[""1d61626455b0fc87"", ""da199b003178e7d6""]"
https://www.airbnb.com/rooms/1110365779922447550,overlap-0132,"[""1d61626455b0fc87"", ""da199b003178e7d6""]"
https://www.airbnb.com/rooms/1140927921961475137,overlap-0132,"[""1d61626455b0fc87"", ""da199b003178e7d6""]"
https://www.airbnb.com/rooms/1142679131905397305,overlap-0132,"[""1d61626455b0fc87"", ""da199b003178e7d6""]"
https://www.airbnb.com/rooms/1143039219655629344,overlap-0132,"[""1d61626455b0fc87"", ""da199b003178e7d6""]"
https://www.airbnb.com/rooms/1147728463063104463,overlap-0132,"[""1d61626455b0fc87"", ""da199b003178e7d6""]"
https://www.airbnb.com/rooms/1171256338723016238,overlap-0132,"[""1d61626455b0fc87"", ""da199b003178e7d6""]"
https://www.airbnb.com/rooms/1187195997113158396,overlap-0132,"[""1d61626455b0fc87"", ""da199b003178e7d6""]"
https://www.airbnb.com/rooms/1195878195266935747,overlap-0132,"[""1d61626455b0fc87"", ""da199b003178e7d6""]"
https://www.airbnb.com/rooms/1233198110283165019,overlap-0132,"[""1d61626455b0fc87"", ""da199b003178e7d6""]"
https://www.airbnb.com/rooms/1260327441119758175,overlap-0132,"[""1d61626455b0fc87"", ""da199b003178e7d6""]"
https://www.airbnb.com/rooms/1261900435845774125,overlap-0132,"[""1d61626455b0fc87"", ""da199b003178e7d6""]"
https://www.airbnb.com/rooms/1263100011072239056,overlap-0132,"[""1d61626455b0fc87"", ""da199b003178e7d6""]"
https://www.airbnb.com/rooms/1263503818342770261,overlap-0132,"[""1d61626455b0fc87"", ""da199b003178e7d6""]"
https://www.airbnb.com/rooms/1316625920537172983,overlap-0132,"[""1d61626455b0fc87"", ""da199b003178e7d6""]"
https://www.airbnb.com/rooms/1330477162608306359,overlap-0132,"[""1d61626455b0fc87"", ""da199b003178e7d6""]"
https://www.airbnb.com/rooms/1331016466893818679,overlap-0132,"[""1d61626455b0fc87"", ""da199b003178e7d6""]"
https://www.airbnb.com/rooms/1341578773501306210,overlap-0132,"[""1d61626455b0fc87"", ""da199b003178e7d6""]"
https://www.airbnb.com/rooms/1341695104588198480,overlap-0132,"[""1d61626455b0fc87"", ""da199b003178e7d6""]"
https://www.airbnb.com/rooms/1345074889273022736,overlap-0132,"[""1d61626455b0fc87"", ""da199b003178e7d6""]"
https://www.airbnb.com/rooms/1349307018747581823,overlap-0132,"[""1d61626455b0fc87"", ""da199b003178e7d6""]"
https://www.airbnb.com/rooms/1374765779628508156,overlap-0132,"[""1d61626455b0fc87"", ""da199b003178e7d6""]"
https://www.airbnb.com/rooms/1375515862629278029,overlap-0132,"[""1d61626455b0fc87"", ""da199b003178e7d6""]"
https://www.airbnb.com/rooms/1378554530075559034,overlap-0132,"[""1d61626455b0fc87"", ""da199b003178e7d6""]"
https://www.airbnb.com/rooms/1386276608729848057,overlap-0132,"[""1d61626455b0fc87"", ""da199b003178e7d6""]"
https://www.airbnb.com/rooms/1405149057039101437,overlap-0132,"[""1d61626455b0fc87"", ""da199b003178e7d6""]"
https://www.airbnb.com/rooms/1516763014209074363,overlap-0132,"[""1d61626455b0fc87"", ""da199b003178e7d6""]"
https://www.airbnb.com/rooms/1540969212812371563,overlap-0132,"[""1d61626455b0fc87"", ""da199b003178e7d6""]"
https://www.airbnb.com/rooms/1574201968172102682,overlap-0132,"[""1d61626455b0fc87"", ""da199b003178e7d6""]"
https://www.airbnb.com/rooms/1576297359433455046,overlap-0132,"[""1d61626455b0fc87"", ""da199b003178e7d6""]"
https://www.airbnb.com/rooms/1576316708459246422,overlap-0132,"[""1d61626455b0fc87"", ""da199b003178e7d6""]"
https://www.airbnb.com/rooms/1576326348059848162,overlap-0132,"[""1d61626455b0fc87"", ""da199b003178e7d6""]"
https://www.airbnb.com/rooms/1577010263917799812,overlap-0132,"[""1d61626455b0fc87"", ""da199b003178e7d6""]"
https://www.airbnb.com/rooms/1578473934531950421,overlap-0132,"[""1d61626455b0fc87"", ""da199b003178e7d6""]"
https://www.airbnb.com/rooms/1688662024558910352,overlap-0132,"[""1d61626455b0fc87"", ""da199b003178e7d6""]"
https://www.airbnb.com/rooms/1697090067606169694,overlap-0132,"[""1d61626455b0fc87"", ""da199b003178e7d6""]"
https://www.airbnb.com/rooms/1730604083255459552,overlap-0132,"[""1d61626455b0fc87"", ""da199b003178e7d6""]"
https://www.airbnb.com/rooms/1755402107627425094,overlap-0132,"[""1d61626455b0fc87"", ""da199b003178e7d6""]"
https://www.airbnb.com/rooms/595464065104377190,overlap-0132,"[""1d61626455b0fc87"", ""da199b003178e7d6""]"
https://www.airbnb.com/rooms/596505881161642761,overlap-0132,"[""1d61626455b0fc87"", ""da199b003178e7d6""]"
https://www.airbnb.com/rooms/608614132921447513,overlap-0132,"[""1d61626455b0fc87"", ""da199b003178e7d6""]"
https://www.airbnb.com/rooms/615912420825862994,overlap-0132,"[""1d61626455b0fc87"", ""da199b003178e7d6""]"
https://www.airbnb.com/rooms/615927262195907169,overlap-0132,"[""1d61626455b0fc87"", ""da199b003178e7d6""]"
https://www.airbnb.com/rooms/674736390816097045,overlap-0132,"[""1d61626455b0fc87"", ""da199b003178e7d6""]"
https://www.airbnb.com/rooms/675783532418962652,overlap-0132,"[""1d61626455b0fc87"", ""da199b003178e7d6""]"
https://www.airbnb.com/rooms/694950269405352289,overlap-0132,"[""1d61626455b0fc87"", ""da199b003178e7d6""]"
https://www.airbnb.com/rooms/711542158660636836,overlap-0132,"[""1d61626455b0fc87"", ""da199b003178e7d6""]"
https://www.airbnb.com/rooms/716751232681547254,overlap-0132,"[""1d61626455b0fc87"", ""da199b003178e7d6""]"
https://www.airbnb.com/rooms/717366039305110465,overlap-0132,"[""1d61626455b0fc87"", ""da199b003178e7d6""]"
https://www.airbnb.com/rooms/734118956626903937,overlap-0132,"[""1d61626455b0fc87"", ""da199b003178e7d6""]"
https://www.airbnb.com/rooms/734977990501366884,overlap-0132,"[""1d61626455b0fc87"", ""da199b003178e7d6""]"
https://www.airbnb.com/rooms/740802264281070007,overlap-0132,"[""1d61626455b0fc87"", ""da199b003178e7d6""]"
https://www.airbnb.com/rooms/742179926578466874,overlap-0132,"[""1d61626455b0fc87"", ""da199b003178e7d6""]"
https://www.airbnb.com/rooms/742600504139872633,overlap-0132,"[""1d61626455b0fc87"", ""da199b003178e7d6""]"
https://www.airbnb.com/rooms/747048779335417236,overlap-0132,"[""1d61626455b0fc87"", ""da199b003178e7d6""]"
https://www.airbnb.com/rooms/761192863007544136,overlap-0132,"[""1d61626455b0fc87"", ""da199b003178e7d6""]"
https://www.airbnb.com/rooms/850179137902544665,overlap-0132,"[""1d61626455b0fc87"", ""da199b003178e7d6""]"
https://www.airbnb.com/rooms/937720398499090087,overlap-0132,"[""1d61626455b0fc87"", ""da199b003178e7d6""]"
https://www.airbnb.com/rooms/942962797275265222,overlap-0132,"[""1d61626455b0fc87"", ""da199b003178e7d6""]"
https://www.airbnb.com/rooms/953656058824809105,overlap-0132,"[""1d61626455b0fc87"", ""da199b003178e7d6""]"
https://www.airbnb.com/rooms/964561745830436069,overlap-0132,"[""1d61626455b0fc87"", ""da199b003178e7d6""]"
https://www.airbnb.com/rooms/997954916078745456,overlap-0132,"[""1d61626455b0fc87"", ""da199b003178e7d6""]"
https://www.airbnb.com/rooms/1238660480541587477,overlap-0133,"[""1d7f103688315621"", ""748dc410023c720b""]"
https://www.airbnb.com/rooms/1302932697254891394,overlap-0133,"[""1d7f103688315621"", ""748dc410023c720b""]"
https://www.airbnb.com/rooms/1413050329790992570,overlap-0133,"[""1d7f103688315621"", ""748dc410023c720b""]"
https://www.airbnb.com/rooms/1595109072378021107,overlap-0133,"[""1d7f103688315621"", ""748dc410023c720b""]"
https://www.airbnb.com/rooms/1634476096521599854,overlap-0133,"[""1d7f103688315621"", ""748dc410023c720b""]"
https://www.airbnb.com/rooms/20565816,overlap-0133,"[""1d7f103688315621"", ""748dc410023c720b""]"
https://www.airbnb.com/rooms/805025432139450647,overlap-0134,"[""1d7f103688315621"", ""748dc410023c720b"", ""ae6d9d99837e95d3"", ""f7ad5e66fb110023""]"
https://www.airbnb.com/rooms/15336863,overlap-0135,"[""1d7f103688315621"", ""ae6d9d99837e95d3""]"
https://www.airbnb.com/rooms/15355149,overlap-0135,"[""1d7f103688315621"", ""ae6d9d99837e95d3""]"
https://www.airbnb.com/rooms/15372080,overlap-0135,"[""1d7f103688315621"", ""ae6d9d99837e95d3""]"
https://www.airbnb.com/rooms/15373565,overlap-0135,"[""1d7f103688315621"", ""ae6d9d99837e95d3""]"
https://www.airbnb.com/rooms/15374911,overlap-0135,"[""1d7f103688315621"", ""ae6d9d99837e95d3""]"
https://www.airbnb.com/rooms/1544338212953976085,overlap-0135,"[""1d7f103688315621"", ""ae6d9d99837e95d3""]"
https://www.airbnb.com/rooms/1544364360971449270,overlap-0135,"[""1d7f103688315621"", ""ae6d9d99837e95d3""]"
https://www.airbnb.com/rooms/1652866976842614342,overlap-0135,"[""1d7f103688315621"", ""ae6d9d99837e95d3""]"
https://www.airbnb.com/rooms/35761331,overlap-0135,"[""1d7f103688315621"", ""ae6d9d99837e95d3""]"
https://www.airbnb.com/rooms/848598303621376559,overlap-0135,"[""1d7f103688315621"", ""ae6d9d99837e95d3""]"
https://www.airbnb.com/rooms/1739250420496286664,overlap-0136,"[""245437999926e32b"", ""9a6901a3bbc55361"", ""b42ae160c48ecc77"", ""ddc5adbe35fccb99""]"
https://www.airbnb.com/rooms/28611832,overlap-0136,"[""245437999926e32b"", ""9a6901a3bbc55361"", ""b42ae160c48ecc77"", ""ddc5adbe35fccb99""]"
https://www.airbnb.com/rooms/28612147,overlap-0136,"[""245437999926e32b"", ""9a6901a3bbc55361"", ""b42ae160c48ecc77"", ""ddc5adbe35fccb99""]"
https://www.airbnb.com/rooms/44316702,overlap-0136,"[""245437999926e32b"", ""9a6901a3bbc55361"", ""b42ae160c48ecc77"", ""ddc5adbe35fccb99""]"
https://www.airbnb.com/rooms/1119137392574157568,overlap-0137,"[""245437999926e32b"", ""b42ae160c48ecc77"", ""ddc5adbe35fccb99""]"
https://www.airbnb.com/rooms/1366775415954468705,overlap-0137,"[""245437999926e32b"", ""b42ae160c48ecc77"", ""ddc5adbe35fccb99""]"
https://www.airbnb.com/rooms/1366793424850670022,overlap-0137,"[""245437999926e32b"", ""b42ae160c48ecc77"", ""ddc5adbe35fccb99""]"
https://www.airbnb.com/rooms/1366796975691396081,overlap-0137,"[""245437999926e32b"", ""b42ae160c48ecc77"", ""ddc5adbe35fccb99""]"
https://www.airbnb.com/rooms/1366803964891545649,overlap-0137,"[""245437999926e32b"", ""b42ae160c48ecc77"", ""ddc5adbe35fccb99""]"
https://www.airbnb.com/rooms/1366811391917866161,overlap-0137,"[""245437999926e32b"", ""b42ae160c48ecc77"", ""ddc5adbe35fccb99""]"
https://www.airbnb.com/rooms/1366814842022208852,overlap-0137,"[""245437999926e32b"", ""b42ae160c48ecc77"", ""ddc5adbe35fccb99""]"
https://www.airbnb.com/rooms/1366818748053625300,overlap-0137,"[""245437999926e32b"", ""b42ae160c48ecc77"", ""ddc5adbe35fccb99""]"
https://www.airbnb.com/rooms/1366823273156589578,overlap-0137,"[""245437999926e32b"", ""b42ae160c48ecc77"", ""ddc5adbe35fccb99""]"
https://www.airbnb.com/rooms/1680570951942020499,overlap-0137,"[""245437999926e32b"", ""b42ae160c48ecc77"", ""ddc5adbe35fccb99""]"
https://www.airbnb.com/rooms/1739250462375912680,overlap-0137,"[""245437999926e32b"", ""b42ae160c48ecc77"", ""ddc5adbe35fccb99""]"
https://www.airbnb.com/rooms/1739250542866425594,overlap-0137,"[""245437999926e32b"", ""b42ae160c48ecc77"", ""ddc5adbe35fccb99""]"
https://www.airbnb.com/rooms/1739975161192822590,overlap-0137,"[""245437999926e32b"", ""b42ae160c48ecc77"", ""ddc5adbe35fccb99""]"
https://www.airbnb.com/rooms/1766079959040244172,overlap-0137,"[""245437999926e32b"", ""b42ae160c48ecc77"", ""ddc5adbe35fccb99""]"
https://www.airbnb.com/rooms/18944099,overlap-0137,"[""245437999926e32b"", ""b42ae160c48ecc77"", ""ddc5adbe35fccb99""]"
https://www.airbnb.com/rooms/19155943,overlap-0137,"[""245437999926e32b"", ""b42ae160c48ecc77"", ""ddc5adbe35fccb99""]"
https://www.airbnb.com/rooms/19450972,overlap-0137,"[""245437999926e32b"", ""b42ae160c48ecc77"", ""ddc5adbe35fccb99""]"
https://www.airbnb.com/rooms/20901478,overlap-0137,"[""245437999926e32b"", ""b42ae160c48ecc77"", ""ddc5adbe35fccb99""]"
https://www.airbnb.com/rooms/21191242,overlap-0137,"[""245437999926e32b"", ""b42ae160c48ecc77"", ""ddc5adbe35fccb99""]"
https://www.airbnb.com/rooms/22703330,overlap-0137,"[""245437999926e32b"", ""b42ae160c48ecc77"", ""ddc5adbe35fccb99""]"
https://www.airbnb.com/rooms/22703634,overlap-0137,"[""245437999926e32b"", ""b42ae160c48ecc77"", ""ddc5adbe35fccb99""]"
https://www.airbnb.com/rooms/2699594,overlap-0137,"[""245437999926e32b"", ""b42ae160c48ecc77"", ""ddc5adbe35fccb99""]"
https://www.airbnb.com/rooms/27282037,overlap-0137,"[""245437999926e32b"", ""b42ae160c48ecc77"", ""ddc5adbe35fccb99""]"
https://www.airbnb.com/rooms/28612808,overlap-0137,"[""245437999926e32b"", ""b42ae160c48ecc77"", ""ddc5adbe35fccb99""]"
https://www.airbnb.com/rooms/28631887,overlap-0137,"[""245437999926e32b"", ""b42ae160c48ecc77"", ""ddc5adbe35fccb99""]"
https://www.airbnb.com/rooms/33090426,overlap-0137,"[""245437999926e32b"", ""b42ae160c48ecc77"", ""ddc5adbe35fccb99""]"
https://www.airbnb.com/rooms/33090435,overlap-0137,"[""245437999926e32b"", ""b42ae160c48ecc77"", ""ddc5adbe35fccb99""]"
https://www.airbnb.com/rooms/33091529,overlap-0137,"[""245437999926e32b"", ""b42ae160c48ecc77"", ""ddc5adbe35fccb99""]"
https://www.airbnb.com/rooms/33095170,overlap-0137,"[""245437999926e32b"", ""b42ae160c48ecc77"", ""ddc5adbe35fccb99""]"
https://www.airbnb.com/rooms/33095212,overlap-0137,"[""245437999926e32b"", ""b42ae160c48ecc77"", ""ddc5adbe35fccb99""]"
https://www.airbnb.com/rooms/33269267,overlap-0137,"[""245437999926e32b"", ""b42ae160c48ecc77"", ""ddc5adbe35fccb99""]"
https://www.airbnb.com/rooms/33345948,overlap-0137,"[""245437999926e32b"", ""b42ae160c48ecc77"", ""ddc5adbe35fccb99""]"
https://www.airbnb.com/rooms/723011864219940272,overlap-0137,"[""245437999926e32b"", ""b42ae160c48ecc77"", ""ddc5adbe35fccb99""]"
https://www.airbnb.com/rooms/723025408402274364,overlap-0137,"[""245437999926e32b"", ""b42ae160c48ecc77"", ""ddc5adbe35fccb99""]"
https://www.airbnb.com/rooms/723084742833302051,overlap-0137,"[""245437999926e32b"", ""b42ae160c48ecc77"", ""ddc5adbe35fccb99""]"
https://www.airbnb.com/rooms/999767742589915836,overlap-0137,"[""245437999926e32b"", ""b42ae160c48ecc77"", ""ddc5adbe35fccb99""]"
https://www.airbnb.com/rooms/577426464761464201,overlap-0138,"[""245437999926e32b"", ""c93854c0298242ef"", ""ddc5adbe35fccb99""]"
https://www.airbnb.com/rooms/577433347677437444,overlap-0138,"[""245437999926e32b"", ""c93854c0298242ef"", ""ddc5adbe35fccb99""]"
https://www.airbnb.com/rooms/577434926565879835,overlap-0138,"[""245437999926e32b"", ""c93854c0298242ef"", ""ddc5adbe35fccb99""]"
https://www.airbnb.com/rooms/577446854246796449,overlap-0138,"[""245437999926e32b"", ""c93854c0298242ef"", ""ddc5adbe35fccb99""]"
https://www.airbnb.com/rooms/577448622142832340,overlap-0138,"[""245437999926e32b"", ""c93854c0298242ef"", ""ddc5adbe35fccb99""]"
https://www.airbnb.com/rooms/577449404996952445,overlap-0138,"[""245437999926e32b"", ""c93854c0298242ef"", ""ddc5adbe35fccb99""]"
https://www.airbnb.com/rooms/577452419198754499,overlap-0138,"[""245437999926e32b"", ""c93854c0298242ef"", ""ddc5adbe35fccb99""]"
https://www.airbnb.com/rooms/577453229500382812,overlap-0138,"[""245437999926e32b"", ""c93854c0298242ef"", ""ddc5adbe35fccb99""]"
https://www.airbnb.com/rooms/577453771740845516,overlap-0138,"[""245437999926e32b"", ""c93854c0298242ef"", ""ddc5adbe35fccb99""]"
https://www.airbnb.com/rooms/577454347762740789,overlap-0138,"[""245437999926e32b"", ""c93854c0298242ef"", ""ddc5adbe35fccb99""]"
https://www.airbnb.com/rooms/766504654767221890,overlap-0138,"[""245437999926e32b"", ""c93854c0298242ef"", ""ddc5adbe35fccb99""]"
https://www.airbnb.com/rooms/766514433871423365,overlap-0138,"[""245437999926e32b"", ""c93854c0298242ef"", ""ddc5adbe35fccb99""]"
https://www.airbnb.com/rooms/766527360231665491,overlap-0138,"[""245437999926e32b"", ""c93854c0298242ef"", ""ddc5adbe35fccb99""]"
https://www.airbnb.com/rooms/999063439555766914,overlap-0138,"[""245437999926e32b"", ""c93854c0298242ef"", ""ddc5adbe35fccb99""]"
https://www.airbnb.com/rooms/1311063496936624820,overlap-0139,"[""245437999926e32b"", ""ddc5adbe35fccb99""]"
https://www.airbnb.com/rooms/1326195852330956031,overlap-0139,"[""245437999926e32b"", ""ddc5adbe35fccb99""]"
https://www.airbnb.com/rooms/1739250377339397608,overlap-0139,"[""245437999926e32b"", ""ddc5adbe35fccb99""]"
https://www.airbnb.com/rooms/1739250584507955903,overlap-0139,"[""245437999926e32b"", ""ddc5adbe35fccb99""]"
https://www.airbnb.com/rooms/1739250622756739731,overlap-0139,"[""245437999926e32b"", ""ddc5adbe35fccb99""]"
https://www.airbnb.com/rooms/9780030,overlap-0139,"[""245437999926e32b"", ""ddc5adbe35fccb99""]"
https://www.airbnb.com/rooms/34018816,overlap-0140,"[""26749815e69b9949"", ""466cf67889f703a7""]"
https://www.airbnb.com/rooms/1165149682145674278,overlap-0141,"[""26749815e69b9949"", ""d97d79ca0dfa0064""]"
https://www.airbnb.com/rooms/1178840753293551715,overlap-0141,"[""26749815e69b9949"", ""d97d79ca0dfa0064""]"
https://www.airbnb.com/rooms/1347170422226365216,overlap-0141,"[""26749815e69b9949"", ""d97d79ca0dfa0064""]"
https://www.airbnb.com/rooms/15179484,overlap-0141,"[""26749815e69b9949"", ""d97d79ca0dfa0064""]"
https://www.airbnb.com/rooms/1536968410634287371,overlap-0141,"[""26749815e69b9949"", ""d97d79ca0dfa0064""]"
https://www.airbnb.com/rooms/1567467481364255518,overlap-0141,"[""26749815e69b9949"", ""d97d79ca0dfa0064""]"
https://www.airbnb.com/rooms/1658086912635330929,overlap-0141,"[""26749815e69b9949"", ""d97d79ca0dfa0064""]"
https://www.airbnb.com/rooms/1664019836664201451,overlap-0141,"[""26749815e69b9949"", ""d97d79ca0dfa0064""]"
https://www.airbnb.com/rooms/1692152309193040348,overlap-0141,"[""26749815e69b9949"", ""d97d79ca0dfa0064""]"
https://www.airbnb.com/rooms/1753595476612230967,overlap-0141,"[""26749815e69b9949"", ""d97d79ca0dfa0064""]"
https://www.airbnb.com/rooms/41827072,overlap-0141,"[""26749815e69b9949"", ""d97d79ca0dfa0064""]"
https://www.airbnb.com/rooms/52511086,overlap-0141,"[""26749815e69b9949"", ""d97d79ca0dfa0064""]"
https://www.airbnb.com/rooms/564536606698887571,overlap-0141,"[""26749815e69b9949"", ""d97d79ca0dfa0064""]"
https://www.airbnb.com/rooms/632364711016597862,overlap-0141,"[""26749815e69b9949"", ""d97d79ca0dfa0064""]"
https://www.airbnb.com/rooms/728359851139299618,overlap-0141,"[""26749815e69b9949"", ""d97d79ca0dfa0064""]"
https://www.airbnb.com/rooms/915325687682460130,overlap-0141,"[""26749815e69b9949"", ""d97d79ca0dfa0064""]"
https://www.airbnb.com/rooms/16603192,overlap-0142,"[""2858e1c2802b6977"", ""75d95203ee0835e5"", ""8661324004dc4c06""]"
https://www.airbnb.com/rooms/559168525355813473,overlap-0142,"[""2858e1c2802b6977"", ""75d95203ee0835e5"", ""8661324004dc4c06""]"
https://www.airbnb.com/rooms/1038733406636063895,overlap-0143,"[""2858e1c2802b6977"", ""8661324004dc4c06""]"
https://www.airbnb.com/rooms/1051532701599492879,overlap-0143,"[""2858e1c2802b6977"", ""8661324004dc4c06""]"
https://www.airbnb.com/rooms/1097288185118202688,overlap-0143,"[""2858e1c2802b6977"", ""8661324004dc4c06""]"
https://www.airbnb.com/rooms/11108095,overlap-0143,"[""2858e1c2802b6977"", ""8661324004dc4c06""]"
https://www.airbnb.com/rooms/1203022087138652271,overlap-0143,"[""2858e1c2802b6977"", ""8661324004dc4c06""]"
https://www.airbnb.com/rooms/1217354516522158411,overlap-0143,"[""2858e1c2802b6977"", ""8661324004dc4c06""]"
https://www.airbnb.com/rooms/1217354517306227880,overlap-0143,"[""2858e1c2802b6977"", ""8661324004dc4c06""]"
https://www.airbnb.com/rooms/1218787980147814428,overlap-0143,"[""2858e1c2802b6977"", ""8661324004dc4c06""]"
https://www.airbnb.com/rooms/1550034498285334755,overlap-0143,"[""2858e1c2802b6977"", ""8661324004dc4c06""]"
https://www.airbnb.com/rooms/1749447734428214882,overlap-0143,"[""2858e1c2802b6977"", ""8661324004dc4c06""]"
https://www.airbnb.com/rooms/30392811,overlap-0143,"[""2858e1c2802b6977"", ""8661324004dc4c06""]"
https://www.airbnb.com/rooms/32067411,overlap-0143,"[""2858e1c2802b6977"", ""8661324004dc4c06""]"
https://www.airbnb.com/rooms/32186694,overlap-0143,"[""2858e1c2802b6977"", ""8661324004dc4c06""]"
https://www.airbnb.com/rooms/32186756,overlap-0143,"[""2858e1c2802b6977"", ""8661324004dc4c06""]"
https://www.airbnb.com/rooms/32187506,overlap-0143,"[""2858e1c2802b6977"", ""8661324004dc4c06""]"
https://www.airbnb.com/rooms/32284142,overlap-0143,"[""2858e1c2802b6977"", ""8661324004dc4c06""]"
https://www.airbnb.com/rooms/32284243,overlap-0143,"[""2858e1c2802b6977"", ""8661324004dc4c06""]"
https://www.airbnb.com/rooms/32284295,overlap-0143,"[""2858e1c2802b6977"", ""8661324004dc4c06""]"
https://www.airbnb.com/rooms/32284340,overlap-0143,"[""2858e1c2802b6977"", ""8661324004dc4c06""]"
https://www.airbnb.com/rooms/32284446,overlap-0143,"[""2858e1c2802b6977"", ""8661324004dc4c06""]"
https://www.airbnb.com/rooms/32284534,overlap-0143,"[""2858e1c2802b6977"", ""8661324004dc4c06""]"
https://www.airbnb.com/rooms/32284585,overlap-0143,"[""2858e1c2802b6977"", ""8661324004dc4c06""]"
https://www.airbnb.com/rooms/32284671,overlap-0143,"[""2858e1c2802b6977"", ""8661324004dc4c06""]"
https://www.airbnb.com/rooms/32284709,overlap-0143,"[""2858e1c2802b6977"", ""8661324004dc4c06""]"
https://www.airbnb.com/rooms/32284749,overlap-0143,"[""2858e1c2802b6977"", ""8661324004dc4c06""]"
https://www.airbnb.com/rooms/32284822,overlap-0143,"[""2858e1c2802b6977"", ""8661324004dc4c06""]"
https://www.airbnb.com/rooms/32284888,overlap-0143,"[""2858e1c2802b6977"", ""8661324004dc4c06""]"
https://www.airbnb.com/rooms/32284941,overlap-0143,"[""2858e1c2802b6977"", ""8661324004dc4c06""]"
https://www.airbnb.com/rooms/32285005,overlap-0143,"[""2858e1c2802b6977"", ""8661324004dc4c06""]"
https://www.airbnb.com/rooms/32308337,overlap-0143,"[""2858e1c2802b6977"", ""8661324004dc4c06""]"
https://www.airbnb.com/rooms/32308391,overlap-0143,"[""2858e1c2802b6977"", ""8661324004dc4c06""]"
https://www.airbnb.com/rooms/32308420,overlap-0143,"[""2858e1c2802b6977"", ""8661324004dc4c06""]"
https://www.airbnb.com/rooms/32309171,overlap-0143,"[""2858e1c2802b6977"", ""8661324004dc4c06""]"
https://www.airbnb.com/rooms/32309211,overlap-0143,"[""2858e1c2802b6977"", ""8661324004dc4c06""]"
https://www.airbnb.com/rooms/32309249,overlap-0143,"[""2858e1c2802b6977"", ""8661324004dc4c06""]"
https://www.airbnb.com/rooms/32311791,overlap-0143,"[""2858e1c2802b6977"", ""8661324004dc4c06""]"
https://www.airbnb.com/rooms/32311842,overlap-0143,"[""2858e1c2802b6977"", ""8661324004dc4c06""]"
https://www.airbnb.com/rooms/32311877,overlap-0143,"[""2858e1c2802b6977"", ""8661324004dc4c06""]"
https://www.airbnb.com/rooms/32311916,overlap-0143,"[""2858e1c2802b6977"", ""8661324004dc4c06""]"
https://www.airbnb.com/rooms/32311943,overlap-0143,"[""2858e1c2802b6977"", ""8661324004dc4c06""]"
https://www.airbnb.com/rooms/32312578,overlap-0143,"[""2858e1c2802b6977"", ""8661324004dc4c06""]"
https://www.airbnb.com/rooms/32312615,overlap-0143,"[""2858e1c2802b6977"", ""8661324004dc4c06""]"
https://www.airbnb.com/rooms/32312650,overlap-0143,"[""2858e1c2802b6977"", ""8661324004dc4c06""]"
https://www.airbnb.com/rooms/32312679,overlap-0143,"[""2858e1c2802b6977"", ""8661324004dc4c06""]"
https://www.airbnb.com/rooms/32312712,overlap-0143,"[""2858e1c2802b6977"", ""8661324004dc4c06""]"
https://www.airbnb.com/rooms/32332212,overlap-0143,"[""2858e1c2802b6977"", ""8661324004dc4c06""]"
https://www.airbnb.com/rooms/32332298,overlap-0143,"[""2858e1c2802b6977"", ""8661324004dc4c06""]"
https://www.airbnb.com/rooms/42096047,overlap-0143,"[""2858e1c2802b6977"", ""8661324004dc4c06""]"
https://www.airbnb.com/rooms/42098783,overlap-0143,"[""2858e1c2802b6977"", ""8661324004dc4c06""]"
https://www.airbnb.com/rooms/42099257,overlap-0143,"[""2858e1c2802b6977"", ""8661324004dc4c06""]"
https://www.airbnb.com/rooms/42231887,overlap-0143,"[""2858e1c2802b6977"", ""8661324004dc4c06""]"
https://www.airbnb.com/rooms/42493412,overlap-0143,"[""2858e1c2802b6977"", ""8661324004dc4c06""]"
https://www.airbnb.com/rooms/42493913,overlap-0143,"[""2858e1c2802b6977"", ""8661324004dc4c06""]"
https://www.airbnb.com/rooms/48380346,overlap-0143,"[""2858e1c2802b6977"", ""8661324004dc4c06""]"
https://www.airbnb.com/rooms/53155491,overlap-0143,"[""2858e1c2802b6977"", ""8661324004dc4c06""]"
https://www.airbnb.com/rooms/573277605325252363,overlap-0143,"[""2858e1c2802b6977"", ""8661324004dc4c06""]"
https://www.airbnb.com/rooms/690581763125031037,overlap-0143,"[""2858e1c2802b6977"", ""8661324004dc4c06""]"
https://www.airbnb.com/rooms/1219527327506850272,overlap-0144,"[""2858e1c2802b6977"", ""8661324004dc4c06"", ""92a4f510b6bd2087""]"
https://www.airbnb.com/rooms/1219538398003089550,overlap-0144,"[""2858e1c2802b6977"", ""8661324004dc4c06"", ""92a4f510b6bd2087""]"
https://www.airbnb.com/rooms/1370383094603489981,overlap-0144,"[""2858e1c2802b6977"", ""8661324004dc4c06"", ""92a4f510b6bd2087""]"
https://www.airbnb.com/rooms/36561279,overlap-0144,"[""2858e1c2802b6977"", ""8661324004dc4c06"", ""92a4f510b6bd2087""]"
https://www.airbnb.com/rooms/41042035,overlap-0144,"[""2858e1c2802b6977"", ""8661324004dc4c06"", ""92a4f510b6bd2087""]"
https://www.airbnb.com/rooms/43484451,overlap-0144,"[""2858e1c2802b6977"", ""8661324004dc4c06"", ""92a4f510b6bd2087""]"
https://www.airbnb.com/rooms/46621323,overlap-0144,"[""2858e1c2802b6977"", ""8661324004dc4c06"", ""92a4f510b6bd2087""]"
https://www.airbnb.com/rooms/52032159,overlap-0144,"[""2858e1c2802b6977"", ""8661324004dc4c06"", ""92a4f510b6bd2087""]"
https://www.airbnb.com/rooms/597882233992600992,overlap-0144,"[""2858e1c2802b6977"", ""8661324004dc4c06"", ""92a4f510b6bd2087""]"
https://www.airbnb.com/rooms/974119302087007771,overlap-0144,"[""2858e1c2802b6977"", ""8661324004dc4c06"", ""92a4f510b6bd2087""]"
https://www.airbnb.com/rooms/974119368893304680,overlap-0144,"[""2858e1c2802b6977"", ""8661324004dc4c06"", ""92a4f510b6bd2087""]"
https://www.airbnb.com/rooms/974119455386981726,overlap-0144,"[""2858e1c2802b6977"", ""8661324004dc4c06"", ""92a4f510b6bd2087""]"
https://www.airbnb.com/rooms/26473813,overlap-0145,"[""2858e1c2802b6977"", ""8661324004dc4c06"", ""d46bc721e229d901""]"
https://www.airbnb.com/rooms/665857219938074769,overlap-0145,"[""2858e1c2802b6977"", ""8661324004dc4c06"", ""d46bc721e229d901""]"
https://www.airbnb.com/rooms/41421764,overlap-0146,"[""2858e1c2802b6977"", ""92a4f510b6bd2087""]"
https://www.airbnb.com/rooms/41552597,overlap-0146,"[""2858e1c2802b6977"", ""92a4f510b6bd2087""]"
https://www.airbnb.com/rooms/41553375,overlap-0146,"[""2858e1c2802b6977"", ""92a4f510b6bd2087""]"
https://www.airbnb.com/rooms/41553993,overlap-0146,"[""2858e1c2802b6977"", ""92a4f510b6bd2087""]"
https://www.airbnb.com/rooms/41554289,overlap-0146,"[""2858e1c2802b6977"", ""92a4f510b6bd2087""]"
https://www.airbnb.com/rooms/41690971,overlap-0146,"[""2858e1c2802b6977"", ""92a4f510b6bd2087""]"
https://www.airbnb.com/rooms/46621349,overlap-0146,"[""2858e1c2802b6977"", ""92a4f510b6bd2087""]"
https://www.airbnb.com/rooms/53508162,overlap-0146,"[""2858e1c2802b6977"", ""92a4f510b6bd2087""]"
https://www.airbnb.com/rooms/53508179,overlap-0146,"[""2858e1c2802b6977"", ""92a4f510b6bd2087""]"
https://www.airbnb.com/rooms/597869859698938723,overlap-0146,"[""2858e1c2802b6977"", ""92a4f510b6bd2087""]"
https://www.airbnb.com/rooms/597882450448409044,overlap-0146,"[""2858e1c2802b6977"", ""92a4f510b6bd2087""]"
https://www.airbnb.com/rooms/597882949136558178,overlap-0146,"[""2858e1c2802b6977"", ""92a4f510b6bd2087""]"
https://www.airbnb.com/rooms/974119208329583860,overlap-0146,"[""2858e1c2802b6977"", ""92a4f510b6bd2087""]"
https://www.airbnb.com/rooms/9692894,overlap-0147,"[""2c71bef018410317"", ""74bbc2eadf811e8b""]"
https://www.airbnb.com/rooms/36728294,overlap-0148,"[""2c71bef018410317"", ""9d9c9f0e02fad66b""]"
https://www.airbnb.com/rooms/1483595743696442021,overlap-0149,"[""2c71bef018410317"", ""ad72ac69fdc378b6""]"
https://www.airbnb.com/rooms/760743300133591095,overlap-0149,"[""2c71bef018410317"", ""ad72ac69fdc378b6""]"
https://www.airbnb.com/rooms/1156590540980138311,overlap-0150,"[""2d7bd4398a47fdf4"", ""5074664e53f032ae"", ""78ddd7ba188eb82a"", ""e689c59e8509269a""]"
https://www.airbnb.com/rooms/1269134112093572388,overlap-0151,"[""2d7bd4398a47fdf4"", ""5074664e53f032ae"", ""e689c59e8509269a""]"
https://www.airbnb.com/rooms/1709093258995961714,overlap-0151,"[""2d7bd4398a47fdf4"", ""5074664e53f032ae"", ""e689c59e8509269a""]"
https://www.airbnb.com/rooms/1197952298691753971,overlap-0152,"[""2d7bd4398a47fdf4"", ""a444c11c944adc3f"", ""e689c59e8509269a""]"
https://www.airbnb.com/rooms/1167674458504124354,overlap-0153,"[""2d7bd4398a47fdf4"", ""e689c59e8509269a""]"
https://www.airbnb.com/rooms/1378555813588347349,overlap-0153,"[""2d7bd4398a47fdf4"", ""e689c59e8509269a""]"
https://www.airbnb.com/rooms/1668919258426655391,overlap-0153,"[""2d7bd4398a47fdf4"", ""e689c59e8509269a""]"
https://www.airbnb.com/rooms/40970811,overlap-0153,"[""2d7bd4398a47fdf4"", ""e689c59e8509269a""]"
https://www.airbnb.com/rooms/46063002,overlap-0153,"[""2d7bd4398a47fdf4"", ""e689c59e8509269a""]"
https://www.airbnb.com/rooms/843611709320420919,overlap-0153,"[""2d7bd4398a47fdf4"", ""e689c59e8509269a""]"
https://www.airbnb.com/rooms/41032405,overlap-0154,"[""302ea2f4857f1486"", ""35437ce0555b78d2"", ""7d21b13308068b2d"", ""c8f88860f2a3fc87"", ""d97d79ca0dfa0064""]"
https://www.airbnb.com/rooms/1287645103107509985,overlap-0155,"[""302ea2f4857f1486"", ""466cf67889f703a7""]"
https://www.airbnb.com/rooms/1581620580721190370,overlap-0155,"[""302ea2f4857f1486"", ""466cf67889f703a7""]"
https://www.airbnb.com/rooms/1661633431866026818,overlap-0155,"[""302ea2f4857f1486"", ""466cf67889f703a7""]"
https://www.airbnb.com/rooms/1740797136749832010,overlap-0155,"[""302ea2f4857f1486"", ""466cf67889f703a7""]"
https://www.airbnb.com/rooms/1740797139250235864,overlap-0155,"[""302ea2f4857f1486"", ""466cf67889f703a7""]"
https://www.airbnb.com/rooms/1740797140358281514,overlap-0155,"[""302ea2f4857f1486"", ""466cf67889f703a7""]"
https://www.airbnb.com/rooms/1740797142754878292,overlap-0155,"[""302ea2f4857f1486"", ""466cf67889f703a7""]"
https://www.airbnb.com/rooms/1740797147026584374,overlap-0155,"[""302ea2f4857f1486"", ""466cf67889f703a7""]"
https://www.airbnb.com/rooms/1740797151011233532,overlap-0155,"[""302ea2f4857f1486"", ""466cf67889f703a7""]"
https://www.airbnb.com/rooms/1740797151779707637,overlap-0155,"[""302ea2f4857f1486"", ""466cf67889f703a7""]"
https://www.airbnb.com/rooms/1740797153988438606,overlap-0155,"[""302ea2f4857f1486"", ""466cf67889f703a7""]"
https://www.airbnb.com/rooms/1762390116182691090,overlap-0155,"[""302ea2f4857f1486"", ""466cf67889f703a7""]"
https://www.airbnb.com/rooms/22814784,overlap-0155,"[""302ea2f4857f1486"", ""466cf67889f703a7""]"
https://www.airbnb.com/rooms/39842202,overlap-0155,"[""302ea2f4857f1486"", ""466cf67889f703a7""]"
https://www.airbnb.com/rooms/610703005521091836,overlap-0155,"[""302ea2f4857f1486"", ""466cf67889f703a7""]"
https://www.airbnb.com/rooms/1780691101076400372,overlap-0156,"[""302ea2f4857f1486"", ""57f949c8f01b9ce2"", ""628c0aec67451855"", ""db121051a4a00f74""]"
https://www.airbnb.com/rooms/6747666,overlap-0156,"[""302ea2f4857f1486"", ""57f949c8f01b9ce2"", ""628c0aec67451855"", ""db121051a4a00f74""]"
https://www.airbnb.com/rooms/1516702117720437539,overlap-0157,"[""302ea2f4857f1486"", ""57f949c8f01b9ce2"", ""db121051a4a00f74""]"
https://www.airbnb.com/rooms/32310247,overlap-0157,"[""302ea2f4857f1486"", ""57f949c8f01b9ce2"", ""db121051a4a00f74""]"
https://www.airbnb.com/rooms/1226837480837140746,overlap-0158,"[""302ea2f4857f1486"", ""7d21b13308068b2d""]"
https://www.airbnb.com/rooms/53188586,overlap-0158,"[""302ea2f4857f1486"", ""7d21b13308068b2d""]"
https://www.airbnb.com/rooms/572478061344982714,overlap-0158,"[""302ea2f4857f1486"", ""7d21b13308068b2d""]"
https://www.airbnb.com/rooms/689441688793190754,overlap-0158,"[""302ea2f4857f1486"", ""7d21b13308068b2d""]"
https://www.airbnb.com/rooms/52442314,overlap-0159,"[""302ea2f4857f1486"", ""7d21b13308068b2d"", ""c8f88860f2a3fc87"", ""d97d79ca0dfa0064""]"
https://www.airbnb.com/rooms/15679040,overlap-0160,"[""302ea2f4857f1486"", ""7d21b13308068b2d"", ""db121051a4a00f74""]"
https://www.airbnb.com/rooms/16130404,overlap-0160,"[""302ea2f4857f1486"", ""7d21b13308068b2d"", ""db121051a4a00f74""]"
https://www.airbnb.com/rooms/1226906657070614693,overlap-0161,"[""302ea2f4857f1486"", ""ae6d9d99837e95d3""]"
https://www.airbnb.com/rooms/1391354698549046890,overlap-0161,"[""302ea2f4857f1486"", ""ae6d9d99837e95d3""]"
https://www.airbnb.com/rooms/1491389463216584272,overlap-0161,"[""302ea2f4857f1486"", ""ae6d9d99837e95d3""]"
https://www.airbnb.com/rooms/1669077243895211658,overlap-0161,"[""302ea2f4857f1486"", ""ae6d9d99837e95d3""]"
https://www.airbnb.com/rooms/33348331,overlap-0161,"[""302ea2f4857f1486"", ""ae6d9d99837e95d3""]"
https://www.airbnb.com/rooms/52445116,overlap-0161,"[""302ea2f4857f1486"", ""ae6d9d99837e95d3""]"
https://www.airbnb.com/rooms/1089901302813468384,overlap-0162,"[""302ea2f4857f1486"", ""ae6d9d99837e95d3"", ""e1495708e8518770"", ""f73692336bd0ee9b""]"
https://www.airbnb.com/rooms/1238678532750505180,overlap-0162,"[""302ea2f4857f1486"", ""ae6d9d99837e95d3"", ""e1495708e8518770"", ""f73692336bd0ee9b""]"
https://www.airbnb.com/rooms/1374579914356367036,overlap-0162,"[""302ea2f4857f1486"", ""ae6d9d99837e95d3"", ""e1495708e8518770"", ""f73692336bd0ee9b""]"
https://www.airbnb.com/rooms/1423318587031674012,overlap-0162,"[""302ea2f4857f1486"", ""ae6d9d99837e95d3"", ""e1495708e8518770"", ""f73692336bd0ee9b""]"
https://www.airbnb.com/rooms/54072608,overlap-0162,"[""302ea2f4857f1486"", ""ae6d9d99837e95d3"", ""e1495708e8518770"", ""f73692336bd0ee9b""]"
https://www.airbnb.com/rooms/669669966202179222,overlap-0162,"[""302ea2f4857f1486"", ""ae6d9d99837e95d3"", ""e1495708e8518770"", ""f73692336bd0ee9b""]"
https://www.airbnb.com/rooms/850768438307292614,overlap-0162,"[""302ea2f4857f1486"", ""ae6d9d99837e95d3"", ""e1495708e8518770"", ""f73692336bd0ee9b""]"
https://www.airbnb.com/rooms/944271923515054284,overlap-0162,"[""302ea2f4857f1486"", ""ae6d9d99837e95d3"", ""e1495708e8518770"", ""f73692336bd0ee9b""]"
https://www.airbnb.com/rooms/1442245737246669681,overlap-0163,"[""302ea2f4857f1486"", ""d97d79ca0dfa0064""]"
https://www.airbnb.com/rooms/23324285,overlap-0163,"[""302ea2f4857f1486"", ""d97d79ca0dfa0064""]"
https://www.airbnb.com/rooms/626248183168142043,overlap-0163,"[""302ea2f4857f1486"", ""d97d79ca0dfa0064""]"
https://www.airbnb.com/rooms/1000723275920698851,overlap-0164,"[""302ea2f4857f1486"", ""db121051a4a00f74""]"
https://www.airbnb.com/rooms/1037621536146433467,overlap-0164,"[""302ea2f4857f1486"", ""db121051a4a00f74""]"
https://www.airbnb.com/rooms/1065868441816959549,overlap-0164,"[""302ea2f4857f1486"", ""db121051a4a00f74""]"
https://www.airbnb.com/rooms/1122539328810245807,overlap-0164,"[""302ea2f4857f1486"", ""db121051a4a00f74""]"
https://www.airbnb.com/rooms/1172765512562514991,overlap-0164,"[""302ea2f4857f1486"", ""db121051a4a00f74""]"
https://www.airbnb.com/rooms/1231498087560755602,overlap-0164,"[""302ea2f4857f1486"", ""db121051a4a00f74""]"
https://www.airbnb.com/rooms/1436452321360884320,overlap-0164,"[""302ea2f4857f1486"", ""db121051a4a00f74""]"
https://www.airbnb.com/rooms/1503637365577531753,overlap-0164,"[""302ea2f4857f1486"", ""db121051a4a00f74""]"
https://www.airbnb.com/rooms/1613894009520185551,overlap-0164,"[""302ea2f4857f1486"", ""db121051a4a00f74""]"
https://www.airbnb.com/rooms/1695132659010784549,overlap-0164,"[""302ea2f4857f1486"", ""db121051a4a00f74""]"
https://www.airbnb.com/rooms/1713858409655076567,overlap-0164,"[""302ea2f4857f1486"", ""db121051a4a00f74""]"
https://www.airbnb.com/rooms/31101139,overlap-0164,"[""302ea2f4857f1486"", ""db121051a4a00f74""]"
https://www.airbnb.com/rooms/47942727,overlap-0164,"[""302ea2f4857f1486"", ""db121051a4a00f74""]"
https://www.airbnb.com/rooms/49210269,overlap-0164,"[""302ea2f4857f1486"", ""db121051a4a00f74""]"
https://www.airbnb.com/rooms/49469387,overlap-0164,"[""302ea2f4857f1486"", ""db121051a4a00f74""]"
https://www.airbnb.com/rooms/54023253,overlap-0164,"[""302ea2f4857f1486"", ""db121051a4a00f74""]"
https://www.airbnb.com/rooms/6661949,overlap-0164,"[""302ea2f4857f1486"", ""db121051a4a00f74""]"
https://www.airbnb.com/rooms/6663109,overlap-0164,"[""302ea2f4857f1486"", ""db121051a4a00f74""]"
https://www.airbnb.com/rooms/761743671449712310,overlap-0164,"[""302ea2f4857f1486"", ""db121051a4a00f74""]"
https://www.airbnb.com/rooms/779720546724358634,overlap-0164,"[""302ea2f4857f1486"", ""db121051a4a00f74""]"
https://www.airbnb.com/rooms/10561858,overlap-0165,"[""302ea2f4857f1486"", ""db121051a4a00f74"", ""e1495708e8518770""]"
https://www.airbnb.com/rooms/19499224,overlap-0165,"[""302ea2f4857f1486"", ""db121051a4a00f74"", ""e1495708e8518770""]"
https://www.airbnb.com/rooms/26445240,overlap-0165,"[""302ea2f4857f1486"", ""db121051a4a00f74"", ""e1495708e8518770""]"
https://www.airbnb.com/rooms/27546946,overlap-0165,"[""302ea2f4857f1486"", ""db121051a4a00f74"", ""e1495708e8518770""]"
https://www.airbnb.com/rooms/755086495308412799,overlap-0165,"[""302ea2f4857f1486"", ""db121051a4a00f74"", ""e1495708e8518770""]"
https://www.airbnb.com/rooms/1282623553513134222,overlap-0166,"[""302ea2f4857f1486"", ""e1495708e8518770""]"
https://www.airbnb.com/rooms/1282630387493298546,overlap-0166,"[""302ea2f4857f1486"", ""e1495708e8518770""]"
https://www.airbnb.com/rooms/1282632503679653633,overlap-0166,"[""302ea2f4857f1486"", ""e1495708e8518770""]"
https://www.airbnb.com/rooms/1282634836115538016,overlap-0166,"[""302ea2f4857f1486"", ""e1495708e8518770""]"
https://www.airbnb.com/rooms/1282636619428694881,overlap-0166,"[""302ea2f4857f1486"", ""e1495708e8518770""]"
https://www.airbnb.com/rooms/1351528187188980759,overlap-0166,"[""302ea2f4857f1486"", ""e1495708e8518770""]"
https://www.airbnb.com/rooms/1360304288725532994,overlap-0166,"[""302ea2f4857f1486"", ""e1495708e8518770""]"
https://www.airbnb.com/rooms/1390593062765791355,overlap-0166,"[""302ea2f4857f1486"", ""e1495708e8518770""]"
https://www.airbnb.com/rooms/1394951786647026144,overlap-0166,"[""302ea2f4857f1486"", ""e1495708e8518770""]"
https://www.airbnb.com/rooms/1400231996734818169,overlap-0166,"[""302ea2f4857f1486"", ""e1495708e8518770""]"
https://www.airbnb.com/rooms/1400252238266894490,overlap-0166,"[""302ea2f4857f1486"", ""e1495708e8518770""]"
https://www.airbnb.com/rooms/1400304888508460417,overlap-0166,"[""302ea2f4857f1486"", ""e1495708e8518770""]"
https://www.airbnb.com/rooms/1400708455019585107,overlap-0166,"[""302ea2f4857f1486"", ""e1495708e8518770""]"
https://www.airbnb.com/rooms/1401033269552383315,overlap-0166,"[""302ea2f4857f1486"", ""e1495708e8518770""]"
https://www.airbnb.com/rooms/1401070518860530720,overlap-0166,"[""302ea2f4857f1486"", ""e1495708e8518770""]"
https://www.airbnb.com/rooms/1401553968433790417,overlap-0166,"[""302ea2f4857f1486"", ""e1495708e8518770""]"
https://www.airbnb.com/rooms/1419899637667131253,overlap-0166,"[""302ea2f4857f1486"", ""e1495708e8518770""]"
https://www.airbnb.com/rooms/1420301145969713237,overlap-0166,"[""302ea2f4857f1486"", ""e1495708e8518770""]"
https://www.airbnb.com/rooms/1420311093564331973,overlap-0166,"[""302ea2f4857f1486"", ""e1495708e8518770""]"
https://www.airbnb.com/rooms/1420332315962344792,overlap-0166,"[""302ea2f4857f1486"", ""e1495708e8518770""]"
https://www.airbnb.com/rooms/1560223727528862311,overlap-0166,"[""302ea2f4857f1486"", ""e1495708e8518770""]"
https://www.airbnb.com/rooms/16176488,overlap-0166,"[""302ea2f4857f1486"", ""e1495708e8518770""]"
https://www.airbnb.com/rooms/1642083523137799411,overlap-0166,"[""302ea2f4857f1486"", ""e1495708e8518770""]"
https://www.airbnb.com/rooms/16858001,overlap-0166,"[""302ea2f4857f1486"", ""e1495708e8518770""]"
https://www.airbnb.com/rooms/1698735839570737542,overlap-0166,"[""302ea2f4857f1486"", ""e1495708e8518770""]"
https://www.airbnb.com/rooms/1751651642806731882,overlap-0166,"[""302ea2f4857f1486"", ""e1495708e8518770""]"
https://www.airbnb.com/rooms/22208797,overlap-0166,"[""302ea2f4857f1486"", ""e1495708e8518770""]"
https://www.airbnb.com/rooms/23465051,overlap-0166,"[""302ea2f4857f1486"", ""e1495708e8518770""]"
https://www.airbnb.com/rooms/37600886,overlap-0166,"[""302ea2f4857f1486"", ""e1495708e8518770""]"
https://www.airbnb.com/rooms/45466268,overlap-0166,"[""302ea2f4857f1486"", ""e1495708e8518770""]"
https://www.airbnb.com/rooms/49551963,overlap-0166,"[""302ea2f4857f1486"", ""e1495708e8518770""]"
https://www.airbnb.com/rooms/49568650,overlap-0166,"[""302ea2f4857f1486"", ""e1495708e8518770""]"
https://www.airbnb.com/rooms/50854959,overlap-0166,"[""302ea2f4857f1486"", ""e1495708e8518770""]"
https://www.airbnb.com/rooms/52364925,overlap-0166,"[""302ea2f4857f1486"", ""e1495708e8518770""]"
https://www.airbnb.com/rooms/678197803013763578,overlap-0166,"[""302ea2f4857f1486"", ""e1495708e8518770""]"
https://www.airbnb.com/rooms/736407736715045042,overlap-0166,"[""302ea2f4857f1486"", ""e1495708e8518770""]"
https://www.airbnb.com/rooms/800166394522110692,overlap-0166,"[""302ea2f4857f1486"", ""e1495708e8518770""]"
https://www.airbnb.com/rooms/808536149496210754,overlap-0166,"[""302ea2f4857f1486"", ""e1495708e8518770""]"
https://www.airbnb.com/rooms/960318277859303611,overlap-0166,"[""302ea2f4857f1486"", ""e1495708e8518770""]"
https://www.airbnb.com/rooms/1043477996256121487,overlap-0167,"[""304f68a4f08222f7"", ""dfe727fa505246b0""]"
https://www.airbnb.com/rooms/1230304414877193839,overlap-0167,"[""304f68a4f08222f7"", ""dfe727fa505246b0""]"
https://www.airbnb.com/rooms/1374775679579961428,overlap-0167,"[""304f68a4f08222f7"", ""dfe727fa505246b0""]"
https://www.airbnb.com/rooms/1479209979234423901,overlap-0167,"[""304f68a4f08222f7"", ""dfe727fa505246b0""]"
https://www.airbnb.com/rooms/1574167161150038620,overlap-0167,"[""304f68a4f08222f7"", ""dfe727fa505246b0""]"
https://www.airbnb.com/rooms/1574180071839279202,overlap-0167,"[""304f68a4f08222f7"", ""dfe727fa505246b0""]"
https://www.airbnb.com/rooms/1578455611549437182,overlap-0167,"[""304f68a4f08222f7"", ""dfe727fa505246b0""]"
https://www.airbnb.com/rooms/714732694814498904,overlap-0167,"[""304f68a4f08222f7"", ""dfe727fa505246b0""]"
https://www.airbnb.com/rooms/920527651236932398,overlap-0167,"[""304f68a4f08222f7"", ""dfe727fa505246b0""]"
https://www.airbnb.com/rooms/977825764962377183,overlap-0167,"[""304f68a4f08222f7"", ""dfe727fa505246b0""]"
https://www.airbnb.com/rooms/7837790,overlap-0168,"[""3198a17301be66da"", ""639d74127507ddbd"", ""9913d9a600daeeeb"", ""f55b82152f929f43""]"
https://www.airbnb.com/rooms/1456678174704576287,overlap-0169,"[""3198a17301be66da"", ""9913d9a600daeeeb""]"
https://www.airbnb.com/rooms/752321613910109867,overlap-0169,"[""3198a17301be66da"", ""9913d9a600daeeeb""]"
https://www.airbnb.com/rooms/1080572157146744531,overlap-0170,"[""3198a17301be66da"", ""9913d9a600daeeeb"", ""b03cd9767c2e4449""]"
https://www.airbnb.com/rooms/1086990295190530379,overlap-0170,"[""3198a17301be66da"", ""9913d9a600daeeeb"", ""b03cd9767c2e4449""]"
https://www.airbnb.com/rooms/1088290491714066308,overlap-0170,"[""3198a17301be66da"", ""9913d9a600daeeeb"", ""b03cd9767c2e4449""]"
https://www.airbnb.com/rooms/1170958466470304615,overlap-0170,"[""3198a17301be66da"", ""9913d9a600daeeeb"", ""b03cd9767c2e4449""]"
https://www.airbnb.com/rooms/1202293996786281987,overlap-0170,"[""3198a17301be66da"", ""9913d9a600daeeeb"", ""b03cd9767c2e4449""]"
https://www.airbnb.com/rooms/1206344344305336744,overlap-0170,"[""3198a17301be66da"", ""9913d9a600daeeeb"", ""b03cd9767c2e4449""]"
https://www.airbnb.com/rooms/1217414619315756841,overlap-0170,"[""3198a17301be66da"", ""9913d9a600daeeeb"", ""b03cd9767c2e4449""]"
https://www.airbnb.com/rooms/1282635067943882254,overlap-0170,"[""3198a17301be66da"", ""9913d9a600daeeeb"", ""b03cd9767c2e4449""]"
https://www.airbnb.com/rooms/1288599675129497555,overlap-0170,"[""3198a17301be66da"", ""9913d9a600daeeeb"", ""b03cd9767c2e4449""]"
https://www.airbnb.com/rooms/1318056824610725442,overlap-0170,"[""3198a17301be66da"", ""9913d9a600daeeeb"", ""b03cd9767c2e4449""]"
https://www.airbnb.com/rooms/1355204539306643192,overlap-0170,"[""3198a17301be66da"", ""9913d9a600daeeeb"", ""b03cd9767c2e4449""]"
https://www.airbnb.com/rooms/1371814357459821082,overlap-0170,"[""3198a17301be66da"", ""9913d9a600daeeeb"", ""b03cd9767c2e4449""]"
https://www.airbnb.com/rooms/1557241759752948676,overlap-0170,"[""3198a17301be66da"", ""9913d9a600daeeeb"", ""b03cd9767c2e4449""]"
https://www.airbnb.com/rooms/1568875324794048366,overlap-0170,"[""3198a17301be66da"", ""9913d9a600daeeeb"", ""b03cd9767c2e4449""]"
https://www.airbnb.com/rooms/1593664586491874851,overlap-0170,"[""3198a17301be66da"", ""9913d9a600daeeeb"", ""b03cd9767c2e4449""]"
https://www.airbnb.com/rooms/1619737390963189669,overlap-0170,"[""3198a17301be66da"", ""9913d9a600daeeeb"", ""b03cd9767c2e4449""]"
https://www.airbnb.com/rooms/1652608891249351954,overlap-0170,"[""3198a17301be66da"", ""9913d9a600daeeeb"", ""b03cd9767c2e4449""]"
https://www.airbnb.com/rooms/1655234522583137506,overlap-0170,"[""3198a17301be66da"", ""9913d9a600daeeeb"", ""b03cd9767c2e4449""]"
https://www.airbnb.com/rooms/1659517849559950994,overlap-0170,"[""3198a17301be66da"", ""9913d9a600daeeeb"", ""b03cd9767c2e4449""]"
https://www.airbnb.com/rooms/21200262,overlap-0170,"[""3198a17301be66da"", ""9913d9a600daeeeb"", ""b03cd9767c2e4449""]"
https://www.airbnb.com/rooms/32315812,overlap-0170,"[""3198a17301be66da"", ""9913d9a600daeeeb"", ""b03cd9767c2e4449""]"
https://www.airbnb.com/rooms/554953291635199403,overlap-0170,"[""3198a17301be66da"", ""9913d9a600daeeeb"", ""b03cd9767c2e4449""]"
https://www.airbnb.com/rooms/571113034834337213,overlap-0170,"[""3198a17301be66da"", ""9913d9a600daeeeb"", ""b03cd9767c2e4449""]"
https://www.airbnb.com/rooms/575874223325224992,overlap-0170,"[""3198a17301be66da"", ""9913d9a600daeeeb"", ""b03cd9767c2e4449""]"
https://www.airbnb.com/rooms/577068948146442623,overlap-0170,"[""3198a17301be66da"", ""9913d9a600daeeeb"", ""b03cd9767c2e4449""]"
https://www.airbnb.com/rooms/580318876688538047,overlap-0170,"[""3198a17301be66da"", ""9913d9a600daeeeb"", ""b03cd9767c2e4449""]"
https://www.airbnb.com/rooms/585581618267659285,overlap-0170,"[""3198a17301be66da"", ""9913d9a600daeeeb"", ""b03cd9767c2e4449""]"
https://www.airbnb.com/rooms/590653850968352802,overlap-0170,"[""3198a17301be66da"", ""9913d9a600daeeeb"", ""b03cd9767c2e4449""]"
https://www.airbnb.com/rooms/595632713300590494,overlap-0170,"[""3198a17301be66da"", ""9913d9a600daeeeb"", ""b03cd9767c2e4449""]"
https://www.airbnb.com/rooms/600510009625527682,overlap-0170,"[""3198a17301be66da"", ""9913d9a600daeeeb"", ""b03cd9767c2e4449""]"
https://www.airbnb.com/rooms/605152145612517225,overlap-0170,"[""3198a17301be66da"", ""9913d9a600daeeeb"", ""b03cd9767c2e4449""]"
https://www.airbnb.com/rooms/613827812780111085,overlap-0170,"[""3198a17301be66da"", ""9913d9a600daeeeb"", ""b03cd9767c2e4449""]"
https://www.airbnb.com/rooms/623847176635638533,overlap-0170,"[""3198a17301be66da"", ""9913d9a600daeeeb"", ""b03cd9767c2e4449""]"
https://www.airbnb.com/rooms/626607387391402977,overlap-0170,"[""3198a17301be66da"", ""9913d9a600daeeeb"", ""b03cd9767c2e4449""]"
https://www.airbnb.com/rooms/634369833144287054,overlap-0170,"[""3198a17301be66da"", ""9913d9a600daeeeb"", ""b03cd9767c2e4449""]"
https://www.airbnb.com/rooms/635509784890107454,overlap-0170,"[""3198a17301be66da"", ""9913d9a600daeeeb"", ""b03cd9767c2e4449""]"
https://www.airbnb.com/rooms/676155149894920572,overlap-0170,"[""3198a17301be66da"", ""9913d9a600daeeeb"", ""b03cd9767c2e4449""]"
https://www.airbnb.com/rooms/676158980889157425,overlap-0170,"[""3198a17301be66da"", ""9913d9a600daeeeb"", ""b03cd9767c2e4449""]"
https://www.airbnb.com/rooms/701967902784424864,overlap-0170,"[""3198a17301be66da"", ""9913d9a600daeeeb"", ""b03cd9767c2e4449""]"
https://www.airbnb.com/rooms/738314420011078549,overlap-0170,"[""3198a17301be66da"", ""9913d9a600daeeeb"", ""b03cd9767c2e4449""]"
https://www.airbnb.com/rooms/746257756725108180,overlap-0170,"[""3198a17301be66da"", ""9913d9a600daeeeb"", ""b03cd9767c2e4449""]"
https://www.airbnb.com/rooms/749869008093742573,overlap-0170,"[""3198a17301be66da"", ""9913d9a600daeeeb"", ""b03cd9767c2e4449""]"
https://www.airbnb.com/rooms/752306663827485189,overlap-0170,"[""3198a17301be66da"", ""9913d9a600daeeeb"", ""b03cd9767c2e4449""]"
https://www.airbnb.com/rooms/755655834975119237,overlap-0170,"[""3198a17301be66da"", ""9913d9a600daeeeb"", ""b03cd9767c2e4449""]"
https://www.airbnb.com/rooms/795714225118128484,overlap-0170,"[""3198a17301be66da"", ""9913d9a600daeeeb"", ""b03cd9767c2e4449""]"
https://www.airbnb.com/rooms/806614861314382424,overlap-0170,"[""3198a17301be66da"", ""9913d9a600daeeeb"", ""b03cd9767c2e4449""]"
https://www.airbnb.com/rooms/864062641604049747,overlap-0170,"[""3198a17301be66da"", ""9913d9a600daeeeb"", ""b03cd9767c2e4449""]"
https://www.airbnb.com/rooms/947745808578248752,overlap-0170,"[""3198a17301be66da"", ""9913d9a600daeeeb"", ""b03cd9767c2e4449""]"
https://www.airbnb.com/rooms/1101487139082583841,overlap-0171,"[""3198a17301be66da"", ""9913d9a600daeeeb"", ""b03cd9767c2e4449"", ""b9b70a18797fd27b""]"
https://www.airbnb.com/rooms/1640056299600998103,overlap-0171,"[""3198a17301be66da"", ""9913d9a600daeeeb"", ""b03cd9767c2e4449"", ""b9b70a18797fd27b""]"
https://www.airbnb.com/rooms/1653089335405420791,overlap-0171,"[""3198a17301be66da"", ""9913d9a600daeeeb"", ""b03cd9767c2e4449"", ""b9b70a18797fd27b""]"
https://www.airbnb.com/rooms/1655233574339844529,overlap-0171,"[""3198a17301be66da"", ""9913d9a600daeeeb"", ""b03cd9767c2e4449"", ""b9b70a18797fd27b""]"
https://www.airbnb.com/rooms/1655235151041398806,overlap-0171,"[""3198a17301be66da"", ""9913d9a600daeeeb"", ""b03cd9767c2e4449"", ""b9b70a18797fd27b""]"
https://www.airbnb.com/rooms/613850215946117440,overlap-0171,"[""3198a17301be66da"", ""9913d9a600daeeeb"", ""b03cd9767c2e4449"", ""b9b70a18797fd27b""]"
https://www.airbnb.com/rooms/752317837799522529,overlap-0171,"[""3198a17301be66da"", ""9913d9a600daeeeb"", ""b03cd9767c2e4449"", ""b9b70a18797fd27b""]"
https://www.airbnb.com/rooms/881390769064235119,overlap-0171,"[""3198a17301be66da"", ""9913d9a600daeeeb"", ""b03cd9767c2e4449"", ""b9b70a18797fd27b""]"
https://www.airbnb.com/rooms/1456670897247367478,overlap-0172,"[""3198a17301be66da"", ""9913d9a600daeeeb"", ""b9b70a18797fd27b""]"
https://www.airbnb.com/rooms/575433195443724162,overlap-0172,"[""3198a17301be66da"", ""9913d9a600daeeeb"", ""b9b70a18797fd27b""]"
https://www.airbnb.com/rooms/6446687,overlap-0172,"[""3198a17301be66da"", ""9913d9a600daeeeb"", ""b9b70a18797fd27b""]"
https://www.airbnb.com/rooms/1657429891320932128,overlap-0173,"[""3198a17301be66da"", ""b9b70a18797fd27b""]"
https://www.airbnb.com/rooms/1389289529758562795,overlap-0174,"[""3198a17301be66da"", ""bd59ea4a843f5886""]"
https://www.airbnb.com/rooms/1407369478092050006,overlap-0174,"[""3198a17301be66da"", ""bd59ea4a843f5886""]"
https://www.airbnb.com/rooms/1407410590893203710,overlap-0174,"[""3198a17301be66da"", ""bd59ea4a843f5886""]"
https://www.airbnb.com/rooms/1407412988006866802,overlap-0174,"[""3198a17301be66da"", ""bd59ea4a843f5886""]"
https://www.airbnb.com/rooms/1407430577110192207,overlap-0174,"[""3198a17301be66da"", ""bd59ea4a843f5886""]"
https://www.airbnb.com/rooms/1407542285059657751,overlap-0174,"[""3198a17301be66da"", ""bd59ea4a843f5886""]"
https://www.airbnb.com/rooms/1412727050090816171,overlap-0174,"[""3198a17301be66da"", ""bd59ea4a843f5886""]"
https://www.airbnb.com/rooms/1412735584734380205,overlap-0174,"[""3198a17301be66da"", ""bd59ea4a843f5886""]"
https://www.airbnb.com/rooms/1414704744678666462,overlap-0174,"[""3198a17301be66da"", ""bd59ea4a843f5886""]"
https://www.airbnb.com/rooms/1414709224382962716,overlap-0174,"[""3198a17301be66da"", ""bd59ea4a843f5886""]"
https://www.airbnb.com/rooms/1416173281075581267,overlap-0174,"[""3198a17301be66da"", ""bd59ea4a843f5886""]"
https://www.airbnb.com/rooms/1416180849267822336,overlap-0174,"[""3198a17301be66da"", ""bd59ea4a843f5886""]"
https://www.airbnb.com/rooms/1419914495597104205,overlap-0174,"[""3198a17301be66da"", ""bd59ea4a843f5886""]"
https://www.airbnb.com/rooms/1428601243747367590,overlap-0174,"[""3198a17301be66da"", ""bd59ea4a843f5886""]"
https://www.airbnb.com/rooms/1431551411920570463,overlap-0174,"[""3198a17301be66da"", ""bd59ea4a843f5886""]"
https://www.airbnb.com/rooms/1471848371362745999,overlap-0174,"[""3198a17301be66da"", ""bd59ea4a843f5886""]"
https://www.airbnb.com/rooms/1471918542641870790,overlap-0174,"[""3198a17301be66da"", ""bd59ea4a843f5886""]"
https://www.airbnb.com/rooms/1471948901308706294,overlap-0174,"[""3198a17301be66da"", ""bd59ea4a843f5886""]"
https://www.airbnb.com/rooms/1472560928138452503,overlap-0174,"[""3198a17301be66da"", ""bd59ea4a843f5886""]"
https://www.airbnb.com/rooms/1472714513153783818,overlap-0174,"[""3198a17301be66da"", ""bd59ea4a843f5886""]"
https://www.airbnb.com/rooms/1476161975465729573,overlap-0174,"[""3198a17301be66da"", ""bd59ea4a843f5886""]"
https://www.airbnb.com/rooms/1476182860972586853,overlap-0174,"[""3198a17301be66da"", ""bd59ea4a843f5886""]"
https://www.airbnb.com/rooms/1476278717854576937,overlap-0174,"[""3198a17301be66da"", ""bd59ea4a843f5886""]"
https://www.airbnb.com/rooms/1476287187312455312,overlap-0174,"[""3198a17301be66da"", ""bd59ea4a843f5886""]"
https://www.airbnb.com/rooms/1508270637622807595,overlap-0174,"[""3198a17301be66da"", ""bd59ea4a843f5886""]"
https://www.airbnb.com/rooms/1603885435704564314,overlap-0174,"[""3198a17301be66da"", ""bd59ea4a843f5886""]"
https://www.airbnb.com/rooms/29919347,overlap-0174,"[""3198a17301be66da"", ""bd59ea4a843f5886""]"
https://www.airbnb.com/rooms/48671540,overlap-0174,"[""3198a17301be66da"", ""bd59ea4a843f5886""]"
https://www.airbnb.com/rooms/559647978970666055,overlap-0174,"[""3198a17301be66da"", ""bd59ea4a843f5886""]"
https://www.airbnb.com/rooms/14153973,overlap-0175,"[""3198a17301be66da"", ""f55b82152f929f43""]"
https://www.airbnb.com/rooms/47216725,overlap-0175,"[""3198a17301be66da"", ""f55b82152f929f43""]"
https://www.airbnb.com/rooms/1500302209413598486,overlap-0176,"[""31a7d0d3d02e23d1"", ""4b26a6ebb35be579"", ""dfe727fa505246b0""]"
https://www.airbnb.com/rooms/1264561730672608106,overlap-0177,"[""31a7d0d3d02e23d1"", ""dfe727fa505246b0""]"
https://www.airbnb.com/rooms/1559751870799284103,overlap-0177,"[""31a7d0d3d02e23d1"", ""dfe727fa505246b0""]"
https://www.airbnb.com/rooms/1724232032899891191,overlap-0177,"[""31a7d0d3d02e23d1"", ""dfe727fa505246b0""]"
https://www.airbnb.com/rooms/843379748844401758,overlap-0177,"[""31a7d0d3d02e23d1"", ""dfe727fa505246b0""]"
https://www.airbnb.com/rooms/1052077095748908179,overlap-0178,"[""32a88601bc9ce7d8"", ""366b865b1b116ee7""]"
https://www.airbnb.com/rooms/1082714443371015653,overlap-0178,"[""32a88601bc9ce7d8"", ""366b865b1b116ee7""]"
https://www.airbnb.com/rooms/1158008954533070705,overlap-0178,"[""32a88601bc9ce7d8"", ""366b865b1b116ee7""]"
https://www.airbnb.com/rooms/1158124102812653675,overlap-0178,"[""32a88601bc9ce7d8"", ""366b865b1b116ee7""]"
https://www.airbnb.com/rooms/1324947519212067996,overlap-0178,"[""32a88601bc9ce7d8"", ""366b865b1b116ee7""]"
https://www.airbnb.com/rooms/1343518728743245102,overlap-0178,"[""32a88601bc9ce7d8"", ""366b865b1b116ee7""]"
https://www.airbnb.com/rooms/1366181769488276269,overlap-0178,"[""32a88601bc9ce7d8"", ""366b865b1b116ee7""]"
https://www.airbnb.com/rooms/1395781773183691384,overlap-0178,"[""32a88601bc9ce7d8"", ""366b865b1b116ee7""]"
https://www.airbnb.com/rooms/1455856728085617776,overlap-0178,"[""32a88601bc9ce7d8"", ""366b865b1b116ee7""]"
https://www.airbnb.com/rooms/1463200144204502992,overlap-0178,"[""32a88601bc9ce7d8"", ""366b865b1b116ee7""]"
https://www.airbnb.com/rooms/1481115840750965912,overlap-0178,"[""32a88601bc9ce7d8"", ""366b865b1b116ee7""]"
https://www.airbnb.com/rooms/1558706962118693003,overlap-0178,"[""32a88601bc9ce7d8"", ""366b865b1b116ee7""]"
https://www.airbnb.com/rooms/1568166600059903154,overlap-0178,"[""32a88601bc9ce7d8"", ""366b865b1b116ee7""]"
https://www.airbnb.com/rooms/1653081072993474104,overlap-0178,"[""32a88601bc9ce7d8"", ""366b865b1b116ee7""]"
https://www.airbnb.com/rooms/1671322486199850151,overlap-0178,"[""32a88601bc9ce7d8"", ""366b865b1b116ee7""]"
https://www.airbnb.com/rooms/1695759247856147188,overlap-0178,"[""32a88601bc9ce7d8"", ""366b865b1b116ee7""]"
https://www.airbnb.com/rooms/1695917335188501150,overlap-0178,"[""32a88601bc9ce7d8"", ""366b865b1b116ee7""]"
https://www.airbnb.com/rooms/1716762436167340421,overlap-0178,"[""32a88601bc9ce7d8"", ""366b865b1b116ee7""]"
https://www.airbnb.com/rooms/1718144624642277968,overlap-0178,"[""32a88601bc9ce7d8"", ""366b865b1b116ee7""]"
https://www.airbnb.com/rooms/1719072401224937625,overlap-0178,"[""32a88601bc9ce7d8"", ""366b865b1b116ee7""]"
https://www.airbnb.com/rooms/42046869,overlap-0178,"[""32a88601bc9ce7d8"", ""366b865b1b116ee7""]"
https://www.airbnb.com/rooms/48905636,overlap-0178,"[""32a88601bc9ce7d8"", ""366b865b1b116ee7""]"
https://www.airbnb.com/rooms/855916219940974827,overlap-0178,"[""32a88601bc9ce7d8"", ""366b865b1b116ee7""]"
https://www.airbnb.com/rooms/1158042455771290759,overlap-0179,"[""32a88601bc9ce7d8"", ""366b865b1b116ee7"", ""9f2ac3cc7c006899""]"
https://www.airbnb.com/rooms/1304489912296800518,overlap-0179,"[""32a88601bc9ce7d8"", ""366b865b1b116ee7"", ""9f2ac3cc7c006899""]"
https://www.airbnb.com/rooms/1573988151682512216,overlap-0179,"[""32a88601bc9ce7d8"", ""366b865b1b116ee7"", ""9f2ac3cc7c006899""]"
https://www.airbnb.com/rooms/1615623827087954249,overlap-0179,"[""32a88601bc9ce7d8"", ""366b865b1b116ee7"", ""9f2ac3cc7c006899""]"
https://www.airbnb.com/rooms/1727816794537187594,overlap-0179,"[""32a88601bc9ce7d8"", ""366b865b1b116ee7"", ""9f2ac3cc7c006899""]"
https://www.airbnb.com/rooms/1734403250111910030,overlap-0179,"[""32a88601bc9ce7d8"", ""366b865b1b116ee7"", ""9f2ac3cc7c006899""]"
https://www.airbnb.com/rooms/38982576,overlap-0179,"[""32a88601bc9ce7d8"", ""366b865b1b116ee7"", ""9f2ac3cc7c006899""]"
https://www.airbnb.com/rooms/548652845315550981,overlap-0179,"[""32a88601bc9ce7d8"", ""366b865b1b116ee7"", ""9f2ac3cc7c006899""]"
https://www.airbnb.com/rooms/548723613309905602,overlap-0179,"[""32a88601bc9ce7d8"", ""366b865b1b116ee7"", ""9f2ac3cc7c006899""]"
https://www.airbnb.com/rooms/566694379827273792,overlap-0179,"[""32a88601bc9ce7d8"", ""366b865b1b116ee7"", ""9f2ac3cc7c006899""]"
https://www.airbnb.com/rooms/871872644606877920,overlap-0179,"[""32a88601bc9ce7d8"", ""366b865b1b116ee7"", ""9f2ac3cc7c006899""]"
https://www.airbnb.com/rooms/998627545561949415,overlap-0179,"[""32a88601bc9ce7d8"", ""366b865b1b116ee7"", ""9f2ac3cc7c006899""]"
https://www.airbnb.com/rooms/34642330,overlap-0180,"[""32a88601bc9ce7d8"", ""53b7bc9aa574780a""]"
https://www.airbnb.com/rooms/1537171350417886422,overlap-0181,"[""32a88601bc9ce7d8"", ""53b7bc9aa574780a"", ""9f2ac3cc7c006899""]"
https://www.airbnb.com/rooms/1572439895108886641,overlap-0181,"[""32a88601bc9ce7d8"", ""53b7bc9aa574780a"", ""9f2ac3cc7c006899""]"
https://www.airbnb.com/rooms/1574037626072306828,overlap-0181,"[""32a88601bc9ce7d8"", ""53b7bc9aa574780a"", ""9f2ac3cc7c006899""]"
https://www.airbnb.com/rooms/1653922756447838764,overlap-0181,"[""32a88601bc9ce7d8"", ""53b7bc9aa574780a"", ""9f2ac3cc7c006899""]"
https://www.airbnb.com/rooms/34641121,overlap-0181,"[""32a88601bc9ce7d8"", ""53b7bc9aa574780a"", ""9f2ac3cc7c006899""]"
https://www.airbnb.com/rooms/1074206129109420429,overlap-0182,"[""32a88601bc9ce7d8"", ""9f2ac3cc7c006899""]"
https://www.airbnb.com/rooms/1106503691033441758,overlap-0182,"[""32a88601bc9ce7d8"", ""9f2ac3cc7c006899""]"
https://www.airbnb.com/rooms/1313967219584077172,overlap-0182,"[""32a88601bc9ce7d8"", ""9f2ac3cc7c006899""]"
https://www.airbnb.com/rooms/1371048723133622394,overlap-0182,"[""32a88601bc9ce7d8"", ""9f2ac3cc7c006899""]"
https://www.airbnb.com/rooms/1375338895578374475,overlap-0182,"[""32a88601bc9ce7d8"", ""9f2ac3cc7c006899""]"
https://www.airbnb.com/rooms/1375341834950624700,overlap-0182,"[""32a88601bc9ce7d8"", ""9f2ac3cc7c006899""]"
https://www.airbnb.com/rooms/1417580295685601315,overlap-0182,"[""32a88601bc9ce7d8"", ""9f2ac3cc7c006899""]"
https://www.airbnb.com/rooms/1417608413682075649,overlap-0182,"[""32a88601bc9ce7d8"", ""9f2ac3cc7c006899""]"
https://www.airbnb.com/rooms/1417608435652037731,overlap-0182,"[""32a88601bc9ce7d8"", ""9f2ac3cc7c006899""]"
https://www.airbnb.com/rooms/1417608457182632154,overlap-0182,"[""32a88601bc9ce7d8"", ""9f2ac3cc7c006899""]"
https://www.airbnb.com/rooms/1420454574213785460,overlap-0182,"[""32a88601bc9ce7d8"", ""9f2ac3cc7c006899""]"
https://www.airbnb.com/rooms/1481130081532412024,overlap-0182,"[""32a88601bc9ce7d8"", ""9f2ac3cc7c006899""]"
https://www.airbnb.com/rooms/1517379006780994753,overlap-0182,"[""32a88601bc9ce7d8"", ""9f2ac3cc7c006899""]"
https://www.airbnb.com/rooms/1517380943731565517,overlap-0182,"[""32a88601bc9ce7d8"", ""9f2ac3cc7c006899""]"
https://www.airbnb.com/rooms/1517384793188338443,overlap-0182,"[""32a88601bc9ce7d8"", ""9f2ac3cc7c006899""]"
https://www.airbnb.com/rooms/1517387768113216002,overlap-0182,"[""32a88601bc9ce7d8"", ""9f2ac3cc7c006899""]"
https://www.airbnb.com/rooms/1518836118575179693,overlap-0182,"[""32a88601bc9ce7d8"", ""9f2ac3cc7c006899""]"
https://www.airbnb.com/rooms/1518837089085447349,overlap-0182,"[""32a88601bc9ce7d8"", ""9f2ac3cc7c006899""]"
https://www.airbnb.com/rooms/1518838783960616823,overlap-0182,"[""32a88601bc9ce7d8"", ""9f2ac3cc7c006899""]"
https://www.airbnb.com/rooms/1518840349739153003,overlap-0182,"[""32a88601bc9ce7d8"", ""9f2ac3cc7c006899""]"
https://www.airbnb.com/rooms/1518841762011561777,overlap-0182,"[""32a88601bc9ce7d8"", ""9f2ac3cc7c006899""]"
https://www.airbnb.com/rooms/1533343235386107892,overlap-0182,"[""32a88601bc9ce7d8"", ""9f2ac3cc7c006899""]"
https://www.airbnb.com/rooms/1533343392618751117,overlap-0182,"[""32a88601bc9ce7d8"", ""9f2ac3cc7c006899""]"
https://www.airbnb.com/rooms/1533343570535245384,overlap-0182,"[""32a88601bc9ce7d8"", ""9f2ac3cc7c006899""]"
https://www.airbnb.com/rooms/1533343800948820996,overlap-0182,"[""32a88601bc9ce7d8"", ""9f2ac3cc7c006899""]"
https://www.airbnb.com/rooms/1543455778164907660,overlap-0182,"[""32a88601bc9ce7d8"", ""9f2ac3cc7c006899""]"
https://www.airbnb.com/rooms/1557356844864060683,overlap-0182,"[""32a88601bc9ce7d8"", ""9f2ac3cc7c006899""]"
https://www.airbnb.com/rooms/1557356891925080863,overlap-0182,"[""32a88601bc9ce7d8"", ""9f2ac3cc7c006899""]"
https://www.airbnb.com/rooms/1572437187673874178,overlap-0182,"[""32a88601bc9ce7d8"", ""9f2ac3cc7c006899""]"
https://www.airbnb.com/rooms/1589940646790736225,overlap-0182,"[""32a88601bc9ce7d8"", ""9f2ac3cc7c006899""]"
https://www.airbnb.com/rooms/1589941305082907936,overlap-0182,"[""32a88601bc9ce7d8"", ""9f2ac3cc7c006899""]"
https://www.airbnb.com/rooms/1589941653430498977,overlap-0182,"[""32a88601bc9ce7d8"", ""9f2ac3cc7c006899""]"
https://www.airbnb.com/rooms/1589941954484614205,overlap-0182,"[""32a88601bc9ce7d8"", ""9f2ac3cc7c006899""]"
https://www.airbnb.com/rooms/1589942237827056330,overlap-0182,"[""32a88601bc9ce7d8"", ""9f2ac3cc7c006899""]"
https://www.airbnb.com/rooms/1597239387200968386,overlap-0182,"[""32a88601bc9ce7d8"", ""9f2ac3cc7c006899""]"
https://www.airbnb.com/rooms/1598036196290405133,overlap-0182,"[""32a88601bc9ce7d8"", ""9f2ac3cc7c006899""]"
https://www.airbnb.com/rooms/1598093588470566429,overlap-0182,"[""32a88601bc9ce7d8"", ""9f2ac3cc7c006899""]"
https://www.airbnb.com/rooms/1598759417127548431,overlap-0182,"[""32a88601bc9ce7d8"", ""9f2ac3cc7c006899""]"
https://www.airbnb.com/rooms/1598794055370571196,overlap-0182,"[""32a88601bc9ce7d8"", ""9f2ac3cc7c006899""]"
https://www.airbnb.com/rooms/1598814455631905310,overlap-0182,"[""32a88601bc9ce7d8"", ""9f2ac3cc7c006899""]"
https://www.airbnb.com/rooms/1598828359802846657,overlap-0182,"[""32a88601bc9ce7d8"", ""9f2ac3cc7c006899""]"
https://www.airbnb.com/rooms/1609764121949521798,overlap-0182,"[""32a88601bc9ce7d8"", ""9f2ac3cc7c006899""]"
https://www.airbnb.com/rooms/1609885397202931830,overlap-0182,"[""32a88601bc9ce7d8"", ""9f2ac3cc7c006899""]"
https://www.airbnb.com/rooms/1613933220955026678,overlap-0182,"[""32a88601bc9ce7d8"", ""9f2ac3cc7c006899""]"
https://www.airbnb.com/rooms/1628427302219988263,overlap-0182,"[""32a88601bc9ce7d8"", ""9f2ac3cc7c006899""]"
https://www.airbnb.com/rooms/1659730920626982201,overlap-0182,"[""32a88601bc9ce7d8"", ""9f2ac3cc7c006899""]"
https://www.airbnb.com/rooms/1669736404039742850,overlap-0182,"[""32a88601bc9ce7d8"", ""9f2ac3cc7c006899""]"
https://www.airbnb.com/rooms/1679936363604755860,overlap-0182,"[""32a88601bc9ce7d8"", ""9f2ac3cc7c006899""]"
https://www.airbnb.com/rooms/1695179895665781998,overlap-0182,"[""32a88601bc9ce7d8"", ""9f2ac3cc7c006899""]"
https://www.airbnb.com/rooms/1696426836668284622,overlap-0182,"[""32a88601bc9ce7d8"", ""9f2ac3cc7c006899""]"
https://www.airbnb.com/rooms/1697146720277151916,overlap-0182,"[""32a88601bc9ce7d8"", ""9f2ac3cc7c006899""]"
https://www.airbnb.com/rooms/1721079907329493441,overlap-0182,"[""32a88601bc9ce7d8"", ""9f2ac3cc7c006899""]"
https://www.airbnb.com/rooms/1752818865624673974,overlap-0182,"[""32a88601bc9ce7d8"", ""9f2ac3cc7c006899""]"
https://www.airbnb.com/rooms/1752823541599033421,overlap-0182,"[""32a88601bc9ce7d8"", ""9f2ac3cc7c006899""]"
https://www.airbnb.com/rooms/1754021383490739101,overlap-0182,"[""32a88601bc9ce7d8"", ""9f2ac3cc7c006899""]"
https://www.airbnb.com/rooms/34575449,overlap-0182,"[""32a88601bc9ce7d8"", ""9f2ac3cc7c006899""]"
https://www.airbnb.com/rooms/34644718,overlap-0182,"[""32a88601bc9ce7d8"", ""9f2ac3cc7c006899""]"
https://www.airbnb.com/rooms/34645598,overlap-0182,"[""32a88601bc9ce7d8"", ""9f2ac3cc7c006899""]"
https://www.airbnb.com/rooms/35195149,overlap-0182,"[""32a88601bc9ce7d8"", ""9f2ac3cc7c006899""]"
https://www.airbnb.com/rooms/36144835,overlap-0182,"[""32a88601bc9ce7d8"", ""9f2ac3cc7c006899""]"
https://www.airbnb.com/rooms/37291927,overlap-0182,"[""32a88601bc9ce7d8"", ""9f2ac3cc7c006899""]"
https://www.airbnb.com/rooms/40381086,overlap-0182,"[""32a88601bc9ce7d8"", ""9f2ac3cc7c006899""]"
https://www.airbnb.com/rooms/50440855,overlap-0182,"[""32a88601bc9ce7d8"", ""9f2ac3cc7c006899""]"
https://www.airbnb.com/rooms/51309160,overlap-0182,"[""32a88601bc9ce7d8"", ""9f2ac3cc7c006899""]"
https://www.airbnb.com/rooms/52277191,overlap-0182,"[""32a88601bc9ce7d8"", ""9f2ac3cc7c006899""]"
https://www.airbnb.com/rooms/53048340,overlap-0182,"[""32a88601bc9ce7d8"", ""9f2ac3cc7c006899""]"
https://www.airbnb.com/rooms/579127304728319730,overlap-0182,"[""32a88601bc9ce7d8"", ""9f2ac3cc7c006899""]"
https://www.airbnb.com/rooms/603553851757503628,overlap-0182,"[""32a88601bc9ce7d8"", ""9f2ac3cc7c006899""]"
https://www.airbnb.com/rooms/821735808191258909,overlap-0182,"[""32a88601bc9ce7d8"", ""9f2ac3cc7c006899""]"
https://www.airbnb.com/rooms/920267378154872272,overlap-0182,"[""32a88601bc9ce7d8"", ""9f2ac3cc7c006899""]"
https://www.airbnb.com/rooms/991143309395105839,overlap-0182,"[""32a88601bc9ce7d8"", ""9f2ac3cc7c006899""]"
https://www.airbnb.com/rooms/994475258810416618,overlap-0182,"[""32a88601bc9ce7d8"", ""9f2ac3cc7c006899""]"
https://www.airbnb.com/rooms/18876698,overlap-0183,"[""32fe2a3fff6891f1"", ""55b44e54f176b477"", ""73c77d6a48d5cf13"", ""a67c50cf4855328f""]"
https://www.airbnb.com/rooms/33748527,overlap-0183,"[""32fe2a3fff6891f1"", ""55b44e54f176b477"", ""73c77d6a48d5cf13"", ""a67c50cf4855328f""]"
https://www.airbnb.com/rooms/42922501,overlap-0183,"[""32fe2a3fff6891f1"", ""55b44e54f176b477"", ""73c77d6a48d5cf13"", ""a67c50cf4855328f""]"
https://www.airbnb.com/rooms/42980928,overlap-0183,"[""32fe2a3fff6891f1"", ""55b44e54f176b477"", ""73c77d6a48d5cf13"", ""a67c50cf4855328f""]"
https://www.airbnb.com/rooms/42981113,overlap-0183,"[""32fe2a3fff6891f1"", ""55b44e54f176b477"", ""73c77d6a48d5cf13"", ""a67c50cf4855328f""]"
https://www.airbnb.com/rooms/53361206,overlap-0183,"[""32fe2a3fff6891f1"", ""55b44e54f176b477"", ""73c77d6a48d5cf13"", ""a67c50cf4855328f""]"
https://www.airbnb.com/rooms/660808895374366564,overlap-0183,"[""32fe2a3fff6891f1"", ""55b44e54f176b477"", ""73c77d6a48d5cf13"", ""a67c50cf4855328f""]"
https://www.airbnb.com/rooms/812376307397372374,overlap-0183,"[""32fe2a3fff6891f1"", ""55b44e54f176b477"", ""73c77d6a48d5cf13"", ""a67c50cf4855328f""]"
https://www.airbnb.com/rooms/812400097200295917,overlap-0183,"[""32fe2a3fff6891f1"", ""55b44e54f176b477"", ""73c77d6a48d5cf13"", ""a67c50cf4855328f""]"
https://www.airbnb.com/rooms/812405881338506778,overlap-0183,"[""32fe2a3fff6891f1"", ""55b44e54f176b477"", ""73c77d6a48d5cf13"", ""a67c50cf4855328f""]"
https://www.airbnb.com/rooms/1462552104981625351,overlap-0184,"[""32fe2a3fff6891f1"", ""73c77d6a48d5cf13""]"
https://www.airbnb.com/rooms/1536879569377888381,overlap-0184,"[""32fe2a3fff6891f1"", ""73c77d6a48d5cf13""]"
https://www.airbnb.com/rooms/1536880491079192748,overlap-0184,"[""32fe2a3fff6891f1"", ""73c77d6a48d5cf13""]"
https://www.airbnb.com/rooms/1536881035031302630,overlap-0184,"[""32fe2a3fff6891f1"", ""73c77d6a48d5cf13""]"
https://www.airbnb.com/rooms/1632807437938313227,overlap-0184,"[""32fe2a3fff6891f1"", ""73c77d6a48d5cf13""]"
https://www.airbnb.com/rooms/20271121,overlap-0184,"[""32fe2a3fff6891f1"", ""73c77d6a48d5cf13""]"
https://www.airbnb.com/rooms/23169939,overlap-0184,"[""32fe2a3fff6891f1"", ""73c77d6a48d5cf13""]"
https://www.airbnb.com/rooms/52517383,overlap-0184,"[""32fe2a3fff6891f1"", ""73c77d6a48d5cf13""]"
https://www.airbnb.com/rooms/590045319275143627,overlap-0184,"[""32fe2a3fff6891f1"", ""73c77d6a48d5cf13""]"
https://www.airbnb.com/rooms/821634329666139205,overlap-0184,"[""32fe2a3fff6891f1"", ""73c77d6a48d5cf13""]"
https://www.airbnb.com/rooms/1021714298678664641,overlap-0185,"[""32fe2a3fff6891f1"", ""73c77d6a48d5cf13"", ""753d381f3e1dc100""]"
https://www.airbnb.com/rooms/1021792587329330242,overlap-0185,"[""32fe2a3fff6891f1"", ""73c77d6a48d5cf13"", ""753d381f3e1dc100""]"
https://www.airbnb.com/rooms/1021833581287551891,overlap-0185,"[""32fe2a3fff6891f1"", ""73c77d6a48d5cf13"", ""753d381f3e1dc100""]"
https://www.airbnb.com/rooms/1439981122758103786,overlap-0185,"[""32fe2a3fff6891f1"", ""73c77d6a48d5cf13"", ""753d381f3e1dc100""]"
https://www.airbnb.com/rooms/1600172543604669323,overlap-0185,"[""32fe2a3fff6891f1"", ""73c77d6a48d5cf13"", ""753d381f3e1dc100""]"
https://www.airbnb.com/rooms/1730546086788776815,overlap-0185,"[""32fe2a3fff6891f1"", ""73c77d6a48d5cf13"", ""753d381f3e1dc100""]"
https://www.airbnb.com/rooms/1732742611005216021,overlap-0185,"[""32fe2a3fff6891f1"", ""73c77d6a48d5cf13"", ""753d381f3e1dc100""]"
https://www.airbnb.com/rooms/1735969982224620876,overlap-0185,"[""32fe2a3fff6891f1"", ""73c77d6a48d5cf13"", ""753d381f3e1dc100""]"
https://www.airbnb.com/rooms/1735970477401844817,overlap-0185,"[""32fe2a3fff6891f1"", ""73c77d6a48d5cf13"", ""753d381f3e1dc100""]"
https://www.airbnb.com/rooms/1735972473792491365,overlap-0185,"[""32fe2a3fff6891f1"", ""73c77d6a48d5cf13"", ""753d381f3e1dc100""]"
https://www.airbnb.com/rooms/1736999028787608390,overlap-0185,"[""32fe2a3fff6891f1"", ""73c77d6a48d5cf13"", ""753d381f3e1dc100""]"
https://www.airbnb.com/rooms/1737000411593311509,overlap-0185,"[""32fe2a3fff6891f1"", ""73c77d6a48d5cf13"", ""753d381f3e1dc100""]"
https://www.airbnb.com/rooms/1738456327226162358,overlap-0185,"[""32fe2a3fff6891f1"", ""73c77d6a48d5cf13"", ""753d381f3e1dc100""]"
https://www.airbnb.com/rooms/1766078979471585494,overlap-0185,"[""32fe2a3fff6891f1"", ""73c77d6a48d5cf13"", ""753d381f3e1dc100""]"
https://www.airbnb.com/rooms/1766079021243225648,overlap-0185,"[""32fe2a3fff6891f1"", ""73c77d6a48d5cf13"", ""753d381f3e1dc100""]"
https://www.airbnb.com/rooms/30422767,overlap-0185,"[""32fe2a3fff6891f1"", ""73c77d6a48d5cf13"", ""753d381f3e1dc100""]"
https://www.airbnb.com/rooms/42540917,overlap-0185,"[""32fe2a3fff6891f1"", ""73c77d6a48d5cf13"", ""753d381f3e1dc100""]"
https://www.airbnb.com/rooms/43946484,overlap-0185,"[""32fe2a3fff6891f1"", ""73c77d6a48d5cf13"", ""753d381f3e1dc100""]"
https://www.airbnb.com/rooms/52566401,overlap-0185,"[""32fe2a3fff6891f1"", ""73c77d6a48d5cf13"", ""753d381f3e1dc100""]"
https://www.airbnb.com/rooms/52670983,overlap-0185,"[""32fe2a3fff6891f1"", ""73c77d6a48d5cf13"", ""753d381f3e1dc100""]"
https://www.airbnb.com/rooms/53262835,overlap-0185,"[""32fe2a3fff6891f1"", ""73c77d6a48d5cf13"", ""753d381f3e1dc100""]"
https://www.airbnb.com/rooms/53289055,overlap-0185,"[""32fe2a3fff6891f1"", ""73c77d6a48d5cf13"", ""753d381f3e1dc100""]"
https://www.airbnb.com/rooms/53611190,overlap-0185,"[""32fe2a3fff6891f1"", ""73c77d6a48d5cf13"", ""753d381f3e1dc100""]"
https://www.airbnb.com/rooms/53973132,overlap-0185,"[""32fe2a3fff6891f1"", ""73c77d6a48d5cf13"", ""753d381f3e1dc100""]"
https://www.airbnb.com/rooms/539991580758897013,overlap-0185,"[""32fe2a3fff6891f1"", ""73c77d6a48d5cf13"", ""753d381f3e1dc100""]"
https://www.airbnb.com/rooms/54019502,overlap-0185,"[""32fe2a3fff6891f1"", ""73c77d6a48d5cf13"", ""753d381f3e1dc100""]"
https://www.airbnb.com/rooms/54250223,overlap-0185,"[""32fe2a3fff6891f1"", ""73c77d6a48d5cf13"", ""753d381f3e1dc100""]"
https://www.airbnb.com/rooms/54369849,overlap-0185,"[""32fe2a3fff6891f1"", ""73c77d6a48d5cf13"", ""753d381f3e1dc100""]"
https://www.airbnb.com/rooms/54370096,overlap-0185,"[""32fe2a3fff6891f1"", ""73c77d6a48d5cf13"", ""753d381f3e1dc100""]"
https://www.airbnb.com/rooms/544924300192813001,overlap-0185,"[""32fe2a3fff6891f1"", ""73c77d6a48d5cf13"", ""753d381f3e1dc100""]"
https://www.airbnb.com/rooms/547106685230630704,overlap-0185,"[""32fe2a3fff6891f1"", ""73c77d6a48d5cf13"", ""753d381f3e1dc100""]"
https://www.airbnb.com/rooms/694264109020724833,overlap-0185,"[""32fe2a3fff6891f1"", ""73c77d6a48d5cf13"", ""753d381f3e1dc100""]"
https://www.airbnb.com/rooms/826378623527696635,overlap-0185,"[""32fe2a3fff6891f1"", ""73c77d6a48d5cf13"", ""753d381f3e1dc100""]"
https://www.airbnb.com/rooms/827485097860063874,overlap-0185,"[""32fe2a3fff6891f1"", ""73c77d6a48d5cf13"", ""753d381f3e1dc100""]"
https://www.airbnb.com/rooms/865080373058226211,overlap-0185,"[""32fe2a3fff6891f1"", ""73c77d6a48d5cf13"", ""753d381f3e1dc100""]"
https://www.airbnb.com/rooms/958769939324352908,overlap-0185,"[""32fe2a3fff6891f1"", ""73c77d6a48d5cf13"", ""753d381f3e1dc100""]"
https://www.airbnb.com/rooms/971134945724352291,overlap-0185,"[""32fe2a3fff6891f1"", ""73c77d6a48d5cf13"", ""753d381f3e1dc100""]"
https://www.airbnb.com/rooms/745692979312054188,overlap-0186,"[""32fe2a3fff6891f1"", ""73c77d6a48d5cf13"", ""753d381f3e1dc100"", ""bb5191d1d8f68601"", ""dacbe4fa740d57a3""]"
https://www.airbnb.com/rooms/1019600619252516523,overlap-0187,"[""32fe2a3fff6891f1"", ""753d381f3e1dc100""]"
https://www.airbnb.com/rooms/1040105405613914932,overlap-0187,"[""32fe2a3fff6891f1"", ""753d381f3e1dc100""]"
https://www.airbnb.com/rooms/1076740957680171542,overlap-0187,"[""32fe2a3fff6891f1"", ""753d381f3e1dc100""]"
https://www.airbnb.com/rooms/1090588972129046279,overlap-0187,"[""32fe2a3fff6891f1"", ""753d381f3e1dc100""]"
https://www.airbnb.com/rooms/1116586873565247441,overlap-0187,"[""32fe2a3fff6891f1"", ""753d381f3e1dc100""]"
https://www.airbnb.com/rooms/1116627225971997067,overlap-0187,"[""32fe2a3fff6891f1"", ""753d381f3e1dc100""]"
https://www.airbnb.com/rooms/1116640416294366627,overlap-0187,"[""32fe2a3fff6891f1"", ""753d381f3e1dc100""]"
https://www.airbnb.com/rooms/1164404822836717006,overlap-0187,"[""32fe2a3fff6891f1"", ""753d381f3e1dc100""]"
https://www.airbnb.com/rooms/1183336232733554407,overlap-0187,"[""32fe2a3fff6891f1"", ""753d381f3e1dc100""]"
https://www.airbnb.com/rooms/1257119050643969947,overlap-0187,"[""32fe2a3fff6891f1"", ""753d381f3e1dc100""]"
https://www.airbnb.com/rooms/1334171523042651292,overlap-0187,"[""32fe2a3fff6891f1"", ""753d381f3e1dc100""]"
https://www.airbnb.com/rooms/1438672393646695043,overlap-0187,"[""32fe2a3fff6891f1"", ""753d381f3e1dc100""]"
https://www.airbnb.com/rooms/1446796352607553662,overlap-0187,"[""32fe2a3fff6891f1"", ""753d381f3e1dc100""]"
https://www.airbnb.com/rooms/1452297525353235268,overlap-0187,"[""32fe2a3fff6891f1"", ""753d381f3e1dc100""]"
https://www.airbnb.com/rooms/1452317860429162983,overlap-0187,"[""32fe2a3fff6891f1"", ""753d381f3e1dc100""]"
https://www.airbnb.com/rooms/1456644427074582304,overlap-0187,"[""32fe2a3fff6891f1"", ""753d381f3e1dc100""]"
https://www.airbnb.com/rooms/1512563196538557982,overlap-0187,"[""32fe2a3fff6891f1"", ""753d381f3e1dc100""]"
https://www.airbnb.com/rooms/1527527501495764023,overlap-0187,"[""32fe2a3fff6891f1"", ""753d381f3e1dc100""]"
https://www.airbnb.com/rooms/1555332370326783684,overlap-0187,"[""32fe2a3fff6891f1"", ""753d381f3e1dc100""]"
https://www.airbnb.com/rooms/1570508771976443744,overlap-0187,"[""32fe2a3fff6891f1"", ""753d381f3e1dc100""]"
https://www.airbnb.com/rooms/1593057737547146579,overlap-0187,"[""32fe2a3fff6891f1"", ""753d381f3e1dc100""]"
https://www.airbnb.com/rooms/1603886522988255769,overlap-0187,"[""32fe2a3fff6891f1"", ""753d381f3e1dc100""]"
https://www.airbnb.com/rooms/1668251161046435111,overlap-0187,"[""32fe2a3fff6891f1"", ""753d381f3e1dc100""]"
https://www.airbnb.com/rooms/1735970661618285428,overlap-0187,"[""32fe2a3fff6891f1"", ""753d381f3e1dc100""]"
https://www.airbnb.com/rooms/19860036,overlap-0187,"[""32fe2a3fff6891f1"", ""753d381f3e1dc100""]"
https://www.airbnb.com/rooms/21139386,overlap-0187,"[""32fe2a3fff6891f1"", ""753d381f3e1dc100""]"
https://www.airbnb.com/rooms/24774210,overlap-0187,"[""32fe2a3fff6891f1"", ""753d381f3e1dc100""]"
https://www.airbnb.com/rooms/24945661,overlap-0187,"[""32fe2a3fff6891f1"", ""753d381f3e1dc100""]"
https://www.airbnb.com/rooms/25807003,overlap-0187,"[""32fe2a3fff6891f1"", ""753d381f3e1dc100""]"
https://www.airbnb.com/rooms/2950152,overlap-0187,"[""32fe2a3fff6891f1"", ""753d381f3e1dc100""]"
https://www.airbnb.com/rooms/33855021,overlap-0187,"[""32fe2a3fff6891f1"", ""753d381f3e1dc100""]"
https://www.airbnb.com/rooms/34943422,overlap-0187,"[""32fe2a3fff6891f1"", ""753d381f3e1dc100""]"
https://www.airbnb.com/rooms/36241458,overlap-0187,"[""32fe2a3fff6891f1"", ""753d381f3e1dc100""]"
https://www.airbnb.com/rooms/36733565,overlap-0187,"[""32fe2a3fff6891f1"", ""753d381f3e1dc100""]"
https://www.airbnb.com/rooms/38414300,overlap-0187,"[""32fe2a3fff6891f1"", ""753d381f3e1dc100""]"
https://www.airbnb.com/rooms/38547273,overlap-0187,"[""32fe2a3fff6891f1"", ""753d381f3e1dc100""]"
https://www.airbnb.com/rooms/39420099,overlap-0187,"[""32fe2a3fff6891f1"", ""753d381f3e1dc100""]"
https://www.airbnb.com/rooms/39608956,overlap-0187,"[""32fe2a3fff6891f1"", ""753d381f3e1dc100""]"
https://www.airbnb.com/rooms/40250589,overlap-0187,"[""32fe2a3fff6891f1"", ""753d381f3e1dc100""]"
https://www.airbnb.com/rooms/41817272,overlap-0187,"[""32fe2a3fff6891f1"", ""753d381f3e1dc100""]"
https://www.airbnb.com/rooms/42349517,overlap-0187,"[""32fe2a3fff6891f1"", ""753d381f3e1dc100""]"
https://www.airbnb.com/rooms/42351645,overlap-0187,"[""32fe2a3fff6891f1"", ""753d381f3e1dc100""]"
https://www.airbnb.com/rooms/42352855,overlap-0187,"[""32fe2a3fff6891f1"", ""753d381f3e1dc100""]"
https://www.airbnb.com/rooms/44589943,overlap-0187,"[""32fe2a3fff6891f1"", ""753d381f3e1dc100""]"
https://www.airbnb.com/rooms/45192626,overlap-0187,"[""32fe2a3fff6891f1"", ""753d381f3e1dc100""]"
https://www.airbnb.com/rooms/50136696,overlap-0187,"[""32fe2a3fff6891f1"", ""753d381f3e1dc100""]"
https://www.airbnb.com/rooms/51040311,overlap-0187,"[""32fe2a3fff6891f1"", ""753d381f3e1dc100""]"
https://www.airbnb.com/rooms/5352951,overlap-0187,"[""32fe2a3fff6891f1"", ""753d381f3e1dc100""]"
https://www.airbnb.com/rooms/54291804,overlap-0187,"[""32fe2a3fff6891f1"", ""753d381f3e1dc100""]"
https://www.airbnb.com/rooms/565200216642718660,overlap-0187,"[""32fe2a3fff6891f1"", ""753d381f3e1dc100""]"
https://www.airbnb.com/rooms/609221861335188577,overlap-0187,"[""32fe2a3fff6891f1"", ""753d381f3e1dc100""]"
https://www.airbnb.com/rooms/611753523863114857,overlap-0187,"[""32fe2a3fff6891f1"", ""753d381f3e1dc100""]"
https://www.airbnb.com/rooms/6119843,overlap-0187,"[""32fe2a3fff6891f1"", ""753d381f3e1dc100""]"
https://www.airbnb.com/rooms/628189268272183331,overlap-0187,"[""32fe2a3fff6891f1"", ""753d381f3e1dc100""]"
https://www.airbnb.com/rooms/645022492111270016,overlap-0187,"[""32fe2a3fff6891f1"", ""753d381f3e1dc100""]"
https://www.airbnb.com/rooms/745692768400397277,overlap-0187,"[""32fe2a3fff6891f1"", ""753d381f3e1dc100""]"
https://www.airbnb.com/rooms/745693578780515379,overlap-0187,"[""32fe2a3fff6891f1"", ""753d381f3e1dc100""]"
https://www.airbnb.com/rooms/7823039,overlap-0187,"[""32fe2a3fff6891f1"", ""753d381f3e1dc100""]"
https://www.airbnb.com/rooms/913303082962544589,overlap-0187,"[""32fe2a3fff6891f1"", ""753d381f3e1dc100""]"
https://www.airbnb.com/rooms/953770544177428731,overlap-0187,"[""32fe2a3fff6891f1"", ""753d381f3e1dc100""]"
https://www.airbnb.com/rooms/953870013038161835,overlap-0187,"[""32fe2a3fff6891f1"", ""753d381f3e1dc100""]"
https://www.airbnb.com/rooms/36262820,overlap-0188,"[""32fe2a3fff6891f1"", ""753d381f3e1dc100"", ""e17a9dfcf67195a7""]"
https://www.airbnb.com/rooms/39893596,overlap-0188,"[""32fe2a3fff6891f1"", ""753d381f3e1dc100"", ""e17a9dfcf67195a7""]"
https://www.airbnb.com/rooms/46354422,overlap-0189,"[""32fe2a3fff6891f1"", ""75d95203ee0835e5"", ""a67c50cf4855328f"", ""e17a9dfcf67195a7""]"
https://www.airbnb.com/rooms/5338971,overlap-0189,"[""32fe2a3fff6891f1"", ""75d95203ee0835e5"", ""a67c50cf4855328f"", ""e17a9dfcf67195a7""]"
https://www.airbnb.com/rooms/53898800,overlap-0189,"[""32fe2a3fff6891f1"", ""75d95203ee0835e5"", ""a67c50cf4855328f"", ""e17a9dfcf67195a7""]"
https://www.airbnb.com/rooms/539744195706642404,overlap-0189,"[""32fe2a3fff6891f1"", ""75d95203ee0835e5"", ""a67c50cf4855328f"", ""e17a9dfcf67195a7""]"
https://www.airbnb.com/rooms/687892092629734916,overlap-0189,"[""32fe2a3fff6891f1"", ""75d95203ee0835e5"", ""a67c50cf4855328f"", ""e17a9dfcf67195a7""]"
https://www.airbnb.com/rooms/825280764937932726,overlap-0189,"[""32fe2a3fff6891f1"", ""75d95203ee0835e5"", ""a67c50cf4855328f"", ""e17a9dfcf67195a7""]"
https://www.airbnb.com/rooms/829128850424705956,overlap-0189,"[""32fe2a3fff6891f1"", ""75d95203ee0835e5"", ""a67c50cf4855328f"", ""e17a9dfcf67195a7""]"
https://www.airbnb.com/rooms/25735663,overlap-0190,"[""32fe2a3fff6891f1"", ""a67c50cf4855328f""]"
https://www.airbnb.com/rooms/52464514,overlap-0190,"[""32fe2a3fff6891f1"", ""a67c50cf4855328f""]"
https://www.airbnb.com/rooms/638460604227329482,overlap-0190,"[""32fe2a3fff6891f1"", ""a67c50cf4855328f""]"
https://www.airbnb.com/rooms/1050149658893842352,overlap-0191,"[""32fe2a3fff6891f1"", ""e17a9dfcf67195a7""]"
https://www.airbnb.com/rooms/1056469100112854699,overlap-0191,"[""32fe2a3fff6891f1"", ""e17a9dfcf67195a7""]"
https://www.airbnb.com/rooms/1056484196549552864,overlap-0191,"[""32fe2a3fff6891f1"", ""e17a9dfcf67195a7""]"
https://www.airbnb.com/rooms/1056512664289370860,overlap-0191,"[""32fe2a3fff6891f1"", ""e17a9dfcf67195a7""]"
https://www.airbnb.com/rooms/1056523675877586431,overlap-0191,"[""32fe2a3fff6891f1"", ""e17a9dfcf67195a7""]"
https://www.airbnb.com/rooms/10617955,overlap-0191,"[""32fe2a3fff6891f1"", ""e17a9dfcf67195a7""]"
https://www.airbnb.com/rooms/1125495867655889102,overlap-0191,"[""32fe2a3fff6891f1"", ""e17a9dfcf67195a7""]"
https://www.airbnb.com/rooms/1162377041727220524,overlap-0191,"[""32fe2a3fff6891f1"", ""e17a9dfcf67195a7""]"
https://www.airbnb.com/rooms/1170919060671904248,overlap-0191,"[""32fe2a3fff6891f1"", ""e17a9dfcf67195a7""]"
https://www.airbnb.com/rooms/1176865015215845522,overlap-0191,"[""32fe2a3fff6891f1"", ""e17a9dfcf67195a7""]"
https://www.airbnb.com/rooms/1176931830342325237,overlap-0191,"[""32fe2a3fff6891f1"", ""e17a9dfcf67195a7""]"
https://www.airbnb.com/rooms/1186300222980995037,overlap-0191,"[""32fe2a3fff6891f1"", ""e17a9dfcf67195a7""]"
https://www.airbnb.com/rooms/1199401603334619222,overlap-0191,"[""32fe2a3fff6891f1"", ""e17a9dfcf67195a7""]"
https://www.airbnb.com/rooms/1229688579364711221,overlap-0191,"[""32fe2a3fff6891f1"", ""e17a9dfcf67195a7""]"
https://www.airbnb.com/rooms/1229843007931850637,overlap-0191,"[""32fe2a3fff6891f1"", ""e17a9dfcf67195a7""]"
https://www.airbnb.com/rooms/12853699,overlap-0191,"[""32fe2a3fff6891f1"", ""e17a9dfcf67195a7""]"
https://www.airbnb.com/rooms/13164780,overlap-0191,"[""32fe2a3fff6891f1"", ""e17a9dfcf67195a7""]"
https://www.airbnb.com/rooms/1345704398494106398,overlap-0191,"[""32fe2a3fff6891f1"", ""e17a9dfcf67195a7""]"
https://www.airbnb.com/rooms/1393923847755588358,overlap-0191,"[""32fe2a3fff6891f1"", ""e17a9dfcf67195a7""]"
https://www.airbnb.com/rooms/1498711741440392008,overlap-0191,"[""32fe2a3fff6891f1"", ""e17a9dfcf67195a7""]"
https://www.airbnb.com/rooms/1507402680670178807,overlap-0191,"[""32fe2a3fff6891f1"", ""e17a9dfcf67195a7""]"
https://www.airbnb.com/rooms/1539167669810771689,overlap-0191,"[""32fe2a3fff6891f1"", ""e17a9dfcf67195a7""]"
https://www.airbnb.com/rooms/1565423444529649030,overlap-0191,"[""32fe2a3fff6891f1"", ""e17a9dfcf67195a7""]"
https://www.airbnb.com/rooms/1582094677289680913,overlap-0191,"[""32fe2a3fff6891f1"", ""e17a9dfcf67195a7""]"
https://www.airbnb.com/rooms/1611782386049643860,overlap-0191,"[""32fe2a3fff6891f1"", ""e17a9dfcf67195a7""]"
https://www.airbnb.com/rooms/1612558563410627226,overlap-0191,"[""32fe2a3fff6891f1"", ""e17a9dfcf67195a7""]"
https://www.airbnb.com/rooms/1684951932457134047,overlap-0191,"[""32fe2a3fff6891f1"", ""e17a9dfcf67195a7""]"
https://www.airbnb.com/rooms/1709520583916332012,overlap-0191,"[""32fe2a3fff6891f1"", ""e17a9dfcf67195a7""]"
https://www.airbnb.com/rooms/17143440,overlap-0191,"[""32fe2a3fff6891f1"", ""e17a9dfcf67195a7""]"
https://www.airbnb.com/rooms/1775455829710943729,overlap-0191,"[""32fe2a3fff6891f1"", ""e17a9dfcf67195a7""]"
https://www.airbnb.com/rooms/1781942606035045834,overlap-0191,"[""32fe2a3fff6891f1"", ""e17a9dfcf67195a7""]"
https://www.airbnb.com/rooms/18548337,overlap-0191,"[""32fe2a3fff6891f1"", ""e17a9dfcf67195a7""]"
https://www.airbnb.com/rooms/23085827,overlap-0191,"[""32fe2a3fff6891f1"", ""e17a9dfcf67195a7""]"
https://www.airbnb.com/rooms/23646000,overlap-0191,"[""32fe2a3fff6891f1"", ""e17a9dfcf67195a7""]"
https://www.airbnb.com/rooms/34466389,overlap-0191,"[""32fe2a3fff6891f1"", ""e17a9dfcf67195a7""]"
https://www.airbnb.com/rooms/35531051,overlap-0191,"[""32fe2a3fff6891f1"", ""e17a9dfcf67195a7""]"
https://www.airbnb.com/rooms/40632393,overlap-0191,"[""32fe2a3fff6891f1"", ""e17a9dfcf67195a7""]"
https://www.airbnb.com/rooms/41471566,overlap-0191,"[""32fe2a3fff6891f1"", ""e17a9dfcf67195a7""]"
https://www.airbnb.com/rooms/42374689,overlap-0191,"[""32fe2a3fff6891f1"", ""e17a9dfcf67195a7""]"
https://www.airbnb.com/rooms/43117387,overlap-0191,"[""32fe2a3fff6891f1"", ""e17a9dfcf67195a7""]"
https://www.airbnb.com/rooms/44647327,overlap-0191,"[""32fe2a3fff6891f1"", ""e17a9dfcf67195a7""]"
https://www.airbnb.com/rooms/48026480,overlap-0191,"[""32fe2a3fff6891f1"", ""e17a9dfcf67195a7""]"
https://www.airbnb.com/rooms/49815530,overlap-0191,"[""32fe2a3fff6891f1"", ""e17a9dfcf67195a7""]"
https://www.airbnb.com/rooms/50103650,overlap-0191,"[""32fe2a3fff6891f1"", ""e17a9dfcf67195a7""]"
https://www.airbnb.com/rooms/50284842,overlap-0191,"[""32fe2a3fff6891f1"", ""e17a9dfcf67195a7""]"
https://www.airbnb.com/rooms/50289185,overlap-0191,"[""32fe2a3fff6891f1"", ""e17a9dfcf67195a7""]"
https://www.airbnb.com/rooms/50440738,overlap-0191,"[""32fe2a3fff6891f1"", ""e17a9dfcf67195a7""]"
https://www.airbnb.com/rooms/50466272,overlap-0191,"[""32fe2a3fff6891f1"", ""e17a9dfcf67195a7""]"
https://www.airbnb.com/rooms/50486022,overlap-0191,"[""32fe2a3fff6891f1"", ""e17a9dfcf67195a7""]"
https://www.airbnb.com/rooms/51961681,overlap-0191,"[""32fe2a3fff6891f1"", ""e17a9dfcf67195a7""]"
https://www.airbnb.com/rooms/52134009,overlap-0191,"[""32fe2a3fff6891f1"", ""e17a9dfcf67195a7""]"
https://www.airbnb.com/rooms/52318392,overlap-0191,"[""32fe2a3fff6891f1"", ""e17a9dfcf67195a7""]"
https://www.airbnb.com/rooms/52673697,overlap-0191,"[""32fe2a3fff6891f1"", ""e17a9dfcf67195a7""]"
https://www.airbnb.com/rooms/52684431,overlap-0191,"[""32fe2a3fff6891f1"", ""e17a9dfcf67195a7""]"
https://www.airbnb.com/rooms/53386504,overlap-0191,"[""32fe2a3fff6891f1"", ""e17a9dfcf67195a7""]"
https://www.airbnb.com/rooms/53454686,overlap-0191,"[""32fe2a3fff6891f1"", ""e17a9dfcf67195a7""]"
https://www.airbnb.com/rooms/53606851,overlap-0191,"[""32fe2a3fff6891f1"", ""e17a9dfcf67195a7""]"
https://www.airbnb.com/rooms/53778600,overlap-0191,"[""32fe2a3fff6891f1"", ""e17a9dfcf67195a7""]"
https://www.airbnb.com/rooms/54146545,overlap-0191,"[""32fe2a3fff6891f1"", ""e17a9dfcf67195a7""]"
https://www.airbnb.com/rooms/54194272,overlap-0191,"[""32fe2a3fff6891f1"", ""e17a9dfcf67195a7""]"
https://www.airbnb.com/rooms/544838017846309323,overlap-0191,"[""32fe2a3fff6891f1"", ""e17a9dfcf67195a7""]"
https://www.airbnb.com/rooms/564376411192699918,overlap-0191,"[""32fe2a3fff6891f1"", ""e17a9dfcf67195a7""]"
https://www.airbnb.com/rooms/564376605956289231,overlap-0191,"[""32fe2a3fff6891f1"", ""e17a9dfcf67195a7""]"
https://www.airbnb.com/rooms/564376897741088602,overlap-0191,"[""32fe2a3fff6891f1"", ""e17a9dfcf67195a7""]"
https://www.airbnb.com/rooms/564377192770753576,overlap-0191,"[""32fe2a3fff6891f1"", ""e17a9dfcf67195a7""]"
https://www.airbnb.com/rooms/585505579863985763,overlap-0191,"[""32fe2a3fff6891f1"", ""e17a9dfcf67195a7""]"
https://www.airbnb.com/rooms/601397314960853554,overlap-0191,"[""32fe2a3fff6891f1"", ""e17a9dfcf67195a7""]"
https://www.airbnb.com/rooms/626217541846823591,overlap-0191,"[""32fe2a3fff6891f1"", ""e17a9dfcf67195a7""]"
https://www.airbnb.com/rooms/634943607813950419,overlap-0191,"[""32fe2a3fff6891f1"", ""e17a9dfcf67195a7""]"
https://www.airbnb.com/rooms/655147030078359622,overlap-0191,"[""32fe2a3fff6891f1"", ""e17a9dfcf67195a7""]"
https://www.airbnb.com/rooms/6703990,overlap-0191,"[""32fe2a3fff6891f1"", ""e17a9dfcf67195a7""]"
https://www.airbnb.com/rooms/696230369035789330,overlap-0191,"[""32fe2a3fff6891f1"", ""e17a9dfcf67195a7""]"
https://www.airbnb.com/rooms/715100589167853519,overlap-0191,"[""32fe2a3fff6891f1"", ""e17a9dfcf67195a7""]"
https://www.airbnb.com/rooms/736281664653046440,overlap-0191,"[""32fe2a3fff6891f1"", ""e17a9dfcf67195a7""]"
https://www.airbnb.com/rooms/738290085818084877,overlap-0191,"[""32fe2a3fff6891f1"", ""e17a9dfcf67195a7""]"
https://www.airbnb.com/rooms/739013037781188420,overlap-0191,"[""32fe2a3fff6891f1"", ""e17a9dfcf67195a7""]"
https://www.airbnb.com/rooms/7399827,overlap-0191,"[""32fe2a3fff6891f1"", ""e17a9dfcf67195a7""]"
https://www.airbnb.com/rooms/745593381951708795,overlap-0191,"[""32fe2a3fff6891f1"", ""e17a9dfcf67195a7""]"
https://www.airbnb.com/rooms/780624913562416766,overlap-0191,"[""32fe2a3fff6891f1"", ""e17a9dfcf67195a7""]"
https://www.airbnb.com/rooms/788295798697610212,overlap-0191,"[""32fe2a3fff6891f1"", ""e17a9dfcf67195a7""]"
https://www.airbnb.com/rooms/841200619837538668,overlap-0191,"[""32fe2a3fff6891f1"", ""e17a9dfcf67195a7""]"
https://www.airbnb.com/rooms/900743195006250972,overlap-0191,"[""32fe2a3fff6891f1"", ""e17a9dfcf67195a7""]"
https://www.airbnb.com/rooms/934140386912459010,overlap-0191,"[""32fe2a3fff6891f1"", ""e17a9dfcf67195a7""]"
https://www.airbnb.com/rooms/960380867280616846,overlap-0191,"[""32fe2a3fff6891f1"", ""e17a9dfcf67195a7""]"
https://www.airbnb.com/rooms/981080661906598358,overlap-0191,"[""32fe2a3fff6891f1"", ""e17a9dfcf67195a7""]"
https://www.airbnb.com/rooms/554287565293399006,overlap-0192,"[""35437ce0555b78d2"", ""628c0aec67451855"", ""7d21b13308068b2d"", ""db121051a4a00f74""]"
https://www.airbnb.com/rooms/1011323698059754541,overlap-0193,"[""35437ce0555b78d2"", ""ad72ac69fdc378b6""]"
https://www.airbnb.com/rooms/1011324307352745959,overlap-0193,"[""35437ce0555b78d2"", ""ad72ac69fdc378b6""]"
https://www.airbnb.com/rooms/1011324591613484060,overlap-0193,"[""35437ce0555b78d2"", ""ad72ac69fdc378b6""]"
https://www.airbnb.com/rooms/1011324912190135766,overlap-0193,"[""35437ce0555b78d2"", ""ad72ac69fdc378b6""]"
https://www.airbnb.com/rooms/1673344726215878841,overlap-0193,"[""35437ce0555b78d2"", ""ad72ac69fdc378b6""]"
https://www.airbnb.com/rooms/1673352465281238096,overlap-0193,"[""35437ce0555b78d2"", ""ad72ac69fdc378b6""]"
https://www.airbnb.com/rooms/1674015588954545597,overlap-0193,"[""35437ce0555b78d2"", ""ad72ac69fdc378b6""]"
https://www.airbnb.com/rooms/1674019287698832339,overlap-0193,"[""35437ce0555b78d2"", ""ad72ac69fdc378b6""]"
https://www.airbnb.com/rooms/1674214019469636959,overlap-0193,"[""35437ce0555b78d2"", ""ad72ac69fdc378b6""]"
https://www.airbnb.com/rooms/1674220871089276224,overlap-0193,"[""35437ce0555b78d2"", ""ad72ac69fdc378b6""]"
https://www.airbnb.com/rooms/1674229347534132983,overlap-0193,"[""35437ce0555b78d2"", ""ad72ac69fdc378b6""]"
https://www.airbnb.com/rooms/1674236387616460564,overlap-0193,"[""35437ce0555b78d2"", ""ad72ac69fdc378b6""]"
https://www.airbnb.com/rooms/1716179653494774718,overlap-0193,"[""35437ce0555b78d2"", ""ad72ac69fdc378b6""]"
https://www.airbnb.com/rooms/45702837,overlap-0193,"[""35437ce0555b78d2"", ""ad72ac69fdc378b6""]"
https://www.airbnb.com/rooms/620918052300896269,overlap-0193,"[""35437ce0555b78d2"", ""ad72ac69fdc378b6""]"
https://www.airbnb.com/rooms/847730352852497315,overlap-0193,"[""35437ce0555b78d2"", ""ad72ac69fdc378b6""]"
https://www.airbnb.com/rooms/847733418766804763,overlap-0193,"[""35437ce0555b78d2"", ""ad72ac69fdc378b6""]"
https://www.airbnb.com/rooms/847735559650921569,overlap-0193,"[""35437ce0555b78d2"", ""ad72ac69fdc378b6""]"
https://www.airbnb.com/rooms/847743314754031619,overlap-0193,"[""35437ce0555b78d2"", ""ad72ac69fdc378b6""]"
https://www.airbnb.com/rooms/847744942248652887,overlap-0193,"[""35437ce0555b78d2"", ""ad72ac69fdc378b6""]"
https://www.airbnb.com/rooms/10960823,overlap-0194,"[""35437ce0555b78d2"", ""ad72ac69fdc378b6"", ""c8f88860f2a3fc87""]"
https://www.airbnb.com/rooms/1572425044556230496,overlap-0195,"[""35437ce0555b78d2"", ""c8f88860f2a3fc87""]"
https://www.airbnb.com/rooms/1071687976610967596,overlap-0196,"[""355b5e2e8ef039da"", ""3fc3cb0cd9f6751b"", ""42be57dd474cc419"", ""8a38d23afc99f71b"", ""c16f35bbb54f93bf""]"
https://www.airbnb.com/rooms/1071779565910861985,overlap-0196,"[""355b5e2e8ef039da"", ""3fc3cb0cd9f6751b"", ""42be57dd474cc419"", ""8a38d23afc99f71b"", ""c16f35bbb54f93bf""]"
https://www.airbnb.com/rooms/1071779579795386114,overlap-0196,"[""355b5e2e8ef039da"", ""3fc3cb0cd9f6751b"", ""42be57dd474cc419"", ""8a38d23afc99f71b"", ""c16f35bbb54f93bf""]"
https://www.airbnb.com/rooms/1071779602618183469,overlap-0196,"[""355b5e2e8ef039da"", ""3fc3cb0cd9f6751b"", ""42be57dd474cc419"", ""8a38d23afc99f71b"", ""c16f35bbb54f93bf""]"
https://www.airbnb.com/rooms/1102244075511135371,overlap-0196,"[""355b5e2e8ef039da"", ""3fc3cb0cd9f6751b"", ""42be57dd474cc419"", ""8a38d23afc99f71b"", ""c16f35bbb54f93bf""]"
https://www.airbnb.com/rooms/1102244115499991703,overlap-0196,"[""355b5e2e8ef039da"", ""3fc3cb0cd9f6751b"", ""42be57dd474cc419"", ""8a38d23afc99f71b"", ""c16f35bbb54f93bf""]"
https://www.airbnb.com/rooms/1419651893149778451,overlap-0196,"[""355b5e2e8ef039da"", ""3fc3cb0cd9f6751b"", ""42be57dd474cc419"", ""8a38d23afc99f71b"", ""c16f35bbb54f93bf""]"
https://www.airbnb.com/rooms/1435449401267387217,overlap-0196,"[""355b5e2e8ef039da"", ""3fc3cb0cd9f6751b"", ""42be57dd474cc419"", ""8a38d23afc99f71b"", ""c16f35bbb54f93bf""]"
https://www.airbnb.com/rooms/1603791842916161766,overlap-0196,"[""355b5e2e8ef039da"", ""3fc3cb0cd9f6751b"", ""42be57dd474cc419"", ""8a38d23afc99f71b"", ""c16f35bbb54f93bf""]"
https://www.airbnb.com/rooms/1633209680182818867,overlap-0196,"[""355b5e2e8ef039da"", ""3fc3cb0cd9f6751b"", ""42be57dd474cc419"", ""8a38d23afc99f71b"", ""c16f35bbb54f93bf""]"
https://www.airbnb.com/rooms/1740604953019050518,overlap-0196,"[""355b5e2e8ef039da"", ""3fc3cb0cd9f6751b"", ""42be57dd474cc419"", ""8a38d23afc99f71b"", ""c16f35bbb54f93bf""]"
https://www.airbnb.com/rooms/45967726,overlap-0196,"[""355b5e2e8ef039da"", ""3fc3cb0cd9f6751b"", ""42be57dd474cc419"", ""8a38d23afc99f71b"", ""c16f35bbb54f93bf""]"
https://www.airbnb.com/rooms/45974717,overlap-0196,"[""355b5e2e8ef039da"", ""3fc3cb0cd9f6751b"", ""42be57dd474cc419"", ""8a38d23afc99f71b"", ""c16f35bbb54f93bf""]"
https://www.airbnb.com/rooms/52598786,overlap-0196,"[""355b5e2e8ef039da"", ""3fc3cb0cd9f6751b"", ""42be57dd474cc419"", ""8a38d23afc99f71b"", ""c16f35bbb54f93bf""]"
https://www.airbnb.com/rooms/52599453,overlap-0196,"[""355b5e2e8ef039da"", ""3fc3cb0cd9f6751b"", ""42be57dd474cc419"", ""8a38d23afc99f71b"", ""c16f35bbb54f93bf""]"
https://www.airbnb.com/rooms/53186655,overlap-0196,"[""355b5e2e8ef039da"", ""3fc3cb0cd9f6751b"", ""42be57dd474cc419"", ""8a38d23afc99f71b"", ""c16f35bbb54f93bf""]"
https://www.airbnb.com/rooms/836273009435048155,overlap-0196,"[""355b5e2e8ef039da"", ""3fc3cb0cd9f6751b"", ""42be57dd474cc419"", ""8a38d23afc99f71b"", ""c16f35bbb54f93bf""]"
https://www.airbnb.com/rooms/1711168106966814096,overlap-0197,"[""355b5e2e8ef039da"", ""3fc3cb0cd9f6751b"", ""8a38d23afc99f71b"", ""b82d092d9a73a1e2"", ""c16f35bbb54f93bf""]"
https://www.airbnb.com/rooms/10163485,overlap-0198,"[""355b5e2e8ef039da"", ""3fc3cb0cd9f6751b"", ""8a38d23afc99f71b"", ""c16f35bbb54f93bf""]"
https://www.airbnb.com/rooms/1044200798073463710,overlap-0198,"[""355b5e2e8ef039da"", ""3fc3cb0cd9f6751b"", ""8a38d23afc99f71b"", ""c16f35bbb54f93bf""]"
https://www.airbnb.com/rooms/1044201065930553025,overlap-0198,"[""355b5e2e8ef039da"", ""3fc3cb0cd9f6751b"", ""8a38d23afc99f71b"", ""c16f35bbb54f93bf""]"
https://www.airbnb.com/rooms/1044201347553619118,overlap-0198,"[""355b5e2e8ef039da"", ""3fc3cb0cd9f6751b"", ""8a38d23afc99f71b"", ""c16f35bbb54f93bf""]"
https://www.airbnb.com/rooms/1044225748149459722,overlap-0198,"[""355b5e2e8ef039da"", ""3fc3cb0cd9f6751b"", ""8a38d23afc99f71b"", ""c16f35bbb54f93bf""]"
https://www.airbnb.com/rooms/1044229286103626181,overlap-0198,"[""355b5e2e8ef039da"", ""3fc3cb0cd9f6751b"", ""8a38d23afc99f71b"", ""c16f35bbb54f93bf""]"
https://www.airbnb.com/rooms/1173952164521782879,overlap-0198,"[""355b5e2e8ef039da"", ""3fc3cb0cd9f6751b"", ""8a38d23afc99f71b"", ""c16f35bbb54f93bf""]"
https://www.airbnb.com/rooms/1233993066913273273,overlap-0198,"[""355b5e2e8ef039da"", ""3fc3cb0cd9f6751b"", ""8a38d23afc99f71b"", ""c16f35bbb54f93bf""]"
https://www.airbnb.com/rooms/1234798769953456543,overlap-0198,"[""355b5e2e8ef039da"", ""3fc3cb0cd9f6751b"", ""8a38d23afc99f71b"", ""c16f35bbb54f93bf""]"
https://www.airbnb.com/rooms/1234872167659222926,overlap-0198,"[""355b5e2e8ef039da"", ""3fc3cb0cd9f6751b"", ""8a38d23afc99f71b"", ""c16f35bbb54f93bf""]"
https://www.airbnb.com/rooms/1234896246424862692,overlap-0198,"[""355b5e2e8ef039da"", ""3fc3cb0cd9f6751b"", ""8a38d23afc99f71b"", ""c16f35bbb54f93bf""]"
https://www.airbnb.com/rooms/1313794564129348273,overlap-0198,"[""355b5e2e8ef039da"", ""3fc3cb0cd9f6751b"", ""8a38d23afc99f71b"", ""c16f35bbb54f93bf""]"
https://www.airbnb.com/rooms/1402909504396508368,overlap-0198,"[""355b5e2e8ef039da"", ""3fc3cb0cd9f6751b"", ""8a38d23afc99f71b"", ""c16f35bbb54f93bf""]"
https://www.airbnb.com/rooms/1481140192304076756,overlap-0198,"[""355b5e2e8ef039da"", ""3fc3cb0cd9f6751b"", ""8a38d23afc99f71b"", ""c16f35bbb54f93bf""]"
https://www.airbnb.com/rooms/1521805391936844041,overlap-0198,"[""355b5e2e8ef039da"", ""3fc3cb0cd9f6751b"", ""8a38d23afc99f71b"", ""c16f35bbb54f93bf""]"
https://www.airbnb.com/rooms/1599392923376406681,overlap-0198,"[""355b5e2e8ef039da"", ""3fc3cb0cd9f6751b"", ""8a38d23afc99f71b"", ""c16f35bbb54f93bf""]"
https://www.airbnb.com/rooms/1601000886956380463,overlap-0198,"[""355b5e2e8ef039da"", ""3fc3cb0cd9f6751b"", ""8a38d23afc99f71b"", ""c16f35bbb54f93bf""]"
https://www.airbnb.com/rooms/1699403031737280180,overlap-0198,"[""355b5e2e8ef039da"", ""3fc3cb0cd9f6751b"", ""8a38d23afc99f71b"", ""c16f35bbb54f93bf""]"
https://www.airbnb.com/rooms/1717006240018777138,overlap-0198,"[""355b5e2e8ef039da"", ""3fc3cb0cd9f6751b"", ""8a38d23afc99f71b"", ""c16f35bbb54f93bf""]"
https://www.airbnb.com/rooms/1739982755562789602,overlap-0198,"[""355b5e2e8ef039da"", ""3fc3cb0cd9f6751b"", ""8a38d23afc99f71b"", ""c16f35bbb54f93bf""]"
https://www.airbnb.com/rooms/1771287816711476960,overlap-0198,"[""355b5e2e8ef039da"", ""3fc3cb0cd9f6751b"", ""8a38d23afc99f71b"", ""c16f35bbb54f93bf""]"
https://www.airbnb.com/rooms/18942057,overlap-0198,"[""355b5e2e8ef039da"", ""3fc3cb0cd9f6751b"", ""8a38d23afc99f71b"", ""c16f35bbb54f93bf""]"
https://www.airbnb.com/rooms/21526488,overlap-0198,"[""355b5e2e8ef039da"", ""3fc3cb0cd9f6751b"", ""8a38d23afc99f71b"", ""c16f35bbb54f93bf""]"
https://www.airbnb.com/rooms/2273933,overlap-0198,"[""355b5e2e8ef039da"", ""3fc3cb0cd9f6751b"", ""8a38d23afc99f71b"", ""c16f35bbb54f93bf""]"
https://www.airbnb.com/rooms/36388352,overlap-0198,"[""355b5e2e8ef039da"", ""3fc3cb0cd9f6751b"", ""8a38d23afc99f71b"", ""c16f35bbb54f93bf""]"
https://www.airbnb.com/rooms/3703925,overlap-0198,"[""355b5e2e8ef039da"", ""3fc3cb0cd9f6751b"", ""8a38d23afc99f71b"", ""c16f35bbb54f93bf""]"
https://www.airbnb.com/rooms/44265921,overlap-0198,"[""355b5e2e8ef039da"", ""3fc3cb0cd9f6751b"", ""8a38d23afc99f71b"", ""c16f35bbb54f93bf""]"
https://www.airbnb.com/rooms/50641124,overlap-0198,"[""355b5e2e8ef039da"", ""3fc3cb0cd9f6751b"", ""8a38d23afc99f71b"", ""c16f35bbb54f93bf""]"
https://www.airbnb.com/rooms/54345812,overlap-0198,"[""355b5e2e8ef039da"", ""3fc3cb0cd9f6751b"", ""8a38d23afc99f71b"", ""c16f35bbb54f93bf""]"
https://www.airbnb.com/rooms/573044664591210725,overlap-0198,"[""355b5e2e8ef039da"", ""3fc3cb0cd9f6751b"", ""8a38d23afc99f71b"", ""c16f35bbb54f93bf""]"
https://www.airbnb.com/rooms/628389813838199216,overlap-0198,"[""355b5e2e8ef039da"", ""3fc3cb0cd9f6751b"", ""8a38d23afc99f71b"", ""c16f35bbb54f93bf""]"
https://www.airbnb.com/rooms/695658611068426695,overlap-0198,"[""355b5e2e8ef039da"", ""3fc3cb0cd9f6751b"", ""8a38d23afc99f71b"", ""c16f35bbb54f93bf""]"
https://www.airbnb.com/rooms/910025352112704220,overlap-0198,"[""355b5e2e8ef039da"", ""3fc3cb0cd9f6751b"", ""8a38d23afc99f71b"", ""c16f35bbb54f93bf""]"
https://www.airbnb.com/rooms/1358874895557562253,overlap-0199,"[""355b5e2e8ef039da"", ""42be57dd474cc419"", ""481d0d2da1ce4560"", ""5b0701861d85e0a2"", ""c16f35bbb54f93bf"", ""da99138abad74d6d""]"
https://www.airbnb.com/rooms/1025178345911993468,overlap-0200,"[""355b5e2e8ef039da"", ""42be57dd474cc419"", ""c16f35bbb54f93bf""]"
https://www.airbnb.com/rooms/1062307508091230600,overlap-0200,"[""355b5e2e8ef039da"", ""42be57dd474cc419"", ""c16f35bbb54f93bf""]"
https://www.airbnb.com/rooms/1148129010736290767,overlap-0200,"[""355b5e2e8ef039da"", ""42be57dd474cc419"", ""c16f35bbb54f93bf""]"
https://www.airbnb.com/rooms/1228246611253642696,overlap-0200,"[""355b5e2e8ef039da"", ""42be57dd474cc419"", ""c16f35bbb54f93bf""]"
https://www.airbnb.com/rooms/1434902516709206451,overlap-0200,"[""355b5e2e8ef039da"", ""42be57dd474cc419"", ""c16f35bbb54f93bf""]"
https://www.airbnb.com/rooms/557396507637744096,overlap-0200,"[""355b5e2e8ef039da"", ""42be57dd474cc419"", ""c16f35bbb54f93bf""]"
https://www.airbnb.com/rooms/712273806888775533,overlap-0200,"[""355b5e2e8ef039da"", ""42be57dd474cc419"", ""c16f35bbb54f93bf""]"
https://www.airbnb.com/rooms/714308615470361683,overlap-0200,"[""355b5e2e8ef039da"", ""42be57dd474cc419"", ""c16f35bbb54f93bf""]"
https://www.airbnb.com/rooms/714316556236636928,overlap-0200,"[""355b5e2e8ef039da"", ""42be57dd474cc419"", ""c16f35bbb54f93bf""]"
https://www.airbnb.com/rooms/714318598136775534,overlap-0200,"[""355b5e2e8ef039da"", ""42be57dd474cc419"", ""c16f35bbb54f93bf""]"
https://www.airbnb.com/rooms/714320891833943303,overlap-0200,"[""355b5e2e8ef039da"", ""42be57dd474cc419"", ""c16f35bbb54f93bf""]"
https://www.airbnb.com/rooms/714324027977243242,overlap-0200,"[""355b5e2e8ef039da"", ""42be57dd474cc419"", ""c16f35bbb54f93bf""]"
https://www.airbnb.com/rooms/714326114651550319,overlap-0200,"[""355b5e2e8ef039da"", ""42be57dd474cc419"", ""c16f35bbb54f93bf""]"
https://www.airbnb.com/rooms/714328443954334614,overlap-0200,"[""355b5e2e8ef039da"", ""42be57dd474cc419"", ""c16f35bbb54f93bf""]"
https://www.airbnb.com/rooms/714330658672895368,overlap-0200,"[""355b5e2e8ef039da"", ""42be57dd474cc419"", ""c16f35bbb54f93bf""]"
https://www.airbnb.com/rooms/714332839771026928,overlap-0200,"[""355b5e2e8ef039da"", ""42be57dd474cc419"", ""c16f35bbb54f93bf""]"
https://www.airbnb.com/rooms/727669868940245932,overlap-0200,"[""355b5e2e8ef039da"", ""42be57dd474cc419"", ""c16f35bbb54f93bf""]"
https://www.airbnb.com/rooms/912970947413054245,overlap-0200,"[""355b5e2e8ef039da"", ""42be57dd474cc419"", ""c16f35bbb54f93bf""]"
https://www.airbnb.com/rooms/1364794388735979824,overlap-0201,"[""355b5e2e8ef039da"", ""481d0d2da1ce4560"", ""5b0701861d85e0a2"", ""c16f35bbb54f93bf""]"
https://www.airbnb.com/rooms/1381946071170461355,overlap-0201,"[""355b5e2e8ef039da"", ""481d0d2da1ce4560"", ""5b0701861d85e0a2"", ""c16f35bbb54f93bf""]"
https://www.airbnb.com/rooms/1431169666089464502,overlap-0201,"[""355b5e2e8ef039da"", ""481d0d2da1ce4560"", ""5b0701861d85e0a2"", ""c16f35bbb54f93bf""]"
https://www.airbnb.com/rooms/1734883079987288814,overlap-0201,"[""355b5e2e8ef039da"", ""481d0d2da1ce4560"", ""5b0701861d85e0a2"", ""c16f35bbb54f93bf""]"
https://www.airbnb.com/rooms/34232229,overlap-0201,"[""355b5e2e8ef039da"", ""481d0d2da1ce4560"", ""5b0701861d85e0a2"", ""c16f35bbb54f93bf""]"
https://www.airbnb.com/rooms/879126559453061974,overlap-0201,"[""355b5e2e8ef039da"", ""481d0d2da1ce4560"", ""5b0701861d85e0a2"", ""c16f35bbb54f93bf""]"
https://www.airbnb.com/rooms/17464235,overlap-0202,"[""355b5e2e8ef039da"", ""5b0701861d85e0a2"", ""b82d092d9a73a1e2"", ""dc3e2682f7d8254b""]"
https://www.airbnb.com/rooms/766191436865841377,overlap-0202,"[""355b5e2e8ef039da"", ""5b0701861d85e0a2"", ""b82d092d9a73a1e2"", ""dc3e2682f7d8254b""]"
https://www.airbnb.com/rooms/1014632321360885062,overlap-0203,"[""355b5e2e8ef039da"", ""c16f35bbb54f93bf""]"
https://www.airbnb.com/rooms/1015066577238301980,overlap-0203,"[""355b5e2e8ef039da"", ""c16f35bbb54f93bf""]"
https://www.airbnb.com/rooms/1436245801238883052,overlap-0203,"[""355b5e2e8ef039da"", ""c16f35bbb54f93bf""]"
https://www.airbnb.com/rooms/1548731611018514778,overlap-0203,"[""355b5e2e8ef039da"", ""c16f35bbb54f93bf""]"
https://www.airbnb.com/rooms/1579276470304649891,overlap-0203,"[""355b5e2e8ef039da"", ""c16f35bbb54f93bf""]"
https://www.airbnb.com/rooms/1607513147666443763,overlap-0203,"[""355b5e2e8ef039da"", ""c16f35bbb54f93bf""]"
https://www.airbnb.com/rooms/1751894659478725290,overlap-0203,"[""355b5e2e8ef039da"", ""c16f35bbb54f93bf""]"
https://www.airbnb.com/rooms/20439200,overlap-0203,"[""355b5e2e8ef039da"", ""c16f35bbb54f93bf""]"
https://www.airbnb.com/rooms/2802925,overlap-0203,"[""355b5e2e8ef039da"", ""c16f35bbb54f93bf""]"
https://www.airbnb.com/rooms/45992548,overlap-0203,"[""355b5e2e8ef039da"", ""c16f35bbb54f93bf""]"
https://www.airbnb.com/rooms/49584079,overlap-0203,"[""355b5e2e8ef039da"", ""c16f35bbb54f93bf""]"
https://www.airbnb.com/rooms/610685117945112630,overlap-0203,"[""355b5e2e8ef039da"", ""c16f35bbb54f93bf""]"
https://www.airbnb.com/rooms/623287889862417111,overlap-0203,"[""355b5e2e8ef039da"", ""c16f35bbb54f93bf""]"
https://www.airbnb.com/rooms/6276671,overlap-0203,"[""355b5e2e8ef039da"", ""c16f35bbb54f93bf""]"
https://www.airbnb.com/rooms/639131845527083577,overlap-0203,"[""355b5e2e8ef039da"", ""c16f35bbb54f93bf""]"
https://www.airbnb.com/rooms/651328954121366622,overlap-0203,"[""355b5e2e8ef039da"", ""c16f35bbb54f93bf""]"
https://www.airbnb.com/rooms/8983414,overlap-0203,"[""355b5e2e8ef039da"", ""c16f35bbb54f93bf""]"
https://www.airbnb.com/rooms/1577826861371203081,overlap-0204,"[""366b865b1b116ee7"", ""9f2ac3cc7c006899""]"
https://www.airbnb.com/rooms/1152262701843255011,overlap-0205,"[""366b865b1b116ee7"", ""d380eca185b98727"", ""d699ba709849b04d""]"
https://www.airbnb.com/rooms/1164034953882773805,overlap-0205,"[""366b865b1b116ee7"", ""d380eca185b98727"", ""d699ba709849b04d""]"
https://www.airbnb.com/rooms/1167489559234256966,overlap-0205,"[""366b865b1b116ee7"", ""d380eca185b98727"", ""d699ba709849b04d""]"
https://www.airbnb.com/rooms/1168252083992672986,overlap-0205,"[""366b865b1b116ee7"", ""d380eca185b98727"", ""d699ba709849b04d""]"
https://www.airbnb.com/rooms/1228364296211927411,overlap-0205,"[""366b865b1b116ee7"", ""d380eca185b98727"", ""d699ba709849b04d""]"
https://www.airbnb.com/rooms/1262499589049026531,overlap-0205,"[""366b865b1b116ee7"", ""d380eca185b98727"", ""d699ba709849b04d""]"
https://www.airbnb.com/rooms/15677122,overlap-0205,"[""366b865b1b116ee7"", ""d380eca185b98727"", ""d699ba709849b04d""]"
https://www.airbnb.com/rooms/1026858983475229148,overlap-0206,"[""39ec27d1e1a00f12"", ""48c8c15966f50d05"", ""53b7bc9aa574780a"", ""b2a2cd97066a8a5f""]"
https://www.airbnb.com/rooms/1287907991844783601,overlap-0206,"[""39ec27d1e1a00f12"", ""48c8c15966f50d05"", ""53b7bc9aa574780a"", ""b2a2cd97066a8a5f""]"
https://www.airbnb.com/rooms/1310163891633476788,overlap-0206,"[""39ec27d1e1a00f12"", ""48c8c15966f50d05"", ""53b7bc9aa574780a"", ""b2a2cd97066a8a5f""]"
https://www.airbnb.com/rooms/1573271383520577607,overlap-0206,"[""39ec27d1e1a00f12"", ""48c8c15966f50d05"", ""53b7bc9aa574780a"", ""b2a2cd97066a8a5f""]"
https://www.airbnb.com/rooms/1729919309688062631,overlap-0206,"[""39ec27d1e1a00f12"", ""48c8c15966f50d05"", ""53b7bc9aa574780a"", ""b2a2cd97066a8a5f""]"
https://www.airbnb.com/rooms/1745236138022025705,overlap-0206,"[""39ec27d1e1a00f12"", ""48c8c15966f50d05"", ""53b7bc9aa574780a"", ""b2a2cd97066a8a5f""]"
https://www.airbnb.com/rooms/770943723756158051,overlap-0206,"[""39ec27d1e1a00f12"", ""48c8c15966f50d05"", ""53b7bc9aa574780a"", ""b2a2cd97066a8a5f""]"
https://www.airbnb.com/rooms/986307119302904808,overlap-0206,"[""39ec27d1e1a00f12"", ""48c8c15966f50d05"", ""53b7bc9aa574780a"", ""b2a2cd97066a8a5f""]"
https://www.airbnb.com/rooms/1198715474078845546,overlap-0207,"[""39ec27d1e1a00f12"", ""48c8c15966f50d05"", ""5954c714369f759e"", ""944fc873ef024a8c"", ""9fab0235df836a09"", ""b2a2cd97066a8a5f""]"
https://www.airbnb.com/rooms/45399105,overlap-0207,"[""39ec27d1e1a00f12"", ""48c8c15966f50d05"", ""5954c714369f759e"", ""944fc873ef024a8c"", ""9fab0235df836a09"", ""b2a2cd97066a8a5f""]"
https://www.airbnb.com/rooms/54002375,overlap-0207,"[""39ec27d1e1a00f12"", ""48c8c15966f50d05"", ""5954c714369f759e"", ""944fc873ef024a8c"", ""9fab0235df836a09"", ""b2a2cd97066a8a5f""]"
https://www.airbnb.com/rooms/610077025200442937,overlap-0207,"[""39ec27d1e1a00f12"", ""48c8c15966f50d05"", ""5954c714369f759e"", ""944fc873ef024a8c"", ""9fab0235df836a09"", ""b2a2cd97066a8a5f""]"
https://www.airbnb.com/rooms/610164155811801435,overlap-0207,"[""39ec27d1e1a00f12"", ""48c8c15966f50d05"", ""5954c714369f759e"", ""944fc873ef024a8c"", ""9fab0235df836a09"", ""b2a2cd97066a8a5f""]"
https://www.airbnb.com/rooms/614297282797587947,overlap-0207,"[""39ec27d1e1a00f12"", ""48c8c15966f50d05"", ""5954c714369f759e"", ""944fc873ef024a8c"", ""9fab0235df836a09"", ""b2a2cd97066a8a5f""]"
https://www.airbnb.com/rooms/662257749056130274,overlap-0207,"[""39ec27d1e1a00f12"", ""48c8c15966f50d05"", ""5954c714369f759e"", ""944fc873ef024a8c"", ""9fab0235df836a09"", ""b2a2cd97066a8a5f""]"
https://www.airbnb.com/rooms/1194875838545343377,overlap-0208,"[""39ec27d1e1a00f12"", ""48c8c15966f50d05"", ""b2a2cd97066a8a5f""]"
https://www.airbnb.com/rooms/1492027416959113714,overlap-0208,"[""39ec27d1e1a00f12"", ""48c8c15966f50d05"", ""b2a2cd97066a8a5f""]"
https://www.airbnb.com/rooms/37001354,overlap-0208,"[""39ec27d1e1a00f12"", ""48c8c15966f50d05"", ""b2a2cd97066a8a5f""]"
https://www.airbnb.com/rooms/40834246,overlap-0208,"[""39ec27d1e1a00f12"", ""48c8c15966f50d05"", ""b2a2cd97066a8a5f""]"
https://www.airbnb.com/rooms/659962738532570017,overlap-0208,"[""39ec27d1e1a00f12"", ""48c8c15966f50d05"", ""b2a2cd97066a8a5f""]"
https://www.airbnb.com/rooms/6975795,overlap-0208,"[""39ec27d1e1a00f12"", ""48c8c15966f50d05"", ""b2a2cd97066a8a5f""]"
https://www.airbnb.com/rooms/701415862748390513,overlap-0208,"[""39ec27d1e1a00f12"", ""48c8c15966f50d05"", ""b2a2cd97066a8a5f""]"
https://www.airbnb.com/rooms/800589396247082115,overlap-0208,"[""39ec27d1e1a00f12"", ""48c8c15966f50d05"", ""b2a2cd97066a8a5f""]"
https://www.airbnb.com/rooms/999348496708472700,overlap-0208,"[""39ec27d1e1a00f12"", ""48c8c15966f50d05"", ""b2a2cd97066a8a5f""]"
https://www.airbnb.com/rooms/1077939869881251307,overlap-0209,"[""39ec27d1e1a00f12"", ""53b7bc9aa574780a"", ""b2a2cd97066a8a5f""]"
https://www.airbnb.com/rooms/1216248195481861092,overlap-0209,"[""39ec27d1e1a00f12"", ""53b7bc9aa574780a"", ""b2a2cd97066a8a5f""]"
https://www.airbnb.com/rooms/1237585457379773722,overlap-0209,"[""39ec27d1e1a00f12"", ""53b7bc9aa574780a"", ""b2a2cd97066a8a5f""]"
https://www.airbnb.com/rooms/1242976420995158685,overlap-0209,"[""39ec27d1e1a00f12"", ""53b7bc9aa574780a"", ""b2a2cd97066a8a5f""]"
https://www.airbnb.com/rooms/1309549004720925309,overlap-0209,"[""39ec27d1e1a00f12"", ""53b7bc9aa574780a"", ""b2a2cd97066a8a5f""]"
https://www.airbnb.com/rooms/1315466068122686876,overlap-0209,"[""39ec27d1e1a00f12"", ""53b7bc9aa574780a"", ""b2a2cd97066a8a5f""]"
https://www.airbnb.com/rooms/1336380215333117742,overlap-0209,"[""39ec27d1e1a00f12"", ""53b7bc9aa574780a"", ""b2a2cd97066a8a5f""]"
https://www.airbnb.com/rooms/1347039203035994446,overlap-0209,"[""39ec27d1e1a00f12"", ""53b7bc9aa574780a"", ""b2a2cd97066a8a5f""]"
https://www.airbnb.com/rooms/1405122604907394367,overlap-0209,"[""39ec27d1e1a00f12"", ""53b7bc9aa574780a"", ""b2a2cd97066a8a5f""]"
https://www.airbnb.com/rooms/1466841460148992319,overlap-0209,"[""39ec27d1e1a00f12"", ""53b7bc9aa574780a"", ""b2a2cd97066a8a5f""]"
https://www.airbnb.com/rooms/1471704518647579930,overlap-0209,"[""39ec27d1e1a00f12"", ""53b7bc9aa574780a"", ""b2a2cd97066a8a5f""]"
https://www.airbnb.com/rooms/1472640478825296863,overlap-0209,"[""39ec27d1e1a00f12"", ""53b7bc9aa574780a"", ""b2a2cd97066a8a5f""]"
https://www.airbnb.com/rooms/1478470769352537343,overlap-0209,"[""39ec27d1e1a00f12"", ""53b7bc9aa574780a"", ""b2a2cd97066a8a5f""]"
https://www.airbnb.com/rooms/1480438239092820073,overlap-0209,"[""39ec27d1e1a00f12"", ""53b7bc9aa574780a"", ""b2a2cd97066a8a5f""]"
https://www.airbnb.com/rooms/1623437243589623494,overlap-0209,"[""39ec27d1e1a00f12"", ""53b7bc9aa574780a"", ""b2a2cd97066a8a5f""]"
https://www.airbnb.com/rooms/1633392116478162980,overlap-0209,"[""39ec27d1e1a00f12"", ""53b7bc9aa574780a"", ""b2a2cd97066a8a5f""]"
https://www.airbnb.com/rooms/1639156121629743213,overlap-0209,"[""39ec27d1e1a00f12"", ""53b7bc9aa574780a"", ""b2a2cd97066a8a5f""]"
https://www.airbnb.com/rooms/1650165500006566499,overlap-0209,"[""39ec27d1e1a00f12"", ""53b7bc9aa574780a"", ""b2a2cd97066a8a5f""]"
https://www.airbnb.com/rooms/1654499449542241048,overlap-0209,"[""39ec27d1e1a00f12"", ""53b7bc9aa574780a"", ""b2a2cd97066a8a5f""]"
https://www.airbnb.com/rooms/1658724936772097148,overlap-0209,"[""39ec27d1e1a00f12"", ""53b7bc9aa574780a"", ""b2a2cd97066a8a5f""]"
https://www.airbnb.com/rooms/1663814468006309351,overlap-0209,"[""39ec27d1e1a00f12"", ""53b7bc9aa574780a"", ""b2a2cd97066a8a5f""]"
https://www.airbnb.com/rooms/1679855420716744567,overlap-0209,"[""39ec27d1e1a00f12"", ""53b7bc9aa574780a"", ""b2a2cd97066a8a5f""]"
https://www.airbnb.com/rooms/1694360823412791899,overlap-0209,"[""39ec27d1e1a00f12"", ""53b7bc9aa574780a"", ""b2a2cd97066a8a5f""]"
https://www.airbnb.com/rooms/1729284714022774576,overlap-0209,"[""39ec27d1e1a00f12"", ""53b7bc9aa574780a"", ""b2a2cd97066a8a5f""]"
https://www.airbnb.com/rooms/1751749887166432072,overlap-0209,"[""39ec27d1e1a00f12"", ""53b7bc9aa574780a"", ""b2a2cd97066a8a5f""]"
https://www.airbnb.com/rooms/50118568,overlap-0209,"[""39ec27d1e1a00f12"", ""53b7bc9aa574780a"", ""b2a2cd97066a8a5f""]"
https://www.airbnb.com/rooms/676751370861910628,overlap-0209,"[""39ec27d1e1a00f12"", ""53b7bc9aa574780a"", ""b2a2cd97066a8a5f""]"
https://www.airbnb.com/rooms/676758023743436065,overlap-0209,"[""39ec27d1e1a00f12"", ""53b7bc9aa574780a"", ""b2a2cd97066a8a5f""]"
https://www.airbnb.com/rooms/676761625471931211,overlap-0209,"[""39ec27d1e1a00f12"", ""53b7bc9aa574780a"", ""b2a2cd97066a8a5f""]"
https://www.airbnb.com/rooms/676764467500240383,overlap-0209,"[""39ec27d1e1a00f12"", ""53b7bc9aa574780a"", ""b2a2cd97066a8a5f""]"
https://www.airbnb.com/rooms/676769348495478107,overlap-0209,"[""39ec27d1e1a00f12"", ""53b7bc9aa574780a"", ""b2a2cd97066a8a5f""]"
https://www.airbnb.com/rooms/676778922240460727,overlap-0209,"[""39ec27d1e1a00f12"", ""53b7bc9aa574780a"", ""b2a2cd97066a8a5f""]"
https://www.airbnb.com/rooms/676783916278069224,overlap-0209,"[""39ec27d1e1a00f12"", ""53b7bc9aa574780a"", ""b2a2cd97066a8a5f""]"
https://www.airbnb.com/rooms/729786523259277353,overlap-0209,"[""39ec27d1e1a00f12"", ""53b7bc9aa574780a"", ""b2a2cd97066a8a5f""]"
https://www.airbnb.com/rooms/731878113767729415,overlap-0209,"[""39ec27d1e1a00f12"", ""53b7bc9aa574780a"", ""b2a2cd97066a8a5f""]"
https://www.airbnb.com/rooms/751794421821809038,overlap-0209,"[""39ec27d1e1a00f12"", ""53b7bc9aa574780a"", ""b2a2cd97066a8a5f""]"
https://www.airbnb.com/rooms/755327295632935938,overlap-0209,"[""39ec27d1e1a00f12"", ""53b7bc9aa574780a"", ""b2a2cd97066a8a5f""]"
https://www.airbnb.com/rooms/801385375831558484,overlap-0209,"[""39ec27d1e1a00f12"", ""53b7bc9aa574780a"", ""b2a2cd97066a8a5f""]"
https://www.airbnb.com/rooms/826357093764710865,overlap-0209,"[""39ec27d1e1a00f12"", ""53b7bc9aa574780a"", ""b2a2cd97066a8a5f""]"
https://www.airbnb.com/rooms/850762256963581026,overlap-0209,"[""39ec27d1e1a00f12"", ""53b7bc9aa574780a"", ""b2a2cd97066a8a5f""]"
https://www.airbnb.com/rooms/850786306600753778,overlap-0209,"[""39ec27d1e1a00f12"", ""53b7bc9aa574780a"", ""b2a2cd97066a8a5f""]"
https://www.airbnb.com/rooms/884119246018480768,overlap-0209,"[""39ec27d1e1a00f12"", ""53b7bc9aa574780a"", ""b2a2cd97066a8a5f""]"
https://www.airbnb.com/rooms/1024730982697522642,overlap-0210,"[""39ec27d1e1a00f12"", ""b2a2cd97066a8a5f""]"
https://www.airbnb.com/rooms/10411052,overlap-0210,"[""39ec27d1e1a00f12"", ""b2a2cd97066a8a5f""]"
https://www.airbnb.com/rooms/1046475593517815632,overlap-0210,"[""39ec27d1e1a00f12"", ""b2a2cd97066a8a5f""]"
https://www.airbnb.com/rooms/1050900645294853786,overlap-0210,"[""39ec27d1e1a00f12"", ""b2a2cd97066a8a5f""]"
https://www.airbnb.com/rooms/1052124489841818202,overlap-0210,"[""39ec27d1e1a00f12"", ""b2a2cd97066a8a5f""]"
https://www.airbnb.com/rooms/1052149206516339824,overlap-0210,"[""39ec27d1e1a00f12"", ""b2a2cd97066a8a5f""]"
https://www.airbnb.com/rooms/1052178161041724316,overlap-0210,"[""39ec27d1e1a00f12"", ""b2a2cd97066a8a5f""]"
https://www.airbnb.com/rooms/1052256519581625406,overlap-0210,"[""39ec27d1e1a00f12"", ""b2a2cd97066a8a5f""]"
https://www.airbnb.com/rooms/1072555339751189924,overlap-0210,"[""39ec27d1e1a00f12"", ""b2a2cd97066a8a5f""]"
https://www.airbnb.com/rooms/1095037966778571044,overlap-0210,"[""39ec27d1e1a00f12"", ""b2a2cd97066a8a5f""]"
https://www.airbnb.com/rooms/1181741343724986232,overlap-0210,"[""39ec27d1e1a00f12"", ""b2a2cd97066a8a5f""]"
https://www.airbnb.com/rooms/1278971010007902620,overlap-0210,"[""39ec27d1e1a00f12"", ""b2a2cd97066a8a5f""]"
https://www.airbnb.com/rooms/13044705,overlap-0210,"[""39ec27d1e1a00f12"", ""b2a2cd97066a8a5f""]"
https://www.airbnb.com/rooms/1341498114106296786,overlap-0210,"[""39ec27d1e1a00f12"", ""b2a2cd97066a8a5f""]"
https://www.airbnb.com/rooms/1343583841407008783,overlap-0210,"[""39ec27d1e1a00f12"", ""b2a2cd97066a8a5f""]"
https://www.airbnb.com/rooms/1344283807554081467,overlap-0210,"[""39ec27d1e1a00f12"", ""b2a2cd97066a8a5f""]"
https://www.airbnb.com/rooms/1387251998388540755,overlap-0210,"[""39ec27d1e1a00f12"", ""b2a2cd97066a8a5f""]"
https://www.airbnb.com/rooms/1388449609701023049,overlap-0210,"[""39ec27d1e1a00f12"", ""b2a2cd97066a8a5f""]"
https://www.airbnb.com/rooms/14503480,overlap-0210,"[""39ec27d1e1a00f12"", ""b2a2cd97066a8a5f""]"
https://www.airbnb.com/rooms/1451804341323443474,overlap-0210,"[""39ec27d1e1a00f12"", ""b2a2cd97066a8a5f""]"
https://www.airbnb.com/rooms/1455136918998240689,overlap-0210,"[""39ec27d1e1a00f12"", ""b2a2cd97066a8a5f""]"
https://www.airbnb.com/rooms/14696060,overlap-0210,"[""39ec27d1e1a00f12"", ""b2a2cd97066a8a5f""]"
https://www.airbnb.com/rooms/1470513093138391959,overlap-0210,"[""39ec27d1e1a00f12"", ""b2a2cd97066a8a5f""]"
https://www.airbnb.com/rooms/1478470558922689049,overlap-0210,"[""39ec27d1e1a00f12"", ""b2a2cd97066a8a5f""]"
https://www.airbnb.com/rooms/1490641754963363963,overlap-0210,"[""39ec27d1e1a00f12"", ""b2a2cd97066a8a5f""]"
https://www.airbnb.com/rooms/1492786064886415556,overlap-0210,"[""39ec27d1e1a00f12"", ""b2a2cd97066a8a5f""]"
https://www.airbnb.com/rooms/1501531581128411597,overlap-0210,"[""39ec27d1e1a00f12"", ""b2a2cd97066a8a5f""]"
https://www.airbnb.com/rooms/1504294016856611797,overlap-0210,"[""39ec27d1e1a00f12"", ""b2a2cd97066a8a5f""]"
https://www.airbnb.com/rooms/1507312636291547356,overlap-0210,"[""39ec27d1e1a00f12"", ""b2a2cd97066a8a5f""]"
https://www.airbnb.com/rooms/1513765088426174754,overlap-0210,"[""39ec27d1e1a00f12"", ""b2a2cd97066a8a5f""]"
https://www.airbnb.com/rooms/1526488587279211296,overlap-0210,"[""39ec27d1e1a00f12"", ""b2a2cd97066a8a5f""]"
https://www.airbnb.com/rooms/1567650479038243462,overlap-0210,"[""39ec27d1e1a00f12"", ""b2a2cd97066a8a5f""]"
https://www.airbnb.com/rooms/1586510663813086808,overlap-0210,"[""39ec27d1e1a00f12"", ""b2a2cd97066a8a5f""]"
https://www.airbnb.com/rooms/1664072200922432672,overlap-0210,"[""39ec27d1e1a00f12"", ""b2a2cd97066a8a5f""]"
https://www.airbnb.com/rooms/1675324773529528156,overlap-0210,"[""39ec27d1e1a00f12"", ""b2a2cd97066a8a5f""]"
https://www.airbnb.com/rooms/1680694757172045900,overlap-0210,"[""39ec27d1e1a00f12"", ""b2a2cd97066a8a5f""]"
https://www.airbnb.com/rooms/1687899733612597428,overlap-0210,"[""39ec27d1e1a00f12"", ""b2a2cd97066a8a5f""]"
https://www.airbnb.com/rooms/17016355,overlap-0210,"[""39ec27d1e1a00f12"", ""b2a2cd97066a8a5f""]"
https://www.airbnb.com/rooms/1741560541712670606,overlap-0210,"[""39ec27d1e1a00f12"", ""b2a2cd97066a8a5f""]"
https://www.airbnb.com/rooms/1741580121339646571,overlap-0210,"[""39ec27d1e1a00f12"", ""b2a2cd97066a8a5f""]"
https://www.airbnb.com/rooms/1756771807654549420,overlap-0210,"[""39ec27d1e1a00f12"", ""b2a2cd97066a8a5f""]"
https://www.airbnb.com/rooms/1756822849941697781,overlap-0210,"[""39ec27d1e1a00f12"", ""b2a2cd97066a8a5f""]"
https://www.airbnb.com/rooms/1756919721402332424,overlap-0210,"[""39ec27d1e1a00f12"", ""b2a2cd97066a8a5f""]"
https://www.airbnb.com/rooms/1756958961635555555,overlap-0210,"[""39ec27d1e1a00f12"", ""b2a2cd97066a8a5f""]"
https://www.airbnb.com/rooms/1761127037329169100,overlap-0210,"[""39ec27d1e1a00f12"", ""b2a2cd97066a8a5f""]"
https://www.airbnb.com/rooms/1761183229080698280,overlap-0210,"[""39ec27d1e1a00f12"", ""b2a2cd97066a8a5f""]"
https://www.airbnb.com/rooms/1761227165885307226,overlap-0210,"[""39ec27d1e1a00f12"", ""b2a2cd97066a8a5f""]"
https://www.airbnb.com/rooms/1761273382411069057,overlap-0210,"[""39ec27d1e1a00f12"", ""b2a2cd97066a8a5f""]"
https://www.airbnb.com/rooms/1761309093751943557,overlap-0210,"[""39ec27d1e1a00f12"", ""b2a2cd97066a8a5f""]"
https://www.airbnb.com/rooms/1761334905456230033,overlap-0210,"[""39ec27d1e1a00f12"", ""b2a2cd97066a8a5f""]"
https://www.airbnb.com/rooms/1761845696573868354,overlap-0210,"[""39ec27d1e1a00f12"", ""b2a2cd97066a8a5f""]"
https://www.airbnb.com/rooms/1761871565328964148,overlap-0210,"[""39ec27d1e1a00f12"", ""b2a2cd97066a8a5f""]"
https://www.airbnb.com/rooms/1769955209030224825,overlap-0210,"[""39ec27d1e1a00f12"", ""b2a2cd97066a8a5f""]"
https://www.airbnb.com/rooms/1769962786353095372,overlap-0210,"[""39ec27d1e1a00f12"", ""b2a2cd97066a8a5f""]"
https://www.airbnb.com/rooms/1772607055990322302,overlap-0210,"[""39ec27d1e1a00f12"", ""b2a2cd97066a8a5f""]"
https://www.airbnb.com/rooms/1772726213912034419,overlap-0210,"[""39ec27d1e1a00f12"", ""b2a2cd97066a8a5f""]"
https://www.airbnb.com/rooms/19451277,overlap-0210,"[""39ec27d1e1a00f12"", ""b2a2cd97066a8a5f""]"
https://www.airbnb.com/rooms/20441773,overlap-0210,"[""39ec27d1e1a00f12"", ""b2a2cd97066a8a5f""]"
https://www.airbnb.com/rooms/24419377,overlap-0210,"[""39ec27d1e1a00f12"", ""b2a2cd97066a8a5f""]"
https://www.airbnb.com/rooms/24428600,overlap-0210,"[""39ec27d1e1a00f12"", ""b2a2cd97066a8a5f""]"
https://www.airbnb.com/rooms/28384893,overlap-0210,"[""39ec27d1e1a00f12"", ""b2a2cd97066a8a5f""]"
https://www.airbnb.com/rooms/30733432,overlap-0210,"[""39ec27d1e1a00f12"", ""b2a2cd97066a8a5f""]"
https://www.airbnb.com/rooms/39551424,overlap-0210,"[""39ec27d1e1a00f12"", ""b2a2cd97066a8a5f""]"
https://www.airbnb.com/rooms/39885868,overlap-0210,"[""39ec27d1e1a00f12"", ""b2a2cd97066a8a5f""]"
https://www.airbnb.com/rooms/43957533,overlap-0210,"[""39ec27d1e1a00f12"", ""b2a2cd97066a8a5f""]"
https://www.airbnb.com/rooms/51282974,overlap-0210,"[""39ec27d1e1a00f12"", ""b2a2cd97066a8a5f""]"
https://www.airbnb.com/rooms/53080637,overlap-0210,"[""39ec27d1e1a00f12"", ""b2a2cd97066a8a5f""]"
https://www.airbnb.com/rooms/53380562,overlap-0210,"[""39ec27d1e1a00f12"", ""b2a2cd97066a8a5f""]"
https://www.airbnb.com/rooms/550700482914212418,overlap-0210,"[""39ec27d1e1a00f12"", ""b2a2cd97066a8a5f""]"
https://www.airbnb.com/rooms/551358789563715154,overlap-0210,"[""39ec27d1e1a00f12"", ""b2a2cd97066a8a5f""]"
https://www.airbnb.com/rooms/557365514470522959,overlap-0210,"[""39ec27d1e1a00f12"", ""b2a2cd97066a8a5f""]"
https://www.airbnb.com/rooms/562965335695465666,overlap-0210,"[""39ec27d1e1a00f12"", ""b2a2cd97066a8a5f""]"
https://www.airbnb.com/rooms/580706546401103757,overlap-0210,"[""39ec27d1e1a00f12"", ""b2a2cd97066a8a5f""]"
https://www.airbnb.com/rooms/589268300680555503,overlap-0210,"[""39ec27d1e1a00f12"", ""b2a2cd97066a8a5f""]"
https://www.airbnb.com/rooms/592903274631892529,overlap-0210,"[""39ec27d1e1a00f12"", ""b2a2cd97066a8a5f""]"
https://www.airbnb.com/rooms/594629213859837624,overlap-0210,"[""39ec27d1e1a00f12"", ""b2a2cd97066a8a5f""]"
https://www.airbnb.com/rooms/719013406773680283,overlap-0210,"[""39ec27d1e1a00f12"", ""b2a2cd97066a8a5f""]"
https://www.airbnb.com/rooms/726974225582420818,overlap-0210,"[""39ec27d1e1a00f12"", ""b2a2cd97066a8a5f""]"
https://www.airbnb.com/rooms/749243966603655628,overlap-0210,"[""39ec27d1e1a00f12"", ""b2a2cd97066a8a5f""]"
https://www.airbnb.com/rooms/763897231334997833,overlap-0210,"[""39ec27d1e1a00f12"", ""b2a2cd97066a8a5f""]"
https://www.airbnb.com/rooms/779731207538522931,overlap-0210,"[""39ec27d1e1a00f12"", ""b2a2cd97066a8a5f""]"
https://www.airbnb.com/rooms/781245128384671207,overlap-0210,"[""39ec27d1e1a00f12"", ""b2a2cd97066a8a5f""]"
https://www.airbnb.com/rooms/821802831374467498,overlap-0210,"[""39ec27d1e1a00f12"", ""b2a2cd97066a8a5f""]"
https://www.airbnb.com/rooms/849269160010350864,overlap-0210,"[""39ec27d1e1a00f12"", ""b2a2cd97066a8a5f""]"
https://www.airbnb.com/rooms/859331158603384093,overlap-0210,"[""39ec27d1e1a00f12"", ""b2a2cd97066a8a5f""]"
https://www.airbnb.com/rooms/862264855381074422,overlap-0210,"[""39ec27d1e1a00f12"", ""b2a2cd97066a8a5f""]"
https://www.airbnb.com/rooms/8690505,overlap-0210,"[""39ec27d1e1a00f12"", ""b2a2cd97066a8a5f""]"
https://www.airbnb.com/rooms/882761790777958547,overlap-0210,"[""39ec27d1e1a00f12"", ""b2a2cd97066a8a5f""]"
https://www.airbnb.com/rooms/934348636080399380,overlap-0210,"[""39ec27d1e1a00f12"", ""b2a2cd97066a8a5f""]"
https://www.airbnb.com/rooms/968814010877014403,overlap-0210,"[""39ec27d1e1a00f12"", ""b2a2cd97066a8a5f""]"
https://www.airbnb.com/rooms/16237658,overlap-0211,"[""39ec27d1e1a00f12"", ""b2a2cd97066a8a5f"", ""e1e7eb7530dfd0d2""]"
https://www.airbnb.com/rooms/1709575913193448172,overlap-0211,"[""39ec27d1e1a00f12"", ""b2a2cd97066a8a5f"", ""e1e7eb7530dfd0d2""]"
https://www.airbnb.com/rooms/40230432,overlap-0211,"[""39ec27d1e1a00f12"", ""b2a2cd97066a8a5f"", ""e1e7eb7530dfd0d2""]"
https://www.airbnb.com/rooms/954336872697682126,overlap-0211,"[""39ec27d1e1a00f12"", ""b2a2cd97066a8a5f"", ""e1e7eb7530dfd0d2""]"
https://www.airbnb.com/rooms/16284438,overlap-0212,"[""39ec27d1e1a00f12"", ""e1e7eb7530dfd0d2""]"
https://www.airbnb.com/rooms/30914945,overlap-0212,"[""39ec27d1e1a00f12"", ""e1e7eb7530dfd0d2""]"
https://www.airbnb.com/rooms/41033344,overlap-0212,"[""39ec27d1e1a00f12"", ""e1e7eb7530dfd0d2""]"
https://www.airbnb.com/rooms/52030728,overlap-0212,"[""39ec27d1e1a00f12"", ""e1e7eb7530dfd0d2""]"
https://www.airbnb.com/rooms/786905071453639782,overlap-0212,"[""39ec27d1e1a00f12"", ""e1e7eb7530dfd0d2""]"
https://www.airbnb.com/rooms/1419677002366112693,overlap-0213,"[""3ac356299083fc68"", ""748dc410023c720b"", ""8661324004dc4c06"", ""d414467e874345f1""]"
https://www.airbnb.com/rooms/1532730830624260697,overlap-0213,"[""3ac356299083fc68"", ""748dc410023c720b"", ""8661324004dc4c06"", ""d414467e874345f1""]"
https://www.airbnb.com/rooms/15469487,overlap-0213,"[""3ac356299083fc68"", ""748dc410023c720b"", ""8661324004dc4c06"", ""d414467e874345f1""]"
https://www.airbnb.com/rooms/5560170,overlap-0214,"[""3ac356299083fc68"", ""8a38d23afc99f71b""]"
https://www.airbnb.com/rooms/1200729230185437425,overlap-0215,"[""3e10b2d655324a76"", ""481d0d2da1ce4560""]"
https://www.airbnb.com/rooms/1421173444819709259,overlap-0215,"[""3e10b2d655324a76"", ""481d0d2da1ce4560""]"
https://www.airbnb.com/rooms/1447233897596411127,overlap-0215,"[""3e10b2d655324a76"", ""481d0d2da1ce4560""]"
https://www.airbnb.com/rooms/1453043900639885292,overlap-0215,"[""3e10b2d655324a76"", ""481d0d2da1ce4560""]"
https://www.airbnb.com/rooms/35462377,overlap-0215,"[""3e10b2d655324a76"", ""481d0d2da1ce4560""]"
https://www.airbnb.com/rooms/42667473,overlap-0215,"[""3e10b2d655324a76"", ""481d0d2da1ce4560""]"
https://www.airbnb.com/rooms/49735114,overlap-0215,"[""3e10b2d655324a76"", ""481d0d2da1ce4560""]"
https://www.airbnb.com/rooms/620878572466415506,overlap-0215,"[""3e10b2d655324a76"", ""481d0d2da1ce4560""]"
https://www.airbnb.com/rooms/51752381,overlap-0216,"[""3e10b2d655324a76"", ""481d0d2da1ce4560"", ""5b0701861d85e0a2""]"
https://www.airbnb.com/rooms/892616799058600625,overlap-0216,"[""3e10b2d655324a76"", ""481d0d2da1ce4560"", ""5b0701861d85e0a2""]"
https://www.airbnb.com/rooms/1627785726751926812,overlap-0217,"[""3e10b2d655324a76"", ""481d0d2da1ce4560"", ""5b0701861d85e0a2"", ""79a0b85430e711c7"", ""e492281c54b36956""]"
https://www.airbnb.com/rooms/1751771250848173824,overlap-0217,"[""3e10b2d655324a76"", ""481d0d2da1ce4560"", ""5b0701861d85e0a2"", ""79a0b85430e711c7"", ""e492281c54b36956""]"
https://www.airbnb.com/rooms/48105158,overlap-0217,"[""3e10b2d655324a76"", ""481d0d2da1ce4560"", ""5b0701861d85e0a2"", ""79a0b85430e711c7"", ""e492281c54b36956""]"
https://www.airbnb.com/rooms/618073813478279213,overlap-0217,"[""3e10b2d655324a76"", ""481d0d2da1ce4560"", ""5b0701861d85e0a2"", ""79a0b85430e711c7"", ""e492281c54b36956""]"
https://www.airbnb.com/rooms/1113019368291448118,overlap-0218,"[""3e10b2d655324a76"", ""481d0d2da1ce4560"", ""5b0701861d85e0a2"", ""da99138abad74d6d""]"
https://www.airbnb.com/rooms/1430559924480085862,overlap-0218,"[""3e10b2d655324a76"", ""481d0d2da1ce4560"", ""5b0701861d85e0a2"", ""da99138abad74d6d""]"
https://www.airbnb.com/rooms/1517763777259530662,overlap-0218,"[""3e10b2d655324a76"", ""481d0d2da1ce4560"", ""5b0701861d85e0a2"", ""da99138abad74d6d""]"
https://www.airbnb.com/rooms/1519020573061151821,overlap-0218,"[""3e10b2d655324a76"", ""481d0d2da1ce4560"", ""5b0701861d85e0a2"", ""da99138abad74d6d""]"
https://www.airbnb.com/rooms/1549470033446332478,overlap-0218,"[""3e10b2d655324a76"", ""481d0d2da1ce4560"", ""5b0701861d85e0a2"", ""da99138abad74d6d""]"
https://www.airbnb.com/rooms/1610451677629825150,overlap-0218,"[""3e10b2d655324a76"", ""481d0d2da1ce4560"", ""5b0701861d85e0a2"", ""da99138abad74d6d""]"
https://www.airbnb.com/rooms/1625098330562108689,overlap-0218,"[""3e10b2d655324a76"", ""481d0d2da1ce4560"", ""5b0701861d85e0a2"", ""da99138abad74d6d""]"
https://www.airbnb.com/rooms/1690055646215087198,overlap-0218,"[""3e10b2d655324a76"", ""481d0d2da1ce4560"", ""5b0701861d85e0a2"", ""da99138abad74d6d""]"
https://www.airbnb.com/rooms/1715974490599266293,overlap-0218,"[""3e10b2d655324a76"", ""481d0d2da1ce4560"", ""5b0701861d85e0a2"", ""da99138abad74d6d""]"
https://www.airbnb.com/rooms/1731990922448670034,overlap-0218,"[""3e10b2d655324a76"", ""481d0d2da1ce4560"", ""5b0701861d85e0a2"", ""da99138abad74d6d""]"
https://www.airbnb.com/rooms/29389616,overlap-0218,"[""3e10b2d655324a76"", ""481d0d2da1ce4560"", ""5b0701861d85e0a2"", ""da99138abad74d6d""]"
https://www.airbnb.com/rooms/46792749,overlap-0218,"[""3e10b2d655324a76"", ""481d0d2da1ce4560"", ""5b0701861d85e0a2"", ""da99138abad74d6d""]"
https://www.airbnb.com/rooms/47869980,overlap-0218,"[""3e10b2d655324a76"", ""481d0d2da1ce4560"", ""5b0701861d85e0a2"", ""da99138abad74d6d""]"
https://www.airbnb.com/rooms/50180281,overlap-0218,"[""3e10b2d655324a76"", ""481d0d2da1ce4560"", ""5b0701861d85e0a2"", ""da99138abad74d6d""]"
https://www.airbnb.com/rooms/51906647,overlap-0218,"[""3e10b2d655324a76"", ""481d0d2da1ce4560"", ""5b0701861d85e0a2"", ""da99138abad74d6d""]"
https://www.airbnb.com/rooms/52440845,overlap-0218,"[""3e10b2d655324a76"", ""481d0d2da1ce4560"", ""5b0701861d85e0a2"", ""da99138abad74d6d""]"
https://www.airbnb.com/rooms/53705693,overlap-0218,"[""3e10b2d655324a76"", ""481d0d2da1ce4560"", ""5b0701861d85e0a2"", ""da99138abad74d6d""]"
https://www.airbnb.com/rooms/568867184075824341,overlap-0218,"[""3e10b2d655324a76"", ""481d0d2da1ce4560"", ""5b0701861d85e0a2"", ""da99138abad74d6d""]"
https://www.airbnb.com/rooms/1756212528159651486,overlap-0219,"[""3e10b2d655324a76"", ""481d0d2da1ce4560"", ""79a0b85430e711c7""]"
https://www.airbnb.com/rooms/620834878487764022,overlap-0219,"[""3e10b2d655324a76"", ""481d0d2da1ce4560"", ""79a0b85430e711c7""]"
https://www.airbnb.com/rooms/1610929995092507283,overlap-0220,"[""3e10b2d655324a76"", ""481d0d2da1ce4560"", ""da99138abad74d6d""]"
https://www.airbnb.com/rooms/49253797,overlap-0220,"[""3e10b2d655324a76"", ""481d0d2da1ce4560"", ""da99138abad74d6d""]"
https://www.airbnb.com/rooms/1143630535045725998,overlap-0221,"[""3e10b2d655324a76"", ""79a0b85430e711c7""]"
https://www.airbnb.com/rooms/1172450024564271162,overlap-0221,"[""3e10b2d655324a76"", ""79a0b85430e711c7""]"
https://www.airbnb.com/rooms/1258287842257690367,overlap-0221,"[""3e10b2d655324a76"", ""79a0b85430e711c7""]"
https://www.airbnb.com/rooms/1337012535973069194,overlap-0221,"[""3e10b2d655324a76"", ""79a0b85430e711c7""]"
https://www.airbnb.com/rooms/1522577506244871362,overlap-0221,"[""3e10b2d655324a76"", ""79a0b85430e711c7""]"
https://www.airbnb.com/rooms/1574136093377636927,overlap-0221,"[""3e10b2d655324a76"", ""79a0b85430e711c7""]"
https://www.airbnb.com/rooms/1769788537388429758,overlap-0221,"[""3e10b2d655324a76"", ""79a0b85430e711c7""]"
https://www.airbnb.com/rooms/52583875,overlap-0221,"[""3e10b2d655324a76"", ""79a0b85430e711c7""]"
https://www.airbnb.com/rooms/54404678,overlap-0221,"[""3e10b2d655324a76"", ""79a0b85430e711c7""]"
https://www.airbnb.com/rooms/603642530303706197,overlap-0221,"[""3e10b2d655324a76"", ""79a0b85430e711c7""]"
https://www.airbnb.com/rooms/969698230667452010,overlap-0221,"[""3e10b2d655324a76"", ""79a0b85430e711c7""]"
https://www.airbnb.com/rooms/1050749597150127174,overlap-0222,"[""3e10b2d655324a76"", ""da99138abad74d6d""]"
https://www.airbnb.com/rooms/1050749612230299429,overlap-0222,"[""3e10b2d655324a76"", ""da99138abad74d6d""]"
https://www.airbnb.com/rooms/1055261688027050330,overlap-0222,"[""3e10b2d655324a76"", ""da99138abad74d6d""]"
https://www.airbnb.com/rooms/1100883115024429337,overlap-0222,"[""3e10b2d655324a76"", ""da99138abad74d6d""]"
https://www.airbnb.com/rooms/1504353924819838262,overlap-0222,"[""3e10b2d655324a76"", ""da99138abad74d6d""]"
https://www.airbnb.com/rooms/1504493670446066241,overlap-0222,"[""3e10b2d655324a76"", ""da99138abad74d6d""]"
https://www.airbnb.com/rooms/1517695814396026185,overlap-0222,"[""3e10b2d655324a76"", ""da99138abad74d6d""]"
https://www.airbnb.com/rooms/1536320074388953123,overlap-0222,"[""3e10b2d655324a76"", ""da99138abad74d6d""]"
https://www.airbnb.com/rooms/1552365696518093649,overlap-0222,"[""3e10b2d655324a76"", ""da99138abad74d6d""]"
https://www.airbnb.com/rooms/1755896162262389557,overlap-0222,"[""3e10b2d655324a76"", ""da99138abad74d6d""]"
https://www.airbnb.com/rooms/1756805902069494397,overlap-0222,"[""3e10b2d655324a76"", ""da99138abad74d6d""]"
https://www.airbnb.com/rooms/32692115,overlap-0222,"[""3e10b2d655324a76"", ""da99138abad74d6d""]"
https://www.airbnb.com/rooms/48883208,overlap-0222,"[""3e10b2d655324a76"", ""da99138abad74d6d""]"
https://www.airbnb.com/rooms/48973972,overlap-0222,"[""3e10b2d655324a76"", ""da99138abad74d6d""]"
https://www.airbnb.com/rooms/48976509,overlap-0222,"[""3e10b2d655324a76"", ""da99138abad74d6d""]"
https://www.airbnb.com/rooms/50470801,overlap-0222,"[""3e10b2d655324a76"", ""da99138abad74d6d""]"
https://www.airbnb.com/rooms/50548857,overlap-0222,"[""3e10b2d655324a76"", ""da99138abad74d6d""]"
https://www.airbnb.com/rooms/11387629,overlap-0223,"[""3fba8e3394f7def8"", ""48c8c15966f50d05"", ""9fab0235df836a09"", ""d5adb3024543cc45""]"
https://www.airbnb.com/rooms/1468994620937438110,overlap-0223,"[""3fba8e3394f7def8"", ""48c8c15966f50d05"", ""9fab0235df836a09"", ""d5adb3024543cc45""]"
https://www.airbnb.com/rooms/33801656,overlap-0223,"[""3fba8e3394f7def8"", ""48c8c15966f50d05"", ""9fab0235df836a09"", ""d5adb3024543cc45""]"
https://www.airbnb.com/rooms/961525872094182704,overlap-0223,"[""3fba8e3394f7def8"", ""48c8c15966f50d05"", ""9fab0235df836a09"", ""d5adb3024543cc45""]"
https://www.airbnb.com/rooms/11305104,overlap-0224,"[""3fba8e3394f7def8"", ""9fab0235df836a09""]"
https://www.airbnb.com/rooms/1261212592859308250,overlap-0224,"[""3fba8e3394f7def8"", ""9fab0235df836a09""]"
https://www.airbnb.com/rooms/1268839139719347070,overlap-0224,"[""3fba8e3394f7def8"", ""9fab0235df836a09""]"
https://www.airbnb.com/rooms/1294594330324688023,overlap-0224,"[""3fba8e3394f7def8"", ""9fab0235df836a09""]"
https://www.airbnb.com/rooms/1308012795502173589,overlap-0224,"[""3fba8e3394f7def8"", ""9fab0235df836a09""]"
https://www.airbnb.com/rooms/1335149854239348431,overlap-0224,"[""3fba8e3394f7def8"", ""9fab0235df836a09""]"
https://www.airbnb.com/rooms/1371705771098927740,overlap-0224,"[""3fba8e3394f7def8"", ""9fab0235df836a09""]"
https://www.airbnb.com/rooms/1502406958020139145,overlap-0224,"[""3fba8e3394f7def8"", ""9fab0235df836a09""]"
https://www.airbnb.com/rooms/1718442349955081157,overlap-0224,"[""3fba8e3394f7def8"", ""9fab0235df836a09""]"
https://www.airbnb.com/rooms/1760336725981416691,overlap-0224,"[""3fba8e3394f7def8"", ""9fab0235df836a09""]"
https://www.airbnb.com/rooms/1760338293325591979,overlap-0224,"[""3fba8e3394f7def8"", ""9fab0235df836a09""]"
https://www.airbnb.com/rooms/1760339528160373904,overlap-0224,"[""3fba8e3394f7def8"", ""9fab0235df836a09""]"
https://www.airbnb.com/rooms/1771326087438678385,overlap-0224,"[""3fba8e3394f7def8"", ""9fab0235df836a09""]"
https://www.airbnb.com/rooms/1771326796662507961,overlap-0224,"[""3fba8e3394f7def8"", ""9fab0235df836a09""]"
https://www.airbnb.com/rooms/1771327546817516008,overlap-0224,"[""3fba8e3394f7def8"", ""9fab0235df836a09""]"
https://www.airbnb.com/rooms/1771328803315039701,overlap-0224,"[""3fba8e3394f7def8"", ""9fab0235df836a09""]"
https://www.airbnb.com/rooms/29984537,overlap-0224,"[""3fba8e3394f7def8"", ""9fab0235df836a09""]"
https://www.airbnb.com/rooms/33588064,overlap-0224,"[""3fba8e3394f7def8"", ""9fab0235df836a09""]"
https://www.airbnb.com/rooms/3464176,overlap-0224,"[""3fba8e3394f7def8"", ""9fab0235df836a09""]"
https://www.airbnb.com/rooms/3710914,overlap-0224,"[""3fba8e3394f7def8"", ""9fab0235df836a09""]"
https://www.airbnb.com/rooms/39251479,overlap-0224,"[""3fba8e3394f7def8"", ""9fab0235df836a09""]"
https://www.airbnb.com/rooms/42326286,overlap-0224,"[""3fba8e3394f7def8"", ""9fab0235df836a09""]"
https://www.airbnb.com/rooms/44488076,overlap-0224,"[""3fba8e3394f7def8"", ""9fab0235df836a09""]"
https://www.airbnb.com/rooms/50619102,overlap-0224,"[""3fba8e3394f7def8"", ""9fab0235df836a09""]"
https://www.airbnb.com/rooms/51212272,overlap-0224,"[""3fba8e3394f7def8"", ""9fab0235df836a09""]"
https://www.airbnb.com/rooms/51214428,overlap-0224,"[""3fba8e3394f7def8"", ""9fab0235df836a09""]"
https://www.airbnb.com/rooms/53276612,overlap-0224,"[""3fba8e3394f7def8"", ""9fab0235df836a09""]"
https://www.airbnb.com/rooms/582455105930967308,overlap-0224,"[""3fba8e3394f7def8"", ""9fab0235df836a09""]"
https://www.airbnb.com/rooms/838290130552263310,overlap-0224,"[""3fba8e3394f7def8"", ""9fab0235df836a09""]"
https://www.airbnb.com/rooms/969453712568667463,overlap-0224,"[""3fba8e3394f7def8"", ""9fab0235df836a09""]"
https://www.airbnb.com/rooms/1467799691560929683,overlap-0225,"[""3fba8e3394f7def8"", ""9fab0235df836a09"", ""d5adb3024543cc45""]"
https://www.airbnb.com/rooms/46065095,overlap-0225,"[""3fba8e3394f7def8"", ""9fab0235df836a09"", ""d5adb3024543cc45""]"
https://www.airbnb.com/rooms/52166808,overlap-0225,"[""3fba8e3394f7def8"", ""9fab0235df836a09"", ""d5adb3024543cc45""]"
https://www.airbnb.com/rooms/960801695070448077,overlap-0225,"[""3fba8e3394f7def8"", ""9fab0235df836a09"", ""d5adb3024543cc45""]"
https://www.airbnb.com/rooms/964539677833303466,overlap-0226,"[""3fba8e3394f7def8"", ""9fab0235df836a09"", ""ddc5adbe35fccb99""]"
https://www.airbnb.com/rooms/1755027355117130802,overlap-0227,"[""3fba8e3394f7def8"", ""ddc5adbe35fccb99""]"
https://www.airbnb.com/rooms/960456053367215087,overlap-0227,"[""3fba8e3394f7def8"", ""ddc5adbe35fccb99""]"
https://www.airbnb.com/rooms/964474217609138006,overlap-0227,"[""3fba8e3394f7def8"", ""ddc5adbe35fccb99""]"
https://www.airbnb.com/rooms/964482280093325474,overlap-0227,"[""3fba8e3394f7def8"", ""ddc5adbe35fccb99""]"
https://www.airbnb.com/rooms/964487367425965233,overlap-0227,"[""3fba8e3394f7def8"", ""ddc5adbe35fccb99""]"
https://www.airbnb.com/rooms/964493429825728700,overlap-0227,"[""3fba8e3394f7def8"", ""ddc5adbe35fccb99""]"
https://www.airbnb.com/rooms/965222569121007326,overlap-0227,"[""3fba8e3394f7def8"", ""ddc5adbe35fccb99""]"
https://www.airbnb.com/rooms/965226368025554263,overlap-0227,"[""3fba8e3394f7def8"", ""ddc5adbe35fccb99""]"
https://www.airbnb.com/rooms/965229946180691090,overlap-0227,"[""3fba8e3394f7def8"", ""ddc5adbe35fccb99""]"
https://www.airbnb.com/rooms/965279981751664955,overlap-0227,"[""3fba8e3394f7def8"", ""ddc5adbe35fccb99""]"
https://www.airbnb.com/rooms/13492372,overlap-0228,"[""3fc3cb0cd9f6751b"", ""42be57dd474cc419""]"
https://www.airbnb.com/rooms/1592265083151139750,overlap-0228,"[""3fc3cb0cd9f6751b"", ""42be57dd474cc419""]"
https://www.airbnb.com/rooms/1592275734833366365,overlap-0228,"[""3fc3cb0cd9f6751b"", ""42be57dd474cc419""]"
https://www.airbnb.com/rooms/1593095751838879395,overlap-0228,"[""3fc3cb0cd9f6751b"", ""42be57dd474cc419""]"
https://www.airbnb.com/rooms/1594468825164041847,overlap-0228,"[""3fc3cb0cd9f6751b"", ""42be57dd474cc419""]"
https://www.airbnb.com/rooms/16259348,overlap-0228,"[""3fc3cb0cd9f6751b"", ""42be57dd474cc419""]"
https://www.airbnb.com/rooms/1630166235533645590,overlap-0228,"[""3fc3cb0cd9f6751b"", ""42be57dd474cc419""]"
https://www.airbnb.com/rooms/1685005293578383871,overlap-0228,"[""3fc3cb0cd9f6751b"", ""42be57dd474cc419""]"
https://www.airbnb.com/rooms/25124851,overlap-0228,"[""3fc3cb0cd9f6751b"", ""42be57dd474cc419""]"
https://www.airbnb.com/rooms/29757144,overlap-0228,"[""3fc3cb0cd9f6751b"", ""42be57dd474cc419""]"
https://www.airbnb.com/rooms/31625541,overlap-0228,"[""3fc3cb0cd9f6751b"", ""42be57dd474cc419""]"
https://www.airbnb.com/rooms/31952007,overlap-0228,"[""3fc3cb0cd9f6751b"", ""42be57dd474cc419""]"
https://www.airbnb.com/rooms/35040267,overlap-0228,"[""3fc3cb0cd9f6751b"", ""42be57dd474cc419""]"
https://www.airbnb.com/rooms/720340998330117954,overlap-0228,"[""3fc3cb0cd9f6751b"", ""42be57dd474cc419""]"
https://www.airbnb.com/rooms/1592897364134220173,overlap-0229,"[""3fc3cb0cd9f6751b"", ""42be57dd474cc419"", ""c16f35bbb54f93bf""]"
https://www.airbnb.com/rooms/16884955,overlap-0229,"[""3fc3cb0cd9f6751b"", ""42be57dd474cc419"", ""c16f35bbb54f93bf""]"
https://www.airbnb.com/rooms/10268835,overlap-0230,"[""3fc3cb0cd9f6751b"", ""55b44e54f176b477""]"
https://www.airbnb.com/rooms/1185618399810093422,overlap-0230,"[""3fc3cb0cd9f6751b"", ""55b44e54f176b477""]"
https://www.airbnb.com/rooms/6385486,overlap-0230,"[""3fc3cb0cd9f6751b"", ""55b44e54f176b477""]"
https://www.airbnb.com/rooms/1539066868750222098,overlap-0231,"[""3fc3cb0cd9f6751b"", ""73c77d6a48d5cf13""]"
https://www.airbnb.com/rooms/8239061,overlap-0231,"[""3fc3cb0cd9f6751b"", ""73c77d6a48d5cf13""]"
https://www.airbnb.com/rooms/13654633,overlap-0232,"[""3fc3cb0cd9f6751b"", ""8661324004dc4c06"", ""8a38d23afc99f71b""]"
https://www.airbnb.com/rooms/1629917145326033114,overlap-0233,"[""3fc3cb0cd9f6751b"", ""8a38d23afc99f71b""]"
https://www.airbnb.com/rooms/29968952,overlap-0233,"[""3fc3cb0cd9f6751b"", ""8a38d23afc99f71b""]"
https://www.airbnb.com/rooms/554287394872059487,overlap-0233,"[""3fc3cb0cd9f6751b"", ""8a38d23afc99f71b""]"
https://www.airbnb.com/rooms/1460209912063114242,overlap-0234,"[""41ee8a2e28f9d0bb"", ""4f5220b19b4f6ee8"", ""c0832024cd7fc956"", ""dbc0cbbbbe8059c2""]"
https://www.airbnb.com/rooms/1628404451443998785,overlap-0234,"[""41ee8a2e28f9d0bb"", ""4f5220b19b4f6ee8"", ""c0832024cd7fc956"", ""dbc0cbbbbe8059c2""]"
https://www.airbnb.com/rooms/604425173495162829,overlap-0234,"[""41ee8a2e28f9d0bb"", ""4f5220b19b4f6ee8"", ""c0832024cd7fc956"", ""dbc0cbbbbe8059c2""]"
https://www.airbnb.com/rooms/1143493771963612724,overlap-0235,"[""41ee8a2e28f9d0bb"", ""6fed9c3253ba5c6d"", ""90d38a1fc84b37fb"", ""c0832024cd7fc956"", ""dbc0cbbbbe8059c2"", ""dc62be73502b3909""]"
https://www.airbnb.com/rooms/3905148,overlap-0236,"[""41ee8a2e28f9d0bb"", ""71b6bb6c23c6fc56"", ""90d38a1fc84b37fb"", ""9dc62c428c4f2bda"", ""dbc0cbbbbe8059c2""]"
https://www.airbnb.com/rooms/11375711,overlap-0237,"[""41ee8a2e28f9d0bb"", ""71b6bb6c23c6fc56"", ""9dc62c428c4f2bda"", ""dbc0cbbbbe8059c2""]"
https://www.airbnb.com/rooms/11827330,overlap-0237,"[""41ee8a2e28f9d0bb"", ""71b6bb6c23c6fc56"", ""9dc62c428c4f2bda"", ""dbc0cbbbbe8059c2""]"
https://www.airbnb.com/rooms/12712683,overlap-0237,"[""41ee8a2e28f9d0bb"", ""71b6bb6c23c6fc56"", ""9dc62c428c4f2bda"", ""dbc0cbbbbe8059c2""]"
https://www.airbnb.com/rooms/13116217,overlap-0237,"[""41ee8a2e28f9d0bb"", ""71b6bb6c23c6fc56"", ""9dc62c428c4f2bda"", ""dbc0cbbbbe8059c2""]"
https://www.airbnb.com/rooms/1675765518087155631,overlap-0237,"[""41ee8a2e28f9d0bb"", ""71b6bb6c23c6fc56"", ""9dc62c428c4f2bda"", ""dbc0cbbbbe8059c2""]"
https://www.airbnb.com/rooms/2906844,overlap-0237,"[""41ee8a2e28f9d0bb"", ""71b6bb6c23c6fc56"", ""9dc62c428c4f2bda"", ""dbc0cbbbbe8059c2""]"
https://www.airbnb.com/rooms/29898109,overlap-0237,"[""41ee8a2e28f9d0bb"", ""71b6bb6c23c6fc56"", ""9dc62c428c4f2bda"", ""dbc0cbbbbe8059c2""]"
https://www.airbnb.com/rooms/31854666,overlap-0237,"[""41ee8a2e28f9d0bb"", ""71b6bb6c23c6fc56"", ""9dc62c428c4f2bda"", ""dbc0cbbbbe8059c2""]"
https://www.airbnb.com/rooms/52569782,overlap-0237,"[""41ee8a2e28f9d0bb"", ""71b6bb6c23c6fc56"", ""9dc62c428c4f2bda"", ""dbc0cbbbbe8059c2""]"
https://www.airbnb.com/rooms/661783241222783777,overlap-0237,"[""41ee8a2e28f9d0bb"", ""71b6bb6c23c6fc56"", ""9dc62c428c4f2bda"", ""dbc0cbbbbe8059c2""]"
https://www.airbnb.com/rooms/792331807732823720,overlap-0237,"[""41ee8a2e28f9d0bb"", ""71b6bb6c23c6fc56"", ""9dc62c428c4f2bda"", ""dbc0cbbbbe8059c2""]"
https://www.airbnb.com/rooms/1086207698253968474,overlap-0238,"[""41ee8a2e28f9d0bb"", ""71b6bb6c23c6fc56"", ""9dc62c428c4f2bda"", ""dbc0cbbbbe8059c2"", ""e1e7eb7530dfd0d2""]"
https://www.airbnb.com/rooms/23399882,overlap-0238,"[""41ee8a2e28f9d0bb"", ""71b6bb6c23c6fc56"", ""9dc62c428c4f2bda"", ""dbc0cbbbbe8059c2"", ""e1e7eb7530dfd0d2""]"
https://www.airbnb.com/rooms/1145802736144168005,overlap-0239,"[""41ee8a2e28f9d0bb"", ""90d38a1fc84b37fb"", ""dbc0cbbbbe8059c2""]"
https://www.airbnb.com/rooms/1542009614502567787,overlap-0239,"[""41ee8a2e28f9d0bb"", ""90d38a1fc84b37fb"", ""dbc0cbbbbe8059c2""]"
https://www.airbnb.com/rooms/36142220,overlap-0239,"[""41ee8a2e28f9d0bb"", ""90d38a1fc84b37fb"", ""dbc0cbbbbe8059c2""]"
https://www.airbnb.com/rooms/5217231,overlap-0239,"[""41ee8a2e28f9d0bb"", ""90d38a1fc84b37fb"", ""dbc0cbbbbe8059c2""]"
https://www.airbnb.com/rooms/729520686056164817,overlap-0240,"[""41ee8a2e28f9d0bb"", ""90d38a1fc84b37fb"", ""dbc0cbbbbe8059c2"", ""dc62be73502b3909""]"
https://www.airbnb.com/rooms/32167495,overlap-0241,"[""41ee8a2e28f9d0bb"", ""9dc62c428c4f2bda"", ""e1e7eb7530dfd0d2""]"
https://www.airbnb.com/rooms/868177270434645578,overlap-0241,"[""41ee8a2e28f9d0bb"", ""9dc62c428c4f2bda"", ""e1e7eb7530dfd0d2""]"
https://www.airbnb.com/rooms/1109739145236836191,overlap-0242,"[""41ee8a2e28f9d0bb"", ""c0832024cd7fc956"", ""dbc0cbbbbe8059c2""]"
https://www.airbnb.com/rooms/1526869263431818633,overlap-0242,"[""41ee8a2e28f9d0bb"", ""c0832024cd7fc956"", ""dbc0cbbbbe8059c2""]"
https://www.airbnb.com/rooms/1526869610837309815,overlap-0242,"[""41ee8a2e28f9d0bb"", ""c0832024cd7fc956"", ""dbc0cbbbbe8059c2""]"
https://www.airbnb.com/rooms/1527021549921825692,overlap-0242,"[""41ee8a2e28f9d0bb"", ""c0832024cd7fc956"", ""dbc0cbbbbe8059c2""]"
https://www.airbnb.com/rooms/1527508300891485528,overlap-0242,"[""41ee8a2e28f9d0bb"", ""c0832024cd7fc956"", ""dbc0cbbbbe8059c2""]"
https://www.airbnb.com/rooms/1527803722843354486,overlap-0242,"[""41ee8a2e28f9d0bb"", ""c0832024cd7fc956"", ""dbc0cbbbbe8059c2""]"
https://www.airbnb.com/rooms/1536315540725482602,overlap-0242,"[""41ee8a2e28f9d0bb"", ""c0832024cd7fc956"", ""dbc0cbbbbe8059c2""]"
https://www.airbnb.com/rooms/1536328809490929660,overlap-0242,"[""41ee8a2e28f9d0bb"", ""c0832024cd7fc956"", ""dbc0cbbbbe8059c2""]"
https://www.airbnb.com/rooms/1536340418715783236,overlap-0242,"[""41ee8a2e28f9d0bb"", ""c0832024cd7fc956"", ""dbc0cbbbbe8059c2""]"
https://www.airbnb.com/rooms/1541521638974477439,overlap-0242,"[""41ee8a2e28f9d0bb"", ""c0832024cd7fc956"", ""dbc0cbbbbe8059c2""]"
https://www.airbnb.com/rooms/1627674426344903690,overlap-0242,"[""41ee8a2e28f9d0bb"", ""c0832024cd7fc956"", ""dbc0cbbbbe8059c2""]"
https://www.airbnb.com/rooms/1632644174565742745,overlap-0242,"[""41ee8a2e28f9d0bb"", ""c0832024cd7fc956"", ""dbc0cbbbbe8059c2""]"
https://www.airbnb.com/rooms/1640028508825106922,overlap-0242,"[""41ee8a2e28f9d0bb"", ""c0832024cd7fc956"", ""dbc0cbbbbe8059c2""]"
https://www.airbnb.com/rooms/1680651288712084185,overlap-0242,"[""41ee8a2e28f9d0bb"", ""c0832024cd7fc956"", ""dbc0cbbbbe8059c2""]"
https://www.airbnb.com/rooms/1680651352057163771,overlap-0242,"[""41ee8a2e28f9d0bb"", ""c0832024cd7fc956"", ""dbc0cbbbbe8059c2""]"
https://www.airbnb.com/rooms/18576895,overlap-0242,"[""41ee8a2e28f9d0bb"", ""c0832024cd7fc956"", ""dbc0cbbbbe8059c2""]"
https://www.airbnb.com/rooms/19562068,overlap-0242,"[""41ee8a2e28f9d0bb"", ""c0832024cd7fc956"", ""dbc0cbbbbe8059c2""]"
https://www.airbnb.com/rooms/41396145,overlap-0242,"[""41ee8a2e28f9d0bb"", ""c0832024cd7fc956"", ""dbc0cbbbbe8059c2""]"
https://www.airbnb.com/rooms/644259745162878088,overlap-0242,"[""41ee8a2e28f9d0bb"", ""c0832024cd7fc956"", ""dbc0cbbbbe8059c2""]"
https://www.airbnb.com/rooms/722306305955822880,overlap-0242,"[""41ee8a2e28f9d0bb"", ""c0832024cd7fc956"", ""dbc0cbbbbe8059c2""]"
https://www.airbnb.com/rooms/839382023286394953,overlap-0242,"[""41ee8a2e28f9d0bb"", ""c0832024cd7fc956"", ""dbc0cbbbbe8059c2""]"
https://www.airbnb.com/rooms/967327122383635827,overlap-0242,"[""41ee8a2e28f9d0bb"", ""c0832024cd7fc956"", ""dbc0cbbbbe8059c2""]"
https://www.airbnb.com/rooms/991266025063356518,overlap-0242,"[""41ee8a2e28f9d0bb"", ""c0832024cd7fc956"", ""dbc0cbbbbe8059c2""]"
https://www.airbnb.com/rooms/1052927011253735008,overlap-0243,"[""41ee8a2e28f9d0bb"", ""dbc0cbbbbe8059c2""]"
https://www.airbnb.com/rooms/1081248411970471303,overlap-0243,"[""41ee8a2e28f9d0bb"", ""dbc0cbbbbe8059c2""]"
https://www.airbnb.com/rooms/1112319382980251336,overlap-0243,"[""41ee8a2e28f9d0bb"", ""dbc0cbbbbe8059c2""]"
https://www.airbnb.com/rooms/1112319405914568011,overlap-0243,"[""41ee8a2e28f9d0bb"", ""dbc0cbbbbe8059c2""]"
https://www.airbnb.com/rooms/1112319427057258597,overlap-0243,"[""41ee8a2e28f9d0bb"", ""dbc0cbbbbe8059c2""]"
https://www.airbnb.com/rooms/1118268717869074650,overlap-0243,"[""41ee8a2e28f9d0bb"", ""dbc0cbbbbe8059c2""]"
https://www.airbnb.com/rooms/1135814939451834724,overlap-0243,"[""41ee8a2e28f9d0bb"", ""dbc0cbbbbe8059c2""]"
https://www.airbnb.com/rooms/1150454772813171210,overlap-0243,"[""41ee8a2e28f9d0bb"", ""dbc0cbbbbe8059c2""]"
https://www.airbnb.com/rooms/1204352410172247237,overlap-0243,"[""41ee8a2e28f9d0bb"", ""dbc0cbbbbe8059c2""]"
https://www.airbnb.com/rooms/1224901198776622393,overlap-0243,"[""41ee8a2e28f9d0bb"", ""dbc0cbbbbe8059c2""]"
https://www.airbnb.com/rooms/1224901232017770977,overlap-0243,"[""41ee8a2e28f9d0bb"", ""dbc0cbbbbe8059c2""]"
https://www.airbnb.com/rooms/1237105367470211732,overlap-0243,"[""41ee8a2e28f9d0bb"", ""dbc0cbbbbe8059c2""]"
https://www.airbnb.com/rooms/1237105399448840755,overlap-0243,"[""41ee8a2e28f9d0bb"", ""dbc0cbbbbe8059c2""]"
https://www.airbnb.com/rooms/12405348,overlap-0243,"[""41ee8a2e28f9d0bb"", ""dbc0cbbbbe8059c2""]"
https://www.airbnb.com/rooms/1245098435332412500,overlap-0243,"[""41ee8a2e28f9d0bb"", ""dbc0cbbbbe8059c2""]"
https://www.airbnb.com/rooms/1245180914909786824,overlap-0243,"[""41ee8a2e28f9d0bb"", ""dbc0cbbbbe8059c2""]"
https://www.airbnb.com/rooms/1245185958965332076,overlap-0243,"[""41ee8a2e28f9d0bb"", ""dbc0cbbbbe8059c2""]"
https://www.airbnb.com/rooms/1245186950319428246,overlap-0243,"[""41ee8a2e28f9d0bb"", ""dbc0cbbbbe8059c2""]"
https://www.airbnb.com/rooms/1247865679127328482,overlap-0243,"[""41ee8a2e28f9d0bb"", ""dbc0cbbbbe8059c2""]"
https://www.airbnb.com/rooms/1258063327240013722,overlap-0243,"[""41ee8a2e28f9d0bb"", ""dbc0cbbbbe8059c2""]"
https://www.airbnb.com/rooms/12705971,overlap-0243,"[""41ee8a2e28f9d0bb"", ""dbc0cbbbbe8059c2""]"
https://www.airbnb.com/rooms/1309659787475749105,overlap-0243,"[""41ee8a2e28f9d0bb"", ""dbc0cbbbbe8059c2""]"
https://www.airbnb.com/rooms/1309661148402494759,overlap-0243,"[""41ee8a2e28f9d0bb"", ""dbc0cbbbbe8059c2""]"
https://www.airbnb.com/rooms/13124378,overlap-0243,"[""41ee8a2e28f9d0bb"", ""dbc0cbbbbe8059c2""]"
https://www.airbnb.com/rooms/1346636848926222860,overlap-0243,"[""41ee8a2e28f9d0bb"", ""dbc0cbbbbe8059c2""]"
https://www.airbnb.com/rooms/1346637534044871168,overlap-0243,"[""41ee8a2e28f9d0bb"", ""dbc0cbbbbe8059c2""]"
https://www.airbnb.com/rooms/1350719340811628464,overlap-0243,"[""41ee8a2e28f9d0bb"", ""dbc0cbbbbe8059c2""]"
https://www.airbnb.com/rooms/1366936358647214456,overlap-0243,"[""41ee8a2e28f9d0bb"", ""dbc0cbbbbe8059c2""]"
https://www.airbnb.com/rooms/1403650633557388318,overlap-0243,"[""41ee8a2e28f9d0bb"", ""dbc0cbbbbe8059c2""]"
https://www.airbnb.com/rooms/1417661196732477955,overlap-0243,"[""41ee8a2e28f9d0bb"", ""dbc0cbbbbe8059c2""]"
https://www.airbnb.com/rooms/1417661273318458776,overlap-0243,"[""41ee8a2e28f9d0bb"", ""dbc0cbbbbe8059c2""]"
https://www.airbnb.com/rooms/1417661420522764086,overlap-0243,"[""41ee8a2e28f9d0bb"", ""dbc0cbbbbe8059c2""]"
https://www.airbnb.com/rooms/14221473,overlap-0243,"[""41ee8a2e28f9d0bb"", ""dbc0cbbbbe8059c2""]"
https://www.airbnb.com/rooms/1426215745946684103,overlap-0243,"[""41ee8a2e28f9d0bb"", ""dbc0cbbbbe8059c2""]"
https://www.airbnb.com/rooms/1426218326484022417,overlap-0243,"[""41ee8a2e28f9d0bb"", ""dbc0cbbbbe8059c2""]"
https://www.airbnb.com/rooms/1426218376834813096,overlap-0243,"[""41ee8a2e28f9d0bb"", ""dbc0cbbbbe8059c2""]"
https://www.airbnb.com/rooms/1426218431291331393,overlap-0243,"[""41ee8a2e28f9d0bb"", ""dbc0cbbbbe8059c2""]"
https://www.airbnb.com/rooms/1473423513475594267,overlap-0243,"[""41ee8a2e28f9d0bb"", ""dbc0cbbbbe8059c2""]"
https://www.airbnb.com/rooms/1485828725903557350,overlap-0243,"[""41ee8a2e28f9d0bb"", ""dbc0cbbbbe8059c2""]"
https://www.airbnb.com/rooms/1496390134621672576,overlap-0243,"[""41ee8a2e28f9d0bb"", ""dbc0cbbbbe8059c2""]"
https://www.airbnb.com/rooms/1497959981334005216,overlap-0243,"[""41ee8a2e28f9d0bb"", ""dbc0cbbbbe8059c2""]"
https://www.airbnb.com/rooms/1526076395795554492,overlap-0243,"[""41ee8a2e28f9d0bb"", ""dbc0cbbbbe8059c2""]"
https://www.airbnb.com/rooms/1526869362823188350,overlap-0243,"[""41ee8a2e28f9d0bb"", ""dbc0cbbbbe8059c2""]"
https://www.airbnb.com/rooms/1526869469900564109,overlap-0243,"[""41ee8a2e28f9d0bb"", ""dbc0cbbbbe8059c2""]"
https://www.airbnb.com/rooms/1527496851279104178,overlap-0243,"[""41ee8a2e28f9d0bb"", ""dbc0cbbbbe8059c2""]"
https://www.airbnb.com/rooms/1527811541344256393,overlap-0243,"[""41ee8a2e28f9d0bb"", ""dbc0cbbbbe8059c2""]"
https://www.airbnb.com/rooms/1533572289067677050,overlap-0243,"[""41ee8a2e28f9d0bb"", ""dbc0cbbbbe8059c2""]"
https://www.airbnb.com/rooms/1533583963139625304,overlap-0243,"[""41ee8a2e28f9d0bb"", ""dbc0cbbbbe8059c2""]"
https://www.airbnb.com/rooms/15413833,overlap-0243,"[""41ee8a2e28f9d0bb"", ""dbc0cbbbbe8059c2""]"
https://www.airbnb.com/rooms/1576870726158268795,overlap-0243,"[""41ee8a2e28f9d0bb"", ""dbc0cbbbbe8059c2""]"
https://www.airbnb.com/rooms/1583339,overlap-0243,"[""41ee8a2e28f9d0bb"", ""dbc0cbbbbe8059c2""]"
https://www.airbnb.com/rooms/1583557,overlap-0243,"[""41ee8a2e28f9d0bb"", ""dbc0cbbbbe8059c2""]"
https://www.airbnb.com/rooms/1587228413249149233,overlap-0243,"[""41ee8a2e28f9d0bb"", ""dbc0cbbbbe8059c2""]"
https://www.airbnb.com/rooms/1612410973850410720,overlap-0243,"[""41ee8a2e28f9d0bb"", ""dbc0cbbbbe8059c2""]"
https://www.airbnb.com/rooms/1623439185132628725,overlap-0243,"[""41ee8a2e28f9d0bb"", ""dbc0cbbbbe8059c2""]"
https://www.airbnb.com/rooms/1623439258227472696,overlap-0243,"[""41ee8a2e28f9d0bb"", ""dbc0cbbbbe8059c2""]"
https://www.airbnb.com/rooms/1671123638935555959,overlap-0243,"[""41ee8a2e28f9d0bb"", ""dbc0cbbbbe8059c2""]"
https://www.airbnb.com/rooms/1675453244918441830,overlap-0243,"[""41ee8a2e28f9d0bb"", ""dbc0cbbbbe8059c2""]"
https://www.airbnb.com/rooms/1684337595077065875,overlap-0243,"[""41ee8a2e28f9d0bb"", ""dbc0cbbbbe8059c2""]"
https://www.airbnb.com/rooms/1685549267939511341,overlap-0243,"[""41ee8a2e28f9d0bb"", ""dbc0cbbbbe8059c2""]"
https://www.airbnb.com/rooms/1689256458381469569,overlap-0243,"[""41ee8a2e28f9d0bb"", ""dbc0cbbbbe8059c2""]"
https://www.airbnb.com/rooms/1705414710811813894,overlap-0243,"[""41ee8a2e28f9d0bb"", ""dbc0cbbbbe8059c2""]"
https://www.airbnb.com/rooms/1751067591018917435,overlap-0243,"[""41ee8a2e28f9d0bb"", ""dbc0cbbbbe8059c2""]"
https://www.airbnb.com/rooms/1757399939472865763,overlap-0243,"[""41ee8a2e28f9d0bb"", ""dbc0cbbbbe8059c2""]"
https://www.airbnb.com/rooms/1761733670115775208,overlap-0243,"[""41ee8a2e28f9d0bb"", ""dbc0cbbbbe8059c2""]"
https://www.airbnb.com/rooms/17653675,overlap-0243,"[""41ee8a2e28f9d0bb"", ""dbc0cbbbbe8059c2""]"
https://www.airbnb.com/rooms/1771771152458485454,overlap-0243,"[""41ee8a2e28f9d0bb"", ""dbc0cbbbbe8059c2""]"
https://www.airbnb.com/rooms/18375126,overlap-0243,"[""41ee8a2e28f9d0bb"", ""dbc0cbbbbe8059c2""]"
https://www.airbnb.com/rooms/18773204,overlap-0243,"[""41ee8a2e28f9d0bb"", ""dbc0cbbbbe8059c2""]"
https://www.airbnb.com/rooms/21231154,overlap-0243,"[""41ee8a2e28f9d0bb"", ""dbc0cbbbbe8059c2""]"
https://www.airbnb.com/rooms/22193580,overlap-0243,"[""41ee8a2e28f9d0bb"", ""dbc0cbbbbe8059c2""]"
https://www.airbnb.com/rooms/22752387,overlap-0243,"[""41ee8a2e28f9d0bb"", ""dbc0cbbbbe8059c2""]"
https://www.airbnb.com/rooms/23880926,overlap-0243,"[""41ee8a2e28f9d0bb"", ""dbc0cbbbbe8059c2""]"
https://www.airbnb.com/rooms/24491267,overlap-0243,"[""41ee8a2e28f9d0bb"", ""dbc0cbbbbe8059c2""]"
https://www.airbnb.com/rooms/26501188,overlap-0243,"[""41ee8a2e28f9d0bb"", ""dbc0cbbbbe8059c2""]"
https://www.airbnb.com/rooms/28049102,overlap-0243,"[""41ee8a2e28f9d0bb"", ""dbc0cbbbbe8059c2""]"
https://www.airbnb.com/rooms/29039559,overlap-0243,"[""41ee8a2e28f9d0bb"", ""dbc0cbbbbe8059c2""]"
https://www.airbnb.com/rooms/29828980,overlap-0243,"[""41ee8a2e28f9d0bb"", ""dbc0cbbbbe8059c2""]"
https://www.airbnb.com/rooms/30252586,overlap-0243,"[""41ee8a2e28f9d0bb"", ""dbc0cbbbbe8059c2""]"
https://www.airbnb.com/rooms/30557872,overlap-0243,"[""41ee8a2e28f9d0bb"", ""dbc0cbbbbe8059c2""]"
https://www.airbnb.com/rooms/31057725,overlap-0243,"[""41ee8a2e28f9d0bb"", ""dbc0cbbbbe8059c2""]"
https://www.airbnb.com/rooms/31492711,overlap-0243,"[""41ee8a2e28f9d0bb"", ""dbc0cbbbbe8059c2""]"
https://www.airbnb.com/rooms/31508839,overlap-0243,"[""41ee8a2e28f9d0bb"", ""dbc0cbbbbe8059c2""]"
https://www.airbnb.com/rooms/31742742,overlap-0243,"[""41ee8a2e28f9d0bb"", ""dbc0cbbbbe8059c2""]"
https://www.airbnb.com/rooms/32497760,overlap-0243,"[""41ee8a2e28f9d0bb"", ""dbc0cbbbbe8059c2""]"
https://www.airbnb.com/rooms/33779509,overlap-0243,"[""41ee8a2e28f9d0bb"", ""dbc0cbbbbe8059c2""]"
https://www.airbnb.com/rooms/33972190,overlap-0243,"[""41ee8a2e28f9d0bb"", ""dbc0cbbbbe8059c2""]"
https://www.airbnb.com/rooms/37080931,overlap-0243,"[""41ee8a2e28f9d0bb"", ""dbc0cbbbbe8059c2""]"
https://www.airbnb.com/rooms/39058755,overlap-0243,"[""41ee8a2e28f9d0bb"", ""dbc0cbbbbe8059c2""]"
https://www.airbnb.com/rooms/3907104,overlap-0243,"[""41ee8a2e28f9d0bb"", ""dbc0cbbbbe8059c2""]"
https://www.airbnb.com/rooms/40785785,overlap-0243,"[""41ee8a2e28f9d0bb"", ""dbc0cbbbbe8059c2""]"
https://www.airbnb.com/rooms/44641875,overlap-0243,"[""41ee8a2e28f9d0bb"", ""dbc0cbbbbe8059c2""]"
https://www.airbnb.com/rooms/4491931,overlap-0243,"[""41ee8a2e28f9d0bb"", ""dbc0cbbbbe8059c2""]"
https://www.airbnb.com/rooms/46025570,overlap-0243,"[""41ee8a2e28f9d0bb"", ""dbc0cbbbbe8059c2""]"
https://www.airbnb.com/rooms/4787052,overlap-0243,"[""41ee8a2e28f9d0bb"", ""dbc0cbbbbe8059c2""]"
https://www.airbnb.com/rooms/49867640,overlap-0243,"[""41ee8a2e28f9d0bb"", ""dbc0cbbbbe8059c2""]"
https://www.airbnb.com/rooms/49984711,overlap-0243,"[""41ee8a2e28f9d0bb"", ""dbc0cbbbbe8059c2""]"
https://www.airbnb.com/rooms/50644912,overlap-0243,"[""41ee8a2e28f9d0bb"", ""dbc0cbbbbe8059c2""]"
https://www.airbnb.com/rooms/54014532,overlap-0243,"[""41ee8a2e28f9d0bb"", ""dbc0cbbbbe8059c2""]"
https://www.airbnb.com/rooms/54192201,overlap-0243,"[""41ee8a2e28f9d0bb"", ""dbc0cbbbbe8059c2""]"
https://www.airbnb.com/rooms/554251109696851814,overlap-0243,"[""41ee8a2e28f9d0bb"", ""dbc0cbbbbe8059c2""]"
https://www.airbnb.com/rooms/589943862909906099,overlap-0243,"[""41ee8a2e28f9d0bb"", ""dbc0cbbbbe8059c2""]"
https://www.airbnb.com/rooms/596989272830238105,overlap-0243,"[""41ee8a2e28f9d0bb"", ""dbc0cbbbbe8059c2""]"
https://www.airbnb.com/rooms/641438887448291222,overlap-0243,"[""41ee8a2e28f9d0bb"", ""dbc0cbbbbe8059c2""]"
https://www.airbnb.com/rooms/6560581,overlap-0243,"[""41ee8a2e28f9d0bb"", ""dbc0cbbbbe8059c2""]"
https://www.airbnb.com/rooms/6570571,overlap-0243,"[""41ee8a2e28f9d0bb"", ""dbc0cbbbbe8059c2""]"
https://www.airbnb.com/rooms/712995970806811796,overlap-0243,"[""41ee8a2e28f9d0bb"", ""dbc0cbbbbe8059c2""]"
https://www.airbnb.com/rooms/731936655781551602,overlap-0243,"[""41ee8a2e28f9d0bb"", ""dbc0cbbbbe8059c2""]"
https://www.airbnb.com/rooms/732566627202117678,overlap-0243,"[""41ee8a2e28f9d0bb"", ""dbc0cbbbbe8059c2""]"
https://www.airbnb.com/rooms/769727367095376357,overlap-0243,"[""41ee8a2e28f9d0bb"", ""dbc0cbbbbe8059c2""]"
https://www.airbnb.com/rooms/7799836,overlap-0243,"[""41ee8a2e28f9d0bb"", ""dbc0cbbbbe8059c2""]"
https://www.airbnb.com/rooms/7899142,overlap-0243,"[""41ee8a2e28f9d0bb"", ""dbc0cbbbbe8059c2""]"
https://www.airbnb.com/rooms/8547609,overlap-0243,"[""41ee8a2e28f9d0bb"", ""dbc0cbbbbe8059c2""]"
https://www.airbnb.com/rooms/879210308320403842,overlap-0243,"[""41ee8a2e28f9d0bb"", ""dbc0cbbbbe8059c2""]"
https://www.airbnb.com/rooms/913804671676781474,overlap-0243,"[""41ee8a2e28f9d0bb"", ""dbc0cbbbbe8059c2""]"
https://www.airbnb.com/rooms/915265132966587884,overlap-0243,"[""41ee8a2e28f9d0bb"", ""dbc0cbbbbe8059c2""]"
https://www.airbnb.com/rooms/915272253861175530,overlap-0243,"[""41ee8a2e28f9d0bb"", ""dbc0cbbbbe8059c2""]"
https://www.airbnb.com/rooms/915275501604305617,overlap-0243,"[""41ee8a2e28f9d0bb"", ""dbc0cbbbbe8059c2""]"
https://www.airbnb.com/rooms/915277138657141603,overlap-0243,"[""41ee8a2e28f9d0bb"", ""dbc0cbbbbe8059c2""]"
https://www.airbnb.com/rooms/915279080096938509,overlap-0243,"[""41ee8a2e28f9d0bb"", ""dbc0cbbbbe8059c2""]"
https://www.airbnb.com/rooms/915285238311704497,overlap-0243,"[""41ee8a2e28f9d0bb"", ""dbc0cbbbbe8059c2""]"
https://www.airbnb.com/rooms/915286834194171372,overlap-0243,"[""41ee8a2e28f9d0bb"", ""dbc0cbbbbe8059c2""]"
https://www.airbnb.com/rooms/915288059856329704,overlap-0243,"[""41ee8a2e28f9d0bb"", ""dbc0cbbbbe8059c2""]"
https://www.airbnb.com/rooms/9252931,overlap-0243,"[""41ee8a2e28f9d0bb"", ""dbc0cbbbbe8059c2""]"
https://www.airbnb.com/rooms/928544194107224725,overlap-0243,"[""41ee8a2e28f9d0bb"", ""dbc0cbbbbe8059c2""]"
https://www.airbnb.com/rooms/9348884,overlap-0243,"[""41ee8a2e28f9d0bb"", ""dbc0cbbbbe8059c2""]"
https://www.airbnb.com/rooms/981063011981347458,overlap-0243,"[""41ee8a2e28f9d0bb"", ""dbc0cbbbbe8059c2""]"
https://www.airbnb.com/rooms/28513586,overlap-0244,"[""41ee8a2e28f9d0bb"", ""dbc0cbbbbe8059c2"", ""e1e7eb7530dfd0d2""]"
https://www.airbnb.com/rooms/573666703735189040,overlap-0244,"[""41ee8a2e28f9d0bb"", ""dbc0cbbbbe8059c2"", ""e1e7eb7530dfd0d2""]"
https://www.airbnb.com/rooms/724565372597809490,overlap-0244,"[""41ee8a2e28f9d0bb"", ""dbc0cbbbbe8059c2"", ""e1e7eb7530dfd0d2""]"
https://www.airbnb.com/rooms/1116852569100513553,overlap-0245,"[""41ee8a2e28f9d0bb"", ""e1e7eb7530dfd0d2""]"
https://www.airbnb.com/rooms/22389581,overlap-0245,"[""41ee8a2e28f9d0bb"", ""e1e7eb7530dfd0d2""]"
https://www.airbnb.com/rooms/26848775,overlap-0245,"[""41ee8a2e28f9d0bb"", ""e1e7eb7530dfd0d2""]"
https://www.airbnb.com/rooms/1461054272480285873,overlap-0246,"[""42be57dd474cc419"", ""c16f35bbb54f93bf""]"
https://www.airbnb.com/rooms/1506659603206636170,overlap-0246,"[""42be57dd474cc419"", ""c16f35bbb54f93bf""]"
https://www.airbnb.com/rooms/15421188,overlap-0246,"[""42be57dd474cc419"", ""c16f35bbb54f93bf""]"
https://www.airbnb.com/rooms/15537677,overlap-0246,"[""42be57dd474cc419"", ""c16f35bbb54f93bf""]"
https://www.airbnb.com/rooms/1571255749972513498,overlap-0246,"[""42be57dd474cc419"", ""c16f35bbb54f93bf""]"
https://www.airbnb.com/rooms/15990952,overlap-0246,"[""42be57dd474cc419"", ""c16f35bbb54f93bf""]"
https://www.airbnb.com/rooms/16026955,overlap-0246,"[""42be57dd474cc419"", ""c16f35bbb54f93bf""]"
https://www.airbnb.com/rooms/16080042,overlap-0246,"[""42be57dd474cc419"", ""c16f35bbb54f93bf""]"
https://www.airbnb.com/rooms/16081511,overlap-0246,"[""42be57dd474cc419"", ""c16f35bbb54f93bf""]"
https://www.airbnb.com/rooms/16081910,overlap-0246,"[""42be57dd474cc419"", ""c16f35bbb54f93bf""]"
https://www.airbnb.com/rooms/16083374,overlap-0246,"[""42be57dd474cc419"", ""c16f35bbb54f93bf""]"
https://www.airbnb.com/rooms/1674156903619909406,overlap-0246,"[""42be57dd474cc419"", ""c16f35bbb54f93bf""]"
https://www.airbnb.com/rooms/20409576,overlap-0246,"[""42be57dd474cc419"", ""c16f35bbb54f93bf""]"
https://www.airbnb.com/rooms/2666769,overlap-0246,"[""42be57dd474cc419"", ""c16f35bbb54f93bf""]"
https://www.airbnb.com/rooms/33615907,overlap-0246,"[""42be57dd474cc419"", ""c16f35bbb54f93bf""]"
https://www.airbnb.com/rooms/51092209,overlap-0246,"[""42be57dd474cc419"", ""c16f35bbb54f93bf""]"
https://www.airbnb.com/rooms/684871352352471484,overlap-0246,"[""42be57dd474cc419"", ""c16f35bbb54f93bf""]"
https://www.airbnb.com/rooms/1387917728456748837,overlap-0247,"[""42be57dd474cc419"", ""cd62d329833583f5"", ""d0518adc81daaedb"", ""e93d95f2f848decd""]"
https://www.airbnb.com/rooms/1691064777676623444,overlap-0247,"[""42be57dd474cc419"", ""cd62d329833583f5"", ""d0518adc81daaedb"", ""e93d95f2f848decd""]"
https://www.airbnb.com/rooms/1691076848755367757,overlap-0247,"[""42be57dd474cc419"", ""cd62d329833583f5"", ""d0518adc81daaedb"", ""e93d95f2f848decd""]"
https://www.airbnb.com/rooms/1691080982748987817,overlap-0247,"[""42be57dd474cc419"", ""cd62d329833583f5"", ""d0518adc81daaedb"", ""e93d95f2f848decd""]"
https://www.airbnb.com/rooms/1691084943365003068,overlap-0247,"[""42be57dd474cc419"", ""cd62d329833583f5"", ""d0518adc81daaedb"", ""e93d95f2f848decd""]"
https://www.airbnb.com/rooms/1691085533850625514,overlap-0247,"[""42be57dd474cc419"", ""cd62d329833583f5"", ""d0518adc81daaedb"", ""e93d95f2f848decd""]"
https://www.airbnb.com/rooms/1691087507536211995,overlap-0247,"[""42be57dd474cc419"", ""cd62d329833583f5"", ""d0518adc81daaedb"", ""e93d95f2f848decd""]"
https://www.airbnb.com/rooms/1691089312852747704,overlap-0247,"[""42be57dd474cc419"", ""cd62d329833583f5"", ""d0518adc81daaedb"", ""e93d95f2f848decd""]"
https://www.airbnb.com/rooms/1691093379990126475,overlap-0247,"[""42be57dd474cc419"", ""cd62d329833583f5"", ""d0518adc81daaedb"", ""e93d95f2f848decd""]"
https://www.airbnb.com/rooms/1765627543105133437,overlap-0247,"[""42be57dd474cc419"", ""cd62d329833583f5"", ""d0518adc81daaedb"", ""e93d95f2f848decd""]"
https://www.airbnb.com/rooms/1765637231051551691,overlap-0247,"[""42be57dd474cc419"", ""cd62d329833583f5"", ""d0518adc81daaedb"", ""e93d95f2f848decd""]"
https://www.airbnb.com/rooms/1765645112532757119,overlap-0247,"[""42be57dd474cc419"", ""cd62d329833583f5"", ""d0518adc81daaedb"", ""e93d95f2f848decd""]"
https://www.airbnb.com/rooms/1765652134284203351,overlap-0247,"[""42be57dd474cc419"", ""cd62d329833583f5"", ""d0518adc81daaedb"", ""e93d95f2f848decd""]"
https://www.airbnb.com/rooms/1757316218077676849,overlap-0248,"[""455c4682cd635829"", ""79a0b85430e711c7""]"
https://www.airbnb.com/rooms/563021442317635299,overlap-0248,"[""455c4682cd635829"", ""79a0b85430e711c7""]"
https://www.airbnb.com/rooms/929637984893806161,overlap-0248,"[""455c4682cd635829"", ""79a0b85430e711c7""]"
https://www.airbnb.com/rooms/1332045113783180134,overlap-0249,"[""455c4682cd635829"", ""79a0b85430e711c7"", ""cd62d329833583f5""]"
https://www.airbnb.com/rooms/1478313060896407981,overlap-0249,"[""455c4682cd635829"", ""79a0b85430e711c7"", ""cd62d329833583f5""]"
https://www.airbnb.com/rooms/1487819800078637044,overlap-0249,"[""455c4682cd635829"", ""79a0b85430e711c7"", ""cd62d329833583f5""]"
https://www.airbnb.com/rooms/1524063331767574458,overlap-0249,"[""455c4682cd635829"", ""79a0b85430e711c7"", ""cd62d329833583f5""]"
https://www.airbnb.com/rooms/1553051472197186755,overlap-0249,"[""455c4682cd635829"", ""79a0b85430e711c7"", ""cd62d329833583f5""]"
https://www.airbnb.com/rooms/1592799643121506982,overlap-0249,"[""455c4682cd635829"", ""79a0b85430e711c7"", ""cd62d329833583f5""]"
https://www.airbnb.com/rooms/1593659738080309402,overlap-0249,"[""455c4682cd635829"", ""79a0b85430e711c7"", ""cd62d329833583f5""]"
https://www.airbnb.com/rooms/1650061715054050028,overlap-0249,"[""455c4682cd635829"", ""79a0b85430e711c7"", ""cd62d329833583f5""]"
https://www.airbnb.com/rooms/1650064383018793673,overlap-0249,"[""455c4682cd635829"", ""79a0b85430e711c7"", ""cd62d329833583f5""]"
https://www.airbnb.com/rooms/1653873014005754528,overlap-0249,"[""455c4682cd635829"", ""79a0b85430e711c7"", ""cd62d329833583f5""]"
https://www.airbnb.com/rooms/1669710108884902375,overlap-0249,"[""455c4682cd635829"", ""79a0b85430e711c7"", ""cd62d329833583f5""]"
https://www.airbnb.com/rooms/1716012657347902599,overlap-0249,"[""455c4682cd635829"", ""79a0b85430e711c7"", ""cd62d329833583f5""]"
https://www.airbnb.com/rooms/1732045500717417439,overlap-0249,"[""455c4682cd635829"", ""79a0b85430e711c7"", ""cd62d329833583f5""]"
https://www.airbnb.com/rooms/1745992265428736255,overlap-0249,"[""455c4682cd635829"", ""79a0b85430e711c7"", ""cd62d329833583f5""]"
https://www.airbnb.com/rooms/1746465681137070069,overlap-0249,"[""455c4682cd635829"", ""79a0b85430e711c7"", ""cd62d329833583f5""]"
https://www.airbnb.com/rooms/1774739050434792399,overlap-0249,"[""455c4682cd635829"", ""79a0b85430e711c7"", ""cd62d329833583f5""]"
https://www.airbnb.com/rooms/27661355,overlap-0249,"[""455c4682cd635829"", ""79a0b85430e711c7"", ""cd62d329833583f5""]"
https://www.airbnb.com/rooms/38020913,overlap-0249,"[""455c4682cd635829"", ""79a0b85430e711c7"", ""cd62d329833583f5""]"
https://www.airbnb.com/rooms/38902327,overlap-0249,"[""455c4682cd635829"", ""79a0b85430e711c7"", ""cd62d329833583f5""]"
https://www.airbnb.com/rooms/40061175,overlap-0249,"[""455c4682cd635829"", ""79a0b85430e711c7"", ""cd62d329833583f5""]"
https://www.airbnb.com/rooms/42153242,overlap-0249,"[""455c4682cd635829"", ""79a0b85430e711c7"", ""cd62d329833583f5""]"
https://www.airbnb.com/rooms/42660157,overlap-0249,"[""455c4682cd635829"", ""79a0b85430e711c7"", ""cd62d329833583f5""]"
https://www.airbnb.com/rooms/43205407,overlap-0249,"[""455c4682cd635829"", ""79a0b85430e711c7"", ""cd62d329833583f5""]"
https://www.airbnb.com/rooms/43559208,overlap-0249,"[""455c4682cd635829"", ""79a0b85430e711c7"", ""cd62d329833583f5""]"
https://www.airbnb.com/rooms/43930556,overlap-0249,"[""455c4682cd635829"", ""79a0b85430e711c7"", ""cd62d329833583f5""]"
https://www.airbnb.com/rooms/44660998,overlap-0249,"[""455c4682cd635829"", ""79a0b85430e711c7"", ""cd62d329833583f5""]"
https://www.airbnb.com/rooms/47891533,overlap-0249,"[""455c4682cd635829"", ""79a0b85430e711c7"", ""cd62d329833583f5""]"
https://www.airbnb.com/rooms/49112766,overlap-0249,"[""455c4682cd635829"", ""79a0b85430e711c7"", ""cd62d329833583f5""]"
https://www.airbnb.com/rooms/49501194,overlap-0249,"[""455c4682cd635829"", ""79a0b85430e711c7"", ""cd62d329833583f5""]"
https://www.airbnb.com/rooms/52217673,overlap-0249,"[""455c4682cd635829"", ""79a0b85430e711c7"", ""cd62d329833583f5""]"
https://www.airbnb.com/rooms/552164022053809553,overlap-0249,"[""455c4682cd635829"", ""79a0b85430e711c7"", ""cd62d329833583f5""]"
https://www.airbnb.com/rooms/552344227619119802,overlap-0249,"[""455c4682cd635829"", ""79a0b85430e711c7"", ""cd62d329833583f5""]"
https://www.airbnb.com/rooms/552375535350654618,overlap-0249,"[""455c4682cd635829"", ""79a0b85430e711c7"", ""cd62d329833583f5""]"
https://www.airbnb.com/rooms/554287540466047465,overlap-0249,"[""455c4682cd635829"", ""79a0b85430e711c7"", ""cd62d329833583f5""]"
https://www.airbnb.com/rooms/554287638963553489,overlap-0249,"[""455c4682cd635829"", ""79a0b85430e711c7"", ""cd62d329833583f5""]"
https://www.airbnb.com/rooms/638541941859648221,overlap-0249,"[""455c4682cd635829"", ""79a0b85430e711c7"", ""cd62d329833583f5""]"
https://www.airbnb.com/rooms/686903591596176151,overlap-0249,"[""455c4682cd635829"", ""79a0b85430e711c7"", ""cd62d329833583f5""]"
https://www.airbnb.com/rooms/689806536192289172,overlap-0249,"[""455c4682cd635829"", ""79a0b85430e711c7"", ""cd62d329833583f5""]"
https://www.airbnb.com/rooms/704485193611563872,overlap-0249,"[""455c4682cd635829"", ""79a0b85430e711c7"", ""cd62d329833583f5""]"
https://www.airbnb.com/rooms/849220798724539462,overlap-0249,"[""455c4682cd635829"", ""79a0b85430e711c7"", ""cd62d329833583f5""]"
https://www.airbnb.com/rooms/851355494180292216,overlap-0249,"[""455c4682cd635829"", ""79a0b85430e711c7"", ""cd62d329833583f5""]"
https://www.airbnb.com/rooms/881492350574458894,overlap-0249,"[""455c4682cd635829"", ""79a0b85430e711c7"", ""cd62d329833583f5""]"
https://www.airbnb.com/rooms/903125480413118596,overlap-0249,"[""455c4682cd635829"", ""79a0b85430e711c7"", ""cd62d329833583f5""]"
https://www.airbnb.com/rooms/906386001318879914,overlap-0249,"[""455c4682cd635829"", ""79a0b85430e711c7"", ""cd62d329833583f5""]"
https://www.airbnb.com/rooms/909968637760444422,overlap-0249,"[""455c4682cd635829"", ""79a0b85430e711c7"", ""cd62d329833583f5""]"
https://www.airbnb.com/rooms/1047073543695464861,overlap-0250,"[""455c4682cd635829"", ""cd62d329833583f5""]"
https://www.airbnb.com/rooms/1286314490966719010,overlap-0250,"[""455c4682cd635829"", ""cd62d329833583f5""]"
https://www.airbnb.com/rooms/1333462397805090844,overlap-0250,"[""455c4682cd635829"", ""cd62d329833583f5""]"
https://www.airbnb.com/rooms/1375376880421452880,overlap-0250,"[""455c4682cd635829"", ""cd62d329833583f5""]"
https://www.airbnb.com/rooms/1446746664928287500,overlap-0250,"[""455c4682cd635829"", ""cd62d329833583f5""]"
https://www.airbnb.com/rooms/1450836149829196086,overlap-0250,"[""455c4682cd635829"", ""cd62d329833583f5""]"
https://www.airbnb.com/rooms/1492181009180228430,overlap-0250,"[""455c4682cd635829"", ""cd62d329833583f5""]"
https://www.airbnb.com/rooms/1587182495602229289,overlap-0250,"[""455c4682cd635829"", ""cd62d329833583f5""]"
https://www.airbnb.com/rooms/1665492158213048448,overlap-0250,"[""455c4682cd635829"", ""cd62d329833583f5""]"
https://www.airbnb.com/rooms/1726227063990280771,overlap-0250,"[""455c4682cd635829"", ""cd62d329833583f5""]"
https://www.airbnb.com/rooms/41928473,overlap-0250,"[""455c4682cd635829"", ""cd62d329833583f5""]"
https://www.airbnb.com/rooms/42287600,overlap-0250,"[""455c4682cd635829"", ""cd62d329833583f5""]"
https://www.airbnb.com/rooms/43558879,overlap-0250,"[""455c4682cd635829"", ""cd62d329833583f5""]"
https://www.airbnb.com/rooms/43831509,overlap-0250,"[""455c4682cd635829"", ""cd62d329833583f5""]"
https://www.airbnb.com/rooms/51882166,overlap-0250,"[""455c4682cd635829"", ""cd62d329833583f5""]"
https://www.airbnb.com/rooms/52556190,overlap-0250,"[""455c4682cd635829"", ""cd62d329833583f5""]"
https://www.airbnb.com/rooms/53274690,overlap-0250,"[""455c4682cd635829"", ""cd62d329833583f5""]"
https://www.airbnb.com/rooms/564424930204240639,overlap-0250,"[""455c4682cd635829"", ""cd62d329833583f5""]"
https://www.airbnb.com/rooms/655730436587379798,overlap-0250,"[""455c4682cd635829"", ""cd62d329833583f5""]"
https://www.airbnb.com/rooms/683260150264474174,overlap-0250,"[""455c4682cd635829"", ""cd62d329833583f5""]"
https://www.airbnb.com/rooms/730477408840118002,overlap-0250,"[""455c4682cd635829"", ""cd62d329833583f5""]"
https://www.airbnb.com/rooms/761539962939509545,overlap-0250,"[""455c4682cd635829"", ""cd62d329833583f5""]"
https://www.airbnb.com/rooms/807975869017912874,overlap-0250,"[""455c4682cd635829"", ""cd62d329833583f5""]"
https://www.airbnb.com/rooms/870314760563545712,overlap-0250,"[""455c4682cd635829"", ""cd62d329833583f5""]"
https://www.airbnb.com/rooms/917480126181949505,overlap-0250,"[""455c4682cd635829"", ""cd62d329833583f5""]"
https://www.airbnb.com/rooms/1576089326607985364,overlap-0251,"[""456fddc4c7b5da5f"", ""719272fb85ed849c"", ""7e3bcee866b72863"", ""da35158a5c58796a""]"
https://www.airbnb.com/rooms/1576089831702581988,overlap-0251,"[""456fddc4c7b5da5f"", ""719272fb85ed849c"", ""7e3bcee866b72863"", ""da35158a5c58796a""]"
https://www.airbnb.com/rooms/38152114,overlap-0252,"[""456fddc4c7b5da5f"", ""71b6bb6c23c6fc56"", ""a714aa5c0758dfbd""]"
https://www.airbnb.com/rooms/1110176714479647344,overlap-0253,"[""456fddc4c7b5da5f"", ""7e3bcee866b72863""]"
https://www.airbnb.com/rooms/1719680727776326604,overlap-0253,"[""456fddc4c7b5da5f"", ""7e3bcee866b72863""]"
https://www.airbnb.com/rooms/1741579429003963982,overlap-0253,"[""456fddc4c7b5da5f"", ""7e3bcee866b72863""]"
https://www.airbnb.com/rooms/1741585430289784387,overlap-0253,"[""456fddc4c7b5da5f"", ""7e3bcee866b72863""]"
https://www.airbnb.com/rooms/1749540599649342241,overlap-0253,"[""456fddc4c7b5da5f"", ""7e3bcee866b72863""]"
https://www.airbnb.com/rooms/1758100092018826649,overlap-0253,"[""456fddc4c7b5da5f"", ""7e3bcee866b72863""]"
https://www.airbnb.com/rooms/1758266734164969256,overlap-0253,"[""456fddc4c7b5da5f"", ""7e3bcee866b72863""]"
https://www.airbnb.com/rooms/1768370057410500341,overlap-0253,"[""456fddc4c7b5da5f"", ""7e3bcee866b72863""]"
https://www.airbnb.com/rooms/1771817534145068116,overlap-0253,"[""456fddc4c7b5da5f"", ""7e3bcee866b72863""]"
https://www.airbnb.com/rooms/1780523422764774511,overlap-0253,"[""456fddc4c7b5da5f"", ""7e3bcee866b72863""]"
https://www.airbnb.com/rooms/1780531828595007929,overlap-0253,"[""456fddc4c7b5da5f"", ""7e3bcee866b72863""]"
https://www.airbnb.com/rooms/22308396,overlap-0254,"[""456fddc4c7b5da5f"", ""a714aa5c0758dfbd""]"
https://www.airbnb.com/rooms/1036452481630900906,overlap-0255,"[""45a304d2816fea52"", ""53fd4edb8fbdc3d8"", ""f7ad5e66fb110023""]"
https://www.airbnb.com/rooms/1224000467721979999,overlap-0255,"[""45a304d2816fea52"", ""53fd4edb8fbdc3d8"", ""f7ad5e66fb110023""]"
https://www.airbnb.com/rooms/1273409665017284314,overlap-0255,"[""45a304d2816fea52"", ""53fd4edb8fbdc3d8"", ""f7ad5e66fb110023""]"
https://www.airbnb.com/rooms/1286567081995549643,overlap-0255,"[""45a304d2816fea52"", ""53fd4edb8fbdc3d8"", ""f7ad5e66fb110023""]"
https://www.airbnb.com/rooms/1302910134653783674,overlap-0255,"[""45a304d2816fea52"", ""53fd4edb8fbdc3d8"", ""f7ad5e66fb110023""]"
https://www.airbnb.com/rooms/1308943549005000480,overlap-0255,"[""45a304d2816fea52"", ""53fd4edb8fbdc3d8"", ""f7ad5e66fb110023""]"
https://www.airbnb.com/rooms/1329006479550142941,overlap-0255,"[""45a304d2816fea52"", ""53fd4edb8fbdc3d8"", ""f7ad5e66fb110023""]"
https://www.airbnb.com/rooms/1376225002885392158,overlap-0255,"[""45a304d2816fea52"", ""53fd4edb8fbdc3d8"", ""f7ad5e66fb110023""]"
https://www.airbnb.com/rooms/1422583828376366803,overlap-0255,"[""45a304d2816fea52"", ""53fd4edb8fbdc3d8"", ""f7ad5e66fb110023""]"
https://www.airbnb.com/rooms/1422583869647709580,overlap-0255,"[""45a304d2816fea52"", ""53fd4edb8fbdc3d8"", ""f7ad5e66fb110023""]"
https://www.airbnb.com/rooms/1422583911450219375,overlap-0255,"[""45a304d2816fea52"", ""53fd4edb8fbdc3d8"", ""f7ad5e66fb110023""]"
https://www.airbnb.com/rooms/1422584039543349311,overlap-0255,"[""45a304d2816fea52"", ""53fd4edb8fbdc3d8"", ""f7ad5e66fb110023""]"
https://www.airbnb.com/rooms/1422584080228849555,overlap-0255,"[""45a304d2816fea52"", ""53fd4edb8fbdc3d8"", ""f7ad5e66fb110023""]"
https://www.airbnb.com/rooms/1422584124280396148,overlap-0255,"[""45a304d2816fea52"", ""53fd4edb8fbdc3d8"", ""f7ad5e66fb110023""]"
https://www.airbnb.com/rooms/1422584213464511904,overlap-0255,"[""45a304d2816fea52"", ""53fd4edb8fbdc3d8"", ""f7ad5e66fb110023""]"
https://www.airbnb.com/rooms/1422584255383359918,overlap-0255,"[""45a304d2816fea52"", ""53fd4edb8fbdc3d8"", ""f7ad5e66fb110023""]"
https://www.airbnb.com/rooms/1422614075907238089,overlap-0255,"[""45a304d2816fea52"", ""53fd4edb8fbdc3d8"", ""f7ad5e66fb110023""]"
https://www.airbnb.com/rooms/1422614115129794513,overlap-0255,"[""45a304d2816fea52"", ""53fd4edb8fbdc3d8"", ""f7ad5e66fb110023""]"
https://www.airbnb.com/rooms/1435647226804319116,overlap-0255,"[""45a304d2816fea52"", ""53fd4edb8fbdc3d8"", ""f7ad5e66fb110023""]"
https://www.airbnb.com/rooms/1447166291116502196,overlap-0255,"[""45a304d2816fea52"", ""53fd4edb8fbdc3d8"", ""f7ad5e66fb110023""]"
https://www.airbnb.com/rooms/1466946138748333973,overlap-0255,"[""45a304d2816fea52"", ""53fd4edb8fbdc3d8"", ""f7ad5e66fb110023""]"
https://www.airbnb.com/rooms/1466946181713812928,overlap-0255,"[""45a304d2816fea52"", ""53fd4edb8fbdc3d8"", ""f7ad5e66fb110023""]"
https://www.airbnb.com/rooms/1466946226389939485,overlap-0255,"[""45a304d2816fea52"", ""53fd4edb8fbdc3d8"", ""f7ad5e66fb110023""]"
https://www.airbnb.com/rooms/1485092083396460813,overlap-0255,"[""45a304d2816fea52"", ""53fd4edb8fbdc3d8"", ""f7ad5e66fb110023""]"
https://www.airbnb.com/rooms/1492884356245055057,overlap-0255,"[""45a304d2816fea52"", ""53fd4edb8fbdc3d8"", ""f7ad5e66fb110023""]"
https://www.airbnb.com/rooms/1495906952823221895,overlap-0255,"[""45a304d2816fea52"", ""53fd4edb8fbdc3d8"", ""f7ad5e66fb110023""]"
https://www.airbnb.com/rooms/1538604713171813772,overlap-0255,"[""45a304d2816fea52"", ""53fd4edb8fbdc3d8"", ""f7ad5e66fb110023""]"
https://www.airbnb.com/rooms/1561020903741637744,overlap-0255,"[""45a304d2816fea52"", ""53fd4edb8fbdc3d8"", ""f7ad5e66fb110023""]"
https://www.airbnb.com/rooms/1567003012688234098,overlap-0255,"[""45a304d2816fea52"", ""53fd4edb8fbdc3d8"", ""f7ad5e66fb110023""]"
https://www.airbnb.com/rooms/1567012915414470330,overlap-0255,"[""45a304d2816fea52"", ""53fd4edb8fbdc3d8"", ""f7ad5e66fb110023""]"
https://www.airbnb.com/rooms/1567017382670080472,overlap-0255,"[""45a304d2816fea52"", ""53fd4edb8fbdc3d8"", ""f7ad5e66fb110023""]"
https://www.airbnb.com/rooms/1567020495858183202,overlap-0255,"[""45a304d2816fea52"", ""53fd4edb8fbdc3d8"", ""f7ad5e66fb110023""]"
https://www.airbnb.com/rooms/1592190424026248618,overlap-0255,"[""45a304d2816fea52"", ""53fd4edb8fbdc3d8"", ""f7ad5e66fb110023""]"
https://www.airbnb.com/rooms/1603722306989597618,overlap-0255,"[""45a304d2816fea52"", ""53fd4edb8fbdc3d8"", ""f7ad5e66fb110023""]"
https://www.airbnb.com/rooms/1623439219445926492,overlap-0255,"[""45a304d2816fea52"", ""53fd4edb8fbdc3d8"", ""f7ad5e66fb110023""]"
https://www.airbnb.com/rooms/1628597199273124289,overlap-0255,"[""45a304d2816fea52"", ""53fd4edb8fbdc3d8"", ""f7ad5e66fb110023""]"
https://www.airbnb.com/rooms/1628597521611666323,overlap-0255,"[""45a304d2816fea52"", ""53fd4edb8fbdc3d8"", ""f7ad5e66fb110023""]"
https://www.airbnb.com/rooms/1639918425073547708,overlap-0255,"[""45a304d2816fea52"", ""53fd4edb8fbdc3d8"", ""f7ad5e66fb110023""]"
https://www.airbnb.com/rooms/1640620495395370589,overlap-0255,"[""45a304d2816fea52"", ""53fd4edb8fbdc3d8"", ""f7ad5e66fb110023""]"
https://www.airbnb.com/rooms/1689990882974822811,overlap-0255,"[""45a304d2816fea52"", ""53fd4edb8fbdc3d8"", ""f7ad5e66fb110023""]"
https://www.airbnb.com/rooms/1693608141156251570,overlap-0255,"[""45a304d2816fea52"", ""53fd4edb8fbdc3d8"", ""f7ad5e66fb110023""]"
https://www.airbnb.com/rooms/1693608788729426722,overlap-0255,"[""45a304d2816fea52"", ""53fd4edb8fbdc3d8"", ""f7ad5e66fb110023""]"
https://www.airbnb.com/rooms/810881651963978655,overlap-0255,"[""45a304d2816fea52"", ""53fd4edb8fbdc3d8"", ""f7ad5e66fb110023""]"
https://www.airbnb.com/rooms/826905280374181460,overlap-0255,"[""45a304d2816fea52"", ""53fd4edb8fbdc3d8"", ""f7ad5e66fb110023""]"
https://www.airbnb.com/rooms/831200930342620020,overlap-0255,"[""45a304d2816fea52"", ""53fd4edb8fbdc3d8"", ""f7ad5e66fb110023""]"
https://www.airbnb.com/rooms/838377832728751909,overlap-0255,"[""45a304d2816fea52"", ""53fd4edb8fbdc3d8"", ""f7ad5e66fb110023""]"
https://www.airbnb.com/rooms/838387795970472871,overlap-0255,"[""45a304d2816fea52"", ""53fd4edb8fbdc3d8"", ""f7ad5e66fb110023""]"
https://www.airbnb.com/rooms/841931744555077210,overlap-0255,"[""45a304d2816fea52"", ""53fd4edb8fbdc3d8"", ""f7ad5e66fb110023""]"
https://www.airbnb.com/rooms/842925068704874604,overlap-0255,"[""45a304d2816fea52"", ""53fd4edb8fbdc3d8"", ""f7ad5e66fb110023""]"
https://www.airbnb.com/rooms/843555211006560259,overlap-0255,"[""45a304d2816fea52"", ""53fd4edb8fbdc3d8"", ""f7ad5e66fb110023""]"
https://www.airbnb.com/rooms/847058971271814326,overlap-0255,"[""45a304d2816fea52"", ""53fd4edb8fbdc3d8"", ""f7ad5e66fb110023""]"
https://www.airbnb.com/rooms/853467958193210516,overlap-0255,"[""45a304d2816fea52"", ""53fd4edb8fbdc3d8"", ""f7ad5e66fb110023""]"
https://www.airbnb.com/rooms/854338709572065189,overlap-0255,"[""45a304d2816fea52"", ""53fd4edb8fbdc3d8"", ""f7ad5e66fb110023""]"
https://www.airbnb.com/rooms/854339016881226550,overlap-0255,"[""45a304d2816fea52"", ""53fd4edb8fbdc3d8"", ""f7ad5e66fb110023""]"
https://www.airbnb.com/rooms/862944002912139036,overlap-0255,"[""45a304d2816fea52"", ""53fd4edb8fbdc3d8"", ""f7ad5e66fb110023""]"
https://www.airbnb.com/rooms/892907512684623677,overlap-0255,"[""45a304d2816fea52"", ""53fd4edb8fbdc3d8"", ""f7ad5e66fb110023""]"
https://www.airbnb.com/rooms/909390695489808561,overlap-0255,"[""45a304d2816fea52"", ""53fd4edb8fbdc3d8"", ""f7ad5e66fb110023""]"
https://www.airbnb.com/rooms/965139766763718576,overlap-0255,"[""45a304d2816fea52"", ""53fd4edb8fbdc3d8"", ""f7ad5e66fb110023""]"
https://www.airbnb.com/rooms/1086264193119588656,overlap-0256,"[""45a304d2816fea52"", ""79a0b85430e711c7""]"
https://www.airbnb.com/rooms/1095209256715580428,overlap-0256,"[""45a304d2816fea52"", ""79a0b85430e711c7""]"
https://www.airbnb.com/rooms/1395850579030847774,overlap-0256,"[""45a304d2816fea52"", ""79a0b85430e711c7""]"
https://www.airbnb.com/rooms/1399947635295334331,overlap-0256,"[""45a304d2816fea52"", ""79a0b85430e711c7""]"
https://www.airbnb.com/rooms/1405264937133160792,overlap-0256,"[""45a304d2816fea52"", ""79a0b85430e711c7""]"
https://www.airbnb.com/rooms/1571239087136499940,overlap-0256,"[""45a304d2816fea52"", ""79a0b85430e711c7""]"
https://www.airbnb.com/rooms/1574052688000453478,overlap-0256,"[""45a304d2816fea52"", ""79a0b85430e711c7""]"
https://www.airbnb.com/rooms/1582647450380463590,overlap-0256,"[""45a304d2816fea52"", ""79a0b85430e711c7""]"
https://www.airbnb.com/rooms/1588599987436951419,overlap-0256,"[""45a304d2816fea52"", ""79a0b85430e711c7""]"
https://www.airbnb.com/rooms/1610363387731951725,overlap-0256,"[""45a304d2816fea52"", ""79a0b85430e711c7""]"
https://www.airbnb.com/rooms/1744477645163708475,overlap-0256,"[""45a304d2816fea52"", ""79a0b85430e711c7""]"
https://www.airbnb.com/rooms/1747161936465385482,overlap-0256,"[""45a304d2816fea52"", ""79a0b85430e711c7""]"
https://www.airbnb.com/rooms/1753766029007884459,overlap-0256,"[""45a304d2816fea52"", ""79a0b85430e711c7""]"
https://www.airbnb.com/rooms/1754476241572155501,overlap-0256,"[""45a304d2816fea52"", ""79a0b85430e711c7""]"
https://www.airbnb.com/rooms/1758017069249027403,overlap-0256,"[""45a304d2816fea52"", ""79a0b85430e711c7""]"
https://www.airbnb.com/rooms/1760240269245462424,overlap-0256,"[""45a304d2816fea52"", ""79a0b85430e711c7""]"
https://www.airbnb.com/rooms/1773255234057516981,overlap-0256,"[""45a304d2816fea52"", ""79a0b85430e711c7""]"
https://www.airbnb.com/rooms/1776319392206406167,overlap-0256,"[""45a304d2816fea52"", ""79a0b85430e711c7""]"
https://www.airbnb.com/rooms/1776833343129340705,overlap-0256,"[""45a304d2816fea52"", ""79a0b85430e711c7""]"
https://www.airbnb.com/rooms/1781958705602125321,overlap-0256,"[""45a304d2816fea52"", ""79a0b85430e711c7""]"
https://www.airbnb.com/rooms/34307701,overlap-0256,"[""45a304d2816fea52"", ""79a0b85430e711c7""]"
https://www.airbnb.com/rooms/41664836,overlap-0256,"[""45a304d2816fea52"", ""79a0b85430e711c7""]"
https://www.airbnb.com/rooms/605181888900550845,overlap-0256,"[""45a304d2816fea52"", ""79a0b85430e711c7""]"
https://www.airbnb.com/rooms/639024336451294701,overlap-0256,"[""45a304d2816fea52"", ""79a0b85430e711c7""]"
https://www.airbnb.com/rooms/658713833584485491,overlap-0256,"[""45a304d2816fea52"", ""79a0b85430e711c7""]"
https://www.airbnb.com/rooms/847844969966678415,overlap-0256,"[""45a304d2816fea52"", ""79a0b85430e711c7""]"
https://www.airbnb.com/rooms/889325707654402864,overlap-0256,"[""45a304d2816fea52"", ""79a0b85430e711c7""]"
https://www.airbnb.com/rooms/917533688931668569,overlap-0256,"[""45a304d2816fea52"", ""79a0b85430e711c7""]"
https://www.airbnb.com/rooms/1310278876120004798,overlap-0257,"[""45a304d2816fea52"", ""79a0b85430e711c7"", ""e492281c54b36956"", ""f7ad5e66fb110023""]"
https://www.airbnb.com/rooms/1358888337232653024,overlap-0258,"[""45a304d2816fea52"", ""f7ad5e66fb110023""]"
https://www.airbnb.com/rooms/1497807196481315232,overlap-0258,"[""45a304d2816fea52"", ""f7ad5e66fb110023""]"
https://www.airbnb.com/rooms/1497807278139114714,overlap-0258,"[""45a304d2816fea52"", ""f7ad5e66fb110023""]"
https://www.airbnb.com/rooms/1497807373512767038,overlap-0258,"[""45a304d2816fea52"", ""f7ad5e66fb110023""]"
https://www.airbnb.com/rooms/1497807404646900918,overlap-0258,"[""45a304d2816fea52"", ""f7ad5e66fb110023""]"
https://www.airbnb.com/rooms/1497807440097535445,overlap-0258,"[""45a304d2816fea52"", ""f7ad5e66fb110023""]"
https://www.airbnb.com/rooms/1497807472123147098,overlap-0258,"[""45a304d2816fea52"", ""f7ad5e66fb110023""]"
https://www.airbnb.com/rooms/1497807502951973615,overlap-0258,"[""45a304d2816fea52"", ""f7ad5e66fb110023""]"
https://www.airbnb.com/rooms/1497807536108680492,overlap-0258,"[""45a304d2816fea52"", ""f7ad5e66fb110023""]"
https://www.airbnb.com/rooms/1497807571203935143,overlap-0258,"[""45a304d2816fea52"", ""f7ad5e66fb110023""]"
https://www.airbnb.com/rooms/1497807603978071729,overlap-0258,"[""45a304d2816fea52"", ""f7ad5e66fb110023""]"
https://www.airbnb.com/rooms/1497807638197706371,overlap-0258,"[""45a304d2816fea52"", ""f7ad5e66fb110023""]"
https://www.airbnb.com/rooms/1497807671488252393,overlap-0258,"[""45a304d2816fea52"", ""f7ad5e66fb110023""]"
https://www.airbnb.com/rooms/1497807712998382783,overlap-0258,"[""45a304d2816fea52"", ""f7ad5e66fb110023""]"
https://www.airbnb.com/rooms/1497807748609682353,overlap-0258,"[""45a304d2816fea52"", ""f7ad5e66fb110023""]"
https://www.airbnb.com/rooms/1497807787942408533,overlap-0258,"[""45a304d2816fea52"", ""f7ad5e66fb110023""]"
https://www.airbnb.com/rooms/1497807816628772687,overlap-0258,"[""45a304d2816fea52"", ""f7ad5e66fb110023""]"
https://www.airbnb.com/rooms/1497807851079189941,overlap-0258,"[""45a304d2816fea52"", ""f7ad5e66fb110023""]"
https://www.airbnb.com/rooms/1497810799060334051,overlap-0258,"[""45a304d2816fea52"", ""f7ad5e66fb110023""]"
https://www.airbnb.com/rooms/1508652271933018437,overlap-0258,"[""45a304d2816fea52"", ""f7ad5e66fb110023""]"
https://www.airbnb.com/rooms/1536155440982073505,overlap-0258,"[""45a304d2816fea52"", ""f7ad5e66fb110023""]"
https://www.airbnb.com/rooms/1542072572532821486,overlap-0258,"[""45a304d2816fea52"", ""f7ad5e66fb110023""]"
https://www.airbnb.com/rooms/1618884596837592495,overlap-0258,"[""45a304d2816fea52"", ""f7ad5e66fb110023""]"
https://www.airbnb.com/rooms/1632609361221860757,overlap-0258,"[""45a304d2816fea52"", ""f7ad5e66fb110023""]"
https://www.airbnb.com/rooms/1632609401280078047,overlap-0258,"[""45a304d2816fea52"", ""f7ad5e66fb110023""]"
https://www.airbnb.com/rooms/1632609442073062264,overlap-0258,"[""45a304d2816fea52"", ""f7ad5e66fb110023""]"
https://www.airbnb.com/rooms/1632609486843266985,overlap-0258,"[""45a304d2816fea52"", ""f7ad5e66fb110023""]"
https://www.airbnb.com/rooms/609635556560071720,overlap-0258,"[""45a304d2816fea52"", ""f7ad5e66fb110023""]"
https://www.airbnb.com/rooms/777758471698144515,overlap-0258,"[""45a304d2816fea52"", ""f7ad5e66fb110023""]"
https://www.airbnb.com/rooms/52280444,overlap-0259,"[""462d35d35af6c163"", ""51d00f5e55595c90""]"
https://www.airbnb.com/rooms/1275309667121905828,overlap-0260,"[""462d35d35af6c163"", ""639947662b8b59f9"", ""cbb40e0838ca9635""]"
https://www.airbnb.com/rooms/1365370904413411595,overlap-0260,"[""462d35d35af6c163"", ""639947662b8b59f9"", ""cbb40e0838ca9635""]"
https://www.airbnb.com/rooms/1369000421457065762,overlap-0260,"[""462d35d35af6c163"", ""639947662b8b59f9"", ""cbb40e0838ca9635""]"
https://www.airbnb.com/rooms/1373892609678588524,overlap-0260,"[""462d35d35af6c163"", ""639947662b8b59f9"", ""cbb40e0838ca9635""]"
https://www.airbnb.com/rooms/1569602977253688326,overlap-0260,"[""462d35d35af6c163"", ""639947662b8b59f9"", ""cbb40e0838ca9635""]"
https://www.airbnb.com/rooms/1623376303084318803,overlap-0260,"[""462d35d35af6c163"", ""639947662b8b59f9"", ""cbb40e0838ca9635""]"
https://www.airbnb.com/rooms/1676219391521668008,overlap-0260,"[""462d35d35af6c163"", ""639947662b8b59f9"", ""cbb40e0838ca9635""]"
https://www.airbnb.com/rooms/19694811,overlap-0260,"[""462d35d35af6c163"", ""639947662b8b59f9"", ""cbb40e0838ca9635""]"
https://www.airbnb.com/rooms/47797384,overlap-0261,"[""462d35d35af6c163"", ""951fe003703d658c"", ""987cbb9cb8d52ba7"", ""c22ed839812cf77e"", ""cbb40e0838ca9635""]"
https://www.airbnb.com/rooms/1670308938470063836,overlap-0262,"[""462d35d35af6c163"", ""951fe003703d658c"", ""987cbb9cb8d52ba7"", ""c22ed839812cf77e"", ""cbb40e0838ca9635"", ""e48053fe224d272e""]"
https://www.airbnb.com/rooms/46087716,overlap-0262,"[""462d35d35af6c163"", ""951fe003703d658c"", ""987cbb9cb8d52ba7"", ""c22ed839812cf77e"", ""cbb40e0838ca9635"", ""e48053fe224d272e""]"
https://www.airbnb.com/rooms/1110960410946910578,overlap-0263,"[""462d35d35af6c163"", ""951fe003703d658c"", ""cbb40e0838ca9635""]"
https://www.airbnb.com/rooms/1110960480004757758,overlap-0263,"[""462d35d35af6c163"", ""951fe003703d658c"", ""cbb40e0838ca9635""]"
https://www.airbnb.com/rooms/1110960637015882323,overlap-0263,"[""462d35d35af6c163"", ""951fe003703d658c"", ""cbb40e0838ca9635""]"
https://www.airbnb.com/rooms/1110960680658102760,overlap-0263,"[""462d35d35af6c163"", ""951fe003703d658c"", ""cbb40e0838ca9635""]"
https://www.airbnb.com/rooms/1233387536723507193,overlap-0263,"[""462d35d35af6c163"", ""951fe003703d658c"", ""cbb40e0838ca9635""]"
https://www.airbnb.com/rooms/1523418221388119628,overlap-0263,"[""462d35d35af6c163"", ""951fe003703d658c"", ""cbb40e0838ca9635""]"
https://www.airbnb.com/rooms/1550764,overlap-0263,"[""462d35d35af6c163"", ""951fe003703d658c"", ""cbb40e0838ca9635""]"
https://www.airbnb.com/rooms/1573934561128568987,overlap-0263,"[""462d35d35af6c163"", ""951fe003703d658c"", ""cbb40e0838ca9635""]"
https://www.airbnb.com/rooms/1615350598696820468,overlap-0263,"[""462d35d35af6c163"", ""951fe003703d658c"", ""cbb40e0838ca9635""]"
https://www.airbnb.com/rooms/1634394656546183070,overlap-0263,"[""462d35d35af6c163"", ""951fe003703d658c"", ""cbb40e0838ca9635""]"
https://www.airbnb.com/rooms/1714752138853184702,overlap-0263,"[""462d35d35af6c163"", ""951fe003703d658c"", ""cbb40e0838ca9635""]"
https://www.airbnb.com/rooms/1718959052540515113,overlap-0263,"[""462d35d35af6c163"", ""951fe003703d658c"", ""cbb40e0838ca9635""]"
https://www.airbnb.com/rooms/1718986890245232517,overlap-0263,"[""462d35d35af6c163"", ""951fe003703d658c"", ""cbb40e0838ca9635""]"
https://www.airbnb.com/rooms/1718993987407845624,overlap-0263,"[""462d35d35af6c163"", ""951fe003703d658c"", ""cbb40e0838ca9635""]"
https://www.airbnb.com/rooms/1732770613048311434,overlap-0263,"[""462d35d35af6c163"", ""951fe003703d658c"", ""cbb40e0838ca9635""]"
https://www.airbnb.com/rooms/1732793058048764665,overlap-0263,"[""462d35d35af6c163"", ""951fe003703d658c"", ""cbb40e0838ca9635""]"
https://www.airbnb.com/rooms/1732810450634077324,overlap-0263,"[""462d35d35af6c163"", ""951fe003703d658c"", ""cbb40e0838ca9635""]"
https://www.airbnb.com/rooms/1732812640507177900,overlap-0263,"[""462d35d35af6c163"", ""951fe003703d658c"", ""cbb40e0838ca9635""]"
https://www.airbnb.com/rooms/1732816459739443766,overlap-0263,"[""462d35d35af6c163"", ""951fe003703d658c"", ""cbb40e0838ca9635""]"
https://www.airbnb.com/rooms/1732830615431909054,overlap-0263,"[""462d35d35af6c163"", ""951fe003703d658c"", ""cbb40e0838ca9635""]"
https://www.airbnb.com/rooms/1732863855306162340,overlap-0263,"[""462d35d35af6c163"", ""951fe003703d658c"", ""cbb40e0838ca9635""]"
https://www.airbnb.com/rooms/1733081966640129810,overlap-0263,"[""462d35d35af6c163"", ""951fe003703d658c"", ""cbb40e0838ca9635""]"
https://www.airbnb.com/rooms/1733444440605403500,overlap-0263,"[""462d35d35af6c163"", ""951fe003703d658c"", ""cbb40e0838ca9635""]"
https://www.airbnb.com/rooms/1733451821674324792,overlap-0263,"[""462d35d35af6c163"", ""951fe003703d658c"", ""cbb40e0838ca9635""]"
https://www.airbnb.com/rooms/1733452910568253817,overlap-0263,"[""462d35d35af6c163"", ""951fe003703d658c"", ""cbb40e0838ca9635""]"
https://www.airbnb.com/rooms/1733453974536569303,overlap-0263,"[""462d35d35af6c163"", ""951fe003703d658c"", ""cbb40e0838ca9635""]"
https://www.airbnb.com/rooms/1733455664314582611,overlap-0263,"[""462d35d35af6c163"", ""951fe003703d658c"", ""cbb40e0838ca9635""]"
https://www.airbnb.com/rooms/1740005073737593697,overlap-0263,"[""462d35d35af6c163"", ""951fe003703d658c"", ""cbb40e0838ca9635""]"
https://www.airbnb.com/rooms/1740009809413929209,overlap-0263,"[""462d35d35af6c163"", ""951fe003703d658c"", ""cbb40e0838ca9635""]"
https://www.airbnb.com/rooms/1740013287911833497,overlap-0263,"[""462d35d35af6c163"", ""951fe003703d658c"", ""cbb40e0838ca9635""]"
https://www.airbnb.com/rooms/1740019233457627536,overlap-0263,"[""462d35d35af6c163"", ""951fe003703d658c"", ""cbb40e0838ca9635""]"
https://www.airbnb.com/rooms/1740039078007875049,overlap-0263,"[""462d35d35af6c163"", ""951fe003703d658c"", ""cbb40e0838ca9635""]"
https://www.airbnb.com/rooms/1740783731099297278,overlap-0263,"[""462d35d35af6c163"", ""951fe003703d658c"", ""cbb40e0838ca9635""]"
https://www.airbnb.com/rooms/1740787495741939392,overlap-0263,"[""462d35d35af6c163"", ""951fe003703d658c"", ""cbb40e0838ca9635""]"
https://www.airbnb.com/rooms/1740796434259309772,overlap-0263,"[""462d35d35af6c163"", ""951fe003703d658c"", ""cbb40e0838ca9635""]"
https://www.airbnb.com/rooms/1740823540994422867,overlap-0263,"[""462d35d35af6c163"", ""951fe003703d658c"", ""cbb40e0838ca9635""]"
https://www.airbnb.com/rooms/1750730415047715901,overlap-0263,"[""462d35d35af6c163"", ""951fe003703d658c"", ""cbb40e0838ca9635""]"
https://www.airbnb.com/rooms/17988132,overlap-0263,"[""462d35d35af6c163"", ""951fe003703d658c"", ""cbb40e0838ca9635""]"
https://www.airbnb.com/rooms/3912357,overlap-0263,"[""462d35d35af6c163"", ""951fe003703d658c"", ""cbb40e0838ca9635""]"
https://www.airbnb.com/rooms/421290,overlap-0263,"[""462d35d35af6c163"", ""951fe003703d658c"", ""cbb40e0838ca9635""]"
https://www.airbnb.com/rooms/430052,overlap-0263,"[""462d35d35af6c163"", ""951fe003703d658c"", ""cbb40e0838ca9635""]"
https://www.airbnb.com/rooms/632636,overlap-0263,"[""462d35d35af6c163"", ""951fe003703d658c"", ""cbb40e0838ca9635""]"
https://www.airbnb.com/rooms/902873501430058807,overlap-0263,"[""462d35d35af6c163"", ""951fe003703d658c"", ""cbb40e0838ca9635""]"
https://www.airbnb.com/rooms/1261080767773414866,overlap-0264,"[""462d35d35af6c163"", ""c22ed839812cf77e""]"
https://www.airbnb.com/rooms/1360533676215403994,overlap-0264,"[""462d35d35af6c163"", ""c22ed839812cf77e""]"
https://www.airbnb.com/rooms/1544180253672086519,overlap-0264,"[""462d35d35af6c163"", ""c22ed839812cf77e""]"
https://www.airbnb.com/rooms/1599331914635747378,overlap-0264,"[""462d35d35af6c163"", ""c22ed839812cf77e""]"
https://www.airbnb.com/rooms/1658740341263899541,overlap-0264,"[""462d35d35af6c163"", ""c22ed839812cf77e""]"
https://www.airbnb.com/rooms/20357914,overlap-0264,"[""462d35d35af6c163"", ""c22ed839812cf77e""]"
https://www.airbnb.com/rooms/33376043,overlap-0264,"[""462d35d35af6c163"", ""c22ed839812cf77e""]"
https://www.airbnb.com/rooms/34310407,overlap-0264,"[""462d35d35af6c163"", ""c22ed839812cf77e""]"
https://www.airbnb.com/rooms/40421493,overlap-0264,"[""462d35d35af6c163"", ""c22ed839812cf77e""]"
https://www.airbnb.com/rooms/40423393,overlap-0264,"[""462d35d35af6c163"", ""c22ed839812cf77e""]"
https://www.airbnb.com/rooms/597201605597267975,overlap-0264,"[""462d35d35af6c163"", ""c22ed839812cf77e""]"
https://www.airbnb.com/rooms/612988314782958490,overlap-0264,"[""462d35d35af6c163"", ""c22ed839812cf77e""]"
https://www.airbnb.com/rooms/832823293101121296,overlap-0264,"[""462d35d35af6c163"", ""c22ed839812cf77e""]"
https://www.airbnb.com/rooms/915840656203923753,overlap-0264,"[""462d35d35af6c163"", ""c22ed839812cf77e""]"
https://www.airbnb.com/rooms/1417012493885513368,overlap-0265,"[""462d35d35af6c163"", ""c22ed839812cf77e"", ""e48053fe224d272e""]"
https://www.airbnb.com/rooms/1481905926619056775,overlap-0265,"[""462d35d35af6c163"", ""c22ed839812cf77e"", ""e48053fe224d272e""]"
https://www.airbnb.com/rooms/1720822059726447666,overlap-0265,"[""462d35d35af6c163"", ""c22ed839812cf77e"", ""e48053fe224d272e""]"
https://www.airbnb.com/rooms/40421935,overlap-0265,"[""462d35d35af6c163"", ""c22ed839812cf77e"", ""e48053fe224d272e""]"
https://www.airbnb.com/rooms/40422427,overlap-0265,"[""462d35d35af6c163"", ""c22ed839812cf77e"", ""e48053fe224d272e""]"
https://www.airbnb.com/rooms/40423045,overlap-0265,"[""462d35d35af6c163"", ""c22ed839812cf77e"", ""e48053fe224d272e""]"
https://www.airbnb.com/rooms/40423222,overlap-0265,"[""462d35d35af6c163"", ""c22ed839812cf77e"", ""e48053fe224d272e""]"
https://www.airbnb.com/rooms/40423283,overlap-0265,"[""462d35d35af6c163"", ""c22ed839812cf77e"", ""e48053fe224d272e""]"
https://www.airbnb.com/rooms/40423317,overlap-0265,"[""462d35d35af6c163"", ""c22ed839812cf77e"", ""e48053fe224d272e""]"
https://www.airbnb.com/rooms/40423347,overlap-0265,"[""462d35d35af6c163"", ""c22ed839812cf77e"", ""e48053fe224d272e""]"
https://www.airbnb.com/rooms/40423438,overlap-0265,"[""462d35d35af6c163"", ""c22ed839812cf77e"", ""e48053fe224d272e""]"
https://www.airbnb.com/rooms/40423541,overlap-0265,"[""462d35d35af6c163"", ""c22ed839812cf77e"", ""e48053fe224d272e""]"
https://www.airbnb.com/rooms/40423641,overlap-0265,"[""462d35d35af6c163"", ""c22ed839812cf77e"", ""e48053fe224d272e""]"
https://www.airbnb.com/rooms/47375112,overlap-0265,"[""462d35d35af6c163"", ""c22ed839812cf77e"", ""e48053fe224d272e""]"
https://www.airbnb.com/rooms/53046817,overlap-0265,"[""462d35d35af6c163"", ""c22ed839812cf77e"", ""e48053fe224d272e""]"
https://www.airbnb.com/rooms/1049198632735165533,overlap-0266,"[""462d35d35af6c163"", ""cbb40e0838ca9635""]"
https://www.airbnb.com/rooms/1618909348978152936,overlap-0266,"[""462d35d35af6c163"", ""cbb40e0838ca9635""]"
https://www.airbnb.com/rooms/16795349,overlap-0266,"[""462d35d35af6c163"", ""cbb40e0838ca9635""]"
https://www.airbnb.com/rooms/1732813907179317414,overlap-0266,"[""462d35d35af6c163"", ""cbb40e0838ca9635""]"
https://www.airbnb.com/rooms/1732815311439565015,overlap-0266,"[""462d35d35af6c163"", ""cbb40e0838ca9635""]"
https://www.airbnb.com/rooms/1733437271076574503,overlap-0266,"[""462d35d35af6c163"", ""cbb40e0838ca9635""]"
https://www.airbnb.com/rooms/18019271,overlap-0266,"[""462d35d35af6c163"", ""cbb40e0838ca9635""]"
https://www.airbnb.com/rooms/37774171,overlap-0266,"[""462d35d35af6c163"", ""cbb40e0838ca9635""]"
https://www.airbnb.com/rooms/3793659,overlap-0266,"[""462d35d35af6c163"", ""cbb40e0838ca9635""]"
https://www.airbnb.com/rooms/38580261,overlap-0266,"[""462d35d35af6c163"", ""cbb40e0838ca9635""]"
https://www.airbnb.com/rooms/10452358,overlap-0267,"[""466cf67889f703a7"", ""ae6d9d99837e95d3""]"
https://www.airbnb.com/rooms/10452361,overlap-0267,"[""466cf67889f703a7"", ""ae6d9d99837e95d3""]"
https://www.airbnb.com/rooms/11074483,overlap-0267,"[""466cf67889f703a7"", ""ae6d9d99837e95d3""]"
https://www.airbnb.com/rooms/11304096,overlap-0267,"[""466cf67889f703a7"", ""ae6d9d99837e95d3""]"
https://www.airbnb.com/rooms/30593043,overlap-0267,"[""466cf67889f703a7"", ""ae6d9d99837e95d3""]"
https://www.airbnb.com/rooms/33250628,overlap-0267,"[""466cf67889f703a7"", ""ae6d9d99837e95d3""]"
https://www.airbnb.com/rooms/40865070,overlap-0267,"[""466cf67889f703a7"", ""ae6d9d99837e95d3""]"
https://www.airbnb.com/rooms/1263231476692297392,overlap-0268,"[""47a4ebd7469a3404"", ""986af307665ba993"", ""a714aa5c0758dfbd"", ""c8f88860f2a3fc87""]"
https://www.airbnb.com/rooms/1340934215903377888,overlap-0268,"[""47a4ebd7469a3404"", ""986af307665ba993"", ""a714aa5c0758dfbd"", ""c8f88860f2a3fc87""]"
https://www.airbnb.com/rooms/1359521794623899176,overlap-0268,"[""47a4ebd7469a3404"", ""986af307665ba993"", ""a714aa5c0758dfbd"", ""c8f88860f2a3fc87""]"
https://www.airbnb.com/rooms/26306062,overlap-0268,"[""47a4ebd7469a3404"", ""986af307665ba993"", ""a714aa5c0758dfbd"", ""c8f88860f2a3fc87""]"
https://www.airbnb.com/rooms/34331421,overlap-0268,"[""47a4ebd7469a3404"", ""986af307665ba993"", ""a714aa5c0758dfbd"", ""c8f88860f2a3fc87""]"
https://www.airbnb.com/rooms/47198342,overlap-0268,"[""47a4ebd7469a3404"", ""986af307665ba993"", ""a714aa5c0758dfbd"", ""c8f88860f2a3fc87""]"
https://www.airbnb.com/rooms/48542145,overlap-0268,"[""47a4ebd7469a3404"", ""986af307665ba993"", ""a714aa5c0758dfbd"", ""c8f88860f2a3fc87""]"
https://www.airbnb.com/rooms/49565916,overlap-0268,"[""47a4ebd7469a3404"", ""986af307665ba993"", ""a714aa5c0758dfbd"", ""c8f88860f2a3fc87""]"
https://www.airbnb.com/rooms/713168412004398144,overlap-0268,"[""47a4ebd7469a3404"", ""986af307665ba993"", ""a714aa5c0758dfbd"", ""c8f88860f2a3fc87""]"
https://www.airbnb.com/rooms/871142383394599660,overlap-0268,"[""47a4ebd7469a3404"", ""986af307665ba993"", ""a714aa5c0758dfbd"", ""c8f88860f2a3fc87""]"
https://www.airbnb.com/rooms/1362672912807505151,overlap-0269,"[""47a4ebd7469a3404"", ""a714aa5c0758dfbd""]"
https://www.airbnb.com/rooms/22526172,overlap-0269,"[""47a4ebd7469a3404"", ""a714aa5c0758dfbd""]"
https://www.airbnb.com/rooms/28585183,overlap-0269,"[""47a4ebd7469a3404"", ""a714aa5c0758dfbd""]"
https://www.airbnb.com/rooms/40643118,overlap-0269,"[""47a4ebd7469a3404"", ""a714aa5c0758dfbd""]"
https://www.airbnb.com/rooms/49949997,overlap-0269,"[""47a4ebd7469a3404"", ""a714aa5c0758dfbd""]"
https://www.airbnb.com/rooms/5070014,overlap-0269,"[""47a4ebd7469a3404"", ""a714aa5c0758dfbd""]"
https://www.airbnb.com/rooms/599859038157230215,overlap-0269,"[""47a4ebd7469a3404"", ""a714aa5c0758dfbd""]"
https://www.airbnb.com/rooms/602996524081206314,overlap-0269,"[""47a4ebd7469a3404"", ""a714aa5c0758dfbd""]"
https://www.airbnb.com/rooms/603006767330504145,overlap-0269,"[""47a4ebd7469a3404"", ""a714aa5c0758dfbd""]"
https://www.airbnb.com/rooms/8497631,overlap-0269,"[""47a4ebd7469a3404"", ""a714aa5c0758dfbd""]"
https://www.airbnb.com/rooms/935196928020768924,overlap-0269,"[""47a4ebd7469a3404"", ""a714aa5c0758dfbd""]"
https://www.airbnb.com/rooms/1237804639556924861,overlap-0270,"[""47a4ebd7469a3404"", ""ad72ac69fdc378b6""]"
https://www.airbnb.com/rooms/11671995,overlap-0271,"[""47a4ebd7469a3404"", ""ad72ac69fdc378b6"", ""c8f88860f2a3fc87""]"
https://www.airbnb.com/rooms/8410601,overlap-0271,"[""47a4ebd7469a3404"", ""ad72ac69fdc378b6"", ""c8f88860f2a3fc87""]"
https://www.airbnb.com/rooms/1595044630582156315,overlap-0272,"[""47a4ebd7469a3404"", ""c8f88860f2a3fc87""]"
https://www.airbnb.com/rooms/1080446365114701130,overlap-0273,"[""481d0d2da1ce4560"", ""5b0701861d85e0a2""]"
https://www.airbnb.com/rooms/1185022463380610659,overlap-0273,"[""481d0d2da1ce4560"", ""5b0701861d85e0a2""]"
https://www.airbnb.com/rooms/1233332119070951962,overlap-0273,"[""481d0d2da1ce4560"", ""5b0701861d85e0a2""]"
https://www.airbnb.com/rooms/1244409908096434466,overlap-0273,"[""481d0d2da1ce4560"", ""5b0701861d85e0a2""]"
https://www.airbnb.com/rooms/1276761075673844894,overlap-0273,"[""481d0d2da1ce4560"", ""5b0701861d85e0a2""]"
https://www.airbnb.com/rooms/1290841887043161073,overlap-0273,"[""481d0d2da1ce4560"", ""5b0701861d85e0a2""]"
https://www.airbnb.com/rooms/1329029378470326839,overlap-0273,"[""481d0d2da1ce4560"", ""5b0701861d85e0a2""]"
https://www.airbnb.com/rooms/1344399747997297883,overlap-0273,"[""481d0d2da1ce4560"", ""5b0701861d85e0a2""]"
https://www.airbnb.com/rooms/1357438056243579230,overlap-0273,"[""481d0d2da1ce4560"", ""5b0701861d85e0a2""]"
https://www.airbnb.com/rooms/1359050590170615719,overlap-0273,"[""481d0d2da1ce4560"", ""5b0701861d85e0a2""]"
https://www.airbnb.com/rooms/1359053317983573296,overlap-0273,"[""481d0d2da1ce4560"", ""5b0701861d85e0a2""]"
https://www.airbnb.com/rooms/1363202616933311203,overlap-0273,"[""481d0d2da1ce4560"", ""5b0701861d85e0a2""]"
https://www.airbnb.com/rooms/1364842684525198944,overlap-0273,"[""481d0d2da1ce4560"", ""5b0701861d85e0a2""]"
https://www.airbnb.com/rooms/13784416,overlap-0273,"[""481d0d2da1ce4560"", ""5b0701861d85e0a2""]"
https://www.airbnb.com/rooms/1393970784040632095,overlap-0273,"[""481d0d2da1ce4560"", ""5b0701861d85e0a2""]"
https://www.airbnb.com/rooms/1400803405362323337,overlap-0273,"[""481d0d2da1ce4560"", ""5b0701861d85e0a2""]"
https://www.airbnb.com/rooms/1407398285256965359,overlap-0273,"[""481d0d2da1ce4560"", ""5b0701861d85e0a2""]"
https://www.airbnb.com/rooms/1446478475241626393,overlap-0273,"[""481d0d2da1ce4560"", ""5b0701861d85e0a2""]"
https://www.airbnb.com/rooms/1457549808684823351,overlap-0273,"[""481d0d2da1ce4560"", ""5b0701861d85e0a2""]"
https://www.airbnb.com/rooms/1481975659476517627,overlap-0273,"[""481d0d2da1ce4560"", ""5b0701861d85e0a2""]"
https://www.airbnb.com/rooms/1481975659673582356,overlap-0273,"[""481d0d2da1ce4560"", ""5b0701861d85e0a2""]"
https://www.airbnb.com/rooms/1481975662642509891,overlap-0273,"[""481d0d2da1ce4560"", ""5b0701861d85e0a2""]"
https://www.airbnb.com/rooms/1498042673862815426,overlap-0273,"[""481d0d2da1ce4560"", ""5b0701861d85e0a2""]"
https://www.airbnb.com/rooms/1542357185764271327,overlap-0273,"[""481d0d2da1ce4560"", ""5b0701861d85e0a2""]"
https://www.airbnb.com/rooms/1579442449289557654,overlap-0273,"[""481d0d2da1ce4560"", ""5b0701861d85e0a2""]"
https://www.airbnb.com/rooms/1599371471122124865,overlap-0273,"[""481d0d2da1ce4560"", ""5b0701861d85e0a2""]"
https://www.airbnb.com/rooms/1610453259016669508,overlap-0273,"[""481d0d2da1ce4560"", ""5b0701861d85e0a2""]"
https://www.airbnb.com/rooms/1610454935568962556,overlap-0273,"[""481d0d2da1ce4560"", ""5b0701861d85e0a2""]"
https://www.airbnb.com/rooms/1610455471243887099,overlap-0273,"[""481d0d2da1ce4560"", ""5b0701861d85e0a2""]"
https://www.airbnb.com/rooms/1628043119660983572,overlap-0273,"[""481d0d2da1ce4560"", ""5b0701861d85e0a2""]"
https://www.airbnb.com/rooms/1628387394766803882,overlap-0273,"[""481d0d2da1ce4560"", ""5b0701861d85e0a2""]"
https://www.airbnb.com/rooms/1629210353410554074,overlap-0273,"[""481d0d2da1ce4560"", ""5b0701861d85e0a2""]"
https://www.airbnb.com/rooms/1632988966445066947,overlap-0273,"[""481d0d2da1ce4560"", ""5b0701861d85e0a2""]"
https://www.airbnb.com/rooms/1632996293980196099,overlap-0273,"[""481d0d2da1ce4560"", ""5b0701861d85e0a2""]"
https://www.airbnb.com/rooms/1668900208955112475,overlap-0273,"[""481d0d2da1ce4560"", ""5b0701861d85e0a2""]"
https://www.airbnb.com/rooms/1682150568687136059,overlap-0273,"[""481d0d2da1ce4560"", ""5b0701861d85e0a2""]"
https://www.airbnb.com/rooms/1694390061629336902,overlap-0273,"[""481d0d2da1ce4560"", ""5b0701861d85e0a2""]"
https://www.airbnb.com/rooms/1700826419853663284,overlap-0273,"[""481d0d2da1ce4560"", ""5b0701861d85e0a2""]"
https://www.airbnb.com/rooms/1704732090611656518,overlap-0273,"[""481d0d2da1ce4560"", ""5b0701861d85e0a2""]"
https://www.airbnb.com/rooms/1724373115886937418,overlap-0273,"[""481d0d2da1ce4560"", ""5b0701861d85e0a2""]"
https://www.airbnb.com/rooms/1767571794207048802,overlap-0273,"[""481d0d2da1ce4560"", ""5b0701861d85e0a2""]"
https://www.airbnb.com/rooms/1771167575541569639,overlap-0273,"[""481d0d2da1ce4560"", ""5b0701861d85e0a2""]"
https://www.airbnb.com/rooms/19411986,overlap-0273,"[""481d0d2da1ce4560"", ""5b0701861d85e0a2""]"
https://www.airbnb.com/rooms/26996194,overlap-0273,"[""481d0d2da1ce4560"", ""5b0701861d85e0a2""]"
https://www.airbnb.com/rooms/27808053,overlap-0273,"[""481d0d2da1ce4560"", ""5b0701861d85e0a2""]"
https://www.airbnb.com/rooms/28559018,overlap-0273,"[""481d0d2da1ce4560"", ""5b0701861d85e0a2""]"
https://www.airbnb.com/rooms/29389215,overlap-0273,"[""481d0d2da1ce4560"", ""5b0701861d85e0a2""]"
https://www.airbnb.com/rooms/29597526,overlap-0273,"[""481d0d2da1ce4560"", ""5b0701861d85e0a2""]"
https://www.airbnb.com/rooms/30713885,overlap-0273,"[""481d0d2da1ce4560"", ""5b0701861d85e0a2""]"
https://www.airbnb.com/rooms/32857443,overlap-0273,"[""481d0d2da1ce4560"", ""5b0701861d85e0a2""]"
https://www.airbnb.com/rooms/34345055,overlap-0273,"[""481d0d2da1ce4560"", ""5b0701861d85e0a2""]"
https://www.airbnb.com/rooms/35002075,overlap-0273,"[""481d0d2da1ce4560"", ""5b0701861d85e0a2""]"
https://www.airbnb.com/rooms/35002497,overlap-0273,"[""481d0d2da1ce4560"", ""5b0701861d85e0a2""]"
https://www.airbnb.com/rooms/35002753,overlap-0273,"[""481d0d2da1ce4560"", ""5b0701861d85e0a2""]"
https://www.airbnb.com/rooms/37365301,overlap-0273,"[""481d0d2da1ce4560"", ""5b0701861d85e0a2""]"
https://www.airbnb.com/rooms/38388857,overlap-0273,"[""481d0d2da1ce4560"", ""5b0701861d85e0a2""]"
https://www.airbnb.com/rooms/40311241,overlap-0273,"[""481d0d2da1ce4560"", ""5b0701861d85e0a2""]"
https://www.airbnb.com/rooms/42139206,overlap-0273,"[""481d0d2da1ce4560"", ""5b0701861d85e0a2""]"
https://www.airbnb.com/rooms/46122671,overlap-0273,"[""481d0d2da1ce4560"", ""5b0701861d85e0a2""]"
https://www.airbnb.com/rooms/48201854,overlap-0273,"[""481d0d2da1ce4560"", ""5b0701861d85e0a2""]"
https://www.airbnb.com/rooms/48922867,overlap-0273,"[""481d0d2da1ce4560"", ""5b0701861d85e0a2""]"
https://www.airbnb.com/rooms/49210755,overlap-0273,"[""481d0d2da1ce4560"", ""5b0701861d85e0a2""]"
https://www.airbnb.com/rooms/50814177,overlap-0273,"[""481d0d2da1ce4560"", ""5b0701861d85e0a2""]"
https://www.airbnb.com/rooms/51906641,overlap-0273,"[""481d0d2da1ce4560"", ""5b0701861d85e0a2""]"
https://www.airbnb.com/rooms/51957322,overlap-0273,"[""481d0d2da1ce4560"", ""5b0701861d85e0a2""]"
https://www.airbnb.com/rooms/52233340,overlap-0273,"[""481d0d2da1ce4560"", ""5b0701861d85e0a2""]"
https://www.airbnb.com/rooms/52365663,overlap-0273,"[""481d0d2da1ce4560"", ""5b0701861d85e0a2""]"
https://www.airbnb.com/rooms/54195220,overlap-0273,"[""481d0d2da1ce4560"", ""5b0701861d85e0a2""]"
https://www.airbnb.com/rooms/582531701861066313,overlap-0273,"[""481d0d2da1ce4560"", ""5b0701861d85e0a2""]"
https://www.airbnb.com/rooms/590031645725685529,overlap-0273,"[""481d0d2da1ce4560"", ""5b0701861d85e0a2""]"
https://www.airbnb.com/rooms/688223858563410093,overlap-0273,"[""481d0d2da1ce4560"", ""5b0701861d85e0a2""]"
https://www.airbnb.com/rooms/8049698,overlap-0273,"[""481d0d2da1ce4560"", ""5b0701861d85e0a2""]"
https://www.airbnb.com/rooms/812326500213310321,overlap-0273,"[""481d0d2da1ce4560"", ""5b0701861d85e0a2""]"
https://www.airbnb.com/rooms/845603163773522287,overlap-0273,"[""481d0d2da1ce4560"", ""5b0701861d85e0a2""]"
https://www.airbnb.com/rooms/878471750861935217,overlap-0273,"[""481d0d2da1ce4560"", ""5b0701861d85e0a2""]"
https://www.airbnb.com/rooms/885404270355793495,overlap-0273,"[""481d0d2da1ce4560"", ""5b0701861d85e0a2""]"
https://www.airbnb.com/rooms/1060112981295651318,overlap-0274,"[""481d0d2da1ce4560"", ""5b0701861d85e0a2"", ""79a0b85430e711c7"", ""e492281c54b36956""]"
https://www.airbnb.com/rooms/1498807714430060212,overlap-0274,"[""481d0d2da1ce4560"", ""5b0701861d85e0a2"", ""79a0b85430e711c7"", ""e492281c54b36956""]"
https://www.airbnb.com/rooms/35729056,overlap-0274,"[""481d0d2da1ce4560"", ""5b0701861d85e0a2"", ""79a0b85430e711c7"", ""e492281c54b36956""]"
https://www.airbnb.com/rooms/50214932,overlap-0274,"[""481d0d2da1ce4560"", ""5b0701861d85e0a2"", ""79a0b85430e711c7"", ""e492281c54b36956""]"
https://www.airbnb.com/rooms/627546713144679530,overlap-0274,"[""481d0d2da1ce4560"", ""5b0701861d85e0a2"", ""79a0b85430e711c7"", ""e492281c54b36956""]"
https://www.airbnb.com/rooms/742647031095580497,overlap-0274,"[""481d0d2da1ce4560"", ""5b0701861d85e0a2"", ""79a0b85430e711c7"", ""e492281c54b36956""]"
https://www.airbnb.com/rooms/857130305423153215,overlap-0274,"[""481d0d2da1ce4560"", ""5b0701861d85e0a2"", ""79a0b85430e711c7"", ""e492281c54b36956""]"
https://www.airbnb.com/rooms/899297264433089236,overlap-0274,"[""481d0d2da1ce4560"", ""5b0701861d85e0a2"", ""79a0b85430e711c7"", ""e492281c54b36956""]"
https://www.airbnb.com/rooms/922390401598619058,overlap-0274,"[""481d0d2da1ce4560"", ""5b0701861d85e0a2"", ""79a0b85430e711c7"", ""e492281c54b36956""]"
https://www.airbnb.com/rooms/1491449374363943370,overlap-0275,"[""481d0d2da1ce4560"", ""5b0701861d85e0a2"", ""da99138abad74d6d""]"
https://www.airbnb.com/rooms/1571881291479835868,overlap-0275,"[""481d0d2da1ce4560"", ""5b0701861d85e0a2"", ""da99138abad74d6d""]"
https://www.airbnb.com/rooms/1610452698815976249,overlap-0275,"[""481d0d2da1ce4560"", ""5b0701861d85e0a2"", ""da99138abad74d6d""]"
https://www.airbnb.com/rooms/1610454093882945094,overlap-0275,"[""481d0d2da1ce4560"", ""5b0701861d85e0a2"", ""da99138abad74d6d""]"
https://www.airbnb.com/rooms/1610456293766199820,overlap-0275,"[""481d0d2da1ce4560"", ""5b0701861d85e0a2"", ""da99138abad74d6d""]"
https://www.airbnb.com/rooms/1653648522411091020,overlap-0275,"[""481d0d2da1ce4560"", ""5b0701861d85e0a2"", ""da99138abad74d6d""]"
https://www.airbnb.com/rooms/1698866138185074521,overlap-0275,"[""481d0d2da1ce4560"", ""5b0701861d85e0a2"", ""da99138abad74d6d""]"
https://www.airbnb.com/rooms/636153429976177611,overlap-0275,"[""481d0d2da1ce4560"", ""5b0701861d85e0a2"", ""da99138abad74d6d""]"
https://www.airbnb.com/rooms/801471731880516691,overlap-0275,"[""481d0d2da1ce4560"", ""5b0701861d85e0a2"", ""da99138abad74d6d""]"
https://www.airbnb.com/rooms/24910899,overlap-0276,"[""481d0d2da1ce4560"", ""5b0701861d85e0a2"", ""dc3e2682f7d8254b""]"
https://www.airbnb.com/rooms/1655236108110180098,overlap-0277,"[""481d0d2da1ce4560"", ""da99138abad74d6d""]"
https://www.airbnb.com/rooms/43970229,overlap-0277,"[""481d0d2da1ce4560"", ""da99138abad74d6d""]"
https://www.airbnb.com/rooms/900868667149617832,overlap-0277,"[""481d0d2da1ce4560"", ""da99138abad74d6d""]"
https://www.airbnb.com/rooms/1676261123490018247,overlap-0278,"[""48c8c15966f50d05"", ""b2a2cd97066a8a5f""]"
https://www.airbnb.com/rooms/1760220312836187887,overlap-0278,"[""48c8c15966f50d05"", ""b2a2cd97066a8a5f""]"
https://www.airbnb.com/rooms/1303773271197907312,overlap-0279,"[""48c8c15966f50d05"", ""d5adb3024543cc45""]"
https://www.airbnb.com/rooms/6644226,overlap-0279,"[""48c8c15966f50d05"", ""d5adb3024543cc45""]"
https://www.airbnb.com/rooms/6694206,overlap-0279,"[""48c8c15966f50d05"", ""d5adb3024543cc45""]"
https://www.airbnb.com/rooms/1523301029750294656,overlap-0280,"[""48f5dbd22dcdcc25"", ""51d00f5e55595c90""]"
https://www.airbnb.com/rooms/1696686641264621977,overlap-0280,"[""48f5dbd22dcdcc25"", ""51d00f5e55595c90""]"
https://www.airbnb.com/rooms/34543696,overlap-0280,"[""48f5dbd22dcdcc25"", ""51d00f5e55595c90""]"
https://www.airbnb.com/rooms/34780200,overlap-0280,"[""48f5dbd22dcdcc25"", ""51d00f5e55595c90""]"
https://www.airbnb.com/rooms/40378882,overlap-0280,"[""48f5dbd22dcdcc25"", ""51d00f5e55595c90""]"
https://www.airbnb.com/rooms/40379057,overlap-0280,"[""48f5dbd22dcdcc25"", ""51d00f5e55595c90""]"
https://www.airbnb.com/rooms/40420672,overlap-0280,"[""48f5dbd22dcdcc25"", ""51d00f5e55595c90""]"
https://www.airbnb.com/rooms/40466164,overlap-0280,"[""48f5dbd22dcdcc25"", ""51d00f5e55595c90""]"
https://www.airbnb.com/rooms/40466281,overlap-0280,"[""48f5dbd22dcdcc25"", ""51d00f5e55595c90""]"
https://www.airbnb.com/rooms/40466426,overlap-0280,"[""48f5dbd22dcdcc25"", ""51d00f5e55595c90""]"
https://www.airbnb.com/rooms/40466555,overlap-0280,"[""48f5dbd22dcdcc25"", ""51d00f5e55595c90""]"
https://www.airbnb.com/rooms/40466630,overlap-0280,"[""48f5dbd22dcdcc25"", ""51d00f5e55595c90""]"
https://www.airbnb.com/rooms/40466691,overlap-0280,"[""48f5dbd22dcdcc25"", ""51d00f5e55595c90""]"
https://www.airbnb.com/rooms/40466753,overlap-0280,"[""48f5dbd22dcdcc25"", ""51d00f5e55595c90""]"
https://www.airbnb.com/rooms/40466799,overlap-0280,"[""48f5dbd22dcdcc25"", ""51d00f5e55595c90""]"
https://www.airbnb.com/rooms/44738925,overlap-0280,"[""48f5dbd22dcdcc25"", ""51d00f5e55595c90""]"
https://www.airbnb.com/rooms/44739184,overlap-0280,"[""48f5dbd22dcdcc25"", ""51d00f5e55595c90""]"
https://www.airbnb.com/rooms/48928538,overlap-0280,"[""48f5dbd22dcdcc25"", ""51d00f5e55595c90""]"
https://www.airbnb.com/rooms/818960193762341455,overlap-0280,"[""48f5dbd22dcdcc25"", ""51d00f5e55595c90""]"
https://www.airbnb.com/rooms/1513166547094302315,overlap-0281,"[""48f5dbd22dcdcc25"", ""51d00f5e55595c90"", ""e4fb98ec0c223725""]"
https://www.airbnb.com/rooms/1691537038932987711,overlap-0281,"[""48f5dbd22dcdcc25"", ""51d00f5e55595c90"", ""e4fb98ec0c223725""]"
https://www.airbnb.com/rooms/1691539360312704770,overlap-0281,"[""48f5dbd22dcdcc25"", ""51d00f5e55595c90"", ""e4fb98ec0c223725""]"
https://www.airbnb.com/rooms/1696625256823837761,overlap-0281,"[""48f5dbd22dcdcc25"", ""51d00f5e55595c90"", ""e4fb98ec0c223725""]"
https://www.airbnb.com/rooms/1700304867825089231,overlap-0281,"[""48f5dbd22dcdcc25"", ""51d00f5e55595c90"", ""e4fb98ec0c223725""]"
https://www.airbnb.com/rooms/1737268216137717353,overlap-0281,"[""48f5dbd22dcdcc25"", ""51d00f5e55595c90"", ""e4fb98ec0c223725""]"
https://www.airbnb.com/rooms/1739306416569109050,overlap-0281,"[""48f5dbd22dcdcc25"", ""51d00f5e55595c90"", ""e4fb98ec0c223725""]"
https://www.airbnb.com/rooms/1740148258279956767,overlap-0281,"[""48f5dbd22dcdcc25"", ""51d00f5e55595c90"", ""e4fb98ec0c223725""]"
https://www.airbnb.com/rooms/1090686116086847192,overlap-0282,"[""48f5dbd22dcdcc25"", ""e4fb98ec0c223725""]"
https://www.airbnb.com/rooms/1625652215882108295,overlap-0282,"[""48f5dbd22dcdcc25"", ""e4fb98ec0c223725""]"
https://www.airbnb.com/rooms/1625652257049011926,overlap-0282,"[""48f5dbd22dcdcc25"", ""e4fb98ec0c223725""]"
https://www.airbnb.com/rooms/1628503225256235837,overlap-0282,"[""48f5dbd22dcdcc25"", ""e4fb98ec0c223725""]"
https://www.airbnb.com/rooms/1656042354404326530,overlap-0282,"[""48f5dbd22dcdcc25"", ""e4fb98ec0c223725""]"
https://www.airbnb.com/rooms/1664575613911737055,overlap-0282,"[""48f5dbd22dcdcc25"", ""e4fb98ec0c223725""]"
https://www.airbnb.com/rooms/1670644503748320370,overlap-0282,"[""48f5dbd22dcdcc25"", ""e4fb98ec0c223725""]"
https://www.airbnb.com/rooms/1671331996130925188,overlap-0282,"[""48f5dbd22dcdcc25"", ""e4fb98ec0c223725""]"
https://www.airbnb.com/rooms/33017745,overlap-0282,"[""48f5dbd22dcdcc25"", ""e4fb98ec0c223725""]"
https://www.airbnb.com/rooms/577389453865116939,overlap-0283,"[""4b26a6ebb35be579"", ""5074664e53f032ae"", ""78ddd7ba188eb82a""]"
https://www.airbnb.com/rooms/1001380955936444655,overlap-0284,"[""4b26a6ebb35be579"", ""78ddd7ba188eb82a""]"
https://www.airbnb.com/rooms/1059942070793056811,overlap-0284,"[""4b26a6ebb35be579"", ""78ddd7ba188eb82a""]"
https://www.airbnb.com/rooms/1079878472733949818,overlap-0284,"[""4b26a6ebb35be579"", ""78ddd7ba188eb82a""]"
https://www.airbnb.com/rooms/1093474352226178188,overlap-0284,"[""4b26a6ebb35be579"", ""78ddd7ba188eb82a""]"
https://www.airbnb.com/rooms/1110070668148062345,overlap-0284,"[""4b26a6ebb35be579"", ""78ddd7ba188eb82a""]"
https://www.airbnb.com/rooms/1119007312475781079,overlap-0284,"[""4b26a6ebb35be579"", ""78ddd7ba188eb82a""]"
https://www.airbnb.com/rooms/1121017870298497166,overlap-0284,"[""4b26a6ebb35be579"", ""78ddd7ba188eb82a""]"
https://www.airbnb.com/rooms/1137815022899226301,overlap-0284,"[""4b26a6ebb35be579"", ""78ddd7ba188eb82a""]"
https://www.airbnb.com/rooms/1157341343044780857,overlap-0284,"[""4b26a6ebb35be579"", ""78ddd7ba188eb82a""]"
https://www.airbnb.com/rooms/1166949689642960377,overlap-0284,"[""4b26a6ebb35be579"", ""78ddd7ba188eb82a""]"
https://www.airbnb.com/rooms/1171814293865179754,overlap-0284,"[""4b26a6ebb35be579"", ""78ddd7ba188eb82a""]"
https://www.airbnb.com/rooms/1179818380589607752,overlap-0284,"[""4b26a6ebb35be579"", ""78ddd7ba188eb82a""]"
https://www.airbnb.com/rooms/1194133051823584428,overlap-0284,"[""4b26a6ebb35be579"", ""78ddd7ba188eb82a""]"
https://www.airbnb.com/rooms/1194175802916993396,overlap-0284,"[""4b26a6ebb35be579"", ""78ddd7ba188eb82a""]"
https://www.airbnb.com/rooms/1197838057091449358,overlap-0284,"[""4b26a6ebb35be579"", ""78ddd7ba188eb82a""]"
https://www.airbnb.com/rooms/1199515572148369613,overlap-0284,"[""4b26a6ebb35be579"", ""78ddd7ba188eb82a""]"
https://www.airbnb.com/rooms/1205973033489474727,overlap-0284,"[""4b26a6ebb35be579"", ""78ddd7ba188eb82a""]"
https://www.airbnb.com/rooms/1206480238166044949,overlap-0284,"[""4b26a6ebb35be579"", ""78ddd7ba188eb82a""]"
https://www.airbnb.com/rooms/1211709010466528291,overlap-0284,"[""4b26a6ebb35be579"", ""78ddd7ba188eb82a""]"
https://www.airbnb.com/rooms/1212454750262572210,overlap-0284,"[""4b26a6ebb35be579"", ""78ddd7ba188eb82a""]"
https://www.airbnb.com/rooms/1212469260735052486,overlap-0284,"[""4b26a6ebb35be579"", ""78ddd7ba188eb82a""]"
https://www.airbnb.com/rooms/1238252693334949724,overlap-0284,"[""4b26a6ebb35be579"", ""78ddd7ba188eb82a""]"
https://www.airbnb.com/rooms/1247409193835016442,overlap-0284,"[""4b26a6ebb35be579"", ""78ddd7ba188eb82a""]"
https://www.airbnb.com/rooms/1248051761986210506,overlap-0284,"[""4b26a6ebb35be579"", ""78ddd7ba188eb82a""]"
https://www.airbnb.com/rooms/1252218941241695239,overlap-0284,"[""4b26a6ebb35be579"", ""78ddd7ba188eb82a""]"
https://www.airbnb.com/rooms/1253482342755045480,overlap-0284,"[""4b26a6ebb35be579"", ""78ddd7ba188eb82a""]"
https://www.airbnb.com/rooms/1272437175518802477,overlap-0284,"[""4b26a6ebb35be579"", ""78ddd7ba188eb82a""]"
https://www.airbnb.com/rooms/1281180705185530741,overlap-0284,"[""4b26a6ebb35be579"", ""78ddd7ba188eb82a""]"
https://www.airbnb.com/rooms/1284877806954236966,overlap-0284,"[""4b26a6ebb35be579"", ""78ddd7ba188eb82a""]"
https://www.airbnb.com/rooms/1287143885131355297,overlap-0284,"[""4b26a6ebb35be579"", ""78ddd7ba188eb82a""]"
https://www.airbnb.com/rooms/1335062041419810153,overlap-0284,"[""4b26a6ebb35be579"", ""78ddd7ba188eb82a""]"
https://www.airbnb.com/rooms/1340067614659403906,overlap-0284,"[""4b26a6ebb35be579"", ""78ddd7ba188eb82a""]"
https://www.airbnb.com/rooms/1340901839397233102,overlap-0284,"[""4b26a6ebb35be579"", ""78ddd7ba188eb82a""]"
https://www.airbnb.com/rooms/1342901984221209937,overlap-0284,"[""4b26a6ebb35be579"", ""78ddd7ba188eb82a""]"
https://www.airbnb.com/rooms/1343634692931558208,overlap-0284,"[""4b26a6ebb35be579"", ""78ddd7ba188eb82a""]"
https://www.airbnb.com/rooms/1345824469632880282,overlap-0284,"[""4b26a6ebb35be579"", ""78ddd7ba188eb82a""]"
https://www.airbnb.com/rooms/1345874064642722989,overlap-0284,"[""4b26a6ebb35be579"", ""78ddd7ba188eb82a""]"
https://www.airbnb.com/rooms/1346475628817668473,overlap-0284,"[""4b26a6ebb35be579"", ""78ddd7ba188eb82a""]"
https://www.airbnb.com/rooms/1350873354534499208,overlap-0284,"[""4b26a6ebb35be579"", ""78ddd7ba188eb82a""]"
https://www.airbnb.com/rooms/1358856757367371302,overlap-0284,"[""4b26a6ebb35be579"", ""78ddd7ba188eb82a""]"
https://www.airbnb.com/rooms/1369805504091344865,overlap-0284,"[""4b26a6ebb35be579"", ""78ddd7ba188eb82a""]"
https://www.airbnb.com/rooms/1370501922952574402,overlap-0284,"[""4b26a6ebb35be579"", ""78ddd7ba188eb82a""]"
https://www.airbnb.com/rooms/1371243776626861688,overlap-0284,"[""4b26a6ebb35be579"", ""78ddd7ba188eb82a""]"
https://www.airbnb.com/rooms/1389415743447209812,overlap-0284,"[""4b26a6ebb35be579"", ""78ddd7ba188eb82a""]"
https://www.airbnb.com/rooms/1390152567675023223,overlap-0284,"[""4b26a6ebb35be579"", ""78ddd7ba188eb82a""]"
https://www.airbnb.com/rooms/1402920569552771962,overlap-0284,"[""4b26a6ebb35be579"", ""78ddd7ba188eb82a""]"
https://www.airbnb.com/rooms/1406253417319737384,overlap-0284,"[""4b26a6ebb35be579"", ""78ddd7ba188eb82a""]"
https://www.airbnb.com/rooms/1412685602344473101,overlap-0284,"[""4b26a6ebb35be579"", ""78ddd7ba188eb82a""]"
https://www.airbnb.com/rooms/1413978851368465112,overlap-0284,"[""4b26a6ebb35be579"", ""78ddd7ba188eb82a""]"
https://www.airbnb.com/rooms/1419656876989691652,overlap-0284,"[""4b26a6ebb35be579"", ""78ddd7ba188eb82a""]"
https://www.airbnb.com/rooms/1420559575573086076,overlap-0284,"[""4b26a6ebb35be579"", ""78ddd7ba188eb82a""]"
https://www.airbnb.com/rooms/1420884737400249678,overlap-0284,"[""4b26a6ebb35be579"", ""78ddd7ba188eb82a""]"
https://www.airbnb.com/rooms/1423214718628357408,overlap-0284,"[""4b26a6ebb35be579"", ""78ddd7ba188eb82a""]"
https://www.airbnb.com/rooms/1438472956322529960,overlap-0284,"[""4b26a6ebb35be579"", ""78ddd7ba188eb82a""]"
https://www.airbnb.com/rooms/1451767113469682870,overlap-0284,"[""4b26a6ebb35be579"", ""78ddd7ba188eb82a""]"
https://www.airbnb.com/rooms/1453220679333084940,overlap-0284,"[""4b26a6ebb35be579"", ""78ddd7ba188eb82a""]"
https://www.airbnb.com/rooms/1456522033459983833,overlap-0284,"[""4b26a6ebb35be579"", ""78ddd7ba188eb82a""]"
https://www.airbnb.com/rooms/1465394818383122757,overlap-0284,"[""4b26a6ebb35be579"", ""78ddd7ba188eb82a""]"
https://www.airbnb.com/rooms/1472966352958926134,overlap-0284,"[""4b26a6ebb35be579"", ""78ddd7ba188eb82a""]"
https://www.airbnb.com/rooms/1473263923244446877,overlap-0284,"[""4b26a6ebb35be579"", ""78ddd7ba188eb82a""]"
https://www.airbnb.com/rooms/1475671914657141284,overlap-0284,"[""4b26a6ebb35be579"", ""78ddd7ba188eb82a""]"
https://www.airbnb.com/rooms/1480406384240954457,overlap-0284,"[""4b26a6ebb35be579"", ""78ddd7ba188eb82a""]"
https://www.airbnb.com/rooms/1481140610437388412,overlap-0284,"[""4b26a6ebb35be579"", ""78ddd7ba188eb82a""]"
https://www.airbnb.com/rooms/1488592710926000066,overlap-0284,"[""4b26a6ebb35be579"", ""78ddd7ba188eb82a""]"
https://www.airbnb.com/rooms/1503089346038799088,overlap-0284,"[""4b26a6ebb35be579"", ""78ddd7ba188eb82a""]"
https://www.airbnb.com/rooms/1504411153609279947,overlap-0284,"[""4b26a6ebb35be579"", ""78ddd7ba188eb82a""]"
https://www.airbnb.com/rooms/1511737942358028224,overlap-0284,"[""4b26a6ebb35be579"", ""78ddd7ba188eb82a""]"
https://www.airbnb.com/rooms/1512320996375096511,overlap-0284,"[""4b26a6ebb35be579"", ""78ddd7ba188eb82a""]"
https://www.airbnb.com/rooms/1516253334888189900,overlap-0284,"[""4b26a6ebb35be579"", ""78ddd7ba188eb82a""]"
https://www.airbnb.com/rooms/1525519264863057612,overlap-0284,"[""4b26a6ebb35be579"", ""78ddd7ba188eb82a""]"
https://www.airbnb.com/rooms/1538947351775242212,overlap-0284,"[""4b26a6ebb35be579"", ""78ddd7ba188eb82a""]"
https://www.airbnb.com/rooms/1540006838691162611,overlap-0284,"[""4b26a6ebb35be579"", ""78ddd7ba188eb82a""]"
https://www.airbnb.com/rooms/1540106548958648865,overlap-0284,"[""4b26a6ebb35be579"", ""78ddd7ba188eb82a""]"
https://www.airbnb.com/rooms/1541642397541213131,overlap-0284,"[""4b26a6ebb35be579"", ""78ddd7ba188eb82a""]"
https://www.airbnb.com/rooms/1546624088169252173,overlap-0284,"[""4b26a6ebb35be579"", ""78ddd7ba188eb82a""]"
https://www.airbnb.com/rooms/1563419401490751537,overlap-0284,"[""4b26a6ebb35be579"", ""78ddd7ba188eb82a""]"
https://www.airbnb.com/rooms/1565443957528777246,overlap-0284,"[""4b26a6ebb35be579"", ""78ddd7ba188eb82a""]"
https://www.airbnb.com/rooms/1566913625318360985,overlap-0284,"[""4b26a6ebb35be579"", ""78ddd7ba188eb82a""]"
https://www.airbnb.com/rooms/1567018084897639664,overlap-0284,"[""4b26a6ebb35be579"", ""78ddd7ba188eb82a""]"
https://www.airbnb.com/rooms/1570626414033389880,overlap-0284,"[""4b26a6ebb35be579"", ""78ddd7ba188eb82a""]"
https://www.airbnb.com/rooms/1574157207468116577,overlap-0284,"[""4b26a6ebb35be579"", ""78ddd7ba188eb82a""]"
https://www.airbnb.com/rooms/1578627047655322936,overlap-0284,"[""4b26a6ebb35be579"", ""78ddd7ba188eb82a""]"
https://www.airbnb.com/rooms/1579202581188850326,overlap-0284,"[""4b26a6ebb35be579"", ""78ddd7ba188eb82a""]"
https://www.airbnb.com/rooms/1606818356096372146,overlap-0284,"[""4b26a6ebb35be579"", ""78ddd7ba188eb82a""]"
https://www.airbnb.com/rooms/1613871833262775631,overlap-0284,"[""4b26a6ebb35be579"", ""78ddd7ba188eb82a""]"
https://www.airbnb.com/rooms/1618411607877526783,overlap-0284,"[""4b26a6ebb35be579"", ""78ddd7ba188eb82a""]"
https://www.airbnb.com/rooms/1618430595571640009,overlap-0284,"[""4b26a6ebb35be579"", ""78ddd7ba188eb82a""]"
https://www.airbnb.com/rooms/1622622759148600180,overlap-0284,"[""4b26a6ebb35be579"", ""78ddd7ba188eb82a""]"
https://www.airbnb.com/rooms/1629765930736690948,overlap-0284,"[""4b26a6ebb35be579"", ""78ddd7ba188eb82a""]"
https://www.airbnb.com/rooms/1638522110400023176,overlap-0284,"[""4b26a6ebb35be579"", ""78ddd7ba188eb82a""]"
https://www.airbnb.com/rooms/1639349997485320208,overlap-0284,"[""4b26a6ebb35be579"", ""78ddd7ba188eb82a""]"
https://www.airbnb.com/rooms/1653944690194040835,overlap-0284,"[""4b26a6ebb35be579"", ""78ddd7ba188eb82a""]"
https://www.airbnb.com/rooms/1656188178256983423,overlap-0284,"[""4b26a6ebb35be579"", ""78ddd7ba188eb82a""]"
https://www.airbnb.com/rooms/1658175450748243352,overlap-0284,"[""4b26a6ebb35be579"", ""78ddd7ba188eb82a""]"
https://www.airbnb.com/rooms/1658229454381638339,overlap-0284,"[""4b26a6ebb35be579"", ""78ddd7ba188eb82a""]"
https://www.airbnb.com/rooms/1658272865032421404,overlap-0284,"[""4b26a6ebb35be579"", ""78ddd7ba188eb82a""]"
https://www.airbnb.com/rooms/1658978025936591632,overlap-0284,"[""4b26a6ebb35be579"", ""78ddd7ba188eb82a""]"
https://www.airbnb.com/rooms/1660534454442394001,overlap-0284,"[""4b26a6ebb35be579"", ""78ddd7ba188eb82a""]"
https://www.airbnb.com/rooms/1664035201695337095,overlap-0284,"[""4b26a6ebb35be579"", ""78ddd7ba188eb82a""]"
https://www.airbnb.com/rooms/1671494928278288179,overlap-0284,"[""4b26a6ebb35be579"", ""78ddd7ba188eb82a""]"
https://www.airbnb.com/rooms/1687018497916257959,overlap-0284,"[""4b26a6ebb35be579"", ""78ddd7ba188eb82a""]"
https://www.airbnb.com/rooms/1703588774277304395,overlap-0284,"[""4b26a6ebb35be579"", ""78ddd7ba188eb82a""]"
https://www.airbnb.com/rooms/1704640275088008475,overlap-0284,"[""4b26a6ebb35be579"", ""78ddd7ba188eb82a""]"
https://www.airbnb.com/rooms/1710949306226141052,overlap-0284,"[""4b26a6ebb35be579"", ""78ddd7ba188eb82a""]"
https://www.airbnb.com/rooms/1714358775735022211,overlap-0284,"[""4b26a6ebb35be579"", ""78ddd7ba188eb82a""]"
https://www.airbnb.com/rooms/1716077280499615009,overlap-0284,"[""4b26a6ebb35be579"", ""78ddd7ba188eb82a""]"
https://www.airbnb.com/rooms/1718439601905887823,overlap-0284,"[""4b26a6ebb35be579"", ""78ddd7ba188eb82a""]"
https://www.airbnb.com/rooms/1726969031524730486,overlap-0284,"[""4b26a6ebb35be579"", ""78ddd7ba188eb82a""]"
https://www.airbnb.com/rooms/1743698567129528922,overlap-0284,"[""4b26a6ebb35be579"", ""78ddd7ba188eb82a""]"
https://www.airbnb.com/rooms/1751539196601895500,overlap-0284,"[""4b26a6ebb35be579"", ""78ddd7ba188eb82a""]"
https://www.airbnb.com/rooms/1753719910338447879,overlap-0284,"[""4b26a6ebb35be579"", ""78ddd7ba188eb82a""]"
https://www.airbnb.com/rooms/1754421289372445677,overlap-0284,"[""4b26a6ebb35be579"", ""78ddd7ba188eb82a""]"
https://www.airbnb.com/rooms/1771126804790748956,overlap-0284,"[""4b26a6ebb35be579"", ""78ddd7ba188eb82a""]"
https://www.airbnb.com/rooms/1773464541700635371,overlap-0284,"[""4b26a6ebb35be579"", ""78ddd7ba188eb82a""]"
https://www.airbnb.com/rooms/1778528959326730554,overlap-0284,"[""4b26a6ebb35be579"", ""78ddd7ba188eb82a""]"
https://www.airbnb.com/rooms/41878338,overlap-0284,"[""4b26a6ebb35be579"", ""78ddd7ba188eb82a""]"
https://www.airbnb.com/rooms/42519166,overlap-0284,"[""4b26a6ebb35be579"", ""78ddd7ba188eb82a""]"
https://www.airbnb.com/rooms/44071178,overlap-0284,"[""4b26a6ebb35be579"", ""78ddd7ba188eb82a""]"
https://www.airbnb.com/rooms/49485615,overlap-0284,"[""4b26a6ebb35be579"", ""78ddd7ba188eb82a""]"
https://www.airbnb.com/rooms/49513826,overlap-0284,"[""4b26a6ebb35be579"", ""78ddd7ba188eb82a""]"
https://www.airbnb.com/rooms/49945924,overlap-0284,"[""4b26a6ebb35be579"", ""78ddd7ba188eb82a""]"
https://www.airbnb.com/rooms/52594217,overlap-0284,"[""4b26a6ebb35be579"", ""78ddd7ba188eb82a""]"
https://www.airbnb.com/rooms/53864017,overlap-0284,"[""4b26a6ebb35be579"", ""78ddd7ba188eb82a""]"
https://www.airbnb.com/rooms/54293197,overlap-0284,"[""4b26a6ebb35be579"", ""78ddd7ba188eb82a""]"
https://www.airbnb.com/rooms/554429675255632025,overlap-0284,"[""4b26a6ebb35be579"", ""78ddd7ba188eb82a""]"
https://www.airbnb.com/rooms/560117787898033346,overlap-0284,"[""4b26a6ebb35be579"", ""78ddd7ba188eb82a""]"
https://www.airbnb.com/rooms/760795387972659439,overlap-0284,"[""4b26a6ebb35be579"", ""78ddd7ba188eb82a""]"
https://www.airbnb.com/rooms/761628149821536717,overlap-0284,"[""4b26a6ebb35be579"", ""78ddd7ba188eb82a""]"
https://www.airbnb.com/rooms/761645263077819204,overlap-0284,"[""4b26a6ebb35be579"", ""78ddd7ba188eb82a""]"
https://www.airbnb.com/rooms/761647784225875908,overlap-0284,"[""4b26a6ebb35be579"", ""78ddd7ba188eb82a""]"
https://www.airbnb.com/rooms/770320003270085942,overlap-0284,"[""4b26a6ebb35be579"", ""78ddd7ba188eb82a""]"
https://www.airbnb.com/rooms/770322354316585681,overlap-0284,"[""4b26a6ebb35be579"", ""78ddd7ba188eb82a""]"
https://www.airbnb.com/rooms/770323970540595053,overlap-0284,"[""4b26a6ebb35be579"", ""78ddd7ba188eb82a""]"
https://www.airbnb.com/rooms/770327832921082277,overlap-0284,"[""4b26a6ebb35be579"", ""78ddd7ba188eb82a""]"
https://www.airbnb.com/rooms/770329181952729390,overlap-0284,"[""4b26a6ebb35be579"", ""78ddd7ba188eb82a""]"
https://www.airbnb.com/rooms/773820951645995634,overlap-0284,"[""4b26a6ebb35be579"", ""78ddd7ba188eb82a""]"
https://www.airbnb.com/rooms/773835157058949008,overlap-0284,"[""4b26a6ebb35be579"", ""78ddd7ba188eb82a""]"
https://www.airbnb.com/rooms/773862123070478091,overlap-0284,"[""4b26a6ebb35be579"", ""78ddd7ba188eb82a""]"
https://www.airbnb.com/rooms/773867548208046674,overlap-0284,"[""4b26a6ebb35be579"", ""78ddd7ba188eb82a""]"
https://www.airbnb.com/rooms/773871910225827657,overlap-0284,"[""4b26a6ebb35be579"", ""78ddd7ba188eb82a""]"
https://www.airbnb.com/rooms/781337906824914582,overlap-0284,"[""4b26a6ebb35be579"", ""78ddd7ba188eb82a""]"
https://www.airbnb.com/rooms/781349842275236754,overlap-0284,"[""4b26a6ebb35be579"", ""78ddd7ba188eb82a""]"
https://www.airbnb.com/rooms/781784785234922743,overlap-0284,"[""4b26a6ebb35be579"", ""78ddd7ba188eb82a""]"
https://www.airbnb.com/rooms/781795947906002071,overlap-0284,"[""4b26a6ebb35be579"", ""78ddd7ba188eb82a""]"
https://www.airbnb.com/rooms/786087507904827238,overlap-0284,"[""4b26a6ebb35be579"", ""78ddd7ba188eb82a""]"
https://www.airbnb.com/rooms/786102181041983214,overlap-0284,"[""4b26a6ebb35be579"", ""78ddd7ba188eb82a""]"
https://www.airbnb.com/rooms/786108876289338247,overlap-0284,"[""4b26a6ebb35be579"", ""78ddd7ba188eb82a""]"
https://www.airbnb.com/rooms/786137144000587818,overlap-0284,"[""4b26a6ebb35be579"", ""78ddd7ba188eb82a""]"
https://www.airbnb.com/rooms/792235789856857040,overlap-0284,"[""4b26a6ebb35be579"", ""78ddd7ba188eb82a""]"
https://www.airbnb.com/rooms/792956172139634710,overlap-0284,"[""4b26a6ebb35be579"", ""78ddd7ba188eb82a""]"
https://www.airbnb.com/rooms/824006085519898959,overlap-0284,"[""4b26a6ebb35be579"", ""78ddd7ba188eb82a""]"
https://www.airbnb.com/rooms/880563862706995099,overlap-0284,"[""4b26a6ebb35be579"", ""78ddd7ba188eb82a""]"
https://www.airbnb.com/rooms/903479489945306221,overlap-0284,"[""4b26a6ebb35be579"", ""78ddd7ba188eb82a""]"
https://www.airbnb.com/rooms/955265783076209013,overlap-0284,"[""4b26a6ebb35be579"", ""78ddd7ba188eb82a""]"
https://www.airbnb.com/rooms/982557694102831338,overlap-0284,"[""4b26a6ebb35be579"", ""78ddd7ba188eb82a""]"
https://www.airbnb.com/rooms/989917564645018911,overlap-0284,"[""4b26a6ebb35be579"", ""78ddd7ba188eb82a""]"
https://www.airbnb.com/rooms/1056126306035378134,overlap-0285,"[""4b26a6ebb35be579"", ""78ddd7ba188eb82a"", ""addfec9441440910""]"
https://www.airbnb.com/rooms/1044501316864893626,overlap-0286,"[""4b26a6ebb35be579"", ""78ddd7ba188eb82a"", ""addfec9441440910"", ""b42ae160c48ecc77"", ""c93854c0298242ef""]"
https://www.airbnb.com/rooms/1543729753219706789,overlap-0287,"[""4b26a6ebb35be579"", ""addfec9441440910""]"
https://www.airbnb.com/rooms/1531236056155823275,overlap-0288,"[""4b26a6ebb35be579"", ""addfec9441440910"", ""b42ae160c48ecc77"", ""c93854c0298242ef""]"
https://www.airbnb.com/rooms/1673912586913157346,overlap-0288,"[""4b26a6ebb35be579"", ""addfec9441440910"", ""b42ae160c48ecc77"", ""c93854c0298242ef""]"
https://www.airbnb.com/rooms/1779968040905737724,overlap-0288,"[""4b26a6ebb35be579"", ""addfec9441440910"", ""b42ae160c48ecc77"", ""c93854c0298242ef""]"
https://www.airbnb.com/rooms/53171520,overlap-0288,"[""4b26a6ebb35be579"", ""addfec9441440910"", ""b42ae160c48ecc77"", ""c93854c0298242ef""]"
https://www.airbnb.com/rooms/1580628636047693703,overlap-0289,"[""4b26a6ebb35be579"", ""addfec9441440910"", ""dfe727fa505246b0""]"
https://www.airbnb.com/rooms/1034111984329698996,overlap-0290,"[""4b26a6ebb35be579"", ""dfe727fa505246b0""]"
https://www.airbnb.com/rooms/1404670068192673347,overlap-0290,"[""4b26a6ebb35be579"", ""dfe727fa505246b0""]"
https://www.airbnb.com/rooms/1674876627784839939,overlap-0290,"[""4b26a6ebb35be579"", ""dfe727fa505246b0""]"
https://www.airbnb.com/rooms/1694943962474898359,overlap-0290,"[""4b26a6ebb35be579"", ""dfe727fa505246b0""]"
https://www.airbnb.com/rooms/1699315790099112041,overlap-0290,"[""4b26a6ebb35be579"", ""dfe727fa505246b0""]"
https://www.airbnb.com/rooms/1703922901097975549,overlap-0290,"[""4b26a6ebb35be579"", ""dfe727fa505246b0""]"
https://www.airbnb.com/rooms/11820786,overlap-0291,"[""4bebeeb65a19e391"", ""aba12012421006a5""]"
https://www.airbnb.com/rooms/1228372177905773073,overlap-0291,"[""4bebeeb65a19e391"", ""aba12012421006a5""]"
https://www.airbnb.com/rooms/1433487176936239927,overlap-0291,"[""4bebeeb65a19e391"", ""aba12012421006a5""]"
https://www.airbnb.com/rooms/1528347042037778849,overlap-0291,"[""4bebeeb65a19e391"", ""aba12012421006a5""]"
https://www.airbnb.com/rooms/1597278417838651313,overlap-0291,"[""4bebeeb65a19e391"", ""aba12012421006a5""]"
https://www.airbnb.com/rooms/1597281110338717502,overlap-0291,"[""4bebeeb65a19e391"", ""aba12012421006a5""]"
https://www.airbnb.com/rooms/1724238037341446195,overlap-0291,"[""4bebeeb65a19e391"", ""aba12012421006a5""]"
https://www.airbnb.com/rooms/1724238914357851326,overlap-0291,"[""4bebeeb65a19e391"", ""aba12012421006a5""]"
https://www.airbnb.com/rooms/1724860413607313917,overlap-0291,"[""4bebeeb65a19e391"", ""aba12012421006a5""]"
https://www.airbnb.com/rooms/27450078,overlap-0291,"[""4bebeeb65a19e391"", ""aba12012421006a5""]"
https://www.airbnb.com/rooms/2908364,overlap-0291,"[""4bebeeb65a19e391"", ""aba12012421006a5""]"
https://www.airbnb.com/rooms/33488385,overlap-0291,"[""4bebeeb65a19e391"", ""aba12012421006a5""]"
https://www.airbnb.com/rooms/46063195,overlap-0291,"[""4bebeeb65a19e391"", ""aba12012421006a5""]"
https://www.airbnb.com/rooms/46179185,overlap-0291,"[""4bebeeb65a19e391"", ""aba12012421006a5""]"
https://www.airbnb.com/rooms/46525471,overlap-0291,"[""4bebeeb65a19e391"", ""aba12012421006a5""]"
https://www.airbnb.com/rooms/47199707,overlap-0291,"[""4bebeeb65a19e391"", ""aba12012421006a5""]"
https://www.airbnb.com/rooms/47546535,overlap-0291,"[""4bebeeb65a19e391"", ""aba12012421006a5""]"
https://www.airbnb.com/rooms/1639333657729025385,overlap-0292,"[""4f36f8097d67fa78"", ""51d00f5e55595c90"", ""6114540fb27209fd""]"
https://www.airbnb.com/rooms/1639495316051980303,overlap-0292,"[""4f36f8097d67fa78"", ""51d00f5e55595c90"", ""6114540fb27209fd""]"
https://www.airbnb.com/rooms/1070501239497998844,overlap-0293,"[""4f36f8097d67fa78"", ""51d00f5e55595c90"", ""6114540fb27209fd"", ""dfe309bbe4e215ac""]"
https://www.airbnb.com/rooms/1199574705241365600,overlap-0293,"[""4f36f8097d67fa78"", ""51d00f5e55595c90"", ""6114540fb27209fd"", ""dfe309bbe4e215ac""]"
https://www.airbnb.com/rooms/1676124715635807024,overlap-0293,"[""4f36f8097d67fa78"", ""51d00f5e55595c90"", ""6114540fb27209fd"", ""dfe309bbe4e215ac""]"
https://www.airbnb.com/rooms/1708707233867703336,overlap-0293,"[""4f36f8097d67fa78"", ""51d00f5e55595c90"", ""6114540fb27209fd"", ""dfe309bbe4e215ac""]"
https://www.airbnb.com/rooms/48865689,overlap-0293,"[""4f36f8097d67fa78"", ""51d00f5e55595c90"", ""6114540fb27209fd"", ""dfe309bbe4e215ac""]"
https://www.airbnb.com/rooms/51427709,overlap-0293,"[""4f36f8097d67fa78"", ""51d00f5e55595c90"", ""6114540fb27209fd"", ""dfe309bbe4e215ac""]"
https://www.airbnb.com/rooms/52164196,overlap-0293,"[""4f36f8097d67fa78"", ""51d00f5e55595c90"", ""6114540fb27209fd"", ""dfe309bbe4e215ac""]"
https://www.airbnb.com/rooms/1639343316690560687,overlap-0294,"[""4f36f8097d67fa78"", ""6114540fb27209fd""]"
https://www.airbnb.com/rooms/1639348967668759086,overlap-0294,"[""4f36f8097d67fa78"", ""6114540fb27209fd""]"
https://www.airbnb.com/rooms/1639515488888535060,overlap-0294,"[""4f36f8097d67fa78"", ""6114540fb27209fd""]"
https://www.airbnb.com/rooms/677676394561689273,overlap-0294,"[""4f36f8097d67fa78"", ""6114540fb27209fd""]"
https://www.airbnb.com/rooms/1639324454449584587,overlap-0295,"[""4f36f8097d67fa78"", ""6114540fb27209fd"", ""748fa7a260745e97"", ""ec90185c250eb407""]"
https://www.airbnb.com/rooms/1639335717663693945,overlap-0295,"[""4f36f8097d67fa78"", ""6114540fb27209fd"", ""748fa7a260745e97"", ""ec90185c250eb407""]"
https://www.airbnb.com/rooms/1639341385029699520,overlap-0295,"[""4f36f8097d67fa78"", ""6114540fb27209fd"", ""748fa7a260745e97"", ""ec90185c250eb407""]"
https://www.airbnb.com/rooms/1639344901092259840,overlap-0295,"[""4f36f8097d67fa78"", ""6114540fb27209fd"", ""748fa7a260745e97"", ""ec90185c250eb407""]"
https://www.airbnb.com/rooms/32268160,overlap-0296,"[""4f36f8097d67fa78"", ""6114540fb27209fd"", ""dfe309bbe4e215ac""]"
https://www.airbnb.com/rooms/32567363,overlap-0296,"[""4f36f8097d67fa78"", ""6114540fb27209fd"", ""dfe309bbe4e215ac""]"
https://www.airbnb.com/rooms/32568199,overlap-0296,"[""4f36f8097d67fa78"", ""6114540fb27209fd"", ""dfe309bbe4e215ac""]"
https://www.airbnb.com/rooms/32568417,overlap-0296,"[""4f36f8097d67fa78"", ""6114540fb27209fd"", ""dfe309bbe4e215ac""]"
https://www.airbnb.com/rooms/32568787,overlap-0296,"[""4f36f8097d67fa78"", ""6114540fb27209fd"", ""dfe309bbe4e215ac""]"
https://www.airbnb.com/rooms/32568906,overlap-0296,"[""4f36f8097d67fa78"", ""6114540fb27209fd"", ""dfe309bbe4e215ac""]"
https://www.airbnb.com/rooms/45056960,overlap-0296,"[""4f36f8097d67fa78"", ""6114540fb27209fd"", ""dfe309bbe4e215ac""]"
https://www.airbnb.com/rooms/1128856385827422792,overlap-0297,"[""4f36f8097d67fa78"", ""dfe309bbe4e215ac""]"
https://www.airbnb.com/rooms/1543655650587523126,overlap-0297,"[""4f36f8097d67fa78"", ""dfe309bbe4e215ac""]"
https://www.airbnb.com/rooms/1639337926179854740,overlap-0298,"[""4f36f8097d67fa78"", ""ec90185c250eb407""]"
https://www.airbnb.com/rooms/1639339985005481610,overlap-0298,"[""4f36f8097d67fa78"", ""ec90185c250eb407""]"
https://www.airbnb.com/rooms/1639341510974520865,overlap-0298,"[""4f36f8097d67fa78"", ""ec90185c250eb407""]"
https://www.airbnb.com/rooms/1639506287358077703,overlap-0298,"[""4f36f8097d67fa78"", ""ec90185c250eb407""]"
https://www.airbnb.com/rooms/1639513238817642922,overlap-0298,"[""4f36f8097d67fa78"", ""ec90185c250eb407""]"
https://www.airbnb.com/rooms/1699229468095494009,overlap-0298,"[""4f36f8097d67fa78"", ""ec90185c250eb407""]"
https://www.airbnb.com/rooms/882504559487575911,overlap-0298,"[""4f36f8097d67fa78"", ""ec90185c250eb407""]"
https://www.airbnb.com/rooms/1108002013255541597,overlap-0299,"[""4f5220b19b4f6ee8"", ""c0832024cd7fc956""]"
https://www.airbnb.com/rooms/1592830530926352796,overlap-0299,"[""4f5220b19b4f6ee8"", ""c0832024cd7fc956""]"
https://www.airbnb.com/rooms/1628404419894557283,overlap-0299,"[""4f5220b19b4f6ee8"", ""c0832024cd7fc956""]"
https://www.airbnb.com/rooms/1640030566542843324,overlap-0299,"[""4f5220b19b4f6ee8"", ""c0832024cd7fc956""]"
https://www.airbnb.com/rooms/554432916006178318,overlap-0299,"[""4f5220b19b4f6ee8"", ""c0832024cd7fc956""]"
https://www.airbnb.com/rooms/734612410574969619,overlap-0299,"[""4f5220b19b4f6ee8"", ""c0832024cd7fc956""]"
https://www.airbnb.com/rooms/1335652818454265845,overlap-0300,"[""5074664e53f032ae"", ""78ddd7ba188eb82a""]"
https://www.airbnb.com/rooms/48873110,overlap-0300,"[""5074664e53f032ae"", ""78ddd7ba188eb82a""]"
https://www.airbnb.com/rooms/1540874665080462296,overlap-0301,"[""5074664e53f032ae"", ""78ddd7ba188eb82a"", ""addfec9441440910""]"
https://www.airbnb.com/rooms/694196859564093298,overlap-0301,"[""5074664e53f032ae"", ""78ddd7ba188eb82a"", ""addfec9441440910""]"
https://www.airbnb.com/rooms/1378535901266492971,overlap-0302,"[""5074664e53f032ae"", ""78ddd7ba188eb82a"", ""addfec9441440910"", ""b42ae160c48ecc77"", ""c93854c0298242ef""]"
https://www.airbnb.com/rooms/1027516925896975941,overlap-0303,"[""5074664e53f032ae"", ""78ddd7ba188eb82a"", ""addfec9441440910"", ""e689c59e8509269a"", ""ea5393d3ae4191cb""]"
https://www.airbnb.com/rooms/1648926551279025330,overlap-0304,"[""5074664e53f032ae"", ""78ddd7ba188eb82a"", ""e689c59e8509269a""]"
https://www.airbnb.com/rooms/44013200,overlap-0304,"[""5074664e53f032ae"", ""78ddd7ba188eb82a"", ""e689c59e8509269a""]"
https://www.airbnb.com/rooms/1140668405248976647,overlap-0305,"[""51d00f5e55595c90"", ""6114540fb27209fd""]"
https://www.airbnb.com/rooms/1141399465885510077,overlap-0305,"[""51d00f5e55595c90"", ""6114540fb27209fd""]"
https://www.airbnb.com/rooms/1141424169456314387,overlap-0305,"[""51d00f5e55595c90"", ""6114540fb27209fd""]"
https://www.airbnb.com/rooms/1142148268623294757,overlap-0305,"[""51d00f5e55595c90"", ""6114540fb27209fd""]"
https://www.airbnb.com/rooms/1243498081406461760,overlap-0305,"[""51d00f5e55595c90"", ""6114540fb27209fd""]"
https://www.airbnb.com/rooms/1244211474752750263,overlap-0305,"[""51d00f5e55595c90"", ""6114540fb27209fd""]"
https://www.airbnb.com/rooms/1279721270662322608,overlap-0305,"[""51d00f5e55595c90"", ""6114540fb27209fd""]"
https://www.airbnb.com/rooms/1282781804197409914,overlap-0305,"[""51d00f5e55595c90"", ""6114540fb27209fd""]"
https://www.airbnb.com/rooms/19097922,overlap-0305,"[""51d00f5e55595c90"", ""6114540fb27209fd""]"
https://www.airbnb.com/rooms/21723405,overlap-0305,"[""51d00f5e55595c90"", ""6114540fb27209fd""]"
https://www.airbnb.com/rooms/23060442,overlap-0305,"[""51d00f5e55595c90"", ""6114540fb27209fd""]"
https://www.airbnb.com/rooms/23450038,overlap-0305,"[""51d00f5e55595c90"", ""6114540fb27209fd""]"
https://www.airbnb.com/rooms/24515023,overlap-0305,"[""51d00f5e55595c90"", ""6114540fb27209fd""]"
https://www.airbnb.com/rooms/25076538,overlap-0305,"[""51d00f5e55595c90"", ""6114540fb27209fd""]"
https://www.airbnb.com/rooms/28864803,overlap-0305,"[""51d00f5e55595c90"", ""6114540fb27209fd""]"
https://www.airbnb.com/rooms/29899487,overlap-0305,"[""51d00f5e55595c90"", ""6114540fb27209fd""]"
https://www.airbnb.com/rooms/35575172,overlap-0305,"[""51d00f5e55595c90"", ""6114540fb27209fd""]"
https://www.airbnb.com/rooms/37563890,overlap-0305,"[""51d00f5e55595c90"", ""6114540fb27209fd""]"
https://www.airbnb.com/rooms/38518469,overlap-0305,"[""51d00f5e55595c90"", ""6114540fb27209fd""]"
https://www.airbnb.com/rooms/38904250,overlap-0305,"[""51d00f5e55595c90"", ""6114540fb27209fd""]"
https://www.airbnb.com/rooms/39466025,overlap-0305,"[""51d00f5e55595c90"", ""6114540fb27209fd""]"
https://www.airbnb.com/rooms/41173021,overlap-0305,"[""51d00f5e55595c90"", ""6114540fb27209fd""]"
https://www.airbnb.com/rooms/41181460,overlap-0305,"[""51d00f5e55595c90"", ""6114540fb27209fd""]"
https://www.airbnb.com/rooms/42114539,overlap-0305,"[""51d00f5e55595c90"", ""6114540fb27209fd""]"
https://www.airbnb.com/rooms/578961008958894971,overlap-0305,"[""51d00f5e55595c90"", ""6114540fb27209fd""]"
https://www.airbnb.com/rooms/594199256913973545,overlap-0305,"[""51d00f5e55595c90"", ""6114540fb27209fd""]"
https://www.airbnb.com/rooms/782596909296126095,overlap-0305,"[""51d00f5e55595c90"", ""6114540fb27209fd""]"
https://www.airbnb.com/rooms/848410965598301414,overlap-0305,"[""51d00f5e55595c90"", ""6114540fb27209fd""]"
https://www.airbnb.com/rooms/1027684237791698737,overlap-0306,"[""51d00f5e55595c90"", ""6114540fb27209fd"", ""dfe309bbe4e215ac""]"
https://www.airbnb.com/rooms/1358946516456104633,overlap-0307,"[""51d00f5e55595c90"", ""cd62d329833583f5""]"
https://www.airbnb.com/rooms/1358946561848182884,overlap-0307,"[""51d00f5e55595c90"", ""cd62d329833583f5""]"
https://www.airbnb.com/rooms/1648016028033645308,overlap-0307,"[""51d00f5e55595c90"", ""cd62d329833583f5""]"
https://www.airbnb.com/rooms/1658182485043946969,overlap-0307,"[""51d00f5e55595c90"", ""cd62d329833583f5""]"
https://www.airbnb.com/rooms/1659541180531924917,overlap-0307,"[""51d00f5e55595c90"", ""cd62d329833583f5""]"
https://www.airbnb.com/rooms/25828359,overlap-0307,"[""51d00f5e55595c90"", ""cd62d329833583f5""]"
https://www.airbnb.com/rooms/27432114,overlap-0307,"[""51d00f5e55595c90"", ""cd62d329833583f5""]"
https://www.airbnb.com/rooms/40561554,overlap-0307,"[""51d00f5e55595c90"", ""cd62d329833583f5""]"
https://www.airbnb.com/rooms/40586218,overlap-0307,"[""51d00f5e55595c90"", ""cd62d329833583f5""]"
https://www.airbnb.com/rooms/40588284,overlap-0307,"[""51d00f5e55595c90"", ""cd62d329833583f5""]"
https://www.airbnb.com/rooms/40588289,overlap-0307,"[""51d00f5e55595c90"", ""cd62d329833583f5""]"
https://www.airbnb.com/rooms/40588371,overlap-0307,"[""51d00f5e55595c90"", ""cd62d329833583f5""]"
https://www.airbnb.com/rooms/40588380,overlap-0307,"[""51d00f5e55595c90"", ""cd62d329833583f5""]"
https://www.airbnb.com/rooms/40588387,overlap-0307,"[""51d00f5e55595c90"", ""cd62d329833583f5""]"
https://www.airbnb.com/rooms/40588395,overlap-0307,"[""51d00f5e55595c90"", ""cd62d329833583f5""]"
https://www.airbnb.com/rooms/40588399,overlap-0307,"[""51d00f5e55595c90"", ""cd62d329833583f5""]"
https://www.airbnb.com/rooms/40588408,overlap-0307,"[""51d00f5e55595c90"", ""cd62d329833583f5""]"
https://www.airbnb.com/rooms/40588412,overlap-0307,"[""51d00f5e55595c90"", ""cd62d329833583f5""]"
https://www.airbnb.com/rooms/40588429,overlap-0307,"[""51d00f5e55595c90"", ""cd62d329833583f5""]"
https://www.airbnb.com/rooms/40588436,overlap-0307,"[""51d00f5e55595c90"", ""cd62d329833583f5""]"
https://www.airbnb.com/rooms/40588442,overlap-0307,"[""51d00f5e55595c90"", ""cd62d329833583f5""]"
https://www.airbnb.com/rooms/40588449,overlap-0307,"[""51d00f5e55595c90"", ""cd62d329833583f5""]"
https://www.airbnb.com/rooms/1143591284084715336,overlap-0308,"[""51d00f5e55595c90"", ""cd62d329833583f5"", ""dacbe4fa740d57a3"", ""e4fb98ec0c223725""]"
https://www.airbnb.com/rooms/1268163037795388460,overlap-0308,"[""51d00f5e55595c90"", ""cd62d329833583f5"", ""dacbe4fa740d57a3"", ""e4fb98ec0c223725""]"
https://www.airbnb.com/rooms/1499456791157222867,overlap-0308,"[""51d00f5e55595c90"", ""cd62d329833583f5"", ""dacbe4fa740d57a3"", ""e4fb98ec0c223725""]"
https://www.airbnb.com/rooms/1501123841807313072,overlap-0308,"[""51d00f5e55595c90"", ""cd62d329833583f5"", ""dacbe4fa740d57a3"", ""e4fb98ec0c223725""]"
https://www.airbnb.com/rooms/1622717303676146839,overlap-0308,"[""51d00f5e55595c90"", ""cd62d329833583f5"", ""dacbe4fa740d57a3"", ""e4fb98ec0c223725""]"
https://www.airbnb.com/rooms/1644623580846937166,overlap-0308,"[""51d00f5e55595c90"", ""cd62d329833583f5"", ""dacbe4fa740d57a3"", ""e4fb98ec0c223725""]"
https://www.airbnb.com/rooms/1750957516610898550,overlap-0308,"[""51d00f5e55595c90"", ""cd62d329833583f5"", ""dacbe4fa740d57a3"", ""e4fb98ec0c223725""]"
https://www.airbnb.com/rooms/39803062,overlap-0308,"[""51d00f5e55595c90"", ""cd62d329833583f5"", ""dacbe4fa740d57a3"", ""e4fb98ec0c223725""]"
https://www.airbnb.com/rooms/6688975,overlap-0308,"[""51d00f5e55595c90"", ""cd62d329833583f5"", ""dacbe4fa740d57a3"", ""e4fb98ec0c223725""]"
https://www.airbnb.com/rooms/1143587069241242346,overlap-0309,"[""51d00f5e55595c90"", ""e4fb98ec0c223725""]"
https://www.airbnb.com/rooms/1143594641768324493,overlap-0309,"[""51d00f5e55595c90"", ""e4fb98ec0c223725""]"
https://www.airbnb.com/rooms/1219736883882795491,overlap-0309,"[""51d00f5e55595c90"", ""e4fb98ec0c223725""]"
https://www.airbnb.com/rooms/1251079841357957222,overlap-0309,"[""51d00f5e55595c90"", ""e4fb98ec0c223725""]"
https://www.airbnb.com/rooms/1361636942501720503,overlap-0309,"[""51d00f5e55595c90"", ""e4fb98ec0c223725""]"
https://www.airbnb.com/rooms/1472014419610681659,overlap-0309,"[""51d00f5e55595c90"", ""e4fb98ec0c223725""]"
https://www.airbnb.com/rooms/1472026628993527227,overlap-0309,"[""51d00f5e55595c90"", ""e4fb98ec0c223725""]"
https://www.airbnb.com/rooms/1499479724171900082,overlap-0309,"[""51d00f5e55595c90"", ""e4fb98ec0c223725""]"
https://www.airbnb.com/rooms/1500842301885434469,overlap-0309,"[""51d00f5e55595c90"", ""e4fb98ec0c223725""]"
https://www.airbnb.com/rooms/1659457002542000573,overlap-0309,"[""51d00f5e55595c90"", ""e4fb98ec0c223725""]"
https://www.airbnb.com/rooms/1721151824051275064,overlap-0309,"[""51d00f5e55595c90"", ""e4fb98ec0c223725""]"
https://www.airbnb.com/rooms/694933044029191100,overlap-0309,"[""51d00f5e55595c90"", ""e4fb98ec0c223725""]"
https://www.airbnb.com/rooms/739827696226764416,overlap-0309,"[""51d00f5e55595c90"", ""e4fb98ec0c223725""]"
https://www.airbnb.com/rooms/907983263918322343,overlap-0309,"[""51d00f5e55595c90"", ""e4fb98ec0c223725""]"
https://www.airbnb.com/rooms/11438990,overlap-0310,"[""53b7bc9aa574780a"", ""9f2ac3cc7c006899""]"
https://www.airbnb.com/rooms/12276038,overlap-0310,"[""53b7bc9aa574780a"", ""9f2ac3cc7c006899""]"
https://www.airbnb.com/rooms/1255347346816926916,overlap-0310,"[""53b7bc9aa574780a"", ""9f2ac3cc7c006899""]"
https://www.airbnb.com/rooms/1635813750559388969,overlap-0310,"[""53b7bc9aa574780a"", ""9f2ac3cc7c006899""]"
https://www.airbnb.com/rooms/1249513639046123017,overlap-0311,"[""53b7bc9aa574780a"", ""b2a2cd97066a8a5f""]"
https://www.airbnb.com/rooms/1308806397568437581,overlap-0311,"[""53b7bc9aa574780a"", ""b2a2cd97066a8a5f""]"
https://www.airbnb.com/rooms/1324094939719068778,overlap-0311,"[""53b7bc9aa574780a"", ""b2a2cd97066a8a5f""]"
https://www.airbnb.com/rooms/1374666832011128384,overlap-0311,"[""53b7bc9aa574780a"", ""b2a2cd97066a8a5f""]"
https://www.airbnb.com/rooms/1497305699450785594,overlap-0311,"[""53b7bc9aa574780a"", ""b2a2cd97066a8a5f""]"
https://www.airbnb.com/rooms/1497306237436819626,overlap-0311,"[""53b7bc9aa574780a"", ""b2a2cd97066a8a5f""]"
https://www.airbnb.com/rooms/1501568774148978760,overlap-0311,"[""53b7bc9aa574780a"", ""b2a2cd97066a8a5f""]"
https://www.airbnb.com/rooms/1566923252460897450,overlap-0311,"[""53b7bc9aa574780a"", ""b2a2cd97066a8a5f""]"
https://www.airbnb.com/rooms/1574141993163145705,overlap-0311,"[""53b7bc9aa574780a"", ""b2a2cd97066a8a5f""]"
https://www.airbnb.com/rooms/16295563,overlap-0311,"[""53b7bc9aa574780a"", ""b2a2cd97066a8a5f""]"
https://www.airbnb.com/rooms/16641071,overlap-0311,"[""53b7bc9aa574780a"", ""b2a2cd97066a8a5f""]"
https://www.airbnb.com/rooms/1668357000228974104,overlap-0311,"[""53b7bc9aa574780a"", ""b2a2cd97066a8a5f""]"
https://www.airbnb.com/rooms/1472481380311958693,overlap-0312,"[""53fd4edb8fbdc3d8"", ""6b421b740d39ebfb""]"
https://www.airbnb.com/rooms/49758606,overlap-0312,"[""53fd4edb8fbdc3d8"", ""6b421b740d39ebfb""]"
https://www.airbnb.com/rooms/1234563298612957741,overlap-0313,"[""53fd4edb8fbdc3d8"", ""6b421b740d39ebfb"", ""f7ad5e66fb110023""]"
https://www.airbnb.com/rooms/1281117589803791447,overlap-0313,"[""53fd4edb8fbdc3d8"", ""6b421b740d39ebfb"", ""f7ad5e66fb110023""]"
https://www.airbnb.com/rooms/1577752243751569872,overlap-0314,"[""53fd4edb8fbdc3d8"", ""d699ba709849b04d""]"
https://www.airbnb.com/rooms/909527284242844888,overlap-0314,"[""53fd4edb8fbdc3d8"", ""d699ba709849b04d""]"
https://www.airbnb.com/rooms/570272819297879358,overlap-0315,"[""53fd4edb8fbdc3d8"", ""f7ad5e66fb110023""]"
https://www.airbnb.com/rooms/1096216535031746791,overlap-0316,"[""55b44e54f176b477"", ""73c77d6a48d5cf13""]"
https://www.airbnb.com/rooms/1258301323748600410,overlap-0316,"[""55b44e54f176b477"", ""73c77d6a48d5cf13""]"
https://www.airbnb.com/rooms/15706984,overlap-0316,"[""55b44e54f176b477"", ""73c77d6a48d5cf13""]"
https://www.airbnb.com/rooms/19906783,overlap-0316,"[""55b44e54f176b477"", ""73c77d6a48d5cf13""]"
https://www.airbnb.com/rooms/1173259684081292723,overlap-0317,"[""55b44e54f176b477"", ""a67c50cf4855328f""]"
https://www.airbnb.com/rooms/1686408315959878015,overlap-0317,"[""55b44e54f176b477"", ""a67c50cf4855328f""]"
https://www.airbnb.com/rooms/4169295,overlap-0317,"[""55b44e54f176b477"", ""a67c50cf4855328f""]"
https://www.airbnb.com/rooms/1607319950767057270,overlap-0318,"[""57f949c8f01b9ce2"", ""628c0aec67451855""]"
https://www.airbnb.com/rooms/1607980178789892086,overlap-0318,"[""57f949c8f01b9ce2"", ""628c0aec67451855""]"
https://www.airbnb.com/rooms/1609696574032141445,overlap-0318,"[""57f949c8f01b9ce2"", ""628c0aec67451855""]"
https://www.airbnb.com/rooms/1705197219975932807,overlap-0318,"[""57f949c8f01b9ce2"", ""628c0aec67451855""]"
https://www.airbnb.com/rooms/1705201689333818956,overlap-0318,"[""57f949c8f01b9ce2"", ""628c0aec67451855""]"
https://www.airbnb.com/rooms/1147678194272064093,overlap-0319,"[""57f949c8f01b9ce2"", ""a12f92d5edcc3d7d"", ""e1495708e8518770""]"
https://www.airbnb.com/rooms/23822414,overlap-0320,"[""57f949c8f01b9ce2"", ""e1495708e8518770""]"
https://www.airbnb.com/rooms/40977055,overlap-0320,"[""57f949c8f01b9ce2"", ""e1495708e8518770""]"
https://www.airbnb.com/rooms/4773268,overlap-0320,"[""57f949c8f01b9ce2"", ""e1495708e8518770""]"
https://www.airbnb.com/rooms/1495713896560359931,overlap-0321,"[""587398cfd2069bfa"", ""76cebeeeb6077f97""]"
https://www.airbnb.com/rooms/1530542559651885157,overlap-0321,"[""587398cfd2069bfa"", ""76cebeeeb6077f97""]"
https://www.airbnb.com/rooms/750589278001564500,overlap-0321,"[""587398cfd2069bfa"", ""76cebeeeb6077f97""]"
https://www.airbnb.com/rooms/627651846440444272,overlap-0322,"[""587398cfd2069bfa"", ""986af307665ba993"", ""d59becbb5f7a2afa""]"
https://www.airbnb.com/rooms/917490002101739137,overlap-0322,"[""587398cfd2069bfa"", ""986af307665ba993"", ""d59becbb5f7a2afa""]"
https://www.airbnb.com/rooms/944163302579106630,overlap-0322,"[""587398cfd2069bfa"", ""986af307665ba993"", ""d59becbb5f7a2afa""]"
https://www.airbnb.com/rooms/1646923002106465173,overlap-0323,"[""587398cfd2069bfa"", ""d59becbb5f7a2afa""]"
https://www.airbnb.com/rooms/40491391,overlap-0323,"[""587398cfd2069bfa"", ""d59becbb5f7a2afa""]"
https://www.airbnb.com/rooms/54342625,overlap-0323,"[""587398cfd2069bfa"", ""d59becbb5f7a2afa""]"
https://www.airbnb.com/rooms/1350284519586049365,overlap-0324,"[""59a4c1636a95f541"", ""d4e7c332ee342130""]"
https://www.airbnb.com/rooms/702047042610986292,overlap-0324,"[""59a4c1636a95f541"", ""d4e7c332ee342130""]"
https://www.airbnb.com/rooms/13096927,overlap-0325,"[""5b0701861d85e0a2"", ""dc3e2682f7d8254b""]"
https://www.airbnb.com/rooms/1607722175993276695,overlap-0326,"[""5b264a9350e3da6f"", ""bec3bb2a4f9abe22""]"
https://www.airbnb.com/rooms/1699345827272635788,overlap-0326,"[""5b264a9350e3da6f"", ""bec3bb2a4f9abe22""]"
https://www.airbnb.com/rooms/548507962050701384,overlap-0326,"[""5b264a9350e3da6f"", ""bec3bb2a4f9abe22""]"
https://www.airbnb.com/rooms/719047735366133089,overlap-0326,"[""5b264a9350e3da6f"", ""bec3bb2a4f9abe22""]"
https://www.airbnb.com/rooms/907897,overlap-0326,"[""5b264a9350e3da6f"", ""bec3bb2a4f9abe22""]"
https://www.airbnb.com/rooms/1374844385482214206,overlap-0327,"[""5b264a9350e3da6f"", ""e5f18edaa874fb40""]"
https://www.airbnb.com/rooms/1475474601707354038,overlap-0327,"[""5b264a9350e3da6f"", ""e5f18edaa874fb40""]"
https://www.airbnb.com/rooms/1585831075176064203,overlap-0327,"[""5b264a9350e3da6f"", ""e5f18edaa874fb40""]"
https://www.airbnb.com/rooms/1671807916421292523,overlap-0327,"[""5b264a9350e3da6f"", ""e5f18edaa874fb40""]"
https://www.airbnb.com/rooms/49074520,overlap-0327,"[""5b264a9350e3da6f"", ""e5f18edaa874fb40""]"
https://www.airbnb.com/rooms/1061553596171551626,overlap-0328,"[""623e30d71510d65f"", ""70b295e9947dab12""]"
https://www.airbnb.com/rooms/1587733463711924989,overlap-0329,"[""639947662b8b59f9"", ""79a0b85430e711c7""]"
https://www.airbnb.com/rooms/894139945410556728,overlap-0329,"[""639947662b8b59f9"", ""79a0b85430e711c7""]"
https://www.airbnb.com/rooms/1344217627976902383,overlap-0330,"[""639d74127507ddbd"", ""719272fb85ed849c"", ""7b7d4a5ca11f13f6"", ""bf9ad42bce3e80f8"", ""f55b82152f929f43""]"
https://www.airbnb.com/rooms/1383050231656001553,overlap-0330,"[""639d74127507ddbd"", ""719272fb85ed849c"", ""7b7d4a5ca11f13f6"", ""bf9ad42bce3e80f8"", ""f55b82152f929f43""]"
https://www.airbnb.com/rooms/1502390035560800421,overlap-0330,"[""639d74127507ddbd"", ""719272fb85ed849c"", ""7b7d4a5ca11f13f6"", ""bf9ad42bce3e80f8"", ""f55b82152f929f43""]"
https://www.airbnb.com/rooms/1544132949876432724,overlap-0330,"[""639d74127507ddbd"", ""719272fb85ed849c"", ""7b7d4a5ca11f13f6"", ""bf9ad42bce3e80f8"", ""f55b82152f929f43""]"
https://www.airbnb.com/rooms/1645339050927770263,overlap-0330,"[""639d74127507ddbd"", ""719272fb85ed849c"", ""7b7d4a5ca11f13f6"", ""bf9ad42bce3e80f8"", ""f55b82152f929f43""]"
https://www.airbnb.com/rooms/1653094000007154530,overlap-0330,"[""639d74127507ddbd"", ""719272fb85ed849c"", ""7b7d4a5ca11f13f6"", ""bf9ad42bce3e80f8"", ""f55b82152f929f43""]"
https://www.airbnb.com/rooms/1653103265170966764,overlap-0330,"[""639d74127507ddbd"", ""719272fb85ed849c"", ""7b7d4a5ca11f13f6"", ""bf9ad42bce3e80f8"", ""f55b82152f929f43""]"
https://www.airbnb.com/rooms/1698754306145474707,overlap-0330,"[""639d74127507ddbd"", ""719272fb85ed849c"", ""7b7d4a5ca11f13f6"", ""bf9ad42bce3e80f8"", ""f55b82152f929f43""]"
https://www.airbnb.com/rooms/1698761887063440828,overlap-0330,"[""639d74127507ddbd"", ""719272fb85ed849c"", ""7b7d4a5ca11f13f6"", ""bf9ad42bce3e80f8"", ""f55b82152f929f43""]"
https://www.airbnb.com/rooms/1698881716528254512,overlap-0330,"[""639d74127507ddbd"", ""719272fb85ed849c"", ""7b7d4a5ca11f13f6"", ""bf9ad42bce3e80f8"", ""f55b82152f929f43""]"
https://www.airbnb.com/rooms/1698889199815894575,overlap-0330,"[""639d74127507ddbd"", ""719272fb85ed849c"", ""7b7d4a5ca11f13f6"", ""bf9ad42bce3e80f8"", ""f55b82152f929f43""]"
https://www.airbnb.com/rooms/1698892907296575177,overlap-0330,"[""639d74127507ddbd"", ""719272fb85ed849c"", ""7b7d4a5ca11f13f6"", ""bf9ad42bce3e80f8"", ""f55b82152f929f43""]"
https://www.airbnb.com/rooms/1703090802073177083,overlap-0330,"[""639d74127507ddbd"", ""719272fb85ed849c"", ""7b7d4a5ca11f13f6"", ""bf9ad42bce3e80f8"", ""f55b82152f929f43""]"
https://www.airbnb.com/rooms/1703123966719026219,overlap-0330,"[""639d74127507ddbd"", ""719272fb85ed849c"", ""7b7d4a5ca11f13f6"", ""bf9ad42bce3e80f8"", ""f55b82152f929f43""]"
https://www.airbnb.com/rooms/1774700014631584740,overlap-0330,"[""639d74127507ddbd"", ""719272fb85ed849c"", ""7b7d4a5ca11f13f6"", ""bf9ad42bce3e80f8"", ""f55b82152f929f43""]"
https://www.airbnb.com/rooms/19330858,overlap-0330,"[""639d74127507ddbd"", ""719272fb85ed849c"", ""7b7d4a5ca11f13f6"", ""bf9ad42bce3e80f8"", ""f55b82152f929f43""]"
https://www.airbnb.com/rooms/22550820,overlap-0330,"[""639d74127507ddbd"", ""719272fb85ed849c"", ""7b7d4a5ca11f13f6"", ""bf9ad42bce3e80f8"", ""f55b82152f929f43""]"
https://www.airbnb.com/rooms/22654775,overlap-0330,"[""639d74127507ddbd"", ""719272fb85ed849c"", ""7b7d4a5ca11f13f6"", ""bf9ad42bce3e80f8"", ""f55b82152f929f43""]"
https://www.airbnb.com/rooms/26356781,overlap-0330,"[""639d74127507ddbd"", ""719272fb85ed849c"", ""7b7d4a5ca11f13f6"", ""bf9ad42bce3e80f8"", ""f55b82152f929f43""]"
https://www.airbnb.com/rooms/42360182,overlap-0330,"[""639d74127507ddbd"", ""719272fb85ed849c"", ""7b7d4a5ca11f13f6"", ""bf9ad42bce3e80f8"", ""f55b82152f929f43""]"
https://www.airbnb.com/rooms/47731619,overlap-0330,"[""639d74127507ddbd"", ""719272fb85ed849c"", ""7b7d4a5ca11f13f6"", ""bf9ad42bce3e80f8"", ""f55b82152f929f43""]"
https://www.airbnb.com/rooms/603609366383268022,overlap-0330,"[""639d74127507ddbd"", ""719272fb85ed849c"", ""7b7d4a5ca11f13f6"", ""bf9ad42bce3e80f8"", ""f55b82152f929f43""]"
https://www.airbnb.com/rooms/980509118961830212,overlap-0330,"[""639d74127507ddbd"", ""719272fb85ed849c"", ""7b7d4a5ca11f13f6"", ""bf9ad42bce3e80f8"", ""f55b82152f929f43""]"
https://www.airbnb.com/rooms/1379676896648681762,overlap-0331,"[""639d74127507ddbd"", ""719272fb85ed849c"", ""bf9ad42bce3e80f8""]"
https://www.airbnb.com/rooms/1462515112496419298,overlap-0331,"[""639d74127507ddbd"", ""719272fb85ed849c"", ""bf9ad42bce3e80f8""]"
https://www.airbnb.com/rooms/1487889251380482662,overlap-0331,"[""639d74127507ddbd"", ""719272fb85ed849c"", ""bf9ad42bce3e80f8""]"
https://www.airbnb.com/rooms/1567788815833240543,overlap-0331,"[""639d74127507ddbd"", ""719272fb85ed849c"", ""bf9ad42bce3e80f8""]"
https://www.airbnb.com/rooms/1591548442315543819,overlap-0331,"[""639d74127507ddbd"", ""719272fb85ed849c"", ""bf9ad42bce3e80f8""]"
https://www.airbnb.com/rooms/1698759773088557652,overlap-0331,"[""639d74127507ddbd"", ""719272fb85ed849c"", ""bf9ad42bce3e80f8""]"
https://www.airbnb.com/rooms/1698878694459722001,overlap-0331,"[""639d74127507ddbd"", ""719272fb85ed849c"", ""bf9ad42bce3e80f8""]"
https://www.airbnb.com/rooms/1698886702245660568,overlap-0331,"[""639d74127507ddbd"", ""719272fb85ed849c"", ""bf9ad42bce3e80f8""]"
https://www.airbnb.com/rooms/1703102582962676303,overlap-0331,"[""639d74127507ddbd"", ""719272fb85ed849c"", ""bf9ad42bce3e80f8""]"
https://www.airbnb.com/rooms/1703110058026092222,overlap-0331,"[""639d74127507ddbd"", ""719272fb85ed849c"", ""bf9ad42bce3e80f8""]"
https://www.airbnb.com/rooms/1703114084488897259,overlap-0331,"[""639d74127507ddbd"", ""719272fb85ed849c"", ""bf9ad42bce3e80f8""]"
https://www.airbnb.com/rooms/1703116857014344672,overlap-0331,"[""639d74127507ddbd"", ""719272fb85ed849c"", ""bf9ad42bce3e80f8""]"
https://www.airbnb.com/rooms/1774105736486344315,overlap-0331,"[""639d74127507ddbd"", ""719272fb85ed849c"", ""bf9ad42bce3e80f8""]"
https://www.airbnb.com/rooms/23091861,overlap-0331,"[""639d74127507ddbd"", ""719272fb85ed849c"", ""bf9ad42bce3e80f8""]"
https://www.airbnb.com/rooms/32310188,overlap-0331,"[""639d74127507ddbd"", ""719272fb85ed849c"", ""bf9ad42bce3e80f8""]"
https://www.airbnb.com/rooms/35092479,overlap-0331,"[""639d74127507ddbd"", ""719272fb85ed849c"", ""bf9ad42bce3e80f8""]"
https://www.airbnb.com/rooms/5984997,overlap-0331,"[""639d74127507ddbd"", ""719272fb85ed849c"", ""bf9ad42bce3e80f8""]"
https://www.airbnb.com/rooms/1056678219679017531,overlap-0332,"[""639d74127507ddbd"", ""7b7d4a5ca11f13f6"", ""f55b82152f929f43""]"
https://www.airbnb.com/rooms/1500002433644523022,overlap-0332,"[""639d74127507ddbd"", ""7b7d4a5ca11f13f6"", ""f55b82152f929f43""]"
https://www.airbnb.com/rooms/1500961967571118816,overlap-0332,"[""639d74127507ddbd"", ""7b7d4a5ca11f13f6"", ""f55b82152f929f43""]"
https://www.airbnb.com/rooms/1500980324660461664,overlap-0332,"[""639d74127507ddbd"", ""7b7d4a5ca11f13f6"", ""f55b82152f929f43""]"
https://www.airbnb.com/rooms/1653106760985189611,overlap-0332,"[""639d74127507ddbd"", ""7b7d4a5ca11f13f6"", ""f55b82152f929f43""]"
https://www.airbnb.com/rooms/21076644,overlap-0332,"[""639d74127507ddbd"", ""7b7d4a5ca11f13f6"", ""f55b82152f929f43""]"
https://www.airbnb.com/rooms/22770048,overlap-0332,"[""639d74127507ddbd"", ""7b7d4a5ca11f13f6"", ""f55b82152f929f43""]"
https://www.airbnb.com/rooms/32660278,overlap-0332,"[""639d74127507ddbd"", ""7b7d4a5ca11f13f6"", ""f55b82152f929f43""]"
https://www.airbnb.com/rooms/633414452640522867,overlap-0332,"[""639d74127507ddbd"", ""7b7d4a5ca11f13f6"", ""f55b82152f929f43""]"
https://www.airbnb.com/rooms/7761551,overlap-0332,"[""639d74127507ddbd"", ""7b7d4a5ca11f13f6"", ""f55b82152f929f43""]"
https://www.airbnb.com/rooms/899253634186650476,overlap-0332,"[""639d74127507ddbd"", ""7b7d4a5ca11f13f6"", ""f55b82152f929f43""]"
https://www.airbnb.com/rooms/1042178165901400543,overlap-0333,"[""639d74127507ddbd"", ""bf9ad42bce3e80f8""]"
https://www.airbnb.com/rooms/1080783732598331520,overlap-0333,"[""639d74127507ddbd"", ""bf9ad42bce3e80f8""]"
https://www.airbnb.com/rooms/1089492203815317887,overlap-0333,"[""639d74127507ddbd"", ""bf9ad42bce3e80f8""]"
https://www.airbnb.com/rooms/1160774781356970212,overlap-0333,"[""639d74127507ddbd"", ""bf9ad42bce3e80f8""]"
https://www.airbnb.com/rooms/1421295080374939488,overlap-0333,"[""639d74127507ddbd"", ""bf9ad42bce3e80f8""]"
https://www.airbnb.com/rooms/1542217760815888534,overlap-0333,"[""639d74127507ddbd"", ""bf9ad42bce3e80f8""]"
https://www.airbnb.com/rooms/1757062340695451457,overlap-0333,"[""639d74127507ddbd"", ""bf9ad42bce3e80f8""]"
https://www.airbnb.com/rooms/1757086474371412261,overlap-0333,"[""639d74127507ddbd"", ""bf9ad42bce3e80f8""]"
https://www.airbnb.com/rooms/1762607795689819214,overlap-0333,"[""639d74127507ddbd"", ""bf9ad42bce3e80f8""]"
https://www.airbnb.com/rooms/19923263,overlap-0333,"[""639d74127507ddbd"", ""bf9ad42bce3e80f8""]"
https://www.airbnb.com/rooms/20017304,overlap-0333,"[""639d74127507ddbd"", ""bf9ad42bce3e80f8""]"
https://www.airbnb.com/rooms/20156393,overlap-0333,"[""639d74127507ddbd"", ""bf9ad42bce3e80f8""]"
https://www.airbnb.com/rooms/4067086,overlap-0333,"[""639d74127507ddbd"", ""bf9ad42bce3e80f8""]"
https://www.airbnb.com/rooms/937607075619428046,overlap-0333,"[""639d74127507ddbd"", ""bf9ad42bce3e80f8""]"
https://www.airbnb.com/rooms/985532848099409020,overlap-0333,"[""639d74127507ddbd"", ""bf9ad42bce3e80f8""]"
https://www.airbnb.com/rooms/1549308188403084249,overlap-0334,"[""639d74127507ddbd"", ""bf9ad42bce3e80f8"", ""f55b82152f929f43""]"
https://www.airbnb.com/rooms/1549383201788857168,overlap-0334,"[""639d74127507ddbd"", ""bf9ad42bce3e80f8"", ""f55b82152f929f43""]"
https://www.airbnb.com/rooms/1634698476267480728,overlap-0334,"[""639d74127507ddbd"", ""bf9ad42bce3e80f8"", ""f55b82152f929f43""]"
https://www.airbnb.com/rooms/1725365981265873984,overlap-0334,"[""639d74127507ddbd"", ""bf9ad42bce3e80f8"", ""f55b82152f929f43""]"
https://www.airbnb.com/rooms/18582880,overlap-0334,"[""639d74127507ddbd"", ""bf9ad42bce3e80f8"", ""f55b82152f929f43""]"
https://www.airbnb.com/rooms/19252137,overlap-0334,"[""639d74127507ddbd"", ""bf9ad42bce3e80f8"", ""f55b82152f929f43""]"
https://www.airbnb.com/rooms/21771280,overlap-0334,"[""639d74127507ddbd"", ""bf9ad42bce3e80f8"", ""f55b82152f929f43""]"
https://www.airbnb.com/rooms/22569739,overlap-0334,"[""639d74127507ddbd"", ""bf9ad42bce3e80f8"", ""f55b82152f929f43""]"
https://www.airbnb.com/rooms/22655043,overlap-0334,"[""639d74127507ddbd"", ""bf9ad42bce3e80f8"", ""f55b82152f929f43""]"
https://www.airbnb.com/rooms/22925475,overlap-0334,"[""639d74127507ddbd"", ""bf9ad42bce3e80f8"", ""f55b82152f929f43""]"
https://www.airbnb.com/rooms/22960233,overlap-0334,"[""639d74127507ddbd"", ""bf9ad42bce3e80f8"", ""f55b82152f929f43""]"
https://www.airbnb.com/rooms/29009493,overlap-0334,"[""639d74127507ddbd"", ""bf9ad42bce3e80f8"", ""f55b82152f929f43""]"
https://www.airbnb.com/rooms/30854396,overlap-0334,"[""639d74127507ddbd"", ""bf9ad42bce3e80f8"", ""f55b82152f929f43""]"
https://www.airbnb.com/rooms/32064052,overlap-0334,"[""639d74127507ddbd"", ""bf9ad42bce3e80f8"", ""f55b82152f929f43""]"
https://www.airbnb.com/rooms/46894740,overlap-0334,"[""639d74127507ddbd"", ""bf9ad42bce3e80f8"", ""f55b82152f929f43""]"
https://www.airbnb.com/rooms/47868157,overlap-0334,"[""639d74127507ddbd"", ""bf9ad42bce3e80f8"", ""f55b82152f929f43""]"
https://www.airbnb.com/rooms/47868162,overlap-0334,"[""639d74127507ddbd"", ""bf9ad42bce3e80f8"", ""f55b82152f929f43""]"
https://www.airbnb.com/rooms/616131177560029016,overlap-0334,"[""639d74127507ddbd"", ""bf9ad42bce3e80f8"", ""f55b82152f929f43""]"
https://www.airbnb.com/rooms/616150504874205943,overlap-0334,"[""639d74127507ddbd"", ""bf9ad42bce3e80f8"", ""f55b82152f929f43""]"
https://www.airbnb.com/rooms/804281530461226493,overlap-0334,"[""639d74127507ddbd"", ""bf9ad42bce3e80f8"", ""f55b82152f929f43""]"
https://www.airbnb.com/rooms/953648326158801848,overlap-0334,"[""639d74127507ddbd"", ""bf9ad42bce3e80f8"", ""f55b82152f929f43""]"
https://www.airbnb.com/rooms/1181877889151914954,overlap-0335,"[""639d74127507ddbd"", ""f55b82152f929f43""]"
https://www.airbnb.com/rooms/1232679686503456764,overlap-0335,"[""639d74127507ddbd"", ""f55b82152f929f43""]"
https://www.airbnb.com/rooms/1528371948097679263,overlap-0335,"[""639d74127507ddbd"", ""f55b82152f929f43""]"
https://www.airbnb.com/rooms/1528481957022607210,overlap-0335,"[""639d74127507ddbd"", ""f55b82152f929f43""]"
https://www.airbnb.com/rooms/1529322589716814910,overlap-0335,"[""639d74127507ddbd"", ""f55b82152f929f43""]"
https://www.airbnb.com/rooms/1529383009096563527,overlap-0335,"[""639d74127507ddbd"", ""f55b82152f929f43""]"
https://www.airbnb.com/rooms/1635828765211065800,overlap-0335,"[""639d74127507ddbd"", ""f55b82152f929f43""]"
https://www.airbnb.com/rooms/1768988347788092670,overlap-0335,"[""639d74127507ddbd"", ""f55b82152f929f43""]"
https://www.airbnb.com/rooms/43402437,overlap-0335,"[""639d74127507ddbd"", ""f55b82152f929f43""]"
https://www.airbnb.com/rooms/45922478,overlap-0335,"[""639d74127507ddbd"", ""f55b82152f929f43""]"
https://www.airbnb.com/rooms/52890946,overlap-0335,"[""639d74127507ddbd"", ""f55b82152f929f43""]"
https://www.airbnb.com/rooms/53105604,overlap-0335,"[""639d74127507ddbd"", ""f55b82152f929f43""]"
https://www.airbnb.com/rooms/960157970271949290,overlap-0335,"[""639d74127507ddbd"", ""f55b82152f929f43""]"
https://www.airbnb.com/rooms/960157988463588433,overlap-0335,"[""639d74127507ddbd"", ""f55b82152f929f43""]"
https://www.airbnb.com/rooms/960189628060719158,overlap-0335,"[""639d74127507ddbd"", ""f55b82152f929f43""]"
https://www.airbnb.com/rooms/1351723525726364266,overlap-0336,"[""6844801b1385a1a0"", ""9913d9a600daeeeb"", ""b03cd9767c2e4449""]"
https://www.airbnb.com/rooms/1774012096837498312,overlap-0336,"[""6844801b1385a1a0"", ""9913d9a600daeeeb"", ""b03cd9767c2e4449""]"
https://www.airbnb.com/rooms/1749624827950543029,overlap-0337,"[""6844801b1385a1a0"", ""b03cd9767c2e4449""]"
https://www.airbnb.com/rooms/1749635761259756487,overlap-0337,"[""6844801b1385a1a0"", ""b03cd9767c2e4449""]"
https://www.airbnb.com/rooms/1768520777592629002,overlap-0337,"[""6844801b1385a1a0"", ""b03cd9767c2e4449""]"
https://www.airbnb.com/rooms/1182666649469972550,overlap-0338,"[""6b421b740d39ebfb"", ""ae6d9d99837e95d3""]"
https://www.airbnb.com/rooms/1705918135552439781,overlap-0338,"[""6b421b740d39ebfb"", ""ae6d9d99837e95d3""]"
https://www.airbnb.com/rooms/1760555044857588011,overlap-0338,"[""6b421b740d39ebfb"", ""ae6d9d99837e95d3""]"
https://www.airbnb.com/rooms/1761140103930041051,overlap-0338,"[""6b421b740d39ebfb"", ""ae6d9d99837e95d3""]"
https://www.airbnb.com/rooms/26954842,overlap-0338,"[""6b421b740d39ebfb"", ""ae6d9d99837e95d3""]"
https://www.airbnb.com/rooms/1680064737211742055,overlap-0339,"[""6b421b740d39ebfb"", ""ae6d9d99837e95d3"", ""f73692336bd0ee9b""]"
https://www.airbnb.com/rooms/1242057073007300529,overlap-0340,"[""6b421b740d39ebfb"", ""ae6d9d99837e95d3"", ""f7ad5e66fb110023""]"
https://www.airbnb.com/rooms/852755080971149892,overlap-0340,"[""6b421b740d39ebfb"", ""ae6d9d99837e95d3"", ""f7ad5e66fb110023""]"
https://www.airbnb.com/rooms/676837118968871143,overlap-0341,"[""6b421b740d39ebfb"", ""c1fb75edea7ac935"", ""d699ba709849b04d"", ""f73692336bd0ee9b""]"
https://www.airbnb.com/rooms/1730499577652454556,overlap-0342,"[""6b421b740d39ebfb"", ""d699ba709849b04d""]"
https://www.airbnb.com/rooms/1758030346367474341,overlap-0342,"[""6b421b740d39ebfb"", ""d699ba709849b04d""]"
https://www.airbnb.com/rooms/1642872531407993271,overlap-0343,"[""6b421b740d39ebfb"", ""f73692336bd0ee9b""]"
https://www.airbnb.com/rooms/1359765915820124307,overlap-0344,"[""6b421b740d39ebfb"", ""f7ad5e66fb110023""]"
https://www.airbnb.com/rooms/1394237133004527393,overlap-0344,"[""6b421b740d39ebfb"", ""f7ad5e66fb110023""]"
https://www.airbnb.com/rooms/7868621,overlap-0344,"[""6b421b740d39ebfb"", ""f7ad5e66fb110023""]"
https://www.airbnb.com/rooms/1137593761015884495,overlap-0345,"[""6fed9c3253ba5c6d"", ""90d38a1fc84b37fb"", ""dc62be73502b3909""]"
https://www.airbnb.com/rooms/1172482117247665704,overlap-0345,"[""6fed9c3253ba5c6d"", ""90d38a1fc84b37fb"", ""dc62be73502b3909""]"
https://www.airbnb.com/rooms/1759476301687604643,overlap-0345,"[""6fed9c3253ba5c6d"", ""90d38a1fc84b37fb"", ""dc62be73502b3909""]"
https://www.airbnb.com/rooms/37593669,overlap-0345,"[""6fed9c3253ba5c6d"", ""90d38a1fc84b37fb"", ""dc62be73502b3909""]"
https://www.airbnb.com/rooms/6902565,overlap-0345,"[""6fed9c3253ba5c6d"", ""90d38a1fc84b37fb"", ""dc62be73502b3909""]"
https://www.airbnb.com/rooms/18255267,overlap-0346,"[""6fed9c3253ba5c6d"", ""9913d9a600daeeeb"", ""b03cd9767c2e4449"", ""dc62be73502b3909""]"
https://www.airbnb.com/rooms/42230341,overlap-0346,"[""6fed9c3253ba5c6d"", ""9913d9a600daeeeb"", ""b03cd9767c2e4449"", ""dc62be73502b3909""]"
https://www.airbnb.com/rooms/1263147936140845921,overlap-0347,"[""6fed9c3253ba5c6d"", ""c0832024cd7fc956"", ""dc62be73502b3909""]"
https://www.airbnb.com/rooms/22125239,overlap-0347,"[""6fed9c3253ba5c6d"", ""c0832024cd7fc956"", ""dc62be73502b3909""]"
https://www.airbnb.com/rooms/32724463,overlap-0347,"[""6fed9c3253ba5c6d"", ""c0832024cd7fc956"", ""dc62be73502b3909""]"
https://www.airbnb.com/rooms/34313636,overlap-0347,"[""6fed9c3253ba5c6d"", ""c0832024cd7fc956"", ""dc62be73502b3909""]"
https://www.airbnb.com/rooms/35036942,overlap-0347,"[""6fed9c3253ba5c6d"", ""c0832024cd7fc956"", ""dc62be73502b3909""]"
https://www.airbnb.com/rooms/35038778,overlap-0347,"[""6fed9c3253ba5c6d"", ""c0832024cd7fc956"", ""dc62be73502b3909""]"
https://www.airbnb.com/rooms/35608626,overlap-0347,"[""6fed9c3253ba5c6d"", ""c0832024cd7fc956"", ""dc62be73502b3909""]"
https://www.airbnb.com/rooms/36024642,overlap-0347,"[""6fed9c3253ba5c6d"", ""c0832024cd7fc956"", ""dc62be73502b3909""]"
https://www.airbnb.com/rooms/3696753,overlap-0347,"[""6fed9c3253ba5c6d"", ""c0832024cd7fc956"", ""dc62be73502b3909""]"
https://www.airbnb.com/rooms/37830396,overlap-0347,"[""6fed9c3253ba5c6d"", ""c0832024cd7fc956"", ""dc62be73502b3909""]"
https://www.airbnb.com/rooms/37831361,overlap-0347,"[""6fed9c3253ba5c6d"", ""c0832024cd7fc956"", ""dc62be73502b3909""]"
https://www.airbnb.com/rooms/46358209,overlap-0347,"[""6fed9c3253ba5c6d"", ""c0832024cd7fc956"", ""dc62be73502b3909""]"
https://www.airbnb.com/rooms/6207147,overlap-0347,"[""6fed9c3253ba5c6d"", ""c0832024cd7fc956"", ""dc62be73502b3909""]"
https://www.airbnb.com/rooms/7115636,overlap-0347,"[""6fed9c3253ba5c6d"", ""c0832024cd7fc956"", ""dc62be73502b3909""]"
https://www.airbnb.com/rooms/10309379,overlap-0348,"[""6fed9c3253ba5c6d"", ""dc62be73502b3909""]"
https://www.airbnb.com/rooms/1351667666277844198,overlap-0348,"[""6fed9c3253ba5c6d"", ""dc62be73502b3909""]"
https://www.airbnb.com/rooms/1413128645116554596,overlap-0348,"[""6fed9c3253ba5c6d"", ""dc62be73502b3909""]"
https://www.airbnb.com/rooms/1414445178057522890,overlap-0348,"[""6fed9c3253ba5c6d"", ""dc62be73502b3909""]"
https://www.airbnb.com/rooms/14222547,overlap-0348,"[""6fed9c3253ba5c6d"", ""dc62be73502b3909""]"
https://www.airbnb.com/rooms/1471886761252230893,overlap-0348,"[""6fed9c3253ba5c6d"", ""dc62be73502b3909""]"
https://www.airbnb.com/rooms/1495101827265126642,overlap-0348,"[""6fed9c3253ba5c6d"", ""dc62be73502b3909""]"
https://www.airbnb.com/rooms/1518952202849188867,overlap-0348,"[""6fed9c3253ba5c6d"", ""dc62be73502b3909""]"
https://www.airbnb.com/rooms/15191427,overlap-0348,"[""6fed9c3253ba5c6d"", ""dc62be73502b3909""]"
https://www.airbnb.com/rooms/1536383518314719495,overlap-0348,"[""6fed9c3253ba5c6d"", ""dc62be73502b3909""]"
https://www.airbnb.com/rooms/1536394378536029312,overlap-0348,"[""6fed9c3253ba5c6d"", ""dc62be73502b3909""]"
https://www.airbnb.com/rooms/1536988187241791145,overlap-0348,"[""6fed9c3253ba5c6d"", ""dc62be73502b3909""]"
https://www.airbnb.com/rooms/1536992028337239138,overlap-0348,"[""6fed9c3253ba5c6d"", ""dc62be73502b3909""]"
https://www.airbnb.com/rooms/1602481928681740193,overlap-0348,"[""6fed9c3253ba5c6d"", ""dc62be73502b3909""]"
https://www.airbnb.com/rooms/1602869928350830390,overlap-0348,"[""6fed9c3253ba5c6d"", ""dc62be73502b3909""]"
https://www.airbnb.com/rooms/1660149944736012405,overlap-0348,"[""6fed9c3253ba5c6d"", ""dc62be73502b3909""]"
https://www.airbnb.com/rooms/16613520,overlap-0348,"[""6fed9c3253ba5c6d"", ""dc62be73502b3909""]"
https://www.airbnb.com/rooms/19425918,overlap-0348,"[""6fed9c3253ba5c6d"", ""dc62be73502b3909""]"
https://www.airbnb.com/rooms/20920858,overlap-0348,"[""6fed9c3253ba5c6d"", ""dc62be73502b3909""]"
https://www.airbnb.com/rooms/31306421,overlap-0348,"[""6fed9c3253ba5c6d"", ""dc62be73502b3909""]"
https://www.airbnb.com/rooms/32769354,overlap-0348,"[""6fed9c3253ba5c6d"", ""dc62be73502b3909""]"
https://www.airbnb.com/rooms/32990740,overlap-0348,"[""6fed9c3253ba5c6d"", ""dc62be73502b3909""]"
https://www.airbnb.com/rooms/52860159,overlap-0348,"[""6fed9c3253ba5c6d"", ""dc62be73502b3909""]"
https://www.airbnb.com/rooms/549250314413506602,overlap-0348,"[""6fed9c3253ba5c6d"", ""dc62be73502b3909""]"
https://www.airbnb.com/rooms/554287447847840103,overlap-0348,"[""6fed9c3253ba5c6d"", ""dc62be73502b3909""]"
https://www.airbnb.com/rooms/704964438271924058,overlap-0348,"[""6fed9c3253ba5c6d"", ""dc62be73502b3909""]"
https://www.airbnb.com/rooms/795746403852596860,overlap-0348,"[""6fed9c3253ba5c6d"", ""dc62be73502b3909""]"
https://www.airbnb.com/rooms/8886777,overlap-0348,"[""6fed9c3253ba5c6d"", ""dc62be73502b3909""]"
https://www.airbnb.com/rooms/1220161034781218400,overlap-0349,"[""6fed9c3253ba5c6d"", ""dc62be73502b3909"", ""ddc5adbe35fccb99""]"
https://www.airbnb.com/rooms/1645111751962534812,overlap-0350,"[""6fed9c3253ba5c6d"", ""ddc5adbe35fccb99""]"
https://www.airbnb.com/rooms/1645111753502473655,overlap-0350,"[""6fed9c3253ba5c6d"", ""ddc5adbe35fccb99""]"
https://www.airbnb.com/rooms/1645111759839839889,overlap-0350,"[""6fed9c3253ba5c6d"", ""ddc5adbe35fccb99""]"
https://www.airbnb.com/rooms/1645111763661144011,overlap-0350,"[""6fed9c3253ba5c6d"", ""ddc5adbe35fccb99""]"
https://www.airbnb.com/rooms/1645111764916718198,overlap-0350,"[""6fed9c3253ba5c6d"", ""ddc5adbe35fccb99""]"
https://www.airbnb.com/rooms/1645111765679113531,overlap-0350,"[""6fed9c3253ba5c6d"", ""ddc5adbe35fccb99""]"
https://www.airbnb.com/rooms/1668147266034525707,overlap-0351,"[""719272fb85ed849c"", ""7b7d4a5ca11f13f6""]"
https://www.airbnb.com/rooms/28052539,overlap-0351,"[""719272fb85ed849c"", ""7b7d4a5ca11f13f6""]"
https://www.airbnb.com/rooms/1011701666760306143,overlap-0352,"[""719272fb85ed849c"", ""7e3bcee866b72863""]"
https://www.airbnb.com/rooms/32270961,overlap-0352,"[""719272fb85ed849c"", ""7e3bcee866b72863""]"
https://www.airbnb.com/rooms/664900286954249289,overlap-0352,"[""719272fb85ed849c"", ""7e3bcee866b72863""]"
https://www.airbnb.com/rooms/854482957200983821,overlap-0352,"[""719272fb85ed849c"", ""7e3bcee866b72863""]"
https://www.airbnb.com/rooms/24798795,overlap-0353,"[""719272fb85ed849c"", ""7e3bcee866b72863"", ""8661324004dc4c06"", ""d46bc721e229d901""]"
https://www.airbnb.com/rooms/37719729,overlap-0353,"[""719272fb85ed849c"", ""7e3bcee866b72863"", ""8661324004dc4c06"", ""d46bc721e229d901""]"
https://www.airbnb.com/rooms/20949708,overlap-0354,"[""719272fb85ed849c"", ""7e3bcee866b72863"", ""d46bc721e229d901""]"
https://www.airbnb.com/rooms/10426942,overlap-0355,"[""719272fb85ed849c"", ""8661324004dc4c06"", ""d46bc721e229d901""]"
https://www.airbnb.com/rooms/1172846359413906094,overlap-0355,"[""719272fb85ed849c"", ""8661324004dc4c06"", ""d46bc721e229d901""]"
https://www.airbnb.com/rooms/11758426,overlap-0355,"[""719272fb85ed849c"", ""8661324004dc4c06"", ""d46bc721e229d901""]"
https://www.airbnb.com/rooms/30043806,overlap-0355,"[""719272fb85ed849c"", ""8661324004dc4c06"", ""d46bc721e229d901""]"
https://www.airbnb.com/rooms/33529587,overlap-0355,"[""719272fb85ed849c"", ""8661324004dc4c06"", ""d46bc721e229d901""]"
https://www.airbnb.com/rooms/1117429232116623402,overlap-0356,"[""719272fb85ed849c"", ""92a4f510b6bd2087""]"
https://www.airbnb.com/rooms/1330612269342694161,overlap-0356,"[""719272fb85ed849c"", ""92a4f510b6bd2087""]"
https://www.airbnb.com/rooms/1331310283416884226,overlap-0356,"[""719272fb85ed849c"", ""92a4f510b6bd2087""]"
https://www.airbnb.com/rooms/1339918067952129309,overlap-0356,"[""719272fb85ed849c"", ""92a4f510b6bd2087""]"
https://www.airbnb.com/rooms/1376227174119190675,overlap-0356,"[""719272fb85ed849c"", ""92a4f510b6bd2087""]"
https://www.airbnb.com/rooms/1380441000256651669,overlap-0356,"[""719272fb85ed849c"", ""92a4f510b6bd2087""]"
https://www.airbnb.com/rooms/1385668893255158046,overlap-0356,"[""719272fb85ed849c"", ""92a4f510b6bd2087""]"
https://www.airbnb.com/rooms/1405735812259333292,overlap-0356,"[""719272fb85ed849c"", ""92a4f510b6bd2087""]"
https://www.airbnb.com/rooms/1420270238595700264,overlap-0356,"[""719272fb85ed849c"", ""92a4f510b6bd2087""]"
https://www.airbnb.com/rooms/14757352,overlap-0356,"[""719272fb85ed849c"", ""92a4f510b6bd2087""]"
https://www.airbnb.com/rooms/1476293189363097025,overlap-0356,"[""719272fb85ed849c"", ""92a4f510b6bd2087""]"
https://www.airbnb.com/rooms/1497045182444217412,overlap-0356,"[""719272fb85ed849c"", ""92a4f510b6bd2087""]"
https://www.airbnb.com/rooms/1574113044246778479,overlap-0356,"[""719272fb85ed849c"", ""92a4f510b6bd2087""]"
https://www.airbnb.com/rooms/1655505650636453946,overlap-0356,"[""719272fb85ed849c"", ""92a4f510b6bd2087""]"
https://www.airbnb.com/rooms/1688252945559526289,overlap-0356,"[""719272fb85ed849c"", ""92a4f510b6bd2087""]"
https://www.airbnb.com/rooms/1688266062825504891,overlap-0356,"[""719272fb85ed849c"", ""92a4f510b6bd2087""]"
https://www.airbnb.com/rooms/1688273851022994161,overlap-0356,"[""719272fb85ed849c"", ""92a4f510b6bd2087""]"
https://www.airbnb.com/rooms/1690017459159981311,overlap-0356,"[""719272fb85ed849c"", ""92a4f510b6bd2087""]"
https://www.airbnb.com/rooms/1709799681037277685,overlap-0356,"[""719272fb85ed849c"", ""92a4f510b6bd2087""]"
https://www.airbnb.com/rooms/1709800140842001896,overlap-0356,"[""719272fb85ed849c"", ""92a4f510b6bd2087""]"
https://www.airbnb.com/rooms/1729365598092915967,overlap-0356,"[""719272fb85ed849c"", ""92a4f510b6bd2087""]"
https://www.airbnb.com/rooms/1763645538667725761,overlap-0356,"[""719272fb85ed849c"", ""92a4f510b6bd2087""]"
https://www.airbnb.com/rooms/4604518,overlap-0356,"[""719272fb85ed849c"", ""92a4f510b6bd2087""]"
https://www.airbnb.com/rooms/4949787,overlap-0356,"[""719272fb85ed849c"", ""92a4f510b6bd2087""]"
https://www.airbnb.com/rooms/571035898809525340,overlap-0356,"[""719272fb85ed849c"", ""92a4f510b6bd2087""]"
https://www.airbnb.com/rooms/612320725255332151,overlap-0356,"[""719272fb85ed849c"", ""92a4f510b6bd2087""]"
https://www.airbnb.com/rooms/777445973673872383,overlap-0356,"[""719272fb85ed849c"", ""92a4f510b6bd2087""]"
https://www.airbnb.com/rooms/818073815255037538,overlap-0356,"[""719272fb85ed849c"", ""92a4f510b6bd2087""]"
https://www.airbnb.com/rooms/1495865708593689529,overlap-0357,"[""719272fb85ed849c"", ""da35158a5c58796a""]"
https://www.airbnb.com/rooms/1495866201380190174,overlap-0357,"[""719272fb85ed849c"", ""da35158a5c58796a""]"
https://www.airbnb.com/rooms/1495866729983311459,overlap-0357,"[""719272fb85ed849c"", ""da35158a5c58796a""]"
https://www.airbnb.com/rooms/1495866736049791212,overlap-0357,"[""719272fb85ed849c"", ""da35158a5c58796a""]"
https://www.airbnb.com/rooms/1495866737469799495,overlap-0357,"[""719272fb85ed849c"", ""da35158a5c58796a""]"
https://www.airbnb.com/rooms/1495866809115505352,overlap-0357,"[""719272fb85ed849c"", ""da35158a5c58796a""]"
https://www.airbnb.com/rooms/1495867210181842300,overlap-0357,"[""719272fb85ed849c"", ""da35158a5c58796a""]"
https://www.airbnb.com/rooms/1495867215816008560,overlap-0357,"[""719272fb85ed849c"", ""da35158a5c58796a""]"
https://www.airbnb.com/rooms/1495867224830140444,overlap-0357,"[""719272fb85ed849c"", ""da35158a5c58796a""]"
https://www.airbnb.com/rooms/1495867731945349321,overlap-0357,"[""719272fb85ed849c"", ""da35158a5c58796a""]"
https://www.airbnb.com/rooms/1495867739482078418,overlap-0357,"[""719272fb85ed849c"", ""da35158a5c58796a""]"
https://www.airbnb.com/rooms/1495868210502752130,overlap-0357,"[""719272fb85ed849c"", ""da35158a5c58796a""]"
https://www.airbnb.com/rooms/1495868657120355517,overlap-0357,"[""719272fb85ed849c"", ""da35158a5c58796a""]"
https://www.airbnb.com/rooms/1495883323893740529,overlap-0357,"[""719272fb85ed849c"", ""da35158a5c58796a""]"
https://www.airbnb.com/rooms/1495883826041215161,overlap-0357,"[""719272fb85ed849c"", ""da35158a5c58796a""]"
https://www.airbnb.com/rooms/1495885846150174595,overlap-0357,"[""719272fb85ed849c"", ""da35158a5c58796a""]"
https://www.airbnb.com/rooms/1495885848140802974,overlap-0357,"[""719272fb85ed849c"", ""da35158a5c58796a""]"
https://www.airbnb.com/rooms/1495888874193973565,overlap-0357,"[""719272fb85ed849c"", ""da35158a5c58796a""]"
https://www.airbnb.com/rooms/1495888946851207370,overlap-0357,"[""719272fb85ed849c"", ""da35158a5c58796a""]"
https://www.airbnb.com/rooms/1495889355376322325,overlap-0357,"[""719272fb85ed849c"", ""da35158a5c58796a""]"
https://www.airbnb.com/rooms/1495889356768203161,overlap-0357,"[""719272fb85ed849c"", ""da35158a5c58796a""]"
https://www.airbnb.com/rooms/1495890363048195779,overlap-0357,"[""719272fb85ed849c"", ""da35158a5c58796a""]"
https://www.airbnb.com/rooms/1495890883865007858,overlap-0357,"[""719272fb85ed849c"", ""da35158a5c58796a""]"
https://www.airbnb.com/rooms/1495890888782938779,overlap-0357,"[""719272fb85ed849c"", ""da35158a5c58796a""]"
https://www.airbnb.com/rooms/1495891361047946347,overlap-0357,"[""719272fb85ed849c"", ""da35158a5c58796a""]"
https://www.airbnb.com/rooms/1495891362194455971,overlap-0357,"[""719272fb85ed849c"", ""da35158a5c58796a""]"
https://www.airbnb.com/rooms/1495891362440913781,overlap-0357,"[""719272fb85ed849c"", ""da35158a5c58796a""]"
https://www.airbnb.com/rooms/1495892888254676238,overlap-0357,"[""719272fb85ed849c"", ""da35158a5c58796a""]"
https://www.airbnb.com/rooms/1495892889330571194,overlap-0357,"[""719272fb85ed849c"", ""da35158a5c58796a""]"
https://www.airbnb.com/rooms/1495898944796152219,overlap-0357,"[""719272fb85ed849c"", ""da35158a5c58796a""]"
https://www.airbnb.com/rooms/1495899438921667179,overlap-0357,"[""719272fb85ed849c"", ""da35158a5c58796a""]"
https://www.airbnb.com/rooms/1495899451009460179,overlap-0357,"[""719272fb85ed849c"", ""da35158a5c58796a""]"
https://www.airbnb.com/rooms/1495899525767204170,overlap-0357,"[""719272fb85ed849c"", ""da35158a5c58796a""]"
https://www.airbnb.com/rooms/1495899956548010932,overlap-0357,"[""719272fb85ed849c"", ""da35158a5c58796a""]"
https://www.airbnb.com/rooms/1495902446043046321,overlap-0357,"[""719272fb85ed849c"", ""da35158a5c58796a""]"
https://www.airbnb.com/rooms/1495902958281041396,overlap-0357,"[""719272fb85ed849c"", ""da35158a5c58796a""]"
https://www.airbnb.com/rooms/1495902968388305097,overlap-0357,"[""719272fb85ed849c"", ""da35158a5c58796a""]"
https://www.airbnb.com/rooms/1495903435742460686,overlap-0357,"[""719272fb85ed849c"", ""da35158a5c58796a""]"
https://www.airbnb.com/rooms/1495903441305314337,overlap-0357,"[""719272fb85ed849c"", ""da35158a5c58796a""]"
https://www.airbnb.com/rooms/1495903969721888946,overlap-0357,"[""719272fb85ed849c"", ""da35158a5c58796a""]"
https://www.airbnb.com/rooms/1495904454397666805,overlap-0357,"[""719272fb85ed849c"", ""da35158a5c58796a""]"
https://www.airbnb.com/rooms/1495904966341355664,overlap-0357,"[""719272fb85ed849c"", ""da35158a5c58796a""]"
https://www.airbnb.com/rooms/1495905456763030924,overlap-0357,"[""719272fb85ed849c"", ""da35158a5c58796a""]"
https://www.airbnb.com/rooms/1495905463626419441,overlap-0357,"[""719272fb85ed849c"", ""da35158a5c58796a""]"
https://www.airbnb.com/rooms/1495905468790599912,overlap-0357,"[""719272fb85ed849c"", ""da35158a5c58796a""]"
https://www.airbnb.com/rooms/1495905923155647950,overlap-0357,"[""719272fb85ed849c"", ""da35158a5c58796a""]"
https://www.airbnb.com/rooms/1495905970129938221,overlap-0357,"[""719272fb85ed849c"", ""da35158a5c58796a""]"
https://www.airbnb.com/rooms/1495907046929264748,overlap-0357,"[""719272fb85ed849c"", ""da35158a5c58796a""]"
https://www.airbnb.com/rooms/1495907049847226030,overlap-0357,"[""719272fb85ed849c"", ""da35158a5c58796a""]"
https://www.airbnb.com/rooms/1495907985897857828,overlap-0357,"[""719272fb85ed849c"", ""da35158a5c58796a""]"
https://www.airbnb.com/rooms/1495908493938084039,overlap-0357,"[""719272fb85ed849c"", ""da35158a5c58796a""]"
https://www.airbnb.com/rooms/1495908494290341816,overlap-0357,"[""719272fb85ed849c"", ""da35158a5c58796a""]"
https://www.airbnb.com/rooms/1495908992477770648,overlap-0357,"[""719272fb85ed849c"", ""da35158a5c58796a""]"
https://www.airbnb.com/rooms/1495910000162880762,overlap-0357,"[""719272fb85ed849c"", ""da35158a5c58796a""]"
https://www.airbnb.com/rooms/1495910587144934957,overlap-0357,"[""719272fb85ed849c"", ""da35158a5c58796a""]"
https://www.airbnb.com/rooms/1506636184182659631,overlap-0357,"[""719272fb85ed849c"", ""da35158a5c58796a""]"
https://www.airbnb.com/rooms/1510997429494879453,overlap-0357,"[""719272fb85ed849c"", ""da35158a5c58796a""]"
https://www.airbnb.com/rooms/1510997916669037209,overlap-0357,"[""719272fb85ed849c"", ""da35158a5c58796a""]"
https://www.airbnb.com/rooms/1513837142833416483,overlap-0357,"[""719272fb85ed849c"", ""da35158a5c58796a""]"
https://www.airbnb.com/rooms/1563092176226230827,overlap-0357,"[""719272fb85ed849c"", ""da35158a5c58796a""]"
https://www.airbnb.com/rooms/1563139793178567639,overlap-0357,"[""719272fb85ed849c"", ""da35158a5c58796a""]"
https://www.airbnb.com/rooms/1576201940627939184,overlap-0357,"[""719272fb85ed849c"", ""da35158a5c58796a""]"
https://www.airbnb.com/rooms/1611703455448537990,overlap-0357,"[""719272fb85ed849c"", ""da35158a5c58796a""]"
https://www.airbnb.com/rooms/1611731148396967856,overlap-0357,"[""719272fb85ed849c"", ""da35158a5c58796a""]"
https://www.airbnb.com/rooms/1623952694348504088,overlap-0357,"[""719272fb85ed849c"", ""da35158a5c58796a""]"
https://www.airbnb.com/rooms/1623961745478786207,overlap-0357,"[""719272fb85ed849c"", ""da35158a5c58796a""]"
https://www.airbnb.com/rooms/1623963763405622904,overlap-0357,"[""719272fb85ed849c"", ""da35158a5c58796a""]"
https://www.airbnb.com/rooms/1626830143773275427,overlap-0357,"[""719272fb85ed849c"", ""da35158a5c58796a""]"
https://www.airbnb.com/rooms/1630459050575214743,overlap-0357,"[""719272fb85ed849c"", ""da35158a5c58796a""]"
https://www.airbnb.com/rooms/1630459052333530070,overlap-0357,"[""719272fb85ed849c"", ""da35158a5c58796a""]"
https://www.airbnb.com/rooms/1630459053311393179,overlap-0357,"[""719272fb85ed849c"", ""da35158a5c58796a""]"
https://www.airbnb.com/rooms/1650778445324374357,overlap-0357,"[""719272fb85ed849c"", ""da35158a5c58796a""]"
https://www.airbnb.com/rooms/1673282791820353127,overlap-0357,"[""719272fb85ed849c"", ""da35158a5c58796a""]"
https://www.airbnb.com/rooms/1690690780340979723,overlap-0357,"[""719272fb85ed849c"", ""da35158a5c58796a""]"
https://www.airbnb.com/rooms/1690731398079715565,overlap-0357,"[""719272fb85ed849c"", ""da35158a5c58796a""]"
https://www.airbnb.com/rooms/1692150427460726664,overlap-0357,"[""719272fb85ed849c"", ""da35158a5c58796a""]"
https://www.airbnb.com/rooms/1698597456531904637,overlap-0357,"[""719272fb85ed849c"", ""da35158a5c58796a""]"
https://www.airbnb.com/rooms/1698597639566141500,overlap-0357,"[""719272fb85ed849c"", ""da35158a5c58796a""]"
https://www.airbnb.com/rooms/1698597788406659025,overlap-0357,"[""719272fb85ed849c"", ""da35158a5c58796a""]"
https://www.airbnb.com/rooms/1698642924619695507,overlap-0357,"[""719272fb85ed849c"", ""da35158a5c58796a""]"
https://www.airbnb.com/rooms/1763301716809589636,overlap-0357,"[""719272fb85ed849c"", ""da35158a5c58796a""]"
https://www.airbnb.com/rooms/1093588452473562060,overlap-0358,"[""71b6bb6c23c6fc56"", ""74bbc2eadf811e8b"", ""9dc62c428c4f2bda"", ""a714aa5c0758dfbd""]"
https://www.airbnb.com/rooms/1545764393368367522,overlap-0358,"[""71b6bb6c23c6fc56"", ""74bbc2eadf811e8b"", ""9dc62c428c4f2bda"", ""a714aa5c0758dfbd""]"
https://www.airbnb.com/rooms/17522545,overlap-0358,"[""71b6bb6c23c6fc56"", ""74bbc2eadf811e8b"", ""9dc62c428c4f2bda"", ""a714aa5c0758dfbd""]"
https://www.airbnb.com/rooms/18548210,overlap-0358,"[""71b6bb6c23c6fc56"", ""74bbc2eadf811e8b"", ""9dc62c428c4f2bda"", ""a714aa5c0758dfbd""]"
https://www.airbnb.com/rooms/20916469,overlap-0358,"[""71b6bb6c23c6fc56"", ""74bbc2eadf811e8b"", ""9dc62c428c4f2bda"", ""a714aa5c0758dfbd""]"
https://www.airbnb.com/rooms/21296186,overlap-0358,"[""71b6bb6c23c6fc56"", ""74bbc2eadf811e8b"", ""9dc62c428c4f2bda"", ""a714aa5c0758dfbd""]"
https://www.airbnb.com/rooms/28867605,overlap-0358,"[""71b6bb6c23c6fc56"", ""74bbc2eadf811e8b"", ""9dc62c428c4f2bda"", ""a714aa5c0758dfbd""]"
https://www.airbnb.com/rooms/29758241,overlap-0358,"[""71b6bb6c23c6fc56"", ""74bbc2eadf811e8b"", ""9dc62c428c4f2bda"", ""a714aa5c0758dfbd""]"
https://www.airbnb.com/rooms/35573520,overlap-0358,"[""71b6bb6c23c6fc56"", ""74bbc2eadf811e8b"", ""9dc62c428c4f2bda"", ""a714aa5c0758dfbd""]"
https://www.airbnb.com/rooms/44633267,overlap-0358,"[""71b6bb6c23c6fc56"", ""74bbc2eadf811e8b"", ""9dc62c428c4f2bda"", ""a714aa5c0758dfbd""]"
https://www.airbnb.com/rooms/45609934,overlap-0358,"[""71b6bb6c23c6fc56"", ""74bbc2eadf811e8b"", ""9dc62c428c4f2bda"", ""a714aa5c0758dfbd""]"
https://www.airbnb.com/rooms/49566927,overlap-0358,"[""71b6bb6c23c6fc56"", ""74bbc2eadf811e8b"", ""9dc62c428c4f2bda"", ""a714aa5c0758dfbd""]"
https://www.airbnb.com/rooms/1052171911760784057,overlap-0359,"[""71b6bb6c23c6fc56"", ""90d38a1fc84b37fb""]"
https://www.airbnb.com/rooms/11963187,overlap-0359,"[""71b6bb6c23c6fc56"", ""90d38a1fc84b37fb""]"
https://www.airbnb.com/rooms/12105639,overlap-0359,"[""71b6bb6c23c6fc56"", ""90d38a1fc84b37fb""]"
https://www.airbnb.com/rooms/14247497,overlap-0359,"[""71b6bb6c23c6fc56"", ""90d38a1fc84b37fb""]"
https://www.airbnb.com/rooms/2181743,overlap-0359,"[""71b6bb6c23c6fc56"", ""90d38a1fc84b37fb""]"
https://www.airbnb.com/rooms/2581896,overlap-0359,"[""71b6bb6c23c6fc56"", ""90d38a1fc84b37fb""]"
https://www.airbnb.com/rooms/2694882,overlap-0359,"[""71b6bb6c23c6fc56"", ""90d38a1fc84b37fb""]"
https://www.airbnb.com/rooms/30268359,overlap-0359,"[""71b6bb6c23c6fc56"", ""90d38a1fc84b37fb""]"
https://www.airbnb.com/rooms/4511965,overlap-0359,"[""71b6bb6c23c6fc56"", ""90d38a1fc84b37fb""]"
https://www.airbnb.com/rooms/51473671,overlap-0359,"[""71b6bb6c23c6fc56"", ""90d38a1fc84b37fb""]"
https://www.airbnb.com/rooms/5480793,overlap-0359,"[""71b6bb6c23c6fc56"", ""90d38a1fc84b37fb""]"
https://www.airbnb.com/rooms/9185457,overlap-0359,"[""71b6bb6c23c6fc56"", ""90d38a1fc84b37fb""]"
https://www.airbnb.com/rooms/24000632,overlap-0360,"[""71b6bb6c23c6fc56"", ""90d38a1fc84b37fb"", ""dbc0cbbbbe8059c2""]"
https://www.airbnb.com/rooms/37046091,overlap-0360,"[""71b6bb6c23c6fc56"", ""90d38a1fc84b37fb"", ""dbc0cbbbbe8059c2""]"
https://www.airbnb.com/rooms/974617071158731679,overlap-0360,"[""71b6bb6c23c6fc56"", ""90d38a1fc84b37fb"", ""dbc0cbbbbe8059c2""]"
https://www.airbnb.com/rooms/1006989,overlap-0361,"[""71b6bb6c23c6fc56"", ""9dc62c428c4f2bda""]"
https://www.airbnb.com/rooms/1046563109962598448,overlap-0361,"[""71b6bb6c23c6fc56"", ""9dc62c428c4f2bda""]"
https://www.airbnb.com/rooms/1065284145873528848,overlap-0361,"[""71b6bb6c23c6fc56"", ""9dc62c428c4f2bda""]"
https://www.airbnb.com/rooms/1208997760048171954,overlap-0361,"[""71b6bb6c23c6fc56"", ""9dc62c428c4f2bda""]"
https://www.airbnb.com/rooms/1220338202898187474,overlap-0361,"[""71b6bb6c23c6fc56"", ""9dc62c428c4f2bda""]"
https://www.airbnb.com/rooms/1291628549759965103,overlap-0361,"[""71b6bb6c23c6fc56"", ""9dc62c428c4f2bda""]"
https://www.airbnb.com/rooms/1348559459613218281,overlap-0361,"[""71b6bb6c23c6fc56"", ""9dc62c428c4f2bda""]"
https://www.airbnb.com/rooms/1359673940668521681,overlap-0361,"[""71b6bb6c23c6fc56"", ""9dc62c428c4f2bda""]"
https://www.airbnb.com/rooms/1360154830684312744,overlap-0361,"[""71b6bb6c23c6fc56"", ""9dc62c428c4f2bda""]"
https://www.airbnb.com/rooms/1391573023632729279,overlap-0361,"[""71b6bb6c23c6fc56"", ""9dc62c428c4f2bda""]"
https://www.airbnb.com/rooms/1400705817367621522,overlap-0361,"[""71b6bb6c23c6fc56"", ""9dc62c428c4f2bda""]"
https://www.airbnb.com/rooms/14066922,overlap-0361,"[""71b6bb6c23c6fc56"", ""9dc62c428c4f2bda""]"
https://www.airbnb.com/rooms/1414591438312378700,overlap-0361,"[""71b6bb6c23c6fc56"", ""9dc62c428c4f2bda""]"
https://www.airbnb.com/rooms/1544407412008203702,overlap-0361,"[""71b6bb6c23c6fc56"", ""9dc62c428c4f2bda""]"
https://www.airbnb.com/rooms/1600853250447685105,overlap-0361,"[""71b6bb6c23c6fc56"", ""9dc62c428c4f2bda""]"
https://www.airbnb.com/rooms/1607372205745574662,overlap-0361,"[""71b6bb6c23c6fc56"", ""9dc62c428c4f2bda""]"
https://www.airbnb.com/rooms/1620328610114396808,overlap-0361,"[""71b6bb6c23c6fc56"", ""9dc62c428c4f2bda""]"
https://www.airbnb.com/rooms/1625413239104075686,overlap-0361,"[""71b6bb6c23c6fc56"", ""9dc62c428c4f2bda""]"
https://www.airbnb.com/rooms/1644597511289592451,overlap-0361,"[""71b6bb6c23c6fc56"", ""9dc62c428c4f2bda""]"
https://www.airbnb.com/rooms/1661560,overlap-0361,"[""71b6bb6c23c6fc56"", ""9dc62c428c4f2bda""]"
https://www.airbnb.com/rooms/1779392598094764338,overlap-0361,"[""71b6bb6c23c6fc56"", ""9dc62c428c4f2bda""]"
https://www.airbnb.com/rooms/20321909,overlap-0361,"[""71b6bb6c23c6fc56"", ""9dc62c428c4f2bda""]"
https://www.airbnb.com/rooms/21367589,overlap-0361,"[""71b6bb6c23c6fc56"", ""9dc62c428c4f2bda""]"
https://www.airbnb.com/rooms/21738248,overlap-0361,"[""71b6bb6c23c6fc56"", ""9dc62c428c4f2bda""]"
https://www.airbnb.com/rooms/24016571,overlap-0361,"[""71b6bb6c23c6fc56"", ""9dc62c428c4f2bda""]"
https://www.airbnb.com/rooms/2473234,overlap-0361,"[""71b6bb6c23c6fc56"", ""9dc62c428c4f2bda""]"
https://www.airbnb.com/rooms/25903972,overlap-0361,"[""71b6bb6c23c6fc56"", ""9dc62c428c4f2bda""]"
https://www.airbnb.com/rooms/3811909,overlap-0361,"[""71b6bb6c23c6fc56"", ""9dc62c428c4f2bda""]"
https://www.airbnb.com/rooms/38458295,overlap-0361,"[""71b6bb6c23c6fc56"", ""9dc62c428c4f2bda""]"
https://www.airbnb.com/rooms/40553487,overlap-0361,"[""71b6bb6c23c6fc56"", ""9dc62c428c4f2bda""]"
https://www.airbnb.com/rooms/4178988,overlap-0361,"[""71b6bb6c23c6fc56"", ""9dc62c428c4f2bda""]"
https://www.airbnb.com/rooms/4197716,overlap-0361,"[""71b6bb6c23c6fc56"", ""9dc62c428c4f2bda""]"
https://www.airbnb.com/rooms/42590238,overlap-0361,"[""71b6bb6c23c6fc56"", ""9dc62c428c4f2bda""]"
https://www.airbnb.com/rooms/45451337,overlap-0361,"[""71b6bb6c23c6fc56"", ""9dc62c428c4f2bda""]"
https://www.airbnb.com/rooms/4691716,overlap-0361,"[""71b6bb6c23c6fc56"", ""9dc62c428c4f2bda""]"
https://www.airbnb.com/rooms/4861360,overlap-0361,"[""71b6bb6c23c6fc56"", ""9dc62c428c4f2bda""]"
https://www.airbnb.com/rooms/49139733,overlap-0361,"[""71b6bb6c23c6fc56"", ""9dc62c428c4f2bda""]"
https://www.airbnb.com/rooms/49774737,overlap-0361,"[""71b6bb6c23c6fc56"", ""9dc62c428c4f2bda""]"
https://www.airbnb.com/rooms/49861878,overlap-0361,"[""71b6bb6c23c6fc56"", ""9dc62c428c4f2bda""]"
https://www.airbnb.com/rooms/49902333,overlap-0361,"[""71b6bb6c23c6fc56"", ""9dc62c428c4f2bda""]"
https://www.airbnb.com/rooms/50264707,overlap-0361,"[""71b6bb6c23c6fc56"", ""9dc62c428c4f2bda""]"
https://www.airbnb.com/rooms/51188144,overlap-0361,"[""71b6bb6c23c6fc56"", ""9dc62c428c4f2bda""]"
https://www.airbnb.com/rooms/52884276,overlap-0361,"[""71b6bb6c23c6fc56"", ""9dc62c428c4f2bda""]"
https://www.airbnb.com/rooms/567660718051404527,overlap-0361,"[""71b6bb6c23c6fc56"", ""9dc62c428c4f2bda""]"
https://www.airbnb.com/rooms/593355523723310990,overlap-0361,"[""71b6bb6c23c6fc56"", ""9dc62c428c4f2bda""]"
https://www.airbnb.com/rooms/635390447673274333,overlap-0361,"[""71b6bb6c23c6fc56"", ""9dc62c428c4f2bda""]"
https://www.airbnb.com/rooms/663108687557241383,overlap-0361,"[""71b6bb6c23c6fc56"", ""9dc62c428c4f2bda""]"
https://www.airbnb.com/rooms/674159,overlap-0361,"[""71b6bb6c23c6fc56"", ""9dc62c428c4f2bda""]"
https://www.airbnb.com/rooms/683938630906973068,overlap-0361,"[""71b6bb6c23c6fc56"", ""9dc62c428c4f2bda""]"
https://www.airbnb.com/rooms/688318916729878855,overlap-0361,"[""71b6bb6c23c6fc56"", ""9dc62c428c4f2bda""]"
https://www.airbnb.com/rooms/781873332161387131,overlap-0361,"[""71b6bb6c23c6fc56"", ""9dc62c428c4f2bda""]"
https://www.airbnb.com/rooms/793355698979435750,overlap-0361,"[""71b6bb6c23c6fc56"", ""9dc62c428c4f2bda""]"
https://www.airbnb.com/rooms/830535879485252484,overlap-0361,"[""71b6bb6c23c6fc56"", ""9dc62c428c4f2bda""]"
https://www.airbnb.com/rooms/890444793872296531,overlap-0361,"[""71b6bb6c23c6fc56"", ""9dc62c428c4f2bda""]"
https://www.airbnb.com/rooms/984058539589965166,overlap-0361,"[""71b6bb6c23c6fc56"", ""9dc62c428c4f2bda""]"
https://www.airbnb.com/rooms/1018783022490648179,overlap-0362,"[""748dc410023c720b"", ""d414467e874345f1""]"
https://www.airbnb.com/rooms/1123199024717432564,overlap-0362,"[""748dc410023c720b"", ""d414467e874345f1""]"
https://www.airbnb.com/rooms/1234163502290373123,overlap-0362,"[""748dc410023c720b"", ""d414467e874345f1""]"
https://www.airbnb.com/rooms/19671851,overlap-0362,"[""748dc410023c720b"", ""d414467e874345f1""]"
https://www.airbnb.com/rooms/20995462,overlap-0362,"[""748dc410023c720b"", ""d414467e874345f1""]"
https://www.airbnb.com/rooms/48155750,overlap-0362,"[""748dc410023c720b"", ""d414467e874345f1""]"
https://www.airbnb.com/rooms/720250946512730479,overlap-0362,"[""748dc410023c720b"", ""d414467e874345f1""]"
https://www.airbnb.com/rooms/841401022539273073,overlap-0362,"[""748dc410023c720b"", ""d414467e874345f1""]"
https://www.airbnb.com/rooms/887303849081430556,overlap-0362,"[""748dc410023c720b"", ""d414467e874345f1""]"
https://www.airbnb.com/rooms/793717368928835558,overlap-0363,"[""748dc410023c720b"", ""f7ad5e66fb110023""]"
https://www.airbnb.com/rooms/1637937868094081113,overlap-0364,"[""748fa7a260745e97"", ""ec90185c250eb407""]"
https://www.airbnb.com/rooms/1648725343405171725,overlap-0364,"[""748fa7a260745e97"", ""ec90185c250eb407""]"
https://www.airbnb.com/rooms/20864705,overlap-0364,"[""748fa7a260745e97"", ""ec90185c250eb407""]"
https://www.airbnb.com/rooms/43677333,overlap-0364,"[""748fa7a260745e97"", ""ec90185c250eb407""]"
https://www.airbnb.com/rooms/46746874,overlap-0364,"[""748fa7a260745e97"", ""ec90185c250eb407""]"
https://www.airbnb.com/rooms/49159162,overlap-0364,"[""748fa7a260745e97"", ""ec90185c250eb407""]"
https://www.airbnb.com/rooms/554287610193599984,overlap-0364,"[""748fa7a260745e97"", ""ec90185c250eb407""]"
https://www.airbnb.com/rooms/554287758090955448,overlap-0364,"[""748fa7a260745e97"", ""ec90185c250eb407""]"
https://www.airbnb.com/rooms/555003802932082787,overlap-0364,"[""748fa7a260745e97"", ""ec90185c250eb407""]"
https://www.airbnb.com/rooms/818777509816592425,overlap-0364,"[""748fa7a260745e97"", ""ec90185c250eb407""]"
https://www.airbnb.com/rooms/961551672450846483,overlap-0364,"[""748fa7a260745e97"", ""ec90185c250eb407""]"
https://www.airbnb.com/rooms/10353731,overlap-0365,"[""74bbc2eadf811e8b"", ""9dc62c428c4f2bda""]"
https://www.airbnb.com/rooms/17149970,overlap-0365,"[""74bbc2eadf811e8b"", ""9dc62c428c4f2bda""]"
https://www.airbnb.com/rooms/23503883,overlap-0365,"[""74bbc2eadf811e8b"", ""9dc62c428c4f2bda""]"
https://www.airbnb.com/rooms/37809196,overlap-0365,"[""74bbc2eadf811e8b"", ""9dc62c428c4f2bda""]"
https://www.airbnb.com/rooms/617502193477148076,overlap-0365,"[""74bbc2eadf811e8b"", ""9dc62c428c4f2bda""]"
https://www.airbnb.com/rooms/681649057040223314,overlap-0365,"[""74bbc2eadf811e8b"", ""9dc62c428c4f2bda""]"
https://www.airbnb.com/rooms/1351603185225229270,overlap-0366,"[""74bbc2eadf811e8b"", ""a714aa5c0758dfbd""]"
https://www.airbnb.com/rooms/1697991568380986699,overlap-0366,"[""74bbc2eadf811e8b"", ""a714aa5c0758dfbd""]"
https://www.airbnb.com/rooms/29218046,overlap-0366,"[""74bbc2eadf811e8b"", ""a714aa5c0758dfbd""]"
https://www.airbnb.com/rooms/52754078,overlap-0367,"[""74bbc2eadf811e8b"", ""a723ddd7e76c6067""]"
https://www.airbnb.com/rooms/841366583323887646,overlap-0367,"[""74bbc2eadf811e8b"", ""a723ddd7e76c6067""]"
https://www.airbnb.com/rooms/1468233345320768358,overlap-0368,"[""753d381f3e1dc100"", ""bb5191d1d8f68601"", ""dacbe4fa740d57a3""]"
https://www.airbnb.com/rooms/26990097,overlap-0369,"[""75d95203ee0835e5"", ""7b7d4a5ca11f13f6"", ""92a4f510b6bd2087"", ""e17a9dfcf67195a7""]"
https://www.airbnb.com/rooms/905232373261210686,overlap-0369,"[""75d95203ee0835e5"", ""7b7d4a5ca11f13f6"", ""92a4f510b6bd2087"", ""e17a9dfcf67195a7""]"
https://www.airbnb.com/rooms/1285837693465143293,overlap-0370,"[""75d95203ee0835e5"", ""92a4f510b6bd2087""]"
https://www.airbnb.com/rooms/13098951,overlap-0370,"[""75d95203ee0835e5"", ""92a4f510b6bd2087""]"
https://www.airbnb.com/rooms/1573611349690463473,overlap-0370,"[""75d95203ee0835e5"", ""92a4f510b6bd2087""]"
https://www.airbnb.com/rooms/1614674028395297847,overlap-0370,"[""75d95203ee0835e5"", ""92a4f510b6bd2087""]"
https://www.airbnb.com/rooms/32383961,overlap-0370,"[""75d95203ee0835e5"", ""92a4f510b6bd2087""]"
https://www.airbnb.com/rooms/42047642,overlap-0370,"[""75d95203ee0835e5"", ""92a4f510b6bd2087""]"
https://www.airbnb.com/rooms/51990775,overlap-0370,"[""75d95203ee0835e5"", ""92a4f510b6bd2087""]"
https://www.airbnb.com/rooms/53234679,overlap-0370,"[""75d95203ee0835e5"", ""92a4f510b6bd2087""]"
https://www.airbnb.com/rooms/788372779502707772,overlap-0370,"[""75d95203ee0835e5"", ""92a4f510b6bd2087""]"
https://www.airbnb.com/rooms/919499072362755979,overlap-0370,"[""75d95203ee0835e5"", ""92a4f510b6bd2087""]"
https://www.airbnb.com/rooms/1115173714902799663,overlap-0371,"[""75d95203ee0835e5"", ""a67c50cf4855328f""]"
https://www.airbnb.com/rooms/1146384192910106347,overlap-0371,"[""75d95203ee0835e5"", ""a67c50cf4855328f""]"
https://www.airbnb.com/rooms/1157154475062353004,overlap-0371,"[""75d95203ee0835e5"", ""a67c50cf4855328f""]"
https://www.airbnb.com/rooms/1360525756812536559,overlap-0371,"[""75d95203ee0835e5"", ""a67c50cf4855328f""]"
https://www.airbnb.com/rooms/1374235287145583739,overlap-0371,"[""75d95203ee0835e5"", ""a67c50cf4855328f""]"
https://www.airbnb.com/rooms/1379672019207900664,overlap-0371,"[""75d95203ee0835e5"", ""a67c50cf4855328f""]"
https://www.airbnb.com/rooms/1379822094617901204,overlap-0371,"[""75d95203ee0835e5"", ""a67c50cf4855328f""]"
https://www.airbnb.com/rooms/1379822190105397881,overlap-0371,"[""75d95203ee0835e5"", ""a67c50cf4855328f""]"
https://www.airbnb.com/rooms/1379822238099392456,overlap-0371,"[""75d95203ee0835e5"", ""a67c50cf4855328f""]"
https://www.airbnb.com/rooms/1381271863499930187,overlap-0371,"[""75d95203ee0835e5"", ""a67c50cf4855328f""]"
https://www.airbnb.com/rooms/1381272094242021687,overlap-0371,"[""75d95203ee0835e5"", ""a67c50cf4855328f""]"
https://www.airbnb.com/rooms/1383337800520243121,overlap-0371,"[""75d95203ee0835e5"", ""a67c50cf4855328f""]"
https://www.airbnb.com/rooms/1384503740393102821,overlap-0371,"[""75d95203ee0835e5"", ""a67c50cf4855328f""]"
https://www.airbnb.com/rooms/1385077512555963564,overlap-0371,"[""75d95203ee0835e5"", ""a67c50cf4855328f""]"
https://www.airbnb.com/rooms/1395699032776004951,overlap-0371,"[""75d95203ee0835e5"", ""a67c50cf4855328f""]"
https://www.airbnb.com/rooms/1396582463265930295,overlap-0371,"[""75d95203ee0835e5"", ""a67c50cf4855328f""]"
https://www.airbnb.com/rooms/1397216936380995919,overlap-0371,"[""75d95203ee0835e5"", ""a67c50cf4855328f""]"
https://www.airbnb.com/rooms/14419919,overlap-0371,"[""75d95203ee0835e5"", ""a67c50cf4855328f""]"
https://www.airbnb.com/rooms/1486609883230938150,overlap-0371,"[""75d95203ee0835e5"", ""a67c50cf4855328f""]"
https://www.airbnb.com/rooms/1531217258136267653,overlap-0371,"[""75d95203ee0835e5"", ""a67c50cf4855328f""]"
https://www.airbnb.com/rooms/1535676271984211088,overlap-0371,"[""75d95203ee0835e5"", ""a67c50cf4855328f""]"
https://www.airbnb.com/rooms/1551707440011861494,overlap-0371,"[""75d95203ee0835e5"", ""a67c50cf4855328f""]"
https://www.airbnb.com/rooms/1574738860194376633,overlap-0371,"[""75d95203ee0835e5"", ""a67c50cf4855328f""]"
https://www.airbnb.com/rooms/1574738947880891873,overlap-0371,"[""75d95203ee0835e5"", ""a67c50cf4855328f""]"
https://www.airbnb.com/rooms/1574784450907387851,overlap-0371,"[""75d95203ee0835e5"", ""a67c50cf4855328f""]"
https://www.airbnb.com/rooms/1574825724446413319,overlap-0371,"[""75d95203ee0835e5"", ""a67c50cf4855328f""]"
https://www.airbnb.com/rooms/1574830981253566801,overlap-0371,"[""75d95203ee0835e5"", ""a67c50cf4855328f""]"
https://www.airbnb.com/rooms/1574833472066403014,overlap-0371,"[""75d95203ee0835e5"", ""a67c50cf4855328f""]"
https://www.airbnb.com/rooms/1597983936947633255,overlap-0371,"[""75d95203ee0835e5"", ""a67c50cf4855328f""]"
https://www.airbnb.com/rooms/1685516732207124735,overlap-0371,"[""75d95203ee0835e5"", ""a67c50cf4855328f""]"
https://www.airbnb.com/rooms/1690014982095040929,overlap-0371,"[""75d95203ee0835e5"", ""a67c50cf4855328f""]"
https://www.airbnb.com/rooms/1690015867513470928,overlap-0371,"[""75d95203ee0835e5"", ""a67c50cf4855328f""]"
https://www.airbnb.com/rooms/1690016118402588290,overlap-0371,"[""75d95203ee0835e5"", ""a67c50cf4855328f""]"
https://www.airbnb.com/rooms/1705316757437388375,overlap-0371,"[""75d95203ee0835e5"", ""a67c50cf4855328f""]"
https://www.airbnb.com/rooms/1705326787948271480,overlap-0371,"[""75d95203ee0835e5"", ""a67c50cf4855328f""]"
https://www.airbnb.com/rooms/1705427603204563655,overlap-0371,"[""75d95203ee0835e5"", ""a67c50cf4855328f""]"
https://www.airbnb.com/rooms/1718860410690229769,overlap-0371,"[""75d95203ee0835e5"", ""a67c50cf4855328f""]"
https://www.airbnb.com/rooms/1718971101955028857,overlap-0371,"[""75d95203ee0835e5"", ""a67c50cf4855328f""]"
https://www.airbnb.com/rooms/1718975627675521088,overlap-0371,"[""75d95203ee0835e5"", ""a67c50cf4855328f""]"
https://www.airbnb.com/rooms/1740077483250924587,overlap-0371,"[""75d95203ee0835e5"", ""a67c50cf4855328f""]"
https://www.airbnb.com/rooms/1766803410468940299,overlap-0371,"[""75d95203ee0835e5"", ""a67c50cf4855328f""]"
https://www.airbnb.com/rooms/1771304084779410171,overlap-0371,"[""75d95203ee0835e5"", ""a67c50cf4855328f""]"
https://www.airbnb.com/rooms/1771863636005315508,overlap-0371,"[""75d95203ee0835e5"", ""a67c50cf4855328f""]"
https://www.airbnb.com/rooms/1779760578181096833,overlap-0371,"[""75d95203ee0835e5"", ""a67c50cf4855328f""]"
https://www.airbnb.com/rooms/1781910521191265219,overlap-0371,"[""75d95203ee0835e5"", ""a67c50cf4855328f""]"
https://www.airbnb.com/rooms/1782003830500869840,overlap-0371,"[""75d95203ee0835e5"", ""a67c50cf4855328f""]"
https://www.airbnb.com/rooms/1782011320923144383,overlap-0371,"[""75d95203ee0835e5"", ""a67c50cf4855328f""]"
https://www.airbnb.com/rooms/1782018034138139950,overlap-0371,"[""75d95203ee0835e5"", ""a67c50cf4855328f""]"
https://www.airbnb.com/rooms/18788008,overlap-0371,"[""75d95203ee0835e5"", ""a67c50cf4855328f""]"
https://www.airbnb.com/rooms/19274453,overlap-0371,"[""75d95203ee0835e5"", ""a67c50cf4855328f""]"
https://www.airbnb.com/rooms/20254385,overlap-0371,"[""75d95203ee0835e5"", ""a67c50cf4855328f""]"
https://www.airbnb.com/rooms/20279924,overlap-0371,"[""75d95203ee0835e5"", ""a67c50cf4855328f""]"
https://www.airbnb.com/rooms/20618929,overlap-0371,"[""75d95203ee0835e5"", ""a67c50cf4855328f""]"
https://www.airbnb.com/rooms/20620561,overlap-0371,"[""75d95203ee0835e5"", ""a67c50cf4855328f""]"
https://www.airbnb.com/rooms/20848750,overlap-0371,"[""75d95203ee0835e5"", ""a67c50cf4855328f""]"
https://www.airbnb.com/rooms/22264893,overlap-0371,"[""75d95203ee0835e5"", ""a67c50cf4855328f""]"
https://www.airbnb.com/rooms/22265309,overlap-0371,"[""75d95203ee0835e5"", ""a67c50cf4855328f""]"
https://www.airbnb.com/rooms/26321010,overlap-0371,"[""75d95203ee0835e5"", ""a67c50cf4855328f""]"
https://www.airbnb.com/rooms/26322622,overlap-0371,"[""75d95203ee0835e5"", ""a67c50cf4855328f""]"
https://www.airbnb.com/rooms/26329079,overlap-0371,"[""75d95203ee0835e5"", ""a67c50cf4855328f""]"
https://www.airbnb.com/rooms/27926507,overlap-0371,"[""75d95203ee0835e5"", ""a67c50cf4855328f""]"
https://www.airbnb.com/rooms/28697710,overlap-0371,"[""75d95203ee0835e5"", ""a67c50cf4855328f""]"
https://www.airbnb.com/rooms/3021231,overlap-0371,"[""75d95203ee0835e5"", ""a67c50cf4855328f""]"
https://www.airbnb.com/rooms/3686152,overlap-0371,"[""75d95203ee0835e5"", ""a67c50cf4855328f""]"
https://www.airbnb.com/rooms/38852575,overlap-0371,"[""75d95203ee0835e5"", ""a67c50cf4855328f""]"
https://www.airbnb.com/rooms/43423474,overlap-0371,"[""75d95203ee0835e5"", ""a67c50cf4855328f""]"
https://www.airbnb.com/rooms/43435358,overlap-0371,"[""75d95203ee0835e5"", ""a67c50cf4855328f""]"
https://www.airbnb.com/rooms/43435645,overlap-0371,"[""75d95203ee0835e5"", ""a67c50cf4855328f""]"
https://www.airbnb.com/rooms/43440543,overlap-0371,"[""75d95203ee0835e5"", ""a67c50cf4855328f""]"
https://www.airbnb.com/rooms/43441179,overlap-0371,"[""75d95203ee0835e5"", ""a67c50cf4855328f""]"
https://www.airbnb.com/rooms/43441469,overlap-0371,"[""75d95203ee0835e5"", ""a67c50cf4855328f""]"
https://www.airbnb.com/rooms/43522259,overlap-0371,"[""75d95203ee0835e5"", ""a67c50cf4855328f""]"
https://www.airbnb.com/rooms/43522468,overlap-0371,"[""75d95203ee0835e5"", ""a67c50cf4855328f""]"
https://www.airbnb.com/rooms/43523043,overlap-0371,"[""75d95203ee0835e5"", ""a67c50cf4855328f""]"
https://www.airbnb.com/rooms/43523367,overlap-0371,"[""75d95203ee0835e5"", ""a67c50cf4855328f""]"
https://www.airbnb.com/rooms/43523509,overlap-0371,"[""75d95203ee0835e5"", ""a67c50cf4855328f""]"
https://www.airbnb.com/rooms/43523632,overlap-0371,"[""75d95203ee0835e5"", ""a67c50cf4855328f""]"
https://www.airbnb.com/rooms/43530623,overlap-0371,"[""75d95203ee0835e5"", ""a67c50cf4855328f""]"
https://www.airbnb.com/rooms/43530832,overlap-0371,"[""75d95203ee0835e5"", ""a67c50cf4855328f""]"
https://www.airbnb.com/rooms/43531002,overlap-0371,"[""75d95203ee0835e5"", ""a67c50cf4855328f""]"
https://www.airbnb.com/rooms/46813432,overlap-0371,"[""75d95203ee0835e5"", ""a67c50cf4855328f""]"
https://www.airbnb.com/rooms/50305700,overlap-0371,"[""75d95203ee0835e5"", ""a67c50cf4855328f""]"
https://www.airbnb.com/rooms/50772179,overlap-0371,"[""75d95203ee0835e5"", ""a67c50cf4855328f""]"
https://www.airbnb.com/rooms/7603668,overlap-0371,"[""75d95203ee0835e5"", ""a67c50cf4855328f""]"
https://www.airbnb.com/rooms/8271426,overlap-0371,"[""75d95203ee0835e5"", ""a67c50cf4855328f""]"
https://www.airbnb.com/rooms/879691040908053555,overlap-0371,"[""75d95203ee0835e5"", ""a67c50cf4855328f""]"
https://www.airbnb.com/rooms/926296531681975468,overlap-0371,"[""75d95203ee0835e5"", ""a67c50cf4855328f""]"
https://www.airbnb.com/rooms/962165351836282545,overlap-0371,"[""75d95203ee0835e5"", ""a67c50cf4855328f""]"
https://www.airbnb.com/rooms/965170073325742093,overlap-0371,"[""75d95203ee0835e5"", ""a67c50cf4855328f""]"
https://www.airbnb.com/rooms/990639021722503807,overlap-0371,"[""75d95203ee0835e5"", ""a67c50cf4855328f""]"
https://www.airbnb.com/rooms/1184152667203936005,overlap-0372,"[""75d95203ee0835e5"", ""e17a9dfcf67195a7""]"
https://www.airbnb.com/rooms/1228317966849633396,overlap-0372,"[""75d95203ee0835e5"", ""e17a9dfcf67195a7""]"
https://www.airbnb.com/rooms/1442384874256366923,overlap-0372,"[""75d95203ee0835e5"", ""e17a9dfcf67195a7""]"
https://www.airbnb.com/rooms/1452516571706917347,overlap-0372,"[""75d95203ee0835e5"", ""e17a9dfcf67195a7""]"
https://www.airbnb.com/rooms/1454720164373556896,overlap-0372,"[""75d95203ee0835e5"", ""e17a9dfcf67195a7""]"
https://www.airbnb.com/rooms/1454750418339385427,overlap-0372,"[""75d95203ee0835e5"", ""e17a9dfcf67195a7""]"
https://www.airbnb.com/rooms/1454791747695376361,overlap-0372,"[""75d95203ee0835e5"", ""e17a9dfcf67195a7""]"
https://www.airbnb.com/rooms/1454803288032390488,overlap-0372,"[""75d95203ee0835e5"", ""e17a9dfcf67195a7""]"
https://www.airbnb.com/rooms/1456820305294731061,overlap-0372,"[""75d95203ee0835e5"", ""e17a9dfcf67195a7""]"
https://www.airbnb.com/rooms/1458103944540345121,overlap-0372,"[""75d95203ee0835e5"", ""e17a9dfcf67195a7""]"
https://www.airbnb.com/rooms/1458167494556324510,overlap-0372,"[""75d95203ee0835e5"", ""e17a9dfcf67195a7""]"
https://www.airbnb.com/rooms/1458203577516215602,overlap-0372,"[""75d95203ee0835e5"", ""e17a9dfcf67195a7""]"
https://www.airbnb.com/rooms/1485724242171356204,overlap-0372,"[""75d95203ee0835e5"", ""e17a9dfcf67195a7""]"
https://www.airbnb.com/rooms/1598663100036689571,overlap-0372,"[""75d95203ee0835e5"", ""e17a9dfcf67195a7""]"
https://www.airbnb.com/rooms/1607326515384992234,overlap-0372,"[""75d95203ee0835e5"", ""e17a9dfcf67195a7""]"
https://www.airbnb.com/rooms/1613096100831840476,overlap-0372,"[""75d95203ee0835e5"", ""e17a9dfcf67195a7""]"
https://www.airbnb.com/rooms/29689085,overlap-0372,"[""75d95203ee0835e5"", ""e17a9dfcf67195a7""]"
https://www.airbnb.com/rooms/29818977,overlap-0372,"[""75d95203ee0835e5"", ""e17a9dfcf67195a7""]"
https://www.airbnb.com/rooms/30564045,overlap-0372,"[""75d95203ee0835e5"", ""e17a9dfcf67195a7""]"
https://www.airbnb.com/rooms/33975840,overlap-0372,"[""75d95203ee0835e5"", ""e17a9dfcf67195a7""]"
https://www.airbnb.com/rooms/41952018,overlap-0372,"[""75d95203ee0835e5"", ""e17a9dfcf67195a7""]"
https://www.airbnb.com/rooms/42023814,overlap-0372,"[""75d95203ee0835e5"", ""e17a9dfcf67195a7""]"
https://www.airbnb.com/rooms/42048197,overlap-0372,"[""75d95203ee0835e5"", ""e17a9dfcf67195a7""]"
https://www.airbnb.com/rooms/42160751,overlap-0372,"[""75d95203ee0835e5"", ""e17a9dfcf67195a7""]"
https://www.airbnb.com/rooms/45382985,overlap-0372,"[""75d95203ee0835e5"", ""e17a9dfcf67195a7""]"
https://www.airbnb.com/rooms/49116222,overlap-0372,"[""75d95203ee0835e5"", ""e17a9dfcf67195a7""]"
https://www.airbnb.com/rooms/53138027,overlap-0372,"[""75d95203ee0835e5"", ""e17a9dfcf67195a7""]"
https://www.airbnb.com/rooms/546580167757305317,overlap-0372,"[""75d95203ee0835e5"", ""e17a9dfcf67195a7""]"
https://www.airbnb.com/rooms/634837162467437440,overlap-0372,"[""75d95203ee0835e5"", ""e17a9dfcf67195a7""]"
https://www.airbnb.com/rooms/684680979902076244,overlap-0372,"[""75d95203ee0835e5"", ""e17a9dfcf67195a7""]"
https://www.airbnb.com/rooms/1206625454274379649,overlap-0373,"[""76cebeeeb6077f97"", ""bec3bb2a4f9abe22""]"
https://www.airbnb.com/rooms/1491960967012582696,overlap-0373,"[""76cebeeeb6077f97"", ""bec3bb2a4f9abe22""]"
https://www.airbnb.com/rooms/1491980234080611570,overlap-0373,"[""76cebeeeb6077f97"", ""bec3bb2a4f9abe22""]"
https://www.airbnb.com/rooms/1495700259432098047,overlap-0373,"[""76cebeeeb6077f97"", ""bec3bb2a4f9abe22""]"
https://www.airbnb.com/rooms/1735909422115523116,overlap-0373,"[""76cebeeeb6077f97"", ""bec3bb2a4f9abe22""]"
https://www.airbnb.com/rooms/26807712,overlap-0373,"[""76cebeeeb6077f97"", ""bec3bb2a4f9abe22""]"
https://www.airbnb.com/rooms/26808416,overlap-0373,"[""76cebeeeb6077f97"", ""bec3bb2a4f9abe22""]"
https://www.airbnb.com/rooms/46734335,overlap-0373,"[""76cebeeeb6077f97"", ""bec3bb2a4f9abe22""]"
https://www.airbnb.com/rooms/1123257512541974139,overlap-0374,"[""79a0b85430e711c7"", ""e492281c54b36956""]"
https://www.airbnb.com/rooms/1125269442500592745,overlap-0374,"[""79a0b85430e711c7"", ""e492281c54b36956""]"
https://www.airbnb.com/rooms/1125278647247124888,overlap-0374,"[""79a0b85430e711c7"", ""e492281c54b36956""]"
https://www.airbnb.com/rooms/1127877557441683854,overlap-0374,"[""79a0b85430e711c7"", ""e492281c54b36956""]"
https://www.airbnb.com/rooms/1128287201619695640,overlap-0374,"[""79a0b85430e711c7"", ""e492281c54b36956""]"
https://www.airbnb.com/rooms/1150637619407363689,overlap-0374,"[""79a0b85430e711c7"", ""e492281c54b36956""]"
https://www.airbnb.com/rooms/1150668637759817311,overlap-0374,"[""79a0b85430e711c7"", ""e492281c54b36956""]"
https://www.airbnb.com/rooms/1182596901146552546,overlap-0374,"[""79a0b85430e711c7"", ""e492281c54b36956""]"
https://www.airbnb.com/rooms/1185030236726173326,overlap-0374,"[""79a0b85430e711c7"", ""e492281c54b36956""]"
https://www.airbnb.com/rooms/1210065309194867549,overlap-0374,"[""79a0b85430e711c7"", ""e492281c54b36956""]"
https://www.airbnb.com/rooms/1225314139269374279,overlap-0374,"[""79a0b85430e711c7"", ""e492281c54b36956""]"
https://www.airbnb.com/rooms/1323356135212145577,overlap-0374,"[""79a0b85430e711c7"", ""e492281c54b36956""]"
https://www.airbnb.com/rooms/1342525770572847596,overlap-0374,"[""79a0b85430e711c7"", ""e492281c54b36956""]"
https://www.airbnb.com/rooms/1343480052645158406,overlap-0374,"[""79a0b85430e711c7"", ""e492281c54b36956""]"
https://www.airbnb.com/rooms/1372886226014004423,overlap-0374,"[""79a0b85430e711c7"", ""e492281c54b36956""]"
https://www.airbnb.com/rooms/1387364066730404560,overlap-0374,"[""79a0b85430e711c7"", ""e492281c54b36956""]"
https://www.airbnb.com/rooms/1389912106366002474,overlap-0374,"[""79a0b85430e711c7"", ""e492281c54b36956""]"
https://www.airbnb.com/rooms/1467514295217013978,overlap-0374,"[""79a0b85430e711c7"", ""e492281c54b36956""]"
https://www.airbnb.com/rooms/1506283040068901525,overlap-0374,"[""79a0b85430e711c7"", ""e492281c54b36956""]"
https://www.airbnb.com/rooms/1533362995321969128,overlap-0374,"[""79a0b85430e711c7"", ""e492281c54b36956""]"
https://www.airbnb.com/rooms/1704565097733078500,overlap-0374,"[""79a0b85430e711c7"", ""e492281c54b36956""]"
https://www.airbnb.com/rooms/24280277,overlap-0374,"[""79a0b85430e711c7"", ""e492281c54b36956""]"
https://www.airbnb.com/rooms/54056641,overlap-0374,"[""79a0b85430e711c7"", ""e492281c54b36956""]"
https://www.airbnb.com/rooms/1595796878905475971,overlap-0375,"[""7ac3caed72b37776"", ""af5e23be9c459821""]"
https://www.airbnb.com/rooms/1638446694835439873,overlap-0376,"[""7ac3caed72b37776"", ""af5e23be9c459821"", ""e689c59e8509269a""]"
https://www.airbnb.com/rooms/1501571176588511422,overlap-0377,"[""7b7d4a5ca11f13f6"", ""92a4f510b6bd2087""]"
https://www.airbnb.com/rooms/30389810,overlap-0377,"[""7b7d4a5ca11f13f6"", ""92a4f510b6bd2087""]"
https://www.airbnb.com/rooms/1387660764601545673,overlap-0378,"[""7b7d4a5ca11f13f6"", ""e17a9dfcf67195a7""]"
https://www.airbnb.com/rooms/1740644756666159878,overlap-0378,"[""7b7d4a5ca11f13f6"", ""e17a9dfcf67195a7""]"
https://www.airbnb.com/rooms/1751405925332335123,overlap-0378,"[""7b7d4a5ca11f13f6"", ""e17a9dfcf67195a7""]"
https://www.airbnb.com/rooms/20143595,overlap-0378,"[""7b7d4a5ca11f13f6"", ""e17a9dfcf67195a7""]"
https://www.airbnb.com/rooms/35612368,overlap-0378,"[""7b7d4a5ca11f13f6"", ""e17a9dfcf67195a7""]"
https://www.airbnb.com/rooms/689869381512337633,overlap-0378,"[""7b7d4a5ca11f13f6"", ""e17a9dfcf67195a7""]"
https://www.airbnb.com/rooms/884709011515575081,overlap-0378,"[""7b7d4a5ca11f13f6"", ""e17a9dfcf67195a7""]"
https://www.airbnb.com/rooms/1199956976163891111,overlap-0379,"[""7b7d4a5ca11f13f6"", ""e17a9dfcf67195a7"", ""f55b82152f929f43""]"
https://www.airbnb.com/rooms/1202358268234958357,overlap-0379,"[""7b7d4a5ca11f13f6"", ""e17a9dfcf67195a7"", ""f55b82152f929f43""]"
https://www.airbnb.com/rooms/1222547425469398928,overlap-0379,"[""7b7d4a5ca11f13f6"", ""e17a9dfcf67195a7"", ""f55b82152f929f43""]"
https://www.airbnb.com/rooms/12763495,overlap-0379,"[""7b7d4a5ca11f13f6"", ""e17a9dfcf67195a7"", ""f55b82152f929f43""]"
https://www.airbnb.com/rooms/32337830,overlap-0379,"[""7b7d4a5ca11f13f6"", ""e17a9dfcf67195a7"", ""f55b82152f929f43""]"
https://www.airbnb.com/rooms/1035614020575860175,overlap-0380,"[""7b7d4a5ca11f13f6"", ""f55b82152f929f43""]"
https://www.airbnb.com/rooms/15863202,overlap-0380,"[""7b7d4a5ca11f13f6"", ""f55b82152f929f43""]"
https://www.airbnb.com/rooms/1607326435661304147,overlap-0380,"[""7b7d4a5ca11f13f6"", ""f55b82152f929f43""]"
https://www.airbnb.com/rooms/1607326439389153260,overlap-0380,"[""7b7d4a5ca11f13f6"", ""f55b82152f929f43""]"
https://www.airbnb.com/rooms/1607326440836726914,overlap-0380,"[""7b7d4a5ca11f13f6"", ""f55b82152f929f43""]"
https://www.airbnb.com/rooms/1679629488741673691,overlap-0380,"[""7b7d4a5ca11f13f6"", ""f55b82152f929f43""]"
https://www.airbnb.com/rooms/1709411316607055372,overlap-0380,"[""7b7d4a5ca11f13f6"", ""f55b82152f929f43""]"
https://www.airbnb.com/rooms/1752216000337437757,overlap-0380,"[""7b7d4a5ca11f13f6"", ""f55b82152f929f43""]"
https://www.airbnb.com/rooms/1752960779434425141,overlap-0380,"[""7b7d4a5ca11f13f6"", ""f55b82152f929f43""]"
https://www.airbnb.com/rooms/33342479,overlap-0380,"[""7b7d4a5ca11f13f6"", ""f55b82152f929f43""]"
https://www.airbnb.com/rooms/42584155,overlap-0380,"[""7b7d4a5ca11f13f6"", ""f55b82152f929f43""]"
https://www.airbnb.com/rooms/42605009,overlap-0380,"[""7b7d4a5ca11f13f6"", ""f55b82152f929f43""]"
https://www.airbnb.com/rooms/42605012,overlap-0380,"[""7b7d4a5ca11f13f6"", ""f55b82152f929f43""]"
https://www.airbnb.com/rooms/4275484,overlap-0380,"[""7b7d4a5ca11f13f6"", ""f55b82152f929f43""]"
https://www.airbnb.com/rooms/50194230,overlap-0380,"[""7b7d4a5ca11f13f6"", ""f55b82152f929f43""]"
https://www.airbnb.com/rooms/50618540,overlap-0380,"[""7b7d4a5ca11f13f6"", ""f55b82152f929f43""]"
https://www.airbnb.com/rooms/50916161,overlap-0380,"[""7b7d4a5ca11f13f6"", ""f55b82152f929f43""]"
https://www.airbnb.com/rooms/50916580,overlap-0380,"[""7b7d4a5ca11f13f6"", ""f55b82152f929f43""]"
https://www.airbnb.com/rooms/53398044,overlap-0380,"[""7b7d4a5ca11f13f6"", ""f55b82152f929f43""]"
https://www.airbnb.com/rooms/54291984,overlap-0380,"[""7b7d4a5ca11f13f6"", ""f55b82152f929f43""]"
https://www.airbnb.com/rooms/6600619,overlap-0380,"[""7b7d4a5ca11f13f6"", ""f55b82152f929f43""]"
https://www.airbnb.com/rooms/7367968,overlap-0380,"[""7b7d4a5ca11f13f6"", ""f55b82152f929f43""]"
https://www.airbnb.com/rooms/924076402217225856,overlap-0380,"[""7b7d4a5ca11f13f6"", ""f55b82152f929f43""]"
https://www.airbnb.com/rooms/1277150931572877062,overlap-0381,"[""8661324004dc4c06"", ""8a38d23afc99f71b""]"
https://www.airbnb.com/rooms/14152602,overlap-0381,"[""8661324004dc4c06"", ""8a38d23afc99f71b""]"
https://www.airbnb.com/rooms/14633012,overlap-0381,"[""8661324004dc4c06"", ""8a38d23afc99f71b""]"
https://www.airbnb.com/rooms/18160736,overlap-0381,"[""8661324004dc4c06"", ""8a38d23afc99f71b""]"
https://www.airbnb.com/rooms/20300880,overlap-0381,"[""8661324004dc4c06"", ""8a38d23afc99f71b""]"
https://www.airbnb.com/rooms/33556052,overlap-0381,"[""8661324004dc4c06"", ""8a38d23afc99f71b""]"
https://www.airbnb.com/rooms/5920152,overlap-0381,"[""8661324004dc4c06"", ""8a38d23afc99f71b""]"
https://www.airbnb.com/rooms/744105801513964568,overlap-0381,"[""8661324004dc4c06"", ""8a38d23afc99f71b""]"
https://www.airbnb.com/rooms/8993928,overlap-0381,"[""8661324004dc4c06"", ""8a38d23afc99f71b""]"
https://www.airbnb.com/rooms/965181426153644043,overlap-0381,"[""8661324004dc4c06"", ""8a38d23afc99f71b""]"
https://www.airbnb.com/rooms/1017631054188924055,overlap-0382,"[""8661324004dc4c06"", ""d414467e874345f1""]"
https://www.airbnb.com/rooms/1090622487218886213,overlap-0382,"[""8661324004dc4c06"", ""d414467e874345f1""]"
https://www.airbnb.com/rooms/1106207598088568423,overlap-0382,"[""8661324004dc4c06"", ""d414467e874345f1""]"
https://www.airbnb.com/rooms/1106544737462697053,overlap-0382,"[""8661324004dc4c06"", ""d414467e874345f1""]"
https://www.airbnb.com/rooms/1190822642510714441,overlap-0382,"[""8661324004dc4c06"", ""d414467e874345f1""]"
https://www.airbnb.com/rooms/1295685561052834851,overlap-0382,"[""8661324004dc4c06"", ""d414467e874345f1""]"
https://www.airbnb.com/rooms/1692940232568798936,overlap-0382,"[""8661324004dc4c06"", ""d414467e874345f1""]"
https://www.airbnb.com/rooms/22279337,overlap-0382,"[""8661324004dc4c06"", ""d414467e874345f1""]"
https://www.airbnb.com/rooms/28742424,overlap-0382,"[""8661324004dc4c06"", ""d414467e874345f1""]"
https://www.airbnb.com/rooms/40786443,overlap-0382,"[""8661324004dc4c06"", ""d414467e874345f1""]"
https://www.airbnb.com/rooms/635542699625828859,overlap-0382,"[""8661324004dc4c06"", ""d414467e874345f1""]"
https://www.airbnb.com/rooms/10017234,overlap-0383,"[""8661324004dc4c06"", ""d46bc721e229d901""]"
https://www.airbnb.com/rooms/1165340498130182114,overlap-0383,"[""8661324004dc4c06"", ""d46bc721e229d901""]"
https://www.airbnb.com/rooms/1169052067468240292,overlap-0383,"[""8661324004dc4c06"", ""d46bc721e229d901""]"
https://www.airbnb.com/rooms/1171849287587670295,overlap-0383,"[""8661324004dc4c06"", ""d46bc721e229d901""]"
https://www.airbnb.com/rooms/1174121943355496605,overlap-0383,"[""8661324004dc4c06"", ""d46bc721e229d901""]"
https://www.airbnb.com/rooms/1174133500250244219,overlap-0383,"[""8661324004dc4c06"", ""d46bc721e229d901""]"
https://www.airbnb.com/rooms/1181936763741191385,overlap-0383,"[""8661324004dc4c06"", ""d46bc721e229d901""]"
https://www.airbnb.com/rooms/11928110,overlap-0383,"[""8661324004dc4c06"", ""d46bc721e229d901""]"
https://www.airbnb.com/rooms/1243527607998209550,overlap-0383,"[""8661324004dc4c06"", ""d46bc721e229d901""]"
https://www.airbnb.com/rooms/1243574909237358996,overlap-0383,"[""8661324004dc4c06"", ""d46bc721e229d901""]"
https://www.airbnb.com/rooms/1243641824668560560,overlap-0383,"[""8661324004dc4c06"", ""d46bc721e229d901""]"
https://www.airbnb.com/rooms/1244885055411597763,overlap-0383,"[""8661324004dc4c06"", ""d46bc721e229d901""]"
https://www.airbnb.com/rooms/1244993905608498554,overlap-0383,"[""8661324004dc4c06"", ""d46bc721e229d901""]"
https://www.airbnb.com/rooms/1252911199122410582,overlap-0383,"[""8661324004dc4c06"", ""d46bc721e229d901""]"
https://www.airbnb.com/rooms/1254283651523508342,overlap-0383,"[""8661324004dc4c06"", ""d46bc721e229d901""]"
https://www.airbnb.com/rooms/1262987110511199499,overlap-0383,"[""8661324004dc4c06"", ""d46bc721e229d901""]"
https://www.airbnb.com/rooms/1263055625279075954,overlap-0383,"[""8661324004dc4c06"", ""d46bc721e229d901""]"
https://www.airbnb.com/rooms/1263146929783582877,overlap-0383,"[""8661324004dc4c06"", ""d46bc721e229d901""]"
https://www.airbnb.com/rooms/1294311099880517951,overlap-0383,"[""8661324004dc4c06"", ""d46bc721e229d901""]"
https://www.airbnb.com/rooms/1294316211979278330,overlap-0383,"[""8661324004dc4c06"", ""d46bc721e229d901""]"
https://www.airbnb.com/rooms/1295102432337316970,overlap-0383,"[""8661324004dc4c06"", ""d46bc721e229d901""]"
https://www.airbnb.com/rooms/1330548906883092222,overlap-0383,"[""8661324004dc4c06"", ""d46bc721e229d901""]"
https://www.airbnb.com/rooms/1376286726988679347,overlap-0383,"[""8661324004dc4c06"", ""d46bc721e229d901""]"
https://www.airbnb.com/rooms/14385230,overlap-0383,"[""8661324004dc4c06"", ""d46bc721e229d901""]"
https://www.airbnb.com/rooms/15342576,overlap-0383,"[""8661324004dc4c06"", ""d46bc721e229d901""]"
https://www.airbnb.com/rooms/1537240810704710343,overlap-0383,"[""8661324004dc4c06"", ""d46bc721e229d901""]"
https://www.airbnb.com/rooms/1553767368614016013,overlap-0383,"[""8661324004dc4c06"", ""d46bc721e229d901""]"
https://www.airbnb.com/rooms/15659470,overlap-0383,"[""8661324004dc4c06"", ""d46bc721e229d901""]"
https://www.airbnb.com/rooms/16193463,overlap-0383,"[""8661324004dc4c06"", ""d46bc721e229d901""]"
https://www.airbnb.com/rooms/1648114811478323557,overlap-0383,"[""8661324004dc4c06"", ""d46bc721e229d901""]"
https://www.airbnb.com/rooms/1660119667953317175,overlap-0383,"[""8661324004dc4c06"", ""d46bc721e229d901""]"
https://www.airbnb.com/rooms/1714020854143180102,overlap-0383,"[""8661324004dc4c06"", ""d46bc721e229d901""]"
https://www.airbnb.com/rooms/1729923809026540507,overlap-0383,"[""8661324004dc4c06"", ""d46bc721e229d901""]"
https://www.airbnb.com/rooms/1762344077461864112,overlap-0383,"[""8661324004dc4c06"", ""d46bc721e229d901""]"
https://www.airbnb.com/rooms/25813364,overlap-0383,"[""8661324004dc4c06"", ""d46bc721e229d901""]"
https://www.airbnb.com/rooms/25871118,overlap-0383,"[""8661324004dc4c06"", ""d46bc721e229d901""]"
https://www.airbnb.com/rooms/26800336,overlap-0383,"[""8661324004dc4c06"", ""d46bc721e229d901""]"
https://www.airbnb.com/rooms/34892378,overlap-0383,"[""8661324004dc4c06"", ""d46bc721e229d901""]"
https://www.airbnb.com/rooms/43908723,overlap-0383,"[""8661324004dc4c06"", ""d46bc721e229d901""]"
https://www.airbnb.com/rooms/47549281,overlap-0383,"[""8661324004dc4c06"", ""d46bc721e229d901""]"
https://www.airbnb.com/rooms/50133961,overlap-0383,"[""8661324004dc4c06"", ""d46bc721e229d901""]"
https://www.airbnb.com/rooms/51405562,overlap-0383,"[""8661324004dc4c06"", ""d46bc721e229d901""]"
https://www.airbnb.com/rooms/51421015,overlap-0383,"[""8661324004dc4c06"", ""d46bc721e229d901""]"
https://www.airbnb.com/rooms/51422175,overlap-0383,"[""8661324004dc4c06"", ""d46bc721e229d901""]"
https://www.airbnb.com/rooms/51422180,overlap-0383,"[""8661324004dc4c06"", ""d46bc721e229d901""]"
https://www.airbnb.com/rooms/51977426,overlap-0383,"[""8661324004dc4c06"", ""d46bc721e229d901""]"
https://www.airbnb.com/rooms/54160076,overlap-0383,"[""8661324004dc4c06"", ""d46bc721e229d901""]"
https://www.airbnb.com/rooms/54160631,overlap-0383,"[""8661324004dc4c06"", ""d46bc721e229d901""]"
https://www.airbnb.com/rooms/679535653990877777,overlap-0383,"[""8661324004dc4c06"", ""d46bc721e229d901""]"
https://www.airbnb.com/rooms/739752440543689915,overlap-0383,"[""8661324004dc4c06"", ""d46bc721e229d901""]"
https://www.airbnb.com/rooms/757092169192332061,overlap-0383,"[""8661324004dc4c06"", ""d46bc721e229d901""]"
https://www.airbnb.com/rooms/780380182680969651,overlap-0383,"[""8661324004dc4c06"", ""d46bc721e229d901""]"
https://www.airbnb.com/rooms/866869353614261095,overlap-0383,"[""8661324004dc4c06"", ""d46bc721e229d901""]"
https://www.airbnb.com/rooms/912395083257486449,overlap-0383,"[""8661324004dc4c06"", ""d46bc721e229d901""]"
https://www.airbnb.com/rooms/924711686102994280,overlap-0383,"[""8661324004dc4c06"", ""d46bc721e229d901""]"
https://www.airbnb.com/rooms/965236318874582150,overlap-0383,"[""8661324004dc4c06"", ""d46bc721e229d901""]"
https://www.airbnb.com/rooms/1435948861539769174,overlap-0384,"[""8a38d23afc99f71b"", ""a58bd3a96204124e""]"
https://www.airbnb.com/rooms/37936461,overlap-0384,"[""8a38d23afc99f71b"", ""a58bd3a96204124e""]"
https://www.airbnb.com/rooms/45908788,overlap-0384,"[""8a38d23afc99f71b"", ""a58bd3a96204124e""]"
https://www.airbnb.com/rooms/54185439,overlap-0385,"[""8a38d23afc99f71b"", ""a58bd3a96204124e"", ""b82d092d9a73a1e2""]"
https://www.airbnb.com/rooms/1486963612718118059,overlap-0386,"[""8a38d23afc99f71b"", ""b82d092d9a73a1e2""]"
https://www.airbnb.com/rooms/17726939,overlap-0386,"[""8a38d23afc99f71b"", ""b82d092d9a73a1e2""]"
https://www.airbnb.com/rooms/21491535,overlap-0386,"[""8a38d23afc99f71b"", ""b82d092d9a73a1e2""]"
https://www.airbnb.com/rooms/22303367,overlap-0386,"[""8a38d23afc99f71b"", ""b82d092d9a73a1e2""]"
https://www.airbnb.com/rooms/31626962,overlap-0386,"[""8a38d23afc99f71b"", ""b82d092d9a73a1e2""]"
https://www.airbnb.com/rooms/931270693309262928,overlap-0386,"[""8a38d23afc99f71b"", ""b82d092d9a73a1e2""]"
https://www.airbnb.com/rooms/1097802671017310791,overlap-0387,"[""90d38a1fc84b37fb"", ""dbc0cbbbbe8059c2""]"
https://www.airbnb.com/rooms/13634095,overlap-0387,"[""90d38a1fc84b37fb"", ""dbc0cbbbbe8059c2""]"
https://www.airbnb.com/rooms/15706869,overlap-0387,"[""90d38a1fc84b37fb"", ""dbc0cbbbbe8059c2""]"
https://www.airbnb.com/rooms/1427709001535917003,overlap-0388,"[""90d38a1fc84b37fb"", ""dbc0cbbbbe8059c2"", ""dc62be73502b3909""]"
https://www.airbnb.com/rooms/1694147199116005396,overlap-0389,"[""90d38a1fc84b37fb"", ""dc62be73502b3909""]"
https://www.airbnb.com/rooms/395889,overlap-0389,"[""90d38a1fc84b37fb"", ""dc62be73502b3909""]"
https://www.airbnb.com/rooms/46828232,overlap-0389,"[""90d38a1fc84b37fb"", ""dc62be73502b3909""]"
https://www.airbnb.com/rooms/901618842466044609,overlap-0389,"[""90d38a1fc84b37fb"", ""dc62be73502b3909""]"
https://www.airbnb.com/rooms/9330812,overlap-0389,"[""90d38a1fc84b37fb"", ""dc62be73502b3909""]"
https://www.airbnb.com/rooms/969457766071736305,overlap-0389,"[""90d38a1fc84b37fb"", ""dc62be73502b3909""]"
https://www.airbnb.com/rooms/1012345994778055058,overlap-0390,"[""951fe003703d658c"", ""987cbb9cb8d52ba7"", ""cbb40e0838ca9635""]"
https://www.airbnb.com/rooms/11562188,overlap-0390,"[""951fe003703d658c"", ""987cbb9cb8d52ba7"", ""cbb40e0838ca9635""]"
https://www.airbnb.com/rooms/1265554654167059579,overlap-0390,"[""951fe003703d658c"", ""987cbb9cb8d52ba7"", ""cbb40e0838ca9635""]"
https://www.airbnb.com/rooms/1432675097642752291,overlap-0390,"[""951fe003703d658c"", ""987cbb9cb8d52ba7"", ""cbb40e0838ca9635""]"
https://www.airbnb.com/rooms/1599068407234909694,overlap-0390,"[""951fe003703d658c"", ""987cbb9cb8d52ba7"", ""cbb40e0838ca9635""]"
https://www.airbnb.com/rooms/16320147,overlap-0390,"[""951fe003703d658c"", ""987cbb9cb8d52ba7"", ""cbb40e0838ca9635""]"
https://www.airbnb.com/rooms/1636964978763730472,overlap-0390,"[""951fe003703d658c"", ""987cbb9cb8d52ba7"", ""cbb40e0838ca9635""]"
https://www.airbnb.com/rooms/1639241867044955300,overlap-0390,"[""951fe003703d658c"", ""987cbb9cb8d52ba7"", ""cbb40e0838ca9635""]"
https://www.airbnb.com/rooms/1648705815303662503,overlap-0390,"[""951fe003703d658c"", ""987cbb9cb8d52ba7"", ""cbb40e0838ca9635""]"
https://www.airbnb.com/rooms/1710262097225785733,overlap-0390,"[""951fe003703d658c"", ""987cbb9cb8d52ba7"", ""cbb40e0838ca9635""]"
https://www.airbnb.com/rooms/1710263434853249762,overlap-0390,"[""951fe003703d658c"", ""987cbb9cb8d52ba7"", ""cbb40e0838ca9635""]"
https://www.airbnb.com/rooms/1710264622471061145,overlap-0390,"[""951fe003703d658c"", ""987cbb9cb8d52ba7"", ""cbb40e0838ca9635""]"
https://www.airbnb.com/rooms/1710265966687300556,overlap-0390,"[""951fe003703d658c"", ""987cbb9cb8d52ba7"", ""cbb40e0838ca9635""]"
https://www.airbnb.com/rooms/1710267309847165579,overlap-0390,"[""951fe003703d658c"", ""987cbb9cb8d52ba7"", ""cbb40e0838ca9635""]"
https://www.airbnb.com/rooms/1719003866921934806,overlap-0390,"[""951fe003703d658c"", ""987cbb9cb8d52ba7"", ""cbb40e0838ca9635""]"
https://www.airbnb.com/rooms/1735742587464777324,overlap-0390,"[""951fe003703d658c"", ""987cbb9cb8d52ba7"", ""cbb40e0838ca9635""]"
https://www.airbnb.com/rooms/1735829336277433141,overlap-0390,"[""951fe003703d658c"", ""987cbb9cb8d52ba7"", ""cbb40e0838ca9635""]"
https://www.airbnb.com/rooms/1735852199667432299,overlap-0390,"[""951fe003703d658c"", ""987cbb9cb8d52ba7"", ""cbb40e0838ca9635""]"
https://www.airbnb.com/rooms/1735868302476328590,overlap-0390,"[""951fe003703d658c"", ""987cbb9cb8d52ba7"", ""cbb40e0838ca9635""]"
https://www.airbnb.com/rooms/1735882419941416381,overlap-0390,"[""951fe003703d658c"", ""987cbb9cb8d52ba7"", ""cbb40e0838ca9635""]"
https://www.airbnb.com/rooms/1735897678581600969,overlap-0390,"[""951fe003703d658c"", ""987cbb9cb8d52ba7"", ""cbb40e0838ca9635""]"
https://www.airbnb.com/rooms/1735907616598423535,overlap-0390,"[""951fe003703d658c"", ""987cbb9cb8d52ba7"", ""cbb40e0838ca9635""]"
https://www.airbnb.com/rooms/1737131796832591724,overlap-0390,"[""951fe003703d658c"", ""987cbb9cb8d52ba7"", ""cbb40e0838ca9635""]"
https://www.airbnb.com/rooms/1737311031535615953,overlap-0390,"[""951fe003703d658c"", ""987cbb9cb8d52ba7"", ""cbb40e0838ca9635""]"
https://www.airbnb.com/rooms/1737804580167431950,overlap-0390,"[""951fe003703d658c"", ""987cbb9cb8d52ba7"", ""cbb40e0838ca9635""]"
https://www.airbnb.com/rooms/1737824809850404362,overlap-0390,"[""951fe003703d658c"", ""987cbb9cb8d52ba7"", ""cbb40e0838ca9635""]"
https://www.airbnb.com/rooms/1737875121858946998,overlap-0390,"[""951fe003703d658c"", ""987cbb9cb8d52ba7"", ""cbb40e0838ca9635""]"
https://www.airbnb.com/rooms/1737882360068060753,overlap-0390,"[""951fe003703d658c"", ""987cbb9cb8d52ba7"", ""cbb40e0838ca9635""]"
https://www.airbnb.com/rooms/1740777101793723183,overlap-0390,"[""951fe003703d658c"", ""987cbb9cb8d52ba7"", ""cbb40e0838ca9635""]"
https://www.airbnb.com/rooms/23003276,overlap-0390,"[""951fe003703d658c"", ""987cbb9cb8d52ba7"", ""cbb40e0838ca9635""]"
https://www.airbnb.com/rooms/23752202,overlap-0390,"[""951fe003703d658c"", ""987cbb9cb8d52ba7"", ""cbb40e0838ca9635""]"
https://www.airbnb.com/rooms/28847024,overlap-0390,"[""951fe003703d658c"", ""987cbb9cb8d52ba7"", ""cbb40e0838ca9635""]"
https://www.airbnb.com/rooms/33454889,overlap-0390,"[""951fe003703d658c"", ""987cbb9cb8d52ba7"", ""cbb40e0838ca9635""]"
https://www.airbnb.com/rooms/33523226,overlap-0390,"[""951fe003703d658c"", ""987cbb9cb8d52ba7"", ""cbb40e0838ca9635""]"
https://www.airbnb.com/rooms/3398939,overlap-0390,"[""951fe003703d658c"", ""987cbb9cb8d52ba7"", ""cbb40e0838ca9635""]"
https://www.airbnb.com/rooms/36523604,overlap-0390,"[""951fe003703d658c"", ""987cbb9cb8d52ba7"", ""cbb40e0838ca9635""]"
https://www.airbnb.com/rooms/36701832,overlap-0390,"[""951fe003703d658c"", ""987cbb9cb8d52ba7"", ""cbb40e0838ca9635""]"
https://www.airbnb.com/rooms/42310730,overlap-0390,"[""951fe003703d658c"", ""987cbb9cb8d52ba7"", ""cbb40e0838ca9635""]"
https://www.airbnb.com/rooms/4354794,overlap-0390,"[""951fe003703d658c"", ""987cbb9cb8d52ba7"", ""cbb40e0838ca9635""]"
https://www.airbnb.com/rooms/48712573,overlap-0390,"[""951fe003703d658c"", ""987cbb9cb8d52ba7"", ""cbb40e0838ca9635""]"
https://www.airbnb.com/rooms/49073393,overlap-0390,"[""951fe003703d658c"", ""987cbb9cb8d52ba7"", ""cbb40e0838ca9635""]"
https://www.airbnb.com/rooms/49074946,overlap-0390,"[""951fe003703d658c"", ""987cbb9cb8d52ba7"", ""cbb40e0838ca9635""]"
https://www.airbnb.com/rooms/49751855,overlap-0390,"[""951fe003703d658c"", ""987cbb9cb8d52ba7"", ""cbb40e0838ca9635""]"
https://www.airbnb.com/rooms/49753337,overlap-0390,"[""951fe003703d658c"", ""987cbb9cb8d52ba7"", ""cbb40e0838ca9635""]"
https://www.airbnb.com/rooms/53969196,overlap-0390,"[""951fe003703d658c"", ""987cbb9cb8d52ba7"", ""cbb40e0838ca9635""]"
https://www.airbnb.com/rooms/569589677050138138,overlap-0390,"[""951fe003703d658c"", ""987cbb9cb8d52ba7"", ""cbb40e0838ca9635""]"
https://www.airbnb.com/rooms/660080388531675338,overlap-0390,"[""951fe003703d658c"", ""987cbb9cb8d52ba7"", ""cbb40e0838ca9635""]"
https://www.airbnb.com/rooms/726060893732596027,overlap-0390,"[""951fe003703d658c"", ""987cbb9cb8d52ba7"", ""cbb40e0838ca9635""]"
https://www.airbnb.com/rooms/732771034186554494,overlap-0390,"[""951fe003703d658c"", ""987cbb9cb8d52ba7"", ""cbb40e0838ca9635""]"
https://www.airbnb.com/rooms/920973607863092620,overlap-0390,"[""951fe003703d658c"", ""987cbb9cb8d52ba7"", ""cbb40e0838ca9635""]"
https://www.airbnb.com/rooms/944330377780154206,overlap-0390,"[""951fe003703d658c"", ""987cbb9cb8d52ba7"", ""cbb40e0838ca9635""]"
https://www.airbnb.com/rooms/997151714054575983,overlap-0390,"[""951fe003703d658c"", ""987cbb9cb8d52ba7"", ""cbb40e0838ca9635""]"
https://www.airbnb.com/rooms/1058080942001570389,overlap-0391,"[""951fe003703d658c"", ""cbb40e0838ca9635""]"
https://www.airbnb.com/rooms/1120466972478238479,overlap-0391,"[""951fe003703d658c"", ""cbb40e0838ca9635""]"
https://www.airbnb.com/rooms/1245586427573097042,overlap-0391,"[""951fe003703d658c"", ""cbb40e0838ca9635""]"
https://www.airbnb.com/rooms/1274141872951561770,overlap-0391,"[""951fe003703d658c"", ""cbb40e0838ca9635""]"
https://www.airbnb.com/rooms/1293047720545303695,overlap-0391,"[""951fe003703d658c"", ""cbb40e0838ca9635""]"
https://www.airbnb.com/rooms/1293553408964174246,overlap-0391,"[""951fe003703d658c"", ""cbb40e0838ca9635""]"
https://www.airbnb.com/rooms/1293616233756272898,overlap-0391,"[""951fe003703d658c"", ""cbb40e0838ca9635""]"
https://www.airbnb.com/rooms/1293679719178544232,overlap-0391,"[""951fe003703d658c"", ""cbb40e0838ca9635""]"
https://www.airbnb.com/rooms/1293892137051139059,overlap-0391,"[""951fe003703d658c"", ""cbb40e0838ca9635""]"
https://www.airbnb.com/rooms/1294306796351181799,overlap-0391,"[""951fe003703d658c"", ""cbb40e0838ca9635""]"
https://www.airbnb.com/rooms/1326974292296804620,overlap-0391,"[""951fe003703d658c"", ""cbb40e0838ca9635""]"
https://www.airbnb.com/rooms/1405161060265471456,overlap-0391,"[""951fe003703d658c"", ""cbb40e0838ca9635""]"
https://www.airbnb.com/rooms/1405303734033567116,overlap-0391,"[""951fe003703d658c"", ""cbb40e0838ca9635""]"
https://www.airbnb.com/rooms/1412621501760047815,overlap-0391,"[""951fe003703d658c"", ""cbb40e0838ca9635""]"
https://www.airbnb.com/rooms/1412638105710512708,overlap-0391,"[""951fe003703d658c"", ""cbb40e0838ca9635""]"
https://www.airbnb.com/rooms/1412650324851646527,overlap-0391,"[""951fe003703d658c"", ""cbb40e0838ca9635""]"
https://www.airbnb.com/rooms/14318833,overlap-0391,"[""951fe003703d658c"", ""cbb40e0838ca9635""]"
https://www.airbnb.com/rooms/1437888743421181964,overlap-0391,"[""951fe003703d658c"", ""cbb40e0838ca9635""]"
https://www.airbnb.com/rooms/1462380844900468326,overlap-0391,"[""951fe003703d658c"", ""cbb40e0838ca9635""]"
https://www.airbnb.com/rooms/1468222475174279004,overlap-0391,"[""951fe003703d658c"", ""cbb40e0838ca9635""]"
https://www.airbnb.com/rooms/1468226001593058919,overlap-0391,"[""951fe003703d658c"", ""cbb40e0838ca9635""]"
https://www.airbnb.com/rooms/1528988185022668529,overlap-0391,"[""951fe003703d658c"", ""cbb40e0838ca9635""]"
https://www.airbnb.com/rooms/1594592746618767404,overlap-0391,"[""951fe003703d658c"", ""cbb40e0838ca9635""]"
https://www.airbnb.com/rooms/1639528592312919203,overlap-0391,"[""951fe003703d658c"", ""cbb40e0838ca9635""]"
https://www.airbnb.com/rooms/1640211177349364216,overlap-0391,"[""951fe003703d658c"", ""cbb40e0838ca9635""]"
https://www.airbnb.com/rooms/1644332877369740313,overlap-0391,"[""951fe003703d658c"", ""cbb40e0838ca9635""]"
https://www.airbnb.com/rooms/1648141761366525374,overlap-0391,"[""951fe003703d658c"", ""cbb40e0838ca9635""]"
https://www.airbnb.com/rooms/1648164695602155297,overlap-0391,"[""951fe003703d658c"", ""cbb40e0838ca9635""]"
https://www.airbnb.com/rooms/1648172408316089744,overlap-0391,"[""951fe003703d658c"", ""cbb40e0838ca9635""]"
https://www.airbnb.com/rooms/1648210728767345334,overlap-0391,"[""951fe003703d658c"", ""cbb40e0838ca9635""]"
https://www.airbnb.com/rooms/1648219726177037510,overlap-0391,"[""951fe003703d658c"", ""cbb40e0838ca9635""]"
https://www.airbnb.com/rooms/1648221907082371072,overlap-0391,"[""951fe003703d658c"", ""cbb40e0838ca9635""]"
https://www.airbnb.com/rooms/1670536858739338825,overlap-0391,"[""951fe003703d658c"", ""cbb40e0838ca9635""]"
https://www.airbnb.com/rooms/1694130130067121041,overlap-0391,"[""951fe003703d658c"", ""cbb40e0838ca9635""]"
https://www.airbnb.com/rooms/1705266321940557095,overlap-0391,"[""951fe003703d658c"", ""cbb40e0838ca9635""]"
https://www.airbnb.com/rooms/1705858403252820681,overlap-0391,"[""951fe003703d658c"", ""cbb40e0838ca9635""]"
https://www.airbnb.com/rooms/1705874986288966716,overlap-0391,"[""951fe003703d658c"", ""cbb40e0838ca9635""]"
https://www.airbnb.com/rooms/1705974178087253990,overlap-0391,"[""951fe003703d658c"", ""cbb40e0838ca9635""]"
https://www.airbnb.com/rooms/1706599168169262067,overlap-0391,"[""951fe003703d658c"", ""cbb40e0838ca9635""]"
https://www.airbnb.com/rooms/1706618918799104083,overlap-0391,"[""951fe003703d658c"", ""cbb40e0838ca9635""]"
https://www.airbnb.com/rooms/1706642209475154347,overlap-0391,"[""951fe003703d658c"", ""cbb40e0838ca9635""]"
https://www.airbnb.com/rooms/1706652816543225098,overlap-0391,"[""951fe003703d658c"", ""cbb40e0838ca9635""]"
https://www.airbnb.com/rooms/1706660109644878543,overlap-0391,"[""951fe003703d658c"", ""cbb40e0838ca9635""]"
https://www.airbnb.com/rooms/1706681019008156917,overlap-0391,"[""951fe003703d658c"", ""cbb40e0838ca9635""]"
https://www.airbnb.com/rooms/1706689030244341506,overlap-0391,"[""951fe003703d658c"", ""cbb40e0838ca9635""]"
https://www.airbnb.com/rooms/1706699320439507176,overlap-0391,"[""951fe003703d658c"", ""cbb40e0838ca9635""]"
https://www.airbnb.com/rooms/1706706287651810799,overlap-0391,"[""951fe003703d658c"", ""cbb40e0838ca9635""]"
https://www.airbnb.com/rooms/1720537756744201140,overlap-0391,"[""951fe003703d658c"", ""cbb40e0838ca9635""]"
https://www.airbnb.com/rooms/1729888747048323266,overlap-0391,"[""951fe003703d658c"", ""cbb40e0838ca9635""]"
https://www.airbnb.com/rooms/1732798364775207685,overlap-0391,"[""951fe003703d658c"", ""cbb40e0838ca9635""]"
https://www.airbnb.com/rooms/1732811952701813115,overlap-0391,"[""951fe003703d658c"", ""cbb40e0838ca9635""]"
https://www.airbnb.com/rooms/1732828362510534078,overlap-0391,"[""951fe003703d658c"", ""cbb40e0838ca9635""]"
https://www.airbnb.com/rooms/1732865637984291594,overlap-0391,"[""951fe003703d658c"", ""cbb40e0838ca9635""]"
https://www.airbnb.com/rooms/1733076378404496993,overlap-0391,"[""951fe003703d658c"", ""cbb40e0838ca9635""]"
https://www.airbnb.com/rooms/1733411497246857769,overlap-0391,"[""951fe003703d658c"", ""cbb40e0838ca9635""]"
https://www.airbnb.com/rooms/1733427139663384917,overlap-0391,"[""951fe003703d658c"", ""cbb40e0838ca9635""]"
https://www.airbnb.com/rooms/1733431158321529822,overlap-0391,"[""951fe003703d658c"", ""cbb40e0838ca9635""]"
https://www.airbnb.com/rooms/1733438490127240113,overlap-0391,"[""951fe003703d658c"", ""cbb40e0838ca9635""]"
https://www.airbnb.com/rooms/1737312681692289469,overlap-0391,"[""951fe003703d658c"", ""cbb40e0838ca9635""]"
https://www.airbnb.com/rooms/17572874,overlap-0391,"[""951fe003703d658c"", ""cbb40e0838ca9635""]"
https://www.airbnb.com/rooms/21256452,overlap-0391,"[""951fe003703d658c"", ""cbb40e0838ca9635""]"
https://www.airbnb.com/rooms/28132994,overlap-0391,"[""951fe003703d658c"", ""cbb40e0838ca9635""]"
https://www.airbnb.com/rooms/28148865,overlap-0391,"[""951fe003703d658c"", ""cbb40e0838ca9635""]"
https://www.airbnb.com/rooms/3123909,overlap-0391,"[""951fe003703d658c"", ""cbb40e0838ca9635""]"
https://www.airbnb.com/rooms/31765360,overlap-0391,"[""951fe003703d658c"", ""cbb40e0838ca9635""]"
https://www.airbnb.com/rooms/32765613,overlap-0391,"[""951fe003703d658c"", ""cbb40e0838ca9635""]"
https://www.airbnb.com/rooms/38260125,overlap-0391,"[""951fe003703d658c"", ""cbb40e0838ca9635""]"
https://www.airbnb.com/rooms/47582472,overlap-0391,"[""951fe003703d658c"", ""cbb40e0838ca9635""]"
https://www.airbnb.com/rooms/51117438,overlap-0391,"[""951fe003703d658c"", ""cbb40e0838ca9635""]"
https://www.airbnb.com/rooms/54228687,overlap-0391,"[""951fe003703d658c"", ""cbb40e0838ca9635""]"
https://www.airbnb.com/rooms/587157632061682350,overlap-0391,"[""951fe003703d658c"", ""cbb40e0838ca9635""]"
https://www.airbnb.com/rooms/587158173461757231,overlap-0391,"[""951fe003703d658c"", ""cbb40e0838ca9635""]"
https://www.airbnb.com/rooms/587158401761219683,overlap-0391,"[""951fe003703d658c"", ""cbb40e0838ca9635""]"
https://www.airbnb.com/rooms/587158906669173983,overlap-0391,"[""951fe003703d658c"", ""cbb40e0838ca9635""]"
https://www.airbnb.com/rooms/587167469744829761,overlap-0391,"[""951fe003703d658c"", ""cbb40e0838ca9635""]"
https://www.airbnb.com/rooms/587167658727312839,overlap-0391,"[""951fe003703d658c"", ""cbb40e0838ca9635""]"
https://www.airbnb.com/rooms/587167739932600968,overlap-0391,"[""951fe003703d658c"", ""cbb40e0838ca9635""]"
https://www.airbnb.com/rooms/587167969606150873,overlap-0391,"[""951fe003703d658c"", ""cbb40e0838ca9635""]"
https://www.airbnb.com/rooms/587168061942014640,overlap-0391,"[""951fe003703d658c"", ""cbb40e0838ca9635""]"
https://www.airbnb.com/rooms/587168243725685894,overlap-0391,"[""951fe003703d658c"", ""cbb40e0838ca9635""]"
https://www.airbnb.com/rooms/587170199756289224,overlap-0391,"[""951fe003703d658c"", ""cbb40e0838ca9635""]"
https://www.airbnb.com/rooms/587170390346385929,overlap-0391,"[""951fe003703d658c"", ""cbb40e0838ca9635""]"
https://www.airbnb.com/rooms/587170588728192379,overlap-0391,"[""951fe003703d658c"", ""cbb40e0838ca9635""]"
https://www.airbnb.com/rooms/587170756938665773,overlap-0391,"[""951fe003703d658c"", ""cbb40e0838ca9635""]"
https://www.airbnb.com/rooms/587171394114710390,overlap-0391,"[""951fe003703d658c"", ""cbb40e0838ca9635""]"
https://www.airbnb.com/rooms/587172141616449645,overlap-0391,"[""951fe003703d658c"", ""cbb40e0838ca9635""]"
https://www.airbnb.com/rooms/587172823930276146,overlap-0391,"[""951fe003703d658c"", ""cbb40e0838ca9635""]"
https://www.airbnb.com/rooms/587174082385205490,overlap-0391,"[""951fe003703d658c"", ""cbb40e0838ca9635""]"
https://www.airbnb.com/rooms/587175383461635672,overlap-0391,"[""951fe003703d658c"", ""cbb40e0838ca9635""]"
https://www.airbnb.com/rooms/587175636420574969,overlap-0391,"[""951fe003703d658c"", ""cbb40e0838ca9635""]"
https://www.airbnb.com/rooms/6238833,overlap-0391,"[""951fe003703d658c"", ""cbb40e0838ca9635""]"
https://www.airbnb.com/rooms/627552290933578663,overlap-0391,"[""951fe003703d658c"", ""cbb40e0838ca9635""]"
https://www.airbnb.com/rooms/755948348238857790,overlap-0391,"[""951fe003703d658c"", ""cbb40e0838ca9635""]"
https://www.airbnb.com/rooms/976016244278497211,overlap-0391,"[""951fe003703d658c"", ""cbb40e0838ca9635""]"
https://www.airbnb.com/rooms/977587247539554998,overlap-0391,"[""951fe003703d658c"", ""cbb40e0838ca9635""]"
https://www.airbnb.com/rooms/998491454831581259,overlap-0391,"[""951fe003703d658c"", ""cbb40e0838ca9635""]"
https://www.airbnb.com/rooms/30536057,overlap-0392,"[""951fe003703d658c"", ""cbb40e0838ca9635"", ""d380eca185b98727""]"
https://www.airbnb.com/rooms/826249325549324525,overlap-0392,"[""951fe003703d658c"", ""cbb40e0838ca9635"", ""d380eca185b98727""]"
https://www.airbnb.com/rooms/1034912940468069111,overlap-0393,"[""986af307665ba993"", ""a714aa5c0758dfbd""]"
https://www.airbnb.com/rooms/1093482588734104496,overlap-0393,"[""986af307665ba993"", ""a714aa5c0758dfbd""]"
https://www.airbnb.com/rooms/1171897030665124822,overlap-0393,"[""986af307665ba993"", ""a714aa5c0758dfbd""]"
https://www.airbnb.com/rooms/1171960627227908596,overlap-0393,"[""986af307665ba993"", ""a714aa5c0758dfbd""]"
https://www.airbnb.com/rooms/1171966497467167856,overlap-0393,"[""986af307665ba993"", ""a714aa5c0758dfbd""]"
https://www.airbnb.com/rooms/1171972603117720490,overlap-0393,"[""986af307665ba993"", ""a714aa5c0758dfbd""]"
https://www.airbnb.com/rooms/1171976700089580533,overlap-0393,"[""986af307665ba993"", ""a714aa5c0758dfbd""]"
https://www.airbnb.com/rooms/1171983289485089656,overlap-0393,"[""986af307665ba993"", ""a714aa5c0758dfbd""]"
https://www.airbnb.com/rooms/1171988528579393056,overlap-0393,"[""986af307665ba993"", ""a714aa5c0758dfbd""]"
https://www.airbnb.com/rooms/1171993990646787245,overlap-0393,"[""986af307665ba993"", ""a714aa5c0758dfbd""]"
https://www.airbnb.com/rooms/1171999431564067727,overlap-0393,"[""986af307665ba993"", ""a714aa5c0758dfbd""]"
https://www.airbnb.com/rooms/1172503456116141956,overlap-0393,"[""986af307665ba993"", ""a714aa5c0758dfbd""]"
https://www.airbnb.com/rooms/1172512874074892203,overlap-0393,"[""986af307665ba993"", ""a714aa5c0758dfbd""]"
https://www.airbnb.com/rooms/1172518381737885445,overlap-0393,"[""986af307665ba993"", ""a714aa5c0758dfbd""]"
https://www.airbnb.com/rooms/1172525223021452761,overlap-0393,"[""986af307665ba993"", ""a714aa5c0758dfbd""]"
https://www.airbnb.com/rooms/1172529853681445638,overlap-0393,"[""986af307665ba993"", ""a714aa5c0758dfbd""]"
https://www.airbnb.com/rooms/1172595080379676306,overlap-0393,"[""986af307665ba993"", ""a714aa5c0758dfbd""]"
https://www.airbnb.com/rooms/1172611774701144204,overlap-0393,"[""986af307665ba993"", ""a714aa5c0758dfbd""]"
https://www.airbnb.com/rooms/1178421058805662809,overlap-0393,"[""986af307665ba993"", ""a714aa5c0758dfbd""]"
https://www.airbnb.com/rooms/1178434443794558127,overlap-0393,"[""986af307665ba993"", ""a714aa5c0758dfbd""]"
https://www.airbnb.com/rooms/1178448510542231600,overlap-0393,"[""986af307665ba993"", ""a714aa5c0758dfbd""]"
https://www.airbnb.com/rooms/1178459375258993016,overlap-0393,"[""986af307665ba993"", ""a714aa5c0758dfbd""]"
https://www.airbnb.com/rooms/1320663769217362763,overlap-0393,"[""986af307665ba993"", ""a714aa5c0758dfbd""]"
https://www.airbnb.com/rooms/13313321,overlap-0393,"[""986af307665ba993"", ""a714aa5c0758dfbd""]"
https://www.airbnb.com/rooms/1709013271559356301,overlap-0393,"[""986af307665ba993"", ""a714aa5c0758dfbd""]"
https://www.airbnb.com/rooms/1752207067445710271,overlap-0393,"[""986af307665ba993"", ""a714aa5c0758dfbd""]"
https://www.airbnb.com/rooms/19141445,overlap-0393,"[""986af307665ba993"", ""a714aa5c0758dfbd""]"
https://www.airbnb.com/rooms/28587150,overlap-0393,"[""986af307665ba993"", ""a714aa5c0758dfbd""]"
https://www.airbnb.com/rooms/30131268,overlap-0393,"[""986af307665ba993"", ""a714aa5c0758dfbd""]"
https://www.airbnb.com/rooms/3043332,overlap-0393,"[""986af307665ba993"", ""a714aa5c0758dfbd""]"
https://www.airbnb.com/rooms/30464076,overlap-0393,"[""986af307665ba993"", ""a714aa5c0758dfbd""]"
https://www.airbnb.com/rooms/35619358,overlap-0393,"[""986af307665ba993"", ""a714aa5c0758dfbd""]"
https://www.airbnb.com/rooms/52601004,overlap-0393,"[""986af307665ba993"", ""a714aa5c0758dfbd""]"
https://www.airbnb.com/rooms/757221721671641030,overlap-0393,"[""986af307665ba993"", ""a714aa5c0758dfbd""]"
https://www.airbnb.com/rooms/7860065,overlap-0393,"[""986af307665ba993"", ""a714aa5c0758dfbd""]"
https://www.airbnb.com/rooms/899336308056085190,overlap-0393,"[""986af307665ba993"", ""a714aa5c0758dfbd""]"
https://www.airbnb.com/rooms/909475630037371035,overlap-0393,"[""986af307665ba993"", ""a714aa5c0758dfbd""]"
https://www.airbnb.com/rooms/48529052,overlap-0394,"[""986af307665ba993"", ""a714aa5c0758dfbd"", ""c465b13e6ee9e3f9""]"
https://www.airbnb.com/rooms/1059337876232735200,overlap-0395,"[""986af307665ba993"", ""c8f88860f2a3fc87""]"
https://www.airbnb.com/rooms/1364763966554115862,overlap-0395,"[""986af307665ba993"", ""c8f88860f2a3fc87""]"
https://www.airbnb.com/rooms/23824968,overlap-0395,"[""986af307665ba993"", ""c8f88860f2a3fc87""]"
https://www.airbnb.com/rooms/41088200,overlap-0395,"[""986af307665ba993"", ""c8f88860f2a3fc87""]"
https://www.airbnb.com/rooms/51837261,overlap-0395,"[""986af307665ba993"", ""c8f88860f2a3fc87""]"
https://www.airbnb.com/rooms/621634870223015684,overlap-0395,"[""986af307665ba993"", ""c8f88860f2a3fc87""]"
https://www.airbnb.com/rooms/625873915083353206,overlap-0395,"[""986af307665ba993"", ""c8f88860f2a3fc87""]"
https://www.airbnb.com/rooms/632601904077489718,overlap-0395,"[""986af307665ba993"", ""c8f88860f2a3fc87""]"
https://www.airbnb.com/rooms/635522532630428335,overlap-0395,"[""986af307665ba993"", ""c8f88860f2a3fc87""]"
https://www.airbnb.com/rooms/42151283,overlap-0396,"[""987cbb9cb8d52ba7"", ""c22ed839812cf77e"", ""e48053fe224d272e""]"
https://www.airbnb.com/rooms/1005794250789361110,overlap-0397,"[""987cbb9cb8d52ba7"", ""e48053fe224d272e""]"
https://www.airbnb.com/rooms/10293691,overlap-0397,"[""987cbb9cb8d52ba7"", ""e48053fe224d272e""]"
https://www.airbnb.com/rooms/1032181574190515043,overlap-0397,"[""987cbb9cb8d52ba7"", ""e48053fe224d272e""]"
https://www.airbnb.com/rooms/1066653988061732520,overlap-0397,"[""987cbb9cb8d52ba7"", ""e48053fe224d272e""]"
https://www.airbnb.com/rooms/1112363266214485434,overlap-0397,"[""987cbb9cb8d52ba7"", ""e48053fe224d272e""]"
https://www.airbnb.com/rooms/1117324091816214974,overlap-0397,"[""987cbb9cb8d52ba7"", ""e48053fe224d272e""]"
https://www.airbnb.com/rooms/11186757,overlap-0397,"[""987cbb9cb8d52ba7"", ""e48053fe224d272e""]"
https://www.airbnb.com/rooms/1182610761426137149,overlap-0397,"[""987cbb9cb8d52ba7"", ""e48053fe224d272e""]"
https://www.airbnb.com/rooms/1209525369312573452,overlap-0397,"[""987cbb9cb8d52ba7"", ""e48053fe224d272e""]"
https://www.airbnb.com/rooms/1228454956304186209,overlap-0397,"[""987cbb9cb8d52ba7"", ""e48053fe224d272e""]"
https://www.airbnb.com/rooms/12364943,overlap-0397,"[""987cbb9cb8d52ba7"", ""e48053fe224d272e""]"
https://www.airbnb.com/rooms/1292807057237780161,overlap-0397,"[""987cbb9cb8d52ba7"", ""e48053fe224d272e""]"
https://www.airbnb.com/rooms/1339122922607533044,overlap-0397,"[""987cbb9cb8d52ba7"", ""e48053fe224d272e""]"
https://www.airbnb.com/rooms/1380578029282126707,overlap-0397,"[""987cbb9cb8d52ba7"", ""e48053fe224d272e""]"
https://www.airbnb.com/rooms/13973174,overlap-0397,"[""987cbb9cb8d52ba7"", ""e48053fe224d272e""]"
https://www.airbnb.com/rooms/1431132148619490505,overlap-0397,"[""987cbb9cb8d52ba7"", ""e48053fe224d272e""]"
https://www.airbnb.com/rooms/1437643596148903247,overlap-0397,"[""987cbb9cb8d52ba7"", ""e48053fe224d272e""]"
https://www.airbnb.com/rooms/1462988661693101556,overlap-0397,"[""987cbb9cb8d52ba7"", ""e48053fe224d272e""]"
https://www.airbnb.com/rooms/1488057680469565859,overlap-0397,"[""987cbb9cb8d52ba7"", ""e48053fe224d272e""]"
https://www.airbnb.com/rooms/1497190637262411612,overlap-0397,"[""987cbb9cb8d52ba7"", ""e48053fe224d272e""]"
https://www.airbnb.com/rooms/1498989052470474182,overlap-0397,"[""987cbb9cb8d52ba7"", ""e48053fe224d272e""]"
https://www.airbnb.com/rooms/1531188259405101477,overlap-0397,"[""987cbb9cb8d52ba7"", ""e48053fe224d272e""]"
https://www.airbnb.com/rooms/1571864362994665170,overlap-0397,"[""987cbb9cb8d52ba7"", ""e48053fe224d272e""]"
https://www.airbnb.com/rooms/1587882920692128971,overlap-0397,"[""987cbb9cb8d52ba7"", ""e48053fe224d272e""]"
https://www.airbnb.com/rooms/1597895092754127660,overlap-0397,"[""987cbb9cb8d52ba7"", ""e48053fe224d272e""]"
https://www.airbnb.com/rooms/15996684,overlap-0397,"[""987cbb9cb8d52ba7"", ""e48053fe224d272e""]"
https://www.airbnb.com/rooms/1628483714186620874,overlap-0397,"[""987cbb9cb8d52ba7"", ""e48053fe224d272e""]"
https://www.airbnb.com/rooms/1684410241643600810,overlap-0397,"[""987cbb9cb8d52ba7"", ""e48053fe224d272e""]"
https://www.airbnb.com/rooms/1688059942334956545,overlap-0397,"[""987cbb9cb8d52ba7"", ""e48053fe224d272e""]"
https://www.airbnb.com/rooms/1699371065743886832,overlap-0397,"[""987cbb9cb8d52ba7"", ""e48053fe224d272e""]"
https://www.airbnb.com/rooms/1706854109183611893,overlap-0397,"[""987cbb9cb8d52ba7"", ""e48053fe224d272e""]"
https://www.airbnb.com/rooms/1719792756487457252,overlap-0397,"[""987cbb9cb8d52ba7"", ""e48053fe224d272e""]"
https://www.airbnb.com/rooms/17282189,overlap-0397,"[""987cbb9cb8d52ba7"", ""e48053fe224d272e""]"
https://www.airbnb.com/rooms/1750687422017221414,overlap-0397,"[""987cbb9cb8d52ba7"", ""e48053fe224d272e""]"
https://www.airbnb.com/rooms/1756092410344169835,overlap-0397,"[""987cbb9cb8d52ba7"", ""e48053fe224d272e""]"
https://www.airbnb.com/rooms/1764782761973997528,overlap-0397,"[""987cbb9cb8d52ba7"", ""e48053fe224d272e""]"
https://www.airbnb.com/rooms/1766059769369426427,overlap-0397,"[""987cbb9cb8d52ba7"", ""e48053fe224d272e""]"
https://www.airbnb.com/rooms/20329546,overlap-0397,"[""987cbb9cb8d52ba7"", ""e48053fe224d272e""]"
https://www.airbnb.com/rooms/20896221,overlap-0397,"[""987cbb9cb8d52ba7"", ""e48053fe224d272e""]"
https://www.airbnb.com/rooms/22029154,overlap-0397,"[""987cbb9cb8d52ba7"", ""e48053fe224d272e""]"
https://www.airbnb.com/rooms/23438404,overlap-0397,"[""987cbb9cb8d52ba7"", ""e48053fe224d272e""]"
https://www.airbnb.com/rooms/25008716,overlap-0397,"[""987cbb9cb8d52ba7"", ""e48053fe224d272e""]"
https://www.airbnb.com/rooms/26812177,overlap-0397,"[""987cbb9cb8d52ba7"", ""e48053fe224d272e""]"
https://www.airbnb.com/rooms/27508615,overlap-0397,"[""987cbb9cb8d52ba7"", ""e48053fe224d272e""]"
https://www.airbnb.com/rooms/33684581,overlap-0397,"[""987cbb9cb8d52ba7"", ""e48053fe224d272e""]"
https://www.airbnb.com/rooms/37092421,overlap-0397,"[""987cbb9cb8d52ba7"", ""e48053fe224d272e""]"
https://www.airbnb.com/rooms/38433720,overlap-0397,"[""987cbb9cb8d52ba7"", ""e48053fe224d272e""]"
https://www.airbnb.com/rooms/43439179,overlap-0397,"[""987cbb9cb8d52ba7"", ""e48053fe224d272e""]"
https://www.airbnb.com/rooms/44102233,overlap-0397,"[""987cbb9cb8d52ba7"", ""e48053fe224d272e""]"
https://www.airbnb.com/rooms/4485271,overlap-0397,"[""987cbb9cb8d52ba7"", ""e48053fe224d272e""]"
https://www.airbnb.com/rooms/4625481,overlap-0397,"[""987cbb9cb8d52ba7"", ""e48053fe224d272e""]"
https://www.airbnb.com/rooms/48698567,overlap-0397,"[""987cbb9cb8d52ba7"", ""e48053fe224d272e""]"
https://www.airbnb.com/rooms/49010662,overlap-0397,"[""987cbb9cb8d52ba7"", ""e48053fe224d272e""]"
https://www.airbnb.com/rooms/51521263,overlap-0397,"[""987cbb9cb8d52ba7"", ""e48053fe224d272e""]"
https://www.airbnb.com/rooms/53310412,overlap-0397,"[""987cbb9cb8d52ba7"", ""e48053fe224d272e""]"
https://www.airbnb.com/rooms/53364049,overlap-0397,"[""987cbb9cb8d52ba7"", ""e48053fe224d272e""]"
https://www.airbnb.com/rooms/53431819,overlap-0397,"[""987cbb9cb8d52ba7"", ""e48053fe224d272e""]"
https://www.airbnb.com/rooms/53626759,overlap-0397,"[""987cbb9cb8d52ba7"", ""e48053fe224d272e""]"
https://www.airbnb.com/rooms/53627215,overlap-0397,"[""987cbb9cb8d52ba7"", ""e48053fe224d272e""]"
https://www.airbnb.com/rooms/53661699,overlap-0397,"[""987cbb9cb8d52ba7"", ""e48053fe224d272e""]"
https://www.airbnb.com/rooms/53828525,overlap-0397,"[""987cbb9cb8d52ba7"", ""e48053fe224d272e""]"
https://www.airbnb.com/rooms/53832148,overlap-0397,"[""987cbb9cb8d52ba7"", ""e48053fe224d272e""]"
https://www.airbnb.com/rooms/53878998,overlap-0397,"[""987cbb9cb8d52ba7"", ""e48053fe224d272e""]"
https://www.airbnb.com/rooms/53967852,overlap-0397,"[""987cbb9cb8d52ba7"", ""e48053fe224d272e""]"
https://www.airbnb.com/rooms/636963628292672894,overlap-0397,"[""987cbb9cb8d52ba7"", ""e48053fe224d272e""]"
https://www.airbnb.com/rooms/673984675015661242,overlap-0397,"[""987cbb9cb8d52ba7"", ""e48053fe224d272e""]"
https://www.airbnb.com/rooms/700628550865604586,overlap-0397,"[""987cbb9cb8d52ba7"", ""e48053fe224d272e""]"
https://www.airbnb.com/rooms/703710333204555157,overlap-0397,"[""987cbb9cb8d52ba7"", ""e48053fe224d272e""]"
https://www.airbnb.com/rooms/741214882479546818,overlap-0397,"[""987cbb9cb8d52ba7"", ""e48053fe224d272e""]"
https://www.airbnb.com/rooms/772673885686350906,overlap-0397,"[""987cbb9cb8d52ba7"", ""e48053fe224d272e""]"
https://www.airbnb.com/rooms/807886946609812019,overlap-0397,"[""987cbb9cb8d52ba7"", ""e48053fe224d272e""]"
https://www.airbnb.com/rooms/866706744642450211,overlap-0397,"[""987cbb9cb8d52ba7"", ""e48053fe224d272e""]"
https://www.airbnb.com/rooms/925368927153477790,overlap-0397,"[""987cbb9cb8d52ba7"", ""e48053fe224d272e""]"
https://www.airbnb.com/rooms/952849597315548234,overlap-0397,"[""987cbb9cb8d52ba7"", ""e48053fe224d272e""]"
https://www.airbnb.com/rooms/9860359,overlap-0397,"[""987cbb9cb8d52ba7"", ""e48053fe224d272e""]"
https://www.airbnb.com/rooms/988455915224061182,overlap-0397,"[""987cbb9cb8d52ba7"", ""e48053fe224d272e""]"
https://www.airbnb.com/rooms/994943190963099538,overlap-0397,"[""987cbb9cb8d52ba7"", ""e48053fe224d272e""]"
https://www.airbnb.com/rooms/1079229690880131285,overlap-0398,"[""9913d9a600daeeeb"", ""b03cd9767c2e4449""]"
https://www.airbnb.com/rooms/1089869510691856117,overlap-0398,"[""9913d9a600daeeeb"", ""b03cd9767c2e4449""]"
https://www.airbnb.com/rooms/1091261085576645030,overlap-0398,"[""9913d9a600daeeeb"", ""b03cd9767c2e4449""]"
https://www.airbnb.com/rooms/1111523664729578653,overlap-0398,"[""9913d9a600daeeeb"", ""b03cd9767c2e4449""]"
https://www.airbnb.com/rooms/1211576534396816830,overlap-0398,"[""9913d9a600daeeeb"", ""b03cd9767c2e4449""]"
https://www.airbnb.com/rooms/1247172112778269785,overlap-0398,"[""9913d9a600daeeeb"", ""b03cd9767c2e4449""]"
https://www.airbnb.com/rooms/1334885042830599916,overlap-0398,"[""9913d9a600daeeeb"", ""b03cd9767c2e4449""]"
https://www.airbnb.com/rooms/1335561923101247044,overlap-0398,"[""9913d9a600daeeeb"", ""b03cd9767c2e4449""]"
https://www.airbnb.com/rooms/1360283485081887262,overlap-0398,"[""9913d9a600daeeeb"", ""b03cd9767c2e4449""]"
https://www.airbnb.com/rooms/1421278124237133521,overlap-0398,"[""9913d9a600daeeeb"", ""b03cd9767c2e4449""]"
https://www.airbnb.com/rooms/1421294959436505769,overlap-0398,"[""9913d9a600daeeeb"", ""b03cd9767c2e4449""]"
https://www.airbnb.com/rooms/1422552462526139219,overlap-0398,"[""9913d9a600daeeeb"", ""b03cd9767c2e4449""]"
https://www.airbnb.com/rooms/1603728323214304812,overlap-0398,"[""9913d9a600daeeeb"", ""b03cd9767c2e4449""]"
https://www.airbnb.com/rooms/1608216982940480889,overlap-0398,"[""9913d9a600daeeeb"", ""b03cd9767c2e4449""]"
https://www.airbnb.com/rooms/1636373066127200951,overlap-0398,"[""9913d9a600daeeeb"", ""b03cd9767c2e4449""]"
https://www.airbnb.com/rooms/1647950184197307162,overlap-0398,"[""9913d9a600daeeeb"", ""b03cd9767c2e4449""]"
https://www.airbnb.com/rooms/1651541587260026599,overlap-0398,"[""9913d9a600daeeeb"", ""b03cd9767c2e4449""]"
https://www.airbnb.com/rooms/1659800618795782878,overlap-0398,"[""9913d9a600daeeeb"", ""b03cd9767c2e4449""]"
https://www.airbnb.com/rooms/1674269499012662432,overlap-0398,"[""9913d9a600daeeeb"", ""b03cd9767c2e4449""]"
https://www.airbnb.com/rooms/1698879143997327893,overlap-0398,"[""9913d9a600daeeeb"", ""b03cd9767c2e4449""]"
https://www.airbnb.com/rooms/693887491029067611,overlap-0398,"[""9913d9a600daeeeb"", ""b03cd9767c2e4449""]"
https://www.airbnb.com/rooms/840777681164780575,overlap-0398,"[""9913d9a600daeeeb"", ""b03cd9767c2e4449""]"
https://www.airbnb.com/rooms/929026244698868707,overlap-0398,"[""9913d9a600daeeeb"", ""b03cd9767c2e4449""]"
https://www.airbnb.com/rooms/16129718,overlap-0399,"[""9913d9a600daeeeb"", ""b03cd9767c2e4449"", ""b9b70a18797fd27b""]"
https://www.airbnb.com/rooms/16428095,overlap-0399,"[""9913d9a600daeeeb"", ""b03cd9767c2e4449"", ""b9b70a18797fd27b""]"
https://www.airbnb.com/rooms/22295361,overlap-0399,"[""9913d9a600daeeeb"", ""b03cd9767c2e4449"", ""b9b70a18797fd27b""]"
https://www.airbnb.com/rooms/1581563405765110497,overlap-0400,"[""9913d9a600daeeeb"", ""b9b70a18797fd27b""]"
https://www.airbnb.com/rooms/16547186,overlap-0400,"[""9913d9a600daeeeb"", ""b9b70a18797fd27b""]"
https://www.airbnb.com/rooms/1679019199733381899,overlap-0400,"[""9913d9a600daeeeb"", ""b9b70a18797fd27b""]"
https://www.airbnb.com/rooms/1774341146093654211,overlap-0400,"[""9913d9a600daeeeb"", ""b9b70a18797fd27b""]"
https://www.airbnb.com/rooms/32666179,overlap-0400,"[""9913d9a600daeeeb"", ""b9b70a18797fd27b""]"
https://www.airbnb.com/rooms/33909371,overlap-0400,"[""9913d9a600daeeeb"", ""b9b70a18797fd27b""]"
https://www.airbnb.com/rooms/4688669,overlap-0400,"[""9913d9a600daeeeb"", ""b9b70a18797fd27b""]"
https://www.airbnb.com/rooms/928927479593652907,overlap-0400,"[""9913d9a600daeeeb"", ""b9b70a18797fd27b""]"
https://www.airbnb.com/rooms/950682912004007203,overlap-0400,"[""9913d9a600daeeeb"", ""b9b70a18797fd27b""]"
https://www.airbnb.com/rooms/9726690,overlap-0400,"[""9913d9a600daeeeb"", ""b9b70a18797fd27b""]"
https://www.airbnb.com/rooms/17511434,overlap-0401,"[""9a6901a3bbc55361"", ""b42ae160c48ecc77""]"
https://www.airbnb.com/rooms/10907863,overlap-0402,"[""9a6901a3bbc55361"", ""b42ae160c48ecc77"", ""cb234aacfeff7bef""]"
https://www.airbnb.com/rooms/1039160238805354276,overlap-0403,"[""9a6901a3bbc55361"", ""cb234aacfeff7bef""]"
https://www.airbnb.com/rooms/1057727550457282069,overlap-0403,"[""9a6901a3bbc55361"", ""cb234aacfeff7bef""]"
https://www.airbnb.com/rooms/10909867,overlap-0403,"[""9a6901a3bbc55361"", ""cb234aacfeff7bef""]"
https://www.airbnb.com/rooms/640999465821141503,overlap-0403,"[""9a6901a3bbc55361"", ""cb234aacfeff7bef""]"
https://www.airbnb.com/rooms/666148849585774599,overlap-0403,"[""9a6901a3bbc55361"", ""cb234aacfeff7bef""]"
https://www.airbnb.com/rooms/744741378455883584,overlap-0403,"[""9a6901a3bbc55361"", ""cb234aacfeff7bef""]"
https://www.airbnb.com/rooms/895676029877591407,overlap-0403,"[""9a6901a3bbc55361"", ""cb234aacfeff7bef""]"
https://www.airbnb.com/rooms/897854584888889890,overlap-0403,"[""9a6901a3bbc55361"", ""cb234aacfeff7bef""]"
https://www.airbnb.com/rooms/938962292850038466,overlap-0403,"[""9a6901a3bbc55361"", ""cb234aacfeff7bef""]"
https://www.airbnb.com/rooms/991793318173940526,overlap-0403,"[""9a6901a3bbc55361"", ""cb234aacfeff7bef""]"
https://www.airbnb.com/rooms/991793412232250388,overlap-0403,"[""9a6901a3bbc55361"", ""cb234aacfeff7bef""]"
https://www.airbnb.com/rooms/991793658889375378,overlap-0403,"[""9a6901a3bbc55361"", ""cb234aacfeff7bef""]"
https://www.airbnb.com/rooms/991793659101125081,overlap-0403,"[""9a6901a3bbc55361"", ""cb234aacfeff7bef""]"
https://www.airbnb.com/rooms/991793706186336118,overlap-0403,"[""9a6901a3bbc55361"", ""cb234aacfeff7bef""]"
https://www.airbnb.com/rooms/991794199808977298,overlap-0403,"[""9a6901a3bbc55361"", ""cb234aacfeff7bef""]"
https://www.airbnb.com/rooms/991794249306249184,overlap-0403,"[""9a6901a3bbc55361"", ""cb234aacfeff7bef""]"
https://www.airbnb.com/rooms/991794310337630286,overlap-0403,"[""9a6901a3bbc55361"", ""cb234aacfeff7bef""]"
https://www.airbnb.com/rooms/991794467673571653,overlap-0403,"[""9a6901a3bbc55361"", ""cb234aacfeff7bef""]"
https://www.airbnb.com/rooms/991794621987209454,overlap-0403,"[""9a6901a3bbc55361"", ""cb234aacfeff7bef""]"
https://www.airbnb.com/rooms/991794732262464282,overlap-0403,"[""9a6901a3bbc55361"", ""cb234aacfeff7bef""]"
https://www.airbnb.com/rooms/991794805609648088,overlap-0403,"[""9a6901a3bbc55361"", ""cb234aacfeff7bef""]"
https://www.airbnb.com/rooms/991794883039304475,overlap-0403,"[""9a6901a3bbc55361"", ""cb234aacfeff7bef""]"
https://www.airbnb.com/rooms/991794968130103756,overlap-0403,"[""9a6901a3bbc55361"", ""cb234aacfeff7bef""]"
https://www.airbnb.com/rooms/991795272136252324,overlap-0403,"[""9a6901a3bbc55361"", ""cb234aacfeff7bef""]"
https://www.airbnb.com/rooms/991795337793948507,overlap-0403,"[""9a6901a3bbc55361"", ""cb234aacfeff7bef""]"
https://www.airbnb.com/rooms/991795417593038859,overlap-0403,"[""9a6901a3bbc55361"", ""cb234aacfeff7bef""]"
https://www.airbnb.com/rooms/991795548267780293,overlap-0403,"[""9a6901a3bbc55361"", ""cb234aacfeff7bef""]"
https://www.airbnb.com/rooms/991796113157108254,overlap-0403,"[""9a6901a3bbc55361"", ""cb234aacfeff7bef""]"
https://www.airbnb.com/rooms/991796226842556797,overlap-0403,"[""9a6901a3bbc55361"", ""cb234aacfeff7bef""]"
https://www.airbnb.com/rooms/991796287329049170,overlap-0403,"[""9a6901a3bbc55361"", ""cb234aacfeff7bef""]"
https://www.airbnb.com/rooms/991798010936568593,overlap-0403,"[""9a6901a3bbc55361"", ""cb234aacfeff7bef""]"
https://www.airbnb.com/rooms/991798027414156822,overlap-0403,"[""9a6901a3bbc55361"", ""cb234aacfeff7bef""]"
https://www.airbnb.com/rooms/991798163407210320,overlap-0403,"[""9a6901a3bbc55361"", ""cb234aacfeff7bef""]"
https://www.airbnb.com/rooms/991798168714266103,overlap-0403,"[""9a6901a3bbc55361"", ""cb234aacfeff7bef""]"
https://www.airbnb.com/rooms/991798168905972094,overlap-0403,"[""9a6901a3bbc55361"", ""cb234aacfeff7bef""]"
https://www.airbnb.com/rooms/991798191944587529,overlap-0403,"[""9a6901a3bbc55361"", ""cb234aacfeff7bef""]"
https://www.airbnb.com/rooms/991798239543109555,overlap-0403,"[""9a6901a3bbc55361"", ""cb234aacfeff7bef""]"
https://www.airbnb.com/rooms/991798267153744508,overlap-0403,"[""9a6901a3bbc55361"", ""cb234aacfeff7bef""]"
https://www.airbnb.com/rooms/991798270480735599,overlap-0403,"[""9a6901a3bbc55361"", ""cb234aacfeff7bef""]"
https://www.airbnb.com/rooms/991798271166287204,overlap-0403,"[""9a6901a3bbc55361"", ""cb234aacfeff7bef""]"
https://www.airbnb.com/rooms/991798405243572599,overlap-0403,"[""9a6901a3bbc55361"", ""cb234aacfeff7bef""]"
https://www.airbnb.com/rooms/991798407189011027,overlap-0403,"[""9a6901a3bbc55361"", ""cb234aacfeff7bef""]"
https://www.airbnb.com/rooms/991798413381419866,overlap-0403,"[""9a6901a3bbc55361"", ""cb234aacfeff7bef""]"
https://www.airbnb.com/rooms/991798414145638262,overlap-0403,"[""9a6901a3bbc55361"", ""cb234aacfeff7bef""]"
https://www.airbnb.com/rooms/991798417219653197,overlap-0403,"[""9a6901a3bbc55361"", ""cb234aacfeff7bef""]"
https://www.airbnb.com/rooms/991798491550434811,overlap-0403,"[""9a6901a3bbc55361"", ""cb234aacfeff7bef""]"
https://www.airbnb.com/rooms/991798513627407491,overlap-0403,"[""9a6901a3bbc55361"", ""cb234aacfeff7bef""]"
https://www.airbnb.com/rooms/1694352087158769863,overlap-0404,"[""9a6901a3bbc55361"", ""cb234aacfeff7bef"", ""e48053fe224d272e""]"
https://www.airbnb.com/rooms/1039281086463772350,overlap-0405,"[""9a6901a3bbc55361"", ""ddc5adbe35fccb99""]"
https://www.airbnb.com/rooms/1215959032802669464,overlap-0405,"[""9a6901a3bbc55361"", ""ddc5adbe35fccb99""]"
https://www.airbnb.com/rooms/1328404806243309526,overlap-0405,"[""9a6901a3bbc55361"", ""ddc5adbe35fccb99""]"
https://www.airbnb.com/rooms/15938578,overlap-0405,"[""9a6901a3bbc55361"", ""ddc5adbe35fccb99""]"
https://www.airbnb.com/rooms/16353363,overlap-0405,"[""9a6901a3bbc55361"", ""ddc5adbe35fccb99""]"
https://www.airbnb.com/rooms/16382272,overlap-0405,"[""9a6901a3bbc55361"", ""ddc5adbe35fccb99""]"
https://www.airbnb.com/rooms/16518358,overlap-0405,"[""9a6901a3bbc55361"", ""ddc5adbe35fccb99""]"
https://www.airbnb.com/rooms/16559094,overlap-0405,"[""9a6901a3bbc55361"", ""ddc5adbe35fccb99""]"
https://www.airbnb.com/rooms/16982090,overlap-0405,"[""9a6901a3bbc55361"", ""ddc5adbe35fccb99""]"
https://www.airbnb.com/rooms/17475002,overlap-0405,"[""9a6901a3bbc55361"", ""ddc5adbe35fccb99""]"
https://www.airbnb.com/rooms/17593035,overlap-0405,"[""9a6901a3bbc55361"", ""ddc5adbe35fccb99""]"
https://www.airbnb.com/rooms/17877246,overlap-0405,"[""9a6901a3bbc55361"", ""ddc5adbe35fccb99""]"
https://www.airbnb.com/rooms/17923915,overlap-0405,"[""9a6901a3bbc55361"", ""ddc5adbe35fccb99""]"
https://www.airbnb.com/rooms/18093507,overlap-0405,"[""9a6901a3bbc55361"", ""ddc5adbe35fccb99""]"
https://www.airbnb.com/rooms/18748311,overlap-0405,"[""9a6901a3bbc55361"", ""ddc5adbe35fccb99""]"
https://www.airbnb.com/rooms/18805630,overlap-0405,"[""9a6901a3bbc55361"", ""ddc5adbe35fccb99""]"
https://www.airbnb.com/rooms/19376411,overlap-0405,"[""9a6901a3bbc55361"", ""ddc5adbe35fccb99""]"
https://www.airbnb.com/rooms/19567805,overlap-0405,"[""9a6901a3bbc55361"", ""ddc5adbe35fccb99""]"
https://www.airbnb.com/rooms/19841413,overlap-0405,"[""9a6901a3bbc55361"", ""ddc5adbe35fccb99""]"
https://www.airbnb.com/rooms/20405341,overlap-0405,"[""9a6901a3bbc55361"", ""ddc5adbe35fccb99""]"
https://www.airbnb.com/rooms/20459044,overlap-0405,"[""9a6901a3bbc55361"", ""ddc5adbe35fccb99""]"
https://www.airbnb.com/rooms/20525061,overlap-0405,"[""9a6901a3bbc55361"", ""ddc5adbe35fccb99""]"
https://www.airbnb.com/rooms/20710751,overlap-0405,"[""9a6901a3bbc55361"", ""ddc5adbe35fccb99""]"
https://www.airbnb.com/rooms/21007703,overlap-0405,"[""9a6901a3bbc55361"", ""ddc5adbe35fccb99""]"
https://www.airbnb.com/rooms/28611456,overlap-0405,"[""9a6901a3bbc55361"", ""ddc5adbe35fccb99""]"
https://www.airbnb.com/rooms/28611723,overlap-0405,"[""9a6901a3bbc55361"", ""ddc5adbe35fccb99""]"
https://www.airbnb.com/rooms/28631531,overlap-0405,"[""9a6901a3bbc55361"", ""ddc5adbe35fccb99""]"
https://www.airbnb.com/rooms/32603179,overlap-0405,"[""9a6901a3bbc55361"", ""ddc5adbe35fccb99""]"
https://www.airbnb.com/rooms/32603808,overlap-0405,"[""9a6901a3bbc55361"", ""ddc5adbe35fccb99""]"
https://www.airbnb.com/rooms/33426720,overlap-0405,"[""9a6901a3bbc55361"", ""ddc5adbe35fccb99""]"
https://www.airbnb.com/rooms/33427132,overlap-0405,"[""9a6901a3bbc55361"", ""ddc5adbe35fccb99""]"
https://www.airbnb.com/rooms/33744589,overlap-0405,"[""9a6901a3bbc55361"", ""ddc5adbe35fccb99""]"
https://www.airbnb.com/rooms/33745251,overlap-0405,"[""9a6901a3bbc55361"", ""ddc5adbe35fccb99""]"
https://www.airbnb.com/rooms/36350473,overlap-0405,"[""9a6901a3bbc55361"", ""ddc5adbe35fccb99""]"
https://www.airbnb.com/rooms/42067249,overlap-0405,"[""9a6901a3bbc55361"", ""ddc5adbe35fccb99""]"
https://www.airbnb.com/rooms/45771914,overlap-0406,"[""9a6901a3bbc55361"", ""ddc5adbe35fccb99"", ""e48053fe224d272e""]"
https://www.airbnb.com/rooms/45772144,overlap-0406,"[""9a6901a3bbc55361"", ""ddc5adbe35fccb99"", ""e48053fe224d272e""]"
https://www.airbnb.com/rooms/45774205,overlap-0406,"[""9a6901a3bbc55361"", ""ddc5adbe35fccb99"", ""e48053fe224d272e""]"
https://www.airbnb.com/rooms/48842066,overlap-0406,"[""9a6901a3bbc55361"", ""ddc5adbe35fccb99"", ""e48053fe224d272e""]"
https://www.airbnb.com/rooms/897224360520078106,overlap-0407,"[""9a6901a3bbc55361"", ""e48053fe224d272e""]"
https://www.airbnb.com/rooms/1048693535159253080,overlap-0408,"[""9dc62c428c4f2bda"", ""d4e7c332ee342130"", ""d5e17d92707576bd"", ""e1e7eb7530dfd0d2""]"
https://www.airbnb.com/rooms/1440788539414374922,overlap-0408,"[""9dc62c428c4f2bda"", ""d4e7c332ee342130"", ""d5e17d92707576bd"", ""e1e7eb7530dfd0d2""]"
https://www.airbnb.com/rooms/15756665,overlap-0408,"[""9dc62c428c4f2bda"", ""d4e7c332ee342130"", ""d5e17d92707576bd"", ""e1e7eb7530dfd0d2""]"
https://www.airbnb.com/rooms/28866427,overlap-0408,"[""9dc62c428c4f2bda"", ""d4e7c332ee342130"", ""d5e17d92707576bd"", ""e1e7eb7530dfd0d2""]"
https://www.airbnb.com/rooms/6712123,overlap-0408,"[""9dc62c428c4f2bda"", ""d4e7c332ee342130"", ""d5e17d92707576bd"", ""e1e7eb7530dfd0d2""]"
https://www.airbnb.com/rooms/1197773872837202894,overlap-0409,"[""9dc62c428c4f2bda"", ""d5e17d92707576bd""]"
https://www.airbnb.com/rooms/1526392556566085420,overlap-0409,"[""9dc62c428c4f2bda"", ""d5e17d92707576bd""]"
https://www.airbnb.com/rooms/16090800,overlap-0409,"[""9dc62c428c4f2bda"", ""d5e17d92707576bd""]"
https://www.airbnb.com/rooms/1704527523020729192,overlap-0409,"[""9dc62c428c4f2bda"", ""d5e17d92707576bd""]"
https://www.airbnb.com/rooms/19789014,overlap-0409,"[""9dc62c428c4f2bda"", ""d5e17d92707576bd""]"
https://www.airbnb.com/rooms/24734366,overlap-0409,"[""9dc62c428c4f2bda"", ""d5e17d92707576bd""]"
https://www.airbnb.com/rooms/37970099,overlap-0409,"[""9dc62c428c4f2bda"", ""d5e17d92707576bd""]"
https://www.airbnb.com/rooms/48664307,overlap-0409,"[""9dc62c428c4f2bda"", ""d5e17d92707576bd""]"
https://www.airbnb.com/rooms/5039858,overlap-0409,"[""9dc62c428c4f2bda"", ""d5e17d92707576bd""]"
https://www.airbnb.com/rooms/51965920,overlap-0409,"[""9dc62c428c4f2bda"", ""d5e17d92707576bd""]"
https://www.airbnb.com/rooms/52658443,overlap-0409,"[""9dc62c428c4f2bda"", ""d5e17d92707576bd""]"
https://www.airbnb.com/rooms/53311313,overlap-0409,"[""9dc62c428c4f2bda"", ""d5e17d92707576bd""]"
https://www.airbnb.com/rooms/684128396823289130,overlap-0409,"[""9dc62c428c4f2bda"", ""d5e17d92707576bd""]"
https://www.airbnb.com/rooms/712891691822881314,overlap-0409,"[""9dc62c428c4f2bda"", ""d5e17d92707576bd""]"
https://www.airbnb.com/rooms/1254028109730157300,overlap-0410,"[""9dc62c428c4f2bda"", ""e1e7eb7530dfd0d2""]"
https://www.airbnb.com/rooms/1500377673667713634,overlap-0410,"[""9dc62c428c4f2bda"", ""e1e7eb7530dfd0d2""]"
https://www.airbnb.com/rooms/3121821,overlap-0410,"[""9dc62c428c4f2bda"", ""e1e7eb7530dfd0d2""]"
https://www.airbnb.com/rooms/49468223,overlap-0410,"[""9dc62c428c4f2bda"", ""e1e7eb7530dfd0d2""]"
https://www.airbnb.com/rooms/5933237,overlap-0410,"[""9dc62c428c4f2bda"", ""e1e7eb7530dfd0d2""]"
https://www.airbnb.com/rooms/923124693095002834,overlap-0410,"[""9dc62c428c4f2bda"", ""e1e7eb7530dfd0d2""]"
https://www.airbnb.com/rooms/9863459,overlap-0410,"[""9dc62c428c4f2bda"", ""e1e7eb7530dfd0d2""]"
https://www.airbnb.com/rooms/1231972874406364654,overlap-0411,"[""9f2ac3cc7c006899"", ""de17f9b49104d256""]"
https://www.airbnb.com/rooms/1231984108408488540,overlap-0411,"[""9f2ac3cc7c006899"", ""de17f9b49104d256""]"
https://www.airbnb.com/rooms/827382076574811107,overlap-0411,"[""9f2ac3cc7c006899"", ""de17f9b49104d256""]"
https://www.airbnb.com/rooms/33706357,overlap-0412,"[""9fab0235df836a09"", ""d5adb3024543cc45""]"
https://www.airbnb.com/rooms/52510367,overlap-0412,"[""9fab0235df836a09"", ""d5adb3024543cc45""]"
https://www.airbnb.com/rooms/1010928370894122287,overlap-0413,"[""a12f92d5edcc3d7d"", ""d5e17d92707576bd"", ""e1495708e8518770""]"
https://www.airbnb.com/rooms/1589693064999129479,overlap-0413,"[""a12f92d5edcc3d7d"", ""d5e17d92707576bd"", ""e1495708e8518770""]"
https://www.airbnb.com/rooms/38748013,overlap-0413,"[""a12f92d5edcc3d7d"", ""d5e17d92707576bd"", ""e1495708e8518770""]"
https://www.airbnb.com/rooms/904878082837187331,overlap-0413,"[""a12f92d5edcc3d7d"", ""d5e17d92707576bd"", ""e1495708e8518770""]"
https://www.airbnb.com/rooms/737749595988150390,overlap-0414,"[""a12f92d5edcc3d7d"", ""e1495708e8518770""]"
https://www.airbnb.com/rooms/1699463914085875596,overlap-0415,"[""a444c11c944adc3f"", ""b42ae160c48ecc77""]"
https://www.airbnb.com/rooms/1155186493699877057,overlap-0416,"[""a58bd3a96204124e"", ""b24bf8b6e559ca40""]"
https://www.airbnb.com/rooms/1177801609575293914,overlap-0416,"[""a58bd3a96204124e"", ""b24bf8b6e559ca40""]"
https://www.airbnb.com/rooms/1390751776560939267,overlap-0416,"[""a58bd3a96204124e"", ""b24bf8b6e559ca40""]"
https://www.airbnb.com/rooms/1458090287684110427,overlap-0416,"[""a58bd3a96204124e"", ""b24bf8b6e559ca40""]"
https://www.airbnb.com/rooms/1594406558694922183,overlap-0416,"[""a58bd3a96204124e"", ""b24bf8b6e559ca40""]"
https://www.airbnb.com/rooms/1759517645571857056,overlap-0416,"[""a58bd3a96204124e"", ""b24bf8b6e559ca40""]"
https://www.airbnb.com/rooms/18206320,overlap-0416,"[""a58bd3a96204124e"", ""b24bf8b6e559ca40""]"
https://www.airbnb.com/rooms/18895717,overlap-0416,"[""a58bd3a96204124e"", ""b24bf8b6e559ca40""]"
https://www.airbnb.com/rooms/20149887,overlap-0416,"[""a58bd3a96204124e"", ""b24bf8b6e559ca40""]"
https://www.airbnb.com/rooms/39939817,overlap-0416,"[""a58bd3a96204124e"", ""b24bf8b6e559ca40""]"
https://www.airbnb.com/rooms/52278200,overlap-0416,"[""a58bd3a96204124e"", ""b24bf8b6e559ca40""]"
https://www.airbnb.com/rooms/836126642541998723,overlap-0416,"[""a58bd3a96204124e"", ""b24bf8b6e559ca40""]"
https://www.airbnb.com/rooms/895120580259054243,overlap-0416,"[""a58bd3a96204124e"", ""b24bf8b6e559ca40""]"
https://www.airbnb.com/rooms/2909345,overlap-0417,"[""a58bd3a96204124e"", ""b24bf8b6e559ca40"", ""dc3e2682f7d8254b"", ""e492281c54b36956""]"
https://www.airbnb.com/rooms/30010720,overlap-0418,"[""a58bd3a96204124e"", ""b82d092d9a73a1e2""]"
https://www.airbnb.com/rooms/857216788010110351,overlap-0418,"[""a58bd3a96204124e"", ""b82d092d9a73a1e2""]"
https://www.airbnb.com/rooms/4621726,overlap-0419,"[""a58bd3a96204124e"", ""b82d092d9a73a1e2"", ""dc3e2682f7d8254b""]"
https://www.airbnb.com/rooms/1342744064634317878,overlap-0420,"[""a58bd3a96204124e"", ""dc3e2682f7d8254b""]"
https://www.airbnb.com/rooms/1370600070857480929,overlap-0420,"[""a58bd3a96204124e"", ""dc3e2682f7d8254b""]"
https://www.airbnb.com/rooms/37016874,overlap-0420,"[""a58bd3a96204124e"", ""dc3e2682f7d8254b""]"
https://www.airbnb.com/rooms/43858840,overlap-0420,"[""a58bd3a96204124e"", ""dc3e2682f7d8254b""]"
https://www.airbnb.com/rooms/4924659,overlap-0420,"[""a58bd3a96204124e"", ""dc3e2682f7d8254b""]"
https://www.airbnb.com/rooms/710352633185111043,overlap-0420,"[""a58bd3a96204124e"", ""dc3e2682f7d8254b""]"
https://www.airbnb.com/rooms/7369047,overlap-0420,"[""a58bd3a96204124e"", ""dc3e2682f7d8254b""]"
https://www.airbnb.com/rooms/929894783451836350,overlap-0420,"[""a58bd3a96204124e"", ""dc3e2682f7d8254b""]"
https://www.airbnb.com/rooms/1232665468097889850,overlap-0421,"[""a714aa5c0758dfbd"", ""c465b13e6ee9e3f9""]"
https://www.airbnb.com/rooms/1782094229468929178,overlap-0421,"[""a714aa5c0758dfbd"", ""c465b13e6ee9e3f9""]"
https://www.airbnb.com/rooms/49225200,overlap-0421,"[""a714aa5c0758dfbd"", ""c465b13e6ee9e3f9""]"
https://www.airbnb.com/rooms/51378876,overlap-0421,"[""a714aa5c0758dfbd"", ""c465b13e6ee9e3f9""]"
https://www.airbnb.com/rooms/51881507,overlap-0421,"[""a714aa5c0758dfbd"", ""c465b13e6ee9e3f9""]"
https://www.airbnb.com/rooms/950170920297127680,overlap-0421,"[""a714aa5c0758dfbd"", ""c465b13e6ee9e3f9""]"
https://www.airbnb.com/rooms/1221129145688233404,overlap-0422,"[""a723ddd7e76c6067"", ""d5e17d92707576bd""]"
https://www.airbnb.com/rooms/1587848541685142137,overlap-0422,"[""a723ddd7e76c6067"", ""d5e17d92707576bd""]"
https://www.airbnb.com/rooms/18916612,overlap-0422,"[""a723ddd7e76c6067"", ""d5e17d92707576bd""]"
https://www.airbnb.com/rooms/32812317,overlap-0422,"[""a723ddd7e76c6067"", ""d5e17d92707576bd""]"
https://www.airbnb.com/rooms/631822361879265540,overlap-0422,"[""a723ddd7e76c6067"", ""d5e17d92707576bd""]"
https://www.airbnb.com/rooms/6703006,overlap-0422,"[""a723ddd7e76c6067"", ""d5e17d92707576bd""]"
https://www.airbnb.com/rooms/13829517,overlap-0423,"[""ad72ac69fdc378b6"", ""c8f88860f2a3fc87""]"
https://www.airbnb.com/rooms/33631335,overlap-0423,"[""ad72ac69fdc378b6"", ""c8f88860f2a3fc87""]"
https://www.airbnb.com/rooms/38574477,overlap-0423,"[""ad72ac69fdc378b6"", ""c8f88860f2a3fc87""]"
https://www.airbnb.com/rooms/869791106853464073,overlap-0423,"[""ad72ac69fdc378b6"", ""c8f88860f2a3fc87""]"
https://www.airbnb.com/rooms/1021741411701351563,overlap-0424,"[""addfec9441440910"", ""b42ae160c48ecc77"", ""c93854c0298242ef""]"
https://www.airbnb.com/rooms/1350803744330418957,overlap-0424,"[""addfec9441440910"", ""b42ae160c48ecc77"", ""c93854c0298242ef""]"
https://www.airbnb.com/rooms/1358672241413998454,overlap-0424,"[""addfec9441440910"", ""b42ae160c48ecc77"", ""c93854c0298242ef""]"
https://www.airbnb.com/rooms/1358679080074853895,overlap-0424,"[""addfec9441440910"", ""b42ae160c48ecc77"", ""c93854c0298242ef""]"
https://www.airbnb.com/rooms/1358700906346494145,overlap-0424,"[""addfec9441440910"", ""b42ae160c48ecc77"", ""c93854c0298242ef""]"
https://www.airbnb.com/rooms/1358700913320817654,overlap-0424,"[""addfec9441440910"", ""b42ae160c48ecc77"", ""c93854c0298242ef""]"
https://www.airbnb.com/rooms/1358700918982026184,overlap-0424,"[""addfec9441440910"", ""b42ae160c48ecc77"", ""c93854c0298242ef""]"
https://www.airbnb.com/rooms/1376879654575113628,overlap-0424,"[""addfec9441440910"", ""b42ae160c48ecc77"", ""c93854c0298242ef""]"
https://www.airbnb.com/rooms/1376887194257232845,overlap-0424,"[""addfec9441440910"", ""b42ae160c48ecc77"", ""c93854c0298242ef""]"
https://www.airbnb.com/rooms/1376895881573478025,overlap-0424,"[""addfec9441440910"", ""b42ae160c48ecc77"", ""c93854c0298242ef""]"
https://www.airbnb.com/rooms/1409294591917058734,overlap-0424,"[""addfec9441440910"", ""b42ae160c48ecc77"", ""c93854c0298242ef""]"
https://www.airbnb.com/rooms/1409294592192388535,overlap-0424,"[""addfec9441440910"", ""b42ae160c48ecc77"", ""c93854c0298242ef""]"
https://www.airbnb.com/rooms/1409294593022264878,overlap-0424,"[""addfec9441440910"", ""b42ae160c48ecc77"", ""c93854c0298242ef""]"
https://www.airbnb.com/rooms/1409294593636722318,overlap-0424,"[""addfec9441440910"", ""b42ae160c48ecc77"", ""c93854c0298242ef""]"
https://www.airbnb.com/rooms/1417464061337837579,overlap-0424,"[""addfec9441440910"", ""b42ae160c48ecc77"", ""c93854c0298242ef""]"
https://www.airbnb.com/rooms/1481466371347719560,overlap-0424,"[""addfec9441440910"", ""b42ae160c48ecc77"", ""c93854c0298242ef""]"
https://www.airbnb.com/rooms/1481474923506174789,overlap-0424,"[""addfec9441440910"", ""b42ae160c48ecc77"", ""c93854c0298242ef""]"
https://www.airbnb.com/rooms/1549089455453004058,overlap-0424,"[""addfec9441440910"", ""b42ae160c48ecc77"", ""c93854c0298242ef""]"
https://www.airbnb.com/rooms/1577079948682387581,overlap-0424,"[""addfec9441440910"", ""b42ae160c48ecc77"", ""c93854c0298242ef""]"
https://www.airbnb.com/rooms/1582937450531949089,overlap-0424,"[""addfec9441440910"", ""b42ae160c48ecc77"", ""c93854c0298242ef""]"
https://www.airbnb.com/rooms/1588865423275289191,overlap-0424,"[""addfec9441440910"", ""b42ae160c48ecc77"", ""c93854c0298242ef""]"
https://www.airbnb.com/rooms/1633695876146485013,overlap-0424,"[""addfec9441440910"", ""b42ae160c48ecc77"", ""c93854c0298242ef""]"
https://www.airbnb.com/rooms/1635070560394327480,overlap-0424,"[""addfec9441440910"", ""b42ae160c48ecc77"", ""c93854c0298242ef""]"
https://www.airbnb.com/rooms/1635476449530488536,overlap-0424,"[""addfec9441440910"", ""b42ae160c48ecc77"", ""c93854c0298242ef""]"
https://www.airbnb.com/rooms/1648666459826258466,overlap-0424,"[""addfec9441440910"", ""b42ae160c48ecc77"", ""c93854c0298242ef""]"
https://www.airbnb.com/rooms/1739339534726093493,overlap-0424,"[""addfec9441440910"", ""b42ae160c48ecc77"", ""c93854c0298242ef""]"
https://www.airbnb.com/rooms/1759783351598245117,overlap-0424,"[""addfec9441440910"", ""b42ae160c48ecc77"", ""c93854c0298242ef""]"
https://www.airbnb.com/rooms/39827507,overlap-0424,"[""addfec9441440910"", ""b42ae160c48ecc77"", ""c93854c0298242ef""]"
https://www.airbnb.com/rooms/45782248,overlap-0424,"[""addfec9441440910"", ""b42ae160c48ecc77"", ""c93854c0298242ef""]"
https://www.airbnb.com/rooms/52248270,overlap-0424,"[""addfec9441440910"", ""b42ae160c48ecc77"", ""c93854c0298242ef""]"
https://www.airbnb.com/rooms/699474388357999411,overlap-0424,"[""addfec9441440910"", ""b42ae160c48ecc77"", ""c93854c0298242ef""]"
https://www.airbnb.com/rooms/699474678673341448,overlap-0424,"[""addfec9441440910"", ""b42ae160c48ecc77"", ""c93854c0298242ef""]"
https://www.airbnb.com/rooms/699474798358356414,overlap-0424,"[""addfec9441440910"", ""b42ae160c48ecc77"", ""c93854c0298242ef""]"
https://www.airbnb.com/rooms/714256456994661713,overlap-0424,"[""addfec9441440910"", ""b42ae160c48ecc77"", ""c93854c0298242ef""]"
https://www.airbnb.com/rooms/714256597742849970,overlap-0424,"[""addfec9441440910"", ""b42ae160c48ecc77"", ""c93854c0298242ef""]"
https://www.airbnb.com/rooms/714256743248388099,overlap-0424,"[""addfec9441440910"", ""b42ae160c48ecc77"", ""c93854c0298242ef""]"
https://www.airbnb.com/rooms/714256891081911712,overlap-0424,"[""addfec9441440910"", ""b42ae160c48ecc77"", ""c93854c0298242ef""]"
https://www.airbnb.com/rooms/714257031726826750,overlap-0424,"[""addfec9441440910"", ""b42ae160c48ecc77"", ""c93854c0298242ef""]"
https://www.airbnb.com/rooms/714257172517195520,overlap-0424,"[""addfec9441440910"", ""b42ae160c48ecc77"", ""c93854c0298242ef""]"
https://www.airbnb.com/rooms/714579439307991612,overlap-0424,"[""addfec9441440910"", ""b42ae160c48ecc77"", ""c93854c0298242ef""]"
https://www.airbnb.com/rooms/714579537456193765,overlap-0424,"[""addfec9441440910"", ""b42ae160c48ecc77"", ""c93854c0298242ef""]"
https://www.airbnb.com/rooms/714580533651569233,overlap-0424,"[""addfec9441440910"", ""b42ae160c48ecc77"", ""c93854c0298242ef""]"
https://www.airbnb.com/rooms/715140271111739254,overlap-0424,"[""addfec9441440910"", ""b42ae160c48ecc77"", ""c93854c0298242ef""]"
https://www.airbnb.com/rooms/716682594546856268,overlap-0424,"[""addfec9441440910"", ""b42ae160c48ecc77"", ""c93854c0298242ef""]"
https://www.airbnb.com/rooms/716682795845894534,overlap-0424,"[""addfec9441440910"", ""b42ae160c48ecc77"", ""c93854c0298242ef""]"
https://www.airbnb.com/rooms/716682992993188134,overlap-0424,"[""addfec9441440910"", ""b42ae160c48ecc77"", ""c93854c0298242ef""]"
https://www.airbnb.com/rooms/716683205523440317,overlap-0424,"[""addfec9441440910"", ""b42ae160c48ecc77"", ""c93854c0298242ef""]"
https://www.airbnb.com/rooms/716684819431868170,overlap-0424,"[""addfec9441440910"", ""b42ae160c48ecc77"", ""c93854c0298242ef""]"
https://www.airbnb.com/rooms/791396845844970614,overlap-0424,"[""addfec9441440910"", ""b42ae160c48ecc77"", ""c93854c0298242ef""]"
https://www.airbnb.com/rooms/791396937352001301,overlap-0424,"[""addfec9441440910"", ""b42ae160c48ecc77"", ""c93854c0298242ef""]"
https://www.airbnb.com/rooms/791397010839981520,overlap-0424,"[""addfec9441440910"", ""b42ae160c48ecc77"", ""c93854c0298242ef""]"
https://www.airbnb.com/rooms/791397103194107872,overlap-0424,"[""addfec9441440910"", ""b42ae160c48ecc77"", ""c93854c0298242ef""]"
https://www.airbnb.com/rooms/791397255894604563,overlap-0424,"[""addfec9441440910"", ""b42ae160c48ecc77"", ""c93854c0298242ef""]"
https://www.airbnb.com/rooms/791397379887888966,overlap-0424,"[""addfec9441440910"", ""b42ae160c48ecc77"", ""c93854c0298242ef""]"
https://www.airbnb.com/rooms/791397490498001757,overlap-0424,"[""addfec9441440910"", ""b42ae160c48ecc77"", ""c93854c0298242ef""]"
https://www.airbnb.com/rooms/791397643456034177,overlap-0424,"[""addfec9441440910"", ""b42ae160c48ecc77"", ""c93854c0298242ef""]"
https://www.airbnb.com/rooms/791397870100356292,overlap-0424,"[""addfec9441440910"", ""b42ae160c48ecc77"", ""c93854c0298242ef""]"
https://www.airbnb.com/rooms/791397997419497260,overlap-0424,"[""addfec9441440910"", ""b42ae160c48ecc77"", ""c93854c0298242ef""]"
https://www.airbnb.com/rooms/833910053772427759,overlap-0424,"[""addfec9441440910"", ""b42ae160c48ecc77"", ""c93854c0298242ef""]"
https://www.airbnb.com/rooms/833910159540696334,overlap-0424,"[""addfec9441440910"", ""b42ae160c48ecc77"", ""c93854c0298242ef""]"
https://www.airbnb.com/rooms/833910325675645025,overlap-0424,"[""addfec9441440910"", ""b42ae160c48ecc77"", ""c93854c0298242ef""]"
https://www.airbnb.com/rooms/833910614448387355,overlap-0424,"[""addfec9441440910"", ""b42ae160c48ecc77"", ""c93854c0298242ef""]"
https://www.airbnb.com/rooms/852934440262504696,overlap-0424,"[""addfec9441440910"", ""b42ae160c48ecc77"", ""c93854c0298242ef""]"
https://www.airbnb.com/rooms/852934509310128606,overlap-0424,"[""addfec9441440910"", ""b42ae160c48ecc77"", ""c93854c0298242ef""]"
https://www.airbnb.com/rooms/852934648368368649,overlap-0424,"[""addfec9441440910"", ""b42ae160c48ecc77"", ""c93854c0298242ef""]"
https://www.airbnb.com/rooms/852934658191459727,overlap-0424,"[""addfec9441440910"", ""b42ae160c48ecc77"", ""c93854c0298242ef""]"
https://www.airbnb.com/rooms/852934743372112557,overlap-0424,"[""addfec9441440910"", ""b42ae160c48ecc77"", ""c93854c0298242ef""]"
https://www.airbnb.com/rooms/852934820973112943,overlap-0424,"[""addfec9441440910"", ""b42ae160c48ecc77"", ""c93854c0298242ef""]"
https://www.airbnb.com/rooms/852934897727542487,overlap-0424,"[""addfec9441440910"", ""b42ae160c48ecc77"", ""c93854c0298242ef""]"
https://www.airbnb.com/rooms/852934994209120012,overlap-0424,"[""addfec9441440910"", ""b42ae160c48ecc77"", ""c93854c0298242ef""]"
https://www.airbnb.com/rooms/852935148115393597,overlap-0424,"[""addfec9441440910"", ""b42ae160c48ecc77"", ""c93854c0298242ef""]"
https://www.airbnb.com/rooms/852935176924310790,overlap-0424,"[""addfec9441440910"", ""b42ae160c48ecc77"", ""c93854c0298242ef""]"
https://www.airbnb.com/rooms/852935699298732323,overlap-0424,"[""addfec9441440910"", ""b42ae160c48ecc77"", ""c93854c0298242ef""]"
https://www.airbnb.com/rooms/852935828926130876,overlap-0424,"[""addfec9441440910"", ""b42ae160c48ecc77"", ""c93854c0298242ef""]"
https://www.airbnb.com/rooms/852935908143984428,overlap-0424,"[""addfec9441440910"", ""b42ae160c48ecc77"", ""c93854c0298242ef""]"
https://www.airbnb.com/rooms/852935978180975065,overlap-0424,"[""addfec9441440910"", ""b42ae160c48ecc77"", ""c93854c0298242ef""]"
https://www.airbnb.com/rooms/1371904046349196771,overlap-0425,"[""addfec9441440910"", ""b42ae160c48ecc77"", ""c93854c0298242ef"", ""dfe727fa505246b0""]"
https://www.airbnb.com/rooms/1525732544782234754,overlap-0425,"[""addfec9441440910"", ""b42ae160c48ecc77"", ""c93854c0298242ef"", ""dfe727fa505246b0""]"
https://www.airbnb.com/rooms/1576283694100334470,overlap-0425,"[""addfec9441440910"", ""b42ae160c48ecc77"", ""c93854c0298242ef"", ""dfe727fa505246b0""]"
https://www.airbnb.com/rooms/1576339540587522306,overlap-0425,"[""addfec9441440910"", ""b42ae160c48ecc77"", ""c93854c0298242ef"", ""dfe727fa505246b0""]"
https://www.airbnb.com/rooms/1576947351335593876,overlap-0425,"[""addfec9441440910"", ""b42ae160c48ecc77"", ""c93854c0298242ef"", ""dfe727fa505246b0""]"
https://www.airbnb.com/rooms/1648930200703678277,overlap-0425,"[""addfec9441440910"", ""b42ae160c48ecc77"", ""c93854c0298242ef"", ""dfe727fa505246b0""]"
https://www.airbnb.com/rooms/1678511936809657201,overlap-0425,"[""addfec9441440910"", ""b42ae160c48ecc77"", ""c93854c0298242ef"", ""dfe727fa505246b0""]"
https://www.airbnb.com/rooms/30155980,overlap-0425,"[""addfec9441440910"", ""b42ae160c48ecc77"", ""c93854c0298242ef"", ""dfe727fa505246b0""]"
https://www.airbnb.com/rooms/973853057215882081,overlap-0425,"[""addfec9441440910"", ""b42ae160c48ecc77"", ""c93854c0298242ef"", ""dfe727fa505246b0""]"
https://www.airbnb.com/rooms/1371654141812438822,overlap-0426,"[""addfec9441440910"", ""b42ae160c48ecc77"", ""c93854c0298242ef"", ""ea5393d3ae4191cb""]"
https://www.airbnb.com/rooms/1374681158757630330,overlap-0426,"[""addfec9441440910"", ""b42ae160c48ecc77"", ""c93854c0298242ef"", ""ea5393d3ae4191cb""]"
https://www.airbnb.com/rooms/1577027303612018054,overlap-0426,"[""addfec9441440910"", ""b42ae160c48ecc77"", ""c93854c0298242ef"", ""ea5393d3ae4191cb""]"
https://www.airbnb.com/rooms/889366298266030764,overlap-0426,"[""addfec9441440910"", ""b42ae160c48ecc77"", ""c93854c0298242ef"", ""ea5393d3ae4191cb""]"
https://www.airbnb.com/rooms/1150840459960778304,overlap-0427,"[""ae6d9d99837e95d3"", ""f73692336bd0ee9b""]"
https://www.airbnb.com/rooms/1213179530585241959,overlap-0427,"[""ae6d9d99837e95d3"", ""f73692336bd0ee9b""]"
https://www.airbnb.com/rooms/1241390675220221795,overlap-0427,"[""ae6d9d99837e95d3"", ""f73692336bd0ee9b""]"
https://www.airbnb.com/rooms/1324755750864670915,overlap-0427,"[""ae6d9d99837e95d3"", ""f73692336bd0ee9b""]"
https://www.airbnb.com/rooms/1398629200817805974,overlap-0427,"[""ae6d9d99837e95d3"", ""f73692336bd0ee9b""]"
https://www.airbnb.com/rooms/1471684141765211006,overlap-0427,"[""ae6d9d99837e95d3"", ""f73692336bd0ee9b""]"
https://www.airbnb.com/rooms/1493514738110877465,overlap-0427,"[""ae6d9d99837e95d3"", ""f73692336bd0ee9b""]"
https://www.airbnb.com/rooms/1553186501385764385,overlap-0427,"[""ae6d9d99837e95d3"", ""f73692336bd0ee9b""]"
https://www.airbnb.com/rooms/1659574116478304179,overlap-0427,"[""ae6d9d99837e95d3"", ""f73692336bd0ee9b""]"
https://www.airbnb.com/rooms/1720279103835647504,overlap-0427,"[""ae6d9d99837e95d3"", ""f73692336bd0ee9b""]"
https://www.airbnb.com/rooms/1775771662713007065,overlap-0427,"[""ae6d9d99837e95d3"", ""f73692336bd0ee9b""]"
https://www.airbnb.com/rooms/39073798,overlap-0427,"[""ae6d9d99837e95d3"", ""f73692336bd0ee9b""]"
https://www.airbnb.com/rooms/53244457,overlap-0427,"[""ae6d9d99837e95d3"", ""f73692336bd0ee9b""]"
https://www.airbnb.com/rooms/54325156,overlap-0427,"[""ae6d9d99837e95d3"", ""f73692336bd0ee9b""]"
https://www.airbnb.com/rooms/739304502085391324,overlap-0427,"[""ae6d9d99837e95d3"", ""f73692336bd0ee9b""]"
https://www.airbnb.com/rooms/984358116445777162,overlap-0427,"[""ae6d9d99837e95d3"", ""f73692336bd0ee9b""]"
https://www.airbnb.com/rooms/1060250528818521182,overlap-0428,"[""ae6d9d99837e95d3"", ""f7ad5e66fb110023""]"
https://www.airbnb.com/rooms/1653671774165842044,overlap-0428,"[""ae6d9d99837e95d3"", ""f7ad5e66fb110023""]"
https://www.airbnb.com/rooms/38086280,overlap-0428,"[""ae6d9d99837e95d3"", ""f7ad5e66fb110023""]"
https://www.airbnb.com/rooms/635766916653273369,overlap-0428,"[""ae6d9d99837e95d3"", ""f7ad5e66fb110023""]"
https://www.airbnb.com/rooms/902382680811015820,overlap-0428,"[""ae6d9d99837e95d3"", ""f7ad5e66fb110023""]"
https://www.airbnb.com/rooms/1359737224100425507,overlap-0429,"[""b24bf8b6e559ca40"", ""e492281c54b36956"", ""f7ad5e66fb110023""]"
https://www.airbnb.com/rooms/1226923713858475797,overlap-0430,"[""b42ae160c48ecc77"", ""c93854c0298242ef""]"
https://www.airbnb.com/rooms/1238385708474702961,overlap-0430,"[""b42ae160c48ecc77"", ""c93854c0298242ef""]"
https://www.airbnb.com/rooms/1678470263650438083,overlap-0430,"[""b42ae160c48ecc77"", ""c93854c0298242ef""]"
https://www.airbnb.com/rooms/1739339314106683328,overlap-0430,"[""b42ae160c48ecc77"", ""c93854c0298242ef""]"
https://www.airbnb.com/rooms/1739341286997393019,overlap-0430,"[""b42ae160c48ecc77"", ""c93854c0298242ef""]"
https://www.airbnb.com/rooms/1739341400466672993,overlap-0430,"[""b42ae160c48ecc77"", ""c93854c0298242ef""]"
https://www.airbnb.com/rooms/40609007,overlap-0430,"[""b42ae160c48ecc77"", ""c93854c0298242ef""]"
https://www.airbnb.com/rooms/47546219,overlap-0430,"[""b42ae160c48ecc77"", ""c93854c0298242ef""]"
https://www.airbnb.com/rooms/510836983579042075,overlap-0430,"[""b42ae160c48ecc77"", ""c93854c0298242ef""]"
https://www.airbnb.com/rooms/866791576451919131,overlap-0430,"[""b42ae160c48ecc77"", ""c93854c0298242ef""]"
https://www.airbnb.com/rooms/969154276740778025,overlap-0430,"[""b42ae160c48ecc77"", ""c93854c0298242ef""]"
https://www.airbnb.com/rooms/1371229679437415826,overlap-0431,"[""b42ae160c48ecc77"", ""cb234aacfeff7bef""]"
https://www.airbnb.com/rooms/1371229893448931497,overlap-0431,"[""b42ae160c48ecc77"", ""cb234aacfeff7bef""]"
https://www.airbnb.com/rooms/1371230093810559151,overlap-0431,"[""b42ae160c48ecc77"", ""cb234aacfeff7bef""]"
https://www.airbnb.com/rooms/17141548,overlap-0431,"[""b42ae160c48ecc77"", ""cb234aacfeff7bef""]"
https://www.airbnb.com/rooms/48227106,overlap-0431,"[""b42ae160c48ecc77"", ""cb234aacfeff7bef""]"
https://www.airbnb.com/rooms/602769257255657706,overlap-0431,"[""b42ae160c48ecc77"", ""cb234aacfeff7bef""]"
https://www.airbnb.com/rooms/602788307237353407,overlap-0431,"[""b42ae160c48ecc77"", ""cb234aacfeff7bef""]"
https://www.airbnb.com/rooms/602789624310544940,overlap-0431,"[""b42ae160c48ecc77"", ""cb234aacfeff7bef""]"
https://www.airbnb.com/rooms/602790558961123473,overlap-0431,"[""b42ae160c48ecc77"", ""cb234aacfeff7bef""]"
https://www.airbnb.com/rooms/809366600221516562,overlap-0431,"[""b42ae160c48ecc77"", ""cb234aacfeff7bef""]"
https://www.airbnb.com/rooms/1465898109643123428,overlap-0432,"[""b82d092d9a73a1e2"", ""dc3e2682f7d8254b""]"
https://www.airbnb.com/rooms/1015529768711862760,overlap-0433,"[""bb5191d1d8f68601"", ""dacbe4fa740d57a3""]"
https://www.airbnb.com/rooms/1029399274592822287,overlap-0433,"[""bb5191d1d8f68601"", ""dacbe4fa740d57a3""]"
https://www.airbnb.com/rooms/1040248127668960517,overlap-0433,"[""bb5191d1d8f68601"", ""dacbe4fa740d57a3""]"
https://www.airbnb.com/rooms/1065582609986965413,overlap-0433,"[""bb5191d1d8f68601"", ""dacbe4fa740d57a3""]"
https://www.airbnb.com/rooms/1081505405288465059,overlap-0433,"[""bb5191d1d8f68601"", ""dacbe4fa740d57a3""]"
https://www.airbnb.com/rooms/1086679594884150914,overlap-0433,"[""bb5191d1d8f68601"", ""dacbe4fa740d57a3""]"
https://www.airbnb.com/rooms/1127343205692543177,overlap-0433,"[""bb5191d1d8f68601"", ""dacbe4fa740d57a3""]"
https://www.airbnb.com/rooms/1142642769859144652,overlap-0433,"[""bb5191d1d8f68601"", ""dacbe4fa740d57a3""]"
https://www.airbnb.com/rooms/1226526830052819210,overlap-0433,"[""bb5191d1d8f68601"", ""dacbe4fa740d57a3""]"
https://www.airbnb.com/rooms/1251199739048971126,overlap-0433,"[""bb5191d1d8f68601"", ""dacbe4fa740d57a3""]"
https://www.airbnb.com/rooms/1268614707627156541,overlap-0433,"[""bb5191d1d8f68601"", ""dacbe4fa740d57a3""]"
https://www.airbnb.com/rooms/1292449481778259444,overlap-0433,"[""bb5191d1d8f68601"", ""dacbe4fa740d57a3""]"
https://www.airbnb.com/rooms/1294649465175698508,overlap-0433,"[""bb5191d1d8f68601"", ""dacbe4fa740d57a3""]"
https://www.airbnb.com/rooms/1344569529072470095,overlap-0433,"[""bb5191d1d8f68601"", ""dacbe4fa740d57a3""]"
https://www.airbnb.com/rooms/1383062385289679656,overlap-0433,"[""bb5191d1d8f68601"", ""dacbe4fa740d57a3""]"
https://www.airbnb.com/rooms/1394014015301166830,overlap-0433,"[""bb5191d1d8f68601"", ""dacbe4fa740d57a3""]"
https://www.airbnb.com/rooms/1405816998998266223,overlap-0433,"[""bb5191d1d8f68601"", ""dacbe4fa740d57a3""]"
https://www.airbnb.com/rooms/1410615797071410566,overlap-0433,"[""bb5191d1d8f68601"", ""dacbe4fa740d57a3""]"
https://www.airbnb.com/rooms/1434369095715154666,overlap-0433,"[""bb5191d1d8f68601"", ""dacbe4fa740d57a3""]"
https://www.airbnb.com/rooms/1444569932997649791,overlap-0433,"[""bb5191d1d8f68601"", ""dacbe4fa740d57a3""]"
https://www.airbnb.com/rooms/1444650269746054018,overlap-0433,"[""bb5191d1d8f68601"", ""dacbe4fa740d57a3""]"
https://www.airbnb.com/rooms/1444672360980130272,overlap-0433,"[""bb5191d1d8f68601"", ""dacbe4fa740d57a3""]"
https://www.airbnb.com/rooms/1445526321776231491,overlap-0433,"[""bb5191d1d8f68601"", ""dacbe4fa740d57a3""]"
https://www.airbnb.com/rooms/1469970452646745977,overlap-0433,"[""bb5191d1d8f68601"", ""dacbe4fa740d57a3""]"
https://www.airbnb.com/rooms/1472195588713150053,overlap-0433,"[""bb5191d1d8f68601"", ""dacbe4fa740d57a3""]"
https://www.airbnb.com/rooms/1473624528176279235,overlap-0433,"[""bb5191d1d8f68601"", ""dacbe4fa740d57a3""]"
https://www.airbnb.com/rooms/1476615418184296316,overlap-0433,"[""bb5191d1d8f68601"", ""dacbe4fa740d57a3""]"
https://www.airbnb.com/rooms/1499880786067502842,overlap-0433,"[""bb5191d1d8f68601"", ""dacbe4fa740d57a3""]"
https://www.airbnb.com/rooms/1500595973946940562,overlap-0433,"[""bb5191d1d8f68601"", ""dacbe4fa740d57a3""]"
https://www.airbnb.com/rooms/1507040976335479221,overlap-0433,"[""bb5191d1d8f68601"", ""dacbe4fa740d57a3""]"
https://www.airbnb.com/rooms/1514048464546854587,overlap-0433,"[""bb5191d1d8f68601"", ""dacbe4fa740d57a3""]"
https://www.airbnb.com/rooms/1517190525140306804,overlap-0433,"[""bb5191d1d8f68601"", ""dacbe4fa740d57a3""]"
https://www.airbnb.com/rooms/1517924709765052955,overlap-0433,"[""bb5191d1d8f68601"", ""dacbe4fa740d57a3""]"
https://www.airbnb.com/rooms/1530256966795947366,overlap-0433,"[""bb5191d1d8f68601"", ""dacbe4fa740d57a3""]"
https://www.airbnb.com/rooms/1530793023990130719,overlap-0433,"[""bb5191d1d8f68601"", ""dacbe4fa740d57a3""]"
https://www.airbnb.com/rooms/1534436084128227420,overlap-0433,"[""bb5191d1d8f68601"", ""dacbe4fa740d57a3""]"
https://www.airbnb.com/rooms/1535894350112149957,overlap-0433,"[""bb5191d1d8f68601"", ""dacbe4fa740d57a3""]"
https://www.airbnb.com/rooms/1536189058660587710,overlap-0433,"[""bb5191d1d8f68601"", ""dacbe4fa740d57a3""]"
https://www.airbnb.com/rooms/1597005213338469265,overlap-0433,"[""bb5191d1d8f68601"", ""dacbe4fa740d57a3""]"
https://www.airbnb.com/rooms/1624758964059509826,overlap-0433,"[""bb5191d1d8f68601"", ""dacbe4fa740d57a3""]"
https://www.airbnb.com/rooms/1680754553052554595,overlap-0433,"[""bb5191d1d8f68601"", ""dacbe4fa740d57a3""]"
https://www.airbnb.com/rooms/1680761431867766666,overlap-0433,"[""bb5191d1d8f68601"", ""dacbe4fa740d57a3""]"
https://www.airbnb.com/rooms/1736494270227923682,overlap-0433,"[""bb5191d1d8f68601"", ""dacbe4fa740d57a3""]"
https://www.airbnb.com/rooms/1736501317427060307,overlap-0433,"[""bb5191d1d8f68601"", ""dacbe4fa740d57a3""]"
https://www.airbnb.com/rooms/1736501317774040291,overlap-0433,"[""bb5191d1d8f68601"", ""dacbe4fa740d57a3""]"
https://www.airbnb.com/rooms/31879539,overlap-0433,"[""bb5191d1d8f68601"", ""dacbe4fa740d57a3""]"
https://www.airbnb.com/rooms/32987908,overlap-0433,"[""bb5191d1d8f68601"", ""dacbe4fa740d57a3""]"
https://www.airbnb.com/rooms/33069060,overlap-0433,"[""bb5191d1d8f68601"", ""dacbe4fa740d57a3""]"
https://www.airbnb.com/rooms/48104882,overlap-0433,"[""bb5191d1d8f68601"", ""dacbe4fa740d57a3""]"
https://www.airbnb.com/rooms/48155297,overlap-0433,"[""bb5191d1d8f68601"", ""dacbe4fa740d57a3""]"
https://www.airbnb.com/rooms/48155552,overlap-0433,"[""bb5191d1d8f68601"", ""dacbe4fa740d57a3""]"
https://www.airbnb.com/rooms/48155601,overlap-0433,"[""bb5191d1d8f68601"", ""dacbe4fa740d57a3""]"
https://www.airbnb.com/rooms/48156682,overlap-0433,"[""bb5191d1d8f68601"", ""dacbe4fa740d57a3""]"
https://www.airbnb.com/rooms/48157076,overlap-0433,"[""bb5191d1d8f68601"", ""dacbe4fa740d57a3""]"
https://www.airbnb.com/rooms/48157470,overlap-0433,"[""bb5191d1d8f68601"", ""dacbe4fa740d57a3""]"
https://www.airbnb.com/rooms/48157674,overlap-0433,"[""bb5191d1d8f68601"", ""dacbe4fa740d57a3""]"
https://www.airbnb.com/rooms/48158136,overlap-0433,"[""bb5191d1d8f68601"", ""dacbe4fa740d57a3""]"
https://www.airbnb.com/rooms/48158389,overlap-0433,"[""bb5191d1d8f68601"", ""dacbe4fa740d57a3""]"
https://www.airbnb.com/rooms/48158450,overlap-0433,"[""bb5191d1d8f68601"", ""dacbe4fa740d57a3""]"
https://www.airbnb.com/rooms/48158569,overlap-0433,"[""bb5191d1d8f68601"", ""dacbe4fa740d57a3""]"
https://www.airbnb.com/rooms/48166061,overlap-0433,"[""bb5191d1d8f68601"", ""dacbe4fa740d57a3""]"
https://www.airbnb.com/rooms/48166251,overlap-0433,"[""bb5191d1d8f68601"", ""dacbe4fa740d57a3""]"
https://www.airbnb.com/rooms/48166450,overlap-0433,"[""bb5191d1d8f68601"", ""dacbe4fa740d57a3""]"
https://www.airbnb.com/rooms/48166847,overlap-0433,"[""bb5191d1d8f68601"", ""dacbe4fa740d57a3""]"
https://www.airbnb.com/rooms/48166948,overlap-0433,"[""bb5191d1d8f68601"", ""dacbe4fa740d57a3""]"
https://www.airbnb.com/rooms/48167032,overlap-0433,"[""bb5191d1d8f68601"", ""dacbe4fa740d57a3""]"
https://www.airbnb.com/rooms/48167146,overlap-0433,"[""bb5191d1d8f68601"", ""dacbe4fa740d57a3""]"
https://www.airbnb.com/rooms/48167404,overlap-0433,"[""bb5191d1d8f68601"", ""dacbe4fa740d57a3""]"
https://www.airbnb.com/rooms/48167511,overlap-0433,"[""bb5191d1d8f68601"", ""dacbe4fa740d57a3""]"
https://www.airbnb.com/rooms/48168244,overlap-0433,"[""bb5191d1d8f68601"", ""dacbe4fa740d57a3""]"
https://www.airbnb.com/rooms/48168351,overlap-0433,"[""bb5191d1d8f68601"", ""dacbe4fa740d57a3""]"
https://www.airbnb.com/rooms/48168437,overlap-0433,"[""bb5191d1d8f68601"", ""dacbe4fa740d57a3""]"
https://www.airbnb.com/rooms/48168576,overlap-0433,"[""bb5191d1d8f68601"", ""dacbe4fa740d57a3""]"
https://www.airbnb.com/rooms/48168745,overlap-0433,"[""bb5191d1d8f68601"", ""dacbe4fa740d57a3""]"
https://www.airbnb.com/rooms/48168810,overlap-0433,"[""bb5191d1d8f68601"", ""dacbe4fa740d57a3""]"
https://www.airbnb.com/rooms/49476806,overlap-0433,"[""bb5191d1d8f68601"", ""dacbe4fa740d57a3""]"
https://www.airbnb.com/rooms/53980177,overlap-0433,"[""bb5191d1d8f68601"", ""dacbe4fa740d57a3""]"
https://www.airbnb.com/rooms/53999385,overlap-0433,"[""bb5191d1d8f68601"", ""dacbe4fa740d57a3""]"
https://www.airbnb.com/rooms/54004777,overlap-0433,"[""bb5191d1d8f68601"", ""dacbe4fa740d57a3""]"
https://www.airbnb.com/rooms/54005785,overlap-0433,"[""bb5191d1d8f68601"", ""dacbe4fa740d57a3""]"
https://www.airbnb.com/rooms/54019898,overlap-0433,"[""bb5191d1d8f68601"", ""dacbe4fa740d57a3""]"
https://www.airbnb.com/rooms/54020742,overlap-0433,"[""bb5191d1d8f68601"", ""dacbe4fa740d57a3""]"
https://www.airbnb.com/rooms/54031120,overlap-0433,"[""bb5191d1d8f68601"", ""dacbe4fa740d57a3""]"
https://www.airbnb.com/rooms/54032282,overlap-0433,"[""bb5191d1d8f68601"", ""dacbe4fa740d57a3""]"
https://www.airbnb.com/rooms/54033649,overlap-0433,"[""bb5191d1d8f68601"", ""dacbe4fa740d57a3""]"
https://www.airbnb.com/rooms/54034705,overlap-0433,"[""bb5191d1d8f68601"", ""dacbe4fa740d57a3""]"
https://www.airbnb.com/rooms/54034712,overlap-0433,"[""bb5191d1d8f68601"", ""dacbe4fa740d57a3""]"
https://www.airbnb.com/rooms/54038672,overlap-0433,"[""bb5191d1d8f68601"", ""dacbe4fa740d57a3""]"
https://www.airbnb.com/rooms/54050470,overlap-0433,"[""bb5191d1d8f68601"", ""dacbe4fa740d57a3""]"
https://www.airbnb.com/rooms/54051921,overlap-0433,"[""bb5191d1d8f68601"", ""dacbe4fa740d57a3""]"
https://www.airbnb.com/rooms/54053024,overlap-0433,"[""bb5191d1d8f68601"", ""dacbe4fa740d57a3""]"
https://www.airbnb.com/rooms/54054699,overlap-0433,"[""bb5191d1d8f68601"", ""dacbe4fa740d57a3""]"
https://www.airbnb.com/rooms/54065984,overlap-0433,"[""bb5191d1d8f68601"", ""dacbe4fa740d57a3""]"
https://www.airbnb.com/rooms/54067459,overlap-0433,"[""bb5191d1d8f68601"", ""dacbe4fa740d57a3""]"
https://www.airbnb.com/rooms/54068533,overlap-0433,"[""bb5191d1d8f68601"", ""dacbe4fa740d57a3""]"
https://www.airbnb.com/rooms/54069547,overlap-0433,"[""bb5191d1d8f68601"", ""dacbe4fa740d57a3""]"
https://www.airbnb.com/rooms/54070096,overlap-0433,"[""bb5191d1d8f68601"", ""dacbe4fa740d57a3""]"
https://www.airbnb.com/rooms/54070577,overlap-0433,"[""bb5191d1d8f68601"", ""dacbe4fa740d57a3""]"
https://www.airbnb.com/rooms/834594504591716158,overlap-0433,"[""bb5191d1d8f68601"", ""dacbe4fa740d57a3""]"
https://www.airbnb.com/rooms/838047106749689587,overlap-0433,"[""bb5191d1d8f68601"", ""dacbe4fa740d57a3""]"
https://www.airbnb.com/rooms/838100068030767416,overlap-0433,"[""bb5191d1d8f68601"", ""dacbe4fa740d57a3""]"
https://www.airbnb.com/rooms/838142627934049039,overlap-0433,"[""bb5191d1d8f68601"", ""dacbe4fa740d57a3""]"
https://www.airbnb.com/rooms/838144944699726807,overlap-0433,"[""bb5191d1d8f68601"", ""dacbe4fa740d57a3""]"
https://www.airbnb.com/rooms/838157011000606593,overlap-0433,"[""bb5191d1d8f68601"", ""dacbe4fa740d57a3""]"
https://www.airbnb.com/rooms/852005945526872053,overlap-0433,"[""bb5191d1d8f68601"", ""dacbe4fa740d57a3""]"
https://www.airbnb.com/rooms/852006217039921821,overlap-0433,"[""bb5191d1d8f68601"", ""dacbe4fa740d57a3""]"
https://www.airbnb.com/rooms/852006358696602336,overlap-0433,"[""bb5191d1d8f68601"", ""dacbe4fa740d57a3""]"
https://www.airbnb.com/rooms/852006613462124264,overlap-0433,"[""bb5191d1d8f68601"", ""dacbe4fa740d57a3""]"
https://www.airbnb.com/rooms/852006805740587037,overlap-0433,"[""bb5191d1d8f68601"", ""dacbe4fa740d57a3""]"
https://www.airbnb.com/rooms/852006840737901548,overlap-0433,"[""bb5191d1d8f68601"", ""dacbe4fa740d57a3""]"
https://www.airbnb.com/rooms/852006969793350788,overlap-0433,"[""bb5191d1d8f68601"", ""dacbe4fa740d57a3""]"
https://www.airbnb.com/rooms/852007215645678473,overlap-0433,"[""bb5191d1d8f68601"", ""dacbe4fa740d57a3""]"
https://www.airbnb.com/rooms/852007467298339714,overlap-0433,"[""bb5191d1d8f68601"", ""dacbe4fa740d57a3""]"
https://www.airbnb.com/rooms/852007570033942648,overlap-0433,"[""bb5191d1d8f68601"", ""dacbe4fa740d57a3""]"
https://www.airbnb.com/rooms/852007722485351483,overlap-0433,"[""bb5191d1d8f68601"", ""dacbe4fa740d57a3""]"
https://www.airbnb.com/rooms/852007895046405963,overlap-0433,"[""bb5191d1d8f68601"", ""dacbe4fa740d57a3""]"
https://www.airbnb.com/rooms/852008023944569215,overlap-0433,"[""bb5191d1d8f68601"", ""dacbe4fa740d57a3""]"
https://www.airbnb.com/rooms/852008149806879890,overlap-0433,"[""bb5191d1d8f68601"", ""dacbe4fa740d57a3""]"
https://www.airbnb.com/rooms/852008289949539210,overlap-0433,"[""bb5191d1d8f68601"", ""dacbe4fa740d57a3""]"
https://www.airbnb.com/rooms/852008480767782830,overlap-0433,"[""bb5191d1d8f68601"", ""dacbe4fa740d57a3""]"
https://www.airbnb.com/rooms/853553685032652102,overlap-0433,"[""bb5191d1d8f68601"", ""dacbe4fa740d57a3""]"
https://www.airbnb.com/rooms/857655348324934837,overlap-0433,"[""bb5191d1d8f68601"", ""dacbe4fa740d57a3""]"
https://www.airbnb.com/rooms/879834039683301500,overlap-0433,"[""bb5191d1d8f68601"", ""dacbe4fa740d57a3""]"
https://www.airbnb.com/rooms/890279791352936281,overlap-0433,"[""bb5191d1d8f68601"", ""dacbe4fa740d57a3""]"
https://www.airbnb.com/rooms/893839458059394818,overlap-0433,"[""bb5191d1d8f68601"", ""dacbe4fa740d57a3""]"
https://www.airbnb.com/rooms/932221926845437967,overlap-0433,"[""bb5191d1d8f68601"", ""dacbe4fa740d57a3""]"
https://www.airbnb.com/rooms/944582343443771608,overlap-0433,"[""bb5191d1d8f68601"", ""dacbe4fa740d57a3""]"
https://www.airbnb.com/rooms/947015501822830171,overlap-0433,"[""bb5191d1d8f68601"", ""dacbe4fa740d57a3""]"
https://www.airbnb.com/rooms/947543346798692771,overlap-0433,"[""bb5191d1d8f68601"", ""dacbe4fa740d57a3""]"
https://www.airbnb.com/rooms/947543561762463217,overlap-0433,"[""bb5191d1d8f68601"", ""dacbe4fa740d57a3""]"
https://www.airbnb.com/rooms/948167423820923278,overlap-0433,"[""bb5191d1d8f68601"", ""dacbe4fa740d57a3""]"
https://www.airbnb.com/rooms/953974427988555279,overlap-0433,"[""bb5191d1d8f68601"", ""dacbe4fa740d57a3""]"
https://www.airbnb.com/rooms/954971482603170057,overlap-0433,"[""bb5191d1d8f68601"", ""dacbe4fa740d57a3""]"
https://www.airbnb.com/rooms/955083420085763007,overlap-0433,"[""bb5191d1d8f68601"", ""dacbe4fa740d57a3""]"
https://www.airbnb.com/rooms/963498043491971707,overlap-0433,"[""bb5191d1d8f68601"", ""dacbe4fa740d57a3""]"
https://www.airbnb.com/rooms/964735135657715905,overlap-0433,"[""bb5191d1d8f68601"", ""dacbe4fa740d57a3""]"
https://www.airbnb.com/rooms/989587534699534235,overlap-0433,"[""bb5191d1d8f68601"", ""dacbe4fa740d57a3""]"
https://www.airbnb.com/rooms/1274017807696562390,overlap-0434,"[""bb5191d1d8f68601"", ""dacbe4fa740d57a3"", ""e4fb98ec0c223725""]"
https://www.airbnb.com/rooms/1526420381297162806,overlap-0434,"[""bb5191d1d8f68601"", ""dacbe4fa740d57a3"", ""e4fb98ec0c223725""]"
https://www.airbnb.com/rooms/1680711845163211898,overlap-0434,"[""bb5191d1d8f68601"", ""dacbe4fa740d57a3"", ""e4fb98ec0c223725""]"
https://www.airbnb.com/rooms/568099016199460137,overlap-0434,"[""bb5191d1d8f68601"", ""dacbe4fa740d57a3"", ""e4fb98ec0c223725""]"
https://www.airbnb.com/rooms/1276950134167951583,overlap-0435,"[""bb5191d1d8f68601"", ""e4fb98ec0c223725""]"
https://www.airbnb.com/rooms/1680732523277632043,overlap-0435,"[""bb5191d1d8f68601"", ""e4fb98ec0c223725""]"
https://www.airbnb.com/rooms/1680743069471861956,overlap-0435,"[""bb5191d1d8f68601"", ""e4fb98ec0c223725""]"
https://www.airbnb.com/rooms/1448072065234536733,overlap-0436,"[""bd59ea4a843f5886"", ""dfe727fa505246b0""]"
https://www.airbnb.com/rooms/1646102788037208931,overlap-0436,"[""bd59ea4a843f5886"", ""dfe727fa505246b0""]"
https://www.airbnb.com/rooms/1757491026971341499,overlap-0436,"[""bd59ea4a843f5886"", ""dfe727fa505246b0""]"
https://www.airbnb.com/rooms/1128541192282680638,overlap-0437,"[""c1fb75edea7ac935"", ""d699ba709849b04d""]"
https://www.airbnb.com/rooms/1221126789651413318,overlap-0437,"[""c1fb75edea7ac935"", ""d699ba709849b04d""]"
https://www.airbnb.com/rooms/1280365186750698833,overlap-0437,"[""c1fb75edea7ac935"", ""d699ba709849b04d""]"
https://www.airbnb.com/rooms/1480639096838382209,overlap-0437,"[""c1fb75edea7ac935"", ""d699ba709849b04d""]"
https://www.airbnb.com/rooms/1516829195953225607,overlap-0437,"[""c1fb75edea7ac935"", ""d699ba709849b04d""]"
https://www.airbnb.com/rooms/1562516579173804366,overlap-0437,"[""c1fb75edea7ac935"", ""d699ba709849b04d""]"
https://www.airbnb.com/rooms/1566901154324610721,overlap-0437,"[""c1fb75edea7ac935"", ""d699ba709849b04d""]"
https://www.airbnb.com/rooms/1582227021026000140,overlap-0437,"[""c1fb75edea7ac935"", ""d699ba709849b04d""]"
https://www.airbnb.com/rooms/1589573227971087602,overlap-0437,"[""c1fb75edea7ac935"", ""d699ba709849b04d""]"
https://www.airbnb.com/rooms/1591726770735047884,overlap-0437,"[""c1fb75edea7ac935"", ""d699ba709849b04d""]"
https://www.airbnb.com/rooms/1592113802690272634,overlap-0437,"[""c1fb75edea7ac935"", ""d699ba709849b04d""]"
https://www.airbnb.com/rooms/1601514429420982096,overlap-0437,"[""c1fb75edea7ac935"", ""d699ba709849b04d""]"
https://www.airbnb.com/rooms/1613307631597303570,overlap-0437,"[""c1fb75edea7ac935"", ""d699ba709849b04d""]"
https://www.airbnb.com/rooms/1614031867335321525,overlap-0437,"[""c1fb75edea7ac935"", ""d699ba709849b04d""]"
https://www.airbnb.com/rooms/1647945519976508051,overlap-0437,"[""c1fb75edea7ac935"", ""d699ba709849b04d""]"
https://www.airbnb.com/rooms/1653838618231992495,overlap-0437,"[""c1fb75edea7ac935"", ""d699ba709849b04d""]"
https://www.airbnb.com/rooms/1675733543403495396,overlap-0437,"[""c1fb75edea7ac935"", ""d699ba709849b04d""]"
https://www.airbnb.com/rooms/1680691403724176686,overlap-0437,"[""c1fb75edea7ac935"", ""d699ba709849b04d""]"
https://www.airbnb.com/rooms/1681338966950938626,overlap-0437,"[""c1fb75edea7ac935"", ""d699ba709849b04d""]"
https://www.airbnb.com/rooms/1688678828236342575,overlap-0437,"[""c1fb75edea7ac935"", ""d699ba709849b04d""]"
https://www.airbnb.com/rooms/1689363079233673591,overlap-0437,"[""c1fb75edea7ac935"", ""d699ba709849b04d""]"
https://www.airbnb.com/rooms/1704010191487317725,overlap-0437,"[""c1fb75edea7ac935"", ""d699ba709849b04d""]"
https://www.airbnb.com/rooms/1776274971055506516,overlap-0437,"[""c1fb75edea7ac935"", ""d699ba709849b04d""]"
https://www.airbnb.com/rooms/1776935922700625020,overlap-0437,"[""c1fb75edea7ac935"", ""d699ba709849b04d""]"
https://www.airbnb.com/rooms/1782043798878246066,overlap-0437,"[""c1fb75edea7ac935"", ""d699ba709849b04d""]"
https://www.airbnb.com/rooms/1137079558637278507,overlap-0438,"[""c22ed839812cf77e"", ""e48053fe224d272e""]"
https://www.airbnb.com/rooms/1137108724280812193,overlap-0438,"[""c22ed839812cf77e"", ""e48053fe224d272e""]"
https://www.airbnb.com/rooms/1137161384904829664,overlap-0438,"[""c22ed839812cf77e"", ""e48053fe224d272e""]"
https://www.airbnb.com/rooms/1645000336879590145,overlap-0438,"[""c22ed839812cf77e"", ""e48053fe224d272e""]"
https://www.airbnb.com/rooms/1038651469232672742,overlap-0439,"[""c465b13e6ee9e3f9"", ""d46bc721e229d901""]"
https://www.airbnb.com/rooms/10959694,overlap-0439,"[""c465b13e6ee9e3f9"", ""d46bc721e229d901""]"
https://www.airbnb.com/rooms/1114667019200235996,overlap-0439,"[""c465b13e6ee9e3f9"", ""d46bc721e229d901""]"
https://www.airbnb.com/rooms/1128589912394142147,overlap-0439,"[""c465b13e6ee9e3f9"", ""d46bc721e229d901""]"
https://www.airbnb.com/rooms/1167401625799857180,overlap-0439,"[""c465b13e6ee9e3f9"", ""d46bc721e229d901""]"
https://www.airbnb.com/rooms/1196582420941295633,overlap-0439,"[""c465b13e6ee9e3f9"", ""d46bc721e229d901""]"
https://www.airbnb.com/rooms/1259544936769002843,overlap-0439,"[""c465b13e6ee9e3f9"", ""d46bc721e229d901""]"
https://www.airbnb.com/rooms/12941574,overlap-0439,"[""c465b13e6ee9e3f9"", ""d46bc721e229d901""]"
https://www.airbnb.com/rooms/13019691,overlap-0439,"[""c465b13e6ee9e3f9"", ""d46bc721e229d901""]"
https://www.airbnb.com/rooms/1586597867080543088,overlap-0439,"[""c465b13e6ee9e3f9"", ""d46bc721e229d901""]"
https://www.airbnb.com/rooms/1652402740054329802,overlap-0439,"[""c465b13e6ee9e3f9"", ""d46bc721e229d901""]"
https://www.airbnb.com/rooms/1682922391962805108,overlap-0439,"[""c465b13e6ee9e3f9"", ""d46bc721e229d901""]"
https://www.airbnb.com/rooms/30513962,overlap-0439,"[""c465b13e6ee9e3f9"", ""d46bc721e229d901""]"
https://www.airbnb.com/rooms/32504755,overlap-0439,"[""c465b13e6ee9e3f9"", ""d46bc721e229d901""]"
https://www.airbnb.com/rooms/43943325,overlap-0439,"[""c465b13e6ee9e3f9"", ""d46bc721e229d901""]"
https://www.airbnb.com/rooms/45783152,overlap-0439,"[""c465b13e6ee9e3f9"", ""d46bc721e229d901""]"
https://www.airbnb.com/rooms/542632381355303623,overlap-0439,"[""c465b13e6ee9e3f9"", ""d46bc721e229d901""]"
https://www.airbnb.com/rooms/576271894062433654,overlap-0439,"[""c465b13e6ee9e3f9"", ""d46bc721e229d901""]"
https://www.airbnb.com/rooms/584164310317867153,overlap-0439,"[""c465b13e6ee9e3f9"", ""d46bc721e229d901""]"
https://www.airbnb.com/rooms/778993175114252157,overlap-0439,"[""c465b13e6ee9e3f9"", ""d46bc721e229d901""]"
https://www.airbnb.com/rooms/827662981799647383,overlap-0439,"[""c465b13e6ee9e3f9"", ""d46bc721e229d901""]"
https://www.airbnb.com/rooms/877485398144625006,overlap-0439,"[""c465b13e6ee9e3f9"", ""d46bc721e229d901""]"
https://www.airbnb.com/rooms/892057229595661288,overlap-0439,"[""c465b13e6ee9e3f9"", ""d46bc721e229d901""]"
https://www.airbnb.com/rooms/983571557114018825,overlap-0439,"[""c465b13e6ee9e3f9"", ""d46bc721e229d901""]"
https://www.airbnb.com/rooms/1134975995538255451,overlap-0440,"[""c8f88860f2a3fc87"", ""d97d79ca0dfa0064""]"
https://www.airbnb.com/rooms/1148142488472017818,overlap-0440,"[""c8f88860f2a3fc87"", ""d97d79ca0dfa0064""]"
https://www.airbnb.com/rooms/1226357461123585429,overlap-0440,"[""c8f88860f2a3fc87"", ""d97d79ca0dfa0064""]"
https://www.airbnb.com/rooms/1227459108684463818,overlap-0440,"[""c8f88860f2a3fc87"", ""d97d79ca0dfa0064""]"
https://www.airbnb.com/rooms/1255380958470433888,overlap-0440,"[""c8f88860f2a3fc87"", ""d97d79ca0dfa0064""]"
https://www.airbnb.com/rooms/1281410507537039262,overlap-0440,"[""c8f88860f2a3fc87"", ""d97d79ca0dfa0064""]"
https://www.airbnb.com/rooms/1314910757372916911,overlap-0440,"[""c8f88860f2a3fc87"", ""d97d79ca0dfa0064""]"
https://www.airbnb.com/rooms/1318422672975847986,overlap-0440,"[""c8f88860f2a3fc87"", ""d97d79ca0dfa0064""]"
https://www.airbnb.com/rooms/1320387931461361142,overlap-0440,"[""c8f88860f2a3fc87"", ""d97d79ca0dfa0064""]"
https://www.airbnb.com/rooms/1356031224254730015,overlap-0440,"[""c8f88860f2a3fc87"", ""d97d79ca0dfa0064""]"
https://www.airbnb.com/rooms/1356034355655077746,overlap-0440,"[""c8f88860f2a3fc87"", ""d97d79ca0dfa0064""]"
https://www.airbnb.com/rooms/1358257295353148577,overlap-0440,"[""c8f88860f2a3fc87"", ""d97d79ca0dfa0064""]"
https://www.airbnb.com/rooms/1452223626689609629,overlap-0440,"[""c8f88860f2a3fc87"", ""d97d79ca0dfa0064""]"
https://www.airbnb.com/rooms/1546014459494111544,overlap-0440,"[""c8f88860f2a3fc87"", ""d97d79ca0dfa0064""]"
https://www.airbnb.com/rooms/1546028627221177528,overlap-0440,"[""c8f88860f2a3fc87"", ""d97d79ca0dfa0064""]"
https://www.airbnb.com/rooms/1552443954065525705,overlap-0440,"[""c8f88860f2a3fc87"", ""d97d79ca0dfa0064""]"
https://www.airbnb.com/rooms/1699544760475672173,overlap-0440,"[""c8f88860f2a3fc87"", ""d97d79ca0dfa0064""]"
https://www.airbnb.com/rooms/1715613684323826511,overlap-0440,"[""c8f88860f2a3fc87"", ""d97d79ca0dfa0064""]"
https://www.airbnb.com/rooms/1764135966507632886,overlap-0440,"[""c8f88860f2a3fc87"", ""d97d79ca0dfa0064""]"
https://www.airbnb.com/rooms/1774937549802760514,overlap-0440,"[""c8f88860f2a3fc87"", ""d97d79ca0dfa0064""]"
https://www.airbnb.com/rooms/38220093,overlap-0440,"[""c8f88860f2a3fc87"", ""d97d79ca0dfa0064""]"
https://www.airbnb.com/rooms/53990192,overlap-0440,"[""c8f88860f2a3fc87"", ""d97d79ca0dfa0064""]"
https://www.airbnb.com/rooms/54007467,overlap-0440,"[""c8f88860f2a3fc87"", ""d97d79ca0dfa0064""]"
https://www.airbnb.com/rooms/571879253550716877,overlap-0440,"[""c8f88860f2a3fc87"", ""d97d79ca0dfa0064""]"
https://www.airbnb.com/rooms/610726381730898704,overlap-0440,"[""c8f88860f2a3fc87"", ""d97d79ca0dfa0064""]"
https://www.airbnb.com/rooms/623671039594739175,overlap-0440,"[""c8f88860f2a3fc87"", ""d97d79ca0dfa0064""]"
https://www.airbnb.com/rooms/636320278163828661,overlap-0440,"[""c8f88860f2a3fc87"", ""d97d79ca0dfa0064""]"
https://www.airbnb.com/rooms/683271281027753086,overlap-0440,"[""c8f88860f2a3fc87"", ""d97d79ca0dfa0064""]"
https://www.airbnb.com/rooms/686185174974311287,overlap-0440,"[""c8f88860f2a3fc87"", ""d97d79ca0dfa0064""]"
https://www.airbnb.com/rooms/747792146503376030,overlap-0440,"[""c8f88860f2a3fc87"", ""d97d79ca0dfa0064""]"
https://www.airbnb.com/rooms/809865338278018692,overlap-0440,"[""c8f88860f2a3fc87"", ""d97d79ca0dfa0064""]"
https://www.airbnb.com/rooms/888191503110091988,overlap-0440,"[""c8f88860f2a3fc87"", ""d97d79ca0dfa0064""]"
https://www.airbnb.com/rooms/927466357813825584,overlap-0440,"[""c8f88860f2a3fc87"", ""d97d79ca0dfa0064""]"
https://www.airbnb.com/rooms/9488800,overlap-0440,"[""c8f88860f2a3fc87"", ""d97d79ca0dfa0064""]"
https://www.airbnb.com/rooms/1164676320727491151,overlap-0441,"[""c93854c0298242ef"", ""dfe727fa505246b0""]"
https://www.airbnb.com/rooms/1237086280167593071,overlap-0441,"[""c93854c0298242ef"", ""dfe727fa505246b0""]"
https://www.airbnb.com/rooms/1240091824300884285,overlap-0441,"[""c93854c0298242ef"", ""dfe727fa505246b0""]"
https://www.airbnb.com/rooms/1374754344551362735,overlap-0441,"[""c93854c0298242ef"", ""dfe727fa505246b0""]"
https://www.airbnb.com/rooms/1378552204561557864,overlap-0441,"[""c93854c0298242ef"", ""dfe727fa505246b0""]"
https://www.airbnb.com/rooms/1450997586071460694,overlap-0441,"[""c93854c0298242ef"", ""dfe727fa505246b0""]"
https://www.airbnb.com/rooms/1480446329868096303,overlap-0441,"[""c93854c0298242ef"", ""dfe727fa505246b0""]"
https://www.airbnb.com/rooms/1480446405737020307,overlap-0441,"[""c93854c0298242ef"", ""dfe727fa505246b0""]"
https://www.airbnb.com/rooms/1480455329766680606,overlap-0441,"[""c93854c0298242ef"", ""dfe727fa505246b0""]"
https://www.airbnb.com/rooms/1480455494182741524,overlap-0441,"[""c93854c0298242ef"", ""dfe727fa505246b0""]"
https://www.airbnb.com/rooms/1480460090708371590,overlap-0441,"[""c93854c0298242ef"", ""dfe727fa505246b0""]"
https://www.airbnb.com/rooms/1480460216051813617,overlap-0441,"[""c93854c0298242ef"", ""dfe727fa505246b0""]"
https://www.airbnb.com/rooms/1480460403027636428,overlap-0441,"[""c93854c0298242ef"", ""dfe727fa505246b0""]"
https://www.airbnb.com/rooms/1480465661912039545,overlap-0441,"[""c93854c0298242ef"", ""dfe727fa505246b0""]"
https://www.airbnb.com/rooms/1480469531135533897,overlap-0441,"[""c93854c0298242ef"", ""dfe727fa505246b0""]"
https://www.airbnb.com/rooms/1480489535602094173,overlap-0441,"[""c93854c0298242ef"", ""dfe727fa505246b0""]"
https://www.airbnb.com/rooms/1480491538424752543,overlap-0441,"[""c93854c0298242ef"", ""dfe727fa505246b0""]"
https://www.airbnb.com/rooms/1480491642736537694,overlap-0441,"[""c93854c0298242ef"", ""dfe727fa505246b0""]"
https://www.airbnb.com/rooms/1480491766609827598,overlap-0441,"[""c93854c0298242ef"", ""dfe727fa505246b0""]"
https://www.airbnb.com/rooms/1481118697631837948,overlap-0441,"[""c93854c0298242ef"", ""dfe727fa505246b0""]"
https://www.airbnb.com/rooms/1481118783453982534,overlap-0441,"[""c93854c0298242ef"", ""dfe727fa505246b0""]"
https://www.airbnb.com/rooms/1481119051722019506,overlap-0441,"[""c93854c0298242ef"", ""dfe727fa505246b0""]"
https://www.airbnb.com/rooms/1481985198359739158,overlap-0441,"[""c93854c0298242ef"", ""dfe727fa505246b0""]"
https://www.airbnb.com/rooms/1482015563878985226,overlap-0441,"[""c93854c0298242ef"", ""dfe727fa505246b0""]"
https://www.airbnb.com/rooms/1482015610807760207,overlap-0441,"[""c93854c0298242ef"", ""dfe727fa505246b0""]"
https://www.airbnb.com/rooms/1482045639079946668,overlap-0441,"[""c93854c0298242ef"", ""dfe727fa505246b0""]"
https://www.airbnb.com/rooms/1482045677560642950,overlap-0441,"[""c93854c0298242ef"", ""dfe727fa505246b0""]"
https://www.airbnb.com/rooms/1482045723849734208,overlap-0441,"[""c93854c0298242ef"", ""dfe727fa505246b0""]"
https://www.airbnb.com/rooms/1482045769886232528,overlap-0441,"[""c93854c0298242ef"", ""dfe727fa505246b0""]"
https://www.airbnb.com/rooms/1482075802746707246,overlap-0441,"[""c93854c0298242ef"", ""dfe727fa505246b0""]"
https://www.airbnb.com/rooms/1571758916563667280,overlap-0441,"[""c93854c0298242ef"", ""dfe727fa505246b0""]"
https://www.airbnb.com/rooms/1571759216674471959,overlap-0441,"[""c93854c0298242ef"", ""dfe727fa505246b0""]"
https://www.airbnb.com/rooms/1574908506434772782,overlap-0441,"[""c93854c0298242ef"", ""dfe727fa505246b0""]"
https://www.airbnb.com/rooms/1576920815853987932,overlap-0441,"[""c93854c0298242ef"", ""dfe727fa505246b0""]"
https://www.airbnb.com/rooms/1577063977840636638,overlap-0441,"[""c93854c0298242ef"", ""dfe727fa505246b0""]"
https://www.airbnb.com/rooms/1648658113773477283,overlap-0441,"[""c93854c0298242ef"", ""dfe727fa505246b0""]"
https://www.airbnb.com/rooms/1681260883579124481,overlap-0441,"[""c93854c0298242ef"", ""dfe727fa505246b0""]"
https://www.airbnb.com/rooms/1751761851860101978,overlap-0441,"[""c93854c0298242ef"", ""dfe727fa505246b0""]"
https://www.airbnb.com/rooms/1777685855535642553,overlap-0441,"[""c93854c0298242ef"", ""dfe727fa505246b0""]"
https://www.airbnb.com/rooms/47317016,overlap-0441,"[""c93854c0298242ef"", ""dfe727fa505246b0""]"
https://www.airbnb.com/rooms/48351011,overlap-0441,"[""c93854c0298242ef"", ""dfe727fa505246b0""]"
https://www.airbnb.com/rooms/51585652,overlap-0441,"[""c93854c0298242ef"", ""dfe727fa505246b0""]"
https://www.airbnb.com/rooms/682587992739170189,overlap-0441,"[""c93854c0298242ef"", ""dfe727fa505246b0""]"
https://www.airbnb.com/rooms/843614740864117328,overlap-0441,"[""c93854c0298242ef"", ""dfe727fa505246b0""]"
https://www.airbnb.com/rooms/1386302457457771986,overlap-0442,"[""cd62d329833583f5"", ""d0518adc81daaedb""]"
https://www.airbnb.com/rooms/1750994208673165579,overlap-0443,"[""cd62d329833583f5"", ""dacbe4fa740d57a3""]"
https://www.airbnb.com/rooms/1542198207880131768,overlap-0444,"[""cd62d329833583f5"", ""e93d95f2f848decd""]"
https://www.airbnb.com/rooms/1745689433550400839,overlap-0445,"[""d46bc721e229d901"", ""e5f18edaa874fb40""]"
https://www.airbnb.com/rooms/21067873,overlap-0445,"[""d46bc721e229d901"", ""e5f18edaa874fb40""]"
https://www.airbnb.com/rooms/9477068,overlap-0445,"[""d46bc721e229d901"", ""e5f18edaa874fb40""]"
https://www.airbnb.com/rooms/1058006957632665129,overlap-0446,"[""d4e7c332ee342130"", ""d5e17d92707576bd""]"
https://www.airbnb.com/rooms/1106469780017814190,overlap-0446,"[""d4e7c332ee342130"", ""d5e17d92707576bd""]"
https://www.airbnb.com/rooms/1147163643566365896,overlap-0446,"[""d4e7c332ee342130"", ""d5e17d92707576bd""]"
https://www.airbnb.com/rooms/1351584417595715579,overlap-0446,"[""d4e7c332ee342130"", ""d5e17d92707576bd""]"
https://www.airbnb.com/rooms/1356148171575128036,overlap-0446,"[""d4e7c332ee342130"", ""d5e17d92707576bd""]"
https://www.airbnb.com/rooms/1466024337624010842,overlap-0446,"[""d4e7c332ee342130"", ""d5e17d92707576bd""]"
https://www.airbnb.com/rooms/1478418033272368268,overlap-0446,"[""d4e7c332ee342130"", ""d5e17d92707576bd""]"
https://www.airbnb.com/rooms/1577114213932122724,overlap-0446,"[""d4e7c332ee342130"", ""d5e17d92707576bd""]"
https://www.airbnb.com/rooms/1597444823790783761,overlap-0446,"[""d4e7c332ee342130"", ""d5e17d92707576bd""]"
https://www.airbnb.com/rooms/1709417974375989432,overlap-0446,"[""d4e7c332ee342130"", ""d5e17d92707576bd""]"
https://www.airbnb.com/rooms/1719127260376430863,overlap-0446,"[""d4e7c332ee342130"", ""d5e17d92707576bd""]"
https://www.airbnb.com/rooms/19291900,overlap-0446,"[""d4e7c332ee342130"", ""d5e17d92707576bd""]"
https://www.airbnb.com/rooms/31695776,overlap-0446,"[""d4e7c332ee342130"", ""d5e17d92707576bd""]"
https://www.airbnb.com/rooms/34126961,overlap-0446,"[""d4e7c332ee342130"", ""d5e17d92707576bd""]"
https://www.airbnb.com/rooms/40759025,overlap-0446,"[""d4e7c332ee342130"", ""d5e17d92707576bd""]"
https://www.airbnb.com/rooms/699405393250531115,overlap-0446,"[""d4e7c332ee342130"", ""d5e17d92707576bd""]"
https://www.airbnb.com/rooms/714602465016021537,overlap-0446,"[""d4e7c332ee342130"", ""d5e17d92707576bd""]"
https://www.airbnb.com/rooms/821224855100609491,overlap-0446,"[""d4e7c332ee342130"", ""d5e17d92707576bd""]"
https://www.airbnb.com/rooms/898804913838589464,overlap-0446,"[""d4e7c332ee342130"", ""d5e17d92707576bd""]"
https://www.airbnb.com/rooms/990661366686823873,overlap-0446,"[""d4e7c332ee342130"", ""d5e17d92707576bd""]"
https://www.airbnb.com/rooms/997102742800940029,overlap-0446,"[""d4e7c332ee342130"", ""d5e17d92707576bd""]"
https://www.airbnb.com/rooms/1205278049628123491,overlap-0447,"[""d4e7c332ee342130"", ""e1e7eb7530dfd0d2""]"
https://www.airbnb.com/rooms/1242711919350265564,overlap-0447,"[""d4e7c332ee342130"", ""e1e7eb7530dfd0d2""]"
https://www.airbnb.com/rooms/1496461797126123086,overlap-0447,"[""d4e7c332ee342130"", ""e1e7eb7530dfd0d2""]"
https://www.airbnb.com/rooms/1579261027190933139,overlap-0447,"[""d4e7c332ee342130"", ""e1e7eb7530dfd0d2""]"
https://www.airbnb.com/rooms/24623130,overlap-0447,"[""d4e7c332ee342130"", ""e1e7eb7530dfd0d2""]"
https://www.airbnb.com/rooms/24738411,overlap-0447,"[""d4e7c332ee342130"", ""e1e7eb7530dfd0d2""]"
https://www.airbnb.com/rooms/25799626,overlap-0447,"[""d4e7c332ee342130"", ""e1e7eb7530dfd0d2""]"
https://www.airbnb.com/rooms/41931003,overlap-0447,"[""d4e7c332ee342130"", ""e1e7eb7530dfd0d2""]"
https://www.airbnb.com/rooms/48396286,overlap-0447,"[""d4e7c332ee342130"", ""e1e7eb7530dfd0d2""]"
https://www.airbnb.com/rooms/48400184,overlap-0447,"[""d4e7c332ee342130"", ""e1e7eb7530dfd0d2""]"
https://www.airbnb.com/rooms/48400665,overlap-0447,"[""d4e7c332ee342130"", ""e1e7eb7530dfd0d2""]"
https://www.airbnb.com/rooms/48444153,overlap-0447,"[""d4e7c332ee342130"", ""e1e7eb7530dfd0d2""]"
https://www.airbnb.com/rooms/48444432,overlap-0447,"[""d4e7c332ee342130"", ""e1e7eb7530dfd0d2""]"
https://www.airbnb.com/rooms/49075321,overlap-0447,"[""d4e7c332ee342130"", ""e1e7eb7530dfd0d2""]"
https://www.airbnb.com/rooms/49075605,overlap-0447,"[""d4e7c332ee342130"", ""e1e7eb7530dfd0d2""]"
https://www.airbnb.com/rooms/49076412,overlap-0447,"[""d4e7c332ee342130"", ""e1e7eb7530dfd0d2""]"
https://www.airbnb.com/rooms/49077183,overlap-0447,"[""d4e7c332ee342130"", ""e1e7eb7530dfd0d2""]"
https://www.airbnb.com/rooms/49077607,overlap-0447,"[""d4e7c332ee342130"", ""e1e7eb7530dfd0d2""]"
https://www.airbnb.com/rooms/49094642,overlap-0447,"[""d4e7c332ee342130"", ""e1e7eb7530dfd0d2""]"
https://www.airbnb.com/rooms/49095335,overlap-0447,"[""d4e7c332ee342130"", ""e1e7eb7530dfd0d2""]"
https://www.airbnb.com/rooms/49095707,overlap-0447,"[""d4e7c332ee342130"", ""e1e7eb7530dfd0d2""]"
https://www.airbnb.com/rooms/51447581,overlap-0447,"[""d4e7c332ee342130"", ""e1e7eb7530dfd0d2""]"
https://www.airbnb.com/rooms/6710477,overlap-0447,"[""d4e7c332ee342130"", ""e1e7eb7530dfd0d2""]"
https://www.airbnb.com/rooms/816893820221950214,overlap-0447,"[""d4e7c332ee342130"", ""e1e7eb7530dfd0d2""]"
https://www.airbnb.com/rooms/13450649,overlap-0448,"[""d5e17d92707576bd"", ""e1495708e8518770""]"
https://www.airbnb.com/rooms/16555740,overlap-0448,"[""d5e17d92707576bd"", ""e1495708e8518770""]"
https://www.airbnb.com/rooms/1761752853607139083,overlap-0448,"[""d5e17d92707576bd"", ""e1495708e8518770""]"
https://www.airbnb.com/rooms/19692021,overlap-0448,"[""d5e17d92707576bd"", ""e1495708e8518770""]"
https://www.airbnb.com/rooms/25618468,overlap-0448,"[""d5e17d92707576bd"", ""e1495708e8518770""]"
https://www.airbnb.com/rooms/32519393,overlap-0448,"[""d5e17d92707576bd"", ""e1495708e8518770""]"
https://www.airbnb.com/rooms/42892451,overlap-0448,"[""d5e17d92707576bd"", ""e1495708e8518770""]"
https://www.airbnb.com/rooms/44063282,overlap-0448,"[""d5e17d92707576bd"", ""e1495708e8518770""]"
https://www.airbnb.com/rooms/673864882445527568,overlap-0448,"[""d5e17d92707576bd"", ""e1495708e8518770""]"
https://www.airbnb.com/rooms/8017261,overlap-0448,"[""d5e17d92707576bd"", ""e1495708e8518770""]"
https://www.airbnb.com/rooms/823428273410738343,overlap-0448,"[""d5e17d92707576bd"", ""e1495708e8518770""]"
https://www.airbnb.com/rooms/873071499026293051,overlap-0448,"[""d5e17d92707576bd"", ""e1495708e8518770""]"
https://www.airbnb.com/rooms/978185019166630348,overlap-0448,"[""d5e17d92707576bd"", ""e1495708e8518770""]"
https://www.airbnb.com/rooms/1341274898112809403,overlap-0449,"[""dacbe4fa740d57a3"", ""e4fb98ec0c223725""]"
https://www.airbnb.com/rooms/1440618230326061243,overlap-0449,"[""dacbe4fa740d57a3"", ""e4fb98ec0c223725""]"
https://www.airbnb.com/rooms/1455001440357590000,overlap-0449,"[""dacbe4fa740d57a3"", ""e4fb98ec0c223725""]"
https://www.airbnb.com/rooms/1501378194890059098,overlap-0449,"[""dacbe4fa740d57a3"", ""e4fb98ec0c223725""]"
https://www.airbnb.com/rooms/1673465771943128288,overlap-0449,"[""dacbe4fa740d57a3"", ""e4fb98ec0c223725""]"
https://www.airbnb.com/rooms/1673471128014014925,overlap-0449,"[""dacbe4fa740d57a3"", ""e4fb98ec0c223725""]"
https://www.airbnb.com/rooms/1673475541972344556,overlap-0449,"[""dacbe4fa740d57a3"", ""e4fb98ec0c223725""]"
https://www.airbnb.com/rooms/1739372162563190401,overlap-0449,"[""dacbe4fa740d57a3"", ""e4fb98ec0c223725""]"
https://www.airbnb.com/rooms/1080610153087964621,overlap-0450,"[""dc3e2682f7d8254b"", ""e492281c54b36956""]"
https://www.airbnb.com/rooms/1080679571842617747,overlap-0450,"[""dc3e2682f7d8254b"", ""e492281c54b36956""]"
https://www.airbnb.com/rooms/1102917852479992543,overlap-0450,"[""dc3e2682f7d8254b"", ""e492281c54b36956""]"
https://www.airbnb.com/rooms/1121068610426646525,overlap-0450,"[""dc3e2682f7d8254b"", ""e492281c54b36956""]"
https://www.airbnb.com/rooms/1151513340428143622,overlap-0450,"[""dc3e2682f7d8254b"", ""e492281c54b36956""]"
https://www.airbnb.com/rooms/1237292825933883261,overlap-0450,"[""dc3e2682f7d8254b"", ""e492281c54b36956""]"
https://www.airbnb.com/rooms/1296443930817147772,overlap-0450,"[""dc3e2682f7d8254b"", ""e492281c54b36956""]"
https://www.airbnb.com/rooms/1297096007657133095,overlap-0450,"[""dc3e2682f7d8254b"", ""e492281c54b36956""]"
https://www.airbnb.com/rooms/1303045100393826247,overlap-0450,"[""dc3e2682f7d8254b"", ""e492281c54b36956""]"
https://www.airbnb.com/rooms/1303106344853658483,overlap-0450,"[""dc3e2682f7d8254b"", ""e492281c54b36956""]"
https://www.airbnb.com/rooms/1307196581697848248,overlap-0450,"[""dc3e2682f7d8254b"", ""e492281c54b36956""]"
https://www.airbnb.com/rooms/1374142050707313878,overlap-0450,"[""dc3e2682f7d8254b"", ""e492281c54b36956""]"
https://www.airbnb.com/rooms/1521174508998088140,overlap-0450,"[""dc3e2682f7d8254b"", ""e492281c54b36956""]"
https://www.airbnb.com/rooms/1556768546388048896,overlap-0450,"[""dc3e2682f7d8254b"", ""e492281c54b36956""]"
https://www.airbnb.com/rooms/1557478097633693453,overlap-0450,"[""dc3e2682f7d8254b"", ""e492281c54b36956""]"
https://www.airbnb.com/rooms/1596776215250745069,overlap-0450,"[""dc3e2682f7d8254b"", ""e492281c54b36956""]"
https://www.airbnb.com/rooms/1603800911264726630,overlap-0450,"[""dc3e2682f7d8254b"", ""e492281c54b36956""]"
https://www.airbnb.com/rooms/1612532438852200922,overlap-0450,"[""dc3e2682f7d8254b"", ""e492281c54b36956""]"
https://www.airbnb.com/rooms/1724833534220630378,overlap-0450,"[""dc3e2682f7d8254b"", ""e492281c54b36956""]"
https://www.airbnb.com/rooms/704330800026619092,overlap-0450,"[""dc3e2682f7d8254b"", ""e492281c54b36956""]"
https://www.airbnb.com/rooms/900668783114372819,overlap-0450,"[""dc3e2682f7d8254b"", ""e492281c54b36956""]"
https://www.airbnb.com/rooms/995190452009822256,overlap-0450,"[""dc3e2682f7d8254b"", ""e492281c54b36956""]"
https://www.airbnb.com/rooms/1070547376797230923,overlap-0451,"[""e1495708e8518770"", ""f73692336bd0ee9b""]"
https://www.airbnb.com/rooms/12872273,overlap-0451,"[""e1495708e8518770"", ""f73692336bd0ee9b""]"
https://www.airbnb.com/rooms/15909011,overlap-0451,"[""e1495708e8518770"", ""f73692336bd0ee9b""]"
https://www.airbnb.com/rooms/39577331,overlap-0451,"[""e1495708e8518770"", ""f73692336bd0ee9b""]"
https://www.airbnb.com/rooms/41433796,overlap-0451,"[""e1495708e8518770"", ""f73692336bd0ee9b""]"
https://www.airbnb.com/rooms/43041968,overlap-0451,"[""e1495708e8518770"", ""f73692336bd0ee9b""]"
https://www.airbnb.com/rooms/49123790,overlap-0451,"[""e1495708e8518770"", ""f73692336bd0ee9b""]"
https://www.airbnb.com/rooms/52788340,overlap-0451,"[""e1495708e8518770"", ""f73692336bd0ee9b""]"
https://www.airbnb.com/rooms/53690426,overlap-0451,"[""e1495708e8518770"", ""f73692336bd0ee9b""]"
https://www.airbnb.com/rooms/6506269,overlap-0451,"[""e1495708e8518770"", ""f73692336bd0ee9b""]"
https://www.airbnb.com/rooms/1090007402637625333,overlap-0452,"[""e492281c54b36956"", ""f7ad5e66fb110023""]"
https://www.airbnb.com/rooms/873897444591677189,overlap-0453,"[""ec90185c250eb407"", ""f55b82152f929f43""]"
