{"type":"FeatureCollection","features":[{"type":"Feature","id":"102061","geometry":{"type":"Polygon","coordinates":[[[-86.6014389339074,36.1077474589698],[-86.5988971264891,36.1069366678932],[-86.5992393189583,36.1048647686978],[-86.6001036345192,36.1049637612234],[-86.6001297354213,36.1048339690075],[-86.6002705895744,36.1041212246308],[-86.6031371654989,36.1044783303212],[-86.603188678496,36.1043848757694],[-86.602966723598,36.1048198182775],[-86.6029662049527,36.1048198208706],[-86.6014389339074,36.1077474589698]],[[-86.6006739495766,36.1073234110174],[-86.6006626511447,36.1072619330072],[-86.6006788840564,36.1072596539588],[-86.6006704595447,36.1072201382286],[-86.6006542443699,36.1072246144864],[-86.6006484621964,36.1071762945964],[-86.6006370807018,36.107103828698],[-86.6006285243691,36.1070467316231],[-86.6006200046224,36.1069940298639],[-86.600614169296,36.1069391174359],[-86.6006027723604,36.1068644543081],[-86.6006163130187,36.1068643868753],[-86.6006050479308,36.1068073032853],[-86.6006672848291,36.1068004005312],[-86.6006669690193,36.1067586462103],[-86.6004910403971,36.1067727087949],[-86.6004999123167,36.1068715593028],[-86.6004891136898,36.1068760085693],[-86.6005005105065,36.1069506699051],[-86.6005167599807,36.106950588996],[-86.6005198665048,36.1070033195193],[-86.6004738778104,36.1070101412991],[-86.6004769854053,36.1070628700147],[-86.6005284061329,36.107058218485],[-86.6005396545793,36.1071131039612],[-86.6005234216935,36.1071153829908],[-86.6005347864709,36.1071856516835],[-86.600499614067,36.1071902214132],[-86.6005081038512,36.1072385278282],[-86.6005324610008,36.1072362119525],[-86.6005408676992,36.1072735277779],[-86.6005517173416,36.1072756710512],[-86.600562997963,36.1073349518611],[-86.6006739495766,36.1073234110174]],[[-86.5999510903156,36.1069973592727],[-86.5999426507058,36.1069556462672],[-86.6000129787516,36.1069443081031],[-86.6000158037779,36.1069596778448],[-86.6001023812911,36.1069482587847],[-86.6001134102102,36.106974575099],[-86.6001702341215,36.106967699537],[-86.6001646349484,36.1069435535067],[-86.600210656843,36.1069411262774],[-86.6002078483925,36.1069279546577],[-86.6002836105839,36.1069187865902],[-86.6002612979357,36.1068331885629],[-86.6001909556394,36.1068423296446],[-86.6001908559925,36.1068291445437],[-86.6001421563523,36.1068359796889],[-86.6001449636781,36.1068491513159],[-86.6000854343901,36.106856041229],[-86.5999961349018,36.1068652756191],[-86.5999284957918,36.1068744030992],[-86.5998662576607,36.1068813054774],[-86.5997958964536,36.106888248222],[-86.5997039024736,36.1068996939959],[-86.5997038194996,36.1068887061113],[-86.5996334914588,36.1069000440952],[-86.5996249679524,36.1068473431871],[-86.5995708385039,36.1068520068971],[-86.5995962906056,36.1069947291251],[-86.5997153494707,36.1069809506541],[-86.5997208655402,36.1069941097218],[-86.599810134223,36.1069804792897],[-86.5998127589254,36.1069694779388],[-86.5998776882243,36.1069603649041],[-86.5998861278006,36.1070020779141],[-86.5999510903156,36.1069973592727]],[[-86.5991891073627,36.106869287833],[-86.5991967672769,36.1068077154931],[-86.5992157409873,36.1068098185232],[-86.5992181535422,36.1067702488467],[-86.5992019184606,36.1067725268085],[-86.5992096612609,36.1067219423519],[-86.5992199470294,36.1066493686641],[-86.5992276400561,36.1065921907522],[-86.5992353673472,36.1065394081681],[-86.5992430935243,36.1064866264896],[-86.5992533427341,36.1064096574765],[-86.5992641944449,36.1064118008551],[-86.5992691963332,36.1063568345093],[-86.5993342412794,36.1063631040858],[-86.5993420337082,36.1063191121671],[-86.5991685813738,36.1063023929254],[-86.5991503538569,36.1063991808666],[-86.599136826521,36.1064014453682],[-86.5991265606233,36.1064762171548],[-86.5991428265783,36.1064783336475],[-86.5991323915552,36.1065311296777],[-86.5990863532835,36.1065313583779],[-86.5990731939566,36.1065819697344],[-86.5991246818831,36.1065861094664],[-86.5991196798803,36.1066410758031],[-86.5991034315787,36.1066411565185],[-86.5990931291297,36.1067115329798],[-86.5990578905697,36.1067073152256],[-86.5990528553446,36.1067578844208],[-86.5990799532024,36.1067599471182],[-86.5990775273361,36.1067973195589],[-86.5990883757633,36.1067994629696],[-86.5990807157727,36.106861036204],[-86.5991891073627,36.106869287833]],[[-86.5995393110143,36.1062631919344],[-86.5997049047333,36.1063151110154],[-86.599747553663,36.1062247943409],[-86.599763819583,36.10622691075],[-86.5997957826822,36.1061564264961],[-86.5997849033499,36.1061498878027],[-86.5998061862467,36.1060992359588],[-86.599855049231,36.1061143767326],[-86.5998817651016,36.1060658951513],[-86.599832902142,36.1060507543881],[-86.5998541528934,36.1059957071939],[-86.5998731452519,36.1060000082281],[-86.5999024337019,36.1059339318435],[-86.5999376885892,36.1059403501737],[-86.5999563134815,36.1058963043221],[-86.5999291660877,36.1058876483678],[-86.5999478739791,36.1058545904042],[-86.5999343002755,36.1058502606243],[-86.5999609496197,36.1057929910555],[-86.599857825321,36.1057649337235],[-86.5998311593504,36.1058200105591],[-86.5998175690572,36.1058134826479],[-86.5998016030671,36.1058509206526],[-86.5998178844168,36.1058552369809],[-86.5997965683971,36.1059014934948],[-86.5997618778187,36.1059697940184],[-86.5997378861588,36.1060204593264],[-86.5997138789868,36.1060689274067],[-86.5996899038647,36.106121790822],[-86.5996552296889,36.1061922885281],[-86.5996443636216,36.1061879470554],[-86.5996204050069,36.1062430076722],[-86.5995606781487,36.1062235262139],[-86.5995393110143,36.1062631919344]],[[-86.5993031909925,36.1061962357052],[-86.5993298442262,36.1061389644617],[-86.5993461233745,36.1061432790619],[-86.5993620896381,36.1061058411202],[-86.5993458248438,36.1061037219476],[-86.5993698488405,36.1060574520593],[-86.5994018321365,36.1059891651071],[-86.5994285150663,36.1059362882895],[-86.5994525234898,36.1058878211602],[-86.5994792229374,36.105837141547],[-86.5995138971144,36.1057666438853],[-86.5995247631169,36.1057709853701],[-86.5995487371324,36.1057181219885],[-86.599608464725,36.1057376043509],[-86.5996298305864,36.1056979404209],[-86.5994669303613,36.105643808745],[-86.5994188650088,36.1057341513531],[-86.5994053101798,36.1057320214233],[-86.5993706337003,36.1058025190654],[-86.5993842239345,36.1058090443234],[-86.5993575078466,36.1058575257976],[-86.5993140781125,36.1058445551224],[-86.5992846543153,36.1058930500352],[-86.5993335159627,36.1059081910266],[-86.599309540636,36.1059610543685],[-86.5992932593059,36.1059567397742],[-86.599261259343,36.1060228285798],[-86.5992286955606,36.106014200283],[-86.5992073625769,36.1060582594739],[-86.5992318022831,36.1060669281426],[-86.5992158182904,36.1061021706584],[-86.5992266843361,36.1061065139722],[-86.5992000343572,36.1061637833743],[-86.5993031909925,36.1061962357052]],[[-86.601335799729,36.1056718652107],[-86.6013144668956,36.1057159247836],[-86.6013606544477,36.1057354728883],[-86.6014273415993,36.1056010834242],[-86.6013160441859,36.1055664752937],[-86.6013159443538,36.1055532901896],[-86.6012317767111,36.1055251395111],[-86.6012237192245,36.1055339706817],[-86.6011612837474,36.1055145026151],[-86.6011799400227,36.1054748519106],[-86.6011229209921,36.1054553568238],[-86.6011015559485,36.1054950219219],[-86.6010337041414,36.1054755807852],[-86.60104171175,36.1054601570748],[-86.6009575642682,36.105434204306],[-86.6009681775302,36.1054055820142],[-86.6009166215436,36.1053926533094],[-86.6009032163776,36.1054103012054],[-86.6008624953904,36.105397318491],[-86.6008544378689,36.105406148736],[-86.6007865695765,36.1053845102428],[-86.6007519953443,36.1054681960913],[-86.6008198814183,36.1054920300125],[-86.6008091151378,36.1055008746501],[-86.6008552525627,36.1055138303971],[-86.6008632934643,36.105502802034],[-86.6009175859703,36.1055201126274],[-86.6010017723452,36.105550460731],[-86.6010642078046,36.1055699279789],[-86.6011212280137,36.1055894230873],[-86.601189113212,36.1056132595093],[-86.6012732798157,36.1056414093212],[-86.6012706409387,36.1056502125783],[-86.601335799729,36.1056718652107]],[[-86.6002110926841,36.105565388487],[-86.6002136342274,36.1055433974331],[-86.6002597217515,36.1055497608551],[-86.6002623463444,36.1055387594906],[-86.6003355125158,36.1055449881039],[-86.600345683037,36.1054570310641],[-86.6002724981103,36.1054486043495],[-86.6002778314475,36.105437589502],[-86.6002290518509,36.1054334376865],[-86.6002264438632,36.1054466362677],[-86.6001668159993,36.1054403420192],[-86.600077366438,36.105429797023],[-86.6000096145591,36.1054235413168],[-86.5999472646939,36.1054150604986],[-86.5998768018477,36.1054088155],[-86.5997846436463,36.1053982882662],[-86.5997872848939,36.1053894841288],[-86.5997168254353,36.1053832417239],[-86.5997245677721,36.1053326572166],[-86.5996730452171,36.1053241224146],[-86.5996497539342,36.1054670861423],[-86.5997690096636,36.1054796796272],[-86.5997691092387,36.105492864733],[-86.5998612498616,36.1055011974704],[-86.5998665832593,36.1054901826412],[-86.5999316275428,36.1054964518969],[-86.5999265265658,36.1055382331766],[-86.59998887874,36.105546713093],[-86.5999966884433,36.1055049192358],[-86.6000671314233,36.1055089633587],[-86.6000672476566,36.1055243465824],[-86.600153973063,36.1055327060405],[-86.6001541889523,36.1055612743692],[-86.6002110926841,36.105565388487]],[[-86.5993848417783,36.105532135542],[-86.5993952267456,36.1054727469237],[-86.599411491412,36.10547486609],[-86.5994166092261,36.1054352802462],[-86.5994003600609,36.1054353610072],[-86.5994108279359,36.1053869602752],[-86.5994238209824,36.1053143730883],[-86.5994369301093,36.1052571682229],[-86.5994473813539,36.1052065702682],[-86.5994577982979,36.1051515769814],[-86.5994734834083,36.1050767782021],[-86.599484331618,36.1050789224795],[-86.5994947330376,36.1050217310634],[-86.599557084767,36.1050302121054],[-86.5995676022635,36.1049884039087],[-86.5993941030318,36.104965092432],[-86.5993731684637,36.105061892995],[-86.5993569193749,36.1050619737501],[-86.599343942897,36.105136759053],[-86.5993575164329,36.1051410870976],[-86.5993470828389,36.1051938831585],[-86.5992982868466,36.1051875319463],[-86.5992851477961,36.1052403414451],[-86.5993366481137,36.105246678322],[-86.5993262476614,36.1053038697156],[-86.5993099819353,36.1053017523458],[-86.5992969722062,36.1053721423033],[-86.5992617507956,36.105370120022],[-86.5992539750017,36.1054163100646],[-86.599281088987,36.1054205699348],[-86.5992732457557,36.1054579693118],[-86.5992868060942,36.1054601001302],[-86.5992764188262,36.1055194887503],[-86.5993848417783,36.105532135542]],[[-86.6007631794252,36.1049327319088],[-86.600747495558,36.1050075308584],[-86.6007366462133,36.1050053867002],[-86.6007262468008,36.1050625782181],[-86.6006666025469,36.105054084295],[-86.6006533802142,36.1050959060612],[-86.600829585508,36.1051192022473],[-86.6008478140232,36.1050224149061],[-86.6008640586601,36.1050223339722],[-86.6008770347984,36.1049475484981],[-86.6008634601022,36.1049432206298],[-86.6008738937658,36.104890424429],[-86.6009253973219,36.1048967615126],[-86.6009358464533,36.1048461625287],[-86.6008880824063,36.1048417310326],[-86.6008920190752,36.1047804510838],[-86.6009109923531,36.1047825547494],[-86.6009240005551,36.1047121646075],[-86.6009592050899,36.1047119891862],[-86.6009642722107,36.104665812518],[-86.6009402047274,36.1046615369445],[-86.6009473841899,36.1046260640686],[-86.6009338272878,36.1046239343212],[-86.6009442098676,36.1045645455616],[-86.600835804611,36.1045540973864],[-86.6008227132304,36.1046134996314],[-86.6008091397048,36.1046091717512],[-86.6008040059955,36.1046465577409],[-86.600820627941,36.1046511444214],[-86.6008101621327,36.1046995452791],[-86.600797153832,36.104769935409],[-86.6007877841151,36.1048290442185],[-86.600773578801,36.1048755412871],[-86.6007631794252,36.1049327319088]],[[-86.6004909389383,36.1046549846563],[-86.6005014049353,36.1046065838257],[-86.6005122508668,36.1046087253181],[-86.6005280368321,36.1045471159949],[-86.600593096998,36.1045555803104],[-86.6006009051549,36.1045137837057],[-86.6004247156822,36.1044926871144],[-86.6004011070029,36.1045938966894],[-86.6003523290286,36.1045897449173],[-86.6003418452164,36.1046359476218],[-86.6003770840566,36.1046401677013],[-86.6003614164933,36.1047171638238],[-86.6003776821209,36.1047192801508],[-86.6003673146035,36.1047808669836],[-86.6003131201662,36.1047767412579],[-86.600305345035,36.1048229304738],[-86.6003311029941,36.1048269228711],[-86.6003246006846,36.1048623905338],[-86.6003354489016,36.1048645365371],[-86.6003223936517,36.1049283340427],[-86.6004361957552,36.1049365576101],[-86.6004492708659,36.1048749581944],[-86.6004628278046,36.1048770888974],[-86.6004706859208,36.1048418866605],[-86.6004571289946,36.1048397568596],[-86.6004648885303,36.1047913695098],[-86.600477963588,36.1047297691875],[-86.6004909389383,36.1046549846563]],[[-86.6012452403993,36.1044864010189],[-86.6012268494654,36.1045612135378],[-86.6012404063646,36.1045633432523],[-86.6012246398378,36.1046271543811],[-86.6011622716149,36.1046164769829],[-86.6011436975926,36.1046671155886],[-86.601192508935,36.1046756632779],[-86.6011819934458,36.104717471614],[-86.6011955670102,36.1047217994521],[-86.6011850503854,36.1047636050899],[-86.6012921748321,36.1047839507948],[-86.6012960815085,36.104763051556],[-86.6013040058148,36.1047366417384],[-86.6013175627528,36.1047387723455],[-86.601328112564,36.1047013593282],[-86.6013145389959,36.1046970315049],[-86.6013276965822,36.10464641988],[-86.6013461706396,36.1045825952372],[-86.6013672823652,36.1045099646309],[-86.6013830842787,36.1044505515105],[-86.6013966411632,36.1044526812076],[-86.6014124408017,36.1043932653899],[-86.6014639429677,36.1043996022499],[-86.6014771669788,36.1043577803766],[-86.6012900651143,36.1043257484638],[-86.6012610556886,36.1044291833459],[-86.6012149520944,36.1044206221859],[-86.6011991534337,36.1044800406755],[-86.6012452403993,36.1044864010189]],[[-86.6009359889607,36.1044176152466],[-86.6009619553056,36.10427024419],[-86.6008345606741,36.1042554951372],[-86.6008450441494,36.1042092923855],[-86.6007854171519,36.1042029966384],[-86.6007775093613,36.1042316054457],[-86.6006853357605,36.1042188780743],[-86.6006827278953,36.1042320775707],[-86.6006095440617,36.104223651058],[-86.60062004317,36.1041796455488],[-86.6005577086168,36.1041733631737],[-86.600552458492,36.1041953659286],[-86.6005063717304,36.1041890026163],[-86.6005037472296,36.1042000057923],[-86.6004332577472,36.1041893666537],[-86.6004149968062,36.1042817595113],[-86.6004854719557,36.1042901987278],[-86.6004855716551,36.104303384738],[-86.6005289342666,36.104307564323],[-86.6005315587811,36.1042965629492],[-86.6005939100451,36.1043050425553],[-86.600667113902,36.1043156662785],[-86.6007592676529,36.1043261955611],[-86.60081891137,36.1043346894398],[-86.600819011118,36.1043478745484],[-86.600889487507,36.1043563171281],[-86.6008790705276,36.1044113078513],[-86.6009359889607,36.1044176152466]],[[-86.6018156904885,36.104358288856],[-86.6018077330974,36.1043803051759],[-86.6017643537303,36.1043739288333],[-86.6017616960802,36.1043805348974],[-86.6016830623875,36.1043677416273],[-86.6016593399262,36.1044535691212],[-86.6017325562679,36.1044663894369],[-86.6017299818639,36.10448398339],[-86.6017760855504,36.104492544353],[-86.6017841095649,36.104479317807],[-86.6018437701642,36.1044900092973],[-86.6019170043327,36.1045050267127],[-86.6020092117805,36.1045221484779],[-86.6020688746567,36.1045328389444],[-86.6020662470156,36.1045438403676],[-86.6021448942717,36.1045588306213],[-86.6021290829319,36.104616049293],[-86.6021806019597,36.1046245830639],[-86.6022201062922,36.1044771414303],[-86.6020926444577,36.1044536039363],[-86.6021031605295,36.10441179371],[-86.6020434999745,36.1044011050516],[-86.6020355593052,36.104425319505],[-86.6019406443675,36.104408212175],[-86.6019353612968,36.1044258196526],[-86.6018675601466,36.1044129697311],[-86.6018780585965,36.104368965917],[-86.6018156904885,36.104358288856]],[[-86.6015987352268,36.1046758357568],[-86.6015723038356,36.1047616740354],[-86.6015670539666,36.1047836786336],[-86.6016890842943,36.1048050464812],[-86.6016758936196,36.1048512637089],[-86.601738245448,36.1048597436236],[-86.6017478267562,36.1048286533167],[-86.6018356331301,36.1048460711611],[-86.6018409517804,36.1048328590144],[-86.6019087199522,36.1048413109101],[-86.6019009290902,36.1048853030108],[-86.6019605900035,36.104895993541],[-86.6019658231303,36.1048717935114],[-86.602009201675,36.1048781697863],[-86.6020118437761,36.1048693664948],[-86.602082369596,36.1048843973298],[-86.6021060428583,36.1047919772033],[-86.6020355493178,36.1047813408219],[-86.6020381580935,36.1047681421938],[-86.6019974705466,36.1047595524927],[-86.6019948617848,36.1047727538237],[-86.6019297690547,36.1047598904172],[-86.6019271311353,36.1047692461659],[-86.6018566512208,36.1047602553342],[-86.601853703706,36.1047734583525],[-86.6017645705181,36.1047598928682],[-86.6017018717122,36.1047503160483],[-86.6016370979531,36.104734980507],[-86.6016502553402,36.1046843688474],[-86.6015987352268,36.1046758357568]],[[-86.6023630585925,36.1047577270435],[-86.6023551846654,36.1047907330884],[-86.6023416088117,36.1047864062931],[-86.6023364780267,36.1048237914341],[-86.6023527604005,36.1048281056133],[-86.6023422921709,36.1048765066184],[-86.6023265797848,36.1049469086198],[-86.6023161637572,36.1050019039652],[-86.6023057177059,36.1050525030557],[-86.6022926073406,36.1051097073512],[-86.6022769259894,36.1051845064909],[-86.6022660743581,36.1051823624815],[-86.602255678245,36.1052395541176],[-86.6021960336809,36.1052310591488],[-86.6021828099166,36.1052728828944],[-86.6023590182797,36.1052961777351],[-86.6023772416125,36.1051993865786],[-86.6023934896158,36.1051993054221],[-86.6024064632528,36.105124522496],[-86.6023928895536,36.1051201947946],[-86.6024033222237,36.1050673984637],[-86.6024548260302,36.1050737366964],[-86.6024652741968,36.1050231357798],[-86.6024164625108,36.1050145895076],[-86.6024241530778,36.1049574113685],[-86.6024431264385,36.104959514793],[-86.6024561333115,36.1048891244889],[-86.6024913379214,36.1048889486204],[-86.6024964186172,36.1048449700193],[-86.602472015599,36.1048406964274],[-86.6024798561525,36.1048032968421],[-86.6024662991722,36.1048011663657],[-86.6024740896991,36.104757172425],[-86.6023646282184,36.1047415134366],[-86.6023630585925,36.1047577270435]],[[-86.6019415241045,36.1052389252252],[-86.601951922665,36.1051817336051],[-86.6019676054186,36.1051069326996],[-86.601978454824,36.1051090785494],[-86.6019888533409,36.1050518869243],[-86.6020484977346,36.1050603801934],[-86.6020617215479,36.1050185582628],[-86.6018855138948,36.1049952638874],[-86.6018672899822,36.1050920513696],[-86.6018510408897,36.1050921324607],[-86.6018380645343,36.1051669180425],[-86.6018516404529,36.105171248499],[-86.6018412084926,36.1052240420715],[-86.6017897046581,36.1052177062806],[-86.6017792560149,36.1052683044326],[-86.6018307754214,36.1052768374504],[-86.6018230843963,36.1053340155471],[-86.6018041109693,36.1053319129265],[-86.6017911034459,36.1054023031524],[-86.601755898607,36.1054024788166],[-86.6017508318925,36.1054486546083],[-86.6017752217347,36.1054507302107],[-86.6017677204904,36.105488402937],[-86.6017812775692,36.1054905334915],[-86.6017708954876,36.1055499214081],[-86.6018793022264,36.1055603687403],[-86.6018923929797,36.1055009672958],[-86.6019059667099,36.1055052941519],[-86.6019110999559,36.1054679081232],[-86.6018944777766,36.105463321594],[-86.6019049430246,36.1054149206514],[-86.601917948228,36.1053445304245],[-86.6019310744447,36.1052895233956],[-86.6019415241045,36.1052389252252]],[[-86.6004038156931,36.1052655450357],[-86.6004298331313,36.1051247648755],[-86.600310544613,36.1051077776083],[-86.6003104449416,36.1050945916006],[-86.6002183036396,36.1050862601122],[-86.6002129703179,36.105097274958],[-86.6001479108389,36.1050888077293],[-86.6001557359071,36.10504921108],[-86.6000906587605,36.1050385466085],[-86.6000828502631,36.105080340471],[-86.6000123733446,36.1050719010265],[-86.6000149824594,36.1050587015418],[-86.5999282575921,36.1050503428841],[-86.5999307494033,36.105021760181],[-86.5998738306033,36.1050154505099],[-86.5998685802333,36.1050374532303],[-86.5998224930583,36.1050310923617],[-86.599819868401,36.1050420910143],[-86.5997467005121,36.1050358620985],[-86.5997311152355,36.1051238460209],[-86.5998042832042,36.1051300749461],[-86.5998016751626,36.1051432744204],[-86.5998504534549,36.1051474273159],[-86.5998503538599,36.1051342413078],[-86.5999099980867,36.1051427356343],[-86.5999994472888,36.1051532789531],[-86.6000699242781,36.105161718405],[-86.6001349849192,36.10517018567],[-86.6002027532041,36.1051786394248],[-86.6002949134477,36.1051891690324],[-86.6002922689243,36.1051979722966],[-86.6003627459912,36.1052064124786],[-86.6003522953299,36.1052570105126],[-86.6004038156931,36.1052655450357]],[[-86.6004750734061,36.1057354899331],[-86.6002934814438,36.1057166155392],[-86.6002779796917,36.1058155874046],[-86.6002210569634,36.1058092779151],[-86.6002133348408,36.1058620605499],[-86.6002512807542,36.1058662662936],[-86.6002382883805,36.1059388544608],[-86.6002545542549,36.1059409708039],[-86.6002468609201,36.1059981487961],[-86.6001926656584,36.1059940230176],[-86.6001821992905,36.1060424238045],[-86.6002147299759,36.1060466574102],[-86.6002095792812,36.1060818452432],[-86.6002204276413,36.1060839885525],[-86.6002073189423,36.1061411934913],[-86.6003211593285,36.1061538124829],[-86.600331543677,36.1060944237933],[-86.6003478084821,36.1060965410305],[-86.6003529757264,36.1060635504085],[-86.6003394163668,36.1060614197048],[-86.6003471439848,36.1060086379382],[-86.6003575449049,36.105951446461],[-86.6003678129075,36.1058766745432],[-86.6003755548779,36.1058260900004],[-86.6003918196224,36.1058282063306],[-86.6004022537226,36.1057754110833],[-86.600464572908,36.1057794963194],[-86.6004750734061,36.1057354899331]],[[-86.6007433579331,36.1057583286535],[-86.6007329739364,36.1058177173836],[-86.6007167091987,36.1058156029019],[-86.600711542108,36.105848591739],[-86.6007250992132,36.1058507215108],[-86.6007146653245,36.1059035176862],[-86.6007069734283,36.1059606948015],[-86.6006912903953,36.1060354910154],[-86.6006835486261,36.1060860782796],[-86.6006672827105,36.1060839619945],[-86.6006541244651,36.1061345735292],[-86.6005918049777,36.106130486589],[-86.6005813044989,36.1061744938823],[-86.6007629142045,36.1061955659586],[-86.6007811230877,36.1060965805521],[-86.6008380604753,36.1061050879058],[-86.6008457877593,36.1060523052066],[-86.6008078217645,36.1060459015487],[-86.6008235390325,36.1059754979455],[-86.6008072565065,36.1059711835612],[-86.6008149649542,36.1059162036564],[-86.6008691601951,36.1059203291554],[-86.6008796272389,36.1058719283018],[-86.6008470965895,36.1058676948752],[-86.60085495464,36.1058324935233],[-86.6008441085116,36.1058303493586],[-86.6008572144862,36.1057731452584],[-86.6007433579331,36.1057583286535]],[[-86.6006966243501,36.1063826954435],[-86.6007049811899,36.1064134214182],[-86.6006184376015,36.1064292380492],[-86.6006212461093,36.1064424105622],[-86.600553659506,36.1064581309337],[-86.6005370977242,36.1064164575064],[-86.6004802908593,36.1064255313601],[-86.6004859067055,36.1064518745954],[-86.6004426426204,36.1064608810005],[-86.6004454178683,36.1064696581831],[-86.6003750891939,36.1064809966061],[-86.6004028515537,36.1065709620882],[-86.6004731636906,36.1065574264326],[-86.6004786787388,36.1065705845714],[-86.6005165264216,36.1065616060251],[-86.6005164433355,36.1065506181401],[-86.6005786301782,36.1065371219793],[-86.6006489422551,36.1065235862212],[-86.6007381603811,36.1065033625496],[-86.6007976561035,36.1064920778807],[-86.6008004646433,36.1065052503893],[-86.6008653757078,36.1064939387096],[-86.60088469856,36.1065421902333],[-86.600938794461,36.1065331305991],[-86.60089436755,36.1063883058693],[-86.6007753928792,36.1064130706878],[-86.6007615198323,36.1063691883997],[-86.6006966243501,36.1063826954435]],[[-86.6002653324319,36.106650762915],[-86.6002371737908,36.1065080551822],[-86.6001181334324,36.1065240304798],[-86.6001126173366,36.1065108723299],[-86.6000233481161,36.1065245020919],[-86.6000207234576,36.1065355034485],[-86.5999557978816,36.1065446201496],[-86.5999473549583,36.1065029035513],[-86.5998824094512,36.1065098203091],[-86.5998908500926,36.106551533318],[-86.5998205212665,36.1065628714176],[-86.5998176974027,36.1065475016642],[-86.5997311202856,36.106558920521],[-86.599720088219,36.1065326041857],[-86.5996632845027,36.1065416767364],[-86.5996688823913,36.1065658236992],[-86.5996255694788,36.106568236353],[-86.5996283767163,36.1065814088941],[-86.5995526158749,36.106590575644],[-86.5995749276911,36.1066761738076],[-86.5996452754643,36.1066670330572],[-86.5996453750271,36.1066802190603],[-86.5996940690616,36.1066733841431],[-86.59969126181,36.1066602116038],[-86.5997507898815,36.1066533227917],[-86.5998400781105,36.1066418904374],[-86.5999077125901,36.1066327630284],[-86.5999699494123,36.1066258606339],[-86.6000402948742,36.106616719664],[-86.6001322884779,36.1066052736327],[-86.6001323715109,36.1066162615179],[-86.6002026826233,36.1066027260256],[-86.600211205383,36.1066554278028],[-86.6002653324319,36.106650762915]],[[-86.6009050690239,36.1067288925225],[-86.6009136255006,36.1067859868787],[-86.6008973771712,36.1067860678357],[-86.600905800646,36.1068255844611],[-86.6009220323373,36.1068233035829],[-86.6009305234635,36.1068716117695],[-86.6009419040887,36.1069440785512],[-86.6009504440022,36.1069989774879],[-86.6009589517776,36.1070494810841],[-86.6009702193551,36.1071065619228],[-86.6009816144701,36.1071812277261],[-86.600968073758,36.1071812952],[-86.6009793380494,36.1072383787562],[-86.6009143931345,36.1072452951618],[-86.6009201422164,36.107289219705],[-86.6010960386455,36.1072707620643],[-86.6010817660632,36.1071741358217],[-86.6010979812241,36.10716966221],[-86.6010811839093,36.1070972206403],[-86.601067626575,36.107095090008],[-86.6010563944025,36.1070424026983],[-86.6011077995626,36.1070355536999],[-86.6011046926605,36.1069828249946],[-86.6010505787321,36.1069896874916],[-86.6010392977958,36.1069304067222],[-86.6010582549548,36.1069303122461],[-86.6010441654344,36.1068578598761],[-86.6010766122254,36.1068511053701],[-86.6010681387666,36.1068049962068],[-86.6010383664146,36.1068073418827],[-86.6010380836811,36.106769983798],[-86.601021850873,36.1067722619937],[-86.6010105533608,36.106710784002],[-86.6009050690239,36.1067288925225]]]},"properties":{"id":"102061","parcel":"122150A90000CO","address":"4001 B ANDERSON RD","owner":"O.I.C. HARBOUR TOWN CONDOMINIUMS","point":[-86.60159916413608,36.10593117219649]}},{"type":"Feature","id":"108154","geometry":{"type":"Polygon","coordinates":[[[-86.6018412084926,36.1052240420715],[-86.6018516404529,36.105171248499],[-86.601951922665,36.1051817336051],[-86.6019415241045,36.1052389252252],[-86.6018412084926,36.1052240420715]]]},"properties":{"id":"108154","parcel":"122150A02900CO","address":"4001 ANDERSON RD 29","owner":"GOMES, JACOB","point":[-86.60189673371978,36.105202888409835]}},{"type":"Feature","id":"108155","geometry":{"type":"Polygon","coordinates":[[[-86.601755898607,36.1054024788166],[-86.6017911034459,36.1054023031524],[-86.6019049430246,36.1054149206514],[-86.6018944777766,36.105463321594],[-86.6017752217347,36.1054507302107],[-86.6017508318925,36.1054486546083],[-86.601755898607,36.1054024788166]]]},"properties":{"id":"108155","parcel":"122150A03300CO","address":"4001 ANDERSON RD 33","owner":"CANADAY, REGINA L","point":[-86.60182697670088,36.10543178462809]}},{"type":"Feature","id":"108156","geometry":{"type":"Polygon","coordinates":[[[-86.60081891137,36.1043346894398],[-86.6008345606741,36.1042554951372],[-86.6009619553056,36.10427024419],[-86.6009359889607,36.1044176152466],[-86.6008790705276,36.1044113078513],[-86.600889487507,36.1043563171281],[-86.600819011118,36.1043478745484],[-86.60081891137,36.1043346894398]]]},"properties":{"id":"108156","parcel":"122150A05100CO","address":"4001 ANDERSON RD 51","owner":"FOYE, HEATHER & ROBERT F. SR.","point":[-86.60088416168799,36.10434149919568]}},{"type":"Feature","id":"108180","geometry":{"type":"Polygon","coordinates":[[[-86.600305345035,36.1048229304738],[-86.6003131201662,36.1047767412579],[-86.6003673146035,36.1047808669836],[-86.6004648885303,36.1047913695098],[-86.6004571289946,36.1048397568596],[-86.6003311029941,36.1048269228711],[-86.600305345035,36.1048229304738]]]},"properties":{"id":"108180","parcel":"122150A06100CO","address":"4001 ANDERSON RD 61","owner":"BARRETT, PAMELA KAYE REVOCABLE TRUST","point":[-86.60038518065255,36.10480715023143]}},{"type":"Feature","id":"108181","geometry":{"type":"Polygon","coordinates":[[[-86.6000828502631,36.105080340471],[-86.6000906587605,36.1050385466085],[-86.6001557359071,36.10504921108],[-86.6001479108389,36.1050888077293],[-86.6001349849192,36.10517018567],[-86.6000699242781,36.105161718405],[-86.6000828502631,36.105080340471]]]},"properties":{"id":"108181","parcel":"122150A06600CO","address":"4001 ANDERSON RD 66","owner":"CAPEZZA, JOSEPH","point":[-86.60010891757645,36.105125263073724]}},{"type":"Feature","id":"108185","geometry":{"type":"Polygon","coordinates":[[[-86.5999966884433,36.1055049192358],[-86.6000096145591,36.1054235413168],[-86.600077366438,36.105429797023],[-86.6000671314233,36.1055089633587],[-86.5999966884433,36.1055049192358]]]},"properties":{"id":"108185","parcel":"122150A08300CO","address":"4001 ANDERSON RD 83","owner":"VON HABERSTROH COMPANY, LLC THE","point":[-86.6000375839692,36.10546735999412]}},{"type":"Feature","id":"108207","geometry":{"type":"Polygon","coordinates":[[[-86.6002136342274,36.1055433974331],[-86.6002264438632,36.1054466362677],[-86.6002290518509,36.1054334376865],[-86.6002778314475,36.105437589502],[-86.6002724981103,36.1054486043495],[-86.600345683037,36.1054570310641],[-86.6003355125158,36.1055449881039],[-86.6002623463444,36.1055387594906],[-86.6002597217515,36.1055497608551],[-86.6002136342274,36.1055433974331]]]},"properties":{"id":"108207","parcel":"122150A08600CO","address":"4001 ANDERSON RD 86","owner":"REGG, STEPHEN & JOAN M.","point":[-86.60028031943729,36.105497816237396]}},{"type":"Feature","id":"108208","geometry":{"type":"Polygon","coordinates":[[[-86.6002382883805,36.1059388544608],[-86.6002512807542,36.1058662662936],[-86.6003678129075,36.1058766745432],[-86.6003575449049,36.105951446461],[-86.6002545542549,36.1059409708039],[-86.6002382883805,36.1059388544608]]]},"properties":{"id":"108208","parcel":"122150A08900CO","address":"4001 ANDERSON RD 89","owner":"COLLINS, GLEN A.","point":[-86.60030370211206,36.10590776669291]}},{"type":"Feature","id":"108209","geometry":{"type":"Polygon","coordinates":[[[-86.6005813044989,36.1061744938823],[-86.6005918049777,36.106130486589],[-86.6006541244651,36.1061345735292],[-86.6006672827105,36.1060839619945],[-86.6006835486261,36.1060860782796],[-86.6007811230877,36.1060965805521],[-86.6007629142045,36.1061955659586],[-86.6005813044989,36.1061744938823]]]},"properties":{"id":"108209","parcel":"122150A09300CO","address":"4001 ANDERSON RD 93","owner":"OLEARTCHICK, ARLENE M REV TRUST","point":[-86.60067823051068,36.106154735414655]}},{"type":"Feature","id":"108210","geometry":{"type":"Polygon","coordinates":[[[-86.6006912903953,36.1060354910154],[-86.6007069734283,36.1059606948015],[-86.6008072565065,36.1059711835612],[-86.6008235390325,36.1059754979455],[-86.6008078217645,36.1060459015487],[-86.6006912903953,36.1060354910154]]]},"properties":{"id":"108210","parcel":"122150A09500CO","address":"4001 ANDERSON RD 95","owner":"KALKHOFF, MICHELLE","point":[-86.60075721001473,36.10600549381677]}},{"type":"Feature","id":"108211","geometry":{"type":"Polygon","coordinates":[[[-86.60088469856,36.1065421902333],[-86.6008653757078,36.1064939387096],[-86.6008004646433,36.1065052503893],[-86.6007976561035,36.1064920778807],[-86.6007753928792,36.1064130706878],[-86.60089436755,36.1063883058693],[-86.600938794461,36.1065331305991],[-86.60088469856,36.1065421902333]]]},"properties":{"id":"108211","parcel":"122150A10100CO","address":"4001 ANDERSON RD 101","owner":"BLACKMON, ROYAL BRADFORD II","point":[-86.6008503688481,36.10645278699156]}},{"type":"Feature","id":"108212","geometry":{"type":"Polygon","coordinates":[[[-86.600211205383,36.1066554278028],[-86.6002026826233,36.1066027260256],[-86.6001323715109,36.1066162615179],[-86.6001322884779,36.1066052736327],[-86.6001181334324,36.1065240304798],[-86.6002371737908,36.1065080551822],[-86.6002653324319,36.106650762915],[-86.600211205383,36.1066554278028]]]},"properties":{"id":"108212","parcel":"122150A10700CO","address":"4001 ANDERSON RD 107","owner":"CATCHIM, TIMOTHY A. & TIFFANY B.","point":[-86.60018655806626,36.10656346552372]}},{"type":"Feature","id":"108243","geometry":{"type":"Polygon","coordinates":[[[-86.5999961349018,36.1068652756191],[-86.6000854343901,36.106856041229],[-86.6001023812911,36.1069482587847],[-86.6000158037779,36.1069596778448],[-86.6000129787516,36.1069443081031],[-86.5999961349018,36.1068652756191]]]},"properties":{"id":"108243","parcel":"122150A14400CO","address":"4001 ANDERSON RD 144","owner":"LAWSON, VOYD EUGENE","point":[-86.60004950264859,36.10690494190265]}},{"type":"Feature","id":"108244","geometry":{"type":"Polygon","coordinates":[[[-86.6001449636781,36.1068491513159],[-86.6001421563523,36.1068359796889],[-86.6001908559925,36.1068291445437],[-86.6001909556394,36.1068423296446],[-86.6002612979357,36.1068331885629],[-86.6002836105839,36.1069187865902],[-86.6002078483925,36.1069279546577],[-86.600210656843,36.1069411262774],[-86.6001646349484,36.1069435535067],[-86.6001449636781,36.1068491513159]]]},"properties":{"id":"108244","parcel":"122150A14600CO","address":"4001 ANDERSON RD 146","owner":"MURPHY, DEBORAH B & BUCKLEY, LISA","point":[-86.60021338144068,36.10688396595108]}},{"type":"Feature","id":"108256","geometry":{"type":"Polygon","coordinates":[[[-86.6005396545793,36.1071131039612],[-86.6006370807018,36.107103828698],[-86.6006484621964,36.1071762945964],[-86.6005347864709,36.1071856516835],[-86.6005234216935,36.1071153829908],[-86.6005396545793,36.1071131039612]]]},"properties":{"id":"108256","parcel":"122150A15200CO","address":"4001 ANDERSON RD 152","owner":"NOBLES, PATRICIA A. & NOBLES, LEAH M.","point":[-86.600586012693,36.10714583904576]}},{"type":"Feature","id":"108257","geometry":{"type":"Polygon","coordinates":[[[-86.6005347864709,36.1071856516835],[-86.6006484621964,36.1071762945964],[-86.6006542443699,36.1072246144864],[-86.6005324610008,36.1072362119525],[-86.6005081038512,36.1072385278282],[-86.600499614067,36.1071902214132],[-86.6005347864709,36.1071856516835]]]},"properties":{"id":"108257","parcel":"122150A15300CO","address":"4001 ANDERSON RD 153","owner":"DAVIS, BRYAN COLE & JULIE B.","point":[-86.60057740468409,36.10720741955977]}},{"type":"Feature","id":"108258","geometry":{"type":"Polygon","coordinates":[[[-86.6006542443699,36.1072246144864],[-86.6006704595447,36.1072201382286],[-86.6006788840564,36.1072596539588],[-86.6006626511447,36.1072619330072],[-86.6006739495766,36.1073234110174],[-86.600562997963,36.1073349518611],[-86.6005517173416,36.1072756710512],[-86.6005408676992,36.1072735277779],[-86.6005324610008,36.1072362119525],[-86.6006542443699,36.1072246144864]]]},"properties":{"id":"108258","parcel":"122150A15400CO","address":"4001 ANDERSON RD 154","owner":"STEELE, KIM LEE & MARTIN, TAMI L.","point":[-86.60061291060163,36.10729954130702]}},{"type":"Feature","id":"108259","geometry":{"type":"Polygon","coordinates":[[[-86.6010505787321,36.1069896874916],[-86.6011046926605,36.1069828249946],[-86.6011077995626,36.1070355536999],[-86.6010563944025,36.1070424026983],[-86.6009589517776,36.1070494810841],[-86.6009504440022,36.1069989774879],[-86.6010505787321,36.1069896874916]]]},"properties":{"id":"108259","parcel":"122150A15800CO","address":"4001 ANDERSON RD 158","owner":"JOHNSON, MICHELLE YVETTE","point":[-86.60103010978717,36.107017268909665]}},{"type":"Feature","id":"108260","geometry":{"type":"Polygon","coordinates":[[[-86.6010383664146,36.1068073418827],[-86.6010681387666,36.1068049962068],[-86.6010766122254,36.1068511053701],[-86.6010441654344,36.1068578598761],[-86.6009305234635,36.1068716117695],[-86.6009220323373,36.1068233035829],[-86.6010383664146,36.1068073418827]]]},"properties":{"id":"108260","parcel":"122150A16100CO","address":"4001 ANDERSON RD 161","owner":"ROBERTS, CHRISTINE","point":[-86.60099926764346,36.106837204319454]}},{"type":"Feature","id":"108394","geometry":{"type":"Polygon","coordinates":[[[-86.6002779796917,36.1058155874046],[-86.6002934814438,36.1057166155392],[-86.6004750734061,36.1057354899331],[-86.600464572908,36.1057794963194],[-86.6004022537226,36.1057754110833],[-86.6003918196224,36.1058282063306],[-86.6003755548779,36.1058260900004],[-86.6002779796917,36.1058155874046]]]},"properties":{"id":"108394","parcel":"122150A08700CO","address":"4001 ANDERSON RD 87","owner":"LORANGER, PATRICIA","point":[-86.60037888159088,36.105755251138646]}},{"type":"Feature","id":"108395","geometry":{"type":"Polygon","coordinates":[[[-86.6002133348408,36.1058620605499],[-86.6002210569634,36.1058092779151],[-86.6002779796917,36.1058155874046],[-86.6003755548779,36.1058260900004],[-86.6003678129075,36.1058766745432],[-86.6002512807542,36.1058662662936],[-86.6002133348408,36.1058620605499]]]},"properties":{"id":"108395","parcel":"122150A08800CO","address":"4001 ANDERSON RD 88","owner":"BORDERS, KRISTEN S.","point":[-86.60029438331063,36.10584407509736]}},{"type":"Feature","id":"108396","geometry":{"type":"Polygon","coordinates":[[[-86.6002468609201,36.1059981487961],[-86.6002545542549,36.1059409708039],[-86.6003575449049,36.105951446461],[-86.6003471439848,36.1060086379382],[-86.6002468609201,36.1059981487961]]]},"properties":{"id":"108396","parcel":"122150A09000CO","address":"4001 ANDERSON RD 90","owner":"ABBOTT, TIM","point":[-86.6003016467532,36.1059747957861]}},{"type":"Feature","id":"108397","geometry":{"type":"Polygon","coordinates":[[[-86.6002073189423,36.1061411934913],[-86.6002204276413,36.1060839885525],[-86.6002095792812,36.1060818452432],[-86.6002147299759,36.1060466574102],[-86.6003394163668,36.1060614197048],[-86.6003529757264,36.1060635504085],[-86.6003478084821,36.1060965410305],[-86.600331543677,36.1060944237933],[-86.6003211593285,36.1061538124829],[-86.6002073189423,36.1061411934913]]]},"properties":{"id":"108397","parcel":"122150A09200CO","address":"4001 ANDERSON RD 92","owner":"MUSCHITIELLO, MARC & LAURIE","point":[-86.60026986274275,36.10611884158978]}},{"type":"Feature","id":"108398","geometry":{"type":"Polygon","coordinates":[[[-86.6007069734283,36.1059606948015],[-86.6007146653245,36.1059035176862],[-86.6008149649542,36.1059162036564],[-86.6008072565065,36.1059711835612],[-86.6007069734283,36.1059606948015]]]},"properties":{"id":"108398","parcel":"122150A09600CO","address":"4001 ANDERSON RD 96","owner":"KOHLER, KOLEYNA","point":[-86.60076090559245,36.10593844902929]}},{"type":"Feature","id":"108399","geometry":{"type":"Polygon","coordinates":[[[-86.6007146653245,36.1059035176862],[-86.6007250992132,36.1058507215108],[-86.6008470965895,36.1058676948752],[-86.6008796272389,36.1058719283018],[-86.6008691601951,36.1059203291554],[-86.6008149649542,36.1059162036564],[-86.6007146653245,36.1059035176862]]]},"properties":{"id":"108399","parcel":"122150A09700CO","address":"4001 ANDERSON RD 97","owner":"MAYBERRY, LINDA","point":[-86.60079699678835,36.105887722524386]}},{"type":"Feature","id":"108400","geometry":{"type":"Polygon","coordinates":[[[-86.6006184376015,36.1064292380492],[-86.6007049811899,36.1064134214182],[-86.6007381603811,36.1065033625496],[-86.6006489422551,36.1065235862212],[-86.6006212461093,36.1064424105622],[-86.6006184376015,36.1064292380492]]]},"properties":{"id":"108400","parcel":"122150A10300CO","address":"4001 ANDERSON RD 103","owner":"SCHMIDT, STEVEN J. & VANCAMP, JOY L.","point":[-86.60067928268107,36.10647288516851]}},{"type":"Feature","id":"108401","geometry":{"type":"Polygon","coordinates":[[[-86.600553659506,36.1064581309337],[-86.6006212461093,36.1064424105622],[-86.6006489422551,36.1065235862212],[-86.6005786301782,36.1065371219793],[-86.600553659506,36.1064581309337]]]},"properties":{"id":"108401","parcel":"122150A10400CO","address":"4001 ANDERSON RD 104","owner":"COLLINS, CAROL JO REV TRUST, THE","point":[-86.60060089176912,36.10649085722319]}},{"type":"Feature","id":"108402","geometry":{"type":"Polygon","coordinates":[[[-86.6004028515537,36.1065709620882],[-86.6003750891939,36.1064809966061],[-86.6004454178683,36.1064696581831],[-86.6004426426204,36.1064608810005],[-86.6004859067055,36.1064518745954],[-86.6005164433355,36.1065506181401],[-86.6005165264216,36.1065616060251],[-86.6004786787388,36.1065705845714],[-86.6004731636906,36.1065574264326],[-86.6004028515537,36.1065709620882]]]},"properties":{"id":"108402","parcel":"122150A10600CO","address":"4001 ANDERSON RD 106","owner":"MARTIN-BYRON, SHIRLEY J.","point":[-86.60044575477448,36.10651580735562]}},{"type":"Feature","id":"108651","geometry":{"type":"Polygon","coordinates":[[[-86.6018672899822,36.1050920513696],[-86.6018855138948,36.1049952638874],[-86.6020617215479,36.1050185582628],[-86.6020484977346,36.1050603801934],[-86.6019888533409,36.1050518869243],[-86.601978454824,36.1051090785494],[-86.6019676054186,36.1051069326996],[-86.6018672899822,36.1050920513696]]]},"properties":{"id":"108651","parcel":"122150A02700CO","address":"4001 ANDERSON RD 27","owner":"MORRIS, VIRGINIA R.","point":[-86.60193112148664,36.105055842713206]}},{"type":"Feature","id":"108652","geometry":{"type":"Polygon","coordinates":[[[-86.6018230843963,36.1053340155471],[-86.6018307754214,36.1052768374504],[-86.6019310744447,36.1052895233956],[-86.601917948228,36.1053445304245],[-86.6018230843963,36.1053340155471]]]},"properties":{"id":"108652","parcel":"122150A03100CO","address":"4001 ANDERSON RD 31","owner":"COX, CECIL A.","point":[-86.60187591341933,36.10531176560925]}},{"type":"Feature","id":"108653","geometry":{"type":"Polygon","coordinates":[[[-86.6007519953443,36.1054681960913],[-86.6007865695765,36.1053845102428],[-86.6008544378689,36.105406148736],[-86.6008624953904,36.105397318491],[-86.6009032163776,36.1054103012054],[-86.6008632934643,36.105502802034],[-86.6008552525627,36.1055138303971],[-86.6008091151378,36.1055008746501],[-86.6008198814183,36.1054920300125],[-86.6007519953443,36.1054681960913]]]},"properties":{"id":"108653","parcel":"122150A04200CO","address":"4001 ANDERSON RD 42","owner":"ANDERS, LINDA & FOX, JANETTE & BURDINE, KAVINA RAE","point":[-86.60082733722972,36.10543924777742]}},{"type":"Feature","id":"108654","geometry":{"type":"Polygon","coordinates":[[[-86.6006533802142,36.1050959060612],[-86.6006666025469,36.105054084295],[-86.6007262468008,36.1050625782181],[-86.6007366462133,36.1050053867002],[-86.600747495558,36.1050075308584],[-86.6008478140232,36.1050224149061],[-86.600829585508,36.1051192022473],[-86.6006533802142,36.1050959060612]]]},"properties":{"id":"108654","parcel":"122150A04300CO","address":"4001 ANDERSON RD 43","owner":"MAGNINI, MARTIN ALAN & JULIE M","point":[-86.6007839797566,36.10505862301532]}},{"type":"Feature","id":"108655","geometry":{"type":"Polygon","coordinates":[[[-86.6008101621327,36.1046995452791],[-86.600820627941,36.1046511444214],[-86.6009402047274,36.1046615369445],[-86.6009642722107,36.104665812518],[-86.6009592050899,36.1047119891862],[-86.6009240005551,36.1047121646075],[-86.6008101621327,36.1046995452791]]]},"properties":{"id":"108655","parcel":"122150A04900CO","address":"4001 ANDERSON RD 49","owner":"SERGENT, LEE","point":[-86.60088812797268,36.10468268195727]}},{"type":"Feature","id":"108656","geometry":{"type":"Polygon","coordinates":[[[-86.6005939100451,36.1043050425553],[-86.6006095440617,36.104223651058],[-86.6006827278953,36.1042320775707],[-86.600667113902,36.1043156662785],[-86.6005939100451,36.1043050425553]]]},"properties":{"id":"108656","parcel":"122150A05400CO","address":"4001 ANDERSON RD 54","owner":"KAUTZ, LORA K.","point":[-86.60063841571484,36.10426856039385]}},{"type":"Feature","id":"108675","geometry":{"type":"Polygon","coordinates":[[[-86.6004011070029,36.1045938966894],[-86.6004247156822,36.1044926871144],[-86.6006009051549,36.1045137837057],[-86.600593096998,36.1045555803104],[-86.6005280368321,36.1045471159949],[-86.6005122508668,36.1046087253181],[-86.6005014049353,36.1046065838257],[-86.6004011070029,36.1045938966894]]]},"properties":{"id":"108675","parcel":"122150A05700CO","address":"4001 ANDERSON RD 57","owner":"KONCZALLA, TERESA LYNN","point":[-86.60046906472509,36.10455104307886]}},{"type":"Feature","id":"108676","geometry":{"type":"Polygon","coordinates":[[[-86.6003418452164,36.1046359476218],[-86.6003523290286,36.1045897449173],[-86.6004011070029,36.1045938966894],[-86.6005014049353,36.1046065838257],[-86.6004909389383,36.1046549846563],[-86.6003770840566,36.1046401677013],[-86.6003418452164,36.1046359476218]]]},"properties":{"id":"108676","parcel":"122150A05800CO","address":"4001 ANDERSON RD 58","owner":"NORIEGA, MARTA PACHECO","point":[-86.60042170472951,36.10462126601601]}},{"type":"Feature","id":"108677","geometry":{"type":"Polygon","coordinates":[[[-86.6003614164933,36.1047171638238],[-86.6003770840566,36.1046401677013],[-86.6004909389383,36.1046549846563],[-86.600477963588,36.1047297691875],[-86.6003776821209,36.1047192801508],[-86.6003614164933,36.1047171638238]]]},"properties":{"id":"108677","parcel":"122150A05900CO","address":"4001 ANDERSON RD 59","owner":"CASTERLINE, KRISTINA MARIE","point":[-86.60042664642992,36.104686075820794]}},{"type":"Feature","id":"108678","geometry":{"type":"Polygon","coordinates":[[[-86.6003673146035,36.1047808669836],[-86.6003776821209,36.1047192801508],[-86.600477963588,36.1047297691875],[-86.6004648885303,36.1047913695098],[-86.6003673146035,36.1047808669836]]]},"properties":{"id":"108678","parcel":"122150A06000CO","address":"4001 ANDERSON RD 60","owner":"SWIFT, CHARITY L.","point":[-86.60042207475377,36.10475531621642]}},{"type":"Feature","id":"108679","geometry":{"type":"Polygon","coordinates":[[[-86.6003223936517,36.1049283340427],[-86.6003354489016,36.1048645365371],[-86.6003246006846,36.1048623905338],[-86.6003311029941,36.1048269228711],[-86.6004571289946,36.1048397568596],[-86.6004706859208,36.1048418866605],[-86.6004628278046,36.1048770888974],[-86.6004492708659,36.1048749581944],[-86.6004361957552,36.1049365576101],[-86.6003223936517,36.1049283340427]]]},"properties":{"id":"108679","parcel":"122150A06200CO","address":"4001 ANDERSON RD 62","owner":"DERRICK, VERESSA","point":[-86.60038551264684,36.10490268781743]}},{"type":"Feature","id":"108680","geometry":{"type":"Polygon","coordinates":[[[-86.6002129703179,36.105097274958],[-86.6002183036396,36.1050862601122],[-86.6003104449416,36.1050945916006],[-86.600310544613,36.1051077776083],[-86.6002949134477,36.1051891690324],[-86.6002027532041,36.1051786394248],[-86.6002129703179,36.105097274958]]]},"properties":{"id":"108680","parcel":"122150A06400CO","address":"4001 ANDERSON RD 64","owner":"ROBINS, ARTHUR G., JR. ET UX","point":[-86.60025546651582,36.10514320458404]}},{"type":"Feature","id":"108681","geometry":{"type":"Polygon","coordinates":[[[-86.6001349849192,36.10517018567],[-86.6001479108389,36.1050888077293],[-86.6002129703179,36.105097274958],[-86.6002027532041,36.1051786394248],[-86.6001349849192,36.10517018567]]]},"properties":{"id":"108681","parcel":"122150A06500CO","address":"4001 ANDERSON RD 65","owner":"MADEIRA, ELINOR HALL","point":[-86.60017458556932,36.105133732349216]}},{"type":"Feature","id":"108895","geometry":{"type":"Polygon","coordinates":[[[-86.6009305234635,36.1068716117695],[-86.6010441654344,36.1068578598761],[-86.6010582549548,36.1069303122461],[-86.6010392977958,36.1069304067222],[-86.6009419040887,36.1069440785512],[-86.6009305234635,36.1068716117695]]]},"properties":{"id":"108895","parcel":"122150A16000CO","address":"4001 ANDERSON RD 160","owner":"CURTIS, MARCUS ANDREW & LOGAN SCOTT","point":[-86.60099384340604,36.106900960207184]}},{"type":"Feature","id":"108898","geometry":{"type":"Polygon","coordinates":[[[-86.6009136255006,36.1067859868787],[-86.6009050690239,36.1067288925225],[-86.6010105533608,36.106710784002],[-86.601021850873,36.1067722619937],[-86.6010380836811,36.106769983798],[-86.6010383664146,36.1068073418827],[-86.6009220323373,36.1068233035829],[-86.600905800646,36.1068255844611],[-86.6008973771712,36.1067860678357],[-86.6009136255006,36.1067859868787]]]},"properties":{"id":"108898","parcel":"122150A16200CO","address":"4001 ANDERSON RD 162","owner":"LAHART, JOSEPH","point":[-86.60096290064918,36.106749409285]}},{"type":"Feature","id":"109616","geometry":{"type":"Polygon","coordinates":[[[-86.602082369596,36.1048843973298],[-86.6020118437761,36.1048693664948],[-86.602009201675,36.1048781697863],[-86.6019658231303,36.1048717935114],[-86.6019948617848,36.1047727538237],[-86.6019974705466,36.1047595524927],[-86.6020381580935,36.1047681421938],[-86.6020355493178,36.1047813408219],[-86.6021060428583,36.1047919772033],[-86.602082369596,36.1048843973298]]]},"properties":{"id":"109616","parcel":"122150A02600CO","address":"4001 ANDERSON RD 26","owner":"HADEN, KAREN C.","point":[-86.60203702932664,36.10483059907507]}},{"type":"Feature","id":"109619","geometry":{"type":"Polygon","coordinates":[[[-86.6018510408897,36.1050921324607],[-86.6018672899822,36.1050920513696],[-86.6019676054186,36.1051069326996],[-86.601951922665,36.1051817336051],[-86.6018516404529,36.105171248499],[-86.6018380645343,36.1051669180425],[-86.6018510408897,36.1050921324607]]]},"properties":{"id":"109619","parcel":"122150A02800CO","address":"4001 ANDERSON RD 28","owner":"MCABE, MICHAEL A. & MICHALOVA-MCCABE, MARTINA","point":[-86.60190228972932,36.10513692357709]}},{"type":"Feature","id":"109622","geometry":{"type":"Polygon","coordinates":[[[-86.6017792560149,36.1052683044326],[-86.6017897046581,36.1052177062806],[-86.6018412084926,36.1052240420715],[-86.6019415241045,36.1052389252252],[-86.6019310744447,36.1052895233956],[-86.6018307754214,36.1052768374504],[-86.6017792560149,36.1052683044326]]]},"properties":{"id":"109622","parcel":"122150A03000CO","address":"4001 ANDERSON RD 30","owner":"AMANIAMPONG, ROBERT OWUSU","point":[-86.60186038991073,36.10525361485595]}},{"type":"Feature","id":"109625","geometry":{"type":"Polygon","coordinates":[[[-86.6017911034459,36.1054023031524],[-86.6018041109693,36.1053319129265],[-86.6018230843963,36.1053340155471],[-86.601917948228,36.1053445304245],[-86.6019049430246,36.1054149206514],[-86.6017911034459,36.1054023031524]]]},"properties":{"id":"109625","parcel":"122150A03200CO","address":"4001 ANDERSON RD 32","owner":"FLOYD, LINDA ANNE & JAMES, JR.","point":[-86.60185452631805,36.10537341680698]}},{"type":"Feature","id":"109628","geometry":{"type":"Polygon","coordinates":[[[-86.6012237192245,36.1055339706817],[-86.6012317767111,36.1055251395111],[-86.6013159443538,36.1055532901896],[-86.6013160441859,36.1055664752937],[-86.6012732798157,36.1056414093212],[-86.601189113212,36.1056132595093],[-86.6012237192245,36.1055339706817]]]},"properties":{"id":"109628","parcel":"122150A03600CO","address":"4001 ANDERSON RD 36","owner":"HOOD, THOMAS","point":[-86.60125099976393,36.10558986216371]}},{"type":"Feature","id":"109631","geometry":{"type":"Polygon","coordinates":[[[-86.6011015559485,36.1054950219219],[-86.6011229209921,36.1054553568238],[-86.6011799400227,36.1054748519106],[-86.6011612837474,36.1055145026151],[-86.6011212280137,36.1055894230873],[-86.6010642078046,36.1055699279789],[-86.6011015559485,36.1054950219219]]]},"properties":{"id":"109631","parcel":"122150A03800CO","address":"4001 ANDERSON RD 38","owner":"WEIER, ELIZABETH A & JOSHUA B","point":[-86.60111224516194,36.10554221364032]}},{"type":"Feature","id":"109634","geometry":{"type":"Polygon","coordinates":[[[-86.6010017723452,36.105550460731],[-86.6010337041414,36.1054755807852],[-86.6011015559485,36.1054950219219],[-86.6010642078046,36.1055699279789],[-86.6010017723452,36.105550460731]]]},"properties":{"id":"109634","parcel":"122150A03900CO","address":"4001 ANDERSON RD 39","owner":"GALLEGOS, MIGUEL JR.","point":[-86.6010506611363,36.10552273799726]}},{"type":"Feature","id":"109637","geometry":{"type":"Polygon","coordinates":[[[-86.6009175859703,36.1055201126274],[-86.6009575642682,36.105434204306],[-86.60104171175,36.1054601570748],[-86.6010337041414,36.1054755807852],[-86.6010017723452,36.105550460731],[-86.6009175859703,36.1055201126274]]]},"properties":{"id":"109637","parcel":"122150A04000CO","address":"4001 ANDERSON RD 40","owner":"BOLTON, TIFFANY","point":[-86.60097608082535,36.105497848171716]}},{"type":"Feature","id":"109643","geometry":{"type":"Polygon","coordinates":[[[-86.600747495558,36.1050075308584],[-86.6007631794252,36.1049327319088],[-86.6008634601022,36.1049432206298],[-86.6008770347984,36.1049475484981],[-86.6008640586601,36.1050223339722],[-86.6008478140232,36.1050224149061],[-86.600747495558,36.1050075308584]]]},"properties":{"id":"109643","parcel":"122150A04400CO","address":"4001 ANDERSON RD 44","owner":"BARNES, SAMUEL D","point":[-86.60081281075941,36.10497754151358]}},{"type":"Feature","id":"109646","geometry":{"type":"Polygon","coordinates":[[[-86.6007631794252,36.1049327319088],[-86.600773578801,36.1048755412871],[-86.6008738937658,36.104890424429],[-86.6008634601022,36.1049432206298],[-86.6007631794252,36.1049327319088]]]},"properties":{"id":"109646","parcel":"122150A04500CO","address":"4001 ANDERSON RD 45","owner":"SEWELL, WILL MICHAEL","point":[-86.60081836840432,36.10491157762142]}},{"type":"Feature","id":"109649","geometry":{"type":"Polygon","coordinates":[[[-86.600773578801,36.1048755412871],[-86.6007877841151,36.1048290442185],[-86.6008880824063,36.1048417310326],[-86.6009358464533,36.1048461625287],[-86.6009253973219,36.1048967615126],[-86.6008738937658,36.104890424429],[-86.600773578801,36.1048755412871]]]},"properties":{"id":"109649","parcel":"122150A04600CO","address":"4001 ANDERSON RD 46","owner":"PRILL, HANNAH K","point":[-86.60085545187805,36.10486085439809]}},{"type":"Feature","id":"109652","geometry":{"type":"Polygon","coordinates":[[[-86.600797153832,36.104769935409],[-86.6008101621327,36.1046995452791],[-86.6009240005551,36.1047121646075],[-86.6009109923531,36.1047825547494],[-86.6008920190752,36.1047804510838],[-86.600797153832,36.104769935409]]]},"properties":{"id":"109652","parcel":"122150A04800CO","address":"4001 ANDERSON RD 48","owner":"HUMES, MARCUS ANTHONY SR & FORBES, MARGARETTE P","point":[-86.60086057721651,36.104741050025254]}},{"type":"Feature","id":"109654","geometry":{"type":"Polygon","coordinates":[[[-86.6008040059955,36.1046465577409],[-86.6008091397048,36.1046091717512],[-86.6008227132304,36.1046134996314],[-86.600835804611,36.1045540973864],[-86.6009442098676,36.1045645455616],[-86.6009338272878,36.1046239343212],[-86.6009473841899,36.1046260640686],[-86.6009402047274,36.1046615369445],[-86.600820627941,36.1046511444214],[-86.6008040059955,36.1046465577409]]]},"properties":{"id":"109654","parcel":"122150A05000CO","address":"4001 ANDERSON RD 50","owner":"LIGONS, ADRIENNE M.","point":[-86.60088444587814,36.104586884561485]}},{"type":"Feature","id":"109713","geometry":{"type":"Polygon","coordinates":[[[-86.5999994472888,36.1051532789531],[-86.6000123733446,36.1050719010265],[-86.6000828502631,36.105080340471],[-86.6000699242781,36.105161718405],[-86.5999994472888,36.1051532789531]]]},"properties":{"id":"109713","parcel":"122150A06700CO","address":"4001 ANDERSON RD 67","owner":"BOUIE, JOREAN & THOMAS, MARY A.","point":[-86.60004114879514,36.10511680971953]}},{"type":"Feature","id":"109721","geometry":{"type":"Polygon","coordinates":[[[-86.6000671314233,36.1055089633587],[-86.600077366438,36.105429797023],[-86.6001668159993,36.1054403420192],[-86.600153973063,36.1055327060405],[-86.6000672476566,36.1055243465824],[-86.6000671314233,36.1055089633587]]]},"properties":{"id":"109721","parcel":"122150A08400CO","address":"4001 ANDERSON RD 84","owner":"BRAGG, MEDFORD N., TRUSTEE","point":[-86.60011680558193,36.105474652138355]}},{"type":"Feature","id":"109724","geometry":{"type":"Polygon","coordinates":[[[-86.600153973063,36.1055327060405],[-86.6001668159993,36.1054403420192],[-86.6002264438632,36.1054466362677],[-86.6002136342274,36.1055433974331],[-86.6002110926841,36.105565388487],[-86.6001541889523,36.1055612743692],[-86.600153973063,36.1055327060405]]]},"properties":{"id":"109724","parcel":"122150A08500CO","address":"4001 ANDERSON RD 85","owner":"DRYBURGH, JAMES R & PATRICIA WOODS","point":[-86.60019035210804,36.10548967163912]}},{"type":"Feature","id":"109743","geometry":{"type":"Polygon","coordinates":[[[-86.6017708954876,36.1055499214081],[-86.6017812775692,36.1054905334915],[-86.6017677204904,36.105488402937],[-86.6017752217347,36.1054507302107],[-86.6018944777766,36.105463321594],[-86.6019110999559,36.1054679081232],[-86.6019059667099,36.1055052941519],[-86.6018923929797,36.1055009672958],[-86.6018793022264,36.1055603687403],[-86.6017708954876,36.1055499214081]]]},"properties":{"id":"109743","parcel":"122150A03400CO","address":"4001 ANDERSON RD 34","owner":"CHIPPS, JOHN F. & TERESA M.","point":[-86.6018306600397,36.1055275819749]}},{"type":"Feature","id":"109746","geometry":{"type":"Polygon","coordinates":[[[-86.6012732798157,36.1056414093212],[-86.6013160441859,36.1055664752937],[-86.6014273415993,36.1056010834242],[-86.6013606544477,36.1057354728883],[-86.6013144668956,36.1057159247836],[-86.601335799729,36.1056718652107],[-86.6012706409387,36.1056502125783],[-86.6012732798157,36.1056414093212]]]},"properties":{"id":"109746","parcel":"122150A03500CO","address":"4001 ANDERSON RD 35","owner":"JACKSON, TEQUILA","point":[-86.60135032755986,36.105661195642206]}},{"type":"Feature","id":"109749","geometry":{"type":"Polygon","coordinates":[[[-86.6011212280137,36.1055894230873],[-86.6011612837474,36.1055145026151],[-86.6012237192245,36.1055339706817],[-86.601189113212,36.1056132595093],[-86.6011212280137,36.1055894230873]]]},"properties":{"id":"109749","parcel":"122150A03700CO","address":"4001 ANDERSON RD 37","owner":"PERRY, MICHELLE","point":[-86.60117383877785,36.105561701439704]}},{"type":"Feature","id":"109752","geometry":{"type":"Polygon","coordinates":[[[-86.6009032163776,36.1054103012054],[-86.6009166215436,36.1053926533094],[-86.6009681775302,36.1054055820142],[-86.6009575642682,36.105434204306],[-86.6009175859703,36.1055201126274],[-86.6008632934643,36.105502802034],[-86.6009032163776,36.1054103012054]]]},"properties":{"id":"109752","parcel":"122150A04100CO","address":"4001 ANDERSON RD 41","owner":"GILLESPIE, JULIA STAR","point":[-86.60090984891137,36.1054685012477]}},{"type":"Feature","id":"109755","geometry":{"type":"Polygon","coordinates":[[[-86.6007877841151,36.1048290442185],[-86.600797153832,36.104769935409],[-86.6008920190752,36.1047804510838],[-86.6008880824063,36.1048417310326],[-86.6007877841151,36.1048290442185]]]},"properties":{"id":"109755","parcel":"122150A04700CO","address":"4001 ANDERSON RD 47","owner":"MCKEE-DUGUAY, SARAH SUZANNE","point":[-86.60084105421265,36.104804751502414]}},{"type":"Feature","id":"109758","geometry":{"type":"Polygon","coordinates":[[[-86.6007775093613,36.1042316054457],[-86.6007854171519,36.1042029966384],[-86.6008450441494,36.1042092923855],[-86.6008345606741,36.1042554951372],[-86.60081891137,36.1043346894398],[-86.6007592676529,36.1043261955611],[-86.6007775093613,36.1042316054457]]]},"properties":{"id":"109758","parcel":"122150A05200CO","address":"4001 ANDERSON RD 52","owner":"MUSTAPICH, VOYMIR","point":[-86.60079682990937,36.10429084507449]}},{"type":"Feature","id":"109761","geometry":{"type":"Polygon","coordinates":[[[-86.6006827278953,36.1042320775707],[-86.6006853357605,36.1042188780743],[-86.6007775093613,36.1042316054457],[-86.6007592676529,36.1043261955611],[-86.600667113902,36.1043156662785],[-86.6006827278953,36.1042320775707]]]},"properties":{"id":"109761","parcel":"122150A05300CO","address":"4001 ANDERSON RD 53","owner":"GUNG, ALICE H & CHEN, FANNY","point":[-86.60072210926296,36.10427402918329]}},{"type":"Feature","id":"109764","geometry":{"type":"Polygon","coordinates":[[[-86.600552458492,36.1041953659286],[-86.6005577086168,36.1041733631737],[-86.60062004317,36.1041796455488],[-86.6006095440617,36.104223651058],[-86.6005939100451,36.1043050425553],[-86.6005315587811,36.1042965629492],[-86.600552458492,36.1041953659286]]]},"properties":{"id":"109764","parcel":"122150A05500CO","address":"4001 ANDERSON RD 55","owner":"DE LA CRUZ, ANTONIO","point":[-86.60057081524079,36.10426010788957]}},{"type":"Feature","id":"109819","geometry":{"type":"Polygon","coordinates":[[[-86.6004149968062,36.1042817595113],[-86.6004332577472,36.1041893666537],[-86.6005037472296,36.1042000057923],[-86.6005063717304,36.1041890026163],[-86.600552458492,36.1041953659286],[-86.6005315587811,36.1042965629492],[-86.6005289342666,36.104307564323],[-86.6004855716551,36.104303384738],[-86.6004854719557,36.1042901987278],[-86.6004149968062,36.1042817595113]]]},"properties":{"id":"109819","parcel":"122150A05600CO","address":"4001 ANDERSON RD 56","owner":"SANFORD - TERRY, MIRANDA & ROBERT  RUSSELL","point":[-86.60048305018704,36.104240961614146]}},{"type":"Feature","id":"109822","geometry":{"type":"Polygon","coordinates":[[[-86.6002949134477,36.1051891690324],[-86.600310544613,36.1051077776083],[-86.6004298331313,36.1051247648755],[-86.6004038156931,36.1052655450357],[-86.6003522953299,36.1052570105126],[-86.6003627459912,36.1052064124786],[-86.6002922689243,36.1051979722966],[-86.6002949134477,36.1051891690324]]]},"properties":{"id":"109822","parcel":"122150A06300CO","address":"4001 ANDERSON RD 63","owner":"RAMSEY, MICHAEL BRIAN JR. & JOANNA PAULINE","point":[-86.60036249053847,36.10515696736419]}},{"type":"Feature","id":"109884","geometry":{"type":"Polygon","coordinates":[[[-86.6001821992905,36.1060424238045],[-86.6001926656584,36.1059940230176],[-86.6002468609201,36.1059981487961],[-86.6003471439848,36.1060086379382],[-86.6003394163668,36.1060614197048],[-86.6002147299759,36.1060466574102],[-86.6001821992905,36.1060424238045]]]},"properties":{"id":"109884","parcel":"122150A09100CO","address":"4001 ANDERSON RD 91","owner":"WILSON, VICKI E","point":[-86.60026527039534,36.10602553289741]}},{"type":"Feature","id":"109887","geometry":{"type":"Polygon","coordinates":[[[-86.6006835486261,36.1060860782796],[-86.6006912903953,36.1060354910154],[-86.6008078217645,36.1060459015487],[-86.6008457877593,36.1060523052066],[-86.6008380604753,36.1061050879058],[-86.6007811230877,36.1060965805521],[-86.6006835486261,36.1060860782796]]]},"properties":{"id":"109887","parcel":"122150A09400CO","address":"4001 ANDERSON RD 94","owner":"GREIG, LISA M. & DEVON VIRGINIA","point":[-86.60076472509584,36.106069191960245]}},{"type":"Feature","id":"109889","geometry":{"type":"Polygon","coordinates":[[[-86.600711542108,36.105848591739],[-86.6007167091987,36.1058156029019],[-86.6007329739364,36.1058177173836],[-86.6007433579331,36.1057583286535],[-86.6008572144862,36.1057731452584],[-86.6008441085116,36.1058303493586],[-86.60085495464,36.1058324935233],[-86.6008470965895,36.1058676948752],[-86.6007250992132,36.1058507215108],[-86.600711542108,36.105848591739]]]},"properties":{"id":"109889","parcel":"122150A09800CO","address":"4001 ANDERSON RD 98","owner":"LEAMAN, WILLIAM M., JR.","point":[-86.6007946927088,36.10579439985892]}},{"type":"Feature","id":"109892","geometry":{"type":"Polygon","coordinates":[[[-86.6006966243501,36.1063826954435],[-86.6007615198323,36.1063691883997],[-86.6007753928792,36.1064130706878],[-86.6007976561035,36.1064920778807],[-86.6007381603811,36.1065033625496],[-86.6007049811899,36.1064134214182],[-86.6006966243501,36.1063826954435]]]},"properties":{"id":"109892","parcel":"122150A10200CO","address":"4001 ANDERSON RD 102","owner":"APPLEDORF, GENNA KATE & BREUER, STEPHEN CHARLES","point":[-86.60075302859454,36.10645275535635]}},{"type":"Feature","id":"109895","geometry":{"type":"Polygon","coordinates":[[[-86.6004802908593,36.1064255313601],[-86.6005370977242,36.1064164575064],[-86.600553659506,36.1064581309337],[-86.6005786301782,36.1065371219793],[-86.6005164433355,36.1065506181401],[-86.6004859067055,36.1064518745954],[-86.6004802908593,36.1064255313601]]]},"properties":{"id":"109895","parcel":"122150A10500CO","address":"4001 ANDERSON RD 105","owner":"TINCHER, JAMES C. & JAMES D.","point":[-86.60053306608516,36.106497516176326]}},{"type":"Feature","id":"109898","geometry":{"type":"Polygon","coordinates":[[[-86.6000233481161,36.1065245020919],[-86.6001126173366,36.1065108723299],[-86.6001181334324,36.1065240304798],[-86.6001322884779,36.1066052736327],[-86.6000402948742,36.106616719664],[-86.6000207234576,36.1065355034485],[-86.6000233481161,36.1065245020919]]]},"properties":{"id":"109898","parcel":"122150A10800CO","address":"4001 ANDERSON RD 108","owner":"COPELAND, BRITTANY J","point":[-86.60007766562117,36.10657039242434]}},{"type":"Feature","id":"110216","geometry":{"type":"Polygon","coordinates":[[[-86.6020688746567,36.1045328389444],[-86.6020926444577,36.1044536039363],[-86.6022201062922,36.1044771414303],[-86.6021806019597,36.1046245830639],[-86.6021290829319,36.104616049293],[-86.6021448942717,36.1045588306213],[-86.6020662470156,36.1045438403676],[-86.6020688746567,36.1045328389444]]]},"properties":{"id":"110216","parcel":"122150A00900CO","address":"4001 ANDERSON RD 9","owner":"LEWIS, JOYCY M.","point":[-86.60213557458047,36.104538565520414]}},{"type":"Feature","id":"110217","geometry":{"type":"Polygon","coordinates":[[[-86.6019353612968,36.1044258196526],[-86.6019406443675,36.104408212175],[-86.6020355593052,36.104425319505],[-86.6020092117805,36.1045221484779],[-86.6019170043327,36.1045050267127],[-86.6019353612968,36.1044258196526]]]},"properties":{"id":"110217","parcel":"122150A01100CO","address":"4001 ANDERSON RD 11","owner":"WAHBA, MAGDY & KHALIL, MONA","point":[-86.6019753704251,36.104465586590294]}},{"type":"Feature","id":"110218","geometry":{"type":"Polygon","coordinates":[[[-86.6018437701642,36.1044900092973],[-86.6018675601466,36.1044129697311],[-86.6019353612968,36.1044258196526],[-86.6019170043327,36.1045050267127],[-86.6018437701642,36.1044900092973]]]},"properties":{"id":"110218","parcel":"122150A01200CO","address":"4001 ANDERSON RD 12","owner":"IVANCIC, TIMOTHY A & ALEXANDRA M &FLETCHER, WILLIAM G","point":[-86.60189080570804,36.10445791860382]}},{"type":"Feature","id":"110219","geometry":{"type":"Polygon","coordinates":[[[-86.6018077330974,36.1043803051759],[-86.6018156904885,36.104358288856],[-86.6018780585965,36.104368965917],[-86.6018675601466,36.1044129697311],[-86.6018437701642,36.1044900092973],[-86.6017841095649,36.104479317807],[-86.6018077330974,36.1043803051759]]]},"properties":{"id":"110219","parcel":"122150A01300CO","address":"4001 ANDERSON RD 13","owner":"DODSON, DEBORAH L.","point":[-86.60182466752624,36.10444613989721]}},{"type":"Feature","id":"110220","geometry":{"type":"Polygon","coordinates":[[[-86.6016593399262,36.1044535691212],[-86.6016830623875,36.1043677416273],[-86.6017616960802,36.1043805348974],[-86.6017643537303,36.1043739288333],[-86.6018077330974,36.1043803051759],[-86.6017841095649,36.104479317807],[-86.6017760855504,36.104492544353],[-86.6017299818639,36.10448398339],[-86.6017325562679,36.1044663894369],[-86.6016593399262,36.1044535691212]]]},"properties":{"id":"110220","parcel":"122150A01400CO","address":"4001 ANDERSON RD 14","owner":"PARSONS, MICHAEL L. & CATHY L.","point":[-86.60173418320689,36.10441713068413]}},{"type":"Feature","id":"110221","geometry":{"type":"Polygon","coordinates":[[[-86.6012610556886,36.1044291833459],[-86.6012900651143,36.1043257484638],[-86.6014771669788,36.1043577803766],[-86.6014639429677,36.1043996022499],[-86.6014124408017,36.1043932653899],[-86.6013966411632,36.1044526812076],[-86.6013830842787,36.1044505515105],[-86.6012610556886,36.1044291833459]]]},"properties":{"id":"110221","parcel":"122150A01500CO","address":"4001 ANDERSON RD 15","owner":"RICE, NOAH","point":[-86.60137389566756,36.104375287001844]}},{"type":"Feature","id":"110222","geometry":{"type":"Polygon","coordinates":[[[-86.6015723038356,36.1047616740354],[-86.6015987352268,36.1046758357568],[-86.6016502553402,36.1046843688474],[-86.6016370979531,36.104734980507],[-86.6017018717122,36.1047503160483],[-86.6016890842943,36.1048050464812],[-86.6015670539666,36.1047836786336],[-86.6015723038356,36.1047616740354]]]},"properties":{"id":"110222","parcel":"122150A02100CO","address":"4001 ANDERSON RD 21","owner":"CHAMPION, JOHN CHRISTOPHER & RACHEL WERGIN","point":[-86.60162387024748,36.10474249662865]}},{"type":"Feature","id":"110223","geometry":{"type":"Polygon","coordinates":[[[-86.601853703706,36.1047734583525],[-86.6018566512208,36.1047602553342],[-86.6019271311353,36.1047692461659],[-86.6019087199522,36.1048413109101],[-86.6018409517804,36.1048328590144],[-86.601853703706,36.1047734583525]]]},"properties":{"id":"110223","parcel":"122150A02400CO","address":"4001 ANDERSON RD 24","owner":"PALMER, VICTORIA WALLER, & JOSIAH SCOTT","point":[-86.60188286726915,36.104803276776124]}},{"type":"Feature","id":"111016","geometry":{"type":"Polygon","coordinates":[[[-86.6022769259894,36.1051845064909],[-86.6022926073406,36.1051097073512],[-86.6023928895536,36.1051201947946],[-86.6024064632528,36.105124522496],[-86.6023934896158,36.1051993054221],[-86.6023772416125,36.1051993865786],[-86.6022769259894,36.1051845064909]]]},"properties":{"id":"111016","parcel":"122150A00200CO","address":"4001 ANDERSON RD 2","owner":"BOWMAN, STEVEN V. BOWMAN, MONICA LOUISE","point":[-86.6023422401048,36.10515451632149]}},{"type":"Feature","id":"111017","geometry":{"type":"Polygon","coordinates":[[[-86.6023265797848,36.1049469086198],[-86.6023422921709,36.1048765066184],[-86.6024561333115,36.1048891244889],[-86.6024431264385,36.104959514793],[-86.6024241530778,36.1049574113685],[-86.6023265797848,36.1049469086198]]]},"properties":{"id":"111017","parcel":"122150A00600CO","address":"4001 ANDERSON RD 6","owner":"DAKA, LEDION","point":[-86.60239191463192,36.10491801842397]}},{"type":"Feature","id":"111018","geometry":{"type":"Polygon","coordinates":[[[-86.6011850503854,36.1047636050899],[-86.6011955670102,36.1047217994521],[-86.6011819934458,36.104717471614],[-86.601192508935,36.1046756632779],[-86.6013145389959,36.1046970315049],[-86.601328112564,36.1047013593282],[-86.6013175627528,36.1047387723455],[-86.6013040058148,36.1047366417384],[-86.6012960815085,36.104763051556],[-86.6012921748321,36.1047839507948],[-86.6011850503854,36.1047636050899]]]},"properties":{"id":"111018","parcel":"122150A02000CO","address":"4001 ANDERSON RD 20","owner":"AMICO, ANNA","point":[-86.60125696858785,36.10472924450943]}},{"type":"Feature","id":"111019","geometry":{"type":"Polygon","coordinates":[[[-86.6016890842943,36.1048050464812],[-86.6017018717122,36.1047503160483],[-86.6017645705181,36.1047598928682],[-86.6017478267562,36.1048286533167],[-86.601738245448,36.1048597436236],[-86.6016758936196,36.1048512637089],[-86.6016890842943,36.1048050464812]]]},"properties":{"id":"111019","parcel":"122150A02200CO","address":"4001 ANDERSON RD 22","owner":"MOULTON, JONATHAN & RICHARD LEON & LYSA","point":[-86.60172671560731,36.10478246930909]}},{"type":"Feature","id":"111020","geometry":{"type":"Polygon","coordinates":[[[-86.6017478267562,36.1048286533167],[-86.6017645705181,36.1047598928682],[-86.601853703706,36.1047734583525],[-86.6018409517804,36.1048328590144],[-86.6018356331301,36.1048460711611],[-86.6017478267562,36.1048286533167]]]},"properties":{"id":"111020","parcel":"122150A02300CO","address":"4001 ANDERSON RD 23","owner":"PALMER, SCOTT & CATHY LOU","point":[-86.60180116500779,36.10480105717502]}},{"type":"Feature","id":"111304","geometry":{"type":"Polygon","coordinates":[[[-86.6021828099166,36.1052728828944],[-86.6021960336809,36.1052310591488],[-86.602255678245,36.1052395541176],[-86.6022660743581,36.1051823624815],[-86.6022769259894,36.1051845064909],[-86.6023772416125,36.1051993865786],[-86.6023590182797,36.1052961777351],[-86.6021828099166,36.1052728828944]]]},"properties":{"id":"111304","parcel":"122150A00100CO","address":"4001 ANDERSON RD 1","owner":"MAYES, RHONDA","point":[-86.60231341017094,36.10523559727199]}},{"type":"Feature","id":"111306","geometry":{"type":"Polygon","coordinates":[[[-86.6023057177059,36.1050525030557],[-86.6023161637572,36.1050019039652],[-86.6024164625108,36.1050145895076],[-86.6024652741968,36.1050231357798],[-86.6024548260302,36.1050737366964],[-86.6024033222237,36.1050673984637],[-86.6023057177059,36.1050525030557]]]},"properties":{"id":"111306","parcel":"122150A00400CO","address":"4001 ANDERSON RD 4","owner":"PERRY, MICHELLE","point":[-86.60238549569549,36.105037819443524]}},{"type":"Feature","id":"111308","geometry":{"type":"Polygon","coordinates":[[[-86.6023161637572,36.1050019039652],[-86.6023265797848,36.1049469086198],[-86.6024241530778,36.1049574113685],[-86.6024164625108,36.1050145895076],[-86.6023161637572,36.1050019039652]]]},"properties":{"id":"111308","parcel":"122150A00500CO","address":"4001 ANDERSON RD 5","owner":"NORIS, LORENDA E. REVOCABLE TRUST FBO SUSAN MADDOX","point":[-86.6023707732976,36.10497965971967]}},{"type":"Feature","id":"111310","geometry":{"type":"Polygon","coordinates":[[[-86.6023364780267,36.1048237914341],[-86.6023416088117,36.1047864062931],[-86.6023551846654,36.1047907330884],[-86.6023630585925,36.1047577270435],[-86.6023646282184,36.1047415134366],[-86.6024740896991,36.104757172425],[-86.6024662991722,36.1048011663657],[-86.6024798561525,36.1048032968421],[-86.602472015599,36.1048406964274],[-86.6023527604005,36.1048281056133],[-86.6023364780267,36.1048237914341]]]},"properties":{"id":"111310","parcel":"122150A00800CO","address":"4001 ANDERSON RD 8","owner":"SMITH, TYRONE C. & HELEN P.","point":[-86.60240376045013,36.10479592657315]}},{"type":"Feature","id":"111312","geometry":{"type":"Polygon","coordinates":[[[-86.6020355593052,36.104425319505],[-86.6020434999745,36.1044011050516],[-86.6021031605295,36.10441179371],[-86.6020926444577,36.1044536039363],[-86.6020688746567,36.1045328389444],[-86.6020092117805,36.1045221484779],[-86.6020355593052,36.104425319505]]]},"properties":{"id":"111312","parcel":"122150A01000CO","address":"4001 ANDERSON RD 10","owner":"BARKALOW, ABBE C.","point":[-86.60205044922098,36.10448787462395]}},{"type":"Feature","id":"111314","geometry":{"type":"Polygon","coordinates":[[[-86.6012268494654,36.1045612135378],[-86.6012452403993,36.1044864010189],[-86.6013672823652,36.1045099646309],[-86.6013461706396,36.1045825952372],[-86.6012404063646,36.1045633432523],[-86.6012268494654,36.1045612135378]]]},"properties":{"id":"111314","parcel":"122150A01700CO","address":"4001 ANDERSON RD 17","owner":"WADKINS, MASON","point":[-86.60129648714066,36.104535587179114]}},{"type":"Feature","id":"111316","geometry":{"type":"Polygon","coordinates":[[[-86.6012246398378,36.1046271543811],[-86.6012404063646,36.1045633432523],[-86.6013461706396,36.1045825952372],[-86.6013276965822,36.10464641988],[-86.6012246398378,36.1046271543811]]]},"properties":{"id":"111316","parcel":"122150A01800CO","address":"4001 ANDERSON RD 18","owner":"TUCKER, SAMANTHA","point":[-86.60128492982396,36.104604873242614]}},{"type":"Feature","id":"111319","geometry":{"type":"Polygon","coordinates":[[[-86.6011436975926,36.1046671155886],[-86.6011622716149,36.1046164769829],[-86.6012246398378,36.1046271543811],[-86.6013276965822,36.10464641988],[-86.6013145389959,36.1046970315049],[-86.601192508935,36.1046756632779],[-86.6011436975926,36.1046671155886]]]},"properties":{"id":"111319","parcel":"122150A01900CO","address":"4001 ANDERSON RD 19","owner":"SMALL, STEPHEN E","point":[-86.60123626495637,36.10465676965958]}},{"type":"Feature","id":"111321","geometry":{"type":"Polygon","coordinates":[[[-86.6019271311353,36.1047692461659],[-86.6019297690547,36.1047598904172],[-86.6019948617848,36.1047727538237],[-86.6019658231303,36.1048717935114],[-86.6019605900035,36.104895993541],[-86.6019009290902,36.1048853030108],[-86.6019087199522,36.1048413109101],[-86.6019271311353,36.1047692461659]]]},"properties":{"id":"111321","parcel":"122150A02500CO","address":"4001 ANDERSON RD 25","owner":"LANGLEY, CAROLYN JO","point":[-86.60195114284565,36.104807030221984]}},{"type":"Feature","id":"111383","geometry":{"type":"Polygon","coordinates":[[[-86.6004910403971,36.1067727087949],[-86.6006669690193,36.1067586462103],[-86.6006672848291,36.1068004005312],[-86.6006050479308,36.1068073032853],[-86.6006163130187,36.1068643868753],[-86.6006027723604,36.1068644543081],[-86.6004999123167,36.1068715593028],[-86.6004910403971,36.1067727087949]]]},"properties":{"id":"111383","parcel":"122150A14700CO","address":"4001 ANDERSON RD 147","owner":"DALGLISH, CAROL SOLOMON REVOCABLE LIVING TRUST","point":[-86.60055367664533,36.1068356550508]}},{"type":"Feature","id":"111408","geometry":{"type":"Polygon","coordinates":[[[-86.6004999123167,36.1068715593028],[-86.6006027723604,36.1068644543081],[-86.600614169296,36.1069391174359],[-86.6005167599807,36.106950588996],[-86.6005005105065,36.1069506699051],[-86.6004891136898,36.1068760085693],[-86.6004999123167,36.1068715593028]]]},"properties":{"id":"111408","parcel":"122150A14800CO","address":"4001 ANDERSON RD 148","owner":"PERRY, ROSETTA & BENSON, WANDA","point":[-86.6005516415229,36.106907563019035]}},{"type":"Feature","id":"111410","geometry":{"type":"Polygon","coordinates":[[[-86.6005198665048,36.1070033195193],[-86.6006200046224,36.1069940298639],[-86.6006285243691,36.1070467316231],[-86.6005284061329,36.107058218485],[-86.6004769854053,36.1070628700147],[-86.6004738778104,36.1070101412991],[-86.6005198665048,36.1070033195193]]]},"properties":{"id":"111410","parcel":"122150A15000CO","address":"4001 ANDERSON RD 150","owner":"MERCER, KELLY A. & GREEN, THOMAS P.","point":[-86.6005502739704,36.1070284333951]}},{"type":"Feature","id":"111412","geometry":{"type":"Polygon","coordinates":[[[-86.6009816144701,36.1071812277261],[-86.6010817660632,36.1071741358217],[-86.6010960386455,36.1072707620643],[-86.6009201422164,36.107289219705],[-86.6009143931345,36.1072452951618],[-86.6009793380494,36.1072383787562],[-86.600968073758,36.1071812952],[-86.6009816144701,36.1071812277261]]]},"properties":{"id":"111412","parcel":"122150A15500CO","address":"4001 ANDERSON RD 155","owner":"BURKETT, SHANE","point":[-86.60103040056,36.10721002577943]}},{"type":"Feature","id":"111414","geometry":{"type":"Polygon","coordinates":[[[-86.6009702193551,36.1071065619228],[-86.601067626575,36.107095090008],[-86.6010811839093,36.1070972206403],[-86.6010979812241,36.10716966221],[-86.6010817660632,36.1071741358217],[-86.6009816144701,36.1071812277261],[-86.6009702193551,36.1071065619228]]]},"properties":{"id":"111414","parcel":"122150A15600CO","address":"4001 ANDERSON RD 156","owner":"DANIELSON - SNOW, SOFIA & ALEXANDRA","point":[-86.60103285680759,36.10713810794279]}},{"type":"Feature","id":"111416","geometry":{"type":"Polygon","coordinates":[[[-86.6009419040887,36.1069440785512],[-86.6010392977958,36.1069304067222],[-86.6010505787321,36.1069896874916],[-86.6009504440022,36.1069989774879],[-86.6009419040887,36.1069440785512]]]},"properties":{"id":"111416","parcel":"122150A15900CO","address":"4001 ANDERSON RD 159","owner":"HOOTS, JAMES E. ET UX","point":[-86.60099584798832,36.106966881723544]}},{"type":"Feature","id":"111785","geometry":{"type":"Polygon","coordinates":[[[-86.6022926073406,36.1051097073512],[-86.6023057177059,36.1050525030557],[-86.6024033222237,36.1050673984637],[-86.6023928895536,36.1051201947946],[-86.6022926073406,36.1051097073512]]]},"properties":{"id":"111785","parcel":"122150A00300CO","address":"4001 ANDERSON RD 3","owner":"VASQUEZ, ERICK ORTEGA","point":[-86.60234830126625,36.105088554037046]}},{"type":"Feature","id":"111787","geometry":{"type":"Polygon","coordinates":[[[-86.6023422921709,36.1048765066184],[-86.6023527604005,36.1048281056133],[-86.602472015599,36.1048406964274],[-86.6024964186172,36.1048449700193],[-86.6024913379214,36.1048889486204],[-86.6024561333115,36.1048891244889],[-86.6023422921709,36.1048765066184]]]},"properties":{"id":"111787","parcel":"122150A00700CO","address":"4001 ANDERSON RD 7","owner":"FILIPPONE, ANNETTE","point":[-86.60242016175363,36.10486074101937]}},{"type":"Feature","id":"111789","geometry":{"type":"Polygon","coordinates":[[[-86.6011991534337,36.1044800406755],[-86.6012149520944,36.1044206221859],[-86.6012610556886,36.1044291833459],[-86.6013830842787,36.1044505515105],[-86.6013672823652,36.1045099646309],[-86.6012452403993,36.1044864010189],[-86.6011991534337,36.1044800406755]]]},"properties":{"id":"111789","parcel":"122150A01600CO","address":"4001 ANDERSON RD 16","owner":"NICHOLS, SONJA","point":[-86.60129111826534,36.104465296126385]}},{"type":"Feature","id":"111814","geometry":{"type":"Polygon","coordinates":[[[-86.6000854343901,36.106856041229],[-86.6001449636781,36.1068491513159],[-86.6001646349484,36.1069435535067],[-86.6001702341215,36.106967699537],[-86.6001134102102,36.106974575099],[-86.6001023812911,36.1069482587847],[-86.6000854343901,36.106856041229]]]},"properties":{"id":"111814","parcel":"122150A14500CO","address":"4001 ANDERSON RD 145","owner":"LONG, RYAN K.","point":[-86.60012449724695,36.10689979558086]}},{"type":"Feature","id":"113281","geometry":{"type":"Polygon","coordinates":[[[-86.6005167599807,36.106950588996],[-86.600614169296,36.1069391174359],[-86.6006200046224,36.1069940298639],[-86.6005198665048,36.1070033195193],[-86.6005167599807,36.106950588996]]]},"properties":{"id":"113281","parcel":"122150A14900CO","address":"4001 ANDERSON RD 149","owner":"HANSON, WILLIAM P.","point":[-86.60056787183217,36.10697230773928]}},{"type":"Feature","id":"113284","geometry":{"type":"Polygon","coordinates":[[[-86.6005284061329,36.107058218485],[-86.6006285243691,36.1070467316231],[-86.6006370807018,36.107103828698],[-86.6005396545793,36.1071131039612],[-86.6005284061329,36.107058218485]]]},"properties":{"id":"113284","parcel":"122150A15100CO","address":"4001 ANDERSON RD 151","owner":"FIG TREE DEVELOPMENT, LLC","point":[-86.60058336730877,36.10708102568364]}},{"type":"Feature","id":"113287","geometry":{"type":"Polygon","coordinates":[[[-86.6009589517776,36.1070494810841],[-86.6010563944025,36.1070424026983],[-86.601067626575,36.107095090008],[-86.6009702193551,36.1071065619228],[-86.6009589517776,36.1070494810841]]]},"properties":{"id":"113287","parcel":"122150A15700CO","address":"4001 ANDERSON RD 157","owner":"STEPHENSON, CARLA R.","point":[-86.6010131103323,36.107072284962804]}},{"type":"Feature","id":"162114","geometry":{"type":"Polygon","coordinates":[[[-86.6047526896129,36.1055594558619],[-86.6047615640643,36.1054800228436],[-86.6048391308405,36.1054859499687],[-86.6048266165824,36.1055758424795],[-86.6047883305872,36.1055719138665],[-86.604785197332,36.1055606663867],[-86.6047526896129,36.1055594558619]]]},"properties":{"id":"162114","parcel":"136030A08100CO","address":"4000 ANDERSON RD 81","owner":"CARTER, ANNIE J.& CARTER, DEBRA ANN","point":[-86.60479540349928,36.10552270125187]}},{"type":"Feature","id":"162224","geometry":{"type":"Polygon","coordinates":[[[-86.6037375526197,36.1041918275243],[-86.6037535843251,36.1041631751433],[-86.6037671579349,36.1041675026926],[-86.6037804809339,36.1041388656711],[-86.6038673388923,36.1041648029045],[-86.6038380009303,36.1042242868432],[-86.6037375526197,36.1041918275243]]]},"properties":{"id":"162224","parcel":"136030A03300CO","address":"4000 ANDERSON RD 33","owner":"EVANS, ROGINA","point":[-86.60380210300751,36.104179829618445]}},{"type":"Feature","id":"162225","geometry":{"type":"Polygon","coordinates":[[[-86.6035347814516,36.1045928151978],[-86.6035535176015,36.1045641511153],[-86.6035643858815,36.1045684922263],[-86.6035777090483,36.104539858835],[-86.6036672916682,36.1045679771723],[-86.603637954518,36.1046274610509],[-86.6035347814516,36.1045928151978]]]},"properties":{"id":"162225","parcel":"136030A03900CO","address":"4000 ANDERSON RD 39","owner":"TAYLOR, STEPHEN C. JR. & MELISSA","point":[-86.60360180182428,36.10458082648001]}},{"type":"Feature","id":"162226","geometry":{"type":"Polygon","coordinates":[[[-86.6035214738677,36.1046236485104],[-86.6035347814516,36.1045928151978],[-86.603637954518,36.1046274610509],[-86.6036085995137,36.1046847477098],[-86.6035190167555,36.1046566257248],[-86.6035323399329,36.1046279896354],[-86.6035214738677,36.1046236485104]]]},"properties":{"id":"162226","parcel":"136030A04000CO","address":"4000 ANDERSON RD 40","owner":"WARD, ROSIE M.","point":[-86.60357792398028,36.1046424805488]}},{"type":"Feature","id":"162227","geometry":{"type":"Polygon","coordinates":[[[-86.6034788000224,36.1047095712034],[-86.6034921198913,36.1046809351355],[-86.6035056935754,36.1046852627137],[-86.6035190167555,36.1046566257248],[-86.6036085995137,36.1046847477098],[-86.6035792622765,36.1047442315724],[-86.6034788000224,36.1047095712034]]]},"properties":{"id":"162227","parcel":"136030A04100CO","address":"4000 ANDERSON RD 41","owner":"BROWN, RODNEY","point":[-86.6035433185827,36.10469758595841]}},{"type":"Feature","id":"162247","geometry":{"type":"Polygon","coordinates":[[[-86.6039469857795,36.1049341371111],[-86.6038594130038,36.1049032582366],[-86.6038877663423,36.1048478998488],[-86.6039885647403,36.1048817335306],[-86.6039739055713,36.1049128494496],[-86.6039576534474,36.1049123810642],[-86.6039469857795,36.1049341371111]]]},"properties":{"id":"162247","parcel":"136030A04800CO","address":"4000 ANDERSON RD 48","owner":"NYE, SHELIA","point":[-86.60392421349246,36.10489249664355]}},{"type":"Feature","id":"162248","geometry":{"type":"Polygon","coordinates":[[[-86.6038455369989,36.1053044017492],[-86.6038910587493,36.1052360466869],[-86.6039525493687,36.1052651319411],[-86.6039257443419,36.1053015279393],[-86.6039016001197,36.1053313169037],[-86.6038455369989,36.1053044017492]]]},"properties":{"id":"162248","parcel":"136030A05200CO","address":"4000 ANDERSON RD 52","owner":"GODELL, RYAN E.","point":[-86.60389944583149,36.10528319870051]}},{"type":"Feature","id":"162249","geometry":{"type":"Polygon","coordinates":[[[-86.6041469010215,36.105448213503],[-86.6041931280683,36.1053839745081],[-86.6042522408048,36.1054114239976],[-86.6042053321422,36.105475116654],[-86.6041469010215,36.105448213503]]]},"properties":{"id":"162249","parcel":"136030A05600CO","address":"4000 ANDERSON RD 56","owner":"ADAMES, JOSE","point":[-86.6041994150024,36.105429818246904]}},{"type":"Feature","id":"162250","geometry":{"type":"Polygon","coordinates":[[[-86.6042688565754,36.1055041924586],[-86.6043171284936,36.1054415915969],[-86.6043769143386,36.1054690376524],[-86.6043296628258,36.1055321822991],[-86.6042688565754,36.1055041924586]]]},"properties":{"id":"162250","parcel":"136030A05800CO","address":"4000 ANDERSON RD 58","owner":"ROWLAND, TERESA ALLEN","point":[-86.60432308686991,36.10548661573288]}},{"type":"Feature","id":"162251","geometry":{"type":"Polygon","coordinates":[[[-86.6042358633238,36.1049942244485],[-86.6042847548714,36.1049242030189],[-86.6043465958226,36.1049543858701],[-86.6043486521812,36.1049576724177],[-86.6042960034088,36.1050233171967],[-86.6042358633238,36.1049942244485]]]},"properties":{"id":"162251","parcel":"136030A06100CO","address":"4000 ANDERSON RD 61","owner":"RAINEY, KIARA","point":[-86.60429130440382,36.1049759452979]}},{"type":"Feature","id":"162252","geometry":{"type":"Polygon","coordinates":[[[-86.6043486521812,36.1049576724177],[-86.6043465958226,36.1049543858701],[-86.6044094560854,36.104985113357],[-86.6043890409922,36.1050159832851],[-86.6043595369779,36.1050534906584],[-86.6042960034088,36.1050233171967],[-86.6043486521812,36.1049576724177]]]},"properties":{"id":"162252","parcel":"136030A06200CO","address":"4000 ANDERSON RD 62","owner":"WALLACE, EDWARD MAX III","point":[-86.60435686882319,36.10500040838873]}},{"type":"Feature","id":"162253","geometry":{"type":"Polygon","coordinates":[[[-86.6043595369779,36.1050534906584],[-86.6043890409922,36.1050159832851],[-86.6044498627886,36.1050456214149],[-86.6043985929375,36.1051145552771],[-86.6043350572062,36.1050841060578],[-86.6043595369779,36.1050534906584]]]},"properties":{"id":"162253","parcel":"136030A06300CO","address":"4000 ANDERSON RD 63","owner":"SMITH, KELSEY L","point":[-86.60438985645872,36.10506893888819]}},{"type":"Feature","id":"162254","geometry":{"type":"Polygon","coordinates":[[[-86.6043985929375,36.1051145552771],[-86.6044498627886,36.1050456214149],[-86.6045110222507,36.1050752578215],[-86.6044590698123,36.1051433713681],[-86.6043985929375,36.1051145552771]]]},"properties":{"id":"162254","parcel":"136030A06400CO","address":"4000 ANDERSON RD 64","owner":"MARLOW, JARON M","point":[-86.60445462031916,36.10509490594431]}},{"type":"Feature","id":"162272","geometry":{"type":"Polygon","coordinates":[[[-86.6046364490238,36.1049647459974],[-86.6046402626953,36.1049320368472],[-86.6047533848497,36.1049394359896],[-86.6047460556024,36.1049993586492],[-86.6046519098589,36.1049946114362],[-86.6046564366716,36.104966294213],[-86.6046364490238,36.1049647459974]]]},"properties":{"id":"162272","parcel":"136030A06900CO","address":"4000 ANDERSON RD 69","owner":"CHESNEY, CHERYL","point":[-86.6046982977267,36.1049656911968]}},{"type":"Feature","id":"162273","geometry":{"type":"Polygon","coordinates":[[[-86.6050871705373,36.1050286919724],[-86.6050944901552,36.1049673930973],[-86.6052049047801,36.1049748054011],[-86.6052000637037,36.1050058722008],[-86.6051865264379,36.1050064890074],[-86.6051816698257,36.1050350809915],[-86.6050871705373,36.1050286919724]]]},"properties":{"id":"162273","parcel":"136030A07200CO","address":"4000 ANDERSON RD 72","owner":"DOIRON, MARK","point":[-86.60514713901985,36.10499015642573]}},{"type":"Feature","id":"162274","geometry":{"type":"Polygon","coordinates":[[[-86.6044403793967,36.105534374528],[-86.6044550227849,36.1054568332299],[-86.6045261538761,36.1054622457398],[-86.6045173618687,36.1055523944469],[-86.6044777222081,36.1055481976328],[-86.6044749330257,36.1055374981963],[-86.6044403793967,36.105534374528]]]},"properties":{"id":"162274","parcel":"136030A07700CO","address":"4000 ANDERSON RD 77","owner":"RADER, DAVID S. & BETH T.","point":[-86.60448491821452,36.105498315593614]}},{"type":"Feature","id":"162275","geometry":{"type":"Polygon","coordinates":[[[-86.6054531285626,36.1029437406386],[-86.6053555741044,36.1029354393556],[-86.6053393254567,36.1029355209167],[-86.6053444401731,36.1028959375002],[-86.6053715201286,36.1028958015681],[-86.6053740769194,36.1028760094111],[-86.6054607999924,36.1028843650586],[-86.6054531285626,36.1029437406386]]]},"properties":{"id":"162275","parcel":"136030A08500CO","address":"3880 PRIEST LAKE DR 1","owner":"FERRIS, ROBERT E.","point":[-86.60539929954865,36.102915850771964]}},{"type":"Feature","id":"162276","geometry":{"type":"Polygon","coordinates":[[[-86.605271480435,36.1032721044985],[-86.6052791855302,36.1032171242715],[-86.6053713051147,36.1032232546962],[-86.6053663109786,36.1032782213212],[-86.605271480435,36.1032721044985]]]},"properties":{"id":"162276","parcel":"136030A09100CO","address":"3880 PRIEST LAKE DR 7","owner":"JACKSON, NUBIA","point":[-86.60532199826203,36.10324768160228]}},{"type":"Feature","id":"162277","geometry":{"type":"Polygon","coordinates":[[[-86.6052999339287,36.1034521701671],[-86.6053076055221,36.1033927946043],[-86.605405143788,36.1033988987076],[-86.6053974722807,36.103458276079],[-86.6052999339287,36.1034521701671]]]},"properties":{"id":"162277","parcel":"136030A09300CO","address":"3880 PRIEST LAKE DR 9","owner":"BROCKMAN, JACQUELINE","point":[-86.60535253893158,36.103425534449244]}},{"type":"Feature","id":"162278","geometry":{"type":"Polygon","coordinates":[[[-86.6052822504901,36.1036192817791],[-86.6052872480374,36.1035643151455],[-86.605384803261,36.1035726164826],[-86.6053770814491,36.1036253985928],[-86.6052822504901,36.1036192817791]]]},"properties":{"id":"162278","parcel":"136030A09600CO","address":"3880 PRIEST LAKE DR 12","owner":"SOPER, BETHANY YOO SEON & JOSHUA","point":[-86.60533287666954,36.10359594700023]}},{"type":"Feature","id":"162368","geometry":{"type":"Polygon","coordinates":[[[-86.604157183517,36.1045303617882],[-86.6040675996349,36.1045022411164],[-86.6040942622388,36.1044471651285],[-86.6041974197617,36.1044796141827],[-86.6041813881319,36.1045082639168],[-86.6041705231376,36.1045039201409],[-86.604157183517,36.1045303617882]]]},"properties":{"id":"162368","parcel":"136030A03000CO","address":"4000 ANDERSON RD 30","owner":"BATTLE, ANTHONY F.","point":[-86.60413207620228,36.10449092623494]}},{"type":"Feature","id":"162369","geometry":{"type":"Polygon","coordinates":[[[-86.6037829212171,36.1041036912297],[-86.6037989361974,36.1040728434271],[-86.6038966924141,36.1041075170819],[-86.6038673388923,36.1041648029045],[-86.6037804809339,36.1041388656711],[-86.6037965115232,36.1041102159933],[-86.6037829212171,36.1041036912297]]]},"properties":{"id":"162369","parcel":"136030A03200CO","address":"4000 ANDERSON RD 32","owner":"FRIEDLUND, DARRYL T","point":[-86.6038381486791,36.1041247050114]}},{"type":"Feature","id":"162370","geometry":{"type":"Polygon","coordinates":[[[-86.603724229569,36.1042204609358],[-86.6037375526197,36.1041918275243],[-86.6038380009303,36.1042242868432],[-86.603808664035,36.1042837707684],[-86.603721789263,36.1042556362762],[-86.603737819897,36.1042269866069],[-86.603724229569,36.1042204609358]]]},"properties":{"id":"162370","parcel":"136030A03400CO","address":"4000 ANDERSON RD 34","owner":"BRIGGS, DANNY","point":[-86.60377962332502,36.1042414761952]}},{"type":"Feature","id":"162371","geometry":{"type":"Polygon","coordinates":[[[-86.603678860826,36.1043085954032],[-86.603694875888,36.104277747616],[-86.6037084517353,36.1042820751607],[-86.603721789263,36.1042556362762],[-86.603808664035,36.1042837707684],[-86.6037793092809,36.1043410574738],[-86.603678860826,36.1043085954032]]]},"properties":{"id":"162371","parcel":"136030A03500CO","address":"4000 ANDERSON RD 35","owner":"KISAN, MAHESH & TAILOR, PRYESH","point":[-86.60374380487575,36.10429618324379]}},{"type":"Feature","id":"162385","geometry":{"type":"Polygon","coordinates":[[[-86.6040088746826,36.1046146156139],[-86.6040409035572,36.1045529208609],[-86.6041305042079,36.1045832396706],[-86.6041144892468,36.1046140866121],[-86.6041280629533,36.1046184141203],[-86.6041120323811,36.1046470638386],[-86.6040088746826,36.1046146156139]]]},"properties":{"id":"162385","parcel":"136030A04300CO","address":"4000 ANDERSON RD 43","owner":"MERRIWETHER, YVONNA","point":[-86.60406991677783,36.10459848940599]}},{"type":"Feature","id":"162386","geometry":{"type":"Polygon","coordinates":[[[-86.6037205053427,36.1052445920382],[-86.6037704418248,36.1051784122214],[-86.6038302368776,36.105206682264],[-86.6037847227344,36.1052753121534],[-86.6037205053427,36.1052445920382]]]},"properties":{"id":"162386","parcel":"136030A05000CO","address":"4000 ANDERSON RD 50","owner":"HARRIS, ZITA M. & DAVIE E.","point":[-86.60377624132256,36.105225640041446]}},{"type":"Feature","id":"162387","geometry":{"type":"Polygon","coordinates":[[[-86.6037847227344,36.1052753121534],[-86.6038302368776,36.105206682264],[-86.6038910587493,36.1052360466869],[-86.6038455369989,36.1053044017492],[-86.6037847227344,36.1052753121534]]]},"properties":{"id":"162387","parcel":"136030A05100CO","address":"4000 ANDERSON RD 51","owner":"MORALES, LEVI","point":[-86.60383786335743,36.10525567934146]}},{"type":"Feature","id":"162388","geometry":{"type":"Polygon","coordinates":[[[-86.6040840530318,36.105419134246],[-86.6041326584904,36.1053559829121],[-86.6041931280683,36.1053839745081],[-86.6041469010215,36.105448213503],[-86.6040840530318,36.105419134246]]]},"properties":{"id":"162388","parcel":"136030A05500CO","address":"4000 ANDERSON RD 55","owner":"KONG, OLIVER CHI-CHUN","point":[-86.60413903287483,36.10540155585091]}},{"type":"Feature","id":"162400","geometry":{"type":"Polygon","coordinates":[[[-86.6046620272935,36.1049006103334],[-86.6046702641169,36.1048709009694],[-86.6047607068238,36.1048784138133],[-86.6047533848497,36.1049394359896],[-86.6046402626953,36.1049320368472],[-86.6046437564477,36.1049018005879],[-86.6046620272935,36.1049006103334]]]},"properties":{"id":"162400","parcel":"136030A07000CO","address":"4000 ANDERSON RD 70","owner":"RIGHTPROPERTIES LLC","point":[-86.60469902555003,36.104917106838215]}},{"type":"Feature","id":"162401","geometry":{"type":"Polygon","coordinates":[[[-86.6050944901552,36.1049673930973],[-86.6051021252279,36.1049036222519],[-86.6051976489721,36.104911110176],[-86.6051911079613,36.1049413608426],[-86.6052097584211,36.1049453878654],[-86.6052049047801,36.1049748054011],[-86.6050944901552,36.1049673930973]]]},"properties":{"id":"162401","parcel":"136030A07100CO","address":"4000 ANDERSON RD 71","owner":"DOIRON, MARK A","point":[-86.60514691686906,36.10492607911091]}},{"type":"Feature","id":"162402","geometry":{"type":"Polygon","coordinates":[[[-86.6050652397422,36.1052164260633],[-86.6050725448889,36.1051529317672],[-86.6051684126735,36.1051615130345],[-86.605163887297,36.1051895589865],[-86.6051801520386,36.1051916746712],[-86.6051743188754,36.1052257675094],[-86.6050652397422,36.1052164260633]]]},"properties":{"id":"162402","parcel":"136030A07500CO","address":"4000 ANDERSON RD 75","owner":"LEVY, MARLA & NEVOL","point":[-86.60511806533859,36.1051753775471]}},{"type":"Feature","id":"162403","geometry":{"type":"Polygon","coordinates":[[[-86.6045173618687,36.1055523944469],[-86.6045261538761,36.1054622457398],[-86.6046054143007,36.1054681672293],[-86.6045968637997,36.1055456771004],[-86.6045572419955,36.1055436802271],[-86.6045536122405,36.1055560584622],[-86.6045173618687,36.1055523944469]]]},"properties":{"id":"162403","parcel":"136030A07800CO","address":"4000 ANDERSON RD 78","owner":"FAHMY, JAN","point":[-86.60456157756443,36.10550585854821]}},{"type":"Feature","id":"162404","geometry":{"type":"Polygon","coordinates":[[[-86.6045968637997,36.1055456771004],[-86.6046054143007,36.1054681672293],[-86.6046850144452,36.1054743609501],[-86.6046731667593,36.1055634254387],[-86.6046342066436,36.1055595001567],[-86.6046341167175,36.1055476885409],[-86.6045968637997,36.1055456771004]]]},"properties":{"id":"162404","parcel":"136030A07900CO","address":"4000 ANDERSON RD 79","owner":"490 BLISS RETREATS, LLC","point":[-86.60464053292581,36.10551001769318]}},{"type":"Feature","id":"162405","geometry":{"type":"Polygon","coordinates":[[[-86.6046731667593,36.1055634254387],[-86.6046850144452,36.1054743609501],[-86.6047615640643,36.1054800228436],[-86.6047526896129,36.1055594558619],[-86.6047157816986,36.1055582673917],[-86.6047128043448,36.1055673473111],[-86.6046731667593,36.1055634254387]]]},"properties":{"id":"162405","parcel":"136030A08000CO","address":"4000 ANDERSON RD 80","owner":"LEON, MARCOS & SANCHEZ, MA ELENA","point":[-86.60471813482603,36.10551907736544]}},{"type":"Feature","id":"162409","geometry":{"type":"Polygon","coordinates":[[[-86.6053505766439,36.1029904060006],[-86.6053555741044,36.1029354393556],[-86.6054531285626,36.1029437406386],[-86.6054481177437,36.1029965091518],[-86.6053505766439,36.1029904060006]]]},"properties":{"id":"162409","parcel":"136030A08600CO","address":"3880 PRIEST LAKE DR 2","owner":"BELLAMY, KAREN BELINDA","point":[-86.60540180515456,36.1029670731744]}},{"type":"Feature","id":"162437","geometry":{"type":"Polygon","coordinates":[[[-86.6036655377551,36.1043372315111],[-86.603678860826,36.1043085954032],[-86.6037793092809,36.1043410574738],[-86.6037499555881,36.1043983432644],[-86.6036657883135,36.1043701951778],[-86.6036791113898,36.1043415590702],[-86.6036655377551,36.1043372315111]]]},"properties":{"id":"162437","parcel":"136030A03600CO","address":"4000 ANDERSON RD 36","owner":"TAVERAS, GLENNIS","point":[-86.60372199874516,36.10435604100913]}},{"type":"Feature","id":"162438","geometry":{"type":"Polygon","coordinates":[[[-86.6035961812727,36.1044760338459],[-86.603609521071,36.1044495922602],[-86.6036203693067,36.1044517361658],[-86.603639108731,36.1044230729536],[-86.6037259836569,36.1044512075041],[-86.603696629885,36.1045084932802],[-86.6035961812727,36.1044760338459]]]},"properties":{"id":"162438","parcel":"136030A03700CO","address":"4000 ANDERSON RD 37","owner":"NORMAN, NOR","point":[-86.60366080985914,36.10446405879435]}},{"type":"Feature","id":"162463","geometry":{"type":"Polygon","coordinates":[[[-86.6034627825683,36.1047404189698],[-86.6034788000224,36.1047095712034],[-86.6035792622765,36.1047442315724],[-86.6035525992089,36.1047993065411],[-86.603460307622,36.1047711989704],[-86.6034736475357,36.1047447601055],[-86.6034627825683,36.1047404189698]]]},"properties":{"id":"162463","parcel":"136030A04200CO","address":"4000 ANDERSON RD 42","owner":"DUDLEY, ZANIRA ALNISA","point":[-86.60351970760318,36.1047581540353]}},{"type":"Feature","id":"162464","geometry":{"type":"Polygon","coordinates":[[[-86.6039181550893,36.1047930810369],[-86.6039501829959,36.1047313863163],[-86.6040533408221,36.1047638345902],[-86.604037342513,36.1047968796383],[-86.6040237721127,36.1047925521033],[-86.6040077548535,36.1048233999415],[-86.6039833127807,36.1048147313478],[-86.6039181550893,36.1047930810369]]]},"properties":{"id":"162464","parcel":"136030A04600CO","address":"4000 ANDERSON RD 46","owner":"JIANG, CHENXI & WANG, SHANG","point":[-86.60398622676537,36.10477802040195]}},{"type":"Feature","id":"162465","geometry":{"type":"Polygon","coordinates":[[[-86.6036600276801,36.1052155006946],[-86.6037092846424,36.1051490494162],[-86.6037704418248,36.1051784122214],[-86.6037205053427,36.1052445920382],[-86.6036600276801,36.1052155006946]]]},"properties":{"id":"162465","parcel":"136030A04900CO","address":"4000 ANDERSON RD 49","owner":"GILL, J. COLLEEN","point":[-86.60371511076129,36.105196956060695]}},{"type":"Feature","id":"162466","geometry":{"type":"Polygon","coordinates":[[[-86.6042053321422,36.105475116654],[-86.6042522408048,36.1054114239976],[-86.6043171284936,36.1054415915969],[-86.6042688565754,36.1055041924586],[-86.6042053321422,36.105475116654]]]},"properties":{"id":"162466","parcel":"136030A05700CO","address":"4000 ANDERSON RD 57","owner":"DHB R, LLC ANDERSON SERIES","point":[-86.6042609384088,36.10545835317441]}},{"type":"Feature","id":"162467","geometry":{"type":"Polygon","coordinates":[[[-86.6046474072956,36.1050256765153],[-86.6046519098589,36.1049946114362],[-86.6047460556024,36.1049993586492],[-86.6047384294545,36.1050647778504],[-86.604623613469,36.1050573871853],[-86.6046281118648,36.1050257732538],[-86.6046474072956,36.1050256765153]]]},"properties":{"id":"162467","parcel":"136030A06800CO","address":"4000 ANDERSON RD 68","owner":"MAYS, TODD","point":[-86.60468347601744,36.1050417703191]}},{"type":"Feature","id":"162490","geometry":{"type":"Polygon","coordinates":[[[-86.6050576004213,36.1052796471466],[-86.6050652397422,36.1052164260633],[-86.6051743188754,36.1052257675094],[-86.605169145317,36.1052576597365],[-86.605158655489,36.1052582621492],[-86.605150784755,36.1052915414473],[-86.6050576004213,36.1052796471466]]]},"properties":{"id":"162490","parcel":"136030A07600CO","address":"4000 ANDERSON RD 76","owner":"SCALES, KIMBERLY","point":[-86.60511697991303,36.10524153318751]}},{"type":"Feature","id":"162491","geometry":{"type":"Polygon","coordinates":[[[-86.6048266165824,36.1055758424795],[-86.6048391308405,36.1054859499687],[-86.6049160212875,36.1054918822389],[-86.6049054451047,36.1055699529704],[-86.6048688664314,36.1055676633441],[-86.6048645549636,36.1055797728238],[-86.6048266165824,36.1055758424795]]]},"properties":{"id":"162491","parcel":"136030A08200CO","address":"4000 ANDERSON RD 82","owner":"OWENS, ANASTASIA D & WHARTON, MCGARRETT A","point":[-86.60487196871307,36.10552970527323]}},{"type":"Feature","id":"162492","geometry":{"type":"Polygon","coordinates":[[[-86.605337907645,36.103104748215],[-86.6053428883536,36.1030475816506],[-86.605440426212,36.1030536875284],[-86.6054327380146,36.1031108676895],[-86.6053866682261,36.1031067016556],[-86.605337907645,36.103104748215]]]},"properties":{"id":"162492","parcel":"136030A08800CO","address":"3880 PRIEST LAKE DR 4","owner":"PETERSEN, MANDY N.","point":[-86.6053885592097,36.10307921588132]}},{"type":"Feature","id":"162493","geometry":{"type":"Polygon","coordinates":[[[-86.6052841663019,36.1031599595136],[-86.6052918345471,36.1031005839642],[-86.605337907645,36.103104748215],[-86.6053866682261,36.1031067016556],[-86.6053789967195,36.1031660772277],[-86.6052841663019,36.1031599595136]]]},"properties":{"id":"162493","parcel":"136030A08900CO","address":"3880 PRIEST LAKE DR 5","owner":"BERRYHILL, AMANI M.","point":[-86.60533541653042,36.103133330593245]}},{"type":"Feature","id":"162514","geometry":{"type":"Polygon","coordinates":[[[-86.6052568785614,36.1038435708172],[-86.6052645502248,36.103784195263],[-86.6053593981342,36.1037925102089],[-86.6053517097932,36.1038496885518],[-86.6052568785614,36.1038435708172]]]},"properties":{"id":"162514","parcel":"136030A10000CO","address":"3880 PRIEST LAKE DR 16","owner":"TELL, FREDA B.","point":[-86.605308070861,36.10381804030182]}},{"type":"Feature","id":"162515","geometry":{"type":"Polygon","coordinates":[[[-86.6052071337324,36.1040679830518],[-86.6053181638548,36.1040674258149],[-86.6053184318451,36.1041025866976],[-86.6053021829586,36.1041026682537],[-86.6053024006959,36.1041312365834],[-86.6052049117833,36.1041317258521],[-86.6052071337324,36.1040679830518]]]},"properties":{"id":"162515","parcel":"136030A10200CO","address":"3880 PRIEST LAKE DR 18","owner":"PALLADINO, JOSEPH R.","point":[-86.60526241922572,36.10408528368987]}},{"type":"Feature","id":"162516","geometry":{"type":"Polygon","coordinates":[[[-86.6052049117833,36.1041317258521],[-86.6053024006959,36.1041312365834],[-86.6053026351866,36.1041620030312],[-86.6053134845324,36.1041641458778],[-86.6053137022808,36.1041927151082],[-86.6052053806894,36.1041932587479],[-86.6052049117833,36.1041317258521]]]},"properties":{"id":"162516","parcel":"136030A10300CO","address":"3880 PRIEST LAKE DR 19","owner":"VON HABERSTROH COMPANY, LLC THE","point":[-86.60525660397396,36.104162904943344]}},{"type":"Feature","id":"162517","geometry":{"type":"Polygon","coordinates":[[[-86.6052053806894,36.1041932587479],[-86.6053137022808,36.1041927151082],[-86.6053139535228,36.1042256787726],[-86.6053004099866,36.1042257467497],[-86.60530064447,36.1042565122956],[-86.6052031408811,36.1042548043346],[-86.6052053806894,36.1041932587479]]]},"properties":{"id":"162517","parcel":"136030A10400CO","address":"3880 PRIEST LAKE DR 20","owner":"BERRY, PATRICIA","point":[-86.60525931433794,36.10420946761034]}},{"type":"Feature","id":"162518","geometry":{"type":"Polygon","coordinates":[[[-86.6047463682306,36.1043735715674],[-86.6047461172237,36.1043406079029],[-86.6047623817873,36.1043427245456],[-86.6047648562018,36.1043119427125],[-86.6048596544935,36.1043136673001],[-86.6048601398605,36.1043773965104],[-86.6047463682306,36.1043735715674]]]},"properties":{"id":"162518","parcel":"136030A10900CO","address":"3880 PRIEST LAKE DR 25","owner":"WILLIAM, DARIUS XAVIER & MAURICE, EDEM TIFFANY","point":[-86.60480312324856,36.1043583088535]}},{"type":"Feature","id":"162519","geometry":{"type":"Polygon","coordinates":[[[-86.6047660554656,36.1037581266662],[-86.6047712196119,36.1037251358413],[-86.6047820688837,36.1037272787359],[-86.6047872508708,36.1036964860233],[-86.6048847894628,36.1037025896457],[-86.6048771342579,36.1037641623945],[-86.6047660554656,36.1037581266662]]]},"properties":{"id":"162519","parcel":"136030A11700CO","address":"3880 PRIEST LAKE DR 33","owner":"WALKER, MELVIN WAYNE REVOCABLE TRUST, THE","point":[-86.60482411583187,36.103742867794374]}},{"type":"Feature","id":"162520","geometry":{"type":"Polygon","coordinates":[[[-86.6048381142904,36.1032632904368],[-86.6048406210189,36.1032369057386],[-86.6048243734196,36.1032369872248],[-86.6048267942517,36.1031996146465],[-86.6049378923559,36.1032078502244],[-86.6049302539826,36.1032716211031],[-86.6048381142904,36.1032632904368]]]},"properties":{"id":"162520","parcel":"136030A12400CO","address":"3880 PRIEST LAKE DR 40","owner":"WALKER, MELVIN WAYNE REVOCABLE TRUST, THE","point":[-86.60488073356356,36.10322234988569]}},{"type":"Feature","id":"162639","geometry":{"type":"Polygon","coordinates":[[[-86.6037989361974,36.1040728434271],[-86.6038122591758,36.1040442073026],[-86.6038258327685,36.1040485348455],[-86.6038418800291,36.1040220823784],[-86.6039260469972,36.1040502303446],[-86.6038966924141,36.1041075170819],[-86.6037989361974,36.1040728434271]]]},"properties":{"id":"162639","parcel":"136030A03100CO","address":"4000 ANDERSON RD 31","owner":"ZALOBA, MATTHEW & MARIN, CHARITY","point":[-86.60386222088647,36.104061536007734]}},{"type":"Feature","id":"162640","geometry":{"type":"Polygon","coordinates":[[[-86.6035801660913,36.1045068762111],[-86.6035961812727,36.1044760338459],[-86.603696629885,36.1045084932802],[-86.6036672916682,36.1045679771723],[-86.6035777090483,36.104539858835],[-86.6035910321643,36.1045112200346],[-86.6035801660913,36.1045068762111]]]},"properties":{"id":"162640","parcel":"136030A03800CO","address":"4000 ANDERSON RD 38","owner":"FOX, JOHN JAMES","point":[-86.60363621197463,36.10452571094032]}},{"type":"Feature","id":"162810","geometry":{"type":"Polygon","coordinates":[[[-86.6052872480374,36.1035643151455],[-86.6052949498184,36.1035093349382],[-86.6053898007276,36.1035176489428],[-86.605384803261,36.1035726164826],[-86.6052872480374,36.1035643151455]]]},"properties":{"id":"162810","parcel":"136030A09500CO","address":"3880 PRIEST LAKE DR 11","owner":"KIMBROUGH, SONJA D. & TERRANCE CHRISTOPHER","point":[-86.60533910169478,36.10354098395676]}},{"type":"Feature","id":"162851","geometry":{"type":"Polygon","coordinates":[[[-86.6052772529357,36.1036742484117],[-86.6052822504901,36.1036192817791],[-86.6053770814491,36.1036253985928],[-86.60537208396,36.1036803652293],[-86.6052772529357,36.1036742484117]]]},"properties":{"id":"162851","parcel":"136030A09700CO","address":"3880 PRIEST LAKE DR 13","owner":"REITEN, MARK W. & HUTCHESON, SUSAN RENEE","point":[-86.60532716720772,36.1036498235128]}},{"type":"Feature","id":"162854","geometry":{"type":"Polygon","coordinates":[[[-86.6052645502248,36.103784195263],[-86.6052695477948,36.1037292286324],[-86.6053643788842,36.1037353454559],[-86.6053593981342,36.1037925102089],[-86.6052645502248,36.103784195263]]]},"properties":{"id":"162854","parcel":"136030A09900CO","address":"3880 PRIEST LAKE DR 15","owner":"REITEN, MARK W. & HUTCHESON, SUSAN RENN","point":[-86.6053145111287,36.10375977052337]}},{"type":"Feature","id":"162858","geometry":{"type":"Polygon","coordinates":[[[-86.6047528187281,36.1041537703581],[-86.6047525510087,36.1041186121783],[-86.6048635979393,36.1041202525772],[-86.60486410007,36.1041861826127],[-86.6047665932245,36.1041844716117],[-86.6047663756729,36.1041559023802],[-86.6047528187281,36.1041537703581]]]},"properties":{"id":"162858","parcel":"136030A11200CO","address":"3880 PRIEST LAKE DR 28","owner":"CASNER, NICHOLAS A & CARLYE","point":[-86.60480820834532,36.104137011480546]}},{"type":"Feature","id":"162861","geometry":{"type":"Polygon","coordinates":[[[-86.6047525510087,36.1041186121783],[-86.6047522999931,36.1040856476106],[-86.6047685656152,36.1040877642471],[-86.6047710389226,36.1040569842198],[-86.6048658368757,36.1040587042966],[-86.6048635979393,36.1041202525772],[-86.6047525510087,36.1041186121783]]]},"properties":{"id":"162861","parcel":"136030A11300CO","address":"3880 PRIEST LAKE DR 29","owner":"REINA, JUAN","point":[-86.60480831980404,36.10410334575219]}},{"type":"Feature","id":"162864","geometry":{"type":"Polygon","coordinates":[[[-86.6047543192744,36.1039955337149],[-86.6047567791849,36.1039625564533],[-86.6047730436507,36.1039646703911],[-86.604772826118,36.1039361038618],[-86.6048676250512,36.1039378257341],[-86.6048653682747,36.1039971768048],[-86.6047543192744,36.1039955337149]]]},"properties":{"id":"162864","parcel":"136030A11500CO","address":"3880 PRIEST LAKE DR 31","owner":"HUNT, ROBERT D. ET UX","point":[-86.60481073855094,36.10398025726784]}},{"type":"Feature","id":"162867","geometry":{"type":"Polygon","coordinates":[[[-86.6047762007879,36.1036679720128],[-86.6047813492959,36.1036327830624],[-86.6048897203373,36.1036388323573],[-86.6048847894628,36.1037025896457],[-86.6047872508708,36.1036964860233],[-86.6047897576298,36.1036701013289],[-86.6047762007879,36.1036679720128]]]},"properties":{"id":"162867","parcel":"136030A11800CO","address":"3880 PRIEST LAKE DR 34","owner":"HAGEN, BRIAN F & GAVIN","point":[-86.60483346909959,36.10365340387572]}},{"type":"Feature","id":"162870","geometry":{"type":"Polygon","coordinates":[[[-86.6048203629768,36.1034216113159],[-86.6048228362502,36.1033908321838],[-86.6049176680254,36.1033969511561],[-86.6049127204323,36.1034585085282],[-86.604801624215,36.1034502747189],[-86.6048041153396,36.1034216927994],[-86.6048203629768,36.1034216113159]]]},"properties":{"id":"162870","parcel":"136030A12100CO","address":"3880 PRIEST LAKE DR 37","owner":"GOODMAN, ANGELA D.","point":[-86.60485868551017,36.10343616784199]}},{"type":"Feature","id":"162873","geometry":{"type":"Polygon","coordinates":[[[-86.6048329156182,36.1032918859373],[-86.6048381142904,36.1032632904368],[-86.6049302539826,36.1032716211031],[-86.6049253063865,36.1033331757739],[-86.6048142103638,36.1033249446797],[-86.6048166680076,36.1032919674225],[-86.6048329156182,36.1032918859373]]]},"properties":{"id":"162873","parcel":"136030A12300CO","address":"3880 PRIEST LAKE DR 39","owner":"NUKO, MARSEL & ALBIONA","point":[-86.60487135141824,36.10330864044606]}},{"type":"Feature","id":"162913","geometry":{"type":"Polygon","coordinates":[[[-86.6055866716842,36.1037649970462],[-86.6055887268507,36.1036792775475],[-86.6056672755914,36.1036810812907],[-86.6056652216202,36.1037668007851],[-86.6055866716842,36.1037649970462]]]},"properties":{"id":"162913","parcel":"136030B00200CO","address":"3880 PRIEST LAKE DR 47","owner":"WILSON, THOMAS H.","point":[-86.60562697393172,36.10372303917641]}},{"type":"Feature","id":"162916","geometry":{"type":"Polygon","coordinates":[[[-86.6057169492309,36.1041577255281],[-86.6057191551087,36.1040917836935],[-86.605822093792,36.1040956621364],[-86.6058198891033,36.1041616030659],[-86.6057169492309,36.1041577255281]]]},"properties":{"id":"162916","parcel":"136030B00600CO","address":"3880 PRIEST LAKE DR 51","owner":"FIELD, KELLY","point":[-86.60576952178587,36.104126693844826]}},{"type":"Feature","id":"162919","geometry":{"type":"Polygon","coordinates":[[[-86.6057147276884,36.1042214683363],[-86.6057169492309,36.1041577255281],[-86.6058198891033,36.1041616030659],[-86.6058388444851,36.1041615078439],[-86.6058366062861,36.1042230543385],[-86.6058014019789,36.1042232311836],[-86.6057147276884,36.1042214683363]]]},"properties":{"id":"162919","parcel":"136030B00700CO","address":"3880 PRIEST LAKE DR 52","owner":"FUSCO, BRITTANY","point":[-86.6057767604324,36.10419156681202]}},{"type":"Feature","id":"162923","geometry":{"type":"Polygon","coordinates":[[[-86.6057079949052,36.1044039087937],[-86.6057101996936,36.1043379678702],[-86.6058131386956,36.1043418463205],[-86.6058109339926,36.1044077872458],[-86.6057079949052,36.1044039087937]]]},"properties":{"id":"162923","parcel":"136030B01000CO","address":"3880 PRIEST LAKE DR 55","owner":"MACHLIN, JONATHAN T","point":[-86.6057605668209,36.104372877568835]}},{"type":"Feature","id":"162926","geometry":{"type":"Polygon","coordinates":[[[-86.6057914113937,36.1029134715017],[-86.6058804229818,36.1028668737894],[-86.6059241874745,36.1029237927737],[-86.6058351725236,36.1029703914356],[-86.6057914113937,36.1029134715017]]]},"properties":{"id":"162926","parcel":"136030B01300CO","address":"3880 PRIEST LAKE DR 58","owner":"LOVENSTEIN, BETTY JEAN REVOCABLE LIVING TRUST","point":[-86.60585779925376,36.10291863215549]}},{"type":"Feature","id":"162929","geometry":{"type":"Polygon","coordinates":[[[-86.6058351725236,36.1029703914356],[-86.6059241874745,36.1029237927737],[-86.6059652098364,36.1029763309161],[-86.6058923954356,36.1030162545074],[-86.6058627241263,36.103031787392],[-86.6058216850431,36.1029770519978],[-86.6058351725236,36.1029703914356]]]},"properties":{"id":"162929","parcel":"136030B01400CO","address":"3880 PRIEST LAKE DR 59","owner":"SKATES, CLINTON & JACQUELINE","point":[-86.60588202575222,36.10299673544416]}},{"type":"Feature","id":"162932","geometry":{"type":"Polygon","coordinates":[[[-86.6058923954356,36.1030162545074],[-86.6059652098364,36.1029763309161],[-86.6060035068207,36.1030266854372],[-86.6059279345386,36.1030600301007],[-86.6058923954356,36.1030162545074]]]},"properties":{"id":"162932","parcel":"136030B01500CO","address":"3880 PRIEST LAKE DR 60","owner":"FLETT, JEREMY R","point":[-86.60594808088807,36.103021470411925]}},{"type":"Feature","id":"162935","geometry":{"type":"Polygon","coordinates":[[[-86.6060771186226,36.1034460695629],[-86.6060762801024,36.1033361906643],[-86.6060898201546,36.1033361226168],[-86.6060942076478,36.1033344521396],[-86.6060975737947,36.1033319630324],[-86.6061002519032,36.1033283805347],[-86.6061330975557,36.1033293114021],[-86.6061358292951,36.1033323196381],[-86.606140244046,36.1033342207642],[-86.6061466711526,36.1033336386845],[-86.6061900167618,36.1033356190175],[-86.606187708423,36.1033883739745],[-86.6062039593836,36.1033882922879],[-86.6062016879401,36.1034454434651],[-86.6060933494884,36.1034437897893],[-86.6060771186226,36.1034460695629]]]},"properties":{"id":"162935","parcel":"136030B01900CO","address":"3880 PRIEST LAKE DR 64","owner":"DECKER, EDWARD & JOCELYN","point":[-86.60613266108614,36.10336221697541]}},{"type":"Feature","id":"162938","geometry":{"type":"Polygon","coordinates":[[[-86.6060911450498,36.1035097316357],[-86.6060933494884,36.1034437897893],[-86.6062016879401,36.1034454434651],[-86.606199482474,36.1035113844177],[-86.6060911450498,36.1035097316357]]]},"properties":{"id":"162938","parcel":"136030B02000CO","address":"3880 PRIEST LAKE DR 65","owner":"ZIELENSKI, PAUL","point":[-86.60614641623611,36.103477587562445]}},{"type":"Feature","id":"162942","geometry":{"type":"Polygon","coordinates":[[[-86.6061078958425,36.1035755773154],[-86.6061972613438,36.1035751281464],[-86.606194938453,36.1036256858719],[-86.6061082815813,36.1036261214258],[-86.6061078958425,36.1035755773154]]]},"properties":{"id":"162942","parcel":"136030B02200CO","address":"3880 PRIEST LAKE DR 67","owner":"SUNDSTROM, JOHN KEITH","point":[-86.6061520843986,36.10360063379482]}},{"type":"Feature","id":"162945","geometry":{"type":"Polygon","coordinates":[[[-86.6061927340868,36.103691626816],[-86.6060871039952,36.1036899604206],[-86.6060735616616,36.1036900284789],[-86.6060730920858,36.1036284955788],[-86.6061082815813,36.1036261214258],[-86.606194938453,36.1036256858719],[-86.6061927340868,36.103691626816]]]},"properties":{"id":"162945","parcel":"136030B02300CO","address":"3880 PRIEST LAKE DR 68","owner":"HILTON, PEGGY G.","point":[-86.60613356555443,36.103659403769235]}},{"type":"Feature","id":"162948","geometry":{"type":"Polygon","coordinates":[[[-86.6060876071182,36.1037558877543],[-86.6060871039952,36.1036899604206],[-86.6061927340868,36.103691626816],[-86.6061905096144,36.1037553705584],[-86.6060876071182,36.1037558877543]]]},"properties":{"id":"162948","parcel":"136030B02400CO","address":"3880 PRIEST LAKE DR 69","owner":"TEGETE, MERON KETEMA","point":[-86.60613948958841,36.103723327332965]}},{"type":"Feature","id":"162951","geometry":{"type":"Polygon","coordinates":[[[-86.6060876071182,36.1037558877543],[-86.6061905096144,36.1037553705584],[-86.6061884416495,36.1038388919306],[-86.6060475904594,36.1038352052312],[-86.6060524030186,36.1037560646727],[-86.6060876071182,36.1037558877543]]]},"properties":{"id":"162951","parcel":"136030B02500CO","address":"3880 PRIEST LAKE DR 70","owner":"MILLER, BARBARA T.","point":[-86.60611974903262,36.103795864269145]}},{"type":"Feature","id":"162972","geometry":{"type":"Polygon","coordinates":[[[-86.6044216975632,36.1029906695093],[-86.6044291188979,36.1028983303187],[-86.604461631799,36.1029003655642],[-86.6044590413275,36.1029157623644],[-86.6045023855492,36.1029177424085],[-86.6044948472107,36.1029946983742],[-86.6044216975632,36.1029906695093]]]},"properties":{"id":"162972","parcel":"136030A00400CO","address":"4000 ANDERSON RD 4","owner":"MARSHALL, LATORIA","point":[-86.6044617199496,36.10295420490419]}},{"type":"Feature","id":"162976","geometry":{"type":"Polygon","coordinates":[[[-86.6045371734323,36.1032186488325],[-86.6045502116149,36.1031526527076],[-86.6046532326788,36.1031675200406],[-86.6046453765823,36.1032027225647],[-86.6046345284896,36.1032005787506],[-86.6046266378091,36.103231385942],[-86.6045371734323,36.1032186488325]]]},"properties":{"id":"162976","parcel":"136030A00800CO","address":"4000 ANDERSON RD 8","owner":"YOUSSEF, FIBI","point":[-86.60459680682112,36.10318389406236]}},{"type":"Feature","id":"162978","geometry":{"type":"Polygon","coordinates":[[[-86.6045083213999,36.1033418621762],[-86.6045241017648,36.1032802487168],[-86.6046271229893,36.1032951160716],[-86.6046192668618,36.1033303176916],[-86.6046084176486,36.1033281747821],[-86.604603203273,36.103354573049],[-86.6045083213999,36.1033418621762]]]},"properties":{"id":"162978","parcel":"136030A01000CO","address":"4000 ANDERSON RD 10","owner":"TROTTER, WILLIAM DAVID REVOCABLE LIVING TRUST","point":[-86.6045697881293,36.103311487085115]}},{"type":"Feature","id":"162981","geometry":{"type":"Polygon","coordinates":[[[-86.6044821946898,36.1034672600514],[-86.6044952664206,36.1034056601745],[-86.6046037051622,36.1034205003943],[-86.6045958177727,36.103451306664],[-86.6045822743679,36.1034513745604],[-86.6045716604553,36.1034799980966],[-86.6044821946898,36.1034672600514]]]},"properties":{"id":"162981","parcel":"136030A01200CO","address":"4000 ANDERSON RD 12","owner":"THOMAS, CATHRYN","point":[-86.60454434387995,36.103435720639865]}},{"type":"Feature","id":"163005","geometry":{"type":"Polygon","coordinates":[[[-86.6060536779242,36.1046329265902],[-86.6060347045528,36.1046308246348],[-86.6060555470306,36.1045230341173],[-86.606059275018,36.1045235651588],[-86.606062657984,36.1045232732701],[-86.6060690705174,36.1045207688554],[-86.60607176246,36.1045185571247],[-86.6061097259348,36.1045249600404],[-86.6061121136797,36.1045274202291],[-86.6061170161439,36.1045297686394],[-86.6061223003185,36.1045314896482],[-86.6061260241109,36.1045314709328],[-86.6061558625468,36.1045379137682],[-86.6061507492396,36.1045774971975],[-86.606167013889,36.1045796136506],[-86.6061566844196,36.1046455954166],[-86.6060536779242,36.1046329265902]]]},"properties":{"id":"163005","parcel":"136030B03300CO","address":"3880 PRIEST LAKE DR 78","owner":"OWENS-HUGHES, STANTON & DEBRA ANNE","point":[-86.60610133395723,36.10460522072176]}},{"type":"Feature","id":"163008","geometry":{"type":"Polygon","coordinates":[[[-86.6060112717879,36.1047540119724],[-86.6060216338145,36.1046924246598],[-86.6060406072072,36.1046945275184],[-86.6061436137735,36.1047071954546],[-86.6061332518395,36.1047687827774],[-86.606046509871,36.1047582304008],[-86.6060112717879,36.1047540119724]]]},"properties":{"id":"163008","parcel":"136030B03500CO","address":"3880 PRIEST LAKE DR 80","owner":"MCCORMACK, SARA J","point":[-86.60607744280009,36.10473060373194]}},{"type":"Feature","id":"163010","geometry":{"type":"Polygon","coordinates":[[[-86.6059502772535,36.1050122696818],[-86.6059618862634,36.1049366640391],[-86.6059974560204,36.1049395090797],[-86.6060970819085,36.1049530214112],[-86.6060820972697,36.1050300121623],[-86.6059502772535,36.1050122696818]]]},"properties":{"id":"163010","parcel":"136030B03900CO","address":"3880 PRIEST LAKE DR 84","owner":"BOGLE, TORY J.","point":[-86.60602306681483,36.10498264355427]}},{"type":"Feature","id":"163013","geometry":{"type":"Polygon","coordinates":[[[-86.6055160464978,36.1053353097383],[-86.6054809044188,36.1052549962953],[-86.6054822770819,36.1052574615924],[-86.6055548776037,36.1052334720393],[-86.6055873026264,36.1053127004547],[-86.6055160464978,36.1053353097383]]]},"properties":{"id":"163013","parcel":"136030B04500CO","address":"3880 PRIEST LAKE DR 90","owner":"HOUSING QUICK FIX ASSOCIATES, LLC","point":[-86.60553503213922,36.10528508183272]}},{"type":"Feature","id":"163016","geometry":{"type":"Polygon","coordinates":[[[-86.6056913980443,36.1056451237153],[-86.6057558934071,36.1056241949124],[-86.6057906615838,36.1056998415608],[-86.6057961785641,36.1057129994537],[-86.6057293139623,36.1057344881502],[-86.6057251738565,36.1057243444018],[-86.6056913980443,36.1056451237153]]]},"properties":{"id":"163016","parcel":"136030B04900CO","address":"3880 PRIEST LAKE DR 94","owner":"WHITAKER, ROSIE RODRIGUEZ","point":[-86.60574057619614,36.1056724811557]}},{"type":"Feature","id":"163030","geometry":{"type":"Polygon","coordinates":[[[-86.6040691207052,36.1047022203165],[-86.6039795210611,36.1046719023578],[-86.6040088746826,36.1046146156139],[-86.6041120323811,36.1046470638386],[-86.6040960174068,36.1046779116784],[-86.6040824436918,36.1046735841666],[-86.6040691207052,36.1047022203165]]]},"properties":{"id":"163030","parcel":"136030A04400CO","address":"4000 ANDERSON RD 44","owner":"TURNER, BRIAN KEITH","point":[-86.60404573413632,36.10465948297583]}},{"type":"Feature","id":"163033","geometry":{"type":"Polygon","coordinates":[[[-86.6039501829959,36.1047313863163],[-86.6039795210611,36.1046719023578],[-86.6040691207052,36.1047022203165],[-86.6040557977158,36.1047308573659],[-86.6040666471056,36.1047330003243],[-86.6040533408221,36.1047638345902],[-86.6039501829959,36.1047313863163]]]},"properties":{"id":"163033","parcel":"136030A04500CO","address":"4000 ANDERSON RD 45","owner":"MILES, LARRY & MACHEL MILLS-","point":[-86.60401006796447,36.10471636570284]}},{"type":"Feature","id":"163036","geometry":{"type":"Polygon","coordinates":[[[-86.6038877663423,36.1048478998488],[-86.6039181550893,36.1047930810369],[-86.6039833127807,36.1048147313478],[-86.6040077548535,36.1048233999415],[-86.6039916886787,36.1048473794297],[-86.6040025515991,36.1048514456402],[-86.6039885647403,36.1048817335306],[-86.6038877663423,36.1048478998488]]]},"properties":{"id":"163036","parcel":"136030A04700CO","address":"4000 ANDERSON RD 47","owner":"PHILLIPS, TIMOTHY AARON","point":[-86.60394730759698,36.10483521644389]}},{"type":"Feature","id":"163039","geometry":{"type":"Polygon","coordinates":[[[-86.6039525493687,36.1052651319411],[-86.6039753493323,36.1052361734602],[-86.6040354853237,36.1052647165818],[-86.6039889392676,36.1053317041916],[-86.6039257443419,36.1053015279393],[-86.6039525493687,36.1052651319411]]]},"properties":{"id":"163039","parcel":"136030A05300CO","address":"4000 ANDERSON RD 53","owner":"PROGRESS RESIDENTIAL BORROWER 23, LLC","point":[-86.60398075383385,36.10528346746789]}},{"type":"Feature","id":"163042","geometry":{"type":"Polygon","coordinates":[[[-86.6039889392676,36.1053317041916],[-86.6040354853237,36.1052647165818],[-86.6040959589659,36.1052932561795],[-86.604049418243,36.1053607944626],[-86.6039889392676,36.1053317041916]]]},"properties":{"id":"163042","parcel":"136030A05400CO","address":"4000 ANDERSON RD 54","owner":"HEATH, HEATHER","point":[-86.60404250459149,36.105312480380896]}},{"type":"Feature","id":"163043","geometry":{"type":"Polygon","coordinates":[[[-86.6041111717029,36.1049344134352],[-86.6041644739302,36.104865743498],[-86.60422631479,36.1048959264113],[-86.6041743673807,36.1049648635749],[-86.6041111717029,36.1049344134352]]]},"properties":{"id":"163043","parcel":"136030A05900CO","address":"4000 ANDERSON RD 59","owner":"REITEN, MARK WILLIAM & SUSAN RENEE HUTCHESON","point":[-86.60416896234564,36.10491517066098]}},{"type":"Feature","id":"163047","geometry":{"type":"Polygon","coordinates":[[[-86.6041743673807,36.1049648635749],[-86.60422631479,36.1048959264113],[-86.6042847548714,36.1049242030189],[-86.6042358633238,36.1049942244485],[-86.6041743673807,36.1049648635749]]]},"properties":{"id":"163047","parcel":"136030A06000CO","address":"4000 ANDERSON RD 60","owner":"GAV VOLUNTEER LLC","point":[-86.60423012570082,36.104944535174546]}},{"type":"Feature","id":"163050","geometry":{"type":"Polygon","coordinates":[[[-86.6046058404141,36.1052129609905],[-86.6046106712792,36.1051805207306],[-86.6047237907162,36.1051873710412],[-86.6047161486488,36.1052511418915],[-86.6046223258653,36.105243922649],[-86.6046275172034,36.1052147747297],[-86.6046058404141,36.1052129609905]]]},"properties":{"id":"163050","parcel":"136030A06500CO","address":"4000 ANDERSON RD 65","owner":"DIRKES, THOMAS & SARAH","point":[-86.60467182235728,36.10522950344492]}},{"type":"Feature","id":"163053","geometry":{"type":"Polygon","coordinates":[[[-86.6046307162341,36.1051455329085],[-86.6046345759223,36.1051188665566],[-86.6047311074461,36.1051258000225],[-86.6047237907162,36.1051873710412],[-86.6046106712792,36.1051805207306],[-86.6046161607893,36.105145605881],[-86.6046307162341,36.1051455329085]]]},"properties":{"id":"163053","parcel":"136030A06600CO","address":"4000 ANDERSON RD 66","owner":"ATTAR, JIM A. & NAZILA LIVING TRUST","point":[-86.60467002547279,36.105163250099245]}},{"type":"Feature","id":"163056","geometry":{"type":"Polygon","coordinates":[[[-86.6046197841607,36.1050878982104],[-86.604623613469,36.1050573871853],[-86.6047384294545,36.1050647778504],[-86.6047311074461,36.1051258000225],[-86.6046345759223,36.1051188665566],[-86.6046387648642,36.1050910999033],[-86.6046197841607,36.1050878982104]]]},"properties":{"id":"163056","parcel":"136030A06700CO","address":"4000 ANDERSON RD 67","owner":"MILLER, PEGGY SUE","point":[-86.60468511863678,36.10510514308614]}},{"type":"Feature","id":"163117","geometry":{"type":"Polygon","coordinates":[[[-86.6050798624352,36.1050913580175],[-86.6050871705373,36.1050286919724],[-86.6051816698257,36.1050350809915],[-86.6051761386013,36.1050647795172],[-86.6051934090506,36.1050655175164],[-86.6051889306996,36.1050998784457],[-86.6050798624352,36.1050913580175]]]},"properties":{"id":"163117","parcel":"136030A07300CO","address":"4000 ANDERSON RD 73","owner":"ABOOD, HUDA AL","point":[-86.60513181707105,36.10504977508366]}},{"type":"Feature","id":"163120","geometry":{"type":"Polygon","coordinates":[[[-86.6050725448889,36.1051529317672],[-86.6050798624352,36.1050913580175],[-86.6051889306996,36.1050998784457],[-86.6051851016133,36.1051303903896],[-86.6051736092735,36.1051326453592],[-86.6051684126735,36.1051615130345],[-86.6050725448889,36.1051529317672]]]},"properties":{"id":"163120","parcel":"136030A07400CO","address":"4000 ANDERSON RD 74","owner":"FAULKNER, MARIA","point":[-86.60513204800779,36.10511495327769]}},{"type":"Feature","id":"163123","geometry":{"type":"Polygon","coordinates":[[[-86.6049054451047,36.1055699529704],[-86.6049160212875,36.1054918822389],[-86.6049918934608,36.1054975455817],[-86.6049851144271,36.1055852111373],[-86.6049431122449,36.1055815788069],[-86.6049430410828,36.1055722365814],[-86.6049054451047,36.1055699529704]]]},"properties":{"id":"163123","parcel":"136030A08300CO","address":"4000 ANDERSON RD 83","owner":"DOZIER-DOLAN, VIRGINIA L.","point":[-86.60494972514421,36.10553375276533]}},{"type":"Feature","id":"163126","geometry":{"type":"Polygon","coordinates":[[[-86.6049851144271,36.1055852111373],[-86.6049918934608,36.1054975455817],[-86.6050735249504,36.1055037288562],[-86.6050626059994,36.1055812515459],[-86.605027039334,36.1055784080158],[-86.6050247467469,36.1055885840593],[-86.6049851144271,36.1055852111373]]]},"properties":{"id":"163126","parcel":"136030A08400CO","address":"4000 ANDERSON RD 84","owner":"SMITH, PAMELA G.","point":[-86.60502840051751,36.105540996308235]}},{"type":"Feature","id":"163129","geometry":{"type":"Polygon","coordinates":[[[-86.6053428883536,36.1030475816506],[-86.6053505766439,36.1029904060006],[-86.6054481177437,36.1029965091518],[-86.605440426212,36.1030536875284],[-86.6053428883536,36.1030475816506]]]},"properties":{"id":"163129","parcel":"136030A08700CO","address":"3880 PRIEST LAKE DR 3","owner":"HOLLIS, CHARLES THOMAS & TUCKER, BRIGITT","point":[-86.60539550240397,36.10302204541073]}},{"type":"Feature","id":"163132","geometry":{"type":"Polygon","coordinates":[[[-86.6052791855302,36.1032171242715],[-86.6052841663019,36.1031599595136],[-86.6053789967195,36.1031660772277],[-86.6053713051147,36.1032232546962],[-86.6052791855302,36.1032171242715]]]},"properties":{"id":"163132","parcel":"136030A09000CO","address":"3880 PRIEST LAKE DR 6","owner":"CARTER, JULIE","point":[-86.60532848287579,36.103191598756595]}},{"type":"Feature","id":"163135","geometry":{"type":"Polygon","coordinates":[[[-86.6052525241541,36.103272199637],[-86.605271480435,36.1032721044985],[-86.6053663109786,36.1032782213212],[-86.6053586394402,36.1033375968895],[-86.6052746401809,36.1033314229956],[-86.6052745229627,36.1033160424722],[-86.6052501336848,36.1033139675763],[-86.6052525241541,36.103272199637]]]},"properties":{"id":"163135","parcel":"136030A09200CO","address":"3880 PRIEST LAKE DR 8","owner":"CURZ, FERNANDO DE LA & VILMA DE LA","point":[-86.60530757266785,36.10329609232286]}},{"type":"Feature","id":"163138","geometry":{"type":"Polygon","coordinates":[[[-86.6052949498184,36.1035093349382],[-86.6052999339287,36.1034521701671],[-86.6053974722807,36.103458276079],[-86.6053898007276,36.1035176489428],[-86.6052949498184,36.1035093349382]]]},"properties":{"id":"163138","parcel":"136030A09400CO","address":"3880 PRIEST LAKE DR 10","owner":"SOVINE, NANCYE ELIZABETH","point":[-86.60534567149821,36.103483803742535]}},{"type":"Feature","id":"163206","geometry":{"type":"Polygon","coordinates":[[[-86.6052008854363,36.1043141526976],[-86.6052031408811,36.1042548043346],[-86.60530064447,36.1042565122956],[-86.6052981735828,36.104287292321],[-86.6053117149083,36.1042872243553],[-86.6053119494031,36.1043179908019],[-86.6052008854363,36.1043141526976]]]},"properties":{"id":"163206","parcel":"136030A10500CO","address":"3880 PRIEST LAKE DR 21","owner":"CHENG, DAVID & HANG, YAN","point":[-86.60525095945712,36.10427168641147]}},{"type":"Feature","id":"163209","geometry":{"type":"Polygon","coordinates":[[[-86.6047507972474,36.1042438878663],[-86.6047505629703,36.104213121418],[-86.604766827501,36.104215237159],[-86.6047665932245,36.1041844716117],[-86.60486410007,36.1041861826127],[-86.6048618599631,36.104247723687],[-86.6047507972474,36.1042438878663]]]},"properties":{"id":"163209","parcel":"136030A11100CO","address":"3880 PRIEST LAKE DR 27","owner":"AGAR, JACOB","point":[-86.60480659827196,36.10422972013355]}},{"type":"Feature","id":"163212","geometry":{"type":"Polygon","coordinates":[[[-86.6047608902045,36.1037911174962],[-86.6047660554656,36.1037581266662],[-86.6048771342579,36.1037641623945],[-86.604869509185,36.1038301304946],[-86.6047746813523,36.1038240132654],[-86.6047771546559,36.1037932341373],[-86.6047608902045,36.1037911174962]]]},"properties":{"id":"163212","parcel":"136030A11600CO","address":"3880 PRIEST LAKE DR 32","owner":"HEADD, MYRON L, SR","point":[-86.60482393824475,36.10380878208732]}},{"type":"Feature","id":"163215","geometry":{"type":"Polygon","coordinates":[[[-86.6048102501046,36.1035161622218],[-86.6048127412213,36.1034875794014],[-86.6047964924601,36.1034876608894],[-86.604801624215,36.1034502747189],[-86.6049127204323,36.1034585085282],[-86.6049050819941,36.1035222766976],[-86.6048102501046,36.1035161622218]]]},"properties":{"id":"163215","parcel":"136030A12000CO","address":"3880 PRIEST LAKE DR 36","owner":"BURGESS, HOLLY R. & HAYLI","point":[-86.60485474407736,36.103473017636475]}},{"type":"Feature","id":"163278","geometry":{"type":"Polygon","coordinates":[[[-86.6042591340254,36.1029804958386],[-86.6042692630993,36.1028881430911],[-86.6043071922054,36.1028901512396],[-86.604301893042,36.1029055616094],[-86.6043479459165,36.1029075281362],[-86.6043404074293,36.1029844840924],[-86.6042591340254,36.1029804958386]]]},"properties":{"id":"163278","parcel":"136030A00200CO","address":"4000 ANDERSON RD 2","owner":"HENSLEY, ERIC D. & PORSHA O.","point":[-86.60430375447409,36.10294401270418]}},{"type":"Feature","id":"163279","geometry":{"type":"Polygon","coordinates":[[[-86.6049632086125,36.1058207458006],[-86.6030614162221,36.1050237279991],[-86.6036597566592,36.1039328894685],[-86.6037125540081,36.1038326119263],[-86.6037618706068,36.1037311729199],[-86.6038076693236,36.103628653754],[-86.603849913014,36.1035251339305],[-86.6038885689968,36.1034206956326],[-86.6039236068057,36.1033154201306],[-86.6039549993201,36.1032093904808],[-86.6039827205173,36.1031026879306],[-86.6040067510653,36.1029953972991],[-86.6040270705223,36.1028876034105],[-86.6040436639925,36.1027793901597],[-86.6040469117832,36.1027677591964],[-86.6040525531937,36.1027567480357],[-86.6040604240729,36.102746677451],[-86.60407029343,36.1027378415124],[-86.6040818733693,36.1027304994255],[-86.6040948245667,36.1027248655897],[-86.6041087695557,36.1027211041245],[-86.6041233004669,36.102719324324],[-86.6041379923544,36.1027195805908],[-86.6042246948517,36.1027252721669],[-86.6048532881247,36.1027665439184],[-86.6049227647981,36.1027718815666],[-86.6049925194377,36.1027736144936],[-86.6050622687587,36.102771733305],[-86.6051317273923,36.1027662466427],[-86.6052006145153,36.1027571766458],[-86.6052686483042,36.1027445598791],[-86.6053355526123,36.1027284491028],[-86.6054010547077,36.1027089078756],[-86.6054648875495,36.1026860177535],[-86.6055267919544,36.102659871069],[-86.6056116440226,36.1027781191295],[-86.6053805852442,36.1044407149766],[-86.6055350447509,36.1044531260409],[-86.6050603329883,36.1058609158317],[-86.6049632086125,36.1058207458006]],[[-86.6049918934608,36.1054975455817],[-86.6049160212875,36.1054918822389],[-86.6048391308405,36.1054859499687],[-86.6047615640643,36.1054800228436],[-86.6046850144452,36.1054743609501],[-86.6046054143007,36.1054681672293],[-86.6045261538761,36.1054622457398],[-86.6044550227849,36.1054568332299],[-86.6044403793967,36.105534374528],[-86.6044749330257,36.1055374981963],[-86.6044777222081,36.1055481976328],[-86.6045173618687,36.1055523944469],[-86.6045536122405,36.1055560584622],[-86.6045572419955,36.1055436802271],[-86.6045968637997,36.1055456771004],[-86.6046341167175,36.1055476885409],[-86.6046342066436,36.1055595001567],[-86.6046731667593,36.1055634254387],[-86.6047128043448,36.1055673473111],[-86.6047157816986,36.1055582673917],[-86.6047526896129,36.1055594558619],[-86.604785197332,36.1055606663867],[-86.6047883305872,36.1055719138665],[-86.6048266165824,36.1055758424795],[-86.6048645549636,36.1055797728238],[-86.6048688664314,36.1055676633441],[-86.6049054451047,36.1055699529704],[-86.6049430410828,36.1055722365814],[-86.6049431122449,36.1055815788069],[-86.6049851144271,36.1055852111373],[-86.6050247467469,36.1055885840593],[-86.605027039334,36.1055784080158],[-86.6050626059994,36.1055812515459],[-86.6050735249504,36.1055037288562],[-86.6049918934608,36.1054975455817]],[[-86.6043769143386,36.1054690376524],[-86.6043171284936,36.1054415915969],[-86.6042522408048,36.1054114239976],[-86.6041931280683,36.1053839745081],[-86.6041326584904,36.1053559829121],[-86.6040840530318,36.105419134246],[-86.6041469010215,36.105448213503],[-86.6042053321422,36.105475116654],[-86.6042688565754,36.1055041924586],[-86.6043296628258,36.1055321822991],[-86.6043769143386,36.1054690376524]],[[-86.6040354853237,36.1052647165818],[-86.6039753493323,36.1052361734602],[-86.6039525493687,36.1052651319411],[-86.6038910587493,36.1052360466869],[-86.6038302368776,36.105206682264],[-86.6037704418248,36.1051784122214],[-86.6037092846424,36.1051490494162],[-86.6036600276801,36.1052155006946],[-86.6037205053427,36.1052445920382],[-86.6037847227344,36.1052753121534],[-86.6038455369989,36.1053044017492],[-86.6039016001197,36.1053313169037],[-86.6039257443419,36.1053015279393],[-86.6039889392676,36.1053317041916],[-86.604049418243,36.1053607944626],[-86.6040959589659,36.1052932561795],[-86.6040354853237,36.1052647165818]],[[-86.6046307162341,36.1051455329085],[-86.6046161607893,36.105145605881],[-86.6046106712792,36.1051805207306],[-86.6046058404141,36.1052129609905],[-86.6046275172034,36.1052147747297],[-86.6046223258653,36.105243922649],[-86.6047161486488,36.1052511418915],[-86.6047237907162,36.1051873710412],[-86.6047311074461,36.1051258000225],[-86.6047384294545,36.1050647778504],[-86.6047460556024,36.1049993586492],[-86.6047533848497,36.1049394359896],[-86.6047607068238,36.1048784138133],[-86.6046702641169,36.1048709009694],[-86.6046620272935,36.1049006103334],[-86.6046437564477,36.1049018005879],[-86.6046402626953,36.1049320368472],[-86.6046364490238,36.1049647459974],[-86.6046564366716,36.104966294213],[-86.6046519098589,36.1049946114362],[-86.6046474072956,36.1050256765153],[-86.6046281118648,36.1050257732538],[-86.604623613469,36.1050573871853],[-86.6046197841607,36.1050878982104],[-86.6046387648642,36.1050910999033],[-86.6046345759223,36.1051188665566],[-86.6046307162341,36.1051455329085]],[[-86.6044498627886,36.1050456214149],[-86.6043890409922,36.1050159832851],[-86.6044094560854,36.104985113357],[-86.6043465958226,36.1049543858701],[-86.6042847548714,36.1049242030189],[-86.60422631479,36.1048959264113],[-86.6041644739302,36.104865743498],[-86.6041111717029,36.1049344134352],[-86.6041743673807,36.1049648635749],[-86.6042358633238,36.1049942244485],[-86.6042960034088,36.1050233171967],[-86.6043595369779,36.1050534906584],[-86.6043350572062,36.1050841060578],[-86.6043985929375,36.1051145552771],[-86.6044590698123,36.1051433713681],[-86.6045110222507,36.1050752578215],[-86.6044498627886,36.1050456214149]],[[-86.6039885647403,36.1048817335306],[-86.6040025515991,36.1048514456402],[-86.6039916886787,36.1048473794297],[-86.6040077548535,36.1048233999415],[-86.6040237721127,36.1047925521033],[-86.604037342513,36.1047968796383],[-86.6040533408221,36.1047638345902],[-86.6040666471056,36.1047330003243],[-86.6040557977158,36.1047308573659],[-86.6040691207052,36.1047022203165],[-86.6040824436918,36.1046735841666],[-86.6040960174068,36.1046779116784],[-86.6041120323811,36.1046470638386],[-86.6041280629533,36.1046184141203],[-86.6041144892468,36.1046140866121],[-86.6041305042079,36.1045832396706],[-86.6040409035572,36.1045529208609],[-86.6040088746826,36.1046146156139],[-86.6039795210611,36.1046719023578],[-86.6039501829959,36.1047313863163],[-86.6039181550893,36.1047930810369],[-86.6038877663423,36.1048478998488],[-86.6038594130038,36.1049032582366],[-86.6039469857795,36.1049341371111],[-86.6039576534474,36.1049123810642],[-86.6039739055713,36.1049128494496],[-86.6039885647403,36.1048817335306]],[[-86.6035792622765,36.1047442315724],[-86.6036085995137,36.1046847477098],[-86.603637954518,36.1046274610509],[-86.6036672916682,36.1045679771723],[-86.603696629885,36.1045084932802],[-86.6037259836569,36.1044512075041],[-86.603639108731,36.1044230729536],[-86.6036203693067,36.1044517361658],[-86.603609521071,36.1044495922602],[-86.6035961812727,36.1044760338459],[-86.6035801660913,36.1045068762111],[-86.6035910321643,36.1045112200346],[-86.6035777090483,36.104539858835],[-86.6035643858815,36.1045684922263],[-86.6035535176015,36.1045641511153],[-86.6035347814516,36.1045928151978],[-86.6035214738677,36.1046236485104],[-86.6035323399329,36.1046279896354],[-86.6035190167555,36.1046566257248],[-86.6035056935754,36.1046852627137],[-86.6034921198913,36.1046809351355],[-86.6034788000224,36.1047095712034],[-86.6034627825683,36.1047404189698],[-86.6034736475357,36.1047447601055],[-86.603460307622,36.1047711989704],[-86.6035525992089,36.1047993065411],[-86.6035792622765,36.1047442315724]],[[-86.6040942622388,36.1044471651285],[-86.6040675996349,36.1045022411164],[-86.604157183517,36.1045303617882],[-86.6041705231376,36.1045039201409],[-86.6041813881319,36.1045082639168],[-86.6041974197617,36.1044796141827],[-86.6042107426578,36.1044509771159],[-86.6041971689754,36.1044466496168],[-86.6042131805389,36.1044158026797],[-86.6042265056468,36.1043871665007],[-86.6042427880268,36.1043914795239],[-86.6042588017827,36.1043606325692],[-86.6042721246368,36.1043319954948],[-86.6042585509782,36.1043276689037],[-86.6042718738268,36.104299031829],[-86.6042878875528,36.1042681848697],[-86.6043014612028,36.1042725114576],[-86.6043148018701,36.104246073392],[-86.6043308345025,36.1042174227315],[-86.6043172419131,36.1042108980395],[-86.6043305836686,36.1041844590649],[-86.6042436898821,36.1041541277418],[-86.6042143198771,36.1042092164308],[-86.6041849821586,36.1042687004533],[-86.6041556287852,36.1043259863437],[-86.6041263077004,36.1043876684686],[-86.6040942622388,36.1044471651285]],[[-86.6037793092809,36.1043410574738],[-86.603808664035,36.1042837707684],[-86.6038380009303,36.1042242868432],[-86.6038673388923,36.1041648029045],[-86.6038966924141,36.1041075170819],[-86.6039260469972,36.1040502303446],[-86.6038418800291,36.1040220823784],[-86.6038258327685,36.1040485348455],[-86.6038122591758,36.1040442073026],[-86.6037989361974,36.1040728434271],[-86.6037829212171,36.1041036912297],[-86.6037965115232,36.1041102159933],[-86.6037804809339,36.1041388656711],[-86.6037671579349,36.1041675026926],[-86.6037535843251,36.1041631751433],[-86.6037375526197,36.1041918275243],[-86.603724229569,36.1042204609358],[-86.603737819897,36.1042269866069],[-86.603721789263,36.1042556362762],[-86.6037084517353,36.1042820751607],[-86.603694875888,36.104277747616],[-86.603678860826,36.1043085954032],[-86.6036655377551,36.1043372315111],[-86.6036791113898,36.1043415590702],[-86.6036657883135,36.1043701951778],[-86.6037499555881,36.1043983432644],[-86.6037793092809,36.1043410574738]],[[-86.6042211898271,36.1040443564908],[-86.6042487048991,36.1041013583759],[-86.6043405612039,36.1040723286849],[-86.6043267367472,36.1040350375322],[-86.6043375347866,36.1040305897214],[-86.6043265193543,36.1040064682989],[-86.6043127450863,36.1039757705986],[-86.6042992372571,36.1039802337881],[-86.6042854629973,36.1039495351833],[-86.6042689811619,36.1039188501433],[-86.6042797802856,36.1039144005294],[-86.6042660060516,36.1038837028231],[-86.6042522485456,36.1038552023325],[-86.6042414327046,36.1038574538252],[-86.6042276919286,36.1038311505491],[-86.604211226863,36.103802663619],[-86.6042220248635,36.1037982140157],[-86.604208265167,36.1037697135306],[-86.6041944932001,36.1037390149026],[-86.6041836773732,36.1037412663902],[-86.604164554914,36.1037193855716],[-86.6040754065542,36.1037484042727],[-86.6041029046854,36.103803206274],[-86.6041304363029,36.1038624054071],[-86.6041579512398,36.1039194064142],[-86.60418820836,36.1039807900814],[-86.6042211898271,36.1040443564908]],[[-86.6047660554656,36.1037581266662],[-86.6047608902045,36.1037911174962],[-86.6047771546559,36.1037932341373],[-86.6047746813523,36.1038240132654],[-86.604869509185,36.1038301304946],[-86.6048771342579,36.1037641623945],[-86.6048847894628,36.1037025896457],[-86.6048897203373,36.1036388323573],[-86.6048973922554,36.1035794568233],[-86.6048025446557,36.1035711424148],[-86.604800088108,36.1036041196639],[-86.6047838225842,36.1036020030314],[-86.6047813492959,36.1036327830624],[-86.6047762007879,36.1036679720128],[-86.6047897576298,36.1036701013289],[-86.6047872508708,36.1036964860233],[-86.6047820688837,36.1037272787359],[-86.6047712196119,36.1037251358413],[-86.6047660554656,36.1037581266662]],[[-86.6044666997072,36.1035662325051],[-86.6043934659223,36.1035512166344],[-86.6043175245849,36.1035362133855],[-86.6042415988826,36.103523407312],[-86.6041656576073,36.1035084048687],[-86.6040870076714,36.1034934150443],[-86.6040632044886,36.1035682542377],[-86.6041011662366,36.1035746577927],[-86.6040985589535,36.1035878564638],[-86.6041419536891,36.1035964300925],[-86.6041826241363,36.1036028191513],[-86.6041852492319,36.1035918176905],[-86.6042177958433,36.1035982474367],[-86.6042476371054,36.103604690729],[-86.6042422843933,36.1036135085562],[-86.6042938208268,36.1036242386385],[-86.6043317837239,36.103630641214],[-86.6043344244155,36.1036218378745],[-86.6043723873147,36.1036282404372],[-86.604399500971,36.1036325000598],[-86.6043995845912,36.1036434879502],[-86.6044402550832,36.103649876922],[-86.604480945637,36.103658463081],[-86.6044835662509,36.1036474616361],[-86.604521545906,36.1036560622706],[-86.6045399168015,36.1035790520149],[-86.6044666997072,36.1035662325051]],[[-86.6048102501046,36.1035161622218],[-86.6049050819941,36.1035222766976],[-86.6049127204323,36.1034585085282],[-86.6049176680254,36.1033969511561],[-86.6049253063865,36.1033331757739],[-86.6049302539826,36.1032716211031],[-86.6049378923559,36.1032078502244],[-86.6049428365547,36.1031462892592],[-86.6048479916818,36.1031379739731],[-86.6048455519,36.1031731484445],[-86.6048292875806,36.1031710327136],[-86.6048267942517,36.1031996146465],[-86.6048243734196,36.1032369872248],[-86.6048406210189,36.1032369057386],[-86.6048381142904,36.1032632904368],[-86.6048329156182,36.1032918859373],[-86.6048166680076,36.1032919674225],[-86.6048142103638,36.1033249446797],[-86.6048090953624,36.1033645289709],[-86.6048253440983,36.1033644474812],[-86.6048228362502,36.1033908321838],[-86.6048203629768,36.1034216113159],[-86.6048041153396,36.1034216927994],[-86.604801624215,36.1034502747189],[-86.6047964924601,36.1034876608894],[-86.6048127412213,36.1034875794014],[-86.6048102501046,36.1035161622218]],[[-86.6046037051622,36.1034205003943],[-86.6046089028149,36.1033919049102],[-86.6045953326234,36.1033875774381],[-86.604603203273,36.103354573049],[-86.6046084176486,36.1033281747821],[-86.6046192668618,36.1033303176916],[-86.6046271229893,36.1032951160716],[-86.6046323027803,36.1032643224721],[-86.6046187649603,36.1032643903448],[-86.6046266378091,36.103231385942],[-86.6046345284896,36.1032005787506],[-86.6046453765823,36.1032027225647],[-86.6046532326788,36.1031675200406],[-86.604661140078,36.1031389109661],[-86.60464487466,36.1031367952159],[-86.6046527809416,36.103108185246],[-86.6045633166994,36.1030954481555],[-86.6045502116149,36.1031526527076],[-86.6045371734323,36.1032186488325],[-86.6045241017648,36.1032802487168],[-86.6045083213999,36.1033418621762],[-86.6044952664206,36.1034056601745],[-86.6044821946898,36.1034672600514],[-86.6045716604553,36.1034799980966],[-86.6045822743679,36.1034513745604],[-86.6045958177727,36.103451306664],[-86.6046037051622,36.1034205003943]],[[-86.605337907645,36.103104748215],[-86.6052918345471,36.1031005839642],[-86.6052841663019,36.1031599595136],[-86.6052791855302,36.1032171242715],[-86.605271480435,36.1032721044985],[-86.6052525241541,36.103272199637],[-86.6052501336848,36.1033139675763],[-86.6052745229627,36.1033160424722],[-86.6052746401809,36.1033314229956],[-86.6053586394402,36.1033375968895],[-86.6053663109786,36.1032782213212],[-86.6053713051147,36.1032232546962],[-86.6053789967195,36.1031660772277],[-86.6053866682261,36.1031067016556],[-86.6054327380146,36.1031108676895],[-86.605440426212,36.1030536875284],[-86.6054481177437,36.1029965091518],[-86.6054531285626,36.1029437406386],[-86.6054607999924,36.1028843650586],[-86.6053740769194,36.1028760094111],[-86.6053715201286,36.1028958015681],[-86.6053444401731,36.1028959375002],[-86.6053393254567,36.1029355209167],[-86.6053555741044,36.1029354393556],[-86.6053505766439,36.1029904060006],[-86.6053428883536,36.1030475816506],[-86.605337907645,36.103104748215]],[[-86.6049549570586,36.1029594262643],[-86.6048763912235,36.1029554275483],[-86.6048005340258,36.1029514106908],[-86.6047219514489,36.1029452110512],[-86.6047144133205,36.1030221670301],[-86.6047550500576,36.1030241614611],[-86.6047551504574,36.1030373465707],[-86.6047930785365,36.1030393545718],[-86.6048310077212,36.1030413616541],[-86.6048336148647,36.1030281629654],[-86.6048661278225,36.1030301972006],[-86.6049067813028,36.1030343887982],[-86.6049068649926,36.1030453766899],[-86.6049475184622,36.1030495655701],[-86.6049854476762,36.1030515753076],[-86.6049880726424,36.1030405738277],[-86.6050259839835,36.1030403836365],[-86.6050335385504,36.1029656248564],[-86.6049549570586,36.1029594262643]],[[-86.6045808509712,36.1029085580606],[-86.6045347813653,36.1029043944049],[-86.6045321909011,36.1029197903055],[-86.6045023855492,36.1029177424085],[-86.6044590413275,36.1029157623644],[-86.604461631799,36.1029003655642],[-86.6044291188979,36.1028983303187],[-86.6043857579473,36.1028941503265],[-86.6043804588126,36.1029095625023],[-86.6043479459165,36.1029075281362],[-86.604301893042,36.1029055616094],[-86.6043071922054,36.1028901512396],[-86.6042692630993,36.1028881430911],[-86.6042231935217,36.1028839793164],[-86.604217912169,36.102901586895],[-86.6041881068252,36.1028995380191],[-86.6041805681908,36.1029764948668],[-86.6042591340254,36.1029804958386],[-86.6043404074293,36.1029844840924],[-86.6044216975632,36.1029906695093],[-86.6044948472107,36.1029946983742],[-86.6045734130861,36.1029987000425],[-86.6046465627486,36.1030027288154],[-86.604654117669,36.1029279700583],[-86.6046188961092,36.1029259511483],[-86.6046187789844,36.1029105661166],[-86.6045808509712,36.1029085580606]],[[-86.6052999339287,36.1034521701671],[-86.6052949498184,36.1035093349382],[-86.6052872480374,36.1035643151455],[-86.6052822504901,36.1036192817791],[-86.6052772529357,36.1036742484117],[-86.6052695477948,36.1037292286324],[-86.6052645502248,36.103784195263],[-86.6052568785614,36.1038435708172],[-86.6053517097932,36.1038496885518],[-86.6053593981342,36.1037925102089],[-86.6053643788842,36.1037353454559],[-86.60537208396,36.1036803652293],[-86.6053770814491,36.1036253985928],[-86.605384803261,36.1035726164826],[-86.6053898007276,36.1035176489428],[-86.6053974722807,36.103458276079],[-86.605405143788,36.1033988987076],[-86.6053076055221,36.1033927946043],[-86.6052999339287,36.1034521701671]],[[-86.6047543192744,36.1039955337149],[-86.6047545702973,36.1040284991847],[-86.6047708381083,36.104030613106],[-86.6047710389226,36.1040569842198],[-86.6047685656152,36.1040877642471],[-86.6047522999931,36.1040856476106],[-86.6047525510087,36.1041186121783],[-86.6047528187281,36.1041537703581],[-86.6047663756729,36.1041559023802],[-86.6047665932245,36.1041844716117],[-86.604766827501,36.104215237159],[-86.6047505629703,36.104213121418],[-86.6047507972474,36.1042438878663],[-86.604748356278,36.1042790623315],[-86.6047646219533,36.1042811807709],[-86.6047648562018,36.1043119427125],[-86.6047623817873,36.1043427245456],[-86.6047461172237,36.1043406079029],[-86.6047463682306,36.1043735715674],[-86.6047439105105,36.1044065470118],[-86.6047601594597,36.1044064655309],[-86.604763118111,36.1044394201234],[-86.6048579165205,36.1044411402062],[-86.6048601398605,36.1043773965104],[-86.6048596544935,36.1043136673001],[-86.6048618599631,36.104247723687],[-86.60486410007,36.1041861826127],[-86.6048635979393,36.1041202525772],[-86.6048658368757,36.1040587042966],[-86.6048653682747,36.1039971768048],[-86.6048676250512,36.1039378257341],[-86.604772826118,36.1039361038618],[-86.6047730436507,36.1039646703911],[-86.6047567791849,36.1039625564533],[-86.6047543192744,36.1039955337149]],[[-86.6052071337324,36.1040679830518],[-86.6052049117833,36.1041317258521],[-86.6052053806894,36.1041932587479],[-86.6052031408811,36.1042548043346],[-86.6052008854363,36.1043141526976],[-86.6051987137197,36.1043844889476],[-86.6052962196889,36.1043861969009],[-86.6052959517075,36.1043510360207],[-86.6053094919333,36.1043509680609],[-86.6053119494031,36.1043179908019],[-86.6053117149083,36.1042872243553],[-86.6052981735828,36.104287292321],[-86.60530064447,36.1042565122956],[-86.6053004099866,36.1042257467497],[-86.6053139535228,36.1042256787726],[-86.6053137022808,36.1041927151082],[-86.6053134845324,36.1041641458778],[-86.6053026351866,36.1041620030312],[-86.6053024006959,36.1041312365834],[-86.6053021829586,36.1041026682537],[-86.6053184318451,36.1041025866976],[-86.6053181638548,36.1040674258149],[-86.6053179293583,36.1040366593664],[-86.6053043891861,36.1040367273271],[-86.6053042049412,36.1040125534313],[-86.6052094070199,36.1040108318967],[-86.6052071337324,36.1040679830518]],[[-86.6050944901552,36.1049673930973],[-86.6050871705373,36.1050286919724],[-86.6050798624352,36.1050913580175],[-86.6050725448889,36.1051529317672],[-86.6050652397422,36.1052164260633],[-86.6050576004213,36.1052796471466],[-86.605150784755,36.1052915414473],[-86.605158655489,36.1052582621492],[-86.605169145317,36.1052576597365],[-86.6051743188754,36.1052257675094],[-86.6051801520386,36.1051916746712],[-86.605163887297,36.1051895589865],[-86.6051684126735,36.1051615130345],[-86.6051736092735,36.1051326453592],[-86.6051851016133,36.1051303903896],[-86.6051889306996,36.1050998784457],[-86.6051934090506,36.1050655175164],[-86.6051761386013,36.1050647795172],[-86.6051816698257,36.1050350809915],[-86.6051865264379,36.1050064890074],[-86.6052000637037,36.1050058722008],[-86.6052049047801,36.1049748054011],[-86.6052097584211,36.1049453878654],[-86.6051911079613,36.1049413608426],[-86.6051976489721,36.104911110176],[-86.6051021252279,36.1049036222519],[-86.6050944901552,36.1049673930973]]]},"properties":{"id":"163279","parcel":"136030A13000CO","address":"3880 PRIEST LAKE DR","owner":"O.I.C PRIEST LAKE CONDO P-1","point":[-86.60452999294498,36.10425613886012]}},{"type":"Feature","id":"163281","geometry":{"type":"Polygon","coordinates":[[[-86.6044948472107,36.1029946983742],[-86.6045023855492,36.1029177424085],[-86.6045321909011,36.1029197903055],[-86.6045347813653,36.1029043944049],[-86.6045808509712,36.1029085580606],[-86.6045734130861,36.1029987000425],[-86.6044948472107,36.1029946983742]]]},"properties":{"id":"163281","parcel":"136030A00500CO","address":"4000 ANDERSON RD 5","owner":"K & B PROPERTY INVESTORS, LLC","point":[-86.60453766870664,36.10295732404917]}},{"type":"Feature","id":"163283","geometry":{"type":"Polygon","coordinates":[[[-86.6045734130861,36.1029987000425],[-86.6045808509712,36.1029085580606],[-86.6046187789844,36.1029105661166],[-86.6046188961092,36.1029259511483],[-86.604654117669,36.1029279700583],[-86.6046465627486,36.1030027288154],[-86.6045734130861,36.1029987000425]]]},"properties":{"id":"163283","parcel":"136030A00600CO","address":"4000 ANDERSON RD 6","owner":"ZAPTON, III NICKOLAS","point":[-86.6046134364339,36.10296333397189]}},{"type":"Feature","id":"163284","geometry":{"type":"Polygon","coordinates":[[[-86.6056652216202,36.1037668007851],[-86.6056672755914,36.1036810812907],[-86.6057431178613,36.1036828976756],[-86.6057410628614,36.1037686171769],[-86.6056652216202,36.1037668007851]]]},"properties":{"id":"163284","parcel":"136030B00300CO","address":"3880 PRIEST LAKE DR 48","owner":"JU, PATRICIA H & TERESA LIN","point":[-86.60570416948887,36.10372484923606]}},{"type":"Feature","id":"163286","geometry":{"type":"Polygon","coordinates":[[[-86.6045502116149,36.1031526527076],[-86.6045633166994,36.1030954481555],[-86.6046527809416,36.103108185246],[-86.60464487466,36.1031367952159],[-86.604661140078,36.1031389109661],[-86.6046532326788,36.1031675200406],[-86.6045502116149,36.1031526527076]]]},"properties":{"id":"163286","parcel":"136030A00700CO","address":"4000 ANDERSON RD 7","owner":"ROBINSON, KENDRICK","point":[-86.60460300933303,36.103122339041846]}},{"type":"Feature","id":"163287","geometry":{"type":"Polygon","coordinates":[[[-86.6057410628614,36.1037686171769],[-86.6057431178613,36.1036828976756],[-86.6057430340552,36.1036719097863],[-86.6058757443422,36.103673441339],[-86.6058757946355,36.1036800338923],[-86.6058778687731,36.1036857925152],[-86.6058802575962,36.1036882527035],[-86.6058833164746,36.1036898857626],[-86.605886709884,36.103690967365],[-86.6058842034887,36.103717352082],[-86.6058808184594,36.1037173690882],[-86.6058774439081,36.1037187595805],[-86.6058750886085,36.1037206938268],[-86.6058734170704,36.1037234520058],[-86.605870965136,36.1037569763267],[-86.6058086629163,36.1037550920064],[-86.6058087802385,36.1037704725276],[-86.6057410628614,36.1037686171769]]]},"properties":{"id":"163287","parcel":"136030B00400CO","address":"3880 PRIEST LAKE DR 49","owner":"EDWARDS, MARIA T.","point":[-86.60580822097373,36.103721855696406]}},{"type":"Feature","id":"163289","geometry":{"type":"Polygon","coordinates":[[[-86.6057059398487,36.104489628279],[-86.6057079949052,36.1044039087937],[-86.6058109339926,36.1044077872458],[-86.6058488638565,36.1044097940073],[-86.6058467899692,36.1044933162892],[-86.6057059398487,36.104489628279]]]},"properties":{"id":"163289","parcel":"136030B01100CO","address":"3880 PRIEST LAKE DR 56","owner":"DERRYBERRY, LINDA FAYE","point":[-86.60577738466756,36.10444971110817]}},{"type":"Feature","id":"163292","geometry":{"type":"Polygon","coordinates":[[[-86.6059279345386,36.1030600301007],[-86.6060035068207,36.1030266854372],[-86.6060418049572,36.1030770390387],[-86.6059527731325,36.1031214396668],[-86.6059392867467,36.1031281002362],[-86.6058982810931,36.1030777602059],[-86.6059279345386,36.1030600301007]]]},"properties":{"id":"163292","parcel":"136030B01600CO","address":"3880 PRIEST LAKE DR 61","owner":"COCHRAN, MICHAEL L. & TERRY L., TRS.","point":[-86.60596994497328,36.10307739932134]}},{"type":"Feature","id":"163329","geometry":{"type":"Polygon","coordinates":[[[-86.6042938208268,36.1036242386385],[-86.6043175245849,36.1035362133855],[-86.6043934659223,36.1035512166344],[-86.6043723873147,36.1036282404372],[-86.6043344244155,36.1036218378745],[-86.6043317837239,36.103630641214],[-86.6042938208268,36.1036242386385]]]},"properties":{"id":"163329","parcel":"136030A01500CO","address":"4000 ANDERSON RD 15","owner":"CLARKE, PATRICK B","point":[-86.6043439069694,36.103586461091474]}},{"type":"Feature","id":"163332","geometry":{"type":"Polygon","coordinates":[[[-86.6042177958433,36.1035982474367],[-86.6042415988826,36.103523407312],[-86.6043175245849,36.1035362133855],[-86.6042938208268,36.1036242386385],[-86.6042422843933,36.1036135085562],[-86.6042476371054,36.103604690729],[-86.6042177958433,36.1035982474367]]]},"properties":{"id":"163332","parcel":"136030A01600CO","address":"4000 ANDERSON RD 16","owner":"GIBBS, AMANDA C.","point":[-86.60426841908468,36.103567232927965]}},{"type":"Feature","id":"163334","geometry":{"type":"Polygon","coordinates":[[[-86.6040632044886,36.1035682542377],[-86.6040870076714,36.1034934150443],[-86.6041656576073,36.1035084048687],[-86.6041419536891,36.1035964300925],[-86.6040985589535,36.1035878564638],[-86.6041011662366,36.1035746577927],[-86.6040632044886,36.1035682542377]]]},"properties":{"id":"163334","parcel":"136030A01800CO","address":"4000 ANDERSON RD 18","owner":"ROBINSON, MICAH G & SARAH J","point":[-86.60411516350435,36.10353833198434]}},{"type":"Feature","id":"163337","geometry":{"type":"Polygon","coordinates":[[[-86.6041304363029,36.1038624054071],[-86.6042276919286,36.1038311505491],[-86.6042414327046,36.1038574538252],[-86.6042522485456,36.1038552023325],[-86.6042660060516,36.1038837028231],[-86.6041579512398,36.1039194064142],[-86.6041304363029,36.1038624054071]]]},"properties":{"id":"163337","parcel":"136030A02100CO","address":"4000 ANDERSON RD 21","owner":"LEWIS, MONIA","point":[-86.604198221168,36.103873054134226]}},{"type":"Feature","id":"163339","geometry":{"type":"Polygon","coordinates":[[[-86.606184568541,36.1040410973813],[-86.6060762281664,36.104039443696],[-86.6060599826253,36.1040395253375],[-86.6060591441226,36.1039296464549],[-86.6060727010436,36.1039317756266],[-86.6060770885769,36.1039301060515],[-86.6060804547428,36.1039276160438],[-86.6060831361901,36.1039240317278],[-86.6061186874745,36.1039249517067],[-86.606120066428,36.1039282416296],[-86.6061238048634,36.103930145254],[-86.6061295524755,36.103929292604],[-86.6061728984025,36.1039312720415],[-86.6061705922629,36.1039840278804],[-86.6061868411243,36.1039839462073],[-86.606184568541,36.1040410973813]]]},"properties":{"id":"163339","parcel":"136030B02600CO","address":"3880 PRIEST LAKE DR 71","owner":"GROSS, DENNIS F. & CHERYL L.","point":[-86.60611554387322,36.10395781416169]}},{"type":"Feature","id":"163340","geometry":{"type":"Polygon","coordinates":[[[-86.60418820836,36.1039807900814],[-86.6042854629973,36.1039495351833],[-86.6042992372571,36.1039802337881],[-86.6043127450863,36.1039757705986],[-86.6043265193543,36.1040064682989],[-86.6042211898271,36.1040443564908],[-86.60418820836,36.1039807900814]]]},"properties":{"id":"163340","parcel":"136030A02300CO","address":"4000 ANDERSON RD 23","owner":"B&B REAL ESTATE INVESTMENTS, LLC","point":[-86.60425780755293,36.103993630675554]}},{"type":"Feature","id":"163342","geometry":{"type":"Polygon","coordinates":[[[-86.606032574832,36.1043517321277],[-86.6060677791956,36.1043515552152],[-86.6061707193365,36.1043554324534],[-86.6061686144624,36.1044345593957],[-86.6060277622101,36.1044308717725],[-86.606032574832,36.1043517321277]]]},"properties":{"id":"163342","parcel":"136030B03200CO","address":"3880 PRIEST LAKE DR 77","owner":"SCHWARTZ, ANNE","point":[-86.60609988981173,36.104393154268195]}},{"type":"Feature","id":"163343","geometry":{"type":"Polygon","coordinates":[[[-86.6042143198771,36.1042092164308],[-86.6042436898821,36.1041541277418],[-86.6043305836686,36.1041844590649],[-86.6043172419131,36.1042108980395],[-86.6043308345025,36.1042174227315],[-86.6043148018701,36.104246073392],[-86.6042143198771,36.1042092164308]]]},"properties":{"id":"163343","parcel":"136030A02500CO","address":"4000 ANDERSON RD 25","owner":"GOMEZ, RAMON E DELGADO","point":[-86.60427263039267,36.10419683835193]}},{"type":"Feature","id":"163345","geometry":{"type":"Polygon","coordinates":[[[-86.605989501029,36.1048733443216],[-86.6060012096308,36.1048106524972],[-86.60603679904,36.1048165166882],[-86.606037458622,36.1048143160728],[-86.6061221746682,36.1048254257102],[-86.6061101274366,36.1048881201497],[-86.6060095105045,36.104878189056],[-86.6060091633846,36.1048770912485],[-86.605989501029,36.1048733443216]]]},"properties":{"id":"163345","parcel":"136030B03700CO","address":"3880 PRIEST LAKE DR 82","owner":"CARPENTER, JULIA","point":[-86.60605577273105,36.10484938482027]}},{"type":"Feature","id":"163346","geometry":{"type":"Polygon","coordinates":[[[-86.6040942622388,36.1044471651285],[-86.6041263077004,36.1043876684686],[-86.6042131805389,36.1044158026797],[-86.6041971689754,36.1044466496168],[-86.6042107426578,36.1044509771159],[-86.6041974197617,36.1044796141827],[-86.6040942622388,36.1044471651285]]]},"properties":{"id":"163346","parcel":"136030A02900CO","address":"4000 ANDERSON RD 29","owner":"SPECIALIZED IRA SERVICE FBO ERSKINE RAY PERKINS","point":[-86.6041541018238,36.10443105742828]}},{"type":"Feature","id":"163348","geometry":{"type":"Polygon","coordinates":[[[-86.6056357015276,36.105222627654],[-86.6057008804526,36.1052022470223],[-86.6057311811296,36.1052691206202],[-86.6056649859829,36.1052895090751],[-86.6056357015276,36.105222627654]]]},"properties":{"id":"163348","parcel":"136030B04300CO","address":"3880 PRIEST LAKE DR 88","owner":"PERRY, MICHELE","point":[-86.60568326478058,36.1052458735656]}},{"type":"Feature","id":"163351","geometry":{"type":"Polygon","coordinates":[[[-86.6055503904243,36.1052222295736],[-86.6056257090176,36.1051996025717],[-86.6056357015276,36.105222627654],[-86.6056649859829,36.1052895090751],[-86.6055873026264,36.1053127004547],[-86.6055548776037,36.1052334720393],[-86.6055503904243,36.1052222295736]]]},"properties":{"id":"163351","parcel":"136030B04400CO","address":"3880 PRIEST LAKE DR 89","owner":"SEXTON, LISA & WALTER","point":[-86.60560953265352,36.105261489256044]}},{"type":"Feature","id":"163354","geometry":{"type":"Polygon","coordinates":[[[-86.6055171395223,36.1057006653935],[-86.6056164228471,36.1056688503833],[-86.6056498559251,36.1057469741609],[-86.6056612400691,36.1057749402312],[-86.6055646516907,36.1058050906153],[-86.6055171395223,36.1057006653935]]]},"properties":{"id":"163354","parcel":"136030B04700CO","address":"3880 PRIEST LAKE DR 92","owner":"GRAY, ANGELA CHRISTNE & ROSS, DIANNA M.","point":[-86.60558380868348,36.1057238208192]}},{"type":"Feature","id":"163471","geometry":{"type":"Polygon","coordinates":[[[-86.6043723873147,36.1036282404372],[-86.6043934659223,36.1035512166344],[-86.6044666997072,36.1035662325051],[-86.6044402550832,36.103649876922],[-86.6043995845912,36.1036434879502],[-86.604399500971,36.1036325000598],[-86.6043723873147,36.1036282404372]]]},"properties":{"id":"163471","parcel":"136030A01400CO","address":"4000 ANDERSON RD 14","owner":"CARNEAL, DECARLO MONTEZ","point":[-86.60441888278943,36.1035972342992]}},{"type":"Feature","id":"163474","geometry":{"type":"Polygon","coordinates":[[[-86.6041419536891,36.1035964300925],[-86.6041656576073,36.1035084048687],[-86.6042415988826,36.103523407312],[-86.6042177958433,36.1035982474367],[-86.6041852492319,36.1035918176905],[-86.6041826241363,36.1036028191513],[-86.6041419536891,36.1035964300925]]]},"properties":{"id":"163474","parcel":"136030A01700CO","address":"4000 ANDERSON RD 17","owner":"MOORE, BOB L. & KITTRA M.","point":[-86.60419158132696,36.103557540351744]}},{"type":"Feature","id":"163476","geometry":{"type":"Polygon","coordinates":[[[-86.6040754065542,36.1037484042727],[-86.604164554914,36.1037193855716],[-86.6041836773732,36.1037412663902],[-86.6041944932001,36.1037390149026],[-86.604208265167,36.1037697135306],[-86.6041029046854,36.103803206274],[-86.6040754065542,36.1037484042727]]]},"properties":{"id":"163476","parcel":"136030A01900CO","address":"4000 ANDERSON RD 19","owner":"ISMAIL, HISHYAR","point":[-86.6041421140678,36.10375905983919]}},{"type":"Feature","id":"163479","geometry":{"type":"Polygon","coordinates":[[[-86.6041579512398,36.1039194064142],[-86.6042660060516,36.1038837028231],[-86.6042797802856,36.1039144005294],[-86.6042689811619,36.1039188501433],[-86.6042854629973,36.1039495351833],[-86.60418820836,36.1039807900814],[-86.6041579512398,36.1039194064142]]]},"properties":{"id":"163479","parcel":"136030A02200CO","address":"4000 ANDERSON RD 22","owner":"LEONARD, KYLE","point":[-86.60422137764472,36.103934469727385]}},{"type":"Feature","id":"163483","geometry":{"type":"Polygon","coordinates":[[[-86.6041849821586,36.1042687004533],[-86.6042143198771,36.1042092164308],[-86.6043148018701,36.104246073392],[-86.6043014612028,36.1042725114576],[-86.6042878875528,36.1042681848697],[-86.6042718738268,36.104299031829],[-86.6041849821586,36.1042687004533]]]},"properties":{"id":"163483","parcel":"136030A02600CO","address":"4000 ANDERSON RD 26","owner":"RUGH, PHILIP & KATHRYN","point":[-86.60425003958714,36.10425695968578]}},{"type":"Feature","id":"163962","geometry":{"type":"Polygon","coordinates":[[[-86.6043404074293,36.1029844840924],[-86.6043479459165,36.1029075281362],[-86.6043804588126,36.1029095625023],[-86.6043857579473,36.1028941503265],[-86.6044291188979,36.1028983303187],[-86.6044216975632,36.1029906695093],[-86.6043404074293,36.1029844840924]]]},"properties":{"id":"163962","parcel":"136030A00300CO","address":"4000 ANDERSON RD 3","owner":"STOWELL, KEVIN DAVID","point":[-86.60438463528288,36.102947103211115]}},{"type":"Feature","id":"163964","geometry":{"type":"Polygon","coordinates":[[[-86.6045241017648,36.1032802487168],[-86.6045371734323,36.1032186488325],[-86.6046266378091,36.103231385942],[-86.6046187649603,36.1032643903448],[-86.6046323027803,36.1032643224721],[-86.6046271229893,36.1032951160716],[-86.6045241017648,36.1032802487168]]]},"properties":{"id":"163964","parcel":"136030A00900CO","address":"4000 ANDERSON RD 9","owner":"SCOTT, MELISSA J.","point":[-86.6045768798488,36.1032476806619]}},{"type":"Feature","id":"163968","geometry":{"type":"Polygon","coordinates":[[[-86.6044402550832,36.103649876922],[-86.6044666997072,36.1035662325051],[-86.6045399168015,36.1035790520149],[-86.604521545906,36.1036560622706],[-86.6044835662509,36.1036474616361],[-86.604480945637,36.103658463081],[-86.6044402550832,36.103649876922]]]},"properties":{"id":"163968","parcel":"136030A01300CO","address":"4000 ANDERSON RD 13","owner":"HUGHES, LORETTA C.","point":[-86.60449181831954,36.10361319106648]}},{"type":"Feature","id":"164016","geometry":{"type":"Polygon","coordinates":[[[-86.6042211898271,36.1040443564908],[-86.6043265193543,36.1040064682989],[-86.6043375347866,36.1040305897214],[-86.6043267367472,36.1040350375322],[-86.6043405612039,36.1040723286849],[-86.6042487048991,36.1041013583759],[-86.6042211898271,36.1040443564908]]]},"properties":{"id":"164016","parcel":"136030A02400CO","address":"4000 ANDERSON RD 24","owner":"HENNING, TANIKA & WHITE, TIFFANY","point":[-86.60428164979308,36.10405834515987]}},{"type":"Feature","id":"164017","geometry":{"type":"Polygon","coordinates":[[[-86.6041556287852,36.1043259863437],[-86.6041849821586,36.1042687004533],[-86.6042718738268,36.104299031829],[-86.6042585509782,36.1043276689037],[-86.6042721246368,36.1043319954948],[-86.6042588017827,36.1043606325692],[-86.6041556287852,36.1043259863437]]]},"properties":{"id":"164017","parcel":"136030A02700CO","address":"4000 ANDERSON RD 27","owner":"CHAUDOIN, BRENDA SUE","point":[-86.60421407266229,36.10431251016201]}},{"type":"Feature","id":"164018","geometry":{"type":"Polygon","coordinates":[[[-86.6041263077004,36.1043876684686],[-86.6041556287852,36.1043259863437],[-86.6042588017827,36.1043606325692],[-86.6042427880268,36.1043914795239],[-86.6042265056468,36.1043871665007],[-86.6042131805389,36.1044158026797],[-86.6041263077004,36.1043876684686]]]},"properties":{"id":"164018","parcel":"136030A02800CO","address":"4000 ANDERSON RD 28","owner":"PRESSNELL, ROBERTA","point":[-86.60419246180153,36.104373733742264]}},{"type":"Feature","id":"164113","geometry":{"type":"Polygon","coordinates":[[[-86.6049475184622,36.1030495655701],[-86.6049549570586,36.1029594262643],[-86.6050335385504,36.1029656248564],[-86.6050259839835,36.1030403836365],[-86.6049880726424,36.1030405738277],[-86.6049854476762,36.1030515753076],[-86.6049475184622,36.1030495655701]]]},"properties":{"id":"164113","parcel":"136030A12600CO","address":"3880 PRIEST LAKE DR 42","owner":"POPE, DARLENE D.","point":[-86.60499057172612,36.10300287505705]}},{"type":"Feature","id":"164114","geometry":{"type":"Polygon","coordinates":[[[-86.6048661278225,36.1030301972006],[-86.6048763912235,36.1029554275483],[-86.6049549570586,36.1029594262643],[-86.6049475184622,36.1030495655701],[-86.6049068649926,36.1030453766899],[-86.6049067813028,36.1030343887982],[-86.6048661278225,36.1030301972006]]]},"properties":{"id":"164114","parcel":"136030A12700CO","address":"3880 PRIEST LAKE DR 43","owner":"HILL, AUDRA","point":[-86.60491151431067,36.10299481494545]}},{"type":"Feature","id":"164115","geometry":{"type":"Polygon","coordinates":[[[-86.6047930785365,36.1030393545718],[-86.6048005340258,36.1029514106908],[-86.6048763912235,36.1029554275483],[-86.6048661278225,36.1030301972006],[-86.6048336148647,36.1030281629654],[-86.6048310077212,36.1030413616541],[-86.6047930785365,36.1030393545718]]]},"properties":{"id":"164115","parcel":"136030A12800CO","address":"3880 PRIEST LAKE DR 44","owner":"HUNTER, THELMA SANDERS & PATTERSON, JUDYITH A.","point":[-86.60483425915486,36.10299172684735]}},{"type":"Feature","id":"164116","geometry":{"type":"Polygon","coordinates":[[[-86.6054945816332,36.1037632621395],[-86.6054991434218,36.103651157933],[-86.6055912333429,36.1036528928363],[-86.6055887268507,36.1036792775475],[-86.6055866716842,36.1037649970462],[-86.6054945816332,36.1037632621395]]]},"properties":{"id":"164116","parcel":"136030B00100CO","address":"3880 PRIEST LAKE DR 46","owner":"LEIMBACH, PAUL MICHAEL","point":[-86.60554200645397,36.103721271012496]}},{"type":"Feature","id":"164117","geometry":{"type":"Polygon","coordinates":[[[-86.6057124380145,36.1042764240834],[-86.6057147276884,36.1042214683363],[-86.6058014019789,36.1042232311836],[-86.6057991123443,36.1042781842286],[-86.6057124380145,36.1042764240834]]]},"properties":{"id":"164117","parcel":"136030B00800CO","address":"3880 PRIEST LAKE DR 53","owner":"MALTEZ, LUIS & LATOYA (LE) & WATCHTOWER BIBLE ET AL","point":[-86.60575691997916,36.1042498276418]}},{"type":"Feature","id":"164118","geometry":{"type":"Polygon","coordinates":[[[-86.6057101996936,36.1043379678702],[-86.6057124380145,36.1042764240834],[-86.6057991123443,36.1042781842286],[-86.6058343345475,36.1042802045956],[-86.6058320952311,36.1043417510939],[-86.6058131386956,36.1043418463205],[-86.6057101996936,36.1043379678702]]]},"properties":{"id":"164118","parcel":"136030B00900CO","address":"3880 PRIEST LAKE DR 54","owner":"CAPPS FAMILY TRUST, THE","point":[-86.60577226690884,36.1043090862484]}},{"type":"Feature","id":"164119","geometry":{"type":"Polygon","coordinates":[[[-86.6057149162239,36.102825951936],[-86.6057179258759,36.1028209897356],[-86.6057175209717,36.1028127505349],[-86.6057472112071,36.1027994148918],[-86.6057509495873,36.1028013194295],[-86.6057553528377,36.1028015722004],[-86.6057597424049,36.1028001766126],[-86.6057985294034,36.1027815759952],[-86.6058313608146,36.1028253670228],[-86.6058448504691,36.1028187037444],[-86.6058804229818,36.1028668737894],[-86.6057914113937,36.1029134715017],[-86.6057779384643,36.1029223301892],[-86.6057041184186,36.1028303989703],[-86.6057149162239,36.102825951936]]]},"properties":{"id":"164119","parcel":"136030B01200CO","address":"3880 PRIEST LAKE DR 57","owner":"ABERNATHY, ROGER DALE","point":[-86.60579285257421,36.1028486383266]}},{"type":"Feature","id":"164120","geometry":{"type":"Polygon","coordinates":[[[-86.6059527731325,36.1031214396668],[-86.6060418049572,36.1030770390387],[-86.6060855696815,36.1031339579615],[-86.6059965400385,36.10317835861],[-86.6059527731325,36.1031214396668]]]},"properties":{"id":"164120","parcel":"136030B01700CO","address":"3880 PRIEST LAKE DR 62","owner":"ROWLAND, MEAGAN ELISE","point":[-86.60601917152054,36.10312769883292]}},{"type":"Feature","id":"164121","geometry":{"type":"Polygon","coordinates":[[[-86.6059965400385,36.10317835861],[-86.6060855696815,36.1031339579615],[-86.606137541033,36.1032018266364],[-86.6060188410752,36.1032617584366],[-86.6059668697996,36.103193891514],[-86.6059965400385,36.10317835861]]]},"properties":{"id":"164121","parcel":"136030B01800CO","address":"3880 PRIEST LAKE DR 63","owner":"O'DONNELL, RYAN J.","point":[-86.60605220544907,36.1031978591057]}},{"type":"Feature","id":"164150","geometry":{"type":"Polygon","coordinates":[[[-86.6060532663073,36.104224163045],[-86.6060911625532,36.1042217752964],[-86.606177853623,36.10422573509],[-86.606175615678,36.1042872806888],[-86.6060699847944,36.1042856142787],[-86.6060537190971,36.1042834978178],[-86.6060532663073,36.104224163045]]]},"properties":{"id":"164150","parcel":"136030B03000CO","address":"3880 PRIEST LAKE DR 75","owner":"GRUNOW, ANTHONY SCHROEDER","point":[-86.6061151466362,36.10425461436712]}},{"type":"Feature","id":"164151","geometry":{"type":"Polygon","coordinates":[[[-86.6059974560204,36.1049395090797],[-86.6060095105045,36.104878189056],[-86.6061101274366,36.1048881201497],[-86.6060970819085,36.1049530214112],[-86.6059974560204,36.1049395090797]]]},"properties":{"id":"164151","parcel":"136030B03800CO","address":"3880 PRIEST LAKE DR 83","owner":"KAPFHAMMER, KINSEY R.","point":[-86.60605373457719,36.10491381444015]}},{"type":"Feature","id":"164152","geometry":{"type":"Polygon","coordinates":[[[-86.6056925658041,36.1051772902045],[-86.6057638217407,36.1051546808156],[-86.6057696753339,36.1051675648365],[-86.6058058201559,36.1052462220314],[-86.6057311811296,36.1052691206202],[-86.6057008804526,36.1052022470223],[-86.6056925658041,36.1051772902045]]]},"properties":{"id":"164152","parcel":"136030B04200CO","address":"3880 PRIEST LAKE DR 87","owner":"PERRY, MICHELLE R.","point":[-86.60575328006622,36.105224234307215]}},{"type":"Feature","id":"164334","geometry":{"type":"Polygon","coordinates":[[[-86.606186701059,36.1018368259304],[-86.6061866171934,36.1018258380363],[-86.6061730941756,36.1018281042142],[-86.6061698834813,36.1017621904585],[-86.6061861307776,36.101762108791],[-86.6061858791814,36.1017291451081],[-86.6062806408476,36.1017264705382],[-86.6062838359699,36.1017901870677],[-86.6063054994092,36.1017900781549],[-86.6063055832912,36.101801066049],[-86.606283936622,36.1018033721801],[-86.6062841882591,36.1018363358622],[-86.606186701059,36.1018368259304]]]},"properties":{"id":"164334","parcel":"136030C06000CO","address":"3872 PRIEST LAKE DR","owner":"DORSEY, HELEN","point":[-86.60622684535825,36.10177609868251]}},{"type":"Feature","id":"164335","geometry":{"type":"Polygon","coordinates":[[[-86.6065607650727,36.1001097764172],[-86.6065767434897,36.100074532881],[-86.6065848848771,36.1000766919374],[-86.6066115610246,36.1000238116504],[-86.6066061114376,36.1000194435544],[-86.6066114330415,36.1000070549246],[-86.6067010074509,36.1000346248897],[-86.6066823352159,36.1000718044106],[-86.6067040485457,36.100078287985],[-86.6066987343544,36.1000915003449],[-86.6066770199108,36.1000850167752],[-86.6066530355573,36.1001356844287],[-86.6065607650727,36.1001097764172]]]},"properties":{"id":"164335","parcel":"136030C06500CO","address":"3846 PRIEST LAKE DR","owner":"WEBB, PATRICIA L.","point":[-86.60664427830467,36.10005305907874]}},{"type":"Feature","id":"164439","geometry":{"type":"Polygon","coordinates":[[[-86.6064811893741,36.1003277457425],[-86.6064944939581,36.1002969093722],[-86.6064782123021,36.1002925975499],[-86.6065018424429,36.1002397353132],[-86.6066171770774,36.1002715703882],[-86.6066081927057,36.1002919437936],[-86.6066299060897,36.100298427381],[-86.6066245739786,36.1003094425235],[-86.606602860592,36.1003029589351],[-86.6065921941392,36.1003249892286],[-86.6065840728593,36.1003250300788],[-86.606570751511,36.1003536674371],[-86.6064811893741,36.1003277457425]]]},"properties":{"id":"164439","parcel":"136030C06600CO","address":"3850 PRIEST LAKE DR","owner":"FARR, DEBRA Y.","point":[-86.60655270734077,36.10029497135768]}},{"type":"Feature","id":"164443","geometry":{"type":"Polygon","coordinates":[[[-86.6063774596717,36.1005744059059],[-86.6064040522439,36.1005105395763],[-86.6063986194178,36.1005083695917],[-86.6064052570648,36.1004910290707],[-86.6064968503968,36.1005172154944],[-86.6064775666675,36.1005629141811],[-86.6064992655573,36.1005672005615],[-86.6064966419927,36.1005782020753],[-86.6064749285431,36.1005717184644],[-86.6064509931354,36.1006289777339],[-86.6063614441774,36.100605254089],[-86.6063720436172,36.1005744331392],[-86.6063774596717,36.1005744059059]]]},"properties":{"id":"164443","parcel":"136030C06700CO","address":"3854 PRIEST LAKE DR","owner":"POTTER REALESTATE, LLC","point":[-86.60643954872826,36.100539908308434]}},{"type":"Feature","id":"164447","geometry":{"type":"Polygon","coordinates":[[[-86.6062552601023,36.1008848914224],[-86.6062685648811,36.1008540568838],[-86.6062739809547,36.1008540296552],[-86.6062978662313,36.1007901778662],[-86.6062924333821,36.1007880069758],[-86.6062977320387,36.100772599214],[-86.6063876291187,36.1007979677811],[-86.6063687080235,36.1008469605779],[-86.6063904226502,36.1008534442019],[-86.606387814747,36.1008666456407],[-86.6063633904002,36.1008601738386],[-86.6063474978316,36.1009064043238],[-86.6062552601023,36.1008848914224]]]},"properties":{"id":"164447","parcel":"136030C06800CO","address":"3858 PRIEST LAKE DR","owner":"STOREY, TERRY L.","point":[-86.60633203537147,36.10082231262185]}},{"type":"Feature","id":"164453","geometry":{"type":"Polygon","coordinates":[[[-86.6070104106906,36.1006563810788],[-86.6069127024352,36.1006277536275],[-86.6069220033764,36.1006046315277],[-86.6068785931861,36.1005938616741],[-86.6068839085054,36.1005806511048],[-86.6069029145047,36.1005871464653],[-86.606926865254,36.10053208433],[-86.6069702765277,36.1005428541608],[-86.6069755918077,36.1005296408835],[-86.6070081530793,36.1005382680073],[-86.6070001303261,36.1005514940126],[-86.60706254987,36.1005687618449],[-86.6070305731154,36.1006370500305],[-86.607019724205,36.1006349073364],[-86.6070104106906,36.1006563810788]]]},"properties":{"id":"164453","parcel":"136030C08100CO","address":"3708 COLONIAL HERITAGE DR","owner":"SHENGHUR, SHATIKA","point":[-86.60696603967556,36.10059075104056]}},{"type":"Feature","id":"164457","geometry":{"type":"Polygon","coordinates":[[[-86.6068634711669,36.1007411814318],[-86.6069033679085,36.1006464812886],[-86.6068843618812,36.1006399841258],[-86.6068896603925,36.1006245736338],[-86.6069113738904,36.10063105717],[-86.6069127024352,36.1006277536275],[-86.6070104106906,36.1006563810788],[-86.6069931152869,36.1006965756798],[-86.6069768346186,36.1006922621172],[-86.6069476010361,36.1007649328802],[-86.6068634711669,36.1007411814318]]]},"properties":{"id":"164457","parcel":"136030C08200CO","address":"3710 COLONIAL HERITAGE DR","owner":"CABELLO, MONICA ZARATE","point":[-86.60692964569665,36.1006942374079]}},{"type":"Feature","id":"164463","geometry":{"type":"Polygon","coordinates":[[[-86.606849204339,36.1010005782678],[-86.6068193503812,36.1009919374784],[-86.6068220074972,36.1009853312973],[-86.6067677145833,36.1009680233536],[-86.6067836595077,36.1009283853599],[-86.6067700862871,36.1009240581466],[-86.6067897160525,36.1008791814391],[-86.6069050590223,36.1009121157499],[-86.6068867631765,36.1009542386836],[-86.6069003196118,36.1009563677638],[-86.6068816997289,36.101000414742],[-86.6068545700495,36.1009939584559],[-86.606849204339,36.1010005782678]]]},"properties":{"id":"164463","parcel":"136030C08400CO","address":"3714 COLONIAL HERITAGE DR","owner":"YOUNG, JESSICA M. 2022 REVOCABLE TRUST AGREEMENT","point":[-86.60683541541728,36.10094131270244]}},{"type":"Feature","id":"164465","geometry":{"type":"Polygon","coordinates":[[[-86.6066669117796,36.1012432411498],[-86.6066721756748,36.1012234335343],[-86.6066911650402,36.1012277335111],[-86.6066990200346,36.1011925308364],[-86.6066827392806,36.1011882172346],[-86.606696200103,36.101133482815],[-86.6068426012804,36.1011549977255],[-86.6068422729399,36.1011566478056],[-86.6068205760917,36.1011523614764],[-86.6068074561663,36.101207369083],[-86.6068210294511,36.1012116980943],[-86.6068157812434,36.1012336993354],[-86.6068022415503,36.1012337674644],[-86.6067943161039,36.1012601794855],[-86.6067834872332,36.1012602339724],[-86.6067808133182,36.1012646429336],[-86.6067482842414,36.101260411094],[-86.6067482338772,36.1012538185371],[-86.6066669117796,36.1012432411498]]]},"properties":{"id":"164465","parcel":"136030C08600CO","address":"3718 COLONIAL HERITAGE DR","owner":"PAWLOWSKI, ALICIA NICOLE","point":[-86.60675329368291,36.101199950154374]}},{"type":"Feature","id":"164499","geometry":{"type":"Polygon","coordinates":[[[-86.6066171770774,36.1002715703882],[-86.6065018424429,36.1002397353132],[-86.6065261331791,36.1001846706423],[-86.6065396894803,36.1001868006648],[-86.6065557182765,36.100158150592],[-86.6066425727809,36.1001840849511],[-86.6066319622685,36.1002127086806],[-86.606640117102,36.1002170622655],[-86.606629452899,36.1002390934527],[-86.6066511494806,36.100243378916],[-86.6066458184867,36.100254394054],[-86.6066268293632,36.1002500949703],[-86.6066171770774,36.1002715703882]]]},"properties":{"id":"164499","parcel":"136030C05400CO","address":"3848 PRIEST LAKE DR","owner":"VELKOVSKY, MOMECHIL S. & JULIA A.","point":[-86.6065745112018,36.10021468346787]}},{"type":"Feature","id":"164503","geometry":{"type":"Polygon","coordinates":[[[-86.6062124178707,36.1010372957178],[-86.6062235206959,36.1009839458422],[-86.6062370603469,36.1009838777782],[-86.6062449490759,36.1009530713711],[-86.606339844037,36.1009679781094],[-86.6063346460557,36.100996573691],[-86.6063427863999,36.1009987300652],[-86.6063375391981,36.1010207330836],[-86.6063592359843,36.1010250194998],[-86.6063566112746,36.101036021015],[-86.6063349312668,36.1010339327182],[-86.6063320129913,36.101050704756],[-86.6062124178707,36.1010372957178]]]},"properties":{"id":"164503","parcel":"136030C05700CO","address":"3860 PRIEST LAKE DR","owner":"PROGRESS RESIDENTIAL BORROWER 20 LLC","point":[-86.60627920025803,36.101009531275075]}},{"type":"Feature","id":"164507","geometry":{"type":"Polygon","coordinates":[[[-86.6060723695737,36.1025131837245],[-86.6059836797814,36.1024688514928],[-86.6060178516362,36.1024222543331],[-86.6060314418381,36.1024287788475],[-86.6060528874493,36.1024001016396],[-86.6061208563693,36.1024349231915],[-86.6061021015347,36.1024613886843],[-86.6061075512614,36.1024657568004],[-86.6060941455287,36.1024834061986],[-86.6061158930139,36.1024942852122],[-86.6061078698939,36.102507508448],[-86.6060861213163,36.1024966321423],[-86.6060723695737,36.1025131837245]]]},"properties":{"id":"164507","parcel":"136030C06200CO","address":"3878 A PRIEST LAKE DR 23","owner":"MITCHELL, MARISU STANLEY","point":[-86.60605530331881,36.102447971257824]}},{"type":"Feature","id":"164575","geometry":{"type":"Polygon","coordinates":[[[-86.6061984558866,36.1019576392142],[-86.606198288152,36.1019356634267],[-86.6061847483387,36.1019357314863],[-86.6061815365198,36.1018698177382],[-86.6061869526627,36.1018697905136],[-86.606186701059,36.1018368259304],[-86.6062841882591,36.1018363358622],[-86.6062846412079,36.1018956706694],[-86.6063062879023,36.1018933645381],[-86.6063063885444,36.1019065478478],[-86.6062847250733,36.1019066567607],[-86.6062821506708,36.1019242535316],[-86.6062796947884,36.1019572308243],[-86.6061984558866,36.1019576392142]]]},"properties":{"id":"164575","parcel":"136030C07200CO","address":"3874 R PRIEST LAKE DR","owner":"PARSONS, VICTORIA ANN","point":[-86.60624469528344,36.1019009422671]}},{"type":"Feature","id":"164576","geometry":{"type":"Polygon","coordinates":[[[-86.6060082780152,36.1025871280477],[-86.6059376014748,36.1025523200378],[-86.6059590471533,36.1025236428474],[-86.6059481622584,36.102517104732],[-86.6059836797814,36.1024688514928],[-86.6060723695737,36.1025131837245],[-86.6060619681525,36.1025253229623],[-86.6060837156447,36.1025362019815],[-86.6060756925427,36.10254942882],[-86.6060512531651,36.1025407606294],[-86.6060351566338,36.1025606208452],[-86.6060297236707,36.1025584499439],[-86.6060082780152,36.1025871280477]]]},"properties":{"id":"164576","parcel":"136030C07400CO","address":"3878 B PRIEST LAKE DR","owner":"DODSON, JEFFREY L.","point":[-86.60601342848561,36.10253056712742]}},{"type":"Feature","id":"164577","geometry":{"type":"Polygon","coordinates":[[[-86.6070975046686,36.1001817955656],[-86.6071028669716,36.100175175758],[-86.6071218729055,36.1001816728872],[-86.6071369158688,36.1001568734312],[-86.6072275655621,36.1001921290564],[-86.6071848600629,36.1002736578385],[-86.6070952474234,36.100241144041],[-86.6071085853662,36.1002147047442],[-86.6071058600006,36.1002125211609],[-86.6071192315336,36.1001904772021],[-86.6070975046686,36.1001817955656]]]},"properties":{"id":"164577","parcel":"136030C07800CO","address":"3702 COLONIAL HERITAGE DR","owner":"HAMILTON, CHRISTINE","point":[-86.6071552743946,36.10022809934036]}},{"type":"Feature","id":"164578","geometry":{"type":"Polygon","coordinates":[[[-86.6069050590223,36.1009121157499],[-86.6067897160525,36.1008791814391],[-86.6067940383406,36.1008689960367],[-86.6068211847602,36.1008776495553],[-86.6068291885671,36.1008622263554],[-86.6068101847084,36.1008557282688],[-86.6068155000429,36.1008425159009],[-86.6068371979167,36.1008468022257],[-86.6068478610401,36.1008247719302],[-86.6068532771115,36.1008247446756],[-86.606866598437,36.1007961072894],[-86.6069452966067,36.1008176878687],[-86.6069372726905,36.100830912072],[-86.6069508470355,36.1008352419647],[-86.6069215629912,36.1009013192602],[-86.6069107140409,36.1008991756553],[-86.6069050590223,36.1009121157499]]]},"properties":{"id":"164578","parcel":"136030C08300CO","address":"3712 COLONIAL HERITAGE DR","owner":"DEVITT, ELISE & MICHAEL & LANETTE ETAL","point":[-86.60687778358987,36.100851442729756]}},{"type":"Feature","id":"164747","geometry":{"type":"Polygon","coordinates":[[[-86.6069918900135,36.1019536482595],[-86.6069978981824,36.1019251495202],[-86.6070022856177,36.1018964561516],[-86.607001328263,36.1017711939857],[-86.6076674537827,36.1017634437921],[-86.6073960671332,36.102041717082],[-86.6069918900135,36.1019536482595]]]},"properties":{"id":"164747","parcel":"136030C09900CO","address":"3743 COLONIAL HERITAGE DR","owner":"HALL, HEIDI NICOLE","point":[-86.60726108259493,36.10191165857095]}},{"type":"Feature","id":"164748","geometry":{"type":"Polygon","coordinates":[[[-86.6071025546206,36.1011970928351],[-86.6073194584767,36.1012311638542],[-86.6072433809467,36.1015524063721],[-86.6069997158812,36.1015602258813],[-86.6069978179906,36.1013118996443],[-86.6070037872427,36.1012514329503],[-86.6070070599982,36.1012409536013],[-86.6070123660955,36.1012310381283],[-86.6070195686796,36.1012219440825],[-86.6070284796458,36.1012139076426],[-86.6070388662752,36.1012071399762],[-86.6070504589122,36.1012018145835],[-86.6070629565585,36.1011980726767],[-86.6070760323222,36.1011960096333],[-86.6070893478962,36.1011956803315],[-86.6071025546206,36.1011970928351]]]},"properties":{"id":"164748","parcel":"136030C10300CO","address":"3600 COLONIAL HERITAGE CT","owner":"FITZGERALD, BRIAN & MORELAND, PATRICIA A","point":[-86.60713523819663,36.10143220106923]}},{"type":"Feature","id":"164764","geometry":{"type":"Polygon","coordinates":[[[-86.6067800329846,36.1004537049757],[-86.6067979576111,36.1004071911161],[-86.6068837612929,36.1002070462611],[-86.6072475449492,36.1003260892083],[-86.6072143284632,36.1004017083362],[-86.6071837150417,36.1004780470819],[-86.6071544817204,36.1005507169977],[-86.6067800329846,36.1004537049757]],[[-86.6071222935413,36.1004137999403],[-86.6071369546094,36.1003837831368],[-86.6071532385341,36.1003880939576],[-86.6071745499138,36.100341837877],[-86.6070008402555,36.100289968062],[-86.6069982324584,36.1003031677134],[-86.6070118055784,36.1003074940005],[-86.6069852135629,36.1003713604673],[-86.6070014952764,36.1003756740236],[-86.6069998280287,36.1003789792722],[-86.6069908143531,36.1003955071217],[-86.6069745337466,36.1003911935585],[-86.6069692184688,36.1004044059349],[-86.6069855158768,36.100410917619],[-86.6069748528472,36.100432947929],[-86.6069775771062,36.1004351315206],[-86.6069669465509,36.1004615571744],[-86.6070456612103,36.1004853349089],[-86.6070563589329,36.1004676999266],[-86.6070699320911,36.1004720271082],[-86.6071019569174,36.1004103314787],[-86.6071209617971,36.1004168286131],[-86.6071222935413,36.1004137999403]]]},"properties":{"id":"164764","parcel":"136030C13200CO","address":"0 PRIEST LAKE DR","owner":"O.I.C. HERITAGE VILLAGE OF PRIEST LAKE","point":[-86.60690584456627,36.10037701562707]}},{"type":"Feature","id":"164765","geometry":{"type":"Polygon","coordinates":[[[-86.6068837612929,36.1002070462611],[-86.6069248692009,36.100124967738],[-86.6069691716534,36.1000439906987],[-86.6069756894227,36.1000345269721],[-86.6069839267856,36.100025992815],[-86.6069936887294,36.1000185919953],[-86.6070049083784,36.1000125835144],[-86.6070171489656,36.1000080714144],[-86.6070301070625,36.1000051689803],[-86.6070434644738,36.1000039463101],[-86.607056894934,36.1000044347884],[-86.6070700651634,36.1000066198697],[-86.6070826515946,36.1000104500081],[-86.6072863330987,36.1000863454266],[-86.6072983268508,36.1000921081527],[-86.6073090314493,36.1000993509514],[-86.6073181733965,36.1001078895379],[-86.6073255155662,36.1001175033937],[-86.6073308728332,36.1001279465027],[-86.6073341054177,36.1001389482858],[-86.6073351301072,36.1001502288663],[-86.6073339213538,36.1001614972619],[-86.6073305091497,36.1001724640126],[-86.6073249824136,36.1001828483747],[-86.6072843884199,36.1002538018366],[-86.6072475449492,36.1003260892083],[-86.6068837612929,36.1002070462611]],[[-86.6072275655621,36.1001921290564],[-86.6072702698631,36.1001106002631],[-86.607183381632,36.1000802710161],[-86.6071673530779,36.1001089211729],[-86.6071619370554,36.1001089484416],[-86.6071512562081,36.1001287815552],[-86.607129542821,36.1001222971602],[-86.6071242107979,36.1001333132265],[-86.6071459409772,36.1001419939403],[-86.6071369158688,36.1001568734312],[-86.6071218729055,36.1001816728872],[-86.6071028669716,36.100175175758],[-86.6070975046686,36.1001817955656],[-86.6071192315336,36.1001904772021],[-86.6071058600006,36.1002125211609],[-86.6071085853662,36.1002147047442],[-86.6070952474234,36.100241144041],[-86.6071848600629,36.1002736578385],[-86.6072275655621,36.1001921290564]]]},"properties":{"id":"164765","parcel":"136030C13300CO","address":"0 PRIEST LAKE DR","owner":"O.I.C. HERITAGE VILLAGE OF PRIEST LAKE","point":[-86.60701785732968,36.10016595005861]}},{"type":"Feature","id":"164766","geometry":{"type":"Polygon","coordinates":[[[-86.6064550726136,36.1000993196634],[-86.6064920565494,36.1000214953062],[-86.606531192446,36.0999443667104],[-86.6065724583905,36.0998679736402],[-86.6065778177496,36.0998605292056],[-86.6065841984209,36.0998539042983],[-86.6065921096946,36.0998483297863],[-86.6066009975452,36.0998438246788],[-86.6066106418261,36.0998405009398],[-86.6066208088376,36.0998384408592],[-86.6066312457465,36.0998376934761],[-86.6066416983819,36.0998382780947],[-86.6066519123046,36.0998401788706],[-86.6066616339655,36.0998433511146],[-86.6068707642125,36.099923612628],[-86.6068832206078,36.0999296128059],[-86.6068942500901,36.099937232541],[-86.6069035389226,36.0999462535021],[-86.6069108174794,36.0999564165787],[-86.6069158780891,36.099967431705],[-86.6069185761731,36.0999789814596],[-86.6069188347911,36.0999907345612],[-86.6069166458207,36.1000023548761],[-86.6069120711229,36.1000135086217],[-86.6068640163657,36.1001015065135],[-86.606820000075,36.1001908846406],[-86.6064550726136,36.1000993196634]],[[-86.6067010074509,36.1000346248897],[-86.6067223493446,36.0999924866488],[-86.6067440469812,36.0999967729913],[-86.6067493611587,36.0999835606291],[-86.6067303564062,36.0999770625341],[-86.6067383119916,36.0999550458653],[-86.6067328791943,36.0999528758954],[-86.6067461869631,36.0999220412803],[-86.6066701613893,36.0998960516172],[-86.6066568569269,36.0999268862074],[-86.6066432838844,36.0999225589788],[-86.6066192984479,36.0999732266331],[-86.6066247312434,36.0999753966081],[-86.6066114330415,36.1000070549246],[-86.6066061114376,36.1000194435544],[-86.6066115610246,36.1000238116504],[-86.6065848848771,36.1000766919374],[-86.6065767434897,36.100074532881],[-86.6065607650727,36.1001097764172],[-86.6066530355573,36.1001356844287],[-86.6066770199108,36.1000850167752],[-86.6066987343544,36.1000915003449],[-86.6067040485457,36.100078287985],[-86.6066823352159,36.1000718044106],[-86.6067010074509,36.1000346248897]]]},"properties":{"id":"164766","parcel":"136030C13400CO","address":"0 PRIEST LAKE DR","owner":"O.I.C. HERITAGE VILLAGE OF PRIEST LAKE","point":[-86.60681023013322,36.10001664400367]}},{"type":"Feature","id":"164767","geometry":{"type":"Polygon","coordinates":[[[-86.606130776437,36.1008965054839],[-86.6061467784687,36.1008440836346],[-86.6061650086325,36.1007921426776],[-86.6061854440847,36.100740745816],[-86.6062147723334,36.1006735490963],[-86.606242298704,36.1006058531085],[-86.6066086805976,36.1007103230479],[-86.6065735724668,36.100811591815],[-86.6065155281494,36.1009679184187],[-86.606130776437,36.1008965054839]],[[-86.6063876291187,36.1007979677811],[-86.6063952682527,36.1007786998112],[-86.6063871268122,36.1007765425448],[-86.6064004483046,36.100747906111],[-86.6064058811471,36.1007500760954],[-86.6064138033471,36.1007236650144],[-86.606438225421,36.1007301350154],[-86.6064408523304,36.1007191334864],[-86.6064191355152,36.1007126498825],[-86.6064270744768,36.1006884351181],[-86.6063320959488,36.1006625405502],[-86.6063108186776,36.1007131945155],[-86.6063243951618,36.1007175208627],[-86.6063138113476,36.1007505390317],[-86.606305687803,36.1007505798744],[-86.6062977320387,36.100772599214],[-86.6062924333821,36.1007880069758],[-86.6062978662313,36.1007901778662],[-86.6062739809547,36.1008540296552],[-86.6062685648811,36.1008540568838],[-86.6062552601023,36.1008848914224],[-86.6063474978316,36.1009064043238],[-86.6063633904002,36.1008601738386],[-86.606387814747,36.1008666456407],[-86.6063904226502,36.1008534442019],[-86.6063687080235,36.1008469605779],[-86.6063876291187,36.1007979677811]]]},"properties":{"id":"164767","parcel":"136030C13700CO","address":"0 PRIEST LAKE DR","owner":"O.I.C. HERITAGE VILLAGE OF PRIEST LAKE","point":[-86.60648822430629,36.1007838276307]}},{"type":"Feature","id":"164768","geometry":{"type":"Polygon","coordinates":[[[-86.6060731504661,36.1011517273255],[-86.6064633957069,36.1011893204982],[-86.6064555363428,36.1012572709244],[-86.6064510024645,36.1013254209312],[-86.6064498021458,36.1013936632268],[-86.6064519367905,36.1014618896516],[-86.6060593012969,36.1014660590059],[-86.6060588149924,36.1014023306555],[-86.6060581560984,36.1013395621258],[-86.6060603282533,36.1012768163195],[-86.606065327641,36.1012141761729],[-86.6060731504661,36.1011517273255]],[[-86.6062118112846,36.101312556479],[-86.6062100568745,36.1013488271047],[-86.6061802699496,36.1013489768346],[-86.6061753737932,36.1014171286492],[-86.606321653594,36.1014229860906],[-86.6063239416742,36.1013680330022],[-86.606348313608,36.1013679104634],[-86.6063482297205,36.1013569225682],[-86.6063265663993,36.1013570314887],[-86.6063265328442,36.1013526361503],[-86.6062994534166,36.1013527722969],[-86.6062993192089,36.1013351918446],[-86.6063236900221,36.1013350693164],[-86.6063263315271,36.1013262659226],[-86.6063019260524,36.1013219931186],[-86.6063022186299,36.1013159477127],[-86.6063064865613,36.1012098888136],[-86.6062170901728,36.1012059427252],[-86.6062118112846,36.101312556479]]]},"properties":{"id":"164768","parcel":"136030C13900CO","address":"0 PRIEST LAKE DR","owner":"O.I.C. HERITAGE VILLAGE OF PRIEST LAKE","point":[-86.60613620097332,36.101294686854445]}},{"type":"Feature","id":"164770","geometry":{"type":"Polygon","coordinates":[[[-86.6061068920216,36.1027338760436],[-86.6062091557787,36.1026498501333],[-86.6062363363008,36.1026629000179],[-86.6062497420322,36.1026452506047],[-86.6062531020518,36.1026405083422],[-86.6062574157403,36.1026363038514],[-86.6062625552222,36.1026327621508],[-86.6062683658173,36.1026299885652],[-86.6062746771258,36.1026280659672],[-86.6062813007725,36.1026270502811],[-86.6062880415264,36.1026269722306],[-86.606294699494,36.1026278337217],[-86.6063010756861,36.1026296096182],[-86.6063359280665,36.1025832829351],[-86.6063300785944,36.1025774720994],[-86.6063255119693,36.1025709473148],[-86.606322360654,36.1025638935775],[-86.6063207127923,36.1025565096258],[-86.606320614423,36.1025490070272],[-86.6063220693767,36.1025415966602],[-86.6067323689502,36.1027219398402],[-86.6064599721703,36.1030018644333],[-86.6064600036345,36.1030059848923],[-86.6061068920216,36.1027338760436]]]},"properties":{"id":"164770","parcel":"136030C14400CO","address":"0 PRIEST LAKE DR","owner":"O.I.C HERITAGE VILLAGE-PRIEST LAKE CONDO","point":[-86.60643507392001,36.102868368553096]}},{"type":"Feature","id":"164771","geometry":{"type":"Polygon","coordinates":[[[-86.6057881930269,36.1024915362706],[-86.6057918727213,36.1024857487416],[-86.6058123797997,36.1024672399413],[-86.6058496648657,36.1024327402924],[-86.6058836883209,36.1023960894578],[-86.6059142640098,36.102357488458],[-86.6059412236499,36.1023171517427],[-86.606297126692,36.1024670020679],[-86.6061765590771,36.1026368283681],[-86.6062091557787,36.1026498501333],[-86.6061068920216,36.1027338760436],[-86.6057881930269,36.1024915362706]],[[-86.6060723695737,36.1025131837245],[-86.6060861213163,36.1024966321423],[-86.6061078698939,36.102507508448],[-86.6061158930139,36.1024942852122],[-86.6060941455287,36.1024834061986],[-86.6061075512614,36.1024657568004],[-86.6061021015347,36.1024613886843],[-86.6061208563693,36.1024349231915],[-86.6060528874493,36.1024001016396],[-86.6060314418381,36.1024287788475],[-86.6060178516362,36.1024222543331],[-86.6059836797814,36.1024688514928],[-86.6059481622584,36.102517104732],[-86.6059590471533,36.1025236428474],[-86.6059376014748,36.1025523200378],[-86.6060082780152,36.1025871280477],[-86.6060297236707,36.1025584499439],[-86.6060351566338,36.1025606208452],[-86.6060512531651,36.1025407606294],[-86.6060756925427,36.10254942882],[-86.6060837156447,36.1025362019815],[-86.6060619681525,36.1025253229623],[-86.6060723695737,36.1025131837245]]]},"properties":{"id":"164771","parcel":"136030C14500CO","address":"0 PRIEST LAKE DR","owner":"O.I.C HERITAGE VILLAGE-PRIEST LAKE CONDO","point":[-86.60616214270162,36.10253105602852]}},{"type":"Feature","id":"164773","geometry":{"type":"Polygon","coordinates":[[[-86.6035520972986,36.1001006970689],[-86.6041793597155,36.0999700917547],[-86.6041853797725,36.1000491771313],[-86.6041923338157,36.1002513284383],[-86.6036326311152,36.1003640145197],[-86.6035520972986,36.1001006970689]]]},"properties":{"id":"164773","parcel":"13603000400","address":"3828 ANDERSON RD","owner":"SORLOZANO, ARCELIA & ESQUIVEL, ISRAEL","point":[-86.60388230519756,36.100176046535985]}},{"type":"Feature","id":"164791","geometry":{"type":"Polygon","coordinates":[[[-86.6041853797725,36.1000491771313],[-86.6047345820976,36.099980494396],[-86.6047813420151,36.1002533203572],[-86.6047827417669,36.1002593572733],[-86.6041955260859,36.1003150441508],[-86.6041923338157,36.1002513284383],[-86.6041853797725,36.1000491771313]]]},"properties":{"id":"164791","parcel":"13603000900","address":"3847 LAKE AIRE DR","owner":"WILMORE, JENNIFER & JOHNSON, JERRY DEAN","point":[-86.60447642964157,36.100151202374924]}},{"type":"Feature","id":"164792","geometry":{"type":"Polygon","coordinates":[[[-86.6042629740984,36.1009937854878],[-86.6042954193306,36.1009870301004],[-86.6043515649884,36.1009758415411],[-86.6044065130835,36.1009612512456],[-86.6044599488281,36.1009433410064],[-86.6045115698154,36.1009222141853],[-86.6047637282299,36.1013187284127],[-86.6045362606654,36.1013198689093],[-86.6043629519347,36.1013207375717],[-86.6042629740984,36.1009937854878]]]},"properties":{"id":"164792","parcel":"13603002100","address":"3868 LAKE AIRE DR","owner":"HUCKS, PAMELA DAWN","point":[-86.60448658426769,36.10115616886243]}},{"type":"Feature","id":"164793","geometry":{"type":"Polygon","coordinates":[[[-86.6049629687541,36.1018781340775],[-86.6049815478118,36.101863260907],[-86.6049971834624,36.1018463025349],[-86.6050095210006,36.1018276401775],[-86.6050182870733,36.1018076915951],[-86.6050232829689,36.1017869048166],[-86.6050243978392,36.1017657445541],[-86.6054546462351,36.1017218274849],[-86.6054315976387,36.1018955616426],[-86.6054188786699,36.1020033104393],[-86.605354255567,36.1020519836081],[-86.6052438825117,36.1021382468065],[-86.6049629687541,36.1018781340775]]]},"properties":{"id":"164793","parcel":"13603002700","address":"112 CASTAWAY CT","owner":"LATHAM, JAMES NEAL & LARUE-LATHAM, SHERRI","point":[-86.6052319174359,36.1019487992746]}},{"type":"Feature","id":"164794","geometry":{"type":"Polygon","coordinates":[[[-86.6042234298135,36.1025589928621],[-86.6041556947215,36.1025546672286],[-86.6041416945151,36.1025523336715],[-86.6041283031622,36.1025482801388],[-86.6041158412308,36.10254260056],[-86.604104604075,36.1025354322517],[-86.6040948617525,36.1025269451031],[-86.6040868457046,36.1025173425442],[-86.6040807475774,36.1025068525385],[-86.6040767114343,36.1024957258196],[-86.6040822266529,36.102394681786],[-86.6040841661954,36.1022935520143],[-86.6040825284781,36.1021924185286],[-86.604453438309,36.1021795717109],[-86.604480551475,36.1021838313169],[-86.6044428922197,36.1025730065324],[-86.6042234298135,36.1025589928621]]]},"properties":{"id":"164794","parcel":"13603003100","address":"3899 PRIEST LAKE DR","owner":"DYE, BRENDA J & JOSHUA JAMES ETAL","point":[-86.60427405780943,36.10234474740106]}},{"type":"Feature","id":"164795","geometry":{"type":"Polygon","coordinates":[[[-86.6050606102662,36.1022534451106],[-86.6050877234901,36.10225770458],[-86.6052223362028,36.1021537387604],[-86.6055010290158,36.1024775946063],[-86.6054510760003,36.1025038993865],[-86.6053991357099,36.1025275319352],[-86.6053454228681,36.1025483956371],[-86.6052901633667,36.1025664019329],[-86.6052335865329,36.1025814757651],[-86.6051759295717,36.1025935555564],[-86.6051174319851,36.1026025896323],[-86.6050606102662,36.1022534451106]]]},"properties":{"id":"164795","parcel":"13603003400","address":"3887 PRIEST LAKE DR","owner":"SMITH, JOHNNY D. ET UX","point":[-86.60524290782118,36.102367480216415]}},{"type":"Feature","id":"164881","geometry":{"type":"Polygon","coordinates":[[[-86.6064052570648,36.1004910290707],[-86.6064145487614,36.1004665335165],[-86.606409115938,36.1004643635324],[-86.6064303930867,36.1004137104479],[-86.6064466747719,36.1004180231778],[-86.606459979405,36.1003871895158],[-86.6065359516956,36.1004065858653],[-86.606522663875,36.1004396176559],[-86.6065280967067,36.1004417885361],[-86.6065201242281,36.1004616070681],[-86.6065418376582,36.1004680915723],[-86.6065365223032,36.1004813039295],[-86.6065148088769,36.1004748203256],[-86.6064968503968,36.1005172154944],[-86.6064052570648,36.1004910290707]]]},"properties":{"id":"164881","parcel":"136030C05500CO","address":"3852 PRIEST LAKE DR","owner":"FUQUA, ERICA MICHELLE","point":[-86.60646934891183,36.10045151796347]}},{"type":"Feature","id":"164882","geometry":{"type":"Polygon","coordinates":[[[-86.6063138113476,36.1007505390317],[-86.6063243951618,36.1007175208627],[-86.6063108186776,36.1007131945155],[-86.6063320959488,36.1006625405502],[-86.6064270744768,36.1006884351181],[-86.6064191355152,36.1007126498825],[-86.6064408523304,36.1007191334864],[-86.606438225421,36.1007301350154],[-86.6064138033471,36.1007236650144],[-86.6064058811471,36.1007500760954],[-86.6064004483046,36.100747906111],[-86.6063871268122,36.1007765425448],[-86.6063952682527,36.1007786998112],[-86.6063876291187,36.1007979677811],[-86.6062977320387,36.100772599214],[-86.606305687803,36.1007505798744],[-86.6063138113476,36.1007505390317]]]},"properties":{"id":"164882","parcel":"136030C05600CO","address":"3856 PRIEST LAKE DR","owner":"HARPER, ALVINITA","point":[-86.60636340898719,36.100738836846]}},{"type":"Feature","id":"164883","geometry":{"type":"Polygon","coordinates":[[[-86.6062118112846,36.101312556479],[-86.6062170901728,36.1012059427252],[-86.6063064865613,36.1012098888136],[-86.6063022186299,36.1013159477127],[-86.6062118112846,36.101312556479]]]},"properties":{"id":"164883","parcel":"136030C05800CO","address":"3864 PRIEST LAKE DR","owner":"BEDDOW, PETER A. & CHRISTIE RENEE","point":[-86.60625938758454,36.101261223440204]}},{"type":"Feature","id":"164884","geometry":{"type":"Polygon","coordinates":[[[-86.6062037406147,36.1015856574389],[-86.6062033254658,36.101531266819],[-86.6062141599266,36.1015312123563],[-86.6062138915484,36.1014960514531],[-86.6062951109768,36.1014934449443],[-86.6062953626175,36.1015264086289],[-86.6063035030013,36.1015285632029],[-86.6063036707848,36.1015505416962],[-86.6063253341588,36.1015504327798],[-86.6063254515984,36.1015658160126],[-86.6063037882203,36.101565924929],[-86.6063039182325,36.1015829556251],[-86.6062037406147,36.1015856574389]]]},"properties":{"id":"164884","parcel":"136030C05900CO","address":"3868 PRIEST LAKE DR","owner":"ELYAN, SHAIMAA","point":[-86.60625349743177,36.10154081421909]}},{"type":"Feature","id":"164885","geometry":{"type":"Polygon","coordinates":[[[-86.6062307037169,36.1022354818381],[-86.6061296151216,36.102207694511],[-86.6061352421269,36.1021909097702],[-86.6061271016592,36.1021887524815],[-86.6061536446579,36.102118293677],[-86.606289328295,36.1021549720641],[-86.6062680841421,36.1022100204392],[-86.6062843650831,36.1022143340959],[-86.6062817414343,36.1022253356006],[-86.6062627686457,36.1022232354823],[-86.6062383293343,36.1022145655264],[-86.6062307037169,36.1022354818381]]]},"properties":{"id":"164885","parcel":"136030C06100CO","address":"3876 PRIEST LAKE DR","owner":"VANN, GLENN A.","point":[-86.60620813624386,36.10217186204157]}},{"type":"Feature","id":"164936","geometry":{"type":"Polygon","coordinates":[[[-86.6062000043226,36.1010961454379],[-86.6062124178707,36.1010372957178],[-86.6063320129913,36.101050704756],[-86.6063271465615,36.1010779251299],[-86.6063488400312,36.1010822115646],[-86.6063462164287,36.1010932130738],[-86.6063245363986,36.101091123874],[-86.6063192880751,36.1011131268968],[-86.6063111644934,36.1011131677398],[-86.6063060000461,36.1011461586577],[-86.6062083962838,36.1011312664103],[-86.6062162850316,36.101100459105],[-86.6062000043226,36.1010961454379]]]},"properties":{"id":"164936","parcel":"136030C06900CO","address":"3862 PRIEST LAKE DR 14","owner":"TURCHINO, CYNTHIA","point":[-86.60626261615482,36.10109192940559]}},{"type":"Feature","id":"164939","geometry":{"type":"Polygon","coordinates":[[[-86.6061753737932,36.1014171286492],[-86.6061802699496,36.1013489768346],[-86.6062100568745,36.1013488271047],[-86.6062118112846,36.101312556479],[-86.6063022186299,36.1013159477127],[-86.6063019260524,36.1013219931186],[-86.6063263315271,36.1013262659226],[-86.6063236900221,36.1013350693164],[-86.6062993192089,36.1013351918446],[-86.6062994534166,36.1013527722969],[-86.6063265328442,36.1013526361503],[-86.6063265663993,36.1013570314887],[-86.6063482297205,36.1013569225682],[-86.606348313608,36.1013679104634],[-86.6063239416742,36.1013680330022],[-86.606321653594,36.1014229860906],[-86.6061753737932,36.1014171286492]]]},"properties":{"id":"164939","parcel":"136030C07000CO","address":"3866 PRIEST LAKE DR","owner":"FORD, ANTHONY LYNN","point":[-86.60625753503432,36.10136771349903]}},{"type":"Feature","id":"164942","geometry":{"type":"Polygon","coordinates":[[[-86.6071242107979,36.1001333132265],[-86.607129542821,36.1001222971602],[-86.6071512562081,36.1001287815552],[-86.6071619370554,36.1001089484416],[-86.6071673530779,36.1001089211729],[-86.607183381632,36.1000802710161],[-86.6072702698631,36.1001106002631],[-86.6072275655621,36.1001921290564],[-86.6071369158688,36.1001568734312],[-86.6071459409772,36.1001419939403],[-86.6071242107979,36.1001333132265]]]},"properties":{"id":"164942","parcel":"136030C07700CO","address":"3700 COLONIAL HERITAGE DR","owner":"SPRINGSTEEN, SHANNON & DAVID","point":[-86.60719548396878,36.10013785162823]}},{"type":"Feature","id":"164944","geometry":{"type":"Polygon","coordinates":[[[-86.6070456612103,36.1004853349089],[-86.6069669465509,36.1004615571744],[-86.6069775771062,36.1004351315206],[-86.6069748528472,36.100432947929],[-86.6069855158768,36.100410917619],[-86.6069692184688,36.1004044059349],[-86.6069745337466,36.1003911935585],[-86.6069908143531,36.1003955071217],[-86.6069998280287,36.1003789792722],[-86.6071222935413,36.1004137999403],[-86.6071209617971,36.1004168286131],[-86.6071019569174,36.1004103314787],[-86.6070699320911,36.1004720271082],[-86.6070563589329,36.1004676999266],[-86.6070456612103,36.1004853349089]]]},"properties":{"id":"164944","parcel":"136030C08000CO","address":"3706 COLONIAL HERITAGE DR","owner":"BLUMBERG, JAY G. & NANCY J.","point":[-86.60703659262205,36.10042485118703]}},{"type":"Feature","id":"164947","geometry":{"type":"Polygon","coordinates":[[[-86.6067197049591,36.101418786831],[-86.6067195538664,36.1013990082598],[-86.6067005980344,36.101399103626],[-86.6067004973137,36.1013859185126],[-86.6067221617527,36.1013858095193],[-86.6067219770823,36.1013616356097],[-86.6067300839039,36.1013593975205],[-86.6067298656607,36.1013308291737],[-86.6068246436282,36.1013303522959],[-86.6068239468106,36.1014163390247],[-86.6067197049591,36.101418786831]]]},"properties":{"id":"164947","parcel":"136030C08700CO","address":"3720 COLONIAL HERITAGE DR","owner":"EILA, GAWHARA","point":[-86.60677317943197,36.101373890306135]}},{"type":"Feature","id":"165091","geometry":{"type":"Polygon","coordinates":[[[-86.6041805681908,36.1029764948668],[-86.6041881068252,36.1028995380191],[-86.604217912169,36.102901586895],[-86.6042231935217,36.1028839793164],[-86.6042692630993,36.1028881430911],[-86.6042591340254,36.1029804958386],[-86.6041805681908,36.1029764948668]]]},"properties":{"id":"165091","parcel":"136030A00100CO","address":"4000 ANDERSON RD 1","owner":"HARRINGTON, ETOYE","point":[-86.60422394970131,36.10293912250286]}},{"type":"Feature","id":"165094","geometry":{"type":"Polygon","coordinates":[[[-86.6044952664206,36.1034056601745],[-86.6045083213999,36.1033418621762],[-86.604603203273,36.103354573049],[-86.6045953326234,36.1033875774381],[-86.6046089028149,36.1033919049102],[-86.6046037051622,36.1034205003943],[-86.6044952664206,36.1034056601745]]]},"properties":{"id":"165094","parcel":"136030A01100CO","address":"4000 ANDERSON RD 11","owner":"RASTEGAR, ADA L.","point":[-86.60455083844899,36.103370915417706]}},{"type":"Feature","id":"165152","geometry":{"type":"Polygon","coordinates":[[[-86.6041029046854,36.103803206274],[-86.604208265167,36.1037697135306],[-86.6042220248635,36.1037982140157],[-86.604211226863,36.103802663619],[-86.6042276919286,36.1038311505491],[-86.6041304363029,36.1038624054071],[-86.6041029046854,36.103803206274]]]},"properties":{"id":"165152","parcel":"136030A02000CO","address":"4000 ANDERSON RD 20","owner":"PAIMA, MARIETTA","point":[-86.60416451840021,36.10381717585127]}},{"type":"Feature","id":"165167","geometry":{"type":"Polygon","coordinates":[[[-86.6067200910769,36.1014693309666],[-86.6067199399909,36.1014495532969],[-86.6067010009313,36.1014518458815],[-86.6067008834191,36.1014364626486],[-86.60671983926,36.1014363672825],[-86.6067197049591,36.101418786831],[-86.6068239468106,36.1014163390247],[-86.6068232793805,36.1015061722357],[-86.6067285012032,36.1015066491124],[-86.6067282325974,36.1014714882101],[-86.6067200910769,36.1014693309666]]]},"properties":{"id":"165167","parcel":"136030C08800CO","address":"3722 COLONIAL HERITAGE DR","owner":"JOHNSON, DOUGLAS","point":[-86.60677181991197,36.10146078952715]}},{"type":"Feature","id":"165170","geometry":{"type":"Polygon","coordinates":[[[-86.6067296034894,36.1020055142035],[-86.6067293516668,36.1019725505238],[-86.6067239523023,36.1019747749909],[-86.6067210567865,36.1019506156245],[-86.6067021041545,36.1019507109741],[-86.6067020034466,36.101937527665],[-86.6067182339724,36.1019352460039],[-86.6067180199247,36.1019072265151],[-86.6068192308772,36.1019067172806],[-86.6068242143541,36.1019830615397],[-86.6068106745332,36.1019831296696],[-86.6068108256498,36.1020029082378],[-86.6067296034894,36.1020055142035]]]},"properties":{"id":"165170","parcel":"136030C09200CO","address":"3730 COLONIAL HERITAGE DR","owner":"MCMICHAEL, JUNE E.","point":[-86.60677260897349,36.101961817434635]}},{"type":"Feature","id":"165174","geometry":{"type":"Polygon","coordinates":[[[-86.6063220693767,36.1025415966602],[-86.6063615176912,36.1024826569865],[-86.6063970342444,36.1024220931477],[-86.6064285181933,36.102360078699],[-86.6064558820366,36.1022967889301],[-86.606479044985,36.1022324054061],[-86.6064979429085,36.1021671096076],[-86.6065012607207,36.1021582992055],[-86.6065062752528,36.102150035454],[-86.6065135680519,36.1021412474201],[-86.6065224870171,36.1021335111038],[-86.6065328070755,36.1021270214101],[-86.6065442640514,36.1021219427979],[-86.6065565701789,36.1021184046948],[-86.6065694118405,36.1021164961015],[-86.60658246401,36.1021162664199],[-86.6065953957714,36.1021177209198],[-86.6066375715636,36.1021216293878],[-86.6066799362073,36.1021237992374],[-86.6067223830385,36.1021242246963],[-86.6067323689502,36.1027219398402],[-86.6063220693767,36.1025415966602]]]},"properties":{"id":"165174","parcel":"136030C09300CO","address":"3755 COLONIAL HERITAGE DR","owner":"YOUSSEF, REDA & KALEENY, MONA","point":[-86.60656981743733,36.10239160167111]}},{"type":"Feature","id":"165179","geometry":{"type":"Polygon","coordinates":[[[-86.6068872372923,36.1020794419371],[-86.6069058373313,36.1020667737778],[-86.6069230687045,36.1020528894767],[-86.6069456278568,36.1020307569505],[-86.6069647887159,36.1020066073513],[-86.6069802829132,36.1019807827127],[-86.6069918900135,36.1019536482595],[-86.6073960671332,36.102041717082],[-86.6071193128112,36.1023266104649],[-86.6068872372923,36.1020794419371]]]},"properties":{"id":"165179","parcel":"136030C09700CO","address":"3747 COLONIAL HERITAGE DR","owner":"NEWMAN, JAMES E. JR.","point":[-86.60712094597237,36.10220341214528]}},{"type":"Feature","id":"165182","geometry":{"type":"Polygon","coordinates":[[[-86.6069997158812,36.1015602258813],[-86.6072433809467,36.1015524063721],[-86.6076076599565,36.1017351756277],[-86.6076674537827,36.1017634437921],[-86.607001328263,36.1017711939857],[-86.6069997158812,36.1015602258813]]]},"properties":{"id":"165182","parcel":"136030C10100CO","address":"3739 COLONIAL HERITAGE DR","owner":"CABRERA, PAUL R. & ABBEY L.","point":[-86.60721727113864,36.101647417891336]}},{"type":"Feature","id":"165184","geometry":{"type":"Polygon","coordinates":[[[-86.607636557608,36.1012647287747],[-86.607642777741,36.1012520687988],[-86.6076464174982,36.101238763895],[-86.6076473817804,36.1012251579281],[-86.6076456477359,36.1012116025095],[-86.6076412591311,36.1011984471124],[-86.607634328524,36.1011860327518],[-86.6076250360631,36.1011746802741],[-86.6078999170077,36.1009996818604],[-86.6080919802738,36.1013261658037],[-86.6080006130605,36.1014189285343],[-86.607636557608,36.1012647287747]]]},"properties":{"id":"165184","parcel":"136030C10900CO","address":"3611 COLONIAL HERITAGE CT","owner":"DUNNEWOLD, JULIE WEBB REVOCABLE TRUST","point":[-86.60783244835521,36.10120564352372]}},{"type":"Feature","id":"165188","geometry":{"type":"Polygon","coordinates":[[[-86.6074975779408,36.1011511502756],[-86.6074744859458,36.100964465183],[-86.6076952584363,36.1007963280805],[-86.6077544966646,36.1007520780784],[-86.6078999170077,36.1009996818604],[-86.6076250360631,36.1011746802741],[-86.6076147142275,36.101164941754],[-86.60760262213,36.1011566550902],[-86.6075890634364,36.1011500278474],[-86.6075743814948,36.1011452286359],[-86.6075589470582,36.1011423790617],[-86.6075431516067,36.101141551958],[-86.6075273950985,36.1011427669402],[-86.6075120748843,36.1011459931661],[-86.6074975779408,36.1011511502756]]]},"properties":{"id":"165188","parcel":"136030C11100CO","address":"3607 COLONIAL HERITAGE CT","owner":"KNIGHT, ALAN L.","point":[-86.6077076018522,36.100880798556155]}},{"type":"Feature","id":"165190","geometry":{"type":"Polygon","coordinates":[[[-86.6071190241857,36.1008717558768],[-86.6072014069564,36.1006669576432],[-86.6076952584363,36.1007963280805],[-86.6074744859458,36.100964465183],[-86.6071190241857,36.1008717558768]]]},"properties":{"id":"165190","parcel":"136030C11500CO","address":"3727 COLONIAL HERITAGE DR","owner":"RIDGEWAY, WANDA L.","point":[-86.6073896352323,36.10083398496655]}},{"type":"Feature","id":"165193","geometry":{"type":"Polygon","coordinates":[[[-86.6072714801135,36.1004902419053],[-86.6072811322422,36.100468765535],[-86.6077072174578,36.1005896888465],[-86.6076858906346,36.1006337495966],[-86.6077544966646,36.1007520780784],[-86.6076952584363,36.1007963280805],[-86.6072014069564,36.1006669576432],[-86.6072714801135,36.1004902419053]]]},"properties":{"id":"165193","parcel":"136030C11700CO","address":"3723 COLONIAL HERITAGE DR","owner":"RM RESIDENTIAL PROPERTIES, LLC","point":[-86.60746023935282,36.10061094528897]}},{"type":"Feature","id":"165196","geometry":{"type":"Polygon","coordinates":[[[-86.6072811322422,36.100468765535],[-86.6073101131879,36.1004002904805],[-86.6073421060946,36.100332706028],[-86.6073770716245,36.1002660970928],[-86.6078033061491,36.1004067986518],[-86.6077072174578,36.1005896888465],[-86.6072811322422,36.100468765535]]]},"properties":{"id":"165196","parcel":"136030C11900CO","address":"3719 COLONIAL HERITAGE DR","owner":"SMITH, TOBIN & JANEL R.","point":[-86.60754059797938,36.100437777068244]}},{"type":"Feature","id":"165243","geometry":{"type":"Polygon","coordinates":[[[-86.6065328911552,36.1020004597861],[-86.6065301144089,36.1019914087519],[-86.6065290323619,36.1019823491943],[-86.6065248446443,36.1017889751787],[-86.606917448108,36.1017804071688],[-86.6069183381542,36.1018968786599],[-86.606914927585,36.1019186858925],[-86.6069082090812,36.101939979824],[-86.6068982878703,36.1019604336637],[-86.6068853136784,36.1019797303105],[-86.6068694907866,36.1019975704143],[-86.6068510614283,36.1020136796694],[-86.6068303113421,36.102027808787],[-86.6068099759383,36.1020383613672],[-86.6067883266701,36.1020470206721],[-86.6067656281686,36.1020536817231],[-86.606757069283,36.1020559220884],[-86.6067154987953,36.102057393017],[-86.6066800286623,36.1020566656819],[-86.6066446692173,36.1020542902533],[-86.6066153486019,36.1020506758318],[-86.6065863815899,36.1020455184486],[-86.6065768876535,36.1020420972036],[-86.6065650187247,36.1020362779005],[-86.6065544369769,36.1020290046784],[-86.6065454103672,36.1020204627534],[-86.6065381670926,36.1020108663824],[-86.6065328911552,36.1020004597861]],[[-86.6068192308772,36.1019067172806],[-86.6068150496691,36.1018468523584],[-86.6068015098714,36.1018469204873],[-86.6068013755518,36.1018293400377],[-86.6067228610834,36.1018319323757],[-86.6067230961176,36.1018626988383],[-86.6067176967604,36.1018649233053],[-86.6067180199247,36.1019072265151],[-86.6067182339724,36.1019352460039],[-86.6067020034466,36.101937527665],[-86.6067021041545,36.1019507109741],[-86.6067210567865,36.1019506156245],[-86.6067239523023,36.1019747749909],[-86.6067293516668,36.1019725505238],[-86.6067296034894,36.1020055142035],[-86.6068108256498,36.1020029082378],[-86.6068106745332,36.1019831296696],[-86.6068242143541,36.1019830615397],[-86.6068192308772,36.1019067172806]]]},"properties":{"id":"165243","parcel":"136030C12600CO","address":"0 PRIEST LAKE DR","owner":"O.I.C. HERITAGE VILLAGE OF PRIEST LAKE","point":[-86.60662299035057,36.10192633058139]}},{"type":"Feature","id":"165246","geometry":{"type":"Polygon","coordinates":[[[-86.6065248446443,36.1017889751787],[-86.6065202396107,36.1015406616697],[-86.6069156638154,36.1015469135199],[-86.606917448108,36.1017804071688],[-86.6065248446443,36.1017889751787]],[[-86.6068404165595,36.101622562881],[-86.6068400807365,36.1015786113041],[-86.6066559738976,36.1015839322005],[-86.6066560578279,36.1015949200949],[-86.6066777212135,36.1015948111152],[-86.6066809259088,36.1016601760174],[-86.6066841109792,36.1017222441618],[-86.606694942134,36.1017221896727],[-86.6066951771502,36.101752955235],[-86.6066789298563,36.1017530369711],[-86.6066790305808,36.1017662229846],[-86.6067521456362,36.1017658551437],[-86.606752179215,36.1017702504815],[-86.6067873992198,36.101772270577],[-86.606787332065,36.1017634808027],[-86.606795455713,36.1017634399276],[-86.6067946476909,36.101657680547],[-86.6067946330039,36.1016557582063],[-86.6068244211533,36.1016556083191],[-86.6068241692925,36.1016226446367],[-86.6068404165595,36.101622562881]]]},"properties":{"id":"165246","parcel":"136030C12700CO","address":"0 PRIEST LAKE DR","owner":"O.I.C. HERITAGE VILLAGE OF PRIEST LAKE","point":[-86.60660276857503,36.10169090326105]}},{"type":"Feature","id":"165249","geometry":{"type":"Polygon","coordinates":[[[-86.6065202396107,36.1015406616697],[-86.6065197697084,36.1014791296396],[-86.6065163840962,36.1014095431782],[-86.6065167551941,36.1013399044745],[-86.6065208839973,36.1012703451094],[-86.6069137032069,36.1012903454583],[-86.6069156638154,36.1015469135199],[-86.6065202396107,36.1015406616697]],[[-86.6068239468106,36.1014163390247],[-86.6068246436282,36.1013303522959],[-86.6067298656607,36.1013308291737],[-86.6067300839039,36.1013593975205],[-86.6067219770823,36.1013616356097],[-86.6067221617527,36.1013858095193],[-86.6067004973137,36.1013859185126],[-86.6067005980344,36.101399103626],[-86.6067195538664,36.1013990082598],[-86.6067197049591,36.101418786831],[-86.60671983926,36.1014363672825],[-86.6067008834191,36.1014364626486],[-86.6067010009313,36.1014518458815],[-86.6067199399909,36.1014495532969],[-86.6067200910769,36.1014693309666],[-86.6067282325974,36.1014714882101],[-86.6067285012032,36.1015066491124],[-86.6068232793805,36.1015061722357],[-86.6068239468106,36.1014163390247]]]},"properties":{"id":"165249","parcel":"136030C12800CO","address":"0 PRIEST LAKE DR","owner":"O.I.C. HERITAGE VILLAGE OF PRIEST LAKE","point":[-86.60661800538878,36.10140435467394]}},{"type":"Feature","id":"165252","geometry":{"type":"Polygon","coordinates":[[[-86.6060665106765,36.1017011747241],[-86.6060593012969,36.1014660590059],[-86.6064519367905,36.1014618896516],[-86.6064564241408,36.1016948199358],[-86.6060665106765,36.1017011747241]],[[-86.6063254515984,36.1015658160126],[-86.6063253341588,36.1015504327798],[-86.6063036707848,36.1015505416962],[-86.6063035030013,36.1015285632029],[-86.6062953626175,36.1015264086289],[-86.6062951109768,36.1014934449443],[-86.6062138915484,36.1014960514531],[-86.6062141599266,36.1015312123563],[-86.6062033254658,36.101531266819],[-86.6062037406147,36.1015856574389],[-86.606203744804,36.1015862062929],[-86.6061820814201,36.1015863151874],[-86.6061853927599,36.10166541496],[-86.6063261897788,36.1016625089439],[-86.6063256025864,36.1015855936823],[-86.6063039224293,36.1015835053803],[-86.6063039182325,36.1015829556251],[-86.6063037882203,36.101565924929],[-86.6063254515984,36.1015658160126]]]},"properties":{"id":"165252","parcel":"136030C14000CO","address":"0 PRIEST LAKE DR","owner":"O.I.C. HERITAGE VILLAGE OF PRIEST LAKE","point":[-86.60637898389287,36.10157468710904]}},{"type":"Feature","id":"165307","geometry":{"type":"Polygon","coordinates":[[[-86.6052223362028,36.1021537387604],[-86.6052438825117,36.1021382468065],[-86.605354255567,36.1020519836081],[-86.605764551524,36.1022323300971],[-86.6057367900554,36.1022735513442],[-86.6057054303132,36.1023130367807],[-86.6056706395381,36.1023505809751],[-86.6056325961534,36.1023859883537],[-86.605591501974,36.1024190722378],[-86.6055475689275,36.1024496612197],[-86.6055010290158,36.1024775946063],[-86.6052223362028,36.1021537387604]]]},"properties":{"id":"165307","parcel":"13603003500","address":"3883 PRIEST LAKE DR","owner":"DANIEL, DONALD E.","point":[-86.60552855800253,36.10225220969251]}},{"type":"Feature","id":"165310","geometry":{"type":"Polygon","coordinates":[[[-86.6054037863653,36.1010891568844],[-86.6053879518264,36.1007881562956],[-86.6059330331297,36.1008887091042],[-86.6059106103038,36.1009680102982],[-86.6058922540419,36.1010479958504],[-86.6058779944265,36.1011285313218],[-86.6054037863653,36.1010891568844]]]},"properties":{"id":"165310","parcel":"13603004000","address":"3863 PRIEST LAKE DR","owner":"JARRELL, PATRICIA E. & MORRIS, MARIA F.","point":[-86.60565852897203,36.10092749348286]}},{"type":"Feature","id":"165312","geometry":{"type":"Polygon","coordinates":[[[-86.6058445449299,36.1002935853667],[-86.6057607600461,36.0999599602524],[-86.6060557869288,36.099940896784],[-86.606286528321,36.1000144551793],[-86.6062233636874,36.1001449471901],[-86.6061639580681,36.1002765964291],[-86.6061594460692,36.1002869594132],[-86.6061530943969,36.1002966656034],[-86.6061450424713,36.1003055024994],[-86.6061354676081,36.100313275436],[-86.6061242409988,36.1003194046406],[-86.6061119566003,36.1003240097004],[-86.6060989278048,36.1003269727759],[-86.6060854849792,36.1003282174008],[-86.6060719677323,36.1003277139287],[-86.6060587215418,36.1003254741425],[-86.6059203493263,36.1002910063075],[-86.6058950150604,36.1002889714428],[-86.6058695796443,36.100289836476],[-86.6058445449299,36.1002935853667]]]},"properties":{"id":"165312","parcel":"13603004400","address":"3847 PRIEST LAKE DR","owner":"PERFECTTI, FRANCELLY & HERNANDEZ, JOMY","point":[-86.60602269677857,36.10007893778478]}},{"type":"Feature","id":"165315","geometry":{"type":"Polygon","coordinates":[[[-86.6040223203694,36.1016644554733],[-86.6040171740175,36.1016554162506],[-86.6040133751497,36.1016455456142],[-86.603997687847,36.1015644627903],[-86.603978110001,36.101483938409],[-86.6039546703326,36.1014040967002],[-86.6039518625606,36.1013909242428],[-86.6043629519347,36.1013207375717],[-86.6045362606654,36.1013198689093],[-86.6045038309047,36.1016848440837],[-86.604408078196,36.101683671988],[-86.6043123519459,36.1016858307871],[-86.6042168286916,36.1016913159913],[-86.604161285004,36.1016962998112],[-86.6041058806074,36.1017022220338],[-86.6040915101027,36.1017018505937],[-86.6040773921455,36.1016996392909],[-86.6040638836673,36.1016956449205],[-86.604051321939,36.101689967637],[-86.6040400256737,36.1016827500478],[-86.6040302761276,36.1016741746042],[-86.6040223203694,36.1016644554733]]]},"properties":{"id":"165315","parcel":"13603005100","address":"101 CASTAWAY CT","owner":"WATSON, DAWN M.","point":[-86.60425292411357,36.10152507621794]}},{"type":"Feature","id":"165323","geometry":{"type":"Polygon","coordinates":[[[-86.6037967695131,36.1008936549075],[-86.603791276165,36.1008835178584],[-86.6037131988692,36.1006317263381],[-86.6041269262409,36.1005527362188],[-86.6042240438984,36.1008599234455],[-86.6042105231283,36.1008624705902],[-86.6038755451997,36.1009256756378],[-86.6038622303702,36.1009260983137],[-86.6038490161666,36.1009247107286],[-86.6038362726995,36.1009215506856],[-86.6038243593644,36.1009167074137],[-86.603813609267,36.1009103180413],[-86.6038043258434,36.100902561304],[-86.6037967695131,36.1008936549075]]]},"properties":{"id":"165323","parcel":"13603000600","address":"3871 LAKE AIRE DR","owner":"TORRES, EZEQUIEL & CHAVARRIA, HORTENSIA N","point":[-86.60396827721041,36.10074582402651]}},{"type":"Feature","id":"165330","geometry":{"type":"Polygon","coordinates":[[[-86.6049136888754,36.1000301421913],[-86.6053870863422,36.0999640349106],[-86.6053782141085,36.1002212063131],[-86.6049506154008,36.1002563170562],[-86.6049507781969,36.100240801728],[-86.6049488481747,36.100225365395],[-86.6049448478427,36.1002101927052],[-86.6049136888754,36.1000301421913]]]},"properties":{"id":"165330","parcel":"13603001600","address":"3848 LAKE AIRE DR","owner":"HANSEL, DIANE S & MATTHEW B","point":[-86.60515545839613,36.100120913007984]}},{"type":"Feature","id":"165333","geometry":{"type":"Polygon","coordinates":[[[-86.6049333336568,36.1004761710241],[-86.6049442322551,36.1004327948712],[-86.60495143546,36.1003889136152],[-86.6049549082019,36.100344733824],[-86.6049546343251,36.1003004664769],[-86.6049506154008,36.1002563170562],[-86.6053782141085,36.1002212063131],[-86.6053760091587,36.100287147298],[-86.6053672373582,36.1005575046976],[-86.6049333336568,36.1004761710241]]]},"properties":{"id":"165333","parcel":"13603001700","address":"3852 LAKE AIRE DR","owner":"ROSENMULLER, CHRISTOPH","point":[-86.60516327547373,36.100367516228545]}},{"type":"Feature","id":"165336","geometry":{"type":"Polygon","coordinates":[[[-86.6048663090933,36.100920435439],[-86.6048882365354,36.1009061718684],[-86.6049077644123,36.1008897734983],[-86.60492458153,36.1008715014575],[-86.6049384169359,36.1008516509213],[-86.6049490464987,36.100830540263],[-86.6049563017658,36.1008085074044],[-86.6049600655069,36.1007859080358],[-86.6053850924772,36.1007683913168],[-86.6053878513175,36.1007749702778],[-86.6053879518264,36.1007881562956],[-86.6054037863653,36.1010891568844],[-86.605413149563,36.1012517373297],[-86.6052483162719,36.1012987152851],[-86.6048663090933,36.100920435439]]]},"properties":{"id":"165336","parcel":"13603001900","address":"3860 LAKE AIRE DR","owner":"CHATHAM, STEPHANIE L.","point":[-86.60517514109763,36.10100492858049]}},{"type":"Feature","id":"165340","geometry":{"type":"Polygon","coordinates":[[[-86.6044428922197,36.1025730065324],[-86.604480551475,36.1021838313169],[-86.6047217956244,36.1022133885944],[-86.6048058260054,36.102223956416],[-86.6047680344541,36.1025955512808],[-86.6044428922197,36.1025730065324]]]},"properties":{"id":"165340","parcel":"13603003200","address":"3895 PRIEST LAKE DR","owner":"ALVAREZ-MARTINEZ, LEANDRO & ALBARRACIN, TERESITA JOSEFINA","point":[-86.60462392739765,36.10239848019079]}},{"type":"Feature","id":"165355","geometry":{"type":"Polygon","coordinates":[[[-86.6072433809467,36.1015524063721],[-86.6073194584767,36.1012311638542],[-86.6073655440677,36.1012375245676],[-86.6073915299433,36.1012423795305],[-86.6074162546105,36.1012504827185],[-86.6074391079384,36.1012616335181],[-86.6074595214167,36.1012755553994],[-86.6074769904354,36.1012919048168],[-86.6074904650434,36.1012991525713],[-86.6075051675676,36.1013046069146],[-86.6075207382549,36.1013081326652],[-86.6075367955203,36.1013096443216],[-86.6075529470386,36.1013091042041],[-86.6076076599565,36.1017351756277],[-86.6072433809467,36.1015524063721]]]},"properties":{"id":"165355","parcel":"136030C10500CO","address":"3604 COLONIAL HERITAGE CT","owner":"YOUNG, WILL, JR. ET UX","point":[-86.60742044829186,36.10143112491284]}},{"type":"Feature","id":"165358","geometry":{"type":"Polygon","coordinates":[[[-86.6070552764819,36.1010347033655],[-86.6071190241857,36.1008717558768],[-86.6074744859458,36.100964465183],[-86.6074975779408,36.1011511502756],[-86.6074703294106,36.101159370152],[-86.6074419430108,36.1011644584231],[-86.6074129632879,36.1011663168102],[-86.6073839452598,36.1011649091706],[-86.6071209560438,36.1011244774775],[-86.6071069046283,36.101121380243],[-86.6070937071874,36.101116386035],[-86.6070817502219,36.1011096425192],[-86.607071382839,36.1011013453174],[-86.6070629067508,36.1010917371562],[-86.6070565695348,36.1010810979868],[-86.6070525568123,36.1010697387156],[-86.6070509855097,36.1010579913237],[-86.607051900444,36.1010461980695],[-86.6070552764819,36.1010347033655]]]},"properties":{"id":"165358","parcel":"136030C11300CO","address":"3731 COLONIAL HERITAGE DR","owner":"GLASCO, COLIN","point":[-86.60727409162205,36.100999614646014]}},{"type":"Feature","id":"165360","geometry":{"type":"Polygon","coordinates":[[[-86.6073770716245,36.1002660970928],[-86.6074221913256,36.100187185996],[-86.6074706549232,36.1001095910189],[-86.6074785888123,36.1000997181636],[-86.6074880792,36.100090794619],[-86.6074989551888,36.1000829825734],[-86.6075110212848,36.1000764227086],[-86.6075220937185,36.1000693207757],[-86.6075320109282,36.1000611719746],[-86.607540623931,36.1000520996295],[-86.6078860241794,36.1002459515105],[-86.6078033061491,36.1004067986518],[-86.6073770716245,36.1002660970928]]]},"properties":{"id":"165360","parcel":"136030C12100CO","address":"3715 COLONIAL HERITAGE DR","owner":"MAGRUDER, JAY C","point":[-86.6076202900606,36.1002164582413]}},{"type":"Feature","id":"165454","geometry":{"type":"Polygon","coordinates":[[[-86.6059011052804,36.1055778656139],[-86.6059713430972,36.1055552612212],[-86.6060061587867,36.1056366748088],[-86.6059352275328,36.105657634279],[-86.6059011052804,36.1055778656139]]]},"properties":{"id":"165454","parcel":"136030B05200CO","address":"3880 PRIEST LAKE DR 97","owner":"DENTON, WANDA HUGHES","point":[-86.60595363386385,36.10560727022889]}},{"type":"Feature","id":"165456","geometry":{"type":"Polygon","coordinates":[[[-86.6050603329883,36.1058609158317],[-86.6055350447509,36.1044531260409],[-86.6053805852442,36.1044407149766],[-86.6056116440226,36.1027781191295],[-86.6055267919544,36.102659871069],[-86.6055784964698,36.1026335673776],[-86.6056284341894,36.1026051058777],[-86.6056764691036,36.1025745647637],[-86.6057224707835,36.1025420258075],[-86.6057663121948,36.1025075788756],[-86.6057881930269,36.1024915362706],[-86.6061068920216,36.1027338760436],[-86.6064600036345,36.1030059848923],[-86.606467124839,36.1037168942852],[-86.6064383069114,36.1046419814039],[-86.606136868556,36.1063071300638],[-86.6050603329883,36.1058609158317]],[[-86.6056498559251,36.1057469741609],[-86.6057251738565,36.1057243444018],[-86.6057293139623,36.1057344881502],[-86.6057961785641,36.1057129994537],[-86.6057906615838,36.1056998415608],[-86.605862247203,36.1056761318127],[-86.605868109218,36.1056901126327],[-86.6059373510393,36.1056697105651],[-86.6059348920073,36.1056579108526],[-86.6059352275328,36.105657634279],[-86.6060061587867,36.1056366748088],[-86.6060109794679,36.1056473640026],[-86.606130888859,36.1056124229574],[-86.606129156471,36.1056072123995],[-86.606129226477,36.1056035790212],[-86.6061298798645,36.1055999841694],[-86.6061311059951,36.105596489184],[-86.6061371503855,36.1055904130744],[-86.6061308711792,36.1055657227488],[-86.6061244480808,36.1055668536807],[-86.6061176694799,36.1055657890984],[-86.6061118912893,36.105562796174],[-86.6061077951776,36.1055584221588],[-86.6061060544011,36.105552112091],[-86.6060964549543,36.1055362276522],[-86.606045787353,36.1055507665333],[-86.6060378730685,36.1055340489579],[-86.6059713430972,36.1055552612212],[-86.6059011052804,36.1055778656139],[-86.6058298511001,36.1056007499588],[-86.6057558934071,36.1056241949124],[-86.6056913980443,36.1056451237153],[-86.6056164228471,36.1056688503833],[-86.6055171395223,36.1057006653935],[-86.6055646516907,36.1058050906153],[-86.6056612400691,36.1057749402312],[-86.6056498559251,36.1057469741609]],[[-86.6055160464978,36.1053353097383],[-86.6055873026264,36.1053127004547],[-86.6056649859829,36.1052895090751],[-86.6057311811296,36.1052691206202],[-86.6058058201559,36.1052462220314],[-86.6058720140162,36.1052261110968],[-86.6059510459693,36.1052018141062],[-86.6059472131558,36.1051875482053],[-86.6059890927652,36.1051747010458],[-86.6059780198507,36.1051437150788],[-86.6059773100854,36.1051390482545],[-86.6059783053187,36.1051362961771],[-86.6059803198293,36.1051340887541],[-86.6059830169767,36.1051327016635],[-86.6059702800056,36.1051050200082],[-86.6059658840296,36.1051055918719],[-86.6059624947464,36.1051050591257],[-86.6059594422278,36.1051039758127],[-86.6059562763606,36.1051008462807],[-86.6059536346113,36.1050974121893],[-86.605829343495,36.1051348472663],[-86.6058352033674,36.1051485532124],[-86.6057696753339,36.1051675648365],[-86.6057638217407,36.1051546808156],[-86.6056925658041,36.1051772902045],[-86.6057008804526,36.1052022470223],[-86.6056357015276,36.105222627654],[-86.6056257090176,36.1051996025717],[-86.6055503904243,36.1052222295736],[-86.6055548776037,36.1052334720393],[-86.6054822770819,36.1052574615924],[-86.6054809044188,36.1052549962953],[-86.6054678613958,36.1052314367398],[-86.6053739728833,36.1052604774772],[-86.6054221557846,36.1053640756352],[-86.6055160464978,36.1053353097383]],[[-86.6060970819085,36.1049530214112],[-86.6061101274366,36.1048881201497],[-86.6061221746682,36.1048254257102],[-86.6061332518395,36.1047687827774],[-86.6061436137735,36.1047071954546],[-86.6061566844196,36.1046455954166],[-86.606167013889,36.1045796136506],[-86.6061507492396,36.1045774971975],[-86.6061558625468,36.1045379137682],[-86.6061260241109,36.1045314709328],[-86.6061223003185,36.1045314896482],[-86.6061170161439,36.1045297686394],[-86.6061121136797,36.1045274202291],[-86.6061097259348,36.1045249600404],[-86.60607176246,36.1045185571247],[-86.6060690705174,36.1045207688554],[-86.606062657984,36.1045232732701],[-86.606059275018,36.1045235651588],[-86.6060555470306,36.1045230341173],[-86.6060347045528,36.1046308246348],[-86.6060536779242,36.1046329265902],[-86.6060406072072,36.1046945275184],[-86.6060216338145,36.1046924246598],[-86.6060112717879,36.1047540119724],[-86.606046509871,36.1047582304008],[-86.606037458622,36.1048143160728],[-86.60603679904,36.1048165166882],[-86.6060012096308,36.1048106524972],[-86.605989501029,36.1048733443216],[-86.6060091633846,36.1048770912485],[-86.6060095105045,36.104878189056],[-86.6059974560204,36.1049395090797],[-86.6059618862634,36.1049366640391],[-86.6059502772535,36.1050122696818],[-86.6060820972697,36.1050300121623],[-86.6060970819085,36.1049530214112]],[[-86.6058109339926,36.1044077872458],[-86.6058131386956,36.1043418463205],[-86.6058320952311,36.1043417510939],[-86.6058343345475,36.1042802045956],[-86.6057991123443,36.1042781842286],[-86.6058014019789,36.1042232311836],[-86.6058366062861,36.1042230543385],[-86.6058388444851,36.1041615078439],[-86.6058198891033,36.1041616030659],[-86.605822093792,36.1040956621364],[-86.6058410502687,36.1040955669084],[-86.6058456618853,36.1039900561522],[-86.605834812542,36.1039879124521],[-86.6058293794936,36.1039857424438],[-86.60582698758,36.1039827324942],[-86.6058266216157,36.1039791634925],[-86.6057941082379,36.1039771286155],[-86.6057911445156,36.1039799635833],[-86.6057877584511,36.1039824672017],[-86.6057840063815,36.103984599532],[-86.6057796179637,36.1039857175223],[-86.6057373059397,36.1039862049396],[-86.6057376411626,36.1040301564933],[-86.6057214101667,36.1040324362188],[-86.6057191551087,36.1040917836935],[-86.6057169492309,36.1041577255281],[-86.6057147276884,36.1042214683363],[-86.6057124380145,36.1042764240834],[-86.6057101996936,36.1043379678702],[-86.6057079949052,36.1044039087937],[-86.6057059398487,36.104489628279],[-86.6058467899692,36.1044933162892],[-86.6058488638565,36.1044097940073],[-86.6058109339926,36.1044077872458]],[[-86.6060762281664,36.104039443696],[-86.6060740259114,36.1041053846199],[-86.6060577770251,36.1041054662778],[-86.6060555557645,36.1041692099944],[-86.6060907600472,36.1041690330751],[-86.6060911625532,36.1042217752964],[-86.6060532663073,36.104224163045],[-86.6060537190971,36.1042834978178],[-86.6060699847944,36.1042856142787],[-86.6060677791956,36.1043515552152],[-86.606032574832,36.1043517321277],[-86.6060277622101,36.1044308717725],[-86.6061686144624,36.1044345593957],[-86.6061707193365,36.1043554324534],[-86.606175615678,36.1042872806888],[-86.606177853623,36.10422573509],[-86.6061801083352,36.1041663867074],[-86.6061823641547,36.1041070383183],[-86.606184568541,36.1040410973813],[-86.6061868411243,36.1039839462073],[-86.6061705922629,36.1039840278804],[-86.6061728984025,36.1039312720415],[-86.6061295524755,36.103929292604],[-86.6061238048634,36.103930145254],[-86.606120066428,36.1039282416296],[-86.6061186874745,36.1039249517067],[-86.6060831361901,36.1039240317278],[-86.6060804547428,36.1039276160438],[-86.6060770885769,36.1039301060515],[-86.6060727010436,36.1039317756266],[-86.6060591441226,36.1039296464549],[-86.6060599826253,36.1040395253375],[-86.6060762281664,36.104039443696]],[[-86.6061905096144,36.1037553705584],[-86.6061927340868,36.103691626816],[-86.606194938453,36.1036256858719],[-86.6061972613438,36.1035751281464],[-86.606199482474,36.1035113844177],[-86.6062016879401,36.1034454434651],[-86.6062039593836,36.1033882922879],[-86.606187708423,36.1033883739745],[-86.6061900167618,36.1033356190175],[-86.6061466711526,36.1033336386845],[-86.606140244046,36.1033342207642],[-86.6061358292951,36.1033323196381],[-86.6061330975557,36.1033293114021],[-86.6061002519032,36.1033283805347],[-86.6060975737947,36.1033319630324],[-86.6060942076478,36.1033344521396],[-86.6060898201546,36.1033361226168],[-86.6060762801024,36.1033361906643],[-86.6060771186226,36.1034460695629],[-86.6060933494884,36.1034437897893],[-86.6060911450498,36.1035097316357],[-86.6060776049681,36.1035097996833],[-86.6060726728272,36.1035735561323],[-86.6061078958425,36.1035755773154],[-86.6061082815813,36.1036261214258],[-86.6060730920858,36.1036284955788],[-86.6060735616616,36.1036900284789],[-86.6060871039952,36.1036899604206],[-86.6060876071182,36.1037558877543],[-86.6060524030186,36.1037560646727],[-86.6060475904594,36.1038352052312],[-86.6061884416495,36.1038388919306],[-86.6061905096144,36.1037553705584]],[[-86.6057431178613,36.1036828976756],[-86.6056672755914,36.1036810812907],[-86.6055887268507,36.1036792775475],[-86.6055912333429,36.1036528928363],[-86.6054991434218,36.103651157933],[-86.6054945816332,36.1037632621395],[-86.6055866716842,36.1037649970462],[-86.6056652216202,36.1037668007851],[-86.6057410628614,36.1037686171769],[-86.6058087802385,36.1037704725276],[-86.6058086629163,36.1037550920064],[-86.605870965136,36.1037569763267],[-86.6058734170704,36.1037234520058],[-86.6058750886085,36.1037206938268],[-86.6058774439081,36.1037187595805],[-86.6058808184594,36.1037173690882],[-86.6058842034887,36.103717352082],[-86.605886709884,36.103690967365],[-86.6058833164746,36.1036898857626],[-86.6058802575962,36.1036882527035],[-86.6058778687731,36.1036857925152],[-86.6058757946355,36.1036800338923],[-86.6058757443422,36.103673441339],[-86.6057430340552,36.1036719097863],[-86.6057431178613,36.1036828976756]],[[-86.6060855696815,36.1031339579615],[-86.6060418049572,36.1030770390387],[-86.6060035068207,36.1030266854372],[-86.6059652098364,36.1029763309161],[-86.6059241874745,36.1029237927737],[-86.6058804229818,36.1028668737894],[-86.6058448504691,36.1028187037444],[-86.6058313608146,36.1028253670228],[-86.6057985294034,36.1027815759952],[-86.6057597424049,36.1028001766126],[-86.6057553528377,36.1028015722004],[-86.6057509495873,36.1028013194295],[-86.6057472112071,36.1027994148918],[-86.6057175209717,36.1028127505349],[-86.6057179258759,36.1028209897356],[-86.6057149162239,36.102825951936],[-86.6057041184186,36.1028303989703],[-86.6057779384643,36.1029223301892],[-86.6057914113937,36.1029134715017],[-86.6058351725236,36.1029703914356],[-86.6058216850431,36.1029770519978],[-86.6058627241263,36.103031787392],[-86.6058923954356,36.1030162545074],[-86.6059279345386,36.1030600301007],[-86.6058982810931,36.1030777602059],[-86.6059392867467,36.1031281002362],[-86.6059527731325,36.1031214396668],[-86.6059965400385,36.10317835861],[-86.6059668697996,36.103193891514],[-86.6060188410752,36.1032617584366],[-86.606137541033,36.1032018266364],[-86.6060855696815,36.1031339579615]]]},"properties":{"id":"165456","parcel":"136030B05400CO","address":"0 PRIEST LAKE DR","owner":"O.I.C PRIEST LAKE CONDO P-2","point":[-86.60554907563571,36.10437838664317]}},{"type":"Feature","id":"165497","geometry":{"type":"Polygon","coordinates":[[[-86.6060061587867,36.1056366748088],[-86.6059713430972,36.1055552612212],[-86.6060378730685,36.1055340489579],[-86.606045787353,36.1055507665333],[-86.6060964549543,36.1055362276522],[-86.6061060544011,36.105552112091],[-86.6061077951776,36.1055584221588],[-86.6061118912893,36.105562796174],[-86.6061176694799,36.1055657890984],[-86.6061244480808,36.1055668536807],[-86.6061308711792,36.1055657227488],[-86.6061371503855,36.1055904130744],[-86.6061311059951,36.105596489184],[-86.6061298798645,36.1055999841694],[-86.606129226477,36.1056035790212],[-86.606129156471,36.1056072123995],[-86.606130888859,36.1056124229574],[-86.6060109794679,36.1056473640026],[-86.6060061587867,36.1056366748088]]]},"properties":{"id":"165497","parcel":"136030B05300CO","address":"3880 PRIEST LAKE DR 98","owner":"MADURAMENTE, MERCY GRACE ADORACION","point":[-86.60606079829759,36.10559321005342]}},{"type":"Feature","id":"165574","geometry":{"type":"Polygon","coordinates":[[[-86.6062037406147,36.1015856574389],[-86.6063039182325,36.1015829556251],[-86.6063039224293,36.1015835053803],[-86.6063256025864,36.1015855936823],[-86.6063261897788,36.1016625089439],[-86.6061853927599,36.10166541496],[-86.6061820814201,36.1015863151874],[-86.606203744804,36.1015862062929],[-86.6062037406147,36.1015856574389]]]},"properties":{"id":"165574","parcel":"136030C07100CO","address":"3870 PRIEST LAKE DR","owner":"ROBERSON, VICTORIA MARINA","point":[-86.60625478365218,36.1016244142169]}},{"type":"Feature","id":"165576","geometry":{"type":"Polygon","coordinates":[[[-86.6052695477948,36.1037292286324],[-86.6052772529357,36.1036742484117],[-86.60537208396,36.1036803652293],[-86.6053643788842,36.1037353454559],[-86.6052695477948,36.1037292286324]]]},"properties":{"id":"165576","parcel":"136030A09800CO","address":"3880 PRIEST LAKE DR 14","owner":"CONNOR, JOSHUA","point":[-86.60532081589312,36.10370479694196]}},{"type":"Feature","id":"165577","geometry":{"type":"Polygon","coordinates":[[[-86.6061276215816,36.102256877959],[-86.6061140481698,36.1022525506733],[-86.6061296151216,36.102207694511],[-86.6062307037169,36.1022354818381],[-86.606227716177,36.1022431883159],[-86.6062467057621,36.1022474883615],[-86.6062440809965,36.1022584898709],[-86.6062223838658,36.1022542016328],[-86.6061825022955,36.1023511014346],[-86.6060983866393,36.1023295475867],[-86.6061276215816,36.102256877959]]]},"properties":{"id":"165577","parcel":"136030C07300CO","address":"3876 B PRIEST LAKE DR","owner":"MASTERS, NEIL LEE & HAMILTON MATTHEW","point":[-86.60615935318764,36.1022939797011]}},{"type":"Feature","id":"165579","geometry":{"type":"Polygon","coordinates":[[[-86.6052071337324,36.1040679830518],[-86.6052094070199,36.1040108318967],[-86.6053042049412,36.1040125534313],[-86.6053043891861,36.1040367273271],[-86.6053179293583,36.1040366593664],[-86.6053181638548,36.1040674258149],[-86.6052071337324,36.1040679830518]]]},"properties":{"id":"165579","parcel":"136030A10100CO","address":"3880 PRIEST LAKE DR 17","owner":"JARRETT, DAVID ET UX","point":[-86.60526291351931,36.10405191725094]}},{"type":"Feature","id":"165580","geometry":{"type":"Polygon","coordinates":[[[-86.6071222935413,36.1004137999403],[-86.6069998280287,36.1003789792722],[-86.6070014952764,36.1003756740236],[-86.6069852135629,36.1003713604673],[-86.6070118055784,36.1003074940005],[-86.6069982324584,36.1003031677134],[-86.6070008402555,36.100289968062],[-86.6071745499138,36.100341837877],[-86.6071532385341,36.1003880939576],[-86.6071369546094,36.1003837831368],[-86.6071222935413,36.1004137999403]]]},"properties":{"id":"165580","parcel":"136030C07900CO","address":"3704 COLONIAL HERITAGE DR","owner":"RAY, ANTHONY J.","point":[-86.6070795484298,36.10035659811664]}},{"type":"Feature","id":"165582","geometry":{"type":"Polygon","coordinates":[[[-86.6051987137197,36.1043844889476],[-86.6052008854363,36.1043141526976],[-86.6053119494031,36.1043179908019],[-86.6053094919333,36.1043509680609],[-86.6052959517075,36.1043510360207],[-86.6052962196889,36.1043861969009],[-86.6051987137197,36.1043844889476]]]},"properties":{"id":"165582","parcel":"136030A10600CO","address":"3880 PRIEST LAKE DR 22","owner":"SAUCEMAN, TAYLOR","point":[-86.60525549486387,36.10433429750092]}},{"type":"Feature","id":"165583","geometry":{"type":"Polygon","coordinates":[[[-86.606696200103,36.101133482815],[-86.6067116196231,36.1010693986488],[-86.606692631405,36.1010650986695],[-86.6066952549723,36.1010540989553],[-86.6068769217279,36.1010839480227],[-86.6068664097203,36.1011257586942],[-86.6068501446559,36.1011236432404],[-86.6068426012804,36.1011549977255],[-86.606696200103,36.101133482815]]]},"properties":{"id":"165583","parcel":"136030C08500CO","address":"3716 COLONIAL HERITAGE DR","owner":"O'NEAL, LAURA JEAN","point":[-86.60678769718423,36.10110354679081]}},{"type":"Feature","id":"165585","geometry":{"type":"Polygon","coordinates":[[[-86.604763118111,36.1044394201234],[-86.6047601594597,36.1044064655309],[-86.6047439105105,36.1044065470118],[-86.6047463682306,36.1043735715674],[-86.6048601398605,36.1043773965104],[-86.6048579165205,36.1044411402062],[-86.604763118111,36.1044394201234]]]},"properties":{"id":"165585","parcel":"136030A10800CO","address":"3880 PRIEST LAKE DR 24","owner":"LUTZ, ALEXANDRA","point":[-86.60481009129059,36.10442317018661]}},{"type":"Feature","id":"165588","geometry":{"type":"Polygon","coordinates":[[[-86.604748356278,36.1042790623315],[-86.6047507972474,36.1042438878663],[-86.6048618599631,36.104247723687],[-86.6048596544935,36.1043136673001],[-86.6047648562018,36.1043119427125],[-86.6047646219533,36.1042811807709],[-86.604748356278,36.1042790623315]]]},"properties":{"id":"165588","parcel":"136030A11000CO","address":"3880 PRIEST LAKE DR 26","owner":"MURRELL, DAVID","point":[-86.60480539305483,36.10426339396254]}},{"type":"Feature","id":"165591","geometry":{"type":"Polygon","coordinates":[[[-86.6047545702973,36.1040284991847],[-86.6047543192744,36.1039955337149],[-86.6048653682747,36.1039971768048],[-86.6048658368757,36.1040587042966],[-86.6047710389226,36.1040569842198],[-86.6047708381083,36.104030613106],[-86.6047545702973,36.1040284991847]]]},"properties":{"id":"165591","parcel":"136030A11400CO","address":"3880 PRIEST LAKE DR 30","owner":"ROWLAND, ROBERT, SR.& FLOYD BROWN ET AL","point":[-86.60480996929684,36.10401283800765]}},{"type":"Feature","id":"165593","geometry":{"type":"Polygon","coordinates":[[[-86.6047813492959,36.1036327830624],[-86.6047838225842,36.1036020030314],[-86.604800088108,36.1036041196639],[-86.6048025446557,36.1035711424148],[-86.6048973922554,36.1035794568233],[-86.6048897203373,36.1036388323573],[-86.6047813492959,36.1036327830624]]]},"properties":{"id":"165593","parcel":"136030A11900CO","address":"3880 PRIEST LAKE DR 35","owner":"ROGERS, DAWN","point":[-86.60483740677753,36.10361860534974]}},{"type":"Feature","id":"165597","geometry":{"type":"Polygon","coordinates":[[[-86.6048228362502,36.1033908321838],[-86.6048253440983,36.1033644474812],[-86.6048090953624,36.1033645289709],[-86.6048142103638,36.1033249446797],[-86.6049253063865,36.1033331757739],[-86.6049176680254,36.1033969511561],[-86.6048228362502,36.1033908321838]]]},"properties":{"id":"165597","parcel":"136030A12200CO","address":"3880 PRIEST LAKE DR 38","owner":"WOHLGEMUTH SMART LIVING TRUST","point":[-86.60486728418157,36.103348785120986]}},{"type":"Feature","id":"165600","geometry":{"type":"Polygon","coordinates":[[[-86.6048267942517,36.1031996146465],[-86.6048292875806,36.1031710327136],[-86.6048455519,36.1031731484445],[-86.6048479916818,36.1031379739731],[-86.6049428365547,36.1031462892592],[-86.6049378923559,36.1032078502244],[-86.6048267942517,36.1031996146465]]]},"properties":{"id":"165600","parcel":"136030A12500CO","address":"3880 PRIEST LAKE DR 41","owner":"REITEN, MARK & HUTCHESON-REITEN, SUSAN RENEE","point":[-86.60489318019432,36.10317227446321]}},{"type":"Feature","id":"165664","geometry":{"type":"Polygon","coordinates":[[[-86.6047144133205,36.1030221670301],[-86.6047219514489,36.1029452110512],[-86.6048005340258,36.1029514106908],[-86.6047930785365,36.1030393545718],[-86.6047551504574,36.1030373465707],[-86.6047550500576,36.1030241614611],[-86.6047144133205,36.1030221670301]]]},"properties":{"id":"165664","parcel":"136030A12900CO","address":"3880 PRIEST LAKE DR 45","owner":"STEELE, KELLY ROCHELLE","point":[-86.60475770758084,36.10298678963992]}},{"type":"Feature","id":"165667","geometry":{"type":"Polygon","coordinates":[[[-86.6057191551087,36.1040917836935],[-86.6057214101667,36.1040324362188],[-86.6057376411626,36.1040301564933],[-86.6057373059397,36.1039862049396],[-86.6057796179637,36.1039857175223],[-86.6057840063815,36.103984599532],[-86.6057877584511,36.1039824672017],[-86.6057911445156,36.1039799635833],[-86.6057941082379,36.1039771286155],[-86.6058266216157,36.1039791634925],[-86.60582698758,36.1039827324942],[-86.6058293794936,36.1039857424438],[-86.605834812542,36.1039879124521],[-86.6058456618853,36.1039900561522],[-86.6058410502687,36.1040955669084],[-86.605822093792,36.1040956621364],[-86.6057191551087,36.1040917836935]]]},"properties":{"id":"165667","parcel":"136030B00500CO","address":"3880 PRIEST LAKE DR 50","owner":"MACAULAY, KELLY","point":[-86.60578138882728,36.10406231101937]}},{"type":"Feature","id":"165670","geometry":{"type":"Polygon","coordinates":[[[-86.6060776049681,36.1035097996833],[-86.6060911450498,36.1035097316357],[-86.606199482474,36.1035113844177],[-86.6061972613438,36.1035751281464],[-86.6061078958425,36.1035755773154],[-86.6060726728272,36.1035735561323],[-86.6060776049681,36.1035097996833]]]},"properties":{"id":"165670","parcel":"136030B02100CO","address":"3880 PRIEST LAKE DR 66","owner":"OSLER, JERRY","point":[-86.60613674263453,36.10354247247782]}},{"type":"Feature","id":"165720","geometry":{"type":"Polygon","coordinates":[[[-86.6060740259114,36.1041053846199],[-86.6060762281664,36.104039443696],[-86.606184568541,36.1040410973813],[-86.6061823641547,36.1041070383183],[-86.6060740259114,36.1041053846199]]]},"properties":{"id":"165720","parcel":"136030B02700CO","address":"3880 PRIEST LAKE DR 72","owner":"HERRING, RICHARD & KARR-HERRING, SUZANNE","point":[-86.6061292967043,36.10407324101178]}},{"type":"Feature","id":"165723","geometry":{"type":"Polygon","coordinates":[[[-86.6060577770251,36.1041054662778],[-86.6060740259114,36.1041053846199],[-86.6061823641547,36.1041070383183],[-86.6061801083352,36.1041663867074],[-86.6060907600472,36.1041690330751],[-86.6060555557645,36.1041692099944],[-86.6060577770251,36.1041054662778]]]},"properties":{"id":"165723","parcel":"136030B02800CO","address":"3880 PRIEST LAKE DR 73","owner":"HAWKINS, TOMAS R. & ROSYLUM A.","point":[-86.60611896935333,36.10413650783795]}},{"type":"Feature","id":"165727","geometry":{"type":"Polygon","coordinates":[[[-86.6060907600472,36.1041690330751],[-86.6061801083352,36.1041663867074],[-86.606177853623,36.10422573509],[-86.6060911625532,36.1042217752964],[-86.6060907600472,36.1041690330751]]]},"properties":{"id":"165727","parcel":"136030B02900CO","address":"3880 PRIEST LAKE DR 74","owner":"HEIDARI-BIGVAND, SANDRA","point":[-86.60613497811735,36.104195548885436]}},{"type":"Feature","id":"165730","geometry":{"type":"Polygon","coordinates":[[[-86.6060677791956,36.1043515552152],[-86.6060699847944,36.1042856142787],[-86.606175615678,36.1042872806888],[-86.6061707193365,36.1043554324534],[-86.6060677791956,36.1043515552152]]]},"properties":{"id":"165730","parcel":"136030B03100CO","address":"3880 PRIEST LAKE DR 76","owner":"HARDING, DYLAN","point":[-86.60612107726871,36.1043194159256]}},{"type":"Feature","id":"165733","geometry":{"type":"Polygon","coordinates":[[[-86.6060406072072,36.1046945275184],[-86.6060536779242,36.1046329265902],[-86.6061566844196,36.1046455954166],[-86.6061436137735,36.1047071954546],[-86.6060406072072,36.1046945275184]]]},"properties":{"id":"165733","parcel":"136030B03400CO","address":"3880 PRIEST LAKE DR 79","owner":"ROONEY, KRISTY & GEOFFREY","point":[-86.60609864579162,36.104670061481585]}},{"type":"Feature","id":"165736","geometry":{"type":"Polygon","coordinates":[[[-86.606037458622,36.1048143160728],[-86.606046509871,36.1047582304008],[-86.6061332518395,36.1047687827774],[-86.6061221746682,36.1048254257102],[-86.606037458622,36.1048143160728]]]},"properties":{"id":"165736","parcel":"136030B03600CO","address":"3880 PRIEST LAKE DR 81","owner":"KIMMEL, JENNIFER O.","point":[-86.60608496393155,36.104791548148306]}},{"type":"Feature","id":"165740","geometry":{"type":"Polygon","coordinates":[[[-86.6058352033674,36.1051485532124],[-86.605829343495,36.1051348472663],[-86.6059536346113,36.1050974121893],[-86.6059562763606,36.1051008462807],[-86.6059594422278,36.1051039758127],[-86.6059624947464,36.1051050591257],[-86.6059658840296,36.1051055918719],[-86.6059702800056,36.1051050200082],[-86.6059830169767,36.1051327016635],[-86.6059803198293,36.1051340887541],[-86.6059783053187,36.1051362961771],[-86.6059773100854,36.1051390482545],[-86.6059780198507,36.1051437150788],[-86.6059890927652,36.1051747010458],[-86.6059472131558,36.1051875482053],[-86.6059510459693,36.1052018141062],[-86.6058720140162,36.1052261110968],[-86.6058352033674,36.1051485532124]]]},"properties":{"id":"165740","parcel":"136030B04000CO","address":"3880 PRIEST LAKE DR 85","owner":"GODUCO, ERIC G. & MARIA PRECIOSA","point":[-86.60591290186932,36.1051616296331]}},{"type":"Feature","id":"165744","geometry":{"type":"Polygon","coordinates":[[[-86.6057696753339,36.1051675648365],[-86.6058352033674,36.1051485532124],[-86.6058720140162,36.1052261110968],[-86.6058058201559,36.1052462220314],[-86.6057696753339,36.1051675648365]]]},"properties":{"id":"165744","parcel":"136030B04100CO","address":"3880 PRIEST LAKE DR 86","owner":"PERRY, MICHELLE","point":[-86.60582062427628,36.105196837252514]}},{"type":"Feature","id":"165747","geometry":{"type":"Polygon","coordinates":[[[-86.6053739728833,36.1052604774772],[-86.6054678613958,36.1052314367398],[-86.6054809044188,36.1052549962953],[-86.6055160464978,36.1053353097383],[-86.6054221557846,36.1053640756352],[-86.6053739728833,36.1052604774772]]]},"properties":{"id":"165747","parcel":"136030B04600CO","address":"3880 PRIEST LAKE DR 91","owner":"CHRISTENSEN FAMILY TRUST, THE","point":[-86.60544552306781,36.10529789531938]}},{"type":"Feature","id":"165750","geometry":{"type":"Polygon","coordinates":[[[-86.6056164228471,36.1056688503833],[-86.6056913980443,36.1056451237153],[-86.6057251738565,36.1057243444018],[-86.6056498559251,36.1057469741609],[-86.6056164228471,36.1056688503833]]]},"properties":{"id":"165750","parcel":"136030B04800CO","address":"3880 PRIEST LAKE DR 93","owner":"HOLLAND, DIANA LYNN","point":[-86.60567082045087,36.10569659747762]}},{"type":"Feature","id":"165753","geometry":{"type":"Polygon","coordinates":[[[-86.6057558934071,36.1056241949124],[-86.6058298511001,36.1056007499588],[-86.605862247203,36.1056761318127],[-86.6057906615838,36.1056998415608],[-86.6057558934071,36.1056241949124]]]},"properties":{"id":"165753","parcel":"136030B05000CO","address":"3880 PRIEST LAKE DR 95","owner":"ATKINSON, LANA M.","point":[-86.60580945643433,36.105650164644715]}},{"type":"Feature","id":"165756","geometry":{"type":"Polygon","coordinates":[[[-86.6058298511001,36.1056007499588],[-86.6059011052804,36.1055778656139],[-86.6059352275328,36.105657634279],[-86.6059348920073,36.1056579108526],[-86.6059373510393,36.1056697105651],[-86.605868109218,36.1056901126327],[-86.605862247203,36.1056761318127],[-86.6058298511001,36.1056007499588]]]},"properties":{"id":"165756","parcel":"136030B05100CO","address":"3880 PRIEST LAKE DR 96","owner":"GOLDSMITH, RENEE E. & THOMAS R.","point":[-86.60588256758608,36.10562919222348]}},{"type":"Feature","id":"166228","geometry":{"type":"Polygon","coordinates":[[[-86.6065208839973,36.1012703451094],[-86.6065277444306,36.1012039336692],[-86.606538345545,36.1011378467985],[-86.6065526617315,36.1010722225197],[-86.6065706651602,36.1010071988663],[-86.6065809509159,36.100979951223],[-86.6069579582203,36.1010571707498],[-86.6069422910434,36.1011148346263],[-86.6069296783562,36.1011729887414],[-86.6069201437978,36.1012315284293],[-86.6069137032069,36.1012903454583],[-86.6065208839973,36.1012703451094]],[[-86.6068074561663,36.101207369083],[-86.6068205760917,36.1011523614764],[-86.6068422729399,36.1011566478056],[-86.6068426012804,36.1011549977255],[-86.6068501446559,36.1011236432404],[-86.6068664097203,36.1011257586942],[-86.6068769217279,36.1010839480227],[-86.6066952549723,36.1010540989553],[-86.606692631405,36.1010650986695],[-86.6067116196231,36.1010693986488],[-86.606696200103,36.101133482815],[-86.6066827392806,36.1011882172346],[-86.6066990200346,36.1011925308364],[-86.6066911650402,36.1012277335111],[-86.6066721756748,36.1012234335343],[-86.6066669117796,36.1012432411498],[-86.6067482338772,36.1012538185371],[-86.6067482842414,36.101260411094],[-86.6067808133182,36.1012646429336],[-86.6067834872332,36.1012602339724],[-86.6067943161039,36.1012601794855],[-86.6068022415503,36.1012337674644],[-86.6068157812434,36.1012336993354],[-86.6068210294511,36.1012116980943],[-86.6068074561663,36.101207369083]]]},"properties":{"id":"166228","parcel":"136030C12900CO","address":"0 PRIEST LAKE DR","owner":"O.I.C. HERITAGE VILLAGE OF PRIEST LAKE","point":[-86.60661723897331,36.10113566472162]}},{"type":"Feature","id":"166229","geometry":{"type":"Polygon","coordinates":[[[-86.6036326311152,36.1003640145197],[-86.6041923338157,36.1002513284383],[-86.6041955260859,36.1003150441508],[-86.6041987361938,36.1003809579772],[-86.6041269262409,36.1005527362188],[-86.6037131988692,36.1006317263381],[-86.6036326311152,36.1003640145197]]]},"properties":{"id":"166229","parcel":"13603000500","address":"3832 ANDERSON RD","owner":"STEGALL, TREVYN & KEMPTER, GABRIELA","point":[-86.60391295627863,36.100466021378914]}},{"type":"Feature","id":"166246","geometry":{"type":"Polygon","coordinates":[[[-86.6041987361938,36.1003809579772],[-86.6041955260859,36.1003150441508],[-86.6047827417669,36.1002593572733],[-86.6047873700732,36.1002996849498],[-86.6047881526656,36.1003401824251],[-86.6047850854778,36.1003806081783],[-86.6047781855507,36.1004207214839],[-86.6047674943707,36.1004602832958],[-86.6047530767727,36.1004990580557],[-86.6047350176303,36.1005368164134],[-86.6047134251521,36.1005733307039],[-86.6046884265229,36.1006083857845],[-86.6046601722971,36.1006417727044],[-86.6046288286397,36.1006732905455],[-86.6041987361938,36.1003809579772]]]},"properties":{"id":"166246","parcel":"13603000800","address":"3853 LAKE AIRE DR","owner":"GARCES FAMILY REVOCABLE LIVING TRUST & ET AL","point":[-86.60455111014288,36.10047898052295]}},{"type":"Feature","id":"166251","geometry":{"type":"Polygon","coordinates":[[[-86.6045115698154,36.1009222141853],[-86.6045412385327,36.1009096197844],[-86.604569244997,36.1008947291551],[-86.6045751346164,36.1008927168288],[-86.6045813445196,36.1008914915103],[-86.6045877150231,36.1008910846431],[-86.6045940840715,36.1008915078551],[-86.6046002883133,36.1008927484461],[-86.6046061709302,36.100894776559],[-86.6046115793674,36.1008975388826],[-86.6046323404625,36.1009122688408],[-86.6046554893633,36.1009245263486],[-86.6046804463684,36.1009341683052],[-86.604706764827,36.1009410230034],[-86.6047339751371,36.1009449675203],[-86.6047615903255,36.1009459312943],[-86.6047891171603,36.1009438969707],[-86.6048160639392,36.1009389021654],[-86.604841949339,36.1009310349135],[-86.6048663090933,36.100920435439],[-86.6052483162719,36.1012987152851],[-86.6051644040323,36.1013035319056],[-86.6047637282299,36.1013187284127],[-86.6045115698154,36.1009222141853]]]},"properties":{"id":"166251","parcel":"13603002000","address":"3864 LAKE AIRE DR","owner":"HARDAWAY, GRAYSON REID & VICTORIA JEANENE","point":[-86.60485423039277,36.101121826583956]}},{"type":"Feature","id":"166252","geometry":{"type":"Polygon","coordinates":[[[-86.6042115949579,36.1010033602791],[-86.6042629740984,36.1009937854878],[-86.6043629519347,36.1013207375717],[-86.6039518625606,36.1013909242428],[-86.6038741176875,36.1011385823136],[-86.6038727075852,36.101134098333],[-86.6038709572038,36.101123713622],[-86.6038712351377,36.1011132349359],[-86.6038735366829,36.1011029200622],[-86.6038778016083,36.1010930270665],[-86.6038839273661,36.1010837989043],[-86.6038917602211,36.1010754652685],[-86.6039011073847,36.1010682317131],[-86.6039117370008,36.1010622778507],[-86.6039233858655,36.1010577501041],[-86.6039357649786,36.1010547616781],[-86.6042115949579,36.1010033602791]]]},"properties":{"id":"166252","parcel":"13603002200","address":"3872 LAKE AIRE DR","owner":"BATTS, RONALD N","point":[-86.60411863904197,36.10122966053618]}},{"type":"Feature","id":"166253","geometry":{"type":"Polygon","coordinates":[[[-86.6049341483414,36.101649721339],[-86.6051644040323,36.1013035319056],[-86.6052483162719,36.1012987152851],[-86.605413149563,36.1012517373297],[-86.6054195205162,36.1013769723343],[-86.6054486605289,36.1016471393341],[-86.6054546462351,36.1017218274849],[-86.6050243978392,36.1017657445541],[-86.6050212678743,36.101745437462],[-86.6050145252011,36.1017257180987],[-86.6050043151714,36.1017070057273],[-86.6049908540601,36.1016896994269],[-86.6049744290035,36.1016741699818],[-86.6049553923639,36.1016607490938],[-86.6049341483414,36.101649721339]]]},"properties":{"id":"166253","parcel":"13603002600","address":"111 CASTAWAY CT","owner":"HENSON, GREGORY L. & MICHELLE W.","point":[-86.60523034769865,36.10151138475051]}},{"type":"Feature","id":"166254","geometry":{"type":"Polygon","coordinates":[[[-86.6050606102662,36.1022534451106],[-86.6048058260054,36.102223956416],[-86.6047217956244,36.1022133885944],[-86.6048196478718,36.1019052250888],[-86.6048446947699,36.1019075238926],[-86.6048698947888,36.1019070333862],[-86.6048947771085,36.101903763141],[-86.6049188790736,36.1018977740606],[-86.6049417517403,36.1018891774516],[-86.6049629687541,36.1018781340775],[-86.6052438825117,36.1021382468065],[-86.6052223362028,36.1021537387604],[-86.6050877234901,36.10225770458],[-86.6050606102662,36.1022534451106]]]},"properties":{"id":"166254","parcel":"13603002800","address":"108 CASTAWAY CT","owner":"DARBASHI, JAMAL S. AL","point":[-86.60495106217242,36.10202257818561]}},{"type":"Feature","id":"166255","geometry":{"type":"Polygon","coordinates":[[[-86.604480551475,36.1021838313169],[-86.604453438309,36.1021795717109],[-86.604466962724,36.1018212814633],[-86.6045239954339,36.1018225259434],[-86.6045807440992,36.1018273066112],[-86.604610690239,36.1018279153507],[-86.6046403053122,36.1018315729448],[-86.6046691190941,36.1018382204653],[-86.6046966765568,36.1018477529428],[-86.6047225389806,36.1018600193619],[-86.6047462984106,36.1018748252919],[-86.6047626261197,36.1018853009193],[-86.6047805014426,36.1018939536204],[-86.6047996189286,36.1019006326114],[-86.6048196478718,36.1019052250888],[-86.6047217956244,36.1022133885944],[-86.604480551475,36.1021838313169]]]},"properties":{"id":"166255","parcel":"13603002900","address":"104 CASTAWAY CT","owner":"SHENESKY, KAITLYN VICTORIA & ANGEL, GARRETT LAYNE","point":[-86.60461729157095,36.10204233501808]}},{"type":"Feature","id":"166256","geometry":{"type":"Polygon","coordinates":[[[-86.6040766848583,36.1020671808476],[-86.6040691347617,36.1019880022265],[-86.6040587087768,36.1019090389923],[-86.60405930068,36.1018974979373],[-86.6040624690071,36.1018863756867],[-86.6040677615994,36.1018757988805],[-86.6040750472125,36.1018660340513],[-86.6040841422352,36.1018573254622],[-86.6040948173253,36.1018498914681],[-86.6041068062599,36.1018439199658],[-86.6041198058735,36.101839560282],[-86.6041334927026,36.1018369212886],[-86.6041475196471,36.1018360705168],[-86.6042178636631,36.1018273578911],[-86.6042799269831,36.1018221322822],[-86.6043422300844,36.1018193749263],[-86.6044046252972,36.1018190901683],[-86.604466962724,36.1018212814633],[-86.604453438309,36.1021795717109],[-86.6040825284781,36.1021924185286],[-86.6040804471857,36.1021297733972],[-86.6040766848583,36.1020671808476]]]},"properties":{"id":"166256","parcel":"13603003000","address":"100 CASTAWAY CT","owner":"ROBERTS, JAYE L.","point":[-86.60426601839447,36.102028229473945]}},{"type":"Feature","id":"166280","geometry":{"type":"Polygon","coordinates":[[[-86.6053850924772,36.1007683913168],[-86.6053672373582,36.1005575046976],[-86.6053760091587,36.100287147298],[-86.605726033469,36.1003776917403],[-86.6057188591835,36.1003974953941],[-86.6057154291346,36.1004179480843],[-86.6057158197503,36.1004385861728],[-86.6057200263694,36.1004589437251],[-86.6057279488461,36.1004785579895],[-86.6057394116553,36.1004969846182],[-86.6057541517388,36.1005138058396],[-86.6053878513175,36.1007749702778],[-86.6053850924772,36.1007683913168]]]},"properties":{"id":"166280","parcel":"13603004200","address":"3855 PRIEST LAKE DR","owner":"PEMBERTON, RANDY MILLS & GOLDEN, KAREN S. PEMBERTON","point":[-86.60554536257752,36.100535604953485]}},{"type":"Feature","id":"166281","geometry":{"type":"Polygon","coordinates":[[[-86.6053760091587,36.100287147298],[-86.6053782141085,36.1002212063131],[-86.6053870863422,36.0999640349106],[-86.6057282650794,36.0999601234763],[-86.6057607600461,36.0999599602524],[-86.6058445449299,36.1002935853667],[-86.6058188310143,36.1003007444759],[-86.6057947913545,36.1003110442166],[-86.6057730015454,36.100324235651],[-86.6057539866939,36.1003400024996],[-86.6057382047884,36.1003579648299],[-86.605726033469,36.1003776917403],[-86.6053760091587,36.100287147298]]]},"properties":{"id":"166281","parcel":"13603004300","address":"3851 PRIEST LAKE DR","owner":"BURNETT, DEBRA L. & STEVE","point":[-86.6055885331016,36.10009329847402]}},{"type":"Feature","id":"166284","geometry":{"type":"Polygon","coordinates":[[[-86.6045038309047,36.1016848440837],[-86.6045362606654,36.1013198689093],[-86.6047637282299,36.1013187284127],[-86.6051644040323,36.1013035319056],[-86.6049341483414,36.101649721339],[-86.6049081478091,36.1016417727533],[-86.6048809391788,36.1016372063886],[-86.6048531863211,36.1016361342774],[-86.604825565774,36.1016385818668],[-86.6047987523194,36.101644489894],[-86.604773398988,36.1016537135849],[-86.6047501248835,36.1016660281225],[-86.6047135772661,36.1016767698002],[-86.6046759076171,36.1016845510046],[-86.6046374785331,36.1016892969139],[-86.6045986628257,36.1016909614958],[-86.6045513092458,36.1016872711449],[-86.6045038309047,36.1016848440837]]]},"properties":{"id":"166284","parcel":"13603005200","address":"109 CASTAWAY CT","owner":"CHAVEZ, FRANCISCO GUZMAN","point":[-86.60478492418723,36.101478299247276]}},{"type":"Feature","id":"166417","geometry":{"type":"Polygon","coordinates":[[[-86.6041269262409,36.1005527362188],[-86.6041987361938,36.1003809579772],[-86.6046288286397,36.1006732905455],[-86.6045958175839,36.1007027131669],[-86.6045602220914,36.1007300794131],[-86.6045222376017,36.1007552404931],[-86.6044820707633,36.1007780610795],[-86.6044399371784,36.1007984148124],[-86.6043960714527,36.1008161914601],[-86.6043507083024,36.1008312952109],[-86.6043040969772,36.1008436427982],[-86.6042564890723,36.1008531671672],[-86.6042240438984,36.1008599234455],[-86.6041269262409,36.1005527362188]]]},"properties":{"id":"166417","parcel":"13603000700","address":"3865 LAKE AIRE DR","owner":"HAMILTON, GLENDA KATHLEEN","point":[-86.6043433393455,36.100612899604535]}},{"type":"Feature","id":"166424","geometry":{"type":"Polygon","coordinates":[[[-86.6049333336568,36.1004761710241],[-86.6053672373582,36.1005575046976],[-86.6053850924772,36.1007683913168],[-86.6049600655069,36.1007859080358],[-86.6049586570646,36.1007615284626],[-86.6049527830469,36.1007375921849],[-86.6049425730392,36.1007146357107],[-86.6049282564022,36.1006931725151],[-86.6049101544229,36.1006736831662],[-86.6048886713402,36.1006566036531],[-86.604883580023,36.1006526077114],[-86.6048793027337,36.1006480254642],[-86.6048759435822,36.1006429654434],[-86.6048735778937,36.1006375480419],[-86.6048722643833,36.1006319000446],[-86.6048720329405,36.1006261546901],[-86.6048728890506,36.1006204489443],[-86.6048748137462,36.1006149171919],[-86.604897673142,36.1005696298372],[-86.6049172019483,36.1005233272269],[-86.6049333336568,36.1004761710241]]]},"properties":{"id":"166424","parcel":"13603001800","address":"3856 LAKE AIRE DR","owner":"MICHELETTO-BLOUIN, AMANDA M. & STEPHAN","point":[-86.60512279073585,36.100629853621804]}},{"type":"Feature","id":"166427","geometry":{"type":"Polygon","coordinates":[[[-86.6047680344541,36.1025955512808],[-86.6048058260054,36.102223956416],[-86.6050606102662,36.1022534451106],[-86.6051174319851,36.1026025896323],[-86.6050682968559,36.1026072641178],[-86.6050189022065,36.1026095082524],[-86.604969432346,36.1026093148023],[-86.60492006721,36.1026066855687],[-86.6048709889965,36.1026016277494],[-86.6047680344541,36.1025955512808]]]},"properties":{"id":"166427","parcel":"13603003300","address":"3891 PRIEST LAKE DR","owner":"MUSE, PAMELA M.","point":[-86.60493700789115,36.10242457308747]}},{"type":"Feature","id":"166448","geometry":{"type":"Polygon","coordinates":[[[-86.6054195205162,36.1013769723343],[-86.605855500113,36.1013747828133],[-86.6058602036402,36.1016362814711],[-86.6054486605289,36.1016471393341],[-86.6054195205162,36.1013769723343]]]},"properties":{"id":"166448","parcel":"13603003800","address":"3871 PRIEST LAKE DR","owner":"HALL, HEIDI","point":[-86.60564565806226,36.101506646181384]}},{"type":"Feature","id":"166449","geometry":{"type":"Polygon","coordinates":[[[-86.6053879518264,36.1007881562956],[-86.6053878513175,36.1007749702778],[-86.6057541517388,36.1005138058396],[-86.6057696205612,36.1005286144614],[-86.6057879424694,36.1005410960828],[-86.6058085949855,36.1005508928182],[-86.6059551078968,36.1005875171796],[-86.6059670527274,36.1005910919927],[-86.6059781823058,36.1005961102339],[-86.6059882314189,36.1006024542683],[-86.6059969623753,36.1006099747778],[-86.6060041694553,36.1006184916408],[-86.6060096823314,36.1006278056308],[-86.6060133693725,36.1006376947952],[-86.6060151455071,36.100647926132],[-86.606014886441,36.1006583659761],[-86.6060125919014,36.100668542062],[-86.6059838942141,36.1007414054706],[-86.6059573695469,36.1008148086297],[-86.6059330331297,36.1008887091042],[-86.6053879518264,36.1007881562956]]]},"properties":{"id":"166449","parcel":"13603004100","address":"3859 PRIEST LAKE DR","owner":"ANDERSON, MORRIS P. JR. & PEGGY MAURENE","point":[-86.60574331124326,36.10070413522887]}},{"type":"Feature","id":"167305","geometry":{"type":"Polygon","coordinates":[[[-86.605354255567,36.1020519836081],[-86.6054188786699,36.1020033104393],[-86.6054315976387,36.1018955616426],[-86.6058677175266,36.1019109525118],[-86.6058644002561,36.1019604598566],[-86.6058568392745,36.1020096586548],[-86.6058450727321,36.1020583098766],[-86.6058301285544,36.1021032935591],[-86.6058116738245,36.102147410726],[-86.6057897849076,36.1021904816389],[-86.605764551524,36.1022323300971],[-86.605354255567,36.1020519836081]]]},"properties":{"id":"167305","parcel":"13603003600","address":"3879 PRIEST LAKE DR","owner":"BURR, JON","point":[-86.60562713318228,36.10208010918107]}},{"type":"Feature","id":"167307","geometry":{"type":"Polygon","coordinates":[[[-86.6054486605289,36.1016471393341],[-86.6058602036402,36.1016362814711],[-86.6058677175266,36.1019109525118],[-86.6054315976387,36.1018955616426],[-86.6054546462351,36.1017218274849],[-86.6054486605289,36.1016471393341]]]},"properties":{"id":"167307","parcel":"13603003700","address":"3875 PRIEST LAKE DR","owner":"REID FAMILY REVOCABLE TRUST","point":[-86.60565404004,36.10180938890628]}},{"type":"Feature","id":"167309","geometry":{"type":"Polygon","coordinates":[[[-86.605413149563,36.1012517373297],[-86.6054037863653,36.1010891568844],[-86.6058779944265,36.1011285313218],[-86.6058684622545,36.1012104868781],[-86.6058609634924,36.1012925818275],[-86.605855500113,36.1013747828133],[-86.6054195205162,36.1013769723343],[-86.605413149563,36.1012517373297]]]},"properties":{"id":"167309","parcel":"13603003900","address":"3867 PRIEST LAKE DR","owner":"QUIGLEY, WILLIAM JOSEPH SR. & RACHEL ROGERS","point":[-86.60563921438971,36.10123110708236]}},{"type":"Feature","id":"167916","geometry":{"type":"Polygon","coordinates":[[[-86.6066809259088,36.1016601760174],[-86.6066777212135,36.1015948111152],[-86.6066560578279,36.1015949200949],[-86.6066559738976,36.1015839322005],[-86.6068400807365,36.1015786113041],[-86.6068404165595,36.101622562881],[-86.6068241692925,36.1016226446367],[-86.6068244211533,36.1016556083191],[-86.6067946330039,36.1016557582063],[-86.6067946476909,36.101657680547],[-86.6066809259088,36.1016601760174]]]},"properties":{"id":"167916","parcel":"136030C08900CO","address":"3724 COLONIAL HERITAGE DR","owner":"DEVRIES, JOHN MARK & RAMELLE ANN","point":[-86.60675935310601,36.101608778005016]}},{"type":"Feature","id":"167918","geometry":{"type":"Polygon","coordinates":[[[-86.606752179215,36.1017702504815],[-86.6067521456362,36.1017658551437],[-86.6066790305808,36.1017662229846],[-86.6066789298563,36.1017530369711],[-86.6066951771502,36.101752955235],[-86.606694942134,36.1017221896727],[-86.6066841109792,36.1017222441618],[-86.6066809259088,36.1016601760174],[-86.6067946476909,36.101657680547],[-86.606795455713,36.1017634399276],[-86.606787332065,36.1017634808027],[-86.6067873992198,36.101772270577],[-86.606752179215,36.1017702504815]]]},"properties":{"id":"167918","parcel":"136030C09000CO","address":"3726 COLONIAL HERITAGE DR","owner":"HILBY, SARAH","point":[-86.60673871123473,36.10169134950982]}},{"type":"Feature","id":"167920","geometry":{"type":"Polygon","coordinates":[[[-86.6067230961176,36.1018626988383],[-86.6067228610834,36.1018319323757],[-86.6068013755518,36.1018293400377],[-86.6068015098714,36.1018469204873],[-86.6068150496691,36.1018468523584],[-86.6068192308772,36.1019067172806],[-86.6067180199247,36.1019072265151],[-86.6067176967604,36.1018649233053],[-86.6067230961176,36.1018626988383]]]},"properties":{"id":"167920","parcel":"136030C09100CO","address":"3728 COLONIAL HERITAGE DR","owner":"ELYAS, MOURAD H.","point":[-86.60676781888971,36.10188581818715]}},{"type":"Feature","id":"167922","geometry":{"type":"Polygon","coordinates":[[[-86.6067223830385,36.1021242246963],[-86.6067495265483,36.1021240106243],[-86.6067765289632,36.1021217549724],[-86.6068062428506,36.1021150604227],[-86.6068348390359,36.1021056920066],[-86.6068619519298,36.1020937687299],[-86.6068872372923,36.1020794419371],[-86.6071193128112,36.1023266104649],[-86.6067323689502,36.1027219398402],[-86.6067223830385,36.1021242246963]]]},"properties":{"id":"167922","parcel":"136030C09500CO","address":"3751 COLONIAL HERITAGE DR","owner":"CHANDLER, DONALD A. ET UX","point":[-86.6068274485858,36.102523952494515]}},{"type":"Feature","id":"167924","geometry":{"type":"Polygon","coordinates":[[[-86.6076076599565,36.1017351756277],[-86.6075529470386,36.1013091042041],[-86.6075700444883,36.1013067847126],[-86.6075864372555,36.1013022128832],[-86.6076016787154,36.1012955117371],[-86.6076153538142,36.1012868663241],[-86.6076270856293,36.1012765101712],[-86.607636557608,36.1012647287747],[-86.6080006130605,36.1014189285343],[-86.6076674537827,36.1017634437921],[-86.6076076599565,36.1017351756277]]]},"properties":{"id":"167924","parcel":"136030C10700CO","address":"3608 COLONIAL HERITAGE CT","owner":"SLAGLE, LORENA & JAMES","point":[-86.60771741407905,36.10157676835741]}},{"type":"Feature","id":"167926","geometry":{"type":"Polygon","coordinates":[[[-86.607540623931,36.1000520996295],[-86.6075481651991,36.1000402639721],[-86.6075534738769,36.1000276563558],[-86.6075564387949,36.1000145522293],[-86.6075569910522,36.1000012358409],[-86.6075551195508,36.0999879983576],[-86.6075508664905,36.0999751297769],[-86.6080641058875,36.0998077172351],[-86.6081075505725,36.099822881998],[-86.6078860241794,36.1002459515105],[-86.607540623931,36.1000520996295]]]},"properties":{"id":"167926","parcel":"136030C12300CO","address":"3711 COLONIAL HERITAGE DR","owner":"KHALIL, MICHAEL & SOLIMAN, RASHED","point":[-86.6077789733745,36.10002183778031]}},{"type":"Feature","id":"167962","geometry":{"type":"Polygon","coordinates":[[[-86.6065809509159,36.100979951223],[-86.6066260270967,36.1008541825866],[-86.6066738125903,36.1007289500754],[-86.6070455572209,36.1008259742357],[-86.6069738201976,36.1010065439293],[-86.6069665671772,36.1010229872055],[-86.6069612635809,36.1010399136658],[-86.6069579582203,36.1010571707498],[-86.6065809509159,36.100979951223]],[[-86.6069050590223,36.1009121157499],[-86.6069107140409,36.1008991756553],[-86.6069215629912,36.1009013192602],[-86.6069508470355,36.1008352419647],[-86.6069372726905,36.100830912072],[-86.6069452966067,36.1008176878687],[-86.606866598437,36.1007961072894],[-86.6068532771115,36.1008247446756],[-86.6068478610401,36.1008247719302],[-86.6068371979167,36.1008468022257],[-86.6068155000429,36.1008425159009],[-86.6068101847084,36.1008557282688],[-86.6068291885671,36.1008622263554],[-86.6068211847602,36.1008776495553],[-86.6067940383406,36.1008689960367],[-86.6067897160525,36.1008791814391],[-86.6067700862871,36.1009240581466],[-86.6067836595077,36.1009283853599],[-86.6067677145833,36.1009680233536],[-86.6068220074972,36.1009853312973],[-86.6068193503812,36.1009919374784],[-86.606849204339,36.1010005782678],[-86.6068545700495,36.1009939584559],[-86.6068816997289,36.101000414742],[-86.6069003196118,36.1009563677638],[-86.6068867631765,36.1009542386836],[-86.6069050590223,36.1009121157499]]]},"properties":{"id":"167962","parcel":"136030C13000CO","address":"0 PRIEST LAKE DR","owner":"O.I.C. HERITAGE VILLAGE OF PRIEST LAKE","point":[-86.6066995993189,36.10088868428285]}},{"type":"Feature","id":"167964","geometry":{"type":"Polygon","coordinates":[[[-86.6070455572209,36.1008259742357],[-86.6066738125903,36.1007289500754],[-86.6067046634439,36.1006461075883],[-86.6067471502785,36.1005360106371],[-86.6067800329846,36.1004537049757],[-86.6071544817204,36.1005507169977],[-86.6070455572209,36.1008259742357]],[[-86.6069476010361,36.1007649328802],[-86.6069768346186,36.1006922621172],[-86.6069931152869,36.1006965756798],[-86.6070104106906,36.1006563810788],[-86.607019724205,36.1006349073364],[-86.6070305731154,36.1006370500305],[-86.60706254987,36.1005687618449],[-86.6070001303261,36.1005514940126],[-86.6070081530793,36.1005382680073],[-86.6069755918077,36.1005296408835],[-86.6069702765277,36.1005428541608],[-86.606926865254,36.10053208433],[-86.6069029145047,36.1005871464653],[-86.6068839085054,36.1005806511048],[-86.6068785931861,36.1005938616741],[-86.6069220033764,36.1006046315277],[-86.6069127024352,36.1006277536275],[-86.6069113738904,36.10063105717],[-86.6068896603925,36.1006245736338],[-86.6068843618812,36.1006399841258],[-86.6069033679085,36.1006464812886],[-86.6068634711669,36.1007411814318],[-86.6069476010361,36.1007649328802]]]},"properties":{"id":"167964","parcel":"136030C13100CO","address":"0 PRIEST LAKE DR","owner":"O.I.C. HERITAGE VILLAGE OF PRIEST LAKE","point":[-86.60679642836206,36.10063798875268]}},{"type":"Feature","id":"167966","geometry":{"type":"Polygon","coordinates":[[[-86.6063539510412,36.1003327810824],[-86.6063843335565,36.1002540301004],[-86.6064180534654,36.1001761780198],[-86.6064550726136,36.1000993196634],[-86.606820000075,36.1001908846406],[-86.6067725081162,36.1002974828348],[-86.6067275302883,36.1004047983888],[-86.6067145602743,36.1004350815221],[-86.6063539510412,36.1003327810824]],[[-86.6065921941392,36.1003249892286],[-86.606602860592,36.1003029589351],[-86.6066245739786,36.1003094425235],[-86.6066299060897,36.100298427381],[-86.6066081927057,36.1002919437936],[-86.6066171770774,36.1002715703882],[-86.6066268293632,36.1002500949703],[-86.6066458184867,36.100254394054],[-86.6066511494806,36.100243378916],[-86.606629452899,36.1002390934527],[-86.606640117102,36.1002170622655],[-86.6066319622685,36.1002127086806],[-86.6066425727809,36.1001840849511],[-86.6065557182765,36.100158150592],[-86.6065396894803,36.1001868006648],[-86.6065261331791,36.1001846706423],[-86.6065018424429,36.1002397353132],[-86.6064782123021,36.1002925975499],[-86.6064944939581,36.1002969093722],[-86.6064811893741,36.1003277457425],[-86.606570751511,36.1003536674371],[-86.6065840728593,36.1003250300788],[-86.6065921941392,36.1003249892286]]]},"properties":{"id":"167966","parcel":"136030C13500CO","address":"0 PRIEST LAKE DR","owner":"O.I.C. HERITAGE VILLAGE OF PRIEST LAKE","point":[-86.60670424102449,36.10026346837341]}},{"type":"Feature","id":"167968","geometry":{"type":"Polygon","coordinates":[[[-86.606242298704,36.1006058531085],[-86.6063373286004,36.1003724224311],[-86.6063539510412,36.1003327810824],[-86.6067145602743,36.1004350815221],[-86.6066531366736,36.1005925238623],[-86.6066086805976,36.1007103230479],[-86.606242298704,36.1006058531085]],[[-86.6064968503968,36.1005172154944],[-86.6065148088769,36.1004748203256],[-86.6065365223032,36.1004813039295],[-86.6065418376582,36.1004680915723],[-86.6065201242281,36.1004616070681],[-86.6065280967067,36.1004417885361],[-86.606522663875,36.1004396176559],[-86.6065359516956,36.1004065858653],[-86.606459979405,36.1003871895158],[-86.6064466747719,36.1004180231778],[-86.6064303930867,36.1004137104479],[-86.606409115938,36.1004643635324],[-86.6064145487614,36.1004665335165],[-86.6064052570648,36.1004910290707],[-86.6063986194178,36.1005083695917],[-86.6064040522439,36.1005105395763],[-86.6063774596717,36.1005744059059],[-86.6063720436172,36.1005744331392],[-86.6063614441774,36.100605254089],[-86.6064509931354,36.1006289777339],[-86.6064749285431,36.1005717184644],[-86.6064966419927,36.1005782020753],[-86.6064992655573,36.1005672005615],[-86.6064775666675,36.1005629141811],[-86.6064968503968,36.1005172154944]]]},"properties":{"id":"167968","parcel":"136030C13600CO","address":"0 PRIEST LAKE DR","owner":"O.I.C. HERITAGE VILLAGE OF PRIEST LAKE","point":[-86.60658028641365,36.10054037048048]}},{"type":"Feature","id":"167970","geometry":{"type":"Polygon","coordinates":[[[-86.6060731504661,36.1011517273255],[-86.6060825158056,36.1010872320453],[-86.6060952590962,36.1010231190498],[-86.6061113556819,36.1009595056276],[-86.606130776437,36.1008965054839],[-86.6065155281494,36.1009679184187],[-86.6065026176844,36.1010061675749],[-86.6064973064851,36.1010199296838],[-86.6064830971716,36.1010759936187],[-86.6064717875338,36.1011324899999],[-86.6064633957069,36.1011893204982],[-86.6060731504661,36.1011517273255]],[[-86.6063192880751,36.1011131268968],[-86.6063245363986,36.101091123874],[-86.6063462164287,36.1010932130738],[-86.6063488400312,36.1010822115646],[-86.6063271465615,36.1010779251299],[-86.6063320129913,36.101050704756],[-86.6063349312668,36.1010339327182],[-86.6063566112746,36.101036021015],[-86.6063592359843,36.1010250194998],[-86.6063375391981,36.1010207330836],[-86.6063427863999,36.1009987300652],[-86.6063346460557,36.100996573691],[-86.606339844037,36.1009679781094],[-86.6062449490759,36.1009530713711],[-86.6062370603469,36.1009838777782],[-86.6062235206959,36.1009839458422],[-86.6062124178707,36.1010372957178],[-86.6062000043226,36.1010961454379],[-86.6062162850316,36.101100459105],[-86.6062083962838,36.1011312664103],[-86.6063060000461,36.1011461586577],[-86.6063111644934,36.1011131677398],[-86.6063192880751,36.1011131268968]]]},"properties":{"id":"167970","parcel":"136030C13800CO","address":"0 PRIEST LAKE DR","owner":"O.I.C. HERITAGE VILLAGE OF PRIEST LAKE","point":[-86.60641208419153,36.10104445976879]}},{"type":"Feature","id":"167972","geometry":{"type":"Polygon","coordinates":[[[-86.6060710304511,36.1019385003466],[-86.6060665106765,36.1017011747241],[-86.6064564241408,36.1016948199358],[-86.60646111177,36.1019541204356],[-86.6064598331183,36.1019655631136],[-86.6064563175698,36.1019766934838],[-86.6064506540006,36.1019872244942],[-86.6064429913869,36.1019968859149],[-86.6064335232927,36.1020054289222],[-86.606422495712,36.1020126350721],[-86.6064101904246,36.1020183181861],[-86.6063969239404,36.1020223315677],[-86.6063830375526,36.1020245743603],[-86.6063668699575,36.1020249197262],[-86.6063209069531,36.102019827006],[-86.6061391957983,36.1019996921384],[-86.6061267245078,36.101997305162],[-86.6061148775611,36.1019933423258],[-86.6061039566949,36.1019879039571],[-86.606094236171,36.1019811283753],[-86.6060859649557,36.1019731864723],[-86.6060793511655,36.10196428089],[-86.6060752165566,36.1019560018501],[-86.6060724274456,36.1019473609467],[-86.6060710304511,36.1019385003466]],[[-86.6063063885444,36.1019065478478],[-86.6063062879023,36.1018933645381],[-86.6062846412079,36.1018956706694],[-86.6062841882591,36.1018363358622],[-86.606283936622,36.1018033721801],[-86.6063055832912,36.101801066049],[-86.6063054994092,36.1017900781549],[-86.6062838359699,36.1017901870677],[-86.6062806408476,36.1017264705382],[-86.6061858791814,36.1017291451081],[-86.6061861307776,36.101762108791],[-86.6061698834813,36.1017621904585],[-86.6061730941756,36.1018281042142],[-86.6061866171934,36.1018258380363],[-86.606186701059,36.1018368259304],[-86.6061869526627,36.1018697905136],[-86.6061815365198,36.1018698177382],[-86.6061847483387,36.1019357314863],[-86.606198288152,36.1019356634267],[-86.6061984558866,36.1019576392142],[-86.6062796947884,36.1019572308243],[-86.6062821506708,36.1019242535316],[-86.6062847250733,36.1019066567607],[-86.6063063885444,36.1019065478478]]]},"properties":{"id":"167972","parcel":"136030C14100CO","address":"0 PRIEST LAKE DR","owner":"O.I.C. HERITAGE VILLAGE OF PRIEST LAKE","point":[-86.60637181286853,36.10185391606712]}},{"type":"Feature","id":"167976","geometry":{"type":"Polygon","coordinates":[[[-86.6059412236499,36.1023171517427],[-86.6059702793428,36.1022711886597],[-86.6059955868854,36.1022237888483],[-86.6060170389755,36.1021751529327],[-86.6060345438939,36.1021254859646],[-86.6060385287321,36.1021153013879],[-86.6060445478523,36.1021056563641],[-86.6060533680423,36.1020957404007],[-86.6060640606102,36.1020871236747],[-86.6060763396564,36.1020800347428],[-86.6060898779024,36.102074664517],[-86.6061043132648,36.1020711545137],[-86.6061192599879,36.1020696004038],[-86.6061343196741,36.102070042043],[-86.6063538502445,36.1020931132841],[-86.6063682254683,36.1020955465428],[-86.6063818650641,36.102099961792],[-86.6063943570965,36.1021062259123],[-86.6064053258517,36.1021141497235],[-86.6064144396585,36.1021234942541],[-86.6064214231535,36.1021339769883],[-86.6064260662476,36.1021452826363],[-86.6064282286233,36.1021570703216],[-86.6064278453566,36.1021689825656],[-86.6064249281586,36.1021806624054],[-86.6064060716729,36.1022397572286],[-86.6063838096291,36.1022980670391],[-86.6063581932256,36.1023554617945],[-86.6063292770205,36.1024118150402],[-86.606297126692,36.1024670020679],[-86.6059412236499,36.1023171517427]],[[-86.6062307037169,36.1022354818381],[-86.6062383293343,36.1022145655264],[-86.6062627686457,36.1022232354823],[-86.6062817414343,36.1022253356006],[-86.6062843650831,36.1022143340959],[-86.6062680841421,36.1022100204392],[-86.606289328295,36.1021549720641],[-86.6061536446579,36.102118293677],[-86.6061271016592,36.1021887524815],[-86.6061352421269,36.1021909097702],[-86.6061296151216,36.102207694511],[-86.6061140481698,36.1022525506733],[-86.6061276215816,36.102256877959],[-86.6060983866393,36.1023295475867],[-86.6061825022955,36.1023511014346],[-86.6062223838658,36.1022542016328],[-86.6062440809965,36.1022584898709],[-86.6062467057621,36.1022474883615],[-86.606227716177,36.1022431883159],[-86.6062307037169,36.1022354818381]]]},"properties":{"id":"167976","parcel":"136030C14600CO","address":"0 PRIEST LAKE DR","owner":"O.I.C HERITAGE VILLAGE-PRIEST LAKE CONDO","point":[-86.60630699450275,36.102265496036466]}}]}