{"type":"FeatureCollection","features":[{"type":"Feature","id":"68255","geometry":{"type":"Polygon","coordinates":[[[-86.6193242271007,36.1998615911761],[-86.61959167126,36.1995750599968],[-86.6198024260821,36.2003293737361],[-86.6194718708336,36.2003900442146],[-86.6193242271007,36.1998615911761]]]},"properties":{"id":"68255","parcel":"07510021400","address":"4120 LEBANON PIKE","owner":"MID SOUTH WAFFLES, INC.","point":[-86.61956332500905,36.200095482692475]}},{"type":"Feature","id":"68256","geometry":{"type":"Polygon","coordinates":[[[-86.6191803080503,36.2008797034479],[-86.619521672959,36.2008170523566],[-86.6192710303715,36.1999199369629],[-86.6193242271007,36.1998615911761],[-86.6194718708336,36.2003900442146],[-86.6198024260821,36.2003293737361],[-86.620026290452,36.2011305973011],[-86.6200337732589,36.2011573773682],[-86.6194721815884,36.2013316882695],[-86.6194163820129,36.2012389619433],[-86.6193404932819,36.2011180087462],[-86.619261791838,36.2009982415481],[-86.6191803080503,36.2008797034479]]]},"properties":{"id":"68256","parcel":"07510021500","address":"4204 HERMITAGE RD","owner":"D&C HOLDINGS, INC.","point":[-86.61967068083858,36.20060410102973]}},{"type":"Feature","id":"101030","geometry":{"type":"Polygon","coordinates":[[[-86.6132743383048,36.2071272122069],[-86.6133050589505,36.2068919124949],[-86.6133306619947,36.2066961954271],[-86.6135779987,36.2064202376482],[-86.6136329753829,36.2064706913536],[-86.6136859544744,36.2065225295885],[-86.6137368821993,36.2065757012577],[-86.613785708097,36.2066301525454],[-86.6138422730149,36.206695541675],[-86.6138970286925,36.2067619349527],[-86.6139499481879,36.2068293000731],[-86.6139804513728,36.2068782035215],[-86.6140123911387,36.2069265012287],[-86.6140450849885,36.2069745202119],[-86.6140788881372,36.2070220333523],[-86.613241161224,36.2073954884093],[-86.6132641724197,36.2072151679467],[-86.6132743383048,36.2071272122069]],[[-86.6139049244514,36.2069679804876],[-86.6138939587328,36.2069526501284],[-86.6138750287138,36.2069593398903],[-86.6138393876501,36.2069089754742],[-86.6137555671525,36.206940168323],[-86.6138022078671,36.2070102547402],[-86.6138515767754,36.2070825245127],[-86.613932652266,36.2070469510697],[-86.6138969760019,36.2069921923654],[-86.6139158890201,36.2069833054441],[-86.6139049244514,36.2069679804876]],[[-86.6137651724099,36.2067796964615],[-86.6137514808709,36.2067621827003],[-86.6137325486543,36.2067688715502],[-86.6136915014811,36.2067207336093],[-86.6136131894249,36.2067628854821],[-86.6136679473153,36.2068307334648],[-86.613719977191,36.2068963971422],[-86.6138010174243,36.2068564285778],[-86.6137572080394,36.2068017102682],[-86.6137734088264,36.2067928380547],[-86.6137651724099,36.2067796964615]],[[-86.6135803447172,36.2067234956958],[-86.6136559286528,36.2066791595633],[-86.6136121523573,36.2066288364179],[-86.6136283542373,36.2066199642178],[-86.6136146775512,36.2066046503117],[-86.6136010008703,36.2065893364039],[-86.6135847990006,36.2065982095016],[-86.6135464981984,36.2065544520408],[-86.6134681862293,36.2065966038215],[-86.6135228758839,36.2066556614454],[-86.6135803447172,36.2067234956958]]]},"properties":{"id":"101030","parcel":"075060A90200CO","address":"373 B MONACO DR","owner":"O.I.C. HERMITAGE VILLA CONDOMINIUMS","point":[-86.61355936812025,36.20691655549238]}},{"type":"Feature","id":"101205","geometry":{"type":"Polygon","coordinates":[[[-86.6177386739715,36.2023730044098],[-86.6175420779289,36.2022431431763],[-86.617346259946,36.2021151558473],[-86.6173347096505,36.2021057256432],[-86.6173250971775,36.2020949597933],[-86.6173176558605,36.20208312027],[-86.6173125624772,36.2020704891623],[-86.617309939502,36.2020573722691],[-86.6173098516577,36.202044084697],[-86.617312299202,36.2020309454869],[-86.6173172245503,36.2020182712716],[-86.6173245088628,36.2020063663795],[-86.6174862099943,36.2018254636476],[-86.6177885898783,36.2020030078708],[-86.6180312606515,36.2021454928274],[-86.6177386739715,36.2023730044098]],[[-86.6177808012095,36.2021717309684],[-86.6177071487002,36.202114969451],[-86.6176425211385,36.2021724383483],[-86.617699801996,36.2022160974742],[-86.617689075821,36.2022315375712],[-86.6177027182975,36.2022424540142],[-86.6177218008961,36.2022555416744],[-86.6177352722521,36.2022444847266],[-86.6177925200915,36.2022837485839],[-86.6178598939448,36.2022306636528],[-86.6177808012095,36.2021717309684]],[[-86.6175861939308,36.2021389971896],[-86.6176399093106,36.2020727924498],[-86.6175527309911,36.2020204954145],[-86.6174683046043,36.2019725796373],[-86.6174200303286,36.2020409519247],[-86.6174854106763,36.2020801752466],[-86.6174746480246,36.2020912183157],[-86.617493733885,36.2021043059955],[-86.6175128164229,36.2021173945904],[-86.6175235415188,36.2021019563167],[-86.6175861939308,36.2021389971896]]]},"properties":{"id":"101205","parcel":"075060A90000CO","address":"4200 C SWEDEN DR","owner":"O.I.C. HERMITAGE VILLA CONDOMINIUMS","point":[-86.61778630878713,36.202099614616245]}},{"type":"Feature","id":"101373","geometry":{"type":"Polygon","coordinates":[[[-86.6139903139847,36.2065266486164],[-86.6139352602277,36.206465410229],[-86.6138779795963,36.2064055277985],[-86.6138614610892,36.2063888548637],[-86.6137983003058,36.2063281461],[-86.6137326278933,36.2062692138103],[-86.6136645177754,36.2062121261098],[-86.6136249539368,36.2061804572211],[-86.6135749357776,36.2061407437238],[-86.6135231744241,36.2061025261217],[-86.6135134808577,36.2060942108864],[-86.6135055709603,36.206084737497],[-86.6134996512577,36.2060743527478],[-86.6134958773253,36.2060633298284],[-86.6134943481446,36.2060519575366],[-86.613495103837,36.206040534883],[-86.613498124476,36.2060293611833],[-86.6135033311355,36.2060187279413],[-86.6135105869822,36.2060089161403],[-86.6135197016115,36.2060001818004],[-86.6136756902168,36.2058373835091],[-86.6138242761342,36.2056823084802],[-86.6139730401774,36.205527046696],[-86.6141231020193,36.2053704298511],[-86.6142763060606,36.205210532504],[-86.6144423938982,36.20503718856],[-86.6146005330781,36.2048721384655],[-86.6147558630908,36.2047100197959],[-86.614819608316,36.2046434877331],[-86.6149072907968,36.2045519737022],[-86.6150657236702,36.2043866141449],[-86.6152208421967,36.2042247140248],[-86.6153739601759,36.2040648994659],[-86.6155215191063,36.2039108882412],[-86.615680477801,36.2037449771951],[-86.6158312101927,36.2035876517219],[-86.6159813518352,36.2034309410122],[-86.6161382149853,36.2032672147349],[-86.6162960371525,36.203102486567],[-86.6164545238123,36.2029370644328],[-86.6166474405056,36.20273570289],[-86.6168507392095,36.2025235045403],[-86.6170789390602,36.2022853118231],[-86.6170898830494,36.202276412837],[-86.6171023908703,36.2022689902155],[-86.6171161625512,36.2022632212348],[-86.6171308689085,36.202259244567],[-86.6171461559525,36.2022571548493],[-86.6171616560063,36.2022570026283],[-86.6171770021407,36.2022587915819],[-86.6171918215021,36.2022624785534],[-86.6173517925645,36.2023685246336],[-86.6175716659621,36.2025145058353],[-86.6172455156254,36.2027645036696],[-86.6173495247419,36.2028892356922],[-86.6174076269981,36.203038373855],[-86.6174332447054,36.2031942752322],[-86.6174132299392,36.2034097436585],[-86.6173832412342,36.2037373405854],[-86.6173344260816,36.203739224119],[-86.6172858549594,36.2037436010425],[-86.6172377212129,36.2037504532442],[-86.6171902170132,36.2037597545074],[-86.6171414282321,36.2037730332199],[-86.6170937751734,36.2037887890495],[-86.6170474463714,36.2038069570454],[-86.6170026303046,36.2038274650475],[-86.6169666503218,36.2038469725631],[-86.6169324484059,36.2038684771637],[-86.6168879729938,36.2038994793269],[-86.6168463593685,36.203932988549],[-86.616807819698,36.2039688325118],[-86.6167798235108,36.2039994422304],[-86.616754267737,36.2040314237961],[-86.6167312548042,36.204064649611],[-86.6167108770905,36.2040989867213],[-86.6166792424622,36.2041716699716],[-86.6166642724482,36.2042080063648],[-86.6166392017624,36.2042745059596],[-86.6166170052587,36.2043416740177],[-86.6165977100992,36.2044094274872],[-86.6165816339398,36.204473567632],[-86.6165683466251,36.2045381243308],[-86.6165578631338,36.2046030209016],[-86.6165503646828,36.2046681077141],[-86.6165453350158,36.204733348651],[-86.6165427759075,36.2047986851222],[-86.6165418661025,36.2048119687653],[-86.6165382516774,36.2048249462739],[-86.616532029915,36.204837257553],[-86.6165233749794,36.2048485619421],[-86.616512525755,36.2048585472904],[-86.6164997836571,36.2048669344739],[-86.6164855005192,36.2048734927788],[-86.6164700741454,36.2048780399236],[-86.6164539294691,36.204880450268],[-86.616397329697,36.2048822343661],[-86.6163409719807,36.2048868336041],[-86.6162850685926,36.2048942324792],[-86.6162232455263,36.204905599092],[-86.6161620545032,36.2049190245049],[-86.6161004906958,36.2049349969147],[-86.6160537637748,36.2049485539599],[-86.6160081816087,36.204964464616],[-86.6159639249796,36.2049826675784],[-86.6159271071514,36.2049990625301],[-86.6158911032982,36.2050166006084],[-86.6158558689247,36.2050351369398],[-86.6158096612552,36.2050607292185],[-86.6157653829468,36.2050884710324],[-86.6157231867323,36.2051182687762],[-86.6156832163654,36.2051500180755],[-86.6156727795972,36.2051588620657],[-86.6156374322795,36.2051900830796],[-86.6155233778525,36.2053154063],[-86.6153696440055,36.2054801061829],[-86.6152138707758,36.2056484861325],[-86.6152137362372,36.2056486319189],[-86.6151776097015,36.2056878319084],[-86.6150649709679,36.2058100498685],[-86.614919144671,36.2059682243874],[-86.6147605369623,36.2061397382744],[-86.6146138443257,36.2062994976036],[-86.6145188927712,36.2064022679945],[-86.614490569022,36.2064334529146],[-86.6144557667993,36.2064695681747],[-86.6144178980071,36.2065035964151],[-86.6143743988384,36.2065370503536],[-86.614328286745,36.2065681211499],[-86.6142797597453,36.206596674409],[-86.6142290270629,36.2066225864943],[-86.6141763058112,36.2066457472476],[-86.6141639343975,36.2066499423902],[-86.614150876892,36.2066524205382],[-86.6141374930719,36.2066531131695],[-86.6141241531133,36.2066520021789],[-86.6141112242261,36.2066491172426],[-86.6140990617788,36.2066445385672],[-86.6140880014792,36.2066383924231],[-86.6140783493383,36.2066308475902],[-86.6140703694174,36.2066221127168],[-86.6140309894699,36.2065740240904],[-86.6139903139847,36.2065266486164]],[[-86.6141528270646,36.2064151183067],[-86.6140495169962,36.2063804814824],[-86.6140176078863,36.2064619534378],[-86.6140964298758,36.2064857286074],[-86.6140911427045,36.206503336141],[-86.6141128857761,36.206509818199],[-86.6141427813561,36.2065184569361],[-86.6141507795964,36.2065008347111],[-86.6142377360384,36.2065245684183],[-86.6142696619359,36.2064452899576],[-86.6141528270646,36.2064151183067]],[[-86.614358597487,36.2063745140393],[-86.6144097446583,36.2063259063593],[-86.6144288084512,36.2063367973799],[-86.6144449579974,36.2063213327047],[-86.6144584305008,36.2063102761351],[-86.6144393474582,36.2062971870729],[-86.6144823579608,36.2062486207613],[-86.6144005685816,36.2061918995905],[-86.6143359863568,36.2062559581219],[-86.6142686918423,36.2063200313153],[-86.614358597487,36.2063745140393]],[[-86.6140788395665,36.2062349700619],[-86.6140051178903,36.2061694168236],[-86.6139286852631,36.2061038773222],[-86.6138558312195,36.2061503970022],[-86.6139131842412,36.2062028482874],[-86.6138969972673,36.2062139185958],[-86.6139133713403,36.2062270206143],[-86.6139297738795,36.206244517873],[-86.6139486867229,36.206235631846],[-86.6140032914065,36.2062836989696],[-86.6140788395665,36.2062349700619]],[[-86.613747081365,36.2061135903283],[-86.6138117489747,36.2060605187937],[-86.6137299953907,36.2060081923747],[-86.6136428016609,36.2059536954005],[-86.6135754388407,36.2060089777836],[-86.613643549733,36.2060503856166],[-86.6136300771602,36.2060614420962],[-86.6136518721966,36.2060745175047],[-86.6136682258646,36.2060854224173],[-86.6136844095082,36.2060743521561],[-86.613747081365,36.2061135903283]],[[-86.6145479838258,36.2059723759693],[-86.614621277101,36.2060179134368],[-86.61466986305,36.2059676117115],[-86.6146867673752,36.2059779522065],[-86.6147021030748,36.2059619517897],[-86.6147122833845,36.2059505523507],[-86.6146953801876,36.205940213656],[-86.614738548665,36.2058901224315],[-86.6146626777436,36.2058468846211],[-86.6146040419901,36.2059107814543],[-86.6145479838258,36.2059723759693]],[[-86.6139208348159,36.2058827067607],[-86.6139881292403,36.2058186337533],[-86.6139091208632,36.2057706879812],[-86.6138606541256,36.2058148864434],[-86.6138415883122,36.2058039953429],[-86.6138254557505,36.2058216561952],[-86.6138119832558,36.2058327144981],[-86.6138283539071,36.2058458174477],[-86.6137853103218,36.2058899883114],[-86.6138588943843,36.2059379617373],[-86.6139208348159,36.2058827067607]],[[-86.6140809891379,36.2058111066016],[-86.6141557604221,36.2058578598294],[-86.6142163027086,36.2058015952014],[-86.6142819781108,36.2057364280356],[-86.6142017854611,36.2056897943865],[-86.6141544359735,36.2057347812857],[-86.6141351012459,36.2057242061345],[-86.6141194122892,36.2057421306391],[-86.6141062217691,36.2057534065447],[-86.6141229172808,36.205766236527],[-86.6140809891379,36.2058111066016]],[[-86.6142303777549,36.2056518064397],[-86.614305148977,36.2056985595772],[-86.6143656921619,36.2056422966685],[-86.6144313673303,36.2055771321222],[-86.614351174719,36.2055304940641],[-86.6143038242922,36.2055754801285],[-86.6142844907026,36.2055649058962],[-86.6142688006991,36.2055828304266],[-86.6142556102267,36.205594106349],[-86.6142723068411,36.2056069363056],[-86.6142303777549,36.2056518064397]],[[-86.614385043058,36.2054879955258],[-86.6144598153288,36.2055347485639],[-86.614520357167,36.2054784855808],[-86.6145860320518,36.2054133182437],[-86.6145058395361,36.2053666829898],[-86.6144584870709,36.2054116691282],[-86.6144391557245,36.2054010949089],[-86.6144234680263,36.2054190212514],[-86.6144102764772,36.2054302953945],[-86.6144269719701,36.2054431253359],[-86.614385043058,36.2054879955258]],[[-86.6145654033798,36.2053558704089],[-86.6146039253915,36.2053799575901],[-86.6146644670094,36.2053236945323],[-86.6147301427666,36.2052585280095],[-86.6146499503156,36.2052118919481],[-86.6146026002416,36.2052568772324],[-86.6145832655847,36.205246303954],[-86.6145675790477,36.2052642285078],[-86.6145543864468,36.2052755044752],[-86.6145710796926,36.2052883326062],[-86.6145291542937,36.2053332046335],[-86.6145654033798,36.2053558704089]],[[-86.6147236731592,36.2051671599304],[-86.6147990751066,36.2052132426329],[-86.6148588494394,36.205156442631],[-86.6149236352107,36.2050906947185],[-86.6148428145201,36.2050447766725],[-86.6147960784154,36.2050901815953],[-86.6147766016606,36.2050797812093],[-86.6147611598163,36.2050978451385],[-86.6147481205287,36.2051092384109],[-86.614764989439,36.2051219187179],[-86.6147236731592,36.2051671599304]],[[-86.6152767541267,36.2051188688442],[-86.6153476250903,36.2051668524942],[-86.6153987675617,36.2051182470996],[-86.6154151223848,36.2051291517729],[-86.6154312748218,36.2051136860423],[-86.6154420326082,36.205102643193],[-86.6154256777869,36.2050917385233],[-86.6154713980683,36.2050431580264],[-86.615397829803,36.2049973836351],[-86.6153359433475,36.2050592317497],[-86.6152767541267,36.2051188688442]],[[-86.6149567182876,36.2050435054073],[-86.6150164946036,36.2049867053134],[-86.6150812800985,36.2049209564119],[-86.6150004606016,36.2048750384636],[-86.6149537247012,36.204920445252],[-86.6149342479603,36.2049100439897],[-86.614918805066,36.2049281070444],[-86.614905765829,36.2049395003344],[-86.6149226358404,36.2049521806143],[-86.6148813197389,36.2049974218829],[-86.6149567182876,36.2050435054073]],[[-86.615034360336,36.2048454175131],[-86.6151097621441,36.2048914982233],[-86.6151695349209,36.2048347007718],[-86.6152343212769,36.2047689517798],[-86.6151535007343,36.2047230339376],[-86.615106765011,36.2047684407871],[-86.6150872893924,36.2047580386422],[-86.6150718454506,36.2047761017229],[-86.6150588073724,36.2047874950242],[-86.6150756762641,36.2048001752889],[-86.615034360336,36.2048454175131]],[[-86.6151841821194,36.2046825152173],[-86.6152595827406,36.2047285949405],[-86.6153193575114,36.2046717974009],[-86.6153841413862,36.2046060483368],[-86.6153033220418,36.2045601314883],[-86.6152565865002,36.204605538398],[-86.61523710979,36.2045951362824],[-86.615221668145,36.204613200273],[-86.6152086289962,36.2046245926955],[-86.6152254978771,36.2046372729398],[-86.6151841821194,36.2046825152173]],[[-86.6153420298494,36.2045171681966],[-86.6154174315381,36.2045632505213],[-86.6154772016094,36.2045064511212],[-86.6155419896661,36.2044407019468],[-86.6154611692799,36.2043947843063],[-86.6154144339122,36.2044401894766],[-86.6153949572358,36.2044297891885],[-86.615379514547,36.2044478532058],[-86.615366476567,36.2044592465413],[-86.6153833454379,36.2044719267642],[-86.6153420298494,36.2045171681966]],[[-86.6154892425648,36.2043565436342],[-86.6155646430815,36.2044026267759],[-86.6156244162551,36.2043458263822],[-86.6156892007228,36.2042800771428],[-86.615608381534,36.2042341604943],[-86.6155616463521,36.204279566625],[-86.615542169689,36.2042691654588],[-86.6155267270579,36.2042872285946],[-86.6155136891255,36.2042986219466],[-86.6155305580068,36.204311304853],[-86.6154892425648,36.2043565436342]],[[-86.6160310340276,36.2043677115038],[-86.6161019081333,36.2044156974078],[-86.6161530507491,36.2043670889742],[-86.616169404409,36.2043779935532],[-86.6161855543221,36.2043625277299],[-86.6161963141255,36.2043514847997],[-86.6161799604674,36.2043405802242],[-86.6162256798538,36.2042919994316],[-86.6161521118499,36.2042462254901],[-86.6160902254567,36.2043080740099],[-86.6160310340276,36.2043677115038]],[[-86.616072185722,36.204541237081],[-86.6159775222998,36.2045724868282],[-86.6158909599621,36.2045992997928],[-86.6159195528031,36.2046570537765],[-86.6159267730428,36.2046716379062],[-86.615928677999,36.204671071218],[-86.6159944061579,36.2046515150148],[-86.6160053708242,36.204666841594],[-86.6160243001444,36.2046601550987],[-86.6160459404424,36.2046534493627],[-86.6160376867855,36.2046381080556],[-86.6161079978368,36.2046135760487],[-86.616072185722,36.204541237081]],[[-86.6163088004662,36.2046323292657],[-86.6162278149938,36.2046788928119],[-86.6162798103148,36.2047401602164],[-86.6163445957574,36.204702470103],[-86.6163582726426,36.2047177837081],[-86.616374472713,36.2047089111406],[-86.6163933678344,36.2046978266685],[-86.6163796909459,36.2046825130672],[-86.6164417823476,36.2046470338964],[-86.6163870919047,36.2045879775612],[-86.6163088004662,36.2046323292657]],[[-86.6158427168541,36.2046720666151],[-86.6157691487187,36.2046262924451],[-86.6157072628423,36.2046881407565],[-86.6156480708416,36.2047477780562],[-86.6157189450552,36.2047957641799],[-86.6157700870389,36.2047471559194],[-86.6157864418365,36.2047580605434],[-86.6158025907896,36.2047425947787],[-86.6158133518099,36.2047315518781],[-86.615796997014,36.2047206472576],[-86.6158427168541,36.2046720666151]],[[-86.6155108083412,36.2048803340593],[-86.6154516160493,36.2049399712595],[-86.6155224903158,36.204987957496],[-86.6155736336558,36.2049393493155],[-86.615589987354,36.2049502539713],[-86.6156061363845,36.2049347882336],[-86.6156168974582,36.2049237453511],[-86.6156005437618,36.204912840699],[-86.615646263833,36.2048642601334],[-86.6155726956326,36.2048184858463],[-86.6155108083412,36.2048803340593]],[[-86.6152495804122,36.2052000133145],[-86.6152001841744,36.2052538414952],[-86.6151441269444,36.2053154371994],[-86.6152174199547,36.2053609743135],[-86.6152660051162,36.2053106714379],[-86.6152829082672,36.2053210118569],[-86.6152982448315,36.2053050113559],[-86.6153084249781,36.2052936127657],[-86.6152915207177,36.2052832723558],[-86.6153346895869,36.2052331827057],[-86.6152588189759,36.2051899461632],[-86.6152495804122,36.2052000133145]],[[-86.6151209273709,36.2053688957672],[-86.6151032746738,36.2053588367282],[-86.6150446374121,36.2054227337954],[-86.614988582145,36.2054843267096],[-86.6150618752222,36.2055298639159],[-86.6151104605927,36.2054795620065],[-86.6151273670884,36.2054899015286],[-86.6151427003807,36.2054739010651],[-86.6151528805714,36.2054625024885],[-86.6151359774142,36.2054521629529],[-86.6151791453546,36.2054020724653],[-86.6151209273709,36.2053688957672]],[[-86.6149621794079,36.2055284204621],[-86.61495288615,36.2055231242866],[-86.6148942508767,36.2055870221677],[-86.6148381931457,36.2056486141193],[-86.6149114851833,36.2056941523218],[-86.6149600707429,36.205643849574],[-86.6149769750369,36.2056541900292],[-86.6149923106154,36.2056381895741],[-86.6150024919608,36.2056267910051],[-86.6149855876691,36.2056164505533],[-86.615028755801,36.205566361023],[-86.6149621794079,36.2055284204621]],[[-86.6148088361382,36.2056856084229],[-86.6148077817079,36.2056850072512],[-86.6147491461491,36.2057488987505],[-86.6146930882329,36.2058104960392],[-86.6147663825538,36.2058560334151],[-86.6148149671996,36.2058057316348],[-86.6148318714953,36.2058160703074],[-86.6148472071412,36.2058000707728],[-86.6148573874162,36.2057886722222],[-86.614840484242,36.2057783344485],[-86.6148836525326,36.2057282422687],[-86.6148088361382,36.2056856084229]],[[-86.6145828714463,36.2060568175164],[-86.6145070015693,36.2060135805058],[-86.6144483644622,36.2060774781673],[-86.6143923071572,36.206139070799],[-86.6144655971611,36.2061846083759],[-86.6145141855348,36.2061343067043],[-86.6145310898684,36.2061446463193],[-86.6145464256316,36.2061286459231],[-86.614556605992,36.2061172473989],[-86.6145396994369,36.2061069077986],[-86.6145828714463,36.2060568175164]],[[-86.615711447777,36.20423321774],[-86.6157712207039,36.2041764154684],[-86.6158360049324,36.2041106688508],[-86.6157551858243,36.2040647513971],[-86.6157084508333,36.2041101584879],[-86.6156889741854,36.2040997564438],[-86.6156735316418,36.2041178223028],[-86.6156604926253,36.2041292129731],[-86.6156773625921,36.2041418940517],[-86.6156360473431,36.2041871355888],[-86.615711447777,36.20423321774]],[[-86.6157887791276,36.2040285418561],[-86.6158641794995,36.2040746239139],[-86.6159239555475,36.2040178233496],[-86.6159887372819,36.2039520748561],[-86.6159079171349,36.2039061575083],[-86.6158611834368,36.2039515646546],[-86.6158417090318,36.2039411626232],[-86.6158262643089,36.2039592258102],[-86.6158132253614,36.2039706192013],[-86.6158300941999,36.2039832993635],[-86.6157887791276,36.2040285418561]],[[-86.6159414087361,36.2038677520978],[-86.6160168101558,36.2039138340566],[-86.6160765826443,36.2038570343325],[-86.6161413663379,36.2037912848416],[-86.6160605462664,36.2037453675938],[-86.6160138116174,36.2037907721033],[-86.6159943361339,36.2037803719042],[-86.615978893708,36.2037984360014],[-86.6159658559208,36.2038098294038],[-86.6159827236445,36.2038225104521],[-86.6159414087361,36.2038677520978]],[[-86.6160911252337,36.2037026519054],[-86.6161665254714,36.2037487337785],[-86.6162262988403,36.203691933972],[-86.616291081163,36.2036261844034],[-86.616210262285,36.2035802672481],[-86.61616352784,36.2036256745211],[-86.6161440512585,36.2036152734502],[-86.6161286088918,36.2036333366662],[-86.6161155711463,36.203644729184],[-86.6161324399708,36.2036574102064],[-86.6160911252337,36.2037026519054]],[[-86.6162437536022,36.2035418617502],[-86.6163191548878,36.2035879435245],[-86.6163789269142,36.2035311436455],[-86.6164437134269,36.2034653939693],[-86.6163628935124,36.2034194769198],[-86.6163161559136,36.203464884271],[-86.6162966793445,36.203454482323],[-86.6162812381629,36.2034725464549],[-86.6162681993538,36.2034839389953],[-86.6162850681684,36.2034966199969],[-86.6162437536022,36.2035418617502]],[[-86.6171153995034,36.2034662062418],[-86.6171322831617,36.203545236102],[-86.6172081527631,36.2035382529932],[-86.6172109834495,36.2035536219443],[-86.6172353696661,36.2035513000509],[-86.6172543327993,36.2035490058737],[-86.6172541959836,36.2035314250071],[-86.6173246242894,36.2035222750977],[-86.6173077746652,36.2034476422831],[-86.617212943146,36.2034569178202],[-86.6171153995034,36.2034662062418]],[[-86.6170510599269,36.2035610327967],[-86.6170044354614,36.2034931447243],[-86.6169179634443,36.2035309460075],[-86.6168341796769,36.2035665353495],[-86.6168753809519,36.2036344511904],[-86.6169429445685,36.2036055373286],[-86.6169566362463,36.2036230480397],[-86.6169782613296,36.203614146768],[-86.6169971732043,36.2036052602569],[-86.616986191388,36.2035877348031],[-86.6170510599269,36.2035610327967]],[[-86.6166632133127,36.2037030429236],[-86.6166040227798,36.2037626825108],[-86.6166748955586,36.2038106653887],[-86.6167260374542,36.2037620594078],[-86.6167423921661,36.203772962103],[-86.6167585407322,36.2037574962061],[-86.6167693014858,36.2037464532173],[-86.6167529467617,36.2037355487233],[-86.6167986654484,36.2036869677054],[-86.616725097668,36.2036411932041],[-86.6166632133127,36.2037030429236]],[[-86.616531489493,36.20386629994],[-86.6164696036921,36.2039281486609],[-86.6164104139437,36.2039877863413],[-86.6164812868275,36.2040357720335],[-86.6165324289659,36.203987163434],[-86.6165487803757,36.2039980679742],[-86.6165649323683,36.2039826029884],[-86.6165756920604,36.203971559122],[-86.6165593384284,36.2039606545968],[-86.6166050573705,36.2039120745564],[-86.616531489493,36.20386629994]],[[-86.6163458511051,36.2040540440517],[-86.61628396502,36.2041158935753],[-86.6162247749919,36.2041755311616],[-86.6162956479311,36.2042235169602],[-86.6163467903043,36.2041749084419],[-86.6163631439512,36.2041858129953],[-86.6163792937874,36.2041703471453],[-86.6163900535378,36.2041593041972],[-86.6163736998927,36.2041483996474],[-86.6164194190286,36.2040998160751],[-86.6163458511051,36.2040540440517]],[[-86.616609723828,36.2032951809553],[-86.6165307163588,36.2032472341608],[-86.6164822526239,36.2032914337065],[-86.616463187057,36.2032805430121],[-86.6164470545015,36.2032982069364],[-86.6164335827869,36.2033092637372],[-86.6164499566793,36.2033223654224],[-86.6164069125874,36.2033665372688],[-86.6164804970064,36.2034145091254],[-86.6165424336552,36.2033592545675],[-86.616609723828,36.2032951809553]],[[-86.6165710801737,36.2032074713455],[-86.6166473926012,36.2032576264181],[-86.6167038888695,36.2032002023107],[-86.6167684677639,36.2031361370451],[-86.6166921542859,36.2030859847566],[-86.6166437078208,36.2031323815271],[-86.6166246251892,36.2031192936997],[-86.6166084937863,36.2031369540358],[-86.6165950221426,36.2031480135587],[-86.6166168328359,36.2031632856066],[-86.6165710801737,36.2032074713455]],[[-86.6167066733548,36.2030656207848],[-86.6167829890674,36.2031157757567],[-86.6168394851365,36.2030583515835],[-86.6169040626939,36.2029942862486],[-86.6168277503786,36.2029441340381],[-86.6167793040795,36.2029905308648],[-86.6167602214596,36.2029774430583],[-86.6167440901158,36.2029951034132],[-86.6167306185151,36.2030061629517],[-86.6167524291955,36.2030214349757],[-86.6167066733548,36.2030656207848]],[[-86.617052554516,36.2027204012701],[-86.6170421291943,36.2027140746005],[-86.6169936627202,36.2027582725725],[-86.6169746005612,36.2027473837427],[-86.616958468228,36.202765047738],[-86.6169449966752,36.2027761045974],[-86.6169613683181,36.2027892062266],[-86.6169183270242,36.2028333782506],[-86.616991911258,36.2028813498027],[-86.6170538471201,36.2028260931718],[-86.6171211364205,36.2027620183638],[-86.617052554516,36.2027204012701]],[[-86.6173734573889,36.2024803580461],[-86.6173570857347,36.2024672555704],[-86.6173436313958,36.2024805105349],[-86.6172836897886,36.2024434574837],[-86.6172326528175,36.2025052511693],[-86.6173116930457,36.2025575900343],[-86.6173934454429,36.2026099149803],[-86.6174444663574,36.2025459231634],[-86.6173790674324,36.2025045026719],[-86.6173925217764,36.2024912486048],[-86.6173734573889,36.2024803580461]],[[-86.6172563201835,36.202444320196],[-86.6171936164017,36.202400688581],[-86.6172016648533,36.2023896594114],[-86.6171962076503,36.2023852919119],[-86.6172042914126,36.2023786579545],[-86.617187954007,36.2023699506737],[-86.6171743115655,36.2023590323707],[-86.6171662460175,36.20236786438],[-86.6171608059346,36.202365696741],[-86.6171527596827,36.2023767231929],[-86.6170927818457,36.2023352775428],[-86.6170281525264,36.2023927434098],[-86.617115361769,36.2024494360535],[-86.6172025711292,36.2025061277321],[-86.6172563201835,36.202444320196]]]},"properties":{"id":"101373","parcel":"075060A90100CO","address":"4221 B SAMOA DR","owner":"O.I.C. HERMITAGE VILLA CONDOMINIUMS","point":[-86.61605725605129,36.204455746880924]}},{"type":"Feature","id":"226107","geometry":{"type":"Polygon","coordinates":[[[-86.6188297850923,36.2004120924826],[-86.6188311920233,36.2003987314523],[-86.6188352627397,36.2003857343938],[-86.6188418876216,36.2003734461461],[-86.6188508902072,36.2003621956682],[-86.6192710303715,36.1999199369629],[-86.619521672959,36.2008170523566],[-86.6191803080503,36.2008797034479],[-86.6190932853004,36.2007696555238],[-86.6188466350829,36.2004577382499],[-86.6188393451302,36.2004472084563],[-86.6188340386306,36.2004359267683],[-86.6188308286816,36.2004241368454],[-86.6188297850923,36.2004120924826]]]},"properties":{"id":"226107","parcel":"07500010000","address":"4124 LEBANON PIKE","owner":"SHANDMAKER HOLDINGS, G.P.","point":[-86.61911835873974,36.20039314060739]}},{"type":"Feature","id":"227282","geometry":{"type":"Polygon","coordinates":[[[-86.6173516381516,36.2042055910225],[-86.6173816067403,36.2038757988083],[-86.617747891986,36.2039046923784],[-86.617762042101,36.2039067901966],[-86.6177755510036,36.2039107983365],[-86.6177880285837,36.2039166007304],[-86.6177991154589,36.2039240288812],[-86.6178084919407,36.2039328708289],[-86.6178158869299,36.203942871105],[-86.6178210880094,36.2039537414957],[-86.6178239459475,36.2039651682289],[-86.6178243769998,36.2039768218761],[-86.6178019773023,36.204234056486],[-86.6173516381516,36.2042055910225]]]},"properties":{"id":"227282","parcel":"07506003900","address":"4200 SWEDEN DR","owner":"SELL, EMMA A. & CLAYTON G.","point":[-86.61758822579037,36.20409120738198]}},{"type":"Feature","id":"227284","geometry":{"type":"Polygon","coordinates":[[[-86.6166745435418,36.205703427316],[-86.6166918202623,36.2056350596029],[-86.6167048530649,36.2055660772781],[-86.6167136099388,36.205496652645],[-86.6172262713097,36.2055182066446],[-86.6172263397161,36.2055269970731],[-86.6172063546584,36.2057468596541],[-86.6172013964706,36.2058062204907],[-86.6166745435418,36.205703427316]]]},"properties":{"id":"227284","parcel":"07506004700","address":"4240 SAMOA DR","owner":"ANDREWS, PAUL & CREEDON, CAROLYN","point":[-86.61694821875513,36.20567009200791]}},{"type":"Feature","id":"227288","geometry":{"type":"Polygon","coordinates":[[[-86.6159491420997,36.2065707895034],[-86.6161349921617,36.2064094156124],[-86.6164513746516,36.2066451428614],[-86.6162816943659,36.2067932485475],[-86.6162655417526,36.2068087143844],[-86.6159491420997,36.2065707895034]]]},"properties":{"id":"227288","parcel":"07506005200","address":"4260 SAMOA DR","owner":"HUYNH, SON","point":[-86.61620003222839,36.20660796572042]}},{"type":"Feature","id":"227290","geometry":{"type":"Polygon","coordinates":[[[-86.6154138433407,36.2071273158207],[-86.6154512184046,36.2070683711828],[-86.6154923886233,36.2070111123502],[-86.6155372395651,36.2069556976205],[-86.6155856434485,36.2069022844585],[-86.6159019409419,36.2071270246318],[-86.6157537939603,36.2072552418315],[-86.6154138433407,36.2071273158207]]]},"properties":{"id":"227290","parcel":"07506005500","address":"4272 SAMOA DR","owner":"VILLALOBOS, ERNESTO","point":[-86.61564731067436,36.207097604127384]}},{"type":"Feature","id":"227293","geometry":{"type":"Polygon","coordinates":[[[-86.6154138433407,36.2071273158207],[-86.6157537939603,36.2072552418315],[-86.6157044245012,36.2075323920794],[-86.6153651707051,36.2074945646448],[-86.6153512414267,36.207491907547],[-86.6153380310398,36.2074874505974],[-86.6153258907633,36.2074813118725],[-86.6153151443716,36.2074736555526],[-86.6153060758996,36.2074646838727],[-86.6152989285306,36.2074546371287],[-86.6152938922729,36.2074437820233],[-86.6152911005959,36.2074324080786],[-86.6152906292415,36.2074208177281],[-86.615292488384,36.2074093191468],[-86.6152966314702,36.2073982189961],[-86.615319841538,36.2073288506438],[-86.61534715832,36.2072604716581],[-86.6153785163161,36.2071932409898],[-86.6154138433407,36.2071273158207]]]},"properties":{"id":"227293","parcel":"07506005600","address":"4276 SAMOA DR","owner":"GUTIERREZ LAGUNES, ANTONIO","point":[-86.61552124810798,36.2073642193096]}},{"type":"Feature","id":"227296","geometry":{"type":"Polygon","coordinates":[[[-86.6157537939603,36.2072552418315],[-86.6159019409419,36.2071270246318],[-86.6160328291694,36.2072208546579],[-86.6160302204647,36.2072340532243],[-86.6159703796311,36.2075596044505],[-86.6157044245012,36.2075323920794],[-86.6157537939603,36.2072552418315]]]},"properties":{"id":"227296","parcel":"07506005700","address":"336 MONACO DR","owner":"MARTINEZ, NOE AMARO","point":[-86.61586490139109,36.20739425287907]}},{"type":"Feature","id":"227360","geometry":{"type":"Polygon","coordinates":[[[-86.6146505658244,36.2073092096093],[-86.6148951002252,36.2070222754143],[-86.6152294398386,36.2071260581951],[-86.6152085555765,36.2071663863887],[-86.6151893948836,36.207207273584],[-86.6151671564793,36.2072602703004],[-86.615147675917,36.2073139766655],[-86.6151309869267,36.2073682960753],[-86.6151248067389,36.2073845878712],[-86.615115240564,36.2073997667492],[-86.6151025762073,36.2074133743097],[-86.6150871963749,36.2074250003371],[-86.6150695665178,36.2074342927757],[-86.6150502182705,36.2074409731347],[-86.6150297350016,36.2074448374641],[-86.6150087352448,36.2074457708584],[-86.6149878537666,36.2074437439485],[-86.6149282986844,36.2074273380912],[-86.6148698742828,36.207408452522],[-86.6148127366271,36.2073871351153],[-86.614757039649,36.207363445473],[-86.6147029350835,36.2073374468132],[-86.6146505658244,36.2073092096093]]]},"properties":{"id":"227360","parcel":"07506007000","address":"354 MONACO DR","owner":"HUBER, NATHANIEL AREN","point":[-86.61494719962563,36.2072330287271]}},{"type":"Feature","id":"227362","geometry":{"type":"Polygon","coordinates":[[[-86.6152913301547,36.2063653706592],[-86.6153289850905,36.2063256212061],[-86.6156890389313,36.2065984873473],[-86.6154978335377,36.2067686777051],[-86.6151541335413,36.2065067157169],[-86.6152913301547,36.2063653706592]]]},"properties":{"id":"227362","parcel":"07506007300","address":"4267 SAMOA DR","owner":"AMANTEA, ANNABELLA & BYERS, CODY","point":[-86.61542141576679,36.206552601282915]}},{"type":"Feature","id":"227366","geometry":{"type":"Polygon","coordinates":[[[-86.6160714618386,36.2055614631744],[-86.6161197906289,36.2054996838647],[-86.6162244809076,36.2053628980253],[-86.6165470976489,36.2053546586373],[-86.6165475382387,36.2054094784341],[-86.6165449804768,36.2054642612662],[-86.6165394268382,36.2055188971685],[-86.6165308909534,36.205573280625],[-86.6165193886553,36.2056273034043],[-86.6160714618386,36.2055614631744]]]},"properties":{"id":"227366","parcel":"07506007900","address":"4237 SAMOA DR","owner":"CHAMBERS, LYNDA","point":[-86.61633847238365,36.205481992266556]}},{"type":"Feature","id":"227369","geometry":{"type":"Polygon","coordinates":[[[-86.6156150081144,36.2054451227431],[-86.6157871793296,36.2052684338472],[-86.6161197906289,36.2054996838647],[-86.6160714618386,36.2055614631744],[-86.6159665321134,36.2056674841752],[-86.6156150081144,36.2054451227431]]]},"properties":{"id":"227369","parcel":"07506008200","address":"4236 NEPAL DR","owner":"WARD, JAMES","point":[-86.6158693043896,36.205472409684056]}},{"type":"Feature","id":"227373","geometry":{"type":"Polygon","coordinates":[[[-86.6149589050581,36.2061582907417],[-86.6151256219678,36.2059772379314],[-86.6154607930269,36.2061886978902],[-86.6153289850905,36.2063256212061],[-86.6152913301547,36.2063653706592],[-86.6149589050581,36.2061582907417]]]},"properties":{"id":"227373","parcel":"07506008600","address":"4252 NEPAL DR","owner":"PRIME C & L PROPERTY, LLC","point":[-86.61520999639254,36.20617349505265]}},{"type":"Feature","id":"227375","geometry":{"type":"Polygon","coordinates":[[[-86.614797556246,36.2063327260523],[-86.6149589050581,36.2061582907417],[-86.6152913301547,36.2063653706592],[-86.6151541335413,36.2065067157169],[-86.615124527593,36.2065354360951],[-86.614797556246,36.2063327260523]]]},"properties":{"id":"227375","parcel":"07506008700","address":"4256 NEPAL DR","owner":"KIRK, DICKIE BRUCE & REBECCA WARREN","point":[-86.6150445035837,36.206349048804505]}},{"type":"Feature","id":"228007","geometry":{"type":"Polygon","coordinates":[[[-86.6164104139437,36.2039877863413],[-86.6164696036921,36.2039281486609],[-86.6165649323683,36.2039826029884],[-86.6165487803757,36.2039980679742],[-86.6165324289659,36.203987163434],[-86.6164812868275,36.2040357720335],[-86.6164104139437,36.2039877863413]]]},"properties":{"id":"228007","parcel":"075060A08300CO","address":"4219 SAMOA DR","owner":"HERMITAGE 1, LLC & HERMITAGE 2, LLC","point":[-86.61648004291072,36.20395525655699]}},{"type":"Feature","id":"228025","geometry":{"type":"Polygon","coordinates":[[[-86.6184398112537,36.200794462936],[-86.6186308070122,36.2005933431163],[-86.6186378858402,36.2005863573117],[-86.6186462546498,36.2005803815075],[-86.6186556989358,36.2005755718172],[-86.6186659727991,36.2005720511694],[-86.6186768100941,36.2005699128548],[-86.6186887239056,36.2005692164308],[-86.6187006084681,36.2005701874677],[-86.618712111076,36.2005727989328],[-86.618722888623,36.2005769714718],[-86.6187326232397,36.2005825823412],[-86.6187408492377,36.2005898033624],[-86.6187480520102,36.2005977100701],[-86.6190309152613,36.2009569711001],[-86.6188064920624,36.2011379558844],[-86.6186606688681,36.2010191730481],[-86.6186786885814,36.2010046418007],[-86.6184398112537,36.200794462936]]]},"properties":{"id":"228025","parcel":"07500014900","address":"4130 LEBANON PIKE 100","owner":"HAMZAPOUR, SULEYMAN","point":[-86.6187494719185,36.20087576232378]}},{"type":"Feature","id":"228407","geometry":{"type":"Polygon","coordinates":[[[-86.6164696036921,36.2039281486609],[-86.616531489493,36.20386629994],[-86.6166050573705,36.2039120745564],[-86.6165593384284,36.2039606545968],[-86.6165756920604,36.203971559122],[-86.6165649323683,36.2039826029884],[-86.6164696036921,36.2039281486609]]]},"properties":{"id":"228407","parcel":"075060A08400CO","address":"4217 SAMOA DR","owner":"HERMITAGE 1, LLC & HERMITAGE 2, LLC","point":[-86.61653757454603,36.20392011240963]}},{"type":"Feature","id":"228410","geometry":{"type":"Polygon","coordinates":[[[-86.6166040227798,36.2037626825108],[-86.6166632133127,36.2037030429236],[-86.6167585407322,36.2037574962061],[-86.6167423921661,36.203772962103],[-86.6167260374542,36.2037620594078],[-86.6166748955586,36.2038106653887],[-86.6166040227798,36.2037626825108]]]},"properties":{"id":"228410","parcel":"075060A08500CO","address":"4215 SAMOA DR","owner":"HERMITAGE 1, LLC & HERMITAGE 2, LLC","point":[-86.61667365266464,36.20373015036015]}},{"type":"Feature","id":"228412","geometry":{"type":"Polygon","coordinates":[[[-86.6169179634443,36.2035309460075],[-86.6170044354614,36.2034931447243],[-86.6170510599269,36.2035610327967],[-86.616986191388,36.2035877348031],[-86.6169971732043,36.2036052602569],[-86.6169782613296,36.203614146768],[-86.6169179634443,36.2035309460075]]]},"properties":{"id":"228412","parcel":"075060A08800CO","address":"4209 SAMOA DR","owner":"HERMITAGE 1, LLC & HERMITAGE 2, LLC","point":[-86.61698479431209,36.203545990325026]}},{"type":"Feature","id":"228423","geometry":{"type":"Polygon","coordinates":[[[-86.6187275836528,36.2022158104226],[-86.6187298283092,36.2022119019184],[-86.618752695424,36.2022300080092],[-86.6194925378149,36.2026482904977],[-86.6194659431803,36.2029860286253],[-86.6185869137823,36.202471742429],[-86.6187275836528,36.2022158104226]]]},"properties":{"id":"228423","parcel":"07500003000","address":"4215 HERMITAGE RD","owner":"RAMIREZ, BERNARDO","point":[-86.61903711128564,36.202560008997324]}},{"type":"Feature","id":"228431","geometry":{"type":"Polygon","coordinates":[[[-86.6136657213444,36.2041701975408],[-86.6136597718973,36.204159976973],[-86.6136560046884,36.2041490955149],[-86.6136545221586,36.2041378581692],[-86.6136553689887,36.2041265783437],[-86.6136585197977,36.2041155689005],[-86.6136798761752,36.2040464337318],[-86.61369727923,36.2039765733167],[-86.6137106923155,36.2039061365492],[-86.6142238024804,36.2039401336941],[-86.614071958617,36.2042782884113],[-86.6140617711246,36.204275385924],[-86.6139782569002,36.2042523970425],[-86.6138936119836,36.2042323059584],[-86.6138079901057,36.2042151488392],[-86.6137215460739,36.204200957341],[-86.6137081412898,36.2041980252118],[-86.6136955246403,36.2041933307394],[-86.6136840429698,36.2041870037439],[-86.6136740156857,36.2041792210496],[-86.6136657213444,36.2041701975408]]]},"properties":{"id":"228431","parcel":"07506001000","address":"102 BELINDA DR","owner":"LENZ, ROXANNE RENIE REVOCABLE TRUST","point":[-86.61391451760733,36.20408179292209]}},{"type":"Feature","id":"228432","geometry":{"type":"Polygon","coordinates":[[[-86.617955393349,36.2044354513476],[-86.6179751683183,36.2041892181806],[-86.618430932937,36.2042176517313],[-86.6184084654972,36.2044660969129],[-86.617955393349,36.2044354513476]]]},"properties":{"id":"228432","parcel":"07506002100","address":"4234 SWEDEN DR","owner":"HITE, WILLIAM J., III","point":[-86.61819260846246,36.204326550008076]}},{"type":"Feature","id":"228433","geometry":{"type":"Polygon","coordinates":[[[-86.6179104563382,36.2049323414763],[-86.6179329425945,36.204686094478],[-86.6183859807795,36.2047123440149],[-86.6183810544701,36.204776100149],[-86.6183635313002,36.2049629863046],[-86.6179104563382,36.2049323414763]]]},"properties":{"id":"228433","parcel":"07506002300","address":"4242 SWEDEN DR","owner":"MITCHELL, DIANE","point":[-86.61814565892999,36.204854220737325]}},{"type":"Feature","id":"228434","geometry":{"type":"Polygon","coordinates":[[[-86.617865532544,36.2054314286926],[-86.6178880041819,36.2051829836679],[-86.6183383523964,36.2052114453038],[-86.6183283454458,36.205319179536],[-86.6183158843851,36.205459890399],[-86.617865532544,36.2054314286926]]]},"properties":{"id":"228434","parcel":"07506002500","address":"4250 SWEDEN DR","owner":"ROSALES, LIZBETH LAYDES","point":[-86.61809699273894,36.20537530451023]}},{"type":"Feature","id":"228435","geometry":{"type":"Polygon","coordinates":[[[-86.6177543470354,36.2061264419414],[-86.6177746363564,36.2060774634454],[-86.617791567462,36.206027654051],[-86.617805088154,36.205977164535],[-86.6178151573759,36.205926148321],[-86.6182709490451,36.2059567796179],[-86.6182409286669,36.2062799822123],[-86.6177543470354,36.2061264419414]]]},"properties":{"id":"228435","parcel":"07506002800","address":"4262 SWEDEN DR","owner":"MILLER, JEFFERY G.","point":[-86.61801090519897,36.20610273941357]}},{"type":"Feature","id":"228436","geometry":{"type":"Polygon","coordinates":[[[-86.6171888478343,36.2059359436344],[-86.6172013964706,36.2058062204907],[-86.6172063546584,36.2057468596541],[-86.6176676058813,36.2057818634112],[-86.6176469065713,36.2059094283499],[-86.6176399084012,36.2059472652073],[-86.6176302471855,36.2059847146289],[-86.6176179519903,36.2060216538955],[-86.6171888478343,36.2059359436344]]]},"properties":{"id":"228436","parcel":"07506003100","address":"4261 SWEDEN DR","owner":"COVERT, WESLEY A.","point":[-86.6174258176412,36.20585782995323]}},{"type":"Feature","id":"228437","geometry":{"type":"Polygon","coordinates":[[[-86.6172514024911,36.2052631555275],[-86.6172663210172,36.2050894663419],[-86.6177247844956,36.2051156933383],[-86.6177048213705,36.2053377531667],[-86.6172463384256,36.2053093316488],[-86.6172514024911,36.2052631555275]]]},"properties":{"id":"228437","parcel":"07506003400","address":"4251 SWEDEN DR","owner":"SCOTT, TIMOTHY P. & DEBORAH A.","point":[-86.61748794432177,36.20518942419127]}},{"type":"Feature","id":"228438","geometry":{"type":"Polygon","coordinates":[[[-86.6173063863151,36.2046629276432],[-86.6173089787066,36.2046475282722],[-86.6177620507184,36.204678178069],[-86.6177447452779,36.204893632603],[-86.6172890134654,36.2048695934739],[-86.6172915032614,36.2048410102614],[-86.6173063863151,36.2046629276432]]]},"properties":{"id":"228438","parcel":"07506003600","address":"4243 SWEDEN DR","owner":"BARTLETT, JAMES N. & BARBARA & WEAVER, IVIE BARTLETT","point":[-86.61752691058176,36.2047595948246]}},{"type":"Feature","id":"228439","geometry":{"type":"Polygon","coordinates":[[[-86.6173239985314,36.2044870283065],[-86.617328959902,36.2044276701295],[-86.6177820339665,36.2044583153301],[-86.6177620507184,36.204678178069],[-86.6173089787066,36.2046475282722],[-86.6173239985314,36.2044870283065]]]},"properties":{"id":"228439","parcel":"07506003700","address":"4239 SWEDEN DR","owner":"MCCOLLUM, RENEE NICOLE","point":[-86.61754424334873,36.20456800629638]}},{"type":"Feature","id":"228447","geometry":{"type":"Polygon","coordinates":[[[-86.6078010993487,36.2009422428789],[-86.6078539663036,36.2007903433899],[-86.6078866533795,36.2006744827759],[-86.6079222146363,36.2005591799716],[-86.6079606359594,36.2004444810095],[-86.6080001509704,36.2003351002036],[-86.6080403596363,36.2003421888429],[-86.6081196802218,36.2003561733303],[-86.6088239051129,36.2004803298583],[-86.6092081088738,36.2005480631461],[-86.6093753192599,36.1997381984462],[-86.6095093658045,36.199087966949],[-86.6099509445384,36.1991221377016],[-86.610023015819,36.1986609105268],[-86.6100900951709,36.1982166510662],[-86.6101854924487,36.1975766645204],[-86.6102368196586,36.1975940714308],[-86.6102867022398,36.1976140469739],[-86.6103349461171,36.1976365128224],[-86.6103813604742,36.1976613807191],[-86.6110482028471,36.1979942426756],[-86.6111610748102,36.1980531728478],[-86.611272278157,36.1981141535945],[-86.6113817537187,36.1981771536759],[-86.6114990360806,36.1982474701242],[-86.6116142872116,36.1983199597472],[-86.6117274434452,36.1983945850206],[-86.611838446653,36.1984713056884],[-86.6119472375942,36.1985500815004],[-86.6130600063502,36.199394912111],[-86.613121612679,36.1994411677862],[-86.6131856040733,36.1994852456145],[-86.6132518609368,36.1995270659884],[-86.6133202648054,36.1995665519983],[-86.613390688346,36.1996036303852],[-86.6134630042742,36.1996382341985],[-86.6135370797724,36.1996703001209],[-86.6136127787288,36.1996997702598],[-86.6135866176781,36.1998229697581],[-86.6134576140357,36.1999708650987],[-86.6131996551593,36.2002732477359],[-86.6130188117712,36.2003796491337],[-86.6127839790922,36.2005170956179],[-86.6125410446354,36.2006589754253],[-86.6124060888267,36.2007387734389],[-86.6121550700958,36.2008872860942],[-86.6119310293607,36.2010180808307],[-86.611707003726,36.2011510732137],[-86.611482960388,36.2012818662136],[-86.6112643403682,36.2014126322368],[-86.6110402955686,36.2015434253071],[-86.6108189789838,36.2016764013979],[-86.6105760374616,36.2018182772061],[-86.610373597716,36.2019379699349],[-86.6092990933023,36.202545543479],[-86.6076762089548,36.2013010837209],[-86.6078010993487,36.2009422428789]]]},"properties":{"id":"228447","parcel":"07500004500","address":"431 TYLER DR","owner":"METRO GOV'T  S  DUPONT","point":[-86.61131370090375,36.20011553015907]}},{"type":"Feature","id":"228480","geometry":{"type":"Polygon","coordinates":[[[-86.6167283130464,36.2045977551006],[-86.6167431261023,36.204520204499],[-86.6167615160035,36.2044431592505],[-86.6167834591104,36.2043667267227],[-86.6173239985314,36.2044870283065],[-86.6173089787066,36.2046475282722],[-86.6173063863151,36.2046629276432],[-86.6167283130464,36.2045977551006]]]},"properties":{"id":"228480","parcel":"07506004200","address":"4220 SAMOA DR","owner":"RINER, NICHOLAS DANIEL & MURRAY, MORGAN","point":[-86.61703483192234,36.204503620817775]}},{"type":"Feature","id":"228481","geometry":{"type":"Polygon","coordinates":[[[-86.6165920408548,36.2059038311247],[-86.6166174949768,36.2058551121473],[-86.6166397685227,36.2058053801795],[-86.6166588036265,36.2057547725083],[-86.6166745435418,36.205703427316],[-86.6172013964706,36.2058062204907],[-86.6171888478343,36.2059359436344],[-86.6171812607157,36.2060063059238],[-86.6171031563993,36.2060748313498],[-86.6165920408548,36.2059038311247]]]},"properties":{"id":"228481","parcel":"07506004800","address":"4244 SAMOA DR","owner":"MIRABAL, NELSON REYES & MESA, LAZARA YANITZA CORZO","point":[-86.6168994480091,36.20588041525001]}},{"type":"Feature","id":"228482","geometry":{"type":"Polygon","coordinates":[[[-86.6164741345239,36.2060846368102],[-86.6165074046693,36.2060411205193],[-86.6165381879131,36.2059964182554],[-86.6165664193718,36.2059506231801],[-86.6165920408548,36.2059038311247],[-86.6171031563993,36.2060748313498],[-86.6170385240754,36.2061323016683],[-86.6168607573332,36.2062870403487],[-86.6164741345239,36.2060846368102]]]},"properties":{"id":"228482","parcel":"07506004900","address":"4248 SAMOA DR","owner":"HERRON-MARQUEZ, JENNIFER J REVOCABLE TRUST","point":[-86.61679120975366,36.206108581258576]}},{"type":"Feature","id":"228507","geometry":{"type":"Polygon","coordinates":[[[-86.6148951002252,36.2070222754143],[-86.6147748048069,36.2068954270849],[-86.6149389137045,36.2067275731167],[-86.6153446224003,36.2069430695355],[-86.6153031697627,36.2070027802509],[-86.6152647543357,36.2070638102247],[-86.6152294398386,36.2071260581951],[-86.6148951002252,36.2070222754143]]]},"properties":{"id":"228507","parcel":"07506007100","address":"4275 SAMOA DR","owner":"PITTS, GARRETT GREGORY & MEZA, ZAIRA","point":[-86.61504891510619,36.20691921391701]}},{"type":"Feature","id":"228508","geometry":{"type":"Polygon","coordinates":[[[-86.6149389137045,36.2067275731167],[-86.6149550643359,36.2067121074682],[-86.615124527593,36.2065354360951],[-86.6151541335413,36.2065067157169],[-86.6154978335377,36.2067686777051],[-86.6154563358836,36.2068103790659],[-86.6154169268045,36.2068533918988],[-86.6153796691346,36.206897644687],[-86.6153446224003,36.2069430695355],[-86.6149389137045,36.2067275731167]]]},"properties":{"id":"228508","parcel":"07506007200","address":"4271 SAMOA DR","owner":"RIOS, GUILLERMO LARREA & MIRANDA, ADALINE","point":[-86.61519140430782,36.206720626394095]}},{"type":"Feature","id":"228509","geometry":{"type":"Polygon","coordinates":[[[-86.6152869489689,36.205800606828],[-86.6154509874267,36.2056239625785],[-86.6157970714743,36.2058441567786],[-86.6156760258985,36.2059700375903],[-86.6156302881542,36.2060164209956],[-86.6152869489689,36.205800606828]]]},"properties":{"id":"228509","parcel":"07506008400","address":"4244 NEPAL DR","owner":"AMWAN, WELSON & JAKLEEN ANWAN","point":[-86.615542213193,36.205822382726936]}},{"type":"Feature","id":"228648","geometry":{"type":"Polygon","coordinates":[[[-86.6168738887398,36.2041399089468],[-86.616897002489,36.2041050666509],[-86.6169236601439,36.2040719285314],[-86.6169536745094,36.2040407325706],[-86.6169868282347,36.2040116997816],[-86.6170228871854,36.2039850377439],[-86.6170615926315,36.2039609370396],[-86.6171026701294,36.2039395694048],[-86.6171458250669,36.2039210868512],[-86.6171907504468,36.203905621627],[-86.6172371257536,36.2038932835184],[-86.6172846214088,36.2038841607284],[-86.6173328954274,36.2038783189928],[-86.6173816067403,36.2038757988083],[-86.6173516381516,36.2042055910225],[-86.6173415080565,36.204297945114],[-86.6168738887398,36.2041399089468]]]},"properties":{"id":"228648","parcel":"07506004000","address":"4206 SAMOA DR","owner":"DELGADO-SANTANA, SERGIO","point":[-86.61713623928388,36.20408922045967]}},{"type":"Feature","id":"228649","geometry":{"type":"Polygon","coordinates":[[[-86.6167111095555,36.2048263942245],[-86.6167132713584,36.204750023087],[-86.6167190092804,36.2046737733776],[-86.6167283130464,36.2045977551006],[-86.6173063863151,36.2046629276432],[-86.6172915032614,36.2048410102614],[-86.6167111095555,36.2048263942245]]]},"properties":{"id":"228649","parcel":"07506004300","address":"4224 SAMOA DR","owner":"HARVILLE, CHRISSY N. & BINKLEY, WILLIAM","point":[-86.61700913862629,36.204712836177784]}},{"type":"Feature","id":"228650","geometry":{"type":"Polygon","coordinates":[[[-86.6163208414745,36.2062480423293],[-86.6163749266427,36.2061954434076],[-86.6164260577711,36.2061409380785],[-86.6164741345239,36.2060846368102],[-86.6168607573332,36.2062870403487],[-86.6168365274158,36.2063091401572],[-86.616650679009,36.2064705142312],[-86.6166372068051,36.2064815737485],[-86.6163208414745,36.2062480423293]]]},"properties":{"id":"228650","parcel":"07506005000","address":"4252 SAMOA DR","owner":"DODSON, KELLY","point":[-86.61658556955403,36.206267524889256]}},{"type":"Feature","id":"228797","geometry":{"type":"Polygon","coordinates":[[[-86.6161528138544,36.2063939421759],[-86.6163208414745,36.2062480423293],[-86.6166372068051,36.2064815737485],[-86.6164675420556,36.2066318750674],[-86.6164513746516,36.2066451428614],[-86.6161349921617,36.2064094156124],[-86.6161528138544,36.2063939421759]]]},"properties":{"id":"228797","parcel":"07506005100","address":"4256 SAMOA DR","owner":"ALLEN, RICHARD L. & CHERYL L.","point":[-86.61638587620074,36.206445494227985]}},{"type":"Feature","id":"228798","geometry":{"type":"Polygon","coordinates":[[[-86.6152941666643,36.2079651065484],[-86.6153418232218,36.2076309351746],[-86.6156186434509,36.2076602901985],[-86.6155653267725,36.2079963651321],[-86.6152941666643,36.2079651065484]]]},"properties":{"id":"228798","parcel":"07506005900","address":"341 MONACO DR","owner":"RENICK, WILLIAM L., JR. & LACY, NANCY R.","point":[-86.61545518025143,36.20781269455086]}},{"type":"Feature","id":"228824","geometry":{"type":"Polygon","coordinates":[[[-86.6144213951653,36.2071301722183],[-86.6147261527328,36.2069154526473],[-86.6147748048069,36.2068954270849],[-86.6148951002252,36.2070222754143],[-86.6146505658244,36.2073092096093],[-86.6146004149924,36.2072772173082],[-86.6145523049549,36.2072432300526],[-86.6145063553625,36.2072073328544],[-86.614462682564,36.207169615249],[-86.6144213951653,36.2071301722183]]]},"properties":{"id":"228824","parcel":"07506006900","address":"362 MONACO DR","owner":"HILL, RONNIE A.","point":[-86.61467364816802,36.207076273635266]}},{"type":"Feature","id":"228825","geometry":{"type":"Polygon","coordinates":[[[-86.6156302881542,36.2060164209956],[-86.6156760258985,36.2059700375903],[-86.6160660944848,36.2062669228815],[-86.6159225686683,36.206395116753],[-86.6158829738732,36.2064304799965],[-86.6155038358412,36.206144526433],[-86.6156302881542,36.2060164209956]]]},"properties":{"id":"228825","parcel":"07506007500","address":"4259 SAMOA DR","owner":"JAMES, ELIZABETH NICOLE","point":[-86.61578532995465,36.20620572615821]}},{"type":"Feature","id":"228826","geometry":{"type":"Polygon","coordinates":[[[-86.6158266598617,36.2058132390734],[-86.6159396559987,36.2056983871809],[-86.6164182987962,36.2058783467049],[-86.6163836425916,36.2059355401835],[-86.6163451783174,36.2059911128154],[-86.6163030214261,36.2060448963756],[-86.6162572985615,36.2060967315943],[-86.6158266598617,36.2058132390734]]]},"properties":{"id":"228826","parcel":"07506007700","address":"4249 SAMOA DR","owner":"FLY, WENDY R.","point":[-86.61618392837873,36.205906247607174]}},{"type":"Feature","id":"228827","geometry":{"type":"Polygon","coordinates":[[[-86.6157871793296,36.2052684338472],[-86.6158247434605,36.205234275131],[-86.6158651928861,36.2052023548088],[-86.6159083253432,36.2051728325291],[-86.6159539262468,36.2051458562872],[-86.6160017675639,36.2051215606283],[-86.6160516078141,36.2051000666479],[-86.6162244809076,36.2053628980253],[-86.6161197906289,36.2054996838647],[-86.6157871793296,36.2052684338472]]]},"properties":{"id":"228827","parcel":"07506008100","address":"4232 NEPAL DR","owner":"EGGERT, NATHANIEL","point":[-86.61602411334155,36.20531572479389]}},{"type":"Feature","id":"228828","geometry":{"type":"Polygon","coordinates":[[[-86.6154509874267,36.2056239625785],[-86.6156150081144,36.2054451227431],[-86.6159665321134,36.2056674841752],[-86.6159396559987,36.2056983871809],[-86.6158266598617,36.2058132390734],[-86.6157970714743,36.2058441567786],[-86.6154509874267,36.2056239625785]]]},"properties":{"id":"228828","parcel":"07506008300","address":"4240 NEPAL DR","owner":"MCKNIGHT, REBECCA","point":[-86.6157086630165,36.20564572334363]}},{"type":"Feature","id":"228829","geometry":{"type":"Polygon","coordinates":[[[-86.6147339935203,36.2064011731894],[-86.614797556246,36.2063327260523],[-86.615124527593,36.2065354360951],[-86.6149550643359,36.2067121074682],[-86.6146335181821,36.2065093666583],[-86.6147339935203,36.2064011731894]]]},"properties":{"id":"228829","parcel":"07506008800","address":"4262 NEPAL DR","owner":"MCGILL, JAMES A. & RHONDA D.","point":[-86.61487885581391,36.20652240109079]}},{"type":"Feature","id":"228830","geometry":{"type":"Polygon","coordinates":[[[-86.6144503055994,36.2066619340234],[-86.6144996324045,36.2066266677355],[-86.6145466907799,36.2065894194102],[-86.61459135692,36.2065502852126],[-86.6146335181821,36.2065093666583],[-86.6149550643359,36.2067121074682],[-86.6149389137045,36.2067275731167],[-86.6147748048069,36.2068954270849],[-86.6147261527328,36.2069154526473],[-86.6144503055994,36.2066619340234]]]},"properties":{"id":"228830","parcel":"07506008900","address":"4266 NEPAL DR","owner":"POSADA, DOLORES P. & TEJADA, VICTOR","point":[-86.61472938819392,36.206719140013426]}},{"type":"Feature","id":"229143","geometry":{"type":"Polygon","coordinates":[[[-86.6140176078863,36.2064619534378],[-86.6140495169962,36.2063804814824],[-86.6141528270646,36.2064151183067],[-86.6141128857761,36.206509818199],[-86.6140911427045,36.206503336141],[-86.6140964298758,36.2064857286074],[-86.6140176078863,36.2064619534378]]]},"properties":{"id":"229143","parcel":"075060A05300CO","address":"380 MONACO DR","owner":"STEVENS, THOMAS B., JR. & STEVENS, RAYMOND C.ET AL","point":[-86.61408486258664,36.206438534747114]}},{"type":"Feature","id":"229144","geometry":{"type":"Polygon","coordinates":[[[-86.6143923071572,36.206139070799],[-86.6144483644622,36.2060774781673],[-86.6145464256316,36.2061286459231],[-86.6145310898684,36.2061446463193],[-86.6145141855348,36.2061343067043],[-86.6144655971611,36.2061846083759],[-86.6143923071572,36.206139070799]]]},"properties":{"id":"229144","parcel":"075060A05700CO","address":"4261 NEPAL DR","owner":"JAIN, VIKAS","point":[-86.61447163693818,36.206131287344256]}},{"type":"Feature","id":"229145","geometry":{"type":"Polygon","coordinates":[[[-86.6147491461491,36.2057488987505],[-86.6148077817079,36.2056850072512],[-86.6148088361382,36.2056856084229],[-86.6148836525326,36.2057282422687],[-86.614840484242,36.2057783344485],[-86.6148573874162,36.2057886722222],[-86.6148472071412,36.2058000707728],[-86.6147491461491,36.2057488987505]]]},"properties":{"id":"229145","parcel":"075060A06200CO","address":"4251 NEPAL DR","owner":"HERMITAGE 1, LLC & HERMITAGE 2, LLC","point":[-86.61481669269803,36.20573857147264]}},{"type":"Feature","id":"229146","geometry":{"type":"Polygon","coordinates":[[[-86.614988582145,36.2054843267096],[-86.6150446374121,36.2054227337954],[-86.6151427003807,36.2054739010651],[-86.6151273670884,36.2054899015286],[-86.6151104605927,36.2054795620065],[-86.6150618752222,36.2055298639159],[-86.614988582145,36.2054843267096]]]},"properties":{"id":"229146","parcel":"075060A06500CO","address":"4245 NEPAL DR","owner":"WESTON, JOSH M.","point":[-86.61506791189406,36.205476542860175]}},{"type":"Feature","id":"229147","geometry":{"type":"Polygon","coordinates":[[[-86.6154516160493,36.2049399712595],[-86.6155108083412,36.2048803340593],[-86.6156061363845,36.2049347882336],[-86.615589987354,36.2049502539713],[-86.6155736336558,36.2049393493155],[-86.6155224903158,36.204987957496],[-86.6154516160493,36.2049399712595]]]},"properties":{"id":"229147","parcel":"075060A07100CO","address":"4233 NEPAL DR","owner":"HERMITAGE, LLC","point":[-86.61552124705408,36.20490744157872]}},{"type":"Feature","id":"229148","geometry":{"type":"Polygon","coordinates":[[[-86.6156480708416,36.2047477780562],[-86.6157072628423,36.2046881407565],[-86.6158025907896,36.2047425947787],[-86.6157864418365,36.2047580605434],[-86.6157700870389,36.2047471559194],[-86.6157189450552,36.2047957641799],[-86.6156480708416,36.2047477780562]]]},"properties":{"id":"229148","parcel":"075060A07300CO","address":"4229 NEPAL DR","owner":"HERMITAGE 1, LLC & HERMITAGE 2, LLC","point":[-86.61571770159598,36.20471524826151]}},{"type":"Feature","id":"229149","geometry":{"type":"Polygon","coordinates":[[[-86.6160310340276,36.2043677115038],[-86.6160902254567,36.2043080740099],[-86.6161855543221,36.2043625277299],[-86.616169404409,36.2043779935532],[-86.6161530507491,36.2043670889742],[-86.6161019081333,36.2044156974078],[-86.6160310340276,36.2043677115038]]]},"properties":{"id":"229149","parcel":"075060A07900CO","address":"4227 SAMOA DR","owner":"HERMITAGE 1, LLC & HERMITAGE 2, LLC","point":[-86.61610066456943,36.2043351814831]}},{"type":"Feature","id":"229783","geometry":{"type":"Polygon","coordinates":[[[-86.6167834591104,36.2043667267227],[-86.6168019579731,36.2043089937685],[-86.6168232184061,36.2042518892945],[-86.6168472065986,36.2041954990907],[-86.6168738887398,36.2041399089468],[-86.6173415080565,36.204297945114],[-86.617328959902,36.2044276701295],[-86.6173239985314,36.2044870283065],[-86.6167834591104,36.2043667267227]]]},"properties":{"id":"229783","parcel":"07506004100","address":"4214 SAMOA DR","owner":"FLORES, MARIA BERENICE & ARRIAGA, MA. ELISA DE LA C.","point":[-86.61706509352592,36.20433873204968]}},{"type":"Feature","id":"229785","geometry":{"type":"Polygon","coordinates":[[[-86.616712566836,36.2050138167592],[-86.6167111095555,36.2048263942245],[-86.6172915032614,36.2048410102614],[-86.6172890134654,36.2048695934739],[-86.6172714010654,36.205045490083],[-86.6167129378369,36.2050615314724],[-86.616712566836,36.2050138167592]]]},"properties":{"id":"229785","parcel":"07506004400","address":"4228 SAMOA DR","owner":"PRINCE, CHARLES M. & PATRICIA M.","point":[-86.6169968509598,36.20494169285911]}},{"type":"Feature","id":"229787","geometry":{"type":"Polygon","coordinates":[[[-86.6167129378369,36.2050615314724],[-86.6172714010654,36.205045490083],[-86.6172663210172,36.2050894663419],[-86.6172514024911,36.2052631555275],[-86.6167146294021,36.2052790842413],[-86.6167129378369,36.2050615314724]]]},"properties":{"id":"229787","parcel":"07506004500","address":"4232 SAMOA DR","owner":"CONROY, PATRICIA NORA DOROTHY","point":[-86.61698633924219,36.20517543912483]}},{"type":"Feature","id":"229789","geometry":{"type":"Polygon","coordinates":[[[-86.6167136099388,36.205496652645],[-86.616715250715,36.2054605348428],[-86.6167157592593,36.2054243948839],[-86.6167146294021,36.2052790842413],[-86.6172514024911,36.2052631555275],[-86.6172463384256,36.2053093316488],[-86.6172262713097,36.2055182066446],[-86.6167136099388,36.205496652645]]]},"properties":{"id":"229789","parcel":"07506004600","address":"4236 SAMOA DR","owner":"ALTIDORT, MICHEL B. & GUERDA A.","point":[-86.61697801834863,36.20536685386288]}},{"type":"Feature","id":"229791","geometry":{"type":"Polygon","coordinates":[[[-86.6157606142888,36.2067365694348],[-86.6159491420997,36.2065707895034],[-86.6162655417526,36.2068087143844],[-86.616082386161,36.2069678765642],[-86.6160773382858,36.2069725725847],[-86.6157606142888,36.2067365694348]]]},"properties":{"id":"229791","parcel":"07506005300","address":"4264 SAMOA DR","owner":"DELK, WAYNE C. ETUX","point":[-86.61601329495363,36.206772642871684]}},{"type":"Feature","id":"229793","geometry":{"type":"Polygon","coordinates":[[[-86.6155856434485,36.2069022844585],[-86.615616931682,36.2068685192196],[-86.6156502081286,36.2068360272132],[-86.6157606142888,36.2067365694348],[-86.6160773382858,36.2069725725847],[-86.6159019409419,36.2071270246318],[-86.6155856434485,36.2069022844585]]]},"properties":{"id":"229793","parcel":"07506005400","address":"4268 SAMOA DR","owner":"HILL, CARYN RENEE","point":[-86.61583262346815,36.206937432409426]}},{"type":"Feature","id":"229795","geometry":{"type":"Polygon","coordinates":[[[-86.6155653267725,36.2079963651321],[-86.6156186434509,36.2076602901985],[-86.6158873282874,36.2076896869813],[-86.6158258839523,36.2080264010115],[-86.6155653267725,36.2079963651321]]]},"properties":{"id":"229795","parcel":"07506005800","address":"337 MONACO DR","owner":"SERGEANT, ROBERT H. ET UX","point":[-86.61572449585657,36.20784302028669]}},{"type":"Feature","id":"229821","geometry":{"type":"Polygon","coordinates":[[[-86.6154607930269,36.2061886978902],[-86.6155038358412,36.206144526433],[-86.6158829738732,36.2064304799965],[-86.6156890389313,36.2065984873473],[-86.6153289850905,36.2063256212061],[-86.6154607930269,36.2061886978902]]]},"properties":{"id":"229821","parcel":"07506007400","address":"4263 SAMOA DR","owner":"COLLINS, JOSEPH REVOCABLE LIVING TRUST","point":[-86.61560581438403,36.2063780503913]}},{"type":"Feature","id":"229823","geometry":{"type":"Polygon","coordinates":[[[-86.6156760258985,36.2059700375903],[-86.6157970714743,36.2058441567786],[-86.6158266598617,36.2058132390734],[-86.6162572985615,36.2060967315943],[-86.6161630784822,36.206182846297],[-86.6160660944848,36.2062669228815],[-86.6156760258985,36.2059700375903]]]},"properties":{"id":"229823","parcel":"07506007600","address":"4253 SAMOA DR","owner":"ESCUE, LINDA EATON LIVING TRUST","point":[-86.6159602004159,36.206033364210484]}},{"type":"Feature","id":"229825","geometry":{"type":"Polygon","coordinates":[[[-86.6159396559987,36.2056983871809],[-86.6159665321134,36.2056674841752],[-86.6160714618386,36.2055614631744],[-86.6165193886553,36.2056273034043],[-86.6165049396141,36.2056789186699],[-86.6164875657028,36.2057299396211],[-86.6164673049747,36.2057802552087],[-86.6164441988614,36.2058297597739],[-86.6164182987962,36.2058783467049],[-86.6159396559987,36.2056983871809]]]},"properties":{"id":"229825","parcel":"07506007800","address":"4243 SAMOA DR","owner":"WILKERSON, ADRIAN D., II","point":[-86.61623612695386,36.20571423591369]}},{"type":"Feature","id":"229827","geometry":{"type":"Polygon","coordinates":[[[-86.6160516078141,36.2051000666479],[-86.6161074277165,36.2050784628282],[-86.6161649773781,36.2050600820337],[-86.6162239750381,36.2050450131208],[-86.6162841299424,36.2050333323751],[-86.6163451478335,36.2050250944705],[-86.6164067265866,36.2050203433066],[-86.6164685650071,36.2050190993465],[-86.6164819926396,36.2050212199295],[-86.6164948374003,36.2050250360316],[-86.6165067749369,36.2050304510729],[-86.6165175050453,36.2050373277941],[-86.6165267583767,36.2050454927283],[-86.6165343020396,36.2050547415803],[-86.6165399451807,36.2050648419015],[-86.6165435456918,36.2050755375618],[-86.6165450136372,36.2050865604484],[-86.6165470976489,36.2053546586373],[-86.6162244809076,36.2053628980253],[-86.6160516078141,36.2051000666479]]]},"properties":{"id":"229827","parcel":"07506008000","address":"4231 SAMOA DR","owner":"KEENE, MARTHA D.","point":[-86.61634055116068,36.2052274949711]}},{"type":"Feature","id":"229829","geometry":{"type":"Polygon","coordinates":[[[-86.615179397717,36.2059183612223],[-86.6152869489689,36.205800606828],[-86.6156302881542,36.2060164209956],[-86.6155038358412,36.206144526433],[-86.6154607930269,36.2061886978902],[-86.6151256219678,36.2059772379314],[-86.615179397717,36.2059183612223]]]},"properties":{"id":"229829","parcel":"07506008500","address":"4248 NEPAL DR","owner":"ROBERTS, KIMBERLY","point":[-86.61537789933912,36.2059968295503]}},{"type":"Feature","id":"229831","geometry":{"type":"Polygon","coordinates":[[[-86.6144503055994,36.2066619340234],[-86.6147261527328,36.2069154526473],[-86.6144213951653,36.2071301722183],[-86.6143804222593,36.2070876804539],[-86.6143430161382,36.2070430805359],[-86.6143093417874,36.2069965681003],[-86.6142795475807,36.2069483478798],[-86.614253764168,36.2068986337097],[-86.6142321033222,36.206847643126],[-86.6142280001313,36.2068364831136],[-86.614226096986,36.2068249423992],[-86.6142264394243,36.2068133010392],[-86.6142290207685,36.2068018456645],[-86.6142337753623,36.2067908577983],[-86.6142357019655,36.2067871907342],[-86.6142414048731,36.2067794704757],[-86.6142481305417,36.2067725687553],[-86.6142558746184,36.2067662107142],[-86.614307055262,36.2067434209673],[-86.6143566182898,36.206718393518],[-86.6144044174929,36.2066912039154],[-86.6144503055994,36.2066619340234]]]},"properties":{"id":"229831","parcel":"07506009000","address":"4270 NEPAL DR","owner":"TESKA, FAWN & JASON","point":[-86.61446229149357,36.206873845242974]}},{"type":"Feature","id":"229972","geometry":{"type":"Polygon","coordinates":[[[-86.6178127893185,36.2014601020331],[-86.6179015506367,36.2013608006046],[-86.6187743217794,36.2018732529396],[-86.6188857357932,36.2019388399849],[-86.6187938087995,36.2020969576655],[-86.618740501742,36.2021898693583],[-86.6187298283092,36.2022119019184],[-86.6187275836528,36.2022158104226],[-86.6176846550781,36.2016034542015],[-86.6178127893185,36.2014601020331]]]},"properties":{"id":"229972","parcel":"07500001700","address":"4150 LEBANON PIKE","owner":"LENARD, THE ROBERT J TRUST, ET AL","point":[-86.61822948831781,36.20173835480921]}},{"type":"Feature","id":"229974","geometry":{"type":"Polygon","coordinates":[[[-86.6185756004929,36.2026016668112],[-86.6185869137823,36.202471742429],[-86.6194659431803,36.2029860286253],[-86.6194250097578,36.2034958851326],[-86.6187167356956,36.2032611232435],[-86.6185170130755,36.2032600014463],[-86.61851824232,36.2032436627124],[-86.618520799072,36.2032238717031],[-86.6185483140594,36.2029270530391],[-86.6185756004929,36.2026016668112]]]},"properties":{"id":"229974","parcel":"07500001800","address":"4219 HERMITAGE RD","owner":"WRIGHT, ANNA GRACE","point":[-86.61898174632577,36.20295646091118]}},{"type":"Feature","id":"229976","geometry":{"type":"Polygon","coordinates":[[[-86.6183158843851,36.205459890399],[-86.6183283454458,36.205319179536],[-86.6192453972324,36.2053870011055],[-86.6191846783863,36.2059455052869],[-86.6182784324283,36.2058732343223],[-86.618293416226,36.2057083345715],[-86.6183158843851,36.205459890399]]]},"properties":{"id":"229976","parcel":"07500002300","address":"4239 HERMITAGE RD","owner":"IRWIN, KATHY J.","point":[-86.61876415001935,36.2055855770318]}},{"type":"Feature","id":"230034","geometry":{"type":"Polygon","coordinates":[[[-86.6174862099943,36.2018254636476],[-86.6176846550781,36.2016034542015],[-86.6187275836528,36.2022158104226],[-86.6185869137823,36.202471742429],[-86.6183544435933,36.2023352492336],[-86.6180312606515,36.2021454928274],[-86.6177885898783,36.2020030078708],[-86.6174862099943,36.2018254636476]]]},"properties":{"id":"230034","parcel":"07500015200","address":"4154 LEBANON PIKE","owner":"LENARD, THE ROBERT J TRUST, ET AL","point":[-86.61819977946888,36.20207517537704]}},{"type":"Feature","id":"230128","geometry":{"type":"Polygon","coordinates":[[[-86.6184084654972,36.2044660969129],[-86.618430932937,36.2042176517313],[-86.6184561112353,36.2039691926436],[-86.6184785772732,36.2037207474243],[-86.6184800388935,36.2037025482261],[-86.6194014574845,36.203756073098],[-86.619352382078,36.2042982521653],[-86.618515676106,36.2042480548327],[-86.618459721854,36.2047800917622],[-86.6183810544701,36.204776100149],[-86.6183859807795,36.2047123440149],[-86.6184084654972,36.2044660969129]]]},"properties":{"id":"230128","parcel":"07500002000","address":"4227 HERMITAGE RD","owner":"HAUTH, MARK A. & WENDY J.","point":[-86.61889380876124,36.2042341930016]}},{"type":"Feature","id":"230142","geometry":{"type":"Polygon","coordinates":[[[-86.6162247749919,36.2041755311616],[-86.61628396502,36.2041158935753],[-86.6163792937874,36.2041703471453],[-86.6163631439512,36.2041858129953],[-86.6163467903043,36.2041749084419],[-86.6162956479311,36.2042235169602],[-86.6162247749919,36.2041755311616]]]},"properties":{"id":"230142","parcel":"075060A08100CO","address":"4223 SAMOA DR","owner":"HERMITAGE 1, LLC & HERMITAGE 2, LLC","point":[-86.61629440442206,36.2041430010351]}},{"type":"Feature","id":"230143","geometry":{"type":"Polygon","coordinates":[[[-86.61628396502,36.2041158935753],[-86.6163458511051,36.2040540440517],[-86.6164194190286,36.2040998160751],[-86.6163736998927,36.2041483996474],[-86.6163900535378,36.2041593041972],[-86.6163792937874,36.2041703471453],[-86.61628396502,36.2041158935753]]]},"properties":{"id":"230143","parcel":"075060A08200CO","address":"4221 SAMOA DR","owner":"HERMITAGE 1, LLC & HERMITAGE 2, LLC","point":[-86.61635193632156,36.20410785562747]}},{"type":"Feature","id":"230144","geometry":{"type":"Polygon","coordinates":[[[-86.6166632133127,36.2037030429236],[-86.616725097668,36.2036411932041],[-86.6167986654484,36.2036869677054],[-86.6167529467617,36.2037355487233],[-86.6167693014858,36.2037464532173],[-86.6167585407322,36.2037574962061],[-86.6166632133127,36.2037030429236]]]},"properties":{"id":"230144","parcel":"075060A08600CO","address":"4213 SAMOA DR","owner":"HERMITAGE 1, LLC & HERMITAGE 2, LLC","point":[-86.61673118334633,36.203695006114934]}},{"type":"Feature","id":"230145","geometry":{"type":"Polygon","coordinates":[[[-86.6168753809519,36.2036344511904],[-86.6168341796769,36.2035665353495],[-86.6169179634443,36.2035309460075],[-86.6169782613296,36.203614146768],[-86.6169566362463,36.2036230480397],[-86.6169429445685,36.2036055373286],[-86.6168753809519,36.2036344511904]]]},"properties":{"id":"230145","parcel":"075060A08700CO","address":"4211 SAMOA DR","owner":"HERMITAGE 1, LLC & HERMITAGE 2, LLC","point":[-86.61690198864808,36.20358607932816]}},{"type":"Feature","id":"230147","geometry":{"type":"Polygon","coordinates":[[[-86.6112760365304,36.2039859738792],[-86.6113167146292,36.2039532707329],[-86.611355079269,36.2039187812941],[-86.6113910100439,36.2038826098182],[-86.6114243966397,36.2038448713244],[-86.6114551332045,36.2038056826118],[-86.6114831250418,36.2037651649294],[-86.6114899131562,36.2037568453764],[-86.6114982131975,36.2037494816013],[-86.611507823036,36.2037432512723],[-86.6115185114367,36.2037383069698],[-86.6115300180032,36.203734768977],[-86.6115420620457,36.2037327216302],[-86.6115543526032,36.2037322150702],[-86.6115665906526,36.2037332634287],[-86.6115784801801,36.2037358384638],[-86.6115910570245,36.2037404441349],[-86.6119019245276,36.2039234684174],[-86.6116062233045,36.2042568061912],[-86.6112760365304,36.2039859738792]]]},"properties":{"id":"230147","parcel":"07506000400","address":"213 BELINDA DR","owner":"DOWLESS, LOIS V.","point":[-86.61158333051559,36.20412185171604]}},{"type":"Feature","id":"230159","geometry":{"type":"Polygon","coordinates":[[[-86.6187938087995,36.2020969576655],[-86.6188857357932,36.2019388399849],[-86.6195191311111,36.202310552338],[-86.6194925378149,36.2026482904977],[-86.618752695424,36.2022300080092],[-86.6187298283092,36.2022119019184],[-86.618740501742,36.2021898693583],[-86.6187938087995,36.2020969576655]]]},"properties":{"id":"230159","parcel":"07500003100","address":"4211 HERMITAGE RD","owner":"LENARD, THE ROBERT J TRUST, ET AL","point":[-86.61913719178962,36.20227028485511]}},{"type":"Feature","id":"230171","geometry":{"type":"Polygon","coordinates":[[[-86.6129862059978,36.2041404108232],[-86.6131021107227,36.2037899198115],[-86.6135280289269,36.2038163279425],[-86.6135188445117,36.2038814204311],[-86.6135066172603,36.2039461822977],[-86.613491365365,36.2040105224229],[-86.6134731103263,36.2040743460652],[-86.6134518781278,36.2041375629664],[-86.6134471773585,36.204147739413],[-86.6134406118447,36.2041572124447],[-86.6134323344504,36.20416576138],[-86.6134225415465,36.2041731833414],[-86.6134114641985,36.2041793041149],[-86.613399361509,36.2041839799868],[-86.6133883294021,36.2041866045848],[-86.6133769885851,36.2041881348317],[-86.6133655023453,36.2041885473665],[-86.6132700108034,36.2041802271726],[-86.6131748992953,36.2041694229348],[-86.6130802646623,36.2041561458785],[-86.6129862059978,36.2041404108232]]]},"properties":{"id":"230171","parcel":"07506001200","address":"200 BELINDA DR","owner":"HAYES, DALLAS F. ETUX","point":[-86.61326963954357,36.203977611500726]}},{"type":"Feature","id":"230172","geometry":{"type":"Polygon","coordinates":[[[-86.6126811414004,36.2040698744677],[-86.6128874001155,36.2036005425625],[-86.6131021107227,36.2037899198115],[-86.6129862059978,36.2041404108232],[-86.6128833736532,36.2041202329084],[-86.6127816297538,36.2040967084542],[-86.6126811414004,36.2040698744677]]]},"properties":{"id":"230172","parcel":"07506001300","address":"202 BELINDA DR","owner":"MCALISTER, TERRY T.","point":[-86.61289925764665,36.203929922010346]}},{"type":"Feature","id":"230173","geometry":{"type":"Polygon","coordinates":[[[-86.6178880041819,36.2051829836679],[-86.6179104563382,36.2049323414763],[-86.6183635313002,36.2049629863046],[-86.6183383523964,36.2052114453038],[-86.6178880041819,36.2051829836679]]]},"properties":{"id":"230173","parcel":"07506002400","address":"4246 SWEDEN DR","owner":"WINNEN, RYAN","point":[-86.61812511680085,36.205072983147446]}},{"type":"Feature","id":"230174","geometry":{"type":"Polygon","coordinates":[[[-86.6172063546584,36.2057468596541],[-86.6172263397161,36.2055269970731],[-86.6176875520835,36.2055576028554],[-86.6176676058813,36.2057818634112],[-86.6172063546584,36.2057468596541]]]},"properties":{"id":"230174","parcel":"07506003200","address":"4257 SWEDEN DR","owner":"NGUYEN, JOHN","point":[-86.61744704661814,36.20565223179621]}},{"type":"Feature","id":"230409","geometry":{"type":"Polygon","coordinates":[[[-86.615379514547,36.2044478532058],[-86.6153949572358,36.2044297891885],[-86.6154144339122,36.2044401894766],[-86.6154611692799,36.2043947843063],[-86.6155419896661,36.2044407019468],[-86.6154772016094,36.2045064511212],[-86.615379514547,36.2044478532058]]]},"properties":{"id":"230409","parcel":"075060A03000CO","address":"4244 LEBANON PIKE","owner":"HERMITAGE 1, LLC & HERMITAGE 2, LLC","point":[-86.61546709254328,36.20447727662774]}},{"type":"Feature","id":"230666","geometry":{"type":"Polygon","coordinates":[[[-86.6140032914065,36.2062836989696],[-86.6139486867229,36.206235631846],[-86.6139297738795,36.206244517873],[-86.6139133713403,36.2062270206143],[-86.6140051178903,36.2061694168236],[-86.6140788395665,36.2062349700619],[-86.6140032914065,36.2062836989696]]]},"properties":{"id":"230666","parcel":"075060A05200CO","address":"376 MONACO DR","owner":"376 MONACO HOLDINGS, LLC","point":[-86.613998519123,36.20619834540169]}},{"type":"Feature","id":"230667","geometry":{"type":"Polygon","coordinates":[[[-86.614358597487,36.2063745140393],[-86.6142686918423,36.2063200313153],[-86.6143359863568,36.2062559581219],[-86.6144449579974,36.2063213327047],[-86.6144288084512,36.2063367973799],[-86.6144097446583,36.2063259063593],[-86.614358597487,36.2063745140393]]]},"properties":{"id":"230667","parcel":"075060A05500CO","address":"4265 NEPAL DR","owner":"HARWELL PROPERTIES, LLC","point":[-86.6143460983499,36.20628813573599]}},{"type":"Feature","id":"230668","geometry":{"type":"Polygon","coordinates":[[[-86.6143359863568,36.2062559581219],[-86.6144005685816,36.2061918995905],[-86.6144823579608,36.2062486207613],[-86.6144393474582,36.2062971870729],[-86.6144584305008,36.2063102761351],[-86.6144449579974,36.2063213327047],[-86.6143359863568,36.2062559581219]]]},"properties":{"id":"230668","parcel":"075060A05600CO","address":"4263 NEPAL DR","owner":"HERMITAGE 1, LLC & HERMITAGE 2, LLC","point":[-86.61441382971954,36.20627665690049]}},{"type":"Feature","id":"230669","geometry":{"type":"Polygon","coordinates":[[[-86.6144483644622,36.2060774781673],[-86.6145070015693,36.2060135805058],[-86.6145828714463,36.2060568175164],[-86.6145396994369,36.2061069077986],[-86.614556605992,36.2061172473989],[-86.6145464256316,36.2061286459231],[-86.6144483644622,36.2060774781673]]]},"properties":{"id":"230669","parcel":"075060A05800CO","address":"4259 NEPAL DR","owner":"LOUNSBURY, DONNA JEAN","point":[-86.61451591047535,36.206067148802944]}},{"type":"Feature","id":"230670","geometry":{"type":"Polygon","coordinates":[[[-86.6145479838258,36.2059723759693],[-86.6146040419901,36.2059107814543],[-86.6147021030748,36.2059619517897],[-86.6146867673752,36.2059779522065],[-86.61466986305,36.2059676117115],[-86.614621277101,36.2060179134368],[-86.6145479838258,36.2059723759693]]]},"properties":{"id":"230670","parcel":"075060A05900CO","address":"4257 NEPAL DR","owner":"WILLS, RON","point":[-86.6146273139625,36.20596459285637]}},{"type":"Feature","id":"230671","geometry":{"type":"Polygon","coordinates":[[[-86.6146040419901,36.2059107814543],[-86.6146626777436,36.2058468846211],[-86.614738548665,36.2058901224315],[-86.6146953801876,36.205940213656],[-86.6147122833845,36.2059505523507],[-86.6147021030748,36.2059619517897],[-86.6146040419901,36.2059107814543]]]},"properties":{"id":"230671","parcel":"075060A06000CO","address":"4255 NEPAL DR","owner":"STEVENS, THOMAS B., JR. & STEVENS, RAYMOND C.ET AL","point":[-86.6146715882304,36.205900452904835]}},{"type":"Feature","id":"230672","geometry":{"type":"Polygon","coordinates":[[[-86.6148942508767,36.2055870221677],[-86.61495288615,36.2055231242866],[-86.6149621794079,36.2055284204621],[-86.615028755801,36.205566361023],[-86.6149855876691,36.2056164505533],[-86.6150024919608,36.2056267910051],[-86.6149923106154,36.2056381895741],[-86.6148942508767,36.2055870221677]]]},"properties":{"id":"230672","parcel":"075060A06400CO","address":"4247 NEPAL DR","owner":"HERMITAGE 1, LLC & HERMITAGE 2, LLC","point":[-86.6149617960328,36.20557669255591]}},{"type":"Feature","id":"230673","geometry":{"type":"Polygon","coordinates":[[[-86.6151441269444,36.2053154371994],[-86.6152001841744,36.2052538414952],[-86.6152982448315,36.2053050113559],[-86.6152829082672,36.2053210118569],[-86.6152660051162,36.2053106714379],[-86.6152174199547,36.2053609743135],[-86.6151441269444,36.2053154371994]]]},"properties":{"id":"230673","parcel":"075060A06700CO","address":"4241 NEPAL DR","owner":"HERMITAGE 1, LLC & HERMITAGE 2, LLC","point":[-86.61522345661315,36.205307652798616]}},{"type":"Feature","id":"230791","geometry":{"type":"Polygon","coordinates":[[[-86.6175861939308,36.2021389971896],[-86.6175235415188,36.2021019563167],[-86.6175128164229,36.2021173945904],[-86.617493733885,36.2021043059955],[-86.6175527309911,36.2020204954145],[-86.6176399093106,36.2020727924498],[-86.6175861939308,36.2021389971896]]]},"properties":{"id":"230791","parcel":"075060A00200CO","address":"4200 B SWEDEN DR","owner":"HERMITAGE 1, LLC & HERMITAGE 2, LLC","point":[-86.61756689086444,36.202087326998694]}},{"type":"Feature","id":"230792","geometry":{"type":"Polygon","coordinates":[[[-86.6177925200915,36.2022837485839],[-86.6177352722521,36.2022444847266],[-86.6177218008961,36.2022555416744],[-86.6177027182975,36.2022424540142],[-86.6177808012095,36.2021717309684],[-86.6178598939448,36.2022306636528],[-86.6177925200915,36.2022837485839]]]},"properties":{"id":"230792","parcel":"075060A00400CO","address":"4202 B SWEDEN DR","owner":"HERMITAGE, LLC","point":[-86.61778443462003,36.20220108263785]}},{"type":"Feature","id":"230793","geometry":{"type":"Polygon","coordinates":[[[-86.6173116930457,36.2025575900343],[-86.6173734573889,36.2024803580461],[-86.6173925217764,36.2024912486048],[-86.6173790674324,36.2025045026719],[-86.6174444663574,36.2025459231634],[-86.6173934454429,36.2026099149803],[-86.6173116930457,36.2025575900343]]]},"properties":{"id":"230793","parcel":"075060A00600CO","address":"4203 B SWEDEN DR","owner":"STOWE, FLOYD H., III","point":[-86.61737477094975,36.20252509465767]}},{"type":"Feature","id":"230794","geometry":{"type":"Polygon","coordinates":[[[-86.6170281525264,36.2023927434098],[-86.6170927818457,36.2023352775428],[-86.6171527596827,36.2023767231929],[-86.6171608059346,36.202365696741],[-86.6171662460175,36.20236786438],[-86.6171743115655,36.2023590323707],[-86.617187954007,36.2023699506737],[-86.617115361769,36.2024494360535],[-86.6170281525264,36.2023927434098]]]},"properties":{"id":"230794","parcel":"075060A00700CO","address":"4201 A SWEDEN DR","owner":"HERMITAGE 1, LLC & HERMITAGE 2, LLC","point":[-86.6171057804466,36.20238478234243]}},{"type":"Feature","id":"230810","geometry":{"type":"Polygon","coordinates":[[[-86.615221668145,36.204613200273],[-86.61523710979,36.2045951362824],[-86.6152565865002,36.204605538398],[-86.6153033220418,36.2045601314883],[-86.6153841413862,36.2046060483368],[-86.6153193575114,36.2046717974009],[-86.615221668145,36.204613200273]]]},"properties":{"id":"230810","parcel":"075060A03200CO","address":"4248 LEBANON PIKE","owner":"HERMITAGE 1, LLC & HERMITAGE 2, LLC","point":[-86.6153092467267,36.20464262335069]}},{"type":"Feature","id":"230813","geometry":{"type":"Polygon","coordinates":[[[-86.6150718454506,36.2047761017229],[-86.6150872893924,36.2047580386422],[-86.615106765011,36.2047684407871],[-86.6151535007343,36.2047230339376],[-86.6152343212769,36.2047689517798],[-86.6151695349209,36.2048347007718],[-86.6150718454506,36.2047761017229]]]},"properties":{"id":"230813","parcel":"075060A03400CO","address":"4252 LEBANON PIKE","owner":"HERMITAGE 1, LLC & HERMITAGE 2, LLC","point":[-86.61515942509607,36.20480552581306]}},{"type":"Feature","id":"230814","geometry":{"type":"Polygon","coordinates":[[[-86.6138119832558,36.2058327144981],[-86.6138254557505,36.2058216561952],[-86.6139208348159,36.2058827067607],[-86.6138588943843,36.2059379617373],[-86.6137853103218,36.2058899883114],[-86.6138283539071,36.2058458174477],[-86.6138119832558,36.2058327144981]]]},"properties":{"id":"230814","parcel":"075060A04700CO","address":"4282 LEBANON PIKE","owner":"HERMITAGE 1, LLC & HERMITAGE 2, LLC","point":[-86.61385134414539,36.20586418710093]}},{"type":"Feature","id":"231000","geometry":{"type":"Polygon","coordinates":[[[-86.613747081365,36.2061135903283],[-86.6136844095082,36.2060743521561],[-86.6136682258646,36.2060854224173],[-86.6136518721966,36.2060745175047],[-86.6137299953907,36.2060081923747],[-86.6138117489747,36.2060605187937],[-86.613747081365,36.2061135903283]]]},"properties":{"id":"231000","parcel":"075060A05000CO","address":"372 MONACO DR","owner":"HERMITAGE 1, LLC & HERMITAGE 2, LLC","point":[-86.6137318256932,36.206067383036185]}},{"type":"Feature","id":"231019","geometry":{"type":"Polygon","coordinates":[[[-86.6146930882329,36.2058104960392],[-86.6147491461491,36.2057488987505],[-86.6148472071412,36.2058000707728],[-86.6148318714953,36.2058160703074],[-86.6148149671996,36.2058057316348],[-86.6147663825538,36.2058560334151],[-86.6146930882329,36.2058104960392]]]},"properties":{"id":"231019","parcel":"075060A06100CO","address":"4253 NEPAL DR","owner":"HUGGINS, JUSTIN & KRISTINA","point":[-86.6147724179389,36.205802712380596]}},{"type":"Feature","id":"231020","geometry":{"type":"Polygon","coordinates":[[[-86.6152495804122,36.2052000133145],[-86.6152588189759,36.2051899461632],[-86.6153346895869,36.2052331827057],[-86.6152915207177,36.2052832723558],[-86.6153084249781,36.2052936127657],[-86.6152982448315,36.2053050113559],[-86.6152001841744,36.2052538414952],[-86.6152495804122,36.2052000133145]]]},"properties":{"id":"231020","parcel":"075060A06800CO","address":"4239 NEPAL DR","owner":"HERMITAGE 1, LLC & HERMITAGE 2, LLC","point":[-86.61526772960063,36.20524351306034]}},{"type":"Feature","id":"231021","geometry":{"type":"Polygon","coordinates":[[[-86.6155108083412,36.2048803340593],[-86.6155726956326,36.2048184858463],[-86.615646263833,36.2048642601334],[-86.6156005437618,36.204912840699],[-86.6156168974582,36.2049237453511],[-86.6156061363845,36.2049347882336],[-86.6155108083412,36.2048803340593]]]},"properties":{"id":"231021","parcel":"075060A07200CO","address":"4231 NEPAL DR","owner":"HERMITAGE, LLC","point":[-86.6155787801905,36.20487229789958]}},{"type":"Feature","id":"231022","geometry":{"type":"Polygon","coordinates":[[[-86.6157072628423,36.2046881407565],[-86.6157691487187,36.2046262924451],[-86.6158427168541,36.2046720666151],[-86.615796997014,36.2047206472576],[-86.6158133518099,36.2047315518781],[-86.6158025907896,36.2047425947787],[-86.6157072628423,36.2046881407565]]]},"properties":{"id":"231022","parcel":"075060A07400CO","address":"4227 NEPAL DR","owner":"CREEKWOOD PROPERTY MANAGEMENT","point":[-86.61577523387747,36.20468010448839]}},{"type":"Feature","id":"231023","geometry":{"type":"Polygon","coordinates":[[[-86.6159195528031,36.2046570537765],[-86.6158909599621,36.2045992997928],[-86.6159775222998,36.2045724868282],[-86.6160243001444,36.2046601550987],[-86.6160053708242,36.204666841594],[-86.6159944061579,36.2046515150148],[-86.615928677999,36.204671071218],[-86.6159267730428,36.2046716379062],[-86.6159195528031,36.2046570537765]]]},"properties":{"id":"231023","parcel":"075060A07500CO","address":"4225 NEPAL DR","owner":"HERMITAGE 1, LLC & HERMITAGE 2, LLC","point":[-86.6159548456462,36.20462544644265]}},{"type":"Feature","id":"231074","geometry":{"type":"Polygon","coordinates":[[[-86.6138558312195,36.2061503970022],[-86.6139286852631,36.2061038773222],[-86.6140051178903,36.2061694168236],[-86.6139133713403,36.2062270206143],[-86.6138969972673,36.2062139185958],[-86.6139131842412,36.2062028482874],[-86.6138558312195,36.2061503970022]]]},"properties":{"id":"231074","parcel":"075060A05100CO","address":"374 MONACO DR","owner":"STEVENS, THOMAS & MELISSA","point":[-86.61393013489798,36.20615990584051]}},{"type":"Feature","id":"231075","geometry":{"type":"Polygon","coordinates":[[[-86.6142377360384,36.2065245684183],[-86.6141507795964,36.2065008347111],[-86.6141427813561,36.2065184569361],[-86.6141128857761,36.206509818199],[-86.6141528270646,36.2064151183067],[-86.6142696619359,36.2064452899576],[-86.6142377360384,36.2065245684183]]]},"properties":{"id":"231075","parcel":"075060A05400CO","address":"382 MONACO DR","owner":"PALMER, TONYA RENEE","point":[-86.61419345729489,36.20647300831233]}},{"type":"Feature","id":"231076","geometry":{"type":"Polygon","coordinates":[[[-86.6148381931457,36.2056486141193],[-86.6148942508767,36.2055870221677],[-86.6149923106154,36.2056381895741],[-86.6149769750369,36.2056541900292],[-86.6149600707429,36.205643849574],[-86.6149114851833,36.2056941523218],[-86.6148381931457,36.2056486141193]]]},"properties":{"id":"231076","parcel":"075060A06300CO","address":"4249 NEPAL DR","owner":"HERMITAGE 1, LLC & HERMITAGE 2, LLC","point":[-86.61491752252834,36.205640830825786]}},{"type":"Feature","id":"231077","geometry":{"type":"Polygon","coordinates":[[[-86.6150446374121,36.2054227337954],[-86.6151032746738,36.2053588367282],[-86.6151209273709,36.2053688957672],[-86.6151791453546,36.2054020724653],[-86.6151359774142,36.2054521629529],[-86.6151528805714,36.2054625024885],[-86.6151427003807,36.2054739010651],[-86.6150446374121,36.2054227337954]]]},"properties":{"id":"231077","parcel":"075060A06600CO","address":"4243 NEPAL DR","owner":"HERMITAGE 1, LLC & HERMITAGE 2, LLC","point":[-86.61511218440916,36.2054124040916]}},{"type":"Feature","id":"231078","geometry":{"type":"Polygon","coordinates":[[[-86.6152767541267,36.2051188688442],[-86.6153359433475,36.2050592317497],[-86.6154312748218,36.2051136860423],[-86.6154151223848,36.2051291517729],[-86.6153987675617,36.2051182470996],[-86.6153476250903,36.2051668524942],[-86.6152767541267,36.2051188688442]]]},"properties":{"id":"231078","parcel":"075060A06900CO","address":"4237 NEPAL DR","owner":"HERMITAGE 1, LLC & HERMITAGE 2, LLC","point":[-86.61534638361465,36.20508633927314]}},{"type":"Feature","id":"231079","geometry":{"type":"Polygon","coordinates":[[[-86.6153359433475,36.2050592317497],[-86.615397829803,36.2049973836351],[-86.6154713980683,36.2050431580264],[-86.6154256777869,36.2050917385233],[-86.6154420326082,36.205102643193],[-86.6154312748218,36.2051136860423],[-86.6153359433475,36.2050592317497]]]},"properties":{"id":"231079","parcel":"075060A07000CO","address":"4235 NEPAL DR","owner":"HERMITAGE 1, LLC & HERMITAGE 2, LLC","point":[-86.61540391473841,36.205051195691404]}},{"type":"Feature","id":"231080","geometry":{"type":"Polygon","coordinates":[[[-86.6159775222998,36.2045724868282],[-86.616072185722,36.204541237081],[-86.6161079978368,36.2046135760487],[-86.6160376867855,36.2046381080556],[-86.6160459404424,36.2046534493627],[-86.6160243001444,36.2046601550987],[-86.6159775222998,36.2045724868282]]]},"properties":{"id":"231080","parcel":"075060A07600CO","address":"4223 NEPAL DR","owner":"HERMITAGE 1, LLC & HERMITAGE 2, LLC","point":[-86.61604315299591,36.20459303271674]}},{"type":"Feature","id":"231081","geometry":{"type":"Polygon","coordinates":[[[-86.6162798103148,36.2047401602164],[-86.6162278149938,36.2046788928119],[-86.6163088004662,36.2046323292657],[-86.616374472713,36.2047089111406],[-86.6163582726426,36.2047177837081],[-86.6163445957574,36.204702470103],[-86.6162798103148,36.2047401602164]]]},"properties":{"id":"231081","parcel":"075060A07700CO","address":"4221 NEPAL DR","owner":"HERMITAGE 1, LLC & HERMITAGE 2, LLC","point":[-86.61629836387851,36.204690720451374]}},{"type":"Feature","id":"231082","geometry":{"type":"Polygon","coordinates":[[[-86.6163088004662,36.2046323292657],[-86.6163870919047,36.2045879775612],[-86.6164417823476,36.2046470338964],[-86.6163796909459,36.2046825130672],[-86.6163933678344,36.2046978266685],[-86.616374472713,36.2047089111406],[-86.6163088004662,36.2046323292657]]]},"properties":{"id":"231082","parcel":"075060A07800CO","address":"4219 NEPAL DR","owner":"HERMITAGE 1, LLC & HERMITAGE 2, LLC","point":[-86.61637357756838,36.20466465438633]}},{"type":"Feature","id":"231170","geometry":{"type":"Polygon","coordinates":[[[-86.619664037409,36.2017038563737],[-86.6196473039971,36.2016594205125],[-86.6196285354108,36.2016155214218],[-86.6196077599304,36.2015722202405],[-86.6195782672834,36.2015105134006],[-86.6195458056108,36.2014497942346],[-86.6195104256733,36.2013901544072],[-86.6194721815884,36.2013316882695],[-86.6200337732589,36.2011573773682],[-86.6202021510699,36.2017599966784],[-86.619664037409,36.2017038563737]]]},"properties":{"id":"231170","parcel":"07500001400","address":"4206 HERMITAGE RD","owner":"MAUCK, LANDON","point":[-86.61984324771413,36.20148104732678]}},{"type":"Feature","id":"231171","geometry":{"type":"Polygon","coordinates":[[[-86.6185010442893,36.2034723030791],[-86.6185170130755,36.2032600014463],[-86.6187167356956,36.2032611232435],[-86.6194250097578,36.2034958851326],[-86.6194142875391,36.2036143363328],[-86.6194014574845,36.203756073098],[-86.6184800388935,36.2037025482261],[-86.6184860430801,36.2036350031036],[-86.6185010442893,36.2034723030791]]]},"properties":{"id":"231171","parcel":"07500001900","address":"4223 HERMITAGE RD","owner":"BRYAN, LARRY WAYNE","point":[-86.61895666486117,36.203553637645605]}},{"type":"Feature","id":"231172","geometry":{"type":"Polygon","coordinates":[[[-86.618459721854,36.2047800917622],[-86.618515676106,36.2042480548327],[-86.619352382078,36.2042982521653],[-86.6193059779579,36.2048109168493],[-86.618459721854,36.2047800917622]]]},"properties":{"id":"231172","parcel":"07500002100","address":"4231 HERMITAGE RD","owner":"HAWKINS, DORIS C. (LE) & POSTON, RANDALL A.","point":[-86.61890782659799,36.204539178455285]}},{"type":"Feature","id":"231173","geometry":{"type":"Polygon","coordinates":[[[-86.6183635313002,36.2049629863046],[-86.6183810544701,36.204776100149],[-86.618459721854,36.2047800917622],[-86.6193059779579,36.2048109168493],[-86.6192453972324,36.2053870011055],[-86.6183283454458,36.205319179536],[-86.6183383523964,36.2052114453038],[-86.6183635313002,36.2049629863046]]]},"properties":{"id":"231173","parcel":"07500002200","address":"4235 HERMITAGE RD","owner":"SMITH, WAYNE M. & RHONDA R.","point":[-86.61881377721234,36.20508869078898]}},{"type":"Feature","id":"231180","geometry":{"type":"Polygon","coordinates":[[[-86.6172109834495,36.2035536219443],[-86.6172081527631,36.2035382529932],[-86.6171322831617,36.203545236102],[-86.6171153995034,36.2034662062418],[-86.617212943146,36.2034569178202],[-86.6172353696661,36.2035513000509],[-86.6172109834495,36.2035536219443]]]},"properties":{"id":"231180","parcel":"075060A08900CO","address":"4207 SAMOA DR","owner":"HERMITAGE 1, LLC & HERMITAGE 2, LLC","point":[-86.61717341295434,36.20350226684815]}},{"type":"Feature","id":"231181","geometry":{"type":"Polygon","coordinates":[[[-86.617212943146,36.2034569178202],[-86.6173077746652,36.2034476422831],[-86.6173246242894,36.2035222750977],[-86.6172541959836,36.2035314250071],[-86.6172543327993,36.2035490058737],[-86.6172353696661,36.2035513000509],[-86.617212943146,36.2034569178202]]]},"properties":{"id":"231181","parcel":"075060A09000CO","address":"4205 SAMOA DR","owner":"HERMITAGE 1, LLC & HERMITAGE 2, LLC","point":[-86.61726897651023,36.20348959708849]}},{"type":"Feature","id":"231183","geometry":{"type":"Polygon","coordinates":[[[-86.6116062233045,36.2042568061912],[-86.6119019245276,36.2039234684174],[-86.6120115480687,36.2039860949033],[-86.6121225187992,36.2040476149371],[-86.6116525558949,36.2046389550188],[-86.6115168661163,36.2046242588317],[-86.6112997760069,36.2046033819605],[-86.6113616155525,36.2045349435259],[-86.6116062233045,36.2042568061912]]]},"properties":{"id":"231183","parcel":"07506000300","address":"211 BELINDA DR","owner":"HERMITAGE UNITED METHODIST CHURCH, TRS.","point":[-86.61166436598627,36.204396460539776]}},{"type":"Feature","id":"231203","geometry":{"type":"Polygon","coordinates":[[[-86.6137106923155,36.2039061365492],[-86.6137162642163,36.2038691453167],[-86.6137247715801,36.2038107065676],[-86.6137304515436,36.2037520415539],[-86.6137332959284,36.2036932422446],[-86.6143108003659,36.2037007980289],[-86.6143311534497,36.2037010639971],[-86.6142707452685,36.2038355960919],[-86.61426573966,36.203846742965],[-86.6142238024804,36.2039401336941],[-86.6137106923155,36.2039061365492]]]},"properties":{"id":"231203","parcel":"07506001100","address":"103 WELDON DR","owner":"BARRON, RABURN F. ETUX","point":[-86.6139995096498,36.203823157288845]}},{"type":"Feature","id":"231204","geometry":{"type":"Polygon","coordinates":[[[-86.612402612329,36.2039777251156],[-86.6126954206795,36.2034945944537],[-86.6127925191373,36.2035168546705],[-86.6128795547483,36.2035936220374],[-86.6128874001155,36.2036005425625],[-86.6126811414004,36.2040698744677],[-86.6125870785118,36.2040416180763],[-86.6124942020404,36.2040108906789],[-86.612402612329,36.2039777251156]]]},"properties":{"id":"231204","parcel":"07506001400","address":"204 BELINDA DR","owner":"BREEDEN, BRENDA JANINE","point":[-86.61266072749153,36.20378918496848]}},{"type":"Feature","id":"231205","geometry":{"type":"Polygon","coordinates":[[[-86.6121621016035,36.2038705874966],[-86.6124690464462,36.2034426953461],[-86.6126954206795,36.2034945944537],[-86.612402612329,36.2039777251156],[-86.6123292229611,36.2039487147776],[-86.6122571035368,36.203917682764],[-86.6121863388554,36.2038846655986],[-86.6121621016035,36.2038705874966]]]},"properties":{"id":"231205","parcel":"07506001500","address":"206 BELINDA DR","owner":"JOHNSTON, SUSAN M.","point":[-86.61243922449218,36.203682625159026]}},{"type":"Feature","id":"231207","geometry":{"type":"Polygon","coordinates":[[[-86.6179329425945,36.204686094478],[-86.617955393349,36.2044354513476],[-86.6184084654972,36.2044660969129],[-86.6183859807795,36.2047123440149],[-86.6179329425945,36.204686094478]]]},"properties":{"id":"231207","parcel":"07506002200","address":"4238 SWEDEN DR","owner":"MITCHELL, DIANE","point":[-86.61817060792217,36.2045760956269]}},{"type":"Feature","id":"231208","geometry":{"type":"Polygon","coordinates":[[[-86.6176364623568,36.2063094458952],[-86.6176702241498,36.2062655860974],[-86.6177011775435,36.2062203860787],[-86.6177292433961,36.2061739643096],[-86.6177543470354,36.2061264419414],[-86.6182409286669,36.2062799822123],[-86.6182208467988,36.2064866601607],[-86.6179501035791,36.2065407878775],[-86.6176364623568,36.2063094458952]]]},"properties":{"id":"231208","parcel":"07506002900","address":"4266 SWEDEN DR","owner":"VAUGHN, R. C., JR.","point":[-86.61799260314999,36.20639825751344]}},{"type":"Feature","id":"231209","geometry":{"type":"Polygon","coordinates":[[[-86.6170385240754,36.2061323016683],[-86.6171031563993,36.2060748313498],[-86.6171812607157,36.2060063059238],[-86.6171888478343,36.2059359436344],[-86.6176179519903,36.2060216538955],[-86.617600886868,36.2060648343672],[-86.6175803331394,36.2061070043531],[-86.6175563816717,36.2061479804332],[-86.6175291378104,36.206187581817],[-86.6174987191965,36.2062256357624],[-86.6174652601946,36.2062619748491],[-86.6173440797882,36.2063702764657],[-86.6170385240754,36.2061323016683]]]},"properties":{"id":"231209","parcel":"07506003000","address":"4265 SWEDEN DR","owner":"VAZQUEZ, JESUS & ROSARIO, MARIA DEL","point":[-86.61731247389355,36.206167045010886]}},{"type":"Feature","id":"231210","geometry":{"type":"Polygon","coordinates":[[[-86.6172714010654,36.205045490083],[-86.6172890134654,36.2048695934739],[-86.6177447452779,36.204893632603],[-86.6177247844956,36.2051156933383],[-86.6172663210172,36.2050894663419],[-86.6172714010654,36.205045490083]]]},"properties":{"id":"231210","parcel":"07506003500","address":"4247 SWEDEN DR","owner":"WILLIAMS, SONIA GARNER & MILTON","point":[-86.61750846558392,36.20496956283222]}},{"type":"Feature","id":"231211","geometry":{"type":"Polygon","coordinates":[[[-86.6173415080565,36.204297945114],[-86.6173516381516,36.2042055910225],[-86.6178019773023,36.204234056486],[-86.6177820339665,36.2044583153301],[-86.617328959902,36.2044276701295],[-86.6173415080565,36.204297945114]]]},"properties":{"id":"231211","parcel":"07506003800","address":"4235 SWEDEN DR","owner":"4347 LEBANON PIKE IL REAL ESTATE, LLC","point":[-86.61756281605844,36.20436353503953]}},{"type":"Feature","id":"231283","geometry":{"type":"Polygon","coordinates":[[[-86.6149607896746,36.2025503375094],[-86.6151275671467,36.2023780722475],[-86.6155036156649,36.2026178953818],[-86.6153664418527,36.2027614388944],[-86.6153314836474,36.202798976519],[-86.6149607896746,36.2025503375094]]]},"properties":{"id":"231283","parcel":"07510001100","address":"8319 LUREE LN","owner":"ROBERTSON, ALBERT M ETUX","point":[-86.61523092094141,36.20258411263268]}},{"type":"Feature","id":"231285","geometry":{"type":"Polygon","coordinates":[[[-86.6147857401013,36.2027050612753],[-86.6148464676458,36.202655275305],[-86.61490484475,36.202603677144],[-86.6149607896746,36.2025503375094],[-86.6153314836474,36.202798976519],[-86.6151674166848,36.2029712264291],[-86.6151405411722,36.2030021292803],[-86.6147857401013,36.2027050612753]]]},"properties":{"id":"231285","parcel":"07510001200","address":"8321 LUREE LN","owner":"MIDDLETON, WILLIAM W & LINDA C","point":[-86.61505171986586,36.20275199704166]}},{"type":"Feature","id":"231287","geometry":{"type":"Polygon","coordinates":[[[-86.6137332959284,36.2036932422446],[-86.6137334251278,36.2036773165219],[-86.6137279142298,36.2036072165598],[-86.6137189979082,36.2035373465985],[-86.6137066870302,36.2034678165346],[-86.6141081142196,36.2034381163635],[-86.6143859406725,36.2035993262682],[-86.6143629556988,36.2036302433909],[-86.6143311534497,36.2037010639971],[-86.6143108003659,36.2037007980289],[-86.6137332959284,36.2036932422446]]]},"properties":{"id":"231287","parcel":"07510001800","address":"105 WELDON DR","owner":"RUIZ, EDYN, E MIRANDA & FEMY E PALACIOS","point":[-86.61402845770455,36.20356825946658]}},{"type":"Feature","id":"231289","geometry":{"type":"Polygon","coordinates":[[[-86.6127925191373,36.2035168546705],[-86.6128683867288,36.2034033575079],[-86.6134914154423,36.2032890851374],[-86.6135060182201,36.2033436969253],[-86.6135176211099,36.2033987790829],[-86.6135261999248,36.2034542244856],[-86.6135317382404,36.2035099232649],[-86.6135342251993,36.2035657664253],[-86.6128795547483,36.2035936220374],[-86.6127925191373,36.2035168546705]]]},"properties":{"id":"231289","parcel":"07510002000","address":"104 WELDON DR","owner":"UY, STEVE","point":[-86.61318727930119,36.20342875908493]}},{"type":"Feature","id":"231291","geometry":{"type":"Polygon","coordinates":[[[-86.6127966993209,36.2025146591003],[-86.6132597369012,36.2024331940275],[-86.6133156140756,36.2026460781642],[-86.6128796712456,36.2027252086788],[-86.612807749082,36.2025409744717],[-86.6127966993209,36.2025146591003]]]},"properties":{"id":"231291","parcel":"07510002400","address":"204 WELDON DR","owner":"PATYK, BENJAMIN","point":[-86.61306499693363,36.20259353730519]}},{"type":"Feature","id":"231293","geometry":{"type":"Polygon","coordinates":[[[-86.6126055866491,36.2016431745986],[-86.6130253218087,36.201572920794],[-86.6130839086803,36.2017857922275],[-86.6125531752163,36.2018785872183],[-86.6126055866491,36.2016431745986]]]},"properties":{"id":"231293","parcel":"07510002800","address":"302 WELDON DR","owner":"ERVIN, LAURA","point":[-86.61282718639947,36.20171442684576]}},{"type":"Feature","id":"231295","geometry":{"type":"Polygon","coordinates":[[[-86.612162988725,36.201561913075],[-86.6124004686393,36.2014156663522],[-86.6126055866491,36.2016431745986],[-86.6125531752163,36.2018785872183],[-86.6124310435293,36.2018638241924],[-86.612162988725,36.201561913075]]]},"properties":{"id":"231295","parcel":"07510003000","address":"8403 TERRY LN","owner":"PASSIVE INCOME PARTNERS LLC","point":[-86.61245676770763,36.20175330015991]}},{"type":"Feature","id":"231297","geometry":{"type":"Polygon","coordinates":[[[-86.6120231346053,36.2020614796368],[-86.6124310435293,36.2018638241924],[-86.6125531752163,36.2018785872183],[-86.6126278761288,36.2020715982912],[-86.612146639127,36.2022542427224],[-86.612107328616,36.2021892140986],[-86.6120661536743,36.2021249474545],[-86.6120231346053,36.2020614796368]]]},"properties":{"id":"231297","parcel":"07510003200","address":"403 TERRY PL","owner":"TITTLE FAMILY TRUST","point":[-86.61240065344255,36.20197039808861]}},{"type":"Feature","id":"231299","geometry":{"type":"Polygon","coordinates":[[[-86.6123286958299,36.2026554849038],[-86.612807749082,36.2025409744717],[-86.6128796712456,36.2027252086788],[-86.6128824851922,36.2027383796691],[-86.6125501018173,36.2028851087306],[-86.6125395057598,36.2028688688023],[-86.6125263021363,36.2028539353923],[-86.6125107332677,36.202840583954],[-86.6124930823734,36.2028290581896],[-86.6124736735571,36.202819568248],[-86.6124443178089,36.2028021499967],[-86.6124173942907,36.2027823175743],[-86.6123932071611,36.202760290246],[-86.6123720252174,36.2027363162961],[-86.6123540851623,36.2027106639992],[-86.6123395882468,36.2026836189334],[-86.6123286958299,36.2026554849038]]]},"properties":{"id":"231299","parcel":"07510003500","address":"409 TERRY PL","owner":"BARBOSA, LUIS A. GOMEZ & DIAZ, DAYLIN GONZALEZ","point":[-86.61261787377826,36.20271793984971]}},{"type":"Feature","id":"231328","geometry":{"type":"Polygon","coordinates":[[[-86.6114482388169,36.2026296185181],[-86.6114577365019,36.2025648607516],[-86.6120199876447,36.2023697425919],[-86.6120573949262,36.2024411761508],[-86.6120914535815,36.2025137027626],[-86.6121221116458,36.2025872181484],[-86.6114290352511,36.2027605500599],[-86.6114482388169,36.2026296185181]]]},"properties":{"id":"231328","parcel":"07510004100","address":"404 TERRY PL","owner":"COLE, GREGORY ALAN & SHERRY LYNN","point":[-86.61181813043575,36.2025394233818]}},{"type":"Feature","id":"231330","geometry":{"type":"Polygon","coordinates":[[[-86.6107705592164,36.2024021535911],[-86.61078041174,36.2023956832586],[-86.6113162814996,36.2027646006567],[-86.6109284140536,36.2027785322193],[-86.6107110249037,36.2031264297028],[-86.6105154283663,36.2030461342518],[-86.6108637205151,36.2025117816127],[-86.6107705592164,36.2024021535911]]]},"properties":{"id":"231330","parcel":"07510004600","address":"308 BELINDA DR","owner":"DANOS, DONNA J.","point":[-86.61095742346544,36.202637760483796]}},{"type":"Feature","id":"231332","geometry":{"type":"Polygon","coordinates":[[[-86.6109284140536,36.2027785322193],[-86.6113162814996,36.2027646006567],[-86.6110164096859,36.2032517923677],[-86.6107110249037,36.2031264297028],[-86.6109284140536,36.2027785322193]]]},"properties":{"id":"231332","parcel":"07510004700","address":"304 BELINDA DR","owner":"SG HOLDINGS INC","point":[-86.61100979941195,36.202953098931495]}},{"type":"Feature","id":"231334","geometry":{"type":"Polygon","coordinates":[[[-86.6114768912075,36.2034722221833],[-86.6117736823667,36.2031382058862],[-86.6119428668855,36.2032317670549],[-86.6119975185208,36.2032619892441],[-86.6116969215976,36.2036006442605],[-86.6116897021459,36.2035964305427],[-86.6115143723662,36.203494097651],[-86.6114768912075,36.2034722221833]]]},"properties":{"id":"231334","parcel":"07510005000","address":"212 BELINDA DR","owner":"DIMKE, BERNHARD H. & CAROL ANNE & CHERIE L.","point":[-86.61173725421176,36.20336710615878]}},{"type":"Feature","id":"231336","geometry":{"type":"Polygon","coordinates":[[[-86.6116969215976,36.2036006442605],[-86.6119975185208,36.2032619892441],[-86.6122217775204,36.2033860061697],[-86.6119163159033,36.2037276749274],[-86.6119157172465,36.2037283448851],[-86.6116969215976,36.2036006442605]]]},"properties":{"id":"231336","parcel":"07510005100","address":"210 BELINDA DR","owner":"THACKER, MAI HUNTER","point":[-86.61195900514495,36.20349332438815]}},{"type":"Feature","id":"231338","geometry":{"type":"Polygon","coordinates":[[[-86.6119163159033,36.2037276749274],[-86.6122217775204,36.2033860061697],[-86.6124309047068,36.2034339511132],[-86.6124690464462,36.2034426953461],[-86.6121621016035,36.2038705874966],[-86.6119163159033,36.2037276749274]]]},"properties":{"id":"231338","parcel":"07510005200","address":"208 BELINDA DR","owner":"FRENCH, NORANDA M. & SOTELO, FRANCISCO H.","point":[-86.6122052826981,36.203585226289455]}},{"type":"Feature","id":"231344","geometry":{"type":"Polygon","coordinates":[[[-86.6171336414759,36.1998862067486],[-86.6176650920362,36.1998878820684],[-86.6177650922713,36.2001971634425],[-86.6177651128194,36.2001972318325],[-86.6177650360054,36.2001972205092],[-86.6171135070319,36.200086289798],[-86.6171250068436,36.2000368190982],[-86.6171322159015,36.1999868196625],[-86.6171350993994,36.1999365332047],[-86.6171336414759,36.1998862067486]]]},"properties":{"id":"231344","parcel":"07510005900","address":"8235 LUREE LN","owner":"HUNT FAMILY LIVING TRUST","point":[-86.61742056265278,36.20006251791285]}},{"type":"Feature","id":"231348","geometry":{"type":"Polygon","coordinates":[[[-86.6172378932309,36.2066631012949],[-86.6174237397821,36.2065017263317],[-86.6177292296317,36.206730912408],[-86.61754338206,36.206892288738],[-86.6172378932309,36.2066631012949]]]},"properties":{"id":"231348","parcel":"07506011300","address":"4274 SWEDEN DR","owner":"NEWBOLD, NAAMAN & IRINA","point":[-86.61748356115591,36.20669700710252]}},{"type":"Feature","id":"231350","geometry":{"type":"Polygon","coordinates":[[[-86.6170547388147,36.2068222649616],[-86.6172378932309,36.2066631012949],[-86.61754338206,36.206892288738],[-86.617357533725,36.2070536638733],[-86.6170547388147,36.2068222649616]]]},"properties":{"id":"231350","parcel":"07506011400","address":"4278 SWEDEN DR","owner":"KLEESPIES, THOMAS J.","point":[-86.617298639539,36.20685727575312]}},{"type":"Feature","id":"231352","geometry":{"type":"Polygon","coordinates":[[[-86.6169056331724,36.2075240643989],[-86.6169042828687,36.2073504602857],[-86.6171743957511,36.2072150257608],[-86.6173844355404,36.2073743769742],[-86.6170443339991,36.2075760976959],[-86.6170265210871,36.2075602627594],[-86.6170058350449,36.2075469164261],[-86.6169828000627,36.2075363966877],[-86.6169579987198,36.2075289709413],[-86.6169320574381,36.207524824346],[-86.6169056331724,36.2075240643989]]]},"properties":{"id":"231352","parcel":"07506011700","address":"306 MONACO DR","owner":"ARIAS, DAVID CASTILLO","point":[-86.61708134334616,36.20744901716685]}},{"type":"Feature","id":"231354","geometry":{"type":"Polygon","coordinates":[[[-86.6161047959383,36.2080585525468],[-86.6161641648876,36.2077212388164],[-86.6164328501328,36.2077506343851],[-86.6163805180686,36.2080903348876],[-86.6161047959383,36.2080585525468]]]},"properties":{"id":"231354","parcel":"07506012300","address":"319 MONACO DR","owner":"SCRIBNER, KENNETH WAYNE FAMILY TRUST","point":[-86.61627051689386,36.20790459901218]}},{"type":"Feature","id":"231356","geometry":{"type":"Polygon","coordinates":[[[-86.616082386161,36.2069678765642],[-86.6162655417526,36.2068087143844],[-86.6162816943659,36.2067932485475],[-86.6165899068939,36.2070246217254],[-86.6165415285476,36.207068510771],[-86.6164957518795,36.2071141953194],[-86.6164526773003,36.2071615739211],[-86.616082386161,36.2069678765642]]]},"properties":{"id":"231356","parcel":"07506012800","address":"4289 SWEDEN DR","owner":"CLIFTON, JAY ESQ REVOCABLE LIVING TRUST","point":[-86.6163442167812,36.206996275284]}},{"type":"Feature","id":"231393","geometry":{"type":"Polygon","coordinates":[[[-86.6161191871871,36.2001858652628],[-86.6163870581757,36.1997647536428],[-86.616441847765,36.1998369957218],[-86.6165734078595,36.2000187252725],[-86.6163585351316,36.2002813388439],[-86.6162796897875,36.2002479849715],[-86.6161998922752,36.2002161554138],[-86.6161191871871,36.2001858652628]]]},"properties":{"id":"231393","parcel":"07510007700","address":"202 TYLER DR","owner":"WHITING, KAJSA","point":[-86.61633865781846,36.20010227099622]}},{"type":"Feature","id":"231401","geometry":{"type":"Polygon","coordinates":[[[-86.6153455051791,36.2004161647749],[-86.6153721205774,36.2003472700936],[-86.615395093152,36.2002775197583],[-86.6154143805256,36.200207040162],[-86.6154187707923,36.2001966056477],[-86.615425106714,36.2001868506728],[-86.615433233327,36.2001780103517],[-86.6154429532469,36.2001702983851],[-86.615454033305,36.2001639025198],[-86.6154662022763,36.2001589782515],[-86.6154792115378,36.2001557278258],[-86.6154926783577,36.2001541234524],[-86.6155062916571,36.2001542000628],[-86.615519730084,36.200155958394],[-86.6156232446017,36.2001793579607],[-86.6157257519875,36.2002055113863],[-86.6158271397017,36.2002343877034],[-86.615927297442,36.2002659577365],[-86.6157505003326,36.2005437584978],[-86.6153455051791,36.2004161647749]]]},"properties":{"id":"231401","parcel":"07510008700","address":"8301 GORDON LN","owner":"JONES, TINA DEANETTE ET AL","point":[-86.61560571489063,36.20038251062716]}},{"type":"Feature","id":"231403","geometry":{"type":"Polygon","coordinates":[[[-86.6160224693228,36.2006500544222],[-86.6162210083919,36.2003787349548],[-86.6163046869394,36.200417587956],[-86.6164985882001,36.2005091754001],[-86.6165157203449,36.2005207618165],[-86.6165303997178,36.2005343813561],[-86.616542263427,36.2005496979038],[-86.6165510194069,36.2005663317232],[-86.6165564487473,36.2005838729629],[-86.6165582842501,36.2006019940313],[-86.6165560735511,36.2006200068814],[-86.6165504641705,36.200637527879],[-86.6165415885184,36.2006541390692],[-86.6165296603305,36.2006694419086],[-86.6163521494743,36.2008549474908],[-86.6160224693228,36.2006500544222]]]},"properties":{"id":"231403","parcel":"07510008900","address":"201 TYLER DR","owner":"SCOTT FAMILY TRUST","point":[-86.61630470535492,36.20061019136446]}},{"type":"Feature","id":"231405","geometry":{"type":"Polygon","coordinates":[[[-86.6157200623343,36.2008142201124],[-86.6157576450755,36.2007656809298],[-86.6161826806835,36.201029423725],[-86.6160132475051,36.2012082949215],[-86.6156099713435,36.2009532313967],[-86.6157200623343,36.2008142201124]]]},"properties":{"id":"231405","parcel":"07510009100","address":"8304 LUREE LN","owner":"DE LA TORRE NUNEZ, JORGE LUIS & CRUZ, OLGA MARISOL C","point":[-86.61589575361968,36.20099132606625]}},{"type":"Feature","id":"231407","geometry":{"type":"Polygon","coordinates":[[[-86.6155534940673,36.2010128548858],[-86.6156099713435,36.2009532313967],[-86.6160132475051,36.2012082949215],[-86.6158491830892,36.2013805458457],[-86.6154405210936,36.2011299037269],[-86.6155534940673,36.2010128548858]]]},"properties":{"id":"231407","parcel":"07510009200","address":"8306 LUREE LN","owner":"HOLT, JERE B., III. & VIKKI L.","point":[-86.61572783903401,36.20116910273175]}},{"type":"Feature","id":"231409","geometry":{"type":"Polygon","coordinates":[[[-86.6145045290466,36.2021104100918],[-86.6146067269509,36.2020022069007],[-86.6150126650457,36.2022506675162],[-86.6148458853539,36.2024229308345],[-86.6144615037737,36.2021567784073],[-86.6145045290466,36.2021104100918]]]},"properties":{"id":"231409","parcel":"07510009800","address":"8318 LUREE LN","owner":"PURNELL, LEE ANN","point":[-86.61473267452838,36.20220370908383]}},{"type":"Feature","id":"231450","geometry":{"type":"Polygon","coordinates":[[[-86.6139472860067,36.2026318801447],[-86.6140113223469,36.2024975009531],[-86.6141218595446,36.202415627236],[-86.6144200038921,36.2027503449715],[-86.6143450451433,36.2027915898912],[-86.6142677034244,36.2028298367139],[-86.6141881604043,36.2028649943861],[-86.6141066055932,36.2028969790251],[-86.6139472860067,36.2026318801447]]]},"properties":{"id":"231450","parcel":"07510010100","address":"8324 LUREE LN","owner":"ARMSTRONG, BILLY T. ETUX","point":[-86.6141751329863,36.202691085352576]}},{"type":"Feature","id":"231452","geometry":{"type":"Polygon","coordinates":[[[-86.6139182840536,36.2023880928144],[-86.6137123101901,36.202050708162],[-86.6137689526473,36.2020279656426],[-86.6138243716256,36.2020033222724],[-86.6138784684794,36.201976820012],[-86.6139311501652,36.2019485062011],[-86.614251258444,36.2023182740469],[-86.6141218595446,36.202415627236],[-86.6140113223469,36.2024975009531],[-86.6139182840536,36.2023880928144]]]},"properties":{"id":"231452","parcel":"07510010500","address":"8321 GORDON LN","owner":"STEPHENS, SARAH E & NATHANIEL D","point":[-86.61396474333145,36.20218443644658]}},{"type":"Feature","id":"231704","geometry":{"type":"Polygon","coordinates":[[[-86.6182709490451,36.2059567796179],[-86.6182784324283,36.2058732343223],[-86.6191846783863,36.2059455052869],[-86.6191388915697,36.2063786691746],[-86.619091247629,36.2068294231614],[-86.6182208467988,36.2064866601607],[-86.6182409286669,36.2062799822123],[-86.6182709490451,36.2059567796179]]]},"properties":{"id":"231704","parcel":"07500002400","address":"4243 HERMITAGE RD","owner":"PATEL, SANJAY","point":[-86.61869011453528,36.20632932718632]}},{"type":"Feature","id":"231711","geometry":{"type":"Polygon","coordinates":[[[-86.6148661915273,36.2032892161838],[-86.6149414807272,36.2032075212108],[-86.6154731828134,36.2035375561424],[-86.6151064256042,36.2039159369518],[-86.6144803641038,36.203537312145],[-86.6144884641204,36.2035328755354],[-86.6147339956617,36.2033755962133],[-86.6148661915273,36.2032892161838]]]},"properties":{"id":"231711","parcel":"07506010800","address":"4243 LEBANON PIKE","owner":"WATKINS 2021 COMUNITY PROPERTY TRUST","point":[-86.61504088679052,36.20372742124362]}},{"type":"Feature","id":"231713","geometry":{"type":"Polygon","coordinates":[[[-86.6143859406725,36.2035993262682],[-86.6144803641038,36.203537312145],[-86.6151064256042,36.2039159369518],[-86.6149156001866,36.2041128069772],[-86.6149005051134,36.2041283808166],[-86.6148773955628,36.20411811881],[-86.6145099100426,36.2039470596659],[-86.6142707452685,36.2038355960919],[-86.6143311534497,36.2037010639971],[-86.6143629556988,36.2036302433909],[-86.6143859406725,36.2035993262682]]]},"properties":{"id":"231713","parcel":"07506010900","address":"4247 LEBANON PIKE","owner":"REALTY INCOME CORPORATION","point":[-86.61458315440173,36.20376923914096]}},{"type":"Feature","id":"231714","geometry":{"type":"Polygon","coordinates":[[[-86.6160902254567,36.2043080740099],[-86.6161521118499,36.2042462254901],[-86.6162256798538,36.2042919994316],[-86.6161799604674,36.2043405802242],[-86.6161963141255,36.2043514847997],[-86.6161855543221,36.2043625277299],[-86.6160902254567,36.2043080740099]]]},"properties":{"id":"231714","parcel":"075060A08000CO","address":"4225 SAMOA DR","owner":"HERMITAGE 1, LLC & HERMITAGE 2, LLC","point":[-86.61615819675676,36.204300037522806]}},{"type":"Feature","id":"231755","geometry":{"type":"Polygon","coordinates":[[[-86.6179976359249,36.2039407730661],[-86.6180201387492,36.2036967231407],[-86.6184785772732,36.2037207474243],[-86.6184561112353,36.2039691926436],[-86.6179976359249,36.2039407730661]]]},"properties":{"id":"231755","parcel":"07506001900","address":"4228 SWEDEN DR","owner":"MORRISSEY, DAVID C & MATTHEW E","point":[-86.61823820510914,36.203830760802944]}},{"type":"Feature","id":"231757","geometry":{"type":"Polygon","coordinates":[[[-86.6179751683183,36.2041892181806],[-86.6179976359249,36.2039407730661],[-86.6184561112353,36.2039691926436],[-86.618430932937,36.2042176517313],[-86.6179751683183,36.2041892181806]]]},"properties":{"id":"231757","parcel":"07506002000","address":"4230 SWEDEN DR","owner":"CORNETT, JOHN","point":[-86.61821503613643,36.204079203730096]}},{"type":"Feature","id":"231759","geometry":{"type":"Polygon","coordinates":[[[-86.6178457431455,36.2056754645826],[-86.617865532544,36.2054314286926],[-86.6183158843851,36.205459890399],[-86.618293416226,36.2057083345715],[-86.6178457431455,36.2056754645826]]]},"properties":{"id":"231759","parcel":"07506002600","address":"4254 SWEDEN DR","owner":"HUNT, LINDA G.","point":[-86.61808030700756,36.20556767610644]}},{"type":"Feature","id":"231761","geometry":{"type":"Polygon","coordinates":[[[-86.6178151573759,36.205926148321],[-86.6178457431455,36.2056754645826],[-86.618293416226,36.2057083345715],[-86.6182784324283,36.2058732343223],[-86.6182709490451,36.2059567796179],[-86.6178151573759,36.205926148321]]]},"properties":{"id":"231761","parcel":"07506002700","address":"4258 SWEDEN DR","owner":"MCDANIEL, JOHN P & LAUREN","point":[-86.61805888709546,36.20579006013286]}},{"type":"Feature","id":"231763","geometry":{"type":"Polygon","coordinates":[[[-86.6172262713097,36.2055182066446],[-86.6172463384256,36.2053093316488],[-86.6177048213705,36.2053377531667],[-86.6176875520835,36.2055576028554],[-86.6172263397161,36.2055269970731],[-86.6172262713097,36.2055182066446]]]},"properties":{"id":"231763","parcel":"07506003300","address":"4253 SWEDEN DR","owner":"DILLARD, PATRICK W.","point":[-86.6174663430768,36.205427982692804]}},{"type":"Feature","id":"232033","geometry":{"type":"Polygon","coordinates":[[[-86.6180650058826,36.2031910432668],[-86.6180741916736,36.2031347501904],[-86.6180796797891,36.2030781416756],[-86.6180814525764,36.2030213773346],[-86.6180795079437,36.2029646157979],[-86.6185483140594,36.2029270530391],[-86.618520799072,36.2032238717031],[-86.6180650058826,36.2031910432668]]]},"properties":{"id":"232033","parcel":"07510015900","address":"4222 SWEDEN DR","owner":"LORENZ, GERALD WILLIAM ET UX","point":[-86.61830868526951,36.20305048720725]}},{"type":"Feature","id":"232055","geometry":{"type":"Polygon","coordinates":[[[-86.61846019381,36.2014456502458],[-86.6187229913579,36.2011482461467],[-86.6183616411078,36.2008767120736],[-86.6184398112537,36.200794462936],[-86.6186786885814,36.2010046418007],[-86.6186606688681,36.2010191730481],[-86.6188064920624,36.2011379558844],[-86.6190309152613,36.2009569711001],[-86.6191042380144,36.2010639610691],[-86.6191752238387,36.2011719813868],[-86.6192438502214,36.2012809979252],[-86.6193100968871,36.201390978347],[-86.6189098752619,36.201729104541],[-86.61846019381,36.2014456502458]]]},"properties":{"id":"232055","parcel":"07500015500","address":"4140 LEBANON PIKE","owner":"MANNAT HOTELS, LLC","point":[-86.61893247429077,36.20122560787469]}},{"type":"Feature","id":"232082","geometry":{"type":"Polygon","coordinates":[[[-86.6179997489611,36.2012574808039],[-86.6180604162133,36.2011936493164],[-86.61846019381,36.2014456502458],[-86.6189098752619,36.201729104541],[-86.6187743217794,36.2018732529396],[-86.6179015506367,36.2013608006046],[-86.6179986824161,36.2012586029108],[-86.6179976487005,36.201257801583],[-86.6179997489611,36.2012574808039]]]},"properties":{"id":"232082","parcel":"07500015700","address":"4148 LEBANON PIKE","owner":"MANNAT HOTELS, LLC","point":[-86.61848515053478,36.201586740635584]}},{"type":"Feature","id":"232148","geometry":{"type":"Polygon","coordinates":[[[-86.6174200303286,36.2020409519247],[-86.6174683046043,36.2019725796373],[-86.6175527309911,36.2020204954145],[-86.617493733885,36.2021043059955],[-86.6174746480246,36.2020912183157],[-86.6174854106763,36.2020801752466],[-86.6174200303286,36.2020409519247]]]},"properties":{"id":"232148","parcel":"075060A00100CO","address":"4200 A SWEDEN DR","owner":"HERMITAGE 1, LLC & HERMITAGE 2, LLC","point":[-86.61748639166268,36.20203072372319]}},{"type":"Feature","id":"232149","geometry":{"type":"Polygon","coordinates":[[[-86.6172326528175,36.2025052511693],[-86.6172836897886,36.2024434574837],[-86.6173436313958,36.2024805105349],[-86.6173570857347,36.2024672555704],[-86.6173734573889,36.2024803580461],[-86.6173116930457,36.2025575900343],[-86.6172326528175,36.2025052511693]]]},"properties":{"id":"232149","parcel":"075060A00500CO","address":"4203 A SWEDEN DR","owner":"STOWE, MARY D.","point":[-86.61730311978485,36.20249292875616]}},{"type":"Feature","id":"232150","geometry":{"type":"Polygon","coordinates":[[[-86.617115361769,36.2024494360535],[-86.617187954007,36.2023699506737],[-86.6172042914126,36.2023786579545],[-86.6171962076503,36.2023852919119],[-86.6172016648533,36.2023896594114],[-86.6171936164017,36.202400688581],[-86.6172563201835,36.202444320196],[-86.6172025711292,36.2025061277321],[-86.617115361769,36.2024494360535]]]},"properties":{"id":"232150","parcel":"075060A00800CO","address":"4201 B SWEDEN DR","owner":"HERMITAGE 1, LLC & HERMITAGE 2, LLC","point":[-86.61718258688079,36.20242236884557]}},{"type":"Feature","id":"232151","geometry":{"type":"Polygon","coordinates":[[[-86.6167306185151,36.2030061629517],[-86.6167440901158,36.2029951034132],[-86.6168394851365,36.2030583515835],[-86.6167829890674,36.2031157757567],[-86.6167066733548,36.2030656207848],[-86.6167524291955,36.2030214349757],[-86.6167306185151,36.2030061629517]]]},"properties":{"id":"232151","parcel":"075060A01100CO","address":"4210 LEBANON PIKE","owner":"HERMITAGE 1, LLC & HERMITAGE 2, LLC","point":[-86.61677262163246,36.203039818571966]}},{"type":"Feature","id":"232152","geometry":{"type":"Polygon","coordinates":[[[-86.6165950221426,36.2031480135587],[-86.6166084937863,36.2031369540358],[-86.6167038888695,36.2032002023107],[-86.6166473926012,36.2032576264181],[-86.6165710801737,36.2032074713455],[-86.6166168328359,36.2031632856066],[-86.6165950221426,36.2031480135587]]]},"properties":{"id":"232152","parcel":"075060A01300CO","address":"4214 LEBANON PIKE","owner":"HERMITAGE 1, LLC & HERMITAGE 2, LLC","point":[-86.61663702596178,36.20318166922651]}},{"type":"Feature","id":"232153","geometry":{"type":"Polygon","coordinates":[[[-86.6164470545015,36.2032982069364],[-86.616463187057,36.2032805430121],[-86.6164822526239,36.2032914337065],[-86.6165307163588,36.2032472341608],[-86.616609723828,36.2032951809553],[-86.6165424336552,36.2033592545675],[-86.6164470545015,36.2032982069364]]]},"properties":{"id":"232153","parcel":"075060A01600CO","address":"4216 LEBANON PIKE","owner":"HERMITAGE 1, LLC & HERMITAGE 2, LLC","point":[-86.6165344832214,36.203328858087936]}},{"type":"Feature","id":"232154","geometry":{"type":"Polygon","coordinates":[[[-86.6162812381629,36.2034725464549],[-86.6162966793445,36.203454482323],[-86.6163161559136,36.203464884271],[-86.6163628935124,36.2034194769198],[-86.6164437134269,36.2034653939693],[-86.6163789269142,36.2035311436455],[-86.6162812381629,36.2034725464549]]]},"properties":{"id":"232154","parcel":"075060A01800CO","address":"4220 LEBANON PIKE","owner":"HERMITAGE 1, LLC & HERMITAGE 2, LLC","point":[-86.6163688170856,36.20350196922155]}},{"type":"Feature","id":"232178","geometry":{"type":"Polygon","coordinates":[[[-86.615978893708,36.2037984360014],[-86.6159943361339,36.2037803719042],[-86.6160138116174,36.2037907721033],[-86.6160605462664,36.2037453675938],[-86.6161413663379,36.2037912848416],[-86.6160765826443,36.2038570343325],[-86.615978893708,36.2037984360014]]]},"properties":{"id":"232178","parcel":"075060A02200CO","address":"4228 LEBANON PIKE","owner":"HERMITAGE 1, LLC & HERMITAGE 2, LLC","point":[-86.6160664723722,36.203827859435464]}},{"type":"Feature","id":"232179","geometry":{"type":"Polygon","coordinates":[[[-86.6158262643089,36.2039592258102],[-86.6158417090318,36.2039411626232],[-86.6158611834368,36.2039515646546],[-86.6159079171349,36.2039061575083],[-86.6159887372819,36.2039520748561],[-86.6159239555475,36.2040178233496],[-86.6158262643089,36.2039592258102]]]},"properties":{"id":"232179","parcel":"075060A02400CO","address":"4232 LEBANON PIKE","owner":"HERMITAGE 1, LLC & HERMITAGE 2, LLC","point":[-86.61591384423984,36.20398864889841]}},{"type":"Feature","id":"232180","geometry":{"type":"Polygon","coordinates":[[[-86.6150588073724,36.2047874950242],[-86.6150718454506,36.2047761017229],[-86.6151695349209,36.2048347007718],[-86.6151097621441,36.2048914982233],[-86.615034360336,36.2048454175131],[-86.6150756762641,36.2048001752889],[-86.6150588073724,36.2047874950242]]]},"properties":{"id":"232180","parcel":"075060A03300CO","address":"4254 LEBANON PIKE","owner":"HERMITAGE 1, LLC & HERMITAGE 2, LLC","point":[-86.61510047477506,36.20481736687055]}},{"type":"Feature","id":"232181","geometry":{"type":"Polygon","coordinates":[[[-86.6147481205287,36.2051092384109],[-86.6147611598163,36.2050978451385],[-86.6148588494394,36.205156442631],[-86.6147990751066,36.2052132426329],[-86.6147236731592,36.2051671599304],[-86.614764989439,36.2051219187179],[-86.6147481205287,36.2051092384109]]]},"properties":{"id":"232181","parcel":"075060A03700CO","address":"4262 LEBANON PIKE","owner":"HERMITAGE 1, LLC & HERMITAGE 2, LLC","point":[-86.61478978910847,36.205139109458514]}},{"type":"Feature","id":"232182","geometry":{"type":"Polygon","coordinates":[[[-86.6145543864468,36.2052755044752],[-86.6145675790477,36.2052642285078],[-86.6146644670094,36.2053236945323],[-86.6146039253915,36.2053799575901],[-86.6145654033798,36.2053558704089],[-86.6145291542937,36.2053332046335],[-86.6145710796926,36.2052883326062],[-86.6145543864468,36.2052755044752]]]},"properties":{"id":"232182","parcel":"075060A03900CO","address":"4266 LEBANON PIKE","owner":"HERMITAGE 1, LLC & HERMITAGE 2, LLC","point":[-86.61459525157794,36.20530594105669]}},{"type":"Feature","id":"232183","geometry":{"type":"Polygon","coordinates":[[[-86.6142688006991,36.2055828304266],[-86.6142844907026,36.2055649058962],[-86.6143038242922,36.2055754801285],[-86.614351174719,36.2055304940641],[-86.6144313673303,36.2055771321222],[-86.6143656921619,36.2056422966685],[-86.6142688006991,36.2055828304266]]]},"properties":{"id":"232183","parcel":"075060A04400CO","address":"4272 LEBANON PIKE","owner":"HERMITAGE 1, LLC & HERMITAGE 2, LLC","point":[-86.61435632543828,36.205612689482976]}},{"type":"Feature","id":"232409","geometry":{"type":"Polygon","coordinates":[[[-86.6180425718349,36.2034438836682],[-86.6180650058826,36.2031910432668],[-86.618520799072,36.2032238717031],[-86.61851824232,36.2032436627124],[-86.6185170130755,36.2032600014463],[-86.6185010442893,36.2034723030791],[-86.6180425718349,36.2034438836682]]]},"properties":{"id":"232409","parcel":"07510016000","address":"4220 SWEDEN DR","owner":"BEARD, CORY & MICHELLE","point":[-86.61828041834008,36.203351944789965]}},{"type":"Feature","id":"232663","geometry":{"type":"Polygon","coordinates":[[[-86.6166385674449,36.2014209993292],[-86.6166681389965,36.2013878842091],[-86.6168429393874,36.201202390236],[-86.617066170179,36.2009683045796],[-86.6173822600816,36.2011688715966],[-86.6174563258469,36.2012158679712],[-86.6174675839521,36.20122420374],[-86.6174771551758,36.2012338243034],[-86.6174848176281,36.2012445090891],[-86.6174903948049,36.2012560111563],[-86.6174937589797,36.2012680643886],[-86.6174948283128,36.2012791551054],[-86.6174940218397,36.201290259921],[-86.6174913524084,36.2013011723834],[-86.6174868729036,36.2013116867372],[-86.6174824953791,36.2013190173557],[-86.6174772341178,36.2013259568446],[-86.6171341128657,36.2017314662483],[-86.6166385674449,36.2014209993292]]]},"properties":{"id":"232663","parcel":"07510000101","address":"4201 LEBANON PIKE","owner":"JAI SHRI KRISHNA, INC.","point":[-86.61707422938188,36.20135692614706]}},{"type":"Feature","id":"232664","geometry":{"type":"Polygon","coordinates":[[[-86.6164697102691,36.2009757465857],[-86.6166472211206,36.2007902408369],[-86.6166565385781,36.2007826867452],[-86.6166671128351,36.2007763113777],[-86.6166787203393,36.2007712519643],[-86.6166911117192,36.2007676143234],[-86.6167040251621,36.2007654772994],[-86.616717183022,36.2007648855701],[-86.6167302580479,36.2007662256406],[-86.616742982866,36.2007690040904],[-86.616755118005,36.2007731698703],[-86.6167664348959,36.2007786439367],[-86.6170529503982,36.200959940044],[-86.617066170179,36.2009683045796],[-86.6168429393874,36.201202390236],[-86.6164697102691,36.2009757465857]]]},"properties":{"id":"232664","parcel":"07510000200","address":"103 TYLER DR","owner":"GONZALEZ, FABIAN RUIZ & CARRION, MARIA JOSE","point":[-86.61680321700332,36.20108953893184]}},{"type":"Feature","id":"232665","geometry":{"type":"Polygon","coordinates":[[[-86.6162975647254,36.2011546320352],[-86.6164697102691,36.2009757465857],[-86.6168429393874,36.201202390236],[-86.6166681389965,36.2013878842091],[-86.6162975647254,36.2011546320352]]]},"properties":{"id":"232665","parcel":"07510000300","address":"8303 LUREE LN","owner":"SILVA, MARIA & VARA, JUAN CARLOS","point":[-86.61656957742288,36.20117850928486]}},{"type":"Feature","id":"232684","geometry":{"type":"Polygon","coordinates":[[[-86.6159586816306,36.2015101764251],[-86.6161281315527,36.2013335051889],[-86.6165040927086,36.2015623331736],[-86.616380378022,36.2016926239021],[-86.6163319652727,36.2017434166916],[-86.6159586816306,36.2015101764251]]]},"properties":{"id":"232684","parcel":"07510000500","address":"8307 LUREE LN","owner":"BEAVER, DEBORAH & JEFFREY","point":[-86.61623084513586,36.201536253371884]}},{"type":"Feature","id":"232685","geometry":{"type":"Polygon","coordinates":[[[-86.6152916489219,36.2022080222311],[-86.6154530201578,36.2020379839928],[-86.6158370995965,36.2022645771951],[-86.6157671829244,36.2023396527223],[-86.6156703579986,36.2024412359573],[-86.6152916489219,36.2022080222311]]]},"properties":{"id":"232685","parcel":"07510000900","address":"8315 LUREE LN","owner":"REYES, HENRY E RODRIGUEZ & RUIZ, EVELIN Y ORTIZ","point":[-86.61556338895821,36.20223629685889]}},{"type":"Feature","id":"232686","geometry":{"type":"Polygon","coordinates":[[[-86.6141081142196,36.2034381163635],[-86.613967314398,36.2031135860289],[-86.6140418036904,36.203092793076],[-86.6141148927405,36.2030689600754],[-86.6141863940869,36.2030421483666],[-86.6144884641204,36.2035328755354],[-86.6144803641038,36.203537312145],[-86.6143859406725,36.2035993262682],[-86.6141081142196,36.2034381163635]]]},"properties":{"id":"232686","parcel":"07510001600","address":"8329 LUREE LN","owner":"AYERS, ROBERT TIMOTHY","point":[-86.61418427326329,36.20327632374494]}},{"type":"Feature","id":"232687","geometry":{"type":"Polygon","coordinates":[[[-86.6129599326601,36.2029357737517],[-86.6133769463578,36.2028633308467],[-86.6134207718558,36.2030303016191],[-86.6134328241497,36.2030762149036],[-86.6130401944659,36.2031463342528],[-86.6129599326601,36.2029357737517]]]},"properties":{"id":"232687","parcel":"07510002200","address":"200 WELDON DR","owner":"DENNIS JOINT REVOCABLE TRUST","point":[-86.61319311908245,36.20298304684884]}},{"type":"Feature","id":"232688","geometry":{"type":"Polygon","coordinates":[[[-86.6126361628065,36.2020913350621],[-86.6131425117317,36.2020008598836],[-86.613151964272,36.2020358930098],[-86.6131917893716,36.2021834947386],[-86.6132011332126,36.2022181264542],[-86.6127164218003,36.2023018976361],[-86.6126361628065,36.2020913350621]]]},"properties":{"id":"232688","parcel":"07510002600","address":"208 WELDON DR","owner":"HAMMER, MELVIN D. ET UX","point":[-86.61291649684405,36.20213742337484]}},{"type":"Feature","id":"232689","geometry":{"type":"Polygon","coordinates":[[[-86.6125531752163,36.2018785872183],[-86.6130839086803,36.2017857922275],[-86.6131425117317,36.2020008598836],[-86.6126361628065,36.2020913350621],[-86.6126278761288,36.2020715982912],[-86.6125531752163,36.2018785872183]]]},"properties":{"id":"232689","parcel":"07510002700","address":"300 WELDON DR","owner":"EDDIE, ALEX","point":[-86.6128512975802,36.20193973508611]}},{"type":"Feature","id":"232690","geometry":{"type":"Polygon","coordinates":[[[-86.6124004686393,36.2014156663522],[-86.6127270327744,36.2012184223745],[-86.6127397185954,36.2012121312699],[-86.6127534672353,36.2012075372306],[-86.6127679382001,36.2012047546404],[-86.6127828360991,36.2012044104651],[-86.612797586515,36.2012061345025],[-86.612811757599,36.2012098748692],[-86.6128249315187,36.2012155228324],[-86.6128367211302,36.2012229118237],[-86.6128467800408,36.2012318245979],[-86.6128852349186,36.2012853997591],[-86.6129203198867,36.2013404736669],[-86.6129519471293,36.2013969070763],[-86.6129800343545,36.2014545562077],[-86.613004513725,36.201513277208],[-86.6130253218087,36.201572920794],[-86.6126055866491,36.2016431745986],[-86.6124004686393,36.2014156663522]]]},"properties":{"id":"232690","parcel":"07510002900","address":"8401 TERRY LN","owner":"TAFOYA, STEPHEN ANDREW & RIANA LYNN","point":[-86.6126941032381,36.201435124094544]}},{"type":"Feature","id":"232691","geometry":{"type":"Polygon","coordinates":[[[-86.6118318889819,36.2017866485499],[-86.6118361923557,36.2017743913866],[-86.6118430281875,36.2017629144904],[-86.611852193401,36.2017525604634],[-86.6118634168068,36.2017436353014],[-86.612162988725,36.201561913075],[-86.6124310435293,36.2018638241924],[-86.6120231346053,36.2020614796368],[-86.6119650870792,36.2019851919942],[-86.6119048443903,36.2019100311931],[-86.6118424379967,36.2018360385282],[-86.6118360143219,36.2018243999003],[-86.6118320527552,36.2018120611437],[-86.6118306648732,36.2017993596616],[-86.6118318889819,36.2017866485499]]]},"properties":{"id":"232691","parcel":"07510003100","address":"8405 TERRY PL","owner":"SPURLOCK, JON E & ELIZABETH & STEWART, MELISSA S (LE)","point":[-86.6121061934244,36.20180660141217]}},{"type":"Feature","id":"232717","geometry":{"type":"Polygon","coordinates":[[[-86.6126954206795,36.2034945944537],[-86.6124690464462,36.2034426953461],[-86.6124309047068,36.2034339511132],[-86.6123969765333,36.2030704846068],[-86.6124243718058,36.2030685918386],[-86.6124510438205,36.203063184257],[-86.6124763131027,36.2030544013974],[-86.6124995308487,36.2030424664561],[-86.612520106725,36.2030276861498],[-86.6125375120938,36.2030104362784],[-86.6129865541341,36.2032265797821],[-86.6128683867288,36.2034033575079],[-86.6127925191373,36.2035168546705],[-86.6126954206795,36.2034945944537]]]},"properties":{"id":"232717","parcel":"07510003700","address":"412 TERRY PL","owner":"ANDERSON, RONALD H.","point":[-86.61267355760545,36.203314147229946]}},{"type":"Feature","id":"232718","geometry":{"type":"Polygon","coordinates":[[[-86.6117736823667,36.2031382058862],[-86.6116076016933,36.2029562198535],[-86.6122026822918,36.2028407203564],[-86.6122062350222,36.2028754256622],[-86.6122136388676,36.2029097293131],[-86.6122248338405,36.2029433504228],[-86.6122397288809,36.2029760163736],[-86.6122582018135,36.203007457409],[-86.6119428668855,36.2032317670549],[-86.6117736823667,36.2031382058862]]]},"properties":{"id":"232718","parcel":"07510003900","address":"408 TERRY PL","owner":"MAY, DIETRICH & AMANDA","point":[-86.611939371141,36.20307258365413]}},{"type":"Feature","id":"232719","geometry":{"type":"Polygon","coordinates":[[[-86.6112742457428,36.2020987183769],[-86.6115935157,36.2019054276793],[-86.6116056606113,36.2019002020084],[-86.6116186188335,36.2018964764015],[-86.6116321118732,36.2018943306777],[-86.611645846524,36.2018938113845],[-86.6116595270853,36.2018949299333],[-86.6116726956575,36.2018980058834],[-86.6116851578035,36.2019026274479],[-86.6116966402973,36.2019086923674],[-86.6117068896774,36.2019160658374],[-86.6117156800866,36.2019245876791],[-86.6117767127284,36.2019980970879],[-86.611834152664,36.2020734848468],[-86.6118879122579,36.202150635144],[-86.611491045899,36.2023377485744],[-86.6112742457428,36.2020987183769]]]},"properties":{"id":"232719","parcel":"07510004300","address":"8407 TERRY PL","owner":"HERRING, ROGER & LINER, ARLENE W","point":[-86.61158371605205,36.202124685711354]}},{"type":"Feature","id":"232720","geometry":{"type":"Polygon","coordinates":[[[-86.61078041174,36.2023956832586],[-86.611053367424,36.2022325848887],[-86.6114482388169,36.2026296185181],[-86.6114290352511,36.2027605500599],[-86.6113162814996,36.2027646006567],[-86.61078041174,36.2023956832586]]]},"properties":{"id":"232720","parcel":"07510004500","address":"8411 TERRY LN","owner":"FISHER, STEPHANIE","point":[-86.61114107391718,36.2025127382612]}},{"type":"Feature","id":"232721","geometry":{"type":"Polygon","coordinates":[[[-86.6175365318561,36.2004401406108],[-86.6177651128194,36.2001972318325],[-86.6177899682882,36.2002742822989],[-86.6178401329456,36.2004297967544],[-86.6179650647582,36.2005066766489],[-86.6180880626744,36.2005823613419],[-86.6180911698585,36.2005842587903],[-86.6181010031122,36.2005902612491],[-86.6180356910488,36.2006544455003],[-86.6179439251024,36.2007446228545],[-86.6176768799561,36.2010099778439],[-86.6176759654206,36.2010104863207],[-86.6176746276128,36.2010109023314],[-86.6176734517584,36.2010114103424],[-86.6176726024831,36.201011874324],[-86.6176712491502,36.2010122958216],[-86.6176684305401,36.2010130429556],[-86.6176665159473,36.2010137872677],[-86.617664994677,36.201014205118],[-86.6176641491648,36.2010144383604],[-86.6176638107333,36.2010145311178],[-86.6176626824316,36.201014719843],[-86.6176624581403,36.2010149048453],[-86.6176613323994,36.2010151368173],[-86.6176602022317,36.2010153715158],[-86.6176599768425,36.2010155583262],[-86.6176585094458,36.2010156117959],[-86.6176569322801,36.2010158487808],[-86.6176525277302,36.2010164201719],[-86.617648230259,36.2010168909764],[-86.6176419421631,36.2010170529204],[-86.6176410090247,36.2010170288535],[-86.6176364709556,36.2010164473274],[-86.6176233113317,36.2010138180993],[-86.6176209809456,36.2010132883678],[-86.6176153991979,36.2010111962772],[-86.6176098899509,36.2010091326555],[-86.6176024725494,36.2010050699077],[-86.6172272604296,36.2007669685174],[-86.6172272880105,36.2007669404377],[-86.6172273177872,36.2007669087417],[-86.6175365318561,36.2004401406108]]]},"properties":{"id":"232721","parcel":"07510005600","address":"4145 LEBANON PIKE","owner":"AGREE CONVENIENCE NO 1, LLC","point":[-86.61771728856223,36.200621232643776]}},{"type":"Feature","id":"232722","geometry":{"type":"Polygon","coordinates":[[[-86.6171135070319,36.200086289798],[-86.6177650360054,36.2001972205092],[-86.6177651128194,36.2001972318325],[-86.6175365318561,36.2004401406108],[-86.6175364638531,36.2004401184273],[-86.6170336366977,36.2002756927674],[-86.6170574768851,36.2002294675044],[-86.6170787620864,36.200182428847],[-86.6170974519076,36.2001346725354],[-86.6171135070319,36.200086289798]]]},"properties":{"id":"232722","parcel":"07510005800","address":"8237 LUREE LN","owner":"PATEL, TARLIKA P. & RAKESHKUMARE R.","point":[-86.6173782921451,36.20025364426492]}},{"type":"Feature","id":"232724","geometry":{"type":"Polygon","coordinates":[[[-86.6179501035791,36.2065407878775],[-86.6182208467988,36.2064866601607],[-86.619091247629,36.2068294231614],[-86.6189296952606,36.208366379094],[-86.6169675500154,36.2081632510727],[-86.6173787205257,36.2080336889175],[-86.6175279349327,36.2076944947569],[-86.6173844355404,36.2073743769742],[-86.6171743957511,36.2072150257608],[-86.617357533725,36.2070536638733],[-86.61754338206,36.206892288738],[-86.6177292296317,36.206730912408],[-86.6179501035791,36.2065407878775]]]},"properties":{"id":"232724","parcel":"07506011100","address":"4301 HERMITAGE RD","owner":"PATEL, SANJAY","point":[-86.61823640251285,36.207536927182566]}},{"type":"Feature","id":"232725","geometry":{"type":"Polygon","coordinates":[[[-86.6168688896355,36.2069836375458],[-86.6170547388147,36.2068222649616],[-86.617357533725,36.2070536638733],[-86.6171743957511,36.2072150257608],[-86.6168688896355,36.2069836375458]]]},"properties":{"id":"232725","parcel":"07506011500","address":"4282 SWEDEN DR","owner":"BUMBALOUGH, CARLA M.","point":[-86.6171134148983,36.20701865160887]}},{"type":"Feature","id":"232726","geometry":{"type":"Polygon","coordinates":[[[-86.6166561121509,36.2071693260282],[-86.6168688896355,36.2069836375458],[-86.6171743957511,36.2072150257608],[-86.6169042828687,36.2073504602857],[-86.6166561121509,36.2071693260282]]]},"properties":{"id":"232726","parcel":"07506011600","address":"4286 SWEDEN DR","owner":"HORSLEY, MICHAEL S.","point":[-86.6168774731024,36.20707684993456]}},{"type":"Feature","id":"232727","geometry":{"type":"Polygon","coordinates":[[[-86.6166517057499,36.2081215944994],[-86.6167069589417,36.2077800007581],[-86.6169023634602,36.2078009796253],[-86.6169132987414,36.20780129778],[-86.6169241953615,36.2078005057937],[-86.6169348854878,36.207798615339],[-86.616967075037,36.2081579460509],[-86.6166517057499,36.2081215944994]]]},"properties":{"id":"232727","parcel":"07506012100","address":"309 MONACO DR","owner":"ALHASSAN, HATEM & NASAR","point":[-86.61681359217408,36.20796154575937]}},{"type":"Feature","id":"232728","geometry":{"type":"Polygon","coordinates":[[[-86.6163805180686,36.2080903348876],[-86.6164328501328,36.2077506343851],[-86.6167069589417,36.2077800007581],[-86.6166517057499,36.2081215944994],[-86.6163805180686,36.2080903348876]]]},"properties":{"id":"232728","parcel":"07506012200","address":"315 MONACO DR","owner":"PNE INVESTMENT, LLC","point":[-86.61654313994124,36.20793516601929]}},{"type":"Feature","id":"232729","geometry":{"type":"Polygon","coordinates":[[[-86.616650679009,36.2064705142312],[-86.6168365274158,36.2063091401572],[-86.6171447772093,36.2065449062452],[-86.6169589117933,36.2067040845282],[-86.616650679009,36.2064705142312]]]},"properties":{"id":"232729","parcel":"07506013100","address":"4279 SWEDEN DR","owner":"SRAM PACK I-C, LLC","point":[-86.61689795232225,36.206507711210676]}},{"type":"Feature","id":"232741","geometry":{"type":"Polygon","coordinates":[[[-86.6163585351316,36.2002813388439],[-86.6165734078595,36.2000187252725],[-86.6169426251545,36.2000783731204],[-86.6169236017185,36.2001292818824],[-86.6169008252036,36.2001791688714],[-86.6168743775684,36.2002278498117],[-86.616844354192,36.2002751502723],[-86.6168108660356,36.2003208975451],[-86.6167740341038,36.2003649233768],[-86.6167601541942,36.2003770412794],[-86.6167443050597,36.2003874532589],[-86.6167268053308,36.2003959513009],[-86.6167080006191,36.2004023651059],[-86.6166882691189,36.200406567468],[-86.6166680001911,36.2004082941346],[-86.6166476330438,36.20040768526],[-86.6166275747632,36.2004047540865],[-86.6166082272257,36.2003995589457],[-86.6165898683536,36.2003922336065],[-86.6165138718632,36.200353754352],[-86.6164367462791,36.2003167822959],[-86.6163585351316,36.2002813388439]]]},"properties":{"id":"232741","parcel":"07510007600","address":"200 TYLER DR","owner":"MILLER, ERNEST E. & SUSAN M.","point":[-86.61665551692569,36.20020276625434]}},{"type":"Feature","id":"232743","geometry":{"type":"Polygon","coordinates":[[[-86.6158382014122,36.2006641805396],[-86.6160224693228,36.2006500544222],[-86.6163521494743,36.2008549474908],[-86.6161826806835,36.201029423725],[-86.6157576450755,36.2007656809298],[-86.6158382014122,36.2006641805396]]]},"properties":{"id":"232743","parcel":"07510009000","address":"8302 LUREE LN","owner":"NOETH, GARY WAYNE","point":[-86.61605495277367,36.20081031475715]}},{"type":"Feature","id":"232744","geometry":{"type":"Polygon","coordinates":[[[-86.6153679111867,36.2012071900232],[-86.6154405210936,36.2011299037269],[-86.6158491830892,36.2013805458457],[-86.6156797176288,36.2015550213201],[-86.6152764748633,36.2013043510248],[-86.6153679111867,36.2012071900232]]]},"properties":{"id":"232744","parcel":"07510009300","address":"8308 LUREE LN","owner":"WEST, PATSY ANN & DICUS, JACOB DALTON","point":[-86.6155624193481,36.20134244746184]}},{"type":"Feature","id":"232745","geometry":{"type":"Polygon","coordinates":[[[-86.6152011537255,36.2013816510303],[-86.6152764748633,36.2013043510248],[-86.6156797176288,36.2015550213201],[-86.6155129601221,36.2017294827409],[-86.6151097169966,36.201478811901],[-86.6152011537255,36.2013816510303]]]},"properties":{"id":"232745","parcel":"07510009400","address":"8310 LUREE LN","owner":"CORDES, AUSTIN & FLORIANE","point":[-86.61539471717354,36.20151691694916]}},{"type":"Feature","id":"232746","geometry":{"type":"Polygon","coordinates":[[[-86.6147035708423,36.2019028216595],[-86.6147761990627,36.2018277329369],[-86.6151794258604,36.202076206806],[-86.6150126650457,36.2022506675162],[-86.6146067269509,36.2020022069007],[-86.6147035708423,36.2019028216595]]]},"properties":{"id":"232746","parcel":"07510009700","address":"8316 LUREE LN","owner":"SCOTT FAMILY TRUST","point":[-86.61489327681782,36.20203920784048]}},{"type":"Feature","id":"232747","geometry":{"type":"Polygon","coordinates":[[[-86.6141218595446,36.202415627236],[-86.614251258444,36.2023182740469],[-86.6142836081157,36.2022939352769],[-86.6146493185082,36.2025997400265],[-86.6145946496487,36.2026399850807],[-86.614538155051,36.2026785369415],[-86.6144799121273,36.2027153402363],[-86.6144200038921,36.2027503449715],[-86.6141218595446,36.202415627236]]]},"properties":{"id":"232747","parcel":"07510010000","address":"8322 LUREE LN","owner":"COVEY, VICKIE","point":[-86.61437157840945,36.202507638781206]}},{"type":"Feature","id":"232763","geometry":{"type":"Polygon","coordinates":[[[-86.6133816421099,36.2021556759723],[-86.6133895511944,36.2021474100952],[-86.6133989443396,36.2021402362028],[-86.6134095949263,36.2021343275845],[-86.6134212460765,36.202129827041],[-86.6134336161843,36.2021268432513],[-86.6135049744933,36.2021120976851],[-86.6135753274192,36.2020944623728],[-86.6136444984895,36.2020739814729],[-86.6137123101901,36.202050708162],[-86.6139182840536,36.2023880928144],[-86.6134444320502,36.2024740107498],[-86.6133718652708,36.202206270391],[-86.613369851337,36.2021959027372],[-86.6133698469071,36.2021854077134],[-86.6133718506095,36.202175039479],[-86.6133758143364,36.2021650479241],[-86.6133816421099,36.2021556759723]]]},"properties":{"id":"232763","parcel":"07510010400","address":"205 WELDON DR","owner":"ANDERSON, KIMBERLY K","point":[-86.61362974998681,36.202297132445366]}},{"type":"Feature","id":"232764","geometry":{"type":"Polygon","coordinates":[[[-86.6146202748898,36.2013011002356],[-86.6147843055202,36.2011244557683],[-86.6152011537255,36.2013816510303],[-86.6151097169966,36.201478811901],[-86.6150317005449,36.2015583236726],[-86.6146202748898,36.2013011002356]]]},"properties":{"id":"232764","parcel":"07510011000","address":"8311 GORDON LN","owner":"QUICKLE, YOLANDA K. & KELSON E.","point":[-86.61491029166447,36.20134137462527]}},{"type":"Feature","id":"232765","geometry":{"type":"Polygon","coordinates":[[[-86.6149900906293,36.20090584262],[-86.615104348997,36.2007865922029],[-86.6155534940673,36.2010128548858],[-86.6154405210936,36.2011299037269],[-86.6153679111867,36.2012071900232],[-86.6149456574933,36.2009522210026],[-86.6149900906293,36.20090584262]]]},"properties":{"id":"232765","parcel":"07510011200","address":"8307 GORDON LN","owner":"RAINS, RONALD G. & JANE G.","point":[-86.61524469284113,36.200982522633296]}},{"type":"Feature","id":"232768","geometry":{"type":"Polygon","coordinates":[[[-86.6144827916772,36.2003546290327],[-86.614623359488,36.1999495535004],[-86.6148759889132,36.2000098001488],[-86.6147675836939,36.200366365592],[-86.6145080963152,36.2004709741566],[-86.6144827916772,36.2003546290327]]]},"properties":{"id":"232768","parcel":"07510012400","address":"303 TYLER DR","owner":"ESSENPREIS, DANIEL","point":[-86.61468310230654,36.20018222670585]}},{"type":"Feature","id":"232769","geometry":{"type":"Polygon","coordinates":[[[-86.6140024488228,36.2010009729626],[-86.6140213093688,36.2009854936295],[-86.6144463903577,36.2012558376093],[-86.614271581986,36.2014413236155],[-86.6138383656828,36.2011710230926],[-86.6140024488228,36.2010009729626]]]},"properties":{"id":"232769","parcel":"07510013000","address":"8310 GORDON LN","owner":"UHLES, ROGER D. ETUX","point":[-86.61414301304495,36.201213432783945]}},{"type":"Feature","id":"232790","geometry":{"type":"Polygon","coordinates":[[[-86.6129695068542,36.2011045644028],[-86.6129718821655,36.2010930686251],[-86.6129764994261,36.2010820301159],[-86.6129832385089,36.2010717324772],[-86.6129919257889,36.2010624433598],[-86.6130023351575,36.201054401841],[-86.6132236463465,36.2009214217254],[-86.6135763505301,36.201299816674],[-86.6131378573173,36.201398738164],[-86.613088349687,36.2013118630634],[-86.6130352479796,36.2012263932104],[-86.6129786118957,36.2011424265337],[-86.6129739576633,36.2011334286542],[-86.6129708546678,36.2011240020164],[-86.6129693620734,36.2011143202612],[-86.6129695068542,36.2011045644028]]]},"properties":{"id":"232790","parcel":"07510013500","address":"8313 TERRY LN","owner":"EMANUEL HOME SALE LLC","point":[-86.61323855194796,36.20118515855212]}},{"type":"Feature","id":"232791","geometry":{"type":"Polygon","coordinates":[[[-86.6131996551593,36.2002732477359],[-86.6133885785679,36.2001602105726],[-86.613729230521,36.2003826357259],[-86.6136829618603,36.2004294024038],[-86.613633783263,36.2004741758671],[-86.613581825022,36.2005168373864],[-86.613527224145,36.2005572736059],[-86.6131996551593,36.2002732477359]]]},"properties":{"id":"232791","parcel":"07510014300","address":"8306 TERRY LN","owner":"KLINEFELTER, TAMMY L. & JACK W. JR.","point":[-86.61345417218007,36.200327908854646]}},{"type":"Feature","id":"232792","geometry":{"type":"Polygon","coordinates":[[[-86.6127839790922,36.2005170956179],[-86.6130188117712,36.2003796491337],[-86.6133005765485,36.2007012694376],[-86.613073877176,36.2008386724569],[-86.6127839790922,36.2005170956179]]]},"properties":{"id":"232792","parcel":"07510014500","address":"8310 TERRY LN","owner":"ELAM, CAROL J., TRUSTEE","point":[-86.61304344371204,36.20060918657562]}},{"type":"Feature","id":"232793","geometry":{"type":"Polygon","coordinates":[[[-86.6125410446354,36.2006589754253],[-86.6127839790922,36.2005170956179],[-86.613073877176,36.2008386724569],[-86.612906553985,36.2009406123267],[-86.612894842065,36.2009454321735],[-86.6128824451094,36.2009489495858],[-86.6128695817031,36.2009511030701],[-86.6128564795078,36.2009518545196],[-86.6128408473661,36.2009505657619],[-86.6128256928957,36.2009471999016],[-86.6128114349162,36.2009418494447],[-86.6127984637613,36.200934662018],[-86.6127871367894,36.2009258349845],[-86.6125410446354,36.2006589754253]]]},"properties":{"id":"232793","parcel":"07510014600","address":"8312 TERRY LN","owner":"KERSHAW, PATRICIA","point":[-86.61280838675985,36.2007488272325]}},{"type":"Feature","id":"232794","geometry":{"type":"Polygon","coordinates":[[[-86.6121550700958,36.2008872860942],[-86.6124060888267,36.2007387734389],[-86.6126521966397,36.2010078313339],[-86.6126595465451,36.2010170093173],[-86.6126650324479,36.2010270087836],[-86.6126685200851,36.2010375789657],[-86.612669921846,36.201048462551],[-86.6126692033954,36.2010593893389],[-86.6126658338129,36.2010700060297],[-86.6126604728552,36.2010800704446],[-86.6126532509696,36.2010893394854],[-86.6126443432274,36.2010975887536],[-86.6126339649248,36.2011046188819],[-86.6124504408152,36.2012154301866],[-86.6121550700958,36.2008872860942]]]},"properties":{"id":"232794","parcel":"07510014700","address":"8400 TERRY LN","owner":"DEEP, TERRY WAYNE & THOMAS AMON, JR.","point":[-86.61240319725741,36.20094755755965]}},{"type":"Feature","id":"232795","geometry":{"type":"Polygon","coordinates":[[[-86.611482960388,36.2012818662136],[-86.611707003726,36.2011510732137],[-86.6120078304217,36.201483585212],[-86.6117865145348,36.2016165657876],[-86.611482960388,36.2012818662136]]]},"properties":{"id":"232795","parcel":"07510015000","address":"8406 TERRY LN","owner":"WALLIS, MARKELDA MARTHA","point":[-86.61174550766968,36.201382726364585]}},{"type":"Feature","id":"232798","geometry":{"type":"Polygon","coordinates":[[[-86.6180262646721,36.2027429295522],[-86.6185756004929,36.2026016668112],[-86.6185483140594,36.2029270530391],[-86.6180795079437,36.2029646157979],[-86.6180727305097,36.2029082791519],[-86.6180615631472,36.2028524038825],[-86.6180460543089,36.2027972132505],[-86.6180262646721,36.2027429295522]]]},"properties":{"id":"232798","parcel":"07510015800","address":"4212 SWEDEN DR","owner":"SWEDEN STARLET HOLDINGS, LLC","point":[-86.61829874868718,36.20277090912092]}},{"type":"Feature","id":"232799","geometry":{"type":"Polygon","coordinates":[[[-86.6173832412342,36.2037373405854],[-86.6174132299392,36.2034097436585],[-86.6174134034905,36.2034097535862],[-86.6178743947173,36.2034359535343],[-86.6178556338779,36.2036382303357],[-86.6178493688288,36.2037041905605],[-86.6178469517298,36.2037149521249],[-86.6178424784102,36.2037252726841],[-86.6178360614091,36.2037348957075],[-86.6178278589969,36.2037435824553],[-86.6178180763296,36.2037511173801],[-86.6178069532526,36.203757312696],[-86.6177947676992,36.203762016472],[-86.6177818234452,36.2037651108926],[-86.6177684390454,36.2037665195241],[-86.6177549478259,36.2037662064139],[-86.6173832412342,36.2037373405854]]]},"properties":{"id":"232799","parcel":"07510016200","address":"4223 SWEDEN DR","owner":"TROYANOVSKAYA, ELEONORA M.","point":[-86.61763336105851,36.20353635209409]}},{"type":"Feature","id":"232800","geometry":{"type":"Polygon","coordinates":[[[-86.6174132299392,36.2034097436585],[-86.6174332447054,36.2031942752322],[-86.6178970004957,36.2032050892481],[-86.6178743947173,36.2034359535343],[-86.6174134034905,36.2034097535862],[-86.6174132299392,36.2034097436585]]]},"properties":{"id":"232800","parcel":"07510016300","address":"4219 SWEDEN DR","owner":"GASPAR, GASPAR ALONZO","point":[-86.61765485616684,36.20330741587193]}},{"type":"Feature","id":"232809","geometry":{"type":"Polygon","coordinates":[[[-86.6173495247419,36.2028892356922],[-86.6177684611853,36.2027156791465],[-86.6177963070148,36.2027605279486],[-86.6178210573237,36.2028065533908],[-86.617842638735,36.2028536152556],[-86.6178609822981,36.2029015705989],[-86.6178760346083,36.2029502736929],[-86.6174076269981,36.203038373855],[-86.6173495247419,36.2028892356922]]]},"properties":{"id":"232809","parcel":"07510016500","address":"4211 SWEDEN DR","owner":"ORTEGA, FLAVIO DOMINGUEZ","point":[-86.61762191750348,36.20287150827065]}},{"type":"Feature","id":"232810","geometry":{"type":"Polygon","coordinates":[[[-86.6150317005449,36.2015583236726],[-86.6151097169966,36.201478811901],[-86.6155129601221,36.2017294827409],[-86.6153461848296,36.2019017458627],[-86.6149402463639,36.2016532863498],[-86.6150317005449,36.2015583236726]]]},"properties":{"id":"232810","parcel":"07510009500","address":"8312 LUREE LN","owner":"NGUYEN, BICH MGOC THI","point":[-86.61522707585483,36.201691386406985]}},{"type":"Feature","id":"232824","geometry":{"type":"Polygon","coordinates":[[[-86.6136207278937,36.2030054855012],[-86.6136074363687,36.2029991992379],[-86.6135956857618,36.2029911459052],[-86.613585828238,36.2029815688537],[-86.6135781629152,36.2029707540623],[-86.6135729169541,36.2029590293332],[-86.61350592195,36.2027110377836],[-86.6139472860067,36.2026318801447],[-86.6141066055932,36.2028969790251],[-86.614036735068,36.2029222773096],[-86.613965592314,36.2029451270197],[-86.6138933071224,36.2029654869371],[-86.6138200137538,36.202983318525],[-86.6137458431891,36.2029985904733],[-86.6136709353262,36.2030112741309],[-86.6136581275383,36.2030120331816],[-86.6136453171487,36.2030113060846],[-86.6136327656018,36.2030091086352],[-86.6136207278937,36.2030054855012]]]},"properties":{"id":"232824","parcel":"07510010200","address":"201 WELDON DR","owner":"RODRIGUEZ, CLAUDIO OMAR FRAUSTO","point":[-86.61379100235244,36.202803959536425]}},{"type":"Feature","id":"232826","geometry":{"type":"Polygon","coordinates":[[[-86.6134444320502,36.2024740107498],[-86.6139182840536,36.2023880928144],[-86.6140113223469,36.2024975009531],[-86.6139472860067,36.2026318801447],[-86.61350592195,36.2027110377836],[-86.6134444320502,36.2024740107498]]]},"properties":{"id":"232826","parcel":"07510010300","address":"203 WELDON DR","owner":"HALL, ROBERT C. ETUX","point":[-86.61372341600294,36.202563864986274]}},{"type":"Feature","id":"232828","geometry":{"type":"Polygon","coordinates":[[[-86.6141226206361,36.2018134780436],[-86.6141812613535,36.2017610470257],[-86.6142369156291,36.2017065186414],[-86.6142894664708,36.2016500061459],[-86.6147035708423,36.2019028216595],[-86.6146067269509,36.2020022069007],[-86.6145045290466,36.2021104100918],[-86.6141226206361,36.2018134780436]]]},"properties":{"id":"232828","parcel":"07510010700","address":"8317 GORDON LN","owner":"SCHUMANN, CARA M. & STEVEN A.","point":[-86.61440532969652,36.201858125184685]}},{"type":"Feature","id":"232830","geometry":{"type":"Polygon","coordinates":[[[-86.6142894664708,36.2016500061459],[-86.6144535155658,36.201475557502],[-86.6148703304936,36.2017283613649],[-86.6147761990627,36.2018277329369],[-86.6147035708423,36.2019028216595],[-86.6142894664708,36.2016500061459]]]},"properties":{"id":"232830","parcel":"07510010800","address":"8315 GORDON LN","owner":"SALGUERO, JORGE VILLEDA & MACIAS, DIANA ARACELY R.","point":[-86.61457968971393,36.20168918343524]}},{"type":"Feature","id":"232832","geometry":{"type":"Polygon","coordinates":[[[-86.6147843055202,36.2011244557683],[-86.6149456574933,36.2009522210026],[-86.6153679111867,36.2012071900232],[-86.6152764748633,36.2013043510248],[-86.6152011537255,36.2013816510303],[-86.6147843055202,36.2011244557683]]]},"properties":{"id":"232832","parcel":"07510011100","address":"8309 GORDON LN","owner":"TAYES, RILEY R SR (LE) & VICK, CYNTHIA K","point":[-86.61507538603296,36.201165820928196]}},{"type":"Feature","id":"232834","geometry":{"type":"Polygon","coordinates":[[[-86.615104348997,36.2007865922029],[-86.6151460891641,36.2007461468854],[-86.6151842981472,36.2007034709255],[-86.6152187940251,36.2006587644294],[-86.6152494150043,36.2006122418209],[-86.6157200623343,36.2008142201124],[-86.6156099713435,36.2009532313967],[-86.6155534940673,36.2010128548858],[-86.615104348997,36.2007865922029]]]},"properties":{"id":"232834","parcel":"07510011300","address":"8305 GORDON LN","owner":"FRIERSON, DEBORAH J","point":[-86.61540996153103,36.20080039934262]}},{"type":"Feature","id":"232838","geometry":{"type":"Polygon","coordinates":[[[-86.6142069460771,36.2007977529305],[-86.6143602840082,36.2006409422266],[-86.6147825852651,36.2009025065977],[-86.6147784506693,36.2009069203387],[-86.6146131662253,36.2010835729955],[-86.6141880856121,36.2008132322935],[-86.6142069460771,36.2007977529305]]]},"properties":{"id":"232838","parcel":"07510012800","address":"8306 GORDON LN","owner":"ACOSTA, ELIDA E GONZALEZ & PESTANA, CRYSTHIAM ALBERT","point":[-86.61448440562181,36.20085786681953]}},{"type":"Feature","id":"232840","geometry":{"type":"Polygon","coordinates":[[[-86.6140213093688,36.2009854936295],[-86.6141880856121,36.2008132322935],[-86.6146131662253,36.2010835729955],[-86.6144463903577,36.2012558376093],[-86.6140213093688,36.2009854936295]]]},"properties":{"id":"232840","parcel":"07510012900","address":"8308 GORDON LN","owner":"ASAAD, IMAN","point":[-86.61431723723165,36.2010345336762]}},{"type":"Feature","id":"232842","geometry":{"type":"Polygon","coordinates":[[[-86.6138087623545,36.2011997422842],[-86.6138383656828,36.2011710230926],[-86.614271581986,36.2014413236155],[-86.6140940778032,36.2016290239158],[-86.6136554052337,36.2013543524001],[-86.6138087623545,36.2011997422842]]]},"properties":{"id":"232842","parcel":"07510013100","address":"8312 GORDON LN","owner":"STAGNER, ADAM K.","point":[-86.61396337240816,36.201397838013094]}},{"type":"Feature","id":"232844","geometry":{"type":"Polygon","coordinates":[[[-86.6133508777764,36.2019904620319],[-86.6133383122695,36.2019855743941],[-86.6133269460711,36.2019790358837],[-86.613317107565,36.2019710349965],[-86.6133090787533,36.2019618019219],[-86.613303089641,36.2019516013602],[-86.613299313753,36.2019407280403],[-86.6132155940242,36.2016334883682],[-86.6135811013198,36.2015635053014],[-86.6138299820688,36.2018391393153],[-86.6137738008328,36.2018681522157],[-86.6137158766901,36.2018948171811],[-86.6136563558913,36.2019190649707],[-86.6135953958561,36.2019408325964],[-86.6135331485147,36.2019600661102],[-86.6134697791624,36.2019767142005],[-86.6134054487165,36.2019907345908],[-86.6133919697233,36.2019933986598],[-86.6133781353249,36.2019942494167],[-86.6133643145083,36.2019932615547],[-86.6133508777764,36.2019904620319]]]},"properties":{"id":"232844","parcel":"07510013300","address":"301 WELDON DR","owner":"FISHER, JAMES E. ET UX","point":[-86.61349056532009,36.201736210184286]}},{"type":"Feature","id":"232848","geometry":{"type":"Polygon","coordinates":[[[-86.6172455156254,36.2027645036696],[-86.6175716659621,36.2025145058353],[-86.6176164406015,36.2025510568166],[-86.6176586340552,36.2025895721888],[-86.6176981152831,36.2026299318575],[-86.6177347621047,36.2026720111769],[-86.6177684611853,36.2027156791465],[-86.6173495247419,36.2028892356922],[-86.6172455156254,36.2027645036696]]]},"properties":{"id":"232848","parcel":"07510016600","address":"4205 SWEDEN DR","owner":"GREGORY, MICHAEL R.","point":[-86.61754551396467,36.20269318677159]}},{"type":"Feature","id":"232861","geometry":{"type":"Polygon","coordinates":[[[-86.6132236463465,36.2009214217254],[-86.6134314477599,36.2007951024688],[-86.6138087623545,36.2011997422842],[-86.6136554052337,36.2013543524001],[-86.6135763505301,36.201299816674],[-86.6132236463465,36.2009214217254]]]},"properties":{"id":"232861","parcel":"07510013600","address":"8311 TERRY LN","owner":"ENGLAND, RONNIE D., JR. & SHERRY D.","point":[-86.61351617871422,36.201060582279744]}},{"type":"Feature","id":"232863","geometry":{"type":"Polygon","coordinates":[[[-86.6136230386346,36.2006754578669],[-86.6136725560098,36.2006398177549],[-86.6137201063128,36.2006024599245],[-86.6137656000207,36.2005634551304],[-86.6138089476396,36.2005228777324],[-86.6142069460771,36.2007977529305],[-86.6141880856121,36.2008132322935],[-86.6140213093688,36.2009854936295],[-86.6140024488228,36.2010009729626],[-86.6136230386346,36.2006754578669]]]},"properties":{"id":"232863","parcel":"07510013800","address":"8307 TERRY LN","owner":"MONTINI, ROBERT A. & MARIA E.","point":[-86.61390642036804,36.20073657810361]}},{"type":"Feature","id":"232865","geometry":{"type":"Polygon","coordinates":[[[-86.6131996551593,36.2002732477359],[-86.6134576140357,36.1999708650987],[-86.6135909955455,36.2000383128489],[-86.6138930911621,36.2001840172163],[-86.613856137404,36.2002357781969],[-86.6138164588988,36.2002861975369],[-86.6137741305221,36.2003351802216],[-86.613729230521,36.2003826357259],[-86.6133885785679,36.2001602105726],[-86.6131996551593,36.2002732477359]]]},"properties":{"id":"232865","parcel":"07510014200","address":"8304 TERRY LN","owner":"BENEDICT, LISA","point":[-86.61363779549525,36.20017210434919]}},{"type":"Feature","id":"232867","geometry":{"type":"Polygon","coordinates":[[[-86.611707003726,36.2011510732137],[-86.6119310293607,36.2010180808307],[-86.6122291411396,36.201350606952],[-86.6120078304217,36.201483585212],[-86.611707003726,36.2011510732137]]]},"properties":{"id":"232867","parcel":"07510014900","address":"8404 TERRY LN","owner":"HARGIS, JERRY MACK & ANN FESMIRE","point":[-86.61196848033923,36.20125084168989]}},{"type":"Feature","id":"232870","geometry":{"type":"Polygon","coordinates":[[[-86.6110402955686,36.2015434253071],[-86.6112643403682,36.2014126322368],[-86.6115679110196,36.2017495277053],[-86.6113493056734,36.2018824910303],[-86.6110402955686,36.2015434253071]]]},"properties":{"id":"232870","parcel":"07510015200","address":"8410 TERRY LN","owner":"WOODRUFF, DONALD & KARA","point":[-86.61130463121525,36.201646478511286]}},{"type":"Feature","id":"232871","geometry":{"type":"Polygon","coordinates":[[[-86.6177386739715,36.2023730044098],[-86.6180312606515,36.2021454928274],[-86.6183544435933,36.2023352492336],[-86.617908098516,36.2025413534257],[-86.6178708149896,36.2024960554489],[-86.6178300366954,36.2024527824236],[-86.6177859295742,36.202411709241],[-86.6177386739715,36.2023730044098]]]},"properties":{"id":"232871","parcel":"07510015600","address":"4204 SWEDEN DR","owner":"GREESON, BENJAMIN K.","point":[-86.61803791974629,36.202354099648545]}},{"type":"Feature","id":"233075","geometry":{"type":"Polygon","coordinates":[[[-86.6176425211385,36.2021724383483],[-86.6177071487002,36.202114969451],[-86.6177808012095,36.2021717309684],[-86.6177027182975,36.2022424540142],[-86.617689075821,36.2022315375712],[-86.617699801996,36.2022160974742],[-86.6176425211385,36.2021724383483]]]},"properties":{"id":"233075","parcel":"075060A00300CO","address":"4202 A SWEDEN DR","owner":"HERMITAGE 1, LLC & HERMITAGE 2, LLC","point":[-86.61771339133821,36.202194402804054]}},{"type":"Feature","id":"233079","geometry":{"type":"Polygon","coordinates":[[[-86.6166084937863,36.2031369540358],[-86.6166246251892,36.2031192936997],[-86.6166437078208,36.2031323815271],[-86.6166921542859,36.2030859847566],[-86.6167684677639,36.2031361370451],[-86.6167038888695,36.2032002023107],[-86.6166084937863,36.2031369540358]]]},"properties":{"id":"233079","parcel":"075060A01400CO","address":"4212 LEBANON PIKE","owner":"HERMITAGE 1, LLC & HERMITAGE 2, LLC","point":[-86.61669585090189,36.20316870520058]}},{"type":"Feature","id":"233083","geometry":{"type":"Polygon","coordinates":[[[-86.6164335827869,36.2033092637372],[-86.6164470545015,36.2032982069364],[-86.6165424336552,36.2033592545675],[-86.6164804970064,36.2034145091254],[-86.6164069125874,36.2033665372688],[-86.6164499566793,36.2033223654224],[-86.6164335827869,36.2033092637372]]]},"properties":{"id":"233083","parcel":"075060A01500CO","address":"4218 LEBANON PIKE","owner":"HERMITAGE 1, LLC & HERMITAGE 2, LLC","point":[-86.61647294344912,36.20334073549821]}},{"type":"Feature","id":"233087","geometry":{"type":"Polygon","coordinates":[[[-86.6162681993538,36.2034839389953],[-86.6162812381629,36.2034725464549],[-86.6163789269142,36.2035311436455],[-86.6163191548878,36.2035879435245],[-86.6162437536022,36.2035418617502],[-86.6162850681684,36.2034966199969],[-86.6162681993538,36.2034839389953]]]},"properties":{"id":"233087","parcel":"075060A01700CO","address":"4222 LEBANON PIKE","owner":"HERMITAGE 1, LLC & HERMITAGE 2, LLC","point":[-86.61630986729018,36.203513810887856]}},{"type":"Feature","id":"233091","geometry":{"type":"Polygon","coordinates":[[[-86.6161286088918,36.2036333366662],[-86.6161440512585,36.2036152734502],[-86.61616352784,36.2036256745211],[-86.616210262285,36.2035802672481],[-86.616291081163,36.2036261844034],[-86.6162262988403,36.203691933972],[-86.6161286088918,36.2036333366662]]]},"properties":{"id":"233091","parcel":"075060A02000CO","address":"4224 LEBANON PIKE","owner":"HERMITAGE 1, LLC & HERMITAGE 2, LLC","point":[-86.61621618779165,36.20366275953808]}},{"type":"Feature","id":"233111","geometry":{"type":"Polygon","coordinates":[[[-86.6180604162133,36.2011936493164],[-86.6183616411078,36.2008767120736],[-86.6187229913579,36.2011482461467],[-86.61846019381,36.2014456502458],[-86.6180604162133,36.2011936493164]]]},"properties":{"id":"233111","parcel":"07500015400","address":"4144 LEBANON PIKE","owner":"MANNAT HOTELS, LLC","point":[-86.61839249255745,36.20117095070519]}},{"type":"Feature","id":"233113","geometry":{"type":"Polygon","coordinates":[[[-86.6188857357932,36.2019388399849],[-86.6187743217794,36.2018732529396],[-86.6189098752619,36.201729104541],[-86.6193100968871,36.201390978347],[-86.6194003926176,36.2015362670999],[-86.6194312440642,36.2015972721482],[-86.6194584281908,36.2016594126498],[-86.6194818849169,36.2017225429128],[-86.6195015586017,36.201786516321],[-86.6195174024854,36.20185118441],[-86.6195293797943,36.2019163959599],[-86.6195374637756,36.2019820015016],[-86.619541634299,36.202047845223],[-86.6195418823885,36.2021137757605],[-86.6195382068306,36.2021796390066],[-86.6195306175384,36.2022452816977],[-86.6195191311111,36.202310552338],[-86.6188857357932,36.2019388399849]]]},"properties":{"id":"233113","parcel":"07500015600","address":"4209 HERMITAGE RD","owner":"MANNAT HOTELS, LC","point":[-86.61916850083604,36.201817765912224]}},{"type":"Feature","id":"233202","geometry":{"type":"Polygon","coordinates":[[[-86.6155136891255,36.2042986219466],[-86.6155267270579,36.2042872285946],[-86.6156244162551,36.2043458263822],[-86.6155646430815,36.2044026267759],[-86.6154892425648,36.2043565436342],[-86.6155305580068,36.204311304853],[-86.6155136891255,36.2042986219466]]]},"properties":{"id":"233202","parcel":"075060A02700CO","address":"4242 LEBANON PIKE","owner":"HERMITAGE 1, LLC & HERMITAGE 2, LLC","point":[-86.61555535793256,36.204328494547504]}},{"type":"Feature","id":"233206","geometry":{"type":"Polygon","coordinates":[[[-86.615366476567,36.2044592465413],[-86.615379514547,36.2044478532058],[-86.6154772016094,36.2045064511212],[-86.6154174315381,36.2045632505213],[-86.6153420298494,36.2045171681966],[-86.6153833454379,36.2044719267642],[-86.615366476567,36.2044592465413]]]},"properties":{"id":"233206","parcel":"075060A02900CO","address":"4246 LEBANON PIKE","owner":"HERMITAGE 1, LLC & HERMITAGE 2, LLC","point":[-86.61540814332054,36.20448911784204]}},{"type":"Feature","id":"233210","geometry":{"type":"Polygon","coordinates":[[[-86.614905765829,36.2049395003344],[-86.614918805066,36.2049281070444],[-86.6150164946036,36.2049867053134],[-86.6149567182876,36.2050435054073],[-86.6148813197389,36.2049974218829],[-86.6149226358404,36.2049521806143],[-86.614905765829,36.2049395003344]]]},"properties":{"id":"233210","parcel":"075060A03500CO","address":"4258 LEBANON PIKE","owner":"HERMITAGE 1, LLC & HERMITAGE 2, LLC","point":[-86.61494743456933,36.20496937177616]}},{"type":"Feature","id":"233215","geometry":{"type":"Polygon","coordinates":[[[-86.6169449966752,36.2027761045974],[-86.616958468228,36.202765047738],[-86.6170538471201,36.2028260931718],[-86.616991911258,36.2028813498027],[-86.6169183270242,36.2028333782506],[-86.6169613683181,36.2027892062266],[-86.6169449966752,36.2027761045974]]]},"properties":{"id":"233215","parcel":"075060A00900CO","address":"4206 LEBANON PIKE","owner":"HERMITAGE 1, LLC & HERMITAGE 2, LLC","point":[-86.61698435734155,36.20280757530654]}},{"type":"Feature","id":"233217","geometry":{"type":"Polygon","coordinates":[[[-86.616958468228,36.202765047738],[-86.6169746005612,36.2027473837427],[-86.6169936627202,36.2027582725725],[-86.6170421291943,36.2027140746005],[-86.617052554516,36.2027204012701],[-86.6171211364205,36.2027620183638],[-86.6170538471201,36.2028260931718],[-86.616958468228,36.202765047738]]]},"properties":{"id":"233217","parcel":"075060A01000CO","address":"4204 LEBANON PIKE","owner":"HERMITAGE 1, LLC & HERMITAGE 2, LLC","point":[-86.61704589585446,36.20279569761725]}},{"type":"Feature","id":"233219","geometry":{"type":"Polygon","coordinates":[[[-86.6167440901158,36.2029951034132],[-86.6167602214596,36.2029774430583],[-86.6167793040795,36.2029905308648],[-86.6168277503786,36.2029441340381],[-86.6169040626939,36.2029942862486],[-86.6168394851365,36.2030583515835],[-86.6167440901158,36.2029951034132]]]},"properties":{"id":"233219","parcel":"075060A01200CO","address":"4208 LEBANON PIKE","owner":"HERMITAGE 1, LLC & HERMITAGE 2, LLC","point":[-86.6168314468603,36.203026854479475]}},{"type":"Feature","id":"233221","geometry":{"type":"Polygon","coordinates":[[[-86.6161155711463,36.203644729184],[-86.6161286088918,36.2036333366662],[-86.6162262988403,36.203691933972],[-86.6161665254714,36.2037487337785],[-86.6160911252337,36.2037026519054],[-86.6161324399708,36.2036574102064],[-86.6161155711463,36.203644729184]]]},"properties":{"id":"233221","parcel":"075060A01900CO","address":"4226 LEBANON PIKE","owner":"HERMITAGE 1, LLC & HERMITAGE 2, LLC","point":[-86.61615723894528,36.20367460112685]}},{"type":"Feature","id":"233223","geometry":{"type":"Polygon","coordinates":[[[-86.6159658559208,36.2038098294038],[-86.615978893708,36.2037984360014],[-86.6160765826443,36.2038570343325],[-86.6160168101558,36.2039138340566],[-86.6159414087361,36.2038677520978],[-86.6159827236445,36.2038225104521],[-86.6159658559208,36.2038098294038]]]},"properties":{"id":"233223","parcel":"075060A02100CO","address":"4230 LEBANON PIKE","owner":"HERMITAGE 1, LLC & HERMITAGE 2, LLC","point":[-86.61600752302544,36.203839701403226]}},{"type":"Feature","id":"233270","geometry":{"type":"Polygon","coordinates":[[[-86.6158132253614,36.2039706192013],[-86.6158262643089,36.2039592258102],[-86.6159239555475,36.2040178233496],[-86.6158641794995,36.2040746239139],[-86.6157887791276,36.2040285418561],[-86.6158300941999,36.2039832993635],[-86.6158132253614,36.2039706192013]]]},"properties":{"id":"233270","parcel":"075060A02300CO","address":"4234 LEBANON PIKE","owner":"HERMITAGE 1, LLC & HERMITAGE 2, LLC","point":[-86.61585489432733,36.20400049033776]}},{"type":"Feature","id":"233272","geometry":{"type":"Polygon","coordinates":[[[-86.6156604926253,36.2041292129731],[-86.6156735316418,36.2041178223028],[-86.6157712207039,36.2041764154684],[-86.615711447777,36.20423321774],[-86.6156360473431,36.2041871355888],[-86.6156773625921,36.2041418940517],[-86.6156604926253,36.2041292129731]]]},"properties":{"id":"233272","parcel":"075060A02500CO","address":"4238 LEBANON PIKE","owner":"HERMITAGE 1, LLC & HERMITAGE 2, LLC","point":[-86.61570216186034,36.20415908371534]}},{"type":"Feature","id":"233274","geometry":{"type":"Polygon","coordinates":[[[-86.6156735316418,36.2041178223028],[-86.6156889741854,36.2040997564438],[-86.6157084508333,36.2041101584879],[-86.6157551858243,36.2040647513971],[-86.6158360049324,36.2041106688508],[-86.6157712207039,36.2041764154684],[-86.6156735316418,36.2041178223028]]]},"properties":{"id":"233274","parcel":"075060A02600CO","address":"4236 LEBANON PIKE","owner":"HERMITAGE 1, LLC & HERMITAGE 2, LLC","point":[-86.6157611097756,36.20414724325148]}},{"type":"Feature","id":"233276","geometry":{"type":"Polygon","coordinates":[[[-86.6155267270579,36.2042872285946],[-86.615542169689,36.2042691654588],[-86.6155616463521,36.204279566625],[-86.615608381534,36.2042341604943],[-86.6156892007228,36.2042800771428],[-86.6156244162551,36.2043458263822],[-86.6155267270579,36.2042872285946]]]},"properties":{"id":"233276","parcel":"075060A02800CO","address":"4240 LEBANON PIKE","owner":"HERMITAGE 1, LLC & HERMITAGE 2, LLC","point":[-86.61561430586477,36.20431665190395]}},{"type":"Feature","id":"233278","geometry":{"type":"Polygon","coordinates":[[[-86.6152086289962,36.2046245926955],[-86.615221668145,36.204613200273],[-86.6153193575114,36.2046717974009],[-86.6152595827406,36.2047285949405],[-86.6151841821194,36.2046825152173],[-86.6152254978771,36.2046372729398],[-86.6152086289962,36.2046245926955]]]},"properties":{"id":"233278","parcel":"075060A03100CO","address":"4250 LEBANON PIKE","owner":"HERMITAGE 1, LLC & HERMITAGE 2, LLC","point":[-86.61525029706846,36.20465446403899]}},{"type":"Feature","id":"233279","geometry":{"type":"Polygon","coordinates":[[[-86.6147611598163,36.2050978451385],[-86.6147766016606,36.2050797812093],[-86.6147960784154,36.2050901815953],[-86.6148428145201,36.2050447766725],[-86.6149236352107,36.2050906947185],[-86.6148588494394,36.205156442631],[-86.6147611598163,36.2050978451385]]]},"properties":{"id":"233279","parcel":"075060A03800CO","address":"4260 LEBANON PIKE","owner":"HERMITAGE 1, LLC & HERMITAGE 2, LLC","point":[-86.61484873920034,36.20512726855036]}},{"type":"Feature","id":"233281","geometry":{"type":"Polygon","coordinates":[[[-86.6145675790477,36.2052642285078],[-86.6145832655847,36.205246303954],[-86.6146026002416,36.2052568772324],[-86.6146499503156,36.2052118919481],[-86.6147301427666,36.2052585280095],[-86.6146644670094,36.2053236945323],[-86.6145675790477,36.2052642285078]]]},"properties":{"id":"233281","parcel":"075060A04000CO","address":"4264 LEBANON PIKE","owner":"HERMITAGE 1, LLC & HERMITAGE 2, LLC","point":[-86.61465510089135,36.205294087353785]}},{"type":"Feature","id":"233283","geometry":{"type":"Polygon","coordinates":[[[-86.6141194122892,36.2057421306391],[-86.6141351012459,36.2057242061345],[-86.6141544359735,36.2057347812857],[-86.6142017854611,36.2056897943865],[-86.6142819781108,36.2057364280356],[-86.6142163027086,36.2058015952014],[-86.6141194122892,36.2057421306391]]]},"properties":{"id":"233283","parcel":"075060A04600CO","address":"4276 LEBANON PIKE","owner":"HERMITAGE 1, LLC & HERMITAGE 2, LLC","point":[-86.61420693523313,36.20577198890057]}},{"type":"Feature","id":"233285","geometry":{"type":"Polygon","coordinates":[[[-86.6135754388407,36.2060089777836],[-86.6136428016609,36.2059536954005],[-86.6137299953907,36.2060081923747],[-86.6136518721966,36.2060745175047],[-86.6136300771602,36.2060614420962],[-86.613643549733,36.2060503856166],[-86.6135754388407,36.2060089777836]]]},"properties":{"id":"233285","parcel":"075060A04900CO","address":"370 MONACO DR","owner":"HERMITAGE 1, LLC & HERMITAGE 2, LLC","point":[-86.61365690861375,36.20602983476917]}},{"type":"Feature","id":"233617","geometry":{"type":"Polygon","coordinates":[[[-86.6158370995965,36.2022645771951],[-86.6159662049213,36.2021298641621],[-86.6165193222494,36.2024580314978],[-86.6163154539557,36.2026685729972],[-86.6157671829244,36.2023396527223],[-86.6158370995965,36.2022645771951]]]},"properties":{"id":"233617","parcel":"07510019600","address":"4219 LEBANON PIKE","owner":"K & C PARTNERS INC","point":[-86.61614270752015,36.20239884095229]}},{"type":"Feature","id":"233619","geometry":{"type":"Polygon","coordinates":[[[-86.6151405411722,36.2030021292803],[-86.6151674166848,36.2029712264291],[-86.6156942898707,36.2033094386057],[-86.6154731828134,36.2035375561424],[-86.6149414807272,36.2032075212108],[-86.6149468697108,36.2032030983758],[-86.6151405411722,36.2030021292803]]]},"properties":{"id":"233619","parcel":"07510020000","address":"4235 LEBANON PIKE","owner":"MARSHALL, PAUL LEE","point":[-86.6153192227633,36.203258484798354]}},{"type":"Feature","id":"233712","geometry":{"type":"Polygon","coordinates":[[[-86.614918805066,36.2049281070444],[-86.6149342479603,36.2049100439897],[-86.6149537247012,36.204920445252],[-86.6150004606016,36.2048750384636],[-86.6150812800985,36.2049209564119],[-86.6150164946036,36.2049867053134],[-86.614918805066,36.2049281070444]]]},"properties":{"id":"233712","parcel":"075060A03600CO","address":"4256 LEBANON PIKE","owner":"HERMITAGE 1, LLC & HERMITAGE 2, LLC","point":[-86.61500638435153,36.20495753079308]}},{"type":"Feature","id":"233714","geometry":{"type":"Polygon","coordinates":[[[-86.6144102764772,36.2054302953945],[-86.6144234680263,36.2054190212514],[-86.614520357167,36.2054784855808],[-86.6144598153288,36.2055347485639],[-86.614385043058,36.2054879955258],[-86.6144269719701,36.2054431253359],[-86.6144102764772,36.2054302953945]]]},"properties":{"id":"233714","parcel":"075060A04100CO","address":"4270 LEBANON PIKE","owner":"HERMITAGE 1, LLC & HERMITAGE 2, LLC","point":[-86.61445114232184,36.20546073291702]}},{"type":"Feature","id":"233716","geometry":{"type":"Polygon","coordinates":[[[-86.6144234680263,36.2054190212514],[-86.6144391557245,36.2054010949089],[-86.6144584870709,36.2054116691282],[-86.6145058395361,36.2053666829898],[-86.6145860320518,36.2054133182437],[-86.614520357167,36.2054784855808],[-86.6144234680263,36.2054190212514]]]},"properties":{"id":"233716","parcel":"075060A04200CO","address":"4268 LEBANON PIKE","owner":"HERMITAGE 1, LLC & HERMITAGE 2, LLC","point":[-86.61451098989835,36.20544887929531]}},{"type":"Feature","id":"233718","geometry":{"type":"Polygon","coordinates":[[[-86.6142556102267,36.205594106349],[-86.6142688006991,36.2055828304266],[-86.6143656921619,36.2056422966685],[-86.614305148977,36.2056985595772],[-86.6142303777549,36.2056518064397],[-86.6142723068411,36.2056069363056],[-86.6142556102267,36.205594106349]]]},"properties":{"id":"233718","parcel":"075060A04300CO","address":"4274 LEBANON PIKE","owner":"HERMITAGE 1, LLC & HERMITAGE 2, LLC","point":[-86.61429647731083,36.20562454391667]}},{"type":"Feature","id":"233720","geometry":{"type":"Polygon","coordinates":[[[-86.6141062217691,36.2057534065447],[-86.6141194122892,36.2057421306391],[-86.6142163027086,36.2058015952014],[-86.6141557604221,36.2058578598294],[-86.6140809891379,36.2058111066016],[-86.6141229172808,36.205766236527],[-86.6141062217691,36.2057534065447]]]},"properties":{"id":"233720","parcel":"075060A04500CO","address":"4278 LEBANON PIKE","owner":"HERMITAGE 1, LLC & HERMITAGE 2, LLC","point":[-86.61414708886436,36.20578384326901]}},{"type":"Feature","id":"233722","geometry":{"type":"Polygon","coordinates":[[[-86.6138254557505,36.2058216561952],[-86.6138415883122,36.2058039953429],[-86.6138606541256,36.2058148864434],[-86.6139091208632,36.2057706879812],[-86.6139881292403,36.2058186337533],[-86.6139208348159,36.2058827067607],[-86.6138254557505,36.2058216561952]]]},"properties":{"id":"233722","parcel":"075060A04800CO","address":"4280 LEBANON PIKE","owner":"HERMITAGE 1, LLC & HERMITAGE 2, LLC","point":[-86.61391288540767,36.2058523096911]}},{"type":"Feature","id":"233880","geometry":{"type":"Polygon","coordinates":[[[-86.615619775109,36.2018635226868],[-86.6157892298627,36.2016868501242],[-86.6161598199693,36.2019223009937],[-86.6160011636503,36.2020923272423],[-86.615619775109,36.2018635226868]]]},"properties":{"id":"233880","parcel":"07510000700","address":"8311 LUREE LN","owner":"SZEKELY, ADRIAN N & KLARA TIMEA","point":[-86.61589113644973,36.201892916441494]}},{"type":"Feature","id":"233882","geometry":{"type":"Polygon","coordinates":[[[-86.6154530201578,36.2020379839928],[-86.615619775109,36.2018635226868],[-86.6160011636503,36.2020923272423],[-86.6159662049213,36.2021298641621],[-86.6158370995965,36.2022645771951],[-86.6154530201578,36.2020379839928]]]},"properties":{"id":"233882","parcel":"07510000800","address":"8313 LUREE LN","owner":"PEREZ, JEREMY JUSTIN","point":[-86.6157274658227,36.202065157131656]}},{"type":"Feature","id":"233884","geometry":{"type":"Polygon","coordinates":[[[-86.6151275671467,36.2023780722475],[-86.6152916489219,36.2022080222311],[-86.6156703579986,36.2024412359573],[-86.6155627720751,36.202553862899],[-86.6155036156649,36.2026178953818],[-86.6151275671467,36.2023780722475]]]},"properties":{"id":"233884","parcel":"07510001000","address":"8317 LUREE LN","owner":"TARR, MICHAEL RAY ETUX","point":[-86.61539809610703,36.20240965162563]}},{"type":"Feature","id":"233886","geometry":{"type":"Polygon","coordinates":[[[-86.6145942697191,36.2028400904449],[-86.6146600494716,36.2027969246677],[-86.6147238998507,36.2027518967815],[-86.6147857401013,36.2027050612753],[-86.6151405411722,36.2030021292803],[-86.6149468697108,36.2032030983758],[-86.6145942697191,36.2028400904449]]]},"properties":{"id":"233886","parcel":"07510001300","address":"8323 LUREE LN","owner":"RODGERS, SANDRA REV LIVING TRUST","point":[-86.61485840640243,36.20292108121651]}},{"type":"Feature","id":"233888","geometry":{"type":"Polygon","coordinates":[[[-86.6143944763392,36.2029509901522],[-86.6144626092934,36.202915862468],[-86.6145292332922,36.2028788813447],[-86.6145942697191,36.2028400904449],[-86.6149468697108,36.2032030983758],[-86.6149414807272,36.2032075212108],[-86.6148661915273,36.2032892161838],[-86.6147339956617,36.2033755962133],[-86.6143944763392,36.2029509901522]]]},"properties":{"id":"233888","parcel":"07510001400","address":"8325 LUREE LN","owner":"IBRAHIM, MERVAT","point":[-86.61465986463548,36.20307700978517]}},{"type":"Feature","id":"233890","geometry":{"type":"Polygon","coordinates":[[[-86.6141863940869,36.2030421483666],[-86.6142573685696,36.2030142235488],[-86.6143267736539,36.2029838183247],[-86.6143944763392,36.2029509901522],[-86.6147339956617,36.2033755962133],[-86.6144884641204,36.2035328755354],[-86.6141863940869,36.2030421483666]]]},"properties":{"id":"233890","parcel":"07510001500","address":"8327 LUREE LN","owner":"MCCULLEN, GAIL","point":[-86.6144448627552,36.20320882321473]}},{"type":"Feature","id":"233892","geometry":{"type":"Polygon","coordinates":[[[-86.6136457062411,36.2032514725245],[-86.6136444215832,36.2032405117551],[-86.6136450848891,36.2032295149503],[-86.6136476789975,36.2032187075095],[-86.6136521533605,36.2032083113966],[-86.6136587723714,36.2031987236198],[-86.6136670618614,36.2031900295035],[-86.6136768409461,36.2031824210312],[-86.6136878962782,36.203176062413],[-86.613699987628,36.2031710927605],[-86.613712848961,36.2031676215754],[-86.6137776254594,36.2031579572032],[-86.6138417325305,36.2031457087133],[-86.6139050136043,36.203130905743],[-86.613967314398,36.2031135860289],[-86.6141081142196,36.2034381163635],[-86.6137066870302,36.2034678165346],[-86.6136900653408,36.2033950377444],[-86.6136697265969,36.2033228816776],[-86.6136457062411,36.2032514725245]]]},"properties":{"id":"233892","parcel":"07510001700","address":"107 WELDON DR","owner":"KINSLOW, PAULA A. & AMY K.","point":[-86.6138504419643,36.20328779905024]}},{"type":"Feature","id":"233894","geometry":{"type":"Polygon","coordinates":[[[-86.6130401944659,36.2031463342528],[-86.6134328241497,36.2030762149036],[-86.6134728720143,36.2032217154605],[-86.6134914154423,36.2032890851374],[-86.6128683867288,36.2034033575079],[-86.6129865541341,36.2032265797821],[-86.6130401944659,36.2031463342528]]]},"properties":{"id":"233894","parcel":"07510002100","address":"106 WELDON DR","owner":"DAVIS, SKYLER RHODES","point":[-86.61322464132265,36.20325778637509]}},{"type":"Feature","id":"233896","geometry":{"type":"Polygon","coordinates":[[[-86.6128796712456,36.2027252086788],[-86.6133156140756,36.2026460781642],[-86.6133769463578,36.2028633308467],[-86.6129599326601,36.2029357737517],[-86.6128824851922,36.2027383796691],[-86.6128796712456,36.2027252086788]]]},"properties":{"id":"233896","parcel":"07510002300","address":"202 WELDON DR","owner":"OZDEN, LEYLA M.","point":[-86.6131331166271,36.20280086650561]}},{"type":"Feature","id":"233898","geometry":{"type":"Polygon","coordinates":[[[-86.6127164218003,36.2023018976361],[-86.6132011332126,36.2022181264542],[-86.6132597369012,36.2024331940275],[-86.6127966993209,36.2025146591003],[-86.6127192187391,36.2023128723739],[-86.6127164218003,36.2023018976361]]]},"properties":{"id":"233898","parcel":"07510002500","address":"206 WELDON DR","owner":"HEIDRICH, BENJAMIN STARK","point":[-86.6129927895608,36.20237304421395]}},{"type":"Feature","id":"233950","geometry":{"type":"Polygon","coordinates":[[[-86.6122217775204,36.2033860061697],[-86.6119975185208,36.2032619892441],[-86.6119428668855,36.2032317670549],[-86.6122582018135,36.203007457409],[-86.6122750548638,36.2030251076337],[-86.612295174179,36.2030403466756],[-86.6123180385438,36.2030527833305],[-86.6123430639017,36.2030620970104],[-86.6123696034396,36.2030680485579],[-86.6123969765333,36.2030704846068],[-86.6124309047068,36.2034339511132],[-86.6122217775204,36.2033860061697]]]},"properties":{"id":"233950","parcel":"07510003800","address":"410 TERRY PL","owner":"SPECIALIZED TRUST COMPANY FBO LESA BANTA SEP IRA","point":[-86.61223066157328,36.20315132285053]}},{"type":"Feature","id":"233952","geometry":{"type":"Polygon","coordinates":[[[-86.6115761643222,36.2029217720237],[-86.6114290352511,36.2027605500599],[-86.6121221116458,36.2025872181484],[-86.6121276277766,36.2026015615017],[-86.6121523639881,36.2026600262992],[-86.6121731570112,36.2027194916402],[-86.6121899465475,36.2027797820891],[-86.6122026822918,36.2028407203564],[-86.6116076016933,36.2029562198535],[-86.6115761643222,36.2029217720237]]]},"properties":{"id":"233952","parcel":"07510004000","address":"406 TERRY PL","owner":"HAMILTON, KATHY & MARCUS","point":[-86.61181215876178,36.20277017533187]}},{"type":"Feature","id":"233954","geometry":{"type":"Polygon","coordinates":[[[-86.611053367424,36.2022325848887],[-86.6112742457428,36.2020987183769],[-86.611491045899,36.2023377485744],[-86.6114577365019,36.2025648607516],[-86.6114482388169,36.2026296185181],[-86.611053367424,36.2022325848887]]]},"properties":{"id":"233954","parcel":"07510004400","address":"8409 TERRY LN","owner":"MANNA PROPERTIES, LLC","point":[-86.61137231367397,36.20245097326402]}},{"type":"Feature","id":"233955","geometry":{"type":"Polygon","coordinates":[[[-86.6139311501652,36.2019485062011],[-86.6139823736374,36.2019179917207],[-86.61403145592,36.2018852494033],[-86.6140782520931,36.2018503764218],[-86.6141226206361,36.2018134780436],[-86.6145045290466,36.2021104100918],[-86.6144615037737,36.2021567784073],[-86.6144399831643,36.2021788639769],[-86.6142836081157,36.2022939352769],[-86.614251258444,36.2023182740469],[-86.6139311501652,36.2019485062011]]]},"properties":{"id":"233955","parcel":"07510010600","address":"8319 GORDON LN","owner":"RAINS, RONALD G. AND PATRICK L.","point":[-86.61420089701865,36.20202940387897]}},{"type":"Feature","id":"233956","geometry":{"type":"Polygon","coordinates":[[[-86.6112604832532,36.2033559076688],[-86.6115761643222,36.2029217720237],[-86.6116076016933,36.2029562198535],[-86.6117736823667,36.2031382058862],[-86.6114768912075,36.2034722221833],[-86.6114395407534,36.203450421747],[-86.6113810801803,36.2034174093999],[-86.6113213746264,36.2033858948939],[-86.6112604832532,36.2033559076688]]]},"properties":{"id":"233956","parcel":"07510004900","address":"300 BELINDA DR","owner":"PIERCE, EVA MARIE & VERNON C. & JOHN S., JR.","point":[-86.6115082775639,36.203247028474095]}},{"type":"Feature","id":"233957","geometry":{"type":"Polygon","coordinates":[[[-86.6144535155658,36.201475557502],[-86.6146202748898,36.2013011002356],[-86.6150317005449,36.2015583236726],[-86.6149402463639,36.2016532863498],[-86.6148703304936,36.2017283613649],[-86.6144535155658,36.201475557502]]]},"properties":{"id":"233957","parcel":"07510010900","address":"8313 GORDON LN","owner":"CLARK, RANDY","point":[-86.61474361521108,36.20151694417797]}},{"type":"Feature","id":"233959","geometry":{"type":"Polygon","coordinates":[[[-86.6152494150043,36.2006122418209],[-86.6152772220222,36.2005644907193],[-86.6153025345197,36.2005158366521],[-86.6153253086947,36.2004663663641],[-86.6153455051791,36.2004161647749],[-86.6157505003326,36.2005437584978],[-86.6158382014122,36.2006641805396],[-86.6157576450755,36.2007656809298],[-86.6157200623343,36.2008142201124],[-86.6152494150043,36.2006122418209]]]},"properties":{"id":"233959","parcel":"07510011400","address":"8303 GORDON LN","owner":"WESTON, TERESA A.","point":[-86.6155640495248,36.20063827655697]}},{"type":"Feature","id":"233964","geometry":{"type":"Polygon","coordinates":[[[-86.6174237397821,36.2065017263317],[-86.6174903914744,36.2064449511645],[-86.617555185068,36.2063867786129],[-86.617596369907,36.2063484893439],[-86.6176364623568,36.2063094458952],[-86.6179501035791,36.2065407878775],[-86.6177292296317,36.206730912408],[-86.6174237397821,36.2065017263317]]]},"properties":{"id":"233964","parcel":"07506011200","address":"4270 SWEDEN DR","owner":"GREENBERG, MARK J.","point":[-86.61768670660392,36.2065212567068]}},{"type":"Feature","id":"233965","geometry":{"type":"Polygon","coordinates":[[[-86.6140989295349,36.2001544045349],[-86.6141542770996,36.2000362738221],[-86.614210984201,36.1999186877285],[-86.6142177829382,36.1999077984929],[-86.6142267573263,36.1998979986157],[-86.6142376493599,36.1998895715],[-86.6142501429003,36.1998827602884],[-86.6142638792004,36.1998777623767],[-86.6142761229555,36.1998753117783],[-86.6142886688784,36.1998742601836],[-86.6143012713963,36.1998746295705],[-86.6143136913634,36.1998764103407],[-86.614623359488,36.1999495535004],[-86.6144827916772,36.2003546290327],[-86.6140989295349,36.2001544045349]]]},"properties":{"id":"233965","parcel":"07510012300","address":"305 TYLER DR","owner":"D'AMICO, BENJAMIN D. & PIERINA E.","point":[-86.6143494373441,36.200096057368086]}},{"type":"Feature","id":"233966","geometry":{"type":"Polygon","coordinates":[[[-86.6170241108077,36.2077651954309],[-86.6170403962627,36.2077523613634],[-86.6170542392202,36.2077377634144],[-86.6170653506848,36.2077217058809],[-86.6170734997186,36.2077045225042],[-86.6170785189315,36.2076865674293],[-86.6170803022425,36.2076682134142],[-86.6175279349327,36.2076944947569],[-86.6173787205257,36.2080336889175],[-86.6170241108077,36.2077651954309]]]},"properties":{"id":"233966","parcel":"07506011900","address":"301 MONACO DR","owner":"ARMSTRONG, CURTIS L. ET UX","point":[-86.6173194301421,36.20789981971473]}},{"type":"Feature","id":"233967","geometry":{"type":"Polygon","coordinates":[[[-86.6147675836939,36.200366365592],[-86.6148759889132,36.2000098001488],[-86.6151910979843,36.2000851140992],[-86.6152033726089,36.2000885069532],[-86.615214888919,36.2000933393604],[-86.6152253925577,36.2000995044672],[-86.6152346489523,36.2001068655777],[-86.6152420801405,36.2001154562795],[-86.6152477897421,36.2001248731864],[-86.6152516436762,36.2001348898669],[-86.615253548912,36.2001452679638],[-86.6152534579377,36.2001557598759],[-86.6152513765996,36.200166115927],[-86.6152329081401,36.2002362479487],[-86.6152111634351,36.2003057612774],[-86.6151861728207,36.2003745539156],[-86.6151579722137,36.2004425265408],[-86.6151266030914,36.200509579802],[-86.6147675836939,36.200366365592]]]},"properties":{"id":"233967","parcel":"07510012500","address":"301 TYLER DR","owner":"LAW, MITCHELL G & SCHIRA, BETHANY A","point":[-86.61500951373328,36.200270321219996]}},{"type":"Feature","id":"233968","geometry":{"type":"Polygon","coordinates":[[[-86.616967075037,36.2081579460509],[-86.6169348854878,36.207798615339],[-86.616959549661,36.2077951159621],[-86.6169831031934,36.2077882272538],[-86.6170048392756,36.2077781529028],[-86.6170241108077,36.2077651954309],[-86.6173787205257,36.2080336889175],[-86.6169675500154,36.2081632510727],[-86.616967075037,36.2081579460509]]]},"properties":{"id":"233968","parcel":"07506012000","address":"305 MONACO DR","owner":"BROWN, SARA M. & SMITH, DEWAYNE","point":[-86.61708456094107,36.20791592122079]}},{"type":"Feature","id":"233969","geometry":{"type":"Polygon","coordinates":[[[-86.6145080963152,36.2004709741566],[-86.6147675836939,36.200366365592],[-86.6151266030914,36.200509579802],[-86.6150971958845,36.2005551814292],[-86.6150649465169,36.2005995024299],[-86.6150299374855,36.2006424270219],[-86.6149922624216,36.2006838411684],[-86.6149520194535,36.2007236371185],[-86.6145080963152,36.2004709741566]]]},"properties":{"id":"233969","parcel":"07510012600","address":"8302 GORDON LN","owner":"JACKSON, CRYSTAL Y.","point":[-86.61486253271997,36.200531578473544]}},{"type":"Feature","id":"233970","geometry":{"type":"Polygon","coordinates":[[[-86.6160302204647,36.2072340532243],[-86.6160328291694,36.2072208546579],[-86.6159019409419,36.2071270246318],[-86.6160773382858,36.2069725725847],[-86.616082386161,36.2069678765642],[-86.6164526773003,36.2071615739211],[-86.6164214707359,36.207203241101],[-86.6163931603436,36.2072462453613],[-86.616367831835,36.2072904537831],[-86.616345564236,36.207335731679],[-86.6160302204647,36.2072340532243]]]},"properties":{"id":"233970","parcel":"07506012700","address":"4295 SWEDEN DR","owner":"PANIAN, HILARY & PIETI, ANTHONY","point":[-86.61617302868956,36.20714428586565]}},{"type":"Feature","id":"233971","geometry":{"type":"Polygon","coordinates":[[[-86.6135811013198,36.2015635053014],[-86.6136554052337,36.2013543524001],[-86.6140940778032,36.2016290239158],[-86.6140565675719,36.2016690147444],[-86.6140162665365,36.2017071803021],[-86.6139733093766,36.2017433937265],[-86.613927839703,36.2017775326161],[-86.6138800112119,36.2018094844316],[-86.6138299820688,36.2018391393153],[-86.6135811013198,36.2015635053014]]]},"properties":{"id":"233971","parcel":"07510013200","address":"8314 GORDON LN","owner":"LONG, BILLY L. ET UX","point":[-86.6138264169229,36.20159622883571]}},{"type":"Feature","id":"233972","geometry":{"type":"Polygon","coordinates":[[[-86.6164513746516,36.2066451428614],[-86.6164675420556,36.2066318750674],[-86.6167757567226,36.20686324777],[-86.6165899068939,36.2070246217254],[-86.6162816943659,36.2067932485475],[-86.6164513746516,36.2066451428614]]]},"properties":{"id":"233972","parcel":"07506012900","address":"4287 SWEDEN DR","owner":"HAYNES, CHRIS","point":[-86.61652872526653,36.2068282484126]}},{"type":"Feature","id":"233973","geometry":{"type":"Polygon","coordinates":[[[-86.6112128281471,36.2075558320861],[-86.6111951416394,36.2075516298617],[-86.6111434604017,36.207535902387],[-86.6110905999357,36.2075230026641],[-86.6109750923962,36.2074929591201],[-86.6108584418753,36.2074659656621],[-86.6107407742557,36.2074420522926],[-86.6106222120347,36.207421242723],[-86.6105028788073,36.2074035588569],[-86.6103829014903,36.2073890207791],[-86.6102624058327,36.2073776413711],[-86.6101415175969,36.207369435317],[-86.6101062336875,36.2073652154962],[-86.6078291906178,36.2071107905038],[-86.6083303869115,36.2063434994843],[-86.6084054497462,36.2062310430469],[-86.6091558852086,36.2050823062506],[-86.6095847065081,36.2044274528844],[-86.6097610877437,36.204444143016],[-86.610013473173,36.2044714378885],[-86.610311971889,36.2045006955229],[-86.6105670698194,36.2045279755305],[-86.6109469806233,36.2045656107077],[-86.6112997760069,36.2046033819605],[-86.6115168661163,36.2046242588317],[-86.6116525558949,36.2046389550188],[-86.6117990942666,36.2046535960904],[-86.6117592358014,36.2047592828421],[-86.6127096491825,36.2052862854847],[-86.6131902281914,36.2047884713085],[-86.6133041323863,36.2046679348783],[-86.6133303040919,36.2046414827917],[-86.6133534773618,36.2046132551483],[-86.6133734715324,36.2045834727721],[-86.6133901282925,36.2045523707935],[-86.6134033172075,36.2045201941148],[-86.6134241260469,36.2044058127948],[-86.6134308895564,36.2044062651108],[-86.613491196341,36.2044106371211],[-86.613551268733,36.2044167650231],[-86.613611031059,36.2044246410907],[-86.6136990330959,36.2044389545301],[-86.6137819157064,36.2044547458383],[-86.6138637177677,36.2044738817088],[-86.6139442354124,36.2044963136116],[-86.6140232658289,36.2045219858019],[-86.6141360991842,36.204558643488],[-86.6141892144234,36.2045786415228],[-86.6142394161941,36.2046022323109],[-86.6142597375493,36.2046174690938],[-86.6142686410973,36.2046280333011],[-86.6142757564556,36.2046394528766],[-86.6142809642173,36.2046515301532],[-86.6142841715796,36.2046640565138],[-86.6142853240553,36.2046783246259],[-86.614283886483,36.2046925761724],[-86.614279886498,36.2047065027856],[-86.6142734129648,36.2047198047987],[-86.6142646048782,36.2047321940058],[-86.6142536514475,36.204743404477],[-86.6141030233504,36.2049002361921],[-86.6136442165081,36.2053779347595],[-86.613188852941,36.2058476208369],[-86.6126790905358,36.2063766732497],[-86.612645256174,36.2064117880962],[-86.6121193606574,36.2069575731306],[-86.6116405143018,36.207436910905],[-86.611605695595,36.207461018085],[-86.6115770419637,36.2074781742525],[-86.6115471336919,36.2074938605231],[-86.6115028020511,36.2075134663491],[-86.6114565205338,36.2075298474536],[-86.6114086462585,36.2075428776544],[-86.6113595454493,36.2075524577607],[-86.6113095978559,36.2075585119464],[-86.6113081787573,36.2075582109034],[-86.6112675789705,36.2075588931799],[-86.6112401638772,36.2075578413994],[-86.6112128281471,36.2075558320861]]]},"properties":{"id":"233973","parcel":"07506015200","address":"4347 LEBANON PIKE","owner":"4347 LEBANON PIKE SNF REAL ESTATE, LLC","point":[-86.61076636431365,36.206039255738844]}},{"type":"Feature","id":"233974","geometry":{"type":"Polygon","coordinates":[[[-86.6166372068051,36.2064815737485],[-86.616650679009,36.2064705142312],[-86.6169589117933,36.2067040845282],[-86.6167757567226,36.20686324777],[-86.6164675420556,36.2066318750674],[-86.6166372068051,36.2064815737485]]]},"properties":{"id":"233974","parcel":"07506013000","address":"4283 SWEDEN DR","owner":"LABIB, WAHED & METTA, MERVAT","point":[-86.61671344868884,36.206667980759974]}},{"type":"Feature","id":"233976","geometry":{"type":"Polygon","coordinates":[[[-86.6168607573332,36.2062870403487],[-86.6170385240754,36.2061323016683],[-86.6173440797882,36.2063702764657],[-86.6173238968575,36.206387961196],[-86.6171447772093,36.2065449062452],[-86.6168365274158,36.2063091401572],[-86.6168607573332,36.2062870403487]]]},"properties":{"id":"233976","parcel":"07506013200","address":"4275 SWEDEN DR","owner":"MORTON, BRANDON J.","point":[-86.61709065542412,36.206339709705915]}},{"type":"Feature","id":"233991","geometry":{"type":"Polygon","coordinates":[[[-86.6131378573173,36.201398738164],[-86.6135763505301,36.201299816674],[-86.6136554052337,36.2013543524001],[-86.6135811013198,36.2015635053014],[-86.6132155940242,36.2016334883682],[-86.6132067599397,36.2015852442943],[-86.6131945236423,36.2015374906521],[-86.6131789252821,36.2014903858566],[-86.6131600149814,36.2014440837659],[-86.6131378573173,36.201398738164]]]},"properties":{"id":"233991","parcel":"07510013400","address":"303 WELDON DR","owner":"KIRBY, TIMOTHY & LISA","point":[-86.61339213082397,36.20146795423062]}},{"type":"Feature","id":"233993","geometry":{"type":"Polygon","coordinates":[[[-86.6130188117712,36.2003796491337],[-86.6131996551593,36.2002732477359],[-86.613527224145,36.2005572736059],[-86.6134730295783,36.2005957610368],[-86.6134171410709,36.20063262128],[-86.6133596305368,36.2006678071032],[-86.6133005765485,36.2007012694376],[-86.6130188117712,36.2003796491337]]]},"properties":{"id":"233993","parcel":"07510014400","address":"8308 TERRY LN","owner":"CHAVEZ, LUCERO MUNOZ & ANAHI MUNOZ","point":[-86.61326074065343,36.20046842197051]}},{"type":"Feature","id":"233995","geometry":{"type":"Polygon","coordinates":[[[-86.6119310293607,36.2010180808307],[-86.6121550700958,36.2008872860942],[-86.6124504408152,36.2012154301866],[-86.6122291411396,36.201350606952],[-86.6119310293607,36.2010180808307]]]},"properties":{"id":"233995","parcel":"07510014800","address":"8402 TERRY LN","owner":"GODINEZ, JUAN F. VILLALOBOS & VILLALOBOS, YANET","point":[-86.61219055684882,36.20111675521279]}},{"type":"Feature","id":"233997","geometry":{"type":"Polygon","coordinates":[[[-86.6108189789838,36.2016764013979],[-86.6110402955686,36.2015434253071],[-86.6113493056734,36.2018824910303],[-86.6111252935503,36.2020176794614],[-86.6108189789838,36.2016764013979]]]},"properties":{"id":"233997","parcel":"07510015300","address":"8412 TERRY LN","owner":"HUMMEL, KEITH E.","point":[-86.61108343257563,36.20177944420147]}},{"type":"Feature","id":"234838","geometry":{"type":"Polygon","coordinates":[[[-86.6165040927086,36.2015623331736],[-86.6166385674449,36.2014209993292],[-86.6171341128657,36.2017314662483],[-86.6169992407681,36.2018908609993],[-86.6168961173043,36.2020127339054],[-86.616380378022,36.2016926239021],[-86.6165040927086,36.2015623331736]]]},"properties":{"id":"234838","parcel":"07510019300","address":"4207 LEBANON PIKE","owner":"UNITED FOOD & COMM.WORKERS LOC.1995, TRS","point":[-86.61675738341108,36.20171204611008]}},{"type":"Feature","id":"234840","geometry":{"type":"Polygon","coordinates":[[[-86.611491045899,36.2023377485744],[-86.6118879122579,36.202150635144],[-86.6119345476089,36.2022226240166],[-86.6119785847674,36.2022956814006],[-86.6120199876447,36.2023697425919],[-86.6114577365019,36.2025648607516],[-86.611491045899,36.2023377485744]]]},"properties":{"id":"234840","parcel":"07510004200","address":"402 TERRY PL","owner":"SQUIRES, MARY G. & SEAY, CRYSTAL D.","point":[-86.61175016776492,36.202353728524066]}},{"type":"Feature","id":"234844","geometry":{"type":"Polygon","coordinates":[[[-86.6110164096859,36.2032517923677],[-86.6113162814996,36.2027646006567],[-86.6114290352511,36.2027605500599],[-86.6115761643222,36.2029217720237],[-86.6112604832532,36.2033559076688],[-86.6111994370936,36.2033279066475],[-86.611137355294,36.2033014411571],[-86.6110164096859,36.2032517923677]]]},"properties":{"id":"234844","parcel":"07510004800","address":"302 BELINDA DR","owner":"MESSER, KIMBERLY RAE","point":[-86.61128706619014,36.20308675258056]}},{"type":"Feature","id":"234852","geometry":{"type":"Polygon","coordinates":[[[-86.6170336366977,36.2002756927674],[-86.6175364638531,36.2004401184273],[-86.6175365318561,36.2004401406108],[-86.6172273177872,36.2007669087417],[-86.6172272880105,36.2007669404377],[-86.6172272604296,36.2007669685174],[-86.6169057325682,36.2005642334206],[-86.6168963647447,36.2005572983972],[-86.6168882957155,36.2005493635606],[-86.6168816857198,36.2005405867122],[-86.6168766662198,36.2005311429245],[-86.6168733526905,36.2005191516006],[-86.6168726523218,36.200506877453],[-86.6168745846651,36.2004946898943],[-86.6168790903178,36.200482957839],[-86.6168860352522,36.2004720343602],[-86.6169273008719,36.2004251838575],[-86.6169657142874,36.2003767671212],[-86.6170011885431,36.2003268981555],[-86.6170336366977,36.2002756927674]]]},"properties":{"id":"234852","parcel":"07510005700","address":"8239 LUREE LN","owner":"GREENWOOD, KYLE WESLEY","point":[-86.61716467404779,36.200526074113014]}},{"type":"Feature","id":"234871","geometry":{"type":"Polygon","coordinates":[[[-86.6145094523148,36.2039547217085],[-86.6145099100426,36.2039470596659],[-86.6148773955628,36.20411811881],[-86.6149005051134,36.2041283808166],[-86.6149001741536,36.2041287222727],[-86.6149003214728,36.2041287909187],[-86.6146407577066,36.2044003238583],[-86.6146284586904,36.2044118043787],[-86.6146146783404,36.2044221226166],[-86.6145992401164,36.2044313137177],[-86.6145773676169,36.2044410683992],[-86.6145539639992,36.2044481154068],[-86.6145295384928,36.2044523007385],[-86.6145046197342,36.2044535351835],[-86.6144797468427,36.2044517907631],[-86.6144542793574,36.2044467886457],[-86.6144542425921,36.2044467798203],[-86.6144379900483,36.204441721797],[-86.6144245514102,36.2044362943619],[-86.6144046314785,36.2044257907239],[-86.6143947380956,36.2044196593969],[-86.6143733198541,36.2044068048094],[-86.6144895200519,36.2042882500179],[-86.6145094523148,36.2039547217085]]]},"properties":{"id":"234871","parcel":"07506011000","address":"4251 LEBANON PIKE","owner":"WHITEFIELD-ROGERS PROPERTIES, GP","point":[-86.61465901682506,36.204208405055056]}},{"type":"Feature","id":"234875","geometry":{"type":"Polygon","coordinates":[[[-86.6170803022425,36.2076682134142],[-86.6170796918671,36.2076485080425],[-86.6170756783831,36.2076290670023],[-86.6170683403979,36.2076102738233],[-86.6170578231488,36.2075924999782],[-86.6170443339991,36.2075760976959],[-86.6173844355404,36.2073743769742],[-86.6175279349327,36.2076944947569],[-86.6170803022425,36.2076682134142]]]},"properties":{"id":"234875","parcel":"07506011800","address":"300 MONACO DR","owner":"LAW, KYLE & BRUCE & PATRICIA","point":[-86.61732217108342,36.20747558214766]}},{"type":"Feature","id":"234879","geometry":{"type":"Polygon","coordinates":[[[-86.6158258839523,36.2080264010115],[-86.6158873282874,36.2076896869813],[-86.6161641648876,36.2077212388164],[-86.6161047959383,36.2080585525468],[-86.6158258839523,36.2080264010115]]]},"properties":{"id":"234879","parcel":"07506012400","address":"325 MONACO DR","owner":"MARTIN, DAVID & THOR, ELIZABETH","point":[-86.61599551980885,36.20787382162581]}},{"type":"Feature","id":"234883","geometry":{"type":"Polygon","coordinates":[[[-86.6166561121509,36.2071693260282],[-86.6169042828687,36.2073504602857],[-86.6169056331724,36.2075240643989],[-86.6168787418376,36.2075263070865],[-86.6168526106249,36.2075319129478],[-86.6168278723702,36.2075407480699],[-86.6168051336818,36.2075525948582],[-86.6167849472447,36.2075671656965],[-86.6167678040585,36.2075841056906],[-86.6167524529705,36.2075969700985],[-86.6167381822913,36.2076106256899],[-86.6167249000416,36.2076193932701],[-86.6167101577963,36.2076264649462],[-86.6166942835039,36.207631683127],[-86.6166776287955,36.2076349324593],[-86.6166605634379,36.2076361416584],[-86.6166434653259,36.2076352835595],[-86.6165865661789,36.2076284217895],[-86.6165294766825,36.2076226794132],[-86.6165153031342,36.2076197938784],[-86.6165019081094,36.2076150577104],[-86.6164896573628,36.2076085988219],[-86.6164788858901,36.2076005939502],[-86.6164698856468,36.207591262411],[-86.6164629043663,36.2075808570921],[-86.616458131089,36.2075696627243],[-86.6164556960719,36.2075579841661],[-86.6164556662911,36.2075461401173],[-86.616466325609,36.2074949335719],[-86.6164812885939,36.2074444386703],[-86.6165004825746,36.2073948928102],[-86.6165238192702,36.207346528061],[-86.6165511881323,36.2072995730005],[-86.616582460751,36.207254247285],[-86.616617489757,36.2072107634572],[-86.6166561121509,36.2071693260282]]]},"properties":{"id":"234883","parcel":"07506012500","address":"4290 SWEDEN DR","owner":"FLORES, JAIME & GARCIA, ADRIAN","point":[-86.61669785852247,36.20742032878546]}},{"type":"Feature","id":"234887","geometry":{"type":"Polygon","coordinates":[[[-86.6159703796311,36.2075596044505],[-86.6160302204647,36.2072340532243],[-86.616345564236,36.207335731679],[-86.6163258067311,36.2073830362835],[-86.6163094943637,36.2074311957094],[-86.6162966825787,36.2074800456481],[-86.6162874145607,36.2075294182483],[-86.6162846389442,36.2075397372826],[-86.6162798454965,36.2075495583106],[-86.6162731567614,36.2075586229499],[-86.616264751045,36.2075666932619],[-86.6162548480162,36.2075735590359],[-86.616243706482,36.2075790377998],[-86.6162316200446,36.2075829883618],[-86.6162189048203,36.2075853045635],[-86.616205896201,36.207585927915],[-86.6161929332298,36.2075848404635],[-86.6159703796311,36.2075596044505]]]},"properties":{"id":"234887","parcel":"07506012600","address":"4299 SWEDEN DR","owner":"REI PROPERTIES, LLC","point":[-86.61615812391254,36.207406604472745]}},{"type":"Feature","id":"234904","geometry":{"type":"Polygon","coordinates":[[[-86.6161598199693,36.2019223009937],[-86.6161732914865,36.2019112442192],[-86.6167103620306,36.2022322591521],[-86.6165193222494,36.2024580314978],[-86.6159662049213,36.2021298641621],[-86.6160011636503,36.2020923272423],[-86.6161598199693,36.2019223009937]]]},"properties":{"id":"234904","parcel":"07510019500","address":"4215 LEBANON PIKE","owner":"DEPENDABLE IMAGE DELIVERY, INC","point":[-86.61633859755307,36.20218106324178]}},{"type":"Feature","id":"234908","geometry":{"type":"Polygon","coordinates":[[[-86.6155036156649,36.2026178953818],[-86.6155627720751,36.202553862899],[-86.6161078863063,36.2028827262898],[-86.615900963983,36.2030962107938],[-86.6153664418527,36.2027614388944],[-86.6155036156649,36.2026178953818]]]},"properties":{"id":"234908","parcel":"07510019800","address":"4227 LEBANON PIKE","owner":"FENWICK FAMILY REVOCABLE LIVING TRUST, THE","point":[-86.6157353346027,36.20282207729215]}},{"type":"Feature","id":"234943","geometry":{"type":"Polygon","coordinates":[[[-86.6157505003326,36.2005437584978],[-86.615927297442,36.2002659577365],[-86.6160263150545,36.2003016233747],[-86.6161242380343,36.2003392231917],[-86.6162210083919,36.2003787349548],[-86.6160224693228,36.2006500544222],[-86.6158382014122,36.2006641805396],[-86.6157505003326,36.2005437584978]]]},"properties":{"id":"234943","parcel":"07510008800","address":"203 TYLER DR","owner":"SCHULTZ, DELANEY & VANDERMEULEN, MICHALE","point":[-86.61598180263017,36.20046123428007]}},{"type":"Feature","id":"234947","geometry":{"type":"Polygon","coordinates":[[[-86.6148703304936,36.2017283613649],[-86.6149402463639,36.2016532863498],[-86.6153461848296,36.2019017458627],[-86.6151794258604,36.202076206806],[-86.6147761990627,36.2018277329369],[-86.6148703304936,36.2017283613649]]]},"properties":{"id":"234947","parcel":"07510009600","address":"8314 LUREE LN","owner":"VELASQUEZ, CAROL & MATUTE, JACER J. URBINA","point":[-86.61506099111838,36.201864739092954]}},{"type":"Feature","id":"234951","geometry":{"type":"Polygon","coordinates":[[[-86.6142836081157,36.2022939352769],[-86.6144399831643,36.2021788639769],[-86.6144615037737,36.2021567784073],[-86.6148458853539,36.2024229308345],[-86.614783364158,36.2024840285062],[-86.6147178050698,36.2025429984387],[-86.6146493185082,36.2025997400265],[-86.6142836081157,36.2022939352769]]]},"properties":{"id":"234951","parcel":"07510009900","address":"8320 LUREE LN","owner":"BEACHAM, TRENT C. & ANNA MELVIN","point":[-86.61455678335784,36.20235840774075]}},{"type":"Feature","id":"235013","geometry":{"type":"Polygon","coordinates":[[[-86.6143979026557,36.2005967986803],[-86.6145080963152,36.2004709741566],[-86.6149520194535,36.2007236371185],[-86.6147825852651,36.2009025065977],[-86.6143602840082,36.2006409422266],[-86.6143979026557,36.2005967986803]]]},"properties":{"id":"235013","parcel":"07510012700","address":"8304 GORDON LN","owner":"MILLER, MONAL R.","point":[-86.61465324287485,36.20068228067287]}},{"type":"Feature","id":"235017","geometry":{"type":"Polygon","coordinates":[[[-86.6116525558949,36.2046389550188],[-86.6121225187992,36.2040476149371],[-86.6122268532643,36.2040963275248],[-86.6123330704089,36.2041422897785],[-86.6123541232114,36.2041509296379],[-86.612434586625,36.2041822788728],[-86.612516162611,36.2042116748125],[-86.6125987831248,36.2042390907625],[-86.6126037896853,36.2042407038336],[-86.6126927618137,36.2042686525797],[-86.6127830131401,36.2042937621445],[-86.6128744065897,36.2043159953687],[-86.6129586427687,36.2043366038535],[-86.6130440272079,36.2043538375832],[-86.613130351615,36.2043676534515],[-86.6131342565979,36.2043683140666],[-86.6132108245544,36.2043807482328],[-86.6132877948561,36.2043914264774],[-86.6133651062974,36.2044003437029],[-86.6134241260469,36.2044058127948],[-86.6134033172075,36.2045201941148],[-86.6133901282925,36.2045523707935],[-86.6133734715324,36.2045834727721],[-86.6133534773618,36.2046132551483],[-86.6133303040919,36.2046414827917],[-86.6133041323863,36.2046679348783],[-86.6131902281914,36.2047884713085],[-86.6127096491825,36.2052862854847],[-86.6117592358014,36.2047592828421],[-86.6117990942666,36.2046535960904],[-86.6116525558949,36.2046389550188]]]},"properties":{"id":"235017","parcel":"07506015300","address":"205 BELINDA DR","owner":"HERMITAGE METHODIST CHURCH, TRS.","point":[-86.61251806452348,36.20471356726188]}},{"type":"Feature","id":"235109","geometry":{"type":"Polygon","coordinates":[[[-86.6134314477599,36.2007951024688],[-86.6134970975432,36.200757123745],[-86.6135609899418,36.2007172243393],[-86.6136230386346,36.2006754578669],[-86.6140024488228,36.2010009729626],[-86.6138383656828,36.2011710230926],[-86.6138087623545,36.2011997422842],[-86.6134314477599,36.2007951024688]]]},"properties":{"id":"235109","parcel":"07510013700","address":"8309 TERRY LN","owner":"WATKINS, ARTHUR G. ET UX","point":[-86.61370497747858,36.20089799942149]}},{"type":"Feature","id":"235113","geometry":{"type":"Polygon","coordinates":[[[-86.6138089476396,36.2005228777324],[-86.6138518334381,36.2004818295098],[-86.6138926135167,36.2004393959412],[-86.6139312205932,36.2003956476683],[-86.6139675896236,36.2003506571239],[-86.6143979026557,36.2005967986803],[-86.6143602840082,36.2006409422266],[-86.6142069460771,36.2007977529305],[-86.6138089476396,36.2005228777324]]]},"properties":{"id":"235113","parcel":"07510013900","address":"8305 TERRY LN","owner":"TUGGLE, DAVID D. & KELLE D.","point":[-86.6140979616545,36.200559820953345]}},{"type":"Feature","id":"235117","geometry":{"type":"Polygon","coordinates":[[[-86.6139675896236,36.2003506571239],[-86.6140045197575,36.2003034601591],[-86.6140387654125,36.2002549519964],[-86.614070257308,36.200205232128],[-86.6140989295349,36.2001544045349],[-86.6144827916772,36.2003546290327],[-86.6145080963152,36.2004709741566],[-86.6143979026557,36.2005967986803],[-86.6139675896236,36.2003506571239]]]},"properties":{"id":"235117","parcel":"07510014000","address":"8303 TERRY LN","owner":"SANDERS LLC","point":[-86.61428465051405,36.20041212248117]}},{"type":"Feature","id":"235126","geometry":{"type":"Polygon","coordinates":[[[-86.6112643403682,36.2014126322368],[-86.611482960388,36.2012818662136],[-86.6117865145348,36.2016165657876],[-86.6117147687043,36.2016602045504],[-86.6115679110196,36.2017495277053],[-86.6112643403682,36.2014126322368]]]},"properties":{"id":"235126","parcel":"07510015100","address":"8408 TERRY LN","owner":"HARWELL PROPERTIES, LLC","point":[-86.61152512909781,36.20151459832852]}},{"type":"Feature","id":"235129","geometry":{"type":"Polygon","coordinates":[[[-86.617908098516,36.2025413534257],[-86.6183544435933,36.2023352492336],[-86.6185869137823,36.202471742429],[-86.6185756004929,36.2026016668112],[-86.6180262646721,36.2027429295522],[-86.6180022528728,36.2026905123163],[-86.6179744876971,36.2026393282663],[-86.6179430672461,36.2025895508393],[-86.617908098516,36.2025413534257]]]},"properties":{"id":"235129","parcel":"07510015700","address":"4208 SWEDEN DR","owner":"SLATER, JOSHUA GAVIN, TRUSTEE","point":[-86.61828453760232,36.202506666517024]}},{"type":"Feature","id":"235132","geometry":{"type":"Polygon","coordinates":[[[-86.6180250995353,36.2036373631195],[-86.6180425718349,36.2034438836682],[-86.6185010442893,36.2034723030791],[-86.6184860430801,36.2036350031036],[-86.6184800388935,36.2037025482261],[-86.6184785772732,36.2037207474243],[-86.6180201387492,36.2036967231407],[-86.6180250995353,36.2036373631195]]]},"properties":{"id":"235132","parcel":"07510016100","address":"4224 SWEDEN DR","owner":"GREGORY, MICHAEL R.","point":[-86.61826316771659,36.20355291854021]}},{"type":"Feature","id":"235136","geometry":{"type":"Polygon","coordinates":[[[-86.6174332447054,36.2031942752322],[-86.6174076269981,36.203038373855],[-86.6178760346083,36.2029502736929],[-86.6178875250195,36.2030006695317],[-86.6178953871692,36.2030515201393],[-86.6178995941487,36.2031026553179],[-86.6179001323782,36.2031539029989],[-86.6178970004957,36.2032050892481],[-86.6174332447054,36.2031942752322]]]},"properties":{"id":"235136","parcel":"07510016400","address":"4215 SWEDEN DR","owner":"GREENE, SHARONDA & ADAM","point":[-86.61765561258282,36.20307631529014]}},{"type":"Feature","id":"235144","geometry":{"type":"Polygon","coordinates":[[[-86.6133528043949,36.2062361941037],[-86.6133547372472,36.2062375019112],[-86.6133627120701,36.2062434357788],[-86.6134314955278,36.20629644929],[-86.6134983895645,36.2063510270136],[-86.6135633426789,36.206407124152],[-86.6135779987,36.2064202376482],[-86.6133306619947,36.2066961954271],[-86.6129582319879,36.2065593050413],[-86.6131029444647,36.2064094652278],[-86.6132586753436,36.2062482135501],[-86.6132603723837,36.2062466376614],[-86.6132612438289,36.2062458662737],[-86.6132705316089,36.2062390957951],[-86.6132811156706,36.2062337156669],[-86.6132926791921,36.2062298843152],[-86.6133048827775,36.2062277170207],[-86.6133173643865,36.2062272769067],[-86.6133297538046,36.2062285766686],[-86.613341684882,36.2062315794124],[-86.6133528043949,36.2062361941037]]]},"properties":{"id":"235144","parcel":"07506015800","address":"4330 LEBANON PIKE","owner":"NS RETAIL HOLDINGS, LLC","point":[-86.6132705516394,36.20648977961949]}},{"type":"Feature","id":"235147","geometry":{"type":"Polygon","coordinates":[[[-86.614071958617,36.2042782884113],[-86.6142238024804,36.2039401336941],[-86.61426573966,36.203846742965],[-86.6142707452685,36.2038355960919],[-86.6145099100426,36.2039470596659],[-86.6145094523148,36.2039547217085],[-86.6144895200519,36.2042882500179],[-86.6143733198541,36.2044068048094],[-86.6143372002615,36.2043864373992],[-86.6143001927215,36.2043671451788],[-86.6142889281312,36.2043615759878],[-86.6142629569274,36.204349249241],[-86.6142067122602,36.2043249015071],[-86.6141489618926,36.2043029884675],[-86.6141368370376,36.2042987664981],[-86.614071958617,36.2042782884113]]]},"properties":{"id":"235147","parcel":"07506015900","address":"100 BELINDA DR","owner":"POLLEI FAMILY TRUST, THE ET AL (DO)","point":[-86.61432228005773,36.204116607013454]}},{"type":"Feature","id":"235241","geometry":{"type":"Polygon","coordinates":[[[-86.6163319652727,36.2017434166916],[-86.616380378022,36.2016926239021],[-86.6168961173043,36.2020127339054],[-86.6168221379511,36.2021001635066],[-86.6167103620306,36.2022322591521],[-86.6161732914865,36.2019112442192],[-86.6163319652727,36.2017434166916]]]},"properties":{"id":"235241","parcel":"07510019400","address":"4209 LEBANON PIKE","owner":"OAKLEY ENTERPRISES, G. P.","point":[-86.61653625540168,36.2019619945767]}},{"type":"Feature","id":"235245","geometry":{"type":"Polygon","coordinates":[[[-86.6153314836474,36.202798976519],[-86.6153664418527,36.2027614388944],[-86.615900963983,36.2030962107938],[-86.6156942898707,36.2033094386057],[-86.6151674166848,36.2029712264291],[-86.6153314836474,36.202798976519]]]},"properties":{"id":"235245","parcel":"07510019900","address":"4231 LEBANON PIKE","owner":"WILDER, DAVID T & LINDA & DAVID SCOTT & JASON O'NEAL","point":[-86.61553298671048,36.203033715306624]}},{"type":"Feature","id":"235588","geometry":{"type":"Polygon","coordinates":[[[-86.6176539737032,36.1998527775754],[-86.6180407492451,36.1997299300662],[-86.6180251346713,36.1997637014172],[-86.6180137150791,36.1997985580301],[-86.6180065990039,36.1998341577768],[-86.6180038571421,36.1998701542162],[-86.6180055178806,36.1999061939133],[-86.6180105161726,36.1999360240394],[-86.6180184712062,36.1999654289629],[-86.6180293325642,36.1999942169753],[-86.6180430265073,36.2000222000918],[-86.6181331741134,36.2001288603103],[-86.6182261958954,36.2002338861978],[-86.6183220469955,36.2003372284088],[-86.6180881123039,36.2005823088154],[-86.618088072045,36.2005823509296],[-86.6179650647582,36.2005066766489],[-86.6178401329456,36.2004297967544],[-86.6177899682882,36.2002742822989],[-86.6177651128194,36.2001972318325],[-86.6177650922713,36.2001971634425],[-86.6176650920362,36.1998878820684],[-86.6176539737032,36.1998527775754]]]},"properties":{"id":"235588","parcel":"07510021300","address":"4125 LEBANON PIKE","owner":"AGREE CONVENIENCE NO 1, LLC","point":[-86.61795893907325,36.2001630433178]}},{"type":"Feature","id":"235859","geometry":{"type":"Polygon","coordinates":[[[-86.6156703579986,36.2024412359573],[-86.6157671829244,36.2023396527223],[-86.6163154539557,36.2026685729972],[-86.6161078863063,36.2028827262898],[-86.6155627720751,36.202553862899],[-86.6156703579986,36.2024412359573]]]},"properties":{"id":"235859","parcel":"07510019700","address":"4223 LEBANON PIKE","owner":"PATEL, PANKAJ V.","point":[-86.6159388486171,36.20261121769089]}},{"type":"Feature","id":"235981","geometry":{"type":"Polygon","coordinates":[[[-86.6161281315527,36.2013335051889],[-86.6162975647254,36.2011546320352],[-86.6166681389965,36.2013878842091],[-86.6166385674449,36.2014209993292],[-86.6165040927086,36.2015623331736],[-86.6161281315527,36.2013335051889]]]},"properties":{"id":"235981","parcel":"07510000400","address":"8305 LUREE LN","owner":"IZAGUIRRE, JAIRO ENRIQUE","point":[-86.61639885680788,36.20136069731584]}},{"type":"Feature","id":"235983","geometry":{"type":"Polygon","coordinates":[[[-86.6157892298627,36.2016868501242],[-86.6159586816306,36.2015101764251],[-86.6163319652727,36.2017434166916],[-86.6161732914865,36.2019112442192],[-86.6161598199693,36.2019223009937],[-86.6157892298627,36.2016868501242]]]},"properties":{"id":"235983","parcel":"07510000600","address":"8309 LUREE LN","owner":"BROWN, MACKENZIE","point":[-86.61606023102199,36.20171513253954]}},{"type":"Feature","id":"235985","geometry":{"type":"Polygon","coordinates":[[[-86.6131021107227,36.2037899198115],[-86.6128874001155,36.2036005425625],[-86.6128795547483,36.2035936220374],[-86.6135342251993,36.2035657664253],[-86.6135356566496,36.2036493283479],[-86.6135335907295,36.2037328800995],[-86.6135280289269,36.2038163279425],[-86.6131021107227,36.2037899198115]]]},"properties":{"id":"235985","parcel":"07510001900","address":"102 WELDON DR","owner":"BOGUE, DONALD R. ETUX","point":[-86.61326134879658,36.20369022151596]}},{"type":"Feature","id":"235987","geometry":{"type":"Polygon","coordinates":[[[-86.612146639127,36.2022542427224],[-86.6126278761288,36.2020715982912],[-86.6126361628065,36.2020913350621],[-86.6127164218003,36.2023018976361],[-86.6127192187391,36.2023128723739],[-86.612245776312,36.2024515255186],[-86.6122151985306,36.202384961989],[-86.6121821426353,36.2023191806809],[-86.612146639127,36.2022542427224]]]},"properties":{"id":"235987","parcel":"07510003300","address":"405 TERRY PL","owner":"WILLS, CHELSEA ELIZABETH","point":[-86.6124334322944,36.20227807667649]}},{"type":"Feature","id":"235989","geometry":{"type":"Polygon","coordinates":[[[-86.612245776312,36.2024515255186],[-86.6127192187391,36.2023128723739],[-86.6127966993209,36.2025146591003],[-86.612807749082,36.2025409744717],[-86.6123286958299,36.2026554849038],[-86.6122865609435,36.2025537817213],[-86.612245776312,36.2024515255186]]]},"properties":{"id":"235989","parcel":"07510003400","address":"407 TERRY PL","owner":"FITE, CHARLES G. & MATTIE J. TRS.","point":[-86.6125214665249,36.202483093366645]}},{"type":"Feature","id":"235991","geometry":{"type":"Polygon","coordinates":[[[-86.6125375120938,36.2030104362784],[-86.6125491768006,36.202990965107],[-86.6125571627458,36.2029703112313],[-86.6125612966169,36.2029489270569],[-86.6125614852951,36.202927281706],[-86.6125577269127,36.2029058528501],[-86.6125501018173,36.2028851087306],[-86.6128824851922,36.2027383796691],[-86.6129599326601,36.2029357737517],[-86.6130401944659,36.2031463342528],[-86.6129865541341,36.2032265797821],[-86.6125375120938,36.2030104362784]]]},"properties":{"id":"235991","parcel":"07510003600","address":"411 TERRY PL","owner":"BEBOUT, DAVID L. & SHAWNA P.","point":[-86.61276536363225,36.202981324883055]}}]}