{"type":"FeatureCollection","features":[{"type":"Feature","id":"12583","geometry":{"type":"Polygon","coordinates":[[[-86.6519250991369,36.0755650327995],[-86.6520937489951,36.075498190157],[-86.65244089811,36.0759231622275],[-86.652285283556,36.0760059091216],[-86.6519250991369,36.0755650327995]]]},"properties":{"id":"12583","parcel":"149070C04200CO","address":"3285 CLAPHAM RD","owner":"BRENT, WILLIAM WARREN JR","point":[-86.65218300707595,36.07574409781665]}},{"type":"Feature","id":"14626","geometry":{"type":"Polygon","coordinates":[[[-86.6514454695922,36.0757981065354],[-86.6515953211798,36.0757082924817],[-86.6519738158062,36.0761715279642],[-86.6518182223794,36.076254261513],[-86.6514454695922,36.0757981065354]]]},"properties":{"id":"14626","parcel":"149070C03900CO","address":"3273 CLAPHAM RD","owner":"RIVERA, ANIBAL A. & JUANA M.","point":[-86.65170965114096,36.07598481756675]}},{"type":"Feature","id":"14627","geometry":{"type":"Polygon","coordinates":[[[-86.6518637115209,36.0755895398125],[-86.6519250991369,36.0755650327995],[-86.652285283556,36.0760059091216],[-86.6521294210618,36.076088786937],[-86.6517564478922,36.0756318761121],[-86.6518637115209,36.0755895398125]]]},"properties":{"id":"14627","parcel":"149070C04100CO","address":"3281 CLAPHAM RD","owner":"HANA, MINA & NASHED, MARIA","point":[-86.65202080161049,36.075818892723674]}},{"type":"Feature","id":"14840","geometry":{"type":"Polygon","coordinates":[[[-86.6513676835343,36.0758449545321],[-86.6514454695922,36.0757981065354],[-86.6518182223794,36.076254261513],[-86.6517555807799,36.0762875699433],[-86.6509713476408,36.0762347353378],[-86.6507625347617,36.0762206670968],[-86.6507365855574,36.0762186738363],[-86.650838630732,36.0761587853433],[-86.6510147680286,36.0760556416721],[-86.6511898822665,36.0759514046031],[-86.6513676835343,36.0758449545321]]]},"properties":{"id":"14840","parcel":"149070C03800CO","address":"3269 CLAPHAM RD","owner":"RAMIREZ, HECTOR ARAUJO","point":[-86.65135843523515,36.07600426842501]}},{"type":"Feature","id":"14841","geometry":{"type":"Polygon","coordinates":[[[-86.6517449791673,36.0756363327614],[-86.6517564478922,36.0756318761121],[-86.6521294210618,36.076088786937],[-86.6519738158062,36.0761715279642],[-86.6515953211798,36.0757082924817],[-86.6516559348782,36.0756719776007],[-86.6517449791673,36.0756363327614]]]},"properties":{"id":"14841","parcel":"149070C04000CO","address":"3277 CLAPHAM RD","owner":"TAWFEK, MARIM","point":[-86.6518624443765,36.075898540221]}},{"type":"Feature","id":"20256","geometry":{"type":"Polygon","coordinates":[[[-86.6576601040918,36.0758014799576],[-86.6577257198373,36.0756747542219],[-86.6577983960697,36.0756968284411],[-86.6578724975958,36.0757155168359],[-86.6579477874391,36.0757307603112],[-86.6580240220359,36.0757425088212],[-86.6581009557058,36.0757507249499],[-86.6583312061111,36.0757675988913],[-86.6583220442337,36.0758462163298],[-86.6576601040918,36.0758014799576]]]},"properties":{"id":"20256","parcel":"149060B00300CO","address":"0 TREETOP DR","owner":"SUNSET, LLC","point":[-86.65794944215202,36.07575840133004]}},{"type":"Feature","id":"22261","geometry":{"type":"Polygon","coordinates":[[[-86.6585075903527,36.0758586636055],[-86.6585164202708,36.0757808717366],[-86.6588865147378,36.0758079690822],[-86.6589844676412,36.0758135317583],[-86.6590826269973,36.0758156070693],[-86.6591808040028,36.0758141888369],[-86.6592788110542,36.0758092816919],[-86.6593764583653,36.0758008947843],[-86.6594234529289,36.0757937609606],[-86.6594710075814,36.0757897686261],[-86.6595188061366,36.0757889447455],[-86.6595665277958,36.0757912955802],[-86.6596138526907,36.0757968057561],[-86.6596604640964,36.0758054373503],[-86.6597060506739,36.0758171325829],[-86.6597503075874,36.0758318147118],[-86.6597622194104,36.0758399890384],[-86.6597721985614,36.0758497962476],[-86.6597800615461,36.0758607984201],[-86.6597855949524,36.0758726984001],[-86.6597886506661,36.0758851743396],[-86.6597888471655,36.0758978732221],[-86.6597864566982,36.0759104231307],[-86.6597815474703,36.0759224812052],[-86.6597742532864,36.0759337159426],[-86.6597647736392,36.0759438180123],[-86.6585075903527,36.0758586636055]]]},"properties":{"id":"22261","parcel":"149060B00200CO","address":"2585 TREETOP DR","owner":"SUNSET, LLC","point":[-86.65918545088515,36.0758657932067]}},{"type":"Feature","id":"23212","geometry":{"type":"Polygon","coordinates":[[[-86.6571240871794,36.0761296608895],[-86.6575365947812,36.0755977682791],[-86.6575980109202,36.0756260075115],[-86.6576611057096,36.0756516914352],[-86.6577257198373,36.0756747542219],[-86.6576601040918,36.0758014799576],[-86.6574177795382,36.0762884904529],[-86.6571240871794,36.0761296608895]]]},"properties":{"id":"23212","parcel":"149060B00100CO","address":"2561 TREETOP DR","owner":"NAPPIER, CHELSEA O.","point":[-86.65741492558213,36.07596563598386]}},{"type":"Feature","id":"28133","geometry":{"type":"Polygon","coordinates":[[[-86.6581051521138,36.0761476876583],[-86.6581482475399,36.0761260424571],[-86.6582195322682,36.0762215757464],[-86.6581683958833,36.0762469015419],[-86.6581051521138,36.0761476876583]]]},"properties":{"id":"28133","parcel":"149060C20500CO","address":"519 SHAWA TRL","owner":"SUNSET, LLC","point":[-86.65816033470101,36.07618462599052]}},{"type":"Feature","id":"28134","geometry":{"type":"Polygon","coordinates":[[[-86.6578000746401,36.0762004634302],[-86.657859394508,36.0761965724717],[-86.6578855662669,36.0762895067776],[-86.6578277503562,36.0762932219036],[-86.6578000746401,36.0762004634302]]]},"properties":{"id":"28134","parcel":"149060C30500CO","address":"529 SHAWA TRL","owner":"SUNSET, LLC","point":[-86.65784319285486,36.076244986174736]}},{"type":"Feature","id":"28135","geometry":{"type":"Polygon","coordinates":[[[-86.6576022269914,36.0762908282342],[-86.657602678781,36.0761683569617],[-86.6576577493886,36.0761685783943],[-86.6576551584753,36.076290539495],[-86.6576022269914,36.0762908282342]]]},"properties":{"id":"28135","parcel":"149060C40300CO","address":"535 SHAWA TRL","owner":"SUNSET, LLC","point":[-86.6576294537564,36.076229481821535]}},{"type":"Feature","id":"30647","geometry":{"type":"Polygon","coordinates":[[[-86.6573318834907,36.076458730479],[-86.6574177795382,36.0762884904529],[-86.6576601040918,36.0758014799576],[-86.6583220442337,36.0758462163298],[-86.6585075903527,36.0758586636055],[-86.6597647736392,36.0759438180123],[-86.659803040173,36.0759471794621],[-86.6596896921143,36.0759898310278],[-86.6595939380523,36.0760321113346],[-86.6595164107854,36.0760687967404],[-86.659440600396,36.0761082207115],[-86.6593597747296,36.0761556384912],[-86.6592688919418,36.076214099637],[-86.6591989323409,36.0762655785426],[-86.6588438929341,36.0765444281514],[-86.6573318834907,36.076458730479]],[[-86.6581049001234,36.0762754213299],[-86.6580788920649,36.0761821752343],[-86.6580258338738,36.0761856553875],[-86.657971719304,36.0761892043726],[-86.6579154820196,36.0761928947023],[-86.657859394508,36.0761965724717],[-86.6578000746401,36.0762004634302],[-86.6578277503562,36.0762932219036],[-86.6578855662669,36.0762895067776],[-86.6579396937328,36.0762860316663],[-86.6579948009962,36.0762824916985],[-86.6580491814408,36.0762789989342],[-86.6581049001234,36.0762754213299]],[[-86.6577771080476,36.0762898741763],[-86.6577845358198,36.0761690898915],[-86.6577174331811,36.0761688187966],[-86.6576577493886,36.0761685783943],[-86.657602678781,36.0761683569617],[-86.6575416870868,36.0761681110184],[-86.6575374187291,36.0762911817292],[-86.6576022269914,36.0762908282342],[-86.6576551584753,36.076290539495],[-86.6577137974288,36.0762902195946],[-86.6577771080476,36.0762898741763]],[[-86.6581051521138,36.0761476876583],[-86.6581683958833,36.0762469015419],[-86.6582195322682,36.0762215757464],[-86.6582694468315,36.0761968559524],[-86.6583149783785,36.0761743069238],[-86.6583662097649,36.076148934581],[-86.6584165676208,36.0761239950954],[-86.658352341811,36.0760235294133],[-86.6582973454786,36.0760511529815],[-86.6582426741654,36.0760786134203],[-86.6582003527314,36.0760998695828],[-86.6581482475399,36.0761260424571],[-86.6581051521138,36.0761476876583]],[[-86.6583630079712,36.0760065324824],[-86.6584469103499,36.0760883639519],[-86.6584945556389,36.076068892001],[-86.6585407348122,36.0760500192803],[-86.6585861239452,36.0760314708125],[-86.6586323871575,36.0760125624472],[-86.658678533072,36.0759937033741],[-86.6585953774065,36.0759120996131],[-86.6585483033912,36.0759312296029],[-86.6585011010055,36.0759504125495],[-86.6584561237711,36.0759686901542],[-86.6584096516413,36.0759875770609],[-86.6583630079712,36.0760065324824]]]},"properties":{"id":"30647","parcel":"149060C00100CO","address":"0 TREETOP DR","owner":"O.I.C. TREE TOP","point":[-86.65882392008496,36.07617390489469]}},{"type":"Feature","id":"30648","geometry":{"type":"Polygon","coordinates":[[[-86.6583630079712,36.0760065324824],[-86.6584096516413,36.0759875770609],[-86.6584945556389,36.076068892001],[-86.6584469103499,36.0760883639519],[-86.6583630079712,36.0760065324824]]]},"properties":{"id":"30648","parcel":"149060C10500CO","address":"509 SHAWA TRL","owner":"SUNSET, LLC","point":[-86.65842848825832,36.0760377114232]}},{"type":"Feature","id":"30649","geometry":{"type":"Polygon","coordinates":[[[-86.6582973454786,36.0760511529815],[-86.658352341811,36.0760235294133],[-86.6584165676208,36.0761239950954],[-86.6583662097649,36.076148934581],[-86.6583015423657,36.0760590829712],[-86.6582973454786,36.0760511529815]]]},"properties":{"id":"30649","parcel":"149060C20100CO","address":"511 SHAWA TRL","owner":"SUNSET, LLC","point":[-86.65836035868809,36.076091542763194]}},{"type":"Feature","id":"30650","geometry":{"type":"Polygon","coordinates":[[[-86.6580258338738,36.0761856553875],[-86.6580788920649,36.0761821752343],[-86.6581049001234,36.0762754213299],[-86.6580491814408,36.0762789989342],[-86.6580258338738,36.0761856553875]]]},"properties":{"id":"30650","parcel":"149060C30100CO","address":"521 SHAWA TRL","owner":"SUNSET, LLC","point":[-86.65806472147658,36.07623053652374]}},{"type":"Feature","id":"30651","geometry":{"type":"Polygon","coordinates":[[[-86.657859394508,36.0761965724717],[-86.6579154820196,36.0761928947023],[-86.6579396937328,36.0762860316663],[-86.6578855662669,36.0762895067776],[-86.657859394508,36.0761965724717]]]},"properties":{"id":"30651","parcel":"149060C30400CO","address":"527 SHAWA TRL","owner":"SUNSET, LLC","point":[-86.65790002798701,36.07624130345692]}},{"type":"Feature","id":"30652","geometry":{"type":"Polygon","coordinates":[[[-86.6577137974288,36.0762902195946],[-86.6577174331811,36.0761688187966],[-86.6577845358198,36.0761690898915],[-86.6577771080476,36.0762898741763],[-86.6577137974288,36.0762902195946]]]},"properties":{"id":"30652","parcel":"149060C40100CO","address":"531 SHAWA TRL","owner":"SUNSET, LLC","point":[-86.65774822196592,36.076229388948626]}},{"type":"Feature","id":"30653","geometry":{"type":"Polygon","coordinates":[[[-86.6576551584753,36.076290539495],[-86.6576577493886,36.0761685783943],[-86.6577174331811,36.0761688187966],[-86.6577137974288,36.0762902195946],[-86.6576551584753,36.076290539495]]]},"properties":{"id":"30653","parcel":"149060C40200CO","address":"533 SHAWA TRL","owner":"SUNSET, LLC","point":[-86.65768603683661,36.07622943472213]}},{"type":"Feature","id":"30654","geometry":{"type":"Polygon","coordinates":[[[-86.6575374187291,36.0762911817292],[-86.6575416870868,36.0761681110184],[-86.657602678781,36.0761683569617],[-86.6576022269914,36.0762908282342],[-86.6575374187291,36.0762911817292]]]},"properties":{"id":"30654","parcel":"149060C40400CO","address":"537 SHAWA TRL","owner":"SUNSET, LLC","point":[-86.65757100694654,36.07622950276117]}},{"type":"Feature","id":"31196","geometry":{"type":"Polygon","coordinates":[[[-86.6584561237711,36.0759686901542],[-86.6585011010055,36.0759504125495],[-86.6585861239452,36.0760314708125],[-86.6585407348122,36.0760500192803],[-86.6584561237711,36.0759686901542]]]},"properties":{"id":"31196","parcel":"149060C10300CO","address":"505 SHAWA TRL","owner":"SUNSET, LLC","point":[-86.65852098951957,36.076000080118234]}},{"type":"Feature","id":"31197","geometry":{"type":"Polygon","coordinates":[[[-86.6584096516413,36.0759875770609],[-86.6584561237711,36.0759686901542],[-86.6585407348122,36.0760500192803],[-86.6584945556389,36.076068892001],[-86.6584096516413,36.0759875770609]]]},"properties":{"id":"31197","parcel":"149060C10400CO","address":"507 SHAWA TRL","owner":"SUNSET, LLC","point":[-86.65847525228358,36.076018798356806]}},{"type":"Feature","id":"31778","geometry":{"type":"Polygon","coordinates":[[[-86.6585483033912,36.0759312296029],[-86.6585953774065,36.0759120996131],[-86.658678533072,36.0759937033741],[-86.6586323871575,36.0760125624472],[-86.6585483033912,36.0759312296029]]]},"properties":{"id":"31778","parcel":"149060C10100CO","address":"501 SHAWA TRL","owner":"SUNSET, LLC","point":[-86.65861364943265,36.075962467164736]}},{"type":"Feature","id":"31779","geometry":{"type":"Polygon","coordinates":[[[-86.6585011010055,36.0759504125495],[-86.6585483033912,36.0759312296029],[-86.6586323871575,36.0760125624472],[-86.6585861239452,36.0760314708125],[-86.6585011010055,36.0759504125495]]]},"properties":{"id":"31779","parcel":"149060C10200CO","address":"503 SHAWA TRL","owner":"SUNSET, LLC","point":[-86.65856697848152,36.07598148818408]}},{"type":"Feature","id":"31780","geometry":{"type":"Polygon","coordinates":[[[-86.6582426741654,36.0760786134203],[-86.6582973454786,36.0760511529815],[-86.6583015423657,36.0760590829712],[-86.6583662097649,36.076148934581],[-86.6583149783785,36.0761743069238],[-86.6582426741654,36.0760786134203]]]},"properties":{"id":"31780","parcel":"149060C20200CO","address":"513 SHAWA TRL","owner":"SUNSET, LLC","point":[-86.65830507200779,36.076113775812765]}},{"type":"Feature","id":"31781","geometry":{"type":"Polygon","coordinates":[[[-86.6582003527314,36.0760998695828],[-86.6582426741654,36.0760786134203],[-86.6583149783785,36.0761743069238],[-86.6582694468315,36.0761968559524],[-86.6582003527314,36.0760998695828]]]},"properties":{"id":"31781","parcel":"149060C20300CO","address":"515 SHAWA TRL","owner":"SUNSET, LLC","point":[-86.65825686232733,36.076137085976825]}},{"type":"Feature","id":"31782","geometry":{"type":"Polygon","coordinates":[[[-86.6581482475399,36.0761260424571],[-86.6582003527314,36.0760998695828],[-86.6582694468315,36.0761968559524],[-86.6582195322682,36.0762215757464],[-86.6581482475399,36.0761260424571]]]},"properties":{"id":"31782","parcel":"149060C20400CO","address":"517 SHAWA TRL","owner":"SUNSET, LLC","point":[-86.65820944451383,36.076161450923486]}},{"type":"Feature","id":"31783","geometry":{"type":"Polygon","coordinates":[[[-86.657971719304,36.0761892043726],[-86.6580258338738,36.0761856553875],[-86.6580491814408,36.0762789989342],[-86.6579948009962,36.0762824916985],[-86.657971719304,36.0761892043726]]]},"properties":{"id":"31783","parcel":"149060C30200CO","address":"523 SHAWA TRL","owner":"SUNSET, LLC","point":[-86.65801038983336,36.07623410148703]}},{"type":"Feature","id":"31784","geometry":{"type":"Polygon","coordinates":[[[-86.6579154820196,36.0761928947023],[-86.657971719304,36.0761892043726],[-86.6579948009962,36.0762824916985],[-86.6579396937328,36.0762860316663],[-86.6579154820196,36.0761928947023]]]},"properties":{"id":"31784","parcel":"149060C30300CO","address":"525 SHAWA TRL","owner":"SUNSET, LLC","point":[-86.6579554219134,36.07623769400729]}},{"type":"Feature","id":"100149","geometry":{"type":"Polygon","coordinates":[[[-86.6579075000231,36.0797555882925],[-86.6578439057488,36.0796298975328],[-86.6578263885694,36.0795917887314],[-86.65781196431,36.0795528338734],[-86.6578006931968,36.0795132002693],[-86.6577926254635,36.0794730552842],[-86.6577877947051,36.079432568176],[-86.6581776613579,36.0794103733954],[-86.6581779890743,36.0794499297152],[-86.6582393500287,36.0796671656573],[-86.6580538091966,36.0798198189851],[-86.6579907287812,36.0798566092595],[-86.6579840216072,36.0798517915681],[-86.657981279293,36.0798487196489],[-86.6579589917296,36.0798275782736],[-86.6579391605868,36.0798048832003],[-86.6579219506132,36.0797808200963],[-86.6579075000231,36.0797555882925]],[[-86.6579552788453,36.0796906931176],[-86.6579396151898,36.0797611046215],[-86.6580429071248,36.0798110855976],[-86.6580635269345,36.0796857094707],[-86.6579552788453,36.0796906931176]]]},"properties":{"id":"100149","parcel":"149020D90100CO","address":"0 LONDON CT","owner":"PICCADILLY SQUARE HOMEOWNERS ASSOCIATION","point":[-86.65804365170565,36.07964853753237]}},{"type":"Feature","id":"100150","geometry":{"type":"Polygon","coordinates":[[[-86.657212138865,36.0776104229508],[-86.6572267086147,36.0774081555505],[-86.6572411180041,36.0771861103992],[-86.6572577375518,36.0769047164396],[-86.6572819552098,36.076559546932],[-86.6572952542951,36.0765309047104],[-86.6573318834907,36.076458730479],[-86.6588438929341,36.0765444281514],[-86.6573537823542,36.0777151393404],[-86.6571969576741,36.0778615908668],[-86.657212138865,36.0776104229508]],[[-86.6574065173977,36.0774885320162],[-86.6574062991791,36.0774621608221],[-86.657473977162,36.0774617917527],[-86.6574740680952,36.0774727796751],[-86.6575742317447,36.0774722333814],[-86.6575760448911,36.0773645339255],[-86.6574731769259,36.0773650949698],[-86.6574732496976,36.0773738883721],[-86.6574055536004,36.0773720593158],[-86.6574056263422,36.0773808500145],[-86.6573108590755,36.077379168522],[-86.6573117681891,36.0774890486498],[-86.6574065173977,36.0774885320162]],[[-86.6577301679466,36.0770142637807],[-86.6576570395313,36.077010267181],[-86.657646738215,36.0770740556686],[-86.6576629997137,36.0770761651849],[-86.6576578035804,36.0771025659176],[-86.6577146898819,36.0771066511292],[-86.65771474446,36.0771132437028],[-86.6577851833915,36.0771194522658],[-86.6577880003337,36.0771326226388],[-86.6578530066556,36.0771366634803],[-86.6578531522304,36.0771542439768],[-86.657945267173,36.0771625323884],[-86.6579579109177,36.0770547765109],[-86.657865814323,36.077048688938],[-86.6577980820864,36.0770424629499],[-86.6577979911089,36.0770314750266],[-86.6577248444839,36.0770252812438],[-86.6577301679466,36.0770142637807]],[[-86.657406350875,36.0771412981723],[-86.6574062417625,36.0771281121235],[-86.6574820598641,36.0771298968838],[-86.6574846755937,36.0771188941991],[-86.6575767358827,36.0771205894173],[-86.6575812590306,36.0770128778743],[-86.6574864922065,36.077011197421],[-86.6574840208634,36.0770397806095],[-86.6574082221472,36.0770401939698],[-86.6574082766999,36.0770467865438],[-86.6573378912988,36.0770471703405],[-86.6573357301041,36.0771131108374],[-86.6573492656413,36.0771130370345],[-86.657349483855,36.0771394100335],[-86.657406350875,36.0771412981723]]]},"properties":{"id":"100150","parcel":"149060A90000CO","address":"0 UNA ANTIOCH PIKE","owner":"O.I.C. CHINQUAPIN PHASE 1","point":[-86.65757103788054,36.077157451042545]}},{"type":"Feature","id":"101077","geometry":{"type":"Polygon","coordinates":[[[-86.6588811342386,36.0799723927124],[-86.6587302953654,36.079601943434],[-86.6587074568559,36.0795403485194],[-86.6587074306779,36.0795402711524],[-86.6586887144808,36.0794778488668],[-86.6586887029975,36.0794778029642],[-86.6586741285605,36.0794146235031],[-86.6586741181276,36.0794145703846],[-86.6586637405555,36.0793508533608],[-86.6586637287434,36.0793507678037],[-86.6586575741998,36.079286723975],[-86.6586556815163,36.0792336002119],[-86.6586570859999,36.0791726659616],[-86.6586570878841,36.0791726253937],[-86.6586570898056,36.0791725893319],[-86.6586570916226,36.0791725406529],[-86.6586623091765,36.0791117865552],[-86.658662317468,36.0791117153087],[-86.6586713333846,36.0790512432883],[-86.6586713471451,36.0790511620978],[-86.65868413625,36.0789911507448],[-86.6586841555615,36.078991069524],[-86.6587006846176,36.0789316623225],[-86.6587007127287,36.0789315711395],[-86.6587209364736,36.0788729341708],[-86.6587209690703,36.078872848371],[-86.6587448386648,36.0788151179936],[-86.6587448746594,36.0788150402867],[-86.658772331355,36.0787583628269],[-86.6587723532082,36.0787583203473],[-86.6588033402535,36.0787028150818],[-86.6589139123444,36.0785174410166],[-86.6589213965235,36.0785072507877],[-86.6589309113954,36.0784982670898],[-86.6589421495188,36.0784907700987],[-86.6589421892923,36.078490746448],[-86.6589422191336,36.0784907300618],[-86.6589422611425,36.0784907082014],[-86.6589549066924,36.0784849042336],[-86.6589686643403,36.0784809273911],[-86.6589830446342,36.0784789326654],[-86.6589976383162,36.0784789718639],[-86.6590119379061,36.0784810342413],[-86.6590119868378,36.0784810438879],[-86.6590120213144,36.0784810509098],[-86.6590120691509,36.0784810623649],[-86.6590257434161,36.0784851028654],[-86.6590747678182,36.0785029668379],[-86.6591243705898,36.0785197478939],[-86.6591762791322,36.0785359602321],[-86.6592599252184,36.0785591894198],[-86.6593447444465,36.0785794198811],[-86.6594305754822,36.0785966110369],[-86.6595172526241,36.0786107313455],[-86.659604609098,36.0786217537778],[-86.6599216024173,36.0786507869592],[-86.6598558934315,36.0790920577305],[-86.6598514367316,36.079125871141],[-86.6595691700919,36.0799158353528],[-86.6593461308376,36.0800162746284],[-86.6589720575489,36.0801630808137],[-86.6589562845514,36.0801337420182],[-86.6589166095907,36.0800537115469],[-86.6588811342386,36.0799723927124]],[[-86.6595287206767,36.0795692528499],[-86.6595312084936,36.0795428668656],[-86.6595176725444,36.0795429409134],[-86.6595280091604,36.0794835467491],[-86.6594142340832,36.0794753780091],[-86.6594066041287,36.0795347573593],[-86.6594011906378,36.0795347869682],[-86.6593934512295,36.0795809811788],[-86.6593880399558,36.0795810107749],[-86.659382969685,36.0796227939387],[-86.6593884047572,36.0796249624361],[-86.6593833709652,36.0796711409458],[-86.6593887877961,36.0796711113195],[-86.6593811373464,36.079728293455],[-86.659494912775,36.0797364613245],[-86.6595025791708,36.0796814773179],[-86.6595161151437,36.0796814032717],[-86.6595186394571,36.0796594126346],[-86.6594915127917,36.0796529681572],[-86.6594940553511,36.079633174743],[-86.6594966172521,36.0796155776439],[-86.6595209813168,36.0796154443646],[-86.6595261770103,36.07958904537],[-86.659499086856,36.0795869962405],[-86.6595016487693,36.0795694009435],[-86.6595287206767,36.0795692528499]],[[-86.659098330977,36.0794809674307],[-86.6591032704312,36.079423801033],[-86.6590897345019,36.0794238750328],[-86.659094693298,36.0793689058514],[-86.6589809548885,36.079365132049],[-86.6589814106076,36.07942007163],[-86.6589868252011,36.0794200420339],[-86.658984574181,36.0794749964092],[-86.658979633513,36.0795321610048],[-86.6589742189118,36.0795321906006],[-86.6589720032507,36.0795915430304],[-86.6590857431091,36.0795953186375],[-86.6590906643282,36.0795359523156],[-86.6590960789296,36.0795359227146],[-86.659098330977,36.0794809674307]],[[-86.6595090383835,36.0794009661318],[-86.6596391118585,36.0794156357725],[-86.6596416178855,36.0793914479088],[-86.6596199058924,36.0793849738341],[-86.6596224484113,36.0793651804159],[-86.659646829518,36.0793672425374],[-86.6596547523645,36.0793430268375],[-86.6596276440397,36.0793387796129],[-86.6596301876729,36.0793189870895],[-86.6596653990639,36.0793209917529],[-86.6596706129274,36.0792967890716],[-86.6596407967701,36.0792925566664],[-86.659643340376,36.0792727614388],[-86.6596731371859,36.0792747984293],[-86.6596783510366,36.0792505948462],[-86.6596485360064,36.0792463624367],[-86.6596510785212,36.0792265699185],[-86.6595535099373,36.0792139170895],[-86.659543065023,36.079260126115],[-86.6595299089329,36.0793063517731],[-86.65952217293,36.0793525432726],[-86.6595167594514,36.0793525728866],[-86.6595090383835,36.0794009661318]],[[-86.6589756923535,36.0792488379182],[-86.6589942964792,36.0792069798911],[-86.6589888636742,36.0792048122647],[-86.6590101209387,36.0791563468636],[-86.6590019813967,36.0791541931321],[-86.6590233104519,36.0791145184283],[-86.6589283223621,36.0790864679283],[-86.6589176390343,36.079104107602],[-86.6588932193379,36.0790976481955],[-86.6588852802961,36.0791196684142],[-86.6589097182298,36.0791283259464],[-86.6588963646142,36.0791503757584],[-86.6588719448978,36.0791439154464],[-86.6588612980022,36.0791659504619],[-86.6588938754885,36.0791767617382],[-86.6588832297048,36.0791987967493],[-86.6588587917522,36.0791901392119],[-86.6588508526916,36.0792121594279],[-86.6588752713095,36.0792186188488],[-86.6588619176692,36.0792406686564],[-86.6588402057809,36.0792341944411],[-86.658829541753,36.0792540322244],[-86.6589625392434,36.0792950607926],[-86.6589838512405,36.0792531888682],[-86.6589756923535,36.0792488379182]],[[-86.6596078818107,36.0789632402091],[-86.6595833708523,36.0789457903216],[-86.6595618596972,36.0789634919961],[-86.6595427998,36.0789504078252],[-86.6595291544843,36.0789372958333],[-86.6595452693515,36.0789218246137],[-86.6595180334703,36.0789021940999],[-86.6595019186092,36.0789176662171],[-86.6594501900921,36.0788827857053],[-86.6593830581008,36.0789490833868],[-86.6594347866315,36.0789839639269],[-86.6594294267895,36.078990586113],[-86.659475686068,36.0790189027801],[-86.6594783563171,36.0790144935283],[-86.6595219271389,36.0790450222064],[-86.6595245973788,36.0790406120524],[-86.6595817588434,36.079077660131],[-86.6596488907776,36.0790113623408],[-86.6595917475794,36.0789765124176],[-86.659597074931,36.0789721300847],[-86.6596078818107,36.0789632402091]],[[-86.6590293610961,36.0790029852038],[-86.6590940966373,36.0789740607153],[-86.6590968580579,36.0789806384879],[-86.6591481124133,36.0789583814406],[-86.6591508556298,36.0789627646927],[-86.6592021077157,36.0789405049309],[-86.6591938792459,36.0789273641841],[-86.6592559250722,36.0789006525381],[-86.6592038695596,36.0788262155918],[-86.6591445304961,36.0788529124129],[-86.6591363351741,36.0788441661261],[-86.6591093364448,36.0788531048262],[-86.6591203478794,36.0788750214572],[-86.6590987636947,36.0788839305525],[-86.6590744716639,36.0788928535459],[-86.6590607899796,36.0788753470547],[-86.6590338094584,36.0788864829608],[-86.6590393151668,36.0788974412798],[-86.6589772692701,36.0789241528144],[-86.6590293610961,36.0790029852038]]]},"properties":{"id":"101077","parcel":"149020C90000CO","address":"0 ELIZABETHS CT","owner":"O.I.C. STERLING WOOD","point":[-86.65909373881045,36.07932831462494]}},{"type":"Feature","id":"101409","geometry":{"type":"Polygon","coordinates":[[[-86.6579534451253,36.0802084887847],[-86.6577658463972,36.0801128140556],[-86.6575870324817,36.0801379645475],[-86.6574991379701,36.0801494323339],[-86.6572331065368,36.0801860454286],[-86.6570930947378,36.080206225794],[-86.6570883813758,36.0799955879965],[-86.6571143076943,36.0795295342359],[-86.6571284054555,36.0792701328327],[-86.6571402723308,36.0790678811602],[-86.6571945178163,36.0780984049092],[-86.6578172612965,36.0775758256754],[-86.657827692425,36.0775683512153],[-86.6578394630105,36.0775626792176],[-86.6578522163849,36.0775586421875],[-86.6578656103763,36.0775563483429],[-86.6578792846692,36.0775558600357],[-86.6578928751921,36.0775571882655],[-86.65790601639,36.0775602989757],[-86.6579183556275,36.0775651093707],[-86.6579295777935,36.0775716437024],[-86.6579391182516,36.0775795580593],[-86.6585392564716,36.0781278995729],[-86.6585948603277,36.0781758080523],[-86.6586534519968,36.0782213090843],[-86.6587148750101,36.0782642782412],[-86.6587789641053,36.0783046019594],[-86.6587898546469,36.0783119599911],[-86.6588039016856,36.0783203904216],[-86.6588045410226,36.0783207708736],[-86.6588117207324,36.0783255453808],[-86.6588182126986,36.0783309302079],[-86.6588254963251,36.0783387297465],[-86.6588313395905,36.0783472906267],[-86.6588356244721,36.0783564386453],[-86.6588382639356,36.078365987713],[-86.6588392042008,36.0783757452495],[-86.6588383093114,36.0783861860717],[-86.6588354695406,36.078396395979],[-86.6588307506377,36.0784061366738],[-86.6586872253529,36.0786454322894],[-86.6583976710634,36.0785169131524],[-86.6584748857441,36.0783604526847],[-86.6585041539193,36.0782987578692],[-86.658247405559,36.0780254486481],[-86.6581354109409,36.0779051874909],[-86.6578109369553,36.0779531120709],[-86.6577568669942,36.0779621954743],[-86.6575644266976,36.0782621307324],[-86.6574120820067,36.0785003120724],[-86.6573452759435,36.0786061658566],[-86.6572463630989,36.0787583447189],[-86.6572036147142,36.0788267064706],[-86.6572016704189,36.0789190199308],[-86.6571976386018,36.0790860663437],[-86.6571911523155,36.0792838931459],[-86.6571874840409,36.0794948912131],[-86.6571830692892,36.0796157878167],[-86.6572732791266,36.0797207828219],[-86.6574564256297,36.0799329622879],[-86.6576023487626,36.0801044101536],[-86.6577804910138,36.0800798130841],[-86.6579265008958,36.0799576922996],[-86.6579613737269,36.0799800547298],[-86.6579987049923,36.0799996304922],[-86.6580381545739,36.0800162411849],[-86.6580793692762,36.0800297382197],[-86.6579831767647,36.0802235329282],[-86.6579534451253,36.0802084887847]]]},"properties":{"id":"101409","parcel":"149020D90000CO","address":"0 UNA ANTIOCH PIKE","owner":"PICCADILLY SQUARE HOMEOWNERS ASSOCIATION","point":[-86.65717691758232,36.078872789620476]}},{"type":"Feature","id":"110542","geometry":{"type":"Polygon","coordinates":[[[-86.6497993642673,36.0775431716022],[-86.6499193659567,36.0774382510871],[-86.6496910226889,36.0771500355921],[-86.64976381689,36.0771163283407],[-86.649763921983,36.0771162818089],[-86.6498385883721,36.0770856062435],[-86.650030781181,36.0774009709877],[-86.6502037854138,36.0773692701318],[-86.650409241371,36.0773329993097],[-86.650625502492,36.0772944715997],[-86.6508579729621,36.0772514604455],[-86.6510982221045,36.0771666513976],[-86.6512922574502,36.0770999477119],[-86.6512825719359,36.0771568645408],[-86.6512412717069,36.0774026794259],[-86.6517035036847,36.07753852639],[-86.6516849366839,36.0775849237414],[-86.6512316897083,36.0774722334443],[-86.6512261136147,36.077700273142],[-86.6512209917984,36.0779011142323],[-86.6512167056711,36.0780799748758],[-86.6512120798241,36.0782591113355],[-86.6511260543979,36.0783738556378],[-86.6510761686346,36.0784397806301],[-86.6508663496668,36.0784804716647],[-86.6506541612852,36.0785211760214],[-86.6504406238155,36.0785624352602],[-86.6502284372467,36.0786034137453],[-86.650017266303,36.0786443854781],[-86.6498296255275,36.0786660002954],[-86.6496419813192,36.0786876148383],[-86.6496508141614,36.0790639211427],[-86.6496452926948,36.0790637769485],[-86.6496420666625,36.0790636933887],[-86.6496085033304,36.0790627773826],[-86.6496081305295,36.0786861487984],[-86.6494060429657,36.078679271114],[-86.6491924479738,36.0786721801665],[-86.6490055927508,36.0786657686665],[-86.6490095282669,36.0786503635278],[-86.6488520992057,36.0786006644129],[-86.6486892389653,36.0785487960936],[-86.6486675280952,36.0785423200452],[-86.6486585519635,36.0785405991276],[-86.6487438973336,36.0784659807621],[-86.6488950267644,36.0783338481792],[-86.6490448559757,36.0782028517041],[-86.6491947089408,36.0780718332774],[-86.6493470792544,36.0779386136912],[-86.6494981570804,36.0778065247653],[-86.6496468477494,36.0776765205506],[-86.6497993642673,36.0775431716022]]]},"properties":{"id":"110542","parcel":"149030A90000CO","address":"0 CLAPHAM RD","owner":"CHELSEA VILLAGE HOMEOWNERS ASSOCIATION","point":[-86.65020508218514,36.078075906516226]}},{"type":"Feature","id":"168313","geometry":{"type":"Polygon","coordinates":[[[-86.6500438333713,36.0736845351313],[-86.6500939447487,36.0736524136243],[-86.6501590808394,36.0737193817628],[-86.6501078374328,36.0737522295249],[-86.6500438333713,36.0736845351313]]]},"properties":{"id":"168313","parcel":"149070E11100CO","address":"1634 MOUNTAIN ASH LN","owner":"ATU, ALEXANDRA","point":[-86.65010122147717,36.07370195777303]}},{"type":"Feature","id":"168314","geometry":{"type":"Polygon","coordinates":[[[-86.6502740324042,36.0735295187921],[-86.6503258017717,36.0734963923271],[-86.6503926559367,36.0735691210778],[-86.6503395943878,36.0736030747079],[-86.6502740324042,36.0735295187921]]]},"properties":{"id":"168314","parcel":"149070E11800CO","address":"1642 MOUNTAIN ASH LN","owner":"THOMPSON-ELAZAR, KATHLEEN MARY","point":[-86.65033306885427,36.073549319146444]}},{"type":"Feature","id":"168480","geometry":{"type":"Polygon","coordinates":[[[-86.6499622976173,36.0730938774324],[-86.6500737860591,36.0730839317942],[-86.6500810553841,36.0731376369124],[-86.6499695290209,36.0731472988577],[-86.6499622976173,36.0730938774324]]]},"properties":{"id":"168480","parcel":"149070E11600CO","address":"1639 MOUNTAIN ASH LN","owner":"MENA, MIA ANN & JORGE LUIS","point":[-86.65002167659674,36.073115757187395]}},{"type":"Feature","id":"168486","geometry":{"type":"Polygon","coordinates":[[[-86.650353357387,36.0731257881375],[-86.65046195708,36.0731184155616],[-86.6504678211086,36.0731712999623],[-86.6503592764533,36.0731791661484],[-86.650353357387,36.0731257881375]]]},"properties":{"id":"168486","parcel":"149070E12300CO","address":"1652 MOUNTAIN ASH LN","owner":"DAVENPORT, DEVIN FRANKLIN","point":[-86.6504105893112,36.07314854406375]}},{"type":"Feature","id":"168494","geometry":{"type":"Polygon","coordinates":[[[-86.650371281137,36.0732874137912],[-86.6504798391246,36.0732796664925],[-86.6504855664747,36.073331312366],[-86.6503770288093,36.0733392452237],[-86.650371281137,36.0732874137912]]]},"properties":{"id":"168494","parcel":"149070E12000CO","address":"1646 MOUNTAIN ASH LN","owner":"YOUSSEF, MAHER","point":[-86.65042842375112,36.07330936309206]}},{"type":"Feature","id":"168519","geometry":{"type":"Polygon","coordinates":[[[-86.6502240388789,36.0735615072517],[-86.6502740324042,36.0735295187921],[-86.6503395943878,36.0736030747079],[-86.6502911116793,36.0736340960808],[-86.6502240388789,36.0735615072517]]]},"properties":{"id":"168519","parcel":"149070E11700CO","address":"1640 MOUNTAIN ASH LN","owner":"RAMIREZ, BRYAN & CONTRERAS, DALILA AMEZCUA","point":[-86.65028215535264,36.073582291982014]}},{"type":"Feature","id":"168643","geometry":{"type":"Polygon","coordinates":[[[-86.649976870365,36.0732015371514],[-86.6500885172648,36.0731927578057],[-86.6500957913528,36.0732464998487],[-86.6499841101047,36.0732550252244],[-86.649976870365,36.0732015371514]]]},"properties":{"id":"168643","parcel":"149070E11200CO","address":"1635 MOUNTAIN ASH LN","owner":"ANDINA, MALIK","point":[-86.65003633086334,36.07322401851482]}},{"type":"Feature","id":"168674","geometry":{"type":"Polygon","coordinates":[[[-86.6503653704379,36.0732341105433],[-86.6504737917546,36.0732251373428],[-86.6504798391246,36.0732796664925],[-86.650371281137,36.0732874137912],[-86.6503653704379,36.0732341105433]]]},"properties":{"id":"168674","parcel":"149070E12100CO","address":"1648 MOUNTAIN ASH LN","owner":"WATSON, AKOYE JARYAN DIAMONTE","point":[-86.65042260462815,36.073256888531105]}},{"type":"Feature","id":"168679","geometry":{"type":"Polygon","coordinates":[[[-86.6503592764533,36.0731791661484],[-86.6504678211086,36.0731712999623],[-86.6504737917546,36.0732251373428],[-86.6503653704379,36.0732341105433],[-86.6503592764533,36.0731791661484]]]},"properties":{"id":"168679","parcel":"149070E12200CO","address":"1650 MOUNTAIN ASH LN","owner":"GLAUCH, DEREK JON & BEARER, ALLISON JEAN","point":[-86.65041653422112,36.0732021517596]}},{"type":"Feature","id":"168688","geometry":{"type":"Polygon","coordinates":[[[-86.6481634428905,36.0743172505929],[-86.6478929424347,36.0742658814716],[-86.6478672648003,36.0741462527236],[-86.6478373859259,36.074027267527],[-86.6478033321717,36.0739090248781],[-86.6477651309778,36.0737916201618],[-86.6477228131218,36.0736751496461],[-86.647676412696,36.0735597077783],[-86.6476259693504,36.0734453898765],[-86.6475715227121,36.073332288555],[-86.6474211685394,36.0730259583694],[-86.6472675237287,36.0727207064565],[-86.6471868009627,36.0726009053015],[-86.6471025202332,36.0724827310753],[-86.6470524667058,36.0724155478416],[-86.6469998744516,36.0723471587783],[-86.64698828702,36.0723323768619],[-86.6469012107574,36.072232116945],[-86.6468110697499,36.0721336588467],[-86.6467179200228,36.0720370653493],[-86.6466218197839,36.0719423947172],[-86.646522828372,36.0718497079124],[-86.6464210106537,36.0717590631633],[-86.6463164281422,36.0716705160125],[-86.6460069128851,36.0713981872555],[-86.6459440376985,36.0713363618841],[-86.6458833822898,36.0712730906471],[-86.6458758220622,36.0712631215195],[-86.6458704571148,36.071252255571],[-86.6458674432072,36.071240807416],[-86.6458668674254,36.0712291109635],[-86.6458687491672,36.0712175040904],[-86.6458730301226,36.0712063250894],[-86.645879587485,36.0711958990797],[-86.6458882316578,36.0711865290062],[-86.6458987095121,36.0711784866092],[-86.6459417764626,36.0711506712209],[-86.6459833491346,36.0711257271963],[-86.6460270000272,36.0711032433342],[-86.6460725069259,36.0710833334834],[-86.6461210990044,36.0710656152194],[-86.6461711581411,36.0710508317567],[-86.6462224163236,36.0710390620403],[-86.6462745976444,36.0710303697365],[-86.6463274227198,36.071024800505],[-86.6463806076015,36.0710223847083],[-86.6464338682018,36.0710231355861],[-86.6464869180737,36.0710270492669],[-86.647691308991,36.0711523399047],[-86.6476935478725,36.0711525730241],[-86.6481742443325,36.0722549462859],[-86.6485099901122,36.0726709656969],[-86.6485103253066,36.0726708196886],[-86.6486306224965,36.0728166965204],[-86.6489284099726,36.0731763058738],[-86.6493649853108,36.0733597947226],[-86.6493926854758,36.0733714369742],[-86.6498763086622,36.0731325382305],[-86.6498480271569,36.0727053318195],[-86.6494488098286,36.072225503932],[-86.6495616000907,36.0716139542901],[-86.6513326842159,36.071797795999],[-86.6512813490305,36.0721060855239],[-86.6512733837452,36.0721539235312],[-86.6512632760953,36.0722418864597],[-86.651196857528,36.0727257369442],[-86.6511048102648,36.0733855405499],[-86.6510486779703,36.0738034047142],[-86.651020868613,36.0740024460729],[-86.6504830022768,36.0741064426396],[-86.6499178476066,36.0741842124245],[-86.6486438839733,36.0743185393097],[-86.6482907624233,36.0743275544016],[-86.6481634428905,36.0743172505929]],[[-86.6493308796787,36.0739172298825],[-86.649398752022,36.0739141153749],[-86.6494655278887,36.0739110508992],[-86.6495297412518,36.0739081038404],[-86.6495239574196,36.0738250341612],[-86.649457369177,36.0738280895475],[-86.6493881773722,36.0738312643717],[-86.6493231317236,36.0738342491858],[-86.6492537567918,36.0738374321294],[-86.6492595403497,36.0739205027225],[-86.6493308796787,36.0739172298825]],[[-86.6491909418608,36.0738275498829],[-86.6491289150701,36.0738145278021],[-86.6490662277058,36.0738013668436],[-86.6489988772992,36.0737872278304],[-86.6489351090108,36.0737738400925],[-86.6488674372502,36.0737596333371],[-86.6488028705113,36.0737460776824],[-86.6487774187981,36.0738259753498],[-86.6488430543316,36.0738397550925],[-86.6489059652201,36.0738529627316],[-86.6489702429082,36.0738664567977],[-86.6490374265593,36.0738805606736],[-86.6491030733066,36.0738943429185],[-86.6491654905043,36.0739074467294],[-86.6491909418608,36.0738275498829]],[[-86.6499407931546,36.0737505850187],[-86.6498874578902,36.0737847742555],[-86.6499525939154,36.0738517425035],[-86.6500035381548,36.0738190865923],[-86.6500570489995,36.0737847854999],[-86.6501078374328,36.0737522295249],[-86.6501590808394,36.0737193817628],[-86.6500939447487,36.0736524136243],[-86.6500438333713,36.0736845351313],[-86.6499960599854,36.0737151577979],[-86.6499407931546,36.0737505850187]],[[-86.6502377408093,36.0736682478129],[-86.6502911116793,36.0736340960808],[-86.6503395943878,36.0736030747079],[-86.6503926559367,36.0735691210778],[-86.6504425179701,36.0735372161754],[-86.6503733456187,36.0734659699484],[-86.6503258017717,36.0734963923271],[-86.6502740324042,36.0735295187921],[-86.6502240388789,36.0735615072517],[-86.6501679003606,36.0735974295777],[-86.6501150065545,36.0736312740497],[-86.6501841788181,36.0737025204222],[-86.6502377408093,36.0736682478129]],[[-86.6494234862953,36.073611513917],[-86.6494892667198,36.0736071722656],[-86.6495561878038,36.0736027550335],[-86.6496281897357,36.0735980021465],[-86.6496973599648,36.0735934366222],[-86.6496888698235,36.0735086636869],[-86.6496180108543,36.0735133401516],[-86.6495490315476,36.0735178937866],[-86.6494817543464,36.0735223336633],[-86.6494156511005,36.0735266968784],[-86.649346890352,36.0735312347997],[-86.6493553801456,36.0736160095613],[-86.6494234862953,36.073611513917]],[[-86.6492322539165,36.0735141600756],[-86.6491629626949,36.0734996999348],[-86.649102331361,36.0734870461607],[-86.6490349663277,36.0734729874607],[-86.6489682174222,36.0734590578947],[-86.6489020212404,36.0734452424832],[-86.6488759144214,36.0735276880218],[-86.6489421796143,36.0735415174967],[-86.6490072593279,36.0735550982548],[-86.6490752238493,36.0735692826258],[-86.649136396827,36.0735820488611],[-86.6492010851568,36.0735955487044],[-86.6492720023584,36.073610348862],[-86.6492981087935,36.0735279032393],[-86.6492322539165,36.0735141600756]],[[-86.6485043125279,36.0734511265242],[-86.6484625408988,36.0734144771021],[-86.6484153091256,36.0733730369816],[-86.6483717719267,36.0733348369063],[-86.6483223429785,36.0732914681075],[-86.6482408170382,36.0733527069649],[-86.6482857888199,36.07339216387],[-86.6483312247111,36.0734320292465],[-86.6483771023336,36.0734722815835],[-86.6484227854466,36.073512364607],[-86.6485043125279,36.0734511265242]],[[-86.6482582243561,36.073198887203],[-86.6482230206706,36.0731554094202],[-86.6481856491914,36.0731092556616],[-86.648149651561,36.073064796124],[-86.6481135227684,36.0730201759511],[-86.6480190006816,36.0730706168819],[-86.6480540617816,36.0731139179384],[-86.6480904485337,36.0731588575974],[-86.6481252214858,36.0732018023731],[-86.6481626905559,36.073248078199],[-86.6482018318157,36.0732964188701],[-86.6482963529523,36.0732459787059],[-86.6482582243561,36.073198887203]],[[-86.6480470168356,36.0729589299992],[-86.6480085744833,36.0729148503823],[-86.6479692670312,36.0728697803881],[-86.6479313077699,36.07282625424],[-86.6478911957562,36.0727802602243],[-86.6478061388293,36.0728291485867],[-86.6478422332315,36.0728705361407],[-86.6478811450284,36.0729151540564],[-86.6479237427542,36.0729639989868],[-86.6479608066435,36.073006496179],[-86.6479978806739,36.0730490068243],[-86.6480829377183,36.0730001183291],[-86.6480470168356,36.0729589299992]],[[-86.6482511398065,36.0727962165315],[-86.6482897275854,36.0728412380311],[-86.6483265769458,36.0728842301687],[-86.6483672249368,36.0729316532936],[-86.648452537103,36.0728834607541],[-86.6484139783619,36.0728384743003],[-86.6483758298952,36.0727939660102],[-86.6483381062806,36.0727499538316],[-86.6482987092705,36.0727039894516],[-86.6482603883322,36.072659281066],[-86.6482240928134,36.0726169348511],[-86.6481387807948,36.072665127232],[-86.648175235459,36.0727076600828],[-86.6482114256254,36.0727498825012],[-86.6482511398065,36.0727962165315]],[[-86.6478096669305,36.0726782749394],[-86.6477862636692,36.0726313673265],[-86.6477608085855,36.0725803464699],[-86.647736336575,36.0725312968356],[-86.6477113307433,36.0724811757365],[-86.647684765186,36.0724279283547],[-86.6475810623478,36.0724620275714],[-86.6476071391515,36.0725142952042],[-86.6476319259693,36.0725639767741],[-86.6476567331163,36.0726136969844],[-86.6476816215835,36.0726635834894],[-86.6477069118813,36.0727142762793],[-86.6477318387661,36.0727642373729],[-86.6478355419266,36.0727301371276],[-86.6478096669305,36.0726782749394]],[[-86.6480037560091,36.0724630422435],[-86.6480283269508,36.0725122255843],[-86.6480526936363,36.0725609990333],[-86.6480787702239,36.0726131980683],[-86.6481798873347,36.0725799036528],[-86.6481551560144,36.072530399448],[-86.6481289372036,36.072477916388],[-86.6481049147262,36.0724298323857],[-86.6480807726557,36.0723815101815],[-86.6480551272923,36.0723301767604],[-86.6480289052391,36.0722776882865],[-86.6479277884497,36.0723109825778],[-86.6479534393488,36.0723623250089],[-86.6479791839804,36.0724138580019],[-86.6480037560091,36.0724630422435]],[[-86.6479419524535,36.0721909539824],[-86.6478907840785,36.0721547117698],[-86.6478374439018,36.0721169301011],[-86.6477889476938,36.0720825787941],[-86.6477334246097,36.0720432504935],[-86.6476647966876,36.0721071082032],[-86.6477181725055,36.0721449149923],[-86.6477644242952,36.0721776759088],[-86.6478181709316,36.0722157456377],[-86.6478698429216,36.0722523456867],[-86.6479211643346,36.0722886970414],[-86.6479897922149,36.0722248400898],[-86.6479419524535,36.0721909539824]],[[-86.6470771005721,36.0720584116949],[-86.6470232894008,36.0720197219014],[-86.6469750562752,36.0719850434936],[-86.6469255825172,36.0719494722455],[-86.6468738050307,36.0719122450666],[-86.6468196210889,36.0718732886002],[-86.6467422971366,36.0719441701652],[-86.6467953733201,36.07198233137],[-86.6468432981579,36.0720167888868],[-86.6468930153526,36.0720525337105],[-86.6469448979154,36.0720898369255],[-86.6469957855305,36.0721264244327],[-86.6470521506889,36.0721669499591],[-86.6471294756916,36.0720960681932],[-86.6470771005721,36.0720584116949]],[[-86.6467536273779,36.0718194918776],[-86.6467157285367,36.0717765616663],[-86.6466750296063,36.0717304604333],[-86.6466377874777,36.0716882756392],[-86.6465971749166,36.0716422721559],[-86.6465563405376,36.0715960165881],[-86.6464682017335,36.0716472999357],[-86.6465089710918,36.071693481075],[-86.646548001487,36.0717376932137],[-86.6465867775657,36.0717816164911],[-86.6466264758507,36.0718265829994],[-86.6466623611105,36.0718672311792],[-86.6467070334301,36.0719178346316],[-86.6467951723801,36.0718665511128],[-86.6467536273779,36.0718194918776]],[[-86.6471877758296,36.0716359871287],[-86.6472259912867,36.0716842357597],[-86.6472605589882,36.0717278785867],[-86.6473506006529,36.0716808736396],[-86.6473163256822,36.0716375996926],[-86.6472779980205,36.0715892092895],[-86.6472444679583,36.0715468776676],[-86.647205508867,36.071497690293],[-86.6471687472397,36.07145127697],[-86.6470787057349,36.0714982826852],[-86.647115997902,36.0715453664443],[-86.6471534998569,36.0715927131409],[-86.6471877758296,36.0716359871287]],[[-86.6464400686922,36.0714906341065],[-86.6464804882572,36.071452906008],[-86.6465254857591,36.0714109047014],[-86.6465679920397,36.0713712276253],[-86.6466149506583,36.071327396979],[-86.6466601948214,36.0712851653714],[-86.6465746110245,36.0712247338477],[-86.646528666096,36.0712676181049],[-86.6464829359776,36.0713103029099],[-86.6464402655113,36.0713501322523],[-86.6463952679914,36.0713921326264],[-86.6463548418148,36.0714298679425],[-86.6463095852837,36.0714721103144],[-86.6463951702556,36.0715325420167],[-86.6464400686922,36.0714906341065]],[[-86.6468769533198,36.0713160781294],[-86.6469231948248,36.0713557225143],[-86.6469689042092,36.0713949091822],[-86.6470139316804,36.0714335118571],[-86.6470627647835,36.071475377457],[-86.6471376320389,36.0714178207936],[-86.6470920164541,36.0713787129986],[-86.6470450750072,36.0713384694776],[-86.6470000542941,36.0712998739877],[-86.6469518205598,36.0712585215792],[-86.6468769533198,36.0713160781294]],[[-86.6472752422739,36.0717510627278],[-86.6472993488749,36.071803563629],[-86.6473213928663,36.0718515755015],[-86.6473446416911,36.0719022090369],[-86.6473678509788,36.0719527553553],[-86.647390990205,36.0720031470246],[-86.6474150280441,36.0720555013607],[-86.6475188100891,36.0720240939836],[-86.6474939697667,36.0719699972941],[-86.6474715153692,36.0719210926854],[-86.6474473046365,36.0718683652556],[-86.6474244016086,36.0718184851562],[-86.6474028560221,36.0717715620774],[-86.6473790228736,36.0717196563761],[-86.6472752422739,36.0717510627278]],[[-86.6483827874759,36.0729498710128],[-86.6484216665413,36.072997101746],[-86.6484573230189,36.0730404184115],[-86.6484935222365,36.0730843927859],[-86.6485302631078,36.0731290275783],[-86.6485669086944,36.073173544804],[-86.6486062948113,36.0732213910275],[-86.6486916889841,36.0731750635343],[-86.6486554503632,36.0731310407624],[-86.6486180579678,36.0730856181881],[-86.648580278739,36.0730397227079],[-86.6485437386119,36.072995333801],[-86.6485074283924,36.0729512239445],[-86.6484681792669,36.0729035436869],[-86.6483827874759,36.0729498710128]],[[-86.6498826364624,36.0733975728028],[-86.6498277130692,36.0734318048272],[-86.6497758989952,36.0734641003375],[-86.6497217984138,36.073497819555],[-86.6497832384893,36.0735627853411],[-86.6498378416635,36.0735287524453],[-86.6498887831531,36.0734970014806],[-86.6499422308613,36.0734636885805],[-86.6499959535652,36.0734302047325],[-86.650049915909,36.0733965708564],[-86.6499884757365,36.0733316043024],[-86.6499358013317,36.0733644353764],[-86.6498826364624,36.0733975728028]],[[-86.6504798391246,36.0732796664925],[-86.6504737917546,36.0732251373428],[-86.6504678211086,36.0731712999623],[-86.65046195708,36.0731184155616],[-86.6504562957104,36.0730673668782],[-86.6503477583953,36.0730752988087],[-86.650353357387,36.0731257881375],[-86.6503592764533,36.0731791661484],[-86.6503653704379,36.0732341105433],[-86.650371281137,36.0732874137912],[-86.6503770288093,36.0733392452237],[-86.6504855664747,36.073331312366],[-86.6504798391246,36.0732796664925]],[[-86.6500957913528,36.0732464998487],[-86.6500885172648,36.0731927578057],[-86.6500810553841,36.0731376369124],[-86.6500737860591,36.0730839317942],[-86.6499622976173,36.0730938774324],[-86.6499695290209,36.0731472988577],[-86.649976870365,36.0732015371514],[-86.6499841101047,36.0732550252244],[-86.6499913946794,36.0733088357134],[-86.6501028834117,36.0732988891474],[-86.6500957913528,36.0732464998487]],[[-86.6497682725459,36.0738123695341],[-86.6496972367164,36.073816358418],[-86.6496324784057,36.0738199943783],[-86.6495641968201,36.0738238286429],[-86.649571274149,36.0739069066724],[-86.6496398920424,36.0739030534676],[-86.6497059642899,36.0738993428263],[-86.6497749217446,36.0738954714914],[-86.6498402072048,36.0738918046737],[-86.6498331284933,36.0738087275669],[-86.6497682725459,36.0738123695341]]]},"properties":{"id":"168688","parcel":"149070E90000CO","address":"2214 EDGE O LAKE DR","owner":"O.I.C. CANYON RIDGE PHASE 3 AM","point":[-86.65051459489138,36.07268150990747]}},{"type":"Feature","id":"168729","geometry":{"type":"Polygon","coordinates":[[[-86.6499960599854,36.0737151577979],[-86.6500438333713,36.0736845351313],[-86.6501078374328,36.0737522295249],[-86.6500570489995,36.0737847854999],[-86.6499960599854,36.0737151577979]]]},"properties":{"id":"168729","parcel":"149070E10900CO","address":"1632 MOUNTAIN ASH LN","owner":"APPIAH, JOHN K & ASIEDU, ANITA","point":[-86.6500513063328,36.07373369179889]}},{"type":"Feature","id":"168734","geometry":{"type":"Polygon","coordinates":[[[-86.6503258017717,36.0734963923271],[-86.6503733456187,36.0734659699484],[-86.6504425179701,36.0735372161754],[-86.6503926559367,36.0735691210778],[-86.6503258017717,36.0734963923271]]]},"properties":{"id":"168734","parcel":"149070E11900CO","address":"1644 MOUNTAIN ASH LN","owner":"FIKRE, EYOEAL & ALLEN, CHELSEY","point":[-86.65038363406985,36.07351680273175]}},{"type":"Feature","id":"169207","geometry":{"type":"Polygon","coordinates":[[[-86.6501150065545,36.0736312740497],[-86.6501679003606,36.0735974295777],[-86.6502377408093,36.0736682478129],[-86.6501841788181,36.0737025204222],[-86.6501150065545,36.0736312740497]]]},"properties":{"id":"169207","parcel":"149070E11300CO","address":"1636 MOUNTAIN ASH LN","owner":"SUAREZ, BLANCE","point":[-86.65017623277161,36.07364976053573]}},{"type":"Feature","id":"169215","geometry":{"type":"Polygon","coordinates":[[[-86.6499695290209,36.0731472988577],[-86.6500810553841,36.0731376369124],[-86.6500885172648,36.0731927578057],[-86.649976870365,36.0732015371514],[-86.6499695290209,36.0731472988577]]]},"properties":{"id":"169215","parcel":"149070E11400CO","address":"1637 MOUNTAIN ASH LN","owner":"WILLIAMS, TAMERA LASHAUN","point":[-86.65002902292177,36.0731700283458]}},{"type":"Feature","id":"169219","geometry":{"type":"Polygon","coordinates":[[[-86.6499841101047,36.0732550252244],[-86.6500957913528,36.0732464998487],[-86.6501028834117,36.0732988891474],[-86.6499913946794,36.0733088357134],[-86.6499841101047,36.0732550252244]]]},"properties":{"id":"169219","parcel":"149070E11000CO","address":"1633 MOUNTAIN ASH LN","owner":"AFFOUMOU, JEANNE ANNICK & YATTE, ARMAND","point":[-86.65004349678253,36.073276957200676]}},{"type":"Feature","id":"169232","geometry":{"type":"Polygon","coordinates":[[[-86.6503477583953,36.0730752988087],[-86.6504562957104,36.0730673668782],[-86.65046195708,36.0731184155616],[-86.650353357387,36.0731257881375],[-86.6503477583953,36.0730752988087]]]},"properties":{"id":"169232","parcel":"149070E12400CO","address":"1654 MOUNTAIN ASH LN","owner":"LARA, TERESA","point":[-86.65040485766363,36.07309685719853]}},{"type":"Feature","id":"169592","geometry":{"type":"Polygon","coordinates":[[[-86.6501679003606,36.0735974295777],[-86.6502240388789,36.0735615072517],[-86.6502911116793,36.0736340960808],[-86.6502377408093,36.0736682478129],[-86.6501679003606,36.0735974295777]]]},"properties":{"id":"169592","parcel":"149070E11500CO","address":"1638 MOUNTAIN ASH LN","owner":"PUMPHREY, KORTEZ D","point":[-86.6502300735906,36.07361576450134]}},{"type":"Feature","id":"213030","geometry":{"type":"Polygon","coordinates":[[[-86.6598220676924,36.0717596859819],[-86.6597532752274,36.0717169712825],[-86.6596856572871,36.0716730396942],[-86.6600776734663,36.0712862976418],[-86.6602216883351,36.0713514396039],[-86.6603004814053,36.0713861715807],[-86.659906066302,36.0718102883436],[-86.6598220676924,36.0717596859819]]]},"properties":{"id":"213030","parcel":"14906006400","address":"5032 COUNTRYSIDE DR","owner":"KING, GEORGE W., III","point":[-86.65999907351684,36.07152962306638]}},{"type":"Feature","id":"213033","geometry":{"type":"Polygon","coordinates":[[[-86.6566537639874,36.0765453889438],[-86.6570207460666,36.0760730838025],[-86.6571240871794,36.0761296608895],[-86.6574177795382,36.0762884904529],[-86.6573318834907,36.076458730479],[-86.6572952542951,36.0765309047104],[-86.6567248381321,36.0766285136048],[-86.6567180362011,36.0766084295555],[-86.6567071653175,36.0765895636709],[-86.6566925352261,36.076572451426],[-86.6566745630089,36.0765575853511],[-86.6566537639874,36.0765453889438]]]},"properties":{"id":"213033","parcel":"14906006700","address":"508 OAK FOREST CIR","owner":"MEZA, MARIA VALERIA HERNANDEZ & HERNANDEZ, STEPHANIA","point":[-86.65708168587653,36.07637277211611]}},{"type":"Feature","id":"213037","geometry":{"type":"Polygon","coordinates":[[[-86.6560478267484,36.0763563220276],[-86.6564473356979,36.076135545142],[-86.6565426455769,36.0765306101702],[-86.6565193014805,36.0765367677708],[-86.6564973299447,36.0765456496756],[-86.6564772112264,36.0765570640014],[-86.6564598030993,36.0765710916997],[-86.656445247037,36.076587118229],[-86.656433885197,36.0766047649918],[-86.6564259861523,36.0766236159372],[-86.6564217383046,36.0766432266097],[-86.6564212388713,36.0766631350244],[-86.6564232825064,36.0766745178931],[-86.6564269823823,36.0767029367725],[-86.6564228696194,36.076720488183],[-86.6564187681058,36.0767277108503],[-86.6564133839265,36.0767343555699],[-86.6564068390843,36.0767402729661],[-86.6563992779346,36.0767453315668],[-86.656390872722,36.0767494159713],[-86.6563818092293,36.0767524368425],[-86.6563722922769,36.0767543245676],[-86.6563623259856,36.0767550403691],[-86.6563523427804,36.0767545151977],[-86.656342573686,36.0767527604137],[-86.656333248863,36.0767498171242],[-86.6563245853727,36.0767457535464],[-86.6563167860744,36.0767406659143],[-86.6563100340304,36.0767346731018],[-86.6563044858215,36.0767279139555],[-86.6560899558943,36.0764150807121],[-86.6560478267484,36.0763563220276]]]},"properties":{"id":"213037","parcel":"14906006900","address":"865 DOVER GLEN DR","owner":"RH PARTNERS OWNERCO 2, LLC","point":[-86.65632902881623,36.07647288215159]}},{"type":"Feature","id":"213040","geometry":{"type":"Polygon","coordinates":[[[-86.6548568181385,36.0768945487416],[-86.6549297736061,36.0765491159125],[-86.6552385996496,36.0765738101883],[-86.6550656648423,36.0769417633402],[-86.6549967684522,36.0769239768677],[-86.6549271228488,36.0769082313211],[-86.6548568181385,36.0768945487416]]]},"properties":{"id":"213040","parcel":"14906007500","address":"612 OAK FOREST LN","owner":"KLEIN, CARL E. & CAROLYN","point":[-86.65502692760259,36.076734119808194]}},{"type":"Feature","id":"213206","geometry":{"type":"Polygon","coordinates":[[[-86.6596650905208,36.0700924620991],[-86.6599994094167,36.0698486115739],[-86.6601426462202,36.0700241920821],[-86.6597620919594,36.0702012667528],[-86.6597324035491,36.0701634762199],[-86.6597000320106,36.0701271658488],[-86.6596650905208,36.0700924620991]]]},"properties":{"id":"213206","parcel":"149100A02100CO","address":"2812 RADER RIDGE CT","owner":"SPIVEY, LUCY SOMERVILLE","point":[-86.65989045857984,36.07005828927984]}},{"type":"Feature","id":"213223","geometry":{"type":"Polygon","coordinates":[[[-86.659316331126,36.0708794963563],[-86.6593786931822,36.0708543294323],[-86.6594426582687,36.0708319711157],[-86.6595080360206,36.0708124909432],[-86.6595746281907,36.0707959449754],[-86.6596422375976,36.07078238386],[-86.6597106592149,36.0707718492751],[-86.6598358638901,36.0711799344195],[-86.6596288733347,36.071354684886],[-86.659316331126,36.0708794963563]]]},"properties":{"id":"213223","parcel":"14910001600","address":"2350 RADER RIDGE RD","owner":"STEVENS JOINT REV LIVING TRUST, THE","point":[-86.65960239668173,36.071029790359695]}},{"type":"Feature","id":"213676","geometry":{"type":"Polygon","coordinates":[[[-86.6589117856027,36.0723673470111],[-86.6592365915295,36.0720359182154],[-86.6592420238511,36.0720380858344],[-86.6595165547523,36.0721728409728],[-86.659175781673,36.072537324025],[-86.6590423848843,36.0724537672632],[-86.6589117856027,36.0723673470111]]]},"properties":{"id":"213676","parcel":"14906002000","address":"4952 PEBBLE CREEK DR","owner":"MORENO, MARIA G. & ALDAY, DAVID","point":[-86.65921636926366,36.07227010062748]}},{"type":"Feature","id":"213683","geometry":{"type":"Polygon","coordinates":[[[-86.6571071031346,36.074403468646],[-86.6571206973628,36.0743283979961],[-86.6571315207686,36.0742634286905],[-86.65714599841,36.0741989297605],[-86.6571641014296,36.0741350374556],[-86.6577496318722,36.0742307418034],[-86.6578018409711,36.0744873123117],[-86.6576876914228,36.0744739246935],[-86.6571071031346,36.074403468646]]]},"properties":{"id":"213683","parcel":"14906002600","address":"2524 TREETOP DR","owner":"LAZO, CARLOS TORRES & FERNANDO JOSE","point":[-86.65744468654468,36.074296824260585]}},{"type":"Feature","id":"213727","geometry":{"type":"Polygon","coordinates":[[[-86.6584383270769,36.0707678171128],[-86.6587850201307,36.0704648395889],[-86.6590939246842,36.0708279677095],[-86.659032090145,36.0708657468542],[-86.6589723774317,36.0709057116943],[-86.6589149002262,36.0709477822989],[-86.6588597733068,36.0709918769282],[-86.6588501008673,36.070999289666],[-86.6588390860638,36.071005342494],[-86.6588270140128,36.0710098779316],[-86.6588142012429,36.0710127779833],[-86.6588009801611,36.0710139651245],[-86.6587876969068,36.0710134113261],[-86.6587746946327,36.0710111300348],[-86.6587623157477,36.0710071788641],[-86.658750880854,36.0710016633147],[-86.6587406875402,36.0709947250648],[-86.6584383270769,36.0707678171128]]]},"properties":{"id":"213727","parcel":"14910001200","address":"5100 COUNTRYSIDE DR","owner":"BAIG, ADNAN","point":[-86.65876314767182,36.07061675980326]}},{"type":"Feature","id":"214219","geometry":{"type":"Polygon","coordinates":[[[-86.6597507937705,36.0723451768595],[-86.6595846489359,36.0722230150319],[-86.659834039824,36.0719381482716],[-86.6599350431355,36.0719935533004],[-86.660037469753,36.0720472109768],[-86.6601412717196,36.0720990954225],[-86.6598896152041,36.0724367200541],[-86.6597507937705,36.0723451768595]]]},"properties":{"id":"214219","parcel":"14906006100","address":"5029 COUNTRYSIDE DR","owner":"GAINES, TERENCE A. & CAROLYN D.","point":[-86.65986702331114,36.07216106708086]}},{"type":"Feature","id":"214220","geometry":{"type":"Polygon","coordinates":[[[-86.6567248381321,36.0766285136048],[-86.6572952542951,36.0765309047104],[-86.6572819552098,36.076559546932],[-86.6572577375518,36.0769047164396],[-86.6570904242018,36.0769693607815],[-86.6566012206729,36.0771606381578],[-86.6564655195186,36.0769627366186],[-86.6564595356924,36.0769519015547],[-86.6564559410871,36.0769403910392],[-86.6564548429196,36.0769285505803],[-86.6564562729731,36.0769167333073],[-86.6564601897579,36.0769052927482],[-86.6564664750765,36.0768945702305],[-86.656474941736,36.0768848876294],[-86.6564853367666,36.0768765338306],[-86.6566797800849,36.0767452370185],[-86.656693209897,36.0767319772203],[-86.6567058124349,36.0767168202238],[-86.6567156820631,36.0767003820708],[-86.6567226260485,36.0766829855692],[-86.6567265062145,36.0766649721564],[-86.6567272499904,36.0766466955304],[-86.6567248381321,36.0766285136048]]]},"properties":{"id":"214220","parcel":"14906006500","address":"500 OAK FOREST CIR","owner":"OAKWOOD HOMEOWNERS ASSOCIATION, INC.","point":[-86.6569233712531,36.07681186150104]}},{"type":"Feature","id":"214221","geometry":{"type":"Polygon","coordinates":[[[-86.6557119552674,36.076852539863],[-86.6556383918498,36.076795800537],[-86.6556299443217,36.0767562856467],[-86.6560359725117,36.0766187440729],[-86.6561891746869,36.0768421472295],[-86.6561948551891,36.0768522881689],[-86.6561984401617,36.0768630407672],[-86.6561998373483,36.076874123426],[-86.6561990088024,36.0768852434354],[-86.656195976528,36.0768961077593],[-86.6561918486718,36.0769047149295],[-86.65618633642,36.0769127942739],[-86.6561795373813,36.0769202001546],[-86.656171575906,36.076926798505],[-86.6561100784855,36.0769725307364],[-86.6560500861181,36.0770195625041],[-86.6559916418408,36.0770678620313],[-86.6557119552674,36.076852539863]]]},"properties":{"id":"214221","parcel":"14906007200","address":"868 DOVER GLEN DR","owner":"CARDONA, LILIAN CECILIA ARGUETA","point":[-86.6559476254063,36.07684651641122]}},{"type":"Feature","id":"214222","geometry":{"type":"Polygon","coordinates":[[[-86.6552585211527,36.0770198324213],[-86.655593482904,36.0766026478674],[-86.6556299443217,36.0767562856467],[-86.6556383918498,36.076795800537],[-86.6557119552674,36.076852539863],[-86.6554516871518,36.0771352576075],[-86.6553346835179,36.0770633721072],[-86.6552585211527,36.0770198324213]]]},"properties":{"id":"214222","parcel":"14906007300","address":"604 OAK FOREST LN","owner":"WARDLAW, CRAIG","point":[-86.65548030266103,36.076936172170775]}},{"type":"Feature","id":"214223","geometry":{"type":"Polygon","coordinates":[[[-86.6538629310533,36.0768537923746],[-86.6538709616948,36.0768427604013],[-86.6541522757365,36.0764852084713],[-86.6544802229563,36.0768592329906],[-86.6544609062818,36.0768715547191],[-86.6544444009294,36.0768863252854],[-86.6544311697739,36.07690312849],[-86.6544215864002,36.076921490936],[-86.6544159219,36.0769408965214],[-86.6538629310533,36.0768537923746]]]},"properties":{"id":"214223","parcel":"14906007800","address":"624 OAK FOREST LN","owner":"NEGUSSE, DEBESAI & KIDISTHANNA AAEFAW","point":[-86.65416070034115,36.07666441478607]}},{"type":"Feature","id":"214374","geometry":{"type":"Polygon","coordinates":[[[-86.6579907287812,36.0798566092595],[-86.6580538091966,36.0798198189851],[-86.6582393500287,36.0796671656573],[-86.6583720655846,36.0799341726905],[-86.6583084766744,36.0799425530382],[-86.6582700810707,36.0799452781593],[-86.6582315435282,36.0799448090036],[-86.6581932660098,36.0799411496855],[-86.658155647439,36.0799343394863],[-86.6581190814488,36.0799244492618],[-86.6580839508458,36.0799115832743],[-86.6580506197854,36.079895872927],[-86.6580194371703,36.0798774848567],[-86.6579907287812,36.0798566092595]]]},"properties":{"id":"214374","parcel":"149020D00700CO","address":"404 LONDON CT","owner":"TAKLA, MARK","point":[-86.65821202663649,36.07974367901543]}},{"type":"Feature","id":"214375","geometry":{"type":"Polygon","coordinates":[[[-86.6578133149368,36.0792211624403],[-86.6578553373344,36.0790648980256],[-86.6581780012404,36.0791246718719],[-86.6581788387442,36.0792257612524],[-86.6581793667296,36.0792894906312],[-86.6578133149368,36.0792211624403]]]},"properties":{"id":"214375","parcel":"149020D00900CO","address":"428 LONDON CT","owner":"WIN, CLIVE N. & SUSAN M.","point":[-86.6580024120646,36.079172936567936]}},{"type":"Feature","id":"214376","geometry":{"type":"Polygon","coordinates":[[[-86.6571874840409,36.0794948912131],[-86.6576556939817,36.0794684369947],[-86.657662171322,36.0795083995927],[-86.6576713415523,36.0795480140264],[-86.6576831748106,36.0795871596864],[-86.6576976368237,36.0796257195924],[-86.6572732791266,36.0797207828219],[-86.6571830692892,36.0796157878167],[-86.6571874840409,36.0794948912131]]]},"properties":{"id":"214376","parcel":"149020D02400CO","address":"421 LONDON CT","owner":"LUNA, MANUEL","point":[-86.65743621773545,36.079601482860774]}},{"type":"Feature","id":"214377","geometry":{"type":"Polygon","coordinates":[[[-86.6574564256297,36.0799329622879],[-86.657786447671,36.0798053172351],[-86.6578072773981,36.0798397361498],[-86.6578319213144,36.0798724524595],[-86.6578601717156,36.0799031878983],[-86.6578917877307,36.0799316815057],[-86.6579265008958,36.0799576922996],[-86.6577804910138,36.0800798130841],[-86.6576023487626,36.0801044101536],[-86.6574564256297,36.0799329622879]]]},"properties":{"id":"214377","parcel":"149020D02600CO","address":"413 LONDON CT","owner":"NEGASH, SHEMELES","point":[-86.65768861890847,36.07994531940029]}},{"type":"Feature","id":"214481","geometry":{"type":"Polygon","coordinates":[[[-86.6571641014296,36.0741350374556],[-86.6571833021191,36.0740762097741],[-86.6572054282505,36.0740180628311],[-86.6572304428707,36.0739606932635],[-86.6572583045485,36.0739041932262],[-86.6572889674504,36.0738486594042],[-86.6577099923814,36.0740199806294],[-86.6577496318722,36.0742307418034],[-86.6571641014296,36.0741350374556]]]},"properties":{"id":"214481","parcel":"14906002500","address":"2520 TREETOP DR","owner":"BLANCO, JULIO","point":[-86.65745484965764,36.07404811893335]}},{"type":"Feature","id":"214484","geometry":{"type":"Polygon","coordinates":[[[-86.6586286596957,36.0721754979713],[-86.6589509224569,36.071863862468],[-86.6592365915295,36.0720359182154],[-86.6589117856027,36.0723673470111],[-86.6588675334892,36.0723357222439],[-86.6586286596957,36.0721754979713]]]},"properties":{"id":"214484","parcel":"14906003800","address":"4956 PEBBLE CREEK DR","owner":"BANTON, MAUREEN V. & JAMES E.","point":[-86.65893452550695,36.07210571388604]}},{"type":"Feature","id":"214529","geometry":{"type":"Polygon","coordinates":[[[-86.6596288733347,36.071354684886],[-86.6598358638901,36.0711799344195],[-86.6600396313666,36.0712689246219],[-86.6600776734663,36.0712862976418],[-86.6596856572871,36.0716730396942],[-86.6595145633949,36.0715585972872],[-86.6594433910648,36.0715117360124],[-86.6596288733347,36.071354684886]]]},"properties":{"id":"214529","parcel":"14910000800","address":"5036 COUNTRYSIDE DR","owner":"PROGRESS RESIDENTIAL BORROWER 5, LLC","point":[-86.65973188173523,36.0714337663442]}},{"type":"Feature","id":"214533","geometry":{"type":"Polygon","coordinates":[[[-86.6583765184561,36.0714758119465],[-86.6587259030713,36.071170621734],[-86.658984700553,36.0713669991228],[-86.6586596230459,36.0716654643836],[-86.6584254976648,36.0715063115133],[-86.6583765184561,36.0714758119465]]]},"properties":{"id":"214533","parcel":"14910000900","address":"5045 COUNTRYSIDE DR","owner":"FRELIX, ARLESIA","point":[-86.65868213771519,36.07142141027289]}},{"type":"Feature","id":"215289","geometry":{"type":"Polygon","coordinates":[[[-86.6592365915295,36.0720359182154],[-86.6589509224569,36.071863862468],[-86.6589236891419,36.0718442317866],[-86.6592488874147,36.0715611545621],[-86.6592751058359,36.0715799606405],[-86.6593234539284,36.0716132888158],[-86.6594212238035,36.0716787450358],[-86.6595211010122,36.0717420689296],[-86.6592420238511,36.0720380858344],[-86.6592365915295,36.0720359182154]]]},"properties":{"id":"215289","parcel":"14906006300","address":"5037 COUNTRYSIDE DR","owner":"GUINN, ANDREW W. & TOMMY D.","point":[-86.65922771294522,36.07179316585006]}},{"type":"Feature","id":"215292","geometry":{"type":"Polygon","coordinates":[[[-86.6550656648423,36.0769417633402],[-86.6552385996496,36.0765738101883],[-86.655593482904,36.0766026478674],[-86.6552585211527,36.0770198324213],[-86.6552121731921,36.0769973999838],[-86.65516450094,36.0769768773296],[-86.6551156247333,36.0769583169787],[-86.6550656648423,36.0769417633402]]]},"properties":{"id":"215292","parcel":"14906007400","address":"608 OAK FOREST LN","owner":"BISHARA, ADEL A. & HANA, NADIA W.","point":[-86.65530132678694,36.07677212466406]}},{"type":"Feature","id":"215295","geometry":{"type":"Polygon","coordinates":[[[-86.6586596230459,36.0716654643836],[-86.658984700553,36.0713669991228],[-86.6592053307406,36.071530619367],[-86.6592473373845,36.0715600562639],[-86.6592488874147,36.0715611545621],[-86.6589236891419,36.0718442317866],[-86.6586895627051,36.0716850794359],[-86.6586596230459,36.0716654643836]]]},"properties":{"id":"215295","parcel":"14906008000","address":"5041 COUNTRYSIDE DR","owner":"ALKANANI, MAYTHEM AHMED","point":[-86.6589526852631,36.071613305368636]}},{"type":"Feature","id":"215565","geometry":{"type":"Polygon","coordinates":[[[-86.659175781673,36.072537324025],[-86.6595165547523,36.0721728409728],[-86.6595846489359,36.0722230150319],[-86.6597507937705,36.0723451768595],[-86.6594288240324,36.0726919763934],[-86.6592237402847,36.0725667301827],[-86.659175781673,36.072537324025]]]},"properties":{"id":"215565","parcel":"14906001900","address":"4948 PEBBLE CREEK DR","owner":"HEREFORD, ANDREW","point":[-86.65946360338144,36.07244125168555]}},{"type":"Feature","id":"215617","geometry":{"type":"Polygon","coordinates":[[[-86.6587850201307,36.0704648395889],[-86.6589543151266,36.0703144707996],[-86.6590843233665,36.0703640345042],[-86.6592041501396,36.0704098034667],[-86.6593609409453,36.0707100293446],[-86.6592914523064,36.0707352604734],[-86.659223667252,36.0707633789678],[-86.6591577649936,36.0707943090443],[-86.6590939246842,36.0708279677095],[-86.6587850201307,36.0704648395889]]]},"properties":{"id":"215617","parcel":"14910001300","address":"2373 RADER RIDGE RD","owner":"BAXTER, YVONNE & SANDRA D.","point":[-86.65909305634973,36.07058749191262]}},{"type":"Feature","id":"215621","geometry":{"type":"Polygon","coordinates":[[[-86.6592041501396,36.0704098034667],[-86.6595485153725,36.0701529875105],[-86.6595851994185,36.070188450553],[-86.6596187394603,36.0702259091034],[-86.659648971895,36.0702651801981],[-86.6596757474669,36.0703060708803],[-86.6596989357394,36.0703483817813],[-86.6597184239687,36.070391905324],[-86.6597341149072,36.0704364284382],[-86.6597459345813,36.0704817334198],[-86.6597538223079,36.0705275988864],[-86.6597577406862,36.0705737997229],[-86.6597539058333,36.0705859213321],[-86.6597478377783,36.0705974269693],[-86.659739680817,36.070608046361],[-86.6597296249619,36.070617533318],[-86.6597179048099,36.0706256630378],[-86.6597101754211,36.0706320242308],[-86.6596662364094,36.0706380328935],[-86.6596036863801,36.0706478809953],[-86.6595417538353,36.0706600329697],[-86.6594805684359,36.0706744619711],[-86.6594202553796,36.0706911384745],[-86.6593609409453,36.0707100293446],[-86.6592041501396,36.0704098034667]]]},"properties":{"id":"215621","parcel":"14910001400","address":"2369 RADER RIDGE RD","owner":"BAUGH, JOHN AMOS & UTA M.","point":[-86.65947020161036,36.070423119282516]}},{"type":"Feature","id":"215628","geometry":{"type":"Polygon","coordinates":[[[-86.659316331126,36.0708794963563],[-86.6596288733347,36.071354684886],[-86.6594433910648,36.0715117360124],[-86.6593181621445,36.0714267108354],[-86.6589912899772,36.0711823570186],[-86.6589818588133,36.07117402124],[-86.6589742255752,36.0711645490293],[-86.6589685944261,36.0711541952348],[-86.6589651164007,36.0711432339226],[-86.6589638838692,36.0711319602084],[-86.6589649292854,36.0711206731407],[-86.6589682251792,36.0711096747993],[-86.6589736840673,36.0710992594802],[-86.658981159496,36.0710897055789],[-86.6589904515245,36.0710812674482],[-86.6590393045336,36.0710422145855],[-86.6590905213934,36.0710052127151],[-86.6591439707563,36.0709703535819],[-86.6591995168205,36.0709377271525],[-86.6592570192766,36.0709074153067],[-86.659316331126,36.0708794963563]]]},"properties":{"id":"215628","parcel":"14910001500","address":"5040 COUNTRYSIDE DR","owner":"DEL ALFARO, ALEX A","point":[-86.65933923336414,36.071268604231456]}},{"type":"Feature","id":"215671","geometry":{"type":"Polygon","coordinates":[[[-86.6581788387442,36.0792257612524],[-86.6581780012404,36.0791246718719],[-86.6581797077231,36.0790037899946],[-86.6585351251041,36.0790483353843],[-86.6585267746778,36.0791082026048],[-86.6585218259649,36.0791683180222],[-86.6585202901323,36.0792285544953],[-86.6581788387442,36.0792257612524]]]},"properties":{"id":"215671","parcel":"149020D00300CO","address":"712 BISHOPSGATE RD","owner":"WILSON, MICHELLE L. & GRAVES, GREGORY","point":[-86.65835209027271,36.07911643651669]}},{"type":"Feature","id":"215675","geometry":{"type":"Polygon","coordinates":[[[-86.6579195003367,36.0783129382944],[-86.6578109369553,36.0779531120709],[-86.6581354109409,36.0779051874909],[-86.658247405559,36.0780254486481],[-86.658022480963,36.0783255629017],[-86.6579979631263,36.0783175383252],[-86.6579722103792,36.0783126947946],[-86.6579458432115,36.0783111487934],[-86.6579195003367,36.0783129382944]]]},"properties":{"id":"215675","parcel":"149020D01500CO","address":"452 LONDON CT","owner":"CABALLERO, ROSALINDA FRANCO & CHAVEZ, KEN B.","point":[-86.658007961158,36.078168045857275]}},{"type":"Feature","id":"215677","geometry":{"type":"Polygon","coordinates":[[[-86.6575644266976,36.0782621307324],[-86.6578333080963,36.0783661533935],[-86.6578226419957,36.0783824049059],[-86.6578155923875,36.0783999065891],[-86.6578123714303,36.0784181336421],[-86.6578130756266,36.078436538461],[-86.6578176848618,36.0784545686704],[-86.657826059192,36.0784716815612],[-86.6574120820067,36.0785003120724],[-86.6575644266976,36.0782621307324]]]},"properties":{"id":"215677","parcel":"149020D01700CO","address":"449 LONDON CT","owner":"IBARHIM, RAMY","point":[-86.65766064066437,36.078373801305204]}},{"type":"Feature","id":"215681","geometry":{"type":"Polygon","coordinates":[[[-86.6572036147142,36.0788267064706],[-86.6572463630989,36.0787583447189],[-86.6577723207781,36.0788477791178],[-86.6577303700085,36.079012835114],[-86.6572016704189,36.0789190199308],[-86.6572036147142,36.0788267064706]]]},"properties":{"id":"215681","parcel":"149020D02000CO","address":"437 LONDON CT","owner":"HPA II BORROWER 2019-1, LLC","point":[-86.65748275236186,36.07888338773801]}},{"type":"Feature","id":"215685","geometry":{"type":"Polygon","coordinates":[[[-86.6571911523155,36.0792838931459],[-86.6571976386018,36.0790860663437],[-86.6576884019775,36.0791756929587],[-86.6576694110043,36.0792446679199],[-86.6576615033083,36.0792803080375],[-86.657655770681,36.0793162210941],[-86.6571911523155,36.0792838931459]]]},"properties":{"id":"215685","parcel":"149020D02200CO","address":"429 LONDON CT","owner":"ROY, GARY & ALICE FAYE","point":[-86.65743626057792,36.079209487149]}},{"type":"Feature","id":"215821","geometry":{"type":"Polygon","coordinates":[[[-86.6595165547523,36.0721728409728],[-86.6592420238511,36.0720380858344],[-86.6595211010122,36.0717420689296],[-86.6596709588777,36.0718383396136],[-86.6598234970005,36.0719317942551],[-86.659834039824,36.0719381482716],[-86.6595846489359,36.0722230150319],[-86.6595165547523,36.0721728409728]]]},"properties":{"id":"215821","parcel":"14906006200","address":"5033 COUNTRYSIDE DR","owner":"KITLE, MELKAMU WONDEMU & BEZA WONDIMU ETAL","point":[-86.65953973310012,36.07198812225156]}},{"type":"Feature","id":"215882","geometry":{"type":"Polygon","coordinates":[[[-86.6581797077231,36.0790037899946],[-86.6582116102577,36.0789332897877],[-86.6582727470764,36.0787966994596],[-86.658579037091,36.0788753659571],[-86.6585612075948,36.0789324684608],[-86.6585465605928,36.0789901637441],[-86.6585351251041,36.0790483353843],[-86.6581797077231,36.0790037899946]]]},"properties":{"id":"215882","parcel":"149020D00200CO","address":"708 BISHOPSGATE RD","owner":"MORGAN, MARSA S. & SAMOILL M.","point":[-86.65839765979874,36.07890342578195]}},{"type":"Feature","id":"215884","geometry":{"type":"Polygon","coordinates":[[[-86.6581776613579,36.0794103733954],[-86.6581793667296,36.0792894906312],[-86.6581788387442,36.0792257612524],[-86.6585202901323,36.0792285544953],[-86.6585203225495,36.0792343405404],[-86.6585223571748,36.0792918743975],[-86.6585275061729,36.0793492785824],[-86.6585357575519,36.0794064450066],[-86.6581779890743,36.0794499297152],[-86.6581776613579,36.0794103733954]]]},"properties":{"id":"215884","parcel":"149020D00400CO","address":"716 BISHOPSGATE RD","owner":"SATTERWHITE, TIMOTHY SR. & JONES, GLORIA","point":[-86.65835193688228,36.0793200834781]}},{"type":"Feature","id":"215886","geometry":{"type":"Polygon","coordinates":[[[-86.6582393500287,36.0796671656573],[-86.6585768426363,36.0795692054728],[-86.6585887514961,36.0796029519621],[-86.658601770616,36.0796364265071],[-86.65866563893,36.0797932834621],[-86.6586687918466,36.079803693152],[-86.6586699118537,36.079814373517],[-86.6586687357716,36.079826257018],[-86.6586650453607,36.0798377955459],[-86.6586589521128,36.0798486433008],[-86.6586506398267,36.0798584712122],[-86.658640360318,36.0798669849876],[-86.6586284212204,36.0798739269824],[-86.6586151827531,36.0798790879336],[-86.6585555916779,36.0798961286081],[-86.6584951299713,36.0799110091323],[-86.6584339139589,36.0799236982261],[-86.6583720655846,36.0799341726905],[-86.6582393500287,36.0796671656573]]]},"properties":{"id":"215886","parcel":"149020D00600CO","address":"724 BISHOPSGATE RD","owner":"ZELLARS, TERRY B. & TIFFINIE A.","point":[-86.65845530804785,36.0797302327671]}},{"type":"Feature","id":"215888","geometry":{"type":"Polygon","coordinates":[[[-86.6579025375352,36.0788800347344],[-86.6579471069254,36.0787039759643],[-86.6582860279651,36.0787658590196],[-86.6582727470764,36.0787966994596],[-86.6582116102577,36.0789332897877],[-86.6579025375352,36.0788800347344]]]},"properties":{"id":"215888","parcel":"149020D01100CO","address":"436 LONDON CT","owner":"MORTEZAEI, ROBERT","point":[-86.65808354819812,36.07883835556069]}},{"type":"Feature","id":"215890","geometry":{"type":"Polygon","coordinates":[[[-86.6580563685962,36.0784945997265],[-86.6580682660761,36.0784846630561],[-86.658078138182,36.0784733566779],[-86.6580857473545,36.0784609531744],[-86.6580909150553,36.0784477464373],[-86.658093516201,36.0784340498938],[-86.6580934880151,36.0784201928544],[-86.658090833224,36.0784065042717],[-86.6584748857441,36.0783604526847],[-86.6583976710634,36.0785169131524],[-86.658328577293,36.0786733238106],[-86.6580563685962,36.0784945997265]]]},"properties":{"id":"215890","parcel":"149020D01300CO","address":"444 LONDON CT","owner":"NGUYEN, LEWIS L","point":[-86.65823781008243,36.07850578732993]}},{"type":"Feature","id":"215892","geometry":{"type":"Polygon","coordinates":[[[-86.658022480963,36.0783255629017],[-86.658247405559,36.0780254486481],[-86.6585041539193,36.0782987578692],[-86.6584748857441,36.0783604526847],[-86.658090833224,36.0784065042717],[-86.658086217792,36.0783900116912],[-86.6580785986511,36.0783742700502],[-86.658068148652,36.0783596389172],[-86.6580551048133,36.0783464504715],[-86.6580397660638,36.0783350050099],[-86.658022480963,36.0783255629017]]]},"properties":{"id":"215892","parcel":"149020D01400CO","address":"448 LONDON CT","owner":"IBRAHIM, EBRAM H.","point":[-86.6582606299053,36.07816177505554]}},{"type":"Feature","id":"215894","geometry":{"type":"Polygon","coordinates":[[[-86.6573452759435,36.0786061658566],[-86.6574120820067,36.0785003120724],[-86.657826059192,36.0784716815612],[-86.6578364499511,36.0784906932627],[-86.6578434570745,36.0785106986124],[-86.6578469407345,36.0785313036125],[-86.6578468353832,36.0785521012424],[-86.6578431398499,36.0785726823267],[-86.6578142884713,36.0786849221323],[-86.6573452759435,36.0786061658566]]]},"properties":{"id":"215894","parcel":"149020D01800CO","address":"445 LONDON CT","owner":"EASON, BRYAN & GRISSOM, TRACY","point":[-86.65759746389614,36.07858943365232]}},{"type":"Feature","id":"215896","geometry":{"type":"Polygon","coordinates":[[[-86.6572463630989,36.0787583447189],[-86.6573452759435,36.0786061658566],[-86.6578142884713,36.0786849221323],[-86.6577723207781,36.0788477791178],[-86.6572463630989,36.0787583447189]]]},"properties":{"id":"215896","parcel":"149020D01900CO","address":"441 LONDON CT","owner":"SLOAN, JOHN, JR.","point":[-86.65753766645766,36.07872165473764]}},{"type":"Feature","id":"215900","geometry":{"type":"Polygon","coordinates":[[[-86.6564359657119,36.0786915182393],[-86.6571945178163,36.0780984049092],[-86.6571402723308,36.0790678811602],[-86.6569184803839,36.0790932640307],[-86.6564359657119,36.0786915182393]]]},"properties":{"id":"215900","parcel":"14902000200","address":"2231 UNA ANTIOCH PIKE","owner":"ETHIOPIAN ORTHODOX TEWAHEDO CHURCH","point":[-86.65699655484971,36.07839548121645]}},{"type":"Feature","id":"216177","geometry":{"type":"Polygon","coordinates":[[[-86.658979633513,36.0795321610048],[-86.658984574181,36.0794749964092],[-86.659098330977,36.0794809674307],[-86.6590960789296,36.0795359227146],[-86.6590906643282,36.0795359523156],[-86.658979633513,36.0795321610048]]]},"properties":{"id":"216177","parcel":"149020C00200CO","address":"102 ELIZABETHS CT","owner":"MIKHAEAL, SANAA","point":[-86.65903956754647,36.07950656589764]}},{"type":"Feature","id":"216178","geometry":{"type":"Polygon","coordinates":[[[-86.658984574181,36.0794749964092],[-86.6589868252011,36.0794200420339],[-86.6590897345019,36.0794238750328],[-86.6591032704312,36.079423801033],[-86.659098330977,36.0794809674307],[-86.658984574181,36.0794749964092]]]},"properties":{"id":"216178","parcel":"149020C00300CO","address":"103 ELIZABETHS CT","owner":"GAMMAGE-LLOYD, JEANETTA R.","point":[-86.65904333348,36.07944945331133]}},{"type":"Feature","id":"216179","geometry":{"type":"Polygon","coordinates":[[[-86.6588612980022,36.0791659504619],[-86.6588719448978,36.0791439154464],[-86.6588963646142,36.0791503757584],[-86.6589097182298,36.0791283259464],[-86.6590019813967,36.0791541931321],[-86.6590101209387,36.0791563468636],[-86.6589888636742,36.0792048122647],[-86.6589033627285,36.0791795633425],[-86.6588938754885,36.0791767617382],[-86.6588612980022,36.0791659504619]]]},"properties":{"id":"216179","parcel":"149020C00700CO","address":"107 ELIZABETHS CT","owner":"HARDING, WESLEY","point":[-86.65894048376057,36.079171535101935]}},{"type":"Feature","id":"216180","geometry":{"type":"Polygon","coordinates":[[[-86.6593830581008,36.0789490833868],[-86.6594501900921,36.0788827857053],[-86.6595019186092,36.0789176662171],[-86.6594347866315,36.0789839639269],[-86.6593830581008,36.0789490833868]]]},"properties":{"id":"216180","parcel":"149020C01300CO","address":"113 ELIZABETHS CT","owner":"IRA INNOVATIONS, LLC CUSTODIAN FBO ACCT #2201079","point":[-86.65944248836671,36.07893337481677]}},{"type":"Feature","id":"216181","geometry":{"type":"Polygon","coordinates":[[[-86.6595167594514,36.0793525728866],[-86.65952217293,36.0793525432726],[-86.6596224484113,36.0793651804159],[-86.6596199058924,36.0793849738341],[-86.6596416178855,36.0793914479088],[-86.6596391118585,36.0794156357725],[-86.6595090383835,36.0794009661318],[-86.6595167594514,36.0793525728866]]]},"properties":{"id":"216181","parcel":"149020C02000CO","address":"120 ELIZABETHS CT","owner":"JACKSON, TANYA R.","point":[-86.65956719750679,36.07937492381072]}},{"type":"Feature","id":"216182","geometry":{"type":"Polygon","coordinates":[[[-86.6593934512295,36.0795809811788],[-86.6594011906378,36.0795347869682],[-86.6594066041287,36.0795347573593],[-86.6595176725444,36.0795429409134],[-86.6595312084936,36.0795428668656],[-86.6595287206767,36.0795692528499],[-86.6595016487693,36.0795694009435],[-86.659499086856,36.0795869962405],[-86.6593934512295,36.0795809811788]]]},"properties":{"id":"216182","parcel":"149020C02200CO","address":"122 ELIZABETHS CT","owner":"CARTER REALTY INVESTMENTS","point":[-86.65946381969782,36.07955592818784]}},{"type":"Feature","id":"216183","geometry":{"type":"Polygon","coordinates":[[[-86.6595025791708,36.0796814773179],[-86.6593887877961,36.0796711113195],[-86.6593833709652,36.0796711409458],[-86.6593884047572,36.0796249624361],[-86.6594940553511,36.079633174743],[-86.6594915127917,36.0796529681572],[-86.6595186394571,36.0796594126346],[-86.6595161151437,36.0796814032717],[-86.6595025791708,36.0796814773179]]]},"properties":{"id":"216183","parcel":"149020C02400CO","address":"124 ELIZABETHS CT","owner":"BARRETT, PAMELA KAYE REVOCABLE TRUST","point":[-86.6594450569941,36.0796560198687]}},{"type":"Feature","id":"216184","geometry":{"type":"Polygon","coordinates":[[[-86.6582727470764,36.0787966994596],[-86.6582860279651,36.0787658590196],[-86.658328577293,36.0786733238106],[-86.6583976710634,36.0785169131524],[-86.6586872253529,36.0786454322894],[-86.6586815095829,36.0786549278681],[-86.6586513275619,36.0787085756711],[-86.6586241530391,36.0787632723494],[-86.6586000395015,36.0788189067555],[-86.658579037091,36.0788753659571],[-86.6582727470764,36.0787966994596]]]},"properties":{"id":"216184","parcel":"149020D00100CO","address":"704 BISHOPSGATE RD","owner":"FAYNE, LATAUSHA & HELEN","point":[-86.6584908320225,36.078690952355764]}},{"type":"Feature","id":"216192","geometry":{"type":"Polygon","coordinates":[[[-86.65936979028,36.0746713189317],[-86.6597464535933,36.0747154101123],[-86.6595999036534,36.0756502300507],[-86.6595499268359,36.0756478347867],[-86.6594998614457,36.0756478761506],[-86.6594498906726,36.0756503549427],[-86.6594001920806,36.0756552629817],[-86.6593509453569,36.0756625803581],[-86.6593347216897,36.0756648664134],[-86.65936979028,36.0746713189317]]]},"properties":{"id":"216192","parcel":"14906009500","address":"2568 TREETOP DR","owner":"FRAZIER, BARBARA J.","point":[-86.65951258194187,36.07518123735383]}},{"type":"Feature","id":"216193","geometry":{"type":"Polygon","coordinates":[[[-86.6590749346293,36.0756772753741],[-86.6591177809315,36.0746419299831],[-86.6593504817747,36.0746689523225],[-86.65936979028,36.0746713189317],[-86.6593347216897,36.0756648664134],[-86.6592483573591,36.0756718630996],[-86.6591617139465,36.0756760014835],[-86.6590749346293,36.0756772753741]]]},"properties":{"id":"216193","parcel":"14906009600","address":"2564 TREETOP DR","owner":"BAIRD, ROBERT E. & JUDY D.","point":[-86.65922414642046,36.07516772852477]}},{"type":"Feature","id":"216194","geometry":{"type":"Polygon","coordinates":[[[-86.6588230497577,36.075663268192],[-86.6588657728721,36.0746125396001],[-86.6589355495382,36.0746206744378],[-86.6591177809315,36.0746419299831],[-86.6590749346293,36.0756772753741],[-86.6590188454766,36.0756765563422],[-86.6589628426512,36.075673930602],[-86.6589070238979,36.0756694030269],[-86.6588230497577,36.075663268192]]]},"properties":{"id":"216194","parcel":"14906009700","address":"2560 TREETOP DR","owner":"JEFFERS, JOHN TIMOTHY & BRITTANY LYNN","point":[-86.65897023075252,36.07515259867708]}},{"type":"Feature","id":"216195","geometry":{"type":"Polygon","coordinates":[[[-86.6583111058234,36.0756287049141],[-86.6583617550998,36.0745537581666],[-86.6585775251615,36.074579500903],[-86.6586083496249,36.0745831782757],[-86.6585657153216,36.0756448956053],[-86.6583111058234,36.0756287049141]]]},"properties":{"id":"216195","parcel":"14906009900","address":"2552 TREETOP DR","owner":"PACHECO PROPERTIES, LLC","point":[-86.65846154864361,36.075105946901104]}},{"type":"Feature","id":"216196","geometry":{"type":"Polygon","coordinates":[[[-86.6571081316984,36.0748550880519],[-86.6582123653967,36.074820494372],[-86.6582099854148,36.0748600655193],[-86.6571994267615,36.0750919410867],[-86.6571752896725,36.0750461974371],[-86.6571540414455,36.074999519629],[-86.6571357352379,36.0749520263432],[-86.6571204187007,36.0749038416982],[-86.6571081316984,36.0748550880519]]]},"properties":{"id":"216196","parcel":"14906010300","address":"2536 TREETOP DR","owner":"RESICAP TENNESSEE OWNER II, LLC","point":[-86.65742185175718,36.07497656492603]}},{"type":"Feature","id":"216197","geometry":{"type":"Polygon","coordinates":[[[-86.657081950453,36.0746354613499],[-86.6582301699999,36.0746819422693],[-86.6582123653967,36.074820494372],[-86.6571081316984,36.0748550880519],[-86.6570966280292,36.0748006367384],[-86.657088418488,36.074745795239],[-86.6570835218966,36.074690692335],[-86.657081950453,36.0746354613499]]]},"properties":{"id":"216197","parcel":"14906010400","address":"2532 TREETOP DR","owner":"MORALES, PEDRO","point":[-86.65765552856566,36.07471987194256]}},{"type":"Feature","id":"216198","geometry":{"type":"Polygon","coordinates":[[[-86.657081950453,36.0746354613499],[-86.6570836182697,36.0745836790376],[-86.6570879558683,36.0745319975366],[-86.6570949584604,36.0744805097051],[-86.6571046101267,36.074429304856],[-86.6571071031346,36.074403468646],[-86.6576876914228,36.0744739246935],[-86.6578018409711,36.0744873123117],[-86.6582072885966,36.0745345472152],[-86.6582452259836,36.0745390078135],[-86.6582301699999,36.0746819422693],[-86.657081950453,36.0746354613499]]]},"properties":{"id":"216198","parcel":"14906010500","address":"2528 TREETOP DR","owner":"TORRES, FERNANDO JOSE","point":[-86.65766416543666,36.07456134410013]}},{"type":"Feature","id":"216199","geometry":{"type":"Polygon","coordinates":[[[-86.6547898915391,36.0747443561209],[-86.6548770880013,36.0744848298447],[-86.6569244890653,36.0745813773696],[-86.6569222577559,36.0746392743404],[-86.656923639224,36.0746971885762],[-86.6569286311455,36.0747549722792],[-86.6551344475713,36.074835061995],[-86.6550149765458,36.0747917574918],[-86.6547898915391,36.0747443561209]]]},"properties":{"id":"216199","parcel":"14906010700","address":"2533 TREETOP DR","owner":"HAMILTON, ONTARIO","point":[-86.65587022378949,36.074665213555484]}},{"type":"Feature","id":"216200","geometry":{"type":"Polygon","coordinates":[[[-86.6557109147914,36.0751440001898],[-86.6569598072294,36.0749240243125],[-86.6569699380693,36.0749643149724],[-86.6569825796734,36.0750041349987],[-86.6569976978905,36.0750433818304],[-86.6570152563563,36.07508195382],[-86.6558839809965,36.0754485372524],[-86.6557109147914,36.0751440001898]]]},"properties":{"id":"216200","parcel":"14906010900","address":"2541 TREETOP DR","owner":"PROGRESS RESIDENTIAL BORROWER 15, LLC","point":[-86.65607322500189,36.07529706040585]}},{"type":"Feature","id":"216807","geometry":{"type":"Polygon","coordinates":[[[-86.6581779890743,36.0794499297152],[-86.6585357575519,36.0794064450066],[-86.6585466188193,36.0794611529002],[-86.6585603222562,36.0795154387894],[-86.6585768426363,36.0795692054728],[-86.6582393500287,36.0796671656573],[-86.6581779890743,36.0794499297152]]]},"properties":{"id":"216807","parcel":"149020D00500CO","address":"720 BISHOPSGATE RD","owner":"CARPENTER, MICHAEL S.","point":[-86.65838618757385,36.07954180238853]}},{"type":"Feature","id":"216811","geometry":{"type":"Polygon","coordinates":[[[-86.6578019971974,36.079266805561],[-86.6578133149368,36.0792211624403],[-86.6581793667296,36.0792894906312],[-86.6581776613579,36.0794103733954],[-86.6577877947051,36.079432568176],[-86.6577862375042,36.0793968282773],[-86.657787752848,36.0793532250651],[-86.6577930158562,36.0793098132057],[-86.6578019971974,36.079266805561]]]},"properties":{"id":"216811","parcel":"149020D00800CO","address":"424 LONDON CT","owner":"MARTINEZ-VERGARA, EMILIO & VERGARA-MORALES, OFELIA","point":[-86.65798457125962,36.079332073434834]}},{"type":"Feature","id":"216815","geometry":{"type":"Polygon","coordinates":[[[-86.6578553373344,36.0790648980256],[-86.6579025375352,36.0788800347344],[-86.6582116102577,36.0789332897877],[-86.6581797077231,36.0790037899946],[-86.6581780012404,36.0791246718719],[-86.6578553373344,36.0790648980256]]]},"properties":{"id":"216815","parcel":"149020D01000CO","address":"432 LONDON CT","owner":"LEACH, DARLENE","point":[-86.65803791440953,36.07896808991986]}},{"type":"Feature","id":"216818","geometry":{"type":"Polygon","coordinates":[[[-86.6579471069254,36.0787039759643],[-86.6579733561775,36.0786049369677],[-86.6579778838133,36.0785853598713],[-86.6579859829421,36.0785665582119],[-86.6579974705607,36.078548957491],[-86.6580120857348,36.0785329574978],[-86.6580294972962,36.0785189232551],[-86.658037768711,36.0785140878007],[-86.6580451021704,36.0785083408627],[-86.6580513443172,36.0785017995436],[-86.6580563685962,36.0784945997265],[-86.658328577293,36.0786733238106],[-86.6582860279651,36.0787658590196],[-86.6579471069254,36.0787039759643]]]},"properties":{"id":"216818","parcel":"149020D01200CO","address":"440 LONDON CT","owner":"DODSON, JAMES E. & ANGELIA M.","point":[-86.65812074032968,36.0786390443038]}},{"type":"Feature","id":"216822","geometry":{"type":"Polygon","coordinates":[[[-86.6575644266976,36.0782621307324],[-86.6577568669942,36.0779621954743],[-86.6578109369553,36.0779531120709],[-86.6579195003367,36.0783129382944],[-86.6578988839613,36.0783193904107],[-86.6578795911089,36.078328132666],[-86.6578620044872,36.0783389908279],[-86.6578464742579,36.0783517484818],[-86.6578333080963,36.0783661533935],[-86.6575644266976,36.0782621307324]]]},"properties":{"id":"216822","parcel":"149020D01600CO","address":"453 LONDON CT","owner":"TORAN, LASHONDA","point":[-86.65775987111046,36.0781124465192]}},{"type":"Feature","id":"216826","geometry":{"type":"Polygon","coordinates":[[[-86.6571976386018,36.0790860663437],[-86.6572016704189,36.0789190199308],[-86.6577303700085,36.079012835114],[-86.6576884019775,36.0791756929587],[-86.6571976386018,36.0790860663437]]]},"properties":{"id":"216826","parcel":"149020D02100CO","address":"433 LONDON CT","owner":"OMER, MUHAMMED","point":[-86.65745964292057,36.0790494385604]}},{"type":"Feature","id":"216830","geometry":{"type":"Polygon","coordinates":[[[-86.6571911523155,36.0792838931459],[-86.657655770681,36.0793162210941],[-86.6576519355844,36.0793568365955],[-86.6576508815296,36.0793975613028],[-86.6576522322684,36.0794330463654],[-86.6576556939817,36.0794684369947],[-86.6571874840409,36.0794948912131],[-86.6571911523155,36.0792838931459]]]},"properties":{"id":"216830","parcel":"149020D02300CO","address":"425 LONDON CT","owner":"WOLFF, DAVID & JEFFREY & BERNSTEIN, NORMAN","point":[-86.65742048083283,36.07937653909683]}},{"type":"Feature","id":"216929","geometry":{"type":"Polygon","coordinates":[[[-86.6565426455769,36.0765306101702],[-86.6564473356979,36.076135545142],[-86.6563883995997,36.0758831314516],[-86.6564507708411,36.0758959784895],[-86.6568467117441,36.0759795319062],[-86.6570207460666,36.0760730838025],[-86.6566537639874,36.0765453889438],[-86.6566329238997,36.0765376261587],[-86.656610993931,36.0765321919077],[-86.6565883667885,36.076529182291],[-86.6565654470488,36.0765286518855],[-86.6565426455769,36.0765306101702]]]},"properties":{"id":"216929","parcel":"14906006800","address":"505 OAK FOREST CIR","owner":"VAUGHT, KEVIN B. ET UX","point":[-86.65665677132004,36.07633252940935]}},{"type":"Feature","id":"216933","geometry":{"type":"Polygon","coordinates":[[[-86.6559043159966,36.0761875124279],[-86.6561103451109,36.0759373898381],[-86.6561904198963,36.0758402555429],[-86.6563883995997,36.0758831314516],[-86.6564473356979,36.076135545142],[-86.6560478267484,36.0763563220276],[-86.6560026739152,36.076298569388],[-86.6559548130822,36.0762422717129],[-86.6559043159966,36.0761875124279]]]},"properties":{"id":"216933","parcel":"14906007000","address":"861 DOVER GLEN DR","owner":"AYAD, MACHIEL","point":[-86.65622681136672,36.076036318389626]}},{"type":"Feature","id":"216937","geometry":{"type":"Polygon","coordinates":[[[-86.655593482904,36.0766026478674],[-86.6556055426247,36.0765877480996],[-86.655819966936,36.0763269795169],[-86.6558632803698,36.0763772471766],[-86.6559040218703,36.07642891228],[-86.6559421229987,36.0764818886791],[-86.6560359725117,36.0766187440729],[-86.6556299443217,36.0767562856467],[-86.655593482904,36.0766026478674]]]},"properties":{"id":"216937","parcel":"14906007100","address":"864 DOVER GLEN DR","owner":"JACOBO, OSCAR MAURO & AYALA, BLANCA ESTELA GARIBAY","point":[-86.65581409158507,36.07653493412486]}},{"type":"Feature","id":"216941","geometry":{"type":"Polygon","coordinates":[[[-86.6545883439731,36.0768388673628],[-86.6546534500266,36.0765264416773],[-86.6549297736061,36.0765491159125],[-86.6548568181385,36.0768945487416],[-86.6547674115804,36.076886241461],[-86.6547391061233,36.076884114949],[-86.6547113231361,36.0768792384885],[-86.6546844629006,36.0768716838111],[-86.6546589193419,36.0768615596361],[-86.6546366860303,36.07685150851],[-86.6546130262131,36.0768439012882],[-86.6545883439731,36.0768388673628]]]},"properties":{"id":"216941","parcel":"14906007600","address":"616 OAK FOREST LN","owner":"WEBB, GLENN, II","point":[-86.65475885476927,36.07669399117411]}},{"type":"Feature","id":"216945","geometry":{"type":"Polygon","coordinates":[[[-86.6541522757365,36.0764852084713],[-86.6543368026502,36.0765003904691],[-86.6543810368193,36.0765040303887],[-86.6546534500266,36.0765264416773],[-86.6545883439731,36.0768388673628],[-86.6545694356259,36.0768367384563],[-86.6545503471698,36.0768368700362],[-86.6545314849346,36.0768392598963],[-86.6545132548488,36.0768438571636],[-86.6544960446775,36.0768505623951],[-86.6544802229563,36.0768592329906],[-86.6541522757365,36.0764852084713]]]},"properties":{"id":"216945","parcel":"14906007700","address":"620 OAK FOREST LN","owner":"SHENODA, MENA & MARINA","point":[-86.65447242489493,36.076681189386]}},{"type":"Feature","id":"216948","geometry":{"type":"Polygon","coordinates":[[[-86.6538290038714,36.0770078142185],[-86.6537336584732,36.0769358079054],[-86.6538415095979,36.0768824782603],[-86.6538629310533,36.0768537923746],[-86.6544159219,36.0769408965214],[-86.6544148151344,36.0769592453993],[-86.6544168399509,36.0769775430293],[-86.6544219557096,36.0769954381323],[-86.6544300641218,36.0770125896563],[-86.6544410103751,36.0770286685719],[-86.6540987276253,36.0772151319185],[-86.6538290038714,36.0770078142185]]]},"properties":{"id":"216948","parcel":"14906007900","address":"621 OAK FOREST LN","owner":"NEGUSSE, DEBESAI","point":[-86.65412309933822,36.07712147691038]}},{"type":"Feature","id":"217384","geometry":{"type":"Polygon","coordinates":[[[-86.6557419238218,36.0792293328269],[-86.6561373599411,36.0789217031153],[-86.6568815977426,36.0795439908278],[-86.6561617918584,36.0795852713483],[-86.6557419238218,36.0792293328269]]]},"properties":{"id":"217384","parcel":"14902000400","address":"2221 UNA ANTIOCH PIKE","owner":"JONES, GORDON R. ET UX","point":[-86.6563104780125,36.07938665950271]}},{"type":"Feature","id":"217934","geometry":{"type":"Polygon","coordinates":[[[-86.6572732791266,36.0797207828219],[-86.6576976368237,36.0796257195924],[-86.6577186927252,36.0796716430372],[-86.6577822868349,36.0797973338616],[-86.657786447671,36.0798053172351],[-86.6574564256297,36.0799329622879],[-86.6572732791266,36.0797207828219]]]},"properties":{"id":"217934","parcel":"149020D02500CO","address":"417 LONDON CT","owner":"CHEA, ANDY P.","point":[-86.65753451560806,36.07975907784993]}},{"type":"Feature","id":"218011","geometry":{"type":"Polygon","coordinates":[[[-86.6561373599411,36.0789217031153],[-86.6564359657119,36.0786915182393],[-86.6569184803839,36.0790932640307],[-86.6571284054555,36.0792701328327],[-86.6571143076943,36.0795295342359],[-86.6570439564665,36.0795343159117],[-86.6568815977426,36.0795439908278],[-86.6561373599411,36.0789217031153]]]},"properties":{"id":"218011","parcel":"14902000300","address":"2227 UNA ANTIOCH PIKE","owner":"NASHVILLE HAMERE NOHE KIDANE MIHIRET CHURCH EHTIOPIAN","point":[-86.65673488531128,36.079180872374636]}},{"type":"Feature","id":"218012","geometry":{"type":"Polygon","coordinates":[[[-86.6552773544048,36.0796889774095],[-86.655268801427,36.0796794991651],[-86.655262244299,36.079669024973],[-86.6552578551533,36.0796578287883],[-86.6552557496637,36.0796462047016],[-86.6552559825227,36.0796344570482],[-86.6552585462795,36.0796228941067],[-86.655263375699,36.0796118181603],[-86.6552703432767,36.0796015201142],[-86.6552792669285,36.0795922695391],[-86.6557419238218,36.0792293328269],[-86.6561617918584,36.0795852713483],[-86.655799695143,36.0799960118672],[-86.6557272652016,36.0799577769533],[-86.6556528889196,36.0799220887839],[-86.6555926513125,36.079896517167],[-86.6555343074577,36.0798682016397],[-86.655478044645,36.0798372340183],[-86.6554240469067,36.0798037151499],[-86.6553724894591,36.0797677540412],[-86.6553235386878,36.079729466056],[-86.6552773544048,36.0796889774095]]]},"properties":{"id":"218012","parcel":"14902000500","address":"2200 COTTAGE HILL DR","owner":"GONZALES, JOSE A. CARRILLO & GURROLA, MARIA D.","point":[-86.6557037873842,36.07960792509317]}},{"type":"Feature","id":"218018","geometry":{"type":"Polygon","coordinates":[[[-86.656110150156,36.0802162882655],[-86.6570439564665,36.0795343159117],[-86.6571143076943,36.0795295342359],[-86.6570883813758,36.0799955879965],[-86.6563231825925,36.0804414907],[-86.6562849372268,36.0803999425787],[-86.6562445031728,36.0803520361091],[-86.6562018514212,36.0803054143041],[-86.6561570446909,36.0802601426136],[-86.656110150156,36.0802162882655]]]},"properties":{"id":"218018","parcel":"14902002300","address":"2210 COTTAGE HILL DR","owner":"MOORE, LEON ETUX","point":[-86.65691534074145,36.079764520296344]}},{"type":"Feature","id":"218070","geometry":{"type":"Polygon","coordinates":[[[-86.6511048102648,36.0733855405499],[-86.6516927197181,36.0727823950314],[-86.6517175014926,36.0727947320943],[-86.6517442375304,36.0728039960312],[-86.651772356657,36.0728099862397],[-86.6518012505514,36.0728125753219],[-86.6518215426015,36.0728156921923],[-86.651840891281,36.0728215504515],[-86.6518587401395,36.0728299845692],[-86.6518745731431,36.0728407485827],[-86.6519017870295,36.0728581836246],[-86.6510486779703,36.0738034047142],[-86.6511048102648,36.0733855405499]]]},"properties":{"id":"218070","parcel":"14906015600","address":"2580 JOHNSON RIDGE RD","owner":"RICHARDSON, ELIZABETH A. & STURGIS, JENNIFER D.","point":[-86.6515128073801,36.073121890405474]}},{"type":"Feature","id":"218071","geometry":{"type":"Polygon","coordinates":[[[-86.651196857528,36.0727257369442],[-86.651632391318,36.0726882199609],[-86.6516352472277,36.0727062851357],[-86.6516411975405,36.0727238468913],[-86.651650123936,36.0727405561696],[-86.6516618494187,36.0727560840576],[-86.6516761416629,36.0727701235723],[-86.6516927197181,36.0727823950314],[-86.6511048102648,36.0733855405499],[-86.651196857528,36.0727257369442]]]},"properties":{"id":"218071","parcel":"14906015700","address":"2584 JOHNSON RIDGE RD","owner":"PELMORE REVOCABLE TRUST","point":[-86.65127287512522,36.07308360195719]}},{"type":"Feature","id":"218189","geometry":{"type":"Polygon","coordinates":[[[-86.6589742189118,36.0795321906006],[-86.658979633513,36.0795321610048],[-86.6590906643282,36.0795359523156],[-86.6590857431091,36.0795953186375],[-86.6589720032507,36.0795915430304],[-86.6589742189118,36.0795321906006]]]},"properties":{"id":"218189","parcel":"149020C00100CO","address":"101 ELIZABETHS CT","owner":"NUKO, MARSEL & ALBIONA","point":[-86.65903069691147,36.07956374587593]}},{"type":"Feature","id":"218190","geometry":{"type":"Polygon","coordinates":[[[-86.6595245973788,36.0790406120524],[-86.6595917475794,36.0789765124176],[-86.6596488907776,36.0790113623408],[-86.6595817588434,36.079077660131],[-86.6595245973788,36.0790406120524]]]},"properties":{"id":"218190","parcel":"149020C01600CO","address":"116 ELIZABETHS CT","owner":"MASON, VICKIE R.","point":[-86.65958700166688,36.079025987944384]}},{"type":"Feature","id":"218191","geometry":{"type":"Polygon","coordinates":[[[-86.659543065023,36.079260126115],[-86.6595535099373,36.0792139170895],[-86.6596510785212,36.0792265699185],[-86.6596485360064,36.0792463624367],[-86.6596783510366,36.0792505948462],[-86.6596731371859,36.0792747984293],[-86.659643340376,36.0792727614388],[-86.659543065023,36.079260126115]]]},"properties":{"id":"218191","parcel":"149020C01700CO","address":"117 ELIZABETHS CT","owner":"LOPEZ, TRACY","point":[-86.65959914267154,36.07923632229185]}},{"type":"Feature","id":"218192","geometry":{"type":"Polygon","coordinates":[[[-86.65952217293,36.0793525432726],[-86.6595299089329,36.0793063517731],[-86.6596301876729,36.0793189870895],[-86.6596276440397,36.0793387796129],[-86.6596547523645,36.0793430268375],[-86.659646829518,36.0793672425374],[-86.6596224484113,36.0793651804159],[-86.65952217293,36.0793525432726]]]},"properties":{"id":"218192","parcel":"149020C01900CO","address":"119 ELIZABETHS CT","owner":"HEREFORD, ANDREW","point":[-86.65957755007162,36.07932873746481]}},{"type":"Feature","id":"218203","geometry":{"type":"Polygon","coordinates":[[[-86.6585657153216,36.0756448956053],[-86.6586083496249,36.0745831782757],[-86.6588657728721,36.0746125396001],[-86.6588230497577,36.075663268192],[-86.6585657153216,36.0756448956053]]]},"properties":{"id":"218203","parcel":"14906009800","address":"2556 TREETOP DR","owner":"AINSWORTH, ROBERT J & AZIZI AINSWORTH, DOLLY","point":[-86.65871561397246,36.075128717350765]}},{"type":"Feature","id":"218204","geometry":{"type":"Polygon","coordinates":[[[-86.6571994267615,36.0750919410867],[-86.6582099854148,36.0748600655193],[-86.6581998315864,36.0749414354879],[-86.6573854155544,36.0753216839377],[-86.6573418164715,36.0752817569676],[-86.6573016577674,36.0752395192647],[-86.6572651242438,36.0751951663042],[-86.6572323841082,36.075148900862],[-86.6571994267615,36.0750919410867]]]},"properties":{"id":"218204","parcel":"14906010200","address":"2540 TREETOP DR","owner":"PALMA, ZORAIDA","point":[-86.65778305276135,36.075016927552596]}},{"type":"Feature","id":"218205","geometry":{"type":"Polygon","coordinates":[[[-86.6570207460666,36.0760730838025],[-86.6568467117441,36.0759795319062],[-86.6573624881571,36.0754954264141],[-86.6574190986016,36.0755311194024],[-86.6574771560839,36.0755652461568],[-86.6575365947812,36.0755977682791],[-86.6571240871794,36.0761296608895],[-86.6570207460666,36.0760730838025]]]},"properties":{"id":"218205","parcel":"14906011300","address":"2557 TREETOP DR","owner":"BINKLEY, VALINDA L.","point":[-86.65721931687253,36.075788729713246]}},{"type":"Feature","id":"218329","geometry":{"type":"Polygon","coordinates":[[[-86.6549567372336,36.078368187758],[-86.6550409381237,36.0782991770822],[-86.6551234402242,36.0782288272611],[-86.6555128646961,36.0785058172914],[-86.6553972549394,36.0786031442387],[-86.655319308839,36.078671695755],[-86.6549567372336,36.078368187758]]]},"properties":{"id":"218329","parcel":"14902004900","address":"2529 OAK FOREST DR","owner":"GAGE, ALLAN D.","point":[-86.65522756055748,36.078436982019305]}},{"type":"Feature","id":"218330","geometry":{"type":"Polygon","coordinates":[[[-86.6541147556809,36.0781754344281],[-86.6542285023898,36.0778517567543],[-86.6542955526043,36.077865849421],[-86.6543633830686,36.0778772114412],[-86.6544318281249,36.0778858157731],[-86.6544957111413,36.0778945547892],[-86.6545592266167,36.077904903652],[-86.6544825658668,36.0781294836874],[-86.6541851409869,36.0781750525193],[-86.654133778308,36.0781841241101],[-86.6541147556809,36.0781754344281]]]},"properties":{"id":"218330","parcel":"14902005200","address":"705 OAK CREEK DR","owner":"BARD, JAMES K.","point":[-86.65434580795586,36.07801668885517]}},{"type":"Feature","id":"218331","geometry":{"type":"Polygon","coordinates":[[[-86.6538734459876,36.0774734831134],[-86.654174997001,36.077271857491],[-86.6543057526759,36.0773700436551],[-86.6541404444135,36.0776786145596],[-86.6540768383438,36.0776517040329],[-86.6540151653738,36.0776219736936],[-86.6539556183302,36.0775895144293],[-86.6539413401963,36.0775805808734],[-86.6539289952185,36.0775699180877],[-86.6539188953917,36.0775577974683],[-86.653911299717,36.0775445267505],[-86.6539064008275,36.0775304437712],[-86.6538993328998,36.0775100689986],[-86.6538882480876,36.0774909093083],[-86.6538734459876,36.0774734831134]]]},"properties":{"id":"218331","parcel":"14902005900","address":"716 OAK CREEK DR","owner":"POWER, SEAN","point":[-86.65406297701335,36.07748272203391]}},{"type":"Feature","id":"218332","geometry":{"type":"Polygon","coordinates":[[[-86.6541404444135,36.0776786145596],[-86.6543057526759,36.0773700436551],[-86.6543275553006,36.0773875075102],[-86.6544821689552,36.0774240263368],[-86.6545309874082,36.0774347515209],[-86.6544659163372,36.0777515724218],[-86.6544523625809,36.0777494477755],[-86.65438793685,36.0777420663075],[-86.6543242554657,36.0777312360702],[-86.6542615964181,36.0777170078303],[-86.6542002366608,36.0776994413737],[-86.6541404444135,36.0776786145596]]]},"properties":{"id":"218332","parcel":"14902006000","address":"712 OAK CREEK DR","owner":"CARTER, BRENDA M","point":[-86.65435590494415,36.077556741425646]}},{"type":"Feature","id":"219104","geometry":{"type":"Polygon","coordinates":[[[-86.6527930159939,36.0781034814068],[-86.6528290202984,36.0778725288637],[-86.6532300384255,36.0779143112258],[-86.6532043063723,36.0780770795324],[-86.653194017195,36.0781430657607],[-86.6527930159939,36.0781034814068]]]},"properties":{"id":"219104","parcel":"14902009300","address":"912 SPLIT OAK DR","owner":"TILLMAN, NOELLE","point":[-86.65301358773904,36.07799510615796]}},{"type":"Feature","id":"219194","geometry":{"type":"Polygon","coordinates":[[[-86.6530760616865,36.0786140092124],[-86.6531236702051,36.0784774948141],[-86.6532481999873,36.0784768201172],[-86.6533463661485,36.0788916514026],[-86.65327923997,36.0789006746607],[-86.6532116793662,36.078907231628],[-86.6531438230102,36.0789113080332],[-86.6530758107372,36.0789128959082],[-86.6530760616865,36.0786140092124]]]},"properties":{"id":"219194","parcel":"14902009700","address":"2540 OAK FOREST DR","owner":"NAVARI, SWAPNA & PENDYALA, SRIKANTH REDDY","point":[-86.65319476540394,36.07875278279042]}},{"type":"Feature","id":"219197","geometry":{"type":"Polygon","coordinates":[[[-86.6532043063723,36.0780770795324],[-86.6532300384255,36.0779143112258],[-86.6532377259377,36.0778615248239],[-86.6535579821248,36.0779586848412],[-86.653693682536,36.0779997054564],[-86.653702008308,36.0783534877719],[-86.65367941917,36.0783566304449],[-86.6536575142477,36.0783621028194],[-86.6536366569559,36.0783698136987],[-86.6536171926426,36.0783796350317],[-86.65359944306,36.0783914046468],[-86.6532043063723,36.0780770795324]]]},"properties":{"id":"219197","parcel":"14902010000","address":"808 SPLIT OAK CT","owner":"GOIKE, SCOTT & IULIA","point":[-86.65353827020007,36.07821552997834]}},{"type":"Feature","id":"219200","geometry":{"type":"Polygon","coordinates":[[[-86.6545308534036,36.0792517728148],[-86.6545847435176,36.0792207123175],[-86.6550128149495,36.0795875995843],[-86.6548514159478,36.0797137444232],[-86.6543988527725,36.0793316064831],[-86.6545308534036,36.0792517728148]]]},"properties":{"id":"219200","parcel":"14902011300","address":"2214 OAK BARREL LN","owner":"PROGRESS RESIDENTIAL BORROWER 13, LLC","point":[-86.65470695505635,36.07945960665712]}},{"type":"Feature","id":"219204","geometry":{"type":"Polygon","coordinates":[[[-86.654743670665,36.0791231518337],[-86.6547625294517,36.0791120610014],[-86.6551715066875,36.0794614683337],[-86.6550128149495,36.0795875995843],[-86.6545847435176,36.0792207123175],[-86.654743670665,36.0791231518337]]]},"properties":{"id":"219204","parcel":"14902011400","address":"2216 OAK BARREL LN","owner":"AWAD, ROUSHDY & FAHMI, SAMIA","point":[-86.6548779007853,36.07934109003881]}},{"type":"Feature","id":"219235","geometry":{"type":"Polygon","coordinates":[[[-86.6590897345019,36.0794238750328],[-86.6589868252011,36.0794200420339],[-86.6589814106076,36.07942007163],[-86.6589809548885,36.079365132049],[-86.659094693298,36.0793689058514],[-86.6590897345019,36.0794238750328]]]},"properties":{"id":"219235","parcel":"149020C00400CO","address":"104 ELIZABETHS CT","owner":"BOWERS, GLENDA","point":[-86.65903678520702,36.07939446264929]}},{"type":"Feature","id":"219237","geometry":{"type":"Polygon","coordinates":[[[-86.6498798568234,36.0752049279836],[-86.6500111315301,36.0751125103861],[-86.6502862582443,36.075360708525],[-86.6501462467776,36.0754537665763],[-86.6500762414801,36.0755002959878],[-86.6498081011735,36.0752554431303],[-86.6498798568234,36.0752049279836]]]},"properties":{"id":"219237","parcel":"149070A10600CO","address":"732 DOVER GLEN DR","owner":"MATT, ROSEVELT & ELMETA","point":[-86.65004682971198,36.075308075044006]}},{"type":"Feature","id":"219238","geometry":{"type":"Polygon","coordinates":[[[-86.658829541753,36.0792540322244],[-86.6588402057809,36.0792341944411],[-86.6588619176692,36.0792406686564],[-86.6588752713095,36.0792186188488],[-86.6589756923535,36.0792488379182],[-86.6589838512405,36.0792531888682],[-86.6589625392434,36.0792950607926],[-86.658829541753,36.0792540322244]]]},"properties":{"id":"219238","parcel":"149020C00500CO","address":"105 ELIZABETHS CT","owner":"WATKINS, DIANE","point":[-86.65893445490498,36.07927465584996]}},{"type":"Feature","id":"219242","geometry":{"type":"Polygon","coordinates":[[[-86.6589772692701,36.0789241528144],[-86.6590393151668,36.0788974412798],[-86.6590940966373,36.0789740607153],[-86.6590293610961,36.0790029852038],[-86.6589772692701,36.0789241528144]]]},"properties":{"id":"219242","parcel":"149020C00900CO","address":"109 ELIZABETHS CT","owner":"RANDLE, SHARDAY","point":[-86.65903500869395,36.078949104860904]}},{"type":"Feature","id":"219246","geometry":{"type":"Polygon","coordinates":[[[-86.6590393151668,36.0788974412798],[-86.6590338094584,36.0788864829608],[-86.6590607899796,36.0788753470547],[-86.6590744716639,36.0788928535459],[-86.6590987636947,36.0788839305525],[-86.6591481124133,36.0789583814406],[-86.6590968580579,36.0789806384879],[-86.6590940966373,36.0789740607153],[-86.6590393151668,36.0788974412798]]]},"properties":{"id":"219246","parcel":"149020C01000CO","address":"110 ELIZABETHS CT","owner":"GASHI, FATON","point":[-86.65909450729313,36.07892791362959]}},{"type":"Feature","id":"219250","geometry":{"type":"Polygon","coordinates":[[[-86.6591093364448,36.0788531048262],[-86.6591363351741,36.0788441661261],[-86.6591445304961,36.0788529124129],[-86.6591938792459,36.0789273641841],[-86.6592021077157,36.0789405049309],[-86.6591508556298,36.0789627646927],[-86.6591481124133,36.0789583814406],[-86.6590987636947,36.0788839305525],[-86.6591203478794,36.0788750214572],[-86.6591093364448,36.0788531048262]]]},"properties":{"id":"219250","parcel":"149020C01100CO","address":"111 ELIZABETHS CT","owner":"PIEPLOW, MICHELLE","point":[-86.65914632154308,36.07890564737795]}},{"type":"Feature","id":"219251","geometry":{"type":"Polygon","coordinates":[[[-86.6508599620359,36.0750037848863],[-86.6510057823212,36.0749590438482],[-86.6511947895591,36.0748986853888],[-86.6513084851718,36.074898071187],[-86.651175924226,36.0752394265084],[-86.6511557721197,36.0752355760304],[-86.6511351385003,36.0752342030679],[-86.6511144832431,36.0752353375828],[-86.6510942646554,36.0752389536665],[-86.651074935058,36.0752449722676],[-86.6510569229932,36.0752532576824],[-86.6508599620359,36.0750037848863]]]},"properties":{"id":"219251","parcel":"149070A11700CO","address":"629 CADOGAN CT","owner":"GANDER, ALEX","point":[-86.6510866257942,36.07511925339503]}},{"type":"Feature","id":"219253","geometry":{"type":"Polygon","coordinates":[[[-86.651175924226,36.0752394265084],[-86.6513084851718,36.074898071187],[-86.6513896961641,36.0748976324066],[-86.65141165852,36.0749348745454],[-86.651436364638,36.074976497402],[-86.6515790772003,36.0752130758396],[-86.6512631623843,36.0753136786748],[-86.6512552852105,36.0752971376562],[-86.6512443170633,36.0752818012233],[-86.6512305263928,36.0752680482657],[-86.65121425569,36.0752562158141],[-86.6511959048122,36.0752465964265],[-86.651175924226,36.0752394265084]]]},"properties":{"id":"219253","parcel":"149070A11800CO","address":"633 CADOGAN CT","owner":"TAWFIK, MOHEB & AZIZ, MERVAT","point":[-86.65137006260107,36.07509438631436]}},{"type":"Feature","id":"219254","geometry":{"type":"Polygon","coordinates":[[[-86.6595019186092,36.0789176662171],[-86.6595180334703,36.0789021940999],[-86.6595452693515,36.0789218246137],[-86.6595291544843,36.0789372958333],[-86.6595427998,36.0789504078252],[-86.6594783563171,36.0790144935283],[-86.659475686068,36.0790189027801],[-86.6594294267895,36.078990586113],[-86.6594347866315,36.0789839639269],[-86.6595019186092,36.0789176662171]]]},"properties":{"id":"219254","parcel":"149020C01400CO","address":"114 ELIZABETHS CT","owner":"MAPLES, KYLE R","point":[-86.65948885215195,36.07896718605571]}},{"type":"Feature","id":"219256","geometry":{"type":"Polygon","coordinates":[[[-86.6510343926293,36.0754775432854],[-86.6510592927961,36.0754679291397],[-86.6510855706881,36.0754611528925],[-86.65111274107,36.0754573415403],[-86.6511363829528,36.075458246717],[-86.6511598785523,36.0754559333032],[-86.6511825678208,36.0754504670527],[-86.651203814734,36.0754420001127],[-86.6512230206206,36.0754307718538],[-86.6512396462701,36.0754170970329],[-86.6516559348782,36.0756719776007],[-86.6515953211798,36.0757082924817],[-86.6514454695922,36.0757981065354],[-86.6513676835343,36.0758449545321],[-86.6510343926293,36.0754775432854]]]},"properties":{"id":"219256","parcel":"149070A12000CO","address":"624 CADOGAN CT","owner":"PROGRESS RESIDENTIAL BORROWER 4, LLC","point":[-86.65130993548053,36.075574658364005]}},{"type":"Feature","id":"219257","geometry":{"type":"Polygon","coordinates":[[[-86.6595299089329,36.0793063517731],[-86.659543065023,36.079260126115],[-86.659643340376,36.0792727614388],[-86.6596407967701,36.0792925566664],[-86.6596706129274,36.0792967890716],[-86.6596653990639,36.0793209917529],[-86.6596301876729,36.0793189870895],[-86.6595299089329,36.0793063517731]]]},"properties":{"id":"219257","parcel":"149020C01800CO","address":"118 ELIZABETHS CT","owner":"SPALDING, BENNIE E., JR.","point":[-86.6595894028692,36.07928250947984]}},{"type":"Feature","id":"219260","geometry":{"type":"Polygon","coordinates":[[[-86.6594066041287,36.0795347573593],[-86.6594142340832,36.0794753780091],[-86.6595280091604,36.0794835467491],[-86.6595176725444,36.0795429409134],[-86.6594066041287,36.0795347573593]]]},"properties":{"id":"219260","parcel":"149020C02100CO","address":"121 ELIZABETHS CT","owner":"PAR, ZAHLAWN","point":[-86.65946672020127,36.07950915040342]}},{"type":"Feature","id":"219262","geometry":{"type":"Polygon","coordinates":[[[-86.6593811373464,36.079728293455],[-86.6593887877961,36.0796711113195],[-86.6595025791708,36.0796814773179],[-86.659494912775,36.0797364613245],[-86.6593811373464,36.079728293455]]]},"properties":{"id":"219262","parcel":"149020C02500CO","address":"125 ELIZABETHS CT","owner":"HOME SFR BOWOWER IV, LLC","point":[-86.65944179182966,36.079704885213154]}},{"type":"Feature","id":"219535","geometry":{"type":"Polygon","coordinates":[[[-86.655799695143,36.0799960118672],[-86.6561617918584,36.0795852713483],[-86.6568815977426,36.0795439908278],[-86.6570439564665,36.0795343159117],[-86.656110150156,36.0802162882655],[-86.6560535124695,36.0801674109071],[-86.6559940026817,36.0801208375002],[-86.6559317638036,36.0800766763175],[-86.6558669432859,36.0800350356077],[-86.655799695143,36.0799960118672]]]},"properties":{"id":"219535","parcel":"14902002400","address":"2206 COTTAGE HILL DR","owner":"YAN, RAYMOND S. ET UX","point":[-86.6563354689831,36.0797916594238]}},{"type":"Feature","id":"219610","geometry":{"type":"Polygon","coordinates":[[[-86.6520729387158,36.0729319769231],[-86.6521205582196,36.0729441678372],[-86.6521691241275,36.0729535803688],[-86.6522183917897,36.0729601653688],[-86.6522681111456,36.0729638908416],[-86.6521980071895,36.0740612649911],[-86.6521025744148,36.0740609169222],[-86.6518620152438,36.0740653958516],[-86.6516279399263,36.0740692317899],[-86.6515783893962,36.0740699277258],[-86.6520729387158,36.0729319769231]]]},"properties":{"id":"219610","parcel":"14906015400","address":"2572 JOHNSON RIDGE RD","owner":"JOHNSON, KEISHA","point":[-86.65202710518935,36.07351194465034]}},{"type":"Feature","id":"219616","geometry":{"type":"Polygon","coordinates":[[[-86.6512632760953,36.0722418864597],[-86.6516775074508,36.0725780918109],[-86.6516617823223,36.0725934643583],[-86.6516490388471,36.0726105602598],[-86.6516395570136,36.0726290003655],[-86.6516335466362,36.0726483770642],[-86.651631139665,36.0726682642382],[-86.651632391318,36.0726882199609],[-86.651196857528,36.0727257369442],[-86.6512632760953,36.0722418864597]]]},"properties":{"id":"219616","parcel":"14906015800","address":"2588 JOHNSON RIDGE RD","owner":"PROGESS RESIDENTIAL BORROWER 3. LLC","point":[-86.65135534188761,36.072409654720204]}},{"type":"Feature","id":"219797","geometry":{"type":"Polygon","coordinates":[[[-86.6566913558739,36.077322850071],[-86.6572411180041,36.0771861103992],[-86.6572267086147,36.0774081555505],[-86.6567484148663,36.0774939376611],[-86.6567331305487,36.077436116323],[-86.6567140919368,36.0773790337541],[-86.6566913558739,36.077322850071]]]},"properties":{"id":"219797","parcel":"14902003900","address":"5008 OAKWOOD FOREST DR","owner":"BOADU, VICTORIA","point":[-86.65696652367092,36.07735169722067]}},{"type":"Feature","id":"219799","geometry":{"type":"Polygon","coordinates":[[[-86.6558665901054,36.0774094447354],[-86.655921548555,36.0773521397138],[-86.6559782951261,36.0772959947992],[-86.656036793486,36.0772410471392],[-86.6560411775112,36.0772371054141],[-86.6564279238373,36.0775228675704],[-86.6562965848602,36.077681816015],[-86.6558665901054,36.0774094447354]]]},"properties":{"id":"219799","parcel":"14902004300","address":"2505 OAK FOREST DR","owner":"MING, DO KHAN & CING, NING S.","point":[-86.65615360860083,36.07746617470345]}},{"type":"Feature","id":"219801","geometry":{"type":"Polygon","coordinates":[[[-86.655568982652,36.0777604954404],[-86.6557110455526,36.0775883037341],[-86.6561652238718,36.0778385662034],[-86.6560392405745,36.077990892331],[-86.6560177833114,36.0780151841478],[-86.655568982652,36.0777604954404]]]},"properties":{"id":"219801","parcel":"14902004500","address":"2513 OAK FOREST DR","owner":"CARTER, ANNIE J.","point":[-86.655866087589,36.077799528276145]}},{"type":"Feature","id":"219803","geometry":{"type":"Polygon","coordinates":[[[-86.6544825658668,36.0781294836874],[-86.6545592266167,36.077904903652],[-86.6546176838963,36.0779203884061],[-86.6546747741126,36.0779389286872],[-86.6547302568345,36.0779604491938],[-86.6547838959073,36.077984854774],[-86.6548354629027,36.078012044826],[-86.6548847392491,36.0780419024721],[-86.6549315174021,36.0780743017619],[-86.6549414434449,36.0780822845591],[-86.6549496252586,36.0780914782383],[-86.6549558443083,36.0781016361351],[-86.6549599295602,36.0781124824856],[-86.6549617742463,36.0781237258552],[-86.6549613259021,36.0781350627974],[-86.6549585986536,36.0781461868001],[-86.6549536644175,36.078156798247],[-86.6549466562911,36.0781666116102],[-86.6549377652667,36.0781753608751],[-86.6548651427482,36.078235138058],[-86.6547907070062,36.0782934271152],[-86.6547145021451,36.0783501908516],[-86.6544825658668,36.0781294836874]]]},"properties":{"id":"219803","parcel":"14902005100","address":"701 OAK CREEK DR","owner":"PETTY, JULIE (LE) & TURCOTTE, ANGELA","point":[-86.65472270806,36.07812660656072]}},{"type":"Feature","id":"219805","geometry":{"type":"Polygon","coordinates":[[[-86.653693682536,36.0779997054564],[-86.6535579821248,36.0779586848412],[-86.6536692049316,36.0776569991024],[-86.6536897196514,36.0776666433323],[-86.653711850534,36.0776735434081],[-86.6537350443513,36.077677525678],[-86.6537587207279,36.0776784905425],[-86.653784446861,36.0776788079824],[-86.6538097539284,36.0776825723845],[-86.6538339460689,36.0776896811719],[-86.653856358845,36.0776999378647],[-86.6539155583593,36.0777322548574],[-86.6539759975276,36.0777630212026],[-86.6537941000607,36.0780299279493],[-86.653693682536,36.0779997054564]]]},"properties":{"id":"219805","parcel":"14902005400","address":"713 OAK CREEK DR","owner":"MICASA OF AMERICA, LLC","point":[-86.65375163966638,36.07786080886114]}},{"type":"Feature","id":"219807","geometry":{"type":"Polygon","coordinates":[[[-86.6532994086146,36.0774612112084],[-86.6532725842887,36.0771624711205],[-86.6533049455347,36.0771469099928],[-86.653651352314,36.0774615035493],[-86.6536343679071,36.0774775915672],[-86.6536208018707,36.0774956925364],[-86.653611006689,36.0775153313746],[-86.6536052412787,36.0775359956529],[-86.6536036544023,36.0775571437968],[-86.6536062892566,36.0775782230871],[-86.6532737469148,36.0776327702603],[-86.6532994086146,36.0774612112084]]]},"properties":{"id":"219807","parcel":"14902005600","address":"721 OAK CREEK DR","owner":"STUBBLEFIELD, LYNN C. & EMMA INEZ","point":[-86.65338637943896,36.077311768909745]}},{"type":"Feature","id":"219809","geometry":{"type":"Polygon","coordinates":[[[-86.6533049455347,36.0771469099928],[-86.6534667191655,36.0770669187929],[-86.6536581672145,36.0769735780387],[-86.6537336584732,36.0769358079054],[-86.6538290038714,36.0770078142185],[-86.6537702128409,36.0774300893154],[-86.6537446186,36.0774302740724],[-86.6537193590397,36.0774336223074],[-86.6536950208242,36.0774400542306],[-86.6536721745119,36.0774494216428],[-86.653651352314,36.0774615035493],[-86.6533049455347,36.0771469099928]]]},"properties":{"id":"219809","parcel":"14902005700","address":"724 OAK CREEK DR","owner":"JAMES, LAWRENCE ET UX","point":[-86.65362521615863,36.07728875317996]}},{"type":"Feature","id":"219811","geometry":{"type":"Polygon","coordinates":[[[-86.6544659163372,36.0777515724218],[-86.6545309874082,36.0774347515209],[-86.6545581095907,36.0774411980373],[-86.6547334598927,36.0773655242685],[-86.6548313718116,36.0774199345646],[-86.6546692770272,36.0777900263968],[-86.654619691919,36.0777764303454],[-86.6545691281241,36.0777654605119],[-86.6545177991913,36.0777571635037],[-86.6544659163372,36.0777515724218]]]},"properties":{"id":"219811","parcel":"14902006100","address":"708 OAK CREEK DR","owner":"RAMIREZ, BRIANA","point":[-86.65462579120636,36.07759671316062]}},{"type":"Feature","id":"219960","geometry":{"type":"Polygon","coordinates":[[[-86.6588508526916,36.0792121594279],[-86.6588587917522,36.0791901392119],[-86.6588832297048,36.0791987967493],[-86.6588938754885,36.0791767617382],[-86.6589033627285,36.0791795633425],[-86.6589888636742,36.0792048122647],[-86.6589942964792,36.0792069798911],[-86.6589756923535,36.0792488379182],[-86.6588752713095,36.0792186188488],[-86.6588508526916,36.0792121594279]]]},"properties":{"id":"219960","parcel":"149020C00600CO","address":"106 ELIZABETHS CT","owner":"CALI INVESTMENT, LLC","point":[-86.65892672993311,36.079215570341326]}},{"type":"Feature","id":"219962","geometry":{"type":"Polygon","coordinates":[[[-86.6588852802961,36.0791196684142],[-86.6588932193379,36.0790976481955],[-86.6589176390343,36.079104107602],[-86.6589283223621,36.0790864679283],[-86.6590233104519,36.0791145184283],[-86.6590019813967,36.0791541931321],[-86.6589097182298,36.0791283259464],[-86.6588852802961,36.0791196684142]]]},"properties":{"id":"219962","parcel":"149020C00800CO","address":"108 ELIZABETHS CT","owner":"DANIELS, JOSHUA MARTYN","point":[-86.65895776478588,36.079124168683194]}},{"type":"Feature","id":"219964","geometry":{"type":"Polygon","coordinates":[[[-86.6591445304961,36.0788529124129],[-86.6592038695596,36.0788262155918],[-86.6592559250722,36.0789006525381],[-86.6591938792459,36.0789273641841],[-86.6591445304961,36.0788529124129]]]},"properties":{"id":"219964","parcel":"149020C01200CO","address":"112 ELIZABETHS CT","owner":"TRAVIS, SHARON L.","point":[-86.65919979341463,36.078876781253314]}},{"type":"Feature","id":"219966","geometry":{"type":"Polygon","coordinates":[[[-86.6594783563171,36.0790144935283],[-86.6595427998,36.0789504078252],[-86.6595618596972,36.0789634919961],[-86.6595833708523,36.0789457903216],[-86.6596078818107,36.0789632402091],[-86.659597074931,36.0789721300847],[-86.6595917475794,36.0789765124176],[-86.6595245973788,36.0790406120524],[-86.6595219271389,36.0790450222064],[-86.6594783563171,36.0790144935283]]]},"properties":{"id":"219966","parcel":"149020C01500CO","address":"115 ELIZABETHS CT","owner":"CARTER, SHAWN ASHLEY","point":[-86.6595346520293,36.07899550185037]}},{"type":"Feature","id":"219968","geometry":{"type":"Polygon","coordinates":[[[-86.6593880399558,36.0795810107749],[-86.6593934512295,36.0795809811788],[-86.659499086856,36.0795869962405],[-86.6595261770103,36.07958904537],[-86.6595209813168,36.0796154443646],[-86.6594966172521,36.0796155776439],[-86.6594940553511,36.079633174743],[-86.6593884047572,36.0796249624361],[-86.659382969685,36.0796227939387],[-86.6593880399558,36.0795810107749]]]},"properties":{"id":"219968","parcel":"149020C02300CO","address":"123 ELIZABETHS CT","owner":"BROTHERS 1, LLC, THE","point":[-86.65945454501353,36.07960204873384]}},{"type":"Feature","id":"219979","geometry":{"type":"Polygon","coordinates":[[[-86.651020868613,36.0740024460729],[-86.6510486779703,36.0738034047142],[-86.6519017870295,36.0728581836246],[-86.6519417673217,36.0728806652948],[-86.6519837933951,36.0729005374923],[-86.6520276066665,36.0729176763355],[-86.6520729387158,36.0729319769231],[-86.6515783893962,36.0740699277258],[-86.6513805747118,36.0740727091722],[-86.6511438478837,36.0741208042023],[-86.6510006271744,36.0741497021827],[-86.651020868613,36.0740024460729]]]},"properties":{"id":"219979","parcel":"14906015500","address":"2576 JOHNSON RIDGE RD","owner":"MASTER, HIRAL SHAILESH","point":[-86.65166270904216,36.07336798812396]}},{"type":"Feature","id":"219980","geometry":{"type":"Polygon","coordinates":[[[-86.6578069546383,36.0755545369964],[-86.6581998315864,36.0749414354879],[-86.6582099854148,36.0748600655193],[-86.6582123653967,36.074820494372],[-86.6582301699999,36.0746819422693],[-86.6582452259836,36.0745390078135],[-86.6583617550998,36.0745537581666],[-86.6583111058234,36.0756287049141],[-86.6581160689777,36.0756143858146],[-86.6580527967123,36.075608037387],[-86.6579900571363,36.075598846081],[-86.6579280425558,36.0755868396889],[-86.6578669453435,36.0755720541145],[-86.6578069546383,36.0755545369964]]]},"properties":{"id":"219980","parcel":"14906010000","address":"2548 TREETOP DR","owner":"ORDONEZ, NURY RAMIREZ & RIVERA, INDIRA MARTINEZ","point":[-86.6581661973932,36.07524845084257]}},{"type":"Feature","id":"219982","geometry":{"type":"Polygon","coordinates":[[[-86.6573854155544,36.0753216839377],[-86.6581998315864,36.0749414354879],[-86.6578069546383,36.0755545369964],[-86.657747334808,36.0755348781828],[-86.6576892875957,36.0755123302648],[-86.6576330257438,36.0754869759033],[-86.657578753187,36.0754589068204],[-86.6575266706328,36.0754282273738],[-86.6574769666207,36.0753950473959],[-86.6574298242499,36.0753594902678],[-86.6573854155544,36.0753216839377]]]},"properties":{"id":"219982","parcel":"14906010100","address":"2544 TREETOP DR","owner":"GUARDADO, AGUSTIN","point":[-86.6579350517106,36.07513196697503]}},{"type":"Feature","id":"219984","geometry":{"type":"Polygon","coordinates":[[[-86.6548770880013,36.0744848298447],[-86.6549262888431,36.0743367686136],[-86.6549444874187,36.0742866720519],[-86.6552372351445,36.07429139923],[-86.6563297191402,36.0743099063094],[-86.6566061455603,36.0743457609646],[-86.6569465900438,36.0743895083624],[-86.6569431879462,36.0744282612839],[-86.6569320159976,36.0745046724363],[-86.6569244890653,36.0745813773696],[-86.6548770880013,36.0744848298447]]]},"properties":{"id":"219984","parcel":"14906010600","address":"2529 TREETOP DR","owner":"BARGERS, KENNETH & NICHOLAS, KENNETH G.","point":[-86.65591304158981,36.074456558353056]}},{"type":"Feature","id":"219986","geometry":{"type":"Polygon","coordinates":[[[-86.6551344475713,36.074835061995],[-86.6569286311455,36.0747549722792],[-86.6569353588362,36.0748117415936],[-86.6569457605403,36.0748681438924],[-86.6569598072294,36.0749240243125],[-86.6557109147914,36.0751440001898],[-86.6556367544867,36.0750147397796],[-86.6551344475713,36.074835061995]]]},"properties":{"id":"219986","parcel":"14906010800","address":"2537 TREETOP DR","owner":"HARDAWAY, RACHEL & NEHEMIAH","point":[-86.65609969974952,36.074968814260316]}},{"type":"Feature","id":"219988","geometry":{"type":"Polygon","coordinates":[[[-86.6558839809965,36.0754485372524],[-86.6570152563563,36.07508195382],[-86.6570479846706,36.0751493616473],[-86.6570840421363,36.0752156400392],[-86.6570862364648,36.0752210736218],[-86.6570892877933,36.0752262276423],[-86.6570931443011,36.0752310113538],[-86.6570977409349,36.0752353448966],[-86.6560892419899,36.075717733551],[-86.6559087247867,36.0754945536439],[-86.6558839809965,36.0754485372524]]]},"properties":{"id":"219988","parcel":"14906011000","address":"2545 TREETOP DR","owner":"DOYLE, JOSHUA D. & JENNIFER L.","point":[-86.65654398714197,36.075342094861284]}},{"type":"Feature","id":"219990","geometry":{"type":"Polygon","coordinates":[[[-86.6563883995997,36.0758831314516],[-86.6561904198963,36.0758402555429],[-86.6560892419899,36.075717733551],[-86.6570977409349,36.0752353448966],[-86.6571357279013,36.075284424416],[-86.6571767621919,36.0753318586957],[-86.6572207395344,36.0753775239243],[-86.6564507708411,36.0758959784895],[-86.6563883995997,36.0758831314516]]]},"properties":{"id":"219990","parcel":"14906011100","address":"2549 TREETOP DR","owner":"CALLIS, GARY L. & FAITH LANE","point":[-86.65670645408983,36.075547777490605]}},{"type":"Feature","id":"219992","geometry":{"type":"Polygon","coordinates":[[[-86.6564507708411,36.0758959784895],[-86.6572207395344,36.0753775239243],[-86.6573624881571,36.0754954264141],[-86.6568467117441,36.0759795319062],[-86.6564507708411,36.0758959784895]]]},"properties":{"id":"219992","parcel":"14906011200","address":"2553 TREETOP DR","owner":"CLAYBORNE, AUDREY J.","point":[-86.65694862490379,36.07569582353083]}},{"type":"Feature","id":"220012","geometry":{"type":"Polygon","coordinates":[[[-86.65141165852,36.0749348745454],[-86.6515808147706,36.0747647358283],[-86.651894776657,36.074756447417],[-86.6519005342812,36.0748147697384],[-86.6519092675044,36.0748728470424],[-86.651909511031,36.0749003609408],[-86.6519070106076,36.0749278013516],[-86.651436364638,36.074976497402],[-86.65141165852,36.0749348745454]]]},"properties":{"id":"220012","parcel":"149070A09700CO","address":"904 SEPTO CT","owner":"SHIFAW, ABONESH","point":[-86.65170412996329,36.07484322513627]}},{"type":"Feature","id":"220013","geometry":{"type":"Polygon","coordinates":[[[-86.6508506264627,36.074641427414],[-86.6508937414198,36.0746283964414],[-86.650925964731,36.0746196476669],[-86.6510052358519,36.0745999637442],[-86.651085346931,36.0745826654305],[-86.6511947895591,36.0748986853888],[-86.6510057823212,36.0749590438482],[-86.6508506264627,36.074641427414]]]},"properties":{"id":"220013","parcel":"149070A10100CO","address":"752 DOVER GLEN DR","owner":"ABADEER, HANAA & YOUSEF, MAGED","point":[-86.65103183903122,36.074770083111055]}},{"type":"Feature","id":"220014","geometry":{"type":"Polygon","coordinates":[[[-86.6504056049829,36.0748412944979],[-86.6504618764826,36.074808773695],[-86.6505194248275,36.0747777619303],[-86.6505781914534,36.0747482928655],[-86.6506135204896,36.0747315907326],[-86.6506188830581,36.0747291788039],[-86.6508113616097,36.0750194312336],[-86.6506632664716,36.0751169308895],[-86.650649785244,36.0751235947194],[-86.6504056049829,36.0748412944979]]]},"properties":{"id":"220014","parcel":"149070A10300CO","address":"744 DOVER GLEN DR","owner":"BYADUNIA, ABEDI & AMISI, JACQUELINE & ABEDI, EMERANCE","point":[-86.6506174514892,36.074930389179954]}},{"type":"Feature","id":"220529","geometry":{"type":"Polygon","coordinates":[[[-86.6509439617714,36.0768407449164],[-86.6510090092784,36.0768189954684],[-86.6510728684509,36.0767950370546],[-86.6511354241714,36.0767689126587],[-86.6513249892222,36.07708850487],[-86.6512922574502,36.0770999477119],[-86.6510982221045,36.0771666513976],[-86.6509439617714,36.0768407449164]]]},"properties":{"id":"220529","parcel":"149030A03500CO","address":"3264 CLAPHAM RD","owner":"WAHBA, WAHBA & DAUUD, SAMIA","point":[-86.65112706396518,36.076964603471914]}},{"type":"Feature","id":"220530","geometry":{"type":"Polygon","coordinates":[[[-86.6505308260961,36.0769292184765],[-86.6506844288401,36.0769032293791],[-86.6507416904307,36.0768926078524],[-86.6508579729621,36.0772514604455],[-86.650625502492,36.0772944715997],[-86.6505308260961,36.0769292184765]]]},"properties":{"id":"220530","parcel":"149030A03700CO","address":"3256 CLAPHAM RD","owner":"VOLLMAN, ERIC J.","point":[-86.65068918309949,36.077090324371]}},{"type":"Feature","id":"220826","geometry":{"type":"Polygon","coordinates":[[[-86.6543057526759,36.0773700436551],[-86.654174997001,36.077271857491],[-86.6540987276253,36.0772151319185],[-86.6544410103751,36.0770286685719],[-86.6544526648334,36.0770420352928],[-86.6544666401911,36.077053842815],[-86.6544826256677,36.0770638323548],[-86.6545002641138,36.077071776925],[-86.6545191632907,36.0770775029045],[-86.6545389013483,36.0770808809961],[-86.6544821689552,36.0774240263368],[-86.6543275553006,36.0773875075102],[-86.6543057526759,36.0773700436551]]]},"properties":{"id":"220826","parcel":"14902006800","address":"617 OAK FOREST LN","owner":"HARTMAN, WALTER M. ET UX","point":[-86.65432434994894,36.07724403559553]}},{"type":"Feature","id":"220828","geometry":{"type":"Polygon","coordinates":[[[-86.6540376495876,36.0788654585883],[-86.6541043775769,36.0788412595035],[-86.6541700658741,36.0788152544491],[-86.6542346403134,36.0787874708676],[-86.6545308534036,36.0792517728148],[-86.6543988527725,36.0793316064831],[-86.6543180173563,36.0793781961927],[-86.6540376495876,36.0788654585883]]]},"properties":{"id":"220828","parcel":"14902007300","address":"2549 OAK FOREST DR","owner":"RUGLESS, LAUREN","point":[-86.65427544847117,36.079058590564]}},{"type":"Feature","id":"220830","geometry":{"type":"Polygon","coordinates":[[[-86.6536325327079,36.0789841353509],[-86.6537356856875,36.0789584537579],[-86.6538378432333,36.0789302755201],[-86.6540971124619,36.079511256732],[-86.6540378446447,36.079546740824],[-86.6538627262187,36.0796509819393],[-86.6536325327079,36.0789841353509]]]},"properties":{"id":"220830","parcel":"14902007500","address":"2557 OAK FOREST DR","owner":"WOODY, JENNIFER & CHRIS","point":[-86.65385150741034,36.079247657815046]}},{"type":"Feature","id":"220832","geometry":{"type":"Polygon","coordinates":[[[-86.6534086576946,36.0797435492174],[-86.6532729905953,36.0797069236466],[-86.6532107541611,36.079052350002],[-86.6532639928636,36.0790490972252],[-86.6533169803543,36.0790437845577],[-86.6533695946006,36.079036424378],[-86.6534217158201,36.0790270326574],[-86.6536121868081,36.0798017835662],[-86.6534086576946,36.0797435492174]]]},"properties":{"id":"220832","parcel":"14902007700","address":"2565 OAK FOREST DR","owner":"LING, MARY & THANG, KHOM","point":[-86.65337523214616,36.079380022602805]}},{"type":"Feature","id":"220834","geometry":{"type":"Polygon","coordinates":[[[-86.6528252546326,36.0795818826479],[-86.6526787227665,36.0795409205984],[-86.6527841958835,36.0790329584616],[-86.6528548586144,36.079042194296],[-86.6529259052052,36.0790492306885],[-86.6529972300823,36.0790540564936],[-86.6529636472385,36.0796206921825],[-86.6528252546326,36.0795818826479]]]},"properties":{"id":"220834","parcel":"14902007900","address":"2573 OAK FOREST DR","owner":"ARCHER, CHRISTOPHER LAYTON","point":[-86.65285605610622,36.07929754102615]}},{"type":"Feature","id":"220837","geometry":{"type":"Polygon","coordinates":[[[-86.6521821332319,36.0794007559286],[-86.6523697790588,36.0789337057563],[-86.6524224008789,36.0789467347141],[-86.652474708473,36.0789646259548],[-86.6525280095989,36.0789804667901],[-86.6525821840305,36.0789942191145],[-86.6524046461303,36.0794632896661],[-86.6521821332319,36.0794007559286]]]},"properties":{"id":"220837","parcel":"14902008100","address":"2601 OAK FOREST DR","owner":"AJANEL, GUADALUPE TORRES","point":[-86.65238452623971,36.07919749456022]}},{"type":"Feature","id":"220838","geometry":{"type":"Polygon","coordinates":[[[-86.6521636185002,36.0784244224275],[-86.6521877076454,36.0782753455962],[-86.6525968306381,36.0783148880013],[-86.6525608254507,36.078545839549],[-86.6521513299273,36.0785019043892],[-86.6521636185002,36.0784244224275]]]},"properties":{"id":"220838","parcel":"14902008400","address":"905 SPLIT OAK DR","owner":"HTOO, SAW S & SAW, MA L","point":[-86.65238038201969,36.07836965586745]}},{"type":"Feature","id":"220841","geometry":{"type":"Polygon","coordinates":[[[-86.6528290202984,36.0778725288637],[-86.6528623707845,36.077648184437],[-86.653263369722,36.0776877685646],[-86.6532377259377,36.0778615248239],[-86.6532300384255,36.0779143112258],[-86.6528290202984,36.0778725288637]]]},"properties":{"id":"220841","parcel":"14902009200","address":"916 SPLIT OAK DR","owner":"DELCLOS, ANDREW BARRETT & MELISSA TAKAHA","point":[-86.653047147071,36.07777405806369]}},{"type":"Feature","id":"220948","geometry":{"type":"Polygon","coordinates":[[[-86.653702008308,36.0783534877719],[-86.653693682536,36.0779997054564],[-86.6537941000607,36.0780299279493],[-86.6541147556809,36.0781754344281],[-86.654133778308,36.0781841241101],[-86.6539883880149,36.078281608584],[-86.6538214670014,36.0783945963089],[-86.6538014383627,36.0783803637502],[-86.6537788865672,36.0783688865666],[-86.6537543791088,36.0783604527931],[-86.6537285350528,36.07835527628],[-86.653702008308,36.0783534877719]]]},"properties":{"id":"220948","parcel":"14902010100","address":"804 SPLIT OAK CT","owner":"BENEFIELD, BRUCE D. & MARIA LYN","point":[-86.6538801141243,36.07823234389196]}},{"type":"Feature","id":"220949","geometry":{"type":"Polygon","coordinates":[[[-86.6539883880149,36.078281608584],[-86.654133778308,36.0781841241101],[-86.6541851409869,36.0781750525193],[-86.6544693818758,36.0785009649087],[-86.6543905370249,36.0785450031652],[-86.6543096192769,36.0785864875747],[-86.6542267513511,36.0786253543778],[-86.6539883880149,36.078281608584]]]},"properties":{"id":"220949","parcel":"14902010300","address":"2528 OAK FOREST DR","owner":"VINCIGUERRA, JENNIFER & TODD","point":[-86.65421910233965,36.07839125876497]}},{"type":"Feature","id":"220952","geometry":{"type":"Polygon","coordinates":[[[-86.6536741628628,36.0797662841026],[-86.6538519704573,36.0796598313609],[-86.6543645441957,36.0800965876652],[-86.654208538569,36.080220504121],[-86.6536741628628,36.0797662841026]]]},"properties":{"id":"220952","parcel":"14902010900","address":"2206 OAK BARREL LN","owner":"CHONG, WILLIAM M.","point":[-86.65401959072602,36.07993143706616]}},{"type":"Feature","id":"220953","geometry":{"type":"Polygon","coordinates":[[[-86.6543180173563,36.0793781961927],[-86.6543988527725,36.0793316064831],[-86.6548514159478,36.0797137444232],[-86.6546900164336,36.0798398890422],[-86.6542183399023,36.0794380747277],[-86.6543180173563,36.0793781961927]]]},"properties":{"id":"220953","parcel":"14902011200","address":"2212 OAK BARREL LN","owner":"PROGRESS RESIDENTIAL BORROWER 15, LLC","point":[-86.65453415889786,36.07957590792109]}},{"type":"Feature","id":"220966","geometry":{"type":"Polygon","coordinates":[[[-86.6502063336827,36.0749750857828],[-86.6502851093524,36.0749196277543],[-86.6503443871442,36.074879477669],[-86.6504056049829,36.0748412944979],[-86.650649785244,36.0751235947194],[-86.6504882231141,36.0752299552301],[-86.6504693668725,36.0752410453922],[-86.6502063336827,36.0749750857828]]]},"properties":{"id":"220966","parcel":"149070A10400CO","address":"740 DOVER GLEN DR","owner":"PORTE-BLANCO, JEHONEL & PORTE-CORTES, TATIANA","point":[-86.65043264891474,36.07504935384145]}},{"type":"Feature","id":"220967","geometry":{"type":"Polygon","coordinates":[[[-86.6500111315301,36.0751125103861],[-86.6502063336827,36.0749750857828],[-86.6504693668725,36.0752410453922],[-86.650315892546,36.0753429673809],[-86.6502862582443,36.075360708525],[-86.6500111315301,36.0751125103861]]]},"properties":{"id":"220967","parcel":"149070A10500CO","address":"736 DOVER GLEN DR","owner":"GRANT-MICAH, VICKY","point":[-86.65024407247716,36.07517678926477]}},{"type":"Feature","id":"220969","geometry":{"type":"Polygon","coordinates":[[[-86.6502862582443,36.075360708525],[-86.650315892546,36.0753429673809],[-86.6505699005588,36.075616308263],[-86.6504195054819,36.0757068476997],[-86.6503894056558,36.075724968114],[-86.6501462467776,36.0754537665763],[-86.6502862582443,36.075360708525]]]},"properties":{"id":"220969","parcel":"149070A11300CO","address":"613 CADOGAN CT","owner":"MURPHY, LARRY E. & MELINDA D.","point":[-86.65035674888446,36.075535033742206]}},{"type":"Feature","id":"220970","geometry":{"type":"Polygon","coordinates":[[[-86.6504693668725,36.0752410453922],[-86.6504882231141,36.0752299552301],[-86.6507450110741,36.0755120709459],[-86.6505699005588,36.075616308263],[-86.650315892546,36.0753429673809],[-86.6504693668725,36.0752410453922]]]},"properties":{"id":"220970","parcel":"149070A11400CO","address":"617 CADOGAN CT","owner":"WEAKLEY, PATRICIA A.","point":[-86.65053125536545,36.07542752169838]}},{"type":"Feature","id":"220971","geometry":{"type":"Polygon","coordinates":[[[-86.6506760668601,36.0756882586735],[-86.65085657595,36.075581794735],[-86.6511898822665,36.0759514046031],[-86.6510147680286,36.0760556416721],[-86.6506760668601,36.0756882586735]]]},"properties":{"id":"220971","parcel":"149070A12200CO","address":"616 CADOGAN CT","owner":"KING, CATRENA DENISE","point":[-86.65093429941206,36.075819835772435]}},{"type":"Feature","id":"220972","geometry":{"type":"Polygon","coordinates":[[[-86.6505009716287,36.0757946922227],[-86.6506760668601,36.0756882586735],[-86.6510147680286,36.0760556416721],[-86.650838630732,36.0761587853433],[-86.6505009716287,36.0757946922227]]]},"properties":{"id":"220972","parcel":"149070A12300CO","address":"612 CADOGAN CT","owner":"GARCIA, ARTURO CASTILLO","point":[-86.65075822615941,36.075925168261335]}},{"type":"Feature","id":"220973","geometry":{"type":"Polygon","coordinates":[[[-86.6503154195552,36.075905303478],[-86.6505009716287,36.0757946922227],[-86.650838630732,36.0761587853433],[-86.6507365855574,36.0762186738363],[-86.6505975248751,36.0762095445362],[-86.6503154195552,36.075905303478]]]},"properties":{"id":"220973","parcel":"149070A12400CO","address":"608 CADOGAN CT","owner":"CLARK, SAMMIE L. & DIANE Y.","point":[-86.65057701512146,36.07603204466719]}},{"type":"Feature","id":"221145","geometry":{"type":"Polygon","coordinates":[[[-86.6527210981367,36.0785763734378],[-86.6527569945294,36.0783322357947],[-86.6531606493731,36.0783652130283],[-86.6531236702051,36.0784774948141],[-86.6530760616865,36.0786140092124],[-86.6527210981367,36.0785763734378]]]},"properties":{"id":"221145","parcel":"14902009500","address":"904 SPLIT OAK DR","owner":"DUKULY, YOUSFF E","point":[-86.65294311025274,36.07842077770268]}},{"type":"Feature","id":"221146","geometry":{"type":"Polygon","coordinates":[[[-86.6527852640954,36.0788897455281],[-86.6527534043228,36.0788838749467],[-86.6527396188232,36.0788808590947],[-86.6527266630324,36.0788759920254],[-86.6527149078178,36.0788694132321],[-86.6527046945002,36.0788613146427],[-86.652696319214,36.0788519289872],[-86.6526900217825,36.0788415271544],[-86.6526859856519,36.0788304100803],[-86.6526843267075,36.0788188988947],[-86.6526850931995,36.0788073259093],[-86.6527210981367,36.0785763734378],[-86.6530760616865,36.0786140092124],[-86.6530758107372,36.0789128959082],[-86.6530027031599,36.0789118859132],[-86.6529297680639,36.0789076808019],[-86.6528572187397,36.0789002938401],[-86.6527852640954,36.0788897455281]]]},"properties":{"id":"221146","parcel":"14902009600","address":"900 SPLIT OAK DR","owner":"RH PARTNERS OWNERCO 2, LLC","point":[-86.65288811175125,36.07871068954245]}},{"type":"Feature","id":"221147","geometry":{"type":"Polygon","coordinates":[[[-86.6532481999873,36.0784768201172],[-86.6535568193885,36.0784751474762],[-86.653562501769,36.0785080819098],[-86.6536673262778,36.0787448640315],[-86.653671474818,36.0787547835638],[-86.6536736382152,36.0787651104227],[-86.6536737632551,36.0787755844269],[-86.6536718466691,36.0787859433214],[-86.653667935163,36.0787959263829],[-86.6536621299179,36.0788052816052],[-86.6536545744371,36.0788137729759],[-86.6536454601711,36.0788211894583],[-86.653635016504,36.078827342342],[-86.6536235064008,36.0788320760822],[-86.6536112175708,36.0788352737546],[-86.6534544902144,36.0788712859005],[-86.6534006682436,36.078882307356],[-86.6533463661485,36.0788916514026],[-86.6532481999873,36.0784768201172]]]},"properties":{"id":"221147","parcel":"14902009800","address":"2536 OAK FOREST DR","owner":"ABDELSAYED, FADLE & MARIAM SAID","point":[-86.6534491504972,36.078625993796926]}},{"type":"Feature","id":"221148","geometry":{"type":"Polygon","coordinates":[[[-86.6531606493731,36.0783652130283],[-86.653194017195,36.0781430657607],[-86.6532043063723,36.0780770795324],[-86.65359944306,36.0783914046468],[-86.6535840500111,36.0784052659739],[-86.6535717848574,36.0784210507994],[-86.6535630057642,36.0784382993318],[-86.6535579683947,36.0784565081728],[-86.6535568193885,36.0784751474762],[-86.6532481999873,36.0784768201172],[-86.6531236702051,36.0784774948141],[-86.6531606493731,36.0783652130283]]]},"properties":{"id":"221148","parcel":"14902009900","address":"805 SPLIT OAK CT","owner":"MITCHELL, CHRISTOPHER C.","point":[-86.65330256551695,36.078254501719485]}},{"type":"Feature","id":"221149","geometry":{"type":"Polygon","coordinates":[[[-86.6538627262187,36.0796509819393],[-86.6540378446447,36.079546740824],[-86.6545259447483,36.0799704434897],[-86.6543645441957,36.0800965876652],[-86.6538519704573,36.0796598313609],[-86.6538627262187,36.0796509819393]]]},"properties":{"id":"221149","parcel":"14902011000","address":"2208 OAK BARREL LN","owner":"MOHAREB, ABANOUB","point":[-86.65419063553736,36.07981514274078]}},{"type":"Feature","id":"221150","geometry":{"type":"Polygon","coordinates":[[[-86.6540971124619,36.079511256732],[-86.6542183399023,36.0794380747277],[-86.6546900164336,36.0798398890422],[-86.6545259447483,36.0799704434897],[-86.6540378446447,36.079546740824],[-86.6540971124619,36.079511256732]]]},"properties":{"id":"221150","parcel":"14902011100","address":"2210 OAK BARREL LN","owner":"YAMASA CO, LTD","point":[-86.65436232616189,36.07969331075011]}},{"type":"Feature","id":"221167","geometry":{"type":"Polygon","coordinates":[[[-86.6512396462701,36.0754170970329],[-86.6512513369859,36.0754045078741],[-86.6512605011896,36.075390608381],[-86.6512669228815,36.0753757295898],[-86.6512704484246,36.0753602256332],[-86.6512709942559,36.0753444664881],[-86.6512685456803,36.0753288262656],[-86.6512631623843,36.0753136786748],[-86.6515790772003,36.0752130758396],[-86.6517449791673,36.0756363327614],[-86.6516559348782,36.0756719776007],[-86.6512396462701,36.0754170970329]]]},"properties":{"id":"221167","parcel":"149070A11900CO","address":"628 CADOGAN CT","owner":"SHERRELL, KAWANDA","point":[-86.65156029105111,36.07552691280491]}},{"type":"Feature","id":"221168","geometry":{"type":"Polygon","coordinates":[[[-86.6509939702358,36.0754997384098],[-86.6510343926293,36.0754775432854],[-86.6513676835343,36.0758449545321],[-86.6511898822665,36.0759514046031],[-86.65085657595,36.075581794735],[-86.6509939702358,36.0754997384098]]]},"properties":{"id":"221168","parcel":"149070A12100CO","address":"620 CADOGAN CT","owner":"PROGRESS NASHVILLE LLC","point":[-86.6511117773393,36.07571337388053]}},{"type":"Feature","id":"221169","geometry":{"type":"Polygon","coordinates":[[[-86.6505939202177,36.0762093071242],[-86.6500752921151,36.0761743619054],[-86.6499842525053,36.0761688890097],[-86.6499788587767,36.0761601783697],[-86.649975295371,36.076150869325],[-86.6499736609161,36.0761412109986],[-86.6499739986412,36.0761314663317],[-86.6499762995892,36.0761218976452],[-86.6499805026026,36.0761127648376],[-86.6499864909113,36.0761043154893],[-86.6499941053888,36.0760967766794],[-86.6500031389865,36.0760903532135],[-86.6500133477696,36.0760852194524],[-86.6503154195552,36.075905303478],[-86.6505975248751,36.0762095445362],[-86.6505939202177,36.0762093071242]]]},"properties":{"id":"221169","parcel":"149070A12500CO","address":"600 CADOGAN CT","owner":"PROGRESS RESIDENTIAL BORROWER 12, LLC","point":[-86.65028192605219,36.07599560458601]}},{"type":"Feature","id":"221286","geometry":{"type":"Polygon","coordinates":[[[-86.6560411775112,36.0772371054141],[-86.6561039318086,36.0771832863977],[-86.6561683041883,36.0771307419647],[-86.6562342560611,36.0770795047688],[-86.6562440327829,36.0770734418084],[-86.6562547887859,36.0770685938511],[-86.6562662984311,36.0770650639694],[-86.6562783169684,36.0770629264995],[-86.6562905894104,36.0770622260907],[-86.6563033506495,36.0770630389745],[-86.656315814972,36.0770654063805],[-86.6563276965886,36.0770692730841],[-86.656338723867,36.0770745504362],[-86.6563486437877,36.0770811181415],[-86.6563572297297,36.0770888260191],[-86.6563642848239,36.0770974966871],[-86.6564504659188,36.0772231671392],[-86.6564798820169,36.0772688533242],[-86.6565062925763,36.0773157338429],[-86.6565296243573,36.0773636793116],[-86.656549812964,36.077412555792],[-86.6565668017565,36.0774622275004],[-86.6564466945486,36.0775007885292],[-86.6564279238373,36.0775228675704],[-86.6560411775112,36.0772371054141]]]},"properties":{"id":"221286","parcel":"14902004200","address":"2501 OAK FOREST DR","owner":"LINNING, MINDY S. & LOGAN","point":[-86.6563037428157,36.07729175076726]}},{"type":"Feature","id":"221288","geometry":{"type":"Polygon","coordinates":[[[-86.6554968926266,36.0778413781159],[-86.655568982652,36.0777604954404],[-86.6560177833114,36.0780151841478],[-86.655932007411,36.078118939448],[-86.6558730306487,36.0781895890541],[-86.655424120691,36.0779217146718],[-86.6554968926266,36.0778413781159]]]},"properties":{"id":"221288","parcel":"14902004600","address":"2517 OAK FOREST DR","owner":"YAMASA CO., LTD","point":[-86.65571895163323,36.07796844403106]}},{"type":"Feature","id":"221289","geometry":{"type":"Polygon","coordinates":[[[-86.6551234402242,36.0782288272611],[-86.6551780452828,36.0781798307193],[-86.6552299980286,36.078128970298],[-86.6552792037579,36.0780763402485],[-86.6557010970156,36.0783509549733],[-86.6555505114393,36.0784748446703],[-86.6555128646961,36.0785058172914],[-86.6551234402242,36.0782288272611]]]},"properties":{"id":"221289","parcel":"14902004800","address":"2525 OAK FOREST DR","owner":"PRIEPOT, JEFFREY S. & INEKE","point":[-86.65540830797843,36.078289880077726]}},{"type":"Feature","id":"221291","geometry":{"type":"Polygon","coordinates":[[[-86.6547737198281,36.0784988455318],[-86.654866011198,36.0784342397627],[-86.6549567372336,36.078368187758],[-86.655319308839,36.078671695755],[-86.655243997937,36.078731442707],[-86.6551203376183,36.078837603324],[-86.6547737198281,36.0784988455318]]]},"properties":{"id":"221291","parcel":"14902005000","address":"2533 OAK FOREST DR","owner":"LINDSEY, SUZANNE ELIZABETH","point":[-86.65503912768204,36.07858524969363]}},{"type":"Feature","id":"221293","geometry":{"type":"Polygon","coordinates":[[[-86.6537702128409,36.0774300893154],[-86.6538290038714,36.0770078142185],[-86.6540987276253,36.0772151319185],[-86.654174997001,36.077271857491],[-86.6538734459876,36.0774734831134],[-86.6538560542671,36.0774604457787],[-86.6538366739174,36.0774494110573],[-86.6538156518351,36.0774405744475],[-86.6537933657055,36.0774340952293],[-86.6537702128409,36.0774300893154]]]},"properties":{"id":"221293","parcel":"14902005800","address":"720 OAK CREEK DR","owner":"BAF 3, LLC","point":[-86.65396659531685,36.07724300325202]}},{"type":"Feature","id":"221621","geometry":{"type":"Polygon","coordinates":[[[-86.6527569945294,36.0783322357947],[-86.6527930159939,36.0781034814068],[-86.653194017195,36.0781430657607],[-86.6531606493731,36.0783652130283],[-86.6527569945294,36.0783322357947]]]},"properties":{"id":"221621","parcel":"14902009400","address":"908 SPLIT OAK DR","owner":"CAMPBELL, CHERYL","point":[-86.65297585130789,36.07823765197852]}},{"type":"Feature","id":"221623","geometry":{"type":"Polygon","coordinates":[[[-86.6538214670014,36.0783945963089],[-86.6539883880149,36.078281608584],[-86.6542267513511,36.0786253543778],[-86.6541577945988,36.0786567533385],[-86.6540875303109,36.0786861801411],[-86.6540160436741,36.0787135973687],[-86.6539434210153,36.0787389712036],[-86.6539303495438,36.0787425823353],[-86.6539167329422,36.0787444416293],[-86.6539029249861,36.0787445002998],[-86.6538892853956,36.0787427572971],[-86.6538761687178,36.0787392575648],[-86.6538639143425,36.0787340929955],[-86.6538528408988,36.0787273961524],[-86.6538432374027,36.0787193439217],[-86.6538353531322,36.0787101413452],[-86.6538293921573,36.0787000315634],[-86.6538018525328,36.0786430406301],[-86.6537968028196,36.07862938928],[-86.6537946313147,36.0786152455436],[-86.6537953990112,36.078601005654],[-86.6537990858935,36.0785870707895],[-86.6538055863553,36.0785738299742],[-86.6538147191623,36.0785616564196],[-86.6538288638287,36.0785474728664],[-86.6538403681866,36.0785317948872],[-86.6538489995187,36.0785149455021],[-86.653854578562,36.0784972672691],[-86.6538569928447,36.078479124015],[-86.6538561921348,36.0784608873397],[-86.653851916851,36.0784429885621],[-86.653844598217,36.0784257507053],[-86.6538343811461,36.078409513667],[-86.6538214670014,36.0783945963089]]]},"properties":{"id":"221623","parcel":"14902010200","address":"800 SPLIT OAK CT","owner":"STANLEY, LUIS & RINA","point":[-86.65399821817441,36.0785065291996]}},{"type":"Feature","id":"221625","geometry":{"type":"Polygon","coordinates":[[[-86.6541851409869,36.0781750525193],[-86.6544825658668,36.0781294836874],[-86.6547145021451,36.0783501908516],[-86.6546752952933,36.0783765922759],[-86.6546593314667,36.0783870500001],[-86.6545972809531,36.0784263997642],[-86.654533948951,36.0784643801974],[-86.6544693818758,36.0785009649087],[-86.6541851409869,36.0781750525193]]]},"properties":{"id":"221625","parcel":"14902010400","address":"2524 OAK FOREST DR","owner":"REED, BENNIE S., JR. ET UX","point":[-86.65444202046156,36.07826259948588]}},{"type":"Feature","id":"221671","geometry":{"type":"Polygon","coordinates":[[[-86.6498661869072,36.0756354868314],[-86.6499739119072,36.0755667782501],[-86.6502089135969,36.0758336285752],[-86.6500337994418,36.0759378642163],[-86.6498015585681,36.0756775915472],[-86.6498661869072,36.0756354868314]]]},"properties":{"id":"221671","parcel":"149070A11100CO","address":"605 CADOGAN CT","owner":"ARNOLD, WALLACE JACKSON","point":[-86.65000568924359,36.07575561155753]}},{"type":"Feature","id":"221673","geometry":{"type":"Polygon","coordinates":[[[-86.6500762414801,36.0755002959878],[-86.6501462467776,36.0754537665763],[-86.6503894056558,36.075724968114],[-86.6502089135969,36.0758336285752],[-86.6499739119072,36.0755667782501],[-86.6500762414801,36.0755002959878]]]},"properties":{"id":"221673","parcel":"149070A11200CO","address":"609 CADOGAN CT","owner":"VILLARREAL, CRYSTAL","point":[-86.6501810295049,36.07564587152544]}},{"type":"Feature","id":"221675","geometry":{"type":"Polygon","coordinates":[[[-86.650649785244,36.0751235947194],[-86.6506632664716,36.0751169308895],[-86.6509255016766,36.0754034105749],[-86.6507450110741,36.0755120709459],[-86.6504882231141,36.0752299552301],[-86.650649785244,36.0751235947194]]]},"properties":{"id":"221675","parcel":"149070A11500CO","address":"621 CADOGAN CT","owner":"ANDINO, DENIS O AGUILERA & AGUIRRE, RITA LIZETH M","point":[-86.65070663942869,36.07531668245214]}},{"type":"Feature","id":"221677","geometry":{"type":"Polygon","coordinates":[[[-86.6506632664716,36.0751169308895],[-86.6508113616097,36.0750194312336],[-86.6508599620359,36.0750037848863],[-86.6510569229932,36.0752532576824],[-86.651040015149,36.075263520851],[-86.6510253234133,36.0752758296745],[-86.6510132193741,36.0752898721062],[-86.6510040098753,36.0753052931878],[-86.650997925997,36.0753217050226],[-86.650989731109,36.0753411754877],[-86.650978105897,36.0753594594626],[-86.6509633024648,36.0753761608239],[-86.6509456398084,36.0753909173357],[-86.6509255016766,36.0754034105749],[-86.6506632664716,36.0751169308895]]]},"properties":{"id":"221677","parcel":"149070A11600CO","address":"625 CADOGAN CT","owner":"SHAHINI, AJSHE & FISNIK","point":[-86.65086436933761,36.0751851068992]}},{"type":"Feature","id":"221748","geometry":{"type":"Polygon","coordinates":[[[-86.6544207472529,36.0787029490337],[-86.6545130973264,36.0786549736516],[-86.6546040373215,36.078605255567],[-86.6549401891825,36.0789880252443],[-86.6549321403588,36.0789968600595],[-86.6548702922652,36.0790477425437],[-86.6547625294517,36.0791120610014],[-86.654743670665,36.0791231518337],[-86.6544207472529,36.0787029490337]]]},"properties":{"id":"221748","parcel":"14902007100","address":"2541 OAK FOREST DR","owner":"WARD, JASON & TERESA","point":[-86.65467265263858,36.07884546490235]}},{"type":"Feature","id":"221750","geometry":{"type":"Polygon","coordinates":[[[-86.6542346403134,36.0787874708676],[-86.6543282388258,36.0787460006064],[-86.6544207472529,36.0787029490337],[-86.654743670665,36.0791231518337],[-86.6545847435176,36.0792207123175],[-86.6545308534036,36.0792517728148],[-86.6542346403134,36.0787874708676]]]},"properties":{"id":"221750","parcel":"14902007200","address":"2545 OAK FOREST DR","owner":"DARNELL, DEBORAH A.","point":[-86.65447820548853,36.07895528005463]}},{"type":"Feature","id":"221752","geometry":{"type":"Polygon","coordinates":[[[-86.6528623707845,36.077648184437],[-86.6528983927456,36.0774194299738],[-86.6532994086146,36.0774612112084],[-86.6532737469148,36.0776327702603],[-86.653263369722,36.0776877685646],[-86.6528623707845,36.077648184437]]]},"properties":{"id":"221752","parcel":"14902009100","address":"920 SPLIT OAK DR","owner":"LANGLEY, WALTER","point":[-86.65308253477943,36.07754640030748]}},{"type":"Feature","id":"221780","geometry":{"type":"Polygon","coordinates":[[[-86.6499537356713,36.0744240887232],[-86.6500451622507,36.0743488741461],[-86.6501721763569,36.0743218177053],[-86.6504264799178,36.0746622315917],[-86.6503685479386,36.0746932985584],[-86.6503119421641,36.0747259373873],[-86.6502567266651,36.0747601089797],[-86.6499537356713,36.0744240887232]]]},"properties":{"id":"221780","parcel":"149070A02100CO","address":"741 DOVER GLEN DR","owner":"SOTO, EVA DIAZ","point":[-86.65019930637918,36.074543187236806]}},{"type":"Feature","id":"221782","geometry":{"type":"Polygon","coordinates":[[[-86.6509143095998,36.0741674377298],[-86.6510006271744,36.0741497021827],[-86.6511438478837,36.0741208042023],[-86.6512160602912,36.0744208391489],[-86.6511487496476,36.0744302218573],[-86.6510818601669,36.0744414156314],[-86.6510154661151,36.0744544065516],[-86.6509143095998,36.0741674377298]]]},"properties":{"id":"221782","parcel":"149070A02500CO","address":"757 DOVER GLEN DR","owner":"YAMASA CO., LTD","point":[-86.65107225636446,36.074294159121294]}},{"type":"Feature","id":"221784","geometry":{"type":"Polygon","coordinates":[[[-86.6518561255861,36.0743958302453],[-86.6518620152438,36.0740653958516],[-86.6521025744148,36.0740609169222],[-86.65206110242,36.0744075839047],[-86.6519587175104,36.0744005218245],[-86.6518561255861,36.0743958302453]]]},"properties":{"id":"221784","parcel":"149070A02900CO","address":"773 DOVER GLEN DR","owner":"YAMASA CO. LTD","point":[-86.6519706332596,36.07423093704411]}},{"type":"Feature","id":"221847","geometry":{"type":"Polygon","coordinates":[[[-86.6560177833114,36.0780151841478],[-86.6560392405745,36.077990892331],[-86.6567019998607,36.0782554024322],[-86.6565002702734,36.078414734473],[-86.655932007411,36.078118939448],[-86.6560177833114,36.0780151841478]]]},"properties":{"id":"221847","parcel":"14902012300","address":"2234 OAK BARREL LN","owner":"FISHER, RONNIE & GAYTHEL","point":[-86.65629713489729,36.078187114582136]}},{"type":"Feature","id":"221899","geometry":{"type":"Polygon","coordinates":[[[-86.6569184803839,36.0790932640307],[-86.6571402723308,36.0790678811602],[-86.6571284054555,36.0792701328327],[-86.6569184803839,36.0790932640307]]]},"properties":{"id":"221899","parcel":"14902003600","address":"0 UNA ANTIOCH PIKE","owner":"NASHVILLE HAMERE NOHE KIDANE MIHIRET CHURCH EHTIOPIAN","point":[-86.65707850927828,36.07918185604699]}},{"type":"Feature","id":"221901","geometry":{"type":"Polygon","coordinates":[[[-86.6569593454637,36.0779543452035],[-86.656950995695,36.0779463494754],[-86.6569172498243,36.0779061262329],[-86.6568863926902,36.0778644028314],[-86.6568585242312,36.0778213157231],[-86.6568337344303,36.0777770059209],[-86.6568121077486,36.0777316180727],[-86.6567937120232,36.077685300522],[-86.657212138865,36.0776104229508],[-86.6571969576741,36.0778615908668],[-86.6570784735547,36.0779553471273],[-86.6570783588308,36.0779554369794],[-86.657066988507,36.0779629363203],[-86.6570541951548,36.0779687300807],[-86.6570403614913,36.0779726449312],[-86.6570259040096,36.0779745641386],[-86.6570112552309,36.0779744294664],[-86.6569968548591,36.0779722457285],[-86.6569831331057,36.0779680781767],[-86.6569705051234,36.0779620507281],[-86.6569593454637,36.0779543452035]]]},"properties":{"id":"221901","parcel":"14902003700","address":"5000 OAKWOOD FOREST DR","owner":"RENDEROS, JENNIFER M. & TORRES, MILTON R. MACHUCA","point":[-86.65702339955277,36.07779966823451]}},{"type":"Feature","id":"221903","geometry":{"type":"Polygon","coordinates":[[[-86.6567484148663,36.0774939376611],[-86.6572267086147,36.0774081555505],[-86.657212138865,36.0776104229508],[-86.6567937120232,36.077685300522],[-86.6567799231343,36.0776427874136],[-86.656768857847,36.077599752946],[-86.6567605448658,36.0775563123274],[-86.6567484148663,36.0774939376611]]]},"properties":{"id":"221903","parcel":"14902003800","address":"5004 OAKWOOD FOREST DR","owner":"HANNA, HANNA & SAMUEL, NOURA","point":[-86.65698633366493,36.07752578876685]}},{"type":"Feature","id":"221905","geometry":{"type":"Polygon","coordinates":[[[-86.6566012206729,36.0771606381578],[-86.6570904242018,36.0769693607815],[-86.6572577375518,36.0769047164396],[-86.6572411180041,36.0771861103992],[-86.6566913558739,36.077322850071],[-86.6566648719166,36.077267506062],[-86.656634798673,36.0772133848064],[-86.6566012206729,36.0771606381578]]]},"properties":{"id":"221905","parcel":"14902004000","address":"5012 OAKWOOD FOREST DR","owner":"SANTIAGO, JAVIER SEPULVEDA & JIMENEZ, ZULEMA MALDONAD","point":[-86.65704701286087,36.07706557557667]}},{"type":"Feature","id":"221907","geometry":{"type":"Polygon","coordinates":[[[-86.6564466945486,36.0775007885292],[-86.6565668017565,36.0774622275004],[-86.6565817488356,36.0775176785237],[-86.6565817649594,36.0775177487359],[-86.6565927363175,36.0775738811473],[-86.6566037844356,36.077630433136],[-86.6566037970799,36.0776304853414],[-86.6566188557725,36.0776864035151],[-86.6566188785725,36.0776864754934],[-86.656637914482,36.0777416185313],[-86.656637930375,36.0777416608049],[-86.6566608626807,36.077795786701],[-86.6566608796467,36.0777958244623],[-86.6566608943476,36.0777958568284],[-86.6566609124238,36.0777958945837],[-86.6566876540823,36.0778488145407],[-86.6566876901602,36.077848881039],[-86.6567181881934,36.0779004980049],[-86.6567182252996,36.0779005545834],[-86.6567523984298,36.0779507058663],[-86.6564854108984,36.0779269268452],[-86.6561652238718,36.0778385662034],[-86.6562965848602,36.077681816015],[-86.6564279238373,36.0775228675704],[-86.6564466945486,36.0775007885292]]]},"properties":{"id":"221907","parcel":"14902004100","address":"5005 OAKWOOD FOREST DR","owner":"FERRELL, MONIQUE TASHAWNE","point":[-86.65644941541852,36.07771353411308]}},{"type":"Feature","id":"221909","geometry":{"type":"Polygon","coordinates":[[[-86.6558196463888,36.0774618950943],[-86.6558665901054,36.0774094447354],[-86.6562965848602,36.077681816015],[-86.6561652238718,36.0778385662034],[-86.6557110455526,36.0775883037341],[-86.6558196463888,36.0774618950943]]]},"properties":{"id":"221909","parcel":"14902004400","address":"2509 OAK FOREST DR","owner":"SMITH, DONALD","point":[-86.65600928861316,36.07763507594112]}},{"type":"Feature","id":"221911","geometry":{"type":"Polygon","coordinates":[[[-86.6552792037579,36.0780763402485],[-86.6553081292827,36.0780469824291],[-86.6553355649303,36.0780166962704],[-86.6553808309802,36.0779698125281],[-86.655424120691,36.0779217146718],[-86.6558730306487,36.0781895890541],[-86.6558381997143,36.0782337321993],[-86.6557064571252,36.0783443329519],[-86.6557010970156,36.0783509549733],[-86.6552792037579,36.0780763402485]]]},"properties":{"id":"221911","parcel":"14902004700","address":"2521 OAK FOREST DR","owner":"BLAND, BRODERICK","point":[-86.65557219048726,36.078132953734496]}},{"type":"Feature","id":"221913","geometry":{"type":"Polygon","coordinates":[[[-86.6537941000607,36.0780299279493],[-86.6539759975276,36.0777630212026],[-86.6540370561262,36.0777889154385],[-86.6540995924383,36.0778123726745],[-86.6541634572164,36.0778333360361],[-86.6542285023898,36.0778517567543],[-86.6541147556809,36.0781754344281],[-86.6537941000607,36.0780299279493]]]},"properties":{"id":"221913","parcel":"14902005300","address":"709 OAK CREEK DR","owner":"CONTE, MICHAEL & WEGER, COURTNEY & AMY","point":[-86.65402606353209,36.077940885164246]}},{"type":"Feature","id":"221915","geometry":{"type":"Polygon","coordinates":[[[-86.6532377259377,36.0778615248239],[-86.653263369722,36.0776877685646],[-86.6532737469148,36.0776327702603],[-86.6536062892566,36.0775782230871],[-86.6536103198003,36.077594051159],[-86.6536171916183,36.077609220312],[-86.6536267531938,36.0776233969921],[-86.6536387943388,36.0776362686924],[-86.6536530495994,36.077647552948],[-86.6536692049316,36.0776569991024],[-86.6535579821248,36.0779586848412],[-86.6532377259377,36.0778615248239]]]},"properties":{"id":"221915","parcel":"14902005500","address":"717 OAK CREEK DR","owner":"THANG, KAM SUAN & PI PI, CING","point":[-86.65343798998849,36.07777518883847]}},{"type":"Feature","id":"221917","geometry":{"type":"Polygon","coordinates":[[[-86.6546692770272,36.0777900263968],[-86.6548313718116,36.0774199345646],[-86.6548966488379,36.0774569407794],[-86.6550843465596,36.0775658051827],[-86.6548675143538,36.0778636686255],[-86.6548200761106,36.0778416853923],[-86.6547711072289,36.0778220384619],[-86.6547207803744,36.0778047980959],[-86.6546692770272,36.0777900263968]]]},"properties":{"id":"221917","parcel":"14902006200","address":"704 OAK CREEK DR","owner":"HANNA, HANNA & YACOUB,  M.","point":[-86.65486052548043,36.077677869073206]}},{"type":"Feature","id":"221919","geometry":{"type":"Polygon","coordinates":[[[-86.6548675143538,36.0778636686255],[-86.6550843465596,36.0775658051827],[-86.6550925039505,36.0775701564038],[-86.655375383416,36.0777312478732],[-86.6552925536549,36.0778226247392],[-86.6551660964628,36.0779587474935],[-86.6551553673166,36.0779676825141],[-86.6551429239552,36.077975005445],[-86.655129127701,36.0779805061265],[-86.6551143802533,36.0779840237497],[-86.6550991115349,36.0779854541335],[-86.6550837653265,36.0779847579138],[-86.6550687870097,36.0779819552026],[-86.6550546146847,36.0779771256362],[-86.6550416592165,36.0779704120885],[-86.6549862298137,36.0779320726344],[-86.654928113835,36.0778964506906],[-86.6548675143538,36.0778636686255]]]},"properties":{"id":"221919","parcel":"14902006300","address":"700 OAK CREEK DR","owner":"FRANKUM, JASON ROBERT","point":[-86.65513273182967,36.07777635744432]}},{"type":"Feature","id":"222027","geometry":{"type":"Polygon","coordinates":[[[-86.6549401891825,36.0789880252443],[-86.6550907766832,36.078864136325],[-86.6554915954017,36.0792091922802],[-86.655330197929,36.0793353377715],[-86.6549321403588,36.0789968600595],[-86.6549401891825,36.0789880252443]]]},"properties":{"id":"222027","parcel":"14902011600","address":"2220 OAK BARREL LN","owner":"ARCOS, JOSE JUIS & HERNANDEZ, LUZ MARIA","point":[-86.65521263228882,36.0791030286953]}},{"type":"Feature","id":"222028","geometry":{"type":"Polygon","coordinates":[[[-86.6521631466384,36.0793964648949],[-86.6521821332319,36.0794007559286],[-86.6524046461303,36.0794632896661],[-86.6525131874342,36.0794934647548],[-86.6525498064969,36.0799965387341],[-86.6524991748968,36.0800001601253],[-86.6524488509247,36.0800059546196],[-86.6523989754584,36.0800139070342],[-86.6523496904197,36.08002399407],[-86.6521631466384,36.0793964648949]]]},"properties":{"id":"222028","parcel":"14902013000","address":"4920 OAK BARREL DR","owner":"BURNETT, OSCAR L. & TUGGLE, ANTWANA N.","point":[-86.65239901163451,36.07974461758078]}},{"type":"Feature","id":"222029","geometry":{"type":"Polygon","coordinates":[[[-86.6525498064969,36.0799965387341],[-86.6525131874342,36.0794934647548],[-86.6526787227665,36.0795409205984],[-86.6528252546326,36.0795818826479],[-86.6527582988486,36.0799998056169],[-86.6527063326264,36.079995581467],[-86.6526541607699,36.0799936260288],[-86.6526019354366,36.0799939456887],[-86.6525498064969,36.0799965387341]]]},"properties":{"id":"222029","parcel":"14902013100","address":"4916 OAK BARREL DR","owner":"GABER, HOSAM","point":[-86.65266340653976,36.079787533271414]}},{"type":"Feature","id":"222030","geometry":{"type":"Polygon","coordinates":[[[-86.6527582988486,36.0799998056169],[-86.6528252546326,36.0795818826479],[-86.6529636472385,36.0796206921825],[-86.6531155940109,36.0796616245525],[-86.6529643712309,36.0800382477916],[-86.6528966923141,36.0800220181489],[-86.6528279155261,36.0800091877329],[-86.6527582988486,36.0799998056169]]]},"properties":{"id":"222030","parcel":"14902013200","address":"4912 OAK BARREL DR","owner":"CHRISTIAN, KRISANN & LAYMAN, CHRISTOPHER","point":[-86.65291651559829,36.079830656056174]}},{"type":"Feature","id":"222119","geometry":{"type":"Polygon","coordinates":[[[-86.6545309874082,36.0774347515209],[-86.6544821689552,36.0774240263368],[-86.6545389013483,36.0770808809961],[-86.6545638257196,36.0770825491354],[-86.6545887637871,36.0770810284632],[-86.6546131019128,36.077076359264],[-86.6546362392651,36.0770686538557],[-86.6546576056347,36.0770581028018],[-86.6546766735874,36.0770449676351],[-86.6546944551194,36.0770360529396],[-86.654713789159,36.0770296101356],[-86.6547341586641,36.0770258141747],[-86.6547550171114,36.0770247653631],[-86.654801272033,36.0770289187004],[-86.6548471496914,36.0770352533667],[-86.6547334598927,36.0773655242685],[-86.6545581095907,36.0774411980373],[-86.6545309874082,36.0774347515209]]]},"properties":{"id":"222119","parcel":"14902006700","address":"613 OAK FOREST LN","owner":"ROMERO, GABRIEL & SILVIA","point":[-86.65464866460029,36.077224036796025]}},{"type":"Feature","id":"222120","geometry":{"type":"Polygon","coordinates":[[[-86.6556843247001,36.0772765698121],[-86.6556720881001,36.0772703174826],[-86.6554516871518,36.0771352576075],[-86.6557119552674,36.076852539863],[-86.6559916418408,36.0770678620313],[-86.6559717438748,36.0770857327474],[-86.6559107113749,36.077138587872],[-86.6558522512294,36.0771933243645],[-86.655796451601,36.0772498624363],[-86.6557882812229,36.0772594063818],[-86.6557782452531,36.0772676950763],[-86.6557666303946,36.0772744908241],[-86.6557537692187,36.0772795980405],[-86.6557400313355,36.0772828696083],[-86.6557258112408,36.0772842141548],[-86.6557115138391,36.0772835907225],[-86.6556975522971,36.0772810177936],[-86.6556843247001,36.0772765698121]]]},"properties":{"id":"222120","parcel":"14902006900","address":"600 OAK FOREST LN","owner":"VELASQUEZ, ALEX ERNESTO LIMA","point":[-86.65574422705612,36.07707611555816]}},{"type":"Feature","id":"222121","geometry":{"type":"Polygon","coordinates":[[[-86.6546040373215,36.078605255567],[-86.6547737198281,36.0784988455318],[-86.6551203376183,36.078837603324],[-86.6550907766832,36.078864136325],[-86.6549401891825,36.0789880252443],[-86.6546040373215,36.078605255567]]]},"properties":{"id":"222121","parcel":"14902007000","address":"2537 OAK FOREST DR","owner":"DESTA, SHEMELS & SPURLOCK, RONALD","point":[-86.6548537728784,36.07872140549198]}},{"type":"Feature","id":"222122","geometry":{"type":"Polygon","coordinates":[[[-86.6538378432333,36.0789302755201],[-86.6539385797725,36.0788995605881],[-86.6540376495876,36.0788654585883],[-86.6543180173563,36.0793781961927],[-86.6542183399023,36.0794380747277],[-86.6540971124619,36.079511256732],[-86.6538378432333,36.0789302755201]]]},"properties":{"id":"222122","parcel":"14902007400","address":"2553 OAK FOREST DR","owner":"HUNTER, BENJAMIN S.","point":[-86.65406667348888,36.07915420360889]}},{"type":"Feature","id":"222123","geometry":{"type":"Polygon","coordinates":[[[-86.6535061817033,36.0790106410963],[-86.6536325327079,36.0789841353509],[-86.6538627262187,36.0796509819393],[-86.6538519704573,36.0796598313609],[-86.6536741628628,36.0797662841026],[-86.6536121868081,36.0798017835662],[-86.6534217158201,36.0790270326574],[-86.6535061817033,36.0790106410963]]]},"properties":{"id":"222123","parcel":"14902007600","address":"2561 OAK FOREST DR","owner":"D & D WATERMAN IRR CATASTROPHIC ILLNESS TR","point":[-86.65362672859231,36.07933896273474]}},{"type":"Feature","id":"222124","geometry":{"type":"Polygon","coordinates":[[[-86.6525131874342,36.0794934647548],[-86.6524046461303,36.0794632896661],[-86.6525821840305,36.0789942191145],[-86.6526489316353,36.0790091020538],[-86.6527162993192,36.0790220213142],[-86.6527841958835,36.0790329584616],[-86.6526787227665,36.0795409205984],[-86.6525131874342,36.0794934647548]]]},"properties":{"id":"222124","parcel":"14902008000","address":"2577 OAK FOREST DR","owner":"BLANCO, BERTHA & JUAN","point":[-86.65261281733937,36.07924817754194]}},{"type":"Feature","id":"222125","geometry":{"type":"Polygon","coordinates":[[[-86.6522157877009,36.0780847026359],[-86.6522210420655,36.0780488032429],[-86.6526301639083,36.078088345537],[-86.6525968306381,36.0783148880013],[-86.6521877076454,36.0782753455962],[-86.652189453422,36.0782634978323],[-86.6522157877009,36.0780847026359]]]},"properties":{"id":"222125","parcel":"14902008500","address":"909 SPLIT OAK DR","owner":"TREJO, DANIEL SERRANO","point":[-86.6524098152104,36.078175921907466]}},{"type":"Feature","id":"222126","geometry":{"type":"Polygon","coordinates":[[[-86.6522434918305,36.077905896409],[-86.6522570660549,36.0778200489935],[-86.6526662047883,36.077861788392],[-86.6526301639083,36.078088345537],[-86.6522210420655,36.0780488032429],[-86.6522434918305,36.077905896409]]]},"properties":{"id":"222126","parcel":"14902008600","address":"913 SPLIT OAK DR","owner":"CAMO, EVILIA GARCIA & TECU, AMILCAR MANUEL","point":[-86.65243994827772,36.077977952256305]}},{"type":"Feature","id":"222128","geometry":{"type":"Polygon","coordinates":[[[-86.6528983927456,36.0774194299738],[-86.6529036388614,36.0773773009355],[-86.6529058203254,36.0773349938171],[-86.6529049283652,36.0772926564765],[-86.6529009675162,36.0772504348964],[-86.6528939512028,36.0772084759128],[-86.6532725842887,36.0771624711205],[-86.6532994086146,36.0774612112084],[-86.6528983927456,36.0774194299738]]]},"properties":{"id":"222128","parcel":"14902009000","address":"924 SPLIT OAK DR","owner":"RUIZ, DEMETRIO RODRIGUEZ","point":[-86.65309582395211,36.0773143765315]}},{"type":"Feature","id":"222146","geometry":{"type":"Polygon","coordinates":[[[-86.6511438478837,36.0741208042023],[-86.6513805747118,36.0740727091722],[-86.6514269462977,36.0744019382288],[-86.6513629205796,36.0744064183617],[-86.6512990023638,36.0744118243969],[-86.6512160602912,36.0744208391489],[-86.6511438478837,36.0741208042023]]]},"properties":{"id":"222146","parcel":"149070A02600CO","address":"761 DOVER GLEN DR","owner":"HAYES, OMAH & PAULETTE","point":[-86.65129240072537,36.074261391676195]}},{"type":"Feature","id":"222147","geometry":{"type":"Polygon","coordinates":[[[-86.65164122918,36.0743936978602],[-86.6516279399263,36.0740692317899],[-86.6518620152438,36.0740653958516],[-86.6518561255861,36.0743958302453],[-86.6517486966913,36.0743934638979],[-86.65164122918,36.0743936978602]]]},"properties":{"id":"222147","parcel":"149070A02800CO","address":"769 DOVER GLEN DR","owner":"GRADY, KEVIN L.","point":[-86.65174681091763,36.07423151782757]}},{"type":"Feature","id":"222151","geometry":{"type":"Polygon","coordinates":[[[-86.651436364638,36.074976497402],[-86.6519070106076,36.0749278013516],[-86.651896590355,36.0749493451456],[-86.6518829894571,36.0749696876054],[-86.6518722957015,36.0749867201609],[-86.6518652455965,36.0750049605584],[-86.6518620314738,36.0750238994358],[-86.6518627466979,36.0750430081378],[-86.6518673691311,36.0750617532258],[-86.6518757701483,36.0750796126515],[-86.6515790772003,36.0752130758396],[-86.651436364638,36.074976497402]]]},"properties":{"id":"222151","parcel":"149070A09600CO","address":"908 SEPTO CT","owner":"REMPIS, CALLY LEIGH & STEVEN RUSSELL","point":[-86.65168204286597,36.07507013230434]}},{"type":"Feature","id":"222152","geometry":{"type":"Polygon","coordinates":[[[-86.6513896961641,36.0748976324066],[-86.6513262894097,36.0745475559449],[-86.6514474264315,36.0745384311629],[-86.6515688839725,36.0745327888802],[-86.6515808147706,36.0747647358283],[-86.65141165852,36.0749348745454],[-86.6513896961641,36.0748976324066]]]},"properties":{"id":"222152","parcel":"149070A09900CO","address":"760 DOVER GLEN DR","owner":"AGIN, EVELYN","point":[-86.65146057405043,36.074656166374325]}},{"type":"Feature","id":"222153","geometry":{"type":"Polygon","coordinates":[[[-86.6506188830581,36.0747291788039],[-86.6506944926534,36.0746971321453],[-86.6507717924657,36.0746678612737],[-86.6508506264627,36.074641427414],[-86.6510057823212,36.0749590438482],[-86.6508599620359,36.0750037848863],[-86.6508113616097,36.0750194312336],[-86.6506188830581,36.0747291788039]]]},"properties":{"id":"222153","parcel":"149070A10200CO","address":"748 DOVER GLEN DR","owner":"RS RENTAL II, LLC","point":[-86.65082235292161,36.07484414067458]}},{"type":"Feature","id":"222219","geometry":{"type":"Polygon","coordinates":[[[-86.6548702922652,36.0790477425437],[-86.6549321403588,36.0789968600595],[-86.655330197929,36.0793353377715],[-86.6551715066875,36.0794614683337],[-86.6547625294517,36.0791120610014],[-86.6548702922652,36.0790477425437]]]},"properties":{"id":"222219","parcel":"14902011500","address":"2218 OAK BARREL LN","owner":"GIRGIS, ALAA","point":[-86.65504605465193,36.0792236988331]}},{"type":"Feature","id":"222220","geometry":{"type":"Polygon","coordinates":[[[-86.655319308839,36.078671695755],[-86.6553972549394,36.0786031442387],[-86.6558116831932,36.0789569153554],[-86.6556529753384,36.0790808493394],[-86.655243997937,36.078731442707],[-86.655319308839,36.078671695755]]]},"properties":{"id":"222220","parcel":"14902011800","address":"2224 OAK BARREL LN","owner":"VOGT, RICKY J. & SHIRLEY J.","point":[-86.65552778575837,36.078844179209824]}},{"type":"Feature","id":"222221","geometry":{"type":"Polygon","coordinates":[[[-86.6555128646961,36.0785058172914],[-86.6555505114393,36.0784748446703],[-86.6559703713003,36.0788307839413],[-86.6558116831932,36.0789569153554],[-86.6553972549394,36.0786031442387],[-86.6555128646961,36.0785058172914]]]},"properties":{"id":"222221","parcel":"14902011900","address":"2226 OAK BARREL LN","owner":"ARMM ASSETS 2 LLC","point":[-86.655683350695,36.078716963104135]}},{"type":"Feature","id":"222222","geometry":{"type":"Polygon","coordinates":[[[-86.6557064571252,36.0783443329519],[-86.6558381997143,36.0782337321993],[-86.6563066077753,36.0785674293816],[-86.6561317496949,36.0787024403479],[-86.6557064571252,36.0783443329519]]]},"properties":{"id":"222222","parcel":"14902012100","address":"2230 OAK BARREL LN","owner":"TAYLOR, AVA M.","point":[-86.65599448406859,36.07845584696134]}},{"type":"Feature","id":"222223","geometry":{"type":"Polygon","coordinates":[[[-86.6558730306487,36.0781895890541],[-86.655932007411,36.078118939448],[-86.6565002702734,36.078414734473],[-86.6563066077753,36.0785674293816],[-86.6558381997143,36.0782337321993],[-86.6558730306487,36.0781895890541]]]},"properties":{"id":"222223","parcel":"14902012200","address":"2232 OAK BARREL LN","owner":"WOLDE, FIKERU","point":[-86.65614584311658,36.078324166684894]}},{"type":"Feature","id":"222224","geometry":{"type":"Polygon","coordinates":[[[-86.6560392405745,36.077990892331],[-86.6561652238718,36.0778385662034],[-86.6564854108984,36.0779269268452],[-86.6567523984298,36.0779507058663],[-86.6567868884552,36.0779952683725],[-86.6567869411715,36.0779953329776],[-86.656824363311,36.078038403201],[-86.6568419454181,36.0780570702746],[-86.6568429488037,36.0780581093923],[-86.6568440367145,36.078059300366],[-86.6568441151446,36.0780593864617],[-86.6568499430573,36.0780667902763],[-86.6568553057486,36.0780762055803],[-86.6568589197459,36.078086154056],[-86.6568607100235,36.0780964243113],[-86.6568606359052,36.0781067966552],[-86.6568587011156,36.0781170502537],[-86.6568560559001,36.0781245011343],[-86.6568560439336,36.0781245309418],[-86.6568554162321,36.0781259592868],[-86.6568553987891,36.0781259981369],[-86.6568553835069,36.0781260297649],[-86.656855363836,36.078126067726],[-86.6568506806277,36.0781345130077],[-86.6568506587215,36.0781345491782],[-86.6568506411891,36.0781345772135],[-86.6568506159448,36.078134612501],[-86.6568445517573,36.0781425434649],[-86.6567019998607,36.0782554024322],[-86.6560392405745,36.077990892331]]]},"properties":{"id":"222224","parcel":"14902012400","address":"2236 OAK BARREL LN","owner":"CEESAY, MARIAMA & JANNETH, BAMBA","point":[-86.65650505580633,36.078046796870886]}},{"type":"Feature","id":"222225","geometry":{"type":"Polygon","coordinates":[[[-86.6515627499119,36.0798571965134],[-86.6516333435266,36.0797683263892],[-86.6518398584523,36.0795083442987],[-86.6521579290182,36.0800799735591],[-86.6521053016768,36.0801024729783],[-86.6520540250444,36.0801269424776],[-86.6520042130442,36.0801533291684],[-86.6515627499119,36.0798571965134]]]},"properties":{"id":"222225","parcel":"14902012800","address":"4928 OAK BARREL DR","owner":"PNB HOLDING CO 1, INC","point":[-86.65180397830355,36.079813359914]}},{"type":"Feature","id":"222504","geometry":{"type":"Polygon","coordinates":[[[-86.6550925039505,36.0775701564038],[-86.6553796283463,36.0772609193006],[-86.6555755199337,36.0773785294957],[-86.6555853919483,36.077385618464],[-86.655594517526,36.0773948177844],[-86.6556016249122,36.0774051231353],[-86.6556065152209,36.0774162471891],[-86.6556090504181,36.0774278770507],[-86.6556091623162,36.0774396877287],[-86.6556068437437,36.077451348492],[-86.6556021630455,36.0774625309026],[-86.655595249769,36.0774729233137],[-86.6554968682455,36.0775912322533],[-86.6553958384711,36.0777080611807],[-86.655375383416,36.0777312478732],[-86.6550925039505,36.0775701564038]]]},"properties":{"id":"222504","parcel":"14902006400","address":"601 OAK FOREST LN","owner":"VELASQUEZ, ALEX & ISRAEL","point":[-86.65534625603392,36.077521546964554]}},{"type":"Feature","id":"222508","geometry":{"type":"Polygon","coordinates":[[[-86.6550843465596,36.0775658051827],[-86.6548966488379,36.0774569407794],[-86.6551456923947,36.0771259342501],[-86.6551707406471,36.0771371010921],[-86.655194620595,36.0771498434086],[-86.6553796283463,36.0772609193006],[-86.6550925039505,36.0775701564038],[-86.6550843465596,36.0775658051827]]]},"properties":{"id":"222508","parcel":"14902006500","address":"605 OAK FOREST LN","owner":"SHAW, OSCAR N. ET UX","point":[-86.65512948911916,36.07735890539707]}},{"type":"Feature","id":"222511","geometry":{"type":"Polygon","coordinates":[[[-86.6548313718116,36.0774199345646],[-86.6547334598927,36.0773655242685],[-86.6548471496914,36.0770352533667],[-86.6548994083581,36.0770441968094],[-86.654950910746,36.0770556733324],[-86.6550014699827,36.0770696397894],[-86.6550509058039,36.0770860466893],[-86.6550990378563,36.0771048337263],[-86.6551456923947,36.0771259342501],[-86.6548966488379,36.0774569407794],[-86.6548313718116,36.0774199345646]]]},"properties":{"id":"222511","parcel":"14902006600","address":"609 OAK FOREST LN","owner":"KRE BT PROPERTY OWNER LLC","point":[-86.65491508535594,36.07724565892721]}},{"type":"Feature","id":"222514","geometry":{"type":"Polygon","coordinates":[[[-86.6531155940109,36.0796616245525],[-86.6529636472385,36.0796206921825],[-86.6529972300823,36.0790540564936],[-86.6530767826828,36.0790571964556],[-86.6531438488174,36.0790562464053],[-86.6532107541611,36.079052350002],[-86.6532729905953,36.0797069236466],[-86.6531155940109,36.0796616245525]]]},"properties":{"id":"222514","parcel":"14902007800","address":"2569 OAK FOREST DR","owner":"BOONE, MATTHEW D","point":[-86.65310920785042,36.07933920194758]}},{"type":"Feature","id":"222517","geometry":{"type":"Polygon","coordinates":[[[-86.6520186703592,36.0792832352844],[-86.6520753925723,36.0788639421968],[-86.6520945048181,36.0788674610685],[-86.6520945537493,36.078867470718],[-86.6520945859975,36.0788674768525],[-86.6521619976515,36.0788822618345],[-86.6523697790588,36.0789337057563],[-86.6521821332319,36.0794007559286],[-86.6521631466384,36.0793964648949],[-86.6519709989988,36.0793432488767],[-86.6520186703592,36.0792832352844]]]},"properties":{"id":"222517","parcel":"14902008200","address":"2605 OAK FOREST DR","owner":"OMATU, EMMANUEL N.","point":[-86.65217090702781,36.07910840298324]}},{"type":"Feature","id":"222522","geometry":{"type":"Polygon","coordinates":[[[-86.6521158438266,36.0787305258722],[-86.6521513299273,36.0785019043892],[-86.6525608254507,36.078545839549],[-86.652530031549,36.0787520398422],[-86.6525254273513,36.0787682724886],[-86.6525208769832,36.0787775415507],[-86.6525145108454,36.0787860768838],[-86.6525065002295,36.0787936459316],[-86.6524970654849,36.0788000411079],[-86.6524864638869,36.0788050897766],[-86.6524749818659,36.0788086542941],[-86.6524629350364,36.0788106356135],[-86.6524506505074,36.0788109823942],[-86.6522113042679,36.0787508714211],[-86.6521638182148,36.0787399443154],[-86.6521158438266,36.0787305258722]]]},"properties":{"id":"222522","parcel":"14902008300","address":"901 SPLIT OAK DR","owner":"ESTES, AUSTIN & JESSICA","point":[-86.65233860770414,36.078638183710595]}},{"type":"Feature","id":"222526","geometry":{"type":"Polygon","coordinates":[[[-86.6522875316884,36.0776299428682],[-86.6522931248147,36.0775956900774],[-86.6527022263009,36.0776330340053],[-86.6526662047883,36.077861788392],[-86.6522570660549,36.0778200489935],[-86.6522656680467,36.0777670044484],[-86.6522875316884,36.0776299428682]]]},"properties":{"id":"222526","parcel":"14902008700","address":"917 SPLIT OAK DR","owner":"TURNER, ARTHUR C. & DESIREE A. WILLABUS-","point":[-86.6524840163899,36.07770001962716]}},{"type":"Feature","id":"222591","geometry":{"type":"Polygon","coordinates":[[[-86.6501721763569,36.0743218177053],[-86.6504180834816,36.0742677464336],[-86.6506052714918,36.0745797351169],[-86.6505445549358,36.0746056141008],[-86.6504849352532,36.0746331229607],[-86.6504264799178,36.0746622315917],[-86.6501721763569,36.0743218177053]]]},"properties":{"id":"222591","parcel":"149070A02200CO","address":"745 DOVER GLEN DR","owner":"POTTER, CALVIN & SAMARITAN","point":[-86.65039819676035,36.074450804237856]}},{"type":"Feature","id":"222594","geometry":{"type":"Polygon","coordinates":[[[-86.6504180834816,36.0742677464336],[-86.6506670397136,36.074217298476],[-86.6508068578383,36.0745079802637],[-86.6507386242873,36.0745299442032],[-86.6506714004293,36.0745538728549],[-86.6506052714918,36.0745797351169],[-86.6504180834816,36.0742677464336]]]},"properties":{"id":"222594","parcel":"149070A02300CO","address":"749 DOVER GLEN DR","owner":"THOMPSON, JOHN L.","point":[-86.65061960521348,36.07438788430376]}},{"type":"Feature","id":"222597","geometry":{"type":"Polygon","coordinates":[[[-86.6506670397136,36.074217298476],[-86.6509143095998,36.0741674377298],[-86.6510154661151,36.0744544065516],[-86.6509266808203,36.0744747907771],[-86.6508716259107,36.0744892111107],[-86.6508170919471,36.0745048849927],[-86.6508068578383,36.0745079802637],[-86.6506670397136,36.074217298476]]]},"properties":{"id":"222597","parcel":"149070A02400CO","address":"753 DOVER GLEN DR","owner":"WHITAKER, ABRAHAM & VERONICA","point":[-86.65084885580276,36.07433587478858]}},{"type":"Feature","id":"222600","geometry":{"type":"Polygon","coordinates":[[[-86.6513805747118,36.0740727091722],[-86.6515783893962,36.0740699277258],[-86.6516279399263,36.0740692317899],[-86.65164122918,36.0743936978602],[-86.6515340116318,36.0743965242635],[-86.6514269462977,36.0744019382288],[-86.6513805747118,36.0740727091722]]]},"properties":{"id":"222600","parcel":"149070A02700CO","address":"765 DOVER GLEN DR","owner":"HARRIS, ISAIAH LUKE & SUTTON, VICTORIA A","point":[-86.65151890324734,36.074233226852066]}},{"type":"Feature","id":"222603","geometry":{"type":"Polygon","coordinates":[[[-86.651971021436,36.0751406289284],[-86.651995285856,36.0751427256684],[-86.6520196531701,36.0751416673628],[-86.652043504092,36.0751374807944],[-86.6520662321988,36.0751302719897],[-86.6520872627816,36.0751202234128],[-86.6523629120609,36.0753912425713],[-86.6522623963127,36.0754310723991],[-86.6520937489951,36.075498190157],[-86.6519250991369,36.0755650327995],[-86.6518637115209,36.0755895398125],[-86.651971021436,36.0751406289284]]]},"properties":{"id":"222603","parcel":"149070A09400CO","address":"913 SEPTO CT","owner":"BELL, DONALD & ANGELA","point":[-86.65208884138907,36.07526672230335]}},{"type":"Feature","id":"222606","geometry":{"type":"Polygon","coordinates":[[[-86.6515790772003,36.0752130758396],[-86.6518757701483,36.0750796126515],[-86.6518861364368,36.0750943817717],[-86.651899168555,36.0751076854128],[-86.6519145608384,36.0751192097783],[-86.6519319468956,36.0751286819581],[-86.6519509163339,36.0751358788504],[-86.651971021436,36.0751406289284],[-86.6518637115209,36.0755895398125],[-86.6517564478922,36.0756318761121],[-86.6517449791673,36.0756363327614],[-86.6515790772003,36.0752130758396]]]},"properties":{"id":"222606","parcel":"149070A09500CO","address":"912 SEPTO CT","owner":"WRIGHT, WILLIAM & SUSAN","point":[-86.6517806784078,36.07540148016465]}},{"type":"Feature","id":"222609","geometry":{"type":"Polygon","coordinates":[[[-86.6515688839725,36.0745327888802],[-86.6515768050732,36.074532621691],[-86.6516980958306,36.0745306051329],[-86.6518193980699,36.0745321538596],[-86.6518332353704,36.0745334607062],[-86.6518466224719,36.0745365932777],[-86.6518591934293,36.0745414679311],[-86.6518706085343,36.0745479513115],[-86.6518805588081,36.0745558666362],[-86.6518887727213,36.0745650008689],[-86.6518950295231,36.0745751055489],[-86.6518991593302,36.0745859076054],[-86.6519010475897,36.0745971120379],[-86.6519006463069,36.0746084171768],[-86.6518966046073,36.074641909015],[-86.6518943590313,36.074675511912],[-86.6518934243554,36.0747159835949],[-86.651894776657,36.074756447417],[-86.6515808147706,36.0747647358283],[-86.6515688839725,36.0745327888802]]]},"properties":{"id":"222609","parcel":"149070A09800CO","address":"764 DOVER GLEN DR","owner":"EALY, LAUCRITIA S.","point":[-86.65173539751709,36.074658245422434]}},{"type":"Feature","id":"222612","geometry":{"type":"Polygon","coordinates":[[[-86.651085346931,36.0745826654305],[-86.65116230728,36.0745686286945],[-86.6512399137738,36.074557168787],[-86.6513180333626,36.0745483062536],[-86.6513262894097,36.0745475559449],[-86.6513896961641,36.0748976324066],[-86.6513084851718,36.074898071187],[-86.6511947895591,36.0748986853888],[-86.651085346931,36.0745826654305]]]},"properties":{"id":"222612","parcel":"149070A10000CO","address":"756 DOVER GLEN DR","owner":"JONES, JERALD W.","point":[-86.65125051240854,36.07474018681655]}},{"type":"Feature","id":"222646","geometry":{"type":"Polygon","coordinates":[[[-86.6529643712309,36.0800382477916],[-86.6531155940109,36.0796616245525],[-86.6532729905953,36.0797069236466],[-86.6534086576946,36.0797435492174],[-86.6531598697056,36.080107514804],[-86.653113065217,36.0800865549323],[-86.653064757026,36.0800679780611],[-86.6530151289111,36.0800518552957],[-86.6529643712309,36.0800382477916]]]},"properties":{"id":"222646","parcel":"14902013300","address":"4908 OAK BARREL DR","owner":"RAMAGE, STEVE & MY","point":[-86.65316571124548,36.07989083851306]}},{"type":"Feature","id":"222649","geometry":{"type":"Polygon","coordinates":[[[-86.6531598697056,36.080107514804],[-86.6534086576946,36.0797435492174],[-86.6536121868081,36.0798017835662],[-86.6536654130396,36.0800190658524],[-86.6533911393541,36.0802469163373],[-86.6533490313928,36.0802147678478],[-86.653304698534,36.0801846556751],[-86.653258288166,36.080156680863],[-86.6532099576243,36.0801309389935],[-86.6531598697056,36.080107514804]]]},"properties":{"id":"222649","parcel":"14902013400","address":"4904 OAK BARREL DR","owner":"IBRAHIM, ADEL & KHALIL, SAMIA","point":[-86.65346703471491,36.07990992820028]}},{"type":"Feature","id":"222765","geometry":{"type":"Polygon","coordinates":[[[-86.6512354641639,36.0765884198622],[-86.6509713476408,36.0762347353378],[-86.6517555807799,36.0762875699433],[-86.6517868689879,36.0762896774231],[-86.6512354641639,36.0765884198622]]]},"properties":{"id":"222765","parcel":"149030A02900CO","address":"3261 CLAPHAM RD","owner":"PROGRESS RESIDENTIAL BORROWER 4, LLC","point":[-86.65131712199202,36.076438484607195]}},{"type":"Feature","id":"222768","geometry":{"type":"Polygon","coordinates":[[[-86.6500888171522,36.077008281021],[-86.6501523710731,36.0769943181444],[-86.6502165500369,36.0769823896587],[-86.6503120843048,36.0769662272293],[-86.650409241371,36.0773329993097],[-86.6502037854138,36.0773692701318],[-86.6500888171522,36.077008281021]]]},"properties":{"id":"222768","parcel":"149030A03900CO","address":"3248 CLAPHAM RD","owner":"HERNANDEZ, CARLOS SR.","point":[-86.6502533739138,36.077170652951935]}},{"type":"Feature","id":"222824","geometry":{"type":"Polygon","coordinates":[[[-86.6551203376183,36.078837603324],[-86.655243997937,36.078731442707],[-86.6556529753384,36.0790808493394],[-86.6554915954017,36.0792091922802],[-86.6550907766832,36.078864136325],[-86.6551203376183,36.078837603324]]]},"properties":{"id":"222824","parcel":"14902011700","address":"2222 OAK BARREL LN","owner":"RICHARDSON, JOHN V. & JACI W.","point":[-86.6553713946524,36.07897249177773]}},{"type":"Feature","id":"222827","geometry":{"type":"Polygon","coordinates":[[[-86.6557010970156,36.0783509549733],[-86.6557064571252,36.0783443329519],[-86.6561317496949,36.0787024403479],[-86.6559703713003,36.0788307839413],[-86.6555505114393,36.0784748446703],[-86.6557010970156,36.0783509549733]]]},"properties":{"id":"222827","parcel":"14902012000","address":"2228 OAK BARREL LN","owner":"CASTILLO, NICOLAS","point":[-86.65584067366888,36.07858864154947]}},{"type":"Feature","id":"222836","geometry":{"type":"Polygon","coordinates":[[[-86.6518398584523,36.0795083442987],[-86.6519709989988,36.0793432488767],[-86.6521631466384,36.0793964648949],[-86.6523496904197,36.08002399407],[-86.6522843074264,36.0800392360808],[-86.6522202950263,36.0800579225443],[-86.6521579290182,36.0800799735591],[-86.6518398584523,36.0795083442987]]]},"properties":{"id":"222836","parcel":"14902012900","address":"4924 OAK BARREL DR","owner":"MANUEL, JOSHUA MARK","point":[-86.65212816991988,36.07976626639495]}},{"type":"Feature","id":"223552","geometry":{"type":"Polygon","coordinates":[[[-86.6515037627951,36.0765751661636],[-86.6516855704971,36.0764766667244],[-86.6519260062279,36.0767600011878],[-86.6517427351484,36.0768598878517],[-86.6515037627951,36.0765751661636]]]},"properties":{"id":"223552","parcel":"149030A03200CO","address":"3276 CLAPHAM RD","owner":"PROGRESS RESIDENTIAL BORROWER 4, LLC","point":[-86.65171445657086,36.07666758261818]}},{"type":"Feature","id":"223558","geometry":{"type":"Polygon","coordinates":[[[-86.6511354241714,36.0767689126587],[-86.6511977722722,36.0767400837063],[-86.6512585328061,36.0767091029274],[-86.6513175952234,36.0766760286035],[-86.6515540661112,36.0769620034321],[-86.6515011763883,36.0769911320516],[-86.6513249892222,36.07708850487],[-86.6511354241714,36.0767689126587]]]},"properties":{"id":"223558","parcel":"149030A03400CO","address":"3268 CLAPHAM RD","owner":"HILL, JEROME M. SR.","point":[-86.6513334860911,36.076865425475475]}},{"type":"Feature","id":"224052","geometry":{"type":"Polygon","coordinates":[[[-86.6579552788453,36.0796906931176],[-86.6580635269345,36.0796857094707],[-86.6580429071248,36.0798110855976],[-86.6579396151898,36.0797611046215],[-86.6579552788453,36.0796906931176]]]},"properties":{"id":"224052","parcel":"14900028100","address":"408 LONDON CT","owner":"CEMETERY","point":[-86.65800215645945,36.079726054996826]}},{"type":"Feature","id":"224062","geometry":{"type":"Polygon","coordinates":[[[-86.6518966003679,36.077252382085],[-86.6515011763883,36.0769911320516],[-86.6515540661112,36.0769620034321],[-86.6517427351484,36.0768598878517],[-86.6520361087856,36.0771371226176],[-86.6520360564953,36.0771371093813],[-86.6519886960669,36.0771731616894],[-86.651943825976,36.0772112545301],[-86.6518989356716,36.0772539250678],[-86.6518966003679,36.077252382085]]]},"properties":{"id":"224062","parcel":"149030A09500CO","address":"2933 SPLIT OAK TRL","owner":"SHAKER, EBRAHEEM & GAMAL, MAGDA","point":[-86.6517852005824,36.0770641691978]}},{"type":"Feature","id":"224063","geometry":{"type":"Polygon","coordinates":[[[-86.6512825719359,36.0771568645408],[-86.6512922574502,36.0770999477119],[-86.6513249892222,36.07708850487],[-86.6515011763883,36.0769911320516],[-86.6518966003679,36.077252382085],[-86.6518989356716,36.0772539250678],[-86.6518575524846,36.0772982052393],[-86.6518193708961,36.0773443409471],[-86.6517845162374,36.0773921810028],[-86.6512825719359,36.0771568645408]]]},"properties":{"id":"224063","parcel":"149030A09600CO","address":"2929 SPLIT OAK TRL","owner":"MANGLUAK, AKOL & MALEK, AYEN M.","point":[-86.65160425743647,36.07720466635353]}},{"type":"Feature","id":"224151","geometry":{"type":"Polygon","coordinates":[[[-86.650017266303,36.0786443854781],[-86.6502284372467,36.0786034137453],[-86.6503394308563,36.0789747734418],[-86.6502458429621,36.0789934084013],[-86.6501275772465,36.0790151992608],[-86.650017266303,36.0786443854781]]]},"properties":{"id":"224151","parcel":"149030A06000CO","address":"2632 OAK FOREST DR","owner":"BEASLEY, MONICA A.","point":[-86.65017823287657,36.07880957923189]}},{"type":"Feature","id":"224153","geometry":{"type":"Polygon","coordinates":[[[-86.651306479388,36.0784632605514],[-86.6516360801549,36.0784369033607],[-86.6516439231599,36.0785066227792],[-86.6516548194245,36.0785760724328],[-86.6516687548946,36.0786451622685],[-86.6516701221486,36.0786570004065],[-86.651668952542,36.0786688513559],[-86.651665283151,36.0786803625155],[-86.6516592232607,36.0786911863013],[-86.6516509534175,36.0787009999802],[-86.6516407232314,36.078709508385],[-86.6516288381636,36.0787164575056],[-86.6516156551155,36.0787216381181],[-86.6516015691802,36.0787248948691],[-86.6515594236393,36.0787321093755],[-86.6515176051187,36.0787404811464],[-86.651391864674,36.0787649814351],[-86.651306479388,36.0784632605514]]]},"properties":{"id":"224153","parcel":"149030A06600CO","address":"2608 OAK FOREST DR","owner":"BROWN, TIM E. & ROCHELLE D.","point":[-86.65150485466152,36.07861016114178]}},{"type":"Feature","id":"224171","geometry":{"type":"Polygon","coordinates":[[[-86.6544466672192,36.0761046454415],[-86.6545921179545,36.076034451706],[-86.6547864574408,36.0763085646714],[-86.6546409704409,36.0763787092614],[-86.6544466672192,36.0761046454415]]]},"properties":{"id":"224171","parcel":"149070C02600CO","address":"3032 SPLIT OAK TRL","owner":"LESTOR, JOCELYNE","point":[-86.65461656193888,36.07620660517603]}},{"type":"Feature","id":"224172","geometry":{"type":"Polygon","coordinates":[[[-86.6544127400374,36.0761210103134],[-86.6544466672192,36.0761046454415],[-86.6546409704409,36.0763787092614],[-86.6544954820666,36.0764488527794],[-86.6543011937931,36.0761748111824],[-86.6544127400374,36.0761210103134]]]},"properties":{"id":"224172","parcel":"149070C02700CO","address":"3028 SPLIT OAK TRL","owner":"BISHARA, ELROUMANY & MEHAWD, HELANA","point":[-86.6544710821402,36.076276760342665]}},{"type":"Feature","id":"224390","geometry":{"type":"Polygon","coordinates":[[[-86.6518811077502,36.0792968719891],[-86.651724254959,36.0788487057473],[-86.651782916837,36.0788448601055],[-86.6518417484578,36.07884357045],[-86.6519005799927,36.0788448413037],[-86.6519592437666,36.0788486690671],[-86.6520175698175,36.0788550420418],[-86.6520753925723,36.0788639421968],[-86.6520186703592,36.0792832352844],[-86.6519709989988,36.0793432488767],[-86.6518811077502,36.0792968719891]]]},"properties":{"id":"224390","parcel":"149030A06800CO","address":"2609 OAK FOREST DR","owner":"HUMMITZSCH, CHELSEA & CHERYL ANN","point":[-86.65192487213965,36.079073234034226]}},{"type":"Feature","id":"224391","geometry":{"type":"Polygon","coordinates":[[[-86.6511824345017,36.0791501060005],[-86.6511489732588,36.0790313393622],[-86.6511440559069,36.0790205090983],[-86.6511414459161,36.0790091625565],[-86.6511412180946,36.0789976219913],[-86.6511433784385,36.0789862127325],[-86.6511478663308,36.0789752604697],[-86.6511545544006,36.0789650741282],[-86.6511632529421,36.078955943142],[-86.6511737153775,36.0789481266089],[-86.6512139090806,36.0789403549749],[-86.651489484975,36.0788870695368],[-86.6515588234756,36.0791178543003],[-86.6515561021476,36.0791164954563],[-86.6511955723585,36.0791840989264],[-86.6511874921701,36.0791674878122],[-86.6511824345017,36.0791501060005]]]},"properties":{"id":"224391","parcel":"149030A07000CO","address":"1201 FIELDOAK CT","owner":"KANBI, CECILIA","point":[-86.65135330184471,36.079073919804856]}},{"type":"Feature","id":"224392","geometry":{"type":"Polygon","coordinates":[[[-86.651301548638,36.0793142896083],[-86.6512984610225,36.0792979110993],[-86.6512923647611,36.0792820995257],[-86.6512834004718,36.0792672137384],[-86.6512717730323,36.0792535960175],[-86.6512577481313,36.0792415576716],[-86.6512416466875,36.0792313754617],[-86.6512232978084,36.0792176426286],[-86.6512078135494,36.0792017546802],[-86.6511955723585,36.0791840989264],[-86.6515561021476,36.0791164954563],[-86.6515588234756,36.0791178543003],[-86.6518811077502,36.0792968719891],[-86.6519709989988,36.0793432488767],[-86.651301548638,36.0793142896083]]]},"properties":{"id":"224392","parcel":"149030A07100CO","address":"1205 FIELDOAK CT","owner":"HARDRICK, MAURICE","point":[-86.65149301649393,36.07922526694294]}},{"type":"Feature","id":"224393","geometry":{"type":"Polygon","coordinates":[[[-86.6503902796437,36.0798200062937],[-86.6504810046273,36.0796582615936],[-86.651048564926,36.0793738940531],[-86.6510602491193,36.0793876656073],[-86.651074306602,36.0793998867598],[-86.6510904298892,36.0794102941937],[-86.6511082651466,36.0794186590916],[-86.6511274256015,36.0794247978778],[-86.65114749158,36.079428576725],[-86.6510521435843,36.0798747945283],[-86.6504135826113,36.0798967994265],[-86.6503902796437,36.0798200062937]]]},"properties":{"id":"224393","parcel":"149030A07400CO","address":"1208 FIELDOAK CT","owner":"WINFREY, LAVORIS L JR & KIANNA  L","point":[-86.65091678841725,36.07954371833107]}},{"type":"Feature","id":"224701","geometry":{"type":"Polygon","coordinates":[[[-86.655011126369,36.0753643471622],[-86.6552823931767,36.0750484609672],[-86.655493901738,36.075173686086],[-86.6551699748864,36.0754673296193],[-86.6551086733663,36.0754235179951],[-86.655011126369,36.0753643471622]]]},"properties":{"id":"224701","parcel":"149070C01300CO","address":"837 DOVER GLEN DR","owner":"SIRITHAI, PHAIBOON","point":[-86.65524084683742,36.07526898330949]}},{"type":"Feature","id":"224707","geometry":{"type":"Polygon","coordinates":[[[-86.6552263106527,36.0755106292354],[-86.655559046338,36.0752346559436],[-86.655704404234,36.0754212183862],[-86.6553667859586,36.0756387029203],[-86.6553234472367,36.0755944350444],[-86.6552263106527,36.0755106292354]]]},"properties":{"id":"224707","parcel":"149070C01400CO","address":"841 DOVER GLEN DR","owner":"SMITH, ANGELA M.","point":[-86.65545755081239,36.0754659016089]}},{"type":"Feature","id":"224711","geometry":{"type":"Polygon","coordinates":[[[-86.6557675871748,36.0760477582205],[-86.6560550331045,36.0758775294281],[-86.6561103451109,36.0759373898381],[-86.6559043159966,36.0761875124279],[-86.6558910433544,36.076173822075],[-86.6557675871748,36.0760477582205]]]},"properties":{"id":"224711","parcel":"149070C01800CO","address":"857 DOVER GLEN DR","owner":"ABE, EMMANUEL O & RIS KAT Y.","point":[-86.65596286998392,36.07599264276872]}},{"type":"Feature","id":"224716","geometry":{"type":"Polygon","coordinates":[[[-86.6548825563519,36.0758509092665],[-86.654931315385,36.0758100930408],[-86.6549777919981,36.0757675578338],[-86.6550656978336,36.0756834124664],[-86.6550753012194,36.0756755921405],[-86.6550863235155,36.0756691232356],[-86.6550984807589,36.0756641713277],[-86.6551114587072,36.0756608652048],[-86.6551249205583,36.0756592905161],[-86.6551385202568,36.0756594878971],[-86.6551519047002,36.075661451155],[-86.6551647293106,36.0756651307896],[-86.6551766613351,36.0756704303698],[-86.6551873921254,36.0756772145785],[-86.6551966460033,36.075685307362],[-86.6553211674003,36.0758134957414],[-86.6550187362389,36.0759933947334],[-86.6548825563519,36.0758509092665]]]},"properties":{"id":"224716","parcel":"149070C02300CO","address":"844 DOVER GLEN DR","owner":"ASSAL, SHERY REVOCABLE TRUST","point":[-86.65509719646163,36.0758321892795]}},{"type":"Feature","id":"224726","geometry":{"type":"Polygon","coordinates":[[[-86.6598358638901,36.0711799344195],[-86.6597106592149,36.0707718492751],[-86.6597620877064,36.0707656058309],[-86.6598137737885,36.070760971547],[-86.6598916339276,36.0707576531403],[-86.6599695998665,36.0707579842987],[-86.6600474140629,36.0707619655311],[-86.6601248144068,36.0707695820498],[-86.6600396313666,36.0712689246219],[-86.6598358638901,36.0711799344195]]]},"properties":{"id":"224726","parcel":"14909024000","address":"2346 RADER RIDGE RD","owner":"TIMMS, NATALIE & BRENDA","point":[-86.6599313642107,36.07097634053121]}},{"type":"Feature","id":"224838","geometry":{"type":"Polygon","coordinates":[[[-86.6510239584655,36.0766708784703],[-86.6507625347617,36.0762206670968],[-86.6509713476408,36.0762347353378],[-86.6512354641639,36.0765884198622],[-86.6511843348193,36.0766161211219],[-86.6511353032208,36.0766415848658],[-86.6510850930446,36.0766654876272],[-86.651033780608,36.0766877938426],[-86.6510239584655,36.0766708784703]]]},"properties":{"id":"224838","parcel":"149030A02800CO","address":"3257 CLAPHAM RD","owner":"MENDEZ, JUAN ANTONIO ABUNDES","point":[-86.65098820309876,36.07641124226687]}},{"type":"Feature","id":"224842","geometry":{"type":"Polygon","coordinates":[[[-86.6516855704971,36.0764766667244],[-86.6518703256355,36.0763765684196],[-86.6521065701977,36.0766601288834],[-86.651972494654,36.0767342011786],[-86.6519260062279,36.0767600011878],[-86.6516855704971,36.0764766667244]]]},"properties":{"id":"224842","parcel":"149030A03100CO","address":"3280 CLAPHAM RD","owner":"KOTUN, GILLIAN REVOCABLE LIVING TRUST","point":[-86.6518967778724,36.076568400043726]}},{"type":"Feature","id":"224849","geometry":{"type":"Polygon","coordinates":[[[-86.6513175952234,36.0766760286035],[-86.6515037627951,36.0765751661636],[-86.6517427351484,36.0768598878517],[-86.6515540661112,36.0769620034321],[-86.6513175952234,36.0766760286035]]]},"properties":{"id":"224849","parcel":"149030A03300CO","address":"3272 CLAPHAM RD","owner":"NAROUZ, NAROUZ & SALAMA, EMAN S.","point":[-86.65152959501351,36.07676795675843]}},{"type":"Feature","id":"224856","geometry":{"type":"Polygon","coordinates":[[[-86.6507416904307,36.0768926078524],[-86.6508099978363,36.0768776500924],[-86.6508774633495,36.0768603517064],[-86.6509439617714,36.0768407449164],[-86.6510982221045,36.0771666513976],[-86.6508579729621,36.0772514604455],[-86.6507416904307,36.0768926078524]]]},"properties":{"id":"224856","parcel":"149030A03600CO","address":"3260 CLAPHAM RD","owner":"BARBOUR, GLENN A. & NADINE D.","point":[-86.65090974340279,36.07702960001268]}},{"type":"Feature","id":"224861","geometry":{"type":"Polygon","coordinates":[[[-86.6503120843048,36.0769662272293],[-86.6505308260961,36.0769292184765],[-86.650625502492,36.0772944715997],[-86.650409241371,36.0773329993097],[-86.6503120843048,36.0769662272293]]]},"properties":{"id":"224861","parcel":"149030A03800CO","address":"3252 CLAPHAM RD","owner":"HENDERSON, DIANN CRUMP","point":[-86.65046925964175,36.07713035087804]}},{"type":"Feature","id":"224867","geometry":{"type":"Polygon","coordinates":[[[-86.6498385883721,36.0770856062435],[-86.6498996689317,36.0770632487858],[-86.6499618005445,36.0770428882761],[-86.6500248835473,36.0770245558934],[-86.6500888171522,36.077008281021],[-86.6502037854138,36.0773692701318],[-86.650030781181,36.0774009709877],[-86.6498385883721,36.0770856062435]]]},"properties":{"id":"224867","parcel":"149030A04000CO","address":"3244 CLAPHAM RD","owner":"PHIFER, BERNARD E. JR.","point":[-86.65004179793836,36.07722749851067]}},{"type":"Feature","id":"224932","geometry":{"type":"Polygon","coordinates":[[[-86.655704404234,36.0754212183862],[-86.655559046338,36.0752346559436],[-86.6552263106527,36.0755106292354],[-86.6551699748864,36.0754673296193],[-86.655493901738,36.075173686086],[-86.6552823931767,36.0750484609672],[-86.6550348755146,36.0749760380353],[-86.6547991561737,36.0749070673135],[-86.65460493948,36.0748502390654],[-86.6544139271011,36.0747943484693],[-86.6542281941993,36.0747464286942],[-86.6540297387815,36.0746959846701],[-86.6538425155319,36.0746186806992],[-86.6536621352027,36.0745318344207],[-86.6534813394297,36.074445452482],[-86.6532811084659,36.0743609294877],[-86.6530283253105,36.0742904786486],[-86.6527811995082,36.0742229131936],[-86.6528125437587,36.0741301944758],[-86.6530777414697,36.0741827944269],[-86.6531174798741,36.0742009842121],[-86.65332377343,36.0742679951702],[-86.6533292046326,36.0742701630604],[-86.6535463270451,36.0743371149517],[-86.6536142735712,36.0743697118495],[-86.6539919962126,36.074543478102],[-86.6541466946703,36.0745909880203],[-86.6542903125103,36.0746077899335],[-86.6545129765471,36.0746900939843],[-86.6547898915391,36.0747443561209],[-86.6550149765458,36.0747917574918],[-86.6551344475713,36.074835061995],[-86.6556367544867,36.0750147397796],[-86.6557109147914,36.0751440001898],[-86.6558839809965,36.0754485372524],[-86.6559087247867,36.0754945536439],[-86.6560892419899,36.075717733551],[-86.6561904198963,36.0758402555429],[-86.6561103451109,36.0759373898381],[-86.6560550331045,36.0758775294281],[-86.6559295136787,36.0757172318748],[-86.6558183353277,36.0755722392428],[-86.655704404234,36.0754212183862]]]},"properties":{"id":"224932","parcel":"149070C06500CO","address":"0 OAKWOOD FOREST DR","owner":"CHELSEA VILLAGE, LLC","point":[-86.65543458775055,36.07503152867731]}},{"type":"Feature","id":"225121","geometry":{"type":"Polygon","coordinates":[[[-86.6502284372467,36.0786034137453],[-86.6504406238155,36.0785624352602],[-86.6505499162715,36.078932705289],[-86.6503394308563,36.0789747734418],[-86.6502284372467,36.0786034137453]]]},"properties":{"id":"225121","parcel":"149030A06100CO","address":"2628 OAK FOREST DR","owner":"KAMAKE, KURDISTAN R.","point":[-86.65038948211377,36.07876806051705]}},{"type":"Feature","id":"225178","geometry":{"type":"Polygon","coordinates":[[[-86.6547319394901,36.0759571096599],[-86.6547839728103,36.0759234417998],[-86.6548342074877,36.0758880198794],[-86.6548825563519,36.0758509092665],[-86.6550187362389,36.0759933947334],[-86.6551370184282,36.0761171540496],[-86.6549572602215,36.0762189453832],[-86.6547319394901,36.0759571096599]]]},"properties":{"id":"225178","parcel":"149070C02400CO","address":"3040 SPLIT OAK TRL","owner":"BROWN, BENITA & LUSK, ASHLEE","point":[-86.65494682106012,36.07605489718074]}},{"type":"Feature","id":"225225","geometry":{"type":"Polygon","coordinates":[[[-86.6554915099104,36.0757658499466],[-86.6558183353277,36.0755722392428],[-86.6559295136787,36.0757172318748],[-86.655622126592,36.0758992259965],[-86.6554915099104,36.0757658499466]]]},"properties":{"id":"225225","parcel":"149070C01600CO","address":"849 DOVER GLEN DR","owner":"COON, ANTHONY D","point":[-86.65571050023438,36.0757415410778]}},{"type":"Feature","id":"225228","geometry":{"type":"Polygon","coordinates":[[[-86.6551785218182,36.0761605784492],[-86.6554826104677,36.0759796930642],[-86.6556031700064,36.0761038018601],[-86.6552978426506,36.0762854234123],[-86.6551785218182,36.0761605784492]]]},"properties":{"id":"225228","parcel":"149070C02100CO","address":"852 DOVER GLEN DR","owner":"PROGRESS RESIDENTIAL BORROWER 1, LLC","point":[-86.65539084587469,36.07613219034287]}},{"type":"Feature","id":"225374","geometry":{"type":"Polygon","coordinates":[[[-86.6518074902639,36.0784536112031],[-86.6521636185002,36.0784244224275],[-86.6521513299273,36.0785019043892],[-86.6521158438266,36.0787305258722],[-86.6520512713002,36.07872034367],[-86.6519861339015,36.0787128962691],[-86.6519206094074,36.0787082007327],[-86.6519132419855,36.0787075646111],[-86.6519059702018,36.0787064061306],[-86.6518929547954,36.078702923661],[-86.6518808017696,36.0786977808748],[-86.6518698319927,36.0786911130321],[-86.6518603322409,36.0786830952336],[-86.6518525518166,36.0786739361298],[-86.651846694776,36.0786638779636],[-86.6518429153931,36.0786531848776],[-86.6518371401456,36.0786290086121],[-86.6518210946555,36.0785497250044],[-86.6518093562981,36.0784699458357],[-86.6518074902639,36.0784536112031]]]},"properties":{"id":"225374","parcel":"149030A06700CO","address":"2900 SPLIT OAK TRL","owner":"MCKINLEY, FRED MYERS & DORIS LUCILLE","point":[-86.65198336629426,36.07858981480074]}},{"type":"Feature","id":"225381","geometry":{"type":"Polygon","coordinates":[[[-86.6515588234756,36.0791178543003],[-86.651489484975,36.0788870695368],[-86.6515609076961,36.0788732598878],[-86.6516148237236,36.0788628471107],[-86.651669319755,36.0788546555343],[-86.651724254959,36.0788487057473],[-86.6518811077502,36.0792968719891],[-86.6515588234756,36.0791178543003]]]},"properties":{"id":"225381","parcel":"149030A06900CO","address":"2613 OAK FOREST DR","owner":"WASHINGTON, HAYES I.","point":[-86.6516512401442,36.07900283136546]}},{"type":"Feature","id":"225387","geometry":{"type":"Polygon","coordinates":[[[-86.6512542320442,36.0794043749159],[-86.6512689887549,36.0793924541815],[-86.6512813211353,36.0793788368132],[-86.6512909342891,36.079363847063],[-86.6512976035018,36.0793478376447],[-86.6513011697772,36.0793311870545],[-86.651301548638,36.0793142896083],[-86.6519709989988,36.0793432488767],[-86.6518398584523,36.0795083442987],[-86.6516333435266,36.0797683263892],[-86.6512542320442,36.0794043749159]]]},"properties":{"id":"225387","parcel":"149030A07200CO","address":"1209 FIELDOAK CT","owner":"GARRETT, DONALD LEE & EVELYN M.","point":[-86.65161690683298,36.079637987523824]}},{"type":"Feature","id":"225393","geometry":{"type":"Polygon","coordinates":[[[-86.65114749158,36.079428576725],[-86.6511702439252,36.0794297192353],[-86.6511929154503,36.0794277743918],[-86.651214871507,36.079422795193],[-86.651235501486,36.0794149228336],[-86.6512542320442,36.0794043749159],[-86.6516333435266,36.0797683263892],[-86.6515627499119,36.0798571965134],[-86.6510521435843,36.0798747945283],[-86.65114749158,36.079428576725]]]},"properties":{"id":"225393","parcel":"149030A07300CO","address":"1212 FIELDOAK CT","owner":"AZURDIA, MARCCIO S. & GARDLETH","point":[-86.6512842032374,36.079598680957126]}},{"type":"Feature","id":"225458","geometry":{"type":"Polygon","coordinates":[[[-86.6545921179545,36.076034451706],[-86.6546398521602,36.0760100318655],[-86.6546864803411,36.0759842399531],[-86.6547319394901,36.0759571096599],[-86.6549572602215,36.0762189453832],[-86.6547864574408,36.0763085646714],[-86.6545921179545,36.076034451706]]]},"properties":{"id":"225458","parcel":"149070C02500CO","address":"3036 SPLIT OAK TRL","owner":"AGUILAR, ENRIQUE Y.","point":[-86.65476770652113,36.07612667857149]}},{"type":"Feature","id":"225463","geometry":{"type":"Polygon","coordinates":[[[-86.6541557212129,36.0762449758393],[-86.6543011937931,36.0761748111824],[-86.6544954820666,36.0764488527794],[-86.6543810368193,36.0765040303887],[-86.6543368026502,36.0765003904691],[-86.6541557212129,36.0762449758393]]]},"properties":{"id":"225463","parcel":"149070C02800CO","address":"3024 SPLIT OAK TRL","owner":"AGAIBY, TREZA","point":[-86.65432560136189,36.07634691442925]}},{"type":"Feature","id":"225469","geometry":{"type":"Polygon","coordinates":[[[-86.6537333053062,36.0764487143228],[-86.6541557212129,36.0762449758393],[-86.6543368026502,36.0765003904691],[-86.6541522757365,36.0764852084713],[-86.6537527206438,36.076450405292],[-86.6537333053062,36.0764487143228]]]},"properties":{"id":"225469","parcel":"149070C02900CO","address":"3020 SPLIT OAK TRL","owner":"BARSOUM, BASEM","point":[-86.65408651906307,36.076347255193234]}},{"type":"Feature","id":"225689","geometry":{"type":"Polygon","coordinates":[[[-86.6553667859586,36.0756387029203],[-86.655704404234,36.0754212183862],[-86.6558183353277,36.0755722392428],[-86.6554915099104,36.0757658499466],[-86.6554087634212,36.0756816046285],[-86.6553667859586,36.0756387029203]]]},"properties":{"id":"225689","parcel":"149070C01500CO","address":"845 DOVER GLEN DR","owner":"PROGRESS RESIDENTIAL BORROWER 6, LLC","point":[-86.65559028357352,36.075605464751376]}},{"type":"Feature","id":"225692","geometry":{"type":"Polygon","coordinates":[[[-86.655622126592,36.0758992259965],[-86.6559295136787,36.0757172318748],[-86.6560550331045,36.0758775294281],[-86.6557675871748,36.0760477582205],[-86.655622126592,36.0758992259965]]]},"properties":{"id":"225692","parcel":"149070C01700CO","address":"853 DOVER GLEN DR","owner":"ADAMS, TONI","point":[-86.65583858218909,36.075888377914566]}},{"type":"Feature","id":"225694","geometry":{"type":"Polygon","coordinates":[[[-86.6554205559282,36.0764167633708],[-86.6557289703499,36.0762333050369],[-86.655819966936,36.0763269795169],[-86.6556055426247,36.0765877480996],[-86.6554205559282,36.0764167633708]]]},"properties":{"id":"225694","parcel":"149070C01900CO","address":"860 DOVER GLEN DR","owner":"TESFAYE, ALEMAYEHU & WOLDEMARIAM, HELINA","point":[-86.65563964567048,36.07637192730558]}},{"type":"Feature","id":"225696","geometry":{"type":"Polygon","coordinates":[[[-86.6552978426506,36.0762854234123],[-86.6556031700064,36.0761038018601],[-86.6557289703499,36.0762333050369],[-86.6554205559282,36.0764167633708],[-86.6552978426506,36.0762854234123]]]},"properties":{"id":"225696","parcel":"149070C02000CO","address":"856 DOVER GLEN DR","owner":"HANNA, MAHER & AMIRA","point":[-86.65551340660429,36.076259364418995]}},{"type":"Feature","id":"225698","geometry":{"type":"Polygon","coordinates":[[[-86.6550187362389,36.0759933947334],[-86.6553211674003,36.0758134957414],[-86.6554406772346,36.0759365243641],[-86.6551370184282,36.0761171540496],[-86.6550187362389,36.0759933947334]]]},"properties":{"id":"225698","parcel":"149070C02200CO","address":"848 DOVER GLEN DR","owner":"ROSALES, JACINTO AJUALIP","point":[-86.65522970684663,36.07596495973501]}},{"type":"Feature","id":"225855","geometry":{"type":"Polygon","coordinates":[[[-86.6517990566127,36.0782668538004],[-86.652189453422,36.0782634978323],[-86.6521877076454,36.0782753455962],[-86.6521636185002,36.0784244224275],[-86.6518074902639,36.0784536112031],[-86.6518045236208,36.078423432544],[-86.6518001739643,36.0783571677822],[-86.6517987891378,36.0782908184926],[-86.6517990566127,36.0782668538004]]]},"properties":{"id":"225855","parcel":"149030A08700CO","address":"2904 SPLIT OAK TRL","owner":"GHATAS, GHATAS & FOUAAD, AMAL","point":[-86.6519856557938,36.07839080615912]}},{"type":"Feature","id":"226934","geometry":{"type":"Polygon","coordinates":[[[-86.6501241506369,36.0764577017701],[-86.6505845846931,36.0762400019552],[-86.6504879692669,36.0765576479793],[-86.6501731646927,36.0766109093369],[-86.6501407344021,36.076499368677],[-86.6501241506369,36.0764577017701]]]},"properties":{"id":"226934","parcel":"149030A02400CO","address":"1504 GROVESNOR CT","owner":"ODAY, ABDIRAHMAN MOHAMED & HIRSI, KEN MAHAMUD ETAL","point":[-86.65045283507267,36.07634913929637]}},{"type":"Feature","id":"227246","geometry":{"type":"Polygon","coordinates":[[[-86.6597145013917,36.0735167448541],[-86.6599611356853,36.0732252992444],[-86.6600467649082,36.0732712626862],[-86.6601337774805,36.0733154826228],[-86.6602221187544,36.0733579296082],[-86.6602342204015,36.0733652051746],[-86.6602446264259,36.0733740411331],[-86.6602530360563,36.0733841813646],[-86.6602592059415,36.073395332483],[-86.6602629568864,36.0734071728114],[-86.6602641794397,36.073419356857],[-86.6602628395954,36.0734315333059],[-86.6602589766018,36.0734433486409],[-86.6602526997441,36.0734544606769],[-86.6600839847628,36.0736751532113],[-86.6600636042179,36.0737000707883],[-86.6600410750203,36.0737237374298],[-86.6597145013917,36.0735167448541]]]},"properties":{"id":"227246","parcel":"14905013800","address":"4925 PEBBLE CREEK DR","owner":"SHERIFF, ALPHA M., SR. & MARIAMA S.","point":[-86.65998489904324,36.07348560675143]}},{"type":"Feature","id":"227274","geometry":{"type":"Polygon","coordinates":[[[-86.6518040190147,36.0779096738245],[-86.6522434918305,36.077905896409],[-86.6522210420655,36.0780488032429],[-86.6522157877009,36.0780847026359],[-86.6518015383706,36.0780882633627],[-86.6518040190147,36.0779096738245]]]},"properties":{"id":"227274","parcel":"149030A08900CO","address":"2912 SPLIT OAK TRL","owner":"QUARTEY, SAMUEL","point":[-86.65201746570204,36.07797925304386]}},{"type":"Feature","id":"227283","geometry":{"type":"Polygon","coordinates":[[[-86.6512412717069,36.0774026794259],[-86.6512825719359,36.0771568645408],[-86.6517845162374,36.0773921810028],[-86.6517541978148,36.0774397243374],[-86.6517271662806,36.0774885558507],[-86.6517035036847,36.07753852639],[-86.6512412717069,36.0774026794259]]]},"properties":{"id":"227283","parcel":"149030A09700CO","address":"2925 SPLIT OAK TRL","owner":"GRAVES, WILLIAM & MONICA","point":[-86.65139823984858,36.077274129573105]}},{"type":"Feature","id":"227413","geometry":{"type":"Polygon","coordinates":[[[-86.6551370184282,36.0761171540496],[-86.6554406772346,36.0759365243641],[-86.6554826104677,36.0759796930642],[-86.6551785218182,36.0761605784492],[-86.6552978426506,36.0762854234123],[-86.6554205559282,36.0764167633708],[-86.6556055426247,36.0765877480996],[-86.655593482904,36.0766026478674],[-86.6552385996496,36.0765738101883],[-86.6549297736061,36.0765491159125],[-86.6546534500266,36.0765264416773],[-86.6543810368193,36.0765040303887],[-86.6544954820666,36.0764488527794],[-86.6546409704409,36.0763787092614],[-86.6547864574408,36.0763085646714],[-86.6549572602215,36.0762189453832],[-86.6551370184282,36.0761171540496]]]},"properties":{"id":"227413","parcel":"149070C06300CO","address":"0 OAKWOOD FOREST DR","owner":"CHELSEA VILLAGE, LLC","point":[-86.65508082095637,36.076252050047565]}},{"type":"Feature","id":"227750","geometry":{"type":"Polygon","coordinates":[[[-86.6492171650046,36.0713726448075],[-86.6493781862867,36.0713595137733],[-86.6495584250565,36.0713782249103],[-86.6497598094681,36.0713991308887],[-86.6499611928682,36.0714200356352],[-86.6501625774844,36.0714409400392],[-86.6503639622139,36.071461845008],[-86.6505653459318,36.071482748745],[-86.6507667308659,36.0715036521394],[-86.6509681159133,36.0715245560986],[-86.6511694999492,36.071545458826],[-86.6513708852011,36.0715663612109],[-86.6513661190624,36.0715961310703],[-86.6513326842159,36.071797795999],[-86.6495616000907,36.0716139542901],[-86.6490048057588,36.0715561527473],[-86.6489870505023,36.0715211857703],[-86.6489383579418,36.0714252964551],[-86.6489237710569,36.0713965691104],[-86.6490279464245,36.0713880742958],[-86.6492171650046,36.0713726448075]]]},"properties":{"id":"227750","parcel":"149070B02900CO","address":"0 PEBBLE CREEK DR","owner":"CANYON RIDGE OWNERS ASSOC INC","point":[-86.6502768306152,36.071578065927355]}},{"type":"Feature","id":"227863","geometry":{"type":"Polygon","coordinates":[[[-86.6612774448538,36.0786032389804],[-86.6597229909941,36.0784919921284],[-86.6595505695448,36.0784715075719],[-86.6594610991746,36.0784557892737],[-86.6593838430052,36.0784398175407],[-86.659307399724,36.0784214547209],[-86.6592318772526,36.0784007272642],[-86.6591554719051,36.0783687286615],[-86.6590888776735,36.0783369539688],[-86.6590055895776,36.0782915304652],[-86.6588418311571,36.0781729264585],[-86.6587800904797,36.0781298076859],[-86.6587213332431,36.0780840228144],[-86.6586657360045,36.0780357087795],[-86.6580519505595,36.0774742548305],[-86.6580440997533,36.0774660536651],[-86.6580377907225,36.0774568697989],[-86.6580333112975,36.0774470044915],[-86.6580307689099,36.0774366941938],[-86.6580302244676,36.0774261882281],[-86.6580316922945,36.077415741579],[-86.6580351378283,36.077405604991],[-86.6580404742901,36.0773960249875],[-86.6580553497801,36.0773807842439],[-86.658072591214,36.0773672862791],[-86.6593689135563,36.0763596990052],[-86.6595841402715,36.0762379229898],[-86.6596057088329,36.0762270914499],[-86.6601301389579,36.0763791584516],[-86.6608749154802,36.0767398941693],[-86.661023421154,36.0770181861049],[-86.6609655284213,36.0772184933406],[-86.661306241478,36.0774957309612],[-86.6621445013097,36.077702108105],[-86.6622850706004,36.0776771618046],[-86.6626036740436,36.0778995751155],[-86.6625546177283,36.0783473488689],[-86.6625179914042,36.0786626443383],[-86.6625175569968,36.078691766216],[-86.6612774448538,36.0786032389804]]]},"properties":{"id":"227863","parcel":"14900027800","address":"505 PICCADILLY ROW","owner":"S2 STONE RIDGE TN LLC","point":[-86.65964961849588,36.07745653148254]}},{"type":"Feature","id":"227881","geometry":{"type":"Polygon","coordinates":[[[-86.6518015383706,36.0780882633627],[-86.6522157877009,36.0780847026359],[-86.652189453422,36.0782634978323],[-86.6517990566127,36.0782668538004],[-86.6518015383706,36.0780882633627]]]},"properties":{"id":"227881","parcel":"149030A08800CO","address":"2908 SPLIT OAK TRL","owner":"PROGRESS RESIDENTIAL BORROWER 4, LLC","point":[-86.65200129930308,36.07817589760509]}},{"type":"Feature","id":"227883","geometry":{"type":"Polygon","coordinates":[[[-86.6512261136147,36.077700273142],[-86.6512316897083,36.0774722334443],[-86.6516849366839,36.0775849237414],[-86.6516678601703,36.0776368018317],[-86.6516543565317,36.0776893681116],[-86.6516444677646,36.0777424628287],[-86.6512261136147,36.077700273142]]]},"properties":{"id":"227883","parcel":"149030A09800CO","address":"2921 SPLIT OAK TRL","owner":"NGYUYEN, KINH SU PHAN","point":[-86.65145236509608,36.07761021148474]}},{"type":"Feature","id":"227922","geometry":{"type":"Polygon","coordinates":[[[-86.6504879692669,36.0765576479793],[-86.6505845846931,36.0762400019552],[-86.6505939202177,36.0762093071242],[-86.6505940133563,36.0762095634866],[-86.6507958416504,36.0767664426723],[-86.6507267564773,36.0767824005385],[-86.6506568109365,36.0767956591662],[-86.6505611372512,36.0768118460565],[-86.6504879692669,36.0765576479793]]]},"properties":{"id":"227922","parcel":"149030A02600CO","address":"3249 CLAPHAM RD","owner":"SHARKAWI, AGAYBY","point":[-86.65059950863662,36.07639900932754]}},{"type":"Feature","id":"227924","geometry":{"type":"Polygon","coordinates":[[[-86.6505940133563,36.0762095634866],[-86.6505939202177,36.0762093071242],[-86.6505975248751,36.0762095445362],[-86.6507365855574,36.0762186738363],[-86.6507625347617,36.0762206670968],[-86.6510239584655,36.0766708784703],[-86.651033780608,36.0766877938426],[-86.6509759068791,36.0767105392392],[-86.6509168851421,36.0767312539114],[-86.6508568272201,36.0767498994004],[-86.6507958416504,36.0767664426723],[-86.6505940133563,36.0762095634866]]]},"properties":{"id":"227924","parcel":"149030A02700CO","address":"3253 CLAPHAM RD","owner":"KIROLLOS, MINA","point":[-86.65078632108631,36.07644546136536]}},{"type":"Feature","id":"229357","geometry":{"type":"Polygon","coordinates":[[[-86.6500208309569,36.0764033168202],[-86.6500752921151,36.0761743619054],[-86.6505939202177,36.0762093071242],[-86.6505845846931,36.0762400019552],[-86.6501241506369,36.0764577017701],[-86.6501119755076,36.076443560537],[-86.6500972695088,36.0764311048263],[-86.650080380358,36.0764206319872],[-86.6500617108608,36.076412387699],[-86.6500417022955,36.0764065705672],[-86.6500208309569,36.0764033168202]]]},"properties":{"id":"229357","parcel":"149030A02300CO","address":"1508 GROVESNOR CT","owner":"GUZMAN, CARLOS E.","point":[-86.65022582347008,36.07632143537406]}},{"type":"Feature","id":"229359","geometry":{"type":"Polygon","coordinates":[[[-86.6501731646927,36.0766109093369],[-86.6504879692669,36.0765576479793],[-86.6505611372512,36.0768118460565],[-86.6503271820982,36.0768514289756],[-86.6503138159947,36.0768528007233],[-86.650300351271,36.0768524326282],[-86.6502871277362,36.076850333673],[-86.650274484458,36.0768465579082],[-86.6502627386318,36.0768412000601],[-86.6502521900293,36.0768343964081],[-86.6502431054183,36.076826320362],[-86.6502357151734,36.0768171752703],[-86.6502302077173,36.0768071935489],[-86.6502275416578,36.0767998237353],[-86.6501731646927,36.0766109093369]]]},"properties":{"id":"229359","parcel":"149030A02500CO","address":"3245 CLAPHAM RD","owner":"HASSAN, MAHMOUD & SHAKER, HOSNA ZANATY","point":[-86.65036555943374,36.07670584858342]}},{"type":"Feature","id":"229728","geometry":{"type":"Polygon","coordinates":[[[-86.6574840208634,36.0770397806095],[-86.6574864922065,36.077011197421],[-86.6575812590306,36.0770128778743],[-86.6575767358827,36.0771205894173],[-86.6574846755937,36.0771188941991],[-86.6574840208634,36.0770397806095]]]},"properties":{"id":"229728","parcel":"149060A10500CO","address":"105 OKEE TRL","owner":"ATHOLDINGS, LLC","point":[-86.65753140256136,36.077079471864955]}},{"type":"Feature","id":"230568","geometry":{"type":"Polygon","coordinates":[[[-86.6578530066556,36.0771366634803],[-86.657865814323,36.077048688938],[-86.6579579109177,36.0770547765109],[-86.657945267173,36.0771625323884],[-86.6578531522304,36.0771542439768],[-86.6578530066556,36.0771366634803]]]},"properties":{"id":"230568","parcel":"149060A10100CO","address":"101 OKEE TRL","owner":"THOMPSON, CHERYL","point":[-86.65790603873161,36.077095721662594]}},{"type":"Feature","id":"230569","geometry":{"type":"Polygon","coordinates":[[[-86.657349483855,36.0771394100335],[-86.6573492656413,36.0771130370345],[-86.6573357301041,36.0771131108374],[-86.6573378912988,36.0770471703405],[-86.6574082766999,36.0770467865438],[-86.6574062417625,36.0771281121235],[-86.657406350875,36.0771412981723],[-86.657349483855,36.0771394100335]]]},"properties":{"id":"230569","parcel":"149060A10700CO","address":"107 OKEE TRL","owner":"LAMPLEY, CASSANORA","point":[-86.65737212550633,36.07708018529829]}},{"type":"Feature","id":"230570","geometry":{"type":"Polygon","coordinates":[[[-86.6574731769259,36.0773650949698],[-86.6575760448911,36.0773645339255],[-86.6575742317447,36.0774722333814],[-86.6574740680952,36.0774727796751],[-86.657473977162,36.0774617917527],[-86.6574732496976,36.0773738883721],[-86.6574731769259,36.0773650949698]]]},"properties":{"id":"230570","parcel":"149060A10800CO","address":"108 OKEE TRL","owner":"STOKES, VERNELL","point":[-86.6575243780077,36.077417985129635]}},{"type":"Feature","id":"230571","geometry":{"type":"Polygon","coordinates":[[[-86.6574056263422,36.0773808500145],[-86.6574055536004,36.0773720593158],[-86.6574732496976,36.0773738883721],[-86.657473977162,36.0774617917527],[-86.6574062991791,36.0774621608221],[-86.6574056263422,36.0773808500145]]]},"properties":{"id":"230571","parcel":"149060A10900CO","address":"109 OKEE TRL","owner":"JAMISON, NICOLE","point":[-86.65743980173475,36.077421320888504]}},{"type":"Feature","id":"230572","geometry":{"type":"Polygon","coordinates":[[[-86.6583617550998,36.0745537581666],[-86.6582452259836,36.0745390078135],[-86.6582072885966,36.0745345472152],[-86.6584141577749,36.0740578922767],[-86.6585059355921,36.0740850026552],[-86.6585991416449,36.0741086847967],[-86.6586935812343,36.0741288901913],[-86.6585775251615,36.074579500903],[-86.6583617550998,36.0745537581666]]]},"properties":{"id":"230572","parcel":"14906000800","address":"2432 PONDEROSA WAY","owner":"RAMIREZ, JOSE LUIS BLANCO & RODRIGUEZ, JOSE ANTONIO B","point":[-86.65846835537056,36.07433177001981]}},{"type":"Feature","id":"230573","geometry":{"type":"Polygon","coordinates":[[[-86.6578018409711,36.0744873123117],[-86.6581452902035,36.0739538717044],[-86.6582107355189,36.0739828033497],[-86.658277420547,36.0740098066571],[-86.6583452561805,36.0740348469614],[-86.6584141577749,36.0740578922767],[-86.6582072885966,36.0745345472152],[-86.6578018409711,36.0744873123117]]]},"properties":{"id":"230573","parcel":"14906000900","address":"2436 PONDEROSA WAY","owner":"MILLER, GERALD LAMAR","point":[-86.65813054889888,36.07427266701074]}},{"type":"Feature","id":"230581","geometry":{"type":"Polygon","coordinates":[[[-86.6588344235643,36.0701384864232],[-86.6590663465608,36.069869375443],[-86.6592097993896,36.0699488070221],[-86.6589853597246,36.070222547813],[-86.6588344235643,36.0701384864232]]]},"properties":{"id":"230581","parcel":"149100A00300CO","address":"2817 RADER RIDGE CT","owner":"MCH SFR PROPERTY OWNER 1B LLC","point":[-86.65902410079423,36.070043652529925]}},{"type":"Feature","id":"230937","geometry":{"type":"Polygon","coordinates":[[[-86.6593920050131,36.0734745555497],[-86.6597145013917,36.0735167448541],[-86.6600410750203,36.0737237374298],[-86.6600057075503,36.0737607817839],[-86.6599677622957,36.0737961052716],[-86.6599273659423,36.0738295891289],[-86.6598846518902,36.0738611208643],[-86.659839764709,36.0738905960367],[-86.6597828650605,36.0739227416415],[-86.6597235286823,36.0739518379981],[-86.6593920050131,36.0734745555497]]]},"properties":{"id":"230937","parcel":"14906001600","address":"2405 PONDEROSA WAY","owner":"YUSUF, TEKI","point":[-86.65968511341026,36.07361969435002]}},{"type":"Feature","id":"230948","geometry":{"type":"Polygon","coordinates":[[[-86.6589853597246,36.070222547813],[-86.6592097993896,36.0699488070221],[-86.6593702251262,36.0700347384759],[-86.6591379959977,36.0703076974802],[-86.6589853597246,36.070222547813]]]},"properties":{"id":"230948","parcel":"149100A00200CO","address":"2813 RADER RIDGE CT","owner":"BROWN, HELEN G.","point":[-86.65917634087387,36.07012863917287]}},{"type":"Feature","id":"231687","geometry":{"type":"Polygon","coordinates":[[[-86.657646738215,36.0770740556686],[-86.6576570395313,36.077010267181],[-86.6577301679466,36.0770142637807],[-86.6577248444839,36.0770252812438],[-86.6577146898819,36.0771066511292],[-86.6576578035804,36.0771025659176],[-86.6576629997137,36.0770761651849],[-86.657646738215,36.0770740556686]]]},"properties":{"id":"231687","parcel":"149060A10400CO","address":"104 OKEE TRL","owner":"OLERICH, MICHAEL R & MAGDALENE JOY BOLLI","point":[-86.65768624048957,36.077049669745406]}},{"type":"Feature","id":"231689","geometry":{"type":"Polygon","coordinates":[[[-86.6574082221472,36.0770401939698],[-86.6574840208634,36.0770397806095],[-86.6574846755937,36.0771188941991],[-86.6574820598641,36.0771298968838],[-86.6574062417625,36.0771281121235],[-86.6574082766999,36.0770467865438],[-86.6574082221472,36.0770401939698]]]},"properties":{"id":"231689","parcel":"149060A10600CO","address":"106 OKEE TRL","owner":"MCCORMICK, ANDREA J.","point":[-86.65744587773429,36.077082838667295]}},{"type":"Feature","id":"231691","geometry":{"type":"Polygon","coordinates":[[[-86.6573117681891,36.0774890486498],[-86.6573108590755,36.077379168522],[-86.6574056263422,36.0773808500145],[-86.6574062991791,36.0774621608221],[-86.6574065173977,36.0774885320162],[-86.6573117681891,36.0774890486498]]]},"properties":{"id":"231691","parcel":"149060A11000CO","address":"110 OKEE TRL","owner":"EMERSON, ANGELA","point":[-86.65735858493825,36.07742136998335]}},{"type":"Feature","id":"231693","geometry":{"type":"Polygon","coordinates":[[[-86.6589827759703,36.0734196528731],[-86.6594469258194,36.0729160415689],[-86.65968638032,36.0730641739406],[-86.6593269457896,36.0734639229618],[-86.6592483527818,36.0734533643505],[-86.6590749231624,36.0734323357819],[-86.6589827759703,36.0734196528731]]]},"properties":{"id":"231693","parcel":"14906000200","address":"4933 PEBBLE CREEK DR","owner":"MCCLAIN, MARTINA","point":[-86.6593365783173,36.07324191961266]}},{"type":"Feature","id":"231695","geometry":{"type":"Polygon","coordinates":[[[-86.6597464535933,36.0747154101123],[-86.65936979028,36.0746713189317],[-86.6593504817747,36.0746689523225],[-86.6593059122174,36.0741914734631],[-86.6593739297033,36.0741865977493],[-86.6594414064896,36.0741781081107],[-86.6595080520054,36.074166042189],[-86.6595735780053,36.0741504502317],[-86.6597962379372,36.0747206336665],[-86.6597464535933,36.0747154101123]]]},"properties":{"id":"231695","parcel":"14906000500","address":"2420 PONDEROSA WAY","owner":"NAVARRO, ALEJANDRA RAYO","point":[-86.6595057086497,36.074430717307074]}},{"type":"Feature","id":"231697","geometry":{"type":"Polygon","coordinates":[[[-86.6591177809315,36.0746419299831],[-86.6589355495382,36.0746206744378],[-86.6590242736073,36.0741798267672],[-86.6590943047181,36.0741872273787],[-86.6591647174022,36.0741916417191],[-86.6592353172695,36.0741930582326],[-86.6593059122174,36.0741914734631],[-86.6593504817747,36.0746689523225],[-86.6591177809315,36.0746419299831]]]},"properties":{"id":"231697","parcel":"14906000600","address":"2424 PONDEROSA WAY","owner":"BEDUHE, PAYMAN & SEADE","point":[-86.65915236145536,36.074407056779314]}},{"type":"Feature","id":"231699","geometry":{"type":"Polygon","coordinates":[[[-86.6577496318722,36.0742307418034],[-86.6577099923814,36.0740199806294],[-86.6578951359584,36.0738211777757],[-86.6579549425364,36.073857638997],[-86.6580166498089,36.0738919519734],[-86.6580801395371,36.0739240497514],[-86.6581452902035,36.0739538717044],[-86.6578018409711,36.0744873123117],[-86.6577496318722,36.0742307418034]]]},"properties":{"id":"231699","parcel":"14906001000","address":"2440 PONDEROSA WAY","owner":"VELASQUEZ, AYDA MARISSELA & MARTINEZ, WENDY X","point":[-86.65788206592387,36.07412579590016]}},{"type":"Feature","id":"231701","geometry":{"type":"Polygon","coordinates":[[[-86.6586300086356,36.0739710030835],[-86.6587986092399,36.0734096710305],[-86.6588770756818,36.0734048466439],[-86.6589827759703,36.0734196528731],[-86.6590749231624,36.0734323357819],[-86.6589282343047,36.0740243164237],[-86.6588442265703,36.0740137871439],[-86.6587723122471,36.0740012404452],[-86.6587008855096,36.0739869749988],[-86.6586300086356,36.0739710030835]]]},"properties":{"id":"231701","parcel":"14906001300","address":"2417 PONDEROSA WAY","owner":"LEON, MARINA HERNANDEZ","point":[-86.65885955047116,36.07370168981125]}},{"type":"Feature","id":"231795","geometry":{"type":"Polygon","coordinates":[[[-86.6577851833915,36.0771194522658],[-86.6577980820864,36.0770424629499],[-86.657865814323,36.077048688938],[-86.6578530066556,36.0771366634803],[-86.6577880003337,36.0771326226388],[-86.6577851833915,36.0771194522658]]]},"properties":{"id":"231795","parcel":"149060A10200CO","address":"102 OKEE TRL","owner":"WHITE, KATHY","point":[-86.6578258881774,36.0770840717203]}},{"type":"Feature","id":"231797","geometry":{"type":"Polygon","coordinates":[[[-86.6577146898819,36.0771066511292],[-86.6577248444839,36.0770252812438],[-86.6577979911089,36.0770314750266],[-86.6577980820864,36.0770424629499],[-86.6577851833915,36.0771194522658],[-86.65771474446,36.0771132437028],[-86.6577146898819,36.0771066511292]]]},"properties":{"id":"231797","parcel":"149060A10300CO","address":"103 OKEE TRL","owner":"CHAVEZ, MAYA","point":[-86.65775569811464,36.077074555082724]}},{"type":"Feature","id":"231799","geometry":{"type":"Polygon","coordinates":[[[-86.6593920050131,36.0734745555497],[-86.6593269457896,36.0734639229618],[-86.65968638032,36.0730641739406],[-86.6597646071814,36.073112097821],[-86.6598336400363,36.0731531330032],[-86.6598969188657,36.0731897617304],[-86.6599611356853,36.0732252992444],[-86.6597145013917,36.0735167448541],[-86.6593920050131,36.0734745555497]]]},"properties":{"id":"231799","parcel":"14906000100","address":"4929 PEBBLE CREEK DR","owner":"WOODWARD, LEROY R. & TAMMIE M.","point":[-86.65964720517486,36.0733446205107]}},{"type":"Feature","id":"231801","geometry":{"type":"Polygon","coordinates":[[[-86.6594288240324,36.0726919763934],[-86.6597507937705,36.0723451768595],[-86.6598896152041,36.0724367200541],[-86.6600093602895,36.0725129835458],[-86.6596981999308,36.0728575263791],[-86.6594288240324,36.0726919763934]]]},"properties":{"id":"231801","parcel":"14906000300","address":"4944 PEBBLE CREEK DR","owner":"MORALES, OSCAR TORRES & CASTILLO, MARIA AMARO","point":[-86.65972022863014,36.072602483548984]}},{"type":"Feature","id":"231803","geometry":{"type":"Polygon","coordinates":[[[-86.6597962379372,36.0747206336665],[-86.6595735780053,36.0741504502317],[-86.6596276494092,36.0741366621918],[-86.6596807457631,36.0741205685763],[-86.6597327175433,36.0741022125651],[-86.6597834164123,36.0740816463444],[-86.6598327029734,36.0740589292621],[-86.6602790203303,36.074667441115],[-86.6601850436876,36.0747602587669],[-86.6597962379372,36.0747206336665]]]},"properties":{"id":"231803","parcel":"14906000400","address":"2416 PONDEROSA WAY","owner":"JASIM, MURTADHA HAMEED","point":[-86.65988200343571,36.07440882050671]}},{"type":"Feature","id":"231804","geometry":{"type":"Polygon","coordinates":[[[-86.6588657728721,36.0746125396001],[-86.6586083496249,36.0745831782757],[-86.6585775251615,36.074579500903],[-86.6586935812343,36.0741288901913],[-86.6587544001879,36.0741402240565],[-86.6588155787113,36.0741502003982],[-86.6590242736073,36.0741798267672],[-86.6589355495382,36.0746206744378],[-86.6588657728721,36.0746125396001]]]},"properties":{"id":"231804","parcel":"14906000700","address":"2428 PONDEROSA WAY","owner":"RAJAPHOUMY, KONGMANY & SENGCHANH","point":[-86.65880653495852,36.07437968009059]}},{"type":"Feature","id":"231806","geometry":{"type":"Polygon","coordinates":[[[-86.6589282343047,36.0740243164237],[-86.6590749231624,36.0734323357819],[-86.6592483527818,36.0734533643505],[-86.6593101775384,36.0740529952147],[-86.6592511805158,36.0740550528266],[-86.6591921328439,36.0740544852524],[-86.6591332121907,36.0740512960271],[-86.6590745951516,36.0740454931983],[-86.6589282343047,36.0740243164237]]]},"properties":{"id":"231806","parcel":"14906001400","address":"2413 PONDEROSA WAY","owner":"LARA, ARCELIA BUTRON","point":[-86.65913843935273,36.0737389831198]}},{"type":"Feature","id":"231808","geometry":{"type":"Polygon","coordinates":[[[-86.6592483527818,36.0734533643505],[-86.6593269457896,36.0734639229618],[-86.6593920050131,36.0734745555497],[-86.6597235286823,36.0739518379981],[-86.6596680588169,36.0739744816195],[-86.6596110738164,36.0739944900453],[-86.6595527607626,36.0740117973578],[-86.6594933156794,36.0740263448005],[-86.6594329346807,36.0740380844325],[-86.6593718217345,36.0740469781843],[-86.6593101775384,36.0740529952147],[-86.6592483527818,36.0734533643505]]]},"properties":{"id":"231808","parcel":"14906001500","address":"2409 PONDEROSA WAY","owner":"ANDINA USA, LLC","point":[-86.65941641307238,36.0737127953146]}},{"type":"Feature","id":"231821","geometry":{"type":"Polygon","coordinates":[[[-86.6590843233665,36.0703640345042],[-86.6591379959977,36.0703076974802],[-86.6593702251262,36.0700347384759],[-86.6594127114092,36.0700575816174],[-86.6594595156113,36.0700878439155],[-86.6595050249039,36.0701193822858],[-86.6595491845861,36.0701521600766],[-86.6595485153725,36.0701529875105],[-86.6592041501396,36.0704098034667],[-86.6590843233665,36.0703640345042]]]},"properties":{"id":"231821","parcel":"149100A00100CO","address":"2809 RADER RIDGE CT","owner":"LOPEZ OROZCO, ANTONIO ETAL","point":[-86.6593242747241,36.07023028872618]}}]}