{"type":"FeatureCollection","features":[{"type":"Feature","id":"15930","geometry":{"type":"Polygon","coordinates":[[[-86.6753020513577,36.1699779070425],[-86.6753025945342,36.1699778634468],[-86.675305355667,36.1703661787527],[-86.675300198612,36.1707156345002],[-86.6752731132254,36.1707179833069],[-86.6751132624334,36.1707254702133],[-86.6751020831513,36.1703673158558],[-86.6750865362439,36.1699942141464],[-86.6750865347874,36.1699941735978],[-86.6750865333692,36.1699941375553],[-86.6751945775518,36.1699866178371],[-86.6753020513577,36.1699779070425]]]},"properties":{"id":"15930","parcel":"09504023600","address":"2604 LEBANON PIKE","owner":"MTCM ENTERPRISES, INC","point":[-86.6751991549054,36.17018020520691]}},{"type":"Feature","id":"16037","geometry":{"type":"Polygon","coordinates":[[[-86.6736729579048,36.1702808017095],[-86.673679933849,36.1699604033408],[-86.6738497299586,36.1699728834077],[-86.6740198117789,36.1699824830137],[-86.6741901036638,36.1699891971722],[-86.6743605311091,36.1699930244963],[-86.6743600150208,36.1700131281993],[-86.6743526182907,36.1703013476524],[-86.6736729579048,36.1702808017095]]]},"properties":{"id":"16037","parcel":"09504001800","address":"2610 LEBANON PIKE","owner":"GODDARD, TOMMY & CONDER, JENNIFER & ET AL","point":[-86.67401622431008,36.17014696473639]}},{"type":"Feature","id":"16653","geometry":{"type":"Polygon","coordinates":[[[-86.6778126597861,36.1697093472307],[-86.6781430381681,36.1696723242817],[-86.678143088139,36.1696723185934],[-86.6782131187048,36.1700684457391],[-86.6782628227963,36.1703495978081],[-86.6783163201076,36.1706454704448],[-86.6783249247488,36.1707008712633],[-86.6779971924133,36.1707290817047],[-86.6779890805401,36.1707313272474],[-86.6779235126324,36.1703515040267],[-86.6778126597861,36.1697093472307]]]},"properties":{"id":"16653","parcel":"09504000900","address":"2518 LEBANON PIKE","owner":"BROWN, JAMES M. & SUSAN B. & LEE, WILLIAM K., JR. & REGINA","point":[-86.67806836480904,36.170208565864925]}},{"type":"Feature","id":"16657","geometry":{"type":"Polygon","coordinates":[[[-86.6774774842281,36.1697645322754],[-86.6774739840543,36.169745403729],[-86.6778124866866,36.1697083414941],[-86.6778126597861,36.1697093472307],[-86.6779235126324,36.1703515040267],[-86.6779890805401,36.1707313272474],[-86.6776613436681,36.1707573422307],[-86.6776478076059,36.1707596154996],[-86.6775782848199,36.1703534425113],[-86.6774774842281,36.1697645322754]]]},"properties":{"id":"16657","parcel":"09504001000","address":"2520 LEBANON PIKE","owner":"FIRST BAPTIST CHURCH OF DONELSON","point":[-86.67770028405606,36.17005801778691]}},{"type":"Feature","id":"16661","geometry":{"type":"Polygon","coordinates":[[[-86.6754508589743,36.1699638159493],[-86.6754515287,36.1699637527183],[-86.675451711519,36.1703653598286],[-86.6754546483645,36.1707103748441],[-86.675300198612,36.1707156345002],[-86.675305355667,36.1703661787527],[-86.6753025945342,36.1699778634468],[-86.6754508589743,36.1699638159493]]]},"properties":{"id":"16661","parcel":"09504001500","address":"2602 LEBANON PIKE","owner":"MTCM ENTERPRISES, INC","point":[-86.67537779709544,36.170171613409835]}},{"type":"Feature","id":"16664","geometry":{"type":"Polygon","coordinates":[[[-86.6754515287,36.1699637527183],[-86.6755211429868,36.1699565955642],[-86.6755192651082,36.170340809963],[-86.675519470874,36.1703649806256],[-86.6755164798664,36.1706506925157],[-86.6755169475579,36.1707056307509],[-86.6755061246376,36.1707078894964],[-86.6754546483645,36.1707103748441],[-86.675451711519,36.1703653598286],[-86.6754515287,36.1699637527183]]]},"properties":{"id":"16664","parcel":"09504001501","address":"2602 A LEBANON PIKE","owner":"MTCM ENTERPRISES, INC","point":[-86.6754859002909,36.17015228271257]}},{"type":"Feature","id":"16668","geometry":{"type":"Polygon","coordinates":[[[-86.6732110276822,36.1704635878661],[-86.6732130103997,36.1703778669223],[-86.6732261758525,36.1699645366274],[-86.6732268938215,36.1699419911906],[-86.6735715002906,36.1699398721345],[-86.673562637749,36.1703759163732],[-86.673560711368,36.170468229732],[-86.6735444500776,36.1704683204748],[-86.6732110276822,36.1704635878661]]]},"properties":{"id":"16668","parcel":"09504001900","address":"2612 LEBANON PIKE","owner":"PETTY, MICHAEL S. & KIMBERLY","point":[-86.6733932241081,36.17017022339479]}},{"type":"Feature","id":"16737","geometry":{"type":"Polygon","coordinates":[[[-86.6743526182907,36.1703013476524],[-86.6743600150208,36.1700131281993],[-86.6745277388766,36.1700152129339],[-86.6746941048049,36.1700128969595],[-86.6747090917533,36.1703695132723],[-86.6747097501912,36.1704962349595],[-86.6743498521696,36.1704994376768],[-86.6743494632828,36.1704704192555],[-86.6743526182907,36.1703013476524]]]},"properties":{"id":"16737","parcel":"09504001700","address":"2608 LEBANON PIKE","owner":"SPIVA/HILL MANAGEMENT & INVESTMENT, LLC","point":[-86.67452827002714,36.17015851982261]}},{"type":"Feature","id":"16943","geometry":{"type":"Polygon","coordinates":[[[-86.6725380609596,36.1699462242331],[-86.6725383165493,36.1699763807942],[-86.6725805365106,36.1699762500865],[-86.6725300169236,36.1703816743785],[-86.6724786792334,36.1707203990683],[-86.6724556083294,36.1708765592253],[-86.6723552710244,36.1708705254604],[-86.6723574333082,36.1704859266313],[-86.6719617116838,36.1704859330343],[-86.6719635665971,36.1703848292142],[-86.6719750676613,36.1699496816281],[-86.6725380609596,36.1699462242331]]]},"properties":{"id":"16943","parcel":"09504002300","address":"2618 OLD LEBANON PIKE","owner":"US COMMUNITY CREDIT UNION","point":[-86.67224218841643,36.17043560173037]}},{"type":"Feature","id":"16947","geometry":{"type":"Polygon","coordinates":[[[-86.6710627694583,36.169955278113],[-86.6716254349449,36.1699518267977],[-86.6716580824589,36.1714391998497],[-86.6709914103635,36.1708099886598],[-86.6710258044734,36.1703900462211],[-86.6710627694583,36.169955278113]]]},"properties":{"id":"16947","parcel":"09504002500","address":"2624 OLD LEBANON PIKE","owner":"HELMS, LEXIE C. (LE) & HELMS, SAMUEL E.,","point":[-86.67132415397097,36.17060088407445]}},{"type":"Feature","id":"17814","geometry":{"type":"Polygon","coordinates":[[[-86.6767512866178,36.1708503327881],[-86.6767512967614,36.1708349698406],[-86.6766251234413,36.1708465698368],[-86.6766240060787,36.1708466716341],[-86.676598394973,36.1707039689759],[-86.6765728412799,36.1705678587082],[-86.6765472303562,36.1704251560284],[-86.6765358277769,36.1703592882038],[-86.6765216955731,36.1702912429087],[-86.6765188534748,36.1702758752166],[-86.6764961362669,36.1701509228529],[-86.67644233827,36.1698834858785],[-86.6774774842281,36.1697645322754],[-86.6775782848199,36.1703534425113],[-86.6776478076059,36.1707596154996],[-86.6773417493427,36.1707855079036],[-86.6773424424223,36.1708667022035],[-86.6773424433993,36.1708668166582],[-86.6773364987265,36.1714404330602],[-86.6771708552127,36.1714351365593],[-86.6770003784066,36.1714296848856],[-86.6768387976146,36.1714256782789],[-86.6767508800265,36.1714217415448],[-86.6767512866178,36.1708503327881]]]},"properties":{"id":"17814","parcel":"09504001100","address":"2526 LEBANON PIKE","owner":"DONELSON MISSIONARY BAPTIST CHURCH","point":[-86.67710636645938,36.17063731934358]}},{"type":"Feature","id":"17816","geometry":{"type":"Polygon","coordinates":[[[-86.6760384919026,36.169885188788],[-86.6764338358807,36.1698412193257],[-86.67644233827,36.1698834858785],[-86.6764961362669,36.1701509228529],[-86.6765188534748,36.1702758752166],[-86.6760417495203,36.1702675575109],[-86.6760406449381,36.1701379056072],[-86.6760384919026,36.169885188788]]]},"properties":{"id":"17816","parcel":"09504001300","address":"2540 LEBANON PIKE","owner":"FREEMAN & WOODSON","point":[-86.67625395042415,36.1700121270643]}},{"type":"Feature","id":"17818","geometry":{"type":"Polygon","coordinates":[[[-86.67486619186,36.1700074430229],[-86.6750377328112,36.1699972485592],[-86.6750560091881,36.1703675735451],[-86.6750579707902,36.1705079988247],[-86.6747095295351,36.1705159080102],[-86.6747097501912,36.1704962349595],[-86.6747090917533,36.1703695132723],[-86.6746941048049,36.1700128969595],[-86.67486619186,36.1700074430229]]]},"properties":{"id":"17818","parcel":"09504001600","address":"2606 LEBANON PIKE","owner":"SPIVA/HILL MANAGENENT AND INVESTMENT, LLC","point":[-86.67487440895111,36.17019023363095]}},{"type":"Feature","id":"17845","geometry":{"type":"Polygon","coordinates":[[[-86.6755211429868,36.1699565955642],[-86.6757048992214,36.16993942993],[-86.6758890288041,36.1699251288358],[-86.6759361372509,36.1699604819638],[-86.6759390948885,36.1703076923718],[-86.6759361645769,36.1703079232818],[-86.6755192651082,36.170340809963],[-86.6755211429868,36.1699565955642]]]},"properties":{"id":"17845","parcel":"09504001400","address":"2600 LEBANON PIKE","owner":"LOUNSBURY, DONALD E. & DONNA J.","point":[-86.67572894853645,36.17013352221447]}},{"type":"Feature","id":"17847","geometry":{"type":"Polygon","coordinates":[[[-86.6725805365106,36.1699762500865],[-86.6732261758525,36.1699645366274],[-86.6732130103997,36.1703778669223],[-86.6732110276822,36.1704635878661],[-86.6727719781406,36.1704682340262],[-86.6727604202423,36.1707034454373],[-86.6727278964516,36.1707036267113],[-86.6727281013681,36.1707277973763],[-86.6724786792334,36.1707203990683],[-86.6725300169236,36.1703816743785],[-86.6725805365106,36.1699762500865]]]},"properties":{"id":"17847","parcel":"09504002100","address":"2614 OLD LEBANON PIKE","owner":"2614 OLD LEBANON INVESTORS, LLC","point":[-86.67288750432971,36.170177033600105]}},{"type":"Feature","id":"17877","geometry":{"type":"Polygon","coordinates":[[[-86.671705474503,36.1699513363387],[-86.6719750676613,36.1699496816281],[-86.6719635665971,36.1703848292142],[-86.6719617116838,36.1704859330343],[-86.6717204345793,36.1704849471531],[-86.671705474503,36.1699513363387]]]},"properties":{"id":"17877","parcel":"09504002400","address":"2620 OLD LEBANON PIKE","owner":"YOUNG, CHRISTOPHER L.","point":[-86.67184041357747,36.17016809900079]}},{"type":"Feature","id":"17879","geometry":{"type":"Polygon","coordinates":[[[-86.6707969142008,36.1699569073087],[-86.6710627694583,36.169955278113],[-86.6710258044734,36.1703900462211],[-86.6709914103635,36.1708099886598],[-86.67080835234,36.1706373927548],[-86.6707783155043,36.1706111879011],[-86.6707969142008,36.1699569073087]]]},"properties":{"id":"17879","parcel":"09504002600","address":"2626 OLD LEBANON PIKE","owner":"HELMS, LEXIE C. (LE) & HELMS, SAMUEL E.,","point":[-86.6709174770699,36.17017349363752]}},{"type":"Feature","id":"20477","geometry":{"type":"Polygon","coordinates":[[[-86.6704517373938,36.1699590225117],[-86.6707969142008,36.1699569073087],[-86.6707783155043,36.1706111879011],[-86.6705477740343,36.1703927028211],[-86.6704546551502,36.1703043531126],[-86.6704517373938,36.1699590225117]]]},"properties":{"id":"20477","parcel":"09601000100","address":"2628 OLD LEBANON PIKE","owner":"KL COMMERCIAL PROPERTIES, LLC","point":[-86.67062255783614,36.170132153842275]}},{"type":"Feature","id":"21438","geometry":{"type":"Polygon","coordinates":[[[-86.6701276010939,36.1699610081971],[-86.6704517373938,36.1699590225117],[-86.6704546551502,36.1703043531126],[-86.6701276010939,36.1699610081971]]]},"properties":{"id":"21438","parcel":"09601000200","address":"2630 OLD LEBANON PIKE","owner":"DBA, LLC","point":[-86.67037216809759,36.170132903903216]}},{"type":"Feature","id":"159764","geometry":{"type":"Polygon","coordinates":[[[-86.6738463356067,36.1744596055832],[-86.6741580228077,36.1742468893157],[-86.6743838298454,36.1744478300921],[-86.6738896149662,36.1750581338172],[-86.6735001481834,36.1755390763364],[-86.6732737461203,36.1754182448225],[-86.6737089749628,36.1748807919],[-86.6735093672139,36.1746895734017],[-86.6738463356067,36.1744596055832]]]},"properties":{"id":"159764","parcel":"08416022100","address":"2807 LINCOYA DR","owner":"FRANK BATSON HOMES, INC","point":[-86.67379929495291,36.17496946289305]}},{"type":"Feature","id":"198201","geometry":{"type":"Polygon","coordinates":[[[-86.6769868647152,36.1720920276515],[-86.6769896711013,36.1715651052698],[-86.6771692084603,36.1715702781101],[-86.6771664043931,36.1720972022915],[-86.6769868647152,36.1720920276515]]]},"properties":{"id":"198201","parcel":"08416022200","address":"2522 PARK DR","owner":"BATSON, ANDREW & JULIANNA","point":[-86.67707803717222,36.171831152923474]}},{"type":"Feature","id":"198202","geometry":{"type":"Polygon","coordinates":[[[-86.6768074113446,36.17208550037],[-86.6768103313323,36.1715374824562],[-86.6769796186205,36.1715441956256],[-86.676979508834,36.1715648116761],[-86.6769896711013,36.1715651052698],[-86.6769868647152,36.1720920276515],[-86.676914934785,36.1720894605042],[-86.6768074113446,36.17208550037]]]},"properties":{"id":"198202","parcel":"08416022300","address":"2524 PARK DR","owner":"LANGILLE, BENSON & BRITTANY","point":[-86.67689854152711,36.17182530286177]}},{"type":"Feature","id":"266523","geometry":{"type":"Polygon","coordinates":[[[-86.6782767985542,36.1799751666811],[-86.6783127923689,36.1799283008694],[-86.6783523623154,36.1798833706816],[-86.6783953486984,36.1798405518561],[-86.6784415806846,36.1798000174898],[-86.6784908751137,36.1797619290325],[-86.6785430353869,36.1797264362933],[-86.6785940070187,36.1796961189314],[-86.6786470853232,36.1796682789807],[-86.6787020888131,36.1796430129923],[-86.6787588259118,36.1796204076604],[-86.6788171005206,36.1796005406924],[-86.678876714233,36.179583479895],[-86.6789374596887,36.1795692859156],[-86.6791788313287,36.1802162296505],[-86.6791340672546,36.1803703155197],[-86.6782767985542,36.1799751666811]]]},"properties":{"id":"266523","parcel":"08412000800","address":"2430 LUMAR LN","owner":"ROGERS, NANCY NELL FAMILY TRUST","point":[-86.67868786566022,36.17995278938012]}},{"type":"Feature","id":"266544","geometry":{"type":"Polygon","coordinates":[[[-86.6744866043518,36.1802271542995],[-86.6744968307925,36.1801545756075],[-86.6745453239371,36.1798004859305],[-86.674946831255,36.1798377988343],[-86.67502278417,36.17984396685],[-86.6751115444795,36.1803994720989],[-86.6750862736797,36.1804034212394],[-86.6750620837283,36.1804105394635],[-86.6750395712061,36.1804206494928],[-86.6750192987328,36.1804335021387],[-86.6750017682941,36.1804487773524],[-86.6749874157767,36.1804660950708],[-86.6744866043518,36.1802271542995]]]},"properties":{"id":"266544","parcel":"08412002600","address":"2515 LINCOYA CT","owner":"STARTUP, JAMES & KIM","point":[-86.67478295696456,36.17999933440893]}},{"type":"Feature","id":"266552","geometry":{"type":"Polygon","coordinates":[[[-86.6742463727564,36.1797098572798],[-86.6742795582663,36.1791492729976],[-86.6744856451632,36.1791577363095],[-86.6746229106145,36.1791619144801],[-86.674794738827,36.1791661732777],[-86.6749628514636,36.1791718261242],[-86.674946831255,36.1798377988343],[-86.6745453239371,36.1798004859305],[-86.6742463727564,36.1797098572798]]]},"properties":{"id":"266552","parcel":"08412003700","address":"2700 LUMAR LN","owner":"SMITH, JOHN W. & GEORGANNE M.","point":[-86.67460935515618,36.17944085513839]}},{"type":"Feature","id":"266554","geometry":{"type":"Polygon","coordinates":[[[-86.672700113472,36.179575635276],[-86.6727713516239,36.1790258302369],[-86.6730724878363,36.1790549187291],[-86.6732191812222,36.1790656566581],[-86.6733654554397,36.1790796565991],[-86.6733789673893,36.1790814342145],[-86.6733919657361,36.1790849135657],[-86.6734041262488,36.1790900081384],[-86.6734151465841,36.1790965907393],[-86.6734247518752,36.1791044970706],[-86.6734327036636,36.1791135301862],[-86.6734388021597,36.1791234649849],[-86.673442896302,36.1791340544636],[-86.673444884906,36.1791450342172],[-86.6734447156303,36.1791561314562],[-86.673375558068,36.1796312055659],[-86.672700113472,36.179575635276]]]},"properties":{"id":"266554","parcel":"08412003900","address":"3120 KNOBDALE RD","owner":"MALONEY, JAMES S & DEBORAH E LIVING TRUS","point":[-86.67307072951918,36.17936587934959]}},{"type":"Feature","id":"266615","geometry":{"type":"Polygon","coordinates":[[[-86.6723305136289,36.1797842717508],[-86.672700113472,36.179575635276],[-86.673375558068,36.1796312055659],[-86.6733251877449,36.1800841994011],[-86.6723025002797,36.1799975987771],[-86.6723305881182,36.1797930622092],[-86.6723305136289,36.1797842717508]]]},"properties":{"id":"266615","parcel":"08412004000","address":"3114 KNOBDALE RD","owner":"MARQUES, PETER JAMES & APRIL MICHELLE","point":[-86.67283121017802,36.17989673808656]}},{"type":"Feature","id":"266630","geometry":{"type":"Polygon","coordinates":[[[-86.6708428154479,36.1793626364275],[-86.6709481459073,36.1788359928421],[-86.6714121198669,36.1788883538428],[-86.6714247527031,36.1788904294752],[-86.6714368253432,36.1788940917332],[-86.6714480368569,36.1788992485601],[-86.6714581071219,36.1789057708316],[-86.6714667868663,36.1789134968069],[-86.6714738587957,36.1789222339244],[-86.6714791454277,36.1789317650671],[-86.6714825180083,36.1789418512166],[-86.6714838899331,36.178952242305],[-86.6714832278717,36.178962678054],[-86.6714274257563,36.1794157013363],[-86.6708428154479,36.1793626364275]]]},"properties":{"id":"266630","parcel":"08412005700","address":"2816 LUMAR LN","owner":"KEELING, JAMES T & GEORGIA J","point":[-86.6711707305244,36.179162678848144]}},{"type":"Feature","id":"266643","geometry":{"type":"Polygon","coordinates":[[[-86.679450464738,36.1774324957196],[-86.6795828292317,36.1773790080159],[-86.6802624207626,36.1776037341307],[-86.6801531343992,36.1778197184742],[-86.6792802839359,36.1775015805798],[-86.679450464738,36.1774324957196]]]},"properties":{"id":"266643","parcel":"08412007001","address":"13 FAIRWAY DR","owner":"BENNETT, MARY KATHRYN  CRUTCHER & ADAM FORESTER","point":[-86.67976426497026,36.17755263940453]}},{"type":"Feature","id":"266709","geometry":{"type":"Polygon","coordinates":[[[-86.677633180269,36.1776163240673],[-86.6777571109368,36.176892606598],[-86.6784333763621,36.1773634973768],[-86.6783868418035,36.1776274745625],[-86.6783837258504,36.1776377484032],[-86.6783787347223,36.1776475244716],[-86.6783719820992,36.1776565768139],[-86.6783636240868,36.1776647008681],[-86.6783538491821,36.1776717099149],[-86.6783428816769,36.1776774431709],[-86.6783309289524,36.1776815822271],[-86.6783183646986,36.1776842772963],[-86.678305451904,36.1776854728249],[-86.6782924616003,36.1776851438571],[-86.677633180269,36.1776163240673]]]},"properties":{"id":"266709","parcel":"08412008900","address":"2501 LINCOYA DR","owner":"D. PRICE INVESTMENTS, INC.","point":[-86.67790610496489,36.177127543769345]}},{"type":"Feature","id":"266712","geometry":{"type":"Polygon","coordinates":[[[-86.6765017558355,36.1771721532076],[-86.6770999386139,36.1764347912452],[-86.6774680702232,36.1766920469079],[-86.6768966005112,36.1773831127871],[-86.6765017558355,36.1771721532076]]]},"properties":{"id":"266712","parcel":"08412009100","address":"2601 LINCOYA DR","owner":"SESAR, BENJAMIN","point":[-86.67698302856581,36.17693209595665]}},{"type":"Feature","id":"266715","geometry":{"type":"Polygon","coordinates":[[[-86.6770993786598,36.1792279881846],[-86.6772287653474,36.1788250954777],[-86.6774661333953,36.1786875103585],[-86.6776689494892,36.1789478902408],[-86.6775204215817,36.1793311118258],[-86.6774171941896,36.1793053194171],[-86.6773123633752,36.1792766095298],[-86.6772063847554,36.1792508215628],[-86.6770993786598,36.1792279881846]]]},"properties":{"id":"266715","parcel":"08412010100","address":"2505 LUMAR LN","owner":"MARTIN, DAVID R & STEPHEN L","point":[-86.67737949570547,36.17908792697405]}},{"type":"Feature","id":"266718","geometry":{"type":"Polygon","coordinates":[[[-86.6767244590914,36.1784938828863],[-86.6767628120121,36.1782233586964],[-86.6775359974872,36.1782981367019],[-86.6775307980027,36.1783245376238],[-86.6774868419911,36.178573117214],[-86.6767244590914,36.1784938828863]]]},"properties":{"id":"266718","parcel":"08412010400","address":"3209 FRENO LN","owner":"MALONEY, KRISTI ROSE & KAPLIN, KARL E.","point":[-86.67712612664643,36.17840920688509]}},{"type":"Feature","id":"266764","geometry":{"type":"Polygon","coordinates":[[[-86.675196667999,36.1776607442303],[-86.6752211233481,36.1775798870788],[-86.675249599114,36.1774998987759],[-86.6752820519566,36.1774209129476],[-86.6753184262629,36.1773430578806],[-86.6753586630859,36.1772664618799],[-86.6758127648845,36.1774331381349],[-86.6757820516309,36.1776464803763],[-86.6757667235716,36.1777564476839],[-86.675196667999,36.1776607442303]]]},"properties":{"id":"266764","parcel":"08412011500","address":"3215 MERLYN LN","owner":"OSBORNE FAMILY LEGACY TRUST","point":[-86.6755162691252,36.17754065460631]}},{"type":"Feature","id":"266767","geometry":{"type":"Polygon","coordinates":[[[-86.6753586630859,36.1772664618799],[-86.675394079665,36.1772077512826],[-86.6754308559076,36.1771495828339],[-86.6756017275815,36.1769322126672],[-86.6756111570662,36.1769228715146],[-86.6756223995927,36.1769149604259],[-86.6756351336135,36.1769087074165],[-86.6756489893689,36.1769042921033],[-86.6756635666489,36.1769018429025],[-86.675678444744,36.1769014306645],[-86.6756931957688,36.1769030667968],[-86.675707390235,36.1769067050357],[-86.6757206203719,36.1769122386116],[-86.6759449057414,36.1770352458143],[-86.6760693370226,36.1771034880968],[-86.6758127648845,36.1774331381349],[-86.6753586630859,36.1772664618799]]]},"properties":{"id":"266767","parcel":"08412011600","address":"3219 MERLYN LN","owner":"MCDADE, DRUE W.","point":[-86.67571101659334,36.17717947610393]}},{"type":"Feature","id":"266770","geometry":{"type":"Polygon","coordinates":[[[-86.6743750920017,36.1779510295975],[-86.6744159023659,36.1776497252505],[-86.6744210050015,36.1776123368556],[-86.6750153236991,36.1776925256038],[-86.6749999592621,36.1777677657006],[-86.6749870452363,36.1778433075327],[-86.6749765911886,36.1779190987742],[-86.6749637301453,36.1780004822641],[-86.6743750920017,36.1779510295975]]]},"properties":{"id":"266770","parcel":"08412012100","address":"3210 MERLYN LN","owner":"DODD, CATHERINE WYNN & HURST-DODD, ANDREW BENJAMIN","point":[-86.6746942604676,36.177804723894944]}},{"type":"Feature","id":"266775","geometry":{"type":"Polygon","coordinates":[[[-86.6743698201095,36.1779686399058],[-86.6743750920017,36.1779510295975],[-86.6749637301453,36.1780004822641],[-86.6749176883861,36.178323792322],[-86.6743263926779,36.1782809469755],[-86.6743698201095,36.1779686399058]]]},"properties":{"id":"266775","parcel":"08412012200","address":"3206 MERLYN LN","owner":"FERREIRA, PETER J.","point":[-86.67464482501636,36.17814071440449]}},{"type":"Feature","id":"266779","geometry":{"type":"Polygon","coordinates":[[[-86.6736943798593,36.1785503886111],[-86.6737430808726,36.1782204724197],[-86.6743263926779,36.1782809469755],[-86.6743128938499,36.1786062713368],[-86.6736943798593,36.1785503886111]]]},"properties":{"id":"266779","parcel":"08412012500","address":"3205 KNOBDALE RD","owner":"KNOTT, LATONYA","point":[-86.67401757672576,36.17841568779198]}},{"type":"Feature","id":"266781","geometry":{"type":"Polygon","coordinates":[[[-86.6737430808726,36.1782204724197],[-86.6737865292331,36.1779103636208],[-86.6743698201095,36.1779686399058],[-86.6743263926779,36.1782809469755],[-86.6737430808726,36.1782204724197]]]},"properties":{"id":"266781","parcel":"08412012600","address":"3209 KNOBDALE RD","owner":"LEVINE, LINDSAY","point":[-86.67405651722775,36.178094556757095]}},{"type":"Feature","id":"266784","geometry":{"type":"Polygon","coordinates":[[[-86.6737865292331,36.1779103636208],[-86.6738299432621,36.1775958595301],[-86.6744159023659,36.1776497252505],[-86.6743750920017,36.1779510295975],[-86.6743698201095,36.1779686399058],[-86.6737865292331,36.1779103636208]]]},"properties":{"id":"266784","parcel":"08412012700","address":"3213 KNOBDALE RD","owner":"BRANHAM, DEBORAH (LE) & KIKOLSKI, BRITTNEE ETAL","point":[-86.67410138583595,36.177780045314755]}},{"type":"Feature","id":"266787","geometry":{"type":"Polygon","coordinates":[[[-86.6745381238844,36.1767216404673],[-86.6747934839631,36.1764037531891],[-86.6751446141294,36.1765963311263],[-86.6748142962801,36.1770035924698],[-86.674581453124,36.1770356601854],[-86.6745381238844,36.1767216404673]]]},"properties":{"id":"266787","parcel":"08412013200","address":"2704 LINCOYA DR","owner":"SELVIDGE, ADAM WESLEY","point":[-86.67484112370117,36.176658985515516]}},{"type":"Feature","id":"266798","geometry":{"type":"Polygon","coordinates":[[[-86.6791562019278,36.1744058101543],[-86.6791999468158,36.174133056321],[-86.6799541204871,36.1742079256844],[-86.6799130704071,36.1744784664474],[-86.6791562019278,36.1744058101543]]]},"properties":{"id":"266798","parcel":"08416001300","address":"122 MCGAVOCK PIKE","owner":"NICHOLAS, CODY N. & MAKI, RIANNON J.","point":[-86.67955559335049,36.17430686974272]}},{"type":"Feature","id":"266811","geometry":{"type":"Polygon","coordinates":[[[-86.6722655628646,36.1788374559703],[-86.672292325004,36.1784768936325],[-86.6724885299016,36.1785988676142],[-86.6725653576136,36.1780688104384],[-86.67286312097,36.1783396574446],[-86.6727973021115,36.1788894324435],[-86.6722655628646,36.1788374559703]]]},"properties":{"id":"266811","parcel":"08412014000","address":"2807 LUMAR LN","owner":"CASIANO, CAROLINE & KEITH","point":[-86.6726682850429,36.17853864068549]}},{"type":"Feature","id":"266814","geometry":{"type":"Polygon","coordinates":[[[-86.6720282375267,36.1770608895872],[-86.6721074209723,36.1764890640425],[-86.67278542183,36.1765292397077],[-86.6727546098467,36.1767315935876],[-86.6727035484603,36.1771032788788],[-86.6720282375267,36.1770608895872]]]},"properties":{"id":"266814","parcel":"08412014500","address":"3217 KNOBVIEW DR","owner":"SWANN, NATALIE ANNE & ANDREW","point":[-86.6723915145327,36.17689624239097]}},{"type":"Feature","id":"266817","geometry":{"type":"Polygon","coordinates":[[[-86.6721074209723,36.1764890640425],[-86.6721839163055,36.1759194505897],[-86.6728672929112,36.1759552012989],[-86.6728161393736,36.1763158981827],[-86.67278542183,36.1765292397077],[-86.6721074209723,36.1764890640425]]]},"properties":{"id":"266817","parcel":"08412014600","address":"3221 KNOBVIEW DR","owner":"MURRAY, BRIAN & SHERRY","point":[-86.67249843207516,36.176134611192296]}},{"type":"Feature","id":"266822","geometry":{"type":"Polygon","coordinates":[[[-86.6712606020991,36.1769992318316],[-86.6711532717581,36.1764877801605],[-86.6712314723146,36.1764770079002],[-86.6713102388856,36.1764694138857],[-86.6713893748819,36.1764650172344],[-86.6714686836308,36.1764638271513],[-86.6715479650942,36.1764658492551],[-86.6716270246853,36.1764710765172],[-86.6717056633252,36.1764794965269],[-86.6717836862968,36.1764910869362],[-86.671860897741,36.1765058217986],[-86.6718749345654,36.176509908389],[-86.6718879276847,36.176515847467],[-86.6718995054909,36.176523469862],[-86.6719093404573,36.1765325610954],[-86.6719171535928,36.1765428622567],[-86.6719227223069,36.1765540798735],[-86.6719258893938,36.1765658966768],[-86.6719265641828,36.1765779761007],[-86.6718601481842,36.1770574307176],[-86.6712606020991,36.1769992318316]]]},"properties":{"id":"266822","parcel":"08412014700","address":"3212 KNOBVIEW DR","owner":"CROTZER, TERRY","point":[-86.67155672766339,36.17678850333274]}},{"type":"Feature","id":"266825","geometry":{"type":"Polygon","coordinates":[[[-86.6711969143768,36.177801719816],[-86.6709695104348,36.1776760732823],[-86.6707135144793,36.1775349249166],[-86.6708022186268,36.1774465259457],[-86.6717911690246,36.1775544794497],[-86.6717771921814,36.1776425795729],[-86.6717600428556,36.177730311608],[-86.6717397348316,36.1778175979687],[-86.6717162863789,36.17790436555],[-86.6716897179824,36.1779905403327],[-86.6716600501276,36.1780760482974],[-86.6711969143768,36.177801719816]]]},"properties":{"id":"266825","parcel":"08412014900","address":"3204 KNOBVIEW DR","owner":"VAUGHN FAMILY TRUST","point":[-86.67144106391731,36.17776591336997]}},{"type":"Feature","id":"266828","geometry":{"type":"Polygon","coordinates":[[[-86.6705415599451,36.1767535217776],[-86.6705683154696,36.1767508171801],[-86.6705942598314,36.1767448644395],[-86.6706187961341,36.1767358020613],[-86.6706413614086,36.1767238368584],[-86.6706614366177,36.1767092438959],[-86.6706785610461,36.1766923592005],[-86.6706923411093,36.1766735697979],[-86.6707006813957,36.1766581398688],[-86.6707062526483,36.1766428496983],[-86.6707148054229,36.1766284919869],[-86.6707261150571,36.1766154483134],[-86.6707398787506,36.1766040619369],[-86.6707557377661,36.1765946340678],[-86.6707732706608,36.1765874121896],[-86.6708584218881,36.176559743499],[-86.6709303865908,36.1765373113538],[-86.6710036366319,36.1765178092236],[-86.6710779934491,36.1765012849642],[-86.6711532717581,36.1764877801605],[-86.6712606020991,36.1769992318316],[-86.6708022186268,36.1774465259457],[-86.6705415599451,36.1767535217776]]]},"properties":{"id":"266828","parcel":"08412015200","address":"2804 LEALTO CT","owner":"2021 JACQUELYN J. SMITH IRREVOCABLE TRUST","point":[-86.67091122880362,36.17687640523855]}},{"type":"Feature","id":"266831","geometry":{"type":"Polygon","coordinates":[[[-86.6743128938499,36.1786062713368],[-86.6743263926779,36.1782809469755],[-86.6749176883861,36.178323792322],[-86.6749019460602,36.1784648038641],[-86.6748925828778,36.17855907921],[-86.6748915977171,36.1786096309128],[-86.6748906941045,36.178655785819],[-86.6743131179658,36.1786326418154],[-86.6743128938499,36.1786062713368]]]},"properties":{"id":"266831","parcel":"08412015500","address":"3204 MERLYN LN","owner":"BERGTHOLD, RONALD M. ET UX","point":[-86.67460706892301,36.1785111531559]}},{"type":"Feature","id":"266857","geometry":{"type":"Polygon","coordinates":[[[-86.6776671477681,36.1749284253037],[-86.6777627791161,36.1743828749055],[-86.6780124010552,36.1744122402588],[-86.677922192517,36.1749577631084],[-86.6776671477681,36.1749284253037]]]},"properties":{"id":"266857","parcel":"08416003400","address":"2569 STINSON RD","owner":"BLACK, JAMES C & JENNIFER","point":[-86.67784105734874,36.17467033636475]}},{"type":"Feature","id":"266859","geometry":{"type":"Polygon","coordinates":[[[-86.677420253094,36.1749012420993],[-86.6775130321532,36.1743565505895],[-86.6777627791161,36.1743828749055],[-86.6776671477681,36.1749284253037],[-86.677420253094,36.1749012420993]]]},"properties":{"id":"266859","parcel":"08416003500","address":"2567 STINSON RD","owner":"SCHUBAUER, ELIZABETH","point":[-86.67759087292738,36.17464205689983]}},{"type":"Feature","id":"266862","geometry":{"type":"Polygon","coordinates":[[[-86.6764217600651,36.1747837736121],[-86.6764942504168,36.1742491609272],[-86.6767548257338,36.1742766289195],[-86.6766740938731,36.1748131265374],[-86.676611696733,36.1748068853973],[-86.6764217600651,36.1747837736121]]]},"properties":{"id":"266862","parcel":"08416003900","address":"2559 STINSON RD","owner":"FRANKLIN, TIMOTHY E","point":[-86.67658640388915,36.17453019628552]}},{"type":"Feature","id":"266865","geometry":{"type":"Polygon","coordinates":[[[-86.6759297881138,36.1752606560781],[-86.6753380696478,36.174846980447],[-86.6752408236455,36.1747742809053],[-86.6751453103369,36.1747000863177],[-86.6750515655301,36.1746244244268],[-86.6754178489136,36.1746663280966],[-86.6756729140098,36.1746978651],[-86.6759252439253,36.1747272187089],[-86.6761694264514,36.1747544210603],[-86.6764217600651,36.1747837736121],[-86.676611696733,36.1748068853973],[-86.6765471023823,36.1751786457682],[-86.6764979641246,36.1754558232766],[-86.6764669757861,36.1756362028935],[-86.6759297881138,36.1752606560781]]]},"properties":{"id":"266865","parcel":"08416004100","address":"2557 B STINSON RD","owner":"JENNINGS, SAM & LOUIS B.","point":[-86.67607473326989,36.175013172240114]}},{"type":"Feature","id":"266868","geometry":{"type":"Polygon","coordinates":[[[-86.6759252439253,36.1747272187089],[-86.6759890985002,36.1741959091443],[-86.6762415492009,36.1742225215812],[-86.6761694264514,36.1747544210603],[-86.6759252439253,36.1747272187089]]]},"properties":{"id":"266868","parcel":"08416004200","address":"2555 STINSON RD","owner":"SHIVERS, DAVID A. & ALLISON","point":[-86.67608145021266,36.1744748649902]}},{"type":"Feature","id":"266871","geometry":{"type":"Polygon","coordinates":[[[-86.6750515655301,36.1746244244268],[-86.6750022476589,36.1745844391486],[-86.6749548877314,36.1745429260821],[-86.6749095574467,36.1744999506203],[-86.6752366202392,36.1740734307415],[-86.6752834285616,36.1740928560076],[-86.6753318110686,36.1741095533474],[-86.6753815280356,36.1741234375794],[-86.6754323309832,36.174134439794],[-86.6754839648769,36.1741425046377],[-86.6754178489136,36.1746663280966],[-86.6750515655301,36.1746244244268]]]},"properties":{"id":"266871","parcel":"08416004500","address":"2549 STINSON RD","owner":"BRAGG, MATTHEW & LYON, BRYN","point":[-86.67525411683815,36.174321383563374]}},{"type":"Feature","id":"267734","geometry":{"type":"Polygon","coordinates":[[[-86.6699092691288,36.1802007238345],[-86.6705341047014,36.1797203684295],[-86.6705481034657,36.1797730341018],[-86.6706433479936,36.1801373117657],[-86.6703182771545,36.1804841458682],[-86.6701247636532,36.1803599544046],[-86.6700680795722,36.1803227127332],[-86.670013215056,36.1802837206069],[-86.6699602517652,36.1802430379591],[-86.6699092691288,36.1802007238345]]]},"properties":{"id":"267734","parcel":"08509000200","address":"3121 HUNTERS HILL RD","owner":"DAVIS, SHARON M.","point":[-86.67041285653897,36.179954669643855]}},{"type":"Feature","id":"267738","geometry":{"type":"Polygon","coordinates":[[[-86.6703394416529,36.178818222925],[-86.6704831030162,36.1788174250768],[-86.670416304781,36.1795737814519],[-86.6703781516786,36.1795498188863],[-86.6699858392703,36.1793168505152],[-86.6699627083778,36.178824708902],[-86.6703394416529,36.178818222925]]]},"properties":{"id":"267738","parcel":"08509000600","address":"2824 LUMAR LN","owner":"MADDOX, LESLIE & SCILLIA, NICKOLAS","point":[-86.6702174417065,36.179071449796226]}},{"type":"Feature","id":"267782","geometry":{"type":"Polygon","coordinates":[[[-86.6695864658582,36.1779257669133],[-86.6703647668562,36.1773236910253],[-86.6707135144793,36.1775349249166],[-86.6709695104348,36.1776760732823],[-86.6707025996095,36.1778470490873],[-86.6701121445336,36.1782239261163],[-86.6695421109648,36.1781303931378],[-86.6695687777654,36.1781184333328],[-86.6695916836599,36.1781023729282],[-86.6696104977808,36.178083314198],[-86.6696242029983,36.1780612618852],[-86.6696324740892,36.1780375913135],[-86.6696346399356,36.1780131308585],[-86.6696310454242,36.1779887023577],[-86.6696213619026,36.1779654062678],[-86.6696062721853,36.1779440625502],[-86.6695864658582,36.1779257669133]]]},"properties":{"id":"267782","parcel":"08509002100","address":"3143 HUNTERS HILL RD","owner":"BIRDWELL, BEN J. ETUX","point":[-86.67031923515182,36.177760139193204]}},{"type":"Feature","id":"267784","geometry":{"type":"Polygon","coordinates":[[[-86.6703647668562,36.1773236910253],[-86.6698525507879,36.1770144709256],[-86.6703891768877,36.1766840447239],[-86.6704043492935,36.1767012321867],[-86.6704224398123,36.1767164513139],[-86.6704430655157,36.1767293770738],[-86.6704657883371,36.1767397370146],[-86.6704901261939,36.1767473121031],[-86.6705155630084,36.1767519384719],[-86.6705415599451,36.1767535217776],[-86.6708022186268,36.1774465259457],[-86.6707135144793,36.1775349249166],[-86.6703647668562,36.1773236910253]]]},"properties":{"id":"267784","parcel":"08509002400","address":"2808 LEALTO CT","owner":"DEAROLF, DAVID A. & GAIL Y.","point":[-86.67040356611106,36.17716989349549]}},{"type":"Feature","id":"268016","geometry":{"type":"Polygon","coordinates":[[[-86.6786897188528,36.1772211688428],[-86.6787206957028,36.1770454221469],[-86.6792252479065,36.177088734967],[-86.6791641264601,36.1775483849533],[-86.6786897188528,36.1772211688428]]]},"properties":{"id":"268016","parcel":"08412007500","address":"100 MCGAVOCK PIKE","owner":"CUNNINGHAM, SHERRI","point":[-86.67905635599793,36.17738512418106]}},{"type":"Feature","id":"268017","geometry":{"type":"Polygon","coordinates":[[[-86.6788451006113,36.1766952989189],[-86.6792736992584,36.1767324450297],[-86.6792252479065,36.177088734967],[-86.6787206957028,36.1770454221469],[-86.6787723304503,36.1767440561968],[-86.6787740109338,36.1767349223967],[-86.6787776088443,36.1767261599487],[-86.6787830163776,36.1767180317252],[-86.6787893502102,36.1767114980282],[-86.6787968878997,36.1767058678333],[-86.6788054361207,36.1767012828237],[-86.6788147780117,36.176697862284],[-86.6788246719865,36.1766956940932],[-86.6788348661618,36.1766948319409],[-86.6788451006113,36.1766952989189]]]},"properties":{"id":"268017","parcel":"08412007600","address":"2430 MAPLECREST DR","owner":"THERIAULT, DARREN JOHN & RISCHE, BETHANY LARK","point":[-86.67899897909166,36.17689541635565]}},{"type":"Feature","id":"268020","geometry":{"type":"Polygon","coordinates":[[[-86.6795058056621,36.1766146644163],[-86.6795898510994,36.1759834699881],[-86.6796495371593,36.1759897266603],[-86.6798258698724,36.1760063145787],[-86.6797390974114,36.1766353272632],[-86.6795058056621,36.1766146644163]]]},"properties":{"id":"268020","parcel":"08412008300","address":"2427 MAPLECREST DR","owner":"JOHNSON, BRYAN & DEANNA BRUTON","point":[-86.67966510783776,36.176310487660615]}},{"type":"Feature","id":"268021","geometry":{"type":"Polygon","coordinates":[[[-86.6788499989646,36.176554897506],[-86.678840469965,36.1765507386074],[-86.6788318989432,36.1765453801521],[-86.67882451612,36.1765389650469],[-86.6788185152653,36.1765316634418],[-86.6788140547779,36.1765236691182],[-86.6788112543054,36.1765151941009],[-86.6788101880202,36.1765064623862],[-86.6788108834776,36.1764977063444],[-86.6788625363092,36.1761985356736],[-86.6792884023111,36.1762334989181],[-86.6792209776503,36.1765898983762],[-86.6788710398957,36.1765588997337],[-86.6788601868269,36.1765575872505],[-86.6788499989646,36.176554897506]]]},"properties":{"id":"268021","parcel":"08412008500","address":"2431 MAPLECREST DR","owner":"HARPER, FRANKLIN K. ETUX","point":[-86.6790485469179,36.176365599933675]}},{"type":"Feature","id":"268022","geometry":{"type":"Polygon","coordinates":[[[-86.6767778248922,36.1758520272329],[-86.6767314621578,36.175819321793],[-86.6786848688155,36.1760259232866],[-86.67863850504,36.1763096787558],[-86.6771977700657,36.1761463522382],[-86.6767778248922,36.1758520272329]]]},"properties":{"id":"268022","parcel":"08412008700","address":"105 MCGAVOCK PIKE","owner":"WILLIAMSON, CHARLES D","point":[-86.67789168310581,36.17608600654031]}},{"type":"Feature","id":"268023","geometry":{"type":"Polygon","coordinates":[[[-86.678498495602,36.1770565427868],[-86.6771977700657,36.1761463522382],[-86.67863850504,36.1763096787558],[-86.6785094262626,36.1770641916209],[-86.678498495602,36.1770565427868]]]},"properties":{"id":"268023","parcel":"08412008800","address":"103 MCGAVOCK PIKE","owner":"WHITE, ROBERT P.","point":[-86.67826855970503,36.17668230514995]}},{"type":"Feature","id":"268024","geometry":{"type":"Polygon","coordinates":[[[-86.6748240982424,36.1762513205994],[-86.6752910205747,36.1756889380936],[-86.67572978655,36.1759655820247],[-86.6752865925965,36.1765051127081],[-86.6748240982424,36.1762513205994]]]},"properties":{"id":"268024","parcel":"08412009500","address":"2705 LINCOYA DR","owner":"WOODALL, CHARLES, JR. & WENDY","point":[-86.6752775750329,36.17610845388804]}},{"type":"Feature","id":"268025","geometry":{"type":"Polygon","coordinates":[[[-86.6774661333953,36.1786875103585],[-86.677476507021,36.1786325113985],[-86.6782198979071,36.178709651323],[-86.6781682409868,36.1790088179098],[-86.6776689494892,36.1789478902408],[-86.6774661333953,36.1786875103585]]]},"properties":{"id":"268025","parcel":"08412009900","address":"3254 MCGAVOCK PIKE","owner":"STREET, WILLIAM F., JR.","point":[-86.67788730107709,36.17882861742357]}},{"type":"Feature","id":"268037","geometry":{"type":"Polygon","coordinates":[[[-86.6756645688515,36.1784932272655],[-86.675685076357,36.1783546610979],[-86.6765640107454,36.1784332460992],[-86.676539874385,36.1786004044672],[-86.6765204991362,36.1787345680927],[-86.6760051525073,36.1786978979952],[-86.6756645688515,36.1784932272655]]]},"properties":{"id":"268037","parcel":"08412010900","address":"3204 FRENO LN","owner":"PEDIGO, STEVE W.","point":[-86.67614980287387,36.17854694538505]}},{"type":"Feature","id":"268038","geometry":{"type":"Polygon","coordinates":[[[-86.6750858927342,36.1783404326231],[-86.675124232472,36.1780677117779],[-86.6757183119901,36.1781193285088],[-86.675685076357,36.1783546610979],[-86.6756645688515,36.1784932272655],[-86.6750759288311,36.1784437771093],[-86.6750858927342,36.1783404326231]]]},"properties":{"id":"268038","parcel":"08412011300","address":"3207 MERLYN LN","owner":"OSBORNE, NEAL P.","point":[-86.67540206642211,36.17822988088819]}},{"type":"Feature","id":"268039","geometry":{"type":"Polygon","coordinates":[[[-86.6758127648845,36.1774331381349],[-86.6760693370226,36.1771034880968],[-86.6764078806356,36.1772891562027],[-86.6760617606807,36.1777064476315],[-86.6757820516309,36.1776464803763],[-86.6758127648845,36.1774331381349]]]},"properties":{"id":"268039","parcel":"08412011700","address":"2604 LINCOYA DR","owner":"YOUNG, DAVID P.","point":[-86.67610847005622,36.177361142527445]}},{"type":"Feature","id":"268041","geometry":{"type":"Polygon","coordinates":[[[-86.6744912193505,36.1772625210304],[-86.674581453124,36.1770356601854],[-86.6748142962801,36.1770035924698],[-86.6752250781347,36.1771771058053],[-86.6751894298681,36.1772395632816],[-86.6751566471959,36.17730304387],[-86.675126774971,36.1773674617027],[-86.6750998546964,36.1774327291274],[-86.6744912193505,36.1772625210304]]]},"properties":{"id":"268041","parcel":"08412011900","address":"3218 MERLYN LN","owner":"SHAWL, DAVID & SUSAN","point":[-86.67486038770463,36.17720739303415]}},{"type":"Feature","id":"268043","geometry":{"type":"Polygon","coordinates":[[[-86.6742973746812,36.1790129203063],[-86.6743131179658,36.1786326418154],[-86.6748906941045,36.178655785819],[-86.674879758135,36.1789635159437],[-86.6748774519625,36.1789750820712],[-86.67487286632,36.1789861931892],[-86.6748661221053,36.1789965557123],[-86.6748573970858,36.1790058964662],[-86.6748469215052,36.1790139690212],[-86.6748349736836,36.1790205591236],[-86.6748218656501,36.1790254946912],[-86.6748079464706,36.1790286448919],[-86.6747935800683,36.1790299265782],[-86.6746280812387,36.1790262281401],[-86.6744626679547,36.1790205597473],[-86.6742973746812,36.1790129203063]]]},"properties":{"id":"268043","parcel":"08412012300","address":"2703 LUMAR LN","owner":"SMITH, JOHN W. ET UX","point":[-86.6745955406197,36.17880886385661]}},{"type":"Feature","id":"268044","geometry":{"type":"Polygon","coordinates":[[[-86.6736852241041,36.1786163694827],[-86.6736943798593,36.1785503886111],[-86.6743128938499,36.1786062713368],[-86.6743131179658,36.1786326418154],[-86.6742973746812,36.1790129203063],[-86.67410551982,36.1790019672347],[-86.6739138434555,36.1789891184165],[-86.673722375638,36.1789743763886],[-86.6737079672555,36.1789721549879],[-86.6736942392096,36.1789679686499],[-86.6736815961068,36.1789619430957],[-86.6736704096176,36.178954252898],[-86.6736610085102,36.1789451260436],[-86.6736536696507,36.1789348313652],[-86.6736486090486,36.1789236713819],[-86.6736459762222,36.1789119733179],[-86.6736458485951,36.1789000837257],[-86.6736852241041,36.1786163694827]]]},"properties":{"id":"268044","parcel":"08412012400","address":"3201 KNOBDALE RD","owner":"DEDMAN, R. WAYNE ET UX","point":[-86.67398603562663,36.178766381081374]}},{"type":"Feature","id":"268045","geometry":{"type":"Polygon","coordinates":[[[-86.6739164181762,36.1770064103487],[-86.673932668262,36.1769250071312],[-86.674581453124,36.1770356601854],[-86.6744912193505,36.1772625210304],[-86.6744620205017,36.1773352057878],[-86.6738760043648,36.1772747479082],[-86.6739015208692,36.1770878060098],[-86.6739164181762,36.1770064103487]]]},"properties":{"id":"268045","parcel":"08412012900","address":"3221 KNOBDALE RD","owner":"ESKEW, ROBERT D. & DAN P.","point":[-86.67420766023079,36.17717519460662]}},{"type":"Feature","id":"268046","geometry":{"type":"Polygon","coordinates":[[[-86.6731038247177,36.1763582469539],[-86.6735886698655,36.1757507559779],[-86.6738095379134,36.1758686328185],[-86.6741329338731,36.1760412262655],[-86.6741434903377,36.1760479447803],[-86.6741526123994,36.1760559249569],[-86.6741600738342,36.1760649697819],[-86.6741656870781,36.1760748531858],[-86.674169313308,36.1760853289992],[-86.6741708624874,36.1760961363599],[-86.6741702956591,36.1761070078115],[-86.6741676271835,36.1761176710935],[-86.6741629237343,36.1761278617644],[-86.6741563020986,36.1761373259179],[-86.6740999588771,36.1762074602303],[-86.6740471468172,36.1762793782165],[-86.6739979516334,36.1763529622387],[-86.6739524523717,36.1764280946961],[-86.6739107258024,36.1765046516918],[-86.6738728364771,36.1765825102982],[-86.6731038247177,36.1763582469539]]]},"properties":{"id":"268046","parcel":"08412013300","address":"3230 KNOBDALE RD","owner":"CREECH, L.C. ETUX,TRS.& WOOTEN, ROY ETUX","point":[-86.67369109475321,36.176171202726586]}},{"type":"Feature","id":"268047","geometry":{"type":"Polygon","coordinates":[[[-86.6726420538823,36.1775233693754],[-86.6726958609482,36.1771560651959],[-86.6737051484287,36.1772647134387],[-86.6736540165103,36.1776276077143],[-86.6726420538823,36.1775233693754]]]},"properties":{"id":"268047","parcel":"08412013600","address":"3218 KNOBDALE RD","owner":"BOHLEBER, ANGELA INMAN & MICHAEL LINDSAY","point":[-86.6731739665242,36.177394043587974]}},{"type":"Feature","id":"268048","geometry":{"type":"Polygon","coordinates":[[[-86.6789224903401,36.1758399838357],[-86.6789580481396,36.17563979882],[-86.6796932435819,36.1757125784348],[-86.6796562382629,36.1759413408546],[-86.6796495371593,36.1759897266603],[-86.6795898510994,36.1759834699881],[-86.6795084604144,36.1759751372965],[-86.6789089180183,36.1759169772751],[-86.6789224903401,36.1758399838357]]]},"properties":{"id":"268048","parcel":"08416000400","address":"110 MCGAVOCK PIKE","owner":"HUDDLESTON, JESSICA E. DR. & DONAHUE, MICHAEL","point":[-86.67930837990019,36.175776283130524]}},{"type":"Feature","id":"268049","geometry":{"type":"Polygon","coordinates":[[[-86.6789580481396,36.17563979882],[-86.6790045232099,36.1753692279725],[-86.6797451185031,36.1754397796166],[-86.6796932435819,36.1757125784348],[-86.6789580481396,36.17563979882]]]},"properties":{"id":"268049","parcel":"08416000500","address":"112 MCGAVOCK PIKE","owner":"BARON, CARLA Y. & GARY H.","point":[-86.67935065489071,36.17553978738057]}},{"type":"Feature","id":"268050","geometry":{"type":"Polygon","coordinates":[[[-86.6790045232099,36.1753692279725],[-86.679050941545,36.1750920646888],[-86.6797969753473,36.1751647826828],[-86.6797451185031,36.1754397796166],[-86.6790045232099,36.1753692279725]]]},"properties":{"id":"268050","parcel":"08416000600","address":"114 MCGAVOCK PIKE","owner":"SINGER, CARL MICHAEL","point":[-86.67939966090456,36.17526700307095]}},{"type":"Feature","id":"268052","geometry":{"type":"Polygon","coordinates":[[[-86.6799130704071,36.1744784664474],[-86.6799541204871,36.1742079256844],[-86.6802145471192,36.174232830177],[-86.6800697862216,36.1750533643788],[-86.6798256413192,36.1750305651396],[-86.6799054289187,36.1745356457718],[-86.6799130704071,36.1744784664474]]]},"properties":{"id":"268052","parcel":"08416001000","address":"2411 SELMA AVE","owner":"BAUDER, ZACHARY D & ORAVEC","point":[-86.67999144144473,36.174783442062896]}},{"type":"Feature","id":"268053","geometry":{"type":"Polygon","coordinates":[[[-86.6791999468158,36.174133056321],[-86.6792360295951,36.1739152872868],[-86.6799955857144,36.1739857306502],[-86.6805598415177,36.1740396896367],[-86.6805238177434,36.1742640514648],[-86.6804668428853,36.174257779945],[-86.6802145471192,36.174232830177],[-86.6799541204871,36.1742079256844],[-86.6791999468158,36.174133056321]]]},"properties":{"id":"268053","parcel":"08416001400","address":"124 MCGAVOCK PIKE","owner":"HAGAR, JEANENE LEE","point":[-86.67988001848913,36.17408637524321]}},{"type":"Feature","id":"268058","geometry":{"type":"Polygon","coordinates":[[[-86.6725729115697,36.1780006413025],[-86.6725909728261,36.1778928564728],[-86.6736029774138,36.1780014904604],[-86.6735441037513,36.1784105794668],[-86.67286312097,36.1783396574446],[-86.6725653576136,36.1780688104384],[-86.6725729115697,36.1780006413025]]]},"properties":{"id":"268058","parcel":"08412013800","address":"3208 KNOBDALE RD","owner":"DREWNOWSKI, MARY","point":[-86.6731438506287,36.178205407709115]}},{"type":"Feature","id":"268059","geometry":{"type":"Polygon","coordinates":[[[-86.672292325004,36.1784768936325],[-86.6718017815041,36.1781675602133],[-86.6718073895819,36.1781496732666],[-86.6718419926064,36.1780564942248],[-86.6718736193342,36.1779626233466],[-86.6719022514042,36.1778681229234],[-86.6725729115697,36.1780006413025],[-86.6725653576136,36.1780688104384],[-86.6724885299016,36.1785988676142],[-86.672292325004,36.1784768936325]]]},"properties":{"id":"268059","parcel":"08412014200","address":"3205 KNOBVIEW DR","owner":"BYNUM, JAMES C., III & BERTHA ELLEN","point":[-86.67228774435742,36.17832288626173]}},{"type":"Feature","id":"268060","geometry":{"type":"Polygon","coordinates":[[[-86.6708022186268,36.1774465259457],[-86.6712606020991,36.1769992318316],[-86.6718601481842,36.1770574307176],[-86.6717927282154,36.1775385383195],[-86.6717911690246,36.1775544794497],[-86.6708022186268,36.1774465259457]]]},"properties":{"id":"268060","parcel":"08412014800","address":"3208 KNOBVIEW DR","owner":"URBAN, JAMES P. & SARA E.","point":[-86.67141760333323,36.17725221672071]}},{"type":"Feature","id":"268061","geometry":{"type":"Polygon","coordinates":[[[-86.6710799236979,36.1787121934924],[-86.6711969143768,36.177801719816],[-86.6716600501276,36.1780760482974],[-86.6716300166306,36.1781554026905],[-86.6716041855542,36.1782357223743],[-86.6715826046006,36.1783168628846],[-86.6715653114378,36.1783986762079],[-86.6715523403841,36.1784810125461],[-86.6715325592098,36.1786283639001],[-86.6715242904189,36.1786899433233],[-86.6715220085369,36.1787007585015],[-86.6715176308274,36.178711141018],[-86.6715112695439,36.1787208252781],[-86.6715030871311,36.1787295652354],[-86.6714932917929,36.1787371362196],[-86.6714821342577,36.1787433466698],[-86.6714698988694,36.1787480363827],[-86.6714568992331,36.178751087351],[-86.6714434648444,36.1787524202337],[-86.6714299411508,36.1787520015652],[-86.6710799236979,36.1787121934924]]]},"properties":{"id":"268061","parcel":"08412015000","address":"3200 KNOBVIEW DR","owner":"GERLEVE, CHARMAINE TALON","point":[-86.67136474560039,36.17827566520273]}},{"type":"Feature","id":"268062","geometry":{"type":"Polygon","coordinates":[[[-86.6708764636194,36.1786935453822],[-86.6707429835467,36.1786870247881],[-86.6706093694853,36.1786826678111],[-86.6707025996095,36.1778470490873],[-86.6709695104348,36.1776760732823],[-86.6711969143768,36.177801719816],[-86.6710799236979,36.1787121934924],[-86.6710246404917,36.1787059072044],[-86.6708764636194,36.1786935453822]]]},"properties":{"id":"268062","parcel":"08412015100","address":"2819 LUMAR LN","owner":"WHITE, KENT L. & JENNY A.","point":[-86.67089660942986,36.17826552017445]}},{"type":"Feature","id":"268063","geometry":{"type":"Polygon","coordinates":[[[-86.6713416862866,36.1763307001566],[-86.6712881009808,36.1757640088343],[-86.6720286000267,36.1758236192771],[-86.6720209341409,36.1758786036185],[-86.6719621852761,36.1763030740483],[-86.6719597888999,36.1763142684088],[-86.6719551006598,36.1763249771307],[-86.67194825467,36.1763348912369],[-86.6719394464185,36.1763437293473],[-86.6719289272095,36.1763512377098],[-86.6719169987049,36.1763572019478],[-86.6719040007424,36.1763614525351],[-86.6718903069045,36.1763638666233],[-86.6718763056901,36.1763643762577],[-86.6718623993798,36.1763629656805],[-86.6717766541301,36.1763496869795],[-86.671690257384,36.1763395473234],[-86.6716033871757,36.1763325682515],[-86.671516218136,36.1763287632116],[-86.6714289248496,36.1763281402443],[-86.6713416862866,36.1763307001566]]]},"properties":{"id":"268063","parcel":"08412015300","address":"3218 KNOBVIEW DR","owner":"KOCHER, JENNIFER MARY","point":[-86.67165519533036,36.17608991682721]}},{"type":"Feature","id":"268070","geometry":{"type":"Polygon","coordinates":[[[-86.6788233091861,36.1750637179087],[-86.6781799661856,36.174989276907],[-86.6782209672014,36.1747121443651],[-86.6788965810839,36.1747918562684],[-86.6788553479507,36.1750360006367],[-86.6788501424757,36.1750668223557],[-86.6788233091861,36.1750637179087]]]},"properties":{"id":"268070","parcel":"08416003100","address":"109 D MCGAVOCK PIKE","owner":"TENNENT, NORRIS, JR. & JODI L.","point":[-86.67853723091994,36.17489056432606]}},{"type":"Feature","id":"268071","geometry":{"type":"Polygon","coordinates":[[[-86.676921005658,36.1748425093423],[-86.6770075072633,36.1743032645991],[-86.6772602735177,36.1743299082878],[-86.6771733398298,36.1748718603224],[-86.676921005658,36.1748425093423]]]},"properties":{"id":"268071","parcel":"08416003700","address":"2563 STINSON RD","owner":"WIETHE, JOHN","point":[-86.67709064025266,36.17458620894381]}},{"type":"Feature","id":"268137","geometry":{"type":"Polygon","coordinates":[[[-86.6701121445336,36.1782239261163],[-86.6707025996095,36.1778470490873],[-86.6706093694853,36.1786826678111],[-86.6704724770457,36.1786811957981],[-86.6703355771044,36.1786819930404],[-86.6701404376912,36.1786852719681],[-86.6701121445336,36.1782239261163]]]},"properties":{"id":"268137","parcel":"08509002300","address":"2823 LUMAR LN","owner":"GLENN, GEORGE & SUSAN","point":[-86.67038053776278,36.17845280403832]}},{"type":"Feature","id":"268138","geometry":{"type":"Polygon","coordinates":[[[-86.6705202462775,36.176476738275],[-86.6700385543138,36.1754478985496],[-86.6705318396588,36.1754429621305],[-86.670707538591,36.1757057016647],[-86.6708497306224,36.1761730083795],[-86.670922098111,36.1763967646225],[-86.6708572211526,36.1764177279774],[-86.6706899587409,36.1764719497744],[-86.6706534510918,36.1764820421257],[-86.670627738883,36.1764840172355],[-86.6706019348121,36.1764831466744],[-86.6705765148089,36.176479447626],[-86.6705579498718,36.1764766198625],[-86.6705390932335,36.1764757115956],[-86.6705202462775,36.176476738275]]]},"properties":{"id":"268138","parcel":"08509002700","address":"2805 LEALTO CT","owner":"MARTIN, CHARLES & PAULA S.","point":[-86.67052331193086,36.17593865267906]}},{"type":"Feature","id":"268174","geometry":{"type":"Polygon","coordinates":[[[-86.6735437275603,36.1796434536821],[-86.6736129027802,36.1791705766418],[-86.6736160488534,36.1791591879075],[-86.6736215010923,36.1791483874435],[-86.6736291053202,36.1791384780316],[-86.6736386482536,36.1791297402515],[-86.6736498596101,36.1791224189512],[-86.6736624232252,36.1791167231838],[-86.6736759858152,36.1791128108383],[-86.6736901648039,36.179110794003],[-86.6737045593553,36.1791107289902],[-86.6738960275061,36.1791254719471],[-86.6740877030779,36.1791383198981],[-86.6742795582663,36.1791492729976],[-86.6742463727564,36.1797098572798],[-86.6735437275603,36.1796434536821]]]},"properties":{"id":"268174","parcel":"08412003800","address":"3119 KNOBDALE RD","owner":"EALEY, RICHARD","point":[-86.67392125258078,36.17940794971899]}},{"type":"Feature","id":"268193","geometry":{"type":"Polygon","coordinates":[[[-86.6705089299517,36.1796282104119],[-86.6708428154479,36.1793626364275],[-86.6714274257563,36.1794157013363],[-86.6713766539369,36.1798225449269],[-86.6705481034657,36.1797730341018],[-86.6705341047014,36.1797203684295],[-86.6705089299517,36.1796282104119]]]},"properties":{"id":"268193","parcel":"08412005600","address":"3124 KNOBVIEW DR","owner":"HARPER, WILLIAM HENRY","point":[-86.67102882482524,36.17952212342191]}},{"type":"Feature","id":"268213","geometry":{"type":"Polygon","coordinates":[[[-86.6792252479065,36.177088734967],[-86.6792736992584,36.1767324450297],[-86.6795422464316,36.1767551080341],[-86.679450464738,36.1774324957196],[-86.6792802839359,36.1775015805798],[-86.679245160162,36.1775149636478],[-86.6791641264601,36.1775483849533],[-86.6792252479065,36.177088734967]]]},"properties":{"id":"268213","parcel":"08412007400","address":"2428 MAPLECREST DR","owner":"THOM, SCOTT W. & STADIG, BRITT E.","point":[-86.67933807245396,36.177260615977026]}},{"type":"Feature","id":"268214","geometry":{"type":"Polygon","coordinates":[[[-86.6797390974114,36.1766353272632],[-86.6798258698724,36.1760063145787],[-86.6798943757746,36.1760136209944],[-86.6800646176541,36.1760313415062],[-86.6799805205579,36.1766559438552],[-86.6797390974114,36.1766353272632]]]},"properties":{"id":"268214","parcel":"08412008200","address":"2425 MAPLECREST DR","owner":"HUBERTS, JEFFREY L.","point":[-86.6799023577394,36.17633333584178]}},{"type":"Feature","id":"268215","geometry":{"type":"Polygon","coordinates":[[[-86.6792884023111,36.1762334989181],[-86.6795084604144,36.1759751372965],[-86.6795898510994,36.1759834699881],[-86.6795058056621,36.1766146644163],[-86.6792209776503,36.1765898983762],[-86.6792884023111,36.1762334989181]]]},"properties":{"id":"268215","parcel":"08412008400","address":"2429 MAPLECREST DR","owner":"GONZALEZ, FRANCISCO & ANN MARIE","point":[-86.67939371111574,36.17641207101907]}},{"type":"Feature","id":"268216","geometry":{"type":"Polygon","coordinates":[[[-86.6763158495181,36.176032624232],[-86.6764699316032,36.1760020688511],[-86.6767454742721,36.1761906441595],[-86.6761214453644,36.1769632261847],[-86.6759435282928,36.1768655968901],[-86.6757236946677,36.1767449675189],[-86.6763158495181,36.176032624232]]]},"properties":{"id":"268216","parcel":"08412009300","address":"2609 LINCOYA DR","owner":"YOUNG, ROGER A.","point":[-86.67623785205856,36.17646781577639]}},{"type":"Feature","id":"268217","geometry":{"type":"Polygon","coordinates":[[[-86.6752865925965,36.1765051127081],[-86.67572978655,36.1759655820247],[-86.6759532439911,36.1761049796607],[-86.6763158495181,36.176032624232],[-86.6757236946677,36.1767449675189],[-86.6752865925965,36.1765051127081]]]},"properties":{"id":"268217","parcel":"08412009400","address":"2701 LINCOYA DR","owner":"JOHNSON, LANCE H.","point":[-86.67576982500798,36.17630545271879]}},{"type":"Feature","id":"268218","geometry":{"type":"Polygon","coordinates":[[[-86.6775307980027,36.1783245376238],[-86.6775359974872,36.1782981367019],[-86.6775799002292,36.1780429646625],[-86.677631652563,36.1777547840709],[-86.6782854938398,36.1778214362695],[-86.6783009383445,36.1778249734492],[-86.6783154047572,36.1778306106493],[-86.6783284581039,36.1778381808777],[-86.6783397118203,36.1778474582885],[-86.6783488311476,36.1778581653731],[-86.678354134322,36.1778681125104],[-86.6783576964439,36.1778785570126],[-86.6783594468903,36.1778893000985],[-86.6783593550018,36.1779001364533],[-86.6782715577341,36.178410480165],[-86.6775307980027,36.1783245376238]]]},"properties":{"id":"268218","parcel":"08412009700","address":"3262 MCGAVOCK PIKE","owner":"LAMB, LAURA LEE","point":[-86.6779352169813,36.17817156617919]}},{"type":"Feature","id":"268219","geometry":{"type":"Polygon","coordinates":[[[-86.6766428161156,36.1790920968405],[-86.6766861996189,36.1787753946662],[-86.6772287653474,36.1788250954777],[-86.6770993786598,36.1792279881846],[-86.6769735410986,36.1792041481671],[-86.6768468224113,36.1791836079609],[-86.6767193528197,36.1791663875622],[-86.6767060048286,36.1791650753519],[-86.6766931151867,36.179161977881],[-86.6766810425679,36.1791571787587],[-86.6766701271944,36.1791508139707],[-86.6766606751887,36.1791430620531],[-86.6766529496504,36.1791341405374],[-86.6766471694825,36.1791242987467],[-86.6766434949099,36.1791138142721],[-86.6766420306916,36.1791029785345],[-86.6766428161156,36.1790920968405]]]},"properties":{"id":"268219","parcel":"08412010200","address":"3201 FRENO LN","owner":"BRANNON, MARY L.","point":[-86.67692344059924,36.1789585631928]}},{"type":"Feature","id":"268220","geometry":{"type":"Polygon","coordinates":[[[-86.6767101118249,36.1785994502583],[-86.6767244590914,36.1784938828863],[-86.6774868419911,36.178573117214],[-86.677476507021,36.1786325113985],[-86.6774661333953,36.1786875103585],[-86.6772287653474,36.1788250954777],[-86.6766861996189,36.1787753946662],[-86.6767101118249,36.1785994502583]]]},"properties":{"id":"268220","parcel":"08412010300","address":"3205 FRENO LN","owner":"PANVINI, DORIA LIVING TRUST","point":[-86.677086741662,36.178658974200154]}},{"type":"Feature","id":"268233","geometry":{"type":"Polygon","coordinates":[[[-86.6767628120121,36.1782233586964],[-86.6767857266126,36.1780496171076],[-86.6767915238292,36.1780032094224],[-86.6768012032744,36.1779572296982],[-86.6775799002292,36.1780429646625],[-86.6775359974872,36.1782981367019],[-86.6767628120121,36.1782233586964]]]},"properties":{"id":"268233","parcel":"08412010500","address":"3213 FRENO LN","owner":"OSBORNE FAMILY LEGACY TRUST","point":[-86.67716885631019,36.17813755256802]}},{"type":"Feature","id":"268234","geometry":{"type":"Polygon","coordinates":[[[-86.6768012032744,36.1779572296982],[-86.6768188440863,36.1778908810426],[-86.6768407385605,36.1778253710377],[-86.6768668248479,36.1777608784773],[-86.6768970332959,36.1776975794948],[-86.6769312819866,36.1776356457857],[-86.6769371726164,36.1776270417782],[-86.6769448033113,36.1776193878533],[-86.6769539447951,36.1776129124137],[-86.6769643241476,36.177607809859],[-86.6769756325159,36.1776042324313],[-86.6769875306268,36.1776022847767],[-86.6769996654987,36.1776020283576],[-86.6770116736537,36.1776034670152],[-86.6770231968028,36.177606561301],[-86.677095000583,36.177635053834],[-86.6771683694832,36.1776607941118],[-86.6772431440304,36.177683723543],[-86.6773191581579,36.1777037925865],[-86.6773962469717,36.1777209589047],[-86.6774742422655,36.177735182883],[-86.6775529714707,36.1777464348454],[-86.677631652563,36.1777547840709],[-86.6775799002292,36.1780429646625],[-86.6768012032744,36.1779572296982]]]},"properties":{"id":"268234","parcel":"08412010600","address":"3217 FRENO LN","owner":"CRAIG, DAVID","point":[-86.67723908792715,36.177794164137076]}},{"type":"Feature","id":"268235","geometry":{"type":"Polygon","coordinates":[[[-86.6759625072567,36.1791013067823],[-86.6759516559552,36.179100367148],[-86.6760051525073,36.1786978979952],[-86.6765204991362,36.1787345680927],[-86.6764746308114,36.1790776567648],[-86.6764708949641,36.179089058795],[-86.6764649436677,36.1790998234325],[-86.6764569301591,36.1791096695269],[-86.6764470645836,36.1791183408438],[-86.676435605148,36.1791256115225],[-86.6764228514815,36.1791312897181],[-86.6764091347155,36.1791352275708],[-86.6763948152759,36.179137323021],[-86.6763802662161,36.1791375208041],[-86.6759625072567,36.1791013067823]]]},"properties":{"id":"268235","parcel":"08412011000","address":"3200 FRENO LN","owner":"GRIFFIN, STEPHEN T. & MABRY-GRIFFIN, LAURA M.","point":[-86.67623761421703,36.17890540972348]}},{"type":"Feature","id":"268236","geometry":{"type":"Polygon","coordinates":[[[-86.6755854464666,36.1790694500606],[-86.6756645688515,36.1784932272655],[-86.6760051525073,36.1786978979952],[-86.6759516559552,36.179100367148],[-86.6755854464666,36.1790694500606]]]},"properties":{"id":"268236","parcel":"08412011100","address":"2605 LUMAR LN","owner":"MOTORNY, SERGEY & SARAH","point":[-86.67579570842425,36.17888367532329]}},{"type":"Feature","id":"268237","geometry":{"type":"Polygon","coordinates":[[[-86.6755610320708,36.1790673894251],[-86.6751271133543,36.1790434452628],[-86.6751147254562,36.1790431261018],[-86.6751025639119,36.1790411888156],[-86.6750909482107,36.1790376847919],[-86.6750801826157,36.1790327051589],[-86.6750705506069,36.1790263808166],[-86.6750623048451,36.1790188788876],[-86.6750556626644,36.1790103955325],[-86.6750507971558,36.1790011532959],[-86.6750478371217,36.1789913956986],[-86.6750468603372,36.1789813791647],[-86.6750478923767,36.1789713658175],[-86.6750595486003,36.1786086918155],[-86.6750623089213,36.1785535589993],[-86.6750677728255,36.1784985579681],[-86.6750759288311,36.1784437771093],[-86.6756645688515,36.1784932272655],[-86.6755854464666,36.1790694500606],[-86.6755610320708,36.1790673894251]]]},"properties":{"id":"268237","parcel":"08412011200","address":"2609 LUMAR LN","owner":"MOTORNY, SERGEY & SARAH","point":[-86.6753386614164,36.178790801871045]}},{"type":"Feature","id":"268238","geometry":{"type":"Polygon","coordinates":[[[-86.6754662406223,36.1768483093013],[-86.675281216374,36.1770844893211],[-86.675260595744,36.1771145850587],[-86.675241867284,36.1771454831439],[-86.6752250781347,36.1771771058053],[-86.6748142962801,36.1770035924698],[-86.6751446141294,36.1765963311263],[-86.6754394965221,36.1767580581453],[-86.6754503376781,36.1767651570866],[-86.6754596061425,36.1767735950858],[-86.6754670509853,36.17678314643],[-86.6754724732602,36.1767935544726],[-86.6754757294161,36.1768045406269],[-86.6754767302315,36.1768158097793],[-86.6754754497995,36.1768270610542],[-86.6754719211199,36.1768379923449],[-86.6754662406223,36.1768483093013]]]},"properties":{"id":"268238","parcel":"08412011800","address":"2700 LINCOYA DR","owner":"PEARSON, PRESTON BONNER","point":[-86.67514135018578,36.17692595426581]}},{"type":"Feature","id":"268239","geometry":{"type":"Polygon","coordinates":[[[-86.6744210050015,36.1776123368556],[-86.6744620205017,36.1773352057878],[-86.6744912193505,36.1772625210304],[-86.6750998546964,36.1774327291274],[-86.6750746302652,36.1774967622499],[-86.6750521160802,36.177561457055],[-86.6750323392856,36.1776267367855],[-86.6750153236991,36.1776925256038],[-86.6744210050015,36.1776123368556]]]},"properties":{"id":"268239","parcel":"08412012000","address":"3214 MERLYN LN","owner":"ELKINS, CHAD & CAITLIN","point":[-86.67476517501798,36.177463871199045]}},{"type":"Feature","id":"268240","geometry":{"type":"Polygon","coordinates":[[[-86.6738299432621,36.1775958595301],[-86.6738760043648,36.1772747479082],[-86.6744620205017,36.1773352057878],[-86.6744210050015,36.1776123368556],[-86.6744159023659,36.1776497252505],[-86.6738299432621,36.1775958595301]]]},"properties":{"id":"268240","parcel":"08412012800","address":"3217 KNOBDALE RD","owner":"WALTERS, JAN M.","point":[-86.67414568319113,36.17746553226581]}},{"type":"Feature","id":"268241","geometry":{"type":"Polygon","coordinates":[[[-86.6727546098467,36.1767315935876],[-86.67278542183,36.1765292397077],[-86.6728161393736,36.1763158981827],[-86.6731038247177,36.1763582469539],[-86.6738728364771,36.1765825102982],[-86.6738401779488,36.1766621404069],[-86.6738112001258,36.1767427007875],[-86.6737859454366,36.1768240812522],[-86.6737644484987,36.1769061680514],[-86.6727546098467,36.1767315935876]]]},"properties":{"id":"268241","parcel":"08412013400","address":"3226 KNOBDALE RD","owner":"MORRISON, GEORGE E. ETUX","point":[-86.67331410290569,36.17662084653463]}},{"type":"Feature","id":"268242","geometry":{"type":"Polygon","coordinates":[[[-86.6726958609482,36.1771560651959],[-86.6727035484603,36.1771032788788],[-86.6727546098467,36.1767315935876],[-86.6737644484987,36.1769061680514],[-86.6737510806998,36.1769615141791],[-86.6737407045607,36.1770172807174],[-86.6737333403047,36.1770733612057],[-86.6737051484287,36.1772647134387],[-86.6726958609482,36.1771560651959]]]},"properties":{"id":"268242","parcel":"08412013500","address":"3222 KNOBDALE RD","owner":"COWELL, LINDA R.(LE) COWELL, M.W.&B.S.","point":[-86.67323273536897,36.17698799795175]}},{"type":"Feature","id":"268336","geometry":{"type":"Polygon","coordinates":[[[-86.6736827648463,36.1730321920841],[-86.6743305277293,36.1730263768846],[-86.6743286197304,36.1731208864623],[-86.6743288075024,36.1731429816055],[-86.6743294974737,36.1732241704638],[-86.6739148079496,36.1732264864288],[-86.67391219133,36.1732374891993],[-86.6736818460291,36.1732431704598],[-86.6736823726851,36.1731222968407],[-86.6736827648463,36.1730321920841]]]},"properties":{"id":"268336","parcel":"08416021700","address":"202 A SHADY GROVE RD","owner":"CLAIRDAY & ASSOCIATES","point":[-86.67400552926503,36.17313263949369]}},{"type":"Feature","id":"268455","geometry":{"type":"Polygon","coordinates":[[[-86.6770225198099,36.1741650668193],[-86.6771252714917,36.1735331956614],[-86.6773722744866,36.1735578228732],[-86.6772753605648,36.1741915036686],[-86.6770225198099,36.1741650668193]]]},"properties":{"id":"268455","parcel":"08416008200","address":"2544 STINSON RD","owner":"NAGY, CLAUDIA REV TRUST","point":[-86.67719886742685,36.17386144894735]}},{"type":"Feature","id":"268456","geometry":{"type":"Polygon","coordinates":[[[-86.6750263246214,36.1735860817206],[-86.6750248159301,36.1735712869626],[-86.6755780340792,36.1735878213922],[-86.67550074921,36.1740055525959],[-86.6754515831685,36.1739968349567],[-86.6754035460332,36.1739846636619],[-86.6753570087468,36.173969129467],[-86.6753123258308,36.1739503529617],[-86.6752698397704,36.173928477335],[-86.6752298799336,36.1739036719861],[-86.6751927502977,36.1738761271853],[-86.6751587349917,36.1738460522409],[-86.6751280983347,36.1738136800046],[-86.6751010714208,36.1737792579342],[-86.6750778654804,36.1737430507224],[-86.6750586551613,36.1737053349827],[-86.6750435907789,36.1736664018844],[-86.6750327860127,36.1736265482092],[-86.6750263246214,36.1735860817206]]]},"properties":{"id":"268456","parcel":"08416008900","address":"2530 STINSON RD","owner":"WATERS, MICHAEL V. & ELAINE","point":[-86.67532690195684,36.173797044916384]}},{"type":"Feature","id":"268457","geometry":{"type":"Polygon","coordinates":[[[-86.6750129879975,36.1733647698959],[-86.6750135053835,36.1732617304494],[-86.6750182896893,36.1731587644744],[-86.6756264427929,36.1731769408713],[-86.6756173077978,36.1733828307917],[-86.6750129879975,36.1733647698959]]]},"properties":{"id":"268457","parcel":"08416009100","address":"2526 STINSON RD","owner":"SYLVERA, DARRIN M.","point":[-86.67531678430771,36.17331407370721]}},{"type":"Feature","id":"268458","geometry":{"type":"Polygon","coordinates":[[[-86.6756328402974,36.172970968024],[-86.6756392993384,36.1727360643674],[-86.6758861562515,36.1727429766507],[-86.67587016071,36.1734080438903],[-86.6756173077978,36.1733828307917],[-86.6756264427929,36.1731769408713],[-86.6756328402974,36.172970968024]]]},"properties":{"id":"268458","parcel":"08416009400","address":"2520 STINSON RD","owner":"SEARL, PATRICIA A.","point":[-86.67575391064929,36.173074291058086]}},{"type":"Feature","id":"268459","geometry":{"type":"Polygon","coordinates":[[[-86.6773722744866,36.1735578228732],[-86.6774012846786,36.1727853909197],[-86.6776533642809,36.1727924460264],[-86.677625790481,36.1735771109043],[-86.6776248670851,36.1735830085269],[-86.6773722744866,36.1735578228732]]]},"properties":{"id":"268459","parcel":"08416010100","address":"2506 STINSON RD","owner":"MADARAS, GALEN","point":[-86.67751328213161,36.17317513579254]}},{"type":"Feature","id":"268460","geometry":{"type":"Polygon","coordinates":[[[-86.677625790481,36.1735771109043],[-86.6776533642809,36.1727924460264],[-86.6779081023637,36.1727995739998],[-86.6778753921757,36.1736042793743],[-86.6778748509108,36.1736079325176],[-86.6776248670851,36.1735830085269],[-86.677625790481,36.1735771109043]]]},"properties":{"id":"268460","parcel":"08416010200","address":"2504 STINSON RD","owner":"AMIS, LORI & JOHN WALTER","point":[-86.67776587504945,36.17318833966603]}},{"type":"Feature","id":"268461","geometry":{"type":"Polygon","coordinates":[[[-86.678130090571,36.1736333798379],[-86.6781629789442,36.1728069034414],[-86.6783385644402,36.1728148383937],[-86.6785138410213,36.1728264213268],[-86.6784804030909,36.1730360874243],[-86.6784496257736,36.173240640116],[-86.6784161372485,36.1734452089268],[-86.6783827248085,36.1736585672789],[-86.678130090571,36.1736333798379]]]},"properties":{"id":"268461","parcel":"08416010400","address":"2500 STINSON RD","owner":"LEA, BRIAN & HORII, LEINA","point":[-86.67830741861243,36.173137940436426]}},{"type":"Feature","id":"268462","geometry":{"type":"Polygon","coordinates":[[[-86.6788396977409,36.1717821461878],[-86.6788383744497,36.1715999205247],[-86.6793993261229,36.171622141223],[-86.6793709247287,36.1717981073024],[-86.6793441578778,36.171966489071],[-86.6788408919383,36.1719465528433],[-86.6788396977409,36.1717821461878]]]},"properties":{"id":"268462","parcel":"08416010500","address":"131 MCGAVOCK PIKE","owner":"HJL, LP","point":[-86.67910592396844,36.171790128681906]}},{"type":"Feature","id":"268463","geometry":{"type":"Polygon","coordinates":[[[-86.6785000861619,36.1721449699943],[-86.6785030485318,36.1715866359148],[-86.6786724149859,36.1715933462664],[-86.6788383744497,36.1715999205247],[-86.6788396977409,36.1717821461878],[-86.6788408919383,36.1719465528433],[-86.6788410559798,36.1719692357489],[-86.6788424141262,36.1721561838032],[-86.6786682697068,36.1721504793177],[-86.6786300162013,36.1721492262407],[-86.6785000861619,36.1721449699943]]]},"properties":{"id":"268463","parcel":"08416010700","address":"2506 PARK DR","owner":"HJL PROPERTIES, GP","point":[-86.67867093736307,36.1718638951151]}},{"type":"Feature","id":"268486","geometry":{"type":"Polygon","coordinates":[[[-86.6783332823645,36.1708943313095],[-86.6783384651148,36.1707007951681],[-86.6783249247488,36.1707008712633],[-86.6783163201076,36.1706454704448],[-86.6782628227963,36.1703495978081],[-86.6782131187048,36.1700684457391],[-86.678143088139,36.1696723185934],[-86.6781431347831,36.169672313825],[-86.6783205730733,36.1696526958214],[-86.6783853865659,36.1700461844604],[-86.6786784679356,36.1700486574452],[-86.678665851646,36.1699599983297],[-86.6788520511705,36.1699435685182],[-86.6787956331019,36.1696162134023],[-86.6790442511259,36.1695917976593],[-86.6791315410725,36.1700994015266],[-86.6791251221325,36.1701804763343],[-86.6796374729633,36.1702012118613],[-86.6796375230039,36.1702012142833],[-86.6796375652563,36.1702012158479],[-86.6796147169541,36.1703419916953],[-86.6794305854148,36.1714311368265],[-86.6794296174321,36.1714337559313],[-86.679425951458,36.1714432307923],[-86.6794249706706,36.17144539303],[-86.6794229445817,36.1714495826795],[-86.6794228897852,36.1714496740153],[-86.6794182041145,36.171457026739],[-86.6794125708532,36.171463927857],[-86.6794067961835,36.1714700222411],[-86.6794038318457,36.1714727742529],[-86.6794000303415,36.1714758977899],[-86.6793863278606,36.1714847081326],[-86.6793709852934,36.1714915106833],[-86.6793544433888,36.1714961118934],[-86.67933718007,36.1714983756859],[-86.6793196927811,36.1714982388767],[-86.6783179182119,36.1714678862712],[-86.6783332823645,36.1708943313095]]]},"properties":{"id":"268486","parcel":"08416011900","address":"141 MCGAVOCK PIKE","owner":"KROGER LIMITED PARTNERSHIP I","point":[-86.67893870198984,36.17049927654639]}},{"type":"Feature","id":"268487","geometry":{"type":"Polygon","coordinates":[[[-86.6760453442152,36.1706894869493],[-86.6760442021522,36.1705554371177],[-86.6765728412799,36.1705678587082],[-86.676598394973,36.1707039689759],[-86.6760453442152,36.1706894869493]]]},"properties":{"id":"268487","parcel":"08416013200","address":"2537 PARK DR","owner":"FIRST BAPTIST CHURCH OF DONELSON TRS","point":[-86.67631460919952,36.17062868803358]}},{"type":"Feature","id":"268488","geometry":{"type":"Polygon","coordinates":[[[-86.6747447179362,36.1720036230208],[-86.6747722748989,36.1714891097488],[-86.6750024689257,36.1714966973811],[-86.6749748299206,36.172012759537],[-86.6747621255582,36.1720043143126],[-86.6747447179362,36.1720036230208]]]},"properties":{"id":"268488","parcel":"08416013900","address":"2608 CRUMP DR","owner":"MAHAN, CHRISTOPHER S.","point":[-86.67487359370263,36.171750160277405]}},{"type":"Feature","id":"268489","geometry":{"type":"Polygon","coordinates":[[[-86.6745146048933,36.1719944860721],[-86.6745420770906,36.171481594701],[-86.6747722748989,36.1714891097488],[-86.6747447179362,36.1720036230208],[-86.6745146048933,36.1719944860721]]]},"properties":{"id":"268489","parcel":"08416014000","address":"2610 CRUMP DR","owner":"POSTEN, WENDY & RUSSELL","point":[-86.6746434404611,36.17174179798762]}},{"type":"Feature","id":"268512","geometry":{"type":"Polygon","coordinates":[[[-86.6743437790841,36.1707583416023],[-86.6743498521696,36.1704994376768],[-86.6747097501912,36.1704962349595],[-86.6747095295351,36.1705159080102],[-86.6750579707902,36.1705079988247],[-86.6750560091881,36.1703675735451],[-86.6750377814355,36.1699989138173],[-86.6750377328112,36.1699972485592],[-86.6750865347874,36.1699941735978],[-86.6750865362439,36.1699942141464],[-86.6751020831513,36.1703673158558],[-86.6751132624334,36.1707254702133],[-86.6750401028731,36.1707280775626],[-86.6748043803772,36.1707381856295],[-86.6745767895909,36.1707482459873],[-86.6743437790841,36.1707583416023]]]},"properties":{"id":"268512","parcel":"08416015001","address":"2604 B LEBANON PIKE","owner":"SPIVA/HILL MANAGEMENT & INVESTMENT, LLC","point":[-86.67508051617712,36.17043244087551]}},{"type":"Feature","id":"268537","geometry":{"type":"Polygon","coordinates":[[[-86.6728743401045,36.171671968196],[-86.6728744597613,36.1713664961539],[-86.6735575549652,36.1713736743962],[-86.6735547653608,36.1716835567987],[-86.6728743401045,36.171671968196]]]},"properties":{"id":"268537","parcel":"08416017000","address":"219 SHADY GROVE RD","owner":"STEE LLC","point":[-86.67321530142286,36.171522820023384]}},{"type":"Feature","id":"268555","geometry":{"type":"Polygon","coordinates":[[[-86.6735001481834,36.1755390763364],[-86.6738896149662,36.1750581338172],[-86.6743838298454,36.1744478300921],[-86.674496370705,36.1745549522914],[-86.6746117549911,36.1746600676105],[-86.6747299278028,36.1747631249765],[-86.6748508342766,36.1748640778227],[-86.6749744161901,36.1749628768972],[-86.6751006175738,36.175059476541],[-86.6748353800464,36.1753873508155],[-86.6744834726932,36.1751693193154],[-86.674291692089,36.1753012698744],[-86.6742148821933,36.1753541170688],[-86.6742148557989,36.1753541505628],[-86.67389493217,36.1757497702909],[-86.6735001481834,36.1755390763364]]]},"properties":{"id":"268555","parcel":"08416019000","address":"2805 LINCOYA DR","owner":"2805 LINCOYA HOLDINGS, LLC","point":[-86.67445008531757,36.17511444383225]}},{"type":"Feature","id":"268556","geometry":{"type":"Polygon","coordinates":[[[-86.6741152695914,36.1758666329166],[-86.67389493217,36.1757497702909],[-86.6742148557989,36.1753541505628],[-86.6742148821933,36.1753541170688],[-86.674291692089,36.1753012698744],[-86.6744834726932,36.1751693193154],[-86.6748353800464,36.1753873508155],[-86.6743484258794,36.1759902938281],[-86.6741152695914,36.1758666329166]]]},"properties":{"id":"268556","parcel":"08416019100","address":"2801 LINCOYA DR","owner":"WHITE, BYRON E. & SHARON B.","point":[-86.67436525051409,36.17556856173874]}},{"type":"Feature","id":"268557","geometry":{"type":"Polygon","coordinates":[[[-86.6728672929112,36.1759552012989],[-86.6729459030195,36.1754077103899],[-86.6735886698655,36.1757507559779],[-86.6731038247177,36.1763582469539],[-86.6728161393736,36.1763158981827],[-86.6728672929112,36.1759552012989]]]},"properties":{"id":"268557","parcel":"08416019200","address":"2808 LINCOYA DR","owner":"SCHLABACH, RICHARD A. ET UX","point":[-86.67319429228112,36.17585288722873]}},{"type":"Feature","id":"268558","geometry":{"type":"Polygon","coordinates":[[[-86.6709020405134,36.1753068491216],[-86.6708717146941,36.1749661100197],[-86.6721344590576,36.1750403970071],[-86.672129072167,36.1750901350646],[-86.6721210665453,36.1751396407574],[-86.672084327062,36.1754024623873],[-86.6709020405134,36.1753068491216]]]},"properties":{"id":"268558","parcel":"08416019500","address":"3224 KNOBVIEW DR","owner":"HOWELL, GARY N.","point":[-86.6715017997059,36.175223219731286]}},{"type":"Feature","id":"268559","geometry":{"type":"Polygon","coordinates":[[[-86.6710972409216,36.1733872222317],[-86.6716501683296,36.1730663193498],[-86.6716972548521,36.1731333598172],[-86.6717428295022,36.1732048428777],[-86.6717853156152,36.17327756702],[-86.6718246601791,36.1733514424165],[-86.6718608168732,36.1734263819056],[-86.6718937426729,36.1735022938012],[-86.6709255521505,36.1737999649185],[-86.670927220579,36.1737969310175],[-86.6710972409216,36.1733872222317]]]},"properties":{"id":"268559","parcel":"08416020000","address":"3244 KNOBVIEW DR","owner":"SCHWARTAU, ASHLEY REVOCABLE TRUST ET AL","point":[-86.67147172154516,36.173463225700324]}},{"type":"Feature","id":"268560","geometry":{"type":"Polygon","coordinates":[[[-86.6708284930503,36.1730197935165],[-86.671335192145,36.1726801891397],[-86.6713960349749,36.1727461546228],[-86.67145466797,36.1728134220703],[-86.6715110518117,36.1728819430361],[-86.6715816986685,36.1729735911604],[-86.6716501683296,36.1730663193498],[-86.6710972409216,36.1733872222317],[-86.6708558731894,36.1730523318439],[-86.6708284930503,36.1730197935165]]]},"properties":{"id":"268560","parcel":"08416020100","address":"3246 KNOBVIEW DR","owner":"THOMAS, EUGENE GARNER ETUX","point":[-86.67123580316942,36.173037144181755]}},{"type":"Feature","id":"268562","geometry":{"type":"Polygon","coordinates":[[[-86.6755164798664,36.1706506925157],[-86.6759414066389,36.170630750774],[-86.6759418466414,36.1706307302847],[-86.6759423333436,36.1706878656875],[-86.6757120830193,36.1706979439824],[-86.6757120330169,36.1706979460649],[-86.6757120007909,36.1706979471465],[-86.6756144897402,36.1707017889011],[-86.6755169475579,36.1707056307509],[-86.6755164798664,36.1706506925157]]]},"properties":{"id":"268562","parcel":"08416020600","address":"0 PARK DR","owner":"MTCM ENTERPRISES, INC","point":[-86.67572940655369,36.1706692792907]}},{"type":"Feature","id":"268600","geometry":{"type":"Polygon","coordinates":[[[-86.6722759557249,36.1794241641992],[-86.6723345562516,36.1789821139575],[-86.6727713516239,36.1790258302369],[-86.672700113472,36.179575635276],[-86.6723305136289,36.1797842717508],[-86.6722759557249,36.1794241641992]]]},"properties":{"id":"268600","parcel":"08412005300","address":"2808 LUMAR LN","owner":"COOK, STANLEY L. & MARTHA R.","point":[-86.67252395286553,36.17922499829751]}},{"type":"Feature","id":"268619","geometry":{"type":"Polygon","coordinates":[[[-86.6798189449831,36.176779921806],[-86.6801444691204,36.1768088543904],[-86.6800771608027,36.1771784363559],[-86.680052859878,36.1771895614163],[-86.6797341098289,36.1773188200365],[-86.6798189449831,36.176779921806]]]},"properties":{"id":"268619","parcel":"08412007200","address":"2424 MAPLECREST DR","owner":"ALLEN, BRIAN C.","point":[-86.67994812601003,36.176993210578566]}},{"type":"Feature","id":"268620","geometry":{"type":"Polygon","coordinates":[[[-86.679450464738,36.1774324957196],[-86.6795422464316,36.1767551080341],[-86.6798189449831,36.176779921806],[-86.6797341098289,36.1773188200365],[-86.6795828292317,36.1773790080159],[-86.679450464738,36.1774324957196]]]},"properties":{"id":"268620","parcel":"08412007300","address":"2426 MAPLECREST DR","owner":"MCCROSKEY, MARY ELIZABETH","point":[-86.67963950140394,36.17704900435145]}},{"type":"Feature","id":"268622","geometry":{"type":"Polygon","coordinates":[[[-86.6788625363092,36.1761985356736],[-86.6789089180183,36.1759169772751],[-86.6795084604144,36.1759751372965],[-86.6792884023111,36.1762334989181],[-86.6788625363092,36.1761985356736]]]},"properties":{"id":"268622","parcel":"08412008600","address":"108 MCGAVOCK PIKE","owner":"RODRIGUE, JOHN PATRICK","point":[-86.67914693682009,36.176086733586224]}},{"type":"Feature","id":"268623","geometry":{"type":"Polygon","coordinates":[[[-86.6768966005112,36.1773831127871],[-86.6774680702232,36.1766920469079],[-86.6777571109368,36.176892606598],[-86.677633180269,36.1776163240673],[-86.67757891332,36.1776100359768],[-86.6774975239524,36.1775981212149],[-86.6774170199811,36.1775827487058],[-86.6773376274636,36.177563963147],[-86.6772595625064,36.1775418156014],[-86.6771830446345,36.1775163670268],[-86.6771082845715,36.1774876892462],[-86.6770354908707,36.1774558604038],[-86.6769648643954,36.1774209695027],[-86.6768966005112,36.1773831127871]]]},"properties":{"id":"268623","parcel":"08412009000","address":"2503 LINCOYA DR","owner":"PARSONS, JAMES W. & TAMMY G.","point":[-86.67740742561055,36.17713807759694]}},{"type":"Feature","id":"268624","geometry":{"type":"Polygon","coordinates":[[[-86.6761214453644,36.1769632261847],[-86.6767454742721,36.1761906441595],[-86.6770999386139,36.1764347912452],[-86.6765017558355,36.1771721532076],[-86.6761214453644,36.1769632261847]]]},"properties":{"id":"268624","parcel":"08412009200","address":"2605 LINCOYA DR","owner":"GURDIAN, ISAC DANIEL & HERNANDEZ, JUAN GABRIEL ET AL","point":[-86.67661022662729,36.17669900846733]}},{"type":"Feature","id":"268625","geometry":{"type":"Polygon","coordinates":[[[-86.6743484258794,36.1759902938281],[-86.6748353800464,36.1753873508155],[-86.6751006175738,36.175059476541],[-86.6752546120029,36.1751703109911],[-86.6759330260585,36.175634617408],[-86.6762550813439,36.1758550281296],[-86.6764699316032,36.1760020688511],[-86.6763158495181,36.176032624232],[-86.6759532439911,36.1761049796607],[-86.67572978655,36.1759655820247],[-86.6752910205747,36.1756889380936],[-86.6748240982424,36.1762513205994],[-86.6743484258794,36.1759902938281]]]},"properties":{"id":"268625","parcel":"08412009600","address":"2707 LINCOYA DR","owner":"STURGES, RALPH M III & CESNIK, SONYA & ETAL","point":[-86.6752950368194,36.17566091890036]}},{"type":"Feature","id":"268626","geometry":{"type":"Polygon","coordinates":[[[-86.6774868419911,36.178573117214],[-86.6775307980027,36.1783245376238],[-86.6782715577341,36.178410480165],[-86.6782404077622,36.1785908619181],[-86.6782198979071,36.178709651323],[-86.677476507021,36.1786325113985],[-86.6774868419911,36.178573117214]]]},"properties":{"id":"268626","parcel":"08412009800","address":"3258 MCGAVOCK PIKE","owner":"MUSICK, RYAN","point":[-86.6778793702067,36.1784917997923]}},{"type":"Feature","id":"268627","geometry":{"type":"Polygon","coordinates":[[[-86.6775204215817,36.1793311118258],[-86.6776689494892,36.1789478902408],[-86.6781682409868,36.1790088179098],[-86.6781061927476,36.1793607871866],[-86.6781028960727,36.1793715198692],[-86.6780975638731,36.1793819882007],[-86.6780891753479,36.1793926800884],[-86.6780786309448,36.1794020330984],[-86.6780662495288,36.1794097651478],[-86.6780524026354,36.1794156434269],[-86.6780375100553,36.1794194880293],[-86.6780220210516,36.1794211855764],[-86.6780064043089,36.1794206838664],[-86.6778835848232,36.1794032718441],[-86.6777615561844,36.1793825215009],[-86.6776404564879,36.1793584600029],[-86.6775204215817,36.1793311118258]]]},"properties":{"id":"268627","parcel":"08412010000","address":"3250 MCGAVOCK PIKE","owner":"LAWSON, DOUGLAS MURRAY","point":[-86.67786142174593,36.1791700112975]}},{"type":"Feature","id":"268641","geometry":{"type":"Polygon","coordinates":[[[-86.6760617606807,36.1777064476315],[-86.6764078806356,36.1772891562027],[-86.6767673191673,36.1774805337562],[-86.6767761611334,36.1774867740716],[-86.6767836515797,36.1774940863506],[-86.6767895943305,36.1775022788241],[-86.6767938352819,36.1775111396591],[-86.6767962646327,36.1775204378478],[-86.6767968191761,36.1775299313059],[-86.6767954845854,36.1775393740702],[-86.6767922954439,36.1775485199029],[-86.6767607998899,36.1776036336324],[-86.6767319703841,36.1776596994575],[-86.6767058506495,36.1777166297127],[-86.6766824811136,36.1777743412576],[-86.6766618965998,36.1778327455749],[-86.6760617606807,36.1777064476315]]]},"properties":{"id":"268641","parcel":"08412010700","address":"2600 LINCOYA DR","owner":"YOUNG, DAVID P.","point":[-86.67647390045383,36.177575259303076]}},{"type":"Feature","id":"268642","geometry":{"type":"Polygon","coordinates":[[[-86.6757667235716,36.1777564476839],[-86.6757820516309,36.1776464803763],[-86.6760617606807,36.1777064476315],[-86.6766618965998,36.1778327455749],[-86.6766434568811,36.1778996736893],[-86.676628662881,36.1779671951218],[-86.676617541269,36.1780351772393],[-86.6766048402366,36.178134086797],[-86.6765640107454,36.1784332460992],[-86.675685076357,36.1783546610979],[-86.6757183119901,36.1781193285088],[-86.6757276225584,36.1780495405813],[-86.6757667235716,36.1777564476839]]]},"properties":{"id":"268642","parcel":"08412010800","address":"3212 FRENO LN","owner":"YOUNG, GLORIA C CHILDRENS TR FBO DEBRA Y MAGGART ETAL","point":[-86.6761726028413,36.17804235979391]}},{"type":"Feature","id":"268643","geometry":{"type":"Polygon","coordinates":[[[-86.675124232472,36.1780677117779],[-86.6751447572916,36.1779313437644],[-86.6751539404432,36.1778632473546],[-86.6751656603404,36.1777954071321],[-86.6751799075017,36.1777278853361],[-86.675196667999,36.1776607442303],[-86.6757667235716,36.1777564476839],[-86.6757276225584,36.1780495405813],[-86.6757183119901,36.1781193285088],[-86.675124232472,36.1780677117779]]]},"properties":{"id":"268643","parcel":"08412011400","address":"3211 MERLYN LN","owner":"CHEEK, WILLIAM D. ETUX","point":[-86.67544853289711,36.177898106988444]}},{"type":"Feature","id":"268644","geometry":{"type":"Polygon","coordinates":[[[-86.673932668262,36.1769250071312],[-86.6739528566607,36.1768493373621],[-86.6739767728984,36.1767743849052],[-86.6740043790855,36.1767002707386],[-86.674035630648,36.176627114075],[-86.6740704785583,36.1765550332502],[-86.6745381238844,36.1767216404673],[-86.674581453124,36.1770356601854],[-86.673932668262,36.1769250071312]]]},"properties":{"id":"268644","parcel":"08412013000","address":"3225 KNOBDALE RD","owner":"GAY, RICHARD L. & TERRI T.","point":[-86.674257803745,36.17681265865824]}},{"type":"Feature","id":"268645","geometry":{"type":"Polygon","coordinates":[[[-86.6747934839631,36.1764037531891],[-86.6745381238844,36.1767216404673],[-86.6740704785583,36.1765550332502],[-86.6741084736146,36.1764837558855],[-86.67415021442,36.1764138698611],[-86.6741956220198,36.1763455035928],[-86.674244617453,36.1762787845952],[-86.6742971050396,36.1762138350684],[-86.674306446853,36.1762046342013],[-86.6743176096026,36.1761968813987],[-86.6743302573353,36.1761908101606],[-86.6743440091992,36.1761866028661],[-86.674358451639,36.1761843871001],[-86.6743731483399,36.1761842283882],[-86.6743876591313,36.1761861309919],[-86.6744015444488,36.1761900396863],[-86.6744143875271,36.1761958351304],[-86.6747934839631,36.1764037531891]]]},"properties":{"id":"268645","parcel":"08412013100","address":"3229 KNOBDALE RD","owner":"GILBERT, CHAD EDWARD & JESSICA LANE","point":[-86.67444263141793,36.17644966519149]}},{"type":"Feature","id":"268648","geometry":{"type":"Polygon","coordinates":[[[-86.6792693845249,36.1736953363063],[-86.6793311597686,36.1733125992473],[-86.6793474415659,36.1733147057867],[-86.68065767173,36.1734369852929],[-86.6805598415177,36.1740396896367],[-86.6799955857144,36.1739857306502],[-86.6800208408029,36.1737702196292],[-86.6792693845249,36.1736953363063]]]},"properties":{"id":"268648","parcel":"08416001600","address":"130 MCGAVOCK PIKE","owner":"SAWYER, JERRY S. & KATHRYN J.","point":[-86.67996346829227,36.173566162656]}},{"type":"Feature","id":"268655","geometry":{"type":"Polygon","coordinates":[[[-86.6717033881502,36.178627413462],[-86.6717205257507,36.1784954594696],[-86.6717301218609,36.1784289094118],[-86.6717430694702,36.1783627345517],[-86.6717593483806,36.1782970449543],[-86.6717789295015,36.1782319507336],[-86.6718017815041,36.1781675602133],[-86.672292325004,36.1784768936325],[-86.6722655628646,36.1788374559703],[-86.6717663688806,36.1787874897144],[-86.6717519678139,36.1787849399818],[-86.6717383226677,36.1787804185937],[-86.6717258403512,36.1787740611788],[-86.6717148948752,36.1787660567229],[-86.6717058117657,36.1787566449524],[-86.6716988613034,36.1787461055564],[-86.6716942518226,36.1787347546191],[-86.6716921218088,36.1787229302432],[-86.671692533152,36.1787109835755],[-86.6717033881502,36.178627413462]]]},"properties":{"id":"268655","parcel":"08412014100","address":"3201 KNOBVIEW DR","owner":"NELLES, ANDREW & KNIGHT, MERIBAH","point":[-86.67199894510217,36.17856222307875]}},{"type":"Feature","id":"268656","geometry":{"type":"Polygon","coordinates":[[[-86.6719022514042,36.1778681229234],[-86.6719228967197,36.1777835357305],[-86.6719401505514,36.1776984500878],[-86.6719539969989,36.1776129562112],[-86.6719644201547,36.1775271434151],[-86.6719720490229,36.1774677647711],[-86.6726420538823,36.1775233693754],[-86.6725909728261,36.1778928564728],[-86.6725729115697,36.1780006413025],[-86.6719022514042,36.1778681229234]]]},"properties":{"id":"268656","parcel":"08412014300","address":"3209 KNOBVIEW DR","owner":"ALLEN, JOE H. & BETTYE B., TRS.","point":[-86.6722716170079,36.17774192437162]}},{"type":"Feature","id":"268657","geometry":{"type":"Polygon","coordinates":[[[-86.6719720490229,36.1774677647711],[-86.6720282375267,36.1770608895872],[-86.6727035484603,36.1771032788788],[-86.6726958609482,36.1771560651959],[-86.6726420538823,36.1775233693754],[-86.6719720490229,36.1774677647711]]]},"properties":{"id":"268657","parcel":"08412014400","address":"3213 KNOBVIEW DR","owner":"WILLIAMS JOINT REVOCABLE LIVING TRUST","point":[-86.67233329727382,36.17731191373419]}},{"type":"Feature","id":"268658","geometry":{"type":"Polygon","coordinates":[[[-86.6705995454339,36.1754359933004],[-86.6709020405134,36.1753068491216],[-86.6712881009808,36.1757640088343],[-86.6713416862866,36.1763307001566],[-86.6712665761881,36.1763363415599],[-86.6711918092206,36.1763444378408],[-86.6711175053293,36.1763549766164],[-86.6710437888527,36.1763679391713],[-86.6709707763409,36.176383305932],[-86.6708480770301,36.1759774281231],[-86.6707561038781,36.1756790600643],[-86.6705995454339,36.1754359933004]]]},"properties":{"id":"268658","parcel":"08412015400","address":"2803 LEALTO CT","owner":"CROTZER, TERRY P","point":[-86.67105660993126,36.17587068714416]}},{"type":"Feature","id":"268661","geometry":{"type":"Polygon","coordinates":[[[-86.677922192517,36.1749577631084],[-86.6780124010552,36.1744122402588],[-86.67826200439,36.1744394070283],[-86.6782209672014,36.1747121443651],[-86.6781799661856,36.174989276907],[-86.677922192517,36.1749577631084]]]},"properties":{"id":"268661","parcel":"08416003300","address":"2571 STINSON RD","owner":"FLETCHER, PERRY F. & GRAVES, PAULA E.","point":[-86.67811347917764,36.174575431618706]}},{"type":"Feature","id":"268662","geometry":{"type":"Polygon","coordinates":[[[-86.6766740938731,36.1748131265374],[-86.6767548257338,36.1742766289195],[-86.6770075072633,36.1743032645991],[-86.676921005658,36.1748425093423],[-86.6766740938731,36.1748131265374]]]},"properties":{"id":"268662","parcel":"08416003800","address":"2561 STINSON RD","owner":"CAGE STAMPS, TONYA","point":[-86.67683953341124,36.17455819227075]}},{"type":"Feature","id":"268663","geometry":{"type":"Polygon","coordinates":[[[-86.6746199347824,36.1742290647268],[-86.6750349293037,36.1739400268686],[-86.6750704300141,36.1739711831629],[-86.6751085440614,36.1740002402165],[-86.6751490823586,36.1740270539816],[-86.6751918447864,36.1740514903863],[-86.6752366202392,36.1740734307415],[-86.6749095574467,36.1744999506203],[-86.6748634207534,36.1744595257086],[-86.6748187821752,36.174418009991],[-86.6747756820265,36.1743754383926],[-86.6746199347824,36.1742290647268]]]},"properties":{"id":"268663","parcel":"08416004600","address":"2547 STINSON RD","owner":"FOX, MICHAEL E.","point":[-86.67495442941393,36.17415131913524]}},{"type":"Feature","id":"268686","geometry":{"type":"Polygon","coordinates":[[[-86.6743318814665,36.1727307460967],[-86.6743332242939,36.1727055051136],[-86.6743339524119,36.172472553232],[-86.6743332577861,36.1723908164171],[-86.6747974230797,36.1725730934098],[-86.6747868503992,36.17259200057],[-86.6747793225149,36.1726118424385],[-86.6747749578577,36.1726322975054],[-86.6747738292246,36.1726530373052],[-86.6747759548709,36.1726737246648],[-86.6747805527979,36.1726918106854],[-86.6747876394612,36.1727093609633],[-86.6747971251274,36.1727261497832],[-86.674805340514,36.1727376102437],[-86.6748110341433,36.1727450696877],[-86.6743318814665,36.1727307460967]]]},"properties":{"id":"268686","parcel":"08416005300","address":"2533 STINSON RD","owner":"GIGER, AMANDA LYONS & JASON","point":[-86.67450196555917,36.17252265032457]}},{"type":"Feature","id":"268687","geometry":{"type":"Polygon","coordinates":[[[-86.6749147733691,36.1724940538086],[-86.6747621255582,36.1720043143126],[-86.6749748299206,36.172012759537],[-86.6751365668277,36.1720191795438],[-86.6751192972023,36.1725341760557],[-86.675105056144,36.1725249664177],[-86.6750816779073,36.1725111889223],[-86.6750561096823,36.1725002653436],[-86.6750288758342,36.172492421668],[-86.6750005379599,36.1724878178818],[-86.6749716782224,36.1724865489662],[-86.6749428926596,36.172488642231],[-86.6749147733691,36.1724940538086]]]},"properties":{"id":"268687","parcel":"08416005500","address":"2529 STINSON RD","owner":"BLAKEY, JOHN J.","point":[-86.67498406921644,36.17225267414225]}},{"type":"Feature","id":"268688","geometry":{"type":"Polygon","coordinates":[[[-86.6753715826587,36.1725911366491],[-86.6753904235544,36.1720292576579],[-86.6754350551445,36.1720310294446],[-86.6756442814572,36.1720393352318],[-86.6756255415948,36.1725982476582],[-86.6753715826587,36.1725911366491]]]},"properties":{"id":"268688","parcel":"08416005700","address":"2523 STINSON RD","owner":"BURR, BRIAN ETUX","point":[-86.67550793247895,36.172315236026726]}},{"type":"Feature","id":"268689","geometry":{"type":"Polygon","coordinates":[[[-86.6783211137912,36.1740610810187],[-86.6783518906464,36.1738565284115],[-86.6790301708359,36.1739318291155],[-86.6789966835157,36.1741363980492],[-86.6783211137912,36.1740610810187]]]},"properties":{"id":"268689","parcel":"08416007600","address":"113 MCGAVOCK PIKE","owner":"LOLLER, J. RICHARD & SHERRY G.","point":[-86.6786752086404,36.173996454429165]}},{"type":"Feature","id":"268722","geometry":{"type":"Polygon","coordinates":[[[-86.6797462851601,36.1746266473391],[-86.6799054289187,36.1745356457718],[-86.6798256413192,36.1750305651396],[-86.6796764351473,36.1750160226631],[-86.6797462851601,36.1746266473391]]]},"properties":{"id":"268722","parcel":"08416021600","address":"2413 SELMA AVE","owner":"FREEMAN, J. BLAKE","point":[-86.67978533429088,36.174821532881744]}},{"type":"Feature","id":"268723","geometry":{"type":"Polygon","coordinates":[[[-86.6730203665113,36.174590994773],[-86.673034072238,36.1744678810965],[-86.6723206205949,36.1745091655309],[-86.6723167820138,36.1744161282541],[-86.6723086330476,36.174323272703],[-86.6723006686852,36.1742650596401],[-86.6722905419148,36.1742070686129],[-86.6729107546787,36.1741360182231],[-86.6730594356464,36.1742735092074],[-86.6734862565424,36.1746682028007],[-86.6730203665113,36.174590994773]]]},"properties":{"id":"268723","parcel":"08416021800","address":"3231 KNOBVIEW DR","owner":"MATTINGLY LIVING TRUST","point":[-86.67273934292092,36.17437086740983]}},{"type":"Feature","id":"269004","geometry":{"type":"Polygon","coordinates":[[[-86.6704831030162,36.1788174250768],[-86.6705308701529,36.1788163351044],[-86.6707298008314,36.1788201751524],[-86.6708657406187,36.1788279348416],[-86.6708776110213,36.1788292450936],[-86.6709481459073,36.1788359928421],[-86.6708428154479,36.1793626364275],[-86.6705089299517,36.1796282104119],[-86.670416304781,36.1795737814519],[-86.6704831030162,36.1788174250768]]]},"properties":{"id":"269004","parcel":"08509000700","address":"2822 LUMAR LN","owner":"MARCHESE, SHANNON L. & PAUL W.","point":[-86.67067689745971,36.17909871357711]}},{"type":"Feature","id":"269096","geometry":{"type":"Polygon","coordinates":[[[-86.6791788313287,36.1802162296505],[-86.6789374596887,36.1795692859156],[-86.6790031779965,36.1795514913446],[-86.6790677039474,36.1795310285089],[-86.6791308723427,36.1795079497116],[-86.6791925213656,36.1794823126444],[-86.6792524948273,36.179454183079],[-86.6793106399367,36.1794236339785],[-86.6793668061652,36.1793907427994],[-86.6794208508203,36.1793555932635],[-86.679430728384,36.1793492649079],[-86.6794416730202,36.1793442184445],[-86.6794534311544,36.1793405706613],[-86.6794657344757,36.1793384050829],[-86.679478299929,36.179337771069],[-86.679490840831,36.1793386837521],[-86.6795030657432,36.1793411222414],[-86.6795144640741,36.1793453075156],[-86.6795250755194,36.1793506823736],[-86.679534714708,36.1793571496219],[-86.6795920142512,36.179400779648],[-86.6796900580146,36.1794803441552],[-86.6797910457664,36.1795574495923],[-86.6798948857267,36.1796320234669],[-86.6792873878729,36.1802310024237],[-86.6791788313287,36.1802162296505]]]},"properties":{"id":"269096","parcel":"08412000700","address":"2820 RENEE DR","owner":"PHILPOT, GEORGE F. & NANCY M.","point":[-86.67933392176921,36.17992358371121]}},{"type":"Feature","id":"269106","geometry":{"type":"Polygon","coordinates":[[[-86.6779309481313,36.1801067698981],[-86.6771686438143,36.1800385242237],[-86.6773994018371,36.1794438706225],[-86.6775146853173,36.1794728849767],[-86.6776311080416,36.1794987384206],[-86.6777485374439,36.1795214001511],[-86.6778668421228,36.179540845668],[-86.6779858862456,36.1795570522986],[-86.6780004905568,36.1795603193518],[-86.6780141847125,36.1795655742844],[-86.6780265593745,36.1795726589716],[-86.6780372481185,36.1795813636765],[-86.6780459307927,36.1795914297337],[-86.6780523502376,36.1796025548639],[-86.678055581871,36.1796126975025],[-86.6780571481614,36.1796230955387],[-86.6780570197923,36.1796335706882],[-86.6779743517826,36.1801109206776],[-86.6779309481313,36.1801067698981]]]},"properties":{"id":"269106","parcel":"08412003200","address":"3246 MCGAVOCK PIKE","owner":"AKIN, DAVID L. ET UX","point":[-86.67763468091539,36.17983610712092]}},{"type":"Feature","id":"269108","geometry":{"type":"Polygon","coordinates":[[[-86.6754676810781,36.1798832335591],[-86.67502278417,36.17984396685],[-86.674946831255,36.1798377988343],[-86.6749628514636,36.1791718261242],[-86.6751960677324,36.1791828835673],[-86.6754428627251,36.1791968865037],[-86.6755379634107,36.1792031480342],[-86.6756327451514,36.1792120312338],[-86.6755409426417,36.1798916162805],[-86.6754676810781,36.1798832335591]]]},"properties":{"id":"269108","parcel":"08412003600","address":"2608 LUMAR LN","owner":"BOWMAN, ROBIN MARIE & WHITLEY, CHRISTINA SUSAN","point":[-86.67527237432219,36.1795248683044]}},{"type":"Feature","id":"269149","geometry":{"type":"Polygon","coordinates":[[[-86.6715575581635,36.1797380289881],[-86.6716058420641,36.1793575699674],[-86.6722759557249,36.1794241641992],[-86.6723305136289,36.1797842717508],[-86.6723305881182,36.1797930622092],[-86.6715575581635,36.1797380289881]]]},"properties":{"id":"269149","parcel":"08412005100","address":"3133 KNOBVIEW DR","owner":"ROLLINS, NORMAN D. & MARY BESS","point":[-86.67193874153355,36.179581157381755]}},{"type":"Feature","id":"269181","geometry":{"type":"Polygon","coordinates":[[[-86.6743275912883,36.173349109267],[-86.6743294974737,36.1732241704638],[-86.6743288075024,36.1731429816055],[-86.6748486617816,36.1731585214904],[-86.6748443880733,36.1732497943589],[-86.6748433229434,36.1733411285973],[-86.6748435664579,36.1733645329584],[-86.6743275912883,36.173349109267]]]},"properties":{"id":"269181","parcel":"08416005000","address":"2539 STINSON RD","owner":"SADLER, LAVONA RUTH ETAL","point":[-86.67458614333218,36.17329476130537]}},{"type":"Feature","id":"269183","geometry":{"type":"Polygon","coordinates":[[[-86.6743332577861,36.1723908164171],[-86.6743330186469,36.172362676804],[-86.6743344212841,36.1722088346602],[-86.6743351913758,36.1719873627666],[-86.6745146048933,36.1719944860721],[-86.6747447179362,36.1720036230208],[-86.6747621255582,36.1720043143126],[-86.6749147733691,36.1724940538086],[-86.674890473464,36.1725016854588],[-86.6748675919047,36.1725117966522],[-86.6748465129653,36.1725242176069],[-86.6748275872607,36.1725387417774],[-86.6748111317387,36.1725551249539],[-86.6747974230797,36.1725730934098],[-86.6743332577861,36.1723908164171]]]},"properties":{"id":"269183","parcel":"08416005400","address":"2531 STINSON RD","owner":"CARTER, DIANE D.","point":[-86.67459200293975,36.17228645799244]}},{"type":"Feature","id":"269185","geometry":{"type":"Polygon","coordinates":[[[-86.6751192972023,36.1725341760557],[-86.6751365668277,36.1720191795438],[-86.6752049430618,36.172021894707],[-86.6753904235544,36.1720292576579],[-86.6753715826587,36.1725911366491],[-86.6753117106148,36.1725894600183],[-86.6752772922319,36.172587066859],[-86.6752433533248,36.1725818446555],[-86.6752102456169,36.1725738473189],[-86.6751783155261,36.1725631585319],[-86.6751478941314,36.1725498881999],[-86.6751192972023,36.1725341760557]]]},"properties":{"id":"269185","parcel":"08416005600","address":"2527 STINSON RD","owner":"LOVVORN, JEFFREY N. & VICKI L.","point":[-86.67525486060528,36.172281716940496]}},{"type":"Feature","id":"269187","geometry":{"type":"Polygon","coordinates":[[[-86.6756255415948,36.1725982476582],[-86.6756442814572,36.1720393352318],[-86.6756651683994,36.1720401646384],[-86.6758952817073,36.1720492993936],[-86.6758981383129,36.1720494122779],[-86.6758794994725,36.1726053590403],[-86.6756255415948,36.1725982476582]]]},"properties":{"id":"269187","parcel":"08416005800","address":"2521 STINSON RD","owner":"SMITH, JAMES F. & CHILYERE","point":[-86.67576184038114,36.17232383005421]}},{"type":"Feature","id":"269189","geometry":{"type":"Polygon","coordinates":[[[-86.6768956182909,36.1726338066297],[-86.676914934785,36.1720894605042],[-86.6769868647152,36.1720920276515],[-86.6771664043931,36.1720972022915],[-86.6771690439318,36.1720972785106],[-86.6771495797308,36.172640915321],[-86.6768956182909,36.1726338066297]]]},"properties":{"id":"269189","parcel":"08416006300","address":"2511 STINSON RD","owner":"WINGET, JEFFREY D.","point":[-86.67703228844236,36.172365542540206]}},{"type":"Feature","id":"269191","geometry":{"type":"Polygon","coordinates":[[[-86.6779114476429,36.1726622373811],[-86.6779303933334,36.1721263064076],[-86.6779914639189,36.1721283066697],[-86.678160837119,36.1721338559818],[-86.6781843046831,36.1721346244897],[-86.6781653984859,36.1726695134326],[-86.6781115210939,36.1726678360538],[-86.6779114476429,36.1726622373811]]]},"properties":{"id":"269191","parcel":"08416006700","address":"2503 STINSON RD","owner":"MARTIN, ANITA DARLENE","point":[-86.6780478768531,36.17239843102186]}},{"type":"Feature","id":"269193","geometry":{"type":"Polygon","coordinates":[[[-86.6781653984859,36.1726695134326],[-86.6781843046831,36.1721346244897],[-86.6783292874756,36.1721393750933],[-86.6785000861619,36.1721449699943],[-86.6786300162013,36.1721492262407],[-86.6785915267408,36.1723854106598],[-86.6785475086146,36.1726423325881],[-86.6785392705226,36.1726904142761],[-86.6785388901083,36.1726903848704],[-86.6784145520693,36.1726816349521],[-86.678290041516,36.1726746766796],[-86.6781653984859,36.1726695134326]]]},"properties":{"id":"269193","parcel":"08416006800","address":"2501 STINSON RD","owner":"GLENDE, EDWARD D & LORA I","point":[-86.6783702276946,36.172513336435415]}},{"type":"Feature","id":"269195","geometry":{"type":"Polygon","coordinates":[[[-86.6784496257736,36.173240640116],[-86.6784804030909,36.1730360874243],[-86.6791614040251,36.1731135702497],[-86.6791279184925,36.1733181383576],[-86.6784496257736,36.173240640116]]]},"properties":{"id":"269195","parcel":"08416007200","address":"121 MCGAVOCK PIKE","owner":"HJL, L.P.","point":[-86.6788050887505,36.17317710456957]}},{"type":"Feature","id":"269198","geometry":{"type":"Polygon","coordinates":[[[-86.6783827248085,36.1736585672789],[-86.6784161372485,36.1734452089268],[-86.6790944327949,36.1735227073462],[-86.6790609646166,36.1737294734869],[-86.6783827248085,36.1736585672789]]]},"properties":{"id":"269198","parcel":"08416007400","address":"117 MCGAVOCK PIKE","owner":"SHERROD, KELLY ANN","point":[-86.67873839771259,36.173590637356604]}},{"type":"Feature","id":"269200","geometry":{"type":"Polygon","coordinates":[[[-86.6783518906464,36.1738565284115],[-86.6783827248085,36.1736585672789],[-86.6790609646166,36.1737294734869],[-86.6790301708359,36.1739318291155],[-86.6783518906464,36.1738565284115]]]},"properties":{"id":"269200","parcel":"08416007500","address":"115 MCGAVOCK PIKE","owner":"LOLLER, J. RICHARD & SHERRY G.","point":[-86.678706543027,36.173793001784816]}},{"type":"Feature","id":"269202","geometry":{"type":"Polygon","coordinates":[[[-86.6772753605648,36.1741915036686],[-86.6773722744866,36.1735578228732],[-86.6776248670851,36.1735830085269],[-86.6775254722651,36.1742176533849],[-86.6772753605648,36.1741915036686]]]},"properties":{"id":"269202","parcel":"08416008100","address":"2546 STINSON RD","owner":"CARTER, ELDON E. ET UX","point":[-86.67744955429245,36.17388725472719]}},{"type":"Feature","id":"269558","geometry":{"type":"Polygon","coordinates":[[[-86.6734932276035,36.1800810638356],[-86.6735437275603,36.1796434536821],[-86.6742463727564,36.1797098572798],[-86.6745453239371,36.1798004859305],[-86.6744968307925,36.1801545756075],[-86.6734932276035,36.1800810638356]]]},"properties":{"id":"269558","parcel":"08412002500","address":"3115 KNOBDALE RD","owner":"LACZKO, BRIAN J & LEWIS, KATHRYN D","point":[-86.67401774964962,36.17994077188723]}},{"type":"Feature","id":"269566","geometry":{"type":"Polygon","coordinates":[[[-86.6768512380135,36.1800095371517],[-86.6766938914194,36.179995038404],[-86.6768100953658,36.1793175156097],[-86.6769223152089,36.1793364319777],[-86.6770338980053,36.1793576806668],[-86.6771447702813,36.1793812485722],[-86.677254858548,36.1794071207866],[-86.6773640892772,36.1794352778973],[-86.6773994018371,36.1794438706225],[-86.6771686438143,36.1800385242237],[-86.6768512380135,36.1800095371517]]]},"properties":{"id":"269566","parcel":"08412003300","address":"2506 LUMAR LN","owner":"ELDRIDGE, LORI ANN & WONG, CHING F","point":[-86.67701675134353,36.17971937439314]}},{"type":"Feature","id":"269568","geometry":{"type":"Polygon","coordinates":[[[-86.6761784428748,36.1799473805393],[-86.6761323247927,36.1799432443184],[-86.6762159664832,36.1792615090524],[-86.6763649950383,36.1792718326264],[-86.6765137333011,36.1792846117709],[-86.6766621212112,36.179299841416],[-86.6768100953658,36.1793175156097],[-86.6766938914194,36.179995038404],[-86.6761784428748,36.1799473805393]]]},"properties":{"id":"269568","parcel":"08412003400","address":"2510 LUMAR LN","owner":"ZEOLI, TYLER CHARLES  & VELLUCCI, ASHLEY","point":[-86.67646355642928,36.179630359771615]}},{"type":"Feature","id":"269570","geometry":{"type":"Polygon","coordinates":[[[-86.6755409426417,36.1798916162805],[-86.6756327451514,36.1792120312338],[-86.6759636897832,36.1792401075131],[-86.6762159664832,36.1792615090524],[-86.6761323247927,36.1799432443184],[-86.6755409426417,36.1798916162805]]]},"properties":{"id":"269570","parcel":"08412003500","address":"2600 LUMAR LN","owner":"STEELMAN, LUKE J & MORIN, JESSICA D","point":[-86.67588041185194,36.17957656845276]}},{"type":"Feature","id":"269606","geometry":{"type":"Polygon","coordinates":[[[-86.6714953487337,36.1800746128525],[-86.6715151734127,36.1800026227299],[-86.6715308357683,36.1799299608868],[-86.6715422993587,36.1798567861492],[-86.6715575581635,36.1797380289881],[-86.6723305881182,36.1797930622092],[-86.6723025002797,36.1799975987771],[-86.6722795752995,36.1801713394226],[-86.6714953487337,36.1800746128525]]]},"properties":{"id":"269606","parcel":"08412005000","address":"3129 KNOBVIEW DR","owner":"ROBBINS, DANIEL M., JR.","point":[-86.67191538784158,36.17996377694511]}},{"type":"Feature","id":"269925","geometry":{"type":"Polygon","coordinates":[[[-86.6716058420641,36.1793575699674],[-86.6716514886678,36.1789859164339],[-86.6716534715956,36.1789749812475],[-86.6716576457966,36.1789644592629],[-86.6716638958485,36.1789546359195],[-86.6716720539386,36.1789457798248],[-86.6716818964368,36.1789381319573],[-86.6716931549659,36.1789319001981],[-86.6717055263534,36.1789272529666],[-86.6717186704077,36.1789243192329],[-86.6717322309401,36.1789231766846],[-86.6717458380331,36.1789238571216],[-86.6723345562516,36.1789821139575],[-86.6722759557249,36.1794241641992],[-86.6716058420641,36.1793575699674]]]},"properties":{"id":"269925","parcel":"08412005200","address":"3137 KNOBVIEW DR","owner":"ROLLINS, NORMAN D. ETUX","point":[-86.67196891815163,36.179172675979615]}},{"type":"Feature","id":"269933","geometry":{"type":"Polygon","coordinates":[[[-86.678380658403,36.1794405575631],[-86.6783676168981,36.1794384344834],[-86.6783551461872,36.1794346796203],[-86.6783435572243,36.1794293858587],[-86.6783331357115,36.1794226831771],[-86.6783241398837,36.1794147395616],[-86.6783167904114,36.1794057502467],[-86.6783112726234,36.1793959377036],[-86.6783077197793,36.1793855454248],[-86.6783062218853,36.1793748288623],[-86.6783068145774,36.1793640554898],[-86.6784410100773,36.1785897346577],[-86.6786297184048,36.1775008442745],[-86.6798813855829,36.1783728550867],[-86.679878153856,36.1783788098819],[-86.6797677409105,36.1785822708609],[-86.6796038539727,36.1788842691127],[-86.6795741787336,36.1789368101357],[-86.679540519944,36.1789877495064],[-86.6795030104068,36.1790368881972],[-86.679461795223,36.179084035222],[-86.6794170340236,36.1791290085257],[-86.6793689031614,36.1791716313663],[-86.6793175868645,36.1792117377729],[-86.6792632861373,36.1792491733963],[-86.6792062120518,36.1792837910413],[-86.6791465880328,36.179315457863],[-86.6790846431262,36.1793440481957],[-86.6790206220808,36.1793694525081],[-86.6789547708508,36.1793915720777],[-86.6788873477195,36.1794103198294],[-86.6788186133257,36.179425623997],[-86.6787488350712,36.1794374235916],[-86.6786782860553,36.1794456738157],[-86.6786072394858,36.1794503424894],[-86.6785359720289,36.1794514118342],[-86.6784647615631,36.1794488757815],[-86.678380658403,36.1794405575631]]]},"properties":{"id":"269933","parcel":"08412006200","address":"3259 MCGAVOCK PIKE","owner":"ST. JOHNS EVANGELICAL LUTHERAN CH. INC.","point":[-86.67914175711459,36.17847871669388]}},{"type":"Feature","id":"269940","geometry":{"type":"Polygon","coordinates":[[[-86.679245160162,36.1775149636478],[-86.6792802839359,36.1775015805798],[-86.6801531343992,36.1778197184742],[-86.6800283433343,36.1780633586654],[-86.680027829444,36.1780643610569],[-86.679245160162,36.1775149636478]]]},"properties":{"id":"269940","parcel":"08412007000","address":"11 FAIRWAY DR","owner":"JOHNSON, GINA RENEA & JASON","point":[-86.67959833108658,36.177667072157774]}},{"type":"Feature","id":"270019","geometry":{"type":"Polygon","coordinates":[[[-86.6708717146941,36.1749661100197],[-86.6708487202621,36.1746909832806],[-86.672155060281,36.1746328958844],[-86.6721546679369,36.1747065192556],[-86.6721504213557,36.1748179043283],[-86.6721436840614,36.1749292095355],[-86.6721344590576,36.1750403970071],[-86.6708717146941,36.1749661100197]]]},"properties":{"id":"270019","parcel":"08416019600","address":"3228 KNOBVIEW DR","owner":"WATSON, CHARLES H., JR.","point":[-86.671505368836,36.174871798041075]}},{"type":"Feature","id":"270020","geometry":{"type":"Polygon","coordinates":[[[-86.6708126823724,36.1743557699329],[-86.6721335803063,36.174297052061],[-86.6721378767396,36.1743242236459],[-86.672147186445,36.1744269703767],[-86.6721529160105,36.1745298884513],[-86.672155060281,36.1746328958844],[-86.6708487202621,36.1746909832806],[-86.670841848877,36.1745995454378],[-86.6708126823724,36.1743557699329]]]},"properties":{"id":"270020","parcel":"08416019700","address":"3232 KNOBVIEW DR","owner":"WILEY, DONALD E. ET UX","point":[-86.671488487367,36.174476616000504]}},{"type":"Feature","id":"270021","geometry":{"type":"Polygon","coordinates":[[[-86.6707912940897,36.1740701958253],[-86.6708373132692,36.1740630724825],[-86.6710535702802,36.1740338502702],[-86.6720424618437,36.1738997875493],[-86.6720476833438,36.1739159658315],[-86.6720735900416,36.1740105493918],[-86.6720965519319,36.1741056315151],[-86.6721165518275,36.1742011528154],[-86.6721335803063,36.174297052061],[-86.6708126823724,36.1743557699329],[-86.6707912940897,36.1740701958253]]]},"properties":{"id":"270021","parcel":"08416019800","address":"3236 KNOBVIEW DR","owner":"CHILDRESS, CONNIE","point":[-86.67145190392372,36.174151597496746]}},{"type":"Feature","id":"270022","geometry":{"type":"Polygon","coordinates":[[[-86.6709255521505,36.1737999649185],[-86.6718937426729,36.1735022938012],[-86.6719348623124,36.1736006735435],[-86.6719733667619,36.1736997455759],[-86.6720092389654,36.1737994658339],[-86.6720424618437,36.1738997875493],[-86.6710535702802,36.1740338502702],[-86.6709255521505,36.1737999649185]]]},"properties":{"id":"270022","parcel":"08416019900","address":"3240 KNOBVIEW DR","owner":"ROSE, KEVIN","point":[-86.6715443151029,36.17374838028525]}},{"type":"Feature","id":"270023","geometry":{"type":"Polygon","coordinates":[[[-86.6704263505398,36.172582226475],[-86.6709094083242,36.1722512702521],[-86.6711277571104,36.1724698196563],[-86.6708255553578,36.1726723092677],[-86.6706423083184,36.1727985927441],[-86.6705521049506,36.1727089904246],[-86.6704263505398,36.172582226475]]]},"properties":{"id":"270023","parcel":"08416020300","address":"3258 KNOBVIEW DR","owner":"SPIELVOGEL, CARLY","point":[-86.67077612251387,36.17252602101929]}},{"type":"Feature","id":"270024","geometry":{"type":"Polygon","coordinates":[[[-86.6728684845445,36.1725796257237],[-86.6723630072116,36.1721033569011],[-86.6723594605925,36.1713649705296],[-86.6728744597613,36.1713664961539],[-86.6728743401045,36.171671968196],[-86.6728710063084,36.1719181227619],[-86.6728706816584,36.1721994223011],[-86.6728691632666,36.172340079622],[-86.673533313917,36.1723495609236],[-86.6735317780393,36.1724880201778],[-86.6728676459734,36.1724807360302],[-86.6728684845445,36.1725796257237]]]},"properties":{"id":"270024","parcel":"08416021500","address":"207 SHADY GROVE RD","owner":"TENNIS CENTER PARTNERS, LLC","point":[-86.67261672881003,36.172010739342355]}},{"type":"Feature","id":"270129","geometry":{"type":"Polygon","coordinates":[[[-86.6743248381283,36.1739516141915],[-86.6743266152307,36.1735552436867],[-86.6748548691386,36.1735710340493],[-86.674857530613,36.1735977325144],[-86.6748637398495,36.1736395369898],[-86.6748735312596,36.1736808879304],[-86.6748868564542,36.1737215846251],[-86.6749036515054,36.173761429153],[-86.6749064673174,36.1737673247728],[-86.6743432433026,36.1739689192043],[-86.6743248381283,36.1739516141915]]]},"properties":{"id":"270129","parcel":"08416004800","address":"2543 STINSON RD","owner":"COWDEN, SAMUEL D & GIBSON, BREANNE HELEN YVONNE","point":[-86.67461537202927,36.17376359002257]}},{"type":"Feature","id":"270130","geometry":{"type":"Polygon","coordinates":[[[-86.674331973937,36.1729369124345],[-86.6743323038906,36.1729164853339],[-86.6743308845597,36.1727494726414],[-86.6743318814665,36.1727307460967],[-86.6748110341433,36.1727450696877],[-86.6748301773328,36.1727738877086],[-86.6748458493772,36.1728040517878],[-86.6748579067859,36.1728352896472],[-86.6748662415217,36.1728673152911],[-86.6748707777507,36.1728998389384],[-86.6748714740581,36.1729325661092],[-86.6748699548519,36.1729529944535],[-86.674331973937,36.1729369124345]]]},"properties":{"id":"270130","parcel":"08416005200","address":"2535 STINSON RD","owner":"HEWITT, WILLIAM A.","point":[-86.6745969059191,36.17285058207474]}},{"type":"Feature","id":"270131","geometry":{"type":"Polygon","coordinates":[[[-86.6758794994725,36.1726053590403],[-86.6758981383129,36.1720494122779],[-86.6761241474454,36.1720583830179],[-86.6761519952331,36.1720594887902],[-86.6761334585073,36.172612469882],[-86.6758794994725,36.1726053590403]]]},"properties":{"id":"270131","parcel":"08416005900","address":"2519 STINSON RD","owner":"SCHRODER JOINT REVOCABLE TRUST","point":[-86.67601574805167,36.17233242400201]}},{"type":"Feature","id":"270132","geometry":{"type":"Polygon","coordinates":[[[-86.6766416613426,36.1726266973793],[-86.6766610747351,36.1720796929428],[-86.6768074113446,36.17208550037],[-86.676914934785,36.1720894605042],[-86.6768956182909,36.1726338066297],[-86.6766416613426,36.1726266973793]]]},"properties":{"id":"270132","parcel":"08416006200","address":"2513 STINSON RD","owner":"WEIL, MELISSA JEAN & WALKER, JAMES ANSEL","point":[-86.67677829873043,36.172358079028655]}},{"type":"Feature","id":"270133","geometry":{"type":"Polygon","coordinates":[[[-86.6771495797308,36.172640915321],[-86.6771690439318,36.1720972785106],[-86.6774229775112,36.1721049671863],[-86.6774035356585,36.1726480235091],[-86.6771495797308,36.172640915321]]]},"properties":{"id":"270133","parcel":"08416006400","address":"2509 STINSON RD","owner":"BERNARD, BROOKE N.","point":[-86.67728627904323,36.17237294133993]}},{"type":"Feature","id":"270134","geometry":{"type":"Polygon","coordinates":[[[-86.6774035356585,36.1726480235091],[-86.6774229775112,36.1721049671863],[-86.6774847519438,36.1721068664184],[-86.6776536085914,36.1721148076813],[-86.6776766164133,36.172115890705],[-86.6776574860664,36.1726551302929],[-86.6774035356585,36.1726480235091]]]},"properties":{"id":"270134","parcel":"08416006500","address":"2507 STINSON RD","owner":"JOHNSON, PETER J & VICK, HANNAH E","point":[-86.67754011926226,36.17238195730833]}},{"type":"Feature","id":"270135","geometry":{"type":"Polygon","coordinates":[[[-86.6785475086146,36.1726423325881],[-86.6785915267408,36.1723854106598],[-86.6792645633957,36.1724573255109],[-86.6792333230086,36.1726494634863],[-86.6792276755581,36.1726841964971],[-86.6792256747014,36.1726925074636],[-86.679222426612,36.1727005550704],[-86.6792179813785,36.1727082173652],[-86.6792100971477,36.1727178574501],[-86.6792003284309,36.1727262887328],[-86.6791889532904,36.1727332708145],[-86.6791762935089,36.1727386063105],[-86.6791627101593,36.1727421426783],[-86.679148587,36.1727437804223],[-86.6791343238066,36.1727434731313],[-86.678647086329,36.1726994678558],[-86.6785392705226,36.1726904142761],[-86.6785475086146,36.1726423325881]]]},"properties":{"id":"270135","parcel":"08416007000","address":"125 MCGAVOCK PIKE","owner":"MILLS, LAURIE EAKES","point":[-86.67890644387376,36.17254983068186]}},{"type":"Feature","id":"270136","geometry":{"type":"Polygon","coordinates":[[[-86.6784804030909,36.1730360874243],[-86.6785138410213,36.1728264213268],[-86.678628331907,36.172835971849],[-86.6791116899877,36.1728796268089],[-86.6791247875171,36.1728816656736],[-86.679137327748,36.172885347065],[-86.6791489997527,36.1728905781005],[-86.6791595145252,36.1728972297238],[-86.6791686105389,36.1729051366734],[-86.6791760649166,36.1729141037289],[-86.6791816890066,36.1729239084396],[-86.6791853462143,36.1729343064314],[-86.6791869443136,36.1729450422656],[-86.6791864454357,36.1729558475797],[-86.6791648973443,36.1730915733607],[-86.6791614040251,36.1731135702497],[-86.6784804030909,36.1730360874243]]]},"properties":{"id":"270136","parcel":"08416007100","address":"123 MCGAVOCK PIKE","owner":"HJL, L.P.","point":[-86.67883343903209,36.172995968062644]}},{"type":"Feature","id":"270137","geometry":{"type":"Polygon","coordinates":[[[-86.6782825228785,36.1743030383471],[-86.6783211137912,36.1740610810187],[-86.6789966835157,36.1741363980492],[-86.678968373738,36.1743123678951],[-86.6789649901217,36.1743225152878],[-86.6789598904811,36.1743321784423],[-86.6789531732441,36.1743411684413],[-86.6789449725242,36.1743493096857],[-86.6789351569914,36.1743561937419],[-86.6789242047925,36.1743618386491],[-86.6789123505448,36.1743661223186],[-86.6788998491203,36.1743689513881],[-86.6788869723501,36.1743702657468],[-86.6788739979005,36.1743700376963],[-86.6782825228785,36.1743030383471]]]},"properties":{"id":"270137","parcel":"08416007700","address":"111 MCGAVOCK PIKE","owner":"WHITTEMORE, JENNELL","point":[-86.67863954493981,36.17421971857575]}},{"type":"Feature","id":"270138","geometry":{"type":"Polygon","coordinates":[[[-86.6777805696993,36.1742443234561],[-86.6778748509108,36.1736079325176],[-86.678130090571,36.1736333798379],[-86.6780247701503,36.1742737192244],[-86.6777805696993,36.1742443234561]]]},"properties":{"id":"270138","parcel":"08416007900","address":"2550 STINSON RD","owner":"JEFFREY, PATRICIA A.","point":[-86.67795283501245,36.173938845072435]}},{"type":"Feature","id":"270237","geometry":{"type":"Polygon","coordinates":[[[-86.6766380216906,36.1720787785149],[-86.6766409428477,36.1715307606041],[-86.6768103313323,36.1715374824562],[-86.6768074113446,36.17208550037],[-86.6766610747351,36.1720796929428],[-86.6766380216906,36.1720787785149]]]},"properties":{"id":"270237","parcel":"08416011500","address":"2526 PARK DR","owner":"DAVIS, MARION HILL JR & SUSAN ROGERS JOINT REV TRUST","point":[-86.67672417680873,36.17180813052416]}},{"type":"Feature","id":"270238","geometry":{"type":"Polygon","coordinates":[[[-86.6779890805401,36.1707313272474],[-86.6779971924133,36.1707290817047],[-86.6779973651739,36.1708847284802],[-86.6779980065006,36.1714586954866],[-86.6778360100035,36.1714552260956],[-86.6776645421424,36.1714495799437],[-86.6776623570944,36.1708760091568],[-86.6776623497982,36.1708751548025],[-86.6776613436681,36.1707573422307],[-86.6779890805401,36.1707313272474]]]},"properties":{"id":"270238","parcel":"08416012200","address":"2515 PARK DR","owner":"FIRST BAPTIST CHURCH OF DONELSON","point":[-86.67783057287745,36.17116715331105]}},{"type":"Feature","id":"270239","geometry":{"type":"Polygon","coordinates":[[[-86.6760470619359,36.1709653406123],[-86.676046561167,36.1708323263523],[-86.6765047336347,36.1708451429089],[-86.6765033058774,36.1709806788919],[-86.6764987421094,36.171414364955],[-86.6763434318449,36.171410892138],[-86.6761726040545,36.1714054583864],[-86.6760486993184,36.171401502826],[-86.6760470619359,36.1709653406123]]]},"properties":{"id":"270239","parcel":"08416013000","address":"2531 PARK DR","owner":"PARK DRIVE, LLC","point":[-86.67627449618442,36.17119108700685]}},{"type":"Feature","id":"270240","geometry":{"type":"Polygon","coordinates":[[[-86.676046561167,36.1708323263523],[-86.6760453442152,36.1706894869493],[-86.676598394973,36.1707039689759],[-86.6766240060787,36.1708466716341],[-86.6765047336347,36.1708451429089],[-86.676046561167,36.1708323263523]]]},"properties":{"id":"270240","parcel":"08416013100","address":"2535 PARK DR","owner":"FIRST BAPT CHURCH OF DONELSON TRS","point":[-86.67632803037608,36.17076816299277]}},{"type":"Feature","id":"270241","geometry":{"type":"Polygon","coordinates":[[[-86.6760418057081,36.170274152623],[-86.6760417495203,36.1702675575109],[-86.6765188534748,36.1702758752166],[-86.6765216955731,36.1702912429087],[-86.6765358277769,36.1703592882038],[-86.6765472303562,36.1704251560284],[-86.6760430226471,36.170416992042],[-86.6760425545778,36.1703620520021],[-86.6760418057081,36.170274152623]]]},"properties":{"id":"270241","parcel":"08416013400","address":"2541 PARK DR","owner":"THE WILLIAM H FREEMAN TRUST","point":[-86.6762854958141,36.170324608092194]}},{"type":"Feature","id":"270242","geometry":{"type":"Polygon","coordinates":[[[-86.6752049430618,36.172021894707],[-86.6752326726008,36.1715041069723],[-86.6754628772771,36.171511498094],[-86.6754350551445,36.1720310294446],[-86.6753904235544,36.1720292576579],[-86.6752049430618,36.172021894707]]]},"properties":{"id":"270242","parcel":"08416013700","address":"2604 CRUMP DR","owner":"WILLIAMSON, JOHN & MOSHER, SUSANNAH","point":[-86.67533391040958,36.171766696477036]}},{"type":"Feature","id":"270267","geometry":{"type":"Polygon","coordinates":[[[-86.6743392356231,36.1714995203785],[-86.6743390255037,36.1714747954723],[-86.674339441349,36.1714748093718],[-86.6745420770906,36.171481594701],[-86.6745146048933,36.1719944860721],[-86.6743351913758,36.1719873627666],[-86.6743352087375,36.1719824733324],[-86.674337451751,36.1719275199723],[-86.6743377780935,36.1716742378518],[-86.6743378096637,36.1716506156406],[-86.6743384832613,36.1715897921217],[-86.6743393429996,36.1715121554498],[-86.6743392356231,36.1714995203785]]]},"properties":{"id":"270267","parcel":"08416014100","address":"2612 CRUMP DR","owner":"CURREY, ROBERT LIVING TRUST","point":[-86.67443128141518,36.17180113364837]}},{"type":"Feature","id":"270268","geometry":{"type":"Polygon","coordinates":[[[-86.6736710503003,36.1703753113406],[-86.6736729579048,36.1702808017095],[-86.6743526182907,36.1703013476524],[-86.6743494632828,36.1704704192555],[-86.6736691602484,36.1704720199473],[-86.6736710503003,36.1703753113406]]]},"properties":{"id":"270268","parcel":"08416015100","address":"228 SHADY GROVE RD","owner":"LAMPKIN, S. L.","point":[-86.67401023619978,36.17042286572221]}},{"type":"Feature","id":"270269","geometry":{"type":"Polygon","coordinates":[[[-86.6736551271549,36.1713731298774],[-86.673658180882,36.1710940132008],[-86.674341215564,36.1710945946131],[-86.6743405775369,36.1713385360485],[-86.6743408576656,36.1713714989863],[-86.674340303004,36.1713715002826],[-86.6736551271549,36.1713731298774]]]},"properties":{"id":"270269","parcel":"08416015400","address":"222 SHADY GROVE RD","owner":"MRMR PROPERTIES, LLC","point":[-86.673998874165,36.171216273735666]}},{"type":"Feature","id":"270270","geometry":{"type":"Polygon","coordinates":[[[-86.6736563025233,36.1715115767431],[-86.6736551271549,36.1713731298774],[-86.674340303004,36.1713715002826],[-86.6743408576656,36.1713714989863],[-86.6743398109301,36.1714305319865],[-86.6743390255037,36.1714747954723],[-86.6743392356231,36.1714995203785],[-86.6743393429996,36.1715121554498],[-86.6743391306921,36.1715121557347],[-86.6736563025233,36.1715115767431]]]},"properties":{"id":"270270","parcel":"08416015500","address":"220 SHADY GROVE RD","owner":"MRMR PROPERTIES, LLC","point":[-86.67399760238477,36.17145173351567]}},{"type":"Feature","id":"270271","geometry":{"type":"Polygon","coordinates":[[[-86.6736481937403,36.1724719878163],[-86.6736513747879,36.172208253222],[-86.6743344212841,36.1722088346602],[-86.6743330186469,36.172362676804],[-86.6743332577861,36.1723908164171],[-86.6743339524119,36.172472553232],[-86.6736481937403,36.1724719878163]]]},"properties":{"id":"270271","parcel":"08416015900","address":"210 SHADY GROVE RD","owner":"MRMR PROPERTIES, LLC","point":[-86.67399208442185,36.17228546519204]}},{"type":"Feature","id":"270272","geometry":{"type":"Polygon","coordinates":[[[-86.6736478520707,36.1727510892525],[-86.6736481937403,36.1724719878163],[-86.6743339524119,36.172472553232],[-86.6743332242939,36.1727055051136],[-86.6743318814665,36.1727307460967],[-86.6743308845597,36.1727494726414],[-86.6736478520707,36.1727510892525]]]},"properties":{"id":"270272","parcel":"08416016000","address":"206 SHADY GROVE RD","owner":"MRMR PROPERTIES, LLC","point":[-86.67399081912714,36.17258874725463]}},{"type":"Feature","id":"270273","geometry":{"type":"Polygon","coordinates":[[[-86.6736448191275,36.1730324038605],[-86.6736478520707,36.1727510892525],[-86.6743308845597,36.1727494726414],[-86.6743323038906,36.1729164853339],[-86.674331973937,36.1729369124345],[-86.6743305277293,36.1730263768846],[-86.6736827648463,36.1730321920841],[-86.6736448191275,36.1730324038605]]]},"properties":{"id":"270273","parcel":"08416016100","address":"204 SHADY GROVE RD","owner":"SCRAGG, R. SCOTT & TAMMY","point":[-86.67398928976678,36.17283378563578]}},{"type":"Feature","id":"270289","geometry":{"type":"Polygon","coordinates":[[[-86.6728684845445,36.1725796257237],[-86.6728676459734,36.1724807360302],[-86.6735317780393,36.1724880201778],[-86.6735480408552,36.1724879294306],[-86.6735467475029,36.1726549572719],[-86.6729422609041,36.1726495388588],[-86.6728684845445,36.1725796257237]]]},"properties":{"id":"270289","parcel":"08416016500","address":"205 SHADY GROVE RD","owner":"TN BBALL GYMS, LLC","point":[-86.67320788329204,36.17253384456965]}},{"type":"Feature","id":"270290","geometry":{"type":"Polygon","coordinates":[[[-86.6728691632666,36.172340079622],[-86.6728706816584,36.1721994223011],[-86.6735510576932,36.1722044176029],[-86.673549575593,36.1723494701823],[-86.673533313917,36.1723495609236],[-86.6728691632666,36.172340079622]]]},"properties":{"id":"270290","parcel":"08416016700","address":"211 SHADY GROVE RD","owner":"211 SG, LLC","point":[-86.67321013031977,36.17227224915316]}},{"type":"Feature","id":"270291","geometry":{"type":"Polygon","coordinates":[[[-86.6728775326427,36.1710895766781],[-86.6728779165084,36.1708148703461],[-86.6735419950793,36.1708177565099],[-86.6735609674095,36.1708176506393],[-86.6735606068126,36.1710945577345],[-86.6728775326427,36.1710895766781]]]},"properties":{"id":"270291","parcel":"08416017200","address":"223 SHADY GROVE RD","owner":"PETTY, MICHAEL S. & KIMBERLY","point":[-86.67321925642503,36.170953692966336]}},{"type":"Feature","id":"270292","geometry":{"type":"Polygon","coordinates":[[[-86.6717321420074,36.1709025648519],[-86.6717204345793,36.1704849471531],[-86.6719617116838,36.1704859330343],[-86.6723574333082,36.1704859266313],[-86.6723552710244,36.1708705254604],[-86.6723554758508,36.1708946988286],[-86.6717321420074,36.1709025648519]]]},"properties":{"id":"270292","parcel":"08416017600","address":"2622 OLD LEBANON PIKE 100","owner":"US COMMUNITY CREDIT UNION","point":[-86.67204108443462,36.170677907875216]}},{"type":"Feature","id":"270293","geometry":{"type":"Polygon","coordinates":[[[-86.6715998272323,36.172742007992],[-86.6722056257257,36.1723755253769],[-86.6725223173922,36.1726728039023],[-86.6718151248349,36.1730216316748],[-86.6717623149913,36.1729512118344],[-86.6717074752881,36.1728818198871],[-86.6715998272323,36.172742007992]]]},"properties":{"id":"270293","parcel":"08416018100","address":"3245 KNOBVIEW DR","owner":"JETTON, DANIEL","point":[-86.67205442680189,36.172707388633796]}},{"type":"Feature","id":"270294","geometry":{"type":"Polygon","coordinates":[[[-86.6720466958797,36.173439633918],[-86.6719810786452,36.1732983103712],[-86.6725277921758,36.1731108758741],[-86.6727017370818,36.1736029065617],[-86.6726819837759,36.1736144238911],[-86.6726602617291,36.1736233078922],[-86.6726370982367,36.1736293429281],[-86.6722409594394,36.1737119862885],[-86.6722268879574,36.1737139870416],[-86.6722126019979,36.173714026945],[-86.6721985128655,36.1737121073131],[-86.6721850289653,36.1737082808486],[-86.6721725380866,36.1737026598522],[-86.6721613995381,36.1736954063527],[-86.6721519374478,36.1736867285391],[-86.672144422948,36.1736768772546],[-86.6721390729869,36.1736661369911],[-86.6720767616769,36.1735092411528],[-86.6720466958797,36.173439633918]]]},"properties":{"id":"270294","parcel":"08416018300","address":"3237 KNOBVIEW DR","owner":"KEITH, MARY BETH","point":[-86.67231675428094,36.173369801453184]}},{"type":"Feature","id":"270295","geometry":{"type":"Polygon","coordinates":[[[-86.6725277921758,36.1731108758741],[-86.672770018611,36.1729058737317],[-86.6730037228513,36.1731260826001],[-86.67326941591,36.1733883717648],[-86.6730148133328,36.1735727374421],[-86.6729975130471,36.1735555134889],[-86.6729770135477,36.1735407750194],[-86.6729538516861,36.1735289092844],[-86.6729286336825,36.1735202256398],[-86.6729020195262,36.1735149511278],[-86.6728747040262,36.1735132242733],[-86.6728474034346,36.1735150906526],[-86.6728208309628,36.1735204994246],[-86.6727956812891,36.1735293115288],[-86.6727726116243,36.1735412952843],[-86.672752227354,36.1735561372848],[-86.6727350598689,36.173573449732],[-86.6727197263275,36.1735891666399],[-86.6727017370818,36.1736029065617],[-86.6725277921758,36.1731108758741]]]},"properties":{"id":"270295","parcel":"08416018400","address":"2801 CAPELLA CT","owner":"HODGES, LANDON O.","point":[-86.67285778064507,36.17325646582191]}},{"type":"Feature","id":"270296","geometry":{"type":"Polygon","coordinates":[[[-86.6730111302047,36.1737325801847],[-86.6730251390897,36.1737145516847],[-86.6730355399965,36.1736949841209],[-86.6730420834692,36.1736743475401],[-86.6730446114289,36.1736531385173],[-86.6730430615125,36.1736318675136],[-86.6730374736426,36.1736110471231],[-86.6730279821231,36.1735911776969],[-86.6730148133328,36.1735727374421],[-86.67326941591,36.1733883717648],[-86.6741580228077,36.1742468893157],[-86.6738463356067,36.1744596055832],[-86.6730111302047,36.1737325801847]]]},"properties":{"id":"270296","parcel":"08416018500","address":"2800 CAPELLA CT","owner":"PICUCCI, ANGELO N","point":[-86.67359919866541,36.17398977598869]}},{"type":"Feature","id":"270297","geometry":{"type":"Polygon","coordinates":[[[-86.6734862565424,36.1746682028007],[-86.6730594356464,36.1742735092074],[-86.6729107546787,36.1741360182231],[-86.6728057750502,36.1740389393024],[-86.6728140894193,36.1737786623181],[-86.6728404591966,36.1737849962908],[-86.6728677460147,36.1737877867998],[-86.6728952300479,36.1737869612503],[-86.6729221867071,36.1737825408056],[-86.6729479066642,36.1737746420778],[-86.6729717113831,36.1737634734368],[-86.6729929719553,36.1737493276946],[-86.6730111302047,36.1737325801847],[-86.6738463356067,36.1744596055832],[-86.6735093672139,36.1746895734017],[-86.6734862565424,36.1746682028007]]]},"properties":{"id":"270297","parcel":"08416018600","address":"2802 CAPELLA CT","owner":"COLLINS, BRYAN & MICHELLE","point":[-86.67327022707663,36.17420554219572]}},{"type":"Feature","id":"270298","geometry":{"type":"Polygon","coordinates":[[[-86.6728140894193,36.1737786623181],[-86.6728057750502,36.1740389393024],[-86.6729107546787,36.1741360182231],[-86.6722905419148,36.1742070686129],[-86.6722770412414,36.1741371159303],[-86.6722607060329,36.1740675611656],[-86.6722415513956,36.1739984808407],[-86.672219600209,36.1739299505327],[-86.6722176605425,36.1739181512275],[-86.6722181400139,36.1739062546329],[-86.6722210257937,36.1738945834714],[-86.6722262383136,36.1738834554293],[-86.6722336356289,36.1738731732188],[-86.6722430178036,36.1738640173434],[-86.6722541290574,36.1738562370738],[-86.6722666665894,36.1738500422868],[-86.6722802883663,36.1738456043239],[-86.6726793128518,36.1737623589407],[-86.6727068686067,36.1737591113493],[-86.6727347145891,36.1737591535348],[-86.6727622549816,36.1737624852129],[-86.6727889022553,36.1737690348537],[-86.6728140894193,36.1737786623181]]]},"properties":{"id":"270298","parcel":"08416018700","address":"3233 KNOBVIEW DR","owner":"RAYNOR, HAROLD R. & PATRICIA","point":[-86.67251934368744,36.17396500588464]}},{"type":"Feature","id":"270299","geometry":{"type":"Polygon","coordinates":[[[-86.6729468794567,36.1752437928973],[-86.6730203665113,36.174590994773],[-86.6734862565424,36.1746682028007],[-86.6735093672139,36.1746895734017],[-86.6737089749628,36.1748807919],[-86.6732737461203,36.1754182448225],[-86.6731060664365,36.1753287529998],[-86.6730275422244,36.1752849552298],[-86.6729468794567,36.1752437928973]]]},"properties":{"id":"270299","parcel":"08416018900","address":"2809 LINCOYA DR","owner":"AMPLIFIED INVESTMENTS, LLC","point":[-86.67326445137181,36.175062119798106]}},{"type":"Feature","id":"270321","geometry":{"type":"Polygon","coordinates":[[[-86.6721839163055,36.1759194505897],[-86.672189661829,36.1758776641567],[-86.6722738713789,36.1752693012014],[-86.6722764124909,36.1752585359257],[-86.6722810385162,36.1752482376071],[-86.6722876327304,36.1752386682604],[-86.6722960238204,36.1752300757846],[-86.6723059990855,36.1752226776662],[-86.6723173022452,36.1752166645968],[-86.6723296433592,36.1752121905037],[-86.672342706585,36.1752093698032],[-86.6723561590484,36.1752082746475],[-86.6723696530578,36.1752089340109],[-86.6724341670576,36.1752177107073],[-86.6724979721836,36.175229411399],[-86.6725608646965,36.1752439984682],[-86.6726226485693,36.1752614261431],[-86.6726831265861,36.1752816396465],[-86.6727421103466,36.1753045751395],[-86.6727994113735,36.1753301597717],[-86.6728548500199,36.1753583134333],[-86.6729009767386,36.1753822857642],[-86.6729459030195,36.1754077103899],[-86.6728672929112,36.1759552012989],[-86.6721839163055,36.1759194505897]]]},"properties":{"id":"270321","parcel":"08416019300","address":"3225 KNOBVIEW DR","owner":"HARPER, JOE D. ET UX","point":[-86.67256717380877,36.17564268621325]}},{"type":"Feature","id":"270322","geometry":{"type":"Polygon","coordinates":[[[-86.6706423083184,36.1727985927441],[-86.6708255553578,36.1726723092677],[-86.6711277571104,36.1724698196563],[-86.6711875480741,36.1725288234538],[-86.6712624341718,36.1726038244573],[-86.671335192145,36.1726801891397],[-86.6708284930503,36.1730197935165],[-86.6706423083184,36.1727985927441]]]},"properties":{"id":"270322","parcel":"08416020200","address":"3256 KNOBVIEW DR","owner":"HARVEY, CHARLES J & AUDRA L","point":[-86.67098752847004,36.172739388086676]}},{"type":"Feature","id":"270323","geometry":{"type":"Polygon","coordinates":[[[-86.6790790080513,36.1748875289946],[-86.6791124379184,36.1746763649831],[-86.679587122195,36.1747154488249],[-86.6795326490188,36.1750014485891],[-86.6791528484322,36.1749640279849],[-86.6791387861038,36.1749610004612],[-86.6791255087615,36.1749561759133],[-86.6791133631906,36.1749496794683],[-86.679102666557,36.1749416823841],[-86.6790936996531,36.1749323921736],[-86.6790866957824,36.1749220526674],[-86.6790818384355,36.1749109323101],[-86.6790792523906,36.1748993233097],[-86.6790790080513,36.1748875289946]]]},"properties":{"id":"270323","parcel":"08416020700","address":"116 MCGAVOCK PIKE","owner":"OSBORNE, DARRON","point":[-86.67933167226475,36.17480148545001]}},{"type":"Feature","id":"270324","geometry":{"type":"Polygon","coordinates":[[[-86.6791124379184,36.1746763649831],[-86.6791562019278,36.1744058101543],[-86.6799130704071,36.1744784664474],[-86.6799054289187,36.1745356457718],[-86.6797462851601,36.1746266473391],[-86.679587122195,36.1747154488249],[-86.6791124379184,36.1746763649831]]]},"properties":{"id":"270324","parcel":"08416020800","address":"120 MCGAVOCK PIKE","owner":"ABNEY, MICHAEL CODY","point":[-86.67947699968177,36.17458021314948]}},{"type":"Feature","id":"270325","geometry":{"type":"Polygon","coordinates":[[[-86.6757120830193,36.1706979439824],[-86.6759423333436,36.1706878656875],[-86.6759448230455,36.1709801377986],[-86.6759474794422,36.1712919762218],[-86.6759475789062,36.1713036523969],[-86.6759475767556,36.1713039218859],[-86.6759459571078,36.1713182646042],[-86.6759413280536,36.1713321699401],[-86.6759338272533,36.1713452261472],[-86.6759236759383,36.1713570453454],[-86.6759111745887,36.1713672779648],[-86.6758966941094,36.171375620907],[-86.6758836777984,36.171380598453],[-86.6758699554415,36.1713841172053],[-86.6758557754815,36.171386112684],[-86.6758413932685,36.1713865483104],[-86.6758016423871,36.1713851044459],[-86.6757015913697,36.1713814701099],[-86.6757089326148,36.1709704704033],[-86.6757120294636,36.1706983119966],[-86.6757120330169,36.1706979460649],[-86.6757120830193,36.1706979439824]]]},"properties":{"id":"270325","parcel":"08416021100","address":"2540 PARK DR","owner":"OSU PROPERTY GROUP LLC","point":[-86.67582606889306,36.171135731945284]}},{"type":"Feature","id":"270326","geometry":{"type":"Polygon","coordinates":[[[-86.6723554758508,36.1708946988286],[-86.6723552710244,36.1708705254604],[-86.6724556083294,36.1708765592253],[-86.6724786792334,36.1707203990683],[-86.6727281013681,36.1707277973763],[-86.6727278964516,36.1707036267113],[-86.6727604202423,36.1707034454373],[-86.6728769847713,36.1707049929566],[-86.6728801210042,36.1707555217684],[-86.67354149147,36.1707584257328],[-86.6735417339802,36.1707869961417],[-86.6728423999691,36.1707821029288],[-86.6728392129556,36.1710458376219],[-86.6723566675464,36.1710353410916],[-86.6723554758508,36.1708946988286]]]},"properties":{"id":"270326","parcel":"08416021300","address":"225 SHADY GROVE RD","owner":"HUFFMAN, MICHAEL L. & STACY M.","point":[-86.67264865709333,36.17087420757279]}},{"type":"Feature","id":"270512","geometry":{"type":"Polygon","coordinates":[[[-86.6702687407753,36.1731764633136],[-86.670264250229,36.1731586009464],[-86.6702569248669,36.1731413662756],[-86.670244854617,36.1731224798056],[-86.6702292932817,36.1731053539528],[-86.6702106234599,36.1730904083811],[-86.6701893040117,36.1730780109591],[-86.6705521049506,36.1727089904246],[-86.6706423083184,36.1727985927441],[-86.6708284930503,36.1730197935165],[-86.6708558731894,36.1730523318439],[-86.6710972409216,36.1733872222317],[-86.6702687407753,36.1731764633136]]]},"properties":{"id":"270512","parcel":"08513000200","address":"0 TODDWAY CT","owner":"CARTER, ELDON E. ET UX","point":[-86.670537189436,36.17303522379802]}},{"type":"Feature","id":"270513","geometry":{"type":"Polygon","coordinates":[[[-86.6697521180173,36.1726628865657],[-86.670333436636,36.1724926390447],[-86.6704263505398,36.172582226475],[-86.6705521049506,36.1727089904246],[-86.6701893040117,36.1730780109591],[-86.6701710934234,36.1730705829432],[-86.6701519952705,36.1730648046513],[-86.6701322346845,36.1730607460326],[-86.6701128869545,36.1730593735767],[-86.6700940508296,36.1730555324308],[-86.6700762040067,36.1730493199831],[-86.6700597980002,36.1730408923493],[-86.6700452458993,36.173030462638],[-86.6699359947781,36.1729321756129],[-86.6698960645699,36.1728919243511],[-86.6698596368439,36.172849545592],[-86.6698268822474,36.1728052393728],[-86.6697979570603,36.1727592157239],[-86.66977299648,36.1727116892989],[-86.6697521180173,36.1726628865657]]]},"properties":{"id":"270513","parcel":"08513000300","address":"3207 TODDWAY CT","owner":"CARTER, ELDON E. ET UX","point":[-86.67014535929567,36.17278314527146]}},{"type":"Feature","id":"270525","geometry":{"type":"Polygon","coordinates":[[[-86.6703343283284,36.1722772654069],[-86.6707049282456,36.1720298954429],[-86.6708211894912,36.1721558881261],[-86.6709094083242,36.1722512702521],[-86.6704263505398,36.172582226475],[-86.670333436636,36.1724926390447],[-86.6703343283284,36.1722772654069]]]},"properties":{"id":"270525","parcel":"08513000600","address":"3260 KNOBVIEW DR","owner":"MORRISON, PATRICK K. & QUIGLEY, VICTORIA R.","point":[-86.67052332500246,36.17238547369647]}},{"type":"Feature","id":"270526","geometry":{"type":"Polygon","coordinates":[[[-86.6705930882198,36.1715448394756],[-86.6705896652358,36.1715065098716],[-86.6705895661105,36.1714680797862],[-86.670592792446,36.1714297393765],[-86.670599079329,36.1713930249599],[-86.6706096490388,36.1713569635944],[-86.6706244042755,36.1713218802732],[-86.6706376401382,36.1712782659506],[-86.6706470556183,36.1712340041175],[-86.6706526014357,36.1711893131538],[-86.6706542517057,36.1711444176176],[-86.6706519971935,36.1710995392703],[-86.6706458497906,36.1710549006572],[-86.6706358402842,36.1710107242178],[-86.6706220172225,36.170967229589],[-86.6706044513452,36.1709246317778],[-86.6705832278184,36.1708831430068],[-86.6705584528803,36.170842969974],[-86.670530249365,36.170804310272],[-86.6705130997689,36.1707791323977],[-86.6708119377762,36.1710615167721],[-86.6712350138379,36.171459719088],[-86.6711698561022,36.1714667128869],[-86.6707030327995,36.1717840818746],[-86.6706750031696,36.1717476311376],[-86.670650671801,36.1717094744894],[-86.6706301952783,36.1716698580074],[-86.6706137058002,36.1716290360156],[-86.6706013100907,36.1715872737943],[-86.6705930882198,36.1715448394756]]]},"properties":{"id":"270526","parcel":"08513000700","address":"3265 KNOBVIEW DR","owner":"DONELSON CHURCH OF CHRIST, TRS.","point":[-86.67084884475364,36.17130067212864]}},{"type":"Feature","id":"270689","geometry":{"type":"Polygon","coordinates":[[[-86.6713249676312,36.1724507716954],[-86.6718833662582,36.1720714130052],[-86.6722056257257,36.1723755253769],[-86.6715998272323,36.172742007992],[-86.6715113473424,36.1726429993553],[-86.671419706905,36.172545898175],[-86.6713249676312,36.1724507716954]]]},"properties":{"id":"270689","parcel":"08416018000","address":"3249 KNOBVIEW DR","owner":"WILLIAMS, LELAND & LAURA","point":[-86.67176181155475,36.17241313979203]}},{"type":"Feature","id":"270690","geometry":{"type":"Polygon","coordinates":[[[-86.6718815249358,36.1731323342626],[-86.6718494953467,36.1730765208719],[-86.6718151248349,36.1730216316748],[-86.6725223173922,36.1726728039023],[-86.672770018611,36.1729058737317],[-86.6725277921758,36.1731108758741],[-86.6719810786452,36.1732983103712],[-86.6718815249358,36.1731323342626]]]},"properties":{"id":"270690","parcel":"08416018200","address":"3241 KNOBVIEW DR","owner":"RAGLAND REVOCABLE LIVING TRUST, THE","point":[-86.67231738188791,36.17296382156178]}},{"type":"Feature","id":"270724","geometry":{"type":"Polygon","coordinates":[[[-86.6712881009808,36.1757640088343],[-86.6709020405134,36.1753068491216],[-86.672084327062,36.1754024623873],[-86.6720286000267,36.1758236192771],[-86.6712881009808,36.1757640088343]]]},"properties":{"id":"270724","parcel":"08416019400","address":"3220 KNOBVIEW DR","owner":"SMITH, AARON J. & TANJA","point":[-86.67159721718107,36.17558299219331]}},{"type":"Feature","id":"270725","geometry":{"type":"Polygon","coordinates":[[[-86.679587122195,36.1747154488249],[-86.6797462851601,36.1746266473391],[-86.6796764351473,36.1750160226631],[-86.6795326490188,36.1750014485891],[-86.679587122195,36.1747154488249]]]},"properties":{"id":"270725","parcel":"08416021000","address":"2415 SELMA AVE","owner":"FREEMAN, J. BLAKE","point":[-86.67963225929448,36.17485864239522]}},{"type":"Feature","id":"270726","geometry":{"type":"Polygon","coordinates":[[[-86.6727719781406,36.1704682340262],[-86.6732110276822,36.1704635878661],[-86.6735444500776,36.1704683204748],[-86.67354149147,36.1707584257328],[-86.6728801210042,36.1707555217684],[-86.6728769847713,36.1707049929566],[-86.6727604202423,36.1707034454373],[-86.6727719781406,36.1704682340262]]]},"properties":{"id":"270726","parcel":"08416021200","address":"227 SHADY GROVE RD","owner":"PETTY, MICHAEL S. & KIMBERLY","point":[-86.67315471456082,36.170586900944464]}},{"type":"Feature","id":"270727","geometry":{"type":"Polygon","coordinates":[[[-86.6723594605925,36.1713649705296],[-86.6723566675464,36.1710353410916],[-86.6728392129556,36.1710458376219],[-86.6728423999691,36.1707821029288],[-86.6735417339802,36.1707869961417],[-86.6735419950793,36.1708177565099],[-86.6728779165084,36.1708148703461],[-86.6728775326427,36.1710895766781],[-86.6728744597613,36.1713664961539],[-86.6723594605925,36.1713649705296]]]},"properties":{"id":"270727","parcel":"08416021400","address":"229 SHADY GROVE RD","owner":"PETTY, MICHAEL S. & KIMBERLY","point":[-86.67261724664759,36.17106704807496]}},{"type":"Feature","id":"270973","geometry":{"type":"Polygon","coordinates":[[[-86.6750248159301,36.1735712869626],[-86.6750167561454,36.1734681089264],[-86.6750129879975,36.1733647698959],[-86.6756173077978,36.1733828307917],[-86.6755780340792,36.1735878213922],[-86.6750248159301,36.1735712869626]]]},"properties":{"id":"270973","parcel":"08416009000","address":"2528 STINSON RD","owner":"VENEZIA, JOHN & MELLAS, SARA","point":[-86.67530578779716,36.17352047119497]}},{"type":"Feature","id":"270976","geometry":{"type":"Polygon","coordinates":[[[-86.6750406641762,36.1729532701116],[-86.6750485167026,36.1729044319732],[-86.6750551958144,36.1728781183806],[-86.6750660423798,36.1728527323098],[-86.6750808700028,36.1728287074071],[-86.6750994275894,36.1728064506423],[-86.675119193628,36.1727881328325],[-86.6751414867955,36.172771833226],[-86.6751659944446,36.1727577788854],[-86.6751923747608,36.1727461654923],[-86.6752202623118,36.1727371564151],[-86.6752492635406,36.1727308755248],[-86.6752789768182,36.1727274124896],[-86.6753089868096,36.1727268137945],[-86.6756392993384,36.1727360643674],[-86.6756328402974,36.172970968024],[-86.6750406641762,36.1729532701116]]]},"properties":{"id":"270976","parcel":"08416009300","address":"2522 STINSON RD","owner":"FANNING, ROBERT DANIEL","point":[-86.67535491794511,36.17284148337898]}},{"type":"Feature","id":"270977","geometry":{"type":"Polygon","coordinates":[[[-86.6774875563652,36.1715794501288],[-86.6774877322198,36.1715464080263],[-86.6776565958959,36.1715530991916],[-86.6776536085914,36.1721148076813],[-86.6774847519438,36.1721068664184],[-86.6774875563652,36.1715794501288]]]},"properties":{"id":"270977","parcel":"08416011100","address":"2516 PARK DR","owner":"LANGILLE, ROBERT L. & SUSAN N.","point":[-86.67757060252097,36.171843385727385]}},{"type":"Feature","id":"270995","geometry":{"type":"Polygon","coordinates":[[[-86.6743266152307,36.1735552436867],[-86.6743275912883,36.173349109267],[-86.6748435664579,36.1733645329584],[-86.6748466089189,36.1734573331108],[-86.6748529641321,36.1735500237125],[-86.6748548691386,36.1735710340493],[-86.6743266152307,36.1735552436867]]]},"properties":{"id":"270995","parcel":"08416004900","address":"2541 STINSON RD","owner":"VACO INVESTMENT GROUP, LLC","point":[-86.67458832632015,36.17350296806324]}},{"type":"Feature","id":"270999","geometry":{"type":"Polygon","coordinates":[[[-86.6743288075024,36.1731429816055],[-86.6743286197304,36.1731208864623],[-86.6743305277293,36.1730263768846],[-86.674331973937,36.1729369124345],[-86.6748699548519,36.1729529944535],[-86.6748689260357,36.1729611584122],[-86.6748591938597,36.1730383778131],[-86.6748517696434,36.17311576456],[-86.674850328499,36.1731343935515],[-86.6748486617816,36.1731585214904],[-86.6743288075024,36.1731429816055]]]},"properties":{"id":"270999","parcel":"08416005100","address":"2537 STINSON RD","owner":"WILSON, BENJAMIN REVOCABLE LIVING TRUST","point":[-86.6745925074476,36.17307635673875]}},{"type":"Feature","id":"271003","geometry":{"type":"Polygon","coordinates":[[[-86.6761334585073,36.172612469882],[-86.6761519952331,36.1720594887902],[-86.6762934791978,36.1720651041157],[-86.6764058522101,36.1720695638674],[-86.6763874175875,36.1726195801892],[-86.6761334585073,36.172612469882]]]},"properties":{"id":"271003","parcel":"08416006000","address":"2517 STINSON RD","owner":"BROWN, TRACY LEIGH & BROWN-NELSON, LEAH E","point":[-86.67626965606533,36.17234101696133]}},{"type":"Feature","id":"271007","geometry":{"type":"Polygon","coordinates":[[[-86.6763874175875,36.1726195801892],[-86.6764058522101,36.1720695638674],[-86.6764688244281,36.1720720634552],[-86.6766380216906,36.1720787785149],[-86.6766610747351,36.1720796929428],[-86.6766416613426,36.1726266973793],[-86.6763874175875,36.1726195801892]]]},"properties":{"id":"271007","parcel":"08416006100","address":"2515 STINSON RD","owner":"KASSINGER, JACOB A & OLIVIA","point":[-86.67652397946405,36.172349635930836]}},{"type":"Feature","id":"271011","geometry":{"type":"Polygon","coordinates":[[[-86.6776574860664,36.1726551302929],[-86.6776766164133,36.172115890705],[-86.677823476158,36.1721228025145],[-86.6779303933334,36.1721263064076],[-86.6779114476429,36.1726622373811],[-86.6776574860664,36.1726551302929]]]},"properties":{"id":"271011","parcel":"08416006600","address":"2505 STINSON RD","owner":"GRIZZELL, ABIGAIL & DYLAN","point":[-86.67779395635088,36.17239071847973]}},{"type":"Feature","id":"271014","geometry":{"type":"Polygon","coordinates":[[[-86.6785915267408,36.1723854106598],[-86.6786300162013,36.1721492262407],[-86.6786682697068,36.1721504793177],[-86.6788424141262,36.1721561838032],[-86.6793099845691,36.1721714991818],[-86.6792645633957,36.1724573255109],[-86.6785915267408,36.1723854106598]]]},"properties":{"id":"271014","parcel":"08416006900","address":"127 MCGAVOCK PIKE","owner":"SPICKARD, PHILIP & VICKIE","point":[-86.67895097411821,36.172278456047636]}},{"type":"Feature","id":"271018","geometry":{"type":"Polygon","coordinates":[[[-86.6784161372485,36.1734452089268],[-86.6784496257736,36.173240640116],[-86.6791279184925,36.1733181383576],[-86.6790944327949,36.1735227073462],[-86.6784161372485,36.1734452089268]]]},"properties":{"id":"271018","parcel":"08416007300","address":"119 MCGAVOCK PIKE","owner":"CLODFELTER, MABEL REVOCABLE TRUST","point":[-86.67877202832678,36.173381674173385]}},{"type":"Feature","id":"271022","geometry":{"type":"Polygon","coordinates":[[[-86.6780247701503,36.1742737192244],[-86.678130090571,36.1736333798379],[-86.6783827248085,36.1736585672789],[-86.6783518906464,36.1738565284115],[-86.6783211137912,36.1740610810187],[-86.6782825228785,36.1743030383471],[-86.6780247701503,36.1742737192244]]]},"properties":{"id":"271022","parcel":"08416007800","address":"2552 STINSON RD","owner":"POWELL, DIANNE H.","point":[-86.67820659166362,36.17395845562226]}},{"type":"Feature","id":"271026","geometry":{"type":"Polygon","coordinates":[[[-86.6775254722651,36.1742176533849],[-86.6776248670851,36.1735830085269],[-86.6778748509108,36.1736079325176],[-86.6777805696993,36.1742443234561],[-86.6775254722651,36.1742176533849]]]},"properties":{"id":"271026","parcel":"08416008000","address":"2548 STINSON RD","owner":"MADDEN, BRENT ANDREW & MALLORY ELLEN","point":[-86.67770145303703,36.17391279656458]}},{"type":"Feature","id":"271027","geometry":{"type":"Polygon","coordinates":[[[-86.6764688244281,36.1720720634552],[-86.6764717467536,36.1715240455475],[-86.6766409428477,36.1715307606041],[-86.6766380216906,36.1720787785149],[-86.6764688244281,36.1720720634552]]]},"properties":{"id":"271027","parcel":"08416011600","address":"2528 PARK DR","owner":"FRANK BATSON HOMES, INC","point":[-86.67655488393495,36.1718014120682]}},{"type":"Feature","id":"271029","geometry":{"type":"Polygon","coordinates":[[[-86.6762934791978,36.1720651041157],[-86.6762997028178,36.171517718431],[-86.6764717467536,36.1715240455475],[-86.6764688244281,36.1720720634552],[-86.6764058522101,36.1720695638674],[-86.6762934791978,36.1720651041157]]]},"properties":{"id":"271029","parcel":"08416011700","address":"2530 PARK DR","owner":"SCHNEIDER, SAMANTHA N.","point":[-86.67638343029414,36.17179457708074]}},{"type":"Feature","id":"271031","geometry":{"type":"Polygon","coordinates":[[[-86.6783249247488,36.1707008712633],[-86.6783384651148,36.1707007951681],[-86.6783332823645,36.1708943313095],[-86.6783179182119,36.1714678862712],[-86.6781647395442,36.1714643912001],[-86.6779980065006,36.1714586954866],[-86.6779973651739,36.1708847284802],[-86.6779971924133,36.1707290817047],[-86.6783249247488,36.1707008712633]]]},"properties":{"id":"271031","parcel":"08416012100","address":"2511 PARK DR","owner":"FIRST BAPTIST CHURCH OF DONELSON","point":[-86.67816170129535,36.171176502924276]}},{"type":"Feature","id":"271034","geometry":{"type":"Polygon","coordinates":[[[-86.6773364987265,36.1714404330602],[-86.6773424433993,36.1708668166582],[-86.6775023891905,36.1708703144386],[-86.6776623570944,36.1708760091568],[-86.6776645421424,36.1714495799437],[-86.6774964456737,36.1714439308479],[-86.6773364987265,36.1714404330602]]]},"properties":{"id":"271034","parcel":"08416012400","address":"2519 PARK DR","owner":"ADVANCED BUILDING SOLUTIONS, INC.","point":[-86.67750143089297,36.171158226622524]}},{"type":"Feature","id":"271036","geometry":{"type":"Polygon","coordinates":[[[-86.6776478076059,36.1707596154996],[-86.6776613436681,36.1707573422307],[-86.6776623497982,36.1708751548025],[-86.6776623570944,36.1708760091568],[-86.6775023891905,36.1708703144386],[-86.6773424433993,36.1708668166582],[-86.6773424424223,36.1708667022035],[-86.6773417493427,36.1707855079036],[-86.6776478076059,36.1707596154996]]]},"properties":{"id":"271036","parcel":"08416012500","address":"0 PARK DR","owner":"BOND, LOY CLARK ETUX","point":[-86.6775020170725,36.17082653591265]}},{"type":"Feature","id":"271038","geometry":{"type":"Polygon","coordinates":[[[-86.6765033058774,36.1709806788919],[-86.6765047336347,36.1708451429089],[-86.6766240060787,36.1708466716341],[-86.6766251234413,36.1708465698368],[-86.6767512967614,36.1708349698406],[-86.6767512866178,36.1708503327881],[-86.6767508800265,36.1714217415448],[-86.6766758563905,36.1714199901204],[-86.6764987421094,36.171414364955],[-86.6765033058774,36.1709806788919]]]},"properties":{"id":"271038","parcel":"08416012900","address":"2527 PARK DR","owner":"PARK DRIVE, LLP","point":[-86.67662603154803,36.17119785961997]}},{"type":"Feature","id":"271040","geometry":{"type":"Polygon","coordinates":[[[-86.6760442021522,36.1705554371177],[-86.6760430226471,36.170416992042],[-86.6765472303562,36.1704251560284],[-86.6765728412799,36.1705678587082],[-86.6760442021522,36.1705554371177]]]},"properties":{"id":"271040","parcel":"08416013300","address":"2539 PARK DR","owner":"JONES, ARTHUR JR","point":[-86.67630134514101,36.17049031205616]}},{"type":"Feature","id":"271042","geometry":{"type":"Polygon","coordinates":[[[-86.6756651683994,36.1720401646384],[-86.675693080877,36.1715188878815],[-86.6758979720857,36.1715256547046],[-86.6759232741433,36.171526494492],[-86.6758952817073,36.1720492993936],[-86.6756651683994,36.1720401646384]]]},"properties":{"id":"271042","parcel":"08416013500","address":"2600 CRUMP DR","owner":"HALE, KRISTIN & LESLIE CHASE","point":[-86.67579422177879,36.17178332964263]}},{"type":"Feature","id":"271080","geometry":{"type":"Polygon","coordinates":[[[-86.6745767895909,36.1707482459873],[-86.6748043803772,36.1707381856295],[-86.6747825098663,36.1713536471572],[-86.6745384877324,36.1713440229295],[-86.6745767895909,36.1707482459873]]]},"properties":{"id":"271080","parcel":"08416014300","address":"2611 CRUMP DR","owner":"GRAVES, ERIC T. & LISA S.","point":[-86.67467552669585,36.17104645484405]}},{"type":"Feature","id":"271082","geometry":{"type":"Polygon","coordinates":[[[-86.6748043803772,36.1707381856295],[-86.6750401028731,36.1707280775626],[-86.6750156727498,36.1713611334467],[-86.6747825098663,36.1713536471572],[-86.6748043803772,36.1707381856295]]]},"properties":{"id":"271082","parcel":"08416014400","address":"2609 CRUMP DR","owner":"HOBBS MUSIC VALLEY LAND, LLC","point":[-86.6749106289437,36.17104623463417]}},{"type":"Feature","id":"271084","geometry":{"type":"Polygon","coordinates":[[[-86.6754546483645,36.1707103748441],[-86.6755061246376,36.1707078894964],[-86.6754901294013,36.1713760609753],[-86.67524612581,36.1713686353468],[-86.6752731132254,36.1707179833069],[-86.675300198612,36.1707156345002],[-86.6754546483645,36.1707103748441]]]},"properties":{"id":"271084","parcel":"08416014600","address":"2605 CRUMP DR","owner":"HOBBSON HOUSE, LLC","point":[-86.67537884961098,36.17104363266063]}},{"type":"Feature","id":"271086","geometry":{"type":"Polygon","coordinates":[[[-86.6754901294013,36.1713760609753],[-86.6755061246376,36.1707078894964],[-86.6755169475579,36.1707056307509],[-86.6756144897402,36.1707017889011],[-86.6757120007909,36.1706979471465],[-86.6757120330169,36.1706979460649],[-86.6757120294636,36.1706983119966],[-86.6757089326148,36.1709704704033],[-86.6757015913697,36.1713814701099],[-86.6754901294013,36.1713760609753]]]},"properties":{"id":"271086","parcel":"08416014700","address":"2603 CRUMP DR","owner":"HOBBS MUSIC VALLEY LAND LLC","point":[-86.67560014804351,36.171173267415185]}},{"type":"Feature","id":"271088","geometry":{"type":"Polygon","coordinates":[[[-86.6755192651082,36.170340809963],[-86.6759361645769,36.1703079232818],[-86.6759390948885,36.1703076923718],[-86.6759390967156,36.1703079068616],[-86.6759395628552,36.170362628808],[-86.6759418466414,36.1706307302847],[-86.6759414066389,36.170630750774],[-86.6755164798664,36.1706506925157],[-86.675519470874,36.1703649806256],[-86.6755192651082,36.170340809963]]]},"properties":{"id":"271088","parcel":"08416015000","address":"2550 PARK DR","owner":"METRO FIRE FIGHTERS ASSOC.-LOCAL 763","point":[-86.67572940274681,36.17049785224035]}},{"type":"Feature","id":"271090","geometry":{"type":"Polygon","coordinates":[[[-86.6736547866336,36.1716522322914],[-86.6736563025233,36.1715115767431],[-86.6743391306921,36.1715121557347],[-86.6743393429996,36.1715121554498],[-86.6743384832613,36.1715897921217],[-86.6743378096637,36.1716506156406],[-86.6736547866336,36.1716522322914]]]},"properties":{"id":"271090","parcel":"08416015600","address":"218 SHADY GROVE RD","owner":"MRMR PROPERTIES, LLC","point":[-86.67399739854565,36.17155068493339]}},{"type":"Feature","id":"271092","geometry":{"type":"Polygon","coordinates":[[[-86.6736517350961,36.1719313489134],[-86.6736547866336,36.1716522322914],[-86.6743378096637,36.1716506156406],[-86.6743377780935,36.1716742378518],[-86.674337451751,36.1719275199723],[-86.6743356666443,36.1719275299451],[-86.6736517350961,36.1719313489134]]]},"properties":{"id":"271092","parcel":"08416015700","address":"216 SHADY GROVE RD","owner":"MRMR PROPERTIES LLC","point":[-86.6739953983948,36.17179994759989]}},{"type":"Feature","id":"271094","geometry":{"type":"Polygon","coordinates":[[[-86.6743356666443,36.1719275299451],[-86.674337451751,36.1719275199723],[-86.6743352087375,36.1719824733324],[-86.6743351913758,36.1719873627666],[-86.6743344212841,36.1722088346602],[-86.6736513747879,36.172208253222],[-86.6736517350961,36.1719313489134],[-86.6743356666443,36.1719275299451]]]},"properties":{"id":"271094","parcel":"08416015800","address":"214 SHADY GROVE RD","owner":"MRMR PROPERTIES, LLC","point":[-86.6739931634293,36.172097168951744]}},{"type":"Feature","id":"271096","geometry":{"type":"Polygon","coordinates":[[[-86.6739148079496,36.1732264864288],[-86.6743294974737,36.1732241704638],[-86.6743275912883,36.173349109267],[-86.6743266152307,36.1735552436867],[-86.6743248381283,36.1739516141915],[-86.6736799932155,36.1733442715245],[-86.6736800161174,36.1733430411769],[-86.6736818460291,36.1732431704598],[-86.67391219133,36.1732374891993],[-86.6739148079496,36.1732264864288]]]},"properties":{"id":"271096","parcel":"08416016200","address":"200 SHADY GROVE RD","owner":"CLAIRDAY AND ASSOCIATES","point":[-86.67421976411923,36.17375314066201]}},{"type":"Feature","id":"271149","geometry":{"type":"Polygon","coordinates":[[[-86.6762590241685,36.1740852375019],[-86.6763672448392,36.1734576128481],[-86.6766172879521,36.1734825454162],[-86.6765119044537,36.1741116784303],[-86.6762590241685,36.1740852375019]]]},"properties":{"id":"271149","parcel":"08416008500","address":"2538 STINSON RD","owner":"WHITE, JEREMY CHRISTIAN & WILKINSON, CASEY JEANINE","point":[-86.67643889854892,36.173783893608835]}},{"type":"Feature","id":"271152","geometry":{"type":"Polygon","coordinates":[[[-86.6757562458515,36.1740326645197],[-86.67587016071,36.1734080438903],[-86.6761171785181,36.1734326771889],[-86.6760061151131,36.1740587916992],[-86.6759194727185,36.1740497325547],[-86.6757562458515,36.1740326645197]]]},"properties":{"id":"271152","parcel":"08416008700","address":"2534 STINSON RD","owner":"GILLOTTI, GRACE KATHERINE & PEEPLES, COLE","point":[-86.67593746127599,36.173732673027004]}},{"type":"Feature","id":"271153","geometry":{"type":"Polygon","coordinates":[[[-86.6728744597613,36.1713664961539],[-86.6728775326427,36.1710895766781],[-86.6735606068126,36.1710945577345],[-86.6735575549652,36.1713736743962],[-86.6728744597613,36.1713664961539]]]},"properties":{"id":"271153","parcel":"08416017100","address":"221 SHADY GROVE RD","owner":"REESE, JOSEPH S & MARGARET C","point":[-86.67321754442007,36.17123052746909]}},{"type":"Feature","id":"271155","geometry":{"type":"Polygon","coordinates":[[[-86.6707030327995,36.1717840818746],[-86.6711698561022,36.1714667128869],[-86.6712350138379,36.171459719088],[-86.6714327549159,36.1716464662501],[-86.6708903884617,36.1720151935596],[-86.6708193084771,36.1719333882822],[-86.6707597353906,36.1718600981132],[-86.6707030327995,36.1717840818746]]]},"properties":{"id":"271155","parcel":"08416017700","address":"3261 KNOBVIEW DR","owner":"PHELPS, MATTHEW W.","point":[-86.67106789413054,36.171715274620226]}},{"type":"Feature","id":"271156","geometry":{"type":"Polygon","coordinates":[[[-86.6750182896893,36.1731587644744],[-86.6750216318631,36.173114814763],[-86.6750298310358,36.1730339403005],[-86.6750406641762,36.1729532701116],[-86.6756328402974,36.172970968024],[-86.6756264427929,36.1731769408713],[-86.6750182896893,36.1731587644744]]]},"properties":{"id":"271156","parcel":"08416009200","address":"2524 STINSON RD","owner":"ANCHOR LIVING HOMES, LLC","point":[-86.67532765449413,36.173075196654175]}},{"type":"Feature","id":"271157","geometry":{"type":"Polygon","coordinates":[[[-86.671104267319,36.1722282746805],[-86.6716531328929,36.1718551274417],[-86.6718833662582,36.1720714130052],[-86.6713249676312,36.1724507716954],[-86.671104267319,36.1722282746805]]]},"properties":{"id":"271157","parcel":"08416017900","address":"3253 KNOBVIEW DR","owner":"DURKIN, JEROME","point":[-86.67149377584413,36.1721498443657]}},{"type":"Feature","id":"271160","geometry":{"type":"Polygon","coordinates":[[[-86.6761171785181,36.1734326771889],[-86.6761407316942,36.1727501047566],[-86.6763875608908,36.1727570143677],[-86.6763672448392,36.1734576128481],[-86.6761171785181,36.1734326771889]]]},"properties":{"id":"271160","parcel":"08416009600","address":"2516 STINSON RD","owner":"STINSON, NEIL S. & LAUREN LUTON","point":[-86.67625330105037,36.173094848383904]}},{"type":"Feature","id":"271164","geometry":{"type":"Polygon","coordinates":[[[-86.6763672448392,36.1734576128481],[-86.6763875608908,36.1727570143677],[-86.6766367895224,36.1727639920385],[-86.676636946295,36.1727639965672],[-86.6766172879521,36.1734825454162],[-86.6763672448392,36.1734576128481]]]},"properties":{"id":"271164","parcel":"08416009700","address":"2514 STINSON RD","owner":"CUNLIFFE, KIMBERLY ELLEN","point":[-86.67650238021056,36.17311080556412]}},{"type":"Feature","id":"271169","geometry":{"type":"Polygon","coordinates":[[[-86.6766172879521,36.1734825454162],[-86.676636946295,36.1727639965672],[-86.6768943782212,36.1727712026054],[-86.6768699701834,36.1735077411575],[-86.6766172879521,36.1734825454162]]]},"properties":{"id":"271169","parcel":"08416009800","address":"2512 STINSON RD","owner":"TRINITY FAITH VICTORY-DOYLE TRUST ULWT JAMES M DOYLE","point":[-86.67675480425892,36.17312687132535]}},{"type":"Feature","id":"271172","geometry":{"type":"Polygon","coordinates":[[[-86.6768699701834,36.1735077411575],[-86.6768943782212,36.1727712026054],[-86.6771466211751,36.1727782632614],[-86.6771252714917,36.1735331956614],[-86.6768699701834,36.1735077411575]]]},"properties":{"id":"271172","parcel":"08416009900","address":"2510 STINSON RD","owner":"BARRETT, PAMELA KAYE REVOCABLE TRUST","point":[-86.67700918255638,36.17314300469452]}},{"type":"Feature","id":"271176","geometry":{"type":"Polygon","coordinates":[[[-86.6778748509108,36.1736079325176],[-86.6778753921757,36.1736042793743],[-86.6779081023637,36.1727995739998],[-86.6781056778243,36.1728051028959],[-86.6781629789442,36.1728069034414],[-86.678130090571,36.1736333798379],[-86.6778748509108,36.1736079325176]]]},"properties":{"id":"271176","parcel":"08416010300","address":"2502 STINSON RD","owner":"BRENNAN, DANIEL","point":[-86.67801935625252,36.17320559196823]}},{"type":"Feature","id":"271179","geometry":{"type":"Polygon","coordinates":[[[-86.6788410559798,36.1719692357489],[-86.6788408919383,36.1719465528433],[-86.6793441578778,36.171966489071],[-86.6793409220017,36.1719855662417],[-86.6793182340431,36.1721193544847],[-86.6793099845691,36.1721714991818],[-86.6788424141262,36.1721561838032],[-86.6788410559798,36.1719692357489]]]},"properties":{"id":"271179","parcel":"08416010600","address":"129 MCGAVOCK PIKE","owner":"HJL, L.P.","point":[-86.67908561455786,36.172051806708325]}},{"type":"Feature","id":"271182","geometry":{"type":"Polygon","coordinates":[[[-86.6776536085914,36.1721148076813],[-86.6776565958959,36.1715530991916],[-86.67782646814,36.1715598304215],[-86.677823476158,36.1721228025145],[-86.6776766164133,36.172115890705],[-86.6776536085914,36.1721148076813]]]},"properties":{"id":"271182","parcel":"08416011000","address":"2514 PARK DR","owner":"SPEARS, TYJAE","point":[-86.67774003887823,36.17183731909111]}},{"type":"Feature","id":"271230","geometry":{"type":"Polygon","coordinates":[[[-86.6725909728261,36.1778928564728],[-86.6726420538823,36.1775233693754],[-86.6736540165103,36.1776276077143],[-86.6736029774138,36.1780014904604],[-86.6725909728261,36.1778928564728]]]},"properties":{"id":"271230","parcel":"08412013700","address":"3214 KNOBDALE RD","owner":"STENBERG, KELLY","point":[-86.67312261109316,36.17776023359496]}},{"type":"Feature","id":"271238","geometry":{"type":"Polygon","coordinates":[[[-86.6797451185031,36.1754397796166],[-86.6797969753473,36.1751647826828],[-86.6800546939545,36.1751897027819],[-86.6799273989586,36.175834327647],[-86.6799031181121,36.1759663223129],[-86.6796562382629,36.1759413408546],[-86.6796932435819,36.1757125784348],[-86.6797451185031,36.1754397796166]]]},"properties":{"id":"271238","parcel":"08416000300","address":"2408 SELMA AVE","owner":"WALLACE, MILLER RAY","point":[-86.67984871024287,36.175576525470035]}},{"type":"Feature","id":"271242","geometry":{"type":"Polygon","coordinates":[[[-86.6792360295951,36.1739152872868],[-86.6792693845249,36.1736953363063],[-86.6800208408029,36.1737702196292],[-86.6799955857144,36.1739857306502],[-86.6792360295951,36.1739152872868]]]},"properties":{"id":"271242","parcel":"08416001500","address":"126 MCGAVOCK PIKE","owner":"BURCH, SANDRA L.","point":[-86.67962970214607,36.17384275749252]}},{"type":"Feature","id":"271281","geometry":{"type":"Polygon","coordinates":[[[-86.6727973021115,36.1788894324435],[-86.67286312097,36.1783396574446],[-86.6735441037513,36.1784105794668],[-86.6735150477306,36.1786173190847],[-86.6734776400276,36.1788834414393],[-86.6734744939378,36.1788948292696],[-86.6734690405923,36.1789056306351],[-86.6734614363667,36.1789155400376],[-86.6734518934396,36.1789242778041],[-86.6734406831968,36.1789315981791],[-86.6734281184912,36.1789372948311],[-86.673414557023,36.1789412062415],[-86.6734003791767,36.1789432239395],[-86.6733859835439,36.1789432889223],[-86.6732369960675,36.1789292996327],[-86.6730875961711,36.1789185813238],[-86.6727973021115,36.1788894324435]]]},"properties":{"id":"271281","parcel":"08412013900","address":"3200 KNOBDALE RD","owner":"PRIOLA, PATRICIA ANN","point":[-86.67315525816855,36.17874944956276]}},{"type":"Feature","id":"271285","geometry":{"type":"Polygon","coordinates":[[[-86.6796495371593,36.1759897266603],[-86.6796562382629,36.1759413408546],[-86.6799031181121,36.1759663223129],[-86.6798943757746,36.1760136209944],[-86.6798258698724,36.1760063145787],[-86.6796495371593,36.1759897266603]]]},"properties":{"id":"271285","parcel":"08412015700","address":"0 SELMA AVE","owner":"DONAHUE, MICHAEL","point":[-86.67977604888303,36.17597802380822]}},{"type":"Feature","id":"271307","geometry":{"type":"Polygon","coordinates":[[[-86.6764669757861,36.1756362028935],[-86.6764979641246,36.1754558232766],[-86.6787416985907,36.175698153591],[-86.6787171741121,36.1758411384412],[-86.6786848688155,36.1760259232866],[-86.6767314621578,36.175819321793],[-86.6764669757861,36.1756362028935]]]},"properties":{"id":"271307","parcel":"08416002800","address":"107 MCGAVOCK PIKE","owner":"CALLAHAN, MATTIE MARIE & CALL, RICHARD W JR ETAL","point":[-86.67768527014624,36.17575860378991]}},{"type":"Feature","id":"271311","geometry":{"type":"Polygon","coordinates":[[[-86.6764979641246,36.1754558232766],[-86.6765471023823,36.1751786457682],[-86.6787612979417,36.1754224309506],[-86.6787881567713,36.1754253883629],[-86.6787818642005,36.1754623321372],[-86.6787416985907,36.175698153591],[-86.6764979641246,36.1754558232766]]]},"properties":{"id":"271311","parcel":"08416002900","address":"109 MCGAVOCK PIKE","owner":"HAUSMAN, MARGARET MORGAN & PLASKETT, JOHN MICHAEL III","point":[-86.67764312392009,36.17544061146746]}},{"type":"Feature","id":"271314","geometry":{"type":"Polygon","coordinates":[[[-86.6765471023823,36.1751786457682],[-86.676611696733,36.1748068853973],[-86.6766740938731,36.1748131265374],[-86.676921005658,36.1748425093423],[-86.6771733398298,36.1748718603224],[-86.677420253094,36.1749012420993],[-86.6776671477681,36.1749284253037],[-86.677922192517,36.1749577631084],[-86.6781799661856,36.174989276907],[-86.6788233091861,36.1750637179087],[-86.6787612979417,36.1754224309506],[-86.6765471023823,36.1751786457682]]]},"properties":{"id":"271314","parcel":"08416003000","address":"109 C MCGAVOCK PIKE","owner":"ANETRELLA, ANTHONY & SARAH","point":[-86.67768523236815,36.17512118732182]}},{"type":"Feature","id":"271318","geometry":{"type":"Polygon","coordinates":[[[-86.6782209672014,36.1747121443651],[-86.67826200439,36.1744394070283],[-86.6788589191722,36.17450857316],[-86.6788719277091,36.1745112236074],[-86.6788843145159,36.1745153934695],[-86.6788958098248,36.1745209941375],[-86.6789061669328,36.1745279044281],[-86.6789151588905,36.174535973305],[-86.6789225907748,36.1745450252179],[-86.6789279165553,36.1745550334966],[-86.6789314314623,36.1745655548635],[-86.6789330636241,36.1745763743219],[-86.6789327778191,36.1745872730638],[-86.6788965810839,36.1747918562684],[-86.6782209672014,36.1747121443651]]]},"properties":{"id":"271318","parcel":"08416003200","address":"2575 STINSON RD","owner":"LOGAN, OLIVER JAMES & KELLY JO","point":[-86.67857603443363,36.17464970699449]}},{"type":"Feature","id":"271322","geometry":{"type":"Polygon","coordinates":[[[-86.6771733398298,36.1748718603224],[-86.6772602735177,36.1743299082878],[-86.6775130321532,36.1743565505895],[-86.677420253094,36.1749012420993],[-86.6771733398298,36.1748718603224]]]},"properties":{"id":"271322","parcel":"08416003600","address":"2565 STINSON RD","owner":"GRIFFITH, JIMMY & REBECCA","point":[-86.67734190642848,36.17461420213489]}},{"type":"Feature","id":"271327","geometry":{"type":"Polygon","coordinates":[[[-86.6761694264514,36.1747544210603],[-86.6762415492009,36.1742225215812],[-86.6764942504168,36.1742491609272],[-86.6764217600651,36.1747837736121],[-86.6761694264514,36.1747544210603]]]},"properties":{"id":"271327","parcel":"08416004000","address":"2557 STINSON RD","owner":"JENNINGS, HAROLD W. ET AL","point":[-86.67633183862321,36.174501791110984]}},{"type":"Feature","id":"271331","geometry":{"type":"Polygon","coordinates":[[[-86.6756729140098,36.1746978651],[-86.6757418872307,36.1741698481617],[-86.675920656461,36.174188693893],[-86.6759890985002,36.1741959091443],[-86.6759252439253,36.1747272187089],[-86.6756729140098,36.1746978651]]]},"properties":{"id":"271331","parcel":"08416004300","address":"2553 STINSON RD","owner":"GULLEY, CHERYL D.","point":[-86.67583231825775,36.17444689078535]}},{"type":"Feature","id":"271335","geometry":{"type":"Polygon","coordinates":[[[-86.6754178489136,36.1746663280966],[-86.6754839648769,36.1741425046377],[-86.6754935134521,36.174143664299],[-86.6757418872307,36.1741698481617],[-86.6756729140098,36.1746978651],[-86.6754178489136,36.1746663280966]]]},"properties":{"id":"271335","parcel":"08416004400","address":"2551 STINSON RD","owner":"HOWELL, COTI","point":[-86.6755793203655,36.174418086761015]}},{"type":"Feature","id":"271338","geometry":{"type":"Polygon","coordinates":[[[-86.6743432433026,36.1739689192043],[-86.6749064673174,36.1737673247728],[-86.6749263100358,36.1738045124666],[-86.6749491875424,36.1738405349823],[-86.6749749962131,36.1738752324735],[-86.6750036202038,36.1739084460633],[-86.6750349293037,36.1739400268686],[-86.6746199347824,36.1742290647268],[-86.6743432433026,36.1739689192043]]]},"properties":{"id":"271338","parcel":"08416004700","address":"2545 STINSON RD","owner":"PATE, CHARLES E. & KATHY N.","point":[-86.6746435081689,36.174099432171154]}},{"type":"Feature","id":"271571","geometry":{"type":"Polygon","coordinates":[[[-86.6767670457148,36.1741383558022],[-86.6768699701834,36.1735077411575],[-86.6771252714917,36.1735331956614],[-86.6770225198099,36.1741650668193],[-86.6767670457148,36.1741383558022]]]},"properties":{"id":"271571","parcel":"08416008300","address":"2542 STINSON RD","owner":"POLSTON JOINT REVOCABLE TRUST","point":[-86.67694624934217,36.17383577611989]}},{"type":"Feature","id":"271575","geometry":{"type":"Polygon","coordinates":[[[-86.6765119044537,36.1741116784303],[-86.6766172879521,36.1734825454162],[-86.6768699701834,36.1735077411575],[-86.6767670457148,36.1741383558022],[-86.6765119044537,36.1741116784303]]]},"properties":{"id":"271575","parcel":"08416008400","address":"2540 STINSON RD","owner":"KRAWITZ, JASON S.","point":[-86.67669158615138,36.1738097116891]}},{"type":"Feature","id":"271579","geometry":{"type":"Polygon","coordinates":[[[-86.6760061151131,36.1740587916992],[-86.6761171785181,36.1734326771889],[-86.6763672448392,36.1734576128481],[-86.6762590241685,36.1740852375019],[-86.6760061151131,36.1740587916992]]]},"properties":{"id":"271579","parcel":"08416008600","address":"2536 STINSON RD","owner":"BATTLE, PHYLLIS & CORDUAN, JURGEN","point":[-86.67618742557819,36.17375820443555]}},{"type":"Feature","id":"271583","geometry":{"type":"Polygon","coordinates":[[[-86.67550074921,36.1740055525959],[-86.6755780340792,36.1735878213922],[-86.6756173077978,36.1733828307917],[-86.67587016071,36.1734080438903],[-86.6757562458515,36.1740326645197],[-86.6755174871294,36.1740076976558],[-86.67550074921,36.1740055525959]]]},"properties":{"id":"271583","parcel":"08416008800","address":"2532 STINSON RD","owner":"PATTERSON, BRUCE J. & LYNNE","point":[-86.67566927288082,36.17379703891299]}},{"type":"Feature","id":"271587","geometry":{"type":"Polygon","coordinates":[[[-86.67587016071,36.1734080438903],[-86.6758861562515,36.1727429766507],[-86.6761407316942,36.1727501047566],[-86.6761171785181,36.1734326771889],[-86.67587016071,36.1734080438903]]]},"properties":{"id":"271587","parcel":"08416009500","address":"2518 STINSON RD","owner":"ALBRECHT, PHILIPP BIJAN","point":[-86.67600372484158,36.173079069752085]}},{"type":"Feature","id":"271591","geometry":{"type":"Polygon","coordinates":[[[-86.6771252714917,36.1735331956614],[-86.6771466211751,36.1727782632614],[-86.6774012846786,36.1727853909197],[-86.6773722744866,36.1735578228732],[-86.6771252714917,36.1735331956614]]]},"properties":{"id":"271591","parcel":"08416010000","address":"2508 STINSON RD","owner":"PHIPPS, VANESSA H","point":[-86.67726154244508,36.17315928870471]}},{"type":"Feature","id":"271594","geometry":{"type":"Polygon","coordinates":[[[-86.6728706816584,36.1721994223011],[-86.6728710063084,36.1719181227619],[-86.6735514523254,36.1719319085511],[-86.6735510576932,36.1722044176029],[-86.6728706816584,36.1721994223011]]]},"properties":{"id":"271594","parcel":"08416016800","address":"213 SHADY GROVE RD","owner":"CORAZZA FAMILY TRUST","point":[-86.67321104718428,36.17206566585879]}},{"type":"Feature","id":"271595","geometry":{"type":"Polygon","coordinates":[[[-86.678160837119,36.1721338559818],[-86.6781638153493,36.1715731965807],[-86.6783331806268,36.1715799065134],[-86.6785030485318,36.1715866359148],[-86.6785000861619,36.1721449699943],[-86.6783292874756,36.1721393750933],[-86.6781843046831,36.1721346244897],[-86.678160837119,36.1721338559818]]]},"properties":{"id":"271595","parcel":"08416010800","address":"2510 PARK DR","owner":"3D REALTY GROUP, LLC","point":[-86.67833194369359,36.17186024608055]}},{"type":"Feature","id":"271596","geometry":{"type":"Polygon","coordinates":[[[-86.6728710063084,36.1719181227619],[-86.6728743401045,36.171671968196],[-86.6735547653608,36.1716835567987],[-86.6735514523254,36.1719319085511],[-86.6728710063084,36.1719181227619]]]},"properties":{"id":"271596","parcel":"08416016900","address":"217 SHADY GROVE RD","owner":"ALLEN, TERYL PARKS QUALIFIED MARITAL TRU","point":[-86.67321289785264,36.17180084030359]}},{"type":"Feature","id":"271598","geometry":{"type":"Polygon","coordinates":[[[-86.6716580824589,36.1714391998497],[-86.6716254349449,36.1699518267977],[-86.671705474503,36.1699513363387],[-86.6717204345793,36.1704849471531],[-86.6717321420074,36.1709025648519],[-86.6723554758508,36.1708946988286],[-86.6723566675464,36.1710353410916],[-86.6723594605925,36.1713649705296],[-86.6723630072116,36.1721033569011],[-86.6716580824589,36.1714391998497]]]},"properties":{"id":"271598","parcel":"08416017500","address":"2622 A OLD LEBANON PIKE","owner":"GODDARD, TOMMY & CONDER, JENNIFER & ET AL","point":[-86.6720019244594,36.170968837012666]}},{"type":"Feature","id":"271599","geometry":{"type":"Polygon","coordinates":[[[-86.677823476158,36.1721228025145],[-86.67782646814,36.1715598304215],[-86.6779940964991,36.1715664721738],[-86.6781638153493,36.1715731965807],[-86.678160837119,36.1721338559818],[-86.6779914639189,36.1721283066697],[-86.6779303933334,36.1721263064076],[-86.677823476158,36.1721228025145]]]},"properties":{"id":"271599","parcel":"08416010900","address":"2512 PARK DR","owner":"ARMSTRONG, JOSEPH DANIEL","point":[-86.67799364611946,36.17184799967722]}},{"type":"Feature","id":"271600","geometry":{"type":"Polygon","coordinates":[[[-86.6708903884617,36.1720151935596],[-86.6714327549159,36.1716464662501],[-86.6716531328929,36.1718551274417],[-86.671104267319,36.1722282746805],[-86.6708903884617,36.1720151935596]]]},"properties":{"id":"271600","parcel":"08416017800","address":"3257 KNOBVIEW DR","owner":"BUTTEL, MATTHEW TODD","point":[-86.67127176119376,36.171935161110945]}},{"type":"Feature","id":"271602","geometry":{"type":"Polygon","coordinates":[[[-86.6723206205949,36.1745091655309],[-86.673034072238,36.1744678810965],[-86.6730203665113,36.174590994773],[-86.6729468794567,36.1752437928973],[-86.6728825007548,36.1752109998603],[-86.6728159036469,36.175181261806],[-86.6727473079551,36.1751546775453],[-86.6726769400627,36.1751313332355],[-86.6726050340795,36.1751113086823],[-86.6725318262077,36.1750946683591],[-86.6724575603457,36.1750814667827],[-86.6723824814264,36.1750717494524],[-86.6723688442837,36.1750690197935],[-86.6723559183714,36.1750645602597],[-86.6723440348339,36.1750584879731],[-86.6723334984353,36.1750509553516],[-86.6723245787282,36.175042157369],[-86.6723175032775,36.1750323189741],[-86.6723124542868,36.1750216906039],[-86.6723095607957,36.1750105455227],[-86.6723088974833,36.1749991699154],[-86.6723172692787,36.1748767899321],[-86.6723220160921,36.1747542814268],[-86.6723231329933,36.174631716528],[-86.6723206205949,36.1745091655309]]]},"properties":{"id":"271602","parcel":"08416018800","address":"3229 KNOBVIEW DR","owner":"DOAK, VIRGINIA C.","point":[-86.67265726219455,36.174816459245505]}},{"type":"Feature","id":"271603","geometry":{"type":"Polygon","coordinates":[[[-86.6771664043931,36.1720972022915],[-86.6771692084603,36.1715702781101],[-86.6774875563652,36.1715794501288],[-86.6774847519438,36.1721068664184],[-86.6774229775112,36.1721049671863],[-86.6771690439318,36.1720972785106],[-86.6771664043931,36.1720972022915]]]},"properties":{"id":"271603","parcel":"08416011200","address":"2518 PARK DR","owner":"CHRISTOPHER, DAKOTA DON ELLIS & SMITH, MILES LEVI","point":[-86.67732698094224,36.17183832632619]}},{"type":"Feature","id":"271648","geometry":{"type":"Polygon","coordinates":[[[-86.6759232741433,36.171526494492],[-86.6759244835243,36.1715039183534],[-86.6761303664375,36.1715114912643],[-86.6762997028178,36.171517718431],[-86.6762934791978,36.1720651041157],[-86.6761519952331,36.1720594887902],[-86.6761241474454,36.1720583830179],[-86.6758981383129,36.1720494122779],[-86.6758952817073,36.1720492993936],[-86.6759232741433,36.171526494492]]]},"properties":{"id":"271648","parcel":"08416011800","address":"2534 PARK DR","owner":"HALE, FRANCES J. REVOCABLE TRUST, THE","point":[-86.6761029485178,36.171788421031835]}},{"type":"Feature","id":"271650","geometry":{"type":"Polygon","coordinates":[[[-86.6754350551445,36.1720310294446],[-86.6754628772771,36.171511498094],[-86.675693080877,36.1715188878815],[-86.6756651683994,36.1720401646384],[-86.6756442814572,36.1720393352318],[-86.6754350551445,36.1720310294446]]]},"properties":{"id":"271650","parcel":"08416013600","address":"2602 CRUMP DR","owner":"WILLIAMSON, JOHN & SUSANNAH","point":[-86.67556406882703,36.17177495874124]}},{"type":"Feature","id":"271652","geometry":{"type":"Polygon","coordinates":[[[-86.6749748299206,36.172012759537],[-86.6750024689257,36.1714966973811],[-86.6752326726008,36.1715041069723],[-86.6752049430618,36.172021894707],[-86.6751365668277,36.1720191795438],[-86.6749748299206,36.172012759537]]]},"properties":{"id":"271652","parcel":"08416013800","address":"2606 CRUMP DR","owner":"CURREY, ROBERT LIVING TRUST","point":[-86.67510375177095,36.17175843333184]}},{"type":"Feature","id":"271702","geometry":{"type":"Polygon","coordinates":[[[-86.6743437790841,36.1707583416023],[-86.6745767895909,36.1707482459873],[-86.6745384877324,36.1713440229295],[-86.6743405775369,36.1713385360485],[-86.674341215564,36.1710945946131],[-86.6743437790841,36.1707583416023]]]},"properties":{"id":"271702","parcel":"08416014200","address":"2613 CRUMP DR","owner":"MRMR PROPERTIES LLC","point":[-86.67445389516456,36.17092677105145]}},{"type":"Feature","id":"271704","geometry":{"type":"Polygon","coordinates":[[[-86.6751132624334,36.1707254702133],[-86.6752731132254,36.1707179833069],[-86.67524612581,36.1713686353468],[-86.6750156727498,36.1713611334467],[-86.6750401028731,36.1707280775626],[-86.6751132624334,36.1707254702133]]]},"properties":{"id":"271704","parcel":"08416014500","address":"2607 CRUMP DR","owner":"HOBBS & SONS, L.P.","point":[-86.67514371380528,36.171044919832504]}},{"type":"Feature","id":"271706","geometry":{"type":"Polygon","coordinates":[[[-86.673658180882,36.1710940132008],[-86.6736691602484,36.1704720199473],[-86.6743494632828,36.1704704192555],[-86.6743498521696,36.1704994376768],[-86.6743437790841,36.1707583416023],[-86.674341215564,36.1710945946131],[-86.673658180882,36.1710940132008]]]},"properties":{"id":"271706","parcel":"08416015200","address":"226 SHADY GROVE RD","owner":"OAKLEY ENTERPRISES, GP","point":[-86.67400183422589,36.1709255410491]}},{"type":"Feature","id":"271708","geometry":{"type":"Polygon","coordinates":[[[-86.6734458935999,36.1731236164415],[-86.6729422609041,36.1726495388588],[-86.6735467475029,36.1726549572719],[-86.6735439281198,36.1731230694454],[-86.6735433965511,36.1732114364458],[-86.6735433733003,36.1732153759829],[-86.6734458935999,36.1731236164415]]]},"properties":{"id":"271708","parcel":"08416016300","address":"203 SHADY GROVE RD","owner":"MRMR PROPERTIES, LLC","point":[-86.67337049406629,36.17288853650018]}},{"type":"Feature","id":"272872","geometry":{"type":"Polygon","coordinates":[[[-86.6702236292616,36.1732909908371],[-86.6702402606462,36.1732751633962],[-86.6702535998503,36.17325740571],[-86.6702633115848,36.1732381612589],[-86.6702691531851,36.1732179162687],[-86.6702709788591,36.1731971762553],[-86.6702687407753,36.1731764633136],[-86.6710972409216,36.1733872222317],[-86.670927220579,36.1737969310175],[-86.6709255521505,36.1737999649185],[-86.6710535702802,36.1740338502702],[-86.6708373132692,36.1740630724825],[-86.6707912940897,36.1740701958253],[-86.6704173676423,36.174085459544],[-86.6703806279189,36.1735868001751],[-86.6702236292616,36.1732909908371]]]},"properties":{"id":"272872","parcel":"08513000100","address":"3201 TODDWAY CT","owner":"JARRETT, M. D. & HOLLY & ETAL","point":[-86.67067938715347,36.17369193594922]}},{"type":"Feature","id":"273564","geometry":{"type":"Polygon","coordinates":[[[-86.6698524962463,36.1720316080252],[-86.6703343283284,36.1722772654069],[-86.670333436636,36.1724926390447],[-86.6697521180173,36.1726628865657],[-86.669736451221,36.1726157267485],[-86.6697243979122,36.1725678736385],[-86.66971600409,36.1725195099372],[-86.6697113012957,36.172470817525],[-86.6697103066662,36.172421983769],[-86.6697130261999,36.1723731933945],[-86.669719448111,36.1723246312248],[-86.6697313075582,36.1722731350244],[-86.669747409656,36.1722224011798],[-86.6697676807528,36.1721726599194],[-86.6697920282484,36.1721241352672],[-86.6698203428324,36.1720770468337],[-86.6698524962463,36.1720316080252]]]},"properties":{"id":"273564","parcel":"08513000400","address":"3213 TODDWAY CT","owner":"KENT, JOHN DAVID & ABRA NICOLE","point":[-86.67002513089518,36.172349764026414]}},{"type":"Feature","id":"273567","geometry":{"type":"Polygon","coordinates":[[[-86.6698524962463,36.1720316080252],[-86.6698861001337,36.1719915561],[-86.6699223771797,36.1719530665337],[-86.6699612172346,36.1719162589015],[-86.6700025022927,36.1718812438098],[-86.6700461065456,36.1718481292043],[-86.6702778596765,36.1716886145578],[-86.6702885615196,36.1716821219343],[-86.6703004096654,36.1716771091221],[-86.6703130984005,36.1716737039951],[-86.6703262961273,36.1716719967178],[-86.6703396619524,36.1716720297402],[-86.6703528468517,36.1716738040993],[-86.6703655080667,36.1716772730306],[-86.6703773180269,36.1716823455238],[-86.6703879688417,36.1716888917053],[-86.6703971856152,36.1716967400602],[-86.6707049282456,36.1720298954429],[-86.6703343283284,36.1722772654069],[-86.6698524962463,36.1720316080252]]]},"properties":{"id":"273567","parcel":"08513000500","address":"3264 KNOBVIEW DR","owner":"BRADLEY, WILLIAM L., JR.","point":[-86.67027894067212,36.17197334379329]}}]}