{"type":"FeatureCollection","features":[{"type":"Feature","id":"24019","geometry":{"type":"Polygon","coordinates":[[[-86.6260204402432,36.1693500136922],[-86.6263232987934,36.1693273936366],[-86.6261432251642,36.1706312196153],[-86.6261050328112,36.1709434836021],[-86.6250716459626,36.1708530917163],[-86.6246422778157,36.1708153680402],[-86.6248032452253,36.1694562701145],[-86.6255331827482,36.1693864037667],[-86.6260204402432,36.1693500136922]]]},"properties":{"id":"24019","parcel":"09700014600","address":"3640 HOGGETT FORD RD","owner":"MCNAMEE, THOMAS M. & MELISSA","point":[-86.62547898992659,36.17004376475556]}},{"type":"Feature","id":"24898","geometry":{"type":"Polygon","coordinates":[[[-86.6261432251642,36.1706312196153],[-86.6263232987934,36.1693273936366],[-86.62694296359,36.1692811099434],[-86.628635955402,36.1691546423545],[-86.6289728112416,36.1691232189371],[-86.6289071680856,36.1698608694525],[-86.6273775267502,36.1697369695218],[-86.6271970906646,36.1710411026217],[-86.6268471945428,36.1710094060774],[-86.6261050328112,36.1709434836021],[-86.6261432251642,36.1706312196153]]]},"properties":{"id":"24898","parcel":"09700000200","address":"3638 HOGGETT FORD RD","owner":"WINNINGHAM, ROGER E & MARGARET E.","point":[-86.62675208982061,36.17024364496412]}},{"type":"Feature","id":"25811","geometry":{"type":"Polygon","coordinates":[[[-86.6271970906646,36.1710411026217],[-86.6273775267502,36.1697369695218],[-86.6289071680856,36.1698608694525],[-86.6288240587124,36.1706172830348],[-86.6287685505855,36.1711801679546],[-86.6271970906646,36.1710411026217]]]},"properties":{"id":"25811","parcel":"09700012900","address":"3624 HOGGETT FORD RD","owner":"WINNINGHAM, ROGER E.","point":[-86.62808717003348,36.17023666076583]}},{"type":"Feature","id":"26363","geometry":{"type":"Polygon","coordinates":[[[-86.6289728112416,36.1691232189371],[-86.6304911894549,36.1689823407256],[-86.6302954169317,36.170609608723],[-86.6302169470279,36.1713088673189],[-86.6301572858644,36.1713047860767],[-86.6287685505855,36.1711801679546],[-86.6288240587124,36.1706172830348],[-86.6289071680856,36.1698608694525],[-86.6289728112416,36.1691232189371]]]},"properties":{"id":"26363","parcel":"09700000100","address":"3588 HOGGETT FORD RD","owner":"FAITHFUL FUTURE TRUST, THE","point":[-86.62960323358145,36.17023524710744]}},{"type":"Feature","id":"50580","geometry":{"type":"Polygon","coordinates":[[[-86.6203203902689,36.1702686117357],[-86.6203203335751,36.1702686111258],[-86.6203131996961,36.1702681899498],[-86.6202857132129,36.1702656175195],[-86.6203323370787,36.169938154752],[-86.6203766500985,36.169942302607],[-86.6203866584348,36.1699438653183],[-86.6203406343759,36.1702671215601],[-86.6203306156277,36.1702683555002],[-86.6203305678683,36.1702683602519],[-86.6203203902689,36.1702686117357]]]},"properties":{"id":"50580","parcel":"097020A10500CO","address":"3800 HOGGETT FORD RD","owner":"BORCHERS, ANDREW SCOTT & REBECCA L.","point":[-86.62033618609274,36.17010474143284]}},{"type":"Feature","id":"53892","geometry":{"type":"Polygon","coordinates":[[[-86.6243751117017,36.177070047529],[-86.6245079660431,36.1760302038205],[-86.6262290728907,36.1776740450912],[-86.6263628439437,36.1779402246532],[-86.6268710483522,36.178173849939],[-86.6268290741746,36.1781940983166],[-86.6242935236705,36.1780015353492],[-86.6243103437474,36.1778094826749],[-86.6243475491393,36.1773847446502],[-86.6243751117017,36.177070047529]]]},"properties":{"id":"53892","parcel":"08600076700","address":"3165 BRANDAU RD","owner":"COPPERLINE RANCH AGRICENTER, LLC","point":[-86.62506367834044,36.17722959771606]}},{"type":"Feature","id":"57459","geometry":{"type":"Polygon","coordinates":[[[-86.6202307413563,36.1702604717331],[-86.6202773665575,36.1699330089807],[-86.6203323370787,36.169938154752],[-86.6202857132129,36.1702656175195],[-86.6202307413563,36.1702604717331]]]},"properties":{"id":"57459","parcel":"097020A20300CO","address":"3802 HOGGETT FORD RD","owner":"FAIRCHILD, LYNDSAY MARIE","point":[-86.62028153959585,36.17009931325699]}},{"type":"Feature","id":"57465","geometry":{"type":"Polygon","coordinates":[[[-86.6201757706254,36.1702553268173],[-86.6202223949318,36.1699278631901],[-86.6202773665575,36.1699330089807],[-86.6202307413563,36.1702604717331],[-86.6201757706254,36.1702553268173]]]},"properties":{"id":"57465","parcel":"097020A20400CO","address":"3804 HOGGETT FORD RD","owner":"ARGIRO, ANGELA","point":[-86.62022656838977,36.17009416791159]}},{"type":"Feature","id":"57509","geometry":{"type":"Polygon","coordinates":[[[-86.6200024423305,36.1702391023886],[-86.6200490684611,36.1699116397224],[-86.6201062825725,36.1699169948792],[-86.6200596578004,36.1702444593637],[-86.6200024423305,36.1702391023886]]]},"properties":{"id":"57509","parcel":"097020A94500CO","address":"3810 HOGGETT FORD RD","owner":"VILLAGES OF RIVERWOOD HOMEOWNERS ASSO. INC., THE","point":[-86.62005436289843,36.17007804864903]}},{"type":"Feature","id":"57895","geometry":{"type":"Polygon","coordinates":[[[-86.6200596578004,36.1702444593637],[-86.6201062825725,36.1699169948792],[-86.6201674244319,36.16992271827],[-86.6201207999017,36.1702501818763],[-86.6200596578004,36.1702444593637]]]},"properties":{"id":"57895","parcel":"097020A20600CO","address":"3808 HOGGETT FORD RD","owner":"FARRELL, CHRISTOPHER O","point":[-86.62011354119394,36.170083588831694]}},{"type":"Feature","id":"58644","geometry":{"type":"Polygon","coordinates":[[[-86.6266212584606,36.180320730043],[-86.6267575878644,36.178752666796],[-86.6272006801759,36.178819916238],[-86.6275319269149,36.1790204013642],[-86.6295296836505,36.1796456571151],[-86.6297362248015,36.1798634191361],[-86.6295492819499,36.1800587454725],[-86.628278768653,36.1802731337466],[-86.6271071742759,36.1801929358744],[-86.6266212584606,36.180320730043]]]},"properties":{"id":"58644","parcel":"08600077100","address":"0 CENTRAL PIKE","owner":"BARNETT, JEFFERY SCOTT & CLAIR ET AL","point":[-86.6276192124591,36.179330201406835]}},{"type":"Feature","id":"59638","geometry":{"type":"Polygon","coordinates":[[[-86.6201207999017,36.1702501818763],[-86.6201674244319,36.16992271827],[-86.6202223949318,36.1699278631901],[-86.6201757706254,36.1702553268173],[-86.6201207999017,36.1702501818763]]]},"properties":{"id":"59638","parcel":"097020A20500CO","address":"3806 HOGGETT FORD RD","owner":"MARUDAS, MARK","point":[-86.62017159752173,36.17008902254677]}},{"type":"Feature","id":"59660","geometry":{"type":"Polygon","coordinates":[[[-86.6203866584348,36.1699438653183],[-86.6203966773335,36.1699467789596],[-86.6203967118815,36.1699467904983],[-86.620406069194,36.1699509557809],[-86.6204145028443,36.1699562622963],[-86.6204218106435,36.169962582204],[-86.6204277990056,36.1699697506679],[-86.6204323242984,36.1699775944839],[-86.6204352761006,36.169985923153],[-86.6204365737233,36.1699945104239],[-86.6204361924466,36.1700031802279],[-86.6204070517063,36.170207844265],[-86.6204045357241,36.1702182946598],[-86.6204045281691,36.1702183235388],[-86.6204000337254,36.1702283596104],[-86.6203936929721,36.1702376814619],[-86.6203936720649,36.1702377086071],[-86.6203856037195,36.1702461461916],[-86.6203760469981,36.1702534450259],[-86.6203760160381,36.170253465914],[-86.6203651488712,36.170259494401],[-86.6203532910678,36.1702640697438],[-86.6203532578142,36.1702640816311],[-86.6203406343759,36.1702671215601],[-86.6203866584348,36.1699438653183]]]},"properties":{"id":"59660","parcel":"097020A94400CO","address":"1101 RIVERBIRCH WAY","owner":"VILLAGES OF RIVERWOOD HOMEOWNERS ASSO. INC., THE","point":[-86.62039264601623,36.170105420383244]}},{"type":"Feature","id":"93217","geometry":{"type":"Polygon","coordinates":[[[-86.6228053125335,36.1700589979166],[-86.6228169647913,36.1699771315364],[-86.6232544915093,36.1700180749015],[-86.6232428385855,36.1700999413288],[-86.6232408028616,36.1701083713892],[-86.6232407930987,36.1701084020824],[-86.6232371441254,36.170116498896],[-86.6232319954668,36.1701240032155],[-86.6232319734633,36.1701240321693],[-86.6232254175017,36.1701308182426],[-86.6232176581588,36.1701366678133],[-86.6232176294154,36.1701366877894],[-86.6232088070594,36.1701414991918],[-86.6231991983627,36.1701451177834],[-86.6231991628866,36.1701451296829],[-86.6231889385538,36.1701474950993],[-86.6231783836682,36.1701485328663],[-86.6231783425426,36.1701485330786],[-86.623167758152,36.1701482200118],[-86.6228648546024,36.1701198734479],[-86.6228590174871,36.1701191167715],[-86.622853284976,36.170117950384],[-86.6228532493231,36.1701179397529],[-86.6228422963433,36.1701144254901],[-86.6228322296662,36.1701094042563],[-86.622823399676,36.1701030490879],[-86.6228160601338,36.1700955434336],[-86.6228104412639,36.1700871168276],[-86.6228067135734,36.1700780378663],[-86.6228049874064,36.1700685574315],[-86.6228053125335,36.1700589979166]]]},"properties":{"id":"93217","parcel":"097020A65400CO","address":"2893 WHITEBIRCH DR","owner":"NEWMAN, STEPHEN & KELLY","point":[-86.62302646886914,36.170064474700624]}},{"type":"Feature","id":"93219","geometry":{"type":"Polygon","coordinates":[[[-86.6235677346166,36.1705727781289],[-86.6236143451189,36.1702453141209],[-86.6236867057058,36.170252085414],[-86.6237850300735,36.1702612865642],[-86.6237399608956,36.1705888940866],[-86.6235677346166,36.1705727781289]]]},"properties":{"id":"93219","parcel":"097020A65500CO","address":"3712 HOGGETT FORD RD","owner":"GREENBERG, DANIEL H. & SALAS-PLATT, TANIA ET AL","point":[-86.6236767541094,36.17041703356694]}},{"type":"Feature","id":"93221","geometry":{"type":"Polygon","coordinates":[[[-86.6232648293176,36.1705444343744],[-86.6233095099757,36.1702167884852],[-86.6234628930556,36.1702311419454],[-86.6234162819435,36.1705586067973],[-86.6232648293176,36.1705444343744]]]},"properties":{"id":"93221","parcel":"097020A65700CO","address":"3720 HOGGETT FORD RD","owner":"HEALD, ASHLIE","point":[-86.62336339308243,36.17038778673093]}},{"type":"Feature","id":"93223","geometry":{"type":"Polygon","coordinates":[[[-86.6231133767387,36.1705302608602],[-86.6231640848236,36.170203180543],[-86.6233095099757,36.1702167884852],[-86.6232648293176,36.1705444343744],[-86.6231133767387,36.1705302608602]]]},"properties":{"id":"93223","parcel":"097020A65800CO","address":"3724 HOGGETT FORD RD","owner":"CUNNINGHAM, JALILA","point":[-86.623212907587,36.170373529323314]}},{"type":"Feature","id":"93225","geometry":{"type":"Polygon","coordinates":[[[-86.622961924221,36.1705160880571],[-86.62300853719,36.1701886242781],[-86.6231640848236,36.170203180543],[-86.6231133767387,36.1705302608602],[-86.622961924221,36.1705160880571]]]},"properties":{"id":"93225","parcel":"097020A65900CO","address":"3728 HOGGETT FORD RD","owner":"MEAGHER, LINDSAY & JORDAN","point":[-86.62306201101126,36.170359631217536]}},{"type":"Feature","id":"93227","geometry":{"type":"Polygon","coordinates":[[[-86.6221003301427,36.1704354575919],[-86.6221469466129,36.1701079932373],[-86.6222883012848,36.1701212223296],[-86.6222416842716,36.1704486858422],[-86.6221003301427,36.1704354575919]]]},"properties":{"id":"93227","parcel":"097020A66300CO","address":"3744 HOGGETT FORD RD","owner":"SMITH, RONALD S & DENEGRI, ROBERTO","point":[-86.62219431560219,36.17027833999987]}},{"type":"Feature","id":"93229","geometry":{"type":"Polygon","coordinates":[[[-86.6213935556178,36.1703692958553],[-86.6214401728557,36.1700418461987],[-86.6215815283964,36.1700550752121],[-86.6215349117482,36.1703825267245],[-86.6213935556178,36.1703692958553]]]},"properties":{"id":"93229","parcel":"097020A66800CO","address":"3764 HOGGETT FORD RD","owner":"JOHNSON, PAUL BURNEY & CATHLEAN","point":[-86.62148754225977,36.17021218557395]}},{"type":"Feature","id":"93231","geometry":{"type":"Polygon","coordinates":[[[-86.6206539366936,36.1702728084356],[-86.6206484651118,36.1702630759523],[-86.62064486213,36.1702527858959],[-86.6206432107411,36.1702421748705],[-86.6206435483804,36.1702314815171],[-86.6206745040511,36.170014928613],[-86.6206789730591,36.170006194077],[-86.6206789939591,36.1700061660305],[-86.620685230792,36.1699982019914],[-86.6206930747284,36.1699912084534],[-86.62070228962,36.1699854056359],[-86.6207125834197,36.1699809725884],[-86.6207236770027,36.1699780351196],[-86.6207352053839,36.1699766843307],[-86.6207468642737,36.1699769551332],[-86.6208747567004,36.1699889257573],[-86.6208281382156,36.1703163679846],[-86.6207149117733,36.1703057684081],[-86.6207025842761,36.1703035840661],[-86.620690792227,36.1702999378335],[-86.6206797997086,36.1702949121695],[-86.6206698510221,36.1702886184752],[-86.6206611651152,36.1702811953201],[-86.6206539366936,36.1702728084356]]]},"properties":{"id":"93231","parcel":"097020A67300CO","address":"3784 HOGGETT FORD RD","owner":"RODRIGUEZ, RONICA LEE","point":[-86.62075728839866,36.170123516348205]}},{"type":"Feature","id":"94572","geometry":{"type":"Polygon","coordinates":[[[-86.6234162819435,36.1705586067973],[-86.6234628930556,36.1702311419454],[-86.6236143451189,36.1702453141209],[-86.6235677346166,36.1705727781289],[-86.6234162819435,36.1705586067973]]]},"properties":{"id":"94572","parcel":"097020A65600CO","address":"3716 HOGGETT FORD RD","owner":"LAWRENCE, JOHN M. & DANIELLE REVOCABLE LIVING TRUST","point":[-86.62351531369586,36.170401960503156]}},{"type":"Feature","id":"94573","geometry":{"type":"Polygon","coordinates":[[[-86.6228570853431,36.1701744513421],[-86.62300853719,36.1701886242781],[-86.622961924221,36.1705160880571],[-86.622827299685,36.1705034901514],[-86.6228141524573,36.1705013931702],[-86.6228015914167,36.1704976474666],[-86.6227899174136,36.1704923461207],[-86.62277942162,36.1704856237203],[-86.6227793914042,36.1704855977397],[-86.6227703564956,36.1704776393868],[-86.6227629503086,36.1704685857132],[-86.6227574017688,36.1704587131255],[-86.622753839405,36.1704482525839],[-86.6227523547123,36.1704374609256],[-86.622752979468,36.1704266340497],[-86.6227820057088,36.1702227288773],[-86.6227843774908,36.1702133480669],[-86.6227843906026,36.170213319159],[-86.6227887248562,36.1702044383345],[-86.6227949177067,36.1701962770374],[-86.6228027557222,36.1701891166596],[-86.6228120126782,36.1701831665587],[-86.6228223899333,36.1701786148357],[-86.622822422089,36.1701786047559],[-86.6228336028149,36.170175588234],[-86.6228452797482,36.1701741878092],[-86.6228570853431,36.1701744513421]]]},"properties":{"id":"94573","parcel":"097020A66000CO","address":"3732 HOGGETT FORD RD","owner":"LYLE, ALEXANDER & COE, JAYCEE","point":[-86.62287828169143,36.1703250304739]}},{"type":"Feature","id":"94574","geometry":{"type":"Polygon","coordinates":[[[-86.6211108468259,36.1703428327017],[-86.6211574641245,36.1700153858615],[-86.621298819578,36.1700286161072],[-86.621252200639,36.1703560639136],[-86.6211108468259,36.1703428327017]]]},"properties":{"id":"94574","parcel":"097020A67000CO","address":"3772 HOGGETT FORD RD","owner":"MCH SFR PROPERTY OWNER 2 LLC","point":[-86.62120483288867,36.17018572444292]}},{"type":"Feature","id":"94575","geometry":{"type":"Polygon","coordinates":[[[-86.6208281382156,36.1703163679846],[-86.6208747567004,36.1699889257573],[-86.6210161098367,36.1700021563456],[-86.6209694919414,36.1703296004288],[-86.6208281382156,36.1703163679846]]]},"properties":{"id":"94575","parcel":"097020A67200CO","address":"3780 HOGGETT FORD RD","owner":"HAYES, TIMOTHY & VIRGINIA REV LIVING TRUST, THE","point":[-86.62092212427878,36.17015926220536]}},{"type":"Feature","id":"94899","geometry":{"type":"Polygon","coordinates":[[[-86.6222416842716,36.1704486858422],[-86.6222883012848,36.1701212223296],[-86.6224332756316,36.1701347894888],[-86.6223830406777,36.1704619148167],[-86.6222416842716,36.1704486858422]]]},"properties":{"id":"94899","parcel":"097020A66200CO","address":"3740 HOGGETT FORD RD","owner":"JEANNINE M. DWYER REVOCABLE LIVING TRUST","point":[-86.62233659967279,36.170291734929776]}},{"type":"Feature","id":"94900","geometry":{"type":"Polygon","coordinates":[[[-86.6219589770664,36.170422215652],[-86.6220076454097,36.1700949561805],[-86.6221469466129,36.1701079932373],[-86.6221003301427,36.1704354575919],[-86.6219589770664,36.170422215652]]]},"properties":{"id":"94900","parcel":"097020A66400CO","address":"3748 HOGGETT FORD RD","owner":"HUYNH, LINH THI & DANG, HUNG NGOC","point":[-86.62205346190622,36.170265106062644]}},{"type":"Feature","id":"94901","geometry":{"type":"Polygon","coordinates":[[[-86.6218176208017,36.1704089861808],[-86.6218651640116,36.1700816217102],[-86.6220076454097,36.1700949561805],[-86.6219589770664,36.170422215652],[-86.6218176208017,36.1704089861808]]]},"properties":{"id":"94901","parcel":"097020A66500CO","address":"3752 HOGGETT FORD RD","owner":"BROWN, LATIFA I & SMITH, DEADRICK","point":[-86.62191235931557,36.17025197035636]}},{"type":"Feature","id":"94902","geometry":{"type":"Polygon","coordinates":[[[-86.6209694919414,36.1703296004288],[-86.6210161098367,36.1700021563456],[-86.6211574641245,36.1700153858615],[-86.6211108468259,36.1703428327017],[-86.6209694919414,36.1703296004288]]]},"properties":{"id":"94902","parcel":"097020A67100CO","address":"3776 HOGGETT FORD RD","owner":"CHASE, BRANDON","point":[-86.6210634783181,36.170172493185504]}},{"type":"Feature","id":"94909","geometry":{"type":"Polygon","coordinates":[[[-86.6216762656956,36.1703957565383],[-86.6217228828868,36.170068305868],[-86.6218651640116,36.1700816217102],[-86.6218176208017,36.1704089861808],[-86.6216762656956,36.1703957565383]]]},"properties":{"id":"94909","parcel":"097020A69700CO","address":"3756 HOGGETT FORD RD","owner":"STOCKER, CATHY R.","point":[-86.62177048958588,36.170238688452464]}},{"type":"Feature","id":"95700","geometry":{"type":"Polygon","coordinates":[[[-86.6223830406777,36.1704619148167],[-86.6224332756316,36.1701347894888],[-86.6225541829229,36.1701461048943],[-86.6225657158171,36.1701480218674],[-86.6225657525532,36.1701480288879],[-86.6225767277978,36.1701515484685],[-86.6225867855085,36.1701565616584],[-86.6225956221546,36.1701629168096],[-86.6226029627725,36.1701704197678],[-86.6226085742177,36.1701788229888],[-86.6226085899838,36.170178849044],[-86.6226123193378,36.170187929805],[-86.6226140481429,36.1701973949072],[-86.6226137248715,36.1702069814492],[-86.6225845907841,36.1704116459949],[-86.62258163468,36.1704233424415],[-86.6225816249168,36.1704233731346],[-86.6225761967068,36.170434501021],[-86.6225684691302,36.170444692644],[-86.622558669935,36.1704536494137],[-86.6225471059066,36.1704610876535],[-86.6225341198875,36.1704667856879],[-86.6225201073497,36.1704705711393],[-86.6225128422595,36.1704717063403],[-86.6225054830787,36.1704723247044],[-86.6224907401959,36.1704719942707],[-86.6223830406777,36.1704619148167]]]},"properties":{"id":"95700","parcel":"097020A66100CO","address":"3736 HOGGETT FORD RD","owner":"SAWAYA, JEREMY & TAYLOR, WESLEY","point":[-86.62250286299458,36.17030901015659]}},{"type":"Feature","id":"95701","geometry":{"type":"Polygon","coordinates":[[[-86.6215349117482,36.1703825267245],[-86.6215815283964,36.1700550752121],[-86.6217228828868,36.170068305868],[-86.6216762656956,36.1703957565383],[-86.6215349117482,36.1703825267245]]]},"properties":{"id":"95701","parcel":"097020A66700CO","address":"3760 HOGGETT FORD RD","owner":"OLSON, ANDREW & DAUCHOT, DANIELLE","point":[-86.62162889720594,36.17022541633536]}},{"type":"Feature","id":"95702","geometry":{"type":"Polygon","coordinates":[[[-86.621252200639,36.1703560639136],[-86.621298819578,36.1700286161072],[-86.6214401728557,36.1700418461987],[-86.6213935556178,36.1703692958553],[-86.621252200639,36.1703560639136]]]},"properties":{"id":"95702","parcel":"097020A66900CO","address":"3768 HOGGETT FORD RD","owner":"STALLWORTH, PORTIA","point":[-86.62134618726672,36.17019895509726]}},{"type":"Feature","id":"112416","geometry":{"type":"Polygon","coordinates":[[[-86.6208107008035,36.170836728331],[-86.6208521928861,36.1705460432726],[-86.6209936692598,36.1705584188644],[-86.6209520512542,36.1708499923594],[-86.6208107008035,36.170836728331]]]},"properties":{"id":"112416","parcel":"086130A00400CO","address":"3749 HOGGETT FORD RD","owner":"BETTIS, KIMBERLY","point":[-86.6209021852821,36.17069757363549]}},{"type":"Feature","id":"112752","geometry":{"type":"Polygon","coordinates":[[[-86.6220126533383,36.1709495108253],[-86.6220552190107,36.1706512753812],[-86.6221965144494,36.1706636333733],[-86.6221538228727,36.1709627563552],[-86.6220126533383,36.1709495108253]]]},"properties":{"id":"112752","parcel":"086130A01100CO","address":"3721 HOGGETT FORD RD","owner":"SCHELER, MAYERLY TATIANA Z","point":[-86.62210458411742,36.170806572137465]}},{"type":"Feature","id":"112753","geometry":{"type":"Polygon","coordinates":[[[-86.6219464512256,36.1712935725818],[-86.6219879941831,36.1710025038521],[-86.6221338224416,36.1710161859414],[-86.6220922800119,36.1713072547203],[-86.6219464512256,36.1712935725818]]]},"properties":{"id":"112753","parcel":"086130A04300CO","address":"5013 SUNFLOWER LN","owner":"NAYAK, MANJUNATH & TRUPTI","point":[-86.62204013699852,36.17115487930083]}},{"type":"Feature","id":"112754","geometry":{"type":"Polygon","coordinates":[[[-86.6210343416307,36.1714426124966],[-86.6213802878104,36.1713302324851],[-86.6214021909262,36.1713723571468],[-86.6214022337991,36.1713724380393],[-86.6214259621987,36.1714138620351],[-86.6214260298004,36.1714139779492],[-86.6214516431871,36.1714548019116],[-86.6211225593641,36.1715966187341],[-86.6210343416307,36.1714426124966]]]},"properties":{"id":"112754","parcel":"086130A05000CO","address":"4020 MAGNOLIA FARMS DR","owner":"AMOS, KIJAVIUS","point":[-86.62118433530182,36.17152538533605]}},{"type":"Feature","id":"112755","geometry":{"type":"Polygon","coordinates":[[[-86.6215011950115,36.1720006806773],[-86.6217579082983,36.1717816320033],[-86.621781008917,36.171799075806],[-86.621886561207,36.1718771964589],[-86.6216353069743,36.1721003684769],[-86.6215011950115,36.1720006806773]]]},"properties":{"id":"112755","parcel":"086130A05400CO","address":"4036 MAGNOLIA FARMS DR","owner":"CARROLL, THOMAS R.","point":[-86.62169530545764,36.171938943233855]}},{"type":"Feature","id":"112756","geometry":{"type":"Polygon","coordinates":[[[-86.6217779410402,36.1722059262764],[-86.6220291919067,36.1719827584911],[-86.6221718218673,36.1720883194563],[-86.6219205754856,36.1723114839043],[-86.6217779410402,36.1722059262764]]]},"properties":{"id":"112756","parcel":"086130A05600CO","address":"4044 MAGNOLIA FARMS DR","owner":"GRACIA, JAIME ABILEZ","point":[-86.62197488164358,36.17214712302962]}},{"type":"Feature","id":"112815","geometry":{"type":"Polygon","coordinates":[[[-86.6216547960199,36.1712662068635],[-86.6216963400258,36.1709751373308],[-86.6218421670793,36.1709888206796],[-86.6218006235941,36.1712798893602],[-86.6216547960199,36.1712662068635]]]},"properties":{"id":"112815","parcel":"086130A04500CO","address":"5005 SUNFLOWER LN","owner":"OGG, JENNIFER S","point":[-86.62174848168215,36.17112751381069]}},{"type":"Feature","id":"112818","geometry":{"type":"Polygon","coordinates":[[[-86.6209217903542,36.1711193391678],[-86.6212888747201,36.1710661344656],[-86.621299190521,36.1711110622177],[-86.6212992135416,36.17111116304],[-86.6213115030482,36.1711557507711],[-86.6213115350527,36.1711558632635],[-86.6213258221251,36.171200176642],[-86.6209674396469,36.1712830754694],[-86.6209217903542,36.1711193391678]]]},"properties":{"id":"112818","parcel":"086130A04800CO","address":"4012 MAGNOLIA FARMS DR","owner":"MARTIN, JONATHAN R","point":[-86.62112824648476,36.17117741750284]}},{"type":"Feature","id":"112821","geometry":{"type":"Polygon","coordinates":[[[-86.6209674396469,36.1712830754694],[-86.6213258221251,36.171200176642],[-86.6213420145035,36.1712439313447],[-86.6213420587631,36.171244047379],[-86.6213601736031,36.1712873046026],[-86.621360221176,36.171287417916],[-86.6213802878104,36.1713302324851],[-86.6210343416307,36.1714426124966],[-86.6209674396469,36.1712830754694]]]},"properties":{"id":"112821","parcel":"086130A04900CO","address":"4016 MAGNOLIA FARMS DR","owner":"CHOI, SUNGNAM & DANIEL","point":[-86.6211739857264,36.17130820436487]}},{"type":"Feature","id":"112823","geometry":{"type":"Polygon","coordinates":[[[-86.6222053245378,36.1719234303057],[-86.6223937791865,36.1717560379726],[-86.6226052139789,36.1718102631168],[-86.6223539608608,36.1720334357393],[-86.6222053245378,36.1719234303057]]]},"properties":{"id":"112823","parcel":"086130A09300CO","address":"4045 MAGNOLIA FARMS DR","owner":"PEARSON, THOMAS RANDOLPH REVOCABLE LIV. TR & ET AL","point":[-86.62240526937111,36.17186684687922]}},{"type":"Feature","id":"112825","geometry":{"type":"Polygon","coordinates":[[[-86.6216632847216,36.1714707620592],[-86.6216578653453,36.1714623280665],[-86.6216543173526,36.1714532634692],[-86.6216527451282,36.1714438390084],[-86.6216531953348,36.1714343356359],[-86.6216556557533,36.1714250382121],[-86.6216600529458,36.1714162210972],[-86.6216662544938,36.1714081499426],[-86.6216740766299,36.1714010627252],[-86.6216832853781,36.1713951733466],[-86.6216936064372,36.1713906562604],[-86.6217047329546,36.1713876455319],[-86.6217163321739,36.1713862320992],[-86.6217280576194,36.1713864583034],[-86.6222385792107,36.1714343592894],[-86.6222500080065,36.171436302966],[-86.6222608587695,36.171439803389],[-86.6222708105626,36.1714447576673],[-86.6222795687855,36.1714510195136],[-86.6222868763397,36.1714584054959],[-86.6222925169701,36.1714666959214],[-86.6222963253602,36.1714756465005],[-86.6222981882866,36.171484993749],[-86.6222980491143,36.1714944612728],[-86.6222959156623,36.171503770543],[-86.6222918469009,36.171512645471],[-86.6222859663889,36.1715208249561],[-86.6222582415298,36.1715504290858],[-86.6222283680758,36.1715786266074],[-86.622051825502,36.1717354378282],[-86.6220431023203,36.1717418717952],[-86.6220331438727,36.171746989983],[-86.6220222457639,36.1717506412594],[-86.6220107361581,36.1717527157821],[-86.6219989558136,36.1717531505095],[-86.6219872603414,36.1717519336953],[-86.6219759990649,36.1717491022935],[-86.6219655060992,36.1717447383994],[-86.6219560981772,36.17173897557],[-86.621897498677,36.171695605284],[-86.6218457993699,36.1716550095409],[-86.6217965966566,36.1716124226549],[-86.6217500069331,36.1715679458716],[-86.6217061421694,36.1715216831631],[-86.6216632847216,36.1714707620592]]]},"properties":{"id":"112825","parcel":"086130A90100CO","address":"5000 SUNFLOWER LN","owner":"MAGNOLIA FARMS HOMEOWNERS ASSOCIATION, INC.","point":[-86.62199401778133,36.17157330172848]}},{"type":"Feature","id":"113392","geometry":{"type":"Polygon","coordinates":[[[-86.620378857572,36.1708515112833],[-86.620427760681,36.1705089137167],[-86.6205692380409,36.1705212907016],[-86.6205279978209,36.170810199789],[-86.6205202079769,36.1708647758173],[-86.620378857572,36.1708515112833]]]},"properties":{"id":"113392","parcel":"086130A00100CO","address":"3761 HOGGETT FORD RD","owner":"ROSENTHAL, TALA SAGE","point":[-86.62047702851036,36.17066551834531]}},{"type":"Feature","id":"113395","geometry":{"type":"Polygon","coordinates":[[[-86.6215891450179,36.1709097732447],[-86.6216313318262,36.1706141977143],[-86.6217726271398,36.1706265571039],[-86.6217303144109,36.17092301927],[-86.6215891450179,36.1709097732447]]]},"properties":{"id":"113395","parcel":"086130A00800CO","address":"3733 HOGGETT FORD RD","owner":"PEDEN, CORY W & MALINOWSKI, SARA","point":[-86.6216808862675,36.170768165212166]}},{"type":"Feature","id":"113398","geometry":{"type":"Polygon","coordinates":[[[-86.621871483851,36.1709362651302],[-86.6219139224905,36.1706389154269],[-86.6220552190107,36.1706512753812],[-86.6220126533383,36.1709495108253],[-86.621871483851,36.1709362651302]]]},"properties":{"id":"113398","parcel":"086130A01000CO","address":"3725 HOGGETT FORD RD","owner":"GILL, KEVIN","point":[-86.62196335132246,36.17079377029276]}},{"type":"Feature","id":"113401","geometry":{"type":"Polygon","coordinates":[[[-86.6224012023989,36.1709851327015],[-86.6223894789228,36.1709848668975],[-86.6222949924542,36.1709760017198],[-86.622337809939,36.1706759921012],[-86.6224524420885,36.1706860178206],[-86.6224615413667,36.1706899968132],[-86.6224615781808,36.1706900137472],[-86.6224616149809,36.1706900288788],[-86.6224616540746,36.1706900530112],[-86.6224699216559,36.1706951331225],[-86.6224771039974,36.1707011588415],[-86.6224771386804,36.1707011875028],[-86.6224771633033,36.170701209006],[-86.6224771913455,36.1707012413067],[-86.6224831709541,36.1707081131999],[-86.6224878972765,36.1707161884262],[-86.6224910335045,36.1707247576305],[-86.6224925035614,36.17073361662],[-86.6224922735445,36.1707425528726],[-86.6224645785471,36.1709366066422],[-86.6224622217507,36.170945921575],[-86.6224622071588,36.1709459743738],[-86.6224621881138,36.1709460262943],[-86.622461661645,36.1709473538577],[-86.6224571923946,36.1709557558955],[-86.6224510869463,36.1709634516736],[-86.6224435104009,36.1709702330513],[-86.622434665849,36.170975916927],[-86.6224247932944,36.1709803497503],[-86.6224141585748,36.1709834120854],[-86.6224030489296,36.1709850204366],[-86.6224013357735,36.1709851311125],[-86.6224012935572,36.1709851340339],[-86.6224012524241,36.1709851333448],[-86.6224012023989,36.1709851327015]]]},"properties":{"id":"113401","parcel":"086130A01300CO","address":"3713 HOGGETT FORD RD","owner":"MAPLES LIVING TRUST","point":[-86.62239648126017,36.17083932135073]}},{"type":"Feature","id":"113404","geometry":{"type":"Polygon","coordinates":[[[-86.6226769850907,36.1710703184537],[-86.6226876118683,36.1710706349504],[-86.6227356233268,36.1710751458967],[-86.6227769165557,36.1710799447406],[-86.6228178293134,36.1710865435421],[-86.6228582503238,36.1710949266532],[-86.6227600709341,36.1713745499402],[-86.6227009184339,36.1713622933935],[-86.622641192864,36.171352081122],[-86.6226299437955,36.171349526404],[-86.6226194186595,36.171345452036],[-86.6226099174237,36.1713399799431],[-86.6226017069224,36.1713332592591],[-86.6226016867453,36.171333237733],[-86.622595032141,36.1713254878986],[-86.622590111855,36.171316923394],[-86.6225870700139,36.1713077796057],[-86.6225860106933,36.1712983583687],[-86.6225869544564,36.1712889430225],[-86.622593811816,36.1712498579745],[-86.6226125022422,36.1711188944932],[-86.6226145511636,36.1711104346365],[-86.622614563164,36.1711104057344],[-86.6226182046852,36.1711023369197],[-86.6226233776922,36.1710948036633],[-86.6226233986343,36.1710947810238],[-86.6226299393567,36.1710880193983],[-86.622637729817,36.1710821516819],[-86.6226377619025,36.1710821325899],[-86.622646555661,36.1710773421076],[-86.622656201105,36.1710737143595],[-86.6226562343798,36.1710737051752],[-86.6226664289288,36.1710713516754],[-86.6226769850907,36.1710703184537]]]},"properties":{"id":"113404","parcel":"086130A04000CO","address":"5025 SUNFLOWER LN","owner":"PINKHASOV, NOA","point":[-86.62271487665426,36.171184728330765]}},{"type":"Feature","id":"113407","geometry":{"type":"Polygon","coordinates":[[[-86.6218006235941,36.1712798893602],[-86.6218421670793,36.1709888206796],[-86.6219879941831,36.1710025038521],[-86.6219464512256,36.1712935725818],[-86.6218006235941,36.1712798893602]]]},"properties":{"id":"113407","parcel":"086130A04400CO","address":"5009 SUNFLOWER LN","owner":"FLOWERS, JENNIFER N","point":[-86.6218943090535,36.17114119664538]}},{"type":"Feature","id":"113409","geometry":{"type":"Polygon","coordinates":[[[-86.6215187640275,36.1709592415762],[-86.6215300408518,36.1709595331974],[-86.6216963400258,36.1709751373308],[-86.6216547960199,36.1712662068635],[-86.6215711750289,36.171258360358],[-86.6215604694083,36.1712566373063],[-86.6215502655527,36.1712535525739],[-86.6215502354429,36.1712535401113],[-86.6215407829469,36.1712491708225],[-86.621532300473,36.1712436185948],[-86.6215250304631,36.1712370408012],[-86.6215250113909,36.171237018368],[-86.6215191452769,36.1712295879659],[-86.6215148178526,36.1712214845128],[-86.6214957790735,36.1711725298138],[-86.621495747224,36.1711724371483],[-86.6214794797034,36.1711229292252],[-86.6214794465518,36.1711228122324],[-86.621465952755,36.1710727826177],[-86.6214659354188,36.1710726979888],[-86.6214552279274,36.1710221925826],[-86.6214545028366,36.1710130638754],[-86.621455656509,36.1710039642491],[-86.6214586553447,36.1709951453276],[-86.6214634178995,36.1709868526719],[-86.6214698114724,36.1709793158846],[-86.6214776587329,36.1709727431676],[-86.6214867421313,36.1709673167935],[-86.621496810533,36.170963188565],[-86.6215075836005,36.1709604716813],[-86.6215187640275,36.1709592415762]]]},"properties":{"id":"113409","parcel":"086130A04600CO","address":"5001 SUNFLOWER LN","owner":"PATEL, ROSHNI & RUSHANG","point":[-86.62157571981908,36.17109812308035]}},{"type":"Feature","id":"113412","geometry":{"type":"Polygon","coordinates":[[[-86.6211225593641,36.1715966187341],[-86.6214516431871,36.1714548019116],[-86.6214935909473,36.1715144861915],[-86.6215390667253,36.1715724471109],[-86.6212306408659,36.1717420643727],[-86.6211225593641,36.1715966187341]]]},"properties":{"id":"113412","parcel":"086130A05100CO","address":"4024 MAGNOLIA FARMS DR","owner":"BARKER, STEPHEN MAURY","point":[-86.62126920622741,36.1716696345362]}},{"type":"Feature","id":"113416","geometry":{"type":"Polygon","coordinates":[[[-86.6219205754856,36.1723114839043],[-86.6221718218673,36.1720883194563],[-86.6223019410569,36.172184621248],[-86.622050687012,36.172407793211],[-86.6219205754856,36.1723114839043]]]},"properties":{"id":"113416","parcel":"086130A05700CO","address":"4048 MAGNOLIA FARMS DR","owner":"BIANCHI, TRIVENEE AUGUST TRUST","point":[-86.62211125848606,36.172248052729444]}},{"type":"Feature","id":"113419","geometry":{"type":"Polygon","coordinates":[[[-86.6225433242445,36.1714837251755],[-86.6225540027345,36.1714829752301],[-86.6225646931187,36.1714835996399],[-86.6226263168718,36.1714924782111],[-86.6226264337159,36.1714924947323],[-86.6226874609928,36.171503834979],[-86.6226875556136,36.171503852516],[-86.6227479107515,36.1715176440145],[-86.6226499556349,36.1717687349188],[-86.6224519467876,36.1717179528173],[-86.6225433242445,36.1714837251755]]]},"properties":{"id":"113419","parcel":"086130A09200CO","address":"5024 SUNFLOWER LN","owner":"MOLDOVANO, HODAYA","point":[-86.62259992904268,36.17161779850958]}},{"type":"Feature","id":"113422","geometry":{"type":"Polygon","coordinates":[[[-86.6211547650793,36.1729851124903],[-86.6210771995363,36.1728568581057],[-86.620999634244,36.1727286036668],[-86.620922068098,36.1726003500806],[-86.6208446240908,36.1724720471453],[-86.6207669387672,36.1723438409314],[-86.6207384337998,36.1722967093865],[-86.6200919380733,36.1712276076203],[-86.6201188539602,36.1710441896739],[-86.6202003227353,36.1704890174786],[-86.620427760681,36.1705089137167],[-86.620378857572,36.1708515112833],[-86.6205202079769,36.1708647758173],[-86.6208597011963,36.1708966325201],[-86.6208744200408,36.170949428169],[-86.6209217903542,36.1711193391678],[-86.6209674396469,36.1712830754694],[-86.6210343416307,36.1714426124966],[-86.6211225593641,36.1715966187341],[-86.6212306408659,36.1717420643727],[-86.6213573403373,36.1718772713239],[-86.6215011950115,36.1720006806773],[-86.6216353069743,36.1721003684769],[-86.6217779410402,36.1722059262764],[-86.6219205754856,36.1723114839043],[-86.622050687012,36.172407793211],[-86.6212407482625,36.1731271947424],[-86.6211547650793,36.1729851124903]]]},"properties":{"id":"113422","parcel":"086130A90000CO","address":"3763 MAGNOLIA FARMS DR","owner":"MAGNOLIA FARMS HOMEOWNERS ASSOCIATION, INC.","point":[-86.62086813623216,36.171808320118444]}},{"type":"Feature","id":"113915","geometry":{"type":"Polygon","coordinates":[[[-86.6205279978209,36.170810199789],[-86.6205692380409,36.1705212907016],[-86.6207107154379,36.1705336666194],[-86.6206693492885,36.1708234641428],[-86.6205279978209,36.170810199789]]]},"properties":{"id":"113915","parcel":"086130A00200CO","address":"3757 HOGGETT FORD RD","owner":"PHILIPPE, NOLSON J. & RIDLEY, TERRI","point":[-86.62061935687898,36.170671933241884]}},{"type":"Feature","id":"113918","geometry":{"type":"Polygon","coordinates":[[[-86.6206693492885,36.1708234641428],[-86.6207107154379,36.1705336666194],[-86.6208521928861,36.1705460432726],[-86.6208107008035,36.170836728331],[-86.6206693492885,36.1708234641428]]]},"properties":{"id":"113918","parcel":"086130A00300CO","address":"3753 HOGGETT FORD RD","owner":"COOPER, JASON AARON","point":[-86.62076077130484,36.17068475374534]}},{"type":"Feature","id":"113921","geometry":{"type":"Polygon","coordinates":[[[-86.6209520512542,36.1708499923594],[-86.6209936692598,36.1705584188644],[-86.6211351467963,36.1705707951858],[-86.6210934028636,36.1708632562164],[-86.6209520512542,36.1708499923594]]]},"properties":{"id":"113921","parcel":"086130A00500CO","address":"3745 HOGGETT FORD RD","owner":"PADANNAPPARAVILA, RAJEESH ET AL","point":[-86.6210435992436,36.17071039381037]}},{"type":"Feature","id":"113924","geometry":{"type":"Polygon","coordinates":[[[-86.6210934028636,36.1708632562164],[-86.6211351467963,36.1705707951858],[-86.6212667781546,36.1705823090475],[-86.6212732543262,36.1705877373338],[-86.6212732890088,36.1705877659955],[-86.6212733181055,36.1705877910809],[-86.6212733472588,36.1705878233762],[-86.6212788596711,36.1705939559985],[-86.6212840917312,36.1706021872897],[-86.6212875262275,36.1706109631801],[-86.6212875387223,36.1706109973636],[-86.6212875511958,36.1706110288433],[-86.6212875581754,36.1706110684628],[-86.6212891235865,36.1706201982541],[-86.6212887738074,36.1706294721908],[-86.6212776134772,36.1707076560344],[-86.6212711847175,36.1707633697066],[-86.6212711721908,36.1707634734157],[-86.6212677576093,36.170819425727],[-86.6212677545923,36.1708194662991],[-86.6212677537841,36.1708195050573],[-86.6212677518786,36.1708195456237],[-86.621267675807,36.1708209033088],[-86.6212675533341,36.1708222972831],[-86.6212673886027,36.1708236887711],[-86.6212672069552,36.1708249073047],[-86.6212671816055,36.1708250768716],[-86.621264840541,36.1708337211642],[-86.6212608289053,36.1708419522668],[-86.6212552484107,36.1708495578602],[-86.621248243162,36.1708563452347],[-86.6212399918552,36.1708621386265],[-86.6212307056393,36.1708667900435],[-86.6212206225726,36.1708701810968],[-86.621210002072,36.1708722239306],[-86.6211991160635,36.1708728666746],[-86.6211973917898,36.1708728349919],[-86.621197223895,36.170872828646],[-86.6211956683525,36.170872768156],[-86.6211939479816,36.1708726670565],[-86.6211922317746,36.1708725298852],[-86.6210934028636,36.1708632562164]]]},"properties":{"id":"113924","parcel":"086130A00600CO","address":"3741 HOGGETT FORD RD","owner":"LAWAL, FOLASHADE","point":[-86.62119305435021,36.17073525553695]}},{"type":"Feature","id":"113928","geometry":{"type":"Polygon","coordinates":[[[-86.6214999491854,36.1709014038305],[-86.6214891489665,36.1708996596294],[-86.6214789048981,36.170896543554],[-86.6214788592061,36.1708965284679],[-86.6214788223921,36.1708965115335],[-86.6214787855851,36.1708964955004],[-86.6214693641695,36.170891972832],[-86.6214609088208,36.1708863303336],[-86.6214536206913,36.170879704862],[-86.621447672175,36.1708722514474],[-86.6214476474465,36.1708722164257],[-86.6214476327921,36.1708721903647],[-86.6214476124955,36.1708721535176],[-86.6214433905787,36.1708640350979],[-86.6214433724981,36.1708639973382],[-86.6214433622404,36.1708639649457],[-86.6214433519756,36.1708639316521],[-86.6214407934889,36.170855314384],[-86.6214399802886,36.1708464312719],[-86.6214408627526,36.1708134884754],[-86.6214408716693,36.1708133496359],[-86.6214429192896,36.1707805801905],[-86.6214492548021,36.1707237620473],[-86.6214604086001,36.1706456169749],[-86.6214626695243,36.1706369622755],[-86.621466530729,36.1706286877785],[-86.6214719014619,36.1706209859189],[-86.6214786575407,36.1706140384886],[-86.6214845063695,36.1706096174475],[-86.6214845428375,36.170609590222],[-86.6214845771319,36.1706095693166],[-86.6214846169628,36.1706095456788],[-86.6214909987761,36.1706057626872],[-86.6214910386069,36.1706057390493],[-86.6214910729437,36.1706057235512],[-86.6214911161373,36.1706057035011],[-86.6214980507944,36.1706025395302],[-86.6216313318262,36.1706141977143],[-86.6215891450179,36.1709097732447],[-86.6214999491854,36.1709014038305]]]},"properties":{"id":"113928","parcel":"086130A00700CO","address":"3737 HOGGETT FORD RD","owner":"SMITH, JOHN COREY & KECIA","point":[-86.62152882581609,36.17075243268735]}},{"type":"Feature","id":"113931","geometry":{"type":"Polygon","coordinates":[[[-86.6217303144109,36.17092301927],[-86.6217726271398,36.1706265571039],[-86.6219139224905,36.1706389154269],[-86.621871483851,36.1709362651302],[-86.6217303144109,36.17092301927]]]},"properties":{"id":"113931","parcel":"086130A00900CO","address":"3729 HOGGETT FORD RD","owner":"BOMBARDIERE, KELLY","point":[-86.62182211867231,36.170780967386484]}},{"type":"Feature","id":"113934","geometry":{"type":"Polygon","coordinates":[[[-86.6221538228727,36.1709627563552],[-86.6221965144494,36.1706636333733],[-86.622337809939,36.1706759921012],[-86.6222949924542,36.1709760017198],[-86.6221538228727,36.1709627563552]]]},"properties":{"id":"113934","parcel":"086130A01200CO","address":"3717 HOGGETT FORD RD","owner":"SPRATT, LANDY & TIMOTHY","point":[-86.62224581659747,36.17081937426632]}},{"type":"Feature","id":"113937","geometry":{"type":"Polygon","coordinates":[[[-86.6227281102025,36.1707101294352],[-86.6227397962241,36.1707111515544],[-86.6228103439379,36.1707173216743],[-86.6228322232495,36.1707192348047],[-86.622832132689,36.170719876066],[-86.6228294406844,36.1707387343494],[-86.6227884857295,36.1710257086636],[-86.6227884709746,36.171025811483],[-86.6227883407577,36.1710257905247],[-86.62274342279,36.1710205705723],[-86.6226953791089,36.1710160570918],[-86.6226838605281,36.1710141391557],[-86.6226838115508,36.1710141303958],[-86.622683779232,36.1710141197474],[-86.6226837313378,36.1710141073769],[-86.6226820951,36.1710136796094],[-86.6226717402619,36.1710100540947],[-86.6226622564883,36.1710051028423],[-86.6226539004958,36.1709989606179],[-86.622646896993,36.1709917911928],[-86.6226414353601,36.1709837891631],[-86.6226376629094,36.1709751709721],[-86.6226356814943,36.1709661677178],[-86.6226355427729,36.1709647795957],[-86.6226355391768,36.1709647462677],[-86.6226355400195,36.1709647120155],[-86.6226355408128,36.1709646714549],[-86.6226358686255,36.170955167807],[-86.6226639088265,36.170758695945],[-86.622666194781,36.1707495643283],[-86.6226703165216,36.1707409351555],[-86.6226703351202,36.1707408972067],[-86.6226703538108,36.1707408709738],[-86.6226703779954,36.1707408366012],[-86.6226762347899,36.1707329050634],[-86.6226836990751,36.1707258466623],[-86.6226912974249,36.17072071626],[-86.6226997122023,36.1707165054343],[-86.6227087739971,36.1707132979746],[-86.6227183043586,36.1707111587907],[-86.6227281102025,36.1707101294352]]]},"properties":{"id":"113937","parcel":"086130A01400CO","address":"3709 HOGGETT FORD RD","owner":"KJS TENNESSEE INVESTMENT SERVICES TRUST","point":[-86.6227311940109,36.17085718809752]}},{"type":"Feature","id":"113941","geometry":{"type":"Polygon","coordinates":[[[-86.6223409901938,36.1713305030612],[-86.6223392653867,36.1713304047046],[-86.6223375447147,36.1713302666713],[-86.622238107744,36.1713209375895],[-86.6222571401631,36.1711875822714],[-86.6222796496389,36.1710298678604],[-86.6223816903349,36.1710394421421],[-86.6223920385256,36.1710410876534],[-86.6223920874959,36.1710410955123],[-86.6223921242253,36.1710411016317],[-86.622392171022,36.1710411158105],[-86.622402109268,36.1710440648504],[-86.6224113222545,36.1710482226105],[-86.6224113657591,36.1710482422138],[-86.6224114003363,36.1710482573569],[-86.6224114394372,36.1710482823905],[-86.6224197676524,36.1710535775927],[-86.6224269452127,36.1710598403696],[-86.6224269787914,36.171059869938],[-86.6224270056445,36.171059892331],[-86.6224270325824,36.1710599255385],[-86.6224329352612,36.1710670483799],[-86.6224373745283,36.1710748033389],[-86.6224373959369,36.17107484018],[-86.6224374117173,36.1710748680377],[-86.6224374253594,36.1710749067213],[-86.6224403245709,36.1710831590046],[-86.6224415916222,36.1710916450189],[-86.6224415974979,36.1710916855452],[-86.6224416021984,36.1710917179662],[-86.6224416002936,36.1710917585326],[-86.6224412118087,36.1711003323947],[-86.6224221702323,36.1712337535857],[-86.6224176523501,36.1712603324298],[-86.6224117210126,36.1712866860376],[-86.6224117124315,36.1712867257371],[-86.6224117038362,36.1712867636343],[-86.6224116930321,36.1712868033453],[-86.6224113244099,36.1712881318969],[-86.6224109037938,36.1712894922606],[-86.6224104919513,36.1712906957602],[-86.6224104408622,36.1712908429286],[-86.6224064901785,36.1712991801028],[-86.6224009372862,36.1713068937572],[-86.6223939284477,36.1713137830583],[-86.6223856445667,36.1713196704265],[-86.622376302306,36.171324402432],[-86.6223661441204,36.1713278543522],[-86.6223554316571,36.1713299392182],[-86.6223444468042,36.1713305996988],[-86.6223427180811,36.1713305689567],[-86.6223425301708,36.1713305618142],[-86.6223409901938,36.1713305030612]]]},"properties":{"id":"113941","parcel":"086130A04100CO","address":"5021 SUNFLOWER LN","owner":"PROFFITT, JANEE BROOKE & MICAH DAVID","point":[-86.62234917610783,36.171143957369104]}},{"type":"Feature","id":"113944","geometry":{"type":"Polygon","coordinates":[[[-86.6220922800119,36.1713072547203],[-86.6221338224416,36.1710161859414],[-86.6222796496389,36.1710298678604],[-86.6222571401631,36.1711875822714],[-86.622238107744,36.1713209375895],[-86.6220922800119,36.1713072547203]]]},"properties":{"id":"113944","parcel":"086130A04200CO","address":"5017 SUNFLOWER LN","owner":"KACZMAREK, NICHOLAS ROBERT & BRENDA KAY","point":[-86.6221945381905,36.17110849203622]}},{"type":"Feature","id":"113947","geometry":{"type":"Polygon","coordinates":[[[-86.6208744200408,36.170949428169],[-86.6208597011963,36.1708966325201],[-86.6212150082262,36.1709299732675],[-86.6212262527767,36.1709318224558],[-86.6212369444688,36.1709351804895],[-86.6212369790245,36.1709351929292],[-86.6212468226162,36.1709399730049],[-86.6212555525374,36.170946044906],[-86.6212628726991,36.1709532136827],[-86.6212685902695,36.1709612694335],[-86.6212686071397,36.1709612945819],[-86.6212725659741,36.1709700281178],[-86.6212746552455,36.1709791975711],[-86.621280845382,36.1710227649335],[-86.6212888747201,36.1710661344656],[-86.6209217903542,36.1711193391678],[-86.6208744200408,36.170949428169]]]},"properties":{"id":"113947","parcel":"086130A04700CO","address":"4008 MAGNOLIA FARMS DR","owner":"BHATT, NIMESH & FALGUNI NIMESH","point":[-86.62108309978655,36.17100036538806]}},{"type":"Feature","id":"113950","geometry":{"type":"Polygon","coordinates":[[[-86.6212306408659,36.1717420643727],[-86.6215390667253,36.1715724471109],[-86.62157152241,36.1716097858011],[-86.621571611011,36.1716098862856],[-86.6216057032496,36.1716462693174],[-86.6216057861872,36.1716463563123],[-86.6216415496569,36.171681811445],[-86.6213573403373,36.1718772713239],[-86.6212306408659,36.1717420643727]]]},"properties":{"id":"113950","parcel":"086130A05200CO","address":"4028 MAGNOLIA FARMS DR","owner":"IZQUIERDO, MAGALY & CESAR","point":[-86.62144164376414,36.17171195562877]}},{"type":"Feature","id":"113954","geometry":{"type":"Polygon","coordinates":[[[-86.6213573403373,36.1718772713239],[-86.6216415496569,36.171681811445],[-86.6216787614212,36.1717161172147],[-86.6216788576972,36.1717162041407],[-86.6217175670731,36.1717494125651],[-86.6217176610626,36.1717494913916],[-86.6217579082983,36.1717816320033],[-86.6215011950115,36.1720006806773],[-86.6213573403373,36.1718772713239]]]},"properties":{"id":"113954","parcel":"086130A05300CO","address":"4032 MAGNOLIA FARMS DR","owner":"WAITE, AMANDA WAGNER","point":[-86.62156440247887,36.17182947325606]}},{"type":"Feature","id":"113957","geometry":{"type":"Polygon","coordinates":[[[-86.6216353069743,36.1721003684769],[-86.621886561207,36.1718771964589],[-86.6220291919067,36.1719827584911],[-86.6217779410402,36.1722059262764],[-86.6216353069743,36.1721003684769]]]},"properties":{"id":"113957","parcel":"086130A05500CO","address":"4040 MAGNOLIA FARMS DR","owner":"GREENE, ERICK & BUTLER, HEIDI N.","point":[-86.62183224934918,36.17204156364638]}},{"type":"Feature","id":"118857","geometry":{"type":"Polygon","coordinates":[[[-86.6229252262065,36.1710545597865],[-86.6229695865525,36.1707436656004],[-86.6230391139082,36.1707611615482],[-86.6231074312889,36.1707815495289],[-86.6230623166385,36.171097672248],[-86.6229464008129,36.1710608530393],[-86.6229317335864,36.1710564395725],[-86.6229252262065,36.1710545597865]]]},"properties":{"id":"118857","parcel":"086130A01600CO","address":"3701 HOGGETT FORD RD","owner":"HELM, THOMAS","point":[-86.62301632700446,36.170918054688855]}},{"type":"Feature","id":"118860","geometry":{"type":"Polygon","coordinates":[[[-86.6231993451577,36.1711412327987],[-86.623244459287,36.1708251100321],[-86.623381486324,36.1708686703849],[-86.6233365286612,36.1711837027736],[-86.623314546506,36.1711773470663],[-86.623281018538,36.1711671674571],[-86.6231993451577,36.1711412327987]]]},"properties":{"id":"118860","parcel":"086130A01800CO","address":"3693 HOGGETT FORD RD","owner":"RAMOS, GERALDINE BALMACEDA & KENETH MABBAYAD","point":[-86.62329041597035,36.171004951629136]}},{"type":"Feature","id":"118864","geometry":{"type":"Polygon","coordinates":[[[-86.6238968434105,36.171272445044],[-86.6239404566918,36.1709668131991],[-86.6240819343469,36.1709791914784],[-86.6240383216037,36.1712848233733],[-86.6238968434105,36.171272445044]]]},"properties":{"id":"118864","parcel":"086130A02300CO","address":"3673 HOGGETT FORD RD","owner":"WINCEK, SHERRIE A LIVING TRUST","point":[-86.62398938905102,36.17112581829978]}},{"type":"Feature","id":"118868","geometry":{"type":"Polygon","coordinates":[[[-86.6240383216037,36.1712848233733],[-86.6240819343469,36.1709791914784],[-86.6242233953522,36.1709915669742],[-86.6241837708472,36.1712975478136],[-86.6240383216037,36.1712848233733]]]},"properties":{"id":"118868","parcel":"086130A02400CO","address":"3669 HOGGETT FORD RD","owner":"GILLUM, KATHERINE H","point":[-86.62413182713333,36.17113819825268]}},{"type":"Feature","id":"118872","geometry":{"type":"Polygon","coordinates":[[[-86.6243252457954,36.1713099258238],[-86.6243648697539,36.1710039440377],[-86.6245039193392,36.1710161099695],[-86.6244642947993,36.1713220918059],[-86.6243252457954,36.1713099258238]]]},"properties":{"id":"118872","parcel":"086130A02600CO","address":"3661 HOGGETT FORD RD","owner":"SKELLEY, RICHARD A. JR. & BETH W.","point":[-86.62441458246708,36.171163017931924]}},{"type":"Feature","id":"118876","geometry":{"type":"Polygon","coordinates":[[[-86.6241749311844,36.1714915035594],[-86.6242289804478,36.171356762758],[-86.6245323340846,36.1713833019738],[-86.6245418679003,36.1713847045702],[-86.6245510567935,36.1713871940646],[-86.6245597158409,36.1713907191408],[-86.6245676677434,36.1713952086158],[-86.6245747483774,36.1714005705096],[-86.624579513599,36.171405223378],[-86.624584912678,36.1714121693703],[-86.6245889757338,36.1714196900679],[-86.6245916136223,36.1714276164957],[-86.6245927660564,36.171435774122],[-86.6245924082466,36.1714439792184],[-86.6245905476515,36.1714520496924],[-86.6245718747959,36.171504485937],[-86.6245505188255,36.1715562456979],[-86.6245265156853,36.171607235958],[-86.6241749311844,36.1714915035594]]]},"properties":{"id":"118876","parcel":"086130A02800CO","address":"1004 ORANGE BLOSSOM LN","owner":"HUTTON, STELLA M.","point":[-86.62438319715183,36.17147177824244]}},{"type":"Feature","id":"118881","geometry":{"type":"Polygon","coordinates":[[[-86.623750893499,36.1719483032633],[-86.623872748591,36.1718439703393],[-86.6242185924969,36.1720302981379],[-86.6241237671536,36.172146002505],[-86.6241189668222,36.1721511617881],[-86.6241134579025,36.172155831747],[-86.6241073132664,36.1721599498184],[-86.6241011163726,36.172163218274],[-86.6240910988976,36.1721670400275],[-86.6240804492667,36.1721694906314],[-86.6240694492918,36.1721705028368],[-86.6240583922262,36.1721700507933],[-86.6240475738509,36.172168147392],[-86.6240406314319,36.1721660887625],[-86.6240335056955,36.1721631938125],[-86.6240268450058,36.1721596439477],[-86.6240207397865,36.1721554882696],[-86.623750893499,36.1719483032633]]]},"properties":{"id":"118881","parcel":"086130A03200CO","address":"1020 ORANGE BLOSSOM LN","owner":"GOODWIN, ELIZABETH MICHELLE","point":[-86.6239734854499,36.171989265573245]}},{"type":"Feature","id":"118885","geometry":{"type":"Polygon","coordinates":[[[-86.6227955784312,36.1713830061897],[-86.6227600709341,36.1713745499402],[-86.6228582503238,36.1710949266532],[-86.6228937471829,36.1711038831266],[-86.622928677828,36.1711141998054],[-86.6230589311002,36.1711556072277],[-86.6229223975524,36.1714197683722],[-86.6229031135409,36.1714134644575],[-86.6229029307918,36.1714134068189],[-86.6228796320141,36.1714061376435],[-86.6228794504048,36.171406083604],[-86.6228559963848,36.1713991450853],[-86.6228558036532,36.1713990902019],[-86.6228330075827,36.1713927052607],[-86.6228320640598,36.1713924469622],[-86.6228082906408,36.1713861670989],[-86.6227955784312,36.1713830061897]]]},"properties":{"id":"118885","parcel":"086130A03900CO","address":"5029 SUNFLOWER LN","owner":"GAMBOA, BERNARD G","point":[-86.62290041484313,36.17126505006137]}},{"type":"Feature","id":"118887","geometry":{"type":"Polygon","coordinates":[[[-86.6238249476125,36.1726142560256],[-86.6240812001853,36.1723948515122],[-86.6242091230112,36.1724930687693],[-86.623952870475,36.1727124735484],[-86.6238249476125,36.1726142560256]]]},"properties":{"id":"118887","parcel":"086130A08200CO","address":"5064 SUNFLOWER LN","owner":"ENNO, MADELINE & KOEHLER, JOHN MITCHELL","point":[-86.62401703545845,36.172553662552716]}},{"type":"Feature","id":"118891","geometry":{"type":"Polygon","coordinates":[[[-86.623313258225,36.1722213854596],[-86.6235695109438,36.1720019820091],[-86.6236974325031,36.1721001998189],[-86.6234411798208,36.1723196035351],[-86.623313258225,36.1722213854596]]]},"properties":{"id":"118891","parcel":"086130A08600CO","address":"5048 SUNFLOWER LN","owner":"BOYD, CALVIN NEIL & SANDRA JEAN","point":[-86.62350534551064,36.17216079279452]}},{"type":"Feature","id":"118894","geometry":{"type":"Polygon","coordinates":[[[-86.6230574148791,36.172024949801],[-86.623313667671,36.1718055468821],[-86.6234415897084,36.1719037649624],[-86.6231853358344,36.1721231672516],[-86.6230574148791,36.172024949801]]]},"properties":{"id":"118894","parcel":"086130A08800CO","address":"5040 SUNFLOWER LN","owner":"KOVALSKY, DIANE M. REVOCABLE TRUST","point":[-86.6232495021407,36.17196435753603]}},{"type":"Feature","id":"118897","geometry":{"type":"Polygon","coordinates":[[[-86.6229314333946,36.1719282209953],[-86.6231633710879,36.1716954286193],[-86.6232055001971,36.1717238161147],[-86.6232460789556,36.1717536518095],[-86.623313667671,36.1718055468821],[-86.6230574148791,36.172024949801],[-86.6229314333946,36.1719282209953]]]},"properties":{"id":"118897","parcel":"086130A08900CO","address":"5036 SUNFLOWER LN","owner":"MERCADANTE, NICHOLAS P REVOCABLE TRUST, THE","point":[-86.62311727149327,36.17186686747471]}},{"type":"Feature","id":"118941","geometry":{"type":"Polygon","coordinates":[[[-86.6228294406844,36.1707387343494],[-86.622832132689,36.170719876066],[-86.6228522993861,36.1707225343573],[-86.6228740908618,36.1707257187062],[-86.6228946973833,36.1707290398487],[-86.6228949689527,36.1707290844114],[-86.6229155400264,36.1707327040495],[-86.6229157715531,36.1707327452138],[-86.6229363405739,36.170736669484],[-86.6229695865525,36.1707436656004],[-86.6229252262065,36.1710545597865],[-86.6228768132363,36.1710420883784],[-86.6228648723104,36.1710396111558],[-86.6228290495215,36.171032460673],[-86.6227928894671,36.1710265250123],[-86.6227884709746,36.171025811483],[-86.6227884857295,36.1710257086636],[-86.6228294406844,36.1707387343494]]]},"properties":{"id":"118941","parcel":"086130A01500CO","address":"3705 HOGGETT FORD RD","owner":"DURIEZ, DALTON & KATHERINE BRETT","point":[-86.62287903806165,36.1708846871744]}},{"type":"Feature","id":"118945","geometry":{"type":"Polygon","coordinates":[[[-86.6230623166385,36.171097672248],[-86.6231074312889,36.1707815495289],[-86.623244459287,36.1708251100321],[-86.6231993451577,36.1711412327987],[-86.6230623166385,36.171097672248]]]},"properties":{"id":"118945","parcel":"086130A01700CO","address":"3697 HOGGETT FORD RD","owner":"MCLAREN, SHAOLU","point":[-86.62315338812054,36.17096139117718]}},{"type":"Feature","id":"118949","geometry":{"type":"Polygon","coordinates":[[[-86.6233365286612,36.1711837027736],[-86.623381486324,36.1708686703849],[-86.6234206383495,36.1708810740624],[-86.6234450160183,36.1708884430084],[-86.6234692803238,36.170895388944],[-86.6234695510304,36.1708954650539],[-86.6234942022028,36.1709021332014],[-86.6234942601219,36.1709021482236],[-86.6235190508104,36.1709084641549],[-86.6234748648932,36.1712180949773],[-86.6234283946778,36.17120759562],[-86.6233698306864,36.1711928524958],[-86.6233365286612,36.1711837027736]]]},"properties":{"id":"118949","parcel":"086130A01900CO","address":"3689 HOGGETT FORD RD","owner":"GRIFFIN, VIRGINIA BLACKBURN","point":[-86.62342778997869,36.1710460835018]}},{"type":"Feature","id":"118956","geometry":{"type":"Polygon","coordinates":[[[-86.6241837708472,36.1712975478136],[-86.6242233953522,36.1709915669742],[-86.6243648697539,36.1710039440377],[-86.6243252457954,36.1713099258238],[-86.6241837708472,36.1712975478136]]]},"properties":{"id":"118956","parcel":"086130A02500CO","address":"3665 HOGGETT FORD RD","owner":"SOARES, ELZA H. & WILLIAMS, SELENE CRUZ","point":[-86.62427432049914,36.17115074596277]}},{"type":"Feature","id":"118960","geometry":{"type":"Polygon","coordinates":[[[-86.6244642947993,36.1713220918059],[-86.6245039193392,36.1710161099695],[-86.6245974859488,36.1710242950262],[-86.6246078625862,36.1710258771125],[-86.624617810292,36.1710287466109],[-86.6246270884047,36.1710328317648],[-86.6246354727297,36.1710380345963],[-86.6246427588669,36.1710442299875],[-86.6246471233627,36.1710490958217],[-86.6246483205677,36.1710506560116],[-86.6246496030873,36.1710524636058],[-86.6246538467,36.1710600473567],[-86.6246566320196,36.1710680640479],[-86.6246578942279,36.1710763283559],[-86.6246576051795,36.171084653866],[-86.6246358001845,36.1712530350838],[-86.6246315563892,36.1712825669179],[-86.624629081413,36.1712918058981],[-86.6246246896537,36.1713005645134],[-86.6246185124499,36.1713085825217],[-86.6246107302388,36.1713156237607],[-86.6246015748146,36.1713214806428],[-86.624591318235,36.171325976916],[-86.6245802618189,36.171328982141],[-86.6245687338742,36.1713304053942],[-86.6245570764515,36.171330207053],[-86.6244642947993,36.1713220918059]]]},"properties":{"id":"118960","parcel":"086130A02700CO","address":"3657 HOGGETT FORD RD","owner":"FLETCHER, CORD JASON","point":[-86.62456545449635,36.17116858973514]}},{"type":"Feature","id":"118963","geometry":{"type":"Polygon","coordinates":[[[-86.6234825952561,36.1717423056215],[-86.6237388448623,36.1715229035914],[-86.6238667669561,36.1716211194262],[-86.6236105162891,36.1718405235303],[-86.6234825952561,36.1717423056215]]]},"properties":{"id":"118963","parcel":"086130A03400CO","address":"5049 SUNFLOWER LN","owner":"SEXTON, JACOB & RETER, MADELYN","point":[-86.62367468139315,36.17168171267955]}},{"type":"Feature","id":"118967","geometry":{"type":"Polygon","coordinates":[[[-86.6230770719412,36.1714803663882],[-86.6232597778597,36.1712194076665],[-86.6232832023392,36.1712265499436],[-86.6233147861966,36.1712357373934],[-86.623315037973,36.1712358090951],[-86.6233470545794,36.1712446157736],[-86.6233470946789,36.1712446263816],[-86.6233790338115,36.17125290892],[-86.6233792833013,36.171252972522],[-86.6234116484421,36.1712608653109],[-86.623476938245,36.1712752852715],[-86.6234438932611,36.1713115900682],[-86.6232218667548,36.1715555155459],[-86.6232047483276,36.1715455711348],[-86.623204638903,36.1715455086118],[-86.6231840642171,36.1715339561745],[-86.6231838465361,36.1715338383324],[-86.6231631345435,36.171522635387],[-86.6231626858434,36.1715223997716],[-86.6231419626837,36.1715116141624],[-86.6231417417108,36.1715115017447],[-86.6231205586343,36.1715008915476],[-86.6230989235703,36.1714904756478],[-86.6230987238649,36.1714903820467],[-86.6230770719412,36.1714803663882]]]},"properties":{"id":"118967","parcel":"086130A03700CO","address":"5037 SUNFLOWER LN","owner":"WOLFGANG, AMY R. & ROBERT G.","point":[-86.62325160261332,36.171395950427815]}},{"type":"Feature","id":"118971","geometry":{"type":"Polygon","coordinates":[[[-86.6242210177719,36.1729183510276],[-86.6244772702316,36.1726989456914],[-86.6245982155673,36.1727918037064],[-86.6246055620414,36.1727984422039],[-86.6246114892503,36.172805956857],[-86.62461583669,36.1728141511211],[-86.6246184914893,36.1728228074764],[-86.6246193840418,36.1728316973636],[-86.6246184913903,36.1728405874763],[-86.6246158350321,36.1728492433762],[-86.6246114865333,36.1728574366748],[-86.6246055597984,36.1728649513821],[-86.624598211112,36.1728715893139],[-86.6245896358549,36.1728771764175],[-86.6245483024328,36.1728998865663],[-86.6244031521413,36.172979636289],[-86.6243405909406,36.1730101565132],[-86.6242210177719,36.1729183510276]]]},"properties":{"id":"118971","parcel":"086130A07900CO","address":"5076 SUNFLOWER LN","owner":"OUEN, SOPHEAT & SOPHEAP, LYLY","point":[-86.6244558819,36.172852845231574]}},{"type":"Feature","id":"118975","geometry":{"type":"Polygon","coordinates":[[[-86.624080793647,36.1728106900318],[-86.6243370461467,36.1725912849869],[-86.6244772702316,36.1726989456914],[-86.6242210177719,36.1729183510276],[-86.6240926100073,36.1728197622764],[-86.624080793647,36.1728106900318]]]},"properties":{"id":"118975","parcel":"086130A08000CO","address":"5072 SUNFLOWER LN","owner":"WHITE, JASON M & MONIQUE G","point":[-86.6242790320786,36.1727548180268]}},{"type":"Feature","id":"118979","geometry":{"type":"Polygon","coordinates":[[[-86.623952870475,36.1727124735484],[-86.6242091230112,36.1724930687693],[-86.6243370461467,36.1725912849869],[-86.624080793647,36.1728106900318],[-86.623952870475,36.1727124735484]]]},"properties":{"id":"118979","parcel":"086130A08100CO","address":"5068 SUNFLOWER LN","owner":"SANTANA, ROBERTO G. & TUTTOILMONDO, LISA A.","point":[-86.62414495845745,36.17265187942292]}},{"type":"Feature","id":"118981","geometry":{"type":"Polygon","coordinates":[[[-86.6235691017332,36.1724178214724],[-86.623825354379,36.1721984174905],[-86.623953277676,36.172296634117],[-86.6236970239552,36.1725160383704],[-86.6235691017332,36.1724178214724]]]},"properties":{"id":"118981","parcel":"086130A08400CO","address":"5056 SUNFLOWER LN","owner":"JOHNSON, NORADEAN","point":[-86.62376118969823,36.17235722794949]}},{"type":"Feature","id":"118985","geometry":{"type":"Polygon","coordinates":[[[-86.6228081730627,36.1718335806497],[-86.6229692536931,36.1715922606218],[-86.6230199188222,36.1716153209562],[-86.6230692280006,36.1716402385498],[-86.6231170785458,36.171666959859],[-86.6231633710879,36.1716954286193],[-86.6229314333946,36.1719282209953],[-86.6228081730627,36.1718335806497]]]},"properties":{"id":"118985","parcel":"086130A09000CO","address":"5032 SUNFLOWER LN","owner":"JOHN, NIGEL R & GLEN, SHAUNIELLE S","point":[-86.62297438281254,36.171764468902914]}},{"type":"Feature","id":"118988","geometry":{"type":"Polygon","coordinates":[[[-86.6226052139789,36.1718102631168],[-86.6226499556349,36.1717687349188],[-86.6228081730627,36.1718335806497],[-86.6229314333946,36.1719282209953],[-86.6230574148791,36.172024949801],[-86.6231853358344,36.1721231672516],[-86.623313258225,36.1722213854596],[-86.6234411798208,36.1723196035351],[-86.6235691017332,36.1724178214724],[-86.6236970239552,36.1725160383704],[-86.6238249476125,36.1726142560256],[-86.623952870475,36.1727124735484],[-86.624080793647,36.1728106900318],[-86.6240926100073,36.1728197622764],[-86.6240365431706,36.1728695654079],[-86.6238333099846,36.1727191587847],[-86.623776297546,36.172676966364],[-86.6236461768712,36.1725806661686],[-86.6235160542892,36.172484365842],[-86.6233859331417,36.1723880662681],[-86.6232558134144,36.1722917656444],[-86.6231256917869,36.1721954657907],[-86.6229955715798,36.1720991648872],[-86.6228654516955,36.1720028647422],[-86.62273533212,36.1719065635532],[-86.6226052139789,36.1718102631168]]]},"properties":{"id":"118988","parcel":"086130A90500CO","address":"0 MAGNOLIA FARMS DR","owner":"BEAZER HOMES, LLC","point":[-86.62334883161903,36.172305685679476]}},{"type":"Feature","id":"118992","geometry":{"type":"Polygon","coordinates":[[[-86.6221808065715,36.1725040942237],[-86.6224320605554,36.1722809219958],[-86.6225621803767,36.172377223502],[-86.6223109264538,36.172600395995],[-86.6221808065715,36.1725040942237]]]},"properties":{"id":"118992","parcel":"086130A05900CO","address":"4056 MAGNOLIA FARMS DR","owner":"WHITE, CORTNEY & ADRIAN","point":[-86.62237149362652,36.17244065901595]}},{"type":"Feature","id":"119416","geometry":{"type":"Polygon","coordinates":[[[-86.6234748648932,36.1712180949773],[-86.6235190508104,36.1709084641549],[-86.6235319316961,36.1709115952766],[-86.6235320352651,36.1709116199767],[-86.6235567735045,36.1709173431439],[-86.6235570184836,36.1709173986576],[-86.6235819319199,36.1709227838442],[-86.6235821579466,36.1709228322456],[-86.6236074135546,36.170927910133],[-86.6236327697174,36.1709326287951],[-86.62365819304,36.1709369820955],[-86.6236582253164,36.1709369873363],[-86.6236144876525,36.1712434768146],[-86.623567686399,36.1712359786057],[-86.6235086311555,36.1712250684305],[-86.6234748648932,36.1712180949773]]]},"properties":{"id":"119416","parcel":"086130A02000CO","address":"3685 HOGGETT FORD RD","owner":"HELLIWELL, MICHAEL A. & BARBARA","point":[-86.62356654513924,36.17107754119411]}},{"type":"Feature","id":"119420","geometry":{"type":"Polygon","coordinates":[[[-86.6237553652685,36.17126006745],[-86.6237989790808,36.1709544347541],[-86.6239404566918,36.1709668131991],[-86.6238968434105,36.171272445044],[-86.6237553652685,36.17126006745]]]},"properties":{"id":"119420","parcel":"086130A02200CO","address":"3677 HOGGETT FORD RD","owner":"NEVES, SIMONE S. & MATTEO SIMONI","point":[-86.6238479111199,36.171113440363015]}},{"type":"Feature","id":"119424","geometry":{"type":"Polygon","coordinates":[[[-86.6240071452374,36.1717288988619],[-86.6241007793355,36.1716145535182],[-86.6244294549861,36.1717683043189],[-86.6244126230592,36.1717914031959],[-86.6244003981914,36.1718075304458],[-86.6243825202963,36.1718302102369],[-86.6243251784708,36.1719002434277],[-86.6240071452374,36.1717288988619]]]},"properties":{"id":"119424","parcel":"086130A03000CO","address":"1012 ORANGE BLOSSOM LN","owner":"CLICK, AMANDA M & RYAN","point":[-86.62421558518831,36.1717485932554]}},{"type":"Feature","id":"119429","geometry":{"type":"Polygon","coordinates":[[[-86.623872748591,36.1718439703393],[-86.6240071452374,36.1717288988619],[-86.6243251784708,36.1719002434277],[-86.6242185924969,36.1720302981379],[-86.623872748591,36.1718439703393]]]},"properties":{"id":"119429","parcel":"086130A03100CO","address":"1016 ORANGE BLOSSOM LN","owner":"DWYER, WILLIAM M & SHERRY L","point":[-86.6240989634956,36.17187210709693]}},{"type":"Feature","id":"119433","geometry":{"type":"Polygon","coordinates":[[[-86.6236105162891,36.1718405235303],[-86.6238667669561,36.1716211194262],[-86.6240071452374,36.1717288988619],[-86.623872748591,36.1718439703393],[-86.623750893499,36.1719483032633],[-86.6236105162891,36.1718405235303]]]},"properties":{"id":"119433","parcel":"086130A03300CO","address":"5053 SUNFLOWER LN","owner":"REID, SHARAH","point":[-86.62380883075387,36.17178471136097]}},{"type":"Feature","id":"119435","geometry":{"type":"Polygon","coordinates":[[[-86.6233546997437,36.1716441829777],[-86.6236102040359,36.1714241388625],[-86.6237388448623,36.1715229035914],[-86.6234825952561,36.1717423056215],[-86.6233648869767,36.1716519280451],[-86.6233546997437,36.1716441829777]]]},"properties":{"id":"119435","parcel":"086130A03500CO","address":"5045 SUNFLOWER LN","owner":"SHINDE, ARPITA & PHADTARE, MAYUR","point":[-86.6235465658371,36.17158354279017]}},{"type":"Feature","id":"119439","geometry":{"type":"Polygon","coordinates":[[[-86.6229223975524,36.1714197683722],[-86.6230589311002,36.1711556072277],[-86.6232461498055,36.1712151240607],[-86.6232597778597,36.1712194076665],[-86.6230770719412,36.1714803663882],[-86.6230587347486,36.1714721956133],[-86.6230140503488,36.1714534367692],[-86.6229914112336,36.1714445356385],[-86.6229911681862,36.1714444431622],[-86.6229685867811,36.1714359545053],[-86.6229455781453,36.1714276987709],[-86.6229453507654,36.1714276197324],[-86.6229223975524,36.1714197683722]]]},"properties":{"id":"119439","parcel":"086130A03800CO","address":"5033 SUNFLOWER LN","owner":"BADE, RAJENDRA & MUNA BISTA","point":[-86.62308189405105,36.17131955919764]}},{"type":"Feature","id":"119444","geometry":{"type":"Polygon","coordinates":[[[-86.6253097479987,36.1730272791335],[-86.6252430811228,36.172729981619],[-86.6252791381293,36.1727258211994],[-86.6253154719434,36.172723779993],[-86.6253518914542,36.1727238680023],[-86.6253882088007,36.172726084398],[-86.6255059016969,36.1727367402765],[-86.625464540212,36.1730370416796],[-86.6253097479987,36.1730272791335]]]},"properties":{"id":"119444","parcel":"086130A07800CO","address":"4132 MAGNOLIA FARMS DR","owner":"WILLIAMS, ANGELA","point":[-86.62538147011543,36.172881927288344]}},{"type":"Feature","id":"119448","geometry":{"type":"Polygon","coordinates":[[[-86.6236970239552,36.1725160383704],[-86.623953277676,36.172296634117],[-86.6240812001853,36.1723948515122],[-86.6238249476125,36.1726142560256],[-86.6236970239552,36.1725160383704]]]},"properties":{"id":"119448","parcel":"086130A08300CO","address":"5060 SUNFLOWER LN","owner":"TOFT, TYLER & BOURKE, SHANNON","point":[-86.6238891123698,36.17245544509706]}},{"type":"Feature","id":"119450","geometry":{"type":"Polygon","coordinates":[[[-86.6231853358344,36.1721231672516],[-86.6234415897084,36.1719037649624],[-86.6235695109438,36.1720019820091],[-86.623313258225,36.1722213854596],[-86.6231853358344,36.1721231672516]]]},"properties":{"id":"119450","parcel":"086130A08700CO","address":"5044 SUNFLOWER LN","owner":"SIPES, JEREMIAH","point":[-86.62337742383538,36.17206257478657]}},{"type":"Feature","id":"119454","geometry":{"type":"Polygon","coordinates":[[[-86.6226499556349,36.1717687349188],[-86.6227479107515,36.1715176440145],[-86.6228048174912,36.1715330917615],[-86.6228607597287,36.1715507038713],[-86.6229156137848,36.1715704422293],[-86.6229692536931,36.1715922606218],[-86.6228081730627,36.1718335806497],[-86.6226499556349,36.1717687349188]]]},"properties":{"id":"119454","parcel":"086130A09100CO","address":"5028 SUNFLOWER LN","owner":"ARYAL, RAMESH & ANJU PATHAK","point":[-86.62279733828225,36.17168045923367]}},{"type":"Feature","id":"119461","geometry":{"type":"Polygon","coordinates":[[[-86.6238667669561,36.1716211194262],[-86.6237388448623,36.1715229035914],[-86.6236102040359,36.1714241388625],[-86.6234438932611,36.1713115900682],[-86.623476938245,36.1712752852715],[-86.6235657070765,36.1712917568358],[-86.62365533292,36.1713048288704],[-86.6237456165686,36.1713144726611],[-86.6242289804478,36.171356762758],[-86.6241749311844,36.1714915035594],[-86.6241007793355,36.1716145535182],[-86.6240071452374,36.1717288988619],[-86.6238667669561,36.1716211194262]]]},"properties":{"id":"119461","parcel":"086130A90200CO","address":"0 ORANGE BLOSSOM LN","owner":"MAGNOLIA FARMS HOMEOWNERS ASSOC., INC","point":[-86.62394124598244,36.17150715464492]}},{"type":"Feature","id":"119465","geometry":{"type":"Polygon","coordinates":[[[-86.6246445134461,36.1726344083214],[-86.6242479443028,36.1723299315271],[-86.6242408882279,36.172323601538],[-86.6242351252188,36.1723164618412],[-86.6242307966969,36.1723086856481],[-86.6242280041672,36.1723004589941],[-86.6242268170067,36.1722919815997],[-86.6242272623755,36.1722834561074],[-86.6242293307952,36.1722750907564],[-86.6242329715975,36.1722670858879],[-86.6242380973694,36.1722596339217],[-86.624519857433,36.1719158356803],[-86.6245583472381,36.1718667532351],[-86.6245943664017,36.1718164542463],[-86.6246278577589,36.1717650192238],[-86.6246622944966,36.1717061754696],[-86.624693422604,36.1716461321305],[-86.6247211785765,36.1715850112074],[-86.6247455056009,36.1715229373703],[-86.6247663546594,36.171460037051],[-86.6247836823065,36.1713964384547],[-86.6247974539963,36.1713322706415],[-86.6248076429781,36.1712676644335],[-86.6248293554123,36.1710999965573],[-86.6248312971289,36.1710915038702],[-86.624834855611,36.171083364218],[-86.6248399446099,36.1710757763235],[-86.6248464366726,36.1710689292094],[-86.6248541719493,36.1710629913366],[-86.6248629604161,36.1710581105937],[-86.6248725818114,36.1710544061855],[-86.6248828012042,36.1710519694537],[-86.624893365652,36.1710508629934],[-86.6249040130223,36.171051111594],[-86.6261344058406,36.1711587426155],[-86.6261456677534,36.1711605191554],[-86.6261563991942,36.171163812559],[-86.6261662903795,36.1711685252949],[-86.6261750601409,36.1711745236334],[-86.6261824559173,36.1711816367446],[-86.626188264892,36.1711896593451],[-86.6261923218437,36.171198360669],[-86.626194510323,36.1712074925734],[-86.6261947660147,36.171216793126],[-86.6261930834783,36.1712259955831],[-86.6260612388748,36.1716785303534],[-86.6260350477823,36.1717761299771],[-86.6260131394099,36.1718744211765],[-86.6259955439218,36.1719732803253],[-86.6259822803601,36.1720725829531],[-86.6259260092788,36.172577364337],[-86.6259241886274,36.1725859753769],[-86.6259207090067,36.1725942426278],[-86.6259156554951,36.1726019601617],[-86.6259091576826,36.1726089281287],[-86.6259013798373,36.1726149744378],[-86.6258925174927,36.1726199448612],[-86.6258827964144,36.1726237129533],[-86.6258724615202,36.1726261846144],[-86.6258617735242,36.1726272954047],[-86.6258510034501,36.1726270195847],[-86.6254073855946,36.1725868534659],[-86.6253543875451,36.1725837438306],[-86.6253012525446,36.172583990262],[-86.6252483007158,36.1725875920028],[-86.625195857569,36.1725945266385],[-86.6251442395732,36.1726047528752],[-86.6250937619161,36.1726182077961],[-86.6250447285214,36.172634809617],[-86.6249974398371,36.172654458547],[-86.6249521828032,36.1726770332351],[-86.6248514376031,36.1727333290967],[-86.6248414319945,36.1727379565742],[-86.6248306035785,36.1727411426937],[-86.6248192662115,36.1727427957046],[-86.6248077485475,36.1727428679415],[-86.6247963807071,36.1727413567943],[-86.6247854931868,36.1727383074178],[-86.6247754001368,36.1727338065091],[-86.6247663938163,36.1727279841395],[-86.6246445134461,36.1726344083214]]]},"properties":{"id":"119465","parcel":"086130A90300CO","address":"6014 BLACKBERRY RIDGE LN","owner":"MAGNOLIA FARMS HOMEOWNERS ASSOC., INC","point":[-86.62527346204956,36.17189515255206]}},{"type":"Feature","id":"119469","geometry":{"type":"Polygon","coordinates":[[[-86.622050687012,36.172407793211],[-86.6223019410569,36.172184621248],[-86.6224320605554,36.1722809219958],[-86.6221808065715,36.1725040942237],[-86.622050687012,36.172407793211]]]},"properties":{"id":"119469","parcel":"086130A05800CO","address":"4052 MAGNOLIA FARMS DR","owner":"SEI, JONATHAN","point":[-86.62224137393608,36.17234435775649]}},{"type":"Feature","id":"119473","geometry":{"type":"Polygon","coordinates":[[[-86.6223109264538,36.172600395995],[-86.6225621803767,36.172377223502],[-86.6226923005067,36.1724735239642],[-86.622441046652,36.1726966976234],[-86.6223109264538,36.172600395995]]]},"properties":{"id":"119473","parcel":"086130A06000CO","address":"4060 MAGNOLIA FARMS DR","owner":"RICHMOND, AUDREY M. & MANUS, TIMOTHY DERK","point":[-86.62250161377823,36.172536960133144]}},{"type":"Feature","id":"119700","geometry":{"type":"Polygon","coordinates":[[[-86.6236144876525,36.1712434768146],[-86.6236582253164,36.1709369873363],[-86.6237283620958,36.1709469839807],[-86.6237989790808,36.1709544347541],[-86.6237553652685,36.17126006745],[-86.6237522574204,36.171259795108],[-86.6237208545673,36.171256814698],[-86.6236457719658,36.1712479233091],[-86.6236146289852,36.1712434977145],[-86.6236144876525,36.1712434768146]]]},"properties":{"id":"119700","parcel":"086130A02100CO","address":"3681 HOGGETT FORD RD","owner":"JORDAN, MICHELL DANA & CARLENE GERIO","point":[-86.62370673378312,36.1710989558234]}},{"type":"Feature","id":"119704","geometry":{"type":"Polygon","coordinates":[[[-86.6241007793355,36.1716145535182],[-86.6241749311844,36.1714915035594],[-86.6245265156853,36.171607235958],[-86.6244942888064,36.1716672245547],[-86.6244788380562,36.1716933616445],[-86.624454893273,36.1717311562776],[-86.6244294549861,36.1717683043189],[-86.6241007793355,36.1716145535182]]]},"properties":{"id":"119704","parcel":"086130A02900CO","address":"1008 ORANGE BLOSSOM LN","owner":"HAMILTON, STEVEN & NANCY","point":[-86.62433210518753,36.17164099767494]}},{"type":"Feature","id":"119708","geometry":{"type":"Polygon","coordinates":[[[-86.6232218667548,36.1715555155459],[-86.6234438932611,36.1713115900682],[-86.6236102040359,36.1714241388625],[-86.6233546997437,36.1716441829777],[-86.6233390622053,36.1716325807358],[-86.6233389649364,36.1716325091375],[-86.6233202304524,36.1716190518763],[-86.6233200404386,36.1716189185702],[-86.6233011118053,36.1716057912674],[-86.6233005899421,36.1716054397682],[-86.6232817085298,36.1715928043049],[-86.6232815085407,36.1715926746553],[-86.6232620306433,36.1715800927396],[-86.62326176254,36.1715799237863],[-86.6232420804186,36.1715676628681],[-86.6232418715659,36.1715675368693],[-86.6232218667548,36.1715555155459]]]},"properties":{"id":"119708","parcel":"086130A03600CO","address":"5041 SUNFLOWER LN","owner":"CATES, RHONDA GAYLE & JAMES MICHAEL","point":[-86.62340777129033,36.17148980136914]}},{"type":"Feature","id":"119711","geometry":{"type":"Polygon","coordinates":[[[-86.6234411798208,36.1723196035351],[-86.6236974325031,36.1721001998189],[-86.623825354379,36.1721984174905],[-86.6235691017332,36.1724178214724],[-86.6234411798208,36.1723196035351]]]},"properties":{"id":"119711","parcel":"086130A08500CO","address":"5052 SUNFLOWER LN","owner":"AMARE, EMBABA G & MANE, HABTOB","point":[-86.62363326724649,36.17225901066807]}},{"type":"Feature","id":"119714","geometry":{"type":"Polygon","coordinates":[[[-86.6251893610668,36.1730841691082],[-86.6253097479987,36.1730272791335],[-86.625464540212,36.1730370416796],[-86.6255059016969,36.1727367402765],[-86.6255674362218,36.1727423120011],[-86.6255406223618,36.1729828333597],[-86.6255159179477,36.1732044353921],[-86.6254912134027,36.1734260383074],[-86.6254665087126,36.1736476403031],[-86.6254487472681,36.1738069519848],[-86.6254395715528,36.173869070892],[-86.6254069399749,36.1740899974207],[-86.6253743059992,36.1743109248401],[-86.6253719393901,36.1743302474283],[-86.624736924824,36.1742820234487],[-86.6248543061769,36.1732660040242],[-86.6248823602976,36.1732505906004],[-86.6250422232903,36.1731627564543],[-86.6251600209803,36.1730980336952],[-86.6251893610668,36.1730841691082]]]},"properties":{"id":"119714","parcel":"086130A90400CO","address":"0 MAGNOLIA FARMS DR","owner":"MAGNOLIA FARMS HOMEOWNERS ASSOC., INC","point":[-86.62515105745926,36.173535813444616]}},{"type":"Feature","id":"119845","geometry":{"type":"Polygon","coordinates":[[[-86.6197857802137,36.1729447136873],[-86.6201511434994,36.1728001176933],[-86.6202477450212,36.1729605758953],[-86.6198823822842,36.1731051721697],[-86.6197857802137,36.1729447136873]]]},"properties":{"id":"119845","parcel":"086140D00900CO","address":"149 HERMITAGE POINT DR","owner":"LANE, ERIN & SALEMI, AMIN","point":[-86.62001676261752,36.172952645014064]}},{"type":"Feature","id":"119851","geometry":{"type":"Polygon","coordinates":[[[-86.6198823822842,36.1731051721697],[-86.6202477450212,36.1729605758953],[-86.6203537474288,36.1731366468393],[-86.6200645005366,36.1732511199864],[-86.6200507120237,36.1732553438075],[-86.6200362332304,36.1732575784943],[-86.6200214949377,36.1732577578444],[-86.6200069395139,36.1732558759806],[-86.6199930009138,36.1732519883545],[-86.6199800980163,36.1732462126819],[-86.6199686145527,36.1732387209348],[-86.61995889464,36.1732297366604],[-86.6199512282877,36.1732195296478],[-86.6198823822842,36.1731051721697]]]},"properties":{"id":"119851","parcel":"086140D01000CO","address":"153 HERMITAGE POINT DR","owner":"BOYER, KIRSTEN L.","point":[-86.62011806470156,36.17312090973587]}},{"type":"Feature","id":"122236","geometry":{"type":"Polygon","coordinates":[[[-86.6221794417516,36.1718298879553],[-86.6223559842762,36.1716730756505],[-86.6223951156042,36.1716356195126],[-86.6224313197823,36.1715962759017],[-86.6224644556898,36.1715551924532],[-86.6224943978672,36.1715125293391],[-86.6224999864688,36.1715053995114],[-86.6225068315547,36.1714990310746],[-86.6225147775173,36.1714935672296],[-86.6225236452589,36.171489132372],[-86.6225332332607,36.1714858266795],[-86.6225433242445,36.1714837251755],[-86.6224519467876,36.1717179528173],[-86.6226499556349,36.1717687349188],[-86.6226052139789,36.1718102631168],[-86.6223937791865,36.1717560379726],[-86.6222053245378,36.1719234303057],[-86.6221838063341,36.1719075033545],[-86.6221758720617,36.1719004315309],[-86.6221695583764,36.1718923563655],[-86.6221650550339,36.17188352022],[-86.62216249639,36.1718741882729],[-86.6221619590927,36.1718646377165],[-86.6221634598311,36.1718551541632],[-86.6221669530418,36.1718460226452],[-86.6221723341516,36.1718375158809],[-86.6221794417516,36.1718298879553]]]},"properties":{"id":"122236","parcel":"086130A90600CO","address":"4043 MAGNOLIA FARMS DR","owner":"MAGNOLIA FARMS HOMEOWNERS ASSOCIATION, INC.","point":[-86.62239580627775,36.17169548851096]}},{"type":"Feature","id":"122948","geometry":{"type":"Polygon","coordinates":[[[-86.6201563019643,36.173561691875],[-86.620529946528,36.1734293147211],[-86.6206354229388,36.1736034927632],[-86.620211678112,36.173696202901],[-86.6202020785627,36.1736673588391],[-86.6201889763192,36.1736315381204],[-86.6201737042611,36.1735962873273],[-86.6201563019643,36.173561691875]]]},"properties":{"id":"122948","parcel":"086140D01200CO","address":"205 HERMITAGE POINT DR","owner":"WEBER, ANNE REVOCABLE LIVING TRUST","point":[-86.62039323206083,36.17357971344485]}},{"type":"Feature","id":"122952","geometry":{"type":"Polygon","coordinates":[[[-86.6203123269578,36.1739934347446],[-86.6207912282365,36.1738606086788],[-86.6208525443205,36.1739617946375],[-86.6203964089818,36.1741434917309],[-86.6203494064803,36.1740659278237],[-86.6203294459246,36.1740301585926],[-86.6203123269578,36.1739934347446]]]},"properties":{"id":"122952","parcel":"086140D01500CO","address":"217 HERMITAGE POINT DR","owner":"DADOSKY, RITA","point":[-86.6205223497281,36.17401243538646]}},{"type":"Feature","id":"122955","geometry":{"type":"Polygon","coordinates":[[[-86.6203964089818,36.1741434917309],[-86.6208525443205,36.1739617946375],[-86.6209272470277,36.1740850690946],[-86.6204711100398,36.17426676647],[-86.6203964089818,36.1741434917309]]]},"properties":{"id":"122955","parcel":"086140D01600CO","address":"221 HERMITAGE POINT DR","owner":"SIMMONS, DREW ALEXANDER","point":[-86.62066182801183,36.174114280707336]}},{"type":"Feature","id":"122958","geometry":{"type":"Polygon","coordinates":[[[-86.6206205117335,36.1745133149015],[-86.6210766497965,36.1743316169737],[-86.6211573285891,36.174464752722],[-86.6207240002486,36.1746373643485],[-86.6207210835971,36.1746355443888],[-86.6207182416156,36.1746336068817],[-86.6207140737836,36.1746304288536],[-86.6207113733944,36.1746281183994],[-86.6207053136158,36.1746223842228],[-86.6206869885767,36.1746037494427],[-86.6206698207303,36.174584403927],[-86.6206651748423,36.1745788012718],[-86.6206508555528,36.1745603856232],[-86.6206375739074,36.1745414662429],[-86.6206205117335,36.1745133149015]]]},"properties":{"id":"122958","parcel":"086140D01900CO","address":"235 HERMITAGE POINT DR","owner":"MANTARO LLC","point":[-86.62088892016864,36.17448903411294]}},{"type":"Feature","id":"122962","geometry":{"type":"Polygon","coordinates":[[[-86.6200329212892,36.174793584444],[-86.6204848332801,36.1746008836172],[-86.6204868648445,36.174604236663],[-86.6205145166475,36.1746428233091],[-86.620545518819,36.1746796974616],[-86.6205797120248,36.1747146688709],[-86.6202471971495,36.1749446526232],[-86.6200329212892,36.174793584444]]]},"properties":{"id":"122962","parcel":"086140D02500CO","address":"232 HERMITAGE POINT DR","owner":"TOENSING, CHASE JOSEPH & HOLLY ANNA","point":[-86.62032423336626,36.174754183789496]}},{"type":"Feature","id":"122966","geometry":{"type":"Polygon","coordinates":[[[-86.6198783666476,36.1745363999098],[-86.6203354285084,36.1743543350406],[-86.6204101307817,36.1744776098047],[-86.619952568594,36.1746598730901],[-86.6198783666476,36.1745363999098]]]},"properties":{"id":"122966","parcel":"086140D02700CO","address":"224 HERMITAGE POINT DR","owner":"ELROD, ALAN THOMAS","point":[-86.62014424861843,36.17450700515253]}},{"type":"Feature","id":"122969","geometry":{"type":"Polygon","coordinates":[[[-86.6198041649251,36.1744129257786],[-86.6202607275859,36.1742310611217],[-86.6203354285084,36.1743543350406],[-86.6198783666476,36.1745363999098],[-86.6198041649251,36.1744129257786]]]},"properties":{"id":"122969","parcel":"086140D02800CO","address":"220 HERMITAGE POINT DR","owner":"ALEXANDROW, HUNTER LEE TRUST","point":[-86.62006979707996,36.17438363070578]}},{"type":"Feature","id":"123441","geometry":{"type":"Polygon","coordinates":[[[-86.6202607334298,36.1738435946913],[-86.6207200259618,36.1737431076067],[-86.6207912282365,36.1738606086788],[-86.6203123269578,36.1739934347446],[-86.620308575147,36.1739843143824],[-86.6202976155271,36.1739544093303],[-86.6202607334298,36.1738435946913]]]},"properties":{"id":"123441","parcel":"086140D01400CO","address":"213 HERMITAGE POINT DR","owner":"HASLETT, COLIN & NEHRENZ, ALLYSSA","point":[-86.62045149055675,36.17390721469044]}},{"type":"Feature","id":"123445","geometry":{"type":"Polygon","coordinates":[[[-86.6205458102113,36.1743900402632],[-86.6210019488483,36.1742083426059],[-86.6210766497965,36.1743316169737],[-86.6206205117335,36.1745133149015],[-86.6205458102113,36.1743900402632]]]},"properties":{"id":"123445","parcel":"086140D01800CO","address":"229 HERMITAGE POINT DR","owner":"LEATH, RACHEL E & SUSAN E","point":[-86.62081123018962,36.17436082891359]}},{"type":"Feature","id":"123449","geometry":{"type":"Polygon","coordinates":[[[-86.6206901812173,36.1751666379069],[-86.6208492828455,36.1748782711685],[-86.6208929808627,36.1748928234054],[-86.6209377042619,36.1749051613725],[-86.6209625090828,36.1749100249296],[-86.620987852878,36.1749124532179],[-86.6210133729915,36.1749124120527],[-86.6209935420559,36.1752286153062],[-86.6206901812173,36.1751666379069]]]},"properties":{"id":"123449","parcel":"086140D02200CO","address":"244 HERMITAGE POINT DR","owner":"OTT, KAYLA ANN & HURLEY, JON","point":[-86.62088290322642,36.17503968463382]}},{"type":"Feature","id":"123452","geometry":{"type":"Polygon","coordinates":[[[-86.6202471971495,36.1749446526232],[-86.6205797120248,36.1747146688709],[-86.6206179932627,36.1747484386061],[-86.6206592494374,36.1747798218271],[-86.6207032546585,36.1748086466513],[-86.6204413381898,36.1750923324472],[-86.6202471971495,36.1749446526232]]]},"properties":{"id":"123452","parcel":"086140D02400CO","address":"236 HERMITAGE POINT DR","owner":"WALTRIP, THOMAS & ELIZABETH","point":[-86.62049304850922,36.17487670635122]}},{"type":"Feature","id":"123456","geometry":{"type":"Polygon","coordinates":[[[-86.619952568594,36.1746598730901],[-86.6204101307817,36.1744776098047],[-86.6204848332801,36.1746008836172],[-86.6200329212892,36.174793584444],[-86.619952568594,36.1746598730901]]]},"properties":{"id":"123456","parcel":"086140D02600CO","address":"228 HERMITAGE POINT DR","owner":"LITTRELL, JARID L.","point":[-86.62022117032839,36.17463038648295]}},{"type":"Feature","id":"124224","geometry":{"type":"Polygon","coordinates":[[[-86.6249789969161,36.1728324811208],[-86.6250489839913,36.1727940279983],[-86.6250848820259,36.1727760323611],[-86.625122508196,36.1727605305541],[-86.6251616010258,36.1727476311799],[-86.62520188556,36.1727374248854],[-86.6252430811228,36.172729981619],[-86.6253097479987,36.1730272791335],[-86.6251893610668,36.1730841691082],[-86.6249789969161,36.1728324811208]]]},"properties":{"id":"124224","parcel":"086130A07700CO","address":"4128 MAGNOLIA FARMS DR","owner":"MIKHAYLICHENKO, SERGEY & LINA","point":[-86.62517409580505,36.172929973298935]}},{"type":"Feature","id":"124362","geometry":{"type":"Polygon","coordinates":[[[-86.6248331510092,36.1729126143958],[-86.6249789969161,36.1728324811208],[-86.6251893610668,36.1730841691082],[-86.6251600209803,36.1730980336952],[-86.6250422232903,36.1731627564543],[-86.6248331510092,36.1729126143958]]]},"properties":{"id":"124362","parcel":"086130A07600CO","address":"4124 MAGNOLIA FARMS DR","owner":"PATEL, RAGHAV N & BHARGAVI","point":[-86.62501125596424,36.17299839188433]}},{"type":"Feature","id":"124809","geometry":{"type":"Polygon","coordinates":[[[-86.620211678112,36.173696202901],[-86.6206354229388,36.1736034927632],[-86.6207200259618,36.1737431076067],[-86.6202607334298,36.1738435946913],[-86.620211678112,36.173696202901]]]},"properties":{"id":"124809","parcel":"086140D01300CO","address":"209 HERMITAGE POINT DR","owner":"GARGUS, MITZI ALEXANDRA & LIST, KYLEE RACHEL","point":[-86.62046274981743,36.17371964568938]}},{"type":"Feature","id":"124814","geometry":{"type":"Polygon","coordinates":[[[-86.6210133729915,36.1749124120527],[-86.6210421399656,36.1749093674136],[-86.6210701320586,36.1749031876787],[-86.6210968321513,36.1748939872651],[-86.6211217469119,36.1748819372469],[-86.6211444156405,36.1748672590012],[-86.6211644213842,36.1748502241506],[-86.6213341153794,36.1751302507661],[-86.6209935420559,36.1752286153062],[-86.6210133729915,36.1749124120527]]]},"properties":{"id":"124814","parcel":"086140D02100CO","address":"248 HERMITAGE POINT DR","owner":"WILSON, THOMAS J & WESTLAKE, SIMON ANDREW","point":[-86.6211374337358,36.17502121662016]}},{"type":"Feature","id":"124820","geometry":{"type":"Polygon","coordinates":[[[-86.6204413381898,36.1750923324472],[-86.6207032546585,36.1748086466513],[-86.6207497664733,36.1748347557013],[-86.6207985314326,36.1748580069781],[-86.6208492828455,36.1748782711685],[-86.6206901812173,36.1751666379069],[-86.6204413381898,36.1750923324472]]]},"properties":{"id":"124820","parcel":"086140D02300CO","address":"240 HERMITAGE POINT DR","owner":"YOUNG, ROBERT MORGAN REV TRUST","point":[-86.6206652200487,36.174985365066156]}},{"type":"Feature","id":"125510","geometry":{"type":"Polygon","coordinates":[[[-86.6262999983941,36.1714684126952],[-86.6263612113375,36.1712584661657],[-86.6263619196264,36.171256522984],[-86.6263627049587,36.171254623564],[-86.6263635804518,36.1712527398988],[-86.6263650919871,36.1712498994026],[-86.6263660345448,36.1712483443483],[-86.6263661498028,36.1712481598937],[-86.6263671776628,36.1712465683465],[-86.6263674698904,36.1712461315227],[-86.6263676556382,36.1712458646878],[-86.6264173607422,36.1712621141757],[-86.6264656721869,36.1712809259416],[-86.6265123881721,36.1713022226252],[-86.6265273079044,36.1713097247593],[-86.6265726713868,36.1713349930719],[-86.6266160073098,36.1713625016044],[-86.6266571458842,36.171392144892],[-86.6266959305655,36.1714238056851],[-86.6266626963917,36.1715378800594],[-86.6262999983941,36.1714684126952]]]},"properties":{"id":"125510","parcel":"086130A10600CO","address":"6001 BLACKBERRY RIDGE LN","owner":"BARNETT, ALAN - MICHAEL","point":[-86.62649724210108,36.1714074161003]}},{"type":"Feature","id":"125512","geometry":{"type":"Polygon","coordinates":[[[-86.6262594974329,36.1716074309094],[-86.6262999983941,36.1714684126952],[-86.6266626963917,36.1715378800594],[-86.6266221949048,36.1716768965959],[-86.6262594974329,36.1716074309094]]]},"properties":{"id":"125512","parcel":"086130A10700CO","address":"6005 BLACKBERRY RIDGE LN","owner":"LAMICHHANE, JHARANA","point":[-86.62646109678977,36.17157265565409]}},{"type":"Feature","id":"125515","geometry":{"type":"Polygon","coordinates":[[[-86.6261250275794,36.1723483978841],[-86.6261408854575,36.1722061341752],[-86.6265198609442,36.172239095021],[-86.6264998626181,36.172381015263],[-86.6261250275794,36.1723483978841]]]},"properties":{"id":"125515","parcel":"086130A11200CO","address":"6025 BLACKBERRY RIDGE LN","owner":"SINGLA, ANKUR & JAIN, NEHA M.","point":[-86.62632163125018,36.17229374407849]}},{"type":"Feature","id":"125518","geometry":{"type":"Polygon","coordinates":[[[-86.6265398580872,36.1720971747759],[-86.6265633385832,36.1719540972508],[-86.6265720084885,36.1719222369585],[-86.6269341880458,36.1719934645547],[-86.6269285407387,36.1720143625017],[-86.6269249258183,36.1720308130021],[-86.6269220756296,36.1720469783382],[-86.6269101312654,36.1721314728704],[-86.6265398580872,36.1720971747759]]]},"properties":{"id":"125518","parcel":"086130A18500CO","address":"108 LAVENDER RD","owner":"GUTKNECHT, SUZANNE & MARK","point":[-86.6267395117221,36.1720220042253]}},{"type":"Feature","id":"125668","geometry":{"type":"Polygon","coordinates":[[[-86.6246732827597,36.1730004519045],[-86.6248331510092,36.1729126143958],[-86.6250422232903,36.1731627564543],[-86.6248823602976,36.1732505906004],[-86.6247466337621,36.1730882116112],[-86.6246732827597,36.1730004519045]]]},"properties":{"id":"125668","parcel":"086130A07500CO","address":"4120 MAGNOLIA FARMS DR","owner":"KOWALCZIK, JUSTINA LEANN","point":[-86.62482690644062,36.17304469828511]}},{"type":"Feature","id":"125819","geometry":{"type":"Polygon","coordinates":[[[-86.6200998473628,36.1734663883207],[-86.6200948974756,36.1734561520411],[-86.6200920256258,36.1734454066912],[-86.6200913017653,36.1734344267949],[-86.620092747001,36.1734234952385],[-86.6200963234784,36.1734128889022],[-86.6200973545893,36.1734106980578],[-86.6201028261774,36.1734016366534],[-86.6201098742907,36.1733933233039],[-86.6201183469089,36.1733859345352],[-86.6201280629917,36.1733796317006],[-86.6201388112759,36.1733745492714],[-86.620300858097,36.173310417774],[-86.6204280573993,36.1732600759557],[-86.620529946528,36.1734293147211],[-86.6201563019643,36.173561691875],[-86.6201433861755,36.1735387716814],[-86.6200998473628,36.1734663883207]]]},"properties":{"id":"125819","parcel":"086140D01100CO","address":"201 HERMITAGE POINT DR","owner":"COLSTON, J THOMAS & SKYLA C","point":[-86.62030844838793,36.17340682830597]}},{"type":"Feature","id":"125821","geometry":{"type":"Polygon","coordinates":[[[-86.6204711100398,36.17426676647],[-86.6209272470277,36.1740850690946],[-86.6210019488483,36.1742083426059],[-86.6205458102113,36.1743900402632],[-86.6204711100398,36.17426676647]]]},"properties":{"id":"125821","parcel":"086140D01700CO","address":"225 HERMITAGE POINT DR","owner":"SHIELDS, EMILY BRYSON","point":[-86.62073652945112,36.17423755483254]}},{"type":"Feature","id":"125823","geometry":{"type":"Polygon","coordinates":[[[-86.6211644213842,36.1748502241506],[-86.6211783991655,36.1748349345067],[-86.621190221395,36.174818492432],[-86.6211997473591,36.1748010987301],[-86.621206857521,36.1747829613058],[-86.6212108360998,36.1747676420034],[-86.6212130909969,36.1747520936398],[-86.6212135550918,36.1747348421051],[-86.6212119840129,36.1747181823545],[-86.6212114984514,36.1747152278311],[-86.6212083636687,36.1747014502344],[-86.6212041448716,36.1746886416593],[-86.6212029562222,36.1746856168511],[-86.6212788985558,36.1746653677216],[-86.6215176336031,36.1750593234392],[-86.6213341153794,36.1751302507661],[-86.6211644213842,36.1748502241506]]]},"properties":{"id":"125823","parcel":"086140D02000CO","address":"252 HERMITAGE POINT DR","owner":"MONG, JAY P & VALDES, ANASTASIA RAHM","point":[-86.62134102721286,36.17495477392453]}},{"type":"Feature","id":"126190","geometry":{"type":"Polygon","coordinates":[[[-86.6264998626181,36.172381015263],[-86.6265198609442,36.172239095021],[-86.6268901347688,36.1722733922743],[-86.6268701382079,36.1724153125706],[-86.6264998626181,36.172381015263]]]},"properties":{"id":"126190","parcel":"086130A18700CO","address":"116 LAVENDER RD","owner":"FRAZIER, SHARITA SHANEA & DAVID STEWART JOHNSON JR.","point":[-86.62669499903745,36.17232720392935]}},{"type":"Feature","id":"126191","geometry":{"type":"Polygon","coordinates":[[[-86.6264798653249,36.1725229345893],[-86.6264998626181,36.172381015263],[-86.6268701382079,36.1724153125706],[-86.6268501415754,36.1725572328581],[-86.6264798653249,36.1725229345893]]]},"properties":{"id":"126191","parcel":"086130A18800CO","address":"120 LAVENDER RD","owner":"INTHAVONG, MANIVANH AMY & THOMPSON, EVAN","point":[-86.6266750019233,36.17246912374007]}},{"type":"Feature","id":"126192","geometry":{"type":"Polygon","coordinates":[[[-86.6270736810092,36.1724290025938],[-86.6270773253026,36.1724287889897],[-86.6270829425034,36.1724289788131],[-86.6272031636201,36.1724398623401],[-86.6271610570937,36.1727456253668],[-86.627067081019,36.1727371190624],[-86.6270565613119,36.1727354721383],[-86.6270565134374,36.1727354624732],[-86.6270564766926,36.1727354545527],[-86.6270564287967,36.1727354421839],[-86.6270464490034,36.1727324892361],[-86.6270464021906,36.1727324732567],[-86.6270463720865,36.1727324616967],[-86.6270463263639,36.1727324430078],[-86.6270370024124,36.1727282248921],[-86.6270285907972,36.1727228466246],[-86.6270285527912,36.1727228197843],[-86.6270285226016,36.1727227974097],[-86.6270284879161,36.1727227687497],[-86.6270212958985,36.1727164297148],[-86.6270212634217,36.1727163992408],[-86.6270212353983,36.1727163696448],[-86.6270212062348,36.1727163364498],[-86.6270153178922,36.1727091263367],[-86.627010890207,36.1727012173717],[-86.6270108743963,36.1727011859098],[-86.6270108585285,36.1727011472382],[-86.6270108449337,36.1727011148635],[-86.6270080425189,36.1726928009026],[-86.6270080322088,36.1726927622021],[-86.6270080264161,36.1726927324907],[-86.627008018322,36.1726926928774],[-86.6270068687513,36.1726840873359],[-86.627006844135,36.1726820974877],[-86.6270068716203,36.1726813556103],[-86.6270070351858,36.1726784220695],[-86.6270139536549,36.1726289026018],[-86.6270380372329,36.1724579973519],[-86.627039061159,36.172453516389],[-86.6270408355267,36.1724491919516],[-86.6270433298754,36.1724451080146],[-86.6270464947913,36.1724413414417],[-86.6270502697097,36.172437964648],[-86.627054880536,36.1724348692104],[-86.6270587465872,36.1724328970031],[-86.6270628611788,36.172431289415],[-86.6270681731056,36.1724298432405],[-86.6270736810092,36.1724290025938]]]},"properties":{"id":"126192","parcel":"086130A19000CO","address":"4149 MAGNOLIA FARMS DR","owner":"POINTER, LYNN C","point":[-86.62710741212824,36.17254370357784]}},{"type":"Feature","id":"126193","geometry":{"type":"Polygon","coordinates":[[[-86.6277267338758,36.172796833344],[-86.6277688382568,36.1724910710255],[-86.6279102570265,36.1725038723318],[-86.6278681531837,36.1728096346986],[-86.6277267338758,36.172796833344]]]},"properties":{"id":"126193","parcel":"086130A19500CO","address":"4159 MAGNOLIA FARMS DR","owner":"RUTIGLIANO, SEAN H & BRIDGET","point":[-86.62781849562187,36.17265035287585]}},{"type":"Feature","id":"126194","geometry":{"type":"Polygon","coordinates":[[[-86.6280095725372,36.1728224358876],[-86.628051675849,36.1725166743737],[-86.6281930947099,36.1725294753486],[-86.6281509919434,36.172835237812],[-86.6280095725372,36.1728224358876]]]},"properties":{"id":"126194","parcel":"086130A19700CO","address":"4163 MAGNOLIA FARMS DR","owner":"SMITH, QUINTON & WATKINS, LAKENYA","point":[-86.62810133382573,36.17267595565615]}},{"type":"Feature","id":"126195","geometry":{"type":"Polygon","coordinates":[[[-86.6288580896376,36.1728992422446],[-86.6289001897134,36.1725934795399],[-86.6290188806971,36.1726042232292],[-86.6290251455227,36.1726051981876],[-86.6290311453348,36.1726069568182],[-86.629036731935,36.1726094539291],[-86.62904176923,36.1726126289442],[-86.6290461298832,36.1726164041177],[-86.6290497097714,36.1726206853604],[-86.629052419143,36.1726253685941],[-86.6290541914883,36.1726303370021],[-86.6290549836113,36.172635470041],[-86.6290547756014,36.1726406398361],[-86.6290247045635,36.1728590423228],[-86.6290223757429,36.1728684311399],[-86.6290180712344,36.1728773489812],[-86.6290119233977,36.1728855256808],[-86.6290041170066,36.1728927124298],[-86.6289948904319,36.1728986907826],[-86.6289845234648,36.1729032790296],[-86.6289733306972,36.1729063385401],[-86.6289616526443,36.1729077756113],[-86.6289498446708,36.1729075469336],[-86.6288580896376,36.1728992422446]]]},"properties":{"id":"126195","parcel":"086130A20300CO","address":"4175 MAGNOLIA FARMS DR","owner":"BURTON, DASHON","point":[-86.62895923467107,36.17274959161926]}},{"type":"Feature","id":"126196","geometry":{"type":"Polygon","coordinates":[[[-86.6289089828904,36.1725389941742],[-86.6289526772882,36.1722288330873],[-86.629105018502,36.1722429405836],[-86.6291057440469,36.1722622489473],[-86.6291042217459,36.1722815275686],[-86.6290713151671,36.1725205196735],[-86.6290701115842,36.1725256000253],[-86.6290679436611,36.1725304645948],[-86.6290648626967,36.1725349941486],[-86.629060946731,36.1725390774252],[-86.6290562905631,36.172542613891],[-86.6290510102182,36.1725455164206],[-86.629045234063,36.1725477122441],[-86.6290391050856,36.1725491501461],[-86.6290327752666,36.1725497914817],[-86.6290263990095,36.1725496228284],[-86.6289089828904,36.1725389941742]]]},"properties":{"id":"126196","parcel":"086130A20400CO","address":"3605 HOGGETT FORD RD","owner":"MESH, RYAN & SAMANTHA","point":[-86.62900812887433,36.172400776877375]}},{"type":"Feature","id":"126197","geometry":{"type":"Polygon","coordinates":[[[-86.6286261449492,36.1725133937361],[-86.6286699225038,36.172202647406],[-86.6288112998691,36.1722157398789],[-86.628767563897,36.172526194038],[-86.6286261449492,36.1725133937361]]]},"properties":{"id":"126197","parcel":"086130A20600CO","address":"3609 HOGGETT FORD RD","owner":"SOUTHERN CAPSTONE PROPERTIES, LLC","point":[-86.62871872255263,36.17236456684606]}},{"type":"Feature","id":"126198","geometry":{"type":"Polygon","coordinates":[[[-86.6282018861423,36.172474990045],[-86.628245789555,36.1721633662956],[-86.6283871667875,36.1721764601666],[-86.6283433060647,36.1724877908384],[-86.6282018861423,36.172474990045]]]},"properties":{"id":"126198","parcel":"086130A20900CO","address":"3615 HOGGETT FORD RD","owner":"RAHMANI, MICHELE J.","point":[-86.62829452684323,36.17232572514514]}},{"type":"Feature","id":"127353","geometry":{"type":"Polygon","coordinates":[[[-86.6262181777537,36.1717506162596],[-86.6262594974329,36.1716074309094],[-86.6266221949048,36.1716768965959],[-86.6266926003745,36.1716903815978],[-86.6266720163775,36.1717182553089],[-86.6266114988,36.1718208216524],[-86.6262181777537,36.1717506162596]]]},"properties":{"id":"127353","parcel":"086130A10800CO","address":"6009 BLACKBERRY RIDGE LN","owner":"HASLEBACHER, BRADY T. & ERICA M.","point":[-86.6264571259971,36.17170361611905]}},{"type":"Feature","id":"127356","geometry":{"type":"Polygon","coordinates":[[[-86.6260975138428,36.1725952219186],[-86.6261091696373,36.1724906606841],[-86.6264798653249,36.1725229345893],[-86.6264701045924,36.1725922126201],[-86.6264574627861,36.1726819271887],[-86.626157480044,36.1726547678575],[-86.6261469425466,36.1726531164402],[-86.6261368569952,36.1726501378295],[-86.6261274774254,36.1726459073146],[-86.6261190369877,36.1726405300347],[-86.6261117490669,36.1726341418743],[-86.6261096322165,36.1726318375248],[-86.6261046979159,36.1726252181499],[-86.6261009579844,36.1726181022958],[-86.6260984858022,36.1726106328816],[-86.6260973303101,36.1726029547562],[-86.6260975138428,36.1725952219186]]]},"properties":{"id":"127356","parcel":"086130A11400CO","address":"6033 BLACKBERRY RIDGE LN","owner":"SWANSON, PAULA M. & DAVID JR.","point":[-86.6262884127106,36.17255699139513]}},{"type":"Feature","id":"127358","geometry":{"type":"Polygon","coordinates":[[[-86.6262178450698,36.1717518427944],[-86.6262181777537,36.1717506162596],[-86.6266114988,36.1718208216524],[-86.6265720084885,36.1719222369585],[-86.6265633385832,36.1719540972508],[-86.6261821149275,36.1719048363515],[-86.6261849840597,36.1718904896722],[-86.62619220891,36.1718563558214],[-86.6262043898108,36.1718039962663],[-86.6262178450698,36.1717518427944]]]},"properties":{"id":"127358","parcel":"086130A10900CO","address":"6013 BLACKBERRY RIDGE LN","owner":"COFFMAN, BOBBY & ANNE MARIE LIV TRUST","point":[-86.62640041286268,36.17183858442417]}},{"type":"Feature","id":"127359","geometry":{"type":"Polygon","coordinates":[[[-86.6265720084885,36.1719222369585],[-86.6266114988,36.1718208216524],[-86.6266720163775,36.1717182553089],[-86.6269956643522,36.1718680741355],[-86.6269921033911,36.1718732036637],[-86.6269886194025,36.1718783679411],[-86.6269852146024,36.1718835660547],[-86.6269818878722,36.1718887971092],[-86.6269786403234,36.1718940610989],[-86.626975471949,36.1718993571225],[-86.6269723838532,36.1719046842731],[-86.6269693760291,36.1719100416493],[-86.6269664484624,36.1719154274488],[-86.6269636033833,36.1719208425613],[-86.6269608396661,36.17192628519],[-86.6269581573035,36.1719317544339],[-86.6269555585259,36.1719372511825],[-86.6269530421931,36.1719427718368],[-86.626950609424,36.1719483172921],[-86.6269482602113,36.1719538866474],[-86.6269459956595,36.1719594789956],[-86.62694381465,36.1719650934412],[-86.6269417182801,36.1719707281761],[-86.6269397076683,36.1719763840957],[-86.6269377816891,36.1719820594033],[-86.6269359414468,36.171987753192],[-86.6269341880458,36.1719934645547],[-86.6265720084885,36.1719222369585]]]},"properties":{"id":"127359","parcel":"086130A18400CO","address":"104 LAVENDER RD","owner":"MIRANDA, DANIELA & ALIDA  & OSCAR O & ALIDA ELIZABETH","point":[-86.62677406226656,36.17184435603227]}},{"type":"Feature","id":"127362","geometry":{"type":"Polygon","coordinates":[[[-86.6261571111128,36.1720617451883],[-86.6261681890393,36.1719831413398],[-86.6261821149275,36.1719048363515],[-86.6265633385832,36.1719540972508],[-86.6265398580872,36.1720971747759],[-86.6261571111128,36.1720617451883]]]},"properties":{"id":"127362","parcel":"086130A11000CO","address":"6017 BLACKBERRY RIDGE LN","owner":"PERRILLO, TYLER","point":[-86.62635728650886,36.172023050833175]}},{"type":"Feature","id":"127363","geometry":{"type":"Polygon","coordinates":[[[-86.6282924113881,36.1728480386695],[-86.6283345136165,36.1725422761579],[-86.6284759325687,36.1725550768014],[-86.6284338308784,36.1728608393613],[-86.6282924113881,36.1728480386695]]]},"properties":{"id":"127363","parcel":"086130A19900CO","address":"4167 MAGNOLIA FARMS DR","owner":"SCHAUB, CHARLES M, JR & TURRIN, SCHYLER B","point":[-86.62838417214908,36.172701557773394]}},{"type":"Feature","id":"127364","geometry":{"type":"Polygon","coordinates":[[[-86.6261408854575,36.1722061341752],[-86.6261571111128,36.1720617451883],[-86.6265398580872,36.1720971747759],[-86.6265198609442,36.172239095021],[-86.6261408854575,36.1722061341752]]]},"properties":{"id":"127364","parcel":"086130A11100CO","address":"6021 BLACKBERRY RIDGE LN","owner":"BEAZER HOMES, LLC","point":[-86.62633958637728,36.17215165219123]}},{"type":"Feature","id":"127366","geometry":{"type":"Polygon","coordinates":[[[-86.6285752504216,36.1728736407885],[-86.6286173515737,36.1725678781804],[-86.6287587706243,36.1725806793936],[-86.6287166700032,36.1728864411488],[-86.6286468022781,36.1728801168157],[-86.6285752504216,36.1728736407885]]]},"properties":{"id":"127366","parcel":"086130A20100CO","address":"4171 MAGNOLIA FARMS DR","owner":"CLARK, APRIL JANAE & HUNT, GEORGE","point":[-86.62866701066218,36.1727271601289]}},{"type":"Feature","id":"127368","geometry":{"type":"Polygon","coordinates":[[[-86.6261091696373,36.1724906606841],[-86.6261250275794,36.1723483978841],[-86.6264998626181,36.172381015263],[-86.6264798653249,36.1725229345893],[-86.6261091696373,36.1724906606841]]]},"properties":{"id":"127368","parcel":"086130A11300CO","address":"6029 BLACKBERRY RIDGE LN","owner":"CLEMENS, BRITTAINY TAYLOR","point":[-86.62630370089973,36.172435835589056]}},{"type":"Feature","id":"127369","geometry":{"type":"Polygon","coordinates":[[[-86.6277776288576,36.1724365848567],[-86.6278216570333,36.1721240845958],[-86.6279630341258,36.1721371789637],[-86.6279190475387,36.1724493870542],[-86.6277776288576,36.1724365848567]]]},"properties":{"id":"127369","parcel":"086130A21200CO","address":"3621 HOGGETT FORD RD","owner":"WELLS, SHALITA V. & CHRISTOPHER L.","point":[-86.6278703316364,36.172286881948885]}},{"type":"Feature","id":"127370","geometry":{"type":"Polygon","coordinates":[[[-86.6266720163775,36.1717182553089],[-86.6266926003745,36.1716903815978],[-86.6268406980066,36.1715424841041],[-86.6271027112396,36.1717572780254],[-86.6270763666981,36.1717790387626],[-86.6270516446438,36.1718020158741],[-86.6270340775339,36.1718203224475],[-86.6270140041886,36.1718437395492],[-86.6269956643522,36.1718680741355],[-86.6266720163775,36.1717182553089]]]},"properties":{"id":"127370","parcel":"086130A18300CO","address":"100 LAVENDER RD","owner":"DONNELLY, CHRISTINE W","point":[-86.62686088762418,36.17170487513416]}},{"type":"Feature","id":"127372","geometry":{"type":"Polygon","coordinates":[[[-86.6274947905349,36.1724109817727],[-86.6275389029955,36.1720978962642],[-86.6276802799946,36.1721109909634],[-86.6276362102292,36.1724237833947],[-86.6274947905349,36.1724109817727]]]},"properties":{"id":"127372","parcel":"086130A21400CO","address":"3625 HOGGETT FORD RD","owner":"PATTULLO, KATHRYN ANNE","point":[-86.62758753564415,36.1722609864075]}},{"type":"Feature","id":"127373","geometry":{"type":"Polygon","coordinates":[[[-86.627302476219,36.1727584273843],[-86.6273445822072,36.1724526643094],[-86.6274860008471,36.1724654670142],[-86.627443895397,36.1727712301374],[-86.627302476219,36.1727584273843]]]},"properties":{"id":"127373","parcel":"086130A19200CO","address":"4153 MAGNOLIA FARMS DR","owner":"POLSTON, TYLER DANIEL & SCOTT, JORDAN SARA","point":[-86.62739423870374,36.17261194723719]}},{"type":"Feature","id":"127375","geometry":{"type":"Polygon","coordinates":[[[-86.6220847421688,36.1745227781088],[-86.6220071725079,36.174394524381],[-86.6219683883238,36.1743303970432],[-86.6219296042094,36.174266270593],[-86.6218521569471,36.174137968362],[-86.621774467253,36.17400976286],[-86.6216968997138,36.1738815098104],[-86.6216193313067,36.173753255811],[-86.6215417642619,36.1736250017516],[-86.6215294852968,36.1736046731435],[-86.6214641963563,36.1734967476437],[-86.6213867505976,36.1733684450872],[-86.6213090635205,36.1732402392534],[-86.6212707027133,36.1731768016631],[-86.6212323319846,36.1731133668148],[-86.6212407482625,36.1731271947424],[-86.622050687012,36.172407793211],[-86.6221808065715,36.1725040942237],[-86.6223109264538,36.172600395995],[-86.622441046652,36.1726966976234],[-86.6225711671589,36.1727929982079],[-86.6227012879888,36.1728892995508],[-86.6228314080159,36.1729855998555],[-86.6229615305889,36.1730819009071],[-86.6230916523593,36.1731782009204],[-86.6232244628689,36.1732764165014],[-86.6234147679979,36.1733851645086],[-86.6236246435625,36.1734624095162],[-86.6238436216033,36.1735057631184],[-86.6240697285831,36.1735157663094],[-86.6243019342632,36.1734903623004],[-86.6245239032452,36.1734295238168],[-86.6247224847806,36.1733384318056],[-86.6248543061769,36.1732660040242],[-86.624736924824,36.1742820234487],[-86.6229427153309,36.1741457486841],[-86.6225327568719,36.1739047163492],[-86.6224032215458,36.175049262743],[-86.6221097393632,36.1745640935608],[-86.6220847421688,36.1745227781088]]]},"properties":{"id":"127375","parcel":"086130A91000CO","address":"0 MAGNOLIA FARMS DR","owner":"MAGNOLIA FARMS HOMEOWNERS ASSOCIATION, INC.","point":[-86.62319239895227,36.17369421251618]}},{"type":"Feature","id":"127376","geometry":{"type":"Polygon","coordinates":[[[-86.6278681531837,36.1728096346986],[-86.6279102570265,36.1725038723318],[-86.628051675849,36.1725166743737],[-86.6280095725372,36.1728224358876],[-86.6278681531837,36.1728096346986]]]},"properties":{"id":"127376","parcel":"086130A19600CO","address":"4161 MAGNOLIA FARMS DR","owner":"DESCH, BRITTNEY G. & ERIC B.","point":[-86.62795991465558,36.17266315457401]}},{"type":"Feature","id":"127380","geometry":{"type":"Polygon","coordinates":[[[-86.6287166700032,36.1728864411488],[-86.6287587706243,36.1725806793936],[-86.6289001897134,36.1725934795399],[-86.6288580896376,36.1728992422446],[-86.6287166700032,36.1728864411488]]]},"properties":{"id":"127380","parcel":"086130A20200CO","address":"4173 MAGNOLIA FARMS DR","owner":"ESPEY, EVAN J","point":[-86.62880843006047,36.17273996038239]}},{"type":"Feature","id":"127384","geometry":{"type":"Polygon","coordinates":[[[-86.628060467377,36.1724621890802],[-86.6281044123764,36.1721502731602],[-86.628245789555,36.1721633662956],[-86.6282018861423,36.172474990045],[-86.628060467377,36.1724621890802]]]},"properties":{"id":"127384","parcel":"086130A21000CO","address":"3617 HOGGETT FORD RD","owner":"BUNT, LINDSEY K.","point":[-86.62815312861025,36.17231277772655]}},{"type":"Feature","id":"127386","geometry":{"type":"Polygon","coordinates":[[[-86.6279190475387,36.1724493870542],[-86.6279630341258,36.1721371789637],[-86.6281044123764,36.1721502731602],[-86.628060467377,36.1724621890802],[-86.6279190475387,36.1724493870542]]]},"properties":{"id":"127386","parcel":"086130A21100CO","address":"3619 HOGGETT FORD RD","owner":"LUNDERGAN, ERIN & JUNIOR, BRAYLON","point":[-86.62801173010205,36.172299830145874]}},{"type":"Feature","id":"128026","geometry":{"type":"Polygon","coordinates":[[[-86.6256210520647,36.1728776192438],[-86.6256253390521,36.1728331587392],[-86.6256395878033,36.172834061849],[-86.62564404228,36.1727878655551],[-86.6257696007287,36.172795824403],[-86.6258471269534,36.1728007389784],[-86.6258383857207,36.1728913948905],[-86.6256210520647,36.1728776192438]]]},"properties":{"id":"128026","parcel":"086130B00100CO","address":"6034 BLACKBERRY RIDGE LN","owner":"HINKES, MARK & ELIZABETH VICTORIA","point":[-86.62573245219873,36.17285615985505]}},{"type":"Feature","id":"128027","geometry":{"type":"Polygon","coordinates":[[[-86.6256000814596,36.1730950976239],[-86.6256041855515,36.1730525325132],[-86.6256184343418,36.1730534356254],[-86.6256232392788,36.1730036099589],[-86.6257587673266,36.1730122012004],[-86.6258263245009,36.1730164834164],[-86.6258174157147,36.1731088742089],[-86.6256000814596,36.1730950976239]]]},"properties":{"id":"128027","parcel":"086130B00300CO","address":"6038 BLACKBERRY RIDGE LN","owner":"SAHLI, SANDRA M","point":[-86.62571139057384,36.173074585953295]}},{"type":"Feature","id":"128028","geometry":{"type":"Polygon","coordinates":[[[-86.6281726057061,36.173654974653],[-86.6281858078214,36.1735617024451],[-86.6284066467443,36.1735822498124],[-86.6284008537728,36.1736231790181],[-86.6283852743863,36.1736217297888],[-86.6283778666072,36.173674073709],[-86.6281726057061,36.173654974653]]]},"properties":{"id":"128028","parcel":"086130B00700CO","address":"840 SUNSET VIEW DR","owner":"WILLIAMS, STEVEN L.","point":[-86.62829202478052,36.173601667163126]}},{"type":"Feature","id":"128029","geometry":{"type":"Polygon","coordinates":[[[-86.6282033238471,36.1734379425875],[-86.6282167574588,36.1733430306801],[-86.6284375968927,36.1733635779861],[-86.6284316207862,36.1734058014534],[-86.6284160414347,36.1734043513267],[-86.628412771806,36.1734274558533],[-86.6284085841799,36.17345703979],[-86.6282033238471,36.1734379425875]]]},"properties":{"id":"128029","parcel":"086130B00900CO","address":"844 SUNSET VIEW DR","owner":"SLAWSON, TYLER & KIRK & LOGUIDICE, SKYE","point":[-86.62832288328045,36.17338364204621]}},{"type":"Feature","id":"128030","geometry":{"type":"Polygon","coordinates":[[[-86.6261574263088,36.1733796050716],[-86.6261823331999,36.1732100800979],[-86.626297305959,36.1732211846258],[-86.6262723993029,36.1733907087215],[-86.6261574263088,36.1733796050716]]]},"properties":{"id":"128030","parcel":"086130B01400CO","address":"702 COPPER BRANCH RD","owner":"BOUCHARD - DOMAINE FAMILY TRUST, THE","point":[-86.62622736617138,36.17330039486995]}},{"type":"Feature","id":"128031","geometry":{"type":"Polygon","coordinates":[[[-86.6267061216341,36.1734015213471],[-86.6267305125872,36.173235501219],[-86.626847765958,36.1732468250048],[-86.6268437785216,36.1732739618343],[-86.6268233741423,36.1734128460631],[-86.6267061216341,36.1734015213471]]]},"properties":{"id":"128031","parcel":"086130B01800CO","address":"710 COPPER BRANCH RD","owner":"MORGAN, CATHERINE I & JOHN W","point":[-86.62677495006153,36.17333774161092]}},{"type":"Feature","id":"128032","geometry":{"type":"Polygon","coordinates":[[[-86.6268616276893,36.1734165399378],[-86.6268860183146,36.1732505188777],[-86.6270022927862,36.1732617484592],[-86.6269779023936,36.173427768641],[-86.6268616276893,36.1734165399378]]]},"properties":{"id":"128032","parcel":"086130B01900CO","address":"712 COPPER BRANCH RD","owner":"FULLER, MELANIE K","point":[-86.62693196027406,36.17333914421996]}},{"type":"Feature","id":"128033","geometry":{"type":"Polygon","coordinates":[[[-86.6269779023936,36.173427768641],[-86.6270022927862,36.1732617484592],[-86.6271175894512,36.1732728829694],[-86.6271136021057,36.1733000198077],[-86.627093198192,36.173438904081],[-86.6269779023936,36.173427768641]]]},"properties":{"id":"128033","parcel":"086130B02000CO","address":"714 COPPER BRANCH RD","owner":"WOLFE, MICHAEL WARD LIVING TRUST ETAL","point":[-86.62704575223253,36.17336389424401]}},{"type":"Feature","id":"128034","geometry":{"type":"Polygon","coordinates":[[[-86.6274275764134,36.1734711952276],[-86.6274519658713,36.1733051740556],[-86.6275698702302,36.1733165604499],[-86.6275454798968,36.1734825807497],[-86.6274275764134,36.1734711952276]]]},"properties":{"id":"128034","parcel":"086130B02300CO","address":"720 COPPER BRANCH RD","owner":"HOFFMAN, SHIRLEY & WILCOX, PATRICIA","point":[-86.62749872309973,36.17339387785987]}},{"type":"Feature","id":"128352","geometry":{"type":"Polygon","coordinates":[[[-86.6266141749465,36.1710499477773],[-86.6276661940401,36.1711419194451],[-86.6290065045461,36.1712642511379],[-86.6289280333997,36.1716950385071],[-86.6288646423712,36.1717401459699],[-86.6288142428827,36.171773697389],[-86.6287612348945,36.1718044937111],[-86.6287058463481,36.1718324030635],[-86.6286483185958,36.1718573025162],[-86.6285888986771,36.1718790853325],[-86.6285278426392,36.1718976591494],[-86.6284654132777,36.1719129414831],[-86.6284018824241,36.1719248678283],[-86.628337523122,36.1719333862916],[-86.6282726118714,36.1719384602835],[-86.6282074297329,36.1719400676114],[-86.628142259,36.1719382013983],[-86.6280773798648,36.1719328701002],[-86.6280130715213,36.1719240965989],[-86.6279496132777,36.1719119181964],[-86.6278872767893,36.1718963884576],[-86.6278263338105,36.171877573565],[-86.6277670462125,36.1718555550745],[-86.6277096692961,36.1718304271942],[-86.6276544507088,36.1718023003947],[-86.6276016281645,36.1717712942118],[-86.6275514317022,36.1717375417397],[-86.6275040759194,36.1717011914747],[-86.6269474156252,36.1712448537291],[-86.6268977076008,36.1712062983485],[-86.6268454477679,36.1711700309738],[-86.6267907937322,36.1711361625392],[-86.6267339130447,36.1711047967175],[-86.6266749798607,36.1710760290358],[-86.6266141749465,36.1710499477773]]]},"properties":{"id":"128352","parcel":"086130A91300CO","address":"0 HOGGETT FORD RD","owner":"MAGNOLIA FARMS HOMEOWNERS","point":[-86.6280972492462,36.17147694554472]}},{"type":"Feature","id":"128366","geometry":{"type":"Polygon","coordinates":[[[-86.6256173600668,36.1729159138677],[-86.6256210520647,36.1728776192438],[-86.6258383857207,36.1728913948905],[-86.6258293464303,36.1729851346443],[-86.6256262624065,36.1729722620872],[-86.6256316077213,36.1729168169842],[-86.6256173600668,36.1729159138677]]]},"properties":{"id":"128366","parcel":"086130B00200CO","address":"6036 BLACKBERRY RIDGE LN","owner":"JONES, JEFFREY SCOTT","point":[-86.62573106724726,36.1729448588453]}},{"type":"Feature","id":"128367","geometry":{"type":"Polygon","coordinates":[[[-86.6255754258567,36.1733507912581],[-86.6255787531662,36.1733162874147],[-86.6257960880164,36.173330063136],[-86.6257873158509,36.1734210400387],[-86.6255842296068,36.1734081674181],[-86.6255896758118,36.1733516943679],[-86.6255754258567,36.1733507912581]]]},"properties":{"id":"128367","parcel":"086130B00600CO","address":"6044 BLACKBERRY RIDGE LN","owner":"OPENDOOR PROPERTY TRUST I","point":[-86.62568908540405,36.17338025024154]}},{"type":"Feature","id":"128368","geometry":{"type":"Polygon","coordinates":[[[-86.6282567730307,36.1732170159238],[-86.628269599125,36.1731263944469],[-86.6284902610985,36.1731469254545],[-86.628484335571,36.1731887926672],[-86.62847023243,36.1731874799638],[-86.6284633321105,36.1732362351515],[-86.6282567730307,36.1732170159238]]]},"properties":{"id":"128368","parcel":"086130B01100CO","address":"848 SUNSET VIEW DR","owner":"LILES CHARLES EDWIN & EMILY FAUST REVOCABLE TRUST","point":[-86.62837565323369,36.173166878104745]}},{"type":"Feature","id":"128369","geometry":{"type":"Polygon","coordinates":[[[-86.628269599125,36.1731263944469],[-86.6282824251901,36.1730357729665],[-86.6284889849088,36.1730549912442],[-86.6284814445202,36.1731082605598],[-86.6284955476472,36.1731095732619],[-86.6284902610985,36.1731469254545],[-86.628269599125,36.1731263944469]]]},"properties":{"id":"128369","parcel":"086130B01200CO","address":"850 SUNSET VIEW DR","owner":"TAYLOR, JOHN ANDREW & KARISSA MARIE","point":[-86.62838062101676,36.1730813013014]}},{"type":"Feature","id":"128370","geometry":{"type":"Polygon","coordinates":[[[-86.6263177405574,36.1733640125588],[-86.6263421323045,36.1731979916063],[-86.6264573186559,36.1732091165037],[-86.6264329271393,36.1733751365777],[-86.6263177405574,36.1733640125588]]]},"properties":{"id":"128370","parcel":"086130B01500CO","address":"704 COPPER BRANCH RD","owner":"OSCHIP, NICHOLAS","point":[-86.62638752964247,36.173286564552384]}},{"type":"Feature","id":"128371","geometry":{"type":"Polygon","coordinates":[[[-86.6264329271393,36.1733751365777],[-86.6264573186559,36.1732091165037],[-86.6265746809655,36.1732204508042],[-86.6265502885865,36.1733864718084],[-86.6264329271393,36.1733751365777]]]},"properties":{"id":"128371","parcel":"086130B01600CO","address":"706 COPPER BRANCH RD","owner":"CIEZADLO, MARY BETH","point":[-86.62650380389512,36.17329779371213]}},{"type":"Feature","id":"128372","geometry":{"type":"Polygon","coordinates":[[[-86.6271317788229,36.1734426295174],[-86.627156168891,36.173276608404],[-86.6272766807236,36.1732882465062],[-86.6272522909041,36.1734542676435],[-86.6271317788229,36.1734426295174]]]},"properties":{"id":"128372","parcel":"086130B02100CO","address":"716 COPPER BRANCH RD","owner":"PEARSON, JEFFREY S","point":[-86.62720422984403,36.173365438034644]}},{"type":"Feature","id":"128373","geometry":{"type":"Polygon","coordinates":[[[-86.6278136704532,36.1735395551646],[-86.6278385738631,36.1733700307577],[-86.6279601027122,36.1733817665333],[-86.6279351995582,36.1735512909647],[-86.6278136704532,36.1735395551646]]]},"properties":{"id":"128373","parcel":"086130B02600CO","address":"726 COPPER BRANCH RD","owner":"MORGAN, RICHARD JAMES & JULIE MAXWELL","point":[-86.62788688665577,36.17346066087229]}},{"type":"Feature","id":"128374","geometry":{"type":"Polygon","coordinates":[[[-86.6254912134027,36.1734260383074],[-86.6255159179477,36.1732044353921],[-86.6255406223618,36.1729828333597],[-86.6255674362218,36.1727423120011],[-86.625838284777,36.1727668344668],[-86.6258490182836,36.1727685317602],[-86.6258592757555,36.1727716032342],[-86.6258687931186,36.1727759691452],[-86.6258773216115,36.1727815181259],[-86.6258824685612,36.1727859265245],[-86.6258882203018,36.172792319059],[-86.6258927807259,36.1727993135015],[-86.6258960575567,36.1728067670307],[-86.6258979817601,36.1728145240872],[-86.6258985131738,36.1728224253569],[-86.6258984264234,36.1728243923498],[-86.6258982509134,36.1728263805318],[-86.6258780541273,36.1730075622329],[-86.6258533495363,36.1732291643386],[-86.6258286448072,36.173450766426],[-86.6254912134027,36.1734260383074]],[[-86.6258053544217,36.1732339618241],[-86.6256022686535,36.1732210892333],[-86.6255973126989,36.1732724892733],[-86.6255830638624,36.1732715852574],[-86.6255787531662,36.1733162874147],[-86.6255754258567,36.1733507912581],[-86.6255896758118,36.1733516943679],[-86.6255842296068,36.1734081674181],[-86.6257873158509,36.1734210400387],[-86.6257960880164,36.173330063136],[-86.6258053544217,36.1732339618241]],[[-86.6257587673266,36.1730122012004],[-86.6256232392788,36.1730036099589],[-86.6256184343418,36.1730534356254],[-86.6256041855515,36.1730525325132],[-86.6256000814596,36.1730950976239],[-86.6255961551371,36.1731358196433],[-86.6256104039494,36.1731367236577],[-86.625605208591,36.1731906079032],[-86.6258082931773,36.1732034813962],[-86.6258174157147,36.1731088742089],[-86.6258263245009,36.1730164834164],[-86.6257587673266,36.1730122012004]],[[-86.6257696007287,36.172795824403],[-86.62564404228,36.1727878655551],[-86.6256395878033,36.172834061849],[-86.6256253390521,36.1728331587392],[-86.6256210520647,36.1728776192438],[-86.6256173600668,36.1729159138677],[-86.6256316077213,36.1729168169842],[-86.6256262624065,36.1729722620872],[-86.6258293464303,36.1729851346443],[-86.6258383857207,36.1728913948905],[-86.6258471269534,36.1728007389784],[-86.6257696007287,36.172795824403]]]},"properties":{"id":"128374","parcel":"086130B90000CO","address":"6034 B BLACKBERRY RIDGE LN","owner":"MAGNOLIA FARMS HOMEOWNERS ASSOCIATION, INC.","point":[-86.62556342629871,36.17310153157112]}},{"type":"Feature","id":"128640","geometry":{"type":"Polygon","coordinates":[[[-86.6281858078214,36.1735617024451],[-86.6281990099057,36.1734684302335],[-86.6284042692048,36.173487527449],[-86.6283968603321,36.1735398704768],[-86.6284124397027,36.1735413197047],[-86.6284066467443,36.1735822498124],[-86.6281858078214,36.1735617024451]]]},"properties":{"id":"128640","parcel":"086130B00800CO","address":"842 SUNSET VIEW DR","owner":"BLACKBURN, COREY W","point":[-86.62829662926252,36.173513376330206]}},{"type":"Feature","id":"128644","geometry":{"type":"Polygon","coordinates":[[[-86.6282167574588,36.1733430306801],[-86.6282298162989,36.173250769514],[-86.6284350761539,36.1732698666724],[-86.6284275441586,36.1733230800597],[-86.6284431223757,36.1733245292894],[-86.6284375968927,36.1733635779861],[-86.6282167574588,36.1733430306801]]]},"properties":{"id":"128644","parcel":"086130B01000CO","address":"846 SUNSET VIEW DR","owner":"JOHNSON, SONYA & KALEB R.","point":[-86.62832737438832,36.173296150760024]}},{"type":"Feature","id":"128647","geometry":{"type":"Polygon","coordinates":[[[-86.6272522909041,36.1734542676435],[-86.6272766807236,36.1732882465062],[-86.6273962180931,36.1732997904149],[-86.6273922319532,36.1733269272564],[-86.6273718285202,36.1734658115759],[-86.6272522909041,36.1734542676435]]]},"properties":{"id":"128647","parcel":"086130B02200CO","address":"718 COPPER BRANCH RD","owner":"KNEIDINGER, SUZANNE","point":[-86.62732226138644,36.17339059747075]}},{"type":"Feature","id":"128650","geometry":{"type":"Polygon","coordinates":[[[-86.6275454798968,36.1734825807497],[-86.6275698702302,36.1733165604499],[-86.6276868001167,36.173327851757],[-86.6276624111431,36.1734938729754],[-86.6275454798968,36.1734825807497]]]},"properties":{"id":"128650","parcel":"086130B02400CO","address":"722 COPPER BRANCH RD","owner":"MEDLIN, EARLLEEN","point":[-86.62761614036779,36.17340521627601]}},{"type":"Feature","id":"128654","geometry":{"type":"Polygon","coordinates":[[[-86.6277001977127,36.1735285974918],[-86.6277251013617,36.1733590731078],[-86.6278385738631,36.1733700307577],[-86.6278136704532,36.1735395551646],[-86.6277001977127,36.1735285974918]]]},"properties":{"id":"128654","parcel":"086130B02500CO","address":"724 COPPER BRANCH RD","owner":"GIVENS, MICAH S & MANNING-GIVENS, AMBER","point":[-86.62776938585738,36.17344931414567]}},{"type":"Feature","id":"128656","geometry":{"type":"Polygon","coordinates":[[[-86.6266936911985,36.1735641447146],[-86.6265588511718,36.1735515971329],[-86.6262862066619,36.1735262248919],[-86.6259967326595,36.173499286411],[-86.6260007356731,36.1734633775975],[-86.6260063882643,36.1734126715023],[-86.6260306491549,36.1731950390092],[-86.6260324730296,36.1731864135323],[-86.6260359636805,36.1731781336047],[-86.6260410316032,36.1731704078811],[-86.6260475482824,36.1731634316991],[-86.6260553472754,36.1731573834694],[-86.6260642319221,36.1731524156231],[-86.6260739775745,36.1731486555011],[-86.6260843348609,36.1731461963249],[-86.6260950441781,36.1731451025287],[-86.6261058300629,36.1731454007767],[-86.6263343544435,36.1731665798954],[-86.6266070124832,36.1731918492102],[-86.6268796706895,36.1732171170077],[-86.6271523279579,36.173242384195],[-86.6274334018759,36.1732684316678],[-86.6277165439399,36.1732946696135],[-86.627942202507,36.1733155803041],[-86.6279526422923,36.1733172293696],[-86.6279626355243,36.1733201812714],[-86.6279719359882,36.1733243660913],[-86.627980313864,36.1733296786765],[-86.627987563586,36.1733359885135],[-86.6279935060799,36.1733431415177],[-86.627997995425,36.1733509590983],[-86.6280009200587,36.1733592498681],[-86.6280022083409,36.1733678105159],[-86.6280018285761,36.17337642851],[-86.6279709287492,36.1735947286377],[-86.627963676317,36.173646229048],[-86.6279599508832,36.1736722947582],[-86.6276676124158,36.173645093088],[-86.6273852011565,36.1736284919717],[-86.6271041407072,36.1736023388656],[-86.6268314958559,36.1735769687579],[-86.6266936911985,36.1735641447146]],[[-86.6278385738631,36.1733700307577],[-86.6277251013617,36.1733590731078],[-86.6277001977127,36.1735285974918],[-86.6278136704532,36.1735395551646],[-86.6279351995582,36.1735512909647],[-86.6279601027122,36.1733817665333],[-86.6278385738631,36.1733700307577]],[[-86.6276624111431,36.1734938729754],[-86.6276868001167,36.173327851757],[-86.6275698702302,36.1733165604499],[-86.6274519658713,36.1733051740556],[-86.6274275764134,36.1734711952276],[-86.6275454798968,36.1734825807497],[-86.6276624111431,36.1734938729754]],[[-86.6273922319532,36.1733269272564],[-86.6273962180931,36.1732997904149],[-86.6272766807236,36.1732882465062],[-86.627156168891,36.173276608404],[-86.6271317788229,36.1734426295174],[-86.6272522909041,36.1734542676435],[-86.6273718285202,36.1734658115759],[-86.6273922319532,36.1733269272564]],[[-86.6271136021057,36.1733000198077],[-86.6271175894512,36.1732728829694],[-86.6270022927862,36.1732617484592],[-86.6268860183146,36.1732505188777],[-86.6268616276893,36.1734165399378],[-86.6269779023936,36.173427768641],[-86.627093198192,36.173438904081],[-86.6271136021057,36.1733000198077]],[[-86.6268437785216,36.1732739618343],[-86.626847765958,36.1732468250048],[-86.6267305125872,36.173235501219],[-86.6266152126891,36.1732243654551],[-86.6265908215052,36.1733903864616],[-86.6267061216341,36.1734015213471],[-86.6268233741423,36.1734128460631],[-86.6268437785216,36.1732739618343]],[[-86.6262723993029,36.1733907087215],[-86.626297305959,36.1732211846258],[-86.6261823331999,36.1732100800979],[-86.6260630520036,36.1731985597962],[-86.6260381448613,36.1733680847458],[-86.6261574263088,36.1733796050716],[-86.6262723993029,36.1733907087215]],[[-86.6264329271393,36.1733751365777],[-86.6265502885865,36.1733864718084],[-86.6265746809655,36.1732204508042],[-86.6264573186559,36.1732091165037],[-86.6263421323045,36.1731979916063],[-86.6263177405574,36.1733640125588],[-86.6264329271393,36.1733751365777]]]},"properties":{"id":"128656","parcel":"086130B90200CO","address":"700 B COPPER BRANCH RD","owner":"MAGNOLIA FARMS HOMEOWNERS ASSOCIATION, INC.","point":[-86.62638600569576,36.173406002433616]}},{"type":"Feature","id":"128764","geometry":{"type":"Polygon","coordinates":[[[-86.6265198609442,36.172239095021],[-86.6265398580872,36.1720971747759],[-86.6269101312654,36.1721314728704],[-86.6268901347688,36.1722733922743],[-86.6265198609442,36.172239095021]]]},"properties":{"id":"128764","parcel":"086130A18600CO","address":"112 LAVENDER RD","owner":"JACKSON, KAREN S","point":[-86.62671499621031,36.172185284105666]}},{"type":"Feature","id":"128770","geometry":{"type":"Polygon","coordinates":[[[-86.6264701045924,36.1725922126201],[-86.6264798653249,36.1725229345893],[-86.6268501415754,36.1725572328581],[-86.6268422808504,36.1726130020217],[-86.626835514851,36.1726610101804],[-86.6268336089822,36.1726690935401],[-86.626830235515,36.1726768564634],[-86.6268255060747,36.1726840766613],[-86.6268254807869,36.1726841119416],[-86.6268254598813,36.1726841390879],[-86.6268254312447,36.1726841725831],[-86.6268194557815,36.1726906971721],[-86.6268194249076,36.1726907288764],[-86.6268194028477,36.1726907506211],[-86.6268193686249,36.1726907805403],[-86.626812195612,36.1726965542915],[-86.6268112679796,36.1726971854823],[-86.6268084043893,36.1726989956571],[-86.6267997088766,36.1727034092052],[-86.6267903508158,36.1727066915102],[-86.6267903042451,36.1727067061721],[-86.6267902665382,36.1727067171831],[-86.6267902188346,36.1727067291471],[-86.626780328982,36.1727088281583],[-86.6267742172354,36.1727094988856],[-86.6267680563421,36.1727097174366],[-86.6267606682936,36.1727093772711],[-86.6264574627861,36.1726819271887],[-86.6264701045924,36.1725922126201]]]},"properties":{"id":"128770","parcel":"086130A18900CO","address":"124 LAVENDER RD","owner":"RODRIGUEZ, RAEANN ROSE","point":[-86.62665142764041,36.172636421657856]}},{"type":"Feature","id":"128775","geometry":{"type":"Polygon","coordinates":[[[-86.6271610570937,36.1727456253668],[-86.6272031636201,36.1724398623401],[-86.6273445822072,36.1724526643094],[-86.627302476219,36.1727584273843],[-86.6271610570937,36.1727456253668]]]},"properties":{"id":"128775","parcel":"086130A19100CO","address":"4151 MAGNOLIA FARMS DR","owner":"RUDLOFF, MOLLY & NOAH","point":[-86.62725281982117,36.172599144876045]}},{"type":"Feature","id":"128781","geometry":{"type":"Polygon","coordinates":[[[-86.627443895397,36.1727712301374],[-86.6274860008471,36.1724654670142],[-86.6276274195327,36.1724782695533],[-86.6275853146136,36.1727840318235],[-86.627443895397,36.1727712301374]]]},"properties":{"id":"128781","parcel":"086130A19300CO","address":"4155 MAGNOLIA FARMS DR","owner":"KAPOOR, PARAS","point":[-86.62753565760407,36.172624749883205]}},{"type":"Feature","id":"128786","geometry":{"type":"Polygon","coordinates":[[[-86.6275853146136,36.1727840318235],[-86.6276274195327,36.1724782695533],[-86.6277688382568,36.1724910710255],[-86.6277267338758,36.172796833344],[-86.6275853146136,36.1727840318235]]]},"properties":{"id":"128786","parcel":"086130A19400CO","address":"4157 MAGNOLIA FARMS DR","owner":"GUHA-MAURAS FAMILY REVOCABLE LV TR, THE","point":[-86.62767707660589,36.17263755146245]}},{"type":"Feature","id":"128791","geometry":{"type":"Polygon","coordinates":[[[-86.6281509919434,36.172835237812],[-86.6281930947099,36.1725294753486],[-86.6283345136165,36.1725422761579],[-86.6282924113881,36.1728480386695],[-86.6281509919434,36.172835237812]]]},"properties":{"id":"128791","parcel":"086130A19800CO","address":"4165 MAGNOLIA FARMS DR","owner":"HUMPHREYS, JERRY RALPH III & TOSHA LACHA","point":[-86.62824275295064,36.1726887570229]}},{"type":"Feature","id":"128797","geometry":{"type":"Polygon","coordinates":[[[-86.6284338308784,36.1728608393613],[-86.6284759325687,36.1725550768014],[-86.6286173515737,36.1725678781804],[-86.6285752504216,36.1728736407885],[-86.6284338308784,36.1728608393613]]]},"properties":{"id":"128797","parcel":"086130A20000CO","address":"4169 MAGNOLIA FARMS DR","owner":"JUDD, RONALD JR & MARTHA","point":[-86.62852559139677,36.17271435880879]}},{"type":"Feature","id":"128802","geometry":{"type":"Polygon","coordinates":[[[-86.628767563897,36.172526194038],[-86.6288112998691,36.1722157398789],[-86.6289526772882,36.1722288330873],[-86.6289089828904,36.1725389941742],[-86.628767563897,36.172526194038]]]},"properties":{"id":"128802","parcel":"086130A20500CO","address":"3607 HOGGETT FORD RD","owner":"GALLOWAY, ZACKERY W. & MAKENZIE L.","point":[-86.62886012070366,36.17237751360109]}},{"type":"Feature","id":"128804","geometry":{"type":"Polygon","coordinates":[[[-86.6284847249284,36.172500592373],[-86.6285285440666,36.172189553872],[-86.6286699225038,36.172202647406],[-86.6286261449492,36.1725133937361],[-86.6284847249284,36.172500592373]]]},"properties":{"id":"128804","parcel":"086130A20700CO","address":"3611 HOGGETT FORD RD","owner":"HUFF, HAILEY","point":[-86.62857732385984,36.17235161992808]}},{"type":"Feature","id":"128810","geometry":{"type":"Polygon","coordinates":[[[-86.6283433060647,36.1724877908384],[-86.6283871667875,36.1721764601666],[-86.6285285440666,36.172189553872],[-86.6284847249284,36.172500592373],[-86.6283433060647,36.1724877908384]]]},"properties":{"id":"128810","parcel":"086130A20800CO","address":"3613 HOGGETT FORD RD","owner":"SASSER, ELAINE SALSBURY","point":[-86.62843592520963,36.172338672393806]}},{"type":"Feature","id":"128814","geometry":{"type":"Polygon","coordinates":[[[-86.6276362102292,36.1724237833947],[-86.6276802799946,36.1721109909634],[-86.6278216570333,36.1721240845958],[-86.6277776288576,36.1724365848567],[-86.6276362102292,36.1724237833947]]]},"properties":{"id":"128814","parcel":"086130A21300CO","address":"3623 HOGGETT FORD RD","owner":"WALENTYNOWICZ, PAMELA GWYNNE","point":[-86.6277289337762,36.172273934033946]}},{"type":"Feature","id":"128819","geometry":{"type":"Polygon","coordinates":[[[-86.6272119523876,36.1723853771246],[-86.6272561480328,36.1720717072759],[-86.6273975249386,36.1720848023064],[-86.6273533719907,36.1723981790781],[-86.6272119523876,36.1723853771246]]]},"properties":{"id":"128819","parcel":"086130A21600CO","address":"3629 HOGGETT FORD RD","owner":"INCHIOSA, ANDREW & BENGEN, COURTENEY","point":[-86.62730473904301,36.172235089755006]}},{"type":"Feature","id":"128824","geometry":{"type":"Polygon","coordinates":[[[-86.6289526772882,36.1722288330873],[-86.6288112998691,36.1722157398789],[-86.6286699225038,36.172202647406],[-86.6285285440666,36.172189553872],[-86.6283871667875,36.1721764601666],[-86.628245789555,36.1721633662956],[-86.6281044123764,36.1721502731602],[-86.6279630341258,36.1721371789637],[-86.6278216570333,36.1721240845958],[-86.6276802799946,36.1721109909634],[-86.6275389029955,36.1720978962642],[-86.6273975249386,36.1720848023064],[-86.6272561480328,36.1720717072759],[-86.6270948160301,36.1720567636305],[-86.6271023621895,36.1720256391566],[-86.6271134342288,36.1719952146657],[-86.6271279330679,36.1719657529373],[-86.6271457373255,36.1719375078545],[-86.627166693287,36.17191072085],[-86.6271897621697,36.1718864445812],[-86.6272154183332,36.1718639402544],[-86.6272280524038,36.1718538084588],[-86.6272371068819,36.171847713069],[-86.6272473259366,36.1718429797354],[-86.6272584005711,36.1718397515612],[-86.6272699969718,36.1718381258139],[-86.6272817653793,36.1718381511766],[-86.6272933523147,36.1718398276837],[-86.6273044050048,36.1718431039944],[-86.6273145925361,36.171847881789],[-86.6273236069666,36.1718540157634],[-86.6273763163626,36.171894337151],[-86.6274318124793,36.1719321223115],[-86.6274899075596,36.1719672433374],[-86.6275504094918,36.1719995840603],[-86.6276131151117,36.172029036481],[-86.6276778146562,36.172055501647],[-86.627744292889,36.1720788914504],[-86.6278123268635,36.1720991268357],[-86.6278816881744,36.1721161413941],[-86.6279521484868,36.1721298777297],[-86.6280234684428,36.1721402902203],[-86.6280954120968,36.1721473431407],[-86.6281677369338,36.1721510134179],[-86.6282402038727,36.1721512905791],[-86.6283125694364,36.172148170484],[-86.6283845902834,36.1721416661157],[-86.6284560286797,36.1721317967377],[-86.6285266436932,36.1721185987548],[-86.6285961999852,36.172102113049],[-86.6286644656807,36.1720823967079],[-86.6287312122975,36.1720595140116],[-86.6287962148026,36.172033543643],[-86.6288592593296,36.1720045705359],[-86.6288692238029,36.1720005440759],[-86.6288798650297,36.1719978957168],[-86.628890897891,36.1719966954398],[-86.6289020258522,36.1719969754323],[-86.6289129454097,36.1719987300657],[-86.6289233649365,36.1720019094879],[-86.6289330003149,36.1720064295599],[-86.6289415926922,36.1720121681584],[-86.6289489107392,36.1720189696702],[-86.6290565641701,36.1721374134242],[-86.6290685468684,36.1721518440973],[-86.6290789739299,36.172167047143],[-86.6290863582973,36.172180107534],[-86.6290902118705,36.1721880662825],[-86.6290915123189,36.1721909985055],[-86.6290998562988,36.1722147545244],[-86.6291046105361,36.1722391529222],[-86.629105018502,36.1722429405836],[-86.6289526772882,36.1722288330873]]]},"properties":{"id":"128824","parcel":"086130A91100CO","address":"0 HOGGETT FORD RD","owner":"MAGNOLIA FARMS HOMEOWNERS","point":[-86.62737256653526,36.17204183667963]}},{"type":"Feature","id":"129733","geometry":{"type":"Polygon","coordinates":[[[-86.6273533719907,36.1723981790781],[-86.6273975249386,36.1720848023064],[-86.6275389029955,36.1720978962642],[-86.6274947905349,36.1724109817727],[-86.6273533719907,36.1723981790781]]]},"properties":{"id":"129733","parcel":"086130A21500CO","address":"3627 HOGGETT FORD RD","owner":"HANNON, ELISE","point":[-86.6274461374041,36.17224803770917]}},{"type":"Feature","id":"129735","geometry":{"type":"Polygon","coordinates":[[[-86.6270948160301,36.1720567636305],[-86.6272561480328,36.1720717072759],[-86.6272119523876,36.1723853771246],[-86.627090839226,36.1723744126216],[-86.6270845644172,36.172373434911],[-86.6270785546336,36.1723716726307],[-86.6270729613856,36.1723691682538],[-86.6270679207719,36.1723659832603],[-86.6270635579252,36.1723621981131],[-86.6270599791747,36.1723579050897],[-86.6270572754021,36.1723532109674],[-86.6270555119877,36.1723482307676],[-86.627054733264,36.1723430886337],[-86.6270549569008,36.1723379106498],[-86.6270929473703,36.1720682841983],[-86.6270948160301,36.1720567636305]]]},"properties":{"id":"129735","parcel":"086130A21700CO","address":"3631 HOGGETT FORD RD","owner":"KEY, STEPHEN DANE FAMILY TRUST","point":[-86.62715555262156,36.17220480900753]}},{"type":"Feature","id":"129781","geometry":{"type":"Polygon","coordinates":[[[-86.6271027112396,36.1717572780254],[-86.6268406980066,36.1715424841041],[-86.6266926003745,36.1716903815978],[-86.6266221949048,36.1716768965959],[-86.6266626963917,36.1715378800594],[-86.6266959305655,36.1714238056851],[-86.6266571458842,36.171392144892],[-86.6266160073098,36.1713625016044],[-86.6265726713868,36.1713349930719],[-86.6265273079044,36.1713097247593],[-86.6265123881721,36.1713022226252],[-86.6264656721869,36.1712809259416],[-86.6264173607422,36.1712621141757],[-86.6263676556382,36.1712458646878],[-86.6263701375759,36.1712426027747],[-86.6263737606877,36.1712385859946],[-86.6263759053714,36.1712365344179],[-86.6263777511228,36.1712349151936],[-86.6263793382428,36.1712336235666],[-86.6263794597912,36.1712335319088],[-86.6263820832381,36.1712315805909],[-86.6263900373426,36.1712267626482],[-86.6263922030614,36.1712256861228],[-86.6264046260597,36.1712210612895],[-86.6264151887401,36.1712188858137],[-86.6264260459413,36.1712181129677],[-86.6264260992941,36.1712181126908],[-86.6264349684831,36.1712185389202],[-86.6264436360068,36.1712198908858],[-86.6264436838732,36.1712198996499],[-86.626443723959,36.1712199084544],[-86.6264437718467,36.1712199199222],[-86.6264521676228,36.1712221907778],[-86.626453176278,36.1712225316258],[-86.6264864019933,36.1712347794096],[-86.6265190497052,36.1712480125551],[-86.6265438033748,36.1712588866194],[-86.6265882509576,36.1712803608799],[-86.626631246007,36.171303697453],[-86.6266726691011,36.1713288347733],[-86.6267015058846,36.171348049474],[-86.6267323053163,36.1713703110425],[-86.6267619356743,36.1713935925885],[-86.6271070595003,36.1716765189863],[-86.6271136788463,36.1716828420663],[-86.6271190512611,36.1716898998404],[-86.627123055418,36.1716975307128],[-86.6271255999298,36.1717055639195],[-86.6271264891679,36.1717114688448],[-86.6271265839728,36.1717174166517],[-86.6271251491193,36.1717264411877],[-86.6271219377796,36.1717351595134],[-86.6271170348645,36.1717433449718],[-86.6271105698383,36.1717507823908],[-86.6271027112396,36.1717572780254]]]},"properties":{"id":"129781","parcel":"086130A91200CO","address":"0 HOGGETT FORD RD","owner":"MAGNOLIA FARMS HOMEOWNERS","point":[-86.6267742007181,36.171481138698]}},{"type":"Feature","id":"131633","geometry":{"type":"Polygon","coordinates":[[[-86.6255961551371,36.1731358196433],[-86.6256000814596,36.1730950976239],[-86.6258174157147,36.1731088742089],[-86.6258082931773,36.1732034813962],[-86.625605208591,36.1731906079032],[-86.6256104039494,36.1731367236577],[-86.6255961551371,36.1731358196433]]]},"properties":{"id":"131633","parcel":"086130B00400CO","address":"6040 BLACKBERRY RIDGE LN","owner":"EITING, ANGELA JANE","point":[-86.62570993855628,36.17316398510915]}},{"type":"Feature","id":"131637","geometry":{"type":"Polygon","coordinates":[[[-86.6255787531662,36.1733162874147],[-86.6255830638624,36.1732715852574],[-86.6255973126989,36.1732724892733],[-86.6256022686535,36.1732210892333],[-86.6258053544217,36.1732339618241],[-86.6257960880164,36.173330063136],[-86.6255787531662,36.1733162874147]]]},"properties":{"id":"131637","parcel":"086130B00500CO","address":"6042 BLACKBERRY RIDGE LN","owner":"MACKLE, KATHLEEN Y","point":[-86.6256901656251,36.1732947076916]}},{"type":"Feature","id":"131641","geometry":{"type":"Polygon","coordinates":[[[-86.6260381448613,36.1733680847458],[-86.6260630520036,36.1731985597962],[-86.6261823331999,36.1732100800979],[-86.6261574263088,36.1733796050716],[-86.6260381448613,36.1733680847458]]]},"properties":{"id":"131641","parcel":"086130B01300CO","address":"700 COPPER BRANCH RD","owner":"LEATH, SUSAN","point":[-86.62611023910269,36.1732890824445]}},{"type":"Feature","id":"131643","geometry":{"type":"Polygon","coordinates":[[[-86.6265908215052,36.1733903864616],[-86.6266152126891,36.1732243654551],[-86.6267305125872,36.173235501219],[-86.6267061216341,36.1734015213471],[-86.6265908215052,36.1733903864616]]]},"properties":{"id":"131643","parcel":"086130B01700CO","address":"708 COPPER BRANCH RD","owner":"COPPEDGE, NOVELLA J.","point":[-86.62666066708209,36.17331294386147]}},{"type":"Feature","id":"131645","geometry":{"type":"Polygon","coordinates":[[[-86.6284719050011,36.17369351723],[-86.6281353054529,36.1736621985668],[-86.6281665943376,36.1734411439348],[-86.6281978819365,36.1732200892872],[-86.6282236700857,36.1730378939078],[-86.6282260280985,36.173028529289],[-86.6282303518073,36.1730196375134],[-86.6282365110645,36.1730114878327],[-86.6282443188481,36.173004326362],[-86.6282535401195,36.1729983715273],[-86.6282638928411,36.172993802344],[-86.6282750679706,36.1729907565102],[-86.628286722763,36.1729893268368],[-86.6282985085301,36.1729895574975],[-86.6285680873166,36.1730139587849],[-86.6286276310973,36.1730193482514],[-86.6286062041368,36.1731749591584],[-86.6285857167916,36.1733237453483],[-86.6285652293767,36.1734725324301],[-86.6285447051295,36.1736215909721],[-86.6285340056964,36.1736992944909],[-86.6284719050011,36.17369351723]],[[-86.6283778666072,36.173674073709],[-86.6283852743863,36.1736217297888],[-86.6284008537728,36.1736231790181],[-86.6284066467443,36.1735822498124],[-86.6284124397027,36.1735413197047],[-86.6283968603321,36.1735398704768],[-86.6284042692048,36.173487527449],[-86.6281990099057,36.1734684302335],[-86.6281858078214,36.1735617024451],[-86.6281726057061,36.173654974653],[-86.6283778666072,36.173674073709]],[[-86.628412771806,36.1734274558533],[-86.6284160414347,36.1734043513267],[-86.6284316207862,36.1734058014534],[-86.6284375968927,36.1733635779861],[-86.6284431223757,36.1733245292894],[-86.6284275441586,36.1733230800597],[-86.6284350761539,36.1732698666724],[-86.6282298162989,36.173250769514],[-86.6282167574588,36.1733430306801],[-86.6282033238471,36.1734379425875],[-86.6284085841799,36.17345703979],[-86.628412771806,36.1734274558533]],[[-86.6284633321105,36.1732362351515],[-86.62847023243,36.1731874799638],[-86.628484335571,36.1731887926672],[-86.6284902610985,36.1731469254545],[-86.6284955476472,36.1731095732619],[-86.6284814445202,36.1731082605598],[-86.6284889849088,36.1730549912442],[-86.6282824251901,36.1730357729665],[-86.628269599125,36.1731263944469],[-86.6282567730307,36.1732170159238],[-86.6284633321105,36.1732362351515]]]},"properties":{"id":"131645","parcel":"086130B90100CO","address":"840 B SUNSET VIEW DR","owner":"MAGNOLIA FARMS TOWNHOME OWNERS ASSN","point":[-86.62851026972923,36.173353872624965]}},{"type":"Feature","id":"131653","geometry":{"type":"Polygon","coordinates":[[[-86.6260697537792,36.1728442372619],[-86.6260700194192,36.1728422612297],[-86.6260722992355,36.1728335207294],[-86.6260762841322,36.1728251913709],[-86.6260773950803,36.1728234200459],[-86.6260785818833,36.1728216825752],[-86.6260798467856,36.1728199816509],[-86.6260811886613,36.1728183154764],[-86.6260826020097,36.1728166912902],[-86.6260895335879,36.1728101771005],[-86.6260976309552,36.1728046158011],[-86.6261066951011,36.1728001436126],[-86.6261089025674,36.1727992804744],[-86.6261111472266,36.1727984820336],[-86.6261134268695,36.1727977501045],[-86.6261157370574,36.1727970856111],[-86.6261204390852,36.1727959616873],[-86.6261228231515,36.1727955031984],[-86.6261325229085,36.1727943848939],[-86.6261423194089,36.1727943980658],[-86.6261447596835,36.1727945827825],[-86.6279920977483,36.172961820619],[-86.6280025606878,36.1729634515345],[-86.6280125782383,36.1729663915894],[-86.6280219030459,36.1729705672664],[-86.6280303064389,36.1729758779133],[-86.6280375783848,36.1729821903358],[-86.6280435409002,36.1729893477402],[-86.6280480458702,36.1729971751522],[-86.62805098283,36.1730054793763],[-86.6280522767695,36.1730140526125],[-86.6280518982375,36.1730226850213],[-86.6280331166013,36.173155373],[-86.6280307531326,36.1731647538656],[-86.6280264172664,36.1731736583144],[-86.6280202413804,36.1731818179842],[-86.6280124113638,36.1731889840618],[-86.6280031656054,36.1731949399062],[-86.6279927850111,36.1731995038042],[-86.627981586399,36.173202537116],[-86.6279699069661,36.1732039479615],[-86.6279581031979,36.1732036939295],[-86.6261151490038,36.1730329043937],[-86.6261037460106,36.1730310321477],[-86.6260929065661,36.1730276068152],[-86.6260829493755,36.1730227285856],[-86.6260741690312,36.1730165410332],[-86.6260668226388,36.1730092266815],[-86.6260611286623,36.1730010016005],[-86.6260572524183,36.1729921082723],[-86.6260553104639,36.1729828083585],[-86.6260553594258,36.1729733755475],[-86.6260697537792,36.1728442372619]]]},"properties":{"id":"131653","parcel":"086130B90300CO","address":"701 COPPER BRANCH RD","owner":"MAGNOLIA FARMS HOMEOWNERS ASSOCIATION, INC.","point":[-86.62705426504857,36.172998798433476]}},{"type":"Feature","id":"134362","geometry":{"type":"Polygon","coordinates":[[[-86.6225711671589,36.1727929982079],[-86.6228224209597,36.1725698251848],[-86.6229525417215,36.1726661253614],[-86.6227012879888,36.1728892995508],[-86.6225711671589,36.1727929982079]]]},"properties":{"id":"134362","parcel":"086130A06200CO","address":"4068 MAGNOLIA FARMS DR","owner":"PEGELOW, JOHAN FREDRIK CASSEL & AMANDA CASSEL","point":[-86.62276185473816,36.17272956193821]}},{"type":"Feature","id":"134363","geometry":{"type":"Polygon","coordinates":[[[-86.6232244628689,36.1732764165014],[-86.6234731448504,36.1730507850847],[-86.6235136331916,36.1730769368116],[-86.6235560074052,36.1731010419419],[-86.6236001122909,36.1731230129524],[-86.6234147679979,36.1733851645086],[-86.6232244628689,36.1732764165014]]]},"properties":{"id":"134363","parcel":"086130A06700CO","address":"4088 MAGNOLIA FARMS DR","owner":"TIBURCIO, NELSON & YAGO, GRACE","point":[-86.62342747216873,36.173199762635626]}},{"type":"Feature","id":"134364","geometry":{"type":"Polygon","coordinates":[[[-86.6240554986809,36.1732138196771],[-86.6241097433244,36.1732107281984],[-86.6241636335432,36.173204832915],[-86.6242169483045,36.1731961566007],[-86.6243019342632,36.1734903623004],[-86.6240697285831,36.1735157663094],[-86.6240554986809,36.1732138196771]]]},"properties":{"id":"134364","parcel":"086130A07100CO","address":"4104 MAGNOLIA FARMS DR","owner":"OJO, EMMANUEL O","point":[-86.62416203283168,36.17335203868226]}},{"type":"Feature","id":"134365","geometry":{"type":"Polygon","coordinates":[[[-86.6242169483045,36.1731961566007],[-86.6242694700166,36.1731847355305],[-86.6243209856122,36.1731706158704],[-86.6243712810055,36.173153855508],[-86.6245239032452,36.1734295238168],[-86.6243019342632,36.1734903623004],[-86.6242169483045,36.1731961566007]]]},"properties":{"id":"134365","parcel":"086130A07200CO","address":"4108 MAGNOLIA FARMS DR","owner":"MELNICHENKO, AMIRA","point":[-86.62435500102039,36.173312791913254]}},{"type":"Feature","id":"134366","geometry":{"type":"Polygon","coordinates":[[[-86.6246452353277,36.1730158616415],[-86.6246732827597,36.1730004519045],[-86.6247466337621,36.1730882116112],[-86.6248823602976,36.1732505906004],[-86.6248543061769,36.1732660040242],[-86.6247224847806,36.1733384318056],[-86.6245134130446,36.1730882892052],[-86.6246452353277,36.1730158616415]]]},"properties":{"id":"134366","parcel":"086130A07400CO","address":"4116 MAGNOLIA FARMS DR","owner":"BOUCHARD, JEAN-BENOIT & ALEXZANDRIA SHERWOOD","point":[-86.62469788448362,36.17316944003808]}},{"type":"Feature","id":"134457","geometry":{"type":"Polygon","coordinates":[[[-86.6243712810055,36.173153855508],[-86.6244155788585,36.1731364673311],[-86.6244585611265,36.1731170310779],[-86.6245000849215,36.1730956114782],[-86.6245134130446,36.1730882892052],[-86.6247224847806,36.1733384318056],[-86.6245239032452,36.1734295238168],[-86.6243712810055,36.173153855508]]]},"properties":{"id":"134457","parcel":"086130A07300CO","address":"4112 MAGNOLIA FARMS DR","owner":"COWLES, MATTHEW","point":[-86.62453388362034,36.17324610302048]}},{"type":"Feature","id":"134458","geometry":{"type":"Polygon","coordinates":[[[-86.6228744400244,36.1724186394676],[-86.6231256917869,36.1721954657907],[-86.6232558134144,36.1722917656444],[-86.6230045617201,36.1725149404876],[-86.6228744400244,36.1724186394676]]]},"properties":{"id":"134458","parcel":"086130A09800CO","address":"4065 MAGNOLIA FARMS DR","owner":"HERCHE, ALFRED R III LIVING TRUST","point":[-86.62306512701738,36.17235520270955]}},{"type":"Feature","id":"134459","geometry":{"type":"Polygon","coordinates":[[[-86.6231346815013,36.1726112404751],[-86.6233859331417,36.1723880662681],[-86.6235160542892,36.172484365842],[-86.623264802717,36.1727075412152],[-86.6231346815013,36.1726112404751]]]},"properties":{"id":"134459","parcel":"086130A10000CO","address":"4073 MAGNOLIA FARMS DR","owner":"SANDERS, MARY B & MELISSA L","point":[-86.62332536819322,36.17254780331209]}},{"type":"Feature","id":"134460","geometry":{"type":"Polygon","coordinates":[[[-86.623264802717,36.1727075412152],[-86.6235160542892,36.172484365842],[-86.6236461768712,36.1725806661686],[-86.623394925353,36.1728038409057],[-86.623264802717,36.1727075412152]]]},"properties":{"id":"134460","parcel":"086130A10100CO","address":"4077 MAGNOLIA FARMS DR","owner":"RAYKO, HEATHER","point":[-86.62345548980099,36.17264410384454]}},{"type":"Feature","id":"134487","geometry":{"type":"Polygon","coordinates":[[[-86.622441046652,36.1726966976234],[-86.6226923005067,36.1724735239642],[-86.6228224209597,36.1725698251848],[-86.6225711671589,36.1727929982079],[-86.622441046652,36.1726966976234]]]},"properties":{"id":"134487","parcel":"086130A06100CO","address":"4064 MAGNOLIA FARMS DR","owner":"REED, AARON & DYER, KATHRYN","point":[-86.62263173381272,36.17263326155674]}},{"type":"Feature","id":"134490","geometry":{"type":"Polygon","coordinates":[[[-86.6227012879888,36.1728892995508],[-86.6229525417215,36.1726661253614],[-86.6230826628062,36.1727624262966],[-86.6228314080159,36.1729855998555],[-86.6227012879888,36.1728892995508]]]},"properties":{"id":"134490","parcel":"086130A06300CO","address":"4072 MAGNOLIA FARMS DR","owner":"CHANDON, LLC","point":[-86.62289197524693,36.17282586307586]}},{"type":"Feature","id":"134493","geometry":{"type":"Polygon","coordinates":[[[-86.6228314080159,36.1729855998555],[-86.6230826628062,36.1727624262966],[-86.6232127841995,36.1728587261877],[-86.6229615305889,36.1730819009071],[-86.6228314080159,36.1729855998555]]]},"properties":{"id":"134493","parcel":"086130A06400CO","address":"4076 MAGNOLIA FARMS DR","owner":"SHEARRON, MATTHEW W. & BURBANK, ALISSA M.","point":[-86.62302209656309,36.17292216317565]}},{"type":"Feature","id":"134499","geometry":{"type":"Polygon","coordinates":[[[-86.6229615305889,36.1730819009071],[-86.6232127841995,36.1728587261877],[-86.6233429059158,36.1729550268372],[-86.6230916523593,36.1731782009204],[-86.6229615305889,36.1730819009071]]]},"properties":{"id":"134499","parcel":"086130A06500CO","address":"4080 MAGNOLIA FARMS DR","owner":"AHMAD, ZARA N & GONZALEZ, PABLO S","point":[-86.62315221825924,36.1730184640248]}},{"type":"Feature","id":"134505","geometry":{"type":"Polygon","coordinates":[[[-86.6234147679979,36.1733851645086],[-86.6236001122909,36.1731230129524],[-86.6236473304397,36.173143387057],[-86.6236960366844,36.1731613128503],[-86.6237460348369,36.1731767210462],[-86.6236246435625,36.1734624095162],[-86.6234147679979,36.1733851645086]]]},"properties":{"id":"134505","parcel":"086130A06800CO","address":"4092 MAGNOLIA FARMS DR","owner":"MORRISON, ANGELA","point":[-86.62359512322742,36.17328098917769]}},{"type":"Feature","id":"134510","geometry":{"type":"Polygon","coordinates":[[[-86.6236624428181,36.1729899790311],[-86.6239063810065,36.172773299957],[-86.6238333099846,36.1727191587847],[-86.6240365431706,36.1728695654079],[-86.6238313865395,36.17305179565],[-86.6237872863996,36.1730399052581],[-86.6237442954958,36.1730255928484],[-86.6237026155447,36.1730089240726],[-86.6236624428181,36.1729899790311]]]},"properties":{"id":"134510","parcel":"086130A10400CO","address":"4089 MAGNOLIA FARMS DR","owner":"TAYLOR, CALVIN A & CHERYL D","point":[-86.62384949288759,36.172929772365976]}},{"type":"Feature","id":"134516","geometry":{"type":"Polygon","coordinates":[[[-86.6238313865395,36.17305179565],[-86.6240365431706,36.1728695654079],[-86.6240926100073,36.1728197622764],[-86.6242210177719,36.1729183510276],[-86.6243405909406,36.1730101565132],[-86.6242933247901,36.1730286225975],[-86.624244437508,36.1730440688234],[-86.6241942240463,36.1730564017357],[-86.6241429828482,36.1730655476888],[-86.6240910236291,36.1730714528074],[-86.6240386562322,36.1730740794385],[-86.6239861951315,36.1730734133382],[-86.6239339549427,36.1730694582878],[-86.6238822493262,36.1730622379016],[-86.6238313865395,36.17305179565]]]},"properties":{"id":"134516","parcel":"086130A10500CO","address":"4093 MAGNOLIA FARMS DR","owner":"SKP REV TRUST","point":[-86.62410599115654,36.17296370507279]}},{"type":"Feature","id":"134915","geometry":{"type":"Polygon","coordinates":[[[-86.6230916523593,36.1731782009204],[-86.6233429059158,36.1729550268372],[-86.6234497180125,36.1730340760148],[-86.6234731448504,36.1730507850847],[-86.6232244628689,36.1732764165014],[-86.6230916523593,36.1731782009204]]]},"properties":{"id":"134915","parcel":"086130A06600CO","address":"4084 MAGNOLIA FARMS DR","owner":"SHORT, LEAH CLAIRE REVOCABLE LIVING TRUST","point":[-86.62328315411594,36.17311449553245]}},{"type":"Feature","id":"134918","geometry":{"type":"Polygon","coordinates":[[[-86.6236246435625,36.1734624095162],[-86.6237460348369,36.1731767210462],[-86.6237959907261,36.1731892958882],[-86.6238468072417,36.1731993562609],[-86.6238982884426,36.1732068644221],[-86.6238436216033,36.1735057631184],[-86.6236246435625,36.1734624095162]]]},"properties":{"id":"134918","parcel":"086130A06900CO","address":"4096 MAGNOLIA FARMS DR","owner":"SAINE, SAMANTHA","point":[-86.62377694986591,36.1733346857059]}},{"type":"Feature","id":"134920","geometry":{"type":"Polygon","coordinates":[[[-86.6238436216033,36.1735057631184],[-86.6238982884426,36.1732068644221],[-86.6239504820283,36.173211808408],[-86.6240029517934,36.1732141300885],[-86.6240554986809,36.1732138196771],[-86.6240697285831,36.1735157663094],[-86.6238436216033,36.1735057631184]]]},"properties":{"id":"134920","parcel":"086130A07000CO","address":"4100 MAGNOLIA FARMS DR","owner":"CASTELLON, KATHRYN & BARCO, DIEGO CASTELLON DEL","point":[-86.62396636344558,36.17336008193365]}},{"type":"Feature","id":"134922","geometry":{"type":"Polygon","coordinates":[[[-86.6224840801815,36.1721297373362],[-86.62273533212,36.1719065635532],[-86.6228654516955,36.1720028647422],[-86.6226142009225,36.1722260378833],[-86.6224840801815,36.1721297373362]]]},"properties":{"id":"134922","parcel":"086130A09500CO","address":"4053 MAGNOLIA FARMS DR","owner":"PAPINENI, DURGA DEVI","point":[-86.62267476610279,36.17206630119233]}},{"type":"Feature","id":"134924","geometry":{"type":"Polygon","coordinates":[[[-86.6230045617201,36.1725149404876],[-86.6232558134144,36.1722917656444],[-86.6233859331417,36.1723880662681],[-86.6231346815013,36.1726112404751],[-86.6230045617201,36.1725149404876]]]},"properties":{"id":"134924","parcel":"086130A09900CO","address":"4069 MAGNOLIA FARMS DR","owner":"CARRIER, MARINA KIRTLAND & CARRIER, ANDREW","point":[-86.62319524743776,36.172451503530496]}},{"type":"Feature","id":"136003","geometry":{"type":"Polygon","coordinates":[[[-86.6223539608608,36.1720334357393],[-86.6226052139789,36.1718102631168],[-86.62273533212,36.1719065635532],[-86.6224840801815,36.1721297373362],[-86.6224184306966,36.1720811493327],[-86.6223539608608,36.1720334357393]]]},"properties":{"id":"136003","parcel":"086130A09400CO","address":"4049 MAGNOLIA FARMS DR","owner":"HASSELL, MATTHEW","point":[-86.62254464694578,36.171969999800304]}},{"type":"Feature","id":"136405","geometry":{"type":"Polygon","coordinates":[[[-86.6226142009225,36.1722260378833],[-86.6228654516955,36.1720028647422],[-86.6229955715798,36.1720991648872],[-86.6227443197633,36.1723223392003],[-86.6226142009225,36.1722260378833]]]},"properties":{"id":"136405","parcel":"086130A09600CO","address":"4057 MAGNOLIA FARMS DR","owner":"MACHUCA, JUAN BALDERRAMA & ARREOLA, ALAMA ARECELIA","point":[-86.62280488639168,36.17216260153831]}},{"type":"Feature","id":"136407","geometry":{"type":"Polygon","coordinates":[[[-86.6227443197633,36.1723223392003],[-86.6229955715798,36.1720991648872],[-86.6231256917869,36.1721954657907],[-86.6228744400244,36.1724186394676],[-86.6227443197633,36.1723223392003]]]},"properties":{"id":"136407","parcel":"086130A09700CO","address":"4061 MAGNOLIA FARMS DR","owner":"LEDDO, BRIANNA & MATTHEW","point":[-86.62293500578198,36.17225890264813]}},{"type":"Feature","id":"136409","geometry":{"type":"Polygon","coordinates":[[[-86.623394925353,36.1728038409057],[-86.6236461768712,36.1725806661686],[-86.623776297546,36.172676966364],[-86.6235250460888,36.1729001413661],[-86.623394925353,36.1728038409057]]]},"properties":{"id":"136409","parcel":"086130A10200CO","address":"4081 MAGNOLIA FARMS DR","owner":"PETERSON, CHERYL","point":[-86.62358561160191,36.172740403787955]}},{"type":"Feature","id":"136411","geometry":{"type":"Polygon","coordinates":[[[-86.6235250460888,36.1729001413661],[-86.623776297546,36.172676966364],[-86.6238333099846,36.1727191587847],[-86.6239063810065,36.172773299957],[-86.6236624428181,36.1729899790311],[-86.6236289285821,36.1729717494211],[-86.6235968113876,36.1729519335821],[-86.6235662074095,36.1729306039168],[-86.6235250460888,36.1729001413661]]]},"properties":{"id":"136411","parcel":"086130A10300CO","address":"4085 MAGNOLIA FARMS DR","owner":"STEWART, NICOLE SCHIAVO & MATTHEW","point":[-86.62371571366268,36.17283672081448]}},{"type":"Feature","id":"139289","geometry":{"type":"Polygon","coordinates":[[[-86.626061572443,36.1741616479399],[-86.6260857797693,36.1739893426702],[-86.626086440771,36.1739846427921],[-86.626138586205,36.1739894590067],[-86.6261377083867,36.173995701159],[-86.6262019179463,36.1740016318079],[-86.626179526341,36.1741610063632],[-86.6261117877901,36.1741547136766],[-86.6261101695958,36.1741661626244],[-86.626061572443,36.1741616479399]]]},"properties":{"id":"139289","parcel":"086130B03600CO","address":"802 SUNSET VIEW DR","owner":"KOLODZIEJ, SAVANNAH L.","point":[-86.6261322428819,36.17407809590438]}},{"type":"Feature","id":"139291","geometry":{"type":"Polygon","coordinates":[[[-86.6274205707769,36.1742917152661],[-86.6274447481169,36.174120624765],[-86.6275059412636,36.174126309036],[-86.627506677874,36.1741210598913],[-86.6275619137722,36.1741261604457],[-86.6275386304195,36.1742909267104],[-86.6274721420127,36.1742847508579],[-86.6274710356661,36.1742925849262],[-86.6274705018807,36.1742963531522],[-86.6274205707769,36.1742917152661]]]},"properties":{"id":"139291","parcel":"086130B04600CO","address":"822 SUNSET VIEW DR","owner":"HUGHES, JANET B","point":[-86.62749172276277,36.17420553829064]}},{"type":"Feature","id":"139293","geometry":{"type":"Polygon","coordinates":[[[-86.6275789948603,36.1742913243037],[-86.6276017633613,36.1741301999832],[-86.6276645470169,36.1741359975739],[-86.6276653268097,36.1741304471839],[-86.627716711538,36.1741351918689],[-86.6277159231129,36.1741407747493],[-86.6276915758106,36.1743130711711],[-86.6276409916841,36.1743083718814],[-86.6276425665103,36.1742972295652],[-86.6275789948603,36.1742913243037]]]},"properties":{"id":"139293","parcel":"086130B04700CO","address":"824 SUNSET VIEW DR","owner":"RIGSBY, KIMBERLY A.","point":[-86.62764745898305,36.174216049546715]}},{"type":"Feature","id":"139295","geometry":{"type":"Polygon","coordinates":[[[-86.6279978421523,36.1743279522494],[-86.6279060640904,36.1741871360486],[-86.627963666652,36.1741624573941],[-86.627960706074,36.1741579151396],[-86.6280069941462,36.1741380828021],[-86.6280093212012,36.1741416531915],[-86.6281082932592,36.1742935065272],[-86.6280630398522,36.1743128955081],[-86.628056479518,36.1743028301574],[-86.6279978421523,36.1743279522494]]]},"properties":{"id":"139295","parcel":"086130B04900CO","address":"828 SUNSET VIEW DR","owner":"FAROOQUE, ROKEYA S.","point":[-86.62800717856373,36.1742403213303]}},{"type":"Feature","id":"139297","geometry":{"type":"Polygon","coordinates":[[[-86.6281742091504,36.1740962136361],[-86.6281802124207,36.1740517810682],[-86.628188717712,36.1740525362201],[-86.6281954938406,36.1740023856594],[-86.6284086413631,36.1740210650938],[-86.6284029091028,36.1740634882626],[-86.6283833110983,36.1740617472174],[-86.6283762294913,36.1741141561261],[-86.6281742091504,36.1740962136361]]]},"properties":{"id":"139297","parcel":"086130B05100CO","address":"832 SUNSET VIEW DR","owner":"SEN, SHRADDHA","point":[-86.62829162504505,36.17405715917753]}},{"type":"Feature","id":"139299","geometry":{"type":"Polygon","coordinates":[[[-86.6273454107698,36.1739095863385],[-86.627064349338,36.1738834331416],[-86.6267917046379,36.173858062039],[-86.6265190590007,36.1738326903261],[-86.6262879500479,36.1738111842855],[-86.6262464135449,36.1738073188983],[-86.6260310242776,36.1737872746628],[-86.626019625603,36.1737853996824],[-86.6260087915955,36.1737819716106],[-86.6259988387474,36.1737770915495],[-86.6259900616609,36.1737709039751],[-86.6259827196596,36.1737635904979],[-86.6259770289796,36.1737553662985],[-86.6259731560569,36.1737464747546],[-86.6259712152268,36.1737371775392],[-86.6259712642206,36.1737277474338],[-86.6259967326595,36.173499286411],[-86.6262862066619,36.1735262248919],[-86.6265588511718,36.1735515971329],[-86.6266936911985,36.1735641447146],[-86.6268314958559,36.1735769687579],[-86.6271041407072,36.1736023388656],[-86.6273852011565,36.1736284919717],[-86.6276676124158,36.173645093088],[-86.6279599508832,36.1736722947582],[-86.6279585980201,36.1736818397997],[-86.6279379317527,36.1738278518128],[-86.6279328896356,36.1738487935142],[-86.6279238675537,36.1738688375383],[-86.6279110905979,36.1738874915282],[-86.6278948708105,36.1739042942186],[-86.6278756095517,36.1739188334484],[-86.6278537797432,36.1739307498585],[-86.6278299193198,36.1739397522474],[-86.6278046156539,36.1739456158498],[-86.6277784923512,36.1739481995292],[-86.6277521925062,36.1739474368526],[-86.6276264712754,36.1739357388864],[-86.6273454107698,36.1739095863385]],[[-86.6276076387544,36.1738816595448],[-86.6276306493066,36.1737168685292],[-86.6275641519399,36.173710764876],[-86.6275657709123,36.173699160886],[-86.6275158328255,36.1736945771522],[-86.6274610791455,36.1736895515792],[-86.6274595432171,36.1737005539977],[-86.6273964356543,36.173694656143],[-86.6273741187977,36.1738461589791],[-86.6273739520522,36.1738522036751],[-86.6274366642822,36.1738582766382],[-86.6274356119051,36.1738657661464],[-86.6274912124887,36.1738708999859],[-86.6274919394287,36.1738656932503],[-86.6275531407472,36.1738713107613],[-86.6275524030306,36.1738765599123],[-86.6276076387544,36.1738816595448]],[[-86.6273219688738,36.1738582076421],[-86.6273462828581,36.1736931422354],[-86.6272768776999,36.1736867705419],[-86.6272786219637,36.1736742772652],[-86.6272280865429,36.173669637935],[-86.6271754842913,36.1736648101448],[-86.6271738683479,36.1736763825698],[-86.6271083577514,36.1736703690719],[-86.627085693507,36.1738317144825],[-86.6271472398936,36.1738373989019],[-86.6271465916107,36.1738420121995],[-86.6272031399367,36.1738472340769],[-86.6272038724034,36.1738420210056],[-86.6272649159921,36.1738476584085],[-86.6272641835294,36.1738528714801],[-86.6273219688738,36.1738582076421]],[[-86.6270460151757,36.1738327254309],[-86.6270692993633,36.1736669678584],[-86.6270038254921,36.1736609577181],[-86.6270054666987,36.1736492031103],[-86.6269546921484,36.1736445423765],[-86.6269024347744,36.1736397460227],[-86.6269006788801,36.1736523222697],[-86.626837221821,36.1736464971375],[-86.626814719113,36.1738066898502],[-86.6268755001209,36.1738123035781],[-86.6268748518367,36.1738169186767],[-86.6269297648828,36.1738219896521],[-86.6269303890008,36.1738175522263],[-86.6269929788001,36.1738233322457],[-86.6269923557971,36.1738277696661],[-86.6270460151757,36.1738327254309]],[[-86.6267767828287,36.1738078620015],[-86.626800328528,36.1736402411277],[-86.6267309001032,36.173633867439],[-86.6267322604395,36.1736241240966],[-86.626685124594,36.1736197976494],[-86.626628058325,36.1736145583911],[-86.6266266621917,36.1736244154766],[-86.6265664127448,36.1736188087786],[-86.6265443556478,36.1737758140841],[-86.6266003365608,36.1737809842121],[-86.6265988683854,36.173791431994],[-86.6266602178043,36.1737970978562],[-86.6266611502555,36.1737904597641],[-86.6267177975122,36.1737956903676],[-86.6267168639612,36.173802329367],[-86.6267767828287,36.1738078620015]],[[-86.6265053903565,36.1737827991911],[-86.6265289819206,36.1736148617928],[-86.6264599306472,36.1736085229424],[-86.626461226876,36.1735992440831],[-86.62641284294,36.1735948023376],[-86.6263584531532,36.1735898095256],[-86.6263570727691,36.173599694465],[-86.6262947437719,36.1735939731477],[-86.6262724630781,36.1737525738855],[-86.6263295863967,36.1737578490663],[-86.6263283781921,36.1737664524255],[-86.6263879555025,36.1737719545797],[-86.6263888427051,36.1737656366708],[-86.6264463876466,36.1737709510663],[-86.6264455004485,36.1737772689756],[-86.6265053903565,36.1737827991911]],[[-86.6262537408757,36.1736108023613],[-86.6262587547947,36.1735751073004],[-86.6261919205894,36.1735689712933],[-86.6261936134786,36.173556848716],[-86.6261440949421,36.1735523036967],[-86.6260896618153,36.1735473064824],[-86.626088123576,36.1735583215125],[-86.6260242339317,36.1735524567393],[-86.6260009696361,36.1737180490711],[-86.6260566078445,36.1737231869804],[-86.6260571793342,36.1737191175451],[-86.6261198468649,36.1737249057248],[-86.6261192742669,36.1737289751663],[-86.6261700201138,36.1737336607342],[-86.6261705873933,36.1737296219629],[-86.626236196147,36.1737356814243],[-86.6262537408757,36.1736108023613]],[[-86.6277410119204,36.1736672500304],[-86.6277394981048,36.173678091914],[-86.6276759174886,36.1736722561485],[-86.6276534151376,36.173833405257],[-86.6277161985551,36.17383920192],[-86.6277154145862,36.173844785679],[-86.6277668033149,36.1738494969748],[-86.627767582834,36.1738439132385],[-86.6278350417445,36.1738501424611],[-86.6278342577839,36.1738557262209],[-86.6278888527712,36.173860767772],[-86.6279120405228,36.1736947041033],[-86.6278455331419,36.1736885997558],[-86.6278471542673,36.1736769921455],[-86.6277916029829,36.1736718933629],[-86.6277410119204,36.1736672500304]]]},"properties":{"id":"139299","parcel":"086130B90600CO","address":"0 SUNSET VIEW DR","owner":"MAGNOLIA FARMS HOMEOWNERS ASSOC., INC","point":[-86.62600291078866,36.17372098364545]}},{"type":"Feature","id":"139301","geometry":{"type":"Polygon","coordinates":[[[-86.6255085177221,36.1737649032587],[-86.6255142721112,36.1737217095425],[-86.6255300131973,36.1737230880062],[-86.6255368453845,36.1736718017246],[-86.6257374660092,36.17368937014],[-86.6257374440293,36.1736934898994],[-86.6257324988911,36.1737306076643],[-86.6257233218748,36.17372980445],[-86.6257162232386,36.1737830920122],[-86.6255085177221,36.1737649032587]]]},"properties":{"id":"139301","parcel":"086130B02900CO","address":"6050 BLACKBERRY RIDGE LN","owner":"DIANE M KOVALSKY REVOCABLE TRUST","point":[-86.62562334857695,36.173726435888995]}},{"type":"Feature","id":"139304","geometry":{"type":"Polygon","coordinates":[[[-86.6254494367725,36.1742083438708],[-86.625455191226,36.1741651501625],[-86.6254705797793,36.1741664980156],[-86.6254774120431,36.1741152117436],[-86.6256780337828,36.1741327811569],[-86.6256728016954,36.1741772168048],[-86.6256643543364,36.1741764764968],[-86.6256576784943,36.1742265804207],[-86.6254494367725,36.1742083438708]]]},"properties":{"id":"139304","parcel":"086130B03300CO","address":"6058 BLACKBERRY RIDGE LN","owner":"BALDWIN, CYNTHIA ANN","point":[-86.62556391569224,36.174171476188725]}},{"type":"Feature","id":"139306","geometry":{"type":"Polygon","coordinates":[[[-86.626814719113,36.1738066898502],[-86.626837221821,36.1736464971375],[-86.6269006788801,36.1736523222697],[-86.6269024347744,36.1736397460227],[-86.6269546921484,36.1736445423765],[-86.6269303890008,36.1738175522263],[-86.6269297648828,36.1738219896521],[-86.6268748518367,36.1738169186767],[-86.6268755001209,36.1738123035781],[-86.626814719113,36.1738066898502]]]},"properties":{"id":"139306","parcel":"086130B06100CO","address":"813 SUNSET VIEW DR","owner":"BARBARA ANN GORE LIVING TRUST","point":[-86.62688414763859,36.173729588495824]}},{"type":"Feature","id":"139308","geometry":{"type":"Polygon","coordinates":[[[-86.6262724630781,36.1737525738855],[-86.6262947437719,36.1735939731477],[-86.6263570727691,36.173599694465],[-86.6263584531532,36.1735898095256],[-86.62641284294,36.1735948023376],[-86.6263888427051,36.1737656366708],[-86.6263879555025,36.1737719545797],[-86.6263283781921,36.1737664524255],[-86.6263295863967,36.1737578490663],[-86.6262724630781,36.1737525738855]]]},"properties":{"id":"139308","parcel":"086130B06500CO","address":"805 SUNSET VIEW DR","owner":"TIMMAYAPALLI, KRISHNA SUMANTH","point":[-86.62634229709982,36.17367622010303]}},{"type":"Feature","id":"139715","geometry":{"type":"Polygon","coordinates":[[[-86.6263312744678,36.1741919550227],[-86.6263552633617,36.1740212009925],[-86.6264162892288,36.1740268371141],[-86.626417183786,36.1740204650919],[-86.6264735942514,36.1740256745079],[-86.6264503896224,36.1741908385025],[-86.6263838046074,36.17418465354],[-86.6263821243201,36.1741965399233],[-86.6263312744678,36.1741919550227]]]},"properties":{"id":"139715","parcel":"086130B03800CO","address":"806 SUNSET VIEW DR","owner":"BOMAR, CURTIS & CARLOTTA DEMBY","point":[-86.62640286409905,36.17410575411958]}},{"type":"Feature","id":"139717","geometry":{"type":"Polygon","coordinates":[[[-86.6271471282371,36.1742624953338],[-86.6271713448585,36.1740901131839],[-86.6272323886287,36.1740957497015],[-86.6272331210957,36.1740905366305],[-86.6272909077226,36.1740958728012],[-86.6272688172174,36.1742611429248],[-86.6271994209885,36.1742546972357],[-86.6271976555657,36.1742671888166],[-86.6271471282371,36.1742624953338]]]},"properties":{"id":"139717","parcel":"086130B04400CO","address":"818 SUNSET VIEW DR","owner":"SALAS, BRANDON & ARNOLD, QUENTIN T.","point":[-86.62721984390076,36.174175235735184]}},{"type":"Feature","id":"139719","geometry":{"type":"Polygon","coordinates":[[[-86.6273049808462,36.1742698314713],[-86.6273260427505,36.1741122571121],[-86.6273888319294,36.1741177736252],[-86.6273898832027,36.1741102841236],[-86.6274454839618,36.1741154188851],[-86.6274447481169,36.174120624765],[-86.6274205707769,36.1742917152661],[-86.627365825106,36.1742866292228],[-86.6273673799695,36.1742756285114],[-86.6273049808462,36.1742698314713]]]},"properties":{"id":"139719","parcel":"086130B04500CO","address":"820 SUNSET VIEW DR","owner":"TEDDER, WILLIAM C","point":[-86.62737457855171,36.17419522724928]}},{"type":"Feature","id":"139721","geometry":{"type":"Polygon","coordinates":[[[-86.6276915758106,36.1743130711711],[-86.6277159231129,36.1741407747493],[-86.6277833822718,36.1741470040002],[-86.6277841662389,36.1741414202413],[-86.6278387614195,36.1741464618146],[-86.6278152997248,36.1743124998345],[-86.62774880126,36.174306322384],[-86.6277471191227,36.1743182304268],[-86.6276915758106,36.1743130711711]]]},"properties":{"id":"139721","parcel":"086130B04800CO","address":"826 SUNSET VIEW DR","owner":"WILLIAMS, KENNATHA","point":[-86.62776560766963,36.174226661688834]}},{"type":"Feature","id":"139723","geometry":{"type":"Polygon","coordinates":[[[-86.6280641083832,36.174111966431],[-86.628112834772,36.1740910894261],[-86.6282081666971,36.1742373567075],[-86.6281493067535,36.1742625746644],[-86.6281561135384,36.1742730190581],[-86.6281082932592,36.1742935065272],[-86.6280093212012,36.1741416531915],[-86.6280672748844,36.1741168239528],[-86.6280641083832,36.174111966431]]]},"properties":{"id":"139723","parcel":"086130B05000CO","address":"830 SUNSET VIEW DR","owner":"FAROOQUE, AHMED I.","point":[-86.62810874381323,36.17418950499038]}},{"type":"Feature","id":"139725","geometry":{"type":"Polygon","coordinates":[[[-86.6281895449393,36.1737261119433],[-86.6281959222961,36.173681056457],[-86.6284011065019,36.1737001468604],[-86.6283936375818,36.1737529110846],[-86.6284106520175,36.1737544943393],[-86.628404690601,36.1737966131782],[-86.6281910929207,36.1737767392123],[-86.6281981450417,36.173726912565],[-86.6281895449393,36.1737261119433]]]},"properties":{"id":"139725","parcel":"086130B05400CO","address":"838 SUNSET VIEW DR","owner":"BRASWELL, JAMES & ALICIA","point":[-86.62829589143648,36.17373991186505]}},{"type":"Feature","id":"139727","geometry":{"type":"Polygon","coordinates":[[[-86.6273741187977,36.1738461589791],[-86.6273964356543,36.173694656143],[-86.6274595432171,36.1737005539977],[-86.6274610791455,36.1736895515792],[-86.6275158328255,36.1736945771522],[-86.6274919394287,36.1738656932503],[-86.6274912124887,36.1738708999859],[-86.6274356119051,36.1738657661464],[-86.6274366642822,36.1738582766382],[-86.6273739520522,36.1738522036751],[-86.6273741187977,36.1738461589791]]]},"properties":{"id":"139727","parcel":"086130B05700CO","address":"821 SUNSET VIEW DR","owner":"FREEMAN, LISA TRUST","point":[-86.62744482597857,36.17377344361238]}},{"type":"Feature","id":"139729","geometry":{"type":"Polygon","coordinates":[[[-86.6258810031456,36.1743689045536],[-86.6259061423468,36.174198699836],[-86.6259369582389,36.1739747877107],[-86.6259400922422,36.1739655380825],[-86.6259450245681,36.1739568207841],[-86.6259516291719,36.1739488626845],[-86.6259597298465,36.1739418728874],[-86.6259691157211,36.17393603454],[-86.625979541225,36.1739315003267],[-86.6259907316313,36.1739283906378],[-86.6260023963315,36.1739267853898],[-86.6260142255227,36.1739267267454],[-86.626233983635,36.1739471782462],[-86.6262910184156,36.173952485449],[-86.6265066295674,36.173972549701],[-86.6267792756812,36.173997921441],[-86.6270519219694,36.1740232925651],[-86.627324568432,36.1740486630731],[-86.6275972150618,36.1740740320639],[-86.6277324911016,36.1740866194823],[-86.6277620609496,36.1740883177858],[-86.6277917020693,36.1740879247952],[-86.6278211877079,36.1740854425912],[-86.6278502956943,36.1740808903546],[-86.6278568714373,36.1740795628475],[-86.6278879642249,36.174071714295],[-86.6279229212103,36.174059545736],[-86.6279559862632,36.1740442902901],[-86.6279867451712,36.1740261411804],[-86.6280148162,36.1740053221039],[-86.6280195046676,36.1740013556127],[-86.6280240935999,36.1739973130323],[-86.628042935674,36.1739788284545],[-86.62805973025,36.1739590900635],[-86.6280707177234,36.1739438340955],[-86.6280804770547,36.1739280392564],[-86.6280816236762,36.1739260036593],[-86.6280919541178,36.1739052624528],[-86.6280954997268,36.1738967866077],[-86.6280987056046,36.1738882233057],[-86.6281005022612,36.1738829262819],[-86.628102169749,36.17387760109],[-86.6281061626711,36.1738624418985],[-86.6281073023626,36.1738571437868],[-86.6281345327507,36.1736676569956],[-86.6281353054529,36.1736621985668],[-86.6284719050011,36.17369351723],[-86.6285340056964,36.1736992944909],[-86.6284151510447,36.1745624423822],[-86.6281810712494,36.1745449858438],[-86.6281810584628,36.1745446344202],[-86.6270979650561,36.1744617735003],[-86.6258810031456,36.1743689045536]],[[-86.6279978421523,36.1743279522494],[-86.628056479518,36.1743028301574],[-86.6280630398522,36.1743128955081],[-86.6281082932592,36.1742935065272],[-86.6281561135384,36.1742730190581],[-86.6281493067535,36.1742625746644],[-86.6282081666971,36.1742373567075],[-86.628112834772,36.1740910894261],[-86.6280641083832,36.174111966431],[-86.6280672748844,36.1741168239528],[-86.6280093212012,36.1741416531915],[-86.6280069941462,36.1741380828021],[-86.627960706074,36.1741579151396],[-86.627963666652,36.1741624573941],[-86.6279060640904,36.1741871360486],[-86.6279978421523,36.1743279522494]],[[-86.6277471191227,36.1743182304268],[-86.62774880126,36.174306322384],[-86.6278152997248,36.1743124998345],[-86.6278387614195,36.1741464618146],[-86.6277841662389,36.1741414202413],[-86.6277833822718,36.1741470040002],[-86.6277159231129,36.1741407747493],[-86.627716711538,36.1741351918689],[-86.6276653268097,36.1741304471839],[-86.6276645470169,36.1741359975739],[-86.6276017633613,36.1741301999832],[-86.6275789948603,36.1742913243037],[-86.6276425665103,36.1742972295652],[-86.6276409916841,36.1743083718814],[-86.6276915758106,36.1743130711711],[-86.6277471191227,36.1743182304268]],[[-86.6274710356661,36.1742925849262],[-86.6274721420127,36.1742847508579],[-86.6275386304195,36.1742909267104],[-86.6275619137722,36.1741261604457],[-86.627506677874,36.1741210598913],[-86.6275059412636,36.174126309036],[-86.6274447481169,36.174120624765],[-86.6274454839618,36.1741154188851],[-86.6273898832027,36.1741102841236],[-86.6273888319294,36.1741177736252],[-86.6273260427505,36.1741122571121],[-86.6273049808462,36.1742698314713],[-86.6273673799695,36.1742756285114],[-86.627365825106,36.1742866292228],[-86.6274205707769,36.1742917152661],[-86.6274705018807,36.1742963531522],[-86.6274710356661,36.1742925849262]],[[-86.6271976555657,36.1742671888166],[-86.6271994209885,36.1742546972357],[-86.6272688172174,36.1742611429248],[-86.6272909077226,36.1740958728012],[-86.6272331210957,36.1740905366305],[-86.6272323886287,36.1740957497015],[-86.6271713448585,36.1740901131839],[-86.6271720773295,36.1740849001132],[-86.6271155288362,36.1740796782215],[-86.6271148805495,36.1740842915187],[-86.6270533339881,36.1740786088856],[-86.6270306672921,36.1742399542796],[-86.6270961689117,36.174246039067],[-86.627094534034,36.1742576097848],[-86.6271471282371,36.1742624953338],[-86.6271976555657,36.1742671888166]],[[-86.6269245404049,36.1742418177502],[-86.6269262016647,36.1742300657452],[-86.6269916665581,36.1742361471749],[-86.6270149520892,36.1740703896252],[-86.626961292559,36.1740654347481],[-86.6269606695523,36.174069872168],[-86.6268980784493,36.174064092138],[-86.6268987025711,36.1740596547127],[-86.6268437893625,36.1740545837234],[-86.6268431410817,36.1740591997228],[-86.626782359894,36.1740535868802],[-86.626759853625,36.1742137795823],[-86.6268233005577,36.1742196733047],[-86.6268215235042,36.1742322478559],[-86.6268737728196,36.174237101067],[-86.6269245404049,36.1742418177502]],[[-86.6266533610264,36.174216625281],[-86.6266547254428,36.1742069738481],[-86.6267221570562,36.1742132380826],[-86.6267457189599,36.1740455279306],[-86.6266892305894,36.1740403109349],[-86.6266885580791,36.1740450973967],[-86.6266284821811,36.1740395493105],[-86.6266291546949,36.1740347628489],[-86.6265719899939,36.1740294835177],[-86.6265710774706,36.1740359718965],[-86.626510912592,36.1740304152012],[-86.6264884668793,36.1741901803408],[-86.6265514765958,36.1741960341161],[-86.6265499236944,36.17420701588],[-86.6266042454268,36.1742120630359],[-86.6266533610264,36.174216625281]],[[-86.6263821243201,36.1741965399233],[-86.6263838046074,36.17418465354],[-86.6264503896224,36.1741908385025],[-86.6264735942514,36.1740256745079],[-86.626417183786,36.1740204650919],[-86.6264162892288,36.1740268371141],[-86.6263552633617,36.1740212009925],[-86.6263560842693,36.174015355687],[-86.6263000676158,36.174010182927],[-86.6262995655655,36.1740137536079],[-86.6262388823392,36.1740081489962],[-86.6262162455617,36.1741692669599],[-86.6262793531298,36.1741751293819],[-86.6262776791835,36.1741869760756],[-86.6263312744678,36.1741919550227],[-86.6263821243201,36.1741965399233]],[[-86.6261101695958,36.1741661626244],[-86.6261117877901,36.1741547136766],[-86.626179526341,36.1741610063632],[-86.6262019179463,36.1740016318079],[-86.6261377083867,36.173995701159],[-86.626138586205,36.1739894590067],[-86.626086440771,36.1739846427921],[-86.6260857797693,36.1739893426702],[-86.6260231031398,36.1739835545193],[-86.6260237630336,36.1739788546473],[-86.6259681346591,36.1739737175725],[-86.6259448122931,36.1741397292589],[-86.6260097820093,36.1741457651205],[-86.6260082386115,36.1741566927525],[-86.626061572443,36.1741616479399],[-86.6261101695958,36.1741661626244]],[[-86.6281802124207,36.1740517810682],[-86.6281742091504,36.1740962136361],[-86.6283762294913,36.1741141561261],[-86.6283833110983,36.1740617472174],[-86.6284029091028,36.1740634882626],[-86.6284086413631,36.1740210650938],[-86.6284143043087,36.173979154199],[-86.628400324975,36.1739779120418],[-86.6284076312083,36.1739238328322],[-86.6282073766878,36.1739060461363],[-86.6282003412042,36.1739581159237],[-86.6281910872894,36.1739572943707],[-86.628185086127,36.1740017107066],[-86.6281954938406,36.1740023856594],[-86.628188717712,36.1740525362201],[-86.6281802124207,36.1740517810682]],[[-86.6283739350023,36.1738906743586],[-86.6283815891761,36.1738365951406],[-86.6283988049778,36.1738381971763],[-86.628404690601,36.1737966131782],[-86.6284106520175,36.1737544943393],[-86.6283936375818,36.1737529110846],[-86.6284011065019,36.1737001468604],[-86.6281959222961,36.173681056457],[-86.6281895449393,36.1737261119433],[-86.6281981450417,36.173726912565],[-86.6281910929207,36.1737767392123],[-86.6281816573946,36.1737758618245],[-86.6281751632392,36.1738217515794],[-86.6281838122959,36.1738225564538],[-86.6281767675102,36.1738723289852],[-86.6283739350023,36.1738906743586]]]},"properties":{"id":"139729","parcel":"086130B90500CO","address":"0 SUNSET VIEW DR","owner":"MAGNOLIA FARMS HOMEOWNERS ASSOC., INC","point":[-86.62768494462928,36.174103972908945]}},{"type":"Feature","id":"139731","geometry":{"type":"Polygon","coordinates":[[[-86.6253719393901,36.1743302474283],[-86.6253743059992,36.1743109248401],[-86.6254069399749,36.1740899974207],[-86.6254395715528,36.173869070892],[-86.6254487472681,36.1738069519848],[-86.6254665087126,36.1736476403031],[-86.6254912134027,36.1734260383074],[-86.6258286448072,36.173450766426],[-86.6258039410447,36.173672367588],[-86.6257931276934,36.1737693718562],[-86.6257851452029,36.1738356042507],[-86.6257759780404,36.1739017346344],[-86.6257433473856,36.1741226612521],[-86.6257107154376,36.1743435878534],[-86.6257089056202,36.1743558363018],[-86.6253719393901,36.1743302474283]],[[-86.6256431053412,36.1743215988511],[-86.625650410858,36.1742667636726],[-86.6256609505985,36.1742676869064],[-86.6256663205165,36.1742273368441],[-86.6256576784943,36.1742265804207],[-86.6256643543364,36.1741764764968],[-86.6256728016954,36.1741772168048],[-86.6256780337828,36.1741327811569],[-86.6254774120431,36.1741152117436],[-86.6254705797793,36.1741664980156],[-86.625455191226,36.1741651501625],[-86.6254494367725,36.1742083438708],[-86.6254437551531,36.1742510478184],[-86.6254594640865,36.1742524237544],[-86.6254524733663,36.1743049050096],[-86.6256431053412,36.1743215988511]],[[-86.6256722843623,36.1741021637203],[-86.6256795887271,36.1740473285425],[-86.6256901840522,36.1740482559919],[-86.6256960264748,36.1740043948836],[-86.6256856458422,36.1740034861495],[-86.6256921998139,36.1739542841093],[-86.6257025815517,36.1739551928371],[-86.6257086128759,36.1739099148732],[-86.6255080628893,36.1738923523508],[-86.6255012306645,36.1739436386277],[-86.6254848977543,36.1739422082502],[-86.6254792776912,36.1739843963649],[-86.6254725998723,36.1740315829225],[-86.6254886435828,36.1740329877626],[-86.6254816517968,36.1740854699297],[-86.6256722843623,36.1741021637203]],[[-86.6257048536731,36.1738529938514],[-86.6257083767918,36.1738265507369],[-86.6257195872318,36.1738275326755],[-86.625725400261,36.173783895227],[-86.6257162232386,36.1737830920122],[-86.6257233218748,36.17372980445],[-86.6257324988911,36.1737306076643],[-86.6257374440293,36.1736934898994],[-86.6257374660092,36.17368937014],[-86.6255368453845,36.1736718017246],[-86.6255300131973,36.1737230880062],[-86.6255142721112,36.1737217095425],[-86.6255085177221,36.1737649032587],[-86.6255023918673,36.1738108936967],[-86.6255174321736,36.1738122100016],[-86.625510440426,36.1738646921735],[-86.6257010724672,36.1738813859197],[-86.6257048536731,36.1738529938514]],[[-86.6257324055616,36.1736537904154],[-86.6257397098435,36.1735989552273],[-86.6257499180056,36.1735998486281],[-86.625755721559,36.1735562824237],[-86.6257462887142,36.1735554562035],[-86.625753028375,36.1735048607491],[-86.6257624612137,36.1735056869687],[-86.6257683078179,36.1734618023957],[-86.6255668145568,36.1734441574427],[-86.6255599824086,36.1734954437292],[-86.6255445939839,36.1734940958872],[-86.6255388396278,36.1735372896075],[-86.6255327221464,36.1735832097085],[-86.6255487657673,36.1735846145408],[-86.6255417740606,36.1736370967177],[-86.6257324055616,36.1736537904154]]]},"properties":{"id":"139731","parcel":"086130B90400CO","address":"0 BLACKBERRY RIDGE LN","owner":"MAGNOLIA FARMS HOMEOWNERS ASSOC., INC","point":[-86.62560749183862,36.173886878318264]}},{"type":"Feature","id":"139733","geometry":{"type":"Polygon","coordinates":[[[-86.6269303890008,36.1738175522263],[-86.6269546921484,36.1736445423765],[-86.6270054666987,36.1736492031103],[-86.6270038254921,36.1736609577181],[-86.6270692993633,36.1736669678584],[-86.6270460151757,36.1738327254309],[-86.6269923557971,36.1738277696661],[-86.6269929788001,36.1738233322457],[-86.6269303890008,36.1738175522263]]]},"properties":{"id":"139733","parcel":"086130B06200CO","address":"815 SUNSET VIEW DR","owner":"POWELL, DREMOND & TAMARA","point":[-86.62699984424272,36.17374226006334]}},{"type":"Feature","id":"139735","geometry":{"type":"Polygon","coordinates":[[[-86.6266611502555,36.1737904597641],[-86.626685124594,36.1736197976494],[-86.6267322604395,36.1736241240966],[-86.6267309001032,36.173633867439],[-86.626800328528,36.1736402411277],[-86.6267767828287,36.1738078620015],[-86.6267168639612,36.173802329367],[-86.6267177975122,36.1737956903676],[-86.6266611502555,36.1737904597641]]]},"properties":{"id":"139735","parcel":"086130B06400CO","address":"811 SUNSET VIEW DR","owner":"GRAVES, BRITTNEY N.","point":[-86.62673073972044,36.173715350467795]}},{"type":"Feature","id":"139883","geometry":{"type":"Polygon","coordinates":[[[-86.6297726113724,36.1730969426341],[-86.6298297156771,36.1730906080632],[-86.6298864076587,36.1730821837988],[-86.6299425718412,36.1730716866663],[-86.6300344976816,36.1733645174695],[-86.6298147481661,36.1733971731174],[-86.6297726113724,36.1730969426341]]]},"properties":{"id":"139883","parcel":"086130A25400CO","address":"4212 MAGNOLIA FARMS DR","owner":"HINNER, TIMOTHY & ELIZABETH","point":[-86.62989196237143,36.17323069429046]}},{"type":"Feature","id":"140948","geometry":{"type":"Polygon","coordinates":[[[-86.6259448122931,36.1741397292589],[-86.6259681346591,36.1739737175725],[-86.6260237630336,36.1739788546473],[-86.6260231031398,36.1739835545193],[-86.6260857797693,36.1739893426702],[-86.626061572443,36.1741616479399],[-86.6260082386115,36.1741566927525],[-86.6260097820093,36.1741457651205],[-86.6259448122931,36.1741397292589]]]},"properties":{"id":"140948","parcel":"086130B03500CO","address":"800 SUNSET VIEW DR","owner":"LEON, IZEL","point":[-86.62601529586871,36.17406453598544]}},{"type":"Feature","id":"140950","geometry":{"type":"Polygon","coordinates":[[[-86.6266042454268,36.1742120630359],[-86.6266284821811,36.1740395493105],[-86.6266885580791,36.1740450973967],[-86.6266892305894,36.1740403109349],[-86.6267457189599,36.1740455279306],[-86.6267221570562,36.1742132380826],[-86.6266547254428,36.1742069738481],[-86.6266533610264,36.174216625281],[-86.6266042454268,36.1742120630359]]]},"properties":{"id":"140950","parcel":"086130B04000CO","address":"810 SUNSET VIEW DR","owner":"CARVER, LARRY & VIRGINIA","point":[-86.62667535059418,36.174126173347595]}},{"type":"Feature","id":"140954","geometry":{"type":"Polygon","coordinates":[[[-86.626759853625,36.1742137795823],[-86.626782359894,36.1740535868802],[-86.6268431410817,36.1740591997228],[-86.6268437893625,36.1740545837234],[-86.6268987025711,36.1740596547127],[-86.6268980784493,36.174064092138],[-86.6268737728196,36.174237101067],[-86.6268215235042,36.1742322478559],[-86.6268233005577,36.1742196733047],[-86.626759853625,36.1742137795823]]]},"properties":{"id":"140954","parcel":"086130B04100CO","address":"812 SUNSET VIEW DR","owner":"MRUSEK, JUSTIN","point":[-86.62682896632074,36.17413893588162]}},{"type":"Feature","id":"140956","geometry":{"type":"Polygon","coordinates":[[[-86.6268737728196,36.174237101067],[-86.6268980784493,36.174064092138],[-86.6269606695523,36.174069872168],[-86.626961292559,36.1740654347481],[-86.6270149520892,36.1740703896252],[-86.6269916665581,36.1742361471749],[-86.6269262016647,36.1742300657452],[-86.6269245404049,36.1742418177502],[-86.6268737728196,36.174237101067]]]},"properties":{"id":"140956","parcel":"086130B04200CO","address":"814 SUNSET VIEW DR","owner":"HAWKINS, BRIANA L","point":[-86.62694486824003,36.174150147591035]}},{"type":"Feature","id":"140960","geometry":{"type":"Polygon","coordinates":[[[-86.6270306672921,36.1742399542796],[-86.6270533339881,36.1740786088856],[-86.6271148805495,36.1740842915187],[-86.6271155288362,36.1740796782215],[-86.6271720773295,36.1740849001132],[-86.6271713448585,36.1740901131839],[-86.6271471282371,36.1742624953338],[-86.627094534034,36.1742576097848],[-86.6270961689117,36.174246039067],[-86.6270306672921,36.1742399542796]]]},"properties":{"id":"140960","parcel":"086130B04300CO","address":"816 SUNSET VIEW DR","owner":"AGUAYO, JORGE A TRUST","point":[-86.62710100621312,36.1741650337535]}},{"type":"Feature","id":"140963","geometry":{"type":"Polygon","coordinates":[[[-86.6281767675102,36.1738723289852],[-86.6281838122959,36.1738225564538],[-86.6281751632392,36.1738217515794],[-86.6281816573946,36.1737758618245],[-86.6281910929207,36.1737767392123],[-86.628404690601,36.1737966131782],[-86.6283988049778,36.1738381971763],[-86.6283815891761,36.1738365951406],[-86.6283739350023,36.1738906743586],[-86.6281767675102,36.1738723289852]]]},"properties":{"id":"140963","parcel":"086130B05300CO","address":"836 SUNSET VIEW DR","owner":"ELLIOTT, TABITHA NICOLE & CUNNINGHAM,","point":[-86.62829141816675,36.17382960290293]}},{"type":"Feature","id":"140966","geometry":{"type":"Polygon","coordinates":[[[-86.6276534151376,36.173833405257],[-86.6276759174886,36.1736722561485],[-86.6277394981048,36.173678091914],[-86.6277410119204,36.1736672500304],[-86.6277916029829,36.1736718933629],[-86.627767582834,36.1738439132385],[-86.6277668033149,36.1738494969748],[-86.6277154145862,36.173844785679],[-86.6277161985551,36.17383920192],[-86.6276534151376,36.173833405257]]]},"properties":{"id":"140966","parcel":"086130B05500CO","address":"825 SUNSET VIEW DR","owner":"DAVIS, KINZIE","point":[-86.62772206522082,36.17375582822411]}},{"type":"Feature","id":"140969","geometry":{"type":"Polygon","coordinates":[[[-86.627767582834,36.1738439132385],[-86.6277916029829,36.1736718933629],[-86.6278471542673,36.1736769921455],[-86.6278455331419,36.1736885997558],[-86.6279120405228,36.1736947041033],[-86.6278888527712,36.173860767772],[-86.6278342577839,36.1738557262209],[-86.6278350417445,36.1738501424611],[-86.627767582834,36.1738439132385]]]},"properties":{"id":"140969","parcel":"086130B05600CO","address":"827 SUNSET VIEW DR","owner":"MOORE, DAVARIS","point":[-86.62783981184718,36.17376930869386]}},{"type":"Feature","id":"140971","geometry":{"type":"Polygon","coordinates":[[[-86.6274919394287,36.1738656932503],[-86.6275158328255,36.1736945771522],[-86.6275657709123,36.173699160886],[-86.6275641519399,36.173710764876],[-86.6276306493066,36.1737168685292],[-86.6276076387544,36.1738816595448],[-86.6275524030306,36.1738765599123],[-86.6275531407472,36.1738713107613],[-86.6274919394287,36.1738656932503]]]},"properties":{"id":"140971","parcel":"086130B05800CO","address":"823 SUNSET VIEW DR","owner":"HALEY, ERIN E.","point":[-86.6275612943017,36.173791280910265]}},{"type":"Feature","id":"140974","geometry":{"type":"Polygon","coordinates":[[[-86.6255388396278,36.1735372896075],[-86.6255445939839,36.1734940958872],[-86.6255599824086,36.1734954437292],[-86.6255668145568,36.1734441574427],[-86.6257683078179,36.1734618023957],[-86.6257624612137,36.1735056869687],[-86.625753028375,36.1735048607491],[-86.6257462887142,36.1735554562035],[-86.6255388396278,36.1735372896075]]]},"properties":{"id":"140974","parcel":"086130B02700CO","address":"6046 BLACKBERRY RIDGE LN","owner":"SHAFFER, RANDY ALAN, JR","point":[-86.62565349412078,36.173500142862814]}},{"type":"Feature","id":"140977","geometry":{"type":"Polygon","coordinates":[[[-86.6255417740606,36.1736370967177],[-86.6255487657673,36.1735846145408],[-86.6255327221464,36.1735832097085],[-86.6255388396278,36.1735372896075],[-86.6257462887142,36.1735554562035],[-86.625755721559,36.1735562824237],[-86.6257499180056,36.1735998486281],[-86.6257397098435,36.1735989552273],[-86.6257324055616,36.1736537904154],[-86.6255417740606,36.1736370967177]]]},"properties":{"id":"140977","parcel":"086130B02800CO","address":"6048 BLACKBERRY RIDGE LN","owner":"MULRAIN, KYLIE D & JOHN P JR","point":[-86.62564939921445,36.17359180106044]}},{"type":"Feature","id":"140980","geometry":{"type":"Polygon","coordinates":[[[-86.625510440426,36.1738646921735],[-86.6255174321736,36.1738122100016],[-86.6255023918673,36.1738108936967],[-86.6255085177221,36.1737649032587],[-86.6257162232386,36.1737830920122],[-86.625725400261,36.173783895227],[-86.6257195872318,36.1738275326755],[-86.6257083767918,36.1738265507369],[-86.6257048536731,36.1738529938514],[-86.6257010724672,36.1738813859197],[-86.625510440426,36.1738646921735]]]},"properties":{"id":"140980","parcel":"086130B03000CO","address":"6052 BLACKBERRY RIDGE LN","owner":"POTTS, DIANE C","point":[-86.62561857271257,36.173819398131855]}},{"type":"Feature","id":"140982","geometry":{"type":"Polygon","coordinates":[[[-86.627085693507,36.1738317144825],[-86.6271083577514,36.1736703690719],[-86.6271738683479,36.1736763825698],[-86.6271754842913,36.1736648101448],[-86.6272280865429,36.173669637935],[-86.6272038724034,36.1738420210056],[-86.6272031399367,36.1738472340769],[-86.6271465916107,36.1738420121995],[-86.6271472398936,36.1738373989019],[-86.627085693507,36.1738317144825]]]},"properties":{"id":"140982","parcel":"086130B05900CO","address":"817 SUNSET VIEW DR","owner":"PYLE, CHARLES MILTON","point":[-86.62715640482081,36.173754131448106]}},{"type":"Feature","id":"140985","geometry":{"type":"Polygon","coordinates":[[[-86.6272038724034,36.1738420210056],[-86.6272280865429,36.173669637935],[-86.6272786219637,36.1736742772652],[-86.6272768776999,36.1736867705419],[-86.6273462828581,36.1736931422354],[-86.6273219688738,36.1738582076421],[-86.6272641835294,36.1738528714801],[-86.6272649159921,36.1738476584085],[-86.6272038724034,36.1738420210056]]]},"properties":{"id":"140985","parcel":"086130B06000CO","address":"819 SUNSET VIEW DR","owner":"MERCEDES-LOGAN FAMILY REVOCABLE LIVING TRUST","point":[-86.62727482282716,36.17376758084908]}},{"type":"Feature","id":"140988","geometry":{"type":"Polygon","coordinates":[[[-86.6265443556478,36.1737758140841],[-86.6265664127448,36.1736188087786],[-86.6266266621917,36.1736244154766],[-86.626628058325,36.1736145583911],[-86.626685124594,36.1736197976494],[-86.6266611502555,36.1737904597641],[-86.6266602178043,36.1737970978562],[-86.6265988683854,36.173791431994],[-86.6266003365608,36.1737809842121],[-86.6265443556478,36.1737758140841]]]},"properties":{"id":"140988","parcel":"086130B06300CO","address":"809 SUNSET VIEW DR","owner":"ALLEN, DANIEL MCLEOD & BRENIS MARIA","point":[-86.62661440342292,36.17370020490348]}},{"type":"Feature","id":"140991","geometry":{"type":"Polygon","coordinates":[[[-86.6261198468649,36.1737249057248],[-86.6260571793342,36.1737191175451],[-86.6260566078445,36.1737231869804],[-86.6260009696361,36.1737180490711],[-86.6260242339317,36.1735524567393],[-86.626088123576,36.1735583215125],[-86.6260896618153,36.1735473064824],[-86.6261440949421,36.1735523036967],[-86.6261198468649,36.1737249057248]]]},"properties":{"id":"140991","parcel":"086130B06700CO","address":"801 SUNSET VIEW DR","owner":"WEST, PHYLLIS","point":[-86.62607209774274,36.173638271350775]}},{"type":"Feature","id":"141206","geometry":{"type":"Polygon","coordinates":[[[-86.6254524733663,36.1743049050096],[-86.6254594640865,36.1742524237544],[-86.6254437551531,36.1742510478184],[-86.6254494367725,36.1742083438708],[-86.6256576784943,36.1742265804207],[-86.6256663205165,36.1742273368441],[-86.6256609505985,36.1742676869064],[-86.625650410858,36.1742667636726],[-86.6256431053412,36.1743215988511],[-86.6254524733663,36.1743049050096]]]},"properties":{"id":"141206","parcel":"086130B03400CO","address":"6060 BLACKBERRY RIDGE LN","owner":"GCB PROPERTIES, LLC","point":[-86.6255602661434,36.174259610416975]}},{"type":"Feature","id":"141209","geometry":{"type":"Polygon","coordinates":[[[-86.6262162455617,36.1741692669599],[-86.6262388823392,36.1740081489962],[-86.6262995655655,36.1740137536079],[-86.6263000676158,36.174010182927],[-86.6263560842693,36.174015355687],[-86.6263552633617,36.1740212009925],[-86.6263312744678,36.1741919550227],[-86.6262776791835,36.1741869760756],[-86.6262793531298,36.1741751293819],[-86.6262162455617,36.1741692669599]]]},"properties":{"id":"141209","parcel":"086130B03700CO","address":"804 SUNSET VIEW DR","owner":"BOGAN, MARNA LYNN","point":[-86.62628575484976,36.17409523399822]}},{"type":"Feature","id":"141212","geometry":{"type":"Polygon","coordinates":[[[-86.6264884668793,36.1741901803408],[-86.626510912592,36.1740304152012],[-86.6265710774706,36.1740359718965],[-86.6265719899939,36.1740294835177],[-86.6266291546949,36.1740347628489],[-86.6266284821811,36.1740395493105],[-86.6266042454268,36.1742120630359],[-86.6265499236944,36.17420701588],[-86.6265514765958,36.1741960341161],[-86.6264884668793,36.1741901803408]]]},"properties":{"id":"141212","parcel":"086130B03900CO","address":"808 SUNSET VIEW DR","owner":"OLSEN, HELEN WENDY","point":[-86.62655847454876,36.17411486484682]}},{"type":"Feature","id":"141216","geometry":{"type":"Polygon","coordinates":[[[-86.628185086127,36.1740017107066],[-86.6281910872894,36.1739572943707],[-86.6282003412042,36.1739581159237],[-86.6282073766878,36.1739060461363],[-86.6284076312083,36.1739238328322],[-86.628400324975,36.1739779120418],[-86.6284143043087,36.173979154199],[-86.6284086413631,36.1740210650938],[-86.6281954938406,36.1740023856594],[-86.628185086127,36.1740017107066]]]},"properties":{"id":"141216","parcel":"086130B05200CO","address":"834 SUNSET VIEW DR","owner":"JAGO, LORI A. REVOCABLE TRUST, THE","point":[-86.62829565255151,36.17396799949328]}},{"type":"Feature","id":"141220","geometry":{"type":"Polygon","coordinates":[[[-86.6254792776912,36.1739843963649],[-86.6254848977543,36.1739422082502],[-86.6255012306645,36.1739436386277],[-86.6255080628893,36.1738923523508],[-86.6257086128759,36.1739099148732],[-86.6257025815517,36.1739551928371],[-86.6256921998139,36.1739542841093],[-86.6256856458422,36.1740034861495],[-86.6254800877333,36.1739854844907],[-86.6254792776912,36.1739843963649]]]},"properties":{"id":"141220","parcel":"086130B03100CO","address":"6054 BLACKBERRY RIDGE LN","owner":"KOCK, MERI","point":[-86.62559370613917,36.173948951996586]}},{"type":"Feature","id":"141223","geometry":{"type":"Polygon","coordinates":[[[-86.6254816517968,36.1740854699297],[-86.6254886435828,36.1740329877626],[-86.6254725998723,36.1740315829225],[-86.6254792776912,36.1739843963649],[-86.6254800877333,36.1739854844907],[-86.6256856458422,36.1740034861495],[-86.6256960264748,36.1740043948836],[-86.6256901840522,36.1740482559919],[-86.6256795887271,36.1740473285425],[-86.6256722843623,36.1741021637203],[-86.6254816517968,36.1740854699297]]]},"properties":{"id":"141223","parcel":"086130B03200CO","address":"6056 BLACKBERRY RIDGE LN","owner":"KLINGMAN, WAYNE J. JR. & FLORIBEL","point":[-86.62558947328942,36.1740401749437]}},{"type":"Feature","id":"141226","geometry":{"type":"Polygon","coordinates":[[[-86.6263888427051,36.1737656366708],[-86.62641284294,36.1735948023376],[-86.626461226876,36.1735992440831],[-86.6264599306472,36.1736085229424],[-86.6265289819206,36.1736148617928],[-86.6265053903565,36.1737827991911],[-86.6264455004485,36.1737772689756],[-86.6264463876466,36.1737709510663],[-86.6263888427051,36.1737656366708]]]},"properties":{"id":"141226","parcel":"086130B06600CO","address":"807 SUNSET VIEW DR","owner":"THOMPSON, CANDACE N","point":[-86.62645891270391,36.17369024925418]}},{"type":"Feature","id":"141229","geometry":{"type":"Polygon","coordinates":[[[-86.626236196147,36.1737356814243],[-86.6261705873933,36.1737296219629],[-86.6261700201138,36.1737336607342],[-86.6261192742669,36.1737289751663],[-86.6261198468649,36.1737249057248],[-86.6261440949421,36.1735523036967],[-86.6261936134786,36.173556848716],[-86.6261919205894,36.1735689712933],[-86.6262587547947,36.1735751073004],[-86.6262537408757,36.1736108023613],[-86.626236196147,36.1737356814243]]]},"properties":{"id":"141229","parcel":"086130B06800CO","address":"803 SUNSET VIEW DR","owner":"HALEY, KATRINA","point":[-86.62618679364213,36.173667854061456]}},{"type":"Feature","id":"141391","geometry":{"type":"Polygon","coordinates":[[[-86.6296540137708,36.1723308463598],[-86.6296910297744,36.1723266994447],[-86.6297271978987,36.1723190834953],[-86.629762025427,36.1723081029252],[-86.6297950377858,36.1722939071164],[-86.6299876740426,36.1725509336772],[-86.6298319149915,36.1726062770982],[-86.6296831099635,36.1726291450814],[-86.6296540137708,36.1723308463598]]]},"properties":{"id":"141391","parcel":"086130A28300CO","address":"325 WHISPERING WINDS DR","owner":"MUNIGETY, SAMSON A. & DENIZ, SANDRA","point":[-86.62978504734919,36.1724407794529]}},{"type":"Feature","id":"141404","geometry":{"type":"Polygon","coordinates":[[[-86.6290065045461,36.1712642511379],[-86.6296797626294,36.1713256935394],[-86.6296128785633,36.1713391268979],[-86.6295470299882,36.1713555839456],[-86.6294824265666,36.171375012219],[-86.629419267894,36.1713973511963],[-86.6293577579267,36.1714225295179],[-86.629298086115,36.1714504686908],[-86.6292404451589,36.1714810793894],[-86.6291850143852,36.1715142678524],[-86.6291319685543,36.171549925021],[-86.6289280333997,36.1716950385071],[-86.6290065045461,36.1712642511379]]]},"properties":{"id":"141404","parcel":"086130A91800CO","address":"0 HOGGETT FORD RD","owner":"MAGNOLIA FARMS HOMEOWNERS ASSN., INC","point":[-86.62911961513676,36.171465310571705]}},{"type":"Feature","id":"141547","geometry":{"type":"Polygon","coordinates":[[[-86.6293808516563,36.1729465581195],[-86.6294223002011,36.1726455121997],[-86.6295943375779,36.172660631229],[-86.6295695251216,36.1729621654441],[-86.6295068004339,36.1729579574557],[-86.6293808516563,36.1729465581195]]]},"properties":{"id":"141547","parcel":"086130A27900CO","address":"4205 MAGNOLIA FARMS DR","owner":"KARMACHARYA, PARAS","point":[-86.62949156078663,36.172803606997796]}},{"type":"Feature","id":"141770","geometry":{"type":"Polygon","coordinates":[[[-86.6295999974817,36.1731032921077],[-86.6296576344895,36.1731032906786],[-86.6297152113539,36.1731011733836],[-86.6297726113724,36.1730969426341],[-86.6298147481661,36.1733971731174],[-86.6295915686604,36.1734053834297],[-86.6295999974817,36.1731032921077]]]},"properties":{"id":"141770","parcel":"086130A25300CO","address":"4208 MAGNOLIA FARMS DR","owner":"COLEMAN, TARA","point":[-86.62969503510595,36.17325019450317]}},{"type":"Feature","id":"141782","geometry":{"type":"Polygon","coordinates":[[[-86.6297542971594,36.1726524362125],[-86.6299075570122,36.172616212593],[-86.6300450412957,36.1728970947258],[-86.6299882603884,36.1729144609045],[-86.6299303852814,36.1729292596769],[-86.629871591267,36.1729414477675],[-86.6298120558967,36.172950986396],[-86.6297542971594,36.1726524362125]]]},"properties":{"id":"141782","parcel":"086130A27700CO","address":"4213 MAGNOLIA FARMS DR","owner":"AHN, GEUN HEE & YOUNG SEOP & SAMUEL & JOHN YOUNG","point":[-86.62988159222667,36.172774709677356]}},{"type":"Feature","id":"141784","geometry":{"type":"Polygon","coordinates":[[[-86.6295695251216,36.1729621654441],[-86.6295943375779,36.172660631229],[-86.6297542971594,36.1726524362125],[-86.6298120558967,36.172950986396],[-86.6297518024041,36.1729578610199],[-86.6296911716735,36.1729620238957],[-86.6296303514473,36.1729634596236],[-86.6295695251216,36.1729621654441]]]},"properties":{"id":"141784","parcel":"086130A27800CO","address":"4209 MAGNOLIA FARMS DR","owner":"MORSE, JARED BLAKE & ELIZABETH","point":[-86.62968321980831,36.17280574707639]}},{"type":"Feature","id":"141786","geometry":{"type":"Polygon","coordinates":[[[-86.6293567451487,36.1729443765936],[-86.6292562533476,36.1729352804917],[-86.6292467479622,36.1729338528833],[-86.6292375886112,36.1729313455667],[-86.6292289613226,36.1729278080424],[-86.629221042306,36.1729233132951],[-86.6292139912339,36.1729179515197],[-86.629207908545,36.1729117726631],[-86.6292029823645,36.1729049505887],[-86.6291993590577,36.172897719762],[-86.6291970313723,36.1728901469138],[-86.6291960482977,36.1728823822988],[-86.6291964277643,36.1728745844449],[-86.6292302916157,36.1726286377416],[-86.6294223002011,36.1726455121997],[-86.6293808516563,36.1729465581195],[-86.6293567451487,36.1729443765936]]]},"properties":{"id":"141786","parcel":"086130A28000CO","address":"4201 MAGNOLIA FARMS DR","owner":"PATEL, PINAKINBHAI H. & NISHA","point":[-86.62930936435527,36.17276004837826]}},{"type":"Feature","id":"141788","geometry":{"type":"Polygon","coordinates":[[[-86.6294391974124,36.1726201537312],[-86.6294805436378,36.1723198509325],[-86.6295932519211,36.1723300520561],[-86.6296236093483,36.1723316205185],[-86.6296540137708,36.1723308463598],[-86.6296831099635,36.1726291450814],[-86.6294391974124,36.1726201537312]]]},"properties":{"id":"141788","parcel":"086130A28200CO","address":"329 WHISPERING WINDS DR","owner":"TURNER, MICHELLE R","point":[-86.62956364675522,36.17247598692724]}},{"type":"Feature","id":"141794","geometry":{"type":"Polygon","coordinates":[[[-86.6293917885682,36.1721984916866],[-86.6293153450372,36.1721915729525],[-86.6293057785056,36.1721901330502],[-86.6292965634548,36.1721875998919],[-86.6292878903644,36.1721840238562],[-86.6292799365681,36.1721794797245],[-86.62927275755,36.1721739554911],[-86.6292667750728,36.1721677914355],[-86.6292619325483,36.1721610004703],[-86.6292583277873,36.1721537217806],[-86.629248148408,36.1721307882745],[-86.6292360110261,36.1721084895461],[-86.629221741934,36.1720866471499],[-86.6292028119321,36.1720624109742],[-86.6290830844575,36.1719303645071],[-86.6290773627618,36.171922037867],[-86.6290734809646,36.171913041016],[-86.6290715534301,36.1719036383278],[-86.6290716357042,36.1718941061991],[-86.6290737277996,36.1718847267234],[-86.6290777663145,36.1718757751146],[-86.62908363329,36.1718675151546],[-86.6290911561381,36.1718601901808],[-86.6291001120307,36.1718540158536],[-86.6293040472792,36.171708902083],[-86.6293513366197,36.1716773467369],[-86.6294009977993,36.1716482872042],[-86.6294528316395,36.1716218371778],[-86.6295066300352,36.1715981058912],[-86.6295621747566,36.1715771873096],[-86.629619244162,36.1715591655026],[-86.6296776065134,36.1715441128764],[-86.6297370288837,36.1715320919298],[-86.6297972726524,36.1715231480681],[-86.6298084791204,36.1715225434333],[-86.6298196553391,36.1715234494632],[-86.6298304943005,36.1715258389196],[-86.6298406964765,36.1715296466724],[-86.6298499831504,36.1715347687289],[-86.6298580986607,36.1715410649261],[-86.6298648182041,36.1715483615932],[-86.6298699612156,36.1715564568898],[-86.6298733836749,36.1715651316607],[-86.6298749914006,36.1715741439592],[-86.6298747413199,36.1715832488682],[-86.6298090272319,36.1720875074346],[-86.6298038011474,36.1721102635172],[-86.6297942323974,36.1721320725049],[-86.6297805590004,36.1721523924002],[-86.629763120433,36.1721707194301],[-86.6297423477189,36.1721865998143],[-86.6297187590549,36.1721996388006],[-86.629692936554,36.1722095116016],[-86.6296655230112,36.1722159760296],[-86.6296371974281,36.1722188699203],[-86.6296086628641,36.1722181211103],[-86.6293917885682,36.1721984916866]]]},"properties":{"id":"141794","parcel":"086130A91700CO","address":"300 WHISPERING WINDS DR","owner":"MAGNOLIA FARMS HOMEOWNERS ASSN., INC","point":[-86.62945877647395,36.17187281581641]}},{"type":"Feature","id":"143871","geometry":{"type":"Polygon","coordinates":[[[-86.629234086945,36.1726010719258],[-86.6292678465104,36.17235588099],[-86.6292696072631,36.1723481732695],[-86.6292726997026,36.1723407479101],[-86.629277062755,36.1723337530364],[-86.6292826064108,36.1723273324173],[-86.6292892194272,36.1723216155126],[-86.6292968402013,36.1723166837563],[-86.6293052554085,36.1723126896717],[-86.6293096656373,36.1723110831692],[-86.6293203764245,36.1723083722223],[-86.6293314912041,36.1723071246127],[-86.6293427067926,36.1723073752677],[-86.6293763784417,36.1723104235008],[-86.6294805436378,36.1723198509325],[-86.6294391974124,36.1726201537312],[-86.629234086945,36.1726010719258]]]},"properties":{"id":"143871","parcel":"086130A28100CO","address":"333 WHISPERING WINDS DR","owner":"SHAH, CHIRAG & KANAL CHIRAG","point":[-86.62935479104061,36.172478797916824]}},{"type":"Feature","id":"158640","geometry":{"type":"Polygon","coordinates":[[[-86.6291088458496,36.1735106796563],[-86.6291283926164,36.173368718997],[-86.6294987790358,36.1734022425168],[-86.6294792340421,36.1735442041302],[-86.6291088458496,36.1735106796563]]]},"properties":{"id":"158640","parcel":"086130A25000CO","address":"2033 ELK SPRINGS DR","owner":"PATIKE, SURESH BABU & RAGAVARAPU, UJAWALA","point":[-86.62930381281443,36.17345646124706]}},{"type":"Feature","id":"158998","geometry":{"type":"Polygon","coordinates":[[[-86.6285652293767,36.1734725324301],[-86.6285857167916,36.1733237453483],[-86.628956102779,36.1733572714349],[-86.6289356171472,36.17350605677],[-86.6285652293767,36.1734725324301]]]},"properties":{"id":"158998","parcel":"086130A22000CO","address":"2032 ELK SPRINGS DR","owner":"JONES, KEA MICHELLE","point":[-86.6287606663846,36.17341490209363]}},{"type":"Feature","id":"158999","geometry":{"type":"Polygon","coordinates":[[[-86.628922410305,36.1743527150885],[-86.6291505876726,36.1741034586241],[-86.6291830664646,36.1741216785829],[-86.6292169650596,36.1741381102479],[-86.6292521361514,36.1741526813843],[-86.6292884213755,36.1741653270247],[-86.6291489929573,36.174454419109],[-86.628922410305,36.1743527150885]]]},"properties":{"id":"158999","parcel":"086130A22600CO","address":"2056 ELK SPRINGS DR","owner":"OSMAN, MULKI &  SAHAL, MARYAN","point":[-86.62912574168853,36.17425908416285]}},{"type":"Feature","id":"159000","geometry":{"type":"Polygon","coordinates":[[[-86.6295906572487,36.1745104699691],[-86.6296252297513,36.1742096050735],[-86.629800651678,36.1742228549841],[-86.6297660809464,36.1745237199231],[-86.6295906572487,36.1745104699691]]]},"properties":{"id":"159000","parcel":"086130A22900CO","address":"2068 ELK SPRINGS DR","owner":"JORDAAN, GWEN R 2019 TRUST","point":[-86.62969565492067,36.1743666625263]}},{"type":"Feature","id":"159005","geometry":{"type":"Polygon","coordinates":[[[-86.6297498246539,36.1740783133935],[-86.6297843952531,36.1737774484228],[-86.6299598162511,36.1737906981037],[-86.6299252463111,36.1740915631235],[-86.6297498246539,36.1740783133935]]]},"properties":{"id":"159005","parcel":"086130A24500CO","address":"2053 ELK SPRINGS DR","owner":"DAVIS, CEDRIC D & HALL, CARL TYRONE","point":[-86.62985482064386,36.17393450579748]}},{"type":"Feature","id":"159006","geometry":{"type":"Polygon","coordinates":[[[-86.6291283926164,36.173368718997],[-86.6291479382016,36.1732267583349],[-86.6295183250782,36.1732602817903],[-86.6294987790358,36.1734022425168],[-86.6291283926164,36.173368718997]]]},"properties":{"id":"159006","parcel":"086130A25100CO","address":"2029 ELK SPRINGS DR","owner":"JOHNSON, KEITH L & SHAMICA A","point":[-86.6293233587651,36.17331450055275]}},{"type":"Feature","id":"159007","geometry":{"type":"Polygon","coordinates":[[[-86.6291479382016,36.1732267583349],[-86.6291522906723,36.1731951492862],[-86.6291622221452,36.1731230167676],[-86.6291639829322,36.1731153099514],[-86.6291670754116,36.1731078845963],[-86.6291714385154,36.1731008897278],[-86.6291769822334,36.1730944691149],[-86.6291835953213,36.1730887522171],[-86.6291912161757,36.1730838204686],[-86.6291996314695,36.1730798263922],[-86.629208549789,36.1730768877692],[-86.6292178888444,36.173075000522],[-86.6292274655318,36.173074203458],[-86.6292370832228,36.1730745120221],[-86.6293375751909,36.1730836072384],[-86.6294017677463,36.1730894173067],[-86.6294710372552,36.1730956875442],[-86.6295402484581,36.1731010522825],[-86.6295183250782,36.1732602817903],[-86.6291479382016,36.1732267583349]]]},"properties":{"id":"159007","parcel":"086130A25200CO","address":"2025 ELK SPRINGS DR","owner":"CAMPOS, CESAR AUGUSTO SANTOS & SOLANO, YOBANA","point":[-86.62934467759267,36.17315966339823]}},{"type":"Feature","id":"160036","geometry":{"type":"Polygon","coordinates":[[[-86.6285857167916,36.1733237453483],[-86.6286062041368,36.1731749591584],[-86.6289765905499,36.1732084851777],[-86.628956102779,36.1733572714349],[-86.6285857167916,36.1733237453483]]]},"properties":{"id":"160036","parcel":"086130A21900CO","address":"2028 ELK SPRINGS DR","owner":"RUARK, DAIVD S. & MARY COYLE","point":[-86.62878115359443,36.17326611542295]}},{"type":"Feature","id":"160037","geometry":{"type":"Polygon","coordinates":[[[-86.6287379004379,36.1742075428854],[-86.6290383470785,36.1740151481026],[-86.6290636495666,36.1740394303942],[-86.6290908706793,36.1740623084366],[-86.6291198917916,36.1740836819059],[-86.6291505876726,36.1741034586241],[-86.628922410305,36.1743527150885],[-86.6287379004379,36.1742075428854]]]},"properties":{"id":"160037","parcel":"086130A22500CO","address":"2052 ELK SPRINGS DR","owner":"TOPP, CHRISTOPHER","point":[-86.62896113523124,36.17415555328128]}},{"type":"Feature","id":"160038","geometry":{"type":"Polygon","coordinates":[[[-86.6291489929573,36.174454419109],[-86.6292884213755,36.1741653270247],[-86.629327664047,36.1741765026063],[-86.6293677736952,36.1741854250185],[-86.6294085554654,36.1741920538187],[-86.6294498078759,36.1741963540065],[-86.6294152347139,36.174497218853],[-86.6291489929573,36.174454419109]]]},"properties":{"id":"160038","parcel":"086130A22700CO","address":"2060 ELK SPRINGS DR","owner":"HEMSWORTH, MARGARET O","point":[-86.62932314442462,36.1743254601693]}},{"type":"Feature","id":"160039","geometry":{"type":"Polygon","coordinates":[[[-86.6294152347139,36.174497218853],[-86.6294498078759,36.1741963540065],[-86.6296252297513,36.1742096050735],[-86.6295906572487,36.1745104699691],[-86.6294152347139,36.174497218853]]]},"properties":{"id":"160039","parcel":"086130A22800CO","address":"2064 ELK SPRINGS DR","owner":"STARR, SCHAMBRA","point":[-86.629520232424,36.17435341201213]}},{"type":"Feature","id":"160040","geometry":{"type":"Polygon","coordinates":[[[-86.6297660809464,36.1745237199231],[-86.629800651678,36.1742228549841],[-86.6299760736634,36.1742361046398],[-86.6299415024866,36.174536970535],[-86.6297660809464,36.1745237199231]]]},"properties":{"id":"160040","parcel":"086130A23000CO","address":"2072 ELK SPRINGS DR","owner":"PATEL, FENIL & MAYURIBEN","point":[-86.62987107725685,36.174379912329584]}},{"type":"Feature","id":"160044","geometry":{"type":"Polygon","coordinates":[[[-86.6295744019364,36.174065062513],[-86.6296089743138,36.1737641984869],[-86.6297843952531,36.1737774484228],[-86.6297498246539,36.1740783133935],[-86.6295744019364,36.174065062513]]]},"properties":{"id":"160044","parcel":"086130A24600CO","address":"2049 ELK SPRINGS DR","owner":"TURAKHIA, BHAVI VIRENDRA","point":[-86.62967939907858,36.17392125551769]}},{"type":"Feature","id":"160045","geometry":{"type":"Polygon","coordinates":[[[-86.6290857526735,36.1736783950879],[-86.6290892990201,36.1736526412082],[-86.6294596878669,36.1736861657407],[-86.6295085618287,36.1737117111529],[-86.6292801078021,36.174005693755],[-86.6292450046872,36.1739856696669],[-86.6292125940114,36.1739628574645],[-86.6291832100102,36.1739374924384],[-86.6291571560158,36.1739098379792],[-86.6291347044142,36.1738801801703],[-86.6291160855151,36.1738488260433],[-86.6291014941935,36.173816099938],[-86.6290910787523,36.1737823408569],[-86.6290849486748,36.1737478988194],[-86.6290831668091,36.1737131303964],[-86.6290857526735,36.1736783950879]]]},"properties":{"id":"160045","parcel":"086130A24800CO","address":"2041 ELK SPRINGS DR","owner":"FEDERAL NATIONAL MORTGAGE ASSOCIATION","point":[-86.62926139059994,36.173832935624006]}},{"type":"Feature","id":"160046","geometry":{"type":"Polygon","coordinates":[[[-86.6290892990201,36.1736526412082],[-86.6291088458496,36.1735106796563],[-86.6294792340421,36.1735442041302],[-86.6294596878669,36.1736861657407],[-86.6290892990201,36.1736526412082]]]},"properties":{"id":"160046","parcel":"086130A24900CO","address":"2037 ELK SPRINGS DR","owner":"YALLAREDDY, MAHESH","point":[-86.62928426666319,36.17359842282897]}},{"type":"Feature","id":"160047","geometry":{"type":"Polygon","coordinates":[[[-86.6312432692186,36.1747729415871],[-86.6291323208619,36.1746181454215],[-86.6284150953294,36.1745628464354],[-86.6284151510447,36.1745624423822],[-86.6285340056964,36.1736992944909],[-86.6285447051295,36.1736215909721],[-86.6285386347871,36.1738356053465],[-86.6286057444909,36.1740270226475],[-86.6287379004379,36.1742075428854],[-86.628922410305,36.1743527150885],[-86.6291489929573,36.174454419109],[-86.6294152347139,36.174497218853],[-86.6295906572487,36.1745104699691],[-86.6297660809464,36.1745237199231],[-86.6299415024866,36.174536970535],[-86.6301169263015,36.1745502199791],[-86.6302923490705,36.1745634700752],[-86.6304677707795,36.174576719021],[-86.6306431947701,36.1745899677001],[-86.6308186177149,36.1746032170312],[-86.6309940407111,36.1746164652062],[-86.6311694637731,36.1746297140274],[-86.6312040302911,36.1743288423808],[-86.6313066199113,36.1743365965423],[-86.6313072427867,36.174336643755],[-86.6312437908731,36.1747729803169],[-86.6312432692186,36.1747729415871]]]},"properties":{"id":"160047","parcel":"086130A92000CO","address":"0 ELK SPRINGS DR","owner":"MAGNOLIA FARMS HOMEOWNERS ASSN., INC","point":[-86.62857417762714,36.17411697990141]}},{"type":"Feature","id":"160173","geometry":{"type":"Polygon","coordinates":[[[-86.6286062041368,36.1731749591584],[-86.6286276310973,36.1730193482514],[-86.6289306729036,36.1730467784222],[-86.6289401382099,36.1730481972517],[-86.6289492618598,36.1730506876529],[-86.6289578589233,36.1730541983169],[-86.6289657576517,36.1730586580379],[-86.6289728253356,36.173064012531],[-86.6289733122571,36.1730644389922],[-86.6289789705786,36.1730702307285],[-86.6289836713625,36.1730766655443],[-86.6289874220953,36.1730839867402],[-86.6289898406657,36.1730916681705],[-86.6289908769011,36.1730995505743],[-86.62899091428,36.173101601641],[-86.6289805656677,36.1731796062073],[-86.6289765905499,36.1732084851777],[-86.6286062041368,36.1731749591584]]]},"properties":{"id":"160173","parcel":"086130A21800CO","address":"2024 ELK SPRINGS DR","owner":"GOZMAO, SHEONA & STAFFORD, ANDREW","point":[-86.62879865285976,36.17313828084495]}},{"type":"Feature","id":"160174","geometry":{"type":"Polygon","coordinates":[[[-86.6285447051295,36.1736215909721],[-86.6285652293767,36.1734725324301],[-86.6289356171472,36.17350605677],[-86.6289150924827,36.1736551162806],[-86.6285447051295,36.1736215909721]]]},"properties":{"id":"160174","parcel":"086130A22100CO","address":"2036 ELK SPRINGS DR","owner":"BAKHOUM, IRINI KARAM","point":[-86.62874016108795,36.173563824031106]}},{"type":"Feature","id":"160175","geometry":{"type":"Polygon","coordinates":[[[-86.6285447051295,36.1736215909721],[-86.6289150924827,36.1736551162806],[-86.6289140277477,36.1736628519105],[-86.6289105817112,36.1737030920689],[-86.6289112960001,36.173743424109],[-86.6289161672877,36.1737835677572],[-86.6285386347871,36.1738356053465],[-86.6285447051295,36.1736215909721]]]},"properties":{"id":"160175","parcel":"086130A22200CO","address":"2040 ELK SPRINGS DR","owner":"RODGERS, GREGORY & ALICIA","point":[-86.62872639637203,36.17372268596219]}},{"type":"Feature","id":"160176","geometry":{"type":"Polygon","coordinates":[[[-86.6285386347871,36.1738356053465],[-86.6289161672877,36.1737835677572],[-86.6289228852923,36.1738147793377],[-86.6289321176998,36.1738455650409],[-86.6289438234542,36.1738757934965],[-86.6289579537182,36.1739053333749],[-86.6286057444909,36.1740270226475],[-86.6285386347871,36.1738356053465]]]},"properties":{"id":"160176","parcel":"086130A22300CO","address":"2044 ELK SPRINGS DR","owner":"JABLONSKI, DEREK ARTHUR  & STEPHANIE","point":[-86.62868302353961,36.173965871686]}},{"type":"Feature","id":"160177","geometry":{"type":"Polygon","coordinates":[[[-86.6286057444909,36.1740270226475],[-86.6289579537182,36.1739053333749],[-86.6289746298709,36.1739343516766],[-86.6289936461182,36.1739624087582],[-86.629014915879,36.1739893797951],[-86.6290383470785,36.1740151481026],[-86.6287379004379,36.1742075428854],[-86.6286057444909,36.1740270226475]]]},"properties":{"id":"160177","parcel":"086130A22400CO","address":"2048 ELK SPRINGS DR","owner":"HOLLINGS, ANNIE C.","point":[-86.62877483855402,36.174117602243626]}},{"type":"Feature","id":"160181","geometry":{"type":"Polygon","coordinates":[[[-86.6292801078021,36.174005693755],[-86.6295085618287,36.1737117111529],[-86.6296089743138,36.1737641984869],[-86.6295744019364,36.174065062513],[-86.6294658366675,36.1740568621796],[-86.6294266427633,36.1740523899385],[-86.6293881401545,36.1740449588582],[-86.6293506650641,36.1740346338795],[-86.6293145472599,36.1740215070148],[-86.6292801078021,36.174005693755]]]},"properties":{"id":"160181","parcel":"086130A24700CO","address":"2045 ELK SPRINGS DR","owner":"LYNN, MATTHEW WAYNE","point":[-86.62948457804522,36.173885070144436]}},{"type":"Feature","id":"207007","geometry":{"type":"Polygon","coordinates":[[[-86.621096820434,36.1738028360898],[-86.6215417642619,36.1736250017516],[-86.6216193313067,36.173753255811],[-86.6211747182585,36.1739309571404],[-86.621096820434,36.1738028360898]]]},"properties":{"id":"207007","parcel":"086130C00700CO","address":"3672 PIERSIDE DR","owner":"MILNER, LANCE & RACHEL","point":[-86.62135807579679,36.1737780462355]}},{"type":"Feature","id":"208805","geometry":{"type":"Polygon","coordinates":[[[-86.6211747182585,36.1739309571404],[-86.6216193313067,36.173753255811],[-86.6216968997138,36.1738815098104],[-86.6212526174532,36.1740590790319],[-86.6211747182585,36.1739309571404]]]},"properties":{"id":"208805","parcel":"086130C00600CO","address":"3668 PIERSIDE DR","owner":"VIKRAMAN, GIJISH","point":[-86.6214358090727,36.17390623376065]}},{"type":"Feature","id":"208806","geometry":{"type":"Polygon","coordinates":[[[-86.6209410233025,36.1735465920333],[-86.6213867505976,36.1733684450872],[-86.6214641963563,36.1734967476437],[-86.6210189217425,36.1736747140889],[-86.6209410233025,36.1735465920333]]]},"properties":{"id":"208806","parcel":"086130C00900CO","address":"3680 PIERSIDE DR","owner":"GOZMAO, LIANE PATRICIA & GILLIAM, CARL CATHY IV","point":[-86.62120260997479,36.17352167012501]}},{"type":"Feature","id":"216025","geometry":{"type":"Polygon","coordinates":[[[-86.6216421149698,36.1746996867786],[-86.6220847421688,36.1745227781088],[-86.6221097393632,36.1745640935608],[-86.6224032215458,36.175049262743],[-86.6223890862617,36.1751739766805],[-86.6223890478127,36.1751743184549],[-86.6219195230497,36.1752357752491],[-86.6219023799389,36.1752007785649],[-86.6218726972236,36.1751401786998],[-86.6217306762206,36.1748502460896],[-86.6217033377621,36.1748003779817],[-86.6216421149698,36.1746996867786]]]},"properties":{"id":"216025","parcel":"086130C90000CO","address":"3640 PIERSIDE DR","owner":"MAGNOLIA FARMS HOMEOWNERS ASSN., INC","point":[-86.62206126518771,36.17494973694646]}},{"type":"Feature","id":"216026","geometry":{"type":"Polygon","coordinates":[[[-86.6203216934157,36.172520086038],[-86.6207669387672,36.1723438409314],[-86.6208446240908,36.1724720471453],[-86.6203989859132,36.1726484486635],[-86.6203216934157,36.172520086038]]]},"properties":{"id":"216026","parcel":"086130C01700CO","address":"3712 PIERSIDE DR","owner":"SMITH, TIFFANY & WINKLER, JERRY","point":[-86.6205831589803,36.17249606687814]}},{"type":"Feature","id":"216027","geometry":{"type":"Polygon","coordinates":[[[-86.6199907584834,36.1704828984548],[-86.6199925305454,36.1704708377389],[-86.6202003227353,36.1704890174786],[-86.6201188539602,36.1710441896739],[-86.6200919380733,36.1712276076203],[-86.6207384337998,36.1722967093865],[-86.6206150795317,36.1722381166825],[-86.6202490184241,36.1723830178248],[-86.6202497863818,36.1723697744144],[-86.6202531642161,36.1723568014888],[-86.6202590634147,36.1723444365728],[-86.62026733196,36.1723329985909],[-86.6202777565179,36.1723227833498],[-86.6202900657149,36.1723140563119],[-86.620312978647,36.1722981287134],[-86.6203328921902,36.1722797398709],[-86.6203494068306,36.1722592577495],[-86.6203621934062,36.1722370914105],[-86.620370996392,36.1722136846855],[-86.620375639373,36.1721895053331],[-86.6203760305307,36.1721650359982],[-86.6203721603708,36.1721407679148],[-86.6203641071462,36.1721171837539],[-86.6203520312992,36.1720947576528],[-86.6203361753133,36.1720739362886],[-86.6203168559037,36.1720551353144],[-86.6202944595148,36.1720387321719],[-86.6202694333365,36.1720250544212],[-86.6202422763766,36.1720143752815],[-86.6202135349794,36.1720069091469],[-86.6201837805326,36.1720028035904],[-86.6201536117109,36.172002142056],[-86.6201236277512,36.1720049376876],[-86.620094429564,36.1720111333226],[-86.6200666019919,36.1720206069914],[-86.6200407004433,36.1720331683803],[-86.6200172420565,36.1720485660873],[-86.619996697955,36.1720664921677],[-86.619979477735,36.1720865885227],[-86.6199659250685,36.1721084532304],[-86.6199563111049,36.1721316495921],[-86.6199508289688,36.1721557133709],[-86.6199495882802,36.1721801627332],[-86.6199526119173,36.1722045108827],[-86.6199598416027,36.1722282696372],[-86.6199711324504,36.1722509629753],[-86.6201870324259,36.1726092985531],[-86.6204384832921,36.1730272502799],[-86.6204437426591,36.173038253728],[-86.6204466409622,36.1730498190786],[-86.6204470933458,36.1730616142044],[-86.6204450882881,36.1730733029959],[-86.6204406831969,36.1730845507915],[-86.6204340022787,36.1730950361052],[-86.6204252388179,36.1731044578246],[-86.6204146419375,36.1731125478969],[-86.6197632186828,36.1720305116483],[-86.6199907584834,36.1704828984548]]]},"properties":{"id":"216027","parcel":"086130C90100CO","address":"3720 PIERSIDE DR","owner":"MAGNOLIA FARMS HOMEOWNERS ASSN., INC","point":[-86.62007548950123,36.17161472481758]}},{"type":"Feature","id":"216028","geometry":{"type":"Polygon","coordinates":[[[-86.6207854521373,36.1732902591792],[-86.6212323319846,36.1731133668148],[-86.6212707027133,36.1731768016631],[-86.6213090635205,36.1732402392534],[-86.6208631262327,36.1734184708185],[-86.6207854521373,36.1732902591792]]]},"properties":{"id":"216028","parcel":"086130C01100CO","address":"3688 PIERSIDE DR","owner":"KUMAR, SRINIVAS NARASIMHACHAR & MEERA SRINIVAS","point":[-86.62104756652445,36.17326525047991]}},{"type":"Feature","id":"216029","geometry":{"type":"Polygon","coordinates":[[[-86.6208631262327,36.1734184708185],[-86.6213090635205,36.1732402392534],[-86.6213867505976,36.1733684450872],[-86.6209410233025,36.1735465920333],[-86.6208631262327,36.1734184708185]]]},"properties":{"id":"216029","parcel":"086130C01000CO","address":"3684 PIERSIDE DR","owner":"LAMAR, JULIANA GABRIELLE","point":[-86.62112493836182,36.17339345823922]}},{"type":"Feature","id":"216030","geometry":{"type":"Polygon","coordinates":[[[-86.6212526174532,36.1740590790319],[-86.6216968997138,36.1738815098104],[-86.621774467253,36.17400976286],[-86.6213305157879,36.1741872008743],[-86.6212526174532,36.1740590790319]]]},"properties":{"id":"216030","parcel":"086130C00500CO","address":"3664 PIERSIDE DR","owner":"CHAMBERS, BAILEY & MCKINLEY","point":[-86.62151354259926,36.17403442123135]}},{"type":"Feature","id":"216674","geometry":{"type":"Polygon","coordinates":[[[-86.6213305157879,36.1741872008743],[-86.621774467253,36.17400976286],[-86.6218521569471,36.174137968362],[-86.6214084154857,36.1743153226563],[-86.6213305157879,36.1741872008743]]]},"properties":{"id":"216674","parcel":"086130C00400CO","address":"3660 PIERSIDE DR","owner":"PATTERSON, SEAN & KATIE","point":[-86.62159133647368,36.17416258490287]}},{"type":"Feature","id":"216708","geometry":{"type":"Polygon","coordinates":[[[-86.6214863154279,36.1744434434824],[-86.6219296042094,36.174266270593],[-86.6219683883238,36.1743303970432],[-86.6220071725079,36.174394524381],[-86.6215642145173,36.1745715651607],[-86.6214863154279,36.1744434434824]]]},"properties":{"id":"216708","parcel":"086130C00200CO","address":"3652 PIERSIDE DR","owner":"SHIVERS, DAVID ALLEN & JESSICA ALLISON CHITTY","point":[-86.6217467440534,36.1744189842155]}},{"type":"Feature","id":"216710","geometry":{"type":"Polygon","coordinates":[[[-86.6204762786536,36.1727768103338],[-86.620922068098,36.1726003500806],[-86.620999634244,36.1727286036668],[-86.6205535716512,36.1729051728514],[-86.6204762786536,36.1727768103338]]]},"properties":{"id":"216710","parcel":"086130C01500CO","address":"3704 PIERSIDE DR","owner":"WU, JIAN YONG","point":[-86.62073795665782,36.17275270728721]}},{"type":"Feature","id":"216712","geometry":{"type":"Polygon","coordinates":[[[-86.6206308648918,36.1730335344138],[-86.6210771995363,36.1728568581057],[-86.6211547650793,36.1729851124903],[-86.6207081583894,36.1731618968235],[-86.6206308648918,36.1730335344138]]]},"properties":{"id":"216712","parcel":"086130C01300CO","address":"3696 PIERSIDE DR","owner":"TOMAR, AGAM & SINGH, PRACHI","point":[-86.62089281511267,36.1730093237393]}},{"type":"Feature","id":"216733","geometry":{"type":"Polygon","coordinates":[[[-86.6202490184241,36.1723830178248],[-86.6206150795317,36.1722381166825],[-86.6207384337998,36.1722967093865],[-86.6207669387672,36.1723438409314],[-86.6203216934157,36.172520086038],[-86.6202592647475,36.1724164090149],[-86.6202524174651,36.1724000611521],[-86.6202490184241,36.1723830178248]]]},"properties":{"id":"216733","parcel":"086130C01800CO","address":"3716 PIERSIDE DR","owner":"SINGLEY, MICHAELA CHANDLER & STEVEN MITCHELL","point":[-86.62050797859165,36.17236342965835]}},{"type":"Feature","id":"216746","geometry":{"type":"Polygon","coordinates":[[[-86.6205535716512,36.1729051728514],[-86.620999634244,36.1727286036668],[-86.6210771995363,36.1728568581057],[-86.6206308648918,36.1730335344138],[-86.6205535716512,36.1729051728514]]]},"properties":{"id":"216746","parcel":"086130C01400CO","address":"3700 PIERSIDE DR","owner":"WU, JIAN KAI","point":[-86.62081538556157,36.172881015765]}},{"type":"Feature","id":"216749","geometry":{"type":"Polygon","coordinates":[[[-86.6203989859132,36.1726484486635],[-86.6208446240908,36.1724720471453],[-86.620922068098,36.1726003500806],[-86.6204762786536,36.1727768103338],[-86.6203989859132,36.1726484486635]]]},"properties":{"id":"216749","parcel":"086130C01600CO","address":"3708 PIERSIDE DR","owner":"BEAZER HOMES, LLC","point":[-86.62066052687224,36.17262439965757]}},{"type":"Feature","id":"216753","geometry":{"type":"Polygon","coordinates":[[[-86.6212765546766,36.1745373752343],[-86.6206020774962,36.173422878431],[-86.6204942260689,36.1732447380195],[-86.6204900838339,36.1732378574886],[-86.6204889519801,36.1732359769766],[-86.6204931610128,36.1732356209739],[-86.6204973856231,36.173235409092],[-86.6205141717756,36.1732359807182],[-86.6205306054595,36.173238814506],[-86.6205462269664,36.1732438308044],[-86.6205605972276,36.1732508885713],[-86.6205733145366,36.1732597915958],[-86.6205840212183,36.1732702884642],[-86.6205856089075,36.1732721792494],[-86.6205878570463,36.1732750859603],[-86.6205918184402,36.1732810147892],[-86.6215719667952,36.1748949510241],[-86.6215938390797,36.1749348460665],[-86.62174821775,36.1752582779634],[-86.6217159019024,36.1752626794141],[-86.6213012706529,36.1745781785825],[-86.6212765546766,36.1745373752343]]]},"properties":{"id":"216753","parcel":"086130C90200CO","address":"0 PIERSIDE DR","owner":"MAGNOLIA FARMS HOMEOWNERS ASSN., INC","point":[-86.62097792412335,36.17398024955625]}},{"type":"Feature","id":"216805","geometry":{"type":"Polygon","coordinates":[[[-86.6207081583894,36.1731618968235],[-86.6211547650793,36.1729851124903],[-86.6212407482625,36.1731271947424],[-86.6212323319846,36.1731133668148],[-86.6207854521373,36.1732902591792],[-86.6207081583894,36.1731618968235]]]},"properties":{"id":"216805","parcel":"086130C01200CO","address":"3692 PIERSIDE DR","owner":"BEAZER HOMES, LLC","point":[-86.62095295057291,36.173144478005156]}},{"type":"Feature","id":"216878","geometry":{"type":"Polygon","coordinates":[[[-86.6210189217425,36.1736747140889],[-86.6214641963563,36.1734967476437],[-86.6215294852968,36.1736046731435],[-86.6215417642619,36.1736250017516],[-86.621096820434,36.1738028360898],[-86.6210189217425,36.1736747140889]]]},"properties":{"id":"216878","parcel":"086130C00800CO","address":"3676 PIERSIDE DR","owner":"MAHENDRAN, PURUSOTH ETAL","point":[-86.62128034308944,36.17364985820622]}},{"type":"Feature","id":"216947","geometry":{"type":"Polygon","coordinates":[[[-86.6214084154857,36.1743153226563],[-86.6218521569471,36.174137968362],[-86.6219296042094,36.174266270593],[-86.6214863154279,36.1744434434824],[-86.6214084154857,36.1743153226563]]]},"properties":{"id":"216947","parcel":"086130C00300CO","address":"3656 PIERSIDE DR","owner":"FROST, NICKOLAS T. & STOHLER, MADELINE H.","point":[-86.62166900983148,36.17429079690849]}},{"type":"Feature","id":"217015","geometry":{"type":"Polygon","coordinates":[[[-86.6215642145173,36.1745715651607],[-86.6220071725079,36.174394524381],[-86.6220847421688,36.1745227781088],[-86.6216421149698,36.1746996867786],[-86.6215642145173,36.1745715651607]]]},"properties":{"id":"217015","parcel":"086130C00100CO","address":"3648 PIERSIDE DR","owner":"KNOWLES, LAUREN & BRANDON","point":[-86.6218244784283,36.1745471719182]}},{"type":"Feature","id":"270537","geometry":{"type":"Polygon","coordinates":[[[-86.6267275193764,36.1776913697029],[-86.6267034330418,36.176014704872],[-86.6245079660431,36.1760302038205],[-86.6243751117017,36.177070047529],[-86.6241518963613,36.1770439875588],[-86.6236844689959,36.1769894107939],[-86.6235225529906,36.1769705070467],[-86.6233015513018,36.1769447044488],[-86.6230822554418,36.1769190972269],[-86.6228646087089,36.1768936847817],[-86.6228264110195,36.1768892232803],[-86.6228791352817,36.1765651146251],[-86.6228934344654,36.1764772044234],[-86.622838233282,36.1763056242278],[-86.6227595760912,36.1760611398323],[-86.6226938587829,36.1758449926125],[-86.6226288995288,36.1756463564503],[-86.6225678768003,36.175459756047],[-86.6225101504867,36.1752832380837],[-86.622484630218,36.1752052010237],[-86.6224826098139,36.175174519157],[-86.6224817717431,36.1751617779112],[-86.6223890478127,36.1751743184549],[-86.6223890862617,36.1751739766805],[-86.6224032215458,36.175049262743],[-86.6225327568719,36.1739047163492],[-86.6229427153309,36.1741457486841],[-86.624736924824,36.1742820234487],[-86.6253719393901,36.1743302474283],[-86.6257089056202,36.1743558363018],[-86.6258810031456,36.1743689045536],[-86.6270979650561,36.1744617735003],[-86.6271460032104,36.1778232508889],[-86.6272478051583,36.1780139161984],[-86.6271395232527,36.178057406521],[-86.6270323434289,36.1781026538773],[-86.6269263077878,36.1781496409276],[-86.6267275193764,36.1776913697029]]]},"properties":{"id":"270537","parcel":"08600026200","address":"3157 BRANDAU RD","owner":"HARDEN, CHARLES HEATH","point":[-86.62417539237684,36.17601797803598]}},{"type":"Feature","id":"272073","geometry":{"type":"Polygon","coordinates":[[[-86.6218261400725,36.1760564463641],[-86.6218287893849,36.1760556333023],[-86.6218114239074,36.1762495919557],[-86.6214094025391,36.1762462681741],[-86.6214022381614,36.1762279699024],[-86.6213913950327,36.1762109027568],[-86.6213771792965,36.1761955491352],[-86.6215584326538,36.1761391517723],[-86.62168496245,36.1760997849279],[-86.6218261400725,36.1760564463641]]]},"properties":{"id":"272073","parcel":"08609000500","address":"105 SCHOONER CT","owner":"KNIGHT, BERT & CYNTHIA","point":[-86.62164324693596,36.17616790505629]}},{"type":"Feature","id":"272074","geometry":{"type":"Polygon","coordinates":[[[-86.6215012797628,36.1767568496696],[-86.621462752353,36.1767542703561],[-86.6213278362604,36.176371447111],[-86.6213528301012,36.1763589361033],[-86.6213761936771,36.1763445029919],[-86.6217309926077,36.1766951672355],[-86.6217018932869,36.1767150365893],[-86.6216282111073,36.1767653438282],[-86.6215012797628,36.1767568496696]]]},"properties":{"id":"272074","parcel":"08609000600","address":"111 SCHOONER CT","owner":"BARBOSA, MONICA","point":[-86.62147603165005,36.17653313857702]}},{"type":"Feature","id":"272075","geometry":{"type":"Polygon","coordinates":[[[-86.6214059346644,36.1763032400005],[-86.6214110739564,36.1762893567325],[-86.6214133925291,36.1762749832816],[-86.6214128310713,36.1762604948761],[-86.6214094025391,36.1762462681741],[-86.6218114239074,36.1762495919557],[-86.6218054830516,36.1763348065772],[-86.6217990926482,36.1764264909253],[-86.6214059346644,36.1763032400005]]]},"properties":{"id":"272075","parcel":"08609000700","address":"107 SCHOONER CT","owner":"KNIGHT, BERT & CYNTHIA","point":[-86.62172681330077,36.17638041030798]}},{"type":"Feature","id":"272098","geometry":{"type":"Polygon","coordinates":[[[-86.6237477270274,36.1773702178756],[-86.6236844689959,36.1769894107939],[-86.6241518963613,36.1770439875588],[-86.6238623449274,36.1773761876121],[-86.6238404071466,36.1773693369833],[-86.6238174439493,36.1773652530979],[-86.623793984117,36.1773640314594],[-86.6237705658974,36.1773656990279],[-86.6237477270274,36.1773702178756]]]},"properties":{"id":"272098","parcel":"08609001900","address":"3321 DOCKSIDE DR","owner":"LEFORT, LORI ANNE","point":[-86.62386614801324,36.177203674181165]}},{"type":"Feature","id":"272099","geometry":{"type":"Polygon","coordinates":[[[-86.6238623449274,36.1773761876121],[-86.6241518963613,36.1770439875588],[-86.6243751117017,36.177070047529],[-86.6243475491393,36.1773847446502],[-86.6239301549243,36.1774513209284],[-86.6239231091099,36.1774330618511],[-86.6239124752753,36.1774159821359],[-86.6238985405167,36.1774005426422],[-86.6238816793776,36.1773871569123],[-86.6238623449274,36.1773761876121]]]},"properties":{"id":"272099","parcel":"08609002000","address":"3325 DOCKSIDE DR","owner":"RUSSELL, HAYDEN R.","point":[-86.62417886881688,36.17722330665174]}},{"type":"Feature","id":"272100","geometry":{"type":"Polygon","coordinates":[[[-86.6229373862889,36.1778632407897],[-86.6230019964167,36.1774468110729],[-86.6232220225381,36.1774692521673],[-86.6231574124067,36.1778856784001],[-86.6229373862889,36.1778632407897]]]},"properties":{"id":"272100","parcel":"08609002600","address":"3308 DOCKSIDE DR","owner":"GOAD, PATRICK R.","point":[-86.62307970436692,36.17766624656716]}},{"type":"Feature","id":"272101","geometry":{"type":"Polygon","coordinates":[[[-86.6220056732169,36.1777682158653],[-86.6220681761734,36.177365417298],[-86.6222604673075,36.1773850289219],[-86.6222737794756,36.1773867519951],[-86.6222865530519,36.1773902470086],[-86.6222984304278,36.1773954157665],[-86.6223090825426,36.1774021148635],[-86.6223182100094,36.1774101574807],[-86.62232556095,36.1774193196031],[-86.6223309288072,36.1774293445368],[-86.6223341635529,36.1774399545674],[-86.62233517726,36.1774508527341],[-86.6223339386509,36.177461736376],[-86.6222820091411,36.1777963997147],[-86.6220056732169,36.1777682158653]]]},"properties":{"id":"272101","parcel":"08609002900","address":"3240 DOCKSIDE DR","owner":"MILLER, ALISON","point":[-86.62216980617525,36.17761497623676]}},{"type":"Feature","id":"272102","geometry":{"type":"Polygon","coordinates":[[[-86.6204589335298,36.177610453017],[-86.6204798724338,36.1773844087012],[-86.6207090514645,36.1771025370712],[-86.620756677819,36.177127138886],[-86.6208055330981,36.177150103089],[-86.6208555291731,36.1771713904766],[-86.6205743405883,36.1776222259057],[-86.6204589335298,36.177610453017]]]},"properties":{"id":"272102","parcel":"08609003600","address":"3212 DOCKSIDE DR","owner":"MADDOX, SUSANA","point":[-86.6206777954333,36.177277931721804]}},{"type":"Feature","id":"272121","geometry":{"type":"Polygon","coordinates":[[[-86.6200667169081,36.1775704436994],[-86.6199075597884,36.1771483144591],[-86.6199620464293,36.1771337190899],[-86.6200160698352,36.1771180292469],[-86.6200412646028,36.177109409106],[-86.6200659947725,36.177099945067],[-86.6203435231637,36.1775986791338],[-86.6200667169081,36.1775704436994]]]},"properties":{"id":"272121","parcel":"08609003900","address":"209 DOCKSIDE CT","owner":"ROLING, JEFFREY","point":[-86.62009894671195,36.17735973395174]}},{"type":"Feature","id":"272122","geometry":{"type":"Polygon","coordinates":[[[-86.6204309276364,36.1766870927933],[-86.6207726413621,36.1765039924737],[-86.6208019645148,36.1765598817671],[-86.6209382520179,36.1766274554275],[-86.6206462483862,36.176889985169],[-86.6205978554129,36.1768533329542],[-86.6205519963165,36.1768146002129],[-86.6205088042789,36.1767739016241],[-86.6204684080701,36.1767313563955],[-86.6204309276364,36.1766870927933]]]},"properties":{"id":"272122","parcel":"08609004200","address":"3209 DOCKSIDE DR","owner":"PROGESS RESIDENTIAL BORROWER 3. LLC","point":[-86.62064778719532,36.176709852520084]}},{"type":"Feature","id":"272123","geometry":{"type":"Polygon","coordinates":[[[-86.6206462483862,36.176889985169],[-86.6209382520179,36.1766274554275],[-86.6209728816441,36.1766446264653],[-86.6211131847157,36.1767141926766],[-86.6208988100308,36.1770347375628],[-86.6208320774315,36.1770028338581],[-86.6207676108501,36.1769680019995],[-86.6207056056589,36.1769303482355],[-86.6206462483862,36.176889985169]]]},"properties":{"id":"272123","parcel":"08609004300","address":"3213 DOCKSIDE DR","owner":"MILONIS, ALEXANDER","point":[-86.62089926065636,36.17680215103981]}},{"type":"Feature","id":"272124","geometry":{"type":"Polygon","coordinates":[[[-86.6220620203662,36.1772263843449],[-86.622129311778,36.1767927065092],[-86.6222165019141,36.1768085482173],[-86.6222417188421,36.1770168390747],[-86.6223934866375,36.1770118198508],[-86.6223887397657,36.1770955547767],[-86.6223815585997,36.1771791760757],[-86.622379653843,36.177191015781],[-86.6223754114359,36.1772024484548],[-86.6223689435324,36.177213175203],[-86.6223604202035,36.1772229112527],[-86.6223500673406,36.1772314021862],[-86.6223381555331,36.1772384230962],[-86.6223250001527,36.1772437894016],[-86.6223109469243,36.177247359625],[-86.6222963675074,36.1772490390209],[-86.6222816439688,36.1772487841616],[-86.6220620203662,36.1772263843449]]]},"properties":{"id":"272124","parcel":"08609004900","address":"3235 DOCKSIDE DR","owner":"RAD, LUCIAN VASILE & DANIELA","point":[-86.62223974794475,36.177055958804914]}},{"type":"Feature","id":"272845","geometry":{"type":"Polygon","coordinates":[[[-86.6275560410019,36.1765442985693],[-86.6285981252395,36.1763542757322],[-86.6286350672294,36.1775957432477],[-86.6284812055991,36.1776296971172],[-86.6283282833068,36.1776663334459],[-86.6281763713526,36.1777056356452],[-86.6280255396186,36.1777475862313],[-86.6278758590704,36.1777921641101],[-86.6277274006882,36.1778393499902],[-86.6275802309781,36.1778891209987],[-86.6275560410019,36.1765442985693]]]},"properties":{"id":"272845","parcel":"08600022000","address":"3139 BRANDAU RD","owner":"EDWARDS, WILLIAM","point":[-86.62809246973075,36.177070012555994]}},{"type":"Feature","id":"272917","geometry":{"type":"Polygon","coordinates":[[[-86.6200581031113,36.179620162615],[-86.6198859274636,36.179553031848],[-86.6197125191379,36.1794880206073],[-86.6195379171572,36.1794251449096],[-86.6193621616344,36.1793644180632],[-86.6192744961771,36.1793353913683],[-86.6191882024102,36.1793037772804],[-86.6192424833062,36.178965063994],[-86.6193769325148,36.178131474574],[-86.6193881504734,36.1775012248902],[-86.6194914572424,36.1775117612892],[-86.6197856442775,36.1775417735009],[-86.6200667169081,36.1775704436994],[-86.6203435231637,36.1775986791338],[-86.6204589335298,36.177610453017],[-86.6205743405883,36.1776222259057],[-86.6208191416375,36.1776471946029],[-86.6210704678956,36.1776728286066],[-86.6213231037941,36.1776985977454],[-86.6215506253292,36.1777218054236],[-86.621778148109,36.1777450126671],[-86.6220056732169,36.1777682158653],[-86.6222820091411,36.1777963997147],[-86.6224500979662,36.1778135437895],[-86.6227173558349,36.1778408009985],[-86.6229373862889,36.1778632407897],[-86.6231574124067,36.1778856784001],[-86.6233774408864,36.1779081174004],[-86.6235987121876,36.1779306802619],[-86.623948335098,36.1779663361281],[-86.6242935236705,36.1780015353492],[-86.6268290741746,36.1781940983166],[-86.6266958854513,36.1782583310911],[-86.6265641683019,36.178324528026],[-86.6264339659168,36.1783926690743],[-86.6263053236745,36.1784627296713],[-86.6261745459381,36.1785502873704],[-86.626041274688,36.1786353397474],[-86.6259055862613,36.1787178395331],[-86.6257675514662,36.1787977430923],[-86.6256272488791,36.1788750049471],[-86.6254870174722,36.1789484981171],[-86.6253447058919,36.1790193143533],[-86.6251367982372,36.1791230892747],[-86.6245616770068,36.1794101500635],[-86.624465708024,36.1794625390362],[-86.6243674664652,36.179512080002],[-86.6242670796784,36.1795587092091],[-86.624164678376,36.1796023664934],[-86.6240603988435,36.1796429934652],[-86.6239543740752,36.1796805371596],[-86.6238467448904,36.1797149499789],[-86.6237376509975,36.179746184332],[-86.6236272355117,36.179774201623],[-86.623515643779,36.1797989641461],[-86.6234030200773,36.1798204396093],[-86.623289512048,36.1798385993085],[-86.6231752696133,36.1798534217386],[-86.6230604393606,36.1798648854121],[-86.6229451734925,36.1798729760232],[-86.6228296220171,36.179877682883],[-86.6227139360895,36.1798789998036],[-86.6226290847913,36.1798712324488],[-86.6225438482795,36.1798670738445],[-86.6224584600858,36.1798665354031],[-86.622373154761,36.1798696168163],[-86.6222881634721,36.179876311485],[-86.6222037217336,36.1798866001708],[-86.62212005832,36.179900454658],[-86.62203740304,36.1799178368126],[-86.621955983409,36.1799386995004],[-86.6218760190911,36.1799629866155],[-86.621797731883,36.1799906303253],[-86.6217213346251,36.1800215547328],[-86.6216470367678,36.1800556767485],[-86.6215750421128,36.1800929015963],[-86.6215055466249,36.1801331273307],[-86.6214387417741,36.1801762457209],[-86.6213748089356,36.1802221368719],[-86.6211921936269,36.1801285062218],[-86.6210076617813,36.1800373780263],[-86.6208212658468,36.1799487790444],[-86.6206330593678,36.1798627342277],[-86.6204430936576,36.1797792676378],[-86.6202514233565,36.1796984024186],[-86.6200581031113,36.179620162615]]]},"properties":{"id":"272917","parcel":"08600012400","address":"3175 BRANDAU RD","owner":"LAMBERT BROTHERS INC.","point":[-86.62240571005808,36.17890185347832]}},{"type":"Feature","id":"273080","geometry":{"type":"Polygon","coordinates":[[[-86.6210912295375,36.1753434473763],[-86.6212457365807,36.1753235231242],[-86.6214079508988,36.175628137419],[-86.6213365959407,36.1756510172066],[-86.6212658597405,36.1756751266856],[-86.6210912295375,36.1753434473763]]]},"properties":{"id":"273080","parcel":"08613001200","address":"3375 LAKESIDE PL","owner":"HUFFMAN, CHRISTOPHER","point":[-86.62124916165467,36.17548579114751]}},{"type":"Feature","id":"273083","geometry":{"type":"Polygon","coordinates":[[[-86.6219195230497,36.1752357752491],[-86.6223890478127,36.1751743184549],[-86.6224817717431,36.1751617779112],[-86.6224826098139,36.175174519157],[-86.622484630218,36.1752052010237],[-86.6225101504867,36.1752832380837],[-86.6220206374182,36.1754414400582],[-86.6219195230497,36.1752357752491]]]},"properties":{"id":"273083","parcel":"08613001700","address":"3636 PIERSIDE DR","owner":"HOWARD, CONSTANCE Y.","point":[-86.62212335055945,36.17536189108577]}},{"type":"Feature","id":"273457","geometry":{"type":"Polygon","coordinates":[[[-86.6245079660431,36.1760302038205],[-86.6267034330418,36.176014704872],[-86.6267275193764,36.1776913697029],[-86.6269263077878,36.1781496409276],[-86.6268710483522,36.178173849939],[-86.6263628439437,36.1779402246532],[-86.6262290728907,36.1776740450912],[-86.6245079660431,36.1760302038205]]]},"properties":{"id":"273457","parcel":"08600023000","address":"3163 BRANDAU RD","owner":"COPPERLINE RANCH AGRICENTER, LLC","point":[-86.62604201695657,36.17685423317389]}},{"type":"Feature","id":"273534","geometry":{"type":"Polygon","coordinates":[[[-86.6271460032104,36.1778232508889],[-86.6270979650561,36.1744617735003],[-86.6281810584628,36.1745446344202],[-86.6281810712494,36.1745449858438],[-86.6284151510447,36.1745624423822],[-86.6284150953294,36.1745628464354],[-86.6291323208619,36.1746181454215],[-86.6312432692186,36.1747729415871],[-86.6310707203591,36.1759613974839],[-86.6310615369185,36.1759458492473],[-86.6301952280699,36.1760822334511],[-86.6285981252395,36.1763542757322],[-86.6275560410019,36.1765442985693],[-86.6275802309781,36.1778891209987],[-86.627480858573,36.1779270306977],[-86.6273802231602,36.1779626820219],[-86.6272478051583,36.1780139161984],[-86.6271460032104,36.1778232508889]]]},"properties":{"id":"273534","parcel":"08600024200","address":"3145 BRANDAU RD","owner":"BRANDAU ESTATE, LLC","point":[-86.62825982157868,36.17621473272611]}},{"type":"Feature","id":"273585","geometry":{"type":"Polygon","coordinates":[[[-86.627762621649,36.1783298952996],[-86.6278939312371,36.17829323423],[-86.6280266264262,36.1782600185194],[-86.6281605729835,36.1782302813071],[-86.6282956300069,36.1782040557676],[-86.6286123683282,36.1781386068742],[-86.6289300521782,36.1780762462314],[-86.6292486371775,36.1780169803725],[-86.6295680756408,36.177960819453],[-86.629888322085,36.1779077709139],[-86.6302093310344,36.1778578430979],[-86.6303866295567,36.1778264251454],[-86.6309543704422,36.1777231924138],[-86.6311620647673,36.1776792528082],[-86.6312491343701,36.1780611843201],[-86.6302692196813,36.178231126323],[-86.630469688797,36.1788981589261],[-86.6302172031331,36.1788489313027],[-86.627762621649,36.1783298952996]]]},"properties":{"id":"273585","parcel":"08600026700","address":"3108 BRANDAU RD","owner":"TWEDEN, WALLACE D 1991 REVOCABLE TRUST ET AL","point":[-86.62912266857951,36.178280232957206]}},{"type":"Feature","id":"274008","geometry":{"type":"Polygon","coordinates":[[[-86.6212457365807,36.1753235231242],[-86.6217159019024,36.1752626794141],[-86.62174821775,36.1752582779634],[-86.6218282065438,36.1754209770992],[-86.6218322870665,36.1754325777782],[-86.6218338395319,36.1754445745143],[-86.6218328155604,36.1754566097579],[-86.6218292478749,36.1754683201341],[-86.6218232415641,36.1754793563153],[-86.621814978571,36.1754893884052],[-86.621804704411,36.1754981132178],[-86.6217927283129,36.1755052723018],[-86.6217794098517,36.1755106484042],[-86.6214079508988,36.175628137419],[-86.6212457365807,36.1753235231242]]]},"properties":{"id":"274008","parcel":"08613001600","address":"3377 LAKESIDE PL","owner":"LYELL, JEREMY D. & KARA MICHELLE","point":[-86.62156959059774,36.17543774363779]}},{"type":"Feature","id":"274408","geometry":{"type":"Polygon","coordinates":[[[-86.6218264897934,36.1760518508601],[-86.622095621629,36.1759648763725],[-86.6221926929094,36.1761727636091],[-86.6222088285991,36.1762059800489],[-86.6218054830516,36.1763348065772],[-86.6218114239074,36.1762495919557],[-86.6218287893849,36.1760556333023],[-86.6218264897934,36.1760518508601]]]},"properties":{"id":"274408","parcel":"08613002200","address":"3621 PIERSIDE DR","owner":"MARCHANTE, ULISES E.","point":[-86.62199458672266,36.176114147590184]}},{"type":"Feature","id":"274410","geometry":{"type":"Polygon","coordinates":[[[-86.6216386163972,36.1757005201937],[-86.621844721136,36.1756374702096],[-86.6218587996929,36.1756347542978],[-86.6218732331121,36.1756339147743],[-86.6218876447386,36.1756349752094],[-86.6219016575009,36.1756379060019],[-86.6219149028596,36.1756426315427],[-86.6219270352299,36.1756490265354],[-86.6219377353864,36.1756569249914],[-86.6219467249071,36.1756661192542],[-86.6219537662437,36.1756763690116],[-86.622095621629,36.1759648763725],[-86.6218264897934,36.1760518508601],[-86.6216386163972,36.1757005201937]]]},"properties":{"id":"274410","parcel":"08613002300","address":"3625 PIERSIDE DR","owner":"CAMPBELL, CAROLYN JEAN","point":[-86.62186995840025,36.1758327074694]}},{"type":"Feature","id":"274580","geometry":{"type":"Polygon","coordinates":[[[-86.6203534905026,36.1761416370033],[-86.6205467975731,36.1760749688854],[-86.6206799484706,36.1763273272619],[-86.6204866430993,36.1763939928734],[-86.6203534905026,36.1761416370033]]]},"properties":{"id":"274580","parcel":"08609000100","address":"3350 LAKESIDE PL","owner":"TAYLOR, CLYDE O. & NORMA H.","point":[-86.62051671996217,36.17623448224556]}},{"type":"Feature","id":"274583","geometry":{"type":"Polygon","coordinates":[[[-86.6213059033847,36.176743776012],[-86.6212027414153,36.1767368724838],[-86.6212579891607,36.1763784335444],[-86.6212931541301,36.1763765266527],[-86.6213278362604,36.176371447111],[-86.621462752353,36.1767542703561],[-86.6213059033847,36.176743776012]]]},"properties":{"id":"274583","parcel":"08609000300","address":"110 SCHOONER CT","owner":"PARRICK, ARDYTH & KEVIN","point":[-86.62131200343998,36.17655791127297]}},{"type":"Feature","id":"274657","geometry":{"type":"Polygon","coordinates":[[[-86.6223795558043,36.1761825180369],[-86.6227595760912,36.1760611398323],[-86.622838233282,36.1763056242278],[-86.6224678289761,36.1763910461374],[-86.6224253877614,36.1762863101089],[-86.6223795558043,36.1761825180369]]]},"properties":{"id":"274657","parcel":"08609001100","address":"3616 PIERSIDE DR","owner":"LAWRENCE, JANICE S.","point":[-86.62260910694586,36.17623506560842]}},{"type":"Feature","id":"274662","geometry":{"type":"Polygon","coordinates":[[[-86.6225294057632,36.1766126403621],[-86.6228791352817,36.1765651146251],[-86.6228264110195,36.1768892232803],[-86.622563520397,36.1769067073794],[-86.6225590539816,36.1768329139461],[-86.6225518740565,36.1767592615829],[-86.6225419889193,36.1766858151369],[-86.6225294057632,36.1766126403621]]]},"properties":{"id":"274662","parcel":"08609001300","address":"3608 PIERSIDE DR","owner":"YOUNG, DAVID","point":[-86.62270015043515,36.176723021320605]}},{"type":"Feature","id":"274668","geometry":{"type":"Polygon","coordinates":[[[-86.6230156064231,36.1773371012527],[-86.6230822554418,36.1769190972269],[-86.6233015513018,36.1769447044488],[-86.6232371079712,36.1773600394071],[-86.6230156064231,36.1773371012527]]]},"properties":{"id":"274668","parcel":"08609001600","address":"3309 DOCKSIDE DR","owner":"PROGRESS INC","point":[-86.62315899994424,36.177140904265734]}},{"type":"Feature","id":"274673","geometry":{"type":"Polygon","coordinates":[[[-86.6232371079712,36.1773600394071],[-86.6233015513018,36.1769447044488],[-86.6235225529906,36.1769705070467],[-86.6234586158138,36.1773826301396],[-86.6232371079712,36.1773600394071]]]},"properties":{"id":"274673","parcel":"08609001700","address":"3313 DOCKSIDE DR","owner":"BENNETT, JOSEPH A","point":[-86.62337983240784,36.17716527332216]}},{"type":"Feature","id":"274679","geometry":{"type":"Polygon","coordinates":[[[-86.6233774408864,36.1779081174004],[-86.6234420509645,36.1774916874417],[-86.6235984732823,36.1775076410292],[-86.623620551774,36.1775106110683],[-86.6236418023577,36.1775163026671],[-86.6236617170806,36.1775245832618],[-86.6235987121876,36.1779306802619],[-86.6233774408864,36.1779081174004]]]},"properties":{"id":"274679","parcel":"08609002400","address":"3316 DOCKSIDE DR","owner":"LYELL, KARA MICHELLE & JEREMY","point":[-86.62351957953705,36.17771635042124]}},{"type":"Feature","id":"274685","geometry":{"type":"Polygon","coordinates":[[[-86.6210704678956,36.1776728286066],[-86.6211866733009,36.1772689935371],[-86.6212621016434,36.1772808876739],[-86.6213379379852,36.1772909365956],[-86.6213856101608,36.1772957995238],[-86.6213231037941,36.1776985977454],[-86.6210704678956,36.1776728286066]]]},"properties":{"id":"274685","parcel":"08609003300","address":"3224 DOCKSIDE DR","owner":"TURNER, MARGARET G.","point":[-86.6212405507303,36.17748435375649]}},{"type":"Feature","id":"274691","geometry":{"type":"Polygon","coordinates":[[[-86.6208191416375,36.1776471946029],[-86.6210107715178,36.1772262030136],[-86.6210685561767,36.1772426979224],[-86.621127232802,36.177256972026],[-86.6211866733009,36.1772689935371],[-86.6210704678956,36.1776728286066],[-86.6208191416375,36.1776471946029]]]},"properties":{"id":"274691","parcel":"08609003400","address":"3220 DOCKSIDE DR","owner":"ELLIS, CARL E. ET UX","point":[-86.62101874984229,36.17745814436571]}},{"type":"Feature","id":"274695","geometry":{"type":"Polygon","coordinates":[[[-86.6205743405883,36.1776222259057],[-86.6208555291731,36.1771713904766],[-86.6209061941015,36.1771916343539],[-86.6209579798287,36.1772099194232],[-86.6210107715178,36.1772262030136],[-86.6208191416375,36.1776471946029],[-86.6205743405883,36.1776222259057]]]},"properties":{"id":"274695","parcel":"08609003500","address":"3216 DOCKSIDE DR","owner":"SANTIAGO, ANGELICA","point":[-86.62080924181679,36.177424267512855]}},{"type":"Feature","id":"274712","geometry":{"type":"Polygon","coordinates":[[[-86.6210912295375,36.1753434473763],[-86.6212658597405,36.1756751266856],[-86.6211288859177,36.1757226302056],[-86.620939229776,36.1753631710712],[-86.6210912295375,36.1753434473763]]]},"properties":{"id":"274712","parcel":"08613000400","address":"3373 LAKESIDE PL","owner":"LYELL, KARA MICHELLE & JEREMY","point":[-86.62110263132405,36.175519149264865]}},{"type":"Feature","id":"274716","geometry":{"type":"Polygon","coordinates":[[[-86.6213729093166,36.1757879897573],[-86.6214975524661,36.175744823205],[-86.62168496245,36.1760997849279],[-86.6215584326538,36.1761391517723],[-86.621495731939,36.1760204727565],[-86.6213729093166,36.1757879897573]]]},"properties":{"id":"274716","parcel":"08613001400","address":"3360 LAKESIDE PL","owner":"TAYLOR-WOLF, BETTY JO & WOLF, JAMES","point":[-86.62150814113146,36.175904464671106]}},{"type":"Feature","id":"274719","geometry":{"type":"Polygon","coordinates":[[[-86.6220206374182,36.1754414400582],[-86.6225101504867,36.1752832380837],[-86.6225678768003,36.175459756047],[-86.6221034374888,36.175609854708],[-86.6220206374182,36.1754414400582]]]},"properties":{"id":"274719","parcel":"08613001800","address":"3632 PIERSIDE DR","owner":"HIRSCHY, ROSE","point":[-86.62229494159335,36.17545060052461]}},{"type":"Feature","id":"274722","geometry":{"type":"Polygon","coordinates":[[[-86.6221034374888,36.175609854708],[-86.6225678768003,36.175459756047],[-86.6226288995288,36.1756463564503],[-86.6221909666134,36.1757878892623],[-86.6221034374888,36.175609854708]]]},"properties":{"id":"274722","parcel":"08613001900","address":"3628 PIERSIDE DR","owner":"VELAVAN, KURINJI FAMILY TRUST","point":[-86.62236760620257,36.17562811040208]}},{"type":"Feature","id":"274759","geometry":{"type":"Polygon","coordinates":[[[-86.6209382520179,36.1766274554275],[-86.6208019645148,36.1765598817671],[-86.6207726413621,36.1765039924737],[-86.6206799484706,36.1763273272619],[-86.6208824311039,36.1762571028414],[-86.6210854754369,36.1761866814179],[-86.6211522119498,36.176313162774],[-86.6211630779885,36.1763291852667],[-86.62117680022,36.1763436969756],[-86.6211930636709,36.1763563651545],[-86.6209728816441,36.1766446264653],[-86.6209382520179,36.1766274554275]]]},"properties":{"id":"274759","parcel":"08609000200","address":"104 SCHOONER CT","owner":"STEVENS, SPENCER G & HAYLEIGH S","point":[-86.62093490511222,36.176430027198734]}},{"type":"Feature","id":"274764","geometry":{"type":"Polygon","coordinates":[[[-86.6198509330568,36.1763157970866],[-86.6199101937248,36.1762952415483],[-86.6199118932559,36.1762946524115],[-86.6199234839701,36.1762906318671],[-86.6199375217892,36.1762876586309],[-86.6199519630774,36.1762865281918],[-86.6199664434316,36.1762872676565],[-86.6199805958738,36.1762898590821],[-86.6199940619451,36.1762942367156],[-86.620006502843,36.1763002896406],[-86.6200176016727,36.1763078653701],[-86.6200270801347,36.1763167715639],[-86.6200346963578,36.1763267832497],[-86.6201590058067,36.1765644286247],[-86.6200094969926,36.1766163167717],[-86.6198509330568,36.1763157970866]]]},"properties":{"id":"274764","parcel":"08609000900","address":"3346 LAKESIDE PL","owner":"STATON, JASMEANE K","point":[-86.62000798881178,36.17644532394446]}},{"type":"Feature","id":"274828","geometry":{"type":"Polygon","coordinates":[[[-86.6211131847157,36.1767141926766],[-86.6209728816441,36.1766446264653],[-86.6211930636709,36.1763563651545],[-86.6212131459509,36.1763665235083],[-86.6212349754095,36.1763739438638],[-86.6212579891607,36.1763784335444],[-86.6212027414153,36.1767368724838],[-86.6211520930353,36.1767334830312],[-86.6211131847157,36.1767141926766]]]},"properties":{"id":"274828","parcel":"08609001000","address":"108 SCHOONER CT","owner":"KERPER, TAMI","point":[-86.62115602910097,36.17651165855119]}},{"type":"Feature","id":"274831","geometry":{"type":"Polygon","coordinates":[[[-86.6227991802685,36.1773153712273],[-86.6228646087089,36.1768936847817],[-86.6230822554418,36.1769190972269],[-86.6230156064231,36.1773371012527],[-86.6227991802685,36.1773153712273]]]},"properties":{"id":"274831","parcel":"08609001500","address":"3305 DOCKSIDE DR","owner":"PRIME INVESTMENT PROPERTIES LLC","point":[-86.62294029270983,36.177117232976045]}},{"type":"Feature","id":"274834","geometry":{"type":"Polygon","coordinates":[[[-86.6234586158138,36.1773826301396],[-86.6235225529906,36.1769705070467],[-86.6236844689959,36.1769894107939],[-86.6237477270274,36.1773702178756],[-86.6237306463206,36.1773766942357],[-86.6237094410071,36.1773859497478],[-86.6236869211399,36.1773928687827],[-86.6236634748542,36.1773973312699],[-86.6236395095155,36.1773992593987],[-86.6236154395135,36.1773986203854],[-86.6234586158138,36.1773826301396]]]},"properties":{"id":"274834","parcel":"08609001800","address":"3317 DOCKSIDE DR","owner":"ROTROFF, LORAINE","point":[-86.62360314453134,36.17717945927752]}},{"type":"Feature","id":"274839","geometry":{"type":"Polygon","coordinates":[[[-86.6239024894779,36.1775416814365],[-86.6239146626411,36.1775288909838],[-86.6239240697188,36.1775146493846],[-86.6239304525248,36.177499344613],[-86.6239336376108,36.1774833966498],[-86.6239335383688,36.1774672421508],[-86.6239301549243,36.1774513209284],[-86.6243475491393,36.1773847446502],[-86.6243103437474,36.1778094826749],[-86.6239024894779,36.1775416814365]]]},"properties":{"id":"274839","parcel":"08609002100","address":"3328 DOCKSIDE DR","owner":"SPANGLER, BETTIE J., TRUSTEE","point":[-86.62421421496704,36.17767592064023]}},{"type":"Feature","id":"274841","geometry":{"type":"Polygon","coordinates":[[[-86.623948335098,36.1779663361281],[-86.623799821114,36.1775824540068],[-86.6238169087222,36.1775823648021],[-86.6238337877818,36.1775802109943],[-86.6238500840417,36.1775760404818],[-86.6238654291631,36.177569946195],[-86.6238794829448,36.1775620650812],[-86.6238919288348,36.1775525727191],[-86.6239024894779,36.1775416814365],[-86.6243103437474,36.1778094826749],[-86.6242935236705,36.1780015353492],[-86.623948335098,36.1779663361281]]]},"properties":{"id":"274841","parcel":"08609002200","address":"3324 DOCKSIDE DR","owner":"WALROND, JAMIE J.","point":[-86.62399066984894,36.17769576632928]}},{"type":"Feature","id":"274845","geometry":{"type":"Polygon","coordinates":[[[-86.6213231037941,36.1776985977454],[-86.6213856101608,36.1772957995238],[-86.6216131305521,36.1773190061856],[-86.6215506253292,36.1777218054236],[-86.6213231037941,36.1776985977454]]]},"properties":{"id":"274845","parcel":"08609003200","address":"3228 DOCKSIDE DR","owner":"KISNER, RYAN","point":[-86.62146811755676,36.177508802058505]}},{"type":"Feature","id":"274848","geometry":{"type":"Polygon","coordinates":[[[-86.6202155866427,36.1770356740813],[-86.6202639848002,36.1770104290746],[-86.6203111798584,36.1769837274922],[-86.6203571043042,36.1769556075356],[-86.6203722824823,36.1769477634105],[-86.6203889089564,36.1769421721898],[-86.6204064792544,36.1769390031978],[-86.6204244616553,36.1769383528977],[-86.6204423105004,36.1769402412178],[-86.6204594850823,36.1769446105532],[-86.6204754652296,36.1769513283896],[-86.6204897646724,36.1769601908393],[-86.6205019522273,36.1769709306441],[-86.6205504868157,36.17700706665],[-86.620601273918,36.1770411064511],[-86.6206541771989,36.1770729588175],[-86.6207090514645,36.1771025370712],[-86.6204798724338,36.1773844087012],[-86.6202155866427,36.1770356740813]]]},"properties":{"id":"274848","parcel":"08609003700","address":"3208 DOCKSIDE DR","owner":"KING, JANSEN BROUSSARD & GIA BROUSSARD","point":[-86.62048349702064,36.17724312123726]}},{"type":"Feature","id":"274903","geometry":{"type":"Polygon","coordinates":[[[-86.6208988100308,36.1770347375628],[-86.6211131847157,36.1767141926766],[-86.6211520930353,36.1767334830312],[-86.6212027414153,36.1767368724838],[-86.6213059033847,36.176743776012],[-86.6211770858426,36.1771253601676],[-86.6211052835725,36.177107466587],[-86.6210348245669,36.1770863530761],[-86.6209659283333,36.1770620842996],[-86.6208988100308,36.1770347375628]]]},"properties":{"id":"274903","parcel":"08609004400","address":"3217 DOCKSIDE DR","owner":"BROWN, STEPHEN ANDRE JR & ANGELA DAWN","point":[-86.62112647796997,36.17688933329994]}},{"type":"Feature","id":"274906","geometry":{"type":"Polygon","coordinates":[[[-86.621654354011,36.1771848123068],[-86.6217265545607,36.1767195194982],[-86.6219243980143,36.1767554689619],[-86.6218546080658,36.1772052280439],[-86.621654354011,36.1771848123068]]]},"properties":{"id":"274906","parcel":"08609004700","address":"3229 DOCKSIDE DR","owner":"PARDUE, DORRIS N.","point":[-86.62178937616041,36.17697014071581]}},{"type":"Feature","id":"274909","geometry":{"type":"Polygon","coordinates":[[[-86.6218546080658,36.1772052280439],[-86.6219243980143,36.1767554689619],[-86.622129311778,36.1767927065092],[-86.6220620203662,36.1772263843449],[-86.6218546080658,36.1772052280439]]]},"properties":{"id":"274909","parcel":"08609004800","address":"3233 DOCKSIDE DR","owner":"FONSECA, CARLOS FONSECA & ANGULO, GRICELDA","point":[-86.6219919607723,36.176998967362564]}},{"type":"Feature","id":"274912","geometry":{"type":"Polygon","coordinates":[[[-86.6222165019141,36.1768085482173],[-86.6223906693923,36.1768393078535],[-86.6223936958916,36.1768967806623],[-86.6223946351115,36.1769543020849],[-86.6223934866375,36.1770118198508],[-86.6222417188421,36.1770168390747],[-86.6222165019141,36.1768085482173]]]},"properties":{"id":"274912","parcel":"08609005000","address":"3605 PIERSIDE DR","owner":"CEMETERY","point":[-86.62231238440796,36.1769252834068]}},{"type":"Feature","id":"274915","geometry":{"type":"Polygon","coordinates":[[[-86.6217990926482,36.1764264909253],[-86.6218054830516,36.1763348065772],[-86.6222088285991,36.1762059800489],[-86.6222533940882,36.1763043720773],[-86.6222957725021,36.1764033963275],[-86.6217921804351,36.1765256376545],[-86.6217990926482,36.1764264909253]]]},"properties":{"id":"274915","parcel":"08609005300","address":"3617 PIERSIDE DR","owner":"FESMIRE INVESTMENT HOLDINGS","point":[-86.62204227729958,36.17636907534151]}},{"type":"Feature","id":"275121","geometry":{"type":"Polygon","coordinates":[[[-86.6211445543778,36.1760187140593],[-86.6211102812388,36.1759537539329],[-86.6211055881875,36.1759435605402],[-86.6211030134398,36.1759328821871],[-86.6211026237171,36.1759220060312],[-86.6211044313156,36.1759112249174],[-86.621108387359,36.175900827499],[-86.6211143850983,36.1758910937145],[-86.6211222642877,36.1758822857526],[-86.6211318122328,36.175874639935],[-86.6211427726407,36.175868361264],[-86.6211548500314,36.1758636188935],[-86.6212634492431,36.1758249873485],[-86.6213729093166,36.1757879897573],[-86.621495731939,36.1760204727565],[-86.6211445543778,36.1760187140593]]]},"properties":{"id":"275121","parcel":"08613000200","address":"101 SCHOONER CT","owner":"JOYCE, DENISE","point":[-86.62127111433456,36.175906547343054]}},{"type":"Feature","id":"275124","geometry":{"type":"Polygon","coordinates":[[[-86.6206977434519,36.1753944158705],[-86.620939229776,36.1753631710712],[-86.6211288859177,36.1757226302056],[-86.6209108288097,36.1757982597921],[-86.6206977434519,36.1753944158705]]]},"properties":{"id":"275124","parcel":"08613000500","address":"3369 LAKESIDE PL","owner":"RH PARTNERS OWNERCO 2, LLC","point":[-86.62091331674719,36.17555852323965]}},{"type":"Feature","id":"275127","geometry":{"type":"Polygon","coordinates":[[[-86.619959499748,36.1754899215348],[-86.620200839018,36.1754587051082],[-86.620460880728,36.1759512859452],[-86.6202428212363,36.1760269134248],[-86.619959499748,36.1754899215348]]]},"properties":{"id":"275127","parcel":"08613000800","address":"3357 LAKESIDE PL","owner":"BOYD, BARRY T. & NANCY W.","point":[-86.62021015430311,36.17572060389085]}},{"type":"Feature","id":"275131","geometry":{"type":"Polygon","coordinates":[[[-86.6203215257653,36.1754430907673],[-86.6204562758063,36.1754256564844],[-86.6206927712649,36.1758738862795],[-86.6205715010559,36.1759129032979],[-86.6204469162662,36.1757094479698],[-86.6203215257653,36.1754430907673]]]},"properties":{"id":"275131","parcel":"08613001300","address":"3363 LAKESIDE PL","owner":"POOLE, CARLA M.","point":[-86.62046010839131,36.175576509982655]}},{"type":"Feature","id":"275134","geometry":{"type":"Polygon","coordinates":[[[-86.6212939543043,36.1761395588894],[-86.6212695353983,36.1761353378118],[-86.6212459970941,36.1761285850753],[-86.6212237393636,36.1761194148839],[-86.6212031346986,36.1761079812387],[-86.6211845336763,36.1760944788103],[-86.6211445543778,36.1760187140593],[-86.621495731939,36.1760204727565],[-86.6215584326538,36.1761391517723],[-86.6213771792965,36.1761955491352],[-86.6213683430506,36.176182220882],[-86.6213570899599,36.1761701497035],[-86.6213436868197,36.1761596199237],[-86.6213284501783,36.1761508813632],[-86.6213117407216,36.1761441421574],[-86.6212939543043,36.1761395588894]]]},"properties":{"id":"275134","parcel":"08613001500","address":"103 SCHOONER CT","owner":"REI PROPERTIES, LLC","point":[-86.62136640430327,36.1761017759148]}},{"type":"Feature","id":"275138","geometry":{"type":"Polygon","coordinates":[[[-86.6221909666134,36.1757878892623],[-86.6226288995288,36.1756463564503],[-86.6226938587829,36.1758449926125],[-86.6222841432188,36.1759774063781],[-86.6221909666134,36.1757878892623]]]},"properties":{"id":"275138","parcel":"08613002000","address":"3624 PIERSIDE DR","owner":"MARCHANTE, EDWIN & ULISES","point":[-86.62244470349805,36.17581644842546]}},{"type":"Feature","id":"275140","geometry":{"type":"Polygon","coordinates":[[[-86.6222841432188,36.1759774063781],[-86.6226938587829,36.1758449926125],[-86.6227595760912,36.1760611398323],[-86.6223795558043,36.1761825180369],[-86.622370513431,36.1761639068543],[-86.6222841432188,36.1759774063781]]]},"properties":{"id":"275140","parcel":"08613002100","address":"3620 PIERSIDE DR","owner":"MCGU INVESTMENTS LLC","point":[-86.62252513781958,36.17601928367675]}},{"type":"Feature","id":"275468","geometry":{"type":"Polygon","coordinates":[[[-86.6198510124695,36.1766713168945],[-86.6198631010169,36.1766671234628],[-86.6200094969926,36.1766163167717],[-86.6201590058067,36.1765644286247],[-86.6201628739725,36.1765717819263],[-86.6201888389301,36.1766186291942],[-86.6202173286128,36.176664501844],[-86.6202482878512,36.176709310032],[-86.6202816548343,36.1767529675533],[-86.6202909150644,36.1767645200331],[-86.620297830025,36.1767771047854],[-86.6203022272247,36.1767904135662],[-86.6203040006981,36.1768041161593],[-86.6203031055612,36.1768178748246],[-86.6202995624999,36.1768313496822],[-86.6202934611826,36.176844208609],[-86.6202849503125,36.1768561344998],[-86.6202742410115,36.1768668315584],[-86.6202615980265,36.176876037961],[-86.6202099176797,36.1769084458892],[-86.6201557251797,36.1769380349552],[-86.6200992540765,36.1769646759777],[-86.620040749171,36.1769882568415],[-86.6198510124695,36.1766713168945]]]},"properties":{"id":"275468","parcel":"08609004000","address":"200 DOCKSIDE CT","owner":"SCHEFFE, LAUREN R.","point":[-86.62010210877504,36.17677020248062]}},{"type":"Feature","id":"275471","geometry":{"type":"Polygon","coordinates":[[[-86.6202893473832,36.1764620341663],[-86.6204866430993,36.1763939928734],[-86.6206799484706,36.1763273272619],[-86.6207726413621,36.1765039924737],[-86.6204309276364,36.1766870927933],[-86.620388903126,36.1766296401217],[-86.6203501496679,36.1765706943675],[-86.6203147493684,36.1765103785839],[-86.6202893473832,36.1764620341663]]]},"properties":{"id":"275471","parcel":"08609004100","address":"3205 DOCKSIDE DR","owner":"JONES, JESSE & BRITTANI","point":[-86.6205390289783,36.17650717095772]}},{"type":"Feature","id":"275474","geometry":{"type":"Polygon","coordinates":[[[-86.6222165019141,36.1768085482173],[-86.622129311778,36.1767927065092],[-86.6219243980143,36.1767554689619],[-86.6217265545607,36.1767195194982],[-86.6217018932869,36.1767150365893],[-86.6217309926077,36.1766951672355],[-86.6217503040676,36.1766819824343],[-86.6223516149096,36.1765874234056],[-86.6223683535428,36.1766709871819],[-86.6223813771849,36.1767549855873],[-86.6223906693923,36.1768393078535],[-86.6222165019141,36.1768085482173]]]},"properties":{"id":"275474","parcel":"08609005100","address":"3609 PIERSIDE DR","owner":"TABOR, STEVE CLARK","point":[-86.62204520383574,36.176706140237826]}},{"type":"Feature","id":"275476","geometry":{"type":"Polygon","coordinates":[[[-86.6217921804351,36.1765256376545],[-86.6222957725021,36.1764033963275],[-86.6223175962857,36.1764640789472],[-86.6223362218249,36.176525457598],[-86.6223516149096,36.1765874234056],[-86.6217503040676,36.1766819824343],[-86.6217828277986,36.1766597764979],[-86.6217921804351,36.1765256376545]]]},"properties":{"id":"275476","parcel":"08609005200","address":"3613 PIERSIDE DR","owner":"COLEGROVE, JOSHUA W. & STELLGES, TANYA M.","point":[-86.62206712135831,36.17655651577913]}},{"type":"Feature","id":"275609","geometry":{"type":"Polygon","coordinates":[[[-86.6216386163972,36.1757005201937],[-86.6218264897934,36.1760518508601],[-86.6218287893849,36.1760556333023],[-86.6218261400725,36.1760564463641],[-86.62168496245,36.1760997849279],[-86.6214975524661,36.175744823205],[-86.621567592285,36.1757216436679],[-86.6216386163972,36.1757005201937]]]},"properties":{"id":"275609","parcel":"08613000100","address":"3362 LAKESIDE PL","owner":"GAITHER, WILLIAM R.","point":[-86.6216615008831,36.17589833550256]}},{"type":"Feature","id":"275660","geometry":{"type":"Polygon","coordinates":[[[-86.6207492785616,36.1760047437879],[-86.6208744451756,36.1759613345578],[-86.6208870229124,36.1759575972451],[-86.6209001831149,36.1759555612103],[-86.6209135738278,36.1759552814379],[-86.6209268449454,36.175956765136],[-86.6209396437719,36.1759599726612],[-86.6209516328213,36.1759648192293],[-86.6209624931652,36.1759711767001],[-86.6209719400313,36.1759788780041],[-86.620979723914,36.1759877171363],[-86.6209856362457,36.1759974635469],[-86.6210725228691,36.1761621338572],[-86.6210854754369,36.1761866814179],[-86.6208824311039,36.1762571028414],[-86.6207492785616,36.1760047437879]]]},"properties":{"id":"275660","parcel":"08613000300","address":"3354 LAKESIDE PL","owner":"OATTS, KELLEY","point":[-86.62091090032986,36.176083438930476]}},{"type":"Feature","id":"275663","geometry":{"type":"Polygon","coordinates":[[[-86.6204562758063,36.1754256564844],[-86.6206977434519,36.1753944158705],[-86.6209108288097,36.1757982597921],[-86.6206927712649,36.1758738862795],[-86.6204562758063,36.1754256564844]]]},"properties":{"id":"275663","parcel":"08613000600","address":"3365 LAKESIDE PL","owner":"BAF ASSETS 3, LLC","point":[-86.62068355002539,36.17561195834815]}},{"type":"Feature","id":"275665","geometry":{"type":"Polygon","coordinates":[[[-86.620200839018,36.1754587051082],[-86.6203215257653,36.1754430907673],[-86.6204469162662,36.1757094479698],[-86.6205715010559,36.1759129032979],[-86.620460880728,36.1759512859452],[-86.620200839018,36.1754587051082]]]},"properties":{"id":"275665","parcel":"08613000700","address":"3361 LAKESIDE PL","owner":"CURLIN, JANET TAYLOR","point":[-86.62032746050244,36.17558408796513]}},{"type":"Feature","id":"275668","geometry":{"type":"Polygon","coordinates":[[[-86.6205467975731,36.1760749688854],[-86.6207492785616,36.1760047437879],[-86.6208824311039,36.1762571028414],[-86.6206799484706,36.1763273272619],[-86.6205467975731,36.1760749688854]]]},"properties":{"id":"275668","parcel":"08613001000","address":"3352 LAKESIDE PL","owner":"DELOATCH, JOAN MAY","point":[-86.62071461402898,36.17616603598019]}},{"type":"Feature","id":"275671","geometry":{"type":"Polygon","coordinates":[[[-86.6198386785403,36.1755055596358],[-86.619959499748,36.1754899215348],[-86.6202428212363,36.1760269134248],[-86.6201337779181,36.1760647171714],[-86.6198386785403,36.1755055596358]]]},"properties":{"id":"275671","parcel":"08613001100","address":"3355 LAKESIDE PL","owner":"GARCIA, GUILLERMO A. CORRAL","point":[-86.62004076881266,36.175766236764694]}},{"type":"Feature","id":"275768","geometry":{"type":"Polygon","coordinates":[[[-86.6213761936771,36.1763445029919],[-86.6213863132182,36.1763356032696],[-86.6213947534773,36.1763256189674],[-86.6214013393214,36.1763147564736],[-86.6214059346644,36.1763032400005],[-86.6217990926482,36.1764264909253],[-86.6217921804351,36.1765256376545],[-86.6217828277986,36.1766597764979],[-86.6217503040676,36.1766819824343],[-86.6217309926077,36.1766951672355],[-86.6213761936771,36.1763445029919]]]},"properties":{"id":"275768","parcel":"08609000400","address":"109 SCHOONER CT","owner":"RURUP, DARREN L. & MARILYN R.","point":[-86.62165201189744,36.17647561049368]}},{"type":"Feature","id":"275770","geometry":{"type":"Polygon","coordinates":[[[-86.6202351158878,36.1761826918581],[-86.6203534905026,36.1761416370033],[-86.6204866430993,36.1763939928734],[-86.6202893473832,36.1764620341663],[-86.6201901309487,36.1762723636338],[-86.6201856137052,36.1762621792174],[-86.6201831883055,36.1762515361291],[-86.6201829203143,36.1762407161255],[-86.6201848152841,36.1762300030736],[-86.6201888242862,36.1762196793179],[-86.62019484163,36.1762100184817],[-86.6202027070026,36.1762012746413],[-86.6202122143264,36.1761936777743],[-86.6202231128277,36.1761874283463],[-86.6202351158878,36.1761826918581]]]},"properties":{"id":"275770","parcel":"08609000800","address":"3348 LAKESIDE PL","owner":"MARTIN, JENNIFER E.","point":[-86.6203382495505,36.17633317790944]}},{"type":"Feature","id":"275800","geometry":{"type":"Polygon","coordinates":[[[-86.6224678289761,36.1763910461374],[-86.622838233282,36.1763056242278],[-86.6228934344654,36.1764772044234],[-86.6228791352817,36.1765651146251],[-86.6225294057632,36.1766126403621],[-86.6225118707066,36.1765382437834],[-86.6224913382266,36.1764643520401],[-86.6224678289761,36.1763910461374]]]},"properties":{"id":"275800","parcel":"08609001200","address":"3612 PIERSIDE DR","owner":"COLEMAN, EVELYN & HODGE, KATHERINE","point":[-86.62267874747066,36.176428326944404]}},{"type":"Feature","id":"275802","geometry":{"type":"Polygon","coordinates":[[[-86.622563520397,36.1769067073794],[-86.6228264110195,36.1768892232803],[-86.6228646087089,36.1768936847817],[-86.6227991802685,36.1773153712273],[-86.6226157305013,36.1772966611781],[-86.6225994676485,36.1772923397194],[-86.62258435486,36.1772858303864],[-86.6225708338515,36.1772773246716],[-86.6225593034384,36.1772670719691],[-86.6225501017075,36.1772553742589],[-86.6225434981366,36.1772425735304],[-86.622539688002,36.1772290473044],[-86.6225387822386,36.1772151915615],[-86.6225408085034,36.1772014144281],[-86.6225518185645,36.1771280648137],[-86.6225592812687,36.1770544216573],[-86.6225631841706,36.1769805976807],[-86.622563520397,36.1769067073794]]]},"properties":{"id":"275802","parcel":"08609001400","address":"3600 PIERSIDE DR","owner":"GROVES, ADDISON J. & AMBER L.","point":[-86.62269468483832,36.17709168180195]}},{"type":"Feature","id":"275804","geometry":{"type":"Polygon","coordinates":[[[-86.6235987121876,36.1779306802619],[-86.6236617170806,36.1775245832618],[-86.6236781815887,36.1775312107509],[-86.6236937480904,36.177539137081],[-86.6237072528553,36.1775516362188],[-86.6237229632341,36.1775623088296],[-86.6237405048405,36.1775709026926],[-86.623759464764,36.1775772144545],[-86.6237793938425,36.1775810959258],[-86.623799821114,36.1775824540068],[-86.623948335098,36.1779663361281],[-86.6235987121876,36.1779306802619]]]},"properties":{"id":"275804","parcel":"08609002300","address":"3320 DOCKSIDE DR","owner":"RS RENTAL III-A, LLC","point":[-86.62374657323441,36.17775671586178]}},{"type":"Feature","id":"275806","geometry":{"type":"Polygon","coordinates":[[[-86.6231574124067,36.1778856784001],[-86.6232220225381,36.1774692521673],[-86.6234420509645,36.1774916874417],[-86.6233774408864,36.1779081174004],[-86.6231574124067,36.1778856784001]]]},"properties":{"id":"275806","parcel":"08609002500","address":"3312 DOCKSIDE DR","owner":"JACKSON, CIDQUITA","point":[-86.62329973191743,36.177688683010444]}},{"type":"Feature","id":"275808","geometry":{"type":"Polygon","coordinates":[[[-86.6227173558349,36.1778408009985],[-86.6227819715457,36.177424371374],[-86.6230019964167,36.1774468110729],[-86.6229373862889,36.1778632407897],[-86.6227173558349,36.1778408009985]]]},"properties":{"id":"275808","parcel":"08609002700","address":"3304 DOCKSIDE DR","owner":"PASCUAL, SALVADOR CRUZ","point":[-86.62285967753373,36.17764380612895]}},{"type":"Feature","id":"275810","geometry":{"type":"Polygon","coordinates":[[[-86.6224500979662,36.1778135437895],[-86.6225041387189,36.1774652533163],[-86.6225067056765,36.1774546467179],[-86.6225113150427,36.1774445045486],[-86.6225178509947,36.1774350833622],[-86.622526146435,36.1774266219517],[-86.6225359929387,36.1774193340879],[-86.6225471407329,36.1774134058159],[-86.6225593075043,36.1774089845951],[-86.6225721851116,36.1774061846711],[-86.6225854461765,36.177405077129],[-86.6225987574027,36.1774056871204],[-86.6227819715457,36.177424371374],[-86.6227173558349,36.1778408009985],[-86.6224500979662,36.1778135437895]]]},"properties":{"id":"275810","parcel":"08609002800","address":"3300 DOCKSIDE DR","owner":"COMELLA, ANGELO & TALIA","point":[-86.62261279620381,36.17763982632134]}},{"type":"Feature","id":"275812","geometry":{"type":"Polygon","coordinates":[[[-86.621778148109,36.1777450126671],[-86.6218406532927,36.1773422115057],[-86.6220681761734,36.177365417298],[-86.6220056732169,36.1777682158653],[-86.621778148109,36.1777450126671]]]},"properties":{"id":"275812","parcel":"08609003000","address":"3236 DOCKSIDE DR","owner":"BOHANAN, AHREN L & DAVID L","point":[-86.62192316264827,36.17755521507596]}},{"type":"Feature","id":"275814","geometry":{"type":"Polygon","coordinates":[[[-86.6215506253292,36.1777218054236],[-86.6216131305521,36.1773190061856],[-86.6218406532927,36.1773422115057],[-86.621778148109,36.1777450126671],[-86.6215506253292,36.1777218054236]]]},"properties":{"id":"275814","parcel":"08609003100","address":"3232 DOCKSIDE DR","owner":"DISHMON, LOGAN WAYNE","point":[-86.62169563946719,36.17753200855694]}},{"type":"Feature","id":"275816","geometry":{"type":"Polygon","coordinates":[[[-86.6203435231637,36.1775986791338],[-86.6200659947725,36.177099945067],[-86.6201173131523,36.1770807965348],[-86.6201672284427,36.1770593506781],[-86.6202155866427,36.1770356740813],[-86.6204798724338,36.1773844087012],[-86.6204589335298,36.177610453017],[-86.6203435231637,36.1775986791338]]]},"properties":{"id":"275816","parcel":"08609003800","address":"205 DOCKSIDE CT","owner":"CORDERO, MINNIE","point":[-86.62025861872606,36.177242131659575]}},{"type":"Feature","id":"276557","geometry":{"type":"Polygon","coordinates":[[[-86.6211770858426,36.1771253601676],[-86.6213059033847,36.176743776012],[-86.621462752353,36.1767542703561],[-86.6215012797628,36.1767568496696],[-86.621438292946,36.1771627553149],[-86.6213591595084,36.177154685462],[-86.6212978530257,36.1771475431251],[-86.6212371050302,36.1771377581046],[-86.6211770858426,36.1771253601676]]]},"properties":{"id":"276557","parcel":"08609004500","address":"3221 DOCKSIDE DR","owner":"SWANSON, TIA","point":[-86.62135600845578,36.176941158247715]}},{"type":"Feature","id":"276558","geometry":{"type":"Polygon","coordinates":[[[-86.621438292946,36.1771627553149],[-86.6215012797628,36.1767568496696],[-86.6216282111073,36.1767653438282],[-86.6217018932869,36.1767150365893],[-86.6217265545607,36.1767195194982],[-86.621654354011,36.1771848123068],[-86.621438292946,36.1771627553149]]]},"properties":{"id":"276558","parcel":"08609004600","address":"3225 DOCKSIDE DR","owner":"CAVALLO, JOSEPH T.","point":[-86.62157884652417,36.17696419373822]}}]}