{"type":"FeatureCollection","features":[{"type":"Feature","id":"12465","geometry":{"type":"Polygon","coordinates":[[[-86.7694298602178,36.1784135426671],[-86.7694588264166,36.1784381139854],[-86.7694904443812,36.1784604341567],[-86.7695244477132,36.1784803156114],[-86.7695605524459,36.1784975934238],[-86.7695984547685,36.1785121199189],[-86.7696378366811,36.1785237745505],[-86.7696783692939,36.1785324602749],[-86.7697197106048,36.1785381035655],[-86.7697615166412,36.1785406570452],[-86.7698034347914,36.1785400995293],[-86.76984511492,36.1785364359543],[-86.7701842191697,36.1784938916739],[-86.7701973298305,36.1784930437509],[-86.7702104412094,36.1784938730767],[-86.7702232307397,36.17849636098],[-86.7702353798638,36.1785004437015],[-86.7702465896918,36.1785060222065],[-86.7702565787338,36.1785129576942],[-86.7702651029713,36.1785210777777],[-86.7702719503417,36.1785301810259],[-86.7702769508043,36.1785400432077],[-86.7702799819166,36.1785504190593],[-86.7703189130565,36.1787562007598],[-86.7703195369182,36.1787679015096],[-86.7703177098347,36.1787795196618],[-86.7703134852424,36.1787907196046],[-86.7703069834056,36.1788011788187],[-86.7702983937189,36.1788105959738],[-86.7702879625494,36.1788186982167],[-86.7702759911273,36.1788252529007],[-86.7702628244737,36.1788300721632],[-86.770248841422,36.1788330156933],[-86.7702143267339,36.1788379062741],[-86.7700691307201,36.1788550400565],[-86.7697005924125,36.1789024420363],[-86.7696430889886,36.1789126982583],[-86.7695677020308,36.1789307598597],[-86.7694943988045,36.1789540282584],[-86.7694235156651,36.1789822255269],[-86.7693560633135,36.1790147981598],[-86.7692923833895,36.1790520125626],[-86.7694298602178,36.1784135426671]]]},"properties":{"id":"12465","parcel":"08211017400","address":"200 MERIDIAN ST","owner":"MDHA","point":[-86.7698390309336,36.17865242565691]}},{"type":"Feature","id":"14595","geometry":{"type":"Polygon","coordinates":[[[-86.7676777173524,36.1780552190746],[-86.7678066879381,36.1772094022335],[-86.7678096805867,36.1771978064444],[-86.7678150912437,36.1771868009253],[-86.76782276192,36.1771767165439],[-86.7678324609737,36.1771678548945],[-86.7678438974917,36.1771604809968],[-86.7678567300952,36.1771548142267],[-86.7678705758059,36.1771510255565],[-86.7678850199545,36.1771492275783],[-86.7678996295195,36.1771494744185],[-86.7693072857592,36.1772690743195],[-86.7693555177952,36.1772743980297],[-86.7694033948196,36.1772815147981],[-86.7694508188755,36.177290410829],[-86.7694618656246,36.1772984545066],[-86.7694710286295,36.1773079269804],[-86.7694780283244,36.1773185434304],[-86.7694826537036,36.1773299816478],[-86.7694847669163,36.1773418973268],[-86.7694843021986,36.177353928578],[-86.7694788829217,36.1773891259953],[-86.7694004174964,36.1777533372096],[-86.7682558912037,36.1776548651032],[-86.7680903071042,36.1788209473285],[-86.7676531161877,36.1787770283814],[-86.7676401109662,36.178774878651],[-86.7676276803517,36.1787711065932],[-86.7676161309448,36.1787658039902],[-86.767605746368,36.1787591006235],[-86.7675967850344,36.1787511633866],[-86.7675894656088,36.1787421873653],[-86.7675839692051,36.1787323931194],[-86.7675804304409,36.1787220213321],[-86.7675789374033,36.1787113292052],[-86.7675795259766,36.1787005787788],[-86.7676777173524,36.1780552190746]]]},"properties":{"id":"14595","parcel":"08211017100","address":"302 FOSTER ST","owner":"MDHA","point":[-86.76796077104586,36.17790316181684]}},{"type":"Feature","id":"14814","geometry":{"type":"Polygon","coordinates":[[[-86.7651089008312,36.1785223444941],[-86.7654051565781,36.1780696500741],[-86.7654673072308,36.177974756541],[-86.7659199204811,36.1774406042059],[-86.7661637238332,36.1771786355343],[-86.7666604083709,36.1766829332993],[-86.7669429736362,36.1764704386944],[-86.7674244614389,36.1765067422448],[-86.7691741116476,36.1766386477502],[-86.7697360606794,36.1767257185889],[-86.769896107578,36.1767378843325],[-86.7699932824931,36.1767440582518],[-86.7700902776166,36.1767518645307],[-86.7701870529111,36.1767613007215],[-86.7702519640082,36.1767715566286],[-86.7703159866494,36.1767849915269],[-86.7703788835932,36.1768015573624],[-86.7704247541378,36.1768167132027],[-86.7704689976336,36.1768347715722],[-86.7705068349785,36.1768496541993],[-86.7705434160969,36.1768664753446],[-86.7705785902528,36.176885166574],[-86.770644311043,36.1769118156306],[-86.7707082298083,36.1769412033869],[-86.7707437345479,36.176961532761],[-86.7707767587236,36.1769844447685],[-86.7707981078638,36.1769971262463],[-86.7708181625324,36.1770111282293],[-86.7708367974003,36.177026365898],[-86.7704469499399,36.177355755487],[-86.7702615086646,36.1775201139471],[-86.7703476888525,36.1779857408435],[-86.7703085439775,36.1778277599876],[-86.7702806867458,36.177750470383],[-86.7702443832051,36.1776757068364],[-86.7702003103458,36.1776034659223],[-86.7701488167641,36.1775348431497],[-86.7700899080303,36.1774698384738],[-86.7700242673381,36.1774095470698],[-86.7699522337266,36.1773539667645],[-86.7698744932592,36.1773039169278],[-86.7697920630355,36.1772593910626],[-86.7697046104471,36.1772209401511],[-86.7696134909601,36.1771888313277],[-86.7695193863863,36.1771633333213],[-86.7694229748004,36.1771444445065],[-86.7693249357762,36.1771324327288],[-86.7675710460448,36.1769834439878],[-86.7674734145057,36.1769785706463],[-86.7674290337702,36.1769794755814],[-86.7673755114726,36.1769805665942],[-86.7672783517986,36.17698942538],[-86.7671822729468,36.1770048699745],[-86.7670882924388,36.1770271697013],[-86.7669970841007,36.1770557687092],[-86.7669093248881,36.1770906645058],[-86.7668253511629,36.1771315800756],[-86.7667461751279,36.1771782332098],[-86.7666724744289,36.1772303465303],[-86.7666042426297,36.1772873694145],[-86.7665424893104,36.17734874659],[-86.766487555726,36.1774144749985],[-86.7664394328248,36.1774837318512],[-86.7663991313056,36.1775559609678],[-86.7663666463073,36.1776308875007],[-86.7663423166847,36.1777076828451],[-86.7663261294301,36.1777858036255],[-86.7662837600039,36.1780640759235],[-86.7662133354026,36.1785265780882],[-86.7662085754309,36.1785445596964],[-86.7662000422376,36.1785616009004],[-86.7661879976465,36.1785771863165],[-86.7661728039354,36.1785908422829],[-86.7661549207116,36.1786021585095],[-86.7661348904864,36.1786107908739],[-86.7661133166081,36.1786164786853],[-86.7660908544217,36.1786190501487],[-86.7660681824095,36.1786184270541],[-86.7651089008312,36.1785223444941]]]},"properties":{"id":"14814","parcel":"08211017200","address":"1008 LISCHEY PL","owner":"MDHA","point":[-86.76612108410296,36.17754123040679]}},{"type":"Feature","id":"14815","geometry":{"type":"Polygon","coordinates":[[[-86.7695096208177,36.178043555148],[-86.769638037043,36.1774488215059],[-86.7696419270017,36.177438189711],[-86.7696478731089,36.1774282018288],[-86.769655721147,36.1774191184066],[-86.7696652666327,36.1774111750769],[-86.7696762625621,36.1774045789026],[-86.7696884226768,36.1773995011468],[-86.7697014314236,36.1773960727018],[-86.7697149506071,36.1773943822457],[-86.7697286293845,36.177394475276],[-86.7697421108834,36.1773963486607],[-86.7697550466866,36.1773999541509],[-86.7697671001585,36.177405197458],[-86.7697779576045,36.1774119426892],[-86.7698875085237,36.1774928319943],[-86.7699466319712,36.1775449238693],[-86.7699996972645,36.1776011740433],[-86.7700463627382,36.1776613143239],[-86.7700859422373,36.1777245172278],[-86.7701184304749,36.1777902393323],[-86.7701434901599,36.1778582061063],[-86.7701607658025,36.1779278718531],[-86.7701820083314,36.178039267009],[-86.7702278849894,36.1782798915282],[-86.7702289353006,36.1782906333165],[-86.7702278856683,36.1783013758859],[-86.7702247612659,36.1783118495976],[-86.7702196407114,36.178321793484],[-86.7702126516651,36.1783309597837],[-86.7702039675378,36.1783391184685],[-86.7701938086823,36.1783460653476],[-86.7701824246768,36.1783516293901],[-86.7701701020627,36.1783556681704],[-86.7701571489397,36.1783580841882],[-86.7698190612727,36.1784006228161],[-86.7697850862658,36.1784032584737],[-86.7697509649448,36.1784026153504],[-86.7697171776414,36.1783987021001],[-86.7696841984721,36.178391574282],[-86.7696524930886,36.1783813316723],[-86.7696225053469,36.1783681192496],[-86.7695946572458,36.1783521208866],[-86.7695693411894,36.1783335639058],[-86.7695469109803,36.17831270742],[-86.769527685181,36.1782898450153],[-86.7695119314896,36.1782652985408],[-86.769499873358,36.1782394126592],[-86.7694916788401,36.1782125513127],[-86.7694874627723,36.1781850932027],[-86.7694872855743,36.1781574227848],[-86.7694911499148,36.1781299302898],[-86.7695096208177,36.178043555148]]]},"properties":{"id":"14815","parcel":"08211017300","address":"1100 ANISHA PL","owner":"MDHA","point":[-86.76984725093389,36.177892453274914]}},{"type":"Feature","id":"17076","geometry":{"type":"Polygon","coordinates":[[[-86.7684596966453,36.1797710026761],[-86.7684942495782,36.1795251952557],[-86.768657367073,36.1795389906315],[-86.7685939452755,36.1799877151148],[-86.7684257285405,36.1799723036957],[-86.7684596966453,36.1797710026761]]]},"properties":{"id":"17076","parcel":"08211017500","address":"236 TREUTLAND AVE","owner":"SPATH, DISHA C & JOSHUA P","point":[-86.7685584872632,36.17965499660976]}},{"type":"Feature","id":"17890","geometry":{"type":"Polygon","coordinates":[[[-86.7646457614701,36.1811131934273],[-86.7646294350657,36.1811117151214],[-86.7647084394238,36.1806231791832],[-86.7647180194305,36.1805639396781],[-86.7647515948505,36.180567023805],[-86.7648205430981,36.1801409297341],[-86.7648235469628,36.1801223680878],[-86.7641736552786,36.1800534120457],[-86.7641757662974,36.1800501703531],[-86.7650681725933,36.1786791613465],[-86.7651648339823,36.1786887122459],[-86.7651616550747,36.1787104348528],[-86.7655873113365,36.1787530597363],[-86.7656006994732,36.1787564194602],[-86.7656132326913,36.178761503317],[-86.7656245761861,36.178768176438],[-86.7656344247399,36.1787762596053],[-86.7656425161485,36.1787855381786],[-86.7656486312121,36.1787957611945],[-86.765652608326,36.1788066556937],[-86.7656543424031,36.1788179303332],[-86.7656537827299,36.1788292835111],[-86.7653403547741,36.1807665069148],[-86.7653321566261,36.1808171729933],[-86.7652869975809,36.1810962852193],[-86.7652856731279,36.1811071926041],[-86.7652822178573,36.1811177890419],[-86.76527672253,36.1811278026766],[-86.7652693269759,36.1811369775638],[-86.7652602212577,36.1811450790707],[-86.7652496379419,36.1811518993333],[-86.7652378488157,36.1811572626842],[-86.7652251538491,36.1811610338346],[-86.7652118800478,36.1811631142761],[-86.7651983682099,36.1811634522787],[-86.7651849606447,36.1811620375611],[-86.7646457614701,36.1811131934273]]]},"properties":{"id":"17890","parcel":"08211016500","address":"501 LISCHEY AVE","owner":"MDHA","point":[-86.76506418327403,36.1794400225437]}},{"type":"Feature","id":"17892","geometry":{"type":"Polygon","coordinates":[[[-86.7674605371661,36.1802364569601],[-86.7657111215815,36.1800659209095],[-86.7656965992028,36.180063358801],[-86.7656828445861,36.1800587946187],[-86.7656702737442,36.1800523681241],[-86.7656592665103,36.1800442715816],[-86.7656501565418,36.1800347507231],[-86.7656432201083,36.180024094905],[-86.7656386670771,36.1800126245484],[-86.7656366342256,36.1800006893777],[-86.7656371850507,36.179988648595],[-86.7657097669272,36.1795393187982],[-86.7657129698667,36.179527701008],[-86.7657185866844,36.1795167005938],[-86.7657264493645,36.1795066475828],[-86.7657363273011,36.1794978372494],[-86.7657479240075,36.1794905346433],[-86.7657608947194,36.1794849555508],[-86.7657748563906,36.1794812655301],[-86.7657893920874,36.1794795744765],[-86.7658040698509,36.179479932897],[-86.7674540408557,36.1796409407541],[-86.7674547774915,36.1796410126784],[-86.7677013528425,36.1796651209455],[-86.767714670545,36.1796684141901],[-86.7677271521057,36.1796734152401],[-86.7677384682965,36.179679991901],[-86.7677483183818,36.1796879694382],[-86.7677564413037,36.179697137715],[-86.7677626234726,36.1797072520448],[-86.7677666988803,36.179718044907],[-86.7677685591571,36.1797292312901],[-86.7677681580797,36.1797405149719],[-86.7677023721602,36.1801906274926],[-86.7676993139234,36.1802023516655],[-86.7676937996413,36.180213470486],[-86.767685998372,36.1802236476084],[-86.767676142851,36.1802325787273],[-86.7676645306203,36.1802399933731],[-86.7676515130429,36.1802456685011],[-86.7676374797833,36.1802494330967],[-86.7676228555252,36.1802511736033],[-86.7676080799964,36.180250837655],[-86.7674605371661,36.1802364569601]]]},"properties":{"id":"17892","parcel":"08211016700","address":"1501 BIG OAK DR","owner":"MDHA","point":[-86.76670364098005,36.17986458841811]}},{"type":"Feature","id":"17894","geometry":{"type":"Polygon","coordinates":[[[-86.7674534386472,36.1795025995384],[-86.765827832698,36.1793440778194],[-86.7658146994924,36.179341917889],[-86.7658021484643,36.1793381094558],[-86.7657904929188,36.1793327478691],[-86.7657800231823,36.1793259664771],[-86.7657709999063,36.1793179339656],[-86.7657636473629,36.1793088507955],[-86.7657581489377,36.1792989429226],[-86.7657546404164,36.1792884573335],[-86.7657532121384,36.1792776548222],[-86.7657538967174,36.1792668046598],[-86.7658219991563,36.1788449736666],[-86.7658249391301,36.1788339884245],[-86.7658300386795,36.1788235356483],[-86.7658371659777,36.1788138937633],[-86.7658461278162,36.1788053163494],[-86.7658566896309,36.1787980338154],[-86.7658685686761,36.1787922372205],[-86.7658814518449,36.1787880817657],[-86.7658949955734,36.1787856768812],[-86.7659088414033,36.1787850861272],[-86.7674471730603,36.1789309247108],[-86.7674479096634,36.1789309939315],[-86.7677117729713,36.1789560386264],[-86.7677136705594,36.1789420163946],[-86.7677984632573,36.1789505420279],[-86.7678125363336,36.1789529841693],[-86.7678258973428,36.1789573180871],[-86.7678381637899,36.1789634209387],[-86.7678489804464,36.1789711156322],[-86.7678580383615,36.178980182422],[-86.7678650759732,36.1789903589018],[-86.7678698914675,36.1790013534445],[-86.7678723461564,36.1790128496872],[-86.7678723690296,36.1790245173176],[-86.7678078740172,36.1794677541416],[-86.767804803535,36.1794794720888],[-86.7677992814842,36.1794905855586],[-86.7677914758007,36.1795007573108],[-86.7677816203465,36.1795096848352],[-86.7677700115489,36.179517097669],[-86.7677569974325,36.1795227727884],[-86.7677429710278,36.1795265427617],[-86.7677283514215,36.1795282904628],[-86.7677135794664,36.1795279653207],[-86.7674534386472,36.1795025995384]]]},"properties":{"id":"17894","parcel":"08211016800","address":"303 FOSTER ST","owner":"MDHA","point":[-86.76681411397854,36.17914566758958]}},{"type":"Feature","id":"17896","geometry":{"type":"Polygon","coordinates":[[[-86.7664546420943,36.1780629910482],[-86.7664631251821,36.1780071714086],[-86.7664662045154,36.1779954345091],[-86.7664717520938,36.1779843083164],[-86.7664795966686,36.1779741327934],[-86.7664895010934,36.1779652158756],[-86.7665011645045,36.177957828951],[-86.7665142344346,36.1779521950674],[-86.7665283101304,36.177948487108],[-86.7665429680065,36.1779468159143],[-86.7665577594565,36.1779472339044],[-86.7674250054313,36.1780340248294],[-86.7674392593847,36.1780366812662],[-86.7674500132237,36.1780399674066],[-86.7674601058335,36.1780444248883],[-86.7674693429588,36.1780499684251],[-86.7674775479296,36.1780564918899],[-86.7674862527138,36.1780658430501],[-86.7674928689517,36.1780762574625],[-86.7674972047326,36.1780874326214],[-86.7674991323918,36.1780990421793],[-86.7674985975342,36.178110749409],[-86.7674434809777,36.1784725603042],[-86.7674427889662,36.1784771007706],[-86.7674112988833,36.1786837924974],[-86.7674082024397,36.1786954727487],[-86.7674026577199,36.1787065412836],[-86.7673948315829,36.1787166644742],[-86.7673849600611,36.1787255343896],[-86.7673733429498,36.1787328841517],[-86.7673603316147,36.1787384916175],[-86.7673463179371,36.1787421857592],[-86.7673317266363,36.1787438575274],[-86.7673169996466,36.1787434536417],[-86.7664497460358,36.1786566619576],[-86.7664360398619,36.1786543299863],[-86.7664229889762,36.1786502093485],[-86.7664109479595,36.1786444104512],[-86.7664002418315,36.178637090755],[-86.7663911593031,36.1786284467058],[-86.7663839472175,36.1786187137692],[-86.7663787993217,36.1786081547863],[-86.7663758550938,36.1785970536716],[-86.7663751941501,36.1785857118434],[-86.7664546420943,36.1780629910482]]]},"properties":{"id":"17896","parcel":"08211016900","address":"1095 LISCHEY PL","owner":"MDHA","point":[-86.76694561899474,36.17829063321262]}},{"type":"Feature","id":"17898","geometry":{"type":"Polygon","coordinates":[[[-86.7674379096113,36.1778971325413],[-86.7665825365548,36.1778113721696],[-86.7665687172881,36.1778090562535],[-86.7665555662295,36.1778049092281],[-86.7665434502187,36.1777990450272],[-86.7665327065695,36.1777916282434],[-86.7665236351931,36.1777828642636],[-86.766516490816,36.1777729993185],[-86.7665114695114,36.1777623070492],[-86.766508713136,36.1777510875779],[-86.7665083002901,36.1777396522434],[-86.7665102396125,36.1777283200386],[-86.7665262638304,36.1776779898768],[-86.7665463750078,36.177628632361],[-86.7665704807506,36.1775804652808],[-86.7665984763944,36.1775337019971],[-86.7666302383004,36.1774885478797],[-86.7666656261047,36.1774452029967],[-86.7667044848894,36.1774038566932],[-86.7667466430114,36.1773646930134],[-86.766791912042,36.1773278843909],[-86.766840096771,36.1772935915863],[-86.7668909807997,36.1772619682851],[-86.7669443420156,36.177233151986],[-86.7669999437525,36.1772072694656],[-86.7670575425712,36.1771844367283],[-86.7671168837608,36.1771647536281],[-86.7671777035881,36.1771483065576],[-86.7672397370695,36.1771351674976],[-86.7673027090963,36.1771253958758],[-86.7673663421797,36.1771190349133],[-86.7674303553314,36.1771161107295],[-86.7674764248715,36.1771161377806],[-86.7675224444021,36.1771178901541],[-86.7675683138396,36.1771213639802],[-86.7675817887764,36.1771242930292],[-86.7675944956986,36.1771289600937],[-86.7676060965834,36.1771352420478],[-86.7676162807707,36.1771429714291],[-86.7676247783535,36.1771519417622],[-86.767631361351,36.1771619138594],[-86.7676358537654,36.1771726211643],[-86.7676381372268,36.1771837787288],[-86.767638149934,36.1771950886271],[-86.7675387217103,36.1778451284781],[-86.7675340638186,36.1778563896616],[-86.7675271203611,36.1778668488309],[-86.7675180929595,36.1778762036812],[-86.7675072424733,36.1778841848776],[-86.7674948823738,36.1778905606038],[-86.7674813688528,36.1778951483419],[-86.76746709193,36.1778978149283],[-86.7674524655008,36.177898482025],[-86.7674379096113,36.1778971325413]]]},"properties":{"id":"17898","parcel":"08211017000","address":"1217 FOSTER PL","owner":"MDHA","point":[-86.76710193865567,36.17751207443182]}},{"type":"Feature","id":"33112","geometry":{"type":"Polygon","coordinates":[[[-86.7649409421694,36.1732556950669],[-86.7649444053663,36.1732543689877],[-86.7649874594189,36.173332487362],[-86.7649485610347,36.1733502400719],[-86.7649260168483,36.1733605284915],[-86.7648754061429,36.1732807933421],[-86.7649004115926,36.1732712166565],[-86.7649409421694,36.1732556950669]]]},"properties":{"id":"33112","parcel":"082150A05000CO","address":"2115 YEAMAN PL 313","owner":"SOVANI, SANIKA","point":[-86.76493251104499,36.173306642482196]}},{"type":"Feature","id":"33113","geometry":{"type":"Polygon","coordinates":[[[-86.7648142506718,36.1734025110961],[-86.7647787403107,36.173338716456],[-86.7648860548702,36.1732979310343],[-86.7649257080765,36.1733606701445],[-86.764872839539,36.1733810132739],[-86.7648650476525,36.1733667613576],[-86.7648303091781,36.1733800507362],[-86.7648389219023,36.1733940063445],[-86.7648142506718,36.1734025110961]]]},"properties":{"id":"33113","parcel":"082150A05100CO","address":"2115 YEAMAN PL 315","owner":"ALSALEH, ALI AHMAD","point":[-86.76485181486169,36.173349692518855]}},{"type":"Feature","id":"33114","geometry":{"type":"Polygon","coordinates":[[[-86.7643889629738,36.1734868552428],[-86.7644477672499,36.1734645063704],[-86.764478594193,36.1735158392191],[-86.7645117371162,36.1735710274272],[-86.7645408368107,36.1736194871475],[-86.7644356503979,36.1736584292073],[-86.7644088221535,36.173608163361],[-86.7643908170559,36.1735744285346],[-86.7643516462651,36.1735010377412],[-86.7643889629738,36.1734868552428]]]},"properties":{"id":"33114","parcel":"082150A05800CO","address":"2115 YEAMAN PL 323","owner":"MCLAIN, JUSTIN","point":[-86.76443465628496,36.17354331428693]}},{"type":"Feature","id":"33115","geometry":{"type":"Polygon","coordinates":[[[-86.7643387302435,36.1733863036419],[-86.7644041619495,36.1733640813599],[-86.7644122893835,36.1733747486478],[-86.7644418947624,36.1733632133166],[-86.7644856011367,36.1734501258929],[-86.7644573519823,36.1734608631361],[-86.7644477672499,36.1734645063704],[-86.7643889629738,36.1734868552428],[-86.7643387302435,36.1733863036419]]]},"properties":{"id":"33115","parcel":"082150A06200CO","address":"2115 YEAMAN PL 326","owner":"NICHOLSON, ADAM WHITE","point":[-86.76441211307022,36.17341821468641]}},{"type":"Feature","id":"33116","geometry":{"type":"Polygon","coordinates":[[[-86.7654315802787,36.1735752506736],[-86.7653674516966,36.1735093340426],[-86.7653105716066,36.1734508681513],[-86.7653622523363,36.1734160625341],[-86.7653980608389,36.1734527477328],[-86.7654061057701,36.1734458588135],[-86.7654321093558,36.1734706139284],[-86.7654090380245,36.1734866360308],[-86.7654430179943,36.1735199801008],[-86.7654496645031,36.1735141256875],[-86.7654740219951,36.1735394734495],[-86.7654618918543,36.1735496986302],[-86.7654315802787,36.1735752506736]]]},"properties":{"id":"33116","parcel":"082150A06800CO","address":"2115 YEAMAN PL 402","owner":"COLE, HENRY GRADY, JR","point":[-86.76538850895257,36.173497985556025]}},{"type":"Feature","id":"33117","geometry":{"type":"Polygon","coordinates":[[[-86.7650558090678,36.1733012939556],[-86.7650277138193,36.1732541925048],[-86.7650123069842,36.1732283634284],[-86.765016237543,36.1732268577369],[-86.7650268541648,36.1732227924331],[-86.7650277900745,36.1732224404151],[-86.7650871604203,36.17319969649],[-86.7651433515013,36.1732594854083],[-86.7651221569753,36.1732719770169],[-86.7651211085169,36.173271493374],[-86.7650681436087,36.1732956648782],[-86.7650558090678,36.1733012939556]]]},"properties":{"id":"33117","parcel":"082150A07500CO","address":"2115 YEAMAN PL 409","owner":"DAVIDSON, RACHEL","point":[-86.76507322317595,36.17324138239113]}},{"type":"Feature","id":"33118","geometry":{"type":"Polygon","coordinates":[[[-86.7651154140457,36.173094680318],[-86.7651860788555,36.1730679775889],[-86.7652298255632,36.1731437896568],[-86.7651581857222,36.173171864911],[-86.7651563319069,36.1731725913664],[-86.7651154140457,36.173094680318]]]},"properties":{"id":"33118","parcel":"082150A07800CO","address":"2115 YEAMAN PL 412","owner":"GAO, TIAN GRACE","point":[-86.76517198469828,36.17311923375543]}},{"type":"Feature","id":"33119","geometry":{"type":"Polygon","coordinates":[[[-86.7648142506718,36.1734025110961],[-86.7647787403107,36.173338716456],[-86.7648860548702,36.1732979310343],[-86.7649257080765,36.1733606701445],[-86.764872839539,36.1733810132739],[-86.7648650476525,36.1733667613576],[-86.7648303091781,36.1733800507362],[-86.7648389219023,36.1733940063445],[-86.7648142506718,36.1734025110961]]]},"properties":{"id":"33119","parcel":"082150A08100CO","address":"2115 YEAMAN PL 415","owner":"NELSON, JORDAN ALEXANDER","point":[-86.76485181486169,36.173349692518855]}},{"type":"Feature","id":"33120","geometry":{"type":"Polygon","coordinates":[[[-86.7647735979779,36.1733406714377],[-86.764721883265,36.1732404844783],[-86.7647418001291,36.173232556034],[-86.7647489796491,36.1732480934387],[-86.7648333604976,36.1732145580409],[-86.7648860548702,36.1732979310343],[-86.7647787403107,36.173338716456],[-86.7647735979779,36.1733406714377]]]},"properties":{"id":"33120","parcel":"082150A08800CO","address":"2115 YEAMAN PL 422","owner":"CASTANEDA, JOSE EDUARDO SANCHEZ","point":[-86.76480448223909,36.17327298665066]}},{"type":"Feature","id":"33121","geometry":{"type":"Polygon","coordinates":[[[-86.7646623042682,36.1732641993067],[-86.764721883265,36.1732404844783],[-86.7647735979779,36.1733406714377],[-86.764717685692,36.1733619215309],[-86.7646869545849,36.1733736019553],[-86.764677778554,36.1733770894037],[-86.7646312688196,36.1732863985197],[-86.7646517821809,36.1732683874529],[-86.7646623042682,36.1732641993067]]]},"properties":{"id":"33121","parcel":"082150A08900CO","address":"2115 YEAMAN PL 424","owner":"DE ABREU, FELIPE V P & DE ABREU, CLAUDIA BAHIA LIMA","point":[-86.76470238815891,36.17331353491096]}},{"type":"Feature","id":"34002","geometry":{"type":"Polygon","coordinates":[[[-86.7642533366558,36.1735383994388],[-86.7643516462651,36.1735010377412],[-86.7643908170559,36.1735744285346],[-86.7642945833999,36.1736118582323],[-86.7642533366558,36.1735383994388]]]},"properties":{"id":"34002","parcel":"082150A06400CO","address":"2115 YEAMAN PL 330","owner":"DAVENPORT, JAMES EDWARD","point":[-86.76432232560472,36.17355641449608]}},{"type":"Feature","id":"34005","geometry":{"type":"Polygon","coordinates":[[[-86.7642945833999,36.1736118582323],[-86.7643908170559,36.1735744285346],[-86.7644088221535,36.173608163361],[-86.7644356503979,36.1736584292073],[-86.7643405103196,36.1736936493206],[-86.7643134848181,36.1736455189007],[-86.7642945833999,36.1736118582323]]]},"properties":{"id":"34005","parcel":"082150A06500CO","address":"2115 YEAMAN PL 332","owner":"EASY RENTALS, LLC","point":[-86.7643619664114,36.1736288025985]}},{"type":"Feature","id":"34008","geometry":{"type":"Polygon","coordinates":[[[-86.7651999750838,36.1733197357102],[-86.7652589589665,36.1732805460441],[-86.765295191277,36.1733168113008],[-86.7653077181147,36.1733091080675],[-86.7653343919735,36.1733362887677],[-86.7653165306858,36.1733480400654],[-86.7652524038307,36.1733910792265],[-86.7652523723774,36.1733910451778],[-86.7651896654457,36.1733265866993],[-86.7651999750838,36.1733197357102]]]},"properties":{"id":"34008","parcel":"082150A07200CO","address":"2115 YEAMAN PL 406","owner":"MINTER, MARJORIE B.","point":[-86.76526200855622,36.17333143771584]}},{"type":"Feature","id":"34011","geometry":{"type":"Polygon","coordinates":[[[-86.7651860788555,36.1730679775889],[-86.7652711950867,36.1730358125515],[-86.7653357499635,36.1731460895624],[-86.7652099824082,36.1732202148456],[-86.7651581857222,36.173171864911],[-86.7652298255632,36.1731437896568],[-86.7651860788555,36.1730679775889]]]},"properties":{"id":"34011","parcel":"082150A07600CO","address":"2115 YEAMAN PL 410","owner":"MCDONALD, OLIVER G.","point":[-86.76526014292591,36.17310598596168]}},{"type":"Feature","id":"34012","geometry":{"type":"Polygon","coordinates":[[[-86.7650387140828,36.1731236654094],[-86.7651154140457,36.173094680318],[-86.7651563319069,36.1731725913664],[-86.7650871604203,36.17319969649],[-86.7650387140828,36.1731236654094]]]},"properties":{"id":"34012","parcel":"082150A08000CO","address":"2115 YEAMAN PL 414","owner":"HARRIS, KAREN","point":[-86.76509888962097,36.17314813108363]}},{"type":"Feature","id":"34013","geometry":{"type":"Polygon","coordinates":[[[-86.7647210093645,36.1734372364051],[-86.7646869545849,36.1733736019553],[-86.764717685692,36.1733619215309],[-86.7647735979779,36.1733406714377],[-86.7647787403107,36.173338716456],[-86.7648142506718,36.1734025110961],[-86.7647850790537,36.1734125674966],[-86.7647780484803,36.1733991074706],[-86.7647455359048,36.1734110641691],[-86.7647539053375,36.173424575198],[-86.7647210093645,36.1734372364051]]]},"properties":{"id":"34013","parcel":"082150A08300CO","address":"2115 YEAMAN PL 417","owner":"STEEN, JACOB LOUIS","point":[-86.76474953786331,36.1733863881971]}},{"type":"Feature","id":"34014","geometry":{"type":"Polygon","coordinates":[[[-86.7646087450911,36.1734615814922],[-86.7645833512245,36.173412977543],[-86.7646323823832,36.1733943424149],[-86.764677778554,36.1733770894037],[-86.7646869545849,36.1733736019553],[-86.7647210093645,36.1734372364051],[-86.7647013092222,36.1734448200899],[-86.7646929409079,36.1734313090504],[-86.7646615216678,36.1734428721564],[-86.7646683392606,36.1734553421456],[-86.7646158967122,36.1734752624724],[-86.7646087450911,36.1734615814922]]]},"properties":{"id":"34014","parcel":"082150A08500CO","address":"2115 YEAMAN PL 419","owner":"REED, W. CASEY","point":[-86.764650549721,36.173422167691776]}},{"type":"Feature","id":"34015","geometry":{"type":"Polygon","coordinates":[[[-86.764478594193,36.1735158392191],[-86.7644477672499,36.1734645063704],[-86.7644573519823,36.1734608631361],[-86.7644856011367,36.1734501258929],[-86.7645469748849,36.1734268017509],[-86.7645818095056,36.1734135623164],[-86.7645833512245,36.173412977543],[-86.7646087450911,36.1734615814922],[-86.7645753161927,36.1734754672505],[-86.7645820708862,36.1734890245697],[-86.7645315177524,36.1735088013065],[-86.7645250681141,36.1734946003512],[-86.7645207352598,36.1734965808379],[-86.764478594193,36.1735158392191]]]},"properties":{"id":"34015","parcel":"082150A08700CO","address":"2115 YEAMAN PL 421","owner":"MALKOFSKY-BERGER, HANNAH","point":[-86.76452843542634,36.17346304431089]}},{"type":"Feature","id":"34016","geometry":{"type":"Polygon","coordinates":[[[-86.7643106130475,36.1733958530479],[-86.7643387302435,36.1733863036419],[-86.7643889629738,36.1734868552428],[-86.7643516462651,36.1735010377412],[-86.7642533366558,36.1735383994388],[-86.7642037069817,36.1734500110574],[-86.7642764146987,36.1734233364904],[-86.7643106130475,36.1733958530479]]]},"properties":{"id":"34016","parcel":"082150A09300CO","address":"2115 YEAMAN PL 432","owner":"GOLDSBY, TIMOTHY J. & LYNSEY A.","point":[-86.7642969008894,36.173468434300005]}},{"type":"Feature","id":"34017","geometry":{"type":"Polygon","coordinates":[[[-86.7642945833999,36.1736118582323],[-86.7643908170559,36.1735744285346],[-86.7644088221535,36.173608163361],[-86.7644356503979,36.1736584292073],[-86.7643405103196,36.1736936493206],[-86.7643134848181,36.1736455189007],[-86.7642945833999,36.1736118582323]]]},"properties":{"id":"34017","parcel":"082150A09500CO","address":"2115 YEAMAN PL 436","owner":"COLE, HEATHER","point":[-86.7643619664114,36.1736288025985]}},{"type":"Feature","id":"34018","geometry":{"type":"Polygon","coordinates":[[[-86.7650558090678,36.1733012939556],[-86.7650277138193,36.1732541925048],[-86.7650123069842,36.1732283634284],[-86.765016237543,36.1732268577369],[-86.7650268541648,36.1732227924331],[-86.7650277900745,36.1732224404151],[-86.7650871604203,36.17319969649],[-86.7651433515013,36.1732594854083],[-86.7651221569753,36.1732719770169],[-86.7651211085169,36.173271493374],[-86.7650681436087,36.1732956648782],[-86.7650558090678,36.1733012939556]]]},"properties":{"id":"34018","parcel":"082150A09600CO","address":"2115 YEAMAN PL 509","owner":"SCYPHERS, WILLIAM, V","point":[-86.76507322317595,36.17324138239113]}},{"type":"Feature","id":"34019","geometry":{"type":"Polygon","coordinates":[[[-86.7649540486291,36.1731677863249],[-86.7649655248428,36.1731600654508],[-86.7650038001875,36.1732316222452],[-86.7649706157698,36.1732443304132],[-86.7649444053663,36.1732543689877],[-86.7649409421694,36.1732556950669],[-86.764932254028,36.1732389901803],[-86.7649049315002,36.1731868213919],[-86.7649540486291,36.1731677863249]]]},"properties":{"id":"34019","parcel":"082150A10500CO","address":"2115 YEAMAN PL 518","owner":"II STACKS, LLC","point":[-86.76495424111201,36.1732092215839]}},{"type":"Feature","id":"34020","geometry":{"type":"Polygon","coordinates":[[[-86.7652649047488,36.1735411265724],[-86.7652283349706,36.1735036503434],[-86.7652127635265,36.1735129798265],[-86.7651899555322,36.173491072236],[-86.7652046454581,36.1734831245775],[-86.76519242217,36.1734704374334],[-86.7652757881119,36.1734151119426],[-86.7653100776104,36.1734503611668],[-86.7653105716066,36.1734508681513],[-86.7653674516966,36.1735093340426],[-86.7652681204932,36.1735753443823],[-86.7652475928592,36.1735526806036],[-86.7652649047488,36.1735411265724]]]},"properties":{"id":"34020","parcel":"082150A11900CO","address":"2115 YEAMAN PL 601","owner":"WALKER, SHANEIKA RANDEL","point":[-86.76527628056508,36.17349749292737]}},{"type":"Feature","id":"34021","geometry":{"type":"Polygon","coordinates":[[[-86.7654315802787,36.1735752506736],[-86.7653674516966,36.1735093340426],[-86.7653105716066,36.1734508681513],[-86.7653100776104,36.1734503611668],[-86.7652757881119,36.1734151119426],[-86.7652703529608,36.1734095261058],[-86.765333765839,36.1733671439791],[-86.7653490178421,36.1733840523626],[-86.7653590768253,36.1733748407308],[-86.765383649416,36.1734011758366],[-86.7653622523363,36.1734160625341],[-86.7653980608389,36.1734527477328],[-86.7654061057701,36.1734458588135],[-86.7654321093558,36.1734706139284],[-86.7654090380245,36.1734866360308],[-86.7654430179943,36.1735199801008],[-86.7654496645031,36.1735141256875],[-86.7654740219951,36.1735394734495],[-86.7654618918543,36.1735496986302],[-86.7654315802787,36.1735752506736]]]},"properties":{"id":"34021","parcel":"082150A12000CO","address":"2115 YEAMAN PL 602","owner":"TENNESSEE DISABILITY COALITION","point":[-86.76537899535705,36.17347854350965]}},{"type":"Feature","id":"34022","geometry":{"type":"Polygon","coordinates":[[[-86.7651999750838,36.1733197357102],[-86.7652589589665,36.1732805460441],[-86.765295191277,36.1733168113008],[-86.7653077181147,36.1733091080675],[-86.7653343919735,36.1733362887677],[-86.7653165306858,36.1733480400654],[-86.765333765839,36.1733671439791],[-86.7652703529608,36.1734095261058],[-86.7652524038307,36.1733910792265],[-86.7652523723774,36.1733910451778],[-86.7651896654457,36.1733265866993],[-86.7651999750838,36.1733197357102]]]},"properties":{"id":"34022","parcel":"082150A12200CO","address":"2115 YEAMAN PL 604","owner":"SCHROLL, AUSTIN","point":[-86.76526502532262,36.17334204594318]}},{"type":"Feature","id":"34023","geometry":{"type":"Polygon","coordinates":[[[-86.7642945833999,36.1736118582323],[-86.7643908170559,36.1735744285346],[-86.7644088221535,36.173608163361],[-86.7644356503979,36.1736584292073],[-86.7643405103196,36.1736936493206],[-86.7643134848181,36.1736455189007],[-86.7642945833999,36.1736118582323]]]},"properties":{"id":"34023","parcel":"082150A12600CO","address":"2115 YEAMAN PL 636","owner":"GINTHER, MATTHEW & GABRANSKI, EMILY","point":[-86.7643619664114,36.1736288025985]}},{"type":"Feature","id":"34024","geometry":{"type":"Polygon","coordinates":[[[-86.7650069521848,36.1736999073404],[-86.7650684670198,36.1736770308715],[-86.765125653029,36.1737771379309],[-86.765064905835,36.1737999708081],[-86.7650069521848,36.1736999073404]]]},"properties":{"id":"34024","parcel":"082150A70200CO","address":"702 STRICKLAND DR","owner":"IDRIZI, KORAB & GARCIA, REBECCA HORTENSIA","point":[-86.76506645540061,36.173738522950245]}},{"type":"Feature","id":"34025","geometry":{"type":"Polygon","coordinates":[[[-86.7647038800382,36.1738126149767],[-86.7647639971982,36.1737902576358],[-86.7648227507302,36.1738909884924],[-86.7647614794777,36.1739140192091],[-86.7647038800382,36.1738126149767]]]},"properties":{"id":"34025","parcel":"082150A71200CO","address":"712 STRICKLAND DR","owner":"REEVES, LARRY R.","point":[-86.76476301670124,36.17385180116253]}},{"type":"Feature","id":"34290","geometry":{"type":"Polygon","coordinates":[[[-86.7645334342218,36.1733138345014],[-86.7645735284322,36.1732981238301],[-86.7645808653462,36.1733085410559],[-86.7646194116559,36.1732968120538],[-86.7646312688196,36.1732863985197],[-86.764677778554,36.1733770894037],[-86.7646323823832,36.1733943424149],[-86.7645833512245,36.173412977543],[-86.7645818095056,36.1734135623164],[-86.7645334342218,36.1733138345014]]]},"properties":{"id":"34290","parcel":"082150A09000CO","address":"2115 YEAMAN PL 426","owner":"REED, W. CASEY","point":[-86.7646051684228,36.17334546111327]}},{"type":"Feature","id":"34291","geometry":{"type":"Polygon","coordinates":[[[-86.7651154140457,36.173094680318],[-86.7651860788555,36.1730679775889],[-86.7652298255632,36.1731437896568],[-86.7651581857222,36.173171864911],[-86.7651563319069,36.1731725913664],[-86.7651154140457,36.173094680318]]]},"properties":{"id":"34291","parcel":"082150A09900CO","address":"2115 YEAMAN PL 512","owner":"J & J TRUST","point":[-86.76517198469828,36.17311923375543]}},{"type":"Feature","id":"34292","geometry":{"type":"Polygon","coordinates":[[[-86.7646087450911,36.1734615814922],[-86.7645833512245,36.173412977543],[-86.7646323823832,36.1733943424149],[-86.764677778554,36.1733770894037],[-86.7646869545849,36.1733736019553],[-86.7647210093645,36.1734372364051],[-86.7647013092222,36.1734448200899],[-86.7646929409079,36.1734313090504],[-86.7646615216678,36.1734428721564],[-86.7646683392606,36.1734553421456],[-86.7646158967122,36.1734752624724],[-86.7646087450911,36.1734615814922]]]},"properties":{"id":"34292","parcel":"082150A10600CO","address":"2115 YEAMAN PL 519","owner":"SCHMITZ, JARED MICHAEL","point":[-86.764650549721,36.173422167691776]}},{"type":"Feature","id":"34293","geometry":{"type":"Polygon","coordinates":[[[-86.764478594193,36.1735158392191],[-86.7644477672499,36.1734645063704],[-86.7644573519823,36.1734608631361],[-86.7644856011367,36.1734501258929],[-86.7645469748849,36.1734268017509],[-86.7645818095056,36.1734135623164],[-86.7645833512245,36.173412977543],[-86.7646087450911,36.1734615814922],[-86.7645753161927,36.1734754672505],[-86.7645820708862,36.1734890245697],[-86.7645315177524,36.1735088013065],[-86.7645250681141,36.1734946003512],[-86.7645207352598,36.1734965808379],[-86.764478594193,36.1735158392191]]]},"properties":{"id":"34293","parcel":"082150A10800CO","address":"2115 YEAMAN PL 521","owner":"O'MEARA, PATRICK J","point":[-86.76452843542634,36.17346304431089]}},{"type":"Feature","id":"34294","geometry":{"type":"Polygon","coordinates":[[[-86.7647735979779,36.1733406714377],[-86.764721883265,36.1732404844783],[-86.7647418001291,36.173232556034],[-86.7647489796491,36.1732480934387],[-86.7648333604976,36.1732145580409],[-86.7648860548702,36.1732979310343],[-86.7647787403107,36.173338716456],[-86.7647735979779,36.1733406714377]]]},"properties":{"id":"34294","parcel":"082150A10900CO","address":"2115 YEAMAN PL 522","owner":"LEE, KYUNG H. & YUN C.","point":[-86.76480448223909,36.17327298665066]}},{"type":"Feature","id":"34295","geometry":{"type":"Polygon","coordinates":[[[-86.7643889629738,36.1734868552428],[-86.7644477672499,36.1734645063704],[-86.764478594193,36.1735158392191],[-86.7645117371162,36.1735710274272],[-86.7645408368107,36.1736194871475],[-86.7644356503979,36.1736584292073],[-86.7644088221535,36.173608163361],[-86.7643908170559,36.1735744285346],[-86.7643516462651,36.1735010377412],[-86.7643889629738,36.1734868552428]]]},"properties":{"id":"34295","parcel":"082150A11000CO","address":"2115 YEAMAN PL 523","owner":"FISHER, GREGORY & BAUMAN, BRIAN","point":[-86.76443465628496,36.17354331428693]}},{"type":"Feature","id":"34296","geometry":{"type":"Polygon","coordinates":[[[-86.7643106130475,36.1733958530479],[-86.7643387302435,36.1733863036419],[-86.7643889629738,36.1734868552428],[-86.7643516462651,36.1735010377412],[-86.7642533366558,36.1735383994388],[-86.7642037069817,36.1734500110574],[-86.7642764146987,36.1734233364904],[-86.7643106130475,36.1733958530479]]]},"properties":{"id":"34296","parcel":"082150A11500CO","address":"2115 YEAMAN PL 532","owner":"HASKEW, JONATHAN & RACHELS, JANA","point":[-86.7642969008894,36.173468434300005]}},{"type":"Feature","id":"34297","geometry":{"type":"Polygon","coordinates":[[[-86.765350649064,36.1736664555555],[-86.7652941204919,36.1735991514168],[-86.7652914649205,36.1736011167908],[-86.7652681204932,36.1735753443823],[-86.7653674516966,36.1735093340426],[-86.7654315802787,36.1735752506736],[-86.7654618918543,36.1735496986302],[-86.7654993854758,36.1736182815367],[-86.765350649064,36.1736664555555]]]},"properties":{"id":"34297","parcel":"082150A11800CO","address":"2115 YEAMAN PL 600","owner":"GINTHER, MATTHEW & GABRANSKI, EMILY","point":[-86.76538076710227,36.17358744320997]}},{"type":"Feature","id":"34298","geometry":{"type":"Polygon","coordinates":[[[-86.7642533366558,36.1735383994388],[-86.7643516462651,36.1735010377412],[-86.7643908170559,36.1735744285346],[-86.7642945833999,36.1736118582323],[-86.7642533366558,36.1735383994388]]]},"properties":{"id":"34298","parcel":"082150A12500CO","address":"2115 YEAMAN PL 634","owner":"GRIMES, NAKEIA L.","point":[-86.76432232560472,36.17355641449608]}},{"type":"Feature","id":"34299","geometry":{"type":"Polygon","coordinates":[[[-86.7650684670198,36.1736770308715],[-86.7651328317661,36.1736530944422],[-86.7651886796147,36.1737534478894],[-86.765125653029,36.1737771379309],[-86.7650684670198,36.1736770308715]]]},"properties":{"id":"34299","parcel":"082150A70000CO","address":"700 STRICKLAND DR","owner":"ACME AMALGAMATED HOLDINGS, LLC","point":[-86.7651288545961,36.173715239947406]}},{"type":"Feature","id":"34300","geometry":{"type":"Polygon","coordinates":[[[-86.7648238241341,36.1737680093542],[-86.764885786565,36.1737449670142],[-86.7649437458375,36.1738455108772],[-86.7648824746379,36.1738685398532],[-86.7648238241341,36.1737680093542]]]},"properties":{"id":"34300","parcel":"082150A70800CO","address":"708 STRICKLAND DR","owner":"PETROSILLO FAMILY REV TRUST","point":[-86.76488391957527,36.173806760395095]}},{"type":"Feature","id":"34954","geometry":{"type":"Polygon","coordinates":[[[-86.7650680193848,36.1732954628807],[-86.7651433515013,36.1732594854083],[-86.7651999750838,36.1733197357102],[-86.7651896654457,36.1733265866993],[-86.7651051415212,36.1733827477357],[-86.7651046058239,36.1733831035263],[-86.7650558090678,36.1733012939556],[-86.7650680193848,36.1732954628807]]]},"properties":{"id":"34954","parcel":"082150A04600CO","address":"2115 YEAMAN PL 307","owner":"BALLENGER, LINDA","point":[-86.76513176243057,36.17332303752208]}},{"type":"Feature","id":"34955","geometry":{"type":"Polygon","coordinates":[[[-86.7652099824082,36.1732202148456],[-86.7653357499635,36.1731460895624],[-86.7653709146059,36.1732061576982],[-86.7652589589665,36.1732805460441],[-86.7651999750838,36.1733197357102],[-86.7651433515013,36.1732594854083],[-86.7652099824082,36.1732202148456]]]},"properties":{"id":"34955","parcel":"082150A04700CO","address":"2115 YEAMAN PL 308","owner":"PIPER, WIRT LEE, III","point":[-86.76524822582147,36.173239990458995]}},{"type":"Feature","id":"34956","geometry":{"type":"Polygon","coordinates":[[[-86.7650038001875,36.1732316222452],[-86.7650123069842,36.1732283634284],[-86.7650277138193,36.1732541925048],[-86.7650558090678,36.1733012939556],[-86.7649874594189,36.173332487362],[-86.7649444053663,36.1732543689877],[-86.7649706157698,36.1732443304132],[-86.7650038001875,36.1732316222452]]]},"properties":{"id":"34956","parcel":"082150A04900CO","address":"2115 YEAMAN PL 311","owner":"2115 YEAMAN PLACE, LLC","point":[-86.76499957654259,36.173277830443034]}},{"type":"Feature","id":"34957","geometry":{"type":"Polygon","coordinates":[[[-86.7649540486291,36.1731677863249],[-86.7649655248428,36.1731600654508],[-86.7650038001875,36.1732316222452],[-86.7649706157698,36.1732443304132],[-86.7649444053663,36.1732543689877],[-86.7649409421694,36.1732556950669],[-86.764932254028,36.1732389901803],[-86.7649049315002,36.1731868213919],[-86.7649540486291,36.1731677863249]]]},"properties":{"id":"34957","parcel":"082150A05300CO","address":"2115 YEAMAN PL 314","owner":"REIGER, MATTHEW L & MARCUM, MARCUS G","point":[-86.76495424111201,36.1732092215839]}},{"type":"Feature","id":"34958","geometry":{"type":"Polygon","coordinates":[[[-86.764478594193,36.1735158392191],[-86.7644477672499,36.1734645063704],[-86.7644573519823,36.1734608631361],[-86.7644856011367,36.1734501258929],[-86.7645469748849,36.1734268017509],[-86.7645818095056,36.1734135623164],[-86.7645833512245,36.173412977543],[-86.7646087450911,36.1734615814922],[-86.7645753161927,36.1734754672505],[-86.7645820708862,36.1734890245697],[-86.7645315177524,36.1735088013065],[-86.7645250681141,36.1734946003512],[-86.7645207352598,36.1734965808379],[-86.764478594193,36.1735158392191]]]},"properties":{"id":"34958","parcel":"082150A05600CO","address":"2115 YEAMAN PL 321","owner":"REINEKE, JAMES & LINDA","point":[-86.76452843542634,36.17346304431089]}},{"type":"Feature","id":"34959","geometry":{"type":"Polygon","coordinates":[[[-86.7647735979779,36.1733406714377],[-86.764721883265,36.1732404844783],[-86.7647418001291,36.173232556034],[-86.7647489796491,36.1732480934387],[-86.7648333604976,36.1732145580409],[-86.7648860548702,36.1732979310343],[-86.7647787403107,36.173338716456],[-86.7647735979779,36.1733406714377]]]},"properties":{"id":"34959","parcel":"082150A05700CO","address":"2115 YEAMAN PL 318","owner":"NEFF, RANDY L.","point":[-86.76480448223909,36.17327298665066]}},{"type":"Feature","id":"34960","geometry":{"type":"Polygon","coordinates":[[[-86.7646623042682,36.1732641993067],[-86.764721883265,36.1732404844783],[-86.7647735979779,36.1733406714377],[-86.764717685692,36.1733619215309],[-86.7646869545849,36.1733736019553],[-86.764677778554,36.1733770894037],[-86.7646312688196,36.1732863985197],[-86.7646517821809,36.1732683874529],[-86.7646623042682,36.1732641993067]]]},"properties":{"id":"34960","parcel":"082150A05900CO","address":"2115 YEAMAN PL 320","owner":"WAGNER, MATTHEW C.","point":[-86.76470238815891,36.17331353491096]}},{"type":"Feature","id":"34961","geometry":{"type":"Polygon","coordinates":[[[-86.7643106130475,36.1733958530479],[-86.7643387302435,36.1733863036419],[-86.7643889629738,36.1734868552428],[-86.7643516462651,36.1735010377412],[-86.7642533366558,36.1735383994388],[-86.7642037069817,36.1734500110574],[-86.7642764146987,36.1734233364904],[-86.7643106130475,36.1733958530479]]]},"properties":{"id":"34961","parcel":"082150A06300CO","address":"2115 YEAMAN PL 328","owner":"NORRIS, PATRICK","point":[-86.7642969008894,36.173468434300005]}},{"type":"Feature","id":"34962","geometry":{"type":"Polygon","coordinates":[[[-86.76519242217,36.1734704374334],[-86.7651682282565,36.1734453265121],[-86.7651678288948,36.1734455264209],[-86.7652523723774,36.1733910451778],[-86.7652524038307,36.1733910792265],[-86.7652703529608,36.1734095261058],[-86.7652757881119,36.1734151119426],[-86.7653100776104,36.1734503611668],[-86.7652283349706,36.1735036503434],[-86.7652127635265,36.1735129798265],[-86.7651899555322,36.173491072236],[-86.7652046454581,36.1734831245775],[-86.76519242217,36.1734704374334]]]},"properties":{"id":"34962","parcel":"082150A06900CO","address":"2115 YEAMAN PL 403","owner":"WU, DAVID YUNG","point":[-86.76523858520368,36.17346037448242]}},{"type":"Feature","id":"34963","geometry":{"type":"Polygon","coordinates":[[[-86.7652524038307,36.1733910792265],[-86.7653165306858,36.1733480400654],[-86.765333765839,36.1733671439791],[-86.7653490178421,36.1733840523626],[-86.7653590768253,36.1733748407308],[-86.765383649416,36.1734011758366],[-86.7653622523363,36.1734160625341],[-86.7653105716066,36.1734508681513],[-86.7653100776104,36.1734503611668],[-86.7652757881119,36.1734151119426],[-86.7652703529608,36.1734095261058],[-86.7652524038307,36.1733910792265]]]},"properties":{"id":"34963","parcel":"082150A07000CO","address":"2115 YEAMAN PL 404","owner":"GARCIA, HUGO MARTINEZ 2026 LIVING TRUST","point":[-86.76531812524712,36.17339612774285]}},{"type":"Feature","id":"34964","geometry":{"type":"Polygon","coordinates":[[[-86.7651051415212,36.1733827477357],[-86.7651896654457,36.1733265866993],[-86.7652523723774,36.1733910451778],[-86.7651678288948,36.1734455264209],[-86.7651512249857,36.1734538404054],[-86.7651307965628,36.173430276514],[-86.7651446308839,36.173423170661],[-86.7651051415212,36.1733827477357]]]},"properties":{"id":"34964","parcel":"082150A07100CO","address":"2115 YEAMAN PL 405","owner":"VERZANI,  ALISON & CUSTER, KALEB","point":[-86.7651787651451,36.17338689649545]}},{"type":"Feature","id":"34965","geometry":{"type":"Polygon","coordinates":[[[-86.7652099824082,36.1732202148456],[-86.7653357499635,36.1731460895624],[-86.7653709146059,36.1732061576982],[-86.7652589589665,36.1732805460441],[-86.7651999750838,36.1733197357102],[-86.7651433515013,36.1732594854083],[-86.7652099824082,36.1732202148456]]]},"properties":{"id":"34965","parcel":"082150A07400CO","address":"2115 YEAMAN PL 408","owner":"KENDALL, ROBERT TILLMAN & LOUISE E.","point":[-86.76524822582147,36.173239990458995]}},{"type":"Feature","id":"34966","geometry":{"type":"Polygon","coordinates":[[[-86.7650038001875,36.1732316222452],[-86.7650123069842,36.1732283634284],[-86.7650277138193,36.1732541925048],[-86.7650558090678,36.1733012939556],[-86.7649874594189,36.173332487362],[-86.7649444053663,36.1732543689877],[-86.7649706157698,36.1732443304132],[-86.7650038001875,36.1732316222452]]]},"properties":{"id":"34966","parcel":"082150A07700CO","address":"2115 YEAMAN PL 411","owner":"TAYLOR, GREGORY W.","point":[-86.76499957654259,36.173277830443034]}},{"type":"Feature","id":"34967","geometry":{"type":"Polygon","coordinates":[[[-86.7648458515874,36.173209716602],[-86.7649049315002,36.1731868213919],[-86.764932254028,36.1732389901803],[-86.7649409421694,36.1732556950669],[-86.7649004115926,36.1732712166565],[-86.7648754061429,36.1732807933421],[-86.7648333604976,36.1732145580409],[-86.7648458515874,36.173209716602]]]},"properties":{"id":"34967","parcel":"082150A08600CO","address":"2115 YEAMAN PL 420","owner":"THANAWALLA, SAYF ADNAN FARID & FARID A","point":[-86.76488348175259,36.17322677544535]}},{"type":"Feature","id":"34968","geometry":{"type":"Polygon","coordinates":[[[-86.7643387302435,36.1733863036419],[-86.7644041619495,36.1733640813599],[-86.7644122893835,36.1733747486478],[-86.7644418947624,36.1733632133166],[-86.7644856011367,36.1734501258929],[-86.7644573519823,36.1734608631361],[-86.7644477672499,36.1734645063704],[-86.7643889629738,36.1734868552428],[-86.7643387302435,36.1733863036419]]]},"properties":{"id":"34968","parcel":"082150A09200CO","address":"2115 YEAMAN PL 430","owner":"JEONG, JOON LEO","point":[-86.76441211307022,36.17341821468641]}},{"type":"Feature","id":"34969","geometry":{"type":"Polygon","coordinates":[[[-86.7651860788555,36.1730679775889],[-86.7652711950867,36.1730358125515],[-86.7653357499635,36.1731460895624],[-86.7652099824082,36.1732202148456],[-86.7651581857222,36.173171864911],[-86.7652298255632,36.1731437896568],[-86.7651860788555,36.1730679775889]]]},"properties":{"id":"34969","parcel":"082150A09700CO","address":"2115 YEAMAN PL 510","owner":"GREGORIC, JOHN R JR & BURCIAGA, JULIA CHRISTINE","point":[-86.76526014292591,36.17310598596168]}},{"type":"Feature","id":"34970","geometry":{"type":"Polygon","coordinates":[[[-86.7650038001875,36.1732316222452],[-86.7650123069842,36.1732283634284],[-86.7650277138193,36.1732541925048],[-86.7650558090678,36.1733012939556],[-86.7649874594189,36.173332487362],[-86.7649444053663,36.1732543689877],[-86.7649706157698,36.1732443304132],[-86.7650038001875,36.1732316222452]]]},"properties":{"id":"34970","parcel":"082150A09800CO","address":"2115 YEAMAN PL 511","owner":"NIXON, ROBYN","point":[-86.76499957654259,36.173277830443034]}},{"type":"Feature","id":"34971","geometry":{"type":"Polygon","coordinates":[[[-86.7649409421694,36.1732556950669],[-86.7649444053663,36.1732543689877],[-86.7649874594189,36.173332487362],[-86.7649485610347,36.1733502400719],[-86.7649260168483,36.1733605284915],[-86.7648754061429,36.1732807933421],[-86.7649004115926,36.1732712166565],[-86.7649409421694,36.1732556950669]]]},"properties":{"id":"34971","parcel":"082150A10000CO","address":"2115 YEAMAN PL 513","owner":"EVERTON, GARY L.","point":[-86.76493251104499,36.173306642482196]}},{"type":"Feature","id":"34972","geometry":{"type":"Polygon","coordinates":[[[-86.7648142506718,36.1734025110961],[-86.7647787403107,36.173338716456],[-86.7648860548702,36.1732979310343],[-86.7649257080765,36.1733606701445],[-86.764872839539,36.1733810132739],[-86.7648650476525,36.1733667613576],[-86.7648303091781,36.1733800507362],[-86.7648389219023,36.1733940063445],[-86.7648142506718,36.1734025110961]]]},"properties":{"id":"34972","parcel":"082150A10200CO","address":"2115 YEAMAN PL 515","owner":"GLASGOW, DAVID L & POND, VAN G JR","point":[-86.76485181486169,36.173349692518855]}},{"type":"Feature","id":"34973","geometry":{"type":"Polygon","coordinates":[[[-86.7649951457955,36.1731401309842],[-86.7650387140828,36.1731236654094],[-86.7650871604203,36.17319969649],[-86.7650277900745,36.1732224404151],[-86.7650268541648,36.1732227924331],[-86.765016237543,36.1732268577369],[-86.7650123069842,36.1732283634284],[-86.7650038001875,36.1732316222452],[-86.7649655248428,36.1731600654508],[-86.7649837502254,36.1731477990766],[-86.7649951457955,36.1731401309842]]]},"properties":{"id":"34973","parcel":"082150A10300CO","address":"2115 YEAMAN PL 516","owner":"NIXON, BLAKE & JOHN B.","point":[-86.7650253328791,36.17317987900415]}},{"type":"Feature","id":"34974","geometry":{"type":"Polygon","coordinates":[[[-86.7645334342218,36.1733138345014],[-86.7645735284322,36.1732981238301],[-86.7645808653462,36.1733085410559],[-86.7646194116559,36.1732968120538],[-86.7646312688196,36.1732863985197],[-86.764677778554,36.1733770894037],[-86.7646323823832,36.1733943424149],[-86.7645833512245,36.173412977543],[-86.7645818095056,36.1734135623164],[-86.7645334342218,36.1733138345014]]]},"properties":{"id":"34974","parcel":"082150A11200CO","address":"2115 YEAMAN PL 526","owner":"WOOD, JESSICA & MCAROO, JAMES CLARK III","point":[-86.7646051684228,36.17334546111327]}},{"type":"Feature","id":"34975","geometry":{"type":"Polygon","coordinates":[[[-86.7643387302435,36.1733863036419],[-86.7644041619495,36.1733640813599],[-86.7644122893835,36.1733747486478],[-86.7644418947624,36.1733632133166],[-86.7644856011367,36.1734501258929],[-86.7644573519823,36.1734608631361],[-86.7644477672499,36.1734645063704],[-86.7643889629738,36.1734868552428],[-86.7643387302435,36.1733863036419]]]},"properties":{"id":"34975","parcel":"082150A11400CO","address":"2115 YEAMAN PL 530","owner":"MCPHERSON, KENNETH R.","point":[-86.76441211307022,36.17341821468641]}},{"type":"Feature","id":"34976","geometry":{"type":"Polygon","coordinates":[[[-86.7642533366558,36.1735383994388],[-86.7643516462651,36.1735010377412],[-86.7643908170559,36.1735744285346],[-86.7642945833999,36.1736118582323],[-86.7642533366558,36.1735383994388]]]},"properties":{"id":"34976","parcel":"082150A11600CO","address":"2115 YEAMAN PL 534","owner":"MONCEL, BETHANY","point":[-86.76432232560472,36.17355641449608]}},{"type":"Feature","id":"34977","geometry":{"type":"Polygon","coordinates":[[[-86.76519242217,36.1734704374334],[-86.7651682282565,36.1734453265121],[-86.7651678288948,36.1734455264209],[-86.7651512249857,36.1734538404054],[-86.7651307965628,36.173430276514],[-86.7651446308839,36.173423170661],[-86.7651051415212,36.1733827477357],[-86.7651896654457,36.1733265866993],[-86.7652523723774,36.1733910451778],[-86.7652524038307,36.1733910792265],[-86.7652703529608,36.1734095261058],[-86.7652757881119,36.1734151119426],[-86.76519242217,36.1734704374334]]]},"properties":{"id":"34977","parcel":"082150A12100CO","address":"2115 YEAMAN PL 603","owner":"HOLLINGSHAD, JAMES WILLARD & ZIELINSKI, JAYSON ANDREW","point":[-86.76519170121158,36.1734001660371]}},{"type":"Feature","id":"34978","geometry":{"type":"Polygon","coordinates":[[[-86.7650558090678,36.1733012939556],[-86.7650277138193,36.1732541925048],[-86.7650123069842,36.1732283634284],[-86.765016237543,36.1732268577369],[-86.7650268541648,36.1732227924331],[-86.7650277900745,36.1732224404151],[-86.7650871604203,36.17319969649],[-86.7651433515013,36.1732594854083],[-86.7651221569753,36.1732719770169],[-86.7651211085169,36.173271493374],[-86.7650681436087,36.1732956648782],[-86.7650558090678,36.1733012939556]]]},"properties":{"id":"34978","parcel":"082150A12300CO","address":"2115 YEAMAN PL 609","owner":"GAZENSKI FAMILY REV TRUST","point":[-86.76507322317595,36.17324138239113]}},{"type":"Feature","id":"34979","geometry":{"type":"Polygon","coordinates":[[[-86.7643106130475,36.1733958530479],[-86.7643387302435,36.1733863036419],[-86.7643889629738,36.1734868552428],[-86.7643516462651,36.1735010377412],[-86.7642533366558,36.1735383994388],[-86.7642037069817,36.1734500110574],[-86.7642764146987,36.1734233364904],[-86.7643106130475,36.1733958530479]]]},"properties":{"id":"34979","parcel":"082150A12400CO","address":"2115 YEAMAN PL 632","owner":"KURBANOV, JOSEPH MYRON & HILL, LOGAN RAE","point":[-86.7642969008894,36.173468434300005]}},{"type":"Feature","id":"35600","geometry":{"type":"Polygon","coordinates":[[[-86.7650558090678,36.1733012939556],[-86.7650277138193,36.1732541925048],[-86.7650123069842,36.1732283634284],[-86.765016237543,36.1732268577369],[-86.7650268541648,36.1732227924331],[-86.7650277900745,36.1732224404151],[-86.7650871604203,36.17319969649],[-86.7651433515013,36.1732594854083],[-86.7651221569753,36.1732719770169],[-86.7651211085169,36.173271493374],[-86.7650681436087,36.1732956648782],[-86.7650558090678,36.1733012939556]]]},"properties":{"id":"35600","parcel":"082150A04800CO","address":"2115 YEAMAN PL 309","owner":"GAO, TIAN GRACE & ZHAO, XIAO MEI","point":[-86.76507322317595,36.17324138239113]}},{"type":"Feature","id":"35601","geometry":{"type":"Polygon","coordinates":[[[-86.7646087450911,36.1734615814922],[-86.7645833512245,36.173412977543],[-86.7646323823832,36.1733943424149],[-86.764677778554,36.1733770894037],[-86.7646869545849,36.1733736019553],[-86.7647210093645,36.1734372364051],[-86.7647013092222,36.1734448200899],[-86.7646929409079,36.1734313090504],[-86.7646615216678,36.1734428721564],[-86.7646683392606,36.1734553421456],[-86.7646158967122,36.1734752624724],[-86.7646087450911,36.1734615814922]]]},"properties":{"id":"35601","parcel":"082150A05400CO","address":"2115 YEAMAN PL 319","owner":"BARROW, MICHAEL HUNTER","point":[-86.764650549721,36.173422167691776]}},{"type":"Feature","id":"35602","geometry":{"type":"Polygon","coordinates":[[[-86.7645334342218,36.1733138345014],[-86.7645735284322,36.1732981238301],[-86.7645808653462,36.1733085410559],[-86.7646194116559,36.1732968120538],[-86.7646312688196,36.1732863985197],[-86.764677778554,36.1733770894037],[-86.7646323823832,36.1733943424149],[-86.7645833512245,36.173412977543],[-86.7645818095056,36.1734135623164],[-86.7645334342218,36.1733138345014]]]},"properties":{"id":"35602","parcel":"082150A06000CO","address":"2115 YEAMAN PL 322","owner":"SHAFFER, JENNIFER K.","point":[-86.7646051684228,36.17334546111327]}},{"type":"Feature","id":"35655","geometry":{"type":"Polygon","coordinates":[[[-86.7652283349706,36.1735036503434],[-86.7653100776104,36.1734503611668],[-86.7653105716066,36.1734508681513],[-86.7653674516966,36.1735093340426],[-86.7652681204932,36.1735753443823],[-86.7652475928592,36.1735526806036],[-86.7652649047488,36.1735411265724],[-86.7652283349706,36.1735036503434]]]},"properties":{"id":"35655","parcel":"082150A00100CO","address":"2115 YEAMAN PL 101","owner":"CHOU, SHU-TING & CHENG, ZIJING","point":[-86.76529635790958,36.173525191466176]}},{"type":"Feature","id":"35656","geometry":{"type":"Polygon","coordinates":[[[-86.76519242217,36.1734704374334],[-86.7651682282565,36.1734453265121],[-86.7651678288948,36.1734455264209],[-86.7652523723774,36.1733910451778],[-86.7652524038307,36.1733910792265],[-86.7652703529608,36.1734095261058],[-86.7652757881119,36.1734151119426],[-86.7653100776104,36.1734503611668],[-86.7652283349706,36.1735036503434],[-86.7652127635265,36.1735129798265],[-86.7651899555322,36.173491072236],[-86.7652046454581,36.1734831245775],[-86.76519242217,36.1734704374334]]]},"properties":{"id":"35656","parcel":"082150A00300CO","address":"2115 YEAMAN PL 103","owner":"SAWICKI, JOHN","point":[-86.76523858520368,36.17346037448242]}},{"type":"Feature","id":"35657","geometry":{"type":"Polygon","coordinates":[[[-86.7649409421694,36.1732556950669],[-86.7649444053663,36.1732543689877],[-86.7649874594189,36.173332487362],[-86.7649485610347,36.1733502400719],[-86.7649260168483,36.1733605284915],[-86.7648754061429,36.1732807933421],[-86.7649004115926,36.1732712166565],[-86.7649409421694,36.1732556950669]]]},"properties":{"id":"35657","parcel":"082150A02300CO","address":"2115 YEAMAN PL 213","owner":"GOODHEART, BRIAN REVOCABLE TRUST","point":[-86.76493251104499,36.173306642482196]}},{"type":"Feature","id":"35658","geometry":{"type":"Polygon","coordinates":[[[-86.7646087450911,36.1734615814922],[-86.7645833512245,36.173412977543],[-86.7646323823832,36.1733943424149],[-86.764677778554,36.1733770894037],[-86.7646869545849,36.1733736019553],[-86.7647210093645,36.1734372364051],[-86.7647013092222,36.1734448200899],[-86.7646929409079,36.1734313090504],[-86.7646615216678,36.1734428721564],[-86.7646683392606,36.1734553421456],[-86.7646158967122,36.1734752624724],[-86.7646087450911,36.1734615814922]]]},"properties":{"id":"35658","parcel":"082150A02700CO","address":"2115 YEAMAN PL 219","owner":"HALTERS, KENNETH WESLEY","point":[-86.764650549721,36.173422167691776]}},{"type":"Feature","id":"35659","geometry":{"type":"Polygon","coordinates":[[[-86.7652524038307,36.1733910792265],[-86.7653165306858,36.1733480400654],[-86.765333765839,36.1733671439791],[-86.7653490178421,36.1733840523626],[-86.7653590768253,36.1733748407308],[-86.765383649416,36.1734011758366],[-86.7653622523363,36.1734160625341],[-86.7653105716066,36.1734508681513],[-86.7653100776104,36.1734503611668],[-86.7652757881119,36.1734151119426],[-86.7652703529608,36.1734095261058],[-86.7652524038307,36.1733910792265]]]},"properties":{"id":"35659","parcel":"082150A04300CO","address":"2115 YEAMAN PL 304","owner":"PALMER, CAPRICE","point":[-86.76531812524712,36.17339612774285]}},{"type":"Feature","id":"35660","geometry":{"type":"Polygon","coordinates":[[[-86.7651051415212,36.1733827477357],[-86.7651896654457,36.1733265866993],[-86.7652523723774,36.1733910451778],[-86.7651678288948,36.1734455264209],[-86.7651512249857,36.1734538404054],[-86.7651307965628,36.173430276514],[-86.7651446308839,36.173423170661],[-86.7651051415212,36.1733827477357]]]},"properties":{"id":"35660","parcel":"082150A04400CO","address":"2115 YEAMAN PL 305","owner":"SMITH, DANIEL C. & RODNEY B.","point":[-86.7651787651451,36.17338689649545]}},{"type":"Feature","id":"35796","geometry":{"type":"Polygon","coordinates":[[[-86.7647210093645,36.1734372364051],[-86.7646869545849,36.1733736019553],[-86.764717685692,36.1733619215309],[-86.7647735979779,36.1733406714377],[-86.7647787403107,36.173338716456],[-86.7648142506718,36.1734025110961],[-86.7647850790537,36.1734125674966],[-86.7647780484803,36.1733991074706],[-86.7647455359048,36.1734110641691],[-86.7647539053375,36.173424575198],[-86.7647210093645,36.1734372364051]]]},"properties":{"id":"35796","parcel":"082150A05200CO","address":"2115 YEAMAN PL 317","owner":"STEIMER, DAVID","point":[-86.76474953786331,36.1733863881971]}},{"type":"Feature","id":"35797","geometry":{"type":"Polygon","coordinates":[[[-86.7648458515874,36.173209716602],[-86.7649049315002,36.1731868213919],[-86.764932254028,36.1732389901803],[-86.7649409421694,36.1732556950669],[-86.7649004115926,36.1732712166565],[-86.7648754061429,36.1732807933421],[-86.7648333604976,36.1732145580409],[-86.7648458515874,36.173209716602]]]},"properties":{"id":"35797","parcel":"082150A05500CO","address":"2115 YEAMAN PL 316","owner":"PREVOST, KRISTEN","point":[-86.76488348175259,36.17322677544535]}},{"type":"Feature","id":"35798","geometry":{"type":"Polygon","coordinates":[[[-86.7644908936956,36.1733305033773],[-86.7645334342218,36.1733138345014],[-86.7645818095056,36.1734135623164],[-86.7645469748849,36.1734268017509],[-86.7644856011367,36.1734501258929],[-86.7644418947624,36.1733632133166],[-86.7644477287846,36.1733609394267],[-86.7644827209092,36.1733337050644],[-86.7644908936956,36.1733305033773]]]},"properties":{"id":"35798","parcel":"082150A06100CO","address":"2115 YEAMAN PL 324","owner":"GARCIA, JAVIER F. & ELKA STERN","point":[-86.76451207544166,36.17338838827617]}},{"type":"Feature","id":"35799","geometry":{"type":"Polygon","coordinates":[[[-86.765350649064,36.1736664555555],[-86.7652941204919,36.1735991514168],[-86.7652914649205,36.1736011167908],[-86.7652681204932,36.1735753443823],[-86.7653674516966,36.1735093340426],[-86.7654315802787,36.1735752506736],[-86.7654618918543,36.1735496986302],[-86.7654993854758,36.1736182815367],[-86.765350649064,36.1736664555555]]]},"properties":{"id":"35799","parcel":"082150A06600CO","address":"2115 YEAMAN PL 400","owner":"SINGH, ALVIN & BARBRA JOINT LIVING TRUST","point":[-86.76538076710227,36.17358744320997]}},{"type":"Feature","id":"35800","geometry":{"type":"Polygon","coordinates":[[[-86.7652283349706,36.1735036503434],[-86.7653100776104,36.1734503611668],[-86.7653105716066,36.1734508681513],[-86.7653674516966,36.1735093340426],[-86.7652681204932,36.1735753443823],[-86.7652475928592,36.1735526806036],[-86.7652649047488,36.1735411265724],[-86.7652283349706,36.1735036503434]]]},"properties":{"id":"35800","parcel":"082150A06700CO","address":"2115 YEAMAN PL 401","owner":"SMITH, NATHANIEL THOMAS & RALPH WAYNE & JENELLE","point":[-86.76529635790958,36.173525191466176]}},{"type":"Feature","id":"35801","geometry":{"type":"Polygon","coordinates":[[[-86.7650680193848,36.1732954628807],[-86.7651433515013,36.1732594854083],[-86.7651999750838,36.1733197357102],[-86.7651896654457,36.1733265866993],[-86.7651051415212,36.1733827477357],[-86.7651046058239,36.1733831035263],[-86.7650558090678,36.1733012939556],[-86.7650680193848,36.1732954628807]]]},"properties":{"id":"35801","parcel":"082150A07300CO","address":"2115 YEAMAN PL 407","owner":"ROBERTS, DANNY  BRICE","point":[-86.76513176243057,36.17332303752208]}},{"type":"Feature","id":"35802","geometry":{"type":"Polygon","coordinates":[[[-86.7649409421694,36.1732556950669],[-86.7649444053663,36.1732543689877],[-86.7649874594189,36.173332487362],[-86.7649485610347,36.1733502400719],[-86.7649260168483,36.1733605284915],[-86.7648754061429,36.1732807933421],[-86.7649004115926,36.1732712166565],[-86.7649409421694,36.1732556950669]]]},"properties":{"id":"35802","parcel":"082150A07900CO","address":"2115 YEAMAN PL 413","owner":"CHRZAN, MARIA","point":[-86.76493251104499,36.173306642482196]}},{"type":"Feature","id":"35803","geometry":{"type":"Polygon","coordinates":[[[-86.7649951457955,36.1731401309842],[-86.7650387140828,36.1731236654094],[-86.7650871604203,36.17319969649],[-86.7650277900745,36.1732224404151],[-86.7650268541648,36.1732227924331],[-86.765016237543,36.1732268577369],[-86.7650123069842,36.1732283634284],[-86.7650038001875,36.1732316222452],[-86.7649655248428,36.1731600654508],[-86.7649837502254,36.1731477990766],[-86.7649951457955,36.1731401309842]]]},"properties":{"id":"35803","parcel":"082150A08200CO","address":"2115 YEAMAN PL 416","owner":"TPPC PROPERTY, LLC","point":[-86.7650253328791,36.17317987900415]}},{"type":"Feature","id":"35804","geometry":{"type":"Polygon","coordinates":[[[-86.7644908936956,36.1733305033773],[-86.7645334342218,36.1733138345014],[-86.7645818095056,36.1734135623164],[-86.7645469748849,36.1734268017509],[-86.7644856011367,36.1734501258929],[-86.7644418947624,36.1733632133166],[-86.7644477287846,36.1733609394267],[-86.7644827209092,36.1733337050644],[-86.7644908936956,36.1733305033773]]]},"properties":{"id":"35804","parcel":"082150A09100CO","address":"2115 YEAMAN PL 428","owner":"MANNING, JACQUELINE","point":[-86.76451207544166,36.17338838827617]}},{"type":"Feature","id":"35805","geometry":{"type":"Polygon","coordinates":[[[-86.7642533366558,36.1735383994388],[-86.7643516462651,36.1735010377412],[-86.7643908170559,36.1735744285346],[-86.7642945833999,36.1736118582323],[-86.7642533366558,36.1735383994388]]]},"properties":{"id":"35805","parcel":"082150A09400CO","address":"2115 YEAMAN PL 434","owner":"RIEGLING, MARK ROBERT","point":[-86.76432232560472,36.17355641449608]}},{"type":"Feature","id":"35806","geometry":{"type":"Polygon","coordinates":[[[-86.7650387140828,36.1731236654094],[-86.7651154140457,36.173094680318],[-86.7651563319069,36.1731725913664],[-86.7650871604203,36.17319969649],[-86.7650387140828,36.1731236654094]]]},"properties":{"id":"35806","parcel":"082150A10100CO","address":"2115 YEAMAN PL 514","owner":"CARLIN, BRANDON M.","point":[-86.76509888962097,36.17314813108363]}},{"type":"Feature","id":"35807","geometry":{"type":"Polygon","coordinates":[[[-86.7647210093645,36.1734372364051],[-86.7646869545849,36.1733736019553],[-86.764717685692,36.1733619215309],[-86.7647735979779,36.1733406714377],[-86.7647787403107,36.173338716456],[-86.7648142506718,36.1734025110961],[-86.7647850790537,36.1734125674966],[-86.7647780484803,36.1733991074706],[-86.7647455359048,36.1734110641691],[-86.7647539053375,36.173424575198],[-86.7647210093645,36.1734372364051]]]},"properties":{"id":"35807","parcel":"082150A10400CO","address":"2115 YEAMAN PL 517","owner":"HARTLEY, ASA & VENTURINO, EMILY","point":[-86.76474953786331,36.1733863881971]}},{"type":"Feature","id":"35808","geometry":{"type":"Polygon","coordinates":[[[-86.7648458515874,36.173209716602],[-86.7649049315002,36.1731868213919],[-86.764932254028,36.1732389901803],[-86.7649409421694,36.1732556950669],[-86.7649004115926,36.1732712166565],[-86.7648754061429,36.1732807933421],[-86.7648333604976,36.1732145580409],[-86.7648458515874,36.173209716602]]]},"properties":{"id":"35808","parcel":"082150A10700CO","address":"2115 YEAMAN PL 520","owner":"KOVANDA, SEAN M.","point":[-86.76488348175259,36.17322677544535]}},{"type":"Feature","id":"35809","geometry":{"type":"Polygon","coordinates":[[[-86.7646623042682,36.1732641993067],[-86.764721883265,36.1732404844783],[-86.7647735979779,36.1733406714377],[-86.764717685692,36.1733619215309],[-86.7646869545849,36.1733736019553],[-86.764677778554,36.1733770894037],[-86.7646312688196,36.1732863985197],[-86.7646517821809,36.1732683874529],[-86.7646623042682,36.1732641993067]]]},"properties":{"id":"35809","parcel":"082150A11100CO","address":"2115 YEAMAN PL 524","owner":"HOUK, ROBERT MICHAEL","point":[-86.76470238815891,36.17331353491096]}},{"type":"Feature","id":"35810","geometry":{"type":"Polygon","coordinates":[[[-86.7644908936956,36.1733305033773],[-86.7645334342218,36.1733138345014],[-86.7645818095056,36.1734135623164],[-86.7645469748849,36.1734268017509],[-86.7644856011367,36.1734501258929],[-86.7644418947624,36.1733632133166],[-86.7644477287846,36.1733609394267],[-86.7644827209092,36.1733337050644],[-86.7644908936956,36.1733305033773]]]},"properties":{"id":"35810","parcel":"082150A11300CO","address":"2115 YEAMAN PL 528","owner":"MATHIESON, JOHN C. & BARBARA B.","point":[-86.76451207544166,36.17338838827617]}},{"type":"Feature","id":"35811","geometry":{"type":"Polygon","coordinates":[[[-86.7642945833999,36.1736118582323],[-86.7643908170559,36.1735744285346],[-86.7644088221535,36.173608163361],[-86.7644356503979,36.1736584292073],[-86.7643405103196,36.1736936493206],[-86.7643134848181,36.1736455189007],[-86.7642945833999,36.1736118582323]]]},"properties":{"id":"35811","parcel":"082150A11700CO","address":"2115 YEAMAN PL 536","owner":"CREDIT SHELTER TRUST & SURVIVORS TRUST","point":[-86.7643619664114,36.1736288025985]}},{"type":"Feature","id":"35812","geometry":{"type":"Polygon","coordinates":[[[-86.7647695516992,36.1743442955016],[-86.7645963795382,36.174032834441],[-86.7643808561437,36.1741118281784],[-86.7640090994434,36.1734451675488],[-86.7652598241111,36.1729742200079],[-86.7655907502814,36.1735610917551],[-86.7656096501051,36.1735937247913],[-86.7656262545214,36.1736271691031],[-86.7656405069245,36.1736613187011],[-86.7655838067311,36.1736842045817],[-86.7656027631573,36.1737383694067],[-86.7656179709352,36.1737933069574],[-86.7656293839348,36.1738488453855],[-86.765636966021,36.1739048118785],[-86.7656406921824,36.1739610344536],[-86.7656405540544,36.1740173383187],[-86.7651463156015,36.1742034265304],[-86.7647695516992,36.1743442955016]],[[-86.7651886796147,36.1737534478894],[-86.7651328317661,36.1736530944422],[-86.7650684670198,36.1736770308715],[-86.7650069521848,36.1736999073404],[-86.7649459911301,36.1737225774834],[-86.764885786565,36.1737449670142],[-86.7648238241341,36.1737680093542],[-86.7647639971982,36.1737902576358],[-86.7647038800382,36.1738126149767],[-86.764643605561,36.1738350309649],[-86.7645831903615,36.1738574973837],[-86.7645276764618,36.1738781428141],[-86.7645034481009,36.1738410253158],[-86.7644368044618,36.1738649875548],[-86.7645190124615,36.1740051554176],[-86.7645853644216,36.1739802153062],[-86.7646409659898,36.1739593178417],[-86.7647011285998,36.1739367033851],[-86.7647614794777,36.1739140192091],[-86.7648227507302,36.1738909884924],[-86.7648824746379,36.1738685398532],[-86.7649437458375,36.1738455108772],[-86.7650046171509,36.1738226313105],[-86.765064905835,36.1737999708081],[-86.765125653029,36.1737771379309],[-86.7651886796147,36.1737534478894]],[[-86.7644356503979,36.1736584292073],[-86.7645408368107,36.1736194871475],[-86.7645117371162,36.1735710274272],[-86.764478594193,36.1735158392191],[-86.7645207352598,36.1734965808379],[-86.7645250681141,36.1734946003512],[-86.7645315177524,36.1735088013065],[-86.7645820708862,36.1734890245697],[-86.7645753161927,36.1734754672505],[-86.7646087450911,36.1734615814922],[-86.7646158967122,36.1734752624724],[-86.7646683392606,36.1734553421456],[-86.7646615216678,36.1734428721564],[-86.7646929409079,36.1734313090504],[-86.7647013092222,36.1734448200899],[-86.7647210093645,36.1734372364051],[-86.7647539053375,36.173424575198],[-86.7647455359048,36.1734110641691],[-86.7647780484803,36.1733991074706],[-86.7647850790537,36.1734125674966],[-86.7648142506718,36.1734025110961],[-86.7648389219023,36.1733940063445],[-86.7648303091781,36.1733800507362],[-86.7648650476525,36.1733667613576],[-86.764872839539,36.1733810132739],[-86.7649257080765,36.1733606701445],[-86.7649260168483,36.1733605284915],[-86.7649485610347,36.1733502400719],[-86.7649874594189,36.173332487362],[-86.7650558090678,36.1733012939556],[-86.7650681436087,36.1732956648782],[-86.7651211085169,36.173271493374],[-86.7651221569753,36.1732719770169],[-86.7651433515013,36.1732594854083],[-86.7652099824082,36.1732202148456],[-86.7653357499635,36.1731460895624],[-86.7652711950867,36.1730358125515],[-86.7651860788555,36.1730679775889],[-86.7651154140457,36.173094680318],[-86.7650387140828,36.1731236654094],[-86.7649951457955,36.1731401309842],[-86.7649837502254,36.1731477990766],[-86.7649655248428,36.1731600654508],[-86.7649540486291,36.1731677863249],[-86.7649049315002,36.1731868213919],[-86.7648458515874,36.173209716602],[-86.7648333604976,36.1732145580409],[-86.7647489796491,36.1732480934387],[-86.7647418001291,36.173232556034],[-86.764721883265,36.1732404844783],[-86.7646623042682,36.1732641993067],[-86.7646517821809,36.1732683874529],[-86.7646312688196,36.1732863985197],[-86.7646194116559,36.1732968120538],[-86.7645808653462,36.1733085410559],[-86.7645735284322,36.1732981238301],[-86.7645334342218,36.1733138345014],[-86.7644908936956,36.1733305033773],[-86.7644827209092,36.1733337050644],[-86.7644477287846,36.1733609394267],[-86.7644418947624,36.1733632133166],[-86.7644122893835,36.1733747486478],[-86.7644041619495,36.1733640813599],[-86.7643387302435,36.1733863036419],[-86.7643106130475,36.1733958530479],[-86.7642764146987,36.1734233364904],[-86.7642037069817,36.1734500110574],[-86.7642533366558,36.1735383994388],[-86.7642945833999,36.1736118582323],[-86.7643134848181,36.1736455189007],[-86.7643405103196,36.1736936493206],[-86.7644356503979,36.1736584292073]],[[-86.7651896654457,36.1733265866993],[-86.7651051415212,36.1733827477357],[-86.7651446308839,36.173423170661],[-86.7651307965628,36.173430276514],[-86.7651512249857,36.1734538404054],[-86.7651678288948,36.1734455264209],[-86.7651682282565,36.1734453265121],[-86.76519242217,36.1734704374334],[-86.7652046454581,36.1734831245775],[-86.7651899555322,36.173491072236],[-86.7652127635265,36.1735129798265],[-86.7652283349706,36.1735036503434],[-86.7652649047488,36.1735411265724],[-86.7652475928592,36.1735526806036],[-86.7652681204932,36.1735753443823],[-86.7653674516966,36.1735093340426],[-86.7654315802787,36.1735752506736],[-86.7654618918543,36.1735496986302],[-86.7654740219951,36.1735394734495],[-86.7654496645031,36.1735141256875],[-86.7654430179943,36.1735199801008],[-86.7654090380245,36.1734866360308],[-86.7654321093558,36.1734706139284],[-86.7654061057701,36.1734458588135],[-86.7653980608389,36.1734527477328],[-86.7653622523363,36.1734160625341],[-86.765383649416,36.1734011758366],[-86.7653590768253,36.1733748407308],[-86.7653490178421,36.1733840523626],[-86.765333765839,36.1733671439791],[-86.7653165306858,36.1733480400654],[-86.7653343919735,36.1733362887677],[-86.7653077181147,36.1733091080675],[-86.765295191277,36.1733168113008],[-86.7652589589665,36.1732805460441],[-86.7651999750838,36.1733197357102],[-86.7651896654457,36.1733265866993]]]},"properties":{"id":"35812","parcel":"082150A12700CO","address":"2115 YEAMAN PL","owner":"O.I.C 5TH & MAIN CONDOMINIUMS","point":[-86.7647842611081,36.17365576237159]}},{"type":"Feature","id":"35813","geometry":{"type":"Polygon","coordinates":[[[-86.7649459911301,36.1737225774834],[-86.7650069521848,36.1736999073404],[-86.765064905835,36.1737999708081],[-86.7650046171509,36.1738226313105],[-86.7649459911301,36.1737225774834]]]},"properties":{"id":"35813","parcel":"082150A70400CO","address":"704 STRICKLAND DR","owner":"GORDON, JAMONT DESHAN","point":[-86.76500557947455,36.173761274417686]}},{"type":"Feature","id":"35814","geometry":{"type":"Polygon","coordinates":[[[-86.764885786565,36.1737449670142],[-86.7649459911301,36.1737225774834],[-86.7650046171509,36.1738226313105],[-86.7649437458375,36.1738455108772],[-86.764885786565,36.1737449670142]]]},"properties":{"id":"35814","parcel":"082150A70600CO","address":"706 STRICKLAND DR","owner":"PB'S TRUST, THE","point":[-86.76494501777243,36.17378379881576]}},{"type":"Feature","id":"35815","geometry":{"type":"Polygon","coordinates":[[[-86.7647639971982,36.1737902576358],[-86.7648238241341,36.1737680093542],[-86.7648824746379,36.1738685398532],[-86.7648227507302,36.1738909884924],[-86.7647639971982,36.1737902576358]]]},"properties":{"id":"35815","parcel":"082150A71000CO","address":"710 STRICKLAND DR","owner":"ROGERS, JUSTIN","point":[-86.76482323321207,36.173829398753924]}},{"type":"Feature","id":"36410","geometry":{"type":"Polygon","coordinates":[[[-86.764643605561,36.1738350309649],[-86.7647038800382,36.1738126149767],[-86.7647614794777,36.1739140192091],[-86.7647011285998,36.1739367033851],[-86.764643605561,36.1738350309649]]]},"properties":{"id":"36410","parcel":"082150A71400CO","address":"714 STRICKLAND DR","owner":"KAMAR, JIMMY A.","point":[-86.7647024981106,36.17387452501431]}},{"type":"Feature","id":"36416","geometry":{"type":"Polygon","coordinates":[[[-86.7645276764618,36.1738781428141],[-86.7645831903615,36.1738574973837],[-86.7646409659898,36.1739593178417],[-86.7645853644216,36.1739802153062],[-86.7645276764618,36.1738781428141]]]},"properties":{"id":"36416","parcel":"082150A71800CO","address":"718 STRICKLAND DR","owner":"SKORA, ALEXANDER J.","point":[-86.7645842753717,36.17391873025121]}},{"type":"Feature","id":"36757","geometry":{"type":"Polygon","coordinates":[[[-86.7654315802787,36.1735752506736],[-86.7653674516966,36.1735093340426],[-86.7653105716066,36.1734508681513],[-86.7653622523363,36.1734160625341],[-86.7653980608389,36.1734527477328],[-86.7654061057701,36.1734458588135],[-86.7654321093558,36.1734706139284],[-86.7654090380245,36.1734866360308],[-86.7654430179943,36.1735199801008],[-86.7654496645031,36.1735141256875],[-86.7654740219951,36.1735394734495],[-86.7654618918543,36.1735496986302],[-86.7654315802787,36.1735752506736]]]},"properties":{"id":"36757","parcel":"082150A00200CO","address":"2115 YEAMAN PL 102","owner":"KENNISIS GROUP, LLC","point":[-86.76538850895257,36.173497985556025]}},{"type":"Feature","id":"36758","geometry":{"type":"Polygon","coordinates":[[[-86.7652283349706,36.1735036503434],[-86.7653100776104,36.1734503611668],[-86.7653105716066,36.1734508681513],[-86.7653674516966,36.1735093340426],[-86.7652681204932,36.1735753443823],[-86.7652475928592,36.1735526806036],[-86.7652649047488,36.1735411265724],[-86.7652283349706,36.1735036503434]]]},"properties":{"id":"36758","parcel":"082150A01500CO","address":"2115 YEAMAN PL 201","owner":"KUMAR, AVINASH & PREETI","point":[-86.76529635790958,36.173525191466176]}},{"type":"Feature","id":"36759","geometry":{"type":"Polygon","coordinates":[[[-86.7654315802787,36.1735752506736],[-86.7653674516966,36.1735093340426],[-86.7653105716066,36.1734508681513],[-86.7653622523363,36.1734160625341],[-86.7653980608389,36.1734527477328],[-86.7654061057701,36.1734458588135],[-86.7654321093558,36.1734706139284],[-86.7654090380245,36.1734866360308],[-86.7654430179943,36.1735199801008],[-86.7654496645031,36.1735141256875],[-86.7654740219951,36.1735394734495],[-86.7654618918543,36.1735496986302],[-86.7654315802787,36.1735752506736]]]},"properties":{"id":"36759","parcel":"082150A01600CO","address":"2115 YEAMAN PL 202","owner":"GOKHALE, SANJIV B. & HEMALATHA S.","point":[-86.76538850895257,36.173497985556025]}},{"type":"Feature","id":"36760","geometry":{"type":"Polygon","coordinates":[[[-86.7648142506718,36.1734025110961],[-86.7647787403107,36.173338716456],[-86.7648860548702,36.1732979310343],[-86.7649257080765,36.1733606701445],[-86.764872839539,36.1733810132739],[-86.7648650476525,36.1733667613576],[-86.7648303091781,36.1733800507362],[-86.7648389219023,36.1733940063445],[-86.7648142506718,36.1734025110961]]]},"properties":{"id":"36760","parcel":"082150A02400CO","address":"2115 YEAMAN PL 215","owner":"JONES, NATHAN","point":[-86.76485181486169,36.173349692518855]}},{"type":"Feature","id":"36761","geometry":{"type":"Polygon","coordinates":[[[-86.7649540486291,36.1731677863249],[-86.7649655248428,36.1731600654508],[-86.7650038001875,36.1732316222452],[-86.7649706157698,36.1732443304132],[-86.7649444053663,36.1732543689877],[-86.7649409421694,36.1732556950669],[-86.764932254028,36.1732389901803],[-86.7649049315002,36.1731868213919],[-86.7649540486291,36.1731677863249]]]},"properties":{"id":"36761","parcel":"082150A02600CO","address":"2115 YEAMAN PL 214","owner":"MCGEE, BRITTANIE","point":[-86.76495424111201,36.1732092215839]}},{"type":"Feature","id":"36762","geometry":{"type":"Polygon","coordinates":[[[-86.7648458515874,36.173209716602],[-86.7649049315002,36.1731868213919],[-86.764932254028,36.1732389901803],[-86.7649409421694,36.1732556950669],[-86.7649004115926,36.1732712166565],[-86.7648754061429,36.1732807933421],[-86.7648333604976,36.1732145580409],[-86.7648458515874,36.173209716602]]]},"properties":{"id":"36762","parcel":"082150A02800CO","address":"2115 YEAMAN PL 216","owner":"FOSTER, MATTHEW M.","point":[-86.76488348175259,36.17322677544535]}},{"type":"Feature","id":"36763","geometry":{"type":"Polygon","coordinates":[[[-86.7642533366558,36.1735383994388],[-86.7643516462651,36.1735010377412],[-86.7643908170559,36.1735744285346],[-86.7642945833999,36.1736118582323],[-86.7642533366558,36.1735383994388]]]},"properties":{"id":"36763","parcel":"082150A03700CO","address":"2115 YEAMAN PL 230","owner":"HILTUNEN, COURTNEY L.","point":[-86.76432232560472,36.17355641449608]}},{"type":"Feature","id":"36764","geometry":{"type":"Polygon","coordinates":[[[-86.7654315802787,36.1735752506736],[-86.7653674516966,36.1735093340426],[-86.7653105716066,36.1734508681513],[-86.7653622523363,36.1734160625341],[-86.7653980608389,36.1734527477328],[-86.7654061057701,36.1734458588135],[-86.7654321093558,36.1734706139284],[-86.7654090380245,36.1734866360308],[-86.7654430179943,36.1735199801008],[-86.7654496645031,36.1735141256875],[-86.7654740219951,36.1735394734495],[-86.7654618918543,36.1735496986302],[-86.7654315802787,36.1735752506736]]]},"properties":{"id":"36764","parcel":"082150A04100CO","address":"2115 YEAMAN PL 302","owner":"BRADLEY, STEVEN KYLE","point":[-86.76538850895257,36.173497985556025]}},{"type":"Feature","id":"36765","geometry":{"type":"Polygon","coordinates":[[[-86.76519242217,36.1734704374334],[-86.7651682282565,36.1734453265121],[-86.7651678288948,36.1734455264209],[-86.7652523723774,36.1733910451778],[-86.7652524038307,36.1733910792265],[-86.7652703529608,36.1734095261058],[-86.7652757881119,36.1734151119426],[-86.7653100776104,36.1734503611668],[-86.7652283349706,36.1735036503434],[-86.7652127635265,36.1735129798265],[-86.7651899555322,36.173491072236],[-86.7652046454581,36.1734831245775],[-86.76519242217,36.1734704374334]]]},"properties":{"id":"36765","parcel":"082150A04200CO","address":"2115 YEAMAN PL 303","owner":"SUARA, ZAINAB & ZULFAT","point":[-86.76523858520368,36.17346037448242]}},{"type":"Feature","id":"36867","geometry":{"type":"Polygon","coordinates":[[[-86.7651999750838,36.1733197357102],[-86.7652589589665,36.1732805460441],[-86.765295191277,36.1733168113008],[-86.7653077181147,36.1733091080675],[-86.7653343919735,36.1733362887677],[-86.7653165306858,36.1733480400654],[-86.7652524038307,36.1733910792265],[-86.7652523723774,36.1733910451778],[-86.7651896654457,36.1733265866993],[-86.7651999750838,36.1733197357102]]]},"properties":{"id":"36867","parcel":"082150A04500CO","address":"2115 YEAMAN PL 306","owner":"LIN, YAO Z & LI, NI","point":[-86.76526200855622,36.17333143771584]}},{"type":"Feature","id":"36928","geometry":{"type":"Polygon","coordinates":[[[-86.7645831903615,36.1738574973837],[-86.764643605561,36.1738350309649],[-86.7647011285998,36.1739367033851],[-86.7646409659898,36.1739593178417],[-86.7645831903615,36.1738574973837]]]},"properties":{"id":"36928","parcel":"082150A71600CO","address":"716 STRICKLAND DR","owner":"GILLARD, MITCHELL","point":[-86.76464219227705,36.17389710046347]}},{"type":"Feature","id":"37166","geometry":{"type":"Polygon","coordinates":[[[-86.7644368044618,36.1738649875548],[-86.7645034481009,36.1738410253158],[-86.7645276764618,36.1738781428141],[-86.7645853644216,36.1739802153062],[-86.7645190124615,36.1740051554176],[-86.7644368044618,36.1738649875548]]]},"properties":{"id":"37166","parcel":"082150A72000CO","address":"720 STRICKLAND DR","owner":"TURK, ANDREW","point":[-86.76451543908942,36.173929098270314]}},{"type":"Feature","id":"37908","geometry":{"type":"Polygon","coordinates":[[[-86.7651051415212,36.1733827477357],[-86.7651896654457,36.1733265866993],[-86.7652523723774,36.1733910451778],[-86.7651678288948,36.1734455264209],[-86.7651512249857,36.1734538404054],[-86.7651307965628,36.173430276514],[-86.7651446308839,36.173423170661],[-86.7651051415212,36.1733827477357]]]},"properties":{"id":"37908","parcel":"082150A00500CO","address":"2115 YEAMAN PL 105","owner":"CREASON, JEREMY & JAMES","point":[-86.7651787651451,36.17338689649545]}},{"type":"Feature","id":"37909","geometry":{"type":"Polygon","coordinates":[[[-86.7652524038307,36.1733910792265],[-86.7653165306858,36.1733480400654],[-86.765333765839,36.1733671439791],[-86.7653490178421,36.1733840523626],[-86.7653590768253,36.1733748407308],[-86.765383649416,36.1734011758366],[-86.7653622523363,36.1734160625341],[-86.7653105716066,36.1734508681513],[-86.7653100776104,36.1734503611668],[-86.7652757881119,36.1734151119426],[-86.7652703529608,36.1734095261058],[-86.7652524038307,36.1733910792265]]]},"properties":{"id":"37909","parcel":"082150A01800CO","address":"2115 YEAMAN PL 204","owner":"BATES, BRIAN D.","point":[-86.76531812524712,36.17339612774285]}},{"type":"Feature","id":"37910","geometry":{"type":"Polygon","coordinates":[[[-86.7651051415212,36.1733827477357],[-86.7651896654457,36.1733265866993],[-86.7652523723774,36.1733910451778],[-86.7651678288948,36.1734455264209],[-86.7651512249857,36.1734538404054],[-86.7651307965628,36.173430276514],[-86.7651446308839,36.173423170661],[-86.7651051415212,36.1733827477357]]]},"properties":{"id":"37910","parcel":"082150A01900CO","address":"2115 YEAMAN PL 205","owner":"WOLFE, EVE C.","point":[-86.7651787651451,36.17338689649545]}},{"type":"Feature","id":"37911","geometry":{"type":"Polygon","coordinates":[[[-86.7650558090678,36.1733012939556],[-86.7650277138193,36.1732541925048],[-86.7650123069842,36.1732283634284],[-86.765016237543,36.1732268577369],[-86.7650268541648,36.1732227924331],[-86.7650277900745,36.1732224404151],[-86.7650871604203,36.17319969649],[-86.7651433515013,36.1732594854083],[-86.7651221569753,36.1732719770169],[-86.7651211085169,36.173271493374],[-86.7650681436087,36.1732956648782],[-86.7650558090678,36.1733012939556]]]},"properties":{"id":"37911","parcel":"082150A02100CO","address":"2115 YEAMAN PL 209","owner":"SMALLBONE, DAVID JOSHUA","point":[-86.76507322317595,36.17324138239113]}},{"type":"Feature","id":"37912","geometry":{"type":"Polygon","coordinates":[[[-86.7650038001875,36.1732316222452],[-86.7650123069842,36.1732283634284],[-86.7650277138193,36.1732541925048],[-86.7650558090678,36.1733012939556],[-86.7649874594189,36.173332487362],[-86.7649444053663,36.1732543689877],[-86.7649706157698,36.1732443304132],[-86.7650038001875,36.1732316222452]]]},"properties":{"id":"37912","parcel":"082150A02200CO","address":"2115 YEAMAN PL 211","owner":"MOONEYHAM, CLINT","point":[-86.76499957654259,36.173277830443034]}},{"type":"Feature","id":"37913","geometry":{"type":"Polygon","coordinates":[[[-86.7647210093645,36.1734372364051],[-86.7646869545849,36.1733736019553],[-86.764717685692,36.1733619215309],[-86.7647735979779,36.1733406714377],[-86.7647787403107,36.173338716456],[-86.7648142506718,36.1734025110961],[-86.7647850790537,36.1734125674966],[-86.7647780484803,36.1733991074706],[-86.7647455359048,36.1734110641691],[-86.7647539053375,36.173424575198],[-86.7647210093645,36.1734372364051]]]},"properties":{"id":"37913","parcel":"082150A02500CO","address":"2115 YEAMAN PL 217","owner":"KNOX, JOHN THOMAS","point":[-86.76474953786331,36.1733863881971]}},{"type":"Feature","id":"37914","geometry":{"type":"Polygon","coordinates":[[[-86.764478594193,36.1735158392191],[-86.7644477672499,36.1734645063704],[-86.7644573519823,36.1734608631361],[-86.7644856011367,36.1734501258929],[-86.7645469748849,36.1734268017509],[-86.7645818095056,36.1734135623164],[-86.7645833512245,36.173412977543],[-86.7646087450911,36.1734615814922],[-86.7645753161927,36.1734754672505],[-86.7645820708862,36.1734890245697],[-86.7645315177524,36.1735088013065],[-86.7645250681141,36.1734946003512],[-86.7645207352598,36.1734965808379],[-86.764478594193,36.1735158392191]]]},"properties":{"id":"37914","parcel":"082150A02900CO","address":"2115 YEAMAN PL 221","owner":"LEE, PHILLIP & MARY ANN","point":[-86.76452843542634,36.17346304431089]}},{"type":"Feature","id":"37915","geometry":{"type":"Polygon","coordinates":[[[-86.7647735979779,36.1733406714377],[-86.764721883265,36.1732404844783],[-86.7647418001291,36.173232556034],[-86.7647489796491,36.1732480934387],[-86.7648333604976,36.1732145580409],[-86.7648860548702,36.1732979310343],[-86.7647787403107,36.173338716456],[-86.7647735979779,36.1733406714377]]]},"properties":{"id":"37915","parcel":"082150A03000CO","address":"2115 YEAMAN PL 218","owner":"REDDEN, TAYLOR","point":[-86.76480448223909,36.17327298665066]}},{"type":"Feature","id":"37916","geometry":{"type":"Polygon","coordinates":[[[-86.7643889629738,36.1734868552428],[-86.7644477672499,36.1734645063704],[-86.764478594193,36.1735158392191],[-86.7645117371162,36.1735710274272],[-86.7645408368107,36.1736194871475],[-86.7644356503979,36.1736584292073],[-86.7644088221535,36.173608163361],[-86.7643908170559,36.1735744285346],[-86.7643516462651,36.1735010377412],[-86.7643889629738,36.1734868552428]]]},"properties":{"id":"37916","parcel":"082150A03100CO","address":"2115 YEAMAN PL 223","owner":"IWUEKE, IZUCHUKWU & CHIKA","point":[-86.76443465628496,36.17354331428693]}},{"type":"Feature","id":"37917","geometry":{"type":"Polygon","coordinates":[[[-86.7643387302435,36.1733863036419],[-86.7644041619495,36.1733640813599],[-86.7644122893835,36.1733747486478],[-86.7644418947624,36.1733632133166],[-86.7644856011367,36.1734501258929],[-86.7644573519823,36.1734608631361],[-86.7644477672499,36.1734645063704],[-86.7643889629738,36.1734868552428],[-86.7643387302435,36.1733863036419]]]},"properties":{"id":"37917","parcel":"082150A03500CO","address":"2115 YEAMAN PL 226","owner":"CAMPAGNI, MATTHEW & REDDEN, TAYLOR","point":[-86.76441211307022,36.17341821468641]}},{"type":"Feature","id":"37918","geometry":{"type":"Polygon","coordinates":[[[-86.7643106130475,36.1733958530479],[-86.7643387302435,36.1733863036419],[-86.7643889629738,36.1734868552428],[-86.7643516462651,36.1735010377412],[-86.7642533366558,36.1735383994388],[-86.7642037069817,36.1734500110574],[-86.7642764146987,36.1734233364904],[-86.7643106130475,36.1733958530479]]]},"properties":{"id":"37918","parcel":"082150A03600CO","address":"2115 YEAMAN PL 228","owner":"SAWICKI, JOHN CHARLES","point":[-86.7642969008894,36.173468434300005]}},{"type":"Feature","id":"37919","geometry":{"type":"Polygon","coordinates":[[[-86.765350649064,36.1736664555555],[-86.7652941204919,36.1735991514168],[-86.7652914649205,36.1736011167908],[-86.7652681204932,36.1735753443823],[-86.7653674516966,36.1735093340426],[-86.7654315802787,36.1735752506736],[-86.7654618918543,36.1735496986302],[-86.7654993854758,36.1736182815367],[-86.765350649064,36.1736664555555]]]},"properties":{"id":"37919","parcel":"082150A03900CO","address":"2115 YEAMAN PL 300","owner":"KLUTTS, CLAYTON EDWARD","point":[-86.76538076710227,36.17358744320997]}},{"type":"Feature","id":"37920","geometry":{"type":"Polygon","coordinates":[[[-86.7652283349706,36.1735036503434],[-86.7653100776104,36.1734503611668],[-86.7653105716066,36.1734508681513],[-86.7653674516966,36.1735093340426],[-86.7652681204932,36.1735753443823],[-86.7652475928592,36.1735526806036],[-86.7652649047488,36.1735411265724],[-86.7652283349706,36.1735036503434]]]},"properties":{"id":"37920","parcel":"082150A04000CO","address":"2115 YEAMAN PL 301","owner":"WASUDEV, GEETA P., TRUSTEE","point":[-86.76529635790958,36.173525191466176]}},{"type":"Feature","id":"37961","geometry":{"type":"Polygon","coordinates":[[[-86.7652524038307,36.1733910792265],[-86.7653165306858,36.1733480400654],[-86.765333765839,36.1733671439791],[-86.7653490178421,36.1733840523626],[-86.7653590768253,36.1733748407308],[-86.765383649416,36.1734011758366],[-86.7653622523363,36.1734160625341],[-86.7653105716066,36.1734508681513],[-86.7653100776104,36.1734503611668],[-86.7652757881119,36.1734151119426],[-86.7652703529608,36.1734095261058],[-86.7652524038307,36.1733910792265]]]},"properties":{"id":"37961","parcel":"082150A00400CO","address":"2115 YEAMAN PL 104","owner":"APPELBAUM, MATTHEW DAVID","point":[-86.76531812524712,36.17339612774285]}},{"type":"Feature","id":"37962","geometry":{"type":"Polygon","coordinates":[[[-86.7651999750838,36.1733197357102],[-86.7652589589665,36.1732805460441],[-86.765295191277,36.1733168113008],[-86.7653077181147,36.1733091080675],[-86.7653343919735,36.1733362887677],[-86.7653165306858,36.1733480400654],[-86.7652524038307,36.1733910792265],[-86.7652523723774,36.1733910451778],[-86.7651896654457,36.1733265866993],[-86.7651999750838,36.1733197357102]]]},"properties":{"id":"37962","parcel":"082150A00600CO","address":"2115 YEAMAN PL 106","owner":"REINFORD, ERIC","point":[-86.76526200855622,36.17333143771584]}},{"type":"Feature","id":"37963","geometry":{"type":"Polygon","coordinates":[[[-86.765350649064,36.1736664555555],[-86.7652941204919,36.1735991514168],[-86.7652914649205,36.1736011167908],[-86.7652681204932,36.1735753443823],[-86.7653674516966,36.1735093340426],[-86.7654315802787,36.1735752506736],[-86.7654618918543,36.1735496986302],[-86.7654993854758,36.1736182815367],[-86.765350649064,36.1736664555555]]]},"properties":{"id":"37963","parcel":"082150A01400CO","address":"2115 YEAMAN PL 200","owner":"BRYCOLTRY TRUST","point":[-86.76538076710227,36.17358744320997]}},{"type":"Feature","id":"37964","geometry":{"type":"Polygon","coordinates":[[[-86.76519242217,36.1734704374334],[-86.7651682282565,36.1734453265121],[-86.7651678288948,36.1734455264209],[-86.7652523723774,36.1733910451778],[-86.7652524038307,36.1733910792265],[-86.7652703529608,36.1734095261058],[-86.7652757881119,36.1734151119426],[-86.7653100776104,36.1734503611668],[-86.7652283349706,36.1735036503434],[-86.7652127635265,36.1735129798265],[-86.7651899555322,36.173491072236],[-86.7652046454581,36.1734831245775],[-86.76519242217,36.1734704374334]]]},"properties":{"id":"37964","parcel":"082150A01700CO","address":"2115 YEAMAN PL 203","owner":"EVERS, RUSSELL","point":[-86.76523858520368,36.17346037448242]}},{"type":"Feature","id":"37965","geometry":{"type":"Polygon","coordinates":[[[-86.7651999750838,36.1733197357102],[-86.7652589589665,36.1732805460441],[-86.765295191277,36.1733168113008],[-86.7653077181147,36.1733091080675],[-86.7653343919735,36.1733362887677],[-86.7653165306858,36.1733480400654],[-86.7652524038307,36.1733910792265],[-86.7652523723774,36.1733910451778],[-86.7651896654457,36.1733265866993],[-86.7651999750838,36.1733197357102]]]},"properties":{"id":"37965","parcel":"082150A02000CO","address":"2115 YEAMAN PL 206","owner":"BURKS, MARTEZ","point":[-86.76526200855622,36.17333143771584]}},{"type":"Feature","id":"37966","geometry":{"type":"Polygon","coordinates":[[[-86.7646623042682,36.1732641993067],[-86.764721883265,36.1732404844783],[-86.7647735979779,36.1733406714377],[-86.764717685692,36.1733619215309],[-86.7646869545849,36.1733736019553],[-86.764677778554,36.1733770894037],[-86.7646312688196,36.1732863985197],[-86.7646517821809,36.1732683874529],[-86.7646623042682,36.1732641993067]]]},"properties":{"id":"37966","parcel":"082150A03200CO","address":"2115 YEAMAN PL 220","owner":"HART, MARK & TOSHIKO REVOCABLE LIVING TRUST","point":[-86.76470238815891,36.17331353491096]}},{"type":"Feature","id":"37967","geometry":{"type":"Polygon","coordinates":[[[-86.7645334342218,36.1733138345014],[-86.7645735284322,36.1732981238301],[-86.7645808653462,36.1733085410559],[-86.7646194116559,36.1732968120538],[-86.7646312688196,36.1732863985197],[-86.764677778554,36.1733770894037],[-86.7646323823832,36.1733943424149],[-86.7645833512245,36.173412977543],[-86.7645818095056,36.1734135623164],[-86.7645334342218,36.1733138345014]]]},"properties":{"id":"37967","parcel":"082150A03300CO","address":"2115 YEAMAN PL 222","owner":"SCHWABE, AMANDA","point":[-86.7646051684228,36.17334546111327]}},{"type":"Feature","id":"37968","geometry":{"type":"Polygon","coordinates":[[[-86.7644908936956,36.1733305033773],[-86.7645334342218,36.1733138345014],[-86.7645818095056,36.1734135623164],[-86.7645469748849,36.1734268017509],[-86.7644856011367,36.1734501258929],[-86.7644418947624,36.1733632133166],[-86.7644477287846,36.1733609394267],[-86.7644827209092,36.1733337050644],[-86.7644908936956,36.1733305033773]]]},"properties":{"id":"37968","parcel":"082150A03400CO","address":"2115 YEAMAN PL 224","owner":"WILLIAMS, JESSICA & MYRA M.","point":[-86.76451207544166,36.17338838827617]}},{"type":"Feature","id":"37969","geometry":{"type":"Polygon","coordinates":[[[-86.7642945833999,36.1736118582323],[-86.7643908170559,36.1735744285346],[-86.7644088221535,36.173608163361],[-86.7644356503979,36.1736584292073],[-86.7643405103196,36.1736936493206],[-86.7643134848181,36.1736455189007],[-86.7642945833999,36.1736118582323]]]},"properties":{"id":"37969","parcel":"082150A03800CO","address":"2115 YEAMAN PL 232","owner":"SORTO, OSMIN OSAEL & LIZETH SARAI","point":[-86.7643619664114,36.1736288025985]}},{"type":"Feature","id":"48009","geometry":{"type":"Polygon","coordinates":[[[-86.7635031570694,36.1758642665216],[-86.7635922007816,36.1758007697158],[-86.7636795477144,36.1757357424134],[-86.7637651592569,36.1756692155051],[-86.7640071317756,36.1754633033493],[-86.7642085540489,36.1756202589974],[-86.7642321303005,36.1756409893524],[-86.764235883828,36.1756437108428],[-86.7651421598332,36.1763725343388],[-86.7650796205446,36.176477413531],[-86.7650131459457,36.1765806881394],[-86.7649427984729,36.176682263129],[-86.7648686438814,36.1767820416411],[-86.7647907513058,36.1768799313017],[-86.764709195431,36.1769758388003],[-86.7646240520983,36.177069675325],[-86.7645354004851,36.1771613520431],[-86.7644433242337,36.1772507818957],[-86.7635031570694,36.1758642665216]]]},"properties":{"id":"48009","parcel":"08211017800","address":"0 HOWERTON ST","owner":"METRO GOV'T  P  DOUGLAS","point":[-86.76425099872672,36.17611826215216]}},{"type":"Feature","id":"50571","geometry":{"type":"Polygon","coordinates":[[[-86.7635031570694,36.1758642665216],[-86.7644433242337,36.1772507818957],[-86.7643614753785,36.1773259375686],[-86.7642772170153,36.1773993221315],[-86.7641906086917,36.1774708856332],[-86.764101707733,36.1775405781362],[-86.7640105781518,36.1776083514633],[-86.7639172828591,36.1776741583457],[-86.7638228134799,36.1777516268402],[-86.7637310399199,36.1778311961746],[-86.7636420327327,36.1779128046226],[-86.7635558613608,36.1779963904648],[-86.7634725929903,36.1780818883912],[-86.7633970933324,36.178163860048],[-86.7633242811968,36.1782474135041],[-86.7632542038318,36.1783324907847],[-86.7631869140445,36.1784190338797],[-86.7631224546123,36.1785069821384],[-86.7627076373861,36.177785259992],[-86.7623152987712,36.1771024191471],[-86.7623216154463,36.1771001305998],[-86.7623476099974,36.1770907158515],[-86.7624853656194,36.1770398517129],[-86.7623447332258,36.1767913049287],[-86.7622013494752,36.1765383816748],[-86.7623417403438,36.1764798069465],[-86.7627089135273,36.1763263985261],[-86.7628283611055,36.1762674481399],[-86.7629459365406,36.1762060742474],[-86.7630615646118,36.176142316084],[-86.7631751723221,36.1760762128709],[-86.7632866867102,36.1760078074347],[-86.7633960392706,36.1759371434747],[-86.7635031570694,36.1758642665216]]]},"properties":{"id":"50571","parcel":"08211017700","address":"621 HOWERTON ST","owner":"METRO GOV'T  P  DOUGLAS","point":[-86.76337557134048,36.17717659785616]}},{"type":"Feature","id":"50771","geometry":{"type":"Polygon","coordinates":[[[-86.7633027921654,36.1744502466399],[-86.7629835471597,36.1738786787162],[-86.7629803384996,36.1738726100459],[-86.7629783993246,36.173866197179],[-86.7629777791121,36.1738596146485],[-86.7629784951043,36.173853037191],[-86.7629805290179,36.1738466442737],[-86.7629838258015,36.173840606584],[-86.7629882958857,36.1738350887183],[-86.7629938183957,36.1738302365444],[-86.7630002467703,36.1738261834744],[-86.7630074064083,36.1738230369615],[-86.7634415640208,36.17366041263],[-86.7636035924526,36.1735978537938],[-86.7640090994434,36.1734451675488],[-86.7643808561437,36.1741118281784],[-86.7645963795382,36.174032834441],[-86.7647695516992,36.1743442955016],[-86.7635372804991,36.1748047833899],[-86.7634849767453,36.1747363152092],[-86.7634353285864,36.1746665594249],[-86.7633883855676,36.1745955824205],[-86.7633441928308,36.1745234551134],[-86.7633027921654,36.1744502466399]]]},"properties":{"id":"50771","parcel":"08215022700","address":"535 MAIN ST","owner":"CRP/ECG STACKS ON MAIN OWNER, LLC","point":[-86.76394110980065,36.17422681346848]}},{"type":"Feature","id":"55352","geometry":{"type":"Polygon","coordinates":[[[-86.7647850790537,36.1734125674966],[-86.7647780484803,36.1733991074706],[-86.7647455359048,36.1734110641691],[-86.764717685692,36.1733619215309],[-86.7646623042682,36.1732641993067],[-86.764721883265,36.1732404844783],[-86.7647418001291,36.173232556034],[-86.7647489796491,36.1732480934387],[-86.7648333604976,36.1732145580409],[-86.7648458515874,36.173209716602],[-86.7648820429779,36.173276008824],[-86.7648992775938,36.1732693546166],[-86.7649004115926,36.1732712166565],[-86.7649485610347,36.1733502400719],[-86.7649260168483,36.1733605284915],[-86.7649257080765,36.1733606701445],[-86.764872839539,36.1733810132739],[-86.7648650476525,36.1733667613576],[-86.7648303091781,36.1733800507362],[-86.7648389219023,36.1733940063445],[-86.7648142506718,36.1734025110961],[-86.7647850790537,36.1734125674966]]]},"properties":{"id":"55352","parcel":"082150A13100CO","address":"507 MAIN ST","owner":"GILBERT PROPERTIES, LLC","point":[-86.76480786958952,36.17331291346207]}},{"type":"Feature","id":"56305","geometry":{"type":"Polygon","coordinates":[[[-86.7651433515013,36.1732594854083],[-86.7650871604203,36.17319969649],[-86.7650277900745,36.1732224404151],[-86.7650268541648,36.1732227924331],[-86.7650161391192,36.17322667991],[-86.7650123069842,36.1732283634284],[-86.7650038001875,36.1732316222452],[-86.7649655248428,36.1731600654508],[-86.7649837502254,36.1731477990766],[-86.7649951457955,36.1731401309842],[-86.7650387140828,36.1731236654094],[-86.7651154140457,36.173094680318],[-86.7651860788555,36.1730679775889],[-86.7652711950867,36.1730358125515],[-86.7653357499635,36.1731460895624],[-86.7652099824082,36.1732202148456],[-86.7651433515013,36.1732594854083]]]},"properties":{"id":"56305","parcel":"082150A13800CO","address":"2115 YEAMAN PL 310","owner":"PASTURE, LLC","point":[-86.76515962452663,36.17314694420257]}},{"type":"Feature","id":"56799","geometry":{"type":"Polygon","coordinates":[[[-86.7649004115926,36.1732712166565],[-86.7648992775938,36.1732693546166],[-86.764932254028,36.1732389901803],[-86.7649409099522,36.1732310213079],[-86.7649603741181,36.1732245656613],[-86.7649706157698,36.1732443304132],[-86.7649842498032,36.1732706429935],[-86.7650277138193,36.1732541925048],[-86.7650307009056,36.1732530614104],[-86.7650397909115,36.1732497628447],[-86.7650680193848,36.1732954628807],[-86.7650681436087,36.1732956648782],[-86.7650558090678,36.1733012939556],[-86.7649874594189,36.173332487362],[-86.7649485610347,36.1733502400719],[-86.7649004115926,36.1732712166565]]]},"properties":{"id":"56799","parcel":"082150A12900CO","address":"2115 YEAMAN PL 108","owner":"5TH AND MAIN CONCOMINIUM ASSOCIATION, INC.","point":[-86.7649841652324,36.173283339699275]}},{"type":"Feature","id":"56802","geometry":{"type":"Polygon","coordinates":[[[-86.7648820429779,36.173276008824],[-86.7648458515874,36.173209716602],[-86.7649049315002,36.1731868213919],[-86.7649540486291,36.1731677863249],[-86.7649655248428,36.1731600654508],[-86.7649837502254,36.1731477990766],[-86.7650277900745,36.1732224404151],[-86.7650268541648,36.1732227924331],[-86.7650161391192,36.17322667991],[-86.765016237543,36.1732268577369],[-86.7650307009056,36.1732530614104],[-86.7650277138193,36.1732541925048],[-86.7649842498032,36.1732706429935],[-86.7649706157698,36.1732443304132],[-86.7649603741181,36.1732245656613],[-86.7649409099522,36.1732310213079],[-86.764932254028,36.1732389901803],[-86.7648992775938,36.1732693546166],[-86.7648820429779,36.173276008824]]]},"properties":{"id":"56802","parcel":"082150A13000CO","address":"505 MAIN ST","owner":"5TH AND MAIN CONDOMINIUM ASSOCIATION, INC.","point":[-86.76493668423709,36.17321607827492]}},{"type":"Feature","id":"56806","geometry":{"type":"Polygon","coordinates":[[[-86.7647013092222,36.1734448200899],[-86.7646929409079,36.1734313090504],[-86.7646615216678,36.1734428721564],[-86.7646323823832,36.1733943424149],[-86.7645808653462,36.1733085410559],[-86.7646194116559,36.1732968120538],[-86.7646312688196,36.1732863985197],[-86.7646517821809,36.1732683874529],[-86.7646623042682,36.1732641993067],[-86.764717685692,36.1733619215309],[-86.7647455359048,36.1734110641691],[-86.7647539053375,36.173424575198],[-86.7647210093645,36.1734372364051],[-86.7647013092222,36.1734448200899]]]},"properties":{"id":"56806","parcel":"082150A13200CO","address":"509 MAIN ST","owner":"EVERTON, GARY","point":[-86.76464972399218,36.173335232194546]}},{"type":"Feature","id":"56809","geometry":{"type":"Polygon","coordinates":[[[-86.7646158967122,36.1734752624724],[-86.7646087450911,36.1734615814922],[-86.7645753161927,36.1734754672505],[-86.7645469748849,36.1734268017509],[-86.7644908936956,36.1733305033773],[-86.7645334342218,36.1733138345014],[-86.7645735284322,36.1732981238301],[-86.7645808653462,36.1733085410559],[-86.7646323823832,36.1733943424149],[-86.7646615216678,36.1734428721564],[-86.7646683392606,36.1734553421456],[-86.7646158967122,36.1734752624724]]]},"properties":{"id":"56809","parcel":"082150A13300CO","address":"511 MAIN ST","owner":"EVERTON, GARY","point":[-86.7645613504928,36.17336242235159]}},{"type":"Feature","id":"56812","geometry":{"type":"Polygon","coordinates":[[[-86.7651433515013,36.1732594854083],[-86.7650871604203,36.17319969649],[-86.7650277900745,36.1732224404151],[-86.7650268541648,36.1732227924331],[-86.7650161391192,36.17322667991],[-86.7650123069842,36.1732283634284],[-86.7650038001875,36.1732316222452],[-86.7649655248428,36.1731600654508],[-86.7649837502254,36.1731477990766],[-86.7649951457955,36.1731401309842],[-86.7650387140828,36.1731236654094],[-86.7651154140457,36.173094680318],[-86.7651860788555,36.1730679775889],[-86.7652711950867,36.1730358125515],[-86.7653357499635,36.1731460895624],[-86.7652099824082,36.1732202148456],[-86.7651433515013,36.1732594854083]]]},"properties":{"id":"56812","parcel":"082150A13700CO","address":"2115 YEAMAN PL 210","owner":"DONOVAN ALEXANDER PROPERTIES LLC","point":[-86.76515962452663,36.17314694420257]}},{"type":"Feature","id":"57756","geometry":{"type":"Polygon","coordinates":[[[-86.7650680193848,36.1732954628807],[-86.7650397909115,36.1732497628447],[-86.7650307009056,36.1732530614104],[-86.765016237543,36.1732268577369],[-86.7650161391192,36.17322667991],[-86.7650268541648,36.1732227924331],[-86.7650277900745,36.1732224404151],[-86.7649837502254,36.1731477990766],[-86.7649951457955,36.1731401309842],[-86.7650387140828,36.1731236654094],[-86.7651154140457,36.173094680318],[-86.7651860788555,36.1730679775889],[-86.7652711950867,36.1730358125515],[-86.7653357499635,36.1731460895624],[-86.7652099824082,36.1732202148456],[-86.7651433515013,36.1732594854083],[-86.7651221569753,36.1732719770169],[-86.7651211085169,36.173271493374],[-86.7650681436087,36.1732956648782],[-86.7650680193848,36.1732954628807]]]},"properties":{"id":"57756","parcel":"082150A12800CO","address":"501 MAIN ST","owner":"MEDICAL CONSULTANTS, INC.","point":[-86.76513792211712,36.17318408755776]}},{"type":"Feature","id":"57758","geometry":{"type":"Polygon","coordinates":[[[-86.7645315177524,36.1735088013065],[-86.7645250681141,36.1734946003512],[-86.7645207352598,36.1734965808379],[-86.7644935258448,36.1734554409388],[-86.7644608489995,36.1734675455068],[-86.7644573519823,36.1734608631361],[-86.7644122893835,36.1733747486478],[-86.7644418947624,36.1733632133166],[-86.7644477287846,36.1733609394267],[-86.7644827209092,36.1733337050644],[-86.7644908936956,36.1733305033773],[-86.7645469748849,36.1734268017509],[-86.7645753161927,36.1734754672505],[-86.7645820708862,36.1734890245697],[-86.7645315177524,36.1735088013065]]]},"properties":{"id":"57758","parcel":"082150A13400CO","address":"513 MAIN ST","owner":"EVERTON, GARY","point":[-86.76447886552221,36.17340077371028]}},{"type":"Feature","id":"57760","geometry":{"type":"Polygon","coordinates":[[[-86.7642945833999,36.1736118582323],[-86.7642533366558,36.1735383994388],[-86.7642037069817,36.1734500110574],[-86.7642764146987,36.1734233364904],[-86.7643106130475,36.1733958530479],[-86.7643387302435,36.1733863036419],[-86.7644041619495,36.1733640813599],[-86.7644122893835,36.1733747486478],[-86.7644573519823,36.1734608631361],[-86.7644608489995,36.1734675455068],[-86.7644935258448,36.1734554409388],[-86.7645207352598,36.1734965808379],[-86.764478594193,36.1735158392191],[-86.7645117371162,36.1735710274272],[-86.7644981469842,36.173576027204],[-86.7645040206414,36.1735872107649],[-86.7644419481493,36.1736081734851],[-86.7644349308452,36.1735979326782],[-86.7644088221535,36.173608163361],[-86.7643134848181,36.1736455189007],[-86.7642945833999,36.1736118582323]]]},"properties":{"id":"57760","parcel":"082150A13500CO","address":"515 MAIN ST","owner":"EVERTON, GARY","point":[-86.764367317329,36.173505949634524]}},{"type":"Feature","id":"57762","geometry":{"type":"Polygon","coordinates":[[[-86.7643134848181,36.1736455189007],[-86.7644088221535,36.173608163361],[-86.7644349308452,36.1735979326782],[-86.7644419481493,36.1736081734851],[-86.7645040206414,36.1735872107649],[-86.7644981469842,36.173576027204],[-86.7645117371162,36.1735710274272],[-86.7645408368107,36.1736194871475],[-86.7644356503979,36.1736584292073],[-86.7643405103196,36.1736936493206],[-86.7643134848181,36.1736455189007]]]},"properties":{"id":"57762","parcel":"082150A13600CO","address":"2103 YEAMAN PL","owner":"EVERTON, GARY","point":[-86.76442618494205,36.17363250115801]}},{"type":"Feature","id":"58711","geometry":{"type":"Polygon","coordinates":[[[-86.76246915583,36.1703376779511],[-86.762502858896,36.1703247770119],[-86.7627485289226,36.1707412502913],[-86.7627149838763,36.1707544152706],[-86.7626023959558,36.170799112075],[-86.7623557502544,36.1703809863401],[-86.76246915583,36.1703376779511]]]},"properties":{"id":"58711","parcel":"08215022900","address":"513 FATHERLAND ST","owner":"FENELON HOLDINGS COMPANY, LLC","point":[-86.76255213950544,36.170561118478524]}},{"type":"Feature","id":"65126","geometry":{"type":"Polygon","coordinates":[[[-86.7614160892129,36.1705015794684],[-86.7614074419163,36.1704869370637],[-86.7613892655335,36.1704939932774],[-86.7613120026658,36.170363852856],[-86.7613223306246,36.1703598437704],[-86.7613018316276,36.1703251300997],[-86.7613372274997,36.1703113887435],[-86.7613580010894,36.1703465684337],[-86.7613676058753,36.1703428387921],[-86.7614443423456,36.17047279053],[-86.761440920363,36.170474118954],[-86.7614494817897,36.170488615893],[-86.7614160892129,36.1705015794684]]]},"properties":{"id":"65126","parcel":"082160O00100CO","address":"600 A FATHERLAND ST","owner":"DANIELS, KELCIE","point":[-86.76137825931633,36.17041832188446]}},{"type":"Feature","id":"67635","geometry":{"type":"Polygon","coordinates":[[[-86.7613456494776,36.1705275350508],[-86.7613375400399,36.1705138040342],[-86.7613337193676,36.1705152863827],[-86.7612574530707,36.1703861292324],[-86.761268082255,36.1703820028895],[-86.761246312104,36.1703451350883],[-86.7612810612599,36.1703316456759],[-86.7613023026234,36.1703676182434],[-86.7613120026658,36.170363852856],[-86.7613892655335,36.1704939932774],[-86.7613727004684,36.1705004237592],[-86.7613806788673,36.1705139356911],[-86.7613456494776,36.1705275350508]]]},"properties":{"id":"67635","parcel":"082160O00200CO","address":"600 B FATHERLAND ST","owner":"YATES, JOANNA LIVING TRUST","point":[-86.76132327309317,36.170440061101345]}},{"type":"Feature","id":"67638","geometry":{"type":"Polygon","coordinates":[[[-86.7613612988068,36.1706051146992],[-86.7610510236748,36.1700791058916],[-86.7612041123778,36.170020299038],[-86.7615143103906,36.1705461817746],[-86.7613612988068,36.1706051146992]],[[-86.7613806788673,36.1705139356911],[-86.7613727004684,36.1705004237592],[-86.7613892655335,36.1704939932774],[-86.7614074419163,36.1704869370637],[-86.7614160892129,36.1705015794684],[-86.7614494817897,36.170488615893],[-86.761440920363,36.170474118954],[-86.7614443423456,36.17047279053],[-86.7613676058753,36.1703428387921],[-86.7613580010894,36.1703465684337],[-86.7613372274997,36.1703113887435],[-86.7613018316276,36.1703251300997],[-86.7613223306246,36.1703598437704],[-86.7613120026658,36.170363852856],[-86.7613023026234,36.1703676182434],[-86.7612810612599,36.1703316456759],[-86.761246312104,36.1703451350883],[-86.761268082255,36.1703820028895],[-86.7612574530707,36.1703861292324],[-86.7613337193676,36.1705152863827],[-86.7613375400399,36.1705138040342],[-86.7613456494776,36.1705275350508],[-86.7613806788673,36.1705139356911]]]},"properties":{"id":"67638","parcel":"082160O90000CO","address":"600 C FATHERLAND ST","owner":"O.I.C. FATHERLAND @ 6TH TOWNHOMES","point":[-86.76125573566368,36.17031813223553]}},{"type":"Feature","id":"75366","geometry":{"type":"Polygon","coordinates":[[[-86.7643300107197,36.1708825868086],[-86.7643313316384,36.1708758171415],[-86.7643313402613,36.1708757891476],[-86.7643338875034,36.1708692775886],[-86.7643376187965,36.1708631361622],[-86.7643376352433,36.1708631126251],[-86.7643424466093,36.1708575096255],[-86.7643424675281,36.170857488764],[-86.7643482643847,36.1708525293367],[-86.7643549266113,36.1708483214933],[-86.7643549553627,36.1708483059897],[-86.764362295098,36.170844964479],[-86.7643799998316,36.1708370834411],[-86.7649310486524,36.1706287039319],[-86.7652207809813,36.1705191408235],[-86.765469508912,36.1709376369288],[-86.7654783346329,36.1709524861069],[-86.7653247174815,36.1710108790318],[-86.7653335420633,36.171025727326],[-86.7655810981634,36.1714422450978],[-86.7648962516416,36.1717025655492],[-86.7648856345884,36.1717058737833],[-86.7648856002184,36.1717058830138],[-86.7648744886493,36.1717079371138],[-86.7648631022273,36.1717086924269],[-86.7648630688732,36.171708691737],[-86.7648504288243,36.1717079724094],[-86.7648503954355,36.1717079681146],[-86.7648380767304,36.1717056442977],[-86.764826338804,36.1717017612133],[-86.7648155106128,36.171696426732],[-86.7648058568799,36.1716897734653],[-86.7647976271146,36.171681970172],[-86.7647976080105,36.1716819486626],[-86.7647910121154,36.1716732067118],[-86.7643353935533,36.1709060766838],[-86.7643320226267,36.1708985084632],[-86.7643302146899,36.1708906067904],[-86.7643300107197,36.1708825868086]]]},"properties":{"id":"75366","parcel":"08215023000","address":"120 S 5TH ST","owner":"EASTSIDE HEIGHTS RESIDENCES, LLC","point":[-86.76499319203162,36.17123307619083]}},{"type":"Feature","id":"127068","geometry":{"type":"Polygon","coordinates":[[[-86.7619995677982,36.1708398054106],[-86.7619914286674,36.1708260070306],[-86.761971411608,36.1708337689266],[-86.7618632461613,36.170650399564],[-86.7618562659474,36.170653105964],[-86.761866960135,36.1706489187736],[-86.7618720867623,36.1706576106745],[-86.7618830847733,36.1706533458585],[-86.7618813762647,36.1706504482556],[-86.7619217713118,36.1706347825143],[-86.7620346781888,36.170826188227],[-86.7619995677982,36.1708398054106]]]},"properties":{"id":"127068","parcel":"082160Z00100CO","address":"521 FATHERLAND ST","owner":"HUBNER, KIMBERLY & BRYCE TRUST","point":[-86.76195105792489,36.17074184724198]}},{"type":"Feature","id":"127075","geometry":{"type":"Polygon","coordinates":[[[-86.7618562659474,36.170653105964],[-86.7618632461613,36.170650399564],[-86.761971411608,36.1708337689266],[-86.7619500811247,36.1708420411158],[-86.7619642293746,36.1708660246304],[-86.7619284478333,36.1708799010882],[-86.7618061331179,36.1706725463615],[-86.7618562659474,36.170653105964]]]},"properties":{"id":"127075","parcel":"082160Z00200CO","address":"523 FATHERLAND ST","owner":"MEYER, JEFFREY W","point":[-86.76188877246366,36.170753157673175]}},{"type":"Feature","id":"128508","geometry":{"type":"Polygon","coordinates":[[[-86.7619921745519,36.1710379540643],[-86.7617427087073,36.1706150429748],[-86.761895786661,36.1705562191008],[-86.7621446395668,36.1709780900883],[-86.7619921745519,36.1710379540643]],[[-86.7619500811247,36.1708420411158],[-86.761971411608,36.1708337689266],[-86.7619914286674,36.1708260070306],[-86.7619995677982,36.1708398054106],[-86.7620346781888,36.170826188227],[-86.7619217713118,36.1706347825143],[-86.7618813762647,36.1706504482556],[-86.7618830847733,36.1706533458585],[-86.7618720867623,36.1706576106745],[-86.761866960135,36.1706489187736],[-86.7618562659474,36.170653105964],[-86.7618061331179,36.1706725463615],[-86.7619284478333,36.1708799010882],[-86.7619642293746,36.1708660246304],[-86.7619500811247,36.1708420411158]]]},"properties":{"id":"128508","parcel":"082160Z90000CO","address":"523 C FATHERLAND ST","owner":"O.I.C. 521 FATHERLAND STREET RESIDENCES","point":[-86.76183656938822,36.17074915300053]}},{"type":"Feature","id":"152522","geometry":{"type":"Polygon","coordinates":[[[-86.7686065144574,36.1793211254049],[-86.7685896100725,36.1794374853933],[-86.7685251580845,36.1794313318272],[-86.7685420625539,36.1793149709464],[-86.7686065144574,36.1793211254049]]]},"properties":{"id":"152522","parcel":"082110C00300CO","address":"243 FOSTER ST #3","owner":"JASTRZEBSKA, ALICJA & WINCHELL, HAROLD DR","point":[-86.76856583626625,36.179376228623255]}},{"type":"Feature","id":"152525","geometry":{"type":"Polygon","coordinates":[[[-86.7685896100725,36.1794374853933],[-86.7686065144574,36.1793211254049],[-86.7686709652593,36.1793272798361],[-86.7686540620792,36.1794436398262],[-86.7685896100725,36.1794374853933]]]},"properties":{"id":"152525","parcel":"082110C00400CO","address":"243 FOSTER ST #4","owner":"GIBA, BRIANNA & HAWKINS, JONATHAN  TAYLOR & ET AL","point":[-86.76863028795746,36.179382382622485]}},{"type":"Feature","id":"152559","geometry":{"type":"Polygon","coordinates":[[[-86.7685004348702,36.1794817951249],[-86.7685652617393,36.1790355726081],[-86.7687310447405,36.1790479467382],[-86.7686659466429,36.1794983223015],[-86.7685004348702,36.1794817951249]],[[-86.7686065144574,36.1793211254049],[-86.7685420625539,36.1793149709464],[-86.7685251580845,36.1794313318272],[-86.7685896100725,36.1794374853933],[-86.7686540620792,36.1794436398262],[-86.7686709652593,36.1793272798361],[-86.7686065144574,36.1793211254049]],[[-86.7686362975362,36.1791339485285],[-86.7685686852678,36.1791273356363],[-86.7685484280272,36.1792667641187],[-86.7686160633754,36.1792732227595],[-86.7686787215492,36.1792792056435],[-86.7686989544899,36.1791399314093],[-86.7686362975362,36.1791339485285]]]},"properties":{"id":"152559","parcel":"082110C90000CO","address":"243 B FOSTER ST","owner":"O.I.C. 243 FOSTER STREET TOWNHOMES AMENDED","point":[-86.76855673269164,36.179269944124805]}},{"type":"Feature","id":"153497","geometry":{"type":"Polygon","coordinates":[[[-86.7686160633754,36.1792732227595],[-86.7686362975362,36.1791339485285],[-86.7686989544899,36.1791399314093],[-86.7686787215492,36.1792792056435],[-86.7686160633754,36.1792732227595]]]},"properties":{"id":"153497","parcel":"082110C00100CO","address":"243 FOSTER ST #1","owner":"LORD, BROOKE ASHLEY","point":[-86.76865750923356,36.17920657709257]}},{"type":"Feature","id":"155041","geometry":{"type":"Polygon","coordinates":[[[-86.7686362975362,36.1791339485285],[-86.7686160633754,36.1792732227595],[-86.7685484280272,36.1792667641187],[-86.7685686852678,36.1791273356363],[-86.7686362975362,36.1791339485285]]]},"properties":{"id":"155041","parcel":"082110C00200CO","address":"243 FOSTER ST #2","owner":"MILLER, MATTHEW","point":[-86.76859236294996,36.179200356332416]}},{"type":"Feature","id":"159901","geometry":{"type":"Polygon","coordinates":[[[-86.7687423545309,36.1793617023836],[-86.7687529603321,36.1792869253878],[-86.7688365179756,36.1792947155171],[-86.7688259122434,36.1793694916188],[-86.7687423545309,36.1793617023836]]]},"properties":{"id":"159901","parcel":"082110D00200CO","address":"241 B FOSTER ST","owner":"FOSTER B, LLC","point":[-86.7687894362425,36.17932820895972]}},{"type":"Feature","id":"160089","geometry":{"type":"Polygon","coordinates":[[[-86.7687167394462,36.1794215274382],[-86.7687254471584,36.1793601264896],[-86.7687423545309,36.1793617023836],[-86.7688259122434,36.1793694916188],[-86.7688172046166,36.1794308934758],[-86.7687167394462,36.1794215274382]]]},"properties":{"id":"160089","parcel":"082110D00300CO","address":"241 C FOSTER ST","owner":"FOSTER C, LLC","point":[-86.7687713258917,36.17939550954112]}},{"type":"Feature","id":"160859","geometry":{"type":"Polygon","coordinates":[[[-86.7687529603321,36.1792869253878],[-86.7687636357978,36.1792116531514],[-86.768847194466,36.1792194423652],[-86.7688365179756,36.1792947155171],[-86.7687529603321,36.1792869253878]]]},"properties":{"id":"160859","parcel":"082110D00100CO","address":"241 A FOSTER ST","owner":"FOSTER A, LLC","point":[-86.76880007720031,36.179253183885514]}},{"type":"Feature","id":"160862","geometry":{"type":"Polygon","coordinates":[[[-86.768665157959,36.1795037790748],[-86.7686659466429,36.1794983223015],[-86.7687310447405,36.1790479467382],[-86.7687312103545,36.1790467965706],[-86.7687863743909,36.179061602739],[-86.7688401657809,36.1790794188373],[-86.7688923380507,36.1791001626193],[-86.7688333631019,36.1795180915882],[-86.768665157959,36.1795037790748]],[[-86.7688259122434,36.1793694916188],[-86.7688365179756,36.1792947155171],[-86.768847194466,36.1792194423652],[-86.7687636357978,36.1792116531514],[-86.7687529603321,36.1792869253878],[-86.7687423545309,36.1793617023836],[-86.7687254471584,36.1793601264896],[-86.7687167394462,36.1794215274382],[-86.7688172046166,36.1794308934758],[-86.7688259122434,36.1793694916188]]]},"properties":{"id":"160862","parcel":"082110D90000CO","address":"241 D FOSTER ST","owner":"O.I.C. TWOFORTYONE FOSTER STREET","point":[-86.76872958217126,36.179253047727]}},{"type":"Feature","id":"198814","geometry":{"type":"Polygon","coordinates":[[[-86.7688982315582,36.1794389601462],[-86.7689077211121,36.179372444933],[-86.768998989198,36.1793810032849],[-86.7690171529095,36.1793827063269],[-86.7690076634461,36.1794492215485],[-86.7688982315582,36.1794389601462]]]},"properties":{"id":"198814","parcel":"082110F00300CO","address":"501 C MERIDIAN ST","owner":"FISHER, SAMANTHA RENEE","point":[-86.7689576922549,36.17941083325144]}},{"type":"Feature","id":"199199","geometry":{"type":"Polygon","coordinates":[[[-86.7689182506143,36.1792986435766],[-86.768929405706,36.1792204553813],[-86.769020674731,36.1792290137101],[-86.7690096643552,36.1793061807604],[-86.7689182506143,36.1792986435766]]]},"properties":{"id":"199199","parcel":"082110F00100CO","address":"501 A MERIDIAN ST","owner":"HART, SMITH","point":[-86.76896946245559,36.17926382865403]}},{"type":"Feature","id":"200266","geometry":{"type":"Polygon","coordinates":[[[-86.7689077211121,36.179372444933],[-86.7689182506143,36.1792986435766],[-86.7690096643552,36.1793061807604],[-86.768998989198,36.1793810032849],[-86.7689077211121,36.179372444933]]]},"properties":{"id":"200266","parcel":"082110F00200CO","address":"501 B MERIDIAN ST","owner":"FULLTERTON, THOMAS KENNEDY II","point":[-86.7689586927444,36.17933931285771]}},{"type":"Feature","id":"200267","geometry":{"type":"Polygon","coordinates":[[[-86.7688333631019,36.1795180915882],[-86.7688923380507,36.1791001626193],[-86.7691093917133,36.1791991916378],[-86.7691139101006,36.1792017657031],[-86.7691200215485,36.1792067495147],[-86.7691250650956,36.1792124656484],[-86.7691289081207,36.1792187653392],[-86.7691314511937,36.179225483388],[-86.769132629266,36.1792324462653],[-86.7691324105503,36.1792394712169],[-86.7691308021829,36.1792463770429],[-86.7691278435463,36.1792529832394],[-86.7691236141196,36.1792591171582],[-86.7691084570177,36.1792966955367],[-86.7690969042802,36.1793351062492],[-86.7690916181254,36.1793472547316],[-86.7690869042707,36.1793873640161],[-86.7690639551129,36.1795364009919],[-86.7688333631019,36.1795180915882]],[[-86.769020674731,36.1792290137101],[-86.768929405706,36.1792204553813],[-86.7689182506143,36.1792986435766],[-86.7689077211121,36.179372444933],[-86.7688982315582,36.1794389601462],[-86.7690076634461,36.1794492215485],[-86.7690171529095,36.1793827063269],[-86.768998989198,36.1793810032849],[-86.7690096643552,36.1793061807604],[-86.769020674731,36.1792290137101]]]},"properties":{"id":"200267","parcel":"082110F90000CO","address":"501 D MERIDIAN ST","owner":"O.I.C.  FIVEHUNDREDONE MERIDIAN STREET","point":[-86.76905441994434,36.179320645703434]}},{"type":"Feature","id":"238100","geometry":{"type":"Polygon","coordinates":[[[-86.7601181521004,36.1700305766311],[-86.7602095515536,36.1699968740498],[-86.7602437751676,36.1700578905462],[-86.7601523756587,36.1700915931529],[-86.7601181521004,36.1700305766311]]]},"properties":{"id":"238100","parcel":"082163A00200CO","address":"611 B BOSCOBEL ST","owner":"BENSHOOF, ROBERT A. & HAYES, RACHEL M.","point":[-86.76018096362311,36.1700442336051]}},{"type":"Feature","id":"238101","geometry":{"type":"Polygon","coordinates":[[[-86.7601802935351,36.1701413691258],[-86.760271694201,36.1701076664915],[-86.7603009160377,36.1701597648986],[-86.7602095153242,36.1701934675546],[-86.7601802935351,36.1701413691258]]]},"properties":{"id":"238101","parcel":"082163A00400CO","address":"611 D BOSCOBEL ST","owner":"BENSHOOF, ROBERT A. & HAYES, RACHEL M.","point":[-86.76024060477934,36.17015056702736]}},{"type":"Feature","id":"238588","geometry":{"type":"Polygon","coordinates":[[[-86.7601523756587,36.1700915931529],[-86.7602437751676,36.1700578905462],[-86.760271694201,36.1701076664915],[-86.7601802935351,36.1701413691258],[-86.7601523756587,36.1700915931529]]]},"properties":{"id":"238588","parcel":"082163A00300CO","address":"611 C BOSCOBEL ST","owner":"BENSHOOF, ROBERT A. & HAYES, RACHEL M.","point":[-86.76021203483484,36.17009962983686]}},{"type":"Feature","id":"238589","geometry":{"type":"Polygon","coordinates":[[[-86.7600031017489,36.1698942337846],[-86.7601290866677,36.1698463285322],[-86.7601555626461,36.1698343633115],[-86.7601558519178,36.1698348553838],[-86.7604062491495,36.1702593618511],[-86.7602532283003,36.1703182826171],[-86.7600031017489,36.1698942337846]],[[-86.7601181521004,36.1700305766311],[-86.7601523756587,36.1700915931529],[-86.7601802935351,36.1701413691258],[-86.7602095153242,36.1701934675546],[-86.7603009160377,36.1701597648986],[-86.760271694201,36.1701076664915],[-86.7602437751676,36.1700578905462],[-86.7602095515536,36.1699968740498],[-86.7601749819369,36.1699352396507],[-86.76008358254,36.1699689422064],[-86.7601181521004,36.1700305766311]]]},"properties":{"id":"238589","parcel":"082163A90000CO","address":"611 E BOSCOBEL ST","owner":"O.I.C. SIXHUNDREDELEVEN BOSCOBEL STREET","point":[-86.76027537807192,36.1700748966565]}},{"type":"Feature","id":"252232","geometry":{"type":"Polygon","coordinates":[[[-86.7696470828581,36.1800846912564],[-86.7697110496169,36.1796344188525],[-86.7698793491839,36.1796501641226],[-86.7698153845054,36.1801004393103],[-86.7696470828581,36.1800846912564]]]},"properties":{"id":"252232","parcel":"08211016400","address":"224 TREUTLAND AVE","owner":"WALL, JOHN PATRICK","point":[-86.76976321670828,36.17986742775163]}},{"type":"Feature","id":"253213","geometry":{"type":"Polygon","coordinates":[[[-86.7624578616097,36.1822304711078],[-86.7623967138684,36.1822010353809],[-86.7623446701185,36.1821764603282],[-86.7621843053018,36.1821007357239],[-86.7622565583814,36.1819735438046],[-86.7623258157759,36.1818452612978],[-86.7623920523706,36.1817159343316],[-86.7624614132416,36.1815737094301],[-86.7625275613803,36.1814304827418],[-86.7625855081684,36.1813133967079],[-86.7626394104665,36.1811950482863],[-86.7626892269227,36.1810755287713],[-86.7627349173147,36.1809549312524],[-86.7627764480912,36.1808333487763],[-86.7628062546677,36.1807369721173],[-86.7628337389177,36.1806401432683],[-86.7632265869382,36.1792086396784],[-86.7632561400999,36.1791393141145],[-86.7632891404447,36.1790710185207],[-86.7633255323477,36.1790038650028],[-86.763365255721,36.1789379638919],[-86.7634082449106,36.1788734246532],[-86.7634544308937,36.1788103531676],[-86.7635037357294,36.1787488526686],[-86.7635560792546,36.1786890264036],[-86.763611373465,36.1786309713609],[-86.7637929975193,36.1785611459356],[-86.7639279748652,36.1785734782234],[-86.7648132453064,36.1786667666067],[-86.7634434525889,36.1808291323396],[-86.7632992559601,36.1810564011787],[-86.7632116471451,36.1810371768567],[-86.7624586724772,36.1822308616412],[-86.7624578616097,36.1822304711078]]]},"properties":{"id":"253213","parcel":"08211008300","address":"515 FOSTER ST","owner":"FOSTER STREET PARTNERS, LLC","point":[-86.7635227603165,36.179925365703625]}},{"type":"Feature","id":"253372","geometry":{"type":"Polygon","coordinates":[[[-86.759751514056,36.1794305470139],[-86.7602782003841,36.1792316404563],[-86.760347303794,36.1793520431314],[-86.7603636608017,36.1793805417257],[-86.7598369703905,36.1795794513728],[-86.7598221069792,36.1795535533697],[-86.759751514056,36.1794305470139]]]},"properties":{"id":"253372","parcel":"08212005300","address":"308 NEILL AVE","owner":"DAWE, DEBORAH A. & IAN F.","point":[-86.76005758777289,36.17940554476196]}},{"type":"Feature","id":"253375","geometry":{"type":"Polygon","coordinates":[[[-86.7598921080785,36.1796757982336],[-86.7604215512932,36.1794812709859],[-86.76049322759,36.1796060807697],[-86.7599692671977,36.1798071710577],[-86.7598921080785,36.1796757982336]]]},"properties":{"id":"253375","parcel":"08212005500","address":"312 NEILL AVE","owner":"SMITH, MATTHEW F","point":[-86.76019470455226,36.17964094395896]}},{"type":"Feature","id":"253458","geometry":{"type":"Polygon","coordinates":[[[-86.764235883828,36.1756437108428],[-86.7642611223101,36.1756610121682],[-86.7642879842117,36.1756766259542],[-86.7643162973695,36.1756904514471],[-86.764351957367,36.1757034715466],[-86.7643891450183,36.1757132869756],[-86.7644274256529,36.1757197806171],[-86.7644663483338,36.175722877817],[-86.7645054558106,36.1757225409136],[-86.7645442879147,36.1757187755251],[-86.7645823892797,36.1757116241919],[-86.7646193127206,36.175701170861],[-86.7648704680715,36.1756045286179],[-86.7649004865182,36.1755903291315],[-86.7649260532454,36.1755712117023],[-86.7649461617852,36.1755482840578],[-86.7649601431282,36.1755223732956],[-86.7649669934373,36.1754948593084],[-86.7649667206609,36.1754665658036],[-86.7649590016791,36.175439144145],[-86.7649445236065,36.1754134137337],[-86.7649239721596,36.175390741047],[-86.7648977070325,36.1753722296556],[-86.7648674208087,36.1753584113927],[-86.7648341329741,36.1753501062562],[-86.7647995479765,36.1753475783305],[-86.7647650196931,36.1753508190368],[-86.7655564011653,36.1750579103518],[-86.7655393239796,36.1752544332979],[-86.7655360923977,36.1752881845623],[-86.7655310507777,36.1753217895841],[-86.7655092316539,36.1754304412452],[-86.7654835463922,36.1755385360997],[-86.7654540174508,36.1756459838763],[-86.7654206695116,36.1757526942889],[-86.7653835306001,36.1758585779315],[-86.7653426309834,36.1759635471858],[-86.765298005375,36.1760675144051],[-86.7652496907037,36.1761703910273],[-86.7651977272774,36.1762720929747],[-86.7651421598332,36.1763725343388],[-86.764235883828,36.1756437108428]]]},"properties":{"id":"253458","parcel":"08211016100","address":"211 N 6TH ST","owner":"MDHA","point":[-86.76499474394336,36.17571706889317]}},{"type":"Feature","id":"253463","geometry":{"type":"Polygon","coordinates":[[[-86.7693104809366,36.1800532007459],[-86.769374451786,36.1796029266999],[-86.7695427501078,36.1796186724464],[-86.7694787824329,36.1800689474668],[-86.7693104809366,36.1800532007459]]]},"properties":{"id":"253463","parcel":"08211016200","address":"228 TREUTLAND AVE","owner":"REYNOLDS, KARLOS & GERALDINE P","point":[-86.76942661641156,36.179835936658684]}},{"type":"Feature","id":"253467","geometry":{"type":"Polygon","coordinates":[[[-86.7694787824329,36.1800689474668],[-86.7695427501078,36.1796186724464],[-86.7697110496169,36.1796344188525],[-86.7696470828581,36.1800846912564],[-86.7694787824329,36.1800689474668]]]},"properties":{"id":"253467","parcel":"08211016300","address":"226 TREUTLAND AVE","owner":"MORADIAN, CHRISTOPHER & SASSAN","point":[-86.76959491624602,36.17985168322089]}},{"type":"Feature","id":"254027","geometry":{"type":"Polygon","coordinates":[[[-86.7603994343993,36.1741287779633],[-86.7604243730456,36.1741189908357],[-86.7606612597389,36.1745130727495],[-86.7606365832754,36.1745226212395],[-86.7604938249166,36.1745778598429],[-86.7602650487307,36.1741815238352],[-86.7603994343993,36.1741287779633]]]},"properties":{"id":"254027","parcel":"08216002900","address":"702 MAIN ST","owner":"SPIRAL TRUST","point":[-86.76046117451004,36.174347294496954]}},{"type":"Feature","id":"254029","geometry":{"type":"Polygon","coordinates":[[[-86.7610171098871,36.1738885491167],[-86.7611616148578,36.1738330419994],[-86.7613985254683,36.1742293223532],[-86.7612528548285,36.1742852787163],[-86.7610960554458,36.1743455085746],[-86.7608591459904,36.1739492267385],[-86.7610171098871,36.1738885491167]]]},"properties":{"id":"254029","parcel":"08216003200","address":"626 MAIN ST","owner":"PARO SOUTH, LLC","point":[-86.76112883515832,36.17408927484925]}},{"type":"Feature","id":"254031","geometry":{"type":"Polygon","coordinates":[[[-86.7614754131332,36.1737121885668],[-86.7616261140572,36.1736543003108],[-86.7618576054442,36.1740506139877],[-86.761706372332,36.1741087077646],[-86.7615524490215,36.1741690156082],[-86.7613236476627,36.1737704862125],[-86.7614754131332,36.1737121885668]]]},"properties":{"id":"254031","parcel":"08216003400","address":"622 MAIN ST","owner":"FIRST BAPTIST CHURCH-EAST NASHVILLE,TRS.","point":[-86.76158992725553,36.1739105490061]}},{"type":"Feature","id":"254034","geometry":{"type":"Polygon","coordinates":[[[-86.7613615954125,36.1732054506066],[-86.7615155380854,36.1731473401439],[-86.7617607691974,36.1735633465457],[-86.7616068258971,36.1736214573145],[-86.7613615954125,36.1732054506066]]]},"properties":{"id":"254034","parcel":"08216004300","address":"617 WOODLAND ST","owner":"OWENS, WALTER R.","point":[-86.76156118185361,36.17338439874349]}},{"type":"Feature","id":"254036","geometry":{"type":"Polygon","coordinates":[[[-86.7612157622796,36.1732613088377],[-86.7613615954125,36.1732054506066],[-86.7616068258971,36.1736214573145],[-86.761452881251,36.1736795669919],[-86.7612157622796,36.1732613088377]]]},"properties":{"id":"254036","parcel":"08216004400","address":"619 WOODLAND ST","owner":"OWENS, WALTER R., III & CHERYL ROBERTA","point":[-86.76140926168728,36.173441379187594]}},{"type":"Feature","id":"254343","geometry":{"type":"Polygon","coordinates":[[[-86.762319017377,36.1741147288802],[-86.7623561480854,36.1741002102168],[-86.7625002112433,36.1743536780084],[-86.7625829047614,36.1744965523891],[-86.7624291408135,36.174556796347],[-86.7623236515908,36.1745970840444],[-86.7622722037919,36.1746172431016],[-86.7620787415561,36.1746928091612],[-86.7619295273997,36.1747511554265],[-86.7617655711151,36.1748138322911],[-86.7616160358273,36.1748718917856],[-86.7614632628451,36.1749295596387],[-86.7614621707405,36.1749299720975],[-86.7613261004605,36.1746888117629],[-86.761236057639,36.1745292283631],[-86.7613862228896,36.174471752983],[-86.7615385620609,36.1744134471522],[-86.7617043854165,36.174349981011],[-86.7618554437813,36.1742921632323],[-86.7620509144738,36.1742173473084],[-86.762202476261,36.1741593357449],[-86.762319017377,36.1741147288802]]]},"properties":{"id":"254343","parcel":"08216000400","address":"615 MAIN ST","owner":"PARO SOUTH LLC","point":[-86.7619100084498,36.17451289331878]}},{"type":"Feature","id":"254350","geometry":{"type":"Polygon","coordinates":[[[-86.7600463805402,36.174990139142],[-86.7601936482014,36.1749335721561],[-86.7604305140293,36.175325459093],[-86.7603555738222,36.1753545012807],[-86.7602711884602,36.1753879974804],[-86.7601145504685,36.175448320545],[-86.7598911737214,36.175049754435],[-86.7600463805402,36.174990139142]]]},"properties":{"id":"254350","parcel":"08216001400","address":"713 MAIN ST","owner":"711M, LLC","point":[-86.76015781760421,36.17518760100608]}},{"type":"Feature","id":"254371","geometry":{"type":"Polygon","coordinates":[[[-86.7602461768293,36.1741885995659],[-86.7602650487307,36.1741815238352],[-86.7604938249166,36.1745778598429],[-86.7604771921668,36.1745843996684],[-86.7603290997817,36.1746426287317],[-86.7600921932609,36.174246344521],[-86.760095600342,36.1742450658011],[-86.7602461768293,36.1741885995659]]]},"properties":{"id":"254371","parcel":"08216002800","address":"704 MAIN ST","owner":"PERKERSON, RICHARD & BARBARA LIVING TRUST","point":[-86.76029471534676,36.17441210576805]}},{"type":"Feature","id":"254435","geometry":{"type":"Polygon","coordinates":[[[-86.7604243730456,36.1741189908357],[-86.7605566984175,36.174067608763],[-86.7607661444445,36.1744267032036],[-86.7607691603137,36.1744327370953],[-86.7607709475135,36.1744390842598],[-86.7607714600177,36.1744455818582],[-86.7607706828715,36.1744520614478],[-86.7607686378359,36.1744583579603],[-86.760765377804,36.1744643070316],[-86.7607609858105,36.174469757627],[-86.7607555749974,36.1744745684359],[-86.7607492853565,36.1744786160039],[-86.7607422770605,36.1744817947744],[-86.7606612597389,36.1745130727495],[-86.7604243730456,36.1741189908357]]]},"properties":{"id":"254435","parcel":"08216003000","address":"700 MAIN ST","owner":"SPIRAL TRUST","point":[-86.76059663177394,36.17427284988848]}},{"type":"Feature","id":"254443","geometry":{"type":"Polygon","coordinates":[[[-86.7616261140572,36.1736543003108],[-86.7617827473582,36.1735939752555],[-86.7620169281979,36.173988074378],[-86.7618576054442,36.1740506139877],[-86.7616261140572,36.1736543003108]]]},"properties":{"id":"254443","parcel":"08216003600","address":"618 MAIN ST","owner":"AYESH, SALAH","point":[-86.76182067753957,36.17382118582728]}},{"type":"Feature","id":"254448","geometry":{"type":"Polygon","coordinates":[[[-86.7617827473582,36.1735939752555],[-86.7619312695021,36.1735358984807],[-86.7621681619645,36.1739299802031],[-86.7620169281979,36.173988074378],[-86.7617827473582,36.1735939752555]]]},"properties":{"id":"254448","parcel":"08216003700","address":"616 MAIN ST","owner":"AYESH, SALAH","point":[-86.76197487415054,36.17376197673194]}},{"type":"Feature","id":"254451","geometry":{"type":"Polygon","coordinates":[[[-86.7603231371406,36.173996476917],[-86.7604822959683,36.1739406133423],[-86.7605346784711,36.1740325846269],[-86.7603807333624,36.1740906938246],[-86.7603231371406,36.173996476917]]]},"properties":{"id":"254451","parcel":"08216004900","address":"7 S 7TH ST","owner":"SPIRAL TRUST","point":[-86.76042928124745,36.1740145315659]}},{"type":"Feature","id":"254696","geometry":{"type":"Polygon","coordinates":[[[-86.7682581888522,36.1799568877337],[-86.7683270605038,36.179510875803],[-86.7684942495782,36.1795251952557],[-86.7684596966453,36.1797710026761],[-86.7684257285405,36.1799723036957],[-86.7682581888522,36.1799568877337]]]},"properties":{"id":"254696","parcel":"08211005900","address":"238 TREUTLAND AVE","owner":"OWENS, ALEXANDER MICHAEL & ALLIE","point":[-86.76839144764512,36.17964793354229]}},{"type":"Feature","id":"254699","geometry":{"type":"Polygon","coordinates":[[[-86.7685939452755,36.1799877151148],[-86.768657367073,36.1795389906315],[-86.7688268482647,36.1795529336217],[-86.7688805045727,36.1795573487533],[-86.7688116892177,36.1800088538638],[-86.7687564870899,36.1800034941051],[-86.7685939452755,36.1799877151148]]]},"properties":{"id":"254699","parcel":"08211006000","address":"234 TREUTLAND AVE","owner":"JUNG, JOHN E. & RHEE, THOMAS M.","point":[-86.76873603255153,36.179772529721]}},{"type":"Feature","id":"254703","geometry":{"type":"Polygon","coordinates":[[[-86.7680031860667,36.1794470074324],[-86.7680285049841,36.17926224387],[-86.7681853997741,36.179277650376],[-86.7683595299522,36.1792947504063],[-86.7683442086367,36.1793920935075],[-86.768306212271,36.1793873910065],[-86.7682907620886,36.1794715494133],[-86.7681556924536,36.1794600220018],[-86.7680031860667,36.1794470074324]]]},"properties":{"id":"254703","parcel":"08211006700","address":"504 N 3RD ST","owner":"SPRAKER, ELDON, III","point":[-86.7681850100563,36.179340784496375]}},{"type":"Feature","id":"254704","geometry":{"type":"Polygon","coordinates":[[[-86.7595518183418,36.1764100373818],[-86.7615098290605,36.1756592908466],[-86.7617634733385,36.1761038131393],[-86.7617608451238,36.1761048247218],[-86.7598055792083,36.1768567214397],[-86.759805475099,36.1768567617506],[-86.7595518183418,36.1764100373818]]]},"properties":{"id":"254704","parcel":"08212001200","address":"713 RAMSEY ST","owner":"METRO GOV'T  S  MEIGS","point":[-86.76065691895451,36.17625743732635]}},{"type":"Feature","id":"254707","geometry":{"type":"Polygon","coordinates":[[[-86.7680868644039,36.1788503630907],[-86.7680903071042,36.1788209473285],[-86.7682558912037,36.1776548651032],[-86.7694004174964,36.1777533372096],[-86.7693375160498,36.1780446521409],[-86.7693242131957,36.1781062708097],[-86.7693186915193,36.1781426143726],[-86.7693176090857,36.1781792225543],[-86.7693209768916,36.1782157383841],[-86.769328762616,36.1782518087714],[-86.7693408906024,36.1782870827044],[-86.7693572430227,36.1783212166493],[-86.7693776599293,36.1783538799584],[-86.7694019448219,36.1783847557356],[-86.7694298602178,36.1784135426671],[-86.7692923833895,36.1790520125626],[-86.769296512486,36.1790585790023],[-86.7692792037373,36.1790689159614],[-86.7692628381781,36.1790802202736],[-86.7692520425166,36.1790838797091],[-86.769240678571,36.1790861412978],[-86.7692290192926,36.1790869510269],[-86.7692173468665,36.1790862899741],[-86.7692059404749,36.1790841734845],[-86.7691950740826,36.1790806520858],[-86.7689745380334,36.1789809658493],[-86.7689288168848,36.1789597601194],[-86.7688811901631,36.1789415190539],[-86.7688319502163,36.1789263552492],[-86.7687813980744,36.1789143596165],[-86.7687298423913,36.1789056067962],[-86.7680868644039,36.1788503630907]]]},"properties":{"id":"254707","parcel":"08211007100","address":"244 FOSTER ST","owner":"METRO GOV'T  S  CALDWELL","point":[-86.768772290154,36.1783681267884]}},{"type":"Feature","id":"254749","geometry":{"type":"Polygon","coordinates":[[[-86.7676437682503,36.1733980631934],[-86.7673933735778,36.1732924172771],[-86.7668854513271,36.1730781806091],[-86.7668561665094,36.173063257834],[-86.7668238415674,36.1730433983017],[-86.7667940209666,36.1730211119643],[-86.7667669823617,36.1729966034498],[-86.7667429747327,36.1729701010013],[-86.7667222227617,36.1729418492391],[-86.766704916838,36.1729121101253],[-86.7666912174863,36.1728811611331],[-86.7666812519459,36.1728492862555],[-86.7666751131201,36.1728167823213],[-86.7666728583861,36.1727839508908],[-86.766674506235,36.1727510955735],[-86.7666800440439,36.1727185210774],[-86.7666893297103,36.172686706877],[-86.7667024078247,36.1726557815693],[-86.7667191534052,36.1726260406612],[-86.76674099144,36.1725955211536],[-86.7667664114074,36.1725668832638],[-86.7667869635789,36.1725477810474],[-86.7668092291139,36.1725299864956],[-86.7668330822567,36.1725135995457],[-86.7668331309112,36.1725135730999],[-86.7668656913517,36.1724945622164],[-86.7669003197723,36.1724781266222],[-86.7670451579212,36.1724144186699],[-86.7671287453615,36.1723776520446],[-86.7671996633409,36.1723464573056],[-86.7673375630799,36.1722858006241],[-86.767384417049,36.1723663094131],[-86.7674984448664,36.1725622308611],[-86.7679253511106,36.173295729537],[-86.7681684555053,36.173208474042],[-86.7683688714861,36.1732615907601],[-86.768836259085,36.1731031308528],[-86.769700549636,36.1741827131239],[-86.7701104557977,36.1743193550763],[-86.7701274875292,36.1743250325422],[-86.7696694314916,36.1743279541257],[-86.7679545212172,36.1751285209704],[-86.7679512367505,36.1751300550917],[-86.7677661210379,36.1751180462392],[-86.7678261894745,36.1750619208636],[-86.7678831640273,36.1750037133863],[-86.7679369334954,36.1749435344733],[-86.7679873945298,36.1748815019512],[-86.7680344493314,36.1748177327095],[-86.7680780090732,36.1747523516921],[-86.768117988264,36.1746854838216],[-86.7681543103582,36.1746172593707],[-86.7681823224638,36.1745650519178],[-86.7682063257125,36.1745115487145],[-86.7682262297983,36.1744569513204],[-86.7682419589009,36.1744014648074],[-86.7682534550468,36.1743453004424],[-86.7682606736015,36.1742886694069],[-86.7682635877418,36.1742317854727],[-86.768262186215,36.1741748632129],[-86.7682564744681,36.1741181197981],[-86.7682464745685,36.1740617668847],[-86.7682322230686,36.1740060196418],[-86.7682137753466,36.1739510859079],[-86.768191200136,36.1738971752389],[-86.7681645816793,36.1738444916838],[-86.7681340230528,36.1737932328627],[-86.7680996384124,36.1737435927198],[-86.7680615574138,36.1736957587915],[-86.7680199241,36.1736499122139],[-86.7679748957643,36.1736062250255],[-86.7679266429847,36.173564863773],[-86.7678753473489,36.1735259841179],[-86.7678212025825,36.1734897326316],[-86.7677644123181,36.173456245909],[-86.7677051945408,36.1734256505397],[-86.7676437682503,36.1733980631934]]]},"properties":{"id":"254749","parcel":"08215006700","address":"14 JAMES ROBERTSON PKWY","owner":"BAILEY FAMILY TRUST","point":[-86.76870619060573,36.173720885933506]}},{"type":"Feature","id":"254752","geometry":{"type":"Polygon","coordinates":[[[-86.765666553652,36.1715826368144],[-86.7662509192766,36.1713596278308],[-86.7663424484248,36.1713318645427],[-86.7665874900608,36.171263555301],[-86.7666086993266,36.1712994965033],[-86.7666854205603,36.1712697324568],[-86.7668956815344,36.1716260373869],[-86.7669162410686,36.1716739713104],[-86.7669327454328,36.1717229250932],[-86.7669451168594,36.1717726739142],[-86.7669532986557,36.171822988312],[-86.7669572541183,36.1718736368949],[-86.7669569643103,36.1719243863557],[-86.7669524314047,36.171975002351],[-86.7669005146832,36.1719707303519],[-86.7668489350685,36.1719643030628],[-86.7667978316695,36.1719557367247],[-86.766255292369,36.1718920251339],[-86.7656690737759,36.1721159047429],[-86.7656610552648,36.1721007476365],[-86.7651693432177,36.1722884504802],[-86.7651572159669,36.1722930805546],[-86.7649438758112,36.1719350987331],[-86.7649390823007,36.1719251448814],[-86.7649362516393,36.1719147081292],[-86.7649354518556,36.1719040422027],[-86.764936703209,36.1718934038345],[-86.7649399737352,36.1718830518905],[-86.7649451858196,36.1718732374146],[-86.7649522127933,36.1718641964398],[-86.7649613787225,36.1718557601776],[-86.7649721192039,36.1718486496128],[-86.7649841459482,36.1718430549367],[-86.765666553652,36.1715826368144]]]},"properties":{"id":"254752","parcel":"08215009400","address":"419 WOODLAND ST","owner":"ST. ANNS EPISCOPAL CHURCH","point":[-86.76603063405908,36.17179603961442]}},{"type":"Feature","id":"254757","geometry":{"type":"Polygon","coordinates":[[[-86.7653247174815,36.1710108790318],[-86.7654783346329,36.1709524861069],[-86.7654871592369,36.17096733439],[-86.7654871957861,36.1709673206392],[-86.7654872411925,36.1709673032272],[-86.7656403697328,36.1709090961499],[-86.7657937616291,36.1708507880658],[-86.7659473227504,36.1707924156219],[-86.7661855604068,36.1711932353832],[-86.7661023079692,36.1712441220953],[-86.7660425301169,36.1712668456962],[-86.7658891364877,36.1713251540969],[-86.7657357669994,36.1713834531345],[-86.7655810981634,36.1714422450978],[-86.7653335420633,36.171025727326],[-86.7653247174815,36.1710108790318]]]},"properties":{"id":"254757","parcel":"08215010000","address":"408 WOODLAND ST","owner":"BNA WOODLAND OZ BUSINESS LLC","point":[-86.76575954989326,36.17110948210967]}},{"type":"Feature","id":"254761","geometry":{"type":"Polygon","coordinates":[[[-86.7655388693226,36.1703934195097],[-86.7656574084445,36.1705931634523],[-86.7656451373084,36.1705978278393],[-86.765776104021,36.1708208058939],[-86.7657762430142,36.1708210411439],[-86.7656228434082,36.1708793519592],[-86.7653763328266,36.170460322068],[-86.7654948544233,36.1704155048149],[-86.765509254862,36.1704095282129],[-86.7655230747323,36.1704027108042],[-86.765528704745,36.1703995945668],[-86.7655388693226,36.1703934195097]]]},"properties":{"id":"254761","parcel":"08215010400","address":"407 RUSSELL ST","owner":"BNA WOODLAND OZ BUSINESS LLC","point":[-86.76561660868468,36.17070913288673]}},{"type":"Feature","id":"254799","geometry":{"type":"Polygon","coordinates":[[[-86.7648289180545,36.1727000470051],[-86.7646988215223,36.1724898965525],[-86.7649236525151,36.1724049606339],[-86.7650265771036,36.1725779228786],[-86.7650497005471,36.1726167849283],[-86.7648667998084,36.1726932142042],[-86.7648633483208,36.172686642411],[-86.7648296113164,36.17269977764],[-86.7648289180545,36.1727000470051]]]},"properties":{"id":"254799","parcel":"08215015900","address":"5 S 5TH ST","owner":"WINN, CAROLE OVERBEY & MARK BENTLEY, CO-TRS ET AL","point":[-86.76486322469496,36.1725339108595]}},{"type":"Feature","id":"254803","geometry":{"type":"Polygon","coordinates":[[[-86.7644560601669,36.1725815356655],[-86.7645529709095,36.1725435643769],[-86.7647713234825,36.1729113866405],[-86.7646139904093,36.1729689729814],[-86.7643990527986,36.1726038758757],[-86.7644560601669,36.1725815356655]]]},"properties":{"id":"254803","parcel":"08215016200","address":"504 MAIN ST","owner":"BRAY, THERESA & ANDERSON, LOUISE & WRIGHT, MARCIA","point":[-86.76458480951678,36.17275763065967]}},{"type":"Feature","id":"254807","geometry":{"type":"Polygon","coordinates":[[[-86.7636391532517,36.1728900971251],[-86.763783286998,36.1728357797524],[-86.7639901054457,36.1732020279504],[-86.7638477137713,36.173255842446],[-86.7637017067851,36.1733110234333],[-86.7635443339804,36.1733697252838],[-86.7634310386464,36.1734115955061],[-86.7634236712046,36.1734141656476],[-86.7634158815149,36.1734157128185],[-86.7634078825938,36.1734161942133],[-86.7633998966449,36.1734155976114],[-86.7633921416946,36.1734139387579],[-86.7633848316176,36.1734112640675],[-86.7633781671933,36.1734076452729],[-86.7633723317022,36.1734031839595],[-86.7633674874962,36.1733980016728],[-86.7633637660123,36.1733922417842],[-86.7631708960932,36.1730665604691],[-86.7633305687707,36.1730063881085],[-86.7634828591567,36.1729489957688],[-86.7636391532517,36.1728900971251]]]},"properties":{"id":"254807","parcel":"08215016700","address":"516 MAIN ST","owner":"HOLY NAME CATHOLIC CHURCH","point":[-86.76358142333046,36.173134296731895]}},{"type":"Feature","id":"254810","geometry":{"type":"Polygon","coordinates":[[[-86.7628392790653,36.1731848253752],[-86.7630114651651,36.1731175652123],[-86.7632318927307,36.1734903213969],[-86.7630535375913,36.1735590728011],[-86.7629105145502,36.1736126747666],[-86.7626955196677,36.173240982331],[-86.7628392790653,36.1731848253752]]]},"properties":{"id":"254810","parcel":"08215016800","address":"600 MAIN ST","owner":"LEODORE PROPERTIES LLC","point":[-86.76296290199926,36.17336565057273]}},{"type":"Feature","id":"254888","geometry":{"type":"Polygon","coordinates":[[[-86.7691405993863,36.1800372980253],[-86.7692094248649,36.1795874861313],[-86.769374451786,36.1796029266999],[-86.7693104809366,36.1800532007459],[-86.7691405993863,36.1800372980253]]]},"properties":{"id":"254888","parcel":"08211002500","address":"230 TREUTLAND AVE","owner":"MDHA","point":[-86.7692587140832,36.179820114714836]}},{"type":"Feature","id":"254922","geometry":{"type":"Polygon","coordinates":[[[-86.7677934563846,36.1762020833602],[-86.7676639372144,36.176191698975],[-86.767662663349,36.1761917070762],[-86.7676645976506,36.1761752809254],[-86.7676893644619,36.1759688678715],[-86.7676980845835,36.1758971023077],[-86.7676984180077,36.1758947974533],[-86.768147940751,36.1756392074711],[-86.7684055821348,36.1756529513723],[-86.768408399656,36.1756639216693],[-86.7684488185046,36.1756598781479],[-86.7684788069919,36.1756568806926],[-86.768782006516,36.1755938505219],[-86.7688277737134,36.1755843336707],[-86.7688296950245,36.1755926356108],[-86.7688302473426,36.1755945689133],[-86.768830838487,36.175596493857],[-86.7688314695692,36.175598410435],[-86.7688343588093,36.1756059924074],[-86.7688360490086,36.1756097164877],[-86.7688369428688,36.1756115628958],[-86.7688378755203,36.1756133973403],[-86.7688434906133,36.1756237450596],[-86.7688444362746,36.1756254307123],[-86.7688524090849,36.1756364600923],[-86.7688612416744,36.1756466214841],[-86.7688712122908,36.1756560645277],[-86.7688779928351,36.1756617551914],[-86.7688775816347,36.1756705992284],[-86.7688771524558,36.1756798822965],[-86.7688801668167,36.1756815619821],[-86.7688827963157,36.1756831026204],[-86.7688854500073,36.1756846160665],[-86.7688881289856,36.175686100511],[-86.7688908310274,36.175687555968],[-86.768904682744,36.1756943984693],[-86.7689075186948,36.1756956773261],[-86.7689103743745,36.1756969272167],[-86.7689132497568,36.1756981454374],[-86.7689161448505,36.1756993328895],[-86.7689171002744,36.1756997314718],[-86.768932838352,36.1757049586019],[-86.7689483894332,36.1757085547287],[-86.7689541118254,36.175709669192],[-86.7689673705941,36.1757118766482],[-86.7689790903273,36.1757129970668],[-86.7689970860453,36.1757137404289],[-86.7689683930638,36.176283877376],[-86.7689683914345,36.1762839386724],[-86.7689611364508,36.1762858487064],[-86.7689451586064,36.1762900755821],[-86.7689322289913,36.1762935097522],[-86.7688893616663,36.1762900623871],[-86.7687040838952,36.1762751611257],[-86.7677934563846,36.1762020833602]]]},"properties":{"id":"254922","parcel":"08211015000","address":"304 OLDHAM ST","owner":"OLDHAM PROPCO, LLC","point":[-86.7683398254696,36.175934237001115]}},{"type":"Feature","id":"254930","geometry":{"type":"Polygon","coordinates":[[[-86.7695226133035,36.1752947644481],[-86.7698185442483,36.1751693247621],[-86.7698197588499,36.1752945145811],[-86.769820121291,36.1753318715474],[-86.7697484262406,36.1759739814138],[-86.7694378429008,36.1761688829029],[-86.7689737028638,36.1762825610494],[-86.7689683914345,36.1762839386724],[-86.7689683930638,36.176283877376],[-86.7689970860453,36.1757137404289],[-86.769026204953,36.175711631618],[-86.769053597885,36.1757062378672],[-86.7690700990043,36.1757007305482],[-86.7690796038577,36.1756975561166],[-86.7690929921803,36.1756911096802],[-86.7691038854017,36.1756858643044],[-86.7691257666641,36.1756711649356],[-86.7691445775983,36.1756542887415],[-86.7691584317047,36.1756378677243],[-86.7691606572066,36.1756352308597],[-86.7691693538214,36.1756201234034],[-86.7691695282912,36.1756197735017],[-86.769170643575,36.1756175123291],[-86.7691787091736,36.1755965975305],[-86.769183290973,36.1755750019433],[-86.7691844061195,36.1755685985534],[-86.7691817211911,36.1755566387399],[-86.7691801574031,36.1755496729068],[-86.769179586601,36.1755418202093],[-86.7691792995121,36.1755353689749],[-86.7691793222668,36.1755310652852],[-86.7691796821705,36.175524616237],[-86.7691822296418,36.1755089801649],[-86.7691870694598,36.1754937044118],[-86.7691941303743,36.1754790075381],[-86.7691976481251,36.1754732152176],[-86.7692001860173,36.1754694344576],[-86.7692042720263,36.175463893574],[-86.7692094161074,36.1754571851173],[-86.7692159113184,36.1754508718174],[-86.7692225067808,36.1754444650479],[-86.7692366278555,36.1754331128412],[-86.7692391564023,36.1754315789958],[-86.7692531332001,36.1754231180663],[-86.7692632257351,36.1754177308719],[-86.7692864839319,36.1754055255126],[-86.7693222419618,36.17538696587],[-86.7693694486821,36.1753635916859],[-86.7693695604432,36.1753635387001],[-86.7694370972985,36.17533209115],[-86.7694772804436,36.175314196327],[-86.7694990355299,36.175304844002],[-86.7695126418728,36.1752989954697],[-86.7695182697461,36.1752966703766],[-86.7695188999615,36.1752964329311],[-86.7695225147502,36.1752948038308],[-86.7695226133035,36.1752947644481]]]},"properties":{"id":"254930","parcel":"08211015100","address":"300 OLDHAM ST","owner":"THORSON, DAVID L. & RHONDA R.","point":[-86.76937672285543,36.17584386915217]}},{"type":"Feature","id":"254936","geometry":{"type":"Polygon","coordinates":[[[-86.7610278155548,36.1751440680059],[-86.7611790519178,36.175085592954],[-86.7613320107579,36.1753483466784],[-86.7614298548721,36.1755169483988],[-86.7612704444181,36.1755795201842],[-86.7611577422111,36.1756230662406],[-86.7609999064207,36.1756847003328],[-86.7608417612965,36.1757462126925],[-86.7606993304542,36.1758017387494],[-86.7605358613155,36.1758654635139],[-86.7603830927355,36.1759235228912],[-86.7602340412114,36.1759814613262],[-86.7600762494229,36.1760428469719],[-86.7599738462385,36.1760828959428],[-86.7598589193809,36.1761278400222],[-86.7597457256323,36.1761721070478],[-86.7595990078337,36.1762294856364],[-86.7594746410662,36.1762764661234],[-86.7593202278193,36.1760070580379],[-86.7592849566408,36.175944567177],[-86.7592265143036,36.175840695356],[-86.7594969285743,36.1757361121141],[-86.7595321294096,36.1757224987288],[-86.7596074817174,36.175693356228],[-86.7597238681196,36.1756483437101],[-86.7598264567394,36.1756086669004],[-86.7599862292839,36.1755468689371],[-86.7601391514942,36.175487718555],[-86.7602901231167,36.1754293220039],[-86.7604471438319,36.1753685862233],[-86.7604856746446,36.1753536816953],[-86.7606038145039,36.1753080038541],[-86.760757782643,36.1752484729642],[-86.7609108866959,36.1751892771856],[-86.7610278155548,36.1751440680059]]]},"properties":{"id":"254936","parcel":"08212001300","address":"714 RAMSEY ST","owner":"EAST RIVER HOLDINGS, L.P.","point":[-86.7603616805451,36.1756665233075]}},{"type":"Feature","id":"255441","geometry":{"type":"Polygon","coordinates":[[[-86.7598369703905,36.1795794513728],[-86.7603636608017,36.1793805417257],[-86.7604215512932,36.1794812709859],[-86.7598921080785,36.1796757982336],[-86.7598369703905,36.1795794513728]]]},"properties":{"id":"255441","parcel":"08212005400","address":"310 NEILL AVE","owner":"STRATTON, ERIC","point":[-86.76012744743012,36.17953035790332]}},{"type":"Feature","id":"255444","geometry":{"type":"Polygon","coordinates":[[[-86.7599692671977,36.1798071710577],[-86.76049322759,36.1796060807697],[-86.7605649030698,36.1797308977234],[-86.7600409641767,36.1799341836558],[-86.7599692671977,36.1798071710577]]]},"properties":{"id":"255444","parcel":"08212005600","address":"314 NEILL AVE","owner":"MURPHY, HOWARD L.","point":[-86.76026762669862,36.17976903584583]}},{"type":"Feature","id":"255449","geometry":{"type":"Polygon","coordinates":[[[-86.7600409641767,36.1799341836558],[-86.7605649030698,36.1797308977234],[-86.7606365798608,36.1798557119197],[-86.7601126392155,36.1800589981632],[-86.7600409641767,36.1799341836558]]]},"properties":{"id":"255449","parcel":"08212005700","address":"400 NEILL AVE","owner":"HASMONEK, JEFFREY & BRADY, LAUREN","point":[-86.76033877205928,36.179894948158626]}},{"type":"Feature","id":"255893","geometry":{"type":"Polygon","coordinates":[[[-86.767929210284,36.1799260163032],[-86.7679953884683,36.1794816701175],[-86.7681527517975,36.1794960525537],[-86.768087256777,36.1799409433529],[-86.767929210284,36.1799260163032]]]},"properties":{"id":"255893","parcel":"08211005700","address":"242 TREUTLAND AVE","owner":"LOPEZ, BRAD L. & HARMONY M.","point":[-86.76804116586996,36.179711034843116]}},{"type":"Feature","id":"255895","geometry":{"type":"Polygon","coordinates":[[[-86.7688116892177,36.1800088538638],[-86.7688805045727,36.1795573487533],[-86.7690595739323,36.1795737890375],[-86.7689927874057,36.1800247297562],[-86.7688116892177,36.1800088538638]]]},"properties":{"id":"255895","parcel":"08211006100","address":"232 TREUTLAND AVE","owner":"SETTLES, ODESSA","point":[-86.76893610051526,36.179791322424414]}},{"type":"Feature","id":"255984","geometry":{"type":"Polygon","coordinates":[[[-86.7605966014529,36.1819063681688],[-86.7606345225592,36.1816204349406],[-86.7606871926105,36.181624854524],[-86.7607393286819,36.1816323669818],[-86.7607906513486,36.1816429317162],[-86.7608408910603,36.1816564945488],[-86.760872454275,36.1816687060171],[-86.7609023044284,36.1816834770488],[-86.760930128773,36.181700654599],[-86.7609556309497,36.1817200557782],[-86.7609785432944,36.1817414758857],[-86.7609986235024,36.1817646884308],[-86.7610156591187,36.1817894496102],[-86.7610271002874,36.1818168480038],[-86.7610449631284,36.1818417337459],[-86.7610688869278,36.1818630095661],[-86.7610975146575,36.1818801360482],[-86.7611298197063,36.1818920192185],[-86.7611647796387,36.1818981166514],[-86.7612000244061,36.18189844419],[-86.7612352127136,36.1818930030851],[-86.7612679745037,36.1818818082824],[-86.7612969577312,36.1818654198838],[-86.7613214928328,36.1818443855765],[-86.7613402352943,36.181819817891],[-86.7613521729386,36.1817928218538],[-86.7613573192257,36.181764220236],[-86.7613550103454,36.1817353907511],[-86.7613455952047,36.1817077047242],[-86.7613290861443,36.1816819840285],[-86.7618828065997,36.1808389921107],[-86.7619409161089,36.1807507196579],[-86.761235212199,36.179526686563],[-86.7612700999414,36.1795253679137],[-86.7613039189451,36.1795185618869],[-86.7613353114982,36.1795060021609],[-86.7613629282086,36.1794885210036],[-86.7613854241519,36.1794669524587],[-86.7614021253861,36.1794418487485],[-86.7614123707642,36.1794148633593],[-86.7614151484175,36.1793865506438],[-86.7614108105958,36.1793582837105],[-86.7613993715812,36.1793314341927],[-86.7613818568484,36.1793070960645],[-86.7613579363648,36.1792860942594],[-86.7613296564712,36.1792697902956],[-86.7612976930297,36.1792581799081],[-86.7612662711514,36.1792524955153],[-86.7612359306545,36.1792437679354],[-86.7612071152459,36.1792321277584],[-86.7611802512005,36.1792177426362],[-86.761155733022,36.17920082909],[-86.7611339210212,36.1791816317958],[-86.7611151358611,36.1791604344342],[-86.7607213511844,36.1784686599847],[-86.759805475099,36.1768567617506],[-86.7598055792083,36.1768567214397],[-86.7617608451238,36.1761048247218],[-86.7617634733385,36.1761038131393],[-86.7619840257972,36.1764892071667],[-86.7619789744617,36.1764919843066],[-86.7619678466858,36.176498100236],[-86.7623152987712,36.1771024191471],[-86.7627076373861,36.177785259992],[-86.7631224546123,36.1785069821384],[-86.7630572773402,36.1786015655017],[-86.7629953664653,36.1786975819204],[-86.7629367712907,36.1787949553819],[-86.7628815366912,36.1788936117034],[-86.7628297052932,36.1789934740129],[-86.7627813163889,36.1790944654587],[-86.7627364092712,36.1791965091892],[-86.7626950165207,36.1792995238888],[-86.7626571707531,36.1794034318463],[-86.7623793562836,36.180394679407],[-86.7622849998225,36.1807309682324],[-86.7622433206689,36.1808367162652],[-86.7620627072148,36.1812949668682],[-86.7620044405523,36.1814121628178],[-86.7619433129433,36.1815283989206],[-86.7618793517098,36.1816436272329],[-86.761714708065,36.181930085654],[-86.7616086883278,36.1821109613572],[-86.7615163085416,36.1822653790369],[-86.7605966014529,36.1819063681688]]]},"properties":{"id":"255984","parcel":"08211010300","address":"211 N 7TH ST","owner":"METRO GOV'T  P  DOUGLAS","point":[-86.76193977854304,36.17918908234732]}},{"type":"Feature","id":"256025","geometry":{"type":"Polygon","coordinates":[[[-86.7698153845054,36.1801004393103],[-86.7698793491839,36.1796501641226],[-86.7700476488265,36.1796659100592],[-86.7699836839788,36.1801161853412],[-86.7698153845054,36.1801004393103]]]},"properties":{"id":"256025","parcel":"08211002800","address":"222 TREUTLAND AVE","owner":"EASTSIDE RESIDENTIAL PROPERTIES, LLC","point":[-86.76993151671805,36.17988317474566]}},{"type":"Feature","id":"256209","geometry":{"type":"Polygon","coordinates":[[[-86.7606541030843,36.1710297168427],[-86.7608136302701,36.170969093542],[-86.7610549418944,36.1713781829064],[-86.7610351430371,36.1713856557647],[-86.7608966422354,36.171440879801],[-86.7606541030843,36.1710297168427]]]},"properties":{"id":"256209","parcel":"08216020900","address":"611 FATHERLAND ST","owner":"MCPHERSON, CHRISTOPHER A. & GALE G.","point":[-86.76085452314666,36.17120395004536]}},{"type":"Feature","id":"256210","geometry":{"type":"Polygon","coordinates":[[[-86.7608136302701,36.170969093542],[-86.7609664260366,36.1709097958697],[-86.7612084703868,36.1713201168555],[-86.7610549418944,36.1713781829064],[-86.7608136302701,36.170969093542]]]},"properties":{"id":"256210","parcel":"08216021000","address":"609 FATHERLAND ST","owner":"BLICKWEDEL, DANA F","point":[-86.76101104872853,36.17114460536012]}},{"type":"Feature","id":"256211","geometry":{"type":"Polygon","coordinates":[[[-86.7620493118363,36.1704981519745],[-86.7622024323012,36.170439403145],[-86.7624499180236,36.1708589487788],[-86.7622969088412,36.1709178918824],[-86.7620493118363,36.1704981519745]]]},"properties":{"id":"256211","parcel":"08216021800","address":"517 FATHERLAND ST","owner":"MASTRIANNI, LISA","point":[-86.76224961393375,36.17067855054414]}},{"type":"Feature","id":"256515","geometry":{"type":"Polygon","coordinates":[[[-86.7598313778212,36.1724905589448],[-86.7603337143926,36.1722955089614],[-86.7603481888788,36.1723209650708],[-86.7603690738856,36.1723436346383],[-86.7603946819235,36.1723614193287],[-86.7604259594732,36.1723754172272],[-86.7604592407411,36.1723834487304],[-86.7604938216741,36.1723857030322],[-86.7605220663627,36.1723826031697],[-86.7605283435726,36.1723819138059],[-86.7605611173347,36.1723723674823],[-86.7605904531432,36.1723576235814],[-86.7606153365777,36.1723379624831],[-86.7606347622457,36.1723144900702],[-86.7606473868472,36.1722883134537],[-86.7606477950454,36.1722863677517],[-86.7606529773006,36.1722616719483],[-86.7606532164728,36.1722605312408],[-86.762160099334,36.1716796382834],[-86.7622978527331,36.1719117177854],[-86.7626808219707,36.1725576027841],[-86.7625873394002,36.1725933563223],[-86.7623054370297,36.1727011754565],[-86.7619138210453,36.1728507274588],[-86.7617621849589,36.172908634617],[-86.7616193203581,36.1729631921097],[-86.7614666427555,36.1730214966132],[-86.7613086132777,36.1730818435983],[-86.7611544477807,36.1731407149701],[-86.7610105412448,36.1731956685521],[-86.760852362672,36.1732560726524],[-86.7606867499875,36.173319314613],[-86.7605264887132,36.1733805119024],[-86.7603786805151,36.1734369547631],[-86.7602232388511,36.1734963124437],[-86.7600702690097,36.1735547251522],[-86.7599145411341,36.1736141914834],[-86.7597523094421,36.1736761409778],[-86.7596138645542,36.1737290063157],[-86.7594685426371,36.1737844977896],[-86.7593053810014,36.173846801317],[-86.759162661426,36.173901298175],[-86.7590283026801,36.1739526031802],[-86.7589514165195,36.1739819613761],[-86.7588653862284,36.1740148117335],[-86.7587124841654,36.1740731961376],[-86.7584633414349,36.1736508056793],[-86.7584530015487,36.173633275242],[-86.7581992346004,36.1732030380025],[-86.7583329350499,36.1731519029725],[-86.7584882569252,36.1730924980071],[-86.7586283398078,36.1730389215681],[-86.7587868044595,36.1729783140009],[-86.7589478649522,36.1729167129294],[-86.7590963069586,36.1728599388652],[-86.7592438150881,36.1728035210828],[-86.7594059912807,36.1727414932862],[-86.759549968129,36.1726864249065],[-86.7597177247184,36.172622261621],[-86.7598737699975,36.1725625817209],[-86.7598313778212,36.1724905589448]]]},"properties":{"id":"256515","parcel":"08216009400","address":"600 WOODLAND ST","owner":"METRO GOV'T  P  EAST","point":[-86.76042929050217,36.17288429424949]}},{"type":"Feature","id":"256628","geometry":{"type":"Polygon","coordinates":[[[-86.7611198837025,36.1708516186082],[-86.7612731150824,36.1707930505257],[-86.7614418120362,36.1710790415954],[-86.7615149076632,36.1712029534168],[-86.7613616529992,36.1712614759783],[-86.7611198837025,36.1708516186082]]]},"properties":{"id":"256628","parcel":"08216021200","address":"605 FATHERLAND ST","owner":"STEUER, MEREDITH SLOAN & BRAUN, WILLIAM EVANS","point":[-86.76128084874085,36.17096533021241]}},{"type":"Feature","id":"256629","geometry":{"type":"Polygon","coordinates":[[[-86.7612731150824,36.1707930505257],[-86.7614270254375,36.170735644202],[-86.7615951894407,36.1710207263449],[-86.7614724895358,36.1710673785484],[-86.7614418120362,36.1710790415954],[-86.7612731150824,36.1707930505257]]]},"properties":{"id":"256629","parcel":"08216021300","address":"603 FATHERLAND ST","owner":"PATRICK CHRISTOPHER & LISA RENEE FERRELL FAMILY TRUST","point":[-86.76143415150241,36.17090688854275]}},{"type":"Feature","id":"256630","geometry":{"type":"Polygon","coordinates":[[[-86.7607444172994,36.1701959880817],[-86.7608979369937,36.1701379152396],[-86.7612082226287,36.1706639423865],[-86.7610547168354,36.1707220407579],[-86.7607444172994,36.1701959880817]]]},"properties":{"id":"256630","parcel":"08216022500","address":"604 FATHERLAND ST","owner":"SOWELL, VELVET L LIVING TRUST","point":[-86.76097631924728,36.17042996546061]}},{"type":"Feature","id":"256631","geometry":{"type":"Polygon","coordinates":[[[-86.760131150993,36.1704296639131],[-86.7602846489956,36.1703715541438],[-86.7605949483931,36.170897607963],[-86.7604418721942,36.1709564346668],[-86.760131150993,36.1704296639131]]]},"properties":{"id":"256631","parcel":"08216022900","address":"612 FATHERLAND ST","owner":"JENKINS, STEVEN J. & TARA H.","point":[-86.76036304899118,36.17066363616458]}},{"type":"Feature","id":"256632","geometry":{"type":"Polygon","coordinates":[[[-86.7599780064556,36.1704883760092],[-86.760131150993,36.1704296639131],[-86.7604418721942,36.1709564346668],[-86.7602882839419,36.17101439648],[-86.7599780064556,36.1704883760092]]]},"properties":{"id":"256632","parcel":"08216023000","address":"614 FATHERLAND ST","owner":"SINCLAIR, WILLIAM P. & BEEHAN, EILEEN T.","point":[-86.76020993860851,36.170722405564575]}},{"type":"Feature","id":"256633","geometry":{"type":"Polygon","coordinates":[[[-86.759824983692,36.1705472917294],[-86.7599780064556,36.1704883760092],[-86.7602882839419,36.17101439648],[-86.7601352502527,36.171073298229],[-86.759824983692,36.1705472917294]]]},"properties":{"id":"256633","parcel":"08216023100","address":"616 FATHERLAND ST","owner":"YOW, MANDY L. & VAYDA, ALLETLE L.","point":[-86.76005663276152,36.17078084433003]}},{"type":"Feature","id":"256638","geometry":{"type":"Polygon","coordinates":[[[-86.770144963059,36.171352318427],[-86.7701450727746,36.1713522843801],[-86.7702630347497,36.1715554667481],[-86.7703326724765,36.1716754135731],[-86.7703488112618,36.1717032101922],[-86.7703352891986,36.1717085103206],[-86.7703358365409,36.1717094720843],[-86.770637126015,36.1722398379708],[-86.770637512798,36.1722405195629],[-86.7698730986594,36.1725364327995],[-86.7698664220984,36.1725359400311],[-86.7698649597896,36.172535767302],[-86.7698526796961,36.1725333274858],[-86.7698410850441,36.172529241189],[-86.7698248333519,36.1725037840154],[-86.7696984218597,36.1723385281797],[-86.7696837277239,36.172317324947],[-86.7696714029929,36.1722951521625],[-86.7696568648912,36.1722699787528],[-86.7696429620532,36.1722507054889],[-86.7696271745715,36.1722324112994],[-86.7696096069981,36.1722152171879],[-86.7696018492286,36.1722084557785],[-86.7695768655074,36.1721849946721],[-86.7695544856298,36.1721598649376],[-86.769550984964,36.1721554809632],[-86.7695502713389,36.1721544508587],[-86.7695424367535,36.1721418308001],[-86.769535766251,36.1721287779216],[-86.7695272575907,36.1721123281707],[-86.7695174497295,36.1720963616695],[-86.7695076632899,36.1720815720853],[-86.7694864750832,36.1720480745903],[-86.7694683996853,36.1720200008989],[-86.7694638887429,36.1720129952683],[-86.7694614869765,36.1720085628276],[-86.7694596526551,36.1720039564301],[-86.7694604078758,36.1720032008605],[-86.7694722462375,36.1719876091841],[-86.7694869187006,36.1719736920182],[-86.7694994291848,36.1719645950889],[-86.7695295318101,36.1719360340029],[-86.7695441305493,36.1719177263278],[-86.7695564691306,36.1718983560469],[-86.7695664337407,36.1718781077449],[-86.7695739283944,36.171857170399],[-86.7695622865377,36.1718547382009],[-86.7695760712742,36.1718318149162],[-86.7695788609059,36.1718261533973],[-86.7695905014917,36.1717173972137],[-86.7695911123296,36.1717121848979],[-86.7695952128338,36.1716883337642],[-86.769601403779,36.1716647811399],[-86.7696045761978,36.171655150704],[-86.7696093994077,36.1716423210603],[-86.7696222607055,36.1716146188307],[-86.7696395536538,36.1715857491408],[-86.7696601722894,36.1715583543449],[-86.7696839289372,36.1715326825854],[-86.769683985091,36.17153262725],[-86.7696953046883,36.1715220102453],[-86.7697217376357,36.1715003122217],[-86.7697504935222,36.171480651563],[-86.7697813349563,36.1714631929107],[-86.7698140054419,36.1714480793982],[-86.7698515615767,36.1714343695327],[-86.7698863021939,36.1714237653544],[-86.7699126964291,36.1714188220873],[-86.7699712498916,36.1714063382611],[-86.7699909343269,36.1714002174634],[-86.770144963059,36.171352318427]]]},"properties":{"id":"256638","parcel":"08215001600","address":"10 INTERSTATE DR","owner":"PARKWAY ASSOCIATES, LLC","point":[-86.76999409034622,36.17195123685747]}},{"type":"Feature","id":"256838","geometry":{"type":"Polygon","coordinates":[[[-86.761694395268,36.171188903041],[-86.7618570056363,36.1711271368277],[-86.762110211635,36.1715563815545],[-86.7620912229064,36.1715635953138],[-86.7619476028072,36.1716181480877],[-86.761694395268,36.171188903041]]]},"properties":{"id":"256838","parcel":"08216012100","address":"600 RUSSELL ST","owner":"NGC 891 TRUST","point":[-86.76190230344635,36.17137264248022]}},{"type":"Feature","id":"256839","geometry":{"type":"Polygon","coordinates":[[[-86.7615413272152,36.1712477428012],[-86.761694395268,36.171188903041],[-86.7619476028072,36.1716181480877],[-86.7619264842353,36.1716261692812],[-86.7617954245044,36.1716784948675],[-86.7615413272152,36.1712477428012]]]},"properties":{"id":"256839","parcel":"08216012200","address":"602 RUSSELL ST","owner":"LANFORD, BRIGITTE BRADY REVOCABLE LIVING TRUST","point":[-86.76174446487906,36.17143294561854]}},{"type":"Feature","id":"256842","geometry":{"type":"Polygon","coordinates":[[[-86.7613884623188,36.1713069262684],[-86.7615413272152,36.1712477428012],[-86.7617954245044,36.1716784948675],[-86.7617698771411,36.1716886926035],[-86.7616422809765,36.1717372054364],[-86.7614889021958,36.171795518032],[-86.7612356298949,36.1713661580033],[-86.7613884623188,36.1713069262684]]]},"properties":{"id":"256842","parcel":"08216012300","address":"604 RUSSELL ST","owner":"RACE ROCK PARTNERS, LLC","point":[-86.76151552625032,36.171522326761746]}},{"type":"Feature","id":"256843","geometry":{"type":"Polygon","coordinates":[[[-86.7609289905381,36.1714829894279],[-86.7610821397557,36.1714242896382],[-86.7613358441085,36.1718543754761],[-86.7611832457113,36.1719140148276],[-86.7609289905381,36.1714829894279]]]},"properties":{"id":"256843","parcel":"08216012500","address":"610 RUSSELL ST","owner":"RAGSDALE, TYLER & GARNER, ALEXIS","point":[-86.76113241628721,36.17166868262478]}},{"type":"Feature","id":"256845","geometry":{"type":"Polygon","coordinates":[[[-86.7607760275866,36.1715420105002],[-86.7609289905381,36.1714829894279],[-86.7611832457113,36.1719140148276],[-86.7610298312066,36.1719722657719],[-86.7607760275866,36.1715420105002]]]},"properties":{"id":"256845","parcel":"08216012600","address":"612 RUSSELL ST","owner":"ABEE, REESE M.","point":[-86.76097963694049,36.171728012839665]}},{"type":"Feature","id":"256846","geometry":{"type":"Polygon","coordinates":[[[-86.7623242216351,36.1746564170687],[-86.7630695503508,36.1743660136687],[-86.7631053653267,36.1744293291916],[-86.7631525832643,36.174513092628],[-86.7631915727532,36.1745822597992],[-86.7632419587395,36.1746646098113],[-86.763295681812,36.1747455615652],[-86.7633526844215,36.174825025294],[-86.7634129023835,36.1749029148778],[-86.7634762714953,36.1749791423938],[-86.7635427209444,36.1750536262699],[-86.7636121776946,36.1751262849482],[-86.7636845653822,36.1751970377927],[-86.7637598054461,36.1752658068853],[-86.7638378148947,36.1753325161384],[-86.7638760576334,36.1753630406371],[-86.7634968666828,36.1756753064436],[-86.7633829167605,36.1757578629338],[-86.7632661084755,36.1758377507148],[-86.7631465368019,36.1759149042871],[-86.7630242989646,36.1759892608407],[-86.7628994955589,36.1760607611496],[-86.7627722260701,36.1761293459954],[-86.7626425955683,36.176194958828],[-86.7623402254337,36.1763221347623],[-86.7621269421029,36.1764113900564],[-86.7615149653229,36.1753471926144],[-86.7614645932475,36.1752596631467],[-86.7613385448552,36.1750406341856],[-86.7623242216351,36.1746564170687]]]},"properties":{"id":"256846","parcel":"08211010200","address":"196 N 7TH ST","owner":"MDHA","point":[-86.76264898017025,36.175517121415176]}},{"type":"Feature","id":"256847","geometry":{"type":"Polygon","coordinates":[[[-86.7606229004998,36.1716007467093],[-86.7607760275866,36.1715420105002],[-86.7610298312066,36.1719722657719],[-86.760876663978,36.1720309403578],[-86.7606229004998,36.1716007467093]]]},"properties":{"id":"256847","parcel":"08216012700","address":"614 RUSSELL ST","owner":"STUBBS PROPERTY GROUP, LLC","point":[-86.76082636473585,36.1717865064133]}},{"type":"Feature","id":"257088","geometry":{"type":"Polygon","coordinates":[[[-86.7601999196498,36.1712020126708],[-86.7603530112363,36.1711432159267],[-86.7605961288558,36.1715553645136],[-86.7604432061706,36.1716144516006],[-86.7601999196498,36.1712020126708]]]},"properties":{"id":"257088","parcel":"08216020700","address":"617 FATHERLAND ST","owner":"CLARK, JESSE DARON & SMITH, LISA DANIELLE","point":[-86.76039802347351,36.17137868875636]}},{"type":"Feature","id":"257090","geometry":{"type":"Polygon","coordinates":[[[-86.7605004922004,36.1710876358067],[-86.7606541030843,36.1710297168427],[-86.7608966422354,36.171440879801],[-86.7607433753593,36.1714993827183],[-86.7605961288558,36.1715553645136],[-86.7603530112363,36.1711432159267],[-86.7605004922004,36.1710876358067]]]},"properties":{"id":"257090","parcel":"08216020800","address":"615 FATHERLAND ST","owner":"BUSH, JAMES DANIEL","point":[-86.76062482597624,36.17129204817183]}},{"type":"Feature","id":"257092","geometry":{"type":"Polygon","coordinates":[[[-86.761895786661,36.1705562191008],[-86.7620493118363,36.1704981519745],[-86.7622969088412,36.1709178918824],[-86.7622883369397,36.1709211860712],[-86.7622775334017,36.1709251000042],[-86.7621446395668,36.1709780900883],[-86.761895786661,36.1705562191008]]]},"properties":{"id":"257092","parcel":"08216021700","address":"519 FATHERLAND ST","owner":"KINDER, LENORE LEE & COX, EMILY K","point":[-86.76209634721235,36.170737055660446]}},{"type":"Feature","id":"257094","geometry":{"type":"Polygon","coordinates":[[[-86.7615693397429,36.1700017489307],[-86.7617229070216,36.1699437549426],[-86.761974558227,36.1703703727684],[-86.7618209925209,36.1704283661547],[-86.7615693397429,36.1700017489307]]]},"properties":{"id":"257094","parcel":"08216022100","address":"542 FATHERLAND ST","owner":"SMS REAL ESTATE PARTNERS, LLC","point":[-86.76177194910808,36.17018606102323]}},{"type":"Feature","id":"257097","geometry":{"type":"Polygon","coordinates":[[[-86.7614157631662,36.1700597238531],[-86.7615693397429,36.1700017489307],[-86.7618209925209,36.1704283661547],[-86.7616678435749,36.1704870696154],[-86.7614157631662,36.1700597238531]]]},"properties":{"id":"257097","parcel":"08216022200","address":"546 FATHERLAND ST","owner":"SMS REAL ESTATE PARTNERS, LLC","point":[-86.76161837709259,36.17024404517586]}},{"type":"Feature","id":"257098","geometry":{"type":"Polygon","coordinates":[[[-86.7608979369937,36.1701379152396],[-86.7610510236748,36.1700791058916],[-86.7613612988068,36.1706051146992],[-86.7612082226287,36.1706639423865],[-86.7608979369937,36.1701379152396]]]},"properties":{"id":"257098","parcel":"08216022400","address":"602 FATHERLAND ST","owner":"GROSS, BRENDA A.","point":[-86.76112961737111,36.17037151519585]}},{"type":"Feature","id":"257101","geometry":{"type":"Polygon","coordinates":[[[-86.7604381320562,36.1703134163318],[-86.7605908397442,36.1702539619516],[-86.7609011351542,36.1707800150353],[-86.7607479735094,36.1708386939618],[-86.7604381320562,36.1703134163318]]]},"properties":{"id":"257101","parcel":"08216022700","address":"608 FATHERLAND ST","owner":"GUIDER, JOHN W. & WARREN, MONA LISA","point":[-86.76066963391283,36.170546715911314]}},{"type":"Feature","id":"257102","geometry":{"type":"Polygon","coordinates":[[[-86.7602846489956,36.1703715541438],[-86.7604381320562,36.1703134163318],[-86.7607479735094,36.1708386939618],[-86.7605949483931,36.170897607963],[-86.7602846489956,36.1703715541438]]]},"properties":{"id":"257102","parcel":"08216022800","address":"610 FATHERLAND ST","owner":"TUCKER, DAVIE, JR. ET UX","point":[-86.76051631081607,36.17060512427939]}},{"type":"Feature","id":"257150","geometry":{"type":"Polygon","coordinates":[[[-86.7669524314047,36.171975002351],[-86.7669569643103,36.1719243863557],[-86.7669572541183,36.1718736368949],[-86.7669532986557,36.171822988312],[-86.7669451168594,36.1717726739142],[-86.7669327454328,36.1717229250932],[-86.7669162410686,36.1716739713104],[-86.7668956815344,36.1716260373869],[-86.7666854205603,36.1712697324568],[-86.7667696677866,36.1712370491162],[-86.7668237144464,36.1712160829835],[-86.7672269121901,36.1710675317915],[-86.7673742596212,36.1713160017739],[-86.7676647015832,36.1718057625877],[-86.7673800168067,36.171911085103],[-86.7672582437752,36.1719561348448],[-86.7672199430766,36.1719626934739],[-86.7671813606497,36.1719680515919],[-86.7671244011677,36.1719737202653],[-86.7670671385075,36.1719767744615],[-86.7670097548502,36.171977201306],[-86.7669524314047,36.171975002351]]]},"properties":{"id":"257150","parcel":"08215005500","address":"315 WOODLAND ST","owner":"315 WOODLAND PARTNERS","point":[-86.7671351970718,36.17147102026285]}},{"type":"Feature","id":"257212","geometry":{"type":"Polygon","coordinates":[[[-86.768087256777,36.1799409433529],[-86.7681527517975,36.1794960525537],[-86.7683270605038,36.179510875803],[-86.7682581888522,36.1799568877337],[-86.768087256777,36.1799409433529]]]},"properties":{"id":"257212","parcel":"08211005800","address":"240 TREUTLAND AVE","owner":"FLOWERS, CHARLES, JR.","point":[-86.76820638415667,36.1797259081429]}},{"type":"Feature","id":"257216","geometry":{"type":"Polygon","coordinates":[[[-86.7680285049841,36.17926224387],[-86.7680699085661,36.1789889224018],[-86.7682303144602,36.1790019001295],[-86.7684033746064,36.1790159011446],[-86.7685663518568,36.1790280671428],[-86.7685652617393,36.1790355726081],[-86.7685004348702,36.1794817951249],[-86.7684996428315,36.1794872510172],[-86.7684989174083,36.1794871889417],[-86.7683348260447,36.1794729173744],[-86.7683434840426,36.1793983159458],[-86.7683442086367,36.1793920935075],[-86.7683595299522,36.1792947504063],[-86.7681853997741,36.179277650376],[-86.7680285049841,36.17926224387]]]},"properties":{"id":"257216","parcel":"08211006500","address":"245 FOSTER ST","owner":"SNOW, JEREMY  & STEPHANIE","point":[-86.76829723637431,36.17914890922481]}},{"type":"Feature","id":"257247","geometry":{"type":"Polygon","coordinates":[[[-86.7653162394057,36.1725760866505],[-86.7651283038618,36.1723355368264],[-86.7651857457341,36.1723134548805],[-86.7651693432177,36.1722884504802],[-86.7656610552648,36.1721007476365],[-86.7656690737759,36.1721159047429],[-86.7655116435763,36.1724556253332],[-86.7655520038509,36.1725745915787],[-86.7655785970079,36.1726529890033],[-86.7654712291523,36.1726915799089],[-86.7654601065575,36.1726940018481],[-86.7654486448083,36.1726949136121],[-86.7654371548979,36.1726942888946],[-86.7654259449112,36.1726921455697],[-86.7654153199895,36.1726885420874],[-86.7654055689576,36.1726835739531],[-86.7653969532517,36.1726773783043],[-86.7653897067891,36.1726701203921],[-86.7653162394057,36.1725760866505]]]},"properties":{"id":"257247","parcel":"08215008100","address":"100 S 5TH ST","owner":"NASHVILLE BAPTIST ASSOC. INC.","point":[-86.76535713125024,36.172395654059585]}},{"type":"Feature","id":"257270","geometry":{"type":"Polygon","coordinates":[[[-86.7610821397557,36.1714242896382],[-86.7612356298949,36.1713661580033],[-86.7614889021958,36.171795518032],[-86.7613358441085,36.1718543754761],[-86.7610821397557,36.1714242896382]]]},"properties":{"id":"257270","parcel":"08216012400","address":"608 RUSSELL ST","owner":"BREEDING, DELMER DWAYNE & NEHRBASS, GREGORY A.","point":[-86.76128552152144,36.171609904010964]}},{"type":"Feature","id":"257272","geometry":{"type":"Polygon","coordinates":[[[-86.7598496157855,36.1699523647625],[-86.7600031017489,36.1698942337846],[-86.7602532283003,36.1703182826171],[-86.7600997100687,36.1703763609308],[-86.7598496157855,36.1699523647625]]]},"properties":{"id":"257272","parcel":"08216031900","address":"613 BOSCOBEL ST","owner":"JONES, RONALD KEITH","point":[-86.7600514214936,36.17013532386075]}},{"type":"Feature","id":"257275","geometry":{"type":"Polygon","coordinates":[[[-86.7604699235394,36.1716597449456],[-86.7606229004998,36.1716007467093],[-86.760876663978,36.1720309403578],[-86.7607240580714,36.1720905629462],[-86.7604699235394,36.1716597449456]]]},"properties":{"id":"257275","parcel":"08216012800","address":"616 RUSSELL ST","owner":"FINEN, CHRISTOPHER M.","point":[-86.76067329405404,36.17184534282704]}},{"type":"Feature","id":"257279","geometry":{"type":"Polygon","coordinates":[[[-86.7598313778212,36.1724905589448],[-86.7592793129222,36.1715526488245],[-86.7592891279498,36.1715489099171],[-86.7594332834022,36.1714940216767],[-86.7595866201487,36.1714356362525],[-86.7597399566869,36.171377252435],[-86.7598932929822,36.1713188666194],[-86.7600466290345,36.1712604788057],[-86.7601999196498,36.1712020126708],[-86.7604432061706,36.1716144516006],[-86.7604699235394,36.1716597449456],[-86.7607240580714,36.1720905629462],[-86.7605897438043,36.1721422579055],[-86.7605572925896,36.172126183717],[-86.7605298846683,36.1721184613205],[-86.7605281644028,36.172115726903],[-86.7604901903907,36.1721129424148],[-86.7604543020172,36.1721156406955],[-86.7604201688646,36.1721243736008],[-86.760389136915,36.172139126344],[-86.7603810923514,36.1721451569219],[-86.7603629007675,36.1721587959181],[-86.7603421187132,36.1721828266045],[-86.7603290921237,36.1722090543898],[-86.7603195941939,36.1722362612529],[-86.760321126799,36.172246441313],[-86.7603242992061,36.1722675479073],[-86.7603337143926,36.1722955089614],[-86.7598313778212,36.1724905589448]]]},"properties":{"id":"257279","parcel":"08216012900","address":"626 RUSSELL ST","owner":"METRO GOV'T  S  WARNER","point":[-86.76003239996132,36.171874023771515]}},{"type":"Feature","id":"257290","geometry":{"type":"Polygon","coordinates":[[[-86.7682853666684,36.1706633053565],[-86.7684349452245,36.1706031083843],[-86.7686440102504,36.1709553496664],[-86.7686686129388,36.170996804487],[-86.7688410265908,36.1712872896674],[-86.7688460198798,36.1712976242334],[-86.7688488784269,36.171308478909],[-86.7688495271888,36.1713195657669],[-86.7688479488597,36.1713305902032],[-86.7688441839758,36.1713412617516],[-86.7688383353875,36.1713512967589],[-86.7688305550179,36.1713604283835],[-86.7688208648361,36.1713681707022],[-86.7688098956585,36.1713746954437],[-86.7687978784804,36.1713798659463],[-86.7687303604622,36.1714050195257],[-86.7687217464729,36.1714077340246],[-86.768556067245,36.1714599720183],[-86.7683540649303,36.1711216949599],[-86.7681200659959,36.1707298299488],[-86.7681292960574,36.1707261147702],[-86.7682853666684,36.1706633053565]]]},"properties":{"id":"257290","parcel":"08215005300","address":"301 WOODLAND ST","owner":"NNP WOODLAND, LLC","point":[-86.76851122539013,36.17105924960776]}},{"type":"Feature","id":"257719","geometry":{"type":"Polygon","coordinates":[[[-86.7609664260366,36.1709097958697],[-86.7611198837025,36.1708516186082],[-86.7613616529992,36.1712614759783],[-86.7612084703868,36.1713201168555],[-86.7609664260366,36.1709097958697]]]},"properties":{"id":"257719","parcel":"08216021100","address":"607 FATHERLAND ST","owner":"BLICKWEDEL, DANA F. & HOOBLER, JAMES ALLEN","point":[-86.76116403958561,36.171085636089025]}},{"type":"Feature","id":"257721","geometry":{"type":"Polygon","coordinates":[[[-86.7615951894407,36.1710207263449],[-86.7617577712955,36.1709589126735],[-86.761830865065,36.1710828225192],[-86.7616682830392,36.1711446389905],[-86.7615455818742,36.1711912912738],[-86.7614724895358,36.1710673785484],[-86.7615951894407,36.1710207263449]]]},"properties":{"id":"257721","parcel":"08216021400","address":"205 S 6TH ST","owner":"NGC 891 TRUST","point":[-86.76165167720225,36.17107510066768]}},{"type":"Feature","id":"257723","geometry":{"type":"Polygon","coordinates":[[[-86.7614270254375,36.170735644202],[-86.7615891107779,36.1706729884944],[-86.7617577712955,36.1709589126735],[-86.7615951894407,36.1710207263449],[-86.7614270254375,36.170735644202]]]},"properties":{"id":"257723","parcel":"08216021500","address":"601 FATHERLAND ST","owner":"GOODWIN, JEFFREY SHAWN & ARAUZ, LESTHER GIOVANNI C.","point":[-86.7615923982832,36.17084727855242]}},{"type":"Feature","id":"257725","geometry":{"type":"Polygon","coordinates":[[[-86.7617229070216,36.1699437549426],[-86.7618763938883,36.1698856287782],[-86.7621280377809,36.1703122283156],[-86.761974558227,36.1703703727684],[-86.7617229070216,36.1699437549426]]]},"properties":{"id":"257725","parcel":"08216022000","address":"538 FATHERLAND ST","owner":"RAJOTTE, ERIC J & KEN","point":[-86.76192547135742,36.17012799180039]}},{"type":"Feature","id":"257727","geometry":{"type":"Polygon","coordinates":[[[-86.7605908397442,36.1702539619516],[-86.7607444172994,36.1701959880817],[-86.7610547168354,36.1707220407579],[-86.7609011351542,36.1707800150353],[-86.7605908397442,36.1702539619516]]]},"properties":{"id":"257727","parcel":"08216022600","address":"606 FATHERLAND ST","owner":"GUIDER, JOHN W. & WARREN, MONA LISA","point":[-86.76082277685894,36.170488001579905]}},{"type":"Feature","id":"257831","geometry":{"type":"Polygon","coordinates":[[[-86.7639279748652,36.1785734782234],[-86.7639071083646,36.1785530073609],[-86.7638906222591,36.1785300357046],[-86.7638798764838,36.1785048313389],[-86.7638745429759,36.1784787680663],[-86.7638753024572,36.1784521164656],[-86.7638814885382,36.1784259802966],[-86.7638934508305,36.1784014559878],[-86.7639105139135,36.1783788245002],[-86.7639323466055,36.1783589044733],[-86.7639582799552,36.1783425329069],[-86.7643594603374,36.1780762759811],[-86.7657878099277,36.1771282752452],[-86.7660646211082,36.176880933072],[-86.7660250729999,36.176925961613],[-86.7659914296147,36.176959439908],[-86.7659589775056,36.1769936839197],[-86.7658885678929,36.1770749146865],[-86.7658212907777,36.1771578721884],[-86.7657572121043,36.1772424776021],[-86.7656963933453,36.1773286494289],[-86.7656388904161,36.177416306205],[-86.7655847603102,36.1775053628548],[-86.765203865476,36.1780709262309],[-86.7648872559982,36.1785410317745],[-86.7648132453064,36.1786667666067],[-86.7639279748652,36.1785734782234]]]},"properties":{"id":"257831","parcel":"08211008500","address":"516 FOSTER ST","owner":"FOSTER STREET PARTNERS, LLC","point":[-86.76509483871226,36.17778755748259]}},{"type":"Feature","id":"257883","geometry":{"type":"Polygon","coordinates":[[[-86.7612353400072,36.1745295095773],[-86.761236057639,36.1745292283631],[-86.7613261004605,36.1746888117629],[-86.7614621707405,36.1749299720975],[-86.7613082456513,36.1749902796162],[-86.7610987745994,36.1746289881174],[-86.7610954387862,36.174622978783],[-86.7610933967079,36.1746166016862],[-86.7610927078851,36.1746100358037],[-86.7610933907975,36.1746034693834],[-86.761095427235,36.1745970900034],[-86.7610987589194,36.1745910800867],[-86.7611032896676,36.1745856105789],[-86.7611088908973,36.1745808355056],[-86.7611154038674,36.1745768937614],[-86.7611226417802,36.1745738964783],[-86.7612353400072,36.1745295095773]]]},"properties":{"id":"257883","parcel":"08216000800","address":"625 MAIN ST 101","owner":"PARO SOUTH, LLC","point":[-86.7612986421635,36.17480920160054]}},{"type":"Feature","id":"257885","geometry":{"type":"Polygon","coordinates":[[[-86.7605066436093,36.17481208467],[-86.7606554460417,36.1747548504217],[-86.7608788047282,36.175151217997],[-86.7607278644669,36.1752102351677],[-86.760581751515,36.1752673678279],[-86.7603475740278,36.1748732660577],[-86.7605066436093,36.17481208467]]]},"properties":{"id":"257885","parcel":"08216001100","address":"705 MAIN ST","owner":"KUMAR LODGING INC","point":[-86.76061531864735,36.175012246580145]}},{"type":"Feature","id":"257887","geometry":{"type":"Polygon","coordinates":[[[-86.7601936482014,36.1749335721561],[-86.7603475740278,36.1748732660577],[-86.760581751515,36.1752673678279],[-86.7604305140293,36.175325459093],[-86.7601936482014,36.1749335721561]]]},"properties":{"id":"257887","parcel":"08216001300","address":"709 MAIN ST","owner":"KUMAR LODGING INC","point":[-86.76038855237306,36.17510047185704]}},{"type":"Feature","id":"257921","geometry":{"type":"Polygon","coordinates":[[[-86.7607106256227,36.1740073021666],[-86.7608591459904,36.1739492267385],[-86.7610960554458,36.1743455085746],[-86.760988039723,36.1743879443306],[-86.7609806289459,36.1743906497843],[-86.7609727623412,36.174392305433],[-86.7609646640019,36.1743928638993],[-86.7609565661127,36.1743923102006],[-86.7609486978089,36.1743906591151],[-86.7609412852111,36.1743879587869],[-86.7609345380343,36.174384285403],[-86.7609286484851,36.1743797441012],[-86.7609237867724,36.174374464492],[-86.7609200899487,36.1743685962232],[-86.7607106256227,36.1740073021666]]]},"properties":{"id":"257921","parcel":"08216003100","address":"634 MAIN ST","owner":"GRIGGS, GREGORY L.","point":[-86.7609018123993,36.17417640247563]}},{"type":"Feature","id":"257923","geometry":{"type":"Polygon","coordinates":[[[-86.7615155380854,36.1731473401439],[-86.7616640595975,36.1730892645921],[-86.761914712281,36.1735052364808],[-86.7617607691974,36.1735633465457],[-86.7615155380854,36.1731473401439]]]},"properties":{"id":"257923","parcel":"08216004200","address":"615 WOODLAND ST","owner":"LEGACY HOME LOANS, LLC","point":[-86.76171395418774,36.17332628615004]}},{"type":"Feature","id":"257925","geometry":{"type":"Polygon","coordinates":[[[-86.7607504498951,36.1734399585658],[-86.760821483107,36.1734132371571],[-86.7610693980463,36.1738270307135],[-86.7609964038798,36.1738560925955],[-86.7609181636629,36.1738851226122],[-86.7606729359826,36.1734691154361],[-86.7607504498951,36.1734399585658]]]},"properties":{"id":"257925","parcel":"08216004700","address":"629 WOODLAND ST","owner":"TENNESSEE TRIAL LAWYERS ASSOCIATION","point":[-86.76087030333495,36.17364807151579]}},{"type":"Feature","id":"257928","geometry":{"type":"Polygon","coordinates":[[[-86.7609448498178,36.1746892951777],[-86.7611542570799,36.1750439936786],[-86.7610083174755,36.1751020991352],[-86.7608788047282,36.175151217997],[-86.7606554460417,36.1747548504217],[-86.7607728321137,36.1747098440879],[-86.7608768997701,36.174669944344],[-86.760884350594,36.1746675865331],[-86.7608921665176,36.1746662069971],[-86.7609001522274,36.1746658403141],[-86.760908109936,36.1746664949409],[-86.7609158416228,36.1746681550017],[-86.7609231557031,36.1746707802462],[-86.7609298703456,36.1746743042256],[-86.7609358190731,36.1746786387643],[-86.7609408541319,36.1746836775432],[-86.7609448498178,36.1746892951777]]]},"properties":{"id":"257928","parcel":"08216001000","address":"701 MAIN ST","owner":"KUMAR LODGING INC","point":[-86.7609029114928,36.1748994184365]}},{"type":"Feature","id":"257942","geometry":{"type":"Polygon","coordinates":[[[-86.7611616148578,36.1738330419994],[-86.7613236476627,36.1737704862125],[-86.7615524490215,36.1741690156082],[-86.7613985254683,36.1742293223532],[-86.7611616148578,36.1738330419994]]]},"properties":{"id":"257942","parcel":"08216003300","address":"624 MAIN ST","owner":"NEIGHBORHOOD HOLDINGS, LLC","point":[-86.76135902419202,36.174001032935884]}},{"type":"Feature","id":"257944","geometry":{"type":"Polygon","coordinates":[[[-86.7619719438067,36.172973040892],[-86.7621258856077,36.172914932351],[-86.7623765223858,36.1733287061263],[-86.762311701983,36.1733532892684],[-86.7622171767989,36.1733890490898],[-86.7619719438067,36.172973040892]]]},"properties":{"id":"257944","parcel":"08216003900","address":"609 WOODLAND ST","owner":"GREER, HASKELL H., JR. & MARY & DODSON, SARA ANN G.","point":[-86.76217278837994,36.17315087081213]}},{"type":"Feature","id":"257946","geometry":{"type":"Polygon","coordinates":[[[-86.7618234016685,36.1730289223749],[-86.7619719438067,36.172973040892],[-86.7622171767989,36.1733890490898],[-86.7620686340026,36.1734449254608],[-86.7618234016685,36.1730289223749]]]},"properties":{"id":"257946","parcel":"08216004000","address":"611 WOODLAND ST","owner":"DOYLE, JESSICA","point":[-86.76202028946436,36.173208985896615]}},{"type":"Feature","id":"257948","geometry":{"type":"Polygon","coordinates":[[[-86.7616640595975,36.1730892645921],[-86.7618234016685,36.1730289223749],[-86.7620686340026,36.1734449254608],[-86.761914712281,36.1735052364808],[-86.7616640595975,36.1730892645921]]]},"properties":{"id":"257948","parcel":"08216004100","address":"613 WOODLAND ST","owner":"STEINER, ANN B. & FRANK J.","point":[-86.76186750919226,36.173267097511115]}},{"type":"Feature","id":"257950","geometry":{"type":"Polygon","coordinates":[[[-86.7610529662149,36.1733240396461],[-86.7612157622796,36.1732613088377],[-86.761452881251,36.1736795669919],[-86.7612989641207,36.1737398726817],[-86.7611478740274,36.1737979071819],[-86.7610693980463,36.1738270307135],[-86.760821483107,36.1734132371571],[-86.760897644492,36.1733838904378],[-86.7610529662149,36.1733240396461]]]},"properties":{"id":"257950","parcel":"08216004600","address":"627 WOODLAND ST","owner":"TENN. STATE EMPLOYEES ASSOC., INC.","point":[-86.76113932122159,36.17354640675875]}},{"type":"Feature","id":"257952","geometry":{"type":"Polygon","coordinates":[[[-86.760598135811,36.1734978468827],[-86.7606729359826,36.1734691154361],[-86.7609181636629,36.1738851226122],[-86.7608402322077,36.1739150582059],[-86.7606913122371,36.1739722610009],[-86.7604460854682,36.1735562524726],[-86.760598135811,36.1734978468827]]]},"properties":{"id":"257952","parcel":"08216004800","address":"631 WOODLAND ST","owner":"631 WOODLAND HOLDING COMPANY, LLC","point":[-86.76068212397182,36.17372068777528]}},{"type":"Feature","id":"258165","geometry":{"type":"Polygon","coordinates":[[[-86.7652207809813,36.1705191408235],[-86.7653763328266,36.170460322068],[-86.7656228434082,36.1708793519592],[-86.765469508912,36.1709376369288],[-86.7652207809813,36.1705191408235]]]},"properties":{"id":"258165","parcel":"08215010500","address":"409 RUSSELL ST","owner":"BNA WOODLAND PZ BUSINESS LLC","point":[-86.76542235668782,36.17069924762881]}},{"type":"Feature","id":"258166","geometry":{"type":"Polygon","coordinates":[[[-86.7650025350619,36.1699035322698],[-86.7650153670486,36.1698990554608],[-86.7650257439776,36.1699165229374],[-86.7652777946478,36.1703407683376],[-86.7651258496671,36.1703994388291],[-86.7649946614066,36.1704488450378],[-86.7649894208212,36.1704508502239],[-86.7649719625809,36.1704575347108],[-86.7647209401102,36.1700317743595],[-86.7647108806075,36.1700147131203],[-86.7650025350619,36.1699035322698]]]},"properties":{"id":"258166","parcel":"08215011700","address":"408 RUSSELL ST","owner":"RUSSELL & FIFTH, LLC","point":[-86.7649990177025,36.17018627098702]}},{"type":"Feature","id":"258181","geometry":{"type":"Polygon","coordinates":[[[-86.7626152998495,36.1744831640113],[-86.7625353195631,36.1743402707094],[-86.7625002112433,36.1743536780084],[-86.7623561480854,36.1741002102168],[-86.762429075564,36.1740733749616],[-86.762508665991,36.1740387881447],[-86.7626570899545,36.1739752061744],[-86.7627671797925,36.1739283945791],[-86.7627745221588,36.1739256371736],[-86.7627823393731,36.1739239402606],[-86.7627903995907,36.1739233539735],[-86.762798463986,36.1739238960443],[-86.7628062956356,36.1739255508461],[-86.7628136617335,36.1739282684781],[-86.7628203436287,36.173931968307],[-86.7628261457528,36.1739365425156],[-86.7628308956025,36.1739418543006],[-86.762834452727,36.1739477477294],[-86.7630412822099,36.1743156457788],[-86.762880326096,36.1743794020513],[-86.7627420537297,36.1744341706513],[-86.7626152998495,36.1744831640113]]]},"properties":{"id":"258181","parcel":"08215015000","address":"601 MAIN ST","owner":"FIRST BAPTIST CHURCH, TRUSTEES","point":[-86.76269904635443,36.17420792914451]}},{"type":"Feature","id":"258182","geometry":{"type":"Polygon","coordinates":[[[-86.7642506332796,36.172659662253],[-86.7643990527986,36.1726038758757],[-86.7646139904093,36.1729689729814],[-86.7644579293404,36.1730277713732],[-86.7643039649483,36.1730858064315],[-86.7641501365486,36.1731433267084],[-86.7639352005998,36.172778228794],[-86.7640898285509,36.172720106181],[-86.7642506332796,36.172659662253]]]},"properties":{"id":"258182","parcel":"08215016300","address":"506 MAIN ST","owner":"HOLY NAME CATHOLIC CHURCH","point":[-86.76427459509443,36.172873601367996]}},{"type":"Feature","id":"258196","geometry":{"type":"Polygon","coordinates":[[[-86.7624297334548,36.1727986004686],[-86.7624411801664,36.1727942678804],[-86.7626809940885,36.1732103066939],[-86.7626682456072,36.1732169484611],[-86.7625189582233,36.1732723154747],[-86.7622690075291,36.1728590874249],[-86.7623068198531,36.1728451133345],[-86.7624297334548,36.1727986004686]]]},"properties":{"id":"258196","parcel":"08215017200","address":"605 WOODLAND ST","owner":"SMALLMAN, WILLIAM","point":[-86.7624774987531,36.17303470219393]}},{"type":"Feature","id":"258210","geometry":{"type":"Polygon","coordinates":[[[-86.7635856948717,36.1704567798323],[-86.7637415141711,36.1703966501543],[-86.763997743419,36.1708285153413],[-86.763840095729,36.1708880350355],[-86.7635856948717,36.1704567798323]]]},"properties":{"id":"258210","parcel":"08215019600","address":"500 RUSSELL ST","owner":"BROWN, THOMAS J","point":[-86.76379140277723,36.17064264714196]}},{"type":"Feature","id":"258211","geometry":{"type":"Polygon","coordinates":[[[-86.7630380987362,36.1706655288262],[-86.7631546908187,36.170621255125],[-86.7634091067935,36.1710525381485],[-86.7632924452993,36.1710966962628],[-86.7630380987362,36.1706655288262]]]},"properties":{"id":"258211","parcel":"08215020000","address":"508 RUSSELL ST","owner":"DARDEN, ELIZABETH & SUZANNE CICERO","point":[-86.76322360217813,36.17085903363223]}},{"type":"Feature","id":"258212","geometry":{"type":"Polygon","coordinates":[[[-86.7628959110344,36.1706838463881],[-86.7626506795357,36.1702678419901],[-86.7626743505399,36.1702589708645],[-86.7627665929008,36.1702243471333],[-86.7628582654785,36.1701894313164],[-86.7630119148648,36.1701309025201],[-86.7631652056284,36.1700724397832],[-86.7633184939606,36.1700139786672],[-86.7634790737901,36.169952735888],[-86.7635761701886,36.1701141982915],[-86.7636361173083,36.1702176557902],[-86.7637249833348,36.1703687343693],[-86.7635638971663,36.1704299851742],[-86.7634104941208,36.1704882571496],[-86.7632568343533,36.1705460952393],[-86.7631321322897,36.1705925473058],[-86.7630186660146,36.1704001979967],[-86.7629881754557,36.1704121784073],[-86.7631014529426,36.170604205383],[-86.7630113622327,36.1706392871256],[-86.7629195907201,36.1706747119913],[-86.7628959110344,36.1706838463881]]]},"properties":{"id":"258212","parcel":"08215021100","address":"209 S 5TH ST","owner":"CLAY, EDWARD J.","point":[-86.76318786312783,36.17031828944693]}},{"type":"Feature","id":"258635","geometry":{"type":"Polygon","coordinates":[[[-86.7648296113164,36.17269977764],[-86.7648633483208,36.172686642411],[-86.7648667998084,36.1726932142042],[-86.764883315633,36.1727194805987],[-86.7648497334049,36.1727320677838],[-86.7648475304042,36.172732893784],[-86.7648289180545,36.1727000470051],[-86.7648296113164,36.17269977764]]]},"properties":{"id":"258635","parcel":"08215015801","address":"0 S 5TH ST","owner":"BRAY, THERESA & ANDERSON, LOUISE & WRIGHT, MARCIA","point":[-86.76485581589542,36.172709763213945]}},{"type":"Feature","id":"258636","geometry":{"type":"Polygon","coordinates":[[[-86.7645529709095,36.1725435643769],[-86.7646988215223,36.1724898965525],[-86.7648289180545,36.1727000470051],[-86.7648475304042,36.172732893784],[-86.7649252630878,36.1728532718248],[-86.7647713234825,36.1729113866405],[-86.7645529709095,36.1725435643769]]]},"properties":{"id":"258636","parcel":"08215016000","address":"502 MAIN ST","owner":"BRAY, THERESA & ANDERSON, LOUISE & WRIGHT, MARCIA","point":[-86.76474681242794,36.17271629081628]}},{"type":"Feature","id":"258637","geometry":{"type":"Polygon","coordinates":[[[-86.763783286998,36.1728357797524],[-86.7639352005998,36.172778228794],[-86.7641501365486,36.1731433267084],[-86.7639901054457,36.1732020279504],[-86.763783286998,36.1728357797524]]]},"properties":{"id":"258637","parcel":"08215016600","address":"512 MAIN ST","owner":"HOLY NAME CATHOLIC CHURCH","point":[-86.76396486544036,36.17298954973238]}},{"type":"Feature","id":"258644","geometry":{"type":"Polygon","coordinates":[[[-86.7621258856077,36.172914932351],[-86.7622690075291,36.1728590874249],[-86.7625189582233,36.1732723154747],[-86.7623765223858,36.1733287061263],[-86.7621258856077,36.172914932351]]]},"properties":{"id":"258644","parcel":"08215017100","address":"607 WOODLAND ST","owner":"GREER, HASKELL H., JR. & MARY & DODSON, SARA ANN G.","point":[-86.76232249851726,36.17309362422811]}},{"type":"Feature","id":"258645","geometry":{"type":"Polygon","coordinates":[[[-86.7633870939822,36.172436115881],[-86.7635268738059,36.1723852349286],[-86.7637456332564,36.1727442474812],[-86.7637457111923,36.1727443758692],[-86.7637829961495,36.1728055639409],[-86.7636371476716,36.1728592306329],[-86.7636006758823,36.1727975173428],[-86.7633870939822,36.172436115881]]]},"properties":{"id":"258645","parcel":"08215017600","address":"515 WOODLAND ST","owner":"NASHVILLE FIRST CH OF THE NAZARENE, INC.","point":[-86.76356494943954,36.17259017902403]}},{"type":"Feature","id":"258646","geometry":{"type":"Polygon","coordinates":[[[-86.7638535831874,36.1722600332503],[-86.7640045465025,36.1722036535395],[-86.7639978039448,36.1722072670339],[-86.7640010846307,36.1722060376706],[-86.7641589971091,36.1721468595093],[-86.7643169303868,36.1720868644599],[-86.764464346321,36.1720308662351],[-86.7646611512346,36.1719561051326],[-86.7649091686053,36.1723786813667],[-86.7647208395566,36.1724501806533],[-86.7645672097176,36.1725083067756],[-86.7643997320212,36.172571801817],[-86.7643727758294,36.172582064902],[-86.7639511184478,36.1727424162783],[-86.7637829961495,36.1728055639409],[-86.7637457111923,36.1727443758692],[-86.7637456332564,36.1727442474812],[-86.7635268738059,36.1723852349286],[-86.7635443595027,36.1723785748181],[-86.7636978132332,36.1723201176445],[-86.7638535831874,36.1722600332503]]]},"properties":{"id":"258646","parcel":"08215017700","address":"513 WOODLAND ST","owner":"NASHVILLE FIRST CHURCH OF NAZARENE, INC.","point":[-86.76421462512545,36.17238324398499]}},{"type":"Feature","id":"258647","geometry":{"type":"Polygon","coordinates":[[[-86.7629196609131,36.1719376832881],[-86.7629077637568,36.1719166544325],[-86.762567542329,36.1720523116008],[-86.7623113021894,36.1716187951973],[-86.7640660074411,36.1709511520993],[-86.7645846688942,36.1718247307399],[-86.7640785431009,36.1720189987529],[-86.7631641961156,36.172369947535],[-86.7629196609131,36.1719376832881]]]},"properties":{"id":"258647","parcel":"08215018400","address":"510 WOODLAND ST","owner":"NASHVILLE FIRST CHURCH OF NAZARENE, INC.","point":[-86.76344785173944,36.17172176809831]}},{"type":"Feature","id":"258648","geometry":{"type":"Polygon","coordinates":[[[-86.762567542329,36.1720523116008],[-86.7629077637568,36.1719166544325],[-86.7629196609131,36.1719376832881],[-86.7631641961156,36.172369947535],[-86.7630130081334,36.1724280264935],[-86.7628320280935,36.1724973133262],[-86.7625778940623,36.1720697289644],[-86.762567542329,36.1720523116008]]]},"properties":{"id":"258648","parcel":"08215018800","address":"522 WOODLAND ST","owner":"FIRST CHURCH OF THE NAZARENE, INC.","point":[-86.76287319107311,36.17221984285968]}},{"type":"Feature","id":"258661","geometry":{"type":"Polygon","coordinates":[[[-86.7632712680355,36.170576951662],[-86.7634281589774,36.1705163208215],[-86.7636826563025,36.1709477361608],[-86.7635256302739,36.17100814376],[-86.7632712680355,36.170576951662]]]},"properties":{"id":"258661","parcel":"08215019800","address":"504 RUSSELL ST","owner":"WEIR, WILLIAM & LAURA KATHLEEN","point":[-86.76347696114011,36.17076234408808]}},{"type":"Feature","id":"258662","geometry":{"type":"Polygon","coordinates":[[[-86.762915596931,36.1707125246403],[-86.7630380987362,36.1706655288262],[-86.7632924452993,36.1710966962628],[-86.7631698638042,36.1711435504299],[-86.7630257519081,36.1711984762299],[-86.7627716607397,36.1707677419481],[-86.762915596931,36.1707125246403]]]},"properties":{"id":"258662","parcel":"08215020100","address":"512 RUSSELL ST","owner":"JONES, KELVIN D.","point":[-86.76303205277749,36.170932219389435]}},{"type":"Feature","id":"258663","geometry":{"type":"Polygon","coordinates":[[[-86.7623119047408,36.1709433174372],[-86.7624036113897,36.1709077916063],[-86.7626572704821,36.1713377966372],[-86.7626339416082,36.1713464456842],[-86.7625660222052,36.1713740984526],[-86.7625448450612,36.1713827203691],[-86.7624125555931,36.1714322667859],[-86.7622936779954,36.1714771580331],[-86.7622590943915,36.1714904429991],[-86.7620058799134,36.1710611878115],[-86.7621589325094,36.1710023160081],[-86.7622886370126,36.1709524220735],[-86.7623119047408,36.1709433174372]]]},"properties":{"id":"258663","parcel":"08215020400","address":"522 RUSSELL ST","owner":"EAST END UNITED METHODIST CHURCH , INC.","point":[-86.76233157460605,36.17119949266675]}},{"type":"Feature","id":"258664","geometry":{"type":"Polygon","coordinates":[[[-86.762561002871,36.1703023827286],[-86.7626506795357,36.1702678419901],[-86.7628959110344,36.1706838463881],[-86.762806654977,36.1707188172524],[-86.7627485289226,36.1707412502913],[-86.762502858896,36.1703247770119],[-86.762561002871,36.1703023827286]]]},"properties":{"id":"258664","parcel":"08215020700","address":"511 FATHERLAND ST","owner":"COLLEY, JOSEPHINE LYN","point":[-86.76269941963623,36.17050431193192]}},{"type":"Feature","id":"258805","geometry":{"type":"Polygon","coordinates":[[[-86.7692747247003,36.1702411898673],[-86.7695014323096,36.1706303773762],[-86.7692665158301,36.1707225287449],[-86.7688013942757,36.1709035014474],[-86.7685948450048,36.17056638119],[-86.7685901123646,36.1705550616701],[-86.7685877438462,36.170543264746],[-86.7685878048173,36.1705313126551],[-86.7685902939909,36.1705195316646],[-86.7685951433463,36.1705082439596],[-86.7686022180427,36.1704977586318],[-86.7686113285493,36.1704883616881],[-86.7686222228122,36.1704803106931],[-86.7686346050461,36.1704738238338],[-86.7690234787379,36.1703263014079],[-86.7691485274321,36.1702826322426],[-86.7692747247003,36.1702411898673]]]},"properties":{"id":"258805","parcel":"08215022200","address":"110 INTERSTATE DR","owner":"PINNACLE WOODLAND STREET, LLC","point":[-86.76904860922005,36.17059838104863]}},{"type":"Feature","id":"258806","geometry":{"type":"Polygon","coordinates":[[[-86.7697893848325,36.1709763204079],[-86.7695910256891,36.1706457396651],[-86.7694452456996,36.1707060057887],[-86.7692879843029,36.1707701906171],[-86.7692665158301,36.1707225287449],[-86.7695014323096,36.1706303773762],[-86.7695682554339,36.1706035802686],[-86.7695826766264,36.1706232666281],[-86.7696069885083,36.1706148704288],[-86.7698157254986,36.1709673596537],[-86.7697893848325,36.1709763204079]]]},"properties":{"id":"258806","parcel":"08215022400","address":"218 MAIN ST","owner":"200 MAIN PARTNERS, LLC","point":[-86.76974131709443,36.170869139936556]}},{"type":"Feature","id":"258830","geometry":{"type":"Polygon","coordinates":[[[-86.7634281589774,36.1705163208215],[-86.7635856948717,36.1704567798323],[-86.763840095729,36.1708880350355],[-86.7636826563025,36.1709477361608],[-86.7634281589774,36.1705163208215]]]},"properties":{"id":"258830","parcel":"08215019700","address":"502 RUSSELL ST","owner":"BROWN, THOMAS J","point":[-86.76363412748537,36.170702178107966]}},{"type":"Feature","id":"258832","geometry":{"type":"Polygon","coordinates":[[[-86.7626186665774,36.1708267015916],[-86.7627716607397,36.1707677419481],[-86.7630257519081,36.1711984762299],[-86.7628722000426,36.1712564942808],[-86.7628106158689,36.1712794277726],[-86.7625574736177,36.170850295819],[-86.7626186665774,36.1708267015916]]]},"properties":{"id":"258832","parcel":"08215020200","address":"514 RUSSELL ST","owner":"GOODWYN, WAYNE M. ET UX","point":[-86.7627916117328,36.17102438625298]}},{"type":"Feature","id":"258834","geometry":{"type":"Polygon","coordinates":[[[-86.7622834128865,36.1704086145919],[-86.7623557502544,36.1703809863401],[-86.7626023959558,36.170799112075],[-86.7624499180236,36.1708589487788],[-86.7622024323012,36.170439403145],[-86.7622834128865,36.1704086145919]]]},"properties":{"id":"258834","parcel":"08215020600","address":"515 FATHERLAND ST","owner":"WEBSTER, JOHN ALDEN III & LAUREN RILEY","point":[-86.76240241437074,36.1706192577794]}},{"type":"Feature","id":"258984","geometry":{"type":"Polygon","coordinates":[[[-86.7694452456996,36.1707060057887],[-86.7695910256891,36.1706457396651],[-86.7697893848325,36.1709763204079],[-86.7697070997219,36.1709987847044],[-86.7696237793945,36.171018582387],[-86.7694452456996,36.1707060057887]]]},"properties":{"id":"258984","parcel":"08215003500","address":"220 MAIN ST","owner":"200 MAIN PARTNERS, LLC","point":[-86.76961536486749,36.17084115947007]}},{"type":"Feature","id":"259002","geometry":{"type":"Polygon","coordinates":[[[-86.7692879843029,36.1707701906171],[-86.7694452456996,36.1707060057887],[-86.7696237793945,36.171018582387],[-86.7695428625615,36.1710355473276],[-86.7694614657484,36.1710509335499],[-86.7692879843029,36.1707701906171]]]},"properties":{"id":"259002","parcel":"08215003501","address":"222 MAIN ST","owner":"200 MAIN PARTNERS, LLC","point":[-86.76945878507023,36.17089439221076]}},{"type":"Feature","id":"259102","geometry":{"type":"Polygon","coordinates":[[[-86.7688013942757,36.1709035014474],[-86.7692665158301,36.1707225287449],[-86.7692879843029,36.1707701906171],[-86.7694614657484,36.1710509335499],[-86.7693924430407,36.1710607142721],[-86.7693377511509,36.171067560116],[-86.7692828199779,36.1710730005821],[-86.7692230529192,36.1710803347608],[-86.7691638312552,36.1710901529312],[-86.7691053103466,36.1711024288685],[-86.7690598535423,36.1711136526777],[-86.769014969664,36.1711263022287],[-86.7690002160118,36.1711285078943],[-86.7689852140461,36.1711286043728],[-86.7689704183559,36.1711265869655],[-86.7689562808419,36.171122517685],[-86.7689432295366,36.1711165190806],[-86.7689316597122,36.1711087742956],[-86.7689219260212,36.1710995190058],[-86.7689143212995,36.1710890334425],[-86.7688261865023,36.1709445494596],[-86.7688013942757,36.1709035014474]]]},"properties":{"id":"259102","parcel":"08215003700","address":"100 INTERSTATE DR","owner":"PINNACLE WOODLAND STREET LLC","point":[-86.76909875696481,36.17092457535045]}},{"type":"Feature","id":"259199","geometry":{"type":"Polygon","coordinates":[[[-86.7643087316955,36.1696288250722],[-86.7644403743646,36.1695779936138],[-86.7645952974694,36.1698335877129],[-86.7646992289255,36.1699964533685],[-86.7647108806075,36.1700147131203],[-86.7647209401102,36.1700317743595],[-86.7649719625809,36.1704575347108],[-86.7649693544626,36.1704586471808],[-86.7649510433859,36.1704664573444],[-86.764845723663,36.17050668317],[-86.7647050800847,36.1705603569897],[-86.7645637529881,36.170614290933],[-86.7644216105711,36.1706685345004],[-86.7642895151699,36.170718944282],[-86.764242838746,36.1707363071179],[-86.7639890198848,36.1703086451057],[-86.7639723969349,36.1702806362048],[-86.7637221082719,36.1698588969104],[-86.7637707032771,36.1698388084143],[-86.7637716766828,36.1698384291302],[-86.7639026027206,36.1697873288151],[-86.7640370479174,36.1697348586858],[-86.7641683290981,36.1696836206407],[-86.7643087316955,36.1696288250722]]]},"properties":{"id":"259199","parcel":"08215011200","address":"416 RUSSELL ST","owner":"METRO GOV'T  F  ENG CO 4 TRUCK 3","point":[-86.76434642456816,36.1701562053893]}},{"type":"Feature","id":"259226","geometry":{"type":"Polygon","coordinates":[[[-86.7651969740454,36.1698297748006],[-86.7652017145354,36.1698297447475],[-86.7652103392072,36.169846701484],[-86.7652417377083,36.1699044908403],[-86.7652761653114,36.1699611343988],[-86.7654365190169,36.1702172427549],[-86.7654408663421,36.1702254257274],[-86.765443519681,36.1702340727797],[-86.7654444078951,36.1702429536387],[-86.765443507605,36.1702518341233],[-86.7654408432172,36.170260478848],[-86.7654364847699,36.1702686584467],[-86.7654305480032,36.1702761567824],[-86.7654229529192,36.1702825165188],[-86.765414277904,36.1702878917093],[-86.7654047163475,36.1702921648641],[-86.7652777946478,36.1703407683376],[-86.7650257439776,36.1699165229374],[-86.7650153670486,36.1698990554608],[-86.7651969740454,36.1698297748006]]]},"properties":{"id":"259226","parcel":"08215011800","address":"406 RUSSELL ST","owner":"BRINKMAN HOLDING, LLC","point":[-86.76524220151751,36.17008896486491]}},{"type":"Feature","id":"259228","geometry":{"type":"Polygon","coordinates":[[[-86.7648667998084,36.1726932142042],[-86.7650497005471,36.1726167849283],[-86.7650527105793,36.1726217255185],[-86.7651137333642,36.1727218668712],[-86.7651186827544,36.1727325317266],[-86.7651206229516,36.1727401883028],[-86.7651210839763,36.1727479975566],[-86.7651200562139,36.1727557693816],[-86.7651175634737,36.172763321571],[-86.7651136651254,36.1727704707915],[-86.7651084551435,36.1727770488116],[-86.76510205761,36.172782897123],[-86.7650946245773,36.1727878759669],[-86.7650889886553,36.1727909750944],[-86.7649252630878,36.1728532718248],[-86.7648475304042,36.172732893784],[-86.7648497334049,36.1727320677838],[-86.764883315633,36.1727194805987],[-86.7648667998084,36.1726932142042]]]},"properties":{"id":"259228","parcel":"08215015800","address":"500 MAIN ST","owner":"WINN, CAROLE OVERBEY & MARK BENTLEY, CO-TRS ET AL","point":[-86.76498474074384,36.172736542424744]}},{"type":"Feature","id":"259260","geometry":{"type":"Polygon","coordinates":[[[-86.7631546908187,36.170621255125],[-86.7632712680355,36.170576951662],[-86.7635256302739,36.17100814376],[-86.7634091067935,36.1710525381485],[-86.7631546908187,36.170621255125]]]},"properties":{"id":"259260","parcel":"08215019900","address":"506 RUSSELL ST","owner":"HOCKADAY, JAMES","point":[-86.76334016025709,36.170814699587915]}},{"type":"Feature","id":"259262","geometry":{"type":"Polygon","coordinates":[[[-86.7624652213467,36.1708848987129],[-86.7625574736177,36.170850295819],[-86.7628106158689,36.1712794277726],[-86.7627187485052,36.1713146809382],[-86.7626572704821,36.1713377966372],[-86.7624036113897,36.1709077916063],[-86.7624652213467,36.1708848987129]]]},"properties":{"id":"259262","parcel":"08215020300","address":"516 RUSSELL ST","owner":"FOLK, JON & LAUREN","point":[-86.76260711372453,36.171093609864634]}},{"type":"Feature","id":"259264","geometry":{"type":"Polygon","coordinates":[[[-86.7640736242395,36.1753310237231],[-86.7640381125795,36.175302678384],[-86.7639575026851,36.1752379108203],[-86.7638797591468,36.1751708800108],[-86.7638049783649,36.1751016691685],[-86.7637332523184,36.1750303642385],[-86.7636646718998,36.1749570538763],[-86.7635993213483,36.174881828582],[-86.7635372804991,36.1748047833899],[-86.7647695516992,36.1743442955016],[-86.7651463156015,36.1742034265304],[-86.7656405540544,36.1740173383187],[-86.76563306145,36.1740833152539],[-86.7655564011653,36.1750579103518],[-86.7647650196931,36.1753508190368],[-86.7647408928119,36.1753570446206],[-86.7647182100449,36.1753661649286],[-86.7646974962651,36.175377968444],[-86.7646792301906,36.1753921835581],[-86.764663834389,36.1754084795345],[-86.7646516654121,36.1754264809916],[-86.7646430038099,36.1754457697685],[-86.7646380520627,36.1754659011606],[-86.7646325683391,36.1754945051148],[-86.7646199498397,36.1755212318638],[-86.7646005325031,36.1755455286041],[-86.7645749736431,36.1755654696709],[-86.7645446267138,36.1755807707007],[-86.7645111751439,36.1755903205827],[-86.7644759702412,36.1755938421792],[-86.7644403691762,36.1755913205851],[-86.7644064012799,36.1755824707669],[-86.7643757685145,36.175568104804],[-86.7643494895129,36.175548492036],[-86.7640736242395,36.1753310237231]]]},"properties":{"id":"259264","parcel":"08215021400","address":"140 N 6TH ST","owner":"MDHA","point":[-86.76487380892284,36.17457595795887]}},{"type":"Feature","id":"259288","geometry":{"type":"Polygon","coordinates":[[[-86.7623120450533,36.1733889988626],[-86.7626955196677,36.173240982331],[-86.7629105145502,36.1736126747666],[-86.7624894317155,36.1737960924168],[-86.7622553335409,36.1734107846049],[-86.7623120450533,36.1733889988626]]]},"properties":{"id":"259288","parcel":"08215022100","address":"604 MAIN ST","owner":"AYESH, SALAH JAMAL","point":[-86.76258438864214,36.17351173303828]}},{"type":"Feature","id":"259305","geometry":{"type":"Polygon","coordinates":[[[-86.7624782024941,36.1737776107928],[-86.7621570291397,36.1739114600884],[-86.7619312695021,36.1735358984807],[-86.7622553335409,36.1734107846049],[-86.7624782024941,36.1737776107928]]]},"properties":{"id":"259305","parcel":"08216042400","address":"606 MAIN ST","owner":"AYESH, SALAH","point":[-86.76220434780633,36.17365675417855]}},{"type":"Feature","id":"259564","geometry":{"type":"Polygon","coordinates":[[[-86.7692747247003,36.1702411898673],[-86.769387493398,36.1702058561265],[-86.7695017478293,36.1701738132478],[-86.7697167716147,36.1705460436066],[-86.7695682554339,36.1706035802686],[-86.7695014323096,36.1706303773762],[-86.7692747247003,36.1702411898673]]]},"properties":{"id":"259564","parcel":"08215022300","address":"225 WOODLAND ST","owner":"PINNACLE WOODLAND STREET, LLC","point":[-86.76949611752121,36.17039361765326]}},{"type":"Feature","id":"259906","geometry":{"type":"Polygon","coordinates":[[[-86.7624411801664,36.1727942678804],[-86.7625981543379,36.1727344893575],[-86.7628433845647,36.1731499438674],[-86.7628221201265,36.1731583194303],[-86.7626809940885,36.1732103066939],[-86.7624411801664,36.1727942678804]]]},"properties":{"id":"259906","parcel":"08215022600","address":"603 WOODLAND ST","owner":"LEONARDO, DOMINICK J.","point":[-86.76264105067831,36.17297210360286]}},{"type":"Feature","id":"259997","geometry":{"type":"Polygon","coordinates":[[[-86.7625981543379,36.1727344893575],[-86.7627490568429,36.1726774960549],[-86.7629949498686,36.1730912976632],[-86.7628433845647,36.1731499438674],[-86.7625981543379,36.1727344893575]]]},"properties":{"id":"259997","parcel":"08215017400","address":"601 WOODLAND ST","owner":"601 WOODLAND, LLC","point":[-86.76279619857792,36.172912892976214]}},{"type":"Feature","id":"259998","geometry":{"type":"Polygon","coordinates":[[[-86.7632365187193,36.1724932908786],[-86.7633870939822,36.172436115881],[-86.7636006758823,36.1727975173428],[-86.7636371476716,36.1728592306329],[-86.7634785031601,36.1729217681327],[-86.7633377143715,36.1729734818572],[-86.7631571118093,36.1730424738624],[-86.7631167488615,36.1729753549045],[-86.762903002735,36.1726199308498],[-86.7629795155789,36.1725908779975],[-86.7630815495939,36.1725521337682],[-86.7632365187193,36.1724932908786]]]},"properties":{"id":"259998","parcel":"08215017500","address":"10 S 6TH ST","owner":"HOLY NAME CATHOLIC CHURCH","point":[-86.76325229845162,36.17270872551235]}}]}