{"type":"FeatureCollection","features":[{"type":"Feature","id":"1660","geometry":{"type":"Polygon","coordinates":[[[-86.6990638977548,36.0233508089553],[-86.699349413013,36.0233384075451],[-86.6993520936924,36.0235066736838],[-86.6993549206378,36.0236845026082],[-86.6993378521925,36.0238643829985],[-86.6993209444615,36.0240419830708],[-86.6993037500366,36.0242225689847],[-86.699286524137,36.0244034957606],[-86.6992702559206,36.0245743594187],[-86.6992699747994,36.0245773398298],[-86.6988964829994,36.0245427225383],[-86.6990033471795,36.0237819189134],[-86.6990638977548,36.0233508089553]]]},"properties":{"id":"1660","parcel":"173090B10500CO","address":"0 SUNNYWOOD DR","owner":"BARNES COVE HOMEOWNER'S ASSOCIATION, INC.","point":[-86.69915440643858,36.023952744180555]}},{"type":"Feature","id":"14042","geometry":{"type":"Polygon","coordinates":[[[-86.6984534895778,36.020585768541],[-86.6985571454745,36.0204786866631],[-86.6989534720729,36.0205606572024],[-86.6989447367113,36.0205854538558],[-86.6989345491402,36.0206098812908],[-86.698934280465,36.0206104912241],[-86.6989147007888,36.020649123488],[-86.6988914935015,36.0206864077256],[-86.6988647997241,36.0207221168908],[-86.6988347773468,36.020756038261],[-86.6988016087388,36.020787967083],[-86.6987661951468,36.0208168084606],[-86.6987631341511,36.0208195877849],[-86.6985442980001,36.0206543398468],[-86.6984534895778,36.020585768541]]]},"properties":{"id":"14042","parcel":"181010B15500CO","address":"7368 SUGARLOAF DR","owner":"RABY, JAMES DAVID & LINDA","point":[-86.69872650252704,36.02065172428212]}},{"type":"Feature","id":"14051","geometry":{"type":"Polygon","coordinates":[[[-86.6985647014602,36.0203263446207],[-86.6985736203976,36.0201479300999],[-86.6989960499358,36.0201631632058],[-86.6989871308351,36.0203415777638],[-86.6985647014602,36.0203263446207]]]},"properties":{"id":"14051","parcel":"181010B15700CO","address":"7360 SUGARLOAF DR","owner":"AH4R-TN 3, LLC","point":[-86.69878037566306,36.02024475410814]}},{"type":"Feature","id":"14166","geometry":{"type":"Polygon","coordinates":[[[-86.6971602349688,36.0241420514095],[-86.6972892500342,36.0239027076961],[-86.6975795616979,36.0240563300815],[-86.6974652285829,36.0241978157475],[-86.6974564235013,36.0242066696682],[-86.6974460814165,36.0242143481849],[-86.6974344371405,36.0242206786916],[-86.6974343940456,36.0242206987696],[-86.6974343575837,36.0242207161053],[-86.6974343199808,36.0242207298424],[-86.6974215200199,36.0242252121736],[-86.6974214901515,36.0242252222607],[-86.6974214436887,36.0242252378517],[-86.6974214126872,36.0242252452415],[-86.697407876978,36.0242279409578],[-86.6974078359992,36.0242279493066],[-86.6974077950126,36.0242279567543],[-86.6974077462281,36.0242279606418],[-86.6973938558157,36.0242287981374],[-86.697393805906,36.0242288002289],[-86.6973937715286,36.0242288022305],[-86.6973937215873,36.024228800717],[-86.6973797819422,36.0242275673206],[-86.6973662269185,36.024224646275],[-86.6973533677653,36.0242201042772],[-86.6972065320308,36.0241553885355],[-86.6971832774899,36.0241475124025],[-86.6971602349688,36.0241420514095]]]},"properties":{"id":"14166","parcel":"173100A02700CO","address":"3061 BARNES BEND DR","owner":"RAY, ELIZABETH A. & ROBERT E.","point":[-86.69736408107894,36.02409917624936]}},{"type":"Feature","id":"14167","geometry":{"type":"Polygon","coordinates":[[[-86.696975957281,36.023798073153],[-86.6970891641762,36.0237889018355],[-86.6971563167635,36.0238263171697],[-86.6972678682162,36.0238913940175],[-86.6972892500342,36.0239027076961],[-86.6971602349688,36.0241420514095],[-86.697114491543,36.0241318746067],[-86.6970542161567,36.0241228832497],[-86.6969804432031,36.0241172659852],[-86.696975957281,36.023798073153]]]},"properties":{"id":"14167","parcel":"173100A02800CO","address":"3304 TINTOP CT","owner":"DRAUGHON, KENT & JOY","point":[-86.69710511069025,36.02400991184176]}},{"type":"Feature","id":"14168","geometry":{"type":"Polygon","coordinates":[[[-86.6968530332449,36.0243968392675],[-86.6969040963405,36.0242808879597],[-86.6969178384227,36.0242667987413],[-86.6969373845949,36.0242576718219],[-86.6969583915271,36.0242510231209],[-86.6969803867867,36.0242470040843],[-86.6970028740896,36.0242457032057],[-86.6970522712331,36.0242481654592],[-86.6970658362552,36.0242524807852],[-86.6971152975192,36.0242626342912],[-86.6971631039176,36.0242766422767],[-86.6972089122744,36.0242939596435],[-86.6972527194337,36.0243148586034],[-86.6972642880106,36.0243222850141],[-86.6972741001969,36.02433122585],[-86.6972818584974,36.0243414115437],[-86.6972873294251,36.0243525334014],[-86.6972903480655,36.0243642579978],[-86.6972908236481,36.0243762298469],[-86.6972887396884,36.0243880876249],[-86.6972841618334,36.0243994731379],[-86.6972772268782,36.0244100440029],[-86.6971567876395,36.0245588093058],[-86.6968530332449,36.0243968392675]]]},"properties":{"id":"14168","parcel":"173100A03300CO","address":"3053 BARNES BEND DR","owner":"SMITH, ERICA","point":[-86.69707330718182,36.02440423489903]}},{"type":"Feature","id":"15986","geometry":{"type":"Polygon","coordinates":[[[-86.6991000084679,36.0205868755349],[-86.699110095624,36.02054359086],[-86.6994718104391,36.0205673385695],[-86.6994434199342,36.0207590963221],[-86.6990568487842,36.0206906650228],[-86.6991000084679,36.0205868755349]]]},"properties":{"id":"15986","parcel":"181010B18900CO","address":"7373 SUGARLOAF DR","owner":"BELL, ANGELENA R.","point":[-86.69926976063795,36.020639250205214]}},{"type":"Feature","id":"15988","geometry":{"type":"Polygon","coordinates":[[[-86.6992795472825,36.0209958274669],[-86.6994319871947,36.0208363099964],[-86.6993638698503,36.0212833523693],[-86.6993022043568,36.0212482948326],[-86.6991120711883,36.0211402010012],[-86.6992795472825,36.0209958274669]]]},"properties":{"id":"15988","parcel":"181010B19500CO","address":"0 SUGARLOAF DR","owner":"SUGAR VALLEY HOMEOWNERS ASSOCIATION, INC.","point":[-86.69929620716768,36.02106826603622]}},{"type":"Feature","id":"17134","geometry":{"type":"Polygon","coordinates":[[[-86.6974124932177,36.0245214424948],[-86.6975266468303,36.0243785293795],[-86.6978669167151,36.0245580633511],[-86.6977527623469,36.0247009767895],[-86.6974124932177,36.0245214424948]]]},"properties":{"id":"17134","parcel":"173100A02400CO","address":"3056 BARNES BEND DR","owner":"MUHSIN, ANAS M.","point":[-86.69763970485694,36.02453975313783]}},{"type":"Feature","id":"17137","geometry":{"type":"Polygon","coordinates":[[[-86.6975266468303,36.0243785293795],[-86.69762786007,36.0242519594531],[-86.6979684633549,36.0244312118093],[-86.6978669167151,36.0245580633511],[-86.6975266468303,36.0243785293795]]]},"properties":{"id":"17137","parcel":"173100A02500CO","address":"3060 BARNES BEND DR","owner":"ALLISON, BETTY K. & DAVID L.","point":[-86.69774749206651,36.02440487063891]}},{"type":"Feature","id":"17140","geometry":{"type":"Polygon","coordinates":[[[-86.6967311121213,36.0245310559023],[-86.6968530332449,36.0243968392675],[-86.6971567876395,36.0245588093058],[-86.6971219948111,36.0246021429937],[-86.6970840765956,36.024645875101],[-86.6970329433776,36.0247048524426],[-86.6967311121213,36.0245310559023]]]},"properties":{"id":"17140","parcel":"173100A03400CO","address":"3049 BARNES BEND DR","owner":"KIMES, LASONIA","point":[-86.69694301643075,36.024544930434]}},{"type":"Feature","id":"17503","geometry":{"type":"Polygon","coordinates":[[[-86.6985376535295,36.0206612967192],[-86.6985442980001,36.0206543398468],[-86.6987631341511,36.0208195877849],[-86.6985633214086,36.0210010092993],[-86.6985544737477,36.0210102664354],[-86.6985544429535,36.021010297258],[-86.6985544220726,36.0210103199114],[-86.6985543879343,36.0210103489508],[-86.6985530785839,36.0210114651366],[-86.6985517027006,36.0210125853133],[-86.6985504266809,36.0210135805322],[-86.6985502966414,36.0210136804288],[-86.6985386204489,36.0210211135195],[-86.6985255521994,36.0210268160817],[-86.6985114753864,36.0210306182504],[-86.6984968061996,36.0210324094567],[-86.6984819746485,36.0210321367346],[-86.6984674201484,36.0210298074507],[-86.6984535704495,36.0210254903274],[-86.6984408327375,36.021019312791],[-86.6984406888633,36.0210192271008],[-86.6984392689814,36.021018370089],[-86.6984377304963,36.0210173993003],[-86.6984362585681,36.0210164272245],[-86.698436219509,36.0210164013133],[-86.6984361949278,36.0210163816274],[-86.6984361580718,36.0210163539009],[-86.6984259448291,36.0210080779319],[-86.6983413552598,36.0209505627349],[-86.6982919152355,36.02091861088],[-86.6985376535295,36.0206612967192]]]},"properties":{"id":"17503","parcel":"181010B15400CO","address":"6448 SUNNYWOOD DR","owner":"STOKES, LUKE E. & CORINNE E.","point":[-86.69852387702271,36.02086909039511]}},{"type":"Feature","id":"17509","geometry":{"type":"Polygon","coordinates":[[[-86.6985571454745,36.0204786866631],[-86.6985614940585,36.0203904940077],[-86.6985647014602,36.0203263446207],[-86.6989871308351,36.0203415777638],[-86.6989839842212,36.0204045262853],[-86.6989782567649,36.0204571005455],[-86.6989680697724,36.020509227499],[-86.6989534720729,36.0205606572024],[-86.6985571454745,36.0204786866631]]]},"properties":{"id":"17509","parcel":"181010B15600CO","address":"7364 SUGARLOAF DR","owner":"PIPA, JACK A & DEIDRE","point":[-86.69877033934833,36.02043028418329]}},{"type":"Feature","id":"17515","geometry":{"type":"Polygon","coordinates":[[[-86.6985736203976,36.0201479300999],[-86.6985826558214,36.019969519402],[-86.69900496234,36.0199847486788],[-86.6989960499358,36.0201631632058],[-86.6985736203976,36.0201479300999]]]},"properties":{"id":"17515","parcel":"181010B15800CO","address":"7356 SUGARLOAF DR","owner":"BHATT, BHARGAV & DOLL, VALERIE","point":[-86.69878931972427,36.02006633965555]}},{"type":"Feature","id":"17564","geometry":{"type":"Polygon","coordinates":[[[-86.6991498599372,36.0201986739915],[-86.6991587786409,36.0200202576134],[-86.6995505943527,36.0200352275088],[-86.6995242755053,36.0202129797585],[-86.6991498599372,36.0201986739915]]]},"properties":{"id":"17564","parcel":"181010B18600CO","address":"7361 SUGARLOAF DR","owner":"BROWN, AZAD & ALTARQACHEE, ZEINAB A.","point":[-86.69934619695073,36.0201169408154]}},{"type":"Feature","id":"17568","geometry":{"type":"Polygon","coordinates":[[[-86.6991409534129,36.0203770920936],[-86.6991498599372,36.0201986739915],[-86.6995242755053,36.0202129797585],[-86.6994979587589,36.0203907319824],[-86.6991409534129,36.0203770920936]]]},"properties":{"id":"17568","parcel":"181010B18700CO","address":"7365 SUGARLOAF DR","owner":"WONG, JO T. & KANG C.","point":[-86.69932856666574,36.02029502593231]}},{"type":"Feature","id":"17572","geometry":{"type":"Polygon","coordinates":[[[-86.6991387896693,36.020420458774],[-86.6991409534129,36.0203770920936],[-86.6994979587589,36.0203907319824],[-86.6994718104391,36.0205673385695],[-86.699110095624,36.02054359086],[-86.6991387896693,36.020420458774]]]},"properties":{"id":"17572","parcel":"181010B18800CO","address":"7369 SUGARLOAF DR","owner":"RAMZI, ALEX & ZIVARI, JILA","point":[-86.69930437552374,36.02048247608827]}},{"type":"Feature","id":"17577","geometry":{"type":"Polygon","coordinates":[[[-86.6990412652342,36.0207281384859],[-86.6990568487842,36.0206906650228],[-86.6994434199342,36.0207590963221],[-86.6994319871947,36.0208363099964],[-86.6992795472825,36.0209958274669],[-86.6990170088603,36.0208426978039],[-86.6989693498858,36.020815731772],[-86.6990175193181,36.0207648526487],[-86.6990412652342,36.0207281384859]]]},"properties":{"id":"17577","parcel":"181010B19000CO","address":"7377 SUGARLOAF DR","owner":"ALSHAIKH, MOHAMMED & LOAI","point":[-86.69925025213419,36.02091951847163]}},{"type":"Feature","id":"17583","geometry":{"type":"Polygon","coordinates":[[[-86.698832554529,36.020940255233],[-86.6989693498858,36.020815731772],[-86.6990170088603,36.0208426978039],[-86.6992795472825,36.0209958274669],[-86.6991120711883,36.0211402010012],[-86.6988840437993,36.0209778668316],[-86.698832554529,36.020940255233]]]},"properties":{"id":"17583","parcel":"181010B19100CO","address":"7381 SUGARLOAF DR","owner":"GWALTNEY REVOCABLE LIVING TRUST, THE","point":[-86.6990381793173,36.02095951257456]}},{"type":"Feature","id":"17587","geometry":{"type":"Polygon","coordinates":[[[-86.6988248106917,36.0213361121739],[-86.6988227101603,36.0213341847708],[-86.6987669196254,36.0212833598691],[-86.6987097182276,36.0212335805152],[-86.6987074836289,36.0212316728148],[-86.6986578847318,36.0211898852932],[-86.6986503028971,36.0211810803442],[-86.6986444987296,36.0211714250783],[-86.698640616301,36.0211611538981],[-86.6986387465574,36.0211505159353],[-86.6986389383902,36.0211397722822],[-86.6986411852121,36.0211291834513],[-86.6986454326993,36.0211190066268],[-86.6986515765412,36.0211094920722],[-86.6986594689705,36.0211008686719],[-86.698832554529,36.020940255233],[-86.6988840437993,36.0209778668316],[-86.6991120711883,36.0211402010012],[-86.6988248699503,36.0213361641053],[-86.6988248442356,36.0213361417221],[-86.6988248106917,36.0213361121739]]]},"properties":{"id":"17587","parcel":"181010B19200CO","address":"7385 SUGARLOAF DR","owner":"GEORGE, MARK & AMAL","point":[-86.69887264068124,36.02113468244531]}},{"type":"Feature","id":"19239","geometry":{"type":"Polygon","coordinates":[[[-86.69762786007,36.0242519594531],[-86.6977353176225,36.0241121502049],[-86.6980786296439,36.0242930061922],[-86.6979684633549,36.0244312118093],[-86.69762786007,36.0242519594531]]]},"properties":{"id":"19239","parcel":"173100A02600CO","address":"3064 BARNES BEND DR","owner":"JONGSMA, DANIEL L. & GLORIA J.","point":[-86.6978532636582,36.024272483081724]}},{"type":"Feature","id":"19241","geometry":{"type":"Polygon","coordinates":[[[-86.6963611141638,36.0244510565052],[-86.696303411304,36.0241176099572],[-86.6966710814489,36.0241641083451],[-86.6966693309715,36.0241830114074],[-86.6966713460275,36.0242018972014],[-86.6966770757101,36.0242202739141],[-86.6966863715828,36.0242376620135],[-86.6966989889147,36.0242536086613],[-86.6967146000967,36.0242676993532],[-86.6964460601967,36.0244964413768],[-86.6963611141638,36.0244510565052]]]},"properties":{"id":"19241","parcel":"173100A03100CO","address":"3309 TINTOP CT","owner":"WEST(BEARD), MIE NA","point":[-86.6964759654767,36.02435922143282]}},{"type":"Feature","id":"19243","geometry":{"type":"Polygon","coordinates":[[[-86.6964460601967,36.0244964413768],[-86.6967146000967,36.0242676993532],[-86.696732635124,36.0242795867806],[-86.6967527708749,36.0242889889034],[-86.6967744937635,36.0242956662427],[-86.696797248644,36.0242994480585],[-86.6968204532893,36.0243002385754],[-86.6968435172363,36.0242980150708],[-86.6968658507487,36.0242928377377],[-86.696886884669,36.0242848360498],[-86.6969040963405,36.0242808879597],[-86.6968530332449,36.0243968392675],[-86.6967311121213,36.0245310559023],[-86.6966594326707,36.0246100389722],[-86.6964460601967,36.0244964413768]]]},"properties":{"id":"19243","parcel":"173100A03200CO","address":"3305 TINTOP CT","owner":"MGBEMERE, CAROLINE C.","point":[-86.69665619352598,36.024446657308125]}},{"type":"Feature","id":"19251","geometry":{"type":"Polygon","coordinates":[[[-86.6969166548122,36.0256776632751],[-86.6968710809606,36.0256259195008],[-86.6974009712682,36.0256473991773],[-86.6976620644429,36.0253159127815],[-86.6976776714225,36.0249212437408],[-86.6976798601841,36.0248654517429],[-86.6976389470489,36.0248438863468],[-86.6977527623469,36.0247009767895],[-86.6978669167151,36.0245580633511],[-86.6979684633549,36.0244312118093],[-86.6980786296439,36.0242930061922],[-86.6981886882659,36.0241562287427],[-86.6983238510628,36.023987456618],[-86.698411875892,36.023877540875],[-86.6984143714317,36.0238312196785],[-86.6984181448858,36.0237611284327],[-86.6990033471795,36.0237819189134],[-86.6988964829994,36.0245427225383],[-86.6983739116212,36.0247373816905],[-86.6978460677576,36.0246892630131],[-86.6976480277749,36.0261228103434],[-86.6974348446519,36.0260636723209],[-86.6972652251038,36.0260166187242],[-86.6971451847363,36.0259085010254],[-86.6970248999555,36.0258005630766],[-86.6969166548122,36.0256776632751]]]},"properties":{"id":"19251","parcel":"173100A05000CO","address":"0 THISTLE DOWN LN","owner":"BARNES BEND ESTATES HOMEOWNER'S ASSN., INC.","point":[-86.69772829363795,36.025118725541724]}},{"type":"Feature","id":"19639","geometry":{"type":"Polygon","coordinates":[[[-86.6973141624639,36.0246445435863],[-86.6974124932177,36.0245214424948],[-86.6977527623469,36.0247009767895],[-86.6976389470489,36.0248438863468],[-86.6972983380853,36.0246643555038],[-86.6973141624639,36.0246445435863]]]},"properties":{"id":"19639","parcel":"173100A02300CO","address":"3052 BARNES BEND DR","owner":"SALEH, REANAS Y. & SLIVANY, HALIMA S.","point":[-86.69752556745057,36.02468266640527]}},{"type":"Feature","id":"19641","geometry":{"type":"Polygon","coordinates":[[[-86.69678284502,36.0240670369817],[-86.6966906277103,36.0237318686356],[-86.696975957281,36.023798073153],[-86.6969804432031,36.0241172659852],[-86.696960716849,36.0241139353571],[-86.6969417469171,36.0241084228218],[-86.6969238960393,36.0241008344373],[-86.6969075072165,36.0240913151309],[-86.6968894425097,36.0240809763254],[-86.6968696662995,36.0240729691523],[-86.6968486284319,36.0240674766756],[-86.6968268126314,36.0240646231795],[-86.6968047154384,36.0240644760924],[-86.69678284502,36.0240670369817]]]},"properties":{"id":"19641","parcel":"173100A02900CO","address":"3308 TINTOP CT","owner":"KIM, MI H.","point":[-86.69686161160904,36.02393120205075]}},{"type":"Feature","id":"19643","geometry":{"type":"Polygon","coordinates":[[[-86.6963357291443,36.0240237452981],[-86.6965930358099,36.0237093571074],[-86.6966906277103,36.0237318686356],[-86.69678284502,36.0240670369817],[-86.6967609708848,36.0240725919897],[-86.6967404330138,36.0240808530642],[-86.696721735579,36.0240916190054],[-86.6967053366971,36.0241046239867],[-86.696691639664,36.0241195502237],[-86.696680980775,36.0241360307482],[-86.6963357291443,36.0240237452981]]]},"properties":{"id":"19643","parcel":"173100A03000CO","address":"3312 TINTOP CT","owner":"AFZAL, AHMAD R.","point":[-86.69659311137318,36.02387800935321]}},{"type":"Feature","id":"19653","geometry":{"type":"Polygon","coordinates":[[[-86.695197968162,36.0261685641319],[-86.6952666376868,36.0255432491641],[-86.695596463395,36.0234376029735],[-86.6959933879754,36.0235297752582],[-86.6960732203746,36.023548313326],[-86.696069403915,36.0235902843406],[-86.6965930358099,36.0237093571074],[-86.6963357291443,36.0240237452981],[-86.696680980775,36.0241360307482],[-86.6966749793683,36.0241498246181],[-86.6966710814489,36.0241641083451],[-86.696303411304,36.0241176099572],[-86.6963611141638,36.0244510565052],[-86.6964460601967,36.0244964413768],[-86.6966594326707,36.0246100389722],[-86.6966145497766,36.0246594722351],[-86.6964589202136,36.0247680604939],[-86.6963307836161,36.0248874782289],[-86.6961942565165,36.0250146359558],[-86.6960636447607,36.0251222544316],[-86.6959162456686,36.0252437063606],[-86.6957738814626,36.025361008308],[-86.6956315203434,36.0254785840574],[-86.6954844547984,36.0255997577188],[-86.6953344327888,36.0257235701231],[-86.695275945322,36.0257718348942],[-86.6952629029056,36.0258658619797],[-86.6954807241823,36.0260405689533],[-86.6953080385694,36.0261664904756],[-86.6952974259114,36.0261729707406],[-86.6952857080033,36.026178038746],[-86.6952731644965,36.0261815730055],[-86.6952600986652,36.0261834888497],[-86.6952468263111,36.0261837384898],[-86.6952336658334,36.0261823173848],[-86.6952209348527,36.0261792588522],[-86.6952089391477,36.0261746377377],[-86.695197968162,36.0261685641319]]]},"properties":{"id":"19653","parcel":"173100A04800CO","address":"3001 BARNES BEND DR","owner":"BARNES BEND ESTATES HOMEOWNER'S ASSN., INC.","point":[-86.69588698348139,36.02482648257125]}},{"type":"Feature","id":"22862","geometry":{"type":"Polygon","coordinates":[[[-86.6993862673498,36.0250348487978],[-86.699386437273,36.0250127967345],[-86.6993879376801,36.0248226463777],[-86.6994297315167,36.0247567336092],[-86.6997625916952,36.0247584518612],[-86.6997626904374,36.0247584512876],[-86.699762689685,36.0247584918503],[-86.6997610420469,36.0249681164496],[-86.6997596624054,36.0249800341719],[-86.6997557564083,36.0249915772085],[-86.6997494430023,36.0250023933633],[-86.6997409123622,36.0250121552628],[-86.6997304259389,36.0250205657631],[-86.6997183021396,36.0250273697508],[-86.6997049063897,36.0250323596078],[-86.6996906490016,36.0250353851385],[-86.6996759607659,36.0250363537111],[-86.6993862673498,36.0250348487978]]]},"properties":{"id":"22862","parcel":"173090B10600CO","address":"6345 SUNNYWOOD DR","owner":"GERGES, AKRAM & SALWA","point":[-86.69957448875383,36.02489538155602]}},{"type":"Feature","id":"24386","geometry":{"type":"Polygon","coordinates":[[[-86.6991867522567,36.0246034745951],[-86.6992699747994,36.0245773398298],[-86.6994297315167,36.0247567336092],[-86.6993879376801,36.0248226463777],[-86.699386437273,36.0250127967345],[-86.6993862673498,36.0250348487978],[-86.6993828875702,36.0250348296622],[-86.6991833682541,36.0250337966854],[-86.6991867522567,36.0246034745951]]]},"properties":{"id":"24386","parcel":"173090B17800CO","address":"2604 BOWWATER LN","owner":"WOODS, MELANIE R.","point":[-86.6992970634503,36.02478940978991]}},{"type":"Feature","id":"24417","geometry":{"type":"Polygon","coordinates":[[[-86.698980540725,36.0246682358901],[-86.6991867522567,36.0246034745951],[-86.6991833682541,36.0250337966854],[-86.6989804653124,36.0250326847683],[-86.6989829911453,36.0247119669161],[-86.698980540725,36.0246682358901]]]},"properties":{"id":"24417","parcel":"173090B17700CO","address":"2608 BOWWATER LN","owner":"BUTLER, HUBER EDWARD, III & MELISSA MEGAN","point":[-86.69908318113788,36.0248725804538]}},{"type":"Feature","id":"25604","geometry":{"type":"Polygon","coordinates":[[[-86.6984479840703,36.0248354827255],[-86.6986980026,36.0247569660038],[-86.6987940513316,36.025049532507],[-86.6987486612097,36.0250595649052],[-86.6987041253888,36.0250718671995],[-86.6986606154213,36.0250863915286],[-86.6986182994603,36.0251030819394],[-86.6984479840703,36.0248354827255]]]},"properties":{"id":"25604","parcel":"173090B17500CO","address":"2616 BOWWATER LN","owner":"HOPPER, STEFAN O. & DUAN, ZHAOXIA","point":[-86.69863748089429,36.024942549113455]}},{"type":"Feature","id":"25612","geometry":{"type":"Polygon","coordinates":[[[-86.6986980026,36.0247569660038],[-86.698980540725,36.0246682358901],[-86.6989829911453,36.0247119669161],[-86.6989804653124,36.0250326847683],[-86.6989404191861,36.0250331820816],[-86.6989004564962,36.0250353453914],[-86.6988606837015,36.0250391686724],[-86.6988606888923,36.0250391280841],[-86.698827226087,36.0250437232123],[-86.6987940513316,36.025049532507],[-86.6986980026,36.0247569660038]]]},"properties":{"id":"25612","parcel":"173090B17600CO","address":"2612 BOWWATER LN","owner":"KIDD, KEVIN J. & YOLANDA R.","point":[-86.69886236519457,36.02489488355618]}},{"type":"Feature","id":"25865","geometry":{"type":"Polygon","coordinates":[[[-86.6976480277749,36.0261228103434],[-86.6978460677576,36.0246892630131],[-86.6983739116212,36.0247373816905],[-86.6988964829994,36.0245427225383],[-86.6992699747994,36.0245773398298],[-86.6991867522567,36.0246034745951],[-86.698980540725,36.0246682358901],[-86.6986980026,36.0247569660038],[-86.6984479840703,36.0248354827255],[-86.6984454181808,36.0248362898391],[-86.6981884084637,36.0249624817737],[-86.6978954433842,36.0251063232921],[-86.6978948766556,36.0251066032725],[-86.6978562084035,36.0253818726264],[-86.6978266950847,36.0255919694937],[-86.6978036017342,36.0257563479498],[-86.6977805784703,36.0259202528095],[-86.6977575948196,36.0260838780274],[-86.6977346160839,36.0262474419179],[-86.6977058205227,36.0264524152022],[-86.6976039025528,36.0264429667607],[-86.6976037982057,36.0264429610558],[-86.6976480277749,36.0261228103434]]]},"properties":{"id":"25865","parcel":"173090B18000CO","address":"3129 THISTLE DOWN LN","owner":"GREYSTONE PROPERTIES, LLC.","point":[-86.69778868163674,36.02548678809178]}},{"type":"Feature","id":"29127","geometry":{"type":"Polygon","coordinates":[[[-86.6980263123168,36.0237257044779],[-86.6980558480596,36.0236751131054],[-86.6984143714317,36.0238312196785],[-86.698411875892,36.023877540875],[-86.6983238510628,36.023987456618],[-86.6979615294566,36.0238250464953],[-86.6979947831061,36.0237758306069],[-86.6979948674102,36.0237757021346],[-86.6980262324981,36.023725838332],[-86.6980263123168,36.0237257044779]]]},"properties":{"id":"29127","parcel":"173100A05300CO","address":"3076 BARNES BEND DR","owner":"DUNCAN, ALEXANDRIA","point":[-86.69821895684248,36.02385389183521]}},{"type":"Feature","id":"29129","geometry":{"type":"Polygon","coordinates":[[[-86.6983521401995,36.0228474113523],[-86.6983993900218,36.0226871179075],[-86.6987940319161,36.022763885669],[-86.6987467828438,36.0229241792659],[-86.6983521401995,36.0228474113523]]]},"properties":{"id":"29129","parcel":"173100A05600CO","address":"3116 BARNES BEND DR","owner":"PETERSON, CURT THOMAS PETERSON & KATHERINE","point":[-86.69857308617264,36.02280564871488]}},{"type":"Feature","id":"29132","geometry":{"type":"Polygon","coordinates":[[[-86.6984927598645,36.0223705978271],[-86.6984940069004,36.0223665536957],[-86.6988556446055,36.0224369007024],[-86.6988409877462,36.0226045851726],[-86.6984450634106,36.0225321674416],[-86.6984903035843,36.0223786939826],[-86.6984915250481,36.0223746436903],[-86.6984927598645,36.0223705978271]]]},"properties":{"id":"29132","parcel":"173100A05800CO","address":"3124 BARNES BEND DR","owner":"WYATT, WILLIE & CAROLYN","point":[-86.6986553415241,36.02248454678045]}},{"type":"Feature","id":"29135","geometry":{"type":"Polygon","coordinates":[[[-86.6984940069004,36.0223665536957],[-86.6985105967734,36.0223199245367],[-86.6985306628669,36.0222742044543],[-86.6985541279266,36.0222295669432],[-86.6985809068535,36.0221861765308],[-86.6986108978924,36.0221441960381],[-86.6986439903657,36.0221037829297],[-86.6986800602123,36.0220650866367],[-86.6987810239069,36.0222160159991],[-86.698863990809,36.0223400405608],[-86.6988556446055,36.0224369007024],[-86.6984940069004,36.0223665536957]]]},"properties":{"id":"29135","parcel":"173100A05900CO","address":"3128 BARNES BEND DR","owner":"JEONG, PAUL","point":[-86.69867392833027,36.02225221625427]}},{"type":"Feature","id":"29139","geometry":{"type":"Polygon","coordinates":[[[-86.6987810239069,36.0222160159991],[-86.6991524300231,36.0220520588085],[-86.6992573834918,36.0222089501248],[-86.698885976875,36.0223729094356],[-86.698863990809,36.0223400405608],[-86.6987810239069,36.0222160159991]]]},"properties":{"id":"29139","parcel":"173100A06100CO","address":"6429 SUNNYWOOD DR","owner":"SFR JV-1 2020-1 BORROWER, LLC","point":[-86.6990192037594,36.02221248329864]}},{"type":"Feature","id":"30367","geometry":{"type":"Polygon","coordinates":[[[-86.6977353176225,36.0241121502049],[-86.6978514322013,36.0239668946564],[-86.6981886882659,36.0241562287427],[-86.6980786296439,36.0242930061922],[-86.6977353176225,36.0241121502049]]]},"properties":{"id":"30367","parcel":"173100A05100CO","address":"3068 BARNES BEND DR","owner":"MCCRARY, SAMUEL & LESA","point":[-86.69796327037078,36.024134192880005]}},{"type":"Feature","id":"30368","geometry":{"type":"Polygon","coordinates":[[[-86.699297831888,36.0231679484968],[-86.6997378594527,36.0231014511416],[-86.6997494959697,36.0231574314928],[-86.6997588272509,36.0232136965219],[-86.6997658460796,36.0232701831805],[-86.6997699366425,36.0233178117941],[-86.6997700452141,36.0233191802307],[-86.699349413013,36.0233384075451],[-86.699297831888,36.0231679484968]]]},"properties":{"id":"30368","parcel":"173100A06700CO","address":"6405 SUNNYWOOD DR","owner":"OVERTON, MICHAEL & THELMA","point":[-86.69954111148277,36.02324138581006]}},{"type":"Feature","id":"30370","geometry":{"type":"Polygon","coordinates":[[[-86.699531298371,36.0222732229846],[-86.6998802181523,36.0221191902908],[-86.6999895289596,36.0222077798367],[-86.7000014050017,36.0222532821265],[-86.6996281772159,36.0224180447493],[-86.699531298371,36.0222732229846]]]},"properties":{"id":"30370","parcel":"173100A07500CO","address":"6420 SUNNYWOOD DR","owner":"SEGOVIA, CONDELL P. & SHARON S.","point":[-86.69976635163363,36.02226325278585]}},{"type":"Feature","id":"30371","geometry":{"type":"Polygon","coordinates":[[[-86.6988248699503,36.0213361641053],[-86.6991120711883,36.0211402010012],[-86.6993022043568,36.0212482948326],[-86.6989484309375,36.0214628814536],[-86.6989012826063,36.0214127653647],[-86.6988719233168,36.0213826819026],[-86.6988248699503,36.0213361641053]]]},"properties":{"id":"30371","parcel":"173100A08400CO","address":"6444 SUNNYWOOD DR","owner":"ISMAIL, SHILLWAN & HEGER","point":[-86.69905949319725,36.02129221955944]}},{"type":"Feature","id":"30372","geometry":{"type":"Polygon","coordinates":[[[-86.6984635905505,36.0212883482275],[-86.6984793119771,36.0212756173101],[-86.6985542652805,36.0213393387251],[-86.6985543893681,36.0213394452597],[-86.6986268259969,36.0214052551031],[-86.6986293556547,36.0214074080488],[-86.698629217825,36.0214075052867],[-86.6982932582922,36.0216451292156],[-86.6981573769796,36.0215363102266],[-86.6984635905505,36.0212883482275]]]},"properties":{"id":"30372","parcel":"173100A08500CO","address":"6453 SUNNYWOOD DR","owner":"MARSHALL, JOSHUA W & MOLLY J","point":[-86.69838752194902,36.02147189346484]}},{"type":"Feature","id":"30373","geometry":{"type":"Polygon","coordinates":[[[-86.698629217825,36.0214075052867],[-86.6986293556547,36.0214074080488],[-86.6986618767144,36.0214348234245],[-86.6986814179709,36.0214537706903],[-86.6986814829033,36.0214538370096],[-86.6987146913166,36.0214868697641],[-86.6987708965165,36.0215453505901],[-86.6984306041043,36.0217550409433],[-86.6983280352179,36.0216729597193],[-86.6982932582922,36.0216451292156],[-86.698629217825,36.0214075052867]]]},"properties":{"id":"30373","parcel":"173100A08600CO","address":"6447 SUNNYWOOD DR","owner":"SLOSS, PHYLLIS & TYUS, SHIRLEY SLOSS & TONYA ABRIL","point":[-86.69852684127426,36.02159522697896]}},{"type":"Feature","id":"30374","geometry":{"type":"Polygon","coordinates":[[[-86.6984306041043,36.0217550409433],[-86.6987708965165,36.0215453505901],[-86.6988256406087,36.0216057235724],[-86.6988782720323,36.0216673237317],[-86.6988849820985,36.0216770359198],[-86.6988896728839,36.021687501588],[-86.6988922188177,36.0216984456687],[-86.6988925530175,36.0217095801354],[-86.6988906684776,36.0217206130093],[-86.6988866136635,36.0217312519891],[-86.6988804937484,36.0217412188657],[-86.6988724717378,36.0217502513175],[-86.6988627585568,36.0217581110798],[-86.6988516086914,36.0217645929832],[-86.698802606352,36.0217898386087],[-86.6987552401273,36.0218170656855],[-86.6987096292231,36.0218462041247],[-86.6986658916971,36.021877179337],[-86.6986241389191,36.0219099131674],[-86.6984306041043,36.0217550409433]]]},"properties":{"id":"30374","parcel":"173100A08700CO","address":"6443 SUNNYWOOD DR","owner":"CRAIG, SEAN MICHAEL & WIER, MICHELLE LYN","point":[-86.69868407583074,36.021725418714105]}},{"type":"Feature","id":"30612","geometry":{"type":"Polygon","coordinates":[[[-86.6983049893578,36.023007374324],[-86.6983521401995,36.0228474113523],[-86.6987467828438,36.0229241792659],[-86.6986995313621,36.0230844728513],[-86.6983049893578,36.023007374324]]]},"properties":{"id":"30612","parcel":"173100A05500CO","address":"3112 BARNES BEND DR","owner":"MOTHEY, ANU & OBED & CHHETRI, MAINA","point":[-86.69852588569228,36.02296577699777]}},{"type":"Feature","id":"30613","geometry":{"type":"Polygon","coordinates":[[[-86.6986800602123,36.0220650866367],[-86.6987173980284,36.022029657384],[-86.6987572294758,36.0219960703242],[-86.6987994213115,36.0219644397908],[-86.6988438247224,36.0219348757015],[-86.6988902897308,36.0219074816715],[-86.6989386518267,36.0218823487825],[-86.6989508618252,36.0218774460991],[-86.6989638807647,36.0218741989071],[-86.6989773732274,36.0218726929728],[-86.6989909889533,36.02187296638],[-86.6990043739578,36.0218750121698],[-86.6990171794075,36.0218787782884],[-86.6990290760182,36.0218841648005],[-86.6990397530328,36.0218910338086],[-86.6990489337297,36.0218992066596],[-86.6990563788058,36.0219084702343],[-86.6991524300231,36.0220520588085],[-86.6987810239069,36.0222160159991],[-86.6986800602123,36.0220650866367]]]},"properties":{"id":"30613","parcel":"173100A06000CO","address":"3140 BARNES BEND DR","owner":"DOSKY, BIZHAR J. & PIRO, NORHAM T.","point":[-86.69892574490511,36.022040835275256]}},{"type":"Feature","id":"30614","geometry":{"type":"Polygon","coordinates":[[[-86.698885976875,36.0223729094356],[-86.6992573834918,36.0222089501248],[-86.6993623373826,36.0223658422453],[-86.6989909268893,36.0225297982883],[-86.698885976875,36.0223729094356]]]},"properties":{"id":"30614","parcel":"173100A06200CO","address":"6425 SUNNYWOOD DR","owner":"CARTER, STEVEN DOUGLAS & KATHLEEN JOYCE LIVING TRUST","point":[-86.69912415699478,36.02236937607666]}},{"type":"Feature","id":"30615","geometry":{"type":"Polygon","coordinates":[[[-86.6990958773495,36.022686690649],[-86.6994672883434,36.0225227324858],[-86.6995187869873,36.0225997177365],[-86.6995497275217,36.0226477781024],[-86.6995787666063,36.0226966156026],[-86.699198350289,36.0228398749452],[-86.6990958773495,36.022686690649]]]},"properties":{"id":"30615","parcel":"173100A06400CO","address":"6417 SUNNYWOOD DR","owner":"HENDERSON, MILTON J. JR.","point":[-86.699351318147,36.02266730608031]}},{"type":"Feature","id":"30618","geometry":{"type":"Polygon","coordinates":[[[-86.699547640517,36.0216220251128],[-86.6995458158445,36.0216192984739],[-86.6994396910945,36.021460654861],[-86.6998620697225,36.0213898890554],[-86.6998132977467,36.0217171506557],[-86.6997894551796,36.0217164076868],[-86.6997657836987,36.021718841687],[-86.699742920687,36.0217243885675],[-86.699721482797,36.0217328978359],[-86.6997020460525,36.0217441408237],[-86.6996851347863,36.0217578143551],[-86.6996712028682,36.0217735507704],[-86.6996606271185,36.0217909260761],[-86.699547640517,36.0216220251128]]]},"properties":{"id":"30618","parcel":"173100A08000CO","address":"3805 DAHLGREEN CT","owner":"SINJO, SINJON & FARAJ, ZOUZAN","point":[-86.69966616305493,36.02154041106662]}},{"type":"Feature","id":"30619","geometry":{"type":"Polygon","coordinates":[[[-86.6991988505,36.0217766338467],[-86.6991696644668,36.0217349921419],[-86.6991690871304,36.0217341888332],[-86.6991572533341,36.021717776424],[-86.6991560583264,36.0217161249756],[-86.6991114421649,36.0216564910162],[-86.6990968715218,36.021637705149],[-86.6994396910945,36.021460654861],[-86.6995458158445,36.0216192984739],[-86.699547640517,36.0216220251128],[-86.6992004272946,36.0217789302087],[-86.6991988505,36.0217766338467]]]},"properties":{"id":"30619","parcel":"173100A08200CO","address":"6436 SUNNYWOOD DR","owner":"FOUGHT, JOSHUA JAMES & JENNIFER","point":[-86.69933930718166,36.02162014197206]}},{"type":"Feature","id":"30620","geometry":{"type":"Polygon","coordinates":[[[-86.6989484309375,36.0214628814536],[-86.6993022043568,36.0212482948326],[-86.6993638698503,36.0212833523693],[-86.6994013951012,36.0214133311573],[-86.6990629034629,36.0215951475115],[-86.6990068279299,36.0215283507172],[-86.6990067180737,36.0215282224693],[-86.6989484309375,36.0214628814536]]]},"properties":{"id":"30620","parcel":"173100A08300CO","address":"6442 SUNNYWOOD DR","owner":"HANTOULI, MAIMOUN & RAJAA","point":[-86.69917223643783,36.021438099805685]}},{"type":"Feature","id":"30621","geometry":{"type":"Polygon","coordinates":[[[-86.6981690851627,36.0218405232806],[-86.6983280352179,36.0216729597193],[-86.6984306041043,36.0217550409433],[-86.6986241389191,36.0219099131674],[-86.6985805595827,36.0219479139288],[-86.698539656443,36.0219878279282],[-86.6985015549067,36.0220295327663],[-86.6981690851627,36.0218405232806]]]},"properties":{"id":"30621","parcel":"173100A08800CO","address":"3137 BARNES BEND DR","owner":"SARIEH, AHMAD KHAIR","point":[-86.69840536867261,36.02187524046101]}},{"type":"Feature","id":"30760","geometry":{"type":"Polygon","coordinates":[[[-86.6989909268893,36.0225297982883],[-86.6993623373826,36.0223658422453],[-86.6994672883434,36.0225227324858],[-86.6990958773495,36.022686690649],[-86.6989909268893,36.0225297982883]]]},"properties":{"id":"30760","parcel":"173100A06300CO","address":"6421 SUNNYWOOD DR","owner":"OMAR, IBRAHIM & MEKONNEN, BELIYU","point":[-86.6992291076764,36.02252626562375]}},{"type":"Feature","id":"30761","geometry":{"type":"Polygon","coordinates":[[[-86.6992485132064,36.0230053058405],[-86.6996739194247,36.0228949869809],[-86.6996987599421,36.02296306625],[-86.6997200858431,36.0230319275207],[-86.6997378594527,36.0231014511416],[-86.699297831888,36.0231679484968],[-86.6992485132064,36.0230053058405]]]},"properties":{"id":"30761","parcel":"173100A06600CO","address":"6409 SUNNYWOOD DR","owner":"DEATON, ROBERT M.","point":[-86.69949787407997,36.023066110490525]}},{"type":"Feature","id":"30766","geometry":{"type":"Polygon","coordinates":[[[-86.6996281772159,36.0224180447493],[-86.7000014050017,36.0222532821265],[-86.7000622112175,36.0224862236813],[-86.7000417702201,36.0224910373085],[-86.7000224141157,36.022498224048],[-86.7000045553801,36.0225076291843],[-86.6999885783331,36.022519050398],[-86.699974824772,36.0225322441563],[-86.6999635895493,36.022546927543],[-86.6999499562963,36.022564209776],[-86.6999328466983,36.0225793148467],[-86.6999127770801,36.0225917855011],[-86.6998903521274,36.0226012450888],[-86.699845038005,36.0226164599205],[-86.6998316049415,36.0226199367389],[-86.699817647342,36.0226215518227],[-86.6998035531366,36.0226212605578],[-86.6997897151531,36.0226190705764],[-86.6997765167025,36.0226150427429],[-86.6997643260158,36.0226092893829],[-86.6997534828905,36.0226019698552],[-86.6997442864798,36.0225932897203],[-86.6997369951727,36.0225834872223],[-86.6996970618049,36.022521017851],[-86.6996281772159,36.0224180447493]]]},"properties":{"id":"30766","parcel":"173100A07400CO","address":"6416 SUNNYWOOD DR","owner":"SMITH, REGINALD & MARIA","point":[-86.69985205228156,36.02245215157562]}},{"type":"Feature","id":"30767","geometry":{"type":"Polygon","coordinates":[[[-86.6997278692663,36.0219482405984],[-86.6997357006923,36.0219479427488],[-86.6997403115641,36.0219479276843],[-86.6997485851484,36.0219482004894],[-86.6997648070598,36.0219498601859],[-86.6997671945926,36.0219502302696],[-86.6998802181523,36.0221191902908],[-86.699531298371,36.0222732229846],[-86.699442493241,36.0221404676739],[-86.6994387098637,36.0221340318587],[-86.6994384668095,36.0221335186301],[-86.6994357671938,36.0221273117607],[-86.6994354840166,36.0221265256727],[-86.6994330963185,36.0221174355511],[-86.699433090478,36.022117402237],[-86.6994322392568,36.0221081680007],[-86.6994333564087,36.0220965546336],[-86.6994333628037,36.0220965248538],[-86.6994368716905,36.0220852545137],[-86.6994426882021,36.0220746034851],[-86.6994506410838,36.0220649053399],[-86.699460480993,36.0220564454335],[-86.6994680887775,36.0220515342676],[-86.6994764095613,36.0220473345901],[-86.699669133495,36.0219622534841],[-86.6996730143611,36.0219606032056],[-86.6996905784563,36.0219545400285],[-86.6996906182925,36.0219545280803],[-86.6997089693477,36.0219503945099],[-86.6997090014735,36.0219503889155],[-86.6997278692663,36.0219482405984]]]},"properties":{"id":"30767","parcel":"173100A07600CO","address":"6424 SUNNYWOOD DR","owner":"SANJO, MOHAMMED & TATO, KHANI","point":[-86.69965467109395,36.02211334130915]}},{"type":"Feature","id":"30769","geometry":{"type":"Polygon","coordinates":[[[-86.6979460703945,36.0222196087314],[-86.69795935361,36.0221745445266],[-86.6980076489019,36.0220107066714],[-86.6984051965575,36.0221640608453],[-86.6983793924415,36.0222115807099],[-86.6983568886461,36.0222601954379],[-86.6983377548502,36.0223097532095],[-86.6979460703945,36.0222196087314]]]},"properties":{"id":"30769","parcel":"173100A09000CO","address":"3129 BARNES BEND DR","owner":"SMITH, CHELSEA & ROSE, DANIEL","point":[-86.69809581654155,36.022087105538155]}},{"type":"Feature","id":"30770","geometry":{"type":"Polygon","coordinates":[[[-86.6974412716949,36.0234118892365],[-86.6976399608501,36.0231244578095],[-86.6977986030231,36.0232260379114],[-86.6976283616409,36.0234947336848],[-86.6976024108821,36.0234835384541],[-86.6974412716949,36.0234118892365]]]},"properties":{"id":"30770","parcel":"173100A09500CO","address":"3404 TURFWAY LN","owner":"LEE, PAUL Y.","point":[-86.6976226211641,36.02331897047505]}},{"type":"Feature","id":"30771","geometry":{"type":"Polygon","coordinates":[[[-86.6974081718155,36.0237690477049],[-86.6975240712483,36.0235928107935],[-86.6977579398736,36.0236906079638],[-86.6977697925945,36.0236964085476],[-86.6977699075164,36.0236964817882],[-86.6977803225764,36.0237037021255],[-86.6977892507645,36.0237122974369],[-86.6977962994995,36.0237219094786],[-86.6977963186291,36.0237219400119],[-86.6977963377508,36.0237219696439],[-86.6977963580452,36.0237220064794],[-86.6978013541538,36.0237323721755],[-86.6978013700262,36.0237324108392],[-86.6978013813976,36.0237324423186],[-86.6978013939418,36.0237324810016],[-86.6978042516179,36.0237434314059],[-86.6978048772594,36.0237546678305],[-86.6978032505612,36.0237657730938],[-86.6978032420337,36.0237658128002],[-86.6978032334429,36.0237658452965],[-86.697803221587,36.0237658850222],[-86.6977994174013,36.0237765387308],[-86.6977993750187,36.0237766399213],[-86.6977933906433,36.0237867871116],[-86.697760589426,36.0238310594247],[-86.6977604424444,36.0238312522518],[-86.6977260844483,36.0238750072151],[-86.6976901878464,36.0239194308262],[-86.6974081718155,36.0237690477049]]]},"properties":{"id":"30771","parcel":"173100A09600CO","address":"3069 BARNES BEND DR","owner":"MCKENZIE, ANDY & POLLY","point":[-86.69760934330344,36.02375972963859]}},{"type":"Feature","id":"30772","geometry":{"type":"Polygon","coordinates":[[[-86.6980558480596,36.0236751131054],[-86.6980971724988,36.0235978895495],[-86.6981348269333,36.0235194380503],[-86.6981687569052,36.0234398733911],[-86.6981989124029,36.0233593112306],[-86.6982252489865,36.0232778698989],[-86.6983049893578,36.023007374324],[-86.6986995313621,36.0230844728513],[-86.6987467828438,36.0229241792659],[-86.6987940319161,36.022763885669],[-86.6988409877462,36.0226045851726],[-86.6988556446055,36.0224369007024],[-86.698863990809,36.0223400405608],[-86.698885976875,36.0223729094356],[-86.6989909268893,36.0225297982883],[-86.6990958773495,36.022686690649],[-86.699198350289,36.0228398749452],[-86.6992485132064,36.0230053058405],[-86.699297831888,36.0231679484968],[-86.699349413013,36.0233384075451],[-86.6990638977548,36.0233508089553],[-86.6990033471795,36.0237819189134],[-86.6984181448858,36.0237611284327],[-86.6984143714317,36.0238312196785],[-86.6980558480596,36.0236751131054]]]},"properties":{"id":"30772","parcel":"173100A09800CO","address":"3104 BARNES BEND DR","owner":"BARNES BEND ESTATES HOMEOWNER'S ASSN., INC.","point":[-86.69877794515186,36.0231256568252]}},{"type":"Feature","id":"31222","geometry":{"type":"Polygon","coordinates":[[[-86.6978955768797,36.0223908949721],[-86.6979460703945,36.0222196087314],[-86.6983377548502,36.0223097532095],[-86.6983258706538,36.0223467067024],[-86.698290216817,36.0224676643891],[-86.6978955768797,36.0223908949721]]]},"properties":{"id":"31222","parcel":"173100A09100CO","address":"3125 BARNES BEND DR","owner":"MANSARAY, AISHA REVOCABLE LIVING TRUST","point":[-86.69812308622647,36.02232770474325]}},{"type":"Feature","id":"31223","geometry":{"type":"Polygon","coordinates":[[[-86.6976399608501,36.0231244578095],[-86.6977086653576,36.0230249607463],[-86.6981033071366,36.0231017289686],[-86.698060812084,36.0232458822763],[-86.698050746063,36.0232787891988],[-86.6977986030231,36.0232260379114],[-86.6976399608501,36.0231244578095]]]},"properties":{"id":"31223","parcel":"173100A09300CO","address":"3105 BARNES BEND DR","owner":"MAGAR, PRITHA & RAI, PADMA","point":[-86.69790032373407,36.02317570407213]}},{"type":"Feature","id":"31224","geometry":{"type":"Polygon","coordinates":[[[-86.6974941565139,36.0230540510714],[-86.6973483725008,36.0229836548551],[-86.6972983264396,36.0229594887924],[-86.6971790237894,36.0228929696863],[-86.697039264339,36.022815043063],[-86.6969077557454,36.0227417183299],[-86.6969804160622,36.0226686590134],[-86.6970908211741,36.0225576476353],[-86.6972252003004,36.0224225301669],[-86.6972957627362,36.0223515792053],[-86.6973188277322,36.0221455069706],[-86.6975731806199,36.0220026644978],[-86.6978259221975,36.0221485877794],[-86.69795935361,36.0221745445266],[-86.6979460703945,36.0222196087314],[-86.6978955768797,36.0223908949721],[-86.6978739027328,36.0224644202029],[-86.6979766267095,36.022579395472],[-86.6982421782209,36.0226306293024],[-86.6981033071366,36.0231017289686],[-86.6977086653576,36.0230249607463],[-86.6976399608501,36.0231244578095],[-86.6974941565139,36.0230540510714]]]},"properties":{"id":"31224","parcel":"173100A09900CO","address":"3113 BARNES BEND DR","owner":"BARNES BEND ESTATES HOMEOWNER'S ASSN., INC.","point":[-86.69752451583898,36.022568499147596]}},{"type":"Feature","id":"32512","geometry":{"type":"Polygon","coordinates":[[[-86.6979313994987,36.0238668590675],[-86.6979615294566,36.0238250464953],[-86.6983238510628,36.023987456618],[-86.6981886882659,36.0241562287427],[-86.6978514322013,36.0239668946564],[-86.6979313994987,36.0238668590675]]]},"properties":{"id":"32512","parcel":"173100A05200CO","address":"3072 BARNES BEND DR","owner":"CRUTCHER, JOSHUA B. & KATA RHE","point":[-86.6981468307595,36.024071567293]}},{"type":"Feature","id":"32513","geometry":{"type":"Polygon","coordinates":[[[-86.6983993900218,36.0226871179075],[-86.6984450634106,36.0225321674416],[-86.6988409877462,36.0226045851726],[-86.6987940319161,36.022763885669],[-86.6983993900218,36.0226871179075]]]},"properties":{"id":"32513","parcel":"173100A05700CO","address":"3120 BARNES BEND DR","owner":"DOSS, JESSICA","point":[-86.69862018886454,36.02264585174366]}},{"type":"Feature","id":"32514","geometry":{"type":"Polygon","coordinates":[[[-86.699198350289,36.0228398749452],[-86.6995787666063,36.0226966156026],[-86.6996138706921,36.0227616456949],[-86.6996456063873,36.0228278075367],[-86.6996739194247,36.0228949869809],[-86.6992485132064,36.0230053058405],[-86.699198350289,36.0228398749452]]]},"properties":{"id":"32514","parcel":"173100A06500CO","address":"6413 SUNNYWOOD DR","owner":"VOGELPOHL, ROBERT & EILEEN","point":[-86.6994345382327,36.02286742719718]}},{"type":"Feature","id":"32516","geometry":{"type":"Polygon","coordinates":[[[-86.6992712854704,36.0218845320018],[-86.6991988505,36.0217766338467],[-86.6992004272946,36.0217789302087],[-86.699547640517,36.0216220251128],[-86.6996606271185,36.0217909260761],[-86.6996590424674,36.0217940420445],[-86.6996572131898,36.0217973487056],[-86.6996569770603,36.0217977484495],[-86.6996554058845,36.0218003785413],[-86.6996542143158,36.0218022709715],[-86.6996488087758,36.0218099435471],[-86.6996458281733,36.0218136642799],[-86.6996455393694,36.0218140039429],[-86.6996434647669,36.021816413437],[-86.6996430110247,36.0218169216989],[-86.6996402250172,36.0218199355871],[-86.6996359764029,36.0218241747182],[-86.6996245353754,36.0218338742061],[-86.699607896555,36.0218447223856],[-86.6996073146886,36.0218450439219],[-86.6996035966133,36.0218470375479],[-86.6995948619075,36.0218512243162],[-86.6994021348113,36.0219363026211],[-86.6994006968336,36.0219369229488],[-86.6993977769999,36.0219380944592],[-86.6993948041987,36.0219391725424],[-86.6993947710349,36.0219391862544],[-86.6993839946843,36.0219422176825],[-86.6993839592461,36.0219422250985],[-86.6993727772921,36.0219440484406],[-86.6993727418143,36.0219440513505],[-86.699363231924,36.0219446220986],[-86.6993613237217,36.0219446340774],[-86.6993471820883,36.0219436039728],[-86.6993334597317,36.0219406696996],[-86.6993205534941,36.0219359172811],[-86.6993205234208,36.0219359039362],[-86.699308779531,36.0219294674586],[-86.6992985157134,36.0219215199291],[-86.6992900223843,36.0219122831838],[-86.6992898741805,36.0219120839565],[-86.6992874894551,36.0219087530917],[-86.6992712854704,36.0218845320018]]]},"properties":{"id":"32516","parcel":"173100A08100CO","address":"6432 SUNNYWOOD DR","owner":"HAJI, VAHIN SHABAN & FARAJ, KAREEM","point":[-86.69943051603877,36.02178492833512]}},{"type":"Feature","id":"32517","geometry":{"type":"Polygon","coordinates":[[[-86.6980076489019,36.0220107066714],[-86.6981690851627,36.0218405232806],[-86.6985015549067,36.0220295327663],[-86.6984663725282,36.0220728961752],[-86.6984342190968,36.0221177859318],[-86.6984051965575,36.0221640608453],[-86.6980076489019,36.0220107066714]]]},"properties":{"id":"32517","parcel":"173100A08900CO","address":"3133 BARNES BEND DR","owner":"PARTON, JOHN & KELLY","point":[-86.69820407676131,36.021925906238266]}},{"type":"Feature","id":"32518","geometry":{"type":"Polygon","coordinates":[[[-86.6978739027328,36.0224644202029],[-86.6978955768797,36.0223908949721],[-86.698290216817,36.0224676643891],[-86.6982421782209,36.0226306293024],[-86.6979766267095,36.022579395472],[-86.6978739027328,36.0224644202029]]]},"properties":{"id":"32518","parcel":"173100A09200CO","address":"3121 BARNES BEND DR","owner":"KIM, DAEWOO ERIC & SOYOUNG YVONNE","point":[-86.69809994638241,36.02252344576927]}},{"type":"Feature","id":"32519","geometry":{"type":"Polygon","coordinates":[[[-86.6976283616409,36.0234947336848],[-86.6977986030231,36.0232260379114],[-86.698050746063,36.0232787891988],[-86.6980280363247,36.0233455796573],[-86.6980279875788,36.0233457142327],[-86.6980023771731,36.023411954577],[-86.6979739863858,36.0234773187411],[-86.6979739363086,36.0234774280878],[-86.697942707575,36.0235420579063],[-86.6979364111186,36.0235520392716],[-86.6979363145396,36.0235521597033],[-86.6979281626807,36.023561094598],[-86.6979182434784,36.0235689031975],[-86.6979181905414,36.023568939556],[-86.6979068994154,36.0235752923993],[-86.6979068574384,36.0235753133722],[-86.6979068253831,36.0235753270774],[-86.6979067811714,36.0235753462607],[-86.6978943854452,36.0235801093084],[-86.6978943389829,36.0235801248995],[-86.6978943091069,36.0235801340856],[-86.6978942615115,36.0235801469794],[-86.6978810099015,36.0235832151415],[-86.6978672266461,36.0235844919036],[-86.6978534094687,36.0235839266139],[-86.6978400203278,36.0235815652663],[-86.6978398780416,36.0235815345452],[-86.6978270190783,36.0235773846599],[-86.6977273560347,36.0235365924628],[-86.6976283616409,36.0234947336848]]]},"properties":{"id":"32519","parcel":"173100A09400CO","address":"3400 TURFWAY LN","owner":"SADIQ, HUSSEIN & KHURSHID & SALIH, ZHUBIN","point":[-86.6978587377866,36.02337844036479]}},{"type":"Feature","id":"32520","geometry":{"type":"Polygon","coordinates":[[[-86.6972678682162,36.0238913940175],[-86.6974081718155,36.0237690477049],[-86.6976901878464,36.0239194308262],[-86.6975795616979,36.0240563300815],[-86.6972892500342,36.0239027076961],[-86.6972678682162,36.0238913940175]]]},"properties":{"id":"32520","parcel":"173100A09700CO","address":"3065 BARNES BEND DR","owner":"VO, THANH & TRAN, THUYTIEN THI","point":[-86.69748977625555,36.02391106957324]}},{"type":"Feature","id":"34440","geometry":{"type":"Polygon","coordinates":[[[-86.6981196632615,36.0208160746787],[-86.6983689246056,36.0205219108008],[-86.6983789317615,36.0205294678347],[-86.6984534895778,36.020585768541],[-86.6985442980001,36.0206543398468],[-86.6985376535295,36.0206612967192],[-86.6982919152355,36.02091861088],[-86.6982314204589,36.0208810926845],[-86.6981703481743,36.020844890993],[-86.6981196632615,36.0208160746787]]]},"properties":{"id":"34440","parcel":"181010B19600CO","address":"6452 SUNNYWOOD DR","owner":"JONES, ROBERT G.","point":[-86.69832448343094,36.02073867538031]}},{"type":"Feature","id":"34441","geometry":{"type":"Polygon","coordinates":[[[-86.6977576347284,36.0206397272853],[-86.6979963829245,36.0202790130096],[-86.698064428275,36.0202973440546],[-86.6981694487878,36.0204176550824],[-86.6979427562647,36.0207236308686],[-86.6978729022335,36.0206903946929],[-86.6978029509711,36.0206588408574],[-86.6977576347284,36.0206397272853]]]},"properties":{"id":"34441","parcel":"181010B19800CO","address":"6460 SUNNYWOOD DR","owner":"CHAN, LING","point":[-86.69795915062551,36.02052868030348]}},{"type":"Feature","id":"34449","geometry":{"type":"Polygon","coordinates":[[[-86.697221821036,36.0200704599806],[-86.6971269442541,36.0199963682543],[-86.6974418928646,36.0199015342998],[-86.6974633208121,36.0198950822463],[-86.6975164664301,36.0200050453603],[-86.6975280767063,36.0200327209164],[-86.6975368272815,36.020061081791],[-86.6975426587642,36.0200899345497],[-86.6975455316762,36.020119079334],[-86.6975387981979,36.0201397958459],[-86.6975308884882,36.020160236161],[-86.697221821036,36.0200704599806]]]},"properties":{"id":"34449","parcel":"181010B22500CO","address":"4005 SWEETBERRY DR","owner":"BUANSING, TUAL-SUAN TUANG & VUNG, GIN LUN","point":[-86.69733842930236,36.02001841933128]}},{"type":"Feature","id":"34450","geometry":{"type":"Polygon","coordinates":[[[-86.6968225747344,36.0199322210483],[-86.6968757394414,36.0198543462163],[-86.6970479233544,36.019951693128],[-86.6968564904809,36.0202487653616],[-86.6966878699639,36.0201743607806],[-86.6966645160745,36.0201637442823],[-86.6968225747344,36.0199322210483]]]},"properties":{"id":"34450","parcel":"181010B22800CO","address":"6508 SUNNYWOOD DR","owner":"DORAN FAMILY REVOCABLE TRUST","point":[-86.6968582522261,36.020057723997326]}},{"type":"Feature","id":"34452","geometry":{"type":"Polygon","coordinates":[[[-86.6961662840533,36.0205219710434],[-86.6964014214532,36.0202279145029],[-86.6964919227047,36.0202740838196],[-86.6965846991914,36.0203171719025],[-86.6963865908055,36.020618228722],[-86.6961662840533,36.0205219710434]]]},"properties":{"id":"34452","parcel":"181010B23300CO","address":"6513 SUNNYWOOD DR","owner":"ALBARATI, MAHER J","point":[-86.69638275182383,36.02041959003706]}},{"type":"Feature","id":"34453","geometry":{"type":"Polygon","coordinates":[[[-86.6963865908055,36.020618228722],[-86.6965846991914,36.0203171719025],[-86.696781809498,36.0204028177431],[-86.6965834574848,36.0207042458238],[-86.6963865908055,36.020618228722]]]},"properties":{"id":"34453","parcel":"181010B23400CO","address":"6509 SUNNYWOOD DR","owner":"BAE, DAE SUNG & LINDSAY","point":[-86.69658420040838,36.02051052339758]}},{"type":"Feature","id":"35136","geometry":{"type":"Polygon","coordinates":[[[-86.6979427562647,36.0207236308686],[-86.6981694487878,36.0204176550824],[-86.6983689246056,36.0205219108008],[-86.6981196632615,36.0208160746787],[-86.6980553662665,36.0207810560898],[-86.6979908686477,36.0207475690288],[-86.6979427562647,36.0207236308686]]]},"properties":{"id":"35136","parcel":"181010B19700CO","address":"6456 SUNNYWOOD DR","owner":"TEHRANI, SHAHROUZ ESHRAGHI & ROSHANAEI, SAHBA ETAL","point":[-86.6981504641891,36.020622757494294]}},{"type":"Feature","id":"35144","geometry":{"type":"Polygon","coordinates":[[[-86.6972637206308,36.0204284563217],[-86.6970514786384,36.0203348042865],[-86.6971802441978,36.0201349828051],[-86.697221821036,36.0200704599806],[-86.6975308884882,36.020160236161],[-86.6975188988215,36.0201847946843],[-86.6975188715688,36.0201848498211],[-86.6975046621412,36.0202086803304],[-86.697378678579,36.0203988764419],[-86.6973706982002,36.0204089910111],[-86.6973706619693,36.020409034483],[-86.6973706421819,36.0204090553274],[-86.6973605311249,36.0204178465099],[-86.6973487247159,36.0204251089938],[-86.6973355650205,36.0204306298954],[-86.6973214411502,36.0204342474326],[-86.6973067637855,36.0204358555791],[-86.6972919640985,36.0204354076753],[-86.6972774748997,36.0204329174396],[-86.6972637206308,36.0204284563217]]]},"properties":{"id":"35144","parcel":"181010B22600CO","address":"6500 SUNNYWOOD DR","owner":"SELEVANI, WALID K. & AMY ALI & LATEF","point":[-86.69727750008444,36.02027174108372]}},{"type":"Feature","id":"35145","geometry":{"type":"Polygon","coordinates":[[[-86.6968564904809,36.0202487653616],[-86.6970479233544,36.019951693128],[-86.6971269442541,36.0199963682543],[-86.697221821036,36.0200704599806],[-86.6971802441978,36.0201349828051],[-86.6970514786384,36.0203348042865],[-86.6968564904809,36.0202487653616]]]},"properties":{"id":"35145","parcel":"181010B22700CO","address":"6504 SUNNYWOOD DR","owner":"DANG, TU T.","point":[-86.69701836728116,36.02019187419298]}},{"type":"Feature","id":"35148","geometry":{"type":"Polygon","coordinates":[[[-86.6967802154336,36.0207902136623],[-86.6969788395306,36.0204883699916],[-86.6971768433537,36.0205743434972],[-86.69697794499,36.0208766063782],[-86.6967802154336,36.0207902136623]]]},"properties":{"id":"35148","parcel":"181010B23600CO","address":"6501 SUNNYWOOD DR","owner":"CORTES, MARIO DANIEL & DONOSO, KARINA","point":[-86.69697852981359,36.02068227874637]}},{"type":"Feature","id":"35149","geometry":{"type":"Polygon","coordinates":[[[-86.6971751281293,36.0209627594842],[-86.6973743007914,36.0206600809979],[-86.6975711783997,36.020745564664],[-86.6975304088656,36.0208075223441],[-86.6973717336658,36.0210486596439],[-86.6971751281293,36.0209627594842]]]},"properties":{"id":"35149","parcel":"181010B23800CO","address":"6473 SUNNYWOOD DR","owner":"VO, PHONG THANH & LE, ANH THI TUYET","point":[-86.69735276880546,36.02088514104739]}},{"type":"Feature","id":"35226","geometry":{"type":"Polygon","coordinates":[[[-86.697692935685,36.0200510071116],[-86.6981156836376,36.0200530546002],[-86.698064428275,36.0202973440546],[-86.6979963829245,36.0202790130096],[-86.6976797695522,36.0201937178984],[-86.6976918888969,36.0201590361569],[-86.6977014374371,36.0201238276241],[-86.6976988124722,36.0200872916844],[-86.697692935685,36.0200510071116]]]},"properties":{"id":"35226","parcel":"181010B20000CO","address":"4004 SWEETBERRY DR","owner":"BRUMLEY, NATHAN & MELANIE LIVING TRUST","point":[-86.69788771235855,36.020176885750445]}},{"type":"Feature","id":"35231","geometry":{"type":"Polygon","coordinates":[[[-86.6965834574848,36.0207042458238],[-86.696781809498,36.0204028177431],[-86.6969788395306,36.0204883699916],[-86.6967802154336,36.0207902136623],[-86.6965834574848,36.0207042458238]]]},"properties":{"id":"35231","parcel":"181010B23500CO","address":"6505 SUNNYWOOD DR","owner":"ALBARRAN, ROBIN WRIGHT","point":[-86.6967811488925,36.02059630807319]}},{"type":"Feature","id":"35232","geometry":{"type":"Polygon","coordinates":[[[-86.69697794499,36.0208766063782],[-86.6971768433537,36.0205743434972],[-86.6973743007914,36.0206600809979],[-86.6971751281293,36.0209627594842],[-86.69697794499,36.0208766063782]]]},"properties":{"id":"35232","parcel":"181010B23700CO","address":"6477 SUNNYWOOD DR","owner":"SWEENEY, JONATHAN & YANA","point":[-86.69717612288083,36.02076834385337]}},{"type":"Feature","id":"35233","geometry":{"type":"Polygon","coordinates":[[[-86.6975304088656,36.0208075223441],[-86.6975711783997,36.020745564664],[-86.697702863246,36.0208027427636],[-86.6977702258635,36.0208331192364],[-86.6977310560513,36.0208897401607],[-86.697563232025,36.021132328607],[-86.6973717336658,36.0210486596439],[-86.6975304088656,36.0208075223441]]]},"properties":{"id":"35233","parcel":"181010B23900CO","address":"6469 SUNNYWOOD DR","owner":"YAZDIAN, SHAHRAM ABE","point":[-86.69755004991022,36.02096919664603]}},{"type":"Feature","id":"35234","geometry":{"type":"Polygon","coordinates":[[[-86.6979319032399,36.020980664802],[-86.6979701543986,36.0209336578462],[-86.6980749163341,36.0209933565198],[-86.6981770657293,36.0210559724147],[-86.6981421154004,36.0210923772955],[-86.697943773024,36.0212985910847],[-86.6977441602591,36.0212113780602],[-86.6979319032399,36.020980664802]]]},"properties":{"id":"35234","parcel":"181010B24100CO","address":"6461 SUNNYWOOD DR","owner":"SPROUL, JODIE E. & MARC P.","point":[-86.69793871522388,36.02115186670465]}},{"type":"Feature","id":"35235","geometry":{"type":"Polygon","coordinates":[[[-86.695920740601,36.0210092194761],[-86.696083200836,36.0200275038241],[-86.6961143280981,36.0200501060101],[-86.6960993985179,36.0201625423678],[-86.6960579579248,36.0204746390565],[-86.6961662840533,36.0205219710434],[-86.6963865908055,36.020618228722],[-86.6965834574848,36.0207042458238],[-86.6967802154336,36.0207902136623],[-86.69697794499,36.0208766063782],[-86.6971751281293,36.0209627594842],[-86.6973717336658,36.0210486596439],[-86.697563232025,36.021132328607],[-86.6975832448001,36.0211410715575],[-86.695920740601,36.0210092194761]]]},"properties":{"id":"35235","parcel":"181010B24200CO","address":"0 SUNNYWOOD DR","owner":"SUGAR VALLEY HOMEOWNERS ASSOCIATION, INC.","point":[-86.69613498262612,36.020569741616825]}},{"type":"Feature","id":"36449","geometry":{"type":"Polygon","coordinates":[[[-86.6906191268605,36.0251711032502],[-86.6906451849006,36.0249938018051],[-86.6910481350285,36.0250328813096],[-86.6910220767491,36.0252101810442],[-86.6906191268605,36.0251711032502]]]},"properties":{"id":"36449","parcel":"173100C00200CO","address":"108 BLACKPOOL DR","owner":"MUSA, ARAS I. & MUSA, SALIH I.","point":[-86.69083363085724,36.025101992472344]}},{"type":"Feature","id":"36450","geometry":{"type":"Polygon","coordinates":[[[-86.6907388789648,36.0226201862231],[-86.6909883653781,36.0225097484352],[-86.691136475434,36.0225232771929],[-86.6913549419657,36.0225432320474],[-86.6914192790915,36.0225491096938],[-86.6908397329663,36.0227625784948],[-86.6908228608535,36.0227376724306],[-86.6907388789648,36.0226201862231]]]},"properties":{"id":"36450","parcel":"173100C01600CO","address":"164 BLACKPOOL DR","owner":"THAXTON, NEKEL R. & JASPER","point":[-86.6909228580853,36.02267929534928]}},{"type":"Feature","id":"36451","geometry":{"type":"Polygon","coordinates":[[[-86.6905720369259,36.0222055458151],[-86.6908837796705,36.0221534418569],[-86.6909332597871,36.0223220120526],[-86.6906285013386,36.0224657720131],[-86.6906177583117,36.022450462018],[-86.6905698629803,36.0223734568619],[-86.6905300698768,36.0222934634195],[-86.6905235297338,36.0222781662784],[-86.6905208499358,36.0222691795069],[-86.6905200054127,36.0222599586949],[-86.690521016036,36.0222507479794],[-86.6905238573237,36.0222417944554],[-86.6905284525566,36.0222333347017],[-86.690534678318,36.0222255938479],[-86.6905423699857,36.022218779234],[-86.6905513249747,36.0222130704771],[-86.690561302737,36.0222086194721],[-86.6905720369259,36.0222055458151]]]},"properties":{"id":"36451","parcel":"173100C01800CO","address":"172 BLACKPOOL DR","owner":"ABDULJABBAR, MOHAMMAD O & OMAR, SERDAR M","point":[-86.69073307013822,36.022307741529374]}},{"type":"Feature","id":"36452","geometry":{"type":"Polygon","coordinates":[[[-86.6904660597632,36.0218205982828],[-86.69048927676,36.0216430381217],[-86.6909153011809,36.0216797983057],[-86.6908923627236,36.0218573848956],[-86.6904660597632,36.0218205982828]]]},"properties":{"id":"36452","parcel":"173100C02000CO","address":"180 BLACKPOOL DR","owner":"THEPSURINTHON, EDDIE VINAY & ANOUSONE","point":[-86.69069073679707,36.02175019865076]}},{"type":"Feature","id":"36453","geometry":{"type":"Polygon","coordinates":[[[-86.6899547305698,36.0216999972452],[-86.6899816225131,36.0214943552235],[-86.6900943515453,36.0215057075684],[-86.6902096235282,36.0215161655751],[-86.6902654930172,36.0215209846552],[-86.6902773113846,36.0215229295302],[-86.6902885436186,36.0215264973894],[-86.690298852603,36.0215315793053],[-86.6903079308394,36.0215380274251],[-86.6903155092597,36.0215456477101],[-86.6903213617811,36.0215542134283],[-86.690325314213,36.0215634687092],[-86.6903272465615,36.0215731384443],[-86.690327104179,36.0215829345324],[-86.6903078143929,36.0217304671545],[-86.6899547305698,36.0216999972452]]]},"properties":{"id":"36453","parcel":"173100C02300CO","address":"181 BLACKPOOL DR","owner":"HANNA, MATTA & ABDELMASEEH, KRISTEEN","point":[-86.69014091801277,36.02164146603559]}},{"type":"Feature","id":"36454","geometry":{"type":"Polygon","coordinates":[[[-86.6899009392036,36.0221113623992],[-86.6899290476131,36.0218964102792],[-86.690288368773,36.0219067005904],[-86.6902875135662,36.0219560477735],[-86.6902928619995,36.0220487738763],[-86.6902961554655,36.0220759236334],[-86.6899009392036,36.0221113623992]]]},"properties":{"id":"36454","parcel":"173100C02500CO","address":"173 BLACKPOOL DR","owner":"ANDERSON, BRANDON P.","point":[-86.69010275041123,36.02200192663136]}},{"type":"Feature","id":"36455","geometry":{"type":"Polygon","coordinates":[[[-86.6902259398251,36.0228873036527],[-86.6906061110933,36.0227079727866],[-86.6906766421361,36.0228066441623],[-86.690700736831,36.0228440440434],[-86.6907275377456,36.0228990829619],[-86.6907358943129,36.0229217972446],[-86.6903108387815,36.0230157780428],[-86.6902259398251,36.0228873036527]]]},"properties":{"id":"36455","parcel":"173100C03000CO","address":"153 BLACKPOOL DR","owner":"CAMMON, SHELTON & RHONDA MALONE","point":[-86.69049220876207,36.022865748595166]}},{"type":"Feature","id":"36456","geometry":{"type":"Polygon","coordinates":[[[-86.6903037785142,36.0234960363146],[-86.690279069841,36.0233138099688],[-86.6907155897374,36.0233561465542],[-86.6906895290627,36.023533448099],[-86.6903037785142,36.0234960363146]]]},"properties":{"id":"36456","parcel":"173100C03300CO","address":"141 BLACKPOOL DR","owner":"ALLIN, GEORGE JR & BEVERLY","point":[-86.6904997268812,36.023426065915324]}},{"type":"Feature","id":"36457","geometry":{"type":"Polygon","coordinates":[[[-86.6903730102845,36.0237289477781],[-86.6903037785142,36.0234960363146],[-86.6906895290627,36.023533448099],[-86.6906567524213,36.0237564693381],[-86.6903730102845,36.0237289477781]]]},"properties":{"id":"36457","parcel":"173100C03400CO","address":"137 BLACKPOOL DR","owner":"DOUTHIT, TODD & MICAH DAILEY","point":[-86.690509459682,36.023631141761896]}},{"type":"Feature","id":"36458","geometry":{"type":"Polygon","coordinates":[[[-86.690169925864,36.0243294342426],[-86.6901831285258,36.0242115378144],[-86.6905839124354,36.0242520715325],[-86.6905578523063,36.0244293757105],[-86.6901632040771,36.0243894619941],[-86.690169925864,36.0243294342426]]]},"properties":{"id":"36458","parcel":"173100C03700CO","address":"121 BLACKPOOL DR","owner":"SWANSON, SAMANTHA J. & STEPHAN R.","point":[-86.6903762334434,36.0242907512962]}},{"type":"Feature","id":"36459","geometry":{"type":"Polygon","coordinates":[[[-86.690539369482,36.021259944031],[-86.6905623539365,36.0211218141145],[-86.6909753767123,36.0212452125741],[-86.6909552486014,36.0213712010667],[-86.6906720951351,36.0212713966217],[-86.690539369482,36.021259944031]]]},"properties":{"id":"36459","parcel":"173100C04800CO","address":"192 BLACKPOOL DR","owner":"DELVIN DOWNS HOMEOWNERS ASSOCIATION, INC.","point":[-86.69075739937787,36.021252578568514]}},{"type":"Feature","id":"36460","geometry":{"type":"Polygon","coordinates":[[[-86.6902385550252,36.0213848929602],[-86.6898532576212,36.021345414116],[-86.6899016974818,36.0209698159019],[-86.6900289022436,36.0209911573765],[-86.6903980320947,36.0210777948308],[-86.6903695567832,36.0212895397001],[-86.6903653815966,36.0213172369846],[-86.6903629339278,36.021345070379],[-86.6903575931344,36.0213554433432],[-86.6903501342848,36.0213649136302],[-86.6903407801642,36.0213732005616],[-86.6903298104125,36.0213800546784],[-86.6903175516724,36.0213852731198],[-86.6903043698233,36.0213886996674],[-86.6902906589501,36.0213902320191],[-86.6902385550252,36.0213848929602]]]},"properties":{"id":"36460","parcel":"173100C04900CO","address":"185 BLACKPOOL DR","owner":"DELVIN DOWNS HOMEOWNERS ASSOCIATION, INC.","point":[-86.69012904097582,36.02118300931399]}},{"type":"Feature","id":"36819","geometry":{"type":"Polygon","coordinates":[[[-86.6906451849006,36.0249938018051],[-86.6906712428167,36.024816499446],[-86.6910741909571,36.0248555797725],[-86.6910481350285,36.0250328813096],[-86.6906451849006,36.0249938018051]]]},"properties":{"id":"36819","parcel":"173100C00300CO","address":"112 BLACKPOOL DR","owner":"AL-JASHAMI, FAYE","point":[-86.69085968830436,36.02492469098244]}},{"type":"Feature","id":"36821","geometry":{"type":"Polygon","coordinates":[[[-86.6907494192429,36.0242845976808],[-86.6907754778035,36.0241072952645],[-86.6911784201738,36.0241463743601],[-86.6911523635928,36.0243236750531],[-86.6907494192429,36.0242845976808]]]},"properties":{"id":"36821","parcel":"173100C00700CO","address":"128 BLACKPOOL DR","owner":"GARMAVI, ZINDAN A.","point":[-86.6909639200563,36.024215486214004]}},{"type":"Feature","id":"36823","geometry":{"type":"Polygon","coordinates":[[[-86.6907754778035,36.0241072952645],[-86.6908015340368,36.0239299937494],[-86.6912044766386,36.0239690736543],[-86.6911784201738,36.0241463743601],[-86.6907754778035,36.0241072952645]]]},"properties":{"id":"36823","parcel":"173100C00800CO","address":"132 BLACKPOOL DR","owner":"ADEFURIN, ABIODUN & OGINNI, ABIMBOLA","point":[-86.69098997716132,36.02403818465191]}},{"type":"Feature","id":"36825","geometry":{"type":"Polygon","coordinates":[[[-86.6908797076023,36.0233980908988],[-86.6909057678085,36.0232207893075],[-86.6913127277437,36.0232602576888],[-86.6912846585402,36.023437364503],[-86.6908797076023,36.0233980908988]]]},"properties":{"id":"36825","parcel":"173100C01200CO","address":"148 BLACKPOOL DR","owner":"FINDI, KASAR S.","point":[-86.69109581834338,36.0233291734615]}},{"type":"Feature","id":"36827","geometry":{"type":"Polygon","coordinates":[[[-86.6908397329663,36.0227625784948],[-86.6914192790915,36.0225491096938],[-86.6914070657727,36.0226324089456],[-86.6913815895862,36.0228061643354],[-86.6909039394984,36.0229011250294],[-86.6908841879026,36.0228465648692],[-86.6908531558512,36.0227845679184],[-86.6908397329663,36.0227625784948]]]},"properties":{"id":"36827","parcel":"173100C01500CO","address":"160 BLACKPOOL DR","owner":"JACQUIN, DAVID G. & ANDREA B.","point":[-86.6912072970709,36.022697710107465]}},{"type":"Feature","id":"36829","geometry":{"type":"Polygon","coordinates":[[[-86.6904636523332,36.0218390102112],[-86.6904660597632,36.0218205982828],[-86.6908923627236,36.0218573848956],[-86.6908918148755,36.0218616250243],[-86.690893713982,36.0220147918877],[-86.6908883647989,36.0220152596925],[-86.6908219630508,36.0220213438712],[-86.6907558709149,36.0220293523048],[-86.6906901737341,36.0220392754918],[-86.6905458594199,36.0220692146081],[-86.6905339013992,36.0220707450509],[-86.6905217965539,36.0220705719858],[-86.6905099121675,36.0220687005178],[-86.6904986059929,36.022065188082],[-86.6904882162201,36.022060139093],[-86.6904790603749,36.0220537058525],[-86.6904714108637,36.0220460832819],[-86.690465500451,36.0220375007788],[-86.6904615066878,36.0220282178],[-86.6904595495993,36.0220185130593],[-86.6904565911152,36.0219550788642],[-86.6904602891114,36.021868858739],[-86.6904636523332,36.0218390102112]]]},"properties":{"id":"36829","parcel":"173100C01900CO","address":"176 BLACKPOOL DR","owner":"BUSTILLO, VICTOR L. & CARBALLO, DINA MARGOTH GALVEZ","point":[-86.69067544653618,36.02191252870821]}},{"type":"Feature","id":"36831","geometry":{"type":"Polygon","coordinates":[[[-86.6899009392036,36.0221113623992],[-86.6902961554655,36.0220759236334],[-86.690307265136,36.0221408838832],[-86.6903326282844,36.0222381612971],[-86.6899249925459,36.0223231803186],[-86.689888381111,36.0222073987647],[-86.6899009392036,36.0221113623992]]]},"properties":{"id":"36831","parcel":"173100C02600CO","address":"169 BLACKPOOL DR","owner":"RUVUBIKA, MAGANYA & MEGE, ARNAUD","point":[-86.69010444132526,36.02217415860877]}},{"type":"Feature","id":"36833","geometry":{"type":"Polygon","coordinates":[[[-86.689990898718,36.0225316121056],[-86.690397010081,36.0223948690954],[-86.6904035873746,36.0224075468676],[-86.6904527288786,36.0224913641418],[-86.6904818179878,36.0225340945421],[-86.6904957336031,36.022553558458],[-86.6901219208054,36.0227298900057],[-86.689990898718,36.0225316121056]]]},"properties":{"id":"36833","parcel":"173100C02800CO","address":"161 BLACKPOOL DR","owner":"PHAM, DUC VINH & NGUYEN, THI THANH HIEN","point":[-86.69018603451097,36.02264140722684]}},{"type":"Feature","id":"36835","geometry":{"type":"Polygon","coordinates":[[[-86.6901219208054,36.0227298900057],[-86.6904957336031,36.022553558458],[-86.6906061110933,36.0227079727866],[-86.6902259398251,36.0228873036527],[-86.6901219208054,36.0227298900057]]]},"properties":{"id":"36835","parcel":"173100C02900CO","address":"157 BLACKPOOL DR","owner":"BOWEN, JOHN","point":[-86.6903640159721,36.022718931640654]}},{"type":"Feature","id":"36837","geometry":{"type":"Polygon","coordinates":[[[-86.6903108387815,36.0230157780428],[-86.6907358943129,36.0229217972446],[-86.69074580855,36.0229563798556],[-86.6907552731943,36.0230150674627],[-86.6907557874615,36.0230742561333],[-86.6907524912492,36.0231050425248],[-86.6907416469832,36.0231788468184],[-86.6902980434681,36.023135820871],[-86.6903108387815,36.0230157780428]]]},"properties":{"id":"36837","parcel":"173100C03100CO","address":"149 BLACKPOOL DR","owner":"DURUNNA, AUGUSTINA","point":[-86.69053166131548,36.02304501303187]}},{"type":"Feature","id":"36839","geometry":{"type":"Polygon","coordinates":[[[-86.690279069841,36.0233138099688],[-86.6902980434681,36.023135820871],[-86.6907416469832,36.0231788468184],[-86.6907155897374,36.0233561465542],[-86.690279069841,36.0233138099688]]]},"properties":{"id":"36839","parcel":"173100C03200CO","address":"145 BLACKPOOL DR","owner":"SOFI, KALIL & VYAN","point":[-86.6905089852476,36.02324632507381]}},{"type":"Feature","id":"36841","geometry":{"type":"Polygon","coordinates":[[[-86.6901984563529,36.0240746560597],[-86.6902290118974,36.0240500775591],[-86.6906079684124,36.0240884036963],[-86.6905839124354,36.0242520715325],[-86.6901831285258,36.0242115378144],[-86.6901984563529,36.0240746560597]]]},"properties":{"id":"36841","parcel":"173100C03600CO","address":"125 BLACKPOOL DR","owner":"MASTRUZZO, ROSARIO & KELLY","point":[-86.69039446212166,36.024149968139625]}},{"type":"Feature","id":"36845","geometry":{"type":"Polygon","coordinates":[[[-86.6899225597833,36.0252360171942],[-86.6899738185023,36.0251023907055],[-86.6904061127738,36.0251443191283],[-86.6903931481676,36.0252226600003],[-86.6903768591447,36.025300589101],[-86.6903740953373,36.0253136241316],[-86.6901684320561,36.0252785884793],[-86.6899225597833,36.0252360171942]]]},"properties":{"id":"36845","parcel":"173100C04400CO","address":"105 BLACKPOOL DR","owner":"DO, VINH & NGUYEN, HA","point":[-86.69017139604493,36.025182900131185]}},{"type":"Feature","id":"36931","geometry":{"type":"Polygon","coordinates":[[[-86.6906712428167,36.024816499446],[-86.6906973006244,36.0246391979754],[-86.6911002489884,36.02467827821],[-86.6910741909571,36.0248555797725],[-86.6906712428167,36.024816499446]]]},"properties":{"id":"36931","parcel":"173100C00400CO","address":"116 BLACKPOOL DR","owner":"ALABDI, NADIL","point":[-86.69088574587037,36.02474738902059]}},{"type":"Feature","id":"36932","geometry":{"type":"Polygon","coordinates":[[[-86.6906973006244,36.0246391979754],[-86.6907233616677,36.0244618991768],[-86.6911263057861,36.0245009757398],[-86.6911002489884,36.02467827821],[-86.6906973006244,36.0246391979754]]]},"properties":{"id":"36932","parcel":"173100C00500CO","address":"120 BLACKPOOL DR","owner":"SIERRA, LUDY ESPERANZA LIZARAZO  & QUIROGA, LUIS V P","point":[-86.6909118041537,36.02457008705272]}},{"type":"Feature","id":"36933","geometry":{"type":"Polygon","coordinates":[[[-86.6907233616677,36.0244618991768],[-86.6907494192429,36.0242845976808],[-86.6911523635928,36.0243236750531],[-86.6911263057861,36.0245009757398],[-86.6907233616677,36.0244618991768]]]},"properties":{"id":"36933","parcel":"173100C00600CO","address":"124 BLACKPOOL DR","owner":"ALDER, BRYAN & CHELSIE SATTERFIELD","point":[-86.69093786257052,36.02439278730747]}},{"type":"Feature","id":"36934","geometry":{"type":"Polygon","coordinates":[[[-86.6908015340368,36.0239299937494],[-86.6908275923728,36.023752692209],[-86.6912305329714,36.0237917711334],[-86.6912044766386,36.0239690736543],[-86.6908015340368,36.0239299937494]]]},"properties":{"id":"36934","parcel":"173100C00900CO","address":"136 BLACKPOOL DR","owner":"FERRER, CARMEN LUIS","point":[-86.6910160339347,36.02386088263516]}},{"type":"Feature","id":"36935","geometry":{"type":"Polygon","coordinates":[[[-86.6908275923728,36.023752692209],[-86.6908536506082,36.0235753924583],[-86.6912565903054,36.0236144694947],[-86.6912305329714,36.0237917711334],[-86.6908275923728,36.023752692209]]]},"properties":{"id":"36935","parcel":"173100C01000CO","address":"140 BLACKPOOL DR","owner":"HANA, MORAD & VIOLA REZKALLAH","point":[-86.69104209157959,36.02368358104513]}},{"type":"Feature","id":"36936","geometry":{"type":"Polygon","coordinates":[[[-86.6908536506082,36.0235753924583],[-86.6908797076023,36.0233980908988],[-86.6912846585402,36.023437364503],[-86.6912565903054,36.0236144694947],[-86.6908536506082,36.0235753924583]]]},"properties":{"id":"36936","parcel":"173100C01100CO","address":"144 BLACKPOOL DR","owner":"VU, NHI THUY & TUONG LAM","point":[-86.6910687542042,36.02350637764377]}},{"type":"Feature","id":"36937","geometry":{"type":"Polygon","coordinates":[[[-86.6909218536428,36.0231105246126],[-86.6909256415051,36.0230584423122],[-86.6913369497461,36.0230676607563],[-86.6913370178158,36.0230671952977],[-86.6913432284989,36.0230678013793],[-86.6913127277437,36.0232602576888],[-86.6909057678085,36.0232207893075],[-86.6909218536428,36.0231105246126]]]},"properties":{"id":"36937","parcel":"173100C01300CO","address":"152 BLACKPOOL DR","owner":"HLAH, KEE CHOI KAN & THEE, HA & MOE, JAMES CHOI ETAL","point":[-86.6911206810349,36.023166189945194]}},{"type":"Feature","id":"36938","geometry":{"type":"Polygon","coordinates":[[[-86.69048927676,36.0216430381217],[-86.690512494739,36.0214654752389],[-86.6909382384184,36.0215022108095],[-86.6909153011809,36.0216797983057],[-86.69048927676,36.0216430381217]]]},"properties":{"id":"36938","parcel":"173100C02100CO","address":"184 BLACKPOOL DR","owner":"JOHNSON, JERRY DON & JENNIFER","point":[-86.69071381431691,36.02157262482286]}},{"type":"Feature","id":"36939","geometry":{"type":"Polygon","coordinates":[[[-86.690512494739,36.0214654752389],[-86.690539369482,36.021259944031],[-86.6906720951351,36.0212713966217],[-86.6909552486014,36.0213712010667],[-86.6909382384184,36.0215022108095],[-86.690512494739,36.0214654752389]]]},"properties":{"id":"36939","parcel":"173100C02200CO","address":"188 BLACKPOOL DR","owner":"MAMMA, JEMAL & BURKA, MARIYA M.","point":[-86.69073389356866,36.02141833841408]}},{"type":"Feature","id":"36940","geometry":{"type":"Polygon","coordinates":[[[-86.6899290476131,36.0218964102792],[-86.6899547305698,36.0216999972452],[-86.6903078143929,36.0217304671545],[-86.6902955179531,36.0218245021014],[-86.6902912514077,36.0218632786185],[-86.690288368773,36.0219067005904],[-86.6899290476131,36.0218964102792]]]},"properties":{"id":"36940","parcel":"173100C02400CO","address":"177 BLACKPOOL DR","owner":"WALTER, TIMOTHY H.","point":[-86.69012319255577,36.02177702361492]}},{"type":"Feature","id":"36941","geometry":{"type":"Polygon","coordinates":[[[-86.6899249925459,36.0223231803186],[-86.6903326282844,36.0222381612971],[-86.69036280525,36.022320838085],[-86.690397010081,36.0223948690954],[-86.689990898718,36.0225316121056],[-86.6899249925459,36.0223231803186]]]},"properties":{"id":"36941","parcel":"173100C02700CO","address":"165 BLACKPOOL DR","owner":"MARTINEZ, HEBLIN & HERNANDEZ, ALFREDO","point":[-86.69015842693194,36.02235901828805]}},{"type":"Feature","id":"36942","geometry":{"type":"Polygon","coordinates":[[[-86.6903225393724,36.0239748442109],[-86.6903648097998,36.0238665386025],[-86.6906367581498,36.0238925036612],[-86.6906079684124,36.0240884036963],[-86.6902290118974,36.0240500775591],[-86.6903225393724,36.0239748442109]]]},"properties":{"id":"36942","parcel":"173100C03500CO","address":"129 BLACKPOOL DR","owner":"KUNKEL, JESSICA & MIKE","point":[-86.69044738727227,36.024012903980235]}},{"type":"Feature","id":"36943","geometry":{"type":"Polygon","coordinates":[[[-86.6901384648103,36.0246103964653],[-86.6901632040771,36.0243894619941],[-86.6905578523063,36.0244293757105],[-86.6905337554374,36.0245933411844],[-86.6905311959983,36.0246029465263],[-86.6905266361735,36.0246120495959],[-86.6905202100465,36.024620375631],[-86.6905121118548,36.0246276774649],[-86.6905025848795,36.0246337337869],[-86.6904919138201,36.02463836541],[-86.6904804203173,36.0246414307901],[-86.6904684464288,36.0246428396395],[-86.6904563534801,36.0246425484279],[-86.6901384648103,36.0246103964653]]]},"properties":{"id":"36943","parcel":"173100C03800CO","address":"117 BLACKPOOL DR","owner":"WHALEY, LARRY T. & MARESA L.","point":[-86.69034773654019,36.02451084719429]}},{"type":"Feature","id":"36944","geometry":{"type":"Polygon","coordinates":[[[-86.6899738185023,36.0251023907055],[-86.6900372580825,36.0249370148366],[-86.6904527502534,36.0249773133442],[-86.6904116308072,36.0251067999801],[-86.6904061127738,36.0251443191283],[-86.6899738185023,36.0251023907055]]]},"properties":{"id":"36944","parcel":"173100C04500CO","address":"109 BLACKPOOL DR","owner":"COULTER, JOHN & ANGELA","point":[-86.69021536641249,36.025039857642966]}},{"type":"Feature","id":"37169","geometry":{"type":"Polygon","coordinates":[[[-86.6913432284989,36.0230678013793],[-86.6913370178158,36.0230671952977],[-86.6913369497461,36.0230676607563],[-86.6909256415051,36.0230584423122],[-86.6909257296431,36.0230436894172],[-86.6909206922577,36.0229768891162],[-86.6909067872865,36.0229109228945],[-86.6909039394984,36.0229011250294],[-86.6913815895862,36.0228061643354],[-86.6913780599771,36.0228302410468],[-86.6913432284989,36.0230678013793]]]},"properties":{"id":"37169","parcel":"173100C01400CO","address":"156 BLACKPOOL DR","owner":"CHHETRI, DEODAS & CHETTRI, PUJA","point":[-86.69113748252632,36.0229444824437]}},{"type":"Feature","id":"37170","geometry":{"type":"Polygon","coordinates":[[[-86.6906285013386,36.0224657720131],[-86.6909332597871,36.0223220120526],[-86.6909883653781,36.0225097484352],[-86.6907388789648,36.0226201862231],[-86.6906285013386,36.0224657720131]]]},"properties":{"id":"37170","parcel":"173100C01700CO","address":"168 BLACKPOOL DR","owner":"GLASS, STEVEN SCOTT","point":[-86.6908129791324,36.02248777207861]}},{"type":"Feature","id":"37171","geometry":{"type":"Polygon","coordinates":[[[-86.6901384648103,36.0246103964653],[-86.6899960688452,36.024596025279],[-86.6899525890162,36.0245962742908],[-86.6899084589631,36.0246043168963],[-86.6898369971469,36.0243813187014],[-86.690169925864,36.0243294342426],[-86.6901632040771,36.0243894619941],[-86.6901384648103,36.0246103964653]]]},"properties":{"id":"37171","parcel":"173100C03900CO","address":"204 SUGAR MAGNOLIA LN","owner":"WHALEY, JEREMY & TIFFANY","point":[-86.69001207545755,36.02449256905151]}},{"type":"Feature","id":"37175","geometry":{"type":"Polygon","coordinates":[[[-86.6900372580825,36.0249370148366],[-86.6900421448221,36.0249242786001],[-86.6900810394806,36.0249098766611],[-86.6901160337977,36.0248889149004],[-86.6901448994888,36.0248625020595],[-86.690166372824,36.0248317900259],[-86.6901795179522,36.0247981234878],[-86.6901822493461,36.0247886379424],[-86.6901869302163,36.0247796693872],[-86.6901934252577,36.0247714799722],[-86.6902015412699,36.0247643087459],[-86.690211043752,36.0247583661515],[-86.6902216546136,36.0247538259291],[-86.6902330621208,36.0247508205521],[-86.690244931967,36.0247494384598],[-86.6902569194382,36.0247497194815],[-86.6904386042005,36.0247680940792],[-86.690449502925,36.0247700000456],[-86.6904598910682,36.0247732879173],[-86.6904695049515,36.0247778744841],[-86.6904780994675,36.0247836430813],[-86.6904854569871,36.0247904471441],[-86.690491389617,36.0247981147011],[-86.6904957480995,36.0248064510273],[-86.6904984218515,36.0248152431498],[-86.6904993412615,36.024824268848],[-86.690498485472,36.0248332984116],[-86.6904527502534,36.0249773133442],[-86.6900372580825,36.0249370148366]]]},"properties":{"id":"37175","parcel":"173100C04600CO","address":"113 BLACKPOOL DR","owner":"RAI, BARSAN & BEDLKA & RUPESH","point":[-86.69030759666131,36.02487616602971]}},{"type":"Feature","id":"37681","geometry":{"type":"Polygon","coordinates":[[[-86.6976637792352,36.0202280128678],[-86.6976797695522,36.0201937178984],[-86.6979963829245,36.0202790130096],[-86.6977576347284,36.0206397272853],[-86.6975471473064,36.02055094377],[-86.6975356233693,36.0205446257183],[-86.6975255565704,36.0205368373272],[-86.6975172261748,36.0205277950938],[-86.6975108662853,36.0205177527295],[-86.6975066546465,36.0205069895085],[-86.6975066432046,36.0205069499177],[-86.6975066385139,36.0205069211034],[-86.6975066303923,36.0205068805922],[-86.6975049433073,36.0204969364525],[-86.6975049385851,36.0204969040332],[-86.6975049381146,36.0204968504088],[-86.6975051438622,36.0204867903089],[-86.6975051457331,36.0204867506411],[-86.6975051521128,36.0204867190588],[-86.6975051584213,36.0204866793653],[-86.6975074499294,36.020476742834],[-86.6975114153861,36.0204671598327],[-86.6975169776439,36.0204581155735],[-86.6976408881034,36.0202668623874],[-86.6976444917501,36.0202613138727],[-86.6976637509286,36.0202280743199],[-86.6976637792352,36.0202280128678]]]},"properties":{"id":"37681","parcel":"181010B19900CO","address":"6464 SUNNYWOOD DR","owner":"PENG, TIMOTHY & SHWE DI","point":[-86.69775605185137,36.020368562948626]}},{"type":"Feature","id":"37688","geometry":{"type":"Polygon","coordinates":[[[-86.6960993985179,36.0201625423678],[-86.6961143280981,36.0200501060101],[-86.6961833411992,36.0200974326074],[-86.6962542472585,36.0201428753327],[-86.6963269670805,36.0201863859705],[-86.6964014214532,36.0202279145029],[-86.6961662840533,36.0205219710434],[-86.6960579579248,36.0204746390565],[-86.6960993985179,36.0201625423678]]]},"properties":{"id":"37688","parcel":"181010B23200CO","address":"6517 SUNNYWOOD DR","owner":"ALBARATI, JAMAL S TRUST","point":[-86.69618850985397,36.0203511725941]}},{"type":"Feature","id":"37689","geometry":{"type":"Polygon","coordinates":[[[-86.6975832448001,36.0211410715575],[-86.697563232025,36.021132328607],[-86.6977310560513,36.0208897401607],[-86.6977702258635,36.0208331192364],[-86.6978711020838,36.0208821917872],[-86.6979701543986,36.0209336578462],[-86.6979319032399,36.020980664802],[-86.6977441602591,36.0212113780602],[-86.6975832448001,36.0211410715575]]]},"properties":{"id":"37689","parcel":"181010B24000CO","address":"6465 SUNNYWOOD DR","owner":"HINDIYEH, WAFA","point":[-86.69774293333698,36.02105648516743]}},{"type":"Feature","id":"45183","geometry":{"type":"Polygon","coordinates":[[[-86.6980545187341,36.0214218405944],[-86.6983383659057,36.0211663736305],[-86.6983482003516,36.0211735846686],[-86.6983979356963,36.0212109695991],[-86.6984793119771,36.0212756173101],[-86.6984635905505,36.0212883482275],[-86.6981573769796,36.0215363102266],[-86.6980545187341,36.0214218405944]]]},"properties":{"id":"45183","parcel":"173090B18200CO","address":"6457 SUNNYWOOD DR","owner":"AH4R-TN3, LLC","point":[-86.69825491480681,36.02135508417031]}},{"type":"Feature","id":"56901","geometry":{"type":"Polygon","coordinates":[[[-86.6972869601342,36.0233395468479],[-86.6974941565139,36.0230540510714],[-86.6976399608501,36.0231244578095],[-86.6974412716949,36.0234118892365],[-86.6972869601342,36.0233395468479]]]},"properties":{"id":"56901","parcel":"173100A12100CO","address":"3408 TURFWAY LN","owner":"GRAY, CASSANDRA A.","point":[-86.69746531599444,36.02323200714089]}},{"type":"Feature","id":"56905","geometry":{"type":"Polygon","coordinates":[[[-86.697044142445,36.0232188049042],[-86.697043812525,36.0232186328632],[-86.6969545085756,36.023172014508],[-86.6971790237894,36.0228929696863],[-86.6972983264396,36.0229594887924],[-86.6973483725008,36.0229836548551],[-86.6971344544532,36.023264724264],[-86.697044142445,36.0232188049042]]]},"properties":{"id":"56905","parcel":"173100A12300CO","address":"3416 TURFWAY LN","owner":"IDRIS, ABDULKERIM & NURU, HAYAT","point":[-86.69715349171236,36.02307784002425]}},{"type":"Feature","id":"56907","geometry":{"type":"Polygon","coordinates":[[[-86.6970022627884,36.0237363399974],[-86.6972102234667,36.0234495812158],[-86.6973651056455,36.0235220718162],[-86.6971563167635,36.0238263171697],[-86.6970891641762,36.0237889018355],[-86.6970022627884,36.0237363399974]]]},"properties":{"id":"56907","parcel":"173100A13200CO","address":"3409 TURFWAY LN","owner":"STEWART, MCKADE LEWIS & KATELYN SPINKS","point":[-86.69718577278319,36.02362921131918]}},{"type":"Feature","id":"57381","geometry":{"type":"Polygon","coordinates":[[[-86.6968064143955,36.0230915653418],[-86.697039264339,36.022815043063],[-86.6971790237894,36.0228929696863],[-86.6969545085756,36.023172014508],[-86.6968061738609,36.0230918443319],[-86.6968064143955,36.0230915653418]]]},"properties":{"id":"57381","parcel":"173100A12400CO","address":"3420 TURFWAY LN","owner":"IDRIS, ABDULSELAM & NURU, INTESAR ABDURHAMAN","point":[-86.69699458119428,36.02299227236487]}},{"type":"Feature","id":"57384","geometry":{"type":"Polygon","coordinates":[[[-86.6967185757416,36.0230428491352],[-86.6967182267097,36.0230426483624],[-86.6966316992796,36.0229930105964],[-86.6966323770358,36.0229922342676],[-86.6968627251848,36.022732143881],[-86.6969077557454,36.0227417183299],[-86.697039264339,36.022815043063],[-86.6968064143955,36.0230915653418],[-86.6968061738609,36.0230918443319],[-86.6967185757416,36.0230428491352]]]},"properties":{"id":"57384","parcel":"173100A12500CO","address":"3424 TURFWAY LN","owner":"RAI, PADMA","point":[-86.69683775409867,36.02290364372647]}},{"type":"Feature","id":"57387","geometry":{"type":"Polygon","coordinates":[[[-86.6966990105304,36.0235591086353],[-86.6969070038161,36.0232976414174],[-86.6970561026777,36.0233740522526],[-86.6968488376479,36.0236466735429],[-86.6966990105304,36.0235591086353]]]},"properties":{"id":"57387","parcel":"173100A13000CO","address":"3417 TURFWAY LN","owner":"BARRETO, CARLOS","point":[-86.69687918758073,36.02346658470044]}},{"type":"Feature","id":"57390","geometry":{"type":"Polygon","coordinates":[[[-86.6968488376479,36.0236466735429],[-86.6970561026777,36.0233740522526],[-86.6972102234667,36.0234495812158],[-86.6970022627884,36.0237363399974],[-86.6968488376479,36.0236466735429]]]},"properties":{"id":"57390","parcel":"173100A13100CO","address":"3413 TURFWAY LN","owner":"LYDIC, KURT & JONES, JAMIE C.","point":[-86.69703125951584,36.02354813188464]}},{"type":"Feature","id":"57713","geometry":{"type":"Polygon","coordinates":[[[-86.6964032047648,36.0233862272789],[-86.6966174711421,36.0231393883602],[-86.6967612866128,36.0232196678234],[-86.6965510182652,36.0234726153882],[-86.6964032047648,36.0233862272789]]]},"properties":{"id":"57713","parcel":"173100A12800CO","address":"3425 TURFWAY LN","owner":"BOGALE, ALEF & YIRDAW, FREY","point":[-86.69658377858137,36.02330295156404]}},{"type":"Feature","id":"57715","geometry":{"type":"Polygon","coordinates":[[[-86.6965510182652,36.0234726153882],[-86.6967612866128,36.0232196678234],[-86.6969070038161,36.0232976414174],[-86.6966990105304,36.0235591086353],[-86.6965510182652,36.0234726153882]]]},"properties":{"id":"57715","parcel":"173100A12900CO","address":"3421 TURFWAY LN","owner":"YOUNG, KRISTIE","point":[-86.696730578222,36.02338513249906]}},{"type":"Feature","id":"58011","geometry":{"type":"Polygon","coordinates":[[[-86.69675534467,36.0223805244353],[-86.6967818488773,36.0223770687997],[-86.6970908211741,36.0225576476353],[-86.6969804160622,36.0226686590134],[-86.6966160003205,36.0224556762833],[-86.6966323840267,36.0224371780017],[-86.6966478211374,36.0224221394051],[-86.6966478679605,36.0224221017305],[-86.6966478911006,36.0224220835708],[-86.6966659904861,36.0224092048524],[-86.6966859824637,36.0223983304823],[-86.6967075335499,36.0223896408445],[-86.6967075789022,36.0223896252603],[-86.6967076176534,36.0223896160232],[-86.6967076597249,36.0223896058656],[-86.6967305527066,36.0223837619636],[-86.6967306003095,36.0223837499715],[-86.6967306379906,36.0223837452471],[-86.6967306878597,36.0223837386496],[-86.69675534467,36.0223805244353]]]},"properties":{"id":"58011","parcel":"173100A13600CO","address":"3608 TURFWAY CT","owner":"MOHAMED, YASIR & FAHAD","point":[-86.6968534106753,36.02250666219398]}},{"type":"Feature","id":"58409","geometry":{"type":"Polygon","coordinates":[[[-86.6960636714433,36.0223078991553],[-86.6961661345848,36.0221922063129],[-86.6964900461684,36.0223815186261],[-86.6963875843558,36.0224972108314],[-86.6962036672918,36.0223897209396],[-86.6960636714433,36.0223078991553]]]},"properties":{"id":"58409","parcel":"173100A14400CO","address":"3605 TURFWAY CT","owner":"WILSON, GALYNN E. & BRENDA T.","point":[-86.69627685871127,36.02234470907983]}},{"type":"Feature","id":"59088","geometry":{"type":"Polygon","coordinates":[[[-86.6971344544532,36.023264724264],[-86.6973483725008,36.0229836548551],[-86.6974941565139,36.0230540510714],[-86.6972869601342,36.0233395468479],[-86.6971344544532,36.023264724264]]]},"properties":{"id":"59088","parcel":"173100A12200CO","address":"3412 TURFWAY LN","owner":"PRADO, EDUARDO E. PEROZO & FLOREZ, JULIANNA M. M.","point":[-86.69731616814924,36.02315939250522]}},{"type":"Feature","id":"59166","geometry":{"type":"Polygon","coordinates":[[[-86.6965370509381,36.0228599751288],[-86.6966974301251,36.0226788870021],[-86.6967461455611,36.0227073592854],[-86.6968627251848,36.022732143881],[-86.6966323770358,36.0229922342676],[-86.6966316992796,36.0229930105964],[-86.6964923796852,36.0229104129925],[-86.6965370509381,36.0228599751288]]]},"properties":{"id":"59166","parcel":"173100A12600CO","address":"3428 TURFWAY LN","owner":"RAI, PURNA & SUK","point":[-86.69669988799004,36.022796059615914]}},{"type":"Feature","id":"59168","geometry":{"type":"Polygon","coordinates":[[[-86.6962581149126,36.023301429355],[-86.6964750432269,36.0230564941588],[-86.6966174711421,36.0231393883602],[-86.6964032047648,36.0233862272789],[-86.6962581149126,36.023301429355]]]},"properties":{"id":"59168","parcel":"173100A12700CO","address":"3429 TURFWAY LN","owner":"PRZYBOROWSKI, GINNY","point":[-86.69643850754277,36.02322041080177]}},{"type":"Feature","id":"59170","geometry":{"type":"Polygon","coordinates":[[[-86.6971563167635,36.0238263171697],[-86.6973651056455,36.0235220718162],[-86.6975240712483,36.0235928107935],[-86.6974081718155,36.0237690477049],[-86.6972678682162,36.0238913940175],[-86.6971563167635,36.0238263171697]]]},"properties":{"id":"59170","parcel":"173100A13300CO","address":"3405 TURFWAY LN","owner":"HARVEY, DARRYL & BRUCE, RANDI MARIE","point":[-86.69736128719303,36.02368066475686]}},{"type":"Feature","id":"59171","geometry":{"type":"Polygon","coordinates":[[[-86.6962169392074,36.0232773638994],[-86.6964341828895,36.0230320727444],[-86.6964750432269,36.0230564941588],[-86.6962581149126,36.023301429355],[-86.6964032047648,36.0233862272789],[-86.6965510182652,36.0234726153882],[-86.6966990105304,36.0235591086353],[-86.6968488376479,36.0236466735429],[-86.6970022627884,36.0237363399974],[-86.6970891641762,36.0237889018355],[-86.696975957281,36.023798073153],[-86.6966906277103,36.0237318686356],[-86.6965930358099,36.0237093571074],[-86.696069403915,36.0235902843406],[-86.6960732203746,36.023548313326],[-86.6959933879754,36.0235297752582],[-86.6962169392074,36.0232773638994]]]},"properties":{"id":"59171","parcel":"173100A90000CO","address":"0 TURFWAY LN","owner":"BARNES BEND ESTATES HOMEOWNERS' ASSOCIATION, INC.","point":[-86.69628013148831,36.023428922658034]}},{"type":"Feature","id":"59630","geometry":{"type":"Polygon","coordinates":[[[-86.6981421154004,36.0210923772955],[-86.6981770657293,36.0210559724147],[-86.6982285938081,36.0210896922724],[-86.6982286741608,36.0210897458844],[-86.698283867469,36.0211274507336],[-86.6982840382699,36.0211275705172],[-86.6983383659057,36.0211663736305],[-86.6980545187341,36.0214218405944],[-86.697943773024,36.0212985910847],[-86.6981421154004,36.0210923772955]]]},"properties":{"id":"59630","parcel":"173090B18500CO","address":"6459 SUNNYWOOD DR","owner":"LUDWIG, JUSTIN & GENTRY, MOLLY","point":[-86.6981361245569,36.021232470074374]}},{"type":"Feature","id":"60349","geometry":{"type":"Polygon","coordinates":[[[-86.6969038204417,36.0223117710712],[-86.6969195586857,36.0222912882263],[-86.6972252003004,36.0224225301669],[-86.6970908211741,36.0225576476353],[-86.6967818488773,36.0223770687997],[-86.6968103187453,36.0223700290551],[-86.6968103663482,36.0223700170629],[-86.6968103995205,36.0223700042529],[-86.696810444865,36.0223699877673],[-86.6968373056119,36.0223597424037],[-86.6968373498312,36.0223597241221],[-86.696837380753,36.0223597077199],[-86.6968374238391,36.0223596867409],[-86.6968620456331,36.0223461501745],[-86.6968842801121,36.0223301173057],[-86.6969037457984,36.0223118625338],[-86.6969037754765,36.0223118308168],[-86.6969037941156,36.0223118054727],[-86.6969038204417,36.0223117710712]]]},"properties":{"id":"60349","parcel":"173100A13700CO","address":"3612 TURFWAY CT","owner":"MUHAMMET, ALAN & KOCHANY, BAYAN","point":[-86.69706622227868,36.022489857101554]}},{"type":"Feature","id":"60350","geometry":{"type":"Polygon","coordinates":[[[-86.6961661345848,36.0221922063129],[-86.6962223341071,36.0220495156717],[-86.6965286864812,36.022228564466],[-86.696533227173,36.0222509299887],[-86.6965372368027,36.0222706794182],[-86.6965372449161,36.0222707190282],[-86.696537250716,36.0222707478362],[-86.6965372521728,36.0222707874847],[-86.6965377102677,36.0222902753426],[-86.696537710623,36.0222903158988],[-86.6965377120009,36.0222903465349],[-86.6965377068012,36.0222903862219],[-86.6965377016094,36.0222904268103],[-86.696534733702,36.0223097983805],[-86.696528400489,36.022328636914],[-86.6965283875153,36.0223286757446],[-86.6965283767053,36.0223287082537],[-86.6965283570593,36.0223287453204],[-86.6965188035067,36.0223466281719],[-86.6965187871416,36.0223466598119],[-86.6965187663782,36.0223466959838],[-86.6965187444423,36.022346724952],[-86.6965061123819,36.0223633782086],[-86.6964900461684,36.0223815186261],[-86.6961661345848,36.0221922063129]]]},"properties":{"id":"60350","parcel":"173100A14300CO","address":"3609 TURFWAY CT","owner":"BAKER, DALE S.","point":[-86.6963474103989,36.02221038552606]}},{"type":"Feature","id":"60351","geometry":{"type":"Polygon","coordinates":[[[-86.6956765798651,36.0229615505083],[-86.6957241138856,36.022617070574],[-86.6960101439397,36.0227842426938],[-86.6957928985171,36.0230295331043],[-86.6956765798651,36.0229615505083]]]},"properties":{"id":"60351","parcel":"173100A14800CO","address":"3445 TURFWAY LN","owner":"SOKOLOWSKI, MARY BETH & JOSEPH THOMAS JR.","point":[-86.69581014780212,36.02287281247697]}},{"type":"Feature","id":"60352","geometry":{"type":"Polygon","coordinates":[[[-86.6957928985171,36.0230295331043],[-86.6960101439397,36.0227842426938],[-86.6961501394546,36.0228660636368],[-86.6959328953577,36.02311135519],[-86.6957928985171,36.0230295331043]]]},"properties":{"id":"60352","parcel":"173100A14900CO","address":"3441 TURFWAY LN","owner":"LI, LIULIU","point":[-86.69597151948815,36.022947798505825]}},{"type":"Feature","id":"60353","geometry":{"type":"Polygon","coordinates":[[[-86.6960728924785,36.0231931762103],[-86.6962901374844,36.022947885304],[-86.6964015319028,36.0230129900006],[-86.6964341828895,36.0230320727444],[-86.6962169392074,36.0232773638994],[-86.6960728924785,36.0231931762103]]]},"properties":{"id":"60353","parcel":"173100A15100CO","address":"3433 TURFWAY LN","owner":"MCGUIRE, MORGAN & MICHELLE","point":[-86.6962535380486,36.02311262461528]}},{"type":"Feature","id":"61659","geometry":{"type":"Polygon","coordinates":[[[-86.6963770877139,36.0228430317045],[-86.696366997157,36.0228360977846],[-86.6963669603088,36.0228360709587],[-86.6963669345864,36.0228360476737],[-86.6963669010349,36.0228360172236],[-86.6963582969034,36.0228279093366],[-86.6963513380952,36.0228187815872],[-86.6963513133797,36.0228187465795],[-86.6963512975792,36.0228187160269],[-86.6963512772777,36.0228186782898],[-86.6963461803687,36.0228088097291],[-86.6963430334811,36.0227983810083],[-86.6963430231567,36.0227983423122],[-86.6963430195363,36.0227983089853],[-86.6963430147433,36.0227982684547],[-86.6963419205597,36.0227876025453],[-86.6963428952226,36.0227768958364],[-86.6963429004145,36.0227768552481],[-86.6963429090295,36.0227768254556],[-86.6963429197766,36.0227767857364],[-86.6963459372976,36.0227663646469],[-86.6963509372683,36.0227564260082],[-86.6963509569145,36.0227563889415],[-86.6963509755539,36.0227563635976],[-86.6963509996694,36.0227563301102],[-86.6963578349442,36.0227471749037],[-86.6965135122219,36.0225713975877],[-86.6966974301251,36.0226788870021],[-86.6965370509381,36.0228599751288],[-86.6964923796852,36.0229104129925],[-86.6963770877139,36.0228430317045]]]},"properties":{"id":"61659","parcel":"173100A13400CO","address":"3600 TURFWAY CT","owner":"LEE, TEO & ELISE","point":[-86.69652763272222,36.02271303107385]}},{"type":"Feature","id":"61663","geometry":{"type":"Polygon","coordinates":[[[-86.6968573194076,36.0220752959651],[-86.6970929368125,36.0218098100765],[-86.697202995617,36.0220104143815],[-86.6972863481965,36.022107626059],[-86.696938191329,36.0221738309096],[-86.6969293641538,36.0221507826817],[-86.6969293482821,36.0221507440178],[-86.6969293347241,36.0221507161561],[-86.696929315532,36.0221506784127],[-86.6969162081463,36.0221290420378],[-86.6968997395105,36.0221089789382],[-86.6968801900007,36.0220908317856],[-86.6968801553557,36.0220908031446],[-86.6968801285635,36.0220907843724],[-86.6968800895045,36.0220907584608],[-86.6968573194076,36.0220752959651]]]},"properties":{"id":"61663","parcel":"173100A13900CO","address":"3620 TURFWAY CT","owner":"UNITED JIMENEZ PROPERTIES, LLC","point":[-86.6970761038532,36.02190993074945]}},{"type":"Feature","id":"61667","geometry":{"type":"Polygon","coordinates":[[[-86.6967166842443,36.0220441007752],[-86.6966734090104,36.0216611176186],[-86.6970740095054,36.0217753116611],[-86.6970929368125,36.0218098100765],[-86.6968573194076,36.0220752959651],[-86.6968318132556,36.0220628623208],[-86.6968046794883,36.0220529590076],[-86.6967759084465,36.0220468893533],[-86.6967464079114,36.0220439198601],[-86.6967166842443,36.0220441007752]]]},"properties":{"id":"61667","parcel":"173100A14000CO","address":"3621 TURFWAY CT","owner":"MADISON, MARCUS KEON & JESSICA LAUREN","point":[-86.69684613571138,36.02192667923328]}},{"type":"Feature","id":"61671","geometry":{"type":"Polygon","coordinates":[[[-86.6963600280241,36.0218318294742],[-86.6966734090104,36.0216611176186],[-86.6967166842443,36.0220441007752],[-86.6966873993788,36.0220480168165],[-86.6966873561586,36.0220480224742],[-86.6966873162666,36.0220480281127],[-86.6966872686482,36.0220480383023],[-86.6966590796964,36.0220555973431],[-86.6966323442447,36.0220660780828],[-86.6966075178187,36.0220793003334],[-86.6966074791941,36.0220793239904],[-86.6966074493817,36.0220793403861],[-86.6966074129997,36.022079366734],[-86.6965853919754,36.022095574071],[-86.6963224214925,36.021891283568],[-86.6963600280241,36.0218318294742]]]},"properties":{"id":"61671","parcel":"173100A14100CO","address":"3617 TURFWAY CT","owner":"YOSUF, AEMRON & HASHIMI, ZAQEIA YOSUF","point":[-86.6965186919151,36.021862005736025]}},{"type":"Feature","id":"61675","geometry":{"type":"Polygon","coordinates":[[[-86.6962223341071,36.0220495156717],[-86.6963224214925,36.021891283568],[-86.6965853919754,36.022095574071],[-86.6965664737614,36.0221141410801],[-86.6965664418565,36.0221141719086],[-86.696566416545,36.0221141954886],[-86.6965663891094,36.0221142298965],[-86.6965509486413,36.022134768657],[-86.6965509152026,36.0221348143657],[-86.6965508894982,36.0221348564246],[-86.6965391802365,36.0221570437099],[-86.6965314990921,36.0221803235082],[-86.6965314872278,36.0221803623325],[-86.6965314764099,36.0221803939403],[-86.6965314689914,36.0221804336403],[-86.6965279565214,36.0222043860373],[-86.6965286864812,36.022228564466],[-86.6962223341071,36.0220495156717]]]},"properties":{"id":"61675","parcel":"173100A14200CO","address":"3613 TURFWAY CT","owner":"SMITH, TATANISHA P.","point":[-86.69640868156503,36.02207255720653]}},{"type":"Feature","id":"61678","geometry":{"type":"Polygon","coordinates":[[[-86.6957220799225,36.0224602083218],[-86.6958662003624,36.0213388002223],[-86.695920740601,36.0210092194761],[-86.6975832448001,36.0211410715575],[-86.6977441602591,36.0212113780602],[-86.697943773024,36.0212985910847],[-86.6980545187341,36.0214218405944],[-86.6981573769796,36.0215363102266],[-86.6982932582922,36.0216451292156],[-86.6983280352179,36.0216729597193],[-86.6981690851627,36.0218405232806],[-86.6980076489019,36.0220107066714],[-86.69795935361,36.0221745445266],[-86.6978259221975,36.0221485877794],[-86.6975731806199,36.0220026644978],[-86.6973188277322,36.0221455069706],[-86.6972863481965,36.022107626059],[-86.697202995617,36.0220104143815],[-86.6970929368125,36.0218098100765],[-86.6970740095054,36.0217753116611],[-86.6966734090104,36.0216611176186],[-86.6963600280241,36.0218318294742],[-86.6963224214925,36.021891283568],[-86.6962223341071,36.0220495156717],[-86.6961661345848,36.0221922063129],[-86.6960636714433,36.0223078991553],[-86.695788932031,36.0221473243184],[-86.6957439912157,36.0224730144655],[-86.6957220799225,36.0224602083218]]]},"properties":{"id":"61678","parcel":"173100A90200CO","address":"0 TURFWAY LN","owner":"BARNES BEND ESTATES HOMEOWNERS ASSOCIATION, INC.","point":[-86.69758269515637,36.02172383901116]}},{"type":"Feature","id":"61841","geometry":{"type":"Polygon","coordinates":[[[-86.6965135122219,36.0225713975877],[-86.6966160003205,36.0224556762833],[-86.6969804160622,36.0226686590134],[-86.6969077557454,36.0227417183299],[-86.6968627251848,36.022732143881],[-86.6967461455611,36.0227073592854],[-86.6966974301251,36.0226788870021],[-86.6965135122219,36.0225713975877]]]},"properties":{"id":"61841","parcel":"173100A13500CO","address":"3604 TURFWAY CT","owner":"NELSON, DAVID Z. & PATRICE M.","point":[-86.69674696466883,36.022620028528976]}},{"type":"Feature","id":"61843","geometry":{"type":"Polygon","coordinates":[[[-86.696938191329,36.0221738309096],[-86.6972863481965,36.022107626059],[-86.6973188277322,36.0221455069706],[-86.6972957627362,36.0223515792053],[-86.6972252003004,36.0224225301669],[-86.6969195586857,36.0222912882263],[-86.6969315294144,36.0222691949287],[-86.6969315490602,36.022269157862],[-86.6969315588001,36.0222691298655],[-86.6969315717735,36.0222690910347],[-86.6969395283507,36.0222458555835],[-86.6969433260192,36.0222219240565],[-86.6969433322136,36.0222218712948],[-86.6969433318067,36.0222218248805],[-86.6969428833148,36.0221977484742],[-86.696942880618,36.0221976939614],[-86.6969428701552,36.0221976394936],[-86.696938191329,36.0221738309096]]]},"properties":{"id":"61843","parcel":"173100A13800CO","address":"3616 TURFWAY CT","owner":"BROWN, LANNY J. & TANYA A.","point":[-86.69712087050407,36.022257941478756]}},{"type":"Feature","id":"61845","geometry":{"type":"Polygon","coordinates":[[[-86.696126267718,36.0226951466069],[-86.6961262387701,36.0226951350574],[-86.6961261964379,36.0226951154735],[-86.6961261596845,36.0226950994625],[-86.6961135647143,36.0226890145917],[-86.6959982744867,36.0226216320302],[-86.6962036672918,36.0223897209396],[-86.6963875843558,36.0224972108314],[-86.6962315641714,36.0226733748215],[-86.6962220038913,36.0226823934501],[-86.6962219719781,36.0226824233773],[-86.6962219477758,36.0226824469508],[-86.6962219114012,36.0226824741999],[-86.6962104536756,36.0226899481579],[-86.6961975919869,36.0226957231753],[-86.6961837065055,36.0226996285128],[-86.696169202307,36.0227015500685],[-86.6961545082704,36.0227014312863],[-86.6961400549131,36.0226992759875],[-86.696126267718,36.0226951466069]]]},"properties":{"id":"61845","parcel":"173100A14500CO","address":"3440 TURFWAY LN","owner":"SFR JV-1 2020-1 BORROWER, LLC","point":[-86.69619292948076,36.02255942158961]}},{"type":"Feature","id":"61847","geometry":{"type":"Polygon","coordinates":[[[-86.6958582773397,36.0225398109191],[-86.6960636714433,36.0223078991553],[-86.6962036672918,36.0223897209396],[-86.6959982744867,36.0226216320302],[-86.6958582773397,36.0225398109191]]]},"properties":{"id":"61847","parcel":"173100A14600CO","address":"3444 TURFWAY LN","owner":"NAIL, EADIE G. & COLEMAN, YOUNG S.","point":[-86.69603097252705,36.02246476605507]}},{"type":"Feature","id":"61849","geometry":{"type":"Polygon","coordinates":[[[-86.6957439912157,36.0224730144655],[-86.695788932031,36.0221473243184],[-86.6960636714433,36.0223078991553],[-86.6958582773397,36.0225398109191],[-86.6957439912157,36.0224730144655]]]},"properties":{"id":"61849","parcel":"173100A14700CO","address":"3448 TURFWAY LN","owner":"KENNEDY, RICK & LISA","point":[-86.69587289726756,36.02239037847592]}},{"type":"Feature","id":"61851","geometry":{"type":"Polygon","coordinates":[[[-86.6959328953577,36.02311135519],[-86.6961501394546,36.0228660636368],[-86.6962901374844,36.022947885304],[-86.6960728924785,36.0231931762103],[-86.6959328953577,36.02311135519]]]},"properties":{"id":"61851","parcel":"173100A15000CO","address":"3437 TURFWAY LN","owner":"DUAN, ZHAOXIA J.","point":[-86.69611151628631,36.023029620380655]}},{"type":"Feature","id":"61853","geometry":{"type":"Polygon","coordinates":[[[-86.695596463395,36.0234376029735],[-86.6957034705284,36.0226050051796],[-86.6957241138856,36.022617070574],[-86.6956765798651,36.0229615505083],[-86.6957928985171,36.0230295331043],[-86.6959328953577,36.02311135519],[-86.6960728924785,36.0231931762103],[-86.6962169392074,36.0232773638994],[-86.6959933879754,36.0235297752582],[-86.695596463395,36.0234376029735]]]},"properties":{"id":"61853","parcel":"173100A90100CO","address":"0 TURFWAY LN","owner":"BARNES BEND ESTATES HOMEOWNERS ASSOCIATION, INC.","point":[-86.69575331001464,36.02307016620396]}},{"type":"Feature","id":"105159","geometry":{"type":"Polygon","coordinates":[[[-86.6930547366281,36.0204378779298],[-86.6930973326084,36.020137845839],[-86.6933257630926,36.0201592476362],[-86.6932828607147,36.0204614509922],[-86.6930547366281,36.0204378779298]]]},"properties":{"id":"105159","parcel":"173100C07800CO","address":"8092 BROCKMAN LN","owner":"ZGONCE, NORMAN DAVID & VALDEZ, SYLVIA","point":[-86.69319025032776,36.020298562862926]}},{"type":"Feature","id":"130039","geometry":{"type":"Polygon","coordinates":[[[-86.6925189221316,36.0231824730945],[-86.6913432284989,36.0230678013793],[-86.6913780599771,36.0228302410468],[-86.6918267937645,36.023078405168],[-86.6923409402399,36.022937400251],[-86.6925078154315,36.0226149574121],[-86.6925872051443,36.0226233805907],[-86.6925189221316,36.0231824730945]]]},"properties":{"id":"130039","parcel":"173100D90100CO","address":"0 KNOBCREST CT","owner":"DELVIN DOWNS ESTATES HOMEOWNERS ASSOCIATION, INC.","point":[-86.69246158628359,36.02288536709622]}},{"type":"Feature","id":"131734","geometry":{"type":"Polygon","coordinates":[[[-86.6918721887633,36.0228097794856],[-86.691886583187,36.0227246028824],[-86.6919017575401,36.0227257315805],[-86.6919027064531,36.0227257657876],[-86.69191699432,36.0227257468192],[-86.6919321537371,36.0227246494014],[-86.6919359420401,36.0227241968245],[-86.6919471648103,36.0227224424385],[-86.6919618546631,36.0227191494561],[-86.6919760982034,36.0227148027181],[-86.6919796021103,36.022713543312],[-86.691983054528,36.0227122319264],[-86.6919920228577,36.0227084436452],[-86.6919920659687,36.0227084253717],[-86.6919920990949,36.0227084071555],[-86.6919921421982,36.0227083879807],[-86.6919931754729,36.0227079169776],[-86.691999711533,36.0227047357186],[-86.6920091711736,36.0226995232722],[-86.6920122250259,36.0226976724971],[-86.692029401041,36.0226854342962],[-86.6923409402399,36.022937400251],[-86.6918267937645,36.023078405168],[-86.6918721887633,36.0228097794856]]]},"properties":{"id":"131734","parcel":"173100D15000CO","address":"1109 KNOBCREST CT","owner":"QASIM, FATIMAH & ABDULLAH","point":[-86.69206202486173,36.02287347574113]}},{"type":"Feature","id":"131740","geometry":{"type":"Polygon","coordinates":[[[-86.6929549761877,36.0222173901275],[-86.6929987696615,36.0219449949277],[-86.692797580141,36.0219236494453],[-86.6927537870991,36.022196044567],[-86.6926464862198,36.0221846598907],[-86.692694659951,36.0218850259223],[-86.6925102370763,36.0218654582478],[-86.6923258143002,36.0218458911921],[-86.6921246263127,36.0218245436778],[-86.6919234384411,36.0218031967287],[-86.6917390159539,36.0217836287744],[-86.6915545946589,36.0217640596301],[-86.6913701723533,36.0217444911111],[-86.69118575124,36.021724921402],[-86.6909845627631,36.0217035728909],[-86.6909579029176,36.0218693756782],[-86.6909589470094,36.0220126160777],[-86.690893713982,36.0220147918877],[-86.6908918148755,36.0218616250243],[-86.6908923627236,36.0218573848956],[-86.6909153011809,36.0216797983057],[-86.6909382384184,36.0215022108095],[-86.6909552486014,36.0213712010667],[-86.6909753767123,36.0212452125741],[-86.6910760074362,36.0212752775778],[-86.6919731702838,36.021676683833],[-86.693088868127,36.0218278823959],[-86.6930696462089,36.0219632746481],[-86.6930186862345,36.0222241492888],[-86.6929549761877,36.0222173901275]]]},"properties":{"id":"131740","parcel":"173100D90000CO","address":"341 BODDINGTON LN","owner":"DELVIN DOWNS ESTATES HOMEOWNERS ASSOCIATION, INC.","point":[-86.69185049079952,36.0217361787317]}},{"type":"Feature","id":"132472","geometry":{"type":"Polygon","coordinates":[[[-86.691136475434,36.0225232771929],[-86.6911934408941,36.022169004724],[-86.6914113959599,36.0221921322604],[-86.6913632172063,36.022491765695],[-86.6913549419657,36.0225432320474],[-86.691136475434,36.0225232771929]]]},"properties":{"id":"132472","parcel":"173100D02000CO","address":"308 BODDINGTON LN","owner":"RITCHIE, GRAHAM & CAITLIN","point":[-86.69127651531424,36.02234166383068]}},{"type":"Feature","id":"132475","geometry":{"type":"Polygon","coordinates":[[[-86.6915921396053,36.0224466830741],[-86.6916293500431,36.0222152594087],[-86.6918029360367,36.0222336775213],[-86.6918158242184,36.0222358918987],[-86.6918158731117,36.0222359006309],[-86.6918159153328,36.0222359075988],[-86.6918159620543,36.0222359217513],[-86.6918283040761,36.0222397597917],[-86.6918397261274,36.0222451037699],[-86.6918397684582,36.0222451233554],[-86.6918397996556,36.0222451384982],[-86.6918398375958,36.0222451635166],[-86.6918501180063,36.0222519119582],[-86.6918589476762,36.0222598611434],[-86.6918589812258,36.0222598915947],[-86.691859004712,36.0222599130909],[-86.6918590316364,36.0222599471855],[-86.6918662417084,36.0222689448641],[-86.6918716123575,36.0222787192067],[-86.6918716326488,36.0222787560433],[-86.6918716495491,36.022278785689],[-86.6918716620901,36.0222788243726],[-86.6918750963048,36.0222891920724],[-86.6918764870606,36.0222998391922],[-86.6918764918513,36.022299879723],[-86.6918764954306,36.0222999085438],[-86.6918764924552,36.0222999491192],[-86.6918758157824,36.0223106712029],[-86.6918623887514,36.0223941739609],[-86.6918569789298,36.022414321928],[-86.6918480268709,36.0224336186851],[-86.6918357198499,36.0224516557706],[-86.6918203208036,36.0224680495247],[-86.6918021551351,36.0224824546843],[-86.6917873038049,36.0224939620738],[-86.6917738889254,36.0225065788187],[-86.6917738581357,36.0225066105408],[-86.6917738295336,36.0225066386452],[-86.6917738009706,36.0225066712558],[-86.6917672719229,36.022514355331],[-86.6917672433678,36.0225143888428],[-86.6917672191877,36.0225144151193],[-86.6917671928593,36.0225144495196],[-86.691763421026,36.022519471561],[-86.6917633947055,36.0225195068626],[-86.691763369463,36.0225195385529],[-86.6917633464786,36.0225195747367],[-86.6917547587413,36.0225333120109],[-86.6915811720969,36.0225148929289],[-86.6915921396053,36.0224466830741]]]},"properties":{"id":"132475","parcel":"173100D14700CO","address":"316 BODDINGTON LN","owner":"KHASRAWI, HEWA Z & BAKR, RAAZ M","point":[-86.69173825306612,36.02235208632099]}},{"type":"Feature","id":"132978","geometry":{"type":"Polygon","coordinates":[[[-86.6915064167123,36.0220636940519],[-86.6915545946589,36.0217640596301],[-86.6917390159539,36.0217836287744],[-86.6916908397919,36.0220832623611],[-86.6915064167123,36.0220636940519]]]},"properties":{"id":"132978","parcel":"173100D02700CO","address":"317 BODDINGTON LN","owner":"RAI, ANIL","point":[-86.69162271676231,36.02192366147276]}},{"type":"Feature","id":"133248","geometry":{"type":"Polygon","coordinates":[[[-86.6909883653781,36.0225097484352],[-86.6909332597871,36.0223220120526],[-86.6908837796705,36.0221534418569],[-86.6909267139217,36.0221509541101],[-86.6909697476279,36.0221502079803],[-86.691012773193,36.0221512058871],[-86.6910128231408,36.0221512083045],[-86.6910128564393,36.0221512099161],[-86.6910129064027,36.022151214136],[-86.6910630061748,36.0221551637466],[-86.6911934408941,36.022169004724],[-86.691136475434,36.0225232771929],[-86.6909883653781,36.0225097484352]]]},"properties":{"id":"133248","parcel":"173100D01900CO","address":"304 BODDINGTON LN","owner":"SADUN, HANDARAN J","point":[-86.69105723855692,36.02241612868596]}},{"type":"Feature","id":"133257","geometry":{"type":"Polygon","coordinates":[[[-86.6918752618608,36.0221028312954],[-86.6919234384411,36.0218031967287],[-86.6921246263127,36.0218245436778],[-86.6920764504777,36.0221241783235],[-86.6918752618608,36.0221028312954]]]},"properties":{"id":"133257","parcel":"173100D02500CO","address":"325 BODDINGTON LN","owner":"SALEEM, MOHAMMED AYOOB &  HAVEEN AHMED","point":[-86.6919999443057,36.0219636875541]}},{"type":"Feature","id":"133260","geometry":{"type":"Polygon","coordinates":[[[-86.6913219937156,36.0220441245592],[-86.6913701723533,36.0217444911111],[-86.6915545946589,36.0217640596301],[-86.6915064167123,36.0220636940519],[-86.6913219937156,36.0220441245592]]]},"properties":{"id":"133260","parcel":"173100D02800CO","address":"313 BODDINGTON LN","owner":"AHMED, ZEBIBA & GHIDEY, AHMED","point":[-86.69143829442866,36.02190409215378]}},{"type":"Feature","id":"133263","geometry":{"type":"Polygon","coordinates":[[[-86.6911375708175,36.0220245556853],[-86.69118575124,36.021724921402],[-86.6913701723533,36.0217444911111],[-86.6913219937156,36.0220441245592],[-86.6911375708175,36.0220245556853]]]},"properties":{"id":"133263","parcel":"173100D02900CO","address":"309 BODDINGTON LN","owner":"SALERNO FAMILY TRUST","point":[-86.69125387201466,36.02188452345781]}},{"type":"Feature","id":"133266","geometry":{"type":"Polygon","coordinates":[[[-86.6913632172063,36.022491765695],[-86.6914113959599,36.0221921322604],[-86.6916293500431,36.0222152594087],[-86.6915921396053,36.0224466830741],[-86.6915811720969,36.0225148929289],[-86.6913632172063,36.022491765695]]]},"properties":{"id":"133266","parcel":"173100D14600CO","address":"312 BODDINGTON LN","owner":"SIMMONS, DAVID M & LEGGETT, STEPHANIE","point":[-86.69149995413288,36.02233068630055]}},{"type":"Feature","id":"133269","geometry":{"type":"Polygon","coordinates":[[[-86.6913549419657,36.0225432320474],[-86.6913632172063,36.022491765695],[-86.6915811720969,36.0225148929289],[-86.6917547587413,36.0225333120109],[-86.6917470252506,36.022550740589],[-86.6917470089385,36.0225507785371],[-86.691746995884,36.0225508083548],[-86.6917469829081,36.0225508471849],[-86.6917461900505,36.0225531914986],[-86.6917461770744,36.0225532303288],[-86.691746165106,36.0225532574363],[-86.6917461543488,36.0225532962538],[-86.6917422307421,36.0225689283061],[-86.6917422222116,36.0225689680121],[-86.6917422146966,36.0225689968966],[-86.6917422083928,36.0225690374911],[-86.6917407694741,36.0225847318866],[-86.6917413457032,36.0226004624799],[-86.6917439322787,36.0226160598551],[-86.6917439438436,36.0226161138664],[-86.6917439576195,36.0226161669636],[-86.6917510910351,36.0226363717872],[-86.6917511069044,36.0226364104517],[-86.6917511182653,36.0226364410305],[-86.6917511385567,36.0226364778671],[-86.6917620416466,36.0226556191479],[-86.6913780599771,36.0228302410468],[-86.6913815895862,36.0228061643354],[-86.6914070657727,36.0226324089456],[-86.6914192790915,36.0225491096938],[-86.6913549419657,36.0225432320474]]]},"properties":{"id":"133269","parcel":"173100D14800CO","address":"1104 KNOBCREST CT","owner":"MCGOVERN, HEATHER & JASON","point":[-86.69149453864779,36.02273069312898]}},{"type":"Feature","id":"133272","geometry":{"type":"Polygon","coordinates":[[[-86.6913780599771,36.0228302410468],[-86.6917620416466,36.0226556191479],[-86.6917764516095,36.0226732035832],[-86.6917771513117,36.0226739242063],[-86.6917940139987,36.0226887888688],[-86.6917956377758,36.022690004404],[-86.6917956612308,36.0226900222953],[-86.6917957064727,36.0226900576366],[-86.6918142603773,36.0227019658016],[-86.6918142983177,36.02270199082],[-86.6918143262183,36.022702009587],[-86.6918143674635,36.0227020318825],[-86.6918171442984,36.0227035364207],[-86.6918385554492,36.0227128653428],[-86.6918611490619,36.0227201244067],[-86.6918633359342,36.0227206418091],[-86.691886583187,36.0227246028824],[-86.6918721887633,36.0228097794856],[-86.6918267937645,36.023078405168],[-86.6913780599771,36.0228302410468]]]},"properties":{"id":"133272","parcel":"173100D14900CO","address":"1108 KNOBCREST CT","owner":"HUNG, THANG & YAWNG THEIN","point":[-86.69172504118092,36.02295463856185]}},{"type":"Feature","id":"133721","geometry":{"type":"Polygon","coordinates":[[[-86.6916908397919,36.0220832623611],[-86.6917390159539,36.0217836287744],[-86.6919234384411,36.0218031967287],[-86.6918752618608,36.0221028312954],[-86.6916908397919,36.0220832623611]]]},"properties":{"id":"133721","parcel":"173100D02600CO","address":"321 BODDINGTON LN","owner":"ALMONTE, ENMANUEL A. CARBONELL & GRAVES, AMY","point":[-86.69180713909857,36.02194322960335]}},{"type":"Feature","id":"133724","geometry":{"type":"Polygon","coordinates":[[[-86.6909589470094,36.0220126160777],[-86.6909579029176,36.0218693756782],[-86.6909845627631,36.0217035728909],[-86.69118575124,36.021724921402],[-86.6911375708175,36.0220245556853],[-86.6910849061771,36.0220189669434],[-86.6910265134249,36.0220142870936],[-86.691022015766,36.0220140524178],[-86.6909589470094,36.0220126160777]]]},"properties":{"id":"133724","parcel":"173100D03000CO","address":"305 BODDINGTON LN","owner":"BARWARY, MANAF MUHAMMED & SOFI-ALMAHMADA, AMEERA S","point":[-86.69107182692242,36.02179714859447]}},{"type":"Feature","id":"147479","geometry":{"type":"Polygon","coordinates":[[[-86.6909190762145,36.0202654627498],[-86.6909413524496,36.0200878222038],[-86.6913282280806,36.0201198374831],[-86.6913059527011,36.0202974780994],[-86.6909190762145,36.0202654627498]]]},"properties":{"id":"147479","parcel":"173100C05500CO","address":"260 BLACKPOOL DR","owner":"RAMOS, ISABEL SZENDREY & HERNANDEZ, JUAN MANUEL PEREZ","point":[-86.69112365233403,36.02019265029229]}},{"type":"Feature","id":"147482","geometry":{"type":"Polygon","coordinates":[[[-86.6909413524496,36.0200878222038],[-86.6909636274678,36.0199101807517],[-86.6913505022435,36.0199421959608],[-86.6913282280806,36.0201198374831],[-86.6909413524496,36.0200878222038]]]},"properties":{"id":"147482","parcel":"173100C05600CO","address":"264 BLACKPOOL DR","owner":"ANDERSON, CHRISTOPHER KEVIN & HALEIGH ROSE","point":[-86.69114592753297,36.02001500925814]}},{"type":"Feature","id":"177533","geometry":{"type":"Polygon","coordinates":[[[-86.6907918588915,36.0211135358234],[-86.6909891398222,36.0208574190646],[-86.6911754692101,36.0209521371101],[-86.6909960931809,36.0211850107253],[-86.6907918588915,36.0211135358234]]]},"properties":{"id":"177533","parcel":"173140A03600CO","address":"1104 PARKLAWN DR","owner":"BENTI, SEADA MOHAMMED & SEMANE, MIFTAH","point":[-86.69098366435475,36.02103283662191]}},{"type":"Feature","id":"177535","geometry":{"type":"Polygon","coordinates":[[[-86.6912160369375,36.021261984078],[-86.6913761334886,36.021054140688],[-86.6915487366609,36.0211418806922],[-86.6915693175093,36.0211519787272],[-86.6914172580561,36.0213640060213],[-86.6912825112538,36.0212852481285],[-86.6912160369375,36.021261984078]]]},"properties":{"id":"177535","parcel":"173140A03800CO","address":"1112 PARKLAWN DR","owner":"FATAH, REBWAR IBRAHIM & TAHA, SHAHRAZAD TAHIR","point":[-86.69139414420448,36.02120698530809]}},{"type":"Feature","id":"177544","geometry":{"type":"Polygon","coordinates":[[[-86.6912226238829,36.0208140774771],[-86.6914199366903,36.020557915637],[-86.6916062658895,36.0206526330226],[-86.6914089523379,36.0209087951688],[-86.6912226238829,36.0208140774771]]]},"properties":{"id":"177544","parcel":"173140A05200CO","address":"1109 PARKLAWN DR","owner":"SHEN, YUAN & ZHI, RAN","point":[-86.6914144449065,36.0207333554043]}},{"type":"Feature","id":"178884","geometry":{"type":"Polygon","coordinates":[[[-86.6905777728863,36.0210386110127],[-86.6905888282649,36.021007902709],[-86.6906029352746,36.0209780304369],[-86.6906200013584,36.0209491957145],[-86.6907147240553,36.0208046085955],[-86.6907222149896,36.0207951390015],[-86.6907315085541,36.0207867901967],[-86.690742355956,36.020779786227],[-86.6907544659483,36.0207743171325],[-86.6907675136023,36.0207705271808],[-86.690781148121,36.0207685202292],[-86.6907950016358,36.0207683506623],[-86.6908087047065,36.020770019697],[-86.6908218875251,36.0207734861918],[-86.6908341964545,36.0207786548351],[-86.6909891398222,36.0208574190646],[-86.6907918588915,36.0211135358234],[-86.6905777728863,36.0210386110127]]]},"properties":{"id":"178884","parcel":"173140A03500CO","address":"1100 PARKLAWN DR","owner":"MOHAMED, IBRAHIM","point":[-86.69080191095607,36.020903300675094]}},{"type":"Feature","id":"178888","geometry":{"type":"Polygon","coordinates":[[[-86.6916652820211,36.0214867194427],[-86.6917550973841,36.0212148770101],[-86.6917908481519,36.0212219244412],[-86.6918269771745,36.0212275600643],[-86.6919712833689,36.0212471410971],[-86.6919036417122,36.0215761138097],[-86.6916652820211,36.0214867194427]]]},"properties":{"id":"178888","parcel":"173140A04000CO","address":"1120 PARKLAWN DR","owner":"CAMPBELL FAMILY REVOCABLE LIVING TRUST","point":[-86.69182577062477,36.02136694961064]}},{"type":"Feature","id":"178892","geometry":{"type":"Polygon","coordinates":[[[-86.6915952823464,36.0210035125639],[-86.6918425034411,36.0206825578237],[-86.6919640937341,36.0206979593207],[-86.6918822904375,36.0210958074534],[-86.6918548341715,36.021092082357],[-86.6918140747073,36.0210853476159],[-86.6917739974488,36.0210763034309],[-86.6917348013841,36.0210649946262],[-86.691696680048,36.0210514768731],[-86.6916671017861,36.0210391250049],[-86.6916384250543,36.02102544305],[-86.6915952823464,36.0210035125639]]]},"properties":{"id":"178892","parcel":"173140A05000CO","address":"1117 PARKLAWN DR","owner":"RAINES, JONATHAN & AMBER","point":[-86.69182284662075,36.02085084699641]}},{"type":"Feature","id":"178896","geometry":{"type":"Polygon","coordinates":[[[-86.6910362936529,36.0207193595079],[-86.691233607935,36.0204631979612],[-86.6914199366903,36.020557915637],[-86.6912226238829,36.0208140774771],[-86.6910362936529,36.0207193595079]]]},"properties":{"id":"178896","parcel":"173140A05300CO","address":"1105 PARKLAWN DR","owner":"PAPPA, EDDY D. TOLEDO & PEREZ, AURA MARINA FRANCO","point":[-86.69122811554072,36.02063863772781]}},{"type":"Feature","id":"178900","geometry":{"type":"Polygon","coordinates":[[[-86.6899016974818,36.0209698159019],[-86.6899061308285,36.0209351582555],[-86.6899247953581,36.0207892795265],[-86.689936733338,36.0206959676861],[-86.6899654270451,36.020471694546],[-86.690227639235,36.02049369917],[-86.6902562227161,36.0202657781344],[-86.6907440223047,36.0203061479167],[-86.6907337348125,36.0203881896067],[-86.6907257053668,36.020434383756],[-86.6907132968281,36.020479934251],[-86.6906965844752,36.0205245675662],[-86.690675666932,36.0205680154498],[-86.6906506717383,36.0206100175954],[-86.6904707435476,36.0208846650248],[-86.6904489595249,36.0209212409498],[-86.6904307000321,36.0209590683982],[-86.6904160707529,36.0209979241461],[-86.6904051606605,36.0210375769533],[-86.6903980320947,36.0210777948308],[-86.6900289022436,36.0209911573765],[-86.6899016974818,36.0209698159019]]]},"properties":{"id":"178900","parcel":"173140A90100CO","address":"251 BLACKPOOL DR","owner":"DELVIN DOWNS ESTATES HOMEOWNERS ASSOCIATION, INC.","point":[-86.69028215506421,36.0206529633521]}},{"type":"Feature","id":"179560","geometry":{"type":"Polygon","coordinates":[[[-86.6914172580561,36.0213640060213],[-86.6915693175093,36.0211519787272],[-86.6916080817235,36.0211691214434],[-86.6916480036341,36.0211844089447],[-86.6916889507717,36.0211977906164],[-86.691721784214,36.0212069467236],[-86.6917550973841,36.0212148770101],[-86.6916652820211,36.0214867194427],[-86.6915590338659,36.0214468711734],[-86.6914172580561,36.0213640060213]]]},"properties":{"id":"179560","parcel":"173140A03900CO","address":"1116 PARKLAWN DR","owner":"HUNG, NAING & LILY","point":[-86.6916006426121,36.02128947883284]}},{"type":"Feature","id":"179572","geometry":{"type":"Polygon","coordinates":[[[-86.6918822904375,36.0210958074534],[-86.6919640937341,36.0206979593207],[-86.6921812843596,36.0207254710365],[-86.6920990904351,36.0211252260007],[-86.6918822904375,36.0210958074534]]]},"properties":{"id":"179572","parcel":"173140A04900CO","address":"1121 PARKLAWN DR","owner":"SANTOS, BROOK V. & KIMBERLY V.","point":[-86.69203178783003,36.0209106393429]}},{"type":"Feature","id":"179575","geometry":{"type":"Polygon","coordinates":[[[-86.6914089523379,36.0209087951688],[-86.6916062658895,36.0206526330226],[-86.6918425034411,36.0206825578237],[-86.6915952823464,36.0210035125639],[-86.6914089523379,36.0209087951688]]]},"properties":{"id":"179575","parcel":"173140A05100CO","address":"1113 PARKLAWN DR","owner":"HATCHER, AUTUMN LEIGH & ETHRIDGE, JEREMY","point":[-86.69162572804647,36.020795676694355]}},{"type":"Feature","id":"179926","geometry":{"type":"Polygon","coordinates":[[[-86.6909960931809,36.0211850107253],[-86.6911754692101,36.0209521371101],[-86.6913761334886,36.021054140688],[-86.6912160369375,36.021261984078],[-86.6909960931809,36.0211850107253]]]},"properties":{"id":"179926","parcel":"173140A03700CO","address":"1108 PARKLAWN DR","owner":"HURORI, KEVI IBRAHIM & MAKSUT, AMED VAHID","point":[-86.69118611330349,36.02111957585783]}},{"type":"Feature","id":"179928","geometry":{"type":"Polygon","coordinates":[[[-86.6919036417122,36.0215761138097],[-86.6919712833689,36.0212471410971],[-86.6921234850823,36.0212677933013],[-86.6921452870811,36.0212719735299],[-86.6921662160343,36.0212784597767],[-86.6921859081288,36.0212871351617],[-86.6921105365244,36.0216537075631],[-86.6919036417122,36.0215761138097]]]},"properties":{"id":"179928","parcel":"173140A04100CO","address":"1124 PARKLAWN DR","owner":"SCHMIDT, GREGORY S. TRUST & ET AL","point":[-86.69204477521009,36.021431624571825]}},{"type":"Feature","id":"179932","geometry":{"type":"Polygon","coordinates":[[[-86.6909019410135,36.0204021099375],[-86.6912076539142,36.0204500050064],[-86.691233607935,36.0204631979612],[-86.6910362936529,36.0207193595079],[-86.6908929646345,36.0206464998101],[-86.6908816392607,36.0206396076639],[-86.6908718868103,36.0206312770422],[-86.6908639822415,36.0206217416066],[-86.6908581464488,36.020611269578],[-86.6908545417312,36.0206001529468],[-86.6908532706443,36.0205887029732],[-86.6908543681634,36.0205772421203],[-86.6908578037777,36.0205660896215],[-86.6908707291672,36.0205327856495],[-86.6908817034595,36.0204990232904],[-86.6908938072233,36.02045084004],[-86.6909019410135,36.0204021099375]]]},"properties":{"id":"179932","parcel":"173140A05400CO","address":"1101 PARKLAWN DR","owner":"GOMES, JACOB & MCMILLAN, MIKENZIE","point":[-86.6910154232795,36.02054982716512]}},{"type":"Feature","id":"179934","geometry":{"type":"Polygon","coordinates":[[[-86.6909753767123,36.0212452125741],[-86.6905623539365,36.0211218141145],[-86.6905661878106,36.0210921287188],[-86.6905708345152,36.0210652065401],[-86.6905777728863,36.0210386110127],[-86.6907918588915,36.0211135358234],[-86.6909960931809,36.0211850107253],[-86.6912160369375,36.021261984078],[-86.6912825112538,36.0212852481285],[-86.6914172580561,36.0213640060213],[-86.6915590338659,36.0214468711734],[-86.6916652820211,36.0214867194427],[-86.6919036417122,36.0215761138097],[-86.6921105365244,36.0216537075631],[-86.6923349517202,36.0216765421459],[-86.6926181049062,36.0217053521988],[-86.6927310303366,36.0216474860037],[-86.6929122053042,36.0215546471858],[-86.6929793616302,36.0213894059337],[-86.693046517677,36.0212241646379],[-86.6929690051197,36.0210619429876],[-86.6928914906599,36.0208997212944],[-86.6927046878822,36.0208145623413],[-86.6926354463333,36.0207829978314],[-86.6923984751275,36.0207529814593],[-86.6921812843596,36.0207254710365],[-86.6919640937341,36.0206979593207],[-86.6918425034411,36.0206825578237],[-86.6916062658895,36.0206526330226],[-86.6914199366903,36.020557915637],[-86.691233607935,36.0204631979612],[-86.6912076539142,36.0204500050064],[-86.6909019410135,36.0204021099375],[-86.6909122294434,36.0203200682271],[-86.6912934982882,36.0203516200661],[-86.6923046531278,36.0203880598936],[-86.6926390677595,36.0204226175663],[-86.6932538024526,36.0206661275091],[-86.693088868127,36.0218278823959],[-86.6919731702838,36.021676683833],[-86.6910760074362,36.0212752775778],[-86.6909753767123,36.0212452125741]]]},"properties":{"id":"179934","parcel":"173140A90000CO","address":"256 BLACKPOOL DR","owner":"DELVIN DOWNS ESTATES HOMEOWNERS ASSOCIATION, INC.","point":[-86.69308711736598,36.02108513944022]}},{"type":"Feature","id":"280280","geometry":{"type":"Polygon","coordinates":[[[-86.6949523543791,36.0260483100353],[-86.6949283647704,36.0260388847786],[-86.6948557757228,36.0260146683812],[-86.6947817521946,36.0259935110937],[-86.6947064899353,36.0259754676648],[-86.6946299338153,36.0259614676445],[-86.6945525958089,36.0259506779868],[-86.6944746769749,36.0259431263725],[-86.6940173171864,36.0259111080137],[-86.6938538134343,36.0258982356349],[-86.6936907515212,36.0258820788784],[-86.693528232532,36.0258626488809],[-86.6933665494756,36.025839063394],[-86.6932056348771,36.0258122340178],[-86.6930455876326,36.0257821755085],[-86.6929047708577,36.0257552887016],[-86.6927633260342,36.0257306766032],[-86.6926213075854,36.0257083470097],[-86.6924787721694,36.0256883095076],[-86.6926941013163,36.024235876967],[-86.6928455295898,36.0232144397326],[-86.6925126193122,36.0232340859108],[-86.6925189221316,36.0231824730945],[-86.6925872051443,36.0226233805907],[-86.692726663451,36.0226325290724],[-86.6929401693672,36.0226465357976],[-86.6929867809456,36.0223874734986],[-86.6929921753095,36.0223598574388],[-86.6930186862345,36.0222241492888],[-86.6930696462089,36.0219632746481],[-86.693088868127,36.0218278823959],[-86.6932538024526,36.0206661275091],[-86.6932828607147,36.0204614509922],[-86.6933257630926,36.0201592476362],[-86.6933451346803,36.020022798104],[-86.693391313433,36.0196975161923],[-86.693419956427,36.0195118358845],[-86.6936585051392,36.0177563636758],[-86.6936666879614,36.0177577306907],[-86.6941436779896,36.0177988365835],[-86.6944005774002,36.017820975369],[-86.6949296192987,36.0178750559905],[-86.6949518342883,36.0178773270866],[-86.6964158305094,36.0180174187646],[-86.6963777914151,36.0182472924694],[-86.6963149646106,36.0186269614897],[-86.6962928933979,36.0187603420417],[-86.6962275843799,36.0191550084551],[-86.6961158666803,36.0198301071015],[-86.696083200836,36.0200275038241],[-86.695920740601,36.0210092194761],[-86.6958662003624,36.0213388002223],[-86.6957220799225,36.0224602083218],[-86.6957034705284,36.0226050051796],[-86.695596463395,36.0234376029735],[-86.6952666376868,36.0255432491641],[-86.695197968162,36.0261685641319],[-86.6951338296309,36.0261318387465],[-86.6950674548212,36.0260978346179],[-86.6949990198387,36.0260666435596],[-86.6949523543791,36.0260483100353]]]},"properties":{"id":"280280","parcel":"17300007600","address":"1065 BARNES RD","owner":"ELAM FAMILY TRUST","point":[-86.69443650664736,36.0218990442998]}},{"type":"Feature","id":"281211","geometry":{"type":"Polygon","coordinates":[[[-86.6912565903054,36.0236144694947],[-86.6912846585402,36.023437364503],[-86.6913127277437,36.0232602576888],[-86.6913432284989,36.0230678013793],[-86.6925189221316,36.0231824730945],[-86.6925126193122,36.0232340859108],[-86.6928455295898,36.0232144397326],[-86.6926941013163,36.024235876967],[-86.6921306022005,36.0241846647817],[-86.6922177027601,36.0235971674814],[-86.6916145684005,36.023526340435],[-86.6913129402581,36.0255606912588],[-86.6911274851545,36.0255325767828],[-86.6909783375317,36.0255078030879],[-86.690981185776,36.0254884089295],[-86.690996016158,36.0253874834826],[-86.6910220767491,36.0252101810442],[-86.6910481350285,36.0250328813096],[-86.6910741909571,36.0248555797725],[-86.6911002489884,36.02467827821],[-86.6911263057861,36.0245009757398],[-86.6911523635928,36.0243236750531],[-86.6911784201738,36.0241463743601],[-86.6912044766386,36.0239690736543],[-86.6912305329714,36.0237917711334],[-86.6912565903054,36.0236144694947]]]},"properties":{"id":"281211","parcel":"17300007800","address":"1031 BARNES RD","owner":"WHITTAKER, LINDA","point":[-86.69133106182427,36.024278255801725]}},{"type":"Feature","id":"284085","geometry":{"type":"Polygon","coordinates":[[[-86.6993209444615,36.0240419830708],[-86.6993378521925,36.0238643829985],[-86.6997672519978,36.0238656687638],[-86.699766340564,36.024044223295],[-86.6993209444615,36.0240419830708]]]},"properties":{"id":"284085","parcel":"173090B06300CO","address":"6365 SUNNYWOOD DR","owner":"GHAREEB, ZANA JAMAL G & ALI, AWAZ A & KAMAREN","point":[-86.6995480937442,36.02395383613619]}},{"type":"Feature","id":"284086","geometry":{"type":"Polygon","coordinates":[[[-86.6993037500366,36.0242225689847],[-86.6993209444615,36.0240419830708],[-86.699766340564,36.024044223295],[-86.6997654270025,36.0242227886469],[-86.6993037500366,36.0242225689847]]]},"properties":{"id":"284086","parcel":"173090B06400CO","address":"6361 SUNNYWOOD DR","owner":"VAN HUYNH, THOMAS","point":[-86.69953911106073,36.02413293803278]}},{"type":"Feature","id":"284157","geometry":{"type":"Polygon","coordinates":[[[-86.699349413013,36.0233384075451],[-86.6997700452141,36.0233191802307],[-86.6997690769768,36.023508548852],[-86.6993520936924,36.0235066736838],[-86.699349413013,36.0233384075451]]]},"properties":{"id":"284157","parcel":"173090B06000CO","address":"6401 SUNNYWOOD DR","owner":"BASKIN, TROY W.","point":[-86.6995601323591,36.02342306533223]}},{"type":"Feature","id":"284158","geometry":{"type":"Polygon","coordinates":[[[-86.6993378521925,36.0238643829985],[-86.6993549206378,36.0236845026082],[-86.6997681655512,36.0236871033976],[-86.6997679527686,36.0237291058826],[-86.6997672519978,36.0238656687638],[-86.6993378521925,36.0238643829985]]]},"properties":{"id":"284158","parcel":"173090B06200CO","address":"6369 SUNNYWOOD DR","owner":"KIMBRELL, LAUREN E. & PETER O.","point":[-86.6995559613862,36.023796752297486]}},{"type":"Feature","id":"284159","geometry":{"type":"Polygon","coordinates":[[[-86.699286524137,36.0244034957606],[-86.6993037500366,36.0242225689847],[-86.6997654270025,36.0242227886469],[-86.6997645134209,36.0244013521892],[-86.699286524137,36.0244034957606]]]},"properties":{"id":"284159","parcel":"173090B06500CO","address":"6357 SUNNYWOOD DR","owner":"BROWN, MARCHALE","point":[-86.69953013196162,36.024311950787116]}},{"type":"Feature","id":"284576","geometry":{"type":"Polygon","coordinates":[[[-86.6992699747994,36.0245773398298],[-86.6992702559206,36.0245743594187],[-86.6997636018876,36.0245798967851],[-86.6997626908489,36.0247583719713],[-86.6997626900963,36.0247584125339],[-86.6997626904374,36.0247584512876],[-86.6997625916952,36.0247584518612],[-86.6994297315167,36.0247567336092],[-86.6992699747994,36.0245773398298]]]},"properties":{"id":"284576","parcel":"173090B06700CO","address":"6349 SUNNYWOOD DR","owner":"TAABUR, MAMAND & SHELAN TEIGR","point":[-86.69955679530601,36.02466821543308]}},{"type":"Feature","id":"285244","geometry":{"type":"Polygon","coordinates":[[[-86.6993549206378,36.0236845026082],[-86.6993520936924,36.0235066736838],[-86.6997690769768,36.023508548852],[-86.6997681655512,36.0236871033976],[-86.6993549206378,36.0236845026082]]]},"properties":{"id":"285244","parcel":"173090B06100CO","address":"6373 SUNNYWOOD DR","owner":"TIEMAN, JAMES & WATERBURY-TIEMAN, CAROLYN","point":[-86.69956106951042,36.02359652358199]}},{"type":"Feature","id":"285621","geometry":{"type":"Polygon","coordinates":[[[-86.6913129402581,36.0255606912588],[-86.6916145684005,36.023526340435],[-86.6922177027601,36.0235971674814],[-86.6921306022005,36.0241846647817],[-86.6919160425782,36.025631832803],[-86.6918772581759,36.0256281817777],[-86.6916886317323,36.0256086189274],[-86.6916883418532,36.0256085854412],[-86.6915005024356,36.0255861201178],[-86.6915002547245,36.0255860872904],[-86.6913129402581,36.0255606912588]]]},"properties":{"id":"285621","parcel":"17300011400","address":"1037 BARNES RD","owner":"SWANSON, WILLIE S. ET UX","point":[-86.69172177457602,36.0248726787734]}},{"type":"Feature","id":"286367","geometry":{"type":"Polygon","coordinates":[[[-86.6992702559206,36.0245743594187],[-86.699286524137,36.0244034957606],[-86.6997645134209,36.0244013521892],[-86.6997636018876,36.0245798967851],[-86.6992702559206,36.0245743594187]]]},"properties":{"id":"286367","parcel":"173090B06600CO","address":"6353 SUNNYWOOD DR","owner":"AZZU, SAGVAN T.","point":[-86.69952122506824,36.02448953627061]}}]}