{"type":"FeatureCollection","features":[{"type":"Feature","id":"218","geometry":{"type":"Polygon","coordinates":[[[-86.7168656395547,36.0304630298179],[-86.7168965522315,36.0303920681098],[-86.7169311166617,36.0303222266034],[-86.7169692718249,36.0302536300375],[-86.7173005328363,36.0303835213838],[-86.7172941417178,36.0305747610152],[-86.7168656395547,36.0304630298179]]]},"properties":{"id":"218","parcel":"172080B03400CO","address":"1624 CELEBRATION WAY","owner":"HUGHES, MATTHEW & JESSICA","point":[-86.71709006220341,36.03042804214072]}},{"type":"Feature","id":"219","geometry":{"type":"Polygon","coordinates":[[[-86.7167584393821,36.030876839126],[-86.7167671560739,36.0308097282413],[-86.7167791868704,36.0307429563542],[-86.7167945127668,36.0306766317323],[-86.7172090356922,36.0307378990845],[-86.7171691611436,36.030817254794],[-86.7171212770547,36.0309076458447],[-86.7167584393821,36.030876839126]]]},"properties":{"id":"219","parcel":"172080B03600CO","address":"1616 CELEBRATION WAY","owner":"SANTIAGO, LUCILA & AGUIRRE, MELISSA I","point":[-86.7169811984386,36.0307768334468]}},{"type":"Feature","id":"361","geometry":{"type":"Polygon","coordinates":[[[-86.7169692718249,36.0302536300375],[-86.7169730714596,36.0302503492461],[-86.7169761690565,36.0302466138732],[-86.7169784833877,36.0302425217419],[-86.7169799554973,36.0302381795562],[-86.7169895283545,36.0302214873907],[-86.7170019244267,36.0302060699791],[-86.7170168946683,36.0301922415518],[-86.7170341320218,36.030180281534],[-86.71705328806,36.0301704344469],[-86.717073974007,36.0301628999868],[-86.7170983250771,36.0301546416004],[-86.7171207266096,36.030143311483],[-86.7171405976285,36.0301292060144],[-86.7171574188096,36.0301126906076],[-86.7171707568496,36.0300941950568],[-86.7174179293325,36.0302004111488],[-86.7173939375015,36.0302401136388],[-86.7173005328363,36.0303835213838],[-86.7169692718249,36.0302536300375]]]},"properties":{"id":"361","parcel":"172080B03300CO","address":"1628 CELEBRATION WAY","owner":"MYRICK, ANDREW & KALAI","point":[-86.71718700987073,36.03023914692559]}},{"type":"Feature","id":"362","geometry":{"type":"Polygon","coordinates":[[[-86.7167945127668,36.0306766317323],[-86.7168154193621,36.0306048282825],[-86.7168391362164,36.0305336038638],[-86.7168656395547,36.0304630298179],[-86.7172941417178,36.0305747610152],[-86.7172090356922,36.0307378990845],[-86.7167945127668,36.0306766317323]]]},"properties":{"id":"362","parcel":"172080B03500CO","address":"1620 CELEBRATION WAY","owner":"THOUIN, MARK & ELIZABETH","point":[-86.71705331184711,36.03058979142247]}},{"type":"Feature","id":"452","geometry":{"type":"Polygon","coordinates":[[[-86.7177715051172,36.030291983171],[-86.7177589927708,36.030292910336],[-86.7177467776812,36.0302952994317],[-86.7177351168135,36.0302990993563],[-86.7176248909949,36.0299571034343],[-86.7176424438983,36.029968067688],[-86.7180247465335,36.0302138308375],[-86.717878512424,36.0303229216065],[-86.7178598748819,36.030311661916],[-86.7178393890525,36.0303027701209],[-86.7178175061048,36.0302964436194],[-86.7177947099564,36.03029282013],[-86.7177715051172,36.030291983171]]]},"properties":{"id":"452","parcel":"172080B04900CO","address":"1833 CHAMPIONS DR","owner":"DERNBERGER, JULIE","point":[-86.71775074943587,36.030090754451635]}},{"type":"Feature","id":"562","geometry":{"type":"Polygon","coordinates":[[[-86.7148516978337,36.0315628680263],[-86.7148972363509,36.0312109623078],[-86.7154982813892,36.0312535462309],[-86.7154790097854,36.0315173875553],[-86.7154717241159,36.0316097350893],[-86.7148516978337,36.0315628680263]]]},"properties":{"id":"562","parcel":"17208000600","address":"5915 KINSDALE DR","owner":"JENNE, RILEY","point":[-86.71518174440412,36.031384738354106]}},{"type":"Feature","id":"615","geometry":{"type":"Polygon","coordinates":[[[-86.7185588739748,36.0319034394572],[-86.718650703273,36.0318853102184],[-86.7189260916358,36.0321188214102],[-86.7189169263888,36.0321372534937],[-86.7189043120003,36.0321542893211],[-86.7188885608727,36.0321695043203],[-86.7188700624009,36.0321825212282],[-86.7188492774823,36.0321930164328],[-86.7188267208695,36.0322007317959],[-86.718784535452,36.0322167227727],[-86.7187410989665,36.032230326458],[-86.7186966150143,36.0322414794465],[-86.7186512961631,36.0322501281944],[-86.7185588739748,36.0319034394572]]]},"properties":{"id":"615","parcel":"172080B07300CO","address":"1717 CHAMPIONS DR","owner":"DLH PROPERTIES, LLC","point":[-86.71869336519622,36.032011015361086]}},{"type":"Feature","id":"616","geometry":{"type":"Polygon","coordinates":[[[-86.7190039968914,36.032056825157],[-86.718912129861,36.0317716674452],[-86.7189344438853,36.0317624177061],[-86.7193702837181,36.0315711374647],[-86.7194115442032,36.0316456138505],[-86.7194171135164,36.0316631621526],[-86.7191204152959,36.0320649189019],[-86.7190985264044,36.0320567738551],[-86.7190752447163,36.0320517934504],[-86.7190512562077,36.0320501259119],[-86.7190272703681,36.0320518201816],[-86.7190039968914,36.032056825157]]]},"properties":{"id":"616","parcel":"172080B07500CO","address":"1725 CHAMPIONS DR","owner":"SHEHATA, SHAWKAT Y. & SHAROUBIM, NEVEEN N.","point":[-86.71909534548266,36.031911162986866]}},{"type":"Feature","id":"617","geometry":{"type":"Polygon","coordinates":[[[-86.7191517278783,36.0322361537361],[-86.7191645918486,36.032223160502],[-86.7191748528536,36.0322087200021],[-86.7191822709815,36.0321931743585],[-86.7191866686603,36.0321768878532],[-86.7191879439811,36.0321602477505],[-86.7191860649702,36.0321436445017],[-86.7195698585211,36.0320973987027],[-86.7196476035572,36.0323167069524],[-86.7194322518728,36.0324388674261],[-86.7191517278783,36.0322361537361]]]},"properties":{"id":"617","parcel":"172080B07700CO","address":"1728 CHAMPIONS DR","owner":"OHLER, ETHAN SCOTT","point":[-86.71942017967851,36.03227647860114]}},{"type":"Feature","id":"618","geometry":{"type":"Polygon","coordinates":[[[-86.7188033750247,36.03320962777],[-86.7187009230058,36.0329509058906],[-86.718720553445,36.0329443860004],[-86.7187386334464,36.032935381474],[-86.7187546924482,36.0329241294557],[-86.7187683092077,36.0329109217746],[-86.7187791273437,36.0328961057536],[-86.7187868662691,36.0328800661171],[-86.7191668427658,36.0330096617114],[-86.7188363110613,36.0332119260615],[-86.7188033750247,36.03320962777]]]},"properties":{"id":"618","parcel":"172080B08300CO","address":"513 CHAMPIONS CT","owner":"MCCLENDON, WILLIAM PATTON & MADELENE GRACE","point":[-86.71888348087452,36.033109406674555]}},{"type":"Feature","id":"808","geometry":{"type":"Polygon","coordinates":[[[-86.7178615464165,36.0313867361902],[-86.7179925303006,36.0312101365525],[-86.7180167801947,36.0311990052592],[-86.7181873857774,36.0315144600474],[-86.7181094700361,36.0315436162706],[-86.7180303095557,36.0315704725464],[-86.7179500094324,36.031594993096],[-86.7178615464165,36.0313867361902]]]},"properties":{"id":"808","parcel":"172080B05900CO","address":"217 WALKING HORSE HL","owner":"H.M.G. LIVING TRUST","point":[-86.71802077442211,36.031450589548754]}},{"type":"Feature","id":"812","geometry":{"type":"Polygon","coordinates":[[[-86.7185858568355,36.0312967081241],[-86.7184210818135,36.0310273708125],[-86.7188226766101,36.0308557511411],[-86.7188405696007,36.0308728708375],[-86.7191365151983,36.0311527684501],[-86.7191378640479,36.0311551731655],[-86.7193427708856,36.0315207544157],[-86.7188306676836,36.0314402967775],[-86.7188327627904,36.0314204350643],[-86.7188314321296,36.0314005306988],[-86.7188267013991,36.0313809710843],[-86.7188186628049,36.0313621360167],[-86.7188074728171,36.0313443949941],[-86.7187923926567,36.031328263457],[-86.7187745860722,36.0313140832627],[-86.7187544330499,36.0313021549781],[-86.7187323597528,36.0312927320277],[-86.7187088351267,36.0312860135031],[-86.7186840241861,36.0312817190178],[-86.7186586909775,36.0312806551791],[-86.71863346822,36.0312828488567],[-86.7186089856725,36.0312882449209],[-86.7185858568355,36.0312967081241]]]},"properties":{"id":"812","parcel":"172080B06300CO","address":"233 WALKING HORSE HL","owner":"STOCKER, HALEY & GREAVES, BEN","point":[-86.71885526274116,36.031217813571864]}},{"type":"Feature","id":"815","geometry":{"type":"Polygon","coordinates":[[[-86.718240113887,36.0319602838693],[-86.718053171873,36.0319328270724],[-86.7179729437357,36.031737708025],[-86.7180461103816,36.0317155354859],[-86.7181180820291,36.0316909176016],[-86.7181887358946,36.0316638974671],[-86.7182265345828,36.0316548809257],[-86.7183833074074,36.0319374521206],[-86.718259072868,36.0319623682071],[-86.718240113887,36.0319602838693]]]},"properties":{"id":"815","parcel":"172080B06800CO","address":"216 WALKING HORSE HL","owner":"STRICKLAND, ROSALIND D. & KENNETH M., SR.","point":[-86.71817004078487,36.03183563660537]}},{"type":"Feature","id":"982","geometry":{"type":"Polygon","coordinates":[[[-86.7131601731371,36.0385192536979],[-86.7131464630391,36.0385228868351],[-86.7131335911414,36.0385281688825],[-86.713188360002,36.0382873716758],[-86.7134209357779,36.0372926266559],[-86.7134381933405,36.0371804405608],[-86.7134537559547,36.0370677156084],[-86.7134645003528,36.0369833143795],[-86.7134770232362,36.0368714311992],[-86.7134904436228,36.036870047562],[-86.7135055696893,36.0366625929467],[-86.7135182012309,36.0364550287123],[-86.7135283361369,36.0362473647865],[-86.7135362008477,36.0360789169515],[-86.7135411752699,36.0359103960958],[-86.7135432563925,36.0357418355855],[-86.7143793911576,36.0356104829027],[-86.7144868435503,36.0355944913528],[-86.7152982577121,36.0357410061759],[-86.7157923836821,36.0357921287082],[-86.71603653619,36.0358173158006],[-86.7161584204087,36.035832051326],[-86.7161813380035,36.0358348226851],[-86.7168618407046,36.0355042273991],[-86.7170354392523,36.0355223505609],[-86.7172558435262,36.035545232193],[-86.717407309033,36.0355609304997],[-86.7174869481246,36.0355453280905],[-86.7177412749747,36.0354943143502],[-86.7177422923263,36.0354942902642],[-86.717869671066,36.0356037146045],[-86.7183328775286,36.0360283241125],[-86.7190196416578,36.0355967731257],[-86.719467915908,36.0353152279378],[-86.7196432292227,36.0352051559758],[-86.7204872293498,36.0352401639105],[-86.7204764929068,36.0353232481056],[-86.7202182322467,36.0362160014262],[-86.7202051698149,36.0362611541081],[-86.7199559890472,36.0375372374203],[-86.7194399589871,36.0374890053219],[-86.7181097203886,36.0373646566499],[-86.7173117263458,36.0372898652102],[-86.7172023586617,36.0372796132821],[-86.716417263392,36.0372100072116],[-86.7147148691771,36.0370590540316],[-86.7152372425453,36.0375398497945],[-86.7151630011819,36.0383939367191],[-86.7151408520013,36.0386503138897],[-86.7145520404474,36.0390588137691],[-86.714524074173,36.0392640859153],[-86.714138024285,36.0392263985289],[-86.7141533572165,36.0391778451427],[-86.7141145579609,36.0391682095354],[-86.7140770528924,36.0391556361434],[-86.714041181498,36.0391402383216],[-86.7140072646105,36.0391221529695],[-86.7139756044401,36.0391015441359],[-86.713946487831,36.0390785948881],[-86.7139201751963,36.0390535109823],[-86.7135987528914,36.0387171272493],[-86.7135689169243,36.038688311148],[-86.7135367205918,36.0386612232755],[-86.7135023159563,36.038635990713],[-86.713465862758,36.0386127305822],[-86.7134275339959,36.0385915536174],[-86.7133836827794,36.0385713061216],[-86.7133380772909,36.0385537972087],[-86.7132909792178,36.038539128075],[-86.7132426545072,36.0385273800635],[-86.7131933778619,36.0385186209464],[-86.7131823051328,36.0385177545457],[-86.713171184373,36.0385179663745],[-86.7131601731371,36.0385192536979]]]},"properties":{"id":"982","parcel":"17200007900","address":"5891 NOLENSVILLE PIKE","owner":"LAKE PROVIDENCE MISS.BAPTIST CHURCH, INC","point":[-86.71841071710286,36.03724858109226]}},{"type":"Feature","id":"1163","geometry":{"type":"Polygon","coordinates":[[[-86.7171090974959,36.0310571611079],[-86.7171212770547,36.0309076458447],[-86.7171691611436,36.030817254794],[-86.7175084651622,36.0309383064643],[-86.7174857980953,36.0309938755796],[-86.7174673445099,36.0310504642001],[-86.7174531757413,36.0311078609997],[-86.7171090974959,36.0310571611079]]]},"properties":{"id":"1163","parcel":"172080B04400CO","address":"1813 CHAMPIONS DR","owner":"HILLENBRAND, RICHARD A.& YEAKEY, SUSAN A","point":[-86.71730686040227,36.030965642626605]}},{"type":"Feature","id":"1166","geometry":{"type":"Polygon","coordinates":[[[-86.7171691611436,36.030817254794],[-86.7172090356922,36.0307378990845],[-86.7172941417178,36.0305747610152],[-86.7176258620069,36.0307551969509],[-86.7175971494155,36.0307894432147],[-86.7175709674627,36.0308250029081],[-86.7175474060189,36.03086175202],[-86.7175265482652,36.0308995629742],[-86.7175084651622,36.0309383064643],[-86.7171691611436,36.030817254794]]]},"properties":{"id":"1166","parcel":"172080B04500CO","address":"1817 CHAMPIONS DR","owner":"OMER, REBIN & BABIRY, SHILAN","point":[-86.71740187103588,36.030771826239636]}},{"type":"Feature","id":"1168","geometry":{"type":"Polygon","coordinates":[[[-86.7173939375015,36.0302401136388],[-86.7174179293325,36.0302004111488],[-86.7175893555665,36.0299349043857],[-86.7176248909949,36.0299571034343],[-86.7177351168135,36.0302990993563],[-86.7177116689579,36.0303089531906],[-86.7176905339253,36.0303218035683],[-86.7176722855508,36.0303373009755],[-86.717657422673,36.0303550233398],[-86.7173939375015,36.0302401136388]]]},"properties":{"id":"1168","parcel":"172080B04800CO","address":"1829 CHAMPIONS DR","owner":"ROYER, MICHAEL JOHN & BOWLING, MYCHAL S.","point":[-86.71758036123933,36.03007889618817]}},{"type":"Feature","id":"1171","geometry":{"type":"Polygon","coordinates":[[[-86.717878512424,36.0303229216065],[-86.7180247465335,36.0302138308375],[-86.7182449079987,36.0303196284774],[-86.7182730132611,36.0303367216292],[-86.7179944537563,36.0305244380492],[-86.7179644157226,36.0304938486446],[-86.7179502618045,36.030482564053],[-86.7179383503897,36.030469681621],[-86.7179289515472,36.0304554953645],[-86.7179222789783,36.0304403239706],[-86.7179184822668,36.0304245126455],[-86.7179176478335,36.0304084159848],[-86.7179158520298,36.0303882142465],[-86.7179105447266,36.0303684236922],[-86.7179018349547,36.0303494447478],[-86.7178898981703,36.0303316612204],[-86.717878512424,36.0303229216065]]]},"properties":{"id":"1171","parcel":"172080B05000CO","address":"1837 CHAMPIONS DR","owner":"ARNOLD, PAUL SIZEMORE","point":[-86.7180617237965,36.03037866825912]}},{"type":"Feature","id":"1174","geometry":{"type":"Polygon","coordinates":[[[-86.7182588739854,36.0307426337605],[-86.7182574150248,36.0307227580914],[-86.7182520476355,36.0307033293304],[-86.7182429128545,36.0306848513612],[-86.7182302458177,36.0306678040727],[-86.7182143756294,36.030652628939],[-86.7181957141609,36.0306397173699],[-86.7184269589532,36.0304801028956],[-86.7187407945798,36.0307771212607],[-86.7182588739854,36.0307426337605]]]},"properties":{"id":"1174","parcel":"172080B05200CO","address":"1824 CHAMPIONS DR","owner":"GABBERT, PENNY L.","point":[-86.71841155932255,36.03056014557274]}},{"type":"Feature","id":"1177","geometry":{"type":"Polygon","coordinates":[[[-86.7175863819216,36.0311773948517],[-86.7179925303006,36.0312101365525],[-86.7178615464165,36.0313867361902],[-86.7176075626033,36.0314256105329],[-86.7175948245499,36.031363326724],[-86.7175879666704,36.0313170572462],[-86.7175842668376,36.0312705508458],[-86.7175837385286,36.031223948946],[-86.7175863819216,36.0311773948517]]]},"properties":{"id":"1177","parcel":"172080B05700CO","address":"1804 CHAMPIONS DR","owner":"MILLER, MARTYN","point":[-86.71775799544538,36.03129420871229]}},{"type":"Feature","id":"1180","geometry":{"type":"Polygon","coordinates":[[[-86.7180167801947,36.0311990052592],[-86.7181784977424,36.0311299116518],[-86.7182081588502,36.0311187462622],[-86.7183842723013,36.031445157435],[-86.718208948263,36.0315055411906],[-86.7182013187184,36.0315077714076],[-86.7181940932669,36.0315107599081],[-86.7181873857774,36.0315144600474],[-86.7180167801947,36.0311990052592]]]},"properties":{"id":"1180","parcel":"172080B06000CO","address":"221 WALKING HORSE HL","owner":"MUSIC ROW REBEL, LLC","point":[-86.71820060476536,36.03132208167304]}},{"type":"Feature","id":"1770","geometry":{"type":"Polygon","coordinates":[[[-86.7171707568496,36.0300941950568],[-86.7171801452198,36.0300764927206],[-86.7171863508842,36.0300578873041],[-86.7171892507649,36.030038757183],[-86.717188785068,36.0300194848625],[-86.7171849639739,36.0300004605426],[-86.7171778630766,36.029982068626],[-86.7174874040217,36.0298828002209],[-86.7175893555665,36.0299349043857],[-86.7174179293325,36.0302004111488],[-86.7171707568496,36.0300941950568]]]},"properties":{"id":"1770","parcel":"172080B03200CO","address":"1632 CELEBRATION WAY","owner":"CUNNINGHAM, JAMES D. & AMY M","point":[-86.71735171432566,36.03004870870133]}},{"type":"Feature","id":"1773","geometry":{"type":"Polygon","coordinates":[[[-86.7167055551977,36.0316133906438],[-86.7167150491879,36.031466086974],[-86.7170804371516,36.0314792971033],[-86.7170778311728,36.0314903011965],[-86.7170607522279,36.0316969885686],[-86.7170316508528,36.0316949635005],[-86.7169001043735,36.0316859744422],[-86.7167683770039,36.0316789484348],[-86.7167568986318,36.0316776647766],[-86.7167458587963,36.0316748075522],[-86.7167355822531,36.0316704595515],[-86.7167263708712,36.0316647496667],[-86.7167184958095,36.0316578466299],[-86.7167121896764,36.0316499509474],[-86.7167076365681,36.0316412976638],[-86.7167049696873,36.0316321383491],[-86.7167042691482,36.0316227438168],[-86.7167055551977,36.0316133906438]]]},"properties":{"id":"1773","parcel":"172080B04000CO","address":"201 WALKING HORSE HL","owner":"CURATOLO, MICHAEL S. & LOANA C.","point":[-86.71689112995087,36.03155184473552]}},{"type":"Feature","id":"1776","geometry":{"type":"Polygon","coordinates":[[[-86.7170607522279,36.0316969885686],[-86.7170778311728,36.0314903011965],[-86.7174752683946,36.03145716679],[-86.7175119477508,36.0316239771835],[-86.7175126717201,36.0316330065478],[-86.717511579009,36.0316420097776],[-86.7175086952081,36.0316507487786],[-86.7175040981063,36.0316589905534],[-86.7174979110904,36.0316665135501],[-86.717490299922,36.0316731193975],[-86.7174814649465,36.0316786302488],[-86.7174716445108,36.0316828986747],[-86.7174610983612,36.0316858122688],[-86.717361280898,36.0316932456323],[-86.7172611869903,36.0316975900195],[-86.7171609630547,36.0316988382494],[-86.7170607522279,36.0316969885686]]]},"properties":{"id":"1776","parcel":"172080B04100CO","address":"205 WALKING HORSE HL","owner":"KING, WALTER C., JR. ET AL","point":[-86.71728485375426,36.031557115726606]}},{"type":"Feature","id":"1934","geometry":{"type":"Polygon","coordinates":[[[-86.718650703273,36.0318853102184],[-86.718912129861,36.0317716674452],[-86.7190039968914,36.032056825157],[-86.7189840476005,36.0320649927627],[-86.7189658786801,36.0320755507903],[-86.718949920626,36.0320882497169],[-86.7189365524221,36.0321027880521],[-86.7189260916358,36.0321188214102],[-86.718650703273,36.0318853102184]]]},"properties":{"id":"1934","parcel":"172080B07400CO","address":"1721 CHAMPIONS DR","owner":"WARREN, SAMUEL E","point":[-86.71886405617826,36.03197115387919]}},{"type":"Feature","id":"1937","geometry":{"type":"Polygon","coordinates":[[[-86.7191204152959,36.0320649189019],[-86.7194171135164,36.0316631621526],[-86.7195698585211,36.0320973987027],[-86.7191860649702,36.0321436445017],[-86.719181836388,36.0321275996592],[-86.7191746316163,36.0321122710843],[-86.7191646214706,36.0320980191762],[-86.7191520420342,36.0320851823131],[-86.7191371889641,36.0320740606632],[-86.7191204152959,36.0320649189019]]]},"properties":{"id":"1937","parcel":"172080B07600CO","address":"1729 CHAMPIONS DR","owner":"SEGRAVES, PHILIP","point":[-86.71937835928819,36.03186429714247]}},{"type":"Feature","id":"1940","geometry":{"type":"Polygon","coordinates":[[[-86.7190275692912,36.0322698604845],[-86.7190501897612,36.032271535291],[-86.7190728414754,36.0322701626298],[-86.719094904485,36.0322657795489],[-86.7191157795634,36.0322585058918],[-86.7191348937145,36.032248539759],[-86.7191517278783,36.0322361537361],[-86.7194322518728,36.0324388674261],[-86.719117328576,36.0326209603544],[-86.7190275692912,36.0322698604845]]]},"properties":{"id":"1940","parcel":"172080B07800CO","address":"1724 CHAMPIONS DR","owner":"AUGER, TERRY & WANDA M.","point":[-86.71918299375041,36.032355065168936]}},{"type":"Feature","id":"1942","geometry":{"type":"Polygon","coordinates":[[[-86.7181968483694,36.0328616073197],[-86.7185240862018,36.0328442721137],[-86.7185251005294,36.0328619629806],[-86.7185296168948,36.0328792886686],[-86.7185375157986,36.0328957956378],[-86.7185485902635,36.0329110506979],[-86.7185625514962,36.032924653593],[-86.718579032322,36.0329362486981],[-86.7183674747628,36.0331792589908],[-86.7181968483694,36.0328616073197]]]},"properties":{"id":"1942","parcel":"172080B08500CO","address":"508 CHAMPIONS CT","owner":"BALA, MATTHEW","point":[-86.71838762293135,36.03305755282402]}},{"type":"Feature","id":"1945","geometry":{"type":"Polygon","coordinates":[[[-86.7174784853219,36.0324131588476],[-86.7177657826197,36.0321674979451],[-86.717798352965,36.0321939867369],[-86.7178329668174,36.032218705821],[-86.7178549388318,36.0322376625303],[-86.7178955909131,36.0322607404155],[-86.7179378813448,36.0322817869213],[-86.7177852081682,36.0325212151056],[-86.7174784853219,36.0324131588476]]]},"properties":{"id":"1945","parcel":"172080B08600CO","address":"1708 CHAMPIONS DR","owner":"LOGAN, HEATHER LYNNE","point":[-86.71772571940669,36.03234751438556]}},{"type":"Feature","id":"1948","geometry":{"type":"Polygon","coordinates":[[[-86.7172952682913,36.0321988700968],[-86.7176482729901,36.0320385322787],[-86.717674197737,36.0320727676561],[-86.7177024868556,36.0321057451576],[-86.7177330494881,36.0321373562662],[-86.7177657826197,36.0321674979451],[-86.7174784853219,36.0324131588476],[-86.7172952682913,36.0321988700968]]]},"properties":{"id":"1948","parcel":"172080B08700CO","address":"1704 CHAMPIONS DR","owner":"ZUBAIR, SHIVAN O. & AMIN, NERGIZ","point":[-86.7174950351384,36.03230626936408]}},{"type":"Feature","id":"1951","geometry":{"type":"Polygon","coordinates":[[[-86.7163624280411,36.0325692422598],[-86.7163965599607,36.0325546771986],[-86.7164291633813,36.0325379608136],[-86.7164600339809,36.0325191997726],[-86.7164889786315,36.0324985114921],[-86.7165158143055,36.032476025947],[-86.7167963720509,36.0326831402381],[-86.716530004575,36.0328495532881],[-86.7163624280411,36.0325692422598]]]},"properties":{"id":"1951","parcel":"172080B09400CO","address":"1544 CELEBRATION WAY","owner":"HOLT, TREVOR J. (DR.)","point":[-86.71655794618246,36.03262614073667]}},{"type":"Feature","id":"1954","geometry":{"type":"Polygon","coordinates":[[[-86.7163294073864,36.0325804190482],[-86.7163624280411,36.0325692422598],[-86.716530004575,36.0328495532881],[-86.7163874591177,36.032944903408],[-86.7162764312848,36.0329345749133],[-86.7161234893672,36.0326660961788],[-86.7163294073864,36.0325804190482]]]},"properties":{"id":"1954","parcel":"172080B09500CO","address":"1540 CELEBRATION WAY","owner":"ZUBAIR, KARWAN O.","point":[-86.71632545844712,36.03275782185774]}},{"type":"Feature","id":"1957","geometry":{"type":"Polygon","coordinates":[[[-86.7157967005126,36.0328370198632],[-86.715799332454,36.0328350358007],[-86.7158600725951,36.0327963293768],[-86.7159230012256,36.0327600028543],[-86.7159879792888,36.032726139975],[-86.7160548576452,36.0326948137256],[-86.7161234893672,36.0326660961788],[-86.7162764312848,36.0329345749133],[-86.7158542369027,36.0328926718432],[-86.7157967005126,36.0328370198632]]]},"properties":{"id":"1957","parcel":"172080B09600CO","address":"1536 CELEBRATION WAY","owner":"YOUNG, NICOLE & MORINEC, LORI","point":[-86.7160194586585,36.03281613212194]}},{"type":"Feature","id":"1978","geometry":{"type":"Polygon","coordinates":[[[-86.7172941417178,36.0305747610152],[-86.7176528645477,36.0304495530575],[-86.7176653830902,36.0304649185736],[-86.7176805882224,36.0304785898746],[-86.7176981376665,36.0304902634592],[-86.7177176373533,36.030499675792],[-86.7177386515139,36.0305066149597],[-86.7177607049399,36.0305109251646],[-86.7177833040891,36.0305125093027],[-86.7177918547096,36.0305133722755],[-86.7178001115532,36.0305153708268],[-86.7178078488785,36.0305184504212],[-86.7178148539654,36.0305225239994],[-86.7178209338704,36.0305274827529],[-86.7178259231278,36.0305331888683],[-86.7178296827383,36.0305394863486],[-86.7178321101541,36.0305462009537],[-86.7178331404711,36.0305531492061],[-86.7178327420057,36.0305601402202],[-86.7178309274481,36.0305669819446],[-86.717827747254,36.0305734866092],[-86.7178232885667,36.0305794743372],[-86.7178176730808,36.0305847821701],[-86.717811054822,36.030589264082],[-86.7177695732953,36.0306189907591],[-86.7177301943218,36.0306505480445],[-86.7176930412916,36.0306838378655],[-86.7176582275607,36.0307187568011],[-86.7176258620069,36.0307551969509],[-86.7172941417178,36.0305747610152]]]},"properties":{"id":"1978","parcel":"172080B04600CO","address":"1821 CHAMPIONS DR","owner":"PROGRESS RESIDENTIAL BORROWER 3, LLC","point":[-86.71756826046649,36.03060360464322]}},{"type":"Feature","id":"1981","geometry":{"type":"Polygon","coordinates":[[[-86.7173005328363,36.0303835213838],[-86.7173939375015,36.0302401136388],[-86.717657422673,36.0303550233398],[-86.7176499601836,36.0303782058309],[-86.7176466821448,36.0304020195401],[-86.717647657307,36.0304259674449],[-86.7176528645477,36.0304495530575],[-86.7172941417178,36.0305747610152],[-86.7173005328363,36.0303835213838]]]},"properties":{"id":"1981","parcel":"172080B04700CO","address":"1825 CHAMPIONS DR","owner":"PHELPS, ROBERT D.","point":[-86.71747335578573,36.03041358411197]}},{"type":"Feature","id":"1984","geometry":{"type":"Polygon","coordinates":[[[-86.7187587851848,36.0315299492813],[-86.7187798289512,36.0315161925625],[-86.7187979471948,36.0314999188525],[-86.7188126886324,36.031481532822],[-86.7188236867973,36.031461492714],[-86.7188306676836,36.0314402967775],[-86.7193427708856,36.0315207544157],[-86.7193702837181,36.0315711374647],[-86.7189344438853,36.0317624177061],[-86.7187587851848,36.0315299492813]]]},"properties":{"id":"1984","parcel":"172080B06500CO","address":"228 WALKING HORSE HL","owner":"MODERN BUILDERS, LLC","point":[-86.71900701263222,36.031666437278915]}},{"type":"Feature","id":"1987","geometry":{"type":"Polygon","coordinates":[[[-86.7178867171307,36.0320766714383],[-86.718053171873,36.0319328270724],[-86.718240113887,36.0319602838693],[-86.7181368798056,36.032213636626],[-86.7180909138302,36.0321964714387],[-86.718046414343,36.032176921682],[-86.7180035696206,36.032155070056],[-86.7179625580424,36.032131009234],[-86.7179235525124,36.0321048400341],[-86.7178867171307,36.0320766714383]]]},"properties":{"id":"1987","parcel":"172080B07000CO","address":"1705 CHAMPIONS DR","owner":"WAIGHT, BETH & JONATHAN","point":[-86.71808530505437,36.032018529247644]}},{"type":"Feature","id":"1989","geometry":{"type":"Polygon","coordinates":[[[-86.7181368798056,36.032213636626],[-86.718240113887,36.0319602838693],[-86.718259072868,36.0319623682071],[-86.7183833074074,36.0319374521206],[-86.7184103254584,36.031932893611],[-86.7183889750322,36.0322648793688],[-86.7183371824052,36.0322597569623],[-86.7182858811865,36.0322520376785],[-86.718235268035,36.032241749187],[-86.718185537512,36.03222893269],[-86.7181368798056,36.032213636626]]]},"properties":{"id":"1989","parcel":"172080B07100CO","address":"1709 CHAMPIONS DR","owner":"SMALLWOOD, LAUREN MEREDITH & LYONS, ERIC CHASE","point":[-86.71829420070696,36.0320882285229]}},{"type":"Feature","id":"2000","geometry":{"type":"Polygon","coordinates":[[[-86.7171067085166,36.031092341141],[-86.7171090974959,36.0310571611079],[-86.7174531757413,36.0311078609997],[-86.7174468616487,36.0311477727761],[-86.7174431881632,36.0311879013622],[-86.7174421675704,36.0312281322206],[-86.7174438021618,36.0312683499719],[-86.7170922203203,36.031285827177],[-86.7171067085166,36.031092341141]]]},"properties":{"id":"2000","parcel":"172080B04300CO","address":"1809 CHAMPIONS DR","owner":"LUSTER, WINSTON M. ET UX","point":[-86.71727307051158,36.03116743177644]}},{"type":"Feature","id":"2258","geometry":{"type":"Polygon","coordinates":[[[-86.7146890025092,36.0328574113029],[-86.7147179463903,36.0326361485506],[-86.715392637984,36.0326942202345],[-86.7153790969513,36.0329152763408],[-86.7152025069678,36.0329017949178],[-86.7146890025092,36.0328574113029]]]},"properties":{"id":"2258","parcel":"17208000100","address":"5901 KINSDALE DR","owner":"MYERS, AIMEE LEIGH","point":[-86.71504368575607,36.03277582309556]}},{"type":"Feature","id":"2259","geometry":{"type":"Polygon","coordinates":[[[-86.714768422126,36.0322314690444],[-86.7148113759812,36.0318927673896],[-86.7154449105829,36.0319373544014],[-86.7154182737261,36.0322847524377],[-86.714768422126,36.0322314690444]]]},"properties":{"id":"2259","parcel":"17208000400","address":"5907 KINSDALE DR","owner":"MORRIS, KATHERINE A.& FLANIGAN, ANDREW J","point":[-86.71511037174643,36.032084421006246]}},{"type":"Feature","id":"2260","geometry":{"type":"Polygon","coordinates":[[[-86.7148515942075,36.0306486162126],[-86.7154206980725,36.0304496411485],[-86.7155609494646,36.0304004583215],[-86.7155445822684,36.0306862596295],[-86.7155419549061,36.030711180708],[-86.7155346114545,36.0307808204886],[-86.7149156391093,36.0308504290346],[-86.7149058152438,36.0307987980812],[-86.7148918216802,36.0307478047475],[-86.7148737225628,36.0306976712713],[-86.7148515942075,36.0306486162126]]]},"properties":{"id":"2260","parcel":"17208000800","address":"5921 KINSDALE DR","owner":"EFRIES, DAVID & COST, DEBI","point":[-86.7153442626765,36.030549623219805]}},{"type":"Feature","id":"2401","geometry":{"type":"Polygon","coordinates":[[[-86.7183889750322,36.0322648793688],[-86.7184103254584,36.031932893611],[-86.7185588739748,36.0319034394572],[-86.7186512961631,36.0322501281944],[-86.7185994820419,36.0322583406814],[-86.7185471427281,36.0322639389189],[-86.718494477753,36.0322669000851],[-86.7184416878722,36.0322672139699],[-86.7183889750322,36.0322648793688]]]},"properties":{"id":"2401","parcel":"172080B07200CO","address":"1713 CHAMPIONS DR","owner":"CASTILLO, RICARDO OROZCO & MICAELA MENDOZA ET AL","point":[-86.71850460214566,36.03209144944417]}},{"type":"Feature","id":"2402","geometry":{"type":"Polygon","coordinates":[[[-86.7188729916726,36.032530116829],[-86.7187953865412,36.0323261896608],[-86.7188405907973,36.0323135776493],[-86.718884709895,36.032298642249],[-86.7189275624161,36.0322814458314],[-86.7189517305321,36.0322748690832],[-86.7189766983698,36.032270711139],[-86.7190021025316,36.0322690336524],[-86.7190275692912,36.0322698604845],[-86.719117328576,36.0326209603544],[-86.7188729916726,36.032530116829]]]},"properties":{"id":"2402","parcel":"172080B07900CO","address":"1720 CHAMPIONS DR","owner":"KROGMAN, JERRY L. ET UX","point":[-86.7189511831328,36.03242842751188]}},{"type":"Feature","id":"2403","geometry":{"type":"Polygon","coordinates":[[[-86.7187953865412,36.0323261896608],[-86.7188729916726,36.032530116829],[-86.7186141892953,36.0326349508025],[-86.7185393789319,36.0325156212367],[-86.7185273340526,36.0324929281707],[-86.7185187055266,36.0324692305168],[-86.7185136151382,36.0324448664361],[-86.7185121359316,36.0324201833932],[-86.7185133316326,36.0324105549441],[-86.7185165018559,36.0324012265679],[-86.7185215557922,36.0323924637868],[-86.7185283503193,36.0323845144087],[-86.7185366933075,36.0323776058038],[-86.7185463468412,36.0323719331693],[-86.7185570349787,36.0323676585807],[-86.7185684558917,36.0323649037099],[-86.7186263051891,36.0323601099033],[-86.7186835977019,36.0323520305661],[-86.7187400508257,36.0323407052395],[-86.7187953865412,36.0323261896608]]]},"properties":{"id":"2403","parcel":"172080B08000CO","address":"501 CHAMPIONS CT","owner":"SHELTON, DWANNA & MICHAEL","point":[-86.71868882304558,36.03248146842017]}},{"type":"Feature","id":"2404","geometry":{"type":"Polygon","coordinates":[[[-86.7172950303374,36.0321724996375],[-86.7172811946258,36.0318385280148],[-86.7173813923811,36.0318315313852],[-86.7174812661062,36.0318219525903],[-86.7174931462728,36.031820663295],[-86.7175051253594,36.0318209903318],[-86.7175168726036,36.0318229230524],[-86.7175280624249,36.0318264102194],[-86.71753838769,36.0318313545196],[-86.7175475619893,36.0318376188595],[-86.7175553330003,36.0318450316935],[-86.7175614846981,36.0318533861094],[-86.7175658485738,36.0318624532809],[-86.717568303634,36.0318719824676],[-86.7175833088019,36.0319151011627],[-86.7176016915659,36.0319573471147],[-86.7176233760277,36.0319985477255],[-86.7176482729901,36.0320385322787],[-86.7172952682913,36.0321988700968],[-86.7172950303374,36.0321724996375]]]},"properties":{"id":"2404","parcel":"172080B08800CO","address":"1700 CHAMPIONS DR","owner":"SHAW, GEORGE E. & TERESA G. INMAN -","point":[-86.71746222136282,36.03201813109509]}},{"type":"Feature","id":"2405","geometry":{"type":"Polygon","coordinates":[[[-86.7166175176332,36.0323523484496],[-86.7166324260408,36.0323247162225],[-86.7166444222496,36.0322961639685],[-86.7166534226455,36.0322668940759],[-86.7166593636278,36.03223711332],[-86.7166622038281,36.0322070328501],[-86.7170168517693,36.0322290982974],[-86.7169594906416,36.032468991072],[-86.7166175176332,36.0323523484496]]]},"properties":{"id":"2405","parcel":"172080B09200CO","address":"1552 CELEBRATION WAY","owner":"KERSEY, SHERLYN J.","point":[-86.71680772515575,36.032338964067016]}},{"type":"Feature","id":"2522","geometry":{"type":"Polygon","coordinates":[[[-86.7167439668601,36.0310725223881],[-86.7167488453599,36.0310131548304],[-86.7167500138732,36.030967631597],[-86.7167532124481,36.030922173798],[-86.7167584393821,36.030876839126],[-86.7171212770547,36.0309076458447],[-86.7171090974959,36.0310571611079],[-86.7171067085166,36.031092341141],[-86.7167439668601,36.0310725223881]]]},"properties":{"id":"2522","parcel":"172080B03700CO","address":"1612 CELEBRATION WAY","owner":"BURTT, JOHN STEVEN & JOHN ANDREW","point":[-86.7169319479274,36.03099082419353]}},{"type":"Feature","id":"2523","geometry":{"type":"Polygon","coordinates":[[[-86.7167294998146,36.0312682056066],[-86.7167439668601,36.0310725223881],[-86.7171067085166,36.031092341141],[-86.7170922203203,36.031285827177],[-86.7167294998146,36.0312682056066]]]},"properties":{"id":"2523","parcel":"172080B03800CO","address":"1608 CELEBRATION WAY","owner":"HUANG, XIAOYAN","point":[-86.71691806225807,36.031180273424276]}},{"type":"Feature","id":"2524","geometry":{"type":"Polygon","coordinates":[[[-86.7167150491879,36.031466086974],[-86.7167294998146,36.0312682056066],[-86.7170922203203,36.031285827177],[-86.7170804371516,36.0314792971033],[-86.7167150491879,36.031466086974]]]},"properties":{"id":"2524","parcel":"172080B03900CO","address":"1604 CELEBRATION WAY","owner":"REN, BINGXU & LEE, ESSENCE","point":[-86.71690418357682,36.03137595852057]}},{"type":"Feature","id":"2525","geometry":{"type":"Polygon","coordinates":[[[-86.7170804371516,36.0314792971033],[-86.7170922203203,36.031285827177],[-86.7174438021618,36.0312683499719],[-86.7174469572155,36.031306878656],[-86.7174526127391,36.0313452175991],[-86.7174752683946,36.03145716679],[-86.7170778311728,36.0314903011965],[-86.7170804371516,36.0314792971033]]]},"properties":{"id":"2525","parcel":"172080B04200CO","address":"1805 CHAMPIONS DR","owner":"QUINTERO, JUAN PABLO & FLOWERS, SAVANNAH JOY","point":[-86.71727459451184,36.03140074592579]}},{"type":"Feature","id":"3030","geometry":{"type":"Polygon","coordinates":[[[-86.7147431645661,36.0324316115667],[-86.714768422126,36.0322314690444],[-86.7154182737261,36.0322847524377],[-86.7154038405347,36.0324848308336],[-86.7147431645661,36.0324316115667]]]},"properties":{"id":"3030","parcel":"17208000300","address":"5905 KINSDALE DR","owner":"BOTKO, CRAIG","point":[-86.71508272469156,36.03235818724361]}},{"type":"Feature","id":"3031","geometry":{"type":"Polygon","coordinates":[[[-86.7148113759812,36.0318927673896],[-86.7148516978337,36.0315628680263],[-86.7154717241159,36.0316097350893],[-86.7154473190135,36.0319043743566],[-86.7154449105829,36.0319373544014],[-86.7148113759812,36.0318927673896]]]},"properties":{"id":"3031","parcel":"17208000500","address":"5911 KINSDALE DR","owner":"HAGEWOOD, NATALIE","point":[-86.71514435161757,36.03175125835199]}},{"type":"Feature","id":"3032","geometry":{"type":"Polygon","coordinates":[[[-86.7148972363509,36.0312109623078],[-86.7149123820902,36.0310899980309],[-86.7149198880075,36.0310423074597],[-86.7149239760878,36.0309943442471],[-86.7149246289097,36.0309462680261],[-86.7149218479544,36.0308982428234],[-86.7149156391093,36.0308504290346],[-86.7155346114545,36.0307808204886],[-86.7155112599851,36.0310890342764],[-86.7154982813892,36.0312535462309],[-86.7148972363509,36.0312109623078]]]},"properties":{"id":"3032","parcel":"17208000700","address":"5919 KINSDALE DR","owner":"DYTZEL, ERIC & PAULA","point":[-86.71521922110189,36.0310190322296]}},{"type":"Feature","id":"3033","geometry":{"type":"Polygon","coordinates":[[[-86.7146618114674,36.0303047003411],[-86.7149762603112,36.0300698762137],[-86.7154206980725,36.0304496411485],[-86.7148515942075,36.0306486162126],[-86.7148268315323,36.0306026294635],[-86.7147984851328,36.0305580294315],[-86.7147666720508,36.0305149983826],[-86.7147315248288,36.0304737148854],[-86.71469318814,36.030434349325],[-86.7146518187886,36.0303970639027],[-86.7146446677351,36.0303874723802],[-86.7146394646621,36.0303770869793],[-86.7146363383737,36.0303661647066],[-86.714635366789,36.030354979995],[-86.7146365756948,36.0303438093889],[-86.7146399332142,36.0303329333801],[-86.7146453574357,36.03032262104],[-86.714652710882,36.0303131318553],[-86.7146618114674,36.0303047003411]]]},"properties":{"id":"3033","parcel":"17208000900","address":"414 KINHAWK DR","owner":"TRIMBELL, WILLIAM & TERRI TRUST","point":[-86.71497710579743,36.03036138393394]}},{"type":"Feature","id":"3343","geometry":{"type":"Polygon","coordinates":[[[-86.7186141892953,36.0326349508025],[-86.7188729916726,36.032530116829],[-86.719117328576,36.0326209603544],[-86.7187587969685,36.0327681494901],[-86.7187207406097,36.0327485966967],[-86.7187013843498,36.0327413765209],[-86.7186838564805,36.0327315470042],[-86.7186686845361,36.0327194042307],[-86.7186563267664,36.0327053131961],[-86.7186471531997,36.0326896998091],[-86.7186141892953,36.0326349508025]]]},"properties":{"id":"3343","parcel":"172080B08100CO","address":"505 CHAMPIONS CT","owner":"NAJJARAN, SOHEIL","point":[-86.71882252477008,36.03266277532111]}},{"type":"Feature","id":"3345","geometry":{"type":"Polygon","coordinates":[[[-86.7187949152581,36.0328602752454],[-86.7187948306015,36.0328404824236],[-86.718791047469,36.0328209279761],[-86.718783653213,36.0328020683379],[-86.7187728193177,36.0327843378105],[-86.7187587969685,36.0327681494901],[-86.719117328576,36.0326209603544],[-86.7191550161649,36.0329734696209],[-86.7187949152581,36.0328602752454]]]},"properties":{"id":"3345","parcel":"172080B08200CO","address":"509 CHAMPIONS CT","owner":"KHADEM, SHAHROUZ","point":[-86.7189570346352,36.03279362225641]}},{"type":"Feature","id":"3347","geometry":{"type":"Polygon","coordinates":[[[-86.718681123257,36.0332011034375],[-86.7183674747628,36.0331792589908],[-86.718579032322,36.0329362486981],[-86.7185969958502,36.0329457818095],[-86.7186167097563,36.0329526672913],[-86.7186375862677,36.032956696844],[-86.7186590051467,36.0329577533932],[-86.7186803291515,36.0329558028851],[-86.7187009230058,36.0329509058906],[-86.7188033750247,36.03320962777],[-86.718681123257,36.0332011034375]]]},"properties":{"id":"3347","parcel":"172080B08400CO","address":"512 CHAMPIONS CT","owner":"RAMADASS, KARTHIK & SHASHIKUMAR, NIRANJANA","point":[-86.71860585166708,36.03306872364329]}},{"type":"Feature","id":"3350","geometry":{"type":"Polygon","coordinates":[[[-86.7170339474335,36.0320246082145],[-86.7170484766636,36.0318355175887],[-86.7171259928285,36.0318386235694],[-86.7172035954454,36.0318396271669],[-86.7172811946258,36.0318385280148],[-86.7172950303374,36.0321724996375],[-86.7170463163283,36.0321959572061],[-86.7170339474335,36.0320246082145]]]},"properties":{"id":"3350","parcel":"172080B08900CO","address":"204 WALKING HORSE HL","owner":"CARTER, CHARLES W., II & PATRICIA A.","point":[-86.71716307816774,36.0319322222331]}},{"type":"Feature","id":"3352","geometry":{"type":"Polygon","coordinates":[[[-86.7170014606682,36.0320226041866],[-86.7166766767579,36.0320113496484],[-86.7166868826122,36.0318681624788],[-86.7166892688473,36.0318592389889],[-86.7166933320706,36.0318507237243],[-86.716698972071,36.0318428245787],[-86.716706052969,36.0318357316321],[-86.7167144032168,36.0318296171505],[-86.7167238199795,36.0318246292512],[-86.7167340768783,36.0318208891529],[-86.7167449228395,36.0318184866758],[-86.7167560976287,36.0318174801493],[-86.7169537228148,36.0318294884859],[-86.7170009850833,36.031833692987],[-86.7170484766636,36.0318355175887],[-86.7170339474335,36.0320246082145],[-86.7170014606682,36.0320226041866]]]},"properties":{"id":"3352","parcel":"172080B09000CO","address":"200 WALKING HORSE HL","owner":"COGGINS, HORRACE WAYNE","point":[-86.71686109094172,36.03194017957919]}},{"type":"Feature","id":"3354","geometry":{"type":"Polygon","coordinates":[[[-86.7166622038281,36.0322070328501],[-86.7166766767579,36.0320113496484],[-86.7170014606682,36.0320226041866],[-86.7170168517693,36.0322290982974],[-86.7166622038281,36.0322070328501]]]},"properties":{"id":"3354","parcel":"172080B09100CO","address":"1556 CELEBRATION WAY","owner":"NASSRI, ABBAS & AAMIRI, RASHA AL","point":[-86.71683870874082,36.03211483487741]}},{"type":"Feature","id":"3356","geometry":{"type":"Polygon","coordinates":[[[-86.7165158143055,36.032476025947],[-86.7165466903871,36.032448276242],[-86.7165740991478,36.0324182200079],[-86.7165977835094,36.0323861426836],[-86.7166175176332,36.0323523484496],[-86.7169594906416,36.032468991072],[-86.7167963720509,36.0326831402381],[-86.7165158143055,36.032476025947]]]},"properties":{"id":"3356","parcel":"172080B09300CO","address":"1548 CELEBRATION WAY","owner":"SPORE, MIKE P. ET UX","point":[-86.71676547578608,36.03257984158292]}},{"type":"Feature","id":"3361","geometry":{"type":"Polygon","coordinates":[[[-86.7147179463903,36.0326361485506],[-86.7147431645661,36.0324316115667],[-86.7154038405347,36.0324848308336],[-86.7154055105013,36.0324840881659],[-86.715392637984,36.0326942202345],[-86.7147179463903,36.0326361485506]]]},"properties":{"id":"3361","parcel":"17208000200","address":"5903 KINSDALE DR","owner":"KNOPPE, KRISTI","point":[-86.71506407656052,36.03256049774726]}},{"type":"Feature","id":"3363","geometry":{"type":"Polygon","coordinates":[[[-86.7149762603112,36.0300698762137],[-86.7151992948078,36.0298993280773],[-86.7156591192892,36.0302976810459],[-86.7155609494646,36.0304004583215],[-86.7154206980725,36.0304496411485],[-86.7149762603112,36.0300698762137]]]},"properties":{"id":"3363","parcel":"17208001000","address":"418 KINHAWK DR","owner":"BROWN FAMILY TRUST","point":[-86.71531859825585,36.030183781272555]}},{"type":"Feature","id":"3785","geometry":{"type":"Polygon","coordinates":[[[-86.7179944537563,36.0305244380492],[-86.7182730132611,36.0303367216292],[-86.7182784502214,36.030340028514],[-86.7184269589532,36.0304801028956],[-86.7181957141609,36.0306397173699],[-86.7181705151667,36.0306308870732],[-86.7181441699961,36.0306246404049],[-86.7181248449137,36.0306210539714],[-86.7181063737759,36.0306152065042],[-86.7180891582853,36.0306072235934],[-86.7180735672813,36.0305972778926],[-86.7180599389102,36.0305855836978],[-86.7179944537563,36.0305244380492]]]},"properties":{"id":"3785","parcel":"172080B05100CO","address":"1828 CHAMPIONS DR","owner":"GOURBANDI, OMID DEHGHANI","point":[-86.71821110236658,36.03050227159814]}},{"type":"Feature","id":"3787","geometry":{"type":"Polygon","coordinates":[[[-86.7181920103999,36.0308287436747],[-86.7182097727422,36.0308186460412],[-86.7182253429878,36.0308063920556],[-86.718238327797,36.030792290504],[-86.718248400827,36.0307766966401],[-86.7182553082064,36.0307600040413],[-86.7182588739854,36.0307426337605],[-86.7187407945798,36.0307771212607],[-86.7187993173915,36.0308333202757],[-86.7188226766101,36.0308557511411],[-86.7184210818135,36.0310273708125],[-86.7183779527144,36.0310452095279],[-86.7181920103999,36.0308287436747]]]},"properties":{"id":"3787","parcel":"172080B05300CO","address":"1820 CHAMPIONS DR","owner":"SPAZIANO, MICHELLE","point":[-86.71845506302493,36.030941169605605]}},{"type":"Feature","id":"3789","geometry":{"type":"Polygon","coordinates":[[[-86.717950379342,36.0310367695233],[-86.7180621820615,36.0308339131025],[-86.7180833004869,36.0308402206825],[-86.7181053876198,36.0308437050378],[-86.7181278778599,36.0308442767055],[-86.7181501907487,36.0308419211193],[-86.718171753169,36.0308366993783],[-86.7181920103999,36.0308287436747],[-86.7183779527144,36.0310452095279],[-86.7182081588502,36.0311187462622],[-86.7181784977424,36.0311299116518],[-86.717950379342,36.0310367695233]]]},"properties":{"id":"3789","parcel":"172080B05400CO","address":"1816 CHAMPIONS DR","owner":"BURTON, RAYMOND ET UX","point":[-86.7181460012116,36.030940774390274]}},{"type":"Feature","id":"3791","geometry":{"type":"Polygon","coordinates":[[[-86.7176706775221,36.0309241544165],[-86.7177023516508,36.0308770010789],[-86.7177377690828,36.0308316388385],[-86.7177767795801,36.0307882650692],[-86.7178192128205,36.0307470646462],[-86.7178648851275,36.0307082180183],[-86.7179136004992,36.0306718921878],[-86.7179208439278,36.0306686899892],[-86.7179286482087,36.030666526345],[-86.7179367886419,36.0306654620795],[-86.7179450346946,36.0306655265065],[-86.7179531489165,36.0306667201396],[-86.7179609001807,36.0306690065018],[-86.7179680659926,36.0306723220256],[-86.7179744402072,36.0306765705998],[-86.7179798419797,36.0306816316274],[-86.717984116874,36.0306873600191],[-86.7179871413504,36.0306935915741],[-86.7179888294634,36.0307001474471],[-86.7179891340362,36.0307068413513],[-86.7179880444503,36.0307134804728],[-86.7179858186635,36.030731425898],[-86.717987168549,36.0307494293292],[-86.7179920554885,36.0307670232244],[-86.7180003555344,36.0307837522668],[-86.7180118528334,36.0307991824165],[-86.7180262497343,36.0308129143703],[-86.7180431712993,36.0308245916463],[-86.7180621820615,36.0308339131025],[-86.717950379342,36.0310367695233],[-86.7176706775221,36.0309241544165]]]},"properties":{"id":"3791","parcel":"172080B05500CO","address":"1812 CHAMPIONS DR","owner":"LYONS, KATHY","point":[-86.71788478111084,36.03085546314084]}},{"type":"Feature","id":"3793","geometry":{"type":"Polygon","coordinates":[[[-86.7175863819216,36.0311773948517],[-86.7175928155538,36.0311337699231],[-86.7176023494903,36.0310905203943],[-86.717614948429,36.0310477924847],[-86.7176305736989,36.0310057279269],[-86.7176491711037,36.030964469447],[-86.7176706775221,36.0309241544165],[-86.717950379342,36.0310367695233],[-86.7181784977424,36.0311299116518],[-86.7180167801947,36.0311990052592],[-86.7179925303006,36.0312101365525],[-86.7175863819216,36.0311773948517]]]},"properties":{"id":"3793","parcel":"172080B05600CO","address":"1808 CHAMPIONS DR","owner":"EMMEL, BRIAN","point":[-86.7178203944741,36.03106965489101]}},{"type":"Feature","id":"3795","geometry":{"type":"Polygon","coordinates":[[[-86.7176075626033,36.0314256105329],[-86.7178615464165,36.0313867361902],[-86.7179500094324,36.031594993096],[-86.7178492175583,36.03161996195],[-86.7177475101977,36.0316423512598],[-86.7177355678101,36.0316454714805],[-86.717723148767,36.0316469244404],[-86.71771060777,36.0316466683697],[-86.7176982944282,36.0316447120012],[-86.7176865587578,36.0316411091305],[-86.7176757312341,36.0316359614381],[-86.7176661161013,36.0316294149245],[-86.7176579857678,36.031621653634],[-86.7176515696866,36.0316128970173],[-86.7176470476157,36.0316033909589],[-86.7176075626033,36.0314256105329]]]},"properties":{"id":"3795","parcel":"172080B05800CO","address":"1800 CHAMPIONS DR","owner":"PEAS & POD REV TRUST","point":[-86.71777023125829,36.03151028180309]}},{"type":"Feature","id":"3797","geometry":{"type":"Polygon","coordinates":[[[-86.7182081588502,36.0311187462622],[-86.7183779527144,36.0310452095279],[-86.7184210818135,36.0310273708125],[-86.7185858568355,36.0312967081241],[-86.7185650895495,36.0313075366569],[-86.7185463058908,36.0313205353908],[-86.7185298454996,36.0313354697673],[-86.7185160099502,36.0313520676003],[-86.7185053037958,36.0313704160114],[-86.718491452126,36.0313873185752],[-86.7184747435842,36.0314024229656],[-86.7184555281572,36.0314154116415],[-86.7184342084059,36.0314260136153],[-86.7184112284016,36.031434008125],[-86.7183842723013,36.031445157435],[-86.7182081588502,36.0311187462622]]]},"properties":{"id":"3797","parcel":"172080B06100CO","address":"225 WALKING HORSE HL","owner":"BURTON, RAYMOND & KRYSTAL","point":[-86.71839380133612,36.0312077198121]}},{"type":"Feature","id":"3799","geometry":{"type":"Polygon","coordinates":[[[-86.7182265345828,36.0316548809257],[-86.7184692371456,36.0315655252456],[-86.718650703273,36.0318853102184],[-86.7185588739748,36.0319034394572],[-86.7184103254584,36.031932893611],[-86.7183833074074,36.0319374521206],[-86.7182265345828,36.0316548809257]]]},"properties":{"id":"3799","parcel":"172080B06700CO","address":"220 WALKING HORSE HL","owner":"BROWN, NATHANIEL & ASHLEY W.","point":[-86.71843789104256,36.031770094050984]}},{"type":"Feature","id":"3801","geometry":{"type":"Polygon","coordinates":[[[-86.7179729437357,36.031737708025],[-86.718053171873,36.0319328270724],[-86.7178867171307,36.0320766714383],[-86.7178497667221,36.0320459609646],[-86.7178153790114,36.0320133451975],[-86.717783702864,36.031978966558],[-86.7177548738699,36.0319429720527],[-86.7177290177138,36.0319055177603],[-86.7177062445947,36.0318667652593],[-86.7177029125282,36.0318570700533],[-86.717701518408,36.0318470667777],[-86.71770209673,36.0318370120959],[-86.7177046342376,36.0318271584493],[-86.7177090655174,36.0318177576887],[-86.7177152795336,36.0318090475157],[-86.7177231174011,36.031801250595],[-86.717732380047,36.0317945627917],[-86.7177428326649,36.0317891549477],[-86.717754210181,36.0317851638358],[-86.7178279115748,36.0317718173263],[-86.7179008648438,36.0317559894585],[-86.7179729437357,36.031737708025]]]},"properties":{"id":"3801","parcel":"172080B06900CO","address":"1701 CHAMPIONS DR","owner":"DINGER, ANDY & ASHLEY CLAIRE","point":[-86.71789295231956,36.03191917689578]}},{"type":"Feature","id":"11562","geometry":{"type":"Polygon","coordinates":[[[-86.7170198863836,36.0376200812539],[-86.717048503672,36.0375851796228],[-86.7172038175146,36.0376625479277],[-86.7171755268844,36.0376977360649],[-86.7170984067971,36.0376579838465],[-86.7170198863836,36.0376200812539]]]},"properties":{"id":"11562","parcel":"161160A10600CO","address":"322 SHADOW GLEN DR","owner":"HINSON, CHRISTOPHER ALAN","point":[-86.71710811081583,36.03763914808506]}},{"type":"Feature","id":"11564","geometry":{"type":"Polygon","coordinates":[[[-86.7169313772243,36.0377390008889],[-86.7169619382669,36.0376983816269],[-86.7171154068761,36.0377715754176],[-86.7170803188429,36.0378150850675],[-86.7170054328185,36.0377775799388],[-86.7169313772243,36.0377390008889]]]},"properties":{"id":"11564","parcel":"161160A10900CO","address":"316 SHADOW GLEN DR","owner":"HAMMOND, JUSTIN & MALISSA","point":[-86.7170219549476,36.03775528479703]}},{"type":"Feature","id":"12380","geometry":{"type":"Polygon","coordinates":[[[-86.717048503672,36.0375851796228],[-86.7170775181239,36.0375489155693],[-86.7171509574314,36.0375873386694],[-86.7172327971904,36.0376271078262],[-86.7172038175146,36.0376625479277],[-86.717048503672,36.0375851796228]]]},"properties":{"id":"12380","parcel":"161160A10500CO","address":"324 SHADOW GLEN DR","owner":"CONLEY, JAMES H","point":[-86.71714208050086,36.03760710579658]}},{"type":"Feature","id":"12381","geometry":{"type":"Polygon","coordinates":[[[-86.7169882044105,36.0376631397923],[-86.7170198863836,36.0376200812539],[-86.7170984067971,36.0376579838465],[-86.7171755268844,36.0376977360649],[-86.7171447371234,36.0377358700748],[-86.7170670004912,36.0376987532824],[-86.7169882044105,36.0376631397923]]]},"properties":{"id":"12381","parcel":"161160A10700CO","address":"320 SHADOW GLEN DR","owner":"PAGE, SUSAN L.","point":[-86.71708421552793,36.037680443509586]}},{"type":"Feature","id":"12382","geometry":{"type":"Polygon","coordinates":[[[-86.7169000542746,36.0377815200954],[-86.7169313772243,36.0377390008889],[-86.7170054328185,36.0377775799388],[-86.7170803188429,36.0378150850675],[-86.7170498903525,36.0378526824346],[-86.7169000542746,36.0377815200954]]]},"properties":{"id":"12382","parcel":"161160A11000CO","address":"314 SHADOW GLEN DR","owner":"BISHOP, BETHANY K","point":[-86.71699109729471,36.03779830476485]}},{"type":"Feature","id":"12841","geometry":{"type":"Polygon","coordinates":[[[-86.7169619382669,36.0376983816269],[-86.7169882044105,36.0376631397923],[-86.7170670004912,36.0376987532824],[-86.7171447371234,36.0377358700748],[-86.7171154068761,36.0377715754176],[-86.7169619382669,36.0376983816269]]]},"properties":{"id":"12841","parcel":"161160A10800CO","address":"318 SHADOW GLEN DR","owner":"WILLIAMS, NECIA SOEL-HEE","point":[-86.71705349008457,36.037717188098334]}},{"type":"Feature","id":"12844","geometry":{"type":"Polygon","coordinates":[[[-86.7170734185601,36.0378732523376],[-86.7162177659995,36.0377888789187],[-86.7163690287971,36.0375688672273],[-86.716417263392,36.0372100072116],[-86.7172023586617,36.0372796132821],[-86.7173117263458,36.0372898652102],[-86.7172653927407,36.0376159486673],[-86.7170734185601,36.0378732523376]],[[-86.7171509574314,36.0375873386694],[-86.7170775181239,36.0375489155693],[-86.717048503672,36.0375851796228],[-86.7170198863836,36.0376200812539],[-86.7169882044105,36.0376631397923],[-86.7169619382669,36.0376983816269],[-86.7169313772243,36.0377390008889],[-86.7169000542746,36.0377815200954],[-86.7170498903525,36.0378526824346],[-86.7170803188429,36.0378150850675],[-86.7171154068761,36.0377715754176],[-86.7171447371234,36.0377358700748],[-86.7171755268844,36.0376977360649],[-86.7172038175146,36.0376625479277],[-86.7172327971904,36.0376271078262],[-86.7171509574314,36.0375873386694]],[[-86.7167208272442,36.0375628383617],[-86.7167497672417,36.0375258087313],[-86.7165908055633,36.0374504254551],[-86.7165632046121,36.0374880356292],[-86.7165291577749,36.0375260581639],[-86.716507844047,36.037557481413],[-86.7164752492177,36.0376029544007],[-86.7164508294946,36.0376362356468],[-86.7164211163313,36.0376762729096],[-86.7163899444781,36.0377195779133],[-86.716540616055,36.0377895615309],[-86.7165702516025,36.0377519951461],[-86.7166051685655,36.0377079458871],[-86.7166337345245,36.0376720045693],[-86.7166640706794,36.0376336291381],[-86.7166922808191,36.0375982297965],[-86.7167208272442,36.0375628383617]]]},"properties":{"id":"12844","parcel":"161160A20300CO","address":"0 SHADOW GLEN DR","owner":"O.I.C. TOWNHOMES OF SHADOW GLEN","point":[-86.7170085692429,36.03753797171565]}},{"type":"Feature","id":"12874","geometry":{"type":"Polygon","coordinates":[[[-86.7163027379965,36.0380715835846],[-86.7163042718696,36.0380299906013],[-86.7164842550263,36.0380326717211],[-86.7164807632515,36.0380754435238],[-86.7163027379965,36.0380715835846]]]},"properties":{"id":"12874","parcel":"161160A09300CO","address":"315 SHADOW GLEN DR","owner":"IMES, JONATHAN JR. & BRIANNA","point":[-86.71639305641517,36.038052126646356]}},{"type":"Feature","id":"12877","geometry":{"type":"Polygon","coordinates":[[[-86.7168129054841,36.0380516973899],[-86.7168205730322,36.0380042635815],[-86.7170010087858,36.0380248913931],[-86.7169914508353,36.0380696668313],[-86.7168129054841,36.0380516973899]]]},"properties":{"id":"12877","parcel":"161160A11400CO","address":"306 SHADOW GLEN DR","owner":"AKERS, KIMBERLY","point":[-86.71690660444426,36.03803829359576]}},{"type":"Feature","id":"12880","geometry":{"type":"Polygon","coordinates":[[[-86.7161364043137,36.0387667968701],[-86.7160888338355,36.0384247080882],[-86.7161406543159,36.0382814883792],[-86.7161688397896,36.0379568210749],[-86.7161934919674,36.0378241844503],[-86.7162177659995,36.0377888789187],[-86.7170734185601,36.0378732523376],[-86.7170030518156,36.0382054920888],[-86.7169429724955,36.0382265702996],[-86.7169926661508,36.038329510542],[-86.7167632042592,36.0384173529639],[-86.7165222035401,36.0385988069669],[-86.716212540983,36.0388319539802],[-86.7161364043137,36.0387667968701]],[[-86.7164653307885,36.0382262837795],[-86.7162814794078,36.0382180114682],[-86.7162779849737,36.0382628409305],[-86.7162748336514,36.0383079405433],[-86.7162715845,36.0383480953416],[-86.7162681505752,36.0383959464783],[-86.7162649282355,36.0384374764895],[-86.7164426965402,36.0384461031536],[-86.7164479272218,36.0384034490003],[-86.7164534382592,36.0383580424329],[-86.7164586794247,36.0383159371034],[-86.7164621737592,36.0382711076364],[-86.7164653307885,36.0382262837795]],[[-86.7170245278848,36.0378941207026],[-86.7168418287103,36.0378749791058],[-86.7168345928656,36.0379190908859],[-86.7168274390231,36.0379642981498],[-86.7168205730322,36.0380042635815],[-86.7168129054841,36.0380516973899],[-86.716805803417,36.0380930504133],[-86.7167973467584,36.0381435506068],[-86.7167896791911,36.0381909853135],[-86.7169620260314,36.0382076036806],[-86.7169712872956,36.0381633960238],[-86.7169823852407,36.0381119436577],[-86.7169914508353,36.0380696668313],[-86.7170010087858,36.0380248913931],[-86.7170101170641,36.0379831659018],[-86.7170179260848,36.0379376509921],[-86.7170245278848,36.0378941207026]],[[-86.7164931187946,36.0379000207578],[-86.716494454214,36.0378551356243],[-86.7163103673423,36.0378517912305],[-86.7163086957263,36.0378966927806],[-86.7163073782135,36.0379418526989],[-86.7163057609568,36.0379820735093],[-86.7163042718696,36.0380299906013],[-86.7163027379965,36.0380715835846],[-86.7163007581106,36.0381225454575],[-86.7162992690179,36.0381704625479],[-86.7164727664451,36.0381723043817],[-86.7164764815969,36.0381275979781],[-86.7164807632515,36.0380754435238],[-86.7164842550263,36.0380326717211],[-86.7164879194555,36.037987140934],[-86.7164914483661,36.0379449195996],[-86.7164931187946,36.0379000207578]]]},"properties":{"id":"12880","parcel":"161160A20400CO","address":"0 SHADOW GLEN DR","owner":"O.I.C.TOWNHOMES OF SHADOW GLEN","point":[-86.7167219313418,36.03831277847797]}},{"type":"Feature","id":"13005","geometry":{"type":"Polygon","coordinates":[[[-86.7163007581106,36.0381225454575],[-86.7163027379965,36.0380715835846],[-86.7164807632515,36.0380754435238],[-86.7164764815969,36.0381275979781],[-86.7163007581106,36.0381225454575]]]},"properties":{"id":"13005","parcel":"161160A09200CO","address":"313 SHADOW GLEN DR","owner":"BOOTHE, AMANDA KATHERINE","point":[-86.71639024699039,36.038098993309525]}},{"type":"Feature","id":"13008","geometry":{"type":"Polygon","coordinates":[[[-86.7163042718696,36.0380299906013],[-86.7163057609568,36.0379820735093],[-86.7164879194555,36.037987140934],[-86.7164842550263,36.0380326717211],[-86.7163042718696,36.0380299906013]]]},"properties":{"id":"13008","parcel":"161160A09400CO","address":"317 SHADOW GLEN DR","owner":"THOMASON, NEAL BRADBERRY","point":[-86.71639556117945,36.03800856453875]}},{"type":"Feature","id":"13015","geometry":{"type":"Polygon","coordinates":[[[-86.7167896791911,36.0381909853135],[-86.7167973467584,36.0381435506068],[-86.7169712872956,36.0381633960238],[-86.7169620260314,36.0382076036806],[-86.7167896791911,36.0381909853135]]]},"properties":{"id":"13015","parcel":"161160A11700CO","address":"300 SHADOW GLEN DR","owner":"LIMA, MARILYN RHODE REVOCABLE LIVING TRUST","point":[-86.7168801483713,36.03817718991239]}},{"type":"Feature","id":"15215","geometry":{"type":"Polygon","coordinates":[[[-86.7162649282355,36.0384374764895],[-86.7162681505752,36.0383959464783],[-86.7164479272218,36.0384034490003],[-86.7164426965402,36.0384461031536],[-86.7162649282355,36.0384374764895]]]},"properties":{"id":"15215","parcel":"161160A08600CO","address":"301 SHADOW GLEN DR","owner":"CHONG, STEVEN S.","point":[-86.71635603989331,36.03842046186245]}},{"type":"Feature","id":"15217","geometry":{"type":"Polygon","coordinates":[[[-86.7162715845,36.0383480953416],[-86.7162748336514,36.0383079405433],[-86.7164586794247,36.0383159371034],[-86.7164534382592,36.0383580424329],[-86.7162715845,36.0383480953416]]]},"properties":{"id":"15217","parcel":"161160A08800CO","address":"305 SHADOW GLEN DR","owner":"SWEENEY, JAMES P., JR. & MARY JO & MARY KATHLEEN","point":[-86.71636477709696,36.03833201541963]}},{"type":"Feature","id":"15219","geometry":{"type":"Polygon","coordinates":[[[-86.7162748336514,36.0383079405433],[-86.7162779849737,36.0382628409305],[-86.7164621737592,36.0382711076364],[-86.7164586794247,36.0383159371034],[-86.7162748336514,36.0383079405433]]]},"properties":{"id":"15219","parcel":"161160A08900CO","address":"307 SHADOW GLEN DR","owner":"HANNA, MAGDA","point":[-86.71636842850322,36.03828952394863]}},{"type":"Feature","id":"15220","geometry":{"type":"Polygon","coordinates":[[[-86.7162779849737,36.0382628409305],[-86.7162814794078,36.0382180114682],[-86.7164653307885,36.0382262837795],[-86.7164621737592,36.0382711076364],[-86.7162779849737,36.0382628409305]]]},"properties":{"id":"15220","parcel":"161160A09000CO","address":"309 SHADOW GLEN DR","owner":"NAZI, AVIN","point":[-86.71637172739497,36.03824456255608]}},{"type":"Feature","id":"15223","geometry":{"type":"Polygon","coordinates":[[[-86.7162992690179,36.0381704625479],[-86.7163007581106,36.0381225454575],[-86.7164764815969,36.0381275979781],[-86.7164727664451,36.0381723043817],[-86.7162992690179,36.0381704625479]]]},"properties":{"id":"15223","parcel":"161160A09100CO","address":"311 SHADOW GLEN DR","owner":"WALI, ROHAN S. & TAMBEKAR, SONAJA","point":[-86.71638731250394,36.03814902896465]}},{"type":"Feature","id":"15225","geometry":{"type":"Polygon","coordinates":[[[-86.7168345928656,36.0379190908859],[-86.7168418287103,36.0378749791058],[-86.7170245278848,36.0378941207026],[-86.7170179260848,36.0379376509921],[-86.7168345928656,36.0379190908859]]]},"properties":{"id":"15225","parcel":"161160A11100CO","address":"312 SHADOW GLEN DR","owner":"TOMLIN, MAY LILL","point":[-86.71692963895144,36.03790660601741]}},{"type":"Feature","id":"15227","geometry":{"type":"Polygon","coordinates":[[[-86.7168274390231,36.0379642981498],[-86.7168345928656,36.0379190908859],[-86.7170179260848,36.0379376509921],[-86.7170101170641,36.0379831659018],[-86.7168274390231,36.0379642981498]]]},"properties":{"id":"15227","parcel":"161160A11200CO","address":"310 SHADOW GLEN DR","owner":"SHADOW GLEN, LLC","point":[-86.71692259235665,36.03795097439588]}},{"type":"Feature","id":"15229","geometry":{"type":"Polygon","coordinates":[[[-86.7168205730322,36.0380042635815],[-86.7168274390231,36.0379642981498],[-86.7170101170641,36.0379831659018],[-86.7170010087858,36.0380248913931],[-86.7168205730322,36.0380042635815]]]},"properties":{"id":"15229","parcel":"161160A11300CO","address":"308 SHADOW GLEN DR","owner":"MCMORRAN, JOHANNA K","point":[-86.71691509485777,36.037993714188474]}},{"type":"Feature","id":"15231","geometry":{"type":"Polygon","coordinates":[[[-86.716805803417,36.0380930504133],[-86.7168129054841,36.0380516973899],[-86.7169914508353,36.0380696668313],[-86.7169823852407,36.0381119436577],[-86.716805803417,36.0380930504133]]]},"properties":{"id":"15231","parcel":"161160A11500CO","address":"304 SHADOW GLEN DR","owner":"DAVIS, STEPHANIE SFIKAS","point":[-86.71689837310832,36.03808135805854]}},{"type":"Feature","id":"15763","geometry":{"type":"Polygon","coordinates":[[[-86.7162681505752,36.0383959464783],[-86.7162715845,36.0383480953416],[-86.7164534382592,36.0383580424329],[-86.7164479272218,36.0384034490003],[-86.7162681505752,36.0383959464783]]]},"properties":{"id":"15763","parcel":"161160A08700CO","address":"303 SHADOW GLEN DR","owner":"SHEMSSULLDIN, NOJDAR & FAKHRIYA NAZI","point":[-86.71636031911007,36.03837699336713]}},{"type":"Feature","id":"15765","geometry":{"type":"Polygon","coordinates":[[[-86.7163057609568,36.0379820735093],[-86.7163073782135,36.0379418526989],[-86.7164914483661,36.0379449195996],[-86.7164879194555,36.037987140934],[-86.7163057609568,36.0379820735093]]]},"properties":{"id":"15765","parcel":"161160A09500CO","address":"319 SHADOW GLEN DR","owner":"WALAWENDER, KARI LYNN","point":[-86.71639819716086,36.03796349562666]}},{"type":"Feature","id":"15769","geometry":{"type":"Polygon","coordinates":[[[-86.7167973467584,36.0381435506068],[-86.716805803417,36.0380930504133],[-86.7169823852407,36.0381119436577],[-86.7169712872956,36.0381633960238],[-86.7167973467584,36.0381435506068]]]},"properties":{"id":"15769","parcel":"161160A11600CO","address":"302 SHADOW GLEN DR","owner":"SWEET GUM PROPERTIES, LLC","point":[-86.71688947993563,36.038127746256464]}},{"type":"Feature","id":"16139","geometry":{"type":"Polygon","coordinates":[[[-86.7197831461453,36.0377202781358],[-86.7197893622702,36.0376721930474],[-86.719912983742,36.0376813281951],[-86.7199063012697,36.0377304778002],[-86.7197831461453,36.0377202781358]]]},"properties":{"id":"16139","parcel":"161150B02100CO","address":"543 SWISS AVE","owner":"BURTON, DEBRA LYNN","point":[-86.71984799934917,36.03770080302983]}},{"type":"Feature","id":"18547","geometry":{"type":"Polygon","coordinates":[[[-86.7175368864311,36.038427490777],[-86.7175540872254,36.0382867676808],[-86.717602462984,36.0382935430306],[-86.7175855870587,36.0384339802921],[-86.7175368864311,36.038427490777]]]},"properties":{"id":"18547","parcel":"161160A13700CO","address":"605 SHADOW GLEN DR","owner":"SMITH FAMILY TRUST, THE","point":[-86.71756974388867,36.03836051707167]}},{"type":"Feature","id":"18548","geometry":{"type":"Polygon","coordinates":[[[-86.7174313233515,36.0384136607925],[-86.7174519035701,36.0382728337703],[-86.7175026570351,36.0382798122147],[-86.717485806974,36.0384207981951],[-86.7174313233515,36.0384136607925]]]},"properties":{"id":"18548","parcel":"161160A13900CO","address":"609 SHADOW GLEN DR","owner":"RRK HOLDINGS, LLC","point":[-86.71746788160526,36.03834673860975]}},{"type":"Feature","id":"18549","geometry":{"type":"Polygon","coordinates":[[[-86.7173822843618,36.0384071795387],[-86.7174018382209,36.0382661107802],[-86.7174519035701,36.0382728337703],[-86.7174313233515,36.0384136607925],[-86.7173822843618,36.0384071795387]]]},"properties":{"id":"18549","parcel":"161160A14000CO","address":"611 SHADOW GLEN DR","owner":"SHYAM, AMBILI & NAGARAJAN, SHYAM","point":[-86.71741684106355,36.03834000606397]}},{"type":"Feature","id":"18550","geometry":{"type":"Polygon","coordinates":[[[-86.7173315433017,36.0384004767653],[-86.7173514220422,36.0382591230751],[-86.7174018382209,36.0382661107802],[-86.7173822843618,36.0384071795387],[-86.7173315433017,36.0384004767653]]]},"properties":{"id":"18550","parcel":"161160A14100CO","address":"613 SHADOW GLEN DR","owner":"YEATER, SHANNON MARIE & SIMON, ALLAN EDWARD","point":[-86.71736675862857,36.038333293938315]}},{"type":"Feature","id":"18864","geometry":{"type":"Polygon","coordinates":[[[-86.7175110179084,36.0380116060565],[-86.7175177959697,36.0379583731686],[-86.717684736152,36.0379888990072],[-86.7176769977667,36.038046865809],[-86.7175110179084,36.0380116060565]]]},"properties":{"id":"18864","parcel":"161160A14500CO","address":"506 SHADOW GLEN DR","owner":"FRATT, HANNAH DAWNELLE & JUSTIN","point":[-86.71759784140495,36.038000252479435]}},{"type":"Feature","id":"18866","geometry":{"type":"Polygon","coordinates":[[[-86.7175177959697,36.0379583731686],[-86.7175250205639,36.0379023616373],[-86.717692298935,36.0379328701292],[-86.717684736152,36.0379888990072],[-86.7175177959697,36.0379583731686]]]},"properties":{"id":"18866","parcel":"161160A14600CO","address":"508 SHADOW GLEN DR","owner":"SALEH, FEKRI","point":[-86.71760500863151,36.03794562158926]}},{"type":"Feature","id":"18868","geometry":{"type":"Polygon","coordinates":[[[-86.7175318435083,36.0378496773674],[-86.7175392716885,36.0377920035378],[-86.7177069768,36.0378235883157],[-86.7176997254471,36.0378793251247],[-86.7175318435083,36.0378496773674]]]},"properties":{"id":"18868","parcel":"161160A14800CO","address":"512 SHADOW GLEN DR","owner":"SALTZGIVER, MELINDA","point":[-86.71761940152352,36.037836632853235]}},{"type":"Feature","id":"18870","geometry":{"type":"Polygon","coordinates":[[[-86.7175665543781,36.0376649687104],[-86.71757303867,36.0376094410686],[-86.7177385922618,36.0376407195564],[-86.7177326691593,36.0376915291991],[-86.7175665543781,36.0376649687104]]]},"properties":{"id":"18870","parcel":"161160A15100CO","address":"518 SHADOW GLEN DR","owner":"MEHTA, BALKRISHNA C. & RAGINI B.","point":[-86.71765257456177,36.037652844167226]}},{"type":"Feature","id":"19003","geometry":{"type":"Polygon","coordinates":[[[-86.7197961450019,36.0376222208699],[-86.7198022597932,36.0375749565621],[-86.7199260546411,36.0375854849611],[-86.7199197383822,36.0376343890308],[-86.7197961450019,36.0376222208699]]]},"properties":{"id":"19003","parcel":"161150B01900CO","address":"547 SWISS AVE","owner":"TAYLOR, MICHELLE P","point":[-86.71986110184221,36.03760385293786]}},{"type":"Feature","id":"19755","geometry":{"type":"Polygon","coordinates":[[[-86.7175538769083,36.0377754535409],[-86.7175605370659,36.0377182619678],[-86.7177260102212,36.0377487189729],[-86.7177193233022,36.0378056376229],[-86.7175538769083,36.0377754535409]]]},"properties":{"id":"19755","parcel":"161160A14900CO","address":"514 SHADOW GLEN DR","owner":"DANIELS, MARGIE","point":[-86.71763993659019,36.037762086271414]}},{"type":"Feature","id":"19782","geometry":{"type":"Polygon","coordinates":[[[-86.7197893622702,36.0376721930474],[-86.7197961450019,36.0376222208699],[-86.7199197383822,36.0376343890308],[-86.719912983742,36.0376813281951],[-86.7197893622702,36.0376721930474]]]},"properties":{"id":"19782","parcel":"161150B02000CO","address":"545 SWISS AVE","owner":"RRK HOLDINGS, LLC","point":[-86.71985447252315,36.037653290875106]}},{"type":"Feature","id":"19784","geometry":{"type":"Polygon","coordinates":[[[-86.7197765935134,36.0377683345895],[-86.7197831461453,36.0377202781358],[-86.7199063012697,36.0377304778002],[-86.719899646821,36.037776596187],[-86.7197765935134,36.0377683345895]]]},"properties":{"id":"19784","parcel":"161150B02200CO","address":"541 SWISS AVE","owner":"HODGE, JOHN PATRICK & LEE, EUNYOUNG","point":[-86.71984137171562,36.03774940603564]}},{"type":"Feature","id":"20651","geometry":{"type":"Polygon","coordinates":[[[-86.7175855870587,36.0384339802921],[-86.717602462984,36.0382935430306],[-86.717654230469,36.0383004901363],[-86.7176373421649,36.0384406525845],[-86.7175855870587,36.0384339802921]]]},"properties":{"id":"20651","parcel":"161160A13600CO","address":"603 SHADOW GLEN DR","owner":"HILL, PAMELA","point":[-86.71761989795408,36.03836723519408]}},{"type":"Feature","id":"20655","geometry":{"type":"Polygon","coordinates":[[[-86.717485806974,36.0384207981951],[-86.7175026570351,36.0382798122147],[-86.7175540872254,36.0382867676808],[-86.7175368864311,36.038427490777],[-86.717485806974,36.0384207981951]]]},"properties":{"id":"20655","parcel":"161160A13800CO","address":"607 SHADOW GLEN DR","owner":"O'NEIL, SAMANTHA LYNN","point":[-86.71751985605552,36.038353782728755]}},{"type":"Feature","id":"21040","geometry":{"type":"Polygon","coordinates":[[[-86.7171489516497,36.0385753004865],[-86.7169926661508,36.038329510542],[-86.7169429724955,36.0382265702996],[-86.7170030518156,36.0382054920888],[-86.7179785563926,36.0382258687835],[-86.7179419623651,36.0384662796679],[-86.7179293373052,36.038549227898],[-86.7179046739836,36.0387388194554],[-86.7173613822006,36.0386842488331],[-86.7171489516497,36.0385753004865]],[[-86.7174018382209,36.0382661107802],[-86.7173514220422,36.0382591230751],[-86.7173315433017,36.0384004767653],[-86.7173822843618,36.0384071795387],[-86.7174313233515,36.0384136607925],[-86.717485806974,36.0384207981951],[-86.7175368864311,36.038427490777],[-86.7175855870587,36.0384339802921],[-86.7176373421649,36.0384406525845],[-86.7176860428169,36.0384471429603],[-86.7177032785386,36.0383072443171],[-86.717654230469,36.0383004901363],[-86.717602462984,36.0382935430306],[-86.7175540872254,36.0382867676808],[-86.7175026570351,36.0382798122147],[-86.7174519035701,36.0382728337703],[-86.7174018382209,36.0382661107802]]]},"properties":{"id":"21040","parcel":"161160A20500CO","address":"0 SHADOW GLEN DR","owner":"TOWNHOMES OF SHADOW GLEN HOMEOWNERS ASSOCIATION, INC., THE","point":[-86.717520203579,36.03850677578324]}},{"type":"Feature","id":"21938","geometry":{"type":"Polygon","coordinates":[[[-86.7162901023553,36.03942757747],[-86.7165551597626,36.0391251608056],[-86.716212540983,36.0388319539802],[-86.7165222035401,36.0385988069669],[-86.7169023604749,36.0389078344199],[-86.7170687738341,36.0389989653921],[-86.7169411031692,36.0392411445205],[-86.7167411863522,36.0394693055201],[-86.7162901023553,36.03942757747]],[[-86.7168040587896,36.0389905928154],[-86.7167656218645,36.0389673860368],[-86.7166689964883,36.0390758383236],[-86.7167094538911,36.0391009754015],[-86.7167522728296,36.0391272223312],[-86.7167957639376,36.0391542917329],[-86.7168463369914,36.0391855072971],[-86.7168854484563,36.0392095419299],[-86.7169797308029,36.0390961381903],[-86.7169426417669,36.039073757144],[-86.7168930765821,36.0390439182069],[-86.716850253739,36.0390182229412],[-86.7168040587896,36.0389905928154]],[[-86.7165822245396,36.0390346605585],[-86.7167051356843,36.0389245828919],[-86.7166663028255,36.0388897030866],[-86.716629971695,36.0388572049285],[-86.7165918743203,36.0388233968688],[-86.7165562493156,36.0387914226468],[-86.7165188433843,36.0387578637154],[-86.7164828811918,36.0387259013908],[-86.7164479623544,36.0386944528981],[-86.7163203649511,36.0388055243527],[-86.7163559458246,36.0388366751244],[-86.7163918753197,36.0388680878916],[-86.7164295913563,36.0389010862161],[-86.7164672894031,36.03893380884],[-86.7165057240252,36.0389676050187],[-86.7165409508926,36.0389984928603],[-86.7165822245396,36.0390346605585]]]},"properties":{"id":"21938","parcel":"161160A30200CO","address":"0 SHADOW GLEN DR","owner":"O.I.C SHADOW GLEN HOMEOWNERS ASSOC.","point":[-86.71695920176111,36.03902701558907]}},{"type":"Feature","id":"21940","geometry":{"type":"Polygon","coordinates":[[[-86.7167094538911,36.0391009754015],[-86.7168040587896,36.0389905928154],[-86.716850253739,36.0390182229412],[-86.7167522728296,36.0391272223312],[-86.7167094538911,36.0391009754015]]]},"properties":{"id":"21940","parcel":"161160A07700CO","address":"416 SHADOW GLEN DR","owner":"STINSON, JACOB WILLIAM","point":[-86.71677898818172,36.03905959714759]}},{"type":"Feature","id":"21942","geometry":{"type":"Polygon","coordinates":[[[-86.7165409508926,36.0389984928603],[-86.7166663028255,36.0388897030866],[-86.7167051356843,36.0389245828919],[-86.7165822245396,36.0390346605585],[-86.7165409508926,36.0389984928603]]]},"properties":{"id":"21942","parcel":"161160A07900CO","address":"412 SHADOW GLEN DR","owner":"AHMAD, HASSAN & AVAN","point":[-86.71662370204423,36.03896153946125]}},{"type":"Feature","id":"21944","geometry":{"type":"Polygon","coordinates":[[[-86.7165057240252,36.0389676050187],[-86.716629971695,36.0388572049285],[-86.7166663028255,36.0388897030866],[-86.7165409508926,36.0389984928603],[-86.7165057240252,36.0389676050187]]]},"properties":{"id":"21944","parcel":"161160A08000CO","address":"410 SHADOW GLEN DR","owner":"SCHENKEL, DAVID","point":[-86.71658549160546,36.03892865284635]}},{"type":"Feature","id":"21946","geometry":{"type":"Polygon","coordinates":[[[-86.7164295913563,36.0389010862161],[-86.7165562493156,36.0387914226468],[-86.7165918743203,36.0388233968688],[-86.7164672894031,36.03893380884],[-86.7164295913563,36.0389010862161]]]},"properties":{"id":"21946","parcel":"161160A08200CO","address":"406 SHADOW GLEN DR","owner":"BIARD, DEREK & MEGAN","point":[-86.71651124934637,36.038862242791275]}},{"type":"Feature","id":"22348","geometry":{"type":"Polygon","coordinates":[[[-86.7174895000621,36.0381815585648],[-86.7174964110742,36.0381258400232],[-86.7176625178588,36.0381544835477],[-86.7176552473261,36.0382099464706],[-86.7174895000621,36.0381815585648]]]},"properties":{"id":"22348","parcel":"161160A14200CO","address":"500 SHADOW GLEN DR","owner":"FARLESS, ALEX","point":[-86.71757596052565,36.03816802097343]}},{"type":"Feature","id":"22349","geometry":{"type":"Polygon","coordinates":[[[-86.7174964110742,36.0381258400232],[-86.7175036592551,36.0380701023481],[-86.7176701458043,36.0380992771661],[-86.7176625178588,36.0381544835477],[-86.7174964110742,36.0381258400232]]]},"properties":{"id":"22349","parcel":"161160A14300CO","address":"502 SHADOW GLEN DR","owner":"BOOHER, HEATHER ASHLEY","point":[-86.71758322365032,36.038112558497104]}},{"type":"Feature","id":"22350","geometry":{"type":"Polygon","coordinates":[[[-86.71757303867,36.0376094410686],[-86.7175794938481,36.0375536396059],[-86.7177453049378,36.0375840756441],[-86.7177385922618,36.0376407195564],[-86.71757303867,36.0376094410686]]]},"properties":{"id":"22350","parcel":"161160A15200CO","address":"520 SHADOW GLEN DR","owner":"PINSON, KATHRYN","point":[-86.71765915361078,36.037596758344485]}},{"type":"Feature","id":"22351","geometry":{"type":"Polygon","coordinates":[[[-86.7175794938481,36.0375536396059],[-86.717585772069,36.0374995029836],[-86.7177518573891,36.0375257878246],[-86.7177453049378,36.0375840756441],[-86.7175794938481,36.0375536396059]]]},"properties":{"id":"22351","parcel":"161160A15300CO","address":"522 SHADOW GLEN DR","owner":"WARCGIKM RAQUEL","point":[-86.71766570071584,36.037539713805366]}},{"type":"Feature","id":"22352","geometry":{"type":"Polygon","coordinates":[[[-86.717585772069,36.0374995029836],[-86.7175919169633,36.0374439971883],[-86.7177580369847,36.0374741375469],[-86.7177518573891,36.0375257878246],[-86.717585772069,36.0374995029836]]]},"properties":{"id":"22352","parcel":"161160A15400CO","address":"524 SHADOW GLEN DR","owner":"TKM ENTERPRISES, LLC","point":[-86.71767184698729,36.03748682016075]}},{"type":"Feature","id":"22421","geometry":{"type":"Polygon","coordinates":[[[-86.7168463369914,36.0391855072971],[-86.7169426417669,36.039073757144],[-86.7169797308029,36.0390961381903],[-86.7168854484563,36.0392095419299],[-86.7168463369914,36.0391855072971]]]},"properties":{"id":"22421","parcel":"161160A07400CO","address":"422 SHADOW GLEN DR","owner":"LE, LINH & NGUYEN, HUY DUC","point":[-86.7169137128056,36.03914082436534]}},{"type":"Feature","id":"22425","geometry":{"type":"Polygon","coordinates":[[[-86.7167522728296,36.0391272223312],[-86.716850253739,36.0390182229412],[-86.7168930765821,36.0390439182069],[-86.7167957639376,36.0391542917329],[-86.7167522728296,36.0391272223312]]]},"properties":{"id":"22425","parcel":"161160A07600CO","address":"418 SHADOW GLEN DR","owner":"ROBERTS REV LIV TRUST","point":[-86.71682303381805,36.039085571138045]}},{"type":"Feature","id":"22821","geometry":{"type":"Polygon","coordinates":[[[-86.7163918753197,36.0388680878916],[-86.7165188433843,36.0387578637154],[-86.7165562493156,36.0387914226468],[-86.7164295913563,36.0389010862161],[-86.7163918753197,36.0388680878916]]]},"properties":{"id":"22821","parcel":"161160A08300CO","address":"404 SHADOW GLEN DR","owner":"BRANDON, NATHAN","point":[-86.71647400370779,36.03882975515899]}},{"type":"Feature","id":"22825","geometry":{"type":"Polygon","coordinates":[[[-86.7163203649511,36.0388055243527],[-86.7164479623544,36.0386944528981],[-86.7164828811918,36.0387259013908],[-86.7163559458246,36.0388366751244],[-86.7163203649511,36.0388055243527]]]},"properties":{"id":"22825","parcel":"161160A08500CO","address":"400 SHADOW GLEN DR","owner":"LERMAN, SCOTT","point":[-86.71640168057658,36.03876571303552]}},{"type":"Feature","id":"23269","geometry":{"type":"Polygon","coordinates":[[[-86.7176373421649,36.0384406525845],[-86.717654230469,36.0383004901363],[-86.7177032785386,36.0383072443171],[-86.7176860428169,36.0384471429603],[-86.7176373421649,36.0384406525845]]]},"properties":{"id":"23269","parcel":"161160A13500CO","address":"601 SHADOW GLEN DR","owner":"BLANCHARD, MICHAEL & MIZELL, JESSICA","point":[-86.71767021990317,36.038373948242786]}},{"type":"Feature","id":"23492","geometry":{"type":"Polygon","coordinates":[[[-86.7175036592551,36.0380701023481],[-86.7175110179084,36.0380116060565],[-86.7176769977667,36.038046865809],[-86.7176701458043,36.0380992771661],[-86.7175036592551,36.0380701023481]]]},"properties":{"id":"23492","parcel":"161160A14400CO","address":"504 SHADOW GLEN DR","owner":"YELAMELI, SATH P. & RAO, VIDYA Y.","point":[-86.71759029934297,36.03805848404121]}},{"type":"Feature","id":"23493","geometry":{"type":"Polygon","coordinates":[[[-86.7175250205639,36.0379023616373],[-86.7175318435083,36.0378496773674],[-86.7176997254471,36.0378793251247],[-86.717692298935,36.0379328701292],[-86.7175250205639,36.0379023616373]]]},"properties":{"id":"23493","parcel":"161160A14700CO","address":"510 SHADOW GLEN DR","owner":"FRANCISCO FAMILY TRUST","point":[-86.7176123191661,36.03789084328606]}},{"type":"Feature","id":"23496","geometry":{"type":"Polygon","coordinates":[[[-86.7175605370659,36.0377182619678],[-86.7175665543781,36.0376649687104],[-86.7177326691593,36.0376915291991],[-86.7177260102212,36.0377487189729],[-86.7175605370659,36.0377182619678]]]},"properties":{"id":"23496","parcel":"161160A15000CO","address":"516 SHADOW GLEN DR","owner":"PALANISWAMY, PRATHEEP & JAGANATHAN, SHARMILA","point":[-86.71764657920107,36.03770489555807]}},{"type":"Feature","id":"23498","geometry":{"type":"Polygon","coordinates":[[[-86.7175919169633,36.0374439971883],[-86.7175985737368,36.0373868056286],[-86.7177645457696,36.0374188810349],[-86.7177580369847,36.0374741375469],[-86.7175919169633,36.0374439971883]]]},"properties":{"id":"23498","parcel":"161160A15500CO","address":"526 SHADOW GLEN DR","owner":"EUBANKS, LINDA D LIVING TRUST","point":[-86.71767822245252,36.03743143912172]}},{"type":"Feature","id":"23767","geometry":{"type":"Polygon","coordinates":[[[-86.7167957639376,36.0391542917329],[-86.7168930765821,36.0390439182069],[-86.7169426417669,36.039073757144],[-86.7168463369914,36.0391855072971],[-86.7167957639376,36.0391542917329]]]},"properties":{"id":"23767","parcel":"161160A07500CO","address":"420 SHADOW GLEN DR","owner":"ESCALANTE, MARIO F & ABBY","point":[-86.71686960320855,36.039114025406505]}},{"type":"Feature","id":"23769","geometry":{"type":"Polygon","coordinates":[[[-86.7164672894031,36.03893380884],[-86.7165918743203,36.0388233968688],[-86.716629971695,36.0388572049285],[-86.7165057240252,36.0389676050187],[-86.7164672894031,36.03893380884]]]},"properties":{"id":"23769","parcel":"161160A08100CO","address":"408 SHADOW GLEN DR","owner":"JORDAN, ALISON ROSE","point":[-86.71654868673954,36.03889550704487]}},{"type":"Feature","id":"23846","geometry":{"type":"Polygon","coordinates":[[[-86.7166689964883,36.0390758383236],[-86.7167656218645,36.0389673860368],[-86.7168040587896,36.0389905928154],[-86.7167094538911,36.0391009754015],[-86.7166689964883,36.0390758383236]]]},"properties":{"id":"23846","parcel":"161160A07800CO","address":"414 SHADOW GLEN DR","owner":"SKINNER, KRISTY","point":[-86.7167372495125,36.03903321729408]}},{"type":"Feature","id":"23848","geometry":{"type":"Polygon","coordinates":[[[-86.7163559458246,36.0388366751244],[-86.7164828811918,36.0387259013908],[-86.7165188433843,36.0387578637154],[-86.7163918753197,36.0388680878916],[-86.7163559458246,36.0388366751244]]]},"properties":{"id":"23848","parcel":"161160A08400CO","address":"402 SHADOW GLEN DR","owner":"NORMAN, NANCY & ENG, GUNNAR KRISTOFER","point":[-86.71643727629086,36.03879726916798]}},{"type":"Feature","id":"23961","geometry":{"type":"Polygon","coordinates":[[[-86.7176416635931,36.0389447336232],[-86.7176555428864,36.0388006874142],[-86.7177044941441,36.0388057801876],[-86.7176879175385,36.0389499857735],[-86.7176416635931,36.0389447336232]]]},"properties":{"id":"23961","parcel":"161160A13400CO","address":"433 SHADOW GLEN DR","owner":"LIEDERERBACH, JOHN - PAUL F","point":[-86.71767243244047,36.03887525538793]}},{"type":"Feature","id":"25096","geometry":{"type":"Polygon","coordinates":[[[-86.7166765376653,36.0385668621258],[-86.7168070353628,36.0384638314915],[-86.7168426268126,36.0384957815063],[-86.7167131566896,36.0385990566258],[-86.7166765376653,36.0385668621258]]]},"properties":{"id":"25096","parcel":"161160A11800CO","address":"401 SHADOW GLEN DR","owner":"EPA BRENTWOOD HOLDINGS, LLC","point":[-86.7167598122609,36.03853132238834]}},{"type":"Feature","id":"25104","geometry":{"type":"Polygon","coordinates":[[[-86.7167131566896,36.0385990566258],[-86.7168426268126,36.0384957815063],[-86.7168785702381,36.0385279961992],[-86.7167515504321,36.038633125162],[-86.7167131566896,36.0385990566258]]]},"properties":{"id":"25104","parcel":"161160A11900CO","address":"403 SHADOW GLEN DR","owner":"STEBER, KATHLEEN L.","point":[-86.7167966700254,36.0385635283462]}},{"type":"Feature","id":"25110","geometry":{"type":"Polygon","coordinates":[[[-86.7169023604749,36.0389078344199],[-86.7165222035401,36.0385988069669],[-86.7167632042592,36.0384173529639],[-86.7169926661508,36.038329510542],[-86.7171489516497,36.0385753004865],[-86.7173613822006,36.0386842488331],[-86.7173021205793,36.0387928928909],[-86.717244368142,36.0389241792304],[-86.7170687738341,36.0389989653921],[-86.7169023604749,36.0389078344199]],[[-86.7171094518716,36.0386748670809],[-86.7170659430143,36.0386512255136],[-86.716966933822,36.038774337349],[-86.7170107825492,36.0387982536261],[-86.717055311483,36.0388221613331],[-86.7171018732878,36.0388471583059],[-86.7171474206325,36.0388718864039],[-86.7171905853793,36.0388952550951],[-86.7172895976967,36.0387721421584],[-86.717246770609,36.0387490490906],[-86.7172015642051,36.0387245911909],[-86.7171570385948,36.0387006817151],[-86.7171094518716,36.0386748670809]],[[-86.7168593196675,36.0387283969809],[-86.7169888986476,36.0386275915042],[-86.7169518832419,36.0385940339869],[-86.7169162883753,36.038562084025],[-86.7168785702381,36.0385279961992],[-86.7168426268126,36.0384957815063],[-86.7168070353628,36.0384638314915],[-86.7166765376653,36.0385668621258],[-86.7167131566896,36.0385990566258],[-86.7167515504321,36.038633125162],[-86.7167853570151,36.0386629281138],[-86.7168251394784,36.0386977797008],[-86.7168593196675,36.0387283969809]]]},"properties":{"id":"25110","parcel":"161160A20700CO","address":"0 SHADOW GLEN DR","owner":"TOWNHOMES OF SHADOW GLEN HOMEOWNERS ASSOCIATION, INC., THE","point":[-86.71721617487866,36.0386695318675]}},{"type":"Feature","id":"25115","geometry":{"type":"Polygon","coordinates":[[[-86.7171844039177,36.0392768551933],[-86.7172145127843,36.0391363870263],[-86.7172627078578,36.0391449751886],[-86.7172326462012,36.0392859928756],[-86.7171844039177,36.0392768551933]]]},"properties":{"id":"25115","parcel":"161160A07000CO","address":"430 SHADOW GLEN DR","owner":"WALLACE, CAROLINE L.","point":[-86.71722359449228,36.03921091528881]}},{"type":"Feature","id":"25121","geometry":{"type":"Polygon","coordinates":[[[-86.7171355108336,36.0392680296071],[-86.7171625155544,36.0391269093654],[-86.7172145127843,36.0391363870263],[-86.7171844039177,36.0392768551933],[-86.7171355108336,36.0392680296071]]]},"properties":{"id":"25121","parcel":"161160A07100CO","address":"428 SHADOW GLEN DR","owner":"COBALT FAMILY TRUST & SLOAN, E. A. JR","point":[-86.71717425496134,36.039202206538434]}},{"type":"Feature","id":"25127","geometry":{"type":"Polygon","coordinates":[[[-86.7173422099496,36.03891065784],[-86.7173579965452,36.038768977924],[-86.7174090223639,36.0387744991992],[-86.7173932605323,36.0389164538691],[-86.7173422099496,36.03891065784]]]},"properties":{"id":"25127","parcel":"161160A12800CO","address":"421 SHADOW GLEN DR","owner":"YADALI, KIRANMAYE & MADHU","point":[-86.7173756294515,36.03884257855602]}},{"type":"Feature","id":"25134","geometry":{"type":"Polygon","coordinates":[[[-86.7174936489481,36.0389278703946],[-86.7175086622569,36.0387851342403],[-86.717556939149,36.0387902671408],[-86.7175416123087,36.0389332971875],[-86.7174936489481,36.0389278703946]]]},"properties":{"id":"25134","parcel":"161160A13100CO","address":"427 SHADOW GLEN DR","owner":"THOMPSON, ZACHARY DAVID","point":[-86.71752522604174,36.038859068612105]}},{"type":"Feature","id":"25139","geometry":{"type":"Polygon","coordinates":[[[-86.7175416123087,36.0389332971875],[-86.717556939149,36.0387902671408],[-86.7176038426789,36.0387952054099],[-86.7175912895497,36.0389388985198],[-86.7175416123087,36.0389332971875]]]},"properties":{"id":"25139","parcel":"161160A13200CO","address":"429 SHADOW GLEN DR","owner":"ASKVIG, LAUR JANE SOPHIE & BRADEN KENNETH","point":[-86.7175734113801,36.038864252914024]}},{"type":"Feature","id":"25145","geometry":{"type":"Polygon","coordinates":[[[-86.7175912895497,36.0389388985198],[-86.7176038426789,36.0387952054099],[-86.7176555428864,36.0388006874142],[-86.7176416635931,36.0389447336232],[-86.7175912895497,36.0389388985198]]]},"properties":{"id":"25145","parcel":"161160A13300CO","address":"431 SHADOW GLEN DR","owner":"STREET, MATTHEW D. & MEGAN BESS","point":[-86.71762310530706,36.03886979223956]}},{"type":"Feature","id":"27639","geometry":{"type":"Polygon","coordinates":[[[-86.7168251394784,36.0386977797008],[-86.7169518832419,36.0385940339869],[-86.7169888986476,36.0386275915042],[-86.7168593196675,36.0387283969809],[-86.7168251394784,36.0386977797008]]]},"properties":{"id":"27639","parcel":"161160A12200CO","address":"409 SHADOW GLEN DR","owner":"REEVES, ANDY F.","point":[-86.71690590077986,36.03866268299042]}},{"type":"Feature","id":"27642","geometry":{"type":"Polygon","coordinates":[[[-86.716966933822,36.038774337349],[-86.7170659430143,36.0386512255136],[-86.7171094518716,36.0386748670809],[-86.7170107825492,36.0387982536261],[-86.716966933822,36.038774337349]]]},"properties":{"id":"27642","parcel":"161160A12300CO","address":"411 SHADOW GLEN DR","owner":"MAKONNEN, SOSIAK","point":[-86.7170383058565,36.03872460250311]}},{"type":"Feature","id":"27646","geometry":{"type":"Polygon","coordinates":[[[-86.7170107825492,36.0387982536261],[-86.7171094518716,36.0386748670809],[-86.7171570385948,36.0387006817151],[-86.717055311483,36.0388221613331],[-86.7170107825492,36.0387982536261]]]},"properties":{"id":"27646","parcel":"161160A12400CO","address":"413 SHADOW GLEN DR","owner":"OLSEN, TODD","point":[-86.71708299070102,36.03874946552278]}},{"type":"Feature","id":"27649","geometry":{"type":"Polygon","coordinates":[[[-86.717055311483,36.0388221613331],[-86.7171570385948,36.0387006817151],[-86.7172015642051,36.0387245911909],[-86.7171018732878,36.0388471583059],[-86.717055311483,36.0388221613331]]]},"properties":{"id":"27649","parcel":"161160A12500CO","address":"415 SHADOW GLEN DR","owner":"PLUNKET, ALISON K","point":[-86.71712902413026,36.0387733776677]}},{"type":"Feature","id":"27652","geometry":{"type":"Polygon","coordinates":[[[-86.7171474206325,36.0388718864039],[-86.717246770609,36.0387490490906],[-86.7172895976967,36.0387721421584],[-86.7171905853793,36.0388952550951],[-86.7171474206325,36.0388718864039]]]},"properties":{"id":"27652","parcel":"161160A12700CO","address":"419 SHADOW GLEN DR","owner":"LEE, KRISTINA","point":[-86.71721862268927,36.03882201457026]}},{"type":"Feature","id":"27655","geometry":{"type":"Polygon","coordinates":[[[-86.7172326462012,36.0392859928756],[-86.7172627078578,36.0391449751886],[-86.7173112636972,36.0391538198552],[-86.7172825744143,36.03929503488],[-86.7172326462012,36.0392859928756]]]},"properties":{"id":"27655","parcel":"161160A06900CO","address":"432 SHADOW GLEN DR","owner":"DOMAYER, MADISEN R & CORY D & SHANNON R","point":[-86.71727228606957,36.03921990715303]}},{"type":"Feature","id":"27658","geometry":{"type":"Polygon","coordinates":[[[-86.7170858962742,36.0392586936563],[-86.7171153533877,36.0391185376353],[-86.7171625155544,36.0391269093654],[-86.7171355108336,36.0392680296071],[-86.7170858962742,36.0392586936563]]]},"properties":{"id":"27658","parcel":"161160A07200CO","address":"426 SHADOW GLEN DR","owner":"RAPHAEL, CHADWICK A. & MARY R.","point":[-86.7171248260389,36.03919280298036]}},{"type":"Feature","id":"27663","geometry":{"type":"Polygon","coordinates":[[[-86.7170380383263,36.0392500853913],[-86.717067832704,36.0391099102506],[-86.7171153533877,36.0391185376353],[-86.7170858962742,36.0392586936563],[-86.7170380383263,36.0392500853913]]]},"properties":{"id":"27663","parcel":"161160A07300CO","address":"424 SHADOW GLEN DR","owner":"WEYMUTH, DONALD JEFFREY & JEANETTE MARIE","point":[-86.7170767740839,36.039184311704545]}},{"type":"Feature","id":"27666","geometry":{"type":"Polygon","coordinates":[[[-86.7173932605323,36.0389164538691],[-86.7174090223639,36.0387744991992],[-86.7174569620697,36.038779652173],[-86.7174412249888,36.0389218806954],[-86.7173932605323,36.0389164538691]]]},"properties":{"id":"27666","parcel":"161160A12900CO","address":"423 SHADOW GLEN DR","owner":"VERNON, JOEY K.","point":[-86.717425124579,36.038848053057016]}},{"type":"Feature","id":"27667","geometry":{"type":"Polygon","coordinates":[[[-86.7167411863522,36.0394693055201],[-86.7169411031692,36.0392411445205],[-86.7170687738341,36.0389989653921],[-86.717244368142,36.0389241792304],[-86.7173021205793,36.0387928928909],[-86.7173613822006,36.0386842488331],[-86.7179046739836,36.0387388194554],[-86.7178897283627,36.0388537071066],[-86.7177967385128,36.0395685421261],[-86.7174491761806,36.0395347621798],[-86.7167411863522,36.0394693055201]],[[-86.7171153533877,36.0391185376353],[-86.717067832704,36.0391099102506],[-86.7170380383263,36.0392500853913],[-86.7170858962742,36.0392586936563],[-86.7171355108336,36.0392680296071],[-86.7171844039177,36.0392768551933],[-86.7172326462012,36.0392859928756],[-86.7172825744143,36.03929503488],[-86.7173307931639,36.0393038986701],[-86.7173810832575,36.0393131962494],[-86.7174100624421,36.039171414364],[-86.7173615301372,36.0391628435901],[-86.7173112636972,36.0391538198552],[-86.7172627078578,36.0391449751886],[-86.7172145127843,36.0391363870263],[-86.7171625155544,36.0391269093654],[-86.7171153533877,36.0391185376353]],[[-86.7174090223639,36.0387744991992],[-86.7173579965452,36.038768977924],[-86.7173422099496,36.03891065784],[-86.7173932605323,36.0389164538691],[-86.7174412249888,36.0389218806954],[-86.7174936489481,36.0389278703946],[-86.7175416123087,36.0389332971875],[-86.7175912895497,36.0389388985198],[-86.7176416635931,36.0389447336232],[-86.7176879175385,36.0389499857735],[-86.7177044941441,36.0388057801876],[-86.7176555428864,36.0388006874142],[-86.7176038426789,36.0387952054099],[-86.717556939149,36.0387902671408],[-86.7175086622569,36.0387851342403],[-86.7174569620697,36.038779652173],[-86.7174090223639,36.0387744991992]]]},"properties":{"id":"27667","parcel":"161160A20800CO","address":"0 SHADOW GLEN DR","owner":"TOWNHOMES OF SHADOW GLEN HOMEOWNERS ASSOCIATION, INC, THE","point":[-86.71749672425364,36.03912356700339]}},{"type":"Feature","id":"27670","geometry":{"type":"Polygon","coordinates":[[[-86.7179785563926,36.0382258687835],[-86.7170030518156,36.0382054920888],[-86.7170734185601,36.0378732523376],[-86.7172653927407,36.0376159486673],[-86.7173117263458,36.0372898652102],[-86.7181097203886,36.0373646566499],[-86.718106298037,36.0373871300682],[-86.7179785563926,36.0382258687835]],[[-86.7177069768,36.0378235883157],[-86.7175392716885,36.0377920035378],[-86.7175318435083,36.0378496773674],[-86.7175250205639,36.0379023616373],[-86.7175177959697,36.0379583731686],[-86.7175110179084,36.0380116060565],[-86.7175036592551,36.0380701023481],[-86.7174964110742,36.0381258400232],[-86.7174895000621,36.0381815585648],[-86.7176552473261,36.0382099464706],[-86.7176625178588,36.0381544835477],[-86.7176701458043,36.0380992771661],[-86.7176769977667,36.038046865809],[-86.717684736152,36.0379888990072],[-86.717692298935,36.0379328701292],[-86.7176997254471,36.0378793251247],[-86.7177069768,36.0378235883157]],[[-86.7175538769083,36.0377754535409],[-86.7177193233022,36.0378056376229],[-86.7177260102212,36.0377487189729],[-86.7177326691593,36.0376915291991],[-86.7177385922618,36.0376407195564],[-86.7177453049378,36.0375840756441],[-86.7177518573891,36.0375257878246],[-86.7177580369847,36.0374741375469],[-86.7177645457696,36.0374188810349],[-86.7175985737368,36.0373868056286],[-86.7175919169633,36.0374439971883],[-86.717585772069,36.0374995029836],[-86.7175794938481,36.0375536396059],[-86.71757303867,36.0376094410686],[-86.7175665543781,36.0376649687104],[-86.7175605370659,36.0377182619678],[-86.7175538769083,36.0377754535409]]]},"properties":{"id":"27670","parcel":"161160A20900CO","address":"0 SHADOW GLEN DR","owner":"TOWNHOMES OF SHADOW GLEN HOMEOWNERS ASSOCIATION, INC., THE","point":[-86.71735633264414,36.03776141810279]}},{"type":"Feature","id":"29282","geometry":{"type":"Polygon","coordinates":[[[-86.7167515504321,36.038633125162],[-86.7168785702381,36.0385279961992],[-86.7169162883753,36.038562084025],[-86.7167853570151,36.0386629281138],[-86.7167515504321,36.038633125162]]]},"properties":{"id":"29282","parcel":"161160A12000CO","address":"405 SHADOW GLEN DR","owner":"CHIZ, RAYNOLD SCOTT & STRECH, LESLIE","point":[-86.71683231949154,36.03859760084369]}},{"type":"Feature","id":"29287","geometry":{"type":"Polygon","coordinates":[[[-86.7167853570151,36.0386629281138],[-86.7169162883753,36.038562084025],[-86.7169518832419,36.0385940339869],[-86.7168251394784,36.0386977797008],[-86.7167853570151,36.0386629281138]]]},"properties":{"id":"29287","parcel":"161160A12100CO","address":"407 SHADOW GLEN DR","owner":"SHEMSSULLDIN, NARIN","point":[-86.71686994047937,36.03862848419712]}},{"type":"Feature","id":"29290","geometry":{"type":"Polygon","coordinates":[[[-86.7171018732878,36.0388471583059],[-86.7172015642051,36.0387245911909],[-86.717246770609,36.0387490490906],[-86.7171474206325,36.0388718864039],[-86.7171018732878,36.0388471583059]]]},"properties":{"id":"29290","parcel":"161160A12600CO","address":"417 SHADOW GLEN DR","owner":"STILLMAN, JARED M","point":[-86.71717443389927,36.03879810398449]}},{"type":"Feature","id":"29293","geometry":{"type":"Polygon","coordinates":[[[-86.7173307931639,36.0393038986701],[-86.7173615301372,36.0391628435901],[-86.7174100624421,36.039171414364],[-86.7173810832575,36.0393131962494],[-86.7173307931639,36.0393038986701]]]},"properties":{"id":"29293","parcel":"161160A06700CO","address":"436 SHADOW GLEN DR","owner":"PARKER, JASON","point":[-86.71737087562865,36.03923765757959]}},{"type":"Feature","id":"29296","geometry":{"type":"Polygon","coordinates":[[[-86.7172825744143,36.03929503488],[-86.7173112636972,36.0391538198552],[-86.7173615301372,36.0391628435901],[-86.7173307931639,36.0393038986701],[-86.7172825744143,36.03929503488]]]},"properties":{"id":"29296","parcel":"161160A06800CO","address":"434 SHADOW GLEN DR","owner":"CORNELIUS, CHRISTOPHER R & KAYLA","point":[-86.71732156471946,36.03922893809257]}},{"type":"Feature","id":"29299","geometry":{"type":"Polygon","coordinates":[[[-86.7174412249888,36.0389218806954],[-86.7174569620697,36.038779652173],[-86.7175086622569,36.0387851342403],[-86.7174936489481,36.0389278703946],[-86.7174412249888,36.0389218806954]]]},"properties":{"id":"29299","parcel":"161160A13000CO","address":"425 SHADOW GLEN DR","owner":"WRIGHT, JESSICA J","point":[-86.71747513055448,36.038853507913494]}},{"type":"Feature","id":"106339","geometry":{"type":"Polygon","coordinates":[[[-86.7191668427658,36.0330096617114],[-86.7187868662691,36.0328800661171],[-86.7187919124477,36.0328704453395],[-86.7187949152581,36.0328602752454],[-86.7191550161649,36.0329734696209],[-86.719117328576,36.0326209603544],[-86.7194322518728,36.0324388674261],[-86.7196476035572,36.0323167069524],[-86.7197921085126,36.0327243284897],[-86.7199955640856,36.0332692342464],[-86.7199857376672,36.0332705214291],[-86.7199850977077,36.0332687172566],[-86.7188363110613,36.0332119260615],[-86.7191668427658,36.0330096617114]]]},"properties":{"id":"106339","parcel":"172080B90100CO","address":"0 CHAMPIONS CT","owner":"BRIDLE DOWNS HOMEOWNERS CORPORATION","point":[-86.71947677702055,36.03279273176865]}},{"type":"Feature","id":"106340","geometry":{"type":"Polygon","coordinates":[[[-86.715484677259,36.0324488551618],[-86.7154055105013,36.0324840881659],[-86.7154038405347,36.0324848308336],[-86.7154182737261,36.0322847524377],[-86.7154449105829,36.0319373544014],[-86.7154473190135,36.0319043743566],[-86.7158246385497,36.032040590106],[-86.7161118048377,36.0320806397556],[-86.7161544015565,36.0320034665059],[-86.7161868883007,36.0320054716635],[-86.7161045396537,36.0321751854554],[-86.7160021242638,36.0322197484302],[-86.7157999971566,36.0323088580532],[-86.7156032622944,36.0323957379517],[-86.7157484758372,36.0326925918391],[-86.7156891415752,36.032730799553],[-86.7155439768411,36.0324224628184],[-86.715484677259,36.0324488551618]]]},"properties":{"id":"106340","parcel":"172080B90200CO","address":"0 CELEBRATION WAY","owner":"BRIDLE DOWNS HOMEOWNERS CORPORATION","point":[-86.71555754011973,36.032351956344364]}},{"type":"Feature","id":"108497","geometry":{"type":"Polygon","coordinates":[[[-86.7121767122745,36.0297570074134],[-86.7124462319291,36.0297525415629],[-86.7124481290827,36.0298932828213],[-86.7124516399543,36.0300502828999],[-86.7124567823162,36.0302116572222],[-86.7124635569111,36.0303748875662],[-86.7124723713422,36.0305460813964],[-86.7124755829775,36.0305899572479],[-86.7125000591325,36.0308561828691],[-86.7125273167527,36.0311222297883],[-86.7125545104521,36.0313639186844],[-86.7125644000537,36.0314225506796],[-86.7125684710109,36.0314533490659],[-86.7126193155989,36.0318380280857],[-86.7124942084241,36.0320100192697],[-86.7124646265372,36.0318233955678],[-86.7124609613217,36.0317962666541],[-86.7124185092533,36.0314820047374],[-86.7124160454582,36.0314545920192],[-86.7123864178813,36.0311250169567],[-86.7123592321922,36.0308226158736],[-86.7123376764353,36.0305828268521],[-86.7123036084498,36.0304692894106],[-86.7122989757389,36.0300985188282],[-86.7122357801216,36.0299087012421],[-86.7121767122745,36.0297570074134]]]},"properties":{"id":"108497","parcel":"172080A90000CO","address":"0 HUNTERS BRANCH  RD","owner":"HUNTERS BRANCH HOA","point":[-86.71244393320086,36.03098903908197]}},{"type":"Feature","id":"108738","geometry":{"type":"Polygon","coordinates":[[[-86.7148036104627,36.0340164246754],[-86.7139706716646,36.0335159076248],[-86.714079007157,36.033508355405],[-86.7141875311811,36.0335028929721],[-86.7142961849372,36.0334995206745],[-86.7143704816863,36.0334988413568],[-86.7144447717058,36.0334998826034],[-86.7144748187398,36.0335003876162],[-86.7145047736006,36.0335023658826],[-86.7145250975079,36.0335030700439],[-86.714543445642,36.033503706605],[-86.7145420310025,36.0335037240072],[-86.7145350936574,36.0336252109079],[-86.7146785514389,36.0336309539484],[-86.714685534485,36.0334972956928],[-86.7147340188283,36.033490583674],[-86.7147820661556,36.0334820418972],[-86.7149266280187,36.0334399392064],[-86.7149817664326,36.033421092239],[-86.7150294721468,36.0334017197369],[-86.7150755749139,36.0333799367542],[-86.7151198902009,36.0333558300109],[-86.7151622413481,36.0333294978972],[-86.7152024583946,36.0333010432703],[-86.715240381472,36.0332705806443],[-86.7153081496018,36.0332173273593],[-86.7154380926329,36.0331152170478],[-86.7154484820507,36.0331050933094],[-86.7154529373178,36.0331038681333],[-86.7156544486696,36.032945480296],[-86.7157967005126,36.0328370198632],[-86.7158542369027,36.0328926718432],[-86.7162764312848,36.0329345749133],[-86.7163874591177,36.032944903408],[-86.716530004575,36.0328495532881],[-86.7167963720509,36.0326831402381],[-86.7169594906416,36.032468991072],[-86.7170168517693,36.0322290982974],[-86.7170014606682,36.0320226041866],[-86.7170339474335,36.0320246082145],[-86.7170463163283,36.0321959572061],[-86.7172950303374,36.0321724996375],[-86.7172952682913,36.0321988700968],[-86.7174784853219,36.0324131588476],[-86.7177852081682,36.0325212151056],[-86.7179378813448,36.0322817869213],[-86.7179881897937,36.0323036743093],[-86.7180403382141,36.0323225106449],[-86.7180940449279,36.032338192153],[-86.718149021786,36.0323506358274],[-86.7182049741281,36.0323597749242],[-86.7182615985628,36.0323655589757],[-86.718318594105,36.0323679582299],[-86.7183288163714,36.0323699639552],[-86.7183384827881,36.0323733285404],[-86.7183473217413,36.0323779562653],[-86.7183550846164,36.0323837179246],[-86.7183615546912,36.0323904525776],[-86.7183665493711,36.0323979693375],[-86.7183699291635,36.0324060581331],[-86.7183715976939,36.0324144915118],[-86.7183755763943,36.032452630401],[-86.7183839527239,36.0324902960278],[-86.7183966504513,36.0325271562683],[-86.718413558981,36.0325628828082],[-86.7185311625692,36.032752718788],[-86.7185353472446,36.0327642853803],[-86.7185373327484,36.0327762337167],[-86.7185370721956,36.0327882873795],[-86.7185345730869,36.0328001714292],[-86.7185298928698,36.0328116124308],[-86.7185259627819,36.032819372579],[-86.7185236509943,36.0328275511912],[-86.7185230198587,36.0328359261775],[-86.7185240862018,36.0328442721137],[-86.7181968483694,36.0328616073197],[-86.7183674747628,36.0331792589908],[-86.7163120007654,36.0330362989323],[-86.7162583664793,36.0330312541768],[-86.7157822828369,36.032986477004],[-86.7155480440087,36.0331906054156],[-86.7155048272252,36.0332381060948],[-86.7148036104627,36.0340164246754]]]},"properties":{"id":"108738","parcel":"172080B90000CO","address":"0 CELEBRATION WAY","owner":"BRIDLE DOWNS HOMEOWNERS CORPORATION","point":[-86.71714956698406,36.03301153477081]}},{"type":"Feature","id":"154261","geometry":{"type":"Polygon","coordinates":[[[-86.7184692371456,36.0315655252456],[-86.718481734656,36.0315617076448],[-86.7184935069247,36.0315565892927],[-86.7185188807612,36.0315485119938],[-86.7185455307246,36.031543879939],[-86.7185727522072,36.0315428153993],[-86.7185998264235,36.0315453451936],[-86.7186260393045,36.0315514041813],[-86.7186489792082,36.0315540694824],[-86.718672151367,36.0315541953479],[-86.7186951329885,36.0315517788919],[-86.7187175017204,36.031546865896],[-86.7187388489085,36.0315395444212],[-86.7187587851848,36.0315299492813],[-86.7189344438853,36.0317624177061],[-86.718912129861,36.0317716674452],[-86.718650703273,36.0318853102184],[-86.7184692371456,36.0315655252456]]]},"properties":{"id":"154261","parcel":"172080B10600CO","address":"224 WALKING HORSE HL","owner":"MODERN BUILDERS, LLC","point":[-86.7186926012375,36.03166395002785]}},{"type":"Feature","id":"258705","geometry":{"type":"Polygon","coordinates":[[[-86.7160473981001,36.0390052581532],[-86.7161777595299,36.0389052853143],[-86.7162206141921,36.03894193224],[-86.716087509675,36.0390394581921],[-86.7160473981001,36.0390052581532]]]},"properties":{"id":"258705","parcel":"161160A06000CO","address":"201 SHADOW GLEN DR","owner":"GERMAIN, JAMIE","point":[-86.7161330427998,36.03897359294741]}},{"type":"Feature","id":"258706","geometry":{"type":"Polygon","coordinates":[[[-86.716202360177,36.039137727666],[-86.7163337700712,36.0390399439794],[-86.7163718263916,36.0390725220981],[-86.7162417867646,36.039171388245],[-86.716202360177,36.039137727666]]]},"properties":{"id":"258706","parcel":"161160A06400CO","address":"209 SHADOW GLEN DR","owner":"NOROUZI, ELLIE","point":[-86.71628755903097,36.03910512601418]}},{"type":"Feature","id":"258707","geometry":{"type":"Polygon","coordinates":[[[-86.7162417867646,36.039171388245],[-86.7163718263916,36.0390725220981],[-86.7164112612864,36.0391067305592],[-86.7162798455629,36.0392042385677],[-86.7162417867646,36.039171388245]]]},"properties":{"id":"258707","parcel":"161160A06500CO","address":"211 SHADOW GLEN DR","owner":"KEHLER, KRISTIE","point":[-86.71632599984963,36.039139058192106]}},{"type":"Feature","id":"258708","geometry":{"type":"Polygon","coordinates":[[[-86.7162798455629,36.0392042385677],[-86.7164112612864,36.0391067305592],[-86.7164462339165,36.0391368646557],[-86.7163155008632,36.0392346408339],[-86.7162798455629,36.0392042385677]]]},"properties":{"id":"258708","parcel":"161160A06600CO","address":"213 SHADOW GLEN DR","owner":"FYFFE SHADOW, LLC","point":[-86.71636321953616,36.03917055206604]}},{"type":"Feature","id":"258709","geometry":{"type":"Polygon","coordinates":[[[-86.714524074173,36.0392640859153],[-86.7145520404474,36.0390588137691],[-86.7151408520013,36.0386503138897],[-86.7151630011819,36.0383939367191],[-86.7158079022204,36.0384327070575],[-86.7160888338355,36.0384247080882],[-86.7161364043137,36.0387667968701],[-86.716212540983,36.0388319539802],[-86.7165551597626,36.0391251608056],[-86.7162901023553,36.03942757747],[-86.714524074173,36.0392640859153]],[[-86.7162206141921,36.03894193224],[-86.7161777595299,36.0389052853143],[-86.7160473981001,36.0390052581532],[-86.716087509675,36.0390394581921],[-86.7161265919289,36.0390728477636],[-86.7161643097005,36.039105424354],[-86.716202360177,36.039137727666],[-86.7162417867646,36.039171388245],[-86.7162798455629,36.0392042385677],[-86.7163155008632,36.0392346408339],[-86.7164462339165,36.0391368646557],[-86.7164112612864,36.0391067305592],[-86.7163718263916,36.0390725220981],[-86.7163337700712,36.0390399439794],[-86.7162950214886,36.0390062766953],[-86.7162583355512,36.0389747863788],[-86.7162206141921,36.03894193224]],[[-86.7156166956624,36.038935263606],[-86.7155984814721,36.0388936842721],[-86.7155780346351,36.0388469375618],[-86.715559796688,36.0388048103765],[-86.7155426862866,36.0387654011012],[-86.7155248537258,36.0387249100534],[-86.7153543651267,36.038769726949],[-86.7153715855944,36.0388118818367],[-86.7153895907991,36.0388567656842],[-86.7154056790795,36.0388959268839],[-86.7154233130045,36.0389399963587],[-86.715440915114,36.0389832413364],[-86.7154581367836,36.0390253962031],[-86.7154761307339,36.0390700052085],[-86.7156527959691,36.039018707219],[-86.7156330792792,36.0389733180362],[-86.7156166956624,36.038935263606]],[[-86.7158743461046,36.0387415874369],[-86.7158847176944,36.0387894133194],[-86.7160561625798,36.0387692286368],[-86.7160475589623,36.038723283175],[-86.716039817268,36.0386819814598],[-86.7160312579655,36.038637134409],[-86.7160227088595,36.0385925558819],[-86.7160141268452,36.0385471564713],[-86.7160055448406,36.0385017570597],[-86.7159960997791,36.0384517084978],[-86.7158170122823,36.0384753904542],[-86.715826563937,36.0385196665152],[-86.7158368911758,36.0385663939911],[-86.7158468913994,36.0386134055132],[-86.7158559956252,36.0386549433965],[-86.7158656245336,36.0387011387481],[-86.7158743461046,36.0387415874369]],[[-86.7155282753187,36.0384830836336],[-86.7155326066484,36.0384411838384],[-86.7153486055918,36.0384355589895],[-86.7153462307964,36.0384757554354],[-86.7153438420336,36.0385236481049],[-86.7153415250899,36.038565217777],[-86.7153385877196,36.0386161483557],[-86.7153361956271,36.0386640419445],[-86.7155096424403,36.0386680350555],[-86.7155141964585,36.0386233804903],[-86.715519455852,36.0385712851672],[-86.7155237542538,36.0385285617869],[-86.7155282753187,36.0384830836336]]]},"properties":{"id":"258709","parcel":"161160A20000CO","address":"100 B SHADOW GLEN DR","owner":"TOWNHOMES OF SHADOW GLEN HOMEOWNERS ASSOCIATION INC, THE","point":[-86.71508530112634,36.038918348282]}},{"type":"Feature","id":"259776","geometry":{"type":"Polygon","coordinates":[[[-86.718106298037,36.0373871300682],[-86.7181097203886,36.0373646566499],[-86.7194399589871,36.0374890053219],[-86.7193933706029,36.0377565602569],[-86.7201580829843,36.0386504403329],[-86.7201095767749,36.0387709131785],[-86.7204541955251,36.039114123336],[-86.7204350070061,36.0391284145034],[-86.7204053550952,36.0391486040976],[-86.7203710062239,36.0391703197135],[-86.7196252480765,36.0396417735708],[-86.7196189361829,36.0396349371031],[-86.7196188341912,36.0396348259519],[-86.7189888758398,36.0389524472838],[-86.7178897283627,36.0388537071066],[-86.7179046739836,36.0387388194554],[-86.7179293373052,36.038549227898],[-86.7179419623651,36.0384662796679],[-86.7179785563926,36.0382258687835],[-86.718106298037,36.0373871300682]]]},"properties":{"id":"259776","parcel":"16100028400","address":"499 SWISS AVE","owner":"NASHVILLE LEASED HOUSING ASSOCIATES IV LLLP","point":[-86.71898794141212,36.03851022453737]}},{"type":"Feature","id":"261081","geometry":{"type":"Polygon","coordinates":[[[-86.7161265919289,36.0390728477636],[-86.7162583355512,36.0389747863788],[-86.7162950214886,36.0390062766953],[-86.7161643097005,36.039105424354],[-86.7161265919289,36.0390728477636]]]},"properties":{"id":"261081","parcel":"161160A06200CO","address":"205 SHADOW GLEN DR","owner":"MORROW, KATHERINE J.","point":[-86.71621122477518,36.03903956324866]}},{"type":"Feature","id":"261233","geometry":{"type":"Polygon","coordinates":[[[-86.716087509675,36.0390394581921],[-86.7162206141921,36.03894193224],[-86.7162583355512,36.0389747863788],[-86.7161265919289,36.0390728477636],[-86.716087509675,36.0390394581921]]]},"properties":{"id":"261233","parcel":"161160A06100CO","address":"203 SHADOW GLEN DR","owner":"LEE, LISA","point":[-86.71617326744625,36.03900712313228]}},{"type":"Feature","id":"261236","geometry":{"type":"Polygon","coordinates":[[[-86.7161643097005,36.039105424354],[-86.7162950214886,36.0390062766953],[-86.7163337700712,36.0390399439794],[-86.716202360177,36.039137727666],[-86.7161643097005,36.039105424354]]]},"properties":{"id":"261236","parcel":"161160A06300CO","address":"207 SHADOW GLEN DR","owner":"WILCOX, DONNA L.","point":[-86.71624862208029,36.03907268320808]}},{"type":"Feature","id":"273132","geometry":{"type":"Polygon","coordinates":[[[-86.7130989884997,36.0391881272085],[-86.7131111287541,36.039126144663],[-86.7133769970309,36.0391521018456],[-86.714138024285,36.0392263985289],[-86.714524074173,36.0392640859153],[-86.7162901023553,36.03942757747],[-86.7167411863522,36.0394693055201],[-86.7174491761806,36.0395347621798],[-86.7177967385128,36.0395685421261],[-86.7176853215305,36.0403763631194],[-86.7149230011129,36.0401215593226],[-86.7141519086711,36.0400501680839],[-86.7142043622037,36.0396152800103],[-86.7142318288186,36.0393851712935],[-86.7131068127172,36.0392708285906],[-86.7130846079722,36.0392685715699],[-86.7130989884997,36.0391881272085]]]},"properties":{"id":"273132","parcel":"16100023100","address":"5841 NOLENSVILLE PIKE","owner":"SEVEN BELLS, LLC","point":[-86.71596863361609,36.039836978759716]}},{"type":"Feature","id":"277398","geometry":{"type":"Polygon","coordinates":[[[-86.7134103842319,36.0301304608258],[-86.7134152032653,36.0301273760013],[-86.713580876237,36.0300213417998],[-86.7140445158759,36.0305380416933],[-86.7139725188927,36.0305786390548],[-86.7138995762839,36.030618105443],[-86.7138627530859,36.0306370218791],[-86.7138155476274,36.0306601755116],[-86.7137677062246,36.0306824514267],[-86.7134103842319,36.0301304608258]]]},"properties":{"id":"277398","parcel":"17208002100","address":"407 KINHAWK DR","owner":"WORKS, ROBERT J & KAITLYN R & POSEY, BILLY J & REBECC","point":[-86.71370197893172,36.030334190872026]}},{"type":"Feature","id":"277402","geometry":{"type":"Polygon","coordinates":[[[-86.713797598524,36.0316877935546],[-86.7138081197432,36.0315129197774],[-86.7146788260408,36.0315766730105],[-86.714653064091,36.0317874862555],[-86.7137947687974,36.0317250905558],[-86.713797598524,36.0316877935546]]]},"properties":{"id":"277402","parcel":"17208003000","address":"5910 KINSDALE DR","owner":"WRIGHTVIEW REAL ESTATE, LLC","point":[-86.71423645704638,36.031632229910215]}},{"type":"Feature","id":"277406","geometry":{"type":"Polygon","coordinates":[[[-86.7140815373096,36.0307503295145],[-86.7140947603627,36.0307430290715],[-86.7140952717967,36.0307436362167],[-86.7141486958904,36.0307129973174],[-86.7142006327422,36.0306807160383],[-86.714247109035,36.030649528832],[-86.7142868801746,36.0306209590611],[-86.7143255372066,36.0305913972474],[-86.7143503694581,36.0305732953313],[-86.7144309941367,36.0305126549684],[-86.7144418275201,36.0305060257001],[-86.7144537878101,36.0305008282146],[-86.7144665898469,36.0304971867788],[-86.7144799281669,36.0304951888266],[-86.7144934880656,36.0304948812889],[-86.714506943379,36.0304962706065],[-86.714519839528,36.0304996433828],[-86.7145319628163,36.0305045565472],[-86.7145430337364,36.0305108990958],[-86.714552801321,36.0305185256061],[-86.7145866083198,36.0305516901298],[-86.7146177010842,36.0305865633737],[-86.7146459495685,36.0306229973979],[-86.7146712370084,36.0306608405778],[-86.714693454341,36.0306999340333],[-86.7147125113164,36.0307401133643],[-86.7147283254182,36.0307812105198],[-86.7142536886785,36.0309699622245],[-86.7140815373096,36.0307503295145]]]},"properties":{"id":"277406","parcel":"17208003400","address":"412 KINHAWK DR","owner":"GULLEY, SUSAN STEELE","point":[-86.71441635552911,36.030726521741094]}},{"type":"Feature","id":"278125","geometry":{"type":"Polygon","coordinates":[[[-86.713580876237,36.0300213417998],[-86.7140513670131,36.0300622572274],[-86.714360934748,36.0303265519579],[-86.714286177591,36.0303835910693],[-86.7142084222603,36.0304379214894],[-86.7141278176067,36.0304894377799],[-86.7140445158759,36.0305380416933],[-86.713580876237,36.0300213417998]]]},"properties":{"id":"278125","parcel":"17208002000","address":"411 KINHAWK DR","owner":"HEYEN, KELLY & BRADY","point":[-86.7139706544501,36.0301938432165]}},{"type":"Feature","id":"278126","geometry":{"type":"Polygon","coordinates":[[[-86.7132438293133,36.0302370606138],[-86.7134103842319,36.0301304608258],[-86.7137677062246,36.0306824514267],[-86.7136862483213,36.0307177167226],[-86.7136031861603,36.0307504200712],[-86.7135186424867,36.0307805138748],[-86.7135016277384,36.0307861945497],[-86.7134755691057,36.0307946524895],[-86.7132438293133,36.0302370606138]]]},"properties":{"id":"278126","parcel":"17208002200","address":"405 KINHAWK DR","owner":"SNYDER, SIDNEY MARIE","point":[-86.71347997229985,36.03045969467835]}},{"type":"Feature","id":"278127","geometry":{"type":"Polygon","coordinates":[[[-86.7137830824354,36.0318790819279],[-86.7137947687974,36.0317250905558],[-86.714653064091,36.0317874862555],[-86.7146278288416,36.0319880288152],[-86.7137813986855,36.0319256194174],[-86.7137832600506,36.0318988624826],[-86.7137830824354,36.0318790819279]]]},"properties":{"id":"278127","parcel":"17208002900","address":"5908 KINSDALE DR","owner":"BAGGETT, PAUL MICHAEL & MARY","point":[-86.71421690424256,36.03183328209539]}},{"type":"Feature","id":"278384","geometry":{"type":"Polygon","coordinates":[[[-86.7140513670131,36.0300622572274],[-86.7140710409464,36.0300478938631],[-86.7145531697498,36.0296959090433],[-86.7147992684487,36.0299112827523],[-86.7148077577258,36.0299200191101],[-86.7148144013598,36.0299296992572],[-86.7148144260937,36.0299297351622],[-86.7148144440893,36.0299297620943],[-86.7148144610727,36.0299297998479],[-86.7148191003255,36.0299401696601],[-86.7148191229822,36.0299402213502],[-86.7148191400993,36.0299402739743],[-86.7148214996587,36.0299511953845],[-86.714821894492,36.02996228077],[-86.714820315826,36.029973294945],[-86.7148203083753,36.0299733301397],[-86.7148203031275,36.0299733635188],[-86.714820289052,36.029973402358],[-86.7148163917613,36.0299839706286],[-86.7148163798644,36.0299840049484],[-86.7148163679431,36.0299840365644],[-86.7148163460766,36.029984072746],[-86.7148103952415,36.0299940592466],[-86.7148025249194,36.0300031945956],[-86.7143751065389,36.030315190933],[-86.714360934748,36.0303265519579],[-86.7140513670131,36.0300622572274]]]},"properties":{"id":"278384","parcel":"17208001900","address":"415 KINHAWK DR","owner":"BENNETT, THELMA M.(LE)& CAMERON L. ET AL","point":[-86.71443678065219,36.030025544781935]}},{"type":"Feature","id":"278387","geometry":{"type":"Polygon","coordinates":[[[-86.7139489875486,36.0313286933629],[-86.7141251846291,36.0311208660843],[-86.7147329216266,36.0311552952952],[-86.7147075268086,36.0313665543391],[-86.7139489875486,36.0313286933629]]]},"properties":{"id":"278387","parcel":"17208003200","address":"5914 KINSDALE DR","owner":"MOREL, BROOKE B.","point":[-86.71437276192404,36.03124207073681]}},{"type":"Feature","id":"278977","geometry":{"type":"Polygon","coordinates":[[[-86.713243300844,36.0302373981225],[-86.7132438293133,36.0302370606138],[-86.7134755691057,36.0307946524895],[-86.7134748532511,36.0307948820521],[-86.7134654626855,36.0307978524459],[-86.7134614163075,36.0307991283049],[-86.7134560596554,36.0308007940714],[-86.7134479510334,36.0308033089294],[-86.7134466441607,36.0308037069285],[-86.713437210589,36.0308065838401],[-86.7134344552096,36.0308074239388],[-86.7134277611999,36.0308094292994],[-86.7134209277266,36.0308114733397],[-86.7134183004396,36.0308122441811],[-86.7134088249635,36.0308150267027],[-86.7134073707956,36.0308154562175],[-86.7133993325279,36.0308177741735],[-86.713393785534,36.0308193734671],[-86.7133898276198,36.0308204919747],[-86.7133803102472,36.0308231810074],[-86.7133801708325,36.030823225095],[-86.7133707758587,36.0308258286806],[-86.7133612290139,36.0308284484867],[-86.7133528586168,36.0308307269464],[-86.7133516708141,36.0308310395178],[-86.7133420978338,36.0308335909787],[-86.7133325101618,36.0308361127832],[-86.7133254374857,36.0308379626533],[-86.7133229122364,36.0308386049048],[-86.7133133006886,36.0308410628571],[-86.7133116866154,36.0308414788967],[-86.713303675494,36.0308434839363],[-86.7132940389445,36.0308458762407],[-86.7132843921498,36.0308482397634],[-86.7132841087526,36.0308483135447],[-86.7132747283313,36.0308505610253],[-86.713265055385,36.0308528544004],[-86.7132564319283,36.0308548783838],[-86.7132553721854,36.0308551180926],[-86.7132456753231,36.0308573431093],[-86.7132425582047,36.0308580591637],[-86.7132359670735,36.0308595357459],[-86.7132286605811,36.0308611733877],[-86.7132262485788,36.0308616996011],[-86.7132165186727,36.0308638283725],[-86.7132147412605,36.0308642192401],[-86.7131677104116,36.0308739720375],[-86.7131652979778,36.0308631951185],[-86.7130525133437,36.0303595063593],[-86.713243300844,36.0302373981225]]]},"properties":{"id":"278977","parcel":"17208002300","address":"403 KINHAWK DR","owner":"CAVANAH, APRIL","point":[-86.71324320419663,36.03057702978818]}},{"type":"Feature","id":"278981","geometry":{"type":"Polygon","coordinates":[[[-86.7128490451693,36.0308703229823],[-86.7128174986497,36.0308467677242],[-86.7128088930453,36.0308543723851],[-86.7127989198044,36.0308424820261],[-86.7127911210484,36.0308295630432],[-86.7127856544729,36.030815877682],[-86.7127826301758,36.0308017010874],[-86.7127800074883,36.0306125348959],[-86.712780723202,36.0303633056068],[-86.7127807653565,36.030363304456],[-86.7127808152858,36.0303633041607],[-86.7130525133437,36.0303595063593],[-86.7131652979778,36.0308631951185],[-86.7130828687854,36.0308785525521],[-86.7129999375917,36.0308920066621],[-86.7129165708946,36.030903548041],[-86.7128956690343,36.0309014238877],[-86.7128755258195,36.030896417409],[-86.7128567395471,36.0308886764829],[-86.7128398670939,36.030878432152],[-86.7128490451693,36.0308703229823]]]},"properties":{"id":"278981","parcel":"17208002400","address":"401 KINHAWK DR","owner":"ATLAS STONE CAPITAL, LLC","point":[-86.71295592772817,36.03070753607815]}},{"type":"Feature","id":"278987","geometry":{"type":"Polygon","coordinates":[[[-86.7137688819858,36.0321055306132],[-86.7137813986855,36.0319256194174],[-86.7146278288416,36.0319880288152],[-86.7146028484138,36.0321731126515],[-86.7145987525813,36.0322086389251],[-86.713767336549,36.0321384325015],[-86.7137688819858,36.0321055306132]]]},"properties":{"id":"278987","parcel":"17208002800","address":"5906 KINSDALE DR","owner":"GADSEY RESIDENCE TRUST, THE","point":[-86.71419640183795,36.032046775828164]}},{"type":"Feature","id":"278990","geometry":{"type":"Polygon","coordinates":[[[-86.7139191531903,36.0313640089096],[-86.7139489875486,36.0313286933629],[-86.7147075268086,36.0313665543391],[-86.7146788260408,36.0315766730105],[-86.7138081197432,36.0315129197774],[-86.7138093699831,36.0314921267198],[-86.7139191531903,36.0313640089096]]]},"properties":{"id":"278990","parcel":"17208003100","address":"5912 KINSDALE DR","owner":"POST, M. T. & S. S.","point":[-86.71428139182778,36.031429396039826]}},{"type":"Feature","id":"278994","geometry":{"type":"Polygon","coordinates":[[[-86.7141251846291,36.0311208660843],[-86.7142536886785,36.0309699622245],[-86.7147283254182,36.0307812105198],[-86.7147420897119,36.0308279421083],[-86.7147514674963,36.0308753865032],[-86.7147564052611,36.0309232700295],[-86.7147568750233,36.0309713197613],[-86.7147528731938,36.0310192608251],[-86.7147444217111,36.0310668190968],[-86.7147329216266,36.0311552952952],[-86.7141251846291,36.0311208660843]]]},"properties":{"id":"278994","parcel":"17208003300","address":"5918 KINSDALE DR","owner":"BROOCKS, JENNIFER L.","point":[-86.71453509046913,36.030946687913605]}},{"type":"Feature","id":"278996","geometry":{"type":"Polygon","coordinates":[[[-86.7137078475729,36.0309218500527],[-86.7137175789513,36.0309181556843],[-86.7137217678257,36.0309165608157],[-86.7137272945444,36.0309144334686],[-86.7137356508871,36.0309112078056],[-86.7137369932423,36.030910683412],[-86.7137466716358,36.0309068965218],[-86.7137494956393,36.0309057901276],[-86.7137563297813,36.0309030791068],[-86.7137633020905,36.030900308683],[-86.7137659721414,36.0308992338444],[-86.7137755964645,36.0308953571428],[-86.71377707135,36.0308947634652],[-86.7137851982721,36.0308914445219],[-86.7137908000813,36.0308891535927],[-86.7137947820831,36.0308875049682],[-86.713804348991,36.0308835366723],[-86.7138044883085,36.0308834817693],[-86.7138138922657,36.0308795315626],[-86.7138181382345,36.0308777461793],[-86.7138234175276,36.0308754977174],[-86.7138317487498,36.0308719468293],[-86.7138329247929,36.0308714369393],[-86.7138424095508,36.0308673411433],[-86.7138453154323,36.0308660855481],[-86.7138518740525,36.0308632139213],[-86.7138588416025,36.0308601614148],[-86.7138613205577,36.0308590597662],[-86.7138707468068,36.0308548741851],[-86.7138723272605,36.0308541744294],[-86.7138801483535,36.030850656303],[-86.7138857701951,36.0308481255062],[-86.7138895329888,36.0308464087777],[-86.7138988974085,36.0308421343326],[-86.7138991703983,36.0308420137442],[-86.7139082370934,36.0308378239815],[-86.7139125267768,36.0308358409522],[-86.7139175565545,36.0308334858094],[-86.7139258404238,36.0308296053214],[-86.7139268580109,36.0308291198031],[-86.7139361336472,36.0308247206012],[-86.7139391102459,36.0308233086607],[-86.7139453890436,36.0308202917758],[-86.7139523351337,36.0308169509768],[-86.7139546242161,36.0308158351293],[-86.713963838039,36.0308113488659],[-86.7139655150951,36.0308105331708],[-86.7139730260338,36.0308068285057],[-86.7139786512154,36.0308040525327],[-86.713982193829,36.0308022830283],[-86.7139913424937,36.0307977079207],[-86.7139917401902,36.0307975117857],[-86.7140004631111,36.0307930987295],[-86.7140047831292,36.0307909109233],[-86.7140095635128,36.0307884626185],[-86.7140177811336,36.0307842490377],[-86.7140186425972,36.0307838004957],[-86.7140276958615,36.0307791051772],[-86.7140307297896,36.0307775288591],[-86.7140367266667,36.0307743802484],[-86.7140436324015,36.0307707476638],[-86.7140457361546,36.0307696293078],[-86.7140547220576,36.0307648469609],[-86.7140564867664,36.0307639072677],[-86.7140636821647,36.0307600341222],[-86.7140692939857,36.0307570067629],[-86.7140726209546,36.0307551952717],[-86.7140815373096,36.0307503295145],[-86.7142536886785,36.0309699622245],[-86.7141251846291,36.0311208660843],[-86.7139489875486,36.0313286933629],[-86.7139191531903,36.0313640089096],[-86.7137078475729,36.0309218500527]]]},"properties":{"id":"278996","parcel":"17208003500","address":"408 KINHAWK DR","owner":"BRUMIT, DONALD LEE","point":[-86.71397792627465,36.03104490987035]}},{"type":"Feature","id":"279650","geometry":{"type":"Polygon","coordinates":[[[-86.7176530029698,36.0336135763758],[-86.7179079149667,36.0333212534278],[-86.7181010074184,36.0334997730839],[-86.7178109307988,36.0337258616175],[-86.7177742053357,36.0336953210336],[-86.7177355712848,36.0336663753815],[-86.717695133655,36.0336391024464],[-86.7176530029698,36.0336135763758]]]},"properties":{"id":"279650","parcel":"172040A04800CO","address":"1469 TIMBER RIDGE CIR","owner":"FORS, MARY H.","point":[-86.71786526330332,36.033556647313695]}},{"type":"Feature","id":"279653","geometry":{"type":"Polygon","coordinates":[[[-86.7170491003401,36.0334622465286],[-86.717070662539,36.0331539422813],[-86.7172000400805,36.0331671323897],[-86.7173554224766,36.0331788922059],[-86.7172730556782,36.0334803724748],[-86.7172087858642,36.03347160061],[-86.7171439716644,36.0334660748075],[-86.7170491003401,36.0334622465286]]]},"properties":{"id":"279653","parcel":"172040A05100CO","address":"1457 TIMBER RIDGE CIR","owner":"ABDULLA, AMEED S. & BAMARNE, ZOZAN","point":[-86.71718783706675,36.03332053544891]}},{"type":"Feature","id":"279811","geometry":{"type":"Polygon","coordinates":[[[-86.7106962393534,36.0318798622044],[-86.7107578442151,36.0318787255006],[-86.7110225944144,36.0322030308164],[-86.7110039160428,36.0322113374079],[-86.7110038895261,36.0322113501824],[-86.711003847556,36.0322113720612],[-86.7110038210554,36.0322113866382],[-86.7109872684443,36.0322222673967],[-86.7109728796639,36.0322350163852],[-86.7109609641289,36.0322493663475],[-86.7109609247044,36.0322494247136],[-86.7109523438805,36.03226529576],[-86.7109514240908,36.0322675391004],[-86.7106118874805,36.0321729702456],[-86.7106962393534,36.0318798622044]]]},"properties":{"id":"279811","parcel":"172080A00700CO","address":"5817 LABRADOR LN","owner":"CROWDER, THOMAS W. & LOIS O.","point":[-86.710766459478,36.03202668738395]}},{"type":"Feature","id":"279813","geometry":{"type":"Polygon","coordinates":[[[-86.7109895835619,36.0318744488621],[-86.7111609650461,36.0318712860362],[-86.7112008773251,36.0321074653001],[-86.7112016120345,36.0321191390305],[-86.7111999090088,36.032130700969],[-86.7111999026578,36.0321307352556],[-86.7111998909162,36.0321307871493],[-86.7111956498638,36.0321419418126],[-86.7111891962641,36.0321523574055],[-86.711180705208,36.0321617602529],[-86.7111704118119,36.0321698884926],[-86.7111586014622,36.0321765178199],[-86.7111456009541,36.032181463343],[-86.7111455533636,36.0321814771433],[-86.7111455201734,36.0321814881547],[-86.7111454725588,36.0321814992513],[-86.7111315921782,36.0321844671192],[-86.7110481095507,36.0321962539298],[-86.7110351358141,36.0321991073795],[-86.7110225944144,36.0322030308164],[-86.7107578442151,36.0318787255006],[-86.7107935248508,36.0318780679722],[-86.7109895835619,36.0318744488621]]]},"properties":{"id":"279813","parcel":"172080A00800CO","address":"5821 LABRADOR LN","owner":"HEIDARI, KAMBIZ & SANAZ","point":[-86.7110162953247,36.03199318461941]}},{"type":"Feature","id":"279815","geometry":{"type":"Polygon","coordinates":[[[-86.7102977994997,36.0317970962448],[-86.7103823035235,36.0315093817512],[-86.7106284588429,36.0315590768217],[-86.7105433993553,36.0318481142599],[-86.7102977994997,36.0317970962448]]]},"properties":{"id":"279815","parcel":"172080A01100CO","address":"1636 HUNTERS BRANCH RD","owner":"JOHNSTON, LESLIE JANE","point":[-86.71046309480815,36.031678086565975]}},{"type":"Feature","id":"279817","geometry":{"type":"Polygon","coordinates":[[[-86.709936772888,36.0317158777695],[-86.7098136814455,36.031684895465],[-86.7099954047832,36.0314059972451],[-86.7100178225344,36.0314147176519],[-86.7100731059807,36.0314344961248],[-86.7101294265358,36.0314522414494],[-86.7101866695654,36.0314679155442],[-86.7100783078203,36.0317515028774],[-86.709936772888,36.0317158777695]]]},"properties":{"id":"279817","parcel":"172080A01300CO","address":"1628 HUNTERS BRANCH RD","owner":"SCHWARTZ, KELLY L.","point":[-86.71001481687611,36.03157644105832]}},{"type":"Feature","id":"280159","geometry":{"type":"Polygon","coordinates":[[[-86.7174734747469,36.0335314777132],[-86.7176512681833,36.0332016609941],[-86.717790373293,36.0332124248302],[-86.7179079149667,36.0333212534278],[-86.7176530029698,36.0336135763758],[-86.7176101135519,36.0335902891176],[-86.7175658167838,36.0335688074061],[-86.7175202318933,36.0335491864101],[-86.7174734747469,36.0335314777132]]]},"properties":{"id":"280159","parcel":"172040A04900CO","address":"1465 TIMBER RIDGE CIR","owner":"CHANDLER, SARAH C.","point":[-86.7176731693529,36.033426324507694]}},{"type":"Feature","id":"280160","geometry":{"type":"Polygon","coordinates":[[[-86.7172730556782,36.0334803724748],[-86.7173554224766,36.0331788922059],[-86.7176512681833,36.0332016609941],[-86.7174734747469,36.0335314777132],[-86.7174246576288,36.0335155586159],[-86.7173748938337,36.0335017109015],[-86.7173243146307,36.0334899716418],[-86.7172730556782,36.0334803724748]]]},"properties":{"id":"280160","parcel":"172040A05000CO","address":"1461 TIMBER RIDGE CIR","owner":"AH4R TN PROPERTIES THREE, LLC","point":[-86.71744361380058,36.03334097318181]}},{"type":"Feature","id":"280161","geometry":{"type":"Polygon","coordinates":[[[-86.7159660619436,36.0332621923669],[-86.7162414102838,36.033145557962],[-86.7163745546485,36.0334944928898],[-86.7163067989467,36.0335139779135],[-86.716240642349,36.0335368035032],[-86.7161763337337,36.0335628825594],[-86.7159660619436,36.0332621923669]]]},"properties":{"id":"280161","parcel":"172040A05500CO","address":"1441 TIMBER RIDGE CIR","owner":"WILLIAMS, FOSTER, JR. & SANDRA","point":[-86.71618873030576,36.033378386405346]}},{"type":"Feature","id":"280204","geometry":{"type":"Polygon","coordinates":[[[-86.7114057219862,36.030185550116],[-86.7116905083631,36.0301640379655],[-86.7116908092721,36.0301662921282],[-86.7116951425107,36.030183548854],[-86.7116951539611,36.0301835884433],[-86.7116951608766,36.0301836172439],[-86.7116951778586,36.0301836549979],[-86.7117029361087,36.0302001326021],[-86.71171388415,36.0302153367614],[-86.7117139066152,36.0302153672727],[-86.7117139279466,36.0302153950869],[-86.7117139581946,36.0302154273547],[-86.7117280956334,36.0302288181953],[-86.7117445167313,36.0302403614096],[-86.7117628608229,36.0302498040609],[-86.7116200319226,36.0304951923559],[-86.711518780718,36.0303604312311],[-86.7114079811981,36.030212959562],[-86.7114057219862,36.030185550116]]]},"properties":{"id":"280204","parcel":"172080A07200CO","address":"5924 RETRIEVER CT","owner":"KNITTEL, DANIEL & DOYLE, CAITLYN & ETAL","point":[-86.71160373290117,36.030305028519805]}},{"type":"Feature","id":"280324","geometry":{"type":"Polygon","coordinates":[[[-86.7182123488169,36.0340924395322],[-86.7185070552777,36.033882452906],[-86.7185838109315,36.0339515714787],[-86.7186409145998,36.0340029940362],[-86.7183332457228,36.0342193159477],[-86.7182123488169,36.0340924395322]]]},"properties":{"id":"280324","parcel":"172040A11000CO","address":"1485 TIMBER RIDGE CIR","owner":"HARTMAN, KENNETH E. & KATHLEEN M.","point":[-86.71842620903348,36.03404771598357]}},{"type":"Feature","id":"280325","geometry":{"type":"Polygon","coordinates":[[[-86.7193165506247,36.0336673032823],[-86.7194342168342,36.0333309199988],[-86.7197360141153,36.0333496959619],[-86.7197311435355,36.0336227072888],[-86.7197335076876,36.0336226517072],[-86.719628436334,36.0336556132282],[-86.7193918718819,36.0337304002512],[-86.7193818156136,36.0337143893138],[-86.7193689423407,36.033699769668],[-86.7193535379527,36.0336868649731],[-86.7193359434837,36.0336759616066],[-86.7193165506247,36.0336673032823]]]},"properties":{"id":"280325","parcel":"172040A11800CO","address":"304 SPLITWOOD CT","owner":"SCANNELL, JAMES W.","point":[-86.71955688945441,36.03348575797823]}},{"type":"Feature","id":"280326","geometry":{"type":"Polygon","coordinates":[[[-86.7193918718819,36.0337304002512],[-86.719628436334,36.0336556132282],[-86.7196949824087,36.0339865910274],[-86.7196449431969,36.0339952259743],[-86.7195955403898,36.0340060093902],[-86.7195469135312,36.0340189116012],[-86.7195346853655,36.0340224879556],[-86.7195219062964,36.0340244137237],[-86.7195089131998,36.0340246382237],[-86.7194960455791,36.034023155823],[-86.7194836411179,36.0340200050636],[-86.7194720268118,36.0340152696159],[-86.7194615044863,36.0340090720566],[-86.7194523530485,36.03400157746],[-86.719444811721,36.0339929799789],[-86.7194390778554,36.0339835064626],[-86.7194178938001,36.0339512927093],[-86.7193986621612,36.0339182786626],[-86.7193814313832,36.0338845451507],[-86.7193797538028,36.0338683832437],[-86.7193811675466,36.0338522037815],[-86.7193856395197,36.0338363963204],[-86.7193930632885,36.0338213391381],[-86.719399814137,36.0338035325189],[-86.7194031071483,36.0337850940078],[-86.7194028630779,36.0337664630085],[-86.7193990870834,36.033748086532],[-86.7193918718819,36.0337304002512]]]},"properties":{"id":"280326","parcel":"172040A11900CO","address":"1313 BRENTWOOD HIGHLANDS DR","owner":"HELMS, BENJAMIN & TAYLOR","point":[-86.71952495506103,36.03384463122158]}},{"type":"Feature","id":"280552","geometry":{"type":"Polygon","coordinates":[[[-86.7180787657347,36.033970238805],[-86.7183763111148,36.0337544186203],[-86.7185113424727,36.0338793295923],[-86.7185070552777,36.033882452906],[-86.7182123488169,36.0340924395322],[-86.7180787657347,36.033970238805]]]},"properties":{"id":"280552","parcel":"172040A04500CO","address":"1481 TIMBER RIDGE CIR","owner":"RESIDENTIAL HOME BUYER NASHVILLE, LLC","point":[-86.71829236408156,36.03392634476343]}},{"type":"Feature","id":"280555","geometry":{"type":"Polygon","coordinates":[[[-86.7179455521885,36.0338488550033],[-86.7182412915581,36.0336297841229],[-86.7183763111148,36.0337544186203],[-86.7180787657347,36.033970238805],[-86.7179455521885,36.0338488550033]]]},"properties":{"id":"280555","parcel":"172040A04600CO","address":"1477 TIMBER RIDGE CIR","owner":"ABADIR, FADY & FAHEM, DENA","point":[-86.71816025123195,36.033801635406455]}},{"type":"Feature","id":"280560","geometry":{"type":"Polygon","coordinates":[[[-86.7178109307988,36.0337258616175],[-86.7181010074184,36.0334997730839],[-86.7182412915581,36.0336297841229],[-86.7179455521885,36.0338488550033],[-86.7178109307988,36.0337258616175]]]},"properties":{"id":"280560","parcel":"172040A04700CO","address":"1473 TIMBER RIDGE CIR","owner":"BERVOETS, LORI W.","point":[-86.7180244962761,36.03367781926632]}},{"type":"Feature","id":"280972","geometry":{"type":"Polygon","coordinates":[[[-86.7188621062314,36.03400991331],[-86.7192504122364,36.033910967342],[-86.7192631924634,36.0339426499565],[-86.7192795457751,36.0339732287853],[-86.719299332188,36.0340024396821],[-86.7193180311027,36.0340336065672],[-86.7193237569147,36.034042559189],[-86.71932752131,36.0340521742547],[-86.719329215198,36.034062168508],[-86.719328789349,36.034072252026],[-86.7193262555037,36.0340821282131],[-86.7193216876296,36.0340915100157],[-86.719315219735,36.0341001235416],[-86.7193070392844,36.0341077162101],[-86.7192973883901,36.0341140657587],[-86.719286545022,36.034118988466],[-86.7192342496406,36.0341510343071],[-86.7191846217151,36.0341857662834],[-86.7191378696527,36.0342230389472],[-86.7190941928793,36.0342626951879],[-86.7190848900745,36.034271832147],[-86.7188621062314,36.03400991331]]]},"properties":{"id":"280972","parcel":"172040A11400CO","address":"1309 BRENTWOOD HIGHLANDS DR","owner":"NIARCHOU, MARIA & HOLLADAY, MARK","point":[-86.7191264313185,36.034095367155345]}},{"type":"Feature","id":"280976","geometry":{"type":"Polygon","coordinates":[[[-86.7186949727356,36.0336474832701],[-86.7188879863976,36.0333557842929],[-86.7191903728798,36.033668056489],[-86.7191707917605,36.0336772223596],[-86.7191531422428,36.0336886867151],[-86.7191378280788,36.0337021866729],[-86.7191252015396,36.0337174109872],[-86.7191155546373,36.0337340109178],[-86.7191091069598,36.0337516048087],[-86.7191060079796,36.0337697879885],[-86.7187541793275,36.0337810380915],[-86.7186949727356,36.0336474832701]]]},"properties":{"id":"280976","parcel":"172040A11600CO","address":"309 SPLITWOOD CT","owner":"HUDOCK, JORDAN & CAO, VIVIEN","point":[-86.7189106194695,36.03350191315756]}},{"type":"Feature","id":"281991","geometry":{"type":"Polygon","coordinates":[[[-86.7104911462979,36.0325925153998],[-86.7106118874805,36.0321729702456],[-86.7109514240908,36.0322675391004],[-86.7109467993644,36.0322834417818],[-86.710946788567,36.0322834751934],[-86.7109467810982,36.0322835085853],[-86.7109467759051,36.032283548273],[-86.7109452334767,36.0322997959883],[-86.7109452305107,36.0322998365641],[-86.7109452285737,36.0322998681208],[-86.710945230046,36.0322999086703],[-86.7109470922484,36.0323161894728],[-86.7109517407312,36.0323320987247],[-86.710959085035,36.032347323309],[-86.7109591030622,36.0323473538466],[-86.7109591295038,36.0323473946994],[-86.7109695573204,36.032361424449],[-86.7104911462979,36.0325925153998]]]},"properties":{"id":"281991","parcel":"172080A00600CO","address":"5813 LABRADOR LN","owner":"TLC HOMES, LLC","point":[-86.71062744718013,36.03247672188469]}},{"type":"Feature","id":"281993","geometry":{"type":"Polygon","coordinates":[[[-86.7100783078203,36.0317515028774],[-86.7101866695654,36.0314679155442],[-86.7102041336176,36.0314722424647],[-86.7102632811636,36.0314853519308],[-86.7103823035235,36.0315093817512],[-86.7102977994997,36.0317970962448],[-86.7100783078203,36.0317515028774]]]},"properties":{"id":"281993","parcel":"172080A01200CO","address":"1632 HUNTERS BRANCH RD","owner":"FRIEDRICHS, DAVID JONATHAN & KYLEE","point":[-86.71023566426905,36.03163045536097]}},{"type":"Feature","id":"282170","geometry":{"type":"Polygon","coordinates":[[[-86.7112507424057,36.0305517777562],[-86.7112243645598,36.0305206062773],[-86.7112005767195,36.030488090095],[-86.7111794844215,36.0304543673871],[-86.7115050900069,36.0303642218083],[-86.711518780718,36.0303604312311],[-86.7116200319226,36.0304951923559],[-86.7113540348566,36.030646835846],[-86.711344132231,36.0306524814352],[-86.7112507424057,36.0305517777562]]]},"properties":{"id":"282170","parcel":"172080A08400CO","address":"1416 HUNTERS BRANCH RD","owner":"MUSHI, ROBERT S. & ELDORA R.","point":[-86.7114058540308,36.03050786014691]}},{"type":"Feature","id":"282171","geometry":{"type":"Polygon","coordinates":[[[-86.7115713162236,36.0309899436869],[-86.7115858795823,36.0309894196479],[-86.7116003314615,36.0309909449075],[-86.71160038033,36.0309909500267],[-86.7116004158841,36.0309909552245],[-86.71160046259,36.0309909666655],[-86.7116144098711,36.0309945056913],[-86.7116213097343,36.0309967722525],[-86.7116350430829,36.031001079541],[-86.7117580082004,36.0310384382924],[-86.7117732020714,36.0310442619272],[-86.7115933398446,36.0313344297963],[-86.7115889000498,36.0313415933669],[-86.7113414198926,36.0312550685772],[-86.7113644507199,36.0312149863399],[-86.7113645032284,36.0312149022095],[-86.7113901086446,36.031175971041],[-86.7113901437228,36.0311759230653],[-86.7114183214498,36.0311381366681],[-86.7115111827057,36.0310208797276],[-86.7115201220366,36.0310114940348],[-86.7115201539313,36.0310114623012],[-86.7115201781639,36.0310114423296],[-86.711520214537,36.031011415076],[-86.7115309907198,36.0310034434812],[-86.711543328174,36.0309970895014],[-86.7115433712528,36.0309970676159],[-86.7115434044264,36.0309970548019],[-86.7115434497808,36.0309970392121],[-86.7115569210472,36.0309925216819],[-86.7115711854097,36.0309899570776],[-86.7115712341573,36.030989948678],[-86.7115712740768,36.0309899457384],[-86.7115713162236,36.0309899436869]]]},"properties":{"id":"282171","parcel":"172080A08700CO","address":"5904 LABRADOR LN","owner":"RAYO, MARIA D. CATALAN","point":[-86.71155354486578,36.031157389115]}},{"type":"Feature","id":"282172","geometry":{"type":"Polygon","coordinates":[[[-86.712063755934,36.0310838289099],[-86.7120709998412,36.0310683865837],[-86.7123864178813,36.0311250169567],[-86.7124160454582,36.0314545920192],[-86.7121751645096,36.0314564306617],[-86.7119911982885,36.0311396728792],[-86.7120094677995,36.0311323383394],[-86.7120095131297,36.0311323200456],[-86.7120095451533,36.0311323027318],[-86.7120095871145,36.0311322799515],[-86.7120262764881,36.0311228340014],[-86.7120410732786,36.0311114524379],[-86.7120411096355,36.0311114233816],[-86.7120411338438,36.0311114007061],[-86.7120411646287,36.0311113689789],[-86.7120536886724,36.0310983478714],[-86.7120637002349,36.0310839283815],[-86.7120637243302,36.0310838930886],[-86.7120637385203,36.0310838668672],[-86.712063755934,36.0310838289099]]]},"properties":{"id":"282172","parcel":"172080A09100CO","address":"1401 HUNTERS BRANCH RD","owner":"EDWARDS, TRACY A. & JULIE A.","point":[-86.71224220583576,36.03129722523281]}},{"type":"Feature","id":"282283","geometry":{"type":"Polygon","coordinates":[[[-86.7120514824698,36.0309724563989],[-86.7123592321922,36.0308226158736],[-86.7123864178813,36.0311250169567],[-86.7120709998412,36.0310683865837],[-86.7120753662856,36.0310520500542],[-86.712075377034,36.0310520112351],[-86.7120753789867,36.0310519814809],[-86.712075381952,36.0310519409051],[-86.7120766667523,36.0310353278649],[-86.7120766684911,36.0310352742276],[-86.712076662463,36.0310352206362],[-86.7120748524528,36.0310185952424],[-86.7120699733773,36.0310023539121],[-86.7120699642103,36.0310023215197],[-86.7120699461184,36.0310022837723],[-86.7120699303022,36.0310022523205],[-86.7120621316394,36.0309868547315],[-86.712062112446,36.0309868178918],[-86.7120620944672,36.0309867927619],[-86.7120620686327,36.0309867577641],[-86.7120514824698,36.0309724563989]]]},"properties":{"id":"282283","parcel":"172080A09000CO","address":"1400 HUNTERS BRANCH RD","owner":"KEE, DUK & PAWN, LING","point":[-86.71221509472544,36.030979987131545]}},{"type":"Feature","id":"282503","geometry":{"type":"Polygon","coordinates":[[[-86.7119553435654,36.0301463131073],[-86.7122989757389,36.0300985188282],[-86.7123036084498,36.0304692894106],[-86.7119300355148,36.0302171412668],[-86.7119420137736,36.0302010517807],[-86.7119503501109,36.0301835750905],[-86.7119503642605,36.0301835443628],[-86.7119503782203,36.0301834924559],[-86.7119548571107,36.0301650944531],[-86.7119553435654,36.0301463131073]]]},"properties":{"id":"282503","parcel":"172080A06900CO","address":"5933 RETRIEVER CT","owner":"MENDOZA, ILEANA & ALEXIS YONATHAN","point":[-86.7122094302064,36.03034343777109]}},{"type":"Feature","id":"282506","geometry":{"type":"Polygon","coordinates":[[[-86.7116200319226,36.0304951923559],[-86.7117628608229,36.0302498040609],[-86.7117778406079,36.0302550323031],[-86.7117778862443,36.0302550482568],[-86.7117779296535,36.0302550633224],[-86.7117779774767,36.030255075658],[-86.7117936803439,36.0302587746363],[-86.7118118323932,36.0302610197756],[-86.7118118812613,36.0302610248947],[-86.7118119190341,36.0302610300793],[-86.71181196787,36.0302610315933],[-86.7118302789577,36.0302612109247],[-86.711830328887,36.0302612106298],[-86.7118303655018,36.0302612104134],[-86.7118304142812,36.0302612056187],[-86.7118486646687,36.0302593150325],[-86.711979151999,36.0305890712275],[-86.7119487214512,36.0305896016495],[-86.7118724259572,36.0305909303174],[-86.7117762794268,36.0305926042377],[-86.7116200319226,36.0304951923559]]]},"properties":{"id":"282506","parcel":"172080A07100CO","address":"5928 RETRIEVER CT","owner":"AYTON, ELIZABETH GRACE & SIMEON PAUL","point":[-86.71179202492866,36.03037836241941]}},{"type":"Feature","id":"282510","geometry":{"type":"Polygon","coordinates":[[[-86.7114272134569,36.0299699047753],[-86.711719282612,36.029934160468],[-86.7117348680044,36.030036779927],[-86.7117352955607,36.0300474784712],[-86.7117337751781,36.0300581101097],[-86.7117303369666,36.0300684439334],[-86.7117250576612,36.030078251461],[-86.7117250346837,36.0300782876485],[-86.7117250204856,36.0300783129687],[-86.7117249930538,36.0300783473798],[-86.7117175882534,36.0300874662558],[-86.7117067066025,36.0301008687922],[-86.7117066791625,36.0301009023022],[-86.7117066605102,36.030100925846],[-86.7117066375327,36.0301009620335],[-86.7116984932595,36.0301158526598],[-86.7116929323096,36.0301315076457],[-86.7116900614684,36.0301476465089],[-86.711690056891,36.0301476929527],[-86.7116900571815,36.0301477253975],[-86.7116900587267,36.0301477740583],[-86.7116905083631,36.0301640379655],[-86.7114057219862,36.030185550116],[-86.711392102967,36.0300202898576],[-86.711388342555,36.0299746614937],[-86.7114272134569,36.0299699047753]]]},"properties":{"id":"282510","parcel":"172080A07300CO","address":"5920 RETRIEVER CT","owner":"LONG, JARED & MARIA CARINA","point":[-86.71156381744343,36.03006287247919]}},{"type":"Feature","id":"282517","geometry":{"type":"Polygon","coordinates":[[[-86.7110881664193,36.030053822233],[-86.711392102967,36.0300202898576],[-86.7114057219862,36.030185550116],[-86.7114079811981,36.030212959562],[-86.7111593350688,36.0302412689004],[-86.7111181011234,36.0302459628683],[-86.7110881664193,36.030053822233]]]},"properties":{"id":"282517","parcel":"172080A08200CO","address":"1424 HUNTERS BRANCH RD","owner":"DUDA, DONNA","point":[-86.71124934829614,36.030119692068524]}},{"type":"Feature","id":"282520","geometry":{"type":"Polygon","coordinates":[[[-86.7114288838781,36.0307438706973],[-86.711344132231,36.0306524814352],[-86.7113540348566,36.030646835846],[-86.7116200319226,36.0304951923559],[-86.7117762794268,36.0305926042377],[-86.7115357959053,36.0308319393507],[-86.7114971617667,36.0308050520605],[-86.7114614398448,36.0307756266412],[-86.7114288838781,36.0307438706973]]]},"properties":{"id":"282520","parcel":"172080A08500CO","address":"1412 HUNTERS BRANCH RD","owner":"GRIMMER, WAYNE M. & REBECCA B.","point":[-86.7115280126102,36.03069851655959]}},{"type":"Feature","id":"282523","geometry":{"type":"Polygon","coordinates":[[[-86.7118724259572,36.0305909303174],[-86.7119487214512,36.0305896016495],[-86.7117454814208,36.0309173143419],[-86.7116824362505,36.0308981602105],[-86.7116435908782,36.0308849946188],[-86.711643535191,36.030884971514],[-86.7116060640415,36.0308695085059],[-86.7116060060868,36.0308694800068],[-86.7115700651447,36.0308517907657],[-86.7115700116041,36.0308517595366],[-86.7115357959053,36.0308319393507],[-86.7117762794268,36.0305926042377],[-86.7118724259572,36.0305909303174]]]},"properties":{"id":"282523","parcel":"172080A08600CO","address":"1408 HUNTERS BRANCH RD","owner":"EUAN A ELLIS ASSET MANAGEMENT, LLC","point":[-86.71176417990749,36.030712531838006]}},{"type":"Feature","id":"282525","geometry":{"type":"Polygon","coordinates":[[[-86.711808995041,36.0309366107814],[-86.7117454814208,36.0309173143419],[-86.7119487214512,36.0305896016495],[-86.711979151999,36.0305890712275],[-86.7121448309214,36.0305861858346],[-86.7119818425986,36.0309309820866],[-86.7119697850258,36.0309283161065],[-86.7119697305853,36.0309283083165],[-86.7119530205387,36.0309261502167],[-86.7119299403762,36.0309262379259],[-86.7119071466241,36.0309291900544],[-86.7118851767976,36.0309349349281],[-86.7118719646,36.0309387650796],[-86.7118582882283,36.0309410684755],[-86.7118582394728,36.0309410759739],[-86.7118581995855,36.0309410825186],[-86.7118581507976,36.0309410864121],[-86.7118442684708,36.0309418272775],[-86.7118442185573,36.030941829375],[-86.7118441863965,36.0309418313676],[-86.7118441364507,36.03094182986],[-86.7118301801576,36.0309410020075],[-86.7118194903081,36.0309392796986],[-86.7118194414072,36.0309392709745],[-86.7118193947012,36.0309392595336],[-86.7118193468857,36.0309392480993],[-86.711808995041,36.0309366107814]]]},"properties":{"id":"282525","parcel":"172080A08800CO","address":"1404 HUNTERS BRANCH RD","owner":"CRATON, JOSEPH MICHAEL & LINDA G.","point":[-86.71195630683587,36.03075372040494]}},{"type":"Feature","id":"282528","geometry":{"type":"Polygon","coordinates":[[[-86.7121448309214,36.0305861858346],[-86.7123376764353,36.0305828268521],[-86.7123592321922,36.0308226158736],[-86.7120514824698,36.0309724563989],[-86.7120372085347,36.0309589609526],[-86.7120205794132,36.0309473802527],[-86.7120019803131,36.0309379815087],[-86.7119818425986,36.0309309820866],[-86.7121448309214,36.0305861858346]]]},"properties":{"id":"282528","parcel":"172080A08900CO","address":"1402 HUNTERS BRANCH RD","owner":"DOMINGUEZ, TITO W. & NANCI A. DE","point":[-86.71221888034655,36.03070432135013]}},{"type":"Feature","id":"282562","geometry":{"type":"Polygon","coordinates":[[[-86.7168132951514,36.0334534640799],[-86.7168356863222,36.0331303007175],[-86.717070662539,36.0331539422813],[-86.7170491003401,36.0334622465286],[-86.7168132951514,36.0334534640799]]]},"properties":{"id":"282562","parcel":"172040A05200CO","address":"1453 TIMBER RIDGE CIR","owner":"WEDDLE FAMILY LIVING TRUST","point":[-86.71694193006762,36.03330370313688]}},{"type":"Feature","id":"282568","geometry":{"type":"Polygon","coordinates":[[[-86.7165471224599,36.0331029639301],[-86.7165535174151,36.0331019912571],[-86.7168356863222,36.0331303007175],[-86.7168132951514,36.0334534640799],[-86.7167367168352,36.0334503072464],[-86.7166867314729,36.0334508812731],[-86.7166368190589,36.0334531465744],[-86.7165870672147,36.0334570990241],[-86.7165471224599,36.0331029639301]]]},"properties":{"id":"282568","parcel":"172040A05300CO","address":"1449 TIMBER RIDGE CIR","owner":"AMER, MOHAMMED N. & ARJUMAND, SAMEENA","point":[-86.71669639461287,36.033290091853765]}},{"type":"Feature","id":"282574","geometry":{"type":"Polygon","coordinates":[[[-86.7162414102838,36.033145557962],[-86.7162440740411,36.0331443956812],[-86.7165471224599,36.0331029639301],[-86.7165870672147,36.0334570990241],[-86.7165331806736,36.0334633725391],[-86.7164797210613,36.0334717083562],[-86.7164268058435,36.033482089554],[-86.7163745546485,36.0334944928898],[-86.7162414102838,36.033145557962]]]},"properties":{"id":"282574","parcel":"172040A05400CO","address":"1445 TIMBER RIDGE CIR","owner":"GORNEY, KAITLYNN","point":[-86.71643514204709,36.03330137805156]}},{"type":"Feature","id":"282586","geometry":{"type":"Polygon","coordinates":[[[-86.7109692555912,36.0309174448496],[-86.7109925186796,36.030865854486],[-86.7113136408204,36.0310672090757],[-86.7113045482119,36.0310786893645],[-86.7112790792588,36.0311124111305],[-86.7112790101715,36.031112502569],[-86.7112553298336,36.0311470862234],[-86.7112552728948,36.0311471712812],[-86.7112333779658,36.0311826303636],[-86.710908272685,36.031052687881],[-86.7109692555912,36.0309174448496]]]},"properties":{"id":"282586","parcel":"172080A09400CO","address":"5909 LABRADOR LN","owner":"GRACE, MELODIE","point":[-86.71106117171419,36.03098536137227]}},{"type":"Feature","id":"282602","geometry":{"type":"Polygon","coordinates":[[[-86.7098089456258,36.0307132507486],[-86.7100276682566,36.0304276045497],[-86.710028924642,36.0304273916506],[-86.7100425785635,36.030425933107],[-86.7100563419474,36.0304262945313],[-86.7100698518696,36.0304284663454],[-86.7100699819597,36.0304284962227],[-86.7100837236964,36.0304327693889],[-86.7100963592991,36.0304389210609],[-86.7101073090235,36.0304468915656],[-86.7101165771171,36.0304561626339],[-86.7101239329369,36.0304665030918],[-86.710128754293,36.0304778219708],[-86.7101659321611,36.0305982528032],[-86.7101770042602,36.0306354434427],[-86.7101770259938,36.0306355163195],[-86.7101852270567,36.0306732718676],[-86.7101904989532,36.0307112961417],[-86.7101905084737,36.0307113681891],[-86.7101928456358,36.0307496594199],[-86.7101928747914,36.0307510598593],[-86.7098489220809,36.0307575698112],[-86.7098089456258,36.0307132507486]]]},"properties":{"id":"282602","parcel":"172080A11700CO","address":"5709 COLLINWOOD CT","owner":"AUNG, KHEH & DAR, NU","point":[-86.71004541470555,36.03053779097382]}},{"type":"Feature","id":"283017","geometry":{"type":"Polygon","coordinates":[[[-86.710180097362,36.0301923597263],[-86.7105997379772,36.0301008556163],[-86.710645794568,36.0302811456917],[-86.7102366879729,36.0303756729879],[-86.710180097362,36.0301923597263]]]},"properties":{"id":"283017","parcel":"172080A12700CO","address":"5712 COLLINWOOD CT","owner":"MUNSHI, JAVVAD AHMED & KHURSHID BANU","point":[-86.71041411456495,36.03023675575697]}},{"type":"Feature","id":"283020","geometry":{"type":"Polygon","coordinates":[[[-86.7104626516851,36.0306220344726],[-86.710645794568,36.0302811456917],[-86.7107271163339,36.0305035903612],[-86.7107597341082,36.030592810855],[-86.7105336624778,36.0306799538013],[-86.7105240775047,36.0306651569957],[-86.7105240572913,36.0306651300761],[-86.7105118834134,36.0306516761433],[-86.7104973582474,36.0306398313656],[-86.7104808305168,36.030629878495],[-86.7104807915297,36.0306298616003],[-86.7104626516851,36.0306220344726]]]},"properties":{"id":"283020","parcel":"172080A12900CO","address":"112 COLLINWOOD PL","owner":"MULLENS, TERAH & DAMITRI","point":[-86.7106363129171,36.030392247049804]}},{"type":"Feature","id":"283023","geometry":{"type":"Polygon","coordinates":[[[-86.7102457543987,36.0310647969232],[-86.7104633671367,36.0311468025324],[-86.7103846402725,36.0313966268917],[-86.7102959119227,36.0313787131257],[-86.7102831955364,36.0313760815048],[-86.7102578697376,36.0313704958664],[-86.710257679585,36.03137045012],[-86.7102201759396,36.0313612806114],[-86.7102011295632,36.0313562041305],[-86.7101696213973,36.0313471840313],[-86.7101679300832,36.0313466577302],[-86.7101581020811,36.031342913999],[-86.7101565667862,36.031342214631],[-86.7101565233364,36.0313421950586],[-86.7101564932415,36.031342179914],[-86.710151891953,36.0313398510513],[-86.7101489297987,36.0313381695709],[-86.7101446546668,36.0313354602421],[-86.7101343823002,36.0313271865198],[-86.7101332292743,36.0313260531785],[-86.7101269402001,36.0313188726819],[-86.7101260271667,36.0313176505005],[-86.710126001341,36.0313176164035],[-86.7101259833467,36.0313175894708],[-86.7101197450077,36.0313070207099],[-86.7101158057385,36.0312957011401],[-86.7101154865556,36.0312942537403],[-86.7101142988257,36.0312840184336],[-86.7101152670866,36.0312722941002],[-86.7101186847472,36.0312608725861],[-86.7101212788347,36.0312553864415],[-86.7101227951448,36.0312527186868],[-86.7101244395122,36.0312501015512],[-86.7102213655072,36.0311043272466],[-86.7102457543987,36.0310647969232]]]},"properties":{"id":"283023","parcel":"172080A13300CO","address":"1621 HUNTERS BRANCH RD","owner":"MARTIN, MOLLY","point":[-86.710302986305,36.03119847410521]}},{"type":"Feature","id":"283026","geometry":{"type":"Polygon","coordinates":[[[-86.7104633671367,36.0311468025324],[-86.7107383789245,36.0311441116366],[-86.710630272786,36.0314462168848],[-86.7103846402725,36.0313966268917],[-86.7104633671367,36.0311468025324]]]},"properties":{"id":"283026","parcel":"172080A13400CO","address":"1625 HUNTERS BRANCH RD","owner":"OLIVER, LOIS M.","point":[-86.71055824453956,36.031272038811466]}},{"type":"Feature","id":"283029","geometry":{"type":"Polygon","coordinates":[[[-86.7115915938417,36.0316402888941],[-86.7116280020475,36.031355264889],[-86.7116354965301,36.03135788485],[-86.7118310549702,36.0314114310042],[-86.7120002700663,36.0314577653383],[-86.7118741066256,36.0317046885204],[-86.7118368953823,36.0316916566418],[-86.7117981597032,36.0316819892758],[-86.7115915938417,36.0316402888941]]]},"properties":{"id":"283029","parcel":"172080A13800CO","address":"1705 HUNTERS BRANCH RD","owner":"FRANCO, LOLA MARIE","point":[-86.71177837887937,36.03154898510349]}},{"type":"Feature","id":"283032","geometry":{"type":"Polygon","coordinates":[[[-86.711649958529,36.0319346511478],[-86.7116200931331,36.03175926806],[-86.7117655297254,36.031788628487],[-86.7117935854416,36.0317958263206],[-86.7117936321561,36.0317958386628],[-86.7117936766516,36.031795851018],[-86.7117937211873,36.0317958678795],[-86.7118204224192,36.0318058316689],[-86.7118204680646,36.0318058485238],[-86.7118205003629,36.0318058618524],[-86.7118205427199,36.0318058832333],[-86.7118455822382,36.0318185039352],[-86.7118684551452,36.0318335312702],[-86.7118684942139,36.0318335571768],[-86.7118685310635,36.0318335830967],[-86.7118685657262,36.0318336126346],[-86.7118889370639,36.0318508151477],[-86.7118889661304,36.0318508393109],[-86.7118889985741,36.0318508688619],[-86.7118890232266,36.0318508957551],[-86.7119066515539,36.0318700765894],[-86.7119211828746,36.0318908610968],[-86.7119212075998,36.0318908961011],[-86.7119212278463,36.0318909266256],[-86.7119212470479,36.0318909643664],[-86.7119324653379,36.0319130203457],[-86.7119324845314,36.0319130571853],[-86.7119324981125,36.0319130868478],[-86.7119325106648,36.0319131255292],[-86.7119402883861,36.0319362130892],[-86.7119504237733,36.0319758705296],[-86.7119527008429,36.0319900082939],[-86.7119527090901,36.0319900618721],[-86.7119527095704,36.0319901154963],[-86.7119523785564,36.0320043245517],[-86.7119523778101,36.0320043651144],[-86.7119523758734,36.0320043966711],[-86.7119523695793,36.0320044372666],[-86.7119491776847,36.0320184919808],[-86.7119436857094,36.0320320699818],[-86.7119359935206,36.0320449237246],[-86.7119278444792,36.0320578126128],[-86.7119218922379,36.0320714167659],[-86.711921877043,36.03207145471],[-86.7119218640026,36.0320714854311],[-86.7119218532541,36.0320715242503],[-86.7119181835244,36.0320856259502],[-86.71191817024,36.0320856913726],[-86.7119168309579,36.0321001294554],[-86.7116821945922,36.032123957831],[-86.7116817460275,36.0321213241953],[-86.711649958529,36.0319346511478]]]},"properties":{"id":"283032","parcel":"172080A14500CO","address":"1704 HUNTERS BRANCH RD","owner":"KRUEGER, KAREN A 2025 FAMILY TRUST","point":[-86.7117994188207,36.031955691158196]}},{"type":"Feature","id":"283035","geometry":{"type":"Polygon","coordinates":[[[-86.7112868915433,36.0318084219078],[-86.7112859851671,36.0317950493496],[-86.7112877462594,36.0317817944358],[-86.7112877525539,36.0317817538404],[-86.7112877600708,36.0317817258559],[-86.7112877708116,36.0317816861356],[-86.7112923532714,36.0317688832387],[-86.7112993012441,36.0317568027341],[-86.7113084475304,36.03174573222],[-86.7113195769706,36.0317359316374],[-86.711319613336,36.0317359034826],[-86.7113196420152,36.0317358843862],[-86.7113196795064,36.0317358580273],[-86.7113212684956,36.0317347436597],[-86.7113343393606,36.0317271298705],[-86.7113487051516,36.0317212524389],[-86.711364016482,36.0317172513253],[-86.7113799069355,36.0317152233285],[-86.7113959908055,36.031715217593],[-86.711411883068,36.0317172354908],[-86.7116200931331,36.03175926806],[-86.711649958529,36.0319346511478],[-86.7113146809229,36.031972858493],[-86.7112868915433,36.0318084219078]]]},"properties":{"id":"283035","parcel":"172080A14600CO","address":"5820 LABRADOR LN","owner":"FORTE, MALINDA BULLINGTON, TRUSTEE","point":[-86.71146838459111,36.03187153656792]}},{"type":"Feature","id":"283038","geometry":{"type":"Polygon","coordinates":[[[-86.7113146809229,36.031972858493],[-86.711649958529,36.0319346511478],[-86.7116817460275,36.0321213241953],[-86.7113462326471,36.0321595582511],[-86.7113146809229,36.031972858493]]]},"properties":{"id":"283038","parcel":"172080A14700CO","address":"5816 LABRADOR LN","owner":"BECKERMAN, THOMAS WADE & SPANN, TONYA MICHELLE","point":[-86.71149816592742,36.032047091370295]}},{"type":"Feature","id":"283209","geometry":{"type":"Polygon","coordinates":[[[-86.7104076143179,36.0306126051906],[-86.7104053042701,36.030612621515],[-86.7103937779494,36.0306131446296],[-86.7103891569834,36.0306135765564],[-86.7103753283772,36.0306143638035],[-86.71036323739,36.0306135346978],[-86.7103615254394,36.0306133050469],[-86.7103581239851,36.0306127500755],[-86.7103547515542,36.0306120903827],[-86.7103481223617,36.0306104287245],[-86.7103354782443,36.0306058129345],[-86.7103324796471,36.0306043966538],[-86.7103267007075,36.0306012779965],[-86.7103239315009,36.0305995800606],[-86.7103212568535,36.0305977851288],[-86.7103186691355,36.0305959085679],[-86.7103161837999,36.030593941274],[-86.7103137943264,36.0305918986073],[-86.7103115161761,36.0305897723653],[-86.7103053382005,36.0305829751735],[-86.710298791628,36.0305730499591],[-86.7102943289716,36.0305623887197],[-86.7102366879729,36.0303756729879],[-86.710645794568,36.0302811456917],[-86.7104626516851,36.0306220344726],[-86.710458898661,36.0306207542326],[-86.7104551020124,36.0306195589714],[-86.7104351220271,36.0306149125423],[-86.7104145396242,36.0306127599381],[-86.7104076143179,36.0306126051906]]]},"properties":{"id":"283209","parcel":"172080A12800CO","address":"5708 COLLINWOOD CT","owner":"HAMMERS, DANNA C & ERIC T","point":[-86.7104049998703,36.030469367803924]}},{"type":"Feature","id":"283212","geometry":{"type":"Polygon","coordinates":[[[-86.7108428581769,36.0314891334918],[-86.7109092474901,36.0312760868341],[-86.7111661397466,36.0313277210315],[-86.7111654528209,36.0313296971178],[-86.7111511956679,36.0313752470561],[-86.7111511751991,36.0313753156752],[-86.7111397798527,36.0314213759773],[-86.7111397595532,36.0314214635227],[-86.7111312347736,36.0314680206183],[-86.7111283015052,36.0314793699027],[-86.711123078184,36.0314901207245],[-86.7111230629243,36.0314901514586],[-86.7111230454456,36.0314901822057],[-86.7111230268411,36.031490211157],[-86.7111154590889,36.0314999907008],[-86.7111061420441,36.0315087179426],[-86.7110952946782,36.0315161869958],[-86.7110952549518,36.0315162115652],[-86.7110952273661,36.0315162288526],[-86.7110951853964,36.0315162507313],[-86.7110827197654,36.0315218095775],[-86.7110693553607,36.0315257577061],[-86.7110554053735,36.0315280022379],[-86.7110553565933,36.0315280070323],[-86.7110553211278,36.0315280117481],[-86.7110552723153,36.0315280129374],[-86.7110410436499,36.0315281302554],[-86.711026921778,36.0315262929356],[-86.7108428581769,36.0314891334918]]]},"properties":{"id":"283212","parcel":"172080A13600CO","address":"5901 LABRADOR LN","owner":"BETTY, DEREK","point":[-86.71100841636994,36.03139801559506]}},{"type":"Feature","id":"283217","geometry":{"type":"Polygon","coordinates":[[[-86.7113252372196,36.0315865177256],[-86.7113127392644,36.0315831314416],[-86.7113126925419,36.031583118198],[-86.7113126557975,36.0315831039942],[-86.7113126112539,36.0315830862313],[-86.71130094513,36.0315781691442],[-86.711290343671,36.0315718244298],[-86.7112903113084,36.0315718038911],[-86.7112902744511,36.0315717770698],[-86.711290250981,36.0315717582812],[-86.7112811407494,36.0315640384005],[-86.7112734654741,36.0315553510712],[-86.711267377619,36.0315458702444],[-86.7112673573163,36.0315458334112],[-86.7112673437194,36.0315458019462],[-86.711267331224,36.0315457695733],[-86.711263328798,36.0315355959583],[-86.7112613223439,36.0315250248065],[-86.7112613164413,36.0315249851844],[-86.7112613161832,36.0315249563446],[-86.7112613147108,36.031524915795],[-86.7112613645699,36.0315142423749],[-86.7112679072937,36.0314666694954],[-86.7112679200197,36.0314666036258],[-86.7112778589139,36.0314194874812],[-86.7112778793342,36.0314194134545],[-86.711291185354,36.031372856963],[-86.7113054693589,36.0313329210109],[-86.7113054997571,36.031332846024],[-86.7113222290636,36.031293623879],[-86.711322269359,36.0312935389195],[-86.7113414198926,36.0312550685772],[-86.7115889000498,36.0313415933669],[-86.7116280020475,36.031355264889],[-86.7115915938417,36.0316402888941],[-86.7113252372196,36.0315865177256]]]},"properties":{"id":"283217","parcel":"172080A13700CO","address":"1701 HUNTERS BRANCH RD","owner":"YAMASA CO., LTD","point":[-86.71144478649995,36.03144345931375]}},{"type":"Feature","id":"283340","geometry":{"type":"Polygon","coordinates":[[[-86.719628436334,36.0336556132282],[-86.7197335076876,36.0336226517072],[-86.7198774984397,36.0336184603232],[-86.719889448,36.0339746237007],[-86.719840610282,36.033974527022],[-86.719791831206,36.0339764948383],[-86.7197432449716,36.0339805200391],[-86.7196949824087,36.0339865910274],[-86.719628436334,36.0336556132282]]]},"properties":{"id":"283340","parcel":"172040A12000CO","address":"1317 BRENTWOOD HIGHLANDS DR","owner":"DAVIS, RICK & LISA","point":[-86.71977228311938,36.03381514971454]}},{"type":"Feature","id":"283696","geometry":{"type":"Polygon","coordinates":[[[-86.7168356863222,36.0331303007175],[-86.7165535174151,36.0331019912571],[-86.7165471224599,36.0331029639301],[-86.7162440740411,36.0331443956812],[-86.7162414102838,36.033145557962],[-86.7159660619436,36.0332621923669],[-86.7156710298888,36.0333867058976],[-86.7155048272252,36.0332381060948],[-86.7155480440087,36.0331906054156],[-86.7157822828369,36.032986477004],[-86.7162583664793,36.0330312541768],[-86.7163120007654,36.0330362989323],[-86.7183674747628,36.0331792589908],[-86.718681123257,36.0332011034375],[-86.7185838109315,36.0339515714787],[-86.7185070552777,36.033882452906],[-86.7185113424727,36.0338793295923],[-86.7183763111148,36.0337544186203],[-86.7182412915581,36.0336297841229],[-86.7181010074184,36.0334997730839],[-86.7179079149667,36.0333212534278],[-86.717790373293,36.0332124248302],[-86.7176512681833,36.0332016609941],[-86.7173554224766,36.0331788922059],[-86.7172000400805,36.0331671323897],[-86.717070662539,36.0331539422813],[-86.7168356863222,36.0331303007175]]]},"properties":{"id":"283696","parcel":"172040A08800CO","address":"0 TIMBER RIDGE CIR","owner":"HIGHLANDS OF BRENTWOOD, LLC","point":[-86.71834600029007,36.033446683748416]}},{"type":"Feature","id":"283702","geometry":{"type":"Polygon","coordinates":[[[-86.7108736834936,36.0316113762139],[-86.7108744744079,36.0316087433737],[-86.7110584493667,36.0316458843659],[-86.7110675970034,36.0316481115558],[-86.7110676570647,36.0316481274247],[-86.7110813494681,36.0316531821906],[-86.7110940443913,36.0316597326811],[-86.711105494376,36.0316676532747],[-86.7111154794442,36.031676789346],[-86.7111155130374,36.0316768233969],[-86.7111155354382,36.0316768466983],[-86.7111155612644,36.031676880795],[-86.7111243983793,36.0316884913842],[-86.7111244360736,36.0316885497459],[-86.7111308023322,36.0317012438525],[-86.7111344952944,36.0317146567466],[-86.7111609650461,36.0318712860362],[-86.7109895835619,36.0318744488621],[-86.7107935248508,36.0318780679722],[-86.7108736834936,36.0316113762139]]]},"properties":{"id":"283702","parcel":"172080A00900CO","address":"5825 LABRADOR LN","owner":"KADHIM, ISHAN","point":[-86.71098353507475,36.03179257576823]}},{"type":"Feature","id":"283704","geometry":{"type":"Polygon","coordinates":[[[-86.7105433993553,36.0318481142599],[-86.7106284588429,36.0315590768217],[-86.7108096623014,36.0315956595134],[-86.7108744744079,36.0316087433737],[-86.7108736834936,36.0316113762139],[-86.7107935248508,36.0318780679722],[-86.7107578442151,36.0318787255006],[-86.7106962393534,36.0318798622044],[-86.7105433993553,36.0318481142599]]]},"properties":{"id":"283704","parcel":"172080A01000CO","address":"1640 HUNTERS BRANCH RD","owner":"LAW, PATRICK L. ETUX","point":[-86.71070816901423,36.0317297444539]}},{"type":"Feature","id":"283881","geometry":{"type":"Polygon","coordinates":[[[-86.7121923732476,36.0299130830571],[-86.7122357801216,36.0299087012421],[-86.7122989757389,36.0300985188282],[-86.7119553435654,36.0301463131073],[-86.7119518496448,36.0301278752414],[-86.7119445249466,36.0301102540521],[-86.7119445090741,36.0301102162915],[-86.7119444899537,36.030110187563],[-86.7119444719186,36.0301101561243],[-86.7119331977705,36.030093976909],[-86.7119189533875,36.0300794249553],[-86.7119020859552,36.0300668587285],[-86.7118918198574,36.030059535081],[-86.711883182979,36.0300510093936],[-86.711883152739,36.030050978027],[-86.7118831336509,36.0300509529035],[-86.7118831078249,36.0300509188069],[-86.7118763108974,36.030041428678],[-86.7118762872743,36.0300413927658],[-86.7118762748111,36.030041363998],[-86.71187625561,36.0300413262571],[-86.7118714087397,36.0300310242566],[-86.7118686507635,36.0300201736436],[-86.7118575198567,36.0299468803419],[-86.7121923732476,36.0299130830571]]]},"properties":{"id":"283881","parcel":"172080A06800CO","address":"5929 RETRIEVER CT","owner":"DON, ROGELIO","point":[-86.71207252605417,36.03002608532141]}},{"type":"Feature","id":"283883","geometry":{"type":"Polygon","coordinates":[[[-86.7119158079998,36.0302304941924],[-86.7119300355148,36.0302171412668],[-86.7123036084498,36.0304692894106],[-86.7123376764353,36.0305828268521],[-86.7121448309214,36.0305861858346],[-86.711979151999,36.0305890712275],[-86.7118486646687,36.0302593150325],[-86.7118670773028,36.0302549737665],[-86.7118846000729,36.0302486540062],[-86.7119009133381,36.0302404712038],[-86.7119157166264,36.0302305749474],[-86.7119157529991,36.0302305476937],[-86.7119157760977,36.0302305250249],[-86.7119158079998,36.0302304941924]]]},"properties":{"id":"283883","parcel":"172080A07000CO","address":"5937 RETRIEVER CT","owner":"SPEAR, CHRISTOPHER T.","point":[-86.71201917606632,36.0303641656612]}},{"type":"Feature","id":"283887","geometry":{"type":"Polygon","coordinates":[[[-86.7111272655803,36.0303047885409],[-86.7111181011234,36.0302459628683],[-86.7111593350688,36.0302412689004],[-86.7114079811981,36.030212959562],[-86.711518780718,36.0303604312311],[-86.7115050900069,36.0303642218083],[-86.7111794844215,36.0304543673871],[-86.7111615304523,36.0304182043734],[-86.7111467947414,36.0303810940282],[-86.7111353544186,36.0303432242681],[-86.7111272655803,36.0303047885409]]]},"properties":{"id":"283887","parcel":"172080A08300CO","address":"1420 HUNTERS BRANCH RD","owner":"CARRANZA, RUBEN DIAZ & CLAUDIA DIAZ","point":[-86.7113116881033,36.03032444077997]}},{"type":"Feature","id":"283898","geometry":{"type":"Polygon","coordinates":[[[-86.7187541793275,36.0337810380915],[-86.7191060079796,36.0337697879885],[-86.7191063934829,36.0337888507652],[-86.7191104704014,36.0338076256289],[-86.7191181357446,36.0338256445209],[-86.7191292001366,36.0338424579237],[-86.7191433857112,36.0338576474917],[-86.7191603383735,36.0338708322872],[-86.7191796368241,36.0338816849502],[-86.7192007981229,36.0338899334672],[-86.7192232955406,36.0338953718813],[-86.7192465652654,36.0338978656593],[-86.7192504122364,36.033910967342],[-86.7188621062314,36.03400991331],[-86.7188606934675,36.0340082985078],[-86.7187541793275,36.0337810380915]]]},"properties":{"id":"283898","parcel":"172040A11500CO","address":"305 SPLITWOOD CT","owner":"LE, QUE U.","point":[-86.71900904627233,36.03389217715746]}},{"type":"Feature","id":"283900","geometry":{"type":"Polygon","coordinates":[[[-86.7188879863976,36.0333557842929],[-86.718925571503,36.0332993922774],[-86.7194342168342,36.0333309199988],[-86.7193165506247,36.0336673032823],[-86.719296216374,36.0336611741988],[-86.7192750032749,36.0336574964709],[-86.7192533592229,36.0336563485411],[-86.7192317382813,36.0336577547374],[-86.7192105940244,36.0336616853138],[-86.7191903728798,36.033668056489],[-86.7188879863976,36.0333557842929]]]},"properties":{"id":"283900","parcel":"172040A11700CO","address":"308 SPLITWOOD CT","owner":"CISNEROS, KEVIN D. CIFUENTES","point":[-86.71920306494532,36.033506376648]}},{"type":"Feature","id":"284109","geometry":{"type":"Polygon","coordinates":[[[-86.715484677259,36.0324488551618],[-86.7155439768411,36.0324224628184],[-86.7156891415752,36.032730799553],[-86.7156881102499,36.0327314861561],[-86.7156555365282,36.0327560875853],[-86.7155813632791,36.0328125651902],[-86.7155380299307,36.032845858577],[-86.7154139769436,36.0329433545576],[-86.7153790969513,36.0329152763408],[-86.715392637984,36.0326942202345],[-86.7154055105013,36.0324840881659],[-86.715484677259,36.0324488551618]]]},"properties":{"id":"284109","parcel":"172080B00100CO","address":"1529 CELEBRATION WAY","owner":"CURREY, EDMOND ALLEN, JR.","point":[-86.71551088945837,36.032589419527]}},{"type":"Feature","id":"284110","geometry":{"type":"Polygon","coordinates":[[[-86.7157999971566,36.0323088580532],[-86.7160021242638,36.0322197484302],[-86.7161431838568,36.0325035956324],[-86.7159931670706,36.0325660149482],[-86.7159395849993,36.0325898922757],[-86.7157999971566,36.0323088580532]]]},"properties":{"id":"284110","parcel":"172080B00300CO","address":"1537 CELEBRATION WAY","owner":"BURR, SANDRA J.","point":[-86.71597157764808,36.03240622693545]}},{"type":"Feature","id":"284111","geometry":{"type":"Polygon","coordinates":[[[-86.7161045396537,36.0321751854554],[-86.7161868883007,36.0320054716635],[-86.7165035776748,36.0320189721122],[-86.7164915750819,36.0321882687259],[-86.7164888593403,36.0322171452233],[-86.7164826661389,36.0322456647571],[-86.716473054031,36.0322735529847],[-86.7164601182183,36.0323005389512],[-86.7161045396537,36.0321751854554]]]},"properties":{"id":"284111","parcel":"172080B00500CO","address":"1545 CELEBRATION WAY","owner":"TIRE, MEHARI & MESELU","point":[-86.71632031579806,36.03209711741076]}},{"type":"Feature","id":"284113","geometry":{"type":"Polygon","coordinates":[[[-86.7154982813892,36.0312535462309],[-86.7155112599851,36.0310890342764],[-86.7156619509758,36.0311149591192],[-86.7158609111547,36.0314887148016],[-86.7158459941843,36.0314937217928],[-86.7158459488305,36.0314937373842],[-86.7158459167588,36.0314937492916],[-86.7158458736566,36.0314937684749],[-86.715831841156,36.0315001428808],[-86.7158317969523,36.031500162972],[-86.7158317571787,36.0315001821354],[-86.7158317152184,36.0315002049171],[-86.7158131334788,36.0315120222273],[-86.7157972147455,36.0315261733888],[-86.7157843971327,36.0315422682431],[-86.715775035068,36.031559864854],[-86.7154790097854,36.0315173875553],[-86.7154982813892,36.0312535462309]]]},"properties":{"id":"284113","parcel":"172080B01000CO","address":"113 WALKING HORSE CT","owner":"UNDERWOOD, MICHAEL DEAN","point":[-86.71564409669283,36.03137104647954]}},{"type":"Feature","id":"284179","geometry":{"type":"Polygon","coordinates":[[[-86.7115933398446,36.0313344297963],[-86.7117732020714,36.0310442619272],[-86.7117850555356,36.0310507749558],[-86.7117850967908,36.0310507972444],[-86.7117851302629,36.0310508177765],[-86.7117851671202,36.0310508445975],[-86.7117957985159,36.031058677129],[-86.7118049263963,36.0310676253315],[-86.7118049577462,36.0310676566916],[-86.7118049857593,36.0310676871701],[-86.7118050115856,36.0310677212667],[-86.7118146303773,36.0310811820528],[-86.7118262390287,36.0310983966897],[-86.7118408001746,36.0311128647627],[-86.7118580224276,36.0311252549502],[-86.711877464609,36.0311352453918],[-86.7118986251032,36.0311425803786],[-86.7118310549702,36.0314114310042],[-86.7116354965301,36.03135788485],[-86.7116280020475,36.031355264889],[-86.7115889000498,36.0313415933669],[-86.7115933398446,36.0313344297963]]]},"properties":{"id":"284179","parcel":"172080A15900CO","address":"1409 HUNTERS BRANCH RD","owner":"FELDSER JOINT REVOCABLE TRUST","point":[-86.71176368845646,36.03123854774591]}},{"type":"Feature","id":"284180","geometry":{"type":"Polygon","coordinates":[[[-86.7160021242638,36.0322197484302],[-86.7161045396537,36.0321751854554],[-86.7164601182183,36.0323005389512],[-86.716443930974,36.0323260237662],[-86.7164237956149,36.032351503213],[-86.7164006284179,36.0323752233305],[-86.7163746613647,36.0323969456974],[-86.7163461543642,36.032416452456],[-86.7163153908627,36.0324335517462],[-86.7162826788722,36.0324480686868],[-86.7162483466704,36.0324598607228],[-86.7161431838568,36.0325035956324],[-86.7160021242638,36.0322197484302]]]},"properties":{"id":"284180","parcel":"172080B00400CO","address":"1541 CELEBRATION WAY","owner":"KOVALEV, ALEKSANDR & MARGARITA","point":[-86.71624734700887,36.032338322285355]}},{"type":"Feature","id":"284181","geometry":{"type":"Polygon","coordinates":[[[-86.7162030515944,36.031807737938],[-86.7162102420721,36.0317788114121],[-86.7162671997874,36.0317882735012],[-86.716437028115,36.0318005714045],[-86.7164517290817,36.0318026209583],[-86.7164657801151,36.0318065508701],[-86.7164658268386,36.0318065641117],[-86.7164658613405,36.0318065756234],[-86.7164659058773,36.0318065924831],[-86.7164788837678,36.0318124764722],[-86.7164906643783,36.031819837591],[-86.7165009932992,36.0318285187248],[-86.7165010257527,36.0318285491758],[-86.7165010514919,36.0318285733577],[-86.716501078422,36.0318286065455],[-86.7165093241021,36.0318385880168],[-86.7165093476547,36.0318386158169],[-86.7165093734914,36.0318386508137],[-86.7165093904029,36.0318386804559],[-86.7165155802084,36.0318496745895],[-86.7165035776748,36.0320189721122],[-86.7161868883007,36.0320054716635],[-86.7161544015565,36.0320034665059],[-86.7162030515944,36.031807737938]]]},"properties":{"id":"284181","parcel":"172080B00600CO","address":"1549 CELEBRATION WAY","owner":"FOR KING & COUNTRY PROPERTIES, L.L.C.","point":[-86.71634185442385,36.03192658692033]}},{"type":"Feature","id":"284182","geometry":{"type":"Polygon","coordinates":[[[-86.7159211377367,36.0314832898774],[-86.71590440958,36.0314825961344],[-86.7159008638438,36.0314826622671],[-86.7158807040151,36.0314844737799],[-86.7158806541257,36.0314844785828],[-86.7158806108935,36.0314844833461],[-86.7158805621623,36.0314844935499],[-86.7158609111547,36.0314887148016],[-86.7156619509758,36.0311149591192],[-86.7160748666668,36.0311859937324],[-86.7161381310681,36.0312315549039],[-86.7159889055338,36.0314820841342],[-86.7159785365181,36.0314994929669],[-86.7159605805772,36.0314918395211],[-86.7159605282413,36.0314918191023],[-86.715960491488,36.0314918039987],[-86.7159604536494,36.0314917916055],[-86.7159604147094,36.03149178012],[-86.7159412483472,36.0314863627653],[-86.7159212743339,36.0314833025852],[-86.7159212254404,36.031483294764],[-86.7159211876911,36.0314832922845],[-86.7159211377367,36.0314832898774]]]},"properties":{"id":"284182","parcel":"172080B01100CO","address":"109 WALKING HORSE CT","owner":"GOODLOW, DAVID W.","point":[-86.71592693674084,36.03135649607002]}},{"type":"Feature","id":"284302","geometry":{"type":"Polygon","coordinates":[[[-86.7161303573417,36.0304434099171],[-86.7161414664408,36.0303955950941],[-86.7163679694652,36.0304515249662],[-86.7163493334267,36.030612674606],[-86.7163389796963,36.0307021914665],[-86.7162439069143,36.0306926279294],[-86.7162232692041,36.0306876826317],[-86.7162037428081,36.030680340491],[-86.7161857474555,36.0306707576406],[-86.7161696711523,36.0306591408753],[-86.716156640657,36.0306477637742],[-86.7161418427703,36.0306380104941],[-86.7161418048184,36.0306379854835],[-86.7161417680492,36.0306379685774],[-86.7161417256997,36.0306379480994],[-86.7161254649913,36.030630001595],[-86.7161254226419,36.0306299811169],[-86.7161253825684,36.0306299669344],[-86.7161253369309,36.0306299509824],[-86.716107809565,36.0306239083283],[-86.7160893562056,36.0306198945818],[-86.7161303573417,36.0304434099171]]]},"properties":{"id":"284302","parcel":"172080B02100CO","address":"304 MASTERPIECE CT","owner":"SFR JV-1 2020-1 BORROWER, LLC","point":[-86.716234270518,36.03053180552382]}},{"type":"Feature","id":"284406","geometry":{"type":"Polygon","coordinates":[[[-86.7118310549702,36.0314114310042],[-86.7118986251032,36.0311425803786],[-86.7119211672451,36.0311467139122],[-86.7119212083711,36.0311467217809],[-86.711921249481,36.031146727847],[-86.7119212983417,36.0311467320648],[-86.7119449712043,36.0311475232225],[-86.7119684836659,36.0311451481752],[-86.7119911982885,36.0311396728792],[-86.7121751645096,36.0314564306617],[-86.7120002700663,36.0314577653383],[-86.7118310549702,36.0314114310042]]]},"properties":{"id":"284406","parcel":"172080A15800CO","address":"1405 HUNTERS BRANCH RD","owner":"WARD, AMY","point":[-86.71196844215284,36.03127967034088]}},{"type":"Feature","id":"284410","geometry":{"type":"Polygon","coordinates":[[[-86.7156032622944,36.0323957379517],[-86.7157999971566,36.0323088580532],[-86.7159395849993,36.0325898922757],[-86.7158740606029,36.0326218530403],[-86.7158103166878,36.0326561078006],[-86.7157484758372,36.0326925918391],[-86.7156032622944,36.0323957379517]]]},"properties":{"id":"284410","parcel":"172080B00200CO","address":"1533 CELEBRATION WAY","owner":"MACLACHLAN, CAROL W.","point":[-86.7157710592716,36.0324928143683]}},{"type":"Feature","id":"284412","geometry":{"type":"Polygon","coordinates":[[[-86.7159889055338,36.0314820841342],[-86.7161381310681,36.0312315549039],[-86.7163203334021,36.0313627719326],[-86.7162252644142,36.0316579080948],[-86.7162220919634,36.0316677546683],[-86.7161740660385,36.0316551327058],[-86.7161740059437,36.0316551132345],[-86.7161274371402,36.0316394317104],[-86.7161273725585,36.031639406858],[-86.7160825024588,36.0316207535665],[-86.7160703913619,36.0316140207717],[-86.7160703590143,36.0316140020367],[-86.7160703210457,36.0316139752236],[-86.7160702908847,36.0316139528704],[-86.7160599906083,36.0316054869389],[-86.7160514559309,36.0315958108904],[-86.7160449009617,36.0315851659014],[-86.7160448817582,36.0315851281612],[-86.7160448704191,36.0315851011897],[-86.7160448567472,36.031585061614],[-86.7160408096622,36.0315732011962],[-86.7160348740995,36.0315558072375],[-86.7160253418716,36.0315391079196],[-86.7160253204571,36.0315390710938],[-86.7160253024851,36.0315390468656],[-86.7160252744458,36.0315390136844],[-86.7160125250006,36.0315238665866],[-86.7160124969613,36.0315238334054],[-86.716012468987,36.031523807434],[-86.7160124343309,36.0315237787986],[-86.7159967513829,36.0315105148116],[-86.7159785365181,36.0314994929669],[-86.7159889055338,36.0314820841342]]]},"properties":{"id":"284412","parcel":"172080B01200CO","address":"105 WALKING HORSE CT","owner":"ERICKSON, KYLE & HALEY","point":[-86.71616281399456,36.03142244754486]}},{"type":"Feature","id":"284703","geometry":{"type":"Polygon","coordinates":[[[-86.7162195967523,36.0308020084568],[-86.7163543253052,36.0308154479505],[-86.7163086721281,36.0310910874227],[-86.7163051046573,36.0311126288434],[-86.7160748666668,36.0311859937324],[-86.7160971135013,36.0308364449102],[-86.7161159385286,36.0308313326407],[-86.7161159861254,36.0308313197397],[-86.7161160192982,36.0308313069244],[-86.7161160635258,36.030831289537],[-86.7161337440085,36.0308240236641],[-86.7161489790454,36.0308156637316],[-86.7161655346609,36.0308091679366],[-86.7161830669883,36.0308046717143],[-86.7162012140353,36.030802269148],[-86.7162195967523,36.0308020084568]]]},"properties":{"id":"284703","parcel":"172080B01600CO","address":"305 MASTERPIECE CT","owner":"WAGLER, RYAN","point":[-86.71620936880628,36.03096378154008]}},{"type":"Feature","id":"284706","geometry":{"type":"Polygon","coordinates":[[[-86.7156619509758,36.0311149591192],[-86.7159810579654,36.0308175224506],[-86.7160002829455,36.0308273711163],[-86.7160211909022,36.0308344761507],[-86.7160212365236,36.0308344903003],[-86.7160212710251,36.0308345018121],[-86.7160213177316,36.0308345132514],[-86.7160463153582,36.0308387467874],[-86.7160718388437,36.0308393972507],[-86.7160971135013,36.0308364449102],[-86.7160748666668,36.0311859937324],[-86.7156619509758,36.0311149591192]]]},"properties":{"id":"284706","parcel":"172080B01700CO","address":"309 MASTERPIECE CT","owner":"TSUI, ABIGAIL & ABDI, FARAN","point":[-86.71594901928265,36.03097737292115]}},{"type":"Feature","id":"284709","geometry":{"type":"Polygon","coordinates":[[[-86.7155346114545,36.0307808204886],[-86.7155419549061,36.030711180708],[-86.7159267179977,36.030732105191],[-86.7159291038554,36.0307497464754],[-86.7159291115504,36.0307498000567],[-86.715929124785,36.0307498527038],[-86.7159352722859,36.0307668866958],[-86.7159443931702,36.0307830179478],[-86.7159562979349,36.0307979032907],[-86.7159563281849,36.0307979355575],[-86.7159563483678,36.0307979588712],[-86.7159563808206,36.0307979893224],[-86.7159713298324,36.030810969263],[-86.7159810579654,36.0308175224506],[-86.7156619509758,36.0311149591192],[-86.7155112599851,36.0310890342764],[-86.7155346114545,36.0307808204886]]]},"properties":{"id":"284709","parcel":"172080B01800CO","address":"313 MASTERPIECE CT","owner":"ROOS, DAVID S. & SHERYL A.","point":[-86.71567838540965,36.03095311792481]}},{"type":"Feature","id":"284711","geometry":{"type":"Polygon","coordinates":[[[-86.7163493334267,36.030612674606],[-86.7163679694652,36.0304515249662],[-86.7166674873842,36.0305254831526],[-86.7166491934652,36.0305891269377],[-86.7166346690398,36.0306534080461],[-86.7166303354281,36.0306769729364],[-86.7166277240086,36.0306859004709],[-86.7166233730349,36.0306943696786],[-86.7166173947748,36.0307021563707],[-86.7166099482922,36.0307090577105],[-86.7166012283435,36.0307148913794],[-86.7165997984365,36.0307156713922],[-86.7165997653207,36.0307156905164],[-86.7165997322131,36.0307157105418],[-86.7165996968376,36.0307157251729],[-86.7165893925445,36.0307201009561],[-86.7165783467317,36.0307229660722],[-86.7165783068692,36.0307229753223],[-86.7165782592563,36.030722986421],[-86.7165782193533,36.0307229911648],[-86.7165666821286,36.0307242720225],[-86.7165550281293,36.0307239231314],[-86.7163389796963,36.0307021914665],[-86.7163493334267,36.030612674606]]]},"properties":{"id":"284711","parcel":"172080B02200CO","address":"300 MASTERPIECE CT","owner":"HALL, TRAVIS","point":[-86.7165070798712,36.030556947550934]}},{"type":"Feature","id":"284764","geometry":{"type":"Polygon","coordinates":[[[-86.7173775153225,36.0339745349334],[-86.7173524522865,36.0339644003859],[-86.71758570089,36.033709962343],[-86.7176296166934,36.0337381555498],[-86.7176711320823,36.0337686532265],[-86.7177100671854,36.0338013203517],[-86.7177663750469,36.0338530427848],[-86.7175182282837,36.0340314952602],[-86.7175179228874,36.0340317142908],[-86.7173775153225,36.0339745349334]]]},"properties":{"id":"284764","parcel":"172040A07900CO","address":"1448 TIMBER RIDGE CIR","owner":"POMBO, TIMOTHY SAMUEL","point":[-86.71754617918893,36.03390869059157]}},{"type":"Feature","id":"284768","geometry":{"type":"Polygon","coordinates":[[[-86.7170789648169,36.0339042842605],[-86.7170660870076,36.0339037561317],[-86.7170858019848,36.0335718661239],[-86.7171373255727,36.0335745103111],[-86.7171895711311,36.0335789536685],[-86.7172413754268,36.0335860205935],[-86.7172925407062,36.0335956843238],[-86.7173428702278,36.0336079072758],[-86.7172230339688,36.0339119106505],[-86.7170789648169,36.0339042842605]]]},"properties":{"id":"284768","parcel":"172040A08100CO","address":"1440 TIMBER RIDGE CIR","owner":"LAFON, THOMAS ANDY & MARY KAY","point":[-86.71717968863071,36.03375577332032]}},{"type":"Feature","id":"284841","geometry":{"type":"Polygon","coordinates":[[[-86.7096145705378,36.0328594277186],[-86.709936772888,36.0317158777695],[-86.7100783078203,36.0317515028774],[-86.7102977994997,36.0317970962448],[-86.7105433993553,36.0318481142599],[-86.7106962393534,36.0318798622044],[-86.7106118874805,36.0321729702456],[-86.7104911462979,36.0325925153998],[-86.7104804617174,36.0326296423136],[-86.7103760282149,36.0329925241359],[-86.7102326345559,36.0329674599747],[-86.7096145705378,36.0328594277186]]]},"properties":{"id":"284841","parcel":"17300013100","address":"1321 BARNES RD","owner":"KING, CHRISTOPHER T","point":[-86.71015047197793,36.03238177413679]}},{"type":"Feature","id":"285111","geometry":{"type":"Polygon","coordinates":[[[-86.7108577380295,36.0307077650909],[-86.7111246600424,36.0305976191483],[-86.7111426882469,36.030617891007],[-86.7112367637157,36.0307193351896],[-86.7110054869813,36.0308580754974],[-86.7109925186796,36.030865854486],[-86.7108577380295,36.0307077650909]]]},"properties":{"id":"285111","parcel":"172080A09600CO","address":"1421 HUNTERS BRANCH RD","owner":"LEIPHARDT, NATHAN","point":[-86.71102373483205,36.03078847074777]}},{"type":"Feature","id":"285116","geometry":{"type":"Polygon","coordinates":[[[-86.7107271163339,36.0305035903612],[-86.711024445109,36.0304329943197],[-86.7110441096733,36.0304761890714],[-86.711067446095,36.0305181616252],[-86.7110943393351,36.0305587035579],[-86.7111246600424,36.0305976191483],[-86.7108577380295,36.0307077650909],[-86.7107597341082,36.030592810855],[-86.7107271163339,36.0305035903612]]]},"properties":{"id":"285116","parcel":"172080A09700CO","address":"1425 HUNTERS BRANCH RD","owner":"JAHANGARLOO, MANIJEH & SEISAN, SANAZ BEHROUZI","point":[-86.71093065638517,36.03057576604876]}},{"type":"Feature","id":"285120","geometry":{"type":"Polygon","coordinates":[[[-86.7105997379772,36.0301008556163],[-86.7109530983619,36.0300620964563],[-86.7109531701383,36.0300625538903],[-86.7109810068218,36.0302412334868],[-86.710645794568,36.0302811456917],[-86.7105997379772,36.0301008556163]]]},"properties":{"id":"285120","parcel":"172080A09900CO","address":"1433 HUNTERS BRANCH RD","owner":"BROOKS, VIRGINIA F.","point":[-86.71079385068772,36.030171053091756]}},{"type":"Feature","id":"285134","geometry":{"type":"Polygon","coordinates":[[[-86.7172230339688,36.0339119106505],[-86.7173428702278,36.0336079072758],[-86.7173944556904,36.0336231826227],[-86.7174447334863,36.0336411047233],[-86.7174934987725,36.0336615990904],[-86.7175405510702,36.0336845830991],[-86.71758570089,36.033709962343],[-86.7173524522865,36.0339644003859],[-86.7172230339688,36.0339119106505]]]},"properties":{"id":"285134","parcel":"172040A08000CO","address":"1444 TIMBER RIDGE CIR","owner":"KINNEY, JON & KAELA","point":[-86.71737795668689,36.03381087439089]}},{"type":"Feature","id":"285141","geometry":{"type":"Polygon","coordinates":[[[-86.7099015512521,36.0308991594964],[-86.7098489220809,36.0307575698112],[-86.7101928747914,36.0307510598593],[-86.7101919936036,36.0307920279769],[-86.7101919929128,36.0307920748482],[-86.7101877404655,36.0308328879858],[-86.7101877343557,36.0308329493098],[-86.710180134521,36.0308734234623],[-86.7101801196798,36.0308735010611],[-86.7101691999401,36.0309134837472],[-86.7101691816574,36.0309135487481],[-86.7101549756987,36.0309528987158],[-86.71013755108,36.0309914159289],[-86.710130119454,36.0310057596645],[-86.7099015512521,36.0308991594964]]]},"properties":{"id":"285141","parcel":"172080A11600CO","address":"5705 COLLINWOOD CT","owner":"D'ANNOLFO, KASSIDY & NUGENT, LUCAS","point":[-86.71003658963404,36.03088632009321]}},{"type":"Feature","id":"285394","geometry":{"type":"Polygon","coordinates":[[[-86.7108675640108,36.0311429709702],[-86.710908272685,36.031052687881],[-86.7112333779658,36.0311826303636],[-86.7112323189687,36.0311844428086],[-86.7112070680847,36.031231135599],[-86.7112070375333,36.0312311934622],[-86.7111849926457,36.0312789182319],[-86.7111849567722,36.0312790013627],[-86.7111661397466,36.0313277210315],[-86.7109092474901,36.0312760868341],[-86.7108675640108,36.0311429709702]]]},"properties":{"id":"285394","parcel":"172080A09300CO","address":"5905 LABRADOR LN","owner":"KABOULOV, GENNADI & JORDAN R","point":[-86.71105365196603,36.03120738923211]}},{"type":"Feature","id":"285398","geometry":{"type":"Polygon","coordinates":[[[-86.7110054869813,36.0308580754974],[-86.7112367637157,36.0307193351896],[-86.7113208296144,36.0308099850062],[-86.7113530290624,36.0308423253198],[-86.7113880567599,36.0308726633743],[-86.7113971957895,36.0308816250612],[-86.7114044459011,36.0308916614279],[-86.711409618351,36.0309025122136],[-86.7114125785939,36.0309138979105],[-86.7114125833305,36.0309139312305],[-86.7114125903507,36.0309139717473],[-86.7114125950793,36.030914004166],[-86.7114127123672,36.0309256220586],[-86.71141063153,36.0309371168346],[-86.7114064022799,36.0309482160096],[-86.7114063837482,36.030948253072],[-86.7114063729108,36.0309482819774],[-86.7114063510425,36.0309483181583],[-86.7113996522647,36.0309586009209],[-86.711326589016,36.031050858863],[-86.7113136408204,36.0310672090757],[-86.7109925186796,36.030865854486],[-86.7110054869813,36.0308580754974]]]},"properties":{"id":"285398","parcel":"172080A09500CO","address":"5913 LABRADOR LN","owner":"DEMANA, BRIAN P.","point":[-86.71122397708592,36.030896646139645]}},{"type":"Feature","id":"285403","geometry":{"type":"Polygon","coordinates":[[[-86.710645794568,36.0302811456917],[-86.7109810068218,36.0302412334868],[-86.7109930564856,36.0303185835723],[-86.7110008659652,36.0303571795843],[-86.7110113402886,36.0303953560897],[-86.711024445109,36.0304329943197],[-86.7107271163339,36.0305035903612],[-86.710645794568,36.0302811456917]]]},"properties":{"id":"285403","parcel":"172080A09800CO","address":"1429 HUNTERS BRANCH RD","owner":"BECK, ADAM & JENE","point":[-86.71084319267825,36.030375875122765]}},{"type":"Feature","id":"285614","geometry":{"type":"Polygon","coordinates":[[[-86.7103783801038,36.0308377775676],[-86.7103894429268,36.0308364171812],[-86.7104006296432,36.030836255686],[-86.7104215470736,36.0308357862549],[-86.7104215825308,36.0308357806381],[-86.7104421353049,36.0308327491714],[-86.7104421751519,36.0308327381209],[-86.7104422238754,36.030832727018],[-86.7104444165432,36.0308322400082],[-86.7104488720036,36.0308311664325],[-86.7104532752569,36.0308299624768],[-86.7104576297684,36.0308286434427],[-86.710461928889,36.0308272102707],[-86.7104764647353,36.0308212517233],[-86.7104804529965,36.0308193030408],[-86.710497280992,36.0308092147635],[-86.7104973107323,36.0308091902532],[-86.7105120376183,36.0307971702722],[-86.7105120606852,36.0307971439986],[-86.7105120925882,36.0307971131665],[-86.7105135490301,36.0307956949534],[-86.710516450929,36.0307927468316],[-86.7105205622147,36.0307881755571],[-86.7105243835436,36.0307834410556],[-86.7109692555912,36.0309174448496],[-86.710908272685,36.031052687881],[-86.7108675640108,36.0311429709702],[-86.7107383789245,36.0311441116366],[-86.7103783801038,36.0308377775676]]]},"properties":{"id":"285614","parcel":"172080A13100CO","address":"104 COLLINWOOD PL","owner":"TINDELL. LARRY D. & DIANNA E.","point":[-86.71074456709175,36.030984598097724]}},{"type":"Feature","id":"285619","geometry":{"type":"Polygon","coordinates":[[[-86.7121751645096,36.0314564306617],[-86.7124160454582,36.0314545920192],[-86.7119960456133,36.0317835685058],[-86.7119696840697,36.0317601184856],[-86.7119696505165,36.0317600889411],[-86.7119696158619,36.0317600603045],[-86.7119695823087,36.0317600307601],[-86.7119695487716,36.0317600030181],[-86.7119695119139,36.0317599761971],[-86.7119402188003,36.031738883253],[-86.7119082735078,36.0317203692532],[-86.7119082233516,36.0317203443133],[-86.7118741066256,36.0317046885204],[-86.7120002700663,36.0314577653383],[-86.7121751645096,36.0314564306617]]]},"properties":{"id":"285619","parcel":"172080A13900CO","address":"1709 HUNTERS BRANCH RD","owner":"ALTO ASSET COMPANY 2 LLC","point":[-86.71209529609034,36.03158160665018]}},{"type":"Feature","id":"285746","geometry":{"type":"Polygon","coordinates":[[[-86.7102178261362,36.0299751687285],[-86.7102520541449,36.0299794310713],[-86.7105791249536,36.0300201626208],[-86.7105997379772,36.0301008556163],[-86.710180097362,36.0301923597263],[-86.710153842382,36.0301073124166],[-86.7101516840692,36.0300971107684],[-86.7101514363223,36.0300867671714],[-86.7101531001809,36.0300765222651],[-86.7101531110266,36.030076494261],[-86.7101566431323,36.0300665871438],[-86.7101566595258,36.0300665591071],[-86.7101619917323,36.0300571866626],[-86.7101690027566,36.0300485596072],[-86.7101775291372,36.0300408871031],[-86.7101927772008,36.0300268532985],[-86.7102047963264,36.0300108930813],[-86.7102132307584,36.0299934884886],[-86.7102144590159,36.0299898796759],[-86.7102155372122,36.0299862411037],[-86.7102178261362,36.0299751687285]]]},"properties":{"id":"285746","parcel":"172080A12600CO","address":"5716 COLLINWOOD CT","owner":"FRANKLIN, LESLIE L.","point":[-86.71037368600456,36.03008217969118]}},{"type":"Feature","id":"285748","geometry":{"type":"Polygon","coordinates":[[[-86.7105243835436,36.0307834410556],[-86.7105256565189,36.030781731905],[-86.7105325111439,36.0307711220036],[-86.7105344868146,36.0307674619132],[-86.7105344976684,36.0307674348104],[-86.7105413124054,36.0307503763829],[-86.7105446844863,36.0307326235312],[-86.7105446842043,36.0307325919876],[-86.7105445139419,36.0307146608401],[-86.7105442709251,36.0307126731168],[-86.7105413892854,36.0306988939988],[-86.7105408197019,36.0306969920216],[-86.7105408031463,36.0306969398442],[-86.7105336624778,36.0306799538013],[-86.7107597341082,36.030592810855],[-86.7108577380295,36.0307077650909],[-86.7109925186796,36.030865854486],[-86.7109692555912,36.0309174448496],[-86.7105243835436,36.0307834410556]]]},"properties":{"id":"285748","parcel":"172080A13000CO","address":"108 COLLINWOOD PL","owner":"HOGG ISLAND CONSULTING, LLC","point":[-86.71071999616113,36.03075934499918]}},{"type":"Feature","id":"285750","geometry":{"type":"Polygon","coordinates":[[[-86.7102457543987,36.0310647969232],[-86.7102676347672,36.0310230678038],[-86.7102676706335,36.0310229837719],[-86.7102720827679,36.0310135824996],[-86.7102763335737,36.031004132607],[-86.7102804219493,36.0309946350019],[-86.7102843468093,36.0309850923945],[-86.7102862480689,36.0309803052281],[-86.7103015225919,36.0309366790639],[-86.7103030262423,36.0309317266004],[-86.7103058725067,36.0309219298768],[-86.7103072322857,36.030917019721],[-86.7103098251451,36.0309071767226],[-86.7103122490868,36.0308973049772],[-86.7103133977285,36.0308923600142],[-86.7103141215642,36.0308895455114],[-86.7103145273817,36.0308881461129],[-86.7103154601908,36.0308853727389],[-86.7103165420016,36.0308826345382],[-86.7103171257333,36.0308812773529],[-86.7103191006399,36.0308772819893],[-86.7103205864244,36.0308746766011],[-86.7103222047364,36.0308721254106],[-86.7103230832149,36.0308708467027],[-86.7103239764879,36.0308696093672],[-86.7103310689392,36.0308613964195],[-86.7103408951139,36.0308531448221],[-86.7103436060425,36.0308513001133],[-86.710346409901,36.0308495485912],[-86.7103522754471,36.0308463387498],[-86.7103648865326,36.0308411693809],[-86.7103783801038,36.0308377775676],[-86.7107383789245,36.0311441116366],[-86.7104633671367,36.0311468025324],[-86.7102457543987,36.0310647969232]]]},"properties":{"id":"285750","parcel":"172080A13200CO","address":"5704 COLLINWOOD CT","owner":"GREEN, LORETTA","point":[-86.71042013748824,36.030990196428895]}},{"type":"Feature","id":"285752","geometry":{"type":"Polygon","coordinates":[[[-86.7107383789245,36.0311441116366],[-86.7108675640108,36.0311429709702],[-86.7109092474901,36.0312760868341],[-86.7108428581769,36.0314891334918],[-86.710630272786,36.0314462168848],[-86.7107383789245,36.0311441116366]]]},"properties":{"id":"285752","parcel":"172080A13500CO","address":"1629 HUNTERS BRANCH RD","owner":"SCOTT, LEVI & RACHEL","point":[-86.71077173080828,36.03136115669461]}},{"type":"Feature","id":"286263","geometry":{"type":"Polygon","coordinates":[[[-86.7163051046573,36.0311126288434],[-86.7163086721281,36.0310910874227],[-86.7163543253052,36.0308154479505],[-86.71653512182,36.0308334839298],[-86.7165461826699,36.0308354857198],[-86.7165567135437,36.0308388876674],[-86.7165664451598,36.0308436057512],[-86.7165751300858,36.0308495179657],[-86.7165751658514,36.0308495465945],[-86.7165751926511,36.0308495653623],[-86.7165752240027,36.0308495967211],[-86.7165823866865,36.0308566319888],[-86.7165824191477,36.030856663341],[-86.7165824460206,36.03085669022],[-86.7165824684715,36.030856718928],[-86.7165879958167,36.0308647634571],[-86.7165918786762,36.0308734180289],[-86.7165940207721,36.0308824651029],[-86.7165943667492,36.0308916724742],[-86.7165740028438,36.0311369565487],[-86.7163051046573,36.0311126288434]]]},"properties":{"id":"286263","parcel":"172080B01500CO","address":"301 MASTERPIECE CT","owner":"PETRIN, DANIELLE & PETRIN, MICHAEL & RHONDA LIVING TR","point":[-86.71645564913766,36.03099138979952]}},{"type":"Feature","id":"286264","geometry":{"type":"Polygon","coordinates":[[[-86.7159718841281,36.0306408997765],[-86.7156643674425,36.03029210691],[-86.7157068080967,36.0302470784872],[-86.716044393499,36.0303716252777],[-86.7161414664408,36.0303955950941],[-86.7161303573417,36.0304434099171],[-86.7160893562056,36.0306198945818],[-86.7160691361229,36.0306181950417],[-86.7160488185054,36.0306187249798],[-86.7160287749757,36.0306214740756],[-86.716028726237,36.0306214833782],[-86.7160286885612,36.0306214890099],[-86.7160286420739,36.0306215019043],[-86.7160094088322,36.030626868949],[-86.7159914086379,36.0306344846038],[-86.7159913644266,36.0306345037937],[-86.7159913301525,36.0306345175168],[-86.7159912893104,36.0306345411932],[-86.7159748526825,36.0306442664977],[-86.7159718841281,36.0306408997765]]]},"properties":{"id":"286264","parcel":"172080B02000CO","address":"308 MASTERPIECE CT","owner":"BOSHEARS, TRACEY P & HALL, PAM K","point":[-86.71599219663555,36.03053054781492]}},{"type":"Feature","id":"286265","geometry":{"type":"Polygon","coordinates":[[[-86.7157068080967,36.0302470784872],[-86.7158992777291,36.0300437583753],[-86.716238186911,36.0301129518506],[-86.7162350719765,36.0301292982246],[-86.7162350667131,36.0301293298012],[-86.7162350217318,36.0301458891075],[-86.7162380544676,36.0301622913184],[-86.7162440821297,36.0301780912356],[-86.7162440935012,36.030178121812],[-86.7162529878835,36.0301930060959],[-86.7162530025348,36.0301930312451],[-86.7162645765562,36.0302066792451],[-86.716044393499,36.0303716252777],[-86.7157068080967,36.0302470784872]]]},"properties":{"id":"286265","parcel":"172080B02500CO","address":"409 MIDNIGHT SUN CIR","owner":"GAYLES, ANTHONY C. ET UX","point":[-86.71598166469285,36.03022686965149]}},{"type":"Feature","id":"286393","geometry":{"type":"Polygon","coordinates":[[[-86.7158246385497,36.032040590106],[-86.7160341832815,36.031724503027],[-86.7160765126826,36.0317413400059],[-86.7160765672459,36.0317413613127],[-86.7161200689686,36.0317560417217],[-86.7161201502019,36.0317560673764],[-86.7161646917999,36.0317685469368],[-86.7161647641081,36.0317685672367],[-86.7162102420721,36.0317788114121],[-86.7162030515944,36.031807737938],[-86.7161544015565,36.0320034665059],[-86.7161118048377,36.0320806397556],[-86.7158246385497,36.032040590106]]]},"properties":{"id":"286393","parcel":"172080B00700CO","address":"104 WALKING HORSE CT","owner":"JAMES, ANDREW S. & DILLEHAY, BRANDEE N.","point":[-86.71604663405091,36.03190528951056]}},{"type":"Feature","id":"286394","geometry":{"type":"Polygon","coordinates":[[[-86.7155308081421,36.031848418323],[-86.7158015196171,36.0316669732739],[-86.7158168405472,36.0316793435499],[-86.7158168696149,36.0316793677122],[-86.715816899784,36.0316793909666],[-86.7158169388377,36.0316794150696],[-86.7158344198424,36.0316896508631],[-86.715834461099,36.0316896731503],[-86.7158344912032,36.0316896891947],[-86.7158345335531,36.0316897096729],[-86.7158539742712,36.0316973714404],[-86.7158745613421,36.0317027046591],[-86.7158958732429,36.0317056009739],[-86.7158959232137,36.0317056051834],[-86.7158959576425,36.0317056085841],[-86.7158960075889,36.0317056100899],[-86.7159176467644,36.0317052958479],[-86.7159390313653,36.0317025883754],[-86.7159519703273,36.0317009531525],[-86.7159650653714,36.0317008780429],[-86.7159780324513,36.0317023647342],[-86.7159905905326,36.0317053797462],[-86.7159906372639,36.0317053938892],[-86.7159906728673,36.0317054044932],[-86.715990717412,36.0317054222543],[-86.7160024693567,36.0317101004374],[-86.7160341832815,36.031724503027],[-86.7158246385497,36.032040590106],[-86.7154473190135,36.0319043743566],[-86.7155308081421,36.031848418323]]]},"properties":{"id":"286394","parcel":"172080B00800CO","address":"108 WALKING HORSE CT","owner":"SELLERS, RANDALL E. & ANN L. REVOCABLE LIVING TRUST","point":[-86.71571092727497,36.03187692253379]}},{"type":"Feature","id":"286395","geometry":{"type":"Polygon","coordinates":[[[-86.7154717241159,36.0316097350893],[-86.7154790097854,36.0315173875553],[-86.715775035068,36.031559864854],[-86.7157697534831,36.0315783709646],[-86.7157684120898,36.0315973020615],[-86.7157684109083,36.0315973556956],[-86.7157684156387,36.0315973881141],[-86.7157710463241,36.0316162185536],[-86.7157775660264,36.0316344112067],[-86.7157775774141,36.0316344435856],[-86.7157775910129,36.0316344750502],[-86.7157776113176,36.0316345118826],[-86.7157878433835,36.0316515486525],[-86.7158015196171,36.0316669732739],[-86.7155308081421,36.031848418323],[-86.7154473190135,36.0319043743566],[-86.7154717241159,36.0316097350893]]]},"properties":{"id":"286395","parcel":"172080B00900CO","address":"112 WALKING HORSE CT","owner":"ROSSMAN, RONALD J., JR.","point":[-86.71556283655839,36.031757450830774]}},{"type":"Feature","id":"286396","geometry":{"type":"Polygon","coordinates":[[[-86.7164407210649,36.0316905194138],[-86.7162892575042,36.0316798608517],[-86.71625547172,36.0316745520889],[-86.7162220919634,36.0316677546683],[-86.7162252644142,36.0316579080948],[-86.7163203334021,36.0313627719326],[-86.7165521022096,36.0313837413871],[-86.7165325007077,36.0316277104094],[-86.7165317179567,36.0316329515856],[-86.7165295157275,36.0316409934137],[-86.7165295049813,36.0316410322333],[-86.7165294941781,36.0316410647442],[-86.7165294789855,36.0316411026889],[-86.7165241337464,36.0316520356339],[-86.7165168631413,36.031662210323],[-86.7165168357029,36.031662243834],[-86.7165168159339,36.031662266484],[-86.7165167851506,36.0316622982123],[-86.7165071497685,36.0316710989702],[-86.7164959467601,36.0316785751335],[-86.7164834485538,36.0316845439218],[-86.7164834032243,36.0316845622172],[-86.7164833733718,36.0316845741116],[-86.7164833257907,36.0316845888152],[-86.7164696565713,36.0316885474684],[-86.7164553393968,36.0316905433483],[-86.7164552994933,36.0316905480921],[-86.7164552495875,36.0316905510927],[-86.7164552174184,36.0316905521854],[-86.7164407210649,36.0316905194138]]]},"properties":{"id":"286396","parcel":"172080B01300CO","address":"1601 CELEBRATION WAY","owner":"AH4R-TN3, LLC","point":[-86.71640839539137,36.031505409298255]}},{"type":"Feature","id":"286449","geometry":{"type":"Polygon","coordinates":[[[-86.7168637344786,36.0338936489691],[-86.7168858520573,36.0335627974153],[-86.7170858019848,36.0335718661239],[-86.7170660870076,36.0339037561317],[-86.7168637344786,36.0338936489691]]]},"properties":{"id":"286449","parcel":"172040A08200CO","address":"1436 TIMBER RIDGE CIR","owner":"PETTIS, TERRY L.","point":[-86.71697536823609,36.033732759016694]}},{"type":"Feature","id":"286652","geometry":{"type":"Polygon","coordinates":[[[-86.7160748666668,36.0311859937324],[-86.7163051046573,36.0311126288434],[-86.7165740028438,36.0311369565487],[-86.7165521022096,36.0313837413871],[-86.7163203334021,36.0313627719326],[-86.7161381310681,36.0312315549039],[-86.7160748666668,36.0311859937324]]]},"properties":{"id":"286652","parcel":"172080B01400CO","address":"1605 CELEBRATION WAY","owner":"COLE, TENA","point":[-86.71639447413904,36.03129755436821]}},{"type":"Feature","id":"286653","geometry":{"type":"Polygon","coordinates":[[[-86.7156591192892,36.0302976810459],[-86.7156643674425,36.03029210691],[-86.7159718841281,36.0306408997765],[-86.7159748526825,36.0306442664977],[-86.715960545837,36.0306561368435],[-86.715948309152,36.0306694459707],[-86.715938355761,36.0306839573756],[-86.7159383371747,36.0306839881301],[-86.7159383174708,36.0306840179899],[-86.7159382989413,36.0306840550531],[-86.7159318557726,36.030699612732],[-86.7159279729904,36.030715722111],[-86.7159267179977,36.030732105191],[-86.7155419549061,36.030711180708],[-86.7155445822684,36.0306862596295],[-86.7155609494646,36.0304004583215],[-86.7156591192892,36.0302976810459]]]},"properties":{"id":"286653","parcel":"172080B01900CO","address":"312 MASTERPIECE CT","owner":"BROSTER, JOHN B. & DIANE E. GUSKY","point":[-86.71571009595255,36.030520545718296]}},{"type":"Feature","id":"286654","geometry":{"type":"Polygon","coordinates":[[[-86.7163679694652,36.0304515249662],[-86.7163975024095,36.0304016366533],[-86.7164928062845,36.0302406412732],[-86.716689532564,36.0303071043915],[-86.7166992054823,36.0303111026795],[-86.7166992500345,36.0303111213417],[-86.7166992834426,36.0303111346624],[-86.7166993235973,36.0303111578572],[-86.7167081637643,36.0303163255709],[-86.7167159034688,36.0303225065765],[-86.7167159392341,36.0303225352052],[-86.7167159649404,36.030322555782],[-86.716715994081,36.0303225880553],[-86.7167225070023,36.0303296785543],[-86.716727594834,36.0303374670207],[-86.7167276184594,36.030337502932],[-86.7167276342205,36.0303375280745],[-86.7167276500953,36.0303375658344],[-86.7167312284435,36.030345922083],[-86.7167331937125,36.0303546168999],[-86.716733205397,36.0303546821743],[-86.716733518877,36.0303635449944],[-86.7167052443418,36.0304267136948],[-86.7166791968588,36.0304905117635],[-86.7166674873842,36.0305254831526],[-86.7163679694652,36.0304515249662]]]},"properties":{"id":"286654","parcel":"172080B02300CO","address":"401 MIDNIGHT SUN CIR","owner":"HARRISON, JAMES M.","point":[-86.71656691062616,36.03038259425062]}},{"type":"Feature","id":"286655","geometry":{"type":"Polygon","coordinates":[[[-86.7161414664408,36.0303955950941],[-86.716044393499,36.0303716252777],[-86.7162645765562,36.0302066792451],[-86.7162665043483,36.0302085731218],[-86.7162819537984,36.0302211913349],[-86.7162819783869,36.0302212110172],[-86.7162997693774,36.0302316440883],[-86.7163193754116,36.0302395851012],[-86.7163194065924,36.030239597534],[-86.7163403721703,36.0302448608254],[-86.7163621100483,36.0302472939621],[-86.716362148874,36.0302472928299],[-86.7163840459833,36.030246832761],[-86.7164055997734,36.0302434905861],[-86.7164056329702,36.0302434804745],[-86.7164262018686,36.0302373546447],[-86.7164366994521,36.0302342404392],[-86.7164476838689,36.03023257262],[-86.7164588570599,36.030232398024],[-86.7164699127929,36.0302337184722],[-86.7164805500667,36.0302365006042],[-86.7164928062845,36.0302406412732],[-86.7163975024095,36.0304016366533],[-86.7163679694652,36.0304515249662],[-86.7161414664408,36.0303955950941]]]},"properties":{"id":"286655","parcel":"172080B02400CO","address":"405 MIDNIGHT SUN CIR","owner":"HOPKINS FASSINGER REVOCABLE LIVING TRUST, THE","point":[-86.71628966816792,36.03030966420709]}},{"type":"Feature","id":"286656","geometry":{"type":"Polygon","coordinates":[[[-86.7167516327839,36.030206234298],[-86.7167515828303,36.0302062318913],[-86.7167515339863,36.030206229478],[-86.7167514984404,36.030206225183],[-86.7167514495638,36.0302062191647],[-86.7167412278534,36.0302048550252],[-86.716731328649,36.0302022172392],[-86.7165356209647,36.0301360969323],[-86.7165253992834,36.0301317801325],[-86.7165162318137,36.0301261195409],[-86.7165083807917,36.0301192794366],[-86.716502073281,36.0301114612608],[-86.7164974910978,36.0301028937627],[-86.7164901735676,36.0300886418411],[-86.7164804636781,36.0300753667285],[-86.7164685524393,36.0300633322691],[-86.7165085642969,36.0300256428244],[-86.7166015994906,36.0299380091109],[-86.7168465021075,36.030028532105],[-86.7168475946546,36.0300448525612],[-86.7168511916132,36.030060932793],[-86.7168570245082,36.0300775161633],[-86.7168597840447,36.0300946162354],[-86.7168594113793,36.0301118602233],[-86.7168559142081,36.03012887134],[-86.7168493668484,36.0301452778096],[-86.7168399158677,36.030160721847],[-86.7168263951235,36.0301754546401],[-86.7168102103445,36.0301882312479],[-86.7168101739735,36.0301882585032],[-86.7168101431096,36.0301882812191],[-86.7168101088927,36.0301883012512],[-86.7167916170093,36.0301988356414],[-86.7167822313876,36.0302024560994],[-86.7167722961359,36.0302049270704],[-86.7167620227051,36.0302061950212],[-86.7167516327839,36.030206234298]]]},"properties":{"id":"286656","parcel":"172080B02800CO","address":"400 MIDNIGHT SUN CIR","owner":"JONES, WILLIAM R. ET UX","point":[-86.716664487927,36.0300697985227]}}]}