{"type":"FeatureCollection","features":[{"type":"Feature","id":"52927","geometry":{"type":"Polygon","coordinates":[[[-86.7199851026677,36.1756484183013],[-86.7199812434796,36.1756229806565],[-86.7199341607104,36.1756276794641],[-86.7199163647222,36.1755104430355],[-86.7199634440882,36.1755057442545],[-86.7199613717089,36.1754921124029],[-86.7200050892269,36.1754877518027],[-86.7200288191344,36.1756440549957],[-86.7199851026677,36.1756484183013]]]},"properties":{"id":"52927","parcel":"083160A00200CO","address":"2438 BRITTANY DR","owner":"KIMMERER, CHRISTIAN PIETER","point":[-86.7199709993754,36.175566763766064]}},{"type":"Feature","id":"53907","geometry":{"type":"Polygon","coordinates":[[[-86.7198997834459,36.1753913301381],[-86.7199348411219,36.1752883221516],[-86.7201309284425,36.1752668488444],[-86.7201124014505,36.175319694044],[-86.7201541652687,36.1753176090155],[-86.7201559384012,36.175341501721],[-86.7201827119944,36.175702189449],[-86.720059966349,36.1757147778225],[-86.7199837299474,36.1757213259999],[-86.7199071621324,36.1757244287771],[-86.7198997834459,36.1753913301381]],[[-86.7200418638867,36.1754793913406],[-86.7200661887343,36.1756384055806],[-86.7201065374819,36.1756343462338],[-86.7201013957288,36.1756007345834],[-86.7201451063186,36.1755963397262],[-86.7201270338519,36.1754781919964],[-86.7201186275881,36.1754790361584],[-86.7201152264342,36.1754567916607],[-86.7200808950661,36.1754602428135],[-86.7200831888146,36.175475236953],[-86.7200418638867,36.1754793913406]],[[-86.7199851026677,36.1756484183013],[-86.7200288191344,36.1756440549957],[-86.7200050892269,36.1754877518027],[-86.7199613717089,36.1754921124029],[-86.7199634440882,36.1755057442545],[-86.7199163647222,36.1755104430355],[-86.7199341607104,36.1756276794641],[-86.7199812434796,36.1756229806565],[-86.7199851026677,36.1756484183013]]]},"properties":{"id":"53907","parcel":"083160A90000CO","address":"2438 B BRITTANY DR","owner":"O.I.C. HOMEOWNERS BRITTANY TOWNHOMES","point":[-86.71993228584739,36.17549885786917]}},{"type":"Feature","id":"75244","geometry":{"type":"Polygon","coordinates":[[[-86.7146930539538,36.1780309617544],[-86.7148346314133,36.177990764461],[-86.7148940770326,36.1781283847417],[-86.7147524993495,36.1781685812021],[-86.7147522654629,36.1781680391263],[-86.7146930539538,36.1780309617544]]]},"properties":{"id":"75244","parcel":"083120E00100CO","address":"2500 EASTLAND AVE","owner":"SUTHERLAND, SCOTT CRAWFORD","point":[-86.7147935655457,36.17807967329044]}},{"type":"Feature","id":"76322","geometry":{"type":"Polygon","coordinates":[[[-86.7144643104969,36.1779750947399],[-86.7149289278637,36.1779154526907],[-86.7149297856503,36.1779189841606],[-86.7149321247776,36.1779283812798],[-86.7149435998913,36.1779705085786],[-86.7149565809402,36.1780123466643],[-86.7149596736031,36.1780216005253],[-86.7149632650624,36.1780320501099],[-86.7149669679755,36.1780425314796],[-86.7149830369104,36.1780850713806],[-86.7150006796027,36.1781271990936],[-86.7150255722823,36.1781863140965],[-86.7150288429648,36.1781966934778],[-86.7150302729491,36.1782073442267],[-86.7150298325029,36.178218051118],[-86.7150275297054,36.1782286005046],[-86.715027109196,36.1782299242446],[-86.7150220949418,36.1782415730082],[-86.7150148668903,36.1782524300578],[-86.7150056082103,36.1782622203247],[-86.7148169209779,36.1783199189912],[-86.7146369590037,36.1783747826111],[-86.7144643104969,36.1779750947399]],[[-86.7146930539538,36.1780309617544],[-86.7147522654629,36.1781680391263],[-86.7147524993495,36.1781685812021],[-86.7148940770326,36.1781283847417],[-86.7148346314133,36.177990764461],[-86.7146930539538,36.1780309617544]],[[-86.7145326938962,36.1780784693372],[-86.7145913783632,36.1782143268927],[-86.7147322620804,36.1781743276016],[-86.7146735774018,36.178038470113],[-86.7145326938962,36.1780784693372]]]},"properties":{"id":"76322","parcel":"083120E90000CO","address":"2502 B EASTLAND AVE","owner":"O.I.C. HOMES AT 2500 EASTLAND","point":[-86.71491697442957,36.178148435357954]}},{"type":"Feature","id":"77391","geometry":{"type":"Polygon","coordinates":[[[-86.7145326938962,36.1780784693372],[-86.7146735774018,36.178038470113],[-86.7147322620804,36.1781743276016],[-86.7145913783632,36.1782143268927],[-86.7145326938962,36.1780784693372]]]},"properties":{"id":"77391","parcel":"083120E00200CO","address":"2502 EASTLAND AVE","owner":"FRANZESE, KIRBY MILLER & VINETT, SEAN P.","point":[-86.71463247792784,36.178126398510905]}},{"type":"Feature","id":"78100","geometry":{"type":"Polygon","coordinates":[[[-86.7154356387632,36.1780111504679],[-86.7154164643253,36.1779466211245],[-86.7153886694215,36.1779520492172],[-86.7153582689248,36.1778497307035],[-86.7154065767548,36.1778402966119],[-86.7154163480088,36.1778731861213],[-86.71551647701,36.1778536319164],[-86.7155562786929,36.1779875893288],[-86.7154356387632,36.1780111504679]]]},"properties":{"id":"78100","parcel":"083120G00100CO","address":"2460 EASTLAND AVE","owner":"KENDRICK, MICHAEL & LABATTAGLIA, MARGARET","point":[-86.71545469894535,36.17790999464047]}},{"type":"Feature","id":"78101","geometry":{"type":"Polygon","coordinates":[[[-86.7152356273223,36.178048437548],[-86.7151854061239,36.1778794096915],[-86.7152346772233,36.1778697879072],[-86.7152437341568,36.1779002716888],[-86.7153436612722,36.1778807575784],[-86.7153848246888,36.1780193016063],[-86.7152356273223,36.178048437548]]]},"properties":{"id":"78101","parcel":"083120G00200CO","address":"2462 EASTLAND AVE","owner":"BRENNAN, KAITLYN ANNE","point":[-86.71528819629414,36.17795972464266]}},{"type":"Feature","id":"79436","geometry":{"type":"Polygon","coordinates":[[[-86.7155529448761,36.177762020616],[-86.7159519034967,36.1775198203032],[-86.7161081225841,36.177424981289],[-86.7160045248048,36.1780767375227],[-86.715959783856,36.1780755347374],[-86.7159048866777,36.1780754349282],[-86.7158500121313,36.178076734619],[-86.7157771949766,36.1780804632289],[-86.7157406278985,36.1780834270949],[-86.7156651126487,36.1780918311567],[-86.715589886003,36.1781017917415],[-86.7155529448761,36.177762020616]],[[-86.7159174694182,36.177814222466],[-86.7159177501887,36.1778453395615],[-86.7158159873769,36.1778459430469],[-86.7158172705712,36.1779881761449],[-86.7159419748698,36.1779874365975],[-86.7159413692012,36.1779203142274],[-86.7159709267536,36.1779201389202],[-86.7159699681853,36.1778139110983],[-86.7159174694182,36.177814222466]],[[-86.7157221075406,36.1778168662265],[-86.7157227704386,36.1778474673372],[-86.7156199403998,36.1778489304797],[-86.7156230291293,36.1779915935907],[-86.7157485977506,36.1779898063596],[-86.715747162435,36.1779234901304],[-86.7157785384389,36.1779230427222],[-86.71577622297,36.1778160956281],[-86.7157221075406,36.1778168662265]]]},"properties":{"id":"79436","parcel":"083120F90000CO","address":"2458 B EASTLAND AVE","owner":"O.I.C. HOMES AT 2456 EASTLAND","point":[-86.71580301470318,36.1777880646971]}},{"type":"Feature","id":"79439","geometry":{"type":"Polygon","coordinates":[[[-86.7151284549087,36.178000818062],[-86.7151284309477,36.1780007497081],[-86.7151086894801,36.1779397602265],[-86.7151086619406,36.1779396648559],[-86.7150925795798,36.1778780011807],[-86.7150925610713,36.1778779210781],[-86.7150801609509,36.1778156840151],[-86.7155529448761,36.177762020616],[-86.715589886003,36.1781017917415],[-86.7155138872549,36.1781153853347],[-86.7154388997801,36.1781322724046],[-86.7153651410305,36.1781524057001],[-86.7153246017554,36.1781658322912],[-86.7152936242228,36.1781763334952],[-86.7152935654863,36.178176353671],[-86.7152805029064,36.178179505276],[-86.7152669710933,36.1781809184228],[-86.7152669377532,36.1781809195216],[-86.7152533421033,36.178180553955],[-86.7152533031563,36.1781805496794],[-86.7152399483893,36.1781784189153],[-86.7152271751535,36.1781745759123],[-86.7152153088757,36.1781691115726],[-86.7152046832921,36.1781621753309],[-86.7151955724038,36.1781539494216],[-86.7151882082794,36.1781446505753],[-86.7151827798212,36.1781345165075],[-86.7151518290062,36.1780610316627],[-86.7151284549087,36.178000818062]],[[-86.7153848246888,36.1780193016063],[-86.7153436612722,36.1778807575784],[-86.7152437341568,36.1779002716888],[-86.7152346772233,36.1778697879072],[-86.7151854061239,36.1778794096915],[-86.7152356273223,36.178048437548],[-86.7153848246888,36.1780193016063]],[[-86.7154356387632,36.1780111504679],[-86.7155562786929,36.1779875893288],[-86.71551647701,36.1778536319164],[-86.7154163480088,36.1778731861213],[-86.7154065767548,36.1778402966119],[-86.7153582689248,36.1778497307035],[-86.7153886694215,36.1779520492172],[-86.7154164643253,36.1779466211245],[-86.7154356387632,36.1780111504679]]]},"properties":{"id":"79439","parcel":"083120G90000CO","address":"2462 B EASTLAND AVE","owner":"O.I.C. HOMES AT 2458 EASTLAND","point":[-86.71516511545303,36.17796908844649]}},{"type":"Feature","id":"80576","geometry":{"type":"Polygon","coordinates":[[[-86.7159174694182,36.177814222466],[-86.7159699681853,36.1778139110983],[-86.7159709267536,36.1779201389202],[-86.7159413692012,36.1779203142274],[-86.7159419748698,36.1779874365975],[-86.7158172705712,36.1779881761449],[-86.7158159873769,36.1778459430469],[-86.7159177501887,36.1778453395615],[-86.7159174694182,36.177814222466]]]},"properties":{"id":"80576","parcel":"083120F00100CO","address":"2456 EASTLAND AVE","owner":"ESSARY, AARON ROGER & ANNA","point":[-86.715893457029,36.17788304100856]}},{"type":"Feature","id":"80577","geometry":{"type":"Polygon","coordinates":[[[-86.7157221075406,36.1778168662265],[-86.71577622297,36.1778160956281],[-86.7157785384389,36.1779230427222],[-86.715747162435,36.1779234901304],[-86.7157485977506,36.1779898063596],[-86.7156230291293,36.1779915935907],[-86.7156199403998,36.1778489304797],[-86.7157227704386,36.1778474673372],[-86.7157221075406,36.1778168662265]]]},"properties":{"id":"80577","parcel":"083120F00200CO","address":"2458 EASTLAND AVE","owner":"WILBER, LACY","point":[-86.71569923941661,36.17788598662723]}},{"type":"Feature","id":"83818","geometry":{"type":"Polygon","coordinates":[[[-86.7164280713948,36.1776940633733],[-86.7164698818058,36.1775589864732],[-86.7165285885244,36.1775709303237],[-86.7165424813435,36.1775260470389],[-86.7165952598011,36.1775367850092],[-86.7165820042963,36.17757960964],[-86.7166799847691,36.1775995442846],[-86.7166669799133,36.1776415617082],[-86.7165018028648,36.1776079572279],[-86.7164723612777,36.1777030744886],[-86.7164280713948,36.1776940633733]]]},"properties":{"id":"83818","parcel":"083120J00200CO","address":"2450 EASTLAND AVE","owner":"MASON, TERESA","point":[-86.71662825374496,36.17762486332297]}},{"type":"Feature","id":"83991","geometry":{"type":"Polygon","coordinates":[[[-86.7162579634134,36.1781044375803],[-86.7165494097963,36.1771908050317],[-86.7167705350637,36.1773551657747],[-86.7167722205334,36.1773564184344],[-86.7167631207604,36.1774017302284],[-86.7167208524776,36.1776121959947],[-86.7167147217287,36.1776427220789],[-86.7166884561524,36.1777735023867],[-86.7166884125142,36.1777737171461],[-86.7166840094129,36.1777956448475],[-86.7165421217891,36.1781727359462],[-86.7165370069258,36.1781710034397],[-86.7164585165123,36.1781467459136],[-86.7164320235607,36.1781397606535],[-86.7163745734677,36.1781261870273],[-86.7163165248425,36.1781144077323],[-86.7162579634134,36.1781044375803]],[[-86.7165729993123,36.1779810688171],[-86.7163796899257,36.177933438997],[-86.7163550508293,36.177999169122],[-86.7165483603531,36.1780467980795],[-86.7165729993123,36.1779810688171]],[[-86.7164723612777,36.1777030744886],[-86.7165018028648,36.1776079572279],[-86.7166669799133,36.1776415617082],[-86.7166799847691,36.1775995442846],[-86.7165820042963,36.17757960964],[-86.7165952598011,36.1775367850092],[-86.7165424813435,36.1775260470389],[-86.7165285885244,36.1775709303237],[-86.7164698818058,36.1775589864732],[-86.7164280713948,36.1776940633733],[-86.7164723612777,36.1777030744886]]]},"properties":{"id":"83991","parcel":"083120J90000CO","address":"2450 B EASTLAND AVE","owner":"O.I.C. 2452 EASTLAND AVENUE TOWNHOMES","point":[-86.71659633069787,36.177668451838265]}},{"type":"Feature","id":"85856","geometry":{"type":"Polygon","coordinates":[[[-86.7163550508293,36.177999169122],[-86.7163796899257,36.177933438997],[-86.7165729993123,36.1779810688171],[-86.7165483603531,36.1780467980795],[-86.7163550508293,36.177999169122]]]},"properties":{"id":"85856","parcel":"083120J00100CO","address":"2452 EASTLAND AVE","owner":"MASON, TERESA","point":[-86.71646402505847,36.17799011901916]}},{"type":"Feature","id":"86265","geometry":{"type":"Polygon","coordinates":[[[-86.7160494096058,36.1779406439542],[-86.7160521997767,36.1779188294906],[-86.7160601497571,36.177919497934],[-86.7160650531406,36.1778811715384],[-86.7160585516511,36.1778806251859],[-86.7160661475866,36.1778212473718],[-86.7161604580983,36.1778291768715],[-86.716152800951,36.1778890318224],[-86.7161463005638,36.1778884845668],[-86.7161431116271,36.1779134107513],[-86.7161483993756,36.1779138552471],[-86.716142220896,36.1779621517563],[-86.716098198944,36.1779584509663],[-86.7160999330488,36.1779448920138],[-86.7160494096058,36.1779406439542]]]},"properties":{"id":"86265","parcel":"083120I00200CO","address":"2454 B EASTLAND AVE","owner":"HOWE, DAVID A. JR & SARA","point":[-86.71610359301633,36.17790111609641]}},{"type":"Feature","id":"86411","geometry":{"type":"Polygon","coordinates":[[[-86.7160045248048,36.1780767375227],[-86.7161081225841,36.177424981289],[-86.7161824353665,36.1773798666758],[-86.7164083251501,36.1772427313559],[-86.7164086413655,36.1772425411155],[-86.7164129675346,36.1772399125963],[-86.7165244356088,36.1771722412788],[-86.7165251820876,36.1771727956301],[-86.7165494097963,36.1771908050317],[-86.7162579634134,36.1781044375803],[-86.716176728147,36.1780924623278],[-86.7160950437429,36.1780826986773],[-86.7160498698717,36.1780788559947],[-86.7160045248048,36.1780767375227]],[[-86.716237005223,36.1779785862953],[-86.7162410402981,36.1779658725904],[-86.7162895836315,36.1779760022363],[-86.7162987509621,36.1779471254929],[-86.7162927065691,36.1779458635427],[-86.7163020403225,36.1779164585732],[-86.7163088454034,36.1779178782361],[-86.7163280382344,36.1778574158669],[-86.7162347073375,36.1778379427342],[-86.7162157738303,36.1778975843031],[-86.716221138814,36.1778987033825],[-86.7162135723123,36.1779225370763],[-86.7162085514798,36.1779214898581],[-86.7161933212545,36.1779694723601],[-86.716237005223,36.1779785862953]],[[-86.716142220896,36.1779621517563],[-86.7161483993756,36.1779138552471],[-86.7161431116271,36.1779134107513],[-86.7161463005638,36.1778884845668],[-86.716152800951,36.1778890318224],[-86.7161604580983,36.1778291768715],[-86.7160661475866,36.1778212473718],[-86.7160585516511,36.1778806251859],[-86.7160650531406,36.1778811715384],[-86.7160601497571,36.177919497934],[-86.7160521997767,36.1779188294906],[-86.7160494096058,36.1779406439542],[-86.7160999330488,36.1779448920138],[-86.716098198944,36.1779584509663],[-86.716142220896,36.1779621517563]]]},"properties":{"id":"86411","parcel":"083120I90000CO","address":"2454 C EASTLAND AVE","owner":"O.I.C. 2545 EASTLAND AVENUE TOWNHOMES","point":[-86.7162439466171,36.17762348610105]}},{"type":"Feature","id":"87735","geometry":{"type":"Polygon","coordinates":[[[-86.7161933212545,36.1779694723601],[-86.7162085514798,36.1779214898581],[-86.7162135723123,36.1779225370763],[-86.716221138814,36.1778987033825],[-86.7162157738303,36.1778975843031],[-86.7162347073375,36.1778379427342],[-86.7163280382344,36.1778574158669],[-86.7163088454034,36.1779178782361],[-86.7163020403225,36.1779164585732],[-86.7162927065691,36.1779458635427],[-86.7162987509621,36.1779471254929],[-86.7162895836315,36.1779760022363],[-86.7162410402981,36.1779658725904],[-86.716237005223,36.1779785862953],[-86.7161933212545,36.1779694723601]]]},"properties":{"id":"87735","parcel":"083120I00100CO","address":"2454 A EASTLAND AVE","owner":"BUERGER, BRIAN P. & ALLEN-BUERGER, ALICIA M.","point":[-86.7162652145484,36.17790758957578]}},{"type":"Feature","id":"88086","geometry":{"type":"Polygon","coordinates":[[[-86.7158278442449,36.1766731383435],[-86.7158638090626,36.1766291219335],[-86.7160136156639,36.1767095786254],[-86.7159976662605,36.1767290981274],[-86.7160203470645,36.1767412793381],[-86.7159621689836,36.1768124825264],[-86.7158200732943,36.1767361664079],[-86.7158582360583,36.1766894602189],[-86.7158278442449,36.1766731383435]]]},"properties":{"id":"88086","parcel":"083120K00100CO","address":"2525 BRITTANY DR","owner":"KOPLOW, ERIN E. TRUST AGREEMENT","point":[-86.71591989830411,36.17671913495662]}},{"type":"Feature","id":"88087","geometry":{"type":"Polygon","coordinates":[[[-86.7157166911002,36.1768054105111],[-86.71575441589,36.1767593116998],[-86.7157622308986,36.1767635157116],[-86.7157773845774,36.1767449986566],[-86.7159393249467,36.1768321078039],[-86.7159137181068,36.1768633991732],[-86.7159922359029,36.1769056334597],[-86.7159649643691,36.176938958046],[-86.7157166911002,36.1768054105111]]]},"properties":{"id":"88087","parcel":"083120K00200CO","address":"2527 BRITTANY DR","owner":"THOMAS, HEATHER LAWSON","point":[-86.71586067482379,36.17684759723307]}},{"type":"Feature","id":"88091","geometry":{"type":"Polygon","coordinates":[[[-86.7147822602658,36.1774416943737],[-86.7145354100746,36.1774115593802],[-86.7140512520626,36.1773524517439],[-86.7140517720673,36.1773511887042],[-86.7140680454177,36.1773116424183],[-86.7141928043675,36.1770084652713],[-86.7141931295948,36.1770076702368],[-86.7144150077034,36.1770653737072],[-86.7147738088012,36.177158666242],[-86.7149724011108,36.1772081338494],[-86.714976236086,36.1772090953128],[-86.7149521210892,36.1772779467289],[-86.7149460056873,36.1772977881741],[-86.7149430782814,36.1773077347121],[-86.7149426589935,36.1773091936343],[-86.7149322394128,36.1773476815381],[-86.7149228148507,36.1773877840159],[-86.7149228063395,36.1773878264257],[-86.7149227988588,36.1773878598167],[-86.7149227903234,36.1773878995227],[-86.714916640658,36.1774181282091],[-86.7149155852649,36.1774237556285],[-86.7149099006127,36.1774571071356],[-86.7147822602658,36.1774416943737]],[[-86.7146418061509,36.1772894331637],[-86.714631769761,36.177287663921],[-86.7146127489591,36.177358591356],[-86.7146028895971,36.1773568535082],[-86.714599513548,36.1773694487975],[-86.7146088139729,36.1773710881118],[-86.7146022252852,36.1773956612602],[-86.7147304583146,36.1774182627706],[-86.7147415738635,36.177376809219],[-86.7147371847571,36.1773760366891],[-86.7147407329654,36.1773628103946],[-86.7147042661243,36.1773563831105],[-86.7147185899803,36.1773029661441],[-86.7146418061509,36.1772894331637]],[[-86.7147347281886,36.177280911351],[-86.7147660281303,36.1772885841211],[-86.714780365669,36.177250142429],[-86.7147756418067,36.1772489825377],[-86.7147806174195,36.1772356387367],[-86.714743038352,36.1772264268429],[-86.7147626651949,36.1771738004204],[-86.7146787045271,36.1771532188322],[-86.7146531099021,36.1772218482254],[-86.714644459929,36.1772197282962],[-86.7146394310843,36.1772332121022],[-86.714648792983,36.177235507168],[-86.7146404763324,36.1772578058512],[-86.7147347281886,36.177280911351]]]},"properties":{"id":"88091","parcel":"083120L90000CO","address":"2610 B BRITTANY DR","owner":"O.I.C. HOMES AT 2608 BRITTANY DRIVE","point":[-86.7143715177339,36.1772290571448]}},{"type":"Feature","id":"90868","geometry":{"type":"Polygon","coordinates":[[[-86.7146394310843,36.1772332121022],[-86.714644459929,36.1772197282962],[-86.7146531099021,36.1772218482254],[-86.7146787045271,36.1771532188322],[-86.7147626651949,36.1771738004204],[-86.714743038352,36.1772264268429],[-86.7147806174195,36.1772356387367],[-86.7147756418067,36.1772489825377],[-86.714780365669,36.177250142429],[-86.7147660281303,36.1772885841211],[-86.7147347281886,36.177280911351],[-86.7146404763324,36.1772578058512],[-86.714648792983,36.177235507168],[-86.7146394310843,36.1772332121022]]]},"properties":{"id":"90868","parcel":"083120L00100CO","address":"2608 BRITTANY DR","owner":"BANDI, JOHN C. & SCHEUNEMAN, AIMEE","point":[-86.71469927834796,36.17722090859815]}},{"type":"Feature","id":"91367","geometry":{"type":"Polygon","coordinates":[[[-86.7165251820876,36.1771727956301],[-86.7165244356088,36.1771722412788],[-86.7164129675346,36.1772399125963],[-86.7154822034172,36.1767376071194],[-86.7157344854677,36.1764348692437],[-86.7168377239623,36.1770302521582],[-86.7167722205334,36.1773564184344],[-86.7167705350637,36.1773551657747],[-86.7165494097963,36.1771908050317],[-86.7165251820876,36.1771727956301]],[[-86.7159393249467,36.1768321078039],[-86.7157773845774,36.1767449986566],[-86.7157622308986,36.1767635157116],[-86.71575441589,36.1767593116998],[-86.7157166911002,36.1768054105111],[-86.7159649643691,36.176938958046],[-86.7159922359029,36.1769056334597],[-86.7159137181068,36.1768633991732],[-86.7159393249467,36.1768321078039]],[[-86.7158200732943,36.1767361664079],[-86.7159621689836,36.1768124825264],[-86.7160203470645,36.1767412793381],[-86.7159976662605,36.1767290981274],[-86.7160136156639,36.1767095786254],[-86.7158638090626,36.1766291219335],[-86.7158278442449,36.1766731383435],[-86.7158582360583,36.1766894602189],[-86.7158200732943,36.1767361664079]]]},"properties":{"id":"91367","parcel":"083120K90000CO","address":"2527 B BRITTANY DR","owner":"O.I.C.  2525 BRITTANY DRIVE TOWNHOMES","point":[-86.71626168100507,36.17688524833588]}},{"type":"Feature","id":"91370","geometry":{"type":"Polygon","coordinates":[[[-86.714599513548,36.1773694487975],[-86.7146028895971,36.1773568535082],[-86.7146127489591,36.177358591356],[-86.714631769761,36.177287663921],[-86.7146418061509,36.1772894331637],[-86.7147185899803,36.1773029661441],[-86.7147042661243,36.1773563831105],[-86.7147407329654,36.1773628103946],[-86.7147371847571,36.1773760366891],[-86.7147415738635,36.177376809219],[-86.7147304583146,36.1774182627706],[-86.7146022252852,36.1773956612602],[-86.7146088139729,36.1773710881118],[-86.714599513548,36.1773694487975]]]},"properties":{"id":"91370","parcel":"083120L00200CO","address":"2610 BRITTANY DR","owner":"RAMSEY, ZACHARIAH J. & RENEE","point":[-86.7146659948855,36.1773295663555]}},{"type":"Feature","id":"100631","geometry":{"type":"Polygon","coordinates":[[[-86.7186987697289,36.1762884167103],[-86.7187048394908,36.1762510079327],[-86.7187262915285,36.1762532955892],[-86.7187327097623,36.1762137379284],[-86.7187544855952,36.1762160606037],[-86.7187554920909,36.1762098530255],[-86.7187773580512,36.1762121850738],[-86.7187763947072,36.1762181247204],[-86.7188907362043,36.1762303192468],[-86.7188850739895,36.1762652173946],[-86.7188559675754,36.1762621137433],[-86.7188528669021,36.1762812209414],[-86.7188344692615,36.1762792594006],[-86.7188307011278,36.1763024866372],[-86.7186987697289,36.1762884167103]]]},"properties":{"id":"100631","parcel":"083120O00100CO","address":"2617 BARCLAY DR","owner":"RIVERA, NICOLE L. & ALEXANDER J.","point":[-86.71879502144,36.176257713825066]}},{"type":"Feature","id":"101209","geometry":{"type":"Polygon","coordinates":[[[-86.7168377239623,36.1770302521582],[-86.7157344854677,36.1764348692437],[-86.715962107449,36.1761617222031],[-86.7169094745523,36.176672985818],[-86.7168796448646,36.1768215169974],[-86.7168377239623,36.1770302521582]],[[-86.7161968510254,36.1765328987445],[-86.716050695014,36.1764540221646],[-86.7160261100197,36.1764839673238],[-86.7160360554197,36.1764893348281],[-86.716024641999,36.1765032350981],[-86.7160517067217,36.1765178417315],[-86.716012210565,36.1765659456401],[-86.7161213576543,36.1766248490538],[-86.7161968510254,36.1765328987445]],[[-86.7161000651236,36.1763898298207],[-86.7162499052189,36.1764706951975],[-86.7163260514308,36.1763779496202],[-86.7162168486734,36.1763190160762],[-86.7161760167772,36.1763687493378],[-86.7161473233836,36.1763532646514],[-86.7161370007753,36.1763658381125],[-86.7161250546901,36.1763593910573],[-86.7161000651236,36.1763898298207]]]},"properties":{"id":"101209","parcel":"083120M90000CO","address":"2523 B BRITTANY DR","owner":"O.I.C. 2523 BRITTANY DRIVE","point":[-86.71645708422612,36.17659632234985]}},{"type":"Feature","id":"102190","geometry":{"type":"Polygon","coordinates":[[[-86.7187135744648,36.1761909634073],[-86.7187194802508,36.1761553346959],[-86.7187401816206,36.1761575907688],[-86.7187469432737,36.1761167990359],[-86.7187701393814,36.1761193259493],[-86.7187712745384,36.1761124732023],[-86.71879012652,36.1761145266796],[-86.7187890208314,36.1761211962953],[-86.7189058481992,36.1761339239717],[-86.7188999963066,36.1761692342265],[-86.7188659009201,36.1761655203935],[-86.7188629370214,36.1761834046664],[-86.7188502328993,36.1761820211786],[-86.7188463530348,36.1762054302354],[-86.7187135744648,36.1761909634073]]]},"properties":{"id":"102190","parcel":"083120O00200CO","address":"2619 BARCLAY DR","owner":"ELLIOTT FAMILY TRUST","point":[-86.71880985633035,36.176161571604055]}},{"type":"Feature","id":"102363","geometry":{"type":"Polygon","coordinates":[[[-86.7183480914581,36.1762808011134],[-86.7183554104514,36.17614303118],[-86.7183746275579,36.1760633687113],[-86.7190403952315,36.1761345186409],[-86.7190256897741,36.1762351537534],[-86.7190141226482,36.176336056769],[-86.7183480914581,36.1762808011134]],[[-86.7186987697289,36.1762884167103],[-86.7188307011278,36.1763024866372],[-86.7188344692615,36.1762792594006],[-86.7188528669021,36.1762812209414],[-86.7188559675754,36.1762621137433],[-86.7188850739895,36.1762652173946],[-86.7188907362043,36.1762303192468],[-86.7187763947072,36.1762181247204],[-86.7187773580512,36.1762121850738],[-86.7187554920909,36.1762098530255],[-86.7187544855952,36.1762160606037],[-86.7187327097623,36.1762137379284],[-86.7187262915285,36.1762532955892],[-86.7187048394908,36.1762510079327],[-86.7186987697289,36.1762884167103]],[[-86.7187135744648,36.1761909634073],[-86.7188463530348,36.1762054302354],[-86.7188502328993,36.1761820211786],[-86.7188629370214,36.1761834046664],[-86.7188659009201,36.1761655203935],[-86.7188999963066,36.1761692342265],[-86.7189058481992,36.1761339239717],[-86.7187890208314,36.1761211962953],[-86.71879012652,36.1761145266796],[-86.7187712745384,36.1761124732023],[-86.7187701393814,36.1761193259493],[-86.7187469432737,36.1761167990359],[-86.7187401816206,36.1761575907688],[-86.7187194802508,36.1761553346959],[-86.7187135744648,36.1761909634073]]]},"properties":{"id":"102363","parcel":"083120O90000CO","address":"2619 C BARCLAY DR","owner":"O.I.C.  TOWNHOMES AT BARCLAY DRIVE AMEND","point":[-86.71856624845424,36.17619769465229]}},{"type":"Feature","id":"103097","geometry":{"type":"Polygon","coordinates":[[[-86.7161000651236,36.1763898298207],[-86.7161250546901,36.1763593910573],[-86.7161370007753,36.1763658381125],[-86.7161473233836,36.1763532646514],[-86.7161760167772,36.1763687493378],[-86.7162168486734,36.1763190160762],[-86.7163260514308,36.1763779496202],[-86.7162499052189,36.1764706951975],[-86.7161000651236,36.1763898298207]]]},"properties":{"id":"103097","parcel":"083120M00100CO","address":"2521 BRITTANY DR","owner":"LEGNON, CHRISTOPHER & BROOKE","point":[-86.7162289382615,36.176430390425324]}},{"type":"Feature","id":"103101","geometry":{"type":"Polygon","coordinates":[[[-86.7160261100197,36.1764839673238],[-86.716050695014,36.1764540221646],[-86.7161968510254,36.1765328987445],[-86.7161213576543,36.1766248490538],[-86.716012210565,36.1765659456401],[-86.7160517067217,36.1765178417315],[-86.716024641999,36.1765032350981],[-86.7160360554197,36.1764893348281],[-86.7160261100197,36.1764839673238]]]},"properties":{"id":"103101","parcel":"083120M00200CO","address":"2523 BRITTANY DR","owner":"DUGAN, DANIEL JOHN JT & KATHRYN KEENE","point":[-86.71610453109534,36.17654942222867]}},{"type":"Feature","id":"103708","geometry":{"type":"Polygon","coordinates":[[[-86.7187292480428,36.176091990806],[-86.7187329855223,36.1760679544204],[-86.718719327524,36.1760665585732],[-86.718727870794,36.1760116163292],[-86.7187846935958,36.1760174236913],[-86.718785559155,36.1760118568479],[-86.7188061234725,36.1760139587084],[-86.7188050152483,36.1760210843781],[-86.7189197835771,36.1760328148881],[-86.7189125622025,36.176068007124],[-86.7189053299425,36.1760670317705],[-86.7189014184665,36.1760860906254],[-86.7188985113092,36.1760856978649],[-86.7188937694454,36.1761088065297],[-86.7187292480428,36.176091990806]]]},"properties":{"id":"103708","parcel":"083120N00100CO","address":"2621 BARCLAY DR","owner":"VITALY, SHANE & MARTO, JESSICA","point":[-86.71881913077452,36.17604968577505]}},{"type":"Feature","id":"103711","geometry":{"type":"Polygon","coordinates":[[[-86.7187489759952,36.1759935393224],[-86.7187530726082,36.1759696350851],[-86.7187377653121,36.175967910186],[-86.7187472529695,36.1759125468341],[-86.7188032064444,36.1759188496501],[-86.7188042200078,36.1759129322353],[-86.7188244579693,36.1759152108808],[-86.7188234370101,36.1759211706991],[-86.718939082898,36.1759341964859],[-86.7189331946633,36.1759685597341],[-86.7189248121509,36.1759676155666],[-86.7189215465433,36.1759866741811],[-86.7189178165287,36.1759862538763],[-86.718913393692,36.1760120590218],[-86.7187489759952,36.1759935393224]]]},"properties":{"id":"103711","parcel":"083120N00200CO","address":"2623 BARCLAY DR","owner":"NEWGARDEN, JOSEPHINE J. & CHANEY, CALEB A.","point":[-86.71883848711448,36.175950686579725]}},{"type":"Feature","id":"103715","geometry":{"type":"Polygon","coordinates":[[[-86.7183746275579,36.1760633687113],[-86.7184576349311,36.1757192819727],[-86.7184581663521,36.1757170788285],[-86.7190260199169,36.1758071558593],[-86.7190409964298,36.1758111448607],[-86.7190434814537,36.1758120610619],[-86.7190555675121,36.1758177445283],[-86.7190663368366,36.1758249607732],[-86.719075496398,36.1758335132646],[-86.7190827995428,36.1758431709467],[-86.7190880448892,36.175853669147],[-86.7190910909169,36.1758647248112],[-86.7190918548473,36.1758760356085],[-86.7190903161011,36.1758872934298],[-86.7190863927872,36.1759036909349],[-86.7190825529706,36.1759201023626],[-86.7190787988662,36.1759365267984],[-86.7190751293544,36.1759529633478],[-86.719071545555,36.1759694129054],[-86.7190680463402,36.1759858736753],[-86.719064631718,36.1760023465588],[-86.7190613039118,36.1760188315426],[-86.7190580606821,36.1760353268375],[-86.7190549020372,36.1760518333449],[-86.719051830192,36.1760683501501],[-86.7190488429234,36.1760848772665],[-86.7190459413432,36.1761014146876],[-86.7190431254513,36.1761179624132],[-86.7190403952315,36.1761345186409],[-86.7183746275579,36.1760633687113]],[[-86.7187292480428,36.176091990806],[-86.7188937694454,36.1761088065297],[-86.7188985113092,36.1760856978649],[-86.7189014184665,36.1760860906254],[-86.7189053299425,36.1760670317705],[-86.7189125622025,36.176068007124],[-86.7189197835771,36.1760328148881],[-86.7188050152483,36.1760210843781],[-86.7188061234725,36.1760139587084],[-86.718785559155,36.1760118568479],[-86.7187846935958,36.1760174236913],[-86.718727870794,36.1760116163292],[-86.718719327524,36.1760665585732],[-86.7187329855223,36.1760679544204],[-86.7187292480428,36.176091990806]],[[-86.7187489759952,36.1759935393224],[-86.718913393692,36.1760120590218],[-86.7189178165287,36.1759862538763],[-86.7189215465433,36.1759866741811],[-86.7189248121509,36.1759676155666],[-86.7189331946633,36.1759685597341],[-86.718939082898,36.1759341964859],[-86.7188234370101,36.1759211706991],[-86.7188244579693,36.1759152108808],[-86.7188042200078,36.1759129322353],[-86.7188032064444,36.1759188496501],[-86.7187472529695,36.1759125468341],[-86.7187377653121,36.175967910186],[-86.7187530726082,36.1759696350851],[-86.7187489759952,36.1759935393224]]]},"properties":{"id":"103715","parcel":"083120N90000CO","address":"2623 C BARCLAY DR","owner":"O.I.C. TOWNHOMES AT BARCLAY AND BRITTIAN","point":[-86.7185761713579,36.17592696685417]}},{"type":"Feature","id":"145892","geometry":{"type":"Polygon","coordinates":[[[-86.7197883345149,36.1742026453589],[-86.7198440001372,36.1740878944935],[-86.7199024953019,36.1739740739498],[-86.7204930467365,36.1741753831388],[-86.7204139969218,36.1742174013674],[-86.720192704362,36.1743350289549],[-86.7197883345149,36.1742026453589]],[[-86.7201459743854,36.1742159832707],[-86.7199781614961,36.1741610330388],[-86.7199682923046,36.1741808457822],[-86.7199494623438,36.1741746789956],[-86.7199264181527,36.174220936758],[-86.7201130611288,36.1742820538249],[-86.7201459743854,36.1742159832707]],[[-86.7199912720857,36.1740855966512],[-86.72001058888,36.1740918821978],[-86.7200005570533,36.1741121456445],[-86.7201662963795,36.1741660807774],[-86.7201988216072,36.1741003793353],[-86.7200137656112,36.174040158703],[-86.7199912720857,36.1740855966512]]]},"properties":{"id":"145892","parcel":"083160C90000CO","address":"2660 C BARCLAY DR","owner":"O.I.C.  HOMES AT 2660 BARCLAY","point":[-86.71994843272869,36.174136493618306]}},{"type":"Feature","id":"158935","geometry":{"type":"Polygon","coordinates":[[[-86.7181544660596,36.1755316262798],[-86.7183125722868,36.1749593104064],[-86.7185462274695,36.175019454343],[-86.7187581422243,36.1750731336471],[-86.7186515526894,36.1755748305258],[-86.7186443421151,36.1756087690294],[-86.7184901524078,36.175584488505],[-86.7181544660596,36.1755316262798]],[[-86.7186244417703,36.1753370343295],[-86.7185538228747,36.1753260510548],[-86.7185443626566,36.1753660387004],[-86.71846510314,36.1753537134567],[-86.7184411783483,36.1754548386988],[-86.7186209652533,36.1754827981659],[-86.7186448940664,36.1753816503321],[-86.7186149869404,36.1753769994171],[-86.7186244417703,36.1753370343295]],[[-86.7183139931661,36.1754358904155],[-86.7183157533238,36.175429063694],[-86.7183405339849,36.1754332639166],[-86.7183416369092,36.1754289871721],[-86.718371308462,36.1754340162844],[-86.7184130452542,36.1752721517188],[-86.7182967396033,36.175252438386],[-86.7182791057327,36.1753208211535],[-86.7182690879403,36.1753191233022],[-86.7182421205762,36.1754237085299],[-86.7183139931661,36.1754358904155]]]},"properties":{"id":"158935","parcel":"083160D90000CO","address":"2506 B BRITTANY DR","owner":"O.I.C.  2504 BRITTANY DRIVE COTTAGES","point":[-86.7185588172612,36.17529614960279]}},{"type":"Feature","id":"159190","geometry":{"type":"Polygon","coordinates":[[[-86.7183139931661,36.1754358904155],[-86.7182421205762,36.1754237085299],[-86.7182690879403,36.1753191233022],[-86.7182791057327,36.1753208211535],[-86.7182967396033,36.175252438386],[-86.7184130452542,36.1752721517188],[-86.718371308462,36.1754340162844],[-86.7183416369092,36.1754289871721],[-86.7183405339849,36.1754332639166],[-86.7183157533238,36.175429063694],[-86.7183139931661,36.1754358904155]]]},"properties":{"id":"159190","parcel":"083160D00100CO","address":"2506 BRITTANY DR","owner":"TAVEL, DONELLE LOUISE & FOX, ZACHARY NATHAN","point":[-86.71832127143658,36.17537240757032]}},{"type":"Feature","id":"159596","geometry":{"type":"Polygon","coordinates":[[[-86.7184411783483,36.1754548386988],[-86.71846510314,36.1753537134567],[-86.7185443626566,36.1753660387004],[-86.7185538228747,36.1753260510548],[-86.7186244417703,36.1753370343295],[-86.7186149869404,36.1753769994171],[-86.7186448940664,36.1753816503321],[-86.7186209652533,36.1754827981659],[-86.7184411783483,36.1754548386988]]]},"properties":{"id":"159596","parcel":"083160D00200CO","address":"2504 BRITTANY DR","owner":"NAHAY, HARRY FRANCIS & BALDWIN, RONALD GENE","point":[-86.71854303645323,36.175418244559566]}},{"type":"Feature","id":"163184","geometry":{"type":"Polygon","coordinates":[[[-86.7200265899955,36.1745721471732],[-86.719991322623,36.174563303454],[-86.7199895061009,36.1745680657459],[-86.7199706111988,36.1745633278515],[-86.7199727317536,36.174557769734],[-86.7199392993955,36.1745493855136],[-86.7199526720187,36.1745143331572],[-86.7199059890798,36.1745026256922],[-86.7198907445293,36.1745425848663],[-86.7197899751264,36.1745173141568],[-86.7198123360403,36.1744587023856],[-86.71983341465,36.1744639887691],[-86.7198486950207,36.1744239329527],[-86.7199777648536,36.1744562998937],[-86.7199758679753,36.1744612717578],[-86.7200607662735,36.1744825614797],[-86.7200265899955,36.1745721471732]]]},"properties":{"id":"163184","parcel":"083160E00100CO","address":"2416 LAZENBY DR","owner":"RIVERS, ANDREW & ALESSIA","point":[-86.71992822191264,36.174492464599524]}},{"type":"Feature","id":"163187","geometry":{"type":"Polygon","coordinates":[[[-86.7199168147884,36.1743751712486],[-86.7198984647457,36.1743705688878],[-86.7199068828771,36.1743485017348],[-86.7198765290074,36.1743408895442],[-86.7199062655653,36.174262942236],[-86.7199765404432,36.1742805654715],[-86.7199679073699,36.1743031981024],[-86.720076727396,36.1743304872337],[-86.7200719607933,36.1743429810335],[-86.7200791102927,36.1743447742558],[-86.720067723654,36.1743746208039],[-86.7200585040595,36.1743723081848],[-86.7200326091313,36.1744401862378],[-86.7199042880085,36.174408006859],[-86.7199168147884,36.1743751712486]]]},"properties":{"id":"163187","parcel":"083160E00200CO","address":"2658 BARCLAY DR","owner":"MCCLAIN, MARK & SARAH","point":[-86.71998800020371,36.17435973490028]}},{"type":"Feature","id":"163727","geometry":{"type":"Polygon","coordinates":[[[-86.7197883345149,36.1742026453589],[-86.720192704362,36.1743350289549],[-86.720065701316,36.1746435813735],[-86.7197259895823,36.1745583904033],[-86.7197134995211,36.1745543533148],[-86.7197019558189,36.1745487640158],[-86.719691647669,36.1745417640831],[-86.7196828367861,36.1745335295052],[-86.7196757418199,36.174524268072],[-86.7196705449838,36.174514214828],[-86.7196673763785,36.174503619549],[-86.7196663151529,36.1744927521419],[-86.7196673882369,36.1744818855289],[-86.7196705692058,36.17447129295],[-86.7197275288408,36.174336414645],[-86.7197883345149,36.1742026453589]],[[-86.7199168147884,36.1743751712486],[-86.7199042880085,36.174408006859],[-86.7200326091313,36.1744401862378],[-86.7200585040595,36.1743723081848],[-86.720067723654,36.1743746208039],[-86.7200791102927,36.1743447742558],[-86.7200719607933,36.1743429810335],[-86.720076727396,36.1743304872337],[-86.7199679073699,36.1743031981024],[-86.7199765404432,36.1742805654715],[-86.7199062655653,36.174262942236],[-86.7198765290074,36.1743408895442],[-86.7199068828771,36.1743485017348],[-86.7198984647457,36.1743705688878],[-86.7199168147884,36.1743751712486]],[[-86.7200265899955,36.1745721471732],[-86.7200607662735,36.1744825614797],[-86.7199758679753,36.1744612717578],[-86.7199777648536,36.1744562998937],[-86.7198486950207,36.1744239329527],[-86.71983341465,36.1744639887691],[-86.7198123360403,36.1744587023856],[-86.7197899751264,36.1745173141568],[-86.7198907445293,36.1745425848663],[-86.7199059890798,36.1745026256922],[-86.7199526720187,36.1745143331572],[-86.7199392993955,36.1745493855136],[-86.7199727317536,36.174557769734],[-86.7199706111988,36.1745633278515],[-86.7199895061009,36.1745680657459],[-86.719991322623,36.174563303454],[-86.7200265899955,36.1745721471732]]]},"properties":{"id":"163727","parcel":"083160E90000CO","address":"2656 B BARCLAY DR","owner":"O.I.C. HOMES AT 2658 BARCLAY DRIVE","point":[-86.71981535773013,36.17441582685881]}},{"type":"Feature","id":"164631","geometry":{"type":"Polygon","coordinates":[[[-86.719030709321,36.1754972288675],[-86.718986728182,36.1754907818449],[-86.7189858661296,36.1754946479877],[-86.7189580384299,36.1754905696909],[-86.7189568922533,36.175495712812],[-86.7189048499871,36.175488083549],[-86.7189157726385,36.1754391060859],[-86.7189330580792,36.1754416393293],[-86.7189356592408,36.1754299786256],[-86.7189309441186,36.175429287501],[-86.7189346198727,36.1754128031496],[-86.718939334994,36.1754134942741],[-86.7189453459189,36.1753865422714],[-86.7189381429981,36.1753854856317],[-86.7189480711336,36.1753409717313],[-86.7190625808513,36.1753577588231],[-86.7190650569769,36.17534665494],[-86.7190771508791,36.1753484277802],[-86.7190749845078,36.1753581391704],[-86.7190872220003,36.1753599327845],[-86.7190768410852,36.1754064853457],[-86.7190655775559,36.1754048346368],[-86.7190590453694,36.1754341231191],[-86.7190668950081,36.1754352741367],[-86.7190607431432,36.1754628614736],[-86.719039082063,36.1754596864778],[-86.719030709321,36.1754972288675]]]},"properties":{"id":"164631","parcel":"083160F00100CO","address":"2647 BARCLAY DR","owner":"CARTER, BENJAMIN E. & MOORE, CAROLINE","point":[-86.71899726246582,36.175421536710495]}},{"type":"Feature","id":"164632","geometry":{"type":"Polygon","coordinates":[[[-86.7186443421151,36.1756087690294],[-86.7186515526894,36.1755748305258],[-86.7187581422243,36.1750731336471],[-86.7192609789643,36.1752002140796],[-86.7192548433236,36.1752230823217],[-86.7192053324923,36.1754147549978],[-86.7191591323321,36.1756069703058],[-86.7191558256081,36.175620626106],[-86.7191502411036,36.1756337862633],[-86.7191477351809,36.1756378000938],[-86.7191399442658,36.1756473007513],[-86.7191303319141,36.1756556334084],[-86.7191191595101,36.1756625693893],[-86.7191067321654,36.1756679212159],[-86.7190933864916,36.1756715426807],[-86.7190794895297,36.1756733333592],[-86.7190654177034,36.175673246847],[-86.7190515556504,36.1756712844579],[-86.7189427618212,36.175653797278],[-86.7186443421151,36.1756087690294]],[[-86.719030709321,36.1754972288675],[-86.719039082063,36.1754596864778],[-86.7190607431432,36.1754628614736],[-86.7190668950081,36.1754352741367],[-86.7190590453694,36.1754341231191],[-86.7190655775559,36.1754048346368],[-86.7190768410852,36.1754064853457],[-86.7190872220003,36.1753599327845],[-86.7190749845078,36.1753581391704],[-86.7190771508791,36.1753484277802],[-86.7190650569769,36.17534665494],[-86.7190625808513,36.1753577588231],[-86.7189480711336,36.1753409717313],[-86.7189381429981,36.1753854856317],[-86.7189453459189,36.1753865422714],[-86.718939334994,36.1754134942741],[-86.7189346198727,36.1754128031496],[-86.7189309441186,36.175429287501],[-86.7189356592408,36.1754299786256],[-86.7189330580792,36.1754416393293],[-86.7189157726385,36.1754391060859],[-86.7189048499871,36.175488083549],[-86.7189568922533,36.175495712812],[-86.7189580384299,36.1754905696909],[-86.7189858661296,36.1754946479877],[-86.718986728182,36.1754907818449],[-86.719030709321,36.1754972288675]],[[-86.7187614317716,36.1754621692204],[-86.7187593173678,36.1754708726836],[-86.7187862611215,36.1754751761978],[-86.7187902874126,36.1754586068477],[-86.7188217776305,36.175463635835],[-86.7188230775899,36.1754582881141],[-86.7188296635132,36.1754593394223],[-86.7188489804098,36.1753798420975],[-86.7188556275612,36.1753809038549],[-86.7188596238195,36.1753644572525],[-86.7188565089737,36.1753639593789],[-86.718861610131,36.1753429665376],[-86.7188559225911,36.1753420576881],[-86.7188675534331,36.1752941926742],[-86.7188255776809,36.1752874876058],[-86.7188281218411,36.1752770187123],[-86.718807546978,36.175273731759],[-86.7188117029044,36.1752566262854],[-86.7187636032575,36.1752489428411],[-86.7187601214013,36.1752632738186],[-86.7187410661188,36.1752602301591],[-86.718723396243,36.1753329410701],[-86.7187278336046,36.1753336491781],[-86.7187138385194,36.175391240258],[-86.7187074774747,36.1753902245563],[-86.7186926635982,36.1754511849203],[-86.7187614317716,36.1754621692204]]]},"properties":{"id":"164632","parcel":"083160F90000CO","address":"2647 B BARCLAY DR","owner":"O.I.C. 2502 BRITTANY DRIVE","point":[-86.71915024791068,36.17537284426753]}},{"type":"Feature","id":"164995","geometry":{"type":"Polygon","coordinates":[[[-86.7187614317716,36.1754621692204],[-86.7186926635982,36.1754511849203],[-86.7187074774747,36.1753902245563],[-86.7187138385194,36.175391240258],[-86.7187278336046,36.1753336491781],[-86.718723396243,36.1753329410701],[-86.7187410661188,36.1752602301591],[-86.7187601214013,36.1752632738186],[-86.7187636032575,36.1752489428411],[-86.7188117029044,36.1752566262854],[-86.718807546978,36.175273731759],[-86.7188281218411,36.1752770187123],[-86.7188255776809,36.1752874876058],[-86.7188675534331,36.1752941926742],[-86.7188559225911,36.1753420576881],[-86.718861610131,36.1753429665376],[-86.7188565089737,36.1753639593789],[-86.7188596238195,36.1753644572525],[-86.7188556275612,36.1753809038549],[-86.7188489804098,36.1753798420975],[-86.7188296635132,36.1754593394223],[-86.7188230775899,36.1754582881141],[-86.7188217776305,36.175463635835],[-86.7187902874126,36.1754586068477],[-86.7187862611215,36.1754751761978],[-86.7187593173678,36.1754708726836],[-86.7187614317716,36.1754621692204]]]},"properties":{"id":"164995","parcel":"083160F00200CO","address":"2502 BRITTANY DR","owner":"MARTIN, CHARLES BURKE","point":[-86.71879107792957,36.17535330330307]}},{"type":"Feature","id":"181109","geometry":{"type":"Polygon","coordinates":[[[-86.7194016362373,36.1744828378796],[-86.7190529275371,36.1744010964004],[-86.7191745399542,36.1740619351338],[-86.7196142402301,36.1741876571173],[-86.7195583110069,36.1743124873622],[-86.7195056537629,36.174438249806],[-86.7195000065999,36.1744490202093],[-86.7194921855369,36.174458856343],[-86.719482419211,36.1744674738474],[-86.7194709888051,36.1744746213963],[-86.7194582281461,36.1744800915117],[-86.719444507064,36.1744837242679],[-86.7194302236931,36.1744854163502],[-86.7194157944427,36.1744851184111],[-86.7194016362373,36.1744828378796]],[[-86.7194072062474,36.1743160620745],[-86.7193598878847,36.1743045014867],[-86.7193587918843,36.1743074497398],[-86.7193089846872,36.1742952820931],[-86.7193064725766,36.1743020412117],[-86.7192731582366,36.17429390305],[-86.7192745938969,36.1742900415972],[-86.7192404016766,36.1742816896507],[-86.7192125817725,36.1743565466573],[-86.719276661496,36.1743722019023],[-86.7192736360816,36.1743803394057],[-86.7193200476046,36.1743916774118],[-86.7193179152795,36.1743974131367],[-86.7193389001266,36.1744025397402],[-86.7193404735951,36.1743983070465],[-86.7193879758259,36.1744099116092],[-86.7194086271596,36.1743543446529],[-86.7193942811365,36.1743508404239],[-86.7194072062474,36.1743160620745]],[[-86.7193208037206,36.1742481134752],[-86.7193178141389,36.1742561561339],[-86.7193697893129,36.1742688534169],[-86.7193683732162,36.1742726651849],[-86.7194149128125,36.1742840348367],[-86.719429214937,36.1742455503963],[-86.7194552587915,36.1742519131015],[-86.7194871878351,36.174165998284],[-86.7194486485025,36.1741565835823],[-86.7194354977323,36.1741919698327],[-86.7194190305306,36.1741879474055],[-86.7194210781437,36.1741824329927],[-86.719401006897,36.1741775298792],[-86.7193994117361,36.1741818212854],[-86.7193530460043,36.1741704947533],[-86.7193505360919,36.174177250255],[-86.7192850538905,36.1741612528153],[-86.7192698293255,36.1742022176033],[-86.719265907767,36.1742012594958],[-86.7192539331893,36.1742334788898],[-86.7192887927378,36.174241995392],[-86.7192893721978,36.1742404354583],[-86.7193208037206,36.1742481134752]]]},"properties":{"id":"181109","parcel":"083160G90000CO","address":"2655 C BARCLAY DR","owner":"O.I.C. 2500 LAZENBY DRIVE AND 2655 BARCL","point":[-86.71924258856858,36.17427703253308]}},{"type":"Feature","id":"181321","geometry":{"type":"Polygon","coordinates":[[[-86.7193879758259,36.1744099116092],[-86.7193404735951,36.1743983070465],[-86.7193389001266,36.1744025397402],[-86.7193179152795,36.1743974131367],[-86.7193200476046,36.1743916774118],[-86.7192736360816,36.1743803394057],[-86.719276661496,36.1743722019023],[-86.7192125817725,36.1743565466573],[-86.7192404016766,36.1742816896507],[-86.7192745938969,36.1742900415972],[-86.7192731582366,36.17429390305],[-86.7193064725766,36.1743020412117],[-86.7193089846872,36.1742952820931],[-86.7193587918843,36.1743074497398],[-86.7193598878847,36.1743045014867],[-86.7194072062474,36.1743160620745],[-86.7193942811365,36.1743508404239],[-86.7194086271596,36.1743543446529],[-86.7193879758259,36.1744099116092]]]},"properties":{"id":"181321","parcel":"083160G00200CO","address":"2500 LAZENBY DR","owner":"SPENCER, SHELBY STEPHENS & CAMERON L.","point":[-86.71931103249506,36.17433324096229]}},{"type":"Feature","id":"181489","geometry":{"type":"Polygon","coordinates":[[[-86.7193208037206,36.1742481134752],[-86.7192893721978,36.1742404354583],[-86.7192887927378,36.174241995392],[-86.7192539331893,36.1742334788898],[-86.719265907767,36.1742012594958],[-86.7192698293255,36.1742022176033],[-86.7192850538905,36.1741612528153],[-86.7193505360919,36.174177250255],[-86.7193530460043,36.1741704947533],[-86.7193994117361,36.1741818212854],[-86.719401006897,36.1741775298792],[-86.7194210781437,36.1741824329927],[-86.7194190305306,36.1741879474055],[-86.7194354977323,36.1741919698327],[-86.7194486485025,36.1741565835823],[-86.7194871878351,36.174165998284],[-86.7194552587915,36.1742519131015],[-86.719429214937,36.1742455503963],[-86.7194149128125,36.1742840348367],[-86.7193683732162,36.1742726651849],[-86.7193697893129,36.1742688534169],[-86.7193178141389,36.1742561561339],[-86.7193208037206,36.1742481134752]]]},"properties":{"id":"181489","parcel":"083160G00100CO","address":"2655 BARCLAY DR","owner":"SULLIVAN, TIMOTHY JUSTIN & JULIA A","point":[-86.71936374175073,36.174218087048814]}},{"type":"Feature","id":"194107","geometry":{"type":"Polygon","coordinates":[[[-86.7193489711216,36.1766174339263],[-86.7193504165731,36.1765950298497],[-86.7193346618331,36.1765943612676],[-86.7193382157554,36.1765393054175],[-86.7195688351014,36.1765490894239],[-86.7195681517582,36.1765596662038],[-86.7196123599809,36.1765615413623],[-86.7196091239567,36.1766116699285],[-86.7195663513921,36.1766098556078],[-86.7195657860486,36.1766186120358],[-86.7194812617928,36.176615025932],[-86.7194807451547,36.1766230250091],[-86.7193489711216,36.1766174339263]]]},"properties":{"id":"194107","parcel":"083123B00200CO","address":"2610 B BARCLAY DR","owner":"MCCRARY, JOSEPH & AUBREY DOVE","point":[-86.71947351087896,36.17657795139548]}},{"type":"Feature","id":"194112","geometry":{"type":"Polygon","coordinates":[[[-86.7197732912349,36.1788118665074],[-86.7202501004485,36.1784921290158],[-86.720395964957,36.1785342262696],[-86.7205086581792,36.1785667498621],[-86.7199873057411,36.1789515376385],[-86.7199590850318,36.178973383999],[-86.7198607273595,36.1788882624009],[-86.7198177484998,36.1788495084822],[-86.7197732912349,36.1788118665074]],[[-86.7203520816963,36.1786642635257],[-86.7202881851638,36.1786073534014],[-86.7201769325941,36.1786894533852],[-86.7201877308805,36.1786990712169],[-86.7201617505285,36.1787182437367],[-86.7201660575078,36.1787220790468],[-86.7200941843974,36.1787751189601],[-86.720142975633,36.1788185751384],[-86.7203520816963,36.1786642635257]],[[-86.7200119446119,36.178703552743],[-86.7200636425777,36.17874882298],[-86.7202711038617,36.1785931000258],[-86.7202072688934,36.1785372034105],[-86.7200955023508,36.1786210971942],[-86.7201160549027,36.178639094457],[-86.7200915350049,36.1786575002886],[-86.7200831183251,36.1786501295072],[-86.7200119446119,36.178703552743]]]},"properties":{"id":"194112","parcel":"083121D90000CO","address":"2510 C BARCLAY DR","owner":"O.I.C.  HOMES AT 2510 BARCLAY DRIVE","point":[-86.71996811583172,36.178735107896394]}},{"type":"Feature","id":"195447","geometry":{"type":"Polygon","coordinates":[[[-86.7193424449378,36.176724019124],[-86.7193437533746,36.1767013382758],[-86.7193277401611,36.1767007316176],[-86.7193309551762,36.1766449549768],[-86.7195624816543,36.1766537277826],[-86.7195618658708,36.1766643996932],[-86.7196050070209,36.1766660351709],[-86.7196021339944,36.1767158632537],[-86.7195605063,36.1767142863477],[-86.7195599915241,36.1767232254303],[-86.71947297636,36.1767199290533],[-86.7194724567108,36.1767289447717],[-86.7193424449378,36.176724019124]]]},"properties":{"id":"195447","parcel":"083123B00100CO","address":"2610 A BARCLAY DR","owner":"LUND, ZACHARY & MAGDALENA","point":[-86.71946637343224,36.176683383474234]}},{"type":"Feature","id":"195449","geometry":{"type":"Polygon","coordinates":[[[-86.7191575410468,36.1767323264506],[-86.7191621421984,36.1766210905045],[-86.7191689650826,36.1765099296419],[-86.7199642160974,36.1765515518283],[-86.7199632773835,36.1767471475403],[-86.7199635166659,36.1767735179447],[-86.7191933393331,36.1767341563325],[-86.7191575410468,36.1767323264506]],[[-86.7193424449378,36.176724019124],[-86.7194724567108,36.1767289447717],[-86.71947297636,36.1767199290533],[-86.7195599915241,36.1767232254303],[-86.7195605063,36.1767142863477],[-86.7196021339944,36.1767158632537],[-86.7196050070209,36.1766660351709],[-86.7195618658708,36.1766643996932],[-86.7195624816543,36.1766537277826],[-86.7193309551762,36.1766449549768],[-86.7193277401611,36.1767007316176],[-86.7193437533746,36.1767013382758],[-86.7193424449378,36.176724019124]],[[-86.7193489711216,36.1766174339263],[-86.7194807451547,36.1766230250091],[-86.7194812617928,36.176615025932],[-86.7195657860486,36.1766186120358],[-86.7195663513921,36.1766098556078],[-86.7196091239567,36.1766116699285],[-86.7196123599809,36.1765615413623],[-86.7195681517582,36.1765596662038],[-86.7195688351014,36.1765490894239],[-86.7193382157554,36.1765393054175],[-86.7193346618331,36.1765943612676],[-86.7193504165731,36.1765950298497],[-86.7193489711216,36.1766174339263]]]},"properties":{"id":"195449","parcel":"083123B90000CO","address":"2610 C BARCLAY DR","owner":"O.I.C. HOMES AT 2610 BARCLAY DRIVE","point":[-86.71956272323948,36.17663435757507]}},{"type":"Feature","id":"215994","geometry":{"type":"Polygon","coordinates":[[[-86.7199147331553,36.1796669241001],[-86.7198806181458,36.1796373264368],[-86.7198727735228,36.1796432692697],[-86.7198370349213,36.1796122626907],[-86.7200456131439,36.1794542488185],[-86.7200925500449,36.1794986371615],[-86.72008461823,36.1795046463207],[-86.7201052793015,36.1795225717353],[-86.7199147331553,36.1796669241001]]]},"properties":{"id":"215994","parcel":"083121F00100CO","address":"2505 A BARCLAY DR","owner":"ROBINSON, CHARLES E. & GWENDOLYN W.","point":[-86.71997115699722,36.1795674172882]}},{"type":"Feature","id":"215996","geometry":{"type":"Polygon","coordinates":[[[-86.719759630073,36.1795312312758],[-86.7199547659795,36.1793843913328],[-86.7199770047278,36.1794038151708],[-86.7199828180537,36.1793994409244],[-86.7200288730217,36.1794431838417],[-86.7198219944993,36.1795988622956],[-86.7197858102883,36.1795672581184],[-86.7197939036937,36.179561166902],[-86.719759630073,36.1795312312758]]]},"properties":{"id":"215996","parcel":"083121F00200CO","address":"2505 B BARCLAY DR","owner":"ROBINSON, CHARLES E. & GWENDOLYN W.","point":[-86.71989425201542,36.17948720763585]}},{"type":"Feature","id":"217299","geometry":{"type":"Polygon","coordinates":[[[-86.7191576060015,36.1799692966718],[-86.7200675100484,36.179271616355],[-86.7202532866788,36.1794309353091],[-86.7193406512409,36.1801264359959],[-86.7193187872801,36.1801067881008],[-86.7192586755342,36.1800544026633],[-86.7191876424386,36.1799932922604],[-86.7191576060015,36.1799692966718]],[[-86.7199147331553,36.1796669241001],[-86.7201052793015,36.1795225717353],[-86.72008461823,36.1795046463207],[-86.7200925500449,36.1794986371615],[-86.7200456131439,36.1794542488185],[-86.7198370349213,36.1796122626907],[-86.7198727735228,36.1796432692697],[-86.7198806181458,36.1796373264368],[-86.7199147331553,36.1796669241001]],[[-86.719759630073,36.1795312312758],[-86.7197939036937,36.179561166902],[-86.7197858102883,36.1795672581184],[-86.7198219944993,36.1795988622956],[-86.7200288730217,36.1794431838417],[-86.7199828180537,36.1793994409244],[-86.7199770047278,36.1794038151708],[-86.7199547659795,36.1793843913328],[-86.719759630073,36.1795312312758]]]},"properties":{"id":"217299","parcel":"083121F90000CO","address":"2505 C BARCLAY DR","owner":"O.I.C. HOMES AT 2505 BARCLAY DRIVE","point":[-86.71954996631185,36.17981814330844]}},{"type":"Feature","id":"220444","geometry":{"type":"Polygon","coordinates":[[[-86.7197375724237,36.1750170685133],[-86.7197969131627,36.1748456442216],[-86.7199157295043,36.1748726810184],[-86.7198579282577,36.1750396565685],[-86.7197375724237,36.1750170685133]]]},"properties":{"id":"220444","parcel":"083160I00200CO","address":"2413 LAZENBY DR","owner":"HOLE, EDWARD J., III & PETRIE, GRETCHEN","point":[-86.71982665088295,36.1749448747994]}},{"type":"Feature","id":"222296","geometry":{"type":"Polygon","coordinates":[[[-86.7196470035555,36.1749603909506],[-86.7197022302984,36.1748116345523],[-86.7197824891018,36.1748312208063],[-86.7197272624957,36.1749799772405],[-86.7196470035555,36.1749603909506]]]},"properties":{"id":"222296","parcel":"083160I00100CO","address":"2640 BARCLAY DR","owner":"POND, AUSTIN","point":[-86.71971474638406,36.17489580589821]}},{"type":"Feature","id":"222297","geometry":{"type":"Polygon","coordinates":[[[-86.71991865403,36.1750685710223],[-86.7194953902134,36.1749864724219],[-86.7195327039962,36.1748624111205],[-86.7195714654109,36.1747386412934],[-86.7195759546753,36.1747281598855],[-86.7195824680871,36.174718401841],[-86.7195908334276,36.1747096214412],[-86.7196008337873,36.1747020479981],[-86.7196122086119,36.1746958786388],[-86.7196246603474,36.1746912755614],[-86.7196378632505,36.1746883569706],[-86.7196514734335,36.1746872015236],[-86.7196651365474,36.1746878374697],[-86.7196784933961,36.174690248925],[-86.7200211626168,36.174776182152],[-86.71991865403,36.1750685710223]],[[-86.7197375724237,36.1750170685133],[-86.7198579282577,36.1750396565685],[-86.7199157295043,36.1748726810184],[-86.7197969131627,36.1748456442216],[-86.7197375724237,36.1750170685133]],[[-86.7196470035555,36.1749603909506],[-86.7197272624957,36.1749799772405],[-86.7197824891018,36.1748312208063],[-86.7197022302984,36.1748116345523],[-86.7196470035555,36.1749603909506]]]},"properties":{"id":"222297","parcel":"083160I90000CO","address":"2640 C BARCLAY DR","owner":"O.I.C. TWENTYSIX-FORTY BARCLAY DRIVE","point":[-86.71958999944597,36.17491608801136]}},{"type":"Feature","id":"224545","geometry":{"type":"Polygon","coordinates":[[[-86.7196009663199,36.1793411863711],[-86.719724838362,36.1792488328555],[-86.7197415606213,36.179263575128],[-86.7197826859782,36.1792329141454],[-86.7198097349869,36.1792567597618],[-86.7198152284427,36.1792526632168],[-86.7198448163837,36.1792772255102],[-86.7196733913477,36.1794050334842],[-86.7196009663199,36.1793411863711]]]},"properties":{"id":"224545","parcel":"083121H00200CO","address":"2507 B BARCLAY DR","owner":"WALSH, CORRIE & CONNOR","point":[-86.71972289154769,36.179309206003374]}},{"type":"Feature","id":"224550","geometry":{"type":"Polygon","coordinates":[[[-86.718971811504,36.1798077779905],[-86.719878984147,36.1791079171538],[-86.7200675100484,36.179271616355],[-86.7191576060015,36.1799692966718],[-86.7190674392923,36.1798907192786],[-86.718971811504,36.1798077779905]],[[-86.7196903226191,36.1794153628425],[-86.7197645535343,36.1794801085067],[-86.7199359662622,36.1793509422783],[-86.7199083396131,36.1793270298368],[-86.7199025959035,36.1793313577001],[-86.7198737876526,36.179306231088],[-86.7198351054001,36.1793353805373],[-86.7198171956307,36.1793197585175],[-86.7196903226191,36.1794153628425]],[[-86.7196009663199,36.1793411863711],[-86.7196733913477,36.1794050334842],[-86.7198448163837,36.1792772255102],[-86.7198152284427,36.1792526632168],[-86.7198097349869,36.1792567597618],[-86.7197826859782,36.1792329141454],[-86.7197415606213,36.179263575128],[-86.719724838362,36.1792488328555],[-86.7196009663199,36.1793411863711]]]},"properties":{"id":"224550","parcel":"083121H90000CO","address":"2507 C BARCLAY DR","owner":"O.I.C. HOMES AT 2507 BARCLAY DRIVE","point":[-86.7193830070955,36.179643978657786]}},{"type":"Feature","id":"225535","geometry":{"type":"Polygon","coordinates":[[[-86.7196903226191,36.1794153628425],[-86.7198171956307,36.1793197585175],[-86.7198351054001,36.1793353805373],[-86.7198737876526,36.179306231088],[-86.7199025959035,36.1793313577001],[-86.7199083396131,36.1793270298368],[-86.7199359662622,36.1793509422783],[-86.7197645535343,36.1794801085067],[-86.7196903226191,36.1794153628425]]]},"properties":{"id":"225535","parcel":"083121H00100CO","address":"2507 A BARCLAY DR","owner":"JONES, MARCELL NATHANIEL II & NYEISHA","point":[-86.71981314434383,36.179383152623366]}},{"type":"Feature","id":"245695","geometry":{"type":"Polygon","coordinates":[[[-86.7158478215359,36.179883856766],[-86.7158624659325,36.1798789382631],[-86.7158606190135,36.1798753207384],[-86.7159161132105,36.179856683421],[-86.715918378827,36.1798611177082],[-86.7159622255468,36.1798463924226],[-86.7159790965825,36.179879410101],[-86.7159839078533,36.179877794444],[-86.7160094260684,36.1799277360829],[-86.7157643232897,36.1800100165161],[-86.7157376769296,36.1799578671176],[-86.7158201469502,36.1799301708485],[-86.7158119932387,36.1799142128009],[-86.7158558123062,36.1798994976324],[-86.7158478215359,36.179883856766]]]},"properties":{"id":"245695","parcel":"083122D00100CO","address":"899 POTTER LN","owner":"SKYLINE DEVELOPMENT, LLC","point":[-86.715912285058,36.17992894756732]}},{"type":"Feature","id":"245742","geometry":{"type":"Polygon","coordinates":[[[-86.7156641766106,36.1801331583425],[-86.7156331588452,36.1800139323489],[-86.715626553135,36.1799885388231],[-86.7160813410409,36.1797254432399],[-86.7161148566606,36.1797662590148],[-86.716144710239,36.1798089035337],[-86.7161707519486,36.1798531586816],[-86.7161928486028,36.1798988026397],[-86.7162108902686,36.1799456035368],[-86.716224784766,36.1799933257912],[-86.7162394061914,36.1800516236344],[-86.7156641766106,36.1801331583425]],[[-86.7157986345532,36.1800797581374],[-86.7158816107356,36.1800530736464],[-86.7158894674193,36.1800691289839],[-86.71593355487,36.1800549502494],[-86.715941255272,36.1800706865629],[-86.7159559902545,36.180065947764],[-86.715957771791,36.1800695873052],[-86.7160136068677,36.1800516310788],[-86.7160114243689,36.1800471692628],[-86.7160555395033,36.180032982208],[-86.7160392846737,36.1799997617075],[-86.7160441253899,36.1799982053568],[-86.7160195381852,36.1799479571825],[-86.7157729613321,36.1800272893383],[-86.7157986345532,36.1800797581374]],[[-86.7158478215359,36.179883856766],[-86.7158558123062,36.1798994976324],[-86.7158119932387,36.1799142128009],[-86.7158201469502,36.1799301708485],[-86.7157376769296,36.1799578671176],[-86.7157643232897,36.1800100165161],[-86.7160094260684,36.1799277360829],[-86.7159839078533,36.179877794444],[-86.7159790965825,36.179879410101],[-86.7159622255468,36.1798463924226],[-86.715918378827,36.1798611177082],[-86.7159161132105,36.179856683421],[-86.7158606190135,36.1798753207384],[-86.7158624659325,36.1798789382631],[-86.7158478215359,36.179883856766]]]},"properties":{"id":"245742","parcel":"083122D90000CO","address":"901 C POTTER LN","owner":"O.I.C. HOMES AT 901 POTTER LANE","point":[-86.7161049488149,36.179929404594525]}},{"type":"Feature","id":"259311","geometry":{"type":"Polygon","coordinates":[[[-86.7126732863662,36.1793440655162],[-86.7123449870406,36.1793108405666],[-86.7120763824247,36.1792838562383],[-86.7119380040055,36.1792692888021],[-86.7118784186049,36.1783686080303],[-86.712347088409,36.178337274186],[-86.7124044452536,36.1783340859149],[-86.7124619358075,36.1783337799621],[-86.7125193399702,36.1783363567253],[-86.7125764364322,36.1783418057948],[-86.712633009353,36.1783501068147],[-86.7126888405796,36.1783612295299],[-86.7127437162674,36.1783751283383],[-86.7127974269691,36.1783917522048],[-86.7128527293927,36.1784125593152],[-86.7129062675608,36.1784362049775],[-86.7129578204795,36.1784625904591],[-86.7130071759579,36.178491607062],[-86.7130832601838,36.1785392651638],[-86.7131568402982,36.1785894408138],[-86.7132277888013,36.1786420482489],[-86.7132959859255,36.1786969962525],[-86.713361311869,36.1787541900035],[-86.7134236556981,36.1788135319247],[-86.713482908652,36.1788749190182],[-86.713538970846,36.1789382464315],[-86.7134697764354,36.178994343442],[-86.7134025211176,36.1790519710095],[-86.7133372578537,36.1791110846625],[-86.7132740362544,36.1791716381467],[-86.7132301755365,36.17921487033],[-86.713188607995,36.1792595670167],[-86.7131494073974,36.1793056484621],[-86.7130819996617,36.1793852116349],[-86.7126732863662,36.1793440655162]]]},"properties":{"id":"259311","parcel":"08300000402","address":"2510 EASTLAND AVE","owner":"YUNKER, JOHN W. ET UX","point":[-86.71268146019084,36.178842375657794]}},{"type":"Feature","id":"263240","geometry":{"type":"Polygon","coordinates":[[[-86.7194337154799,36.1783523862335],[-86.7194069349371,36.1782925091896],[-86.7193831096392,36.1782318169109],[-86.7193798919583,36.1782203576168],[-86.7193791452117,36.1782086195277],[-86.7193808903543,36.1781969522082],[-86.7193850760377,36.1781857002463],[-86.7193915785446,36.1781751960434],[-86.7194002050424,36.1781657507823],[-86.7194107012661,36.1781576435665],[-86.7194227547965,36.1781511150918],[-86.7194360105321,36.1781463576405],[-86.7194500762234,36.1781435123441],[-86.7198583378298,36.1780819673668],[-86.7199373440475,36.1784018650181],[-86.7195596341647,36.1785670039137],[-86.7195243958204,36.1785148461494],[-86.7194916314886,36.1784616398814],[-86.719461390763,36.178407460522],[-86.7194337154799,36.1783523862335]]]},"properties":{"id":"263240","parcel":"08312002000","address":"2514 BARCLAY DR","owner":"WHITING, JOYCE LYNN V.& VARDELL, MARTIN C.","point":[-86.7196691715168,36.17832303065242]}},{"type":"Feature","id":"263346","geometry":{"type":"Polygon","coordinates":[[[-86.7192369817679,36.1776613011959],[-86.719634872321,36.1775973961534],[-86.7197005429776,36.1779640128917],[-86.7193973611727,36.178009770132],[-86.71938265001,36.1780104508332],[-86.7193680073067,36.1780091186072],[-86.7193538469405,36.1780058106428],[-86.7193405755223,36.1780006209526],[-86.7193285668132,36.1779936987213],[-86.7193181627458,36.1779852383869],[-86.719309661213,36.1779754815154],[-86.7193033003993,36.177964705178],[-86.7192992631779,36.1779532165165],[-86.7192369817679,36.1776613011959]]]},"properties":{"id":"263346","parcel":"08312003500","address":"2408 CONRAD DR","owner":"SNEED, BONNIE DEAN","point":[-86.71947037817341,36.17780773295398]}},{"type":"Feature","id":"263485","geometry":{"type":"Polygon","coordinates":[[[-86.7185781246507,36.1791398422962],[-86.7185416733949,36.1790060029372],[-86.7194001093686,36.17861190744],[-86.7194412176837,36.1786720749163],[-86.7194860607147,36.1787304626581],[-86.7195345214695,36.1787869181442],[-86.718631317853,36.1793263228922],[-86.7185781246507,36.1791398422962]]]},"properties":{"id":"263485","parcel":"08312006200","address":"2513 BARCLAY DR","owner":"RUCH, JAMES CONRAD & STAPLETON, SHANNON NICOLE","point":[-86.71906573484294,36.178896526429135]}},{"type":"Feature","id":"263491","geometry":{"type":"Polygon","coordinates":[[[-86.7184559762236,36.1787028834087],[-86.7192872636497,36.1784235835206],[-86.7193212600356,36.178487755363],[-86.7193589027335,36.1785505752037],[-86.7194001093686,36.17861190744],[-86.7185416733949,36.1790060029372],[-86.718502471234,36.1788677853854],[-86.7184548989492,36.1787032449174],[-86.7184559762236,36.1787028834087]]]},"properties":{"id":"263491","parcel":"08312006300","address":"2515 BARCLAY DR","owner":"BLAIR, MARSHALL R.","point":[-86.71874893571156,36.178786150340144]}},{"type":"Feature","id":"263497","geometry":{"type":"Polygon","coordinates":[[[-86.7183064049948,36.1781701022667],[-86.7191427295232,36.1780288691678],[-86.7191580737402,36.1780969275644],[-86.7191776746747,36.1781642630211],[-86.7192014829612,36.1782307018866],[-86.7183736260798,36.1784092449802],[-86.7183064049948,36.1781701022667]]]},"properties":{"id":"263497","parcel":"08312006500","address":"2519 BARCLAY DR","owner":"JONES, STEPHEN WILKS","point":[-86.71875281244296,36.178200400254696]}},{"type":"Feature","id":"263502","geometry":{"type":"Polygon","coordinates":[[[-86.7176425682083,36.1770027077018],[-86.7176571447349,36.1769858089022],[-86.7176682111303,36.1769672411035],[-86.7176754826788,36.1769474809643],[-86.7176787760809,36.1769270333805],[-86.7176780049172,36.1769064215984],[-86.7176731895217,36.176886172735],[-86.7176644535408,36.176866806083],[-86.71765201934,36.1768488169149],[-86.7176447782055,36.1768335925869],[-86.7176408527405,36.1768175887826],[-86.7176403583729,36.1768012770775],[-86.7176433105531,36.176785136851],[-86.7176771167659,36.1766267058016],[-86.718332237525,36.1767252050534],[-86.7183255626536,36.1769131362741],[-86.7183164222082,36.177170455893],[-86.7183095346043,36.1773643673269],[-86.7180935812074,36.1774175774837],[-86.7179691751148,36.1774490847624],[-86.7176425682083,36.1770027077018]]]},"properties":{"id":"263502","parcel":"08312007600","address":"2604 BRITTANY CT","owner":"HAYES, L. C. ETUX","point":[-86.7180114173378,36.177086657463285]}},{"type":"Feature","id":"263508","geometry":{"type":"Polygon","coordinates":[[[-86.7168796448646,36.1768215169974],[-86.7169094745523,36.176672985818],[-86.7169259323916,36.1765910390663],[-86.7174963501423,36.1766725911434],[-86.7174750807166,36.1767663577836],[-86.7174736596288,36.1767768857599],[-86.717470130088,36.1767870828873],[-86.7174645851882,36.1767966719248],[-86.7174571760054,36.1768053951147],[-86.7174481027053,36.176813014235],[-86.7174376113303,36.1768193241379],[-86.7174202505025,36.1768306110786],[-86.7174052369292,36.1768439281288],[-86.717392929033,36.1768589586189],[-86.7173836192871,36.1768753457143],[-86.7173775287138,36.176892698757],[-86.7168796448646,36.1768215169974]]]},"properties":{"id":"263508","parcel":"08312007900","address":"2603 BRITTANY CT","owner":"SHIMPI FAMILY TRUST, THE","point":[-86.71719287533016,36.176719673546515]}},{"type":"Feature","id":"263513","geometry":{"type":"Polygon","coordinates":[[[-86.7169259323916,36.1765910390663],[-86.7169711303321,36.1763659841579],[-86.7175454144711,36.1764480889405],[-86.7174963501423,36.1766725911434],[-86.7169259323916,36.1765910390663]]]},"properties":{"id":"263513","parcel":"08312008000","address":"2605 BRITTANY CT","owner":"DEW, SAMUEL LEVI","point":[-86.71723503445811,36.17651956289596]}},{"type":"Feature","id":"263517","geometry":{"type":"Polygon","coordinates":[[[-86.7170386544267,36.1760297566006],[-86.7171425946133,36.175512192265],[-86.7176487035977,36.175591895022],[-86.7176647711378,36.1755955847969],[-86.7176798508006,36.1756014038172],[-86.717693515347,36.1756091878896],[-86.717705377057,36.1756187176095],[-86.7177151044516,36.1756297236683],[-86.7177224212553,36.1756418949714],[-86.7177110120526,36.1756938214385],[-86.7176189724192,36.1761127237429],[-86.7170386544267,36.1760297566006]]]},"properties":{"id":"263517","parcel":"08312008200","address":"2509 BRITTANY DR","owner":"HENDRIX, KRISTOPHER R.","point":[-86.71737324093482,36.17586178573653]}},{"type":"Feature","id":"263521","geometry":{"type":"Polygon","coordinates":[[[-86.715962107449,36.1761617222031],[-86.7162466318841,36.1758202873246],[-86.7169991607816,36.1762264041423],[-86.7169711303321,36.1763659841579],[-86.7169259323916,36.1765910390663],[-86.7169094745523,36.176672985818],[-86.715962107449,36.1761617222031]]]},"properties":{"id":"263521","parcel":"08312008400","address":"2515 BRITTANY DR","owner":"PIERCE, JAMES","point":[-86.71659650824732,36.176295274821584]}},{"type":"Feature","id":"263527","geometry":{"type":"Polygon","coordinates":[[[-86.7154793506695,36.1767410298968],[-86.7154822034172,36.1767376071194],[-86.7164129675346,36.1772399125963],[-86.7164086413655,36.1772425411155],[-86.7164083251501,36.1772427313559],[-86.7161824353665,36.1773798666758],[-86.7152863367906,36.1769773255932],[-86.7153218470628,36.1769304379206],[-86.7153305490667,36.1769195883358],[-86.7153495923639,36.1768967366499],[-86.7154793506695,36.1767410298968]]]},"properties":{"id":"263527","parcel":"08312008700","address":"2601 BRITTANY DR","owner":"EASTSIDE PROPERTIES, LLC","point":[-86.71587413273392,36.177108678519275]}},{"type":"Feature","id":"263532","geometry":{"type":"Polygon","coordinates":[[[-86.7151026762067,36.1773581657775],[-86.7159519034967,36.1775198203032],[-86.7155529448761,36.177762020616],[-86.7150801609509,36.1778156840151],[-86.7150739863664,36.1777741931631],[-86.7150680034128,36.1777146164605],[-86.7150653828959,36.1776548783406],[-86.7150661315277,36.1775951076443],[-86.7150702470621,36.1775354260551],[-86.7150777217279,36.1774759588939],[-86.7150885388609,36.1774168315343],[-86.7151026762067,36.1773581657775]]]},"properties":{"id":"263532","parcel":"08312008900","address":"2609 BRITTANY DR","owner":"COLLINS, JOSHUA DAVID WENDELL & COUGHLIN, SARAH E. G.","point":[-86.71547103914612,36.1775662249317]}},{"type":"Feature","id":"263565","geometry":{"type":"Polygon","coordinates":[[[-86.7160679635797,36.1752263511738],[-86.7166824810432,36.1745448575373],[-86.7168156649345,36.1753580877824],[-86.716752330067,36.1753661002664],[-86.7166898227595,36.1753776164176],[-86.7166284382334,36.175392584915],[-86.7165684637269,36.1754109319543],[-86.7165101841577,36.1754325729299],[-86.7164538742778,36.1754574052723],[-86.7164425476153,36.1754619301426],[-86.7164305178587,36.1754650405979],[-86.7164174501332,36.1754667061804],[-86.7164042217055,36.175466701775],[-86.7163911538446,36.1754650281788],[-86.7163785692808,36.1754617249348],[-86.7163667711102,36.1754568731603],[-86.7163560483121,36.1754505910084],[-86.7163466635049,36.1754430319382],[-86.7162951055351,36.175396293811],[-86.7162413758149,36.1753511908201],[-86.7161855527808,36.1753077918941],[-86.716127720345,36.1752661569172],[-86.7160679635797,36.1752263511738]]]},"properties":{"id":"263565","parcel":"08316003100","address":"2516 BRITTANY DR","owner":"SAUNDERS, EDWIN R. ET UX","point":[-86.71655682491803,36.17488603483311]}},{"type":"Feature","id":"263649","geometry":{"type":"Polygon","coordinates":[[[-86.7171828755466,36.175378620206],[-86.7173426635456,36.1747123498313],[-86.7178344053974,36.1748368893656],[-86.7176613659717,36.175453973476],[-86.7171828755466,36.175378620206]]]},"properties":{"id":"263649","parcel":"08316003300","address":"2512 BRITTANY DR","owner":"DENNETT, TINA & TROST, CHRISTINE A.","point":[-86.71750313470059,36.175107742246475]}},{"type":"Feature","id":"263652","geometry":{"type":"Polygon","coordinates":[[[-86.7192377982542,36.1735648903136],[-86.7194195938189,36.1732869038176],[-86.7199795807792,36.1735195552421],[-86.7198981757319,36.1736514899684],[-86.7198206203223,36.1737849410337],[-86.7192377982542,36.1735648903136]]]},"properties":{"id":"263652","parcel":"08316004700","address":"2661 BARCLAY DR","owner":"POUNDERS, ROBERT V., III & CHERYL D.","point":[-86.71960912320725,36.17354222436826]}},{"type":"Feature","id":"263655","geometry":{"type":"Polygon","coordinates":[[[-86.7195532405298,36.1730795287073],[-86.7196922266559,36.1728633315789],[-86.7199154933713,36.1729740794435],[-86.7202422565367,36.1731391512813],[-86.7202136845832,36.1731776650991],[-86.7202133233373,36.1731781575417],[-86.7201583337781,36.1732540997991],[-86.7201046636456,36.1733306614368],[-86.7195532405298,36.1730795287073]]]},"properties":{"id":"263655","parcel":"08316004900","address":"2665 BARCLAY DR","owner":"TAYLOR, LOIS J.","point":[-86.7199009151758,36.17310934789805]}},{"type":"Feature","id":"263657","geometry":{"type":"Polygon","coordinates":[[[-86.7194170664474,36.1752654023283],[-86.7194236182643,36.1752409922412],[-86.719458744334,36.1751135913148],[-86.7194953902134,36.1749864724219],[-86.71991865403,36.1750685710223],[-86.7199348411219,36.1752883221516],[-86.7198997834459,36.1753913301381],[-86.7194170664474,36.1752654023283]]]},"properties":{"id":"263657","parcel":"08316000300","address":"2638 BARCLAY DR","owner":"HART, JESSIKAH & JACKSON, CHRISTGEN","point":[-86.71968396377513,36.175177860458945]}},{"type":"Feature","id":"263659","geometry":{"type":"Polygon","coordinates":[[[-86.7196922266559,36.1728633315789],[-86.7198936079477,36.1725519510792],[-86.7201535310374,36.1727000607534],[-86.7199154933713,36.1729740794435],[-86.7196922266559,36.1728633315789]]]},"properties":{"id":"263659","parcel":"08316005100","address":"2696 FORTLAND DR","owner":"ERWIN, JAMES & ROBIN","point":[-86.71991379165931,36.17278167513165]}},{"type":"Feature","id":"264113","geometry":{"type":"Polygon","coordinates":[[[-86.7195596341647,36.1785670039137],[-86.7199373440475,36.1784018650181],[-86.7202501004485,36.1784921290158],[-86.7197732912349,36.1788118665074],[-86.7197149010161,36.1787535956934],[-86.7196597562243,36.1786932812688],[-86.7196079668896,36.1786310433513],[-86.7195596341647,36.1785670039137]]]},"properties":{"id":"264113","parcel":"08312002100","address":"2512 BARCLAY DR","owner":"WHIPPLE, KRISTOPHER LAWRENCE & ELIZABETH E","point":[-86.7198363660546,36.178599614940595]}},{"type":"Feature","id":"264123","geometry":{"type":"Polygon","coordinates":[[[-86.7191889903917,36.1774506134379],[-86.7199846680057,36.1773118147643],[-86.7199908270729,36.1773930907873],[-86.7199314979274,36.1774264110028],[-86.719634872321,36.1775973961534],[-86.7192369817679,36.1776613011959],[-86.7192094117108,36.1775353762205],[-86.7192055127111,36.1775164441105],[-86.7191939064715,36.1774695367853],[-86.7191889903917,36.1774506134379]]]},"properties":{"id":"264123","parcel":"08312003600","address":"2602 BARCLAY DR","owner":"LUCK, ETHAN J. & KALLE T.","point":[-86.71950660543422,36.177493709857856]}},{"type":"Feature","id":"264124","geometry":{"type":"Polygon","coordinates":[[[-86.7191550347209,36.1769575568587],[-86.7191551489282,36.176844933571],[-86.7191575410468,36.1767323264506],[-86.7191933393331,36.1767341563325],[-86.7199635166659,36.1767735179447],[-86.7199599532116,36.17697792021],[-86.7199601127302,36.1769955001781],[-86.7191736872829,36.1769584353181],[-86.7191550347209,36.1769575568587]]]},"properties":{"id":"264124","parcel":"08312003900","address":"2608 BARCLAY DR","owner":"CAUTHEN, ANDREW F. & KATHLEEN E.","point":[-86.71955817440765,36.176902190083155]}},{"type":"Feature","id":"264125","geometry":{"type":"Polygon","coordinates":[[[-86.7191987021585,36.1762161482892],[-86.7192053094252,36.1761715946799],[-86.7192062886368,36.1761715789318],[-86.7192053504242,36.1761713348721],[-86.7192122754132,36.1761288441606],[-86.7192244585048,36.176056804879],[-86.7192392223432,36.1759850836845],[-86.7192565552416,36.1759137410304],[-86.7192653887713,36.1758980965573],[-86.7192708410799,36.1758907097686],[-86.7192836740763,36.1758770062143],[-86.7193003492737,36.175863959315],[-86.7193193833498,36.1758532416388],[-86.7193402852334,36.175845128292],[-86.7193625176753,36.1758398279633],[-86.7193855105376,36.1758374774365],[-86.719408669645,36.1758381370321],[-86.7194156218897,36.1758383912119],[-86.7195086810152,36.1758489049588],[-86.7196021778154,36.1758564400567],[-86.7196959676606,36.1758609847491],[-86.719789905962,36.1758625317862],[-86.7197557077434,36.1762758923658],[-86.719251039034,36.1762217622517],[-86.7191987021585,36.1762161482892]]]},"properties":{"id":"264125","parcel":"08312004200","address":"2445 BRITTANY DR","owner":"ANDRUSCHENKO, MARIA & THORNHILL, JEFFREY","point":[-86.71950426750357,36.176021582847696]}},{"type":"Feature","id":"264142","geometry":{"type":"Polygon","coordinates":[[[-86.7183736260798,36.1784092449802],[-86.7192014829612,36.1782307018866],[-86.7192264217514,36.1782923465085],[-86.7192532689634,36.178353461528],[-86.7192872636497,36.1784235835206],[-86.7184559762236,36.1787028834087],[-86.7184548989492,36.1787032449174],[-86.7183958423478,36.1784896125551],[-86.7183736260798,36.1784092449802]]]},"properties":{"id":"264142","parcel":"08312006400","address":"2517 BARCLAY DR","owner":"PRICE, AARON","point":[-86.71878650537579,36.17845646957889]}},{"type":"Feature","id":"264143","geometry":{"type":"Polygon","coordinates":[[[-86.718244803424,36.1779529024327],[-86.7190974084273,36.1778137700326],[-86.7191427295232,36.1780288691678],[-86.7183064049948,36.1781701022667],[-86.718244803424,36.1779529024327]]]},"properties":{"id":"264143","parcel":"08312006600","address":"2601 BARCLAY DR","owner":"WILKES, STEPHEN","point":[-86.71869511439644,36.177990889808925]}},{"type":"Feature","id":"264144","geometry":{"type":"Polygon","coordinates":[[[-86.7183336846512,36.1766846585763],[-86.7183480914581,36.1762808011134],[-86.7190141226482,36.176336056769],[-86.7190086936068,36.1763964358195],[-86.71900451463,36.1764568795239],[-86.7189946370715,36.1765820641855],[-86.7189879055819,36.1767073869226],[-86.7183336846512,36.1766846585763]]]},"properties":{"id":"264144","parcel":"08312007200","address":"2613 BARCLAY DR","owner":"PLUMMER, JUDITH E.","point":[-86.71866960426954,36.176518696931396]}},{"type":"Feature","id":"264145","geometry":{"type":"Polygon","coordinates":[[[-86.7166884561524,36.1777735023867],[-86.7174418302878,36.1770236800334],[-86.717461222555,36.1770323547828],[-86.7174843582224,36.1770396058169],[-86.7175086339708,36.1770437308025],[-86.7175334140764,36.1770446226626],[-86.7175580457873,36.1770422582392],[-86.7175818826759,36.1770366990558],[-86.7176042990896,36.1770280912317],[-86.7176247056649,36.1770166599818],[-86.7176425682083,36.1770027077018],[-86.7179691751148,36.1774490847624],[-86.716735418217,36.1777618027699],[-86.7166884125142,36.1777737171461],[-86.7166884561524,36.1777735023867]]]},"properties":{"id":"264145","parcel":"08312007700","address":"2600 BRITTANY CT","owner":"SIMMONS, JONATHAN BARRETT & JAYME","point":[-86.71752009496538,36.17724630863127]}},{"type":"Feature","id":"264146","geometry":{"type":"Polygon","coordinates":[[[-86.7168377239623,36.1770302521582],[-86.7168796448646,36.1768215169974],[-86.7173775287138,36.176892698757],[-86.7173736287324,36.1769134428472],[-86.7173741830304,36.176934421832],[-86.7173791781755,36.1769550103153],[-86.7173884630198,36.1769745972382],[-86.7174017621532,36.1769925984161],[-86.7174186805444,36.1770084781423],[-86.7174387125719,36.1770217644552],[-86.7174418302878,36.1770236800334],[-86.7166884561524,36.1777735023867],[-86.7167147217287,36.1776427220789],[-86.7167208524776,36.1776121959947],[-86.7167631207604,36.1774017302284],[-86.7167722205334,36.1773564184344],[-86.7168377239623,36.1770302521582]]]},"properties":{"id":"264146","parcel":"08312007800","address":"2601 BRITTANY CT","owner":"NAIMO, MARSHALL A., JR.","point":[-86.71703762023434,36.17719388538876]}},{"type":"Feature","id":"264147","geometry":{"type":"Polygon","coordinates":[[[-86.7169991607816,36.1762264041423],[-86.7170386544267,36.1760297566006],[-86.7176189724192,36.1761127237429],[-86.7175454144711,36.1764480889405],[-86.7169711303321,36.1763659841579],[-86.7169991607816,36.1762264041423]]]},"properties":{"id":"264147","parcel":"08312008100","address":"2609 BRITTANY CT","owner":"SHEFFIELD, FREEMAN G. ETUX","point":[-86.71728178447509,36.176296895008015]}},{"type":"Feature","id":"264148","geometry":{"type":"Polygon","coordinates":[[[-86.7162466318841,36.1758202873246],[-86.7162946863653,36.1757626197198],[-86.7163222917054,36.1757316066042],[-86.7163522055459,36.175702033518],[-86.7163843121881,36.1756740138039],[-86.7164184903105,36.175647653628],[-86.7164546096429,36.1756230529004],[-86.71649810668,36.1755972024813],[-86.716543744394,36.1755739043311],[-86.7165912970608,36.1755532742478],[-86.7166402639223,36.1755354999609],[-86.7166906491849,36.1755205544059],[-86.716742202306,36.1755085129723],[-86.7167946714771,36.1754994339334],[-86.716847796979,36.1754933611898],[-86.7169013167559,36.1754903260387],[-86.7169549674939,36.1754903435625],[-86.7169947128468,36.1754923281983],[-86.7170342777134,36.175495990241],[-86.7170735530565,36.1755013186219],[-86.7171425946133,36.175512192265],[-86.7170386544267,36.1760297566006],[-86.7169991607816,36.1762264041423],[-86.7162466318841,36.1758202873246]]]},"properties":{"id":"264148","parcel":"08312008300","address":"2513 BRITTANY DR","owner":"KNOX, ANTHONY D.","point":[-86.71674965167237,36.17592527583188]}},{"type":"Feature","id":"264762","geometry":{"type":"Polygon","coordinates":[[[-86.7157590601944,36.1750632783933],[-86.7160102959772,36.1745488466449],[-86.7160929302717,36.1743945190634],[-86.7166824810432,36.1745448575373],[-86.7160679635797,36.1752263511738],[-86.7160087904184,36.175189864893],[-86.7159480005066,36.1751551708692],[-86.7158856754014,36.1751223145807],[-86.7158219000018,36.1750913423872],[-86.7157590601944,36.1750632783933]]]},"properties":{"id":"264762","parcel":"08316003000","address":"2608 LONGFIELD AVE","owner":"ALLEN, BEN ANDERSON","point":[-86.71616521376042,36.17480672798819]}},{"type":"Feature","id":"264783","geometry":{"type":"Polygon","coordinates":[[[-86.7180191518781,36.1748841387913],[-86.7182067397596,36.1743467977248],[-86.7184756481242,36.1744089293149],[-86.7182826806157,36.1749506982691],[-86.7180191518781,36.1748841387913]]]},"properties":{"id":"264783","parcel":"08316004100","address":"2507 LAZENBY DR","owner":"LAX, CARYN L.","point":[-86.71824655908163,36.17464653229786]}},{"type":"Feature","id":"264784","geometry":{"type":"Polygon","coordinates":[[[-86.7187622759525,36.1743325028309],[-86.7189312429179,36.1738348296258],[-86.7190480087396,36.1738583077818],[-86.7191745399542,36.1740619351338],[-86.7190529275371,36.1744010964004],[-86.7187622759525,36.1743325028309]]]},"properties":{"id":"264784","parcel":"08316004300","address":"2502 LAZENBY DR","owner":"SHELTON, NANCY K.","point":[-86.71896711674663,36.174197216131226]}},{"type":"Feature","id":"264785","geometry":{"type":"Polygon","coordinates":[[[-86.7194195938189,36.1732869038176],[-86.7195532405298,36.1730795287073],[-86.7201046636456,36.1733306614368],[-86.720041126254,36.1734246753834],[-86.7199795807792,36.1735195552421],[-86.7194195938189,36.1732869038176]]]},"properties":{"id":"264785","parcel":"08316004800","address":"2663 BARCLAY DR","owner":"SNORTON, MARVIN, JR.","point":[-86.71976437893188,36.173308788383885]}},{"type":"Feature","id":"264787","geometry":{"type":"Polygon","coordinates":[[[-86.7172774550801,36.1746951564064],[-86.7174719465677,36.1740215216732],[-86.7181398993999,36.1741494079121],[-86.7182930655269,36.1737023751226],[-86.7186270802427,36.1737707116632],[-86.7184716447735,36.1742661066213],[-86.7182543334409,36.1742146562067],[-86.7182067397596,36.1743467977248],[-86.7180191518781,36.1748841387913],[-86.7178344053974,36.1748368893656],[-86.7173426635456,36.1747123498313],[-86.7172774550801,36.1746951564064]]]},"properties":{"id":"264787","parcel":"08316005900","address":"0 LAZENBY DR","owner":"SHELTON, NANCY K.","point":[-86.71780584923904,36.17430519634963]}},{"type":"Feature","id":"264827","geometry":{"type":"Polygon","coordinates":[[[-86.7154327537528,36.1757302046139],[-86.7156955545986,36.1751914872754],[-86.7157375405457,36.1752104496352],[-86.7158136020055,36.1752478633395],[-86.7158873555012,36.1752882008594],[-86.7159586301137,36.1753313685803],[-86.7160272604156,36.1753772656453],[-86.7160930876147,36.175425787553],[-86.7161559595061,36.1754768207508],[-86.7162157294004,36.1755302471469],[-86.7162236182527,36.1755389479898],[-86.7162297276732,36.1755485426275],[-86.7162339065714,36.1755587949246],[-86.7162360503961,36.1755694522471],[-86.7162361089654,36.175580250823],[-86.7162340776312,36.1755909221038],[-86.7162300096118,36.1756012044074],[-86.7162240026461,36.1756108420968],[-86.7162162068791,36.1756195972486],[-86.7162111187124,36.1756244978592],[-86.7161817614647,36.1756545290549],[-86.7161543155993,36.1756857250501],[-86.7159014381874,36.1759891839227],[-86.7154327537528,36.1757302046139]]]},"properties":{"id":"264827","parcel":"08316002900","address":"2518 BRITTANY DR","owner":"STELLATO, DAVID & RILEY D.","point":[-86.7158655420593,36.17559519402355]}},{"type":"Feature","id":"265378","geometry":{"type":"Polygon","coordinates":[[[-86.7176613659717,36.175453973476],[-86.7178344053974,36.1748368893656],[-86.7180191518781,36.1748841387913],[-86.7182826806157,36.1749506982691],[-86.7183125722868,36.1749593104064],[-86.7181544660596,36.1755316262798],[-86.7177208060801,36.1754633338735],[-86.7176613659717,36.175453973476]]]},"properties":{"id":"265378","parcel":"08316003400","address":"2508 BRITTANY DR","owner":"KERNO, KEVIN & KAREN FAMILY TRUST","point":[-86.71798748448073,36.175206643605094]}},{"type":"Feature","id":"265382","geometry":{"type":"Polygon","coordinates":[[[-86.7188969581416,36.1748371585894],[-86.7190053151887,36.1745310437707],[-86.7193507380591,36.1746126175068],[-86.7193644166104,36.1746169197311],[-86.7193769736453,36.1746230726211],[-86.7193880328537,36.1746308891546],[-86.7193972619706,36.1746401360827],[-86.7194043861309,36.1746505356526],[-86.7194091879602,36.1746617755208],[-86.7194115265683,36.1746735194549],[-86.7194113298263,36.1746854136889],[-86.7194086056211,36.174697102177],[-86.7193419626008,36.174914092569],[-86.7188969581416,36.1748371585894]]]},"properties":{"id":"265382","parcel":"08316003800","address":"2653 BARCLAY DR","owner":"SHANNON, KATHY C.","point":[-86.71915443385937,36.17476713453252]}},{"type":"Feature","id":"265385","geometry":{"type":"Polygon","coordinates":[[[-86.7184716447735,36.1742661066213],[-86.7186270802427,36.1737707116632],[-86.7189312429179,36.1738348296258],[-86.7187622759525,36.1743325028309],[-86.7184716447735,36.1742661066213]]]},"properties":{"id":"265385","parcel":"08316004200","address":"2506 LAZENBY DR","owner":"PUNCOCHAR, MICAH J. & BEA DAVID","point":[-86.71869866469562,36.17405046181962]}},{"type":"Feature","id":"265389","geometry":{"type":"Polygon","coordinates":[[[-86.7191745399542,36.1740619351338],[-86.7190480087396,36.1738583077818],[-86.7190988096693,36.1737810877789],[-86.719713572472,36.1739839454988],[-86.7196628088487,36.1740854500621],[-86.7196142402301,36.1741876571173],[-86.7191745399542,36.1740619351338]]]},"properties":{"id":"265389","parcel":"08316004500","address":"2657 BARCLAY DR","owner":"ELYASKI, SHADY A","point":[-86.71942182935739,36.17402288853376]}},{"type":"Feature","id":"265443","geometry":{"type":"Polygon","coordinates":[[[-86.7197202116371,36.1757244981308],[-86.7197019196644,36.1757238798747],[-86.7196107581321,36.1757240205036],[-86.7195196412856,36.1757217336977],[-86.7194286647531,36.1757170215911],[-86.7194016705774,36.1757152618828],[-86.7193876825575,36.1757133850016],[-86.7193742756756,36.1757096417462],[-86.7193618266328,36.1757041389246],[-86.719350684749,36.1756970285712],[-86.7193411608802,36.1756885116179],[-86.7193335239769,36.1756788261983],[-86.7193279854818,36.1756682432338],[-86.7193247037185,36.175657060099],[-86.719323768224,36.1756455889988],[-86.7193252052651,36.1756341524284],[-86.7193317682613,36.175605941659],[-86.7193730636904,36.1754354498003],[-86.7194170664474,36.1752654023283],[-86.7198997834459,36.1753913301381],[-86.7199071621324,36.1757244287771],[-86.7198136875668,36.1757258252935],[-86.7197202116371,36.1757244981308]]]},"properties":{"id":"265443","parcel":"08316000200","address":"2440 BRITTANY DR","owner":"HASKINS, SONYA R.","point":[-86.71962754681812,36.17552134035153]}},{"type":"Feature","id":"265493","geometry":{"type":"Polygon","coordinates":[[[-86.7171698309159,36.1753765653221],[-86.7171058557053,36.1753664898571],[-86.7170527325782,36.1753594060742],[-86.7169991940202,36.1753548167257],[-86.7169454180318,36.1753527378779],[-86.7169020803927,36.1753528916262],[-86.7168587986186,36.1753546763119],[-86.7168156649345,36.1753580877824],[-86.7166824810432,36.1745448575373],[-86.7172774550801,36.1746951564064],[-86.7173426635456,36.1747123498313],[-86.7171828755466,36.175378620206],[-86.7171698309159,36.1753765653221]]]},"properties":{"id":"265493","parcel":"08316003200","address":"2514 BRITTANY DR","owner":"FLORA, LINDA TRUST","point":[-86.71701400323853,36.17503223674032]}},{"type":"Feature","id":"265495","geometry":{"type":"Polygon","coordinates":[[[-86.7187581422243,36.1750731336471],[-86.7185462274695,36.175019454343],[-86.7188969581416,36.1748371585894],[-86.7193419626008,36.174914092569],[-86.7193005460925,36.1750569812958],[-86.7192609789643,36.1752002140796],[-86.7187581422243,36.1750731336471]]]},"properties":{"id":"265495","parcel":"08316003700","address":"2651 BARCLAY DR","owner":"HINSON, ELIOT C. ET UX","point":[-86.71898767472108,36.17496687641332]}},{"type":"Feature","id":"265497","geometry":{"type":"Polygon","coordinates":[[[-86.7185462274695,36.175019454343],[-86.7187364225467,36.1744711087399],[-86.7190053151887,36.1745310437707],[-86.7188969581416,36.1748371585894],[-86.7185462274695,36.175019454343]]]},"properties":{"id":"265497","parcel":"08316003900","address":"2503 LAZENBY DR","owner":"CHILDRESS, JEFFERY L. & CAROTHERS, T.E.","point":[-86.7188069587866,36.174683762659456]}},{"type":"Feature","id":"265499","geometry":{"type":"Polygon","coordinates":[[[-86.7182826806157,36.1749506982691],[-86.7184756481242,36.1744089293149],[-86.7187364225467,36.1744711087399],[-86.7185462274695,36.175019454343],[-86.7183125722868,36.1749593104064],[-86.7182826806157,36.1749506982691]]]},"properties":{"id":"265499","parcel":"08316004000","address":"2505 LAZENBY DR","owner":"SHELTON, NANCY K.","point":[-86.71851067090402,36.17471090635734]}},{"type":"Feature","id":"265501","geometry":{"type":"Polygon","coordinates":[[[-86.7190988096693,36.1737810877789],[-86.7192377982542,36.1735648903136],[-86.7198206203223,36.1737849410337],[-86.7197660336935,36.1738840674812],[-86.719713572472,36.1739839454988],[-86.7190988096693,36.1737810877789]]]},"properties":{"id":"265501","parcel":"08316004600","address":"2659 BARCLAY DR","owner":"WALLACE, LAURA EVE & JOHNSON, EVAN","point":[-86.71934731601496,36.17367340882357]}},{"type":"Feature","id":"266001","geometry":{"type":"Polygon","coordinates":[[[-86.7130212148647,36.1799143972702],[-86.7130091514703,36.1799097720525],[-86.7129994980316,36.1799041358049],[-86.7129994589058,36.1799041117019],[-86.7129994353833,36.1799040920131],[-86.7129993984485,36.1799040642922],[-86.7129920481916,36.1798979061293],[-86.712985870283,36.1798909515371],[-86.7129809961117,36.1798833475467],[-86.7129775282693,36.1798752530754],[-86.7129763422958,36.1798710692168],[-86.7129763283974,36.1798710071119],[-86.7129753192515,36.1798613876056],[-86.7129753244372,36.179861346117],[-86.7129763621207,36.1798517496708],[-86.7129794318131,36.1798423827611],[-86.712984434321,36.1798335884526],[-86.7129921773553,36.1798209827476],[-86.7130414889932,36.179742231314],[-86.7130415745502,36.1797421028296],[-86.7130930915599,36.1796644514033],[-86.7130932166737,36.1796642713133],[-86.7131711371197,36.1795540779656],[-86.7136706730261,36.179764518218],[-86.7136491309794,36.179908782435],[-86.7136229666696,36.1799074734622],[-86.7135968759399,36.1799095248507],[-86.7135715108774,36.179914884078],[-86.7135475039504,36.1799234185258],[-86.7135254557649,36.1799349137496],[-86.7135059195825,36.1799490825832],[-86.7134893824804,36.1799655715586],[-86.7134755574202,36.1799801527558],[-86.7134588505062,36.1799925942664],[-86.713439756444,36.180002525451],[-86.7134188439884,36.1800096509386],[-86.713396732697,36.1800137615795],[-86.7133740795733,36.1800147327216],[-86.7133515558361,36.1800125369653],[-86.7132907083419,36.1800011485809],[-86.71323074548,36.1799870069948],[-86.7131718555598,36.1799701597638],[-86.7131142269142,36.1799506571489],[-86.7130580391039,36.1799285629819],[-86.7130212148647,36.1799143972702]]]},"properties":{"id":"266001","parcel":"08312015800","address":"2601 EASTLAND AVE","owner":"LEWIS, GEORGE E. ET UX","point":[-86.71333833721775,36.179792767514506]}},{"type":"Feature","id":"266003","geometry":{"type":"Polygon","coordinates":[[[-86.7136491309794,36.179908782435],[-86.7136706730261,36.179764518218],[-86.7141578354532,36.1794808456594],[-86.7141868577262,36.179463130011],[-86.7143427672466,36.1794805553806],[-86.7143416818037,36.1794880386657],[-86.714280049741,36.179868594924],[-86.7142594532108,36.1799895876059],[-86.7137854518133,36.1800319485058],[-86.7137817359855,36.1800106331246],[-86.7137738414926,36.1799900796825],[-86.7137619743589,36.1799708223093],[-86.7137464425862,36.1799533620865],[-86.713727650474,36.1799381535616],[-86.7137060862773,36.1799255922037],[-86.7136823121134,36.1799160045496],[-86.7136569461023,36.1799096401982],[-86.7136491309794,36.179908782435]]]},"properties":{"id":"266003","parcel":"08312015900","address":"701 EASTLAND CT","owner":"LEONARD, JOESPH F., JR.","point":[-86.71411382561699,36.17962653602374]}},{"type":"Feature","id":"266006","geometry":{"type":"Polygon","coordinates":[[[-86.7139633709261,36.1777786283683],[-86.7144643104969,36.1779750947399],[-86.7146369590037,36.1783747826111],[-86.7146163379504,36.1783810008197],[-86.7144891550663,36.1784262994086],[-86.7143637794942,36.178474794756],[-86.7139633709261,36.1777786283683]]]},"properties":{"id":"266006","parcel":"08312016900","address":"2504 EASTLAND AVE","owner":"BURTON, LARRY D.","point":[-86.71437072673119,36.17817450962287]}},{"type":"Feature","id":"266007","geometry":{"type":"Polygon","coordinates":[[[-86.7139633709261,36.1777786283683],[-86.7138902715719,36.1777455346698],[-86.7139284698809,36.1776533043817],[-86.714896158865,36.1776654322225],[-86.7148987763872,36.1777211507363],[-86.7149040419028,36.1777767472181],[-86.714911949088,36.177832136085],[-86.7149224849978,36.1778872372013],[-86.7149285317555,36.1779138093332],[-86.7149289278637,36.1779154526907],[-86.7144643104969,36.1779750947399],[-86.7139633709261,36.1777786283683]]]},"properties":{"id":"266007","parcel":"08312017100","address":"2616 BRITTANY DR","owner":"REID, CAROL J.","point":[-86.71446869597227,36.17780545718932]}},{"type":"Feature","id":"266008","geometry":{"type":"Polygon","coordinates":[[[-86.7142831774135,36.1767862255681],[-86.7143192857736,36.1766974250783],[-86.7144805918302,36.1767550218018],[-86.7150949964054,36.1769743873418],[-86.7151007718907,36.1769769055011],[-86.7151001782443,36.1769777661178],[-86.7150981834039,36.1769806664792],[-86.7150974899753,36.1769816800003],[-86.7150681128853,36.1770263871723],[-86.7150406873197,36.1770719020235],[-86.7150152472286,36.1771181675746],[-86.7149893644397,36.1771762503814],[-86.71498874316,36.1771777456494],[-86.714976377288,36.1772087276629],[-86.714976236086,36.1772090953128],[-86.7149724011108,36.1772081338494],[-86.7147738088012,36.177158666242],[-86.7144150077034,36.1770653737072],[-86.7141931295948,36.1770076702368],[-86.7142831774135,36.1767862255681]]]},"properties":{"id":"266008","parcel":"08312017400","address":"2604 BRITTANY DR","owner":"COLEMAN-ROBINSON, JACQUELYN F & KEATON, MARQUENTA N","point":[-86.71453890000517,36.17687994913944]}},{"type":"Feature","id":"266009","geometry":{"type":"Polygon","coordinates":[[[-86.7144289117789,36.1764617290299],[-86.7145757214109,36.1762419480432],[-86.715428363067,36.1765568735376],[-86.7152527695774,36.1767675827684],[-86.7144289117789,36.1764617290299]]]},"properties":{"id":"266009","parcel":"08312017600","address":"2600 BRITTANY DR","owner":"JONES, WILLIAM D III & LAUREN M","point":[-86.71492831288319,36.1765093015535]}},{"type":"Feature","id":"266427","geometry":{"type":"Polygon","coordinates":[[[-86.7137726909533,36.1789500970153],[-86.7138428994163,36.178901834805],[-86.713914816024,36.1788552559205],[-86.7139804553696,36.1788156457199],[-86.71404802762,36.1787782330406],[-86.7141174221764,36.1787430807209],[-86.7141885228336,36.1787102462245],[-86.7142612122434,36.1786797834174],[-86.7142828207212,36.1786708655579],[-86.714306154572,36.1786657822656],[-86.7143302036089,36.1786648162045],[-86.7143542872676,36.1786676956157],[-86.7143770480347,36.1786741554506],[-86.7143974678766,36.1786844712119],[-86.7144152128642,36.1786981014166],[-86.7144289091381,36.1787139537565],[-86.7144385622469,36.1787320272991],[-86.7144434764052,36.178751224822],[-86.7144515509283,36.1788326294216],[-86.7144639922037,36.1789136711024],[-86.7144807766327,36.1789941967881],[-86.7145018739461,36.179074053442],[-86.714527241647,36.179153088099],[-86.7141024000222,36.1792566496351],[-86.7137726909533,36.1789500970153]]]},"properties":{"id":"266427","parcel":"08312015500","address":"801 MITCHELL RD","owner":"CHRISTMON, CONNIE & HAYES, GERALD","point":[-86.71413595525671,36.178972169444094]}},{"type":"Feature","id":"266433","geometry":{"type":"Polygon","coordinates":[[[-86.7131711371197,36.1795540779656],[-86.7132295416749,36.1794777638129],[-86.713290495973,36.1794027711338],[-86.713309409786,36.1793817077578],[-86.71332299746,36.179366573704],[-86.7139985089219,36.1794420785718],[-86.7141868577262,36.179463130011],[-86.7141578354532,36.1794808456594],[-86.7136706730261,36.179764518218],[-86.7131711371197,36.1795540779656]]]},"properties":{"id":"266433","parcel":"08312015700","address":"2507 EASTLAND AVE","owner":"YOUNG, JACOB & MARTIN, APRIL","point":[-86.71363525793743,36.17965981126946]}},{"type":"Feature","id":"266441","geometry":{"type":"Polygon","coordinates":[[[-86.7138902508001,36.1777455735469],[-86.7138902715719,36.1777455346698],[-86.7139633709261,36.1777786283683],[-86.7143637794942,36.178474794756],[-86.7143019482442,36.1785008384826],[-86.714241116551,36.178528386777],[-86.7141813408692,36.17855741317],[-86.714136238607,36.1785766136973],[-86.714096821372,36.1785942033702],[-86.7137051171211,36.1780572664002],[-86.7137078318139,36.1780526944735],[-86.7138902508001,36.1777455735469]]]},"properties":{"id":"266441","parcel":"08312016800","address":"2506 EASTLAND AVE","owner":"BRINKLEY, GREGORY","point":[-86.71405054894699,36.17826606948974]}},{"type":"Feature","id":"266446","geometry":{"type":"Polygon","coordinates":[[[-86.7139475725591,36.177604990133],[-86.7140512520626,36.1773524517439],[-86.7145354100746,36.1774115593802],[-86.7147822602658,36.1774416943737],[-86.7149099006127,36.1774571071356],[-86.7149097188707,36.1774582807533],[-86.7149022450333,36.1775158795834],[-86.7148976232339,36.1775736733179],[-86.7148958615676,36.1776315726844],[-86.7148961033086,36.1776629676011],[-86.714896158865,36.1776654322225],[-86.7139284698809,36.1776533043817],[-86.7139475725591,36.177604990133]]]},"properties":{"id":"266446","parcel":"08312017200","address":"2612 BRITTANY DR","owner":"BROOKS, ANDREW E., JR. ET UX","point":[-86.71445142632587,36.177485996874125]}},{"type":"Feature","id":"266717","geometry":{"type":"Polygon","coordinates":[[[-86.7191550347209,36.1769575568587],[-86.7191736872829,36.1769584353181],[-86.7199601127302,36.1769955001781],[-86.719972370958,36.1771514598633],[-86.7191622858917,36.1771958460882],[-86.7191622823058,36.1771954504556],[-86.7191573881217,36.1770765292528],[-86.7191550347209,36.1769575568587]]]},"properties":{"id":"266717","parcel":"08312003800","address":"2606 BARCLAY DR","owner":"SULLIVAN, JULIA","point":[-86.71956419578366,36.17711399364964]}},{"type":"Feature","id":"266723","geometry":{"type":"Polygon","coordinates":[[[-86.7197557077434,36.1762758923658],[-86.719789905962,36.1758625317862],[-86.7198666249373,36.1758629647364],[-86.7199433063383,36.1758609716638],[-86.7200198334509,36.1758565541656],[-86.7200960895937,36.1758497174446],[-86.7201463561384,36.1763109224586],[-86.7199657507925,36.1764218825873],[-86.7197557077434,36.1762758923658]]]},"properties":{"id":"266723","parcel":"08312004300","address":"2441 BRITTANY DR","owner":"HASKELL, MATTHEW B.","point":[-86.71994645546036,36.176069745106766]}},{"type":"Feature","id":"266878","geometry":{"type":"Polygon","coordinates":[[[-86.7181844573911,36.177739893164],[-86.7190493376746,36.1775942926954],[-86.7190974084273,36.1778137700326],[-86.718244803424,36.1779529024327],[-86.7182334447248,36.1779136362505],[-86.7181832441891,36.177740096857],[-86.7181844573911,36.177739893164]]]},"properties":{"id":"266878","parcel":"08312006700","address":"2603 BARCLAY DR","owner":"GONA, RAMAKANTH","point":[-86.71864158395758,36.177776937272625]}},{"type":"Feature","id":"266882","geometry":{"type":"Polygon","coordinates":[[[-86.7180935812074,36.1774175774837],[-86.7183095346043,36.1773643673269],[-86.7183619781529,36.1774294499062],[-86.719000660547,36.1774279690583],[-86.7190148716676,36.1774279357836],[-86.7190151701426,36.177429713998],[-86.7190292726754,36.1775023402019],[-86.7190464483585,36.1775745308129],[-86.7190493376746,36.1775942926954],[-86.7181844573911,36.177739893164],[-86.7181832441891,36.177740096857],[-86.7180935812074,36.1774175774837]]]},"properties":{"id":"266882","parcel":"08312006800","address":"2605 BARCLAY DR","owner":"LUBOFF, PETER & PAT","point":[-86.7185822228049,36.177537365357296]}},{"type":"Feature","id":"266888","geometry":{"type":"Polygon","coordinates":[[[-86.7183255626536,36.1769131362741],[-86.7189837449192,36.1769365738058],[-86.7189855579112,36.1770491793014],[-86.7189899106212,36.1771617390235],[-86.7183164222082,36.177170455893],[-86.7183255626536,36.1769131362741]]]},"properties":{"id":"266888","parcel":"08312007000","address":"2609 BARCLAY DR","owner":"HOWSE, CHARLES E","point":[-86.71865371839856,36.176992099325616]}},{"type":"Feature","id":"266894","geometry":{"type":"Polygon","coordinates":[[[-86.7178032276712,36.1760554705668],[-86.7178777624272,36.1757161761639],[-86.7178880171494,36.175669477559],[-86.7178998485349,36.1756604171034],[-86.7179133437169,36.1756530420256],[-86.7179281421012,36.175647550945],[-86.7179438470503,36.175644090422],[-86.7179600380952,36.1756427530835],[-86.7179762820256,36.1756435748526],[-86.7179809489062,36.175644216732],[-86.7182590516577,36.1756855056034],[-86.7184581663521,36.1757170788285],[-86.7184576349311,36.1757192819727],[-86.7183746275579,36.1760633687113],[-86.7183554104514,36.17614303118],[-86.7178032276712,36.1760554705668]]]},"properties":{"id":"266894","parcel":"08312007400","address":"2505 BRITTANY DR","owner":"RIDER, EMMA LOUISE HOLLIS","point":[-86.71812861264392,36.17588737243896]}},{"type":"Feature","id":"266899","geometry":{"type":"Polygon","coordinates":[[[-86.7151026762067,36.1773581657775],[-86.7151171885397,36.1773090394538],[-86.7151366233233,36.1772535066379],[-86.715159060722,36.1771987212001],[-86.7151844583611,36.1771447924425],[-86.715212763821,36.1770918252201],[-86.7152439257704,36.1770399216776],[-86.7152778806344,36.1769891822297],[-86.7152863367906,36.1769773255932],[-86.7161824353665,36.1773798666758],[-86.7161081225841,36.177424981289],[-86.7159519034967,36.1775198203032],[-86.7151026762067,36.1773581657775]]]},"properties":{"id":"266899","parcel":"08312008800","address":"2605 BRITTANY DR","owner":"SETTLES, ROBERT L.& HELEN D.","point":[-86.71549584334804,36.17722694140252]}},{"type":"Feature","id":"267134","geometry":{"type":"Polygon","coordinates":[[[-86.7179691751148,36.1774490847624],[-86.7180935812074,36.1774175774837],[-86.7181832441891,36.177740096857],[-86.7182334447248,36.1779136362505],[-86.718244803424,36.1779529024327],[-86.7183064049948,36.1781701022667],[-86.7183736260798,36.1784092449802],[-86.7183958423478,36.1784896125551],[-86.7184548989492,36.1787032449174],[-86.718502471234,36.1788677853854],[-86.7175421453076,36.179086668352],[-86.7175202733651,36.1790284407812],[-86.7174963707345,36.1789707398959],[-86.7174780416401,36.1789320441253],[-86.7174584012932,36.178893773429],[-86.7174374149268,36.1788561398093],[-86.7174150348931,36.1788190372001],[-86.717374476302,36.1787582772543],[-86.7173302557469,36.1786992199078],[-86.7172920858236,36.1786535355601],[-86.7172518455782,36.1786090333386],[-86.7172202034658,36.1785765055506],[-86.7171872253577,36.1785448617178],[-86.7171530624411,36.1785138557978],[-86.717117804155,36.1784836666093],[-86.7170662173324,36.1784429845834],[-86.717012548081,36.1784041120199],[-86.7169568926667,36.1783671222479],[-86.716892650528,36.1783282601529],[-86.716826207828,36.178291912092],[-86.7167577120367,36.1782581592007],[-86.7166873205868,36.1782270780494],[-86.7166151897334,36.1781987380056],[-86.7165464906757,36.1781742169222],[-86.7165421217891,36.1781727359462],[-86.7166840094129,36.1777956448475],[-86.7166884125142,36.1777737171461],[-86.716735418217,36.1777618027699],[-86.7179691751148,36.1774490847624]]]},"properties":{"id":"267134","parcel":"08312009500","address":"2442 EASTLAND AVE","owner":"VALLEY VIEW BAPTIST CHURCH TRS.","point":[-86.71752518481665,36.1782445151674]}},{"type":"Feature","id":"267137","geometry":{"type":"Polygon","coordinates":[[[-86.7177339894574,36.1796173567774],[-86.7186537586851,36.1794097019826],[-86.7187013517002,36.1795764385961],[-86.7187778452993,36.1796419149297],[-86.718802420243,36.1796615449787],[-86.7178285126485,36.17987831372],[-86.7177339894574,36.1796173567774]]]},"properties":{"id":"267137","parcel":"08312009800","address":"2436 EASTLAND AVE","owner":"2436 EASTLAND LLC","point":[-86.7182678411654,36.179650502000506]}},{"type":"Feature","id":"267235","geometry":{"type":"Polygon","coordinates":[[[-86.7154731015641,36.1793033300289],[-86.715517911819,36.1788613382584],[-86.7158922089651,36.1788854908982],[-86.7157038612345,36.1793415193661],[-86.7156278420885,36.1793253724216],[-86.7155508442687,36.1793126298865],[-86.7154731015641,36.1793033300289]]]},"properties":{"id":"267235","parcel":"08312012100","address":"804 POTTER LN","owner":"CHAIRES FAMILY TRUST","point":[-86.71565006437397,36.179094333248834]}},{"type":"Feature","id":"267238","geometry":{"type":"Polygon","coordinates":[[[-86.7163619350831,36.1798716420535],[-86.7168893122145,36.1797366531919],[-86.7169696674803,36.1799295685893],[-86.7169973516394,36.179993135042],[-86.7164208018734,36.1800866616688],[-86.716392624309,36.1799681562379],[-86.7163785856853,36.1799196264259],[-86.7163619350831,36.1798716420535]]]},"properties":{"id":"267238","parcel":"08312012600","address":"814 POTTER LN","owner":"DERDZINSKI, ANDREA & YOUNG, TYLER","point":[-86.71666318531955,36.17989632785823]}},{"type":"Feature","id":"267249","geometry":{"type":"Polygon","coordinates":[[[-86.7154878376959,36.1798984724979],[-86.715712213202,36.1794902554552],[-86.7157661822743,36.1795103499326],[-86.7158183632337,36.1795333408275],[-86.7158685172531,36.1795591250119],[-86.715916420945,36.1795875857482],[-86.7159618530304,36.1796185936683],[-86.7160046121407,36.1796520084714],[-86.7160445012472,36.1796876781147],[-86.7160813410409,36.1797254432399],[-86.715626553135,36.1799885388231],[-86.7154878376959,36.1798984724979]]]},"properties":{"id":"267249","parcel":"08312013800","address":"805 POTTER LN","owner":"BLACKBURN, AMY & NATALIE","point":[-86.71573345264692,36.17981183682759]}},{"type":"Feature","id":"267253","geometry":{"type":"Polygon","coordinates":[[[-86.7150645511602,36.1799033959616],[-86.7153454435717,36.1798060169389],[-86.7154878376959,36.1798984724979],[-86.715626553135,36.1799885388231],[-86.7156331588452,36.1800139323489],[-86.7151867108741,36.180155401196],[-86.7150645511602,36.1799033959616]]]},"properties":{"id":"267253","parcel":"08312014100","address":"900 MITCHELL RD","owner":"CHEATHMAN, BRENT & ECKERT, JACOB","point":[-86.71532333300605,36.179945914889714]}},{"type":"Feature","id":"267324","geometry":{"type":"Polygon","coordinates":[[[-86.7136880532671,36.1790122509125],[-86.7137726909533,36.1789500970153],[-86.7141024000222,36.1792566496351],[-86.7139985089219,36.1794420785718],[-86.71332299746,36.179366573704],[-86.7133041844282,36.1793644704727],[-86.7133087594066,36.1793587033075],[-86.7133782856387,36.1792850613897],[-86.7133783880878,36.1792849571393],[-86.713451058864,36.1792135100915],[-86.7135269910577,36.1791441508688],[-86.7135270936361,36.1791440610376],[-86.7136059751443,36.1790770681658],[-86.713687913048,36.1790123580903],[-86.7136880532671,36.1790122509125]]]},"properties":{"id":"267324","parcel":"08312015600","address":"2505 EASTLAND AVE","owner":"HUTTON, DAISY BLACKWELL","point":[-86.71375454640003,36.179179465631364]}},{"type":"Feature","id":"267329","geometry":{"type":"Polygon","coordinates":[[[-86.7146582925147,36.1758161050277],[-86.7154327537528,36.1757302046139],[-86.7159014381874,36.1759891839227],[-86.7158210808475,36.1760856124361],[-86.7156199403314,36.1763269823513],[-86.7146582925147,36.1758161050277]]]},"properties":{"id":"267329","parcel":"08312017700","address":"2528 BRITTANY DR","owner":"ELLEN M. GENNARO FAMILY TRUST, THE","point":[-86.71546628254839,36.176036460144395]}},{"type":"Feature","id":"267493","geometry":{"type":"Polygon","coordinates":[[[-86.7175421453076,36.179086668352],[-86.718502471234,36.1788677853854],[-86.7185416733949,36.1790060029372],[-86.7185781246507,36.1791398422962],[-86.7176394204639,36.1793520045666],[-86.7175421453076,36.179086668352]]]},"properties":{"id":"267493","parcel":"08312009600","address":"2440 EASTLAND AVE","owner":"ROSS, VAIL S.","point":[-86.7180613323104,36.17911325926411]}},{"type":"Feature","id":"267496","geometry":{"type":"Polygon","coordinates":[[[-86.7176394204639,36.1793520045666],[-86.7185781246507,36.1791398422962],[-86.718631317853,36.1793263228922],[-86.7186537586851,36.1794097019826],[-86.7177339894574,36.1796173567774],[-86.7176394204639,36.1793520045666]]]},"properties":{"id":"267496","parcel":"08312009700","address":"2438 EASTLAND AVE","owner":"YOUNG, JACOB PAUL & JEFFREY WILLIAM ETAL","point":[-86.71814779774371,36.17938085719293]}},{"type":"Feature","id":"267509","geometry":{"type":"Polygon","coordinates":[[[-86.7167486293117,36.1794671787027],[-86.7165293214009,36.1791959734802],[-86.7165101288264,36.1791719128677],[-86.7172582959954,36.1788729862135],[-86.7172901492249,36.1789255315542],[-86.7173187584561,36.1789792885315],[-86.7173440558135,36.1790341277693],[-86.7173659778017,36.1790899126554],[-86.7174660420018,36.1793640233348],[-86.7167815337938,36.179508738762],[-86.7167486293117,36.1794671787027]]]},"properties":{"id":"267509","parcel":"08312011400","address":"2445 EASTLAND AVE","owner":"CHARETTE, MATTHEW D. & VAHLE, DEBORAH","point":[-86.7169603946589,36.179184985807424]}},{"type":"Feature","id":"267562","geometry":{"type":"Polygon","coordinates":[[[-86.7157038612345,36.1793415193661],[-86.7158922089651,36.1788854908982],[-86.7162268594919,36.1790219566757],[-86.7159160014983,36.1794193759451],[-86.7158648800581,36.1793966356683],[-86.7158123895385,36.1793760439836],[-86.7157586705132,36.1793576568352],[-86.7157038612345,36.1793415193661]]]},"properties":{"id":"267562","parcel":"08312012200","address":"806 POTTER LN","owner":"MAISON MANAGEMENT, LLC","point":[-86.71593583630501,36.17918166826051]}},{"type":"Feature","id":"267565","geometry":{"type":"Polygon","coordinates":[[[-86.7161041232856,36.1795391309686],[-86.7165293214009,36.1791959734802],[-86.7167486293117,36.1794671787027],[-86.7162628053547,36.1797008149102],[-86.7162283703759,36.1796571728675],[-86.7161903228858,36.179615549442],[-86.7161488425207,36.1795761400397],[-86.7161041232856,36.1795391309686]]]},"properties":{"id":"267565","parcel":"08312012400","address":"810 POTTER LN","owner":"KING, MARIANNE E.","point":[-86.71650054381497,36.17933124841352]}},{"type":"Feature","id":"267656","geometry":{"type":"Polygon","coordinates":[[[-86.7143416818037,36.1794880386657],[-86.7146336137007,36.1793962081107],[-86.7147882778082,36.1797139494904],[-86.714280049741,36.179868594924],[-86.7143416818037,36.1794880386657]]]},"properties":{"id":"267656","parcel":"08312015300","address":"809 MITCHELL RD","owner":"RAWLINGS, JARRETT B.","point":[-86.71452848633612,36.179600907273425]}},{"type":"Feature","id":"267711","geometry":{"type":"Polygon","coordinates":[[[-86.719634872321,36.1775973961534],[-86.7199314979274,36.1774264110028],[-86.720028079753,36.1779137087561],[-86.7197005429776,36.1779640128917],[-86.719634872321,36.1775973961534]]]},"properties":{"id":"267711","parcel":"08312003400","address":"2406 CONRAD DR","owner":"MCKEEVER, MATTHEW & KRISTEN","point":[-86.71982997077318,36.1777555490949]}},{"type":"Feature","id":"267713","geometry":{"type":"Polygon","coordinates":[[[-86.7191622858917,36.1771958460882],[-86.719972370958,36.1771514598633],[-86.7199784103598,36.1772195511406],[-86.7199846680057,36.1773118147643],[-86.7191889903917,36.1774506134379],[-86.7191777433545,36.1773872847806],[-86.7191695361662,36.1773236505081],[-86.7191643807933,36.1772598051823],[-86.7191622858917,36.1771958460882]]]},"properties":{"id":"267713","parcel":"08312003700","address":"2604 BARCLAY DR","owner":"FREEMAN, SARAH","point":[-86.71957468628442,36.1772858110548]}},{"type":"Feature","id":"267715","geometry":{"type":"Polygon","coordinates":[[[-86.7191689650826,36.1765099296419],[-86.719175382068,36.1764284344357],[-86.7191829935651,36.1763470078164],[-86.7191888309285,36.1762926918183],[-86.7191888536351,36.1762924988129],[-86.719195909946,36.1762362865055],[-86.719196119307,36.1762347332846],[-86.7191982073326,36.1762195661199],[-86.7191987021585,36.1762161482892],[-86.719251039034,36.1762217622517],[-86.7197557077434,36.1762758923658],[-86.7199657507925,36.1764218825873],[-86.7199641163972,36.1765405642343],[-86.7199642160974,36.1765515518283],[-86.7191689650826,36.1765099296419]]]},"properties":{"id":"267715","parcel":"08312004100","address":"2612 BARCLAY DR","owner":"NORRIS, HYMELIA L.& CRAIG, KIM","point":[-86.71954630483974,36.17638438009665]}},{"type":"Feature","id":"267723","geometry":{"type":"Polygon","coordinates":[[[-86.7193406512409,36.1801264359959],[-86.7202532866788,36.1794309353091],[-86.7204500254849,36.1796033749082],[-86.7195616263389,36.1802811516813],[-86.7194936417519,36.1802573832711],[-86.7193406512409,36.1801264359959]]]},"properties":{"id":"267723","parcel":"08312005700","address":"2503 BARCLAY DR","owner":"MORSE, ELIZABETH B. & ROGERS, JONATHAN","point":[-86.71989552848318,36.179864907191394]}},{"type":"Feature","id":"267761","geometry":{"type":"Polygon","coordinates":[[[-86.7187778452993,36.1796419149297],[-86.7196959202612,36.1789485814454],[-86.7197369176928,36.1789856970102],[-86.719878984147,36.1791079171538],[-86.718971811504,36.1798077779905],[-86.718802420243,36.1796615449787],[-86.7187778452993,36.1796419149297]]]},"properties":{"id":"267761","parcel":"08312006000","address":"2509 BARCLAY DR","owner":"HUFFINES, STEPHEN K. & RICKY H.","point":[-86.71933213972034,36.1793749260504]}},{"type":"Feature","id":"267763","geometry":{"type":"Polygon","coordinates":[[[-86.7186537586851,36.1794097019826],[-86.718631317853,36.1793263228922],[-86.7195345214695,36.1787869181442],[-86.7195863169555,36.1788421072872],[-86.719640131897,36.1788960117871],[-86.7196959202612,36.1789485814454],[-86.7187778452993,36.1796419149297],[-86.7187013517002,36.1795764385961],[-86.7186537586851,36.1794097019826]]]},"properties":{"id":"267763","parcel":"08312006100","address":"2511 BARCLAY DR","owner":"PROST, AARON & SARAH","point":[-86.71919668658765,36.17913753092222]}},{"type":"Feature","id":"267765","geometry":{"type":"Polygon","coordinates":[[[-86.719000660547,36.1774279690583],[-86.7183619781529,36.1774294499062],[-86.7183095346043,36.1773643673269],[-86.7183164222082,36.177170455893],[-86.7189899106212,36.1771617390235],[-86.7189977592434,36.1772871515452],[-86.7190046802771,36.1773576746247],[-86.7190148716676,36.1774279357836],[-86.719000660547,36.1774279690583]]]},"properties":{"id":"267765","parcel":"08312006900","address":"2607 BARCLAY DR","owner":"LUBOFF, PETER & PAT","point":[-86.71865615107212,36.17732160268231]}},{"type":"Feature","id":"267767","geometry":{"type":"Polygon","coordinates":[[[-86.7183255626536,36.1769131362741],[-86.718332237525,36.1767252050534],[-86.7183336846512,36.1766846585763],[-86.7189879055819,36.1767073869226],[-86.7189845094763,36.1768219647703],[-86.7189837449192,36.1769365738058],[-86.7183255626536,36.1769131362741]]]},"properties":{"id":"267767","parcel":"08312007100","address":"2611 BARCLAY DR","owner":"SIMS, MATTHEW","point":[-86.71865823359498,36.17677358502709]}},{"type":"Feature","id":"267769","geometry":{"type":"Polygon","coordinates":[[[-86.7176771167659,36.1766267058016],[-86.7178032276712,36.1760554705668],[-86.7183554104514,36.17614303118],[-86.7183480914581,36.1762808011134],[-86.7183336846512,36.1766846585763],[-86.718332237525,36.1767252050534],[-86.7176771167659,36.1766267058016]]]},"properties":{"id":"267769","parcel":"08312007500","address":"2608 BRITTANY CT","owner":"GOODIN, MARTHA NOELLE","point":[-86.7180286740019,36.17645379178023]}},{"type":"Feature","id":"267898","geometry":{"type":"Polygon","coordinates":[[[-86.7167815337938,36.179508738762],[-86.7174660420018,36.1793640233348],[-86.71762450196,36.1798004112641],[-86.7169696674803,36.1799295685893],[-86.7168893122145,36.1797366531919],[-86.7168007066741,36.1795306012708],[-86.7167815337938,36.179508738762]]]},"properties":{"id":"267898","parcel":"08312011300","address":"2437 EASTLAND AVE","owner":"MCCARTHY, KELLY & HUNT, WILLIAM JR","point":[-86.71720478307672,36.17963447762024]}},{"type":"Feature","id":"267900","geometry":{"type":"Polygon","coordinates":[[[-86.7162268594919,36.1790219566757],[-86.7158922089651,36.1788854908982],[-86.7159756092857,36.1782147155231],[-86.7160497595851,36.1782186396094],[-86.7161235851162,36.1782255009856],[-86.7161969078672,36.1782352826833],[-86.7162695519919,36.1782479614128],[-86.7163413438025,36.1782635066618],[-86.7164121106649,36.1782818816035],[-86.7164816854458,36.1783030430697],[-86.7165498975871,36.1783269379994],[-86.7166165876295,36.1783535114632],[-86.716651909047,36.1783689332528],[-86.7166987059648,36.1783910923266],[-86.716744541777,36.1784145332751],[-86.7162377209591,36.1790240904083],[-86.7162268594919,36.1790219566757]]]},"properties":{"id":"267900","parcel":"08312011600","address":"2453 EASTLAND AVE","owner":"HAUNTED PROPERTIES TWO, LLC","point":[-86.71623495147675,36.178649815148084]}},{"type":"Feature","id":"267902","geometry":{"type":"Polygon","coordinates":[[[-86.7146487480691,36.1789697760082],[-86.7151171826517,36.1789120610152],[-86.7152102573782,36.1793136776048],[-86.7151627843912,36.179321606964],[-86.7151158497066,36.179331414949],[-86.7150695642969,36.1793430801739],[-86.7149073835553,36.1793945870887],[-86.7148933287328,36.1793973236368],[-86.7148789112069,36.1793981768929],[-86.7148645143105,36.1793971247591],[-86.7148505173766,36.1793941947305],[-86.7148372923954,36.1793894630144],[-86.7148251884752,36.1793830573253],[-86.7148145250595,36.1793751443077],[-86.714805584194,36.1793659349897],[-86.7147986037512,36.179355673106],[-86.7147646954636,36.1792938806351],[-86.7147342827973,36.1792309030275],[-86.7147074313967,36.17916687058],[-86.7146841935821,36.1791019154706],[-86.7146646194742,36.1790361725938],[-86.7146487480691,36.1789697760082]]]},"properties":{"id":"267902","parcel":"08312011900","address":"800 POTTER LN","owner":"PHILLIPS, DONNA","point":[-86.71493239079989,36.17913495658066]}},{"type":"Feature","id":"267956","geometry":{"type":"Polygon","coordinates":[[[-86.7159160014983,36.1794193759451],[-86.7162268594919,36.1790219566757],[-86.7162377209591,36.1790240904083],[-86.7164662628155,36.1791172323382],[-86.7165101288264,36.1791719128677],[-86.7165293214009,36.1791959734802],[-86.7161041232856,36.1795391309686],[-86.7160606038093,36.1795057171051],[-86.7160146255162,36.1794745421227],[-86.7159663629004,36.1794457248516],[-86.7159160014983,36.1794193759451]]]},"properties":{"id":"267956","parcel":"08312012300","address":"808 POTTER LN","owner":"KEPLEY PROPERTIES, LLC","point":[-86.71619710098913,36.17930761451751]}},{"type":"Feature","id":"267958","geometry":{"type":"Polygon","coordinates":[[[-86.7162628053547,36.1797008149102],[-86.7167486293117,36.1794671787027],[-86.7167815337938,36.179508738762],[-86.7168007066741,36.1795306012708],[-86.7168893122145,36.1797366531919],[-86.7163619350831,36.1798716420535],[-86.716341228823,36.1798274490166],[-86.7163177638587,36.1797841718043],[-86.7162916001353,36.1797419236182],[-86.7162628053547,36.1797008149102]]]},"properties":{"id":"267958","parcel":"08312012500","address":"812 POTTER LN","owner":"SUPICA, DAVID & EMMA","point":[-86.71663892146452,36.179615962089144]}},{"type":"Feature","id":"267962","geometry":{"type":"Polygon","coordinates":[[[-86.7153454435717,36.1798060169389],[-86.7153134684205,36.1794421816385],[-86.7153388041208,36.179440376791],[-86.7153933423802,36.1794382934318],[-86.7154479264103,36.1794393137203],[-86.7155022882509,36.1794434320344],[-86.7155561609232,36.1794506283269],[-86.715609279533,36.1794608672169],[-86.7156613823827,36.1794740979839],[-86.715712213202,36.1794902554552],[-86.7154878376959,36.1798984724979],[-86.7153454435717,36.1798060169389]]]},"properties":{"id":"267962","parcel":"08312013900","address":"803 POTTER LN","owner":"GHEE, MARVIN H. III., & SHIRLEY A.","point":[-86.71547841794161,36.17964801654696]}},{"type":"Feature","id":"267964","geometry":{"type":"Polygon","coordinates":[[[-86.7153134684205,36.1794421816385],[-86.7153454435717,36.1798060169389],[-86.7150645511602,36.1799033959616],[-86.7149201668448,36.1796098794452],[-86.7149166396483,36.1795983029066],[-86.714915573107,36.1795864107738],[-86.7149169969605,36.1795745426464],[-86.7149208720354,36.1795630394329],[-86.7149270856936,36.1795522316617],[-86.7149354595244,36.1795424295217],[-86.7149457548138,36.1795339129159],[-86.7149576758464,36.179526927837],[-86.7149708786852,36.1795216736978],[-86.7151249468022,36.1794724129366],[-86.7151869613371,36.1794591250639],[-86.7152498851323,36.179449034854],[-86.7153134684205,36.1794421816385]]]},"properties":{"id":"267964","parcel":"08312014000","address":"801 POTTER LN","owner":"LINDNER, JILL & COBB, DON W. & ADRIAN L.","point":[-86.7151525414416,36.179707995341076]}},{"type":"Feature","id":"267972","geometry":{"type":"Polygon","coordinates":[[[-86.714280049741,36.179868594924],[-86.7147882778082,36.1797139494904],[-86.7148876815934,36.1799155443525],[-86.7142389148435,36.1801171717582],[-86.7142594532108,36.1799895876059],[-86.714280049741,36.179868594924]]]},"properties":{"id":"267972","parcel":"08312015200","address":"811 MITCHELL RD","owner":"SHANAHAN, EDWARD JOSEPH & EDWARD JOSEPH IV & ET AL","point":[-86.71451647749187,36.179952430267925]}},{"type":"Feature","id":"268231","geometry":{"type":"Polygon","coordinates":[[[-86.7111492504347,36.179579410489],[-86.7112190485021,36.1792010050493],[-86.7115581666233,36.17923197111],[-86.7115427510089,36.1793265609904],[-86.7115041613939,36.1795575373765],[-86.7115002024385,36.1795694113901],[-86.7114938593178,36.1795805865583],[-86.7114853104137,36.1795907481906],[-86.7114747944358,36.1795996145875],[-86.7114626037591,36.1796069379812],[-86.7114490800508,36.1796125126725],[-86.7114345987956,36.1796161850364],[-86.7114195659375,36.1796178508375],[-86.711404401285,36.1796174643412],[-86.7111492504347,36.179579410489]]]},"properties":{"id":"268231","parcel":"08409001200","address":"2616 DIXON DR","owner":"BICE, RONALD H., JR.","point":[-86.71134909927336,36.179441628928544]}},{"type":"Feature","id":"268640","geometry":{"type":"Polygon","coordinates":[[[-86.7109489085082,36.1799102357079],[-86.7109930985366,36.179699002913],[-86.7113757859648,36.1797516892159],[-86.7113905017754,36.1797554517802],[-86.711404205979,36.1797612012757],[-86.7114164935029,36.1797687670478],[-86.711427003271,36.1797779259097],[-86.711435424921,36.1797884075101],[-86.7114415088906,36.1797999032866],[-86.7114450764867,36.179812073616],[-86.7114460222138,36.1798245595173],[-86.7114443194214,36.1798369925318],[-86.7114323115482,36.1798837999815],[-86.7114172479348,36.1799300224943],[-86.7113991707664,36.1799755300389],[-86.7113781311216,36.1800201925313],[-86.7113541890046,36.1800638834399],[-86.7109489085082,36.1799102357079]]]},"properties":{"id":"268640","parcel":"08409001100","address":"801 BETH DR","owner":"PINEDA, JENNA & THOMAS JARED III","point":[-86.71119894602697,36.17985981905972]}},{"type":"Feature","id":"268873","geometry":{"type":"Polygon","coordinates":[[[-86.7141868577262,36.179463130011],[-86.7139985089219,36.1794420785718],[-86.7141024000222,36.1792566496351],[-86.714527241647,36.179153088099],[-86.7145498790968,36.1792149635762],[-86.7145751751527,36.1792761581801],[-86.7146030969175,36.1793365982003],[-86.7146336137007,36.1793962081107],[-86.7143416818037,36.1794880386657],[-86.7143427672466,36.1794805553806],[-86.7141868577262,36.179463130011]]]},"properties":{"id":"268873","parcel":"08312015400","address":"807 MITCHELL RD","owner":"TANNENBAUM, BRIAN & NEAL, JILLIAN","point":[-86.71433218074948,36.17930576533647]}},{"type":"Feature","id":"268881","geometry":{"type":"Polygon","coordinates":[[[-86.7135651971541,36.1781589726676],[-86.7137051171211,36.1780572664002],[-86.714096821372,36.1785942033702],[-86.7140070085305,36.1786372282012],[-86.7139195410336,36.178683320506],[-86.7138521434312,36.1787222263728],[-86.7137862031934,36.1787627413476],[-86.7137217766704,36.1788048272467],[-86.7137136534753,36.1788103684617],[-86.7136965706129,36.1788221380902],[-86.7136904457876,36.1788263967104],[-86.7136902668325,36.1788265230437],[-86.7136820155777,36.1788167156339],[-86.7136238564483,36.178753603465],[-86.7135628365995,36.1786922926749],[-86.7134990412946,36.1786328692767],[-86.7134325579623,36.1785754129615],[-86.7133634807243,36.1785200060848],[-86.713291903645,36.1784667246936],[-86.7132179274408,36.1784156429932],[-86.7132150146525,36.1784135170036],[-86.713521803422,36.1781905146554],[-86.7135651971541,36.1781589726676]]]},"properties":{"id":"268881","parcel":"08312016700","address":"2508 EASTLAND AVE","owner":"COPELAND, DIANE E.","point":[-86.71362069130623,36.1784420593643]}},{"type":"Feature","id":"268885","geometry":{"type":"Polygon","coordinates":[[[-86.7144194955649,36.1764759841397],[-86.7144289117789,36.1764617290299],[-86.7152527695774,36.1767675827684],[-86.715211391404,36.1768172342109],[-86.7151675468024,36.1768776568105],[-86.7151307078338,36.1769325383902],[-86.7151219589819,36.1769464570341],[-86.7151193819577,36.1769506262165],[-86.7151031207229,36.1769777595016],[-86.7151008634834,36.176981641089],[-86.7150981834039,36.1769806664792],[-86.7151001782443,36.1769777661178],[-86.7151007718907,36.1769769055011],[-86.7150949964054,36.1769743873418],[-86.7144805918302,36.1767550218018],[-86.7143192857736,36.1766974250783],[-86.7143182452065,36.1766970472984],[-86.7142822780171,36.1766837249821],[-86.7144194955649,36.1764759841397]]]},"properties":{"id":"268885","parcel":"08312017500","address":"2602 BRITTANY DR","owner":"ROBINSON, VERNON D.","point":[-86.71477304448386,36.1767271129305]}},{"type":"Feature","id":"268968","geometry":{"type":"Polygon","coordinates":[[[-86.7122835822776,36.1797177662221],[-86.7123449870406,36.1793108405666],[-86.7126732863662,36.1793440655162],[-86.7126731322392,36.1793444810063],[-86.7125170890196,36.1797603408851],[-86.7124402496605,36.1797427024872],[-86.7123623372511,36.1797284969668],[-86.7122835822776,36.1797177662221]]]},"properties":{"id":"268968","parcel":"08312018900","address":"2604 DIXON DR","owner":"WEEDMAN, SARA","point":[-86.71245739654098,36.17953107343485]}},{"type":"Feature","id":"268973","geometry":{"type":"Polygon","coordinates":[[[-86.7120203780029,36.1796885526253],[-86.7120763824247,36.1792838562383],[-86.7123449870406,36.1793108405666],[-86.7122835822776,36.1797177662221],[-86.7122520437957,36.1797149312838],[-86.7120203780029,36.1796885526253]]]},"properties":{"id":"268973","parcel":"08312019000","address":"2608 DIXON DR","owner":"HICKMAN, BRIAN & NATALIE","point":[-86.71218149940194,36.17949969386543]}},{"type":"Feature","id":"268976","geometry":{"type":"Polygon","coordinates":[[[-86.7117077120871,36.1795849092417],[-86.7117589471995,36.1792527637871],[-86.7119380040055,36.1792692888021],[-86.7120763824247,36.1792838562383],[-86.7120203780029,36.1796885526253],[-86.7117788978867,36.1796636049133],[-86.7117650429808,36.1796600175723],[-86.7117520509345,36.1796547163515],[-86.7117402441896,36.1796478309344],[-86.7117299121942,36.1796395308541],[-86.7117213113707,36.1796300218892],[-86.7117146517113,36.1796195389325],[-86.7117101011683,36.1796083396558],[-86.7117077678354,36.1795967010105],[-86.7117077120871,36.1795849092417]]]},"properties":{"id":"268976","parcel":"08312019100","address":"2612 DIXON DR","owner":"BECK, JAMES","point":[-86.7118932443246,36.1794343857653]}},{"type":"Feature","id":"269174","geometry":{"type":"Polygon","coordinates":[[[-86.7126731322392,36.1793444810063],[-86.7126732863662,36.1793440655162],[-86.7130819996617,36.1793852116349],[-86.7130539439206,36.1794201984814],[-86.7130282777682,36.1794532731508],[-86.7130204836153,36.179463525969],[-86.7130073277456,36.1794810710145],[-86.7129954451289,36.1794971737305],[-86.7129823965814,36.1795151579545],[-86.7129737913361,36.1795271928467],[-86.7129676187264,36.1795359174593],[-86.7129594053105,36.1795476391011],[-86.7129484321515,36.1795635075204],[-86.7129360120688,36.1795817818384],[-86.7129056888369,36.1796279576753],[-86.7128098335363,36.1797789126309],[-86.7128020402251,36.1797895133156],[-86.7127923182058,36.1797990087258],[-86.7127809033432,36.1798071721532],[-86.7127678670797,36.1798132938834],[-86.7127537740143,36.1798176058111],[-86.7127389999869,36.1798199939606],[-86.7127239435071,36.1798203928907],[-86.7127090091452,36.1798187930024],[-86.7127089690617,36.179818786029],[-86.7127089300575,36.1798187754442],[-86.7127088910613,36.1798187657605],[-86.7126946011011,36.1798150197688],[-86.7126065125992,36.1797862569329],[-86.7125170890196,36.1797603408851],[-86.7126731322392,36.1793444810063]]]},"properties":{"id":"269174","parcel":"08312018800","address":"2600 DIXON DR","owner":"LINCOLN, JOELYN M.","point":[-86.71274829393269,36.17960445585452]}},{"type":"Feature","id":"269928","geometry":{"type":"Polygon","coordinates":[[[-86.7162377209591,36.1790240904083],[-86.716744541777,36.1784145332751],[-86.7168081092489,36.1784500864168],[-86.7168693600165,36.1784882191745],[-86.7169281342181,36.1785288324611],[-86.7169842786113,36.1785718217426],[-86.7170376487646,36.1786170734204],[-86.7170881057867,36.1786644720603],[-86.7171355184855,36.1787138931701],[-86.7171797623127,36.178765209514],[-86.7172207237701,36.1788182865805],[-86.7172582959954,36.1788729862135],[-86.7165101288264,36.1791719128677],[-86.7164662628155,36.1791172323382],[-86.7162377209591,36.1790240904083]]]},"properties":{"id":"269928","parcel":"08312011500","address":"2449 EASTLAND AVE","owner":"BENSON, LEVI & MOORE, MICHAEL GEORGE","point":[-86.7168163290028,36.17879084056472]}},{"type":"Feature","id":"269931","geometry":{"type":"Polygon","coordinates":[[[-86.715517911819,36.1788613382584],[-86.7154610497895,36.1788682680124],[-86.715234007766,36.178339982698],[-86.7154286336845,36.1782794930258],[-86.7155044538959,36.1782603821221],[-86.7155813981763,36.1782444991347],[-86.7156592590539,36.1782318885518],[-86.7157378245132,36.1782225840744],[-86.7158168813546,36.1782166112995],[-86.7158962151776,36.1782139859178],[-86.7159756092857,36.1782147155231],[-86.7158922089651,36.1788854908982],[-86.715517911819,36.1788613382584]]]},"properties":{"id":"269931","parcel":"08312011700","address":"2455 EASTLAND AVE","owner":"STRASSMAN, JESSICA & INHABER-COURCHESNE, JEREMIE","point":[-86.71563673456458,36.17860128024881]}},{"type":"Feature","id":"269935","geometry":{"type":"Polygon","coordinates":[[[-86.7151089392961,36.1783780836577],[-86.715234007766,36.178339982698],[-86.7154610497895,36.1788682680124],[-86.7151171826517,36.1789120610152],[-86.7146487480691,36.1789697760082],[-86.7146380761437,36.1789128984027],[-86.7146294276846,36.1788557961188],[-86.7146228097631,36.1787985141784],[-86.7145965141969,36.1785876962884],[-86.7145967174576,36.1785764446399],[-86.7145991244717,36.1785653629018],[-86.7146036732973,36.1785547326342],[-86.7146102507446,36.1785448230827],[-86.7146186856743,36.1785358876133],[-86.7146287666936,36.1785281536937],[-86.7146402354307,36.1785218166242],[-86.7146528020879,36.1785170385447],[-86.7151089392961,36.1783780836577]]]},"properties":{"id":"269935","parcel":"08312011800","address":"800 MITCHELL RD","owner":"HANNA-CAMPBELL, ANNETTE REVOCABLE TRUST","point":[-86.71499811311907,36.17869403059564]}},{"type":"Feature","id":"269939","geometry":{"type":"Polygon","coordinates":[[[-86.7151171826517,36.1789120610152],[-86.7154610497895,36.1788682680124],[-86.715517911819,36.1788613382584],[-86.7154731015641,36.1793033300289],[-86.7154072194565,36.1793009382968],[-86.7153412817238,36.1793018707098],[-86.7152755440068,36.1793061230491],[-86.7152102573782,36.1793136776048],[-86.7151171826517,36.1789120610152]]]},"properties":{"id":"269939","parcel":"08312012000","address":"802 POTTER LN","owner":"GREER, AROLFO LIVING TRUST","point":[-86.71532759488305,36.17910665525862]}}]}