{"type":"FeatureCollection","features":[{"type":"Feature","id":"9704","geometry":{"type":"Polygon","coordinates":[[[-86.7757826901479,36.2587099629615],[-86.7758185354043,36.2583996765675],[-86.7760201380872,36.2584238232985],[-86.7759832593571,36.2587430423229],[-86.7757826901479,36.2587099629615]]]},"properties":{"id":"9704","parcel":"041140A00200CO","address":"1509 BRICK DR","owner":"MENJIVAR, MARTIN","point":[-86.77590141380513,36.2585668931904]}},{"type":"Feature","id":"9706","geometry":{"type":"Polygon","coordinates":[[[-86.7755821188806,36.258676883281],[-86.7756169350432,36.2583755267822],[-86.7758185354043,36.2583996765675],[-86.7757826901479,36.2587099629615],[-86.7755821188806,36.258676883281]]]},"properties":{"id":"9706","parcel":"041140A00300CO","address":"1513 BRICK DR","owner":"NEWTON, DEBRORAH D. & TRAVIS B.","point":[-86.77570032775454,36.25853827998575]}},{"type":"Feature","id":"9708","geometry":{"type":"Polygon","coordinates":[[[-86.7745777411199,36.2585344290387],[-86.7746096892389,36.2582579286401],[-86.7746911668281,36.2582646279929],[-86.7748116411648,36.2582790604799],[-86.7747802015364,36.258551157796],[-86.7745777411199,36.2585344290387]]]},"properties":{"id":"9708","parcel":"041140A00800CO","address":"1533 BRICK DR","owner":"MYLES, ELBERT L., III","point":[-86.77469469110714,36.258406744818075]}},{"type":"Feature","id":"9710","geometry":{"type":"Polygon","coordinates":[[[-86.7737808837433,36.2584685792699],[-86.7738128210652,36.2581921728929],[-86.774015280446,36.2582089029334],[-86.7739833404852,36.258485309384],[-86.7737808837433,36.2584685792699]]]},"properties":{"id":"9710","parcel":"041140A01200CO","address":"1549 BRICK DR","owner":"CRUTHCER, KAREN MURPHY-","point":[-86.77389808150278,36.25833874115968]}},{"type":"Feature","id":"9712","geometry":{"type":"Polygon","coordinates":[[[-86.7760591374568,36.2583007637613],[-86.7760967891398,36.2579748470565],[-86.776299482322,36.2579915924976],[-86.7762609750469,36.2583249392237],[-86.7760591374568,36.2583007637613]]]},"properties":{"id":"9712","parcel":"041140A01500CO","address":"1504 BRICK DR","owner":"REYNOLDS, CHRISTIE A.","point":[-86.77617931056962,36.25814617819347]}},{"type":"Feature","id":"9714","geometry":{"type":"Polygon","coordinates":[[[-86.775857685912,36.2582732689013],[-86.7758940949039,36.2579580985789],[-86.7760967891398,36.2579748470565],[-86.7760591374568,36.2583007637613],[-86.7758573021977,36.2582765861449],[-86.775857685912,36.2582732689013]]]},"properties":{"id":"9714","parcel":"041140A01600CO","address":"1508 BRICK DR","owner":"DUNLAP, KENNETH L. & JOHNNITA Y.","point":[-86.77597723727548,36.258124058040416]}},{"type":"Feature","id":"9716","geometry":{"type":"Polygon","coordinates":[[[-86.7748377522097,36.2581544563336],[-86.7748703033672,36.2578735016123],[-86.7750769763928,36.2578905813748],[-86.7750436410478,36.2581791206566],[-86.7748377522097,36.2581544563336]]]},"properties":{"id":"9716","parcel":"041140A02100CO","address":"1528 BRICK DR","owner":"CAMPBELL, LARRY D.","point":[-86.77495738597467,36.25802251895656]}},{"type":"Feature","id":"9718","geometry":{"type":"Polygon","coordinates":[[[-86.7738646451996,36.2580694411149],[-86.7738965854068,36.2577930346616],[-86.7740990426994,36.2578097672745],[-86.7740671043043,36.2580861737728],[-86.7738646451996,36.2580694411149]]]},"properties":{"id":"9718","parcel":"041140A02500CO","address":"1548 BRICK DR","owner":"TOWNSEND, NANCY C.","point":[-86.77398184440358,36.25793960425471]}},{"type":"Feature","id":"9720","geometry":{"type":"Polygon","coordinates":[[[-86.7736621895186,36.2580527080964],[-86.7736941304514,36.2577763043988],[-86.7738965854068,36.2577930346616],[-86.7738646451996,36.2580694411149],[-86.7736621895186,36.2580527080964]]]},"properties":{"id":"9720","parcel":"041140A02600CO","address":"1552 BRICK DR","owner":"SIMMONS, LYNTASHA","point":[-86.77377938773493,36.25792287143866]}},{"type":"Feature","id":"9722","geometry":{"type":"Polygon","coordinates":[[[-86.7730548163561,36.2580025115537],[-86.7730867593603,36.257726105309],[-86.7732892174238,36.2577428392719],[-86.7732572717631,36.2580192437877],[-86.7730548163561,36.2580025115537]]]},"properties":{"id":"9722","parcel":"041140A02900CO","address":"1564 BRICK DR","owner":"HENDEN, JARED","point":[-86.77317201624497,36.257872675470715]}},{"type":"Feature","id":"9724","geometry":{"type":"Polygon","coordinates":[[[-86.7728778147799,36.2583444342673],[-86.7729040919111,36.2581170686402],[-86.7731674342101,36.2581388343567],[-86.7731785819369,36.2581404068996],[-86.773178624282,36.2581404129374],[-86.773178672217,36.2581404216431],[-86.7731787134933,36.258140432194],[-86.7731894509969,36.2581431861893],[-86.7731894989671,36.2581431984997],[-86.773189536914,36.2581432099731],[-86.7731895760088,36.2581432250442],[-86.7731998386636,36.2581471518929],[-86.7732083018571,36.258151527359],[-86.7732083432653,36.2581515514277],[-86.7732122865443,36.2581540136319],[-86.7732161455543,36.2581567350327],[-86.7732220814287,36.2581616638116],[-86.7732221162044,36.2581616924289],[-86.7732221498763,36.2581617219545],[-86.7732221813403,36.2581617532968],[-86.7732275021664,36.258167171782],[-86.773231547316,36.2581722054872],[-86.7732315811373,36.258172250333],[-86.7732371437881,36.2581816967371],[-86.773240961399,36.2581916950543],[-86.7732429540302,36.2582020358064],[-86.7732430772699,36.2582125011764],[-86.7732245256711,36.2583730901656],[-86.7728778147799,36.2583444342673]]]},"properties":{"id":"9724","parcel":"041140A03100CO","address":"1700 BRICK CT","owner":"PHILLIPS, YOLANDA","point":[-86.77306044768882,36.25827846786503]}},{"type":"Feature","id":"9726","geometry":{"type":"Polygon","coordinates":[[[-86.7728588493373,36.2585085379875],[-86.7728778147799,36.2583444342673],[-86.7732245256711,36.2583730901656],[-86.7732055598003,36.2585371912424],[-86.7728588493373,36.2585085379875]]]},"properties":{"id":"9726","parcel":"041140A03200CO","address":"1704 BRICK CT","owner":"PROGRESS RESIDENTIAL BORROWER 6, LLC","point":[-86.77304168735918,36.258440814216655]}},{"type":"Feature","id":"9728","geometry":{"type":"Polygon","coordinates":[[[-86.7727836586753,36.2579800998143],[-86.7728219262796,36.2576489944807],[-86.7745133793986,36.257788783647],[-86.7745070791807,36.2578434863541],[-86.7743014989472,36.2578264977529],[-86.7740990426994,36.2578097672745],[-86.7738965854068,36.2577930346616],[-86.7736941304514,36.2577763043988],[-86.7734916722346,36.2577595729168],[-86.7732892174238,36.2577428392719],[-86.7730867593603,36.257726105309],[-86.772886196907,36.2577095310207],[-86.7728542531837,36.2579859345102],[-86.7727836586753,36.2579800998143]]]},"properties":{"id":"9728","parcel":"041140A03900CO","address":"1572 BRICK DR","owner":"FIELDS OF BRICK CHURCH HOMEOWNERS ASSOCIATION, INC.","point":[-86.77435510138086,36.25781842472721]}},{"type":"Feature","id":"9730","geometry":{"type":"Polygon","coordinates":[[[-86.7731498277416,36.2597374561251],[-86.7731505925166,36.2597315516847],[-86.773170122697,36.259731122106],[-86.773189416934,36.2597286364924],[-86.7732081484654,36.2597241365896],[-86.7732279647958,36.2597160806411],[-86.7732459388052,36.2597055670678],[-86.7732616124094,36.2596928646691],[-86.7732745815086,36.2596783004798],[-86.7732845158933,36.2596622470253],[-86.7732911602869,36.259645115105],[-86.7732938433984,36.2596268774718],[-86.7732928531409,36.25960852906],[-86.7732882153455,36.2595905500677],[-86.7732800548244,36.2595734146518],[-86.7732685829373,36.25955757118],[-86.7732602330502,36.2595460048639],[-86.7732542910507,36.2595335011659],[-86.7732509147918,36.2595203853268],[-86.7732501899652,36.2595070001727],[-86.7732994596318,36.2590806385577],[-86.7733017799659,36.2590705009273],[-86.773306102085,36.2590608038126],[-86.7733123127697,36.2590518047927],[-86.7733202474215,36.2590437419481],[-86.7733296933659,36.2590368302346],[-86.7733404009093,36.2590312542025],[-86.7733520854944,36.2590271607729],[-86.7733644354979,36.2590246600893],[-86.773374010492,36.2590253864975],[-86.7733279880736,36.2594236526976],[-86.7732903396282,36.2597494268061],[-86.7731498277416,36.2597374561251]]]},"properties":{"id":"9730","parcel":"041140A04200CO","address":"0 BRICK CT","owner":"METRO GOV'T  BT  BACK TAX SALE","point":[-86.77331372378943,36.25925214563078]}},{"type":"Feature","id":"9931","geometry":{"type":"Polygon","coordinates":[[[-86.7753815477543,36.2586438005637],[-86.7754153325794,36.2583513766746],[-86.7756169350432,36.2583755267822],[-86.7755821188806,36.258676883281],[-86.7753815477543,36.2586438005637]]]},"properties":{"id":"9931","parcel":"041140A00400CO","address":"1517 BRICK DR","owner":"MILLER, KEYAIERA S.","point":[-86.77549924158124,36.25850966373304]}},{"type":"Feature","id":"9933","geometry":{"type":"Polygon","coordinates":[[[-86.7749815128306,36.2585778198974],[-86.7750132399048,36.2583032098142],[-86.7752148421235,36.2583273605929],[-86.7751820802584,36.2586109005971],[-86.7749815128306,36.2585778198974]]]},"properties":{"id":"9933","parcel":"041140A00600CO","address":"1525 BRICK DR","owner":"CLARK, ANDREA D.","point":[-86.7750981768248,36.25845259030244]}},{"type":"Feature","id":"9935","geometry":{"type":"Polygon","coordinates":[[[-86.7743882575724,36.2585187694741],[-86.7744201982104,36.2582423475847],[-86.7746096892389,36.2582579286401],[-86.7745777411199,36.2585344290387],[-86.7743882575724,36.2585187694741]]]},"properties":{"id":"9935","parcel":"041140A00900CO","address":"1537 BRICK DR","owner":"WINCHESTER, NICHOLAS C.","point":[-86.77449897380814,36.25838834911082]}},{"type":"Feature","id":"9937","geometry":{"type":"Polygon","coordinates":[[[-86.7750436410478,36.2581791206566],[-86.7750769763928,36.2578905813748],[-86.7752837541648,36.2579076664209],[-86.7752495422452,36.2582037836489],[-86.7750436410478,36.2581791206566]]]},"properties":{"id":"9937","parcel":"041140A02000CO","address":"1524 BRICK DR","owner":"BOLDEN, CYNTHIA V","point":[-86.77516369738753,36.258043393600474]}},{"type":"Feature","id":"9939","geometry":{"type":"Polygon","coordinates":[[[-86.7747064880163,36.2581387312674],[-86.7746936397172,36.2581357728376],[-86.7746815148712,36.258131234392],[-86.7746704072176,36.2581252258018],[-86.7746605885842,36.258117892228],[-86.7746522944046,36.2581094124105],[-86.7746457281075,36.2580999923317],[-86.7746410488148,36.2580898589871],[-86.774638369125,36.2580792612999],[-86.7746377560768,36.258068454794],[-86.7746622695243,36.2578563112564],[-86.7748703033672,36.2578735016123],[-86.7748377522097,36.2581544563336],[-86.7747064880163,36.2581387312674]]]},"properties":{"id":"9939","parcel":"041140A02200CO","address":"1532 BRICK DR","owner":"PEDROZA, MARIA DEL CARMEN","point":[-86.77475401471095,36.25797097823243]}},{"type":"Feature","id":"9941","geometry":{"type":"Polygon","coordinates":[[[-86.7740671043043,36.2580861737728],[-86.7740990426994,36.2578097672745],[-86.7743014989472,36.2578264977529],[-86.7742929448286,36.2579005294755],[-86.7742695601386,36.2581029043104],[-86.7740671043043,36.2580861737728]]]},"properties":{"id":"9941","parcel":"041140A02400CO","address":"1544 BRICK DR","owner":"JACKSON, YVETTE","point":[-86.77418002445843,36.2579933516782]}},{"type":"Feature","id":"9943","geometry":{"type":"Polygon","coordinates":[[[-86.7732572717631,36.2580192437877],[-86.7732892174238,36.2577428392719],[-86.7734916722346,36.2577595729168],[-86.7734597305849,36.2580359747599],[-86.7732572717631,36.2580192437877]]]},"properties":{"id":"9943","parcel":"041140A02800CO","address":"1560 BRICK DR","owner":"PROGRESS RESIDENTIAL BORROWER 11, LLC","point":[-86.77337447289617,36.25788940841309]}},{"type":"Feature","id":"9945","geometry":{"type":"Polygon","coordinates":[[[-86.7727640253794,36.2593290545935],[-86.7727829923363,36.2591649518221],[-86.7731297034177,36.2591936053033],[-86.7731107382934,36.2593577090218],[-86.7727640253794,36.2593290545935]]]},"properties":{"id":"9945","parcel":"041140A03700CO","address":"1724 BRICK CT","owner":"PROGRESS RESIDENTIAL BORROWER 14 LLC","point":[-86.77294686480826,36.25926133008955]}},{"type":"Feature","id":"10094","geometry":{"type":"Polygon","coordinates":[[[-86.7759832593571,36.2587430423229],[-86.7760201380872,36.2584238232985],[-86.7762217409283,36.2584479732977],[-86.7761838309593,36.258776121337],[-86.7759832593571,36.2587430423229]]]},"properties":{"id":"10094","parcel":"041140A00100CO","address":"1505 BRICK DR","owner":"PATTERSON, THOMAS E. & ANNIE L.","point":[-86.77610250024998,36.25859550787211]}},{"type":"Feature","id":"10095","geometry":{"type":"Polygon","coordinates":[[[-86.7747802015364,36.258551157796],[-86.7748116411648,36.2582790604799],[-86.7750132399048,36.2583032098142],[-86.7749815128306,36.2585778198974],[-86.7748596851414,36.2585577265235],[-86.7747802015364,36.258551157796]]]},"properties":{"id":"10095","parcel":"041140A00700CO","address":"1529 BRICK DR","owner":"CLAY, DIEDRE","point":[-86.77489672140057,36.25842718386471]}},{"type":"Feature","id":"10096","geometry":{"type":"Polygon","coordinates":[[[-86.7739833404852,36.258485309384],[-86.774015280446,36.2582089029334],[-86.7742177365829,36.2582256335573],[-86.7741858006595,36.2585020400386],[-86.7739833404852,36.258485309384]]]},"properties":{"id":"10096","parcel":"041140A01100CO","address":"1545 BRICK DR","owner":"SELTZER, RON A. & ROGER A.","point":[-86.77410053951105,36.25835547153163]}},{"type":"Feature","id":"10097","geometry":{"type":"Polygon","coordinates":[[[-86.7735784237223,36.2584518461344],[-86.7736103650816,36.2581754397881],[-86.7738128210652,36.2581921728929],[-86.7737808837433,36.2584685792699],[-86.7735784237223,36.2584518461344]]]},"properties":{"id":"10097","parcel":"041140A01300CO","address":"1553 BRICK DR","owner":"DIXON, LELA LOUISE JACKSON & LAMARR RAMONE","point":[-86.77369562337074,36.25832200957464]}},{"type":"Feature","id":"10098","geometry":{"type":"Polygon","coordinates":[[[-86.7756554659667,36.2582524100007],[-86.7756914018665,36.257941349754],[-86.7758940949039,36.2579580985789],[-86.775857685912,36.2582732689013],[-86.7758485810004,36.2582755408186],[-86.7756554659667,36.2582524100007]]]},"properties":{"id":"10098","parcel":"041140A01700CO","address":"1512 BRICK DR","owner":"HARVELL, JANETTE","point":[-86.775774780875,36.258105254352294]}},{"type":"Feature","id":"10099","geometry":{"type":"Polygon","coordinates":[[[-86.7754536287284,36.258228231724],[-86.775488707802,36.2579246005962],[-86.7756914018665,36.257941349754],[-86.7756554659667,36.2582524100007],[-86.7754536287284,36.258228231724]]]},"properties":{"id":"10099","parcel":"041140A01800CO","address":"1516 BRICK DR","owner":"MOORE, GEMMA J. & WILLIAMS, GREGORY M.","point":[-86.77557251567096,36.25808479080085]}},{"type":"Feature","id":"10100","geometry":{"type":"Polygon","coordinates":[[[-86.7752495422452,36.2582037836489],[-86.7752837541648,36.2579076664209],[-86.775488707802,36.2579246005962],[-86.7754536287284,36.258228231724],[-86.7752495422452,36.2582037836489]]]},"properties":{"id":"10100","parcel":"041140A01900CO","address":"1520 BRICK DR","owner":"LOPEZ, FERNEY & PRESTES, CORALIO BENJAMIN","point":[-86.77536912527725,36.258064192184776]}},{"type":"Feature","id":"10101","geometry":{"type":"Polygon","coordinates":[[[-86.7728542531837,36.2579859345102],[-86.772886196907,36.2577095310207],[-86.7730867593603,36.257726105309],[-86.7730548163561,36.2580025115537],[-86.7728542531837,36.2579859345102]]]},"properties":{"id":"10101","parcel":"041140A03000CO","address":"1568 BRICK DR","owner":"MCLEAN, MYETTA N.","point":[-86.77297050654288,36.25785601996834]}},{"type":"Feature","id":"10102","geometry":{"type":"Polygon","coordinates":[[[-86.7728398860415,36.2586726416826],[-86.7728588493373,36.2585085379875],[-86.7732055598003,36.2585371912424],[-86.7731865983282,36.2587012949834],[-86.7728398860415,36.2586726416826]]]},"properties":{"id":"10102","parcel":"041140A03300CO","address":"1708 BRICK CT","owner":"GREEN, PATRICK E. & VICTORIA","point":[-86.77302272330716,36.258604916603616]}},{"type":"Feature","id":"10103","geometry":{"type":"Polygon","coordinates":[[[-86.7728019547548,36.2590008481671],[-86.772820920433,36.2588367444797],[-86.7731676334395,36.2588653987347],[-86.7731486684723,36.2590295024751],[-86.7728019547548,36.2590008481671]]]},"properties":{"id":"10103","parcel":"041140A03500CO","address":"1716 BRICK CT","owner":"TRAMMELL, COURTNEY","point":[-86.77298479425292,36.25893312359158]}},{"type":"Feature","id":"10104","geometry":{"type":"Polygon","coordinates":[[[-86.7728341597397,36.259707218946],[-86.7728074370662,36.2597044148395],[-86.772586407914,36.2596868840193],[-86.7727691182573,36.2581059218935],[-86.7729040919111,36.2581170686402],[-86.7728778147799,36.2583444342673],[-86.7728588493373,36.2585085379875],[-86.7728398860415,36.2586726416826],[-86.772820920433,36.2588367444797],[-86.7728019547548,36.2590008481671],[-86.7727829923363,36.2591649518221],[-86.7727640253794,36.2593290545935],[-86.7731107382934,36.2593577090218],[-86.7730971135309,36.2594756123043],[-86.7730958702901,36.2594939569824],[-86.7730929217213,36.2595056334463],[-86.7730878797239,36.2595168303222],[-86.7730808565453,36.2595273044569],[-86.773072003502,36.2595368250647],[-86.7730565404995,36.2595468178519],[-86.7730429475878,36.2595622313764],[-86.7730324485588,36.2595791554208],[-86.7730252943299,36.2595971882279],[-86.7730226291813,36.259616018759],[-86.7730238286691,36.2596349462356],[-86.7730288599587,36.2596534562571],[-86.7730375868001,36.2596710422938],[-86.7730497697126,36.2596872246123],[-86.7730656726695,36.2597013427132],[-86.7730842525289,36.2597131238826],[-86.7731049897501,36.2597222406865],[-86.7731273098921,36.2597284417469],[-86.7731505925166,36.2597315516847],[-86.7731498277416,36.2597374561251],[-86.7729652276694,36.2597217630729],[-86.7728341597397,36.259707218946]]]},"properties":{"id":"10104","parcel":"041140A03800CO","address":"1728 BRICK CT","owner":"FIELDS OF BRICK CHURCH HOMEOWNERS ASSOCIATION, INC.","point":[-86.77274332178594,36.25891866693153]}},{"type":"Feature","id":"10105","geometry":{"type":"Polygon","coordinates":[[[-86.773327155845,36.2588409663146],[-86.7733740771895,36.2584349571024],[-86.7735784237223,36.2584518461344],[-86.7737808837433,36.2584685792699],[-86.7739833404852,36.258485309384],[-86.7741858006595,36.2585020400386],[-86.7743882575724,36.2585187694741],[-86.7745777411199,36.2585344290387],[-86.7747802015364,36.258551157796],[-86.7748596851414,36.2585577265235],[-86.7749815128306,36.2585778198974],[-86.7751820802584,36.2586109005971],[-86.7753815477543,36.2586438005637],[-86.7755821188806,36.258676883281],[-86.7757826901479,36.2587099629615],[-86.7759832593571,36.2587430423229],[-86.7761838309593,36.258776121337],[-86.7762217409283,36.2584479732977],[-86.7764975509969,36.2584813372239],[-86.7765112916044,36.2584852892093],[-86.7765240217012,36.258491049276],[-86.7765353813734,36.2584984548093],[-86.7765450480806,36.2585072960897],[-86.7765527500877,36.2585173243177],[-86.7765582698475,36.2585282560983],[-86.7765614496348,36.2585397806144],[-86.7765622028242,36.2585515748761],[-86.7764980584567,36.2588840102931],[-86.7748494481803,36.2586121047977],[-86.7744699015774,36.2585807403671],[-86.7734352750526,36.258495237228],[-86.7733877065541,36.2589068572446],[-86.7733758901637,36.2589040551958],[-86.7733647846543,36.2588997498261],[-86.7733546782285,36.2588940537493],[-86.7733458349694,36.2588871166846],[-86.773338484746,36.2588791174103],[-86.7733328165465,36.2588702647071],[-86.7733289817364,36.2588607892265],[-86.7733270784285,36.2588509381832],[-86.773327155845,36.2588409663146]]]},"properties":{"id":"10105","parcel":"041140A04100CO","address":"3555 BRICK CHURCH PIKE","owner":"FIELDS OF BRICK CHURCH HOMEOWNERS ASSOCIATION, INC.","point":[-86.77530991247436,36.25866001914789]}},{"type":"Feature","id":"10373","geometry":{"type":"Polygon","coordinates":[[[-86.7751820802584,36.2586109005971],[-86.7752148421235,36.2583273605929],[-86.7754153325794,36.2583513766746],[-86.7753815477543,36.2586438005637],[-86.7751820802584,36.2586109005971]]]},"properties":{"id":"10373","parcel":"041140A00500CO","address":"1521 BRICK DR","owner":"JONES, CAROL & CALVIN","point":[-86.7752987072334,36.25848113869595]}},{"type":"Feature","id":"10374","geometry":{"type":"Polygon","coordinates":[[[-86.7741858006595,36.2585020400386],[-86.7742177365829,36.2582256335573],[-86.7744201982104,36.2582423475847],[-86.7743882575724,36.2585187694741],[-86.7741858006595,36.2585020400386]]]},"properties":{"id":"10374","parcel":"041140A01000CO","address":"1541 BRICK DR","owner":"HASSAN FAMILY REVOCABLE TRUST","point":[-86.77430299877159,36.25837219386953]}},{"type":"Feature","id":"10375","geometry":{"type":"Polygon","coordinates":[[[-86.7733740771895,36.2584349571024],[-86.773398048975,36.2582275011038],[-86.7734002188737,36.2582172319485],[-86.7734002285013,36.2582171922321],[-86.7734002404599,36.2582171633157],[-86.7734002545384,36.2582171235709],[-86.7734041652498,36.258207922064],[-86.7734094972341,36.2581992008363],[-86.7734161628798,36.2581911046477],[-86.7734161926068,36.2581910720127],[-86.7734162201787,36.2581910466013],[-86.7734162477506,36.25819102119],[-86.773423163379,36.2581848232254],[-86.7734232020517,36.2581847950393],[-86.7734310271249,36.2581793113483],[-86.7734415666383,36.2581737480966],[-86.773444445704,36.258172521099],[-86.7734580320149,36.2581682090998],[-86.7734722982742,36.258165724978],[-86.7734723616555,36.2581657200661],[-86.7734810189783,36.2581652419671],[-86.7734811535828,36.2581652375005],[-86.7734903146119,36.2581655177287],[-86.7736103650816,36.2581754397881],[-86.7735784237223,36.2584518461344],[-86.7733740771895,36.2584349571024]]]},"properties":{"id":"10375","parcel":"041140A01400CO","address":"1557 BRICK DR","owner":"BAUMSTEIN, JOSEPH A.","point":[-86.77348919007463,36.25833142443423]}},{"type":"Feature","id":"10376","geometry":{"type":"Polygon","coordinates":[[[-86.7744026422184,36.2581131350249],[-86.77439006053,36.2581128614661],[-86.7742695601386,36.2581029043104],[-86.7742929448286,36.2579005294755],[-86.7743014989472,36.2578264977529],[-86.7745070791807,36.2578434863541],[-86.7744830522611,36.2580512547998],[-86.7744804572302,36.2580626433436],[-86.7744755599201,36.2580734716486],[-86.7744755424864,36.2580735096127],[-86.7744755271636,36.2580735358469],[-86.7744755041574,36.2580735729455],[-86.7744687290072,36.2580829776021],[-86.7744602855918,36.2580914520505],[-86.774450365623,36.2580988003927],[-86.7744391945115,36.2581048589594],[-86.774439151309,36.2581048790637],[-86.7744391147564,36.2581048964216],[-86.7744390770559,36.2581049101819],[-86.7744275927297,36.2581090934613],[-86.7744274084931,36.2581091433093],[-86.7744153724296,36.2581118674026],[-86.7744152346456,36.258111888113],[-86.774402783508,36.2581131314157],[-86.7744027345833,36.2581131353342],[-86.7744026922999,36.2581131356051],[-86.7744026422184,36.2581131350249]]]},"properties":{"id":"10376","parcel":"041140A02300CO","address":"1540 BRICK DR","owner":"WILLIAMS, BRITTANY B.","point":[-86.77438800199448,36.25797589218225]}},{"type":"Feature","id":"10377","geometry":{"type":"Polygon","coordinates":[[[-86.7734597305849,36.2580359747599],[-86.7734916722346,36.2577595729168],[-86.7736941304514,36.2577763043988],[-86.7736621895186,36.2580527080964],[-86.7734597305849,36.2580359747599]]]},"properties":{"id":"10377","parcel":"041140A02700CO","address":"1556 BRICK DR","owner":"BOYD, ANNE D TRUST","point":[-86.77357693076387,36.25790613963897]}},{"type":"Feature","id":"10378","geometry":{"type":"Polygon","coordinates":[[[-86.772820920433,36.2588367444797],[-86.7728398860415,36.2586726416826],[-86.7731865983282,36.2587012949834],[-86.7731676334395,36.2588653987347],[-86.772820920433,36.2588367444797]]]},"properties":{"id":"10378","parcel":"041140A03400CO","address":"1712 BRICK CT","owner":"BUTLER, DELORES","point":[-86.77300375955978,36.258769019872275]}},{"type":"Feature","id":"10379","geometry":{"type":"Polygon","coordinates":[[[-86.7727829923363,36.2591649518221],[-86.7728019547548,36.2590008481671],[-86.7731486684723,36.2590295024751],[-86.7731297034177,36.2591936053033],[-86.7727829923363,36.2591649518221]]]},"properties":{"id":"10379","parcel":"041140A03600CO","address":"1720 BRICK CT","owner":"GOULD, ANDREW J","point":[-86.77296582984509,36.25909722728794]}},{"type":"Feature","id":"10380","geometry":{"type":"Polygon","coordinates":[[[-86.7762609750469,36.2583249392237],[-86.776299482322,36.2579915924976],[-86.7760967891398,36.2579748470565],[-86.7758940949039,36.2579580985789],[-86.7756914018665,36.257941349754],[-86.775488707802,36.2579246005962],[-86.7752837541648,36.2579076664209],[-86.7750769763928,36.2578905813748],[-86.7748703033672,36.2578735016123],[-86.7746622695243,36.2578563112564],[-86.77466858857,36.2578016102226],[-86.7746686565163,36.2578016169969],[-86.7762647528919,36.2579334996261],[-86.7766749147456,36.2579673870024],[-86.7766088513546,36.2583097765126],[-86.7766023951166,36.2583205869852],[-86.7765938101001,36.2583303756077],[-86.7765833329097,36.2583388722881],[-86.7765712561043,36.2583458390194],[-86.7765579171854,36.258351081667],[-86.7765436863917,36.258354453652],[-86.7765289623101,36.2583558622882],[-86.7765141540544,36.2583552670941],[-86.7762609750469,36.2583249392237]]]},"properties":{"id":"10380","parcel":"041140A04000CO","address":"3553 BRICK CHURCH PIKE","owner":"FIELDS OF BRICK CHURCH HOMEOWNERS ASSOCIATION, INC.","point":[-86.77646031148232,36.25815069608997]}},{"type":"Feature","id":"53122","geometry":{"type":"Polygon","coordinates":[[[-86.7759673483408,36.2578537019967],[-86.7760079730106,36.2575297759633],[-86.7762249939965,36.2575662542066],[-86.7762363430344,36.2575678179645],[-86.7762032035989,36.257873190725],[-86.7759673483408,36.2578537019967]]]},"properties":{"id":"53122","parcel":"050020A00300CO","address":"1805 BELLE ARBOR DR","owner":"MILE HIGH TL BORROWER 1 (CORE) LLC","point":[-86.7761030546191,36.257710762321175]}},{"type":"Feature","id":"53125","geometry":{"type":"Polygon","coordinates":[[[-86.7750747951512,36.2577799530894],[-86.7751160477994,36.2574510304446],[-86.7752911305957,36.2574654347933],[-86.7752498681387,36.2577944188487],[-86.7750747951512,36.2577799530894]]]},"properties":{"id":"53125","parcel":"050020A00800CO","address":"1825 BELLE ARBOR DR","owner":"ESTLEMAN, ROBERT F. JR. & DEBORAH","point":[-86.77518296241138,36.257622693991806]}},{"type":"Feature","id":"53128","geometry":{"type":"Polygon","coordinates":[[[-86.7755648662912,36.2561834903986],[-86.7755810253129,36.2560329768758],[-86.7759864901008,36.2560615270686],[-86.775970331843,36.2562120406443],[-86.7755648662912,36.2561834903986]]]},"properties":{"id":"53128","parcel":"050020A06300CO","address":"3766 WILLOW CREEK RD","owner":"WHITE, SHELIA A.","point":[-86.77577567835739,36.25612250892025]}},{"type":"Feature","id":"53131","geometry":{"type":"Polygon","coordinates":[[[-86.7755810253129,36.2560329768758],[-86.7755957124657,36.2558961482954],[-86.7760011765588,36.25592469844],[-86.7759864901008,36.2560615270686],[-86.7755810253129,36.2560329768758]]]},"properties":{"id":"53131","parcel":"050020A06400CO","address":"3762 WILLOW CREEK RD","owner":"ESCOBAR, GRANT T","point":[-86.77579110107857,36.255978837843124]}},{"type":"Feature","id":"53134","geometry":{"type":"Polygon","coordinates":[[[-86.7761564459152,36.255937085599],[-86.7761717174578,36.2557948114617],[-86.7766109679317,36.2558257363152],[-86.7765956982842,36.2559680104995],[-86.7761564459152,36.255937085599]]]},"properties":{"id":"53134","parcel":"050020A06800CO","address":"3759 WILLOW CREEK RD","owner":"ALLEN, BRENDA","point":[-86.77638370730125,36.25588141117421]}},{"type":"Feature","id":"53137","geometry":{"type":"Polygon","coordinates":[[[-86.7761403972424,36.2560865954147],[-86.7761564459152,36.255937085599],[-86.7765956982842,36.2559680104995],[-86.7765796504602,36.2561175230758],[-86.7761403972424,36.2560865954147]]]},"properties":{"id":"53137","parcel":"050020A06900CO","address":"3763 WILLOW CREEK RD","owner":"MORALES, JOSE JUAN PEDROZA & TORRES, NORMA ANGELICA L","point":[-86.77636804799589,36.25602730317473]}},{"type":"Feature","id":"53139","geometry":{"type":"Polygon","coordinates":[[[-86.7761213076399,36.2565484307315],[-86.776121293908,36.2565483920661],[-86.7761212846446,36.2565483551745],[-86.776121274242,36.2565483155865],[-86.7761121696211,36.2565102522734],[-86.7761121600666,36.2565101856426],[-86.7761067952794,36.2564716476852],[-86.7761067924716,36.256471588221],[-86.7761052032853,36.2564328196277],[-86.7761052050695,36.256432774554],[-86.7761074038134,36.2563940122732],[-86.7761101182415,36.2563687085874],[-86.7761106211021,36.2563640378059],[-86.7765691934782,36.2563963239751],[-86.7765896490541,36.256462717967],[-86.7761341101717,36.2565858286047],[-86.7761213076399,36.2565484307315]]]},"properties":{"id":"53139","parcel":"050020A07200CO","address":"3775 WILLOW CREEK RD","owner":"BROWN, MALVIN & AUDRELLE D.","point":[-86.77629610131919,36.256491265820785]}},{"type":"Feature","id":"53143","geometry":{"type":"Polygon","coordinates":[[[-86.7762860097988,36.2568569938858],[-86.7766666159488,36.2567125487915],[-86.7767205264811,36.2568875360101],[-86.7763480397908,36.256979974091],[-86.7763300316217,36.2569370192618],[-86.7763082206413,36.2568953794445],[-86.7762860097988,36.2568569938858]]]},"properties":{"id":"53143","parcel":"050020A07500CO","address":"3787 WILLOW CREEK RD","owner":"GREER, UNDREA N.","point":[-86.7765826509536,36.25678497015037]}},{"type":"Feature","id":"53145","geometry":{"type":"Polygon","coordinates":[[[-86.7763480397908,36.256979974091],[-86.7767205264811,36.2568875360101],[-86.7767542008083,36.2569968335114],[-86.7767403386591,36.2570727723499],[-86.7763765592041,36.2570997187031],[-86.7763703358813,36.2570593207009],[-86.7763702777301,36.2570590642196],[-86.7763608184525,36.2570193476203],[-86.7763480397908,36.256979974091]]]},"properties":{"id":"53145","parcel":"050020A07600CO","address":"3791 WILLOW CREEK RD","owner":"GOLDEN HOMES, LLC","point":[-86.77655118659617,36.256988404097406]}},{"type":"Feature","id":"53650","geometry":{"type":"Polygon","coordinates":[[[-86.7755949982608,36.2578229365866],[-86.775636272522,36.2574938252557],[-86.77582928132,36.2575097026554],[-86.7757879973951,36.2578388826124],[-86.7755949982608,36.2578229365866]]]},"properties":{"id":"53650","parcel":"050020A00500CO","address":"1813 BELLE ARBOR DR","owner":"FLOWERS, DANIEL & TUVACHE","point":[-86.77571213958032,36.257666319680396]}},{"type":"Feature","id":"53654","geometry":{"type":"Polygon","coordinates":[[[-86.7748126115479,36.2572880116232],[-86.774798257144,36.2572853287292],[-86.7747982092005,36.257285319123],[-86.7747981745919,36.2572853076287],[-86.7747981277258,36.2572852944105],[-86.7747846418456,36.2572805051431],[-86.7747723394145,36.2572739517588],[-86.7747615694313,36.2572658194796],[-86.7747526379302,36.2572563379637],[-86.7747457968186,36.2572457777725],[-86.7747457775414,36.257245740945],[-86.7747457672627,36.2572457139736],[-86.774745751306,36.2572456753223],[-86.7747414481519,36.2572342877378],[-86.7747396443798,36.2572224524318],[-86.7747396395414,36.257222412808],[-86.7747396403634,36.2572223830616],[-86.7747396421924,36.2572223424939],[-86.7747404028937,36.2572104573997],[-86.7747726445592,36.2569533993317],[-86.7749919345527,36.2569714401707],[-86.7749508044653,36.2572993814772],[-86.7748126115479,36.2572880116232]]]},"properties":{"id":"53654","parcel":"050020A05300CO","address":"1828 BELLE ARBOR DR","owner":"FIGUEROA, HILARIO","point":[-86.7748661691474,36.25709094885363]}},{"type":"Feature","id":"53656","geometry":{"type":"Polygon","coordinates":[[[-86.7757885589425,36.2573487132736],[-86.775808374671,36.2571907265992],[-86.7762180855482,36.2572244291415],[-86.7762037464287,36.2573387604264],[-86.7762001661711,36.2573495109493],[-86.7761945081551,36.2573596169095],[-86.7761944791183,36.2573596630595],[-86.7761944604404,36.2573596875131],[-86.7761868988597,36.2573688693063],[-86.7761868713596,36.2573689019278],[-86.7761868504475,36.2573689254945],[-86.7761868162446,36.2573689554553],[-86.7761775311653,36.2573770217619],[-86.7761774969448,36.2573770499203],[-86.7761774704427,36.2573770708192],[-86.7761774317448,36.2573770963026],[-86.77616665705,36.2573838401358],[-86.7761666172217,36.2573838638241],[-86.7761665884588,36.2573838811325],[-86.7761665452572,36.2573839012374],[-86.7761545651935,36.2573891450282],[-86.7761545219742,36.2573891633308],[-86.7761544887251,36.2573891770629],[-86.7761544432451,36.257389191775],[-86.7761414131268,36.2573926596457],[-86.7761278967985,36.2573945444458],[-86.7761141842912,36.2573948046577],[-86.7759403843428,36.2573796993046],[-86.7757885589425,36.2573487132736]]]},"properties":{"id":"53656","parcel":"050020A05500CO","address":"3798 WILLOW CREEK RD","owner":"BLACKSHEAR, JESSICA C BELL","point":[-86.7760039952926,36.257281207485356]}},{"type":"Feature","id":"53658","geometry":{"type":"Polygon","coordinates":[[[-86.7755308608327,36.2565002982429],[-86.7755501801446,36.2563203189565],[-86.7759556452785,36.2563488692575],[-86.7759511124093,36.2563910964929],[-86.7759490962244,36.2564341925898],[-86.7759508234795,36.2564772970924],[-86.7755308608327,36.2565002982429]]]},"properties":{"id":"53658","parcel":"050020A06100CO","address":"3774 WILLOW CREEK RD","owner":"SN TENNESSEE, LLC","point":[-86.77574522826333,36.256412260627975]}},{"type":"Feature","id":"53659","geometry":{"type":"Polygon","coordinates":[[[-86.7762647528919,36.2579334996261],[-86.7762840569488,36.2577556193888],[-86.7767090010231,36.2577907283999],[-86.7766749147456,36.2579673870024],[-86.7762647528919,36.2579334996261]]]},"properties":{"id":"53659","parcel":"050020A00100CO","address":"3551 BRICK CHURCH PIKE","owner":"GRIFFITH, ALICIA","point":[-86.77648384770826,36.25786210855961]}},{"type":"Feature","id":"53661","geometry":{"type":"Polygon","coordinates":[[[-86.7756104250039,36.2557590762079],[-86.7756251153491,36.2556222430854],[-86.7760305769391,36.2556507931409],[-86.776015890609,36.2557876244877],[-86.7756104250039,36.2557590762079]]]},"properties":{"id":"53661","parcel":"050020A06600CO","address":"3754 WILLOW CREEK RD","owner":"LINKUS, DALTON","point":[-86.77582050173662,36.25570493486079]}},{"type":"Feature","id":"53662","geometry":{"type":"Polygon","coordinates":[[[-86.7762840569488,36.2577556193888],[-86.7763037907833,36.2575737961325],[-86.7766580284451,36.2576026479685],[-86.7766710532295,36.2576047668972],[-86.7766834397918,36.2576085283909],[-86.7766834799732,36.2576085407501],[-86.7766835235281,36.2576085566925],[-86.7766835604155,36.2576085735791],[-86.7766950610091,36.2576139053283],[-86.7767053279546,36.2576206437389],[-86.7767053671558,36.257620669623],[-86.776705391821,36.2576206883907],[-86.7767054277106,36.2576207169998],[-86.7767141244293,36.2576288092596],[-86.776721203825,36.2576378780497],[-86.7767264991398,36.2576477126496],[-86.7767298879479,36.2576580840291],[-86.7767298960548,36.2576581164218],[-86.7767299041706,36.2576581497157],[-86.7767299100521,36.2576581821228],[-86.776730454401,36.2576612680931],[-86.7767310330244,36.2576688735889],[-86.776731488966,36.257674179895],[-86.7767090010231,36.2577907283999],[-86.7762840569488,36.2577556193888]]]},"properties":{"id":"53662","parcel":"050020A00200CO","address":"3549 BRICK CHURCH PIKE","owner":"WENGER, BETHANY & MOORE, TRAVIS M.","point":[-86.77650603759426,36.25771489660908]}},{"type":"Feature","id":"53663","geometry":{"type":"Polygon","coordinates":[[[-86.7761717174578,36.2557948114617],[-86.7761871032239,36.2556514803223],[-86.7766263440344,36.2556825214389],[-86.7766109679317,36.2558257363152],[-86.7761717174578,36.2557948114617]]]},"properties":{"id":"53663","parcel":"050020A06700CO","address":"3755 WILLOW CREEK RD","owner":"SEARS, STEPHEN A.","point":[-86.77639903019343,36.25573866666577]}},{"type":"Feature","id":"53665","geometry":{"type":"Polygon","coordinates":[[[-86.7761341101717,36.2565858286047],[-86.7765896490541,36.256462717967],[-86.7766247793032,36.2565767512175],[-86.7762140549261,36.2567326254938],[-86.7761729985636,36.2566616592714],[-86.7761515934318,36.2566244031791],[-86.7761341101717,36.2565858286047]]]},"properties":{"id":"53665","parcel":"050020A07300CO","address":"3779 WILLOW CREEK RD","owner":"BEASLEY, RICHARD L. JR.","point":[-86.77634544756687,36.25660549486193]}},{"type":"Feature","id":"53666","geometry":{"type":"Polygon","coordinates":[[[-86.7752498681387,36.2577944188487],[-86.7752911305957,36.2574654347933],[-86.7754612998736,36.2574794324157],[-86.7754200298222,36.257808478767],[-86.7752498681387,36.2577944188487]]]},"properties":{"id":"53666","parcel":"050020A00700CO","address":"1821 BELLE ARBOR DR","owner":"DANG, HAI & TRAN, LOAN ANH","point":[-86.77535558410058,36.2576369256815]}},{"type":"Feature","id":"53668","geometry":{"type":"Polygon","coordinates":[[[-86.7762140549261,36.2567326254938],[-86.7766247793032,36.2565767512175],[-86.7766666159488,36.2567125487915],[-86.7762860097988,36.2568569938858],[-86.7762140549261,36.2567326254938]]]},"properties":{"id":"53668","parcel":"050020A07400CO","address":"3783 WILLOW CREEK RD","owner":"EMERTON, THOMAS IV & SCHWANTES, KARA","point":[-86.77644033556263,36.256722587356954]}},{"type":"Feature","id":"53669","geometry":{"type":"Polygon","coordinates":[[[-86.7746750835485,36.2577469215782],[-86.7746836042794,36.2576744077338],[-86.7747057083947,36.2574862959929],[-86.7747080788766,36.2574757335212],[-86.7747080885035,36.2574756938046],[-86.7747080993399,36.2574756639941],[-86.774708114548,36.2574756260443],[-86.7747124847419,36.2574655230044],[-86.7747187697228,36.2574560710047],[-86.7747187938591,36.2574560357014],[-86.7747188147804,36.2574560130361],[-86.7747188445066,36.2574559804007],[-86.774726856757,36.2574474627329],[-86.7747364399095,36.2574400480308],[-86.7747364774687,36.2574400198514],[-86.7747365084397,36.2574400007267],[-86.7747365482772,36.2574399779401],[-86.7747474151402,36.2574338843435],[-86.7747593587728,36.2574292294397],[-86.7747594042267,36.2574292120246],[-86.7747594364073,36.2574292028059],[-86.7747594841219,36.2574291889812],[-86.7747722391705,36.2574262619684],[-86.7747853782537,36.257424827658],[-86.7747986357064,36.2574249156917],[-86.774939536221,36.2574365088312],[-86.7748982911241,36.2577653673756],[-86.7746750835485,36.2577469215782]]]},"properties":{"id":"53669","parcel":"050020A01000CO","address":"1833 BELLE ARBOR DR","owner":"BROWN, LISA C.","point":[-86.77480804921174,36.25758056539138]}},{"type":"Feature","id":"53670","geometry":{"type":"Polygon","coordinates":[[[-86.7763765592041,36.2570997187031],[-86.7767403386591,36.2570727723499],[-86.776705433812,36.2572639724521],[-86.7763733692922,36.2572366582232],[-86.7763758103719,36.2572171945621],[-86.7763791572354,36.2571780752247],[-86.7763791587811,36.2571780058189],[-86.7763794063209,36.2571388631345],[-86.7763794034334,36.2571387955597],[-86.7763765592041,36.2570997187031]]]},"properties":{"id":"53670","parcel":"050020A07700CO","address":"3795 WILLOW CREEK RD","owner":"BEAIRD, NANNIE K","point":[-86.7765519326431,36.25715875711323]}},{"type":"Feature","id":"53672","geometry":{"type":"Polygon","coordinates":[[[-86.7766731068566,36.2574410640886],[-86.776705433812,36.2572639724521],[-86.7767403386591,36.2570727723499],[-86.7767542008083,36.2569968335114],[-86.7767205264811,36.2568875360101],[-86.7766666159488,36.2567125487915],[-86.7766247793032,36.2565767512175],[-86.7765896490541,36.256462717967],[-86.7765691934782,36.2563963239751],[-86.7765547580551,36.2563494699531],[-86.7765643715337,36.2562598838224],[-86.7765796504602,36.2561175230758],[-86.7765956982842,36.2559680104995],[-86.7766109679317,36.2558257363152],[-86.7766263440344,36.2556825214389],[-86.7770798362062,36.2557145724366],[-86.7770797305434,36.255716166519],[-86.7770776070247,36.255748136555],[-86.7770660821894,36.2558680006771],[-86.7770660638748,36.2558681756366],[-86.7770510870304,36.2559877942819],[-86.7770510630906,36.2559879629688],[-86.777032616269,36.2561074344875],[-86.7770113244888,36.2562241133071],[-86.7770078169294,36.2562422635206],[-86.7769295773052,36.2565674160615],[-86.7767720505449,36.2573838857513],[-86.7767685575605,36.2573951314155],[-86.7767627983395,36.2574057472568],[-86.776754930206,36.2574154357539],[-86.7767451752696,36.2574239242037],[-86.7767338082821,36.2574309747135],[-86.776721147789,36.2574363896648],[-86.7767075495059,36.2574400171641],[-86.7766933930016,36.2574417547332],[-86.7766790784127,36.2574415547376],[-86.7766731068566,36.2574410640886]]]},"properties":{"id":"53672","parcel":"050020A90000CO","address":"3547 BRICK CHURCH PIKE","owner":"BELLE ARBOR HOMEOWNER'S ASSO.","point":[-86.77677388979804,36.25651509377807]}},{"type":"Feature","id":"53673","geometry":{"type":"Polygon","coordinates":[[[-86.7749508044653,36.2572993814772],[-86.7749919345527,36.2569714401707],[-86.7751534862236,36.2569847292347],[-86.775167338104,36.2569858696741],[-86.7751280349866,36.257299264038],[-86.7750364337713,36.2573020740673],[-86.7750005776022,36.2573026320941],[-86.7749648100667,36.2573005326703],[-86.7749508044653,36.2572993814772]]]},"properties":{"id":"53673","parcel":"050020A05400CO","address":"1824 BELLE ARBOR DR","owner":"SIMS, LARRY & LYNETTE","point":[-86.77505910021038,36.25714240030699]}},{"type":"Feature","id":"53674","geometry":{"type":"Polygon","coordinates":[[[-86.7754198543428,36.2572924466232],[-86.7753834473464,36.2572912977345],[-86.7751280349866,36.257299264038],[-86.775167338104,36.2569858696741],[-86.7751534862236,36.2569847292347],[-86.7751572875724,36.2567600144252],[-86.775160135066,36.2565917173861],[-86.7751610531629,36.2565374483994],[-86.775539188309,36.2565416444164],[-86.7755700931026,36.256694241442],[-86.7756635307727,36.256855741521],[-86.7757360485914,36.2569810844689],[-86.7758057153252,36.2571015005408],[-86.775808374671,36.2571907265992],[-86.7757885589425,36.2573487132736],[-86.7755889334608,36.2573087915944],[-86.7755502277529,36.2573032387038],[-86.7754198543428,36.2572924466232]]]},"properties":{"id":"53674","parcel":"050020A90200CO","address":"1820 BELLE ARBOR DR","owner":"BELLE ARBOR HOMEOWNER'S ASSO.","point":[-86.77542720750667,36.25691790156371]}},{"type":"Feature","id":"53676","geometry":{"type":"Polygon","coordinates":[[[-86.775808374671,36.2571907265992],[-86.7758057153252,36.2571015005408],[-86.7761876973131,36.2569888242619],[-86.7762013859367,36.2570235172016],[-86.7762014007814,36.2570235558598],[-86.7762014156261,36.2570235945179],[-86.7762014271415,36.2570236340988],[-86.7762118857383,36.2570590453493],[-86.7762118995851,36.2570590957301],[-86.7762190775769,36.2570950606894],[-86.7762190904962,36.2570951300023],[-86.7762229424354,36.2571314398737],[-86.7762229463472,36.2571314984295],[-86.7762234488462,36.2571679244473],[-86.7762234492433,36.2571679650008],[-86.776223449561,36.2571679974436],[-86.77622344662,36.2571680380185],[-86.7762205937142,36.257204426108],[-86.7762180855482,36.2572244291415],[-86.775808374671,36.2571907265992]]]},"properties":{"id":"53676","parcel":"050020A05600CO","address":"3794 WILLOW CREEK RD","owner":"FLOYD, STUART","point":[-86.77601377268775,36.25711646934764]}},{"type":"Feature","id":"53678","geometry":{"type":"Polygon","coordinates":[[[-86.7756635307727,36.256855741521],[-86.7760320736976,36.2567158793922],[-86.7761045919624,36.2568412212229],[-86.7757360485914,36.2569810844689],[-86.7756635307727,36.256855741521]]]},"properties":{"id":"53678","parcel":"050020A05800CO","address":"3786 WILLOW CREEK RD","owner":"ARMSTRONG, JANET T. LIVING TRUST","point":[-86.77588406145159,36.25684848157543]}},{"type":"Feature","id":"53680","geometry":{"type":"Polygon","coordinates":[[[-86.7755700931026,36.256694241442],[-86.7759772841617,36.2566016576934],[-86.7759897870129,36.2566336842788],[-86.7760042352639,36.2566651693383],[-86.7760205936552,36.2566960346891],[-86.7760320736976,36.2567158793922],[-86.7756635307727,36.256855741521],[-86.7755700931026,36.256694241442]]]},"properties":{"id":"53680","parcel":"050020A05900CO","address":"3782 WILLOW CREEK RD","owner":"DN HOLDINGS, LLC","point":[-86.77573531488652,36.25678559975766]}},{"type":"Feature","id":"53682","geometry":{"type":"Polygon","coordinates":[[[-86.7755957124657,36.2558961482954],[-86.7756104250039,36.2557590762079],[-86.776015890609,36.2557876244877],[-86.7760011765588,36.25592469844],[-86.7755957124657,36.2558961482954]]]},"properties":{"id":"53682","parcel":"050020A06500CO","address":"3758 WILLOW CREEK RD","owner":"CHAVEZ, SONIA","point":[-86.77580580127923,36.25584188657605]}},{"type":"Feature","id":"53684","geometry":{"type":"Polygon","coordinates":[[[-86.7761251175593,36.2562289588106],[-86.7761403972424,36.2560865954147],[-86.7765796504602,36.2561175230758],[-86.7765643715337,36.2562598838224],[-86.7761251175593,36.2562289588106]]]},"properties":{"id":"53684","parcel":"050020A07000CO","address":"3767 WILLOW CREEK RD","owner":"DENNIS, DOMINIQUE","point":[-86.77635238410618,36.2561732411598]}},{"type":"Feature","id":"53686","geometry":{"type":"Polygon","coordinates":[[[-86.7761106211021,36.2563640378059],[-86.7761251175593,36.2562289588106],[-86.7765643715337,36.2562598838224],[-86.7765547580551,36.2563494699531],[-86.7765691934782,36.2563963239751],[-86.7761106211021,36.2563640378059]]]},"properties":{"id":"53686","parcel":"050020A07100CO","address":"3771 WILLOW CREEK RD","owner":"WHITTAKER, BRIAN K.","point":[-86.77633832260376,36.256304263419004]}},{"type":"Feature","id":"53688","geometry":{"type":"Polygon","coordinates":[[[-86.7762647528919,36.2579334996261],[-86.7746686565163,36.2578016169969],[-86.7746750835485,36.2577469215782],[-86.7748982911241,36.2577653673756],[-86.7750747951512,36.2577799530894],[-86.7752498681387,36.2577944188487],[-86.7754200298222,36.257808478767],[-86.7755949982608,36.2578229365866],[-86.7757879973951,36.2578388826124],[-86.7759673483408,36.2578537019967],[-86.7762032035989,36.257873190725],[-86.7762363430344,36.2575678179645],[-86.7763037907833,36.2575737961325],[-86.7762840569488,36.2577556193888],[-86.7762647528919,36.2579334996261]]]},"properties":{"id":"53688","parcel":"050020A90100CO","address":"0 BRICK CHURCH PIKE","owner":"BELLE ARBOR HOMEOWNER'S ASSO.","point":[-86.77625032472929,36.25775271740086]}},{"type":"Feature","id":"53801","geometry":{"type":"Polygon","coordinates":[[[-86.7757879973951,36.2578388826124],[-86.77582928132,36.2575097026554],[-86.7759351819387,36.2575184767417],[-86.7759716961045,36.2575236272075],[-86.7760079730106,36.2575297759633],[-86.7759673483408,36.2578537019967],[-86.7757879973951,36.2578388826124]]]},"properties":{"id":"53801","parcel":"050020A00400CO","address":"1809 BELLE ARBOR DR","owner":"GOODMAN, ASHLEY N.","point":[-86.77589798532453,36.257684329341]}},{"type":"Feature","id":"53803","geometry":{"type":"Polygon","coordinates":[[[-86.7754200298222,36.257808478767],[-86.7754612998736,36.2574794324157],[-86.775636272522,36.2574938252557],[-86.7755949982608,36.2578229365866],[-86.7754200298222,36.257808478767]]]},"properties":{"id":"53803","parcel":"050020A00600CO","address":"1817 BELLE ARBOR DR","owner":"RHODES, TESSA A.","point":[-86.77552815215657,36.25765115206449]}},{"type":"Feature","id":"53805","geometry":{"type":"Polygon","coordinates":[[[-86.7748982911241,36.2577653673756],[-86.774939536221,36.2574365088312],[-86.7751160477994,36.2574510304446],[-86.7750747951512,36.2577799530894],[-86.7748982911241,36.2577653673756]]]},"properties":{"id":"53805","parcel":"050020A00900CO","address":"1829 BELLE ARBOR DR","owner":"CRAWFORD, VANESSA A. & MILLER, JERMONT D.","point":[-86.77500716962031,36.25760819896237]}},{"type":"Feature","id":"53807","geometry":{"type":"Polygon","coordinates":[[[-86.7757360485914,36.2569810844689],[-86.7761045919624,36.2568412212229],[-86.7761761223044,36.2569648578874],[-86.7761876973131,36.2569888242619],[-86.7758057153252,36.2571015005408],[-86.7757360485914,36.2569810844689]]]},"properties":{"id":"53807","parcel":"050020A05700CO","address":"3790 WILLOW CREEK RD","owner":"WALTERS, ABIGAIL S.","point":[-86.77596932325872,36.25697299617406]}},{"type":"Feature","id":"53809","geometry":{"type":"Polygon","coordinates":[[[-86.7755308608327,36.2565002982429],[-86.7759508234795,36.2564772970924],[-86.7759564522845,36.256519168871],[-86.775965283419,36.2565606758087],[-86.7759772841617,36.2566016576934],[-86.7755700931026,36.256694241442],[-86.775539188309,36.2565416444164],[-86.7755308608327,36.2565002982429]]]},"properties":{"id":"53809","parcel":"050020A06000CO","address":"3778 WILLOW CREEK RD","owner":"BALYORUGULU, ROBERT","point":[-86.77575915764633,36.256580769282415]}},{"type":"Feature","id":"53811","geometry":{"type":"Polygon","coordinates":[[[-86.7755501801446,36.2563203189565],[-86.7755648662912,36.2561834903986],[-86.775970331843,36.2562120406443],[-86.7759556452785,36.2563488692575],[-86.7755501801446,36.2563203189565]]]},"properties":{"id":"53811","parcel":"050020A06200CO","address":"3770 WILLOW CREEK RD","owner":"MONDARY, MATTHEW SEAN","point":[-86.77576025591502,36.25626617998521]}},{"type":"Feature","id":"53813","geometry":{"type":"Polygon","coordinates":[[[-86.7764354182573,36.2574215105556],[-86.7764224905701,36.2574197577846],[-86.7764224415312,36.2574197499885],[-86.7764224069488,36.2574197411983],[-86.7764223589785,36.2574197288891],[-86.7764099663279,36.2574163639557],[-86.7763983452719,36.2574114529338],[-86.7763983016818,36.2574114333865],[-86.7763982714708,36.2574114164569],[-86.7763982300709,36.2574113932905],[-86.7763877348144,36.2574050844123],[-86.7763785646212,36.2573974989672],[-86.7763785309484,36.2573974694425],[-86.776378508447,36.2573974443522],[-86.776378478086,36.2573974121024],[-86.7763709134119,36.2573887808102],[-86.7763650971865,36.2573792676807],[-86.7763650699915,36.2573792178363],[-86.7763650483336,36.2573791652526],[-86.7763611569645,36.2573690575513],[-86.7763592647105,36.257358552174],[-86.7763592587585,36.2573585125574],[-86.7763592584761,36.2573584837194],[-86.7763592580788,36.2573584431658],[-86.7763594248034,36.2573478578677],[-86.7763733692922,36.2572366582232],[-86.776705433812,36.2572639724521],[-86.7766731068566,36.2574410640886],[-86.7764354182573,36.2574215105556]]]},"properties":{"id":"53813","parcel":"050020A07800CO","address":"3799 WILLOW CREEK RD","owner":"ARMM ASSETS 2 LLC","point":[-86.77653122240433,36.257305913030585]}},{"type":"Feature","id":"53951","geometry":{"type":"Polygon","coordinates":[[[-86.77495733239,36.2559556121936],[-86.774812699676,36.2552893104476],[-86.7756544881867,36.2553485858804],[-86.7756398012281,36.2554854135889],[-86.7756251153491,36.2556222430854],[-86.7756104250039,36.2557590762079],[-86.7755957124657,36.2558961482954],[-86.7755810253129,36.2560329768758],[-86.7755648662912,36.2561834903986],[-86.7755501801446,36.2563203189565],[-86.7755308608327,36.2565002982429],[-86.775539188309,36.2565416444164],[-86.7751610531629,36.2565374483994],[-86.7751618009674,36.2564933023941],[-86.775163615917,36.2563861200265],[-86.77495733239,36.2559556121936]]]},"properties":{"id":"53951","parcel":"050020A90300CO","address":"0 BELLE ARBOR DR","owner":"BELLE ARBOR HOMEOWNER'S ASSO.","point":[-86.77527160148,36.25592587142581]}},{"type":"Feature","id":"83783","geometry":{"type":"Polygon","coordinates":[[[-86.7737258339198,36.2576684774066],[-86.7737670322948,36.2573400395632],[-86.7739652724017,36.257356350579],[-86.7739240655204,36.2576848597465],[-86.7737258339198,36.2576684774066]]]},"properties":{"id":"83783","parcel":"050020A01400CO","address":"1849 BELLE ARBOR DR","owner":"CLARK, SHANIQUA","point":[-86.77384555330688,36.25751241405541]}},{"type":"Feature","id":"83786","geometry":{"type":"Polygon","coordinates":[[[-86.7731311396008,36.2576193275342],[-86.7731723146888,36.2572911045498],[-86.7733705534383,36.2573074165486],[-86.7733293709556,36.2576357108499],[-86.7731311396008,36.2576193275342]]]},"properties":{"id":"83786","parcel":"050020A01700CO","address":"1861 BELLE ARBOR DR","owner":"HICKS, GARY A. & WATKINS-HICKS, VASHON M.","point":[-86.77325084692988,36.25746337210451]}},{"type":"Feature","id":"83789","geometry":{"type":"Polygon","coordinates":[[[-86.7717498695294,36.2582003945885],[-86.7717656750461,36.2580636468844],[-86.7721709072538,36.2580943680853],[-86.77215510243,36.2582311158411],[-86.7717498695294,36.2582003945885]]]},"properties":{"id":"83789","parcel":"050020A03200CO","address":"1434 HAVENBROOK DR","owner":"SFR JV-2 2022-2 BORROWER, LLC","point":[-86.77196038853155,36.25814738152288]}},{"type":"Feature","id":"83792","geometry":{"type":"Polygon","coordinates":[[[-86.7720103733013,36.2575304132064],[-86.772051963935,36.2571989119432],[-86.7721862372815,36.2572099621179],[-86.7721979478374,36.2572115257467],[-86.7722092738778,36.2572143977359],[-86.7722199956285,36.2572185209092],[-86.7722299019884,36.2572238146026],[-86.7722388016657,36.2572301754943],[-86.7722406059374,36.2572317068954],[-86.7722406620646,36.2572317570064],[-86.7722424505062,36.2572333768307],[-86.772244201818,36.2572350689919],[-86.7722458586988,36.2572367770777],[-86.7722459093064,36.2572368317302],[-86.772247441344,36.2572385180827],[-86.7722530905165,36.2572458992277],[-86.7722575529279,36.2572537962593],[-86.7722585243006,36.257255957546],[-86.7722615728515,36.2572651605052],[-86.7722630247978,36.2572746161031],[-86.7722628538855,36.257284142456],[-86.7722341248822,36.2575473760919],[-86.7720103733013,36.2575304132064]]]},"properties":{"id":"83792","parcel":"050020A03700CO","address":"1901 BELLE ARBOR DR","owner":"FOOTE, NORA","point":[-86.77213762008597,36.257407279816704]}},{"type":"Feature","id":"83795","geometry":{"type":"Polygon","coordinates":[[[-86.7716105499082,36.2567497136851],[-86.7718446275531,36.2567124690296],[-86.7718559870944,36.2570515485892],[-86.7718465597799,36.2570517917597],[-86.7718371364881,36.257052105201],[-86.771827716106,36.2570524889201],[-86.771818300868,36.2570529438039],[-86.7718088907739,36.2570534698526],[-86.7717807024385,36.2570554704102],[-86.7717713240209,36.2570562783433],[-86.7717619540676,36.2570571556175],[-86.7717525948217,36.257058104021],[-86.7717432462745,36.2570591226526],[-86.7717339106512,36.257060211498],[-86.771724587943,36.2570613696562],[-86.7717152781588,36.2570625980281],[-86.7717059835238,36.2570638965997],[-86.7716967040382,36.257065265371],[-86.7716874407969,36.2570667025325],[-86.7716105499082,36.2567497136851]]]},"properties":{"id":"83795","parcel":"050020A04100CO","address":"1908 BELLE ARBOR DR","owner":"SMITH, MARCELLE & COGHIEL, WAYNE","point":[-86.77174902809357,36.256900661274415]}},{"type":"Feature","id":"83798","geometry":{"type":"Polygon","coordinates":[[[-86.773390979912,36.2571710445622],[-86.7734321174902,36.256843102866],[-86.7736303562854,36.2568594144337],[-86.773589219519,36.2571873561958],[-86.773390979912,36.2571710445622]]]},"properties":{"id":"83798","parcel":"050020A04900CO","address":"1852 BELLE ARBOR DR","owner":"GREEN, MICHELLE LORRAINE & MONTGOMERY, HOUSTON K.","point":[-86.77351066833499,36.2570152295607]}},{"type":"Feature","id":"83800","geometry":{"type":"Polygon","coordinates":[[[-86.7737874592075,36.257203667504],[-86.7738285951622,36.256875725676],[-86.7740268330078,36.2568920366002],[-86.7739856978648,36.2572199784941],[-86.7737874592075,36.257203667504]]]},"properties":{"id":"83800","parcel":"050020A05100CO","address":"1844 BELLE ARBOR DR","owner":"GAINES, KEYOSHA R.","point":[-86.77390714634392,36.25704785211484]}},{"type":"Feature","id":"83803","geometry":{"type":"Polygon","coordinates":[[[-86.7739856978648,36.2572199784941],[-86.7740268330078,36.2568920366002],[-86.7742124185144,36.256907306215],[-86.7741712841313,36.2572352481706],[-86.7739856978648,36.2572199784941]]]},"properties":{"id":"83803","parcel":"050020A05200CO","address":"1840 BELLE ARBOR DR","owner":"HARLAN, GAIL","point":[-86.77409905841421,36.2570636424111]}},{"type":"Feature","id":"83806","geometry":{"type":"Polygon","coordinates":[[[-86.7727406531316,36.2577627133335],[-86.7727607494366,36.2575888148415],[-86.7727768534328,36.2575900456971],[-86.7729455619995,36.25760398951],[-86.7731311396008,36.2576193275342],[-86.7733293709556,36.2576357108499],[-86.7735276023923,36.2576520938403],[-86.7737258339198,36.2576684774066],[-86.7739240655204,36.2576848597465],[-86.7741096435531,36.2577002016748],[-86.7742952226648,36.2577155324965],[-86.7745198644335,36.2577340914702],[-86.7745134361913,36.2577887877892],[-86.7745133793986,36.257788783647],[-86.7728219262796,36.2576489944807],[-86.7727836586753,36.2579800998143],[-86.7727161203448,36.2579749953698],[-86.7727406531316,36.2577627133335]]]},"properties":{"id":"83806","parcel":"050020A90400CO","address":"0 BRICK DR","owner":"BELLE ARBOR HOMEOWNERS ASSOCIATION, INC","point":[-86.77444375062628,36.25777729463419]}},{"type":"Feature","id":"83944","geometry":{"type":"Polygon","coordinates":[[[-86.7735276023923,36.2576520938403],[-86.7735687933821,36.257323728215],[-86.7737670322948,36.2573400395632],[-86.7737258339198,36.2576684774066],[-86.7735276023923,36.2576520938403]]]},"properties":{"id":"83944","parcel":"050020A01500CO","address":"1853 BELLE ARBOR DR","owner":"FULLER, DEBORAH","point":[-86.77364731778297,36.257496066764915]}},{"type":"Feature","id":"83947","geometry":{"type":"Polygon","coordinates":[[[-86.7727768534328,36.2575900456971],[-86.772818013417,36.2572619509133],[-86.772986728484,36.2572758333393],[-86.7729455619995,36.25760398951],[-86.7727768534328,36.2575900456971]]]},"properties":{"id":"83947","parcel":"050020A01900CO","address":"1869 BELLE ARBOR DR","owner":"OPENDOOR PROPERTY TRUST I","point":[-86.77288179128784,36.25743293956726]}},{"type":"Feature","id":"83950","geometry":{"type":"Polygon","coordinates":[[[-86.772608017033,36.2575771370958],[-86.772649299513,36.2572480673433],[-86.772818013417,36.2572619509133],[-86.7727768534328,36.2575900456971],[-86.7727607494366,36.2575888148415],[-86.772608017033,36.2575771370958]]]},"properties":{"id":"83950","parcel":"050020A02000CO","address":"1873 BELLE ARBOR DR","owner":"JACKSON, KIMBERLY & REID, LAWRENCE L","point":[-86.77271301531113,36.257419544053214]}},{"type":"Feature","id":"83954","geometry":{"type":"Polygon","coordinates":[[[-86.7718130912606,36.2576534028254],[-86.7718288965592,36.2575166550909],[-86.7718580151531,36.2575188628035],[-86.7720103733013,36.2575304132064],[-86.7722341248822,36.2575473760919],[-86.7722183202765,36.2576841238781],[-86.7718130912606,36.2576534028254]]]},"properties":{"id":"83954","parcel":"050020A03600CO","address":"1418 HAVENBROOK DR","owner":"REID, ANDREW & ALEXANDRA","point":[-86.77202360821137,36.25760038964462]}},{"type":"Feature","id":"83957","geometry":{"type":"Polygon","coordinates":[[[-86.7718344051565,36.2571897472988],[-86.7718760666778,36.2571886195909],[-86.7718951912719,36.2571886560449],[-86.7719090121631,36.2571889012178],[-86.7719683504938,36.2571920315958],[-86.772051963935,36.2571989119432],[-86.7720103733013,36.2575304132064],[-86.7718580151531,36.2575188628035],[-86.7718344051565,36.2571897472988]]]},"properties":{"id":"83957","parcel":"050020A03800CO","address":"1905 BELLE ARBOR DR","owner":"BRIGGS, REVION & THOMAS","point":[-86.77193919942872,36.257358857311104]}},{"type":"Feature","id":"83960","geometry":{"type":"Polygon","coordinates":[[[-86.7722015747272,36.2570731253748],[-86.7721985515706,36.257072923889],[-86.7720374701473,36.2570596657247],[-86.7720786121549,36.2567317244856],[-86.7723117983761,36.2567509142948],[-86.7723185471973,36.2567514695869],[-86.7722914329233,36.2570107905679],[-86.7722889123202,36.2570217378816],[-86.7722843443314,36.2570322413491],[-86.7722778378124,36.2570420524321],[-86.7722695484933,36.2570509367121],[-86.7722695154106,36.257050967566],[-86.772269488969,36.2570509947723],[-86.7722694525218,36.2570510229438],[-86.7722594339958,36.2570585420732],[-86.7722593975398,36.2570585693435],[-86.7722593699153,36.2570585893474],[-86.7722593289645,36.2570586121403],[-86.7722479246637,36.2570647233675],[-86.7722478980991,36.2570647379572],[-86.7722478549054,36.2570647589619],[-86.7722478260804,36.257064769961],[-86.7722351844096,36.2570691722226],[-86.7722218799688,36.2570720213666],[-86.7722082048308,36.2570732569453],[-86.7722071588928,36.2570732645307],[-86.7722015747272,36.2570731253748]]]},"properties":{"id":"83960","parcel":"050020A04300CO","address":"1900 BELLE ARBOR DR","owner":"OLUSHOLA - UWAIFO, DOLAPO C ET AL","point":[-86.77218245854618,36.25688089677718]}},{"type":"Feature","id":"83963","geometry":{"type":"Polygon","coordinates":[[[-86.77300715561,36.2571394614166],[-86.7730482947597,36.2568115198479],[-86.7732338787766,36.256826790973],[-86.7731927403867,36.2571547326034],[-86.77300715561,36.2571394614166]]]},"properties":{"id":"83963","parcel":"050020A04700CO","address":"1860 BELLE ARBOR DR","owner":"DJUNAIDI, MONICA & GUTIERREZ, JOSEPH","point":[-86.7731205174179,36.25698312625136]}},{"type":"Feature","id":"83966","geometry":{"type":"Polygon","coordinates":[[[-86.7741712841313,36.2572352481706],[-86.7742124185144,36.256907306215],[-86.7743917118394,36.2569220570973],[-86.774398002971,36.2569225746505],[-86.7743568693566,36.2572505175691],[-86.7741712841313,36.2572352481706]]]},"properties":{"id":"83966","parcel":"050020A07900CO","address":"1836 BELLE ARBOR DR","owner":"THOMAS, SONYA E.","point":[-86.77428464380483,36.25707891146716]}},{"type":"Feature","id":"83969","geometry":{"type":"Polygon","coordinates":[[[-86.7744918413896,36.2572616228928],[-86.7743568693566,36.2572505175691],[-86.774398002971,36.2569225746505],[-86.77461733067,36.2569406204331],[-86.7745840805536,36.2572044199287],[-86.7745808197505,36.257215087243],[-86.7745751692599,36.2572256986768],[-86.7745674142855,36.2572353772926],[-86.7745673856897,36.2572354117232],[-86.7745577737463,36.2572438648317],[-86.7745577395252,36.2572438929896],[-86.7745577086247,36.2572439193238],[-86.7745576710391,36.2572439447996],[-86.7745464051044,36.2572509908502],[-86.774533881222,36.2572563911774],[-86.7745338357769,36.2572564094936],[-86.7745337969905,36.2572564259647],[-86.7745337503887,36.2572564397821],[-86.7745203354313,36.2572600451313],[-86.7745202865864,36.2572600571606],[-86.7745202410797,36.2572600691685],[-86.7745201921821,36.2572600757906],[-86.7745061714216,36.2572618131346],[-86.7745061213937,36.2572618179615],[-86.7745060868996,36.2572618181825],[-86.7745060368276,36.2572618185035],[-86.7744918413896,36.2572616228928]]]},"properties":{"id":"83969","parcel":"050020A08000CO","address":"1832 BELLE ARBOR DR","owner":"KALANU- WALKER, ROBERT ATOHUNA A & WALKER, MARILYN G","point":[-86.77448997673729,36.25707231148375]}},{"type":"Feature","id":"84094","geometry":{"type":"Polygon","coordinates":[[[-86.7733293709556,36.2576357108499],[-86.7733705534383,36.2573074165486],[-86.7735687933821,36.257323728215],[-86.7735276023923,36.2576520938403],[-86.7733293709556,36.2576357108499]]]},"properties":{"id":"84094","parcel":"050020A01600CO","address":"1857 BELLE ARBOR DR","owner":"SFR JV-2 2024-2 BORROWER LLC","point":[-86.77344908231487,36.25747971959505]}},{"type":"Feature","id":"84095","geometry":{"type":"Polygon","coordinates":[[[-86.7729455619995,36.25760398951],[-86.772986728484,36.2572758333393],[-86.7731723146888,36.2572911045498],[-86.7731311396008,36.2576193275342],[-86.7729455619995,36.25760398951]]]},"properties":{"id":"84095","parcel":"050020A01800CO","address":"1865 BELLE ARBOR DR","owner":"WIEDELMAN, PATRICK","point":[-86.77305893833278,36.25744754708603]}},{"type":"Feature","id":"84096","geometry":{"type":"Polygon","coordinates":[[[-86.7723744335826,36.2576891897013],[-86.7723892999084,36.2575605563931],[-86.772608017033,36.2575771370958],[-86.7727607494366,36.2575888148415],[-86.7727406531316,36.2577627133335],[-86.7723691915217,36.2577345540338],[-86.7723744335826,36.2576891897013]]]},"properties":{"id":"84096","parcel":"050020A02200CO","address":"1419 HAVENBROOK DR","owner":"REESE, NICHOLE A","point":[-86.77256759171502,36.25763900242816]}},{"type":"Feature","id":"84097","geometry":{"type":"Polygon","coordinates":[[[-86.7723095901594,36.2582502551677],[-86.7723222205151,36.2581409768987],[-86.7723238924717,36.2581323530143],[-86.7723268965655,36.2581239702604],[-86.7723311851182,36.2581159605234],[-86.7723338885393,36.2581120093101],[-86.7723408077452,36.2581040007839],[-86.7723490552283,36.258096865185],[-86.7723509855977,36.2580954613245],[-86.7723510275915,36.258095431315],[-86.7723530793091,36.2580940329876],[-86.7723551860508,36.2580926856794],[-86.7723552535318,36.2580926446921],[-86.7723573544839,36.2580913884466],[-86.7723676991865,36.2580862681441],[-86.7723788360346,36.2580823873967],[-86.772386775222,36.2580804999129],[-86.7723958791448,36.2580791466319],[-86.7724051088409,36.2580785955554],[-86.7724133599532,36.2580787987669],[-86.772735368541,36.2581032014652],[-86.7727148235231,36.2582809736417],[-86.7723095901594,36.2582502551677]]]},"properties":{"id":"84097","parcel":"050020A02400CO","address":"1435 HAVENBROOK DR","owner":"JONES, JAVON","point":[-86.77252025188709,36.2581960048212]}},{"type":"Feature","id":"84098","geometry":{"type":"Polygon","coordinates":[[[-86.7722623937844,36.2586586224676],[-86.7722779819864,36.2585237506882],[-86.7726832167449,36.2585544701669],[-86.7726674127132,36.2586912179711],[-86.7724886748126,36.2587927467827],[-86.7724692150449,36.2587762855735],[-86.7724470132628,36.2587623284235],[-86.7724227084377,36.2587508982844],[-86.7723967354411,36.2587421996614],[-86.7723695609386,36.2587363881898],[-86.7723416722368,36.2587335680023],[-86.7723307792864,36.2587324533884],[-86.7723282256431,36.2587320208898],[-86.7723146278605,36.2587285478808],[-86.7723019406677,36.2587232800795],[-86.7722905205107,36.2587163675186],[-86.772280690875,36.258708003701],[-86.7722743487939,36.2587006711492],[-86.7722682720619,36.258690877404],[-86.7722641941871,36.2586804255928],[-86.7722622179226,36.2586695827288],[-86.7722623937844,36.2586586224676]]]},"properties":{"id":"84098","parcel":"050020A02700CO","address":"1447 HAVENBROOK DR","owner":"SANDFORD, CHAD D & AMY L REVOCABLE LIVING TRUST, THE","point":[-86.77247280545939,36.25860654650314]}},{"type":"Feature","id":"84099","geometry":{"type":"Polygon","coordinates":[[[-86.7717814805084,36.2579268991727],[-86.7717972859162,36.2577901514535],[-86.7722025156163,36.2578208716568],[-86.7721867120142,36.2579576194207],[-86.7717814805084,36.2579268991727]]]},"properties":{"id":"84099","parcel":"050020A03400CO","address":"1426 HAVENBROOK DR","owner":"REED, NICHOLAS","point":[-86.7719919984194,36.25787388560116]}},{"type":"Feature","id":"84100","geometry":{"type":"Polygon","coordinates":[[[-86.7715912673574,36.2572306917051],[-86.7715993498193,36.2572283256973],[-86.7716566963769,36.2572136342059],[-86.771715184777,36.2572022727058],[-86.7717269565516,36.2572004103561],[-86.7717678919015,36.2571952163988],[-86.7718090361828,36.2571912521941],[-86.7718344051565,36.2571897472988],[-86.7718580151531,36.2575188628035],[-86.7718288965592,36.2575166550909],[-86.7717300359773,36.2575684619094],[-86.7715912673574,36.2572306917051]]]},"properties":{"id":"84100","parcel":"050020A03900CO","address":"1909 BELLE ARBOR DR","owner":"SFR JV-2 2022-2 BORROWER, LLC","point":[-86.77174879035272,36.257373747326746]}},{"type":"Feature","id":"84101","geometry":{"type":"Polygon","coordinates":[[[-86.7715855422675,36.2572324235042],[-86.7715912673574,36.2572306917051],[-86.7717300359773,36.2575684619094],[-86.7716311763701,36.2576202677378],[-86.7713730540907,36.2573267075202],[-86.7713939327402,36.2573146525667],[-86.771395123564,36.2573139816483],[-86.7713991996355,36.2573116898972],[-86.7714476346275,36.2572863134546],[-86.771453323213,36.257283574303],[-86.7714911425108,36.257266571491],[-86.7715180858667,36.2572556683397],[-86.7715236136725,36.2572535601817],[-86.771529158458,36.2572514816561],[-86.7715798330536,36.2572341858441],[-86.7715855422675,36.2572324235042]]]},"properties":{"id":"84101","parcel":"050020A04000CO","address":"1913 BELLE ARBOR DR","owner":"SMITH, MICHELLE C.","point":[-86.77157984687959,36.25744763889677]}},{"type":"Feature","id":"84102","geometry":{"type":"Polygon","coordinates":[[[-86.7726528561895,36.2571103072874],[-86.7726939967899,36.2567823658366],[-86.7728627097105,36.256796249346],[-86.7728215698008,36.257124190853],[-86.7726528561895,36.2571103072874]]]},"properties":{"id":"84102","parcel":"050020A04500CO","address":"1868 BELLE ARBOR DR","owner":"SFR-JV-2 2023-1 BORROWER LLC","point":[-86.77275778315891,36.25695327836552]}},{"type":"Feature","id":"84103","geometry":{"type":"Polygon","coordinates":[[[-86.7731927403867,36.2571547326034],[-86.7732338787766,36.256826790973],[-86.7734321174902,36.256843102866],[-86.773390979912,36.2571710445622],[-86.7731927403867,36.2571547326034]]]},"properties":{"id":"84103","parcel":"050020A04800CO","address":"1856 BELLE ARBOR DR","owner":"SFR JV-2 2023-1 BORROWER LLC","point":[-86.77331242917471,36.256998917797446]}},{"type":"Feature","id":"84104","geometry":{"type":"Polygon","coordinates":[[[-86.773589219519,36.2571873561958],[-86.7736303562854,36.2568594144337],[-86.7738285951622,36.256875725676],[-86.7737874592075,36.257203667504],[-86.773589219519,36.2571873561958]]]},"properties":{"id":"84104","parcel":"050020A05000CO","address":"1848 BELLE ARBOR DR","owner":"WADE, MARCIA","point":[-86.77370890757686,36.257031540998646]}},{"type":"Feature","id":"85817","geometry":{"type":"Polygon","coordinates":[[[-86.7739240655204,36.2576848597465],[-86.7739652724017,36.257356350579],[-86.7741508589836,36.2573716202863],[-86.7741096435531,36.2577002016748],[-86.7739240655204,36.2576848597465]]]},"properties":{"id":"85817","parcel":"050020A01300CO","address":"1845 BELLE ARBOR DR","owner":"SFR JV-2 2023-1 BORROWER LLC","point":[-86.77403746241527,36.25752824007287]}},{"type":"Feature","id":"85819","geometry":{"type":"Polygon","coordinates":[[[-86.7723892999084,36.2575605563931],[-86.7723987076254,36.2574791615871],[-86.7724184512058,36.2572950335595],[-86.772421066403,36.2572854582357],[-86.7724253256982,36.2572762788638],[-86.7724305387236,36.2572684777078],[-86.7724389927322,36.2572593643494],[-86.7724491893451,36.2572515061003],[-86.7724608480238,36.2572451192499],[-86.7724736500114,36.2572403806769],[-86.7724841730081,36.2572379242047],[-86.7724920431834,36.2572368428674],[-86.7725000037302,36.2572363566749],[-86.7725080782177,36.2572364862052],[-86.772649299513,36.2572480673433],[-86.772608017033,36.2575771370958],[-86.7723892999084,36.2575605563931]]]},"properties":{"id":"85819","parcel":"050020A02100CO","address":"1877 BELLE ARBOR DR","owner":"JASPER, WALTER & CHANDLER CHRISTIAN","point":[-86.77252019204876,36.257387309882375]}},{"type":"Feature","id":"85821","geometry":{"type":"Polygon","coordinates":[[[-86.7724002458651,36.2579465834289],[-86.7723906632877,36.2579422096541],[-86.7723820517653,36.2579369942174],[-86.7723743189948,36.2579309431166],[-86.772372595459,36.2579293625344],[-86.7723725595183,36.2579293285169],[-86.7723708428232,36.2579276505565],[-86.7723691935826,36.2579259289051],[-86.7723691429657,36.2579258733514],[-86.7723676039374,36.2579241564031],[-86.7723613545399,36.2579157093231],[-86.7723566490783,36.2579066278116],[-86.7723543882975,36.2579001605074],[-86.7723524174307,36.2578894140412],[-86.772352549709,36.2578785504891],[-86.7723691915217,36.2577345540338],[-86.7727406531316,36.2577627133335],[-86.7727161203448,36.2579749953698],[-86.7724287473371,36.2579530470236],[-86.77241414701,36.2579508250537],[-86.7724002458651,36.2579465834289]]]},"properties":{"id":"85821","parcel":"050020A02300CO","address":"1423 HAVENBROOK DR","owner":"SOLIVEN, JOAN JANE","point":[-86.77254660154574,36.25782063206947]}},{"type":"Feature","id":"85823","geometry":{"type":"Polygon","coordinates":[[[-86.7722937855438,36.2583870029354],[-86.7723095901594,36.2582502551677],[-86.7727148235231,36.2582809736417],[-86.7726990196093,36.2584177223623],[-86.7722937855438,36.2583870029354]]]},"properties":{"id":"85823","parcel":"050020A02500CO","address":"1439 HAVENBROOK DR","owner":"SMITH, ROBERT & DANNER, MICHELLE","point":[-86.77250430469549,36.258333988474575]}},{"type":"Feature","id":"85825","geometry":{"type":"Polygon","coordinates":[[[-86.7722779819864,36.2585237506882],[-86.7722937855438,36.2583870029354],[-86.7726990196093,36.2584177223623],[-86.7726832167449,36.2585544701669],[-86.7722779819864,36.2585237506882]]]},"properties":{"id":"85825","parcel":"050020A02600CO","address":"1443 HAVENBROOK DR","owner":"SFR JV 3 PROPERTY, LLC","point":[-86.77248850093784,36.25847073671123]}},{"type":"Feature","id":"85827","geometry":{"type":"Polygon","coordinates":[[[-86.7717182594536,36.2584738908678],[-86.7717340650795,36.2583371431789],[-86.7721392975517,36.2583678635893],[-86.7721234926276,36.2585046122311],[-86.7717182594536,36.2584738908678]]]},"properties":{"id":"85827","parcel":"050020A03000CO","address":"1442 HAVENBROOK DR","owner":"THOMPSON, CHARLENE M.","point":[-86.77192877866469,36.25842087741458]}},{"type":"Feature","id":"85829","geometry":{"type":"Polygon","coordinates":[[[-86.7717340650795,36.2583371431789],[-86.7717498695294,36.2582003945885],[-86.77215510243,36.2582311158411],[-86.7721392975517,36.2583678635893],[-86.7717340650795,36.2583371431789]]]},"properties":{"id":"85829","parcel":"050020A03100CO","address":"1438 HAVENBROOK DR","owner":"GOODRICH, SHERITTA","point":[-86.77194458365565,36.25828412969553]}},{"type":"Feature","id":"85831","geometry":{"type":"Polygon","coordinates":[[[-86.7717656750461,36.2580636468844],[-86.7717814805084,36.2579268991727],[-86.7721867120142,36.2579576194207],[-86.7721709072538,36.2580943680853],[-86.7717656750461,36.2580636468844]]]},"properties":{"id":"85831","parcel":"050020A03300CO","address":"1430 HAVENBROOK DR","owner":"BUTLER, LADONNA","point":[-86.7719761936922,36.25801063333858]}},{"type":"Feature","id":"85833","geometry":{"type":"Polygon","coordinates":[[[-86.7717972859162,36.2577901514535],[-86.7718130912606,36.2576534028254],[-86.7722183202765,36.2576841238781],[-86.7722176193619,36.2576901919344],[-86.7722025156163,36.2578208716568],[-86.7717972859162,36.2577901514535]]]},"properties":{"id":"85833","parcel":"050020A03500CO","address":"1422 HAVENBROOK DR","owner":"PLEASANT, CECELIA & BOSS, EARLTOYA","point":[-86.77200745267261,36.25774017187907]}},{"type":"Feature","id":"85835","geometry":{"type":"Polygon","coordinates":[[[-86.7718559870944,36.2570515485892],[-86.7718446275531,36.2567124690296],[-86.7720786121549,36.2567317244856],[-86.7720374701473,36.2570596657247],[-86.7719860464012,36.2570554348668],[-86.7719355343699,36.2570526104141],[-86.7718957712722,36.2570515621261],[-86.7718559870944,36.2570515485892]]]},"properties":{"id":"85835","parcel":"050020A04200CO","address":"1904 BELLE ARBOR DR","owner":"SAWYERS, KARLOS F. & JUNITA Y. RUCKER","point":[-86.77195457690426,36.2568915811696]}},{"type":"Feature","id":"85837","geometry":{"type":"Polygon","coordinates":[[[-86.7724639812832,36.2570733561216],[-86.7724591743882,36.2570677928208],[-86.7724528865193,36.2570580184554],[-86.7724486060771,36.2570475562245],[-86.7724464436105,36.2570366739926],[-86.7724464552691,36.2570256525895],[-86.7724737834983,36.2567642447221],[-86.7724738147952,36.2567639164687],[-86.7724805651354,36.2567645131994],[-86.7726939967899,36.2567823658366],[-86.7726528561895,36.2571103072874],[-86.7725221066076,36.2570995478358],[-86.7725086866303,36.2570975066919],[-86.7724958441439,36.2570937485875],[-86.7724839117115,36.2570883714347],[-86.7724731989332,36.2570815147504],[-86.7724639812832,36.2570733561216]]]},"properties":{"id":"85837","parcel":"050020A04400CO","address":"1872 BELLE ARBOR DR","owner":"KAROW, JORDAN SCOTT","point":[-86.77256895246234,36.256904006857205]}},{"type":"Feature","id":"85838","geometry":{"type":"Polygon","coordinates":[[[-86.7728215698008,36.257124190853],[-86.7728627097105,36.256796249346],[-86.7730482947597,36.2568115198479],[-86.77300715561,36.2571394614166],[-86.7728215698008,36.257124190853]]]},"properties":{"id":"85838","parcel":"050020A04600CO","address":"1864 BELLE ARBOR DR","owner":"WOLFF, JANICE MARIE","point":[-86.77293493250488,36.256967855407005]}},{"type":"Feature","id":"85840","geometry":{"type":"Polygon","coordinates":[[[-86.7722777058529,36.2596623985586],[-86.7722645878642,36.2596613576404],[-86.7722327979844,36.259555812364],[-86.7720869955303,36.259433409609],[-86.771931403529,36.2592397600325],[-86.7718704577122,36.2590806344426],[-86.7717962283673,36.2589927964979],[-86.7716359639017,36.2587090473854],[-86.7715186131117,36.2586070403658],[-86.7713613180785,36.2584276703099],[-86.771511631068,36.258174866836],[-86.7715352900645,36.2580419020162],[-86.771436232725,36.2579048233138],[-86.7714027376071,36.257768860828],[-86.7713333354173,36.2577581311243],[-86.7712117114543,36.2577967173496],[-86.7710645706464,36.2576828891046],[-86.7709671527416,36.2575608124899],[-86.7713730540907,36.2573267075202],[-86.7716311763701,36.2576202677378],[-86.7717300359773,36.2575684619094],[-86.7718288965592,36.2575166550909],[-86.7718130912606,36.2576534028254],[-86.7717972859162,36.2577901514535],[-86.7717814805084,36.2579268991727],[-86.7717656750461,36.2580636468844],[-86.7717498695294,36.2582003945885],[-86.7717340650795,36.2583371431789],[-86.7717182594536,36.2584738908678],[-86.7721234926276,36.2585046122311],[-86.7720925384696,36.2587724400764],[-86.7720919998368,36.2587919707889],[-86.7720940411416,36.2588114345473],[-86.772098637989,36.2588306116035],[-86.7721354646195,36.2589401091544],[-86.7721451325098,36.2589623676058],[-86.7721584657597,36.2589833462998],[-86.7721752146202,36.259002652987],[-86.7721950639616,36.2590199237745],[-86.7722181017799,36.2590343677068],[-86.7722433624139,36.2590461252388],[-86.7722703696763,36.2590549777062],[-86.7722986156095,36.2590607580189],[-86.7723276593409,36.2590627606157],[-86.7723567683642,36.2590615282207],[-86.7723853953939,36.2590570832583],[-86.7724130026433,36.2590495093772],[-86.7724387283865,36.2590384218473],[-86.7724623386401,36.2590245900262],[-86.7724833941585,36.259008274479],[-86.772501495073,36.2589897796801],[-86.7725156681356,36.258969152409],[-86.7725262245123,36.2589471486244],[-86.7725329679447,36.2589241832535],[-86.7725357690976,36.2589006870174],[-86.7725341136037,36.2588770903948],[-86.772528155231,36.2588543269935],[-86.7725184672956,36.2588324192837],[-86.7725052272956,36.2588117671838],[-86.7724886748126,36.2587927467827],[-86.7726674127132,36.2586912179711],[-86.7726832167449,36.2585544701669],[-86.7726990196093,36.2584177223623],[-86.7727148235231,36.2582809736417],[-86.772735368541,36.2581032014652],[-86.7727691182573,36.2581059218935],[-86.772586407914,36.2596868840193],[-86.7722777058529,36.2596623985586]]]},"properties":{"id":"85840","parcel":"050020A90500CO","address":"0 BELLE ARBOR DR","owner":"BELLE ARBOR HOMEOWNERS ASSOCIATION, INC","point":[-86.77178486495775,36.25852836311492]}},{"type":"Feature","id":"86287","geometry":{"type":"Polygon","coordinates":[[[-86.7742952226648,36.2577155324965],[-86.7743364456369,36.2573868897083],[-86.7744747021272,36.257398264206],[-86.7744891196546,36.2574006871751],[-86.7745028871843,36.2574049186019],[-86.7745156620394,36.2574108507308],[-86.7745157034387,36.2574108738979],[-86.774515732519,36.2574108890326],[-86.7745157717193,36.2574109149175],[-86.774526912249,36.2574187050736],[-86.7745362545681,36.2574279802911],[-86.7745432331157,36.2574384855378],[-86.7745480847531,36.257449748846],[-86.7745506854551,36.2574614907236],[-86.774550692099,36.2574615443052],[-86.774550694292,36.2574615979152],[-86.7745504892625,36.2574735263101],[-86.7745267611865,36.257675413149],[-86.7745198644335,36.2577340914702],[-86.7742952226648,36.2577155324965]]]},"properties":{"id":"86287","parcel":"050020A01100CO","address":"1837 BELLE ARBOR DR","owner":"SFR JV-2 2022-2 BORROWER, LLC","point":[-86.77442579769411,36.25757425701499]}},{"type":"Feature","id":"89218","geometry":{"type":"Polygon","coordinates":[[[-86.7741096435531,36.2577002016748],[-86.7741508589836,36.2573716202863],[-86.7743364456369,36.2573868897083],[-86.7742952226648,36.2577155324965],[-86.7741096435531,36.2577002016748]]]},"properties":{"id":"89218","parcel":"050020A01200CO","address":"1841 BELLE ARBOR DR","owner":"SFR JV-2 2022-2 BORROWER, LLC","point":[-86.77422304467483,36.25754354574788]}},{"type":"Feature","id":"100904","geometry":{"type":"Polygon","coordinates":[[[-86.7724805651354,36.2567645131994],[-86.7725076053461,36.2565058856839],[-86.7725098028384,36.2564951296908],[-86.7725140446802,36.2564848500042],[-86.7725140577253,36.2564848183772],[-86.772514079628,36.2564847821873],[-86.7725140982628,36.2564847532283],[-86.7725202940579,36.2564751514036],[-86.7725282902324,36.2564664546349],[-86.7725283199679,36.2564664229012],[-86.7725283497913,36.2564664001794],[-86.7725283807009,36.2564663747469],[-86.7725379548516,36.2564588268907],[-86.772548910411,36.2564525824153],[-86.7725489524741,36.2564525596152],[-86.7725489868448,36.256452546778],[-86.7725490311596,36.2564525266673],[-86.7725611496431,36.2564478888863],[-86.7725739895786,36.2564447741025],[-86.7725872601156,36.256443253571],[-86.7726006633412,36.2564433589377],[-86.7727351359373,36.2564544243469],[-86.7726939967899,36.2567823658366],[-86.7724805651354,36.2567645131994]]]},"properties":{"id":"100904","parcel":"050020A09100CO","address":"2200 SILVERTON DR","owner":"PELMORE FAMILY TRUST","point":[-86.77260324577846,36.25663540700882]}},{"type":"Feature","id":"100907","geometry":{"type":"Polygon","coordinates":[[[-86.772000297059,36.2565320979135],[-86.7720173003649,36.2563635996863],[-86.7723456723896,36.256390622309],[-86.7723443160757,36.2564370027602],[-86.7723427203811,36.2564551622401],[-86.7723318327977,36.2565592887248],[-86.772000297059,36.2565320979135]]]},"properties":{"id":"100907","parcel":"050020A09300CO","address":"1400 HAVENBROOK DR","owner":"NWAGWU, JULIANA & CHIDERA","point":[-86.77217143794725,36.2564936300648]}},{"type":"Feature","id":"100967","geometry":{"type":"Polygon","coordinates":[[[-86.7719867989065,36.2566689472344],[-86.772000297059,36.2565320979135],[-86.7723318327977,36.2565592887248],[-86.7723175220283,36.2566961640076],[-86.7719867989065,36.2566689472344]]]},"properties":{"id":"100967","parcel":"050020A09200CO","address":"1404 HAVENBROOK DR","owner":"YANDELL, JODI BELINDA","point":[-86.77215915270136,36.256614117793696]}},{"type":"Feature","id":"102661","geometry":{"type":"Polygon","coordinates":[[[-86.7707563186523,36.2588037763812],[-86.7711127625624,36.2586446559951],[-86.7711946265173,36.2587649391157],[-86.7708381811179,36.2589240597447],[-86.7707563186523,36.2588037763812]]]},"properties":{"id":"102661","parcel":"050020A10100CO","address":"2523 SOLOMON LN","owner":"MIDDLETON, JESSE","point":[-86.77097547257007,36.25878435794932]}},{"type":"Feature","id":"102666","geometry":{"type":"Polygon","coordinates":[[[-86.7707789721711,36.2583235288896],[-86.7708671710496,36.2582838035784],[-86.7709490365021,36.2584040886665],[-86.7705925922324,36.258563208588],[-86.7705791760827,36.2585426952927],[-86.7705107371535,36.258442921398],[-86.7707789721711,36.2583235288896]]]},"properties":{"id":"102666","parcel":"050020A10400CO","address":"2511 SOLOMON LN","owner":"GLINGER, CAMERON","point":[-86.77072995141894,36.258423505356916]}},{"type":"Feature","id":"102670","geometry":{"type":"Polygon","coordinates":[[[-86.7710591807633,36.2595105379397],[-86.7705679112808,36.2594715646027],[-86.7705187945669,36.2593993943077],[-86.7708752416324,36.2592402746505],[-86.7709080035535,36.2592884129125],[-86.7709028563069,36.2592979719049],[-86.7708962732971,36.2593069344201],[-86.7708883599969,36.2593151609934],[-86.7708760766005,36.2593279550134],[-86.7708748378624,36.2593295382912],[-86.7708736371328,36.2593311393514],[-86.7708724733076,36.2593327591023],[-86.7708713486036,36.2593343966286],[-86.7708632843206,36.2593492969779],[-86.7708583833778,36.2593650738856],[-86.7708567828616,36.2593812911763],[-86.7708585262484,36.2593974988517],[-86.7708635668824,36.2594132474884],[-86.7708717625258,36.2594280999885],[-86.7708828877386,36.2594416459208],[-86.7708966339577,36.2594535096315],[-86.770912619625,36.2594633618959],[-86.7709304025246,36.2594709297536],[-86.7709494887453,36.2594760027599],[-86.7709693494517,36.2594784409904],[-86.7709894353669,36.259478176751],[-86.7709917346438,36.2594779692147],[-86.7709940291277,36.2594777265604],[-86.7709963165933,36.2594774488022],[-86.7709985981444,36.259477135032],[-86.7710114122088,36.2594761087691],[-86.7710242845892,36.2594763871348],[-86.7710370127147,36.2594779660143],[-86.7710591807633,36.2595105379397]]]},"properties":{"id":"102670","parcel":"050020A10800CO","address":"2536 SOLOMON LN","owner":"BURSE, TERESA","point":[-86.77071814646402,36.259372915336485]}},{"type":"Feature","id":"102672","geometry":{"type":"Polygon","coordinates":[[[-86.7704369309824,36.259279110752],[-86.770793378784,36.2591199913234],[-86.7708752416324,36.2592402746505],[-86.7705187945669,36.2593993943077],[-86.7704369309824,36.259279110752]]]},"properties":{"id":"102672","parcel":"050020A10900CO","address":"2532 SOLOMON LN","owner":"CHANDLER, TINA & BRIAN","point":[-86.77065608642825,36.25925969290236]}},{"type":"Feature","id":"102676","geometry":{"type":"Polygon","coordinates":[[[-86.7703550676375,36.2591588262353],[-86.7707115150713,36.2589997079437],[-86.770793378784,36.2591199913234],[-86.7704369309824,36.259279110752],[-86.7703900712739,36.2592102597157],[-86.7703550676375,36.2591588262353]]]},"properties":{"id":"102676","parcel":"050020A11000CO","address":"2528 SOLOMON LN","owner":"DORRIS, COLTON & ALEXIS","point":[-86.77057422338912,36.25913940898057]}},{"type":"Feature","id":"102679","geometry":{"type":"Polygon","coordinates":[[[-86.7702732045499,36.25903854256],[-86.7706296515984,36.258879423603],[-86.7707115150713,36.2589997079437],[-86.7703550676375,36.2591588262353],[-86.7703082091927,36.2590899760589],[-86.7702732045499,36.25903854256]]]},"properties":{"id":"102679","parcel":"050020A11100CO","address":"2524 SOLOMON LN","owner":"MCCLAIN, MILTON JR & HOLLAND, SHIRLEY L","point":[-86.77049235973836,36.2590191254526]}},{"type":"Feature","id":"102682","geometry":{"type":"Polygon","coordinates":[[[-86.7700141309883,36.2569723730155],[-86.770418035342,36.2569318155278],[-86.7704404323642,36.2570818039479],[-86.7700370819836,36.2571223048001],[-86.7700141309883,36.2569723730155]]]},"properties":{"id":"102682","parcel":"050020A12300CO","address":"2429 SOLOMON LN","owner":"SFR JV-2 2022-1 BORROWER, LLC","point":[-86.77022738358315,36.25702708886736]}},{"type":"Feature","id":"102686","geometry":{"type":"Polygon","coordinates":[[[-86.7698695269839,36.2564397788797],[-86.7702200507119,36.2562722693303],[-86.7703265816226,36.2564651002254],[-86.7699387895157,36.2565651469025],[-86.7699192485192,36.2565221116791],[-86.7698961247675,36.2564802573796],[-86.7698695269839,36.2564397788797]]]},"properties":{"id":"102686","parcel":"050020A12700CO","address":"2413 SOLOMON LN","owner":"LEWIS, CORTNEE","point":[-86.77015567306415,36.25635623734582]}},{"type":"Feature","id":"102690","geometry":{"type":"Polygon","coordinates":[[[-86.7697675110456,36.2563300650124],[-86.770063151203,36.2561035080531],[-86.7702200507119,36.2562722693303],[-86.7698695269839,36.2564397788797],[-86.7698386360697,36.2564013528233],[-86.7698045778993,36.2563647241921],[-86.7697675110456,36.2563300650124]]]},"properties":{"id":"102690","parcel":"050020A12800CO","address":"2409 SOLOMON LN","owner":"SFR BORROWER 2021-2, LLC & ET AL","point":[-86.77004755682923,36.2561877079677]}},{"type":"Feature","id":"102698","geometry":{"type":"Polygon","coordinates":[[[-86.7708671710496,36.2582838035784],[-86.7707853114443,36.258163522],[-86.770428866815,36.2583226414571],[-86.7703754000941,36.2582440783509],[-86.7705832848779,36.2581512764983],[-86.770762792502,36.2580769640792],[-86.7705573720534,36.2577923992917],[-86.7706027352951,36.2577697798639],[-86.7706468221775,36.2577455616391],[-86.7709671527416,36.2575608124899],[-86.7710645706464,36.2576828891046],[-86.7712117114543,36.2577967173496],[-86.7713333354173,36.2577581311243],[-86.7714027376071,36.257768860828],[-86.771436232725,36.2579048233138],[-86.7715352900645,36.2580419020162],[-86.771511631068,36.258174866836],[-86.7713613180785,36.2584276703099],[-86.7715186131117,36.2586070403658],[-86.7716359639017,36.2587090473854],[-86.7717962283673,36.2589927964979],[-86.7718704577122,36.2590806344426],[-86.771931403529,36.2592397600325],[-86.7720869955303,36.259433409609],[-86.7722327979844,36.259555812364],[-86.7722645878642,36.2596613576404],[-86.7712870206999,36.2595835429384],[-86.7712475005284,36.2595254774467],[-86.7716039478107,36.2593663556388],[-86.7715220837263,36.2592460728099],[-86.7714402187775,36.2591257899283],[-86.7713583551812,36.2590055060788],[-86.7712764907294,36.2588852230777],[-86.7711946265173,36.2587649391157],[-86.7711127625624,36.2586446559951],[-86.7710308988473,36.2585243719136],[-86.7709490365021,36.2584040886665],[-86.7708671710496,36.2582838035784]]]},"properties":{"id":"102698","parcel":"050020A90600CO","address":"0 SOLOMON LN","owner":"EATHERLY/RING JOINT VENTURE","point":[-86.77132021300217,36.25862585700388]}},{"type":"Feature","id":"102815","geometry":{"type":"Polygon","coordinates":[[[-86.7705612985918,36.2595262411125],[-86.7705679112808,36.2594715646027],[-86.7710591807633,36.2595105379397],[-86.7710987504779,36.2595686779795],[-86.7709542586348,36.2595572690899],[-86.7705612985918,36.2595262411125]]]},"properties":{"id":"102815","parcel":"050020A90800CO","address":"0 SOLOMON LN","owner":"EATHERLY/RING JOINT VENTURE","point":[-86.77081358107468,36.25951839618746]}},{"type":"Feature","id":"103606","geometry":{"type":"Polygon","coordinates":[[[-86.7708381811179,36.2589240597447],[-86.7711946265173,36.2587649391157],[-86.7712764907294,36.2588852230777],[-86.7709200449534,36.2590443439424],[-86.7708381811179,36.2589240597447]]]},"properties":{"id":"103606","parcel":"050020A10000CO","address":"2527 SOLOMON LN","owner":"ONG, QUOC & VUU, TU A.","point":[-86.7710573359767,36.25890464161218]}},{"type":"Feature","id":"103610","geometry":{"type":"Polygon","coordinates":[[[-86.7700276178817,36.2586776902674],[-86.7703840638092,36.258518572919],[-86.7704659265281,36.2586388565377],[-86.7701094802327,36.2587979750232],[-86.7700626210844,36.258729122949],[-86.7700276178817,36.2586776902674]]]},"properties":{"id":"103610","parcel":"050020A11400CO","address":"2512 SOLOMON LN","owner":"SFR JV-2 2022-1 BORROWER, LLC","point":[-86.77024677238327,36.25865827360378]}},{"type":"Feature","id":"103614","geometry":{"type":"Polygon","coordinates":[[[-86.7699457569007,36.2585574063461],[-86.7703022013301,36.2583982883393],[-86.7703840638092,36.258518572919],[-86.7700276178817,36.2586776902674],[-86.7699807599971,36.2586088390531],[-86.7699457569007,36.2585574063461]]]},"properties":{"id":"103614","parcel":"050020A11500CO","address":"2508 SOLOMON LN","owner":"2026 JORDAN DRIVE, LLC","point":[-86.7701649102149,36.25853798983317]}},{"type":"Feature","id":"103618","geometry":{"type":"Polygon","coordinates":[[[-86.7698232239447,36.2579731547992],[-86.7698845721472,36.2579663993599],[-86.7699452018906,36.2579562498728],[-86.7699588616157,36.2579545541139],[-86.7699726813038,36.2579546625275],[-86.7699862981648,36.2579565729192],[-86.7699993567422,36.2579602361831],[-86.7700115166937,36.2579655553513],[-86.7700224584155,36.2579723918664],[-86.7700318975256,36.2579805672921],[-86.7700395860108,36.2579898669103],[-86.770045324564,36.2580000495565],[-86.7700637144019,36.2580381748876],[-86.7700844079331,36.2580755185751],[-86.770107354177,36.2581119872132],[-86.7702100648456,36.258262906645],[-86.7698770441713,36.2582989877304],[-86.7698232239447,36.2579731547992]]]},"properties":{"id":"103618","parcel":"050020A11700CO","address":"1941 BELLE ARBOR DR","owner":"CAMPBELL, SARAH","point":[-86.77000861711514,36.25818715844714]}},{"type":"Feature","id":"103622","geometry":{"type":"Polygon","coordinates":[[[-86.7704404323642,36.2570818039479],[-86.7704409870982,36.2570817481388],[-86.7704639389414,36.2572316807387],[-86.7700600330744,36.257272237475],[-86.7700370819836,36.2571223048001],[-86.7704404323642,36.2570818039479]]]},"properties":{"id":"103622","parcel":"050020A12200CO","address":"2433 SOLOMON","owner":"CAAL, ISAAC & DIANNE SYBELLA","point":[-86.7702505103143,36.25717699295953]}},{"type":"Feature","id":"103627","geometry":{"type":"Polygon","coordinates":[[[-86.7699932665098,36.2568360700727],[-86.770397171301,36.2567955135472],[-86.770418035342,36.2569318155278],[-86.7700141309883,36.2569723730155],[-86.7699932665098,36.2568360700727]]]},"properties":{"id":"103627","parcel":"050020A12400CO","address":"2425 SOLOMON LN","owner":"CLAY, CHAUNTRELL","point":[-86.77020565096822,36.25688394298885]}},{"type":"Feature","id":"103632","geometry":{"type":"Polygon","coordinates":[[[-86.7699724009991,36.256699768029],[-86.7703763051064,36.2566592115717],[-86.770397171301,36.2567955135472],[-86.7699932665098,36.2568360700727],[-86.7699724009991,36.256699768029]]]},"properties":{"id":"103632","parcel":"050020A12500CO","address":"2421 SOLOMON LN","owner":"PEREIRA, ARYAGNE DOS SANTOS & DIAZ, RICARDO","point":[-86.77018478602083,36.25674764097638]}},{"type":"Feature","id":"104074","geometry":{"type":"Polygon","coordinates":[[[-86.7710019079159,36.2591646271864],[-86.7713583551812,36.2590055060788],[-86.7714402187775,36.2591257899283],[-86.7710837722483,36.2592849112647],[-86.7710019079159,36.2591646271864]]]},"properties":{"id":"104074","parcel":"050020A09800CO","address":"2535 SOLOMON LN","owner":"SHELTON, AUTUMN N. & TAYLOR, NATHANIEL","point":[-86.77122106346758,36.259145208758476]}},{"type":"Feature","id":"104075","geometry":{"type":"Polygon","coordinates":[[[-86.7705925922324,36.258563208588],[-86.7709490365021,36.2584040886665],[-86.7710308988473,36.2585243719136],[-86.7706744553137,36.2586834920639],[-86.7705925922324,36.258563208588]]]},"properties":{"id":"104075","parcel":"050020A10300CO","address":"2515 SOLOMON LN","owner":"NORRIS, JOHN LOUIS JR. & GIMPELSON, LAURA JEAN","point":[-86.77081174566072,36.25854379045192]}},{"type":"Feature","id":"104076","geometry":{"type":"Polygon","coordinates":[[[-86.770428866815,36.2583226414571],[-86.7707853114443,36.258163522],[-86.7708671710496,36.2582838035784],[-86.7707789721711,36.2583235288896],[-86.7705107371535,36.258442921398],[-86.770428866815,36.2583226414571]]]},"properties":{"id":"104076","parcel":"050020A10500CO","address":"2507 SOLOMON LN","owner":"MANGONE, MICHAEL SCOTT & AIRALOTA MIJARES","point":[-86.77064821449616,36.258303223093606]}},{"type":"Feature","id":"104077","geometry":{"type":"Polygon","coordinates":[[[-86.7702626676745,36.257891775784],[-86.7703305431782,36.2578753793503],[-86.7703970730325,36.2578557505808],[-86.7705832848779,36.2581512764983],[-86.7703754000941,36.2582440783509],[-86.7702439910659,36.2580509924937],[-86.7702263497772,36.2580231456223],[-86.7702209296693,36.2580140154112],[-86.7702047101154,36.2579841776368],[-86.7702004348214,36.2579729600547],[-86.7701985814179,36.2579613313891],[-86.7701985826801,36.2579612322441],[-86.7701991997296,36.2579496094622],[-86.7702022654577,36.2579381567291],[-86.7702022948531,36.2579380898496],[-86.7702076981594,36.2579272837307],[-86.7702077420552,36.2579272203637],[-86.7702148209529,36.2579179897553],[-86.770215929746,36.2579167768223],[-86.7702249679462,36.2579085440202],[-86.770236291862,36.2579012321402],[-86.7702489840209,36.257895587853],[-86.7702626676745,36.257891775784]]]},"properties":{"id":"104077","parcel":"050020A10700CO","address":"1937 BELLE ARBOR DR","owner":"CARROLL, CAMERON & SHANDRANA","point":[-86.77037341353213,36.258037334520715]}},{"type":"Feature","id":"104078","geometry":{"type":"Polygon","coordinates":[[[-86.7701913417107,36.258918258825],[-86.7705477894953,36.2587591400967],[-86.7706296515984,36.258879423603],[-86.7702732045499,36.25903854256],[-86.7702263462386,36.2589696914483],[-86.7701913417107,36.258918258825]]]},"properties":{"id":"104078","parcel":"050020A11200CO","address":"2520 SOLOMON LN","owner":"HALLIGAN, KELLY","point":[-86.77041049677541,36.25889884141512]}},{"type":"Feature","id":"104079","geometry":{"type":"Polygon","coordinates":[[[-86.7701094802327,36.2587979750232],[-86.7704659265281,36.2586388565377],[-86.7705477894953,36.2587591400967],[-86.7701913417107,36.258918258825],[-86.7701444835416,36.2588494076791],[-86.7701094802327,36.2587979750232]]]},"properties":{"id":"104079","parcel":"050020A11300CO","address":"2516 SOLOMON LN","owner":"RUSSELL, BRENDA","point":[-86.77032863484926,36.2587785577608]}},{"type":"Feature","id":"104080","geometry":{"type":"Polygon","coordinates":[[[-86.7698170374552,36.2583682710893],[-86.7697701370314,36.258299356072],[-86.7698770441713,36.2582989877304],[-86.7702100648456,36.258262906645],[-86.7703022013301,36.2583982883393],[-86.7699457569007,36.2585574063461],[-86.7698988980455,36.2584885551046],[-86.7698170374552,36.2583682710893]]]},"properties":{"id":"104080","parcel":"050020A11600CO","address":"2504 SOLOMON LN","owner":"MILES, AVIN SR. & MARGARITA B","point":[-86.77003427176504,36.25844329448978]}},{"type":"Feature","id":"104082","geometry":{"type":"Polygon","coordinates":[[[-86.7701017625537,36.257544842392],[-86.7705056697884,36.2575042855195],[-86.7705089338672,36.2575256061884],[-86.7705272969614,36.2576455610663],[-86.7704724244579,36.2576732754539],[-86.7704155914092,36.257698265235],[-86.7703570050217,36.2577204389614],[-86.7702968759549,36.2577397168794],[-86.7702354238582,36.2577560281908],[-86.7702208561387,36.2577584111103],[-86.7702059991916,36.2577587428354],[-86.7701912913419,36.25775701156],[-86.7701771659723,36.2577532694979],[-86.7701640369973,36.2577476266667],[-86.7701522944027,36.2577402500152],[-86.770142279687,36.2577313554686],[-86.7701342913991,36.2577212051894],[-86.7701285627957,36.257710098707],[-86.7701252628497,36.257698362097],[-86.7701017625537,36.257544842392]]]},"properties":{"id":"104082","parcel":"050020A11900CO","address":"2445 SOLOMON LN","owner":"FRANKLIN, ZACHARY","point":[-86.77031452958407,36.25759520191803]}},{"type":"Feature","id":"104083","geometry":{"type":"Polygon","coordinates":[[[-86.7699387895157,36.2565651469025],[-86.7703265816226,36.2564651002254],[-86.7703763051064,36.2566592115717],[-86.7699724009991,36.256699768029],[-86.7699646145266,36.2566543642441],[-86.769953396422,36.2566094338481],[-86.7699387895157,36.2565651469025]]]},"properties":{"id":"104083","parcel":"050020A12600CO","address":"2417 SOLOMON LN","owner":"SN TENNESSEE, LLC","point":[-86.77015208876115,36.256587686373784]}},{"type":"Feature","id":"104086","geometry":{"type":"Polygon","coordinates":[[[-86.7704639389414,36.2572316807387],[-86.7704409870982,36.2570817481388],[-86.7704404323642,36.2570818039479],[-86.770418035342,36.2569318155278],[-86.770397171301,36.2567955135472],[-86.7703763051064,36.2566592115717],[-86.7703265816226,36.2564651002254],[-86.7702200507119,36.2562722693303],[-86.770063151203,36.2561035080531],[-86.7698518068791,36.2559609573955],[-86.7699340525122,36.2558776981408],[-86.7700189299568,36.2557961884967],[-86.7700331174374,36.2556106082498],[-86.7701871051369,36.2555788682329],[-86.770337633054,36.2556423792821],[-86.7707701220548,36.2557311698358],[-86.7707827192852,36.2560933099475],[-86.7707279772641,36.2562756557176],[-86.7709838357267,36.2566305164918],[-86.7709278427445,36.2567678693282],[-86.7707459173058,36.2568698089127],[-86.7708825129199,36.2571683393266],[-86.77090888941,36.2573238530366],[-86.7708496967593,36.2574136278608],[-86.7708750072453,36.2574453452364],[-86.7705272969614,36.2576455610663],[-86.7705089338672,36.2575256061884],[-86.7704879844599,36.2573679624057],[-86.7704639389414,36.2572316807387]]]},"properties":{"id":"104086","parcel":"050020A90700CO","address":"0 BELLE ARBOR DR","owner":"EATHERLY/RING JOINT VENTURE","point":[-86.77063609575622,36.25654777216344]}},{"type":"Feature","id":"104136","geometry":{"type":"Polygon","coordinates":[[[-86.7715418523121,36.2558808452626],[-86.7716383385714,36.2558701946799],[-86.7716477883878,36.2559263423139],[-86.7715513009575,36.2559369938123],[-86.7715418523121,36.2558808452626]]]},"properties":{"id":"104136","parcel":"050020B21600CO","address":"2113 PORTWAY ALY","owner":"CARROLL, GREGORY MICHAEL & SEAN MICHAEL","point":[-86.77159482008108,36.25590359379948]}},{"type":"Feature","id":"104137","geometry":{"type":"Polygon","coordinates":[[[-86.7715326174722,36.2558259688061],[-86.7716291036659,36.2558153182306],[-86.7716383385714,36.2558701946799],[-86.7715418523121,36.2558808452626],[-86.7715326174722,36.2558259688061]]]},"properties":{"id":"104137","parcel":"050020B21700CO","address":"2115 PORTWAY ALY","owner":"HICKS, MARK TOM JR.","point":[-86.77158547800701,36.255848081754664]}},{"type":"Feature","id":"104138","geometry":{"type":"Polygon","coordinates":[[[-86.7715234794558,36.2557716640208],[-86.7716199655759,36.2557610125512],[-86.7716291036659,36.2558153182306],[-86.7715326174722,36.2558259688061],[-86.7715234794558,36.2557716640208]]]},"properties":{"id":"104138","parcel":"050020B21800CO","address":"2117 PORTWAY ALY","owner":"BRADLEY, LAWANDA","point":[-86.77157629157486,36.255793491137396]}},{"type":"Feature","id":"104139","geometry":{"type":"Polygon","coordinates":[[[-86.7715390434492,36.2553064831498],[-86.7715431784222,36.2552521801269],[-86.7716419599119,36.2552571145408],[-86.7716378249976,36.2553114166658],[-86.7715390434492,36.2553064831498]]]},"properties":{"id":"104139","parcel":"050020B22300CO","address":"2131 PORTWAY ALY","owner":"HAMLOW, PAMELA J. IRREVOCABLE TRUST","point":[-86.77159050167892,36.255281798856444]}},{"type":"Feature","id":"104140","geometry":{"type":"Polygon","coordinates":[[[-86.7715638242775,36.2551147570311],[-86.7715676740758,36.2550608821143],[-86.7716657888544,36.2550654800937],[-86.7716619391314,36.2551193559148],[-86.7715638242775,36.2551147570311]]]},"properties":{"id":"104140","parcel":"050020B22500CO","address":"2135 PORTWAY ALY","owner":"BERGER, PRESTON R.","point":[-86.77161480659858,36.255090118573406]}},{"type":"Feature","id":"104141","geometry":{"type":"Polygon","coordinates":[[[-86.7715715688851,36.2550063733332],[-86.7715755068046,36.2549512640461],[-86.7716736214568,36.2549558629205],[-86.7716696836053,36.2550109722108],[-86.7715715688851,36.2550063733332]]]},"properties":{"id":"104141","parcel":"050020B22700CO","address":"2139 PORTWAY ALY","owner":"HARPSTER, BENJAMIN J & HITCHMOUGH, JEREMY B & MARA M","point":[-86.77162259518718,36.25498111813784]}},{"type":"Feature","id":"104142","geometry":{"type":"Polygon","coordinates":[[[-86.7719618067684,36.2553634211372],[-86.7719657567814,36.2553094653589],[-86.7720655930161,36.2553142602054],[-86.7720616430885,36.2553682177893],[-86.7719618067684,36.2553634211372]]]},"properties":{"id":"104142","parcel":"050020B23400CO","address":"1310 HAVENBROOK DR","owner":"ARONOV, EKATERINA & ORIN, DIMITRY","point":[-86.77201369994252,36.25533884068272]}},{"type":"Feature","id":"104143","geometry":{"type":"Polygon","coordinates":[[[-86.7719578035196,36.2554180811275],[-86.7719618067684,36.2553634211372],[-86.7720616430885,36.2553682177893],[-86.7720576398908,36.2554228759805],[-86.7719578035196,36.2554180811275]]]},"properties":{"id":"104143","parcel":"050020B23500CO","address":"1312 HAVENBROOK DR","owner":"RATZEL, DREW ALLEN & MCCOY, VICTORIA LYNN","point":[-86.77200972328613,36.25539314946971]}},{"type":"Feature","id":"104144","geometry":{"type":"Polygon","coordinates":[[[-86.7719536618691,36.2554746409256],[-86.7719578035196,36.2554180811275],[-86.7720576398908,36.2554228759805],[-86.7720534983113,36.2554794357819],[-86.7719536618691,36.2554746409256]]]},"properties":{"id":"104144","parcel":"050020B23600CO","address":"1314 HAVENBROOK DR","owner":"LARA, WENDY RIVERA & LANDAVERDE KENIA R.","point":[-86.7720056508969,36.25544875846446]}},{"type":"Feature","id":"104145","geometry":{"type":"Polygon","coordinates":[[[-86.7719602102561,36.2558194472096],[-86.772056261854,36.2558048552183],[-86.7720688851253,36.2558593594026],[-86.7719728323509,36.2558739514109],[-86.7719602102561,36.2558194472096]]]},"properties":{"id":"104145","parcel":"050020B24000CO","address":"1322 HAVENBROOK DR","owner":"GASTON, RENARDO & AMANDA","point":[-86.77201454747382,36.255839403318035]}},{"type":"Feature","id":"104146","geometry":{"type":"Polygon","coordinates":[[[-86.772529693499,36.2561495199837],[-86.7726229601354,36.256127963401],[-86.7726414037138,36.2561803087757],[-86.7725481370208,36.2562018653723],[-86.772529693499,36.2561495199837]]]},"properties":{"id":"104146","parcel":"050020B24800CO","address":"1333 HAVENBROOK DR","owner":"KNIGHT, KELLIE & ARTIS, DENESE B.","point":[-86.77258554859549,36.25616491439272]}},{"type":"Feature","id":"104147","geometry":{"type":"Polygon","coordinates":[[[-86.7724927172878,36.2560445783187],[-86.7725859838108,36.2560230217638],[-86.7726046321962,36.2560759489418],[-86.772511365616,36.2560975055107],[-86.7724927172878,36.2560445783187]]]},"properties":{"id":"104147","parcel":"050020B25000CO","address":"1329 HAVENBROOK DR","owner":"WALTON, SHONTE R","point":[-86.77254867473087,36.25606026364331]}},{"type":"Feature","id":"104148","geometry":{"type":"Polygon","coordinates":[[[-86.7724315791278,36.2558962951824],[-86.7725256664976,36.2558734608661],[-86.7725446861206,36.2559248679842],[-86.7724505986953,36.255947702315],[-86.7724315791278,36.2558962951824]]]},"properties":{"id":"104148","parcel":"050020B25100CO","address":"1327 HAVENBROOK DR","owner":"SHAH, NIRALI & PATEL, PRATIK","point":[-86.77248813261396,36.25591058159665]}},{"type":"Feature","id":"104149","geometry":{"type":"Polygon","coordinates":[[[-86.7720786121549,36.2567317244856],[-86.7718446275531,36.2567124690296],[-86.7716105499082,36.2567497136851],[-86.7716815147777,36.2564464763196],[-86.7715282897776,36.2561395316376],[-86.7714922069132,36.2560596980772],[-86.7714921795068,36.2560596261525],[-86.7714627727562,36.2559781367273],[-86.7714627601394,36.2559780980543],[-86.7714627486441,36.2559780602753],[-86.7714627371312,36.2559780206941],[-86.7714400890805,36.255895130835],[-86.771440079793,36.2558950912395],[-86.7714400716446,36.2558950543405],[-86.7714400634698,36.2558950147379],[-86.7714242673757,36.2558110474005],[-86.7714242601295,36.2558109888658],[-86.7714153921196,36.2557263365096],[-86.7714242270934,36.2555130661277],[-86.7714589448057,36.2551306009537],[-86.7707906348903,36.255090959942],[-86.7707856061049,36.2550469914032],[-86.7708605887932,36.2550138131725],[-86.7708606319949,36.2550137930695],[-86.7708606729537,36.2550137711783],[-86.7708607150252,36.25501374928],[-86.770931150085,36.2549746463873],[-86.7709311965283,36.2549746163499],[-86.7709964431453,36.2549299461801],[-86.771055844609,36.2548801473325],[-86.7710558776825,36.2548801155778],[-86.7711087232406,36.2548257901224],[-86.7711087529673,36.2548257574878],[-86.7711087782696,36.2548257275853],[-86.7711088068748,36.2548256940566],[-86.7711546328026,36.2547673289303],[-86.7711957615983,36.2547086035245],[-86.7712291765946,36.2547105856884],[-86.7714334643675,36.2547227029754],[-86.7717191063895,36.2547396447489],[-86.7721522982188,36.2547653368561],[-86.7721816260099,36.2547670763038],[-86.7721690183328,36.254876477094],[-86.7725238256306,36.2549032978261],[-86.7724700062389,36.2549027046034],[-86.7724167637333,36.2549090121136],[-86.7723654817608,36.2549220447825],[-86.7723654340297,36.2549220568038],[-86.7723653951914,36.254922067867],[-86.7723653497471,36.2549220861824],[-86.7723172459457,36.2549415325097],[-86.7722734875326,36.2549669308113],[-86.7722352585551,36.2549976048001],[-86.7722035370508,36.2550327479247],[-86.7722035084372,36.2550327805524],[-86.772203488646,36.2550328050126],[-86.7722034656221,36.2550328403083],[-86.7721790352108,36.2550715634438],[-86.7721790133084,36.2550715996337],[-86.7721789990981,36.2550716258606],[-86.7721789827767,36.2550716638172],[-86.7721624023914,36.2551130864842],[-86.7721541103406,36.2551561676497],[-86.7721122678217,36.2556060484839],[-86.7721099731708,36.2556695477902],[-86.7721099736888,36.2556696009604],[-86.7721148796645,36.255732982155],[-86.7721148833976,36.2557330226872],[-86.7721148859478,36.255733056017],[-86.7721148930102,36.2557330956267],[-86.7721269531228,36.2557958110484],[-86.7721269647676,36.2557958641475],[-86.7721269797506,36.2557959172253],[-86.7721460981055,36.2558574880223],[-86.7721461152788,36.255857537481],[-86.7721721662274,36.2559175147316],[-86.7722501506054,36.2560737348503],[-86.7722843944066,36.2561423314977],[-86.7723104151794,36.2562023891184],[-86.7723294021039,36.2562641508834],[-86.7723411885725,36.256327078916],[-86.7723456723896,36.256390622309],[-86.7720173003649,36.2563635996863],[-86.772000297059,36.2565320979135],[-86.7719867989065,36.2566689472344],[-86.7723175220283,36.2566961640076],[-86.7723117983761,36.2567509142948],[-86.7720786121549,36.2567317244856]],[[-86.7718383788318,36.2563166864775],[-86.7718137744294,36.2562656051296],[-86.7717886112569,36.2562133611334],[-86.7717638399652,36.2561619329592],[-86.7717390823037,36.2561105299273],[-86.7717145257188,36.2560595464872],[-86.7716907414414,36.2560101650301],[-86.7716009727118,36.2560385272942],[-86.7716247569419,36.2560879087686],[-86.7716493134778,36.2561388922265],[-86.7716740722026,36.2561902952693],[-86.7716988423322,36.2562417234685],[-86.7717240065585,36.2562939665747],[-86.7717486098079,36.2563450488488],[-86.7718383788318,36.2563166864775]],[[-86.7721397349659,36.2562315518872],[-86.7721632659989,36.2562795748938],[-86.7722552475106,36.256250010231],[-86.7722317153179,36.256201987249],[-86.7722062575922,36.2561500318156],[-86.7721813880229,36.2560992784842],[-86.7721558724745,36.2560472062467],[-86.7721314219025,36.2559973073109],[-86.7720394417418,36.2560268709734],[-86.7720638922737,36.2560767708285],[-86.7720894077713,36.256128843085],[-86.772114277291,36.2561795964349],[-86.7721397349659,36.2562315518872]],[[-86.7715513009575,36.2559369938123],[-86.7716477883878,36.2559263423139],[-86.7716383385714,36.2558701946799],[-86.7716291036659,36.2558153182306],[-86.7716199655759,36.2557610125512],[-86.7716108925125,36.2557070984969],[-86.7715144064481,36.2557177490583],[-86.7715234794558,36.2557716640208],[-86.7715326174722,36.2558259688061],[-86.7715418523121,36.2558808452626],[-86.7715513009575,36.2559369938123]],[[-86.7719728323509,36.2558739514109],[-86.7719847144397,36.2559252528049],[-86.7720807661525,36.2559106598933],[-86.7720688851253,36.2558593594026],[-86.772056261854,36.2558048552183],[-86.7720435805165,36.2557500999554],[-86.7720310675939,36.2556960682158],[-86.7719350150193,36.2557106610959],[-86.7719475289827,36.2557646919369],[-86.7719602102561,36.2558194472096],[-86.7719728323509,36.2558739514109]],[[-86.7720655930161,36.2553142602054],[-86.7719657567814,36.2553094653589],[-86.7719618067684,36.2553634211372],[-86.7719578035196,36.2554180811275],[-86.7719536618691,36.2554746409256],[-86.771949856061,36.2555266094341],[-86.7720496925771,36.2555314051947],[-86.7720534983113,36.2554794357819],[-86.7720576398908,36.2554228759805],[-86.7720616430885,36.2553682177893],[-86.7720655930161,36.2553142602054]],[[-86.7716337157965,36.2553653887697],[-86.7716378249976,36.2553114166658],[-86.7716419599119,36.2552571145408],[-86.7715431784222,36.2552521801269],[-86.7715390434492,36.2553064831498],[-86.7715349341723,36.2553604543493],[-86.7715307379821,36.2554155571659],[-86.7715263919647,36.2554726445798],[-86.7716251737194,36.2554775781059],[-86.7716295207875,36.2554204915826],[-86.7716337157965,36.2553653887697]],[[-86.7720954151814,36.254965534482],[-86.7719950333134,36.254961797606],[-86.7719918250503,36.2550183307213],[-86.7719887896065,36.2550718147182],[-86.7719857427988,36.2551255033696],[-86.7719826475081,36.2551800413032],[-86.7719795581082,36.2552344989873],[-86.772079939208,36.255238235883],[-86.7720830296519,36.2551837781893],[-86.7720861248737,36.2551292402531],[-86.7720891716135,36.2550755515993],[-86.7720922069985,36.2550220685011],[-86.7720954151814,36.254965534482]],[[-86.7716696836053,36.2550109722108],[-86.7716736214568,36.2549558629205],[-86.771677130372,36.2549028715925],[-86.7715792929826,36.2548982853707],[-86.7715755068046,36.2549512640461],[-86.7715715688851,36.2550063733332],[-86.7715676740758,36.2550608821143],[-86.7715638242775,36.2551147570311],[-86.7715599725557,36.2551686635029],[-86.7716580863634,36.2551732623967],[-86.7716619391314,36.2551193559148],[-86.7716657888544,36.2550654800937],[-86.7716696836053,36.2550109722108]]]},"properties":{"id":"104149","parcel":"050020B90100CO","address":"1300 B HAVENBROOK DR","owner":"O.I.C. BELLE ARBOR","point":[-86.77177706662916,36.2557296826068]}},{"type":"Feature","id":"104869","geometry":{"type":"Polygon","coordinates":[[[-86.7710837722483,36.2592849112647],[-86.7714402187775,36.2591257899283],[-86.7715220837263,36.2592460728099],[-86.7711656357077,36.2594051943891],[-86.7710837722483,36.2592849112647]]]},"properties":{"id":"104869","parcel":"050020A09700CO","address":"2539 SOLOMON LN","owner":"MITCHELL, GLENN SCOTT","point":[-86.77130292797256,36.259265492238164]}},{"type":"Feature","id":"104872","geometry":{"type":"Polygon","coordinates":[[[-86.7709200449534,36.2590443439424],[-86.7712764907294,36.2588852230777],[-86.7713583551812,36.2590055060788],[-86.7710019079159,36.2591646271864],[-86.7709200449534,36.2590443439424]]]},"properties":{"id":"104872","parcel":"050020A09900CO","address":"2531 SOLOMON LN","owner":"ADAMS, MOHAMED & ALTOBAL, ALAA AHMAD","point":[-86.77113920005259,36.259024925211456]}},{"type":"Feature","id":"104875","geometry":{"type":"Polygon","coordinates":[[[-86.7706744553137,36.2586834920639],[-86.7710308988473,36.2585243719136],[-86.7711127625624,36.2586446559951],[-86.7707563186523,36.2588037763812],[-86.7706744553137,36.2586834920639]]]},"properties":{"id":"104875","parcel":"050020A10200CO","address":"2519 SOLOMON LN","owner":"DICARI, SIENA CATHERINE","point":[-86.77089360899113,36.258664074230474]}},{"type":"Feature","id":"104878","geometry":{"type":"Polygon","coordinates":[[[-86.7705255708241,36.2578065975109],[-86.7705573720534,36.2577923992917],[-86.770762792502,36.2580769640792],[-86.7705832848779,36.2581512764983],[-86.7703970730325,36.2578557505808],[-86.7704508522273,36.2578371223421],[-86.7704530497722,36.2578362990127],[-86.7704993807967,36.2578179886146],[-86.7705255708241,36.2578065975109]]]},"properties":{"id":"104878","parcel":"050020A10600CO","address":"1933 BELLE ARBOR DR","owner":"SLAUGHTER, CHEAVLIER & MELISSA","point":[-86.7705748602468,36.25796634774141]}},{"type":"Feature","id":"104880","geometry":{"type":"Polygon","coordinates":[[[-86.7701017625537,36.257544842392],[-86.7700808977825,36.2574085403886],[-86.7704879844599,36.2573679624057],[-86.7705089338672,36.2575256061884],[-86.7705056697884,36.2575042855195],[-86.7701017625537,36.257544842392]]]},"properties":{"id":"104880","parcel":"050020A12000CO","address":"2441 SOLOMON LN","owner":"BLEDSOE, TITUS & LAKESHA","point":[-86.77029397855149,36.25745641447678]}},{"type":"Feature","id":"104883","geometry":{"type":"Polygon","coordinates":[[[-86.7700600330744,36.257272237475],[-86.7704639389414,36.2572316807387],[-86.7704879844599,36.2573679624057],[-86.7700808977825,36.2574085403886],[-86.7700600330744,36.257272237475]]]},"properties":{"id":"104883","parcel":"050020A12100CO","address":"2437 SOLOMON LN","owner":"HO, PHUONG","point":[-86.77027345408274,36.25732009906643]}},{"type":"Feature","id":"105057","geometry":{"type":"Polygon","coordinates":[[[-86.7716009727118,36.2560385272942],[-86.7716907414414,36.2560101650301],[-86.7717145257188,36.2560595464872],[-86.7716247569419,36.2560879087686],[-86.7716009727118,36.2560385272942]]]},"properties":{"id":"105057","parcel":"050020B21500CO","address":"2111 PORTWAY ALY","owner":"MANOUCHEHRI, ALI & AREFFAR, ODISEH","point":[-86.77165774920772,36.256049036904166]}},{"type":"Feature","id":"105060","geometry":{"type":"Polygon","coordinates":[[[-86.7715144064481,36.2557177490583],[-86.7716108925125,36.2557070984969],[-86.7716199655759,36.2557610125512],[-86.7715234794558,36.2557716640208],[-86.7715144064481,36.2557177490583]]]},"properties":{"id":"105060","parcel":"050020B21900CO","address":"2119 PORTWAY ALY","owner":"RODOS, INNA STELIN & GEORGE","point":[-86.77156718596899,36.25573938081632]}},{"type":"Feature","id":"105063","geometry":{"type":"Polygon","coordinates":[[[-86.7719918250503,36.2550183307213],[-86.7719950333134,36.254961797606],[-86.7720954151814,36.254965534482],[-86.7720922069985,36.2550220685011],[-86.7719918250503,36.2550183307213]]]},"properties":{"id":"105063","parcel":"050020B22900CO","address":"1300 HAVENBROOK DR","owner":"MEEKS, ELIZA W. & KYLE","point":[-86.7720436201471,36.254991932613]}},{"type":"Feature","id":"105066","geometry":{"type":"Polygon","coordinates":[[[-86.7719857427988,36.2551255033696],[-86.7719887896065,36.2550718147182],[-86.7720891716135,36.2550755515993],[-86.7720861248737,36.2551292402531],[-86.7719857427988,36.2551255033696]]]},"properties":{"id":"105066","parcel":"050020B23100CO","address":"1304 HAVENBROOK DR","owner":"HAUPT, EMILY ELIZABETH","point":[-86.77203745722242,36.25510052749572]}},{"type":"Feature","id":"105070","geometry":{"type":"Polygon","coordinates":[[[-86.771949856061,36.2555266094341],[-86.7719536618691,36.2554746409256],[-86.7720534983113,36.2554794357819],[-86.7720496925771,36.2555314051947],[-86.771949856061,36.2555266094341]]]},"properties":{"id":"105070","parcel":"050020B23700CO","address":"1316 HAVENBROOK DR","owner":"HOLT, PAMELA C.","point":[-86.77200167721854,36.25550302261936]}},{"type":"Feature","id":"105073","geometry":{"type":"Polygon","coordinates":[[[-86.7719475289827,36.2557646919369],[-86.7720435805165,36.2557500999554],[-86.772056261854,36.2558048552183],[-86.7719602102561,36.2558194472096],[-86.7719475289827,36.2557646919369]]]},"properties":{"id":"105073","parcel":"050020B23900CO","address":"1320 HAVENBROOK DR","owner":"MORRISON, HAYLI & TIM","point":[-86.77200189540451,36.25578477358994]}},{"type":"Feature","id":"105078","geometry":{"type":"Polygon","coordinates":[[[-86.7720894077713,36.256128843085],[-86.7721813880229,36.2560992784842],[-86.7722062575922,36.2561500318156],[-86.772114277291,36.2561795964349],[-86.7720894077713,36.256128843085]]]},"properties":{"id":"105078","parcel":"050020B24400CO","address":"1330 HAVENBROOK DR","owner":"BARTON, NICOLE & CAMERON","point":[-86.77214783267387,36.25613943746454]}},{"type":"Feature","id":"105081","geometry":{"type":"Polygon","coordinates":[[[-86.7726414037138,36.2561803087757],[-86.7726417978515,36.2561802170322],[-86.7726608033381,36.2562341540149],[-86.7725671424489,36.2562558023694],[-86.7725481370208,36.2562018653723],[-86.7726414037138,36.2561803087757]]]},"properties":{"id":"105081","parcel":"050020B24700CO","address":"1335 HAVENBROOK DR","owner":"GAGE, DONTAYO C","point":[-86.77260447016792,36.25621800970684]}},{"type":"Feature","id":"105083","geometry":{"type":"Polygon","coordinates":[[[-86.7723930166318,36.2557920656912],[-86.772487103889,36.2557692314042],[-86.7725062365959,36.255820943329],[-86.7724121492828,36.2558437776305],[-86.7723930166318,36.2557920656912]]]},"properties":{"id":"105083","parcel":"050020B25300CO","address":"1323 HAVENBROOK DR","owner":"DAVIS, JENNIFER MICHELLE","point":[-86.77244962660347,36.25580650452346]}},{"type":"Feature","id":"106488","geometry":{"type":"Polygon","coordinates":[[[-86.7717240065585,36.2562939665747],[-86.7718137744294,36.2562656051296],[-86.7718383788318,36.2563166864775],[-86.7717486098079,36.2563450488488],[-86.7717240065585,36.2562939665747]]]},"properties":{"id":"106488","parcel":"050020B21000CO","address":"2101 PORTWAY ALY","owner":"ADAMS, CARTER & EMILY","point":[-86.77178119251683,36.25630532653943]}},{"type":"Feature","id":"106489","geometry":{"type":"Polygon","coordinates":[[[-86.7716493134778,36.2561388922265],[-86.7717390823037,36.2561105299273],[-86.7717638399652,36.2561619329592],[-86.7716740722026,36.2561902952693],[-86.7716493134778,36.2561388922265]]]},"properties":{"id":"106489","parcel":"050020B21300CO","address":"2107 PORTWAY ALY","owner":"LAFFLER, CONNOR EDWARD","point":[-86.77170657683722,36.25615041260677]}},{"type":"Feature","id":"106490","geometry":{"type":"Polygon","coordinates":[[[-86.7716247569419,36.2560879087686],[-86.7717145257188,36.2560595464872],[-86.7717390823037,36.2561105299273],[-86.7716493134778,36.2561388922265],[-86.7716247569419,36.2560879087686]]]},"properties":{"id":"106490","parcel":"050020B21400CO","address":"2109 PORTWAY ALY","owner":"VORTEXX ENTERPRISES, LLC","point":[-86.77168191961458,36.25609921936157]}},{"type":"Feature","id":"106491","geometry":{"type":"Polygon","coordinates":[[[-86.7715307379821,36.2554155571659],[-86.7715349341723,36.2553604543493],[-86.7716337157965,36.2553653887697],[-86.7716295207875,36.2554204915826],[-86.7715307379821,36.2554155571659]]]},"properties":{"id":"106491","parcel":"050020B22100CO","address":"2127 PORTWAY ALY","owner":"SARABA REAL ESTATE CO.","point":[-86.77158222715966,36.25539047297947]}},{"type":"Feature","id":"106492","geometry":{"type":"Polygon","coordinates":[[[-86.7715349341723,36.2553604543493],[-86.7715390434492,36.2553064831498],[-86.7716378249976,36.2553114166658],[-86.7716337157965,36.2553653887697],[-86.7715349341723,36.2553604543493]]]},"properties":{"id":"106492","parcel":"050020B22200CO","address":"2129 PORTWAY ALY","owner":"MUNN, ASHLEY ELIZABETH","point":[-86.77158637961848,36.25533593551876]}},{"type":"Feature","id":"106493","geometry":{"type":"Polygon","coordinates":[[[-86.7715676740758,36.2550608821143],[-86.7715715688851,36.2550063733332],[-86.7716696836053,36.2550109722108],[-86.7716657888544,36.2550654800937],[-86.7715676740758,36.2550608821143]]]},"properties":{"id":"106493","parcel":"050020B22600CO","address":"2137 PORTWAY ALY","owner":"COLEMAN, PAMELA LOUISA","point":[-86.77161867883974,36.255035927173495]}},{"type":"Feature","id":"106494","geometry":{"type":"Polygon","coordinates":[[[-86.7715755068046,36.2549512640461],[-86.7715792929826,36.2548982853707],[-86.771677130372,36.2549028715925],[-86.7716736214568,36.2549558629205],[-86.7715755068046,36.2549512640461]]]},"properties":{"id":"106494","parcel":"050020B22800CO","address":"2141 PORTWAY ALY","owner":"JOHNSON, ALICIA N","point":[-86.77162638233317,36.25492706795186]}},{"type":"Feature","id":"106495","geometry":{"type":"Polygon","coordinates":[[[-86.7719795581082,36.2552344989873],[-86.7719826475081,36.2551800413032],[-86.7720830296519,36.2551837781893],[-86.772079939208,36.255238235883],[-86.7719795581082,36.2552344989873]]]},"properties":{"id":"106495","parcel":"050020B23300CO","address":"1308 HAVENBROOK DR","owner":"MOORE, KIMIKO JEAN","point":[-86.77203129363659,36.25520913859911]}},{"type":"Feature","id":"106496","geometry":{"type":"Polygon","coordinates":[[[-86.7719350150193,36.2557106610959],[-86.7720310675939,36.2556960682158],[-86.7720435805165,36.2557500999554],[-86.7719475289827,36.2557646919369],[-86.7719350150193,36.2557106610959]]]},"properties":{"id":"106496","parcel":"050020B23800CO","address":"1318 HAVENBROOK DR","owner":"BANG, MIKYUNG & LEE, JIHUM","point":[-86.77198929799313,36.25573038053841]}},{"type":"Feature","id":"106497","geometry":{"type":"Polygon","coordinates":[[[-86.7719728323509,36.2558739514109],[-86.7720688851253,36.2558593594026],[-86.7720807661525,36.2559106598933],[-86.7719847144397,36.2559252528049],[-86.7719728323509,36.2558739514109]]]},"properties":{"id":"106497","parcel":"050020B24100CO","address":"1324 HAVENBROOK DR","owner":"BIRDSONG, PATRICIA SUZETTE","point":[-86.77202679940197,36.25589230566457]}},{"type":"Feature","id":"106498","geometry":{"type":"Polygon","coordinates":[[[-86.7720638922737,36.2560767708285],[-86.7721558724745,36.2560472062467],[-86.7721813880229,36.2560992784842],[-86.7720894077713,36.256128843085],[-86.7720638922737,36.2560767708285]]]},"properties":{"id":"106498","parcel":"050020B24300CO","address":"1328 HAVENBROOK DR","owner":"DEAN, ALECHIA M.","point":[-86.77212264013991,36.25608802467075]}},{"type":"Feature","id":"106499","geometry":{"type":"Polygon","coordinates":[[[-86.772114277291,36.2561795964349],[-86.7722062575922,36.2561500318156],[-86.7722317153179,36.256201987249],[-86.7721397349659,36.2562315518872],[-86.772114277291,36.2561795964349]]]},"properties":{"id":"106499","parcel":"050020B24500CO","address":"1332 HAVENBROOK DR","owner":"GUNN, ALLEGRA A. & ALLISON N.","point":[-86.77217299629609,36.25619079185635]}},{"type":"Feature","id":"106500","geometry":{"type":"Polygon","coordinates":[[[-86.7721397349659,36.2562315518872],[-86.7722317153179,36.256201987249],[-86.7722552475106,36.256250010231],[-86.7721632659989,36.2562795748938],[-86.7721397349659,36.2562315518872]]]},"properties":{"id":"106500","parcel":"050020B24600CO","address":"1334 HAVENBROOK DR","owner":"YYS LIVING TRUST","point":[-86.77219749112528,36.25624078107282]}},{"type":"Feature","id":"106501","geometry":{"type":"Polygon","coordinates":[[[-86.772511365616,36.2560975055107],[-86.7726046321962,36.2560759489418],[-86.7726229601354,36.256127963401],[-86.772529693499,36.2561495199837],[-86.772511365616,36.2560975055107]]]},"properties":{"id":"106501","parcel":"050020B24900CO","address":"1331 HAVENBROOK DR","owner":"PETRASOVITS, BROOKE","point":[-86.77256716286492,36.256112734468836]}},{"type":"Feature","id":"106502","geometry":{"type":"Polygon","coordinates":[[[-86.7723767010943,36.2554511701676],[-86.7723812495229,36.2553967608286],[-86.7724781031708,36.2554020709864],[-86.7724735548172,36.2554564812302],[-86.7723767010943,36.2554511701676]]]},"properties":{"id":"106502","parcel":"050020B25800CO","address":"1313 HAVENBROOK DR","owner":"ROMIG, GRANT","point":[-86.77242740216727,36.25542662058788]}},{"type":"Feature","id":"107738","geometry":{"type":"Polygon","coordinates":[[[-86.7716988423322,36.2562417234685],[-86.7717886112569,36.2562133611334],[-86.7718137744294,36.2562656051296],[-86.7717240065585,36.2562939665747],[-86.7716988423322,36.2562417234685]]]},"properties":{"id":"107738","parcel":"050020B21100CO","address":"2103 PORTWAY ALY","owner":"WHEELDON, MEAGAN COLE","point":[-86.77175630854694,36.25625366431317]}},{"type":"Feature","id":"107740","geometry":{"type":"Polygon","coordinates":[[[-86.7716740722026,36.2561902952693],[-86.7717638399652,36.2561619329592],[-86.7717886112569,36.2562133611334],[-86.7716988423322,36.2562417234685],[-86.7716740722026,36.2561902952693]]]},"properties":{"id":"107740","parcel":"050020B21200CO","address":"2105 PORTWAY ALY","owner":"PRATT, LILLIE","point":[-86.77173134159716,36.2562018282148]}},{"type":"Feature","id":"107742","geometry":{"type":"Polygon","coordinates":[[[-86.7715263919647,36.2554726445798],[-86.7715307379821,36.2554155571659],[-86.7716295207875,36.2554204915826],[-86.7716251737194,36.2554775781059],[-86.7715263919647,36.2554726445798]]]},"properties":{"id":"107742","parcel":"050020B22000CO","address":"2125 PORTWAY ALY","owner":"CALHOUN, AZSCHRIELLE & BRIAN","point":[-86.77157795612038,36.255446568091905]}},{"type":"Feature","id":"107744","geometry":{"type":"Polygon","coordinates":[[[-86.7715599725557,36.2551686635029],[-86.7715638242775,36.2551147570311],[-86.7716619391314,36.2551193559148],[-86.7716580863634,36.2551732623967],[-86.7715599725557,36.2551686635029]]]},"properties":{"id":"107744","parcel":"050020B22400CO","address":"2133 PORTWAY ALY","owner":"ACEVEDO, JONATHAN","point":[-86.77161095560412,36.25514400971934]}},{"type":"Feature","id":"107747","geometry":{"type":"Polygon","coordinates":[[[-86.7719887896065,36.2550718147182],[-86.7719918250503,36.2550183307213],[-86.7720922069985,36.2550220685011],[-86.7720891716135,36.2550755515993],[-86.7719887896065,36.2550718147182]]]},"properties":{"id":"107747","parcel":"050020B23000CO","address":"1302 HAVENBROOK DR","owner":"RESIDENCES UNO LLC","point":[-86.77204049830472,36.2550469416209]}},{"type":"Feature","id":"107749","geometry":{"type":"Polygon","coordinates":[[[-86.7719826475081,36.2551800413032],[-86.7719857427988,36.2551255033696],[-86.7720861248737,36.2551292402531],[-86.7720830296519,36.2551837781893],[-86.7719826475081,36.2551800413032]]]},"properties":{"id":"107749","parcel":"050020B23200CO","address":"1306 HAVENBROOK DR","owner":"KARANAM, SRIKAR","point":[-86.77203438620744,36.25515464078945]}},{"type":"Feature","id":"107751","geometry":{"type":"Polygon","coordinates":[[[-86.7720394417418,36.2560268709734],[-86.7721314219025,36.2559973073109],[-86.7721558724745,36.2560472062467],[-86.7720638922737,36.2560767708285],[-86.7720394417418,36.2560268709734]]]},"properties":{"id":"107751","parcel":"050020B24200CO","address":"1326 HAVENBROOK DR","owner":"EWING, JACOB & WHITEHEAD, CODY","point":[-86.77209765705692,36.25603703862412]}},{"type":"Feature","id":"107753","geometry":{"type":"Polygon","coordinates":[[[-86.7724121492828,36.2558437776305],[-86.7725062365959,36.255820943329],[-86.7725256664976,36.2558734608661],[-86.7724315791278,36.2558962951824],[-86.7724121492828,36.2558437776305]]]},"properties":{"id":"107753","parcel":"050020B25200CO","address":"1325 HAVENBROOK DR","owner":"MYERS, DANIEL & LAURA","point":[-86.77246890787953,36.25585861926175]}},{"type":"Feature","id":"107755","geometry":{"type":"Polygon","coordinates":[[[-86.772373281732,36.2557387272444],[-86.7724673689227,36.2557158920713],[-86.772487103889,36.2557692314042],[-86.7723930166318,36.2557920656912],[-86.772373281732,36.2557387272444]]]},"properties":{"id":"107755","parcel":"050020B25400CO","address":"1321 HAVENBROOK DR","owner":"DOBBINS, LUCIE","point":[-86.77243019284563,36.25575397933791]}},{"type":"Feature","id":"107757","geometry":{"type":"Polygon","coordinates":[[[-86.7723541548005,36.2556870260761],[-86.7724482419442,36.2556641918187],[-86.7724673689227,36.2557158920713],[-86.772373281732,36.2557387272444],[-86.7723541548005,36.2556870260761]]]},"properties":{"id":"107757","parcel":"050020B25500CO","address":"1319 HAVENBROOK DR","owner":"GARTH, ASHLEY","point":[-86.77241076180621,36.25570145908698]}},{"type":"Feature","id":"107759","geometry":{"type":"Polygon","coordinates":[[[-86.7723674608693,36.255561721953],[-86.7723721925655,36.2555051069978],[-86.7724690463451,36.2555104171627],[-86.7724643147179,36.2555670321216],[-86.7723674608693,36.255561721953]]]},"properties":{"id":"107759","parcel":"050020B25600CO","address":"1317 HAVENBROOK DR","owner":"GRANGRUTH, MALLORY LEAH","point":[-86.77241825362364,36.25553606956874]}},{"type":"Feature","id":"107761","geometry":{"type":"Polygon","coordinates":[[[-86.7723721925655,36.2555051069978],[-86.7723767010943,36.2554511701676],[-86.7724735548172,36.2554564812302],[-86.7724690463451,36.2555104171627],[-86.7723721925655,36.2555051069978]]]},"properties":{"id":"107761","parcel":"050020B25700CO","address":"1315 HAVENBROOK DR","owner":"SHACKELFORD, XAVIER","point":[-86.77242287368782,36.255480794124814]}},{"type":"Feature","id":"107763","geometry":{"type":"Polygon","coordinates":[[[-86.7723812495229,36.2553967608286],[-86.7723856503744,36.2553441080585],[-86.7724825039671,36.2553494191141],[-86.7724781031708,36.2554020709864],[-86.7723812495229,36.2553967608286]]]},"properties":{"id":"107763","parcel":"050020B25900CO","address":"1311 HAVENBROOK DR","owner":"PATTON, JASMINE DARCEL","point":[-86.7724318767411,36.25537308998212]}},{"type":"Feature","id":"107765","geometry":{"type":"Polygon","coordinates":[[[-86.7725004104253,36.2562576926299],[-86.772485692374,36.2562009992425],[-86.7724660599727,36.2561452925891],[-86.7724416105064,36.2560908487278],[-86.7724219718464,36.2560515078237],[-86.7723293819542,36.2558660321043],[-86.7723085158661,36.2558179947951],[-86.7723084999108,36.2558179561435],[-86.7723084907371,36.2558179282636],[-86.7723084769985,36.2558178886965],[-86.7722931529678,36.2557685307859],[-86.7722931424882,36.2557684830869],[-86.7722834675855,36.2557181734031],[-86.7722834625904,36.2557181175579],[-86.7722795289925,36.255667295321],[-86.7722813673355,36.2556163649951],[-86.7723137893874,36.2552677758387],[-86.7723160474954,36.255243484549],[-86.7727145865219,36.2552736094606],[-86.7727094901362,36.2553284017442],[-86.7726804450013,36.2556407123042],[-86.772680505357,36.2556760119088],[-86.7726872125805,36.2557108913871],[-86.7727004118371,36.2557445342984],[-86.7727765312514,36.2558970150326],[-86.7727987397254,36.2559506539304],[-86.7727987522813,36.2559506862949],[-86.7727987637245,36.2559507186666],[-86.7727987729424,36.2559507510525],[-86.7728127976814,36.2560061645663],[-86.772812806996,36.2560062068653],[-86.772818446581,36.2560625968811],[-86.7728184504419,36.2560626504805],[-86.7728184487393,36.2560627041155],[-86.7728156162259,36.256119258267],[-86.7727889472492,36.256331843388],[-86.7725753815172,36.2563142693647],[-86.7725619470014,36.2563120931332],[-86.7725490502318,36.2563083470975],[-86.7725369702002,36.25630311329],[-86.7725369277069,36.2563030919318],[-86.7725368997225,36.256303074987],[-86.7725368594282,36.256303050911],[-86.7725261881408,36.2562962164963],[-86.7725261500544,36.2562961906036],[-86.7725261231213,36.2562961673435],[-86.7725260883377,36.2562961378248],[-86.7725169232813,36.2562880004923],[-86.7725168907145,36.2562879700581],[-86.7725168704488,36.256287945854],[-86.7725168412024,36.2562879135962],[-86.7725095512509,36.2562785295689],[-86.7725040354143,36.2562683834617],[-86.7725004104253,36.2562576926299]],[[-86.7726608033381,36.2562341540149],[-86.7726417978515,36.2561802170322],[-86.7726414037138,36.2561803087757],[-86.7726229601354,36.256127963401],[-86.7726046321962,36.2560759489418],[-86.7725859838108,36.2560230217638],[-86.7724927172878,36.2560445783187],[-86.772511365616,36.2560975055107],[-86.772529693499,36.2561495199837],[-86.7725481370208,36.2562018653723],[-86.7725671424489,36.2562558023694],[-86.7726608033381,36.2562341540149]],[[-86.7724673689227,36.2557158920713],[-86.7724482419442,36.2556641918187],[-86.7723541548005,36.2556870260761],[-86.772373281732,36.2557387272444],[-86.7723930166318,36.2557920656912],[-86.7724121492828,36.2558437776305],[-86.7724315791278,36.2558962951824],[-86.7724505986953,36.255947702315],[-86.7725446861206,36.2559248679842],[-86.7725256664976,36.2558734608661],[-86.7725062365959,36.255820943329],[-86.772487103889,36.2557692314042],[-86.7724673689227,36.2557158920713]],[[-86.7724825039671,36.2553494191141],[-86.7723856503744,36.2553441080585],[-86.7723812495229,36.2553967608286],[-86.7723767010943,36.2554511701676],[-86.7723721925655,36.2555051069978],[-86.7723674608693,36.255561721953],[-86.7724643147179,36.2555670321216],[-86.7724690463451,36.2555104171627],[-86.7724735548172,36.2554564812302],[-86.7724781031708,36.2554020709864],[-86.7724825039671,36.2553494191141]]]},"properties":{"id":"107765","parcel":"050020B90000CO","address":"1311 B HAVENBROOK DR","owner":"O.I.C. BELLE ARBOR","point":[-86.7726050344652,36.25578096228282]}},{"type":"Feature","id":"111994","geometry":{"type":"Polygon","coordinates":[[[-86.7711656357077,36.2594051943891],[-86.7715220837263,36.2592460728099],[-86.7716039478107,36.2593663556388],[-86.7712475005284,36.2595254774467],[-86.7711656357077,36.2594051943891]]]},"properties":{"id":"111994","parcel":"050020A09600CO","address":"2543 SOLOMON LN","owner":"VASQUEZ, CHAD & ALICIA","point":[-86.77138479188008,36.25938577521508]}},{"type":"Feature","id":"112784","geometry":{"type":"Polygon","coordinates":[[[-86.7766054452564,36.259394980425],[-86.7766675597188,36.2591818891997],[-86.7781754676199,36.2593818212789],[-86.7783656456317,36.2581210331799],[-86.7784424250577,36.2576502515629],[-86.7786182959118,36.2564942793069],[-86.7797526356165,36.25678473997],[-86.7811747179147,36.257149328636],[-86.7815557647036,36.2572493904022],[-86.7816644466879,36.2572779301367],[-86.7815842055309,36.2576445109001],[-86.7811378110188,36.260031633196],[-86.7791500704562,36.2597646979014],[-86.7766054452564,36.259394980425]]]},"properties":{"id":"112784","parcel":"04100010600","address":"3564 BRICK CHURCH PIKE","owner":"RIPPETOE, MICHAEL D.& ELDRIDGE, KAREN K.","point":[-86.77983999541222,36.258655763122384]}},{"type":"Feature","id":"114139","geometry":{"type":"Polygon","coordinates":[[[-86.7763453913347,36.2597002637264],[-86.7751701178134,36.2594969443787],[-86.7751530236979,36.259587155984],[-86.7734200071283,36.2594312470785],[-86.7733279880736,36.2594236526976],[-86.773374010492,36.2590253864975],[-86.7733877065541,36.2589068572446],[-86.7734352750526,36.258495237228],[-86.7744699015774,36.2585807403671],[-86.774465466976,36.2589943663267],[-86.7764463150926,36.2591521910055],[-86.7763696931809,36.2595492977831],[-86.7763453913347,36.2597002637264]]]},"properties":{"id":"114139","parcel":"04100012700","address":"0 BRICK CHURCH PIKE","owner":"ELPIZO FUND, LLC","point":[-86.77451776543691,36.25908805956727]}},{"type":"Feature","id":"115099","geometry":{"type":"Polygon","coordinates":[[[-86.772813655805,36.2601438480438],[-86.7728341597397,36.259707218946],[-86.7729652276694,36.2597217630729],[-86.7731498277416,36.2597374561251],[-86.7732903396282,36.2597494268061],[-86.7733279880736,36.2594236526976],[-86.7734200071283,36.2594312470785],[-86.7751530236979,36.259587155984],[-86.7750971900263,36.259878421516],[-86.776298834944,36.2599894694655],[-86.7762308994702,36.2604114766094],[-86.7762188956035,36.2604860361792],[-86.772813655805,36.2601438480438]]]},"properties":{"id":"115099","parcel":"04100017600","address":"3569 BRICK CHURCH PIKE","owner":"FIDELIS INVESTMENT GROUP, LLC","point":[-86.77426088964604,36.25993124346716]}},{"type":"Feature","id":"117106","geometry":{"type":"Polygon","coordinates":[[[-86.7708065495992,36.2552430490737],[-86.7707906348903,36.255090959942],[-86.7714589448057,36.2551306009537],[-86.7714242270934,36.2555130661277],[-86.7714153921196,36.2557263365096],[-86.7714242601295,36.2558109888658],[-86.7714242673757,36.2558110474005],[-86.7714400634698,36.2558950147379],[-86.7714400716446,36.2558950543405],[-86.771440079793,36.2558950912395],[-86.7714400890805,36.255895130835],[-86.7714627371312,36.2559780206941],[-86.7714627486441,36.2559780602753],[-86.7714627601394,36.2559780980543],[-86.7714627727562,36.2559781367273],[-86.7714921795068,36.2560596261525],[-86.7714922069132,36.2560596980772],[-86.7715282897776,36.2561395316376],[-86.7716815147777,36.2564464763196],[-86.7716105499082,36.2567497136851],[-86.7716874407969,36.2570667025325],[-86.7716272237621,36.2570780038606],[-86.7715679427445,36.2570921822652],[-86.7715098064537,36.2571091877479],[-86.771453019053,36.2571289604259],[-86.7713977823752,36.2571514296167],[-86.771344291499,36.2571765165699],[-86.7712925018188,36.2572045550333],[-86.7708750072453,36.2574453452364],[-86.7708496967593,36.2574136278608],[-86.77090888941,36.2573238530366],[-86.7708825129199,36.2571683393266],[-86.7707459173058,36.2568698089127],[-86.7709278427445,36.2567678693282],[-86.7709838357267,36.2566305164918],[-86.7707279772641,36.2562756557176],[-86.7707827192852,36.2560933099475],[-86.7707701220548,36.2557311698358],[-86.7707674687989,36.255654912549],[-86.7707888371105,36.2555547875569],[-86.7707284692656,36.2554672768466],[-86.7707213184976,36.2553421736907],[-86.7708065495992,36.2552430490737]]]},"properties":{"id":"117106","parcel":"050020A90900CO","address":"0 BELLE ARBOR DR","owner":"BELLE ARBOR HOMEOWNERS ASSOCIATION, INC","point":[-86.7711556544891,36.25620764700145]}},{"type":"Feature","id":"118755","geometry":{"type":"Polygon","coordinates":[[[-86.7766675597188,36.2591818891997],[-86.7768779937443,36.2579823850843],[-86.7783656456317,36.2581210331799],[-86.7781754676199,36.2593818212789],[-86.7766675597188,36.2591818891997]]]},"properties":{"id":"118755","parcel":"04100008700","address":"3560 BRICK CHURCH PIKE","owner":"GRIFFITH, ALICIA","point":[-86.7775231413597,36.258651476397525]}},{"type":"Feature","id":"120302","geometry":{"type":"Polygon","coordinates":[[[-86.7734321174902,36.256843102866],[-86.7734732547279,36.2565151611239],[-86.7736714915987,36.2565314726327],[-86.7736303562854,36.2568594144337],[-86.7734321174902,36.256843102866]]]},"properties":{"id":"120302","parcel":"050020A08600CO","address":"2220 SILVERTON DR","owner":"BLANTON, LESTER JR. & NICHOLE","point":[-86.7735518050451,36.25668728781259]}},{"type":"Feature","id":"120303","geometry":{"type":"Polygon","coordinates":[[[-86.7732338787766,36.256826790973],[-86.773275016826,36.2564988492968],[-86.7734732547279,36.2565151611239],[-86.7734321174902,36.256843102866],[-86.7732338787766,36.256826790973]]]},"properties":{"id":"120303","parcel":"050020A08700CO","address":"2216 SILVERTON DR","owner":"RICHARDSON, ENO & DERICK II","point":[-86.77335356698852,36.256670976111195]}},{"type":"Feature","id":"120304","geometry":{"type":"Polygon","coordinates":[[[-86.7726939967899,36.2567823658366],[-86.7727351359373,36.2564544243469],[-86.7728194926011,36.2564613660996],[-86.7729038492709,36.256468306892],[-86.7728627097105,36.256796249346],[-86.7726939967899,36.2567823658366]]]},"properties":{"id":"120304","parcel":"050020A09000CO","address":"2204 SILVERTON DR","owner":"BRINKLEY, CAITLYN & SHANE","point":[-86.77279892300217,36.256625336412675]}},{"type":"Feature","id":"120305","geometry":{"type":"Polygon","coordinates":[[[-86.7747869977307,36.2567615249616],[-86.7747868917854,36.2567517110771],[-86.7747837381624,36.2566830635973],[-86.7747832080918,36.2566765347683],[-86.7747829413962,36.2566732712657],[-86.7747826468831,36.2566700079414],[-86.7747820589784,36.256663482187],[-86.7747814132486,36.2566569604082],[-86.7747810898317,36.256653699973],[-86.7747807385973,36.2566504397161],[-86.7747800350511,36.2566439228142],[-86.7747792736621,36.2566374080858],[-86.7747788935328,36.2566341516191],[-86.7747784855948,36.256630896232],[-86.7747776663984,36.2566243872816],[-86.775160135066,36.2565917173861],[-86.7751572875724,36.2567600144252],[-86.7747869977307,36.2567615249616]]]},"properties":{"id":"120305","parcel":"050020A13600CO","address":"3641 BROOKWAY DR","owner":"GRIFFIN, CHRISTOPHER & NATALIE MELIA","point":[-86.77497089519845,36.25667525649538]}},{"type":"Feature","id":"120306","geometry":{"type":"Polygon","coordinates":[[[-86.7747870149531,36.2567712555991],[-86.7747869977307,36.2567615249616],[-86.7751572875724,36.2567600144252],[-86.7751534862236,36.2569847292347],[-86.7749919345527,36.2569714401707],[-86.7747726445592,36.2569533993317],[-86.7747725487783,36.2569533909333],[-86.7747783359201,36.2569072434045],[-86.7747837112665,36.2568498194277],[-86.7747867620436,36.2567922841801],[-86.7747870149531,36.2567712555991]]]},"properties":{"id":"120306","parcel":"050020A13700CO","address":"3645 BROOKWAY DR","owner":"SFR JV-HD TL","point":[-86.77496814719235,36.256878883587625]}},{"type":"Feature","id":"120575","geometry":{"type":"Polygon","coordinates":[[[-86.774465466976,36.2589943663267],[-86.7744699015774,36.2585807403671],[-86.7748494481803,36.2586121047977],[-86.7764980584567,36.2588840102931],[-86.7764463150926,36.2591521910055],[-86.774465466976,36.2589943663267]]]},"properties":{"id":"120575","parcel":"04100007300","address":"3559 BRICK CHURCH PIKE","owner":"POWELL, VONDELL R. & BAIRD, DEBRA R.","point":[-86.77507094192345,36.25874692836377]}},{"type":"Feature","id":"120577","geometry":{"type":"Polygon","coordinates":[[[-86.7751530236979,36.259587155984],[-86.7751701178134,36.2594969443787],[-86.7763453913347,36.2597002637264],[-86.776298834944,36.2599894694655],[-86.7750971900263,36.259878421516],[-86.7751530236979,36.259587155984]]]},"properties":{"id":"120577","parcel":"04100008400","address":"3565 BRICK CHURCH PIKE","owner":"METRO GOV'T  NE  POWER BOARD","point":[-86.77572267569332,36.25978934684809]}},{"type":"Feature","id":"121231","geometry":{"type":"Polygon","coordinates":[[[-86.7736303562854,36.2568594144337],[-86.7736714915987,36.2565314726327],[-86.7738697296638,36.2565477838092],[-86.7738285951622,36.256875725676],[-86.7736303562854,36.2568594144337]]]},"properties":{"id":"121231","parcel":"050020A08500CO","address":"2224 SILVERTON DR","owner":"WHEELER, PEYTYN BRYNN & JONATHAN ALLAN","point":[-86.77375004321085,36.256703599184185]}},{"type":"Feature","id":"121234","geometry":{"type":"Polygon","coordinates":[[[-86.7730482947597,36.2568115198479],[-86.7730894335691,36.2564835782334],[-86.773275016826,36.2564988492968],[-86.7732338787766,36.256826790973],[-86.7730482947597,36.2568115198479]]]},"properties":{"id":"121234","parcel":"050020A08800CO","address":"2212 SILVERTON DR","owner":"JOHNSON, PAIGE","point":[-86.77316165601748,36.25665518462891]}},{"type":"Feature","id":"121237","geometry":{"type":"Polygon","coordinates":[[[-86.7727765312514,36.2558970150326],[-86.7727004118371,36.2557445342984],[-86.7726872125805,36.2557108913871],[-86.772680505357,36.2556760119088],[-86.7726804450013,36.2556407123042],[-86.7727094901362,36.2553284017442],[-86.772924319885,36.2553446398984],[-86.772897767411,36.2555682033258],[-86.7736013425927,36.2556260977998],[-86.7736579504512,36.2558869028627],[-86.7728673094571,36.2558222844567],[-86.7729259430518,36.2559845527082],[-86.7728862723785,36.2563398521434],[-86.7728352633295,36.2563356550461],[-86.7727889472492,36.256331843388],[-86.7728156162259,36.256119258267],[-86.7728184487393,36.2560627041155],[-86.7728184504419,36.2560626504805],[-86.772818446581,36.2560625968811],[-86.772812806996,36.2560062068653],[-86.7728127976814,36.2560061645663],[-86.7727987729424,36.2559507510525],[-86.7727987637245,36.2559507186666],[-86.7727987522813,36.2559506862949],[-86.7727987397254,36.2559506539304],[-86.7727765312514,36.2558970150326]]]},"properties":{"id":"121237","parcel":"050020A91000CO","address":"0 SILVERTON DR","owner":"BELLE ARBOR HOMEOWNER'S ASSOCIATION, INC","point":[-86.77345686365713,36.25585496232127]}},{"type":"Feature","id":"121360","geometry":{"type":"Polygon","coordinates":[[[-86.774398002971,36.2569225746505],[-86.7743917118394,36.2569220570973],[-86.7744168342764,36.2567217583113],[-86.7744328440353,36.2565941150433],[-86.7745499083014,36.2566037470719],[-86.7745643382143,36.2566059716782],[-86.7745780775545,36.2566101789436],[-86.774590714494,36.2566162444325],[-86.774601870004,36.256623984017],[-86.7746112080017,36.2566331673309],[-86.7746184498153,36.2566435176761],[-86.774623378758,36.2566547246109],[-86.7746258457709,36.2566664520254],[-86.7746293871103,36.2567113645246],[-86.7746300913343,36.2567255807634],[-86.7746309868329,36.2567732599234],[-86.7746296355689,36.2568209318559],[-86.7746283086214,36.2568421710026],[-86.7746234766611,36.2568914442294],[-86.77461733067,36.2569406204331],[-86.774398002971,36.2569225746505]]]},"properties":{"id":"121360","parcel":"050020A08100CO","address":"2240 SILVERTON DR","owner":"WATERMAN, CALLIE B","point":[-86.77452197759708,36.25674921575746]}},{"type":"Feature","id":"121364","geometry":{"type":"Polygon","coordinates":[[[-86.7740268330078,36.2568920366002],[-86.7740679678104,36.2565640946603],[-86.7742535525571,36.2565793642134],[-86.7742124185144,36.256907306215],[-86.7740268330078,36.2568920366002]]]},"properties":{"id":"121364","parcel":"050020A08300CO","address":"2232 SILVERTON DR","owner":"STEWART, MICHELLE","point":[-86.77414019300706,36.256735700463345]}},{"type":"Feature","id":"121367","geometry":{"type":"Polygon","coordinates":[[[-86.7738285951622,36.256875725676],[-86.7738697296638,36.2565477838092],[-86.7740679678104,36.2565640946603],[-86.7740268330078,36.2568920366002],[-86.7738285951622,36.256875725676]]]},"properties":{"id":"121367","parcel":"050020A08400CO","address":"2228 SILVERTON DR","owner":"JOHNSON, FAITH & BEAIRD, BRIAN","point":[-86.77394828145817,36.25671991023039]}},{"type":"Feature","id":"121370","geometry":{"type":"Polygon","coordinates":[[[-86.7728627097105,36.256796249346],[-86.7729038492709,36.256468306892],[-86.7730894335691,36.2564835782334],[-86.7730482947597,36.2568115198479],[-86.7728627097105,36.256796249346]]]},"properties":{"id":"121370","parcel":"050020A08900CO","address":"2208 SILVERTON DR","owner":"BELL, SHARITA","point":[-86.77297607183533,36.2566399138462]}},{"type":"Feature","id":"121373","geometry":{"type":"Polygon","coordinates":[[[-86.7721690183328,36.254876477094],[-86.7721816260099,36.2547670763038],[-86.7723225278088,36.2547772728282],[-86.7727541416862,36.2548085065157],[-86.7732642945186,36.2548454213326],[-86.7737670483865,36.2548817982725],[-86.7741723683794,36.2549111242104],[-86.7741924877327,36.254912579695],[-86.7741917471465,36.2549190112251],[-86.7741791433323,36.255028412213],[-86.7726105347639,36.2549098524624],[-86.7725238256306,36.2549032978261],[-86.7721690183328,36.254876477094]]]},"properties":{"id":"121373","parcel":"050020A91100CO","address":"0 HAVENBROOK DR","owner":"BELLE ARBOR HOMEOWNER'S ASSOCIATION, INC","point":[-86.7731491428582,36.25489255669244]}},{"type":"Feature","id":"121949","geometry":{"type":"Polygon","coordinates":[[[-86.7742124185144,36.256907306215],[-86.7742535525571,36.2565793642134],[-86.7744328440353,36.2565941150433],[-86.7744168342764,36.2567217583113],[-86.7743917118394,36.2569220570973],[-86.7742124185144,36.256907306215]]]},"properties":{"id":"121949","parcel":"050020A08200CO","address":"2236 SILVERTON DR","owner":"GUICE, MARTINIQUE AMELIA","point":[-86.77431462670049,36.256814532308304]}},{"type":"Feature","id":"127382","geometry":{"type":"Polygon","coordinates":[[[-86.7747729191466,36.2565916979997],[-86.7751618009674,36.2564933023941],[-86.7751610531629,36.2565374483994],[-86.775160135066,36.2565917173861],[-86.7747776663984,36.2566243872816],[-86.7747729191466,36.2565916979997]]]},"properties":{"id":"127382","parcel":"050020A91200CO","address":"0 BROOKWAY DR","owner":"BELLE ARBOR HOMEOWNER'S ASSOCIATION INC","point":[-86.77502137433287,36.256564321130355]}},{"type":"Feature","id":"130241","geometry":{"type":"Polygon","coordinates":[[[-86.773952096729,36.2552555404678],[-86.7739603981146,36.2551754512542],[-86.7740317205709,36.2551803000335],[-86.7740234203785,36.2552603901459],[-86.773952096729,36.2552555404678]]]},"properties":{"id":"130241","parcel":"050020A27800CO","address":"1251 HAVENBROOK DR","owner":"DIMUZIO, ADAM","point":[-86.77399190895454,36.255217920258005]}},{"type":"Feature","id":"130242","geometry":{"type":"Polygon","coordinates":[[[-86.7726408495707,36.2551663812041],[-86.772649152263,36.2550862911773],[-86.77271840014,36.2550910007846],[-86.7727100986299,36.255171090809],[-86.7726408495707,36.2551663812041]]]},"properties":{"id":"130242","parcel":"050020A26300CO","address":"1281 HAVENBROOK DR","owner":"BROWN, DOMINIQUE MISCHELLE","point":[-86.7726796251359,36.25512869100131]}},{"type":"Feature","id":"130243","geometry":{"type":"Polygon","coordinates":[[[-86.7727100986299,36.255171090809],[-86.77271840014,36.2550910007846],[-86.7727846159883,36.2550955035309],[-86.7727763134231,36.2551755926656],[-86.7727100986299,36.255171090809]]]},"properties":{"id":"130243","parcel":"050020A26400CO","address":"1279 HAVENBROOK DR","owner":"WINSON, TASIA","point":[-86.77274735703999,36.25513329717539]}},{"type":"Feature","id":"131285","geometry":{"type":"Polygon","coordinates":[[[-86.7741791433323,36.255028412213],[-86.7741917471465,36.2549190112251],[-86.7743473441428,36.2549307704302],[-86.7747690335328,36.2549626391295],[-86.7750589241613,36.2549845458881],[-86.7751870373304,36.2549942271848],[-86.7751837787262,36.2550225102641],[-86.775174433774,36.2551036291823],[-86.7741791433323,36.255028412213]]]},"properties":{"id":"131285","parcel":"050020A91400CO","address":"0 HAVENBROOK DR","owner":"BELLE ARBOR HOMEOWNER'S ASSOCIATION, INC","point":[-86.7746835391574,36.25500742446484]}},{"type":"Feature","id":"131395","geometry":{"type":"Polygon","coordinates":[[[-86.7770958460742,36.2546834754626],[-86.7770962921421,36.2546834608776],[-86.7770976338338,36.2547124886007],[-86.7770987491683,36.2547362472911],[-86.7771028697725,36.2548463530794],[-86.7771046923176,36.2548921931601],[-86.7771043763435,36.254892197896],[-86.7766924413844,36.2548991273654],[-86.7766895133426,36.2548771692984],[-86.7766768946583,36.2546970471326],[-86.7770958460742,36.2546834754626]]]},"properties":{"id":"131395","parcel":"05002000200","address":"3529 BRICK CHURCH PIKE","owner":"HUONG, VINCENT X. & LE, JENNIFER UYEN","point":[-86.77689212629892,36.254790911149065]}},{"type":"Feature","id":"131398","geometry":{"type":"Polygon","coordinates":[[[-86.7769117110768,36.2534692818906],[-86.776911773315,36.2534692742804],[-86.7769301057681,36.253577262732],[-86.7769434478557,36.2536558674808],[-86.7765504771325,36.2537023456359],[-86.7765448320644,36.2536804059211],[-86.7765160251436,36.2535091775718],[-86.7769117110768,36.2534692818906]]]},"properties":{"id":"131398","parcel":"05002000600","address":"3511 BRICK CHURCH PIKE","owner":"CLAYBON, JOSEPH DIMITRIUS","point":[-86.77673537099702,36.253616189371776]}},{"type":"Feature","id":"131400","geometry":{"type":"Polygon","coordinates":[[[-86.7764843290323,36.2533203871575],[-86.7768800332099,36.2532760897662],[-86.7769002014941,36.2533988288434],[-86.776911773315,36.2534692742804],[-86.7769117110768,36.2534692818906],[-86.7765160251436,36.2535091775718],[-86.7765044867298,36.2534389265545],[-86.7764843290323,36.2533203871575]]]},"properties":{"id":"131400","parcel":"05002000700","address":"3509 BRICK CHURCH PIKE","owner":"WILLIAMS, SONIA & BRYANT T., JR.","point":[-86.7766923766253,36.25335960838901]}},{"type":"Feature","id":"131402","geometry":{"type":"Polygon","coordinates":[[[-86.7761436595404,36.253720342843],[-86.7765448320644,36.2536804059211],[-86.7765504771325,36.2537023456359],[-86.7765807757103,36.253887021793],[-86.7762867016311,36.2539212643895],[-86.7761837308356,36.2539332527515],[-86.7761837214224,36.2539332005397],[-86.7761436595404,36.253720342843]]]},"properties":{"id":"131402","parcel":"05002001100","address":"3709 WILLOW CREEK RD","owner":"CARY, WILLIAM J","point":[-86.7763632195072,36.25380368439091]}},{"type":"Feature","id":"131405","geometry":{"type":"Polygon","coordinates":[[[-86.7765196048881,36.2543073515682],[-86.776648535678,36.2542950680916],[-86.7766485394222,36.2542951095249],[-86.7766640607162,36.2544949503508],[-86.7762681351366,36.2545172733144],[-86.7762654597181,36.2544556506665],[-86.7762603339273,36.2543941293777],[-86.7762527617346,36.2543327734109],[-86.7765196048881,36.2543073515682]]]},"properties":{"id":"131405","parcel":"05002001200","address":"3725 WILLOW CREEK RD","owner":"CNK, LLC","point":[-86.77646078675178,36.2544252599858]}},{"type":"Feature","id":"131406","geometry":{"type":"Polygon","coordinates":[[[-86.7762681351366,36.2545172733144],[-86.7766640607162,36.2544949503508],[-86.7766641037809,36.2544993454521],[-86.7766767869987,36.2546860598306],[-86.7762725921159,36.254695249821],[-86.7762717404258,36.2546062392051],[-86.7762681351366,36.2545172733144]]]},"properties":{"id":"131406","parcel":"05002001300","address":"3729 WILLOW CREEK RD","owner":"MCKISSACK, CEDRIC","point":[-86.77646916579899,36.254562128712855]}},{"type":"Feature","id":"131409","geometry":{"type":"Polygon","coordinates":[[[-86.7757152361615,36.2548460666787],[-86.7761003272227,36.254837003065],[-86.7760980000272,36.2549183293395],[-86.7760964153686,36.2549570723718],[-86.7760929314989,36.2550169798479],[-86.7760898305747,36.2550697442905],[-86.7755106439438,36.2550186905914],[-86.775533042297,36.2549997919055],[-86.7757152361615,36.2548460666787]]]},"properties":{"id":"131409","parcel":"05002001600","address":"3736 WILLOW CREEK RD","owner":"JOHNSON, DENNIS N. & SANDRA","point":[-86.77585246349122,36.25493724250165]}},{"type":"Feature","id":"132145","geometry":{"type":"Polygon","coordinates":[[[-86.7798347266969,36.2511719707232],[-86.7799210664542,36.2509063304376],[-86.7800850487126,36.2509412974052],[-86.7799987083542,36.2512069378124],[-86.7798941581063,36.2511846444017],[-86.7798347266969,36.2511719707232]]]},"properties":{"id":"132145","parcel":"050020C10500CO","address":"2628 THORNTON GROVE BLVD","owner":"PARRISH, ANDOLYN GRACE","point":[-86.77995988764644,36.25105663413097]}},{"type":"Feature","id":"132146","geometry":{"type":"Polygon","coordinates":[[[-86.7768753410621,36.2514424340684],[-86.776875142549,36.2514309210118],[-86.776877320966,36.2514195422793],[-86.7768820061629,36.2514082636899],[-86.7768890249764,36.2513978091568],[-86.7768981657331,36.2513884927733],[-86.7769091552302,36.2513805947811],[-86.7769216642007,36.251374351621],[-86.7769353150582,36.2513699513775],[-86.7769496985155,36.2513675264615],[-86.777360211261,36.2513279583626],[-86.7774002874822,36.251600725227],[-86.7775688838271,36.2515859495221],[-86.777737095432,36.2515685975898],[-86.7778304941693,36.251559265087],[-86.7779234342018,36.2515472993171],[-86.778017662779,36.2515323925203],[-86.778111175975,36.2515147775026],[-86.7780309675093,36.2512478633199],[-86.7781072691188,36.2512309233102],[-86.7781827690338,36.2512117767545],[-86.7782734216251,36.2515648053317],[-86.7769245702859,36.2517037756928],[-86.7768759254301,36.2514462011289],[-86.7768753410621,36.2514424340684]]]},"properties":{"id":"132146","parcel":"050020C90400CO","address":"2500 THORNTON GROVE BLVD","owner":"THORNTON GROVE HOMEOWNERS ASSOCIATION, INC","point":[-86.77713238897113,36.25147981859591]}},{"type":"Feature","id":"132177","geometry":{"type":"Polygon","coordinates":[[[-86.7772535916568,36.2560041905315],[-86.7772545445967,36.2559973105992],[-86.7785292033041,36.2561256561584],[-86.778441360001,36.2567129818363],[-86.7771574263353,36.2565340584725],[-86.777210180146,36.2562606281749],[-86.7772334666675,36.256132584396],[-86.7772535916568,36.2560041905315]]]},"properties":{"id":"132177","parcel":"05000012700","address":"3536 BRICK CHURCH PIKE","owner":"BROWN, LISA B.","point":[-86.77783600476018,36.256398556413146]}},{"type":"Feature","id":"132195","geometry":{"type":"Polygon","coordinates":[[[-86.7765504771325,36.2537023456359],[-86.7769434478557,36.2536558674808],[-86.7769532415812,36.2537129146955],[-86.7769750987749,36.2538402626755],[-86.7769749976285,36.2538402741408],[-86.7768670099288,36.2538530785298],[-86.7765807757103,36.253887021793],[-86.7765504771325,36.2537023456359]]]},"properties":{"id":"132195","parcel":"05002000500","address":"3513 BRICK CHURCH PIKE","owner":"NEWSOM, GERALD & KIMBERLY","point":[-86.77676335243561,36.25377621409431]}},{"type":"Feature","id":"132196","geometry":{"type":"Polygon","coordinates":[[[-86.7761112757203,36.2534612334023],[-86.7765044867298,36.2534389265545],[-86.7765160251436,36.2535091775718],[-86.7765448320644,36.2536804059211],[-86.7761436595404,36.253720342843],[-86.7761405034996,36.2536949668919],[-86.7761350255295,36.2536698527966],[-86.7761247780473,36.253600495604],[-86.776116859795,36.2535309386927],[-86.7761112757203,36.2534612334023]]]},"properties":{"id":"132196","parcel":"05002001000","address":"3705 WILLOW CREEK RD","owner":"ROSIE INVESTMENTS CORP","point":[-86.77632324172085,36.253566095819565]}},{"type":"Feature","id":"132197","geometry":{"type":"Polygon","coordinates":[[[-86.7762602151643,36.2550847622971],[-86.7762624707659,36.2550469315205],[-86.7762671993865,36.2549821087575],[-86.7762703394832,36.2549172222961],[-86.7762716214808,36.2548732620884],[-86.7766895133426,36.2548771692984],[-86.7766924413844,36.2548991273654],[-86.7767087307443,36.25512429544],[-86.7762602151643,36.2550847622971]]]},"properties":{"id":"132197","parcel":"05002001500","address":"3737 WILLOW CREEK RD","owner":"NORFLEET, CLYDE","point":[-86.7764828416286,36.25501492769236]}},{"type":"Feature","id":"132198","geometry":{"type":"Polygon","coordinates":[[[-86.775559932677,36.253651537896],[-86.7755365567861,36.2535111187246],[-86.7755365485478,36.2535110728139],[-86.7759405438823,36.2534821086715],[-86.7759510312682,36.2535788324919],[-86.7759641415508,36.2536753456968],[-86.7755711238151,36.2537174255855],[-86.7755662882526,36.2536897144563],[-86.775559932677,36.253651537896]]]},"properties":{"id":"132198","parcel":"05002002300","address":"3708 WILLOW CREEK RD","owner":"M & J PARTNERSHIP","point":[-86.77575491923459,36.25361518429914]}},{"type":"Feature","id":"132199","geometry":{"type":"Polygon","coordinates":[[[-86.7755278096893,36.253456193425],[-86.7755278708414,36.2534561885263],[-86.7754990043173,36.253278407357],[-86.775498998366,36.2532783677403],[-86.7759358737106,36.2532821565663],[-86.7759368314431,36.2533821536322],[-86.7759405438823,36.2534821086715],[-86.7755365485478,36.2535110728139],[-86.7755278096893,36.253456193425]]]},"properties":{"id":"132199","parcel":"05002002400","address":"3704 WILLOW CREEK RD","owner":"DENNIS, MICHAEL S., JR.","point":[-86.77573000840572,36.25341916686214]}},{"type":"Feature","id":"132213","geometry":{"type":"Polygon","coordinates":[[[-86.7751665706495,36.2536892557447],[-86.775559932677,36.253651537896],[-86.7755662882526,36.2536897144563],[-86.7755711238151,36.2537174255855],[-86.7755913436647,36.2538425600347],[-86.7755912480373,36.2538425669573],[-86.7751928587937,36.2538802783983],[-86.7751665706495,36.2536892557447]]]},"properties":{"id":"132213","parcel":"05002003400","address":"3613 WILLOW CREEK CT","owner":"CAMBRONERO, ALFREDO & GINETTE H.","point":[-86.77538009372842,36.25377961529203]}},{"type":"Feature","id":"132244","geometry":{"type":"Polygon","coordinates":[[[-86.7777678191762,36.2540749014573],[-86.7780761911616,36.2538471962413],[-86.7781159056997,36.2538810842237],[-86.7781572697288,36.2539136511576],[-86.7782002170883,36.2539448451952],[-86.7778146311953,36.2543075065419],[-86.7777678191762,36.2540749014573]]]},"properties":{"id":"132244","parcel":"050020C00200CO","address":"1018 CONE BLVD","owner":"WHITE, KAWANA & KENNETH DARNELL","point":[-86.77786461067882,36.25419134030049]}},{"type":"Feature","id":"132245","geometry":{"type":"Polygon","coordinates":[[[-86.7782501598761,36.2544786319299],[-86.7784870923839,36.2541005099255],[-86.7785390485512,36.2541208128177],[-86.778591970509,36.2541394070097],[-86.778645772287,36.2541562633133],[-86.7784901527384,36.2545026371928],[-86.7782501598761,36.2544786319299]]]},"properties":{"id":"132245","parcel":"050020C00500CO","address":"1030 CONE BLVD","owner":"FLUEHR, ALEX & TARYN","point":[-86.77846226096146,36.25431747426266]}},{"type":"Feature","id":"132246","geometry":{"type":"Polygon","coordinates":[[[-86.7792755368305,36.2545811904574],[-86.7793254149454,36.2542540452511],[-86.7794970792146,36.2542712143292],[-86.7794472017975,36.2545983596046],[-86.7792755368305,36.2545811904574]]]},"properties":{"id":"132246","parcel":"050020C01000CO","address":"1050 CONE BLVD","owner":"NORRIS, MICHELLE ANDREA","point":[-86.77938630824025,36.25442620244735]}},{"type":"Feature","id":"132247","geometry":{"type":"Polygon","coordinates":[[[-86.7795057847102,36.2541447664505],[-86.7795556616001,36.2538176211071],[-86.779727324983,36.2538347907614],[-86.7796774487818,36.2541619352729],[-86.7795057847102,36.2541447664505]]]},"properties":{"id":"132247","parcel":"050020C01300CO","address":"1045 CONE BLVD","owner":"WOODS, MICHAEL","point":[-86.77961655502958,36.25398977865993]}},{"type":"Feature","id":"132248","geometry":{"type":"Polygon","coordinates":[[[-86.7791624567899,36.2541104280739],[-86.7792123350841,36.25378328377],[-86.7792712031296,36.253789171398],[-86.7793839983005,36.2538004521099],[-86.7793341207217,36.2541275982854],[-86.7791624567899,36.2541104280739]]]},"properties":{"id":"132248","parcel":"050020C01500CO","address":"1037 CONE BLVD","owner":"MANNERY, ELLERY & LYDIA","point":[-86.77927322783222,36.25395544014608]}},{"type":"Feature","id":"132249","geometry":{"type":"Polygon","coordinates":[[[-86.7789907929413,36.2540932585196],[-86.7790514661936,36.2536953175566],[-86.7790789537419,36.253710347965],[-86.7792123350841,36.25378328377],[-86.7791624567899,36.2541104280739],[-86.7789907929413,36.2540932585196]]]},"properties":{"id":"132249","parcel":"050020C01600CO","address":"1033 CONE BLVD","owner":"LESTER, RICHARD ALLEN & ANDREA RENE","point":[-86.77910156424772,36.25393827119888]}},{"type":"Feature","id":"132250","geometry":{"type":"Polygon","coordinates":[[[-86.7785463073312,36.2539830925294],[-86.7788017162754,36.253585399177],[-86.7788943186837,36.2536261541834],[-86.7789209614178,36.2536378806957],[-86.7787642678654,36.2540551332442],[-86.7787082962238,36.2540401953111],[-86.7786532355966,36.2540231840218],[-86.7785992009636,36.2540041364891],[-86.7785463073312,36.2539830925294]]]},"properties":{"id":"132250","parcel":"050020C01800CO","address":"1025 CONE BLVD","owner":"CAMPBELL, TERRANCE LAMAR","point":[-86.7787566535374,36.253810529338764]}},{"type":"Feature","id":"132251","geometry":{"type":"Polygon","coordinates":[[[-86.7781771042256,36.2537490765663],[-86.7785571782385,36.2534777746203],[-86.7785853563929,36.2534901762605],[-86.7786832737036,36.2535332710649],[-86.7783483487784,36.25387990708],[-86.7783027899399,36.2538496329645],[-86.7782590006971,36.2538176909429],[-86.7782170762909,36.253784147997],[-86.7781771042256,36.2537490765663]]]},"properties":{"id":"132251","parcel":"050020C02000CO","address":"1017 CONE BLVD","owner":"KIRK, ASHUDEE S","point":[-86.77845364141197,36.253641217522016]}},{"type":"Feature","id":"132252","geometry":{"type":"Polygon","coordinates":[[[-86.7780383744963,36.2535950339302],[-86.7784295884563,36.2534059516736],[-86.778435998704,36.2534095595243],[-86.7785571782385,36.2534777746203],[-86.7781771042256,36.2537490765663],[-86.7781391697885,36.2537125500055],[-86.7781033527476,36.2536746462114],[-86.7780697306803,36.2536354466997],[-86.7780383744963,36.2535950339302]]]},"properties":{"id":"132252","parcel":"050020C02100CO","address":"1013 CONE BLVD","owner":"WATERS, SHARONDA NICOLE & HOWSE, CHARLES","point":[-86.77831739560573,36.253536440916626]}},{"type":"Feature","id":"132253","geometry":{"type":"Polygon","coordinates":[[[-86.7785853563929,36.2534901762605],[-86.7787435958541,36.2531001586008],[-86.7789079164176,36.2531438941203],[-86.7787398368539,36.2535581657756],[-86.7786832737036,36.2535332710649],[-86.7785853563929,36.2534901762605]]]},"properties":{"id":"132253","parcel":"050020C02700CO","address":"2040 WESTCHESTER DR","owner":"CROSS, KAYLA","point":[-86.77874663665956,36.25331703530268]}},{"type":"Feature","id":"132254","geometry":{"type":"Polygon","coordinates":[[[-86.7789209614178,36.2536378806957],[-86.7788943186837,36.2536261541834],[-86.7790722371625,36.2531876294157],[-86.7791230982209,36.2532011662505],[-86.7791785953802,36.2532176941473],[-86.7792325340081,36.2532373161361],[-86.7792846538775,36.2532599338589],[-86.7790115176857,36.2536777349385],[-86.7789209614178,36.2536378806957]]]},"properties":{"id":"132254","parcel":"050020C02900CO","address":"2048 WESTCHESTER DR","owner":"JOHNSON, ANDREW HOUSTON SR & CAROL JOYCE","point":[-86.7790667782167,36.25344300224631]}},{"type":"Feature","id":"132255","geometry":{"type":"Polygon","coordinates":[[[-86.7775397733441,36.2529298329428],[-86.7774823943487,36.2525734589402],[-86.777655951628,36.2525680467082],[-86.7777127934264,36.2529210777623],[-86.7775943704576,36.2529336120116],[-86.7775828628031,36.252934189865],[-86.7775713638327,36.2529334978048],[-86.7775397733441,36.2529298329428]]]},"properties":{"id":"132255","parcel":"050020C03300CO","address":"2009 WESTCHESTER DR","owner":"HEADMAVIN HOLDINGS 01, LLC","point":[-86.77759759357015,36.25274726840825]}},{"type":"Feature","id":"132256","geometry":{"type":"Polygon","coordinates":[[[-86.777655951628,36.2525680467082],[-86.7778290961983,36.2525626476985],[-86.7778843003036,36.2529029248617],[-86.7777127934264,36.2529210777623],[-86.777655951628,36.2525680467082]]]},"properties":{"id":"132256","parcel":"050020C03400CO","address":"2013 WESTCHESTER DR","owner":"SFR JV-HD TL BORROWER B LLC","point":[-86.7777700236702,36.25273548565135]}},{"type":"Feature","id":"132257","geometry":{"type":"Polygon","coordinates":[[[-86.7778290961983,36.2525626476985],[-86.7780005868449,36.2525443964943],[-86.7780558071023,36.2528847717176],[-86.7778843003036,36.2529029248617],[-86.7778290961983,36.2525626476985]]]},"properties":{"id":"132257","parcel":"050020C03500CO","address":"2017 WESTCHESTER DR","owner":"MERRITT, CARLY M.","point":[-86.77794245153659,36.25272370976334]}},{"type":"Feature","id":"132258","geometry":{"type":"Polygon","coordinates":[[[-86.7788870765886,36.2529937761945],[-86.7790194247036,36.2526675728594],[-86.7791837422884,36.2527113071225],[-86.7790513958893,36.2530375106262],[-86.7788870765886,36.2529937761945]]]},"properties":{"id":"132258","parcel":"050020C04100CO","address":"2041 WESTCHESTER DR","owner":"BENBERRY, DEBORA & TORRANCE","point":[-86.7790354099446,36.2528525417535]}},{"type":"Feature","id":"132259","geometry":{"type":"Polygon","coordinates":[[[-86.7790513958893,36.2530375106262],[-86.7791837422884,36.2527113071225],[-86.779364216892,36.2527603768756],[-86.7792154492562,36.2530819062627],[-86.7791760364575,36.2530706848479],[-86.7790513958893,36.2530375106262]]]},"properties":{"id":"132259","parcel":"050020C04200CO","address":"2045 WESTCHESTER DR","owner":"ACEVEDO, JONATHAN","point":[-86.77920385752893,36.25289893656666]}},{"type":"Feature","id":"132260","geometry":{"type":"Polygon","coordinates":[[[-86.7796288956568,36.253315375881],[-86.7799499305857,36.2530911259733],[-86.7800853172792,36.2532513949258],[-86.7797285574,36.2534264982137],[-86.779697898955,36.2533879793906],[-86.7796646442446,36.2533509003808],[-86.7796288956568,36.253315375881]]]},"properties":{"id":"132260","parcel":"050020C04600CO","address":"2061 WESTCHESTER DR","owner":"LITTLE, JOHN III & BRITTANY","point":[-86.77984735128437,36.25328336766846]}},{"type":"Feature","id":"132261","geometry":{"type":"Polygon","coordinates":[[[-86.7797285574,36.2534264982137],[-86.7800853172792,36.2532513949258],[-86.7801790806882,36.2533982082968],[-86.7798094202522,36.2535503285992],[-86.7797654918026,36.2534803013279],[-86.7797476455314,36.2534531204344],[-86.7797285574,36.2534264982137]]]},"properties":{"id":"132261","parcel":"050020C04700CO","address":"2065 WESTCHESTER DR","owner":"BOYD, JOHN W. & HOLSINGER, KERIANN L.","point":[-86.77995098422295,36.25341234825276]}},{"type":"Feature","id":"132264","geometry":{"type":"Polygon","coordinates":[[[-86.7773122491961,36.254440169205],[-86.7772933874851,36.2542631911255],[-86.7772770166617,36.2541323345192],[-86.7772345826492,36.2538588700923],[-86.7771785017031,36.2533488224498],[-86.7771611552637,36.2531910545362],[-86.7771610979228,36.2531794180082],[-86.777163466769,36.2531679407171],[-86.7771681938254,36.2531569529563],[-86.7771751441968,36.2531467692269],[-86.7771841171212,36.2531376819226],[-86.7771948558946,36.2531299522531],[-86.7772070511214,36.253123801211],[-86.7772203540392,36.2531194067824],[-86.7772343819941,36.2531168948991],[-86.7774876428131,36.2530894934921],[-86.7776032858509,36.2530748566065],[-86.7776167450275,36.2530740300654],[-86.7776301956847,36.253074943885],[-86.7776432982168,36.2530775750162],[-86.777655718157,36.2530818571168],[-86.7776671417542,36.2530876804518],[-86.7776772793815,36.2530948990811],[-86.7776858744203,36.2531033289999],[-86.7776927089115,36.2531127571145],[-86.7776976091452,36.2531229439105],[-86.7777004513042,36.2531336315272],[-86.7777143110862,36.2532178647642],[-86.7777266159234,36.2532798192748],[-86.7777430328144,36.2533411452825],[-86.7777635110518,36.2534016637642],[-86.7777879955123,36.2534611993295],[-86.7778164121567,36.2535195767096],[-86.7778486769932,36.2535766270084],[-86.7778846982491,36.2536321822803],[-86.7779243708785,36.2536860827767],[-86.777967577595,36.2537381688273],[-86.7778332352135,36.2538156171388],[-86.7776704871301,36.2539094426185],[-86.7777669687601,36.2540706764804],[-86.7777678191762,36.2540749014573],[-86.7778146311953,36.2543075065419],[-86.7779881755837,36.2544524263487],[-86.7782501598761,36.2544786319299],[-86.7784901527384,36.2545026371928],[-86.7787171227488,36.2545253388897],[-86.7789322216022,36.2545468531401],[-86.779103871938,36.2545640210661],[-86.7792755368305,36.2545811904574],[-86.7794472017975,36.2545983596046],[-86.7796188668388,36.2546155285079],[-86.7798396100076,36.2546376049582],[-86.7798310617589,36.2546921062285],[-86.7775681394299,36.2544657665687],[-86.7773122491961,36.254440169205]]]},"properties":{"id":"132264","parcel":"050020C90100CO","address":"2000 WESTCHESTER DR","owner":"THORNTON GROVE HOMEOWNERS ASSOCIATION, INC","point":[-86.77747597542978,36.2538842001607]}},{"type":"Feature","id":"132265","geometry":{"type":"Polygon","coordinates":[[[-86.7796774487818,36.2541619352729],[-86.779727324983,36.2538347907614],[-86.7795556616001,36.2538176211071],[-86.7793839983005,36.2538004521099],[-86.7792712031296,36.253789171398],[-86.7796668950633,36.2536263411146],[-86.7797538838508,36.253765013388],[-86.7797501657927,36.2537742463202],[-86.7798493390414,36.2539323419678],[-86.7798607386057,36.2539353542626],[-86.7798729193681,36.2539547714133],[-86.7798890621471,36.2539837567611],[-86.7799018262037,36.254013825583],[-86.7799111010967,36.2540447235401],[-86.7799168062932,36.2540761825814],[-86.7799188946489,36.2541079353414],[-86.7799177705833,36.2541195632707],[-86.7799142331727,36.2541308706119],[-86.7799083837792,36.254141528657],[-86.77990039299,36.2541512325845],[-86.7798904883604,36.2541596997362],[-86.7798789579379,36.2541666885211],[-86.7798661335371,36.2541719949177],[-86.7798523853265,36.254175467831],[-86.7798381106669,36.2541770055589],[-86.7798237186133,36.2541765640041],[-86.7796774487818,36.2541619352729]]]},"properties":{"id":"132265","parcel":"050020C90200CO","address":"2060 WESTCHESTER DR","owner":"THORNTON GROVE HOMEOWNERS ASSOCIATION, INC","point":[-86.77976934259628,36.25388353142143]}},{"type":"Feature","id":"132301","geometry":{"type":"Polygon","coordinates":[[[-86.7746708152863,36.2543187472218],[-86.7750800614755,36.2542765707004],[-86.7750968736056,36.2544003526661],[-86.7750977720147,36.2544221309245],[-86.7750963980484,36.254443893117],[-86.7750927624195,36.254465483259],[-86.7746997618388,36.2545031602821],[-86.7746996995732,36.2545031651875],[-86.7746953499573,36.254478241174],[-86.7746882033719,36.254437310936],[-86.7746736927133,36.254340709267],[-86.7746716648034,36.2543255155416],[-86.7746707641475,36.2543187520559],[-86.7746708152863,36.2543187472218]]]},"properties":{"id":"132301","parcel":"05002004300","address":"3624 WILLOW CREEK CT","owner":"LAUTT, MARINELA","point":[-86.77488549498142,36.254370531552254]}},{"type":"Feature","id":"132302","geometry":{"type":"Polygon","coordinates":[[[-86.7746418481693,36.2541299388994],[-86.7750537960675,36.254087745138],[-86.7750800614755,36.2542765707004],[-86.7746708152863,36.2543187472218],[-86.7746707641475,36.2543187520559],[-86.774666825085,36.2542933657725],[-86.7746584246855,36.2542394773401],[-86.7746580995719,36.2542375219177],[-86.774654442457,36.2542141138637],[-86.7746440212377,36.2541457544567],[-86.7746439768926,36.2541453158341],[-86.7746439659626,36.2541452221745],[-86.7746417836786,36.2541299438191],[-86.7746418481693,36.2541299388994]]]},"properties":{"id":"132302","parcel":"05002004400","address":"3620 WILLOW CREEK CT","owner":"GUO LIYUN & MM REI HOLDINGS, LLC SERIES A P.S.","point":[-86.77485798028752,36.254180327229925]}},{"type":"Feature","id":"132303","geometry":{"type":"Polygon","coordinates":[[[-86.7751011009432,36.2525445023313],[-86.775101139921,36.2525445056862],[-86.7751011900341,36.252544509871],[-86.7753725948052,36.252566482147],[-86.7753625104601,36.2529166397227],[-86.7752417621081,36.2529173973792],[-86.775121065615,36.252920386069],[-86.7751011009432,36.2525445023313]]]},"properties":{"id":"132303","parcel":"05002005200","address":"1921 WESTCHESTER DR","owner":"KAUL, JOHN D.","point":[-86.7752395472885,36.25274132049805]}},{"type":"Feature","id":"132304","geometry":{"type":"Polygon","coordinates":[[[-86.7741032518974,36.2534411505443],[-86.7745201644528,36.2533329843683],[-86.7745201704036,36.253333023985],[-86.7745404287284,36.2534691085101],[-86.774133953786,36.2535200571422],[-86.7741339048818,36.253520062863],[-86.7741338682081,36.2535200676042],[-86.7741189743783,36.2534816752991],[-86.7741032518974,36.2534411505443]]]},"properties":{"id":"132304","parcel":"05002005400","address":"3505 BROOKWAY DR","owner":"LM1 HOLDINGS, LLC","point":[-86.7744199559648,36.25338729161893]}},{"type":"Feature","id":"132305","geometry":{"type":"Polygon","coordinates":[[[-86.7742063319578,36.2539942861399],[-86.7746142500389,36.2539499170467],[-86.7746149857714,36.2539554045249],[-86.7746322782504,36.2540683009341],[-86.7746417836786,36.2541299438191],[-86.7746439659626,36.2541452221745],[-86.7746439768926,36.2541453158341],[-86.7742354142835,36.2541874819967],[-86.7742353520357,36.2541874887043],[-86.7742063319578,36.2539942861399]]]},"properties":{"id":"132305","parcel":"05002005700","address":"3517 BROOKWAY DR","owner":"A & E PARTNERSHIP","point":[-86.77442949615407,36.254098731210554]}},{"type":"Feature","id":"132306","geometry":{"type":"Polygon","coordinates":[[[-86.7746735771101,36.2543407217244],[-86.7746736927133,36.254340709267],[-86.7746882033719,36.254437310936],[-86.7746880988952,36.2544373233221],[-86.7742815962394,36.254477276479],[-86.7742670646075,36.2543784776618],[-86.7746735771101,36.2543407217244]]]},"properties":{"id":"132306","parcel":"05002005900","address":"3525 BROOKWAY DR","owner":"AKINS, ZETH TIMOTHY","point":[-86.7744775885699,36.25440789439855]}},{"type":"Feature","id":"132318","geometry":{"type":"Polygon","coordinates":[[[-86.7747025792053,36.2545317270421],[-86.7747026925834,36.254531714599],[-86.7747317355512,36.2547271150149],[-86.7747316388453,36.2547271255487],[-86.774322497986,36.2547692911809],[-86.774296088312,36.2545716801682],[-86.7747025792053,36.2545317270421]]]},"properties":{"id":"132318","parcel":"05002006000","address":"3529 BROOKWAY DR","owner":"SULLIVAN, JOE LAVERT","point":[-86.7745133322569,36.25464939669734]}},{"type":"Feature","id":"132319","geometry":{"type":"Polygon","coordinates":[[[-86.7737207898011,36.2545643773334],[-86.7741193013817,36.2545288609253],[-86.7741455432251,36.2547154868623],[-86.7737498303603,36.2547597779834],[-86.7737207898011,36.2545643773334]]]},"properties":{"id":"132319","parcel":"05002006300","address":"3524 BROOKWAY DR","owner":"MCCLAIN, LESTER","point":[-86.77393346759938,36.25463993285553]}},{"type":"Feature","id":"132320","geometry":{"type":"Polygon","coordinates":[[[-86.7740176506549,36.2538570554034],[-86.7740177740638,36.2538570446991],[-86.7740259983216,36.25392439442],[-86.7740286228904,36.2539458930586],[-86.7740298457033,36.2539536332392],[-86.7740295711566,36.2539536638378],[-86.7736338388057,36.2539913567145],[-86.7736337976722,36.2539913605828],[-86.7736327225301,36.2539840394338],[-86.7736308541771,36.2539716051862],[-86.7736226394604,36.2539169422233],[-86.7736192883802,36.2538947587745],[-86.7740176506549,36.2538570554034]]]},"properties":{"id":"132320","parcel":"05002006700","address":"3510 BROOKWAY DR","owner":"LM1 HOLDINGS, LLC","point":[-86.7738262855682,36.25393476382436]}},{"type":"Feature","id":"132321","geometry":{"type":"Polygon","coordinates":[[[-86.7735931326966,36.2537169201883],[-86.7735325218317,36.2536228116486],[-86.7739631142697,36.2535387429779],[-86.7739798165534,36.2535910723063],[-86.7739925435095,36.2536441300683],[-86.7740012464536,36.2536977174014],[-86.7740058922873,36.2537516362443],[-86.774005898317,36.2537516839717],[-86.7738117419233,36.2537730893014],[-86.7737708540927,36.2537775996183],[-86.7736047516247,36.2537959094296],[-86.7735931326966,36.2537169201883]]]},"properties":{"id":"132321","parcel":"05002006800","address":"3504 BROOKWAY DR","owner":"IRA INNOVATIONS, LLC","point":[-86.7737799375056,36.25367051364107]}},{"type":"Feature","id":"132322","geometry":{"type":"Polygon","coordinates":[[[-86.7732623673537,36.2540212081109],[-86.7736308541771,36.2539716051862],[-86.7736327225301,36.2539840394338],[-86.7736337976722,36.2539913605828],[-86.7736406161839,36.2540357898205],[-86.773640660176,36.2540360788388],[-86.7736482855465,36.2540857643847],[-86.7736526492547,36.2541146763605],[-86.7736598891861,36.2541626060411],[-86.7732641895093,36.254207992327],[-86.7732574173962,36.2542091342841],[-86.7732512068013,36.2541473836939],[-86.7732420097985,36.2540858784263],[-86.7732298417736,36.2540247121116],[-86.7732623673537,36.2540212081109]]]},"properties":{"id":"132322","parcel":"05002007200","address":"3409 MEADOW CT","owner":"SMALLBONE, LUKE & COURTNEY A.","point":[-86.77344731971966,36.254100277551]}},{"type":"Feature","id":"132323","geometry":{"type":"Polygon","coordinates":[[[-86.7732642945186,36.2548454213326],[-86.7732151309531,36.2546027762545],[-86.7732333179121,36.2546009790496],[-86.7732510291216,36.2545971805154],[-86.773267930325,36.2545914503846],[-86.7732777438103,36.2545891894437],[-86.773298332731,36.2545799325654],[-86.7733172532031,36.2545685774458],[-86.773334183328,36.2545553199138],[-86.7733488315578,36.2545403871477],[-86.7737498303603,36.2547597779834],[-86.7737607554725,36.2548366248623],[-86.7737670483865,36.2548817982725],[-86.7732642945186,36.2548454213326]]]},"properties":{"id":"132323","parcel":"05002007500","address":"3421 MEADOW CT","owner":"IRA INNOVATIONS, LLC","point":[-86.77341885890073,36.25468115692555]}},{"type":"Feature","id":"132324","geometry":{"type":"Polygon","coordinates":[[[-86.7769749976285,36.2538402741408],[-86.7769750987749,36.2538402626755],[-86.7770104809661,36.2540535025839],[-86.7770442643925,36.2542570995014],[-86.7770443103663,36.2542573623697],[-86.7766986968048,36.2542902908091],[-86.776648535678,36.2542950680916],[-86.7766145431977,36.2540902476221],[-86.7765807994204,36.2538871703463],[-86.7765807757103,36.253887021793],[-86.7768670099288,36.2538530785298],[-86.7769749976285,36.2538402741408]]]},"properties":{"id":"132324","parcel":"05002008000","address":"3515 BRICK CHURCH PIKE","owner":"VASTAGH, ANDREW J.","point":[-86.77681250992129,36.254071875262895]}},{"type":"Feature","id":"132325","geometry":{"type":"Polygon","coordinates":[[[-86.7740616754873,36.2533513147909],[-86.7744892977991,36.2532408909791],[-86.774520153018,36.253332952898],[-86.7745201644528,36.2533329843683],[-86.7741032518974,36.2534411505443],[-86.7740974885729,36.2534262862596],[-86.7740956165357,36.2534214567572],[-86.7740893315372,36.2534052448458],[-86.7740843408914,36.2533937300492],[-86.7740778968853,36.253380947497],[-86.7740675246549,36.2533612973772],[-86.7740624257459,36.2533525969644],[-86.7740616754873,36.2533513147909]]]},"properties":{"id":"132325","parcel":"05002008100","address":"3503 BROOKWAY DR","owner":"KAUL, JOHN D.","point":[-86.77429100600011,36.25334214996164]}},{"type":"Feature","id":"132341","geometry":{"type":"Polygon","coordinates":[[[-86.7743397446018,36.2548746697031],[-86.7747491094366,36.254839084381],[-86.7747676701959,36.254954192381],[-86.7747690335328,36.2549626391295],[-86.7743473441428,36.2549307704302],[-86.7743397446018,36.2548746697031]]]},"properties":{"id":"132341","parcel":"05002008500","address":"3535 BROOKWAY DR","owner":"LARA, SALVADOR & OLIVA","point":[-86.77455152061722,36.254903112217505]}},{"type":"Feature","id":"132342","geometry":{"type":"Polygon","coordinates":[[[-86.7737498303603,36.2547597779834],[-86.7741455432251,36.2547154868623],[-86.7741572333085,36.2548011204626],[-86.7737607554725,36.2548366248623],[-86.7737498303603,36.2547597779834]]]},"properties":{"id":"132342","parcel":"05002008600","address":"3528 BROOKWAY DR","owner":"SILVA, HERNANDO & FLAVIA","point":[-86.77395358921544,36.25478044950483]}},{"type":"Feature","id":"132567","geometry":{"type":"Polygon","coordinates":[[[-86.7734438522611,36.2552209838978],[-86.7734521541477,36.2551408938171],[-86.7735186918819,36.2551454184348],[-86.7735103900533,36.2552255076188],[-86.7734438522611,36.2552209838978]]]},"properties":{"id":"132567","parcel":"050020A27200CO","address":"1263 HAVENBROOK DR","owner":"CORTAZZO, JACONDA COURTNEY","point":[-86.77348127206525,36.25518320117229]}},{"type":"Feature","id":"132568","geometry":{"type":"Polygon","coordinates":[[[-86.7738846357943,36.2552509535061],[-86.7738929372475,36.255170864297],[-86.7739603981146,36.2551754512542],[-86.773952096729,36.2552555404678],[-86.7738846357943,36.2552509535061]]]},"properties":{"id":"132568","parcel":"050020A27700CO","address":"1253 HAVENBROOK DR","owner":"RUSSELL, CHRISTOPHER L.","point":[-86.77392251697252,36.25521320238634]}},{"type":"Feature","id":"132570","geometry":{"type":"Polygon","coordinates":[[[-86.7740234203785,36.2552603901459],[-86.7740317205709,36.2551803000335],[-86.7740978552898,36.2551847971732],[-86.7740895551549,36.2552648863889],[-86.7740234203785,36.2552603901459]]]},"properties":{"id":"132570","parcel":"050020A27900CO","address":"1249 HAVENBROOK DR","owner":"HAMRICK, TOMARIS SANTEZ SR.","point":[-86.77406063782777,36.255222593665465]}},{"type":"Feature","id":"132572","geometry":{"type":"Polygon","coordinates":[[[-86.7759047654815,36.2526095640051],[-86.7758690022645,36.252606669031],[-86.7758670387506,36.2526077360977],[-86.7758035712619,36.252230359],[-86.7763455221962,36.2522699612875],[-86.7767157827623,36.2522970137496],[-86.776781952681,36.2526811720213],[-86.7767819103297,36.2526811650836],[-86.7767818613291,36.2526811608924],[-86.7765372398032,36.2526613313497],[-86.7763800739321,36.2526485909887],[-86.7762924007799,36.2526415495747],[-86.7761519790611,36.2526302776205],[-86.7760935424224,36.252625152668],[-86.7760351077685,36.2526201159966],[-86.7759047654815,36.2526095640051]]]},"properties":{"id":"132572","parcel":"05000002800","address":"3505 BRICK CHURCH PIKE","owner":"VELASQUEZ, MARCO TULIO QUIROA & SANTOS, SILVIA RAMOS","point":[-86.77629163715926,36.25245184073035]}},{"type":"Feature","id":"132573","geometry":{"type":"Polygon","coordinates":[[[-86.7727094901362,36.2553284017442],[-86.7727145865219,36.2552736094606],[-86.7723160474954,36.255243484549],[-86.7723232089088,36.255166485005],[-86.7723273077157,36.2551459843051],[-86.7723350654375,36.2551261884248],[-86.772346314881,36.2551075256225],[-86.7723608129103,36.2550903958019],[-86.7723782493133,36.2550751668506],[-86.7723985047648,36.2550623829815],[-86.7724197914196,36.255052650444],[-86.7724198291103,36.2550526357831],[-86.7724425820271,36.2550454948639],[-86.7724664085042,36.2550410697409],[-86.7724664474042,36.255041064986],[-86.7724907809781,36.255039462022],[-86.7724908165838,36.2550394617944],[-86.7724987302526,36.2550395544998],[-86.7725042318169,36.2550397960101],[-86.7725080665943,36.2550400490774],[-86.7725947814393,36.2550466036892],[-86.7741633882484,36.2551651645692],[-86.774177556417,36.2551673917991],[-86.7741910958543,36.2551714390663],[-86.7742036516806,36.2551772013964],[-86.774214896393,36.2551845285776],[-86.7742149199442,36.2551845473528],[-86.7742149569268,36.2551845741532],[-86.7742149782613,36.255184593844],[-86.774224366443,36.2551934686426],[-86.7742317778028,36.2552035376403],[-86.7742369427384,36.2552144267453],[-86.7742369598072,36.2552144653895],[-86.7742369723019,36.2552144914456],[-86.7742369826946,36.2552145301326],[-86.7742397852996,36.2552259931465],[-86.7742544071257,36.2553331017534],[-86.7742618224351,36.2553804823024],[-86.7742618473244,36.2553806380585],[-86.77427116048,36.2554279649883],[-86.7742752374453,36.2554467433587],[-86.772924319885,36.2553446398984],[-86.7727094901362,36.2553284017442]],[[-86.773754823163,36.2551614736845],[-86.7736866908885,36.2551568413431],[-86.7736783892284,36.2552369305384],[-86.7737465226839,36.2552415628771],[-86.7738145214247,36.2552461870278],[-86.7738846357943,36.2552509535061],[-86.773952096729,36.2552555404678],[-86.7740234203785,36.2552603901459],[-86.7740895551549,36.2552648863889],[-86.7740978552898,36.2551847971732],[-86.7740317205709,36.2551803000335],[-86.7739603981146,36.2551754512542],[-86.7738929372475,36.255170864297],[-86.7738228229395,36.2551660969222],[-86.773754823163,36.2551614736845]],[[-86.7735781204076,36.2552301128918],[-86.7735864221683,36.2551500237032],[-86.7735186918819,36.2551454184348],[-86.7734521541477,36.2551408938171],[-86.7733811001121,36.2551360628055],[-86.773314830752,36.2551315571232],[-86.7733065287189,36.2552116462936],[-86.7733727981542,36.2552161528815],[-86.7734438522611,36.2552209838978],[-86.7735103900533,36.2552255076188],[-86.7735781204076,36.2552301128918]],[[-86.7732101048429,36.2552050894299],[-86.7732184069729,36.2551250002661],[-86.7731523525284,36.2551205084407],[-86.7730850186972,36.2551159301339],[-86.7730165769558,36.255111276864],[-86.7729498778258,36.2551067412863],[-86.7729415754265,36.2551868304321],[-86.7730082746234,36.2551913660143],[-86.7730767164335,36.2551960192888],[-86.773144050341,36.2552005985013],[-86.7732101048429,36.2552050894299]],[[-86.7728426095201,36.2551801011759],[-86.7728509120099,36.2551000111356],[-86.7727846159883,36.2550955035309],[-86.77271840014,36.2550910007846],[-86.772649152263,36.2550862911773],[-86.7725812650921,36.2550816755723],[-86.7725133768077,36.2550770590351],[-86.7724457836112,36.2550724631044],[-86.7724374807061,36.2551525522164],[-86.772505075083,36.2551571481445],[-86.7725729623229,36.2551617646934],[-86.7726408495707,36.2551663812041],[-86.7727100986299,36.255171090809],[-86.7727763134231,36.2551755926656],[-86.7728426095201,36.2551801011759]]]},"properties":{"id":"132573","parcel":"050020A91300CO","address":"1289 BROOKHAVEN DR","owner":"BELLE ARBOR HOMEOWNER'S ASSOCIATION, INC","point":[-86.77304839578254,36.25524248816469]}},{"type":"Feature","id":"132574","geometry":{"type":"Polygon","coordinates":[[[-86.7730082746234,36.2551913660143],[-86.7730165769558,36.255111276864],[-86.7730850186972,36.2551159301339],[-86.7730767164335,36.2551960192888],[-86.7730082746234,36.2551913660143]]]},"properties":{"id":"132574","parcel":"050020A26700CO","address":"1273 HAVENBROOK DR","owner":"THOMPSON, DARRELL ANDRE JR.","point":[-86.77304664667861,36.25515364808045]}},{"type":"Feature","id":"132577","geometry":{"type":"Polygon","coordinates":[[[-86.7730767164335,36.2551960192888],[-86.7730850186972,36.2551159301339],[-86.7731523525284,36.2551205084407],[-86.773144050341,36.2552005985013],[-86.7730767164335,36.2551960192888]]]},"properties":{"id":"132577","parcel":"050020A26800CO","address":"1271 HAVENBROOK DR","owner":"HOY, DEVONTE DEJON","point":[-86.77311453452312,36.25515826387096]}},{"type":"Feature","id":"132579","geometry":{"type":"Polygon","coordinates":[[[-86.773144050341,36.2552005985013],[-86.7731523525284,36.2551205084407],[-86.7732184069729,36.2551250002661],[-86.7732101048429,36.2552050894299],[-86.773144050341,36.2552005985013]]]},"properties":{"id":"132579","parcel":"050020A26900CO","address":"1269 HAVENBROOK DR","owner":"GARNETT, MATTHEW & KREAMER, HEIDI","point":[-86.77318122865056,36.255162799389616]}},{"type":"Feature","id":"132678","geometry":{"type":"Polygon","coordinates":[[[-86.7756951668957,36.2544704074121],[-86.7760937620726,36.2544436747018],[-86.7760987493792,36.2545414107611],[-86.7761011034647,36.2546392114967],[-86.7757106035489,36.2546615004818],[-86.7756951668957,36.2544704074121]]]},"properties":{"id":"132678","parcel":"05002001800","address":"3728 WILLOW CREEK RD","owner":"WATKINS, CURTIS V., JR.","point":[-86.77590235971367,36.25458994117337]}},{"type":"Feature","id":"132680","geometry":{"type":"Polygon","coordinates":[[[-86.7756923025628,36.2544550433296],[-86.7756663857074,36.2543014228481],[-86.7756663796943,36.2543013769231],[-86.7760702068823,36.2542548319462],[-86.7760845663923,36.254336051059],[-86.7760879025126,36.2543899331708],[-86.7760937620726,36.2544436747018],[-86.7756951668957,36.2544704074121],[-86.7756923025628,36.2544550433296]]]},"properties":{"id":"132680","parcel":"05002001900","address":"3724 WILLOW CREEK RD","owner":"KAUL, JOHN D.","point":[-86.77588143892353,36.25436260859415]}},{"type":"Feature","id":"132682","geometry":{"type":"Polygon","coordinates":[[[-86.775634801945,36.254105972236],[-86.7760357558236,36.2540616637767],[-86.7760702068823,36.2542548319462],[-86.7756663796943,36.2543013769231],[-86.7756657573336,36.2542972487042],[-86.7756547718639,36.2542245354768],[-86.7756346207654,36.2541059923252],[-86.775634801945,36.254105972236]]]},"properties":{"id":"132682","parcel":"05002002000","address":"3720 WILLOW CREEK RD","owner":"PANDORA PROPERTIES, LLC","point":[-86.77584953291873,36.254165647903974]}},{"type":"Feature","id":"132683","geometry":{"type":"Polygon","coordinates":[[[-86.7756029198429,36.253910606435],[-86.7759986137764,36.2538707110094],[-86.7760357558236,36.2540616637767],[-86.775634801945,36.254105972236],[-86.7756346207654,36.2541059923252],[-86.7756231272007,36.2540401399359],[-86.775623112958,36.2540400490015],[-86.7756029198429,36.253910606435]]]},"properties":{"id":"132683","parcel":"05002002100","address":"3716 WILLOW CREEK RD","owner":"KAUL, JOHN D.","point":[-86.77581606353769,36.25397570842112]}},{"type":"Feature","id":"132709","geometry":{"type":"Polygon","coordinates":[[[-86.7751928587937,36.2538802783983],[-86.7755912480373,36.2538425669573],[-86.7755913436647,36.2538425600347],[-86.7755985855048,36.2538853362715],[-86.7756029198429,36.253910606435],[-86.775623112958,36.2540400490015],[-86.7756231272007,36.2540401399359],[-86.7752191889365,36.2540756961449],[-86.7751928587937,36.2538802783983]]]},"properties":{"id":"132709","parcel":"05002003500","address":"3617 WILLOW CREEK CT","owner":"CAMBRONERO, ALFREDO & GINETTE","point":[-86.77540928941089,36.25397494539583]}},{"type":"Feature","id":"132809","geometry":{"type":"Polygon","coordinates":[[[-86.7794472017975,36.2545983596046],[-86.7794970792146,36.2542712143292],[-86.7796687435583,36.2542883831633],[-86.7796188668388,36.2546155285079],[-86.7794472017975,36.2545983596046]]]},"properties":{"id":"132809","parcel":"050020C01100CO","address":"1054 CONE BLVD","owner":"WILLIAMS, WAUNEEN JOKATHERINE","point":[-86.77955797289556,36.25444337143799]}},{"type":"Feature","id":"132811","geometry":{"type":"Polygon","coordinates":[[[-86.7783483487784,36.25387990708],[-86.7786832737036,36.2535332710649],[-86.7787398368539,36.2535581657756],[-86.7788017162754,36.253585399177],[-86.7785463073312,36.2539830925294],[-86.7784946675243,36.2539600964796],[-86.7784443899607,36.2539351972115],[-86.7783955819984,36.253908449011],[-86.7783483487784,36.25387990708]]]},"properties":{"id":"132811","parcel":"050020C01900CO","address":"1021 CONE BLVD","owner":"GLAZE, ALONDROUS & KENKINS, KIAWARA","point":[-86.77859888405484,36.253732697493206]}},{"type":"Feature","id":"132813","geometry":{"type":"Polygon","coordinates":[[[-86.7779368653236,36.2534230023502],[-86.7783028685991,36.2533135700577],[-86.7783006651509,36.2533333765296],[-86.7784295884563,36.2534059516736],[-86.7780383744963,36.2535950339302],[-86.7780093506896,36.2535534939961],[-86.7779827213121,36.2535109139206],[-86.7779585429048,36.2534673861694],[-86.7779368653236,36.2534230023502]]]},"properties":{"id":"132813","parcel":"050020C02200CO","address":"1009 CONE BLVD","owner":"LOPEZ, SANTOS INEZ & MERLOS, HENRY J. LOPEZ","point":[-86.77814728390308,36.25344556456683]}},{"type":"Feature","id":"132815","geometry":{"type":"Polygon","coordinates":[[[-86.7787398368539,36.2535581657756],[-86.7789079164176,36.2531438941203],[-86.7790722371625,36.2531876294157],[-86.7788943186837,36.2536261541834],[-86.7788017162754,36.253585399177],[-86.7787398368539,36.2535581657756]]]},"properties":{"id":"132815","parcel":"050020C02800CO","address":"2044 WESTCHESTER DR","owner":"BIWER, BRADLEY JOSEPH","point":[-86.77890603745924,36.25337289771544]}},{"type":"Feature","id":"132817","geometry":{"type":"Polygon","coordinates":[[[-86.7792123350841,36.25378328377],[-86.7790789537419,36.253710347965],[-86.779519904056,36.2534239934628],[-86.7795546962077,36.2534617196013],[-86.7795862150616,36.2535012882684],[-86.7796143107966,36.2535425138749],[-86.7796668950633,36.2536263411146],[-86.7792712031296,36.253789171398],[-86.7792123350841,36.25378328377]]]},"properties":{"id":"132817","parcel":"050020C03100CO","address":"2056 WESTCHESTER DR","owner":"LOPEZ, NICOLAS CESAR & SANCHEZ - LOPEZ, ABIGAIL","point":[-86.77945725014717,36.253584089600174]}},{"type":"Feature","id":"132819","geometry":{"type":"Polygon","coordinates":[[[-86.7773744533364,36.2529157908682],[-86.7773632743701,36.2529169803351],[-86.7773088381495,36.2525788700146],[-86.7774823943487,36.2525734589402],[-86.7775397733441,36.2529298329428],[-86.7774205844104,36.2529160077794],[-86.7773975274986,36.2529146231051],[-86.7773744533364,36.2529157908682]]]},"properties":{"id":"132819","parcel":"050020C03200CO","address":"2005 WESTCHESTER DR","owner":"SCHMID, CARLOS MANUEL ARRIETA","point":[-86.77742310163836,36.25274687668419]}},{"type":"Feature","id":"132821","geometry":{"type":"Polygon","coordinates":[[[-86.7780005868449,36.2525443964943],[-86.7781982427833,36.2525259053332],[-86.7782241985551,36.2528685805813],[-86.7781662499981,36.2528730815056],[-86.7780558071023,36.2528847717176],[-86.7780005868449,36.2525443964943]]]},"properties":{"id":"132821","parcel":"050020C03600CO","address":"2021 WESTCHESTER DR","owner":"ROYSTER, MAURICE KENNY & GARCIA, KATHERINE","point":[-86.77811939636773,36.25270650158258]}},{"type":"Feature","id":"132824","geometry":{"type":"Polygon","coordinates":[[[-86.778558437401,36.2529063048638],[-86.7786932528469,36.2525740205954],[-86.7788551039534,36.2526238374927],[-86.7787227563478,36.2529500406448],[-86.778558437401,36.2529063048638]]]},"properties":{"id":"132824","parcel":"050020C03900CO","address":"2033 WESTCHESTER DR","owner":"WEHMEYER, BRANDON MITCHELL","point":[-86.77870677092704,36.25276507127277]}},{"type":"Feature","id":"132826","geometry":{"type":"Polygon","coordinates":[[[-86.7793687280955,36.2531406532331],[-86.7795813601524,36.2528436022665],[-86.779778422634,36.2529548828987],[-86.7795078310706,36.2532192035332],[-86.7794632867499,36.2531909438994],[-86.7794168709763,36.2531647331389],[-86.7793687280955,36.2531406532331]]]},"properties":{"id":"132826","parcel":"050020C04400CO","address":"2053 WESTCHESTER DR","owner":"PERRY, GENEVIEVE ANNA","point":[-86.77955926295314,36.25304774186858]}},{"type":"Feature","id":"132827","geometry":{"type":"Polygon","coordinates":[[[-86.7795078310706,36.2532192035332],[-86.779778422634,36.2529548828987],[-86.7799499305857,36.2530911259733],[-86.7796288956568,36.253315375881],[-86.7795907644362,36.2532815160249],[-86.7795503673361,36.2532494255027],[-86.7795078310706,36.2532192035332]]]},"properties":{"id":"132827","parcel":"050020C04500CO","address":"2057 WESTCHESTER DR","owner":"SLANEY, BRENNEN LLEWELLYN","point":[-86.77971579741622,36.253155140866006]}},{"type":"Feature","id":"132833","geometry":{"type":"Polygon","coordinates":[[[-86.7800429446974,36.2539256460409],[-86.7804280952323,36.2537958570336],[-86.7803380214005,36.2536470796551],[-86.7802585559975,36.2535226511815],[-86.7801790806882,36.2533982082968],[-86.7800853172792,36.2532513949258],[-86.7799499305857,36.2530911259733],[-86.779778422634,36.2529548828987],[-86.7795813601524,36.2528436022665],[-86.779364216892,36.2527603768756],[-86.7791837422884,36.2527113071225],[-86.7790194247036,36.2526675728594],[-86.7788551039534,36.2526238374927],[-86.7786932528469,36.2525740205954],[-86.7784579811561,36.2525016055064],[-86.7781982427833,36.2525259053332],[-86.7780005868449,36.2525443964943],[-86.7778290961983,36.2525626476985],[-86.777655951628,36.2525680467082],[-86.7774823943487,36.2525734589402],[-86.7773088381495,36.2525788700146],[-86.7773632743701,36.2529169803351],[-86.7772083394711,36.2529334685466],[-86.7771950512987,36.2529340298772],[-86.7771818188723,36.2529329001088],[-86.7771689662744,36.2529301077996],[-86.7771568124132,36.2529257211956],[-86.7771456554448,36.2529198483314],[-86.7771357705129,36.2529126334398],[-86.7771273997172,36.2529042552133],[-86.7771207520427,36.2528949195947],[-86.7771159888597,36.2528848562659],[-86.7771132283217,36.252874313211],[-86.7770847304201,36.2527016725118],[-86.7769985170394,36.252165537149],[-86.7769245702859,36.2517037756928],[-86.7782734216251,36.2515648053317],[-86.7785321463867,36.2520718330767],[-86.7789658034436,36.2525022053807],[-86.7800814874395,36.2528906153679],[-86.7804026484679,36.2533969294833],[-86.7807238124775,36.2539032417754],[-86.7807355502512,36.2542327338215],[-86.7805488132419,36.2542370982179],[-86.7804841682483,36.2542372841741],[-86.7804195940059,36.2542348235786],[-86.7803552563886,36.2542297234716],[-86.7801617330043,36.2542103697306],[-86.7801478629135,36.2542080160039],[-86.7801346690788,36.2542038238726],[-86.7801225231994,36.2541979108029],[-86.7801117618295,36.254190441353],[-86.7801026874652,36.2541816244619],[-86.7800955529045,36.2541717072419],[-86.780090557821,36.2541609659884],[-86.7800878409126,36.2541496999212],[-86.7800874787365,36.2541382257849],[-86.7800883918243,36.2541019969858],[-86.7800859337895,36.2540658160863],[-86.7800801177766,36.2540298875845],[-86.7800709758454,36.253994415856],[-86.7800585611781,36.2539596033371],[-86.7800429446974,36.2539256460409]]]},"properties":{"id":"132833","parcel":"050020C90000CO","address":"2001 WESTCHESTER DR","owner":"THORNTON GROVE HOMEOWNERS ASSOCIATION, INC","point":[-86.77988978828512,36.25290470833967]}},{"type":"Feature","id":"132995","geometry":{"type":"Polygon","coordinates":[[[-86.7736783892284,36.2552369305384],[-86.7736866908885,36.2551568413431],[-86.773754823163,36.2551614736845],[-86.7737465226839,36.2552415628771],[-86.7736783892284,36.2552369305384]]]},"properties":{"id":"132995","parcel":"050020A27400CO","address":"1259 HAVENBROOK DR","owner":"DAVIDSON, RACHEL MAY","point":[-86.77371660647623,36.25519920211824]}},{"type":"Feature","id":"133001","geometry":{"type":"Polygon","coordinates":[[[-86.7738145214247,36.2552461870278],[-86.7738228229395,36.2551660969222],[-86.7738929372475,36.255170864297],[-86.7738846357943,36.2552509535061],[-86.7738145214247,36.2552461870278]]]},"properties":{"id":"133001","parcel":"050020A27600CO","address":"1255 HAVENBROOK DR","owner":"1255 HAVENBROOK DR, LLC","point":[-86.77385372933071,36.25520852566897]}},{"type":"Feature","id":"133007","geometry":{"type":"Polygon","coordinates":[[[-86.772505075083,36.2551571481445],[-86.7725133768077,36.2550770590351],[-86.7725812650921,36.2550816755723],[-86.7725729623229,36.2551617646934],[-86.772505075083,36.2551571481445]]]},"properties":{"id":"133007","parcel":"050020A26100CO","address":"1285 HAVENBROOK DR","owner":"KELLY, JACK JR.","point":[-86.77254316984339,36.25511941186414]}},{"type":"Feature","id":"133012","geometry":{"type":"Polygon","coordinates":[[[-86.7724374807061,36.2551525522164],[-86.7724457836112,36.2550724631044],[-86.7725133768077,36.2550770590351],[-86.772505075083,36.2551571481445],[-86.7724374807061,36.2551525522164]]]},"properties":{"id":"133012","parcel":"050020A26000CO","address":"1287 HAVENBROOK DR","owner":"THOMPSON, INDIANNA PATERINA","point":[-86.77247542903743,36.25511480563245]}},{"type":"Feature","id":"133059","geometry":{"type":"Polygon","coordinates":[[[-86.7747432971967,36.2547929399976],[-86.7750647232457,36.2546502617584],[-86.7750793274112,36.2546682930414],[-86.7750968096778,36.2546845583445],[-86.7751168488597,36.2546987569081],[-86.7751390774347,36.2547106288258],[-86.77516308376,36.2547199541297],[-86.7750589241613,36.2549845458881],[-86.7747690335328,36.2549626391295],[-86.7747676701959,36.254954192381],[-86.7747491094366,36.254839084381],[-86.7747432318395,36.2547929701578],[-86.7747432971967,36.2547929399976]]]},"properties":{"id":"133059","parcel":"05002004100","address":"3632 WILLOW CREEK CT","owner":"LLAMA, LIVING TRUST, THE","point":[-86.77493557680401,36.254816383782135]}},{"type":"Feature","id":"133060","geometry":{"type":"Polygon","coordinates":[[[-86.7746128304598,36.253936736408],[-86.7750247740225,36.2538945418634],[-86.7750537960675,36.254087745138],[-86.7746418481693,36.2541299388994],[-86.7746417836786,36.2541299438191],[-86.7746322782504,36.2540683009341],[-86.7746149857714,36.2539554045249],[-86.7746142500389,36.2539499170467],[-86.7746127648565,36.2539367413348],[-86.7746128304598,36.253936736408]]]},"properties":{"id":"133060","parcel":"05002004500","address":"3616 WILLOW CREEK CT","owner":"HARRIS, ANDREW","point":[-86.77483307315354,36.25401224714742]}},{"type":"Feature","id":"133064","geometry":{"type":"Polygon","coordinates":[[[-86.7745866724623,36.2537654951626],[-86.7745846683532,36.2537490900057],[-86.7745837791734,36.253741335975],[-86.7749984433066,36.2536991240711],[-86.7750247740225,36.2538945418634],[-86.7746128304598,36.253936736408],[-86.7746127648565,36.2539367413348],[-86.7746036355445,36.2538768029937],[-86.7745866724623,36.2537654951626]]]},"properties":{"id":"133064","parcel":"05002004600","address":"3612 WILLOW CREEK CT","owner":"SMITH, JACQUELINE D.","point":[-86.77480507275241,36.25382154444422]}},{"type":"Feature","id":"133065","geometry":{"type":"Polygon","coordinates":[[[-86.7745404287284,36.2534691085101],[-86.7745201704036,36.253333023985],[-86.7745201644528,36.2533329843683],[-86.7749402280559,36.2532951388215],[-86.7749694000581,36.2535037236599],[-86.7745519117099,36.2535460491091],[-86.7745518986165,36.2535459617721],[-86.7745449958547,36.2534997910073],[-86.7745404287284,36.2534691085101]]]},"properties":{"id":"133065","parcel":"05002004800","address":"3604 WILLOW CREEK CT","owner":"GMBL I, LLC","point":[-86.77474272707344,36.25340146645003]}},{"type":"Feature","id":"133067","geometry":{"type":"Polygon","coordinates":[[[-86.7744892977991,36.2532408909791],[-86.7744854141877,36.253228457041],[-86.7744584835671,36.253142197416],[-86.774547684589,36.253124044134],[-86.7746375200342,36.2531080758463],[-86.774727908827,36.2530943074912],[-86.7748187676314,36.2530827504171],[-86.7748328079595,36.2530816113321],[-86.774846891098,36.2530823474649],[-86.7748606341012,36.2530849414439],[-86.7748736679508,36.2530893208323],[-86.7748856410076,36.2530953698219],[-86.7748962300944,36.2531029246564],[-86.7749051505711,36.2531117798748],[-86.7749121608912,36.2531216990976],[-86.7749170726069,36.2531324140608],[-86.7749197538127,36.2531436354094],[-86.7749402280559,36.2532951388215],[-86.7745201644528,36.2533329843683],[-86.774520153018,36.253332952898],[-86.7744892977991,36.2532408909791]]]},"properties":{"id":"133067","parcel":"05002004900","address":"1904 WESTCHESTER DR","owner":"NELMS, JOSEPH CARTER","point":[-86.7746987898692,36.25318603927679]}},{"type":"Feature","id":"133069","geometry":{"type":"Polygon","coordinates":[[[-86.7742354142835,36.2541874819967],[-86.7746439768926,36.2541453158341],[-86.7746440212377,36.2541457544567],[-86.774654442457,36.2542141138637],[-86.7746580995719,36.2542375219177],[-86.774252529665,36.2542796779601],[-86.7742422908878,36.2542247215872],[-86.7742353520357,36.2541874887043],[-86.7742354142835,36.2541874819967]]]},"properties":{"id":"133069","parcel":"05002005800","address":"3521 BROOKWAY DR","owner":"PANDORA PROPERTIES","point":[-86.77444511643881,36.2542008018808]}},{"type":"Feature","id":"133090","geometry":{"type":"Polygon","coordinates":[[[-86.7733488315578,36.2545403871477],[-86.7733616839618,36.2545219338903],[-86.7733708965031,36.2545021042928],[-86.7733762500827,36.2544813657027],[-86.7733776215294,36.2544602091865],[-86.7733749767387,36.2544391306481],[-86.7736947849275,36.2544019212052],[-86.7737207898011,36.2545643773334],[-86.7737498303603,36.2547597779834],[-86.7733488315578,36.2545403871477]]]},"properties":{"id":"133090","parcel":"05002007400","address":"3417 MEADOW CT","owner":"M & J PARTNERSHIP","point":[-86.77365299775538,36.254661921937604]}},{"type":"Feature","id":"133092","geometry":{"type":"Polygon","coordinates":[[[-86.774252529665,36.2542796779601],[-86.7746580995719,36.2542375219177],[-86.7746584246855,36.2542394773401],[-86.774666825085,36.2542933657725],[-86.7746707641475,36.2543187520559],[-86.7746716648034,36.2543255155416],[-86.7746736927133,36.254340709267],[-86.7746735771101,36.2543407217244],[-86.7742670646075,36.2543784776618],[-86.774252529665,36.2542796779601]]]},"properties":{"id":"133092","parcel":"05002008300","address":"3523 BROOKWAY DR","owner":"PANDORA PROPERTIES","point":[-86.77446254544896,36.25430567022623]}},{"type":"Feature","id":"133094","geometry":{"type":"Polygon","coordinates":[[[-86.7746880988952,36.2544373233221],[-86.7746882033719,36.254437310936],[-86.7746953499573,36.254478241174],[-86.7746996995732,36.2545031651875],[-86.7747007537782,36.2545132289528],[-86.7747026925834,36.254531714599],[-86.7747025792053,36.2545317270421],[-86.774296088312,36.2545716801682],[-86.7742960455091,36.2545713992538],[-86.7742815962394,36.254477276479],[-86.7746880988952,36.2544373233221]]]},"properties":{"id":"133094","parcel":"05002008400","address":"3527 BROOKWAY DR","owner":"AKINS, ZETH TIMOTHY","point":[-86.77449322493631,36.254507807016765]}},{"type":"Feature","id":"133132","geometry":{"type":"Polygon","coordinates":[[[-86.7737708540927,36.2537775996183],[-86.7738117419233,36.2537730893014],[-86.774005898317,36.2537516839717],[-86.7740177740638,36.2538570446991],[-86.7740176506549,36.2538570554034],[-86.7736192883802,36.2538947587745],[-86.7736047576805,36.2537959598606],[-86.7737708540927,36.2537775996183]]]},"properties":{"id":"133132","parcel":"05002008800","address":"3508 BROOKWAY DR","owner":"LM1 HOLDINGS, LLC","point":[-86.77381178410775,36.25382650343795]}},{"type":"Feature","id":"133179","geometry":{"type":"Polygon","coordinates":[[[-86.777508374054,36.2508987314573],[-86.7776767554388,36.2508825005567],[-86.7777168325241,36.2511552673518],[-86.7775484505681,36.2511714983069],[-86.777508374054,36.2508987314573]]]},"properties":{"id":"133179","parcel":"050020C06000CO","address":"2513 THORNTON GROVE BLVD","owner":"THORNTON GROVE GREEN, LLC","point":[-86.77761260312047,36.251026999450744]}},{"type":"Feature","id":"133184","geometry":{"type":"Polygon","coordinates":[[[-86.7793319262809,36.250659661646],[-86.7793415658971,36.2503489250266],[-86.7795789712445,36.2503726419482],[-86.7795003525611,36.2506755790109],[-86.7794446432534,36.2506675153432],[-86.779388431367,36.2506622027953],[-86.7793319262809,36.250659661646]]]},"properties":{"id":"133184","parcel":"050020C06900CO","address":"2621 THORNTON GROVE BLVD","owner":"KALNITZKY, M. PHILLIP REVOCABLE TRUSTT","point":[-86.77943903559883,36.2505161216025]}},{"type":"Feature","id":"133291","geometry":{"type":"Polygon","coordinates":[[[-86.7729309228156,36.2531727172183],[-86.7719793312094,36.2523251616954],[-86.7722260474508,36.2523244972263],[-86.7722343269228,36.2523244749536],[-86.7722378040538,36.2523244653482],[-86.7722429905316,36.2523263058919],[-86.7722455283952,36.2523265104773],[-86.7724429749113,36.2523470882956],[-86.7725260690673,36.2523532686399],[-86.7729150243521,36.2523823698978],[-86.7729151317073,36.2523823106301],[-86.7729167409758,36.252381427028],[-86.7729168701391,36.2523814361155],[-86.7745617754713,36.2525018926983],[-86.7745607834082,36.2525025110044],[-86.7745607093101,36.2525025574429],[-86.7745348781235,36.2525186633774],[-86.7745093411201,36.25253458627],[-86.7745090181737,36.2525347875155],[-86.7745089728282,36.2525348157448],[-86.7743647587971,36.2526247363648],[-86.7743314987161,36.252645251898],[-86.7743006984976,36.2526442037537],[-86.7742501707304,36.2526416543621],[-86.7742500505029,36.2526416488238],[-86.7742498067012,36.2526416368674],[-86.7739732193799,36.2526276830157],[-86.7739731548112,36.2526276798243],[-86.7739436414671,36.2526443535698],[-86.7739435096957,36.2526444193036],[-86.7739024690937,36.2526649052441],[-86.7736844762022,36.2527737208489],[-86.7736844341238,36.252773741847],[-86.7736843920455,36.2527737628451],[-86.7736479400588,36.2527919580886],[-86.7736357140992,36.2527980612013],[-86.7735432686648,36.2530579533901],[-86.773543234001,36.2530580500454],[-86.7735947651779,36.2531352273282],[-86.7736673317733,36.253243908156],[-86.7736672021029,36.2532439612585],[-86.7736426141826,36.2532546740884],[-86.7736178977242,36.2532654427122],[-86.7735701423212,36.2532862491088],[-86.7735699373418,36.2532863387432],[-86.773364138905,36.2533793029535],[-86.7732700571096,36.2534148139537],[-86.7732551102389,36.2534215842373],[-86.7732050760884,36.2534442472178],[-86.7731426981163,36.253472355181],[-86.7731426493615,36.2534723762217],[-86.7731414587597,36.2534730624783],[-86.7731393826823,36.2534740031446],[-86.7731390525516,36.2534741530613],[-86.7729309228156,36.2531727172183]]]},"properties":{"id":"133291","parcel":"05000012200","address":"1821 WESTCHESTER DR","owner":"METRO GOV'T","point":[-86.77312183596963,36.252927121266396]}},{"type":"Feature","id":"133294","geometry":{"type":"Polygon","coordinates":[[[-86.7716863232085,36.2523577550685],[-86.7717741821687,36.2523465871461],[-86.7727924050949,36.2532534932946],[-86.7726656135361,36.2533109231438],[-86.7725793242718,36.2533500076862],[-86.7725243707993,36.2533718907162],[-86.7723666318574,36.2534345912191],[-86.772236355915,36.2534951215407],[-86.7721600569649,36.2535305026976],[-86.7721263509784,36.2535462339432],[-86.7719547802388,36.2536263108925],[-86.7718503587154,36.253674233007],[-86.771750837934,36.2537199102682],[-86.7715441932017,36.2538146287737],[-86.7712646152838,36.2539427755474],[-86.7710548406418,36.2540407234186],[-86.7709783059644,36.2540764586096],[-86.7709698368326,36.2540804528948],[-86.7709499370022,36.2540898699082],[-86.7708990459539,36.2542967250205],[-86.7708040596604,36.2546857138746],[-86.7692257156457,36.2545689811512],[-86.7693326581193,36.2539438216772],[-86.7699864033779,36.2533035400492],[-86.7705877333317,36.2531754364717],[-86.7708225028744,36.2531231880369],[-86.7709899487178,36.2530243417109],[-86.7710804131258,36.252970937893],[-86.7710192721337,36.252724839892],[-86.7712638311592,36.2525084021353],[-86.7714149685641,36.2524363325777],[-86.7716863232085,36.2523577550685]]]},"properties":{"id":"133294","parcel":"05000012300","address":"0 WESTCHESTER DR","owner":"METRO GOV'T","point":[-86.77098783525736,36.25351050105516]}},{"type":"Feature","id":"133387","geometry":{"type":"Polygon","coordinates":[[[-86.7752454773181,36.254266716963],[-86.7756547718639,36.2542245354768],[-86.7756657573336,36.2542972487042],[-86.7756663796943,36.2543013769231],[-86.7756663857074,36.2543014228481],[-86.7756923025628,36.2544550433296],[-86.7756921847078,36.2544550530987],[-86.7753235727885,36.2544837803238],[-86.775302854587,36.2544625014544],[-86.775285861677,36.2544391564552],[-86.7752729053408,36.2544141714225],[-86.7752642214621,36.2543879999736],[-86.7752599671622,36.2543611205639],[-86.7752454773181,36.254266716963]]]},"properties":{"id":"133387","parcel":"05002003700","address":"3625 WILLOW CREEK CT","owner":"MCCLAIN, LESTER & VIRGINIA","point":[-86.77546340659877,36.25433127231083]}},{"type":"Feature","id":"133390","geometry":{"type":"Polygon","coordinates":[[[-86.7756921847078,36.2544550530987],[-86.7756923025628,36.2544550433296],[-86.7756951668957,36.2544704074121],[-86.7757106035489,36.2546615004818],[-86.7757142409734,36.2547559736902],[-86.7753739579187,36.2546416851988],[-86.7753820618087,36.2546202763665],[-86.7753857816389,36.2545980872485],[-86.7753850196467,36.25457570248],[-86.7753797960838,36.2545537131485],[-86.7753702479175,36.2545326978758],[-86.7753566264996,36.2545132120183],[-86.7753392917996,36.2544957669749],[-86.7753235727885,36.2544837803238],[-86.7756921847078,36.2544550530987]]]},"properties":{"id":"133390","parcel":"05002003800","address":"3629 WILLOW CREEK CT","owner":"JOHNSON, DENNIS N. & SANDRA","point":[-86.77554517390098,36.254609484485485]}},{"type":"Feature","id":"133393","geometry":{"type":"Polygon","coordinates":[[[-86.7745575445912,36.2535723789634],[-86.7745575386317,36.2535723384455],[-86.7745575327601,36.2535723069395],[-86.7745575245752,36.2535722664359],[-86.7745519117099,36.2535460491091],[-86.7749694000581,36.2535037236599],[-86.7749984433066,36.2536991240711],[-86.7745837791734,36.253741335975],[-86.7745752163508,36.2536861868251],[-86.7745727025089,36.2536699985307],[-86.7745575445912,36.2535723789634]]]},"properties":{"id":"133393","parcel":"05002004700","address":"3608 WILLOW CREEK CT","owner":"LUCKY 13 TRUST","point":[-86.77477605050238,36.25362158606307]}},{"type":"Feature","id":"133396","geometry":{"type":"Polygon","coordinates":[[[-86.7745093411201,36.25253458627],[-86.7745348781235,36.2525186633774],[-86.7745607093101,36.2525025574429],[-86.7745607834082,36.2525025110044],[-86.7745617754713,36.2525018926983],[-86.7747908451767,36.2525193835802],[-86.7748024143301,36.2525203205936],[-86.7748634908109,36.2529396187504],[-86.7747809044772,36.2529491608018],[-86.77469870351,36.2529606776608],[-86.7746169589983,36.252974157156],[-86.7745494047524,36.2526982572045],[-86.7745093411201,36.25253458627]]]},"properties":{"id":"133396","parcel":"05002005000","address":"1913 WESTCHESTER DR","owner":"PANDORA PROPERTIES, LLC","point":[-86.77471242242603,36.25281894933354]}},{"type":"Feature","id":"133418","geometry":{"type":"Polygon","coordinates":[[[-86.7771043763435,36.254892197896],[-86.7771046923176,36.2548921931601],[-86.7771052155768,36.2549118558882],[-86.7771054971287,36.2549261595583],[-86.7771055135837,36.2549268164609],[-86.7771055223146,36.2549280475071],[-86.7771058280549,36.2549567358119],[-86.7771039413338,36.2550952568637],[-86.777103396846,36.2551099759124],[-86.7771027275945,36.2551422736681],[-86.7771023956793,36.2551583585399],[-86.7771023361804,36.2551589861899],[-86.7771021680152,36.2551589719502],[-86.7767087307443,36.25512429544],[-86.7766924413844,36.2548991273654],[-86.7771043763435,36.254892197896]]]},"properties":{"id":"133418","parcel":"05002000100","address":"3533 BRICK CHURCH PIKE","owner":"M & J GENERAL PARTNERSHIP","point":[-86.77690322487241,36.255025620406826]}},{"type":"Feature","id":"133421","geometry":{"type":"Polygon","coordinates":[[[-86.7770761521417,36.2544725275336],[-86.7770762655812,36.2544725213966],[-86.7770789005038,36.2544915847368],[-86.7770793765854,36.2544951992778],[-86.7770846847799,36.2545356482228],[-86.7770877135626,36.254563218597],[-86.7770880583634,36.2545660408854],[-86.7770886295228,36.2545707272978],[-86.7770900301177,36.2545919165042],[-86.777095003465,36.2546549600425],[-86.7770962921421,36.2546834608776],[-86.7770958460742,36.2546834754626],[-86.7766768946583,36.2546970471326],[-86.7766767869987,36.2546860598306],[-86.7766641037809,36.2544993454521],[-86.7770761521417,36.2544725275336]]]},"properties":{"id":"133421","parcel":"05002000300","address":"3525 BRICK CHURCH PIKE","owner":"THOMAS, JAMES KENNETH FAMILY TRUST","point":[-86.7768794744724,36.25458093065906]}},{"type":"Feature","id":"133424","geometry":{"type":"Polygon","coordinates":[[[-86.7766986968048,36.2542902908091],[-86.7770443103663,36.2542573623697],[-86.7770515159583,36.2543004433738],[-86.7770515691736,36.2543007638753],[-86.7770598660612,36.2543531206977],[-86.7770663282142,36.2543967544386],[-86.7770686858039,36.25441408917],[-86.7770736723907,36.254450791],[-86.7770736784046,36.2544508369249],[-86.7770762655812,36.2544725213966],[-86.7770761521417,36.2544725275336],[-86.7766641037809,36.2544993454521],[-86.7766640607162,36.2544949503508],[-86.7766485394222,36.2542951095249],[-86.776648535678,36.2542950680916],[-86.7766986968048,36.2542902908091]]]},"properties":{"id":"133424","parcel":"05002000400","address":"3521 BRICK CHURCH PIKE","owner":"THOMPSON, SHUKIESHA","point":[-86.77685888874056,36.25437455681502]}},{"type":"Feature","id":"133427","geometry":{"type":"Polygon","coordinates":[[[-86.7762716214808,36.2548732620884],[-86.7762734838732,36.2547842610784],[-86.7762725921159,36.254695249821],[-86.7766767869987,36.2546860598306],[-86.7766768946583,36.2546970471326],[-86.7766895133426,36.2548771692984],[-86.7762716214808,36.2548732620884]]]},"properties":{"id":"133427","parcel":"05002001400","address":"3733 WILLOW CREEK RD","owner":"JOHNSON, DENNIS N. & SANDRA","point":[-86.77647650980575,36.25474065674346]}},{"type":"Feature","id":"133430","geometry":{"type":"Polygon","coordinates":[[[-86.7761200001083,36.2529667165425],[-86.7761519790611,36.2526302776205],[-86.7762924007799,36.2526415495747],[-86.7763800739321,36.2526485909887],[-86.7763800688985,36.2526486450958],[-86.776372382821,36.2529716877804],[-86.7762882091789,36.2529719546165],[-86.7762040589762,36.2529702970816],[-86.7761200001083,36.2529667165425]]]},"properties":{"id":"133430","parcel":"05002002900","address":"1937 WESTCHESTER DR","owner":"WALKER, WINSTON ET UX","point":[-86.77625570825415,36.25280769150467]}},{"type":"Feature","id":"133433","geometry":{"type":"Polygon","coordinates":[[[-86.7755078114945,36.2530585557261],[-86.7754933150794,36.253252033743],[-86.7754989902424,36.2532783335451],[-86.775498998366,36.2532783677403],[-86.7754986680925,36.2532783887862],[-86.7751112605919,36.253305029787],[-86.7750878800048,36.2531337689933],[-86.7750882939501,36.2531211389729],[-86.7750913808275,36.2531087540692],[-86.7750970463091,36.2530969816942],[-86.7751051246984,36.2530861734956],[-86.775115374322,36.253076649163],[-86.7751274919583,36.2530686927314],[-86.7751411160438,36.2530625390413],[-86.7751558433538,36.2530583727307],[-86.7751712344419,36.253056315583],[-86.7752553409067,36.2530536084799],[-86.7753395120649,36.2530530792159],[-86.7754236611278,36.2530547274468],[-86.7755077012978,36.2530585519272],[-86.7755078114945,36.2530585557261]]]},"properties":{"id":"133433","parcel":"05002003100","address":"1920 WESTCHESTER DR","owner":"ANDERSON, MARY E.","point":[-86.77529680964433,36.25319291320907]}},{"type":"Feature","id":"133441","geometry":{"type":"Polygon","coordinates":[[[-86.7737607554725,36.2548366248623],[-86.7741572333085,36.2548011204626],[-86.7741723683794,36.2549111242104],[-86.7737670483865,36.2548817982725],[-86.7737607554725,36.2548366248623]]]},"properties":{"id":"133441","parcel":"05002006200","address":"3530 BROOKWAY DR","owner":"SILVA, HERNANDO & FLAVIA","point":[-86.77396461608285,36.25485959100364]}},{"type":"Feature","id":"133444","geometry":{"type":"Polygon","coordinates":[[[-86.7737755336216,36.2541694269936],[-86.7740585512154,36.2541424722241],[-86.7740585712924,36.25414259106],[-86.774075800818,36.2542389771117],[-86.7740902814618,36.2543356583525],[-86.7736918137306,36.2543755688683],[-86.7736627734553,36.2541801681821],[-86.7737755336216,36.2541694269936]]]},"properties":{"id":"133444","parcel":"05002006500","address":"3516 BROOKWAY DR","owner":"RIVERA, RICARDO VALDEZ","point":[-86.77388081270738,36.25428693563503]}},{"type":"Feature","id":"133447","geometry":{"type":"Polygon","coordinates":[[[-86.7732580799539,36.2535817148957],[-86.7734498848232,36.2534958791846],[-86.7735325218317,36.2536228116486],[-86.7735931326966,36.2537169201883],[-86.7732602664927,36.2538058534596],[-86.7731750279126,36.2538294762252],[-86.7731606790468,36.253787591597],[-86.773143984599,36.2537462816489],[-86.7731249799002,36.2537056317723],[-86.7731206323435,36.253696264999],[-86.7731182476842,36.2536864458581],[-86.7731178886247,36.2536764425198],[-86.7731195656161,36.253666527995],[-86.7731232334502,36.2536569729466],[-86.7731287933881,36.2536480357627],[-86.7731360909174,36.2536399607681],[-86.7731449301289,36.2536329691202],[-86.7731550680567,36.2536272489314],[-86.773166230282,36.2536229578726],[-86.7732580799539,36.2535817148957]]]},"properties":{"id":"133447","parcel":"05002007000","address":"3401 MEADOW CT","owner":"PANDORA PROPERTIES, LLC.","point":[-86.77333976648119,36.253662164429734]}},{"type":"Feature","id":"133450","geometry":{"type":"Polygon","coordinates":[[[-86.774133953786,36.2535200571422],[-86.7745404287284,36.2534691085101],[-86.7745449958547,36.2534997910073],[-86.7745518986165,36.2535459617721],[-86.7745519117099,36.2535460491091],[-86.7745575245752,36.2535722664359],[-86.7745575327601,36.2535723069395],[-86.7744574187623,36.2535845449927],[-86.7741593316718,36.253620988252],[-86.774159273875,36.2536209949311],[-86.7741592584687,36.2536208985964],[-86.7741514043267,36.2535786930821],[-86.7741475934467,36.2535632205672],[-86.7741412189589,36.2535411520325],[-86.7741338682081,36.2535200676042],[-86.7741339048818,36.253520062863],[-86.774133953786,36.2535200571422]]]},"properties":{"id":"133450","parcel":"05002008200","address":"3507 BROOKWAY DR","owner":"LM1 HOLDINGS, LLC","point":[-86.7743466994675,36.2535435573439]}},{"type":"Feature","id":"133469","geometry":{"type":"Polygon","coordinates":[[[-86.7751375484756,36.2534960524744],[-86.7755278096893,36.253456193425],[-86.7755365485478,36.2535110728139],[-86.7755365567861,36.2535111187246],[-86.775559932677,36.253651537896],[-86.7751665706495,36.2536892557447],[-86.7751375484756,36.2534960524744]]]},"properties":{"id":"133469","parcel":"05002003300","address":"3609 WILLOW CREEK CT","owner":"CAXAJ, JUAN M & TAX, JUANA","point":[-86.77534924533622,36.253580954757886]}},{"type":"Feature","id":"133492","geometry":{"type":"Polygon","coordinates":[[[-86.7778332352135,36.2538156171388],[-86.777967577595,36.2537381688273],[-86.7780019675682,36.2537756807946],[-86.7780381912059,36.2538120435716],[-86.7780761911616,36.2538471962413],[-86.7777678191762,36.2540749014573],[-86.7777669687601,36.2540706764804],[-86.7776704871301,36.2539094426185],[-86.7778332352135,36.2538156171388]]]},"properties":{"id":"133492","parcel":"050020C00100CO","address":"1014 CONE BLVD","owner":"SEIBERT, CHRISTINE","point":[-86.77787929501851,36.253878330661394]}},{"type":"Feature","id":"133495","geometry":{"type":"Polygon","coordinates":[[[-86.7787642678654,36.2540551332442],[-86.7789209614178,36.2536378806957],[-86.7790115176857,36.2536777349385],[-86.7790514661936,36.2536953175566],[-86.7789907929413,36.2540932585196],[-86.7789796312344,36.2540921426348],[-86.7789070080318,36.2540831558246],[-86.7788351407332,36.254070806054],[-86.7787642678654,36.2540551332442]]]},"properties":{"id":"133495","parcel":"050020C01700CO","address":"1029 CONE BLVD","owner":"BEST, RASHON D. & ASHLEY N.","point":[-86.778927943055,36.253875262593596]}},{"type":"Feature","id":"133498","geometry":{"type":"Polygon","coordinates":[[[-86.7778546102743,36.253114014949],[-86.7778538936235,36.2531032370467],[-86.7778552704211,36.2530925015448],[-86.7778587076528,36.2530820727212],[-86.7778641188348,36.2530722088889],[-86.7778713728359,36.2530631542286],[-86.7778802882438,36.2530551316144],[-86.7778906444645,36.2530483398394],[-86.7779021872157,36.2530429463695],[-86.7779146318285,36.2530390837178],[-86.777927668802,36.2530368485078],[-86.7781882235176,36.2530092697905],[-86.7782376939313,36.2530055201263],[-86.7782873712726,36.2530047134822],[-86.7783369885371,36.2530068542816],[-86.7783179899779,36.2531776376502],[-86.7778760175672,36.2532388142636],[-86.777868952904,36.2532011723107],[-86.7778546102743,36.253114014949]]]},"properties":{"id":"133498","parcel":"050020C02400CO","address":"1001 CONE BLVD","owner":"CB ONS, LLC","point":[-86.77809062812858,36.2531458345527]}},{"type":"Feature","id":"133501","geometry":{"type":"Polygon","coordinates":[[[-86.7782241985551,36.2528685805813],[-86.7781982427833,36.2525259053332],[-86.7784579811561,36.2525016055064],[-86.7783936448255,36.2528739213126],[-86.7783373515647,36.2528690855534],[-86.7782807856217,36.2528673022448],[-86.7782241985551,36.2528685805813]]]},"properties":{"id":"133501","parcel":"050020C03700CO","address":"2025 WESTCHESTER DR","owner":"RODRIGUEZ, LUIS ALBERTO & EMELY","point":[-86.7783176972739,36.252696748709475]}},{"type":"Feature","id":"133504","geometry":{"type":"Polygon","coordinates":[[[-86.7792154492562,36.2530819062627],[-86.779364216892,36.2527603768756],[-86.7795813601524,36.2528436022665],[-86.7793687280955,36.2531406532331],[-86.7793190079361,36.2531187780172],[-86.7792678613856,36.2530991759122],[-86.7792154492562,36.2530819062627]]]},"properties":{"id":"133504","parcel":"050020C04300CO","address":"2049 WESTCHESTER DR","owner":"STEIN, JOHN DAVID","point":[-86.779383314927,36.25296272657771]}},{"type":"Feature","id":"133616","geometry":{"type":"Polygon","coordinates":[[[-86.7778146311953,36.2543075065419],[-86.7782002170883,36.2539448451952],[-86.7782446782883,36.2539746154115],[-86.7782905805182,36.2540029127052],[-86.7783378510201,36.2540296933822],[-86.7779881755837,36.2544524263487],[-86.7778146311953,36.2543075065419]]]},"properties":{"id":"133616","parcel":"050020C00300CO","address":"1022 CONE BLVD","owner":"KUNJU, ANEEZ MOHAMMED & SHAJAHAN, SUNU","point":[-86.77809263451779,36.254168630662505]}},{"type":"Feature","id":"133619","geometry":{"type":"Polygon","coordinates":[[[-86.7779881755837,36.2544524263487],[-86.7783378510201,36.2540296933822],[-86.778386412585,36.2540549137773],[-86.778436185796,36.254078532042],[-86.7784870923839,36.2541005099255],[-86.7782501598761,36.2544786319299],[-86.7779881755837,36.2544524263487]]]},"properties":{"id":"133619","parcel":"050020C00400CO","address":"1026 CONE BLVD","owner":"GREEN, COREY LAYNE & JENNA","point":[-86.77825527945734,36.2542765011116]}},{"type":"Feature","id":"133622","geometry":{"type":"Polygon","coordinates":[[[-86.7784901527384,36.2545026371928],[-86.778645772287,36.2541562633133],[-86.7787003679324,36.2541713543424],[-86.7787556681805,36.2541846554364],[-86.7788115826894,36.2541961455468],[-86.7787171227488,36.2545253388897],[-86.7784901527384,36.2545026371928]]]},"properties":{"id":"133622","parcel":"050020C00600CO","address":"1034 CONE BLVD","owner":"SFR JV-2 2024-2 BORROWER LLC","point":[-86.77866331384605,36.254349414509974]}},{"type":"Feature","id":"133625","geometry":{"type":"Polygon","coordinates":[[[-86.7787171227488,36.2545253388897],[-86.7788115826894,36.2541961455468],[-86.7788856983758,36.2542084375788],[-86.7789605105521,36.2542175481813],[-86.7789821011035,36.2542197071711],[-86.7789322216022,36.2545468531401],[-86.7787171227488,36.2545253388897]]]},"properties":{"id":"133625","parcel":"050020C00700CO","address":"1038 CONE BLVD","owner":"SPRINGER, DANIEL & PUOCI, JACQUELINE","point":[-86.77885989506693,36.254372542116585]}},{"type":"Feature","id":"133628","geometry":{"type":"Polygon","coordinates":[[[-86.7789322216022,36.2545468531401],[-86.7789821011035,36.2542197071711],[-86.7791537507505,36.2542368759291],[-86.779103871938,36.2545640210661],[-86.7789322216022,36.2545468531401]]]},"properties":{"id":"133628","parcel":"050020C00800CO","address":"1042 CONE BLVD","owner":"LAMCO TN ASSET COMPANY 1 LLC","point":[-86.77904298635936,36.254391864588584]}},{"type":"Feature","id":"133631","geometry":{"type":"Polygon","coordinates":[[[-86.779103871938,36.2545640210661],[-86.7791537507505,36.2542368759291],[-86.7793254149454,36.2542540452511],[-86.7792755368305,36.2545811904574],[-86.779103871938,36.2545640210661]]]},"properties":{"id":"133631","parcel":"050020C00900CO","address":"1046 CONE BLVD","owner":"ROFFO, PETER","point":[-86.77921464365936,36.254409033212646]}},{"type":"Feature","id":"133634","geometry":{"type":"Polygon","coordinates":[[[-86.7796188668388,36.2546155285079],[-86.7796687435583,36.2542883831633],[-86.7798064537916,36.2543021559867],[-86.7798195174957,36.2543043184851],[-86.7798320019435,36.254308113273],[-86.7798435968647,36.2543134459197],[-86.7798540172166,36.2543201848807],[-86.7798630043148,36.2543281632928],[-86.779870334796,36.2543371852248],[-86.7798758284073,36.2543470256276],[-86.7798793492336,36.2543574420421],[-86.7798808101754,36.2543681772741],[-86.7798801752272,36.2543789647871],[-86.7798396100076,36.2546376049582],[-86.7796188668388,36.2546155285079]]]},"properties":{"id":"133634","parcel":"050020C01200CO","address":"1058 CONE BLVD","owner":"ABEBE, AZIEB GHIRMAI","point":[-86.77974926165845,36.25449724624278]}},{"type":"Feature","id":"133637","geometry":{"type":"Polygon","coordinates":[[[-86.7793341207217,36.2541275982854],[-86.7793839983005,36.2538004521099],[-86.7795556616001,36.2538176211071],[-86.7795057847102,36.2541447664505],[-86.7793341207217,36.2541275982854]]]},"properties":{"id":"133637","parcel":"050020C01400CO","address":"1041 CONE BLVD","owner":"HATHAWAY, TROY","point":[-86.77944489134393,36.253972609750235]}},{"type":"Feature","id":"133640","geometry":{"type":"Polygon","coordinates":[[[-86.7778760175672,36.2532388142636],[-86.7783179899779,36.2531776376502],[-86.7783028685991,36.2533135700577],[-86.7779368653236,36.2534230023502],[-86.7779177373292,36.25337785588],[-86.7779011965992,36.2533320447533],[-86.7778872796811,36.2532856651692],[-86.7778760175672,36.2532388142636]]]},"properties":{"id":"133640","parcel":"050020C02300CO","address":"1005 CONE BLVD","owner":"JEFRREY J. POLANZI LIVING TRUST","point":[-86.77809786521783,36.253299622971376]}},{"type":"Feature","id":"133643","geometry":{"type":"Polygon","coordinates":[[[-86.7784295884563,36.2534059516736],[-86.7783006651509,36.2533333765296],[-86.7783028685991,36.2533135700577],[-86.7783179899779,36.2531776376502],[-86.7783369885371,36.2530068542816],[-86.7783880256238,36.2530121664142],[-86.7784384190278,36.2530205964797],[-86.7784878789784,36.2530320967775],[-86.778579275472,36.2530564228573],[-86.778435998704,36.2534095595243],[-86.7784295884563,36.2534059516736]]]},"properties":{"id":"133643","parcel":"050020C02500CO","address":"2032 WESTCHESTER DR","owner":"CHAGAS, LUIS GUSTAVO DE MEDEIROS & ET AL","point":[-86.7784064025019,36.253245781676405]}},{"type":"Feature","id":"133646","geometry":{"type":"Polygon","coordinates":[[[-86.778435998704,36.2534095595243],[-86.778579275472,36.2530564228573],[-86.7787435958541,36.2531001586008],[-86.7785853563929,36.2534901762605],[-86.7785571782385,36.2534777746203],[-86.778435998704,36.2534095595243]]]},"properties":{"id":"133646","parcel":"050020C02600CO","address":"2036 WESTCHESTER DR","owner":"MORRIS, JOHN MICHAEL & HAEFNER, CHELSEA","point":[-86.77858979761304,36.25325485916453]}},{"type":"Feature","id":"133649","geometry":{"type":"Polygon","coordinates":[[[-86.7790514661936,36.2536953175566],[-86.7790115176857,36.2536777349385],[-86.7792846538775,36.2532599338589],[-86.7793288034515,36.2532822253439],[-86.779371180485,36.2533066678058],[-86.7794116282863,36.2533331685274],[-86.7794499934567,36.2533616302644],[-86.7794861302614,36.2533919431055],[-86.779519904056,36.2534239934628],[-86.7790789537419,36.253710347965],[-86.7790514661936,36.2536953175566]]]},"properties":{"id":"133649","parcel":"050020C03000CO","address":"2052 WESTCHESTER DR","owner":"HAYES, DESHON & LOVE, KRISTLE L","point":[-86.77920951908438,36.25355076077168]}},{"type":"Feature","id":"133652","geometry":{"type":"Polygon","coordinates":[[[-86.7783936448255,36.2528739213126],[-86.7784579811561,36.2525016055064],[-86.7786932528469,36.2525740205954],[-86.778558437401,36.2529063048638],[-86.7785408192604,36.2529016156397],[-86.7784924678724,36.2528900244052],[-86.7784433528833,36.2528807831152],[-86.7783936448255,36.2528739213126]]]},"properties":{"id":"133652","parcel":"050020C03800CO","address":"2029 WESTCHESTER DR","owner":"FRANCISCO, IAN PATRICK, FABIOLA ANTONIETA & TOM I","point":[-86.77852597192891,36.25272393869437]}},{"type":"Feature","id":"133655","geometry":{"type":"Polygon","coordinates":[[[-86.7787227563478,36.2529500406448],[-86.7788551039534,36.2526238374927],[-86.7790194247036,36.2526675728594],[-86.7788870765886,36.2529937761945],[-86.7787227563478,36.2529500406448]]]},"properties":{"id":"133655","parcel":"050020C04000CO","address":"2037 WESTCHESTER DR","owner":"GUISANDE, DEVIN & ARTANCY","point":[-86.77887109055112,36.25280880684621]}},{"type":"Feature","id":"133719","geometry":{"type":"Polygon","coordinates":[[[-86.7770324537992,36.2571818087606],[-86.7771574263353,36.2565340584725],[-86.778441360001,36.2567129818363],[-86.7783599855864,36.2572684003284],[-86.7770324537992,36.2571818087606]]]},"properties":{"id":"133719","parcel":"05000012800","address":"3544 BRICK CHURCH PIKE","owner":"BROWN, LISA B.","point":[-86.77774237506885,36.256947407541055]}},{"type":"Feature","id":"133770","geometry":{"type":"Polygon","coordinates":[[[-86.7764659844091,36.2531095358317],[-86.7765674292181,36.2531073833187],[-86.7766687176867,36.2531023351185],[-86.7767697219015,36.2530943974615],[-86.7767842113989,36.2530945855022],[-86.7767984510459,36.2530967560874],[-86.7768120329858,36.2531008478511],[-86.7768245632693,36.2531067425589],[-86.7768356808142,36.2531142694935],[-86.7768450652647,36.253123212613],[-86.7768524459098,36.2531333122969],[-86.7768548319337,36.2531383430364],[-86.7768570229779,36.2531430073208],[-86.7768598363768,36.2531531561959],[-86.7768800332099,36.2532760897662],[-86.7764843290323,36.2533203871575],[-86.7764642641594,36.2532106361139],[-86.7764659844091,36.2531095358317]]]},"properties":{"id":"133770","parcel":"05002000800","address":"3507 BRICK CHURCH PIKE","owner":"PLEMONS, SCOTT D.","point":[-86.77666468982623,36.25318190124663]}},{"type":"Feature","id":"133773","geometry":{"type":"Polygon","coordinates":[[[-86.77620277106,36.2531068316016],[-86.7763343609005,36.2531092487194],[-86.7764659844091,36.2531095358317],[-86.7764642641594,36.2532106361139],[-86.7764843290323,36.2533203871575],[-86.7765044867298,36.2534389265545],[-86.7761112757203,36.2534612334023],[-86.7761085853062,36.2533903351998],[-86.7761085829242,36.253319404409],[-86.7761112692113,36.2532485068168],[-86.7761166403539,36.2531777082385],[-86.7761172191236,36.2531665867431],[-86.7761200233052,36.2531556888824],[-86.7761249800873,36.2531453062266],[-86.7761319553043,36.2531357145175],[-86.7761407645269,36.2531271699921],[-86.7761511729747,36.2531199003711],[-86.7761629032424,36.2531140985003],[-86.7761756419585,36.2531099205054],[-86.7761890497108,36.2531074767162],[-86.77620277106,36.2531068316016]]]},"properties":{"id":"133773","parcel":"05002000900","address":"3701 WILLOW CREEK RD","owner":"M & J PARTNERSHIP","point":[-86.77629386019288,36.25328429972731]}},{"type":"Feature","id":"133776","geometry":{"type":"Polygon","coordinates":[[[-86.7757106035489,36.2546615004818],[-86.7761011034647,36.2546392114967],[-86.7761020929563,36.2547381106008],[-86.7761003272227,36.254837003065],[-86.7757152361615,36.2548460666787],[-86.7757151226948,36.2548460701108],[-86.7757142409734,36.2547559736902],[-86.7757106035489,36.2546615004818]]]},"properties":{"id":"133776","parcel":"05002001700","address":"3732 WILLOW CREEK RD","owner":"JOHNSON, DENNIS N.& SANDRA A.","point":[-86.77590790503716,36.25474704181205]}},{"type":"Feature","id":"133779","geometry":{"type":"Polygon","coordinates":[[[-86.7755711238151,36.2537174255855],[-86.7759641415508,36.2536753456968],[-86.7759986137764,36.2538707110094],[-86.7756029198429,36.253910606435],[-86.7755985855048,36.2538853362715],[-86.7755913436647,36.2538425600347],[-86.7755711238151,36.2537174255855]]]},"properties":{"id":"133779","parcel":"05002002200","address":"3712 WILLOW CREEK RD","owner":"PERKINS TENNESSEE COMMUNITY PROPERTY TRUST, THE","point":[-86.77578198652057,36.25378036926563]}},{"type":"Feature","id":"133782","geometry":{"type":"Polygon","coordinates":[[[-86.775498998366,36.2532783677403],[-86.7754989902424,36.2532783335451],[-86.7754933150794,36.253252033743],[-86.7755078114945,36.2530585557261],[-86.7756266855719,36.2530651216499],[-86.7757452578658,36.2530746175444],[-86.7758634181487,36.2530870351061],[-86.7758778428665,36.2530892451674],[-86.7758915880165,36.2530934189009],[-86.7759042518269,36.2530994345146],[-86.7759154586827,36.2531071141717],[-86.7759248803449,36.2531162319649],[-86.7759322393501,36.2531265202038],[-86.7759373202082,36.2531376765523],[-86.7759399705763,36.2531493703304],[-86.7759401159001,36.2531612604445],[-86.7759357499337,36.2532216566803],[-86.7759358737106,36.2532821565663],[-86.775498998366,36.2532783677403]]]},"properties":{"id":"133782","parcel":"05002002500","address":"1924 WESTCHESTER DR","owner":"MARI-JOY MANAGEMENT, LLC","point":[-86.77571792421608,36.253191046270466]}},{"type":"Feature","id":"133785","geometry":{"type":"Polygon","coordinates":[[[-86.7753625104601,36.2529166397227],[-86.7753725948052,36.252566482147],[-86.7753726504904,36.2525664871971],[-86.7756550076505,36.2525893456805],[-86.7756550755748,36.252589350652],[-86.7756203612566,36.2529259728211],[-86.7753626173187,36.2529166435432],[-86.7753625104601,36.2529166397227]]]},"properties":{"id":"133785","parcel":"05002002600","address":"1925 WESTCHESTER DR","owner":"BROWN, CHARLENE","point":[-86.77550270282332,36.25275298385028]}},{"type":"Feature","id":"133788","geometry":{"type":"Polygon","coordinates":[[[-86.7756203612566,36.2529259728211],[-86.7756550755748,36.252589350652],[-86.7757692149381,36.2525985910839],[-86.7758477113754,36.252604945569],[-86.7758574097204,36.2526057322697],[-86.7758666228666,36.2526078775602],[-86.7758667321618,36.2526079029945],[-86.7758668682222,36.2526079345657],[-86.7758670387506,36.2526077360977],[-86.7758690022645,36.252606669031],[-86.7759047654815,36.2526095640051],[-86.7758647757247,36.2529485768851],[-86.7757427235072,36.2529361752999],[-86.7756203612566,36.2529259728211]]]},"properties":{"id":"133788","parcel":"05002002700","address":"1929 WESTCHESTER DR","owner":"ARMM ASSETS 3, LLC","point":[-86.77576138852017,36.25276776629791]}},{"type":"Feature","id":"133791","geometry":{"type":"Polygon","coordinates":[[[-86.7758647757247,36.2529485768851],[-86.7759047654815,36.2526095640051],[-86.7760351077685,36.2526201159966],[-86.7760935424224,36.252625152668],[-86.7761519790611,36.2526302776205],[-86.7761200001083,36.2529667165425],[-86.7759922664362,36.2529587651071],[-86.7758647757247,36.2529485768851]]]},"properties":{"id":"133791","parcel":"05002002800","address":"1933 WESTCHESTER DR","owner":"WADE, CHRISTINA","point":[-86.7760102026906,36.252789430759385]}},{"type":"Feature","id":"133794","geometry":{"type":"Polygon","coordinates":[[[-86.7763800688985,36.2526486450958],[-86.7763800739321,36.2526485909887],[-86.7765372398032,36.2526613313497],[-86.7767818613291,36.2526811608924],[-86.7767819103297,36.2526811650836],[-86.776781952681,36.2526811720213],[-86.7768164479951,36.2528787315554],[-86.7768169467803,36.2528855733174],[-86.7768172305906,36.252889440545],[-86.7768159792528,36.2529001617095],[-86.7768126322462,36.2529106133555],[-86.7768072991479,36.2529205090833],[-86.7768001110644,36.2529296020092],[-86.7767912471672,36.252937667472],[-86.7767809291295,36.2529445030682],[-86.7767694112275,36.2529499404321],[-86.7767569814348,36.2529538434265],[-86.776743948133,36.2529561145364],[-86.7766513077852,36.2529633062561],[-86.7765584467225,36.2529683011826],[-86.7764654461497,36.2529710960897],[-86.776372382821,36.2529716877804],[-86.7763800688985,36.2526486450958]]]},"properties":{"id":"133794","parcel":"05002003000","address":"1941 WESTCHESTER DR","owner":"M & J PARTNERSHIP","point":[-86.77658808191659,36.252779557688186]}},{"type":"Feature","id":"133842","geometry":{"type":"Polygon","coordinates":[[[-86.7751112605919,36.253305029787],[-86.7754986680925,36.2532783887862],[-86.775498998366,36.2532783677403],[-86.7754990043173,36.253278407357],[-86.7755278708414,36.2534561885263],[-86.7755278096893,36.253456193425],[-86.7751375484756,36.2534960524744],[-86.7751112605919,36.253305029787]]]},"properties":{"id":"133842","parcel":"05002003200","address":"3605 WILLOW CREEK CT","owner":"PARK, JUNSUNG","point":[-86.77531863455361,36.25338060758922]}},{"type":"Feature","id":"133924","geometry":{"type":"Polygon","coordinates":[[[-86.7740295711566,36.2539536638378],[-86.7740298457033,36.2539536332392],[-86.7740320051367,36.2539654446578],[-86.7740328461296,36.2539695228171],[-86.7740338200007,36.2539745599525],[-86.7740352358569,36.2539834948501],[-86.7740376254959,36.2539972298558],[-86.7740389504602,36.2540058589118],[-86.7740407284899,36.2540195203281],[-86.7740425537474,36.2540336879421],[-86.7740435562929,36.2540437123901],[-86.7740440595041,36.2540480684944],[-86.7736482855465,36.2540857643847],[-86.773640660176,36.2540360788388],[-86.7736406161839,36.2540357898205],[-86.7736337976722,36.2539913605828],[-86.7736338388057,36.2539913567145],[-86.7740295711566,36.2539536638378]]]},"properties":{"id":"133924","parcel":"05002008700","address":"3512 BROOKWAY DR","owner":"LM1 HOLDINGS, LLC","point":[-86.77384036538967,36.254026223769905]}},{"type":"Feature","id":"133950","geometry":{"type":"Polygon","coordinates":[[[-86.7735103900533,36.2552255076188],[-86.7735186918819,36.2551454184348],[-86.7735864221683,36.2551500237032],[-86.7735781204076,36.2552301128918],[-86.7735103900533,36.2552255076188]]]},"properties":{"id":"133950","parcel":"050020A27300CO","address":"1261 HAVENBROOK DR","owner":"FALAIYE, ADEGOKE OLUWASEUN & OLUYEMI BRIDGET","point":[-86.77354840612894,36.25518776566723]}},{"type":"Feature","id":"133953","geometry":{"type":"Polygon","coordinates":[[[-86.7737465226839,36.2552415628771],[-86.773754823163,36.2551614736845],[-86.7738228229395,36.2551660969222],[-86.7738145214247,36.2552461870278],[-86.7737465226839,36.2552415628771]]]},"properties":{"id":"133953","parcel":"050020A27500CO","address":"1257 HAVENBROOK DR","owner":"ACKLIN, JOYCE A.","point":[-86.77378467259167,36.25520382990547]}},{"type":"Feature","id":"133956","geometry":{"type":"Polygon","coordinates":[[[-86.7725729623229,36.2551617646934],[-86.7725812650921,36.2550816755723],[-86.772649152263,36.2550862911773],[-86.7726408495707,36.2551663812041],[-86.7725729623229,36.2551617646934]]]},"properties":{"id":"133956","parcel":"050020A26200CO","address":"1283 HAVENBROOK DR","owner":"WALSH, NIKO TYLER","point":[-86.77261105733525,36.25512402794164]}},{"type":"Feature","id":"133959","geometry":{"type":"Polygon","coordinates":[[[-86.7727763134231,36.2551755926656],[-86.7727846159883,36.2550955035309],[-86.7728509120099,36.2551000111356],[-86.7728426095201,36.2551801011759],[-86.7727763134231,36.2551755926656]]]},"properties":{"id":"133959","parcel":"050020A26500CO","address":"1277 HAVENBROOK DR","owner":"SCHNEIDER, ASHLEY MARIE","point":[-86.7728136127585,36.25513780190665]}},{"type":"Feature","id":"133962","geometry":{"type":"Polygon","coordinates":[[[-86.7729415754265,36.2551868304321],[-86.7729498778258,36.2551067412863],[-86.7730165769558,36.255111276864],[-86.7730082746234,36.2551913660143],[-86.7729415754265,36.2551868304321]]]},"properties":{"id":"133962","parcel":"050020A26600CO","address":"1275 HAVENBROOK DR","owner":"CARRACTER, DIANDRE J","point":[-86.77297907620907,36.25514905365411]}},{"type":"Feature","id":"133965","geometry":{"type":"Polygon","coordinates":[[[-86.7733065287189,36.2552116462936],[-86.773314830752,36.2551315571232],[-86.7733811001121,36.2551360628055],[-86.7733727981542,36.2552161528815],[-86.7733065287189,36.2552116462936]]]},"properties":{"id":"133965","parcel":"050020A27000CO","address":"1267 HAVENBROOK DR","owner":"LERCH, WILLIAM JOHN","point":[-86.77334381445746,36.25517385455558]}},{"type":"Feature","id":"133968","geometry":{"type":"Polygon","coordinates":[[[-86.7733727981542,36.2552161528815],[-86.7733811001121,36.2551360628055],[-86.7734521541477,36.2551408938171],[-86.7734438522611,36.2552209838978],[-86.7733727981542,36.2552161528815]]]},"properties":{"id":"133968","parcel":"050020A27100CO","address":"1265 HAVENBROOK DR","owner":"MCGILBERRY, JACQUELINE KATE","point":[-86.77341247616982,36.25517852335607]}},{"type":"Feature","id":"134128","geometry":{"type":"Polygon","coordinates":[[[-86.7738349204652,36.2518396895789],[-86.7739089534922,36.2517807984025],[-86.7740597506003,36.2516608200989],[-86.7742168659286,36.2515357928864],[-86.7742334011691,36.2515226296689],[-86.7742340767564,36.2515220782831],[-86.7744087432268,36.2513836089054],[-86.7744089706147,36.2513834217911],[-86.7745244194542,36.2512944479192],[-86.7745884971313,36.2512451066516],[-86.7746621842199,36.2511885036776],[-86.7747655608668,36.25110909259],[-86.7749419491029,36.2509733583736],[-86.7750136980932,36.2509166008771],[-86.7751115691993,36.2508393156898],[-86.7751813811518,36.2507832816002],[-86.7752757850774,36.2507075046757],[-86.7754453825385,36.2505712635088],[-86.7754922598307,36.2505338204464],[-86.7755370287859,36.2504981086751],[-86.7755398432908,36.2504969108771],[-86.7756314838648,36.2504579907845],[-86.7758503322201,36.2503642862678],[-86.7759665069898,36.2503140941931],[-86.77607189706,36.2502705639008],[-86.7762201576818,36.2502067053551],[-86.7764960952526,36.2500898322216],[-86.7764804345301,36.250165397016],[-86.7764676758156,36.2502413189774],[-86.7764578339789,36.2503175250101],[-86.7764509149888,36.2503939420754],[-86.7764468841012,36.2504774730505],[-86.7764463799284,36.2505610669787],[-86.7764494037446,36.250644625616],[-86.7764559523913,36.2507280525489],[-86.7764660160074,36.2508112487033],[-86.7764795847586,36.250894117708],[-86.7764966421342,36.2509765632347],[-86.7766493707288,36.2518886467614],[-86.7766493777932,36.2518886863708],[-86.7760425504285,36.2518381374332],[-86.7757316149606,36.2518122170554],[-86.7757604540935,36.2519808336422],[-86.7757994056248,36.2522072020732],[-86.7758035211577,36.2522303557167],[-86.7758035712619,36.252230359],[-86.7758670387506,36.2526077360977],[-86.7758668682222,36.2526079345657],[-86.7758667321618,36.2526079029945],[-86.7758666228666,36.2526078775602],[-86.7758574097204,36.2526057322697],[-86.7758477113754,36.252604945569],[-86.7757692149381,36.2525985910839],[-86.7756550755748,36.252589350652],[-86.7756550076505,36.2525893456805],[-86.7753726504904,36.2525664871971],[-86.7753725948052,36.252566482147],[-86.7751011900341,36.252544509871],[-86.775101139921,36.2525445056862],[-86.7751011009432,36.2525445023313],[-86.7748024666684,36.2525203247643],[-86.7748024143301,36.2525203205936],[-86.7747908451767,36.2525193835802],[-86.7745617754713,36.2525018926983],[-86.7729168701391,36.2523814361155],[-86.7729167409758,36.252381427028],[-86.772922595857,36.2523782099776],[-86.772931146801,36.2523733912889],[-86.7729311877491,36.2523733684958],[-86.7729312286972,36.2523733457027],[-86.7730720994338,36.2522965829531],[-86.7732490100343,36.2522000296466],[-86.7735607291827,36.2520299176279],[-86.7736558241824,36.2519782369293],[-86.7736558651301,36.251978214136],[-86.7736558949515,36.2519781914139],[-86.7737454041387,36.2519089657885],[-86.7738349204652,36.2518396895789]]]},"properties":{"id":"134128","parcel":"05000002700","address":"3481 BRICK CHURCH PIKE","owner":"ROBINSON, MELODY RENEE","point":[-86.77551233651938,36.25134090167021]}},{"type":"Feature","id":"134160","geometry":{"type":"Polygon","coordinates":[[[-86.7773017472197,36.25472011069],[-86.7772990201971,36.2546705560829],[-86.7800740335275,36.254978432949],[-86.7797526356165,36.25678473997],[-86.7786182959118,36.2564942793069],[-86.778671784203,36.2561390212833],[-86.778801739542,36.2552811185481],[-86.7773067703097,36.2551249884698],[-86.7773093625635,36.2549438438437],[-86.7773088579871,36.2549105460424],[-86.7773017472197,36.25472011069]]]},"properties":{"id":"134160","parcel":"05000010600","address":"3524 BRICK CHURCH PIKE","owner":"MULLINS, STEVEN T.","point":[-86.779340110321,36.25571118445004]}},{"type":"Feature","id":"134321","geometry":{"type":"Polygon","coordinates":[[[-86.7796706576766,36.2511372698436],[-86.779757085453,36.2508713632399],[-86.7799210664542,36.2509063304376],[-86.7798347266969,36.2511719707232],[-86.7796706576766,36.2511372698436]]]},"properties":{"id":"134321","parcel":"050020C10600CO","address":"2624 THORNTON GROVE BLVD","owner":"CONLEY, MARK JAMES & CHRISTINE MARY","point":[-86.77979586244622,36.25102180020823]}},{"type":"Feature","id":"134322","geometry":{"type":"Polygon","coordinates":[[[-86.7793369706009,36.2510890978442],[-86.7793651251039,36.2507984730417],[-86.7794114462988,36.2508024200244],[-86.7794573860189,36.2508086478039],[-86.7795027693563,36.2508171340765],[-86.7795931034927,36.2508363967276],[-86.7795066752044,36.2511023032169],[-86.7793369706009,36.2510890978442]]]},"properties":{"id":"134322","parcel":"050020C10800CO","address":"2616 THORNTON GROVE BLVD","owner":"LINTON, BETHANY ROSE","point":[-86.77945060750893,36.25096272075396]}},{"type":"Feature","id":"135091","geometry":{"type":"Polygon","coordinates":[[[-86.7724954651251,36.2508486526252],[-86.772613117925,36.2508105409733],[-86.7726455518576,36.2508325844593],[-86.7726510155952,36.2508363951411],[-86.7729055938886,36.2514152095716],[-86.7728423449838,36.2514322403453],[-86.7727782361014,36.2514470054439],[-86.7727133860256,36.2514594761677],[-86.7726479235894,36.2514696273582],[-86.7725819743589,36.2514774410878],[-86.7724954651251,36.2508486526252]]]},"properties":{"id":"135091","parcel":"05007012800","address":"3852 NORTHBROOK DR","owner":"OSBORNE, KONNIE","point":[-86.77265773121086,36.25113184995173]}},{"type":"Feature","id":"135092","geometry":{"type":"Polygon","coordinates":[[[-86.7726510155952,36.2508363951411],[-86.7729623704088,36.2510467474085],[-86.7732032590987,36.251299578569],[-86.7731463992652,36.2513269708093],[-86.7730880836751,36.251352277839],[-86.7730284320211,36.2513754502231],[-86.7729675606933,36.2513964421526],[-86.7729055938886,36.2514152095716],[-86.7726510155952,36.2508363951411]]]},"properties":{"id":"135092","parcel":"05007012900","address":"3848 NORTHBROOK DR","owner":"BANDY, BURNIS L.","point":[-86.77294085615581,36.25117289368674]}},{"type":"Feature","id":"135113","geometry":{"type":"Polygon","coordinates":[[[-86.7727541416862,36.2548085065157],[-86.7730467839688,36.2545613641602],[-86.7730653174648,36.2545433008782],[-86.7730809407996,36.2545589745291],[-86.7730992019042,36.2545726521649],[-86.773119715162,36.2545840433469],[-86.7731420476115,36.2545929093104],[-86.7731657311856,36.2545990628863],[-86.7731902638954,36.2546023757043],[-86.7732151309531,36.2546027762545],[-86.7732642945186,36.2548454213326],[-86.7727541416862,36.2548085065157]]]},"properties":{"id":"135113","parcel":"05003000100","address":"3416 MEADOW CT","owner":"BECK, CARSON W.","point":[-86.77305612907661,36.254705777264775]}},{"type":"Feature","id":"135114","geometry":{"type":"Polygon","coordinates":[[[-86.7722261723101,36.2540509094152],[-86.7725490131126,36.2539071022471],[-86.7726481105808,36.2540526074754],[-86.7726610802967,36.2541305391059],[-86.772231957352,36.2542266803117],[-86.7722119627521,36.2541802136753],[-86.7721890082426,36.2541346554807],[-86.7721853357929,36.2541243326453],[-86.7721836941314,36.2541136714821],[-86.7721841214262,36.254102934911],[-86.7721866090784,36.2540923825458],[-86.7721910961757,36.254082272532],[-86.7721974716311,36.2540728525209],[-86.7722055807794,36.2540643515157],[-86.7722152264631,36.2540569771615],[-86.7722261723101,36.2540509094152]]]},"properties":{"id":"135114","parcel":"05003000600","address":"3301 BROOKDALE DR","owner":"MUFLEH, FATYHIA ABDELRAHIM","point":[-86.77242622047066,36.25406902969582]}},{"type":"Feature","id":"135115","geometry":{"type":"Polygon","coordinates":[[[-86.774673684329,36.2504531474963],[-86.774851518802,36.2503267410264],[-86.7752756695698,36.2507074125883],[-86.7752757850774,36.2507075046757],[-86.7751813811518,36.2507832816002],[-86.7751115691993,36.2508393156898],[-86.774673684329,36.2504531474963]]]},"properties":{"id":"135115","parcel":"05006008300","address":"3829 NORTHBROOK DR","owner":"PROGRESS RESIDENTIAL BORROWER 14 LLC","point":[-86.77497592891638,36.250580282776546]}},{"type":"Feature","id":"135116","geometry":{"type":"Polygon","coordinates":[[[-86.7723062677559,36.2546129840961],[-86.7727195951506,36.2545663869188],[-86.7727541416862,36.2548085065157],[-86.7723225278088,36.2547772728282],[-86.7723062677559,36.2546129840961]]]},"properties":{"id":"135116","parcel":"05003000900","address":"3313 BROOKDALE DR","owner":"M & J PARTNERSHIP","point":[-86.77252623858976,36.254695531489716]}},{"type":"Feature","id":"135119","geometry":{"type":"Polygon","coordinates":[[[-86.7717440320341,36.2542748491259],[-86.7717908218844,36.2542477931817],[-86.7718393737839,36.2542228574101],[-86.7718895427032,36.2542001175392],[-86.7719411757554,36.2541796421371],[-86.7719540623559,36.2541767839717],[-86.7719673472503,36.2541756329241],[-86.771980687992,36.2541762173181],[-86.7719937428434,36.2541785240158],[-86.7720061729396,36.2541824920951],[-86.77201765904,36.2541880190514],[-86.7720279060048,36.2541949634726],[-86.77203664948,36.2542031458975],[-86.7720436637564,36.254212355976],[-86.7720487673766,36.2542223569385],[-86.7720720879401,36.2542771704182],[-86.772091126061,36.2543330594057],[-86.7721058083693,36.2543898035666],[-86.7721160770631,36.2544471815652],[-86.7721220494068,36.2545031819736],[-86.7719309110878,36.2545186879512],[-86.7717440320341,36.2542748491259]]]},"properties":{"id":"135119","parcel":"05003001100","address":"1712 WESTCHESTER DR","owner":"HARRIS, ANDREW","point":[-86.77195421731913,36.254361156577176]}},{"type":"Feature","id":"135120","geometry":{"type":"Polygon","coordinates":[[[-86.7714907957589,36.2544610648609],[-86.7715372190211,36.2544202195918],[-86.7715858544582,36.2543810986815],[-86.7716366037971,36.254343780262],[-86.7716893642967,36.2543083406915],[-86.7717440320341,36.2542748491259],[-86.7719309110878,36.2545186879512],[-86.7717079753524,36.2546124112556],[-86.7714907957589,36.2544610648609]]]},"properties":{"id":"135120","parcel":"05003001200","address":"1708 WESTCHESTER DR","owner":"CAMBRONERO, ALFREDO & GINETTE","point":[-86.77169281343453,36.25444098362697]}},{"type":"Feature","id":"135121","geometry":{"type":"Polygon","coordinates":[[[-86.7744934115441,36.2505804804866],[-86.774673684329,36.2504531474963],[-86.7751115691993,36.2508393156898],[-86.7750136980932,36.2509166008771],[-86.7749419491029,36.2509733583736],[-86.7749418941175,36.2509733109602],[-86.7744931474159,36.2505806651329],[-86.7744934115441,36.2505804804866]]]},"properties":{"id":"135121","parcel":"05006008400","address":"3833 NORTHBROOK DR","owner":"BASS, JAMES D.","point":[-86.77480293695737,36.25070999190085]}},{"type":"Feature","id":"135122","geometry":{"type":"Polygon","coordinates":[[[-86.7709698368326,36.2540804528948],[-86.7709783059644,36.2540764586096],[-86.7709783362168,36.2540764800465],[-86.7713772033338,36.2543596014054],[-86.7713540021098,36.2543803519988],[-86.7712158892201,36.2545122657295],[-86.7708990459539,36.2542967250205],[-86.7709499370022,36.2540898699082],[-86.7709698368326,36.2540804528948]]]},"properties":{"id":"135122","parcel":"05003001600","address":"1705 WESTCHESTER DR","owner":"SILVA, HERNANDO & FLAVIA","point":[-86.77103399624195,36.25419350711869]}},{"type":"Feature","id":"135125","geometry":{"type":"Polygon","coordinates":[[[-86.7718503587154,36.253674233007],[-86.7719547802388,36.2536263108925],[-86.7719548343838,36.2536263862514],[-86.7721598078734,36.2539227734783],[-86.7719463802779,36.2540175351094],[-86.771750837934,36.2537199102682],[-86.7718503587154,36.253674233007]]]},"properties":{"id":"135125","parcel":"05003002000","address":"1721 WESTCHESTER DR","owner":"SIMPSON, SHAUNDRA & DAVIDSON, DEANGELO","point":[-86.77195357208046,36.25382133871073]}},{"type":"Feature","id":"135126","geometry":{"type":"Polygon","coordinates":[[[-86.7721263509784,36.2535462339432],[-86.7721600569649,36.2535305026976],[-86.7723705329888,36.253829127358],[-86.7721598078734,36.2539227734783],[-86.7719548343838,36.2536263862514],[-86.7719547802388,36.2536263108925],[-86.7721263509784,36.2535462339432]]]},"properties":{"id":"135126","parcel":"05003002100","address":"1801 WESTCHESTER DR","owner":"M & J PARTNERSHIP","point":[-86.77216201308129,36.25372775570843]}},{"type":"Feature","id":"135129","geometry":{"type":"Polygon","coordinates":[[[-86.7726510155952,36.2508363951411],[-86.7726455518576,36.2508325844593],[-86.7730488167627,36.2506324715224],[-86.7730489227287,36.2506326123402],[-86.7730934221562,36.2506903093512],[-86.7731398147277,36.2507470199834],[-86.7731880655586,36.2508027039019],[-86.7732333297548,36.2508522036308],[-86.7729623704088,36.2510467474085],[-86.7726510155952,36.2508363951411]]]},"properties":{"id":"135129","parcel":"05007013000","address":"3905 PATTON HILL RD","owner":"HALL, HARLENA","point":[-86.77294426165427,36.250844303705215]}},{"type":"Feature","id":"135193","geometry":{"type":"Polygon","coordinates":[[[-86.7733927788657,36.251362371288],[-86.7734497438486,36.2513269454451],[-86.7735043232709,36.2512891366285],[-86.7735858315545,36.2512312017729],[-86.7740597506003,36.2516608200989],[-86.7739089534922,36.2517807984025],[-86.7738349204652,36.2518396895789],[-86.7738348912201,36.2518396573213],[-86.7733927788657,36.251362371288]]]},"properties":{"id":"135193","parcel":"05006010400","address":"3857 NORTHBROOK DR","owner":"BEASLEY, WILLIE L.","point":[-86.77371307716841,36.2515115712139]}},{"type":"Feature","id":"135199","geometry":{"type":"Polygon","coordinates":[[[-86.7734055060286,36.2507353761352],[-86.7736353135789,36.2505674833446],[-86.7739090477691,36.2508148837067],[-86.7737385312064,36.250936169675],[-86.7737266318776,36.2509426474317],[-86.773713563174,36.2509474221086],[-86.7736996932029,36.250950359766],[-86.7736854117042,36.2509513767957],[-86.773671120081,36.2509504444914],[-86.7736572236105,36.2509475890979],[-86.7736441114172,36.2509428919397],[-86.7736321553068,36.250936484021],[-86.7736216897485,36.2509285470552],[-86.773621617925,36.2509284844278],[-86.7736006017161,36.2509097054178],[-86.7735957178112,36.2509053422068],[-86.7734055060286,36.2507353761352]]]},"properties":{"id":"135199","parcel":"05006010900","address":"3900 PATTON HILL RD","owner":"RODGERS, LINDA L. & SCOTT, CHARLES A., SR.","point":[-86.77365752681058,36.25077513065867]}},{"type":"Feature","id":"135221","geometry":{"type":"Polygon","coordinates":[[[-86.7769402093598,36.257659919624],[-86.7770324537992,36.2571818087606],[-86.7783599855864,36.2572684003284],[-86.778441360001,36.2567129818363],[-86.7785292033041,36.2561256561584],[-86.778671784203,36.2561390212833],[-86.7786182959118,36.2564942793069],[-86.7784424250577,36.2576502515629],[-86.7783656456317,36.2581210331799],[-86.7768779937443,36.2579823850843],[-86.7769402093598,36.257659919624]]]},"properties":{"id":"135221","parcel":"05000009400","address":"3550 BRICK CHURCH PIKE","owner":"FRY, CYNTHIA J & CARTHON, JOEL & JAMES, CASEY M","point":[-86.77847798164743,36.25694877207481]}},{"type":"Feature","id":"135294","geometry":{"type":"Polygon","coordinates":[[[-86.7757604540935,36.2519808336422],[-86.7757316149606,36.2518122170554],[-86.7760425504285,36.2518381374332],[-86.7766493777932,36.2518886863708],[-86.7766493870475,36.2518887223613],[-86.7766493929991,36.2518887619779],[-86.7766706991142,36.2520214057391],[-86.7766941643926,36.2521674939326],[-86.776702281907,36.2522161271092],[-86.7767157827623,36.2522970137496],[-86.7763455221962,36.2522699612875],[-86.7758035712619,36.252230359],[-86.7758035211577,36.2522303557167],[-86.7757994056248,36.2522072020732],[-86.7757604540935,36.2519808336422]]]},"properties":{"id":"135294","parcel":"05000008700","address":"3501 BRICK CHURCH PIKE","owner":"OWENS, FANNIE L.& MILES, LUCILLE","point":[-86.77623107266203,36.252093606381464]}},{"type":"Feature","id":"135444","geometry":{"type":"Polygon","coordinates":[[[-86.7782232880933,36.2507547104705],[-86.7783706531567,36.2510021134537],[-86.7783114465654,36.251024309542],[-86.7782513913229,36.2510449564154],[-86.7781905495445,36.2510640338454],[-86.7780732030808,36.250806311832],[-86.7781490121496,36.2507819739193],[-86.7782232880933,36.2507547104705]]]},"properties":{"id":"135444","parcel":"050020C06200CO","address":"2525 THORNTON GROVE BLVD","owner":"MCKAY, JEROME A. & TACI T.","point":[-86.7782150649998,36.25090420001193]}},{"type":"Feature","id":"135447","geometry":{"type":"Polygon","coordinates":[[[-86.7782232880933,36.2507547104705],[-86.7782958613115,36.2507245874706],[-86.7783665622224,36.2506916727072],[-86.7785425824909,36.2509264689945],[-86.7784906165246,36.2509511807629],[-86.7784377691774,36.2509746364408],[-86.7783706531567,36.2510021134537],[-86.7782232880933,36.2507547104705]]]},"properties":{"id":"135447","parcel":"050020C06300CO","address":"2529 THORNTON GROVE BLVD","owner":"TAYLOR, CAROLYN & DURSO, KYLE","point":[-86.77837632777187,36.25084057759826]}},{"type":"Feature","id":"135554","geometry":{"type":"Polygon","coordinates":[[[-86.7773066676951,36.2551296161276],[-86.7773067703097,36.2551249884698],[-86.778801739542,36.2552811185481],[-86.778671784203,36.2561390212833],[-86.7785292033041,36.2561256561584],[-86.7772545445967,36.2559973105992],[-86.7772688383687,36.2558792149204],[-86.777280190143,36.2557609110462],[-86.7772885959329,36.2556424449668],[-86.7772886062635,36.2556422502312],[-86.7772942086365,36.2555065000591],[-86.777304072635,36.2552309328872],[-86.7773066676951,36.2551296161276]]]},"properties":{"id":"135554","parcel":"05000001800","address":"3530 BRICK CHURCH PIKE","owner":"ADAMS, STEVEN G.","point":[-86.7780241563702,36.25557573712936]}},{"type":"Feature","id":"135725","geometry":{"type":"Polygon","coordinates":[[[-86.7752191889365,36.2540756961449],[-86.7756231272007,36.2540401399359],[-86.7756346207654,36.2541059923252],[-86.7756547718639,36.2542245354768],[-86.7752454773181,36.254266716963],[-86.7752191889365,36.2540756961449]]]},"properties":{"id":"135725","parcel":"05002003600","address":"3621 WILLOW CREEK CT","owner":"JOHNSON, DENNIS N. ET UX","point":[-86.77543805240562,36.254164876155905]}},{"type":"Feature","id":"135728","geometry":{"type":"Polygon","coordinates":[[[-86.7754978852142,36.2549984520821],[-86.7752959425286,36.2547103109882],[-86.7753157413054,36.2547001548851],[-86.7753337322618,36.2546879915875],[-86.7753496069619,36.2546740276581],[-86.7753630917897,36.2546585027826],[-86.7753739579187,36.2546416851988],[-86.7757142409734,36.2547559736902],[-86.7757151226948,36.2548460701108],[-86.7757152361615,36.2548460666787],[-86.775533042297,36.2549997919055],[-86.7755106439438,36.2550186905914],[-86.7754978852142,36.2549984520821]]]},"properties":{"id":"135728","parcel":"05002003900","address":"3633 WILLOW CREEK CT","owner":"ROBINSON & ROMERO  LIVING TRUST, THE","point":[-86.77553686480638,36.25480068654625]}},{"type":"Feature","id":"135731","geometry":{"type":"Polygon","coordinates":[[[-86.7754658092274,36.2550152994477],[-86.7751870373304,36.2549942271848],[-86.7750589241613,36.2549845458881],[-86.77516308376,36.2547199541297],[-86.7751851999203,36.2547246537424],[-86.7752079057168,36.2547268377954],[-86.775230766763,36.2547264640128],[-86.7752533458191,36.2547235397062],[-86.7752752094595,36.2547181208301],[-86.7752959425286,36.2547103109882],[-86.7754978852142,36.2549984520821],[-86.7755106439438,36.2550186905914],[-86.7754841086725,36.2550163509226],[-86.7754658092274,36.2550152994477]]]},"properties":{"id":"135731","parcel":"05002004000","address":"3636 WILLOW CREEK CT","owner":"MCCLAIN, LESTER & VIRGINIA","point":[-86.77525392365578,36.25485591834059]}},{"type":"Feature","id":"135734","geometry":{"type":"Polygon","coordinates":[[[-86.7746997618388,36.2545031602821],[-86.7750927624195,36.254465483259],[-86.775088649225,36.2544852325146],[-86.7750815650888,36.2545044213259],[-86.7750716161868,36.2545227561062],[-86.7750596171916,36.2545426415616],[-86.7750517949981,36.2545638484887],[-86.7750483632457,36.2545858068318],[-86.7750494129427,36.2546079229874],[-86.7750549149193,36.2546296032216],[-86.7750647232457,36.2546502617584],[-86.7747432971967,36.2547929399976],[-86.7747432318395,36.2547929701578],[-86.7747383906378,36.2547652283996],[-86.7747317355512,36.2547271150149],[-86.7747026925834,36.254531714599],[-86.7747007537782,36.2545132289528],[-86.7746996995732,36.2545031651875],[-86.7746997618388,36.2545031602821]]]},"properties":{"id":"135734","parcel":"05002004200","address":"3628 WILLOW CREEK CT","owner":"PANDORA PROPERTIES, LLC","point":[-86.77488385031155,36.254618446473216]}},{"type":"Feature","id":"135737","geometry":{"type":"Polygon","coordinates":[[[-86.7748024143301,36.2525203205936],[-86.7748024666684,36.2525203247643],[-86.7751011009432,36.2525445023313],[-86.775121065615,36.252920386069],[-86.7748634908109,36.2529396187504],[-86.7748024143301,36.2525203205936]]]},"properties":{"id":"135737","parcel":"05002005100","address":"1917 WESTCHESTER DR","owner":"KAUL, JOHN D.","point":[-86.77497216003,36.25273218295214]}},{"type":"Feature","id":"135740","geometry":{"type":"Polygon","coordinates":[[[-86.7744583925055,36.2531422160246],[-86.7744584835671,36.253142197416],[-86.7744854141877,36.253228457041],[-86.7744892977991,36.2532408909791],[-86.7740616754873,36.2533513147909],[-86.7740607225256,36.2533488740118],[-86.774059213725,36.2533450056142],[-86.7740473859609,36.2533125833406],[-86.7740473054062,36.2533118547483],[-86.7740461604694,36.2533022890436],[-86.7740461644184,36.2533022376473],[-86.7740466457891,36.2532952417928],[-86.7740480852727,36.2532868843259],[-86.7740510016123,36.2532787823646],[-86.7740544515241,36.2532714232171],[-86.7740608063985,36.2532623177703],[-86.774069204362,36.2532540229739],[-86.774080783521,36.2532459475287],[-86.7740938814926,36.2532395756215],[-86.774137298767,36.2532254335889],[-86.7741812284219,36.253212372457],[-86.7742294213434,36.2531983304732],[-86.7743213303616,36.2531740901128],[-86.7744140271554,36.2531519021786],[-86.7744583925055,36.2531422160246]]]},"properties":{"id":"135740","parcel":"05002005300","address":"3501 WESTCHESTER DR","owner":"KAUL, JOHN D.","point":[-86.77426316189198,36.25325034048415]}},{"type":"Feature","id":"135743","geometry":{"type":"Polygon","coordinates":[[[-86.7741603969417,36.2536258130084],[-86.7741593316718,36.253620988252],[-86.7744574187623,36.2535845449927],[-86.7745575327601,36.2535723069395],[-86.7745575386317,36.2535723384455],[-86.7745575445912,36.2535723789634],[-86.7745727025089,36.2536699985307],[-86.7745752163508,36.2536861868251],[-86.7745837791734,36.253741335975],[-86.7745846683532,36.2537490900057],[-86.7745866724623,36.2537654951626],[-86.7745865501575,36.2537655049591],[-86.7741827599386,36.2538032458904],[-86.7741764507401,36.2537682692913],[-86.7741739340126,36.2537329790928],[-86.7741710898017,36.2536913876755],[-86.7741652421184,36.2536500020589],[-86.7741624574812,36.2536354728833],[-86.7741614499901,36.2536306396456],[-86.7741603969417,36.2536258130084]]]},"properties":{"id":"135743","parcel":"05002005500","address":"3509 BROOKWAY DR","owner":"ALDERSON, EUGENE","point":[-86.77437317391048,36.25368878746027]}},{"type":"Feature","id":"135785","geometry":{"type":"Polygon","coordinates":[[[-86.7747316388453,36.2547271255487],[-86.7747317355512,36.2547271150149],[-86.7747383906378,36.2547652283996],[-86.7747432318395,36.2547929701578],[-86.7747491094366,36.254839084381],[-86.7743397446018,36.2548746697031],[-86.774322497986,36.2547692911809],[-86.7747316388453,36.2547271255487]]]},"properties":{"id":"135785","parcel":"05002006100","address":"3533 BROOKWAY DR","owner":"LARA, SALVADOR & OLIVA","point":[-86.77453809461653,36.254815635269495]}},{"type":"Feature","id":"135788","geometry":{"type":"Polygon","coordinates":[[[-86.7736918137306,36.2543755688683],[-86.7740902814618,36.2543356583525],[-86.7741193013817,36.2545288609253],[-86.7737207898011,36.2545643773334],[-86.7736947849275,36.2544019212052],[-86.7736918137306,36.2543755688683]]]},"properties":{"id":"135788","parcel":"05002006400","address":"3520 BROOKWAY DR","owner":"BROWN, MICHAEL ARNED LIVING IRREVOCABLE TRUST, THE","point":[-86.77390735452298,36.25446539184212]}},{"type":"Feature","id":"135791","geometry":{"type":"Polygon","coordinates":[[[-86.7736482855465,36.2540857643847],[-86.7740440595041,36.2540480684944],[-86.7740585512154,36.2541424722241],[-86.7737755336216,36.2541694269936],[-86.7736627734553,36.2541801681821],[-86.7736627640702,36.2541801186737],[-86.7736619866832,36.2541753731828],[-86.7736598891861,36.2541626060411],[-86.7736526492547,36.2541146763605],[-86.7736482855465,36.2540857643847]]]},"properties":{"id":"135791","parcel":"05002006600","address":"3514 BROOKWAY DR","owner":"LM1 HOLDINGS, LLC","point":[-86.77385132459965,36.254100600266426]}},{"type":"Feature","id":"135794","geometry":{"type":"Polygon","coordinates":[[[-86.7732648111914,36.2542717190648],[-86.7732593649439,36.2542511361113],[-86.773256889418,36.254230180858],[-86.7732574173962,36.2542091342841],[-86.7732641895093,36.254207992327],[-86.7736598891861,36.2541626060411],[-86.7736619866832,36.2541753731828],[-86.7736627640702,36.2541801186737],[-86.7736627734553,36.2541801681821],[-86.7736918137306,36.2543755688683],[-86.7736947849275,36.2544019212052],[-86.7733749767387,36.2544391306481],[-86.7733695865524,36.2544193936115],[-86.7733606939527,36.2544005054338],[-86.7733484887496,36.2543828740651],[-86.7733332327772,36.2543668763519],[-86.7733147296347,36.2543504019307],[-86.7732984708818,36.2543324432106],[-86.773284633159,36.2543131991388],[-86.7732733720972,36.2542928823154],[-86.7732648111914,36.2542717190648]]]},"properties":{"id":"135794","parcel":"05002007300","address":"3415 MEADOW CT","owner":"BECK, CARSON W. BILL","point":[-86.77348007522279,36.254303421653475]}},{"type":"Feature","id":"135845","geometry":{"type":"Polygon","coordinates":[[[-86.7762867016311,36.2539212643895],[-86.7765807757103,36.253887021793],[-86.7765807994204,36.2538871703463],[-86.7766145431977,36.2540902476221],[-86.776648535678,36.2542950680916],[-86.7765196048881,36.2543073515682],[-86.7762527617346,36.2543327734109],[-86.7762349981218,36.2542299588913],[-86.776218926296,36.2541369552808],[-86.7761837308356,36.2539332527515],[-86.7762867016311,36.2539212643895]]]},"properties":{"id":"135845","parcel":"05002008900","address":"3717 WILLOW CREEK RD","owner":"ECHEVARRIA, LEODAN ARMAS","point":[-86.7764166538289,36.2541136014639]}},{"type":"Feature","id":"135918","geometry":{"type":"Polygon","coordinates":[[[-86.7795066752044,36.2511023032169],[-86.7795931034927,36.2508363967276],[-86.779757085453,36.2508713632399],[-86.7796706576766,36.2511372698436],[-86.7795066752044,36.2511023032169]]]},"properties":{"id":"135918","parcel":"050020C10700CO","address":"2620 THORNTON GROVE BLVD","owner":"WOODS, BRANDY D","point":[-86.77963188051186,36.25098683329567]}},{"type":"Feature","id":"135921","geometry":{"type":"Polygon","coordinates":[[[-86.7791709051225,36.2510761751902],[-86.7790699665722,36.2508277411152],[-86.7791178218745,36.2508163751374],[-86.7791664922989,36.2508075652293],[-86.7792157690313,36.2508013487866],[-86.7792654409355,36.2507977533064],[-86.7793152967515,36.2507967936695],[-86.7793651251039,36.2507984730417],[-86.7793369706009,36.2510890978442],[-86.7791709051225,36.2510761751902]]]},"properties":{"id":"135921","parcel":"050020C10900CO","address":"2612 THORNTON GROVE BLVD","owner":"KIMBALL, AARON & DONNA","point":[-86.77923532541375,36.25095217024275]}},{"type":"Feature","id":"135924","geometry":{"type":"Polygon","coordinates":[[[-86.777865163181,36.2512766442072],[-86.7779484068422,36.2512635457844],[-86.7780309675093,36.2512478633199],[-86.778111175975,36.2515147775026],[-86.778017662779,36.2515323925203],[-86.7779234342018,36.2515472993171],[-86.777865163181,36.2512766442072]]]},"properties":{"id":"135924","parcel":"050020C11000CO","address":"2520 THORNTON GROVE BLVD","owner":"TISDALE, KATHLEEN SUSAN","point":[-86.77798310176854,36.25139570151365]}},{"type":"Feature","id":"135927","geometry":{"type":"Polygon","coordinates":[[[-86.7776969691879,36.2512954985891],[-86.7777469743776,36.2512906776971],[-86.7778061864185,36.251284309558],[-86.777865163181,36.2512766442072],[-86.7779234342018,36.2515472993171],[-86.7778304941693,36.251559265087],[-86.777737095432,36.2515685975898],[-86.7776969691879,36.2512954985891]]]},"properties":{"id":"135927","parcel":"050020C11100CO","address":"2516 THORNTON GROVE BLVD","owner":"KEMPER, MOLLY ROSE","point":[-86.77780590224297,36.25142139102196]}},{"type":"Feature","id":"135930","geometry":{"type":"Polygon","coordinates":[[[-86.777528593588,36.2513117276705],[-86.7776969691879,36.2512954985891],[-86.777737095432,36.2515685975898],[-86.7775688838271,36.2515859495221],[-86.777528593588,36.2513117276705]]]},"properties":{"id":"135930","parcel":"050020C11200CO","address":"2512 THORNTON GROVE BLVD","owner":"BAL, SATWANT S. & SURINDER K.","point":[-86.7776328442469,36.25144016267618]}},{"type":"Feature","id":"135933","geometry":{"type":"Polygon","coordinates":[[[-86.777360211261,36.2513279583626],[-86.777528593588,36.2513117276705],[-86.7775688838271,36.2515859495221],[-86.7774002874822,36.251600725227],[-86.777360211261,36.2513279583626]]]},"properties":{"id":"135933","parcel":"050020C11300CO","address":"2508 THORNTON GROVE BLVD","owner":"HAJI, GHARIB AWNI","point":[-86.77746454745397,36.25145695398879]}},{"type":"Feature","id":"135936","geometry":{"type":"Polygon","coordinates":[[[-86.7768290020135,36.2511437558826],[-86.7768278593205,36.2511376293409],[-86.7768029183951,36.2509483664548],[-86.776781180326,36.2508083117925],[-86.7767631886892,36.2506679094882],[-86.7767489507854,36.2505272252877],[-86.7767384727938,36.2503863240423],[-86.7767201673986,36.2503870563694],[-86.7767264761379,36.2502843835646],[-86.7767370319839,36.2501819394076],[-86.7767518238119,36.2500798393285],[-86.7767708327091,36.249978198807],[-86.7767940386326,36.2498771315269],[-86.7768214159774,36.2497767512078],[-86.7768529335665,36.249677170703],[-86.7768885557735,36.2495785028944],[-86.7769282424955,36.2494808579884],[-86.7769719480587,36.2493843453257],[-86.7770196245648,36.2492890742609],[-86.7770712196482,36.2491951523746],[-86.7771266720081,36.2491026836996],[-86.777185922579,36.2490117731554],[-86.7772489022562,36.2489225230219],[-86.7772713176224,36.2488919599075],[-86.7773065804615,36.2488438776947],[-86.7780328358643,36.2489314991015],[-86.782760616216,36.2493745665311],[-86.7827087957928,36.2497374220485],[-86.7826823060486,36.2497288317147],[-86.782654639155,36.249723177155],[-86.7826262890253,36.2497205597139],[-86.7825977601469,36.2497210247909],[-86.7825695631579,36.249724564572],[-86.7825422003742,36.2497311172231],[-86.7825161590879,36.2497405642291],[-86.7824919038594,36.249752738555],[-86.7824698675809,36.2497674210989],[-86.781796692655,36.2495513875845],[-86.781504046747,36.2494970546457],[-86.7812862096843,36.2494737818656],[-86.7806174177302,36.2494399944562],[-86.7803878084044,36.2493967658815],[-86.7800427371334,36.249295609311],[-86.7797467439645,36.2499157515424],[-86.7798364373687,36.2499438386568],[-86.7797588754658,36.2502133499508],[-86.7800293894775,36.2502644241814],[-86.7803510922608,36.2504358091265],[-86.7808048771944,36.25054892306],[-86.7810965544883,36.2505041618669],[-86.7815329493024,36.2506187148331],[-86.7816723479076,36.2505939877044],[-86.7819747665766,36.2507242601147],[-86.7817702022721,36.2510358104107],[-86.7815586761826,36.2509586693592],[-86.781404056773,36.2509022806642],[-86.7812494375921,36.2508458926715],[-86.7810948186313,36.2507895044801],[-86.7809403588586,36.2507328753305],[-86.7808527400422,36.2507023756042],[-86.780764022083,36.2506740350964],[-86.7806748007995,36.2506480211918],[-86.7805846541859,36.2506241915151],[-86.7805165038567,36.2506077685305],[-86.7804479140952,36.2505925938703],[-86.7804069055597,36.2505838498777],[-86.7802429138674,36.2505488816055],[-86.7800789323511,36.2505139148481],[-86.7799149509883,36.2504789487689],[-86.7797514915348,36.2504423902002],[-86.7795789712445,36.2503726419482],[-86.7793415658971,36.2503489250266],[-86.7791090316739,36.250364115531],[-86.7788799236077,36.250430406767],[-86.7786753871387,36.2505214433846],[-86.7786246061387,36.2505463458533],[-86.7785753146725,36.2505731412356],[-86.7785276211993,36.2506017702531],[-86.7785016981437,36.2506177812123],[-86.7784352268967,36.2506560429446],[-86.7783665622224,36.2506916727072],[-86.7782958613115,36.2507245874706],[-86.7782232880933,36.2507547104705],[-86.7781490121496,36.2507819739193],[-86.7780732030808,36.250806311832],[-86.7781905495445,36.2510640338454],[-86.7780999834448,36.2510891436503],[-86.7780080579385,36.2511107761157],[-86.7779149795161,36.2511288821429],[-86.7778451367636,36.2508662703225],[-86.7776767554388,36.2508825005567],[-86.777508374054,36.2508987314573],[-86.7773399925914,36.250914961222],[-86.7773800696557,36.2511877290203],[-86.7771948494537,36.2512055819101],[-86.7771001344548,36.2511815158611],[-86.7769222021614,36.2511986662536],[-86.7769083787155,36.2511990777846],[-86.7768946575476,36.2511976636308],[-86.7768814017632,36.2511944611126],[-86.7768689660439,36.2511895562718],[-86.7768576798957,36.2511830776711],[-86.7768478454502,36.2511751991112],[-86.7768397229035,36.2511661298117],[-86.7768335293766,36.2511561117135],[-86.7768309071381,36.2511500199193],[-86.7768290020135,36.2511437558826]]]},"properties":{"id":"135936","parcel":"050020C90500CO","address":"2501 THORNTON GROVE BLVD","owner":"THORNTON GROVE HOMEOWNERS ASSOCIATION, INC","point":[-86.77828581270258,36.25003185421546]}},{"type":"Feature","id":"136082","geometry":{"type":"Polygon","coordinates":[[[-86.7760408874688,36.2497214716962],[-86.7760464062323,36.2497213470263],[-86.7760803883066,36.2497215586527],[-86.7760990826227,36.2497218116905],[-86.7761262258474,36.2497230108382],[-86.7761262300411,36.2497230982323],[-86.7761317341304,36.2499045524882],[-86.7762201370723,36.2502066460052],[-86.7762201576818,36.2502067053551],[-86.77607189706,36.2502705639008],[-86.7760718799649,36.2502705225532],[-86.7760220352167,36.2501485803834],[-86.7758550786173,36.2497401356611],[-86.7759097759917,36.2497315425108],[-86.7759158913315,36.2497307543026],[-86.7759159569487,36.2497307511774],[-86.7759159946891,36.2497307419226],[-86.7759220136466,36.2497299966917],[-86.7759220458769,36.2497299928798],[-86.7759220881118,36.2497299881023],[-86.775928138425,36.2497292633984],[-86.7759281873267,36.2497292576769],[-86.7759342679713,36.2497285625191],[-86.7759404000779,36.2497278958703],[-86.7759465502948,36.2497272606487],[-86.7759526819591,36.249726662497],[-86.7759588172875,36.2497260976677],[-86.7759649673883,36.2497255642868],[-86.7759711211622,36.2497250651295],[-86.7760037375792,36.2497229621321],[-86.7760408874688,36.2497214716962]]]},"properties":{"id":"136082","parcel":"05006007700","address":"3805 NORTHBROOK DR","owner":"BRACKS, BOBBY & LEANTIN & LOCKRIDGE-BRACKS, DENINA","point":[-86.77606978466184,36.25002655315949]}},{"type":"Feature","id":"136083","geometry":{"type":"Polygon","coordinates":[[[-86.774851518802,36.2503267410264],[-86.775032014935,36.2501948286172],[-86.775445320798,36.2505712080277],[-86.7754453544762,36.250571238454],[-86.7754453825385,36.2505712635088],[-86.7752757850774,36.2507075046757],[-86.7752756695698,36.2507074125883],[-86.774851518802,36.2503267410264]]]},"properties":{"id":"136083","parcel":"05006008200","address":"3825 NORTHBROOK DR","owner":"WOODLEY, SHERMONA","point":[-86.77514940349461,36.25044897674494]}},{"type":"Feature","id":"136084","geometry":{"type":"Polygon","coordinates":[[[-86.7738216817536,36.2504465204725],[-86.7740991906076,36.2502469578612],[-86.7743126608241,36.2504356828849],[-86.7743207523055,36.2504441153713],[-86.7743271347301,36.2504534618595],[-86.7743316523293,36.2504634953325],[-86.7743341970446,36.2504739749489],[-86.7743347074329,36.2504846478519],[-86.7743331698406,36.2504952554712],[-86.7743296240551,36.2505055424989],[-86.7743241522138,36.2505152605653],[-86.7743168888791,36.2505241744837],[-86.7743129967164,36.2505279350961],[-86.774303925963,36.2505349841998],[-86.7743027861434,36.2505357377369],[-86.7742302951367,36.2505866027113],[-86.7741771446595,36.2506238971136],[-86.7740899067064,36.2506854398342],[-86.7738216817536,36.2504465204725]]]},"properties":{"id":"136084","parcel":"05006008500","address":"3744 RIDGE TOP DR","owner":"COOPER, DAMEON","point":[-86.77408925631804,36.25046827523108]}},{"type":"Feature","id":"136102","geometry":{"type":"Polygon","coordinates":[[[-86.7735858315545,36.2512312017729],[-86.7737744463536,36.2510973142611],[-86.7742334011691,36.2515226296689],[-86.7742168659286,36.2515357928864],[-86.7740597506003,36.2516608200989],[-86.7735858315545,36.2512312017729]]]},"properties":{"id":"136102","parcel":"05006010300","address":"3853 NORTHBROOK DR","owner":"MALONE, LOGAN","point":[-86.77391136606745,36.25137691946678]}},{"type":"Feature","id":"136103","geometry":{"type":"Polygon","coordinates":[[[-86.7739090477691,36.2508148837067],[-86.7736353135789,36.2505674833446],[-86.7736346306296,36.2505669379567],[-86.773613964038,36.2503933449851],[-86.7736139424454,36.2503931847014],[-86.7736179862374,36.2503992575495],[-86.7736232359904,36.2504071350838],[-86.773657431615,36.2504139215253],[-86.7738216817536,36.2504465204725],[-86.7740899067064,36.2506854398342],[-86.7741771446595,36.2506238971136],[-86.7741622448399,36.2506345119376],[-86.7741621873709,36.2506345519608],[-86.7739090477691,36.2508148837067]]]},"properties":{"id":"136103","parcel":"05006011000","address":"3836 NORTHBROOK DR","owner":"SFR JV-2 DDTL BORROWER LLC  C/O TRICON AMERICAN HOMES","point":[-86.7738276726823,36.250595542038944]}},{"type":"Feature","id":"136941","geometry":{"type":"Polygon","coordinates":[[[-86.77560617129,36.2498120571572],[-86.7759664954755,36.2503140546121],[-86.7759665069898,36.2503140941931],[-86.7758503322201,36.2503642862678],[-86.7758502805723,36.2503642388334],[-86.7753876669725,36.2499409203126],[-86.7754383381175,36.2499044974609],[-86.7754917952058,36.2498707883871],[-86.7755478159539,36.2498399324053],[-86.77560617129,36.2498120571572]]]},"properties":{"id":"136941","parcel":"05006007900","address":"3813 NORTHBROOK DR","owner":"GRAY, REBA N","point":[-86.77571208329253,36.250127553444266]}},{"type":"Feature","id":"136945","geometry":{"type":"Polygon","coordinates":[[[-86.7752098449456,36.2500684243353],[-86.7753876669725,36.2499409203126],[-86.7758502805723,36.2503642388334],[-86.7758503322201,36.2503642862678],[-86.7756314838648,36.2504579907845],[-86.7756314501953,36.2504579612594],[-86.7756314176296,36.2504579308261],[-86.7752098449456,36.2500684243353]]]},"properties":{"id":"136945","parcel":"05006008000","address":"3817 NORTHBROOK DR","owner":"LOCKETT, JAMES JR. & WILSON, LATRICIA","point":[-86.7755292857668,36.25021633055584]}},{"type":"Feature","id":"136957","geometry":{"type":"Polygon","coordinates":[[[-86.7742230876636,36.2501538645868],[-86.7744870821232,36.2499598825562],[-86.7747608088229,36.2502064573445],[-86.7745587502554,36.2503527941449],[-86.7745471446141,36.2503597054043],[-86.7745342391401,36.250364886489],[-86.7745204217257,36.2503681789964],[-86.7745061075652,36.2503694856338],[-86.7744917313225,36.2503687657625],[-86.7744777249396,36.2503660418487],[-86.7744645120301,36.2503613949932],[-86.7744524923197,36.2503549668338],[-86.774442027085,36.2503469497245],[-86.7742230876636,36.2501538645868]]]},"properties":{"id":"136957","parcel":"05006009400","address":"3828 NORTHBROOK DR","owner":"CAREY, LLADALE O.","point":[-86.77449225620725,36.25018016184824]}},{"type":"Feature","id":"136969","geometry":{"type":"Polygon","coordinates":[[[-86.772962835975,36.2515467021094],[-86.7730394991465,36.2515231144995],[-86.7731145953612,36.251496423059],[-86.7731879316562,36.2514666948165],[-86.7735607291827,36.2520299176279],[-86.7732490100343,36.2522000296466],[-86.772962835975,36.2515467021094]]]},"properties":{"id":"136969","parcel":"05007012300","address":"3865 NORTHBROOK DR","owner":"SMITH, SHETEKA D.","point":[-86.77323474414526,36.251788258993756]}},{"type":"Feature","id":"136972","geometry":{"type":"Polygon","coordinates":[[[-86.772728322633,36.2515998435592],[-86.7729311877491,36.2523733684958],[-86.772931146801,36.2523733912889],[-86.772922595857,36.2523782099776],[-86.7729167409758,36.252381427028],[-86.7729151317073,36.2523823106301],[-86.7729150243521,36.2523823698978],[-86.7725260690673,36.2523532686399],[-86.7725258893855,36.2523499027316],[-86.7724870782034,36.251623637028],[-86.7725679591331,36.251619042665],[-86.7726484447195,36.2516111044468],[-86.772728322633,36.2515998435592]]]},"properties":{"id":"136972","parcel":"05007012500","address":"3873 NORTHBROOK DR","owner":"KNOX, DAVID & RACHEL","point":[-86.77266822129071,36.25198707736264]}},{"type":"Feature","id":"136974","geometry":{"type":"Polygon","coordinates":[[[-86.7723164257473,36.2516207119837],[-86.7723180444513,36.2516073217282],[-86.7723739000804,36.2516157951073],[-86.7724303282018,36.2516212420192],[-86.7724870782034,36.251623637028],[-86.7725258893855,36.2523499027316],[-86.7725260690673,36.2523532686399],[-86.7724429749113,36.2523470882956],[-86.7722455283952,36.2523265104773],[-86.7722429905316,36.2523263058919],[-86.7722378040538,36.2523244653482],[-86.7722379873236,36.2523214621247],[-86.772238103446,36.2523195615549],[-86.7722383049324,36.2523162580998],[-86.7722386013465,36.2523113912766],[-86.772242139379,36.2522533301898],[-86.772242853075,36.252241612127],[-86.7722433605646,36.2522332840691],[-86.7722434948154,36.2522310742558],[-86.7722439734997,36.2522232159314],[-86.7722441126377,36.2522209366909],[-86.7722443630017,36.2522168254064],[-86.7722448582872,36.2522127269766],[-86.7722453535462,36.2522086258432],[-86.7722459837622,36.252203415314],[-86.7722463452032,36.2522004262728],[-86.7722592743813,36.2520934711156],[-86.7722613976823,36.2520759084712],[-86.772265177755,36.2520446353879],[-86.7722655206773,36.2520418014793],[-86.7722668078463,36.2520311558387],[-86.7722671559189,36.2520282795386],[-86.7722684379544,36.2520176780919],[-86.7722712737759,36.2519942167399],[-86.7722748366343,36.251964747537],[-86.7722755368339,36.2519589543546],[-86.7722758117385,36.2519566769498],[-86.7722767183868,36.251949117807],[-86.7722767977997,36.2519484747106],[-86.7722772964197,36.2519443762589],[-86.7722777939271,36.2519402778144],[-86.7722875958037,36.2518591948941],[-86.7722903832885,36.2518361412129],[-86.772291651916,36.2518256489019],[-86.7722926126253,36.2518177000746],[-86.7723156349297,36.2516272537809],[-86.7723164257473,36.2516207119837]]]},"properties":{"id":"136974","parcel":"05007012600","address":"3877 NORTHBROOK DR","owner":"CHATMAN, ANNA M.","point":[-86.77238958657901,36.251979703919346]}},{"type":"Feature","id":"137006","geometry":{"type":"Polygon","coordinates":[[[-86.772231957352,36.2542266803117],[-86.7726610802967,36.2541305391059],[-86.7726714754767,36.2542227719466],[-86.7726918171768,36.2543610912839],[-86.772282614506,36.2544131551074],[-86.7722689632645,36.2543504399318],[-86.7722520667991,36.2542882447845],[-86.772231957352,36.2542266803117]]]},"properties":{"id":"137006","parcel":"05003000700","address":"3305 BROOKDALE DR","owner":"M & J PARTNERSHIP","point":[-86.77245935542527,36.254257876168474]}},{"type":"Feature","id":"137009","geometry":{"type":"Polygon","coordinates":[[[-86.7712291765946,36.2547105856884],[-86.7713093232779,36.2546336358509],[-86.7714334643675,36.2547227029754],[-86.7712291765946,36.2547105856884]]]},"properties":{"id":"137009","parcel":"05003001400","address":"0 WESTCHESTER DR","owner":"VEJDANI-JAHROMI, HASSAN & MANSOOR","point":[-86.7713162247866,36.25467220058886]}},{"type":"Feature","id":"137010","geometry":{"type":"Polygon","coordinates":[[[-86.7726656135361,36.2533109231438],[-86.7727924050949,36.2532534932946],[-86.772972515286,36.2535143488522],[-86.7729910491566,36.2535411901674],[-86.7727869856065,36.2536336204589],[-86.7725793242718,36.2533500076862],[-86.7726656135361,36.2533109231438]]]},"properties":{"id":"137010","parcel":"05003002400","address":"1813 WESTCHESTER DR","owner":"HAJI, MOHAMED & KHAMIS, BAKAR ET AL","point":[-86.77277763143036,36.25343218168224]}},{"type":"Feature","id":"137011","geometry":{"type":"Polygon","coordinates":[[[-86.7741328230312,36.2508431174404],[-86.7743183755348,36.2507081473485],[-86.7747654811833,36.2511090228036],[-86.7747655608668,36.25110909259],[-86.7746621842199,36.2511885036776],[-86.7745884971313,36.2512451066516],[-86.7741328230312,36.2508431174404]]]},"properties":{"id":"137011","parcel":"05006010000","address":"3841 NORTHBROOK DR","owner":"CAMACHOS, JONATHAN","point":[-86.77445036294768,36.250976072823825]}},{"type":"Feature","id":"137013","geometry":{"type":"Polygon","coordinates":[[[-86.7725707926908,36.2496287359009],[-86.7726205228105,36.2496253383468],[-86.77262212872,36.2496400977179],[-86.7726315797741,36.2497100759103],[-86.7726440609563,36.2497797418184],[-86.7726595591924,36.2498490090052],[-86.7726780536376,36.2499177928857],[-86.7726995223164,36.2499860070794],[-86.7727252675189,36.2500570076118],[-86.7727542349042,36.250127189926],[-86.7727863834685,36.250196456046],[-86.7728216700348,36.2502647134172],[-86.7724656461452,36.2503966110433],[-86.7724907508742,36.2502132756764],[-86.7724931877984,36.2501954793918],[-86.7724945641315,36.2501854261932],[-86.7725561307832,36.2497358049955],[-86.7725698100099,36.2496359089026],[-86.7725707926908,36.2496287359009]]]},"properties":{"id":"137013","parcel":"05007013300","address":"3917 PATTON HILL RD","owner":"SRAM PACK I-C, LLC","point":[-86.77261472769133,36.25002132174273]}},{"type":"Feature","id":"137014","geometry":{"type":"Polygon","coordinates":[[[-86.7739516164118,36.2509717398565],[-86.7741328230312,36.2508431174404],[-86.7745884971313,36.2512451066516],[-86.7745244194542,36.2512944479192],[-86.7744089706147,36.2513834217911],[-86.7744087432268,36.2513836089054],[-86.7739516164118,36.2509717398565]]]},"properties":{"id":"137014","parcel":"05006010100","address":"3845 NORTHBROOK DR","owner":"WYNNS, ALISON REGINA & ROBERT AUSTIN","point":[-86.77426843939068,36.2511084206266]}},{"type":"Feature","id":"137015","geometry":{"type":"Polygon","coordinates":[[[-86.7728585758862,36.2499423535946],[-86.7733267248265,36.2498406770021],[-86.7733282747111,36.2498461439618],[-86.7733765887153,36.250015891967],[-86.77337622826,36.2500160114363],[-86.7729653174667,36.2501919182758],[-86.7729475891764,36.2501559809017],[-86.7729216256401,36.2501033510338],[-86.7728983501253,36.2500503533797],[-86.7728773473795,36.2499967373467],[-86.7728586447076,36.2499425649475],[-86.7728585758862,36.2499423535946]]]},"properties":{"id":"137015","parcel":"05007013700","address":"3916 PATTON HILL RD","owner":"L&L TN R, LLC","point":[-86.773113340967,36.25003313722872]}},{"type":"Feature","id":"137018","geometry":{"type":"Polygon","coordinates":[[[-86.7737744463536,36.2510973142611],[-86.7739516164118,36.2509717398565],[-86.7744087432268,36.2513836089054],[-86.7742340767564,36.2515220782831],[-86.7742334011691,36.2515226296689],[-86.7737744463536,36.2510973142611]]]},"properties":{"id":"137018","parcel":"05006010200","address":"3849 NORTHBROOK DR","owner":"JENNINGS, MAURICE & KERI PARKER","point":[-86.77408939065896,36.25124045784201]}},{"type":"Feature","id":"137023","geometry":{"type":"Polygon","coordinates":[[[-86.7731879316562,36.2514666948165],[-86.7732372321466,36.2514445754626],[-86.7732904085219,36.2514188452218],[-86.7733422843681,36.251391429838],[-86.7733927788657,36.251362371288],[-86.7738348912201,36.2518396573213],[-86.7738349204652,36.2518396895789],[-86.7737454041387,36.2519089657885],[-86.7736558949515,36.2519781914139],[-86.7736558651301,36.251978214136],[-86.7736558241824,36.2519782369293],[-86.7735607291827,36.2520299176279],[-86.7731879316562,36.2514666948165]]]},"properties":{"id":"137023","parcel":"05006010500","address":"3861 NORTHBROOK DR","owner":"COLLIER, KEITH ORLANDA","point":[-86.77348676463228,36.25165312984123]}},{"type":"Feature","id":"137027","geometry":{"type":"Polygon","coordinates":[[[-86.7734673340336,36.2501796057534],[-86.7734673816472,36.2501795820162],[-86.7735240826503,36.2502620066944],[-86.7735516768001,36.2503021022633],[-86.7735567980884,36.2503097012366],[-86.7735764445876,36.2503387596384],[-86.7735763627026,36.2503388061263],[-86.7732161836497,36.2505511048833],[-86.7732161555178,36.2505510726184],[-86.7731629649291,36.250489615385],[-86.7731130650291,36.2504263733312],[-86.7730665448525,36.2503614630537],[-86.7734673340336,36.2501796057534]]]},"properties":{"id":"137027","parcel":"05006010700","address":"3908 PATTON HILL RD","owner":"BRYANT, TYREE & BAILEY, CARLOS LAMONT JR","point":[-86.77328570347221,36.25039428961716]}},{"type":"Feature","id":"137045","geometry":{"type":"Polygon","coordinates":[[[-86.772728322633,36.2515998435592],[-86.7728075990715,36.2515854402132],[-86.7728858416272,36.251567711519],[-86.772962835975,36.2515467021094],[-86.7732490100343,36.2522000296466],[-86.7730720994338,36.2522965829531],[-86.7729312286972,36.2523733457027],[-86.7729311877491,36.2523733684958],[-86.772728322633,36.2515998435592]]]},"properties":{"id":"137045","parcel":"05007012400","address":"3869 NORTHBROOK DR","owner":"JOHNSON, CLOVALYN E.","point":[-86.77296230133975,36.25189988685662]}},{"type":"Feature","id":"137078","geometry":{"type":"Polygon","coordinates":[[[-86.7727195951506,36.2545663869188],[-86.7726963445462,36.2544083101546],[-86.7730383755006,36.2544237039594],[-86.7730334706494,36.2544442531057],[-86.7730323748976,36.254465163616],[-86.7730351138078,36.2544859756915],[-86.7730416261456,36.2545062291868],[-86.773051768479,36.2545254789025],[-86.7730653174648,36.2545433008782],[-86.7730467839688,36.2545613641602],[-86.7727541416862,36.2548085065157],[-86.7727195951506,36.2545663869188]]]},"properties":{"id":"137078","parcel":"05003000200","address":"3412 MEADOW CT","owner":"M&J PARTNERSHIP","point":[-86.77281699871087,36.25468759892851]}},{"type":"Feature","id":"137082","geometry":{"type":"Polygon","coordinates":[[[-86.7719309110878,36.2545186879512],[-86.7721220494068,36.2545031819736],[-86.7721522982188,36.2547653368561],[-86.7717191063895,36.2547396447489],[-86.7717079753524,36.2546124112556],[-86.7719309110878,36.2545186879512]]]},"properties":{"id":"137082","parcel":"05003001000","address":"3304 BROOKDALE DR","owner":"M & J PARTNERSHIP","point":[-86.7719278142054,36.25467643673139]}},{"type":"Feature","id":"137085","geometry":{"type":"Polygon","coordinates":[[[-86.7714625613124,36.2544876164856],[-86.7714907957589,36.2544610648609],[-86.7717079753524,36.2546124112556],[-86.7717191063895,36.2547396447489],[-86.7714334643675,36.2547227029754],[-86.7713093232779,36.2546336358509],[-86.7714370428739,36.2545141498622],[-86.7714625613124,36.2544876164856]]]},"properties":{"id":"137085","parcel":"05003001300","address":"1704 WESTCHESTER DR","owner":"ROBINSON & ROMERO LIVING TRUST","point":[-86.77151128087907,36.25456316369961]}},{"type":"Feature","id":"137089","geometry":{"type":"Polygon","coordinates":[[[-86.7708040596604,36.2546857138746],[-86.7708990459539,36.2542967250205],[-86.7712158892201,36.2545122657295],[-86.7710201707428,36.2546983431478],[-86.7708040596604,36.2546857138746]]]},"properties":{"id":"137089","parcel":"05003001500","address":"1701 WESTCHESTER DR","owner":"TOWNSEND, SANTWON","point":[-86.77096514176522,36.254404318743866]}},{"type":"Feature","id":"137093","geometry":{"type":"Polygon","coordinates":[[[-86.7710548406418,36.2540407234186],[-86.7712646152838,36.2539427755474],[-86.7715535874484,36.2542222239962],[-86.7715062815239,36.254253769546],[-86.7714610361867,36.2542872414019],[-86.7714179729616,36.2543225495673],[-86.7713772033338,36.2543596014054],[-86.7709783362168,36.2540764800465],[-86.7709783059644,36.2540764586096],[-86.7710548406418,36.2540407234186]]]},"properties":{"id":"137093","parcel":"05003001700","address":"1709 WESTCHESTER DR","owner":"HERITAGE ESTATE, LLC","point":[-86.77127957618478,36.25414937839888]}},{"type":"Feature","id":"137097","geometry":{"type":"Polygon","coordinates":[[[-86.7724132844857,36.250819472013],[-86.7724200433577,36.2507635596056],[-86.7724216970282,36.2507498789201],[-86.7724267321383,36.2507082199366],[-86.7724301548932,36.2506799142216],[-86.7729275874708,36.2504548290138],[-86.7729286715786,36.2504565768068],[-86.7729668047396,36.2505160585043],[-86.773006862534,36.250574703235],[-86.7730488167627,36.2506324715224],[-86.7726455518576,36.2508325844593],[-86.772613117925,36.2508105409733],[-86.7724954651251,36.2508486526252],[-86.7724065244915,36.2508753844264],[-86.7724132844857,36.250819472013]]]},"properties":{"id":"137097","parcel":"05007013100","address":"3909 PATTON HILL RD","owner":"HOLT, RICHARD T. & TERRACE L.","point":[-86.77274183453493,36.25065619773406]}},{"type":"Feature","id":"137117","geometry":{"type":"Polygon","coordinates":[[[-86.774128817868,36.255497577167],[-86.7742226063163,36.2554842236405],[-86.7742339354359,36.2555364142959],[-86.7741401469365,36.2555497687321],[-86.774128817868,36.255497577167]]]},"properties":{"id":"137117","parcel":"050020A28000CO","address":"3608 BROOKWAY DR","owner":"MUTHIAH, SARASWATHI SINDHU & MUTHU, SHANKARAKAILASAM","point":[-86.77418137660442,36.25551699574291]}},{"type":"Feature","id":"137118","geometry":{"type":"Polygon","coordinates":[[[-86.7742159946289,36.2558906196994],[-86.7743076344243,36.2558775709807],[-86.7743192748046,36.2559311989175],[-86.7742276338276,36.2559442467508],[-86.7742159946289,36.2558906196994]]]},"properties":{"id":"137118","parcel":"050020A28600CO","address":"3620 BROOKWAY DR","owner":"MOGHADOM, HASSAN & MICHELLE","point":[-86.77426763452874,36.255910909319255]}},{"type":"Feature","id":"137121","geometry":{"type":"Polygon","coordinates":[[[-86.7742276338276,36.2559442467508],[-86.7743192748046,36.2559311989175],[-86.7743309664306,36.2559850590455],[-86.7742393253933,36.2559981068874],[-86.7742276338276,36.2559442467508]]]},"properties":{"id":"137121","parcel":"050020A28700CO","address":"3622 BROOKWAY DR","owner":"JOHN, CODY","point":[-86.77427930011577,36.25596465290929]}},{"type":"Feature","id":"137123","geometry":{"type":"Polygon","coordinates":[[[-86.7745869791686,36.2556927952758],[-86.7746865457968,36.2556791592119],[-86.7746979409347,36.2557337440097],[-86.774598375335,36.2557473782732],[-86.7745869791686,36.2556927952758]]]},"properties":{"id":"137123","parcel":"050020A30500CO","address":"3615 BROOKWAY DR","owner":"SABER, MEGAN LOANN","point":[-86.77464246031231,36.25571326965611]}},{"type":"Feature","id":"137125","geometry":{"type":"Polygon","coordinates":[[[-86.7745756495147,36.2556385263848],[-86.7746752160766,36.2556248903301],[-86.7746865457968,36.2556791592119],[-86.7745869791686,36.2556927952758],[-86.7745756495147,36.2556385263848]]]},"properties":{"id":"137125","parcel":"050020A30600CO","address":"3613 BROOKWAY DR","owner":"SHELTON, AARON","point":[-86.77463109764146,36.25565884281119]}},{"type":"Feature","id":"137127","geometry":{"type":"Polygon","coordinates":[[[-86.7744841861364,36.255305169521],[-86.7744918934955,36.2552248118998],[-86.7745586607753,36.2552290136308],[-86.7745509534835,36.2553093712561],[-86.7744841861364,36.255305169521]]]},"properties":{"id":"137127","parcel":"050020A30900CO","address":"1247 HAVENBROOK DR","owner":"MAKRIS HOSPITALITY GROUP, LLC","point":[-86.77452142347379,36.25526709158187]}},{"type":"Feature","id":"137129","geometry":{"type":"Polygon","coordinates":[[[-86.7745509534835,36.2553093712561],[-86.7745586607753,36.2552290136308],[-86.7746269601447,36.2552333109489],[-86.7746192529217,36.2553136685785],[-86.7745509534835,36.2553093712561]]]},"properties":{"id":"137129","parcel":"050020A31000CO","address":"1245 HAVENBROOK DR","owner":"ARONOV, EKATERINA & ORIN, DIMITRY","point":[-86.77458895683236,36.25527134110871]}},{"type":"Feature","id":"137131","geometry":{"type":"Polygon","coordinates":[[[-86.7731787381225,36.2555691735325],[-86.7732005039029,36.255377442027],[-86.7733005620672,36.255384893109],[-86.7732887781061,36.2554886992076],[-86.7732787976394,36.2555766246251],[-86.7731787381225,36.2555691735325]]]},"properties":{"id":"137131","parcel":"050020A31500CO","address":"2304 COUNTESS ALY","owner":"HOLLIS, EMILY NICOLE","point":[-86.77324422885175,36.25543670055161]}},{"type":"Feature","id":"137134","geometry":{"type":"Polygon","coordinates":[[[-86.7733075309977,36.2555787641535],[-86.7733292964693,36.2553870326253],[-86.7734289181421,36.2553944512461],[-86.7734136801403,36.2555286847944],[-86.7734071529094,36.2555861827919],[-86.7733075309977,36.2555787641535]]]},"properties":{"id":"137134","parcel":"050020A31600CO","address":"2306 COUNTESS ALY","owner":"GOODE, ANGELA Y","point":[-86.77337107796603,36.2554614728841]}},{"type":"Feature","id":"137135","geometry":{"type":"Polygon","coordinates":[[[-86.7735630032968,36.2555977881787],[-86.773584767043,36.2554060566126],[-86.7736878163198,36.2554137306603],[-86.7736759837276,36.2555179751157],[-86.7736660516993,36.2556054613504],[-86.7735630032968,36.2555977881787]]]},"properties":{"id":"137135","parcel":"050020A31800CO","address":"2310 COUNTESS ALY","owner":"HOLLEY, PHILIP JAMAL","point":[-86.77362995091649,36.25546575459107]}},{"type":"Feature","id":"137139","geometry":{"type":"Polygon","coordinates":[[[-86.7737181723419,36.2557764733663],[-86.7739547230006,36.2557467332534],[-86.7739706372587,36.25582976493],[-86.7737340863669,36.2558595059744],[-86.7737181723419,36.2557764733663]]]},"properties":{"id":"137139","parcel":"050020A32100CO","address":"2316 COUNTESS ALY","owner":"TOUSSANT, JOSEPH ROBERT & ELEANOR A.","point":[-86.77384440473145,36.25580311921461]}},{"type":"Feature","id":"137141","geometry":{"type":"Polygon","coordinates":[[[-86.7729681575916,36.2560341521967],[-86.7729925558293,36.2558428914932],[-86.773091858466,36.2558512010636],[-86.7730760021075,36.2559754968627],[-86.7730674593527,36.2560424617938],[-86.7729681575916,36.2560341521967]]]},"properties":{"id":"137141","parcel":"050020A32800CO","address":"2332 COUNTESS ALY","owner":"WALKER, SAMMY LEE JR","point":[-86.77303376124549,36.255913253783774]}},{"type":"Feature","id":"137143","geometry":{"type":"Polygon","coordinates":[[[-86.7744691485369,36.2564700115666],[-86.774467218031,36.2564699130866],[-86.7744652916062,36.2564697767281],[-86.7728862723785,36.2563398521434],[-86.7729259430518,36.2559845527082],[-86.7728673094571,36.2558222844567],[-86.7736579504512,36.2558869028627],[-86.7736013425927,36.2556260977998],[-86.772897767411,36.2555682033258],[-86.772924319885,36.2553446398984],[-86.7742752374453,36.2554467433587],[-86.7743953195725,36.2559999597067],[-86.774408790424,36.2560519825],[-86.7744264283341,36.2561031809823],[-86.7744481588543,36.2561533375274],[-86.7745544347635,36.2563800694588],[-86.7745550091051,36.25638156545],[-86.7745555412611,36.2563830716253],[-86.7745560323441,36.2563845879775],[-86.7745564144767,36.2563858869267],[-86.7745564801021,36.2563861118175],[-86.7745568889951,36.2563876440177],[-86.7745584831178,36.2563985271551],[-86.7745579280158,36.2564094763412],[-86.7745552376928,36.2564202166065],[-86.7745504795886,36.2564304753423],[-86.774543773572,36.2564399931225],[-86.7745352897862,36.2564485309274],[-86.7745252419814,36.2564558710876],[-86.7745138854125,36.2564618299149],[-86.7745015067901,36.2564662541622],[-86.7744884188482,36.2564690345763],[-86.7744749513817,36.2564700996474],[-86.7744730162985,36.2564701021363],[-86.7744727302728,36.2564700976609],[-86.7744710820287,36.2564700739777],[-86.7744691485369,36.2564700115666]],[[-86.7744697577596,36.256333289605],[-86.7744453908822,36.2562826623889],[-86.7744216941924,36.2562334296054],[-86.7743966265878,36.2561813477526],[-86.7743720746662,36.2561303359728],[-86.7743475284628,36.2560793367682],[-86.7742564180822,36.2561081025509],[-86.7742809642182,36.2561590999711],[-86.7743055172205,36.2562101135642],[-86.7743305847742,36.2562621954355],[-86.774354281416,36.2563114282365],[-86.7743786482353,36.2563620545693],[-86.7744028299472,36.2564122963499],[-86.7744939406332,36.2563835313606],[-86.7744697577596,36.256333289605]],[[-86.7740474815778,36.2562132376053],[-86.77394754996,36.2562049580811],[-86.7739233588375,36.2563964645856],[-86.7740232906942,36.2564047441294],[-86.7740316480161,36.2563385824295],[-86.7740474815778,36.2562132376053]],[[-86.7739062589168,36.2563019847774],[-86.7739188162247,36.2562025771723],[-86.7738191697217,36.2561943200497],[-86.7737949794049,36.256385826522],[-86.7738946250334,36.2563940836713],[-86.7739062589168,36.2563019847774]],[[-86.7737763095399,36.2563155137361],[-86.773791903804,36.2561920603915],[-86.7736917706567,36.2561837630204],[-86.7736675789227,36.256375269475],[-86.7737677123094,36.2563835668657],[-86.7737763095399,36.2563155137361]],[[-86.7736471076531,36.2563067860159],[-86.7736629500761,36.2561813753971],[-86.7735640753935,36.2561731816173],[-86.7735398833542,36.2563646880469],[-86.7736387582732,36.256372881846],[-86.7736471076531,36.2563067860159]],[[-86.7735189709831,36.256291244231],[-86.7735341979481,36.2561707060982],[-86.7734341517242,36.2561624160688],[-86.7734099593743,36.256353922473],[-86.7735100058373,36.256362212522],[-86.7735189709831,36.256291244231]],[[-86.7732978280446,36.2562823070564],[-86.7733142299106,36.2561524777035],[-86.7732123406207,36.2561440352591],[-86.7731881477405,36.25633554162],[-86.773290037274,36.2563439840843],[-86.7732978280446,36.2562823070564]],[[-86.7731715247367,36.2562692144724],[-86.7731875983047,36.2561419846279],[-86.7730861032702,36.2561335738018],[-86.7730619100881,36.256325080138],[-86.7731634053653,36.2563334909839],[-86.7731715247367,36.2562692144724]],[[-86.7730490547193,36.2561979092153],[-86.7730574820743,36.2561312027835],[-86.7729561886412,36.2561228085835],[-86.7729319951485,36.2563143148943],[-86.7730332888239,36.2563227091141],[-86.7730490547193,36.2561979092153]],[[-86.7738515760412,36.2561080742021],[-86.7739505405415,36.256116354592],[-86.7739749364341,36.2559250936949],[-86.7738759721612,36.2559168124233],[-86.7738515760412,36.2561080742021]],[[-86.7738277520994,36.2560611511086],[-86.7738464776747,36.2559143453442],[-86.7737462048622,36.2559059542834],[-86.7737218084324,36.2560972160366],[-86.7738220814666,36.2561056053148],[-86.7738277520994,36.2560611511086]],[[-86.7737003232838,36.2560385184895],[-86.7737175389484,36.2559035557693],[-86.7736190124134,36.2558953120408],[-86.7735946156711,36.2560865728677],[-86.7736931424502,36.2560948175169],[-86.7737003232838,36.2560385184895]],[[-86.7735735078432,36.2560249104885],[-86.7735903465072,36.2558929134965],[-86.7734881326288,36.2558843607083],[-86.7734637344614,36.2560756215166],[-86.7735659485838,36.256084174325],[-86.7735735078432,36.2560249104885]],[[-86.7733351362563,36.2559776040981],[-86.7733485205841,36.2558726783343],[-86.7732491276864,36.2558643614409],[-86.7732247289485,36.2560556222021],[-86.7733241231961,36.2560639391079],[-86.7733351362563,36.2559776040981]],[[-86.7732022413374,36.2560089914518],[-86.7732209907886,36.2558620062887],[-86.7731194574425,36.2558535101191],[-86.7730950584038,36.2560447717558],[-86.7731965930962,36.2560532670372],[-86.7732022413374,36.2560089914518]],[[-86.7730760021075,36.2559754968627],[-86.773091858466,36.2558512010636],[-86.7729925558293,36.2558428914932],[-86.7729681575916,36.2560341521967],[-86.7730674593527,36.2560424617938],[-86.7730760021075,36.2559754968627]],[[-86.7742159946289,36.2558906196994],[-86.7742276338276,36.2559442467508],[-86.7742393253933,36.2559981068874],[-86.7743309664306,36.2559850590455],[-86.7743192748046,36.2559311989175],[-86.7743076344243,36.2558775709807],[-86.7742960697651,36.2558242886351],[-86.7742843898065,36.2557704788965],[-86.7741927490184,36.2557835276051],[-86.7742044289168,36.2558373373524],[-86.7742159946289,36.2558906196994]],[[-86.7739706372587,36.25582976493],[-86.7739547230006,36.2557467332534],[-86.7737181723419,36.2557764733663],[-86.7737340863669,36.2558595059744],[-86.7739706372587,36.25582976493]],[[-86.7736986342888,36.255674536897],[-86.7737136219822,36.2557527330482],[-86.7738323435253,36.2557378070229],[-86.7739501725719,36.255722992944],[-86.7739351846419,36.2556447959204],[-86.7736986342888,36.255674536897]],[[-86.774163503086,36.2556573693387],[-86.7741750932022,36.2557107632902],[-86.7742688807735,36.2556974088346],[-86.774257290596,36.2556440148918],[-86.7742458775293,36.2555914354399],[-86.7742339354359,36.2555364142959],[-86.7742226063163,36.2554842236405],[-86.774128817868,36.255497577167],[-86.7741401469365,36.2555497687321],[-86.7741520900795,36.255604789878],[-86.774163503086,36.2556573693387]],[[-86.7736944944381,36.2556075792152],[-86.7737930028538,36.255614914541],[-86.7738147660484,36.2554231829345],[-86.7737162578777,36.2554158485272],[-86.7736944944381,36.2556075792152]],[[-86.7736759837276,36.2555179751157],[-86.7736878163198,36.2554137306603],[-86.773584767043,36.2554060566126],[-86.7735630032968,36.2555977881787],[-86.7736660516993,36.2556054613504],[-86.7736759837276,36.2555179751157]],[[-86.7735437908916,36.2555182491584],[-86.7735567631206,36.2554039710617],[-86.7734552450341,36.2553964123745],[-86.7734334798558,36.2555881430237],[-86.7735349981945,36.25559570263],[-86.7735437908916,36.2555182491584]],[[-86.7734136801403,36.2555286847944],[-86.7734289181421,36.2553944512461],[-86.7733292964693,36.2553870326253],[-86.7733075309977,36.2555787641535],[-86.7734071529094,36.2555861827919],[-86.7734136801403,36.2555286847944]],[[-86.7732887781061,36.2554886992076],[-86.7733005620672,36.255384893109],[-86.7732005039029,36.255377442027],[-86.7731787381225,36.2555691735325],[-86.7732787976394,36.2555766246251],[-86.7732887781061,36.2554886992076]],[[-86.7731566436458,36.2555007706615],[-86.7731708942427,36.2553752368822],[-86.7730687938297,36.2553676338308],[-86.7730470277333,36.2555593653132],[-86.7731491295127,36.2555669692767],[-86.7731566436458,36.2555007706615]],[[-86.7730261655467,36.2554872332915],[-86.7730399870555,36.2553654884071],[-86.7729392719376,36.2553579881383],[-86.7729175055393,36.2555497204991],[-86.7730182208901,36.2555572198844],[-86.7730261655467,36.2554872332915]]]},"properties":{"id":"137143","parcel":"050020A91500CO","address":"2227 SILVERTON DR","owner":"O.I.C. BELLE ARBOR TOWNHOMES","point":[-86.77400837429278,36.255910550595054]}},{"type":"Feature","id":"137146","geometry":{"type":"Polygon","coordinates":[[[-86.7747471128337,36.2564722726784],[-86.7747365885552,36.2564359866112],[-86.7747207009075,36.256388105256],[-86.7747026905114,36.256340719674],[-86.774687989428,36.2563059636576],[-86.7746721454496,36.2562715394147],[-86.7745936046156,36.2561076232591],[-86.7745752506483,36.2560652615985],[-86.7745603532469,36.256022019792],[-86.7745489765136,36.2559780812841],[-86.774418972117,36.2553773816423],[-86.774409475089,36.2553192157155],[-86.7744022240116,36.2552661021976],[-86.7744018210922,36.2552550437888],[-86.7744036167528,36.2552440767355],[-86.7744075614785,36.2552334861484],[-86.7744135566823,36.2552235457368],[-86.7744214435337,36.2552145133734],[-86.7744310195881,36.2552066246792],[-86.7744420342387,36.2552000831391],[-86.7744542031728,36.255195059108],[-86.7744672105266,36.2551916825869],[-86.7744807188908,36.2551900422578],[-86.7744943770371,36.2551901791253],[-86.7748212736479,36.2552148837529],[-86.774812699676,36.2552893104476],[-86.77495733239,36.2559556121936],[-86.775163615917,36.2563861200265],[-86.7751618009674,36.2564933023941],[-86.7747729191466,36.2565916979997],[-86.7747713008385,36.256581873083],[-86.7747695935939,36.2565720568477],[-86.7747677996647,36.256562251983],[-86.7747659190333,36.2565524566867],[-86.7747639506134,36.2565426736694],[-86.774761895509,36.2565329020229],[-86.774759752625,36.2565231435564],[-86.7747575230654,36.2565133973619],[-86.774755206839,36.2565036643404],[-86.7747528039458,36.256493944492],[-86.7747503155073,36.2564842387106],[-86.7747477393159,36.256474548813],[-86.7747471128337,36.2564722726784]],[[-86.7748382802557,36.2561888700199],[-86.7748152973594,36.2561361827652],[-86.7747230267241,36.256162584261],[-86.7747460095668,36.2562152715329],[-86.7747685940372,36.2562670447872],[-86.7747917909638,36.2563202254603],[-86.7748133658458,36.2563696844709],[-86.7748364603726,36.2564226287632],[-86.7748576631231,36.2564712375727],[-86.7749499351768,36.2564448350682],[-86.7749287312728,36.2563962271828],[-86.774905636692,36.2563432829078],[-86.7748840617597,36.2562938239132],[-86.7748608636661,36.2562406432645],[-86.7748382802557,36.2561888700199]],[[-86.7747340745028,36.2559137389672],[-86.774717890429,36.2558595408714],[-86.7746223979739,36.2558782455834],[-86.7746385819862,36.2559324436916],[-86.7746537502286,36.2559832425014],[-86.7746698710246,36.2560372301179],[-86.7746850001983,36.2560878984923],[-86.7747804940039,36.2560691937249],[-86.7747653636601,36.2560185253693],[-86.7747492428028,36.2559645377653],[-86.7747340745028,36.2559137389672]],[[-86.7746639517651,36.2555709364632],[-86.7746527213486,36.2555171473052],[-86.7745531560309,36.2555307833347],[-86.7745643852602,36.2555845716077],[-86.7745756495147,36.2556385263848],[-86.7745869791686,36.2556927952758],[-86.774598375335,36.2557473782732],[-86.7746090069217,36.2557983044086],[-86.7747085736875,36.2557846692282],[-86.7746979409347,36.2557337440097],[-86.7746865457968,36.2556791592119],[-86.7746752160766,36.2556248903301],[-86.7746639517651,36.2555709364632]],[[-86.7745586607753,36.2552290136308],[-86.7744918934955,36.2552248118998],[-86.7744841861364,36.255305169521],[-86.7745509534835,36.2553093712561],[-86.7746192529217,36.2553136685785],[-86.7746873530558,36.2553179527201],[-86.774753079351,36.2553220880171],[-86.7747607864391,36.2552417303792],[-86.774695060219,36.2552375959874],[-86.7746269601447,36.2552333109489],[-86.7745586607753,36.2552290136308]]]},"properties":{"id":"137146","parcel":"050020A91600CO","address":"0 BROOKWAY DR","owner":"O.I.C. BELLE ARBOR TOWNHOMES","point":[-86.77483665156876,36.25589629058201]}},{"type":"Feature","id":"137273","geometry":{"type":"Polygon","coordinates":[[[-86.7723345681337,36.2514706294618],[-86.7723350788787,36.2514664056585],[-86.7723523253773,36.2513237362007],[-86.7723658752199,36.2512116489408],[-86.7723794250154,36.2510995607746],[-86.7723796010578,36.2510981005306],[-86.7723855301142,36.2510490609357],[-86.7723929747726,36.2509874726031],[-86.7724065244915,36.2508753844264],[-86.7724954651251,36.2508486526252],[-86.7725819743589,36.2514774410878],[-86.7725200426129,36.2514797269837],[-86.7724580482132,36.2514793518668],[-86.7723961658666,36.2514763164225],[-86.7723345681337,36.2514706294618]]]},"properties":{"id":"137273","parcel":"05007012700","address":"3856 NORTHBROOK DR","owner":"HALL, TIFFANI & JUAN SR","point":[-86.7724551945095,36.251155761897074]}},{"type":"Feature","id":"137305","geometry":{"type":"Polygon","coordinates":[[[-86.7726963445462,36.2544083101546],[-86.7726918171768,36.2543610912839],[-86.7726714754767,36.2542227719466],[-86.7730848564542,36.2541816698574],[-86.7730892983235,36.2542200994113],[-86.7730951105939,36.2542596188156],[-86.7730935213191,36.2542856019944],[-86.7730889999826,36.2543113578925],[-86.7730815856409,36.2543366699603],[-86.7730713407608,36.254361326005],[-86.773058348994,36.254385118204],[-86.773050574286,36.2543936766086],[-86.7730445630135,36.2544031213718],[-86.7730404619545,36.254413213626],[-86.7730383755006,36.2544237039594],[-86.7726963445462,36.2544083101546]]]},"properties":{"id":"137305","parcel":"05003000300","address":"3408 MEADOW CT","owner":"M & J GENERAL PARTNERSHIP","point":[-86.77288687792574,36.25429809207917]}},{"type":"Feature","id":"137307","geometry":{"type":"Polygon","coordinates":[[[-86.7726610802967,36.2541305391059],[-86.7726481105808,36.2540526074754],[-86.7730463189177,36.2539863297855],[-86.7730675319443,36.2540837485549],[-86.7730848564542,36.2541816698574],[-86.7726714754767,36.2542227719466],[-86.7726610802967,36.2541305391059]]]},"properties":{"id":"137307","parcel":"05003000400","address":"3404 MEADOW CT","owner":"WASHINGTON, RICHARD H.","point":[-86.77286443102865,36.25410714424034]}},{"type":"Feature","id":"137309","geometry":{"type":"Polygon","coordinates":[[[-86.7725490131126,36.2539071022471],[-86.7728623753292,36.2537655484635],[-86.772874492763,36.2537609611212],[-86.7728873536233,36.2537579840555],[-86.7729006326124,36.253756692348],[-86.7729139973352,36.2537571178658],[-86.7729271116452,36.2537592501418],[-86.7729396434337,36.2537630363245],[-86.7729512779727,36.2537683801915],[-86.772961722418,36.2537751475282],[-86.7729707147282,36.2537831678733],[-86.7729780259339,36.2537922390102],[-86.7729834735511,36.25380213319],[-86.7730031115208,36.2538472510196],[-86.773020155737,36.2538930541638],[-86.7730345674336,36.2539394473396],[-86.7730463189177,36.2539863297855],[-86.7726481105808,36.2540526074754],[-86.7725490131126,36.2539071022471]]]},"properties":{"id":"137309","parcel":"05003000500","address":"3400 MEADOW CT","owner":"MCCLAIN, LESTER & VIRGINIA","point":[-86.7727939809075,36.2539000962851]}},{"type":"Feature","id":"137311","geometry":{"type":"Polygon","coordinates":[[[-86.772282614506,36.2544131551074],[-86.7726918171768,36.2543610912839],[-86.7726963445462,36.2544083101546],[-86.7727195951506,36.2545663869188],[-86.7723062677559,36.2546129840961],[-86.772282614506,36.2544131551074]]]},"properties":{"id":"137311","parcel":"05003000800","address":"3309 BROOKDALE DR","owner":"M & J PARTNERSHIP","point":[-86.7725000101477,36.2544897691309]}},{"type":"Feature","id":"137313","geometry":{"type":"Polygon","coordinates":[[[-86.7712646152838,36.2539427755474],[-86.7715441932017,36.2538146287737],[-86.7717437837418,36.254110029943],[-86.7716783279533,36.2541451036001],[-86.771614886786,36.2541825274228],[-86.7715535874484,36.2542222239962],[-86.7712646152838,36.2539427755474]]]},"properties":{"id":"137313","parcel":"05003001800","address":"1713 WESTCHESTER DR","owner":"STEVENSON, MATTHEW & FRANK","point":[-86.77151915304654,36.25402643154776]}},{"type":"Feature","id":"137315","geometry":{"type":"Polygon","coordinates":[[[-86.7715441932017,36.2538146287737],[-86.771750837934,36.2537199102682],[-86.7719463802779,36.2540175351094],[-86.7718288732933,36.2540710284808],[-86.771786764116,36.2540911528032],[-86.7717437837418,36.254110029943],[-86.7715441932017,36.2538146287737]]]},"properties":{"id":"137315","parcel":"05003001900","address":"1717 WESTCHESTER DR","owner":"LIGHTFORD, MELVIN, III","point":[-86.77174623147269,36.25391608391369]}},{"type":"Feature","id":"137317","geometry":{"type":"Polygon","coordinates":[[[-86.772236355915,36.2534951215407],[-86.7723666318574,36.2534345912191],[-86.772575831152,36.2537355155637],[-86.7723705329888,36.253829127358],[-86.7721600569649,36.2535305026976],[-86.772236355915,36.2534951215407]]]},"properties":{"id":"137317","parcel":"05003002200","address":"1805 WESTCHESTER DR","owner":"M & J PARTNERSHIP","point":[-86.77236843684325,36.253633010249445]}},{"type":"Feature","id":"137319","geometry":{"type":"Polygon","coordinates":[[[-86.7725243707993,36.2533718907162],[-86.7725793242718,36.2533500076862],[-86.7727869856065,36.2536336204589],[-86.772575831152,36.2537355155637],[-86.7723666318574,36.2534345912191],[-86.7725243707993,36.2533718907162]]]},"properties":{"id":"137319","parcel":"05003002300","address":"1809 WESTCHESTER DR","owner":"M & J PARTNERSHIP","point":[-86.77257496942988,36.25353410252719]}},{"type":"Feature","id":"137321","geometry":{"type":"Polygon","coordinates":[[[-86.7724546355342,36.2504773917138],[-86.7724656461452,36.2503966110433],[-86.7728216700348,36.2502647134172],[-86.7728259619168,36.2502733000854],[-86.7728578774955,36.2503345204391],[-86.7728917602341,36.2503950441536],[-86.7729275874708,36.2504548290138],[-86.7724301548932,36.2506799142216],[-86.7724361538283,36.2506302874592],[-86.7724546355342,36.2504773917138]]]},"properties":{"id":"137321","parcel":"05007013200","address":"3913 PATTON HILL RD","owner":"SCRUGGS, LEWIS J. & ALICIA L.","point":[-86.7726790027357,36.25046608758855]}},{"type":"Feature","id":"137508","geometry":{"type":"Polygon","coordinates":[[[-86.7786753871387,36.2505214433846],[-86.7788799236077,36.250430406767],[-86.778998343896,36.2507024185052],[-86.7789455680722,36.2507189667873],[-86.7788941292687,36.2507380776861],[-86.7788442148234,36.2507596796984],[-86.7786753871387,36.2505214433846]]]},"properties":{"id":"137508","parcel":"050020C06600CO","address":"2609 THORNTON GROVE BLVD","owner":"VOLNER, REBEKAH & PENN, RICHARD","point":[-86.77884921616338,36.2506119538872]}},{"type":"Feature","id":"137510","geometry":{"type":"Polygon","coordinates":[[[-86.7788799236077,36.250430406767],[-86.7791090316739,36.250364115531],[-86.7791627251063,36.2506687072899],[-86.7791071222321,36.2506772419563],[-86.779052261499,36.2506884926779],[-86.778998343896,36.2507024185052],[-86.7788799236077,36.250430406767]]]},"properties":{"id":"137510","parcel":"050020C06700CO","address":"2613 THORNTON GROVE BLVD","owner":"MIMS, CHRISTOPHER MICHAEL & PERRY, MATTHEW STEWART","point":[-86.77903674199673,36.25054958559181]}},{"type":"Feature","id":"137513","geometry":{"type":"Polygon","coordinates":[[[-86.7791090316739,36.250364115531],[-86.7793415658971,36.2503489250266],[-86.7793319262809,36.250659661646],[-86.7792753339302,36.2506599013815],[-86.7792188645849,36.2506629197445],[-86.7791627251063,36.2506687072899],[-86.7791090316739,36.250364115531]]]},"properties":{"id":"137513","parcel":"050020C06800CO","address":"2617 THORNTON GROVE BLVD","owner":"CRANE, DESAREE","point":[-86.77923577855208,36.2505119168773]}},{"type":"Feature","id":"137515","geometry":{"type":"Polygon","coordinates":[[[-86.7798286116849,36.2507445899847],[-86.7799149509883,36.2504789487689],[-86.7800789323511,36.2505139148481],[-86.7799925924465,36.2507795561854],[-86.7798286116849,36.2507445899847]]]},"properties":{"id":"137515","parcel":"050020C07200CO","address":"2633 THORNTON GROVE BLVD","owner":"HEGARTY, JENIFER MARI & CHRISTOPHER RYAN","point":[-86.77995377195967,36.25062925248318]}},{"type":"Feature","id":"137633","geometry":{"type":"Polygon","coordinates":[[[-86.774163503086,36.2556573693387],[-86.774257290596,36.2556440148918],[-86.7742688807735,36.2556974088346],[-86.7741750932022,36.2557107632902],[-86.774163503086,36.2556573693387]]]},"properties":{"id":"137633","parcel":"050020A28300CO","address":"3614 BROOKWAY DR","owner":"COATS FAMILY LIVING TRUST","point":[-86.77421619191638,36.25567738909824]}},{"type":"Feature","id":"137634","geometry":{"type":"Polygon","coordinates":[[[-86.7741927490184,36.2557835276051],[-86.7742843898065,36.2557704788965],[-86.7742960697651,36.2558242886351],[-86.7742044289168,36.2558373373524],[-86.7741927490184,36.2557835276051]]]},"properties":{"id":"137634","parcel":"050020A28400CO","address":"3616 BROOKWAY DR","owner":"MANN, CHLOE & ROBIN","point":[-86.77424440937843,36.25580390813124]}},{"type":"Feature","id":"137635","geometry":{"type":"Polygon","coordinates":[[[-86.7742044289168,36.2558373373524],[-86.7742960697651,36.2558242886351],[-86.7743076344243,36.2558775709807],[-86.7742159946289,36.2558906196994],[-86.7742044289168,36.2558373373524]]]},"properties":{"id":"137635","parcel":"050020A28500CO","address":"3618 BROOKWAY DR","owner":"CAMPBELL, KENDRA","point":[-86.77425603186688,36.25585745417806]}},{"type":"Feature","id":"137636","geometry":{"type":"Polygon","coordinates":[[[-86.774354281416,36.2563114282365],[-86.7744453908822,36.2562826623889],[-86.7744697577596,36.256333289605],[-86.7743786482353,36.2563620545693],[-86.774354281416,36.2563114282365]]]},"properties":{"id":"137636","parcel":"050020A29200CO","address":"3632 BROOKWAY DR","owner":"GLYMPH, KELLY","point":[-86.77441201962529,36.25632235893475]}},{"type":"Feature","id":"137637","geometry":{"type":"Polygon","coordinates":[[[-86.7743786482353,36.2563620545693],[-86.7744697577596,36.256333289605],[-86.7744939406332,36.2563835313606],[-86.7744028299472,36.2564122963499],[-86.7743786482353,36.2563620545693]]]},"properties":{"id":"137637","parcel":"050020A29300CO","address":"3634 BROOKWAY DR","owner":"LLANOS, YESSICA PAOLA","point":[-86.77443629430809,36.256372792978595]}},{"type":"Feature","id":"137638","geometry":{"type":"Polygon","coordinates":[[[-86.7748133658458,36.2563696844709],[-86.774905636692,36.2563432829078],[-86.7749287312728,36.2563962271828],[-86.7748364603726,36.2564226287632],[-86.7748133658458,36.2563696844709]]]},"properties":{"id":"137638","parcel":"050020A29500CO","address":"3635 BROOKWAY DR","owner":"HAILE, ABSOLOM T","point":[-86.77487104854956,36.25638295584075]}},{"type":"Feature","id":"137639","geometry":{"type":"Polygon","coordinates":[[[-86.7747917909638,36.2563202254603],[-86.7748840617597,36.2562938239132],[-86.774905636692,36.2563432829078],[-86.7748133658458,36.2563696844709],[-86.7747917909638,36.2563202254603]]]},"properties":{"id":"137639","parcel":"050020A29600CO","address":"3633 BROOKWAY DR","owner":"BAIN, TIMOTHY BRANDON","point":[-86.77484871381958,36.25633175419757]}},{"type":"Feature","id":"137640","geometry":{"type":"Polygon","coordinates":[[[-86.7747230267241,36.256162584261],[-86.7748152973594,36.2561361827652],[-86.7748382802557,36.2561888700199],[-86.7747460095668,36.2562152715329],[-86.7747230267241,36.256162584261]]]},"properties":{"id":"137640","parcel":"050020A29900CO","address":"3627 BROOKWAY DR","owner":"CLANTON, BRIAN KEITH","point":[-86.77478065348029,36.256175727154314]}},{"type":"Feature","id":"137641","geometry":{"type":"Polygon","coordinates":[[[-86.7745643852602,36.2555845716077],[-86.7746639517651,36.2555709364632],[-86.7746752160766,36.2556248903301],[-86.7745756495147,36.2556385263848],[-86.7745643852602,36.2555845716077]]]},"properties":{"id":"137641","parcel":"050020A30700CO","address":"3611 BROOKWAY DR","owner":"GOMEZ, CHRISTIAN LOPEZ","point":[-86.77461980062091,36.255604730981666]}},{"type":"Feature","id":"137642","geometry":{"type":"Polygon","coordinates":[[[-86.7746873530558,36.2553179527201],[-86.774695060219,36.2552375959874],[-86.7747607864391,36.2552417303792],[-86.774753079351,36.2553220880171],[-86.7746873530558,36.2553179527201]]]},"properties":{"id":"137642","parcel":"050020A31200CO","address":"1241 HAVENBROOK DR","owner":"SWEENEY, JIM & CHRISTINA","point":[-86.77472406978778,36.2552798415555]}},{"type":"Feature","id":"137643","geometry":{"type":"Polygon","coordinates":[[[-86.7730470277333,36.2555593653132],[-86.7730687938297,36.2553676338308],[-86.7731708942427,36.2553752368822],[-86.7731566436458,36.2555007706615],[-86.7731491295127,36.2555669692767],[-86.7730470277333,36.2555593653132]]]},"properties":{"id":"137643","parcel":"050020A31400CO","address":"2302 COUNTESS ALY","owner":"NEW RESIDENTIAL BORROWER 2022-SFR2 LLC","point":[-86.77311229814563,36.25543790615734]}},{"type":"Feature","id":"137644","geometry":{"type":"Polygon","coordinates":[[[-86.7736944944381,36.2556075792152],[-86.7737162578777,36.2554158485272],[-86.7738147660484,36.2554231829345],[-86.7737930028538,36.255614914541],[-86.7736944944381,36.2556075792152]]]},"properties":{"id":"137644","parcel":"050020A31900CO","address":"2312 COUNTESS ALY","owner":"GUILLEN, ARNOL ALBERTO","point":[-86.77375463034028,36.25551538109099]}},{"type":"Feature","id":"137645","geometry":{"type":"Polygon","coordinates":[[[-86.7736986342888,36.255674536897],[-86.7739351846419,36.2556447959204],[-86.7739501725719,36.255722992944],[-86.7738323435253,36.2557378070229],[-86.7737136219822,36.2557527330482],[-86.7736986342888,36.255674536897]]]},"properties":{"id":"137645","parcel":"050020A32000CO","address":"2314 COUNTESS ALY","owner":"DAVIS, DENISE ANTENISE","point":[-86.77382440341674,36.255698764986576]}},{"type":"Feature","id":"137646","geometry":{"type":"Polygon","coordinates":[[[-86.7735946156711,36.2560865728677],[-86.7736190124134,36.2558953120408],[-86.7737175389484,36.2559035557693],[-86.7737003232838,36.2560385184895],[-86.7736931424502,36.2560948175169],[-86.7735946156711,36.2560865728677]]]},"properties":{"id":"137646","parcel":"050020A32400CO","address":"2322 COUNTESS ALY","owner":"PAASCH, AMY","point":[-86.77365915414049,36.255970942954065]}},{"type":"Feature","id":"137647","geometry":{"type":"Polygon","coordinates":[[[-86.7730950584038,36.2560447717558],[-86.7731194574425,36.2558535101191],[-86.7732209907886,36.2558620062887],[-86.7732022413374,36.2560089914518],[-86.7731965930962,36.2560532670372],[-86.7730950584038,36.2560447717558]]]},"properties":{"id":"137647","parcel":"050020A32700CO","address":"2330 COUNTESS ALY","owner":"SFR JV-HD 2024-1 BORROWER LLC","point":[-86.77316031956605,36.25593540160659]}},{"type":"Feature","id":"137648","geometry":{"type":"Polygon","coordinates":[[[-86.7730619100881,36.256325080138],[-86.7730861032702,36.2561335738018],[-86.7731875983047,36.2561419846279],[-86.7731715247367,36.2562692144724],[-86.7731634053653,36.2563334909839],[-86.7730619100881,36.256325080138]]]},"properties":{"id":"137648","parcel":"050020A33000CO","address":"2211 SILVERTON DR","owner":"FINCH, LATASHA","point":[-86.77312829514774,36.256205502329394]}},{"type":"Feature","id":"137649","geometry":{"type":"Polygon","coordinates":[[[-86.7731881477405,36.25633554162],[-86.7732123406207,36.2561440352591],[-86.7733142299106,36.2561524777035],[-86.7732978280446,36.2562823070564],[-86.773290037274,36.2563439840843],[-86.7731881477405,36.25633554162]]]},"properties":{"id":"137649","parcel":"050020A33100CO","address":"2213 SILVERTON DR","owner":"HARRISON-WATTLEY, ALEXIS MARY","point":[-86.77325456355392,36.2562172948361]}},{"type":"Feature","id":"137650","geometry":{"type":"Polygon","coordinates":[[[-86.7734099593743,36.256353922473],[-86.7734341517242,36.2561624160688],[-86.7735341979481,36.2561707060982],[-86.7735189709831,36.256291244231],[-86.7735100058373,36.256362212522],[-86.7734099593743,36.256353922473]]]},"properties":{"id":"137650","parcel":"050020A33200CO","address":"2217 SILVERTON DR","owner":"WORKS, KENT A. & STUCKI, SARA","point":[-86.77347604977571,36.256230879478075]}},{"type":"Feature","id":"137651","geometry":{"type":"Polygon","coordinates":[[[-86.7736675789227,36.256375269475],[-86.7736917706567,36.2561837630204],[-86.773791903804,36.2561920603915],[-86.7737763095399,36.2563155137361],[-86.7737677123094,36.2563835668657],[-86.7736675789227,36.256375269475]]]},"properties":{"id":"137651","parcel":"050020A33400CO","address":"2221 SILVERTON DR","owner":"RETTERER, NICHOLAS","point":[-86.77373352792468,36.25625369140274]}},{"type":"Feature","id":"137980","geometry":{"type":"Polygon","coordinates":[[[-86.775032014935,36.2501948286172],[-86.7752098449456,36.2500684243353],[-86.7756314176296,36.2504579308261],[-86.7756314501953,36.2504579612594],[-86.7756314838648,36.2504579907845],[-86.7755398432908,36.2504969108771],[-86.7755370287859,36.2504981086751],[-86.7754922598307,36.2505338204464],[-86.7754453825385,36.2505712635088],[-86.7754453544762,36.250571238454],[-86.775445320798,36.2505712080277],[-86.775032014935,36.2501948286172]]]},"properties":{"id":"137980","parcel":"05006008100","address":"3821 NORTHBROOK DR","owner":"HANSERD, KIMBERLY","point":[-86.77533275397629,36.250326382046566]}},{"type":"Feature","id":"137996","geometry":{"type":"Polygon","coordinates":[[[-86.7743183755348,36.2507081473485],[-86.7744931474159,36.2505806651329],[-86.7749418941175,36.2509733109602],[-86.7749419491029,36.2509733583736],[-86.7747655608668,36.25110909259],[-86.7747654811833,36.2511090228036],[-86.7743183755348,36.2507081473485]]]},"properties":{"id":"137996","parcel":"05006009900","address":"3837 NORTHBROOK DR","owner":"MOSS, CAITLIN MARIE & SCOTT HOWARD","point":[-86.77462830806293,36.25084072611967]}},{"type":"Feature","id":"137997","geometry":{"type":"Polygon","coordinates":[[[-86.7729623704088,36.2510467474085],[-86.7732333297548,36.2508522036308],[-86.7732335321365,36.2508524186349],[-86.7732339144365,36.250852827157],[-86.7732403917208,36.2508597027758],[-86.7732409280324,36.2508602725367],[-86.7733058486494,36.2509266052077],[-86.7733734624408,36.2509911487534],[-86.7734436952719,36.2510538315445],[-86.773453185988,36.2510623263289],[-86.7734607488587,36.2510720077783],[-86.7734661641431,36.2510825925055],[-86.7734692708051,36.2510937697104],[-86.7734699799709,36.2511052119081],[-86.7734682694625,36.251116584878],[-86.7734641894311,36.2511275548377],[-86.7734578591345,36.2511378001794],[-86.773449465929,36.2511470222922],[-86.7734392530667,36.2511549492443],[-86.7733967826263,36.2511818673656],[-86.7733451260312,36.2512174836202],[-86.773291371507,36.251251000756],[-86.7732356495893,36.2512823404277],[-86.7732032590987,36.251299578569],[-86.7729623704088,36.2510467474085]]]},"properties":{"id":"137997","parcel":"05006010600","address":"3901 PATTON HILL RD","owner":"ANDERSON, WILLIAM J.","point":[-86.77322704118957,36.25107685220791]}},{"type":"Feature","id":"137998","geometry":{"type":"Polygon","coordinates":[[[-86.7735763627026,36.2503388061263],[-86.7735764445876,36.2503387596384],[-86.7736139424454,36.2503931847014],[-86.773613964038,36.2503933449851],[-86.7736346306296,36.2505669379567],[-86.7736353135789,36.2505674833446],[-86.7734055060286,36.2507353761352],[-86.7734042167345,36.2507340397274],[-86.7733771423634,36.2507078812917],[-86.7733478428884,36.2506833458175],[-86.7733145159224,36.2506523525419],[-86.7732821353766,36.2506203951743],[-86.7732684881623,36.2506069259569],[-86.7732162702706,36.2505512016636],[-86.773216212903,36.2505511380422],[-86.7732161836497,36.2505511048833],[-86.7735763627026,36.2503388061263]]]},"properties":{"id":"137998","parcel":"05006010800","address":"3904 PATTON HILL RD","owner":"WASHINGTON, KANIKA A.","point":[-86.77348680959344,36.2504723609532]}},{"type":"Feature","id":"138001","geometry":{"type":"Polygon","coordinates":[[[-86.7735398833542,36.2563646880469],[-86.7735640753935,36.2561731816173],[-86.7736629500761,36.2561813753971],[-86.7736471076531,36.2563067860159],[-86.7736387582732,36.256372881846],[-86.7735398833542,36.2563646880469]]]},"properties":{"id":"138001","parcel":"050020A33300CO","address":"2219 SILVERTON DR","owner":"COLCLOUGH, EBONE CHERIE","point":[-86.77360508591809,36.256243986194235]}},{"type":"Feature","id":"138003","geometry":{"type":"Polygon","coordinates":[[[-86.7737949794049,36.256385826522],[-86.7738191697217,36.2561943200497],[-86.7739188162247,36.2562025771723],[-86.7739062589168,36.2563019847774],[-86.7738946250334,36.2563940836713],[-86.7737949794049,36.256385826522]]]},"properties":{"id":"138003","parcel":"050020A33500CO","address":"2223 SILVERTON DR","owner":"GIEL, ROBERTA ELVIRA","point":[-86.77386220497996,36.25625218583324]}},{"type":"Feature","id":"138634","geometry":{"type":"Polygon","coordinates":[[[-86.7742809642182,36.2561590999711],[-86.7743720746662,36.2561303359728],[-86.7743966265878,36.2561813477526],[-86.7743055172205,36.2562101135642],[-86.7742809642182,36.2561590999711]]]},"properties":{"id":"138634","parcel":"050020A28900CO","address":"3626 BROOKWAY DR","owner":"JDH LA, LLC","point":[-86.77433879542363,36.256170223875856]}},{"type":"Feature","id":"138635","geometry":{"type":"Polygon","coordinates":[[[-86.7747460095668,36.2562152715329],[-86.7748382802557,36.2561888700199],[-86.7748608636661,36.2562406432645],[-86.7747685940372,36.2562670447872],[-86.7747460095668,36.2562152715329]]]},"properties":{"id":"138635","parcel":"050020A29800CO","address":"3629 BROOKWAY DR","owner":"JONES, QUAN & ECHOLS - JONES, TWJANA","point":[-86.77480343674296,36.25622795741272]}},{"type":"Feature","id":"138636","geometry":{"type":"Polygon","coordinates":[[[-86.7746698710246,36.2560372301179],[-86.7747653636601,36.2560185253693],[-86.7747804940039,36.2560691937249],[-86.7746850001983,36.2560878984923],[-86.7746698710246,36.2560372301179]]]},"properties":{"id":"138636","parcel":"050020A30000CO","address":"3625 BROOKWAY DR","owner":"TATE, KEITONYIA & BOWERS, SHARON","point":[-86.77472518232818,36.25605321193385]}},{"type":"Feature","id":"138637","geometry":{"type":"Polygon","coordinates":[[[-86.7746537502286,36.2559832425014],[-86.7747492428028,36.2559645377653],[-86.7747653636601,36.2560185253693],[-86.7746698710246,36.2560372301179],[-86.7746537502286,36.2559832425014]]]},"properties":{"id":"138637","parcel":"050020A30100CO","address":"3623 BROOKWAY DR","owner":"ROWE, KAREN L.","point":[-86.77470955693185,36.25600088394834]}},{"type":"Feature","id":"138638","geometry":{"type":"Polygon","coordinates":[[[-86.7746385819862,36.2559324436916],[-86.7747340745028,36.2559137389672],[-86.7747492428028,36.2559645377653],[-86.7746537502286,36.2559832425014],[-86.7746385819862,36.2559324436916]]]},"properties":{"id":"138638","parcel":"050020A30200CO","address":"3621 BROOKWAY DR","owner":"GOOCH, JENNIFER DIANE","point":[-86.77469391238324,36.25594849074122]}},{"type":"Feature","id":"138639","geometry":{"type":"Polygon","coordinates":[[[-86.774598375335,36.2557473782732],[-86.7746979409347,36.2557337440097],[-86.7747085736875,36.2557846692282],[-86.7746090069217,36.2557983044086],[-86.774598375335,36.2557473782732]]]},"properties":{"id":"138639","parcel":"050020A30400CO","address":"3617 BROOKWAY DR","owner":"NIKISCHER, OWEN BRYCE","point":[-86.77465347426256,36.25576602376292]}},{"type":"Feature","id":"138640","geometry":{"type":"Polygon","coordinates":[[[-86.7745531560309,36.2555307833347],[-86.7746527213486,36.2555171473052],[-86.7746639517651,36.2555709364632],[-86.7745643852602,36.2555845716077],[-86.7745531560309,36.2555307833347]]]},"properties":{"id":"138640","parcel":"050020A30800CO","address":"3609 BROOKWAY DR","owner":"MUSGRAVE, EVERETTE SR. & PATRICIA","point":[-86.77460855371022,36.25555085991144]}},{"type":"Feature","id":"138641","geometry":{"type":"Polygon","coordinates":[[[-86.7729175055393,36.2555497204991],[-86.7729392719376,36.2553579881383],[-86.7730399870555,36.2553654884071],[-86.7730261655467,36.2554872332915],[-86.7730182208901,36.2555572198844],[-86.7729175055393,36.2555497204991]]]},"properties":{"id":"138641","parcel":"050020A31300CO","address":"2300 COUNTESS ALY","owner":"BARR, JOHN","point":[-86.77298230406429,36.25542626450426]}},{"type":"Feature","id":"138642","geometry":{"type":"Polygon","coordinates":[[[-86.7734334798558,36.2555881430237],[-86.7734552450341,36.2553964123745],[-86.7735567631206,36.2554039710617],[-86.7735437908916,36.2555182491584],[-86.7735349981945,36.25559570263],[-86.7734334798558,36.2555881430237]]]},"properties":{"id":"138642","parcel":"050020A31700CO","address":"2308 COUNTESS ALY","owner":"STARNES, LATRICE Y","point":[-86.77349909979985,36.25546101321764]}},{"type":"Feature","id":"138643","geometry":{"type":"Polygon","coordinates":[[[-86.7737218084324,36.2560972160366],[-86.7737462048622,36.2559059542834],[-86.7738464776747,36.2559143453442],[-86.7738277520994,36.2560611511086],[-86.7738220814666,36.2561056053148],[-86.7737218084324,36.2560972160366]]]},"properties":{"id":"138643","parcel":"050020A32300CO","address":"2320 COUNTESS ALY","owner":"WELLS, NICOLE","point":[-86.77378645548542,36.255987652435756]}},{"type":"Feature","id":"138644","geometry":{"type":"Polygon","coordinates":[[[-86.7734637344614,36.2560756215166],[-86.7734881326288,36.2558843607083],[-86.7735903465072,36.2558929134965],[-86.7735735078432,36.2560249104885],[-86.7735659485838,36.256084174325],[-86.7734637344614,36.2560756215166]]]},"properties":{"id":"138644","parcel":"050020A32500CO","address":"2324 COUNTESS ALY","owner":"RAFFERTY, KYARA","point":[-86.77353028732053,36.255958814237424]}},{"type":"Feature","id":"138645","geometry":{"type":"Polygon","coordinates":[[[-86.7732247289485,36.2560556222021],[-86.7732491276864,36.2558643614409],[-86.7733485205841,36.2558726783343],[-86.7733351362563,36.2559776040981],[-86.7733241231961,36.2560639391079],[-86.7732247289485,36.2560556222021]]]},"properties":{"id":"138645","parcel":"050020A32600CO","address":"2328 COUNTESS ALY","owner":"ESSMAN, AMBER","point":[-86.77329161342784,36.255925046057705]}},{"type":"Feature","id":"138646","geometry":{"type":"Polygon","coordinates":[[[-86.7739233588375,36.2563964645856],[-86.77394754996,36.2562049580811],[-86.7740474815778,36.2562132376053],[-86.7740316480161,36.2563385824295],[-86.7740232906942,36.2564047441294],[-86.7739233588375,36.2563964645856]]]},"properties":{"id":"138646","parcel":"050020A33600CO","address":"2225 SILVERTON DR","owner":"MOGHADOM, HASSAN A., SR.","point":[-86.77398908810783,36.25627581465719]}},{"type":"Feature","id":"139014","geometry":{"type":"Polygon","coordinates":[[[-86.7773399925914,36.250914961222],[-86.777508374054,36.2508987314573],[-86.7775484505681,36.2511714983069],[-86.7773800696557,36.2511877290203],[-86.7773399925914,36.250914961222]]]},"properties":{"id":"139014","parcel":"050020C05900CO","address":"2509 THORNTON GROVE BLVD","owner":"THORNTON GROVE GREEN, LLC","point":[-86.77744422164372,36.25104322981108]}},{"type":"Feature","id":"139018","geometry":{"type":"Polygon","coordinates":[[[-86.7776767554388,36.2508825005567],[-86.7778451367636,36.2508662703225],[-86.7779149795161,36.2511288821429],[-86.7778213259233,36.251143373293],[-86.7777269362663,36.2511542938602],[-86.7777168325241,36.2511552673518],[-86.7776767554388,36.2508825005567]]]},"properties":{"id":"139018","parcel":"050020C06100CO","address":"2517 THORNTON GROVE BLVD","owner":"THORNTON GROVE GREEN, LLC","point":[-86.77778854351355,36.251005677805686]}},{"type":"Feature","id":"139023","geometry":{"type":"Polygon","coordinates":[[[-86.7783665622224,36.2506916727072],[-86.7784352268967,36.2506560429446],[-86.7785016981437,36.2506177812123],[-86.778704746512,36.2508377984071],[-86.7786554601889,36.2508667189269],[-86.778605127168,36.2508944321908],[-86.7785425824909,36.2509264689945],[-86.7783665622224,36.2506916727072]]]},"properties":{"id":"139023","parcel":"050020C06400CO","address":"2601 THORNTON GROVE BLVD","owner":"JOHNSON, BRADLEY A & MARLENE C IRREVOCABLE TRUST","point":[-86.77852933449262,36.25076472397673]}},{"type":"Feature","id":"139027","geometry":{"type":"Polygon","coordinates":[[[-86.7785016981437,36.2506177812123],[-86.7785276211993,36.2506017702531],[-86.7785753146725,36.2505731412356],[-86.7786246061387,36.2505463458533],[-86.7786753871387,36.2505214433846],[-86.7788442148234,36.2507596796984],[-86.7788069755802,36.2507779419809],[-86.7787708292584,36.2507975914371],[-86.7787358533332,36.2508185861113],[-86.778704746512,36.2508377984071],[-86.7785016981437,36.2506177812123]]]},"properties":{"id":"139027","parcel":"050020C06500CO","address":"2605 THORNTON GROVE BLVD","owner":"KALNITZKY, MACKENZIE","point":[-86.77868054467275,36.250688744617136]}},{"type":"Feature","id":"139030","geometry":{"type":"Polygon","coordinates":[[[-86.7795003525611,36.2506755790109],[-86.7795789712445,36.2503726419482],[-86.7797514915348,36.2504423902002],[-86.7796646332932,36.2507096235467],[-86.7795459396658,36.2506843135982],[-86.7795003525611,36.2506755790109]]]},"properties":{"id":"139030","parcel":"050020C07000CO","address":"2625 THORNTON GROVE BLVD","owner":"HOOKS, SPENCER ANDREW","point":[-86.77962209982606,36.25055897763162]}},{"type":"Feature","id":"139034","geometry":{"type":"Polygon","coordinates":[[[-86.7796646332932,36.2507096235467],[-86.7797514915348,36.2504423902002],[-86.7799149509883,36.2504789487689],[-86.7798286116849,36.2507445899847],[-86.7796646332932,36.2507096235467]]]},"properties":{"id":"139034","parcel":"050020C07100CO","address":"2629 THORNTON GROVE BLVD","owner":"CLARK, JASON TAYLOR","point":[-86.77978979252023,36.25059428622537]}},{"type":"Feature","id":"139243","geometry":{"type":"Polygon","coordinates":[[[-86.769951760552,36.2592490940579],[-86.7703082091927,36.2590899760589],[-86.7703550676375,36.2591588262353],[-86.7703900712739,36.2592102597157],[-86.7700336222566,36.2593693779505],[-86.769951760552,36.2592490940579]]]},"properties":{"id":"139243","parcel":"050020A14200CO","address":"2633 COFFENBERRY LN","owner":"PETERSON, KRISTIE RENEE & FLORANCE, RUSSELL EDWARD","point":[-86.77017091596602,36.259229677087774]}},{"type":"Feature","id":"139265","geometry":{"type":"Polygon","coordinates":[[[-86.7766503633591,36.2554588382273],[-86.7766598258606,36.2553706733981],[-86.7770146712964,36.2553956556954],[-86.7770280634162,36.2553974829226],[-86.7770409236976,36.255401018726],[-86.7770529218679,36.2554061715],[-86.7770637506403,36.2554128107378],[-86.7770731312514,36.2554207642919],[-86.7770808235808,36.2554298291242],[-86.7770866317237,36.2554397721707],[-86.7770904040707,36.2554503384528],[-86.7770920444959,36.255461257314],[-86.7770920815642,36.2554660598157],[-86.7770890050763,36.2555520098052],[-86.7770886498578,36.2555618591036],[-86.7770851325162,36.2556382551131],[-86.7770802081361,36.2557145997859],[-86.7770798362062,36.2557145724366],[-86.7766263440344,36.2556825214389],[-86.7766410271982,36.2555458171028],[-86.7766503633591,36.2554588382273]]]},"properties":{"id":"139265","parcel":"050020A91800CO","address":"0 HAVENBROOK DR","owner":"BELLE ARBOR HOMEOWNER'S ASSOCIATION, INC","point":[-86.77686799558961,36.25550594136051]}},{"type":"Feature","id":"139695","geometry":{"type":"Polygon","coordinates":[[[-86.7751837787262,36.2550225102641],[-86.7751870373304,36.2549942271848],[-86.7754658092274,36.2550152994477],[-86.7754841086725,36.2550163509226],[-86.7755106439438,36.2550186905914],[-86.7760898305747,36.2550697442905],[-86.7762602151643,36.2550847622971],[-86.7767087307443,36.25512429544],[-86.7771021680152,36.2551589719502],[-86.7771023361804,36.2551589861899],[-86.7771020759764,36.2551617285528],[-86.7771020292858,36.2551630951422],[-86.7771014903544,36.2551891635473],[-86.7771009587067,36.2551950908571],[-86.7770980496102,36.2552066310964],[-86.7770927480478,36.2552175991094],[-86.7770852110821,36.2552276712394],[-86.7770756594903,36.2552365531615],[-86.7770644253627,36.2552439543406],[-86.7770517996212,36.2552496980639],[-86.7770381511908,36.2552536188328],[-86.7770238784213,36.2552556014296],[-86.7770093969095,36.2552555873044],[-86.7759656078349,36.2551820775958],[-86.7758556099148,36.255172515132],[-86.7758287564567,36.2551697332674],[-86.775290200222,36.2551121891175],[-86.7752324075963,36.2551071037698],[-86.775174433774,36.2551036291823],[-86.7751837787262,36.2550225102641]]]},"properties":{"id":"139695","parcel":"050020A92000CO","address":"0 HAVENBROOK DR","owner":"BELLE ARBOR HOMEOWNER'S ASSOCIATION, INC.","point":[-86.77622367355323,36.25514036039349]}},{"type":"Feature","id":"139984","geometry":{"type":"Polygon","coordinates":[[[-86.7741401469365,36.2555497687321],[-86.7742339354359,36.2555364142959],[-86.7742458775293,36.2555914354399],[-86.7741520900795,36.255604789878],[-86.7741401469365,36.2555497687321]]]},"properties":{"id":"139984","parcel":"050020A28100CO","address":"3610 BROOKWAY DR","owner":"RATHSBURG, AMY ELIZABETH","point":[-86.77419301242907,36.25557060209806]}},{"type":"Feature","id":"139986","geometry":{"type":"Polygon","coordinates":[[[-86.7741520900795,36.255604789878],[-86.7742458775293,36.2555914354399],[-86.774257290596,36.2556440148918],[-86.774163503086,36.2556573693387],[-86.7741520900795,36.255604789878]]]},"properties":{"id":"139986","parcel":"050020A28200CO","address":"3612 BROOKWAY DR","owner":"DOZIER, BRITNEY M & HEREFORD, WILLIAM H","point":[-86.7742046903247,36.25562440239645]}},{"type":"Feature","id":"139988","geometry":{"type":"Polygon","coordinates":[[[-86.7742564180822,36.2561081025509],[-86.7743475284628,36.2560793367682],[-86.7743720746662,36.2561303359728],[-86.7742809642182,36.2561590999711],[-86.7742564180822,36.2561081025509]]]},"properties":{"id":"139988","parcel":"050020A28800CO","address":"3624 BROOKWAY DR","owner":"VASQUEZ-ARCE, ANDREA","point":[-86.7743142464579,36.25611921927599]}},{"type":"Feature","id":"139990","geometry":{"type":"Polygon","coordinates":[[[-86.7743055172205,36.2562101135642],[-86.7743966265878,36.2561813477526],[-86.7744216941924,36.2562334296054],[-86.7743305847742,36.2562621954355],[-86.7743055172205,36.2562101135642]]]},"properties":{"id":"139990","parcel":"050020A29000CO","address":"3628 BROOKWAY DR","owner":"DILLENBURG, MARY","point":[-86.77436360569783,36.256221771598895]}},{"type":"Feature","id":"139992","geometry":{"type":"Polygon","coordinates":[[[-86.7743305847742,36.2562621954355],[-86.7744216941924,36.2562334296054],[-86.7744453908822,36.2562826623889],[-86.774354281416,36.2563114282365],[-86.7743305847742,36.2562621954355]]]},"properties":{"id":"139992","parcel":"050020A29100CO","address":"3630 BROOKWAY DR","owner":"BARNES, ALLYSON LEE","point":[-86.77438798782072,36.25627242892595]}},{"type":"Feature","id":"139994","geometry":{"type":"Polygon","coordinates":[[[-86.7748364603726,36.2564226287632],[-86.7749287312728,36.2563962271828],[-86.7749499351768,36.2564448350682],[-86.7748576631231,36.2564712375727],[-86.7748364603726,36.2564226287632]]]},"properties":{"id":"139994","parcel":"050020A29400CO","address":"3637 BROOKWAY DR","owner":"BAL, SATWANT S & SURINDER K","point":[-86.77489319759673,36.25643373192881]}},{"type":"Feature","id":"139996","geometry":{"type":"Polygon","coordinates":[[[-86.7747685940372,36.2562670447872],[-86.7748608636661,36.2562406432645],[-86.7748840617597,36.2562938239132],[-86.7747917909638,36.2563202254603],[-86.7747685940372,36.2562670447872]]]},"properties":{"id":"139996","parcel":"050020A29700CO","address":"3631 BROOKWAY DR","owner":"MILLS, STEPHEN & CLEOTILDE GUADALUPE","point":[-86.77482632774907,36.25628043436385]}},{"type":"Feature","id":"139997","geometry":{"type":"Polygon","coordinates":[[[-86.7746223979739,36.2558782455834],[-86.774717890429,36.2558595408714],[-86.7747340745028,36.2559137389672],[-86.7746385819862,36.2559324436916],[-86.7746223979739,36.2558782455834]]]},"properties":{"id":"139997","parcel":"050020A30300CO","address":"3619 BROOKWAY DR","owner":"AWOTAYO, OLUSEYI SOLOMON","point":[-86.77467823622578,36.25589599228831]}},{"type":"Feature","id":"139998","geometry":{"type":"Polygon","coordinates":[[[-86.7746192529217,36.2553136685785],[-86.7746269601447,36.2552333109489],[-86.774695060219,36.2552375959874],[-86.7746873530558,36.2553179527201],[-86.7746192529217,36.2553136685785]]]},"properties":{"id":"139998","parcel":"050020A31100CO","address":"1243 HAVENBROOK DR","owner":"RM FOLTZ, INC.","point":[-86.774657156566,36.2552756322891]}},{"type":"Feature","id":"139999","geometry":{"type":"Polygon","coordinates":[[[-86.7738515760412,36.2561080742021],[-86.7738759721612,36.2559168124233],[-86.7739749364341,36.2559250936949],[-86.7739505405415,36.256116354592],[-86.7738515760412,36.2561080742021]]]},"properties":{"id":"139999","parcel":"050020A32200CO","address":"2318 COUNTESS ALY","owner":"ZUNIGA, EMILIANO & HOOD, KRISTI","point":[-86.77391325627958,36.256016583965305]}},{"type":"Feature","id":"140000","geometry":{"type":"Polygon","coordinates":[[[-86.7729319951485,36.2563143148943],[-86.7729561886412,36.2561228085835],[-86.7730574820743,36.2561312027835],[-86.7730490547193,36.2561979092153],[-86.7730332888239,36.2563227091141],[-86.7729319951485,36.2563143148943]]]},"properties":{"id":"140000","parcel":"050020A32900CO","address":"2209 SILVERTON DR","owner":"RANDOLPH, WARREN T & SANDRA F","point":[-86.77299052503685,36.25625611206967]}},{"type":"Feature","id":"140883","geometry":{"type":"Polygon","coordinates":[[[-86.7700336222566,36.2593693779505],[-86.7703900712739,36.2592102597157],[-86.7704369309824,36.259279110752],[-86.7705187945669,36.2593993943077],[-86.7705679112808,36.2594715646027],[-86.7700766433941,36.2594325892609],[-86.7700336222566,36.2593693779505]]]},"properties":{"id":"140883","parcel":"050020A14100CO","address":"2637 COFFENBERRY LN","owner":"ROMAGOSSA, RENEE KIEFFER & BRANDON H.","point":[-86.77030155588763,36.259324371816525]}},{"type":"Feature","id":"140886","geometry":{"type":"Polygon","coordinates":[[[-86.7698698979745,36.2591288092114],[-86.7702263462386,36.2589696914483],[-86.7702732045499,36.25903854256],[-86.7703082091927,36.2590899760589],[-86.769951760552,36.2592490940579],[-86.7698698979745,36.2591288092114]]]},"properties":{"id":"140886","parcel":"050020A14300CO","address":"2629 COFFENBERRY LN","owner":"ANDERSON, LEAH MICHELE","point":[-86.77008905363668,36.259109392836145]}},{"type":"Feature","id":"140890","geometry":{"type":"Polygon","coordinates":[[[-86.7697880356541,36.2590085252064],[-86.7701444835416,36.2588494076791],[-86.7701913417107,36.258918258825],[-86.7702263462386,36.2589696914483],[-86.7698698979745,36.2591288092114],[-86.7697880356541,36.2590085252064]]]},"properties":{"id":"140890","parcel":"050020A14400CO","address":"2625 COFFENBERRY LN","owner":"CLARK, DANIEL JOSEPH II","point":[-86.77000719099942,36.25898910852833]}},{"type":"Feature","id":"141103","geometry":{"type":"Polygon","coordinates":[[[-86.774812699676,36.2552893104476],[-86.7748212736479,36.2552148837529],[-86.7751586803834,36.2552403807641],[-86.7752198827511,36.2552454839267],[-86.7752809541661,36.2552515324044],[-86.7756605497298,36.2552921091442],[-86.7756544881867,36.2553485858804],[-86.774812699676,36.2552893104476]]]},"properties":{"id":"141103","parcel":"050020A91900CO","address":"0 HAVENBROOK DR","owner":"BELLE ARBOR HOMEOWNER'S ASSOCIATION, INC.","point":[-86.77513996888345,36.25527059677737]}},{"type":"Feature","id":"150588","geometry":{"type":"Polygon","coordinates":[[[-86.7761871032239,36.2556514803223],[-86.7762017704573,36.2555148906036],[-86.7766410271982,36.2555458171028],[-86.7766263440344,36.2556825214389],[-86.7761871032239,36.2556514803223]]]},"properties":{"id":"150588","parcel":"050020A17800CO","address":"3751 WILLOW CREEK RD","owner":"KING, RAYSHONDRIA","point":[-86.77641406450854,36.25559864892703]}},{"type":"Feature","id":"153520","geometry":{"type":"Polygon","coordinates":[[[-86.7762017704573,36.2555148906036],[-86.776213221633,36.2554081708044],[-86.7762154097957,36.2553975391689],[-86.7762196238371,36.2553873163025],[-86.7762257605048,36.2553777534146],[-86.7762336707677,36.2553690857863],[-86.776243156425,36.2553615273846],[-86.7762539867259,36.2553552635456],[-86.7762658916761,36.2553504492154],[-86.7762785809087,36.2553472043222],[-86.77629174138,36.2553456056805],[-86.7763050485751,36.2553456950297],[-86.7766598258606,36.2553706733981],[-86.7766503633591,36.2554588382273],[-86.7766410271982,36.2555458171028],[-86.7762017704573,36.2555148906036]]]},"properties":{"id":"153520","parcel":"050020A17700CO","address":"3747 WILLOW CREEK RD","owner":"REED, BRITTNEY RENE & ROBERT PALMER","point":[-86.77643179282168,36.25543350471608]}},{"type":"Feature","id":"155111","geometry":{"type":"Polygon","coordinates":[[[-86.7701163579857,36.2594909440931],[-86.7700766433941,36.2594325892609],[-86.7705679112808,36.2594715646027],[-86.7705612985918,36.2595262411125],[-86.7701163579857,36.2594909440931]]]},"properties":{"id":"155111","parcel":"050020A92100CO","address":"0 COFFENBERRY LN","owner":"BELLE ARBOR HOMEOWNER'S ASSOC., INC.","point":[-86.77033807330994,36.25948124676334]}},{"type":"Feature","id":"155114","geometry":{"type":"Polygon","coordinates":[[[-86.7756251153491,36.2556222430854],[-86.7756398012281,36.2554854135889],[-86.7760452620969,36.2555139608927],[-86.7760305769391,36.2556507931409],[-86.7756251153491,36.2556222430854]]]},"properties":{"id":"155114","parcel":"050020A17500CO","address":"3750 WILLOW CREEK RD","owner":"NGUYEN, THU & BUI, HIEU","point":[-86.77583518892878,36.25556810217438]}},{"type":"Feature","id":"155116","geometry":{"type":"Polygon","coordinates":[[[-86.7756398012281,36.2554854135889],[-86.7756544881867,36.2553485858804],[-86.7756605497298,36.2552921091442],[-86.7758070367897,36.2553077669649],[-86.7758856980771,36.2553154551244],[-86.7759645524528,36.2553217234316],[-86.7759806684551,36.2553228582493],[-86.7759937940425,36.2553246296228],[-86.7760064160556,36.2553280435954],[-86.7760182243128,36.2553330147385],[-86.7760289260739,36.2553394205603],[-86.7760382582965,36.25534710323],[-86.7760459921315,36.2553558740547],[-86.7760519363043,36.2553655179642],[-86.7760559438097,36.2553757952702],[-86.7760579164857,36.2553864542544],[-86.776057806126,36.2553972311615],[-86.7760452620969,36.2555139608927],[-86.7756398012281,36.2554854135889]]]},"properties":{"id":"155116","parcel":"050020A17600CO","address":"3748 WILLOW CREEK RD","owner":"GUIRGUIS, GEORGE","point":[-86.77584880094271,36.255441322553004]}},{"type":"Feature","id":"155137","geometry":{"type":"Polygon","coordinates":[[[-86.7798617572103,36.2501210353716],[-86.7799039360303,36.2500221197612],[-86.7799703065064,36.2500406869316],[-86.7799288630449,36.2501398087103],[-86.7798617572103,36.2501210353716]]]},"properties":{"id":"155137","parcel":"050020D03600CO","address":"2935 WINTERBERRY DR #60","owner":"SMITH, QUINITA N.","point":[-86.77991619886079,36.250080861471325]}},{"type":"Feature","id":"157253","geometry":{"type":"Polygon","coordinates":[[[-86.7799288630449,36.2501398087103],[-86.7799703065064,36.2500406869316],[-86.7800339735506,36.2500584982482],[-86.7799914902703,36.2501573284483],[-86.7799288630449,36.2501398087103]]]},"properties":{"id":"157253","parcel":"050020D03500CO","address":"2935 WINTERBERRY DR #59","owner":"BAKER-ELAM, ZYHIR","point":[-86.77998117916651,36.25009915305117]}},{"type":"Feature","id":"159052","geometry":{"type":"Polygon","coordinates":[[[-86.7733001568995,36.25381304427],[-86.7734562799788,36.2537806564023],[-86.7734806542585,36.2538577290665],[-86.7733245299247,36.2538901169721],[-86.7733001568995,36.25381304427]]]},"properties":{"id":"159052","parcel":"050020F00100CO","address":"3405 MEADOW CT","owner":"BHAMIDIPATI FAMILY REVOCABLE TRUST","point":[-86.77339040539286,36.25383538670195]}},{"type":"Feature","id":"159053","geometry":{"type":"Polygon","coordinates":[[[-86.7731750279126,36.2538294762252],[-86.7732602664927,36.2538058534596],[-86.7735931326966,36.2537169201883],[-86.7736047516247,36.2537959094296],[-86.7737708540927,36.2537775996183],[-86.7736047576805,36.2537959598606],[-86.7736192883802,36.2538947587745],[-86.7736226394604,36.2539169422233],[-86.7736308541771,36.2539716051862],[-86.7732623673537,36.2540212081109],[-86.7732298417736,36.2540247121116],[-86.7732146481067,36.253959083259],[-86.7731963683443,36.2538939725405],[-86.7731750279126,36.2538294762252]],[[-86.7733343373134,36.2539196313014],[-86.7733572157136,36.2539900596603],[-86.7735125043653,36.2539569668823],[-86.7734896258455,36.2538865394534],[-86.7733343373134,36.2539196313014]],[[-86.7733001568995,36.25381304427],[-86.7733245299247,36.2538901169721],[-86.7734806542585,36.2538577290665],[-86.7734562799788,36.2537806564023],[-86.7733001568995,36.25381304427]]]},"properties":{"id":"159053","parcel":"050020F90000CO","address":"3407 B MEADOW CT","owner":"O.I.C. 3405 MEADOW COURT TOWNHOMES","point":[-86.77351394049246,36.2538721887925]}},{"type":"Feature","id":"160893","geometry":{"type":"Polygon","coordinates":[[[-86.7733343373134,36.2539196313014],[-86.7734896258455,36.2538865394534],[-86.7735125043653,36.2539569668823],[-86.7733572157136,36.2539900596603],[-86.7733343373134,36.2539196313014]]]},"properties":{"id":"160893","parcel":"050020F00200CO","address":"3407 MEADOW CT","owner":"BHAMIDIPATI FAMILY REVOCABLE TRUST","point":[-86.77342342078087,36.253938299124904]}},{"type":"Feature","id":"168036","geometry":{"type":"Polygon","coordinates":[[[-86.7791794376987,36.2523169789422],[-86.7793607215143,36.2520848237527],[-86.7793709863474,36.2520900388506],[-86.7793971017087,36.2521029474932],[-86.7794657386113,36.2521344593526],[-86.7795083712711,36.2521523669817],[-86.7793565010861,36.2523979784542],[-86.7792963839772,36.2523725716087],[-86.779237340494,36.2523455617008],[-86.7791794376987,36.2523169789422]]]},"properties":{"id":"168036","parcel":"050020E19500CO","address":"3032 SAPGATE LN","owner":"BOND, AISHA HARRIS","point":[-86.77935060087242,36.25223468542762]}},{"type":"Feature","id":"168037","geometry":{"type":"Polygon","coordinates":[[[-86.7789310779311,36.2515451633342],[-86.7792248674671,36.2514079359312],[-86.7793119827475,36.2515137374872],[-86.779042664099,36.2516806854684],[-86.779031607561,36.2516688377613],[-86.7789960983655,36.2516286944306],[-86.7789625712137,36.251587447802],[-86.7789310779311,36.2515451633342]]]},"properties":{"id":"168037","parcel":"050020E20700CO","address":"3017 SAPGATE LN","owner":"ABEBE, AARON GHIRMAY","point":[-86.7791257398301,36.25152945833478]}},{"type":"Feature","id":"168352","geometry":{"type":"Polygon","coordinates":[[[-86.7790132030841,36.2522221157697],[-86.7792221003639,36.2520057186002],[-86.7792580370476,36.252027857595],[-86.7793043052267,36.2520546344546],[-86.7793607215143,36.2520848237527],[-86.7791794376987,36.2523169789422],[-86.779122739324,36.2522868544671],[-86.7790673069038,36.2522552221279],[-86.7790132030841,36.2522221157697]]]},"properties":{"id":"168352","parcel":"050020E19600CO","address":"3028 SAPGATE LN","owner":"MEYER, JARED & LEE, BAILEY","point":[-86.77919330303004,36.252153481592096]}},{"type":"Feature","id":"168353","geometry":{"type":"Polygon","coordinates":[[[-86.7786935482411,36.2519694477758],[-86.7789555447404,36.2517950232902],[-86.7790110152749,36.2518469884739],[-86.7790696110942,36.2518966506218],[-86.7788303368801,36.252091320505],[-86.7787830836839,36.2520519305523],[-86.7787374695242,36.2520112917039],[-86.7786935482411,36.2519694477758]]]},"properties":{"id":"168353","parcel":"050020E19800CO","address":"3020 SAPGATE LN","owner":"LENT, ERIC VAN","point":[-86.77888656915113,36.25193305856942]}},{"type":"Feature","id":"168354","geometry":{"type":"Polygon","coordinates":[[[-86.7785724080517,36.2518371574823],[-86.7788545265602,36.2516847084365],[-86.7789030058136,36.2517405219992],[-86.7789548368552,36.2517943230786],[-86.7789555447404,36.2517950232902],[-86.7786935482411,36.2519694477758],[-86.7786513670337,36.2519264462316],[-86.7786109719707,36.2518823327399],[-86.7785724080517,36.2518371574823]]]},"properties":{"id":"168354","parcel":"050020E19900CO","address":"3016 SAPGATE LN","owner":"DETHE, SOLOMON SUDHAKAR & REBEKA SOLOMON","point":[-86.77876768621157,36.25181609740066]}},{"type":"Feature","id":"168355","geometry":{"type":"Polygon","coordinates":[[[-86.7787777324348,36.2512736110268],[-86.7790908680816,36.2511681246411],[-86.7791565368497,36.2512960072668],[-86.7788435539475,36.251401793848],[-86.7787777324348,36.2512736110268]]]},"properties":{"id":"168355","parcel":"050020E20500CO","address":"3009 SAPGATE LN","owner":"KEPPLER, ANDREW","point":[-86.7789671345764,36.251284809296585]}},{"type":"Feature","id":"168939","geometry":{"type":"Polygon","coordinates":[[[-86.7798323910271,36.2525730773156],[-86.779971634139,36.2523226043219],[-86.7801262553001,36.2523789948263],[-86.7799870125689,36.2526294670929],[-86.7798323910271,36.2525730773156]]]},"properties":{"id":"168939","parcel":"050020E19100CO","address":"3048 SAPGATE LN","owner":"FRIEDLAND, STEPHAN ANDREW","point":[-86.77997932324539,36.25247603616241]}},{"type":"Feature","id":"168944","geometry":{"type":"Polygon","coordinates":[[[-86.7796777696964,36.2525166864384],[-86.7798170132067,36.2522662145198],[-86.779971634139,36.2523226043219],[-86.7798323910271,36.2525730773156],[-86.7796777696964,36.2525166864384]]]},"properties":{"id":"168944","parcel":"050020E19200CO","address":"3044 SAPGATE LN","owner":"BHATTARAI, SWIKAR","point":[-86.77982470219713,36.25241964547198]}},{"type":"Feature","id":"168950","geometry":{"type":"Polygon","coordinates":[[[-86.7795231485946,36.2524602962635],[-86.7796623924944,36.252209824519],[-86.7798170132067,36.2522662145198],[-86.7796777696964,36.2525166864384],[-86.7795231485946,36.2524602962635]]]},"properties":{"id":"168950","parcel":"050020E19300CO","address":"3040 SAPGATE LN","owner":"MENDOZA, JOSE CARLOS","point":[-86.77967008108126,36.25236325548331]}},{"type":"Feature","id":"168957","geometry":{"type":"Polygon","coordinates":[[[-86.7793565010861,36.2523979784542],[-86.7795083712711,36.2521523669817],[-86.7795234802066,36.252158420519],[-86.7795717575612,36.2521767693699],[-86.7796623924944,36.252209824519],[-86.7795231485946,36.2524602962635],[-86.7794325134331,36.2524272410123],[-86.7793565010861,36.2523979784542]]]},"properties":{"id":"168957","parcel":"050020E19400CO","address":"3036 SAPGATE LN","owner":"JONES, JASMINE","point":[-86.77951238491174,36.25230390700087]}},{"type":"Feature","id":"168962","geometry":{"type":"Polygon","coordinates":[[[-86.7784681164357,36.2516957631664],[-86.7787675598191,36.2515668009503],[-86.7788045357413,36.2516202282902],[-86.7788444033919,36.2516722724903],[-86.7788478310163,36.2516765132953],[-86.7788545265602,36.2516847084365],[-86.7785724080517,36.2518371574823],[-86.7785357169297,36.2517909697607],[-86.7785009413959,36.2517438215734],[-86.7784681164357,36.2516957631664]]]},"properties":{"id":"168962","parcel":"050020E20000CO","address":"3012 SAPGATE LN","owner":"KUMAR, ERIC","point":[-86.7786365445317,36.25172007376828]}},{"type":"Feature","id":"168968","geometry":{"type":"Polygon","coordinates":[[[-86.7795564756247,36.2519923493335],[-86.7795565338583,36.2519826569459],[-86.7795582766283,36.2519730672472],[-86.7795616679924,36.2519637724347],[-86.7795666429997,36.251954956782],[-86.7795730987815,36.2519467957943],[-86.7797173604388,36.2517900402053],[-86.7799134539838,36.2518615566521],[-86.7797742114802,36.2521120278104],[-86.7796358091436,36.2520615525372],[-86.7796045522981,36.252049812691],[-86.7795934311135,36.2520446427929],[-86.7795833998448,36.2520381734733],[-86.7795746869329,36.2520305519642],[-86.7795674943984,36.2520219545083],[-86.7795619832715,36.2520125756376],[-86.7795582825374,36.2520026326218],[-86.7795564756247,36.2519923493335]]]},"properties":{"id":"168968","parcel":"050020E21000CO","address":"3035 SAPGATE LN","owner":"SIYEM, NICOLE","point":[-86.77971668481061,36.25195114672835]}},{"type":"Feature","id":"169746","geometry":{"type":"Polygon","coordinates":[[[-86.7788594433159,36.2521143282843],[-86.7790938819655,36.2519158357916],[-86.779102668677,36.2519225943658],[-86.779120661905,36.2519361430527],[-86.779170542787,36.2519717333964],[-86.7792221003639,36.2520057186002],[-86.7790132030841,36.2522221157697],[-86.778960484974,36.2521875719772],[-86.7789092130467,36.2521516300173],[-86.7788594433159,36.2521143282843]]]},"properties":{"id":"169746","parcel":"050020E19700CO","address":"3024 SAPGATE LN","owner":"WOLFE, GRETCHEN LEIGH","point":[-86.7790466429857,36.25206003442458]}},{"type":"Feature","id":"169748","geometry":{"type":"Polygon","coordinates":[[[-86.7783823455391,36.2515479650496],[-86.7786954839084,36.2514424796899],[-86.7786988065685,36.2514489499602],[-86.7787285045933,36.2515034354277],[-86.7787610794099,36.251556830763],[-86.7787675598191,36.2515668009503],[-86.7784681164357,36.2516957631664],[-86.7784388050335,36.2516493638411],[-86.7784113124856,36.2516022390028],[-86.7783856681869,36.2515544362295],[-86.7783823455391,36.2515479650496]]]},"properties":{"id":"169748","parcel":"050020E20100CO","address":"3008 SAPGATE LN","owner":"ESQUIVEL, EVELYN ROJAS","point":[-86.7785637257399,36.25158447252005]}},{"type":"Feature","id":"169750","geometry":{"type":"Polygon","coordinates":[[[-86.7783172290701,36.2514211500447],[-86.7786303659036,36.2513156639558],[-86.7786954839084,36.2514424796899],[-86.7783823455391,36.2515479650496],[-86.7783172290701,36.2514211500447]]]},"properties":{"id":"169750","parcel":"050020E20200CO","address":"3004 SAPGATE LN","owner":"CHOI, HYEMIN","point":[-86.77850635643605,36.251431815016666]}},{"type":"Feature","id":"169752","geometry":{"type":"Polygon","coordinates":[[[-86.7782521116879,36.2512943341059],[-86.7785652492286,36.2511888490758],[-86.7786303659036,36.2513156639558],[-86.7783172290701,36.2514211500447],[-86.7782521116879,36.2512943341059]]]},"properties":{"id":"169752","parcel":"050020E20300CO","address":"3000 SAPGATE LN","owner":"MENSAH, EWURA ABENA IMPRAIM","point":[-86.77844123879655,36.25130499918033]}},{"type":"Feature","id":"169754","geometry":{"type":"Polygon","coordinates":[[[-86.7787126144459,36.2511467962319],[-86.7790257496696,36.2510413091098],[-86.7790908680816,36.2511681246411],[-86.7787777324348,36.2512736110268],[-86.7787126144459,36.2511467962319]]]},"properties":{"id":"169754","parcel":"050020E20400CO","address":"3005 SAPGATE LN","owner":"PADMANABHANNAIR, AJAIT","point":[-86.77890174125605,36.251157460585965]}},{"type":"Feature","id":"169756","geometry":{"type":"Polygon","coordinates":[[[-86.7788435539475,36.251401793848],[-86.7791565368497,36.2512960072668],[-86.7792248674671,36.2514079359312],[-86.7789310779311,36.2515451633342],[-86.7789227181803,36.2515332711942],[-86.7788957876305,36.251492748081],[-86.7788707121681,36.2514514514494],[-86.7788475279351,36.2514094360436],[-86.7788435539475,36.251401793848]]]},"properties":{"id":"169756","parcel":"050020E20600CO","address":"3013 SAPGATE LN","owner":"BOCCHI, JOSEPH PAUL","point":[-86.77901727492832,36.2514307360085]}},{"type":"Feature","id":"169758","geometry":{"type":"Polygon","coordinates":[[[-86.779042664099,36.2516806854684],[-86.7793119827475,36.2515137374872],[-86.779414306611,36.2516086682663],[-86.7791737307605,36.2518022819793],[-86.7791577357318,36.2517890484684],[-86.7791176899879,36.2517541193029],[-86.7790793148008,36.2517179806938],[-86.779042664099,36.2516806854684]]]},"properties":{"id":"169758","parcel":"050020E20800CO","address":"3021 SAPGATE LN","owner":"FUERSTENBERGER, PAUL CHRISTIAN","point":[-86.77923518659267,36.251644689379006]}},{"type":"Feature","id":"169760","geometry":{"type":"Polygon","coordinates":[[[-86.7791737307605,36.2518022819793],[-86.779414306611,36.2516086682663],[-86.7795819440247,36.2517257556172],[-86.779431791055,36.2518889109538],[-86.7794242170559,36.2518960598367],[-86.7794155058573,36.2519023021902],[-86.7794058220989,36.251907520691],[-86.7793953472874,36.2519116159323],[-86.7793832270286,36.2519147177969],[-86.7793706702824,36.2519163173932],[-86.7793579593225,36.2519163786526],[-86.779345380097,36.2519148997308],[-86.7793332155706,36.2519119148528],[-86.7793217378917,36.2519074898567],[-86.7793112061937,36.2519017249124],[-86.7792637662327,36.25187006184],[-86.7792179160592,36.251836896031],[-86.7791737307605,36.2518022819793]]]},"properties":{"id":"169760","parcel":"050020E20900CO","address":"3025 SAPGATE LN","owner":"HALLY, TORRIE & PAUL","point":[-86.7793840384576,36.251764030408964]}},{"type":"Feature","id":"169762","geometry":{"type":"Polygon","coordinates":[[[-86.7797742114802,36.2521120278104],[-86.7799134539838,36.2518615566521],[-86.779943390828,36.2518724739894],[-86.7800680741954,36.2519179463374],[-86.7799288320902,36.2521684185709],[-86.7797742114802,36.2521120278104]]]},"properties":{"id":"169762","parcel":"050020E21100CO","address":"3039 SAPGATE LN","owner":"SHIN, YULEE","point":[-86.77992114311724,36.25201498716572]}},{"type":"Feature","id":"169768","geometry":{"type":"Polygon","coordinates":[[[-86.7793911174376,36.2514376268326],[-86.779556326222,36.2513414073572],[-86.7797543183287,36.2515644286089],[-86.7797215543876,36.2515856508226],[-86.7796916355711,36.2516094709885],[-86.7796648765591,36.2516356410378],[-86.7796382592179,36.2516645643783],[-86.7795398281153,36.2516051367415],[-86.7793911174376,36.2514376268326]]]},"properties":{"id":"169768","parcel":"050020E23700CO","address":"3305 THORPE RD","owner":"BROSIO, CARRIE & PABLO","point":[-86.77957271782881,36.251501027858595]}},{"type":"Feature","id":"169770","geometry":{"type":"Polygon","coordinates":[[[-86.7800814874395,36.2528906153679],[-86.7789658034436,36.2525022053807],[-86.7785321463867,36.2520718330767],[-86.7782734216251,36.2515648053317],[-86.7781827690338,36.2512117767545],[-86.7782411971785,36.2511952744184],[-86.7782990349185,36.2511774591346],[-86.7783254089704,36.2511688274342],[-86.7783818630499,36.2511492572825],[-86.7784376248798,36.2511284280152],[-86.7784476316643,36.2511251740311],[-86.7784580660106,36.2511229690469],[-86.778468760249,36.2511218483905],[-86.7784735312539,36.2511217113044],[-86.7784836053262,36.2511221366764],[-86.7784935464084,36.2511235227328],[-86.7785032163495,36.2511258514376],[-86.7785165659642,36.251130898027],[-86.778528643502,36.251137730071],[-86.7785342658272,36.2511419089779],[-86.7785415030286,36.2511486162929],[-86.7785476132811,36.2511560248293],[-86.7785524929751,36.2511640081791],[-86.7785652492286,36.2511888490758],[-86.7782521116879,36.2512943341059],[-86.7783172290701,36.2514211500447],[-86.7783823455391,36.2515479650496],[-86.7783856681869,36.2515544362295],[-86.7784113124856,36.2516022390028],[-86.7784388050335,36.2516493638411],[-86.7784681164357,36.2516957631664],[-86.7785009413959,36.2517438215734],[-86.7785357169297,36.2517909697607],[-86.7785724080517,36.2518371574823],[-86.7786109719707,36.2518823327399],[-86.7786513670337,36.2519264462316],[-86.7786935482411,36.2519694477758],[-86.7787374695242,36.2520112917039],[-86.7787830836839,36.2520519305523],[-86.7788303368801,36.252091320505],[-86.7790696110942,36.2518966506218],[-86.7790938819655,36.2519158357916],[-86.7788594433159,36.2521143282843],[-86.7789092130467,36.2521516300173],[-86.778960484974,36.2521875719772],[-86.7790132030841,36.2522221157697],[-86.7790673069038,36.2522552221279],[-86.779122739324,36.2522868544671],[-86.7791794376987,36.2523169789422],[-86.779237340494,36.2523455617008],[-86.7792963839772,36.2523725716087],[-86.7793565010861,36.2523979784542],[-86.7794325134331,36.2524272410123],[-86.7795231485946,36.2524602962635],[-86.7796777696964,36.2525166864384],[-86.7798323910271,36.2525730773156],[-86.7799870125689,36.2526294670929],[-86.7801416354433,36.2526858566642],[-86.7802962563124,36.252742246051],[-86.7804508785231,36.2527986361331],[-86.7806055009448,36.2528550251152],[-86.7807447421179,36.2526045521526],[-86.78078117426,36.2526178390498],[-86.7808094673199,36.2526294751748],[-86.7808362932869,36.2526432026549],[-86.7808614184118,36.2526589004317],[-86.7806364265753,36.2528663036015],[-86.7806763733726,36.2529518442264],[-86.7807669782255,36.2531220135532],[-86.7808311286477,36.2531999209789],[-86.7804026484679,36.2533969294833],[-86.7800814874395,36.2528906153679]]]},"properties":{"id":"169770","parcel":"050020E90600CO","address":"3068 SAPGATE LN","owner":"THORNTON GROVE HOMEOWNERS ASSOCIATION, INC","point":[-86.7789136093237,36.252270703155325]}},{"type":"Feature","id":"178329","geometry":{"type":"Polygon","coordinates":[[[-86.779414306611,36.2516086682663],[-86.7793119827475,36.2515137374872],[-86.7792248674671,36.2514079359312],[-86.7791565368497,36.2512960072668],[-86.7790908680816,36.2511681246411],[-86.7790257496696,36.2510413091098],[-86.7787126144459,36.2511467962319],[-86.7786965366102,36.2511154841713],[-86.7786809885724,36.2510852060297],[-86.7786769690584,36.2510753046945],[-86.7786748418631,36.2510650252576],[-86.7786746571567,36.2510546044238],[-86.778676417267,36.2510442792062],[-86.778678520075,36.2510379172682],[-86.7786804030323,36.2510336413321],[-86.7786878579226,36.2510222979551],[-86.7786975105009,36.2510120994182],[-86.7787090986626,36.2510033222905],[-86.7787223087511,36.250996205621],[-86.7787544393908,36.2509782475682],[-86.7787726259002,36.2509677804261],[-86.77878453763,36.2509692880428],[-86.7788451754043,36.2509324137936],[-86.7788834260199,36.250909835216],[-86.7789233484985,36.2508892448149],[-86.7789647867238,36.2508707211024],[-86.7789683021281,36.2508615913336],[-86.7789753545946,36.2508587835429],[-86.7789829675617,36.2508558324447],[-86.7790111297049,36.2508456335116],[-86.7790335039717,36.2508383009053],[-86.7790699665722,36.2508277411152],[-86.7791709051225,36.2510761751902],[-86.7793369706009,36.2510890978442],[-86.7795066752044,36.2511023032169],[-86.7796706576766,36.2511372698436],[-86.7798347266969,36.2511719707232],[-86.7798941581063,36.2511846444017],[-86.7798811161475,36.2512400570601],[-86.7798397107206,36.2512401972295],[-86.779556326222,36.2513414073572],[-86.7793911174376,36.2514376268326],[-86.7795398281153,36.2516051367415],[-86.7796382592179,36.2516645643783],[-86.7795819440247,36.2517257556172],[-86.779414306611,36.2516086682663]]]},"properties":{"id":"178329","parcel":"050020E90700CO","address":"3001 SAPGATE LN","owner":"THORNTON GROVE HOMEOWNERS ASSOCIATION, INC","point":[-86.7794510474283,36.25126801595285]}},{"type":"Feature","id":"180201","geometry":{"type":"Polygon","coordinates":[[[-86.7799134539838,36.2518615566521],[-86.7797173604388,36.2517900402053],[-86.7797899550948,36.2517111578046],[-86.7798086412831,36.2516931168073],[-86.7798297423289,36.2516769158894],[-86.7798529821307,36.2516627659212],[-86.7798807807437,36.25164975454],[-86.779910381931,36.2516396840033],[-86.7799413121351,36.2516327132824],[-86.7799730817616,36.2516289545876],[-86.7800051817785,36.2516284670817],[-86.779943390828,36.2518724739894],[-86.7799134539838,36.2518615566521]]]},"properties":{"id":"180201","parcel":"050020E90900CO","address":"3304 THORPE RD","owner":"THORNTON GROVE HOMEOWNERS ASSOCIATION, INC","point":[-86.7798639044259,36.25175080193869]}},{"type":"Feature","id":"180202","geometry":{"type":"Polygon","coordinates":[[[-86.7798811161475,36.2512400570601],[-86.7798941581063,36.2511846444017],[-86.7799987083542,36.2512069378124],[-86.780149756825,36.2512391456524],[-86.7798811161475,36.2512400570601]]]},"properties":{"id":"180202","parcel":"050020E91000CO","address":"0 THORPE RD","owner":"THORNTON GROVE HOMEOWNERS ASSOCIATION, INC","point":[-86.7799797176417,36.251222867958504]}},{"type":"Feature","id":"182489","geometry":{"type":"Polygon","coordinates":[[[-86.7735853786069,36.2534952136772],[-86.7736660812887,36.2534700010213],[-86.7737019712981,36.2535453623496],[-86.7736212674383,36.2535705750361],[-86.7735853786069,36.2534952136772]]]},"properties":{"id":"182489","parcel":"050020G00100CO","address":"1820 WESTCHESTER DR","owner":"MCDOWELL, TOD & RACHEL","point":[-86.7736436747488,36.25352028802723]}},{"type":"Feature","id":"182855","geometry":{"type":"Polygon","coordinates":[[[-86.779556326222,36.2513414073572],[-86.7798397107206,36.2512401972295],[-86.7799094745907,36.2515090135096],[-86.7798682193637,36.2515178749897],[-86.7798283241355,36.2515301587266],[-86.7797902193346,36.2515457330652],[-86.7797543183287,36.2515644286089],[-86.779556326222,36.2513414073572]]]},"properties":{"id":"182855","parcel":"050020E23800CO","address":"3309 THORPE RD","owner":"DONURI, KAMALAKAR","point":[-86.77975917833733,36.25142525894669]}},{"type":"Feature","id":"182859","geometry":{"type":"Polygon","coordinates":[[[-86.7799094745907,36.2515090135096],[-86.7798397107206,36.2512401972295],[-86.7798811161475,36.2512400570601],[-86.780149756825,36.2512391456524],[-86.7800790459321,36.2515091409436],[-86.7800368903518,36.2515037352405],[-86.7799942692541,36.2515019059734],[-86.7799516423535,36.2515036709031],[-86.7799094745907,36.2515090135096]]]},"properties":{"id":"182859","parcel":"050020E23900CO","address":"3313 THORPE RD","owner":"CRUZ, JORGE LUIS PEREZ & PEREZ, CARLA","point":[-86.77999438267153,36.25137119398665]}},{"type":"Feature","id":"183723","geometry":{"type":"Polygon","coordinates":[[[-86.7736660812887,36.2534700010213],[-86.7737510083067,36.2534434688729],[-86.7737868972722,36.2535188301836],[-86.7737019712981,36.2535453623496],[-86.7736660812887,36.2534700010213]]]},"properties":{"id":"183723","parcel":"050020G00200CO","address":"1822 WESTCHESTER DR","owner":"DUBOSE, BENJAMIN POWER","point":[-86.77372648944203,36.25349441561802]}},{"type":"Feature","id":"183725","geometry":{"type":"Polygon","coordinates":[[[-86.7734498848232,36.2534958791846],[-86.7737767749392,36.2533509423419],[-86.7737904883917,36.2533465186262],[-86.7738049388698,36.2533440738324],[-86.7738196920029,36.2533436801377],[-86.7738343083896,36.25334535027],[-86.7738483524631,36.2533490338452],[-86.7738614025316,36.2533546200073],[-86.7738730708672,36.253361943608],[-86.7738830070443,36.2533707851855],[-86.7738909169424,36.2533808798551],[-86.77389656173,36.2533919272292],[-86.7739222723248,36.2534397854672],[-86.7739444811626,36.2534887800692],[-86.7739631142697,36.2535387429779],[-86.7735325218317,36.2536228116486],[-86.7734498848232,36.2534958791846]],[[-86.7737019712981,36.2535453623496],[-86.7737868972722,36.2535188301836],[-86.7737510083067,36.2534434688729],[-86.7736660812887,36.2534700010213],[-86.7735853786069,36.2534952136772],[-86.7736212674383,36.2535705750361],[-86.7737019712981,36.2535453623496]]]},"properties":{"id":"183725","parcel":"050020G90000CO","address":"1822 B WESTCHESTER DR","owner":"O.I.C. TOWNHOMES AT 1820 WESTCHESTER","point":[-86.77385421118956,36.253479483137646]}},{"type":"Feature","id":"193224","geometry":{"type":"Polygon","coordinates":[[[-86.7743284693497,36.2538420139218],[-86.7744487235387,36.2538299397998],[-86.7744536337169,36.25386202424],[-86.7744179777553,36.2538656036013],[-86.7744195966137,36.2538761783633],[-86.7743349994399,36.2538846731228],[-86.7743284693497,36.2538420139218]]]},"properties":{"id":"193224","parcel":"050020H00100CO","address":"3513 BROOKWAY DR","owner":"BOONE, JEFFREY","point":[-86.77439105171345,36.2538520190976]}},{"type":"Feature","id":"193227","geometry":{"type":"Polygon","coordinates":[[[-86.7743413762664,36.2539263365268],[-86.7743349994399,36.2538846731228],[-86.7744195966137,36.2538761783633],[-86.7744212772578,36.2538871546852],[-86.7744569321075,36.253883574429],[-86.7744616294599,36.2539142614983],[-86.7743413762664,36.2539263365268]]]},"properties":{"id":"193227","parcel":"050020H00200CO","address":"3515 BROOKWAY DR","owner":"BOONE, JEFFREY","point":[-86.77439849184184,36.25390062707813]}},{"type":"Feature","id":"193230","geometry":{"type":"Polygon","coordinates":[[[-86.7741827599386,36.2538032458904],[-86.7745865501575,36.2537655049591],[-86.7745866724623,36.2537654951626],[-86.7746036355445,36.2538768029937],[-86.7746127648565,36.2539367413348],[-86.7746142500389,36.2539499170467],[-86.7742063319578,36.2539942861399],[-86.7741932278253,36.2538988722477],[-86.7741827599386,36.2538032458904]],[[-86.7743284693497,36.2538420139218],[-86.7743349994399,36.2538846731228],[-86.7743413762664,36.2539263365268],[-86.7744616294599,36.2539142614983],[-86.7744569321075,36.253883574429],[-86.7744212772578,36.2538871546852],[-86.7744195966137,36.2538761783633],[-86.7744179777553,36.2538656036013],[-86.7744536337169,36.25386202424],[-86.7744487235387,36.2538299397998],[-86.7743284693497,36.2538420139218]]]},"properties":{"id":"193230","parcel":"050020H90000CO","address":"3513 C BROOKWAY DR","owner":"O.I.C. BROOKWAY TOWNHOMES","point":[-86.77451217565965,36.253880154601426]}},{"type":"Feature","id":"194684","geometry":{"type":"Polygon","coordinates":[[[-86.7719452074517,36.2512907566731],[-86.7723523253773,36.2513237362007],[-86.7723350788787,36.2514664056585],[-86.7723345681337,36.2514706294618],[-86.7723156033781,36.2514690410188],[-86.7722484697291,36.2514644708952],[-86.7721811316406,36.2514627860304],[-86.7721137783223,36.2514639924251],[-86.7720465977755,36.2514680861741],[-86.7720253389384,36.2514698415494],[-86.7720116961623,36.2514700738197],[-86.7719981840844,36.2514685306985],[-86.7719851524843,36.2514652523098],[-86.7719729393321,36.251460323014],[-86.7719618607669,36.2514538705712],[-86.7719522032634,36.2514460616845],[-86.771944218043,36.2514370993322],[-86.7719381098773,36.2514272156294],[-86.7719340403817,36.2514166673003],[-86.7719321112212,36.2514057249709],[-86.7719323752541,36.2513946749002],[-86.7719452074517,36.2512907566731]]]},"properties":{"id":"194684","parcel":"050070A01600CO","address":"4200 SKYRIDGE DR","owner":"TAPIA, MONICA","point":[-86.77214239691364,36.25135920582376]}},{"type":"Feature","id":"194689","geometry":{"type":"Polygon","coordinates":[[[-86.7720330652396,36.2506784334641],[-86.7723219642001,36.2504473333606],[-86.7723560419893,36.2504550546148],[-86.772388299859,36.2504623630061],[-86.7724013928044,36.2504653291277],[-86.7724063998154,36.250466463333],[-86.772414602839,36.2504683215368],[-86.7724546355342,36.2504773917138],[-86.7724361538283,36.2506302874592],[-86.7724301548932,36.2506799142216],[-86.7720778540363,36.2507391815182],[-86.7720701371332,36.250722461327],[-86.7720599974974,36.2507066128007],[-86.7720475797924,36.2506918657337],[-86.7720330652396,36.2506784334641]]]},"properties":{"id":"194689","parcel":"050070A02200CO","address":"4224 SKYRIDGE DR","owner":"ZARZANA, VICTORIA & MICHAEL","point":[-86.77231741222921,36.25055359607034]}},{"type":"Feature","id":"194692","geometry":{"type":"Polygon","coordinates":[[[-86.7716170815584,36.2506299107133],[-86.7717267119147,36.2503124663916],[-86.771893277615,36.2503502055942],[-86.7717858695642,36.250661214488],[-86.7717733692913,36.2506622090993],[-86.7717608254199,36.250661697103],[-86.7717485117777,36.2506596893674],[-86.7716170815584,36.2506299107133]]]},"properties":{"id":"194692","parcel":"050070A02500CO","address":"4236 SKYRIDGE DR","owner":"SHERIN, TROY D","point":[-86.7717551796403,36.250490058235606]}},{"type":"Feature","id":"194695","geometry":{"type":"Polygon","coordinates":[[[-86.771349269063,36.2505692318963],[-86.7714589015118,36.2502517869036],[-86.7715701570005,36.2502769945593],[-86.771592806662,36.2502821267219],[-86.7714831746987,36.2505995709321],[-86.771349269063,36.2505692318963]]]},"properties":{"id":"194695","parcel":"050070A02700CO","address":"4244 SKYRIDGE DR","owner":"DANIEL, MIKIYAS","point":[-86.77147103801208,36.25042567937346]}},{"type":"Feature","id":"194698","geometry":{"type":"Polygon","coordinates":[[[-86.7709475527445,36.2504782111933],[-86.7710571855722,36.2501607674649],[-86.7711910915276,36.2501911077221],[-86.7710814580815,36.2505085515763],[-86.7709475527445,36.2504782111933]]]},"properties":{"id":"194698","parcel":"050070A03000CO","address":"4256 SKYRIDGE DR","owner":"JOHNS, DANIEL & DENISE","point":[-86.77106932210691,36.25033465952171]}},{"type":"Feature","id":"194701","geometry":{"type":"Polygon","coordinates":[[[-86.7706797412654,36.2504175299884],[-86.7707893762031,36.2501000873914],[-86.770923280832,36.2501304270519],[-86.7708136463974,36.2504478706687],[-86.7706797412654,36.2504175299884]]]},"properties":{"id":"194701","parcel":"050070A03200CO","address":"4264 SKYRIDGE DR","owner":"HANKS, AUTUMN","point":[-86.77080151134304,36.25027397858479]}},{"type":"Feature","id":"194704","geometry":{"type":"Polygon","coordinates":[[[-86.7704119313177,36.2503568490829],[-86.7705215661226,36.2500394058292],[-86.7706554716678,36.2500697466811],[-86.7705458362447,36.2503871900606],[-86.7704119313177,36.2503568490829]]]},"properties":{"id":"194704","parcel":"050070A03400CO","address":"4272 SKYRIDGE DR","owner":"SPENCER, NICHOLAS & NICHOLSON, AIMEE","point":[-86.77053370146366,36.250213297946004]}},{"type":"Feature","id":"194707","geometry":{"type":"Polygon","coordinates":[[[-86.7702780264932,36.2503265079566],[-86.7703876617923,36.2500090648215],[-86.7705215661226,36.2500394058292],[-86.7704119313177,36.2503568490829],[-86.7702780264932,36.2503265079566]]]},"properties":{"id":"194707","parcel":"050070A03500CO","address":"4276 SKYRIDGE DR","owner":"LARUE, PHILIPPE A & HO, THERESA QUYEN","point":[-86.77039979652984,36.250182956957396]}},{"type":"Feature","id":"194710","geometry":{"type":"Polygon","coordinates":[[[-86.7700102160392,36.2502658252649],[-86.7701198534394,36.2499483823601],[-86.7702537575646,36.2499787236652],[-86.7701441206587,36.2502961666886],[-86.7700102160392,36.2502658252649]]]},"properties":{"id":"194710","parcel":"050070A03700CO","address":"4284 SKYRIDGE DR","owner":"YOUSEFZADEH, EDESSA","point":[-86.77013198702386,36.250122274529545]}},{"type":"Feature","id":"194715","geometry":{"type":"Polygon","coordinates":[[[-86.7708205614742,36.2510516655429],[-86.7709677765745,36.2506254125871],[-86.7711016821679,36.2506557529464],[-86.7709638635684,36.2510548032607],[-86.7708205614742,36.2510516655429]]]},"properties":{"id":"194715","parcel":"050070A19800CO","address":"4249 SKYRIDGE DR","owner":"PATEL, JAY SOBHAG","point":[-86.77096112237182,36.25085370933215]}},{"type":"Feature","id":"194718","geometry":{"type":"Polygon","coordinates":[[[-86.7714102966518,36.251184830086],[-86.7715675488744,36.2511975691317],[-86.7715704648831,36.2514971483591],[-86.7714375438146,36.2515017084165],[-86.7714102966518,36.251184830086]]]},"properties":{"id":"194718","parcel":"050070A20600CO","address":"3904 NORTHBROOK DR","owner":"TILESTON, HARRY & TAYLOR","point":[-86.77149662747334,36.25134722051362]}},{"type":"Feature","id":"194731","geometry":{"type":"Polygon","coordinates":[[[-86.7703012288299,36.2508160732425],[-86.7703045420724,36.2507034818877],[-86.7707113919324,36.2507113364659],[-86.7707080792675,36.2508239278315],[-86.7703012288299,36.2508160732425]]]},"properties":{"id":"194731","parcel":"050070A19500CO","address":"4128 WALNUT RIDGE DR","owner":"MUDDANA, SAGAR & SADINENI, TEJASWI & ETAL","point":[-86.7705063105158,36.2507637050307]}},{"type":"Feature","id":"194734","geometry":{"type":"Polygon","coordinates":[[[-86.7703045420724,36.2507034818877],[-86.7703054186288,36.250673686487],[-86.7703078326222,36.2506344713661],[-86.7703127605609,36.250595410553],[-86.7703201856727,36.2505566105014],[-86.7703238483613,36.2505455901359],[-86.7703297137493,36.2505352136371],[-86.770337619936,36.2505257668309],[-86.7703473480411,36.2505175115728],[-86.7703586298793,36.2505106739826],[-86.7703711535318,36.2505054453106],[-86.7703845743504,36.2505019692497],[-86.7703985205024,36.2505003400975],[-86.7704126063485,36.2505006053752],[-86.7704264445853,36.250502755836],[-86.7707332192856,36.2505722664251],[-86.7707223356414,36.2506081541046],[-86.7707153347049,36.25064467042],[-86.770712268336,36.2506815410622],[-86.7707113919324,36.2507113364659],[-86.7703045420724,36.2507034818877]]]},"properties":{"id":"194734","parcel":"050070A19600CO","address":"4132 WALNUT RIDGE DR","owner":"ADOBE HOMES, LLC","point":[-86.77051807712525,36.2506017835189]}},{"type":"Feature","id":"194736","geometry":{"type":"Polygon","coordinates":[[[-86.7704719568444,36.251920788192],[-86.7705986727932,36.2518744193942],[-86.7707662296264,36.2521748158118],[-86.7706395121828,36.2522211847884],[-86.7704719568444,36.251920788192]]]},"properties":{"id":"194736","parcel":"050070A00700CO","address":"3931 NORTHBROOK DR","owner":"HRISTOV FAMILY REVOCABLE TRUST 2020","point":[-86.77061909276277,36.252047802092434]}},{"type":"Feature","id":"194739","geometry":{"type":"Polygon","coordinates":[[[-86.7712041331371,36.2510600644249],[-86.7712504655747,36.2510610791016],[-86.771393767703,36.2510642163095],[-86.7713930230056,36.2510702449975],[-86.771379184517,36.2511823096534],[-86.7714102966518,36.251184830086],[-86.7714375438146,36.2515017084165],[-86.7713972218903,36.2515030915069],[-86.7713534014126,36.2515052521632],[-86.7713097203043,36.2515088142537],[-86.7712041331371,36.2510600644249]]]},"properties":{"id":"194739","parcel":"050070A20700CO","address":"3908 NORTHBROOK DR","owner":"KANDULA, SIREESHA","point":[-86.77134731003682,36.251343122845974]}},{"type":"Feature","id":"194742","geometry":{"type":"Polygon","coordinates":[[[-86.7703945159686,36.251566573866],[-86.7708495609582,36.251463170033],[-86.7709277223293,36.2516032991796],[-86.7705605838692,36.2517376448926],[-86.7705473618966,36.2517414513611],[-86.7705335458562,36.2517434383949],[-86.770519513554,36.2517435531146],[-86.7705056510665,36.251741792157],[-86.7704923371723,36.2517382026753],[-86.7704799355895,36.2517328850924],[-86.7704687881864,36.2517259814282],[-86.7704591972666,36.2517176844244],[-86.7704514287317,36.2517082195003],[-86.7704456931842,36.2516978466748],[-86.7704187942757,36.2516325462315],[-86.7703945159686,36.251566573866]]]},"properties":{"id":"194742","parcel":"050070A21000CO","address":"4100 WALNUT RIDGE DR","owner":"BELE, SHILPAK DILIP & BEHERA, SOMA","point":[-86.77064993534279,36.251617878263005]}},{"type":"Feature","id":"194745","geometry":{"type":"Polygon","coordinates":[[[-86.770356967608,36.2514443816198],[-86.7707959081344,36.251366980684],[-86.7708495609582,36.251463170033],[-86.7703945159686,36.251566573866],[-86.7703746257033,36.2515057034131],[-86.770356967608,36.2514443816198]]]},"properties":{"id":"194745","parcel":"050070A21100CO","address":"4104 WALNUT RIDGE DR","owner":"NAMBURU, MOHAN","point":[-86.77056156840436,36.25148434006427]}},{"type":"Feature","id":"194748","geometry":{"type":"Polygon","coordinates":[[[-86.7708495609582,36.251463170033],[-86.7707959081344,36.251366980684],[-86.7707402170562,36.2512671371382],[-86.7709051756253,36.2512463285477],[-86.7710514690372,36.2515600410198],[-86.770987100613,36.2515815706769],[-86.7709277223293,36.2516032991796],[-86.7708495609582,36.251463170033]]]},"properties":{"id":"194748","parcel":"050070A90800CO","address":"3920 NORTHBROOK DR","owner":"MERITAGE HOMES OF TENNESSEE, INC","point":[-86.77090337283256,36.25141522982013]}},{"type":"Feature","id":"195185","geometry":{"type":"Polygon","coordinates":[[[-86.7714043979888,36.251640328091],[-86.7715433214365,36.2516355630132],[-86.7715433240565,36.2516356035526],[-86.7715605414016,36.2519648839277],[-86.7714216173865,36.2519696499261],[-86.7714043979888,36.251640328091]]]},"properties":{"id":"195185","parcel":"050070A01000CO","address":"3909 NORTHBROOK DR","owner":"SMITH, REBECCA","point":[-86.77148246964971,36.25180260603667]}},{"type":"Feature","id":"195190","geometry":{"type":"Polygon","coordinates":[[[-86.7716822447974,36.2516307905662],[-86.7717520369278,36.2516284026226],[-86.771821097254,36.2516246800608],[-86.7718383893904,36.2519553523531],[-86.7716994654088,36.2519601186709],[-86.7716822447974,36.2516307905662]]]},"properties":{"id":"195190","parcel":"050070A01200CO","address":"3901 NORTHBROOK DR","owner":"SHERIN, TROY","point":[-86.77176031677334,36.251793071486446]}},{"type":"Feature","id":"195196","geometry":{"type":"Polygon","coordinates":[[[-86.7721149361013,36.2516014738201],[-86.7721756975971,36.2516001229942],[-86.7722364588316,36.2516014866945],[-86.7722970350702,36.2516055615956],[-86.7723180444513,36.2516073217282],[-86.7723164257473,36.2516207119837],[-86.7723156349297,36.2516272537809],[-86.7722926126253,36.2518177000746],[-86.772291651916,36.2518256489019],[-86.7722903832885,36.2518361412129],[-86.7722875958037,36.2518591948941],[-86.7722777939271,36.2519402778144],[-86.7721331904086,36.2519452386502],[-86.7721149361013,36.2516014738201]]]},"properties":{"id":"195196","parcel":"050070A01500CO","address":"3881 NORTHBROOK DR","owner":"LOGGINS, JUSTIN","point":[-86.77221273339865,36.251722302941]}},{"type":"Feature","id":"195200","geometry":{"type":"Polygon","coordinates":[[[-86.7719452074517,36.2512907566731],[-86.771959045159,36.251178691956],[-86.7723658752199,36.2512116489408],[-86.7723523253773,36.2513237362007],[-86.7719452074517,36.2512907566731]]]},"properties":{"id":"195200","parcel":"050070A01700CO","address":"4204 SKYRIDGE DR","owner":"BLACKBURN, BRIAN","point":[-86.77215559311533,36.25125120309079]}},{"type":"Feature","id":"195205","geometry":{"type":"Polygon","coordinates":[[[-86.771959045159,36.251178691956],[-86.7719728828271,36.2510666272336],[-86.7723794250154,36.2510995607746],[-86.7723658752199,36.2512116489408],[-86.771959045159,36.251178691956]]]},"properties":{"id":"195205","parcel":"050070A01800CO","address":"4208 SKYRIDGE DR","owner":"SATRAS, VINCENT & PAUL","point":[-86.77216928690235,36.25113912664895]}},{"type":"Feature","id":"195211","geometry":{"type":"Polygon","coordinates":[[[-86.771893277615,36.2503502055942],[-86.7719536493128,36.2503638838553],[-86.7720271830977,36.2503805449303],[-86.7719385501672,36.2506371906438],[-86.7719127958046,36.2506345541059],[-86.7718868411944,36.2506348920555],[-86.771861204814,36.2506382011804],[-86.7718364044919,36.2506444114804],[-86.7718129375117,36.2506533999137],[-86.7717998148891,36.2506582432227],[-86.7717858695642,36.250661214488],[-86.771893277615,36.2503502055942]]]},"properties":{"id":"195211","parcel":"050070A02400CO","address":"4232 SKYRIDGE DR","owner":"MATTIE, MEGAN DARBY & JOHN GERALD, JR.","point":[-86.77191116893209,36.25050743739657]}},{"type":"Feature","id":"195216","geometry":{"type":"Polygon","coordinates":[[[-86.771215363521,36.2505388918106],[-86.7713249964728,36.2502214478378],[-86.7714589015118,36.2502517869036],[-86.771349269063,36.2505692318963],[-86.771215363521,36.2505388918106]]]},"properties":{"id":"195216","parcel":"050070A02800CO","address":"4248 SKYRIDGE DR","owner":"NAMBURU, SUDHARANI","point":[-86.77133713281073,36.25039533942173]}},{"type":"Feature","id":"195223","geometry":{"type":"Polygon","coordinates":[[[-86.7701441206587,36.2502961666886],[-86.7702537575646,36.2499787236652],[-86.7703876617923,36.2500090648215],[-86.7702780264932,36.2503265079566],[-86.7701441206587,36.2502961666886]]]},"properties":{"id":"195223","parcel":"050070A03600CO","address":"4280 SKYRIDGE DR","owner":"HAWKINS, LORENZO III","point":[-86.77026589169854,36.25015261582003]}},{"type":"Feature","id":"195229","geometry":{"type":"Polygon","coordinates":[[[-86.7707288737785,36.2510496575474],[-86.7707047654805,36.2509365192004],[-86.7707080792675,36.2508239278315],[-86.7707113919324,36.2507113364659],[-86.770712268336,36.2506815410622],[-86.7707153347049,36.25064467042],[-86.7707223356414,36.2506081541046],[-86.7707332192856,36.2505722664251],[-86.7709677765745,36.2506254125871],[-86.7708205614742,36.2510516655429],[-86.7707288737785,36.2510496575474]]]},"properties":{"id":"195229","parcel":"050070A19700CO","address":"4253 SKYRIDGE DR","owner":"SUPER PRIME PROPERTIES, LLC","point":[-86.77081412790282,36.25076783219385]}},{"type":"Feature","id":"195235","geometry":{"type":"Polygon","coordinates":[[[-86.7714297475541,36.2509600340867],[-86.7715033995543,36.250746772231],[-86.771764134912,36.2508058475318],[-86.7717764891204,36.2508095051898],[-86.771787996744,36.2508146661265],[-86.7717983806333,36.2508212068391],[-86.7718073900172,36.2508289703105],[-86.7718148083169,36.2508377686624],[-86.7718204565544,36.2508473903441],[-86.7718242011849,36.2508576045886],[-86.7718259485683,36.2508681650525],[-86.7718256583828,36.2508788160393],[-86.7718118082144,36.2509909862757],[-86.7714297475541,36.2509600340867]]]},"properties":{"id":"195235","parcel":"050070A20200CO","address":"4213 SKYRIDGE DR","owner":"MUYIDEEN, GANIYAT","point":[-86.77164284047494,36.2508731414244]}},{"type":"Feature","id":"195241","geometry":{"type":"Polygon","coordinates":[[[-86.7713930230056,36.2510702449975],[-86.771393767703,36.2510642163095],[-86.7714297475541,36.2509600340867],[-86.7718118082144,36.2509909862757],[-86.7717979692191,36.2511030509893],[-86.7713930230056,36.2510702449975]]]},"properties":{"id":"195241","parcel":"050070A20300CO","address":"4209 SKYRIDGE DR","owner":"TURNBOW, JOSHUA","point":[-86.7716068903327,36.251027609307904]}},{"type":"Feature","id":"195257","geometry":{"type":"Polygon","coordinates":[[[-86.7699115144192,36.2523329532828],[-86.7699340760039,36.2522952888314],[-86.7699591771503,36.2522586941944],[-86.7699867444032,36.2522232824939],[-86.7700166897997,36.2521891624385],[-86.7703417339252,36.2523875169436],[-86.7702824539309,36.252468562725],[-86.7699115144192,36.2523329532828]]]},"properties":{"id":"195257","parcel":"050070A00300CO","address":"3947 NORTHBROOK DR","owner":"HEWES, HAYDEN & THOMAS","point":[-86.77007259919827,36.25231440908593]}},{"type":"Feature","id":"195262","geometry":{"type":"Polygon","coordinates":[[[-86.7707253897063,36.2518280504557],[-86.7708675592365,36.2517760266128],[-86.7710351168808,36.2520764226663],[-86.7708929469217,36.2521284467018],[-86.7707253897063,36.2518280504557]]]},"properties":{"id":"195262","parcel":"050070A00900CO","address":"3923 NORTHBROOK DR","owner":"BHRIGUVANSHI, RITWIK","point":[-86.77088025305008,36.25195223666165]}},{"type":"Feature","id":"195268","geometry":{"type":"Polygon","coordinates":[[[-86.7703281175453,36.2513191210354],[-86.7707402170562,36.2512671371382],[-86.7707959081344,36.251366980684],[-86.770356967608,36.2514443816198],[-86.7703413859469,36.251381926335],[-86.7703281175453,36.2513191210354]]]},"properties":{"id":"195268","parcel":"050070A21200CO","address":"4108 WALNUT RIDGE DR","owner":"MOKA, SWETHA","point":[-86.77055793846088,36.25134304327371]}},{"type":"Feature","id":"195274","geometry":{"type":"Polygon","coordinates":[[[-86.7727924050949,36.2532534932946],[-86.7717741821687,36.2523465871461],[-86.7716863232085,36.2523577550685],[-86.7714149685641,36.2524363325777],[-86.7712638311592,36.2525084021353],[-86.7710192721337,36.252724839892],[-86.7710804131258,36.252970937893],[-86.7709899487178,36.2530243417109],[-86.7708225028744,36.2531231880369],[-86.7705877333317,36.2531754364717],[-86.7705728859015,36.2530613955388],[-86.7702758581435,36.2530068948394],[-86.770093938065,36.2528436680133],[-86.7700718000532,36.252823805044],[-86.7700553721462,36.2527433121906],[-86.7700232944776,36.2525861328839],[-86.7700210208876,36.2525749899439],[-86.7699826118046,36.2525681923728],[-86.7699803465918,36.2525677624934],[-86.7699728129461,36.2525663297534],[-86.7699722398992,36.2525662153419],[-86.76994394737,36.2525605366278],[-86.7699430486514,36.2525603440804],[-86.7699399198962,36.2525596772676],[-86.7699257545361,36.2525566474157],[-86.769925368694,36.2525565606509],[-86.7699238219963,36.2525562145142],[-86.7698997589108,36.2525507656949],[-86.7698992816129,36.2525506569816],[-86.7698990920079,36.2525506113249],[-86.7698835098738,36.2525468640909],[-86.7698822127593,36.2525465524133],[-86.7698772529366,36.252545360123],[-86.7698762134561,36.252545109891],[-86.7698758108281,36.2525450133193],[-86.7698678456164,36.2525430245499],[-86.7698648979,36.2525423232355],[-86.769861442537,36.2525415963157],[-86.7698579592169,36.2525409696122],[-86.769857600411,36.2525409169223],[-86.7698542123124,36.2525404707626],[-86.769853862469,36.2525404243243],[-86.7698501256397,36.252539931719],[-86.7698500098457,36.2525399243456],[-86.7698452635382,36.2525396355449],[-86.7698403942161,36.2525395124558],[-86.7698344653313,36.2525393627713],[-86.7698341270169,36.2525393577168],[-86.7698339490724,36.2525393669617],[-86.769830757293,36.252539543213],[-86.7698281410229,36.252539743736],[-86.7698277073886,36.2525397771412],[-86.7698273960578,36.2525398007547],[-86.7698273449111,36.2525398046855],[-86.7698239325291,36.252540066158],[-86.7698237223966,36.2525400837192],[-86.7698183263901,36.2525408390951],[-86.7698176750974,36.2525409171467],[-86.7698173861858,36.252540957741],[-86.7698078995804,36.2525430613063],[-86.76980440095,36.252543837038],[-86.7698043354526,36.2525438527766],[-86.7698042577337,36.2525438703954],[-86.7698007849805,36.2525449046199],[-86.7697989382188,36.2525455130106],[-86.7697981684581,36.2525457666587],[-86.7697955803119,36.2525466861964],[-86.7697952997315,36.2525467826148],[-86.769792092758,36.2525480296424],[-86.7697889411618,36.2525493646393],[-86.7697888159317,36.2525494168082],[-86.7697862471168,36.2525507228572],[-86.7697836783019,36.2525520289062],[-86.769778540663,36.2525546401028],[-86.7697784764445,36.2525546729568],[-86.7697770665637,36.2525555822839],[-86.7697772030265,36.2525554264001],[-86.769805118403,36.2525238752692],[-86.7698093027083,36.2525163646615],[-86.7698105823084,36.2525140709485],[-86.7698131174064,36.2525095224295],[-86.769825066664,36.2524880786505],[-86.7698309538148,36.2524775154865],[-86.7698326128847,36.2524745380133],[-86.7698382473976,36.252464427983],[-86.7698386509528,36.2524637035134],[-86.7698429030716,36.2524560726066],[-86.7698705878066,36.2524063943588],[-86.7699073312109,36.2523404602825],[-86.7699115144192,36.2523329532828],[-86.7702824539309,36.252468562725],[-86.7703417339252,36.2523875169436],[-86.7704217164992,36.2523189079118],[-86.7705183922413,36.2522662534869],[-86.7705451561663,36.252255711268],[-86.7706395121828,36.2522211847884],[-86.7707662296264,36.2521748158118],[-86.7708929469217,36.2521284467018],[-86.7710351168808,36.2520764226663],[-86.7708675592365,36.2517760266128],[-86.7710569172723,36.2517067355115],[-86.771112259238,36.2516882636748],[-86.7711689400472,36.2516726807755],[-86.7712267300041,36.251660051365],[-86.7712853959264,36.2516504246963],[-86.7713446978776,36.2516438419549],[-86.7714043979888,36.251640328091],[-86.7714216173865,36.2519696499261],[-86.7715605414016,36.2519648839277],[-86.7716994654088,36.2519601186709],[-86.7718383893904,36.2519553523531],[-86.7719773133641,36.2519505867768],[-86.7721331904086,36.2519452386502],[-86.7722777939271,36.2519402778144],[-86.7722772964197,36.2519443762589],[-86.7722767977997,36.2519484747106],[-86.7722767183868,36.251949117807],[-86.7722758117385,36.2519566769498],[-86.7722755368339,36.2519589543546],[-86.7722748366343,36.251964747537],[-86.7722712737759,36.2519942167399],[-86.7722684379544,36.2520176780919],[-86.7722671559189,36.2520282795386],[-86.7722668078463,36.2520311558387],[-86.7722655206773,36.2520418014793],[-86.772265177755,36.2520446353879],[-86.7722613976823,36.2520759084712],[-86.7722592743813,36.2520934711156],[-86.7722463452032,36.2522004262728],[-86.7722459837622,36.252203415314],[-86.7722453535462,36.2522086258432],[-86.7722448582872,36.2522127269766],[-86.7722443630017,36.2522168254064],[-86.7722441126377,36.2522209366909],[-86.7722439734997,36.2522232159314],[-86.7722434948154,36.2522310742558],[-86.7722433605646,36.2522332840691],[-86.772242853075,36.252241612127],[-86.772242139379,36.2522533301898],[-86.7722386013465,36.2523113912766],[-86.7722383049324,36.2523162580998],[-86.772238103446,36.2523195615549],[-86.7722379873236,36.2523214621247],[-86.7722378040538,36.2523244653482],[-86.7722343269228,36.2523244749536],[-86.7722260474508,36.2523244972263],[-86.7719793312094,36.2523251616954],[-86.7729309228156,36.2531727172183],[-86.7731390525516,36.2534741530613],[-86.7731379280991,36.2534746622504],[-86.7731322759352,36.2534772228066],[-86.7730650514505,36.2535076725348],[-86.7730280497595,36.253524431811],[-86.7729910491566,36.2535411901674],[-86.772972515286,36.2535143488522],[-86.7727924050949,36.2532534932946]]]},"properties":{"id":"195274","parcel":"050070A90700CO","address":"3915 NORTHBROOK DR","owner":"MERITAGE HOMES OF TENNESSEE, INC","point":[-86.77056682471752,36.252655574779006]}},{"type":"Feature","id":"195516","geometry":{"type":"Polygon","coordinates":[[[-86.7715433214365,36.2516355630132],[-86.7716822447974,36.2516307905662],[-86.7716994654088,36.2519601186709],[-86.7715605414016,36.2519648839277],[-86.7715433240565,36.2516356035526],[-86.7715433214365,36.2516355630132]]]},"properties":{"id":"195516","parcel":"050070A01100CO","address":"3905 NORTHBROOK DR","owner":"BEASLEY JOLLY, ANDREA C & WILLIAMS, SEMI","point":[-86.77162139452584,36.25179786113877]}},{"type":"Feature","id":"195519","geometry":{"type":"Polygon","coordinates":[[[-86.771821097254,36.2516246800608],[-86.7718371959113,36.2516234317405],[-86.7719596759613,36.2516133132716],[-86.7719773133641,36.2519505867768],[-86.7718383893904,36.2519553523531],[-86.771821097254,36.2516246800608]]]},"properties":{"id":"195519","parcel":"050070A01300CO","address":"3889 NORTHBROOK DR","owner":"MUNANYO, LLC","point":[-86.77189920527616,36.251787633446185]}},{"type":"Feature","id":"195522","geometry":{"type":"Polygon","coordinates":[[[-86.7719596759613,36.2516133132716],[-86.7720637923837,36.251604724273],[-86.7721149361013,36.2516014738201],[-86.7721331904086,36.2519452386502],[-86.7719773133641,36.2519505867768],[-86.7719596759613,36.2516133132716]]]},"properties":{"id":"195522","parcel":"050070A01400CO","address":"3885 NORTHBROOK DR","owner":"MADDANA, SAGAR & SADINENI, TEJASWA ETAL","point":[-86.77204636624694,36.25177927586681]}},{"type":"Feature","id":"195525","geometry":{"type":"Polygon","coordinates":[[[-86.7719728828271,36.2510666272336],[-86.7719867204561,36.2509545625059],[-86.7723929747726,36.2509874726031],[-86.7723855301142,36.2510490609357],[-86.7723796010578,36.2510981005306],[-86.7723794250154,36.2510995607746],[-86.7719728828271,36.2510666272336]]]},"properties":{"id":"195525","parcel":"050070A01900CO","address":"4212 SKYRIDGE DR","owner":"SLONE, RYAN & JENNIFER","point":[-86.77218410162672,36.251017876256924]}},{"type":"Feature","id":"195530","geometry":{"type":"Polygon","coordinates":[[[-86.7719867204561,36.2509545625059],[-86.7719880509035,36.2509437886114],[-86.7719904100044,36.2509331829865],[-86.7719947872614,36.2509230069792],[-86.7720010771807,36.2509135109087],[-86.7720091229212,36.2509049282985],[-86.7720187284895,36.2508974712924],[-86.7720377748097,36.2508828863847],[-86.7720540561311,36.2508662498787],[-86.7720672374912,36.250847900081],[-86.7724065244915,36.2508753844264],[-86.7723929747726,36.2509874726031],[-86.7719867204561,36.2509545625059]]]},"properties":{"id":"195530","parcel":"050070A02000CO","address":"4216 SKYRIDGE DR","owner":"PARDIS, FAHIM & NAJIA","point":[-86.77219959050441,36.2509186431248]}},{"type":"Feature","id":"195534","geometry":{"type":"Polygon","coordinates":[[[-86.7720672374912,36.250847900081],[-86.7720774582372,36.2508271781921],[-86.7720837257886,36.2508054487341],[-86.7720858980753,36.2507832046965],[-86.7720839254626,36.25076094749],[-86.7720778540363,36.2507391815182],[-86.7724301548932,36.2506799142216],[-86.7724267321383,36.2507082199366],[-86.7724216970282,36.2507498789201],[-86.7724200433577,36.2507635596056],[-86.7724132844857,36.250819472013],[-86.7724065244915,36.2508753844264],[-86.7720672374912,36.250847900081]]]},"properties":{"id":"195534","parcel":"050070A02100CO","address":"4220 SKYRIDGE DR","owner":"MALLE, ERIC","point":[-86.77225190849335,36.25077338024549]}},{"type":"Feature","id":"195537","geometry":{"type":"Polygon","coordinates":[[[-86.7710814580815,36.2505085515763],[-86.7711910915276,36.2501911077221],[-86.7713249964728,36.2502214478378],[-86.771215363521,36.2505388918106],[-86.7710814580815,36.2505085515763]]]},"properties":{"id":"195537","parcel":"050070A02900CO","address":"4252 SKYRIDGE DR","owner":"RIDOUT, RIVERS","point":[-86.7712032274991,36.250364999771556]}},{"type":"Feature","id":"195541","geometry":{"type":"Polygon","coordinates":[[[-86.7705458362447,36.2503871900606],[-86.7706554716678,36.2500697466811],[-86.7707893762031,36.2501000873914],[-86.7706797412654,36.2504175299884],[-86.7705458362447,36.2503871900606]]]},"properties":{"id":"195541","parcel":"050070A03300CO","address":"4268 SKYRIDGE DR","owner":"PEAVY, DEAVEN ALEXANDRA & CODY SETH","point":[-86.77066760637345,36.25024363879036]}},{"type":"Feature","id":"195544","geometry":{"type":"Polygon","coordinates":[[[-86.7715675488744,36.2511975691317],[-86.7714102966518,36.251184830086],[-86.771379184517,36.2511823096534],[-86.7713930230056,36.2510702449975],[-86.7717979692191,36.2511030509893],[-86.7717841312886,36.2512151147893],[-86.7715675488744,36.2511975691317]]]},"properties":{"id":"195544","parcel":"050070A20400CO","address":"4205 SKYRIDGE DR","owner":"TURNER, CUMBERLAN & GLORIA","point":[-86.77158857695045,36.25114268050507]}},{"type":"Feature","id":"195547","geometry":{"type":"Polygon","coordinates":[[[-86.7697927483569,36.2515404526918],[-86.7701904657786,36.251470749171],[-86.7702056285332,36.2515243424818],[-86.7702223938857,36.251577621854],[-86.7698293123668,36.2516628847991],[-86.7697927483569,36.2515404526918]]]},"properties":{"id":"195547","parcel":"050070A18800CO","address":"4109 WALNUT RIDGE DR","owner":"CHAWLA, PRASHANTH","point":[-86.77000742537759,36.25155903718553]}},{"type":"Feature","id":"195550","geometry":{"type":"Polygon","coordinates":[[[-86.7698730303482,36.251783398519],[-86.7702607173631,36.2516831802949],[-86.7702958466522,36.2517663252558],[-86.7702994513304,36.2517769243671],[-86.7703009217112,36.2517878534223],[-86.7703002205696,36.2517988314699],[-86.7702973652175,36.2518095790131],[-86.7702924275208,36.2518198198122],[-86.7702855373426,36.2518292916776],[-86.7702768692361,36.2518377510606],[-86.7702666458604,36.2518449811439],[-86.7702551280288,36.2518507982123],[-86.7701951526448,36.2518778790551],[-86.770137375878,36.2519079325849],[-86.7700820213567,36.25194084202],[-86.7700293036951,36.25197647892],[-86.7699794285117,36.2520147049887],[-86.7698730303482,36.251783398519]]]},"properties":{"id":"195550","parcel":"050070A19000CO","address":"4101 WALNUT RIDGE DR","owner":"MANDLIK, SEEMA","point":[-86.77008163270884,36.25184754528779]}},{"type":"Feature","id":"195553","geometry":{"type":"Polygon","coordinates":[[[-86.7702979155781,36.2509286645934],[-86.7703012288299,36.2508160732425],[-86.7707080792675,36.2508239278315],[-86.7707047654805,36.2509365192004],[-86.7702979155781,36.2509286645934]]]},"properties":{"id":"195553","parcel":"050070A19400CO","address":"4124 WALNUT RIDGE DR","owner":"MUDDANA, SAGAR & SADINENI, TEJASWI ETAL","point":[-86.77050299729679,36.250876296388455]}},{"type":"Feature","id":"195556","geometry":{"type":"Polygon","coordinates":[[[-86.7710324791027,36.251056305808],[-86.7711071645703,36.2510579417168],[-86.7712041331371,36.2510600644249],[-86.7713097203043,36.2515088142537],[-86.7712427624219,36.2515170455598],[-86.7711765486811,36.2515285688395],[-86.7710324791027,36.251056305808]]]},"properties":{"id":"195556","parcel":"050070A20800CO","address":"3912 NORTHBROOK DR","owner":"GANDHI, RAJEEV & VINITA","point":[-86.77117945497486,36.25128429119199]}},{"type":"Feature","id":"196658","geometry":{"type":"Polygon","coordinates":[[[-86.7719385501672,36.2506371906438],[-86.7720271830977,36.2503805449303],[-86.7723219642001,36.2504473333606],[-86.7720330652396,36.2506784334641],[-86.7720125563611,36.2506639444782],[-86.7719896217634,36.2506520764923],[-86.771964770276,36.250643092122],[-86.7719385501672,36.2506371906438]]]},"properties":{"id":"196658","parcel":"050070A02300CO","address":"4228 SKYRIDGE DR","owner":"ANTHONY, KEVITA","point":[-86.77208727933971,36.25054218028344]}},{"type":"Feature","id":"196662","geometry":{"type":"Polygon","coordinates":[[[-86.7714831746987,36.2505995709321],[-86.771592806662,36.2502821267219],[-86.771645968862,36.2502941721528],[-86.7717267119147,36.2503124663916],[-86.7716170815584,36.2506299107133],[-86.7714831746987,36.2505995709321]]]},"properties":{"id":"196662","parcel":"050070A02600CO","address":"4240 SKYRIDGE DR","owner":"KUMAR, VINAY","point":[-86.77160494377978,36.250456018726815]}},{"type":"Feature","id":"196665","geometry":{"type":"Polygon","coordinates":[[[-86.7708136463974,36.2504478706687],[-86.770923280832,36.2501304270519],[-86.7710571855722,36.2501607674649],[-86.7709475527445,36.2504782111933],[-86.7708136463974,36.2504478706687]]]},"properties":{"id":"196665","parcel":"050070A03100CO","address":"4260 SKYRIDGE DR","owner":"CARLISLE, JACOB E","point":[-86.77093541645785,36.25030431913177]}},{"type":"Feature","id":"196668","geometry":{"type":"Polygon","coordinates":[[[-86.7710324791027,36.251056305808],[-86.7709638635684,36.2510548032607],[-86.7711016821679,36.2506557529464],[-86.771235587855,36.2506860922558],[-86.7711071645703,36.2510579417168],[-86.7710324791027,36.251056305808]]]},"properties":{"id":"196668","parcel":"050070A19900CO","address":"4245 SKYRIDGE DR","owner":"CHALLA, BETELEHEM G & BEZAWIT","point":[-86.77109972612386,36.25087044783956]}},{"type":"Feature","id":"196671","geometry":{"type":"Polygon","coordinates":[[[-86.7712041331371,36.2510600644249],[-86.7711071645703,36.2510579417168],[-86.771235587855,36.2506860922558],[-86.7713694936534,36.2507164323177],[-86.7712504655747,36.2510610791016],[-86.7712041331371,36.2510600644249]]]},"properties":{"id":"196671","parcel":"050070A20000CO","address":"4241 SKYRIDGE DR","owner":"TULL PROPERTIES, LLC","point":[-86.77123832933843,36.25088718709251]}},{"type":"Feature","id":"196674","geometry":{"type":"Polygon","coordinates":[[[-86.7712504655747,36.2510610791016],[-86.7713694936534,36.2507164323177],[-86.7715033995543,36.250746772231],[-86.7714297475541,36.2509600340867],[-86.771393767703,36.2510642163095],[-86.7712504655747,36.2510610791016]]]},"properties":{"id":"196674","parcel":"050070A20100CO","address":"4237 SKYRIDGE DR","owner":"FLOYD, BRANDON & DEANNA","point":[-86.77139442901111,36.250853265319485]}},{"type":"Feature","id":"196677","geometry":{"type":"Polygon","coordinates":[[[-86.7715675488744,36.2511975691317],[-86.7717841312886,36.2512151147893],[-86.7717648487194,36.2513712753143],[-86.7717638863745,36.2513790610231],[-86.7717595217459,36.2514279112395],[-86.7717577504889,36.2514391277537],[-86.7717537300302,36.2514499566779],[-86.771747569893,36.2514601044072],[-86.7717394376419,36.2514692958921],[-86.7717295533898,36.2514772818836],[-86.7717181854179,36.2514838461708],[-86.7717056413181,36.2514888101445],[-86.7716922624917,36.2514920391407],[-86.7716784097199,36.2514934461377],[-86.7715704648831,36.2514971483591],[-86.7715675488744,36.2511975691317]]]},"properties":{"id":"196677","parcel":"050070A20500CO","address":"3900 NORTHBROOK DR","owner":"ABRAHIM, MONSIF & MANAL","point":[-86.77167148292511,36.25129299848873]}},{"type":"Feature","id":"196692","geometry":{"type":"Polygon","coordinates":[[[-86.7698293123668,36.2516628847991],[-86.7702223938857,36.251577621854],[-86.7702407629693,36.2516305890823],[-86.7702607173631,36.2516831802949],[-86.7698730303482,36.251783398519],[-86.7698293123668,36.2516628847991]]]},"properties":{"id":"196692","parcel":"050070A18900CO","address":"4105 WALNUT RIDGE DR","owner":"KATKURI, BINDU SREE","point":[-86.77004493366428,36.251673032585344]}},{"type":"Feature","id":"196695","geometry":{"type":"Polygon","coordinates":[[[-86.7703085716706,36.2511926880838],[-86.7708633209065,36.2511500369103],[-86.7709051756253,36.2512463285477],[-86.7707402170562,36.2512671371382],[-86.7703281175453,36.2513191210354],[-86.77031717631,36.2512560233129],[-86.7703085716706,36.2511926880838]]]},"properties":{"id":"196695","parcel":"050070A19100CO","address":"4112 WALNUT RIDGE DR","owner":"KVG PROPERTIES, LLC","point":[-86.7706029477685,36.2512195011593]}},{"type":"Feature","id":"196698","geometry":{"type":"Polygon","coordinates":[[[-86.7702981595712,36.2510596880914],[-86.7707049179399,36.2510491326168],[-86.7707288737785,36.2510496575474],[-86.7708205614742,36.2510516655429],[-86.7708633209065,36.2511500369103],[-86.7703085716706,36.2511926880838],[-86.7703020799858,36.251126254415],[-86.7702981595712,36.2510596880914]]]},"properties":{"id":"196698","parcel":"050070A19200CO","address":"4116 WALNUT RIDGE DR","owner":"LILLY, NATHAN & MUTZ, MINDY AILEEN","point":[-86.77056954247207,36.25109348828116]}},{"type":"Feature","id":"196701","geometry":{"type":"Polygon","coordinates":[[[-86.7702979155781,36.2509286645934],[-86.7707047654805,36.2509365192004],[-86.7707288737785,36.2510496575474],[-86.7707049179399,36.2510491326168],[-86.7702981595712,36.2510596880914],[-86.7702968330747,36.251000244005],[-86.77029755831,36.2509407922449],[-86.7702979155781,36.2509286645934]]]},"properties":{"id":"196701","parcel":"050070A19300CO","address":"4120 WALNUT RIDGE DR","owner":"HERNANDEZ, ALONSO LEYVA & THOMAS, WILLIAM","point":[-86.77050468776459,36.250970916364956]}},{"type":"Feature","id":"196707","geometry":{"type":"Polygon","coordinates":[[[-86.7700166897997,36.2521891624385],[-86.7700489804319,36.2521563829034],[-86.7700834665465,36.2521251061643],[-86.7701200422401,36.2520954266241],[-86.7701585949253,36.2520674378268],[-86.7704217164992,36.2523189079118],[-86.7703417339252,36.2523875169436],[-86.7700166897997,36.2521891624385]]]},"properties":{"id":"196707","parcel":"050070A00400CO","address":"3943 NORTHBROOK DR","owner":"GUNDA, VAMSHI KRISHNA","point":[-86.77023840102133,36.252254072221305]}},{"type":"Feature","id":"196710","geometry":{"type":"Polygon","coordinates":[[[-86.7701585949253,36.2520674378268],[-86.7701990063643,36.2520412243403],[-86.7702411505054,36.2520168680784],[-86.7702848989933,36.2519944428586],[-86.7703301167624,36.2519740189363],[-86.7705183922413,36.2522662534869],[-86.7704217164992,36.2523189079118],[-86.7701585949253,36.2520674378268]]]},"properties":{"id":"196710","parcel":"050070A00500CO","address":"3939 NORTHBROOK DR","owner":"BOBIER, JARED & LEONARD BOBIER, ELLIE","point":[-86.7703584733565,36.25216688414904]}},{"type":"Feature","id":"196713","geometry":{"type":"Polygon","coordinates":[[[-86.7703301167624,36.2519740189363],[-86.7703776011125,36.2519553145437],[-86.7704719568444,36.251920788192],[-86.7706395121828,36.2522211847884],[-86.7705451561663,36.252255711268],[-86.7705183922413,36.2522662534869],[-86.7703301167624,36.2519740189363]]]},"properties":{"id":"196713","parcel":"050070A00600CO","address":"3935 NORTHBROOK DR","owner":"JUVVALA, KAVITHA & MATSA, PRAVEEN","point":[-86.7704901576102,36.252097612214605]}},{"type":"Feature","id":"196716","geometry":{"type":"Polygon","coordinates":[[[-86.7705986727932,36.2518744193942],[-86.7707253897063,36.2518280504557],[-86.7708929469217,36.2521284467018],[-86.7707662296264,36.2521748158118],[-86.7705986727932,36.2518744193942]]]},"properties":{"id":"196716","parcel":"050070A00800CO","address":"3927 NORTHBROOK DR","owner":"THIRUVENGADAM, RAMASAMY","point":[-86.77074580962088,36.25200143313899]}},{"type":"Feature","id":"196719","geometry":{"type":"Polygon","coordinates":[[[-86.7709051756253,36.2512463285477],[-86.7708633209065,36.2511500369103],[-86.7708205614742,36.2510516655429],[-86.7709638635684,36.2510548032607],[-86.7710324791027,36.251056305808],[-86.7711765486811,36.2515285688395],[-86.7711134357469,36.2515428093797],[-86.7710514690372,36.2515600410198],[-86.7709051756253,36.2512463285477]]]},"properties":{"id":"196719","parcel":"050070A20900CO","address":"3916 NORTHBROOK DR","owner":"ROMINGER, DOUG & COURTNEY","point":[-86.77105223689227,36.25138747054208]}},{"type":"Feature","id":"208166","geometry":{"type":"Polygon","coordinates":[[[-86.7723560419893,36.2504550546148],[-86.7720967694265,36.2500828608863],[-86.7721177813269,36.2500718990316],[-86.7721370677439,36.2500590249385],[-86.7721543678036,36.250044415117],[-86.7721694408797,36.2500282684789],[-86.7721820843941,36.2500108062238],[-86.7724358662544,36.2501157141777],[-86.772388299859,36.2504623630061],[-86.7723560419893,36.2504550546148]]]},"properties":{"id":"208166","parcel":"050070D05600CO","address":"113 DR CAROLYN TUCKER CT","owner":"YOUNG, KATHERINE","point":[-86.77232510927863,36.25028524959434]}},{"type":"Feature","id":"208565","geometry":{"type":"Polygon","coordinates":[[[-86.771893277615,36.2503502055942],[-86.7717267119147,36.2503124663916],[-86.771645968862,36.2502941721528],[-86.7718611061363,36.2500690535007],[-86.7718817899457,36.2500805005884],[-86.7719039849604,36.250089909311],[-86.7719273872502,36.2500971482246],[-86.7719516742944,36.2501021193509],[-86.7719765138397,36.2501047536135],[-86.7719536493128,36.2503638838553],[-86.771893277615,36.2503502055942]]]},"properties":{"id":"208565","parcel":"050070D05400CO","address":"116 DR CAROLYN TUCKER CT","owner":"AHMED, AMIIRA","point":[-86.7718523728731,36.25019954144956]}},{"type":"Feature","id":"208950","geometry":{"type":"Polygon","coordinates":[[[-86.771592806662,36.2502821267219],[-86.7715701570005,36.2502769945593],[-86.7714992579626,36.2501925101619],[-86.7714523139127,36.250080579409],[-86.7717894818554,36.2499878048716],[-86.7717988918936,36.2500065582966],[-86.7718109402005,36.2500242935825],[-86.7718254630796,36.2500407684374],[-86.7718422613884,36.2500557570185],[-86.7718611061363,36.2500690535007],[-86.771645968862,36.2502941721528],[-86.771592806662,36.2502821267219]]]},"properties":{"id":"208950","parcel":"050070D05300CO","address":"112 DR CAROLYN TUCKER CT","owner":"SHAMAVU, BYAMUNGU & BYAMUNGU, JULLY","point":[-86.77163590458572,36.25013685055539]}},{"type":"Feature","id":"211099","geometry":{"type":"Polygon","coordinates":[[[-86.7723219642001,36.2504473333606],[-86.7720271830977,36.2503805449303],[-86.7719536493128,36.2503638838553],[-86.7719765138397,36.2501047536135],[-86.771994672483,36.2501051792425],[-86.7719947982081,36.2501051784392],[-86.7720213863101,36.2501035260043],[-86.7720475133555,36.2500992043118],[-86.7720727727492,36.2500922799488],[-86.7720967694265,36.2500828608863],[-86.7723560419893,36.2504550546148],[-86.7723219642001,36.2504473333606]]]},"properties":{"id":"211099","parcel":"050070D05500CO","address":"117 DR CAROLYN TUCKER CT","owner":"SILER, JASME & WANDA","point":[-86.7720838957704,36.2502347406713]}},{"type":"Feature","id":"218278","geometry":{"type":"Polygon","coordinates":[[[-86.7741590755043,36.2528174034282],[-86.7742249493379,36.2527974423292],[-86.7742755487169,36.2529069881628],[-86.7742096736923,36.2529269492959],[-86.7741590755043,36.2528174034282]]]},"properties":{"id":"218278","parcel":"050020I00200CO","address":"1907 WESTCHESTER DR","owner":"VANGUARD DEVELOPMENT, LLC","point":[-86.7742173118496,36.25286219580929]}},{"type":"Feature","id":"219178","geometry":{"type":"Polygon","coordinates":[[[-86.7740596310617,36.2528439901225],[-86.7741270576119,36.2528247563499],[-86.7741753471208,36.2529358094869],[-86.7741079204878,36.2529550432857],[-86.7740596310617,36.2528439901225]]]},"properties":{"id":"219178","parcel":"050020I00100CO","address":"1905 WESTCHESTER DR","owner":"VANGUARD DEVELOPMENT, LLC","point":[-86.77411748905766,36.25288989981876]}},{"type":"Feature","id":"219184","geometry":{"type":"Polygon","coordinates":[[[-86.7739436452581,36.2526443619571],[-86.7739731548112,36.2526276798243],[-86.7739732193799,36.2526276830157],[-86.7742498067012,36.2526416368674],[-86.7742501075753,36.2526424794075],[-86.7743840061001,36.2530174114079],[-86.7743011863847,36.2530365655186],[-86.77421906717,36.2530576077013],[-86.774137716173,36.2530805222024],[-86.7739436452581,36.2526443619571]],[[-86.7741590755043,36.2528174034282],[-86.7742096736923,36.2529269492959],[-86.7742755487169,36.2529069881628],[-86.7742249493379,36.2527974423292],[-86.7741590755043,36.2528174034282]],[[-86.7740596310617,36.2528439901225],[-86.7741079204878,36.2529550432857],[-86.7741753471208,36.2529358094869],[-86.7741270576119,36.2528247563499],[-86.7740596310617,36.2528439901225]]]},"properties":{"id":"219184","parcel":"050020I90000CO","address":"1905 C WESTCHESTER DR","owner":"O.I.C. NINETEEN FIVE WESTCHESTER DRIVE","point":[-86.7742972570891,36.25287573391384]}},{"type":"Feature","id":"220478","geometry":{"type":"Polygon","coordinates":[[[-86.7736479400588,36.2527919580886],[-86.7736843920455,36.2527737628451],[-86.7736844341238,36.252773741847],[-86.7738996710859,36.2531545685821],[-86.7738210736441,36.253182359],[-86.773743601708,36.2532121483334],[-86.7736673317733,36.253243908156],[-86.7735947651779,36.2531352273282],[-86.773543234001,36.2530580500454],[-86.7735432686648,36.2530579533901],[-86.7736357140992,36.2527980612013],[-86.7736479400588,36.2527919580886]],[[-86.7736745174411,36.2530176943579],[-86.7736137969412,36.2530412550838],[-86.7736711483244,36.2531382170845],[-86.7737318688727,36.2531146554293],[-86.7737247501468,36.2531026207066],[-86.7737857744017,36.2530789426208],[-86.7737291447652,36.2529832026469],[-86.7736681216886,36.2530068815988],[-86.7736745174411,36.2530176943579]]]},"properties":{"id":"220478","parcel":"050020J90000CO","address":"1829 C WESTCHESTER DR","owner":"O.I.C. EIGHTEEN TWENTY NINE WESTCHESTER DRIVE","point":[-86.77361545349528,36.25301218226643]}},{"type":"Feature","id":"223023","geometry":{"type":"Polygon","coordinates":[[[-86.7736745174411,36.2530176943579],[-86.7736681216886,36.2530068815988],[-86.7737291447652,36.2529832026469],[-86.7737857744017,36.2530789426208],[-86.7737247501468,36.2531026207066],[-86.7736745174411,36.2530176943579]]]},"properties":{"id":"223023","parcel":"050020J00200CO","address":"1831 WESTCHESTER DR","owner":"LM1 HOLDINGS, LLC","point":[-86.77373014577788,36.25304831850205]}},{"type":"Feature","id":"223026","geometry":{"type":"Polygon","coordinates":[[[-86.7736844341238,36.252773741847],[-86.7736844762022,36.2527737208489],[-86.7739024690937,36.2526649052441],[-86.7739435096957,36.2526444193036],[-86.7739436471536,36.2526443661508],[-86.774137716173,36.2530805222024],[-86.7740574321447,36.2531031999952],[-86.7739780578954,36.2531278897974],[-86.7738996710859,36.2531545685821],[-86.7736844341238,36.252773741847]],[[-86.7739157605451,36.2529106242878],[-86.7739044131824,36.2529142875333],[-86.7738941063069,36.252893342788],[-86.7738624346346,36.2529035674967],[-86.7738721806974,36.2529233730558],[-86.7738376974958,36.2529356832241],[-86.7738925785941,36.2530472088649],[-86.773971377989,36.2530217702594],[-86.7740489760451,36.2529967196238],[-86.7739943774522,36.2528857699406],[-86.773957497987,36.2528976755122],[-86.7739467506274,36.2528758359512],[-86.7739152997,36.2528859889627],[-86.7739258234255,36.2529073757306],[-86.7739157605451,36.2529106242878]]]},"properties":{"id":"223026","parcel":"050020K90000CO","address":"1901 C WESTCHESTER DR","owner":"O.I.C. NINETEEN ONE WESTCHESTER DRIVE","point":[-86.77381388158422,36.2529004398744]}},{"type":"Feature","id":"223351","geometry":{"type":"Polygon","coordinates":[[[-86.7739157605451,36.2529106242878],[-86.773971377989,36.2530217702594],[-86.7738925785941,36.2530472088649],[-86.7738376974958,36.2529356832241],[-86.7738721806974,36.2529233730558],[-86.7738624346346,36.2529035674967],[-86.7738941063069,36.252893342788],[-86.7739044131824,36.2529142875333],[-86.7739157605451,36.2529106242878]]]},"properties":{"id":"223351","parcel":"050020K00100CO","address":"1901 WESTCHESTER DR","owner":"LM1 HOLDINGS, LLC","point":[-86.77390435915731,36.25297872642299]}},{"type":"Feature","id":"223352","geometry":{"type":"Polygon","coordinates":[[[-86.7739157605451,36.2529106242878],[-86.7739258234255,36.2529073757306],[-86.7739152997,36.2528859889627],[-86.7739467506274,36.2528758359512],[-86.773957497987,36.2528976755122],[-86.7739943774522,36.2528857699406],[-86.7740489760451,36.2529967196238],[-86.773971377989,36.2530217702594],[-86.7739157605451,36.2529106242878]]]},"properties":{"id":"223352","parcel":"050020K00200CO","address":"1903 WESTCHESTER DR","owner":"LM1 HOLDINGS, LLC","point":[-86.77398254669079,36.2529536723115]}},{"type":"Feature","id":"223356","geometry":{"type":"Polygon","coordinates":[[[-86.7742501075753,36.2526424794075],[-86.7742498067012,36.2526416368674],[-86.7742500505029,36.2526416488238],[-86.7742501707304,36.2526416543621],[-86.7743006984976,36.2526442037537],[-86.7743314987161,36.252645251898],[-86.7743647587971,36.2526247363648],[-86.7745089728282,36.2525348157448],[-86.7745090181737,36.2525347875155],[-86.7745093411201,36.25253458627],[-86.7745494047524,36.2526982572045],[-86.7746169589983,36.252974157156],[-86.7746169245678,36.2529741636855],[-86.7745001639728,36.2529947215576],[-86.7743840061001,36.2530174114079],[-86.7742501075753,36.2526424794075]],[[-86.7744440174912,36.2528052428646],[-86.774411003578,36.2528114396377],[-86.774404730598,36.2527895119569],[-86.774369428681,36.252796137956],[-86.7744055318831,36.2529223271296],[-86.7744738478164,36.2529095052403],[-86.7745444672787,36.2528962503678],[-86.7745084986613,36.2527705326239],[-86.7744747728188,36.2527768628563],[-86.7744809110145,36.2527983182431],[-86.7744440174912,36.2528052428646]]]},"properties":{"id":"223356","parcel":"050020L90000CO","address":"1909 C WESTCHESTER DR","owner":"O.I.C. NINETEEN NINE WESTCHESTER DRIVE","point":[-86.77439423681834,36.25277351409075]}},{"type":"Feature","id":"223481","geometry":{"type":"Polygon","coordinates":[[[-86.7736745174411,36.2530176943579],[-86.7737247501468,36.2531026207066],[-86.7737318688727,36.2531146554293],[-86.7736711483244,36.2531382170845],[-86.7736137969412,36.2530412550838],[-86.7736745174411,36.2530176943579]]]},"properties":{"id":"223481","parcel":"050020J00100CO","address":"1829 WESTCHESTER DR","owner":"LM1 HOLDINGS, LLC","point":[-86.77366927349522,36.25307193790801]}},{"type":"Feature","id":"223485","geometry":{"type":"Polygon","coordinates":[[[-86.7744440174912,36.2528052428646],[-86.7744738478164,36.2529095052403],[-86.7744055318831,36.2529223271296],[-86.774369428681,36.252796137956],[-86.774404730598,36.2527895119569],[-86.774411003578,36.2528114396377],[-86.7744440174912,36.2528052428646]]]},"properties":{"id":"223485","parcel":"050020L00100CO","address":"1909 WESTCHESTER DR","owner":"LM1 HOLDINGS, LLC","point":[-86.77442381702247,36.252860437354144]}},{"type":"Feature","id":"223488","geometry":{"type":"Polygon","coordinates":[[[-86.7744440174912,36.2528052428646],[-86.7744809110145,36.2527983182431],[-86.7744747728188,36.2527768628563],[-86.7745084986613,36.2527705326239],[-86.7745444672787,36.2528962503678],[-86.7744738478164,36.2529095052403],[-86.7744440174912,36.2528052428646]]]},"properties":{"id":"223488","parcel":"050020L00200CO","address":"1911 WESTCHESTER DR","owner":"FORD, BIANCA","point":[-86.77449424242249,36.25285074662693]}}]}