{"type":"FeatureCollection","features":[{"type":"Feature","id":"84172","geometry":{"type":"Polygon","coordinates":[[[-86.7809506377337,36.1973118077229],[-86.7812517687915,36.1969798483796],[-86.7813896096725,36.1970597355797],[-86.7810884800002,36.1973916952523],[-86.7809506377337,36.1973118077229]]]},"properties":{"id":"84172","parcel":"07114041200","address":"127 FERN AVE","owner":"PIERCE, GARLAND FLETCHER","point":[-86.78117012426323,36.19718577185545]}},{"type":"Feature","id":"100563","geometry":{"type":"Polygon","coordinates":[[[-86.7817433505541,36.1980163140013],[-86.7816745513596,36.1979712340048],[-86.7816703793891,36.1979754158276],[-86.7815942138629,36.1979255094522],[-86.7816306229772,36.1978890034069],[-86.7816716944828,36.1979159150587],[-86.7816736004327,36.1979140037624],[-86.7817168778668,36.1979423611613],[-86.7817191460809,36.1979400879158],[-86.7818009780962,36.19799370677],[-86.7817902558831,36.1980044579426],[-86.7818070514,36.1980154635481],[-86.7817769536292,36.198045639781],[-86.7817389429695,36.1980207334824],[-86.7817433505541,36.1980163140013]]]},"properties":{"id":"100563","parcel":"071100B00200CO","address":"513 B WEAKLEY AVE","owner":"BARBER, PAUL R","point":[-86.78169329967066,36.197956793180474]}},{"type":"Feature","id":"100564","geometry":{"type":"Polygon","coordinates":[[[-86.7818255391935,36.198175826019],[-86.7814373865795,36.1979189494166],[-86.7815404522027,36.1978099426316],[-86.7819295818732,36.1980673677588],[-86.7818255391935,36.198175826019]],[[-86.7817594212831,36.1980562241486],[-86.7817253761993,36.1980338364311],[-86.7817214165919,36.1980377906641],[-86.7816537282565,36.1979932775675],[-86.781658082046,36.1979889278348],[-86.7815808268619,36.1979381245402],[-86.7815445760656,36.1979743393389],[-86.7815821409775,36.1979990430963],[-86.7815798110253,36.1980013708145],[-86.7816231420906,36.1980298657922],[-86.7816212063201,36.1980317980096],[-86.7817026564114,36.1980853608196],[-86.7817136719208,36.1980743554031],[-86.7817303156222,36.1980853007161],[-86.7817594212831,36.1980562241486]],[[-86.7815942138629,36.1979255094522],[-86.7816703793891,36.1979754158276],[-86.7816745513596,36.1979712340048],[-86.7817433505541,36.1980163140013],[-86.7817389429695,36.1980207334824],[-86.7817769536292,36.198045639781],[-86.7818070514,36.1980154635481],[-86.7817902558831,36.1980044579426],[-86.7818009780962,36.19799370677],[-86.7817191460809,36.1979400879158],[-86.7817168778668,36.1979423611613],[-86.7816736004327,36.1979140037624],[-86.7816716944828,36.1979159150587],[-86.7816306229772,36.1978890034069],[-86.7815942138629,36.1979255094522]]]},"properties":{"id":"100564","parcel":"071100B90000CO","address":"513 C WEAKLEY AVE","owner":"O.I.C. 513 WEAKLEY AVENUE TOWNHOMES","point":[-86.78168045797749,36.19799114748693]}},{"type":"Feature","id":"101200","geometry":{"type":"Polygon","coordinates":[[[-86.7820730340645,36.1973654637549],[-86.7821152841801,36.1973231390304],[-86.7822311606373,36.1973991325971],[-86.7822263786949,36.1974039213358],[-86.7822710339965,36.1974332060238],[-86.7822332465195,36.1974710595731],[-86.7820730340645,36.1973654637549]]]},"properties":{"id":"101200","parcel":"071100A00200CO","address":"523 B WEAKLEY AVE","owner":"KAO, CYRUS","point":[-86.78215203358845,36.197382298086055]}},{"type":"Feature","id":"101614","geometry":{"type":"Polygon","coordinates":[[[-86.7821940419247,36.1975103318631],[-86.7821517268176,36.1974825821574],[-86.7821477662803,36.1974865499304],[-86.7820295506911,36.197409022167],[-86.7820730340645,36.1973654637549],[-86.7822332465195,36.1974710595731],[-86.7821940419247,36.1975103318631]]]},"properties":{"id":"101614","parcel":"071100A00100CO","address":"523 A WEAKLEY AVE","owner":"SIMPSON, JONATHAN C & ANTONIA , MARIA","point":[-86.78213151629323,36.1974400411276]}},{"type":"Feature","id":"101617","geometry":{"type":"Polygon","coordinates":[[[-86.7823503970259,36.1976373006913],[-86.7819569884666,36.197376742079],[-86.7820596982197,36.1972674225897],[-86.7824532891164,36.1975281121777],[-86.7823503970259,36.1976373006913]],[[-86.7822311606373,36.1973991325971],[-86.7821152841801,36.1973231390304],[-86.7820730340645,36.1973654637549],[-86.7820295506911,36.197409022167],[-86.7821477662803,36.1974865499304],[-86.7821517268176,36.1974825821574],[-86.7821940419247,36.1975103318631],[-86.7822332465195,36.1974710595731],[-86.7822710339965,36.1974332060238],[-86.7822263786949,36.1974039213358],[-86.7822311606373,36.1973991325971]]]},"properties":{"id":"101617","parcel":"071100A90000CO","address":"523 C WEAKLEY AVE","owner":"O.I.C. 523 WEAKLEY AVENUE TOWNHOMES","point":[-86.78229547636845,36.1974522116278]}},{"type":"Feature","id":"102275","geometry":{"type":"Polygon","coordinates":[[[-86.7817303156222,36.1980853007161],[-86.7817136719208,36.1980743554031],[-86.7817026564114,36.1980853608196],[-86.7816212063201,36.1980317980096],[-86.7816231420906,36.1980298657922],[-86.7815798110253,36.1980013708145],[-86.7815821409775,36.1979990430963],[-86.7815445760656,36.1979743393389],[-86.7815808268619,36.1979381245402],[-86.781658082046,36.1979889278348],[-86.7816537282565,36.1979932775675],[-86.7817214165919,36.1980377906641],[-86.7817253761993,36.1980338364311],[-86.7817594212831,36.1980562241486],[-86.7817303156222,36.1980853007161]]]},"properties":{"id":"102275","parcel":"071100B00100CO","address":"513 A WEAKLEY AVE","owner":"LI, YUN & LU","point":[-86.78164470841804,36.19801569717902]}},{"type":"Feature","id":"102774","geometry":{"type":"Polygon","coordinates":[[[-86.7806759606297,36.196382990077],[-86.7806862897449,36.1962595441855],[-86.7807946477677,36.1962655011382],[-86.7807932120437,36.1962826488132],[-86.7808062252888,36.1962833640794],[-86.7808045995035,36.1963027787553],[-86.78078063563,36.1963014610598],[-86.7807781453789,36.1963312187958],[-86.7807925236958,36.1963320081522],[-86.7807889807593,36.196374336282],[-86.780756305755,36.1963725395634],[-86.7807539886962,36.1964002376969],[-86.7807153572054,36.1963981144725],[-86.7807164378008,36.1963852149386],[-86.7806759606297,36.196382990077]]]},"properties":{"id":"102774","parcel":"071140M00100CO","address":"118 A FERN AVE","owner":"ORANGE INVESTMENT LLC","point":[-86.78073041819647,36.196316887132255]}},{"type":"Feature","id":"104296","geometry":{"type":"Polygon","coordinates":[[[-86.7804215038773,36.1962853583786],[-86.7804816298504,36.1961671144596],[-86.7805386230944,36.1961708864329],[-86.7805295346597,36.1962706003843],[-86.7805352576509,36.1962725119155],[-86.7805118650539,36.1963185166207],[-86.7804361050879,36.1962932077212],[-86.7804373966191,36.1962906677293],[-86.7804215038773,36.1962853583786]]]},"properties":{"id":"104296","parcel":"071140P00100CO","address":"116 A FERN AVE","owner":"O' LEARY, JARED M & CHELSEA","point":[-86.7804942565911,36.19622067038825]}},{"type":"Feature","id":"104297","geometry":{"type":"Polygon","coordinates":[[[-86.7805511182069,36.1962603117493],[-86.7805550372342,36.1962173196687],[-86.7806137759592,36.196220836982],[-86.7806123960616,36.1962359780856],[-86.7806372978594,36.1962374691014],[-86.7806284808793,36.1963466769961],[-86.7806231386265,36.1963584847151],[-86.7805294498719,36.1963271866408],[-86.7805616627948,36.196263834208],[-86.7805511182069,36.1962603117493]]]},"properties":{"id":"104297","parcel":"071140P00200CO","address":"116 B FERN AVE","owner":"WHITE, MEMORIE & JOHNSON, DONNELL D. SR.","point":[-86.78058907765573,36.19629559020976]}},{"type":"Feature","id":"105035","geometry":{"type":"Polygon","coordinates":[[[-86.7806520876431,36.1964634468346],[-86.7806695002005,36.1962009607832],[-86.7806854101184,36.196202479284],[-86.781012920811,36.1962337349497],[-86.781045990538,36.1962368908516],[-86.7810830135437,36.1962404240345],[-86.7810731540554,36.1962515994704],[-86.7808070416335,36.1965532532945],[-86.7806675057472,36.1964723822953],[-86.7806520876431,36.1964634468346]],[[-86.7808391634217,36.1964578380988],[-86.7808492044913,36.1964468039081],[-86.7808669888266,36.1964574364378],[-86.7809234856039,36.1963955076698],[-86.7809279105621,36.1963221533081],[-86.7808686005797,36.196319802469],[-86.780869237262,36.1963092517881],[-86.7808244602821,36.1963074765749],[-86.7808224345911,36.1963663537733],[-86.7807744117022,36.1964191258576],[-86.7808391634217,36.1964578380988]],[[-86.7807539886962,36.1964002376969],[-86.780756305755,36.1963725395634],[-86.7807889807593,36.196374336282],[-86.7807925236958,36.1963320081522],[-86.7807781453789,36.1963312187958],[-86.78078063563,36.1963014610598],[-86.7808045995035,36.1963027787553],[-86.7808062252888,36.1962833640794],[-86.7807932120437,36.1962826488132],[-86.7807946477677,36.1962655011382],[-86.7806862897449,36.1962595441855],[-86.7806759606297,36.196382990077],[-86.7807164378008,36.1963852149386],[-86.7807153572054,36.1963981144725],[-86.7807539886962,36.1964002376969]]]},"properties":{"id":"105035","parcel":"071140M90000CO","address":"118 C FERN AVE","owner":"O.I.C.  HOMES AT 118 FERN AVE","point":[-86.78078344591042,36.19637875656056]}},{"type":"Feature","id":"105227","geometry":{"type":"Polygon","coordinates":[[[-86.7817128776537,36.1969594227299],[-86.7817260865065,36.1969445457084],[-86.7817321335126,36.1969480737509],[-86.7817645700109,36.1969115401976],[-86.7817713909118,36.1969155183647],[-86.7817917875752,36.1968925465311],[-86.7817849398306,36.1968885523163],[-86.7818379741464,36.1968288184855],[-86.7818329840021,36.1968259072777],[-86.7818734209003,36.1967803624475],[-86.7819268149577,36.1968115076594],[-86.7817672995416,36.1969911670045],[-86.7817128776537,36.1969594227299]]]},"properties":{"id":"105227","parcel":"071140S00100CO","address":"130 A FERN AVE","owner":"DAVIS, DANIEL SCOTT","point":[-86.7818481326558,36.196858752252105]}},{"type":"Feature","id":"105230","geometry":{"type":"Polygon","coordinates":[[[-86.7816310174783,36.1970307972431],[-86.7819212213019,36.1967039431663],[-86.7820612453466,36.1967813730501],[-86.7817688599506,36.1971106849032],[-86.7816310174783,36.1970307972431]],[[-86.7818565200776,36.1969673493692],[-86.7818770981709,36.1969441717602],[-86.7818841539398,36.1969482871943],[-86.7819364338239,36.196889404491],[-86.7819418556608,36.1968925670547],[-86.7819824343972,36.196846862648],[-86.7819292908172,36.1968158645468],[-86.781771526188,36.1969935541178],[-86.7818237393523,36.1970240103449],[-86.7818352766168,36.1970110169568],[-86.7818301131272,36.1970080059301],[-86.7818629048288,36.1969710734958],[-86.7818565200776,36.1969673493692]],[[-86.7817672995416,36.1969911670045],[-86.7819268149577,36.1968115076594],[-86.7818734209003,36.1967803624475],[-86.7818329840021,36.1968259072777],[-86.7818379741464,36.1968288184855],[-86.7817849398306,36.1968885523163],[-86.7817917875752,36.1968925465311],[-86.7817713909118,36.1969155183647],[-86.7817645700109,36.1969115401976],[-86.7817321335126,36.1969480737509],[-86.7817260865065,36.1969445457084],[-86.7817128776537,36.1969594227299],[-86.7817672995416,36.1969911670045]]]},"properties":{"id":"105230","parcel":"071140S90000CO","address":"130 C FERN AVE","owner":"O.I.C. 130 FERN AVENUE RESIDENCES","point":[-86.78176436728728,36.196902018184346]}},{"type":"Feature","id":"105538","geometry":{"type":"Polygon","coordinates":[[[-86.781771526188,36.1969935541178],[-86.7819292908172,36.1968158645468],[-86.7819824343972,36.196846862648],[-86.7819418556608,36.1968925670547],[-86.7819364338239,36.196889404491],[-86.7818841539398,36.1969482871943],[-86.7818770981709,36.1969441717602],[-86.7818565200776,36.1969673493692],[-86.7818629048288,36.1969710734958],[-86.7818301131272,36.1970080059301],[-86.7818352766168,36.1970110169568],[-86.7818237393523,36.1970240103449],[-86.781771526188,36.1969935541178]]]},"properties":{"id":"105538","parcel":"071140S00200CO","address":"130 B FERN AVE","owner":"MILLER, NATHAN D.","point":[-86.78187455509551,36.19691830577854]}},{"type":"Feature","id":"105661","geometry":{"type":"Polygon","coordinates":[[[-86.7804284838981,36.1963648568059],[-86.7803728249897,36.1963483287125],[-86.7805106209566,36.1960770370233],[-86.7806520711999,36.1961934343781],[-86.7806695002005,36.1962009607832],[-86.7806520876431,36.1964634468346],[-86.7806348232131,36.1964534408939],[-86.7805853772715,36.1964247832066],[-86.7805521140104,36.1964077282726],[-86.7805172516759,36.1963929196962],[-86.7804810191808,36.1963804560366],[-86.7804284838981,36.1963648568059]],[[-86.7806137759592,36.196220836982],[-86.7805550372342,36.1962173196687],[-86.7805511182069,36.1962603117493],[-86.7805616627948,36.196263834208],[-86.7805294498719,36.1963271866408],[-86.7806231386265,36.1963584847151],[-86.7806284808793,36.1963466769961],[-86.7806372978594,36.1962374691014],[-86.7806123960616,36.1962359780856],[-86.7806137759592,36.196220836982]],[[-86.7805295346597,36.1962706003843],[-86.7805386230944,36.1961708864329],[-86.7804816298504,36.1961671144596],[-86.7804215038773,36.1962853583786],[-86.7804373966191,36.1962906677293],[-86.7804361050879,36.1962932077212],[-86.7805118650539,36.1963185166207],[-86.7805352576509,36.1962725119155],[-86.7805295346597,36.1962706003843]]]},"properties":{"id":"105661","parcel":"071140P90000CO","address":"116 C FERN AVE","owner":"O.I.C. HOMES AT 116 FERN AVE TOWNHOME AS","point":[-86.78064998666285,36.19626740863672]}},{"type":"Feature","id":"106475","geometry":{"type":"Polygon","coordinates":[[[-86.7808391634217,36.1964578380988],[-86.7807744117022,36.1964191258576],[-86.7808224345911,36.1963663537733],[-86.7808244602821,36.1963074765749],[-86.780869237262,36.1963092517881],[-86.7808686005797,36.196319802469],[-86.7809279105621,36.1963221533081],[-86.7809234856039,36.1963955076698],[-86.7808669888266,36.1964574364378],[-86.7808492044913,36.1964468039081],[-86.7808391634217,36.1964578380988]]]},"properties":{"id":"106475","parcel":"071140M00200CO","address":"118 B FERN AVE","owner":"ORANGE INVESTMENT LLC","point":[-86.78086681742437,36.196380919486856]}},{"type":"Feature","id":"108525","geometry":{"type":"Polygon","coordinates":[[[-86.7820927549015,36.19667035704],[-86.7821792125427,36.196580982163],[-86.7822176303342,36.1966053972081],[-86.7822372487837,36.1966178661423],[-86.7821507911677,36.1967072410599],[-86.7821356663979,36.1966976288427],[-86.7820927549015,36.19667035704]]]},"properties":{"id":"108525","parcel":"071140U00300CO","address":"536 WEAKLEY AVE","owner":"HANOLD & ZHANG, LLC","point":[-86.78216500186653,36.19664411161309]}},{"type":"Feature","id":"109349","geometry":{"type":"Polygon","coordinates":[[[-86.7822457230001,36.1965536143747],[-86.7822881192229,36.196508005334],[-86.7822985317739,36.1965143638661],[-86.7823980719968,36.1965751533945],[-86.7823556758014,36.1966207624729],[-86.7822592577636,36.196561880481],[-86.7822573437207,36.1965607113276],[-86.7822457230001,36.1965536143747]]]},"properties":{"id":"109349","parcel":"071140U00500CO","address":"540 WEAKLEY AVE","owner":"HANOLD & ZHANG, LLC","point":[-86.78232866494935,36.196568516957996]}},{"type":"Feature","id":"109353","geometry":{"type":"Polygon","coordinates":[[[-86.7822881192229,36.196508005334],[-86.7823321921903,36.1964605928038],[-86.7823413473573,36.196466183493],[-86.7824421460477,36.1965277408178],[-86.7823980719968,36.1965751533945],[-86.7822985317739,36.1965143638661],[-86.7822881192229,36.196508005334]]]},"properties":{"id":"109353","parcel":"071140U00600CO","address":"542 WEAKLEY AVE","owner":"HANOLD & ZHANG, LLC","point":[-86.7823703388402,36.19652105236335]}},{"type":"Feature","id":"109356","geometry":{"type":"Polygon","coordinates":[[[-86.782236514411,36.1968297989604],[-86.7820910008045,36.1967478895167],[-86.781957977089,36.1966730108656],[-86.7822326610256,36.1963799546756],[-86.7822472293795,36.1963888494767],[-86.7822922564938,36.1964167690449],[-86.7822924959156,36.1964169180044],[-86.7823516209925,36.1964546240361],[-86.7824175000242,36.1964980831877],[-86.7824177250012,36.1964982331419],[-86.7824828775482,36.1965427721707],[-86.7824851274784,36.1965446259051],[-86.7824851769158,36.1965446778579],[-86.782486966544,36.196546760792],[-86.7824883328016,36.1965490970206],[-86.7824883475313,36.1965491248643],[-86.7824892070472,36.1965516040724],[-86.7824892162443,36.1965516346557],[-86.782489555236,36.1965542123204],[-86.7824893574308,36.1965568168966],[-86.7824886263825,36.1965593577846],[-86.782487410947,36.1965617152506],[-86.7824873792276,36.1965617686306],[-86.7824856619172,36.1965639734308],[-86.7823614377935,36.1966965194379],[-86.7823627324123,36.1966973420124],[-86.7822962384552,36.1967660785653],[-86.782236514411,36.1968297989604]],[[-86.7822937375631,36.1966537651269],[-86.7822372487837,36.1966178661423],[-86.7822176303342,36.1966053972081],[-86.7821792125427,36.196580982163],[-86.78212225165,36.1965447806552],[-86.7820357928723,36.1966341554995],[-86.7820927549015,36.19667035704],[-86.7821356663979,36.1966976288427],[-86.7821507911677,36.1967072410599],[-86.7822072788687,36.1967431409925],[-86.7822627763479,36.1967784110234],[-86.7823492350271,36.1966890360201],[-86.7822937375631,36.1966537651269]],[[-86.7822592577636,36.196561880481],[-86.7823556758014,36.1966207624729],[-86.7823980719968,36.1965751533945],[-86.7824421460477,36.1965277408178],[-86.7823413473573,36.196466183493],[-86.7823321921903,36.1964605928038],[-86.7822881192229,36.196508005334],[-86.7822457230001,36.1965536143747],[-86.7822573437207,36.1965607113276],[-86.7822592577636,36.196561880481]]]},"properties":{"id":"109356","parcel":"071140U90000CO","address":"532 B WEAKLEY AVE","owner":"O.I.C. HOMES AT 1133 BAPTIST WORLD CNTR","point":[-86.78225464113612,36.19659329197124]}},{"type":"Feature","id":"110023","geometry":{"type":"Polygon","coordinates":[[[-86.7822072788687,36.1967431409925],[-86.7822937375631,36.1966537651269],[-86.7823492350271,36.1966890360201],[-86.7822627763479,36.1967784110234],[-86.7822072788687,36.1967431409925]]]},"properties":{"id":"110023","parcel":"071140U00100CO","address":"532 WEAKLEY AVE","owner":"HANOLD & ZHANG, LLC","point":[-86.78227825683871,36.19671608852726]}},{"type":"Feature","id":"111281","geometry":{"type":"Polygon","coordinates":[[[-86.7809122254137,36.1976959123666],[-86.7810369463831,36.1975635079997],[-86.7810852712967,36.1975934128861],[-86.7809510260212,36.1977359297696],[-86.7809026999595,36.1977060248378],[-86.7809122254137,36.1976959123666]]]},"properties":{"id":"111281","parcel":"071100D00200CO","address":"608 VESTER AVE","owner":"CARTER, PRESLEY","point":[-86.78099874864864,36.19764466265847]}},{"type":"Feature","id":"111653","geometry":{"type":"Polygon","coordinates":[[[-86.7821507911677,36.1967072410599],[-86.7822372487837,36.1966178661423],[-86.7822937375631,36.1966537651269],[-86.7822072788687,36.1967431409925],[-86.7821507911677,36.1967072410599]]]},"properties":{"id":"111653","parcel":"071140U00200CO","address":"534 WEAKLEY AVE","owner":"HANOLD & ZHANG, LLC","point":[-86.78222226435595,36.19668050311482]}},{"type":"Feature","id":"111655","geometry":{"type":"Polygon","coordinates":[[[-86.7820357928723,36.1966341554995],[-86.78212225165,36.1965447806552],[-86.7821792125427,36.196580982163],[-86.7820927549015,36.19667035704],[-86.7820357928723,36.1966341554995]]]},"properties":{"id":"111655","parcel":"071140U00400CO","address":"538 WEAKLEY AVE","owner":"HANOLD & ZHANG, LLC","point":[-86.78210750289614,36.196607568853175]}},{"type":"Feature","id":"114542","geometry":{"type":"Polygon","coordinates":[[[-86.7808649599692,36.1976666629872],[-86.7809997400979,36.1975235785478],[-86.7810470066187,36.1975528278684],[-86.7810369463831,36.1975635079997],[-86.7809122254137,36.1976959123666],[-86.7808649599692,36.1976666629872]]]},"properties":{"id":"114542","parcel":"071100D00100CO","address":"610 VESTER AVE","owner":"CARTER, PRESLEY","point":[-86.78095095301414,36.19761508552436]}},{"type":"Feature","id":"115242","geometry":{"type":"Polygon","coordinates":[[[-86.7807616796358,36.1977413911125],[-86.781069585965,36.1974145148422],[-86.7812073547201,36.1974943594505],[-86.7811132132111,36.1975943010235],[-86.7810127516169,36.1977009518315],[-86.7808988577011,36.1978218626582],[-86.7807610897996,36.1977420176981],[-86.7807616796358,36.1977413911125]],[[-86.7810470066187,36.1975528278684],[-86.7809997400979,36.1975235785478],[-86.7808649599692,36.1976666629872],[-86.7809122254137,36.1976959123666],[-86.7809026999595,36.1977060248378],[-86.7809510260212,36.1977359297696],[-86.7810852712967,36.1975934128861],[-86.7810369463831,36.1975635079997],[-86.7810470066187,36.1975528278684]]]},"properties":{"id":"115242","parcel":"071100D90000CO","address":"608 B VESTER AVE","owner":"O.I.C. HOMES AT 610 VESTER AVENUE","point":[-86.78088278008889,36.19763028751116]}},{"type":"Feature","id":"116070","geometry":{"type":"Polygon","coordinates":[[[-86.7823401646708,36.197362411961],[-86.782180439516,36.1972566103415],[-86.7822118922556,36.1972254158076],[-86.7822597033075,36.1972570855234],[-86.7822733666196,36.197243533958],[-86.7823852795834,36.1973176658159],[-86.7823401646708,36.197362411961]]]},"properties":{"id":"116070","parcel":"071100E00200CO","address":"525 B WEAKLEY AVE","owner":"ADAMS, BRITTANY LAJUAN","point":[-86.7822831103367,36.197287304062094]}},{"type":"Feature","id":"120165","geometry":{"type":"Polygon","coordinates":[[[-86.7821510591456,36.1972857482826],[-86.782180439516,36.1972566103415],[-86.7823401646708,36.197362411961],[-86.7822970251803,36.1974051958612],[-86.7821851894099,36.1973311156961],[-86.782198948556,36.1973174697875],[-86.7821510591456,36.1972857482826]]]},"properties":{"id":"120165","parcel":"071100E00100CO","address":"525 A WEAKLEY AVE","owner":"DEFRUSCIO, VICTORIA LEIGH & DOMINIC A","point":[-86.78223746781961,36.197324375344174]}},{"type":"Feature","id":"121738","geometry":{"type":"Polygon","coordinates":[[[-86.7824532891164,36.1975281121777],[-86.7820596982197,36.1972674225897],[-86.7821658111697,36.1971544777186],[-86.7825601996826,36.1974146606967],[-86.7824532891164,36.1975281121777]],[[-86.7823852795834,36.1973176658159],[-86.7822733666196,36.197243533958],[-86.7822597033075,36.1972570855234],[-86.7822118922556,36.1972254158076],[-86.782180439516,36.1972566103415],[-86.7821510591456,36.1972857482826],[-86.782198948556,36.1973174697875],[-86.7821851894099,36.1973311156961],[-86.7822970251803,36.1974051958612],[-86.7823401646708,36.197362411961],[-86.7823852795834,36.1973176658159]]]},"properties":{"id":"121738","parcel":"071100E90000CO","address":"525 C WEAKLEY AVE","owner":"O.I.C. 525 WEAKLEY AVENUE RESIDENCES","point":[-86.7824067946319,36.197347025928]}},{"type":"Feature","id":"132214","geometry":{"type":"Polygon","coordinates":[[[-86.7811391645544,36.1976929546342],[-86.7811804894165,36.1976490824564],[-86.7812396306509,36.1976856803663],[-86.7813140442062,36.1977317282865],[-86.7812727182631,36.1977756005162],[-86.7811983057936,36.1977295516626],[-86.7811477745663,36.1976982830671],[-86.7811391645544,36.1976929546342]]]},"properties":{"id":"132214","parcel":"071100F00200CO","address":"518 WEAKLEY AVE","owner":"ALEFA BNB, LLC","point":[-86.7812293171554,36.197714020239225]}},{"type":"Feature","id":"132711","geometry":{"type":"Polygon","coordinates":[[[-86.7812378431936,36.1975886414111],[-86.7812748328871,36.1975472946437],[-86.7813360786204,36.197583289465],[-86.7814084538168,36.1976258256853],[-86.7813714641563,36.1976671724929],[-86.781297828492,36.1976238963599],[-86.7812451129169,36.1975929141196],[-86.7812378431936,36.1975886414111]]]},"properties":{"id":"132711","parcel":"071100G00200CO","address":"522 WEAKLEY AVE","owner":"ALEFA BNB, LLC","point":[-86.78132530920075,36.1976085036131]}},{"type":"Feature","id":"132713","geometry":{"type":"Polygon","coordinates":[[[-86.7813871545598,36.1977553044344],[-86.7812499857862,36.1976746864738],[-86.7811132132111,36.1975943010235],[-86.7812073547201,36.1974943594505],[-86.7813448083932,36.1975740220832],[-86.7814826504005,36.1976539091639],[-86.7813871545598,36.1977553044344]],[[-86.7813360786204,36.197583289465],[-86.7812748328871,36.1975472946437],[-86.7812378431936,36.1975886414111],[-86.7812451129169,36.1975929141196],[-86.78120838274,36.1976339698932],[-86.7812598479378,36.1976642176005],[-86.7813430461255,36.1977131143291],[-86.7813797762604,36.1976720576142],[-86.7813714641563,36.1976671724929],[-86.7814084538168,36.1976258256853],[-86.7813360786204,36.197583289465]]]},"properties":{"id":"132713","parcel":"071100G90000CO","address":"522 B WEAKLEY AVE","owner":"O.I.C. 520 WEAKLEY AVENUE RESIDENCES","point":[-86.78118473826996,36.19760992436072]}},{"type":"Feature","id":"133472","geometry":{"type":"Polygon","coordinates":[[[-86.7811080221761,36.1977404840358],[-86.7811477745663,36.1976982830671],[-86.7811983057936,36.1977295516626],[-86.7812727182631,36.1977756005162],[-86.781279216057,36.1977796213579],[-86.7812394637049,36.1978218232701],[-86.7811585534236,36.1977717535489],[-86.7811080221761,36.1977404840358]]]},"properties":{"id":"133472","parcel":"071100F00100CO","address":"516 WEAKLEY AVE","owner":"ALEFA BNB, LLC","point":[-86.78118742222888,36.19775621776876]}},{"type":"Feature","id":"133475","geometry":{"type":"Polygon","coordinates":[[[-86.78120838274,36.1976339698932],[-86.7812451129169,36.1975929141196],[-86.781297828492,36.1976238963599],[-86.7813714641563,36.1976671724929],[-86.7813797762604,36.1976720576142],[-86.7813430461255,36.1977131143291],[-86.7812598479378,36.1976642176005],[-86.78120838274,36.1976339698932]]]},"properties":{"id":"133475","parcel":"071100G00100CO","address":"520 WEAKLEY AVE","owner":"ALEFA BNB, LLC","point":[-86.78128757517939,36.197649191445]}},{"type":"Feature","id":"133845","geometry":{"type":"Polygon","coordinates":[[[-86.7812867944375,36.1978618547702],[-86.7811495738116,36.1977812866023],[-86.7810127516169,36.1977009518315],[-86.7811132132111,36.1975943010235],[-86.7812499857862,36.1976746864738],[-86.7813871545598,36.1977553044344],[-86.7812867944375,36.1978618547702]],[[-86.7812396306509,36.1976856803663],[-86.7811804894165,36.1976490824564],[-86.7811391645544,36.1976929546342],[-86.7811477745663,36.1976982830671],[-86.7811080221761,36.1977404840358],[-86.7811585534236,36.1977717535489],[-86.7812394637049,36.1978218232701],[-86.781279216057,36.1977796213579],[-86.7812727182631,36.1977756005162],[-86.7813140442062,36.1977317282865],[-86.7812396306509,36.1976856803663]]]},"properties":{"id":"133845","parcel":"071100F90000CO","address":"516 B WEAKLEY AVE","owner":"O.I.C. 518 WEAKLEY AVENUE RESIDENCES","point":[-86.78108469635161,36.19771619624025]}},{"type":"Feature","id":"137100","geometry":{"type":"Polygon","coordinates":[[[-86.7810796503924,36.1967112477151],[-86.781351230337,36.1964053724596],[-86.78135132761,36.196405426807],[-86.7814912521952,36.1964828039192],[-86.7812174917541,36.1967911360117],[-86.7810796503924,36.1967112477151]],[[-86.7814083790498,36.1965520037962],[-86.7813539542445,36.1965202566739],[-86.7813378498148,36.1965383960347],[-86.7812833590657,36.1965066105532],[-86.7811611689045,36.1966442297754],[-86.7811713783752,36.1966501850514],[-86.7811755397641,36.1966454977047],[-86.7812073144986,36.1966640320559],[-86.7812026087478,36.1966693330797],[-86.7812151153365,36.1966766289869],[-86.7812184431374,36.1966728816404],[-86.7812728679931,36.1967046288224],[-86.7814083790498,36.1965520037962]]]},"properties":{"id":"137100","parcel":"071141B90000CO","address":"124 C FERN AVE","owner":"O.I.C. HOMES AT 124 FERN AVENUE","point":[-86.78119125630475,36.19659794593482]}},{"type":"Feature","id":"137622","geometry":{"type":"Polygon","coordinates":[[[-86.781064139751,36.19637989199],[-86.7810797306293,36.1963622174332],[-86.7811320764934,36.196392555938],[-86.7809963724409,36.1965463850917],[-86.7809440265359,36.1965160474307],[-86.781064139751,36.19637989199]]]},"properties":{"id":"137622","parcel":"071140Z00200CO","address":"120 B FERN AVE","owner":"ANIFOWOSHE REVOCABLE LIVING TRUST","point":[-86.78103805166225,36.196454301721985]}},{"type":"Feature","id":"137624","geometry":{"type":"Polygon","coordinates":[[[-86.7810680265883,36.1965857086814],[-86.7810378243295,36.1965682050788],[-86.7810354402691,36.1965709071612],[-86.7810241453113,36.1965643604576],[-86.7811461784488,36.1964260276871],[-86.7812008247501,36.1964576995664],[-86.7810807116518,36.1965938551401],[-86.7810781351553,36.1965967756722],[-86.7810649871452,36.1965891549396],[-86.7810680265883,36.1965857086814]]]},"properties":{"id":"137624","parcel":"071141A00100CO","address":"122 A FERN AVE","owner":"MYRA INVESTMENTS, LLC","point":[-86.78111248494993,36.19651103004479]}},{"type":"Feature","id":"137625","geometry":{"type":"Polygon","coordinates":[[[-86.7812073144986,36.1966640320559],[-86.7811755397641,36.1966454977047],[-86.7811713783752,36.1966501850514],[-86.7811611689045,36.1966442297754],[-86.7812833590657,36.1965066105532],[-86.7813378498148,36.1965383960347],[-86.7812184431374,36.1966728816404],[-86.7812151153365,36.1966766289869],[-86.7812026087478,36.1966693330797],[-86.7812073144986,36.1966640320559]]]},"properties":{"id":"137625","parcel":"071141B00100CO","address":"124 A FERN AVE","owner":"MOMO REAL ESTATE INVESTMENT, INC","point":[-86.78124950963378,36.19659131293849]}},{"type":"Feature","id":"137626","geometry":{"type":"Polygon","coordinates":[[[-86.7813378498148,36.1965383960347],[-86.7813539542445,36.1965202566739],[-86.7814083790498,36.1965520037962],[-86.7812728679931,36.1967046288224],[-86.7812184431374,36.1966728816404],[-86.7813378498148,36.1965383960347]]]},"properties":{"id":"137626","parcel":"071141B00200CO","address":"124 B FERN AVE","owner":"PHILO, ROBERT & JILEK, MICHELLE MASSEY","point":[-86.78131341137453,36.196612442756916]}},{"type":"Feature","id":"138629","geometry":{"type":"Polygon","coordinates":[[[-86.780931340387,36.1965079009646],[-86.780901138188,36.1964903973275],[-86.7808987552461,36.1964931003012],[-86.7808874591987,36.1964865535918],[-86.7810094924549,36.1963482209566],[-86.781064139751,36.19637989199],[-86.7809440265359,36.1965160474307],[-86.7809414500368,36.1965189679599],[-86.7809283009499,36.1965113481207],[-86.780931340387,36.1965079009646]]]},"properties":{"id":"138629","parcel":"071140Z00100CO","address":"120 A FERN AVE","owner":"ANIFOWOSHEE, OLUMIDE IBRAHIM & DUMKELE EJILIWEBI","point":[-86.78097579939411,36.19643322282368]}},{"type":"Feature","id":"138630","geometry":{"type":"Polygon","coordinates":[[[-86.7809418093172,36.1966313601606],[-86.781211207649,36.1963279417443],[-86.7812113787038,36.1963280361713],[-86.781351230337,36.1964053724596],[-86.7810796503924,36.1967112477151],[-86.7809418093172,36.1966313601606]],[[-86.781268762684,36.1964703625288],[-86.7812164167251,36.1964400249852],[-86.7812008247501,36.1964576995664],[-86.7811461784488,36.1964260276871],[-86.7810241453113,36.1965643604576],[-86.7810354402691,36.1965709071612],[-86.7810378243295,36.1965682050788],[-86.7810680265883,36.1965857086814],[-86.7810649871452,36.1965891549396],[-86.7810781351553,36.1965967756722],[-86.7810807116518,36.1965938551401],[-86.7811330576604,36.1966241927412],[-86.781268762684,36.1964703625288]]]},"properties":{"id":"138630","parcel":"071141A90000CO","address":"122 C FERN AVE","owner":"O.I.C. HOMES AT 122 FERN AVENUE AMENDED","point":[-86.78123939927433,36.19651753145983]}},{"type":"Feature","id":"139968","geometry":{"type":"Polygon","coordinates":[[[-86.7808070416335,36.1965532532945],[-86.7810731540554,36.1962515994704],[-86.7811151578374,36.1962748263362],[-86.7810855827005,36.1963083526273],[-86.7811394978617,36.196338167258],[-86.7811692015604,36.196304712223],[-86.781211207649,36.1963279417443],[-86.7809418093172,36.1966313601606],[-86.7808070416335,36.1965532532945]],[[-86.7811320764934,36.196392555938],[-86.7810797306293,36.1963622174332],[-86.781064139751,36.19637989199],[-86.7810094924549,36.1963482209566],[-86.7808874591987,36.1964865535918],[-86.7808987552461,36.1964931003012],[-86.780901138188,36.1964903973275],[-86.780931340387,36.1965079009646],[-86.7809283009499,36.1965113481207],[-86.7809414500368,36.1965189679599],[-86.7809440265359,36.1965160474307],[-86.7809963724409,36.1965463850917],[-86.7811320764934,36.196392555938]]]},"properties":{"id":"139968","parcel":"071140Z90000CO","address":"120 C FERN AVE","owner":"O.I.C. HOMES AT 120 FERN AVENUE","point":[-86.78091827995162,36.196439387413136]}},{"type":"Feature","id":"139970","geometry":{"type":"Polygon","coordinates":[[[-86.7812008247501,36.1964576995664],[-86.7812164167251,36.1964400249852],[-86.781268762684,36.1964703625288],[-86.7811330576604,36.1966241927412],[-86.7810807116518,36.1965938551401],[-86.7812008247501,36.1964576995664]]]},"properties":{"id":"139970","parcel":"071141A00200CO","address":"122 B FERN AVE","owner":"VOLTRON, LLC","point":[-86.78117473725497,36.19653210887199]}},{"type":"Feature","id":"142471","geometry":{"type":"Polygon","coordinates":[[[-86.7870516232264,36.1998454948194],[-86.7871352420078,36.1997702270833],[-86.7871994824468,36.1998171100825],[-86.7871704390783,36.1998432530433],[-86.7871569576961,36.1998334153406],[-86.7871023822841,36.1998825392523],[-86.7870516232264,36.1998454948194]]]},"properties":{"id":"142471","parcel":"071090A00100CO","address":"1533 LOCK RD","owner":"DUNLAP, KAREN F.","point":[-86.78713235335927,36.19982518115093]}},{"type":"Feature","id":"143762","geometry":{"type":"Polygon","coordinates":[[[-86.7872195550563,36.1998780937401],[-86.7872483339164,36.1998521895241],[-86.7873120626086,36.1998986990725],[-86.7872284085826,36.1999739978013],[-86.7871740102346,36.1999342976974],[-86.7872288865226,36.1998849032165],[-86.7872195550563,36.1998780937401]]]},"properties":{"id":"143762","parcel":"071090A00200CO","address":"1535 LOCK RD","owner":"DUNLAP, KAREN F.","point":[-86.78724303658852,36.1999164984052]}},{"type":"Feature","id":"143764","geometry":{"type":"Polygon","coordinates":[[[-86.7870809730001,36.1999804440141],[-86.7871306825763,36.1999357004188],[-86.7872222903515,36.2000025562963],[-86.7871725818971,36.2000472999214],[-86.7870809730001,36.1999804440141]]]},"properties":{"id":"143764","parcel":"071090A00300CO","address":"1603 SEMINARY ST","owner":"DUNLAP, KAREN F.","point":[-86.78715163175801,36.199991500176196]}},{"type":"Feature","id":"143768","geometry":{"type":"Polygon","coordinates":[[[-86.7871316369855,36.200164439679],[-86.7868791429426,36.199981196171],[-86.7871846742598,36.1997061829584],[-86.7872395269417,36.1997496608876],[-86.7874289242153,36.1998968474133],[-86.7871316369855,36.200164439679]],[[-86.7871595252829,36.2000589788622],[-86.7870682927207,36.1999923962782],[-86.7870190239383,36.2000367440238],[-86.7871102565012,36.2001033257431],[-86.7871595252829,36.2000589788622]],[[-86.7870809730001,36.1999804440141],[-86.7871725818971,36.2000472999214],[-86.7872222903515,36.2000025562963],[-86.7871306825763,36.1999357004188],[-86.7870809730001,36.1999804440141]],[[-86.7871740102346,36.1999342976974],[-86.7872284085826,36.1999739978013],[-86.7873120626086,36.1998986990725],[-86.7872483339164,36.1998521895241],[-86.7872195550563,36.1998780937401],[-86.7872288865226,36.1998849032165],[-86.7871740102346,36.1999342976974]],[[-86.7871023822841,36.1998825392523],[-86.7871569576961,36.1998334153406],[-86.7871704390783,36.1998432530433],[-86.7871994824468,36.1998171100825],[-86.7871352420078,36.1997702270833],[-86.7870516232264,36.1998454948194],[-86.7871023822841,36.1998825392523]]]},"properties":{"id":"143768","parcel":"071090A90000CO","address":"1605 C SEMINARY ST","owner":"O.I.C. LEGACY","point":[-86.78705296548735,36.19993482229195]}},{"type":"Feature","id":"149177","geometry":{"type":"Polygon","coordinates":[[[-86.7820142390497,36.1964630400691],[-86.7820259124726,36.1964506730562],[-86.7820289745345,36.1964525711085],[-86.782061049988,36.1964185867722],[-86.7820579890384,36.1964166887136],[-86.7820613376538,36.1964131403873],[-86.7821308836699,36.1964562650077],[-86.782083785084,36.196506164716],[-86.7820142390497,36.1964630400691]]]},"properties":{"id":"149177","parcel":"071141D00100CO","address":"1331 BAPTIST WORLD CENTER DR #1","owner":"AGAPE PROPERTIES OF MUSIC CITY, LLC","point":[-86.78207256144877,36.196459652552775]}},{"type":"Feature","id":"155797","geometry":{"type":"Polygon","coordinates":[[[-86.782039326389,36.1965532678157],[-86.7819617755978,36.1965055228448],[-86.7819630542075,36.1965041581654],[-86.781978832629,36.1965138725199],[-86.7819856069318,36.1965066969629],[-86.7819774410484,36.196501634288],[-86.7819801602353,36.1964987542704],[-86.7819828531103,36.1965004239918],[-86.7820150892727,36.1964662700917],[-86.7820126302159,36.196464744861],[-86.7820142390497,36.1964630400691],[-86.782083785084,36.196506164716],[-86.782039326389,36.1965532678157]]]},"properties":{"id":"155797","parcel":"071141D00200CO","address":"1331 BAPTIST WORLD CENTER DR #2","owner":"AGAPE PROPERTIES OF MUSIC CITY, LLC","point":[-86.78203097427408,36.19651037353317]}},{"type":"Feature","id":"155799","geometry":{"type":"Polygon","coordinates":[[[-86.7819264068705,36.1965432642102],[-86.7819617755978,36.1965055228448],[-86.782039326389,36.1965532678157],[-86.7820436480056,36.1965559282881],[-86.7820082792946,36.1965936696769],[-86.7819264068705,36.1965432642102]]]},"properties":{"id":"155799","parcel":"071141D00300CO","address":"1331 BAPTIST WORLD CENTER DR #3","owner":"AGAPE PROPERTIES OF MUSIC CITY, LLC","point":[-86.78198286663992,36.19654826602627]}},{"type":"Feature","id":"155801","geometry":{"type":"Polygon","coordinates":[[[-86.7818908103439,36.1965812494791],[-86.7819264068705,36.1965432642102],[-86.7820082792946,36.1965936696769],[-86.7819726838877,36.196631654061],[-86.7818908103439,36.1965812494791]]]},"properties":{"id":"155801","parcel":"071141D00400CO","address":"1331 BAPTIST WORLD CENTER DR #4","owner":"AGAPE PROPERTIES OF MUSIC CITY, LLC","point":[-86.78194954497164,36.196587459592685]}},{"type":"Feature","id":"155803","geometry":{"type":"Polygon","coordinates":[[[-86.7819208650495,36.1966705095698],[-86.7818014945873,36.1966044990656],[-86.7820815510284,36.1963076537726],[-86.7820914119484,36.1962972010563],[-86.7821149355652,36.1963107027967],[-86.7822336843438,36.1963788620256],[-86.7822326610256,36.1963799546756],[-86.781957977089,36.1966730108656],[-86.7819477261379,36.1966839473692],[-86.7819468513407,36.1966848795314],[-86.7819208650495,36.1966705095698]],[[-86.7821308836699,36.1964562650077],[-86.7820613376538,36.1964131403873],[-86.7820579890384,36.1964166887136],[-86.782061049988,36.1964185867722],[-86.7820289745345,36.1964525711085],[-86.7820259124726,36.1964506730562],[-86.7820142390497,36.1964630400691],[-86.7820126302159,36.196464744861],[-86.7820150892727,36.1964662700917],[-86.7819828531103,36.1965004239918],[-86.7819801602353,36.1964987542704],[-86.7819774410484,36.196501634288],[-86.7819856069318,36.1965066969629],[-86.781978832629,36.1965138725199],[-86.7819630542075,36.1965041581654],[-86.7819617755978,36.1965055228448],[-86.7819264068705,36.1965432642102],[-86.7818908103439,36.1965812494791],[-86.7819726838877,36.196631654061],[-86.7820082792946,36.1965936696769],[-86.7820436480056,36.1965559282881],[-86.782039326389,36.1965532678157],[-86.782083785084,36.196506164716],[-86.7821308836699,36.1964562650077]]]},"properties":{"id":"155803","parcel":"071141D90000CO","address":"1331 B BAPTIST WORLD CENTER DR","owner":"O.I.C. TOWNHOMES AT 1331 BAPTIST WORLD C","point":[-86.78195823853777,36.19648244044272]}},{"type":"Feature","id":"181169","geometry":{"type":"Polygon","coordinates":[[[-86.7811154258718,36.1959278325488],[-86.7811952054949,36.1958470274983],[-86.7812495553312,36.1958822801867],[-86.781169774625,36.1959630861806],[-86.7811154258718,36.1959278325488]]]},"properties":{"id":"181169","parcel":"071141I00100CO","address":"1319 BAPTIST WORLD CENTER DR","owner":"SKYLINE RIVER NORTH LLC","point":[-86.78118249059166,36.19590505638659]}},{"type":"Feature","id":"181172","geometry":{"type":"Polygon","coordinates":[[[-86.7808760731798,36.1957873851827],[-86.7809573387223,36.1957031089304],[-86.7810113976157,36.1957359365099],[-86.7809322909993,36.1958215227879],[-86.7808760731798,36.1957873851827]]]},"properties":{"id":"181172","parcel":"071141I00200CO","address":"1315 C BAPTIST WORLD CENTER DR","owner":"SKYLINE RIVER NORTH LLC","point":[-86.78094425039643,36.19576166180799]}},{"type":"Feature","id":"181174","geometry":{"type":"Polygon","coordinates":[[[-86.780764476628,36.1957196181869],[-86.7808435844269,36.1956340311081],[-86.7809006858325,36.1956687064753],[-86.780819746903,36.1957531815593],[-86.780764476628,36.1957196181869]]]},"properties":{"id":"181174","parcel":"071141I00400CO","address":"1315 A BAPTIST WORLD CENTER DR","owner":"SKYLINE RIVER NORTH LLC","point":[-86.78083214986192,36.19569416156073]}},{"type":"Feature","id":"181177","geometry":{"type":"Polygon","coordinates":[[[-86.7806779271277,36.1956708121145],[-86.7807607570309,36.1955809804138],[-86.7808183096807,36.1956144010495],[-86.780737745503,36.1957055484005],[-86.7806779271277,36.1956708121145]]]},"properties":{"id":"181177","parcel":"071141I00500CO","address":"1313 B BAPTIST WORLD CENTER DR","owner":"DEANGELO LEGACY HOLDINGS, LLC","point":[-86.78074865734968,36.19564260758987]}},{"type":"Feature","id":"181180","geometry":{"type":"Polygon","coordinates":[[[-86.7805162964783,36.1958266433624],[-86.7805941198551,36.1957419065334],[-86.7806675190087,36.1957858849139],[-86.7805889742227,36.1958701893413],[-86.7805162964783,36.1958266433624]]]},"properties":{"id":"181180","parcel":"071141I01100CO","address":"1317 BAPTIST WORLD CENTER DR #3","owner":"AXIS910 LLC","point":[-86.78059177210102,36.195806263913454]}},{"type":"Feature","id":"181183","geometry":{"type":"Polygon","coordinates":[[[-86.7806609529896,36.1959133180054],[-86.7807403522861,36.1958295253307],[-86.7808137124564,36.1958734804415],[-86.780734183447,36.1959571955927],[-86.7806609529896,36.1959133180054]]]},"properties":{"id":"181183","parcel":"071141I01300CO","address":"1317 BAPTIST WORLD CENTER DR #5","owner":"SMITH, BRIAN PAUL & ANDREA GREENWAY ETAL","point":[-86.78073730847657,36.19589339920347]}},{"type":"Feature","id":"181410","geometry":{"type":"Polygon","coordinates":[[[-86.7806209336478,36.1956377158566],[-86.7807042064351,36.1955481417955],[-86.7807607570309,36.1955809804138],[-86.7806779271277,36.1956708121145],[-86.7806209336478,36.1956377158566]]]},"properties":{"id":"181410","parcel":"071141I00600CO","address":"1313 A BAPTIST WORLD CENTER DR","owner":"HINDS, LISA M","point":[-86.78069095322094,36.19560934835339]}},{"type":"Feature","id":"181413","geometry":{"type":"Polygon","coordinates":[[[-86.7805112433618,36.1955740181167],[-86.780591807675,36.1954828718147],[-86.78064766036,36.1955153058252],[-86.7805645843634,36.1956049939373],[-86.7805112433618,36.1955740181167]]]},"properties":{"id":"181413","parcel":"071141I00800CO","address":"1311 A BAPTIST WORLD CENTER DR","owner":"KADY PROPERTY VENTURES LLC","point":[-86.78057882930372,36.19554466084927]}},{"type":"Feature","id":"181416","geometry":{"type":"Polygon","coordinates":[[[-86.780734183447,36.1959571955927],[-86.7808137124564,36.1958734804415],[-86.7808854385621,36.195916457392],[-86.7808079665312,36.1960014039299],[-86.780734183447,36.1959571955927]]]},"properties":{"id":"181416","parcel":"071141I01400CO","address":"1317 BAPTIST WORLD CENTER DR #6","owner":"DC RUSS REAL ESTATE, LLC","point":[-86.78081019919185,36.19593682722714]}},{"type":"Feature","id":"181889","geometry":{"type":"Polygon","coordinates":[[[-86.7805645843634,36.1956049939373],[-86.78064766036,36.1955153058252],[-86.7807042064351,36.1955481417955],[-86.7806209336478,36.1956377158566],[-86.7805645843634,36.1956049939373]]]},"properties":{"id":"181889","parcel":"071141I00700CO","address":"1311 B BAPTIST WORLD CENTER DR","owner":"SENNA, MICHAEL & MELINDA","point":[-86.7806343473734,36.19557656779885]}},{"type":"Feature","id":"181891","geometry":{"type":"Polygon","coordinates":[[[-86.7804425942422,36.1957824820912],[-86.7805222028042,36.1956988152828],[-86.7805941198551,36.1957419065334],[-86.7805162964783,36.1958266433624],[-86.7804425942422,36.1957824820912]]]},"properties":{"id":"181891","parcel":"071141I01000CO","address":"1317 BAPTIST WORLD CENTER DR #2","owner":"BAPTIST WORLD TWO LLC","point":[-86.78051869378606,36.19576219495379]}},{"type":"Feature","id":"181893","geometry":{"type":"Polygon","coordinates":[[[-86.7809433433078,36.1960825179765],[-86.7810248352346,36.1959999796581],[-86.7810930158503,36.1960408317128],[-86.7810115250732,36.1961233709704],[-86.7809433433078,36.1960825179765]]]},"properties":{"id":"181893","parcel":"071141I01500CO","address":"1317 BAPTIST WORLD CENTER DR #7","owner":"BAPTIST WC SEVEN LLC","point":[-86.78101817985241,36.1960616748686]}},{"type":"Feature","id":"181895","geometry":{"type":"Polygon","coordinates":[[[-86.7806868848337,36.1961802527487],[-86.7803279901387,36.1958849229848],[-86.7802519176773,36.1958426046753],[-86.7806001574054,36.1954512700651],[-86.7812936515539,36.195845329725],[-86.7809724238175,36.1962063371774],[-86.7806868848337,36.1961802527487]],[[-86.7810930158503,36.1960408317128],[-86.7810248352346,36.1959999796581],[-86.7809433433078,36.1960825179765],[-86.7810115250732,36.1961233709704],[-86.7810930158503,36.1960408317128]],[[-86.7808079665312,36.1960014039299],[-86.7808854385621,36.195916457392],[-86.7808137124564,36.1958734804415],[-86.7807403522861,36.1958295253307],[-86.7806675190087,36.1957858849139],[-86.7805941198551,36.1957419065334],[-86.7805222028042,36.1956988152828],[-86.7804470689986,36.1956537971553],[-86.7803695967549,36.195738743418],[-86.7804425942422,36.1957824820912],[-86.7805162964783,36.1958266433624],[-86.7805889742227,36.1958701893413],[-86.7806609529896,36.1959133180054],[-86.780734183447,36.1959571955927],[-86.7808079665312,36.1960014039299]],[[-86.7806779271277,36.1956708121145],[-86.780737745503,36.1957055484005],[-86.7808183096807,36.1956144010495],[-86.7807607570309,36.1955809804138],[-86.7807042064351,36.1955481417955],[-86.78064766036,36.1955153058252],[-86.780591807675,36.1954828718147],[-86.7805112433618,36.1955740181167],[-86.7805645843634,36.1956049939373],[-86.7806209336478,36.1956377158566],[-86.7806779271277,36.1956708121145]],[[-86.7808435844269,36.1956340311081],[-86.780764476628,36.1957196181869],[-86.780819746903,36.1957531815593],[-86.7808760731798,36.1957873851827],[-86.7809322909993,36.1958215227879],[-86.7810113976157,36.1957359365099],[-86.7809573387223,36.1957031089304],[-86.7809006858325,36.1956687064753],[-86.7808435844269,36.1956340311081]],[[-86.7811154258718,36.1959278325488],[-86.781169774625,36.1959630861806],[-86.7812495553312,36.1958822801867],[-86.7811952054949,36.1958470274983],[-86.7811154258718,36.1959278325488]]]},"properties":{"id":"181895","parcel":"071141I90000CO","address":"1317 B BAPTIST WORLD CENTER DR","owner":"O.I.C. SKYLINE TOWNHOMES","point":[-86.78100181853097,36.19582876831962]}},{"type":"Feature","id":"182494","geometry":{"type":"Polygon","coordinates":[[[-86.7821354256169,36.1976462027038],[-86.7820924894247,36.197617831526],[-86.782088401954,36.1976218956526],[-86.7819338869625,36.1975197938915],[-86.7819759432467,36.197477981489],[-86.7821733943963,36.1976084543622],[-86.7821732127055,36.1976086348902],[-86.7821354256169,36.1976462027038]]]},"properties":{"id":"182494","parcel":"071100H00100CO","address":"521 A WEAKLEY AVE","owner":"YOUNG, TROY A & WANDA J","point":[-86.78205364048617,36.197564124186464]}},{"type":"Feature","id":"182497","geometry":{"type":"Polygon","coordinates":[[[-86.7819759432467,36.197477981489],[-86.7820180005897,36.1974361681631],[-86.7821725155354,36.1975382707201],[-86.7821684280729,36.1975423348496],[-86.7822113620188,36.1975707051143],[-86.7821733943963,36.1976084543622],[-86.7819759432467,36.197477981489]]]},"properties":{"id":"182497","parcel":"071100H00200CO","address":"521 B WEAKLEY AVE","owner":"YOUNG, TROY A & WANDA J","point":[-86.78207422963892,36.197508126145365]}},{"type":"Feature","id":"182501","geometry":{"type":"Polygon","coordinates":[[[-86.7821376586849,36.1978504600221],[-86.7817439524831,36.1975901991718],[-86.781797173869,36.197536872131],[-86.7818504612561,36.1974834797473],[-86.7822442289294,36.1977436776714],[-86.7821905826887,36.1977974303511],[-86.7821376586849,36.1978504600221]],[[-86.7820671209621,36.1976458592388],[-86.7819113302043,36.1975424814152],[-86.7818689682182,36.19758442195],[-86.7818267013362,36.1976264267443],[-86.781982728892,36.1977295688136],[-86.7819879043346,36.1977244251435],[-86.7820298680362,36.1977521645635],[-86.7820668074686,36.1977154530657],[-86.7820669583385,36.1977153042816],[-86.782103831938,36.1976787986859],[-86.7820619332192,36.1976509948808],[-86.7820671209621,36.1976458592388]]]},"properties":{"id":"182501","parcel":"071100I90000CO","address":"519 C WEAKLEY AVE","owner":"O.I.C. FIVENINETEEN WEAKLEY AVENUE","point":[-86.78210400259962,36.197664935234165]}},{"type":"Feature","id":"182868","geometry":{"type":"Polygon","coordinates":[[[-86.7822442289294,36.1977436776714],[-86.7818504612561,36.1974834797473],[-86.7819037012229,36.1974301345114],[-86.7819569884666,36.197376742079],[-86.7823503970259,36.1976373006913],[-86.7822971098631,36.1976906923922],[-86.7822442289294,36.1977436776714]],[[-86.7821725155354,36.1975382707201],[-86.7820180005897,36.1974361681631],[-86.7819759432467,36.197477981489],[-86.7819338869625,36.1975197938915],[-86.782088401954,36.1976218956526],[-86.7820924894247,36.197617831526],[-86.7821354256169,36.1976462027038],[-86.7821732127055,36.1976086348902],[-86.7821733943963,36.1976084543622],[-86.7822113620188,36.1975707051143],[-86.7821684280729,36.1975423348496],[-86.7821725155354,36.1975382707201]]]},"properties":{"id":"182868","parcel":"071100H90000CO","address":"521 C WEAKLEY AVE","owner":"O.I.C. FIVETWENTYONE WEAKLEY AVENUE","point":[-86.78220921484905,36.19755655513839]}},{"type":"Feature","id":"183401","geometry":{"type":"Polygon","coordinates":[[[-86.780819746903,36.1957531815593],[-86.7809006858325,36.1956687064753],[-86.7809573387223,36.1957031089304],[-86.7808760731798,36.1957873851827],[-86.780819746903,36.1957531815593]]]},"properties":{"id":"183401","parcel":"071141I00300CO","address":"1315 B BAPTIST WORLD CENTER DR","owner":"SKYLINE RIVER NORTH LLC","point":[-86.78088846589819,36.195728145123915]}},{"type":"Feature","id":"183408","geometry":{"type":"Polygon","coordinates":[[[-86.7803695967549,36.195738743418],[-86.7804470689986,36.1956537971553],[-86.7805222028042,36.1956988152828],[-86.7804425942422,36.1957824820912],[-86.7803695967549,36.195738743418]]]},"properties":{"id":"183408","parcel":"071141I00900CO","address":"1317 BAPTIST WORLD CENTER DR #1","owner":"BAPTIST WORLD ONE LLC","point":[-86.7804455042849,36.19571877864935]}},{"type":"Feature","id":"183413","geometry":{"type":"Polygon","coordinates":[[[-86.7805889742227,36.1958701893413],[-86.7806675190087,36.1957858849139],[-86.7807403522861,36.1958295253307],[-86.7806609529896,36.1959133180054],[-86.7805889742227,36.1958701893413]]]},"properties":{"id":"183413","parcel":"071141I01200CO","address":"1317 BAPTIST WORLD CENTER DR #4","owner":"AXIS910 LLC","point":[-86.78066450120343,36.19584985706306]}},{"type":"Feature","id":"183896","geometry":{"type":"Polygon","coordinates":[[[-86.7818689682182,36.19758442195],[-86.7819113302043,36.1975424814152],[-86.7820671209621,36.1976458592388],[-86.7820619332192,36.1976509948808],[-86.782103831938,36.1976787986859],[-86.7820669583385,36.1977153042816],[-86.7818689682182,36.19758442195]]]},"properties":{"id":"183896","parcel":"071100I00200CO","address":"519 B WEAKLEY AVE","owner":"TAN, DANIEL & EUSTACIA","point":[-86.78196813252173,36.197615140795584]}},{"type":"Feature","id":"184099","geometry":{"type":"Polygon","coordinates":[[[-86.7820298680362,36.1977521645635],[-86.7819879043346,36.1977244251435],[-86.781982728892,36.1977295688136],[-86.7818267013362,36.1976264267443],[-86.7818689682182,36.19758442195],[-86.7820669583385,36.1977153042816],[-86.7820668074686,36.1977154530657],[-86.7820298680362,36.1977521645635]]]},"properties":{"id":"184099","parcel":"071100I00100CO","address":"519 A WEAKLEY AVE","owner":"TAN, DANIEL & EUSTACIA","point":[-86.78194683003179,36.197670865573635]}},{"type":"Feature","id":"186255","geometry":{"type":"Polygon","coordinates":[[[-86.7860285986501,36.1999409699239],[-86.7863366897394,36.1996630978284],[-86.7864627337864,36.1997549013401],[-86.7861546427821,36.2000327737502],[-86.7860285986501,36.1999409699239]]]},"properties":{"id":"186255","parcel":"07109014900","address":"1528 BAPTIST WORLD CENTER DR","owner":"EUBANK, CHRISTOPHER & MATHEWS, JEFFREY","point":[-86.78624566647372,36.199847935830405]}},{"type":"Feature","id":"189205","geometry":{"type":"Polygon","coordinates":[[[-86.7861546427821,36.2000327737502],[-86.7864627337864,36.1997549013401],[-86.7865887770222,36.1998467056264],[-86.7862806872237,36.2001245792449],[-86.7861546427821,36.2000327737502]]]},"properties":{"id":"189205","parcel":"07109014800","address":"1532 BAPTIST WORLD CENTER DR","owner":"EUBANK, CHRISTOPHER & MATHEWS, JEFFREY","point":[-86.7863717105112,36.19993973988735]}},{"type":"Feature","id":"197972","geometry":{"type":"Polygon","coordinates":[[[-86.780119687958,36.1953357269951],[-86.7801946794009,36.1952540594805],[-86.7802469029897,36.1952801019452],[-86.7802527916569,36.1952830389565],[-86.7802488377815,36.195288247664],[-86.7801741835536,36.1953693785845],[-86.7801695438972,36.1953670409493],[-86.7801162594117,36.1953401968744],[-86.780119687958,36.1953357269951]]]},"properties":{"id":"197972","parcel":"071141K00800CO","address":"1307 C BAPTIST WORLD CENTER DR","owner":"BACANO NASHVILLE, LLC","point":[-86.78018424009213,36.19531198730522]}},{"type":"Feature","id":"198112","geometry":{"type":"Polygon","coordinates":[[[-86.7800661488547,36.1953022088972],[-86.7801410347235,36.1952217885424],[-86.7801977473679,36.1952500101144],[-86.7801946794009,36.1952540594805],[-86.780119687958,36.1953357269951],[-86.7800623914777,36.1953071612719],[-86.7800661488547,36.1953022088972]]]},"properties":{"id":"198112","parcel":"071141K00900CO","address":"1307 B BAPTIST WORLD CENTER DR","owner":"BACANO NASHVILLE, LLC","point":[-86.78013056998539,36.19527813449246]}},{"type":"Feature","id":"198113","geometry":{"type":"Polygon","coordinates":[[[-86.7800131993023,36.1952735727069],[-86.7800888564897,36.1951863302568],[-86.7801110911468,36.1951979525717],[-86.7801456334547,36.195216008778],[-86.7801410347235,36.1952217885424],[-86.7800661488547,36.1953022088972],[-86.780033860662,36.1952847473588],[-86.7800131993023,36.1952735727069]]]},"properties":{"id":"198113","parcel":"071141K01000CO","address":"1307 A BAPTIST WORLD CENTER DR","owner":"FADE AWAY, LLC","point":[-86.78007628779592,36.19524767911828]}},{"type":"Feature","id":"198114","geometry":{"type":"Polygon","coordinates":[[[-86.7799148104277,36.1956533177308],[-86.7797759970354,36.1955745418713],[-86.7796981963683,36.195530776133],[-86.7796736479614,36.1955155519205],[-86.7796376203434,36.1954952565235],[-86.7796167564842,36.1954835026994],[-86.7799767098991,36.1950789781589],[-86.7799973790542,36.1950909512849],[-86.7799974293794,36.1950909807014],[-86.7801355959298,36.1951704148083],[-86.7801356786757,36.1951704620405],[-86.7802742209037,36.1952494005712],[-86.7802743226574,36.1952494584957],[-86.7804710720888,36.1953615601834],[-86.7801123516584,36.1957647028823],[-86.7799817526152,36.1956915701596],[-86.7799148104277,36.1956533177308]],[[-86.7798950307215,36.1954279380949],[-86.7798375773788,36.1953980051637],[-86.7797829315844,36.1953695348461],[-86.7797026017332,36.1954578067709],[-86.7797612546955,36.1954879528276],[-86.7798174680616,36.1955168447345],[-86.7798242393807,36.1955203258354],[-86.7798733260854,36.1955455541518],[-86.7799313052875,36.195575353887],[-86.7799675903596,36.1955940027309],[-86.7799867532371,36.1956038514005],[-86.7800444184915,36.1956334899812],[-86.7801189657307,36.1955446071872],[-86.7800642001465,36.1955160746825],[-86.7800455690575,36.1955063676925],[-86.7800086891377,36.1954871540184],[-86.779951254708,36.1954572309329],[-86.7799028307275,36.1954320019721],[-86.7798950307215,36.1954279380949]],[[-86.780170721365,36.1953737062832],[-86.780228091358,36.1954038586021],[-86.780306678421,36.1953179823241],[-86.7802488377815,36.195288247664],[-86.7802527916569,36.1952830389565],[-86.7802469029897,36.1952801019452],[-86.7801946794009,36.1952540594805],[-86.7801977473679,36.1952500101144],[-86.7801410347235,36.1952217885424],[-86.7801456334547,36.195216008778],[-86.7801110911468,36.1951979525717],[-86.7800888564897,36.1951863302568],[-86.7800131993023,36.1952735727069],[-86.780033860662,36.1952847473588],[-86.7800661488547,36.1953022088972],[-86.7800623914777,36.1953071612719],[-86.780119687958,36.1953357269951],[-86.7801162594117,36.1953401968744],[-86.7801695438972,36.1953670409493],[-86.7801741835536,36.1953693785845],[-86.780170721365,36.1953737062832]]]},"properties":{"id":"198114","parcel":"071141K90000CO","address":"1307 L BAPTIST WORLD CENTER DR","owner":"O.I.C. BWC DRIVE TOWNHOMES","point":[-86.78014669145603,36.19541605485517]}},{"type":"Feature","id":"199060","geometry":{"type":"Polygon","coordinates":[[[-86.7799867532371,36.1956038514005],[-86.7800642001465,36.1955160746825],[-86.7801189657307,36.1955446071872],[-86.7800444184915,36.1956334899812],[-86.7799867532371,36.1956038514005]]]},"properties":{"id":"199060","parcel":"071141K00100CO","address":"1307 K BAPTIST WORLD CENTER DR","owner":"BACANO NASHVILLE, LLC","point":[-86.78005350591052,36.195574230500036]}},{"type":"Feature","id":"199061","geometry":{"type":"Polygon","coordinates":[[[-86.7801741835536,36.1953693785845],[-86.7802488377815,36.195288247664],[-86.780306678421,36.1953179823241],[-86.780228091358,36.1954038586021],[-86.780170721365,36.1953737062832],[-86.7801741835536,36.1953693785845]]]},"properties":{"id":"199061","parcel":"071141K00700CO","address":"1307 D BAPTIST WORLD CENTER DR","owner":"FADE AWAY, LLC","point":[-86.78024049597906,36.19534368059203]}},{"type":"Feature","id":"203758","geometry":{"type":"Polygon","coordinates":[[[-86.7805998442849,36.1983385243906],[-86.7807670484703,36.1981647229364],[-86.7809057089271,36.1982471685598],[-86.7808595378716,36.1982865395318],[-86.780812270769,36.1983250460537],[-86.7807630007468,36.1983542644933],[-86.7807119128246,36.1983813550728],[-86.7806769033713,36.1983958655187],[-86.7805998442849,36.1983385243906]]]},"properties":{"id":"203758","parcel":"07110010000","address":"504 WEAKLEY AVE","owner":"INVEST HOLDINGS, LLC","point":[-86.78077589687167,36.19826665862412]}},{"type":"Feature","id":"204416","geometry":{"type":"Polygon","coordinates":[[[-86.7859979109889,36.1993429233537],[-86.7863793561454,36.1989984146754],[-86.7864213787532,36.1990360210016],[-86.7864624242814,36.1990743303521],[-86.786089998756,36.1994106926475],[-86.7860619087033,36.1993903267622],[-86.7860455327411,36.1993794451925],[-86.7859979109889,36.1993429233537]]]},"properties":{"id":"204416","parcel":"07109004200","address":"1515 LOCK RD","owner":"HOOPER, MARK & BAKER, KATHY H","point":[-86.78623016793263,36.199208627080885]}},{"type":"Feature","id":"204420","geometry":{"type":"Polygon","coordinates":[[[-86.7859056503626,36.199272169236],[-86.7862953634215,36.1989206330421],[-86.7863533402593,36.1989752729816],[-86.7863668597668,36.198987298789],[-86.7863793561454,36.1989984146754],[-86.7859979109889,36.1993429233537],[-86.7859862725191,36.199333998218],[-86.7859056503626,36.199272169236]]]},"properties":{"id":"204420","parcel":"07109004300","address":"1513 LOCK RD","owner":"HEITMAN, DANA","point":[-86.78614259831625,36.199135292362094]}},{"type":"Feature","id":"204422","geometry":{"type":"Polygon","coordinates":[[[-86.7852678739956,36.1989432963454],[-86.7858045615903,36.1984594352021],[-86.7858689003167,36.1985191197919],[-86.7860501962806,36.1986896840642],[-86.7855245190603,36.1991638626882],[-86.7855062784673,36.1991479298903],[-86.7854462052284,36.1990954544972],[-86.7853920161048,36.1990492189868],[-86.7852678739956,36.1989432963454]]]},"properties":{"id":"204422","parcel":"07109004500","address":"0 LOCK RD","owner":"EVERGREEN VENTURES, LLC","point":[-86.78565907186362,36.19881649091207]}},{"type":"Feature","id":"204636","geometry":{"type":"Polygon","coordinates":[[[-86.7806027692516,36.1974704521655],[-86.7806226199201,36.1971554618736],[-86.7809317447898,36.1973346272846],[-86.7806233639156,36.1976620073783],[-86.780623248366,36.1976621297956],[-86.7805918590114,36.1976435747775],[-86.7806027692516,36.1974704521655]]]},"properties":{"id":"204636","parcel":"07110009400","address":"616 VESTER AVE","owner":"ROBERTS, THOMAS E. & THERESA A.","point":[-86.78073733413383,36.197402485028995]}},{"type":"Feature","id":"204637","geometry":{"type":"Polygon","coordinates":[[[-86.7807670484703,36.1981647229364],[-86.7809252505063,36.1980002777719],[-86.7810768420535,36.1980844502017],[-86.781021894929,36.1981401232419],[-86.780964832197,36.198194380539],[-86.7809057089271,36.1982471685598],[-86.7807670484703,36.1981647229364]]]},"properties":{"id":"204637","parcel":"07110009900","address":"506 VESTER AVE","owner":"INVEST HOLDINGS, LLC","point":[-86.78093363504638,36.198112074966005]}},{"type":"Feature","id":"204638","geometry":{"type":"Polygon","coordinates":[[[-86.7805149054016,36.198325307619],[-86.7805093355774,36.198271173326],[-86.7805463444317,36.1982987127592],[-86.7805998442849,36.1983385243906],[-86.7806769033713,36.1983958655187],[-86.7806281418349,36.1984148440915],[-86.7805782674615,36.1984318146187],[-86.7805274043776,36.1984467348386],[-86.7805149054016,36.198325307619]]]},"properties":{"id":"204638","parcel":"07110010100","address":"0 WEAKLEY AVE","owner":"LS PROPERTIES, LLC","point":[-86.78057878417475,36.198367085737964]}},{"type":"Feature","id":"204639","geometry":{"type":"Polygon","coordinates":[[[-86.7805551532936,36.1981659334012],[-86.7807887606608,36.1979231085349],[-86.7809252505063,36.1980002777719],[-86.7807670484703,36.1981647229364],[-86.7805998442849,36.1983385243906],[-86.7805463444317,36.1982987127592],[-86.7805093355774,36.198271173326],[-86.7805091670837,36.1982695314162],[-86.7805179795313,36.1982045746395],[-86.7805332846915,36.1981886648791],[-86.7805551532936,36.1981659334012]]]},"properties":{"id":"204639","parcel":"07110010200","address":"605 VESTER AVE","owner":"SLADYK, MICHAEL","point":[-86.78074096986838,36.19808230775855]}},{"type":"Feature","id":"204640","geometry":{"type":"Polygon","coordinates":[[[-86.780559938384,36.1978536398114],[-86.7805657352766,36.1978049684798],[-86.7805786508328,36.1978117769291],[-86.780769043545,36.1979121478173],[-86.7807887606608,36.1979231085349],[-86.7805551532936,36.1981659334012],[-86.7805332846915,36.1981886648791],[-86.7805179795313,36.1982045746395],[-86.7805192972113,36.1981948577372],[-86.7805202215545,36.1981870919039],[-86.7805273711986,36.1981270649569],[-86.7805355141345,36.198058709342],[-86.7805365267803,36.1980501993969],[-86.7805436548238,36.1979903528384],[-86.7805517977228,36.1979219963186],[-86.780559938384,36.1978536398114]]]},"properties":{"id":"204640","parcel":"07110010300","address":"609 VESTER AVE","owner":"MARTIN, CHARLES D.","point":[-86.78061754968819,36.19802041811226]}},{"type":"Feature","id":"204655","geometry":{"type":"Polygon","coordinates":[[[-86.7800262313697,36.1974364350755],[-86.7800262578501,36.1974361879588],[-86.7805674643249,36.1974687958686],[-86.7805683721449,36.1974688440755],[-86.7805876754382,36.1974697440182],[-86.780601299599,36.1974703733432],[-86.7806027692516,36.1974704521655],[-86.7805918590114,36.1976435747775],[-86.7805898262714,36.1976433382695],[-86.7805768450107,36.1976418278597],[-86.7800360753427,36.197578904144],[-86.7800257178178,36.1974413142165],[-86.7800262313697,36.1974364350755]]]},"properties":{"id":"204655","parcel":"07110011000","address":"1214 KATIE AVE","owner":"YOKLEY, KESTON LOUIS","point":[-86.78031563656124,36.197524671542595]}},{"type":"Feature","id":"204770","geometry":{"type":"Polygon","coordinates":[[[-86.7800567507944,36.1978535515916],[-86.7800514761315,36.1977834891796],[-86.780559938384,36.1978536398114],[-86.7805517977228,36.1979219963186],[-86.7800567507944,36.1978535515916]]]},"properties":{"id":"204770","parcel":"07110019300","address":"1218 B KATIE AVE","owner":"M & J PARTNERSHIP","point":[-86.78017989457736,36.19781833377804]}},{"type":"Feature","id":"204773","geometry":{"type":"Polygon","coordinates":[[[-86.7800778473685,36.1981338066453],[-86.7800725737625,36.19806374243],[-86.7805273711986,36.1981270649569],[-86.7805202215545,36.1981870919039],[-86.7805192972113,36.1981948577372],[-86.7800780199395,36.1981360902273],[-86.7800778473685,36.1981338066453]]]},"properties":{"id":"204773","parcel":"07110020200","address":"1222 B KATIE AVE","owner":"M & J PARTNERSHIP","point":[-86.78030224161202,36.1981304353373]}},{"type":"Feature","id":"205158","geometry":{"type":"Polygon","coordinates":[[[-86.7816922972899,36.1976448327913],[-86.7817439524831,36.1975901991718],[-86.7821376586849,36.1978504600221],[-86.7820854885294,36.197904844789],[-86.7816922972899,36.1976448327913]]]},"properties":{"id":"205158","parcel":"07110003200","address":"517 B WEAKLEY AVE","owner":"SCHNEIDER, MATTHEW","point":[-86.78191495029799,36.1977476465638]}},{"type":"Feature","id":"205161","geometry":{"type":"Polygon","coordinates":[[[-86.7801371679587,36.1986421419763],[-86.7801159037232,36.1986392916831],[-86.7801367041874,36.1986393069019],[-86.7801374391548,36.1986393030545],[-86.7801408259505,36.1986392793698],[-86.7802039801763,36.1986376329777],[-86.780266978137,36.1986336659141],[-86.7803296886949,36.1986273862368],[-86.7803919829897,36.1986188073966],[-86.7804145372007,36.1986151124577],[-86.7804887522085,36.1986007109805],[-86.7805618819331,36.1985830340808],[-86.7805738610008,36.1985777167094],[-86.7805744977515,36.1985838907373],[-86.7805866933024,36.1987023808924],[-86.7805532581814,36.19869790327],[-86.7805514154322,36.1986976538168],[-86.7801377391466,36.1986422184981],[-86.7801371679587,36.1986421419763]]]},"properties":{"id":"205161","parcel":"07110005200","address":"0 WEAKLEY AVE","owner":"PROJECT NENA","point":[-86.78037629697222,36.19863883046913]}},{"type":"Feature","id":"205393","geometry":{"type":"Polygon","coordinates":[[[-86.7800989463067,36.1984140607578],[-86.7800883968234,36.1982739341554],[-86.7805149054016,36.198325307619],[-86.7805274043776,36.1984467348386],[-86.7805142410507,36.1984503528726],[-86.7804783918849,36.1984597657483],[-86.7800989463067,36.1984140607578]]]},"properties":{"id":"205393","parcel":"07110010500","address":"1226 KATIE AVE","owner":"CAMPBELL, HURLEY V. & GENNIE M.","point":[-86.78030754480014,36.19836968550547]}},{"type":"Feature","id":"205401","geometry":{"type":"Polygon","coordinates":[[[-86.7812263460356,36.1974715968907],[-86.7815275783122,36.197139695699],[-86.7816652945001,36.1972195103894],[-86.7815238027316,36.197375517161],[-86.7813742287385,36.1975404354586],[-86.7813642000738,36.197551493943],[-86.7813468682142,36.1975414488859],[-86.7812263460356,36.1974715968907]]]},"properties":{"id":"205401","parcel":"07110009100","address":"131 FERN AVE","owner":"KAMILOVA, NIGORA","point":[-86.781489619996,36.197297322291796]}},{"type":"Feature","id":"205404","geometry":{"type":"Polygon","coordinates":[[[-86.7810884800002,36.1973916952523],[-86.7813896096725,36.1970597355797],[-86.7815275783122,36.197139695699],[-86.7812263460356,36.1974715968907],[-86.7810884800002,36.1973916952523]]]},"properties":{"id":"205404","parcel":"07110009200","address":"129 FERN AVE","owner":"STRICKLAND, JERRY DENNY III","point":[-86.78130799985509,36.197265695625354]}},{"type":"Feature","id":"205407","geometry":{"type":"Polygon","coordinates":[[[-86.7806233639156,36.1976620073783],[-86.7809317447898,36.1973346272846],[-86.781069585965,36.1974145148422],[-86.7807616796358,36.1977413911125],[-86.7807610897996,36.1977420176981],[-86.780623248366,36.1976621297956],[-86.7806233639156,36.1976620073783]]]},"properties":{"id":"205407","parcel":"07110009500","address":"612 VESTER AVE","owner":"LONGEVITY INVESTORS, LLC","point":[-86.78084647517173,36.19753826132046]}},{"type":"Feature","id":"205410","geometry":{"type":"Polygon","coordinates":[[[-86.7808988577011,36.1978218626582],[-86.7810127516169,36.1977009518315],[-86.7811495738116,36.1977812866023],[-86.7812867944375,36.1978618547702],[-86.7811741717764,36.1979814219575],[-86.7810363127439,36.1979015256277],[-86.7808988577011,36.1978218626582]]]},"properties":{"id":"205410","parcel":"07110009701","address":"512 WEAKLEY AVE","owner":"BAAH, SAMANTHA","point":[-86.78109304643753,36.19784185927435]}},{"type":"Feature","id":"205413","geometry":{"type":"Polygon","coordinates":[[[-86.7800991484317,36.1984167488149],[-86.7800989463067,36.1984140607578],[-86.7804783918849,36.1984597657483],[-86.780451424198,36.1984663822747],[-86.7803776943389,36.198482501102],[-86.7803031531544,36.1984959510857],[-86.780227949414,36.1985067078303],[-86.7801522319051,36.198514748743],[-86.7801471216927,36.1985154622129],[-86.7801419404986,36.1985156290757],[-86.7801359510573,36.1985151324248],[-86.7801301245644,36.1985139056006],[-86.7801245925239,36.1985119783964],[-86.7801194865732,36.1985093941235],[-86.7801149207185,36.1985062124299],[-86.7801111305833,36.1985026480961],[-86.7801080224853,36.1984986728869],[-86.7801056639798,36.1984943719858],[-86.7801048361966,36.1984922873096],[-86.7801036786878,36.1984877686553],[-86.7801033320499,36.1984831627473],[-86.7801038027639,36.198478563275],[-86.7800991484317,36.1984167488149]]]},"properties":{"id":"205413","parcel":"07110010400","address":"0 KATIE AVE","owner":"PROJECT NENA","point":[-86.78028374722852,36.19846274160451]}},{"type":"Feature","id":"205414","geometry":{"type":"Polygon","coordinates":[[[-86.7800620243724,36.1979236158116],[-86.7800567507944,36.1978535515916],[-86.7805517977228,36.1979219963186],[-86.7805436548238,36.1979903528384],[-86.7800620243724,36.1979236158116]]]},"properties":{"id":"205414","parcel":"07110010700","address":"1220 A KATIE AVE","owner":"BOWERS, SAMUEL & FLORENCE","point":[-86.78030678866388,36.197922806090986]}},{"type":"Feature","id":"205445","geometry":{"type":"Polygon","coordinates":[[[-86.7800272777288,36.1974264865028],[-86.7800406474683,36.1972993646495],[-86.7805767884554,36.1973316672645],[-86.7805768830265,36.1973316729619],[-86.7805770154278,36.1973316811185],[-86.7805683721449,36.1974688440755],[-86.7805674643249,36.1974687958686],[-86.7800262578501,36.1974361879588],[-86.7800272777288,36.1974264865028]]]},"properties":{"id":"205445","parcel":"07110011100","address":"1212 KATIE AVE","owner":"CHRISTMAN, STEVEN S. & FLORY, ELIZABETH F.","point":[-86.78030315610106,36.197379085979634]}},{"type":"Feature","id":"205448","geometry":{"type":"Polygon","coordinates":[[[-86.7800406474683,36.1972993646495],[-86.7800550402041,36.1971625241888],[-86.7805848873046,36.1971944366215],[-86.7805856727981,36.1971944838165],[-86.7805848778985,36.1972069272635],[-86.7805770154278,36.1973316811185],[-86.7805768830265,36.1973316729619],[-86.7805767884554,36.1973316672645],[-86.7800406474683,36.1972993646495]]]},"properties":{"id":"205448","parcel":"07110011200","address":"1210 KATIE AVE","owner":"VANCE, BRIAN MILTON & GARTY, JAMES","point":[-86.78031374708296,36.19725314807298]}},{"type":"Feature","id":"205573","geometry":{"type":"Polygon","coordinates":[[[-86.7853584704589,36.1994862262076],[-86.7856227111608,36.1992483849244],[-86.7856786634721,36.1992961247791],[-86.7857391386343,36.1993488443856],[-86.7854813730664,36.1995808567974],[-86.7853584704589,36.1994862262076]]]},"properties":{"id":"205573","parcel":"07109005100","address":"0 BAPTIST WORLD CENTER DR","owner":"LOCK ONE REAL ESTATE LLC","point":[-86.78554880455945,36.19941753544861]}},{"type":"Feature","id":"205576","geometry":{"type":"Polygon","coordinates":[[[-86.7857805883187,36.1993849774915],[-86.7858629663642,36.1993106704376],[-86.785944006663,36.1993696974085],[-86.7861431548006,36.1995147495749],[-86.7858031883839,36.1998207515029],[-86.7856042836881,36.1996754809006],[-86.785855601662,36.1994492710569],[-86.7857805883187,36.1993849774915]]]},"properties":{"id":"205576","parcel":"07109005300","address":"1516 BAPTIST WORLD CENTER DR","owner":"HEITMAN, DANA","point":[-86.7858737193742,36.19959511554222]}},{"type":"Feature","id":"205588","geometry":{"type":"Polygon","coordinates":[[[-86.7851131265682,36.1998053296935],[-86.7852084190513,36.1997195661161],[-86.785453587001,36.1999085260836],[-86.7853579852872,36.1999940512247],[-86.7851131265682,36.1998053296935]]]},"properties":{"id":"205588","parcel":"07109006500","address":"1515 WHITES CREEK PIKE","owner":"COMBS, HARVEY","point":[-86.78528335671949,36.19985692800953]}},{"type":"Feature","id":"205891","geometry":{"type":"Polygon","coordinates":[[[-86.7816408907162,36.1976992016096],[-86.7816922972899,36.1976448327913],[-86.7820854885294,36.197904844789],[-86.7820336231743,36.1979589112153],[-86.7816408907162,36.1976992016096]]]},"properties":{"id":"205891","parcel":"07110019500","address":"517 A WEAKLEY AVE","owner":"MADARIAGA, RICHARD THOMAS REV LIVING TRUST","point":[-86.78186318906408,36.197802023405124]}},{"type":"Feature","id":"205950","geometry":{"type":"Polygon","coordinates":[[[-86.7800514761315,36.1977834891796],[-86.7800462025721,36.1977134249564],[-86.7805680801519,36.1977852841963],[-86.7805657352766,36.1978049684798],[-86.780559938384,36.1978536398114],[-86.7800514761315,36.1977834891796]]]},"properties":{"id":"205950","parcel":"07110010800","address":"1218 A KATIE AVE","owner":"HENRIQUEZ, JOSE JUAN CARLOS","point":[-86.78017643197897,36.197748691461996]}},{"type":"Feature","id":"206025","geometry":{"type":"Polygon","coordinates":[[[-86.7851129406257,36.1992971737553],[-86.7853920161048,36.1990492189868],[-86.7854462052284,36.1990954544972],[-86.7855062784673,36.1991479298903],[-86.7852355681357,36.1993915945889],[-86.7851129406257,36.1992971737553]]]},"properties":{"id":"206025","parcel":"07109004900","address":"0 BAPTIST WORLD CENTER DR","owner":"LOCK ONE REAL ESTATE LLC","point":[-86.78531015161042,36.19922255295741]}},{"type":"Feature","id":"206026","geometry":{"type":"Polygon","coordinates":[[[-86.7854813730664,36.1995808567974],[-86.7857391386343,36.1993488443856],[-86.7857805883187,36.1993849774915],[-86.785855601662,36.1994492710569],[-86.7856042836881,36.1996754809006],[-86.7856035498845,36.1996749295968],[-86.7854813730664,36.1995808567974]]]},"properties":{"id":"206026","parcel":"07109005200","address":"0 BAPTIST WORLD CENTER DR","owner":"LOCK ONE REAL ESTATE LLC","point":[-86.78566848761352,36.19951506407447]}},{"type":"Feature","id":"206027","geometry":{"type":"Polygon","coordinates":[[[-86.7858031883839,36.1998207515029],[-86.7861431548006,36.1995147495749],[-86.7863412205502,36.1996590108445],[-86.7863366897394,36.1996630978284],[-86.7860285986501,36.1999409699239],[-86.7860014146524,36.1999654872385],[-86.7858031883839,36.1998207515029]]]},"properties":{"id":"206027","parcel":"07109005400","address":"1520 BAPTIST WORLD CENTER DR","owner":"EUBANK, CHRISTOPHER","point":[-86.78607002779752,36.19974192512243]}},{"type":"Feature","id":"206029","geometry":{"type":"Polygon","coordinates":[[[-86.7852084190513,36.1997195661161],[-86.7853027039925,36.1996330276195],[-86.7854874081581,36.1997753853891],[-86.7855489610516,36.1998228265985],[-86.785453587001,36.1999085260836],[-86.7852084190513,36.1997195661161]]]},"properties":{"id":"206029","parcel":"07109006400","address":"1513 BAPTIST WORLD CENTER DR","owner":"COMBS, HARVEY","point":[-86.78534791348585,36.19974747583366]}},{"type":"Feature","id":"206139","geometry":{"type":"Polygon","coordinates":[[[-86.7800883968234,36.1982739341554],[-86.7800780199395,36.1981360902273],[-86.7805192972113,36.1981948577372],[-86.7805179795313,36.1982045746395],[-86.7805091670837,36.1982695314162],[-86.7805093355774,36.198271173326],[-86.7805149054016,36.198325307619],[-86.7800883968234,36.1982739341554]]]},"properties":{"id":"206139","parcel":"07110020400","address":"1224 KATIE AVE","owner":"BRADLEY, TYRONE E. & WINSTON T.","point":[-86.78029956728733,36.19823666041198]}},{"type":"Feature","id":"206195","geometry":{"type":"Polygon","coordinates":[[[-86.7815238027316,36.197375517161],[-86.7816652945001,36.1972195103894],[-86.781802815251,36.1972992108267],[-86.7816574118731,36.1974598521302],[-86.7815238027316,36.197375517161]]]},"properties":{"id":"206195","parcel":"07110008900","address":"135 FERN AVE","owner":"AFFORDABLE HOUSING RESOURCES, INC","point":[-86.78166334378511,36.19733736413884]}},{"type":"Feature","id":"206196","geometry":{"type":"Polygon","coordinates":[[[-86.7813742287385,36.1975404354586],[-86.7815238027316,36.197375517161],[-86.7816574118731,36.1974598521302],[-86.7815121311044,36.1976203572648],[-86.7813742287385,36.1975404354586]]]},"properties":{"id":"206196","parcel":"07110009000","address":"524 WEAKLEY AVE","owner":"AFFORDABLE HOUSING RESOURCES, INC","point":[-86.78151585694022,36.19750014394527]}},{"type":"Feature","id":"206197","geometry":{"type":"Polygon","coordinates":[[[-86.7800673001747,36.1979936791145],[-86.7800672874518,36.1979935160684],[-86.7800758901631,36.1979947141445],[-86.7805355141345,36.198058709342],[-86.7805273711986,36.1981270649569],[-86.7800725737625,36.19806374243],[-86.7800673001747,36.1979936791145]]]},"properties":{"id":"206197","parcel":"07110010600","address":"1222 A KATIE AVE","owner":"M & J PARTNERSHIP","point":[-86.78030375807268,36.19806122558511]}},{"type":"Feature","id":"206209","geometry":{"type":"Polygon","coordinates":[[[-86.7800462025721,36.1977134249564],[-86.7800360753427,36.197578904144],[-86.7805768450107,36.1976418278597],[-86.7805686249613,36.1977763527807],[-86.7805680801519,36.1977852841963],[-86.7800462025721,36.1977134249564]]]},"properties":{"id":"206209","parcel":"07110010900","address":"1216 KATIE AVE","owner":"KEELING, FRANKIE DENISE","point":[-86.78030904926834,36.19767762216069]}},{"type":"Feature","id":"206390","geometry":{"type":"Polygon","coordinates":[[[-86.7824926282873,36.2001101613451],[-86.7824696673417,36.200109068202],[-86.7824472390907,36.2001049370576],[-86.7824259506651,36.2000978793395],[-86.782406379956,36.2000880859761],[-86.7823890566674,36.2000758230129],[-86.7823744500051,36.200061423581],[-86.7823629574421,36.2000452762531],[-86.7823548879779,36.2000278188432],[-86.7823423769613,36.1999995065852],[-86.7823273930214,36.1999719944448],[-86.7823100142773,36.199945423413],[-86.7823068613643,36.1999350045365],[-86.7823132408207,36.1999289202509],[-86.7823560529215,36.1999001558146],[-86.7824008119517,36.1998734092879],[-86.7824779463975,36.1998098275077],[-86.7825520274865,36.1997439041614],[-86.78260093379,36.199697635506],[-86.78264834333,36.1996503536002],[-86.7826973762921,36.1995986765173],[-86.7827446495334,36.1995459329128],[-86.7827519421924,36.1995294033776],[-86.7827647198166,36.1995100173378],[-86.7827803280016,36.1994920441488],[-86.782798530338,36.1994757539181],[-86.7828190568025,36.199461390834],[-86.7828366585121,36.1994521838961],[-86.7828574298697,36.1994438198131],[-86.7828792448598,36.1994374326355],[-86.7829018163378,36.1994331089427],[-86.7829197246574,36.1994288308033],[-86.7829369130243,36.1994229242445],[-86.7829531587198,36.1994154691206],[-86.782974018168,36.1994014995042],[-86.7829917551628,36.1993849355738],[-86.7830058849259,36.1993662320063],[-86.7831679756215,36.1995805479105],[-86.7834455468413,36.1999567405899],[-86.7833994688946,36.1999757893806],[-86.7831809020316,36.2000661418475],[-86.7830623385339,36.2001134735446],[-86.7829432436154,36.2001621820911],[-86.7829351316811,36.2001644319635],[-86.7829054110541,36.2001750630729],[-86.7828163536533,36.200207181896],[-86.7825811889564,36.2002919917647],[-86.7825869063287,36.2002665878248],[-86.7825893722218,36.20024084175],[-86.7825885637589,36.2002150267706],[-86.7825930288191,36.200202224263],[-86.7825947719765,36.2001889941737],[-86.7825937436042,36.2001757162552],[-86.7825899729939,36.2001627670447],[-86.782583569433,36.2001505162518],[-86.7825747120716,36.2001393142066],[-86.7825636564793,36.2001294801013],[-86.7825512557521,36.2001221620201],[-86.7825376255323,36.2001164579524],[-86.782523081841,36.2001125028414],[-86.7825079658373,36.2001103873057],[-86.7824926282873,36.2001101613451]]]},"properties":{"id":"206390","parcel":"07109012300","address":"0 BOOKER AVE","owner":"TDR STRATEGIC REALTY PARTNERS, LLC","point":[-86.78290060904196,36.19984245587057]}},{"type":"Feature","id":"206534","geometry":{"type":"Polygon","coordinates":[[[-86.7821658111697,36.1971544777186],[-86.7822685280415,36.1970451489824],[-86.7826631066105,36.1973054565762],[-86.7825601996826,36.1974146606967],[-86.7821658111697,36.1971544777186]]]},"properties":{"id":"206534","parcel":"07110002800","address":"527 WEAKLEY AVE","owner":"SUMNER, BETTY ANN","point":[-86.78241445852578,36.19722996740511]}},{"type":"Feature","id":"206550","geometry":{"type":"Polygon","coordinates":[[[-86.7815404522027,36.1978099426316],[-86.781537827572,36.1978082057657],[-86.7815532574065,36.197791886794],[-86.7816151318394,36.1977264458531],[-86.7816408907162,36.1976992016096],[-86.7820336231743,36.1979589112153],[-86.7819295818732,36.1980673677588],[-86.7815404522027,36.1978099426316]]]},"properties":{"id":"206550","parcel":"07110003300","address":"515 WEAKLEY AVE","owner":"LOCKETT, DANARA","point":[-86.78178701606676,36.19788442713812]}},{"type":"Feature","id":"206551","geometry":{"type":"Polygon","coordinates":[[[-86.7813316916097,36.1980262210711],[-86.7814225652765,36.1979301110225],[-86.7814347608354,36.1979172125556],[-86.7814373865795,36.1979189494166],[-86.7818255391935,36.198175826019],[-86.7817214951352,36.1982842859959],[-86.7813316916097,36.1980262210711]]]},"properties":{"id":"206551","parcel":"07110003500","address":"511 WEAKLEY AVE","owner":"JORDAN, MAGGIE L. W.","point":[-86.78157859425204,36.19810102376125]}},{"type":"Feature","id":"206552","geometry":{"type":"Polygon","coordinates":[[[-86.7811174809639,36.1982406579611],[-86.7811604194979,36.1982020855903],[-86.7812018127114,36.1981624182555],[-86.7812263397029,36.1981376452225],[-86.7816146749277,36.1983956370694],[-86.7815126687035,36.1985019720097],[-86.7811174809639,36.1982406579611]]]},"properties":{"id":"206552","parcel":"07110003700","address":"509 WEAKLEY AVE","owner":"SMITH, STERLING & SUZANNAH LIVING TRUST","point":[-86.78136635222647,36.198318148274524]}},{"type":"Feature","id":"206553","geometry":{"type":"Polygon","coordinates":[[[-86.7810864122858,36.199039293308],[-86.7810604039562,36.1990364116822],[-86.7810602922575,36.1990372640963],[-86.7809910945503,36.1990279915923],[-86.7809903496638,36.199027891864],[-86.7806150224174,36.1989775969588],[-86.7806147974516,36.198975414658],[-86.78060069623,36.1988384258355],[-86.7806004920738,36.1988364371711],[-86.7807237188077,36.1988529500843],[-86.7810999782614,36.1989081919499],[-86.7810864122858,36.199039293308]]]},"properties":{"id":"206553","parcel":"07110004300","address":"0 HURON AVE","owner":"STRADER, MATTHEW","point":[-86.78085387308994,36.198941797114976]}},{"type":"Feature","id":"206743","geometry":{"type":"Polygon","coordinates":[[[-86.7810049740744,36.1983310684272],[-86.7810623317194,36.1982867663388],[-86.7811174809639,36.1982406579611],[-86.7815126687035,36.1985019720097],[-86.781415525986,36.1986032346312],[-86.7810049740744,36.1983310684272]]]},"properties":{"id":"206743","parcel":"07110003800","address":"507 WEAKLEY AVE","owner":"RHOW PROPERTIES, LLC","point":[-86.78125865669702,36.198416520186825]}},{"type":"Feature","id":"206744","geometry":{"type":"Polygon","coordinates":[[[-86.7805867129727,36.1987025718326],[-86.7805866933024,36.1987023808924],[-86.7809460181949,36.1987505388459],[-86.7809645957098,36.1987530215321],[-86.7810999782614,36.1989081919499],[-86.7807237188077,36.1988529500843],[-86.7806004920738,36.1988364371711],[-86.7805867129727,36.1987025718326]]]},"properties":{"id":"206744","parcel":"07110004200","address":"0 HURON AVE","owner":"AWA ENTERPRISES, LLC","point":[-86.78079874906497,36.198794759168585]}},{"type":"Feature","id":"206745","geometry":{"type":"Polygon","coordinates":[[[-86.7801790906529,36.1990494357127],[-86.7801654954925,36.1989173581527],[-86.7805815838076,36.1989731157614],[-86.7806150224174,36.1989775969588],[-86.7809903496638,36.199027891864],[-86.7809910945503,36.1990279915923],[-86.7810602922575,36.1990372640963],[-86.7810604039562,36.1990364116822],[-86.7810864122858,36.199039293308],[-86.7810862061745,36.1990412855267],[-86.7810726340589,36.1991724454998],[-86.7810588557945,36.1993055985863],[-86.7810450774572,36.1994387489626],[-86.7810312991003,36.199571902036],[-86.7810204957477,36.1996763099752],[-86.780682277552,36.199630989025],[-86.7806488397749,36.1996265078399],[-86.7802327479764,36.1995707495719],[-86.7802213544927,36.1994600537403],[-86.7802072661268,36.1993231810737],[-86.7801931778096,36.1991863084002],[-86.7801790906529,36.1990494357127]]]},"properties":{"id":"206745","parcel":"07110004500","address":"1304 KATIE AVE","owner":"METRO GOV'T  BT  BACK TAX SALE","point":[-86.78063209049964,36.1992459654073]}},{"type":"Feature","id":"206746","geometry":{"type":"Polygon","coordinates":[[[-86.7801650024329,36.1989125630255],[-86.78015096596,36.1987761983086],[-86.7801515349162,36.1987762739435],[-86.7802584452693,36.1987906008451],[-86.7805670546451,36.1988319568635],[-86.7806004920738,36.1988364371711],[-86.78060069623,36.1988384258355],[-86.7806147974516,36.198975414658],[-86.7806150224174,36.1989775969588],[-86.7805815838076,36.1989731157614],[-86.7801654954925,36.1989173581527],[-86.7801650024329,36.1989125630255]]]},"properties":{"id":"206746","parcel":"07110005000","address":"1302 KATIE AVE","owner":"CUETO, EDUARDO A & STAUFFER, KRISTEN","point":[-86.78038284939315,36.19887549462913]}},{"type":"Feature","id":"206843","geometry":{"type":"Polygon","coordinates":[[[-86.7876903699005,36.1999027506084],[-86.7876512106811,36.1998744387798],[-86.7875498015934,36.1997992816449],[-86.787412283547,36.1996943307802],[-86.7872770010661,36.1995874887561],[-86.787143991166,36.1994787877842],[-86.7870132953,36.1993682591458],[-86.7868849504818,36.1992559350524],[-86.7867589948453,36.1991418486095],[-86.7856341792189,36.1980899100641],[-86.7859240371604,36.1980638500898],[-86.7859530650637,36.1981112486539],[-86.7859853991497,36.1981572197211],[-86.7860209322931,36.1982016125742],[-86.7860595485177,36.1982442810598],[-86.7861011185482,36.1982850836176],[-86.7861455087501,36.1983238877277],[-86.7861925688456,36.1983605645841],[-86.7862421486359,36.1983949934915],[-86.7862940824267,36.1984270610655],[-86.7863481990523,36.1984566629703],[-86.7865046582391,36.1985669109683],[-86.7866594220454,36.1986787208794],[-86.7868124647299,36.1987920757539],[-86.7868223953966,36.1987979900105],[-86.7868311076223,36.198805052302],[-86.7868384018814,36.1988131017017],[-86.7868441117634,36.1988219527331],[-86.7868481040265,36.1988314007773],[-86.786850754211,36.1988426483734],[-86.7868556311344,36.1988533947775],[-86.7868626040695,36.1988633524374],[-86.7868714869083,36.1988722557924],[-86.7868820415522,36.198879866658],[-86.7868939868779,36.1988859813784],[-86.7869070010063,36.1988904353176],[-86.7869207380521,36.1988931099601],[-86.7869348281335,36.1988939338132],[-86.7869488963004,36.1988928849863],[-86.786962564759,36.1988899911769],[-86.786995650482,36.1989001139046],[-86.7870274426478,36.1989126667443],[-86.7870576710989,36.1989275424051],[-86.7870860788139,36.1989446127821],[-86.7871124241856,36.1989637343483],[-86.7871303084007,36.1989813762186],[-86.7871510817301,36.1989967992726],[-86.7871743285847,36.1990096961846],[-86.7871995860549,36.1990198095064],[-86.7872263495326,36.1990269379404],[-86.7872540849511,36.1990309371607],[-86.78729810653,36.1990454984163],[-86.7873403872203,36.1990631280862],[-86.7873806009748,36.1990836895042],[-86.787418439339,36.1991070260618],[-86.7874536136385,36.1991329575891],[-86.7874858494647,36.1991612848966],[-86.7875225000227,36.1992066559962],[-86.7875624988167,36.1992501288194],[-86.787605698562,36.1992915402943],[-86.7876519376168,36.1993307373561],[-86.7877010421698,36.1993675733285],[-86.7877528296027,36.1994019106052],[-86.7878071073876,36.1994336215586],[-86.7878636719658,36.1994625876459],[-86.7879223132045,36.1994887002811],[-86.7879828121911,36.1995118626526],[-86.7891870499176,36.2000929649517],[-86.7880580384419,36.2002607668222],[-86.788025490338,36.2002099146873],[-86.7879890456693,36.2001608310112],[-86.7879488486986,36.2001137095212],[-86.7879050603303,36.2000687402312],[-86.7878578558059,36.200026101345],[-86.7878074236366,36.1999859637696],[-86.7877539644649,36.1999484884191],[-86.7876903699005,36.1999027506084]]]},"properties":{"id":"206843","parcel":"07109000200","address":"1530 LOCK RD","owner":"U. S. A. LOCK  1","point":[-86.78715414960057,36.19918334852821]}},{"type":"Feature","id":"206875","geometry":{"type":"Polygon","coordinates":[[[-86.786089998756,36.1994106926475],[-86.7864624242814,36.1990743303521],[-86.7865175192342,36.1991258408769],[-86.786546203722,36.1991534462228],[-86.786183017127,36.1994788830095],[-86.7861520343602,36.1994556690679],[-86.786089998756,36.1994106926475]]]},"properties":{"id":"206875","parcel":"07109004100","address":"1517 LOCK RD","owner":"WILLIAMS, JAMES CLINTON & REBECCA LYNNE","point":[-86.7863175372232,36.199282068647555]}},{"type":"Feature","id":"206878","geometry":{"type":"Polygon","coordinates":[[[-86.7841572767888,36.1981849880753],[-86.784707714549,36.1976256392699],[-86.7848033415688,36.1976735975559],[-86.784896730426,36.1977243723377],[-86.7849877514797,36.1977778968685],[-86.7850762827997,36.1978340971419],[-86.7851622057812,36.1978928982283],[-86.7852454039887,36.197954219777],[-86.7853257631822,36.1980179787192],[-86.785403176877,36.1980840892319],[-86.7854775385603,36.1981524627887],[-86.7856696579375,36.1983333767126],[-86.7847759139196,36.1990038330415],[-86.7847160616488,36.1989378901067],[-86.7846595730685,36.1988700263256],[-86.7846065415754,36.1988003537533],[-86.7841572767888,36.1981849880753]]]},"properties":{"id":"206878","parcel":"07109004700","address":"1505 LOCK RD","owner":"OSTROWSKI, ELIZABETH","point":[-86.78490134280254,36.198259162994155]}},{"type":"Feature","id":"207014","geometry":{"type":"Polygon","coordinates":[[[-86.7852355681357,36.1993915945889],[-86.7855062784673,36.1991479298903],[-86.7855245190603,36.1991638626882],[-86.7855610788062,36.1991957989642],[-86.7856227111608,36.1992483849244],[-86.7853584704589,36.1994862262076],[-86.7852355681357,36.1993915945889]]]},"properties":{"id":"207014","parcel":"07109005000","address":"0 BAPTIST WORLD CENTER DR","owner":"LOCK ONE REAL ESTATE LLC","point":[-86.78542913975188,36.19931998991406]}},{"type":"Feature","id":"207065","geometry":{"type":"Polygon","coordinates":[[[-86.7830058849259,36.1993662320063],[-86.7840464951424,36.1983028903827],[-86.7842119520469,36.1985295438935],[-86.7831679756215,36.1995805479105],[-86.7830058849259,36.1993662320063]]]},"properties":{"id":"207065","parcel":"07109007200","address":"0 BAPTIST WORLD CENTER DR","owner":"COMBS INDUSTRIAL SERVICES, INC.","point":[-86.78360585161525,36.19894788394418]}},{"type":"Feature","id":"207069","geometry":{"type":"Polygon","coordinates":[[[-86.7811043068607,36.199687541004],[-86.7811825178819,36.1988993537561],[-86.7812213019528,36.1988589246153],[-86.7823971404819,36.1976331899815],[-86.7827939360774,36.1972118938873],[-86.7828241203267,36.1971798476123],[-86.7829189479408,36.1970791629959],[-86.7830235924598,36.1971871927815],[-86.7831269281587,36.1970774753581],[-86.7832247226467,36.1971847517832],[-86.7833035127823,36.1972851152685],[-86.7833802097993,36.1973865395468],[-86.7834547922735,36.1974889950195],[-86.7835164854823,36.197576837214],[-86.7840464951424,36.1983028903827],[-86.7830058849259,36.1993662320063],[-86.7829917551628,36.1993849355738],[-86.782974018168,36.1994014995042],[-86.7829531587198,36.1994154691206],[-86.7829369130243,36.1994229242445],[-86.7829197246574,36.1994288308033],[-86.7829018163378,36.1994331089427],[-86.7828792448598,36.1994374326355],[-86.7828574298697,36.1994438198131],[-86.7828366585121,36.1994521838961],[-86.7828190568025,36.199461390834],[-86.782798530338,36.1994757539181],[-86.7827803280016,36.1994920441488],[-86.7827647198166,36.1995100173378],[-86.7827519421924,36.1995294033776],[-86.7827446495334,36.1995459329128],[-86.7826973762921,36.1995986765173],[-86.78264834333,36.1996503536002],[-86.78260093379,36.199697635506],[-86.7825520274865,36.1997439041614],[-86.7824779463975,36.1998098275077],[-86.7824008119517,36.1998734092879],[-86.7823560529215,36.1999001558146],[-86.7823132408207,36.1999289202509],[-86.7823068613643,36.1999350045365],[-86.7822856530029,36.1999497018095],[-86.7822465366601,36.1999827097474],[-86.7822100277805,36.2000176249726],[-86.7821762673828,36.2000543140885],[-86.7821453885967,36.2000926329347],[-86.7821285542987,36.2001125904437],[-86.7821091589964,36.2001309584918],[-86.7820874296187,36.2001475202067],[-86.7820636200214,36.2001620828756],[-86.782038008745,36.2001744761576],[-86.7820119030634,36.2001843193644],[-86.7819846742393,36.2001919031686],[-86.7819566172432,36.2001971445455],[-86.7819107802757,36.2002095552206],[-86.7817802491839,36.2002483651203],[-86.781778177488,36.2002490346513],[-86.7817748343913,36.2002501143761],[-86.7816696356585,36.2002853551763],[-86.7815661382437,36.2003237636181],[-86.7814644883856,36.2003652855849],[-86.7814195617502,36.2003846731476],[-86.7813943702846,36.2003961280658],[-86.7813545851723,36.2004137960728],[-86.7813139259723,36.2004301043126],[-86.7811622339123,36.2004920253951],[-86.7810120088077,36.2005562539368],[-86.7810432909914,36.2002618251629],[-86.7811043068607,36.199687541004]]]},"properties":{"id":"207069","parcel":"07109007300","address":"1421 BAPTIST WORLD CENTER DR","owner":"COOMBS, HARVEY W.","point":[-86.78263119732075,36.198580910943534]}},{"type":"Feature","id":"207117","geometry":{"type":"Polygon","coordinates":[[[-86.7850177352643,36.1998910163263],[-86.7851131265682,36.1998053296935],[-86.7853579852872,36.1999940512247],[-86.7852611530166,36.2000786271504],[-86.7850177352643,36.1998910163263]]]},"properties":{"id":"207117","parcel":"07109006600","address":"1517 WHITES CREEK PIKE","owner":"COMBS, HARVEY","point":[-86.78518786021175,36.19994253389634]}},{"type":"Feature","id":"207120","geometry":{"type":"Polygon","coordinates":[[[-86.7835165786393,36.2000522883093],[-86.7834455468413,36.1999567405899],[-86.7831679756215,36.1995805479105],[-86.7842119520469,36.1985295438935],[-86.784460538792,36.1988700722327],[-86.7845156642925,36.198942581951],[-86.7845742933889,36.1990132618493],[-86.7846363360472,36.1990820025538],[-86.7847016933285,36.1991486938471],[-86.7847702630103,36.1992132309408],[-86.784841937354,36.1992755135887],[-86.7849166030781,36.1993354433831],[-86.7853027039925,36.1996330276195],[-86.7852084190513,36.1997195661161],[-86.7851131265682,36.1998053296935],[-86.7850177352643,36.1998910163263],[-86.7849208086076,36.1999801241338],[-86.7848590148577,36.2000376648545],[-86.7847918417154,36.2000996350537],[-86.7849220989592,36.2003844817842],[-86.7847742597375,36.2005151035179],[-86.7846613852038,36.200616930592],[-86.7842719937475,36.2009642124157],[-86.7842226391167,36.2009087683638],[-86.7840690251757,36.2007295588596],[-86.7838332033787,36.2004629783648],[-86.7837536635547,36.2003711965531],[-86.7835165786393,36.2000522883093]]]},"properties":{"id":"207120","parcel":"07109007000","address":"1501 BAPTIST WORLD CENTER DR","owner":"COOMBS, HARVEY W.","point":[-86.78423024313925,36.199760774077355]}},{"type":"Feature","id":"207284","geometry":{"type":"Polygon","coordinates":[[[-86.7800672874518,36.1979935160684],[-86.7800620243724,36.1979236158116],[-86.7805436548238,36.1979903528384],[-86.7805365267803,36.1980501993969],[-86.7805355141345,36.198058709342],[-86.7800758901631,36.1979947141445],[-86.7800672874518,36.1979935160684]]]},"properties":{"id":"207284","parcel":"07110019200","address":"1220 B KATIE AVE","owner":"RUSSELL, ROBERT & DANIELA","point":[-86.7803052749254,36.19799193433026]}},{"type":"Feature","id":"207407","geometry":{"type":"Polygon","coordinates":[[[-86.7847759139196,36.1990038330415],[-86.7856696579375,36.1983333767126],[-86.7857348091204,36.1983947270268],[-86.7858045615903,36.1984594352021],[-86.7852678739956,36.1989432963454],[-86.7853920161048,36.1990492189868],[-86.7851129406257,36.1992971737553],[-86.7850334305045,36.1992359525257],[-86.784961531541,36.1991781759537],[-86.7848926019188,36.1991180683018],[-86.7848267582638,36.1990557288571],[-86.7847759139196,36.1990038330415]]]},"properties":{"id":"207407","parcel":"07109004600","address":"1509 LOCK RD","owner":"LOCK ONE REAL ESTATE LLC","point":[-86.7853580936065,36.19870104679318]}},{"type":"Feature","id":"207844","geometry":{"type":"Polygon","coordinates":[[[-86.7800900834834,36.1962643710094],[-86.780277643899,36.1958934444273],[-86.7803120036993,36.1959135980988],[-86.7804096402669,36.1959939427197],[-86.7802490328053,36.1963115695648],[-86.7801482748412,36.1962816498435],[-86.7800900834834,36.1962643710094]]]},"properties":{"id":"207844","parcel":"07114008000","address":"114 FERN AVE","owner":"WANG, QINTIAN","point":[-86.78024986240771,36.19612915697414]}},{"type":"Feature","id":"207872","geometry":{"type":"Polygon","coordinates":[[[-86.78110305692,36.1962182711415],[-86.7814124867574,36.1958878654294],[-86.7815622067753,36.1959731678544],[-86.7813259929042,36.1962386365406],[-86.7812646167635,36.196307611594],[-86.7812410914763,36.1962946026898],[-86.78110305692,36.1962182711415]]]},"properties":{"id":"207872","parcel":"07114009700","address":"1323 BAPTIST WORLD CENTER DR","owner":"WALKER HOLDING GROUP, LLC","point":[-86.78133549478238,36.19609572494997]}},{"type":"Feature","id":"208263","geometry":{"type":"Polygon","coordinates":[[[-86.7799978392457,36.1949122695418],[-86.7803173980402,36.1945547397848],[-86.7803421742123,36.1945706419488],[-86.7804253498215,36.1946212482657],[-86.7804458235298,36.1946337038533],[-86.7805321117797,36.1946890855918],[-86.7806393325447,36.1947564106441],[-86.7807468229554,36.1948234355396],[-86.78085431353,36.1948904585358],[-86.780961804304,36.1949574832375],[-86.7810691500765,36.1950246692061],[-86.7811763244476,36.1950920454531],[-86.7808841414337,36.1954189512613],[-86.7807732275224,36.1953557564627],[-86.7806623137878,36.195292561561],[-86.7805514002389,36.1952293674576],[-86.7804404868667,36.1951661732512],[-86.7803295725504,36.1951029780478],[-86.7802186595316,36.1950397836355],[-86.7801081316228,36.1949761585336],[-86.7799978392457,36.1949122695418]]]},"properties":{"id":"208263","parcel":"07114011100","address":"1308 BAPTIST WORLD CENTER DR","owner":"WEST IRIS REALTY, LLC","point":[-86.7805902806598,36.195000417839914]}},{"type":"Feature","id":"208353","geometry":{"type":"Polygon","coordinates":[[[-86.7798885434626,36.1948472645586],[-86.7802110246679,36.1944864671518],[-86.7803173980402,36.1945547397848],[-86.7799978392457,36.1949122695418],[-86.7799733456365,36.1948980814857],[-86.7798885434626,36.1948472645586]]]},"properties":{"id":"208353","parcel":"07114011000","address":"1300 BAPTIST WORLD CENTER DR","owner":"SWAFFORD, MARTHA CAROL GST EXEMPT FAMILY TRUST, THE","point":[-86.78010297141776,36.1947010023674]}},{"type":"Feature","id":"208354","geometry":{"type":"Polygon","coordinates":[[[-86.7813277955104,36.1956717294474],[-86.7816056363893,36.195360869565],[-86.7817128743705,36.1954281764277],[-86.7814387036963,36.1957349300827],[-86.7813277955104,36.1956717294474]]]},"properties":{"id":"208354","parcel":"07114011900","address":"1320 BAPTIST WORLD CENTER DR","owner":"WEST IRIS REALTY, LLC","point":[-86.78152033518224,36.19554995309456]}},{"type":"Feature","id":"208945","geometry":{"type":"Polygon","coordinates":[[[-86.7813553322727,36.1968710232552],[-86.7816312743179,36.1965602343136],[-86.7817012804474,36.1965989463275],[-86.7814242487224,36.1969109645894],[-86.7813553322727,36.1968710232552]]]},"properties":{"id":"208945","parcel":"07114008700","address":"126 C FERN AVE","owner":"LODGE, LEE & CLIFF, JOANNE","point":[-86.78152830699193,36.196734984919495]}},{"type":"Feature","id":"208947","geometry":{"type":"Polygon","coordinates":[[[-86.7817688599506,36.1971106849032],[-86.7820612453466,36.1967813730501],[-86.7822012685527,36.1968588027771],[-86.7822196880614,36.1968695463548],[-86.7822207941201,36.1968701908014],[-86.7819146864428,36.197195199151],[-86.7817688599506,36.1971106849032]]]},"properties":{"id":"208947","parcel":"07114009000","address":"132 FERN AVE","owner":"MALONE, LAKESHA BALDWIN & TIMOTHY BRIAN","point":[-86.78199158164546,36.19699043215645]}},{"type":"Feature","id":"208989","geometry":{"type":"Polygon","coordinates":[[[-86.7812936515539,36.195845329725],[-86.7813085146442,36.1958286268984],[-86.7814124867574,36.1958878654294],[-86.78110305692,36.1962182711415],[-86.7809724238175,36.1962063371774],[-86.7812936515539,36.195845329725]]]},"properties":{"id":"208989","parcel":"07114009800","address":"1321 BAPTIST WORLD CENTER DR","owner":"WALKER HOLDING GROUP, LLC","point":[-86.781188739978,36.19604709471685]}},{"type":"Feature","id":"209269","geometry":{"type":"Polygon","coordinates":[[[-86.7847714781271,36.1974933693856],[-86.7849542884621,36.1970614410842],[-86.7849872538647,36.1970974872324],[-86.7850219620274,36.1971324423292],[-86.7850583579164,36.1971662508526],[-86.7851271818505,36.1972304436375],[-86.7851929330856,36.1972967184512],[-86.7852555183613,36.1973649776677],[-86.7853148455193,36.1974351227525],[-86.785370826803,36.1975070506358],[-86.7854112432343,36.1975669676845],[-86.7854553541897,36.1976251464862],[-86.7855030470144,36.1976814390616],[-86.7855541990635,36.1977356992988],[-86.7856086777553,36.1977877883606],[-86.785666343898,36.1978375737616],[-86.7857270483096,36.1978849248841],[-86.7857945927011,36.1979431944074],[-86.7858602706106,36.1980028495632],[-86.7859240371604,36.1980638500898],[-86.7856341792189,36.1980899100641],[-86.7855903650375,36.1980462424161],[-86.7855206889816,36.1979802132678],[-86.7854480077386,36.1979163477291],[-86.785372424486,36.1978547343484],[-86.7852940457266,36.1977954607513],[-86.7852129812533,36.1977386100359],[-86.7851293441577,36.1976842616737],[-86.7850432519598,36.1976324933051],[-86.7849548276759,36.1975833762263],[-86.7848641931907,36.1975369799382],[-86.7847714781271,36.1974933693856]]]},"properties":{"id":"209269","parcel":"07109000300","address":"1500 LOCK RD","owner":"1500 LOCK ROAD, LLC","point":[-86.7851778622417,36.19757516288859]}},{"type":"Feature","id":"209340","geometry":{"type":"Polygon","coordinates":[[[-86.7867524687336,36.1998899595871],[-86.787064479556,36.1996091138499],[-86.7871846742598,36.1997061829584],[-86.7868791429426,36.199981196171],[-86.7867524687336,36.1998899595871]]]},"properties":{"id":"209340","parcel":"07109003800","address":"1529 LOCK RD","owner":"FOSTER, OPHELIA DEANN","point":[-86.78696857163906,36.19979807146918]}},{"type":"Feature","id":"209344","geometry":{"type":"Polygon","coordinates":[[[-86.7863722560638,36.1996164197104],[-86.7867147399739,36.199308146587],[-86.7867692644162,36.1993571507002],[-86.7868626013242,36.1994386789368],[-86.7869461224031,36.1995103914484],[-86.7866258278604,36.1997986911086],[-86.7863722560638,36.1996164197104]]]},"properties":{"id":"209344","parcel":"07109003900","address":"1523 LOCK RD","owner":"THOMAS, D. JOHNIENE","point":[-86.78665918928911,36.19956340592395]}},{"type":"Feature","id":"209346","geometry":{"type":"Polygon","coordinates":[[[-86.7802490328053,36.1963115695648],[-86.7804096402669,36.1959939427197],[-86.7805106209566,36.1960770370233],[-86.7803728249897,36.1963483287125],[-86.7802490328053,36.1963115695648]]]},"properties":{"id":"209346","parcel":"07114008100","address":"114 B FERN AVE","owner":"EUBANK, CHRISTOPHER S.","point":[-86.78037969345483,36.19619430312217]}},{"type":"Feature","id":"209347","geometry":{"type":"Polygon","coordinates":[[[-86.7815192060385,36.1962562864483],[-86.7817005828357,36.1960524456004],[-86.7820760114431,36.1962677331181],[-86.7820920538447,36.1962769329304],[-86.7821040459443,36.1962838093873],[-86.7820914119484,36.1962972010563],[-86.7820815510284,36.1963076537726],[-86.7818014945873,36.1966044990656],[-86.7817734992519,36.1965890173062],[-86.7816609691041,36.1965267900317],[-86.7815210498617,36.1964494157848],[-86.781404637244,36.1963850422622],[-86.7815192060385,36.1962562864483]]]},"properties":{"id":"209347","parcel":"07114009400","address":"1329 BAPTIST WORLD CENTER DR","owner":"BECK, CARSON W.","point":[-86.78174204356915,36.196346346580704]}},{"type":"Feature","id":"209348","geometry":{"type":"Polygon","coordinates":[[[-86.786183017127,36.1994788830095],[-86.786546203722,36.1991534462228],[-86.786596905155,36.1992022409899],[-86.7867147399739,36.199308146587],[-86.7863722560638,36.1996164197104],[-86.7862421808411,36.1995232093465],[-86.786183017127,36.1994788830095]]]},"properties":{"id":"209348","parcel":"07109004000","address":"1519 LOCK RD","owner":"WILLIAMS, PAMELA J.","point":[-86.78644909343937,36.199393515477965]}},{"type":"Feature","id":"209352","geometry":{"type":"Polygon","coordinates":[[[-86.7855245190603,36.1991638626882],[-86.7860501962806,36.1986896840642],[-86.7862953634215,36.1989206330421],[-86.7859056503626,36.199272169236],[-86.7858814963047,36.1992939558145],[-86.7858629663642,36.1993106704376],[-86.7857805883187,36.1993849774915],[-86.7857391386343,36.1993488443856],[-86.7856786634721,36.1992961247791],[-86.7856227111608,36.1992483849244],[-86.7855610788062,36.1991957989642],[-86.7855245190603,36.1991638626882]]]},"properties":{"id":"209352","parcel":"07109004400","address":"1513 B LOCK RD","owner":"SWAG R.E., LLC & CRABTREE, DIANE M. 2012 FAMILY TRUST","point":[-86.78590994189813,36.19904224848905]}},{"type":"Feature","id":"209356","geometry":{"type":"Polygon","coordinates":[[[-86.7832122410103,36.1969329292321],[-86.7830792704142,36.1968015090155],[-86.7831869794526,36.1968567373056],[-86.7832961760218,36.1969100118283],[-86.7839259239696,36.197197474831],[-86.7840008734653,36.1972365454694],[-86.784121095681,36.1972967612736],[-86.784243252575,36.1973543615488],[-86.7843672559097,36.1974093072069],[-86.7844930207729,36.1974615582372],[-86.7846204567282,36.1975110782703],[-86.784577964636,36.1975701851373],[-86.7846668292595,36.1976039286132],[-86.784707714549,36.1976256392699],[-86.7841572767888,36.1981849880753],[-86.7836579308003,36.1975010136321],[-86.7835823586626,36.1973939673709],[-86.7835042920934,36.1972881034794],[-86.7834237592786,36.1971834605245],[-86.7833667096683,36.1971096658545],[-86.7833550353193,36.1970961433612],[-86.7832971895751,36.1970328093585],[-86.7832122410103,36.1969329292321]]]},"properties":{"id":"209356","parcel":"07109004800","address":"0 BAPTIST WORLD CENTER DR","owner":"COOMBS, HARVEY W.","point":[-86.78409471266134,36.19748132136367]}},{"type":"Feature","id":"209372","geometry":{"type":"Polygon","coordinates":[[[-86.7801123516584,36.1957647028823],[-86.7804710720888,36.1953615601834],[-86.7804770206623,36.1953548758267],[-86.7806156485222,36.1954338611792],[-86.7806001574054,36.1954512700651],[-86.7802519176773,36.1958426046753],[-86.7801123516584,36.1957647028823]]]},"properties":{"id":"209372","parcel":"07114010400","address":"1309 BAPTIST WORLD CENTER DR","owner":"CHERRY, ANTHONY","point":[-86.78035624963528,36.195607986716034]}},{"type":"Feature","id":"209388","geometry":{"type":"Polygon","coordinates":[[[-86.7813047527986,36.1980547130154],[-86.7813316916097,36.1980262210711],[-86.7817214951352,36.1982842859959],[-86.7816146749277,36.1983956370694],[-86.7812263397029,36.1981376452225],[-86.7813047527986,36.1980547130154]]]},"properties":{"id":"209388","parcel":"07110003600","address":"509 C WEAKLEY AVE","owner":"RHOW PROPERTIES, LLC","point":[-86.7814737244033,36.19821096551294]}},{"type":"Feature","id":"209391","geometry":{"type":"Polygon","coordinates":[[[-86.7808737466907,36.1984204164984],[-86.7809405414129,36.1983768816973],[-86.7810049740744,36.1983310684272],[-86.781415525986,36.1986032346312],[-86.7813083659371,36.1987149409119],[-86.7808737466907,36.1984204164984]]]},"properties":{"id":"209391","parcel":"07110003900","address":"505 WEAKLEY AVE","owner":"NASHVILLE RENTALS II, LLC","point":[-86.78114313714735,36.19851182313033]}},{"type":"Feature","id":"209395","geometry":{"type":"Polygon","coordinates":[[[-86.7811469889611,36.1988076081247],[-86.781105269845,36.1987718717359],[-86.7809126135112,36.1986068424358],[-86.7807673309316,36.1984823949159],[-86.7808211651474,36.1984521123131],[-86.7808737466907,36.1984204164984],[-86.7813083659371,36.1987149409119],[-86.7811867758883,36.1988416878644],[-86.7811469889611,36.1988076081247]]]},"properties":{"id":"209395","parcel":"07110004000","address":"503 WEAKLEY AVE","owner":"HOWARD, REGINALD & JERI","point":[-86.78110217466164,36.198660876631145]}},{"type":"Feature","id":"209399","geometry":{"type":"Polygon","coordinates":[[[-86.7807673309316,36.1984823949159],[-86.7809126135112,36.1986068424358],[-86.781105269845,36.1987718717359],[-86.7809645957098,36.1987530215321],[-86.7809460181949,36.1987505388459],[-86.7805866933024,36.1987023808924],[-86.7805744977515,36.1985838907373],[-86.7805738610008,36.1985777167094],[-86.7806401440896,36.1985483748395],[-86.7807046794363,36.198516578383],[-86.7807673309316,36.1984823949159]]]},"properties":{"id":"209399","parcel":"07110004100","address":"501 WEAKLEY AVE","owner":"LS PROPERTIES, LLC","point":[-86.78077529657162,36.19865465874437]}},{"type":"Feature","id":"209403","geometry":{"type":"Polygon","coordinates":[[[-86.78015096596,36.1987761983086],[-86.7801371679587,36.1986421419763],[-86.7801377391466,36.1986422184981],[-86.7805514154322,36.1986976538168],[-86.7805532581814,36.19869790327],[-86.7805866933024,36.1987023808924],[-86.7805867129727,36.1987025718326],[-86.7806004920738,36.1988364371711],[-86.7805670546451,36.1988319568635],[-86.7802584452693,36.1987906008451],[-86.7801515349162,36.1987762739435],[-86.78015096596,36.1987761983086]]]},"properties":{"id":"209403","parcel":"07110005100","address":"1300 KATIE AVE","owner":"BRADLEY, TYRONE E. & WINSTON T.","point":[-86.78036883956423,36.198739385269356]}},{"type":"Feature","id":"209666","geometry":{"type":"Polygon","coordinates":[[[-86.77993090685,36.1962171043167],[-86.7801361515016,36.1958112038199],[-86.7801913166836,36.1958428079127],[-86.780277643899,36.1958934444273],[-86.7800900834834,36.1962643710094],[-86.7799855886649,36.1962333415088],[-86.77993090685,36.1962171043167]]]},"properties":{"id":"209666","parcel":"07114007900","address":"112 B FERN AVE","owner":"HOLLISTER, CODY STUART","point":[-86.78010427549465,36.19605527450052]}},{"type":"Feature","id":"209668","geometry":{"type":"Polygon","coordinates":[[[-86.7814931697066,36.1969509076575],[-86.7817712933518,36.196637661862],[-86.7817811941595,36.1966265095352],[-86.7818206213143,36.1966483126229],[-86.7819212213019,36.1967039431663],[-86.7816310174783,36.1970307972431],[-86.7814931697066,36.1969509076575]]]},"properties":{"id":"209668","parcel":"07114008800","address":"128 FERN AVE","owner":"SAIN, CLIFTON","point":[-86.7817071961544,36.196827425606244]}},{"type":"Feature","id":"209783","geometry":{"type":"Polygon","coordinates":[[[-86.7866258278604,36.1997986911086],[-86.7869461224031,36.1995103914484],[-86.7870044604823,36.1995599960749],[-86.787064479556,36.1996091138499],[-86.7867524687336,36.1998899595871],[-86.7866258278604,36.1997986911086]]]},"properties":{"id":"209783","parcel":"07109013800","address":"1527 LOCK RD","owner":"MCGEE, JACQUELINE DENISE","point":[-86.78684515433804,36.19970390268249]}},{"type":"Feature","id":"209979","geometry":{"type":"Polygon","coordinates":[[[-86.7800550402041,36.1971625241888],[-86.7800688979176,36.1970307585752],[-86.7805944229218,36.1970624212963],[-86.7805921919106,36.1970960464606],[-86.7805848873046,36.1971944366215],[-86.7800550402041,36.1971625241888]]]},"properties":{"id":"209979","parcel":"07114042000","address":"1208 KATIE AVE","owner":"VANCE, BRIAN","point":[-86.78032413751667,36.197129286583305]}},{"type":"Feature","id":"210172","geometry":{"type":"Polygon","coordinates":[[[-86.781121085593,36.1935137593059],[-86.7819558506867,36.1925864264734],[-86.7820272197543,36.192507141597],[-86.7820373096524,36.1925337229734],[-86.7820975597381,36.1926840400346],[-86.7821617543898,36.1928332806349],[-86.7822298651567,36.1929813764567],[-86.7823018613723,36.1931282600975],[-86.7823777112486,36.1932738632607],[-86.7824573774731,36.1934181212903],[-86.7825408260502,36.1935609677059],[-86.782628018554,36.1937023378581],[-86.7822146096486,36.1941547089281],[-86.781121085593,36.1935137593059]]]},"properties":{"id":"210172","parcel":"07114038700","address":"1311 VASHTI ST","owner":"MEADOWS, STEVE","point":[-86.78184576405849,36.19334495158933]}},{"type":"Feature","id":"210173","geometry":{"type":"Polygon","coordinates":[[[-86.7814242487224,36.1969109645894],[-86.7817012804474,36.1965989463275],[-86.7817712933518,36.196637661862],[-86.7814931697066,36.1969509076575],[-86.7814242487224,36.1969109645894]]]},"properties":{"id":"210173","parcel":"07114039600","address":"126 D FERN AVE","owner":"RHODES, MICHAEL","point":[-86.78159777083575,36.19677431335316]}},{"type":"Feature","id":"210174","geometry":{"type":"Polygon","coordinates":[[[-86.7806039607485,36.1940866014673],[-86.7807600268958,36.1939141425496],[-86.7824807984138,36.1949254559041],[-86.7819398057711,36.1955349602519],[-86.7802517790147,36.1944767279223],[-86.7805037536781,36.1941976061342],[-86.7806039607485,36.1940866014673]]]},"properties":{"id":"210174","parcel":"07114039800","address":"1333 VASHTI ST","owner":"MEADOWS, MARK STEVEN","point":[-86.78135438864808,36.19470107536468]}},{"type":"Feature","id":"210605","geometry":{"type":"Polygon","coordinates":[[[-86.782380211531,36.1969272775763],[-86.7825159570152,36.1967831504856],[-86.782691331444,36.1968800899666],[-86.7828246491814,36.1969537834506],[-86.7829363466371,36.1970154202099],[-86.7827950741741,36.1971654174646],[-86.7826866352611,36.1971031718313],[-86.7825515179485,36.1970256117321],[-86.782380211531,36.1969272775763]]]},"properties":{"id":"210605","parcel":"07114039300","address":"531 WEAKLEY AVE","owner":"GARCIA, MICHAEL ANTHONY","point":[-86.78267965125706,36.196984237357235]}},{"type":"Feature","id":"210648","geometry":{"type":"Polygon","coordinates":[[[-86.7801120936231,36.1966200261207],[-86.7801310859899,36.1964394131779],[-86.7801949273632,36.1964483431487],[-86.7802579542554,36.1964604940503],[-86.78031536042,36.1964745720909],[-86.7803716643025,36.1964913240613],[-86.7804266751946,36.1965106917125],[-86.7804512266786,36.196519627649],[-86.7804747482326,36.1965302294605],[-86.7805267067489,36.196554324987],[-86.7805768586316,36.1965808160074],[-86.7806250373383,36.1966096143759],[-86.7806217346754,36.196650719734],[-86.7801120936231,36.1966200261207]]]},"properties":{"id":"210648","parcel":"07114001000","address":"1200 KATIE AVE","owner":"BEASLEY, ANDREW CHAMBERS","point":[-86.78031053511094,36.1965419283041]}},{"type":"Feature","id":"210710","geometry":{"type":"Polygon","coordinates":[[[-86.7808841414337,36.1954189512613],[-86.7811763244476,36.1950920454531],[-86.7812836254955,36.1951592819909],[-86.7813909806196,36.1952264586],[-86.7814981621456,36.1952938282059],[-86.7816056363893,36.195360869565],[-86.7813277955104,36.1956717294474],[-86.7812168842011,36.1956085323355],[-86.7811059686656,36.1955453396555],[-86.7809950555128,36.1954821450557],[-86.7808841414337,36.1954189512613]]]},"properties":{"id":"210710","parcel":"07114011600","address":"1314 BAPTIST WORLD CENTER DR","owner":"WEST IRIS REALTY, LLC","point":[-86.78124488898773,36.1953899109572]}},{"type":"Feature","id":"210725","geometry":{"type":"Polygon","coordinates":[[[-86.7808023829976,36.1926853930821],[-86.780827879761,36.192681925064],[-86.7810325480997,36.1928168523137],[-86.7811389495686,36.192884294],[-86.781242658904,36.1929539475864],[-86.7813490845644,36.1930235826037],[-86.7813388748538,36.1930349414943],[-86.7810889481956,36.193313156955],[-86.7810369950079,36.1933717308184],[-86.7800879903575,36.1927438460772],[-86.7802048170057,36.1927343011784],[-86.780269817252,36.1927272856857],[-86.7804594606011,36.1927128762771],[-86.7806301253431,36.1926985874772],[-86.7808023829976,36.1926853930821]]]},"properties":{"id":"210725","parcel":"07114020400","address":"1310 VASHTI ST","owner":"COMMERCIAL PROPERTIES, INC.","point":[-86.78093053306227,36.19302850610584]}},{"type":"Feature","id":"210899","geometry":{"type":"Polygon","coordinates":[[[-86.7840008734653,36.1972365454694],[-86.7839259239696,36.197197474831],[-86.7832961760218,36.1969100118283],[-86.7831869794526,36.1968567373056],[-86.7830792704142,36.1968015090155],[-86.782870074298,36.1965947480468],[-86.7828054317279,36.1965558288912],[-86.7827414691824,36.1965161788756],[-86.7826405600526,36.1964512265608],[-86.7825978211529,36.196420490268],[-86.7824907482343,36.1963478107054],[-86.7846402798034,36.1965646174588],[-86.7846932591338,36.1966468125204],[-86.7847438000172,36.1967300102877],[-86.7847918719548,36.1968141631948],[-86.7848183247163,36.1968660697658],[-86.7848478666453,36.1969168702299],[-86.7848804264953,36.1969664433778],[-86.784915929728,36.1970146725276],[-86.7849542884621,36.1970614410842],[-86.7847714781271,36.1974933693856],[-86.7846629487482,36.1974519704861],[-86.7846204567282,36.1975110782703],[-86.7844930207729,36.1974615582372],[-86.7843672559097,36.1974093072069],[-86.784243252575,36.1973543615488],[-86.784121095681,36.1972967612736],[-86.7840008734653,36.1972365454694]]]},"properties":{"id":"210899","parcel":"07113000100","address":"0 LOCK RD","owner":"COOMBS, HARVEY","point":[-86.78411185099885,36.196940302313074]}},{"type":"Feature","id":"210902","geometry":{"type":"Polygon","coordinates":[[[-86.7876432130629,36.1933137693077],[-86.7876433627171,36.1933133879985],[-86.7876476198562,36.1933014905946],[-86.7876495548121,36.1932949113704],[-86.7876520266706,36.1932845108941],[-86.7876520317195,36.1932844594891],[-86.7876545181784,36.1932680267652],[-86.7876550073624,36.1932619751988],[-86.7876553034007,36.1932536604694],[-86.7876553051936,36.1932512094733],[-86.7876552975876,36.1932504434495],[-86.7876551011232,36.1932439826765],[-86.7876540288904,36.1932317388052],[-86.7876534886637,36.1932278344537],[-86.7876524828068,36.1932219395463],[-86.787652458215,36.1932218144312],[-86.7876512670682,36.1932160712435],[-86.7876508247124,36.1932141850823],[-86.7876504839162,36.1932127849405],[-86.7876503645944,36.1932123017408],[-86.7876498811553,36.1932104212552],[-86.7876422817794,36.1931880600282],[-86.7876315266125,36.1931665674761],[-86.7876288474345,36.1931621345177],[-86.7876270515133,36.1931593117617],[-86.7876253624109,36.1931567208345],[-86.7876208422878,36.1931497457063],[-86.7876144320923,36.1931398718285],[-86.7876080218894,36.1931299970491],[-86.7875992562669,36.1931164929274],[-86.7875779378789,36.1930836529795],[-86.7873347557651,36.1927090230518],[-86.7873016279071,36.1926579887589],[-86.7870499223795,36.1922702265292],[-86.7878966011389,36.1920725468029],[-86.7878966666255,36.192072647317],[-86.7882919490356,36.1926811036956],[-86.7883362626821,36.1926884678866],[-86.788379496262,36.1926992558023],[-86.788421247389,36.1927133664262],[-86.7884611289631,36.1927306707033],[-86.7884987702294,36.1927510061257],[-86.788533821305,36.1927741848141],[-86.7885659575996,36.1927999907849],[-86.7890126712748,36.193226671966],[-86.7890465256575,36.1932567142326],[-86.7890828985863,36.1932847545472],[-86.7891216130139,36.1933106552703],[-86.7891624752958,36.1933342869821],[-86.787782999799,36.1933430406016],[-86.7877768983211,36.1933204794437],[-86.7875635532552,36.1934114405806],[-86.7875563963134,36.1934144920751],[-86.7875559113605,36.1934146989238],[-86.7875517704225,36.1934164635694],[-86.7875464336718,36.1934187344133],[-86.7875463140969,36.193418785664],[-86.7875459166105,36.1934189549903],[-86.7875454349751,36.1934191600148],[-86.7875412497162,36.1934209402706],[-86.7875396852259,36.1934216056935],[-86.7875393729914,36.1934217384133],[-86.7875381185389,36.1934222738345],[-86.7875374885286,36.1934225411127],[-86.7875373501512,36.1934226023999],[-86.7875371740615,36.1934226729458],[-86.7875371175916,36.1934226967469],[-86.7875368596123,36.1934228065812],[-86.7875342322709,36.1934239313706],[-86.7875335225677,36.1934242352191],[-86.7875333154993,36.1934243212884],[-86.7875311807951,36.1934252292652],[-86.7875306204802,36.1934254609395],[-86.7875305408142,36.1934255002134],[-86.7875302828081,36.1934256073441],[-86.7875297978998,36.1934258186987],[-86.7875292254802,36.1934260630696],[-86.7875290560972,36.1934261371767],[-86.7875288391029,36.1934262314221],[-86.7875286475731,36.1934263146863],[-86.787528239049,36.193426492196],[-86.7875278172368,36.1934266751999],[-86.7875274220007,36.1934268472153],[-86.7875273666426,36.1934268710092],[-86.7875271605966,36.1934269480593],[-86.7875272732591,36.1934268725196],[-86.7875276096852,36.1934267126042],[-86.7875281552423,36.1934264503833],[-86.7875290084347,36.1934260401512],[-86.7875291677845,36.1934259634057],[-86.7875310546077,36.1934250624534],[-86.7875380431353,36.19342173447],[-86.7875413066413,36.1934201783323],[-86.7875415654818,36.193420043257],[-86.7875432158549,36.1934191807986],[-86.7875434536516,36.193419053972],[-86.7875463703068,36.1934175037016],[-86.7875466832236,36.1934173277168],[-86.7875510940607,36.1934148619309],[-86.7875533903271,36.1934135401215],[-86.7875587056496,36.193410342919],[-86.7875634248105,36.1934073505865],[-86.7875659543499,36.1934056703551],[-86.7875674764456,36.1934046546172],[-86.7875675073885,36.1934046354888],[-86.7875684681806,36.193403975806],[-86.787569805489,36.1934030504984],[-86.7875709483347,36.1934022490311],[-86.7875720822501,36.1934014440169],[-86.787573399322,36.1934004963097],[-86.7875743332157,36.193399815172],[-86.7875758222455,36.1933987167335],[-86.7875765606095,36.1933981639493],[-86.7875782148903,36.1933969112181],[-86.7875787622078,36.1933964903632],[-86.7875805783684,36.1933950797563],[-86.7875809391402,36.1933947962089],[-86.7875829115768,36.1933932232565],[-86.7875830891653,36.1933930796986],[-86.7875852145246,36.19339134262],[-86.7875951569453,36.1933826004051],[-86.7875951943623,36.1933825614067],[-86.787597271855,36.1933805948182],[-86.7875993180021,36.1933786068038],[-86.7876064949788,36.19337119036],[-86.7876098669505,36.1933672325487],[-86.7876117267505,36.1933652899116],[-86.7876117618544,36.1933652419156],[-86.7876281860777,36.1933430123754],[-86.7876282056877,36.1933429716907],[-86.7876333524935,36.1933343373639],[-86.7876357339884,36.1933299534071],[-86.7876432130629,36.1933137693077]]]},"properties":{"id":"210902","parcel":"07113000700","address":"131 GREAT CIRCLE RD","owner":"METROCENTER QOBZ, LLC","point":[-86.78794225318202,36.19276157990902]}},{"type":"Feature","id":"211034","geometry":{"type":"Polygon","coordinates":[[[-86.7824907482343,36.1963478107054],[-86.7823919378242,36.1962845587811],[-86.7822914745589,36.1962230406973],[-86.7818006641861,36.1959415904252],[-86.7818154127987,36.1959250144539],[-86.783103590405,36.1944665060595],[-86.7832686964367,36.1947198559926],[-86.7834371316694,36.1949717627965],[-86.7836088769306,36.1952221968406],[-86.7837839119528,36.1954711303036],[-86.7839622175707,36.1957185344558],[-86.7840582920292,36.195818002062],[-86.7841512457409,36.1959193996323],[-86.7842410202338,36.1960226617615],[-86.7843275570351,36.1961277230442],[-86.7844108043508,36.1962345189327],[-86.784490706988,36.1963429785925],[-86.7845672153477,36.1964530347577],[-86.7846402798034,36.1965646174588],[-86.7824907482343,36.1963478107054]]]},"properties":{"id":"211034","parcel":"07114038100","address":"1326 BAPTIST WORLD CENTER DR","owner":"MEADOWS, MARK STEVEN","point":[-86.78299146398162,36.19559323735852]}},{"type":"Feature","id":"211036","geometry":{"type":"Polygon","coordinates":[[[-86.7812174917541,36.1967911360117],[-86.7814912521952,36.1964828039192],[-86.781561262662,36.1965215186899],[-86.7812864125302,36.1968310791991],[-86.7812174917541,36.1967911360117]]]},"properties":{"id":"211036","parcel":"07114039400","address":"126 A FERN AVE","owner":"OBERMILLER, EMILIE","point":[-86.78138937765834,36.196656327477015]}},{"type":"Feature","id":"211038","geometry":{"type":"Polygon","coordinates":[[[-86.7812864125302,36.1968310791991],[-86.781561262662,36.1965215186899],[-86.7816312743179,36.1965602343136],[-86.7813553322727,36.1968710232552],[-86.7812864125302,36.1968310791991]]]},"properties":{"id":"211038","parcel":"07114039700","address":"126 B FERN AVE","owner":"VAIL, KATHERINE C","point":[-86.78145884339483,36.1966956568825]}},{"type":"Feature","id":"211309","geometry":{"type":"Polygon","coordinates":[[[-86.7896307710493,36.1934597786363],[-86.7896134907223,36.1934200756546],[-86.7895611959732,36.1934225978035],[-86.7895088138972,36.193422043589],[-86.7894566191721,36.1934184166226],[-86.789404885499,36.1934117340415],[-86.7893538834491,36.193402033733],[-86.7893038825804,36.1933893635054],[-86.7892551448825,36.193373792847],[-86.7892079268933,36.1933554020973],[-86.7891624752958,36.1933342869821],[-86.7891216130139,36.1933106552703],[-86.7890828985863,36.1932847545472],[-86.7890465256575,36.1932567142326],[-86.7890126712748,36.193226671966],[-86.7885659575996,36.1927999907849],[-86.788533821305,36.1927741848141],[-86.7884987702294,36.1927510061257],[-86.7884611289631,36.1927306707033],[-86.788421247389,36.1927133664262],[-86.788379496262,36.1926992558023],[-86.7883362626821,36.1926884678866],[-86.7882919490356,36.1926811036956],[-86.7878966666255,36.192072647317],[-86.7878966011389,36.1920725468029],[-86.7879861967144,36.1920516277829],[-86.7882466712294,36.1919908118352],[-86.7887058963165,36.1917890184493],[-86.788762606699,36.1917641678572],[-86.7888213163883,36.191742581169],[-86.7888817384575,36.1917243630007],[-86.7889435802609,36.1917096017834],[-86.7890065412097,36.1916983697779],[-86.7890703138745,36.1916907221664],[-86.789134588406,36.1916866943196],[-86.7891990536908,36.1916863062957],[-86.78926339511,36.1916895610524],[-86.7893273011917,36.1916964426009],[-86.7893904602755,36.1917069160281],[-86.7894525650042,36.1917209319727],[-86.7895133133903,36.1917384221126],[-86.7895724121788,36.1917593018466],[-86.7896295712605,36.1917834676263],[-86.7896845137499,36.1918108041014],[-86.7897369736901,36.1918411769239],[-86.7897866938912,36.1918744390706],[-86.7898334348074,36.1919104289836],[-86.7898769667629,36.1919489715209],[-86.7899170810789,36.1919898787862],[-86.7907839669711,36.1930083067699],[-86.790457639032,36.1931818603119],[-86.7903822979005,36.1932214890909],[-86.7903047766417,36.1932582516555],[-86.7902252423727,36.1932920693995],[-86.7901438633863,36.1933228700178],[-86.7900608136072,36.1933505883789],[-86.7899762725738,36.1933751647229],[-86.7898904198881,36.1933965455983],[-86.7896307710493,36.1934597786363]]]},"properties":{"id":"211309","parcel":"07113000200","address":"281 CUMBERLAND BND","owner":"WILLIAMS PORTFOLIO 21 LLC","point":[-86.78917201393062,36.19237877864553]}},{"type":"Feature","id":"211313","geometry":{"type":"Polygon","coordinates":[[[-86.7854273588724,36.1947618724165],[-86.7854271578161,36.1947615555789],[-86.7854266775038,36.1947615587034],[-86.7854259829648,36.1947599148126],[-86.7854256956137,36.1947596417969],[-86.7854256417014,36.1947595871706],[-86.7854252510444,36.194759212083],[-86.7854249547362,36.1947589328166],[-86.7854242839418,36.1947580025712],[-86.785424268899,36.1947579431858],[-86.7854239166816,36.1947571830091],[-86.7854236065782,36.1947566334538],[-86.785423235729,36.1947562375082],[-86.785423093036,36.1947560879257],[-86.7854228929969,36.1947558738253],[-86.7854225805539,36.1947553125688],[-86.785422560175,36.1947552757496],[-86.7854225476057,36.1947552415834],[-86.7854225283298,36.1947552038558],[-86.785422337794,36.1947548265651],[-86.7854222028089,36.1947545570645],[-86.7854220066336,36.194754171699],[-86.7854215207622,36.1947541748597],[-86.7854206081952,36.1947521845],[-86.7854204314421,36.1947519639393],[-86.7854197885632,36.1947511578865],[-86.7854194523202,36.1947506634782],[-86.7854194362994,36.194750617618],[-86.7854191078392,36.1947501231591],[-86.7854190456622,36.1947500199184],[-86.7854187643719,36.1947495729196],[-86.7854184999465,36.1947491447376],[-86.7854156671362,36.1947449101083],[-86.785415612974,36.1947448302483],[-86.7854153241508,36.1947444085338],[-86.7854151977873,36.1947442236958],[-86.7854139478601,36.194742412178],[-86.7854135497613,36.1947418469724],[-86.7854129234796,36.1947415941866],[-86.7854125725652,36.1947404040993],[-86.7854124584765,36.1947402236877],[-86.7854122280397,36.1947398592742],[-86.7854121139332,36.1947396770602],[-86.7854118849206,36.1947393441816],[-86.7854115646483,36.1947390028841],[-86.7854111994031,36.1947386114084],[-86.7854109851655,36.1947383108791],[-86.7854108549936,36.1947380782989],[-86.7854106773037,36.1947377631117],[-86.7854105132593,36.1947374784787],[-86.7854102573807,36.1947370150918],[-86.7854101656893,36.1947368507572],[-86.7854098206642,36.1947362554647],[-86.7854094761208,36.1947357088372],[-86.7854093925067,36.1947355741918],[-86.7854091315954,36.1947351640121],[-86.7854090457308,36.1947350266776],[-86.7854087870432,36.1947346164835],[-86.785408615323,36.1947343427154],[-86.7854084437188,36.1947340806632],[-86.7854081426655,36.1947336590282],[-86.7854077785464,36.1947331566899],[-86.7854077526262,36.1947331217093],[-86.7854077334306,36.1947330920925],[-86.7854077086223,36.1947330571046],[-86.7854074121323,36.1947326471564],[-86.785407311573,36.1947324855833],[-86.7854070667681,36.1947320176182],[-86.7854067225604,36.1947313925786],[-86.7854064577247,36.1947309229412],[-86.7854060386707,36.1947303749958],[-86.7854056904565,36.194729906802],[-86.7854055731483,36.1947297381278],[-86.785405346047,36.1947293736925],[-86.7854046953608,36.1947283405723],[-86.7854043135113,36.1947277320004],[-86.785404198293,36.1947275497936],[-86.7854039689592,36.1947271844717],[-86.7854038548795,36.1947270049613],[-86.785403624416,36.1947266378442],[-86.7854035103094,36.1947264556302],[-86.7854032810024,36.1947260930118],[-86.7854029848927,36.1947256091576],[-86.7854022457221,36.1947242864064],[-86.7854021314104,36.1947240834648],[-86.7854019005186,36.1947236730898],[-86.7854016716399,36.1947233537293],[-86.7854015577564,36.1947231940454],[-86.7854013514357,36.1947229069836],[-86.785400525269,36.194721669517],[-86.7854003475168,36.1947213480213],[-86.7854001823517,36.1947210624943],[-86.785399927594,36.1947206000013],[-86.7853998359026,36.1947204356668],[-86.7853994909043,36.1947198430778],[-86.7853991463969,36.1947193000551],[-86.7853990604967,36.1947191591157],[-86.7853984572303,36.1947181986892],[-86.7853982888992,36.1947179303068],[-86.785398113799,36.1947176520545],[-86.7853978640239,36.1947172436048],[-86.7853974315207,36.1947172464183],[-86.7853967315488,36.1947150536939],[-86.7853963909032,36.1947145638206],[-86.7853963334235,36.1947144857847],[-86.7853957071688,36.1947142357024],[-86.7853953556391,36.1947129834319],[-86.785395289975,36.1947128648924],[-86.7853950033989,36.1947123332093],[-86.7853948958029,36.1947121347302],[-86.7853946664781,36.1947117703094],[-86.7853942295136,36.1947113225207],[-86.7853939813447,36.1947110762878],[-86.7853933737738,36.1947101303095],[-86.7853932916428,36.1947099208496],[-86.7853929696918,36.1947090730535],[-86.7853929469554,36.1947090227307],[-86.7853928316265,36.1947087170517],[-86.7853922611866,36.1947084891379],[-86.7853915657743,36.194706756929],[-86.7853912565725,36.1947062983952],[-86.7853912226286,36.1947062391327],[-86.7853908683968,36.1947056123559],[-86.7853905322131,36.1947050115982],[-86.7853904484652,36.1947048634346],[-86.7853901869919,36.1947043964791],[-86.7853900429339,36.1947041090122],[-86.7853898407625,36.1947036795239],[-86.785389752139,36.1947034881315],[-86.7853894954665,36.1947029445375],[-86.7853893739663,36.1947026893693],[-86.7853877711151,36.1946999338214],[-86.7853875670181,36.1946996467451],[-86.7853870833586,36.1946989748458],[-86.7853868820796,36.1946986354779],[-86.7853867378163,36.1946983272833],[-86.7853865538626,36.1946979409371],[-86.78538639486,36.194697603998],[-86.7853861348788,36.1946970631292],[-86.7853860467282,36.1946969195007],[-86.7853855363313,36.1946962423676],[-86.7853853594179,36.1946960055852],[-86.7853851290671,36.1946955375258],[-86.7853850101975,36.1946952111409],[-86.7853849427167,36.1946950214135],[-86.7853846638185,36.1946942544509],[-86.7853843203785,36.1946937069149],[-86.7853840899419,36.1946933425013],[-86.7853836312837,36.1946926127585],[-86.7853832867318,36.1946920652297],[-86.785382940672,36.1946913653974],[-86.7853826442289,36.1946907355408],[-86.785382595394,36.1946906322133],[-86.7853822891763,36.1946900258531],[-86.7853815605696,36.1946888715691],[-86.7853813345804,36.1946885071267],[-86.7853812160267,36.1946883249416],[-86.7853804208548,36.1946869610965],[-86.7853801820377,36.1946865363529],[-86.7853797731963,36.1946854475836],[-86.7853777592148,36.1946814843146],[-86.7853776416837,36.1946812931102],[-86.785377415757,36.1946809349761],[-86.7853771084846,36.1946804466882],[-86.7853767266089,36.1946798354125],[-86.785376497311,36.1946794736953],[-86.7853763854462,36.1946792932693],[-86.7853761621556,36.1946787521618],[-86.7853760339096,36.1946783771696],[-86.7853758866109,36.1946779869799],[-86.7853756872844,36.1946775079036],[-86.7853755460569,36.1946772817042],[-86.7853750034824,36.1946772852335],[-86.7853749948455,36.1946764128677],[-86.7853748547386,36.1946761875622],[-86.7853746536828,36.1946758707244],[-86.7853744810081,36.1946755005275],[-86.7853743068647,36.1946750942897],[-86.7853741337707,36.1946746817362],[-86.7853739606856,36.1946742700839],[-86.7853736884532,36.1946736148345],[-86.7853732743125,36.1946734507948],[-86.7853471583104,36.1946149782321],[-86.7853433667513,36.1946059965795],[-86.7853370117693,36.1945916871146],[-86.7853255018536,36.1945687139971],[-86.7853151663276,36.1945500304588],[-86.7853151142556,36.1945499370662],[-86.7853051367836,36.1945331645781],[-86.7853017931679,36.1945277607261],[-86.7852941587708,36.1945159596821],[-86.7852795936481,36.1944953731461],[-86.7852704548811,36.1944830131884],[-86.7852703884266,36.1944829270994],[-86.7852556345942,36.1944646174753],[-86.785240160789,36.1944468109299],[-86.7852194700298,36.1944247437957],[-86.7852193070749,36.1944245691092],[-86.7852158930126,36.1944209213719],[-86.7851933493227,36.1944011608977],[-86.7851362390258,36.1943510823217],[-86.7851299294962,36.194345291282],[-86.7851139986831,36.1943300616974],[-86.785107439155,36.1943232772885],[-86.7850864770237,36.1943004097722],[-86.7850740916735,36.1942857014908],[-86.7850729198302,36.1942842508678],[-86.7850583195658,36.1942656085561],[-86.7850478662008,36.1942509616134],[-86.7850478063911,36.1942508727773],[-86.785033457515,36.1942287562637],[-86.7850275956462,36.1942194365693],[-86.7850126636112,36.1941931086404],[-86.785004066354,36.1941760234272],[-86.7849932981447,36.1941512438304],[-86.7849882700706,36.1941383145644],[-86.7849836003207,36.1941258642426],[-86.7849818662061,36.1941205157092],[-86.784981785917,36.1941202674828],[-86.7850472636556,36.1940946884256],[-86.7853500463972,36.193969804249],[-86.7855520061663,36.1938865728592],[-86.7859296576412,36.1937309356725],[-86.7866319018286,36.193442019456],[-86.7866319716228,36.193441993766],[-86.7867917059187,36.19369798587],[-86.786812439431,36.1937307279188],[-86.7872324690115,36.1943940546029],[-86.7864343070851,36.1947257339142],[-86.7856485361637,36.1950521197547],[-86.7856100017898,36.1950669366914],[-86.7856041297947,36.1950589653805],[-86.7855916175352,36.1950411197844],[-86.7855846939657,36.1950307074864],[-86.7855775235198,36.1950190566573],[-86.7855732229093,36.1950120088285],[-86.7855651839984,36.1949979933293],[-86.7855629990982,36.1949940636211],[-86.7855506795254,36.1949710840783],[-86.7855398007512,36.19494763101],[-86.7855353611591,36.1949373269221],[-86.7855245202243,36.1949130904092],[-86.785512527588,36.1948892137816],[-86.7855022799342,36.1948702052343],[-86.7854981793528,36.1948631443849],[-86.7854912837989,36.194851516096],[-86.785486040957,36.1948428494179],[-86.7854758088381,36.1948272051793],[-86.7854651881449,36.194811395833],[-86.7854651283074,36.1948113042935],[-86.7854486407545,36.1947891611876],[-86.7854399944235,36.1947781409206],[-86.7854294137341,36.1947645736514],[-86.7854293811072,36.1947645351094],[-86.7854290755885,36.1947641117011],[-86.7854289808738,36.1947639789303],[-86.7854277023309,36.1947624217548],[-86.7854275045833,36.1947621021918],[-86.7854273588724,36.1947618724165]]]},"properties":{"id":"211313","parcel":"07113001000","address":"210 CUMBERLAND BND","owner":"210 CUMBERLAND BEND OWNER, LLC","point":[-86.78610098052398,36.19426016219464]}},{"type":"Feature","id":"211319","geometry":{"type":"Polygon","coordinates":[[[-86.78421321392,36.192310558824],[-86.7845250369077,36.1922886178274],[-86.7846953337137,36.1922766346953],[-86.7847594773648,36.1922721215489],[-86.7850769690543,36.1930197288079],[-86.7850951931092,36.1930599814691],[-86.7851163930024,36.1930992657465],[-86.7851404916894,36.1931374361351],[-86.7855520061663,36.1938865728592],[-86.7853500463972,36.193969804249],[-86.7850472636556,36.1940946884256],[-86.784981785917,36.1941202674828],[-86.7849708671009,36.1940837499193],[-86.7849629498783,36.1940467288621],[-86.7849580714019,36.1940093635937],[-86.7849562510797,36.1939718180179],[-86.7849454814932,36.1938982395666],[-86.7849318252289,36.1938249754938],[-86.7849152952827,36.1937521023213],[-86.7848959090619,36.1936796929373],[-86.784873685094,36.1936078211236],[-86.7848607003018,36.1935628541203],[-86.784807256592,36.1934312819144],[-86.7847503390192,36.1933006695734],[-86.7846899748884,36.1931710782009],[-86.7846261937094,36.1930425670837],[-86.7845590227679,36.1929151955226],[-86.7844884926843,36.1927890227963],[-86.7844146373869,36.1926641054585],[-86.7843374908392,36.1925405036671],[-86.7843094793204,36.1925050722361],[-86.7842842674724,36.1924682860393],[-86.784261952342,36.1924302895514],[-86.7842426221432,36.1923912336131],[-86.7842263551012,36.1923512709324],[-86.78421321392,36.192310558824]]]},"properties":{"id":"211319","parcel":"07113001100","address":"101 GREAT CIRCLE RD","owner":"SOUTHEAST VENTURE, LLC","point":[-86.78495759520067,36.193236300680326]}},{"type":"Feature","id":"211323","geometry":{"type":"Polygon","coordinates":[[[-86.7856100017898,36.1950669366914],[-86.7856485361637,36.1950521197547],[-86.7864343070851,36.1947257339142],[-86.7872324690115,36.1943940546029],[-86.7876209070693,36.1950134519157],[-86.7861250491045,36.1956385427966],[-86.7860946678427,36.1955926185101],[-86.7860661779493,36.1955459050141],[-86.7860396110534,36.1954984525745],[-86.7860109321734,36.1954566738042],[-86.7859791227511,36.1954164124022],[-86.7859443065923,36.1953778189723],[-86.785906614173,36.1953410440746],[-86.7858661903147,36.1953062273608],[-86.7858231897735,36.195273501208],[-86.7857685710219,36.1952237257673],[-86.7857117349255,36.1951756077322],[-86.7856748726972,36.1951412409392],[-86.7856409125666,36.1951049635018],[-86.7856100017898,36.1950669366914]]]},"properties":{"id":"211323","parcel":"07113001200","address":"220 CUMBERLAND BND","owner":"TWO TWENTY CUMBERLAND LLC","point":[-86.78663487271133,36.1950327901675]}},{"type":"Feature","id":"211445","geometry":{"type":"Polygon","coordinates":[[[-86.7890345465956,36.1980045138376],[-86.7880856713241,36.1972845966016],[-86.7877344763206,36.197666130291],[-86.7865634363657,36.1962959135855],[-86.7890787247541,36.1952253762157],[-86.7895435697034,36.1950275240816],[-86.790166293097,36.1947624690123],[-86.7917313136929,36.1940963136495],[-86.7917989871056,36.1941894434927],[-86.7918627646526,36.1942843626194],[-86.7919225729847,36.1943809642661],[-86.7919767550824,36.1944762139406],[-86.7920270783368,36.1945728444019],[-86.7920734905573,36.1946707523519],[-86.7921159406642,36.1947698344847],[-86.7921543842301,36.1948699856481],[-86.7921887812561,36.1949710988579],[-86.7922190939663,36.195073067115],[-86.7922452912461,36.1951757824748],[-86.7922673441773,36.1952791342746],[-86.7923656745541,36.1957893472136],[-86.7923875606477,36.1958935517639],[-86.7924129530268,36.1959972330955],[-86.7924418297964,36.1961003129401],[-86.7924741712935,36.1962027139158],[-86.7925099534344,36.1963043613734],[-86.7928806972593,36.1973054775949],[-86.7928913526837,36.1973330340151],[-86.7922490900499,36.1975044556599],[-86.7905987830832,36.1982068759368],[-86.7901079492969,36.1990211990782],[-86.7893330113986,36.1987143435228],[-86.7886575895372,36.1982543648081],[-86.7890345465956,36.1980045138376]]]},"properties":{"id":"211445","parcel":"07113000300","address":"245 GREAT CIRCLE RD","owner":"LONE OAK-NASHVILLE II, LLC","point":[-86.78983939109285,36.19679469941409]}},{"type":"Feature","id":"211447","geometry":{"type":"Polygon","coordinates":[[[-86.7850769690543,36.1930197288079],[-86.7850593843848,36.19297240158],[-86.7850458439834,36.1929242098783],[-86.785036412334,36.1928753786004],[-86.7850311328401,36.1928261372871],[-86.7850300322638,36.1927767191919],[-86.7850331128893,36.1927273559245],[-86.7850403636681,36.1926782800823],[-86.7850517479625,36.1926297226258],[-86.7850672135433,36.1925819119132],[-86.785133444878,36.1924254482981],[-86.7851952672095,36.1924461150788],[-86.7852586288053,36.1924634524654],[-86.7853232553879,36.1924773847309],[-86.7853888695043,36.1924878523923],[-86.7854551905079,36.192494810408],[-86.785521931233,36.1924982291009],[-86.7855888046559,36.1924980932139],[-86.7856555228112,36.1924944046206],[-86.7857218000814,36.1924871777976],[-86.7857873487869,36.1924764434582],[-86.7860012156129,36.1924417839333],[-86.7866319716228,36.193441993766],[-86.7866319018286,36.193442019456],[-86.7859296576412,36.1937309356725],[-86.7855520061663,36.1938865728592],[-86.7851404916894,36.1931374361351],[-86.7851163930024,36.1930992657465],[-86.7850951931092,36.1930599814691],[-86.7850769690543,36.1930197288079]]]},"properties":{"id":"211447","parcel":"07113000600","address":"115 GREAT CIRCLE RD","owner":"ABBERLY RIVERWALK, LLC","point":[-86.7858800817245,36.19328970627252]}},{"type":"Feature","id":"211449","geometry":{"type":"Polygon","coordinates":[[[-86.7829189479408,36.1970791629959],[-86.7830217708522,36.1969699897412],[-86.7830402375624,36.1969879790314],[-86.7831269281587,36.1970774753581],[-86.7830235924598,36.1971871927815],[-86.7829189479408,36.1970791629959]]]},"properties":{"id":"211449","parcel":"07113000800","address":"1401 BAPTIST WORLD CENTER DR","owner":"SPIRE TENNESSEE, INC","point":[-86.78302293804896,36.19707831922217]}},{"type":"Feature","id":"211733","geometry":{"type":"Polygon","coordinates":[[[-86.7799681162289,36.1927534114513],[-86.7800879903575,36.1927438460772],[-86.7810369950079,36.1933717308184],[-86.7810060347151,36.1934072092059],[-86.7809366001951,36.1934853101946],[-86.7807416835426,36.1937032892003],[-86.7807295808543,36.1937132552092],[-86.7804639311126,36.1939940728695],[-86.7802619929189,36.1938613225177],[-86.7800491901973,36.1937264429409],[-86.7799427669497,36.1936568058759],[-86.7798390556132,36.1935871512008],[-86.7797299210238,36.1935175323616],[-86.7796262316498,36.1934500746389],[-86.7795198307347,36.1933826343336],[-86.779413408413,36.1933129967954],[-86.7796630894478,36.1930321610499],[-86.7796788263048,36.1930146677677],[-86.7796791167225,36.1930143504505],[-86.7799122422504,36.1927581678475],[-86.7799681162289,36.1927534114513]]]},"properties":{"id":"211733","parcel":"07114022500","address":"1320 VASHTI ST","owner":"COMMERCIAL PROPERTIES, INC.","point":[-86.78022543729402,36.193342366991764]}},{"type":"Feature","id":"211913","geometry":{"type":"Polygon","coordinates":[[[-86.7813259929042,36.1962386365406],[-86.7815622067753,36.1959731678544],[-86.7817005828357,36.1960524456004],[-86.7815192060385,36.1962562864483],[-86.781404637244,36.1963850422622],[-86.7813810325162,36.196371987935],[-86.7812646167635,36.196307611594],[-86.7813259929042,36.1962386365406]]]},"properties":{"id":"211913","parcel":"07114009600","address":"1325 BAPTIST WORLD CENTER DR","owner":"WALKER HOLDING GROUP, LLC","point":[-86.78151328811926,36.196145541218556]}},{"type":"Feature","id":"212867","geometry":{"type":"Polygon","coordinates":[[[-86.7814387036963,36.1957349300827],[-86.7817128743705,36.1954281764277],[-86.7818207845163,36.1954947325978],[-86.781842612154,36.1955081191976],[-86.781927702814,36.1955623964368],[-86.7816605283013,36.195861322883],[-86.7815496153589,36.1957981269886],[-86.7814387036963,36.1957349300827]]]},"properties":{"id":"212867","parcel":"07114012000","address":"1322 BAPTIST WORLD CENTER DR","owner":"WEST IRIS REALTY, LLC","point":[-86.7816832034552,36.195648663510866]}},{"type":"Feature","id":"212994","geometry":{"type":"Polygon","coordinates":[[[-86.7815402216439,36.192621614443],[-86.7817272487052,36.1926057806588],[-86.7813598175996,36.1930125249521],[-86.7813490845644,36.1930235826037],[-86.781242658904,36.1929539475864],[-86.7811389495686,36.192884294],[-86.7810325480997,36.1928168523137],[-86.780827879761,36.192681925064],[-86.7809957665282,36.1926677104917],[-86.7811761536611,36.1926524396411],[-86.7813556775181,36.1926372417019],[-86.7815402216439,36.192621614443]]]},"properties":{"id":"212994","parcel":"07114020300","address":"1300 VASHTI ST","owner":"TLC PROPERTIES, INC.","point":[-86.78126331774905,36.19274999788859]}},{"type":"Feature","id":"213268","geometry":{"type":"Polygon","coordinates":[[[-86.7796997580951,36.1941176919518],[-86.7799499825975,36.1938391639132],[-86.7800585158589,36.1939094173199],[-86.780162402005,36.1939766597984],[-86.7802722549404,36.1940477642897],[-86.7803701893768,36.1941111543036],[-86.7801193011524,36.1943904202106],[-86.7801100458416,36.1944007237551],[-86.779938144721,36.1942897569717],[-86.7798126145423,36.1942070577592],[-86.779689838447,36.1941287351848],[-86.7796997580951,36.1941176919518]]]},"properties":{"id":"213268","parcel":"07114024800","address":"1328 VASHTI ST","owner":"SUNDAY SCHOOL PUBLISHING BOARD, INC.","point":[-86.78002652924162,36.19412382364842]}},{"type":"Feature","id":"214804","geometry":{"type":"Polygon","coordinates":[[[-86.7886437417366,36.1945364820873],[-86.7891108589222,36.1943422325861],[-86.7895435697034,36.1950275240816],[-86.7890787247541,36.1952253762157],[-86.7886437417366,36.1945364820873]]]},"properties":{"id":"214804","parcel":"07113001700","address":"250 CUMBERLAND BND","owner":"MENTAL HEALTH COOPERATIVE, INC.","point":[-86.78909365458081,36.19478200393087]}},{"type":"Feature","id":"214810","geometry":{"type":"Polygon","coordinates":[[[-86.7806345089738,36.1971285914088],[-86.780935742433,36.1967966925632],[-86.7810827774723,36.1968819083885],[-86.7807815443047,36.197213807593],[-86.7806345089738,36.1971285914088]]]},"properties":{"id":"214810","parcel":"07114000400","address":"123 FERN AVE","owner":"LANGOYA, PETER","point":[-86.78085864357301,36.197005250110976]}},{"type":"Feature","id":"214814","geometry":{"type":"Polygon","coordinates":[[[-86.780083302631,36.1968937891426],[-86.7800977011994,36.1967568783245],[-86.7806126297629,36.1967879623128],[-86.7806035230386,36.1969252499603],[-86.780083302631,36.1968937891426]]]},"properties":{"id":"214814","parcel":"07114000800","address":"1204 KATIE AVE","owner":"BLACK, CHARLES H LIVING TRUST","point":[-86.7803490027308,36.19684087792292]}},{"type":"Feature","id":"214922","geometry":{"type":"Polygon","coordinates":[[[-86.7861250491045,36.1956385427966],[-86.7876209070693,36.1950134519157],[-86.78815552324,36.1947902039233],[-86.7881838551874,36.1947805259777],[-86.7882107286218,36.1947684178291],[-86.7882358258331,36.1947540212485],[-86.7882588516353,36.1947375067001],[-86.7882795344154,36.194719067026],[-86.7883144680911,36.1946924211382],[-86.7883513531325,36.194667565024],[-86.7883900514569,36.1946445897092],[-86.7884304171725,36.1946235835676],[-86.7886437417366,36.1945364820873],[-86.7890787247541,36.1952253762157],[-86.7865634363657,36.1962959135855],[-86.7864864064142,36.1962137011441],[-86.786418787339,36.1960817407801],[-86.7864002191079,36.1960032076757],[-86.7863294320704,36.1958778227687],[-86.7861250491045,36.1956385427966]]]},"properties":{"id":"214922","parcel":"07113001500","address":"230 CUMBERLAND BND","owner":"APEX RIVERSTONE, LLC","point":[-86.78760639503993,36.19543197662568]}},{"type":"Feature","id":"214929","geometry":{"type":"Polygon","coordinates":[[[-86.7807815443047,36.197213807593],[-86.7810827774723,36.1968819083885],[-86.7812517687915,36.1969798483796],[-86.7809506377337,36.1973118077229],[-86.7807815443047,36.197213807593]]]},"properties":{"id":"214929","parcel":"07114000300","address":"125 FERN AVE","owner":"FERN MANOR LLC","point":[-86.7810166843891,36.197096828269835]}},{"type":"Feature","id":"214931","geometry":{"type":"Polygon","coordinates":[[[-86.7800977011994,36.1967568783245],[-86.7801120936231,36.1966200261207],[-86.7806217346754,36.196650719734],[-86.7806126297629,36.1967879623128],[-86.7800977011994,36.1967568783245]]]},"properties":{"id":"214931","parcel":"07114000900","address":"1202 KATIE AVE","owner":"MELELEO, MICHAEL C","point":[-86.78036075737054,36.19670380122386]}},{"type":"Feature","id":"215134","geometry":{"type":"Polygon","coordinates":[[[-86.7822685280415,36.1970451489824],[-86.7823605763939,36.1969471739776],[-86.782765625906,36.1971966631473],[-86.7826631066105,36.1973054565762],[-86.7822685280415,36.1970451489824]]]},"properties":{"id":"215134","parcel":"07114000100","address":"529 WEAKLEY AVE","owner":"HOLLAND, MILDRED(LE)& GARCIA, MICHAEL A.","point":[-86.78251299839141,36.19712089891236]}},{"type":"Feature","id":"215139","geometry":{"type":"Polygon","coordinates":[[[-86.7825159570152,36.1967831504856],[-86.782648438203,36.1966424881132],[-86.7826532097865,36.1966469121201],[-86.7827278867735,36.1967058112673],[-86.7828007757811,36.1967661648799],[-86.7828276069644,36.1967899617794],[-86.782908736134,36.196862766005],[-86.7829549357046,36.1969049897577],[-86.7829995351383,36.1969483288159],[-86.7829363466371,36.1970154202099],[-86.7828246491814,36.1969537834506],[-86.782691331444,36.1968800899666],[-86.7825159570152,36.1967831504856]]]},"properties":{"id":"215139","parcel":"07114000200","address":"1337 BAPTIST WORLD CENTER DR","owner":"GARCIA, MICHAEL","point":[-86.78273070175379,36.19682611444877]}},{"type":"Feature","id":"215142","geometry":{"type":"Polygon","coordinates":[[[-86.7806243636033,36.1971227113796],[-86.7806567190319,36.1966349792324],[-86.780935742433,36.1967966925632],[-86.7806345089738,36.1971285914088],[-86.7806243636033,36.1971227113796]]]},"properties":{"id":"215142","parcel":"07114000500","address":"121 FERN AVE","owner":"EME, IJAGHA & LYNES, MARIA","point":[-86.7807114882982,36.19695957648243]}},{"type":"Feature","id":"215145","geometry":{"type":"Polygon","coordinates":[[[-86.7800688979176,36.1970307585752],[-86.780083302631,36.1968937891426],[-86.7806035230386,36.1969252499603],[-86.7805944229218,36.1970624212963],[-86.7800688979176,36.1970307585752]]]},"properties":{"id":"215145","parcel":"07114000700","address":"1206 KATIE AVE","owner":"MARTIN, KELLY & BAKER, DONNIE","point":[-86.78033724379958,36.19697800646307]}},{"type":"Feature","id":"217253","geometry":{"type":"Polygon","coordinates":[[[-86.7872324690115,36.1943940546029],[-86.786812439431,36.1937307279188],[-86.7873612631774,36.1934974696338],[-86.7874860276468,36.1934444412837],[-86.7875239951762,36.1934283043777],[-86.7875264331222,36.1934272538261],[-86.7875265670972,36.193427197074],[-86.7875267630027,36.1934271065711],[-86.7875269823458,36.193427024928],[-86.7875270830916,36.1934269810103],[-86.7875271605966,36.1934269480593],[-86.7875273666426,36.1934268710092],[-86.7875274220007,36.1934268472153],[-86.7875278172368,36.1934266751999],[-86.787528239049,36.193426492196],[-86.7875286475731,36.1934263146863],[-86.7875288391029,36.1934262314221],[-86.7875290560972,36.1934261371767],[-86.7875292254802,36.1934260630696],[-86.7875297978998,36.1934258186987],[-86.7875302828081,36.1934256073441],[-86.7875305408142,36.1934255002134],[-86.7875306204802,36.1934254609395],[-86.7875311807951,36.1934252292652],[-86.7875333154993,36.1934243212884],[-86.7875335225677,36.1934242352191],[-86.7875342322709,36.1934239313706],[-86.7875368596123,36.1934228065812],[-86.7875371175916,36.1934226967469],[-86.7875371740615,36.1934226729458],[-86.7875373501512,36.1934226023999],[-86.7875374885286,36.1934225411127],[-86.7875381185389,36.1934222738345],[-86.7875393729914,36.1934217384133],[-86.7875396852259,36.1934216056935],[-86.7875412497162,36.1934209402706],[-86.7875454349751,36.1934191600148],[-86.7875459166105,36.1934189549903],[-86.7875463140969,36.193418785664],[-86.7875464336718,36.1934187344133],[-86.7875517704225,36.1934164635694],[-86.7875559113605,36.1934146989238],[-86.7875563963134,36.1934144920751],[-86.7875635532552,36.1934114405806],[-86.7877768983211,36.1933204794437],[-86.787782999799,36.1933430406016],[-86.7891624752958,36.1933342869821],[-86.7892079268933,36.1933554020973],[-86.7892551448825,36.193373792847],[-86.7893038825804,36.1933893635054],[-86.7893538834491,36.193402033733],[-86.789404885499,36.1934117340415],[-86.7894566191721,36.1934184166226],[-86.7895088138972,36.193422043589],[-86.7895611959732,36.1934225978035],[-86.7896134907223,36.1934200756546],[-86.7896307710493,36.1934597786363],[-86.7898581318046,36.1939659467269],[-86.7898610130716,36.1939781535084],[-86.7898614136403,36.1939905775],[-86.7898593224424,36.1940028889121],[-86.789854795173,36.1940147629254],[-86.7898479510091,36.1940258851206],[-86.7898389715694,36.194035958695],[-86.7898280966106,36.1940447189109],[-86.7898156106864,36.1940519331832],[-86.7891108589222,36.1943422325861],[-86.7886437417366,36.1945364820873],[-86.7884304171725,36.1946235835676],[-86.7883900514569,36.1946445897092],[-86.7883513531325,36.194667565024],[-86.7883144680911,36.1946924211382],[-86.7882795344154,36.194719067026],[-86.7882588516353,36.1947375067001],[-86.7882358258331,36.1947540212485],[-86.7882107286218,36.1947684178291],[-86.7881838551874,36.1947805259777],[-86.78815552324,36.1947902039233],[-86.7876209070693,36.1950134519157],[-86.7872324690115,36.1943940546029]]]},"properties":{"id":"217253","parcel":"07113001600","address":"215 CUMBERLAND BND","owner":"MENTAL HEALTH COOPERATIVE, INC.","point":[-86.78828416848759,36.19419500378667]}},{"type":"Feature","id":"217255","geometry":{"type":"Polygon","coordinates":[[[-86.7866319716228,36.193441993766],[-86.7860012156129,36.1924417839333],[-86.7865938653985,36.1923533362225],[-86.7870499223795,36.1922702265292],[-86.7873016279071,36.1926579887589],[-86.7873347557651,36.1927090230518],[-86.7875779378789,36.1930836529795],[-86.7875992562669,36.1931164929274],[-86.7876080218894,36.1931299970491],[-86.7876144320923,36.1931398718285],[-86.7876208422878,36.1931497457063],[-86.7876253624109,36.1931567208345],[-86.7876270515133,36.1931593117617],[-86.7876288474345,36.1931621345177],[-86.7876315266125,36.1931665674761],[-86.7876422817794,36.1931880600282],[-86.7876498811553,36.1932104212552],[-86.7876503645944,36.1932123017408],[-86.7876504839162,36.1932127849405],[-86.7876508247124,36.1932141850823],[-86.7876512670682,36.1932160712435],[-86.787652458215,36.1932218144312],[-86.7876524828068,36.1932219395463],[-86.7876534886637,36.1932278344537],[-86.7876540288904,36.1932317388052],[-86.7876551011232,36.1932439826765],[-86.7876552975876,36.1932504434495],[-86.7876553051936,36.1932512094733],[-86.7876553034007,36.1932536604694],[-86.7876550073624,36.1932619751988],[-86.7876545181784,36.1932680267652],[-86.7876520317195,36.1932844594891],[-86.7876520266706,36.1932845108941],[-86.7876495548121,36.1932949113704],[-86.7876476198562,36.1933014905946],[-86.7876433627171,36.1933133879985],[-86.7876432130629,36.1933137693077],[-86.7876357339884,36.1933299534071],[-86.7876333524935,36.1933343373639],[-86.7876282056877,36.1933429716907],[-86.7876281860777,36.1933430123754],[-86.7876117618544,36.1933652419156],[-86.7876117267505,36.1933652899116],[-86.7876098669505,36.1933672325487],[-86.7876064949788,36.19337119036],[-86.7875993180021,36.1933786068038],[-86.787597271855,36.1933805948182],[-86.7875951943623,36.1933825614067],[-86.7875951569453,36.1933826004051],[-86.7875852145246,36.19339134262],[-86.7875830891653,36.1933930796986],[-86.7875829115768,36.1933932232565],[-86.7875809391402,36.1933947962089],[-86.7875805783684,36.1933950797563],[-86.7875787622078,36.1933964903632],[-86.7875782148903,36.1933969112181],[-86.7875765606095,36.1933981639493],[-86.7875758222455,36.1933987167335],[-86.7875743332157,36.193399815172],[-86.787573399322,36.1934004963097],[-86.7875720822501,36.1934014440169],[-86.7875709483347,36.1934022490311],[-86.787569805489,36.1934030504984],[-86.7875684681806,36.193403975806],[-86.7875675073885,36.1934046354888],[-86.7875674764456,36.1934046546172],[-86.7875659543499,36.1934056703551],[-86.7875634248105,36.1934073505865],[-86.7875587056496,36.193410342919],[-86.7875533903271,36.1934135401215],[-86.7875510940607,36.1934148619309],[-86.7875466832236,36.1934173277168],[-86.7875463703068,36.1934175037016],[-86.7875434536516,36.193419053972],[-86.7875432158549,36.1934191807986],[-86.7875415654818,36.193420043257],[-86.7875413066413,36.1934201783323],[-86.7875380431353,36.19342173447],[-86.7875310546077,36.1934250624534],[-86.7875291677845,36.1934259634057],[-86.7875290084347,36.1934260401512],[-86.7875281552423,36.1934264503833],[-86.7875276096852,36.1934267126042],[-86.7875272732591,36.1934268725196],[-86.7875271605966,36.1934269480593],[-86.7875270830916,36.1934269810103],[-86.7875269823458,36.193427024928],[-86.7875267630027,36.1934271065711],[-86.7875265670972,36.193427197074],[-86.7875264331222,36.1934272538261],[-86.7875239951762,36.1934283043777],[-86.7874860276468,36.1934444412837],[-86.7873612631774,36.1934974696338],[-86.786812439431,36.1937307279188],[-86.7867917059187,36.19369798587],[-86.7866319716228,36.193441993766]]]},"properties":{"id":"217255","parcel":"07113001800","address":"0 CUMBERLAND BND","owner":"ABBERLY RIVERWALK, LLC","point":[-86.78687144950594,36.1928952981069]}},{"type":"Feature","id":"217261","geometry":{"type":"Polygon","coordinates":[[[-86.7819561181093,36.1955774257132],[-86.7819745824404,36.1955567681748],[-86.7819493650745,36.1955409548232],[-86.7819398057711,36.1955349602519],[-86.7824807984138,36.1949254559041],[-86.7807600268958,36.1939141425496],[-86.781121085593,36.1935137593059],[-86.7822146096486,36.1941547089281],[-86.782628018554,36.1937023378581],[-86.7827327472864,36.1938747229594],[-86.7828756772491,36.1941061948746],[-86.7829996305017,36.1943034578953],[-86.783103590405,36.1944665060595],[-86.7818154127987,36.1959250144539],[-86.7817726431625,36.1959000109936],[-86.7817615098238,36.195892146568],[-86.7817522203118,36.1958828417035],[-86.7817450531359,36.1958723757907],[-86.7817402237764,36.1958610637779],[-86.7817378779151,36.1958492463003],[-86.7817380868642,36.1958372770922],[-86.7817408419535,36.1958255176157],[-86.7817460632659,36.1958143207815],[-86.7817535917745,36.1958040228881],[-86.7819561181093,36.1955774257132]]]},"properties":{"id":"217261","parcel":"07114038000","address":"1325 VASHTI ST","owner":"MEADOWS, STEVE","point":[-86.78249445095827,36.19469544073672]}},{"type":"Feature","id":"252742","geometry":{"type":"Polygon","coordinates":[[[-86.7842981125717,36.1904771717077],[-86.7859970541143,36.1903826120674],[-86.7860171625888,36.1910439724242],[-86.7843726870923,36.1911645502601],[-86.7843507891301,36.1910673930543],[-86.7843326176183,36.1909697321617],[-86.7843181868115,36.1908716612226],[-86.7843075132053,36.1907732756651],[-86.7843006054861,36.1906746682637],[-86.7842974712638,36.1905759354047],[-86.7842981125717,36.1904771717077]]]},"properties":{"id":"252742","parcel":"08200001500","address":"1941 CEMENT PLANT RD","owner":"COMMODORE TRUST","point":[-86.78515579263177,36.19072550366606]}},{"type":"Feature","id":"252761","geometry":{"type":"Polygon","coordinates":[[[-86.7897645631732,36.1916480440723],[-86.7897032596647,36.1916176777338],[-86.7896467747068,36.1915926423665],[-86.7895883429662,36.1915707398787],[-86.7895282277975,36.1915520667829],[-86.7894667013587,36.1915367105223],[-86.7894040411599,36.1915247377762],[-86.7893405301615,36.1915162043737],[-86.7892764555915,36.1915111480914],[-86.7892121078603,36.191509591364],[-86.7891477750111,36.1915115422222],[-86.7890837493552,36.1915169906443],[-86.7890203197337,36.1915259131125],[-86.7889577737066,36.1915382689944],[-86.7888963920109,36.1915540023811],[-86.7888622366339,36.1915613698681],[-86.7895521860604,36.1913186874581],[-86.7899112415992,36.1917437810608],[-86.7898749285205,36.191719141963],[-86.7898372241497,36.1916959170258],[-86.7897645631732,36.1916480440723]]]},"properties":{"id":"252761","parcel":"08201000300","address":"0 GREAT CIRCLE RD","owner":"NASHVILLE HOUSE, LLC","point":[-86.78958638264358,36.19153191521009]}},{"type":"Feature","id":"253522","geometry":{"type":"Polygon","coordinates":[[[-86.7838943760023,36.1904995719968],[-86.7840840556792,36.19048955027],[-86.7840805936918,36.190588461163],[-86.7840805221097,36.1906874113207],[-86.7840838402062,36.1907863259428],[-86.7840905461074,36.1908851266317],[-86.7841006346481,36.1909837395166],[-86.7841140972836,36.1910820862426],[-86.7841309243927,36.1911800920662],[-86.7841315837799,36.1911836973425],[-86.7839338131815,36.1911981671268],[-86.7839226567062,36.1911666511956],[-86.7839063133429,36.1911084591072],[-86.7838936565416,36.1910496671728],[-86.7838847178264,36.1909904284034],[-86.7838795220593,36.1909308967544],[-86.7838780830019,36.1908712280553],[-86.7838804021776,36.1908115773137],[-86.7838864755685,36.1907521013751],[-86.7838962868827,36.1906929526583],[-86.7838980959243,36.1906284861709],[-86.7838974587722,36.1905640067247],[-86.7838943760023,36.1904995719968]]]},"properties":{"id":"253522","parcel":"08200001600","address":"1940 CEMENT PLANT RD","owner":"COMMODORE TRUST","point":[-86.78398342326938,36.190841590731566]}},{"type":"Feature","id":"253534","geometry":{"type":"Polygon","coordinates":[[[-86.7839316024689,36.189602691279],[-86.7842786000098,36.1896004376532],[-86.7842389352072,36.1897089550853],[-86.784203592765,36.1898184493337],[-86.784172610507,36.1899288083999],[-86.7841460206721,36.1900399176172],[-86.7841238488292,36.1901516623622],[-86.7841061194181,36.1902639262158],[-86.7840928502262,36.1903765946038],[-86.7840840556792,36.19048955027],[-86.7838943760023,36.1904995719968],[-86.7838919225803,36.1904598953902],[-86.7838854616659,36.190420515182],[-86.7838957818686,36.1903121658948],[-86.7839037492063,36.1902036858756],[-86.7839093573475,36.1900951085128],[-86.7839205109849,36.1899722074104],[-86.7839279392198,36.1898491213992],[-86.7839316361289,36.1897259244219],[-86.7839316024689,36.189602691279]]]},"properties":{"id":"253534","parcel":"08200002500","address":"1930 CEMENT PLANT RD","owner":"METRO GOV'T  WW  WATER & SEWER","point":[-86.78402619280891,36.19006751042418]}},{"type":"Feature","id":"255128","geometry":{"type":"Polygon","coordinates":[[[-86.7844710977256,36.1896013852004],[-86.7859757267546,36.1895981919742],[-86.7859970541143,36.1903826120674],[-86.7842981125717,36.1904771717077],[-86.7843016994074,36.1903783212785],[-86.7843092291474,36.190279615571],[-86.7843206905901,36.1901811601051],[-86.7843360724893,36.1900830558941],[-86.7843553602906,36.1899854066764],[-86.7843785327429,36.1898883135294],[-86.7844055663712,36.1897918775451],[-86.7844364321696,36.1896962025545],[-86.7844710977256,36.1896013852004]]]},"properties":{"id":"255128","parcel":"08200001000","address":"1935 CEMENT PLANT RD","owner":"METRO GOV'T DEPT OF WASTE SERVICES","point":[-86.785166689251,36.19003570747833]}},{"type":"Feature","id":"255321","geometry":{"type":"Polygon","coordinates":[[[-86.7796767303323,36.1911400254102],[-86.7790707390489,36.1909280190518],[-86.7793881952042,36.1902982684607],[-86.7794177221951,36.1902844408347],[-86.779449031895,36.190273486635],[-86.7794816977003,36.190265553718],[-86.779515280389,36.1902607503662],[-86.7795493225171,36.1902591408184],[-86.7795833662249,36.1902607469572],[-86.7806012776978,36.1903868529221],[-86.7807586449298,36.1903992984206],[-86.7807971845169,36.1904023216706],[-86.7808359032357,36.1904026462694],[-86.7808745119858,36.1904002704815],[-86.7809127251972,36.190395212377],[-86.7809502608218,36.1903875089298],[-86.7809868403423,36.1903772169193],[-86.7809979060659,36.1903750246653],[-86.7810092716899,36.1903743833466],[-86.7810206060575,36.1903753104268],[-86.7810315831537,36.190377780977],[-86.7810418853961,36.1903817231484],[-86.7810512147885,36.1903870217046],[-86.7810593029969,36.1903935251672],[-86.7810659157889,36.1904010448851],[-86.7810708620063,36.1904093630885],[-86.7810712119136,36.1904104594645],[-86.7810722373052,36.1904112774865],[-86.7813072617844,36.1912547512264],[-86.7796767303323,36.1911400254102]]]},"properties":{"id":"255321","parcel":"08202008900","address":"925 COWAN ST","owner":"CG EAT, LLC","point":[-86.78017328349637,36.19066983944341]}}]}