{"type":"FeatureCollection","features":[{"type":"Feature","id":"12749","geometry":{"type":"Polygon","coordinates":[[[-86.6913498195235,36.0659424526577],[-86.6913493530071,36.0659276210725],[-86.6912762856885,36.0659296885752],[-86.6912735751116,36.0658904197814],[-86.6912563219496,36.065890793616],[-86.6912512723526,36.0658548351378],[-86.6914105564441,36.0658454035456],[-86.6914152725221,36.0658821904096],[-86.6913885580719,36.0658837171998],[-86.6913907570138,36.0659277134656],[-86.6913914264717,36.0659411171514],[-86.6913671621354,36.065941896237],[-86.6913498195235,36.0659424526577]]]},"properties":{"id":"12749","parcel":"148100B00100CO","address":"15 MARY ANTON CT","owner":"KNOX, SHERIEA Q.","point":[-86.6913323546999,36.06590927625933]}},{"type":"Feature","id":"13339","geometry":{"type":"Polygon","coordinates":[[[-86.6912641280215,36.0658157519675],[-86.691261080011,36.0657764860088],[-86.6913341185132,36.0657711226778],[-86.6913326410923,36.0657568457729],[-86.6913725431707,36.0657541446885],[-86.6913791228256,36.0658104228857],[-86.6914055044118,36.0658091728988],[-86.6914105564441,36.0658454035456],[-86.6912512723526,36.0658548351378],[-86.6912462132028,36.0658177780467],[-86.6912641280215,36.0658157519675]]]},"properties":{"id":"13339","parcel":"148100B00200CO","address":"13 MARY ANTON CT","owner":"DRYDEN, CORY D. & MARKISHA G.","point":[-86.69131970679486,36.0657927944922]}},{"type":"Feature","id":"13344","geometry":{"type":"Polygon","coordinates":[[[-86.6911890340672,36.0656232416538],[-86.6912364239736,36.0656467377102],[-86.6915105459036,36.0657826466629],[-86.6915047707162,36.0657999385139],[-86.6915025346945,36.0658177625495],[-86.6915038958774,36.0658356443607],[-86.6915088179426,36.0658531091781],[-86.691517170301,36.0658696926873],[-86.6915287315356,36.0658849536263],[-86.6915298657111,36.0658861899926],[-86.6915298993887,36.0658862330611],[-86.6913627178428,36.0659867381572],[-86.6912045205089,36.0660818270474],[-86.6911890340672,36.0656232416538]],[[-86.6912641280215,36.0658157519675],[-86.6912462132028,36.0658177780467],[-86.6912512723526,36.0658548351378],[-86.6912563219496,36.065890793616],[-86.6912735751116,36.0658904197814],[-86.6912762856885,36.0659296885752],[-86.6913493530071,36.0659276210725],[-86.6913498195235,36.0659424526577],[-86.6913671621354,36.065941896237],[-86.6913914264717,36.0659411171514],[-86.6913907570138,36.0659277134656],[-86.6913885580719,36.0658837171998],[-86.6914152725221,36.0658821904096],[-86.6914105564441,36.0658454035456],[-86.6914055044118,36.0658091728988],[-86.6913791228256,36.0658104228857],[-86.6913725431707,36.0657541446885],[-86.6913326410923,36.0657568457729],[-86.6913341185132,36.0657711226778],[-86.691261080011,36.0657764860088],[-86.6912641280215,36.0658157519675]]]},"properties":{"id":"13344","parcel":"148100B00300CO","address":"15 B MARY ANTON CT","owner":"AMADOR COMPANY, LLC, THE","point":[-86.69146054286712,36.065854179451236]}},{"type":"Feature","id":"23201","geometry":{"type":"Polygon","coordinates":[[[-86.695751750774,36.0617443602455],[-86.6954402059314,36.0617131881918],[-86.6951909689471,36.0616882552037],[-86.695131367519,36.0616820060347],[-86.6955864571671,36.0614914749174],[-86.6955973016965,36.0615046062728],[-86.6955997950377,36.0615071659591],[-86.6956130873658,36.061518795162],[-86.6956311949589,36.0615306705646],[-86.6956513526388,36.0615401195848],[-86.6956730733241,36.0615469143036],[-86.6956958294081,36.0615508892247],[-86.6957190694714,36.0615519483887],[-86.6957422305083,36.0615500671052],[-86.6957647501124,36.0615452891787],[-86.6958686408688,36.0616751407982],[-86.6959392853807,36.0617634375828],[-86.695751750774,36.0617443602455]],[[-86.6956371888122,36.0616051904231],[-86.6954912277744,36.0615895499906],[-86.695485141114,36.0616283197168],[-86.6954658445048,36.0616273323894],[-86.6954616799705,36.0616540029642],[-86.6956255741361,36.0616698148304],[-86.6957772822699,36.0616845981499],[-86.6957899235511,36.0616216153537],[-86.6956371888122,36.0616051904231]]]},"properties":{"id":"23201","parcel":"148140A00300CO","address":"0 KEELEY CT","owner":"O.I.C. KEELEY COURT CONDO HOMEOWNERS ASSOC","point":[-86.69537837639987,36.061623840205634]}},{"type":"Feature","id":"29160","geometry":{"type":"Polygon","coordinates":[[[-86.6913261989729,36.0655765336439],[-86.6913452085701,36.0655616543462],[-86.691405943819,36.0656001847513],[-86.6914395875949,36.0656193513859],[-86.6914138505802,36.0656427467805],[-86.6913798939242,36.0656736105019],[-86.6912846085521,36.0656150912337],[-86.6912884885274,36.0656116702337],[-86.6913261989729,36.0655765336439]]]},"properties":{"id":"29160","parcel":"148140B00100CO","address":"16 MARY ANTON CT","owner":"CHRISTMON, MANDRELL","point":[-86.69136197435286,36.06561722101629]}},{"type":"Feature","id":"29163","geometry":{"type":"Polygon","coordinates":[[[-86.6911890340672,36.0656232416538],[-86.6911868992598,36.0653979901396],[-86.6912412874034,36.0654002198843],[-86.6915366649403,36.0654123306495],[-86.691591302422,36.0657167779488],[-86.6915724805619,36.0657235085846],[-86.6915551840512,36.0657325449681],[-86.6915398394414,36.0657436638376],[-86.6915268229018,36.0657565926502],[-86.6915164547081,36.0657710141193],[-86.6915132898933,36.0657767608472],[-86.6915107483625,36.0657821849444],[-86.6915105459036,36.0657826466629],[-86.6912364239736,36.0656467377102],[-86.6911890340672,36.0656232416538]],[[-86.6914395875949,36.0656193513859],[-86.6914936718974,36.0655701941507],[-86.6914058085065,36.0655082174277],[-86.6913452085701,36.0655616543462],[-86.6913261989729,36.0655765336439],[-86.6912884885274,36.0656116702337],[-86.6912846085521,36.0656150912337],[-86.6913798939242,36.0656736105019],[-86.6914138505802,36.0656427467805],[-86.6914395875949,36.0656193513859]]]},"properties":{"id":"29163","parcel":"148140B00300CO","address":"16 B MARY ANTON CT","owner":"O.I.C. MARY ANTON 12","point":[-86.69124804937798,36.06559394922959]}},{"type":"Feature","id":"29932","geometry":{"type":"Polygon","coordinates":[[[-86.6913452085701,36.0655616543462],[-86.6914058085065,36.0655082174277],[-86.6914936718974,36.0655701941507],[-86.6914395875949,36.0656193513859],[-86.691405943819,36.0656001847513],[-86.6913452085701,36.0655616543462]]]},"properties":{"id":"29932","parcel":"148140B00200CO","address":"14 MARY ANTON CT","owner":"LABON, NNEKA R","point":[-86.69141976621107,36.06556592511059]}},{"type":"Feature","id":"32399","geometry":{"type":"Polygon","coordinates":[[[-86.691206144655,36.0661504902909],[-86.6915562392945,36.0661841344123],[-86.6915503372163,36.0662025373756],[-86.6915480030809,36.0662214606404],[-86.6915492962023,36.0662404487174],[-86.6915541815563,36.0662590484608],[-86.6915625453525,36.066276812584],[-86.6915741840669,36.0662933150446],[-86.6912166082023,36.0665373738178],[-86.691206144655,36.0661504902909]],[[-86.6913067121028,36.066321249767],[-86.6913110834381,36.0663563099422],[-86.6912835408615,36.0663579838606],[-86.6912903069549,36.0664090254175],[-86.6914146367834,36.0664011948799],[-86.6914122200453,36.0663729957998],[-86.6914056164235,36.066373038184],[-86.6914024786441,36.0663510224532],[-86.6913959577722,36.0663508786974],[-86.6913918776862,36.066315869129],[-86.6913879225531,36.0662819512017],[-86.6913942396519,36.0662813859137],[-86.6913912931706,36.0662558387493],[-86.6913976578874,36.0662506676185],[-86.6913962614599,36.0662376637678],[-86.6913889929502,36.0662335018623],[-86.6913883359244,36.0662302024191],[-86.6912687430112,36.0662380165819],[-86.6912744893082,36.0662888494833],[-86.6913023717417,36.0662864318596],[-86.6913067121028,36.066321249767]]]},"properties":{"id":"32399","parcel":"148100C00300CO","address":"125 B ANTON DR","owner":"O.I.C ANTON DRIVE 9","point":[-86.69145259685348,36.06633632493446]}},{"type":"Feature","id":"32400","geometry":{"type":"Polygon","coordinates":[[[-86.6913384174514,36.0660733234426],[-86.6913790248091,36.0660336484762],[-86.6914004121326,36.0660485989047],[-86.6914284695821,36.066021909526],[-86.6914939069378,36.066069421263],[-86.6914662459911,36.0660956225892],[-86.6914707381058,36.0660995255247],[-86.6914525781487,36.0661168884155],[-86.691454026841,36.0661180382575],[-86.6914572282905,36.0661205813467],[-86.6914341187038,36.0661419337776],[-86.6913925470869,36.0661121305779],[-86.6913384174514,36.0660733234426]]]},"properties":{"id":"32400","parcel":"148100D00100CO","address":"127 ANTON DR","owner":"MUSAWI, JASIM AL & SHAYBAWEE, ZAINAB AL","point":[-86.69141580327499,36.0660845077139]}},{"type":"Feature","id":"32788","geometry":{"type":"Polygon","coordinates":[[[-86.6912903069549,36.0664090254175],[-86.6912835408615,36.0663579838606],[-86.6913110834381,36.0663563099422],[-86.6913067121028,36.066321249767],[-86.6913918776862,36.066315869129],[-86.6913959577722,36.0663508786974],[-86.6914024786441,36.0663510224532],[-86.6914056164235,36.066373038184],[-86.6914122200453,36.0663729957998],[-86.6914146367834,36.0664011948799],[-86.6912903069549,36.0664090254175]]]},"properties":{"id":"32788","parcel":"148100C00100CO","address":"123 ANTON DR","owner":"MATTA, MICHAEL","point":[-86.69134453781346,36.066365481240425]}},{"type":"Feature","id":"32790","geometry":{"type":"Polygon","coordinates":[[[-86.6914939069378,36.066069421263],[-86.6914284695821,36.066021909526],[-86.6914579142367,36.0659938990098],[-86.6914373339331,36.065978435637],[-86.6914778716971,36.0659400868263],[-86.6915699882343,36.0660057433763],[-86.6915678443407,36.066007622239],[-86.6915683742396,36.0660150638185],[-86.6915583922905,36.0660252713662],[-86.6915488182911,36.0660258481379],[-86.6915288846738,36.0660443865786],[-86.6915240011104,36.0660409140017],[-86.6914939069378,36.066069421263]]]},"properties":{"id":"32790","parcel":"148100D00200CO","address":"127 B ANTON DR","owner":"HUSAINI, JUZER & HUSAIN, HAKIMUDDIN FIROZ & ET AL","point":[-86.69150685457456,36.065999802942606]}},{"type":"Feature","id":"32791","geometry":{"type":"Polygon","coordinates":[[[-86.691206144655,36.0661504902909],[-86.6912045205089,36.0660818270474],[-86.6913627178428,36.0659867381572],[-86.6915299050487,36.0658862456466],[-86.6915299274221,36.0658862653465],[-86.6915310149842,36.0658872478176],[-86.6915493595909,36.0659013125878],[-86.6915702076817,36.0659128511087],[-86.6915930361136,36.0659215752654],[-86.6916172745991,36.0659272648101],[-86.6916423146893,36.0659297790273],[-86.6916513233057,36.0659299292248],[-86.691660260974,36.0659308558355],[-86.6916602987624,36.0659308610264],[-86.6916736062803,36.0659337598109],[-86.6916861594324,36.0659383735629],[-86.6916976219126,36.0659445807363],[-86.6917076903391,36.0659522163347],[-86.6917160998673,36.0659610790886],[-86.6917226253,36.0659709314502],[-86.691727093423,36.0659815139422],[-86.6917293863278,36.0659925442376],[-86.6917294426395,36.0660037306723],[-86.6917272619957,36.0660147767255],[-86.6917229017802,36.0660253882483],[-86.6917164761062,36.0660352842861],[-86.6917081580845,36.0660442024722],[-86.6915953967495,36.0661404984302],[-86.6915906486336,36.0661445535178],[-86.6915768037221,36.066156313613],[-86.6915652500509,36.0661696044636],[-86.6915562392945,36.0661841344123],[-86.691206144655,36.0661504902909]],[[-86.6914939069378,36.066069421263],[-86.6915240011104,36.0660409140017],[-86.6915288846738,36.0660443865786],[-86.6915488182911,36.0660258481379],[-86.6915583922905,36.0660252713662],[-86.6915683742396,36.0660150638185],[-86.6915678443407,36.066007622239],[-86.6915699882343,36.0660057433763],[-86.6914778716971,36.0659400868263],[-86.6914373339331,36.065978435637],[-86.6914579142367,36.0659938990098],[-86.6914284695821,36.066021909526],[-86.6914004121326,36.0660485989047],[-86.6913790248091,36.0660336484762],[-86.6913384174514,36.0660733234426],[-86.6913925470869,36.0661121305779],[-86.6914341187038,36.0661419337776],[-86.6914572282905,36.0661205813467],[-86.691454026841,36.0661180382575],[-86.6914525781487,36.0661168884155],[-86.6914707381058,36.0660995255247],[-86.6914662459911,36.0660956225892],[-86.6914939069378,36.066069421263]]]},"properties":{"id":"32791","parcel":"148100D00300CO","address":"127 C ANTON DR","owner":"O.I.C. ANTON PLACE 10","point":[-86.69162475261773,36.0660381107953]}},{"type":"Feature","id":"33448","geometry":{"type":"Polygon","coordinates":[[[-86.6913067121028,36.066321249767],[-86.6913023717417,36.0662864318596],[-86.6912744893082,36.0662888494833],[-86.6912687430112,36.0662380165819],[-86.6913883359244,36.0662302024191],[-86.6913889929502,36.0662335018623],[-86.6913962614599,36.0662376637678],[-86.6913976578874,36.0662506676185],[-86.6913912931706,36.0662558387493],[-86.6913942396519,36.0662813859137],[-86.6913879225531,36.0662819512017],[-86.6913918776862,36.066315869129],[-86.6913067121028,36.066321249767]]]},"properties":{"id":"33448","parcel":"148100C00200CO","address":"125 ANTON DR","owner":"BOTROS, MEKHIL M. & JAKLEEN DIMYAN","point":[-86.69133246647345,36.06626845707254]}},{"type":"Feature","id":"35936","geometry":{"type":"Polygon","coordinates":[[[-86.6981135535122,36.0699303196696],[-86.6981586644222,36.0696065005971],[-86.6987548008785,36.0696515536808],[-86.6987252067561,36.0699157901065],[-86.6987218247029,36.0699274696378],[-86.6987161315291,36.0699385424807],[-86.6987082822361,36.0699487085095],[-86.6986984875682,36.0699576943143],[-86.6986870129341,36.0699652568117],[-86.6986741684795,36.0699711905133],[-86.698660300294,36.0699753374905],[-86.6986457826155,36.0699775847158],[-86.698631007904,36.0699778713309],[-86.6981135535122,36.0699303196696]]]},"properties":{"id":"35936","parcel":"14810015400","address":"3898 E RIDGE DR","owner":"BAIG, JABRAN ASAD & JABRAN, NAZIA","point":[-86.69843709953513,36.06978291021474]}},{"type":"Feature","id":"47564","geometry":{"type":"Polygon","coordinates":[[[-86.6938612910903,36.0646074506609],[-86.6944505314121,36.0644200471386],[-86.6944800982814,36.0644732698872],[-86.6945292009525,36.0645677157538],[-86.6945754801034,36.0646630962794],[-86.6939462630663,36.0648315475755],[-86.6938612910903,36.0646074506609]]]},"properties":{"id":"47564","parcel":"14814033800","address":"3803 CREEKSIDE DR","owner":"SANG, LIAN TAWI & DIM, CING P","point":[-86.69421695569528,36.06463527035428]}},{"type":"Feature","id":"162318","geometry":{"type":"Polygon","coordinates":[[[-86.6959487099729,36.0616036598096],[-86.6958669679085,36.0615468477615],[-86.6958985072724,36.0615169313165],[-86.6959081008504,36.0615235986266],[-86.6959164321912,36.0615156750795],[-86.6960193750997,36.0615872214853],[-86.696013760572,36.0615925471643],[-86.6959829784199,36.06157115351],[-86.6959487099729,36.0616036598096]]]},"properties":{"id":"162318","parcel":"148140C00200CO","address":"906 KEELEY CT","owner":"PERCY WARNER, LLC","point":[-86.69593163621337,36.06155901755097]}},{"type":"Feature","id":"162741","geometry":{"type":"Polygon","coordinates":[[[-86.6959135037357,36.0615024719109],[-86.6959444478396,36.0614721470021],[-86.696027303833,36.0615278854424],[-86.6959936820074,36.0615608341585],[-86.6960248835393,36.0615818234144],[-86.6960193750997,36.0615872214853],[-86.6959164321912,36.0615156750795],[-86.6959232283113,36.0615090140859],[-86.6959135037357,36.0615024719109]]]},"properties":{"id":"162741","parcel":"148140C00100CO","address":"904 KEELEY CT","owner":"PERCY WARNER, LLC","point":[-86.69598400205149,36.061544292621335]}},{"type":"Feature","id":"163524","geometry":{"type":"Polygon","coordinates":[[[-86.6958686408688,36.0616751407982],[-86.6957647501124,36.0615452891787],[-86.6957812181248,36.0615343354131],[-86.6957954360254,36.0615214721894],[-86.6958070734331,36.0615069997415],[-86.6958158580182,36.0614912558222],[-86.6958207894597,36.0614776422561],[-86.6958235828554,36.0614636345521],[-86.6958287056741,36.0614338471883],[-86.6958377623518,36.0614046833365],[-86.6958506470979,36.0613764851945],[-86.6958672084951,36.0613495817036],[-86.6958872517275,36.0613242894375],[-86.6958881926709,36.0613232340057],[-86.6959009244024,36.061330041825],[-86.6961437145642,36.0614712928157],[-86.6961425752149,36.0614727612835],[-86.6961237259102,36.0617808110402],[-86.6960768297954,36.0617754461262],[-86.6959766092176,36.0617672346046],[-86.6959392853807,36.0617634375828],[-86.6958686408688,36.0616751407982]],[[-86.6959487099729,36.0616036598096],[-86.6959829784199,36.06157115351],[-86.696013760572,36.0615925471643],[-86.6960193750997,36.0615872214853],[-86.6960248835393,36.0615818234144],[-86.6959936820074,36.0615608341585],[-86.696027303833,36.0615278854424],[-86.6959444478396,36.0614721470021],[-86.6959135037357,36.0615024719109],[-86.6959232283113,36.0615090140859],[-86.6959164321912,36.0615156750795],[-86.6959081008504,36.0615235986266],[-86.6958985072724,36.0615169313165],[-86.6958669679085,36.0615468477615],[-86.6959487099729,36.0616036598096]]]},"properties":{"id":"163524","parcel":"148140C90000CO","address":"906 B KEELEY CT","owner":"O.I.C. 904 KEELEY COURT TOWNHOMES","point":[-86.6960691089806,36.06155419292745]}},{"type":"Feature","id":"188252","geometry":{"type":"Polygon","coordinates":[[[-86.6963507635268,36.0638349325126],[-86.6970864751186,36.0637961976745],[-86.697099213093,36.0640473612182],[-86.6961876451683,36.0640737891279],[-86.696214015112,36.0640351762255],[-86.6963507635268,36.0638349325126]]]},"properties":{"id":"188252","parcel":"14814034000","address":"3950 KEELEY DR","owner":"ALKHATEB FAMILY REV TRUST","point":[-86.69668800541713,36.06393608140031]}},{"type":"Feature","id":"192026","geometry":{"type":"Polygon","coordinates":[[[-86.6965404247944,36.0635572075151],[-86.6970737383267,36.063545033207],[-86.6970864751186,36.0637961976745],[-86.6963507635268,36.0638349325126],[-86.6965404247944,36.0635572075151]]]},"properties":{"id":"192026","parcel":"14814033900","address":"3954 KEELEY DR","owner":"NICHOLSON, JASON & CARRIE","point":[-86.69676994090578,36.063676592853625]}},{"type":"Feature","id":"211562","geometry":{"type":"Polygon","coordinates":[[[-86.6910538642789,36.0686348001786],[-86.6903243478032,36.0680815884887],[-86.6902442335864,36.0680517036918],[-86.6898435323137,36.067903801926],[-86.6890670117009,36.067617177774],[-86.6880409223761,36.0672384227055],[-86.6878898026834,36.0671826394136],[-86.6884269616162,36.0670081501905],[-86.6885279539132,36.0670267346938],[-86.6886296668127,36.0670425119988],[-86.6887319846946,36.0670554638374],[-86.6888347864273,36.0670655764796],[-86.6889379531068,36.0670728370844],[-86.68904136475,36.0670772364226],[-86.689144901413,36.0670787697715],[-86.6902359132306,36.0670939185502],[-86.6902656933438,36.0670943338576],[-86.6904175617024,36.0670953135456],[-86.6905693284637,36.0670999303108],[-86.6907208604023,36.0671081804107],[-86.69087202871,36.0671200573742],[-86.6910226978707,36.0671355493616],[-86.6911727390205,36.0671546435946],[-86.6913220210436,36.067177323703],[-86.6914701403579,36.0672035171981],[-86.6916172458866,36.0672332412555],[-86.691763208638,36.0672664686793],[-86.6919079040603,36.0673031722489],[-86.6920512042157,36.0673433184544],[-86.6921929867234,36.067386874656],[-86.6923331280372,36.067433801912],[-86.6924715068061,36.067484058565],[-86.6926080016704,36.0675376020564],[-86.692742496788,36.0675943861916],[-86.6928748729622,36.0676543620916],[-86.6930050165059,36.0677174763398],[-86.693132813723,36.0677836746186],[-86.693207596377,36.0678244468493],[-86.693281486903,36.0678662750632],[-86.6915458012225,36.0685476241237],[-86.6911459074946,36.0687045988516],[-86.6910538642789,36.0686348001786]]]},"properties":{"id":"211562","parcel":"14800015800","address":"3940 APACHE TRL","owner":"ECG HICKORY LAKE, L.P.","point":[-86.6914523739433,36.067840761186]}},{"type":"Feature","id":"211566","geometry":{"type":"Polygon","coordinates":[[[-86.690234481472,36.0669291014833],[-86.6891434719021,36.0669139508885],[-86.6890408771534,36.0669128393646],[-86.688938416133,36.0669084580273],[-86.6888362443153,36.0669008122975],[-86.6887345227957,36.0668899156762],[-86.689085907376,36.0655824738898],[-86.6894021728866,36.065220243151],[-86.6895747445754,36.0652394466337],[-86.6896617771501,36.0652491314349],[-86.6901723358473,36.0653059419084],[-86.6911868992598,36.0653979901396],[-86.6911890340672,36.0656232416538],[-86.6912045205089,36.0660818270474],[-86.691206144655,36.0661504902909],[-86.6912166082023,36.0665373738178],[-86.6917143591227,36.0665439468871],[-86.6920631280512,36.0665480232681],[-86.6923854365088,36.0665622810393],[-86.6928285182626,36.0665718890039],[-86.6928572423767,36.0665730551028],[-86.6932294732621,36.0665927468228],[-86.693575540562,36.0666175567267],[-86.6940106840194,36.0666288950334],[-86.6939929085531,36.0667630573096],[-86.6939829064544,36.0668576155966],[-86.693947736906,36.0671698918175],[-86.6939173858826,36.0674140111917],[-86.693917374706,36.0674459077505],[-86.6939152361336,36.0674777570708],[-86.6939271360407,36.0675439195321],[-86.6939434554351,36.0676094562929],[-86.6937945830159,36.0676680667068],[-86.6934902538212,36.0677878800016],[-86.6933686380674,36.0677162829944],[-86.693244579317,36.0676475029121],[-86.6931181779562,36.0675815950496],[-86.6929895343386,36.0675186110973],[-86.6928587521388,36.0674586018254],[-86.6927259339047,36.0674016162085],[-86.6925911876862,36.0673476977821],[-86.6924546182019,36.0672968901011],[-86.6923163368063,36.0672492339791],[-86.6921764537193,36.0672047675324],[-86.6920350791441,36.0671635270757],[-86.6918923254561,36.0671255435034],[-86.6917483094781,36.0670908485868],[-86.6916031435448,36.0670594687153],[-86.6914569433282,36.067031431161],[-86.6913098266569,36.067006755974],[-86.6911619102572,36.0669854641123],[-86.6910133119252,36.0669675720223],[-86.6908641516536,36.066953093434],[-86.6907145461044,36.0669420420976],[-86.690564616317,36.066934424528],[-86.6904144822282,36.0669302481486],[-86.6902642615078,36.0669295149885],[-86.690234481472,36.0669291014833]]]},"properties":{"id":"211566","parcel":"14800017200","address":"3939 APACHE TRL","owner":"ECG HICKORY LAKE, L.P.","point":[-86.69004712789821,36.06634092724994]}},{"type":"Feature","id":"212878","geometry":{"type":"Polygon","coordinates":[[[-86.6961876451683,36.0640737891279],[-86.697099213093,36.0640473612182],[-86.6971165160874,36.0644090212915],[-86.6962355728119,36.0644469350639],[-86.6961780559951,36.0643703478934],[-86.6960772506574,36.0642354414933],[-86.6961876451683,36.0640737891279]]]},"properties":{"id":"212878","parcel":"14814004400","address":"3948 KEELEY DR","owner":"WAYMAN, PAMELA SUE & MILLS, KELLY DEAN","point":[-86.69661960551015,36.06430414077893]}},{"type":"Feature","id":"212882","geometry":{"type":"Polygon","coordinates":[[[-86.6957014161684,36.0634148999178],[-86.6960166295563,36.0632460564615],[-86.6961308392464,36.0631881850508],[-86.6962468504525,36.063132727585],[-86.6965404247944,36.0635572075151],[-86.6963507635268,36.0638349325126],[-86.696214015112,36.0640351762255],[-86.6957014161684,36.0634148999178]]]},"properties":{"id":"212882","parcel":"14814004700","address":"4719 PACKARD DR","owner":"HOLLIS, DEBRA","point":[-86.69618914760328,36.06369542037919]}},{"type":"Feature","id":"212885","geometry":{"type":"Polygon","coordinates":[[[-86.6948823828568,36.0638525735193],[-86.6951706689721,36.0636992697983],[-86.6956250513985,36.0642768415616],[-86.6956270416985,36.0642793708016],[-86.6954871455735,36.0642930213981],[-86.6951562018239,36.0642114172667],[-86.6948823828568,36.0638525735193]]]},"properties":{"id":"212885","parcel":"14814005000","address":"4713 PACKARD DR","owner":"4713 PACKARD DRIVE, LLC","point":[-86.69522627359504,36.06403252189805]}},{"type":"Feature","id":"212888","geometry":{"type":"Polygon","coordinates":[[[-86.6947485925286,36.0646489119114],[-86.6954448972593,36.0644141384639],[-86.6952916209607,36.0648391788036],[-86.6948594166172,36.064940567406],[-86.6948249600663,36.0648427340405],[-86.6947880133997,36.0647455017539],[-86.6947485925286,36.0646489119114]]]},"properties":{"id":"212888","parcel":"14814005300","address":"3804 CREEKSIDE DR","owner":"ORTEZ, JAMIE U & LOPEZ, JUANA MARIE","point":[-86.69505529743854,36.06469793727115]}},{"type":"Feature","id":"212890","geometry":{"type":"Polygon","coordinates":[[[-86.6952916209607,36.0648391788036],[-86.6954448972593,36.0644141384639],[-86.6954871455735,36.0642930213981],[-86.6958009783946,36.0648933802802],[-86.695778573822,36.0649011344885],[-86.6957578406749,36.0649115108006],[-86.6957392420479,36.0649242776177],[-86.695723191722,36.0649391495487],[-86.6957100475834,36.0649557964608],[-86.6957001016645,36.0649738471421],[-86.695693576893,36.0649928983332],[-86.6956813722308,36.0650193494181],[-86.6956652676776,36.0650443872603],[-86.6956455041385,36.0650676337303],[-86.6956223827056,36.065088738291],[-86.6955962480633,36.0651073844026],[-86.6955674973604,36.0651232885702],[-86.6955348143509,36.0651413055036],[-86.6955001186008,36.065156642801],[-86.6952916209607,36.0648391788036]]]},"properties":{"id":"212890","parcel":"14814005500","address":"203 CREEKSIDE CT","owner":"ORTEZ, JAIME","point":[-86.69551510021194,36.064627031742]}},{"type":"Feature","id":"212894","geometry":{"type":"Polygon","coordinates":[[[-86.6943894456098,36.0659614323267],[-86.694400360036,36.065555587103],[-86.6948191260106,36.0654965731963],[-86.6948307920525,36.0655886218834],[-86.69483913881,36.0656809087137],[-86.69484416002,36.0657733535095],[-86.6948458527653,36.0658658778762],[-86.6948462296139,36.0659089715909],[-86.6948444269787,36.0659210492991],[-86.6948401351509,36.0659327051335],[-86.69483347664,36.0659436040107],[-86.6948246440695,36.0659534311725],[-86.6948138913995,36.0659619039533],[-86.6948015284309,36.0659687781209],[-86.6947879108789,36.0659738551444],[-86.6947734326575,36.0659769885469],[-86.6947585092682,36.0659780885087],[-86.6943894456098,36.0659614323267]]]},"properties":{"id":"212894","parcel":"14814006500","address":"3813 CREEKSIDE DR","owner":"GRAVES, LEONARD M. ET UX","point":[-86.69461871333048,36.065726563367384]}},{"type":"Feature","id":"212897","geometry":{"type":"Polygon","coordinates":[[[-86.693700234218,36.0658898711148],[-86.6936341155157,36.06521484057],[-86.693645047631,36.0652153490765],[-86.6939037036837,36.0652273787408],[-86.6940318388763,36.0653109103773],[-86.6940464912987,36.065935977749],[-86.693700234218,36.0658898711148]]]},"properties":{"id":"212897","parcel":"14814006700","address":"147 ANTON DR","owner":"PIZZUTO, SAM & DENNIS MICHAEL","point":[-86.69385523305981,36.06560036327786]}},{"type":"Feature","id":"212901","geometry":{"type":"Polygon","coordinates":[[[-86.6935390690745,36.0658734036878],[-86.6933594244392,36.0658550477978],[-86.6933054658256,36.0651995546125],[-86.6936341155157,36.06521484057],[-86.693700234218,36.0658898711148],[-86.6935390690745,36.0658734036878]]]},"properties":{"id":"212901","parcel":"14814006800","address":"143 ANTON DR","owner":"TABORA, ROBERTO & MARIA PORTILLO","point":[-86.69349927561946,36.06553495067917]}},{"type":"Feature","id":"212903","geometry":{"type":"Polygon","coordinates":[[[-86.693645047631,36.0652153490765],[-86.6934311928427,36.0643935981082],[-86.6935392561322,36.0643720881826],[-86.6936463417068,36.0643475626749],[-86.6937523199271,36.0643200502736],[-86.6937572977542,36.0643331758953],[-86.6938612910903,36.0646074506609],[-86.6939462630663,36.0648315475755],[-86.6939182606933,36.065090913243],[-86.6939037036837,36.0652273787408],[-86.693645047631,36.0652153490765]]]},"properties":{"id":"212903","parcel":"14814007200","address":"4705 PACKARD DR","owner":"SARENTEZ, INDIRA M.","point":[-86.69370976234644,36.064719003546294]}},{"type":"Feature","id":"212907","geometry":{"type":"Polygon","coordinates":[[[-86.6937572977542,36.0643331758953],[-86.6938750229731,36.0642952706402],[-86.6939911647523,36.0642542730599],[-86.6941056013568,36.0642102271217],[-86.6942182110684,36.0641631785956],[-86.6942312416887,36.0641605808464],[-86.6942446183054,36.0641597223882],[-86.6942579903282,36.0641606250681],[-86.6942710078749,36.0641632647644],[-86.6942833317777,36.0641675731302],[-86.6942946391409,36.0641734384637],[-86.6943046344408,36.0641807056436],[-86.6943130584924,36.0641891859916],[-86.6943196884497,36.064198657273],[-86.6944505314121,36.0644200471386],[-86.6938612910903,36.0646074506609],[-86.6937572977542,36.0643331758953]]]},"properties":{"id":"212907","parcel":"14814007300","address":"3801 CREEKSIDE DR","owner":"LY, CHAU H. & PHAM, CANH M.","point":[-86.69409939615427,36.06437660048736]}},{"type":"Feature","id":"213306","geometry":{"type":"Polygon","coordinates":[[[-86.6952811267207,36.063639867027],[-86.6954185263943,36.0635659782632],[-86.6959657451059,36.0642353165657],[-86.6959740777695,36.0642455088691],[-86.6956270416985,36.0642793708016],[-86.6956250513985,36.0642768415616],[-86.6951706689721,36.0636992697983],[-86.6952811267207,36.063639867027]]]},"properties":{"id":"213306","parcel":"14814004900","address":"4715 PACKARD DR","owner":"SAWYER, MICHAEL","point":[-86.69556407208209,36.06396728334281]}},{"type":"Feature","id":"213308","geometry":{"type":"Polygon","coordinates":[[[-86.6948823828568,36.0638525735193],[-86.6951562018239,36.0642114172667],[-86.6946328755168,36.0644166224769],[-86.6946112055568,36.0643760903335],[-86.6944680203143,36.0641362674398],[-86.6944632988342,36.0641263201072],[-86.6944605657419,36.064115893551],[-86.6944598865839,36.0641052478654],[-86.6944612825375,36.0640946470052],[-86.694464715965,36.0640843570668],[-86.6944701014117,36.0640746345076],[-86.6944773055741,36.0640657225413],[-86.6944861472139,36.0640578412244],[-86.6944964071635,36.0640511892011],[-86.6945078293336,36.0640459319806],[-86.6946045610019,36.0640016459865],[-86.6946993082105,36.0639546179211],[-86.6947919538043,36.063904907048],[-86.6948823828568,36.0638525735193]]]},"properties":{"id":"213308","parcel":"14814005100","address":"4711 PACKARD DR","owner":"MOODY, MILTON H., JR.","point":[-86.69478097371218,36.0641320970411]}},{"type":"Feature","id":"213311","geometry":{"type":"Polygon","coordinates":[[[-86.6958009783946,36.0648933802802],[-86.6954871455735,36.0642930213981],[-86.6956270416985,36.0642793708016],[-86.6959740777695,36.0642455088691],[-86.6960772506574,36.0642354414933],[-86.6961780559951,36.0643703478934],[-86.6959228187853,36.0648970742762],[-86.6958991867435,36.0648907899498],[-86.695874708314,36.0648872359944],[-86.6958498581143,36.0648864826738],[-86.6958251213723,36.0648885443113],[-86.6958009783946,36.0648933802802]]]},"properties":{"id":"213311","parcel":"14814005600","address":"205 CREEKSIDE CT","owner":"ELLINGSON, GAIL LYNN MARZELLA","point":[-86.69585747935743,36.06462801848437]}},{"type":"Feature","id":"213314","geometry":{"type":"Polygon","coordinates":[[[-86.6959228187853,36.0648970742762],[-86.6961780559951,36.0643703478934],[-86.6962355728119,36.0644469350639],[-86.6964136034477,36.0646854558905],[-86.6964775937334,36.0648828788421],[-86.6964887665367,36.0649223735395],[-86.6960211059326,36.0649932030703],[-86.6960126009789,36.0649728560736],[-86.6960005345068,36.064953732858],[-86.695985163188,36.0649362411243],[-86.6959668166707,36.0649207557055],[-86.6959458852664,36.0649076069214],[-86.6959228187853,36.0648970742762]]]},"properties":{"id":"213314","parcel":"14814005700","address":"207 CREEKSIDE CT","owner":"THOMPSON, ERNEST E. & LORRAINE F.","point":[-86.69620401907729,36.06456589000871]}},{"type":"Feature","id":"213316","geometry":{"type":"Polygon","coordinates":[[[-86.6956442475878,36.0652327304617],[-86.6956709819442,36.0652172813462],[-86.6956953855201,36.0651994698867],[-86.6957180544727,36.0651858936633],[-86.6957426270956,36.0651747128816],[-86.6957687230477,36.0651661018815],[-86.6957959360951,36.0651601936935],[-86.6958238418808,36.0651570799938],[-86.6958520090091,36.065156809238],[-86.6958751737757,36.0651558679566],[-86.6958979688838,36.0651523916844],[-86.6959199752776,36.0651464441284],[-86.6959407887342,36.0651381348759],[-86.695960026493,36.065127615751],[-86.6963211616595,36.0655650702217],[-86.6962167175808,36.065693139703],[-86.6961015602684,36.0658344576715],[-86.6956442475878,36.0652327304617]]]},"properties":{"id":"213316","parcel":"14814005900","address":"206 CREEKSIDE CT","owner":"ORTEZ, JAIME U. & ESTELA SANCHEZ","point":[-86.69597726523814,36.06539888702467]}},{"type":"Feature","id":"213319","geometry":{"type":"Polygon","coordinates":[[[-86.6955569133581,36.065769473502],[-86.6953746731627,36.0653595547575],[-86.6954319015842,36.0653391457492],[-86.6954876434271,36.0653161838357],[-86.6955417250279,36.0652907403214],[-86.6955939805574,36.0652628936761],[-86.6956442475878,36.0652327304617],[-86.6961015602684,36.0658344576715],[-86.696072017858,36.0658610008012],[-86.695948797845,36.0660089580808],[-86.6955569133581,36.065769473502]]]},"properties":{"id":"213319","parcel":"14814006000","address":"204 CREEKSIDE CT","owner":"DOMINGO, JUAN CARLOS & BARRINGA, CAROLINA CORIA","point":[-86.69568151381866,36.06556506201726]}},{"type":"Feature","id":"213321","geometry":{"type":"Polygon","coordinates":[[[-86.6940318388763,36.0653109103773],[-86.6947597390241,36.0651929522873],[-86.6947754404803,36.0652560969166],[-86.6947893072488,36.0653195252081],[-86.6948058230126,36.0654078705027],[-86.6948191260106,36.0654965731963],[-86.694400360036,36.065555587103],[-86.6940318388763,36.0653109103773]]]},"properties":{"id":"213321","parcel":"14814006400","address":"3809 CREEKSIDE DR","owner":"INGISON, ROBERT CHRISTOPHER","point":[-86.69445313257438,36.06536282040244]}},{"type":"Feature","id":"214630","geometry":{"type":"Polygon","coordinates":[[[-86.6952963810794,36.0653831667373],[-86.695335772716,36.0653718978555],[-86.6953746731627,36.0653595547575],[-86.6955569133581,36.065769473502],[-86.6950158001605,36.0657989672338],[-86.6950103538587,36.0656991929343],[-86.6950013600911,36.0655995877983],[-86.6949888251465,36.0655002347071],[-86.6949881093185,36.0654899749893],[-86.6949894053117,36.0654797541441],[-86.6949926831806,36.0654698292104],[-86.6949978585416,36.0654604521335],[-86.6950048002554,36.0654518598062],[-86.6950133326243,36.0654442713524],[-86.6950232397373,36.0654378772868],[-86.6950342710204,36.0654328394829],[-86.6950461456374,36.065429286641],[-86.6950585657628,36.0654273088041],[-86.695118949185,36.0654198431472],[-86.6951788087537,36.0654099803564],[-86.6952379992626,36.0653977456048],[-86.6952963810794,36.0653831667373]]]},"properties":{"id":"214630","parcel":"14814006100","address":"3808 CREEKSIDE DR","owner":"TERWONISHE, MAGID & MACID, VAMON","point":[-86.69522745941622,36.065550502274455]}},{"type":"Feature","id":"214633","geometry":{"type":"Polygon","coordinates":[[[-86.6927960767123,36.065175860317],[-86.692574756052,36.065165565051],[-86.6926734930461,36.0644564688385],[-86.6926983754379,36.0644567323284],[-86.6927946512814,36.0644563745965],[-86.6928908673687,36.0644536197103],[-86.6929869349132,36.064448470884],[-86.6930827629161,36.0644409322464],[-86.6931891561262,36.065194144364],[-86.6927960767123,36.065175860317]]]},"properties":{"id":"214633","parcel":"14814007000","address":"4701 PACKARD DR","owner":"MCKINNIE, CHARLIE ET UX","point":[-86.69287967403012,36.06481177182633]}},{"type":"Feature","id":"214636","geometry":{"type":"Polygon","coordinates":[[[-86.6936341155157,36.06521484057],[-86.6933054658256,36.0651995546125],[-86.6931891561262,36.065194144364],[-86.6930827629161,36.0644409322464],[-86.6931996126752,36.0644287202442],[-86.693315810687,36.0644129346725],[-86.6934311928427,36.0643935981082],[-86.693645047631,36.0652153490765],[-86.6936341155157,36.06521484057]]]},"properties":{"id":"214636","parcel":"14814007100","address":"4703 PACKARD DR","owner":"MORENO, DELIA T","point":[-86.69333887456719,36.06481805760743]}},{"type":"Feature","id":"215310","geometry":{"type":"Polygon","coordinates":[[[-86.6924554138037,36.0654965782734],[-86.6921734171394,36.0654738019111],[-86.6919164450531,36.065469092628],[-86.6915366649403,36.0654123306495],[-86.6912412874034,36.0654002198843],[-86.6911868992598,36.0653979901396],[-86.6901723358473,36.0653059419084],[-86.6900435429074,36.0648913136161],[-86.6901405261311,36.0648380133298],[-86.6900383747796,36.0646078401361],[-86.689908281752,36.0645888051851],[-86.6893247069761,36.0647152153912],[-86.6891538242796,36.064674435932],[-86.6883909387812,36.0638266375293],[-86.6886497010293,36.0636619798204],[-86.688724750172,36.0636181811436],[-86.6888022263799,36.0635772634804],[-86.6888819628125,36.0635393161058],[-86.6889637847666,36.0635044175245],[-86.689047517548,36.063472647143],[-86.6891329796941,36.0634440717888],[-86.6892199852643,36.0634187538089],[-86.6893083460281,36.0633967474525],[-86.6893978714893,36.0633781015743],[-86.6894883688385,36.0633628542275],[-86.6895796396933,36.0633510407939],[-86.6896714900102,36.0633426849142],[-86.6897637190468,36.0633378057615],[-86.6898561271006,36.0633364143922],[-86.689909039776,36.0633371263966],[-86.6899829934294,36.0633398629959],[-86.6900567813139,36.0633447293366],[-86.6901303090304,36.0633517196507],[-86.6902034854702,36.0633608236449],[-86.690277687124,36.0633721704326],[-86.690351366056,36.063385572397],[-86.6904244366682,36.0634010147077],[-86.6904908950355,36.0634173916323],[-86.6905865598013,36.063446238125],[-86.6906691867653,36.0634733999384],[-86.6907503022717,36.0635034157174],[-86.6908297582034,36.0635362295328],[-86.690907406395,36.0635717800484],[-86.6909831042069,36.0636100031928],[-86.6910567133838,36.0636508285606],[-86.6911280978347,36.0636941794254],[-86.6911971247817,36.0637399772392],[-86.6918970585728,36.0642326414039],[-86.6919475426249,36.0642665770464],[-86.6920003919149,36.0642980484924],[-86.6920554256759,36.064326948622],[-86.692112452087,36.0643531757873],[-86.6921712772244,36.0643766418717],[-86.6922316961099,36.0643972642301],[-86.6922935016467,36.0644149719466],[-86.6923550573202,36.0644288433907],[-86.6924174602614,36.064439942087],[-86.6924805214392,36.0644482321672],[-86.6925440497037,36.0644536894927],[-86.6926078517401,36.0644562962463],[-86.6926734930461,36.0644564688385],[-86.692574756052,36.065165565051],[-86.6925510319917,36.0653217878532],[-86.6925239353634,36.0655023349961],[-86.6924554138037,36.0654965782734]]]},"properties":{"id":"215310","parcel":"14800015000","address":"4601 PACKARD DR","owner":"HORIZON APARTMENTS, LLC","point":[-86.6906214780842,36.064417524992784]}},{"type":"Feature","id":"215721","geometry":{"type":"Polygon","coordinates":[[[-86.6962468504525,36.063132727585],[-86.696300344519,36.0631103586857],[-86.6963890009682,36.0630771307065],[-86.6964793580042,36.0630470752782],[-86.6965712440759,36.0630202492682],[-86.6966644842559,36.0629967041561],[-86.6967589002242,36.0629764842315],[-86.6968543136142,36.0629596283771],[-86.6969505415565,36.0629461682915],[-86.6969565909728,36.0629466317244],[-86.6969724522707,36.0629492600937],[-86.6969876159963,36.0629538609045],[-86.6970017126277,36.0629603218308],[-86.6970143999969,36.0629684853236],[-86.69702536777,36.0629781530924],[-86.6970343485625,36.062989087843],[-86.6970411235921,36.0630010249612],[-86.6970455282289,36.0630136724815],[-86.6970474543182,36.0630267227894],[-86.6970514756367,36.0631060172665],[-86.6970737383267,36.063545033207],[-86.6965404247944,36.0635572075151],[-86.6962468504525,36.063132727585]]]},"properties":{"id":"215721","parcel":"14814004600","address":"4721 PACKARD DR","owner":"BEASLEY, LAWSON & ALICIA","point":[-86.69672614427083,36.063339047725115]}},{"type":"Feature","id":"215723","geometry":{"type":"Polygon","coordinates":[[[-86.6954185263943,36.0635659782632],[-86.6957014161684,36.0634148999178],[-86.696214015112,36.0640351762255],[-86.6961876451683,36.0640737891279],[-86.6960772506574,36.0642354414933],[-86.6959740777695,36.0642455088691],[-86.6959657451059,36.0642353165657],[-86.6954185263943,36.0635659782632]]]},"properties":{"id":"215723","parcel":"14814004800","address":"4717 PACKARD DR","owner":"PARDUE, C. RAY ET UX","point":[-86.69581523168097,36.06380057526944]}},{"type":"Feature","id":"215725","geometry":{"type":"Polygon","coordinates":[[[-86.6946328755168,36.0644166224769],[-86.6951562018239,36.0642114172667],[-86.6954871455735,36.0642930213981],[-86.6954448972593,36.0644141384639],[-86.6947485925286,36.0646489119114],[-86.6947120908102,36.0645708086353],[-86.6946735124487,36.0644933671425],[-86.6946328755168,36.0644166224769]]]},"properties":{"id":"215725","parcel":"14814005200","address":"3802 CREEKSIDE DR","owner":"CASTRO, MARIA","point":[-86.694985947976,36.06445584196565]}},{"type":"Feature","id":"215727","geometry":{"type":"Polygon","coordinates":[[[-86.6948594166172,36.064940567406],[-86.6952916209607,36.0648391788036],[-86.6955001186008,36.065156642801],[-86.695433514383,36.0651855302576],[-86.695365102769,36.0652114854043],[-86.6952950795931,36.0652344332032],[-86.6952335012499,36.0652515964694],[-86.6951710088135,36.0652664225331],[-86.6951077374364,36.0652788790688],[-86.6950438212091,36.0652889391646],[-86.6950288482221,36.0652900646828],[-86.6950138530104,36.065289157026],[-86.694999250955,36.0652862399364],[-86.6949854490767,36.0652813966897],[-86.6949728292833,36.0652747584745],[-86.69496174067,36.0652665125486],[-86.6949524927174,36.0652568860548],[-86.6949453408688,36.0652461470053],[-86.6949404853178,36.065234592572],[-86.6949168539344,36.0651359812064],[-86.6948898241467,36.0650379473217],[-86.6948594166172,36.064940567406]]]},"properties":{"id":"215727","parcel":"14814005400","address":"201 CREEKSIDE CT","owner":"RUIZ, RICHARD A & MARTIN","point":[-86.69517930858558,36.06508766634675]}},{"type":"Feature","id":"215729","geometry":{"type":"Polygon","coordinates":[[[-86.695960026493,36.065127615751],[-86.6959794146242,36.0651129732719],[-86.6959957656743,36.0650960626642],[-86.6960086813822,36.0650772936101],[-86.6960178460561,36.0650571239844],[-86.6960230397364,36.0650360417525],[-86.6960241359427,36.0650145613784],[-86.6960211059326,36.0649932030703],[-86.6964887665367,36.0649223735395],[-86.6964690009781,36.0651378618002],[-86.6963666944041,36.0655098647836],[-86.6963211616595,36.0655650702217],[-86.695960026493,36.065127615751]]]},"properties":{"id":"215729","parcel":"14814005800","address":"208 CREEKSIDE CT","owner":"SCHWARTZ, HOWARD A.","point":[-86.69626963169621,36.065323487845724]}},{"type":"Feature","id":"215731","geometry":{"type":"Polygon","coordinates":[[[-86.6939462630663,36.0648315475755],[-86.6945754801034,36.0646630962794],[-86.6946122756806,36.0647494284462],[-86.6946468198829,36.0648363711276],[-86.6946790990527,36.0649238865501],[-86.6939182606933,36.065090913243],[-86.6939462630663,36.0648315475755]]]},"properties":{"id":"215731","parcel":"14814006200","address":"3805 CREEKSIDE DR","owner":"TIDWELL, MATTHEW","point":[-86.69430208808734,36.06487920908321]}},{"type":"Feature","id":"215733","geometry":{"type":"Polygon","coordinates":[[[-86.6939037036837,36.0652273787408],[-86.6939182606933,36.065090913243],[-86.6946790990527,36.0649238865501],[-86.6947096801062,36.0650128258674],[-86.6947365703928,36.0651025489356],[-86.6947597390241,36.0651929522873],[-86.6940318388763,36.0653109103773],[-86.6939037036837,36.0652273787408]]]},"properties":{"id":"215733","parcel":"14814006300","address":"3807 CREEKSIDE DR","owner":"GOMEZ, MARTIN R.","point":[-86.69433028988388,36.065146685789955]}},{"type":"Feature","id":"215735","geometry":{"type":"Polygon","coordinates":[[[-86.6940464912987,36.065935977749],[-86.6940318388763,36.0653109103773],[-86.694400360036,36.065555587103],[-86.6943894456098,36.0659614323267],[-86.6940464912987,36.065935977749]]]},"properties":{"id":"215735","parcel":"14814006600","address":"151 ANTON DR","owner":"MOE, NAI & AYE, MI","point":[-86.69421862765991,36.06574577032125]}},{"type":"Feature","id":"215737","geometry":{"type":"Polygon","coordinates":[[[-86.6928593195861,36.0658269354174],[-86.6927960767123,36.065175860317],[-86.6931891561262,36.065194144364],[-86.6933054658256,36.0651995546125],[-86.6933594244392,36.0658550477978],[-86.6932348213844,36.0658436583946],[-86.6931098684788,36.0658351721134],[-86.6929846667931,36.0658295964836],[-86.6928593195861,36.0658269354174]]]},"properties":{"id":"215737","parcel":"14814006900","address":"139 ANTON DR","owner":"TAPP, LOWELL THOMAS, JR.","point":[-86.6930800630704,36.065513239267894]}},{"type":"Feature","id":"215739","geometry":{"type":"Polygon","coordinates":[[[-86.6996185381439,36.0631548774084],[-86.6997932791801,36.062096768836],[-86.700194203602,36.0621339988805],[-86.7000249200165,36.0631964719364],[-86.6997969963102,36.0631731434185],[-86.6996185381439,36.0631548774084]]]},"properties":{"id":"215739","parcel":"14814007400","address":"4906 PACKARD DR","owner":"PUCKETT, DENNIS CHARLES","point":[-86.69990785641286,36.0626444422348]}},{"type":"Feature","id":"216242","geometry":{"type":"Polygon","coordinates":[[[-86.6962212601707,36.0618866950918],[-86.6961873404579,36.0618382665868],[-86.6967799215475,36.061469200254],[-86.6968200405208,36.0615079534947],[-86.6968574486346,36.0615484564708],[-86.6968920282328,36.0615905836849],[-86.6969236749312,36.0616342041549],[-86.6969522887528,36.0616791832683],[-86.6969633121392,36.061701920285],[-86.6962404567773,36.0619151540995],[-86.6962212601707,36.0618866950918]]]},"properties":{"id":"216242","parcel":"14814010400","address":"3970 KEELEY DR","owner":"HUSSAIN, WALEED","point":[-86.696692237013,36.06168988014587]}},{"type":"Feature","id":"216243","geometry":{"type":"Polygon","coordinates":[[[-86.6962244584246,36.0607842539404],[-86.6964039674292,36.0605744355553],[-86.6965884355104,36.0606217191485],[-86.6966697450311,36.06063443504],[-86.6963646134645,36.0610251920106],[-86.696321093914,36.0610012682108],[-86.6962234906846,36.0609515095694],[-86.6961280210583,36.0608990914466],[-86.6962244584246,36.0607842539404]]]},"properties":{"id":"216243","parcel":"14814010800","address":"3987 KEELEY DR","owner":"MAKSUD, VAHID HASAN & FATIMA","point":[-86.69634175209592,36.06084209207492]}},{"type":"Feature","id":"216244","geometry":{"type":"Polygon","coordinates":[[[-86.6976698661841,36.0610967607444],[-86.6982828558599,36.0605874645525],[-86.6983794916273,36.0606602928846],[-86.6984732860014,36.0607355305223],[-86.6978035514067,36.061216861187],[-86.6976698661841,36.0610967607444]]]},"properties":{"id":"216244","parcel":"14814011700","address":"116 COLEMONT CT","owner":"MORARU, VLAD","point":[-86.69805463103968,36.06091610363122]}},{"type":"Feature","id":"216245","geometry":{"type":"Polygon","coordinates":[[[-86.6979399387038,36.0613369449326],[-86.6986411274789,36.0608925182788],[-86.6987755849528,36.0610620604991],[-86.6987844974199,36.0610751946612],[-86.6980790540659,36.0614592109623],[-86.6979399387038,36.0613369449326]]]},"properties":{"id":"216245","parcel":"14814011900","address":"124 COLEMONT CT","owner":"ATWOOD, TERRY L & WATKINS, TERRY LYNN ATWOOD","point":[-86.6983452605023,36.06120602787317]}},{"type":"Feature","id":"216246","geometry":{"type":"Polygon","coordinates":[[[-86.6983503653353,36.0604541128228],[-86.6988659082669,36.0600604824172],[-86.699161944017,36.0601752443493],[-86.698559836553,36.0606127819374],[-86.6984797564514,36.0605485209829],[-86.6983970024419,36.0604865331932],[-86.6983840298832,36.0604784769457],[-86.6983724886906,36.0604690938199],[-86.6983503653353,36.0604541128228]]]},"properties":{"id":"216246","parcel":"14814012200","address":"115 COLEMONT CT","owner":"MWEE, SAW EH & DEE, PREE & LER, HTEE","point":[-86.69875152231936,36.06031466763522]}},{"type":"Feature","id":"216247","geometry":{"type":"Polygon","coordinates":[[[-86.698559836553,36.0606127819374],[-86.699161944017,36.0601752443493],[-86.6991972457122,36.0601882254049],[-86.6991531412138,36.0604821495143],[-86.6987327056994,36.0607645201759],[-86.6986477250049,36.0606875588626],[-86.698559836553,36.0606127819374]]]},"properties":{"id":"216247","parcel":"14814012300","address":"119 COLEMONT CT","owner":"RYMAN, TERRY W., JR. & ROBIN M.","point":[-86.6990589200235,36.06033489562641]}},{"type":"Feature","id":"216248","geometry":{"type":"Polygon","coordinates":[[[-86.6988807224713,36.0609370056951],[-86.6991051850842,36.0607997213689],[-86.6991026529943,36.0608195157059],[-86.6993552439728,36.0608414009276],[-86.6991451846839,36.0610390388911],[-86.6990326474676,36.0611690813011],[-86.6989763333767,36.0610751819124],[-86.6989063768435,36.0609690004484],[-86.6988807224713,36.0609370056951]]]},"properties":{"id":"216248","parcel":"14814012400","address":"127 COLEMONT CT","owner":"HALL, WINDELL A. JR.","point":[-86.69905563869949,36.06100409468982]}},{"type":"Feature","id":"216249","geometry":{"type":"Polygon","coordinates":[[[-86.690871802353,36.0609186203143],[-86.6909444629689,36.0609105212447],[-86.6910174422827,36.0609046077271],[-86.6910906404582,36.0609008866422],[-86.6911639576511,36.06089936397],[-86.6911663660178,36.0611762515725],[-86.6910427013258,36.0612736686944],[-86.6909400848458,36.061300629524],[-86.690871802353,36.0609186203143]]]},"properties":{"id":"216249","parcel":"14814013000","address":"186 BRENDA CT","owner":"ENGLISH, JON","point":[-86.69103000955037,36.06104746419427]}},{"type":"Feature","id":"216250","geometry":{"type":"Polygon","coordinates":[[[-86.6898480431184,36.0612216381946],[-86.6900643364046,36.0611298297914],[-86.6902208055442,36.0613816699666],[-86.6899243915091,36.0614951751916],[-86.689813844382,36.0613106512053],[-86.6898084550758,36.0613011761791],[-86.6898050365502,36.0612911166557],[-86.689803677698,36.0612807389072],[-86.6898044142275,36.0612703203258],[-86.6898072285601,36.061260137707],[-86.689812044234,36.0612504618741],[-86.6898187336114,36.0612415504241],[-86.6898271189337,36.0612336414124],[-86.6898369755735,36.0612269443214],[-86.6898480431184,36.0612216381946]]]},"properties":{"id":"216250","parcel":"14815019300","address":"3901 BRADLEY CT","owner":"GAMBLE, ROAMARY & TRENT J","point":[-86.69001693521221,36.061346159750705]}},{"type":"Feature","id":"216251","geometry":{"type":"Polygon","coordinates":[[[-86.6899243915091,36.0614951751916],[-86.6902208055442,36.0613816699666],[-86.6902784638461,36.061475840575],[-86.6904539909107,36.0614286839438],[-86.6904953150659,36.0615119595298],[-86.6900393678985,36.0616832446115],[-86.6899243915091,36.0614951751916]]]},"properties":{"id":"216251","parcel":"14815019400","address":"3905 BRADLEY CT","owner":"ROBLES, DORIS JIMENEZ & BUENO, ANTONIA ROBLES","point":[-86.6901269541667,36.061597239476264]}},{"type":"Feature","id":"216371","geometry":{"type":"Polygon","coordinates":[[[-86.6906272418882,36.0604851654181],[-86.6907474454964,36.0604537165922],[-86.6909293521584,36.0604061225108],[-86.6909749701549,36.0608009103225],[-86.6908877168915,36.0608081989806],[-86.6908007365933,36.0608173931336],[-86.6907140924753,36.0608284870123],[-86.6906272418882,36.0604851654181]]]},"properties":{"id":"216371","parcel":"14814013600","address":"181 BRENDA CT","owner":"NURI, HASSEN ALEMU & ASHENAFI, WELDEMESK KUMNEGER RLT","point":[-86.69081193291395,36.06064306592299]}},{"type":"Feature","id":"216372","geometry":{"type":"Polygon","coordinates":[[[-86.6912309441432,36.0603956832625],[-86.6912317287402,36.0603270097176],[-86.6913294939206,36.0602662051894],[-86.691465666279,36.0601815124569],[-86.6917207067242,36.0603084130488],[-86.6917008890894,36.0603384486028],[-86.6916796917844,36.0603678575647],[-86.6916670274998,36.0603899081197],[-86.6916483633859,36.0604241812046],[-86.6916315573377,36.0604590817355],[-86.6916166443191,36.0604945455211],[-86.6912309441432,36.0603956832625]]]},"properties":{"id":"216372","parcel":"14814013900","address":"151 BRENDA LN","owner":"JACKSON, ROBERT C JR","point":[-86.69146796451267,36.06033273365075]}},{"type":"Feature","id":"216373","geometry":{"type":"Polygon","coordinates":[[[-86.6903356786188,36.0626875448613],[-86.6903570566309,36.06267574085],[-86.6903757068018,36.0626612026343],[-86.6903911031877,36.0626443388068],[-86.6904028125476,36.0626256232231],[-86.6907990286943,36.062744228227],[-86.690686095758,36.0628305859298],[-86.6905704754982,36.0629191562558],[-86.6904898116759,36.0629811545883],[-86.6903356786188,36.0626875448613]]]},"properties":{"id":"216373","parcel":"14814014500","address":"3933 BRADLEY CT","owner":"OCHOA, JEANETTE L. ALFARO","point":[-86.69056509166343,36.06278694911289]}},{"type":"Feature","id":"216557","geometry":{"type":"Polygon","coordinates":[[[-86.6984316043106,36.0629991308447],[-86.6985877826957,36.0619828873554],[-86.6989385935231,36.0620157424399],[-86.6990814908948,36.062029199136],[-86.6990681126326,36.0620468581332],[-86.6988166026036,36.0630716214711],[-86.6987195016424,36.063056602038],[-86.6986229241645,36.0630395056321],[-86.6985269357701,36.0630203435908],[-86.6984316043106,36.0629991308447]]]},"properties":{"id":"216557","parcel":"14814007700","address":"4896 PACKARD DR","owner":"DIMITROVA, DIANA & IVAYLO","point":[-86.69872800152369,36.06252294000515]}},{"type":"Feature","id":"216560","geometry":{"type":"Polygon","coordinates":[[[-86.6962706613361,36.062273205081],[-86.6970445870903,36.0622511505797],[-86.6970595126607,36.0627187050225],[-86.6970585273932,36.0627319172748],[-86.6970550053518,36.0627448413649],[-86.6970490303083,36.0627571568514],[-86.6970407527844,36.0627685600311],[-86.69703037678,36.0627787694237],[-86.6970181587178,36.0627875320869],[-86.6970043986273,36.0627946308775],[-86.6969894390974,36.0627998916684],[-86.6969736486348,36.0628031843456],[-86.6968795392375,36.0628144105309],[-86.69678610662,36.0628288908815],[-86.6966935214973,36.0628466000777],[-86.6966019522936,36.0628675047013],[-86.6965115673864,36.0628915659277],[-86.6962706613361,36.062273205081]]]},"properties":{"id":"216560","parcel":"14814008300","address":"3962 KEELEY DR","owner":"MOZO, BRITTANY RENEE","point":[-86.69670478564636,36.06249605615059]}},{"type":"Feature","id":"216564","geometry":{"type":"Polygon","coordinates":[[[-86.6957052109779,36.0624572312648],[-86.6958853571824,36.0623581187425],[-86.6961271102082,36.0622237622511],[-86.6961459664073,36.0622134868336],[-86.6962706613361,36.062273205081],[-86.6965115673864,36.0628915659277],[-86.6964162108029,36.0629207282522],[-86.6963222929303,36.062952821285],[-86.6962503787285,36.0629798760349],[-86.6961794458622,36.0630085888486],[-86.6961095518428,36.0630389359621],[-86.6957052109779,36.0624572312648]]]},"properties":{"id":"216564","parcel":"14814008400","address":"4722 PACKARD DR","owner":"TCM REAL ESTATE LLC","point":[-86.69614149680719,36.062674483201775]}},{"type":"Feature","id":"216568","geometry":{"type":"Polygon","coordinates":[[[-86.6954078347366,36.0626149843608],[-86.6955196447935,36.0625555510118],[-86.6956311185343,36.0624963934895],[-86.6956823111327,36.0624694505926],[-86.6957052109779,36.0624572312648],[-86.6961095518428,36.0630389359621],[-86.6960335940931,36.0630742886455],[-86.6959596312527,36.0631123264112],[-86.6958293137284,36.0631834052699],[-86.6954078347366,36.0626149843608]]]},"properties":{"id":"216568","parcel":"14814008500","address":"4720 PACKARD DR","owner":"SUUM, NANG KHEN","point":[-86.69576360722844,36.062826973148034]}},{"type":"Feature","id":"216572","geometry":{"type":"Polygon","coordinates":[[[-86.6951700651712,36.0627408010534],[-86.6951761292738,36.0627377440653],[-86.6956056825263,36.0633011738073],[-86.6953793829368,36.063423352891],[-86.6948797614574,36.0627790113497],[-86.6950027786381,36.0627629180365],[-86.6951700651712,36.0627408010534]]]},"properties":{"id":"216572","parcel":"14814008700","address":"4716 PACKARD DR","owner":"DIMINGUEZ, JULIO V.","point":[-86.69524442004908,36.06304009744797]}},{"type":"Feature","id":"216577","geometry":{"type":"Polygon","coordinates":[[[-86.6945347092445,36.0628244051283],[-86.6945766159039,36.0628189433991],[-86.6951503764809,36.063545549857],[-86.6948674851546,36.0636966223983],[-86.6942264932364,36.0628649143945],[-86.6942785401528,36.0628582965986],[-86.6944073012684,36.0628413470339],[-86.6945347092445,36.0628244051283]]]},"properties":{"id":"216577","parcel":"14814008900","address":"4712 PACKARD DR","owner":"HERNANDEZ, JUAN ANTONIO & JUANA ELSA","point":[-86.69468520736207,36.06320522480065]}},{"type":"Feature","id":"216582","geometry":{"type":"Polygon","coordinates":[[[-86.6937645972121,36.0634010659826],[-86.6939096334876,36.0632329316301],[-86.6939672423339,36.0631658443873],[-86.6944956588582,36.0638921633484],[-86.6944326941476,36.0639227029835],[-86.6943686212373,36.0639516834349],[-86.6942541520229,36.0639990528588],[-86.6941383368548,36.064044214562],[-86.6937645972121,36.0634010659826]]]},"properties":{"id":"216582","parcel":"14814009100","address":"4708 PACKARD DR","owner":"MORENO, LAURA E.","point":[-86.69411215927103,36.063646569374534]}},{"type":"Feature","id":"216586","geometry":{"type":"Polygon","coordinates":[[[-86.6932812527327,36.0634574158375],[-86.6935016281826,36.0634314240261],[-86.6935235980109,36.0634288253926],[-86.6938408583496,36.0641525152018],[-86.6937389629737,36.0641827963699],[-86.693635852676,36.0642102309705],[-86.6935316470646,36.064234785866],[-86.6932812527327,36.0634574158375]]]},"properties":{"id":"216586","parcel":"14814009300","address":"4704 PACKARD DR","owner":"MORENO, CARLOS & JUANA G","point":[-86.69354084928311,36.06380491419712]}},{"type":"Feature","id":"216590","geometry":{"type":"Polygon","coordinates":[[[-86.6954557862588,36.0610966450922],[-86.6957188360592,36.0608445890805],[-86.6957198820644,36.0608452644159],[-86.6957964182686,36.0608949630194],[-86.695914804601,36.0609687267619],[-86.6959256241767,36.0609768560904],[-86.6959345887038,36.0609863570721],[-86.6959414404659,36.0609969545004],[-86.6959459802979,36.0610083412853],[-86.6959480754517,36.0610201892239],[-86.6959476662944,36.0610321534677],[-86.6959447653336,36.0610438878502],[-86.695939456178,36.0610550530045],[-86.695931891405,36.0610653262899],[-86.695750207124,36.0612656947801],[-86.6957495958574,36.0612663697673],[-86.6954557862588,36.0610966450922]]]},"properties":{"id":"216590","parcel":"14814009700","address":"3994 KEELEY DR","owner":"GURUNG, DHAN","point":[-86.69571533652645,36.06105963056365]}},{"type":"Feature","id":"217202","geometry":{"type":"Polygon","coordinates":[[[-86.6900363262066,36.0606397668149],[-86.6902632559381,36.0605803948345],[-86.6903351804892,36.0605615777371],[-86.6904568599684,36.0608776569126],[-86.6903725513014,36.0608994913192],[-86.6902890340384,36.0609232426773],[-86.6902063712935,36.0609488935025],[-86.6900363262066,36.0606397668149]]]},"properties":{"id":"217202","parcel":"14814013400","address":"173 BRENDA CT","owner":"WILLIAMS, CHARLYNE A. & MICHAEL D.","point":[-86.69025639171124,36.06075873736717]}},{"type":"Feature","id":"217203","geometry":{"type":"Polygon","coordinates":[[[-86.6903351804892,36.0605615777371],[-86.6905053514613,36.0605170555032],[-86.6906272418882,36.0604851654181],[-86.6907140924753,36.0608284870123],[-86.6906277352692,36.0608427093532],[-86.6905419630381,36.0608591057894],[-86.6904568599684,36.0608776569126],[-86.6903351804892,36.0605615777371]]]},"properties":{"id":"217203","parcel":"14814013500","address":"177 BRENDA CT","owner":"SPACKMAN, PRUANNA & BROOMHEAD, CHRISTOPHER","point":[-86.69053342616768,36.06069505521636]}},{"type":"Feature","id":"217205","geometry":{"type":"Polygon","coordinates":[[[-86.6905988030787,36.0609619414078],[-86.690665972817,36.0609469863341],[-86.6907339743643,36.060934761861],[-86.6908026403806,36.0609252986887],[-86.690871802353,36.0609186203143],[-86.6909400848458,36.061300629524],[-86.6909292772573,36.0613028888136],[-86.6907402572496,36.0613545190414],[-86.6905988030787,36.0609619414078]]]},"properties":{"id":"217205","parcel":"14814014000","address":"182 BRENDA CT","owner":"CLEMONS, RILEY M. & ANNA L.","point":[-86.69078479962718,36.06113132519908]}},{"type":"Feature","id":"217207","geometry":{"type":"Polygon","coordinates":[[[-86.6904028125476,36.0626256232231],[-86.6904083461612,36.0626065897078],[-86.6904099449183,36.062587075813],[-86.690407563508,36.0625676153598],[-86.6904012698069,36.0625487379155],[-86.6903912325913,36.0625309598513],[-86.6903777291415,36.0625147653713],[-86.6903611251842,36.0625005976152],[-86.6907749879955,36.0624696539268],[-86.6907840054889,36.0625728941714],[-86.690793118545,36.0626871241509],[-86.6907990286943,36.062744228227],[-86.6904028125476,36.0626256232231]]]},"properties":{"id":"217207","parcel":"14814014600","address":"3929 BRADLEY CT","owner":"CIAU, MARIA JOSE BARRERA & CARMONA, ROXANA","point":[-86.69059756919783,36.062597319240396]}},{"type":"Feature","id":"217210","geometry":{"type":"Polygon","coordinates":[[[-86.6903216667546,36.0623206095971],[-86.6907599042465,36.0622917263933],[-86.6907717267061,36.0624059390519],[-86.6907749879955,36.0624696539268],[-86.6903611251842,36.0625005976152],[-86.6903509632587,36.0624909507659],[-86.6903426930731,36.0624801790911],[-86.6903365009915,36.0624685239699],[-86.6903325247265,36.0624562486909],[-86.6903308554642,36.0624436276243],[-86.6903216667546,36.0623206095971]]]},"properties":{"id":"217210","parcel":"14814014700","address":"3925 BRADLEY CT","owner":"HALL, JONATHON & GATTO, JAIME","point":[-86.69054609004523,36.062363272969456]}},{"type":"Feature","id":"217211","geometry":{"type":"Polygon","coordinates":[[[-86.690191112238,36.0619363195706],[-86.690136197981,36.0618461412388],[-86.6905779636597,36.0616785133583],[-86.6905835107089,36.0616938638343],[-86.6906634333079,36.061858233177],[-86.6902406061944,36.0620252085312],[-86.6902171283736,36.0619802984818],[-86.690191112238,36.0619363195706]]]},"properties":{"id":"217211","parcel":"14814015000","address":"3913 BRADLEY CT","owner":"MCCLAIN, MARTINA & LAMAR","point":[-86.69040014575995,36.061852188350294]}},{"type":"Feature","id":"217214","geometry":{"type":"Polygon","coordinates":[[[-86.6902022669478,36.0632205400236],[-86.6901616259948,36.0632159905075],[-86.690224237538,36.0629453146263],[-86.6904708460155,36.0629790649949],[-86.6903893077523,36.0632520467499],[-86.6903274608925,36.0632396504772],[-86.6902650843095,36.063229142697],[-86.6902022669478,36.0632205400236]]]},"properties":{"id":"217214","parcel":"14814015200","address":"4608 PACKARD DR","owner":"RESIDENTIAL HOME BUYER NASHVILLE, LLC","point":[-86.69031223710643,36.06309751752173]}},{"type":"Feature","id":"217215","geometry":{"type":"Polygon","coordinates":[[[-86.690793118545,36.0626871241509],[-86.6907840054889,36.0625728941714],[-86.6912197505417,36.062568197892],[-86.6912189312427,36.0626152758765],[-86.6912138100632,36.0626621757406],[-86.6912044158097,36.0627086368465],[-86.6911908006461,36.0627544038302],[-86.6911730389679,36.0627992248048],[-86.690793118545,36.0626871241509]]]},"properties":{"id":"217215","parcel":"14814015700","address":"115 BRENDA LN","owner":"VARGAS, ORFANELY DIAZ","point":[-86.6910016297337,36.06267464540145]}},{"type":"Feature","id":"217218","geometry":{"type":"Polygon","coordinates":[[[-86.6907731877887,36.0620290253127],[-86.6912011477563,36.0620243736985],[-86.6912020311085,36.0620870035375],[-86.6912059426691,36.0622254358326],[-86.6907567418245,36.0622389994329],[-86.6907446744008,36.0620962182933],[-86.6907555377563,36.0620615421317],[-86.6907731877887,36.0620290253127]]]},"properties":{"id":"217218","parcel":"14814016000","address":"127 BRENDA LN","owner":"SUN, MOM SO & SIM","point":[-86.69097710979815,36.062160831928175]}},{"type":"Feature","id":"217337","geometry":{"type":"Polygon","coordinates":[[[-86.690317951343,36.0610360740766],[-86.6904104930837,36.0610087289512],[-86.6905041476116,36.0609840082351],[-86.6905988030787,36.0609619414078],[-86.6907402572496,36.0613545190414],[-86.690537703064,36.0614062274106],[-86.6905269156536,36.0614106838851],[-86.690317951343,36.0610360740766]]]},"properties":{"id":"217337","parcel":"14814013200","address":"178 BRENDA CT","owner":"KING, JUDITH G.","point":[-86.69054481048842,36.061195337291956]}},{"type":"Feature","id":"217339","geometry":{"type":"Polygon","coordinates":[[[-86.6912263946297,36.0607941249867],[-86.6912309441432,36.0603956832625],[-86.6916166443191,36.0604945455211],[-86.6915976815084,36.0605448821437],[-86.6915824122085,36.0605960411747],[-86.6915708881357,36.0606478420613],[-86.691563151025,36.0607001052091],[-86.6915581213372,36.0607440880218],[-86.6915562878696,36.0607544525241],[-86.6915524142234,36.0607644393759],[-86.6915466013502,36.0607737866249],[-86.6915390024961,36.0607822464387],[-86.691529817753,36.0607895968539],[-86.6915192896434,36.0607956445046],[-86.6915076953812,36.0608002282724],[-86.6914953402983,36.0608032292377],[-86.6914825500514,36.0608045680217],[-86.6914696617736,36.0608042084412],[-86.6913532231791,36.0607982825579],[-86.6912898830829,36.0607947144378],[-86.6912263946297,36.0607941249867]]]},"properties":{"id":"217339","parcel":"14814013800","address":"189 BRENDA CT","owner":"BISHOP, DONNA K.","point":[-86.69140251054006,36.06062149345986]}},{"type":"Feature","id":"217341","geometry":{"type":"Polygon","coordinates":[[[-86.6987327056994,36.0607645201759],[-86.6991531412138,36.0604821495143],[-86.6991051850842,36.0607997213689],[-86.6988807224713,36.0609370056951],[-86.6987821880491,36.0608125828674],[-86.6987327056994,36.0607645201759]]]},"properties":{"id":"217341","parcel":"14814014200","address":"123 COLEMONT CT","owner":"RS RENTAL III A, LLC","point":[-86.69903733662849,36.06062357210223]}},{"type":"Feature","id":"217343","geometry":{"type":"Polygon","coordinates":[[[-86.6902960289551,36.0621735105654],[-86.6907446744008,36.0620962182933],[-86.6907567418245,36.0622389994329],[-86.6907599042465,36.0622917263933],[-86.6903216667546,36.0623206095971],[-86.6903102279116,36.0622469012133],[-86.6902960289551,36.0621735105654]]]},"properties":{"id":"217343","parcel":"14814014800","address":"3921 BRADLEY CT","owner":"AYOOB, AYOOB","point":[-86.6905281380632,36.06220625974511]}},{"type":"Feature","id":"217345","geometry":{"type":"Polygon","coordinates":[[[-86.6903893077523,36.0632520467499],[-86.6904708460155,36.0629790649949],[-86.6904898116759,36.0629811545883],[-86.6905704754982,36.0629191562558],[-86.6907094867785,36.0630304428102],[-86.6906090228604,36.0633057314006],[-86.6905369110636,36.0632848868072],[-86.6904636115161,36.0632669772533],[-86.6903893077523,36.0632520467499]]]},"properties":{"id":"217345","parcel":"14814015300","address":"4612 PACKARD DR","owner":"JURADO PROPERTIES LLC","point":[-86.69054571988104,36.06314123539537]}},{"type":"Feature","id":"217347","geometry":{"type":"Polygon","coordinates":[[[-86.6906090228604,36.0633057314006],[-86.6907094867785,36.0630304428102],[-86.6909648459931,36.0631366667272],[-86.6909619471527,36.0631410789176],[-86.6908473049995,36.0633153544106],[-86.6908403711482,36.06332488109],[-86.6908316143591,36.0633333610083],[-86.690821271324,36.0633405674867],[-86.6908096189768,36.0633463060627],[-86.6907969690383,36.0633504253358],[-86.6907836602066,36.0633528125064],[-86.6907700515985,36.0633534051301],[-86.6907565049508,36.0633521867133],[-86.6907433857531,36.0633491894104],[-86.6906766095024,36.0633266352281],[-86.6906090228604,36.0633057314006]]]},"properties":{"id":"217347","parcel":"14814015400","address":"103 BRENDA LN","owner":"LOVE, DEBORAH 0.","point":[-86.69077339441166,36.06322337410159]}},{"type":"Feature","id":"217349","geometry":{"type":"Polygon","coordinates":[[[-86.690686095758,36.0628305859298],[-86.6907990286943,36.062744228227],[-86.690793118545,36.0626871241509],[-86.6911730389679,36.0627992248048],[-86.6911591435915,36.0628307746976],[-86.6911431555706,36.0628616651294],[-86.6911251229356,36.0628918029914],[-86.6910636916924,36.0629866559795],[-86.690686095758,36.0628305859298]]]},"properties":{"id":"217349","parcel":"14814015600","address":"111 BRENDA LN","owner":"MITCHELL, DAVID, JR.","point":[-86.69093668840931,36.06284618263229]}},{"type":"Feature","id":"217351","geometry":{"type":"Polygon","coordinates":[[[-86.6907567418245,36.0622389994329],[-86.6912059426691,36.0622254358326],[-86.6912128269185,36.0623946191918],[-86.6907717267061,36.0624059390519],[-86.6907599042465,36.0622917263933],[-86.6907567418245,36.0622389994329]]]},"properties":{"id":"217351","parcel":"14814015900","address":"123 BRENDA LN","owner":"HUNTER, BESSIE L.","point":[-86.6909879638072,36.062343177126245]}},{"type":"Feature","id":"217353","geometry":{"type":"Polygon","coordinates":[[[-86.690963367659,36.0617993735005],[-86.690983870961,36.0618080317896],[-86.6910058838386,36.0618137450295],[-86.6910287699144,36.0618163483272],[-86.6910518691748,36.0618157670543],[-86.6910745135176,36.0618120176592],[-86.6910960478344,36.0618052066449],[-86.6911149319929,36.0617979556725],[-86.6911355410368,36.0617942657041],[-86.6911568550744,36.0617944183805],[-86.6911771926497,36.0617986973346],[-86.6911958696748,36.0618065567049],[-86.6912139328537,36.0618215622883],[-86.6912214684813,36.0618322335685],[-86.6912236204995,36.0618462308252],[-86.691219325135,36.0618739772289],[-86.6912132751363,36.0619015074715],[-86.6912058600534,36.0619422124365],[-86.6912018122101,36.0619832297646],[-86.6912011477563,36.0620243736985],[-86.6907731877887,36.0620290253127],[-86.690963367659,36.0617993735005]]]},"properties":{"id":"217353","parcel":"14814016100","address":"200 BRENDA CIR","owner":"TAMAYO, JORGE & RITA","point":[-86.69103612100847,36.061921413042256]}},{"type":"Feature","id":"217800","geometry":{"type":"Polygon","coordinates":[[[-86.6902208055442,36.0613816699666],[-86.6900643364046,36.0611298297914],[-86.6901237093561,36.0611056499263],[-86.6901836960828,36.0610824885762],[-86.6902504664964,36.0610586006663],[-86.690317951343,36.0610360740766],[-86.6905269156536,36.0614106838851],[-86.6904539909107,36.0614286839438],[-86.6902784638461,36.061475840575],[-86.6902208055442,36.0613816699666]]]},"properties":{"id":"217800","parcel":"14814013300","address":"174 BRENDA CT","owner":"BUGNO, JAMES M. & TEMPLE, KATHERINE HAZEL","point":[-86.69029174557731,36.0612561354011]}},{"type":"Feature","id":"217801","geometry":{"type":"Polygon","coordinates":[[[-86.6909293521584,36.0604061225108],[-86.6909895391299,36.0603903753916],[-86.6912317287402,36.0603270097176],[-86.6912309441432,36.0603956832625],[-86.6912263946297,36.0607941249867],[-86.6911989105461,36.0607947728993],[-86.6911241842152,36.0607944380097],[-86.6910494985794,36.0607964849414],[-86.6909749701549,36.0608009103225],[-86.6909293521584,36.0604061225108]]]},"properties":{"id":"217801","parcel":"14814013700","address":"185 BRENDA CT","owner":"JONES, ADA B. & LAWRENCE","point":[-86.6910901684374,36.06060015552663]}},{"type":"Feature","id":"217802","geometry":{"type":"Polygon","coordinates":[[[-86.6982101866374,36.0615969062397],[-86.6989035654243,36.0612646056021],[-86.6989560454388,36.0613388097954],[-86.6990057072275,36.0614142812954],[-86.6990160235882,36.0614331773384],[-86.6983583268158,36.0617716403651],[-86.6983578870078,36.0617718664325],[-86.6982101866374,36.0615969062397]]]},"properties":{"id":"217802","parcel":"14814014300","address":"132 COLEMONT CT","owner":"BAGGETT, GLORIA DEAN & JOHN PAUL","point":[-86.69861898861515,36.061515057259605]}},{"type":"Feature","id":"217803","geometry":{"type":"Polygon","coordinates":[[[-86.6904708460155,36.0629790649949],[-86.690224237538,36.0629453146263],[-86.6900318188677,36.0629178464529],[-86.6902057447078,36.0626860916219],[-86.6902264796598,36.0626929037794],[-86.6902482269198,36.0626971531871],[-86.6902705094763,36.0626987479411],[-86.6902928363731,36.0626976520975],[-86.6903147193982,36.062693890083],[-86.6903356786188,36.0626875448613],[-86.6904898116759,36.0629811545883],[-86.6904708460155,36.0629790649949]]]},"properties":{"id":"217803","parcel":"14814014400","address":"3928 BRADLEY CT","owner":"MALONE, ROMY & JACKLIN D.","point":[-86.69025675494711,36.06280857014079]}},{"type":"Feature","id":"217804","geometry":{"type":"Polygon","coordinates":[[[-86.6902406061944,36.0620252085312],[-86.6906634333079,36.061858233177],[-86.6907555377563,36.0620615421317],[-86.6907446744008,36.0620962182933],[-86.6902960289551,36.0621735105654],[-86.6902737112948,36.062107416357],[-86.6902488712851,36.062041917918],[-86.6902406061944,36.0620252085312]]]},"properties":{"id":"217804","parcel":"14814014900","address":"3917 BRADLEY CT","owner":"JUNEAU, MARIA & ANDRE","point":[-86.69057678363153,36.06194204314831]}},{"type":"Feature","id":"217805","geometry":{"type":"Polygon","coordinates":[[[-86.6900393678985,36.0616832446115],[-86.6904953150659,36.0615119595298],[-86.6905779636597,36.0616785133583],[-86.690136197981,36.0618461412388],[-86.6900393678985,36.0616832446115]]]},"properties":{"id":"217805","parcel":"14814015100","address":"3909 BRADLEY CT","owner":"EPPERSON, NANCY ANN","point":[-86.69030870583477,36.06168087939089]}},{"type":"Feature","id":"218029","geometry":{"type":"Polygon","coordinates":[[[-86.6905704754982,36.0629191562558],[-86.690686095758,36.0628305859298],[-86.6910636916924,36.0629866559795],[-86.6909648459931,36.0631366667272],[-86.6907094867785,36.0630304428102],[-86.6905704754982,36.0629191562558]]]},"properties":{"id":"218029","parcel":"14814015500","address":"107 BRENDA LN","owner":"NGUYEN, DUNG VAN & THU NGOC","point":[-86.69079752284027,36.06295285591782]}},{"type":"Feature","id":"218030","geometry":{"type":"Polygon","coordinates":[[[-86.6907749879955,36.0624696539268],[-86.6907717267061,36.0624059390519],[-86.6912128269185,36.0623946191918],[-86.691216528236,36.0625088783787],[-86.6912195109816,36.0625384892614],[-86.6912197505417,36.062568197892],[-86.6907840054889,36.0625728941714],[-86.6907749879955,36.0624696539268]]]},"properties":{"id":"218030","parcel":"14814015800","address":"119 BRENDA LN","owner":"MORALES, JUAN","point":[-86.69099628149014,36.06248926770506]}},{"type":"Feature","id":"218114","geometry":{"type":"Polygon","coordinates":[[[-86.6910103288067,36.0615969159681],[-86.690951617455,36.0613818783947],[-86.6913858162189,36.0615112504175],[-86.6913193204572,36.0616456909948],[-86.6913109892515,36.0616605739553],[-86.6913016030107,36.0616702958903],[-86.6912905017834,36.0616787442284],[-86.691277944698,36.0616857201011],[-86.6912642256061,36.0616910604925],[-86.6912442923938,36.0616944708138],[-86.6912239883015,36.0616940383702],[-86.6912043278148,36.0616897528373],[-86.6911866653381,36.0616818876505],[-86.6911713453009,36.0616709897188],[-86.691159725504,36.0616575956345],[-86.691148643043,36.061641657741],[-86.6911344088345,36.0616274647837],[-86.6911174315805,36.061615423602],[-86.6910981971472,36.0616058793057],[-86.6910772551595,36.0615991054374],[-86.6910552067207,36.0615952959318],[-86.6910326832682,36.0615945589274],[-86.6910103288067,36.0615969159681]]]},"properties":{"id":"218114","parcel":"14814016500","address":"135 BRENDA LN","owner":"NELMS, JOSEPH CARTER","point":[-86.69118158955114,36.06155283354914]}},{"type":"Feature","id":"218115","geometry":{"type":"Polygon","coordinates":[[[-86.6914075130824,36.0617495766511],[-86.6914367889173,36.0616922680469],[-86.6919117228154,36.0618367885581],[-86.6918802960377,36.0619578432019],[-86.6913651260585,36.0618553090676],[-86.6914075130824,36.0617495766511]]]},"properties":{"id":"218115","parcel":"14814017100","address":"122 BRENDA LN","owner":"GARCIA, OCTAVIO & MARTINEZ, MARIA LOURDES G.","point":[-86.69157982939315,36.06179297761306]}},{"type":"Feature","id":"218116","geometry":{"type":"Polygon","coordinates":[[[-86.6913373414218,36.0620840274838],[-86.6913370546433,36.0620510654764],[-86.6918702729144,36.0620502059971],[-86.6918579645399,36.062190927816],[-86.6913410238029,36.0621960912511],[-86.6913373414218,36.0620840274838]]]},"properties":{"id":"218116","parcel":"14814017300","address":"114 BRENDA LN","owner":"SUN, SIM ET UX","point":[-86.69160082795605,36.0621374861006]}},{"type":"Feature","id":"218117","geometry":{"type":"Polygon","coordinates":[[[-86.6913518392906,36.0625059050129],[-86.6913450334305,36.0623455114613],[-86.6918403766498,36.0623470648923],[-86.6918379000999,36.0623734516503],[-86.6918254959676,36.0625031873226],[-86.6913518392906,36.0625059050129]]]},"properties":{"id":"218117","parcel":"14814017500","address":"106 BRENDA LN","owner":"JENKINS, STEVEN A. & KIM L.","point":[-86.69159030840432,36.06243769869022]}},{"type":"Feature","id":"218118","geometry":{"type":"Polygon","coordinates":[[[-86.6909695598026,36.0633673978187],[-86.6910710546355,36.0632107798811],[-86.6913644420288,36.0633321680725],[-86.6911741438417,36.0635486343804],[-86.6910877671757,36.0635010901933],[-86.6910000967507,36.0634551315132],[-86.6909893834321,36.0634483512659],[-86.6909801208704,36.063440283776],[-86.6909725406157,36.0634311323084],[-86.690966832249,36.0634211247034],[-86.690963137817,36.0634105116059],[-86.6909615506509,36.0633995583602],[-86.6909621097625,36.0633885387341],[-86.690964803119,36.0633777285899],[-86.6909695598026,36.0633673978187]]]},"properties":{"id":"218118","parcel":"14814018100","address":"82 BRENDA LN","owner":"RAMIREZ, LILIANA GUADARRAMA & GUADARRAMA, FACUNDO","point":[-86.69114114457929,36.063383591614894]}},{"type":"Feature","id":"218119","geometry":{"type":"Polygon","coordinates":[[[-86.6911741438417,36.0635486343804],[-86.6913644420288,36.0633321680725],[-86.6914703857915,36.063375514285],[-86.6915610601946,36.0635310310635],[-86.6913865245485,36.0636924621531],[-86.6913083398605,36.0636366243669],[-86.6912279016954,36.0635829373035],[-86.6912010233255,36.063565786743],[-86.6911741438417,36.0635486343804]]]},"properties":{"id":"218119","parcel":"14814018200","address":"4624 PACKARD DR","owner":"GRANADOS, JAIME ALEJANDRO CASTRO REVOCABLE TRUST","point":[-86.6913871413095,36.06345294171952]}},{"type":"Feature","id":"218168","geometry":{"type":"Polygon","coordinates":[[[-86.6992176088409,36.0631176454581],[-86.699392355126,36.0620595365565],[-86.6995809661151,36.0620771229781],[-86.6997932791801,36.062096768836],[-86.6996185381439,36.0631548774084],[-86.6992176088409,36.0631176454581]]]},"properties":{"id":"218168","parcel":"14814007500","address":"4900 PACKARD DR","owner":"KINDER, KYLE & MAXWELL, WHITNEY","point":[-86.69950544583487,36.06260720752308]}},{"type":"Feature","id":"218169","geometry":{"type":"Polygon","coordinates":[[[-86.6976829946122,36.0628232548956],[-86.697840238355,36.0622355564384],[-86.6981299833752,36.0619415858311],[-86.6983141852784,36.0619581001993],[-86.6979758876788,36.0628874901398],[-86.6978755337261,36.0628638968989],[-86.6977796795731,36.062842279283],[-86.6976829946122,36.0628232548956]]]},"properties":{"id":"218169","parcel":"14814007900","address":"4890 PACKARD DR","owner":"LIAN, THANG S.","point":[-86.69793376612962,36.062529839616104]}},{"type":"Feature","id":"218170","geometry":{"type":"Polygon","coordinates":[[[-86.6947421139851,36.060579905226],[-86.6950547764227,36.0603528376502],[-86.6950748939708,36.0603703039475],[-86.6951168824398,36.0604064503681],[-86.6951607338374,36.0604411061162],[-86.6952063688202,36.0604742103599],[-86.6952537035964,36.0605057013918],[-86.6952640135172,36.0605135741489],[-86.6952725730387,36.0605227269157],[-86.6952791446088,36.0605329050972],[-86.6952835448349,36.0605438276488],[-86.6952856545045,36.0605551906234],[-86.6952854131544,36.0605666807219],[-86.6952828290915,36.0605779788409],[-86.6952779717422,36.0605887736356],[-86.6952709772253,36.060598764192],[-86.6952620395988,36.0606076744978],[-86.6952546526188,36.0606141685206],[-86.6952007330338,36.0606600612208],[-86.6951445641459,36.0607041390583],[-86.6950862374516,36.0607463293995],[-86.6950258500219,36.0607865622825],[-86.6949635000699,36.060824771344],[-86.6947421139851,36.060579905226]]]},"properties":{"id":"218170","parcel":"14814009900","address":"4000 KEELEY DR","owner":"HARO, LUIS RICARDO VARGAS","point":[-86.69501396213344,36.06059310641287]}},{"type":"Feature","id":"218171","geometry":{"type":"Polygon","coordinates":[[[-86.6958137785817,36.0603660407113],[-86.6958369874702,36.0603505226563],[-86.6959231732068,36.0603016755178],[-86.6961005452317,36.0605432228],[-86.6958939678492,36.0607531970138],[-86.6957523469208,36.0606531948084],[-86.6956570384738,36.06058753908],[-86.6956469727178,36.0605795405695],[-86.6956387240528,36.060570272473],[-86.6956325323543,36.0605600010885],[-86.6956285767331,36.0605490255113],[-86.6956269732054,36.0605376650291],[-86.6956277679306,36.0605262474439],[-86.69563093607,36.060515105474],[-86.6956363883121,36.0605045613941],[-86.6956439652762,36.0604949216603],[-86.6956534474072,36.0604864660369],[-86.6957322170201,36.0604250275973],[-86.6958137785817,36.0603660407113]]]},"properties":{"id":"218171","parcel":"14814010000","address":"3997 KEELEY DR","owner":"ABDULLATIF, REBER & YAHYA, ZOZAN","point":[-86.69586025514572,36.06053254731289]}},{"type":"Feature","id":"218172","geometry":{"type":"Polygon","coordinates":[[[-86.6962404567773,36.0619151540995],[-86.6969633121392,36.061701920285],[-86.6969814774527,36.06174388732],[-86.6969967544054,36.0617866065044],[-86.69700909633,36.0618299465213],[-86.6970283799684,36.0619454890452],[-86.696275725918,36.0619630250089],[-86.6962404567773,36.0619151540995]]]},"properties":{"id":"218172","parcel":"14814010300","address":"3964 KEELEY DR","owner":"MANG, GIN","point":[-86.69670164755425,36.06187274544409]}},{"type":"Feature","id":"218245","geometry":{"type":"Polygon","coordinates":[[[-86.6961499846239,36.0617838147892],[-86.6965457498766,36.0613101210446],[-86.6965974720114,36.0613368679569],[-86.696646953069,36.061366278485],[-86.6966939843804,36.0613982276575],[-86.6967383694219,36.0614325832227],[-86.6967799215475,36.061469200254],[-86.6961873404579,36.0618382665868],[-86.6961499846239,36.0617838147892]]]},"properties":{"id":"218245","parcel":"14814010500","address":"3976 KEELEY DR","owner":"THAI, HOA THI & LUY DUC TRUONG","point":[-86.6964044471355,36.061626354717646]}},{"type":"Feature","id":"218246","geometry":{"type":"Polygon","coordinates":[[[-86.6965712719485,36.0611338827989],[-86.6969326875759,36.0606790671637],[-86.6971251417703,36.06071091969],[-86.6972579544453,36.0607321284483],[-86.6972743100595,36.0607452196637],[-86.6967698726794,36.061249212728],[-86.6967187114208,36.0612170576288],[-86.6966664637986,36.0611860777561],[-86.6965712719485,36.0611338827989]]]},"properties":{"id":"218246","parcel":"14814011000","address":"3979 KEELEY DR","owner":"SMITH, KAREN LESLIE","point":[-86.69690275147379,36.06093950108534]}},{"type":"Feature","id":"218247","geometry":{"type":"Polygon","coordinates":[[[-86.6970591590832,36.0615200559316],[-86.6978035514067,36.061216861187],[-86.6979399387038,36.0613369449326],[-86.6980790540659,36.0614592109623],[-86.697155296451,36.061679931703],[-86.6971265627811,36.0616253537228],[-86.6970944910679,36.0615720171859],[-86.6970591590832,36.0615200559316]]]},"properties":{"id":"218247","parcel":"14814011300","address":"3967 KEELEY DR","owner":"HARDESTY, BENSON J. & BARBARA L.","point":[-86.69768606913405,36.061397262756884]}},{"type":"Feature","id":"218248","geometry":{"type":"Polygon","coordinates":[[[-86.6972743100595,36.0607452196637],[-86.6972579544453,36.0607321284483],[-86.6979227873902,36.0603087936288],[-86.6979484550303,36.0603317504015],[-86.6979756220678,36.0603535412331],[-86.6980320266363,36.0603972794277],[-86.6980873722968,36.0604419006813],[-86.6974789017266,36.0609264456366],[-86.6972743100595,36.0607452196637]]]},"properties":{"id":"218248","parcel":"14814011500","address":"108 COLEMONT CT","owner":"RODRIGUEZ, MARISOL HERNANDEZ & DELFIN, SAMANTHA C","point":[-86.69769549980407,36.060587072876395]}},{"type":"Feature","id":"218249","geometry":{"type":"Polygon","coordinates":[[[-86.6980790540659,36.0614592109623],[-86.6987844974199,36.0610751946612],[-86.6988455391891,36.061168243852],[-86.6989035654243,36.0612646056021],[-86.6982101866374,36.0615969062397],[-86.6980790540659,36.0614592109623]]]},"properties":{"id":"218249","parcel":"14814012000","address":"128 COLEMONT CT","owner":"AL JORANI, HAMID H. & ZAINAB K.","point":[-86.69847915826367,36.061361878429366]}},{"type":"Feature","id":"218250","geometry":{"type":"Polygon","coordinates":[[[-86.6913615737193,36.0609026261987],[-86.6914753063545,36.0609085666972],[-86.6914886740641,36.0609098058864],[-86.691501594634,36.0609128538182],[-86.6915136987944,36.0609176251862],[-86.6915246401297,36.0609239822789],[-86.6915341084844,36.0609317448161],[-86.6915418310731,36.0609406899427],[-86.6915475903418,36.0609505638433],[-86.6915512195436,36.0609610835694],[-86.6915526161609,36.0609719486796],[-86.6915517397635,36.0609828502646],[-86.6915439996535,36.0610391106306],[-86.6915336307745,36.0610950913567],[-86.6915259383924,36.0611289049006],[-86.6915131127142,36.0611774550908],[-86.6914981956072,36.0612256089946],[-86.6914812043175,36.0612733079288],[-86.6914652922222,36.0613130008485],[-86.6910427013258,36.0612736686944],[-86.6911663660178,36.0611762515725],[-86.6911639576511,36.06089936397],[-86.6912298650692,36.0608984380384],[-86.691295767802,36.0608995255723],[-86.6913615737193,36.0609026261987]]]},"properties":{"id":"218250","parcel":"14814012900","address":"143 BRENDA LN","owner":"BUGG, RANDEL M. ET UX","point":[-86.69134779178471,36.06111152968017]}},{"type":"Feature","id":"218309","geometry":{"type":"Polygon","coordinates":[[[-86.690537703064,36.0614062274106],[-86.6907402572496,36.0613545190414],[-86.6909292772573,36.0613028888136],[-86.690951617455,36.0613818783947],[-86.6910103288067,36.0615969159681],[-86.690987960117,36.0616037641973],[-86.6909668138642,36.0616128162705],[-86.6909472173944,36.0616239315137],[-86.6909294722496,36.0616369378561],[-86.690537703064,36.0614062274106]]]},"properties":{"id":"218309","parcel":"14814016400","address":"205 BRENDA CIR","owner":"SIDDIQI, MUHKTAR","point":[-86.69084186241382,36.06150174691669]}},{"type":"Feature","id":"218310","geometry":{"type":"Polygon","coordinates":[[[-86.6909400848458,36.061300629524],[-86.6910427013258,36.0612736686944],[-86.6914652922222,36.0613130008485],[-86.6914815513923,36.0613151058108],[-86.6913858162189,36.0615112504175],[-86.690951617455,36.0613818783947],[-86.6909292772573,36.0613028888136],[-86.6909400848458,36.061300629524]]]},"properties":{"id":"218310","parcel":"14814016600","address":"139 BRENDA LN","owner":"OFFUTT, JOANN F.","point":[-86.69129289645824,36.06144688445701]}},{"type":"Feature","id":"218311","geometry":{"type":"Polygon","coordinates":[[[-86.6916676542888,36.0612393159435],[-86.6916863237986,36.0611812849148],[-86.6917018221568,36.0611226420811],[-86.6922168188457,36.0612053952246],[-86.6921829918356,36.0613616265535],[-86.6916676542888,36.0612393159435]]]},"properties":{"id":"218311","parcel":"14814016700","address":"138 BRENDA LN","owner":"KAVANAGH PROPERTIES, LLC","point":[-86.69206070266246,36.06130081936654]}},{"type":"Feature","id":"218312","geometry":{"type":"Polygon","coordinates":[[[-86.6915804006451,36.0613991496735],[-86.6915990216709,36.0613616817945],[-86.6916125736242,36.0613638022728],[-86.6916676542888,36.0612393159435],[-86.6921829918356,36.0613616265535],[-86.6919956160465,36.061524233751],[-86.6915804006451,36.0613991496735]]]},"properties":{"id":"218312","parcel":"14814016800","address":"134 BRENDA LN","owner":"XAYARATH, KEO S. ET UX","point":[-86.69187382403172,36.06138218915456]}},{"type":"Feature","id":"218313","geometry":{"type":"Polygon","coordinates":[[[-86.6913370546433,36.0620510654764],[-86.6913366515689,36.0620114986069],[-86.6913392738366,36.061971987389],[-86.691344909455,36.06193268511],[-86.6913535386397,36.0618937423976],[-86.6913651260585,36.0618553090676],[-86.6918802960377,36.0619578432019],[-86.6918753992552,36.0620172066086],[-86.6918702729144,36.0620502059971],[-86.6913370546433,36.0620510654764]]]},"properties":{"id":"218313","parcel":"14814017200","address":"118 BRENDA LN","owner":"KONG, VIRAC & SARIN SO","point":[-86.69158148850855,36.0619451844072]}},{"type":"Feature","id":"218314","geometry":{"type":"Polygon","coordinates":[[[-86.6913410238029,36.0621960912511],[-86.6918579645399,36.062190927816],[-86.6918552966531,36.0621953378025],[-86.6918403766498,36.0623470648923],[-86.6913450334305,36.0623455114613],[-86.6913410238029,36.0621960912511]]]},"properties":{"id":"218314","parcel":"14814017400","address":"110 BRENDA LN","owner":"SUN, SIM & MOM SO","point":[-86.69159538845558,36.06227145087402]}},{"type":"Feature","id":"218315","geometry":{"type":"Polygon","coordinates":[[[-86.691255346183,36.0629262190304],[-86.6912809855765,36.0628795764304],[-86.6913031526222,36.0628317766592],[-86.6913217688639,36.0627829878081],[-86.6917313480631,36.0628817325803],[-86.6916541576044,36.0630316187261],[-86.6916274930826,36.0630779238968],[-86.691255346183,36.0629262190304]]]},"properties":{"id":"218315","parcel":"14814017800","address":"94 BRENDA LN","owner":"HARRIS, ROSEZENA TRUST, THE","point":[-86.69153258810259,36.06297911936258]}},{"type":"Feature","id":"218316","geometry":{"type":"Polygon","coordinates":[[[-86.6913865245485,36.0636924621531],[-86.6915610601946,36.0635310310635],[-86.6918191485943,36.0636394348512],[-86.6917872140104,36.0636851745473],[-86.6917517363495,36.0637291617379],[-86.6917128638667,36.063771212608],[-86.6916707549338,36.0638111577052],[-86.6916600246053,36.0638181213275],[-86.691648028824,36.0638235573197],[-86.6916350948592,36.0638273150915],[-86.6916215759496,36.0638292943756],[-86.6916078412742,36.0638294407789],[-86.6915942626563,36.0638277485627],[-86.6915812123891,36.0638242660632],[-86.691569045406,36.0638190876818],[-86.6915580948398,36.0638123539104],[-86.6913865245485,36.0636924621531]]]},"properties":{"id":"218316","parcel":"14814018300","address":"4628 PACKARD DR","owner":"PEREZ, QUIRINO GONZALEZ & GARCIA, OFELIA RODRUGUEZ","point":[-86.6916116883733,36.06366181221366]}},{"type":"Feature","id":"218317","geometry":{"type":"Polygon","coordinates":[[[-86.6899178768416,36.0631998036265],[-86.6899345718869,36.0629403800898],[-86.689999396481,36.0629246249667],[-86.6900318188677,36.0629178464529],[-86.690224237538,36.0629453146263],[-86.6901616259948,36.0632159905075],[-86.6900805774342,36.0632087061899],[-86.6899993055,36.0632033085871],[-86.6899178768416,36.0631998036265]]]},"properties":{"id":"218317","parcel":"14815025900","address":"4604 PACKARD DR","owner":"FOSTER, ANDRE & MARIO & WILSON, ANGELA","point":[-86.69006040985286,36.06307253169745]}},{"type":"Feature","id":"218386","geometry":{"type":"Polygon","coordinates":[[[-86.6916274930826,36.0630779238968],[-86.6916541576044,36.0630316187261],[-86.6920530838086,36.0631502022654],[-86.6919840325073,36.0633022401211],[-86.6915715714009,36.0631837340108],[-86.6916274930826,36.0630779238968]]]},"properties":{"id":"218386","parcel":"14814019000","address":"4713 COLEMONT PL","owner":"RODRIGUEZ, MAYRA JANETH GONZALEZ","point":[-86.69181297215394,36.06316697003711]}},{"type":"Feature","id":"218387","geometry":{"type":"Polygon","coordinates":[[[-86.6918702729144,36.0620502059971],[-86.6918753992552,36.0620172066086],[-86.69230056444,36.0620411397193],[-86.6922858942186,36.062221436223],[-86.6918552966531,36.0621953378025],[-86.6918579645399,36.062190927816],[-86.6918702729144,36.0620502059971]]]},"properties":{"id":"218387","parcel":"14814019600","address":"4737 COLEMONT PL","owner":"JURADO PROPERTIES LLC","point":[-86.69207906527876,36.062121119229346]}},{"type":"Feature","id":"218388","geometry":{"type":"Polygon","coordinates":[[[-86.6925382526283,36.0616727586662],[-86.6927518120483,36.0614089055143],[-86.6928682910692,36.0614192244932],[-86.6931445718884,36.0614418112249],[-86.693051812902,36.0615906891998],[-86.6930464728766,36.0615995110548],[-86.6925847051613,36.0617230386182],[-86.6925766308101,36.0617085256287],[-86.692566038581,36.0616951221691],[-86.6925531540865,36.0616831144532],[-86.6925382526283,36.0616727586662]]]},"properties":{"id":"218388","parcel":"14814020100","address":"4736 COLEMONT PL","owner":"ALTIMIMI, YONAS","point":[-86.69288200890186,36.0615156965618]}},{"type":"Feature","id":"218389","geometry":{"type":"Polygon","coordinates":[[[-86.6925719575846,36.061813217997],[-86.692582113573,36.0617964362679],[-86.6925885985486,36.0617784949462],[-86.6925912250507,36.0617599187571],[-86.6925899134601,36.0617412516343],[-86.6925847051613,36.0617230386182],[-86.6930464728766,36.0615995110548],[-86.6929583849583,36.0617406705118],[-86.6929156550665,36.0618068470845],[-86.6928861503056,36.0618377848197],[-86.6925719575846,36.061813217997]]]},"properties":{"id":"218389","parcel":"14814020200","address":"4732 COLEMONT PL","owner":"FULTZ, HARRIET E.","point":[-86.69291160623038,36.06166152106767]}},{"type":"Feature","id":"218390","geometry":{"type":"Polygon","coordinates":[[[-86.6931445718884,36.0614418112249],[-86.6933390614163,36.0613967386706],[-86.6935390341759,36.0615922823236],[-86.6936590829629,36.0617014763906],[-86.6935272850693,36.0617967365182],[-86.6933935703179,36.0616722368768],[-86.6931445718884,36.0614418112249]]]},"properties":{"id":"218390","parcel":"14814020900","address":"121 COLEMONT DR","owner":"GLENN, SANDRA NOLAN","point":[-86.69346668186884,36.061632260593214]}},{"type":"Feature","id":"218474","geometry":{"type":"Polygon","coordinates":[[[-86.6969306780343,36.0613757502647],[-86.6975361835935,36.0609766610386],[-86.6976698661841,36.0610967607444],[-86.6978035514067,36.061216861187],[-86.6970591590832,36.0615200559316],[-86.6970197201278,36.0614700048101],[-86.696976846781,36.0614218518169],[-86.6969306780343,36.0613757502647]]]},"properties":{"id":"218474","parcel":"14814011200","address":"3971 KEELEY DR","owner":"YUSUF, DAHAS ABDULISTETAR","point":[-86.6973297169678,36.0612962121037]}},{"type":"Feature","id":"218477","geometry":{"type":"Polygon","coordinates":[[[-86.697155296451,36.061679931703],[-86.6980790540659,36.0614592109623],[-86.6982101866374,36.0615969062397],[-86.6983578870078,36.0617718664325],[-86.6985332665885,36.061977983954],[-86.6983141852784,36.0619581001993],[-86.6981299833752,36.0619415858311],[-86.697538531667,36.0618875413049],[-86.6971998148273,36.0618565896203],[-86.6971968965887,36.061832431281],[-86.6971860261078,36.0617810793437],[-86.6971721494388,36.0617302080545],[-86.697155296451,36.061679931703]]]},"properties":{"id":"218477","parcel":"14814011400","address":"3963 KEELEY DR","owner":"CHALKY, SULEYMAN NELMEDIN & ABDULLAH, NACIYE A. ET AL","point":[-86.69773382381446,36.06170650874301]}},{"type":"Feature","id":"218479","geometry":{"type":"Polygon","coordinates":[[[-86.6978035514067,36.061216861187],[-86.6984732860014,36.0607355305223],[-86.6985391913174,36.060794744404],[-86.6986034663963,36.0608551276549],[-86.6986411274789,36.0608925182788],[-86.6979399387038,36.0613369449326],[-86.6978035514067,36.061216861187]]]},"properties":{"id":"218479","parcel":"14814011800","address":"120 COLEMONT CT","owner":"AUNG, KYAW T. & BU L.","point":[-86.69820724746845,36.061054652475015]}},{"type":"Feature","id":"218673","geometry":{"type":"Polygon","coordinates":[[[-86.6944950897716,36.0616593013008],[-86.6946218571283,36.0616080239513],[-86.6947134583229,36.0615591446929],[-86.694697586119,36.0619108705097],[-86.6946858129704,36.0619098460044],[-86.6946739836803,36.0619102719917],[-86.694662369005,36.0619121378986],[-86.6946512316555,36.0619154016531],[-86.6946408251791,36.0619199887899],[-86.6944950897716,36.0616593013008]]]},"properties":{"id":"218673","parcel":"14814023300","address":"408 GILLESPIE CT","owner":"TANG, CHAOHUI & LI, CUNXI","point":[-86.6946341793149,36.061784685090196]}},{"type":"Feature","id":"218677","geometry":{"type":"Polygon","coordinates":[[[-86.6947436751001,36.0619193960172],[-86.694919216008,36.0615645533127],[-86.6950660983969,36.0616472196285],[-86.6947898985902,36.061943303894],[-86.6947678116481,36.0619300443953],[-86.6947436751001,36.0619193960172]]]},"properties":{"id":"218677","parcel":"14814023400","address":"407 GILLESPIE CT","owner":"RIOS, JOSE FERNANDO FLORES","point":[-86.69487509247736,36.06178323210033]}},{"type":"Feature","id":"218681","geometry":{"type":"Polygon","coordinates":[[[-86.6948227813543,36.0619892665344],[-86.6949740240373,36.0619510335537],[-86.6951079724223,36.0621019026545],[-86.695005718118,36.0621706205654],[-86.6947975986008,36.0622047858764],[-86.6947862529798,36.0621455132634],[-86.6947855495615,36.0621282874201],[-86.6947884495523,36.0621112129516],[-86.6947948684774,36.0620947851509],[-86.6948046228687,36.062079476448],[-86.6948157487853,36.0620629701396],[-86.6948232891115,36.0620451767326],[-86.6948270274148,36.0620266067019],[-86.6948268562233,36.0620077906243],[-86.6948227813543,36.0619892665344]]]},"properties":{"id":"218681","parcel":"14814023500","address":"403 GILLESPIE CT","owner":"PACHECO PROPERTIES, LLC","point":[-86.69494576616346,36.06207156839095]}},{"type":"Feature","id":"218685","geometry":{"type":"Polygon","coordinates":[[[-86.6951047043663,36.0617283119958],[-86.695131367519,36.0616820060347],[-86.6951909689471,36.0616882552037],[-86.6954861458156,36.0620140106009],[-86.69540537135,36.0620628261754],[-86.6951047043663,36.0617283119958]]]},"properties":{"id":"218685","parcel":"14814023700","address":"4852 GILLESPIE DR","owner":"MORENO, CARLOS & JUANA G.","point":[-86.69529490183473,36.061871160120944]}},{"type":"Feature","id":"218853","geometry":{"type":"Polygon","coordinates":[[[-86.6972124617244,36.062256772563],[-86.697840238355,36.0622355564384],[-86.6976829946122,36.0628232548956],[-86.6975935960779,36.0628102998864],[-86.6975036611225,36.0628000932346],[-86.6974133141905,36.0627926495408],[-86.697322686347,36.0627879788611],[-86.69730608224,36.0627859595986],[-86.6972901094994,36.0627817609753],[-86.6972751976124,36.0627754976741],[-86.6972617487909,36.0627673386131],[-86.6972501257209,36.0627575025102],[-86.6972406393296,36.0627462552494],[-86.6972335475883,36.062733899974],[-86.697229041011,36.0627207690584],[-86.6972272414738,36.0627072160035],[-86.6972124617244,36.062256772563]]]},"properties":{"id":"218853","parcel":"14814008000","address":"3965 KEELEY DR","owner":"BOGARD, GENEVA","point":[-86.69749688978442,36.062482693712674]}},{"type":"Feature","id":"218857","geometry":{"type":"Polygon","coordinates":[[[-86.696275725918,36.0619630250089],[-86.6970283799684,36.0619454890452],[-86.6970340849249,36.061978696416],[-86.6970445870903,36.0622511505797],[-86.6962706613361,36.062273205081],[-86.6961459664073,36.0622134868336],[-86.6962351336301,36.0620412784809],[-86.696275725918,36.0619630250089]]]},"properties":{"id":"218857","parcel":"14814008200","address":"3968 KEELEY DR","owner":"BAMERNI, SAKVAN A.","point":[-86.69661522458037,36.06212845820253]}},{"type":"Feature","id":"218860","geometry":{"type":"Polygon","coordinates":[[[-86.6939672423339,36.0631658443873],[-86.6940613650051,36.0630567911684],[-86.6941806075789,36.0629184735396],[-86.6942264932364,36.0628649143945],[-86.6948674851546,36.0636966223983],[-86.6948055208216,36.0637299450444],[-86.6947303693215,36.063773349746],[-86.6946536272712,36.0638148789766],[-86.6945753665012,36.0638544953664],[-86.6944956588582,36.0638921633484],[-86.6939672423339,36.0631658443873]]]},"properties":{"id":"218860","parcel":"14814009000","address":"4710 PACKARD DR","owner":"BEVERLY, LANARDO K. & CAROL D.","point":[-86.69441163758484,36.063431219643]}},{"type":"Feature","id":"218863","geometry":{"type":"Polygon","coordinates":[[[-86.6927210283793,36.0643199383332],[-86.692772362114,36.0639987791344],[-86.6927980682701,36.0638425962158],[-86.692853343118,36.0635076768849],[-86.6929547449002,36.0634958306],[-86.6930277524385,36.0634871695],[-86.6932025881003,36.0642913462256],[-86.6931036650066,36.0643025295323],[-86.6930043459836,36.0643110850811],[-86.6929047353117,36.0643170041601],[-86.6928049395074,36.0643202798472],[-86.6927210283793,36.0643199383332]]]},"properties":{"id":"218863","parcel":"14814009500","address":"4700 PACKARD DR","owner":"PARMAN, RALPH W. & DEBRA P.","point":[-86.69295370291105,36.063921119365546]}},{"type":"Feature","id":"219455","geometry":{"type":"Polygon","coordinates":[[[-86.6961437145642,36.0614712928157],[-86.6963499528326,36.0612057630424],[-86.6965457498766,36.0613101210446],[-86.6961499846239,36.0617838147892],[-86.6961237259102,36.0617808110402],[-86.6961425752149,36.0614727612835],[-86.6961437145642,36.0614712928157]]]},"properties":{"id":"219455","parcel":"14814010600","address":"3982 KEELEY DR","owner":"SPEARS, RICHARD G. ET UX","point":[-86.69620700928141,36.06162697336218]}},{"type":"Feature","id":"219458","geometry":{"type":"Polygon","coordinates":[[[-86.6959009244024,36.061330041825],[-86.6960759737801,36.0611370190612],[-86.6960853037382,36.0611284218807],[-86.6960962821087,36.0611212211874],[-86.6961085954521,36.0611156233831],[-86.6961218943994,36.0611117882103],[-86.6961357980527,36.0611098242206],[-86.6961499095169,36.0611097877832],[-86.6961638291874,36.0611116794036],[-86.6961771569859,36.0611154455127],[-86.6961895145673,36.0611209792405],[-86.6963499528326,36.0612057630424],[-86.6961437145642,36.0614712928157],[-86.6959009244024,36.061330041825]]]},"properties":{"id":"219458","parcel":"14814010700","address":"3988 KEELEY DR","owner":"SHARIF, JAMAL & MUSTAFA, ASHTY","point":[-86.69612950300275,36.061267912947415]}},{"type":"Feature","id":"219459","geometry":{"type":"Polygon","coordinates":[[[-86.6963646134645,36.0610251920106],[-86.6966697450311,36.06063443504],[-86.6968432359645,36.060664200283],[-86.6969326875759,36.0606790671637],[-86.6965712719485,36.0611338827989],[-86.6963646134645,36.0610251920106]]]},"properties":{"id":"219459","parcel":"14814010900","address":"3983 KEELEY DR","owner":"GIVENS, MARK BRUCE","point":[-86.69664745920184,36.0608521269129]}},{"type":"Feature","id":"219463","geometry":{"type":"Polygon","coordinates":[[[-86.6967698726794,36.061249212728],[-86.6972743100595,36.0607452196637],[-86.6974789017266,36.0609264456366],[-86.6975361835935,36.0609766610386],[-86.6969306780343,36.0613757502647],[-86.6968939658022,36.0613413053429],[-86.696854836203,36.0613086607367],[-86.6968134245318,36.0612779283223],[-86.6967698726794,36.061249212728]]]},"properties":{"id":"219463","parcel":"14814011100","address":"3975 KEELEY DR","owner":"LEBEZMA, GUADALUPE","point":[-86.69711782090997,36.06111284854857]}},{"type":"Feature","id":"219465","geometry":{"type":"Polygon","coordinates":[[[-86.6975361835935,36.0609766610386],[-86.6974789017266,36.0609264456366],[-86.6980873722968,36.0604419006813],[-86.6981496685418,36.0604929177424],[-86.6982148792603,36.0605414753998],[-86.6982828558599,36.0605874645525],[-86.6976698661841,36.0610967607444],[-86.6975361835935,36.0609766610386]]]},"properties":{"id":"219465","parcel":"14814011600","address":"112 COLEMONT CT","owner":"HAWRAMI, ASO & NASHMEL","point":[-86.6978852983415,36.06075696691113]}},{"type":"Feature","id":"219469","geometry":{"type":"Polygon","coordinates":[[[-86.6983583268158,36.0617716403651],[-86.6990160235882,36.0614331773384],[-86.6989385935231,36.0620157424399],[-86.6985877826957,36.0619828873554],[-86.6985332665885,36.061977983954],[-86.6983578870078,36.0617718664325],[-86.6983583268158,36.0617716403651]]]},"properties":{"id":"219469","parcel":"14814012100","address":"0 COLEMONT CT","owner":"WATKINS, TAYLOR","point":[-86.69884030217074,36.0616027941001]}},{"type":"Feature","id":"219471","geometry":{"type":"Polygon","coordinates":[[[-86.6918099191574,36.0604808417609],[-86.6918250199317,36.0604494867413],[-86.6918420211357,36.0604187796518],[-86.6918608801303,36.0603887955433],[-86.6918745813344,36.0603689372543],[-86.6918965936611,36.0603388025496],[-86.6919209799072,36.060309897989],[-86.6919476379278,36.0602823485347],[-86.6919764532829,36.0602562693059],[-86.6921290339192,36.0603718719509],[-86.6924170593234,36.0605779003131],[-86.6923854242876,36.0606747811109],[-86.6918099191574,36.0604808417609]]]},"properties":{"id":"219471","parcel":"14814012500","address":"154 BRENDA LN","owner":"AL-JAMAAN, MAHMOUD J.","point":[-86.69203925891749,36.060465734226206]}},{"type":"Feature","id":"219475","geometry":{"type":"Polygon","coordinates":[[[-86.6917444318939,36.0607312057445],[-86.691760529941,36.0606371623159],[-86.6917726542323,36.0605841935028],[-86.6917891421537,36.0605320080972],[-86.6918099191574,36.0604808417609],[-86.6923854242876,36.0606747811109],[-86.6923564750126,36.0607694482317],[-86.6917444318939,36.0607312057445]]]},"properties":{"id":"219475","parcel":"14814012600","address":"150 BRENDA LN","owner":"PHAM, CANH & LY, CHAU H.","point":[-86.6919825426482,36.06061123297712]}},{"type":"Feature","id":"219478","geometry":{"type":"Polygon","coordinates":[[[-86.6917273032375,36.0609400862284],[-86.6917444318939,36.0607312057445],[-86.6923564750126,36.0607694482317],[-86.6923116697626,36.0609081612741],[-86.6922905919422,36.060974210567],[-86.6917273032375,36.0609400862284]]]},"properties":{"id":"219478","parcel":"14814012700","address":"146 BRENDA LN","owner":"HERNANDEZ FAMILY REVOCABLE LIVING TRUST","point":[-86.69203490349827,36.06083803655956]}},{"type":"Feature","id":"219482","geometry":{"type":"Polygon","coordinates":[[[-86.6917018221568,36.0611226420811],[-86.6917127577587,36.0610620263754],[-86.6917212534795,36.0610011524814],[-86.6917273032375,36.0609400862284],[-86.6922905919422,36.060974210567],[-86.6922168188457,36.0612053952246],[-86.6917018221568,36.0611226420811]]]},"properties":{"id":"219482","parcel":"14814012800","address":"142 BRENDA LN","owner":"LEONARD, LAURA","point":[-86.69197987031438,36.06109303492837]}},{"type":"Feature","id":"219749","geometry":{"type":"Polygon","coordinates":[[[-86.6914740312241,36.0616173323352],[-86.6915058972219,36.0615468212268],[-86.6919510202391,36.0616871197358],[-86.691930075889,36.0617685549491],[-86.6914740312241,36.0616173323352]]]},"properties":{"id":"219749","parcel":"14814017000","address":"128 BRENDA LN","owner":"STEPHENS, HARVARD, DR. & BARBARA","point":[-86.69170979182284,36.061652219241715]}},{"type":"Feature","id":"219751","geometry":{"type":"Polygon","coordinates":[[[-86.6913503568196,36.0626465664671],[-86.6913544150777,36.0625997339807],[-86.6913549101898,36.0625527867381],[-86.6913518392906,36.0625059050129],[-86.6918254959676,36.0625031873226],[-86.6918204843387,36.0625493682617],[-86.6918081375472,36.0626856965073],[-86.6913503568196,36.0626465664671]]]},"properties":{"id":"219751","parcel":"14814017600","address":"102 BRENDA LN","owner":"WARD, ALVIN E. ETUX","point":[-86.69158630174687,36.06257685654588]}},{"type":"Feature","id":"219753","geometry":{"type":"Polygon","coordinates":[[[-86.6913217688639,36.0627829878081],[-86.6913347315202,36.062738017684],[-86.6913442736602,36.0626924867483],[-86.6913503568196,36.0626465664671],[-86.6918081375472,36.0626856965073],[-86.6918006110479,36.0627538679433],[-86.691739354009,36.0628684999147],[-86.6917313480631,36.0628817325803],[-86.6913217688639,36.0627829878081]]]},"properties":{"id":"219753","parcel":"14814017700","address":"98 BRENDA LN","owner":"CHEN, LIXIN & LIU, MINGYA","point":[-86.69155932627221,36.06276842331962]}},{"type":"Feature","id":"219755","geometry":{"type":"Polygon","coordinates":[[[-86.6911538520847,36.063082838035],[-86.691255346183,36.0629262190304],[-86.6916274930826,36.0630779238968],[-86.6915715714009,36.0631837340108],[-86.6915422962238,36.0632410426211],[-86.6911538520847,36.063082838035]]]},"properties":{"id":"219755","parcel":"14814017900","address":"90 BRENDA LN","owner":"MITCHELL, AUGUSTUS C. JR. ET UX","point":[-86.69143754561739,36.06313347885526]}},{"type":"Feature","id":"219757","geometry":{"type":"Polygon","coordinates":[[[-86.6911167356006,36.0631401915038],[-86.6911538520847,36.063082838035],[-86.6915422962238,36.0632410426211],[-86.6914943601163,36.0633314228237],[-86.6914703857915,36.063375514285],[-86.6913644420288,36.0633321680725],[-86.6910710546355,36.0632107798811],[-86.6911167356006,36.0631401915038]]]},"properties":{"id":"219757","parcel":"14814018000","address":"86 BRENDA LN","owner":"STALLINS, KERRY, JENNIFER & BARBARA","point":[-86.69130639306614,36.063225910755456]}},{"type":"Feature","id":"219920","geometry":{"type":"Polygon","coordinates":[[[-86.6930277524385,36.0634871695],[-86.6932302150968,36.0634634785111],[-86.6932812527327,36.0634574158375],[-86.6935316470646,36.064234785866],[-86.6934228297425,36.0642568769474],[-86.6933130961242,36.0642757384845],[-86.6932025881003,36.0642913462256],[-86.6930277524385,36.0634871695]]]},"properties":{"id":"219920","parcel":"14814009400","address":"4702 PACKARD DR","owner":"MORENO, CARLOS & JUANA","point":[-86.69326013810131,36.063860927902375]}},{"type":"Feature","id":"219922","geometry":{"type":"Polygon","coordinates":[[[-86.6952183354313,36.0608716512855],[-86.6952566678637,36.0608444970215],[-86.6953112542351,36.0608035025525],[-86.695363912598,36.0607608770361],[-86.695414567995,36.060716680392],[-86.6954242245059,36.0607092458408],[-86.6954352316229,36.0607031734525],[-86.6954472999154,36.0606986226219],[-86.6954601151632,36.0606957105265],[-86.6954733406079,36.0606945157186],[-86.6954866301855,36.0606950681347],[-86.6954996352334,36.0606973544651],[-86.6955120177628,36.0607013126684],[-86.695523450545,36.0607068418867],[-86.6955336359181,36.0607137951253],[-86.6957188360592,36.0608445890805],[-86.6954557862588,36.0610966450922],[-86.6952183354313,36.0608716512855]]]},"properties":{"id":"219922","parcel":"14814009800","address":"3998 KEELEY DR","owner":"ATANAY, JORGE VALLES","point":[-86.69545481319055,36.06098444745474]}},{"type":"Feature","id":"219924","geometry":{"type":"Polygon","coordinates":[[[-86.6958939678492,36.0607531970138],[-86.6961005452317,36.0605432228],[-86.6962494057953,36.0605423629999],[-86.6963497404085,36.0605637603617],[-86.6964039674292,36.0605744355553],[-86.6962244584246,36.0607842539404],[-86.6961280210583,36.0608990914466],[-86.6960473793915,36.0608532778745],[-86.6959693103166,36.0608046148462],[-86.6958939678492,36.0607531970138]]]},"properties":{"id":"219924","parcel":"14814010100","address":"3993 KEELEY DR","owner":"BELL, ROSIA L REVOCABLE TRUST","point":[-86.69615471507984,36.060663831124934]}},{"type":"Feature","id":"219932","geometry":{"type":"Polygon","coordinates":[[[-86.6898868419699,36.0627428597092],[-86.6898044608194,36.0626070738339],[-86.6901344571491,36.0625810105551],[-86.6901346467825,36.0625979879008],[-86.6901380303095,36.0626147423673],[-86.6901445266038,36.0626308796557],[-86.6901539847507,36.0626460220891],[-86.690166181857,36.0626598122314],[-86.6901808320572,36.0626719272554],[-86.6901975898661,36.0626820816282],[-86.6902057447078,36.0626860916219],[-86.6900318188677,36.0629178464529],[-86.689999396481,36.0629246249667],[-86.6898868419699,36.0627428597092]]]},"properties":{"id":"219932","parcel":"14815017700","address":"3924 BRADLEY CT","owner":"HERNANDEZ, ROBERTO R. & ROMERO, LEANDRA","point":[-86.69001910196766,36.06283050768084]}},{"type":"Feature","id":"219961","geometry":{"type":"Polygon","coordinates":[[[-86.6989839466641,36.0630948263754],[-86.6988999981225,36.0630845382797],[-86.6988166026036,36.0630716214711],[-86.6990681126326,36.0620468581332],[-86.6990814908948,36.062029199136],[-86.699392355126,36.0620595365565],[-86.6992176088409,36.0631176454581],[-86.6990767289021,36.0631030785462],[-86.6990302752361,36.0630994138406],[-86.6989839466641,36.0630948263754]]]},"properties":{"id":"219961","parcel":"14814007600","address":"4898 PACKARD DR","owner":"COOPER, WHISPER & COOPER, KEVARI","point":[-86.69912480082284,36.06256563039314]}},{"type":"Feature","id":"219963","geometry":{"type":"Polygon","coordinates":[[[-86.6979758876788,36.0628874901398],[-86.6983141852784,36.0619581001993],[-86.6985332665885,36.061977983954],[-86.6985877826957,36.0619828873554],[-86.6984316043106,36.0629991308447],[-86.6983685193681,36.0629816382727],[-86.6979758876788,36.0628874901398]]]},"properties":{"id":"219963","parcel":"14814007800","address":"4894 PACKARD DR","owner":"KHEDER, MAHDI","point":[-86.69832941832604,36.06243530891382]}},{"type":"Feature","id":"219965","geometry":{"type":"Polygon","coordinates":[[[-86.6972015462986,36.0619381695043],[-86.6972015377339,36.0619375729019],[-86.6972012456617,36.0618970734614],[-86.6971998148273,36.0618565896203],[-86.697538531667,36.0618875413049],[-86.6981299833752,36.0619415858311],[-86.697840238355,36.0622355564384],[-86.6972124617244,36.062256772563],[-86.6972015462986,36.0619381695043]]]},"properties":{"id":"219965","parcel":"14814008100","address":"3969 KEELEY DR","owner":"YORK, JOHNNY L.(LE) & JOHN WESLEY & BRYAN K.","point":[-86.69759587146314,36.0620875899381]}},{"type":"Feature","id":"219967","geometry":{"type":"Polygon","coordinates":[[[-86.6954024464523,36.0626177625692],[-86.6954078347366,36.0626149843608],[-86.6958293137284,36.0631834052699],[-86.6956056825263,36.0633011738073],[-86.6951761292738,36.0627377440653],[-86.6952795212718,36.0626830290591],[-86.6954024464523,36.0626177625692]]]},"properties":{"id":"219967","parcel":"14814008600","address":"4718 PACKARD DR","owner":"MISSION PROPERTIES, LLC","point":[-86.69550504958875,36.06296058102821]}},{"type":"Feature","id":"219969","geometry":{"type":"Polygon","coordinates":[[[-86.6948128477187,36.0627879133432],[-86.6948797614574,36.0627790113497],[-86.6953793829368,36.063423352891],[-86.6952796976424,36.0634765450438],[-86.6951503764809,36.063545549857],[-86.6945766159039,36.0628189433991],[-86.694678339586,36.062805446249],[-86.6948128477187,36.0627879133432]]]},"properties":{"id":"219969","parcel":"14814008800","address":"4714 PACKARD DR","owner":"CHAVEZ, OCTAVIO J. & MARIA G. GUILLEN","point":[-86.69498015232674,36.06312115429929]}},{"type":"Feature","id":"219971","geometry":{"type":"Polygon","coordinates":[[[-86.6935235980109,36.0634288253926],[-86.6937645972121,36.0634010659826],[-86.6941383368548,36.064044214562],[-86.6940971944689,36.0640601095286],[-86.6940131480075,36.0640934291308],[-86.6939276653746,36.0641242441558],[-86.6938408583496,36.0641525152018],[-86.6935235980109,36.0634288253926]]]},"properties":{"id":"219971","parcel":"14814009200","address":"4706 PACKARD DR","owner":"MORENO, KARLA VAZQUEZ & HERNANDEZ, HUMBERTO A. LOZANO","point":[-86.69380900910394,36.063736464290464]}},{"type":"Feature","id":"220094","geometry":{"type":"Polygon","coordinates":[[[-86.6942991038222,36.0618428400082],[-86.6944021840994,36.0618686187508],[-86.6945816259026,36.0619598883195],[-86.6945723733117,36.061974826388],[-86.6945656992628,36.0619906445748],[-86.694561726641,36.0620070510567],[-86.6945605305081,36.0620237434703],[-86.6943521999465,36.0620337340175],[-86.6942493871664,36.0620387218165],[-86.6941546950226,36.0620436627612],[-86.6942991038222,36.0618428400082]]]},"properties":{"id":"220094","parcel":"14814023200","address":"404 GILLESPIE CT","owner":"786 PROPERTIES, LLC","point":[-86.69437005159453,36.061913942957524]}},{"type":"Feature","id":"220392","geometry":{"type":"Polygon","coordinates":[[[-86.6957387827574,36.0621180419169],[-86.6957462933121,36.0620994068211],[-86.6957515560853,36.062080270966],[-86.6957545215657,36.06206081129],[-86.6962351336301,36.0620412784809],[-86.6961459664073,36.0622134868336],[-86.6961271102082,36.0622237622511],[-86.6959883858876,36.0621847300833],[-86.6957387827574,36.0621180419169]]]},"properties":{"id":"220392","parcel":"14814024000","address":"4867 GILLESPIE DR","owner":"MORENO, CARLOS & JUANA","point":[-86.69602064661885,36.06215178444686]}},{"type":"Feature","id":"220393","geometry":{"type":"Polygon","coordinates":[[[-86.6953742382666,36.0622168446216],[-86.695438869971,36.0621791106979],[-86.6954549761744,36.0621706808673],[-86.6954724782621,36.0621643447811],[-86.6954909657082,36.0621602508159],[-86.6955100053299,36.0621584952047],[-86.6955291534656,36.0621591183613],[-86.6955479593126,36.0621621057626],[-86.6955659838047,36.0621673887408],[-86.695575501681,36.0621712354859],[-86.695585584867,36.0621739748917],[-86.6955960375391,36.0621755549122],[-86.6956066596232,36.0621759451568],[-86.6956559393021,36.0622393934416],[-86.6956648058677,36.0623250528341],[-86.6956823111327,36.0624694505926],[-86.6956311185343,36.0624963934895],[-86.6953742382666,36.0622168446216]]]},"properties":{"id":"220393","parcel":"14814024100","address":"4861 GILLESPIE DR","owner":"VAZQUEZ, HECTOR","point":[-86.69560663102689,36.062397081786315]}},{"type":"Feature","id":"220394","geometry":{"type":"Polygon","coordinates":[[[-86.6949916894035,36.0624234375633],[-86.6950353754669,36.062407597011],[-86.6950780124716,36.0623899743395],[-86.6951383076266,36.0624753362821],[-86.6951820934663,36.0625300270912],[-86.6952342307858,36.0626110404593],[-86.6952795212718,36.0626830290591],[-86.6951761292738,36.0627377440653],[-86.6951700651712,36.0627408010534],[-86.6949916894035,36.0624234375633]]]},"properties":{"id":"220394","parcel":"14814024300","address":"4853 GILLESPIE DR","owner":"VALLE, TEODULFO G. & ARELLANO, JENNIFER G.","point":[-86.69514116798763,36.062570363420704]}},{"type":"Feature","id":"220395","geometry":{"type":"Polygon","coordinates":[[[-86.6944726739017,36.0625011502142],[-86.6946214025733,36.0624849100462],[-86.6946554189373,36.062660529791],[-86.694678339586,36.062805446249],[-86.6945766159039,36.0628189433991],[-86.6945347092445,36.0628244051283],[-86.6944726739017,36.0625011502142]]]},"properties":{"id":"220395","parcel":"14814024500","address":"4845 GILLESPIE DR","owner":"MORENO, CARLOS & JUANA G.","point":[-86.69456397540934,36.06258083985682]}},{"type":"Feature","id":"220424","geometry":{"type":"Polygon","coordinates":[[[-86.6924800367803,36.0643103345766],[-86.6925555988415,36.0639736522281],[-86.692772362114,36.0639987791344],[-86.6927210283793,36.0643199383332],[-86.6926606274466,36.0643216310587],[-86.692600202701,36.0643205920927],[-86.6925399439773,36.064316822147],[-86.6924800367803,36.0643103345766]]]},"properties":{"id":"220424","parcel":"14814018700","address":"4644 PACKARD DR","owner":"WERTZ, ZACHARY JACOB","point":[-86.69263123767568,36.0641545698661]}},{"type":"Feature","id":"220429","geometry":{"type":"Polygon","coordinates":[[[-86.6915610601946,36.0635310310635],[-86.6914703857915,36.063375514285],[-86.6914943601163,36.0633314228237],[-86.6919149989723,36.0634564760653],[-86.6918804635,36.063531393637],[-86.6918513813827,36.0635860036605],[-86.6918191485943,36.0636394348512],[-86.6915610601946,36.0635310310635]]]},"properties":{"id":"220429","parcel":"14814018800","address":"4705 COLEMONT PL","owner":"SORTO, LIZETH SARAI","point":[-86.69171831215444,36.06349347356909]}},{"type":"Feature","id":"220503","geometry":{"type":"Polygon","coordinates":[[[-86.6988485708057,36.0663987557534],[-86.6988765114998,36.0661898126414],[-86.6996837728115,36.0662598506702],[-86.6996812406917,36.0662796449938],[-86.6996558408838,36.0664687948285],[-86.6988485708057,36.0663987557534]]]},"properties":{"id":"220503","parcel":"14810005500","address":"3927 E RIDGE DR","owner":"NAVARRO, LISETTE","point":[-86.69926488878879,36.06633920105508]}},{"type":"Feature","id":"220504","geometry":{"type":"Polygon","coordinates":[[[-86.6979064510822,36.069157931262],[-86.6978846229581,36.0691382789279],[-86.6979275842985,36.0690984718807],[-86.6980779701638,36.0689613429492],[-86.6988143429893,36.0689702630439],[-86.6988139179767,36.0690501806903],[-86.6988110103887,36.0691300640577],[-86.698805621994,36.0692098626634],[-86.6979064510822,36.069157931262]]]},"properties":{"id":"220504","parcel":"14810006400","address":"3908 E RIDGE DR","owner":"WISER, GARY W, REVOCABLE LIVING TRUST","point":[-86.69838410473234,36.06907436070724]}},{"type":"Feature","id":"220505","geometry":{"type":"Polygon","coordinates":[[[-86.6968451982722,36.0691442921148],[-86.6969446571885,36.0690645995894],[-86.696826695435,36.0698125011139],[-86.6964582332916,36.0697772677045],[-86.6965387385549,36.069387809654],[-86.6968451982722,36.0691442921148]]]},"properties":{"id":"220505","parcel":"14810007100","address":"219 HAYWOOD LN","owner":"OMAR, ABDIRAHMAN SHARIF","point":[-86.69668065339964,36.06958299980369]}},{"type":"Feature","id":"220506","geometry":{"type":"Polygon","coordinates":[[[-86.6962640595949,36.0686245973138],[-86.6962715191674,36.0686047755185],[-86.696388390789,36.0682942249415],[-86.6963935859477,36.0682835579572],[-86.6964008677261,36.0682737297314],[-86.6964100408531,36.0682650063697],[-86.6964208543019,36.0682576254589],[-86.6964330145236,36.068251786076],[-86.6964461910055,36.0682476496577],[-86.6964600261432,36.068245326424],[-86.6964741430505,36.0682448798397],[-86.6964881588487,36.0682463229323],[-86.6965016913108,36.0682496164515],[-86.6966612142214,36.0682778277731],[-86.6968215761721,36.0683027100929],[-86.6967740201058,36.0687447221222],[-86.6962640595949,36.0686245973138]]]},"properties":{"id":"220506","parcel":"14810007500","address":"3911 KEELEY DR","owner":"PHAM, CANH MINH & HUELY, CHAU","point":[-86.69656691112324,36.06845379467456]}},{"type":"Feature","id":"220507","geometry":{"type":"Polygon","coordinates":[[[-86.6971369774466,36.0690788715514],[-86.6972415350856,36.0683464329469],[-86.6976479229735,36.0683858382149],[-86.697551431411,36.0691116376084],[-86.6972372073747,36.0690870829952],[-86.6971369774466,36.0690788715514]]]},"properties":{"id":"220507","parcel":"14810007700","address":"3847 CREEKSIDE DR","owner":"SORTO, ISABEL E.","point":[-86.69739415165084,36.06873235946329]}},{"type":"Feature","id":"220508","geometry":{"type":"Polygon","coordinates":[[[-86.6976629680948,36.068249493886],[-86.6977802623889,36.0674268748744],[-86.6977853673657,36.0673916825599],[-86.6980148213683,36.0676277058991],[-86.698282539105,36.0679052628129],[-86.698272169151,36.0682657452173],[-86.6981676603632,36.0682701404663],[-86.6980630242438,36.0682715422912],[-86.6979583928874,36.0682699481244],[-86.697853896208,36.0682653599176],[-86.6977496630331,36.0682577823333],[-86.6976629680948,36.068249493886]]]},"properties":{"id":"220508","parcel":"14810008200","address":"3850 CREEKSIDE DR","owner":"RAY, RUSTEE LYN LIVING TRUST","point":[-86.69794033435275,36.06776595959261]}},{"type":"Feature","id":"220515","geometry":{"type":"Polygon","coordinates":[[[-86.6933073364842,36.0608628789716],[-86.693396193173,36.0608096209158],[-86.693420812526,36.0607960266748],[-86.6934474037094,36.0607851537861],[-86.6936941614709,36.0611463549411],[-86.6936379561391,36.0612192004487],[-86.6933073364842,36.0608628789716]]]},"properties":{"id":"220515","parcel":"14814027700","address":"4012 SHUFELD CT","owner":"CRIMSON, VICTORIA","point":[-86.69351810196181,36.06100466147996]}},{"type":"Feature","id":"220516","geometry":{"type":"Polygon","coordinates":[[[-86.6927518120483,36.0614089055143],[-86.6922480050323,36.0613678460973],[-86.6921829918356,36.0613616265535],[-86.6928300402143,36.0610678127424],[-86.6928381613898,36.06108056884],[-86.6928485968374,36.0610921633946],[-86.6928610966214,36.0611023211475],[-86.6928753678233,36.0611108022368],[-86.6928910723531,36.061117405816],[-86.6929078369939,36.0611219763049],[-86.6929252678481,36.0611244051092],[-86.6928682910692,36.0614192244932],[-86.6927518120483,36.0614089055143]]]},"properties":{"id":"220516","parcel":"14814028000","address":"4024 SHUFELD CT","owner":"SAMIEE, SAMAN","point":[-86.69267349573617,36.061243322485964]}},{"type":"Feature","id":"220517","geometry":{"type":"Polygon","coordinates":[[[-86.6928170610886,36.0603552821705],[-86.6928705944833,36.0603253076854],[-86.6930909695061,36.0605718296834],[-86.6931593613943,36.0606549505387],[-86.6932415364596,36.0607665592705],[-86.6931419116894,36.0608264702479],[-86.6927379340316,36.060399141146],[-86.6928170610886,36.0603552821705]]]},"properties":{"id":"220517","parcel":"14814028400","address":"4027 SHUFELD CT","owner":"LI, DAN","point":[-86.69303259594578,36.06061315311041]}},{"type":"Feature","id":"220518","geometry":{"type":"Polygon","coordinates":[[[-86.6940278115085,36.0620817544534],[-86.6941546950226,36.0620436627612],[-86.694214815972,36.0624191232995],[-86.6941873731624,36.0624213813503],[-86.6941603965021,36.0624260458494],[-86.6941342018793,36.0624330627033],[-86.6941283400452,36.0624350053853],[-86.6940278115085,36.0620817544534]]]},"properties":{"id":"220518","parcel":"14814029400","address":"4834 GILLESPIE DR","owner":"IVY-THARPE, VICKY L.","point":[-86.69413180753968,36.062250465690866]}},{"type":"Feature","id":"220519","geometry":{"type":"Polygon","coordinates":[[[-86.6931422113991,36.0626450667697],[-86.693174537543,36.0626272985751],[-86.6935207511076,36.0629088112347],[-86.6934916417133,36.0629298696361],[-86.6934607330508,36.0629491637487],[-86.6934281862997,36.0629665916999],[-86.6933941727324,36.0629820632759],[-86.6933448018443,36.0629076252244],[-86.6932844891096,36.0628200642659],[-86.6931422113991,36.0626450667697]]]},"properties":{"id":"220519","parcel":"14814029600","address":"4814 GILLESPIE DR","owner":"WILLIAMS, KEITH","point":[-86.6932588171199,36.06273268189126]}},{"type":"Feature","id":"220520","geometry":{"type":"Polygon","coordinates":[[[-86.6932283629353,36.0625918262308],[-86.6932875408537,36.0625497292635],[-86.6936600757698,36.0627453795888],[-86.6936446496919,36.0627740247239],[-86.69362588058,36.0628013227443],[-86.6936039471345,36.0628270175559],[-86.6935196194744,36.0627791532661],[-86.6934217013322,36.0627247741918],[-86.6932283629353,36.0625918262308]]]},"properties":{"id":"220520","parcel":"14814029700","address":"4818 GILLESPIE DR","owner":"GREEN, STANLEY R.","point":[-86.69341006451263,36.06265851775898]}},{"type":"Feature","id":"220565","geometry":{"type":"Polygon","coordinates":[[[-86.6949740240373,36.0619510335537],[-86.6950407083029,36.0618385659247],[-86.6953003716373,36.0621271646025],[-86.6952680611708,36.0621466475302],[-86.6951899786976,36.0621937331818],[-86.6951079724223,36.0621019026545],[-86.6949740240373,36.0619510335537]]]},"properties":{"id":"220565","parcel":"14814023600","address":"4848 GILLESPIE DR","owner":"HINKLE, LILLARD T. & TINA","point":[-86.69512557805845,36.06202668326194]}},{"type":"Feature","id":"220566","geometry":{"type":"Polygon","coordinates":[[[-86.6954402059314,36.0617131881918],[-86.695751750774,36.0617443602455],[-86.6957173351119,36.0618324650081],[-86.6956827654729,36.0619029910479],[-86.6956589444607,36.0619646611859],[-86.6956408107369,36.0619603369199],[-86.6956220565812,36.061958430779],[-86.695603168614,36.0619589913281],[-86.6955846362418,36.0619620049274],[-86.6955669394153,36.061967392198],[-86.6954402059314,36.0617131881918]]]},"properties":{"id":"220566","parcel":"14814023800","address":"4856 GILLESPIE DR","owner":"STEPHENS, HARVARD, DR. & BARBARA","point":[-86.69560853515178,36.061867495686116]}},{"type":"Feature","id":"220567","geometry":{"type":"Polygon","coordinates":[[[-86.6957214843078,36.0619972683915],[-86.6960768297954,36.0617754461262],[-86.6961237259102,36.0617808110402],[-86.6961499846239,36.0617838147892],[-86.6961873404579,36.0618382665868],[-86.6962212601707,36.0618866950918],[-86.6958676403484,36.0619964246894],[-86.6957461326409,36.0620300915846],[-86.6957354155081,36.0620128847906],[-86.6957214843078,36.0619972683915]]]},"properties":{"id":"220567","parcel":"14814023900","address":"4871 GILLESPIE DR","owner":"MORENO, CARLOS & JUANA G.","point":[-86.69592806113195,36.06194126484901]}},{"type":"Feature","id":"220568","geometry":{"type":"Polygon","coordinates":[[[-86.6951588451454,36.0623477515676],[-86.695266548101,36.0622833994792],[-86.6955196447935,36.0625555510118],[-86.6954078347366,36.0626149843608],[-86.6954024464523,36.0626177625692],[-86.6951588451454,36.0623477515676]]]},"properties":{"id":"220568","parcel":"14814024200","address":"4857 GILLESPIE DR","owner":"BROOKS, CYNTHIA B. & MICHAEL W.","point":[-86.69533780056078,36.06245164775484]}},{"type":"Feature","id":"220569","geometry":{"type":"Polygon","coordinates":[[[-86.6947539112229,36.0624709596222],[-86.6947944718127,36.0624663302515],[-86.6948306662238,36.0624593745796],[-86.6948674541831,36.0624549210519],[-86.6949032547608,36.0625250411554],[-86.6949337199583,36.062603983158],[-86.6950027786381,36.0627629180365],[-86.6948797614574,36.0627790113497],[-86.6948128477187,36.0627879133432],[-86.6947539112229,36.0624709596222]]]},"properties":{"id":"220569","parcel":"14814024400","address":"4849 GILLESPIE DR","owner":"DENNIS, JAMES MICHAEL","point":[-86.69488079482237,36.0626832280344]}},{"type":"Feature","id":"220821","geometry":{"type":"Polygon","coordinates":[[[-86.6915422962238,36.0632410426211],[-86.6915715714009,36.0631837340108],[-86.6919840325073,36.0633022401211],[-86.6919149989723,36.0634564760653],[-86.6914943601163,36.0633314228237],[-86.6915422962238,36.0632410426211]]]},"properties":{"id":"220821","parcel":"14814018900","address":"4709 COLEMONT PL","owner":"BOYD, DAVID L. ET UX","point":[-86.69173982486893,36.06331683333893]}},{"type":"Feature","id":"220825","geometry":{"type":"Polygon","coordinates":[[[-86.6918081375472,36.0626856965073],[-86.6918204843387,36.0625493682617],[-86.6922564972364,36.0625754348128],[-86.6922541356692,36.0626150049364],[-86.6922492512967,36.062660730013],[-86.6922410984733,36.0627061475941],[-86.6922297035929,36.0627511025064],[-86.6922151063932,36.0627954422031],[-86.6918081375472,36.0626856965073]]]},"properties":{"id":"220825","parcel":"14814019300","address":"4725 COLEMONT PL","owner":"VILO, SH' JUANN","point":[-86.69202811448454,36.06267321197322]}},{"type":"Feature","id":"220829","geometry":{"type":"Polygon","coordinates":[[[-86.6918254959676,36.0625031873226],[-86.6918379000999,36.0623734516503],[-86.6922711676135,36.0623951410314],[-86.6922564972364,36.0625754348128],[-86.6918204843387,36.0625493682617],[-86.6918254959676,36.0625031873226]]]},"properties":{"id":"220829","parcel":"14814019400","address":"4729 COLEMONT PL","owner":"GRANADOS, JAIME ALEJANDRO CASTRO REVOCABLE TRUST","point":[-86.6920487203784,36.06244916538297]}},{"type":"Feature","id":"220833","geometry":{"type":"Polygon","coordinates":[[[-86.6918802960377,36.0619578432019],[-86.6919117228154,36.0618367885581],[-86.6923152334928,36.0618608441136],[-86.69230056444,36.0620411397193],[-86.6918753992552,36.0620172066086],[-86.6918802960377,36.0619578432019]]]},"properties":{"id":"220833","parcel":"14814019700","address":"4741 COLEMONT PL","owner":"JB HUNTER IRREVOCABLE TRUST","point":[-86.69210213317525,36.061909355075784]}},{"type":"Feature","id":"220836","geometry":{"type":"Polygon","coordinates":[[[-86.6924384276019,36.0620205690729],[-86.6924483734566,36.0619194155205],[-86.692448707122,36.0619094273481],[-86.6924511460034,36.0618996334761],[-86.6924556171503,36.0618903245378],[-86.6924619897673,36.061881777078],[-86.6924700729004,36.0618742427512],[-86.692479629851,36.061867946436],[-86.6924903736337,36.0618630745446],[-86.6925019880351,36.0618597712966],[-86.6925191377113,36.0618541199384],[-86.6925350509203,36.061846444182],[-86.6925493662051,36.0618369191516],[-86.6925617613045,36.0618257594031],[-86.6925719575846,36.061813217997],[-86.6928861503056,36.0618377848197],[-86.6928271620847,36.0619018565805],[-86.6927064950547,36.062032214613],[-86.6924384276019,36.0620205690729]]]},"properties":{"id":"220836","parcel":"14814020300","address":"4728 COLEMONT PL","owner":"CHAMBERLAIN, MARY E.","point":[-86.69260336642782,36.061970402605056]}},{"type":"Feature","id":"220840","geometry":{"type":"Polygon","coordinates":[[[-86.6924211855895,36.0622162635287],[-86.6924384276019,36.0620205690729],[-86.6927064950547,36.062032214613],[-86.6927951944929,36.0622712541788],[-86.6927499150887,36.0622802118382],[-86.6927040799377,36.0622870501445],[-86.6926578364832,36.0622917466191],[-86.6926113377975,36.0622942877638],[-86.692503035664,36.0622905153656],[-86.6924881719756,36.0622885818789],[-86.692473926742,36.0622846286594],[-86.6924607150185,36.0622787713914],[-86.6924489168042,36.0622711791366],[-86.6924388781197,36.0622620707228],[-86.6924308865644,36.0622517121804],[-86.6924251756462,36.0622404040992],[-86.6924219102655,36.0622284717983],[-86.6924211855895,36.0622162635287]]]},"properties":{"id":"220840","parcel":"14814020400","address":"101 COLEMONT DR","owner":"PEREZ, DANIEL O PEREZ & SONTAY, ROXANA E PEREZ","point":[-86.69258506724962,36.062124293594344]}},{"type":"Feature","id":"220844","geometry":{"type":"Polygon","coordinates":[[[-86.6927064950547,36.062032214613],[-86.6928271620847,36.0619018565805],[-86.6930835555727,36.0621267461008],[-86.6930620361369,36.0621422538989],[-86.6930233343854,36.0621707479827],[-86.6929819580852,36.0621966473046],[-86.6929381710786,36.0622197845081],[-86.6928922518354,36.0622400146856],[-86.6928444911623,36.062257207279],[-86.6927951944929,36.0622712541788],[-86.6927064950547,36.062032214613]]]},"properties":{"id":"220844","parcel":"14814020500","address":"105 COLEMONT DR","owner":"BUSH, KENNETH G., JR.","point":[-86.69287696694158,36.06207943424044]}},{"type":"Feature","id":"220846","geometry":{"type":"Polygon","coordinates":[[[-86.6906634333079,36.061858233177],[-86.6905835107089,36.0616938638343],[-86.69090025672,36.0617008389013],[-86.6909024374357,36.0617199309722],[-86.6909082180836,36.0617385220221],[-86.6909174604715,36.0617561658048],[-86.6909299433778,36.0617724417852],[-86.6909453692576,36.0617869605097],[-86.690963367659,36.0617993735005],[-86.6907731877887,36.0620290253127],[-86.6907555377563,36.0620615421317],[-86.6906634333079,36.061858233177]]]},"properties":{"id":"220846","parcel":"14814016200","address":"204 BRENDA CIR","owner":"POPE, DAMITA JO","point":[-86.69077286983403,36.06194377001001]}},{"type":"Feature","id":"220848","geometry":{"type":"Polygon","coordinates":[[[-86.6929156550665,36.0618068470845],[-86.6929583849583,36.0617406705118],[-86.6932529968528,36.0620027000863],[-86.6930835555727,36.0621267461008],[-86.6928271620847,36.0619018565805],[-86.6928861503056,36.0618377848197],[-86.6929156550665,36.0618068470845]]]},"properties":{"id":"220848","parcel":"14814020600","address":"109 COLEMONT DR","owner":"ARY, AHLAM","point":[-86.6930404741943,36.061952279533145]}},{"type":"Feature","id":"220849","geometry":{"type":"Polygon","coordinates":[[[-86.6905835107089,36.0616938638343],[-86.6905779636597,36.0616785133583],[-86.6904953150659,36.0615119595298],[-86.6904539909107,36.0614286839438],[-86.6905269156536,36.0614106838851],[-86.690537703064,36.0614062274106],[-86.6909294722496,36.0616369378561],[-86.6909161616225,36.0616570858072],[-86.6909063621101,36.0616785195949],[-86.69090025672,36.0617008389013],[-86.6905835107089,36.0616938638343]]]},"properties":{"id":"220849","parcel":"14814016300","address":"209 BRENDA CIR","owner":"RODRIGUEZ, KARLA G CORTES","point":[-86.690674966464,36.06157435231888]}},{"type":"Feature","id":"220852","geometry":{"type":"Polygon","coordinates":[[[-86.693051812902,36.0615906891998],[-86.6931445718884,36.0614418112249],[-86.6933935703179,36.0616722368768],[-86.6935272850693,36.0617967365182],[-86.6933955263164,36.0618963909463],[-86.693051812902,36.0615906891998]]]},"properties":{"id":"220852","parcel":"14814020800","address":"117 COLEMONT DR","owner":"HAGAN, LEONA A. & SAM HAGAN","point":[-86.69322357865346,36.06163146543008]}},{"type":"Feature","id":"220854","geometry":{"type":"Polygon","coordinates":[[[-86.6915431394188,36.0614718881949],[-86.6915804006451,36.0613991496735],[-86.6919956160465,36.061524233751],[-86.6919825424966,36.0615770539044],[-86.6919720602316,36.0616166724546],[-86.6915431394188,36.0614718881949]]]},"properties":{"id":"220854","parcel":"14814016900","address":"132 BRENDA LN","owner":"STEPHENS, HARVARD, DR. & BARBARA","point":[-86.69176473485287,36.061498049248236]}},{"type":"Feature","id":"220856","geometry":{"type":"Polygon","coordinates":[[[-86.6933390614163,36.0613967386706],[-86.6933660695428,36.0613899903964],[-86.6934849095113,36.0613607359189],[-86.6935362387681,36.0613494520967],[-86.6938490478713,36.0615256658672],[-86.6938226733065,36.0615662007446],[-86.693817859167,36.0615728204675],[-86.693799355429,36.0615942397061],[-86.6937776879027,36.0616136041926],[-86.6937531991396,36.0616306082202],[-86.6936590829629,36.0617014763906],[-86.6935390341759,36.0615922823236],[-86.6933390614163,36.0613967386706]]]},"properties":{"id":"220856","parcel":"14814021000","address":"125 COLEMONT DR","owner":"BRASSELL, DALE ALLEN, JR.","point":[-86.69366329693898,36.061545492453014]}},{"type":"Feature","id":"220859","geometry":{"type":"Polygon","coordinates":[[[-86.6940329419291,36.0615070257384],[-86.6940660091062,36.0614800022215],[-86.694101985935,36.061455552238],[-86.6941405711721,36.061433881211],[-86.6944060769999,36.0616949778504],[-86.6943499147957,36.0617722208117],[-86.6942178523433,36.0616048572736],[-86.6940329419291,36.0615070257384]]]},"properties":{"id":"220859","parcel":"14814021100","address":"138 COLEMONT DR","owner":"PANYAVONG, KHAMPHENG & PASITSOM","point":[-86.69419522591437,36.061556119696206]}},{"type":"Feature","id":"221185","geometry":{"type":"Polygon","coordinates":[[[-86.6918825301069,36.0637687354938],[-86.6921273342087,36.063905785645],[-86.6921735805451,36.0639318926217],[-86.6919911327235,36.0641175470079],[-86.6917868694767,36.0639736683069],[-86.6917772575359,36.0639661607797],[-86.691769265059,36.0639574912126],[-86.6917631016266,36.0639478891323],[-86.691758927041,36.0639376041796],[-86.6917568513344,36.0639269070103],[-86.6917569302344,36.0639160785059],[-86.6917591606538,36.0639054016881],[-86.691763485099,36.0638951580879],[-86.6917697893407,36.0638856151414],[-86.69177790794,36.0638770234539],[-86.6918316701934,36.0638238039878],[-86.6918825301069,36.0637687354938]]]},"properties":{"id":"221185","parcel":"14814018400","address":"4632 PACKARD DR","owner":"NGUYEN, HOANGDAN  PHUNG & XIAOHONG, MAGGIE","point":[-86.69196145798362,36.06394326190683]}},{"type":"Feature","id":"221186","geometry":{"type":"Polygon","coordinates":[[[-86.6919911327235,36.0641175470079],[-86.6921735805451,36.0639318926217],[-86.6923849075721,36.0639548532039],[-86.6922141476572,36.0642393371125],[-86.6921553528213,36.0642127127684],[-86.6920984690318,36.0641834781137],[-86.692043672475,36.0641517240708],[-86.6919911327235,36.0641175470079]]]},"properties":{"id":"221186","parcel":"14814018500","address":"4636 PACKARD DR","owner":"MULLINS, GERALD B. ET UX","point":[-86.69220361040438,36.06403624030071]}},{"type":"Feature","id":"221187","geometry":{"type":"Polygon","coordinates":[[[-86.6922141476572,36.0642393371125],[-86.6923849075721,36.0639548532039],[-86.6925447728951,36.0639737144291],[-86.6925555988415,36.0639736522281],[-86.6924800367803,36.0643103345766],[-86.6924250723588,36.0643010002614],[-86.6923708334819,36.0642891931309],[-86.6923174903088,36.0642749491617],[-86.6922652075266,36.0642583133747],[-86.6922141476572,36.0642393371125]]]},"properties":{"id":"221187","parcel":"14814018600","address":"4640 PACKARD DR","owner":"PARMAN, ZACHARIAH & ANGELINA BYASS","point":[-86.69240984620663,36.06410660386043]}},{"type":"Feature","id":"221188","geometry":{"type":"Polygon","coordinates":[[[-86.6918006110479,36.0627538679433],[-86.6918081375472,36.0626856965073],[-86.6922151063932,36.0627954422031],[-86.6922111273899,36.0628048050849],[-86.6921274367907,36.0629849481011],[-86.691739354009,36.0628684999147],[-86.6918006110479,36.0627538679433]]]},"properties":{"id":"221188","parcel":"14814019200","address":"4721 COLEMONT PL","owner":"CANALES, DILCIA M.","point":[-86.69197637045566,36.062836655635174]}},{"type":"Feature","id":"221189","geometry":{"type":"Polygon","coordinates":[[[-86.6919117228154,36.0618367885581],[-86.691930075889,36.0617685549491],[-86.6919510202391,36.0616871197358],[-86.6919720602316,36.0616166724546],[-86.6919825424966,36.0615770539044],[-86.692338291156,36.0617112684379],[-86.6923322957005,36.0617192774596],[-86.69232802243,36.0617279831977],[-86.692325589134,36.0617371452335],[-86.692325064622,36.0617465072066],[-86.6923152334928,36.0618608441136],[-86.6919117228154,36.0618367885581]]]},"properties":{"id":"221189","parcel":"14814019800","address":"4745 COLEMONT PL","owner":"MURRAY-HOLT, SHEWINNA & HOLT, KEVIN D","point":[-86.69213602279672,36.061723131905836]}},{"type":"Feature","id":"221190","geometry":{"type":"Polygon","coordinates":[[[-86.6919825424966,36.0615770539044],[-86.6919956160465,36.061524233751],[-86.6921829918356,36.0613616265535],[-86.6922480050323,36.0613678460973],[-86.6924081829609,36.0616559245282],[-86.6923864913423,36.0616658127729],[-86.6923672393358,36.0616786035636],[-86.6923510085548,36.0616939096127],[-86.692338291156,36.0617112684379],[-86.6919825424966,36.0615770539044]]]},"properties":{"id":"221190","parcel":"14814019900","address":"4749 COLEMONT PL","owner":"AO PROPCO 1, LLC","point":[-86.69216961962955,36.06155110757547]}},{"type":"Feature","id":"221328","geometry":{"type":"Polygon","coordinates":[[[-86.6917313480631,36.0628817325803],[-86.691739354009,36.0628684999147],[-86.6921274367907,36.0629849481011],[-86.6920600238689,36.0631347792641],[-86.6920530838086,36.0631502022654],[-86.6916541576044,36.0630316187261],[-86.6917313480631,36.0628817325803]]]},"properties":{"id":"221328","parcel":"14814019100","address":"4717 COLEMONT PL","owner":"BARLOW, DAVID L. & ROSLYN R.","point":[-86.69189157425497,36.06300828564463]}},{"type":"Feature","id":"221330","geometry":{"type":"Polygon","coordinates":[[[-86.6918403766498,36.0623470648923],[-86.6918552966531,36.0621953378025],[-86.6922858942186,36.062221436223],[-86.6922711676135,36.0623951410314],[-86.6918379000999,36.0623734516503],[-86.6918403766498,36.0623470648923]]]},"properties":{"id":"221330","parcel":"14814019500","address":"4733 COLEMONT PL","owner":"MONTANO, ELIZABETH MONTANO & REVELO, YOALMO ANTONIO","point":[-86.69206356483762,36.06228425186842]}},{"type":"Feature","id":"221332","geometry":{"type":"Polygon","coordinates":[[[-86.6924081829609,36.0616559245282],[-86.6922480050323,36.0613678460973],[-86.6927518120483,36.0614089055143],[-86.6925382526283,36.0616727586662],[-86.6925223355669,36.0616631757076],[-86.6925047413972,36.0616557753845],[-86.6924859201914,36.0616507434795],[-86.6924663515195,36.0616482115285],[-86.6924465365537,36.061648242446],[-86.6924269803485,36.061650835133],[-86.6924081829609,36.0616559245282]]]},"properties":{"id":"221332","parcel":"14814020000","address":"4740 COLEMONT PL","owner":"CARVAJAL, JOSE ANTONIO CARVAJAL","point":[-86.69249592397462,36.06152826839037]}},{"type":"Feature","id":"221334","geometry":{"type":"Polygon","coordinates":[[[-86.6930464728766,36.0615995110548],[-86.693051812902,36.0615906891998],[-86.6933955263164,36.0618963909463],[-86.6932529968528,36.0620027000863],[-86.6929583849583,36.0617406705118],[-86.6930464728766,36.0615995110548]]]},"properties":{"id":"221334","parcel":"14814020700","address":"113 COLEMONT DR","owner":"SMITH, JAMES RANDOLPH & BETTY FAY G. COMM PROPERTY TR","point":[-86.69317695559747,36.061818530928214]}},{"type":"Feature","id":"221809","geometry":{"type":"Polygon","coordinates":[[[-86.6931520637994,36.0622230511899],[-86.6932999869061,36.0621145129161],[-86.6935754439074,36.0623524775604],[-86.6934785811152,36.0624189685057],[-86.6933978625096,36.0624743726066],[-86.6931332324368,36.062236345304],[-86.6931520637994,36.0622230511899]]]},"properties":{"id":"221809","parcel":"14814021600","address":"116 COLEMONT DR","owner":"ALBRIGHT, WILLIAM J. ET UX","point":[-86.69335301390095,36.06229440824846]}},{"type":"Feature","id":"221811","geometry":{"type":"Polygon","coordinates":[[[-86.6932875408537,36.0625497292635],[-86.6933817192237,36.0624854539583],[-86.6937055511853,36.0626835816382],[-86.6936884847434,36.0627032287628],[-86.6936732973823,36.0627238673015],[-86.6936600757698,36.0627453795888],[-86.6932875408537,36.0625497292635]]]},"properties":{"id":"221811","parcel":"14814022600","address":"4820 GILLESPIE DR","owner":"ESQUIVEL, JULIO SERGIO","point":[-86.69350557783746,36.062616678725895]}},{"type":"Feature","id":"222199","geometry":{"type":"Polygon","coordinates":[[[-86.6938136458057,36.0617335522589],[-86.693840538877,36.0617136187167],[-86.6938732394714,36.0616894706672],[-86.6939028757918,36.0616628436852],[-86.6939291658795,36.0616339908551],[-86.6942991038222,36.0618428400082],[-86.6941546950226,36.0620436627612],[-86.6938136458057,36.0617335522589]]]},"properties":{"id":"222199","parcel":"14814021200","address":"132 COLEMONT DR","owner":"PONCE, JOSE ARTURO MARTINEZ & ROCHA, BRISA G. C.","point":[-86.6940381009819,36.06178814973969]}},{"type":"Feature","id":"222200","geometry":{"type":"Polygon","coordinates":[[[-86.6936361440022,36.0618642383761],[-86.6938136458057,36.0617335522589],[-86.6941546950226,36.0620436627612],[-86.6940278115085,36.0620817544534],[-86.693919816643,36.0621131434564],[-86.6936361440022,36.0618642383761]]]},"properties":{"id":"222200","parcel":"14814021300","address":"128 COLEMONT DR","owner":"SEGURA, MIGUEL ANGEL  VILLANUEVA & ET AL","point":[-86.69389720680346,36.061953955412925]}},{"type":"Feature","id":"222201","geometry":{"type":"Polygon","coordinates":[[[-86.6934667216808,36.0619904821663],[-86.6936361440022,36.0618642383761],[-86.693919816643,36.0621131434564],[-86.6938068112482,36.0621907142893],[-86.6937449232749,36.062232826215],[-86.6934667216808,36.0619904821663]]]},"properties":{"id":"222201","parcel":"14814021400","address":"124 COLEMONT DR","owner":"PANYAVONG, KHAMPHENG & PASITSOM","point":[-86.69369352202231,36.06205181367145]}},{"type":"Feature","id":"222202","geometry":{"type":"Polygon","coordinates":[[[-86.6926555572544,36.0627093996528],[-86.692639361548,36.0624040124849],[-86.6926860344589,36.0624017127746],[-86.6927323886254,36.0623967209328],[-86.6927781878429,36.0623890644545],[-86.6928231993237,36.0623787807301],[-86.6929424777364,36.0627099478545],[-86.692755797841,36.0627198120614],[-86.6926555572544,36.0627093996528]]]},"properties":{"id":"222202","parcel":"14814021900","address":"104 COLEMONT DR","owner":"AISPURO, RUPERTO & NORMA","point":[-86.6927674629508,36.062556920150705]}},{"type":"Feature","id":"222203","geometry":{"type":"Polygon","coordinates":[[[-86.6923819400412,36.0626824018095],[-86.6923872148996,36.0626528354514],[-86.6923895426258,36.0626230201427],[-86.6924044041862,36.0624647004143],[-86.6924064293839,36.0624531622278],[-86.6924108506472,36.0624420735383],[-86.6924175365015,36.0624317604653],[-86.6924262919829,36.0624225242566],[-86.6924368597094,36.0624146367765],[-86.6924489308865,36.0624083296265],[-86.6924621496843,36.0624037869102],[-86.6924761298558,36.0624011415329],[-86.6924904602632,36.0624004724656],[-86.6926122955519,36.062404168014],[-86.692639361548,36.0624040124849],[-86.6926555572544,36.0627093996528],[-86.6923819400412,36.0626824018095]]]},"properties":{"id":"222203","parcel":"14814022000","address":"100 COLEMONT DR","owner":"OTEGA-NAVARRO, NEREIDA & BASILIO-GONZALEZ, HUMBERTO","point":[-86.69252189276438,36.0625441807626]}},{"type":"Feature","id":"222204","geometry":{"type":"Polygon","coordinates":[[[-86.6923819400412,36.0626824018095],[-86.6926555572544,36.0627093996528],[-86.692755797841,36.0627198120614],[-86.6926549571615,36.0629511497497],[-86.692405296983,36.062877863014],[-86.6923938552923,36.0628739973281],[-86.6923833114314,36.0628687069578],[-86.6923739363077,36.06286212554],[-86.6923659633792,36.0628544202746],[-86.6923595974948,36.0628457873669],[-86.6923549970561,36.0628364431173],[-86.6923522806775,36.062826623883],[-86.6923515160389,36.0628165807343],[-86.6923527219804,36.0628065650218],[-86.6923558696437,36.0627968319755],[-86.69236680405,36.0627590413183],[-86.6923755016975,36.0627208687447],[-86.6923819400412,36.0626824018095]]]},"properties":{"id":"222204","parcel":"14814022100","address":"4800 GILLESPIE DR","owner":"PEREZ, JULIO HERNANDEZ","point":[-86.69253375599692,36.06281203889809]}},{"type":"Feature","id":"222205","geometry":{"type":"Polygon","coordinates":[[[-86.6931152603323,36.0626584075717],[-86.6931422113991,36.0626450667697],[-86.6932844891096,36.0628200642659],[-86.6933448018443,36.0629076252244],[-86.6933941727324,36.0629820632759],[-86.6933436001228,36.0630023285003],[-86.6932913243947,36.063019509383],[-86.6932376300052,36.0630335105519],[-86.6931152603323,36.0626584075717]]]},"properties":{"id":"222205","parcel":"14814022400","address":"4812 GILLESPIE DR","owner":"GARNER, TERI C.","point":[-86.69324840736404,36.0628636752674]}},{"type":"Feature","id":"222206","geometry":{"type":"Polygon","coordinates":[[[-86.693919816643,36.0621131434564],[-86.6940278115085,36.0620817544534],[-86.6941283400452,36.0624350053853],[-86.6940955560412,36.0624418790186],[-86.6940635122292,36.0624507627563],[-86.693919816643,36.0621131434564]]]},"properties":{"id":"222206","parcel":"14814022900","address":"4832 GILLESPIE DR","owner":"MCCLAIN, LESTER C.","point":[-86.69403542832056,36.0622741034377]}},{"type":"Feature","id":"222532","geometry":{"type":"Polygon","coordinates":[[[-86.6980148213683,36.0676277058991],[-86.6986965631737,36.0675819996962],[-86.6987235335043,36.0678785331212],[-86.698282539105,36.0679052628129],[-86.6980148213683,36.0676277058991]]]},"properties":{"id":"222532","parcel":"14810008400","address":"3916 E RIDGE DR","owner":"HOYORZABAL, SARA RODRIGUEZ ET AL","point":[-86.69842371332415,36.067753257253905]}},{"type":"Feature","id":"222538","geometry":{"type":"Polygon","coordinates":[[[-86.6980071109977,36.065825636528],[-86.6980200074907,36.0657530371549],[-86.698762324654,36.0658256538268],[-86.6987595276934,36.0658432541339],[-86.6987238496821,36.0660676261384],[-86.6979814563873,36.0659862167145],[-86.6980071109977,36.065825636528]]]},"properties":{"id":"222538","parcel":"14810008900","address":"3926 E RIDGE DR","owner":"ALHAWAMDEH, HUSSEIN","point":[-86.69837051916667,36.065914736125]}},{"type":"Feature","id":"222542","geometry":{"type":"Polygon","coordinates":[[[-86.6964808364271,36.0680321648194],[-86.6966262032438,36.0676313432827],[-86.6970114729455,36.0677324080007],[-86.6969287494401,36.0681768217365],[-86.6968282617457,36.0681651596077],[-86.6967282862558,36.0681508852132],[-86.6966289252647,36.0681340159887],[-86.6965302832702,36.0681145675552],[-86.6965177173258,36.0681098327068],[-86.6965063257464,36.0681034345087],[-86.6964964398505,36.0680955567117],[-86.696488344744,36.0680864302006],[-86.6964822780918,36.0680763194816],[-86.6964784156552,36.0680655191614],[-86.6964768689772,36.0680543431442],[-86.6964776842014,36.0680431165275],[-86.6964808364271,36.0680321648194]]]},"properties":{"id":"222542","parcel":"14810009700","address":"3917 KEELEY DR","owner":"OWENS,  KAREN Y.","point":[-86.69675942474369,36.06788232027804]}},{"type":"Feature","id":"222547","geometry":{"type":"Polygon","coordinates":[[[-86.6958230191326,36.0667920652318],[-86.6958358792939,36.0667150716616],[-86.6967118751175,36.066905606949],[-86.6966325607475,36.0671214402049],[-86.6957972410122,36.066939460693],[-86.6958230191326,36.0667920652318]]]},"properties":{"id":"222547","parcel":"14810010100","address":"3924 KEELEY DR","owner":"FREUDENTHAL, JUANITA W. & CLARENCE R.","point":[-86.69625281889498,36.06692253028659]}},{"type":"Feature","id":"222552","geometry":{"type":"Polygon","coordinates":[[[-86.695948797845,36.0660089580808],[-86.696072017858,36.0658610008012],[-86.6970125414106,36.0660028117626],[-86.6969858565751,36.0661066725376],[-86.696954805259,36.0662097293674],[-86.695948797845,36.0660089580808]]]},"properties":{"id":"222552","parcel":"14810010500","address":"3932 KEELEY DR","owner":"ZUKANOVIC, MIRSAD & AMIRA","point":[-86.69659407681223,36.06605813731681]}},{"type":"Feature","id":"222556","geometry":{"type":"Polygon","coordinates":[[[-86.699616885644,36.0700380844184],[-86.6996930608083,36.0694662408721],[-86.6997954946646,36.0694172995062],[-86.7000434976779,36.0692993791944],[-86.7000779355745,36.0695211468883],[-86.7001124738145,36.0697539024508],[-86.70005309821,36.0700817040899],[-86.6999079926557,36.0700652383964],[-86.6997625755034,36.0700506967789],[-86.699616885644,36.0700380844184]]]},"properties":{"id":"222556","parcel":"14810002900","address":"243 HAYWOOD LN","owner":"MARTINEZ, ERNESTO G & CAROLINA Z & RENEE","point":[-86.69988279530062,36.06963699303106]}},{"type":"Feature","id":"222558","geometry":{"type":"Polygon","coordinates":[[[-86.6953160661486,36.0676327031184],[-86.6952697011741,36.0675930228729],[-86.6958215506,36.0672426021107],[-86.6958886497677,36.0674861594463],[-86.6956019492436,36.067821864908],[-86.6955408909331,36.0677880729331],[-86.6954816660867,36.067752193787],[-86.695424385171,36.0677142917278],[-86.6953691509365,36.0676744373668],[-86.6953160661486,36.0676327031184]]]},"properties":{"id":"222558","parcel":"14810011300","address":"3830 CREEKSIDE DR","owner":"WOLCZYK, JENNA LAYNE & FAESSLER, JASON ROBERT","point":[-86.695598595629,36.06753964087841]}},{"type":"Feature","id":"222559","geometry":{"type":"Polygon","coordinates":[[[-86.6993695737438,36.0696197593586],[-86.6996930608083,36.0694662408721],[-86.699616885644,36.0700380844184],[-86.6994397922239,36.0700240029429],[-86.6993216248773,36.0700156233948],[-86.6993695737438,36.0696197593586]]]},"properties":{"id":"222559","parcel":"14810003000","address":"241 HAYWOOD LN","owner":"SMITH, JEROME B. & JOANNA K.","point":[-86.69949587164571,36.069818068213266]}},{"type":"Feature","id":"222562","geometry":{"type":"Polygon","coordinates":[[[-86.6995854554057,36.0683130711604],[-86.6996351992955,36.0683013613644],[-86.6996838660624,36.0682869719684],[-86.6997312364794,36.0682699691386],[-86.6997770969497,36.0682504280223],[-86.7001470652856,36.06876473625],[-86.7001289317757,36.068857144937],[-86.7001133873098,36.0689363527739],[-86.699788607511,36.0689426314997],[-86.6995854554057,36.0683130711604]]]},"properties":{"id":"222562","parcel":"14810003800","address":"3905 CREEKSIDE DR","owner":"GARCIA, BLANCA YESENIA VANEGAS","point":[-86.69982149298221,36.06853879193523]}},{"type":"Feature","id":"222571","geometry":{"type":"Polygon","coordinates":[[[-86.6988882796665,36.0678358214926],[-86.6994267183008,36.0678085233171],[-86.6995301779205,36.0681837302898],[-86.6994964906882,36.0681888513034],[-86.6994625854203,36.0681929127595],[-86.6993129483371,36.0682010155687],[-86.6990080362124,36.0682175264123],[-86.6989947744514,36.0682176321551],[-86.698981662932,36.0682160137671],[-86.698969039481,36.0682127107485],[-86.6989572301269,36.0682078095351],[-86.6989465401553,36.0682014363395],[-86.6989372452126,36.0681937554003],[-86.6989295846139,36.0681849654156],[-86.6989237568392,36.0681752923591],[-86.698919912857,36.0681649877155],[-86.6989181504556,36.0681543149948],[-86.6988882796665,36.0678358214926]]]},"properties":{"id":"222571","parcel":"14810004200","address":"3913 E RIDGE DR","owner":"BOUGHTER, JOYCE & SEXTON, BOBBY R.","point":[-86.69919088462065,36.06799579050409]}},{"type":"Feature","id":"222575","geometry":{"type":"Polygon","coordinates":[[[-86.6995180312175,36.0674190011893],[-86.6995487132973,36.0672144367256],[-86.7001730512666,36.0674130000256],[-86.7000694424486,36.0676355695868],[-86.6995075497191,36.0674586203527],[-86.6995180312175,36.0674190011893]]]},"properties":{"id":"222575","parcel":"14810004500","address":"3910 CREEKSIDE DR","owner":"MINUTA, GIAN M.","point":[-86.69983653588298,36.06743962190474]}},{"type":"Feature","id":"222605","geometry":{"type":"Polygon","coordinates":[[[-86.693726186029,36.0628768609352],[-86.6937475900875,36.0628482570918],[-86.6937671996488,36.062818817265],[-86.6937849642918,36.06278861475],[-86.6938054041461,36.0627596838706],[-86.6938277381446,36.0627316902377],[-86.6938519004027,36.0627047162467],[-86.6941806075789,36.0629184735396],[-86.6940613650051,36.0630567911684],[-86.693726186029,36.0628768609352]]]},"properties":{"id":"222605","parcel":"14814024800","address":"4833 GILLESPIE DR","owner":"JURADO PROPERTIES LLC","point":[-86.69395671293752,36.0628976759189]}},{"type":"Feature","id":"222608","geometry":{"type":"Polygon","coordinates":[[[-86.6925555988415,36.0639736522281],[-86.6925447728951,36.0639737144291],[-86.692396066312,36.0636822744102],[-86.6924005509789,36.0636618930995],[-86.6924076230128,36.0636419998435],[-86.6924172021639,36.0636228123126],[-86.6927980682701,36.0638425962158],[-86.692772362114,36.0639987791344],[-86.6925555988415,36.0639736522281]]]},"properties":{"id":"222608","parcel":"14814026000","address":"309 COLEMONT TER","owner":"DOUGLAS, WILLIAM E., II & JANELLE J.","point":[-86.69254809589943,36.06376230988893]}},{"type":"Feature","id":"222611","geometry":{"type":"Polygon","coordinates":[[[-86.6918825301069,36.0637687354938],[-86.6919127443968,36.0637311920305],[-86.6919405013544,36.0636924170881],[-86.6919681866928,36.0636474606279],[-86.6919920476552,36.0636010813545],[-86.6919988606203,36.0635904332014],[-86.6920078279035,36.0635808965838],[-86.6920186822217,36.0635727542368],[-86.6920311004466,36.06356624956],[-86.6920447112807,36.0635615757573],[-86.6920591096633,36.0635588730507],[-86.692073865588,36.0635582214195],[-86.6920885407528,36.0635596405047],[-86.6921026952037,36.0635630877682],[-86.692249258413,36.0636083955929],[-86.6921273342087,36.063905785645],[-86.6918825301069,36.0637687354938]]]},"properties":{"id":"222611","parcel":"14814026200","address":"4704 COLEMONT PL","owner":"MENDOZA, HUMBERTO","point":[-86.69204427333584,36.06375034056381]}},{"type":"Feature","id":"222613","geometry":{"type":"Polygon","coordinates":[[[-86.6943830302291,36.0613028210304],[-86.6945985562647,36.0611872987295],[-86.6948575639102,36.0614786492851],[-86.6948104343631,36.0615058424099],[-86.6947134583229,36.0615591446929],[-86.6946218571283,36.0616080239513],[-86.6943830302291,36.0613028210304]]]},"properties":{"id":"222613","parcel":"14814027000","address":"144 COLEMONT DR","owner":"MCPHERSON, CLIFTON E., JR. ET UX","point":[-86.69461562908612,36.061390723501006]}},{"type":"Feature","id":"222617","geometry":{"type":"Polygon","coordinates":[[[-86.6941405711721,36.061433881211],[-86.6943830302291,36.0613028210304],[-86.6946218571283,36.0616080239513],[-86.6944950897716,36.0616593013008],[-86.6944060769999,36.0616949778504],[-86.6941405711721,36.061433881211]]]},"properties":{"id":"222617","parcel":"14814027100","address":"140 COLEMONT DR","owner":"SALIH, HAJARA","point":[-86.69439139217648,36.06152097877077]}},{"type":"Feature","id":"222620","geometry":{"type":"Polygon","coordinates":[[[-86.6937049294781,36.0611397000548],[-86.693812693952,36.0610819390999],[-86.6940178158302,36.0610148272569],[-86.6942148572816,36.0612620331295],[-86.69404242504,36.06135313139],[-86.694013413482,36.0613726012984],[-86.6939832066958,36.0613908334043],[-86.6937049294781,36.0611397000548]]]},"properties":{"id":"222620","parcel":"14814027300","address":"133 COLEMONT DR","owner":"VUONG, DUNG & KISS, AGOSTON","point":[-86.69396934975724,36.06120089100459]}},{"type":"Feature","id":"222688","geometry":{"type":"Polygon","coordinates":[[[-86.698282539105,36.0679052628129],[-86.6987235335043,36.0678785331212],[-86.6987504256184,36.0681662758333],[-86.6987494716839,36.0681779773472],[-86.698746208455,36.0681894002306],[-86.6987407176728,36.068200245684],[-86.6987331445031,36.0682102316646],[-86.6987236886719,36.06821909474],[-86.6987125957118,36.0682266045601],[-86.6987001558438,36.0682325629621],[-86.6986866963101,36.0682368157314],[-86.698672566927,36.0682392508834],[-86.698272169151,36.0682657452173],[-86.698282539105,36.0679052628129]]]},"properties":{"id":"222688","parcel":"14810008300","address":"3914 E RIDGE DR","owner":"JOHANSON, JOSHUA D. & EMILIE","point":[-86.69850854139149,36.06803574957899]}},{"type":"Feature","id":"222714","geometry":{"type":"Polygon","coordinates":[[[-86.6934474037094,36.0607851537861],[-86.693492349259,36.0607652669694],[-86.6935389229709,36.0607480259586],[-86.6935868902832,36.0607335177237],[-86.6936360054325,36.0607218175833],[-86.6936860213967,36.0607129837384],[-86.6937366854864,36.0607070609043],[-86.6937877404387,36.060704078501],[-86.693812693952,36.0610819390999],[-86.6937049294781,36.0611397000548],[-86.6936941614709,36.0611463549411],[-86.6934474037094,36.0607851537861]]]},"properties":{"id":"222714","parcel":"14814027600","address":"4008 SHUFELD CT","owner":"MCPHERSON, CLIFTON ET UX","point":[-86.69367578024635,36.06093366345073]}},{"type":"Feature","id":"222717","geometry":{"type":"Polygon","coordinates":[[[-86.6923116697626,36.0609081612741],[-86.6923564750126,36.0607694482317],[-86.6923854242876,36.0606747811109],[-86.6924170593234,36.0605779003131],[-86.6925362523159,36.0605115594801],[-86.6929207592842,36.0609178470758],[-86.6928992308935,36.0609228738378],[-86.6928790405129,36.0609307508849],[-86.6928607545355,36.0609412559493],[-86.69284488655,36.0609540940626],[-86.6928318840846,36.0609689048426],[-86.6923116697626,36.0609081612741]]]},"properties":{"id":"222717","parcel":"14814028200","address":"4033 SHUFELD CT","owner":"ECHEVERRIA, REINA","point":[-86.69255367796364,36.06072258345195]}},{"type":"Feature","id":"222719","geometry":{"type":"Polygon","coordinates":[[[-86.6925362523159,36.0605115594801],[-86.6926147014009,36.0604677036341],[-86.6927379340316,36.060399141146],[-86.6931419116894,36.0608264702479],[-86.6931230614904,36.0608375671377],[-86.6930934286701,36.0608568267945],[-86.6930618208439,36.0608738932525],[-86.6930284866086,36.0608886334929],[-86.6929936824887,36.0609009324774],[-86.6929576807296,36.060910695807],[-86.6929207592842,36.0609178470758],[-86.6925362523159,36.0605115594801]]]},"properties":{"id":"222719","parcel":"14814028300","address":"4029 SHUFELD CT","owner":"HARBI, JAMAL AL","point":[-86.6928391632081,36.06066901545526]}},{"type":"Feature","id":"222723","geometry":{"type":"Polygon","coordinates":[[[-86.6933584748388,36.0601318492812],[-86.6934801351672,36.0601157625916],[-86.6935531347683,36.0601065541126],[-86.6936674274678,36.0606031247285],[-86.6936118819674,36.0606136712869],[-86.6935569938998,36.060626288799],[-86.6934513110702,36.0603796558267],[-86.6933584748388,36.0601318492812]]]},"properties":{"id":"222723","parcel":"14814028600","address":"4019 SHUFELD CT","owner":"JETER, GLORIA & AUSTIN, JUSTIN","point":[-86.69349623756284,36.060255986149414]}},{"type":"Feature","id":"222727","geometry":{"type":"Polygon","coordinates":[[[-86.6933817192237,36.0624854539583],[-86.6933978625096,36.0624743726066],[-86.6934785811152,36.0624189685057],[-86.6937645403805,36.0626195085518],[-86.6937344370359,36.0626511754697],[-86.6937055511853,36.0626835816382],[-86.6933817192237,36.0624854539583]]]},"properties":{"id":"222727","parcel":"14814029100","address":"4822 GILLESPIE DR","owner":"LILYANN PROPERTIES 1 LLC","point":[-86.6935801213567,36.0625524992797]}},{"type":"Feature","id":"222729","geometry":{"type":"Polygon","coordinates":[[[-86.6935888809859,36.0623414117543],[-86.6937018868156,36.0622638420298],[-86.6939097978328,36.0625153804566],[-86.6938822139018,36.0625299571336],[-86.6938561346954,36.0625462574149],[-86.6938317225,36.0625641794234],[-86.6935888809859,36.0623414117543]]]},"properties":{"id":"222729","parcel":"14814029200","address":"4826 GILLESPIE DR","owner":"WANG, ZUOFEI","point":[-86.69376080384698,36.06242842550139]}},{"type":"Feature","id":"222733","geometry":{"type":"Polygon","coordinates":[[[-86.6956559393021,36.0622393934416],[-86.6956066596232,36.0621759451568],[-86.6956253976029,36.0621765048713],[-86.6956440480172,36.0621749236308],[-86.6956622392559,36.0621712306188],[-86.6956796123291,36.0621655018131],[-86.6956958229845,36.0621578482565],[-86.6958853571824,36.0623581187425],[-86.6957052109779,36.0624572312648],[-86.6956823111327,36.0624694505926],[-86.6956648058677,36.0623250528341],[-86.6956559393021,36.0622393934416]]]},"properties":{"id":"222733","parcel":"14814029800","address":"4863 GILLESPIE DR","owner":"QUICHOCHO, REAGAN","point":[-86.69573713574117,36.06228241800067]}},{"type":"Feature","id":"222763","geometry":{"type":"Polygon","coordinates":[[[-86.6929716417322,36.0623295778854],[-86.6930151738686,36.0623100490847],[-86.6930567717644,36.0622879149548],[-86.6930962000666,36.0622633003274],[-86.6931332324368,36.062236345304],[-86.6933978625096,36.0624743726066],[-86.6933817192237,36.0624854539583],[-86.6932875408537,36.0625497292635],[-86.6932283629353,36.0625918262308],[-86.693174537543,36.0626272985751],[-86.6929716417322,36.0623295778854]]]},"properties":{"id":"222763","parcel":"14814021700","address":"112 COLEMONT DR","owner":"TEPATLAN, JAZMIN PEREZ & TRANQUILINO, JOSE M. M.","point":[-86.69316922308354,36.062401935688364]}},{"type":"Feature","id":"222767","geometry":{"type":"Polygon","coordinates":[[[-86.6928231993237,36.0623787807301],[-86.6928736516618,36.0623643576489],[-86.6929231719426,36.0623479435549],[-86.6929716417322,36.0623295778854],[-86.693174537543,36.0626272985751],[-86.6931422113991,36.0626450667697],[-86.6931152603323,36.0626584075717],[-86.6930263438507,36.062705068311],[-86.6929424777364,36.0627099478545],[-86.6928231993237,36.0623787807301]]]},"properties":{"id":"222767","parcel":"14814021800","address":"108 COLEMONT DR","owner":"BROWN, KENNETH R.","point":[-86.69297892389378,36.06250298870194]}},{"type":"Feature","id":"222770","geometry":{"type":"Polygon","coordinates":[[[-86.6926549571615,36.0629511497497],[-86.692755797841,36.0627198120614],[-86.6929424777364,36.0627099478545],[-86.6930263438507,36.062705068311],[-86.6929236038142,36.0630287232984],[-86.692890261535,36.0630176966573],[-86.6928557647233,36.0630093336358],[-86.6926549571615,36.0629511497497]]]},"properties":{"id":"222770","parcel":"14814022200","address":"4804 GILLESPIE DR","owner":"786 PROPERTIES, LLC","point":[-86.69284504827401,36.062835838879074]}},{"type":"Feature","id":"222773","geometry":{"type":"Polygon","coordinates":[[[-86.6929236038142,36.0630287232984],[-86.6930263438507,36.062705068311],[-86.6931152603323,36.0626584075717],[-86.6932376300052,36.0630335105519],[-86.6931857159428,36.0630417647703],[-86.6931331254983,36.0630464159076],[-86.6930802402513,36.0630474311251],[-86.6930274375771,36.0630448046476],[-86.6929751005978,36.0630385531996],[-86.6929236038142,36.0630287232984]]]},"properties":{"id":"222773","parcel":"14814022300","address":"4808 GILLESPIE DR","owner":"WARD, RONALD M. & NANCY R. & RONALD K.","point":[-86.69307921163968,36.06286716274984]}},{"type":"Feature","id":"222776","geometry":{"type":"Polygon","coordinates":[[[-86.693174537543,36.0626272985751],[-86.6932283629353,36.0625918262308],[-86.6934217013322,36.0627247741918],[-86.6935196194744,36.0627791532661],[-86.6936039471345,36.0628270175559],[-86.6935865455961,36.0628496119975],[-86.6935667758516,36.0628708825542],[-86.6935447874435,36.0628906661328],[-86.6935207511076,36.0629088112347],[-86.693174537543,36.0626272985751]]]},"properties":{"id":"222776","parcel":"14814022500","address":"4816 GILLESPIE DR","owner":"AKHTER, ASM Z. & NAHAR, SHAMSUN","point":[-86.69339903209494,36.062751780557406]}},{"type":"Feature","id":"222780","geometry":{"type":"Polygon","coordinates":[[[-86.6935754439074,36.0623524775604],[-86.6935888809859,36.0623414117543],[-86.6938317225,36.0625641794234],[-86.6937645403805,36.0626195085518],[-86.6934785811152,36.0624189685057],[-86.6935754439074,36.0623524775604]]]},"properties":{"id":"222780","parcel":"14814022700","address":"4824 GILLESPIE DR","owner":"LAMONICA, JOSEPH WILLIAM","point":[-86.69366734592276,36.062491605256646]}},{"type":"Feature","id":"223413","geometry":{"type":"Polygon","coordinates":[[[-86.6988524359221,36.067453629063],[-86.6995180312175,36.0674190011893],[-86.6995075497191,36.0674586203527],[-86.6994554478092,36.0676896816093],[-86.6994267183008,36.0678085233171],[-86.6988882796665,36.0678358214926],[-86.6988524359221,36.067453629063]]]},"properties":{"id":"223413","parcel":"14810006100","address":"3915 E RIDGE DR","owner":"CERVANTES, JOSE J. HERNANDEZ ET AL","point":[-86.69917254616819,36.06757337601717]}},{"type":"Feature","id":"223417","geometry":{"type":"Polygon","coordinates":[[[-86.6980779701638,36.0689613429492],[-86.6983142752515,36.0687446003785],[-86.6988013698757,36.0687263936041],[-86.6988088737849,36.0688101372132],[-86.6988138226652,36.0688901498895],[-86.6988143429893,36.0689702630439],[-86.6980779701638,36.0689613429492]]]},"properties":{"id":"223417","parcel":"14810006300","address":"3910 E RIDGE DR","owner":"THOMAS, KEN & BRENDA 2026 COMMUNITY PROPERTY","point":[-86.69850611429348,36.06884937619875]}},{"type":"Feature","id":"223423","geometry":{"type":"Polygon","coordinates":[[[-86.6960372218307,36.0693049969711],[-86.6960642477013,36.069199377023],[-86.6960949183061,36.0690944155881],[-86.696129207708,36.0689901948304],[-86.6968451982722,36.0691442921148],[-86.6965387385549,36.069387809654],[-86.6960372218307,36.0693049969711]]]},"properties":{"id":"223423","parcel":"14810007300","address":"3905 KEELEY DR","owner":"UMANZOR, JOSE M & ALFARO, ANA D REYES","point":[-86.69644099257779,36.06917180043391]}},{"type":"Feature","id":"223428","geometry":{"type":"Polygon","coordinates":[[[-86.696129207708,36.0689901948304],[-86.6961551830791,36.0689126938117],[-86.6961847037803,36.0688360348404],[-86.6962640595949,36.0686245973138],[-86.6967740201058,36.0687447221222],[-86.6969446571885,36.0690645995894],[-86.6968451982722,36.0691442921148],[-86.696129207708,36.0689901948304]]]},"properties":{"id":"223428","parcel":"14810007400","address":"3909 KEELEY DR","owner":"MEJICANOS, ESMERALDA & GIRON, MAYRA","point":[-86.69650701544123,36.06887521824532]}},{"type":"Feature","id":"223434","geometry":{"type":"Polygon","coordinates":[[[-86.6969287494401,36.0681768217365],[-86.6970114729455,36.0677324080007],[-86.6974133948243,36.0675718490808],[-86.6973216023142,36.0682163054517],[-86.6969910633431,36.0681830543524],[-86.6969597180383,36.0681811824609],[-86.6969287494401,36.0681768217365]]]},"properties":{"id":"223434","parcel":"14810008000","address":"3842 CREEKSIDE DR","owner":"WALKER, CAROLE J.","point":[-86.69716442380076,36.06795510595366]}},{"type":"Feature","id":"223440","geometry":{"type":"Polygon","coordinates":[[[-86.697534794541,36.0675249945076],[-86.6977802623889,36.0674268748744],[-86.6976629680948,36.068249493886],[-86.6973216023142,36.0682163054517],[-86.6974133948243,36.0675718490808],[-86.697534794541,36.0675249945076]]]},"properties":{"id":"223440","parcel":"14810008100","address":"3846 CREEKSIDE DR","owner":"LUU, NAM","point":[-86.69754051012376,36.06789451396639]}},{"type":"Feature","id":"223482","geometry":{"type":"Polygon","coordinates":[[[-86.6922168188457,36.0612053952246],[-86.6922905919422,36.060974210567],[-86.6923116697626,36.0609081612741],[-86.6928318840846,36.0609689048426],[-86.6928234146869,36.0609845755298],[-86.6928181166456,36.0610011391884],[-86.692816120615,36.0610181759696],[-86.6928174805599,36.0610352547481],[-86.6928221593957,36.0610519413167],[-86.6928300402143,36.0610678127424],[-86.6921829918356,36.0613616265535],[-86.6922168188457,36.0612053952246]]]},"properties":{"id":"223482","parcel":"14814028100","address":"4037 SHUFELD CT","owner":"ALLMAN, BRADLEY W.","point":[-86.69245833910514,36.06113643740543]}},{"type":"Feature","id":"223487","geometry":{"type":"Polygon","coordinates":[[[-86.6930046028958,36.0602509120344],[-86.6930372607373,36.0602325930702],[-86.6931611864901,36.0601659495025],[-86.6932683293321,36.0603477420608],[-86.6934490200088,36.0606598755195],[-86.693395486598,36.0606818351146],[-86.6933438671771,36.0607066326436],[-86.6930046028958,36.0602509120344]]]},"properties":{"id":"223487","parcel":"14814028500","address":"4023 SHUFELD CT","owner":"MUKAHAL, MOHAMAD AZMI","point":[-86.69327561555771,36.06050359633498]}},{"type":"Feature","id":"223492","geometry":{"type":"Polygon","coordinates":[[[-86.6937786616883,36.0605942449514],[-86.693755465508,36.0603787293306],[-86.6937369861524,36.0600835217829],[-86.6937937469785,36.0600744021155],[-86.6939424520432,36.060055963746],[-86.6940595039659,36.0601322101227],[-86.6941275701337,36.0601779694608],[-86.6940224047454,36.0606104240287],[-86.693974458355,36.0606016358519],[-86.6939258700087,36.0605956011785],[-86.6938768797135,36.0605923483685],[-86.6938277307197,36.0605918958495],[-86.6937786616883,36.0605942449514]]]},"properties":{"id":"223492","parcel":"14814028700","address":"4013 SHUFELD CT","owner":"WAGNER, ANDRE L. & LORI A.","point":[-86.6939261052345,36.06027831019071]}},{"type":"Feature","id":"223498","geometry":{"type":"Polygon","coordinates":[[[-86.6940224047454,36.0606104240287],[-86.6941275701337,36.0601779694608],[-86.6942745676654,36.0602738219156],[-86.6944144437776,36.060365493591],[-86.6944345075485,36.0603794894478],[-86.6942476423834,36.0606772551808],[-86.6942050683677,36.0606589302774],[-86.6941610468612,36.0606430147238],[-86.6941157872189,36.0606295857248],[-86.6940694997719,36.060618705158],[-86.6940224047454,36.0606104240287]]]},"properties":{"id":"223498","parcel":"14814028800","address":"4009 SHUFELD CT","owner":"GEORGE, MIHAELA & MARIN","point":[-86.69420621329759,36.06049490018011]}},{"type":"Feature","id":"223501","geometry":{"type":"Polygon","coordinates":[[[-86.6942476423834,36.0606772551808],[-86.6944345075485,36.0603794894478],[-86.6945188908331,36.0604339457074],[-86.6947421139851,36.060579905226],[-86.6944652998728,36.0608056658574],[-86.6944147953256,36.0607693844148],[-86.6943615382113,36.0607357983342],[-86.6943057439797,36.0607050469718],[-86.6942476423834,36.0606772551808]]]},"properties":{"id":"223501","parcel":"14814028900","address":"4005 SHUFELD CT","owner":"HERNANDEZ, JAVIER RAMIREZ","point":[-86.69448019114506,36.060628543028265]}},{"type":"Feature","id":"223505","geometry":{"type":"Polygon","coordinates":[[[-86.6952692431354,36.0622817327764],[-86.6953742382666,36.0622168446216],[-86.6956311185343,36.0624963934895],[-86.6955196447935,36.0625555510118],[-86.695266548101,36.0622833994792],[-86.6952692431354,36.0622817327764]]]},"properties":{"id":"223505","parcel":"14814029900","address":"4859 GILLESPIE DR","owner":"HARRIS, RASHON","point":[-86.69544942304552,36.06238989812158]}},{"type":"Feature","id":"223559","geometry":{"type":"Polygon","coordinates":[[[-86.6989290326449,36.0658422714071],[-86.6989379529613,36.0657894746133],[-86.6997424868584,36.0658573307111],[-86.6997145120802,36.0660618795807],[-86.6989045044768,36.0659874612154],[-86.6989290326449,36.0658422714071]]]},"properties":{"id":"223559","parcel":"14810005300","address":"3931 E RIDGE DR","owner":"BURKS, RONNIE","point":[-86.69932455850658,36.06592239936263]}},{"type":"Feature","id":"223562","geometry":{"type":"Polygon","coordinates":[[[-86.6988765114998,36.0661898126414],[-86.6989045044768,36.0659874612154],[-86.6997145120802,36.0660618795807],[-86.6997119025385,36.066072880506],[-86.6996837728115,36.0662598506702],[-86.6988765114998,36.0661898126414]]]},"properties":{"id":"223562","parcel":"14810005400","address":"3929 E RIDGE DR","owner":"SCHEIBE, NATHAN ROSS & KATHRYN GRACE","point":[-86.69929384686648,36.06613134639896]}},{"type":"Feature","id":"223566","geometry":{"type":"Polygon","coordinates":[[[-86.6983085387889,36.068399594459],[-86.6985138188722,36.0683871417316],[-86.6986863971948,36.0683755027932],[-86.6987008438544,36.0683763221458],[-86.6987149449171,36.0683789956419],[-86.6987283445503,36.0683834559451],[-86.698740700924,36.0683895869687],[-86.6987516985168,36.0683972346196],[-86.6987610603189,36.0684062058262],[-86.6987685456195,36.0684162694526],[-86.6987739667926,36.0684271715228],[-86.6987771837474,36.0684386352534],[-86.6987899222305,36.0685902027121],[-86.6988013698757,36.0687263936041],[-86.6983142752515,36.0687446003785],[-86.6983085387889,36.068399594459]]]},"properties":{"id":"223566","parcel":"14810006200","address":"3912 E RIDGE DR","owner":"TRANSFIGURATION HOUSE TRUST","point":[-86.6985469905902,36.068513824284786]}},{"type":"Feature","id":"223569","geometry":{"type":"Polygon","coordinates":[[[-86.698187398816,36.0694002489692],[-86.6979064510822,36.069157931262],[-86.698805621994,36.0692098626634],[-86.6987999629657,36.0692561142881],[-86.6987928996011,36.0693022397613],[-86.6987779153094,36.0694451767572],[-86.698187398816,36.0694002489692]]]},"properties":{"id":"223569","parcel":"14810006500","address":"3904 E RIDGE DR","owner":"MERCER, RAY & SYLVIA K.","point":[-86.69845860688085,36.069351165402395]}},{"type":"Feature","id":"223572","geometry":{"type":"Polygon","coordinates":[[[-86.6981586644222,36.0696065005971],[-86.698187398816,36.0694002489692],[-86.6987779153094,36.0694451767572],[-86.6987548008785,36.0696515536808],[-86.6981586644222,36.0696065005971]]]},"properties":{"id":"223572","parcel":"14810006600","address":"3900 E RIDGE DR","owner":"CROW, JERRY B. & JENNIFER M.","point":[-86.69846940149459,36.06952584187471]}},{"type":"Feature","id":"223575","geometry":{"type":"Polygon","coordinates":[[[-86.6974416727758,36.0698682807226],[-86.697551431411,36.0691116376084],[-86.6978846229581,36.0691382789279],[-86.6977749060597,36.0698993176853],[-86.6974416727758,36.0698682807226]]]},"properties":{"id":"223575","parcel":"14810006800","address":"227 HAYWOOD LN","owner":"METRO GOV'T  NE  POWER BOARD","point":[-86.69766331117007,36.06950328045518]}},{"type":"Feature","id":"223578","geometry":{"type":"Polygon","coordinates":[[[-86.6971192846621,36.069839377456],[-86.6972372073747,36.0690870829952],[-86.697551431411,36.0691116376084],[-86.6974416727758,36.0698682807226],[-86.6971192846621,36.069839377456]]]},"properties":{"id":"223578","parcel":"14810006900","address":"225 HAYWOOD LN","owner":"VELEZ, CARMEN","point":[-86.69733748682616,36.06947551311549]}},{"type":"Feature","id":"223581","geometry":{"type":"Polygon","coordinates":[[[-86.696826695435,36.0698125011139],[-86.6969446571885,36.0690645995894],[-86.6971369774466,36.0690788715514],[-86.6972372073747,36.0690870829952],[-86.6971192846621,36.069839377456],[-86.696826695435,36.0698125011139]]]},"properties":{"id":"223581","parcel":"14810007000","address":"223 HAYWOOD LN","owner":"SEIN, AYE KYAW","point":[-86.6970321282311,36.06944979269032]}},{"type":"Feature","id":"223584","geometry":{"type":"Polygon","coordinates":[[[-86.6960372218307,36.0693049969711],[-86.6965387385549,36.069387809654],[-86.6964582332916,36.0697772677045],[-86.6960464475442,36.0697400878037],[-86.6960323067042,36.0697377062416],[-86.696018877214,36.0697333945242],[-86.6960065531999,36.0697272819637],[-86.6959957014535,36.0697195457985],[-86.6959866403802,36.0697104158209],[-86.695979637668,36.0697001617727],[-86.6959749002337,36.0696890861926],[-86.6959725663733,36.069677515449],[-86.6959727079112,36.0696657916156],[-86.6959899742928,36.069545044089],[-86.6960114841998,36.0694247461307],[-86.6960372218307,36.0693049969711]]]},"properties":{"id":"223584","parcel":"14810007200","address":"3901 KEELEY DR","owner":"GARCIA, ABRAHAM GARCIA & COBARRUBIAS, MAGDALENA M","point":[-86.69625956404357,36.06948555128168]}},{"type":"Feature","id":"223656","geometry":{"type":"Polygon","coordinates":[[[-86.6932999869061,36.0621145129161],[-86.6934667216808,36.0619904821663],[-86.6937449232749,36.062232826215],[-86.6937018868156,36.0622638420298],[-86.6935888809859,36.0623414117543],[-86.6935754439074,36.0623524775604],[-86.6932999869061,36.0621145129161]]]},"properties":{"id":"223656","parcel":"14814021500","address":"120 COLEMONT DR","owner":"RIVERA, FREDY FERNANDO DE LA ROCA","point":[-86.69352273766822,36.062173670494346]}},{"type":"Feature","id":"223660","geometry":{"type":"Polygon","coordinates":[[[-86.6937449232749,36.062232826215],[-86.6938068112482,36.0621907142893],[-86.6939852732182,36.0624797858354],[-86.6939097978328,36.0625153804566],[-86.6937018868156,36.0622638420298],[-86.6937449232749,36.062232826215]]]},"properties":{"id":"223660","parcel":"14814022800","address":"4828 GILLESPIE DR","owner":"HARRISON, CHARLENE","point":[-86.69385487724583,36.06237184286914]}},{"type":"Feature","id":"223665","geometry":{"type":"Polygon","coordinates":[[[-86.6941546950226,36.0620436627612],[-86.6942493871664,36.0620387218165],[-86.6943202777971,36.0624075273623],[-86.694214815972,36.0624191232995],[-86.6941546950226,36.0620436627612]]]},"properties":{"id":"223665","parcel":"14814023000","address":"4836 GILLESPIE DR","owner":"VAZQUEZ, HECTOR","point":[-86.69423456791311,36.062225587648484]}},{"type":"Feature","id":"223668","geometry":{"type":"Polygon","coordinates":[[[-86.6943863104402,36.0622203426985],[-86.6946594272229,36.0621901963969],[-86.6946793149988,36.0622977711157],[-86.6946800838916,36.062308521738],[-86.6946787744762,36.0623192374714],[-86.6946754177507,36.0623296549615],[-86.6946700969538,36.0623395186642],[-86.6946629420621,36.0623485862852],[-86.6946541298294,36.0623566332868],[-86.6946438761117,36.0623634637463],[-86.6946324336314,36.062368908568],[-86.6946200842857,36.0623728345389],[-86.6946069068287,36.0623751078146],[-86.6944176200163,36.0623959781111],[-86.6943863104402,36.0622203426985]]]},"properties":{"id":"223668","parcel":"14814023100","address":"400 GILLESPIE CT","owner":"KITCHENER, ROBERT S. ET UX","point":[-86.69453268588693,36.06225905667339]}},{"type":"Feature","id":"224035","geometry":{"type":"Polygon","coordinates":[[[-86.6953335469043,36.0696302309663],[-86.6952901966562,36.069625776304],[-86.6952913939875,36.0696174712657],[-86.6952936871776,36.0696015710857],[-86.6953024015261,36.0695411518414],[-86.6953463433406,36.069236459563],[-86.6958613930928,36.0693191978958],[-86.6958447033765,36.0694046531595],[-86.6958292494399,36.0694902608131],[-86.695829070872,36.0694912938154],[-86.6958097967514,36.0696095914984],[-86.6958075962099,36.0696203403093],[-86.695803253687,36.0696306508413],[-86.6957968843969,36.0696402421294],[-86.6957886625863,36.0696488554002],[-86.6957788104492,36.0696562559377],[-86.695767598206,36.0696622420968],[-86.6957553253185,36.069666655325],[-86.6957423270794,36.0696693720133],[-86.695728955883,36.0696703198274],[-86.6957155756349,36.0696694732334],[-86.6953335469043,36.0696302309663]]]},"properties":{"id":"224035","parcel":"14810011700","address":"211 HAYWOOD LN","owner":"WOODARD, DAVID M. ET UX","point":[-86.69557654057043,36.06944679583723]}},{"type":"Feature","id":"224036","geometry":{"type":"Polygon","coordinates":[[[-86.6947300051077,36.0687147631369],[-86.6947378118944,36.0686793778461],[-86.6947429237744,36.068643669203],[-86.6947453219677,36.0686077743116],[-86.6947449976536,36.0685718266131],[-86.694741846667,36.068529752946],[-86.6947354584476,36.0684879223558],[-86.6947258566282,36.0684464978384],[-86.6947130781781,36.0684056441155],[-86.6946971755442,36.0683655186084],[-86.6953095387961,36.067814760793],[-86.6953177094074,36.067820482792],[-86.6953636691471,36.0678520222408],[-86.6954112499081,36.0678819363153],[-86.6954603646151,36.0679101696366],[-86.6955109217834,36.0679366704559],[-86.6948790155312,36.0687292882944],[-86.6947300051077,36.0687147631369]]]},"properties":{"id":"224036","parcel":"14810012100","address":"3833 CREEKSIDE DR","owner":"KIMBLE, TIMOTHY L. & TRACI A.","point":[-86.69513777910785,36.0681511810217]}},{"type":"Feature","id":"224037","geometry":{"type":"Polygon","coordinates":[[[-86.693947736906,36.0671698918175],[-86.6947966623195,36.067050721327],[-86.6948105439129,36.0671133951293],[-86.6948273387687,36.0671755960859],[-86.6948470183855,36.0672372378368],[-86.6939152361336,36.0674777570708],[-86.693917374706,36.0674459077505],[-86.6939173858826,36.0674140111917],[-86.693947736906,36.0671698918175]]]},"properties":{"id":"224037","parcel":"14810012500","address":"3825 CREEKSIDE DR","owner":"FERNANDEZ, ELPIDIO ACOSTA","point":[-86.69421596331624,36.06732520145667]}},{"type":"Feature","id":"224048","geometry":{"type":"Polygon","coordinates":[[[-86.6990326474676,36.0611690813011],[-86.6991451846839,36.0610390388911],[-86.6993552439728,36.0608414009276],[-86.6996091857211,36.0608630028878],[-86.699150539757,36.0613400936316],[-86.6991447551353,36.0613362804916],[-86.6991317001369,36.0613138321484],[-86.699083338547,36.0612409308384],[-86.6990326474676,36.0611690813011]]]},"properties":{"id":"224048","parcel":"14814033000","address":"131 COLEMONT CT","owner":"PALMER, BARBARA J.","point":[-86.69923283538536,36.0611044212863]}},{"type":"Feature","id":"224049","geometry":{"type":"Polygon","coordinates":[[[-86.6917697981443,36.06584436898],[-86.6917713331668,36.0658355437937],[-86.6917719381541,36.0658179463231],[-86.6917693038518,36.0658004719918],[-86.6917634891693,36.0657835116193],[-86.6917546250815,36.0657674456975],[-86.6917429089691,36.0657526318048],[-86.6917286023906,36.0657394037177],[-86.6917120253821,36.0657280543191],[-86.6919164450531,36.065469092628],[-86.6920155702385,36.0658708341253],[-86.6919830337346,36.0658823464685],[-86.6919388495707,36.065899660546],[-86.6918956706294,36.0659185740269],[-86.6918836209499,36.0659234641683],[-86.6918707667876,36.0659267357107],[-86.6918574360085,36.065928305656],[-86.691843965736,36.0659281342151],[-86.6918307023501,36.0659262248077],[-86.6918179804208,36.0659226268871],[-86.6918061249043,36.0659174332233],[-86.6917954399873,36.0659107736586],[-86.6917861946881,36.0659028187948],[-86.6917786249984,36.0658937709686],[-86.6917729249788,36.0658838615983],[-86.6917694664898,36.0658742358867],[-86.6917677748136,36.0658643026112],[-86.6917678862203,36.0658542751682],[-86.6917697981443,36.06584436898]]]},"properties":{"id":"224049","parcel":"14814033300","address":"10 MARY ANTON CT","owner":"MEZA, LAURA AYALA & CASTILLO, LUIS ALEJANDRO VEGA","point":[-86.69188135670844,36.065598746068915]}},{"type":"Feature","id":"224050","geometry":{"type":"Polygon","coordinates":[[[-86.6924347119325,36.0658107286032],[-86.6924554138037,36.0654965782734],[-86.6925239353634,36.0655023349961],[-86.6925510319917,36.0653217878532],[-86.6926498107376,36.0655489635045],[-86.6926589568086,36.0658232659538],[-86.6924338148806,36.0658243476778],[-86.6924338178494,36.0658243062016],[-86.6924344541491,36.0658146497758],[-86.6924347119325,36.0658107286032]]]},"properties":{"id":"224050","parcel":"14814033600","address":"135 ANTON DR","owner":"ALSTON, ROBERT & CORA","point":[-86.69254876894298,36.065679862795264]}},{"type":"Feature","id":"224118","geometry":{"type":"Polygon","coordinates":[[[-86.6971935448917,36.0659622084454],[-86.6972250615674,36.0658521395521],[-86.6972381926646,36.0657896215977],[-86.6972483232669,36.0657267361478],[-86.6980071109977,36.065825636528],[-86.6979814563873,36.0659862167145],[-86.6979688460508,36.0660917798616],[-86.6971935448917,36.0659622084454]]]},"properties":{"id":"224118","parcel":"14810009000","address":"3939 KEELEY DR","owner":"FLORES, EMERSON","point":[-86.69760153573858,36.06590816413451]}},{"type":"Feature","id":"224119","geometry":{"type":"Polygon","coordinates":[[[-86.6968138174933,36.0671094040762],[-86.696885165518,36.0669111981362],[-86.6978184514148,36.0671519418913],[-86.6978082040337,36.0672179320739],[-86.6977904530337,36.0673542921207],[-86.6968138174933,36.0671094040762]]]},"properties":{"id":"224119","parcel":"14810009400","address":"3927 KEELEY DR","owner":"PRUETT, BRIAN","point":[-86.69731727089335,36.06713067690566]}},{"type":"Feature","id":"224120","geometry":{"type":"Polygon","coordinates":[[[-86.696737170993,36.0673208282009],[-86.6968138174933,36.0671094040762],[-86.6977904530337,36.0673542921207],[-86.6977853673657,36.0673916825599],[-86.6977802623889,36.0674268748744],[-86.697534794541,36.0675249945076],[-86.696737170993,36.0673208282009]]]},"properties":{"id":"224120","parcel":"14810009500","address":"3925 KEELEY DR","owner":"POE, FRED M.","point":[-86.69700778989831,36.06721570354684]}},{"type":"Feature","id":"224121","geometry":{"type":"Polygon","coordinates":[[[-86.6950072794988,36.0660627398302],[-86.6950139238694,36.0659969229719],[-86.6950169577813,36.0659309313507],[-86.6950163768284,36.0658648947774],[-86.6950158001605,36.0657989672338],[-86.6955569133581,36.065769473502],[-86.695948797845,36.0660089580808],[-86.6959359186628,36.0660837544519],[-86.6950072794988,36.0660627398302]]]},"properties":{"id":"224121","parcel":"14810010600","address":"3810 CREEKSIDE DR","owner":"CENTER, WILLIAM M.","point":[-86.69539344385494,36.065898871098476]}},{"type":"Feature","id":"224122","geometry":{"type":"Polygon","coordinates":[[[-86.6949706574117,36.0665178750024],[-86.6949877403074,36.0663045998855],[-86.6958897191417,36.0663719198328],[-86.6958718110712,36.0664906991304],[-86.695856398648,36.0665852888252],[-86.6949706574117,36.0665178750024]]]},"properties":{"id":"224122","parcel":"14810010800","address":"3814 CREEKSIDE DR","owner":"GREEN, ROBIN D.","point":[-86.69542927000232,36.06643016314815]}},{"type":"Feature","id":"224123","geometry":{"type":"Polygon","coordinates":[[[-86.6950614875374,36.0673085233159],[-86.6957767610451,36.0670736361465],[-86.6958075356687,36.0671877406349],[-86.6958215506,36.0672426021107],[-86.6952697011741,36.0675930228729],[-86.6952282944292,36.0675490743657],[-86.6951894632003,36.0675036031398],[-86.6951532904972,36.0674567078603],[-86.6951198549437,36.0674084935268],[-86.6950892329115,36.0673590615461],[-86.6950614875374,36.0673085233159]]]},"properties":{"id":"224123","parcel":"14810011200","address":"3826 CREEKSIDE DR","owner":"LOGAN, JOE C. ETUX","point":[-86.69537545069176,36.067334555436794]}},{"type":"Feature","id":"224124","geometry":{"type":"Polygon","coordinates":[[[-86.6954751832208,36.0684928940707],[-86.6957256402621,36.0680365258703],[-86.695811037248,36.0680681655943],[-86.6958981596532,36.0680965344461],[-86.6959868171021,36.0681215713326],[-86.6960768181635,36.0681432214759],[-86.696167964816,36.0681614382487],[-86.6961806995115,36.0681650356378],[-86.6961925711429,36.0681702233713],[-86.6962032832792,36.068176871574],[-86.6962125635789,36.0681848123773],[-86.6962201782762,36.068193846145],[-86.696225936645,36.0682037441513],[-86.6962296921882,36.0682142575865],[-86.6962313515495,36.0682251211106],[-86.6962308723568,36.0682360600766],[-86.6962282655295,36.0682468004304],[-86.6960944764217,36.0686057980015],[-86.6960854479205,36.0686300244143],[-86.6954751832208,36.0684928940707]]]},"properties":{"id":"224124","parcel":"14810011400","address":"3837 CREEKSIDE DR","owner":"PATTERSON, LORENDA & MICHAEL","point":[-86.69586261933031,36.0683698754888]}},{"type":"Feature","id":"224129","geometry":{"type":"Polygon","coordinates":[[[-86.6948674541831,36.0624549210519],[-86.6949095252238,36.0624461946985],[-86.6949509746256,36.0624356909721],[-86.6949916894035,36.0624234375633],[-86.6951700651712,36.0627408010534],[-86.6950027786381,36.0627629180365],[-86.6949337199583,36.062603983158],[-86.6949032547608,36.0625250411554],[-86.6948674541831,36.0624549210519]]]},"properties":{"id":"224129","parcel":"14814030100","address":"4851 GILLESPIE DR","owner":"CERNA, CALEB M. FERNANDEZ & ARAUZ, YELKA M. CHAVARRIA","point":[-86.69499484332226,36.06256470646003]}},{"type":"Feature","id":"224130","geometry":{"type":"Polygon","coordinates":[[[-86.6946214025733,36.0624849100462],[-86.6947539112229,36.0624709596222],[-86.6948128477187,36.0627879133432],[-86.694678339586,36.062805446249],[-86.6946554189373,36.062660529791],[-86.6946214025733,36.0624849100462]]]},"properties":{"id":"224130","parcel":"14814030200","address":"4847 GILLESPIE DR","owner":"LAG PROPERTIES, LLC","point":[-86.6947056537932,36.06257289119278]}},{"type":"Feature","id":"224131","geometry":{"type":"Polygon","coordinates":[[[-86.6943239451771,36.0625173910998],[-86.6944726739017,36.0625011502142],[-86.6945347092445,36.0628244051283],[-86.6944073012684,36.0628413470339],[-86.6943825885726,36.062723637174],[-86.6943239451771,36.0625173910998]]]},"properties":{"id":"224131","parcel":"14814030300","address":"4843 GILLESPIE DR","owner":"BROOKS, MICHAEL W. ET UX","point":[-86.69442445863838,36.06262069563957]}},{"type":"Feature","id":"224132","geometry":{"type":"Polygon","coordinates":[[[-86.6954861458156,36.0620140106009],[-86.6951909689471,36.0616882552037],[-86.6954402059314,36.0617131881918],[-86.6955669394153,36.061967392198],[-86.6954861458156,36.0620140106009]]]},"properties":{"id":"224132","parcel":"14814030700","address":"4854 GILLESPIE DR","owner":"CHURCHILL, AMANDA","point":[-86.69541595060369,36.061840067611314]}},{"type":"Feature","id":"224133","geometry":{"type":"Polygon","coordinates":[[[-86.6942991038222,36.0618428400082],[-86.6943499147957,36.0617722208117],[-86.6944060769999,36.0616949778504],[-86.6944950897716,36.0616593013008],[-86.6946408251791,36.0619199887899],[-86.6946233797246,36.061927090523],[-86.6946074597362,36.0619362555208],[-86.6945934341199,36.0619472725596],[-86.6945816259026,36.0619598883195],[-86.6944021840994,36.0618686187508],[-86.6942991038222,36.0618428400082]]]},"properties":{"id":"224133","parcel":"14814031200","address":"406 GILLESPIE CT","owner":"SUN, PAI I.","point":[-86.6944514135031,36.061807853943925]}},{"type":"Feature","id":"224134","geometry":{"type":"Polygon","coordinates":[[[-86.694697586119,36.0619108705097],[-86.6947134583229,36.0615591446929],[-86.6948104343631,36.0615058424099],[-86.694919216008,36.0615645533127],[-86.6947436751001,36.0619193960172],[-86.6947289555274,36.0619145192749],[-86.6947134543004,36.061911652399],[-86.694697586119,36.0619108705097]]]},"properties":{"id":"224134","parcel":"14814031300","address":"410 GILLESPIE CT","owner":"RIOS, JOSE FERNANDO FLORES","point":[-86.69476946746316,36.061737612837966]}},{"type":"Feature","id":"224135","geometry":{"type":"Polygon","coordinates":[[[-86.6915058972219,36.0615468212268],[-86.6915431394188,36.0614718881949],[-86.6919720602316,36.0616166724546],[-86.6919510202391,36.0616871197358],[-86.6915058972219,36.0615468212268]]]},"properties":{"id":"224135","parcel":"14814031500","address":"130 BRENDA LN","owner":"KELLER, CASEY","point":[-86.69174264395659,36.06158175649226]}},{"type":"Feature","id":"224136","geometry":{"type":"Polygon","coordinates":[[[-86.6935531347683,36.0601065541126],[-86.6937369861524,36.0600835217829],[-86.693755465508,36.0603787293306],[-86.6937786616883,36.0605942449514],[-86.6937228381788,36.0605969753981],[-86.6936674274678,36.0606031247285],[-86.6935531347683,36.0601065541126]]]},"properties":{"id":"224136","parcel":"14814031700","address":"4017 SHUFELD CT","owner":"JIMENEZ, ANGELICA FARFAN","point":[-86.69366568876143,36.06024267086839]}},{"type":"Feature","id":"224137","geometry":{"type":"Polygon","coordinates":[[[-86.6930413811975,36.0610929694035],[-86.6930525230358,36.0610815716575],[-86.6930615009855,36.0610689777272],[-86.6930681209093,36.0610554555103],[-86.6930842829198,36.0610263141022],[-86.6931028075061,36.0609981153713],[-86.6934849095113,36.0613607359189],[-86.6933660695428,36.0613899903964],[-86.6930413811975,36.0610929694035]]]},"properties":{"id":"224137","parcel":"14814032200","address":"4018 SHUFELD CT","owner":"KANE, CHERYL A.","point":[-86.69326578756811,36.06122685962777]}},{"type":"Feature","id":"224138","geometry":{"type":"Polygon","coordinates":[[[-86.699392355126,36.0620595365565],[-86.6990814908948,36.062029199136],[-86.6993831711186,36.0616310377585],[-86.6994030830497,36.0616432842736],[-86.699421315311,36.0616571484284],[-86.6994376700876,36.0616724781526],[-86.6994550061139,36.0616842736414],[-86.6994743852246,36.061693742766],[-86.6994953402983,36.0617006566056],[-86.6995173625654,36.0617048468675],[-86.6995399183131,36.0617062120992],[-86.6995624622217,36.061704719414],[-86.6995809661151,36.0620771229781],[-86.699392355126,36.0620595365565]]]},"properties":{"id":"224138","parcel":"14814032400","address":"144 COLEMONT CT","owner":"GOMEZ, TOMAS & MARIA MONTERO-","point":[-86.69938732391894,36.0618678980034]}},{"type":"Feature","id":"224139","geometry":{"type":"Polygon","coordinates":[[[-86.700194203602,36.0621339988805],[-86.6997932791801,36.062096768836],[-86.6995809661151,36.0620771229781],[-86.6995624622217,36.061704719414],[-86.6995863141437,36.0616994887054],[-86.6996088577481,36.0616912796217],[-86.6996295331607,36.0616802973017],[-86.6996478255026,36.0616668142197],[-86.699663282594,36.0616511637742],[-86.6996755193632,36.061633736656],[-86.7003404954284,36.0621485330362],[-86.700194203602,36.0621339988805]]]},"properties":{"id":"224139","parcel":"14814032500","address":"148 COLEMONT CT","owner":"BAF 4 LLC","point":[-86.69979042947165,36.06189146913775]}},{"type":"Feature","id":"224141","geometry":{"type":"Polygon","coordinates":[[[-86.6997310805666,36.0608735586937],[-86.7000750904468,36.0609031530262],[-86.7000954164598,36.0609445167153],[-86.6995658054683,36.0614695478872],[-86.6995346194051,36.0614697099581],[-86.6995035739886,36.0614721045944],[-86.6994659643113,36.0614788409621],[-86.6994278859539,36.0614835323133],[-86.6997310805666,36.0608735586937]]]},"properties":{"id":"224141","parcel":"14814032800","address":"139 COLEMONT CT","owner":"RAMOS, JOSE L.","point":[-86.69969813290543,36.06120670080418]}},{"type":"Feature","id":"224354","geometry":{"type":"Polygon","coordinates":[[[-86.6978184514148,36.0671519418913],[-86.6978694189441,36.0667912235086],[-86.6978770404573,36.066734039659],[-86.6986350270393,36.0667406373621],[-86.6986320068261,36.0668224943362],[-86.6986324837551,36.0669043860184],[-86.6986364547691,36.0669862159888],[-86.6986439167791,36.0670678842223],[-86.6986548611775,36.0671492943306],[-86.6978082040337,36.0672179320739],[-86.6978184514148,36.0671519418913]]]},"properties":{"id":"224354","parcel":"14810008600","address":"3920 E RIDGE DR","owner":"CARNEY, CARLTON FARLEY ETUX","point":[-86.6982411988549,36.06694431162507]}},{"type":"Feature","id":"224355","geometry":{"type":"Polygon","coordinates":[[[-86.6978770404573,36.066734039659],[-86.69792804828,36.0663777165511],[-86.697940732602,36.0662809441316],[-86.6986856256688,36.0663381650322],[-86.6986576491028,36.0665427127254],[-86.6986444463211,36.0666415323407],[-86.6986350270393,36.0667406373621],[-86.6978770404573,36.066734039659]]]},"properties":{"id":"224355","parcel":"14810008700","address":"3922 E RIDGE DR","owner":"LINAREZ, OSCAR MONTANO","point":[-86.69829258875686,36.066460214538836]}},{"type":"Feature","id":"224356","geometry":{"type":"Polygon","coordinates":[[[-86.6979688460508,36.0660917798616],[-86.6979814563873,36.0659862167145],[-86.6987238496821,36.0660676261384],[-86.6986856256688,36.0663381650322],[-86.697940732602,36.0662809441316],[-86.6979688460508,36.0660917798616]]]},"properties":{"id":"224356","parcel":"14810008800","address":"3924 E RIDGE DR","owner":"MCKEE REVOCABLE TRUST","point":[-86.69833079782146,36.066187308867384]}},{"type":"Feature","id":"224357","geometry":{"type":"Polygon","coordinates":[[[-86.6971307437125,36.0662087119759],[-86.6971635090098,36.0660856898127],[-86.6971935448917,36.0659622084454],[-86.6979688460508,36.0660917798616],[-86.697940732602,36.0662809441316],[-86.69792804828,36.0663777165511],[-86.6971307437125,36.0662087119759]]]},"properties":{"id":"224357","parcel":"14810009100","address":"3937 KEELEY DR","owner":"FIELDS, SHAWN N. & DERIGGS, ASHA","point":[-86.69755329467722,36.06615025548272]}},{"type":"Feature","id":"224358","geometry":{"type":"Polygon","coordinates":[[[-86.6970120049692,36.0665588334989],[-86.6970648684591,36.0664134793604],[-86.6970990061589,36.0663113501069],[-86.6971307437125,36.0662087119759],[-86.69792804828,36.0663777165511],[-86.6978770404573,36.066734039659],[-86.6978694189441,36.0667912235086],[-86.6970120049692,36.0665588334989]]]},"properties":{"id":"224358","parcel":"14810009200","address":"3933 KEELEY DR","owner":"RODRIGUEZ, ESBIN EDUARDO CALI & GARCIA, BRENDA Y. R.","point":[-86.69747532307366,36.06648725983821]}},{"type":"Feature","id":"224359","geometry":{"type":"Polygon","coordinates":[[[-86.6956019492436,36.067821864908],[-86.6958886497677,36.0674861594463],[-86.6964581131733,36.0676015464846],[-86.696320692377,36.0679825423039],[-86.696315695595,36.0679930432047],[-86.6963086825674,36.0680027545092],[-86.6962998364636,36.0680114227989],[-86.6962893873289,36.0680188232259],[-86.6962776076602,36.0680247613406],[-86.6962648047221,36.0680290830507],[-86.6962513116823,36.0680316764746],[-86.6962374809589,36.0680324728815],[-86.6962236720571,36.068031452169],[-86.6961413916585,36.0680154653896],[-86.6960600873617,36.0679964680318],[-86.6959799271428,36.0679744987843],[-86.6959010768124,36.0679496026578],[-86.6958236955754,36.0679218310104],[-86.6957479438089,36.067891242404],[-86.6956739774571,36.0678578963278],[-86.6956019492436,36.067821864908]]]},"properties":{"id":"224359","parcel":"14810009800","address":"3916 KEELEY DR","owner":"ALBAN, TIMOTHY WILSON & GEORGE HERBERT IV","point":[-86.69605738746719,36.06771177583219]}},{"type":"Feature","id":"224360","geometry":{"type":"Polygon","coordinates":[[[-86.6957767610451,36.0670736361465],[-86.6957972410122,36.066939460693],[-86.6966325607475,36.0671214402049],[-86.6965506348391,36.0673482769612],[-86.6958075356687,36.0671877406349],[-86.6957767610451,36.0670736361465]]]},"properties":{"id":"224360","parcel":"14810010000","address":"3922 KEELEY DR","owner":"MORRISON, KEVIN W","point":[-86.696209264147,36.06715456379989]}},{"type":"Feature","id":"224361","geometry":{"type":"Polygon","coordinates":[[[-86.6949877403074,36.0663045998855],[-86.6950072794988,36.0660627398302],[-86.6959359186628,36.0660837544519],[-86.6959076464104,36.0662553386544],[-86.6958897191417,36.0663719198328],[-86.6949877403074,36.0663045998855]]]},"properties":{"id":"224361","parcel":"14810010700","address":"3812 CREEKSIDE DR","owner":"DURAN, MARIA D HERNANDEZ","point":[-86.69546031142863,36.06616837503385]}},{"type":"Feature","id":"224362","geometry":{"type":"Polygon","coordinates":[[[-86.6949614868735,36.0670168057476],[-86.6957972410122,36.066939460693],[-86.6957767610451,36.0670736361465],[-86.6950614875374,36.0673085233159],[-86.6950341361743,36.0672520072832],[-86.6950104033632,36.0671944239877],[-86.6949903503723,36.0671359253955],[-86.6949740307304,36.0670766671219],[-86.6949614868735,36.0670168057476]]]},"properties":{"id":"224362","parcel":"14810011100","address":"3822 CREEKSIDE DR","owner":"SORROZA, GERARDO MARTINEZ & PELAEZ, YAMILD LEYVA","point":[-86.69532707894129,36.06710717336785]}},{"type":"Feature","id":"224373","geometry":{"type":"Polygon","coordinates":[[[-86.6943521999465,36.0620337340175],[-86.6945605305081,36.0620237434703],[-86.6945644551505,36.0620428668886],[-86.6945721549519,36.0620612177807],[-86.6945834247372,36.0620783088309],[-86.6945979663761,36.0620936857052],[-86.6946153922218,36.0621069396495],[-86.6946257050605,36.0621128440321],[-86.6946347169116,36.0621200159102],[-86.6946421963535,36.0621282673475],[-86.6946479483891,36.0621373867647],[-86.6946518255298,36.0621471370719],[-86.6946537256624,36.0621572655965],[-86.6946594272229,36.0621901963969],[-86.6943863104402,36.0622203426985],[-86.6943521999465,36.0620337340175]]]},"properties":{"id":"224373","parcel":"14814030400","address":"402 GILLESPIE CT","owner":"W. FAMILY REAL ESTATES HOLDINGS, LLC SERIES 3","point":[-86.69450352829831,36.06212379784571]}},{"type":"Feature","id":"224374","geometry":{"type":"Polygon","coordinates":[[[-86.6947975986008,36.0622047858764],[-86.695005718118,36.0621706205654],[-86.6951079724223,36.0621019026545],[-86.6951899786976,36.0621937331818],[-86.6951145777168,36.0622381219898],[-86.6950782029097,36.0622599725511],[-86.6950401737754,36.0622798804536],[-86.6950006461065,36.0622977627804],[-86.6949597868748,36.0623135455632],[-86.6949177620294,36.0623271647538],[-86.6949039154492,36.0623297168122],[-86.694891071271,36.0623303685855],[-86.6948782626037,36.0623293689956],[-86.6948658071256,36.062326741447],[-86.6948540173509,36.0623225535374],[-86.6948431883494,36.0623169090166],[-86.6948335899916,36.0623099496337],[-86.6948254635561,36.0623018479464],[-86.6948190106377,36.0622928082862],[-86.6948143941541,36.0622830550361],[-86.6948117272552,36.0622728335953],[-86.6947975986008,36.0622047858764]]]},"properties":{"id":"224374","parcel":"14814030500","address":"401 GILLESPIE CT","owner":"KAZADI, MBOMBO TSHIAMALA","point":[-86.69497153219828,36.06222149333704]}},{"type":"Feature","id":"224375","geometry":{"type":"Polygon","coordinates":[[[-86.6950407083029,36.0618385659247],[-86.6951047043663,36.0617283119958],[-86.69540537135,36.0620628261754],[-86.6953003716373,36.0621271646025],[-86.6950407083029,36.0618385659247]]]},"properties":{"id":"224375","parcel":"14814030600","address":"4850 GILLESPIE DR","owner":"HINKLE, LILLARD","point":[-86.69522309129658,36.06195069632003]}},{"type":"Feature","id":"224376","geometry":{"type":"Polygon","coordinates":[[[-86.6956589444607,36.0619646611859],[-86.6956827654729,36.0619029910479],[-86.6957173351119,36.0618324650081],[-86.695751750774,36.0617443602455],[-86.6959392853807,36.0617634375828],[-86.6959766092176,36.0617672346046],[-86.6960768297954,36.0617754461262],[-86.6957214843078,36.0619972683915],[-86.6957082747852,36.0619863597528],[-86.6956932220347,36.0619771615782],[-86.6956766563866,36.06196987475],[-86.6956589444607,36.0619646611859]]]},"properties":{"id":"224376","parcel":"14814030800","address":"4858 GILLESPIE DR","owner":"STEPHENS, HARVARD, DR. & BARBARA","point":[-86.69581406188388,36.061868017390005]}},{"type":"Feature","id":"224377","geometry":{"type":"Polygon","coordinates":[[[-86.6957461326409,36.0620300915846],[-86.6958676403484,36.0619964246894],[-86.6962212601707,36.0618866950918],[-86.6962404567773,36.0619151540995],[-86.696275725918,36.0619630250089],[-86.6962351336301,36.0620412784809],[-86.6957545215657,36.06206081129],[-86.6957490675303,36.0620456786219],[-86.6957461326409,36.0620300915846]]]},"properties":{"id":"224377","parcel":"14814030900","address":"4869 GILLESPIE DR","owner":"VARGAS, JOSE LUIS VELASCO & BRANDY","point":[-86.69609474108516,36.061979783481185]}},{"type":"Feature","id":"224378","geometry":{"type":"Polygon","coordinates":[[[-86.6956958229845,36.0621578482565],[-86.6957070144417,36.0621520172286],[-86.695717091887,36.0621449722874],[-86.6957258545099,36.0621368524892],[-86.6957331327538,36.0621278165381],[-86.6957387827574,36.0621180419169],[-86.6959883858876,36.0621847300833],[-86.6961271102082,36.0622237622511],[-86.6958853571824,36.0623581187425],[-86.6956958229845,36.0621578482565]]]},"properties":{"id":"224378","parcel":"14814031000","address":"4865 GILLESPIE DR","owner":"MORENO, CARLOS & JUANA G.","point":[-86.69591378506117,36.06229070607978]}},{"type":"Feature","id":"224379","geometry":{"type":"Polygon","coordinates":[[[-86.6928705944833,36.0603253076854],[-86.692927496584,36.0602936608493],[-86.6930046028958,36.0602509120344],[-86.6933438671771,36.0607066326436],[-86.6933348996695,36.0607129076138],[-86.6933249572109,36.060718124673],[-86.6933142287642,36.0607221862962],[-86.6932415364596,36.0607665592705],[-86.6931593613943,36.0606549505387],[-86.6930909695061,36.0605718296834],[-86.6928705944833,36.0603253076854]]]},"properties":{"id":"224379","parcel":"14814031900","address":"4025 SHUFELD CT","owner":"WANG, JOHN & VIVIEN","point":[-86.69306642875905,36.060448788056334]}},{"type":"Feature","id":"224640","geometry":{"type":"Polygon","coordinates":[[[-86.6988256217945,36.0665593213217],[-86.6988485708057,36.0663987557534],[-86.6996558408838,36.0664687948285],[-86.6996532860647,36.0664863910454],[-86.699625117336,36.0666689640276],[-86.6988205559889,36.066598909035],[-86.6988256217945,36.0665593213217]]]},"properties":{"id":"224640","parcel":"14810005600","address":"3925 E RIDGE DR","owner":"GARCIA, MARIA NAVARRO","point":[-86.69923924103914,36.0665228563643]}},{"type":"Feature","id":"224645","geometry":{"type":"Polygon","coordinates":[[[-86.698800834993,36.0668187929397],[-86.6988041052675,36.0667453191741],[-86.6988106816106,36.0666719920776],[-86.6988205559889,36.066598909035],[-86.699625117336,36.0666689640276],[-86.6996200712684,36.0667107489965],[-86.699602169808,36.0668295288322],[-86.698800834993,36.0668187929397]]]},"properties":{"id":"224645","parcel":"14810005700","address":"3923 E RIDGE DR","owner":"STOECKLEIN, PHILIP K.","point":[-86.69921152993611,36.066728033378816]}},{"type":"Feature","id":"224650","geometry":{"type":"Polygon","coordinates":[[[-86.698800834993,36.0668187929397],[-86.699602169808,36.0668295288322],[-86.6995971043801,36.0668691174768],[-86.6995792791299,36.066996687104],[-86.6988108684465,36.0670363079045],[-86.6988039253719,36.0669639316333],[-86.6988005786971,36.0668913876019],[-86.698800834993,36.0668187929397]]]},"properties":{"id":"224650","parcel":"14810005800","address":"3921 E RIDGE DR","owner":"WELLER, RODGER W. & SHERRIE L.","point":[-86.69919545029396,36.0669286469744]}},{"type":"Feature","id":"224656","geometry":{"type":"Polygon","coordinates":[[[-86.6988108684465,36.0670363079045],[-86.6995792791299,36.066996687104],[-86.6995741169288,36.0670252869277],[-86.6995485972127,36.0672012515861],[-86.6988315941469,36.0672383759207],[-86.6988225452251,36.0671329382749],[-86.6988165265007,36.0671009126252],[-86.6988126306424,36.0670686718788],[-86.6988108684465,36.0670363079045]]]},"properties":{"id":"224656","parcel":"14810005900","address":"3919 E RIDGE DR","owner":"OGLESBY, DAVID LEE","point":[-86.69919004649496,36.067117855819696]}},{"type":"Feature","id":"224661","geometry":{"type":"Polygon","coordinates":[[[-86.6988315941469,36.0672383759207],[-86.6995485972127,36.0672012515861],[-86.6995487132973,36.0672144367256],[-86.6995180312175,36.0674190011893],[-86.6988524359221,36.067453629063],[-86.6988315941469,36.0672383759207]]]},"properties":{"id":"224661","parcel":"14810006000","address":"3917 E RIDGE DR","owner":"WOOD, FLOYE C.(LE) & ROLEFF, MARK E.","point":[-86.6991858500279,36.06732871674537]}},{"type":"Feature","id":"224667","geometry":{"type":"Polygon","coordinates":[[[-86.6977749060597,36.0698993176853],[-86.6978846229581,36.0691382789279],[-86.6979064510822,36.069157931262],[-86.698187398816,36.0694002489692],[-86.6981586644222,36.0696065005971],[-86.6981135535122,36.0699303196696],[-86.6977749060597,36.0698993176853]]]},"properties":{"id":"224667","parcel":"14810006700","address":"233 HAYWOOD LN","owner":"SALAS-COUTINO, JOSE LUIS & VILLALOBOS, ANA","point":[-86.69800257190789,36.06950294543715]}},{"type":"Feature","id":"224674","geometry":{"type":"Polygon","coordinates":[[[-86.6967740201058,36.0687447221222],[-86.6968215761721,36.0683027100929],[-86.6969275901034,36.0683147341396],[-86.6972415350856,36.0683464329469],[-86.6971369774466,36.0690788715514],[-86.6969446571885,36.0690645995894],[-86.6967740201058,36.0687447221222]]]},"properties":{"id":"224674","parcel":"14810007600","address":"3845 CREEKSIDE DR","owner":"NGUYEN, TRUE & VU, MADALENA","point":[-86.697004268314,36.068545568896496]}},{"type":"Feature","id":"224680","geometry":{"type":"Polygon","coordinates":[[[-86.697551431411,36.0691116376084],[-86.6976479229735,36.0683858382149],[-86.6977319117083,36.0683941432389],[-86.6978564030738,36.0684011303866],[-86.6979810535963,36.0684058867036],[-86.6979275842985,36.0690984718807],[-86.6978846229581,36.0691382789279],[-86.697551431411,36.0691116376084]]]},"properties":{"id":"224680","parcel":"14810007800","address":"3853 CREEKSIDE DR","owner":"TUCKER, JOHN W.","point":[-86.6977768289806,36.06875173192474]}},{"type":"Feature","id":"224684","geometry":{"type":"Polygon","coordinates":[[[-86.6979810535963,36.0684058867036],[-86.6980629759023,36.0684074339065],[-86.6981449176694,36.0684068998726],[-86.6982267989735,36.0684042859661],[-86.6983085387889,36.068399594459],[-86.6983142752515,36.0687446003785],[-86.6980779701638,36.0689613429492],[-86.6979275842985,36.0690984718807],[-86.6979810535963,36.0684058867036]]]},"properties":{"id":"224684","parcel":"14810007900","address":"3857 CREEKSIDE DR","owner":"BENNETT, RAYMOND JEFFREY","point":[-86.69807135451411,36.06885265751188]}},{"type":"Feature","id":"224743","geometry":{"type":"Polygon","coordinates":[[[-86.6931028075061,36.0609981153713],[-86.693112356147,36.060985284722],[-86.6931242521893,36.0609738195418],[-86.6931382028019,36.0609639991106],[-86.6931538682055,36.0609560651239],[-86.6932050247136,36.0609250036938],[-86.6935737091112,36.0613008869591],[-86.6935362387681,36.0613494520967],[-86.6934849095113,36.0613607359189],[-86.6931028075061,36.0609981153713]]]},"properties":{"id":"224743","parcel":"14814027800","address":"4016 SHUFELD CT","owner":"HEGARLY, SEAN J","point":[-86.69334378089938,36.061149515524804]}},{"type":"Feature","id":"224750","geometry":{"type":"Polygon","coordinates":[[[-86.6929820859175,36.0611218811188],[-86.6929985864632,36.0611171698594],[-86.6930141547725,36.0611106983368],[-86.6930285065722,36.0611025817481],[-86.6930413811975,36.0610929694035],[-86.6933660695428,36.0613899903964],[-86.6933390614163,36.0613967386706],[-86.6931445718884,36.0614418112249],[-86.6929820859175,36.0611218811188]]]},"properties":{"id":"224750","parcel":"14814027900","address":"4020 SHUFELD CT","owner":"COOPER, STACEY A. & ROY III & JOE & CACEY B.","point":[-86.69313483158327,36.06125583545425]}},{"type":"Feature","id":"224755","geometry":{"type":"Polygon","coordinates":[[[-86.6944652998728,36.0608056658574],[-86.6947421139851,36.060579905226],[-86.6949635000699,36.060824771344],[-86.6949853603078,36.0608488205212],[-86.6947294104139,36.0609843552776],[-86.6947164230812,36.0609895575553],[-86.6947025619975,36.0609929640964],[-86.6946882004356,36.0609944826203],[-86.6946737276651,36.0609940730293],[-86.6946595322947,36.0609917466032],[-86.6946459967067,36.0609875642283],[-86.6946334870983,36.0609816400605],[-86.6946223400991,36.0609741343917],[-86.6946128549538,36.0609652482874],[-86.6945800459133,36.0609229588025],[-86.694544446227,36.0608821842294],[-86.6945061591014,36.0608430483484],[-86.6944652998728,36.0608056658574]]]},"properties":{"id":"224755","parcel":"14814029000","address":"141 COLEMONT DR","owner":"JUAREZ, SEBASTIAN ENRIQUE LOPEZ","point":[-86.69472421609427,36.06069309256942]}},{"type":"Feature","id":"224761","geometry":{"type":"Polygon","coordinates":[[[-86.6938068112482,36.0621907142893],[-86.693919816643,36.0621131434564],[-86.6940635122292,36.0624507627563],[-86.694023671659,36.0624639923181],[-86.6939852732182,36.0624797858354],[-86.6938068112482,36.0621907142893]]]},"properties":{"id":"224761","parcel":"14814029300","address":"4830 GILLESPIE DR","owner":"VAZQUEZ-MARTINEZ, HECTOR MANUEL & MALDONADO, LORENA CARREON","point":[-86.69394762932805,36.062320770424094]}},{"type":"Feature","id":"224767","geometry":{"type":"Polygon","coordinates":[[[-86.6942493871664,36.0620387218165],[-86.6943521999465,36.0620337340175],[-86.6943863104402,36.0622203426985],[-86.6944176200163,36.0623959781111],[-86.6943202777971,36.0624075273623],[-86.6942493871664,36.0620387218165]]]},"properties":{"id":"224767","parcel":"14814029500","address":"4838 GILLESPIE DR","owner":"MALDONADO, LORENA CARREON & VAZQUEZ-MARTINEZ, HECTOR MANUEL","point":[-86.69435154676093,36.06230803186352]}},{"type":"Feature","id":"224987","geometry":{"type":"Polygon","coordinates":[[[-86.6978082040337,36.0672179320739],[-86.6986548611775,36.0671492943306],[-86.6986965631737,36.0675819996962],[-86.6980148213683,36.0676277058991],[-86.6977853673657,36.0673916825599],[-86.6977904530337,36.0673542921207],[-86.6978082040337,36.0672179320739]]]},"properties":{"id":"224987","parcel":"14810008500","address":"3918 E RIDGE DR","owner":"BUMPUS, JOHN S. III ET UX","point":[-86.6982322726732,36.06737410684608]}},{"type":"Feature","id":"224990","geometry":{"type":"Polygon","coordinates":[[[-86.696885165518,36.0669111981362],[-86.6970120049692,36.0665588334989],[-86.6978694189441,36.0667912235086],[-86.6978184514148,36.0671519418913],[-86.696885165518,36.0669111981362]]]},"properties":{"id":"224990","parcel":"14810009300","address":"3929 KEELEY DR","owner":"NELMS, NANCY B.","point":[-86.69738397840854,36.06685122871365]}},{"type":"Feature","id":"224993","geometry":{"type":"Polygon","coordinates":[[[-86.6966262032438,36.0676313432827],[-86.696737170993,36.0673208282009],[-86.697534794541,36.0675249945076],[-86.6974133948243,36.0675718490808],[-86.6970114729455,36.0677324080007],[-86.6966262032438,36.0676313432827]]]},"properties":{"id":"224993","parcel":"14810009600","address":"3921 KEELEY DR","owner":"CARIAS, FLOR DE MARIA ALDANA & BUCIO, ROBERTO A C","point":[-86.69706533486607,36.067547389472765]}},{"type":"Feature","id":"224997","geometry":{"type":"Polygon","coordinates":[[[-86.6958215506,36.0672426021107],[-86.6958075356687,36.0671877406349],[-86.6965506348391,36.0673482769612],[-86.6964581131733,36.0676015464846],[-86.6958886497677,36.0674861594463],[-86.6958215506,36.0672426021107]]]},"properties":{"id":"224997","parcel":"14810009900","address":"3920 KEELEY DR","owner":"BAHAMIN, FARSHID","point":[-86.69619728963193,36.067417162011544]}},{"type":"Feature","id":"225001","geometry":{"type":"Polygon","coordinates":[[[-86.695856398648,36.0665852888252],[-86.6958718110712,36.0664906991304],[-86.6967858138895,36.0666942002722],[-86.6967118751175,36.066905606949],[-86.6958358792939,36.0667150716616],[-86.695856398648,36.0665852888252]]]},"properties":{"id":"225001","parcel":"14810010200","address":"3926 KEELEY DR","owner":"ORTEZ, JOSE MARIA","point":[-86.69630973275524,36.066704634086165]}},{"type":"Feature","id":"225005","geometry":{"type":"Polygon","coordinates":[[[-86.6958897191417,36.0663719198328],[-86.6959076464104,36.0662553386544],[-86.6968704640238,36.0664695458001],[-86.6967858138895,36.0666942002722],[-86.6958718110712,36.0664906991304],[-86.6958897191417,36.0663719198328]]]},"properties":{"id":"225005","parcel":"14810010300","address":"3928 KEELEY DR","owner":"JUAREZ, KENNIA","point":[-86.6963698010368,36.06648012012005]}},{"type":"Feature","id":"225007","geometry":{"type":"Polygon","coordinates":[[[-86.6959076464104,36.0662553386544],[-86.6959359186628,36.0660837544519],[-86.695948797845,36.0660089580808],[-86.696954805259,36.0662097293674],[-86.6969394139401,36.0662659459417],[-86.6969218508727,36.0663217406497],[-86.6969021355589,36.0663770593004],[-86.6968704640238,36.0664695458001],[-86.6959076464104,36.0662553386544]]]},"properties":{"id":"225007","parcel":"14810010400","address":"3930 KEELEY DR","owner":"CALLES, MARIO ROMEO","point":[-86.69642991198741,36.06623253182747]}},{"type":"Feature","id":"225011","geometry":{"type":"Polygon","coordinates":[[[-86.6949534398774,36.0667157668355],[-86.6949706574117,36.0665178750024],[-86.695856398648,36.0665852888252],[-86.6958358792939,36.0667150716616],[-86.6958230191326,36.0667920652318],[-86.6949534398774,36.0667157668355]]]},"properties":{"id":"225011","parcel":"14810010900","address":"3816 CREEKSIDE DR","owner":"KIMBLE, TRACI ANN & SCRUGGS, WILLIAM SCOTT","point":[-86.69540274062393,36.066649054351714]}},{"type":"Feature","id":"225014","geometry":{"type":"Polygon","coordinates":[[[-86.6949460502482,36.0667993225742],[-86.6949534398774,36.0667157668355],[-86.6958230191326,36.0667920652318],[-86.6957972410122,36.066939460693],[-86.6949614868735,36.0670168057476],[-86.6949527901659,36.0669627246688],[-86.6949473103608,36.0669083663736],[-86.6949450629859,36.0668538569529],[-86.6949460502482,36.0667993225742]]]},"properties":{"id":"225014","parcel":"14810011000","address":"3818 CREEKSIDE DR","owner":"REYES, KEISY Y RAMIREZ & TREJO, MARVIN J","point":[-86.69537662488416,36.06688220631255]}},{"type":"Feature","id":"225045","geometry":{"type":"Polygon","coordinates":[[[-86.6950780124716,36.0623899743395],[-86.6951125238327,36.0623731024178],[-86.6951460495156,36.0623549680603],[-86.6951588451454,36.0623477515676],[-86.6954024464523,36.0626177625692],[-86.6952795212718,36.0626830290591],[-86.6952342307858,36.0626110404593],[-86.6951820934663,36.0625300270912],[-86.6951383076266,36.0624753362821],[-86.6950780124716,36.0623899743395]]]},"properties":{"id":"225045","parcel":"14814030000","address":"4855 GILLESPIE DR","owner":"SIDDIQI, MUKHTAR","point":[-86.6952295700547,36.0625028580746]}},{"type":"Feature","id":"225050","geometry":{"type":"Polygon","coordinates":[[[-86.6939291658795,36.0616339908551],[-86.6939766215167,36.0615666880378],[-86.6940033068101,36.0615359393116],[-86.6940329419291,36.0615070257384],[-86.6942178523433,36.0616048572736],[-86.6943499147957,36.0617722208117],[-86.6942991038222,36.0618428400082],[-86.6939291658795,36.0616339908551]]]},"properties":{"id":"225050","parcel":"14814031100","address":"136 COLEMONT DR","owner":"PANYAVONG, KHAMPHENG & PASITSOM","point":[-86.69417344157223,36.06170319251157]}},{"type":"Feature","id":"225054","geometry":{"type":"Polygon","coordinates":[[[-86.6928682910692,36.0614192244932],[-86.6929252678481,36.0611244051092],[-86.6929394963643,36.0611262079011],[-86.6929538949662,36.0611263846935],[-86.6929681850106,36.0611249325817],[-86.6929820859175,36.0611218811188],[-86.6931445718884,36.0614418112249],[-86.6928682910692,36.0614192244932]]]},"properties":{"id":"225054","parcel":"14814031800","address":"4022 SHUFELD CT","owner":"GHULAMALI, MUSTAFA","point":[-86.69297776219673,36.06127297537204]}},{"type":"Feature","id":"225057","geometry":{"type":"Polygon","coordinates":[[[-86.6932050247136,36.0609250036938],[-86.6933073364842,36.0608628789716],[-86.6936379561391,36.0612192004487],[-86.6935737091112,36.0613008869591],[-86.6932050247136,36.0609250036938]]]},"properties":{"id":"225057","parcel":"14814032100","address":"4014 SHUFELD CT","owner":"WELCH, REONESHEE J.","point":[-86.69342539100825,36.06107211224307]}},{"type":"Feature","id":"225193","geometry":{"type":"Polygon","coordinates":[[[-86.6953463433406,36.069236459563],[-86.6951123394657,36.0687894792243],[-86.6959558935728,36.0689824044356],[-86.6959203344,36.0690939013393],[-86.6958888252628,36.0692061977222],[-86.6958613930928,36.0693191978958],[-86.6953463433406,36.069236459563]]]},"properties":{"id":"225193","parcel":"14810011600","address":"3904 KEELEY DR","owner":"MOORE, COLIN & TANISHA","point":[-86.69558985654865,36.06903726896359]}},{"type":"Feature","id":"225196","geometry":{"type":"Polygon","coordinates":[[[-86.694626365241,36.0695548814223],[-86.6946314739715,36.0695196892465],[-86.6946351646485,36.0694900391323],[-86.6946947042829,36.0690116561688],[-86.6947300051077,36.0687147631369],[-86.6948790155312,36.0687292882944],[-86.6950903176557,36.0687478496617],[-86.6949675831987,36.0695557988306],[-86.6949623409554,36.0695903059129],[-86.694626365241,36.0695548814223]]]},"properties":{"id":"225196","parcel":"14810011900","address":"207 HAYWOOD LN","owner":"DUNHAM, RANDALL L. & MIRIAM","point":[-86.69483935393346,36.069251291833346]}},{"type":"Feature","id":"225202","geometry":{"type":"Polygon","coordinates":[[[-86.6939434554351,36.0676094562929],[-86.6939271360407,36.0675439195321],[-86.6939152361336,36.0674777570708],[-86.6948470183855,36.0672372378368],[-86.6948747004093,36.06730263778],[-86.6949059621015,36.0673669652796],[-86.694940740187,36.0674300927152],[-86.6940479059932,36.0677912643058],[-86.6940158968153,36.0677481850964],[-86.6939877268659,36.0677033722339],[-86.6939635391018,36.0676570520221],[-86.6939434554351,36.0676094562929]]]},"properties":{"id":"225202","parcel":"14810012400","address":"3827 CREEKSIDE DR","owner":"MCBRYDE, KARL A. & DAVID A.","point":[-86.69432859240918,36.06751187790867]}},{"type":"Feature","id":"225208","geometry":{"type":"Polygon","coordinates":[[[-86.6932294732621,36.0665927468228],[-86.693221168402,36.0659827386167],[-86.6933121096266,36.065986424587],[-86.6934028512361,36.0659925496151],[-86.693493293288,36.0660011088687],[-86.6935833368947,36.0660120912009],[-86.6936728842863,36.0660254863597],[-86.693575540562,36.0666175567267],[-86.6932294732621,36.0665927468228]]]},"properties":{"id":"225208","parcel":"14810013100","address":"142 ANTON DR","owner":"BARRETT, CHRISTOPHER & MARISSA K","point":[-86.69342589124969,36.06630905213295]}},{"type":"Feature","id":"225265","geometry":{"type":"Polygon","coordinates":[[[-86.6947898985902,36.061943303894],[-86.6950660983969,36.0616472196285],[-86.695131367519,36.0616820060347],[-86.6951047043663,36.0617283119958],[-86.6950407083029,36.0618385659247],[-86.6949740240373,36.0619510335537],[-86.6948227813543,36.0619892665344],[-86.6948141154723,36.0619729130703],[-86.6948031013573,36.0619575176902],[-86.6947898985902,36.061943303894]]]},"properties":{"id":"225265","parcel":"14814031400","address":"405 GILLESPIE CT","owner":"STEPHENS, HARVARD, DR. & BARBARA","point":[-86.69500602525203,36.06178326932962]}},{"type":"Feature","id":"225271","geometry":{"type":"Polygon","coordinates":[[[-86.6914367889173,36.0616922680469],[-86.6914740312241,36.0616173323352],[-86.691930075889,36.0617685549491],[-86.6919117228154,36.0618367885581],[-86.6914367889173,36.0616922680469]]]},"properties":{"id":"225271","parcel":"14814031600","address":"126 BRENDA LN","owner":"DE HENG REVOCABLE LIVING TRUST","point":[-86.69168858968705,36.06173042501587]}},{"type":"Feature","id":"225275","geometry":{"type":"Polygon","coordinates":[[[-86.6931611864901,36.0601659495025],[-86.6931827426034,36.0601548370422],[-86.6933584748388,36.0601318492812],[-86.6934513110702,36.0603796558267],[-86.6935569938998,36.060626288799],[-86.6935025331045,36.0606420781603],[-86.6934490200088,36.0606598755195],[-86.6932683293321,36.0603477420608],[-86.6931611864901,36.0601659495025]]]},"properties":{"id":"225275","parcel":"14814032000","address":"4021 SHUFELD CT","owner":"TAHIR, MOHAMMED IBRAHIM","point":[-86.69343106312401,36.06050278543219]}},{"type":"Feature","id":"225280","geometry":{"type":"Polygon","coordinates":[[[-86.6989385935231,36.0620157424399],[-86.6990160235882,36.0614331773384],[-86.6990403299343,36.0614643398788],[-86.6990682843724,36.0614934146046],[-86.699099618028,36.06152012097],[-86.6991340278299,36.0615442029622],[-86.6991711820444,36.0615654272669],[-86.6992107225508,36.0615835895643],[-86.6992522659433,36.0615985136216],[-86.699295413553,36.0616100548397],[-86.6993397470395,36.0616181038846],[-86.6993831711186,36.0616310377585],[-86.6990814908948,36.062029199136],[-86.6989385935231,36.0620157424399]]]},"properties":{"id":"225280","parcel":"14814032300","address":"140 COLEMONT CT","owner":"WATKINS, TAYLOR","point":[-86.69910075461796,36.06182323939824]}},{"type":"Feature","id":"225823","geometry":{"type":"Polygon","coordinates":[[[-86.6919164450531,36.065469092628],[-86.6921734171394,36.0654738019111],[-86.6922201495749,36.065818221287],[-86.6922203536055,36.0658197243612],[-86.6922217011784,36.0658296541992],[-86.6922026595306,36.0658315408834],[-86.6921548823345,36.0658379259532],[-86.6921076614698,36.0658466259166],[-86.6920611687136,36.065857608243],[-86.6920155702385,36.0658708341253],[-86.6919164450531,36.065469092628]]]},"properties":{"id":"225823","parcel":"14814033400","address":"131 ANTON DR","owner":"CHOI, KYONG SUK","point":[-86.69207836544247,36.065645707471475]}},{"type":"Feature","id":"226289","geometry":{"type":"Polygon","coordinates":[[[-86.6898539668642,36.0603046902041],[-86.6900873705877,36.060223728119],[-86.6902632559381,36.0605803948345],[-86.6900363262066,36.0606397668149],[-86.6900211600055,36.060643730975],[-86.6898539668642,36.0603046902041]]]},"properties":{"id":"226289","parcel":"14815005600","address":"162 SHEILA DR","owner":"ACCARDI, LISA A. & ALAN G.","point":[-86.69005861120982,36.06044254269425]}},{"type":"Feature","id":"226817","geometry":{"type":"Polygon","coordinates":[[[-86.6988931092676,36.0699236079067],[-86.6989307350194,36.06958494359],[-86.6993695737438,36.0696197593586],[-86.6993216248773,36.0700156233948],[-86.6991151182149,36.0700044591913],[-86.6989776797349,36.0699978386185],[-86.6989624928126,36.0699961935062],[-86.6989478802648,36.0699924513758],[-86.6989342793668,36.0699867241557],[-86.6989220946065,36.0699791825475],[-86.6989116909751,36.0699700506582],[-86.6989033783869,36.0699596015834],[-86.6988974038132,36.0699481466377],[-86.6988939467866,36.0699360290715],[-86.6988931092676,36.0699236079067]]]},"properties":{"id":"226817","parcel":"14810003100","address":"237 HAYWOOD LN","owner":"KURTJAKS, ALEKSANDRS","point":[-86.69913057754115,36.06977168195475]}},{"type":"Feature","id":"226820","geometry":{"type":"Polygon","coordinates":[[[-86.6989720740233,36.0687451835144],[-86.6993616042582,36.0687143534511],[-86.699788607511,36.0689426314997],[-86.6989820501765,36.0689561039954],[-86.6989815443746,36.0688779131984],[-86.6989766178037,36.068799824643],[-86.6989720740233,36.0687451835144]]]},"properties":{"id":"226820","parcel":"14810003500","address":"3909 E RIDGE DR","owner":"OSMAN, KENDALL JEAN","point":[-86.69928824875596,36.06883964493785]}},{"type":"Feature","id":"226851","geometry":{"type":"Polygon","coordinates":[[[-86.6938519004027,36.0627047162467],[-86.6938836492763,36.062675390382],[-86.69391814963,36.0626481901253],[-86.693955184259,36.0626232843639],[-86.6939945236317,36.0626008285371],[-86.6940359225357,36.0625809619516],[-86.6940791234319,36.0625638104658],[-86.6941238563908,36.0625494792802],[-86.6941698413601,36.0625380583321],[-86.6942785401528,36.0628582965986],[-86.6942264932364,36.0628649143945],[-86.6941806075789,36.0629184735396],[-86.6938519004027,36.0627047162467]]]},"properties":{"id":"226851","parcel":"14814024700","address":"4837 GILLESPIE DR","owner":"TERRONES, FERMIN AVILA & VILLENUEVA, ROSA LIDIA DUBON","point":[-86.69411112364462,36.06278162375518]}},{"type":"Feature","id":"226854","geometry":{"type":"Polygon","coordinates":[[[-86.6936107789951,36.0629896081749],[-86.6936428631536,36.0629636981256],[-86.6936728709118,36.0629361957273],[-86.6937006822401,36.062907211629],[-86.693726186029,36.0628768609352],[-86.6940613650051,36.0630567911684],[-86.6939672423339,36.0631658443873],[-86.6939096334876,36.0632329316301],[-86.6936107789951,36.0629896081749]]]},"properties":{"id":"226854","parcel":"14814024900","address":"4829 GILLESPIE DR","owner":"ORTEZ, JAIME U.","point":[-86.69382551258091,36.06302317291348]}},{"type":"Feature","id":"226857","geometry":{"type":"Polygon","coordinates":[[[-86.6931791193479,36.0631525230363],[-86.6932280554571,36.0631477333688],[-86.6932762599886,36.0631393760911],[-86.69332333724,36.0631275192741],[-86.6933520561558,36.0631185629312],[-86.6935016281826,36.0634314240261],[-86.6932812527327,36.0634574158375],[-86.6932302150968,36.0634634785111],[-86.6931791193479,36.0631525230363]]]},"properties":{"id":"226857","parcel":"14814025200","address":"4817 GILLESPIE DR","owner":"VELAYA, YIMY GRAND BACA & AVILEZ, GLENDA ALICIA","point":[-86.69331852554275,36.063291917746646]}},{"type":"Feature","id":"226860","geometry":{"type":"Polygon","coordinates":[[[-86.692995048795,36.0631513841175],[-86.6930409095429,36.0631556989764],[-86.6930870332894,36.0631573309786],[-86.6931331835056,36.0631562706686],[-86.6931791193479,36.0631525230363],[-86.6932302150968,36.0634634785111],[-86.6930277524385,36.0634871695],[-86.6929547449002,36.0634958306],[-86.692995048795,36.0631513841175]]]},"properties":{"id":"226860","parcel":"14814025300","address":"4813 GILLESPIE DR","owner":"786 PROPERTIES, LLC","point":[-86.69309078901644,36.06331023111022]}},{"type":"Feature","id":"226862","geometry":{"type":"Polygon","coordinates":[[[-86.6928403505064,36.063492092619],[-86.6927370705089,36.0633660437859],[-86.692840502683,36.0631215044365],[-86.6928694215751,36.0631301293539],[-86.6929106160769,36.063139714769],[-86.6929525681482,36.0631468118697],[-86.692995048795,36.0631513841175],[-86.6929547449002,36.0634958306],[-86.692853343118,36.0635076768849],[-86.6928403505064,36.063492092619]]]},"properties":{"id":"226862","parcel":"14814025400","address":"4809 GILLESPIE DR","owner":"DELGADO, OLIVIA JANETTE SANTOS","point":[-86.69288250664748,36.06325875616101]}},{"type":"Feature","id":"226866","geometry":{"type":"Polygon","coordinates":[[[-86.6920983045767,36.063369713173],[-86.6921779912403,36.0631956372148],[-86.6924656795262,36.0632840909161],[-86.6923594057539,36.0635132621938],[-86.6923391305816,36.0635134002835],[-86.6923190223065,36.0635112896033],[-86.6922994553867,36.0635069721656],[-86.6922807979424,36.0635005269722],[-86.6921477894352,36.0634573368854],[-86.6921347339024,36.0634520987703],[-86.6921229632402,36.0634451372271],[-86.69211281668,36.0634366558014],[-86.6921045894219,36.0634269006523],[-86.6920985192433,36.0634161525177],[-86.692094783154,36.0634047249304],[-86.6920934894841,36.0633929480405],[-86.6920946745156,36.0633811641287],[-86.6920983045767,36.063369713173]]]},"properties":{"id":"226866","parcel":"14814025700","address":"4708 COLEMONT PL","owner":"ORTEZ, JAIME & ESTELA","point":[-86.69228186337445,36.063326901855355]}},{"type":"Feature","id":"226869","geometry":{"type":"Polygon","coordinates":[[[-86.6924172021639,36.0636228123126],[-86.6924322602775,36.0636040998294],[-86.6924499977407,36.0635870050826],[-86.6924701536728,36.0635717810289],[-86.6924924325084,36.0635586492788],[-86.6928403505064,36.063492092619],[-86.692853343118,36.0635076768849],[-86.6927980682701,36.0638425962158],[-86.6924172021639,36.0636228123126]]]},"properties":{"id":"226869","parcel":"14814025900","address":"308 COLEMONT TER","owner":"NORRIS, ALYSIA D. & THOMAS, MARGARET B.","point":[-86.69271187576801,36.06373297167661]}},{"type":"Feature","id":"226873","geometry":{"type":"Polygon","coordinates":[[[-86.6923849075721,36.0639548532039],[-86.6921735805451,36.0639318926217],[-86.6921273342087,36.063905785645],[-86.692249258413,36.0636083955929],[-86.692264273441,36.0636153132548],[-86.6922778384713,36.063623985034],[-86.6922896442894,36.0636342126214],[-86.6922994235775,36.0636457650211],[-86.6923069542531,36.0636583794321],[-86.6923120639715,36.0636717684333],[-86.692396066312,36.0636822744102],[-86.6925447728951,36.0639737144291],[-86.6923849075721,36.0639548532039]]]},"properties":{"id":"226873","parcel":"14814026100","address":"305 COLEMONT TER","owner":"LECKIE, MICHAEL O. ET UX","point":[-86.692313292631,36.06379416254158]}},{"type":"Feature","id":"226876","geometry":{"type":"Polygon","coordinates":[[[-86.6950660983969,36.0616472196285],[-86.694919216008,36.0615645533127],[-86.6948104343631,36.0615058424099],[-86.6948575639102,36.0614786492851],[-86.6950585448013,36.0613634849079],[-86.6951844491863,36.0612910587308],[-86.6955775874728,36.0614058182252],[-86.6955732545428,36.0614230100417],[-86.6955719803813,36.0614405275966],[-86.6955737907179,36.0614580129309],[-86.6955786491549,36.0614751120486],[-86.6955864571671,36.0614914749174],[-86.695131367519,36.0616820060347],[-86.6950660983969,36.0616472196285]]]},"properties":{"id":"226876","parcel":"14814026500","address":"909 KEELEY CT","owner":"SIDDIQI, MUKHTAR A.","point":[-86.69521596666254,36.06148504728881]}},{"type":"Feature","id":"226879","geometry":{"type":"Polygon","coordinates":[[[-86.6950080514856,36.060967364843],[-86.6950646194865,36.0609362714159],[-86.6950810538724,36.0609581509215],[-86.6950905456722,36.0609525640846],[-86.6951553922189,36.0609130985866],[-86.6952183354313,36.0608716512855],[-86.6954557862588,36.0610966450922],[-86.6953268525587,36.0612094693937],[-86.695255145509,36.0612505427925],[-86.6950080514856,36.060967364843]]]},"properties":{"id":"226879","parcel":"14814026700","address":"156 COLEMONT DR","owner":"VILLEGAS, ISMAEL I.","point":[-86.69522603416905,36.06103199021545]}},{"type":"Feature","id":"227032","geometry":{"type":"Polygon","coordinates":[[[-86.6945846975238,36.0681947458971],[-86.6945498073703,36.0681610937523],[-86.6945126524686,36.0681290787621],[-86.6944733502587,36.0680988011917],[-86.6944320225807,36.0680703567747],[-86.6951050497197,36.0676467201813],[-86.6951517954402,36.0676921133453],[-86.6952015628657,36.0677353385966],[-86.6952541976329,36.0677762625306],[-86.6953095387961,36.067814760793],[-86.6946971755442,36.0683655186084],[-86.6946740621047,36.0683207605881],[-86.6946475394252,36.0682772650817],[-86.6946177122752,36.0682352063329],[-86.6945846975238,36.0681947458971]]]},"properties":{"id":"227032","parcel":"14810012200","address":"3831 CREEKSIDE DR","owner":"WALL, CHRISTOPHER T.","point":[-86.69490130653296,36.067942637291296]}},{"type":"Feature","id":"227038","geometry":{"type":"Polygon","coordinates":[[[-86.6939929085531,36.0667630573096],[-86.6943808177945,36.0665476467673],[-86.6947953534932,36.0665914093409],[-86.6947781739476,36.0667936973956],[-86.6947781055336,36.0668190085965],[-86.694775909606,36.066844257253],[-86.6939829064544,36.0668576155966],[-86.6939929085531,36.0667630573096]]]},"properties":{"id":"227038","parcel":"14810012700","address":"3821 CREEKSIDE DR","owner":"MOLINA, LUIS GILBERTO & GIRON, VANESSA F","point":[-86.69446828308364,36.06667742302606]}},{"type":"Feature","id":"227044","geometry":{"type":"Polygon","coordinates":[[[-86.6940106840194,36.0666288950334],[-86.6940910043352,36.0660775964511],[-86.6943928278245,36.0660992266593],[-86.6943808177945,36.0665476467673],[-86.6939929085531,36.0667630573096],[-86.6940106840194,36.0666288950334]]]},"properties":{"id":"227044","parcel":"14810012900","address":"150 ANTON DR","owner":"GOLDEN GATE ESTATES LLC","point":[-86.69422106665937,36.06632301399941]}},{"type":"Feature","id":"227051","geometry":{"type":"Polygon","coordinates":[[[-86.6928572423767,36.0665730551028],[-86.6928514050591,36.0662064907084],[-86.692847555579,36.0659647708759],[-86.6929722775937,36.065968019583],[-86.6930968459265,36.065974010756],[-86.693221168402,36.0659827386167],[-86.6932294732621,36.0665927468228],[-86.6928572423767,36.0665730551028]]]},"properties":{"id":"227051","parcel":"14810013200","address":"138 ANTON DR","owner":"CURRY, BILLY B. ETUX","point":[-86.69304052329342,36.066390249869926]}},{"type":"Feature","id":"227086","geometry":{"type":"Polygon","coordinates":[[[-86.699150539757,36.0613400936316],[-86.6996091857211,36.0608630028878],[-86.6997310805666,36.0608735586937],[-86.6994278859539,36.0614835323133],[-86.6993958984341,36.0614836935913],[-86.6993640677906,36.061481121248],[-86.6993327461508,36.0614758429828],[-86.6993026533912,36.061467293118],[-86.6992739771341,36.0614559788915],[-86.69924710279,36.0614420521889],[-86.6992223861003,36.0614256993166],[-86.6992001620013,36.0614071391484],[-86.6991807235034,36.0613866196423],[-86.6991642852591,36.0613641882242],[-86.6991582709839,36.0613567307104],[-86.6991536564506,36.0613486413864],[-86.699150539757,36.0613400936316]]]},"properties":{"id":"227086","parcel":"14814032900","address":"135 COLEMONT CT","owner":"HATCHER, ALAN TYRONE","point":[-86.69949493196758,36.061106962204775]}},{"type":"Feature","id":"227089","geometry":{"type":"Polygon","coordinates":[[[-86.6925510319917,36.0653217878532],[-86.692574756052,36.065165565051],[-86.6927960767123,36.065175860317],[-86.6928593195861,36.0658269354174],[-86.6926589568086,36.0658232659538],[-86.6926498107376,36.0655489635045],[-86.6925510319917,36.0653217878532]]]},"properties":{"id":"227089","parcel":"14814033700","address":"137 ANTON DR","owner":"FANTAHUN, ESAYAS & YIMAM, MESTAWET A.","point":[-86.69271088059826,36.06543565890382]}},{"type":"Feature","id":"227813","geometry":{"type":"Polygon","coordinates":[[[-86.6951123394657,36.0687894792243],[-86.6950903176557,36.0687478496617],[-86.6954751832208,36.0684928940707],[-86.6960854479205,36.0686300244143],[-86.6960246375296,36.0687952035222],[-86.6959885106349,36.0688883796979],[-86.6959558935728,36.0689824044356],[-86.6951123394657,36.0687894792243]]]},"properties":{"id":"227813","parcel":"14810011500","address":"3908 KEELEY DR","owner":"THRON, ADAM T. & MEGHAN & MCPHERSON, STEVEN & WENDY","point":[-86.69562206192619,36.068689024868235]}},{"type":"Feature","id":"227815","geometry":{"type":"Polygon","coordinates":[[[-86.6949623409554,36.0695903059129],[-86.6949675831987,36.0695557988306],[-86.6950903176557,36.0687478496617],[-86.6951123394657,36.0687894792243],[-86.6953463433406,36.069236459563],[-86.6953024015261,36.0695411518414],[-86.6952936871776,36.0696015710857],[-86.6952913939875,36.0696174712657],[-86.6952901966562,36.069625776304],[-86.6949623409554,36.0695903059129]]]},"properties":{"id":"227815","parcel":"14810011800","address":"209 HAYWOOD LN","owner":"MILLER, PHYLLIS M. & BRIAN EARL & SMITH, STEPHANIE G.","point":[-86.69513972713776,36.069012741567626]}},{"type":"Feature","id":"227817","geometry":{"type":"Polygon","coordinates":[[[-86.6948790155312,36.0687292882944],[-86.6955109217834,36.0679366704559],[-86.6955802830535,36.0679730264597],[-86.6956519235097,36.0680063436552],[-86.6957256402621,36.0680365258703],[-86.6954751832208,36.0684928940707],[-86.6950903176557,36.0687478496617],[-86.6948790155312,36.0687292882944]]]},"properties":{"id":"227817","parcel":"14810012000","address":"3835 CREEKSIDE DR","owner":"TORRES, FEDERICO ANDRES ORTEGA & ET AL","point":[-86.69542525963642,36.068264265117676]}},{"type":"Feature","id":"227819","geometry":{"type":"Polygon","coordinates":[[[-86.6940479059932,36.0677912643058],[-86.694940740187,36.0674300927152],[-86.6949766151609,36.0674867515984],[-86.6950160277137,36.0675418398627],[-86.6950588777541,36.0675952093696],[-86.6951050497197,36.0676467201813],[-86.6944320225807,36.0680703567747],[-86.6942768315747,36.0679679588934],[-86.6942328210897,36.0679439867163],[-86.6941909081035,36.0679176518915],[-86.6941512835258,36.0678890776993],[-86.694114130542,36.067858392872],[-86.694079619126,36.0678257388364],[-86.6940479059932,36.0677912643058]]]},"properties":{"id":"227819","parcel":"14810012300","address":"3829 CREEKSIDE DR","owner":"COLE, JOHN LEAVELL","point":[-86.69460866031858,36.06771907540737]}},{"type":"Feature","id":"227821","geometry":{"type":"Polygon","coordinates":[[[-86.6939829064544,36.0668576155966],[-86.694775909606,36.066844257253],[-86.694776987893,36.0668960974975],[-86.6947808129565,36.0669478525104],[-86.6947873750702,36.0669994250087],[-86.6947966623195,36.067050721327],[-86.693947736906,36.0671698918175],[-86.6939829064544,36.0668576155966]]]},"properties":{"id":"227821","parcel":"14810012600","address":"3823 CREEKSIDE DR","owner":"LAM, LOAN & JENNY TRUST, THE","point":[-86.69437815161861,36.06702401866932]}},{"type":"Feature","id":"227823","geometry":{"type":"Polygon","coordinates":[[[-86.6943808177945,36.0665476467673],[-86.6943928278245,36.0660992266593],[-86.6947473759289,36.0661151841811],[-86.6947608693462,36.06611634748],[-86.6947739518589,36.0661192688507],[-86.6947862797794,36.0661238718623],[-86.6947975267864,36.0661300349199],[-86.6948073961748,36.0661375957001],[-86.6948156264295,36.0661463538224],[-86.6948220012869,36.0661560789035],[-86.6948263530883,36.0661665132409],[-86.694828566205,36.0661773826092],[-86.694828581502,36.0661883989378],[-86.6947953534932,36.0665914093409],[-86.6943808177945,36.0665476467673]]]},"properties":{"id":"227823","parcel":"14810012800","address":"3817 CREEKSIDE DR","owner":"BRODLEY, BRANDON H. & HADLOCK, WESLEY","point":[-86.69459968567591,36.0663680102911]}},{"type":"Feature","id":"227825","geometry":{"type":"Polygon","coordinates":[[[-86.693575540562,36.0666175567267],[-86.6936728842863,36.0660254863597],[-86.6937174925912,36.0660309762418],[-86.6937195940778,36.0660312390398],[-86.6937214833106,36.0660314760206],[-86.6937522417778,36.0660354079601],[-86.6937538543431,36.0660356158891],[-86.693755748095,36.0660358618563],[-86.6937576963097,36.0660361156216],[-86.6937700302559,36.0660377300384],[-86.6937723030196,36.0660380297036],[-86.6937746391422,36.0660383389183],[-86.693786200879,36.0660398739584],[-86.6937869666256,36.0660399759028],[-86.6937888515524,36.0660402282292],[-86.6937915767009,36.066040593788],[-86.6938023651024,36.0660420476555],[-86.6938053948035,36.0660424574266],[-86.6938085078915,36.0660428820396],[-86.6938185240283,36.0660442502221],[-86.6938216627025,36.0660446809964],[-86.6938219305528,36.0660447173087],[-86.6938254315882,36.0660452018769],[-86.6938346776646,36.0660464825594],[-86.6938363792933,36.066046719717],[-86.6938390000827,36.0660470840729],[-86.6938392390484,36.0660471178475],[-86.6938423489011,36.0660475532936],[-86.6938508237833,36.0660487437789],[-86.6939774323024,36.0660675295707],[-86.6940910043352,36.0660775964511],[-86.6940106840194,36.0666288950334],[-86.693575540562,36.0666175567267]]]},"properties":{"id":"227825","parcel":"14810013000","address":"146 ANTON DR","owner":"PURCELL, JACKIE L. ET UX","point":[-86.6938358036978,36.06634758333928]}},{"type":"Feature","id":"227827","geometry":{"type":"Polygon","coordinates":[[[-86.6940750196336,36.0694619081215],[-86.694062739082,36.0694523612166],[-86.6940555460835,36.069442278496],[-86.6940505250178,36.0694313621992],[-86.6940478173377,36.0694199197515],[-86.6940474979924,36.0694082706776],[-86.6940700490895,36.0692445449687],[-86.6940769904467,36.0691754981047],[-86.6940803089753,36.0691062747173],[-86.6940799991028,36.0690369983152],[-86.6946947042829,36.0690116561688],[-86.6946351646485,36.0694900391323],[-86.6946314739715,36.0695196892465],[-86.6941140408461,36.0694743203574],[-86.694100353177,36.0694716989217],[-86.6940872581623,36.0694675337758],[-86.6940750196336,36.0694619081215]]]},"properties":{"id":"227827","parcel":"14810013600","address":"3901 APACHE TRL","owner":"YAFAI AND MUHSIN G.P.","point":[-86.69435705726596,36.069327168784326]}},{"type":"Feature","id":"227838","geometry":{"type":"Polygon","coordinates":[[[-86.6993616042582,36.0687143534511],[-86.6993257954244,36.0683365574956],[-86.6994827326871,36.0683290531256],[-86.6995173916834,36.0683256100788],[-86.6995516843171,36.0683202737444],[-86.6995854554057,36.0683130711604],[-86.699788607511,36.0689426314997],[-86.6993616042582,36.0687143534511]]]},"properties":{"id":"227838","parcel":"14810003700","address":"3903 CREEKSIDE DR","owner":"GILL, FREDERICK M. ETUX","point":[-86.69949897004985,36.06852584483487]}},{"type":"Feature","id":"227840","geometry":{"type":"Polygon","coordinates":[[[-86.6994554478092,36.0676896816093],[-86.6995075497191,36.0674586203527],[-86.7000694424486,36.0676355695868],[-86.6999711694056,36.0678493178194],[-86.6994554478092,36.0676896816093]]]},"properties":{"id":"227840","parcel":"14810004400","address":"3908 CREEKSIDE DR","owner":"GRAHAM, ADELICIA","point":[-86.69975919143313,36.06766261784178]}},{"type":"Feature","id":"227842","geometry":{"type":"Polygon","coordinates":[[[-86.6995741169288,36.0670252869277],[-86.6995792791299,36.066996687104],[-86.6995971043801,36.0668691174768],[-86.7003371134024,36.0669856936165],[-86.7003232821792,36.0670420782135],[-86.7003068002679,36.067097990612],[-86.7002876935978,36.0671533504457],[-86.7002659869643,36.0672080746511],[-86.6995741169288,36.0670252869277]]]},"properties":{"id":"227842","parcel":"14810004700","address":"3914 CREEKSIDE DR","owner":"INNOVATIVE ACQUISITIONS LLC","point":[-86.69996386334832,36.0670337211124]}},{"type":"Feature","id":"227844","geometry":{"type":"Polygon","coordinates":[[[-86.6995971043801,36.0668691174768],[-86.699602169808,36.0668295288322],[-86.6996200712684,36.0667107489965],[-86.7003648931988,36.066759168813],[-86.700357525293,36.0668449221247],[-86.7003489164869,36.0669154608238],[-86.7003371134024,36.0669856936165],[-86.6995971043801,36.0668691174768]]]},"properties":{"id":"227844","parcel":"14810004800","address":"3916 CREEKSIDE DR","owner":"SANCHEZ, RAFAEL TORRES & IRMA E.","point":[-86.69997735335023,36.066857020500294]}},{"type":"Feature","id":"227847","geometry":{"type":"Polygon","coordinates":[[[-86.691591302422,36.0657167779488],[-86.6915366649403,36.0654123306495],[-86.6919164450531,36.065469092628],[-86.6917120253821,36.0657280543191],[-86.6916895796727,36.0657190404784],[-86.6916655615856,36.0657132856924],[-86.6916406841813,36.0657109616194],[-86.6916156840539,36.0657121379379],[-86.691591302422,36.0657167779488]]]},"properties":{"id":"227847","parcel":"14814033200","address":"12 MARY ANTON CT","owner":"HANCOCK, VALERIE","point":[-86.6916946769492,36.06558981147591]}},{"type":"Feature","id":"227849","geometry":{"type":"Polygon","coordinates":[[[-86.6921734171394,36.0654738019111],[-86.6924554138037,36.0654965782734],[-86.6924347119325,36.0658107286032],[-86.6924344541491,36.0658146497758],[-86.6924338178494,36.0658243062016],[-86.6924338148806,36.0658243476778],[-86.692342720802,36.0658262796381],[-86.6923069811196,36.0658257440536],[-86.692303362357,36.0658257603311],[-86.6923023289039,36.0658257653653],[-86.6923016473564,36.0658257710823],[-86.6923014486753,36.0658257740259],[-86.6923013987158,36.0658257734116],[-86.692301349882,36.0658257745933],[-86.6923013143607,36.0658257747973],[-86.6923012821697,36.0658257749822],[-86.692301232218,36.0658257752691],[-86.692295494723,36.065825841569],[-86.6922792494863,36.06582620886],[-86.6922671588984,36.0658266541338],[-86.6922217011784,36.0658296541992],[-86.6922203536055,36.0658197243612],[-86.6922201495749,36.065818221287],[-86.6921734171394,36.0654738019111]]]},"properties":{"id":"227849","parcel":"14814033500","address":"133 ANTON DR","owner":"REGAN, ROBERT T. & MARY R.","point":[-86.6923213984693,36.065653336087536]}},{"type":"Feature","id":"227870","geometry":{"type":"Polygon","coordinates":[[[-86.6934923213278,36.0630628135872],[-86.6935344299539,36.0630412973458],[-86.6935740196276,36.0630168312528],[-86.6936107789951,36.0629896081749],[-86.6939096334876,36.0632329316301],[-86.6937645972121,36.0634010659826],[-86.6934923213278,36.0630628135872]]]},"properties":{"id":"227870","parcel":"14814025000","address":"4825 GILLESPIE DR","owner":"SMITH, PAUL S.","point":[-86.69368299530097,36.06314782684144]}},{"type":"Feature","id":"227872","geometry":{"type":"Polygon","coordinates":[[[-86.6924656795262,36.0632840909161],[-86.6925718377569,36.0630417334718],[-86.692840502683,36.0631215044365],[-86.6927370705089,36.0633660437859],[-86.6924656795262,36.0632840909161]]]},"properties":{"id":"227872","parcel":"14814025500","address":"4805 GILLESPIE DR","owner":"COOK, MARVIN","point":[-86.69265370539445,36.06320279939879]}},{"type":"Feature","id":"227874","geometry":{"type":"Polygon","coordinates":[[[-86.6921779912403,36.0631956372148],[-86.6922066016206,36.0631339375924],[-86.6922576966969,36.063023758423],[-86.6922629404327,36.0630138015392],[-86.6922700604709,36.0630046450366],[-86.6922788790016,36.0629965206657],[-86.6922891724695,36.0629896334007],[-86.6923006793206,36.0629841586915],[-86.6923131088035,36.062980233401],[-86.6923261476454,36.0629779575684],[-86.6923394666486,36.0629773871615],[-86.6923527285083,36.0629785394397],[-86.6923655977152,36.0629813829824],[-86.6925718377569,36.0630417334718],[-86.6924656795262,36.0632840909161],[-86.6921779912403,36.0631956372148]]]},"properties":{"id":"227874","parcel":"14814025600","address":"4712 COLEMONT PL","owner":"BLACKMAN, RHONDA","point":[-86.69238981727062,36.06308783720508]}},{"type":"Feature","id":"227876","geometry":{"type":"Polygon","coordinates":[[[-86.6923594057539,36.0635132621938],[-86.6924656795262,36.0632840909161],[-86.6927370705089,36.0633660437859],[-86.6928403505064,36.063492092619],[-86.6924924325084,36.0635586492788],[-86.6924486096582,36.0634995630542],[-86.6924193768567,36.0635061346244],[-86.6923895738572,36.0635107113112],[-86.6923594057539,36.0635132621938]]]},"properties":{"id":"227876","parcel":"14814025800","address":"304 COLEMONT TER","owner":"REEVES, PATRICIA E.","point":[-86.6925938115908,36.06342856856839]}},{"type":"Feature","id":"227878","geometry":{"type":"Polygon","coordinates":[[[-86.6951844491863,36.0612910587308],[-86.695255145509,36.0612505427925],[-86.6953268525587,36.0612094693937],[-86.6954557862588,36.0610966450922],[-86.6957495958574,36.0612663697673],[-86.6957604802739,36.0612729007541],[-86.6957428427325,36.0612911256415],[-86.6957226962649,36.0613075471121],[-86.6957003174939,36.061321937345],[-86.6956760166029,36.0613340980682],[-86.6956501262597,36.0613438633264],[-86.6956311512485,36.0613522160088],[-86.6956140179787,36.0613628743665],[-86.6955991459678,36.0613755764087],[-86.6955869032261,36.0613900090684],[-86.6955775874728,36.0614058182252],[-86.6951844491863,36.0612910587308]]]},"properties":{"id":"227878","parcel":"14814026600","address":"905 KEELEY CT","owner":"D.Y.N.A. LLC","point":[-86.69548970869525,36.061258424371395]}},{"type":"Feature","id":"227880","geometry":{"type":"Polygon","coordinates":[[[-86.6945985562647,36.0611872987295],[-86.6948086853363,36.0610740044849],[-86.6950585448013,36.0613634849079],[-86.6948575639102,36.0614786492851],[-86.6945985562647,36.0611872987295]]]},"properties":{"id":"227880","parcel":"14814026900","address":"148 COLEMONT DR","owner":"MANSOUR, SAM","point":[-86.69482968688133,36.061275394932224]}},{"type":"Feature","id":"227882","geometry":{"type":"Polygon","coordinates":[[[-86.6940178158302,36.0610148272569],[-86.6941726465816,36.0607677932885],[-86.694223176642,36.0607908717324],[-86.6942715176381,36.060816857698],[-86.6943174197277,36.0608456138289],[-86.6943606385146,36.060876991021],[-86.6944009494312,36.0609108229313],[-86.6944381411497,36.0609469341281],[-86.6944720188643,36.0609851346638],[-86.6945024054411,36.0610252245747],[-86.6945086980016,36.0610347293404],[-86.69451306069,36.0610449220923],[-86.6945153824837,36.0610555466035],[-86.6945156055437,36.0610663355252],[-86.6945137252783,36.0610770175965],[-86.6945097870682,36.0610873239722],[-86.6945038929815,36.0610969944936],[-86.6944961874227,36.0611057867833],[-86.6944868671467,36.061113478892],[-86.6944761657898,36.0611198774991],[-86.6942148572816,36.0612620331295],[-86.6940178158302,36.0610148272569]]]},"properties":{"id":"227882","parcel":"14814027400","address":"137 COLEMONT DR","owner":"FERREIRA, JOSE R & MENDEZ, OSCAR","point":[-86.69425560097457,36.06100000842459]}},{"type":"Feature","id":"227884","geometry":{"type":"Polygon","coordinates":[[[-86.6937877404387,36.060704078501],[-86.6938444345825,36.0607034168741],[-86.6939010421403,36.0607060598371],[-86.6939572710721,36.0607119946508],[-86.694012829188,36.0607211914531],[-86.6940674308004,36.0607336023195],[-86.6941207956292,36.0607491630711],[-86.6941726465816,36.0607677932885],[-86.6940178158302,36.0610148272569],[-86.693812693952,36.0610819390999],[-86.6937877404387,36.060704078501]]]},"properties":{"id":"227884","parcel":"14814027500","address":"4004 SHUFELD CT","owner":"KEDMO HOLDINGS, LLC","point":[-86.69394764327868,36.0608909335893]}},{"type":"Feature","id":"229104","geometry":{"type":"Polygon","coordinates":[[[-86.6956255741361,36.0616698148304],[-86.6956371888122,36.0616051904231],[-86.6957899235511,36.0616216153537],[-86.6957772822699,36.0616845981499],[-86.6956255741361,36.0616698148304]]]},"properties":{"id":"229104","parcel":"148140A00100CO","address":"908 KEELEY CT","owner":"CHEN, LEE ANNA","point":[-86.69570749404542,36.06164571447355]}},{"type":"Feature","id":"229105","geometry":{"type":"Polygon","coordinates":[[[-86.6954616799705,36.0616540029642],[-86.6954658445048,36.0616273323894],[-86.695485141114,36.0616283197168],[-86.6954912277744,36.0615895499906],[-86.6956371888122,36.0616051904231],[-86.6956255741361,36.0616698148304],[-86.6954616799705,36.0616540029642]]]},"properties":{"id":"229105","parcel":"148140A00200CO","address":"910 KEELEY CT","owner":"ROBERTS, CLARICE SCOTT","point":[-86.6955471705737,36.0616413486949]}},{"type":"Feature","id":"229106","geometry":{"type":"Polygon","coordinates":[[[-86.6992293072155,36.0638318310922],[-86.6992625788176,36.0636140656774],[-86.6997311766639,36.0636509046813],[-86.6999579387947,36.0638891374659],[-86.6992293072155,36.0638318310922]]]},"properties":{"id":"229106","parcel":"14814000700","address":"3949 E RIDGE DR","owner":"ALI, NIHAD","point":[-86.69953065475619,36.063741494524365]}},{"type":"Feature","id":"229107","geometry":{"type":"Polygon","coordinates":[[[-86.6991747760421,36.064208123622],[-86.6991884753546,36.0641133730179],[-86.7001339143518,36.0642001886515],[-86.7000941459376,36.0642949213407],[-86.7000172602846,36.0644777765617],[-86.6991476443223,36.0643949158058],[-86.6991747760421,36.064208123622]]]},"properties":{"id":"229107","parcel":"14814000900","address":"3945 E RIDGE DR","owner":"MEJIA, FELIPE","point":[-86.6996138617361,36.06434490188364]}},{"type":"Feature","id":"229108","geometry":{"type":"Polygon","coordinates":[[[-86.6990862607777,36.0648018466599],[-86.699119533178,36.0645840813347],[-86.6999377250175,36.0646672409214],[-86.6999068900659,36.0648542251121],[-86.6999043762904,36.0648762166774],[-86.6990862607777,36.0648018466599]]]},"properties":{"id":"229108","parcel":"14814001100","address":"3941 E RIDGE DR","owner":"FERRELL INVESTMENT GROUP, LLC","point":[-86.69951157902425,36.06473454351038]}},{"type":"Feature","id":"229291","geometry":{"type":"Polygon","coordinates":[[[-86.6989307350194,36.06958494359],[-86.6989532605039,36.0693760320218],[-86.6997954946646,36.0694172995062],[-86.6996930608083,36.0694662408721],[-86.6993695737438,36.0696197593586],[-86.6989307350194,36.06958494359]]]},"properties":{"id":"229291","parcel":"14810003200","address":"3903 E RIDGE DR","owner":"AVILA, RODRIGO JUAREZ","point":[-86.69925194361312,36.069525442424556]}},{"type":"Feature","id":"229293","geometry":{"type":"Polygon","coordinates":[[[-86.6989532605039,36.0693760320218],[-86.6989658998435,36.069270574132],[-86.6989757665327,36.0691649223157],[-86.7000615937713,36.0692025751789],[-86.7000461470919,36.0692927709048],[-86.7000434976779,36.0692993791944],[-86.6997954946646,36.0694172995062],[-86.6989532605039,36.0693760320218]]]},"properties":{"id":"229293","parcel":"14810003300","address":"3905 E RIDGE DR","owner":"EEG INVESTING LLC","point":[-86.69950627372491,36.069281674362564]}},{"type":"Feature","id":"229295","geometry":{"type":"Polygon","coordinates":[[[-86.6989757665327,36.0691649223157],[-86.6989803823222,36.0690605420135],[-86.6989820501765,36.0689561039954],[-86.699788607511,36.0689426314997],[-86.7001133873098,36.0689363527739],[-86.7000875583564,36.0690771556093],[-86.7000615937713,36.0692025751789],[-86.6989757665327,36.0691649223157]]]},"properties":{"id":"229295","parcel":"14810003400","address":"3907 E RIDGE DR","owner":"BJORK, GARRETT ISAAC & KELLI R.","point":[-86.6995344516868,36.069068851296244]}},{"type":"Feature","id":"229297","geometry":{"type":"Polygon","coordinates":[[[-86.6989587714365,36.0685892237794],[-86.6989449091554,36.0684266743783],[-86.6989451390822,36.0684149527268],[-86.698947831968,36.0684034358066],[-86.6989529075132,36.0683924602629],[-86.6989602164913,36.0683823514234],[-86.6989695461241,36.0683734034394],[-86.6989806200903,36.0683658801867],[-86.6989931139631,36.0683600034598],[-86.6990066606894,36.0683559448285],[-86.6990208616827,36.0683538246723],[-86.6990227688826,36.068353698248],[-86.6993257954244,36.0683365574956],[-86.6993616042582,36.0687143534511],[-86.6989720740233,36.0687451835144],[-86.6989587714365,36.0685892237794]]]},"properties":{"id":"229297","parcel":"14810003600","address":"3911 E RIDGE DR","owner":"MAYBERRY, JONATHON SHANE THOMPSON","point":[-86.69914698680813,36.06850843903658]}},{"type":"Feature","id":"229301","geometry":{"type":"Polygon","coordinates":[[[-86.6994267183008,36.0678085233171],[-86.6994554478092,36.0676896816093],[-86.6999711694056,36.0678493178194],[-86.6999499412546,36.0678977896622],[-86.6999271214613,36.0679353318365],[-86.6999005536529,36.0679712112649],[-86.6998704188438,36.0680051835466],[-86.6998369247784,36.06803701404],[-86.6998003004447,36.0680664851043],[-86.6997607982703,36.0680933933833],[-86.6997186886278,36.0681175561465],[-86.699674259787,36.0681388058812],[-86.6996278168764,36.0681569984111],[-86.6995796796073,36.0681720065995],[-86.6995301779205,36.0681837302898],[-86.6994267183008,36.0678085233171]]]},"properties":{"id":"229301","parcel":"14810004300","address":"3904 CREEKSIDE DR","owner":"CEMETERY-UNKNOWN","point":[-86.69969007973903,36.06795271116797]}},{"type":"Feature","id":"229315","geometry":{"type":"Polygon","coordinates":[[[-86.6941698413601,36.0625380583321],[-86.6942020008108,36.0625313541126],[-86.6942347031875,36.0625266962833],[-86.6943239451771,36.0625173910998],[-86.6943825885726,36.062723637174],[-86.6944073012684,36.0628413470339],[-86.6942785401528,36.0628582965986],[-86.6941698413601,36.0625380583321]]]},"properties":{"id":"229315","parcel":"14814024600","address":"4841 GILLESPIE DR","owner":"MORENA, CARLOS & JUANA G.","point":[-86.69427876756153,36.06263085431071]}},{"type":"Feature","id":"229317","geometry":{"type":"Polygon","coordinates":[[[-86.6933520561558,36.0631185629312],[-86.6934006327488,36.0631031076355],[-86.6934474921636,36.0630844833619],[-86.6934923213278,36.0630628135872],[-86.6937645972121,36.0634010659826],[-86.6935235980109,36.0634288253926],[-86.6935016281826,36.0634314240261],[-86.6933520561558,36.0631185629312]]]},"properties":{"id":"229317","parcel":"14814025100","address":"4821 GILLESPIE DR","owner":"RIVAS, OMERO AGUERO & NELY","point":[-86.69353525156761,36.063259755644324]}},{"type":"Feature","id":"229319","geometry":{"type":"Polygon","coordinates":[[[-86.6948086853363,36.0610740044849],[-86.6950080514856,36.060967364843],[-86.695255145509,36.0612505427925],[-86.6951844491863,36.0612910587308],[-86.6950585448013,36.0613634849079],[-86.6948086853363,36.0610740044849]]]},"properties":{"id":"229319","parcel":"14814026800","address":"152 COLEMONT DR","owner":"FLOWERS FAMILY TRUST","point":[-86.69503149931096,36.06116227278804]}},{"type":"Feature","id":"229321","geometry":{"type":"Polygon","coordinates":[[[-86.6935362387681,36.0613494520967],[-86.6935737091112,36.0613008869591],[-86.6936379561391,36.0612192004487],[-86.6936941614709,36.0611463549411],[-86.6937049294781,36.0611397000548],[-86.6939832066958,36.0613908334043],[-86.6939513075201,36.0614141981604],[-86.6939217665332,36.0614395267547],[-86.6938947677242,36.0614666604045],[-86.6938704783701,36.0614954332131],[-86.6938490478713,36.0615256658672],[-86.6935362387681,36.0613494520967]]]},"properties":{"id":"229321","parcel":"14814027200","address":"129 COLEMONT DR","owner":"NIETO, ALEIDA","point":[-86.69373321420557,36.06132562504101]}},{"type":"Feature","id":"229676","geometry":{"type":"Polygon","coordinates":[[[-86.6992019405287,36.0640205281867],[-86.6992293072155,36.0638318310922],[-86.6999579387947,36.0638891374659],[-86.6999661359569,36.0638978810148],[-86.7001710323387,36.0641120651552],[-86.7001524921692,36.0641583250337],[-86.7001339143518,36.0642001886515],[-86.6991884753546,36.0641133730179],[-86.6992019405287,36.0640205281867]]]},"properties":{"id":"229676","parcel":"14814000800","address":"3947 E RIDGE DR","owner":"CASTILLO MANAGEMENT CO","point":[-86.69961841454987,36.063959291357165]}},{"type":"Feature","id":"229678","geometry":{"type":"Polygon","coordinates":[[[-86.699119533178,36.0645840813347],[-86.6991476443223,36.0643949158058],[-86.7000172602846,36.0644777765617],[-86.6999987005837,36.0645218391884],[-86.6999377250175,36.0646672409214],[-86.699119533178,36.0645840813347]]]},"properties":{"id":"229678","parcel":"14814001000","address":"3943 E RIDGE DR","owner":"BARWARI, SIPAN & MAHMUT, BEDRIYE","point":[-86.69955476085899,36.064552950150244]}},{"type":"Feature","id":"229818","geometry":{"type":"Polygon","coordinates":[[[-86.6989379529613,36.0657894746133],[-86.6989713421681,36.0655848945252],[-86.6997732838848,36.0656659521597],[-86.699745077015,36.0658441298574],[-86.6997424868584,36.0658573307111],[-86.6989379529613,36.0657894746133]]]},"properties":{"id":"229818","parcel":"14814001500","address":"3933 E RIDGE DR","owner":"CLARK, CHAD A.","point":[-86.69935577221186,36.0657277145009]}},{"type":"Feature","id":"229820","geometry":{"type":"Polygon","coordinates":[[[-86.698119603543,36.0650733736491],[-86.6981400789909,36.0649391923264],[-86.6988851153639,36.0650139925035],[-86.6988570033757,36.0652031579433],[-86.6981119856779,36.0651305557148],[-86.698119603543,36.0650733736491]]]},"properties":{"id":"229820","parcel":"14814001900","address":"3934 E RIDGE DR","owner":"MILLER, IAN","point":[-86.69850242047714,36.06504368384128]}},{"type":"Feature","id":"229822","geometry":{"type":"Polygon","coordinates":[[[-86.698155335017,36.064827021798],[-86.6981681539805,36.0647456325932],[-86.6989132067817,36.0648226298308],[-86.6988851153639,36.0650139925035],[-86.6981400789909,36.0649391923264],[-86.698155335017,36.064827021798]]]},"properties":{"id":"229822","parcel":"14814002000","address":"3936 E RIDGE DR","owner":"HAMPTON, MARCUS R.","point":[-86.69852587834666,36.06488405875252]}},{"type":"Feature","id":"229824","geometry":{"type":"Polygon","coordinates":[[[-86.6983035735103,36.0638306038804],[-86.6983392652501,36.0635798592547],[-86.6986129262211,36.0636112389202],[-86.6990843652876,36.0636634480315],[-86.6990357623871,36.0639845951566],[-86.6982907162148,36.0639075986677],[-86.6982932304062,36.063885607131],[-86.6983035735103,36.0638306038804]]]},"properties":{"id":"229824","parcel":"14814002500","address":"3946 E RIDGE DR","owner":"SORY, WANDA","point":[-86.69869358924265,36.06374702563764]}},{"type":"Feature","id":"229826","geometry":{"type":"Polygon","coordinates":[[[-86.6977639791669,36.0634145646448],[-86.6979012028576,36.0630131915322],[-86.6982602815794,36.0630990207307],[-86.6982782344746,36.0631033114025],[-86.6983414592825,36.0631207950997],[-86.6984057356747,36.0631355381669],[-86.6983392652501,36.0635798592547],[-86.6983035735103,36.0638306038804],[-86.6977639791669,36.0634145646448]]]},"properties":{"id":"229826","parcel":"14814002800","address":"4893 PACKARD DR","owner":"SEUL, WALTER A. & OCONNOR, BERNADETTE","point":[-86.69811104773302,36.06349736196682]}},{"type":"Feature","id":"229828","geometry":{"type":"Polygon","coordinates":[[[-86.6972207494404,36.0631050382444],[-86.6972160525308,36.0630121490664],[-86.6972159752923,36.0630096718761],[-86.697215969969,36.0630084326377],[-86.6972175490355,36.0629943282814],[-86.6972220946232,36.0629806556064],[-86.6972294715477,36.0629678218746],[-86.6972394578393,36.0629562114162],[-86.697251757921,36.0629461693307],[-86.6972660014435,36.0629379951844],[-86.6972817665156,36.0629319338632],[-86.6972985796256,36.0629281665608],[-86.6973159422331,36.0629268052164],[-86.6973235675981,36.0629269783122],[-86.6973401405854,36.062926333549],[-86.6974228421357,36.0629300424399],[-86.6975052331421,36.0629369427249],[-86.6975871258743,36.0629470183665],[-86.6976683347669,36.0629602470065],[-86.6977486775126,36.0629765981567],[-86.6978279695202,36.062996034132],[-86.6979012028576,36.0630131915322],[-86.6977639791669,36.0634145646448],[-86.6972369024389,36.0634237758538],[-86.6972207494404,36.0631050382444]]]},"properties":{"id":"229828","parcel":"14814002900","address":"4891 PACKARD DR","owner":"GUTIERREZ, REYNALDO ARREOLA & ENEDINA AYALA","point":[-86.6975225848603,36.06325987801259]}},{"type":"Feature","id":"229830","geometry":{"type":"Polygon","coordinates":[[[-86.6963666944041,36.0655098647836],[-86.6964690009781,36.0651378618002],[-86.6971402807299,36.0651361795303],[-86.6971361676986,36.0652447190789],[-86.6971286589562,36.065353138564],[-86.6971177605402,36.0654613685509],[-86.6971034784802,36.0655693387037],[-86.6963666944041,36.0655098647836]]]},"properties":{"id":"229830","parcel":"14814004000","address":"3938 KEELEY DR","owner":"WRIGHT, MINDY","point":[-86.69677880524141,36.06529803486824]}},{"type":"Feature","id":"229832","geometry":{"type":"Polygon","coordinates":[[[-86.6964136034477,36.0646854558905],[-86.6971278613108,36.0646461634286],[-86.6971378513473,36.0648592832949],[-86.6964775937334,36.0648828788421],[-86.6964136034477,36.0646854558905]]]},"properties":{"id":"229832","parcel":"14814004200","address":"3944 KEELEY DR","owner":"BEECH, JAMES T. & CHERYL B.","point":[-86.69678766012213,36.06477240032357]}},{"type":"Feature","id":"229834","geometry":{"type":"Polygon","coordinates":[[[-86.6962355728119,36.0644469350639],[-86.6971165160874,36.0644090212915],[-86.6971278613108,36.0646461634286],[-86.6964136034477,36.0646854558905],[-86.6962355728119,36.0644469350639]]]},"properties":{"id":"229834","parcel":"14814004300","address":"3946 KEELEY DR","owner":"RODRIGUEZ, JOSE ALFREDO SANCHEZ","point":[-86.69671618492295,36.06454663728703]}},{"type":"Feature","id":"230099","geometry":{"type":"Polygon","coordinates":[[[-86.6990070701452,36.0653385451617],[-86.6990428376714,36.0650965902147],[-86.6998555243285,36.0651687947233],[-86.6998298316234,36.0653249799988],[-86.6998144036763,36.0654173730085],[-86.6990070701452,36.0653385451617]]]},"properties":{"id":"230099","parcel":"14814001300","address":"3937 E RIDGE DR","owner":"VAUGHN, JULIA K.","point":[-86.69943180112716,36.06524585782058]}},{"type":"Feature","id":"230100","geometry":{"type":"Polygon","coordinates":[[[-86.6983392652501,36.0635798592547],[-86.6984057356747,36.0631355381669],[-86.6985105760421,36.0631591509345],[-86.6986163638573,36.063179791084],[-86.6987229723393,36.0631974332103],[-86.6986129262211,36.0636112389202],[-86.6983392652501,36.0635798592547]]]},"properties":{"id":"230100","parcel":"14814002700","address":"4897 PACKARD DR","owner":"SCOTT, MARY C.","point":[-86.6985199799332,36.06338861837656]}},{"type":"Feature","id":"230101","geometry":{"type":"Polygon","coordinates":[[[-86.6973099932045,36.0650428944435],[-86.6973084192807,36.0649362795812],[-86.6973027089204,36.0648297589455],[-86.698155335017,36.064827021798],[-86.6981400789909,36.0649391923264],[-86.698119603543,36.0650733736491],[-86.6973099932045,36.0650428944435]]]},"properties":{"id":"230101","parcel":"14814003400","address":"3947 KEELEY DR","owner":"JONES, DALE A. ET UX","point":[-86.69772061120209,36.06499103294615]}},{"type":"Feature","id":"230102","geometry":{"type":"Polygon","coordinates":[[[-86.6962167175808,36.065693139703],[-86.6963211616595,36.0655650702217],[-86.6963666944041,36.0655098647836],[-86.6971034784802,36.0655693387037],[-86.6970939597267,36.0656407341535],[-86.697081948845,36.065711881739],[-86.6970674553205,36.0657827246236],[-86.6962167175808,36.065693139703]]]},"properties":{"id":"230102","parcel":"14814003900","address":"3936 KEELEY DR","owner":"BALANESCU, COSTEL & DANIELA","point":[-86.69666414839291,36.06566696002481]}},{"type":"Feature","id":"230103","geometry":{"type":"Polygon","coordinates":[[[-86.6964690009781,36.0651378618002],[-86.6964887665367,36.0649223735395],[-86.6964775937334,36.0648828788421],[-86.6971378513473,36.0648592832949],[-86.6971380827175,36.0648856544944],[-86.6971412584869,36.0649691412009],[-86.6971419912921,36.0650526645668],[-86.6971402807299,36.0651361795303],[-86.6964690009781,36.0651378618002]]]},"properties":{"id":"230103","parcel":"14814004100","address":"3942 KEELEY DR","owner":"DOUGLAS, RONALD B., JR.","point":[-86.69681121221194,36.06501006763062]}},{"type":"Feature","id":"230222","geometry":{"type":"Polygon","coordinates":[[[-86.6919972535429,36.0660295114873],[-86.6920476728993,36.0660107636977],[-86.6920995409999,36.0659948303954],[-86.6921526187088,36.0659817850547],[-86.6922066612147,36.0659716867621],[-86.6922614224872,36.0659645819936],[-86.6922767347559,36.0659654295887],[-86.6922916446941,36.0659683885012],[-86.6923057108477,36.0659733729407],[-86.6923185211992,36.0659802356603],[-86.6923296998908,36.0659887751287],[-86.6923389161366,36.0659987390837],[-86.6923458998643,36.0660098361591],[-86.6923504450615,36.0660217376679],[-86.6923524188136,36.0660340955763],[-86.6923525876488,36.0660648104237],[-86.6923512776809,36.0660955076273],[-86.6923481997064,36.0661093041621],[-86.6923423567951,36.0661225000983],[-86.6923339100596,36.0661347303907],[-86.6923230919145,36.0661456593268],[-86.6923077049111,36.0661576428696],[-86.6922950077838,36.0661715505286],[-86.6922853612194,36.066186989075],[-86.6922790367173,36.0662035216294],[-86.6922762122589,36.066220680304],[-86.6922769691032,36.0662379806422],[-86.6922812852281,36.0662549333722],[-86.6922890376838,36.0662710597157],[-86.6921687551383,36.0663254824104],[-86.6919972535429,36.0660295114873]]]},"properties":{"id":"230222","parcel":"14810014700","address":"134 ANTON DR","owner":"DUONG, HAO MINH & HUYNH, LANG THI ET AL","point":[-86.69219474613386,36.066139851473416]}},{"type":"Feature","id":"230440","geometry":{"type":"Polygon","coordinates":[[[-86.6934713603355,36.0677945824996],[-86.6934902538212,36.0677878800016],[-86.6937945830159,36.0676680667068],[-86.6939434554351,36.0676094562929],[-86.6939635391018,36.0676570520221],[-86.6939877268659,36.0677033722339],[-86.6940158968153,36.0677481850964],[-86.6940479059932,36.0677912643058],[-86.694079619126,36.0678257388364],[-86.694114130542,36.067858392872],[-86.6941512835258,36.0678890776993],[-86.6941909081035,36.0679176518915],[-86.6942328210897,36.0679439867163],[-86.6942768315747,36.0679679588934],[-86.6944320225807,36.0680703567747],[-86.6944733502587,36.0680988011917],[-86.6945126524686,36.0681290787621],[-86.6945498073703,36.0681610937523],[-86.6945846975238,36.0681947458971],[-86.693914984876,36.0683788168035],[-86.6938789627877,36.0683079406892],[-86.6938394546477,36.0682382995614],[-86.6937965247209,36.0681700057076],[-86.693750242822,36.0681031713832],[-86.6937006831655,36.0680379043115],[-86.69364792772,36.0679743103687],[-86.6935920606416,36.0679124918129],[-86.6935331738562,36.0678525508575],[-86.6934713603355,36.0677945824996]]]},"properties":{"id":"230440","parcel":"14810014000","address":"3925 APACHE TRL","owner":"FOX PROPERTIES, LLC","point":[-86.69400575911345,36.06800695392876]}},{"type":"Feature","id":"230441","geometry":{"type":"Polygon","coordinates":[[[-86.6923854365088,36.0665622810393],[-86.692395715761,36.0663365076273],[-86.6924213115418,36.0663347463974],[-86.6924463091411,36.0663299467593],[-86.6924701655216,36.0663222136781],[-86.6924923615152,36.0663117159737],[-86.6925124139947,36.0662986817438],[-86.6925298858245,36.0662833938009],[-86.6928285182626,36.0665718890039],[-86.6923854365088,36.0665622810393]]]},"properties":{"id":"230441","parcel":"14810014500","address":"25 ANTON CT","owner":"NEAL, LOLA FAYE","point":[-86.69254656170523,36.066449794524395]}},{"type":"Feature","id":"230532","geometry":{"type":"Polygon","coordinates":[[[-86.6992625788176,36.0636140656774],[-86.6993033896964,36.0633303246724],[-86.6993071157148,36.0633189216063],[-86.6993130563551,36.0633081555192],[-86.6993210553448,36.0632983067164],[-86.699330904044,36.0632896332747],[-86.6993423457969,36.0632823611031],[-86.6993550792311,36.0632766803187],[-86.6993687748517,36.0632727388414],[-86.6993830728053,36.0632706406042],[-86.6993976005924,36.0632704400429],[-86.6997768768387,36.0633077980093],[-86.6997311766639,36.0636509046813],[-86.6992625788176,36.0636140656774]]]},"properties":{"id":"230532","parcel":"14814000600","address":"3953 E RIDGE DR","owner":"SHAREEF, KAMERAN","point":[-86.69951890336151,36.06347278677861]}},{"type":"Feature","id":"230624","geometry":{"type":"Polygon","coordinates":[[[-86.6989713421681,36.0655848945252],[-86.6990070701452,36.0653385451617],[-86.6998144036763,36.0654173730085],[-86.6997861400362,36.0655889581476],[-86.6997732838848,36.0656659521597],[-86.6989713421681,36.0655848945252]]]},"properties":{"id":"230624","parcel":"14814001400","address":"3935 E RIDGE DR","owner":"DIAZ, SERGIO & SANCHEZ, KENSY JOLIBETH BARRERA","point":[-86.69939203849623,36.06550113241708]}},{"type":"Feature","id":"230625","geometry":{"type":"Polygon","coordinates":[[[-86.6980838718078,36.0653197209691],[-86.6981119856779,36.0651305557148],[-86.6988570033757,36.0652031579433],[-86.6988289083578,36.0653945206049],[-86.6980838718078,36.0653197209691]]]},"properties":{"id":"230625","parcel":"14814001800","address":"3932 E RIDGE DR","owner":"LITTON, MATTHEW J. & ALLIE B.","point":[-86.69847049103417,36.065261440214876]}},{"type":"Feature","id":"230626","geometry":{"type":"Polygon","coordinates":[[[-86.6981987419533,36.0645300804184],[-86.698229425212,36.0643255170578],[-86.6989744945716,36.0644047111423],[-86.6989437927631,36.0646070774709],[-86.6981987419533,36.0645300804184]]]},"properties":{"id":"230626","parcel":"14814002200","address":"3940 E RIDGE DR","owner":"SHAVER, JEFFREY & ASHLEY","point":[-86.69858656355709,36.06446739627137]}},{"type":"Feature","id":"230627","geometry":{"type":"Polygon","coordinates":[[[-86.6986129262211,36.0636112389202],[-86.6987229723393,36.0631974332103],[-86.6988354961465,36.063213409618],[-86.6989484188803,36.0632274088884],[-86.699061687181,36.0632394232182],[-86.6990747112772,36.0632415441184],[-86.6990871636213,36.0632452969585],[-86.699098737021,36.0632505888851],[-86.6991091450489,36.063257289972],[-86.6991181309219,36.0632652331682],[-86.6991254708954,36.0632742214887],[-86.6991309831901,36.0632840333703],[-86.6991345335742,36.0632944262444],[-86.6991360320732,36.0633051410624],[-86.6991354430788,36.0633159157565],[-86.6990843652876,36.0636634480315],[-86.6986129262211,36.0636112389202]]]},"properties":{"id":"230627","parcel":"14814002600","address":"3950 E RIDGE DR","owner":"YEARGIN, VIOLA J.","point":[-86.69888299782141,36.06346359976463]}},{"type":"Feature","id":"230628","geometry":{"type":"Polygon","coordinates":[[[-86.6972369024389,36.0634237758538],[-86.6977639791669,36.0634145646448],[-86.6983035735103,36.0638306038804],[-86.6982932304062,36.063885607131],[-86.6972608375564,36.0638915835702],[-86.6972369024389,36.0634237758538]]]},"properties":{"id":"230628","parcel":"14814003000","address":"3957 KEELEY DR","owner":"WAYMAN, THOMAS DALE ET UX","point":[-86.69764393821826,36.06362687255436]}},{"type":"Feature","id":"230629","geometry":{"type":"Polygon","coordinates":[[[-86.6973011716774,36.0652715062544],[-86.6973064924458,36.0651953708668],[-86.6973094335528,36.0651191510036],[-86.6973099932045,36.0650428944435],[-86.698119603543,36.0650733736491],[-86.6981119856779,36.0651305557148],[-86.6980838718078,36.0653197209691],[-86.6980812813922,36.0653329217889],[-86.6973011716774,36.0652715062544]]]},"properties":{"id":"230629","parcel":"14814003500","address":"3945 KEELEY DR","owner":"AGAPE RENTAL PROPERTIES, LLC","point":[-86.69770740108605,36.06516295933284]}},{"type":"Feature","id":"230630","geometry":{"type":"Polygon","coordinates":[[[-86.6972483232669,36.0657267361478],[-86.6972665153491,36.0656202088545],[-86.6972816396549,36.0655133658258],[-86.6980429590149,36.065592472604],[-86.6980200074907,36.0657530371549],[-86.6980071109977,36.065825636528],[-86.6972483232669,36.0657267361478]]]},"properties":{"id":"230630","parcel":"14814003700","address":"3941 KEELEY DR","owner":"JOHNSON, REBECCA & TIMOTHY","point":[-86.69764426051434,36.065674448877495]}},{"type":"Feature","id":"230631","geometry":{"type":"Polygon","coordinates":[[[-86.696072017858,36.0658610008012],[-86.6961015602684,36.0658344576715],[-86.6962167175808,36.065693139703],[-86.6970674553205,36.0657827246236],[-86.6970518312868,36.0658531414253],[-86.6970255545129,36.0659433985461],[-86.6970184544244,36.06597301981],[-86.6970125414106,36.0660028117626],[-86.696072017858,36.0658610008012]]]},"properties":{"id":"230631","parcel":"14814003800","address":"3934 KEELEY DR","owner":"WRIGHT, MINDY","point":[-86.69657308152219,36.065843791341266]}},{"type":"Feature","id":"230973","geometry":{"type":"Polygon","coordinates":[[[-86.6990428376714,36.0650965902147],[-86.6990862607777,36.0648018466599],[-86.6999043762904,36.0648762166774],[-86.6998709123552,36.0650720063603],[-86.6998555243285,36.0651687947233],[-86.6990428376714,36.0650965902147]]]},"properties":{"id":"230973","parcel":"14814001200","address":"3939 E RIDGE DR","owner":"CHADWELL, DORIS ANN (LE) ETAL","point":[-86.69947441573461,36.064973076240484]}},{"type":"Feature","id":"230974","geometry":{"type":"Polygon","coordinates":[[[-86.6980429590149,36.065592472604],[-86.6980557782169,36.0655110834259],[-86.6988008187549,36.0655858832191],[-86.698762324654,36.0658256538268],[-86.6980200074907,36.0657530371549],[-86.6980429590149,36.065592472604]]]},"properties":{"id":"230974","parcel":"14814001600","address":"3928 E RIDGE DR","owner":"CRUZ, CARLOS IBAN DIAZ","point":[-86.69840902508633,36.06567370536158]}},{"type":"Feature","id":"230975","geometry":{"type":"Polygon","coordinates":[[[-86.6980812813922,36.0653329217889],[-86.6980838718078,36.0653197209691],[-86.6988289083578,36.0653945206049],[-86.6988008187549,36.0655858832191],[-86.6980557782169,36.0655110834259],[-86.6980812813922,36.0653329217889]]]},"properties":{"id":"230975","parcel":"14814001700","address":"3930 E RIDGE DR","owner":"PHILLIPS, MARK & AMY","point":[-86.69844223549464,36.06545280236848]}},{"type":"Feature","id":"230976","geometry":{"type":"Polygon","coordinates":[[[-86.6981962277154,36.0645520719497],[-86.6981987419533,36.0645300804184],[-86.6989437927631,36.0646070774709],[-86.6989132067817,36.0648226298308],[-86.6981681539805,36.0647456325932],[-86.6981962277154,36.0645520719497]]]},"properties":{"id":"230976","parcel":"14814002100","address":"3938 E RIDGE DR","owner":"STANLEY, RYAN & REBEKAH","point":[-86.69855608368509,36.06467635593799]}},{"type":"Feature","id":"230977","geometry":{"type":"Polygon","coordinates":[[[-86.6982447002943,36.0642155428252],[-86.6982601094147,36.0641209527718],[-86.6990051768868,36.0642001466705],[-86.6989744945716,36.0644047111423],[-86.698229425212,36.0643255170578],[-86.6982447002943,36.0642155428252]]]},"properties":{"id":"230977","parcel":"14814002300","address":"3942 E RIDGE DR","owner":"SFR XII NASHVILLE OWNER 1 LP","point":[-86.69861569869835,36.06427148251152]}},{"type":"Feature","id":"230978","geometry":{"type":"Polygon","coordinates":[[[-86.6982601094147,36.0641209527718],[-86.6982907162148,36.0639075986677],[-86.6990357623871,36.0639845951566],[-86.6990051768868,36.0642001466705],[-86.6982601094147,36.0641209527718]]]},"properties":{"id":"230978","parcel":"14814002400","address":"3944 E RIDGE DR","owner":"RAINES, MINDY W.","point":[-86.69864798985074,36.06405277472837]}},{"type":"Feature","id":"230979","geometry":{"type":"Polygon","coordinates":[[[-86.6972608375564,36.0638915835702],[-86.6982932304062,36.063885607131],[-86.6982907162148,36.0639075986677],[-86.6982601094147,36.0641209527718],[-86.6982447002943,36.0642155428252],[-86.6972787661626,36.0642409663003],[-86.6972608375564,36.0638915835702]]]},"properties":{"id":"230979","parcel":"14814003100","address":"3953 KEELEY DR","owner":"SUN, SIM & MOM SO","point":[-86.69777120791827,36.06401300555499]}},{"type":"Feature","id":"230980","geometry":{"type":"Polygon","coordinates":[[[-86.6972787661626,36.0642409663003],[-86.6982447002943,36.0642155428252],[-86.698229425212,36.0643255170578],[-86.6981987419533,36.0645300804184],[-86.6981962277154,36.0645520719497],[-86.6972948847052,36.0645550921359],[-86.6972870134455,36.0644016828499],[-86.6972787661626,36.0642409663003]]]},"properties":{"id":"230980","parcel":"14814003200","address":"3951 KEELEY DR","owner":"CHEN, JIANCHUN & LU","point":[-86.69775426748814,36.06436359091652]}},{"type":"Feature","id":"230981","geometry":{"type":"Polygon","coordinates":[[[-86.6973027089204,36.0648297589455],[-86.6972948847052,36.0645550921359],[-86.6981962277154,36.0645520719497],[-86.6981681539805,36.0647456325932],[-86.698155335017,36.064827021798],[-86.6973027089204,36.0648297589455]]]},"properties":{"id":"230981","parcel":"14814003300","address":"3949 KEELEY DR","owner":"GREGORY, GERRY C & GLEN C","point":[-86.69773968728016,36.06465038375537]}},{"type":"Feature","id":"230982","geometry":{"type":"Polygon","coordinates":[[[-86.6972816396549,36.0655133658258],[-86.6972904767546,36.0654328767186],[-86.6972969891499,36.0653522424308],[-86.6973011716774,36.0652715062544],[-86.6980812813922,36.0653329217889],[-86.6980557782169,36.0655110834259],[-86.6980429590149,36.065592472604],[-86.6972816396549,36.0655133658258]]]},"properties":{"id":"230982","parcel":"14814003600","address":"3943 KEELEY DR","owner":"COLLIER, ROBERT M.","point":[-86.69768309813884,36.06539354219596]}},{"type":"Feature","id":"231631","geometry":{"type":"Polygon","coordinates":[[[-86.6997311766639,36.0636509046813],[-86.6997768768387,36.0633077980093],[-86.7000477925313,36.0633347947792],[-86.6999661359569,36.0638978810148],[-86.6999579387947,36.0638891374659],[-86.6997311766639,36.0636509046813]]]},"properties":{"id":"231631","parcel":"14814000500","address":"4905 PACKARD DR","owner":"ROMERO, JOSE CARLOS","point":[-86.69988854881491,36.06349284749478]}},{"type":"Feature","id":"231878","geometry":{"type":"Polygon","coordinates":[[[-86.6931330513762,36.0693524980772],[-86.6931751747408,36.0689061233397],[-86.6938540703978,36.0688428796125],[-86.6938639467652,36.0689203657372],[-86.6938696015172,36.0689981312239],[-86.6938710222026,36.069076022926],[-86.6938682085967,36.069153889429],[-86.6938611649154,36.0692315792924],[-86.6938499031452,36.0693089410306],[-86.6938344486015,36.069385823982],[-86.6938309046702,36.0693970978257],[-86.6938250191792,36.0694077055778],[-86.6938169669874,36.0694173307816],[-86.6938069897875,36.0694256827331],[-86.693795387367,36.0694325127544],[-86.6937825087277,36.0694376142445],[-86.6937687377643,36.0694408353806],[-86.6937544888246,36.0694420791424],[-86.6937401889946,36.0694413088234],[-86.6932850364429,36.069397776173],[-86.6931330513762,36.0693524980772]]]},"properties":{"id":"231878","parcel":"14810013700","address":"197 HAYWOOD LN","owner":"BAE, DAE","point":[-86.69351262769253,36.06911404391917]}},{"type":"Feature","id":"231879","geometry":{"type":"Polygon","coordinates":[[[-86.6925381113263,36.0661850288933],[-86.6925336530805,36.0661753386473],[-86.6925274499305,36.0661663046479],[-86.6925196413053,36.0661581306854],[-86.6925104075636,36.0661510040923],[-86.6925016399438,36.066142844651],[-86.6924946956426,36.0661336004017],[-86.6924897756743,36.0661235360692],[-86.6924870202127,36.0661129410623],[-86.6924865096304,36.0661021213568],[-86.6924878651608,36.0660291472804],[-86.6924880731861,36.0660182432319],[-86.69249058077,36.0660075296632],[-86.6924953140757,36.0659973233497],[-86.6925021303186,36.0659879270421],[-86.6925108321022,36.0659796185688],[-86.6925211573736,36.0659726445847],[-86.6925328037648,36.0659672114185],[-86.6925454240985,36.0659634787894],[-86.6925586463525,36.0659615578901],[-86.6925720780607,36.0659615068551],[-86.692847555579,36.0659647708759],[-86.6928514050591,36.0662064907084],[-86.6925381113263,36.0661850288933]]]},"properties":{"id":"231879","parcel":"14810014300","address":"21 ANTON CT","owner":"MUANG, NANG & DIM, NIAN KHAN","point":[-86.69266818201876,36.06606609850403]}},{"type":"Feature","id":"231881","geometry":{"type":"Polygon","coordinates":[[[-86.6920631280512,36.0665480232681],[-86.6920779928204,36.0664010013321],[-86.6921687551383,36.0663254824104],[-86.6922890376838,36.0662710597157],[-86.6923006178473,36.0662873227014],[-86.6923152381736,36.0663018828208],[-86.692332525752,36.0663143672799],[-86.6923520404526,36.0663244604518],[-86.6923732838069,36.0663319038255],[-86.692395715761,36.0663365076273],[-86.6923854365088,36.0665622810393],[-86.6920631280512,36.0665480232681]]]},"properties":{"id":"231881","parcel":"14810014600","address":"22 ANTON CT","owner":"DIGRAZIA, JULIA D","point":[-86.69222997785675,36.06647492171874]}},{"type":"Feature","id":"231883","geometry":{"type":"Polygon","coordinates":[[[-86.6917143591227,36.0665439468871],[-86.6917031173846,36.066334592283],[-86.6917246922487,36.0663297538519],[-86.6917450749066,36.0663222427367],[-86.6917637640755,36.0663122420715],[-86.6917803045267,36.0662999969157],[-86.6917942903607,36.0662858079253],[-86.6918053782416,36.0662700213624],[-86.6920779928204,36.0664010013321],[-86.6920631280512,36.0665480232681],[-86.6917143591227,36.0665439468871]]]},"properties":{"id":"231883","parcel":"14810014900","address":"130 ANTON DR","owner":"JOHNSON, LACONDRA & GERALD E.","point":[-86.69189060837866,36.06647245993761]}},{"type":"Feature","id":"231885","geometry":{"type":"Polygon","coordinates":[[[-86.6912166082023,36.0665373738178],[-86.6915741840669,36.0662933150446],[-86.6915909106594,36.0663074269446],[-86.6916103605437,36.0663190122355],[-86.6916319601671,36.0663277308171],[-86.691655075661,36.0663333276564],[-86.6916790295306,36.0663356371984],[-86.6917031173846,36.066334592283],[-86.6917143591227,36.0665439468871],[-86.6912166082023,36.0665373738178]]]},"properties":{"id":"231885","parcel":"14810015000","address":"128 ANTON DR","owner":"ABDULLATIF, HISHYAR","point":[-86.6915366660308,36.06643673439874]}},{"type":"Feature","id":"233419","geometry":{"type":"Polygon","coordinates":[[[-86.6911459074946,36.0687045988516],[-86.6915458012225,36.0685476241237],[-86.693281486903,36.0678662750632],[-86.6932903813415,36.0678774872714],[-86.6933526965254,36.0679341784175],[-86.6934120071415,36.0679929561658],[-86.6934682057008,36.0680537156888],[-86.6935211935626,36.0681163485025],[-86.6935708742735,36.0681807425055],[-86.6936171613463,36.0682467828347],[-86.6936599693791,36.0683143519173],[-86.6928370981458,36.0686289596468],[-86.6926011112729,36.0691951241124],[-86.6922480361545,36.0690608950448],[-86.6916700644388,36.0689015830837],[-86.6911459074946,36.0687045988516]]]},"properties":{"id":"233419","parcel":"14810013800","address":"3930 APACHE TRL","owner":"YAFAI, HAFIZ & SOLTAN & MUHSIN, RASHID","point":[-86.69259887218439,36.06843098239479]}},{"type":"Feature","id":"233422","geometry":{"type":"Polygon","coordinates":[[[-86.6926011112729,36.0691951241124],[-86.6928370981458,36.0686289596468],[-86.6936599693791,36.0683143519173],[-86.6936942522107,36.0683733339285],[-86.6937255770874,36.0684333892588],[-86.6937538954283,36.0684944217526],[-86.6937791586208,36.0685563316488],[-86.6938013269246,36.0686190182341],[-86.6938232613856,36.0686929334708],[-86.6938408563587,36.0687676100303],[-86.6938540703978,36.0688428796125],[-86.6931751747408,36.0689061233397],[-86.6931330513762,36.0693524980772],[-86.6926011112729,36.0691951241124]]]},"properties":{"id":"233422","parcel":"14810013900","address":"3906 APACHE TRL","owner":"HAYWOOD LANE INC","point":[-86.69330611895641,36.06880386094027]}},{"type":"Feature","id":"233424","geometry":{"type":"Polygon","coordinates":[[[-86.6940083806527,36.0686178263407],[-86.6939888827109,36.0685571216671],[-86.6939667988822,36.0684970041926],[-86.6939421564358,36.0684375449605],[-86.693914984876,36.0683788168035],[-86.6945846975238,36.0681947458971],[-86.6946177122752,36.0682352063329],[-86.6946475394252,36.0682772650817],[-86.6946740621047,36.0683207605881],[-86.6946971755442,36.0683655186084],[-86.6947130781781,36.0684056441155],[-86.6947258566282,36.0684464978384],[-86.6947354584476,36.0684879223558],[-86.694741846667,36.068529752946],[-86.6947449976536,36.0685718266131],[-86.6940287082829,36.0686924285587],[-86.6940083806527,36.0686178263407]]]},"properties":{"id":"233424","parcel":"14810014100","address":"3921 APACHE TRL","owner":"KIM, SEONG H. & HUH, SANGHOON, GP","point":[-86.69433418359276,36.068442022491425]}},{"type":"Feature","id":"233426","geometry":{"type":"Polygon","coordinates":[[[-86.6940287082829,36.0686924285587],[-86.6947449976536,36.0685718266131],[-86.6947453219677,36.0686077743116],[-86.6947429237744,36.068643669203],[-86.6947378118944,36.0686793778461],[-86.6947300051077,36.0687147631369],[-86.6946947042829,36.0690116561688],[-86.6940799991028,36.0690369983152],[-86.6940750319085,36.0690372026662],[-86.6940718245863,36.0689677996416],[-86.6940655778058,36.0688985339873],[-86.6940563012038,36.0688294912694],[-86.694044006668,36.068760760646],[-86.6940287082829,36.0686924285587]]]},"properties":{"id":"233426","parcel":"14810014200","address":"3917 APACHE TRL","owner":"CHUN, CHRISTOPHER","point":[-86.69438520035409,36.06879598067201]}},{"type":"Feature","id":"233429","geometry":{"type":"Polygon","coordinates":[[[-86.6928285182626,36.0665718890039],[-86.6925298858245,36.0662833938009],[-86.6925394833649,36.0662681934562],[-86.6925459267526,36.0662519332946],[-86.6925490498685,36.0662350405794],[-86.6925487677915,36.0662179610337],[-86.6925450899859,36.0662011434435],[-86.6925381113263,36.0661850288933],[-86.6928514050591,36.0662064907084],[-86.6928572423767,36.0665730551028],[-86.6928285182626,36.0665718890039]]]},"properties":{"id":"233429","parcel":"14810014400","address":"23 ANTON CT","owner":"DULAL, DAMODHAR & ACHARYA, RUPA","point":[-86.69276706784512,36.06642786673459]}},{"type":"Feature","id":"233431","geometry":{"type":"Polygon","coordinates":[[[-86.6918053782416,36.0662700213624],[-86.6918118216252,36.0662583334631],[-86.6918160491581,36.0662459976384],[-86.6918179655271,36.0662332866239],[-86.6918175299369,36.0662204872626],[-86.6918147515129,36.066207882506],[-86.6918129349039,36.0661931641221],[-86.6918139874658,36.0661783959235],[-86.6918178813175,36.0661639457948],[-86.6918245196531,36.0661501702992],[-86.6918337400492,36.0661374119557],[-86.6918453121346,36.0661259866346],[-86.6918935464328,36.0660913753046],[-86.6919442550231,36.0660591778151],[-86.6919972535429,36.0660295114873],[-86.6921687551383,36.0663254824104],[-86.6920779928204,36.0664010013321],[-86.6918053782416,36.0662700213624]]]},"properties":{"id":"233431","parcel":"14810014800","address":"132 ANTON DR","owner":"YEUNG, TONY D","point":[-86.69196041677512,36.066214555730255]}},{"type":"Feature","id":"258718","geometry":{"type":"Polygon","coordinates":[[[-86.6940595039659,36.0601322101227],[-86.6945440667404,36.0598305313162],[-86.6947053075524,36.0600076153042],[-86.6942745676654,36.0602738219156],[-86.6941275701337,36.0601779694608],[-86.6940595039659,36.0601322101227]]]},"properties":{"id":"258718","parcel":"16202007300","address":"4012 KEELEY DR","owner":"GUERRERO, ADAN","point":[-86.69438203512628,36.06006991220436]}},{"type":"Feature","id":"258719","geometry":{"type":"Polygon","coordinates":[[[-86.6942745676654,36.0602738219156],[-86.6947053075524,36.0600076153042],[-86.6948402317334,36.060154358441],[-86.6948692551705,36.0601846843698],[-86.6945188908331,36.0604339457074],[-86.6944345075485,36.0603794894478],[-86.6944144437776,36.060365493591],[-86.6942745676654,36.0602738219156]]]},"properties":{"id":"258719","parcel":"16202007400","address":"4008 KEELEY DR","owner":"GARCIA, NICOLAS GARCIA & AGUSTINA, PABLO PEREZ","point":[-86.6945766895542,36.06022926568583]}},{"type":"Feature","id":"260995","geometry":{"type":"Polygon","coordinates":[[[-86.6945188908331,36.0604339457074],[-86.6948692551705,36.0601846843698],[-86.6949284881728,36.0602426083816],[-86.6949903580578,36.0602986866455],[-86.6950547764227,36.0603528376502],[-86.6947421139851,36.060579905226],[-86.6945188908331,36.0604339457074]]]},"properties":{"id":"260995","parcel":"16202007500","address":"4004 KEELEY DR","owner":"TEJADA, CARLOS R. & ISABEL ALEZANO","point":[-86.69478742030394,36.0603933934724]}},{"type":"Feature","id":"261267","geometry":{"type":"Polygon","coordinates":[[[-86.6961005452317,36.0605432228],[-86.6959231732068,36.0603016755178],[-86.695983626949,36.0602701211886],[-86.6960461552502,36.060241353345],[-86.6961105601976,36.0602154605519],[-86.6961766438166,36.0601925241643],[-86.6962586742627,36.0603839839503],[-86.6962587751182,36.0603842195049],[-86.6962643736962,36.0603972278882],[-86.6963497404085,36.0605637603617],[-86.6962494057953,36.0605423629999],[-86.6961005452317,36.0605432228]]]},"properties":{"id":"261267","parcel":"16202007600","address":"206 COLEMONT DR","owner":"CASTANEDA, CLAUDIA R. REYES","point":[-86.69609717094437,36.060342845688915]}},{"type":"Feature","id":"261715","geometry":{"type":"Polygon","coordinates":[[[-86.6953658470349,36.0603686257394],[-86.695307945868,36.0603258241659],[-86.6952517424695,36.0602815562914],[-86.6951935771459,36.0602330339144],[-86.6951372014438,36.0601831393432],[-86.6954303292735,36.0599660732414],[-86.6956925015976,36.0602326806137],[-86.6956334924138,36.0602717747396],[-86.6955760851101,36.060312411608],[-86.695520341465,36.0603545476029],[-86.6955065868024,36.0603678137048],[-86.6954961853255,36.0603777626468],[-86.6954856012391,36.0603851106257],[-86.6954736449117,36.0603909072948],[-86.6954606589964,36.0603949866424],[-86.6954470110152,36.0603972338867],[-86.6954330922334,36.06039758368],[-86.6954192999472,36.0603960256183],[-86.6954060275021,36.0603926052005],[-86.6953936531535,36.060387419386],[-86.6953825300769,36.0603806166525],[-86.6953658470349,36.0603686257394]]]},"properties":{"id":"261715","parcel":"16202007700","address":"4001 KEELEY DR","owner":"WALKER, CATHERINE R.","point":[-86.69541072833904,36.06007492904211]}},{"type":"Feature","id":"263154","geometry":{"type":"Polygon","coordinates":[[[-86.6972579055852,36.0600324351107],[-86.6973447172065,36.0600116611285],[-86.6974302765395,36.0599877082789],[-86.6975144075033,36.0599606244503],[-86.6975294276378,36.0599566421634],[-86.6975450276064,36.0599546032997],[-86.697560828201,36.0599545551179],[-86.6975764464883,36.0599564998342],[-86.6975915035395,36.0599603900709],[-86.6976056333336,36.0599661315091],[-86.6976184938808,36.0599735855275],[-86.6976297727797,36.0599825700722],[-86.6976391972787,36.0599928677094],[-86.697675738521,36.0600426388932],[-86.6977140723732,36.0600915128219],[-86.6977541640648,36.0601394482362],[-86.6973669593547,36.0603537674494],[-86.6972579055852,36.0600324351107]]]},"properties":{"id":"263154","parcel":"16202018900","address":"100 COLEMONT CT","owner":"SARKI, MANGALI MAYA","point":[-86.69744547814963,36.06024631760086]}},{"type":"Feature","id":"263155","geometry":{"type":"Polygon","coordinates":[[[-86.6971251417703,36.06071091969],[-86.697020078087,36.0600733690847],[-86.6970998336956,36.0600616056951],[-86.6971791320702,36.0600479576017],[-86.6972579055852,36.0600324351107],[-86.6973669593547,36.0603537674494],[-86.6972579544453,36.0607321284483],[-86.6971251417703,36.06071091969]]]},"properties":{"id":"263155","parcel":"16202019000","address":"5025 COLEMONT DR","owner":"SCOTT, DAVID A.","point":[-86.69720555628766,36.06053224135744]}},{"type":"Feature","id":"263158","geometry":{"type":"Polygon","coordinates":[[[-86.6966697450311,36.06063443504],[-86.6965884355104,36.0606217191485],[-86.6964926523894,36.0601159763913],[-86.6965610715891,36.0601063707541],[-86.6966299464061,36.0600992310705],[-86.6966991437862,36.0600945734306],[-86.6967685261564,36.0600924049383],[-86.6968432359645,36.060664200283],[-86.6966697450311,36.06063443504]]]},"properties":{"id":"263158","parcel":"16202019200","address":"5017 COLEMONT DR","owner":"MAINALI, PADAM","point":[-86.696672638358,36.060369182097425]}},{"type":"Feature","id":"263183","geometry":{"type":"Polygon","coordinates":[[[-86.6979761955577,36.0601491511848],[-86.6982454198806,36.0599849617503],[-86.6986296487762,36.059971746767],[-86.6981698846095,36.0603216479891],[-86.6981024753019,36.0602662839002],[-86.6980378776018,36.0602087539202],[-86.6979761955577,36.0601491511848]]]},"properties":{"id":"263183","parcel":"16202017700","address":"105 COLEMONT CT","owner":"RUIZ, RAMON MARTINEZ","point":[-86.69830696227932,36.06006755036096]}},{"type":"Feature","id":"263186","geometry":{"type":"Polygon","coordinates":[[[-86.6969326875759,36.0606790671637],[-86.6968432359645,36.060664200283],[-86.6967685261564,36.0600924049383],[-86.6968526046586,36.0600881604972],[-86.6969364815602,36.0600818135585],[-86.697020078087,36.0600733690847],[-86.6971251417703,36.06071091969],[-86.6969326875759,36.0606790671637]]]},"properties":{"id":"263186","parcel":"16202019100","address":"5021 COLEMONT DR","owner":"POWELL, KELLY RENEE","point":[-86.69693815992089,36.06037863710992]}},{"type":"Feature","id":"263190","geometry":{"type":"Polygon","coordinates":[[[-86.6964926523894,36.0601159763913],[-86.6965884355104,36.0606217191485],[-86.6964039674292,36.0605744355553],[-86.6963497404085,36.0605637603617],[-86.6962643736962,36.0603972278882],[-86.6962587751182,36.0603842195049],[-86.6962586742627,36.0603839839503],[-86.6961766438166,36.0601925241643],[-86.6962537664281,36.0601685668063],[-86.6963322744134,36.0601477901491],[-86.6964119706425,36.0601302449],[-86.6964926523894,36.0601159763913]]]},"properties":{"id":"263190","parcel":"16202019300","address":"5013 COLEMONT DR","owner":"POUDEL, SHYAM & SEEMA","point":[-86.69637154335635,36.06028864392539]}},{"type":"Feature","id":"264364","geometry":{"type":"Polygon","coordinates":[[[-86.6921511152706,36.06011021872],[-86.6923016078632,36.0599862827794],[-86.6923203972942,36.0599717885124],[-86.6923365254188,36.0599553140798],[-86.6928170610886,36.0603552821705],[-86.6927379340316,36.060399141146],[-86.6926147014009,36.0604677036341],[-86.6924862781114,36.0603676217722],[-86.6921511152706,36.06011021872]]]},"properties":{"id":"264364","parcel":"16202022700","address":"162 BRENDA LN","owner":"JABBARY, DADAN","point":[-86.69249025145275,36.060232766717945]}},{"type":"Feature","id":"264365","geometry":{"type":"Polygon","coordinates":[[[-86.6920140388958,36.0602208907105],[-86.6921511152706,36.06011021872],[-86.6924862781114,36.0603676217722],[-86.6926147014009,36.0604677036341],[-86.6925362523159,36.0605115594801],[-86.6924170593234,36.0605779003131],[-86.6921290339192,36.0603718719509],[-86.6919764532829,36.0602562693059],[-86.6920140388958,36.0602208907105]]]},"properties":{"id":"264365","parcel":"16202022800","address":"158 BRENDA LN","owner":"ALSWAIDY, MOHAMMED M.","point":[-86.6922318580783,36.060311947074034]}},{"type":"Feature","id":"264366","geometry":{"type":"Polygon","coordinates":[[[-86.6905541754981,36.0600618025947],[-86.6907875777948,36.0599808391491],[-86.6909895391299,36.0603903753916],[-86.6909293521584,36.0604061225108],[-86.6907474454964,36.0604537165922],[-86.6905541754981,36.0600618025947]]]},"properties":{"id":"264366","parcel":"16202023300","address":"174 SHEILA DR","owner":"PAZ, FANNY","point":[-86.69077185690374,36.060226089190955]}},{"type":"Feature","id":"264367","geometry":{"type":"Polygon","coordinates":[[[-86.6903207727257,36.0601427655868],[-86.6905541754981,36.0600618025947],[-86.6907474454964,36.0604537165922],[-86.6906272418882,36.0604851654181],[-86.6905053514613,36.0605170555032],[-86.6903207727257,36.0601427655868]]]},"properties":{"id":"264367","parcel":"16202023400","address":"170 SHEILA DR","owner":"COULIBALY, KANIDANAN M. & LAMINE DIABATE","point":[-86.69053410891604,36.06029824127988]}},{"type":"Feature","id":"264444","geometry":{"type":"Polygon","coordinates":[[[-86.6925761416793,36.0598088888385],[-86.6926421731748,36.0597798962383],[-86.6927102199173,36.0597541591851],[-86.6927800396193,36.059731769197],[-86.6928513821225,36.0597128061209],[-86.6930372607373,36.0602325930702],[-86.6930046028958,36.0602509120344],[-86.692927496584,36.0602936608493],[-86.6925761416793,36.0598088888385]]]},"properties":{"id":"264444","parcel":"16202022500","address":"170 BRENDA LN","owner":"SMITH PROPERTY TRUST","point":[-86.69284559394225,36.06002084083676]}},{"type":"Feature","id":"264445","geometry":{"type":"Polygon","coordinates":[[[-86.6910209829301,36.0598998734284],[-86.6910702774165,36.059882773692],[-86.6911164143419,36.0598682769317],[-86.6911636729243,36.0598563973679],[-86.6912118272232,36.0598471921748],[-86.691260648969,36.0598407059224],[-86.691309905327,36.0598369687866],[-86.6913294939206,36.0602662051894],[-86.6912317287402,36.0603270097176],[-86.6910209829301,36.0598998734284]]]},"properties":{"id":"264445","parcel":"16202023100","address":"182 SHEILA DR","owner":"RUCKER, JERRY W., SR. & GWENDOLYN","point":[-86.69121621306756,36.06008314496052]}},{"type":"Feature","id":"264446","geometry":{"type":"Polygon","coordinates":[[[-86.6907875777948,36.0599808391491],[-86.6910209829301,36.0598998734284],[-86.6912317287402,36.0603270097176],[-86.6909895391299,36.0603903753916],[-86.6907875777948,36.0599808391491]]]},"properties":{"id":"264446","parcel":"16202023200","address":"178 SHEILA DR","owner":"KRAWCZAK, ALICIA & BRYCE, JUSTIN","point":[-86.69100963177117,36.06015392458504]}},{"type":"Feature","id":"264561","geometry":{"type":"Polygon","coordinates":[[[-86.6973669593547,36.0603537674494],[-86.6977541640648,36.0601394482362],[-86.697800600069,36.0601907303399],[-86.6978497871852,36.0602402921627],[-86.6979016291118,36.0602880378214],[-86.6979227873902,36.0603087936288],[-86.6972579544453,36.0607321284483],[-86.6973669593547,36.0603537674494]]]},"properties":{"id":"264561","parcel":"16202018800","address":"104 COLEMONT CT","owner":"MOO, HSA & SHU, PAW","point":[-86.69743327838701,36.06054325297553]}},{"type":"Feature","id":"265950","geometry":{"type":"Polygon","coordinates":[[[-86.6982124466567,36.0603521695896],[-86.6981943971609,36.0603390874106],[-86.6981815347561,36.0603309295589],[-86.6981698846095,36.0603216479891],[-86.6986296487762,36.059971746767],[-86.6988659082669,36.0600604824172],[-86.6983503653353,36.0604541128228],[-86.698280324392,36.0604041060111],[-86.6982124466567,36.0603521695896]]]},"properties":{"id":"265950","parcel":"16202017600","address":"109 COLEMONT CT","owner":"VAZQUEZ, JOSE CARLOS VAZQUEZ","point":[-86.69851817555673,36.060191066412976]}},{"type":"Feature","id":"265967","geometry":{"type":"Polygon","coordinates":[[[-86.6923365254188,36.0599553140798],[-86.6923925152449,36.0599146463438],[-86.692451240785,36.0598766072405],[-86.6925125143855,36.0598413168141],[-86.6925761416793,36.0598088888385],[-86.692927496584,36.0602936608493],[-86.6928705944833,36.0603253076854],[-86.6928170610886,36.0603552821705],[-86.6923365254188,36.0599553140798]]]},"properties":{"id":"265967","parcel":"16202022600","address":"166 BRENDA LN","owner":"PINA, SERGIO ALEJANDRO MONTANEZ & MATOS, WANDA I","point":[-86.69267234733229,36.06012459124575]}},{"type":"Feature","id":"265969","geometry":{"type":"Polygon","coordinates":[[[-86.691465666279,36.0601815124569],[-86.6916434827495,36.0598862707036],[-86.6916887396278,36.0599041980664],[-86.6917323358247,36.0599246612503],[-86.6917740562191,36.0599475578439],[-86.6918136922787,36.0599727772864],[-86.6918510519781,36.0600001926993],[-86.6918513716227,36.0600004432249],[-86.6918581365287,36.0600058544761],[-86.6918769714185,36.0600216865219],[-86.6918878660943,36.0600323844483],[-86.6918965019518,36.060044363451],[-86.6919026554096,36.0600573147712],[-86.691906167004,36.0600708995397],[-86.691906943759,36.060084765887],[-86.6919049681126,36.0600985543006],[-86.6919002902104,36.0601119048788],[-86.6918930302588,36.0601244726399],[-86.6918833796589,36.0601359302188],[-86.6918397976349,36.0601747401437],[-86.6917988200313,36.0602153773345],[-86.6917605612808,36.0602577257721],[-86.6917251291258,36.0603016658712],[-86.6917207067242,36.0603084130488],[-86.691465666279,36.0601815124569]]]},"properties":{"id":"265969","parcel":"16202022900","address":"190 SHEILA DR","owner":"PHIMPHACHANH, MANH ET UX","point":[-86.69171316766325,36.06009116445967]}},{"type":"Feature","id":"265971","geometry":{"type":"Polygon","coordinates":[[[-86.691309905327,36.0598369687866],[-86.6913178633393,36.0598366266193],[-86.691372741952,36.0598362136032],[-86.6914274981582,36.0598392099316],[-86.6914818121335,36.0598455985125],[-86.6915353638727,36.059855341526],[-86.6915878420853,36.0598683821756],[-86.6916389375351,36.0598846447264],[-86.6916434827495,36.0598862707036],[-86.691465666279,36.0601815124569],[-86.6913294939206,36.0602662051894],[-86.691309905327,36.0598369687866]]]},"properties":{"id":"265971","parcel":"16202023000","address":"186 SHEILA DR","owner":"ROACH, KAREN D.","point":[-86.69143671952317,36.060033588316784]}},{"type":"Feature","id":"267402","geometry":{"type":"Polygon","coordinates":[[[-86.6901759703371,36.0601929943623],[-86.6903207727257,36.0601427655868],[-86.6905053514613,36.0605170555032],[-86.6903351804892,36.0605615777371],[-86.6902632559381,36.0605803948345],[-86.6900873705877,36.060223728119],[-86.6901759703371,36.0601929943623]]]},"properties":{"id":"267402","parcel":"16202023500","address":"166 SHEILA DR","owner":"HESSON, LEVIE P. JR. ETUX","point":[-86.69029636032239,36.06037039199237]}}]}