{"type":"FeatureCollection","features":[{"type":"Feature","id":"162980","geometry":{"type":"Polygon","coordinates":[[[-86.8223624368332,36.2258825478987],[-86.822639852885,36.225819866328],[-86.8227140337848,36.2260295423822],[-86.8227899294784,36.2262388155543],[-86.8227899397881,36.2262388443243],[-86.8227213839949,36.2262556258545],[-86.8224524274806,36.2263214611726],[-86.8223834393095,36.2263385023119],[-86.8223655162942,36.2263429296444],[-86.8223621826744,36.2263154820244],[-86.8223621766457,36.2263154370026],[-86.8223595675642,36.2262924249432],[-86.8212675483296,36.2262545495069],[-86.8202577535218,36.2262196351771],[-86.8202252306349,36.2259929537695],[-86.8204207287703,36.2259803603386],[-86.8204605620875,36.2259636075846],[-86.8207881053167,36.2259333603845],[-86.8222237512577,36.2259137093913],[-86.8223624368332,36.2258825478987]]]},"properties":{"id":"162980","parcel":"05900018600","address":"4804 BUENA VISTA PIKE","owner":"BALTZ, MARY LAURA ET AL","point":[-86.8214965188797,36.22612461093584]}},{"type":"Feature","id":"163017","geometry":{"type":"Polygon","coordinates":[[[-86.8217683673688,36.2223918691232],[-86.8221946404922,36.2223089409038],[-86.8222006227012,36.2223399710547],[-86.8222154883331,36.2224170815419],[-86.8222473945019,36.2225194103846],[-86.8217839982839,36.2226156343698],[-86.8217504805353,36.2225087569114],[-86.8217187799267,36.2224015146865],[-86.8217683673688,36.2223918691232]]]},"properties":{"id":"163017","parcel":"05910008500","address":"4025 BUENA VISTA PIKE","owner":"KRAATZ, MIRIAM & ELLISON, QUINCY B","point":[-86.82198335888759,36.222462920009924]}},{"type":"Feature","id":"163021","geometry":{"type":"Polygon","coordinates":[[[-86.8218997350375,36.2213019678291],[-86.8219009497036,36.2213018658325],[-86.822022901688,36.2214181057506],[-86.8220415226356,36.2215146939487],[-86.8220271921498,36.2215158919187],[-86.8215348412678,36.221557068548],[-86.8215191439885,36.2214461988798],[-86.8215191005228,36.2214458684137],[-86.8215053492486,36.2213351621509],[-86.8218997350375,36.2213019678291]]]},"properties":{"id":"163021","parcel":"05910009000","address":"4005 BUENA VISTA PIKE","owner":"REESE, MARY VIRGINIA RIDLEY & STEPHEN L","point":[-86.82177149013596,36.22143198807571]}},{"type":"Feature","id":"163023","geometry":{"type":"Polygon","coordinates":[[[-86.8215348201247,36.2210184289441],[-86.8218136489979,36.2209646484022],[-86.8219009497036,36.2213018658325],[-86.8218997350375,36.2213019678291],[-86.8215053492486,36.2213351621509],[-86.8214830594656,36.2211798313715],[-86.8214702806275,36.2210933037517],[-86.8214697013505,36.2210844131725],[-86.8214705459319,36.2210755363419],[-86.8214738001366,36.2210641241053],[-86.8214794009333,36.2210533258879],[-86.8214871847309,36.2210434555387],[-86.821496925394,36.2210348020969],[-86.8215083396452,36.2210276144335],[-86.8215210948699,36.2210221030011],[-86.8215348201247,36.2210184289441]]]},"properties":{"id":"163023","parcel":"05910009100","address":"4001 BUENA VISTA PIKE","owner":"MALONE, BARBARA L. & JOEY & DARLENE & ET AL","point":[-86.82166748677916,36.221136852080164]}},{"type":"Feature","id":"163026","geometry":{"type":"Polygon","coordinates":[[[-86.8218136489979,36.2209646484022],[-86.8220661813634,36.22091593823],[-86.8221398187371,36.2211897521374],[-86.822022901688,36.2214181057506],[-86.8219009497036,36.2213018658325],[-86.8218136489979,36.2209646484022]]]},"properties":{"id":"163026","parcel":"05910009200","address":"3004 KINGS LN","owner":"WATSON, JR ALVIN JULIUS","point":[-86.82197616919163,36.22107719954163]}},{"type":"Feature","id":"163029","geometry":{"type":"Polygon","coordinates":[[[-86.82291048165,36.2207530812928],[-86.8231573203466,36.2207054684013],[-86.8232685572896,36.2211011964023],[-86.8232523314263,36.2211057015378],[-86.8231819559426,36.2211193675199],[-86.822999522675,36.2210502864673],[-86.82291048165,36.2207530812928]]]},"properties":{"id":"163029","parcel":"05910009500","address":"3020 KINGS LN","owner":"LANE, WAYMOND D. ET UX","point":[-86.82308379220434,36.22090187436493]}},{"type":"Feature","id":"163032","geometry":{"type":"Polygon","coordinates":[[[-86.8237893409082,36.2205835531339],[-86.8238942025595,36.2205633247131],[-86.8240210076216,36.2209532183638],[-86.8239749950305,36.2209623231534],[-86.8237638714679,36.2210033204239],[-86.8236492795925,36.2206105709583],[-86.8237893409082,36.2205835531339]]]},"properties":{"id":"163032","parcel":"05910009800","address":"3032 KINGS LN","owner":"HOBBS, RONALD E.","point":[-86.82383227907955,36.22078189059031]}},{"type":"Feature","id":"163092","geometry":{"type":"Polygon","coordinates":[[[-86.8223821952222,36.2198435954652],[-86.8226366592473,36.21979790995],[-86.8228550039679,36.22059436099],[-86.8226064304335,36.2206423086339],[-86.8223821952222,36.2198435954652]]]},"properties":{"id":"163092","parcel":"05910010300","address":"3017 KINGS LN","owner":"TONEY, JOYCE ELIZABETH","point":[-86.82261983741846,36.22021898030625]}},{"type":"Feature","id":"163095","geometry":{"type":"Polygon","coordinates":[[[-86.8223524065121,36.2198481937334],[-86.8223821952222,36.2198435954652],[-86.8226064304335,36.2206423086339],[-86.8223574813964,36.220690327717],[-86.8221641184626,36.2199989142147],[-86.822309105862,36.2198572785279],[-86.8223524065121,36.2198481937334]]]},"properties":{"id":"163095","parcel":"05910010400","address":"3013 KINGS LN","owner":"BULLOCK, CEDRIC L. & ANGELA N.","point":[-86.82238509992344,36.220320611377105]}},{"type":"Feature","id":"163098","geometry":{"type":"Polygon","coordinates":[[[-86.8220415226356,36.2215146939487],[-86.822022901688,36.2214181057506],[-86.8225275613901,36.2214060170326],[-86.8225371309904,36.2214761004064],[-86.822543807601,36.2215464026581],[-86.8225475837372,36.2216168463312],[-86.8220669639259,36.2216466659863],[-86.8220415226356,36.2215146939487]]]},"properties":{"id":"163098","parcel":"05910011100","address":"4008 AMES DR","owner":"PUCKETT, CLARENCE (LE) & CHLOEE JANET","point":[-86.82229342253844,36.22153054969169]}},{"type":"Feature","id":"163101","geometry":{"type":"Polygon","coordinates":[[[-86.8223840484613,36.2229576729591],[-86.8228278271628,36.2228655215366],[-86.8228909407878,36.2230679295888],[-86.8224471610364,36.223160082139],[-86.8224392243278,36.2231346269777],[-86.8223840484613,36.2229576729591]]]},"properties":{"id":"163101","parcel":"05910011800","address":"4036 AMES DR","owner":"COUGET, KELLY","point":[-86.82263749447318,36.223012801542154]}},{"type":"Feature","id":"163105","geometry":{"type":"Polygon","coordinates":[[[-86.8224471610364,36.223160082139],[-86.8228909407878,36.2230679295888],[-86.8229541410423,36.2232706154969],[-86.8225103613328,36.2233627673652],[-86.8225031690153,36.2233396999799],[-86.8224471610364,36.223160082139]]]},"properties":{"id":"163105","parcel":"05910011900","address":"4040 AMES DR","owner":"HENRY, EARL C. ET UX","point":[-86.82270065111933,36.22321534908658]}},{"type":"Feature","id":"163109","geometry":{"type":"Polygon","coordinates":[[[-86.8225726449509,36.223562513481],[-86.8230164256964,36.223470360488],[-86.8230787106737,36.2236701063367],[-86.8226349288733,36.2237622586522],[-86.8226310571302,36.223749843158],[-86.8225726449509,36.223562513481]]]},"properties":{"id":"163109","parcel":"05910012100","address":"4048 AMES DR","owner":"BEARD, JAMES P. ETUX","point":[-86.82282567762277,36.223616310176105]}},{"type":"Feature","id":"163112","geometry":{"type":"Polygon","coordinates":[[[-86.8235491343162,36.2210466068258],[-86.8237341074497,36.2210101161289],[-86.8238465135864,36.2213873426889],[-86.8237978007664,36.2213979033336],[-86.8237223627599,36.2214134625528],[-86.8235975116903,36.2214373888939],[-86.8234905092147,36.2210579334117],[-86.8234917979979,36.2210576857911],[-86.8235148696133,36.2210533664716],[-86.8235491343162,36.2210466068258]]]},"properties":{"id":"163112","parcel":"05910012800","address":"3013 LYTLE DR","owner":"NICHOLSON, WILLIAM B. JR. ETUX","point":[-86.8236671953697,36.221222636245244]}},{"type":"Feature","id":"163412","geometry":{"type":"Polygon","coordinates":[[[-86.8219871359303,36.2232285026333],[-86.8224392243278,36.2231346269777],[-86.8224471610364,36.223160082139],[-86.8225031690153,36.2233396999799],[-86.8220544836415,36.2234328677449],[-86.8219871359303,36.2232285026333]]]},"properties":{"id":"163412","parcel":"05910008100","address":"4041 BUENA VISTA PIKE","owner":"4041 BUENA VISTA TRUST","point":[-86.82224564236225,36.223284102312505]}},{"type":"Feature","id":"163414","geometry":{"type":"Polygon","coordinates":[[[-86.8231573203466,36.2207054684013],[-86.8234003501564,36.2206585884576],[-86.8235148315444,36.2210532351475],[-86.8235148696133,36.2210533664716],[-86.8234917979979,36.2210576857911],[-86.8234905092147,36.2210579334117],[-86.8232685572896,36.2211011964023],[-86.8231573203466,36.2207054684013]]]},"properties":{"id":"163414","parcel":"05910009600","address":"3024 KINGS LN","owner":"JEFFREY LYNN HALE REVOCABLE TRUST & ET AL","point":[-86.82333529462731,36.22087935075646]}},{"type":"Feature","id":"163462","geometry":{"type":"Polygon","coordinates":[[[-86.8219654381013,36.2201936586006],[-86.8221641184626,36.2199989142147],[-86.8223574813964,36.220690327717],[-86.822116823055,36.2207367477983],[-86.8219654381013,36.2201936586006]]]},"properties":{"id":"163462","parcel":"05910010500","address":"3009 KINGS LN","owner":"WOODS, FLORENCE & KEVIN & WOODS","point":[-86.8221613458224,36.220441993154395]}},{"type":"Feature","id":"163465","geometry":{"type":"Polygon","coordinates":[[[-86.8219627721457,36.2201980721823],[-86.8219654381013,36.2201936586006],[-86.822116823055,36.2207367477983],[-86.8218706241496,36.2207842361396],[-86.8217784931821,36.2204740297814],[-86.8219627721457,36.2201980721823]]]},"properties":{"id":"163465","parcel":"05910010600","address":"3005 KINGS LN","owner":"SMITH, EMILY V.& SANDERFUR, CHARLES B.","point":[-86.82194885544004,36.22060539069199]}},{"type":"Feature","id":"163468","geometry":{"type":"Polygon","coordinates":[[[-86.822079526495,36.2217118315805],[-86.8220669639259,36.2216466659863],[-86.8225475837372,36.2216168463312],[-86.8225500624547,36.2216467088677],[-86.8225555458322,36.2217363341084],[-86.8225634794578,36.221825839015],[-86.8221095347286,36.2218674909313],[-86.822079526495,36.2217118315805]]]},"properties":{"id":"163468","parcel":"05910011200","address":"4012 AMES DR","owner":"LACY, LAWRENCE III & DODSON, LISA ET AL","point":[-86.82232612829425,36.2217807402688]}},{"type":"Feature","id":"163470","geometry":{"type":"Polygon","coordinates":[[[-86.8222473945019,36.2225194103846],[-86.8222154883331,36.2224170815419],[-86.8222006227012,36.2223399710547],[-86.822645823313,36.2222640395391],[-86.8226726741964,36.2223656871099],[-86.822703438409,36.2224666032328],[-86.8222577334129,36.22255256578],[-86.8222473945019,36.2225194103846]]]},"properties":{"id":"163470","parcel":"05910011500","address":"4024 AMES DR","owner":"NGUYEN, DIEP VAN & LE, HIEN THI","point":[-86.82244554122677,36.22239138671067]}},{"type":"Feature","id":"163473","geometry":{"type":"Polygon","coordinates":[[[-86.8222577334129,36.22255256578],[-86.822703438409,36.2224666032328],[-86.8227647127477,36.2226631134474],[-86.8223209362179,36.2227552646357],[-86.8223113381879,36.2227244826231],[-86.8222577334129,36.22255256578]]]},"properties":{"id":"163473","parcel":"05910011600","address":"4028 AMES DR","owner":"TEASLEY, MARTHA G.","point":[-86.82251122289338,36.22260783988194]}},{"type":"Feature","id":"163477","geometry":{"type":"Polygon","coordinates":[[[-86.8226349288733,36.2237622586522],[-86.8230787106737,36.2236701063367],[-86.8231409959554,36.2238698512408],[-86.8226972131095,36.2239620037798],[-86.8226950028006,36.2239549151213],[-86.8226349288733,36.2237622586522]]]},"properties":{"id":"163477","parcel":"05910012200","address":"4052 AMES DR","owner":"WOOD, BRIAN J.& PAMELA DENISE I.","point":[-86.82288796225164,36.22381605521381]}},{"type":"Feature","id":"163480","geometry":{"type":"Polygon","coordinates":[[[-86.8232531521663,36.2216419185823],[-86.8233068113318,36.2216327304057],[-86.8233959409742,36.221944765733],[-86.823320669165,36.2221174795732],[-86.8231240868406,36.2219973433457],[-86.8230374067006,36.2216769824369],[-86.8231807277221,36.2216542250065],[-86.8232531521663,36.2216419185823]]]},"properties":{"id":"163480","parcel":"05910013000","address":"3004 LYTLE DR","owner":"RYANS, NANCY","point":[-86.82321566610264,36.221810872731574]}},{"type":"Feature","id":"163530","geometry":{"type":"Polygon","coordinates":[[[-86.8230374067006,36.2216769824369],[-86.8231240868406,36.2219973433457],[-86.8227667630539,36.2220376227146],[-86.8227524368089,36.2219540105375],[-86.8227403516695,36.2218701658876],[-86.8227305147134,36.2217861283727],[-86.822731489013,36.221773686174],[-86.8227350493026,36.2217615580231],[-86.8227410935397,36.2217500934017],[-86.8227494460707,36.2217396224654],[-86.8227598653508,36.2217304496818],[-86.8227720515707,36.2217228384579],[-86.8227856533205,36.2217170101925],[-86.8228002752443,36.2217131316076],[-86.8229190458899,36.2216959366646],[-86.8230374067006,36.2216769824369]]]},"properties":{"id":"163530","parcel":"05910013100","address":"3000 LYTLE DR","owner":"NIXON, RASHONDALYN","point":[-86.82290693890947,36.22182840106654]}},{"type":"Feature","id":"163533","geometry":{"type":"Polygon","coordinates":[[[-86.8227667630539,36.2220376227146],[-86.8231240868406,36.2219973433457],[-86.823320669165,36.2221174795732],[-86.8233338508123,36.2221685667669],[-86.8228147436619,36.2222523054263],[-86.8228111707141,36.2222404890366],[-86.8227830900248,36.2221154153536],[-86.8227667630539,36.2220376227146]]]},"properties":{"id":"163533","parcel":"05910013200","address":"4019 AMES DR","owner":"WEBB FAMILY LIVING TRUST","point":[-86.82305818483171,36.222142625604185]}},{"type":"Feature","id":"163536","geometry":{"type":"Polygon","coordinates":[[[-86.8228147436619,36.2222523054263],[-86.8233338508123,36.2221685667669],[-86.8233408866798,36.2221958359425],[-86.8233816497994,36.2223538190065],[-86.8228753430369,36.222451289643],[-86.8228406739933,36.2223391813025],[-86.8228147436619,36.2222523054263]]]},"properties":{"id":"163536","parcel":"05910013300","address":"4023 AMES DR","owner":"WOODS, MILTON BERLE","point":[-86.8230972897279,36.222296142197926]}},{"type":"Feature","id":"163539","geometry":{"type":"Polygon","coordinates":[[[-86.8228753430369,36.222451289643],[-86.8233816497994,36.2223538190065],[-86.8233920594068,36.2223941676704],[-86.8234320138158,36.2225490180422],[-86.8229377738479,36.2226522305906],[-86.8228753430369,36.222451289643]]]},"properties":{"id":"163539","parcel":"05910013400","address":"4027 AMES DR","owner":"LEONARD, MOSES S. JR. ETUX","point":[-86.82315495555783,36.2225001560537]}},{"type":"Feature","id":"163542","geometry":{"type":"Polygon","coordinates":[[[-86.8236488625867,36.2234113367521],[-86.8240713064076,36.2233442622724],[-86.8241148822574,36.2235668766989],[-86.8237043694202,36.2236320566233],[-86.8236848460765,36.2235544211208],[-86.8236488625867,36.2234113367521]]]},"properties":{"id":"163542","parcel":"05910014300","address":"4032 KINGS CIR","owner":"FLOWERS, LAURA MAE L. & ARTIS IVO","point":[-86.82388270935051,36.22348319682478]}},{"type":"Feature","id":"163545","geometry":{"type":"Polygon","coordinates":[[[-86.8235953886939,36.223198691772],[-86.8240292493298,36.2231298046565],[-86.8240713064076,36.2233442622724],[-86.8236488625867,36.2234113367521],[-86.8236326309088,36.2233467884887],[-86.8235953886939,36.223198691772]]]},"properties":{"id":"163545","parcel":"05910014400","address":"4028 KINGS CIR","owner":"SIFUENTES, ROBERTO VALENTIN","point":[-86.82383535397113,36.22327148021277]}},{"type":"Feature","id":"163548","geometry":{"type":"Polygon","coordinates":[[[-86.823543267941,36.2229914297579],[-86.8239882577448,36.2229207752332],[-86.8240292493298,36.2231298046565],[-86.8235953886939,36.223198691772],[-86.8235824765352,36.2231473459235],[-86.823543267941,36.2229914297579]]]},"properties":{"id":"163548","parcel":"05910014500","address":"4024 KINGS CIR","owner":"THOMAS, JOHN JR. ETUX","point":[-86.82378816535112,36.22306062026182]}},{"type":"Feature","id":"163632","geometry":{"type":"Polygon","coordinates":[[[-86.8253150136178,36.2266513748023],[-86.8254725320401,36.2263573068814],[-86.8257330881702,36.2264570552864],[-86.8255658828748,36.2267677791942],[-86.8253150136178,36.2266513748023]]]},"properties":{"id":"163632","parcel":"05905007600","address":"4162 AMES DR","owner":"JOHNSON, TERRI B.","point":[-86.82552393120322,36.22655421505353]}},{"type":"Feature","id":"163635","geometry":{"type":"Polygon","coordinates":[[[-86.8263982015906,36.2272012134698],[-86.8270717043362,36.2270648732551],[-86.8270851866715,36.2271098176646],[-86.8271364430216,36.2272772131886],[-86.8265473171124,36.2273975378593],[-86.826528905032,36.2273732965598],[-86.8263982015906,36.2272012134698]]]},"properties":{"id":"163635","parcel":"05905008200","address":"4150 BOYD DR","owner":"HEAD, SHIRLEY D. & WILLIAM K.","point":[-86.82677582767522,36.227239226211665]}},{"type":"Feature","id":"163638","geometry":{"type":"Polygon","coordinates":[[[-86.8261937529351,36.2275797223774],[-86.826528905032,36.2273732965598],[-86.8265473171124,36.2273975378593],[-86.8267075752898,36.2275915551856],[-86.8263111870819,36.2277467899232],[-86.826287257176,36.2277026505301],[-86.8262596181544,36.2276599577864],[-86.8262283989635,36.2276189162942],[-86.8261937529351,36.2275797223774]]]},"properties":{"id":"163638","parcel":"05905008600","address":"4841 TRUMPET CIR","owner":"HAZELITT, ANGELO & ANTONIO & MOORE, DEBORA ET AL","point":[-86.82648228974524,36.22748879236013]}},{"type":"Feature","id":"163641","geometry":{"type":"Polygon","coordinates":[[[-86.8260194342617,36.2274420506906],[-86.8263427942415,36.2271282653485],[-86.8263982015906,36.2272012134698],[-86.826528905032,36.2273732965598],[-86.8261937529351,36.2275797223774],[-86.8261548146089,36.2275416248965],[-86.8261126380683,36.2275058621756],[-86.8260674354328,36.2274726148147],[-86.8260194342617,36.2274420506906]]]},"properties":{"id":"163641","parcel":"05905008700","address":"4837 TRUMPET CIR","owner":"BROWN, SHIRLEY DENISE","point":[-86.82632146599148,36.227287048882985]}},{"type":"Feature","id":"163644","geometry":{"type":"Polygon","coordinates":[[[-86.8249749374953,36.2270471913587],[-86.8250198728715,36.2266435412196],[-86.8253150136178,36.2266513748023],[-86.8251734070228,36.2270729193499],[-86.825107833907,36.2270615437042],[-86.8250416179939,36.2270529600019],[-86.8249749374953,36.2270471913587]]]},"properties":{"id":"163644","parcel":"05905009200","address":"4817 TRUMPET CIR","owner":"WOODS, VANESSA","point":[-86.82512273714083,36.22684925070633]}},{"type":"Feature","id":"163647","geometry":{"type":"Polygon","coordinates":[[[-86.8253550579453,36.2276205969897],[-86.825548460012,36.2273622404178],[-86.8257995731373,36.2274902760778],[-86.8255906990093,36.2277693027774],[-86.8254540249553,36.2276830519597],[-86.8253550579453,36.2276205969897]]]},"properties":{"id":"163647","parcel":"05905010300","address":"4830 TRUMPET CIR","owner":"RUCKER, NEDRA L. & TERRA L.","point":[-86.82557731578304,36.22755543674111]}},{"type":"Feature","id":"163649","geometry":{"type":"Polygon","coordinates":[[[-86.8256227630841,36.2217910337381],[-86.82562787757,36.2217913718978],[-86.825633253198,36.2219385773581],[-86.8256389580631,36.2220947543919],[-86.8252323954478,36.222106439131],[-86.8252315063583,36.2220789351937],[-86.8252228034236,36.2219268063536],[-86.8252183938464,36.2218614564887],[-86.8252193522782,36.2218503058793],[-86.8252225470659,36.221839431998],[-86.8252278922705,36.2218291274394],[-86.8252352428371,36.2218196689796],[-86.8252444034368,36.2218113121076],[-86.8252551261199,36.2218042793256],[-86.8252671225602,36.221798760966],[-86.8252800706341,36.221794906135],[-86.8252936221401,36.2217928163497],[-86.8253757608343,36.2217873215803],[-86.825458136968,36.2217851904314],[-86.8255405403912,36.2217864288455],[-86.8256227630841,36.2217910337381]]]},"properties":{"id":"163649","parcel":"05909003100","address":"4025 MEADOW HILL DR","owner":"AVANT, AMARIS ELISE & ALLISON DANIELLE","point":[-86.82543165101228,36.22200875538201]}},{"type":"Feature","id":"163652","geometry":{"type":"Polygon","coordinates":[[[-86.8252323954478,36.222106439131],[-86.8256389580631,36.2220947543919],[-86.8257069525769,36.222304448619],[-86.8252392286942,36.222317890748],[-86.8252323954478,36.222106439131]]]},"properties":{"id":"163652","parcel":"05909003200","address":"4029 MEADOW HILL DR","owner":"HENDERSON, FORREST TERRY","point":[-86.82545526531263,36.222205423094714]}},{"type":"Feature","id":"163655","geometry":{"type":"Polygon","coordinates":[[[-86.8252597297549,36.2229522446115],[-86.8257411724284,36.2229384076218],[-86.8257493876608,36.2231060828214],[-86.8257527530048,36.2231497221679],[-86.8252665631377,36.2231636952747],[-86.8252597297549,36.2229522446115]]]},"properties":{"id":"163655","parcel":"05909003600","address":"4045 MEADOW HILL DR","owner":"EDWARDS, WYNELL HUNTER","point":[-86.82550392016579,36.22302916303596]}},{"type":"Feature","id":"163658","geometry":{"type":"Polygon","coordinates":[[[-86.8252733965569,36.2233751459248],[-86.8257631849708,36.2233610697884],[-86.825765988139,36.2233982545593],[-86.8257678285462,36.2234334577364],[-86.8257727648739,36.2235278686265],[-86.8257742474885,36.2235723995659],[-86.825280230022,36.2235865974629],[-86.8252733965569,36.2233751459248]]]},"properties":{"id":"163658","parcel":"05909003800","address":"4053 MEADOW HILL DR","owner":"CLARK, PATRICIA","point":[-86.82552353999817,36.2234803036472]}},{"type":"Feature","id":"163661","geometry":{"type":"Polygon","coordinates":[[[-86.825280230022,36.2235865974629],[-86.8257742474885,36.2235723995659],[-86.8257767133559,36.2236465138869],[-86.82577972968,36.2236892119952],[-86.8257830759796,36.2237365727585],[-86.8257856219787,36.223784628455],[-86.8252870661794,36.2237980904275],[-86.825280230022,36.2235865974629]]]},"properties":{"id":"163661","parcel":"05909003900","address":"4057 MEADOW HILL DR","owner":"WYNN, DONALD SR. ETUX","point":[-86.82553052747775,36.223667502055605]}},{"type":"Feature","id":"163664","geometry":{"type":"Polygon","coordinates":[[[-86.8246666033582,36.2231977085533],[-86.8251017237484,36.2231810269727],[-86.8251094202173,36.223401596069],[-86.8246927255963,36.2234175705493],[-86.8246724022754,36.2232465234568],[-86.8246666033582,36.2231977085533]]]},"properties":{"id":"163664","parcel":"05909004500","address":"4050 MEADOW HILL DR","owner":"SMITH, PERCY JR. ETUX","point":[-86.82489415210551,36.22332406470512]}},{"type":"Feature","id":"163678","geometry":{"type":"Polygon","coordinates":[[[-86.8220544836415,36.2234328677449],[-86.8225031690153,36.2233396999799],[-86.8225103613328,36.2233627673652],[-86.8225671129027,36.2235447711413],[-86.8221218305969,36.2236372337157],[-86.8220544836415,36.2234328677449]]]},"properties":{"id":"163678","parcel":"05910008000","address":"4045 BUENA VISTA PIKE","owner":"NEWSOM, PAULINE O.","point":[-86.82231129123444,36.223488820449646]}},{"type":"Feature","id":"163681","geometry":{"type":"Polygon","coordinates":[[[-86.8219197896785,36.2230241374647],[-86.8223752810925,36.2229295548234],[-86.8223840484613,36.2229576729591],[-86.8224392243278,36.2231346269777],[-86.8219871359303,36.2232285026333],[-86.8219197896785,36.2230241374647]]]},"properties":{"id":"163681","parcel":"05910008200","address":"4037 BUENA VISTA PIKE","owner":"BOYD, HERBERT L. JR. ETUX","point":[-86.82217999376125,36.2230793832264]}},{"type":"Feature","id":"163684","geometry":{"type":"Polygon","coordinates":[[[-86.8218524426616,36.2228197722542],[-86.8223113381879,36.2227244826231],[-86.8223209362179,36.2227552646357],[-86.8223752810925,36.2229295548234],[-86.8219197896785,36.2230241374647],[-86.8218524426616,36.2228197722542]]]},"properties":{"id":"163684","parcel":"05910008300","address":"4033 BUENA VISTA PIKE","owner":"BROWN, DANNY & KRISTEN(LE) & STOCKARD, CLARA(LE)","point":[-86.82211434563612,36.2228746645435]}},{"type":"Feature","id":"163687","geometry":{"type":"Polygon","coordinates":[[[-86.8217839982839,36.2226156343698],[-86.8222473945019,36.2225194103846],[-86.8222577334129,36.22255256578],[-86.8223113381879,36.2227244826231],[-86.8218524426616,36.2228197722542],[-86.8217839982839,36.2226156343698]]]},"properties":{"id":"163687","parcel":"05910008400","address":"4029 BUENA VISTA PIKE","owner":"WOODARD, KAREN HOLMES & HOLMES, JOSEPH Q.","point":[-86.82204830312416,36.22267005973109]}},{"type":"Feature","id":"163690","geometry":{"type":"Polygon","coordinates":[[[-86.8217019765434,36.2221840499802],[-86.8221555134993,36.2221059852501],[-86.8221946404922,36.2223089409038],[-86.8217683673688,36.2223918691232],[-86.8217187799267,36.2224015146865],[-86.8216895604226,36.222296369923],[-86.821662089644,36.222190914937],[-86.8217019765434,36.2221840499802]]]},"properties":{"id":"163690","parcel":"05910008600","address":"4021 BUENA VISTA PIKE","owner":"DUNCAN, CHARLES H., JR.","point":[-86.82192901106636,36.222244019462536]}},{"type":"Feature","id":"163693","geometry":{"type":"Polygon","coordinates":[[[-86.8216441007517,36.22197613321],[-86.822117780889,36.2219102643959],[-86.822154490821,36.2221006819983],[-86.8221555134993,36.2221059852501],[-86.8217019765434,36.2221840499802],[-86.821662089644,36.222190914937],[-86.8216379466949,36.2220918794971],[-86.8216126937631,36.2219805007587],[-86.8216441007517,36.22197613321]]]},"properties":{"id":"163693","parcel":"05910008700","address":"4017 BUENA VISTA PIKE","owner":"HILL, JAYNE","point":[-86.82188376309082,36.222036575091046]}},{"type":"Feature","id":"163696","geometry":{"type":"Polygon","coordinates":[[[-86.8220271921498,36.2215158919187],[-86.8220415226356,36.2215146939487],[-86.8220669639259,36.2216466659863],[-86.822079526495,36.2217118315805],[-86.8220757015616,36.2217122821071],[-86.8215707547792,36.2217717905763],[-86.821550069936,36.2216535149577],[-86.8215348412678,36.221557068548],[-86.8220271921498,36.2215158919187]]]},"properties":{"id":"163696","parcel":"05910008900","address":"4009 BUENA VISTA PIKE","owner":"HILL, VICKIE S & SEABORN, JAMES G","point":[-86.82180012780223,36.22160186640911]}},{"type":"Feature","id":"163699","geometry":{"type":"Polygon","coordinates":[[[-86.8220661813634,36.22091593823],[-86.8223100283578,36.2208689035182],[-86.822324629996,36.2208671575048],[-86.8223393844423,36.2208674905539],[-86.8223538444638,36.2208698930928],[-86.8223675699496,36.2208742915113],[-86.8223801457521,36.2208805525464],[-86.8223911906315,36.2208884877276],[-86.8224003683867,36.2208978542021],[-86.8224074024636,36.2209083690558],[-86.8224120771048,36.22091971291],[-86.8224194591103,36.2209446851851],[-86.8224519466421,36.2210513009474],[-86.8224812926968,36.221158513094],[-86.8221398187371,36.2211897521374],[-86.8220661813634,36.22091593823]]]},"properties":{"id":"163699","parcel":"05910009300","address":"4000 AMES DR","owner":"BAUGH, LATITIA","point":[-86.82226190625774,36.220997735055725]}},{"type":"Feature","id":"163702","geometry":{"type":"Polygon","coordinates":[[[-86.8226384733289,36.2208055498542],[-86.82291048165,36.2207530812928],[-86.822999522675,36.2210502864673],[-86.8226393747201,36.2211054834468],[-86.8226288029801,36.2210668220658],[-86.8225950547245,36.2209508517617],[-86.8225759173935,36.2208891368389],[-86.8225736795925,36.2208784234981],[-86.8225735557598,36.2208675578675],[-86.8225755487175,36.2208568121078],[-86.8225796078746,36.2208464560399],[-86.8225856313574,36.2208367481173],[-86.8225934704215,36.2208279317912],[-86.8226029282551,36.2208202274076],[-86.8226137655029,36.2208138285644],[-86.8226257135376,36.2208088948112],[-86.8226384733289,36.2208055498542]]]},"properties":{"id":"163702","parcel":"05910009400","address":"4001 AMES DR","owner":"BROTHERS, SHELBY & LANE","point":[-86.82277307014714,36.220920272262674]}},{"type":"Feature","id":"163708","geometry":{"type":"Polygon","coordinates":[[[-86.8244437956269,36.2244309986183],[-86.8245638126747,36.2242445995635],[-86.8245719472573,36.224247824609],[-86.8246170318272,36.2242639665751],[-86.8246633366926,36.2242776541791],[-86.8247106587651,36.2242888257183],[-86.8247587906478,36.2242974330384],[-86.824739073299,36.2243811422103],[-86.8246908540079,36.2245858460664],[-86.8244401153548,36.224783123494],[-86.8243364792973,36.2245976724555],[-86.8244411575303,36.224435096619],[-86.8244427611949,36.2244326063128],[-86.8244437956269,36.2244309986183]]]},"properties":{"id":"163708","parcel":"05905011500","address":"4052 KINGS CIR","owner":"YOUNG, MARILYN","point":[-86.8245506745892,36.22451044893028]}},{"type":"Feature","id":"163711","geometry":{"type":"Polygon","coordinates":[[[-86.8290874525819,36.2276740680932],[-86.8291927521353,36.2276601589888],[-86.8292564187155,36.2280421100432],[-86.829020661788,36.2280635073315],[-86.8289300339079,36.2276971247498],[-86.8289489904,36.2276941998594],[-86.8290874525819,36.2276740680932]]]},"properties":{"id":"163711","parcel":"05905012800","address":"3060 BUENAVIEW BLVD","owner":"OLDS, CARLY & EBELING, GUNNAR","point":[-86.82910017849736,36.22786962743949]}},{"type":"Feature","id":"163717","geometry":{"type":"Polygon","coordinates":[[[-86.8245896177631,36.2225497708009],[-86.8250790420753,36.2225310079366],[-86.8250862295257,36.2227369837732],[-86.8246140121752,36.222755086624],[-86.8245978068567,36.2226186890872],[-86.8245896177631,36.2225497708009]]]},"properties":{"id":"163717","parcel":"05909004800","address":"4038 MEADOW HILL DR","owner":"RUSSELL, TIKICEE","point":[-86.82484448541136,36.22267784029083]}},{"type":"Feature","id":"163720","geometry":{"type":"Polygon","coordinates":[[[-86.8245408293177,36.2221391391037],[-86.825064666184,36.2221190571344],[-86.8250718546624,36.2223250320874],[-86.8245652234773,36.2223444549608],[-86.8245476872904,36.2221968620445],[-86.8245408293177,36.2221391391037]]]},"properties":{"id":"163720","parcel":"05909005000","address":"4030 MEADOW HILL DR","owner":"LOWE, PATRICIA A. LIVING TRUST","point":[-86.82481244431236,36.22226095126679]}},{"type":"Feature","id":"163723","geometry":{"type":"Polygon","coordinates":[[[-86.8246033656212,36.2213624645721],[-86.8246137823421,36.2213601303933],[-86.8247505722449,36.2213432639484],[-86.8248873712833,36.2213274950186],[-86.8249005111166,36.2213264688695],[-86.8249136822301,36.2213271666131],[-86.8249265452058,36.2213295716411],[-86.8249387623721,36.2213336213694],[-86.8249500189539,36.2213392088956],[-86.8249600186991,36.2213461902398],[-86.8249685039074,36.2213543851082],[-86.8249752520935,36.2213635769161],[-86.8249800895027,36.2213735289184],[-86.8249828888579,36.2213839815211],[-86.8250051565273,36.2215066934945],[-86.8250234178758,36.2216298392939],[-86.825028828997,36.2216639284853],[-86.8246911765093,36.2216885162645],[-86.8246033656212,36.2213624645721]]]},"properties":{"id":"163723","parcel":"05909005300","address":"4018 MEADOW HILL DR","owner":"HEBB, GARY LYNDON","point":[-86.82483646911008,36.221568006239956]}},{"type":"Feature","id":"163726","geometry":{"type":"Polygon","coordinates":[[[-86.8245173927216,36.2209586216226],[-86.8248611747239,36.2208947408237],[-86.8249176785423,36.2211119205641],[-86.8249191123431,36.2211239029188],[-86.8249180148426,36.2211359088709],[-86.8249144168803,36.2211475885214],[-86.8249084250662,36.2211586049723],[-86.8249002106777,36.2211686362056],[-86.824890014277,36.2211773912737],[-86.8248781302153,36.221184617616],[-86.8248649055491,36.2211901037698],[-86.8248507234697,36.2211936902986],[-86.8247645664266,36.2212016194176],[-86.8246787568564,36.2212117316546],[-86.8245933814009,36.2212240165049],[-86.8245173927216,36.2209586216226]]]},"properties":{"id":"163726","parcel":"05909005400","address":"4010 MEADOW HILL DR","owner":"SOUTHALL, BARBARA RAY","point":[-86.82471853484161,36.22103527272458]}},{"type":"Feature","id":"163729","geometry":{"type":"Polygon","coordinates":[[[-86.8242537819735,36.2209076774503],[-86.8243755698353,36.2208826726937],[-86.8245173927216,36.2209586216226],[-86.8245933814009,36.2212240165049],[-86.8243363132594,36.2212807120182],[-86.8242158823117,36.2209145287958],[-86.8242537819735,36.2209076774503]]]},"properties":{"id":"163729","parcel":"05909005600","address":"3025 LYTLE DR","owner":"WILLIAMS, SHEILA RENEE","point":[-86.8244146382005,36.22109111263315]}},{"type":"Feature","id":"163732","geometry":{"type":"Polygon","coordinates":[[[-86.8243749630598,36.22141362179],[-86.8246033656212,36.2213624645721],[-86.8246911765093,36.2216885162645],[-86.8245704143493,36.2219317540528],[-86.8245458434969,36.2219812467659],[-86.8243749630598,36.22141362179]]]},"properties":{"id":"163732","parcel":"05909005900","address":"3024 LYTLE DR","owner":"HAZELITT, WILLIAM L. ETUX","point":[-86.82453524829423,36.221551072327294]}},{"type":"Feature","id":"163737","geometry":{"type":"Polygon","coordinates":[[[-86.8238441413132,36.2216378888934],[-86.823832456518,36.2216006087291],[-86.8238303811541,36.2215889542921],[-86.8238308105713,36.2215771845329],[-86.8238337294937,36.2215656492441],[-86.8238390525108,36.2215546923875],[-86.8238466206197,36.2215446404018],[-86.8238562077858,36.2215357913422],[-86.8238675297936,36.2215284103146],[-86.8238802496586,36.2215227150179],[-86.8238939876454,36.2215188765772],[-86.8241524891798,36.2214630077023],[-86.8242451007974,36.2217753251079],[-86.8239076715664,36.2218411651712],[-86.8238441413132,36.2216378888934]]]},"properties":{"id":"163737","parcel":"05909006100","address":"4001 KINGS CIR","owner":"HARDIMON, VICKY JOANN","point":[-86.82404516892858,36.22170660797434]}},{"type":"Feature","id":"163740","geometry":{"type":"Polygon","coordinates":[[[-86.8240291394087,36.2222796233454],[-86.8245476872904,36.2221968620445],[-86.8245652234773,36.2223444549608],[-86.8245728299471,36.22240847799],[-86.8240740859639,36.2224825387096],[-86.8240663217941,36.2224429047768],[-86.8240291394087,36.2222796233454]]]},"properties":{"id":"163740","parcel":"05909006400","address":"4013 KINGS CIR","owner":"BLACK, DARYL","point":[-86.82429892601354,36.22231204201479]}},{"type":"Feature","id":"163743","geometry":{"type":"Polygon","coordinates":[[[-86.8240740859639,36.2224825387096],[-86.8245728299471,36.22240847799],[-86.8245896177631,36.2225497708009],[-86.8245978068567,36.2226186890872],[-86.8241138692388,36.2226856478981],[-86.8240740859639,36.2224825387096]]]},"properties":{"id":"163743","parcel":"05909006500","address":"4017 KINGS CIR","owner":"BRANDON, JUDITH C.","point":[-86.82433313301802,36.22251615691358]}},{"type":"Feature","id":"163746","geometry":{"type":"Polygon","coordinates":[[[-86.8242791510791,36.223529443185],[-86.8246991155093,36.22347133653],[-86.824720700606,36.2236529999225],[-86.8247277819223,36.2237126004278],[-86.8243259198368,36.2237682025029],[-86.8242791510791,36.223529443185]]]},"properties":{"id":"163746","parcel":"05909007000","address":"4037 KINGS CIR","owner":"ALEXANDER, BRANDON E.","point":[-86.82450229486261,36.22359122523195]}},{"type":"Feature","id":"163749","geometry":{"type":"Polygon","coordinates":[[[-86.8242282966913,36.2242434783124],[-86.8243750777423,36.2241359569366],[-86.8244093195371,36.2241614298024],[-86.8244454582246,36.2241851187391],[-86.8244833527057,36.22420693278],[-86.8245228563661,36.2242267855022],[-86.8245638126747,36.2242445995635],[-86.8244437956269,36.2244309986183],[-86.8244427611949,36.2244326063128],[-86.8244411575303,36.224435096619],[-86.8240713325145,36.2245000459805],[-86.8240695356001,36.2244974283702],[-86.8240066506454,36.2244058407836],[-86.8242282966913,36.2242434783124]]]},"properties":{"id":"163749","parcel":"05909007300","address":"4048 KINGS CIR","owner":"ROLAND, WILLIE LINDA","point":[-86.82431436732156,36.22432526327898]}},{"type":"Feature","id":"163751","geometry":{"type":"Polygon","coordinates":[[[-86.8233485790296,36.2196655956113],[-86.8233702286833,36.2196610525825],[-86.8235903904616,36.2204525078266],[-86.8233496247748,36.220498950937],[-86.8231266092773,36.219706665743],[-86.8233485790296,36.2196655956113]]]},"properties":{"id":"163751","parcel":"05910010000","address":"3029 KINGS LN","owner":"SINKFIELD, KATIE L. HILL","point":[-86.82335911656357,36.22007958793]}},{"type":"Feature","id":"163753","geometry":{"type":"Polygon","coordinates":[[[-86.8237920792729,36.223980831951],[-86.8237621089311,36.2238616584474],[-86.8241587800957,36.2237911237819],[-86.8241607888284,36.2238013871192],[-86.8241706706672,36.2238419492976],[-86.8241839628503,36.223881866336],[-86.8242006022703,36.2239209521036],[-86.8242205102388,36.2239590196745],[-86.8242353238482,36.2239833940464],[-86.8238367223262,36.2241583546371],[-86.8237920792729,36.223980831951]]]},"properties":{"id":"163753","parcel":"05909007500","address":"4040 KINGS CIR","owner":"JORDAN, MERVYN L., JR.","point":[-86.82400829615551,36.2239699289481]}},{"type":"Feature","id":"163754","geometry":{"type":"Polygon","coordinates":[[[-86.8214362960025,36.2207900676618],[-86.8214287694001,36.2206963429076],[-86.8214181960776,36.2206028110116],[-86.821404582288,36.2205095377225],[-86.8217784931821,36.2204740297814],[-86.8218706241496,36.2207842361396],[-86.8215403337307,36.2208479427434],[-86.8215263062346,36.2208496027421],[-86.8215121333606,36.2208493620727],[-86.821498204481,36.2208472280006],[-86.821484900603,36.2208432592201],[-86.8214725899095,36.2208375649831],[-86.821461607694,36.2208303007299],[-86.8214522574714,36.2208216680808],[-86.8214447952683,36.2208119014247],[-86.8214394252017,36.2208012706525],[-86.8214362960025,36.2207900676618]]]},"properties":{"id":"163754","parcel":"05910010700","address":"3001 KINGS LN","owner":"JOHNSON, KENNETH EDWARD","point":[-86.82162714673936,36.22064988071211]}},{"type":"Feature","id":"163756","geometry":{"type":"Polygon","coordinates":[[[-86.822117780889,36.2219102643959],[-86.8221095347286,36.2218674909313],[-86.8225634794578,36.221825839015],[-86.8225787794898,36.221935258423],[-86.8225965863048,36.2220444282285],[-86.822154490821,36.2221006819983],[-86.822117780889,36.2219102643959]]]},"properties":{"id":"163756","parcel":"05910011300","address":"4016 AMES DR","owner":"CHASON, NICHOLAS & DAVIS, CHRISTINA","point":[-86.82236033768329,36.22198950605248]}},{"type":"Feature","id":"163757","geometry":{"type":"Polygon","coordinates":[[[-86.82577972968,36.2236892119952],[-86.8257767133559,36.2236465138869],[-86.8257742474885,36.2235723995659],[-86.8257727648739,36.2235278686265],[-86.8257678285462,36.2234334577364],[-86.8262634699783,36.2235059297362],[-86.8262516493187,36.2235703955781],[-86.8262427672556,36.2236351702748],[-86.8262368373348,36.2237001654109],[-86.82577972968,36.2236892119952]]]},"properties":{"id":"163757","parcel":"05909008000","address":"4088 BOYD DR","owner":"GREEN, MORRIS ET UX","point":[-86.82601447232987,36.22354913563543]}},{"type":"Feature","id":"163759","geometry":{"type":"Polygon","coordinates":[[[-86.8221946404922,36.2223089409038],[-86.8221555134993,36.2221059852501],[-86.822154490821,36.2221006819983],[-86.8225965863048,36.2220444282285],[-86.8226096540584,36.2221141759247],[-86.8226251765673,36.2221835923602],[-86.8226431387994,36.2222526217584],[-86.822645823313,36.2222640395391],[-86.8222006227012,36.2223399710547],[-86.8221946404922,36.2223089409038]]]},"properties":{"id":"163759","parcel":"05910011400","address":"4020 AMES DR","owner":"GOOD NEIGHBOR INVESTMENTS, LLC","point":[-86.82240557792801,36.22221776804116]}},{"type":"Feature","id":"163761","geometry":{"type":"Polygon","coordinates":[[[-86.8223209362179,36.2227552646357],[-86.8227647127477,36.2226631134474],[-86.8228278271628,36.2228655215366],[-86.8223840484613,36.2229576729591],[-86.8223752810925,36.2229295548234],[-86.8223209362179,36.2227552646357]]]},"properties":{"id":"163761","parcel":"05910011700","address":"4032 AMES DR","owner":"GARRETT, RHONDA M.","point":[-86.82257438137331,36.2228103933541]}},{"type":"Feature","id":"163764","geometry":{"type":"Polygon","coordinates":[[[-86.8225103613328,36.2233627673652],[-86.8229541410423,36.2232706154969],[-86.8230164256964,36.223470360488],[-86.8225726449509,36.223562513481],[-86.8225671129027,36.2235447711413],[-86.8225103613328,36.2233627673652]]]},"properties":{"id":"163764","parcel":"05910012000","address":"4044 AMES DR","owner":"JORDAN, ERNEST W & BRENDA M","point":[-86.82276339334572,36.223416564193904]}},{"type":"Feature","id":"163767","geometry":{"type":"Polygon","coordinates":[[[-86.8226821302365,36.2213051760699],[-86.8230073415661,36.2212809842],[-86.8230669170794,36.221533306415],[-86.8229371730498,36.221554909524],[-86.8228069745614,36.2215746346629],[-86.8227932196538,36.2215751330312],[-86.8227795472742,36.2215738301216],[-86.8227663114607,36.2215707577701],[-86.8227538601015,36.2215659983254],[-86.8227425170458,36.2215596757579],[-86.8227325798708,36.2215519547737],[-86.8227243087121,36.2215430363841],[-86.8227179173384,36.2215331552632],[-86.8227135763755,36.2215225689101],[-86.8227113954743,36.2215115541657],[-86.8227038291743,36.2214425657076],[-86.8226940713329,36.2213737571057],[-86.8226821302365,36.2213051760699]]]},"properties":{"id":"163767","parcel":"05910012500","address":"3001 LYTLE DR","owner":"SMITH, LISA S. & BAILEY, ALICEA C.","point":[-86.82286821887537,36.22140841208273]}},{"type":"Feature","id":"163770","geometry":{"type":"Polygon","coordinates":[[[-86.8233068113318,36.2216327304057],[-86.8234355510363,36.2216096313497],[-86.823563784989,36.2215848583624],[-86.8235775242083,36.2215829567539],[-86.8235914616143,36.2215828950633],[-86.8236052246188,36.2215846758314],[-86.8236184456609,36.2215882501928],[-86.8236307700584,36.2215935241318],[-86.8236418693253,36.2216003556873],[-86.8236514445839,36.2216085621399],[-86.8236592410604,36.2216179235177],[-86.8236650492631,36.2216281888974],[-86.8236687139734,36.2216390853552],[-86.8237408149856,36.2218734047937],[-86.8233959409742,36.221944765733],[-86.8233068113318,36.2216327304057]]]},"properties":{"id":"163770","parcel":"05910012900","address":"4000 KINGS CIR","owner":"MCH SFR PROPERTY OWNER 4 LLC","point":[-86.82352335175487,36.221755977678434]}},{"type":"Feature","id":"163789","geometry":{"type":"Polygon","coordinates":[[[-86.8220157842599,36.2242655282449],[-86.8221229063253,36.2242441612663],[-86.8221724139507,36.224396319772],[-86.8222943604847,36.2247711139482],[-86.8223005682533,36.2247901927652],[-86.8222004380917,36.2248202959543],[-86.8221269092125,36.2248205702352],[-86.822126578855,36.2248205706813],[-86.8220651004972,36.2248207998538],[-86.8218922529705,36.2242895609513],[-86.8220157842599,36.2242655282449]]]},"properties":{"id":"163789","parcel":"05900005800","address":"4745 BUENA VISTA PIKE","owner":"WOOD, JOSEPH DUANE","point":[-86.82211061478085,36.22458353442655]}},{"type":"Feature","id":"163792","geometry":{"type":"Polygon","coordinates":[[[-86.8191523834423,36.2246036381955],[-86.8191365982536,36.2243883771928],[-86.819148547008,36.2242322641733],[-86.819168540966,36.2240673066186],[-86.8191857096932,36.2238913800824],[-86.8192028545245,36.2237132555294],[-86.8192199322856,36.2235285387201],[-86.8192371461803,36.2233570063738],[-86.8192542691933,36.2231766846665],[-86.8192714375375,36.2230007580733],[-86.8192885603861,36.2228204354416],[-86.8193057728758,36.2226489039595],[-86.8193228274575,36.2224619890656],[-86.8193425492517,36.2222706615317],[-86.8193541339941,36.2220793891837],[-86.8193791879303,36.2218792345788],[-86.8193501378063,36.2216926333055],[-86.81932407405,36.22153238257],[-86.8192922184749,36.2213370094251],[-86.819306697491,36.2211632982414],[-86.819321107192,36.2209829921093],[-86.8193355179956,36.2208026913658],[-86.8193499502949,36.2206245850292],[-86.8193644517563,36.2204530709172],[-86.8193787476955,36.2202617800727],[-86.8193610459436,36.220123449741],[-86.8193370562345,36.2199016514446],[-86.819310220048,36.2196666861256],[-86.8191751553419,36.2194566293579],[-86.8190318423269,36.2192356411221],[-86.8188122551713,36.2189822044973],[-86.8187452413585,36.2187958594114],[-86.8191745185281,36.2188698655965],[-86.8194502903137,36.2187866823681],[-86.8197720345368,36.218690001056],[-86.8200207575683,36.2186135955166],[-86.8200753213773,36.2186316044105],[-86.8201281293944,36.2186527723986],[-86.8201789046331,36.2186769878056],[-86.8202273799378,36.2187041217657],[-86.8202732991433,36.2187340327214],[-86.8203164214854,36.2187665627879],[-86.8203565205265,36.2188015413658],[-86.820393383015,36.2188387824448],[-86.8204268156427,36.2188780926689],[-86.8204566427268,36.2189192623397],[-86.8204827085558,36.2189620771168],[-86.8205325268863,36.2190466381551],[-86.8205782843646,36.2191326913073],[-86.8206199140564,36.2192201108564],[-86.820657353419,36.2193087656477],[-86.8206905454695,36.2193985244884],[-86.8207194432059,36.2194892534135],[-86.8207440018405,36.2195808175416],[-86.8207641865852,36.2196730810215],[-86.8207799648664,36.2197659070852],[-86.8207913140916,36.2198591561929],[-86.8207982194721,36.2199526905536],[-86.8208006684338,36.2200463714594],[-86.8207986572908,36.2201400592405],[-86.8208111049233,36.2202228282478],[-86.8208268932864,36.220305222156],[-86.8208460047931,36.2203871527601],[-86.8208684196226,36.2204685309686],[-86.8208941124302,36.2205492713325],[-86.8209230567399,36.2206292866079],[-86.8209759279627,36.2208595700837],[-86.821032906016,36.2210892082441],[-86.8210939804484,36.2213181551907],[-86.8211591385462,36.2215463614347],[-86.8212283642867,36.2217737802133],[-86.8213016471887,36.2220003629235],[-86.8213789678918,36.2222260628243],[-86.8214275166638,36.2223237138296],[-86.8214729202183,36.2224223541563],[-86.8215151466935,36.2225219155287],[-86.8215541687135,36.2226223332458],[-86.8215899610606,36.2227235362826],[-86.8216224974608,36.2228254590287],[-86.8214702126283,36.2230816950373],[-86.8213707617799,36.2232340080146],[-86.821299736676,36.2233160782554],[-86.8212240729176,36.2234413078781],[-86.8211340460525,36.2235545483269],[-86.8209572916968,36.2236414576469],[-86.8206609716776,36.223771758162],[-86.8205313695601,36.2237959884503],[-86.8203594576133,36.2238595142035],[-86.8202874903775,36.2238833527612],[-86.8201112968559,36.2240246479067],[-86.8199164642057,36.224232272983],[-86.8197322652999,36.2245175671181],[-86.8196382772131,36.224641547425],[-86.8191523834423,36.2246036381955]]]},"properties":{"id":"163792","parcel":"05900006001","address":"0 BUENA VISTA PIKE","owner":"METRO GOV'T","point":[-86.82025992174057,36.22161950872624]}},{"type":"Feature","id":"163803","geometry":{"type":"Polygon","coordinates":[[[-86.8297704744974,36.2271397486667],[-86.8297881721261,36.2271138051624],[-86.8298059609591,36.2270911569272],[-86.8298344860709,36.227058388613],[-86.8298657529833,36.2270273066335],[-86.8298996097468,36.2269980598371],[-86.8299358932245,36.2269707908398],[-86.8299744290342,36.2269456306188],[-86.8300150293535,36.2269227012312],[-86.8302787132381,36.2272373475606],[-86.8300619675804,36.2272608134895],[-86.8297704744974,36.2271397486667]]]},"properties":{"id":"163803","parcel":"05905014600","address":"4136 BUENAVIEW CT","owner":"BROWN, ELIZABETH ANN","point":[-86.82998159819013,36.22710274338329]}},{"type":"Feature","id":"163806","geometry":{"type":"Polygon","coordinates":[[[-86.8288703684869,36.2271788930518],[-86.8289910847349,36.2270506024898],[-86.8291384166141,36.2271331008537],[-86.8291994637754,36.2275238599343],[-86.8290786090751,36.2275373476782],[-86.8289583756344,36.2275540845761],[-86.8288703684869,36.2271788930518]]]},"properties":{"id":"163806","parcel":"05905015600","address":"3057 BUENAVIEW BLVD","owner":"RUSSELL, JAMES W., JR.","point":[-86.82904166668315,36.227351386253154]}},{"type":"Feature","id":"163808","geometry":{"type":"Polygon","coordinates":[[[-86.8277450178716,36.2269470685232],[-86.828234937348,36.2268492124559],[-86.8282995439754,36.2270619393443],[-86.8278096462116,36.227161993677],[-86.827806795696,36.2271488269168],[-86.8277450178716,36.2269470685232]]]},"properties":{"id":"163808","parcel":"05905016100","address":"4190 BOBWHITE DR","owner":"CROMWELL, CHARLES CHRISTOPHER JR & CARMEN ETAL","point":[-86.82802235197573,36.22700450435712]}},{"type":"Feature","id":"163811","geometry":{"type":"Polygon","coordinates":[[[-86.8261907170467,36.2224690016432],[-86.8260507028683,36.2224664065479],[-86.8263441016376,36.2219479965014],[-86.8264202191016,36.2219799156068],[-86.8264945578025,36.2220144767087],[-86.826566979136,36.2220516140658],[-86.826637346693,36.222091259218],[-86.8263045960903,36.2224711129524],[-86.8261907170467,36.2224690016432]]]},"properties":{"id":"163811","parcel":"05909008800","address":"3118 LYTLE DR","owner":"HILL, HENRY, JR.","point":[-86.82631494253214,36.22227879103871]}},{"type":"Feature","id":"163814","geometry":{"type":"Polygon","coordinates":[[[-86.8257155395323,36.222460194056],[-86.8257154252908,36.2224492229177],[-86.8257069525769,36.222304448619],[-86.8256389580631,36.2220947543919],[-86.825633253198,36.2219385773581],[-86.82562787757,36.2217913718978],[-86.8257087787823,36.2217975701777],[-86.8257892933638,36.2218064802301],[-86.8258692832493,36.2218180876783],[-86.8259486102979,36.2218323709368],[-86.8260271385742,36.2218493066026],[-86.825838209611,36.2224624674148],[-86.8257155395323,36.222460194056]]]},"properties":{"id":"163814","parcel":"05909009000","address":"3106 LYTLE DR","owner":"DENNIS, DENISE","point":[-86.82579602494569,36.222199780735956]}},{"type":"Feature","id":"163816","geometry":{"type":"Polygon","coordinates":[[[-86.8285290763584,36.2199554187451],[-86.8288380091336,36.2199313227853],[-86.8288535356917,36.2200420404768],[-86.8288647358219,36.2201531005911],[-86.8283115196429,36.2201590931493],[-86.8285290763584,36.2199554187451]]]},"properties":{"id":"163816","parcel":"05909010900","address":"4006 BOYD DR","owner":"CARTER, GARY J. ETUX","point":[-86.82861855379099,36.220097226225825]}},{"type":"Feature","id":"163837","geometry":{"type":"Polygon","coordinates":[[[-86.8229990197078,36.2228493564341],[-86.8234821685448,36.2227484606964],[-86.8234925003164,36.2227895516139],[-86.8235323213016,36.2229479033336],[-86.8230602669939,36.2230464831291],[-86.8229990197078,36.2228493564341]]]},"properties":{"id":"163837","parcel":"05910013600","address":"4035 AMES DR","owner":"ONEAL, RICHARD L. ETUX","point":[-86.82326711921982,36.22289863232057]}},{"type":"Feature","id":"163841","geometry":{"type":"Polygon","coordinates":[[[-86.8236343997241,36.2240092640586],[-86.8237920792729,36.223980831951],[-86.8238367223262,36.2241583546371],[-86.8240066506454,36.2244058407836],[-86.8240695356001,36.2244974283702],[-86.8240713325145,36.2245000459805],[-86.8237710817192,36.2245527763314],[-86.8237702347447,36.2245494096017],[-86.8236343997241,36.2240092640586]]]},"properties":{"id":"163841","parcel":"05910014200","address":"0 AMES DR","owner":"WOOD, MARY N.","point":[-86.82381230832922,36.22428193674488]}},{"type":"Feature","id":"163844","geometry":{"type":"Polygon","coordinates":[[[-86.8234427294771,36.2225916276725],[-86.8239080253537,36.2225116484554],[-86.8239483305518,36.2227171767156],[-86.8234925003164,36.2227895516139],[-86.8234821685448,36.2227484606964],[-86.8234427294771,36.2225916276725]]]},"properties":{"id":"163844","parcel":"05910014700","address":"4016 KINGS CIR","owner":"DOBBINS, EDITH MARIE","point":[-86.82369725862408,36.22265440500796]}},{"type":"Feature","id":"163847","geometry":{"type":"Polygon","coordinates":[[[-86.8233408866798,36.2221958359425],[-86.8238114376874,36.2221037146474],[-86.8238348627947,36.222191206745],[-86.8238648356765,36.2223091761855],[-86.8233920594068,36.2223941676704],[-86.8233816497994,36.2223538190065],[-86.8233408866798,36.2221958359425]]]},"properties":{"id":"163847","parcel":"05910014900","address":"4008 KINGS CIR","owner":"STOUT, ROBERT & YVONNE TRUST & STUART, CHARLENE","point":[-86.82360297237979,36.222252506514714]}},{"type":"Feature","id":"164086","geometry":{"type":"Polygon","coordinates":[[[-86.826542823141,36.2289056977474],[-86.8271026804118,36.2288150564582],[-86.8271458235889,36.2289681107815],[-86.8271533804835,36.2289949173874],[-86.8271589886099,36.2290124598003],[-86.8266047860366,36.2291250361799],[-86.8265814997982,36.2290524226554],[-86.8265608400951,36.2289792891522],[-86.826542823141,36.2289056977474]]]},"properties":{"id":"164086","parcel":"05905002500","address":"4913 TRUMPET CIR","owner":"PUCKETT, VAN ETUX","point":[-86.82685344339266,36.22897370048579]}},{"type":"Feature","id":"164087","geometry":{"type":"Polygon","coordinates":[[[-86.8264890484701,36.228690697774],[-86.8270435679525,36.2286088868291],[-86.8270914642332,36.2287799734274],[-86.8271026804118,36.2288150564582],[-86.826542823141,36.2289056977474],[-86.8265140829278,36.2287985024506],[-86.8264890484701,36.228690697774]]]},"properties":{"id":"164087","parcel":"05905002600","address":"4909 TRUMPET CIR","owner":"SCRUGGS, DORRIS J.","point":[-86.82678920061821,36.228735334451514]}},{"type":"Feature","id":"164088","geometry":{"type":"Polygon","coordinates":[[[-86.8264460285459,36.2284668342244],[-86.8269872178723,36.2284070927773],[-86.8270379598708,36.2285913435076],[-86.8270435679525,36.2286088868291],[-86.8264890484701,36.228690697774],[-86.8264724000452,36.2286163750829],[-86.8264580576946,36.2285417391952],[-86.8264460285459,36.2284668342244]]]},"properties":{"id":"164088","parcel":"05905002700","address":"4905 TRUMPET CIR","owner":"COOK, MARVIN","point":[-86.8267469933899,36.228566540232436]}},{"type":"Feature","id":"164089","geometry":{"type":"Polygon","coordinates":[[[-86.8276037277195,36.2279633416845],[-86.827914991862,36.2278996753067],[-86.8280023320616,36.2282111423077],[-86.8276152620814,36.2282885119021],[-86.8275421987519,36.2280450755526],[-86.8275405158698,36.2280334716811],[-86.8275412261327,36.2280218018449],[-86.8275443073146,36.228010387945],[-86.8275496770409,36.227999544183],[-86.8275571860301,36.2279895689962],[-86.8275666269169,36.2279807377871],[-86.8275777419448,36.227973293858],[-86.8275902240026,36.2279674411943],[-86.8276037277195,36.2279633416845]]]},"properties":{"id":"164089","parcel":"05905003000","address":"4901 BOYD DR","owner":"BOYCE, RICKEY L & NANCY","point":[-86.82777308138444,36.22812811032608]}},{"type":"Feature","id":"164212","geometry":{"type":"Polygon","coordinates":[[[-86.8294994646548,36.2292359515052],[-86.8295941455208,36.2291876365059],[-86.8296910703542,36.2291423351424],[-86.8299496345941,36.2294855870397],[-86.829879509174,36.2295234304441],[-86.8297441910373,36.2295529271785],[-86.8294994646548,36.2292359515052]]]},"properties":{"id":"164212","parcel":"05905029300","address":"3008 SUNNYVIEW DR","owner":"HEREFORD, AMOS & EUNICE M.","point":[-86.82972572152997,36.2293607711527]}},{"type":"Feature","id":"164213","geometry":{"type":"Polygon","coordinates":[[[-86.8297441910373,36.2295529271785],[-86.829879509174,36.2295234304441],[-86.8297689239159,36.2295835243881],[-86.8297441910373,36.2295529271785]]]},"properties":{"id":"164213","parcel":"05905029600","address":"0 SUNNYVIEW DR","owner":"METRO GOV'T  BT  BACK TAX SALE","point":[-86.82977676410705,36.229568254532055]}},{"type":"Feature","id":"164214","geometry":{"type":"Polygon","coordinates":[[[-86.8288563808182,36.2296032497876],[-86.8289250824465,36.2295585509784],[-86.8292350855928,36.2298926604907],[-86.8290622290497,36.2299960369007],[-86.828752644758,36.2296696154081],[-86.8288563808182,36.2296032497876]]]},"properties":{"id":"164214","parcel":"05905030000","address":"2992 SUNNYVIEW DR","owner":"SMITH, ROSALINE L & JAMES H JR","point":[-86.82899501148565,36.229781139831424]}},{"type":"Feature","id":"164216","geometry":{"type":"Polygon","coordinates":[[[-86.8228003775737,36.225724461776],[-86.823380407662,36.2255951443231],[-86.8234354635689,36.2257058480731],[-86.8234824456,36.2258003175157],[-86.8228746819252,36.2259358186446],[-86.8228003775737,36.225724461776]]]},"properties":{"id":"164216","parcel":"05906000200","address":"4755 BUENA VISTA PIKE","owner":"DORSE, MARGARET ALICE, LIVING TRUST","point":[-86.82313868058614,36.225762386095234]}},{"type":"Feature","id":"164217","geometry":{"type":"Polygon","coordinates":[[[-86.8229631731945,36.226180792126],[-86.8234882202356,36.2260464953295],[-86.8234439744606,36.2262882591062],[-86.8230412534679,36.2263912660484],[-86.8229631731945,36.226180792126]]]},"properties":{"id":"164217","parcel":"05906000400","address":"4801 BUENA VISTA PIKE","owner":"BROWN, YVONNE Y.","point":[-86.82321836335119,36.22623454770828]}},{"type":"Feature","id":"164266","geometry":{"type":"Polygon","coordinates":[[[-86.8264781265412,36.2281633416591],[-86.8268970998031,36.2280890514072],[-86.8269118499467,36.2281411061733],[-86.8269872178723,36.2284070927773],[-86.8264460285459,36.2284668342244],[-86.8264278860645,36.2283526816846],[-86.8264110995192,36.2282385189605],[-86.8264109312835,36.2282272868452],[-86.8264129668188,36.2282161757422],[-86.8264171523366,36.2282054681129],[-86.8264233838546,36.2281954332428],[-86.8264315016442,36.2281863281816],[-86.8264413011937,36.2281783823461],[-86.826452533209,36.2281717975206],[-86.8264649124454,36.2281667414877],[-86.8264781265412,36.2281633416591]]]},"properties":{"id":"164266","parcel":"05905002800","address":"4901 TRUMPET CIR","owner":"FINNEY, WILL E. ETUX","point":[-86.82668766953424,36.22829598905593]}},{"type":"Feature","id":"164267","geometry":{"type":"Polygon","coordinates":[[[-86.827123586329,36.2266590405195],[-86.8276298069959,36.2265632725301],[-86.8276803887791,36.2267321442305],[-86.827685996862,36.2267496866303],[-86.827179826484,36.2268498499299],[-86.827123586329,36.2266590405195]]]},"properties":{"id":"164267","parcel":"05905003500","address":"4145 BOYD DR","owner":"DENNIS, MILLIE A.","point":[-86.82740190101646,36.226695592573996]}},{"type":"Feature","id":"164268","geometry":{"type":"Polygon","coordinates":[[[-86.8270645704175,36.2264616582837],[-86.8275680485691,36.2263637120525],[-86.8276158070135,36.2265216140994],[-86.8276298069959,36.2265632725301],[-86.827123586329,36.2266590405195],[-86.8270645704175,36.2264616582837]]]},"properties":{"id":"164268","parcel":"05905003600","address":"4141 BOYD DR","owner":"LAPAGLIA, PATRICIA","point":[-86.82734013743737,36.226491636434936]}},{"type":"Feature","id":"164269","geometry":{"type":"Polygon","coordinates":[[[-86.8270055056233,36.2262598809119],[-86.8275062479131,36.2261597554889],[-86.8275512026512,36.2263088859111],[-86.8275680485691,36.2263637120525],[-86.8270645704175,36.2264616582837],[-86.8270055056233,36.2262598809119]]]},"properties":{"id":"164269","parcel":"05905003700","address":"4137 BOYD DR","owner":"BOYD ST REAL ESTATE, LLC","point":[-86.827293637864,36.22633591537132]}},{"type":"Feature","id":"164291","geometry":{"type":"Polygon","coordinates":[[[-86.8260883674727,36.2254442424534],[-86.8265538929748,36.2253487572128],[-86.8266100598742,36.225532973845],[-86.8261445562589,36.2256306573075],[-86.8261080383294,36.2255100349122],[-86.8260883674727,36.2254442424534]]]},"properties":{"id":"164291","parcel":"05905004700","address":"4122 BOYD DR","owner":"W&B, LLC","point":[-86.8263457289367,36.22547749815701]}},{"type":"Feature","id":"164292","geometry":{"type":"Polygon","coordinates":[[[-86.8261445562589,36.2256306573075],[-86.8266100598742,36.225532973845],[-86.8266662728553,36.2257215855609],[-86.8262007452998,36.2258170712244],[-86.8261894841313,36.2257775911574],[-86.8261445562589,36.2256306573075]]]},"properties":{"id":"164292","parcel":"05905004800","address":"4126 BOYD DR","owner":"TATE-SMITH, PATRICIA & TATE, ANITA & JOHN, JR.","point":[-86.82640558903903,36.22567612197164]}},{"type":"Feature","id":"164293","geometry":{"type":"Polygon","coordinates":[[[-86.8255582364967,36.2257361360104],[-86.8255633964059,36.2256726495108],[-86.825564296876,36.2256090298963],[-86.8255609365133,36.2255454628355],[-86.8261080383294,36.2255100349122],[-86.8261445562589,36.2256306573075],[-86.8261894841313,36.2257775911574],[-86.8255582364967,36.2257361360104]]]},"properties":{"id":"164293","parcel":"05905005600","address":"4125 MEADOW HILL DR","owner":"HERRON, ROSEMARY","point":[-86.82585740399472,36.22565165875047]}},{"type":"Feature","id":"164294","geometry":{"type":"Polygon","coordinates":[[[-86.8254665019938,36.2251654900411],[-86.825973163462,36.2250604447377],[-86.8260294203782,36.2252534518961],[-86.8260322247454,36.2252622235849],[-86.8255273451232,36.2253635275396],[-86.8255213091081,36.2253431823464],[-86.8254665019938,36.2251654900411]]]},"properties":{"id":"164294","parcel":"05905005800","address":"4117 MEADOW HILL DR","owner":"LEGGS, SHARITHA M","point":[-86.82574833102845,36.22520947183814]}},{"type":"Feature","id":"164295","geometry":{"type":"Polygon","coordinates":[[[-86.825083939492,36.2257383493841],[-86.8249281778781,36.2255260991495],[-86.8253727386164,36.2254351985471],[-86.8253835755469,36.2254895343144],[-86.8253908314808,36.2255442604613],[-86.8253944858889,36.2255992221122],[-86.8253945282425,36.2256542634218],[-86.8253909580237,36.225709228476],[-86.825385780323,36.2257512498388],[-86.825083939492,36.2257383493841]]]},"properties":{"id":"164295","parcel":"05905006200","address":"4122 MEADOW HILL DR","owner":"WILLIAMS, BARBARA (LE)","point":[-86.82517693437788,36.22557142630781]}},{"type":"Feature","id":"164296","geometry":{"type":"Polygon","coordinates":[[[-86.8240113985688,36.225286508317],[-86.8245516110455,36.2249826371811],[-86.8246226643391,36.2251097828053],[-86.8246595617176,36.2251600635078],[-86.8241960956972,36.2254839718313],[-86.8241319289918,36.2254213378606],[-86.824070464158,36.2253546270594],[-86.8240113985688,36.225286508317]]]},"properties":{"id":"164296","parcel":"05905006700","address":"4113 AMES DR","owner":"SALAC, CAROLINE GRACE","point":[-86.82434647736456,36.22522330249565]}},{"type":"Feature","id":"164297","geometry":{"type":"Polygon","coordinates":[[[-86.8240354820675,36.2263871947274],[-86.8240490845754,36.2263842611653],[-86.8240623395385,36.2263804242094],[-86.8240854068649,36.2263711578262],[-86.8241480144689,36.2263420436471],[-86.8242086762847,36.2263103380788],[-86.8245395486513,36.2267023907337],[-86.8243719020883,36.2267205913162],[-86.8241206318232,36.2267521781217],[-86.8240354820675,36.2263871947274]]]},"properties":{"id":"164297","parcel":"05905007100","address":"4142 AMES CT","owner":"BRYANT, CLINTON B.","point":[-86.82423943341745,36.22654472238182]}},{"type":"Feature","id":"164354","geometry":{"type":"Polygon","coordinates":[[[-86.8221891790024,36.2238415987284],[-86.8226310571302,36.223749843158],[-86.8226349288733,36.2237622586522],[-86.8226950028006,36.2239549151213],[-86.8222565266427,36.224045963699],[-86.8221891790024,36.2238415987284]]]},"properties":{"id":"164354","parcel":"05910007800","address":"4053 BUENA VISTA PIKE","owner":"ALARCON-HERRERA, JOSE  . & ORTIZ, LESVIA L. RUIZ","point":[-86.82244259021665,36.22389825793304]}},{"type":"Feature","id":"164355","geometry":{"type":"Polygon","coordinates":[[[-86.8221218305969,36.2236372337157],[-86.8225671129027,36.2235447711413],[-86.8225726449509,36.223562513481],[-86.8226310571302,36.223749843158],[-86.8221891790024,36.2238415987284],[-86.8221218305969,36.2236372337157]]]},"properties":{"id":"164355","parcel":"05910007900","address":"4049 BUENA VISTA PIKE","owner":"GORE, RALEIGH, JR.","point":[-86.82237694023544,36.223693539444554]}},{"type":"Feature","id":"164356","geometry":{"type":"Polygon","coordinates":[[[-86.8220757015616,36.2217122821071],[-86.822079526495,36.2217118315805],[-86.8221095347286,36.2218674909313],[-86.822117780889,36.2219102643959],[-86.8216441007517,36.22197613321],[-86.8216126937631,36.2219805007587],[-86.8215908750555,36.2218762573452],[-86.8215707547792,36.2217717905763],[-86.8220757015616,36.2217122821071]]]},"properties":{"id":"164356","parcel":"05910008800","address":"4013 BUENA VISTA PIKE","owner":"CAMPBELL, MATHREENA E.","point":[-86.82184014043328,36.22181964105058]}},{"type":"Feature","id":"164357","geometry":{"type":"Polygon","coordinates":[[[-86.8234003501564,36.2206585884576],[-86.8236492795925,36.2206105709583],[-86.8237638714679,36.2210033204239],[-86.8237341074497,36.2210101161289],[-86.8235491343162,36.2210466068258],[-86.8235148696133,36.2210533664716],[-86.8235148315444,36.2210532351475],[-86.8234003501564,36.2206585884576]]]},"properties":{"id":"164357","parcel":"05910009700","address":"3028 KINGS LN","owner":"PATTON, DEBORAH D.","point":[-86.8235819657747,36.22083095436694]}},{"type":"Feature","id":"164378","geometry":{"type":"Polygon","coordinates":[[[-86.8233702286833,36.2196610525825],[-86.8236328076588,36.2196131123671],[-86.8238423140288,36.2204039116252],[-86.8237875844052,36.2204144691522],[-86.8235903904616,36.2204525078266],[-86.8233702286833,36.2196610525825]]]},"properties":{"id":"164378","parcel":"05910009900","address":"3033 KINGS LN","owner":"STEVENS FAMILY REVOCABLE LIVING TRUST AGREEMENT","point":[-86.82360873002264,36.2200324859709]}},{"type":"Feature","id":"164379","geometry":{"type":"Polygon","coordinates":[[[-86.823015625413,36.2197271992963],[-86.8231266092773,36.219706665743],[-86.8233496247748,36.220498950937],[-86.823101478097,36.2205468173843],[-86.8228856771767,36.2197500628312],[-86.823015625413,36.2197271992963]]]},"properties":{"id":"164379","parcel":"05910010100","address":"3025 KINGS LN","owner":"JONES, CANDACE Y.","point":[-86.8231156597478,36.22012450417595]}},{"type":"Feature","id":"164380","geometry":{"type":"Polygon","coordinates":[[[-86.8226826713164,36.2197888056672],[-86.8228856771767,36.2197500628312],[-86.823101478097,36.2205468173843],[-86.8228550039679,36.22059436099],[-86.8226366592473,36.21979790995],[-86.8226826713164,36.2197888056672]]]},"properties":{"id":"164380","parcel":"05910010200","address":"3021 KINGS LN","owner":"PAGE, EDNA S","point":[-86.82286968539852,36.22017236481602]}},{"type":"Feature","id":"164381","geometry":{"type":"Polygon","coordinates":[[[-86.8213561114887,36.2202813135969],[-86.8219627721457,36.2201980721823],[-86.8217784931821,36.2204740297814],[-86.821404582288,36.2205095377225],[-86.8213813639513,36.220395418747],[-86.8213561114887,36.2202813135969]]]},"properties":{"id":"164381","parcel":"05910010800","address":"3927 BUENA VISTA PIKE","owner":"SMITH, ROBERT EARL","point":[-86.82161866347643,36.22033873898639]}},{"type":"Feature","id":"164382","geometry":{"type":"Polygon","coordinates":[[[-86.8222565266427,36.224045963699],[-86.8226950028006,36.2239549151213],[-86.8226972131095,36.2239620037798],[-86.8227610521677,36.2241667375513],[-86.8223223930695,36.2242458288137],[-86.8222565266427,36.224045963699]]]},"properties":{"id":"164382","parcel":"05910010900","address":"4057 BUENA VISTA PIKE","owner":"KING, TIFFANY","point":[-86.82250932218182,36.224106351681364]}},{"type":"Feature","id":"164383","geometry":{"type":"Polygon","coordinates":[[[-86.8221398187371,36.2211897521374],[-86.8224812926968,36.221158513094],[-86.8224814086746,36.2211589710448],[-86.8224997583971,36.2212409435194],[-86.822515146969,36.2213233164861],[-86.8225275613901,36.2214060170326],[-86.822022901688,36.2214181057506],[-86.8221398187371,36.2211897521374]]]},"properties":{"id":"164383","parcel":"05910011000","address":"4004 AMES DR","owner":"BAKER, JESSE HOWARD, JR.","point":[-86.82230014463548,36.22128182233581]}},{"type":"Feature","id":"164384","geometry":{"type":"Polygon","coordinates":[[[-86.8226972131095,36.2239620037798],[-86.8231409959554,36.2238698512408],[-86.8232084191155,36.2240860730294],[-86.8227610521677,36.2241667375513],[-86.8226972131095,36.2239620037798]]]},"properties":{"id":"164384","parcel":"05910012300","address":"4056 AMES DR","owner":"CHRISTMAN, MICHAEL J","point":[-86.82295281580467,36.2240240386772]}},{"type":"Feature","id":"164385","geometry":{"type":"Polygon","coordinates":[[[-86.8226393747201,36.2211054834468],[-86.822999522675,36.2210502864673],[-86.8231819559426,36.2211193675199],[-86.8230073415661,36.2212809842],[-86.8226821302365,36.2213051760699],[-86.8226623101541,36.2212051109611],[-86.8226393747201,36.2211054834468]]]},"properties":{"id":"164385","parcel":"05910012400","address":"4005 AMES DR","owner":"WATTS, COLIN","point":[-86.82289382210121,36.221162197625766]}},{"type":"Feature","id":"164386","geometry":{"type":"Polygon","coordinates":[[[-86.8231819559426,36.2211193675199],[-86.8232523314263,36.2211057015378],[-86.8233565996262,36.2214829839975],[-86.8230669170794,36.221533306415],[-86.8230073415661,36.2212809842],[-86.8231819559426,36.2211193675199]]]},"properties":{"id":"164386","parcel":"05910012600","address":"3005 LYTLE DR","owner":"PLANTT, CONSTANCE M. & BARNETT, RODNEY, SR.","point":[-86.82317994118463,36.221381981228056]}},{"type":"Feature","id":"164387","geometry":{"type":"Polygon","coordinates":[[[-86.8232523314263,36.2211057015378],[-86.8232685572896,36.2211011964023],[-86.8234905092147,36.2210579334117],[-86.8235975116903,36.2214373888939],[-86.8234768029955,36.2214593095018],[-86.8233565996262,36.2214829839975],[-86.8232523314263,36.2211057015378]]]},"properties":{"id":"164387","parcel":"05910012700","address":"3009 LYTLE DR","owner":"OTIS, JEWELL & SAMUEL","point":[-86.82342445549848,36.22127154465444]}},{"type":"Feature","id":"164405","geometry":{"type":"Polygon","coordinates":[[[-86.8229377738479,36.2226522305906],[-86.8234320138158,36.2225490180422],[-86.8234427294771,36.2225916276725],[-86.8234821685448,36.2227484606964],[-86.8229990197078,36.2228493564341],[-86.8229377738479,36.2226522305906]]]},"properties":{"id":"164405","parcel":"05910013500","address":"4031 AMES DR","owner":"EASLEY. FREDDIE L. & JANNIE M.","point":[-86.82321138519276,36.22270034804208]}},{"type":"Feature","id":"164406","geometry":{"type":"Polygon","coordinates":[[[-86.8230602669939,36.2230464831291],[-86.8235323213016,36.2229479033336],[-86.823543267941,36.2229914297579],[-86.8235824765352,36.2231473459235],[-86.8231215134628,36.2232436088884],[-86.8230602669939,36.2230464831291]]]},"properties":{"id":"164406","parcel":"05910013700","address":"4039 AMES DR","owner":"OGLETON, CAROLYN YOKLEY LIVING TRUST","point":[-86.8233228549657,36.22309691700106]}},{"type":"Feature","id":"164407","geometry":{"type":"Polygon","coordinates":[[[-86.8232465217724,36.2236459562654],[-86.8236848460765,36.2235544211208],[-86.8237043694202,36.2236320566233],[-86.8237370348503,36.2237619493538],[-86.823310252532,36.223851074447],[-86.8232465217724,36.2236459562654]]]},"properties":{"id":"164407","parcel":"05910014000","address":"4051 AMES DR","owner":"NICHOLSON, KENT J.","point":[-86.8234934863509,36.22370395558043]}},{"type":"Feature","id":"164408","geometry":{"type":"Polygon","coordinates":[[[-86.8233959409742,36.221944765733],[-86.8237408149856,36.2218734047937],[-86.8238048770297,36.222079055004],[-86.8238114376874,36.2221037146474],[-86.8233408866798,36.2221958359425],[-86.8233338508123,36.2221685667669],[-86.823320669165,36.2221174795732],[-86.8233959409742,36.221944765733]]]},"properties":{"id":"164408","parcel":"05910015000","address":"4004 KINGS CIR","owner":"RAMOS, ANTONIO IV","point":[-86.82357543668797,36.22201187372856]}},{"type":"Feature","id":"164440","geometry":{"type":"Polygon","coordinates":[[[-86.8216224974608,36.2228254590287],[-86.8215899610606,36.2227235362826],[-86.8215541687135,36.2226223332458],[-86.8215151466935,36.2225219155287],[-86.8214729202183,36.2224223541563],[-86.8214275166638,36.2223237138296],[-86.8213789678918,36.2222260628243],[-86.8213016471887,36.2220003629235],[-86.8212283642867,36.2217737802133],[-86.8211591385462,36.2215463614347],[-86.8210939804484,36.2213181551907],[-86.821032906016,36.2210892082441],[-86.8209759279627,36.2208595700837],[-86.8209230567399,36.2206292866079],[-86.8212262971974,36.2205788771208],[-86.8212393885404,36.2207298750774],[-86.821255184673,36.2208803057685],[-86.8212770901164,36.2210559274404],[-86.8213027528096,36.2212312144194],[-86.8213321644597,36.2214061153879],[-86.8213511921332,36.2215565502009],[-86.8213738658517,36.2217066528808],[-86.8214001761406,36.2218563658098],[-86.8214301146183,36.2220056295595],[-86.821463669604,36.2221543883289],[-86.8215008260517,36.2223025836359],[-86.8215415722703,36.2224501587774],[-86.8215785145199,36.222574109864],[-86.8216178943764,36.2226975666872],[-86.8216597015228,36.2228204986722],[-86.8221229063253,36.2242441612663],[-86.8220157842599,36.2242655282449],[-86.8220142319029,36.2242022642163],[-86.8220088123459,36.2241391400637],[-86.8219995372246,36.224076311625],[-86.8219864303811,36.2240139319508],[-86.8219695234613,36.223952155841],[-86.8219488591959,36.2238911344147],[-86.8219244869887,36.223831018745],[-86.8218796396283,36.2237359483207],[-86.8218388056192,36.223639698763],[-86.8218020294743,36.2235423806273],[-86.8217693557155,36.2234441053705],[-86.8217408211249,36.2233449890075],[-86.8217164591004,36.22324514307],[-86.8216962975346,36.223144684534],[-86.8216803598609,36.2230437295045],[-86.8216532556274,36.2229342767673],[-86.8216224974608,36.2228254590287]]]},"properties":{"id":"164440","parcel":"05900005900","address":"0 BUENA VISTA PIKE","owner":"JWM6 INC.","point":[-86.82148526250835,36.22237308627917]}},{"type":"Feature","id":"164466","geometry":{"type":"Polygon","coordinates":[[[-86.8277415371803,36.2273932138379],[-86.8278489251025,36.227286989329],[-86.8280123913158,36.2273561930815],[-86.8281192414986,36.2277180697078],[-86.8278485708009,36.2277726675541],[-86.8277415371803,36.2273932138379]]]},"properties":{"id":"164466","parcel":"05905015900","address":"3045 BUENAVIEW BLVD","owner":"ROBERTSON, DARREN L.","point":[-86.82792931860003,36.22755564038385]}},{"type":"Feature","id":"164470","geometry":{"type":"Polygon","coordinates":[[[-86.8274865746041,36.2260939614753],[-86.8279765361248,36.2260005006422],[-86.8280410954799,36.2262088335033],[-86.8275512026512,36.2263088859111],[-86.8275062479131,36.2261597554889],[-86.8274865746041,36.2260939614753]]]},"properties":{"id":"164470","parcel":"05905016500","address":"4174 BOBWHITE DR","owner":"CLARK, JOHN H. & ADA RENEE","point":[-86.82775616777296,36.22612723267238]}},{"type":"Feature","id":"164473","geometry":{"type":"Polygon","coordinates":[[[-86.8257366237368,36.2228629493286],[-86.8257285933632,36.2227271215188],[-86.8257259867055,36.2226820998571],[-86.8257188724475,36.2225195236394],[-86.8257615719923,36.2225430826197],[-86.826526854739,36.222984124209],[-86.8264868882855,36.2230355423011],[-86.8264488873136,36.2230879293016],[-86.8264128869194,36.2231412372058],[-86.8257366237368,36.2228629493286]]]},"properties":{"id":"164473","parcel":"05909008300","address":"4076 BOYD DR","owner":"NELSON, ALFORD D.","point":[-86.82596626952814,36.22279537547959]}},{"type":"Feature","id":"164477","geometry":{"type":"Polygon","coordinates":[[[-86.825838209611,36.2224624674148],[-86.8260271385742,36.2218493066026],[-86.8261081148003,36.2218701702827],[-86.8261880166181,36.2218935981286],[-86.8262667190818,36.2219195540454],[-86.8263441016376,36.2219479965014],[-86.8260507028683,36.2224664065479],[-86.825838209611,36.2224624674148]]]},"properties":{"id":"164477","parcel":"05909008900","address":"3112 LYTLE DR","owner":"WILLIAMS, IDA MICHELLE","point":[-86.82605798848613,36.222205184025384]}},{"type":"Feature","id":"164481","geometry":{"type":"Polygon","coordinates":[[[-86.8276855054389,36.2217654608153],[-86.8277377368843,36.2217167160957],[-86.8277878611045,36.2216665392744],[-86.8278358175598,36.2216149911532],[-86.8281662657299,36.2218324887236],[-86.8281080520209,36.2218898077617],[-86.8280480513679,36.221945905198],[-86.8279863045265,36.2220007428976],[-86.8276855054389,36.2217654608153]]]},"properties":{"id":"164481","parcel":"05909010000","address":"4044 BOYD DR","owner":"LEWIS, MARIO DWAYNE","point":[-86.82792187497999,36.22179896924366]}},{"type":"Feature","id":"164485","geometry":{"type":"Polygon","coordinates":[[[-86.8282073483498,36.2210916048071],[-86.8282447421648,36.2209961979752],[-86.8282785753182,36.2208999223991],[-86.8287163759301,36.22100899803],[-86.8286662897267,36.22112083282],[-86.8286129272903,36.221231668935],[-86.8282073483498,36.2210916048071]]]},"properties":{"id":"164485","parcel":"05909010400","address":"4026 BOYD DR","owner":"HEMPHILL, CHARLES R. ETUX","point":[-86.82846069853194,36.2210503000215]}},{"type":"Feature","id":"164489","geometry":{"type":"Polygon","coordinates":[[[-86.8283324775911,36.2203479461584],[-86.8283242453429,36.2202533559899],[-86.8283115196429,36.2201590931493],[-86.8288647358219,36.2201531005911],[-86.8288706135837,36.2201964630937],[-86.8288730535357,36.220230586948],[-86.8288734108053,36.220264767454],[-86.8288716845138,36.2202989208007],[-86.8288670326965,36.2203728478637],[-86.8283324775911,36.2203479461584]]]},"properties":{"id":"164489","parcel":"05909010800","address":"4010 BOYD DR","owner":"KIRKPATRICK, WILLIAM C., JR. ET UX","point":[-86.82859903150838,36.22025906232834]}},{"type":"Feature","id":"164496","geometry":{"type":"Polygon","coordinates":[[[-86.8290552855111,36.2201550895619],[-86.8290670766728,36.2200506202739],[-86.8298868689467,36.2201197099266],[-86.8298537294234,36.2203221198218],[-86.8290421363281,36.2202595672659],[-86.8290552855111,36.2201550895619]]]},"properties":{"id":"164496","parcel":"05909011700","address":"4009 BOYD DR","owner":"CLS RENTAL PROPERTIES, LLC","point":[-86.8294605211931,36.22020791600172]}},{"type":"Feature","id":"164504","geometry":{"type":"Polygon","coordinates":[[[-86.8243914420452,36.2261882340209],[-86.8245808734491,36.226032533067],[-86.8245920777849,36.226024798594],[-86.8246047646233,36.2260187510667],[-86.8246185521068,36.2260145733429],[-86.824633023307,36.2260123917411],[-86.8246477417503,36.2260122714276],[-86.8246622647548,36.2260142154248],[-86.824676152357,36.2260181672535],[-86.8246889872759,36.2260240053896],[-86.824690193303,36.2260246703945],[-86.8247856515969,36.2260753551247],[-86.8248832899468,36.2261232336976],[-86.8249829864524,36.2261682438523],[-86.8247454965954,36.2265195706297],[-86.8243914420452,36.2261882340209]]]},"properties":{"id":"164504","parcel":"05905007300","address":"4150 AMES DR","owner":"MABON, JOHNNY E. & VALERIE D. HYDE","point":[-86.82471283414945,36.226354114024076]}},{"type":"Feature","id":"164508","geometry":{"type":"Polygon","coordinates":[[[-86.8250198728715,36.2266435412196],[-86.8252273013056,36.2262634249444],[-86.8254725320401,36.2263573068814],[-86.8253150136178,36.2266513748023],[-86.8250198728715,36.2266435412196]]]},"properties":{"id":"164508","parcel":"05905007500","address":"4158 AMES DR","owner":"DOUGLAS, EDWARD H. SR. ETUX","point":[-86.82524692186719,36.22650042531744]}},{"type":"Feature","id":"164511","geometry":{"type":"Polygon","coordinates":[[[-86.8261328765035,36.2270308648849],[-86.8261985204141,36.2265854859104],[-86.8262692565541,36.2265937370367],[-86.8263363217464,36.2265989814058],[-86.8264036125776,36.2266017538475],[-86.8264709899411,36.2266020490044],[-86.8265383136649,36.2265998660332],[-86.8265814502559,36.2269425542318],[-86.8263427942415,36.2271282653485],[-86.8261328765035,36.2270308648849]]]},"properties":{"id":"164511","parcel":"05905007900","address":"4174 AMES DR","owner":"JOLLEY, CORNELIUS V III & KHALISHA E","point":[-86.82636554369346,36.22677206858557]}},{"type":"Feature","id":"164515","geometry":{"type":"Polygon","coordinates":[[[-86.8265814502559,36.2269425542318],[-86.8270096999732,36.2268509139221],[-86.8270717043362,36.2270648732551],[-86.8263982015906,36.2272012134698],[-86.8263427942415,36.2271282653485],[-86.8265814502559,36.2269425542318]]]},"properties":{"id":"164515","parcel":"05905008100","address":"4146 BOYD DR","owner":"COOK, MARVIN","point":[-86.82677876599269,36.227003644790734]}},{"type":"Feature","id":"164519","geometry":{"type":"Polygon","coordinates":[[[-86.8253980137054,36.2271351775176],[-86.8256155940602,36.2267908450683],[-86.8258484380651,36.2268988858415],[-86.8258638218144,36.2269060231629],[-86.8256047307893,36.2272286500167],[-86.8255556384797,36.2272036187738],[-86.8255044252605,36.2271788336289],[-86.8254518453096,36.2271560036166],[-86.8253980137054,36.2271351775176]]]},"properties":{"id":"164519","parcel":"05905009000","address":"4825 TRUMPET CIR","owner":"DAVIS, CARMEN D.","point":[-86.82562110294218,36.22702058626559]}},{"type":"Feature","id":"164523","geometry":{"type":"Polygon","coordinates":[[[-86.8251734070228,36.2270729193499],[-86.8253150136178,36.2266513748023],[-86.8255658828748,36.2267677791942],[-86.8256155940602,36.2267908450683],[-86.8253980137054,36.2271351775176],[-86.8253590711755,36.2271216246449],[-86.8252982275098,36.2271028508111],[-86.8252362866625,36.2270866016539],[-86.8251734070228,36.2270729193499]]]},"properties":{"id":"164523","parcel":"05905009100","address":"4821 TRUMPET CIR","owner":"DOUGLAS, PRESTON A. ET UX","point":[-86.82537361129249,36.226931851932015]}},{"type":"Feature","id":"164527","geometry":{"type":"Polygon","coordinates":[[[-86.8246826034903,36.2266848643267],[-86.8248046581441,36.2266699100398],[-86.8250198728715,36.2266435412196],[-86.8249749374953,36.2270471913587],[-86.8249160205586,36.227044452859],[-86.8248570096922,36.227043912237],[-86.8247980305978,36.2270455704365],[-86.8247392089305,36.2270494238958],[-86.8246826034903,36.2266848643267]]]},"properties":{"id":"164527","parcel":"05905009300","address":"4813 TRUMPET CIR","owner":"JOHNSON, ROLANDO & JHIQUITA","point":[-86.82485285784264,36.22686450990951]}},{"type":"Feature","id":"164532","geometry":{"type":"Polygon","coordinates":[[[-86.8240462251984,36.2276493580732],[-86.8243539573294,36.2272803710007],[-86.8243699450353,36.2272878297431],[-86.8243868398009,36.2272938366764],[-86.8244112673716,36.2272996164497],[-86.82443648662,36.2273023688998],[-86.8244619307241,36.2273020339059],[-86.8244870268817,36.2272986180813],[-86.8245571163019,36.2276626701493],[-86.8242983749799,36.2276763110971],[-86.8240579576386,36.2276889865094],[-86.8240462251984,36.2276493580732]]]},"properties":{"id":"164532","parcel":"05905009800","address":"4804 TRUMPET CIR","owner":"KEELING, FREDERICK LAWRENCE","point":[-86.82435610524509,36.22747603214328]}},{"type":"Feature","id":"164536","geometry":{"type":"Polygon","coordinates":[[[-86.8251000199204,36.2276155267885],[-86.8252962311454,36.2272491916541],[-86.8253552562154,36.2272705311767],[-86.825411162628,36.2272939378355],[-86.8254653488834,36.227319863521],[-86.825548460012,36.2273622404178],[-86.8253550579453,36.2276205969897],[-86.8251865262443,36.2276294839344],[-86.8250898131076,36.2276345832902],[-86.8251000199204,36.2276155267885]]]},"properties":{"id":"164536","parcel":"05905010200","address":"4824 TRUMPET CIR","owner":"TEZOCO, ADAN TZOYOHUA & MCMAHON, JESSICA","point":[-86.82531074431404,36.227488864113305]}},{"type":"Feature","id":"164537","geometry":{"type":"Polygon","coordinates":[[[-86.8274128257889,36.2257846008092],[-86.827392694051,36.2256748564802],[-86.8278804220936,36.2256275620121],[-86.8278986233755,36.2257221693559],[-86.8279203657196,36.2258162846703],[-86.8274329117099,36.2258899491111],[-86.8274128257889,36.2257846008092]]]},"properties":{"id":"164537","parcel":"05905016700","address":"4166 BOBWHITE DR","owner":"HARRIS, DUANECHEL P.& BLAKELY, JAYMA D.","point":[-86.827656475901,36.2257533864114]}},{"type":"Feature","id":"164538","geometry":{"type":"Polygon","coordinates":[[[-86.827435389909,36.2250877965496],[-86.8275490740627,36.2250806746585],[-86.8276630040159,36.2250769622369],[-86.8277770263484,36.2250766657431],[-86.8277910690935,36.225077685261],[-86.8278047323551,36.2250804990786],[-86.8278176705632,36.2250850356613],[-86.8278295554926,36.2250911800955],[-86.8278400840665,36.2250987758371],[-86.8278489917606,36.2251076300281],[-86.8278560482102,36.225117518933],[-86.8278610783714,36.2251281904984],[-86.8278639503802,36.2251393734487],[-86.8278645945369,36.2251507843654],[-86.8278597870931,36.2252364512284],[-86.8278579692939,36.2253221949342],[-86.8278591426394,36.2254079451745],[-86.8274714212103,36.2254215900932],[-86.827435389909,36.2250877965496]]]},"properties":{"id":"164538","parcel":"05905016900","address":"4134 FARMVIEW DR","owner":"TZOY, RIGOBERTO HERRERA","point":[-86.82765743986748,36.22527903312606]}},{"type":"Feature","id":"164539","geometry":{"type":"Polygon","coordinates":[[[-86.8272325908921,36.2246276830344],[-86.8275060099091,36.2245774621533],[-86.8275369608179,36.22494425494],[-86.8274518359442,36.2249488126715],[-86.8273668953643,36.2249552563146],[-86.8272822046482,36.224963580914],[-86.8272325908921,36.2246276830344]]]},"properties":{"id":"164539","parcel":"05905017200","address":"4107 FARMVIEW DR","owner":"WILLIAMS, ALETHA S. & ALFORD, JASMINE L.","point":[-86.82738978205677,36.22478597630721]}},{"type":"Feature","id":"164540","geometry":{"type":"Polygon","coordinates":[[[-86.8275060099091,36.2245774621533],[-86.8277130215695,36.2245378988849],[-86.8277929421148,36.2245227535054],[-86.8277918545015,36.2249381128882],[-86.8277068305887,36.224938274673],[-86.8276218452705,36.2249403224662],[-86.8275369608179,36.22494425494],[-86.8275060099091,36.2245774621533]]]},"properties":{"id":"164540","parcel":"05905017300","address":"4111 FARMVIEW DR","owner":"LONEY, WILLIAM A. ETUX","point":[-86.82765676840356,36.22475779889486]}},{"type":"Feature","id":"164541","geometry":{"type":"Polygon","coordinates":[[[-86.8277918545015,36.2249381128882],[-86.8277929421148,36.2245227535054],[-86.8280798979719,36.2244702403758],[-86.8280441730502,36.2249451742564],[-86.8279601717128,36.2249406823235],[-86.827876038081,36.2249383272203],[-86.8277918545015,36.2249381128882]]]},"properties":{"id":"164541","parcel":"05905017400","address":"4115 FARMVIEW DR","owner":"FLEMING, WILLIE EARL ETUX","point":[-86.8279263477189,36.2247306258961]}},{"type":"Feature","id":"164542","geometry":{"type":"Polygon","coordinates":[[[-86.8290031609006,36.2250924300446],[-86.8291218747296,36.2247729583202],[-86.8294042347547,36.224799589633],[-86.8292479391715,36.225156678605],[-86.8291258968809,36.2251236886006],[-86.8290031609006,36.2250924300446]]]},"properties":{"id":"164542","parcel":"05905017900","address":"4135 FARMVIEW DR","owner":"KILLIAN, SAMUEL CONNELLY & MIRANDA LEIGH","point":[-86.82919885493168,36.22494600309654]}},{"type":"Feature","id":"164543","geometry":{"type":"Polygon","coordinates":[[[-86.8257678285462,36.2234334577364],[-86.825765988139,36.2233982545593],[-86.8257631849708,36.2233610697884],[-86.8257596975473,36.2233147878893],[-86.8257532996764,36.2231626974496],[-86.8263239083911,36.223318260961],[-86.8263040293995,36.2233688773308],[-86.826286465358,36.2234200519612],[-86.8262712378018,36.2234717162102],[-86.8262634699783,36.2235059297362],[-86.8257678285462,36.2234334577364]]]},"properties":{"id":"164543","parcel":"05909008100","address":"4084 BOYD DR","owner":"WHITE, DOCK JR. ETUX","point":[-86.82603844404237,36.22333965828535]}},{"type":"Feature","id":"164544","geometry":{"type":"Polygon","coordinates":[[[-86.8257188724475,36.2225195236394],[-86.8257185741123,36.2225157620241],[-86.8257157456438,36.2224799878854],[-86.8257155395323,36.222460194056],[-86.825838209611,36.2224624674148],[-86.8260507028683,36.2224664065479],[-86.8261907170467,36.2224690016432],[-86.8266713412253,36.2228325351237],[-86.8266199542735,36.2228810104101],[-86.8265717480913,36.2229315854681],[-86.826526854739,36.222984124209],[-86.8257615719923,36.2225430826197],[-86.8257188724475,36.2225195236394]]]},"properties":{"id":"164544","parcel":"05909008400","address":"4072 BOYD DR","owner":"REES, MATINE YOLANDA & BUCHANAN, DIKAYSIA MIAYAZEA","point":[-86.82624634415687,36.222687853138]}},{"type":"Feature","id":"164545","geometry":{"type":"Polygon","coordinates":[[[-86.8266213930422,36.2224769835593],[-86.8268962093926,36.222270559112],[-86.8269504292908,36.2223181249371],[-86.8270023330314,36.2223673568009],[-86.8270518442212,36.2224181822275],[-86.827098885307,36.2224705242424],[-86.8271059370515,36.2224802068404],[-86.8271109881954,36.2224906764178],[-86.8271139102657,36.2225016661808],[-86.8271146268941,36.2225128927562],[-86.8271131228372,36.2225240678456],[-86.8271094329298,36.2225349055116],[-86.8271036532354,36.2225451248047],[-86.8270959323173,36.222554466046],[-86.8270864700893,36.2225626872304],[-86.827075507947,36.2225695776123],[-86.8270172781171,36.2225974286686],[-86.8269608647326,36.2226276357668],[-86.8269064126644,36.2226601186066],[-86.8268540623262,36.2226947960177],[-86.8266213930422,36.2224769835593]]]},"properties":{"id":"164545","parcel":"05909008600","address":"4064 BOYD DR","owner":"SANDERFUR, EMILY SMITH & CHARLES","point":[-86.82686907533733,36.22248509552038]}},{"type":"Feature","id":"164546","geometry":{"type":"Polygon","coordinates":[[[-86.8263045960903,36.2224711129524],[-86.826637346693,36.222091259218],[-86.8267191744492,36.2221421231631],[-86.826798176769,36.222195837247],[-86.8268742068742,36.2222522988353],[-86.8268962093926,36.222270559112],[-86.8266213930422,36.2224769835593],[-86.8263045960903,36.2224711129524]]]},"properties":{"id":"164546","parcel":"05909008700","address":"3122 LYTLE DR","owner":"NICHOLS, SAMUEL ET UX","point":[-86.82657754934283,36.22237080328113]}},{"type":"Feature","id":"164547","geometry":{"type":"Polygon","coordinates":[[[-86.8270718866268,36.2222223763579],[-86.8272026241655,36.2221291407927],[-86.8273357630575,36.2220381652116],[-86.8275662792269,36.2222959069184],[-86.8274637351815,36.222357373233],[-86.8273586909534,36.2224160013978],[-86.827346090936,36.2224210202954],[-86.827332666967,36.2224243585809],[-86.8273187618387,36.2224259291877],[-86.8273047244312,36.2224256954783],[-86.8272909096087,36.2224236613306],[-86.8272776671729,36.2224198784246],[-86.827265332936,36.2224144435986],[-86.8272542175243,36.2224074917166],[-86.8272446019946,36.2223992020071],[-86.8271898032978,36.2223385044349],[-86.8271322041524,36.2222795348015],[-86.8270718866268,36.2222223763579]]]},"properties":{"id":"164547","parcel":"05909009700","address":"4056 BOYD DR","owner":"GETTNER, SONYA & BENTLEY, REED","point":[-86.82731433468636,36.22225126212367]}},{"type":"Feature","id":"164548","geometry":{"type":"Polygon","coordinates":[[[-86.8273357630575,36.2220381652116],[-86.8274263067177,36.2219754617661],[-86.8275161614342,36.2219116643365],[-86.8277844860176,36.2221537630099],[-86.8276764568232,36.2222259181765],[-86.8275662792269,36.2222959069184],[-86.8273357630575,36.2220381652116]]]},"properties":{"id":"164548","parcel":"05909009800","address":"4052 BOYD DR","owner":"SMART, BRITTANY N","point":[-86.82755395796599,36.22209595543478]}},{"type":"Feature","id":"164549","geometry":{"type":"Polygon","coordinates":[[[-86.8275161614342,36.2219116643365],[-86.8275742245095,36.2218641694373],[-86.8276306861028,36.2218154228196],[-86.8276855054389,36.2217654608153],[-86.8279863045265,36.2220007428976],[-86.8279264443928,36.2220473039909],[-86.8278658999996,36.2220933199758],[-86.8277844860176,36.2221537630099],[-86.8275161614342,36.2219116643365]]]},"properties":{"id":"164549","parcel":"05909009900","address":"4048 BOYD DR","owner":"HENRY, EDDIE","point":[-86.82774745990268,36.2219561984168]}},{"type":"Feature","id":"164550","geometry":{"type":"Polygon","coordinates":[[[-86.8279804995063,36.2214447817658],[-86.8280460871503,36.2213593163838],[-86.8281088863664,36.221272485748],[-86.8284876445538,36.2214413040886],[-86.8284281663331,36.2215249928838],[-86.8283651563577,36.2216069664397],[-86.8283405275997,36.221637902524],[-86.8279804995063,36.2214447817658]]]},"properties":{"id":"164550","parcel":"05909010200","address":"4034 BOYD DR","owner":"MIHAILOV, ELROY","point":[-86.82825563961278,36.22148496118091]}},{"type":"Feature","id":"164551","geometry":{"type":"Polygon","coordinates":[[[-86.8281088863664,36.221272485748],[-86.82814359991,36.2212128764065],[-86.828176427479,36.2211525697936],[-86.8282073483498,36.2210916048071],[-86.8286129272903,36.221231668935],[-86.8285735627507,36.2213024769177],[-86.8285317916354,36.2213723721966],[-86.8284876445538,36.2214413040886],[-86.8281088863664,36.221272485748]]]},"properties":{"id":"164551","parcel":"05909010300","address":"4030 BOYD DR","owner":"WESTMORELAND, READUS (LE) & WHITAKER, BERNICE W","point":[-86.82836118071248,36.221252077999836]}},{"type":"Feature","id":"164552","geometry":{"type":"Polygon","coordinates":[[[-86.8283201072872,36.2207216290117],[-86.8283278842046,36.2206609245495],[-86.8283335784662,36.2206000685375],[-86.8283371861175,36.2205391078685],[-86.8288367627757,36.220590622246],[-86.8288219105822,36.2206643678483],[-86.8288045920826,36.2207377590526],[-86.8287848200516,36.2208107416945],[-86.8283201072872,36.2207216290117]]]},"properties":{"id":"164552","parcel":"05909010600","address":"4018 BOYD DR","owner":"MOORE, CARMAN Y.","point":[-86.8285694462588,36.22069299645459]}},{"type":"Feature","id":"164553","geometry":{"type":"Polygon","coordinates":[[[-86.8283371861175,36.2205391078685],[-86.8283362074941,36.220443504512],[-86.8283324775911,36.2203479461584],[-86.8288670326965,36.2203728478637],[-86.8288594250067,36.2204456569198],[-86.8288493326318,36.2205182667228],[-86.8288367627757,36.220590622246],[-86.8283371861175,36.2205391078685]]]},"properties":{"id":"164553","parcel":"05909010700","address":"4014 BOYD DR","owner":"MCDERMOTT, RONALD I. & DIANE S.","point":[-86.82859548618954,36.22048159127608]}},{"type":"Feature","id":"164555","geometry":{"type":"Polygon","coordinates":[[[-86.8290252922398,36.220464062325],[-86.8290421363281,36.2202595672659],[-86.8298537294234,36.2203221198218],[-86.8298379122206,36.2204304625203],[-86.8298233669098,36.2205311042274],[-86.8290252922398,36.220464062325]]]},"properties":{"id":"164555","parcel":"05909011800","address":"4013 BOYD DR","owner":"TA.TL.TN PROPERTY MANAGEMENT AND INVESTING LLC","point":[-86.82943921908732,36.22037571233287]}},{"type":"Feature","id":"164556","geometry":{"type":"Polygon","coordinates":[[[-86.8289895755739,36.220679675958],[-86.829008940545,36.2205720327463],[-86.8290252922398,36.220464062325],[-86.8298233669098,36.2205311042274],[-86.8298182220346,36.2205575113203],[-86.8294131955065,36.2207295111061],[-86.8289895755739,36.220679675958]]]},"properties":{"id":"164556","parcel":"05909011900","address":"4017 BOYD DR","owner":"CARPENTER, GRANT","point":[-86.8293271716722,36.22062632248568]}},{"type":"Feature","id":"164734","geometry":{"type":"Polygon","coordinates":[[[-86.8296910703542,36.2291423351424],[-86.8297582336414,36.2291086768978],[-86.8298266358543,36.2290766981582],[-86.8298962127837,36.2290464282028],[-86.8301359076236,36.2294007965771],[-86.8299496345941,36.2294855870397],[-86.8296910703542,36.2291423351424]]]},"properties":{"id":"164734","parcel":"05905029200","address":"3012 SUNNYVIEW DR","owner":"ALBERTO, JOSE ALEJANDRO COREA & MEJIA, RAQUEL CARCAMO","point":[-86.82991845422937,36.229271573125274]}},{"type":"Feature","id":"164735","geometry":{"type":"Polygon","coordinates":[[[-86.8293602024753,36.2293097040799],[-86.8294994646548,36.2292359515052],[-86.8297441910373,36.2295529271785],[-86.8297689239159,36.2295835243881],[-86.8295854538592,36.2296770849819],[-86.8292998368386,36.2293406107581],[-86.8293602024753,36.2293097040799]]]},"properties":{"id":"164735","parcel":"05905029700","address":"3004 SUNNYVIEW DR","owner":"LAUDERDALE, ANTHONY EUGENE SR.","point":[-86.82952608671773,36.22944677497776]}},{"type":"Feature","id":"164737","geometry":{"type":"Polygon","coordinates":[[[-86.8228746819252,36.2259358186446],[-86.8234824456,36.2258003175157],[-86.8235131247656,36.2258760014284],[-86.8234882202356,36.2260464953295],[-86.8229631731945,36.226180792126],[-86.8228746819252,36.2259358186446]]]},"properties":{"id":"164737","parcel":"05906000300","address":"4759 BUENA VISTA PIKE","owner":"HOWARD, EUGENE, SR.","point":[-86.82319537710869,36.225991177957724]}},{"type":"Feature","id":"164738","geometry":{"type":"Polygon","coordinates":[[[-86.8230412534679,36.2263912660484],[-86.8234439744606,36.2262882591062],[-86.8235474593008,36.2264921263385],[-86.8231204612116,36.2265998341797],[-86.8230978862551,36.2265408186854],[-86.8230412534679,36.2263912660484]]]},"properties":{"id":"164738","parcel":"05906000500","address":"4805 BUENA VISTA PIKE","owner":"HARDEN, MICHEAL & DANETTE D","point":[-86.82329112530907,36.226441691689615]}},{"type":"Feature","id":"164858","geometry":{"type":"Polygon","coordinates":[[[-86.829111081012,36.2294473932157],[-86.8292063305709,36.2293950144612],[-86.8292998368386,36.2293406107581],[-86.8295854538592,36.2296770849819],[-86.8294129248875,36.2297793601235],[-86.829111081012,36.2294473932157]]]},"properties":{"id":"164858","parcel":"05905029800","address":"3000 SUNNYVIEW DR","owner":"POST, NATHAN COGAN","point":[-86.82935173439976,36.229562244279094]}},{"type":"Feature","id":"164859","geometry":{"type":"Polygon","coordinates":[[[-86.8289250824465,36.2295585509784],[-86.8289681972387,36.2295313588952],[-86.8290390763948,36.2294887477076],[-86.829111081012,36.2294473932157],[-86.8294129248875,36.2297793601235],[-86.8293152849003,36.2298415665254],[-86.8292350855928,36.2298926604907],[-86.8289250824465,36.2295585509784]]]},"properties":{"id":"164859","parcel":"05905029900","address":"2996 SUNNYVIEW DR","owner":"DILLARD, ARLENE A.","point":[-86.82917002910983,36.22966895726418]}},{"type":"Feature","id":"164861","geometry":{"type":"Polygon","coordinates":[[[-86.8274329117099,36.2258899491111],[-86.8279203657196,36.2258162846703],[-86.8279376370624,36.2258793480515],[-86.8279457151299,36.2259062141471],[-86.8274557323307,36.2259974768399],[-86.8274500785065,36.225975541109],[-86.8274329117099,36.2258899491111]]]},"properties":{"id":"164861","parcel":"05905030300","address":"4170 BOBWHITE DR","owner":"JEFFRIES, OSCAR","point":[-86.82760109434157,36.225940738456075]}},{"type":"Feature","id":"164862","geometry":{"type":"Polygon","coordinates":[[[-86.8227188792423,36.2254862188755],[-86.8232657745407,36.2253675119296],[-86.8233275698815,36.2254902223136],[-86.823380407662,36.2255951443231],[-86.8228003775737,36.225724461776],[-86.8227188792423,36.2254862188755]]]},"properties":{"id":"164862","parcel":"05906000100","address":"4751 BUENA VISTA PIKE","owner":"EADES, ALEXANDRA KAYLYNN & COLLIN","point":[-86.82304593583888,36.22554222816635]}},{"type":"Feature","id":"164905","geometry":{"type":"Polygon","coordinates":[[[-86.8243837257198,36.2204688942135],[-86.8246457868701,36.2204183408036],[-86.8246590821973,36.2204166656128],[-86.8246725367382,36.2204167170467],[-86.8246858123316,36.2204184920064],[-86.8246985737311,36.220421946817],[-86.824710498596,36.2204269953564],[-86.8247212875009,36.2204335089869],[-86.8247306684592,36.2204413237344],[-86.8247384058585,36.2204502438324],[-86.824744302703,36.2204600435091],[-86.8247482118207,36.2204704750225],[-86.8247529035309,36.2204916649254],[-86.8247567412649,36.2205020770982],[-86.8248046985163,36.2206797581257],[-86.8247880174383,36.220683149017],[-86.8244690954637,36.2207479783813],[-86.8243837257198,36.2204688942135]]]},"properties":{"id":"164905","parcel":"05909001600","address":"4000 MEADOW HILL DR","owner":"NELSON, JOHN VAN ETUX","point":[-86.82460080510553,36.22059065404262]}},{"type":"Feature","id":"164908","geometry":{"type":"Polygon","coordinates":[[[-86.8238942025595,36.2205633247131],[-86.82413269142,36.2205173196446],[-86.8242537819735,36.2209076774503],[-86.8242158823117,36.2209145287958],[-86.8240210076216,36.2209532183638],[-86.8238942025595,36.2205633247131]]]},"properties":{"id":"164908","parcel":"05909001800","address":"3036 KINGS LN","owner":"CARPENTER, HEIDI NICHOLE & TURNER, HARVEY ORLANDO","point":[-86.82407528490343,36.22073550311909]}},{"type":"Feature","id":"164926","geometry":{"type":"Polygon","coordinates":[[[-86.8249984084862,36.2206421143901],[-86.8253433044205,36.2205727900015],[-86.8255859513058,36.2206941994222],[-86.8255865003721,36.220746938235],[-86.8250234145469,36.2208474819456],[-86.8249698061513,36.2206478633155],[-86.8249984084862,36.2206421143901]]]},"properties":{"id":"164926","parcel":"05909002600","address":"4005 MEADOW HILL DR","owner":"BEAN, BOBBY F.","point":[-86.82528766159298,36.220720133297775]}},{"type":"Feature","id":"164929","geometry":{"type":"Polygon","coordinates":[[[-86.8252528952869,36.2227407930415],[-86.8257285933632,36.2227271215188],[-86.8257366237368,36.2228629493286],[-86.8257390538185,36.2228951788342],[-86.8257411724284,36.2229384076218],[-86.8252597297549,36.2229522446115],[-86.8252528952869,36.2227407930415]]]},"properties":{"id":"164929","parcel":"05909003500","address":"4041 MEADOW HILL DR","owner":"PRYOR, LAKESHA E. M.","point":[-86.82549394567583,36.22280187024273]}},{"type":"Feature","id":"164931","geometry":{"type":"Polygon","coordinates":[[[-86.8252665631377,36.2231636952747],[-86.8257527530048,36.2231497221679],[-86.8257532996764,36.2231626974496],[-86.8257596975473,36.2233147878893],[-86.8257631849708,36.2233610697884],[-86.8252733965569,36.2233751459248],[-86.8252665631377,36.2231636952747]]]},"properties":{"id":"164931","parcel":"05909003700","address":"4049 MEADOW HILL DR","owner":"FLORES MEJIA, JUNIOR MIGUEL & MILTON E.","point":[-86.82551276378531,36.22323924130172]}},{"type":"Feature","id":"164934","geometry":{"type":"Polygon","coordinates":[[[-86.8252938996798,36.2240095383345],[-86.8257941537291,36.2239960304851],[-86.8257986064279,36.224186157357],[-86.8253489539756,36.224275212577],[-86.8253027809618,36.2242843577019],[-86.8253027448524,36.2242832394876],[-86.8252938996798,36.2240095383345]]]},"properties":{"id":"164934","parcel":"05909004100","address":"4065 MEADOW HILL DR","owner":"POPE, DONNA","point":[-86.82554664429975,36.22409784868254]}},{"type":"Feature","id":"164937","geometry":{"type":"Polygon","coordinates":[[[-86.8246140121752,36.222755086624],[-86.8250862295257,36.2227369837732],[-86.8250937263737,36.2229518456922],[-86.8246394598773,36.2229692618174],[-86.8246219112516,36.2228215689817],[-86.8246140121752,36.222755086624]]]},"properties":{"id":"164937","parcel":"05909004700","address":"4042 MEADOW HILL DR","owner":"GLORIA JEAN BOYD LIVING TRUST","point":[-86.82486053835922,36.22288671154996]}},{"type":"Feature","id":"164961","geometry":{"type":"Polygon","coordinates":[[[-86.8227213839949,36.2262556258545],[-86.8227899397881,36.2262388443243],[-86.8227899546498,36.2262388829771],[-86.8229197500815,36.2265854802443],[-86.8231323548882,36.2271368193971],[-86.8234361248201,36.227924563596],[-86.8216675255886,36.2283488979399],[-86.8216433768337,36.2283064859471],[-86.8216227518839,36.2282628702353],[-86.8216057428196,36.2282182421476],[-86.8215924239798,36.228172798555],[-86.8215828541587,36.2281267391378],[-86.821577075503,36.2280802672941],[-86.8215751134749,36.2280335865351],[-86.8215769768795,36.2279869031888],[-86.8215896176393,36.2279323407536],[-86.8216066203179,36.227878560679],[-86.8216279138859,36.227825794168],[-86.8216534060881,36.2277742635549],[-86.8216828139232,36.2277244619472],[-86.8217161443499,36.2276763099841],[-86.8217532559604,36.2276300096047],[-86.8217939939163,36.2275857547279],[-86.8218381855095,36.2275437321841],[-86.8218856456855,36.2275041180724],[-86.8219361759693,36.2274670813736],[-86.8219895610254,36.2274327740591],[-86.8220455799115,36.2274013436323],[-86.8221007483285,36.2273479706602],[-86.8221525582451,36.2272924331709],[-86.8222008809375,36.2272348681346],[-86.8222455933198,36.2271754196932],[-86.8222865868133,36.2271142363958],[-86.8223237584396,36.2270514703586],[-86.822357015297,36.2269872799374],[-86.822386273374,36.2269218225261],[-86.822411460979,36.2268552635458],[-86.8224325142073,36.2267877683641],[-86.8224480818811,36.2267304145207],[-86.8224599527592,36.2266724847076],[-86.8224680939485,36.2266141314625],[-86.8224724837632,36.2265555153574],[-86.8224731116125,36.226496794185],[-86.8224699746821,36.2264381247832],[-86.8224630824207,36.2263796666099],[-86.8224524520535,36.2263215781687],[-86.8224524274806,36.2263214611726],[-86.8227213839949,36.2262556258545]]]},"properties":{"id":"164961","parcel":"05900005600","address":"4850 BUENA VISTA PIKE","owner":"C & H PROPERTIES, LLC","point":[-86.82266516954016,36.22732100122241]}},{"type":"Feature","id":"164965","geometry":{"type":"Polygon","coordinates":[[[-86.8257713586021,36.2280320910746],[-86.8257527912696,36.2278715923894],[-86.8260819102678,36.2276885741781],[-86.8260910888145,36.2276997140307],[-86.8261175695315,36.2277355498592],[-86.8261406754019,36.2277728868253],[-86.826160277452,36.2278115176229],[-86.8261762666341,36.2278512257963],[-86.8261885538654,36.2278917893458],[-86.8262037875998,36.2279516574919],[-86.8262054609286,36.2279626837406],[-86.8262049180719,36.2279737846308],[-86.8262021726802,36.2279846689632],[-86.8261972974308,36.2279950523447],[-86.8261904196352,36.2280046626257],[-86.8261817191085,36.2280132489279],[-86.8261714237672,36.2280205861803],[-86.8261598019274,36.2280264832833],[-86.8261471600901,36.2280307840254],[-86.8261338274719,36.2280333771024],[-86.8261201526494,36.2280341943384],[-86.8257713586021,36.2280320910746]]]},"properties":{"id":"164965","parcel":"05905010500","address":"4842 TRUMPET CIR","owner":"COLE, GLORIA N & COLE GEORGE, KAREN","point":[-86.8259755271653,36.22786142527614]}},{"type":"Feature","id":"164972","geometry":{"type":"Polygon","coordinates":[[[-86.8254549460678,36.2280303297071],[-86.8252446193494,36.228030028324],[-86.8251757329755,36.2280309639866],[-86.8251865262443,36.2276294839344],[-86.8253550579453,36.2276205969897],[-86.8254540249553,36.2276830519597],[-86.8254549460678,36.2280303297071]]]},"properties":{"id":"164972","parcel":"05905010700","address":"3021 BUENAVIEW BLVD","owner":"WINTERS, JOHN A., JR.","point":[-86.82531745718141,36.22785649087175]}},{"type":"Feature","id":"164975","geometry":{"type":"Polygon","coordinates":[[[-86.8248966925364,36.2276447661626],[-86.8249480636575,36.2276420576407],[-86.8250898131076,36.2276345832902],[-86.8251865262443,36.2276294839344],[-86.8251757329755,36.2280309639866],[-86.8250005351717,36.2280333431651],[-86.8249734181949,36.2280340348776],[-86.8249033360325,36.2280362556328],[-86.8248966925364,36.2276447661626]]]},"properties":{"id":"164975","parcel":"05905010800","address":"3017 BUENAVIEW BLVD","owner":"SHELTON, LARRY D.","point":[-86.82504044225558,36.22783787134297]}},{"type":"Feature","id":"164978","geometry":{"type":"Polygon","coordinates":[[[-86.8238357939946,36.2250549420015],[-86.8237899785023,36.2249853889981],[-86.8237465254344,36.2249148483093],[-86.8237054642571,36.2248433729109],[-86.8243364792973,36.2245976724555],[-86.8244401153548,36.224783123494],[-86.8239276369595,36.2250241964138],[-86.8238422366946,36.2250643693736],[-86.8238357939946,36.2250549420015]]]},"properties":{"id":"164978","parcel":"05905011300","address":"4105 AMES DR","owner":"BARBARY, DEBBIE RAY","point":[-86.82407952645443,36.22481325867065]}},{"type":"Feature","id":"164988","geometry":{"type":"Polygon","coordinates":[[[-86.8245652234773,36.2223444549608],[-86.8250718546624,36.2223250320874],[-86.8250790420753,36.2225310079366],[-86.8245896177631,36.2225497708009],[-86.8245728299471,36.22240847799],[-86.8245652234773,36.2223444549608]]]},"properties":{"id":"164988","parcel":"05909004900","address":"4034 MEADOW HILL DR","owner":"RILEY, MILDRED A. & FREDRICK R.","point":[-86.82482849175156,36.22246974697232]}},{"type":"Feature","id":"165004","geometry":{"type":"Polygon","coordinates":[[[-86.8222455998417,36.2255690406604],[-86.822126578855,36.2248205706813],[-86.8221269092125,36.2248205702352],[-86.8222004380917,36.2248202959543],[-86.8223005682533,36.2247901927652],[-86.8223323274675,36.2248877945271],[-86.8224310908396,36.225199290625],[-86.822533603112,36.2255099914167],[-86.822639852885,36.225819866328],[-86.8223624368332,36.2258825478987],[-86.8222237512577,36.2259137093913],[-86.8207881053167,36.2259333603845],[-86.8204605620875,36.2259636075846],[-86.8204207287703,36.2259803603386],[-86.8202252306349,36.2259929537695],[-86.8202090620939,36.2258741778465],[-86.8201929922475,36.2257547226009],[-86.8222455998417,36.2255690406604]]]},"properties":{"id":"165004","parcel":"05900005700","address":"4800 BUENA VISTA PIKE","owner":"BALTZ, WILLIAM J., JR.","point":[-86.82234689445018,36.225354440010975]}},{"type":"Feature","id":"165010","geometry":{"type":"Polygon","coordinates":[[[-86.8297704744974,36.2271397486667],[-86.8300619675804,36.2272608134895],[-86.8300319513616,36.2275027613317],[-86.8298990746648,36.2274975746389],[-86.829766062341,36.2274957954846],[-86.8297514592088,36.2274948431316],[-86.8297372819421,36.2274918546146],[-86.8297239575482,36.2274869225342],[-86.8297118902324,36.2274801928215],[-86.8297014436672,36.2274718711692],[-86.8296929352897,36.227462209552],[-86.8296866217563,36.2274514982146],[-86.8296826944758,36.2274400639004],[-86.8296812716243,36.2274282509793],[-86.8296830141553,36.2273853562823],[-86.8296885008591,36.2273426692922],[-86.8296977039329,36.2273004037974],[-86.8297105755437,36.2272587728223],[-86.8297270533424,36.2272179840834],[-86.8297470527063,36.2271782427458],[-86.8297704744974,36.2271397486667]]]},"properties":{"id":"165010","parcel":"05905014500","address":"3065 BUENAVIEW BLVD","owner":"WILSON, TIM","point":[-86.82987373646283,36.22732179350261]}},{"type":"Feature","id":"165017","geometry":{"type":"Polygon","coordinates":[[[-86.8296436420596,36.2264241922351],[-86.8298083037471,36.2262738912676],[-86.8298935046057,36.2261961203976],[-86.8300715460845,36.2266212369451],[-86.8299876531111,36.2266393942706],[-86.8299948490456,36.2266588507425],[-86.8299985776805,36.2266789366847],[-86.8299987646949,36.2266992470421],[-86.8299954047195,36.2267193753846],[-86.8299885669264,36.2267389165718],[-86.8299783873663,36.2267574785225],[-86.82996507125,36.2267746876064],[-86.8299488852659,36.226790198611],[-86.829932398767,36.2268023986553],[-86.8296436420596,36.2264241922351]]]},"properties":{"id":"165017","parcel":"05905015100","address":"4116 BUENAVIEW CT","owner":"WAGNER, STEVEN & LANA","point":[-86.82987454945217,36.22652273888949]}},{"type":"Feature","id":"165020","geometry":{"type":"Polygon","coordinates":[[[-86.8291384166141,36.2271331008537],[-86.8289910847349,36.2270506024898],[-86.8291037561611,36.2269311569844],[-86.8291895845235,36.2268382673384],[-86.829636656913,36.2270527628147],[-86.8296097230615,36.2270925048979],[-86.8295837611449,36.2271375396931],[-86.8295616831299,36.2271839141141],[-86.8295435946415,36.2272314102348],[-86.8291384166141,36.2271331008537]]]},"properties":{"id":"165020","parcel":"05905015400","address":"4104 BUENAVIEW CT","owner":"MADDUX, JOHN P.","point":[-86.82927823342351,36.22699120928537]}},{"type":"Feature","id":"165023","geometry":{"type":"Polygon","coordinates":[[[-86.8276803887791,36.2267321442305],[-86.8281703081102,36.2266342875104],[-86.828234937348,36.2268492124559],[-86.8277450178716,36.2269470685232],[-86.827685996862,36.2267496866303],[-86.8276803887791,36.2267321442305]]]},"properties":{"id":"165023","parcel":"05905016200","address":"4186 BOBWHITE DR","owner":"ROBERTSON, JESSE ETUX","point":[-86.82796042541123,36.22679944979793]}},{"type":"Feature","id":"165050","geometry":{"type":"Polygon","coordinates":[[[-86.8231215134628,36.2232436088884],[-86.8235824765352,36.2231473459235],[-86.8235953886939,36.223198691772],[-86.8236326309088,36.2233467884887],[-86.8231827591333,36.2234407355142],[-86.8231215134628,36.2232436088884]]]},"properties":{"id":"165050","parcel":"05910013800","address":"4043 AMES DR","owner":"MINNIS, FREDA JEAN","point":[-86.82337858982694,36.22329520120149]}},{"type":"Feature","id":"165053","geometry":{"type":"Polygon","coordinates":[[[-86.8231827591333,36.2234407355142],[-86.8236326309088,36.2233467884887],[-86.8236488625867,36.2234113367521],[-86.8236848460765,36.2235544211208],[-86.8232465217724,36.2236459562654],[-86.8231827591333,36.2234407355142]]]},"properties":{"id":"165053","parcel":"05910013900","address":"4047 AMES DR","owner":"NICHOLSON, KENT J.","point":[-86.82343547607307,36.223497581050125]}},{"type":"Feature","id":"165056","geometry":{"type":"Polygon","coordinates":[[[-86.823310252532,36.223851074447],[-86.8237370348503,36.2237619493538],[-86.8237621089311,36.2238616584474],[-86.8237920792729,36.223980831951],[-86.8236343997241,36.2240092640586],[-86.8233739916785,36.2240562186645],[-86.823310252532,36.223851074447]]]},"properties":{"id":"165056","parcel":"05910014100","address":"4055 AMES DR","owner":"CREWS, CODY ALLAN","point":[-86.82355447246755,36.223920917144405]}},{"type":"Feature","id":"165059","geometry":{"type":"Polygon","coordinates":[[[-86.8234925003164,36.2227895516139],[-86.8239483305518,36.2227171767156],[-86.8239882577448,36.2229207752332],[-86.823543267941,36.2229914297579],[-86.8235323213016,36.2229479033336],[-86.8234925003164,36.2227895516139]]]},"properties":{"id":"165059","parcel":"05910014600","address":"4020 KINGS CIR","owner":"CLEVELAND, JAMES H. JR. ETUX","point":[-86.82374218637325,36.22285516634252]}},{"type":"Feature","id":"165062","geometry":{"type":"Polygon","coordinates":[[[-86.8234320138158,36.2225490180422],[-86.8233920594068,36.2223941676704],[-86.8238648356765,36.2223091761855],[-86.8238877333215,36.2224102303953],[-86.8239080253537,36.2225116484554],[-86.8234427294771,36.2225916276725],[-86.8234320138158,36.2225490180422]]]},"properties":{"id":"165062","parcel":"05910014800","address":"4012 KINGS CIR","owner":"HOLT, JAMES E. ETUX","point":[-86.823653490637,36.222460579524146]}},{"type":"Feature","id":"165244","geometry":{"type":"Polygon","coordinates":[[[-86.8256155940602,36.2267908450683],[-86.8255658828748,36.2267677791942],[-86.8257330881702,36.2264570552864],[-86.8258112199606,36.2264869665095],[-86.8258613003594,36.2265052278604],[-86.8259121803659,36.2265219750184],[-86.8259637907724,36.226537185023],[-86.8258484380651,36.2268988858415],[-86.8256155940602,36.2267908450683]]]},"properties":{"id":"165244","parcel":"05905007700","address":"4166 AMES DR","owner":"COOK, MARVIN","point":[-86.82577748932943,36.22665250069819]}},{"type":"Feature","id":"165247","geometry":{"type":"Polygon","coordinates":[[[-86.8267075752898,36.2275915551856],[-86.827200889018,36.2274914260912],[-86.8272955983364,36.2278072232612],[-86.8272980043669,36.2278180948692],[-86.8272982041311,36.2278291384067],[-86.8272961923663,36.2278400628038],[-86.8272920238832,36.22785057748],[-86.8272858081645,36.2278604077033],[-86.8272777082242,36.2278692918934],[-86.8272679396268,36.2278769942469],[-86.8272567583469,36.2278833138325],[-86.8272444629743,36.2278880827735],[-86.8272313758803,36.2278911735871],[-86.8268604432391,36.2279552466702],[-86.8267075752898,36.2275915551856]]]},"properties":{"id":"165247","parcel":"05905008400","address":"4158 BOYD DR","owner":"4158 BOYD TRUST","point":[-86.82700806042637,36.22769939894436]}},{"type":"Feature","id":"165251","geometry":{"type":"Polygon","coordinates":[[[-86.8263111870819,36.2277467899232],[-86.8267075752898,36.2275915551856],[-86.8268604432391,36.2279552466702],[-86.8265409499622,36.2280101766731],[-86.826527406017,36.2280119168481],[-86.8264808289446,36.2280197385142],[-86.8264676246851,36.2280210915215],[-86.8264543226996,36.2280207526355],[-86.8264412479014,36.2280187313493],[-86.8264287267205,36.2280150759001],[-86.8264170660158,36.2280098779193],[-86.8264065530004,36.2280032652231],[-86.8263974463245,36.227995400071],[-86.8263899727289,36.2279864782874],[-86.8263843146875,36.2279767176297],[-86.8263806126511,36.2279663595753],[-86.8263545825671,36.2278640575249],[-86.8263429566431,36.2278243024011],[-86.8263284761862,36.2277851688435],[-86.8263111870819,36.2277467899232]]]},"properties":{"id":"165251","parcel":"05905008500","address":"4845 TRUMPET CIR","owner":"NEW, FLORENCE","point":[-86.82656658874814,36.227805070477004]}},{"type":"Feature","id":"165253","geometry":{"type":"Polygon","coordinates":[[[-86.8258199661158,36.2273383920001],[-86.8260848315984,36.2270085719211],[-86.8261328765035,36.2270308648849],[-86.8263427942415,36.2271282653485],[-86.8260194342617,36.2274420506906],[-86.8259704196219,36.2274151039135],[-86.8258199661158,36.2273383920001]]]},"properties":{"id":"165253","parcel":"05905008800","address":"4833 TRUMPET CIR","owner":"WILCOX, FRANCES J.","point":[-86.82606942056867,36.227233311577685]}},{"type":"Feature","id":"165256","geometry":{"type":"Polygon","coordinates":[[[-86.8237928098301,36.2267933865118],[-86.8241206318232,36.2267521781217],[-86.8243719020883,36.2267205913162],[-86.824440391367,36.227027880638],[-86.8244395417797,36.2270279053632],[-86.8244184220386,36.2270296816897],[-86.8243977404119,36.2270335828903],[-86.8243778244033,36.227039547247],[-86.8243639115627,36.2270451669064],[-86.8243506933051,36.2270517948367],[-86.8243345009519,36.2270619886078],[-86.8243199460994,36.2270736907211],[-86.8237928098301,36.2267933865118]]]},"properties":{"id":"165256","parcel":"05905009500","address":"4805 TRUMPET CIR","owner":"RIGHTWAY PROPERTIES PLUS II, LLC","point":[-86.82421368653544,36.2269107766792]}},{"type":"Feature","id":"165259","geometry":{"type":"Polygon","coordinates":[[[-86.824018416456,36.2275554277247],[-86.8239589856193,36.2273546870153],[-86.8239293048998,36.2272544335728],[-86.8242805640114,36.2271937491543],[-86.8242881092093,36.2272144040448],[-86.8242995451301,36.2272338499343],[-86.8243145920388,36.2272516074593],[-86.8243328783478,36.2272672429463],[-86.8243539573294,36.2272803710007],[-86.8240462251984,36.2276493580732],[-86.824018416456,36.2275554277247]]]},"properties":{"id":"165259","parcel":"05905009700","address":"4800 TRUMPET CIR","owner":"KEELING, FRANKIE DENISE","point":[-86.82409835146835,36.22745521861582]}},{"type":"Feature","id":"165262","geometry":{"type":"Polygon","coordinates":[[[-86.8244870268817,36.2272986180813],[-86.8245096011648,36.2272927283916],[-86.8245309414778,36.2272843443301],[-86.8245506279401,36.2272736300888],[-86.8245576163934,36.2272689787621],[-86.8245759513888,36.2272567731493],[-86.8245950701891,36.2272453841293],[-86.8246055658131,36.2272396525839],[-86.8246363626664,36.2272247779825],[-86.8246685481952,36.2272119794009],[-86.8247019108266,36.2272013420995],[-86.8247962560794,36.227650061949],[-86.8246016579001,36.227660322033],[-86.8245571163019,36.2276626701493],[-86.8244870268817,36.2272986180813]]]},"properties":{"id":"165262","parcel":"05905009900","address":"4808 TRUMPET CIR","owner":"HOLLOWAY, ERNEST D. & LOIS","point":[-86.8246400848356,36.22747433783589]}},{"type":"Feature","id":"165265","geometry":{"type":"Polygon","coordinates":[[[-86.8247019108266,36.2272013420995],[-86.8247330744625,36.227193607431],[-86.8247648584111,36.2271877611586],[-86.8248297933104,36.2271818354103],[-86.8248858860286,36.2271812567859],[-86.8249419424972,36.2271829675759],[-86.8249978225074,36.2271869624294],[-86.8249505176792,36.2276196176074],[-86.8249480636575,36.2276420576407],[-86.8248966925364,36.2276447661626],[-86.8247962560794,36.227650061949],[-86.8247019108266,36.2272013420995]]]},"properties":{"id":"165265","parcel":"05905010000","address":"4812 TRUMPET CIR","owner":"KEELING, FREDERICK LAWRENCE","point":[-86.8248596092833,36.227410528805635]}},{"type":"Feature","id":"165268","geometry":{"type":"Polygon","coordinates":[[[-86.8249505176792,36.2276196176074],[-86.8249978225074,36.2271869624294],[-86.8250333436097,36.227190702468],[-86.825068698586,36.2271953674194],[-86.8251268298599,36.2272051175848],[-86.8251842373714,36.2272173619388],[-86.8252407572633,36.2272320673542],[-86.8252962311454,36.2272491916541],[-86.8251000199204,36.2276155267885],[-86.8250898131076,36.2276345832902],[-86.8249480636575,36.2276420576407],[-86.8249505176792,36.2276196176074]]]},"properties":{"id":"165268","parcel":"05905010100","address":"4818 TRUMPET CIR","owner":"SLOSS, BARBARA E.","point":[-86.82508457694962,36.22743219333286]}},{"type":"Feature","id":"165271","geometry":{"type":"Polygon","coordinates":[[[-86.8250234145469,36.2208474819456],[-86.8255865003721,36.220746938235],[-86.8255914310943,36.2209600756607],[-86.82507695351,36.2210405083096],[-86.8250234145469,36.2208474819456]]]},"properties":{"id":"165271","parcel":"05909002700","address":"4009 MEADOW HILL DR","owner":"WYATT, DAVID EUGENE","point":[-86.82531452945531,36.22090378951448]}},{"type":"Feature","id":"165274","geometry":{"type":"Polygon","coordinates":[[[-86.82507695351,36.2210405083096],[-86.8255914310943,36.2209600756607],[-86.8255963629458,36.2211732121643],[-86.8251250467686,36.2212313736744],[-86.82507695351,36.2210405083096]]]},"properties":{"id":"165274","parcel":"05909002800","address":"4013 MEADOW HILL DR","owner":"PATTERSON, JAMES W. ETUX","point":[-86.82534420971017,36.22110687154073]}},{"type":"Feature","id":"165276","geometry":{"type":"Polygon","coordinates":[[[-86.8251250467686,36.2212313736744],[-86.8255963629458,36.2211732121643],[-86.8256014996228,36.2214061262767],[-86.8251679447054,36.2214442507948],[-86.8251250467686,36.2212313736744]]]},"properties":{"id":"165276","parcel":"05909002900","address":"4017 MEADOW HILL DR","owner":"BROWN, HAROLD L. ETUX","point":[-86.82537108485627,36.22131876161288]}},{"type":"Feature","id":"165379","geometry":{"type":"Polygon","coordinates":[[[-86.8258058132904,36.228198706116],[-86.8261501064612,36.2281809691567],[-86.8261641210572,36.228181371698],[-86.8261778753027,36.2281835839397],[-86.8261910170735,36.228187547005],[-86.8262032082828,36.2281931613646],[-86.8262141370598,36.2282002813458],[-86.8262235200772,36.2282087250304],[-86.826231118124,36.2282182741485],[-86.8262367350961,36.2282286839987],[-86.8262402280543,36.2282396878855],[-86.8262780984901,36.2284899593215],[-86.8258283454846,36.2285391847957],[-86.8258058132904,36.228198706116]]]},"properties":{"id":"165379","parcel":"05905001900","address":"3028 BUENAVIEW BLVD","owner":"SWANSON, RODNEY JR","point":[-86.8260379636312,36.22836450221965]}},{"type":"Feature","id":"165382","geometry":{"type":"Polygon","coordinates":[[[-86.8273770504862,36.2280747767269],[-86.827450136264,36.2283204102817],[-86.8269872178723,36.2284070927773],[-86.8269118499467,36.2281411061733],[-86.8268970998031,36.2280890514072],[-86.8268974351248,36.2280889923325],[-86.8272761476693,36.2280227244725],[-86.827290558239,36.2280220597864],[-86.8273049210644,36.2280232159648],[-86.8273188876966,36.2280261665541],[-86.827332119218,36.2280308390715],[-86.8273442951871,36.2280371194499],[-86.8273551181349,36.2280448565133],[-86.8273643269122,36.2280538618859],[-86.8273716967558,36.2280639162993],[-86.8273770504862,36.2280747767269]]]},"properties":{"id":"165382","parcel":"05905002900","address":"4900 BOYD DR","owner":"COLE, JENNIFER & TIMOTHY","point":[-86.82718035931788,36.22823075761511]}},{"type":"Feature","id":"165385","geometry":{"type":"Polygon","coordinates":[[[-86.8273680090368,36.2274682926192],[-86.8277415371803,36.2273932138379],[-86.8278485708009,36.2277726675541],[-86.8275643638199,36.2278295565992],[-86.8275511851341,36.2278314367856],[-86.827537805143,36.2278316149737],[-86.8275245575356,36.2278300888776],[-86.8275117708344,36.2278268940992],[-86.8274997617872,36.2278221104832],[-86.8274888297593,36.2278158576488],[-86.8274792477962,36.2278082914456],[-86.8274712514357,36.227799597722],[-86.8274650398484,36.2277899950206],[-86.8274607690131,36.2277797202049],[-86.8273680090368,36.2274682926192]]]},"properties":{"id":"165385","parcel":"05905003100","address":"3041 BUENAVIEW BLVD","owner":"TERRELL, MARY FRANCES","point":[-86.82760948894706,36.22762048205671]}},{"type":"Feature","id":"165388","geometry":{"type":"Polygon","coordinates":[[[-86.8272415580536,36.2270472134928],[-86.8277450178716,36.2269470685232],[-86.827806795696,36.2271488269168],[-86.8273034045773,36.2272555652573],[-86.8272597840641,36.2271086220091],[-86.8272415580536,36.2270472134928]]]},"properties":{"id":"165388","parcel":"05905003300","address":"4153 BOYD DR","owner":"SALAAM, ALI A & LINDA M","point":[-86.82751799525519,36.22707830338726]}},{"type":"Feature","id":"165391","geometry":{"type":"Polygon","coordinates":[[[-86.827179826484,36.2268498499299],[-86.827685996862,36.2267496866303],[-86.8277450178716,36.2269470685232],[-86.8272415580536,36.2270472134928],[-86.827179826484,36.2268498499299]]]},"properties":{"id":"165391","parcel":"05905003400","address":"4149 BOYD DR","owner":"LAUDERDALE, ANTHONY EUGENE","point":[-86.82746275411692,36.22689846003887]}},{"type":"Feature","id":"165394","geometry":{"type":"Polygon","coordinates":[[[-86.8269493372902,36.226075664502],[-86.8274500785065,36.225975541109],[-86.8274557323307,36.2259974768399],[-86.8274865746041,36.2260939614753],[-86.8275062479131,36.2261597554889],[-86.8270055056233,36.2262598809119],[-86.8269493372902,36.226075664502]]]},"properties":{"id":"165394","parcel":"05905003800","address":"4133 BOYD DR","owner":"EDMONDSON, CARL S.","point":[-86.82723056184666,36.22612647493185]}},{"type":"Feature","id":"165411","geometry":{"type":"Polygon","coordinates":[[[-86.8267695495235,36.2254813370305],[-86.827167386812,36.2253973008558],[-86.8273612329905,36.2255190408485],[-86.8273727458076,36.2255826926228],[-86.8268341293073,36.2256918676693],[-86.8267695495235,36.2254813370305]]]},"properties":{"id":"165411","parcel":"05905004100","address":"4121 BOYD DR","owner":"COOK, MARVIN","point":[-86.8270788057283,36.225550450626706]}},{"type":"Feature","id":"165414","geometry":{"type":"Polygon","coordinates":[[[-86.825973163462,36.2250604447377],[-86.8264387108704,36.224967157934],[-86.8264976805253,36.2251601454245],[-86.8260294203782,36.2252534518961],[-86.825973163462,36.2250604447377]]]},"properties":{"id":"165414","parcel":"05905004500","address":"4116 BOYD DR","owner":"WILLIAMS, BARBARA REVOCABLE LIVING TRUST","point":[-86.82623507325073,36.225110294862056]}},{"type":"Feature","id":"165424","geometry":{"type":"Polygon","coordinates":[[[-86.8262007452998,36.2258170712244],[-86.8266662728553,36.2257215855609],[-86.8267251989228,36.2259101786727],[-86.8262840332588,36.2260011024656],[-86.8262316546944,36.2259201511176],[-86.8262007452998,36.2258170712244]]]},"properties":{"id":"165424","parcel":"05905004900","address":"4130 BOYD DR","owner":"ALFORD, ANNIE M. RICE","point":[-86.82646268112944,36.22586362481386]}},{"type":"Feature","id":"165428","geometry":{"type":"Polygon","coordinates":[[[-86.8257568614423,36.2263142498632],[-86.8259477222707,36.2260034026382],[-86.8262316546944,36.2259201511176],[-86.8260117788064,36.226405303936],[-86.8259470172996,36.2263854117219],[-86.8258836389063,36.2263627837127],[-86.8257568614423,36.2263142498632]]]},"properties":{"id":"165428","parcel":"05905005300","address":"4141 AMES DR","owner":"MCH SFR PROPERTY OWNER 2, LLC","point":[-86.82598779931003,36.22615902342731]}},{"type":"Feature","id":"165430","geometry":{"type":"Polygon","coordinates":[[[-86.8254648056101,36.2249496432127],[-86.8259141951578,36.2248674569857],[-86.825973163462,36.2250604447377],[-86.8254665019938,36.2251654900411],[-86.825403391622,36.2249608752964],[-86.8254648056101,36.2249496432127]]]},"properties":{"id":"165430","parcel":"05905005900","address":"4113 MEADOW HILL DR","owner":"COMER, JOE & ARETHA","point":[-86.825688348688,36.225010660459795]}},{"type":"Feature","id":"165433","geometry":{"type":"Polygon","coordinates":[[[-86.8249157063778,36.2255091045935],[-86.8247875175392,36.2253344249433],[-86.8247654767312,36.2253043905289],[-86.8253008511692,36.2251949214943],[-86.8253568516905,36.2253764820249],[-86.825368059594,36.2254161265636],[-86.8253727386164,36.2254351985471],[-86.8249281778781,36.2255260991495],[-86.8249157063778,36.2255091045935]]]},"properties":{"id":"165433","parcel":"05905006100","address":"4116 MEADOW HILL DR","owner":"JOHNSON, LOUISE S.","point":[-86.82507657566173,36.225355460241715]}},{"type":"Feature","id":"165438","geometry":{"type":"Polygon","coordinates":[[[-86.8268931692181,36.2258914480563],[-86.8274128257889,36.2257846008092],[-86.8274329117099,36.2258899491111],[-86.8274500785065,36.225975541109],[-86.8269493372902,36.226075664502],[-86.8268931692181,36.2258914480563]]]},"properties":{"id":"165438","parcel":"05905003900","address":"4129 BOYD DR","owner":"DIVENS, KAREN","point":[-86.82717379796499,36.22593349804671]}},{"type":"Feature","id":"165441","geometry":{"type":"Polygon","coordinates":[[[-86.8271129676874,36.2251207719873],[-86.827167386812,36.2253973008558],[-86.8267695495235,36.2254813370305],[-86.8267049024658,36.2252642141072],[-86.8267033214293,36.2252524391813],[-86.8267040924421,36.2252406121068],[-86.8267071930969,36.225229037662],[-86.8267125442052,36.2252180156065],[-86.8267200074878,36.225207832585],[-86.826729389893,36.2251987494807],[-86.8267404480641,36.2251910031872],[-86.826752895994,36.2251847939383],[-86.8267664105577,36.2251802825668],[-86.8268812239962,36.2251578078603],[-86.8269967733873,36.2251379659866],[-86.8271129676874,36.2251207719873]]]},"properties":{"id":"165441","parcel":"05905004200","address":"4117 BOYD DR","owner":"PILLOW, CHERYL","point":[-86.82693948890856,36.22533076254182]}},{"type":"Feature","id":"165445","geometry":{"type":"Polygon","coordinates":[[[-86.8265503982288,36.2247532236946],[-86.8269510583456,36.2246801570105],[-86.8270221384875,36.2249939308426],[-86.8269923503362,36.2249985302331],[-86.826859205231,36.2250207276796],[-86.8267270438912,36.2250464971399],[-86.8267140162803,36.2250487421161],[-86.8267007085165,36.2250491882954],[-86.8266874964207,36.2250478213891],[-86.8266747530406,36.225044681203],[-86.8266628396965,36.2250398562917],[-86.8266520914934,36.225033481353],[-86.826642814003,36.2250257390537],[-86.8266352675421,36.2250168457171],[-86.826629666088,36.2250070540338],[-86.8266261682587,36.2249966414071],[-86.8265503982288,36.2247532236946]]]},"properties":{"id":"165445","parcel":"05905004300","address":"4113 BOYD DR","owner":"TUCKER, RONNIE H. & YULONDA J.","point":[-86.8267913573464,36.22487358486825]}},{"type":"Feature","id":"165447","geometry":{"type":"Polygon","coordinates":[[[-86.8260117788064,36.226405303936],[-86.8262316546944,36.2259201511176],[-86.8262840332588,36.2260011024656],[-86.826402579476,36.2261848924182],[-86.8264487689558,36.2264526878559],[-86.8264508703664,36.2264648710951],[-86.8263763419269,36.2264634144636],[-86.8263020359172,36.2264585377953],[-86.8262281905424,36.2264502556839],[-86.8261550430363,36.2264385962491],[-86.8260828273892,36.2264235966461],[-86.8260117788064,36.226405303936]]]},"properties":{"id":"165447","parcel":"05905005200","address":"4147 AMES DR","owner":"LEWIS, CURTIS L. ETUX","point":[-86.82624173125443,36.2262951485166]}},{"type":"Feature","id":"165449","geometry":{"type":"Polygon","coordinates":[[[-86.8254757476765,36.2262066316276],[-86.8254634640136,36.2262008637107],[-86.8254525421043,36.2261935155948],[-86.8254432866536,36.2261847933885],[-86.8254359571666,36.2261749422633],[-86.8254307600683,36.2261642374948],[-86.8254278419837,36.2261529800025],[-86.8254272829607,36.2261414864823],[-86.8254290996946,36.2261300785688],[-86.8254332421165,36.2261190756494],[-86.8254613306748,36.2260620774416],[-86.8254856702147,36.2260089973786],[-86.8255068180391,36.2259550279518],[-86.8255247242747,36.225900292976],[-86.8259477222707,36.2260034026382],[-86.8257568614423,36.2263142498632],[-86.8254757476765,36.2262066316276]]]},"properties":{"id":"165449","parcel":"05905005400","address":"4137 AMES DR","owner":"COUGHLIN, AARON & ATCHLEY, HANNA","point":[-86.82567054223328,36.22609090201261]}},{"type":"Feature","id":"165452","geometry":{"type":"Polygon","coordinates":[[[-86.8255273451232,36.2253635275396],[-86.8260322247454,36.2252622235849],[-86.8260883674727,36.2254442424534],[-86.8261080383294,36.2255100349122],[-86.8255609365133,36.2255454628355],[-86.8255536664596,36.2254843703112],[-86.825542458367,36.2254236697103],[-86.8255273451232,36.2253635275396]]]},"properties":{"id":"165452","parcel":"05905005700","address":"4121 MEADOW HILL DR","owner":"CARUTHERS, DONNA R.","point":[-86.82580394499124,36.225393990589694]}},{"type":"Feature","id":"165455","geometry":{"type":"Polygon","coordinates":[[[-86.8239862881876,36.2259063490682],[-86.8242350082867,36.2257196780295],[-86.8242640206647,36.2257428145046],[-86.824343018093,36.225802936323],[-86.8244244964906,36.225860842088],[-86.8244343278606,36.225868803385],[-86.8244424219399,36.2258779598902],[-86.8244485592502,36.2258880643549],[-86.8244525756823,36.2258988457198],[-86.8244543636654,36.2259100145146],[-86.8244538744658,36.2259212700519],[-86.8244511216184,36.225932309417],[-86.8244461776735,36.2259428356007],[-86.8244391776188,36.2259525655879],[-86.8244303089437,36.2259612376352],[-86.8243289200929,36.2260452742925],[-86.8243064411932,36.2260618044473],[-86.824281690433,36.2260760455864],[-86.8242576850921,36.2260867703351],[-86.8242323937052,36.2260953390347],[-86.8242061111261,36.2261016523366],[-86.8241791424816,36.2261056360576],[-86.8239862881876,36.2259063490682]]]},"properties":{"id":"165455","parcel":"05905007000","address":"4124 AMES DR","owner":"OLDEN, BETTYE ANN","point":[-86.82422437363832,36.22591530501527]}},{"type":"Feature","id":"165470","geometry":{"type":"Polygon","coordinates":[[[-86.8252702769275,36.220331548861],[-86.8255761574787,36.2202745176735],[-86.8255859513058,36.2206941994222],[-86.8253433044205,36.2205727900015],[-86.8252702769275,36.220331548861]]]},"properties":{"id":"165470","parcel":"05909001400","address":"3104 KINGS LN","owner":"UNRUH, KENT RUSSEL","point":[-86.8254435515665,36.22045236900806]}},{"type":"Feature","id":"165473","geometry":{"type":"Polygon","coordinates":[[[-86.824986069674,36.2203862339618],[-86.8252702769275,36.220331548861],[-86.8253433044205,36.2205727900015],[-86.8249984084862,36.2206421143901],[-86.8249698061513,36.2206478633155],[-86.8249697610132,36.2206476941872],[-86.8249218279178,36.2204679852239],[-86.8249200855147,36.2204561672014],[-86.8249208572591,36.220444282438],[-86.8249241200571,36.2204326771747],[-86.8249297784852,36.2204216945414],[-86.8249376679206,36.2204116547078],[-86.8249475556348,36.2204028530735],[-86.8249591517936,36.2203955484763],[-86.8249721171395,36.2203899532265],[-86.824986069674,36.2203862339618]]]},"properties":{"id":"165473","parcel":"05909001500","address":"3100 KINGS LN","owner":"WINGFIELD, SHIRLEY RANKINS & ODDIE JAMES","point":[-86.82513162793657,36.220520386427275]}},{"type":"Feature","id":"165815","geometry":{"type":"Polygon","coordinates":[[[-86.8233739916785,36.2240562186645],[-86.8236343997241,36.2240092640586],[-86.8237702347447,36.2245494096017],[-86.8237710817192,36.2245527763314],[-86.8235808403938,36.2245861854632],[-86.8234141595366,36.2246154564306],[-86.8229349905445,36.2246997649424],[-86.8224894838375,36.224778149082],[-86.8223648180631,36.2243950099407],[-86.8223166175687,36.2242468703326],[-86.8223223930695,36.2242458288137],[-86.8227610521677,36.2241667375513],[-86.8232084191155,36.2240860730294],[-86.8233739916785,36.2240562186645]]]},"properties":{"id":"165815","parcel":"05900003300","address":"4745 BUENA VISTA PIKE","owner":"WOOD, JOSEPH DUANE","point":[-86.823027003797,36.22432195708893]}},{"type":"Feature","id":"165820","geometry":{"type":"Polygon","coordinates":[[[-86.8242086762847,36.2263103380788],[-86.8242631434235,36.2262786378008],[-86.8243156622162,36.2262448490623],[-86.8243661133512,36.2262090510893],[-86.8243914420452,36.2261882340209],[-86.8247454965954,36.2265195706297],[-86.8248046581441,36.2266699100398],[-86.8246826034903,36.2266848643267],[-86.8245395486513,36.2267023907337],[-86.8242086762847,36.2263103380788]]]},"properties":{"id":"165820","parcel":"05905007200","address":"4146 AMES CT","owner":"BRYANT, BOBBY L. ET UX","point":[-86.82446534827338,36.22641493743687]}},{"type":"Feature","id":"165823","geometry":{"type":"Polygon","coordinates":[[[-86.8247454965954,36.2265195706297],[-86.8249829864524,36.2261682438523],[-86.8250177658778,36.2261830645106],[-86.8252273013056,36.2262634249444],[-86.8250198728715,36.2266435412196],[-86.8248046581441,36.2266699100398],[-86.8247454965954,36.2265195706297]]]},"properties":{"id":"165823","parcel":"05905007400","address":"4154 AMES DR","owner":"FREY, WILLIAM EARL & SMITH, SHEILA L.","point":[-86.82499474999145,36.226391510245406]}},{"type":"Feature","id":"165826","geometry":{"type":"Polygon","coordinates":[[[-86.8260848315984,36.2270085719211],[-86.8258638218144,36.2269060231629],[-86.8258484380651,36.2268988858415],[-86.8259637907724,36.226537185023],[-86.8260253205289,36.2265530797211],[-86.8260825052155,36.2265657487631],[-86.8261402689735,36.226576556326],[-86.8261985204141,36.2265854859104],[-86.8261328765035,36.2270308648849],[-86.8260848315984,36.2270085719211]]]},"properties":{"id":"165826","parcel":"05905007800","address":"4170 AMES DR","owner":"WHITTAKER, CHARLES H. JR. ETUX","point":[-86.82603693130447,36.22674220556429]}},{"type":"Feature","id":"165828","geometry":{"type":"Polygon","coordinates":[[[-86.8265383136649,36.2265998660332],[-86.8265836033574,36.2265969965425],[-86.8266479437038,36.2265909693344],[-86.8267118999948,36.2265826744533],[-86.8267548118986,36.2265757934533],[-86.826797453988,36.2265678931604],[-86.8268330015977,36.2265608588569],[-86.8268472043512,36.2265590645661],[-86.8268615755799,36.226559239269],[-86.8268757047797,36.2265613785657],[-86.8268891852849,36.2265654194483],[-86.8269016299148,36.2265712474043],[-86.8269126798531,36.2265786945527],[-86.8269220202948,36.2265875467473],[-86.8269293805121,36.2265975498849],[-86.8269345506042,36.2266084160991],[-86.826938725308,36.2266185518991],[-86.8270096999732,36.2268509139221],[-86.8265814502559,36.2269425542318],[-86.8265383136649,36.2265998660332]]]},"properties":{"id":"165828","parcel":"05905008000","address":"4142 BOYD DR","owner":"RANDOLPH, GAIL KING","point":[-86.8267647132489,36.226734429797496]}},{"type":"Feature","id":"165831","geometry":{"type":"Polygon","coordinates":[[[-86.8265473171124,36.2273975378593],[-86.8271364430216,36.2272772131886],[-86.827200889018,36.2274914260912],[-86.8267075752898,36.2275915551856],[-86.8265473171124,36.2273975378593]]]},"properties":{"id":"165831","parcel":"05905008300","address":"4154 BOYD DR","owner":"BAINES, DIANNE E.","point":[-86.82688632515143,36.22744450010428]}},{"type":"Feature","id":"165835","geometry":{"type":"Polygon","coordinates":[[[-86.8256047307893,36.2272286500167],[-86.8258638218144,36.2269060231629],[-86.8260848315984,36.2270085719211],[-86.8258199661158,36.2273383920001],[-86.8256047307893,36.2272286500167]]]},"properties":{"id":"165835","parcel":"05905008900","address":"4829 TRUMPET CIR","owner":"HENDRIX, ANNIE","point":[-86.82584478173763,36.227118611211914]}},{"type":"Feature","id":"165838","geometry":{"type":"Polygon","coordinates":[[[-86.824440391367,36.227027880638],[-86.8243719020883,36.2267205913162],[-86.8245395486513,36.2267023907337],[-86.8246826034903,36.2266848643267],[-86.8247392089305,36.2270494238958],[-86.8246988386814,36.2270541977085],[-86.8246581054407,36.2270560494066],[-86.8246173305129,36.2270549623763],[-86.8245768354834,36.2270509470396],[-86.8245369410409,36.2270440345545],[-86.8244979603315,36.227034279563],[-86.824479115125,36.2270303624547],[-86.8244598412048,36.2270282201411],[-86.824440391367,36.227027880638]]]},"properties":{"id":"165838","parcel":"05905009400","address":"4809 TRUMPET CIR","owner":"WILLIAMS, JORDAN ELIZABETH","point":[-86.82455911180578,36.22687446035681]}},{"type":"Feature","id":"165841","geometry":{"type":"Polygon","coordinates":[[[-86.8238995550836,36.2271539462651],[-86.8238361614804,36.2269398199987],[-86.8237928098301,36.2267933865118],[-86.8243199460994,36.2270736907211],[-86.8243033618814,36.2270914523139],[-86.8242905364373,36.2271111502903],[-86.8242818070127,36.2271322686335],[-86.8242774025409,36.227154251509],[-86.824277440512,36.2271765231137],[-86.8242805640114,36.2271937491543],[-86.8239293048998,36.2272544335728],[-86.8238995550836,36.2271539462651]]]},"properties":{"id":"165841","parcel":"05905009600","address":"4801 TRUMPET CIR","owner":"WATKINS, WILLIAM LEE & SHERRY L.","point":[-86.82402513553832,36.22700667779199]}},{"type":"Feature","id":"165844","geometry":{"type":"Polygon","coordinates":[[[-86.82413269142,36.2205173196446],[-86.8243837257198,36.2204688942135],[-86.8244690954637,36.2207479783813],[-86.8243755698353,36.2208826726937],[-86.8242537819735,36.2209076774503],[-86.82413269142,36.2205173196446]]]},"properties":{"id":"165844","parcel":"05909001700","address":"3040 KINGS LN","owner":"TODD, JAMES","point":[-86.82430114166843,36.220632649496416]}},{"type":"Feature","id":"165853","geometry":{"type":"Polygon","coordinates":[[[-86.8252069920909,36.2216285852027],[-86.8251995115577,36.2216183917058],[-86.8251942066133,36.2216073388652],[-86.8251912194336,36.2215957285327],[-86.8251805498421,36.2215198920261],[-86.8251679447054,36.2214442507948],[-86.8256014996228,36.2214061262767],[-86.8256041336698,36.2215290002897],[-86.8256067747115,36.2216522248402],[-86.8254982632449,36.2216508224372],[-86.8253897516944,36.2216522967546],[-86.8252813590448,36.2216566460781],[-86.8252670905568,36.2216565317766],[-86.8252530530571,36.2216544583616],[-86.8252396520561,36.2216504870519],[-86.825227275822,36.2216447323585],[-86.8252162831277,36.2216373603658],[-86.8252069920909,36.2216285852027]]]},"properties":{"id":"165853","parcel":"05909003000","address":"4021 MEADOW HILL DR","owner":"GILL, BRANDEN R.","point":[-86.82539566861978,36.221562361659736]}},{"type":"Feature","id":"165856","geometry":{"type":"Polygon","coordinates":[[[-86.8246254803251,36.224115865581],[-86.8247499742854,36.2238993788019],[-86.8251262870394,36.2238849516906],[-86.8251334700105,36.2240907940908],[-86.825132670286,36.2241023419639],[-86.8251294906996,36.2241136176923],[-86.8251240202374,36.2241243007213],[-86.8251164148077,36.2241340880642],[-86.8251068895495,36.2241427033673],[-86.8250957155328,36.2241499005376],[-86.8250832087682,36.2241554764353],[-86.8250697246637,36.2241592727148],[-86.8250556458467,36.2241611813149],[-86.8249416368201,36.2241687230735],[-86.8248949420337,36.2241702658915],[-86.8248482463371,36.2241687272971],[-86.824801860164,36.2241641159856],[-86.8247560908549,36.2241564641064],[-86.8247112403668,36.2241458209703],[-86.8246676075538,36.2241322584409],[-86.8246254803251,36.224115865581]]]},"properties":{"id":"165856","parcel":"05909004200","address":"4051 KINGS CIR","owner":"PHILLIPS, ETHEL B.(LE) ET AL","point":[-86.82491264181239,36.223995044054085]}},{"type":"Feature","id":"165859","geometry":{"type":"Polygon","coordinates":[[[-86.8246394598773,36.2229692618174],[-86.8250937263737,36.2229518456922],[-86.8251017237484,36.2231810269727],[-86.8246666033582,36.2231977085533],[-86.824646669008,36.2230299339628],[-86.8246394598773,36.2229692618174]]]},"properties":{"id":"165859","parcel":"05909004600","address":"4046 MEADOW HILL DR","owner":"DISMUKES, CHARLES R.","point":[-86.82487735307143,36.223105485304]}},{"type":"Feature","id":"165867","geometry":{"type":"Polygon","coordinates":[[[-86.8289215791721,36.2250721312322],[-86.8288389435339,36.2250526290986],[-86.8287557369129,36.2250347918448],[-86.8289633425472,36.2242996305054],[-86.8291826093899,36.2242585701263],[-86.8291218747296,36.2247729583202],[-86.8290031609006,36.2250924300446],[-86.8289215791721,36.2250721312322]]]},"properties":{"id":"165867","parcel":"05905017800","address":"4131 FARMVIEW DR","owner":"PROGRESS RESIDENTIAL BORROWER 20 LLC","point":[-86.8290231846744,36.22453626669126]}},{"type":"Feature","id":"165868","geometry":{"type":"Polygon","coordinates":[[[-86.8273034045773,36.2272555652573],[-86.827806795696,36.2271488269168],[-86.8278096462116,36.227161993677],[-86.8278489251025,36.227286989329],[-86.8277415371803,36.2273932138379],[-86.8273680090368,36.2274682926192],[-86.8273034045773,36.2272555652573]]]},"properties":{"id":"165868","parcel":"05905003200","address":"4157 BOYD DR","owner":"FISHER, MANNIE B.","point":[-86.82756205247821,36.227339765790035]}},{"type":"Feature","id":"165882","geometry":{"type":"Polygon","coordinates":[[[-86.8289895755739,36.220679675958],[-86.8294131955065,36.2207295111061],[-86.8292321824128,36.2210560039867],[-86.8291528696159,36.2210299838867],[-86.8290721067702,36.2210070785256],[-86.8289900801792,36.2209873415987],[-86.8289768734568,36.220983129634],[-86.8289646847255,36.2209772397468],[-86.828953833723,36.2209698274632],[-86.8289446083473,36.2209610881834],[-86.8289372523944,36.2209512545618],[-86.8289319598749,36.2209405848298],[-86.8289288694247,36.2209293601303],[-86.8289280642487,36.2209178791103],[-86.8289295664184,36.2209064444416],[-86.8289517108909,36.2208312338047],[-86.8289717178838,36.2207556313647],[-86.8289895755739,36.220679675958]]]},"properties":{"id":"165882","parcel":"05909012000","address":"3201 BRAY DR","owner":"STEPHENS, MARY DEAN","point":[-86.82913813795462,36.22086912128096]}},{"type":"Feature","id":"165892","geometry":{"type":"Polygon","coordinates":[[[-86.8287121901422,36.221387020147],[-86.8287555324219,36.2213110260203],[-86.8287954259086,36.221233800088],[-86.8288318183272,36.2211554481595],[-86.8288381405911,36.2211454512701],[-86.8288463849543,36.2211364199573],[-86.8288563325848,36.221128594556],[-86.8288677187308,36.2211221850734],[-86.8288802392992,36.2211173621316],[-86.8288934529544,36.2211141485867],[-86.8289071321668,36.2211126974116],[-86.8289209225132,36.2211130461876],[-86.8289344635192,36.2211151856722],[-86.8289977269552,36.2211295807816],[-86.8290601505816,36.2211462041271],[-86.8291216184138,36.2211650258635],[-86.829182009943,36.2211860089667],[-86.829003476682,36.2214905081278],[-86.8287121901422,36.221387020147]]]},"properties":{"id":"165892","parcel":"05909012900","address":"3200 BRAY DR","owner":"ELLIS, GENAIR D.","point":[-86.82895326551487,36.22127266731139]}},{"type":"Feature","id":"165895","geometry":{"type":"Polygon","coordinates":[[[-86.8273145098112,36.2226009079028],[-86.8274356296857,36.2225388025522],[-86.8275545766851,36.2224739973748],[-86.8277852553923,36.2227471193095],[-86.8276773470778,36.222802799528],[-86.8275724712794,36.222889225128],[-86.8273145098112,36.2226009079028]]]},"properties":{"id":"165895","parcel":"05909013700","address":"4059 BOYD DR","owner":"BOLES, ENOUCH & ERICA","point":[-86.82755171038531,36.222674016471856]}},{"type":"Feature","id":"165897","geometry":{"type":"Polygon","coordinates":[[[-86.8255906990093,36.2277693027774],[-86.8257995731373,36.2274902760778],[-86.8258801303928,36.2275313489638],[-86.8259190132152,36.2275527042596],[-86.825956013493,36.2275761534182],[-86.8259909610046,36.2276015867507],[-86.8260236921263,36.2276288873131],[-86.8260540553563,36.2276579272636],[-86.8260819102678,36.2276885741781],[-86.8257527912696,36.2278715923894],[-86.8255906990093,36.2277693027774]]]},"properties":{"id":"165897","parcel":"05905010400","address":"4836 TRUMPET CIR","owner":"COOK, MARVIN","point":[-86.8258655129571,36.227672956242614]}},{"type":"Feature","id":"165898","geometry":{"type":"Polygon","coordinates":[[[-86.8264510664462,36.2238105693202],[-86.8264390807914,36.2238046570628],[-86.8264284608049,36.2237972258527],[-86.826419496698,36.2237884791915],[-86.8264124312213,36.2237786560545],[-86.8264074607118,36.223768024575],[-86.826404718325,36.2237568740471],[-86.8264042795484,36.2237455103824],[-86.8264067770904,36.223686313083],[-86.826412635447,36.2236272721381],[-86.8264218403262,36.2235685111171],[-86.8264343741372,36.223510157217],[-86.826757614903,36.2235562930753],[-86.8268114588935,36.2237778854553],[-86.8267326216703,36.2237928623535],[-86.8266529227941,36.2238044653793],[-86.8265725821878,36.2238126632847],[-86.8264918220837,36.2238174329176],[-86.8264778690717,36.2238167821518],[-86.8264641846882,36.2238144775402],[-86.8264510664462,36.2238105693202]]]},"properties":{"id":"165898","parcel":"05909014300","address":"4087 BOYD DR","owner":"ROGERS, DONNA","point":[-86.82659593616314,36.22365706262359]}},{"type":"Feature","id":"165900","geometry":{"type":"Polygon","coordinates":[[[-86.8246016579001,36.227660322033],[-86.8247962560794,36.227650061949],[-86.8248966925364,36.2276447661626],[-86.8249033360325,36.2280362556328],[-86.8248066976416,36.2280403556547],[-86.8247101484837,36.2280456563654],[-86.8246327580686,36.2280507721289],[-86.8246016579001,36.227660322033]]]},"properties":{"id":"165900","parcel":"05905010900","address":"3013 BUENAVIEW BLVD","owner":"MORROW, CLIFTON J.","point":[-86.82475838194858,36.22784829754938]}},{"type":"Feature","id":"165903","geometry":{"type":"Polygon","coordinates":[[[-86.8239276369595,36.2250241964138],[-86.8244401153548,36.224783123494],[-86.824488709558,36.2248700804031],[-86.8245516110455,36.2249826371811],[-86.8240113985688,36.225286508317],[-86.8239665742919,36.2252318743466],[-86.8239026556865,36.2251489746857],[-86.8238422366946,36.2250643693736],[-86.8239276369595,36.2250241964138]]]},"properties":{"id":"165903","parcel":"05905011200","address":"4109 AMES DR","owner":"LEWIS, CLARENCE H.","point":[-86.82416275262537,36.2250446914654]}},{"type":"Feature","id":"165904","geometry":{"type":"Polygon","coordinates":[[[-86.8257986064279,36.224186157357],[-86.8262397918026,36.2240982561065],[-86.8262481697989,36.2241851503616],[-86.8262605877966,36.2242717267724],[-86.826267263136,36.2243266226921],[-86.8258067403575,36.2243811411639],[-86.8257986064279,36.224186157357]]]},"properties":{"id":"165904","parcel":"05909014800","address":"4100 BOYD DR","owner":"MILLER, DORIS","point":[-86.82602743761821,36.22422893914805]}},{"type":"Feature","id":"165905","geometry":{"type":"Polygon","coordinates":[[[-86.824739073299,36.2243811422103],[-86.8247587906478,36.2242974330384],[-86.8247802382354,36.2243004049372],[-86.8248238175032,36.2243048524701],[-86.8248676453021,36.2243072073719],[-86.8249115680454,36.2243074616787],[-86.8249554322208,36.2243056146363],[-86.8250439856387,36.2242997563554],[-86.8250577673228,36.2242997559469],[-86.8250713676131,36.2243015646991],[-86.8250844245153,36.2243051355158],[-86.8250965966705,36.2243103733931],[-86.8251075589627,36.2243171408572],[-86.8251169820666,36.2243252166462],[-86.8251246749969,36.2243344191099],[-86.8251304338956,36.2243445054004],[-86.8251341103198,36.2243552133646],[-86.8251356056804,36.2243662615826],[-86.8251359495453,36.2243761108828],[-86.825139021394,36.2244641536005],[-86.8251430306963,36.2245281218227],[-86.825144913793,36.2245501347972],[-86.8246908540079,36.2245858460664],[-86.824739073299,36.2243811422103]]]},"properties":{"id":"165905","parcel":"05905011600","address":"4100 MEADOW HILL DR","owner":"RAHIMI, ZOBAIR","point":[-86.82493347601226,36.22442263992168]}},{"type":"Feature","id":"165907","geometry":{"type":"Polygon","coordinates":[[[-86.8271206741371,36.2232593248876],[-86.8272282396005,36.2231706831056],[-86.827268576606,36.2231374442144],[-86.8276017652174,36.2233571208642],[-86.8275549372585,36.2234035140407],[-86.8275051825389,36.2234478615659],[-86.8274526343588,36.2234900399519],[-86.8273974361329,36.2235299355555],[-86.8271206741371,36.2232593248876]]]},"properties":{"id":"165907","parcel":"05909015200","address":"4080 FAIRMEADE DR","owner":"COOK, VALERIA","point":[-86.82734918364207,36.22330820575256]}},{"type":"Feature","id":"165908","geometry":{"type":"Polygon","coordinates":[[[-86.8245516110455,36.2249826371811],[-86.824488709558,36.2248700804031],[-86.8251803974488,36.2247805197364],[-86.8251996800454,36.2248609315993],[-86.825222454697,36.224940740992],[-86.8252370412691,36.2249880357712],[-86.8252392043128,36.2249950471976],[-86.8246226643391,36.2251097828053],[-86.8245516110455,36.2249826371811]]]},"properties":{"id":"165908","parcel":"05905011800","address":"4108 MEADOW HILL DR","owner":"CARNEY, WILLIAM H. ETUX","point":[-86.82488434502034,36.22496168562335]}},{"type":"Feature","id":"165911","geometry":{"type":"Polygon","coordinates":[[[-86.8254082529486,36.2247280715409],[-86.8258526150343,36.224651686133],[-86.8259141951578,36.2248674569857],[-86.8254648056101,36.2249496432127],[-86.825403391622,36.2249608752964],[-86.825403133753,36.2249600388889],[-86.8253869112673,36.2249074414923],[-86.8253632230119,36.224823656615],[-86.8253436276587,36.2247391804385],[-86.8254082529486,36.2247280715409]]]},"properties":{"id":"165911","parcel":"05905011900","address":"4109 MEADOW HILL DR","owner":"JOHNSON, SAMUEL JR.","point":[-86.82562164425977,36.22478180969587]}},{"type":"Feature","id":"165914","geometry":{"type":"Polygon","coordinates":[[[-86.8253117565141,36.2245137241704],[-86.8258076872341,36.2244720616942],[-86.8258470343629,36.2246366156042],[-86.8258526150343,36.224651686133],[-86.8254082529486,36.2247280715409],[-86.8253436276587,36.2247391804385],[-86.8253297877356,36.2246643417347],[-86.8253191600098,36.2245891602314],[-86.8253117565141,36.2245137241704]]]},"properties":{"id":"165914","parcel":"05905012000","address":"4105 MEADOW HILL DR","owner":"SAPP, ANNALISE MARTINE","point":[-86.82558195562386,36.22461288654489]}},{"type":"Feature","id":"165917","geometry":{"type":"Polygon","coordinates":[[[-86.8258076872341,36.2244720616942],[-86.8258067403575,36.2243811411639],[-86.826267263136,36.2243266226921],[-86.8262748087751,36.2243683254514],[-86.8262808779015,36.2243968538087],[-86.8262998655902,36.224462102964],[-86.8263084081556,36.2245010545696],[-86.826313788155,36.2245293100513],[-86.8263233031224,36.2245635855857],[-86.8258470343629,36.2246366156042],[-86.8258076872341,36.2244720616942]]]},"properties":{"id":"165917","parcel":"05905012100","address":"4104 BOYD DR","owner":"PHILLIPS, FRANCES","point":[-86.82605818770706,36.2244865585973]}},{"type":"Feature","id":"165918","geometry":{"type":"Polygon","coordinates":[[[-86.8268341293073,36.2256918676693],[-86.8273727458076,36.2255826926228],[-86.827392694051,36.2256748564802],[-86.8274128257889,36.2257846008092],[-86.8268931692181,36.2258914480563],[-86.8268341293073,36.2256918676693]]]},"properties":{"id":"165918","parcel":"05905004000","address":"4125 BOYD DR","owner":"OLIGE, TROY ET AL","point":[-86.82712606112659,36.22573823832161]}},{"type":"Feature","id":"165919","geometry":{"type":"Polygon","coordinates":[[[-86.8258526150343,36.224651686133],[-86.8258470343629,36.2246366156042],[-86.8263233031224,36.2245635855857],[-86.8263396659862,36.2246372857589],[-86.8263594224413,36.2247104372779],[-86.8263825447415,36.2247829384887],[-86.8262901692308,36.2247996092462],[-86.8259141951578,36.2248674569857],[-86.8258526150343,36.224651686133]]]},"properties":{"id":"165919","parcel":"05905012200","address":"4108 BOYD DR","owner":"HUGHES, THEODORE B. SR. ETUX","point":[-86.82612525393965,36.224746331075615]}},{"type":"Feature","id":"165921","geometry":{"type":"Polygon","coordinates":[[[-86.8262901692308,36.2247996092462],[-86.8263825447415,36.2247829384887],[-86.826382603495,36.2247831327585],[-86.8264387108704,36.224967157934],[-86.825973163462,36.2250604447377],[-86.8259141951578,36.2248674569857],[-86.8262901692308,36.2247996092462]]]},"properties":{"id":"165921","parcel":"05905004400","address":"4112 BOYD DR","owner":"UPKINS, ELVA D. & LOUIS","point":[-86.82617646945674,36.22491730777113]}},{"type":"Feature","id":"165922","geometry":{"type":"Polygon","coordinates":[[[-86.826491129874,36.2245316683777],[-86.8270427028051,36.2244298234116],[-86.8269510583456,36.2246801570105],[-86.8265503982288,36.2247532236946],[-86.8265273191412,36.2246799732733],[-86.8265075548926,36.2246060882096],[-86.826491129874,36.2245316683777]]]},"properties":{"id":"165922","parcel":"05905012300","address":"4109 BOYD DR","owner":"COOK, MARVIN","point":[-86.82674543892972,36.22456923486469]}},{"type":"Feature","id":"165924","geometry":{"type":"Polygon","coordinates":[[[-86.8260294203782,36.2252534518961],[-86.8264976805253,36.2251601454245],[-86.8265538929748,36.2253487572128],[-86.8260883674727,36.2254442424534],[-86.8260322247454,36.2252622235849],[-86.8260294203782,36.2252534518961]]]},"properties":{"id":"165924","parcel":"05905004600","address":"4120 BOYD DR","owner":"COOK, MARVIN","point":[-86.82629328231474,36.2253054910075]}},{"type":"Feature","id":"165925","geometry":{"type":"Polygon","coordinates":[[[-86.827914991862,36.2278996753067],[-86.8281802645753,36.2278473115917],[-86.8282870713864,36.2282047928949],[-86.8281795450714,36.2282978306155],[-86.8280023320616,36.2282111423077],[-86.827914991862,36.2278996753067]]]},"properties":{"id":"165925","parcel":"05905012400","address":"3044 BUENAVIEW BLVD","owner":"HUNTER, JAMES & SHETONYA","point":[-86.82809963230852,36.22805223223666]}},{"type":"Feature","id":"165927","geometry":{"type":"Polygon","coordinates":[[[-86.8262840332588,36.2260011024656],[-86.8267251989228,36.2259101786727],[-86.8267842158036,36.2261075610903],[-86.826402579476,36.2261848924182],[-86.8262840332588,36.2260011024656]]]},"properties":{"id":"165927","parcel":"05905005000","address":"4134 BOYD DR","owner":"OWENS, LARRY O. ET UX","point":[-86.82654328329443,36.22605434531613]}},{"type":"Feature","id":"165928","geometry":{"type":"Polygon","coordinates":[[[-86.8281802645753,36.2278473115917],[-86.8284319736259,36.227795039416],[-86.8285388263149,36.2281569156255],[-86.8282870713864,36.2282047928949],[-86.8281802645753,36.2278473115917]]]},"properties":{"id":"165928","parcel":"05905012500","address":"3048 BUENAVIEW BLVD","owner":"STYLES, MARY L.","point":[-86.82835981616194,36.22800211413281]}},{"type":"Feature","id":"165930","geometry":{"type":"Polygon","coordinates":[[[-86.826402579476,36.2261848924182],[-86.8267842158036,36.2261075610903],[-86.826857276133,36.226350998026],[-86.826858021632,36.2263622198866],[-86.8268565107453,36.2263733905003],[-86.8268527837778,36.2263842148799],[-86.8268469378448,36.2263944057605],[-86.8268391303127,36.2264036934898],[-86.8268295643957,36.2264118315345],[-86.8268184981387,36.2264186045297],[-86.8268062200037,36.226423833854],[-86.8267930588988,36.2264273793633],[-86.8267572360464,36.2264344678126],[-86.8266853904336,36.2264469697086],[-86.826684560786,36.2264470925503],[-86.8266265641719,36.2264547067397],[-86.8265682063298,36.2264602153321],[-86.8265096028187,36.2264636058198],[-86.8264508703664,36.2264648710951],[-86.8264487689558,36.2264526878559],[-86.826402579476,36.2261848924182]]]},"properties":{"id":"165930","parcel":"05905005100","address":"4138 BOYD DR","owner":"BAMFORD, TERESA","point":[-86.82662464475709,36.22626793778378]}},{"type":"Feature","id":"165931","geometry":{"type":"Polygon","coordinates":[[[-86.8286783036374,36.2277471999485],[-86.8288406919203,36.2277131213925],[-86.8288851356344,36.2277042905255],[-86.8289300339079,36.2276971247498],[-86.829020661788,36.2280635073315],[-86.8287905820612,36.2281090387244],[-86.8286783036374,36.2277471999485]]]},"properties":{"id":"165931","parcel":"05905012700","address":"3056 BUENAVIEW BLVD","owner":"BENSON, EDWIN L. & CORNELIA G.","point":[-86.82885445604595,36.22790536087759]}},{"type":"Feature","id":"165933","geometry":{"type":"Polygon","coordinates":[[[-86.8255247242747,36.225900292976],[-86.8255390891691,36.2258460229154],[-86.8255502687575,36.2257912636099],[-86.8255582364967,36.2257361360104],[-86.8261894841313,36.2257775911574],[-86.8262007452998,36.2258170712244],[-86.8262316546944,36.2259201511176],[-86.8259477222707,36.2260034026382],[-86.8255247242747,36.225900292976]]]},"properties":{"id":"165933","parcel":"05905005500","address":"4127 MEADOW HILL DR","owner":"LEWIS, ERICA L.","point":[-86.82587488470337,36.22587365752988]}},{"type":"Feature","id":"165934","geometry":{"type":"Polygon","coordinates":[[[-86.8245704143493,36.2219317540528],[-86.8250544423913,36.2219131975355],[-86.8250584549505,36.2219996269463],[-86.825063383678,36.2220822792312],[-86.825064666184,36.2221190571344],[-86.8245408293177,36.2221391391037],[-86.8245266600221,36.2220198839901],[-86.8245458434969,36.2219812467659],[-86.8245704143493,36.2219317540528]]]},"properties":{"id":"165934","parcel":"05909005100","address":"4026 MEADOW HILL DR","owner":"BATTLES, MICHAEL & OLIVER, VALERIE ETAL","point":[-86.82479593363972,36.22205108324649]}},{"type":"Feature","id":"165935","geometry":{"type":"Polygon","coordinates":[[[-86.8290936708008,36.2257071453141],[-86.8292712250078,36.2253081553805],[-86.8295215917945,36.2253877485908],[-86.8293493712557,36.2257779123016],[-86.8291181483697,36.225713570897],[-86.8290936708008,36.2257071453141]]]},"properties":{"id":"165935","parcel":"05905020000","address":"4154 FARMVIEW DR","owner":"LANCASTER, LUKE THOMAS & JESSICA MAE","point":[-86.82930791939125,36.22554744755737]}},{"type":"Feature","id":"165936","geometry":{"type":"Polygon","coordinates":[[[-86.8246911765093,36.2216885162645],[-86.825028828997,36.2216639284853],[-86.8250427120714,36.2217697189077],[-86.8250530986535,36.2218757720436],[-86.8250544423913,36.2219131975355],[-86.8245704143493,36.2219317540528],[-86.8246911765093,36.2216885162645]]]},"properties":{"id":"165936","parcel":"05909005200","address":"4022 MEADOW HILL DR","owner":"HENDERSON, FORREST","point":[-86.82483637379985,36.22182243602573]}},{"type":"Feature","id":"165937","geometry":{"type":"Polygon","coordinates":[[[-86.8246226643391,36.2251097828053],[-86.8252392043128,36.2249950471976],[-86.8253008511692,36.2251949214943],[-86.8247654767312,36.2253043905289],[-86.8246595617176,36.2251600635078],[-86.8246226643391,36.2251097828053]]]},"properties":{"id":"165937","parcel":"05905006000","address":"4112 MEADOW HILL DR","owner":"RESIDENTIAL HOME BUYER NASHVILLE, LLC","point":[-86.8249618742044,36.22513539279466]}},{"type":"Feature","id":"165938","geometry":{"type":"Polygon","coordinates":[[[-86.8288407054837,36.2256385580874],[-86.8289965180485,36.2252353214117],[-86.8291889442123,36.2252859202378],[-86.8292712250078,36.2253081553805],[-86.8290936708008,36.2257071453141],[-86.8288407054837,36.2256385580874]]]},"properties":{"id":"165938","parcel":"05905020100","address":"4150 FARMVIEW DR","owner":"ARMM ASSETS 3, LLC","point":[-86.82905112139422,36.22547335001047]}},{"type":"Feature","id":"165939","geometry":{"type":"Polygon","coordinates":[[[-86.8240210076216,36.2209532183638],[-86.8242158823117,36.2209145287958],[-86.8243363132594,36.2212807120182],[-86.8240927579417,36.2213329193448],[-86.8239749950305,36.2209623231534],[-86.8240210076216,36.2209532183638]]]},"properties":{"id":"165939","parcel":"05909005700","address":"3021 LYTLE DR","owner":"FOSSETT, PATRICK","point":[-86.82415476989325,36.22112151642444]}},{"type":"Feature","id":"165940","geometry":{"type":"Polygon","coordinates":[[[-86.8251686289123,36.2260890566595],[-86.8250968177067,36.2260615640812],[-86.8249956254276,36.2260171140028],[-86.8248966034612,36.2259695640141],[-86.825083939492,36.2257383493841],[-86.825385780323,36.2257512498388],[-86.8253761240834,36.2258044692855],[-86.8253630690814,36.2258572099547],[-86.8253466483182,36.2259093301221],[-86.8253269070394,36.2259606888812],[-86.825303899408,36.2260111470666],[-86.8252835548784,36.2260524302759],[-86.825277401159,36.2260624564506],[-86.8252693188125,36.2260715386668],[-86.825259521124,36.2260794357324],[-86.8252482695439,36.2260859385715],[-86.8252358637064,36.2260908729964],[-86.8252226337362,36.2260941087728],[-86.82520893023,36.226095558787],[-86.8251951176565,36.226095186301],[-86.8251815642813,36.2260929987129],[-86.8251686289123,36.2260890566595]]]},"properties":{"id":"165940","parcel":"05905006300","address":"4129 AMES DR","owner":"BOYKINS, SANCHEZ & DANSBY, NICOLE","point":[-86.82513093282218,36.22593470885924]}},{"type":"Feature","id":"165941","geometry":{"type":"Polygon","coordinates":[[[-86.8281215820216,36.2250852920591],[-86.8282279047186,36.2250924436512],[-86.8283338394997,36.2251027089523],[-86.8284392449798,36.2251160754144],[-86.8283667951196,36.2254506145115],[-86.8280333851392,36.2254704823489],[-86.8280281098463,36.2253903236949],[-86.8280262439578,36.2253100659609],[-86.8280277895635,36.2252298037646],[-86.8280327465292,36.2251496317388],[-86.8280355306711,36.2251381243186],[-86.8280405682242,36.2251271322912],[-86.8280477275784,36.2251169413559],[-86.8280568213231,36.2251078195695],[-86.8280676105642,36.2251000046988],[-86.828079814916,36.2250937023501],[-86.8280931135094,36.2250890760478],[-86.8281071583486,36.2250862480448],[-86.8281215820216,36.2250852920591]]]},"properties":{"id":"165941","parcel":"05905020400","address":"4167 BOBWHITE DR","owner":"TN S41B, LLC","point":[-86.82821641164773,36.22527020690719]}},{"type":"Feature","id":"165942","geometry":{"type":"Polygon","coordinates":[[[-86.8241524891798,36.2214630077023],[-86.8243749630598,36.22141362179],[-86.8245458434969,36.2219812467659],[-86.8245266600221,36.2220198839901],[-86.8244839729676,36.2219828074157],[-86.8242451007974,36.2217753251079],[-86.8241524891798,36.2214630077023]]]},"properties":{"id":"165942","parcel":"05909006000","address":"3020 LYTLE DR","owner":"WASHINGTON, ADDISON JR. & JOYCE J.","point":[-86.82431787050928,36.221619341292026]}},{"type":"Feature","id":"165943","geometry":{"type":"Polygon","coordinates":[[[-86.8292169122029,36.2260798967814],[-86.8294611664498,36.225834280779],[-86.8295838349947,36.2258927762464],[-86.8298128518892,36.2260054798907],[-86.8300009800541,36.2260986859773],[-86.8292747863308,36.2261674054278],[-86.8292705217797,36.2261473222398],[-86.8292623435674,36.226128050015],[-86.8292504649215,36.2261100874866],[-86.8292351887858,36.2260938967216],[-86.8292169122029,36.2260798967814]]]},"properties":{"id":"165943","parcel":"05905021000","address":"517 BOBWHITE CT","owner":"HOUSTON, BEN T.","point":[-86.8295228982978,36.22594887829761]}},{"type":"Feature","id":"165944","geometry":{"type":"Polygon","coordinates":[[[-86.8246245502762,36.2258157717939],[-86.8249157063778,36.2255091045935],[-86.8249281778781,36.2255260991495],[-86.825083939492,36.2257383493841],[-86.8248966034612,36.2259695640141],[-86.8248036156624,36.2259210101969],[-86.8247128898744,36.2258697235726],[-86.8246245502762,36.2258157717939]]]},"properties":{"id":"165944","parcel":"05905006400","address":"4125 AMES DR","owner":"HEIM, HOGAN R & EMMA S & ERIC","point":[-86.82485695556927,36.22577706477734]}},{"type":"Feature","id":"165945","geometry":{"type":"Polygon","coordinates":[[[-86.8239076715664,36.2218411651712],[-86.8242451007974,36.2217753251079],[-86.8244839729676,36.2219828074157],[-86.8239779402353,36.2220784648036],[-86.8239700032404,36.222047987923],[-86.8239076715664,36.2218411651712]]]},"properties":{"id":"165945","parcel":"05909006200","address":"4005 KINGS CIR","owner":"ROBINSON, WILLIE C","point":[-86.82416584232305,36.221911942591916]}},{"type":"Feature","id":"165946","geometry":{"type":"Polygon","coordinates":[[[-86.8292747863308,36.2261674054278],[-86.8300009800541,36.2260986859773],[-86.8298935046057,36.2261961203976],[-86.8298083037471,36.2262738912676],[-86.8296436420596,36.2264241922351],[-86.8295791473238,36.2264817740383],[-86.829237849783,36.2262665522131],[-86.8292518842773,36.2262527206954],[-86.8292630598077,36.2262372730215],[-86.8292710956297,36.2262205932527],[-86.829275791404,36.2262030955414],[-86.8292770327001,36.2261852186846],[-86.8292747863308,36.2261674054278]]]},"properties":{"id":"165946","parcel":"05905021100","address":"516 BOBWHITE CT","owner":"RUCKER, PATRICIA A.","point":[-86.8295469124327,36.226348786843815]}},{"type":"Feature","id":"165947","geometry":{"type":"Polygon","coordinates":[[[-86.8244064071749,36.2256631999379],[-86.8247875175392,36.2253344249433],[-86.8249157063778,36.2255091045935],[-86.8246245502762,36.2258157717939],[-86.8245498454449,36.2257668027558],[-86.8244771064295,36.2257159285136],[-86.8244064071749,36.2256631999379]]]},"properties":{"id":"165947","parcel":"05905006500","address":"4121 AMES DR","owner":"FREY, WILLIAM EARL & SMITH, SHEILA L.","point":[-86.82466915192944,36.22558616439913]}},{"type":"Feature","id":"165948","geometry":{"type":"Polygon","coordinates":[[[-86.8241138692388,36.2226856478981],[-86.8245978068567,36.2226186890872],[-86.8246140121752,36.222755086624],[-86.8246219112516,36.2228215689817],[-86.8241531968688,36.2228864214074],[-86.8241138692388,36.2226856478981]]]},"properties":{"id":"165948","parcel":"05909006600","address":"4021 KINGS CIR","owner":"WASHINGTON, BOB W. & SHIRLEY A.","point":[-86.82436526509422,36.22272036946617]}},{"type":"Feature","id":"165949","geometry":{"type":"Polygon","coordinates":[[[-86.8241960956972,36.2254839718313],[-86.8246595617176,36.2251600635078],[-86.8247654767312,36.2253043905289],[-86.8247875175392,36.2253344249433],[-86.8244064071749,36.2256631999379],[-86.824333825371,36.225605388459],[-86.8242636938753,36.2255456234128],[-86.8241960956972,36.2254839718313]]]},"properties":{"id":"165949","parcel":"05905006600","address":"4117 AMES DR","owner":"WILSON, CHARLES F., JR. ET UX","point":[-86.8245019840095,36.22540921368051]}},{"type":"Feature","id":"165950","geometry":{"type":"Polygon","coordinates":[[[-86.8286098926814,36.2261324104654],[-86.8285720117121,36.2264007818429],[-86.8282878068211,36.2264576717342],[-86.8282231548102,36.2262405496842],[-86.8282201725396,36.2262300010856],[-86.8282193667238,36.2262191996313],[-86.8282207581988,36.2262084362847],[-86.828224309981,36.226198004208],[-86.8282299260144,36.2261881852522],[-86.8282374533574,36.2261792463365],[-86.8282466887436,36.226171428589],[-86.8282573818808,36.2261649437186],[-86.8282692431805,36.2261599685547],[-86.8282819503376,36.2261566359894],[-86.8283465100843,36.226145036596],[-86.8284118500948,36.2261367880998],[-86.8284777048649,36.2261319229637],[-86.8285438076559,36.2261304619429],[-86.8286098926814,36.2261324104654]]]},"properties":{"id":"165950","parcel":"05905021500","address":"500 BOBWHITE CT","owner":"BOYD, KENTHA EVETTE","point":[-86.82841511454961,36.2263206910313]}},{"type":"Feature","id":"165951","geometry":{"type":"Polygon","coordinates":[[[-86.8243259198368,36.2237682025029],[-86.8247277819223,36.2237126004278],[-86.8247499742854,36.2238993788019],[-86.8246254803251,36.224115865581],[-86.824583985972,36.224096151757],[-86.8245446743909,36.224073693108],[-86.8245078208632,36.2240486481807],[-86.8244736841449,36.2240211909563],[-86.8244425031674,36.2239915144779],[-86.8244144970091,36.2239598281468],[-86.8243898615216,36.2239263541403],[-86.8243687715445,36.2238913264954],[-86.8243513742324,36.2238549911543],[-86.8243377912513,36.2238176032452],[-86.8243281176568,36.2237794261894],[-86.8243259198368,36.2237682025029]]]},"properties":{"id":"165951","parcel":"05909007100","address":"4041 KINGS CIR","owner":"ALLEN, HARRY E. & PATRICIA","point":[-86.82456182363686,36.22391285473976]}},{"type":"Feature","id":"165952","geometry":{"type":"Polygon","coordinates":[[[-86.8235935631112,36.225881160645],[-86.824060981291,36.2255672848712],[-86.8240616396046,36.2255679085563],[-86.8241177520343,36.2256197454754],[-86.8241755558053,36.22567034692],[-86.8242350082867,36.2257196780295],[-86.8239862881876,36.2259063490682],[-86.8235935631112,36.225881160645]]]},"properties":{"id":"165952","parcel":"05905006900","address":"4120 AMES DR","owner":"HILL, NATHANIEL H. ETUX","point":[-86.82392062589263,36.22580042909782]}},{"type":"Feature","id":"165953","geometry":{"type":"Polygon","coordinates":[[[-86.8284141946503,36.2268721567019],[-86.8290584086694,36.2267446700125],[-86.8291895845235,36.2268382673384],[-86.8291037561611,36.2269311569844],[-86.8284703899161,36.2270585703978],[-86.8284141946503,36.2268721567019]]]},"properties":{"id":"165953","parcel":"05905021800","address":"4191 BOBWHITE DR","owner":"PHILLIPS, EBONY","point":[-86.82877673259208,36.226901682750544]}},{"type":"Feature","id":"165954","geometry":{"type":"Polygon","coordinates":[[[-86.8238367223262,36.2241583546371],[-86.8242353238482,36.2239833940464],[-86.8242627117743,36.2240223839246],[-86.8242936041524,36.2240596140577],[-86.8243278297696,36.2240948783223],[-86.8243651986167,36.2241279815381],[-86.8243750777423,36.2241359569366],[-86.8242282966913,36.2242434783124],[-86.8240066506454,36.2244058407836],[-86.8238367223262,36.2241583546371]]]},"properties":{"id":"165954","parcel":"05909007400","address":"4044 KINGS CIR","owner":"ALLEN, CLYNTE","point":[-86.82407583423651,36.224200980337976]}},{"type":"Feature","id":"165957","geometry":{"type":"Polygon","coordinates":[[[-86.8237043694202,36.2236320566233],[-86.8241148822574,36.2235668766989],[-86.8241587800957,36.2237911237819],[-86.8237621089311,36.2238616584474],[-86.8237370348503,36.2237619493538],[-86.8237043694202,36.2236320566233]]]},"properties":{"id":"165957","parcel":"05909007600","address":"4036 KINGS CIR","owner":"WHITAKER, SELMON P. ETUX","point":[-86.82393058916499,36.223697311999096]}},{"type":"Feature","id":"165959","geometry":{"type":"Polygon","coordinates":[[[-86.8257941537291,36.2239960304851],[-86.8257915729288,36.2239149412205],[-86.8262320307134,36.2239062745496],[-86.826234424442,36.2239977629013],[-86.8262390222254,36.2240891965181],[-86.8262397918026,36.2240982561065],[-86.8257986064279,36.224186157357],[-86.8257941537291,36.2239960304851]]]},"properties":{"id":"165959","parcel":"05909007800","address":"4096 BOYD DR","owner":"WHITE, ALBERT JR. ETUX","point":[-86.8260159866331,36.22404315897006]}},{"type":"Feature","id":"165960","geometry":{"type":"Polygon","coordinates":[[[-86.8270320546664,36.2238642785011],[-86.8270937923004,36.2238441875999],[-86.8271541016295,36.2238214252055],[-86.8272128053674,36.2237960574243],[-86.8272697329778,36.2237681575274],[-86.8272801926418,36.2237634128635],[-86.8272941008671,36.2237641422528],[-86.8273083526318,36.223764535822],[-86.8273223336881,36.2237668085645],[-86.8273356696674,36.2237708999566],[-86.8273480034792,36.2237766997872],[-86.8273590042471,36.2237840517019],[-86.8273683762721,36.2237927594495],[-86.8273758701833,36.2238025895104],[-86.8274075691411,36.2238424729464],[-86.8274363896899,36.2238837649314],[-86.8274614276312,36.2239249845859],[-86.8274835891619,36.2239672721041],[-86.8275028050491,36.224010495477],[-86.8271641289755,36.2241424756902],[-86.8270320546664,36.2238642785011]]]},"properties":{"id":"165960","parcel":"05909016400","address":"4083 FAIRMEADE DR","owner":"SMITH, LEVESTER","point":[-86.82727157291303,36.22394583846979]}},{"type":"Feature","id":"165989","geometry":{"type":"Polygon","coordinates":[[[-86.8278501794479,36.2289659694622],[-86.8282936136242,36.2288310720749],[-86.8284119161882,36.228990688126],[-86.8284256840971,36.2290103717848],[-86.827988339356,36.2292089593771],[-86.827949868331,36.2291497248061],[-86.8279139893039,36.229089431505],[-86.8278807453282,36.2290281548866],[-86.8278501794479,36.2289659694622]]]},"properties":{"id":"165989","parcel":"05905023100","address":"4917 BOYD DR","owner":"CAMPBELL, ABIGAIL","point":[-86.82814074222391,36.22901924573255]}},{"type":"Feature","id":"165990","geometry":{"type":"Polygon","coordinates":[[[-86.8285137164765,36.2291284400989],[-86.8286736025413,36.229114157947],[-86.8289260023677,36.229387129228],[-86.8288337074534,36.2294451762197],[-86.8286942393341,36.2295315677521],[-86.8284284162405,36.229271870745],[-86.8285137164765,36.2291284400989]]]},"properties":{"id":"165990","parcel":"05905023400","address":"3005 SUNNYVIEW DR","owner":"SEBASTIAN, JOE W.","point":[-86.82868005072872,36.22932950431354]}},{"type":"Feature","id":"165991","geometry":{"type":"Polygon","coordinates":[[[-86.8282936136242,36.2288310720749],[-86.8282735913402,36.2287323162503],[-86.8286249697486,36.2286134314747],[-86.8286375898841,36.2286294107076],[-86.8286526432522,36.2286439420505],[-86.8286698781633,36.2286567847913],[-86.8286890076163,36.2286677254975],[-86.8287097160095,36.2286765815757],[-86.8287448999901,36.2286925790336],[-86.8287781843177,36.2287110517494],[-86.82880930716,36.2287318528136],[-86.8288380187216,36.2287548163082],[-86.8284119161882,36.228990688126],[-86.8282936136242,36.2288310720749]]]},"properties":{"id":"165991","parcel":"05905023700","address":"3008 SUNNYVIEW CT","owner":"MCLAY, STANLEY A., SR. & MICHAEL & JACKSON, VANZORA","point":[-86.82852720896395,36.22879288918149]}},{"type":"Feature","id":"165992","geometry":{"type":"Polygon","coordinates":[[[-86.8289918359575,36.2286790411476],[-86.8294207158413,36.2284497408645],[-86.8294764778139,36.2285944017674],[-86.8294234742391,36.2287134378525],[-86.8291402738538,36.2288670186231],[-86.8290303822367,36.2287337172253],[-86.8290153777357,36.2287165268857],[-86.8290024887105,36.2286982450234],[-86.8289918359575,36.2286790411476]]]},"properties":{"id":"165992","parcel":"05905024200","address":"3005 SUNNYVIEW CT","owner":"LEWIS, DARSHELL DENISE & JAMES, ARIEL DANIELLE","point":[-86.82926445834624,36.22863676494385]}},{"type":"Feature","id":"165993","geometry":{"type":"Polygon","coordinates":[[[-86.8294234742391,36.2287134378525],[-86.8294764778139,36.2285944017674],[-86.8296583833542,36.228610733304],[-86.8298621716379,36.2289038155457],[-86.8297295696478,36.2289657109286],[-86.8296408265396,36.2290064273161],[-86.8294234742391,36.2287134378525]]]},"properties":{"id":"165993","parcel":"05905024400","address":"3017 SUNNYVIEW DR","owner":"FREEDOM ON RISE, LLC","point":[-86.82964503394537,36.22880863004844]}},{"type":"Feature","id":"165994","geometry":{"type":"Polygon","coordinates":[[[-86.8292672680561,36.2280420355594],[-86.8294813272906,36.228020786791],[-86.8297170839761,36.2279993895046],[-86.8299907890451,36.2279755301369],[-86.8300237525998,36.2282741839594],[-86.8299973676816,36.2282768040645],[-86.8299717806727,36.2282826442806],[-86.8299475886198,36.2282915698238],[-86.8299253521939,36.2283033713561],[-86.8299055902421,36.2283177758376],[-86.8298887608879,36.2283344475582],[-86.8292672680561,36.2280420355594]]]},"properties":{"id":"165994","parcel":"05905024700","address":"3008 BLUEBELL CT","owner":"JORDAN, PATRICIA","point":[-86.82976228563422,36.22815827655336]}},{"type":"Feature","id":"166006","geometry":{"type":"Polygon","coordinates":[[[-86.8292479391715,36.225156678605],[-86.8294042347547,36.224799589633],[-86.8296458661549,36.2248221037116],[-86.829465625119,36.225223310891],[-86.8293077933713,36.2251738512079],[-86.829277418697,36.2251662891083],[-86.8292479391715,36.225156678605]]]},"properties":{"id":"166006","parcel":"05905018000","address":"4139 FARMVIEW DR","owner":"HEARD, CARLESTER ET UX","point":[-86.82944593607132,36.22498938994889]}},{"type":"Feature","id":"166007","geometry":{"type":"Polygon","coordinates":[[[-86.829465625119,36.225223310891],[-86.8296458661549,36.2248221037116],[-86.829882096245,36.224846852587],[-86.8296805964013,36.2252899605318],[-86.829465625119,36.225223310891]]]},"properties":{"id":"166007","parcel":"05905018100","address":"4143 FARMVIEW DR","owner":"GRANADOS-GAMBOA, SEBASTIAN JESUS ETAL","point":[-86.82967334356093,36.22503508118769]}},{"type":"Feature","id":"166008","geometry":{"type":"Polygon","coordinates":[[[-86.8296805964013,36.2252899605318],[-86.829882096245,36.224846852587],[-86.8301318640481,36.2248693097919],[-86.8299091517377,36.2253587173293],[-86.8296805964013,36.2252899605318]]]},"properties":{"id":"166008","parcel":"05905018200","address":"4147 FARMVIEW DR","owner":"JOHNSON, TENNESSEE W (LE) & FARMER, TRACY","point":[-86.82990619651551,36.22507963533112]}},{"type":"Feature","id":"166014","geometry":{"type":"Polygon","coordinates":[[[-86.8292321824128,36.2210560039867],[-86.8294131955065,36.2207295111061],[-86.8298182220346,36.2205575113203],[-86.8294718482424,36.2211510543627],[-86.8293948209157,36.2211203465987],[-86.8293192993886,36.221087271654],[-86.8292763547942,36.2210705137989],[-86.8292321824128,36.2210560039867]]]},"properties":{"id":"166014","parcel":"05909012100","address":"3205 BRAY DR","owner":"SMITH, WILLIAM E.","point":[-86.82947251156187,36.22089297117857]}},{"type":"Feature","id":"166015","geometry":{"type":"Polygon","coordinates":[[[-86.8291371022829,36.2218192353141],[-86.829003476682,36.2214905081278],[-86.829182009943,36.2211860089667],[-86.8292746086962,36.2212227331067],[-86.8293215110626,36.2212434446475],[-86.8293696640959,36.2212621774301],[-86.8294189415676,36.2212788800468],[-86.8291454886214,36.2218433522077],[-86.8291371022829,36.2218192353141]]]},"properties":{"id":"166015","parcel":"05909012800","address":"3204 BRAY DR","owner":"CLINKSCALES, MALIKA R","point":[-86.82915348542544,36.22165499055009]}},{"type":"Feature","id":"166016","geometry":{"type":"Polygon","coordinates":[[[-86.8281523808577,36.222061138623],[-86.8282072237052,36.22201163226],[-86.8282600506494,36.2219607066937],[-86.8283108066363,36.2219084154787],[-86.8287886026703,36.2222106086506],[-86.8286350011112,36.2223061604185],[-86.8285433001846,36.2223551375257],[-86.8281523808577,36.222061138623]]]},"properties":{"id":"166016","parcel":"05909013300","address":"4043 BOYD DR","owner":"OLDEN, MONIQUE L.","point":[-86.82846111442757,36.222135860617655]}},{"type":"Feature","id":"166017","geometry":{"type":"Polygon","coordinates":[[[-86.8266710066334,36.2230536286942],[-86.8267162991615,36.2230036422355],[-86.8267646011764,36.2229555422211],[-86.8268157948804,36.2229094457163],[-86.8268697513446,36.2228654689612],[-86.8272282396005,36.2231706831056],[-86.8271206741371,36.2232593248876],[-86.8270857155302,36.2232881332639],[-86.8266710066334,36.2230536286942]]]},"properties":{"id":"166017","parcel":"05909014000","address":"4071 BOYD DR","owner":"KALOGRIS, CARLYN & DYLAN","point":[-86.82696695669166,36.22311218128994]}},{"type":"Feature","id":"166018","geometry":{"type":"Polygon","coordinates":[[[-86.8264343741372,36.223510157217],[-86.8264527571499,36.2234471731841],[-86.8264747631513,36.2233849574635],[-86.8265003434829,36.2233236446737],[-86.8265294439535,36.2232633721746],[-86.826943167013,36.2234033861471],[-86.826757614903,36.2235562930753],[-86.8264343741372,36.223510157217]]]},"properties":{"id":"166018","parcel":"05909014200","address":"4081 BOYD DR","owner":"JORDAN, DOUGLAS","point":[-86.82668841914578,36.22342526609595]}},{"type":"Feature","id":"166019","geometry":{"type":"Polygon","coordinates":[[[-86.8264053638637,36.2240446557427],[-86.8264044764138,36.2240246079227],[-86.8264049999798,36.2240129420618],[-86.8264079932462,36.2240015233718],[-86.826413365203,36.2239906913482],[-86.8264209568154,36.2239807688278],[-86.826430542042,36.2239720529696],[-86.8264418332651,36.2239648025996],[-86.8264544957116,36.2239592345073],[-86.8264681517897,36.2239555126013],[-86.8264823944635,36.2239537505211],[-86.8265447492881,36.2239511265665],[-86.8266274162123,36.2239447729566],[-86.8267096469059,36.2239354138764],[-86.8267912747024,36.2239230675916],[-86.8268523435896,36.2242522945847],[-86.8264333948392,36.2242944440732],[-86.8264207402497,36.2242114400823],[-86.8264113929574,36.2241281484898],[-86.8264053638637,36.2240446557427]]]},"properties":{"id":"166019","parcel":"05909014500","address":"4101 BOYD DR","owner":"BOWMAN, CASSANDRA JEAN","point":[-86.82661503066636,36.22408670172561]}},{"type":"Feature","id":"166033","geometry":{"type":"Polygon","coordinates":[[[-86.8293493712557,36.2257779123016],[-86.8295215917945,36.2253877485908],[-86.8297719360923,36.2254651441716],[-86.8295838349947,36.2258927762464],[-86.8294611664498,36.225834280779],[-86.8293493712557,36.2257779123016]]]},"properties":{"id":"166033","parcel":"05905019900","address":"4158 FARMVIEW DR","owner":"ACOSTA, MARIA ALEJANDRA RESTREPO","point":[-86.82956077429616,36.225621528597514]}},{"type":"Feature","id":"166034","geometry":{"type":"Polygon","coordinates":[[[-86.8286040370586,36.2255720549013],[-86.8287164560258,36.2251691171642],[-86.8288289432102,36.225194442158],[-86.8289230937006,36.2252170106658],[-86.8289965180485,36.2252353214117],[-86.8288407054837,36.2256385580874],[-86.8288026202106,36.2256278312882],[-86.8286040370586,36.2255720549013]]]},"properties":{"id":"166034","parcel":"05905020200","address":"4146 FARMVIEW DR","owner":"HILTON, ROBERT A. ET UX","point":[-86.82879122940757,36.22540367537463]}},{"type":"Feature","id":"166035","geometry":{"type":"Polygon","coordinates":[[[-86.8289319375576,36.2260630012148],[-86.8289014226525,36.2260565250971],[-86.8288720994159,36.2260471017929],[-86.8288194343876,36.2260345652827],[-86.8287659203936,36.2260246644446],[-86.8287117602479,36.2260174348375],[-86.8288026202106,36.2256278312882],[-86.8288407054837,36.2256385580874],[-86.8290936708008,36.2257071453141],[-86.8291181483697,36.225713570897],[-86.8289807924028,36.2260661339668],[-86.8289562609771,36.2260656317911],[-86.8289319375576,36.2260630012148]]]},"properties":{"id":"166035","parcel":"05905020800","address":"509 BOBWHITE CT","owner":"OSBORNE, TIMOTHY","point":[-86.82890306263728,36.225865486039275]}},{"type":"Feature","id":"166036","geometry":{"type":"Polygon","coordinates":[[[-86.8290702025546,36.2260567303334],[-86.8290410216874,36.2260631601169],[-86.829011032371,36.2260663139628],[-86.8289807924028,36.2260661339668],[-86.8291181483697,36.225713570897],[-86.8293493712557,36.2257779123016],[-86.8294611664498,36.225834280779],[-86.8292169122029,36.2260798967814],[-86.8291955978743,36.2260679247933],[-86.8291721392604,36.2260589614995],[-86.8291471807391,36.2260532512225],[-86.8291214013565,36.226050949724],[-86.8290955058822,36.2260521197602],[-86.8290702025546,36.2260567303334]]]},"properties":{"id":"166036","parcel":"05905020900","address":"513 BOBWHITE CT","owner":"REED, ANTHONY & CASSANDRA","point":[-86.82919120252383,36.22594247255311]}},{"type":"Feature","id":"166037","geometry":{"type":"Polygon","coordinates":[[[-86.8290584086694,36.2267446700125],[-86.8288452728299,36.2265944961518],[-86.8288070044502,36.2265661888782],[-86.8289499266589,36.2262267732669],[-86.8289800104766,36.2262507403343],[-86.8289950066273,36.2262670709448],[-86.8290129564785,36.2262813119935],[-86.8290334225887,36.2262931167937],[-86.8290559058402,36.2263021976635],[-86.829079859984,36.2263083339383],[-86.829104701688,36.2263113755061],[-86.8291298228288,36.2263112481313],[-86.8291895845235,36.2268382673384],[-86.8290584086694,36.2267446700125]]]},"properties":{"id":"166037","parcel":"05905021300","address":"508 BOBWHITE CT","owner":"BELL, ANNIE E.","point":[-86.8290025128844,36.22643884897441]}},{"type":"Feature","id":"166038","geometry":{"type":"Polygon","coordinates":[[[-86.8272181693424,36.2292252224798],[-86.8277100594886,36.2290548346809],[-86.82775804649,36.2291419574988],[-86.8278095138998,36.2292277658448],[-86.8272910275513,36.229448884073],[-86.8272181693424,36.2292252224798]]]},"properties":{"id":"166038","parcel":"05905022300","address":"4920 BOYD DR","owner":"SINGER, RAYMOND E., SR.","point":[-86.82740257251199,36.22933811228349]}},{"type":"Feature","id":"166039","geometry":{"type":"Polygon","coordinates":[[[-86.8271537521109,36.2289948193094],[-86.8276267650124,36.2288708045843],[-86.8276517018035,36.2289329718563],[-86.8276794791603,36.2289943436764],[-86.8277100594886,36.2290548346809],[-86.8272181693424,36.2292252224798],[-86.8271589886099,36.2290124598003],[-86.8271533804835,36.2289949173874],[-86.8271537521109,36.2289948193094]]]},"properties":{"id":"166039","parcel":"05905022400","address":"4916 BOYD DR","owner":"ELLIS, WILL A. & SHEILIA D.","point":[-86.82743215773334,36.22903364414508]}},{"type":"Feature","id":"166040","geometry":{"type":"Polygon","coordinates":[[[-86.8270914642332,36.2287799734274],[-86.8275597210248,36.2286844658257],[-86.8275918736657,36.22877795823],[-86.8276267650124,36.2288708045843],[-86.8271537521109,36.2289948193094],[-86.8271533804835,36.2289949173874],[-86.8271458235889,36.2289681107815],[-86.8271026804118,36.2288150564582],[-86.8270914642332,36.2287799734274]]]},"properties":{"id":"166040","parcel":"05905022500","address":"4912 BOYD DR","owner":"STEVENS FAMILY REVOCABLE LIVING TRUST AGREEMENT","point":[-86.827363430334,36.22884292894352]}},{"type":"Feature","id":"166041","geometry":{"type":"Polygon","coordinates":[[[-86.8269872178723,36.2284070927773],[-86.827450136264,36.2283204102817],[-86.8275035038181,36.2284958546859],[-86.8270379598708,36.2285913435076],[-86.8269872178723,36.2284070927773]]]},"properties":{"id":"166041","parcel":"05905022700","address":"4904 BOYD DR","owner":"PERKINS, GLOVER","point":[-86.82724472683128,36.22845147309467]}},{"type":"Feature","id":"166042","geometry":{"type":"Polygon","coordinates":[[[-86.827268576606,36.2231374442144],[-86.8273788315068,36.2230465839008],[-86.8274622179126,36.2229800838126],[-86.8277681470786,36.2231867622506],[-86.8277278297068,36.2232238892032],[-86.8276893350642,36.2232622654128],[-86.8276527203666,36.2233018310059],[-86.8276282776704,36.2233301024312],[-86.8276017652174,36.2233571208642],[-86.827268576606,36.2231374442144]]]},"properties":{"id":"166042","parcel":"05909015300","address":"4076 FAIRMEADE DR","owner":"PRIDE, THOMAS E. ET UX","point":[-86.8275188072306,36.223162104135135]}},{"type":"Feature","id":"166043","geometry":{"type":"Polygon","coordinates":[[[-86.8268523435896,36.2242522945847],[-86.8267912747024,36.2239230675916],[-86.8268525396255,36.2239113959986],[-86.826913158204,36.2238976910548],[-86.8269730305669,36.2238819759764],[-86.8270320546664,36.2238642785011],[-86.8271641289755,36.2241424756902],[-86.8269920361718,36.2243831958614],[-86.8268523435896,36.2242522945847]]]},"properties":{"id":"166043","parcel":"05909016500","address":"4087 FAIRMEADE DR","owner":"JENNINGS, OBIE III ET UX","point":[-86.82696185919451,36.22403274887843]}},{"type":"Feature","id":"166058","geometry":{"type":"Polygon","coordinates":[[[-86.8277612306122,36.2287600019563],[-86.8282537364518,36.2286489419259],[-86.8282735913402,36.2287323162503],[-86.8282936136242,36.2288310720749],[-86.8278501794479,36.2289659694622],[-86.8278183445669,36.2288979417665],[-86.8277886877552,36.2288292709591],[-86.8277612306122,36.2287600019563]]]},"properties":{"id":"166058","parcel":"05905023000","address":"4913 BOYD DR","owner":"HILLMAN, MEYORI","point":[-86.82803066732967,36.22879500423632]}},{"type":"Feature","id":"166059","geometry":{"type":"Polygon","coordinates":[[[-86.827988339356,36.2292089593771],[-86.8284256840971,36.2290103717848],[-86.8285137164765,36.2291284400989],[-86.8284284162405,36.229271870745],[-86.8281506585437,36.2294276099817],[-86.8281066088646,36.2293746819505],[-86.8280648393672,36.2293205549215],[-86.8280254007713,36.2292652925385],[-86.827988339356,36.2292089593771]]]},"properties":{"id":"166059","parcel":"05905023200","address":"4921 BOYD DR","owner":"CROWDER, THOMAS E.","point":[-86.82822778616395,36.22923744330211]}},{"type":"Feature","id":"166060","geometry":{"type":"Polygon","coordinates":[[[-86.8281506585437,36.2294276099817],[-86.8284284162405,36.229271870745],[-86.8286942393341,36.2295315677521],[-86.828590701119,36.22959813466],[-86.8284895063611,36.229667025066],[-86.828478698517,36.2296739667699],[-86.8284666174506,36.22967935713],[-86.8284535986413,36.2296830451376],[-86.8284400036704,36.2296849291744],[-86.8284262124342,36.2296849570655],[-86.8284126064687,36.2296831270957],[-86.8283995656409,36.2296794907353],[-86.8283874525381,36.2296741491423],[-86.8283766024291,36.2296672505277],[-86.8283154729521,36.2296103002313],[-86.8282573701705,36.2295513049275],[-86.82820239976,36.2294903711456],[-86.8281506585437,36.2294276099817]]]},"properties":{"id":"166060","parcel":"05905023300","address":"3001 SUNNYVIEW DR","owner":"HOLMES, SANDRA","point":[-86.82839856544244,36.22945930920338]}},{"type":"Feature","id":"166061","geometry":{"type":"Polygon","coordinates":[[[-86.8282537364518,36.2286489419259],[-86.8282109410977,36.2284470536793],[-86.8281795450714,36.2282978306155],[-86.8286182601729,36.2284904126597],[-86.8286103657784,36.2285105486234],[-86.8286060327519,36.2285313838655],[-86.8286053502069,36.2285525040982],[-86.8286083293769,36.2285734937649],[-86.8286149125233,36.2285939368809],[-86.8286249697486,36.2286134314747],[-86.8282735913402,36.2287323162503],[-86.8282537364518,36.2286489419259]]]},"properties":{"id":"166061","parcel":"05905023800","address":"3012 SUNNYVIEW CT","owner":"COTTON, LISHA R.","point":[-86.82841734597957,36.22852069271936]}},{"type":"Feature","id":"166062","geometry":{"type":"Polygon","coordinates":[[[-86.8289583975919,36.2285940207292],[-86.8289547650291,36.2285729995043],[-86.8289525316244,36.2285518506126],[-86.8289522479668,36.2285323790984],[-86.8289485317123,36.2285131411338],[-86.8289414603831,36.2284945291344],[-86.8289311781733,36.2284769287496],[-86.8289178979659,36.2284606990204],[-86.8289018902193,36.2284461733576],[-86.8288834850973,36.2284336505143],[-86.8292672680561,36.2280420355594],[-86.8294207158413,36.2284497408645],[-86.8289918359575,36.2286790411476],[-86.8289776102152,36.2286515368808],[-86.8289664351434,36.2286231230366],[-86.8289583975919,36.2285940207292]]]},"properties":{"id":"166062","parcel":"05905024100","address":"3009 SUNNYVIEW CT","owner":"BROWN, PHYLLIS A.","point":[-86.82920824182497,36.22823803291387]}},{"type":"Feature","id":"167042","geometry":{"type":"Polygon","coordinates":[[[-86.8273727458076,36.2255826926228],[-86.8273612329905,36.2255190408485],[-86.8274714212103,36.2254215900932],[-86.8278591426394,36.2254079451745],[-86.8278681966519,36.2255178545896],[-86.8278804220936,36.2256275620121],[-86.827392694051,36.2256748564802],[-86.8273727458076,36.2255826926228]]]},"properties":{"id":"167042","parcel":"05905016800","address":"4162 BOBWHITE DR","owner":"ARMM ASSETS 2 LLC","point":[-86.82761947293619,36.2255512307271]}},{"type":"Feature","id":"167045","geometry":{"type":"Polygon","coordinates":[[[-86.827167386812,36.2253973008558],[-86.8271129676874,36.2251207719873],[-86.8272199091278,36.2251065243694],[-86.8273274339464,36.2250955280038],[-86.827435389909,36.2250877965496],[-86.8274714212103,36.2254215900932],[-86.8273612329905,36.2255190408485],[-86.827167386812,36.2253973008558]]]},"properties":{"id":"167045","parcel":"05905017000","address":"4130 FARMVIEW DR","owner":"STRINGFELLOW, TONY A.","point":[-86.82729705020903,36.22525926294036]}},{"type":"Feature","id":"167049","geometry":{"type":"Polygon","coordinates":[[[-86.8280441730502,36.2249451742564],[-86.8280798979719,36.2244702403758],[-86.8283786529005,36.2244113287225],[-86.8282938728937,36.2249610430241],[-86.8282108334658,36.2249538670318],[-86.8281275779258,36.2249485760932],[-86.8280441730502,36.2249451742564]]]},"properties":{"id":"167049","parcel":"05905017500","address":"4119 FARMVIEW DR","owner":"MARY'S GENERATION","point":[-86.82819745974113,36.224707901833504]}},{"type":"Feature","id":"167052","geometry":{"type":"Polygon","coordinates":[[[-86.8283786529005,36.2244113287225],[-86.8286601605873,36.2243566543051],[-86.82853557338,36.2249901542557],[-86.8284632591889,36.2249807589708],[-86.8282938728937,36.2249610430241],[-86.8283786529005,36.2244113287225]]]},"properties":{"id":"167052","parcel":"05905017600","address":"4123 FARMVIEW DR","owner":"WILEY, JOSHUA ET UX","point":[-86.8284657717862,36.22468637160869]}},{"type":"Feature","id":"167055","geometry":{"type":"Polygon","coordinates":[[[-86.8296555759789,36.2213431836976],[-86.8297354561193,36.2213569406466],[-86.8298160969024,36.2213673846967],[-86.8298972889131,36.2213744875435],[-86.8298433048454,36.2219176740744],[-86.8294719644151,36.2219400038768],[-86.8296555759789,36.2213431836976]]]},"properties":{"id":"167055","parcel":"05909012600","address":"3212 BRAY DR","owner":"MCCROSKEY, SURKANYA N.","point":[-86.82971641091929,36.22164586193698]}},{"type":"Feature","id":"167062","geometry":{"type":"Polygon","coordinates":[[[-86.8291454886214,36.2218433522077],[-86.8294189415676,36.2212788800468],[-86.8294767397932,36.2212980909114],[-86.8295355196835,36.2213152329259],[-86.8295951707777,36.2213302735007],[-86.8296555759789,36.2213431836976],[-86.8294719644151,36.2219400038768],[-86.8291927868248,36.2219573062133],[-86.8291454886214,36.2218433522077]]]},"properties":{"id":"167062","parcel":"05909012700","address":"3208 BRAY DR","owner":"HOPPER, MEGHAN HELEESE & TWIGGS, KATHLEEN ANN","point":[-86.82942264607517,36.221593299754964]}},{"type":"Feature","id":"167066","geometry":{"type":"Polygon","coordinates":[[[-86.8285947217447,36.2215658346125],[-86.8286362073141,36.2215072475671],[-86.8286753773261,36.2214476228216],[-86.8287121901422,36.221387020147],[-86.829003476682,36.2214905081278],[-86.8291371022829,36.2218192353141],[-86.8285947217447,36.2215658346125]]]},"properties":{"id":"167066","parcel":"05909013000","address":"4031 BOYD DR","owner":"EWING, CHESTER A.","point":[-86.82897581931252,36.221692692400616]}},{"type":"Feature","id":"167070","geometry":{"type":"Polygon","coordinates":[[[-86.8283108066363,36.2219084154787],[-86.8283873716677,36.2218263742275],[-86.8284609582464,36.2217425625535],[-86.8290364780152,36.2220528779926],[-86.8287886026703,36.2222106086506],[-86.8283108066363,36.2219084154787]]]},"properties":{"id":"167070","parcel":"05909013200","address":"4039 BOYD DR","owner":"RHODES, EARL L. ET UX","point":[-86.82866378591457,36.2219806331737]}},{"type":"Feature","id":"167073","geometry":{"type":"Polygon","coordinates":[[[-86.8279640537996,36.2222074729194],[-86.8280597290154,36.2221355833439],[-86.8281523808577,36.222061138623],[-86.8285433001846,36.2223551375257],[-86.8285001136805,36.2223752127918],[-86.8282924118462,36.2224843215162],[-86.8279640537996,36.2222074729194]]]},"properties":{"id":"167073","parcel":"05909013400","address":"4047 BOYD DR","owner":"BARR, PAMELA","point":[-86.82824838622025,36.22228129797953]}},{"type":"Feature","id":"167077","geometry":{"type":"Polygon","coordinates":[[[-86.8253057082414,36.2243749510652],[-86.8253027809618,36.2242843577019],[-86.8253489539756,36.224275212577],[-86.8257986064279,36.224186157357],[-86.8258067403575,36.2243811411639],[-86.8258076872341,36.2244720616942],[-86.8253117565141,36.2245137241704],[-86.8253084560168,36.2244599461377],[-86.8253057082414,36.2243749510652]]]},"properties":{"id":"167077","parcel":"05909014900","address":"4101 MEADOW HILL DR","owner":"WALKER, MICHAEL LEE","point":[-86.82555443378091,36.224330019377746]}},{"type":"Feature","id":"167080","geometry":{"type":"Polygon","coordinates":[[[-86.826757614903,36.2235562930753],[-86.826943167013,36.2234033861471],[-86.8269700584999,36.2233812257512],[-86.8271493466357,36.2236678878881],[-86.8270842228005,36.2236945460426],[-86.827017750309,36.2237189178913],[-86.8269500488173,36.2237409575501],[-86.8268812424967,36.2237606254128],[-86.8268114588935,36.2237778854553],[-86.826757614903,36.2235562930753]]]},"properties":{"id":"167080","parcel":"05909015000","address":"4088 FAIRMEADE DR","owner":"MATTHEWS, VIRGINIA & BOBBY","point":[-86.82694285175896,36.223612075270744]}},{"type":"Feature","id":"167085","geometry":{"type":"Polygon","coordinates":[[[-86.8269700584999,36.2233812257512],[-86.8270857155302,36.2232881332639],[-86.8271206741371,36.2232593248876],[-86.8273974361329,36.2235299355555],[-86.8273383241802,36.223567752602],[-86.8272771895548,36.223603396119],[-86.8272141550028,36.2236367967671],[-86.8271493466357,36.2236678878881],[-86.8269700584999,36.2233812257512]]]},"properties":{"id":"167085","parcel":"05909015100","address":"4084 FAIRMEADE DR","owner":"GORDON, DENNIS L.","point":[-86.82716900291129,36.22345555954963]}},{"type":"Feature","id":"167127","geometry":{"type":"Polygon","coordinates":[[[-86.8284256840971,36.2290103717848],[-86.8284119161882,36.228990688126],[-86.8288380187216,36.2287548163082],[-86.8288607700684,36.2287750069702],[-86.828880956436,36.2287969168022],[-86.8288983797964,36.2288203308626],[-86.8289615810533,36.2288985219015],[-86.8289973047375,36.2289427186156],[-86.8286736025413,36.229114157947],[-86.8285137164765,36.2291284400989],[-86.8284256840971,36.2290103717848]]]},"properties":{"id":"167127","parcel":"05905023600","address":"3004 SUNNYVIEW CT","owner":"BOOKER, TARA & OMARI & MINATRA, SUSAN R.","point":[-86.82875953715501,36.22892030575191]}},{"type":"Feature","id":"167131","geometry":{"type":"Polygon","coordinates":[[[-86.8281795450714,36.2282978306155],[-86.8282870713864,36.2282047928949],[-86.8285388263149,36.2281569156255],[-86.8286606239596,36.2281319066002],[-86.8287340593903,36.2284105013811],[-86.8287097416312,36.2284180594292],[-86.8286869093243,36.2284282128154],[-86.8286659821187,36.2284407757066],[-86.8286473447023,36.2284555165454],[-86.8286313390822,36.2284721644121],[-86.8286182601729,36.2284904126597],[-86.8281795450714,36.2282978306155]]]},"properties":{"id":"167131","parcel":"05905023900","address":"3016 SUNNYVIEW CT","owner":"BROWN, WILLARD R. ETUX","point":[-86.82851335093888,36.22835424737635]}},{"type":"Feature","id":"167134","geometry":{"type":"Polygon","coordinates":[[[-86.8287340593903,36.2284105013811],[-86.8286606239596,36.2281319066002],[-86.8287905820612,36.2281090387244],[-86.829020661788,36.2280635073315],[-86.8292564187155,36.2280421100432],[-86.8292672680561,36.2280420355594],[-86.8288834850973,36.2284336505143],[-86.8288613368327,36.2284222997525],[-86.8288373435769,36.2284137582471],[-86.8288120423894,36.2284082178849],[-86.8287860052345,36.2284058045215],[-86.8287598144462,36.2284065718415],[-86.8287340593903,36.2284105013811]]]},"properties":{"id":"167134","parcel":"05905024000","address":"3013 SUNNYVIEW CT","owner":"HERRON, ZENOBIA MARIE & MCELROY, NARJA M.","point":[-86.82887062362305,36.22826906634705]}},{"type":"Feature","id":"167137","geometry":{"type":"Polygon","coordinates":[[[-86.8283667951196,36.2254506145115],[-86.8284392449798,36.2251160754144],[-86.828481527187,36.2251208775115],[-86.8285231200421,36.225128688215],[-86.8287164560258,36.2251691171642],[-86.8286040370586,36.2255720549013],[-86.8283667951196,36.2254506145115]]]},"properties":{"id":"167137","parcel":"05905020300","address":"4142 FARMVIEW DR","owner":"REID, GRAHAM E. II & LOUELLA W","point":[-86.82853722734878,36.225309859665416]}},{"type":"Feature","id":"167138","geometry":{"type":"Polygon","coordinates":[[[-86.8294764778139,36.2285944017674],[-86.8294207158413,36.2284497408645],[-86.8292672680561,36.2280420355594],[-86.8298887608879,36.2283344475582],[-86.8298762332548,36.2283524091627],[-86.8298670483812,36.2283716519191],[-86.8298614011174,36.2283917680227],[-86.8298594094143,36.2284123357767],[-86.8298611176698,36.2284329204701],[-86.8298664857471,36.2284530879726],[-86.8298754035091,36.2284724118445],[-86.8298876820527,36.2284904860149],[-86.8296583833542,36.228610733304],[-86.8294764778139,36.2285944017674]]]},"properties":{"id":"167138","parcel":"05905024600","address":"3004 BLUEBELL CT","owner":"JORDAN, EARLINE","point":[-86.82945008605617,36.228188059691426]}},{"type":"Feature","id":"167140","geometry":{"type":"Polygon","coordinates":[[[-86.8280684093954,36.225707585761],[-86.8284584764783,36.2256587611781],[-86.8284756877549,36.2260080661462],[-86.8283992564128,36.2260140573904],[-86.8283233336896,36.2260233770476],[-86.8282481417658,36.2260359983601],[-86.8282340986059,36.2260371923861],[-86.8282199976434,36.2260365797852],[-86.8282061927498,36.2260341743536],[-86.8281930260797,36.2260300395374],[-86.8281808279382,36.2260242758152],[-86.8281699023877,36.2260170271065],[-86.8281605216297,36.2260084754016],[-86.8281529203683,36.2259988335911],[-86.8281472868743,36.2259883419217],[-86.8281167683634,36.2258955584949],[-86.8280904635749,36.2258019314331],[-86.8280684093954,36.225707585761]]]},"properties":{"id":"167140","parcel":"05905020600","address":"4175 BOBWHITE DR","owner":"SIMMONS, DOROTHY & REED, ANNA","point":[-86.82828573961528,36.22584900645549]}},{"type":"Feature","id":"167144","geometry":{"type":"Polygon","coordinates":[[[-86.8284756877549,36.2260080661462],[-86.8284584764783,36.2256587611781],[-86.8286040370586,36.2255720549013],[-86.8288026202106,36.2256278312882],[-86.8287117602479,36.2260174348375],[-86.8286530421869,36.2260114216294],[-86.8285940192929,36.2260078510897],[-86.8285348507185,36.22600673204],[-86.8284756877549,36.2260080661462]]]},"properties":{"id":"167144","parcel":"05905020700","address":"505 BOBWHITE CT","owner":"TORAN, CHANTELE","point":[-86.82861089634386,36.22583291028851]}},{"type":"Feature","id":"167146","geometry":{"type":"Polygon","coordinates":[[[-86.8300545537034,36.2224137380447],[-86.8300331603833,36.2224190033133],[-86.8300128139018,36.2224265163336],[-86.8291927868248,36.2219573062133],[-86.8294719644151,36.2219400038768],[-86.8298433048454,36.2219176740744],[-86.8300086452737,36.2219077479885],[-86.8300390979261,36.2219020446397],[-86.8303491528031,36.2224161148451],[-86.8302644510056,36.2224356298643],[-86.8302462670863,36.2224385974307],[-86.8302277350727,36.222439233127],[-86.8302093074975,36.2224375203237],[-86.8301914330674,36.2224335019008],[-86.8301745510543,36.2224272757802],[-86.8301520636619,36.222418875594],[-86.8301283026326,36.222413232095],[-86.8301037775398,36.2224104652529],[-86.8300790173447,36.2224106345199],[-86.8300545537034,36.2224137380447]]]},"properties":{"id":"167146","parcel":"05909018900","address":"3409 FAIRMEADE DR","owner":"ESPINOSA, MARTIN & RENITA WEEMS-","point":[-86.82989909640405,36.22218424339422]}},{"type":"Feature","id":"167148","geometry":{"type":"Polygon","coordinates":[[[-86.8291298228288,36.2263112481313],[-86.8291543792641,36.2263080711669],[-86.8291780203802,36.2263018235874],[-86.8292001671424,36.2262926598783],[-86.8292202746389,36.2262808063919],[-86.829237849783,36.2262665522131],[-86.8295791473238,36.2264817740383],[-86.8294071999452,36.2266389868818],[-86.8291895845235,36.2268382673384],[-86.8291298228288,36.2263112481313]]]},"properties":{"id":"167148","parcel":"05905021200","address":"512 BOBWHITE CT","owner":"SPICER, JOE & JUANITA","point":[-86.82932559638503,36.226560141585765]}},{"type":"Feature","id":"167152","geometry":{"type":"Polygon","coordinates":[[[-86.8285720117121,36.2264007818429],[-86.8286098926814,36.2261324104654],[-86.8286746955904,36.2261389758782],[-86.8287390332312,36.2261480652661],[-86.8288027552086,36.2261596562292],[-86.8288479992512,36.2261762876131],[-86.8288916705466,36.2261954821344],[-86.8289335489538,36.2262171430687],[-86.8289499266589,36.2262267732669],[-86.8288070044502,36.2265661888782],[-86.8285720117121,36.2264007818429]]]},"properties":{"id":"167152","parcel":"05905021400","address":"504 BOBWHITE CT","owner":"WILKS, GIRLEY D.","point":[-86.82874876358616,36.22631376023741]}},{"type":"Feature","id":"167156","geometry":{"type":"Polygon","coordinates":[[[-86.8282878068211,36.2264576717342],[-86.8285720117121,36.2264007818429],[-86.8288070044502,36.2265661888782],[-86.8288452728299,36.2265944961518],[-86.8283607802589,36.2266923175004],[-86.8282878068211,36.2264576717342]]]},"properties":{"id":"167156","parcel":"05905021600","address":"4183 BOBWHITE DR","owner":"PILLOW, DEBORAH E.","point":[-86.82851743231103,36.22651188763683]}},{"type":"Feature","id":"167164","geometry":{"type":"Polygon","coordinates":[[[-86.8272910275513,36.229448884073],[-86.8278095138998,36.2292277658448],[-86.8278444863278,36.2292850777216],[-86.827882161187,36.2293412535075],[-86.827922483103,36.2293962097628],[-86.8273640226059,36.2296857273539],[-86.8272910275513,36.229448884073]]]},"properties":{"id":"167164","parcel":"05905022200","address":"4924 BOYD DR","owner":"GILMORE, ERICA SHANTYL","point":[-86.82745962073786,36.22956749627333]}},{"type":"Feature","id":"167168","geometry":{"type":"Polygon","coordinates":[[[-86.8270379598708,36.2285913435076],[-86.8275035038181,36.2284958546859],[-86.8275597210248,36.2286844658257],[-86.8270914642332,36.2287799734274],[-86.8270435679525,36.2286088868291],[-86.8270379598708,36.2285913435076]]]},"properties":{"id":"167168","parcel":"05905022600","address":"4908 BOYD DR","owner":"JONES, LENA M.","point":[-86.82730130546607,36.22864667611637]}},{"type":"Feature","id":"167171","geometry":{"type":"Polygon","coordinates":[[[-86.8274622179126,36.2229800838126],[-86.8275724712794,36.222889225128],[-86.8276773470778,36.222802799528],[-86.8279538111061,36.223044842011],[-86.8278890756644,36.2230896628095],[-86.8278271383711,36.2231370077453],[-86.8277681470786,36.2231867622506],[-86.8274622179126,36.2229800838126]]]},"properties":{"id":"167171","parcel":"05909015400","address":"4072 FAIRMEADE DR","owner":"SMITH, PAUL W., SR.","point":[-86.82771344728921,36.22301247098625]}},{"type":"Feature","id":"167175","geometry":{"type":"Polygon","coordinates":[[[-86.8279605974704,36.2226558141543],[-86.8280415237931,36.222613504072],[-86.8282384465906,36.2225110633108],[-86.8283991201095,36.2228330130242],[-86.8283376613966,36.2228529720106],[-86.8282774655596,36.2228753160475],[-86.8282186733104,36.2228999928003],[-86.8281614230707,36.2229269436411],[-86.8279605974704,36.2226558141543]]]},"properties":{"id":"167175","parcel":"05909015600","address":"4064 FAIRMEADE DR","owner":"PODGORSKI, KERRICK & KULLEN","point":[-86.828190544064,36.22274442913258]}},{"type":"Feature","id":"167179","geometry":{"type":"Polygon","coordinates":[[[-86.8284709644624,36.2229599834322],[-86.8285162762057,36.2229462285495],[-86.8285622866862,36.2229340920229],[-86.8286089094165,36.2229235996802],[-86.8286928246079,36.2229079152677],[-86.8289302871865,36.2235699715862],[-86.8287461869866,36.223602001169],[-86.8284709644624,36.2229599834322]]]},"properties":{"id":"167179","parcel":"05909015800","address":"4059 FAIRMEADE DR","owner":"HARDING, ERIC FRANK & KAREN C","point":[-86.82871130208345,36.223264993019036]}},{"type":"Feature","id":"167181","geometry":{"type":"Polygon","coordinates":[[[-86.8274363896899,36.2238837649314],[-86.8274075691411,36.2238424729464],[-86.8273758701833,36.2238025895104],[-86.8273683762721,36.2237927594495],[-86.8273590042471,36.2237840517019],[-86.8273480034792,36.2237766997872],[-86.8273356696674,36.2237708999566],[-86.8273223336881,36.2237668085645],[-86.8273083526318,36.223764535822],[-86.8272941008671,36.2237641422528],[-86.8272801926418,36.2237634128635],[-86.8273409665483,36.223734229333],[-86.8274001729438,36.2237029998381],[-86.8274577045124,36.223669780093],[-86.8275134606308,36.2236346275686],[-86.8275067779062,36.2236440130918],[-86.8275002863039,36.2236546590666],[-86.8274960602586,36.2236660294526],[-86.8274942132832,36.2236778098344],[-86.8274947987078,36.2236896744926],[-86.8274977986793,36.2237012981954],[-86.8275031319755,36.2237123588483],[-86.8275106497061,36.223722551945],[-86.8275822067553,36.2238220535639],[-86.8276290118775,36.2238887612285],[-86.8280991475652,36.223716320443],[-86.8284023734243,36.2236636958661],[-86.8285404362066,36.2236385753261],[-86.8286487102432,36.2236180535354],[-86.8287461869866,36.223602001169],[-86.8289302871865,36.2235699715862],[-86.829284925665,36.2235060028878],[-86.8291826093899,36.2242585701263],[-86.8289633425472,36.2242996305054],[-86.8286601605873,36.2243566543051],[-86.8283786529005,36.2244113287225],[-86.8280798979719,36.2244702403758],[-86.8277929421148,36.2245227535054],[-86.8277130215695,36.2245378988849],[-86.8275060099091,36.2245774621533],[-86.8272325908921,36.2246276830344],[-86.8269510583456,36.2246801570105],[-86.8270427028051,36.2244298234116],[-86.8269920361718,36.2243831958614],[-86.8271641289755,36.2241424756902],[-86.8275028050491,36.224010495477],[-86.8274835891619,36.2239672721041],[-86.8274614276312,36.2239249845859],[-86.8274363896899,36.2238837649314]]]},"properties":{"id":"167181","parcel":"05900014100","address":"4081 FAIRMEADE DR","owner":"JOHNSON, CLAUDE E. ET UX","point":[-86.82827023332003,36.2240778337492]}},{"type":"Feature","id":"167183","geometry":{"type":"Polygon","coordinates":[[[-86.828225154138,36.2230561670873],[-86.8282848452951,36.2230292589618],[-86.8283457707319,36.2230042349843],[-86.8284078407379,36.2229811318184],[-86.8284709644624,36.2229599834322],[-86.8287461869866,36.223602001169],[-86.8286487102432,36.2236180535354],[-86.828225154138,36.2230561670873]]]},"properties":{"id":"167183","parcel":"05909015900","address":"4063 FAIRMEADE DR","owner":"JONES, NEDRA","point":[-86.82853005083066,36.223329148019495]}},{"type":"Feature","id":"167186","geometry":{"type":"Polygon","coordinates":[[[-86.8278347739797,36.223333547791],[-86.8278924570363,36.223280788415],[-86.8279525255837,36.2232298079644],[-86.8280148991532,36.2231806763845],[-86.8285404362066,36.2236385753261],[-86.8284023734243,36.2236636958661],[-86.8278347739797,36.223333547791]]]},"properties":{"id":"167186","parcel":"05909016100","address":"4071 FAIRMEADE DR","owner":"FERGUSON, LA'TERIA","point":[-86.82823122104733,36.223486124695995]}},{"type":"Feature","id":"167235","geometry":{"type":"Polygon","coordinates":[[[-86.8252392286942,36.222317890748],[-86.8257069525769,36.222304448619],[-86.8257154252908,36.2224492229177],[-86.8257155395323,36.222460194056],[-86.8257157456438,36.2224799878854],[-86.8257185741123,36.2225157620241],[-86.8252460619677,36.2225293414507],[-86.8252392286942,36.222317890748]]]},"properties":{"id":"167235","parcel":"05909003300","address":"4033 MEADOW HILL DR","owner":"WADE, CAMILLE","point":[-86.8254764709536,36.22238355582134]}},{"type":"Feature","id":"167239","geometry":{"type":"Polygon","coordinates":[[[-86.8252460619677,36.2225293414507],[-86.8257185741123,36.2225157620241],[-86.8257188724475,36.2225195236394],[-86.8257259867055,36.2226820998571],[-86.8257285933632,36.2227271215188],[-86.8252528952869,36.2227407930415],[-86.8252460619677,36.2225293414507]]]},"properties":{"id":"167239","parcel":"05909003400","address":"4037 MEADOW HILL DR","owner":"STONE, CHANNETTE RENISE","point":[-86.82548558927041,36.2226057202602]}},{"type":"Feature","id":"167242","geometry":{"type":"Polygon","coordinates":[[[-86.8252870661794,36.2237980904275],[-86.8257856219787,36.223784628455],[-86.8257898276661,36.2238639897169],[-86.8257915729288,36.2239149412205],[-86.8257941537291,36.2239960304851],[-86.8252938996798,36.2240095383345],[-86.8252870661794,36.2237980904275]]]},"properties":{"id":"167242","parcel":"05909004000","address":"4061 MEADOW HILL DR","owner":"KHEIL, MINA & MALAK, MARY ABDEL","point":[-86.82554034795155,36.223889100732606]}},{"type":"Feature","id":"167246","geometry":{"type":"Polygon","coordinates":[[[-86.824720700606,36.2236529999225],[-86.8251176618575,36.2236377811295],[-86.8251262870394,36.2238849516906],[-86.8247499742854,36.2238993788019],[-86.8247277819223,36.2237126004278],[-86.824720700606,36.2236529999225]]]},"properties":{"id":"167246","parcel":"05909004300","address":"4058 MEADOW HILL DR","owner":"SMITH, SARAH J.","point":[-86.82493063901725,36.22379878149903]}},{"type":"Feature","id":"167250","geometry":{"type":"Polygon","coordinates":[[[-86.8246927255963,36.2234175705493],[-86.8251094202173,36.223401596069],[-86.8251176618575,36.2236377811295],[-86.824720700606,36.2236529999225],[-86.8246991155093,36.22347133653],[-86.8246927255963,36.2234175705493]]]},"properties":{"id":"167250","parcel":"05909004400","address":"4054 MEADOW HILL DR","owner":"SPICER, JOE & JUANITA","point":[-86.82491186879616,36.22355456410514]}},{"type":"Feature","id":"167306","geometry":{"type":"Polygon","coordinates":[[[-86.8242983749799,36.2276763110971],[-86.8245571163019,36.2276626701493],[-86.8246016579001,36.227660322033],[-86.8246327580686,36.2280507721289],[-86.8245313801828,36.2280586517124],[-86.8244301729037,36.2280678566963],[-86.8243528973465,36.2280757852201],[-86.8242983749799,36.2276763110971]]]},"properties":{"id":"167306","parcel":"05905011000","address":"3009 BUENAVIEW BLVD","owner":"MORTON FAMILY TRUST & MORTON, EUNICE","point":[-86.82447088164889,36.22786354952931]}},{"type":"Feature","id":"167310","geometry":{"type":"Polygon","coordinates":[[[-86.8240103238807,36.227783307152],[-86.8240579576386,36.2276889865094],[-86.8242983749799,36.2276763110971],[-86.8243528973465,36.2280757852201],[-86.8242601348086,36.2280863446979],[-86.8241675751577,36.2280980184759],[-86.8240880993523,36.2281089522122],[-86.8240103238807,36.227783307152]]]},"properties":{"id":"167310","parcel":"05905011100","address":"3005 BUENAVIEW BLVD","owner":"MCKINLEY, KRISTIE LYNN & OSORIO, RENAE FONTANE","point":[-86.82418908555405,36.22792955729316]}},{"type":"Feature","id":"167313","geometry":{"type":"Polygon","coordinates":[[[-86.8244401153548,36.224783123494],[-86.8246908540079,36.2245858460664],[-86.825144913793,36.2245501347972],[-86.8251523939124,36.2246181980547],[-86.8251623457003,36.2246860533582],[-86.8251747618798,36.2247536421754],[-86.8251803974488,36.2247805197364],[-86.824488709558,36.2248700804031],[-86.8244401153548,36.224783123494]]]},"properties":{"id":"167313","parcel":"05905011700","address":"4104 MEADOW HILL DR","owner":"JAFARIAN, KATAYOUN","point":[-86.82484514791948,36.22471937481538]}},{"type":"Feature","id":"167316","geometry":{"type":"Polygon","coordinates":[[[-86.8284319736259,36.227795039416],[-86.8286783036374,36.2277471999485],[-86.8287905820612,36.2281090387244],[-86.8286606239596,36.2281319066002],[-86.8285388263149,36.2281569156255],[-86.8284319736259,36.227795039416]]]},"properties":{"id":"167316","parcel":"05905012600","address":"3052 BUENAVIEW BLVD","owner":"ROBINSON, HAL, JR.","point":[-86.82861009914716,36.22795203751786]}},{"type":"Feature","id":"167321","geometry":{"type":"Polygon","coordinates":[[[-86.8291927521353,36.2276601589888],[-86.8292818941686,36.2276506885602],[-86.8293713579532,36.2276434798149],[-86.82946105457,36.2276385387702],[-86.8294813272906,36.228020786791],[-86.8292672680561,36.2280420355594],[-86.8292564187155,36.2280421100432],[-86.8291927521353,36.2276601589888]]]},"properties":{"id":"167321","parcel":"05905012900","address":"3064 BUENAVIEW BLVD","owner":"BROWN, MARILYN K.","point":[-86.82934727772215,36.227840487580934]}},{"type":"Feature","id":"167326","geometry":{"type":"Polygon","coordinates":[[[-86.82946105457,36.2276385387702],[-86.8295495683983,36.2276347359585],[-86.8296381681626,36.2276326620045],[-86.8297268049373,36.2276323181453],[-86.8297170839761,36.2279993895046],[-86.8294813272906,36.228020786791],[-86.82946105457,36.2276385387702]]]},"properties":{"id":"167326","parcel":"05905013000","address":"3068 BUENAVIEW BLVD","owner":"BARTLETT, EARLEEN JASMINE","point":[-86.82959623582154,36.227818974414355]}},{"type":"Feature","id":"167329","geometry":{"type":"Polygon","coordinates":[[[-86.8297268049373,36.2276323181453],[-86.8298254621497,36.2276334816802],[-86.82992406168,36.2276364669721],[-86.8300225512574,36.2276412743801],[-86.8299907890451,36.2279755301369],[-86.8297170839761,36.2279993895046],[-86.8297268049373,36.2276323181453]]]},"properties":{"id":"167329","parcel":"05905013100","address":"3072 BUENAVIEW BLVD","owner":"WATKINS, TALISA SHANAY","point":[-86.8298644113513,36.22780820007405]}},{"type":"Feature","id":"167337","geometry":{"type":"Polygon","coordinates":[[[-86.8247880174383,36.220683149017],[-86.8248046985163,36.2206797581257],[-86.8248047332413,36.2206798885711],[-86.8248611747239,36.2208947408237],[-86.8245173927216,36.2209586216226],[-86.8243755698353,36.2208826726937],[-86.8244690954637,36.2207479783813],[-86.8247880174383,36.220683149017]]]},"properties":{"id":"167337","parcel":"05909005500","address":"4004 MEADOW HILL DR","owner":"HOLLAND, JOSEPH L. ETUX","point":[-86.82463140301623,36.220815632119006]}},{"type":"Feature","id":"167342","geometry":{"type":"Polygon","coordinates":[[[-86.8237638714679,36.2210033204239],[-86.8239749950305,36.2209623231534],[-86.8240927579417,36.2213329193448],[-86.8238465135864,36.2213873426889],[-86.8237341074497,36.2210101161289],[-86.8237638714679,36.2210033204239]]]},"properties":{"id":"167342","parcel":"05909005800","address":"3017 LYTLE DR","owner":"PILLOW, CARL W.","point":[-86.82391183702241,36.22117151552489]}},{"type":"Feature","id":"167349","geometry":{"type":"Polygon","coordinates":[[[-86.8239779402353,36.2220784648036],[-86.8244839729676,36.2219828074157],[-86.8245266600221,36.2220198839901],[-86.8245408293177,36.2221391391037],[-86.8245476872904,36.2221968620445],[-86.8240291394087,36.2222796233454],[-86.8240208516995,36.2222432302993],[-86.8239779402353,36.2220784648036]]]},"properties":{"id":"167349","parcel":"05909006300","address":"4009 KINGS CIR","owner":"CHAMBLISS, GWENDOLYN A.","point":[-86.82426150492327,36.22210880539822]}},{"type":"Feature","id":"167355","geometry":{"type":"Polygon","coordinates":[[[-86.8241531968688,36.2228864214074],[-86.8246219112516,36.2228215689817],[-86.8246394598773,36.2229692618174],[-86.824646669008,36.2230299339628],[-86.8241935866428,36.2230926231334],[-86.8241531968688,36.2228864214074]]]},"properties":{"id":"167355","parcel":"05909006700","address":"4025 KINGS CIR","owner":"STARNES, PATRICK","point":[-86.82439791119697,36.222927844182124]}},{"type":"Feature","id":"167359","geometry":{"type":"Polygon","coordinates":[[[-86.8241935866428,36.2230926231334],[-86.824646669008,36.2230299339628],[-86.8246666033582,36.2231977085533],[-86.8246724022754,36.2232465234568],[-86.8242355717449,36.2233069640248],[-86.8241935866428,36.2230926231334]]]},"properties":{"id":"167359","parcel":"05909006800","address":"4029 KINGS CIR","owner":"TERCET PROPERTIES, LLC","point":[-86.824432107114,36.22314516902925]}},{"type":"Feature","id":"167363","geometry":{"type":"Polygon","coordinates":[[[-86.8242355717449,36.2233069640248],[-86.8246724022754,36.2232465234568],[-86.8246927255963,36.2234175705493],[-86.8246991155093,36.22347133653],[-86.8242791510791,36.223529443185],[-86.8242355717449,36.2233069640248]]]},"properties":{"id":"167363","parcel":"05909006900","address":"4033 KINGS CIR","owner":"HALL, REUBEN W. ETUX","point":[-86.82446626764252,36.223362270613755]}},{"type":"Feature","id":"167367","geometry":{"type":"Polygon","coordinates":[[[-86.8276519684899,36.2198515509466],[-86.8282204243354,36.2197465626162],[-86.8282443383412,36.2198281761857],[-86.8282654192457,36.2199103012652],[-86.8282836529977,36.2199928712593],[-86.8282990233684,36.2200758240936],[-86.8283115196429,36.2201590931493],[-86.8283242453429,36.2202533559899],[-86.8283324775911,36.2203479461584],[-86.8283362074941,36.220443504512],[-86.8283371861175,36.2205391078685],[-86.8283335784662,36.2206000685375],[-86.8283278842046,36.2206609245495],[-86.8283201072872,36.2207216290117],[-86.8283097207259,36.2207815654715],[-86.8282958657073,36.2208410408383],[-86.8282785753182,36.2208999223991],[-86.8282447421648,36.2209961979752],[-86.8282073483498,36.2210916048071],[-86.828176427479,36.2211525697936],[-86.82814359991,36.2212128764065],[-86.8281088863664,36.221272485748],[-86.8280460871503,36.2213593163838],[-86.8279804995063,36.2214447817658],[-86.8279095425709,36.2215306588375],[-86.8278358175598,36.2216149911532],[-86.8277878611045,36.2216665392744],[-86.8277377368843,36.2217167160957],[-86.8276855054389,36.2217654608153],[-86.8276306861028,36.2218154228196],[-86.8275742245095,36.2218641694373],[-86.8275161614342,36.2219116643365],[-86.8274263067177,36.2219754617661],[-86.8273357630575,36.2220381652116],[-86.8272026241655,36.2221291407927],[-86.8270718866268,36.2222223763579],[-86.8270045922364,36.2221650493536],[-86.826934171981,36.2221102420015],[-86.8268607705198,36.2220580668647],[-86.8267845368937,36.2220086301672],[-86.8267056256378,36.2219620317871],[-86.8266242001454,36.221918367937],[-86.826540423734,36.2218777276199],[-86.8264544685418,36.2218401925691],[-86.8263665100052,36.2218058408902],[-86.826276726802,36.2217747416548],[-86.8261853031138,36.2217469584897],[-86.8260924241584,36.2217225478048],[-86.8259982795355,36.2217015596719],[-86.8259030620964,36.2216840360297],[-86.8258069657572,36.2216700143038],[-86.8257101854514,36.2216595229011],[-86.8256129193551,36.2216525811941],[-86.8256067747115,36.2216522248402],[-86.8256041336698,36.2215290002897],[-86.8256014996228,36.2214061262767],[-86.8255963629458,36.2211732121643],[-86.8255914310943,36.2209600756607],[-86.8255865003721,36.220746938235],[-86.8255859513058,36.2206941994222],[-86.8255761574787,36.2202745176735],[-86.8276550010839,36.2198822973508],[-86.8276519684899,36.2198515509466]]]},"properties":{"id":"167367","parcel":"05909007700","address":"3200 KINGS LN","owner":"METRO GOV'T  S  KINGS LANE","point":[-86.82692110827227,36.22097814854194]}},{"type":"Feature","id":"167372","geometry":{"type":"Polygon","coordinates":[[[-86.8257898276661,36.2238639897169],[-86.8257856219787,36.223784628455],[-86.8257830759796,36.2237365727585],[-86.82577972968,36.2236892119952],[-86.8262368373348,36.2237001654109],[-86.82623314802,36.2237688295614],[-86.8262315448396,36.2238375461331],[-86.8262320307134,36.2239062745496],[-86.8257915729288,36.2239149412205],[-86.8257898276661,36.2238639897169]]]},"properties":{"id":"167372","parcel":"05909007900","address":"4092 BOYD DR","owner":"WESTMORELAND, BARBARA S. & ANDRE SR.","point":[-86.82600958080772,36.22381108895196]}},{"type":"Feature","id":"167393","geometry":{"type":"Polygon","coordinates":[[[-86.8186249183328,36.2272189558634],[-86.8189041276496,36.226246829746],[-86.8189046875694,36.2262468692103],[-86.8189107492846,36.2262266706026],[-86.8189582941643,36.2262294422658],[-86.8189583262855,36.2262049810354],[-86.8189621791707,36.2261807201149],[-86.8189697912135,36.2261570492647],[-86.818981040652,36.2261343496399],[-86.8189942924739,36.2261126350295],[-86.8190040559898,36.2260897381882],[-86.8190101737024,36.2260660260954],[-86.8190139477439,36.2260500725917],[-86.8190155958833,36.2260338838547],[-86.8190150988968,36.2260176447724],[-86.8190159442148,36.225982530577],[-86.81901233911,36.2259475312761],[-86.8190043196695,36.2259130170412],[-86.8189919719672,36.2258793513957],[-86.8189752944829,36.2258519869533],[-86.8189626494273,36.2258232387761],[-86.8189542087883,36.2257934968446],[-86.8189500868085,36.2257631605433],[-86.8189551016949,36.2257235694712],[-86.8189684363625,36.2256964197192],[-86.8189789440545,36.2256684671871],[-86.8189846720949,36.2256408462791],[-86.8189871032006,36.2256129070502],[-86.8189862177922,36.2255849073927],[-86.8189883638342,36.2255666315716],[-86.8189940434173,36.2255488590266],[-86.819003115431,36.225532035935],[-86.8190153506362,36.2255165838363],[-86.819025060278,36.2255034479681],[-86.8190323559494,36.2254893244675],[-86.8190370904653,36.2254745018339],[-86.8190391668515,36.2254592835475],[-86.8190508849745,36.2254299564932],[-86.8190650398245,36.2254013447346],[-86.8190815671164,36.2253735784878],[-86.8191003892369,36.2253467898616],[-86.8191256683761,36.2253147166333],[-86.8191535855624,36.2252841125827],[-86.8191840132433,36.2252551209718],[-86.8192168070993,36.2252278770648],[-86.8192524577712,36.2251987301443],[-86.8192853104996,36.2251674995582],[-86.8193151802232,36.2251343605067],[-86.8193450959144,36.2250991058848],[-86.8193718825763,36.2250622357983],[-86.8193954086316,36.225023934097],[-86.8194579520067,36.2249372017983],[-86.8195183727758,36.2248494870751],[-86.8195640684225,36.224781577323],[-86.819606767614,36.2247123990867],[-86.8196464189933,36.2246420410411],[-86.8196382772131,36.224641547425],[-86.8197322652999,36.2245175671181],[-86.8199164642057,36.224232272983],[-86.8201112968559,36.2240246479067],[-86.8202874903775,36.2238833527612],[-86.8203594576133,36.2238595142035],[-86.8205313695601,36.2237959884503],[-86.8206609716776,36.223771758162],[-86.8209572916968,36.2236414576469],[-86.8211340460525,36.2235545483269],[-86.8212240729176,36.2234413078781],[-86.821299736676,36.2233160782554],[-86.8213707617799,36.2232340080146],[-86.8214702126283,36.2230816950373],[-86.8216224974608,36.2228254590287],[-86.8216532556274,36.2229342767673],[-86.8216803598609,36.2230437295045],[-86.8216962975346,36.223144684534],[-86.8217164591004,36.22324514307],[-86.8217408211249,36.2233449890075],[-86.8217693557155,36.2234441053705],[-86.8218020294743,36.2235423806273],[-86.8218388056192,36.223639698763],[-86.8218796396283,36.2237359483207],[-86.8219244869887,36.223831018745],[-86.8219488591959,36.2238911344147],[-86.8219695234613,36.223952155841],[-86.8219864303811,36.2240139319508],[-86.8219995372246,36.224076311625],[-86.8220088123459,36.2241391400637],[-86.8220142319029,36.2242022642163],[-86.8220157842599,36.2242655282449],[-86.8218922529705,36.2242895609513],[-86.8220651004972,36.2248207998538],[-86.822126578855,36.2248205706813],[-86.8222455998417,36.2255690406604],[-86.8201929922475,36.2257547226009],[-86.8202090620939,36.2258741778465],[-86.8202252306349,36.2259929537695],[-86.8202577535218,36.2262196351771],[-86.8212675483296,36.2262545495069],[-86.8223595675642,36.2262924249432],[-86.8223621766457,36.2263154370026],[-86.8223621826744,36.2263154820244],[-86.8223655162942,36.2263429296444],[-86.8223834393095,36.2263385023119],[-86.8224524274806,36.2263214611726],[-86.8224524520535,36.2263215781687],[-86.8224630824207,36.2263796666099],[-86.8224699746821,36.2264381247832],[-86.8224731116125,36.226496794185],[-86.8224724837632,36.2265555153574],[-86.8224680939485,36.2266141314625],[-86.8224599527592,36.2266724847076],[-86.8224480818811,36.2267304145207],[-86.8224325142073,36.2267877683641],[-86.822411460979,36.2268552635458],[-86.822386273374,36.2269218225261],[-86.822357015297,36.2269872799374],[-86.8223237584396,36.2270514703586],[-86.8222865868133,36.2271142363958],[-86.8222455933198,36.2271754196932],[-86.8222008809375,36.2272348681346],[-86.8221525582451,36.2272924331709],[-86.8221007483285,36.2273479706602],[-86.8220455799115,36.2274013436323],[-86.8219895610254,36.2274327740591],[-86.8219361759693,36.2274670813736],[-86.8218856456855,36.2275041180724],[-86.8218381855095,36.2275437321841],[-86.8217939939163,36.2275857547279],[-86.8217532559604,36.2276300096047],[-86.8217161443499,36.2276763099841],[-86.8216828139232,36.2277244619472],[-86.8216534060881,36.2277742635549],[-86.8184824368778,36.2278407591611],[-86.8184936206694,36.227822762796],[-86.8185346446384,36.2277638968278],[-86.8186249183328,36.2272189558634]]]},"properties":{"id":"167393","parcel":"05900006500","address":"0 WHITES CREEK PIKE","owner":"BALTZ, MARY L.& HALPIN, CECILIA C. ETAL","point":[-86.8206607368582,36.22533308286868]}},{"type":"Feature","id":"167406","geometry":{"type":"Polygon","coordinates":[[[-86.8294071999452,36.2266389868818],[-86.8295791473238,36.2264817740383],[-86.8296436420596,36.2264241922351],[-86.829932398767,36.2268023986553],[-86.8299216196879,36.2268090636139],[-86.829878829748,36.2268338555928],[-86.8298375687142,36.2268602944651],[-86.8297979327031,36.2268883173851],[-86.8297600144759,36.2269178597279],[-86.8294071999452,36.2266389868818]]]},"properties":{"id":"167406","parcel":"05905015200","address":"4112 BUENAVIEW CT","owner":"MAYES, WILLIE ETUX","point":[-86.82969025854533,36.22672072217826]}},{"type":"Feature","id":"167410","geometry":{"type":"Polygon","coordinates":[[[-86.8291895845235,36.2268382673384],[-86.8294071999452,36.2266389868818],[-86.8297600144759,36.2269178597279],[-86.8297258043679,36.2269494837265],[-86.8296937775816,36.2269825752865],[-86.8296640320926,36.2270170364006],[-86.829636656913,36.2270527628147],[-86.8291895845235,36.2268382673384]]]},"properties":{"id":"167410","parcel":"05905015300","address":"4108 BUENAVIEW CT","owner":"BABB FAMILY TRUST","point":[-86.82949100979648,36.22687808697328]}},{"type":"Feature","id":"167413","geometry":{"type":"Polygon","coordinates":[[[-86.8291384166141,36.2271331008537],[-86.8295435946415,36.2272314102348],[-86.8295301302585,36.2272818856966],[-86.8295205507373,36.2273329401219],[-86.8295148951843,36.2273843767689],[-86.8295131837978,36.2274359990254],[-86.8295110934728,36.2274485282403],[-86.8295063573421,36.2274605754271],[-86.8294991173056,36.2274717755029],[-86.8294895922945,36.2274817898936],[-86.8294780705884,36.2274903165003],[-86.8294648987783,36.2274970978867],[-86.8294504773826,36.2275019276176],[-86.8294352420424,36.2275046603026],[-86.8293173437473,36.2275134360392],[-86.8291994637754,36.2275238599343],[-86.8291384166141,36.2271331008537]]]},"properties":{"id":"167413","parcel":"05905015500","address":"4100 BUENAVIEW CT","owner":"MAYMAR TRUST, THE","point":[-86.82934545457198,36.22730715649283]}},{"type":"Feature","id":"167417","geometry":{"type":"Polygon","coordinates":[[[-86.8286511843406,36.2272241836091],[-86.8288703684869,36.2271788930518],[-86.8289583756344,36.2275540845761],[-86.8289475463148,36.2275560677582],[-86.8288642929457,36.2275709375216],[-86.8287920133133,36.2275834887028],[-86.8287201368608,36.2275974736786],[-86.828705813774,36.2275988373114],[-86.8286914103638,36.2275982628892],[-86.8286773227951,36.2275957657192],[-86.8286639388993,36.2275914152415],[-86.8286516270044,36.2275853305991],[-86.8286407270367,36.2275776806994],[-86.8286315392937,36.2275686743768],[-86.8286243155654,36.2275585622565],[-86.8286192567393,36.2275476205479],[-86.8285296738276,36.2272504569382],[-86.8285293431134,36.2272493596727],[-86.8286511843406,36.2272241836091]]]},"properties":{"id":"167417","parcel":"05905015700","address":"3053 BUENAVIEW BLVD","owner":"JOHNSON, BENJAMIN F. ETUX","point":[-86.82874829448619,36.22739928766096]}},{"type":"Feature","id":"167422","geometry":{"type":"Polygon","coordinates":[[[-86.8280123913158,36.2273561930815],[-86.8283669785996,36.2272856349226],[-86.8284568653633,36.2275816988307],[-86.8284589560938,36.2275921886443],[-86.8284589925831,36.227602814217],[-86.8284569754274,36.2276133132788],[-86.8284529530889,36.2276234268363],[-86.8284470241771,36.2276329045648],[-86.8284393364311,36.2276415138278],[-86.8284300800548,36.2276490406236],[-86.8284194822688,36.2276553004382],[-86.8284078061887,36.2276601373519],[-86.8283953375714,36.2276634331424],[-86.8281192414986,36.2277180697078],[-86.8280123913158,36.2273561930815]]]},"properties":{"id":"167422","parcel":"05905015800","address":"3049 BUENAVIEW BLVD","owner":"TAYLOR, LISA COLEMAN & GARY","point":[-86.82823415906044,36.22746894548949]}},{"type":"Feature","id":"167425","geometry":{"type":"Polygon","coordinates":[[[-86.8278096462116,36.227161993677],[-86.8282995439754,36.2270619393443],[-86.8283114448276,36.2271014148218],[-86.8283669785996,36.2272856349226],[-86.8280123913158,36.2273561930815],[-86.8278489251025,36.227286989329],[-86.8278096462116,36.227161993677]]]},"properties":{"id":"167425","parcel":"05905016000","address":"4194 BOBWHITE DR","owner":"PATTERSON, STACEY LYNN","point":[-86.82808870548301,36.22722381518906]}},{"type":"Feature","id":"167429","geometry":{"type":"Polygon","coordinates":[[[-86.8276158070135,36.2265216140994],[-86.8281057010656,36.2264215605345],[-86.8281703081102,36.2266342875104],[-86.8276803887791,36.2267321442305],[-86.8276298069959,36.2265632725301],[-86.8276158070135,36.2265216140994]]]},"properties":{"id":"167429","parcel":"05905016300","address":"4182 BOBWHITE DR","owner":"BROWN, TERRESSA A.","point":[-86.8278999840588,36.22659878021968]}},{"type":"Feature","id":"167432","geometry":{"type":"Polygon","coordinates":[[[-86.8275512026512,36.2263088859111],[-86.8280410954799,36.2262088335033],[-86.8281057010656,36.2264215605345],[-86.8276158070135,36.2265216140994],[-86.8275680485691,36.2263637120525],[-86.8275512026512,36.2263088859111]]]},"properties":{"id":"167432","parcel":"05905016400","address":"4178 BOBWHITE DR","owner":"AOLAR SOLOMON HART LIVING TRUST, THE","point":[-86.8278368570133,36.2263926365698]}},{"type":"Feature","id":"167436","geometry":{"type":"Polygon","coordinates":[[[-86.8274557323307,36.2259974768399],[-86.8279457151299,36.2259062141471],[-86.8279614642989,36.2259533546238],[-86.8279765361248,36.2260005006422],[-86.8274865746041,36.2260939614753],[-86.8274557323307,36.2259974768399]]]},"properties":{"id":"167436","parcel":"05905016600","address":"4172 BOBWHITE DR","owner":"JEFFRIES, OSCAR","point":[-86.8277161342116,36.225998989024355]}},{"type":"Feature","id":"167440","geometry":{"type":"Polygon","coordinates":[[[-86.8257532996764,36.2231626974496],[-86.8257527530048,36.2231497221679],[-86.8257493876608,36.2231060828214],[-86.8257411724284,36.2229384076218],[-86.8257390538185,36.2228951788342],[-86.8257366237368,36.2228629493286],[-86.8264128869194,36.2231412372058],[-86.8263801786762,36.2231992190301],[-86.8263505013584,36.2232582616179],[-86.8263239083911,36.223318260961],[-86.8257532996764,36.2231626974496]]]},"properties":{"id":"167440","parcel":"05909008200","address":"4080 BOYD DR","owner":"SPICER, JOSEPH & JUANITA","point":[-86.82593517355015,36.223022521596576]}},{"type":"Feature","id":"167444","geometry":{"type":"Polygon","coordinates":[[[-86.8261907170467,36.2224690016432],[-86.8263045960903,36.2224711129524],[-86.8266213930422,36.2224769835593],[-86.8268540623262,36.2226947960177],[-86.8267971024422,36.2227346889975],[-86.8267415799016,36.2227758915534],[-86.8266875399386,36.2228183682288],[-86.8266713412253,36.2228325351237],[-86.8261907170467,36.2224690016432]]]},"properties":{"id":"167444","parcel":"05909008500","address":"4068 BOYD DR","owner":"SYES, OTIS C. JR. & GUASP, PHYLLIS","point":[-86.82654111349659,36.2225856050046]}},{"type":"Feature","id":"167448","geometry":{"type":"Polygon","coordinates":[[[-86.8278358175598,36.2216149911532],[-86.8279095425709,36.2215306588375],[-86.8279804995063,36.2214447817658],[-86.8283405275997,36.221637902524],[-86.8282847740806,36.2217041227351],[-86.8282266706737,36.2217690035393],[-86.8281662657299,36.2218324887236],[-86.8278358175598,36.2216149911532]]]},"properties":{"id":"167448","parcel":"05909010100","address":"4038 BOYD DR","owner":"PEARSALL, JOSEPH N. ETUX","point":[-86.82811636293665,36.22167073085086]}},{"type":"Feature","id":"167452","geometry":{"type":"Polygon","coordinates":[[[-86.8282785753182,36.2208999223991],[-86.8282958657073,36.2208410408383],[-86.8283097207259,36.2207815654715],[-86.8283201072872,36.2207216290117],[-86.8287848200516,36.2208107416945],[-86.8287521221265,36.220910215408],[-86.8287163759301,36.22100899803],[-86.8282785753182,36.2208999223991]]]},"properties":{"id":"167452","parcel":"05909010500","address":"4022 BOYD DR","owner":"MYERS, LILLIE VIRGINIA & FRANKLIN, TONISHA MYERS","point":[-86.8285260892435,36.220870824141684]}},{"type":"Feature","id":"167513","geometry":{"type":"Polygon","coordinates":[[[-86.8269510583456,36.2246801570105],[-86.8272325908921,36.2246276830344],[-86.8272822046482,36.224963580914],[-86.8271518815145,36.2249771262075],[-86.8270221384875,36.2249939308426],[-86.8269510583456,36.2246801570105]]]},"properties":{"id":"167513","parcel":"05905017100","address":"4103 FARMVIEW DR","owner":"JORDAN, JOYCE & MAURICE","point":[-86.82712221047572,36.22482187713837]}},{"type":"Feature","id":"167516","geometry":{"type":"Polygon","coordinates":[[[-86.82853557338,36.2249901542557],[-86.8286601605873,36.2243566543051],[-86.8289633425472,36.2242996305054],[-86.8287557369129,36.2250347918448],[-86.8286461984582,36.2250107137225],[-86.82853557338,36.2249901542557]]]},"properties":{"id":"167516","parcel":"05905017700","address":"4127 FARMVIEW DR","owner":"BEAN, TYRONE A. & KATINA Y.","point":[-86.8287277767734,36.22467359031736]}},{"type":"Feature","id":"167544","geometry":{"type":"Polygon","coordinates":[[[-86.8294718482424,36.2211510543627],[-86.8298182220346,36.2205575113203],[-86.8298571568015,36.2209088646502],[-86.829784532794,36.2212258236023],[-86.8297046266506,36.2212122272888],[-86.8296257279604,36.2211952001195],[-86.829548061916,36.2211747901191],[-86.8294718482424,36.2211510543627]]]},"properties":{"id":"167544","parcel":"05909012200","address":"3209 BRAY DR","owner":"3209, LLC","point":[-86.82977674680137,36.22073310131493]}},{"type":"Feature","id":"167551","geometry":{"type":"Polygon","coordinates":[[[-86.8284609582464,36.2217425625535],[-86.8285149502757,36.2216746861143],[-86.8285665235439,36.2216055852085],[-86.8285947217447,36.2215658346125],[-86.8291371022829,36.2218192353141],[-86.8291454886214,36.2218433522077],[-86.8291927868248,36.2219573062133],[-86.8290364780152,36.2220528779926],[-86.8284609582464,36.2217425625535]]]},"properties":{"id":"167551","parcel":"05909013100","address":"4035 BOYD DR","owner":"BOWERS, GRANT JR. ETUX","point":[-86.82879359031269,36.22178089162836]}},{"type":"Feature","id":"167555","geometry":{"type":"Polygon","coordinates":[[[-86.8277755643677,36.2223384253433],[-86.8278709162487,36.2222739951517],[-86.8279640537996,36.2222074729194],[-86.8282924118462,36.2224843215162],[-86.8282384465906,36.2225110633108],[-86.8280415237931,36.222613504072],[-86.8277755643677,36.2223384253433]]]},"properties":{"id":"167555","parcel":"05909013500","address":"4051 BOYD DR","owner":"FIELDS, BOBBIE JEAN","point":[-86.82802600861216,36.22241136224154]}},{"type":"Feature","id":"167559","geometry":{"type":"Polygon","coordinates":[[[-86.8275545766851,36.2224739973748],[-86.8276296549235,36.222430335191],[-86.8277033344418,36.2223851350838],[-86.8277755643677,36.2223384253433],[-86.8280415237931,36.222613504072],[-86.8279605974704,36.2226558141543],[-86.8277852553923,36.2227471193095],[-86.8275545766851,36.2224739973748]]]},"properties":{"id":"167559","parcel":"05909013600","address":"4055 BOYD DR","owner":"TURNER, ELLA HARRIS","point":[-86.82779379683873,36.222543744850306]}},{"type":"Feature","id":"167564","geometry":{"type":"Polygon","coordinates":[[[-86.8270987637233,36.2227188569217],[-86.8273145098112,36.2226009079028],[-86.8275724712794,36.222889225128],[-86.8274622179126,36.2229800838126],[-86.8273788315068,36.2230465839008],[-86.8270987637233,36.2227188569217]]]},"properties":{"id":"167564","parcel":"05909013800","address":"4063 BOYD DR","owner":"CURBSIDE PROPERTIES LLC","point":[-86.82733391035902,36.22280403879627]}},{"type":"Feature","id":"167568","geometry":{"type":"Polygon","coordinates":[[[-86.8268697513446,36.2228654689612],[-86.8269244628201,36.2228262744963],[-86.8269809200703,36.2227887398871],[-86.8270390468981,36.2227529179257],[-86.8270987637233,36.2227188569217],[-86.8273788315068,36.2230465839008],[-86.827268576606,36.2231374442144],[-86.8272282396005,36.2231706831056],[-86.8268697513446,36.2228654689612]]]},"properties":{"id":"167568","parcel":"05909013900","address":"4067 BOYD DR","owner":"ROBERTSON, PATRICIA A.","point":[-86.8271387626366,36.222956047607525]}},{"type":"Feature","id":"167571","geometry":{"type":"Polygon","coordinates":[[[-86.8265294439535,36.2232633721746],[-86.8265602842905,36.2232089937058],[-86.8265942083738,36.2231558342554],[-86.8266311417602,36.22310400879],[-86.8266710066334,36.2230536286942],[-86.8270857155302,36.2232881332639],[-86.8269700584999,36.2233812257512],[-86.826943167013,36.2234033861471],[-86.8265294439535,36.2232633721746]]]},"properties":{"id":"167571","parcel":"05909014100","address":"4075 BOYD DR","owner":"RIPPY, DERRICK G.","point":[-86.82676993010712,36.223236508970025]}},{"type":"Feature","id":"167575","geometry":{"type":"Polygon","coordinates":[[[-86.8264333948392,36.2242944440732],[-86.8268523435896,36.2242522945847],[-86.8269920361718,36.2243831958614],[-86.8270427028051,36.2244298234116],[-86.826491129874,36.2245316683777],[-86.8264625931325,36.2244285749804],[-86.8264469565408,36.2243671476863],[-86.8264333948392,36.2242944440732]]]},"properties":{"id":"167575","parcel":"05909014700","address":"4105 BOYD DR","owner":"COAKLEY, LINDA D.","point":[-86.82673693240835,36.224405899640246]}},{"type":"Feature","id":"167613","geometry":{"type":"Polygon","coordinates":[[[-86.8295838349947,36.2258927762464],[-86.8297719360923,36.2254651441716],[-86.830019569176,36.2255425569648],[-86.8298128518892,36.2260054798907],[-86.8295838349947,36.2258927762464]]]},"properties":{"id":"167613","parcel":"05905019800","address":"4162 FARMVIEW DR","owner":"DAVENPORT, HUNTER","point":[-86.82980111704336,36.22571766597496]}},{"type":"Feature","id":"167617","geometry":{"type":"Polygon","coordinates":[[[-86.8280333851392,36.2254704823489],[-86.8283667951196,36.2254506145115],[-86.8286040370586,36.2255720549013],[-86.8284584764783,36.2256587611781],[-86.8280684093954,36.225707585761],[-86.8280552358972,36.2256487869926],[-86.8280449983446,36.2255896057893],[-86.8280377110946,36.2255301393889],[-86.8280333851392,36.2254704823489]]]},"properties":{"id":"167617","parcel":"05905020500","address":"4171 BOBWHITE DR","owner":"WRIGHT, MARK ANTHONY & BELINDA RENATE","point":[-86.82831627120478,36.225580818840314]}},{"type":"Feature","id":"167620","geometry":{"type":"Polygon","coordinates":[[[-86.8283607802589,36.2266923175004],[-86.8288452728299,36.2265944961518],[-86.8290584086694,36.2267446700125],[-86.8284141946503,36.2268721567019],[-86.8283607802589,36.2266923175004]]]},"properties":{"id":"167620","parcel":"05905021700","address":"4187 BOBWHITE DR","owner":"RS RENTAL III B LLC","point":[-86.82869515105715,36.22671847358822]}},{"type":"Feature","id":"167625","geometry":{"type":"Polygon","coordinates":[[[-86.8284703899161,36.2270585703978],[-86.8291037561611,36.2269311569844],[-86.8289910847349,36.2270506024898],[-86.8288703684869,36.2271788930518],[-86.8286511843406,36.2272241836091],[-86.8285293431134,36.2272493596727],[-86.8284832625869,36.227100236459],[-86.8284703899161,36.2270585703978]]]},"properties":{"id":"167625","parcel":"05905021900","address":"4195 BOBWHITE DR","owner":"RHODES, THOMAS JR. ETUX","point":[-86.8287200776156,36.22707975186938]}},{"type":"Feature","id":"167629","geometry":{"type":"Polygon","coordinates":[[[-86.8276773470778,36.222802799528],[-86.8277852553923,36.2227471193095],[-86.8279605974704,36.2226558141543],[-86.8281614230707,36.2229269436411],[-86.8280904789849,36.222964205006],[-86.8280212447787,36.2230035220932],[-86.8279538111061,36.223044842011],[-86.8276773470778,36.222802799528]]]},"properties":{"id":"167629","parcel":"05909015500","address":"4068 FAIRMEADE DR","owner":"HUGHEY, MICHAEL D. & TINA","point":[-86.82793181009669,36.22286488969644]}},{"type":"Feature","id":"167631","geometry":{"type":"Polygon","coordinates":[[[-86.8282384465906,36.2225110633108],[-86.8282924118462,36.2224843215162],[-86.8285001136805,36.2223752127918],[-86.8286425612704,36.2227698096879],[-86.8285606152493,36.2227888188201],[-86.8284794415764,36.2228098936906],[-86.8283991201095,36.2228330130242],[-86.8282384465906,36.2225110633108]]]},"properties":{"id":"167631","parcel":"05909015700","address":"4060 FAIRMEADE DR","owner":"SMOLYANINOVA, MARINA","point":[-86.82844942599868,36.22264044946199]}},{"type":"Feature","id":"167633","geometry":{"type":"Polygon","coordinates":[[[-86.8280148991532,36.2231806763845],[-86.8280644879383,36.2231463652923],[-86.8281161493872,36.2231141236779],[-86.8281697508625,36.2230840317587],[-86.828225154138,36.2230561670873],[-86.8286487102432,36.2236180535354],[-86.8285404362066,36.2236385753261],[-86.8280148991532,36.2231806763845]]]},"properties":{"id":"167633","parcel":"05909016000","address":"4067 FAIRMEADE DR","owner":"STARNES, PATRICK","point":[-86.8283749030938,36.22339942720375]}},{"type":"Feature","id":"167635","geometry":{"type":"Polygon","coordinates":[[[-86.8277141096213,36.2234662324409],[-86.8277408718558,36.2234400197998],[-86.8277659220025,36.2234127202521],[-86.8277891929593,36.2233844054582],[-86.8278347739797,36.223333547791],[-86.8284023734243,36.2236636958661],[-86.8280991475652,36.223716320443],[-86.8277141096213,36.2234662324409]]]},"properties":{"id":"167635","parcel":"05909016200","address":"4075 FAIRMEADE DR","owner":"COOK, MARVIN","point":[-86.82804937734625,36.223564951911435]}},{"type":"Feature","id":"167637","geometry":{"type":"Polygon","coordinates":[[[-86.8275134606308,36.2236346275686],[-86.8275232239822,36.2236279670726],[-86.8275893303709,36.2235759991229],[-86.8276529890674,36.2235220633376],[-86.8277141096213,36.2234662324409],[-86.8280991475652,36.223716320443],[-86.8276290118775,36.2238887612285],[-86.8275822067553,36.2238220535639],[-86.8275106497061,36.223722551945],[-86.8275031319755,36.2237123588483],[-86.8274977986793,36.2237012981954],[-86.8274947987078,36.2236896744926],[-86.8274942132832,36.2236778098344],[-86.8274960602586,36.2236660294526],[-86.8275002863039,36.2236546590666],[-86.8275067779062,36.2236440130918],[-86.8275134606308,36.2236346275686]]]},"properties":{"id":"167637","parcel":"05909016300","address":"4079 FAIRMEADE DR","owner":"HARVEY, ANDREW","point":[-86.82776355688584,36.22367230629633]}},{"type":"Feature","id":"167949","geometry":{"type":"Polygon","coordinates":[[[-86.8216675255886,36.2283488979399],[-86.8234361248201,36.227924563596],[-86.8236063307773,36.2283659364461],[-86.8216751116443,36.2288191363789],[-86.8216642623697,36.2287716734104],[-86.8216501396959,36.2287247797694],[-86.821632790746,36.2286786011378],[-86.8216122693348,36.2286332849544],[-86.8215886403532,36.2285889740759],[-86.8215860314358,36.2285572675936],[-86.821587081646,36.228525501975],[-86.8215917838448,36.2284939548554],[-86.8216000941312,36.2284628987127],[-86.8216119419093,36.2284326062055],[-86.8216272231118,36.2284033403064],[-86.821645804668,36.2283753560736],[-86.8216675255886,36.2283488979399]]]},"properties":{"id":"167949","parcel":"05900015000","address":"0 BUENA VISTA PIKE","owner":"GEIST, GEORGE A.& MARGARET A., TRUSTEES","point":[-86.82261554581375,36.22837063467752]}},{"type":"Feature","id":"168707","geometry":{"type":"Polygon","coordinates":[[[-86.8276152620814,36.2282885119021],[-86.8280023320616,36.2282111423077],[-86.8281795450714,36.2282978306155],[-86.8282109410977,36.2284470536793],[-86.8276938882015,36.2285450963661],[-86.8276152620814,36.2282885119021]]]},"properties":{"id":"168707","parcel":"05905022800","address":"4905 BOYD DR","owner":"THOMPSON, KATRESA V. & SHUKIESHA L.","point":[-86.82791798988706,36.22837204374173]}},{"type":"Feature","id":"168710","geometry":{"type":"Polygon","coordinates":[[[-86.8276938882015,36.2285450963661],[-86.8282109410977,36.2284470536793],[-86.8282537364518,36.2286489419259],[-86.8277612306122,36.2287600019563],[-86.8277434211818,36.2287120392404],[-86.8277280133079,36.2286635337305],[-86.8276938882015,36.2285450963661]]]},"properties":{"id":"168710","parcel":"05905022900","address":"4909 BOYD DR","owner":"MOSLEY, GRACE S.","point":[-86.82797577542499,36.2285970222957]}},{"type":"Feature","id":"168714","geometry":{"type":"Polygon","coordinates":[[[-86.8286736025413,36.229114157947],[-86.8289973047375,36.2289427186156],[-86.829173208225,36.2291634719127],[-86.829180238156,36.2291735402645],[-86.8291850164174,36.2291844415126],[-86.8291873971927,36.2291958476995],[-86.8291873112636,36.2292074159214],[-86.8291847583187,36.2292187973943],[-86.829179817106,36.2292296509023],[-86.8291726366093,36.2292396500685],[-86.8291634305909,36.2292484933068],[-86.8291524777047,36.2292559146357],[-86.8290611337004,36.2293076365664],[-86.8289664378889,36.2293630783845],[-86.8289260023677,36.229387129228],[-86.8286736025413,36.229114157947]]]},"properties":{"id":"168714","parcel":"05905023500","address":"3009 SUNNYVIEW DR","owner":"WHITE, EDITH & ROBERT & ANGELO","point":[-86.8289499892784,36.22916818218152]}},{"type":"Feature","id":"168716","geometry":{"type":"Polygon","coordinates":[[[-86.8291402738538,36.2288670186231],[-86.8294234742391,36.2287134378525],[-86.8296408265396,36.2290064273161],[-86.8295363423719,36.2290558010631],[-86.8294330136161,36.229106747589],[-86.8294213482153,36.2291120883269],[-86.8294087660788,36.2291158221084],[-86.8293956043412,36.2291178501839],[-86.8293822095075,36.2291181188025],[-86.8293689385927,36.2291166219077],[-86.8293561446154,36.229113396731],[-86.8293441666614,36.2291085310702],[-86.8293333242193,36.2291021534143],[-86.8293239038416,36.2290944339362],[-86.8293161568349,36.2290855763974],[-86.8291402738538,36.2288670186231]]]},"properties":{"id":"168716","parcel":"05905024300","address":"3001 SUNNYVIEW CT","owner":"BAIG, KHRYSTA A","point":[-86.82939273592646,36.22893672634797]}},{"type":"Feature","id":"168720","geometry":{"type":"Polygon","coordinates":[[[-86.8296583833542,36.228610733304],[-86.8298876820527,36.2284904860149],[-86.8299011755797,36.2285048647934],[-86.8299167727685,36.2285177690805],[-86.8299342323894,36.2285290013546],[-86.8299532822657,36.2285383832339],[-86.8299818008934,36.2285536231106],[-86.8300081199703,36.2285712709323],[-86.8300319303129,36.2285911197333],[-86.830052953617,36.2286129371007],[-86.8300709435981,36.22863646787],[-86.8301179262,36.228719655482],[-86.8301227461146,36.2287305942616],[-86.8301252719129,36.2287420282759],[-86.8301254313285,36.2287536425815],[-86.8301232221518,36.2287651199513],[-86.8301187044716,36.2287761436308],[-86.8301120030416,36.2287864108413],[-86.8301033007011,36.2287956418377],[-86.8300928361693,36.2288035817256],[-86.8300808974942,36.2288100122235],[-86.8299718796342,36.22885746088],[-86.8298621716379,36.2289038155457],[-86.8296583833542,36.228610733304]]]},"properties":{"id":"168720","parcel":"05905024500","address":"3000 BLUEBELL CT","owner":"COTHRON, CHARLES ETUX","point":[-86.82989962412907,36.22867778489762]}},{"type":"Feature","id":"168745","geometry":{"type":"Polygon","coordinates":[[[-86.8297889891149,36.222884496681],[-86.8299753637982,36.2226452072425],[-86.8299948330732,36.2226583426854],[-86.8300165096127,36.2226689709767],[-86.8300399047994,36.2226768494295],[-86.8300644917952,36.2226818032143],[-86.8300838752655,36.2226835518296],[-86.8301033775672,36.222683476379],[-86.8301227395514,36.2226815786433],[-86.8301889707915,36.2236557606153],[-86.8297394778421,36.2237041465472],[-86.8297889891149,36.222884496681]]]},"properties":{"id":"168745","parcel":"05909019900","address":"3404 FAIRMEADE DR","owner":"CARROLL, ROSE E. REVOCABLE LIVING TRUST, THE","point":[-86.82996424188653,36.22327009367732]}},{"type":"Feature","id":"170021","geometry":{"type":"Polygon","coordinates":[[[-86.8232667985678,36.2252213354137],[-86.8236483273387,36.2250623841964],[-86.8236902800706,36.2251255565537],[-86.8237340707905,36.2251879052293],[-86.8237796746569,36.2252493943404],[-86.8237912541731,36.225264499752],[-86.8237912902428,36.2252645454702],[-86.8233838999368,36.2254628033151],[-86.8233275698815,36.2254902223136],[-86.8232657745407,36.2253675119296],[-86.8232049908587,36.2252470856125],[-86.8232667985678,36.2252213354137]]]},"properties":{"id":"170021","parcel":"05906002600","address":"4108 AMES DR","owner":"SPICER, JOSEPH & JUANITA","point":[-86.8234622998011,36.22531593129247]}},{"type":"Feature","id":"170465","geometry":{"type":"Polygon","coordinates":[[[-86.8232113548708,36.2268374548394],[-86.823663985817,36.2267216813971],[-86.8237928098301,36.2267933865118],[-86.8238361614804,36.2269398199987],[-86.823301551596,36.2270732515182],[-86.8232113548708,36.2268374548394]]]},"properties":{"id":"170465","parcel":"05906000700","address":"4813 BUENA VISTA PIKE","owner":"SMITH, JOHN JR. ET UX","point":[-86.82352595328237,36.22688864106422]}},{"type":"Feature","id":"170466","geometry":{"type":"Polygon","coordinates":[[[-86.8235281508263,36.2276656279003],[-86.824018416456,36.2275554277247],[-86.8240462251984,36.2276493580732],[-86.8240579576386,36.2276889865094],[-86.8240103238807,36.227783307152],[-86.8236152061691,36.2278932073306],[-86.8235281508263,36.2276656279003]]]},"properties":{"id":"170466","parcel":"05906001100","address":"4829 BUENA VISTA PIKE","owner":"DENNIS, WESLEY L. JR. ETUX","point":[-86.8237944984863,36.227735794178614]}},{"type":"Feature","id":"170467","geometry":{"type":"Polygon","coordinates":[[[-86.8234882202356,36.2260464953295],[-86.8235131247656,36.2258760014284],[-86.8238830360879,36.2261520728023],[-86.8238663591749,36.226166577829],[-86.8238524283363,36.2261828729466],[-86.8238415326173,36.2262006209168],[-86.8238338962333,36.2262194543008],[-86.823829678627,36.226238980866],[-86.8238289690274,36.2262587953399],[-86.8234439744606,36.2262882591062],[-86.8234882202356,36.2260464953295]]]},"properties":{"id":"170467","parcel":"05906001600","address":"4130 AMES CT","owner":"ESPAILLAT, KAYLEIGH ANNE & REYNAGA, MARIA D. AYLA LA","point":[-86.82364558466139,36.22609922521909]}},{"type":"Feature","id":"170468","geometry":{"type":"Polygon","coordinates":[[[-86.8226222981659,36.2250188501119],[-86.8230475848941,36.224930488466],[-86.8230841279131,36.2250044949596],[-86.8231554734406,36.2251489805336],[-86.8227002539282,36.2252436803868],[-86.8226423027922,36.2252557355584],[-86.8225693983786,36.2250298416117],[-86.8226222981659,36.2250188501119]]]},"properties":{"id":"170468","parcel":"05906002200","address":"4089 BUENA VISTA PIKE","owner":"HARRIS, WOODROW H JR","point":[-86.82285737211849,36.22508940393526]}},{"type":"Feature","id":"171984","geometry":{"type":"Polygon","coordinates":[[[-86.8233818457998,36.2272831567166],[-86.8238995550836,36.2271539462651],[-86.8239293048998,36.2272544335728],[-86.8239589856193,36.2273546870153],[-86.8234571208932,36.2274799431257],[-86.8233818457998,36.2272831567166]]]},"properties":{"id":"171984","parcel":"05906000900","address":"4821 BUENA VISTA PIKE","owner":"SMITH, LATONJA","point":[-86.82367194505807,36.22731892446751]}},{"type":"Feature","id":"171986","geometry":{"type":"Polygon","coordinates":[[[-86.8236979569804,36.2281095305035],[-86.8236152061691,36.2278932073306],[-86.8240103238807,36.227783307152],[-86.8240880993523,36.2281089522122],[-86.8239778015241,36.2281255343367],[-86.8238678860949,36.2281437017663],[-86.8237975401279,36.2281561962027],[-86.8237874302056,36.2281575269117],[-86.8237771964451,36.2281578589707],[-86.8237669878764,36.2281571895609],[-86.8237536674487,36.2281547550812],[-86.8237410000995,36.2281506181787],[-86.8237293184458,36.2281448874398],[-86.8237189243722,36.2281377113161],[-86.8237100878995,36.2281292763291],[-86.8237030371083,36.2281198008305],[-86.8236979569804,36.2281095305035]]]},"properties":{"id":"171986","parcel":"05906001200","address":"4833 BUENA VISTA PIKE","owner":"CRAWLEY, RANDY C.","point":[-86.82385938531199,36.22800109138854]}},{"type":"Feature","id":"171988","geometry":{"type":"Polygon","coordinates":[[[-86.8235131247656,36.2258760014284],[-86.8235935631112,36.225881160645],[-86.8239862881876,36.2259063490682],[-86.8241791424816,36.2261056360576],[-86.82416259939,36.226106897138],[-86.8239884328845,36.2261155198637],[-86.8239633946524,36.2261182673614],[-86.823939137122,36.2261239962951],[-86.8239189810087,36.2261313492518],[-86.8239001744233,36.2261407604841],[-86.8238830360879,36.2261520728023],[-86.8235131247656,36.2258760014284]]]},"properties":{"id":"171988","parcel":"05906001700","address":"4126 AMES CT","owner":"BOWERS, ORETHA DENISE","point":[-86.82388461742357,36.226005701204265]}},{"type":"Feature","id":"171990","geometry":{"type":"Polygon","coordinates":[[[-86.8235131247656,36.2258760014284],[-86.8234824456,36.2258003175157],[-86.8234354635689,36.2257058480731],[-86.8239243068006,36.2254252264473],[-86.8239986214829,36.225506189568],[-86.824060981291,36.2255672848712],[-86.8235935631112,36.225881160645],[-86.8235131247656,36.2258760014284]]]},"properties":{"id":"171990","parcel":"05906001800","address":"4116 AMES DR","owner":"CLAYBROOKS, GEORGE M. & CAROL","point":[-86.82375699692658,36.22563657980564]}},{"type":"Feature","id":"171992","geometry":{"type":"Polygon","coordinates":[[[-86.823380407662,36.2255951443231],[-86.8233275698815,36.2254902223136],[-86.8233838999368,36.2254628033151],[-86.8237912902428,36.2252645454702],[-86.8238021462148,36.2252785292436],[-86.8238614378709,36.2253520441762],[-86.8239233399542,36.2254241344096],[-86.8239243068006,36.2254252264473],[-86.8234354635689,36.2257058480731],[-86.823380407662,36.2255951443231]]]},"properties":{"id":"171992","parcel":"05906001900","address":"4112 AMES DR","owner":"BURRELL, CARL ET UX","point":[-86.82359473687795,36.2254768653984]}},{"type":"Feature","id":"171994","geometry":{"type":"Polygon","coordinates":[[[-86.8227002539282,36.2252436803868],[-86.8231554734406,36.2251489805336],[-86.8232049908587,36.2252470856125],[-86.8232657745407,36.2253675119296],[-86.8227188792423,36.2254862188755],[-86.8226423027922,36.2252557355584],[-86.8227002539282,36.2252436803868]]]},"properties":{"id":"171994","parcel":"05906002100","address":"4093 BUENA VISTA PIKE","owner":"RICE, HAROLD T. ETUX","point":[-86.8229492523043,36.225311617068165]}},{"type":"Feature","id":"171996","geometry":{"type":"Polygon","coordinates":[[[-86.8235808403938,36.2245861854632],[-86.8237710817192,36.2245527763314],[-86.8240713325145,36.2245000459805],[-86.8244411575303,36.224435096619],[-86.8243364792973,36.2245976724555],[-86.8237054642571,36.2248433729109],[-86.8236605534519,36.2247587329426],[-86.8236189981406,36.2246729741464],[-86.8235808403938,36.2245861854632]]]},"properties":{"id":"171996","parcel":"05906002700","address":"4101 AMES DR","owner":"HOWARD, JUANITA E.","point":[-86.8239204993867,36.224635239625826]}},{"type":"Feature","id":"172580","geometry":{"type":"Polygon","coordinates":[[[-86.823301551596,36.2270732515182],[-86.8238361614804,36.2269398199987],[-86.8238995550836,36.2271539462651],[-86.8233818457998,36.2272831567166],[-86.8233253651558,36.2271355039512],[-86.823301551596,36.2270732515182]]]},"properties":{"id":"172580","parcel":"05906000800","address":"4817 BUENA VISTA PIKE","owner":"TALLEY, ALICE L. & CAMPBELL, PAUL","point":[-86.8235992939041,36.22710479945848]}},{"type":"Feature","id":"172585","geometry":{"type":"Polygon","coordinates":[[[-86.8234571208932,36.2274799431257],[-86.8239589856193,36.2273546870153],[-86.824018416456,36.2275554277247],[-86.8235281508263,36.2276656279003],[-86.8234571208932,36.2274799431257]]]},"properties":{"id":"172585","parcel":"05906001000","address":"4825 BUENA VISTA PIKE","owner":"WOODSON, DENNIS B. ET UX","point":[-86.82373938422118,36.22751768813405]}},{"type":"Feature","id":"172589","geometry":{"type":"Polygon","coordinates":[[[-86.8230475848941,36.224930488466],[-86.8229349905445,36.2246997649424],[-86.8234141595366,36.2246154564306],[-86.8234463310811,36.2246905128471],[-86.8234809246274,36.2247648578719],[-86.8235179174213,36.2248384420887],[-86.82352394315,36.2248499244843],[-86.8230841279131,36.2250044949596],[-86.8230475848941,36.224930488466]]]},"properties":{"id":"172589","parcel":"05906002400","address":"4100 AMES DR","owner":"NUNNERY, WILLIE B. ET UX","point":[-86.82324188031241,36.22480126983009]}},{"type":"Feature","id":"173489","geometry":{"type":"Polygon","coordinates":[[[-86.8231204612116,36.2265998341797],[-86.8235474593008,36.2264921263385],[-86.823630971815,36.2266566446875],[-86.823663985817,36.2267216813971],[-86.8232113548708,36.2268374548394],[-86.8231204612116,36.2265998341797]]]},"properties":{"id":"173489","parcel":"05906000600","address":"4809 BUENA VISTA PIKE","owner":"PARKS, LENNARD P. & CASSANDRA","point":[-86.82340091563097,36.22668879940442]}},{"type":"Feature","id":"173499","geometry":{"type":"Polygon","coordinates":[[[-86.823663985817,36.2267216813971],[-86.823630971815,36.2266566446875],[-86.8238990603131,36.2263643348553],[-86.823916716345,36.2263734018376],[-86.8239356125966,36.2263806434228],[-86.8239554653786,36.2263859488884],[-86.8239759701868,36.2263892382968],[-86.8239958605497,36.226390452693],[-86.8240157901313,36.2263897678694],[-86.8240354820675,36.2263871947274],[-86.8241206318232,36.2267521781217],[-86.8237928098301,36.2267933865118],[-86.823663985817,36.2267216813971]]]},"properties":{"id":"173499","parcel":"05906001400","address":"4138 AMES CT","owner":"NESBITT, EDWARD, ETUX","point":[-86.82391025054636,36.22652369137207]}},{"type":"Feature","id":"173503","geometry":{"type":"Polygon","coordinates":[[[-86.8235474593008,36.2264921263385],[-86.8234439744606,36.2262882591062],[-86.8238289690274,36.2262587953399],[-86.8238308477444,36.2262741011953],[-86.8238370537377,36.2262952104731],[-86.8238472766191,36.2263152667222],[-86.8238612664942,36.2263337714483],[-86.8238786715227,36.2263502638039],[-86.8238990603131,36.2263643348553],[-86.823630971815,36.2266566446875],[-86.8235474593008,36.2264921263385]]]},"properties":{"id":"173503","parcel":"05906001500","address":"4134 AMES CT","owner":"SPARKS, KAREN & HOMER","point":[-86.82367758521723,36.22642816343171]}},{"type":"Feature","id":"173510","geometry":{"type":"Polygon","coordinates":[[[-86.8224894838375,36.224778149082],[-86.8229349905445,36.2246997649424],[-86.8230475848941,36.224930488466],[-86.8226222981659,36.2250188501119],[-86.8225693983786,36.2250298416117],[-86.8224894838375,36.224778149082]]]},"properties":{"id":"173510","parcel":"05906002300","address":"4085 BUENA VISTA PIKE","owner":"TURNER, ROBERT D. & WESTMORELAND, ANNIE R.","point":[-86.82276206849777,36.22485430952264]}},{"type":"Feature","id":"173516","geometry":{"type":"Polygon","coordinates":[[[-86.8231554734406,36.2251489805336],[-86.8230841279131,36.2250044949596],[-86.82352394315,36.2248499244843],[-86.823562370568,36.2249202606866],[-86.8236029942208,36.2249897806822],[-86.8236457858666,36.2250584423026],[-86.8236483273387,36.2250623841964],[-86.8232667985678,36.2252213354137],[-86.8232049908587,36.2252470856125],[-86.8231554734406,36.2251489805336]]]},"properties":{"id":"173516","parcel":"05906002500","address":"4104 AMES DR","owner":"BALLARD, CLIFFORD ETUX","point":[-86.8233632352108,36.22503146641913]}}]}