{"type":"FeatureCollection","features":[{"type":"Feature","id":"11517","geometry":{"type":"Polygon","coordinates":[[[-86.8093295425739,36.1173855518094],[-86.809366954515,36.1173355779153],[-86.8093829387768,36.1173426133225],[-86.8094359973313,36.1173661565856],[-86.8093979167709,36.1174166820662],[-86.8093295425739,36.1173855518094]]]},"properties":{"id":"11517","parcel":"117070K04500CO","address":"3361 GOLF CLUB LN","owner":"ARMSTRONG, COLIN ANDREW FAMILY TRUST","point":[-86.80938274526201,36.11737585417006]}},{"type":"Feature","id":"12734","geometry":{"type":"Polygon","coordinates":[[[-86.8057573711405,36.1118317228079],[-86.8057658235043,36.1117638123017],[-86.8059229970345,36.1117721030656],[-86.8059282339896,36.1117209715984],[-86.8059017954769,36.1117178513647],[-86.8059084354125,36.1116716549653],[-86.8059250355202,36.1116726436093],[-86.8059271954902,36.1116520258318],[-86.8059617373242,36.1116528936796],[-86.8059601980017,36.1116680130853],[-86.8060327389294,36.1116765934292],[-86.8060251226895,36.1117604312618],[-86.8060393610357,36.1117622621506],[-86.8060315111031,36.1118227483834],[-86.8059810532543,36.1118214371323],[-86.8059785617978,36.1118428817998],[-86.8059328208719,36.111839341678],[-86.8059337022031,36.1118261491082],[-86.8059066117837,36.1118257785415],[-86.8059024059065,36.1118447642443],[-86.8057573711405,36.1118317228079]]]},"properties":{"id":"12734","parcel":"117110K00100CO","address":"3516 HOPKINS ST","owner":"MASHBURN, RANDAL S. & JANICE D.","point":[-86.80597656462949,36.111740701255755]}},{"type":"Feature","id":"12737","geometry":{"type":"Polygon","coordinates":[[[-86.8056148745845,36.1119019022894],[-86.8056862029337,36.1113563240726],[-86.8057581190791,36.1108042958232],[-86.8064330712224,36.1108591225619],[-86.8063601554152,36.1114134291557],[-86.8062983621376,36.1118731598749],[-86.806287127027,36.111956747924],[-86.8056148745845,36.1119019022894]],[[-86.8059024059065,36.1118447642443],[-86.8059066117837,36.1118257785415],[-86.8059337022031,36.1118261491082],[-86.8059328208719,36.111839341678],[-86.8059785617978,36.1118428817998],[-86.8059810532543,36.1118214371323],[-86.8060315111031,36.1118227483834],[-86.8060393610357,36.1117622621506],[-86.8060251226895,36.1117604312618],[-86.8060327389294,36.1116765934292],[-86.8059601980017,36.1116680130853],[-86.8059617373242,36.1116528936796],[-86.8059635479397,36.1116314535612],[-86.8059807803688,36.1116277675201],[-86.8059845493404,36.1115988976509],[-86.8060180972015,36.1116019703557],[-86.8060229576935,36.1115805098541],[-86.8060144804666,36.1115791929499],[-86.8060201810276,36.1115406952762],[-86.8060469420502,36.1115418899889],[-86.806055419228,36.111476451511],[-86.8058903869176,36.1114610716619],[-86.8058948111222,36.1114300000867],[-86.8058284058993,36.1114252244442],[-86.8058127518966,36.1115173573077],[-86.805853417453,36.1115212062768],[-86.8058516118373,36.1115434701339],[-86.8058421278264,36.1115429837177],[-86.805838340968,36.1115702052541],[-86.805819033085,36.1115692355909],[-86.8058134417001,36.111618720975],[-86.8059296702258,36.1116289328283],[-86.8059271954902,36.1116520258318],[-86.8059250355202,36.1116726436093],[-86.8059084354125,36.1116716549653],[-86.8059017954769,36.1117178513647],[-86.8059282339896,36.1117209715984],[-86.8059229970345,36.1117721030656],[-86.8057658235043,36.1117638123017],[-86.8057573711405,36.1118317228079],[-86.8059024059065,36.1118447642443]],[[-86.8060652311961,36.1112090913145],[-86.806065768744,36.1111956270487],[-86.8062029826274,36.111205149501],[-86.8062103904006,36.1111344988194],[-86.8061192369386,36.1111263169774],[-86.8061204374688,36.1111111998317],[-86.8061219209804,36.1110905865686],[-86.8062157526246,36.1110957285014],[-86.8062183808457,36.1110545042369],[-86.8061756673796,36.1110490206326],[-86.8061768578556,36.1110328048882],[-86.8061880149287,36.1110313567548],[-86.8061899968976,36.110993432805],[-86.8061218859767,36.1109870202792],[-86.8061249087634,36.110951287605],[-86.8060418844576,36.1109436011548],[-86.8060369682461,36.1109595678071],[-86.8059766603732,36.1109550254893],[-86.8059764456779,36.11093387199],[-86.8058954706557,36.1109278219954],[-86.8058822639254,36.1110276309855],[-86.8059666187876,36.1110331113246],[-86.8059684193221,36.111010022822],[-86.8060155103431,36.1110135548065],[-86.8060161739085,36.1110789313019],[-86.8060856566106,36.1110864333845],[-86.8060821450499,36.1111076099845],[-86.8060567302495,36.1111053076185],[-86.8060503667439,36.111145458177],[-86.8058965591172,36.1111352226571],[-86.8058892695833,36.1111841696145],[-86.8059302820936,36.1111888409131],[-86.805925806629,36.1112149683915],[-86.8059098880213,36.111214250086],[-86.8058950583024,36.1113209376969],[-86.8060749910188,36.1113367677376],[-86.8060813210636,36.1112933205074],[-86.8060667111629,36.1112884710039],[-86.8060769317116,36.1112276940249],[-86.8060698139993,36.1112269178217],[-86.8060710005896,36.1112104263124],[-86.8060652311961,36.1112090913145]]]},"properties":{"id":"12737","parcel":"117110K00500CO","address":"0 HOPKINS RD","owner":"O.I.C. HOPKINS AT GRAYBAR CONDOMINIUMS","point":[-86.80602319046682,36.111384877106225]}},{"type":"Feature","id":"12833","geometry":{"type":"Polygon","coordinates":[[[-86.802505915444,36.1122039334113],[-86.8025789477142,36.1116584188842],[-86.8032538826968,36.111711066221],[-86.8032295446878,36.1118936363563],[-86.8031808772377,36.1122587783303],[-86.802505915444,36.1122039334113]],[[-86.8028334672476,36.1121869184171],[-86.8028442395482,36.1121137715619],[-86.8029089441879,36.1121177381997],[-86.802915888551,36.1120679690704],[-86.8029280815421,36.1120684376827],[-86.8029320820805,36.1120288528229],[-86.8029259750353,36.112027519923],[-86.8029287048871,36.111962669734],[-86.8028216170977,36.1119523941457],[-86.8028244831624,36.1119345188422],[-86.8028273492258,36.1119166435386],[-86.8028883418189,36.1119217317571],[-86.8028912078674,36.111903856452],[-86.8029284825922,36.1119071791967],[-86.8029349477283,36.1118769179275],[-86.8029393537874,36.1118774401806],[-86.802943188848,36.1118548861698],[-86.8029550458219,36.1118556310063],[-86.8029667735897,36.1117431962357],[-86.8028735722403,36.1117336520175],[-86.8028728036387,36.1117243171339],[-86.802803328452,36.1117173620315],[-86.8027967250292,36.111767678672],[-86.8028035073355,36.111768457301],[-86.8027888426976,36.111858385826],[-86.8027664798731,36.1118566113335],[-86.8027605950212,36.1119107689635],[-86.8027809264408,36.1119125569781],[-86.802779075522,36.1119304255238],[-86.8027768858471,36.1119482963241],[-86.8027701068485,36.1119475167703],[-86.8027619195688,36.1120082826114],[-86.8027686957936,36.1120087872927],[-86.8027617163492,36.1120549848614],[-86.8027830662984,36.1120573158796],[-86.8027760857474,36.112103513456],[-86.8027320402615,36.1121002357272],[-86.8027216537968,36.1121780477503],[-86.8028334672476,36.1121869184171]]]},"properties":{"id":"12833","parcel":"117110L00300CO","address":"3504 C AMANDA AVE","owner":"O.I.C. 3504 AMANDA AVENUE CONDOMINIUMS","point":[-86.8030480568535,36.111957816296254]}},{"type":"Feature","id":"12984","geometry":{"type":"Polygon","coordinates":[[[-86.8027216537968,36.1121780477503],[-86.8027320402615,36.1121002357272],[-86.8027760857474,36.112103513456],[-86.8027830662984,36.1120573158796],[-86.8027617163492,36.1120549848614],[-86.8027686957936,36.1120087872927],[-86.8027619195688,36.1120082826114],[-86.8027701068485,36.1119475167703],[-86.8027768858471,36.1119482963241],[-86.802779075522,36.1119304255238],[-86.8028244831624,36.1119345188422],[-86.8028216170977,36.1119523941457],[-86.8029287048871,36.111962669734],[-86.8029259750353,36.112027519923],[-86.8029320820805,36.1120288528229],[-86.8029280815421,36.1120684376827],[-86.802915888551,36.1120679690704],[-86.8029089441879,36.1121177381997],[-86.8028442395482,36.1121137715619],[-86.8028334672476,36.1121869184171],[-86.8027216537968,36.1121780477503]]]},"properties":{"id":"12984","parcel":"117110L00100CO","address":"3504 A AMANDA AVE","owner":"WILSON, PHILLIP & AMANDA","point":[-86.80285546610027,36.112062652347845]}},{"type":"Feature","id":"12987","geometry":{"type":"Polygon","coordinates":[[[-86.802779075522,36.1119304255238],[-86.8027809264408,36.1119125569781],[-86.8027605950212,36.1119107689635],[-86.8027664798731,36.1118566113335],[-86.8027888426976,36.111858385826],[-86.8028035073355,36.111768457301],[-86.8027967250292,36.111767678672],[-86.802803328452,36.1117173620315],[-86.8028728036387,36.1117243171339],[-86.8028735722403,36.1117336520175],[-86.8029667735897,36.1117431962357],[-86.8029550458219,36.1118556310063],[-86.802943188848,36.1118548861698],[-86.8029393537874,36.1118774401806],[-86.8029349477283,36.1118769179275],[-86.8029284825922,36.1119071791967],[-86.8028912078674,36.111903856452],[-86.8028883418189,36.1119217317571],[-86.8028273492258,36.1119166435386],[-86.8028244831624,36.1119345188422],[-86.802779075522,36.1119304255238]]]},"properties":{"id":"12987","parcel":"117110L00200CO","address":"3504 B AMANDA AVE","owner":"RESELAND, JOSEPH W III & SUSANNE D","point":[-86.80287804864194,36.11181167948973]}},{"type":"Feature","id":"13809","geometry":{"type":"Polygon","coordinates":[[[-86.8060821450499,36.1111076099845],[-86.8060856566106,36.1110864333845],[-86.8060161739085,36.1110789313019],[-86.8060155103431,36.1110135548065],[-86.8059684193221,36.111010022822],[-86.8059666187876,36.1110331113246],[-86.8058822639254,36.1110276309855],[-86.8058954706557,36.1109278219954],[-86.8059764456779,36.11093387199],[-86.8059766603732,36.1109550254893],[-86.8060369682461,36.1109595678071],[-86.8060418844576,36.1109436011548],[-86.8061249087634,36.110951287605],[-86.8061218859767,36.1109870202792],[-86.8061899968976,36.110993432805],[-86.8061880149287,36.1110313567548],[-86.8061768578556,36.1110328048882],[-86.8061756673796,36.1110490206326],[-86.8062183808457,36.1110545042369],[-86.8062157526246,36.1110957285014],[-86.8061219209804,36.1110905865686],[-86.8061204374688,36.1111111998317],[-86.8060821450499,36.1111076099845]]]},"properties":{"id":"13809","parcel":"117110K00400CO","address":"1710 GRAYBAR LN","owner":"TRAVIS, THOMAS RICHARD & COURTNEY C.","point":[-86.80610207003276,36.111020840919124]}},{"type":"Feature","id":"15138","geometry":{"type":"Polygon","coordinates":[[[-86.8058134417001,36.111618720975],[-86.805819033085,36.1115692355909],[-86.805838340968,36.1115702052541],[-86.8058421278264,36.1115429837177],[-86.8058516118373,36.1115434701339],[-86.805853417453,36.1115212062768],[-86.8058127518966,36.1115173573077],[-86.8058284058993,36.1114252244442],[-86.8058948111222,36.1114300000867],[-86.8058903869176,36.1114610716619],[-86.806055419228,36.111476451511],[-86.8060469420502,36.1115418899889],[-86.8060201810276,36.1115406952762],[-86.8060144804666,36.1115791929499],[-86.8060229576935,36.1115805098541],[-86.8060180972015,36.1116019703557],[-86.8059845493404,36.1115988976509],[-86.8059807803688,36.1116277675201],[-86.8059635479397,36.1116314535612],[-86.8059617373242,36.1116528936796],[-86.8059271954902,36.1116520258318],[-86.8059296702258,36.1116289328283],[-86.8058134417001,36.111618720975]]]},"properties":{"id":"15138","parcel":"117110K00200CO","address":"3518 HOPKINS ST","owner":"HAMMOND, RICHARD & ELIZABETH","point":[-86.80595048699207,36.11153097297558]}},{"type":"Feature","id":"15142","geometry":{"type":"Polygon","coordinates":[[[-86.8058950583024,36.1113209376969],[-86.8059098880213,36.111214250086],[-86.805925806629,36.1112149683915],[-86.8059302820936,36.1111888409131],[-86.8058892695833,36.1111841696145],[-86.8058965591172,36.1111352226571],[-86.8060503667439,36.111145458177],[-86.8060567302495,36.1111053076185],[-86.8060821450499,36.1111076099845],[-86.8061204374688,36.1111111998317],[-86.8061192369386,36.1111263169774],[-86.8062103904006,36.1111344988194],[-86.8062029826274,36.111205149501],[-86.806065768744,36.1111956270487],[-86.8060652311961,36.1112090913145],[-86.8060710005896,36.1112104263124],[-86.8060698139993,36.1112269178217],[-86.8060769317116,36.1112276940249],[-86.8060667111629,36.1112884710039],[-86.8060813210636,36.1112933205074],[-86.8060749910188,36.1113367677376],[-86.8058950583024,36.1113209376969]]]},"properties":{"id":"15142","parcel":"117110K00300CO","address":"3520 HOPKINS ST","owner":"FRANK, PAUL A. & FAITH ANN, TRUSTEES","point":[-86.8059896065653,36.11122092984408]}},{"type":"Feature","id":"22573","geometry":{"type":"Polygon","coordinates":[[[-86.8054135580616,36.1134163592299],[-86.805505642672,36.1127227403359],[-86.8055418852342,36.1124496158013],[-86.8062141422629,36.1125044618351],[-86.8060858131354,36.1134701064672],[-86.8054135580616,36.1134163592299]],[[-86.8058155708951,36.1132631317972],[-86.8058614551506,36.1132474412297],[-86.8058669165943,36.113251800298],[-86.8059316933878,36.1132293878811],[-86.8059261873617,36.1132206362586],[-86.8059747816549,36.1132049275391],[-86.8059664997148,36.1131895988768],[-86.8059961802285,36.1131784120931],[-86.8059906741806,36.1131696586711],[-86.8060365338237,36.1131517708716],[-86.8060035019449,36.1130992467118],[-86.8059387252504,36.1131216564644],[-86.8059249160925,36.1130953762858],[-86.805876345265,36.113113282158],[-86.8058874242511,36.1131373832553],[-86.8058820263854,36.1131396166506],[-86.8058738827272,36.1131374737342],[-86.8058172306595,36.1131598291357],[-86.8058172752612,36.1131642243964],[-86.8057659987267,36.1131821483004],[-86.8057632429338,36.1131777711522],[-86.8057119853489,36.1131978931363],[-86.8057147835052,36.1132066646601],[-86.8057039944276,36.1132111322915],[-86.805708943032,36.1131649481216],[-86.8056465853284,36.1131587708763],[-86.8056516889214,36.1131279696778],[-86.8055947480912,36.113121757124],[-86.805589665665,36.1131547564085],[-86.8055815409708,36.1131548106745],[-86.8055790995118,36.1131811985303],[-86.805503200284,36.1131751125563],[-86.8054931000033,36.1132477044728],[-86.8056313381036,36.1132577696351],[-86.8056287640037,36.1132709726031],[-86.8056667019608,36.1132729165197],[-86.8056665904635,36.1132619270162],[-86.8056936958745,36.1132639459869],[-86.8056936512796,36.1132595507263],[-86.8057017770951,36.1132594964454],[-86.8057018439836,36.1132660888857],[-86.80573429819,36.1132614747232],[-86.8057369179982,36.1132526688086],[-86.8057423348378,36.1132526326219],[-86.8057589187213,36.1132854871706],[-86.8058155708951,36.1132631317972]],[[-86.8057882744725,36.1129754163307],[-86.8058804652675,36.1129857888308],[-86.8058829757359,36.1129659924922],[-86.8058965172305,36.1129659020123],[-86.8058965841349,36.1129724944531],[-86.8059508170357,36.1129787258603],[-86.8059533475649,36.1129611267149],[-86.8060048491865,36.1129651781186],[-86.8060151028906,36.1129079700329],[-86.8060422081622,36.1129099862218],[-86.8060473126873,36.1128791840961],[-86.8060337455734,36.1128770774353],[-86.8060361667819,36.1128484914723],[-86.8060253119576,36.1128463657833],[-86.8059222620522,36.1128338686261],[-86.8059068379362,36.1129152881791],[-86.8058011213486,36.1129072015917],[-86.8057882744725,36.1129754163307]],[[-86.8060250085519,36.1125496797254],[-86.8059734837785,36.112543430256],[-86.8059682019271,36.1125566522297],[-86.8059546627238,36.1125567427028],[-86.8059571676066,36.1125369463977],[-86.805867682941,36.1125265558774],[-86.8058548094346,36.1125925725784],[-86.8059578590255,36.1126050706952],[-86.8059553095316,36.1126204717387],[-86.8059661620926,36.1126225965478],[-86.8059559117313,36.1126798055124],[-86.8059369512637,36.1126799322094],[-86.8059216152691,36.1127701395935],[-86.8059894846538,36.1127755876779],[-86.806057163724,36.1127824204661],[-86.8060699021359,36.1127032179706],[-86.8060779832784,36.1126987684032],[-86.8060881465518,36.1126327697925],[-86.8060556022464,36.1126285899311],[-86.8060632372684,36.1125801913569],[-86.8060198371158,36.1125738885102],[-86.8060250085519,36.1125496797254]]]},"properties":{"id":"22573","parcel":"117110E01100CO","address":"0 WOODMONT BLVD","owner":"O.I.C. HOMEOWNERS ASSOCIATION BENTLEY PARK CONDO","point":[-86.80563622908875,36.112937731076734]}},{"type":"Feature","id":"22574","geometry":{"type":"Polygon","coordinates":[[[-86.8039508194071,36.1128668051682],[-86.8040238201148,36.1123190926768],[-86.8040968420637,36.1117735772464],[-86.8047663622884,36.1118262522309],[-86.8047587401168,36.1118834426624],[-86.8046203932965,36.1129238771113],[-86.8039508194071,36.1128668051682]],[[-86.8044209736421,36.1127559832586],[-86.8044236146988,36.1127493718554],[-86.8044886809442,36.1127555316647],[-86.8044962044881,36.1126961436925],[-86.8045043291361,36.1126960894997],[-86.804511720186,36.1126235157329],[-86.804443946213,36.1126173748976],[-86.8044464982212,36.1126019738712],[-86.8044546228596,36.1126019196817],[-86.8044621464145,36.1125425317094],[-86.8044675632062,36.1125424955799],[-86.8044776621226,36.1124699046525],[-86.8044071570685,36.1124615837834],[-86.8044096656754,36.1124417883889],[-86.8043662879856,36.1124376821274],[-86.8043462023542,36.1125938525605],[-86.8043678906808,36.1125959052499],[-86.804367957458,36.1126024976921],[-86.8043869156882,36.1126023712565],[-86.8043868489095,36.1125957788143],[-86.8044031204512,36.1125978685243],[-86.8043829458075,36.1127452484339],[-86.8044019296609,36.1127473191539],[-86.8043993075273,36.1127561277591],[-86.8044209736421,36.1127559832586]],[[-86.8044349029999,36.1122592111243],[-86.8044373859944,36.1122372176687],[-86.8045051596425,36.1122433585082],[-86.8045152139391,36.1121663705075],[-86.8045070893453,36.1121664247011],[-86.804514635107,36.1121092366032],[-86.8045092183448,36.1121092727348],[-86.8045117513871,36.112091673601],[-86.8045795004336,36.1120956172332],[-86.8045895980801,36.1120230262957],[-86.8045814512301,36.1120208824124],[-86.8045890191681,36.111965889686],[-86.8045239546817,36.1119597308234],[-86.8045265957126,36.1119531203178],[-86.8045021986173,36.1119510848248],[-86.8045022654142,36.1119576781692],[-86.8044860162693,36.1119577865541],[-86.8044658642007,36.1121073636819],[-86.8044468838307,36.1121052929493],[-86.8044495248728,36.1120986824457],[-86.8044278366708,36.1120966288696],[-86.8044251956087,36.1121032375703],[-86.8044089453233,36.1121033459522],[-86.8043888153564,36.1122551229458],[-86.8044349029999,36.1122592111243]]]},"properties":{"id":"22574","parcel":"117110E01300CO","address":"0 STOKESMONT RD","owner":"O.I.C. HOMEOWNERS ASSOCIATION BENTLEY PARK CONDO","point":[-86.80435438790501,36.11237864781984]}},{"type":"Feature","id":"25063","geometry":{"type":"Polygon","coordinates":[[[-86.804866920188,36.1123947840973],[-86.8049326902093,36.111882281874],[-86.8049372085479,36.1118470890432],[-86.8056148745845,36.1119019022894],[-86.8055418852342,36.1124496158013],[-86.804866920188,36.1123947840973]],[[-86.8052071836358,36.1122958142549],[-86.8052070722217,36.1122848265508],[-86.8051935308424,36.1122849169533],[-86.8052010538329,36.1122255307325],[-86.8052200119719,36.112225404166],[-86.8052299541561,36.1121374284007],[-86.8052055569862,36.11213539305],[-86.8052130353767,36.1120716106629],[-86.8052293079343,36.1120736993531],[-86.8052392935659,36.1119901206558],[-86.805345005516,36.1119982050562],[-86.8053551258442,36.1119278112258],[-86.8052629775843,36.111921833606],[-86.8052630890056,36.1119328213111],[-86.8051926300233,36.1119288961549],[-86.8051901216369,36.1119486924694],[-86.8051359117855,36.1119446588003],[-86.8051310721148,36.112001831582],[-86.8051039693886,36.1119998142718],[-86.8050988422688,36.1120284182827],[-86.8051151148237,36.1120305078896],[-86.805110032268,36.1120635071629],[-86.8051290126453,36.1120655777911],[-86.8051188029833,36.112127181977],[-86.8050971147562,36.1121251285212],[-86.8050871278564,36.1122087081126],[-86.8050762954297,36.1122087804195],[-86.80506888265,36.1122791561469],[-86.8051041133987,36.1122811183081],[-86.8050964811712,36.1123295186054],[-86.805142563341,36.1123336065504],[-86.8051400560309,36.1123534019533],[-86.8052078298416,36.112359543299],[-86.8052079189676,36.1123683329215],[-86.8052973810869,36.1123765267514],[-86.8053074792144,36.1123039348502],[-86.8052071836358,36.1122958142549]]]},"properties":{"id":"25063","parcel":"117110E01200CO","address":"0 STOKESMONT RD","owner":"O.I.C. HOMEOWNERS ASSOCIATION BENTLEY PARK CONDO","point":[-86.80540228088297,36.1121734644161]}},{"type":"Feature","id":"34339","geometry":{"type":"Polygon","coordinates":[[[-86.804830677569,36.1126679102205],[-86.804866920188,36.1123947840973],[-86.8055418852342,36.1124496158013],[-86.805505642672,36.1127227403359],[-86.804830677569,36.1126679102205]]]},"properties":{"id":"34339","parcel":"11711010900","address":"3511 STOKESMONT RD","owner":"BLOOM, MARK J.","point":[-86.80518628139124,36.11255876354032]}},{"type":"Feature","id":"35339","geometry":{"type":"Polygon","coordinates":[[[-86.8047385959929,36.1133626227074],[-86.804830677569,36.1126679102205],[-86.805505642672,36.1127227403359],[-86.8054135580616,36.1134163592299],[-86.8047385959929,36.1133626227074]]]},"properties":{"id":"35339","parcel":"11711010800","address":"1811 WOODMONT BLVD","owner":"PALMER, ABBY","point":[-86.80512208533466,36.113042682091006]}},{"type":"Feature","id":"36730","geometry":{"type":"Polygon","coordinates":[[[-86.8018956476112,36.1180491866881],[-86.8018668054279,36.1180340656516],[-86.8018655628376,36.1180358683645],[-86.8018320944159,36.1180158336418],[-86.8018482358563,36.1180009768604],[-86.801775858608,36.1179570959868],[-86.8018831153331,36.117850986178],[-86.8019172607799,36.1178728387781],[-86.8019057130106,36.1178849801109],[-86.8019348559443,36.1179028273192],[-86.8019464353568,36.117891509545],[-86.8020058053357,36.1179295040086],[-86.8018956476112,36.1180491866881]]]},"properties":{"id":"36730","parcel":"117080J00100CO","address":"1807 LOMBARDY AVE","owner":"SAKAZI, ODELY & NOAH","point":[-86.8018914620972,36.11794330109491]}},{"type":"Feature","id":"37875","geometry":{"type":"Polygon","coordinates":[[[-86.801688100205,36.1179439554775],[-86.8016309206645,36.1179080255585],[-86.8016772273883,36.1178587962151],[-86.8016666338098,36.1178519051214],[-86.8017145442463,36.1178008886772],[-86.8017442261045,36.1178187602892],[-86.8017627139211,36.1177998655009],[-86.8018204302203,36.1178358197299],[-86.8018186950875,36.1178370281667],[-86.8018343851986,36.1178455725671],[-86.8017838772058,36.1178953310113],[-86.8017736165653,36.1178887405446],[-86.8017263301598,36.1179347822936],[-86.8017105737417,36.1179249521906],[-86.801688100205,36.1179439554775]]]},"properties":{"id":"37875","parcel":"117080J00200CO","address":"3029 BRIGHTWOOD AVE","owner":"COHN, ELLIOT & STACEY","point":[-86.80173443541555,36.117873783306685]}},{"type":"Feature","id":"37876","geometry":{"type":"Polygon","coordinates":[[[-86.8017036833816,36.1180163924795],[-86.801643014598,36.1179715441401],[-86.8013210730757,36.1177170289028],[-86.8014877114116,36.1175884552392],[-86.8014925957841,36.1175847203171],[-86.8020701611719,36.1179653373626],[-86.8019670559189,36.1181749626019],[-86.8018983176777,36.1181385751995],[-86.8018314389109,36.118099975368],[-86.8017665257893,36.1180592263956],[-86.8017036833816,36.1180163924795]],[[-86.8018956476112,36.1180491866881],[-86.8020058053357,36.1179295040086],[-86.8019464353568,36.117891509545],[-86.8019348559443,36.1179028273192],[-86.8019057130106,36.1178849801109],[-86.8019172607799,36.1178728387781],[-86.8018831153331,36.117850986178],[-86.801775858608,36.1179570959868],[-86.8018482358563,36.1180009768604],[-86.8018320944159,36.1180158336418],[-86.8018655628376,36.1180358683645],[-86.8018668054279,36.1180340656516],[-86.8018956476112,36.1180491866881]],[[-86.801688100205,36.1179439554775],[-86.8017105737417,36.1179249521906],[-86.8017263301598,36.1179347822936],[-86.8017736165653,36.1178887405446],[-86.8017838772058,36.1178953310113],[-86.8018343851986,36.1178455725671],[-86.8018186950875,36.1178370281667],[-86.8018204302203,36.1178358197299],[-86.8017627139211,36.1177998655009],[-86.8017442261045,36.1178187602892],[-86.8017145442463,36.1178008886772],[-86.8016666338098,36.1178519051214],[-86.8016772273883,36.1178587962151],[-86.8016309206645,36.1179080255585],[-86.801688100205,36.1179439554775]]]},"properties":{"id":"37876","parcel":"117080J00300CO","address":"0 BRIGHTWOOD AVE","owner":"O.I.C  LOMBARDY TOWNHOMES","point":[-86.80159186564548,36.11787838053319]}},{"type":"Feature","id":"52944","geometry":{"type":"Polygon","coordinates":[[[-86.8078723549178,36.1121952261441],[-86.8080211916453,36.1109985337082],[-86.8081122544743,36.1110059891871],[-86.8087845030856,36.1110610200847],[-86.8087511130107,36.1113218745865],[-86.8087209995896,36.1115566798135],[-86.8086726899351,36.111932535366],[-86.8086679806486,36.1119691031837],[-86.8086454021861,36.1121453446861],[-86.8086282539448,36.1122735762394],[-86.8079560627914,36.11220390178],[-86.8078723549178,36.1121952261441]]]},"properties":{"id":"52944","parcel":"11711011000","address":"1900 GRAYBAR LN","owner":"FIRST STEPS, INC.","point":[-86.80831269906206,36.111743993604065]}},{"type":"Feature","id":"55131","geometry":{"type":"Polygon","coordinates":[[[-86.7999646028094,36.1161667437604],[-86.8000008994148,36.1160935235025],[-86.8000582221849,36.1161122315468],[-86.8000184277358,36.1161925122334],[-86.799961101585,36.1161738041927],[-86.7999646028094,36.1161667437604]]]},"properties":{"id":"55131","parcel":"117080M00200CO","address":"1607 B STOKES LN","owner":"CLARK, HOLLY MCINDOE & THOMAS VICTOR","point":[-86.80001141286753,36.11613948766344]}},{"type":"Feature","id":"55171","geometry":{"type":"Polygon","coordinates":[[[-86.8034578839268,36.1127167428449],[-86.8034677077918,36.1126284012151],[-86.8034993593605,36.1126313088002],[-86.8035041730105,36.1125968026474],[-86.8035993511286,36.1126055427875],[-86.8035972995882,36.1126202536825],[-86.8036496359883,36.112625057606],[-86.8036345843144,36.1127329684981],[-86.8034578839268,36.1127167428449]]]},"properties":{"id":"55171","parcel":"117110M00100CO","address":"3501 AMANDA AVE","owner":"MCINTEER, SETH & BLEWETT","point":[-86.80355270267908,36.11267414731652]}},{"type":"Feature","id":"56096","geometry":{"type":"Polygon","coordinates":[[[-86.7998244011021,36.1162237422988],[-86.8000925917388,36.1156901223557],[-86.8002094300065,36.1157267081224],[-86.8001287906089,36.1160568969856],[-86.8000173399375,36.1162861960136],[-86.7998244011021,36.1162237422988]],[[-86.8000043973,36.116086463091],[-86.7999499030837,36.1160686781017],[-86.7999101052056,36.1161489578744],[-86.7999646028094,36.1161667437604],[-86.799961101585,36.1161738041927],[-86.8000184277358,36.1161925122334],[-86.8000582221849,36.1161122315468],[-86.8000008994148,36.1160935235025],[-86.8000043973,36.116086463091]]]},"properties":{"id":"56096","parcel":"117080M90000CO","address":"1607 C STOKES LN","owner":"O.I.C. STOKES LANE TOWNHOUSES","point":[-86.8000802448674,36.11589165430443]}},{"type":"Feature","id":"56384","geometry":{"type":"Polygon","coordinates":[[[-86.8034850140584,36.1168872904537],[-86.8034906864656,36.1168334470158],[-86.8037434441015,36.1168540003564],[-86.8037159641386,36.1170812263891],[-86.8038121961961,36.1173406987866],[-86.8037275597005,36.117516335042],[-86.8034195868509,36.1174165617277],[-86.8034213447354,36.1174023449106],[-86.8034850140584,36.1168872904537]]]},"properties":{"id":"56384","parcel":"11707020700","address":"1707 STOKES LN","owner":"PIERCE, PAUL MARK & KING,  MALISA GAIL","point":[-86.80360457380797,36.1172107012217]}},{"type":"Feature","id":"56640","geometry":{"type":"Polygon","coordinates":[[[-86.8032785386393,36.1128097484429],[-86.8033515661682,36.1122642344324],[-86.8040238201148,36.1123190926768],[-86.8039508194071,36.1128668051682],[-86.8032785386393,36.1128097484429]],[[-86.8035993511286,36.1126055427875],[-86.8035041730105,36.1125968026474],[-86.8034993593605,36.1126313088002],[-86.8034677077918,36.1126284012151],[-86.8034578839268,36.1127167428449],[-86.8036345843144,36.1127329684981],[-86.8036496359883,36.112625057606],[-86.8035972995882,36.1126202536825],[-86.8035993511286,36.1126055427875]],[[-86.8038585851705,36.1123537227046],[-86.8036182362005,36.1123327886753],[-86.8035911749595,36.1125190605486],[-86.8038339180268,36.1125402003944],[-86.8038585851705,36.1123537227046]]]},"properties":{"id":"56640","parcel":"117110M90000CO","address":"3503 C AMANDA AVE","owner":"O.I.C. AMANDA TOWNHOMES","point":[-86.80365071052799,36.11256847158744]}},{"type":"Feature","id":"57632","geometry":{"type":"Polygon","coordinates":[[[-86.8035911749595,36.1125190605486],[-86.8036182362005,36.1123327886753],[-86.8038585851705,36.1123537227046],[-86.8038339180268,36.1125402003944],[-86.8035911749595,36.1125190605486]]]},"properties":{"id":"57632","parcel":"117110M00200CO","address":"3503 AMANDA AVE","owner":"MARION KRAFT LIVING TRUST, THE","point":[-86.80372541855789,36.11243639258416]}},{"type":"Feature","id":"58388","geometry":{"type":"Polygon","coordinates":[[[-86.8036435618016,36.1154654867768],[-86.8029666275565,36.1154104375259],[-86.8029992340847,36.1151373868822],[-86.8036728686319,36.1151930392521],[-86.8036435618016,36.1154654867768]],[[-86.8034152475523,36.1154092824327],[-86.8034198820345,36.1153665992637],[-86.8034863267888,36.1153713489467],[-86.803491855543,36.1153204446257],[-86.8032981583404,36.1153065977602],[-86.8032972052935,36.1153153835015],[-86.8032054972923,36.1153088272406],[-86.8031995752159,36.1153633636316],[-86.8032155533407,36.1153645055061],[-86.8032143827544,36.1153752863324],[-86.8032478663617,36.1153776806755],[-86.8032457496714,36.1153971651799],[-86.8034152475523,36.1154092824327]],[[-86.803441356845,36.1151947681825],[-86.8032704754708,36.1151825511273],[-86.8032685325603,36.1152004365017],[-86.8032355303512,36.1151980768127],[-86.8032341910979,36.115210411673],[-86.8032178161584,36.1152092408989],[-86.8032119957075,36.115262841084],[-86.8033022252324,36.1152692918222],[-86.8033012344904,36.1152784139931],[-86.8034963989329,36.1152923655422],[-86.8035016755897,36.1152437728865],[-86.8034365415092,36.1152391163268],[-86.803441356845,36.1151947681825]]]},"properties":{"id":"58388","parcel":"117070T90000CO","address":"3419 C AMANDA AVE","owner":"O.I.C. 3423 AMANDA AVENUE HOMES","point":[-86.80332066575045,36.11529935594414]}},{"type":"Feature","id":"59102","geometry":{"type":"Polygon","coordinates":[[[-86.8024213419731,36.1147857227899],[-86.8024323485439,36.1146918278391],[-86.8026902676724,36.1147117334357],[-86.8026792614039,36.1148056284096],[-86.8024213419731,36.1147857227899]]]},"properties":{"id":"59102","parcel":"117070S00100CO","address":"3430 AMANDA AVE","owner":"BELL, LYNNE C.","point":[-86.80255580488513,36.11474872818856]}},{"type":"Feature","id":"59314","geometry":{"type":"Polygon","coordinates":[[[-86.8024355545054,36.1146644805198],[-86.8024465610516,36.1145705864661],[-86.8027044808916,36.1145904911242],[-86.8026934735459,36.1146843861096],[-86.8024355545054,36.1146644805198]]]},"properties":{"id":"59314","parcel":"117070S00200CO","address":"3432 AMANDA AVE","owner":"MORTAZAVI, REZA & SHIVA ABADI ETAL","point":[-86.80257001756371,36.11462748589745]}},{"type":"Feature","id":"59771","geometry":{"type":"Polygon","coordinates":[[[-86.8028653351201,36.1148482671104],[-86.8022179078644,36.114794731512],[-86.8022395794302,36.114527018168],[-86.8029001003371,36.1145779942603],[-86.8028917380596,36.114643001769],[-86.8028653351201,36.1148482671104]],[[-86.8026902676724,36.1147117334357],[-86.8024323485439,36.1146918278391],[-86.8024213419731,36.1147857227899],[-86.8026792614039,36.1148056284096],[-86.8026902676724,36.1147117334357]],[[-86.8027044808916,36.1145904911242],[-86.8024465610516,36.1145705864661],[-86.8024355545054,36.1146644805198],[-86.8026934735459,36.1146843861096],[-86.8027044808916,36.1145904911242]]]},"properties":{"id":"59771","parcel":"117070S90000CO","address":"3432 B AMANDA AVE","owner":"O.I.C. HOMES AT AMANDA","point":[-86.80255622597507,36.11468809602847]}},{"type":"Feature","id":"60136","geometry":{"type":"Polygon","coordinates":[[[-86.8048653725638,36.1178849576333],[-86.8049406337565,36.1172850297182],[-86.805277338746,36.1173137503299],[-86.8052079403592,36.1178402398096],[-86.80514928384,36.1179769358722],[-86.8048653725638,36.1178849576333]]]},"properties":{"id":"60136","parcel":"11707020900","address":"1725 STOKES LN","owner":"ELSAH PROSPERITY REVOCABLE TRUST","point":[-86.80507335775461,36.117576719766205]}},{"type":"Feature","id":"60857","geometry":{"type":"Polygon","coordinates":[[[-86.8069652121956,36.1199134428463],[-86.8069946853785,36.1198791087153],[-86.8070217189674,36.1198943830325],[-86.8070457203885,36.1198664233114],[-86.8070189985083,36.1198513235652],[-86.807083159587,36.1197765808862],[-86.8071440209288,36.1198109721426],[-86.8071483047882,36.1198059837229],[-86.8071850095413,36.1198267244556],[-86.8071621082409,36.1198534033322],[-86.807181504169,36.1198643638139],[-86.8071581110154,36.1198916155909],[-86.8071382033769,36.1198803665144],[-86.8071161254319,36.1199060854147],[-86.8071355560023,36.1199170655],[-86.8070748081037,36.1199878314432],[-86.8070455700794,36.1199713109938],[-86.8070527720506,36.1199629214441],[-86.8069652121956,36.1199134428463]]]},"properties":{"id":"60857","parcel":"117070Y00100CO","address":"2007 A LOMBARDY AVE","owner":"AKG CAPITAL PARTNERS LOMBARDY, LLC","point":[-86.80708124148347,36.11988588331365]}},{"type":"Feature","id":"60860","geometry":{"type":"Polygon","coordinates":[[[-86.8072049863792,36.1197416287297],[-86.8071450063212,36.1197070531527],[-86.807263310953,36.1195719551273],[-86.8073427851906,36.1196177671385],[-86.8073241217847,36.1196390793901],[-86.8073608285461,36.1196602391526],[-86.8073057574052,36.1197231269716],[-86.807284433957,36.1197108355985],[-86.8072344425785,36.1197679229846],[-86.8071995661089,36.1197478180536],[-86.8072049863792,36.1197416287297]]]},"properties":{"id":"60860","parcel":"117070Y00200CO","address":"2007 B LOMBARDY AVE","owner":"ARMSTRONG, TYLER J & LEDVINA, AMY E","point":[-86.80725291732982,36.119683646201175]}},{"type":"Feature","id":"60884","geometry":{"type":"Polygon","coordinates":[[[-86.8039120719798,36.114847822119],[-86.8039173659377,36.1147998692332],[-86.8041999450309,36.1148204048759],[-86.8041963372092,36.11485309142],[-86.8042044541647,36.1148536817174],[-86.8042007873709,36.1148869067203],[-86.8042072291332,36.114887374797],[-86.8042025796392,36.1149152599424],[-86.8039663197523,36.1148980900993],[-86.8039713928395,36.1148521323214],[-86.8039120719798,36.114847822119]]]},"properties":{"id":"60884","parcel":"117070V00100CO","address":"3438 A STOKESMONT RD","owner":"BLACKWELDER MANAGEMENT GROUP, LLC","point":[-86.8040860254423,36.11487010361113]}},{"type":"Feature","id":"61477","geometry":{"type":"Polygon","coordinates":[[[-86.8037071806439,36.1149192911452],[-86.8037074562229,36.114917106402],[-86.8037414437209,36.1146459993832],[-86.8044357652734,36.1147026380271],[-86.8044032510561,36.1149760724541],[-86.8037071806439,36.1149192911452]],[[-86.8041999450309,36.1148204048759],[-86.8039173659377,36.1147998692332],[-86.8039120719798,36.114847822119],[-86.8039713928395,36.1148521323214],[-86.8039663197523,36.1148980900993],[-86.8042025796392,36.1149152599424],[-86.8042072291332,36.114887374797],[-86.8042007873709,36.1148869067203],[-86.8042044541647,36.1148536817174],[-86.8041963372092,36.11485309142],[-86.8041999450309,36.1148204048759]],[[-86.8042097501132,36.1146964834115],[-86.8040049402453,36.1146829028543],[-86.8040001136749,36.1147308246904],[-86.8039404032433,36.1147268658957],[-86.8039357543062,36.1147730272404],[-86.8042176681719,36.1147917205467],[-86.8042252679995,36.1147240322023],[-86.8042070966594,36.1147228275753],[-86.8042097501132,36.1146964834115]]]},"properties":{"id":"61477","parcel":"117070V90000CO","address":"3438 C STOKESMONT RD","owner":"O.I.C. STOKESMONT COTTAGES","point":[-86.80424078361004,36.11481043486895]}},{"type":"Feature","id":"61517","geometry":{"type":"Polygon","coordinates":[[[-86.8032119957075,36.115262841084],[-86.8032178161584,36.1152092408989],[-86.8032341910979,36.115210411673],[-86.8032355303512,36.1151980768127],[-86.8032685325603,36.1152004365017],[-86.8032704754708,36.1151825511273],[-86.803441356845,36.1151947681825],[-86.8034365415092,36.1152391163268],[-86.8035016755897,36.1152437728865],[-86.8034963989329,36.1152923655422],[-86.8033012344904,36.1152784139931],[-86.8033022252324,36.1152692918222],[-86.8032119957075,36.115262841084]]]},"properties":{"id":"61517","parcel":"117070T00100CO","address":"3419 B AMANDA AVE","owner":"ADMASU, FEKADU & TADESSE, YEWEBDAR","point":[-86.80332711666874,36.115224750500225]}},{"type":"Feature","id":"61522","geometry":{"type":"Polygon","coordinates":[[[-86.8032143827544,36.1153752863324],[-86.8032155533407,36.1153645055061],[-86.8031995752159,36.1153633636316],[-86.8032054972923,36.1153088272406],[-86.8032972052935,36.1153153835015],[-86.8032981583404,36.1153065977602],[-86.803491855543,36.1153204446257],[-86.8034863267888,36.1153713489467],[-86.8034198820345,36.1153665992637],[-86.8034152475523,36.1154092824327],[-86.8032457496714,36.1153971651799],[-86.8032478663617,36.1153776806755],[-86.8032143827544,36.1153752863324]]]},"properties":{"id":"61522","parcel":"117070T00200CO","address":"3419 A AMANDA AVE","owner":"HEINRICH, CAROLYN & KURT","point":[-86.80334571514865,36.11534190421751]}},{"type":"Feature","id":"61902","geometry":{"type":"Polygon","coordinates":[[[-86.8039357543062,36.1147730272404],[-86.8039404032433,36.1147268658957],[-86.8040001136749,36.1147308246904],[-86.8040049402453,36.1146829028543],[-86.8042097501132,36.1146964834115],[-86.8042070966594,36.1147228275753],[-86.8042252679995,36.1147240322023],[-86.8042176681719,36.1147917205467],[-86.8039357543062,36.1147730272404]]]},"properties":{"id":"61902","parcel":"117070V00200CO","address":"3438 B STOKESMONT RD","owner":"BLALOCK JOINT REVOCABLE TRUST","point":[-86.80407998694866,36.1147521092641]}},{"type":"Feature","id":"62259","geometry":{"type":"Polygon","coordinates":[[[-86.8070457600475,36.1201175463056],[-86.8074799257982,36.1196251905222],[-86.8076307317404,36.119713825999],[-86.807248184458,36.1202525728491],[-86.8071462413268,36.1201857805792],[-86.8070457600475,36.1201175463056]],[[-86.80734870571,36.1199166475746],[-86.8073152323763,36.1198971101062],[-86.8072915043716,36.1199238738529],[-86.8072985445615,36.1199279825456],[-86.8072739148408,36.1199557608579],[-86.8072842225751,36.1199617764263],[-86.8072523201127,36.1199977573045],[-86.8072418704543,36.119991658864],[-86.8071991577063,36.1200398325108],[-86.8072229535865,36.1200537215484],[-86.8072072900771,36.1200713878462],[-86.8072955966115,36.1201229279105],[-86.8073871931713,36.1200196191863],[-86.8073621982158,36.1200050316016],[-86.8074051843157,36.1199565496303],[-86.8073446509158,36.1199212207798],[-86.80734870571,36.1199166475746]],[[-86.8075826999057,36.119753849959],[-86.8075024947507,36.1197083954],[-86.8074832246324,36.1197307797566],[-86.8074433237663,36.1197081678167],[-86.8073900838138,36.1197700087439],[-86.8074115157862,36.1197821542655],[-86.8073631273298,36.1198383585338],[-86.8073993221709,36.1198588709851],[-86.8074046304733,36.1198527049338],[-86.8074671097644,36.1198881126593],[-86.8075826999057,36.119753849959]]]},"properties":{"id":"62259","parcel":"117070X90000CO","address":"2007 E LOMBARDY AVE","owner":"O.I.C. LOMBARDY COMMONS I","point":[-86.80742444505805,36.119942093962194]}},{"type":"Feature","id":"62543","geometry":{"type":"Polygon","coordinates":[[[-86.8074671097644,36.1198881126593],[-86.8074046304733,36.1198527049338],[-86.8073993221709,36.1198588709851],[-86.8073631273298,36.1198383585338],[-86.8074115157862,36.1197821542655],[-86.8073900838138,36.1197700087439],[-86.8074433237663,36.1197081678167],[-86.8074832246324,36.1197307797566],[-86.8075024947507,36.1197083954],[-86.8075826999057,36.119753849959],[-86.8074671097644,36.1198881126593]]]},"properties":{"id":"62543","parcel":"117070X00200CO","address":"2007 D LOMBARDY AVE","owner":"TABARESTANI, TROY Q. & TABARESTANI, TONY K.","point":[-86.8074606284696,36.11981037424256]}},{"type":"Feature","id":"62544","geometry":{"type":"Polygon","coordinates":[[[-86.8068742964339,36.1199929465466],[-86.8073008790186,36.1195199547905],[-86.8074267624296,36.1195939429494],[-86.8074799257982,36.1196251905222],[-86.8070457600475,36.1201175463056],[-86.8069583421652,36.1200552739595],[-86.8068742964339,36.1199929465466]],[[-86.8071161254319,36.1199060854147],[-86.8071382033769,36.1198803665144],[-86.8071581110154,36.1198916155909],[-86.807181504169,36.1198643638139],[-86.8071621082409,36.1198534033322],[-86.8071850095413,36.1198267244556],[-86.8071483047882,36.1198059837229],[-86.8071440209288,36.1198109721426],[-86.807083159587,36.1197765808862],[-86.8070189985083,36.1198513235652],[-86.8070457203885,36.1198664233114],[-86.8070217189674,36.1198943830325],[-86.8069946853785,36.1198791087153],[-86.8069652121956,36.1199134428463],[-86.8070527720506,36.1199629214441],[-86.8070455700794,36.1199713109938],[-86.8070748081037,36.1199878314432],[-86.8071355560023,36.1199170655],[-86.8071161254319,36.1199060854147]],[[-86.8072344425785,36.1197679229846],[-86.807284433957,36.1197108355985],[-86.8073057574052,36.1197231269716],[-86.8073608285461,36.1196602391526],[-86.8073241217847,36.1196390793901],[-86.8073427851906,36.1196177671385],[-86.807263310953,36.1195719551273],[-86.8071450063212,36.1197070531527],[-86.8072049863792,36.1197416287297],[-86.8071995661089,36.1197478180536],[-86.8072344425785,36.1197679229846]]]},"properties":{"id":"62544","parcel":"117070Y90000CO","address":"2007 F LOMBARDY AVE","owner":"O.I.C. LOMBARDY COMMONS II","point":[-86.8072400208018,36.119818969815306]}},{"type":"Feature","id":"64554","geometry":{"type":"Polygon","coordinates":[[[-86.8038854489177,36.1156008815555],[-86.8038884497585,36.1155751533701],[-86.8038744294704,36.1155740769477],[-86.803875718165,36.1155630114237],[-86.8038437845561,36.1155605600577],[-86.8038426000094,36.1155707218021],[-86.803790856575,36.1155667494903],[-86.8037978383,36.1155068695143],[-86.8040900930472,36.1155293039409],[-86.8040861275907,36.1155633186463],[-86.804090832151,36.1155636802425],[-86.8040873899091,36.1155932003682],[-86.804078175335,36.1155924930027],[-86.8040754965993,36.1156154701339],[-86.8038854489177,36.1156008815555]]]},"properties":{"id":"64554","parcel":"117070Z00200CO","address":"3432 B STOKESMONT RD","owner":"SUTTON, ERIC J & LAUREN","point":[-86.8039728850458,36.11556195238712]}},{"type":"Feature","id":"65805","geometry":{"type":"Polygon","coordinates":[[[-86.8036141228803,36.1157391708127],[-86.8036435618016,36.1154654867768],[-86.8043361476893,36.1155218050209],[-86.8043032058819,36.1157952034561],[-86.8036141228803,36.1157391708127]],[[-86.8040654745929,36.1157301773881],[-86.8040680470278,36.1157081103606],[-86.8040739977693,36.1157085672975],[-86.8040775922868,36.1156777392982],[-86.8040810929165,36.1156780079771],[-86.8040850022008,36.1156444785374],[-86.8037838770728,36.1156213632558],[-86.8037767215195,36.1156827278986],[-86.8038302114469,36.115686833684],[-86.8038315012966,36.1156757717584],[-86.8038629091315,36.1156781824691],[-86.803861626459,36.1156891848626],[-86.8038766350414,36.1156903376179],[-86.8038737057756,36.1157154560582],[-86.8040654745929,36.1157301773881]],[[-86.8040754965993,36.1156154701339],[-86.804078175335,36.1155924930027],[-86.8040873899091,36.1155932003682],[-86.804090832151,36.1155636802425],[-86.8040861275907,36.1155633186463],[-86.8040900930472,36.1155293039409],[-86.8037978383,36.1155068695143],[-86.803790856575,36.1155667494903],[-86.8038426000094,36.1155707218021],[-86.8038437845561,36.1155605600577],[-86.803875718165,36.1155630114237],[-86.8038744294704,36.1155740769477],[-86.8038884497585,36.1155751533701],[-86.8038854489177,36.1156008815555],[-86.8040754965993,36.1156154701339]]]},"properties":{"id":"65805","parcel":"117070Z90000CO","address":"3432 C STOKESMONT RD","owner":"O.I.C. 3432 STOKESMONT TOWNHOMES","point":[-86.80412856123631,36.11563323852288]}},{"type":"Feature","id":"67403","geometry":{"type":"Polygon","coordinates":[[[-86.8038737057756,36.1157154560582],[-86.8038766350414,36.1156903376179],[-86.803861626459,36.1156891848626],[-86.8038629091315,36.1156781824691],[-86.8038315012966,36.1156757717584],[-86.8038302114469,36.115686833684],[-86.8037767215195,36.1156827278986],[-86.8037838770728,36.1156213632558],[-86.8040850022008,36.1156444785374],[-86.8040810929165,36.1156780079771],[-86.8040775922868,36.1156777392982],[-86.8040739977693,36.1157085672975],[-86.8040680470278,36.1157081103606],[-86.8040654745929,36.1157301773881],[-86.8038737057756,36.1157154560582]]]},"properties":{"id":"67403","parcel":"117070Z00100CO","address":"3432 A STOKESMONT RD","owner":"PAIR, CHRIS FRANKLIN","point":[-86.80393127269443,36.115660081064846]}},{"type":"Feature","id":"70522","geometry":{"type":"Polygon","coordinates":[[[-86.8038955536431,36.1132935255458],[-86.8039508194071,36.1128668051682],[-86.8046203932965,36.1129238771113],[-86.8045651088109,36.1133483988073],[-86.8038955536431,36.1132935255458]],[[-86.8043672507859,36.1131323388987],[-86.8042605410469,36.1131235933381],[-86.8042556629045,36.1131627794109],[-86.8041877688151,36.1131572151505],[-86.8041835038389,36.1131914716188],[-86.8041053922146,36.1131850705487],[-86.8040970337895,36.1132522114829],[-86.8041783204698,36.1132588734909],[-86.8041795427838,36.1132490485649],[-86.8043988523233,36.113267021396],[-86.8044119005728,36.1131622025619],[-86.8043640224158,36.1131582795312],[-86.8043672507859,36.1131323388987]],[[-86.8042766289226,36.112993153297],[-86.804279257498,36.1129720376296],[-86.8042995168434,36.1129736978883],[-86.8043041740278,36.1129362779977],[-86.8041045611218,36.1129199185701],[-86.8040991693401,36.1129632332358],[-86.8041340984657,36.1129660953709],[-86.8041274329345,36.1130196390813],[-86.804171056588,36.113023214737],[-86.8041648903771,36.1130727561261],[-86.8043996741089,36.1130919975332],[-86.8044073141628,36.1130306142555],[-86.8042934975575,36.1130212870272],[-86.8042967937827,36.1129948060747],[-86.8042766289226,36.112993153297]]]},"properties":{"id":"70522","parcel":"117110Q90000CO","address":"1721 B WOODMONT BLVD","owner":"O.I.C. 1717 WOODMONT COTTAGES","point":[-86.80425804027678,36.11310767773405]}},{"type":"Feature","id":"70752","geometry":{"type":"Polygon","coordinates":[[[-86.8067559595017,36.1112125322848],[-86.8067763527073,36.1110485433709],[-86.8071131836349,36.1110761213694],[-86.8070927911178,36.111240110339],[-86.8067559595017,36.1112125322848]]]},"properties":{"id":"70752","parcel":"117110R00400CO","address":"4000 GRAYBAR CT","owner":"GOODMAN FAMILY TRUST","point":[-86.80693457172133,36.111144326961096]}},{"type":"Feature","id":"70753","geometry":{"type":"Polygon","coordinates":[[[-86.8075232077463,36.112266535021],[-86.8075619511683,36.1119549569109],[-86.8077640901852,36.1119715054927],[-86.8077215713126,36.1123131460359],[-86.8075194692254,36.1122965998351],[-86.8075232077463,36.112266535021]]]},"properties":{"id":"70753","parcel":"117110R01100CO","address":"4017 GRAYBAR CT","owner":"KENDRICK, E. V. & W.","point":[-86.80764364094274,36.11211902030664]}},{"type":"Feature","id":"70754","geometry":{"type":"Polygon","coordinates":[[[-86.8066304007382,36.1122238120554],[-86.8066524939444,36.1120461582926],[-86.8069893290696,36.1120737375312],[-86.8069672366093,36.1122513913544],[-86.8066304007382,36.1122238120554]]]},"properties":{"id":"70754","parcel":"117110R01500CO","address":"4010 GRAYBAR CT","owner":"DEPAULO, GERALDINE M REVOCABLE TRUST","point":[-86.80680986507315,36.11214877492869]}},{"type":"Feature","id":"70755","geometry":{"type":"Polygon","coordinates":[[[-86.806608308553,36.1124014666999],[-86.8066304007382,36.1122238120554],[-86.8069672366093,36.1122513913544],[-86.8069451451699,36.1124290460594],[-86.806608308553,36.1124014666999]]]},"properties":{"id":"70755","parcel":"117110R01600CO","address":"4012 GRAYBAR CT","owner":"HARDY, DOUGLAS & ANDREA","point":[-86.80678777275038,36.11232642916255]}},{"type":"Feature","id":"70756","geometry":{"type":"Polygon","coordinates":[[[-86.8065879146529,36.1125654555295],[-86.806608308553,36.1124014666999],[-86.8069451451699,36.1124290460594],[-86.8069247519584,36.1125930349449],[-86.8065879146529,36.1125654555295]]]},"properties":{"id":"70756","parcel":"117110R01700CO","address":"4014 GRAYBAR CT","owner":"ASBUN-LUNA, GABRIEL & BOSCHI-ASBUN, IEDA","point":[-86.80676653006445,36.11249725092844]}},{"type":"Feature","id":"70757","geometry":{"type":"Polygon","coordinates":[[[-86.8070727812831,36.1126051500589],[-86.8071115266651,36.1122935748237],[-86.8073136286504,36.1123101208069],[-86.8072748829519,36.1126216970143],[-86.8070727812831,36.1126051500589]]]},"properties":{"id":"70757","parcel":"117110R01800CO","address":"4023 GRAYBAR CT","owner":"HELLER, DANIEL & OLIVIA","point":[-86.80719320495692,36.112457635495545]}},{"type":"Feature","id":"70901","geometry":{"type":"Polygon","coordinates":[[[-86.8033213499859,36.1145847096215],[-86.8033346055717,36.1144747504541],[-86.8036922773375,36.1145037954337],[-86.8036791000614,36.1146131024936],[-86.8033213499859,36.1145847096215]]]},"properties":{"id":"70901","parcel":"117110O00100CO","address":"3429 AMANDA AVE","owner":"TITUS, LAURA J. & COOKE, C. YVONNE","point":[-86.8035068136076,36.11454425267133]}},{"type":"Feature","id":"70942","geometry":{"type":"Polygon","coordinates":[[[-86.8066524939444,36.1120461582926],[-86.8066728875777,36.1118821694307],[-86.8070097220144,36.1119097486134],[-86.8069893290696,36.1120737375312],[-86.8066524939444,36.1120461582926]]]},"properties":{"id":"70942","parcel":"117110R01400CO","address":"4008 GRAYBAR CT","owner":"AARON, MARK FREEMAN & JENNIFER VANCE","point":[-86.80683110813243,36.111977953586994]}},{"type":"Feature","id":"70945","geometry":{"type":"Polygon","coordinates":[[[-86.8065484670273,36.1128797373042],[-86.8065688610895,36.1127157484943],[-86.8069056990258,36.1127433279618],[-86.8068853056521,36.1129073168275],[-86.8065484670273,36.1128797373042]]]},"properties":{"id":"70945","parcel":"117110R02100CO","address":"4018 GRAYBAR CT","owner":"JOHNSON, MICHAEL & ADRIENNE","point":[-86.80672708317958,36.112811532767]}},{"type":"Feature","id":"70948","geometry":{"type":"Polygon","coordinates":[[[-86.8065263733656,36.1130573919118],[-86.8065484670273,36.1128797373042],[-86.8068853056521,36.1129073168275],[-86.8068632127272,36.1130849705944],[-86.8065263733656,36.1130573919118]]]},"properties":{"id":"70948","parcel":"117110R02200CO","address":"4020 GRAYBAR CT","owner":"NEWKIRK, ANDREW & TERRI LIVING TRUST","point":[-86.80670583965242,36.11298235450501]}},{"type":"Feature","id":"70951","geometry":{"type":"Polygon","coordinates":[[[-86.8069194418065,36.113154162687],[-86.8069877899845,36.1131531276822],[-86.8072655070792,36.1131758850758],[-86.8072382089318,36.1133954050083],[-86.8068929559495,36.1133671391925],[-86.8069194418065,36.113154162687]]]},"properties":{"id":"70951","parcel":"117110R02700CO","address":"4033 GRAYBAR CT","owner":"BARBER, W. CRAIG & JANET L.","point":[-86.80707923184691,36.11327151228058]}},{"type":"Feature","id":"70955","geometry":{"type":"Polygon","coordinates":[[[-86.8074437160476,36.11356270279],[-86.8063532111676,36.1134734194428],[-86.8063387665758,36.1134711077819],[-86.8063250260981,36.1134668157992],[-86.806312400899,36.1134606705311],[-86.8063012649466,36.1134528551421],[-86.806291952727,36.1134436026316],[-86.8062847391691,36.1134331878562],[-86.8062798407007,36.1134219221146],[-86.806277402903,36.1134101406127],[-86.8062774982065,36.1133981943668],[-86.8063131340671,36.1131117139638],[-86.8064975065323,36.1131268098119],[-86.806471905819,36.1133326646683],[-86.8068929559495,36.1133671391925],[-86.8072382089318,36.1133954050083],[-86.8075834621781,36.1134236716381],[-86.8076145056848,36.1131740867668],[-86.8076603918728,36.1128051121981],[-86.8074582885463,36.1127885658969],[-86.807256185304,36.1127720192568],[-86.8070540877085,36.1127554731422],[-86.8070727812831,36.1126051500589],[-86.8072748829519,36.1126216970143],[-86.8074769858155,36.1126382436236],[-86.8076790887633,36.1126547898942],[-86.8077215713126,36.1123131460359],[-86.8077640901852,36.1119715054927],[-86.8075619511683,36.1119549569109],[-86.8073598500259,36.1119384104412],[-86.8071577500785,36.1119218636253],[-86.80717644215,36.1117715405017],[-86.8073785428294,36.1117880872795],[-86.8075806435839,36.1118046328173],[-86.8077827822313,36.1118211822697],[-86.807825262787,36.1114795392119],[-86.8078677451895,36.1111378951937],[-86.8076656460628,36.1111213492329],[-86.8074635081197,36.11110480049],[-86.8072613891512,36.1110882521831],[-86.8072800901025,36.1109378577485],[-86.8074171410321,36.1109490788291],[-86.8080211916453,36.1109985337082],[-86.8078723549178,36.1121952261441],[-86.8076996652589,36.113583657242],[-86.8074437160476,36.11356270279]]]},"properties":{"id":"70955","parcel":"117110R90000CO","address":"0 WOODMONT BLVD","owner":"GRAYMONT HOMEOWNERS ASSOCIATION, INC","point":[-86.80779696547864,36.11225418611788]}},{"type":"Feature","id":"70958","geometry":{"type":"Polygon","coordinates":[[[-86.8072655070792,36.1131758850758],[-86.8069877899845,36.1131531276822],[-86.8069194418065,36.113154162687],[-86.8068453185635,36.1131552876591],[-86.8064975065323,36.1131268098119],[-86.8063131340671,36.1131117139638],[-86.8063219739947,36.1130406553684],[-86.8065263733656,36.1130573919118],[-86.8068632127272,36.1130849705944],[-86.8068853056521,36.1129073168275],[-86.8069056990258,36.1127433279618],[-86.8069247519584,36.1125930349449],[-86.8069451451699,36.1124290460594],[-86.8069672366093,36.1122513913544],[-86.8069893290696,36.1120737375312],[-86.8070097220144,36.1119097486134],[-86.8070282153702,36.1117594088182],[-86.807048608154,36.1115954198809],[-86.80707069913,36.1114177651196],[-86.8070927911178,36.111240110339],[-86.8071131836349,36.1110761213694],[-86.8071318859379,36.1109257233449],[-86.8072800901025,36.1109378577485],[-86.8072613891512,36.1110882521831],[-86.8072226527842,36.1113998338174],[-86.8072151844604,36.1114599615779],[-86.80717644215,36.1117715405017],[-86.8071577500785,36.1119218636253],[-86.8071190039944,36.1122334434179],[-86.8073211058283,36.1122499893888],[-86.8075232077463,36.112266535021],[-86.8075194692254,36.1122965998351],[-86.8075157296184,36.11232666736],[-86.8073136286504,36.1123101208069],[-86.8071115266651,36.1122935748237],[-86.8070727812831,36.1126051500589],[-86.8070540877085,36.1127554731422],[-86.8070119419375,36.1130943835643],[-86.8072140414791,36.1131109279383],[-86.8074161455568,36.1131274728451],[-86.8074124069823,36.113157540353],[-86.8074086672667,36.1131876051644],[-86.8072655070792,36.1131758850758]]]},"properties":{"id":"70958","parcel":"117110R90200CO","address":"4000 C GRAYBAR CT","owner":"GRAYMONT HOMEOWNERS ASSOCIATION, INC","point":[-86.80707353966818,36.11199780060859]}},{"type":"Feature","id":"70968","geometry":{"type":"Polygon","coordinates":[[[-86.8072140414791,36.1131109279383],[-86.807256185304,36.1127720192568],[-86.8074582885463,36.1127885658969],[-86.8074161455568,36.1131274728451],[-86.8072140414791,36.1131109279383]]]},"properties":{"id":"70968","parcel":"117110R02400CO","address":"4027 GRAYBAR CT","owner":"KIM, STEPHEN JAE","point":[-86.8073361652037,36.11294974698268]}},{"type":"Feature","id":"70971","geometry":{"type":"Polygon","coordinates":[[[-86.806471905819,36.1133326646683],[-86.8064975065323,36.1131268098119],[-86.8068453185635,36.1131552876591],[-86.8069194418065,36.113154162687],[-86.8068929559495,36.1133671391925],[-86.806471905819,36.1133326646683]]]},"properties":{"id":"70971","parcel":"117110R02600CO","address":"4022 GRAYBAR CT","owner":"HARI, SHANTILAL","point":[-86.80669559657075,36.11324403598852]}},{"type":"Feature","id":"71111","geometry":{"type":"Polygon","coordinates":[[[-86.8049372085479,36.1118470890432],[-86.8050103612338,36.1112981481011],[-86.8056862029337,36.1113563240726],[-86.8056148745845,36.1119019022894],[-86.8049372085479,36.1118470890432]]]},"properties":{"id":"71111","parcel":"11711011400","address":"0 STOKESMONT RD","owner":"GINSBERG, ERIK A. & HARDIMAN, ELIZABETH G.","point":[-86.80531201597191,36.11160170765403]}},{"type":"Feature","id":"72093","geometry":{"type":"Polygon","coordinates":[[[-86.8076269034636,36.1114329283428],[-86.8076656460628,36.1111213492329],[-86.8078677451895,36.1111378951937],[-86.807825262787,36.1114795392119],[-86.8076231650211,36.1114629931665],[-86.8076269034636,36.1114329283428]]]},"properties":{"id":"72093","parcel":"117110R00100CO","address":"4005 GRAYBAR CT","owner":"HOLMER, DALE A & WILLA B","point":[-86.80774732405327,36.11128541183047]}},{"type":"Feature","id":"72094","geometry":{"type":"Polygon","coordinates":[[[-86.8071190039944,36.1122334434179],[-86.8071577500785,36.1119218636253],[-86.8073598500259,36.1119384104412],[-86.8073211058283,36.1122499893888],[-86.8071190039944,36.1122334434179]]]},"properties":{"id":"72094","parcel":"117110R01300CO","address":"4013 GRAYBAR CT","owner":"HARRIS, RHETT & ESTIE LIVING TRUST","point":[-86.80723942746876,36.11208592699294]}},{"type":"Feature","id":"72095","geometry":{"type":"Polygon","coordinates":[[[-86.8072748829519,36.1126216970143],[-86.8073136286504,36.1123101208069],[-86.8075157296184,36.11232666736],[-86.8074769858155,36.1126382436236],[-86.8072748829519,36.1126216970143]]]},"properties":{"id":"72095","parcel":"117110R01900CO","address":"4021 GRAYBAR CT","owner":"FARRIS, JOHN MICHAEL","point":[-86.80739530677246,36.112474182250594]}},{"type":"Feature","id":"72096","geometry":{"type":"Polygon","coordinates":[[[-86.8072382089318,36.1133954050083],[-86.8072655070792,36.1131758850758],[-86.8074086672667,36.1131876051644],[-86.8074124069823,36.113157540353],[-86.8076145056848,36.1131740867668],[-86.8075834621781,36.1134236716381],[-86.8072382089318,36.1133954050083]]]},"properties":{"id":"72096","parcel":"117110R02800CO","address":"4031 GRAYBAR CT","owner":"GRAYMONT RE HOLDINGS LLC","point":[-86.80742549482972,36.11329166920359]}},{"type":"Feature","id":"72097","geometry":{"type":"Polygon","coordinates":[[[-86.8063219739947,36.1130406553684],[-86.8064673419299,36.1118720301],[-86.8065820944547,36.1109495153309],[-86.8065823115245,36.1109480312673],[-86.8065823240102,36.1109479482657],[-86.8065825969272,36.1109463854169],[-86.8065848887865,36.1109377871635],[-86.8065901315606,36.1109266437779],[-86.8065976815579,36.1109163979627],[-86.8066072965811,36.1109073721941],[-86.8066186949746,36.1108998315302],[-86.8066315314095,36.1108940054037],[-86.8066454089269,36.1108900704168],[-86.8066599144424,36.1108881464988],[-86.8066707409328,36.11088805426],[-86.8066726812582,36.110888151239],[-86.8066727846226,36.110888157758],[-86.8066746197284,36.1108882842819],[-86.8071318859379,36.1109257233449],[-86.8071131836349,36.1110761213694],[-86.8067763527073,36.1110485433709],[-86.8067559595017,36.1112125322848],[-86.806733866768,36.111390187005],[-86.8067117750462,36.1115678417058],[-86.8066913815739,36.1117318305873],[-86.8070282153702,36.1117594088182],[-86.8070097220144,36.1119097486134],[-86.8066728875777,36.1118821694307],[-86.8066524939444,36.1120461582926],[-86.8066304007382,36.1122238120554],[-86.806608308553,36.1124014666999],[-86.8065879146529,36.1125654555295],[-86.8069247519584,36.1125930349449],[-86.8069056990258,36.1127433279618],[-86.8065688610895,36.1127157484943],[-86.8065484670273,36.1128797373042],[-86.8065263733656,36.1130573919118],[-86.8063219739947,36.1130406553684]]]},"properties":{"id":"72097","parcel":"117110R90100CO","address":"4030 GRAYBAR CT","owner":"GRAYMONT HOMEOWNERS ASSOCIATION, INC","point":[-86.80655762585528,36.11197751233871]}},{"type":"Feature","id":"72352","geometry":{"type":"Polygon","coordinates":[[[-86.8033568028645,36.1143101085766],[-86.8033700499943,36.1142017384152],[-86.8037245874079,36.1142302715115],[-86.8037113407571,36.1143386417112],[-86.8033568028645,36.1143101085766]]]},"properties":{"id":"72352","parcel":"117110P00100CO","address":"3433 AMANDA AVE","owner":"THOMPSON REVOCABLE TRUST","point":[-86.80354069522807,36.11427019018561]}},{"type":"Feature","id":"72353","geometry":{"type":"Polygon","coordinates":[[[-86.8037740293178,36.1143720527217],[-86.8031002272362,36.1143178251922],[-86.8031327657454,36.1140443990489],[-86.8038065530652,36.1140986021488],[-86.8038059756991,36.1141034539975],[-86.8037740293178,36.1143720527217]],[[-86.8037379417434,36.1141210209375],[-86.803383404822,36.1140924887808],[-86.8033700499943,36.1142017384152],[-86.8033568028645,36.1143101085766],[-86.8037113407571,36.1143386417112],[-86.8037245874079,36.1142302715115],[-86.8037379417434,36.1141210209375]]]},"properties":{"id":"72353","parcel":"117110P90000CO","address":"3435 B AMANDA AVE","owner":"O.I.C. AMANDA HPR 2","point":[-86.80324038552038,36.11421550140707]}},{"type":"Feature","id":"73043","geometry":{"type":"Polygon","coordinates":[[[-86.8043988523233,36.113267021396],[-86.8041795427838,36.1132490485649],[-86.8041783204698,36.1132588734909],[-86.8040970337895,36.1132522114829],[-86.8041053922146,36.1131850705487],[-86.8041835038389,36.1131914716188],[-86.8041877688151,36.1131572151505],[-86.8042556629045,36.1131627794109],[-86.8042605410469,36.1131235933381],[-86.8043672507859,36.1131323388987],[-86.8043640224158,36.1131582795312],[-86.8044119005728,36.1131622025619],[-86.8043988523233,36.113267021396]]]},"properties":{"id":"73043","parcel":"117110Q00100CO","address":"3500 STOKESMONT RD","owner":"WILTERS, JOHN H & TARYN R","point":[-86.80425282790523,36.11322037661381]}},{"type":"Feature","id":"73206","geometry":{"type":"Polygon","coordinates":[[[-86.8066913815739,36.1117318305873],[-86.8067117750462,36.1115678417058],[-86.807048608154,36.1115954198809],[-86.8070282153702,36.1117594088182],[-86.8066913815739,36.1117318305873]]]},"properties":{"id":"73206","parcel":"117110R00700CO","address":"4006 GRAYBAR CT","owner":"RICE, JUDITH W.","point":[-86.80686999501698,36.1116636253681]}},{"type":"Feature","id":"73209","geometry":{"type":"Polygon","coordinates":[[[-86.8073211058283,36.1122499893888],[-86.8073598500259,36.1119384104412],[-86.8075619511683,36.1119549569109],[-86.8075232077463,36.112266535021],[-86.8073211058283,36.1122499893888]]]},"properties":{"id":"73209","parcel":"117110R01200CO","address":"4015 GRAYBAR CT","owner":"THOMA, ELDON BRACTON IV & KIMBERLY ANN","point":[-86.8074415286939,36.11210247321282]}},{"type":"Feature","id":"73212","geometry":{"type":"Polygon","coordinates":[[[-86.8075157296184,36.11232666736],[-86.8075194692254,36.1122965998351],[-86.8077215713126,36.1123131460359],[-86.8076790887633,36.1126547898942],[-86.8074769858155,36.1126382436236],[-86.8075157296184,36.11232666736]]]},"properties":{"id":"73212","parcel":"117110R02000CO","address":"4019 GRAYBAR CT","owner":"WHALEY, ROBERT E. & SONDRA S.","point":[-86.80759841757572,36.11248261943756]}},{"type":"Feature","id":"73215","geometry":{"type":"Polygon","coordinates":[[[-86.8070119419375,36.1130943835643],[-86.8070540877085,36.1127554731422],[-86.807256185304,36.1127720192568],[-86.8072140414791,36.1131109279383],[-86.8070119419375,36.1130943835643]]]},"properties":{"id":"73215","parcel":"117110R02300CO","address":"4025 GRAYBAR CT","owner":"MASON REVOCABLE TRUST, THE","point":[-86.80713406407585,36.112933201476054]}},{"type":"Feature","id":"73218","geometry":{"type":"Polygon","coordinates":[[[-86.8074161455568,36.1131274728451],[-86.8074582885463,36.1127885658969],[-86.8076603918728,36.1128051121981],[-86.8076145056848,36.1131740867668],[-86.8074124069823,36.113157540353],[-86.8074161455568,36.1131274728451]]]},"properties":{"id":"73218","parcel":"117110R02500CO","address":"4029 GRAYBAR CT","owner":"GOLDNER, ANDREW M. & CARYN M.","point":[-86.80753826782272,36.11296629258492]}},{"type":"Feature","id":"73523","geometry":{"type":"Polygon","coordinates":[[[-86.8041274329345,36.1130196390813],[-86.8041340984657,36.1129660953709],[-86.8040991693401,36.1129632332358],[-86.8041045611218,36.1129199185701],[-86.8043041740278,36.1129362779977],[-86.8042995168434,36.1129736978883],[-86.804279257498,36.1129720376296],[-86.8042766289226,36.112993153297],[-86.8042967937827,36.1129948060747],[-86.8042934975575,36.1130212870272],[-86.8044073141628,36.1130306142555],[-86.8043996741089,36.1130919975332],[-86.8041648903771,36.1130727561261],[-86.804171056588,36.113023214737],[-86.8041274329345,36.1130196390813]]]},"properties":{"id":"73523","parcel":"117110Q00200CO","address":"3502 STOKESMONT RD","owner":"STOKESMONT HOLDINGS REVOCABLE TRUST","point":[-86.80421211343614,36.11300722260809]}},{"type":"Feature","id":"73741","geometry":{"type":"Polygon","coordinates":[[[-86.8033346055717,36.1144747504541],[-86.8033478969685,36.1143644918175],[-86.8037056460615,36.1143928846124],[-86.8036922773375,36.1145037954337],[-86.8033346055717,36.1144747504541]]]},"properties":{"id":"73741","parcel":"117110O00200CO","address":"3431 AMANDA AVE","owner":"ABBAS, JONATHAN ASIF","point":[-86.80352012605894,36.11443381767757]}},{"type":"Feature","id":"73746","geometry":{"type":"Polygon","coordinates":[[[-86.8037415053374,36.1146455023658],[-86.8030676873922,36.1145912513152],[-86.8031002272362,36.1143178251922],[-86.8037740293178,36.1143720527217],[-86.8037415053374,36.1146455023658]],[[-86.8037056460615,36.1143928846124],[-86.8033478969685,36.1143644918175],[-86.8033346055717,36.1144747504541],[-86.8033213499859,36.1145847096215],[-86.8036791000614,36.1146131024936],[-86.8036922773375,36.1145037954337],[-86.8037056460615,36.1143928846124]]]},"properties":{"id":"73746","parcel":"117110O90000CO","address":"3431 B AMANDA AVE","owner":"O.I.C. AMANDA HPR 1","point":[-86.80320639945863,36.114488769122886]}},{"type":"Feature","id":"73749","geometry":{"type":"Polygon","coordinates":[[[-86.8033700499943,36.1142017384152],[-86.803383404822,36.1140924887808],[-86.8037379417434,36.1141210209375],[-86.8037245874079,36.1142302715115],[-86.8033700499943,36.1142017384152]]]},"properties":{"id":"73749","parcel":"117110P00200CO","address":"3435 AMANDA AVE","owner":"HARRISON, MATTHEW R & GINGLES, LAUREN L","point":[-86.80355399598398,36.11416137981803]}},{"type":"Feature","id":"76178","geometry":{"type":"Polygon","coordinates":[[[-86.8080245740318,36.1165015741064],[-86.8079396150475,36.1164959315823],[-86.8079392890802,36.116499157654],[-86.8078713214507,36.116494643234],[-86.807870993525,36.1164978954559],[-86.8078454698139,36.1164961998494],[-86.8078459300258,36.116491647092],[-86.8077705127091,36.1164866372339],[-86.8077701281613,36.1164904387158],[-86.8077320838103,36.1164879112317],[-86.8077324965086,36.1164838193484],[-86.807719735772,36.1164829719743],[-86.8077201131338,36.1164792282228],[-86.8076891461159,36.1164771715689],[-86.8076976385822,36.1163930051956],[-86.8077325493878,36.1163953238475],[-86.80773295206,36.1163913383826],[-86.8079302953581,36.1164044462161],[-86.8079270745436,36.116436377705],[-86.8080304587222,36.1164432442239],[-86.8080245740318,36.1165015741064]]]},"properties":{"id":"76178","parcel":"117073A00200CO","address":"3415 B BENHAM AVE","owner":"O'CONOR, CHRISTOPHER JOSEPH & MELODY CHOU","point":[-86.8078598025444,36.116460208018225]}},{"type":"Feature","id":"76179","geometry":{"type":"Polygon","coordinates":[[[-86.8080837589503,36.1166780498318],[-86.8074105400059,36.1166216864871],[-86.8074104410586,36.1166216781367],[-86.8074452958107,36.1163485454328],[-86.8074463409225,36.1163403367638],[-86.8081188242819,36.1163927617132],[-86.8080936924148,36.116597223846],[-86.8080892299146,36.1166335357794],[-86.8080857276367,36.116662036171],[-86.8080837589503,36.1166780498318]],[[-86.807903916561,36.11662025209],[-86.8079077148598,36.1165872135652],[-86.8080141905501,36.1165952734196],[-86.8080206655962,36.1165389575564],[-86.8079355996107,36.1165325190122],[-86.8079358975094,36.1165299186187],[-86.8078656867633,36.116524604461],[-86.8078662654431,36.1165195768353],[-86.8078453627356,36.1165179935823],[-86.8078448769897,36.1165222202463],[-86.8077670624479,36.1165163305666],[-86.807767559426,36.1165120064891],[-86.8077297716034,36.1165091456142],[-86.807729319453,36.1165130719257],[-86.8077150033905,36.1165119880151],[-86.8077145615307,36.1165158340434],[-86.8076809546986,36.1165132903465],[-86.8076710605528,36.1165993326581],[-86.8077047118872,36.1166018796651],[-86.8077043374223,36.1166051439147],[-86.807903916561,36.11662025209]],[[-86.8079302953581,36.1164044462161],[-86.80773295206,36.1163913383826],[-86.8077325493878,36.1163953238475],[-86.8076976385822,36.1163930051956],[-86.8076891461159,36.1164771715689],[-86.8077201131338,36.1164792282228],[-86.807719735772,36.1164829719743],[-86.8077324965086,36.1164838193484],[-86.8077320838103,36.1164879112317],[-86.8077701281613,36.1164904387158],[-86.8077705127091,36.1164866372339],[-86.8078459300258,36.116491647092],[-86.8078454698139,36.1164961998494],[-86.807870993525,36.1164978954559],[-86.8078713214507,36.116494643234],[-86.8079392890802,36.116499157654],[-86.8079396150475,36.1164959315823],[-86.8080245740318,36.1165015741064],[-86.8080304587222,36.1164432442239],[-86.8079270745436,36.116436377705],[-86.8079302953581,36.1164044462161]]]},"properties":{"id":"76179","parcel":"117073A90000CO","address":"3415 C BENHAM AVE","owner":"O.I.C. 3415 BENHAM AVENUE COTTAGES","point":[-86.80776515816291,36.11650518026612]}},{"type":"Feature","id":"77375","geometry":{"type":"Polygon","coordinates":[[[-86.8040848982325,36.1200201723585],[-86.8039979577206,36.119994380382],[-86.8039926294202,36.1200032060966],[-86.8039301329949,36.1199838440156],[-86.803983124454,36.1198670127924],[-86.8040456430585,36.1198885729241],[-86.804032411919,36.1199194290719],[-86.8041193523691,36.1199452219254],[-86.8040848982325,36.1200201723585]]]},"properties":{"id":"77375","parcel":"117030A05000CO","address":"3000 HILLSBORO PIKE 50","owner":"OVERY, MADISON & RICHARD","point":[-86.80401473664354,36.11993222549092]}},{"type":"Feature","id":"77378","geometry":{"type":"Polygon","coordinates":[[[-86.8040509490869,36.1198775491293],[-86.8040641579627,36.1198444958027],[-86.8040505707852,36.1198401908227],[-86.8040770775318,36.1197828746753],[-86.8041966317464,36.1198194384895],[-86.8041701217415,36.1198767546848],[-86.8041538286837,36.1198724677561],[-86.8041406198407,36.1199055210922],[-86.8040509490869,36.1198775491293]]]},"properties":{"id":"77378","parcel":"117030A05500CO","address":"3000 HILLSBORO PIKE 55","owner":"VAZQUEZ, ARCELIA","point":[-86.80412165245141,36.119842448445]}},{"type":"Feature","id":"77381","geometry":{"type":"Polygon","coordinates":[[[-86.8036373376323,36.119691304024],[-86.8036638701983,36.1196361851195],[-86.8037046282352,36.1196491002083],[-86.8037364634513,36.1195829566276],[-86.8038288429632,36.1196109116736],[-86.8037970078037,36.119677054377],[-86.8038051554089,36.1196791974079],[-86.8037786262589,36.1197343163206],[-86.8036373376323,36.119691304024]]]},"properties":{"id":"77381","parcel":"117030A06700CO","address":"3000 HILLSBORO PIKE 67","owner":"DUNCAN, CAROL E, LIVING TRUST, THE","point":[-86.80372734864298,36.119663038852856]}},{"type":"Feature","id":"77384","geometry":{"type":"Polygon","coordinates":[[[-86.8032678654728,36.1195838807806],[-86.8032916868481,36.1195287800128],[-86.8032998344244,36.1195309230779],[-86.8033289396334,36.119462601362],[-86.8034240491622,36.1194927349589],[-86.803392235953,36.1195610756352],[-86.8034329972304,36.1195739898926],[-86.8034091759488,36.119629091589],[-86.8032678654728,36.1195838807806]]]},"properties":{"id":"77384","parcel":"117030A06800CO","address":"3000 HILLSBORO PIKE 68","owner":"STARR, WILLIAM & DEBORAH","point":[-86.80334174990614,36.11954599233096]}},{"type":"Feature","id":"77458","geometry":{"type":"Polygon","coordinates":[[[-86.8030504944723,36.1195172002592],[-86.8030743148585,36.1194620986395],[-86.8031150771533,36.1194750138985],[-86.8031441813808,36.1194066913325],[-86.8032365604791,36.1194346468334],[-86.803204724897,36.1195007893833],[-86.8032128946941,36.119505129631],[-86.8031890732804,36.1195602312848],[-86.8030504944723,36.1195172002592]]]},"properties":{"id":"77458","parcel":"117030A07700CO","address":"3000 HILLSBORO PIKE 77","owner":"FINCHER, BRET","point":[-86.80313705830223,36.11948786411465]}},{"type":"Feature","id":"77461","geometry":{"type":"Polygon","coordinates":[[[-86.8031998005722,36.1198172891928],[-86.8032369446391,36.1197401228752],[-86.8033211732151,36.1197659343607],[-86.8033370904621,36.1197328630775],[-86.8033968784586,36.119752243504],[-86.8033438862135,36.1198690744731],[-86.8032813900429,36.1198497111541],[-86.8032840314396,36.119843100689],[-86.8031998005722,36.1198172891928]]]},"properties":{"id":"77461","parcel":"117030A08500CO","address":"3000 HILLSBORO PIKE 85","owner":"TAYLOR, DEBORAH & LINDSAY","point":[-86.80329556609071,36.11979166939579]}},{"type":"Feature","id":"77464","geometry":{"type":"Polygon","coordinates":[[[-86.8031578859832,36.119958220486],[-86.8031950501609,36.1198832513754],[-86.8032548160086,36.1199004346951],[-86.8032176518794,36.1199754038238],[-86.8031578859832,36.119958220486]]]},"properties":{"id":"77464","parcel":"117030A08800CO","address":"3000 HILLSBORO PIKE 88","owner":"MARTHA KATE STRODE T/U/A STRODE FAMILY TRUST","point":[-86.80320635101359,36.11992932760047]}},{"type":"Feature","id":"77561","geometry":{"type":"Polygon","coordinates":[[[-86.8076710605528,36.1165993326581],[-86.8076809546986,36.1165132903465],[-86.8077145615307,36.1165158340434],[-86.8077150033905,36.1165119880151],[-86.807729319453,36.1165130719257],[-86.8077297716034,36.1165091456142],[-86.807767559426,36.1165120064891],[-86.8077670624479,36.1165163305666],[-86.8078448769897,36.1165222202463],[-86.8078453627356,36.1165179935823],[-86.8078662654431,36.1165195768353],[-86.8078656867633,36.116524604461],[-86.8079358975094,36.1165299186187],[-86.8079355996107,36.1165325190122],[-86.8080206655962,36.1165389575564],[-86.8080141905501,36.1165952734196],[-86.8079077148598,36.1165872135652],[-86.807903916561,36.11662025209],[-86.8077043374223,36.1166051439147],[-86.8077047118872,36.1166018796651],[-86.8076710605528,36.1165993326581]]]},"properties":{"id":"77561","parcel":"117073A00100CO","address":"3415 A BENHAM AVE","owner":"ELSAKR, JOSEPH & HUANG, JENNIFER","point":[-86.80784658174304,36.116562896998715]}},{"type":"Feature","id":"77967","geometry":{"type":"Polygon","coordinates":[[[-86.8074247436145,36.1114163778751],[-86.8074635081197,36.11110480049],[-86.8076656460628,36.1111213492329],[-86.8076269034636,36.1114329283428],[-86.8074247436145,36.1114163778751]]]},"properties":{"id":"77967","parcel":"117110R00200CO","address":"4003 GRAYBAR CT","owner":"HOMANN, KENNETH LOIS & SARAH","point":[-86.80754520011634,36.11126886362516]}},{"type":"Feature","id":"78389","geometry":{"type":"Polygon","coordinates":[[[-86.8057487496076,36.1164700517234],[-86.805049786319,36.1164104691905],[-86.8050839664837,36.1161371704668],[-86.8057816933274,36.1161966474884],[-86.8057621882716,36.116359168185],[-86.8057487496076,36.1164700517234]],[[-86.8055256216902,36.1163248177643],[-86.8052367559887,36.1163001929834],[-86.8052288774598,36.1163610307787],[-86.8052420130246,36.1163621499035],[-86.8052372105622,36.1163992409],[-86.8055296932196,36.1164241740994],[-86.8055362116637,36.1163738254808],[-86.8055194617213,36.1163723979528],[-86.8055256216902,36.1163248177643]],[[-86.8052609011416,36.1162805370468],[-86.8055442423873,36.1163046903416],[-86.8055493280087,36.1162654145334],[-86.8055400091495,36.11626461965],[-86.805547847193,36.1162040858338],[-86.8052585705691,36.1161794259978],[-86.8052518850587,36.1162310609471],[-86.8052671396329,36.1162323605994],[-86.8052609011416,36.1162805370468]]]},"properties":{"id":"78389","parcel":"117074B90000CO","address":"3416 HOPKINS ST","owner":"O.I.C. 3416 HOPKINS STREET COTTAGES","point":[-86.80539049893066,36.11630244176073]}},{"type":"Feature","id":"79017","geometry":{"type":"Polygon","coordinates":[[[-86.8046554654698,36.1199240645872],[-86.8046793305268,36.1198733588038],[-86.8047717329777,36.1199035103019],[-86.8047505537953,36.1199520008596],[-86.8047369665622,36.1199476959571],[-86.8046554654698,36.1199240645872]]]},"properties":{"id":"79017","parcel":"117030A03100CO","address":"3000 HILLSBORO PIKE 31","owner":"ARONSON & HONEA REVOCABLE TRUST 2026","point":[-86.80471377470859,36.119913787744736]}},{"type":"Feature","id":"79083","geometry":{"type":"Polygon","coordinates":[[[-86.8046206778264,36.1199660530251],[-86.8046418782558,36.1199197605752],[-86.8046554654698,36.1199240645872],[-86.8047369665622,36.1199476959571],[-86.8047157628484,36.1199939884456],[-86.8046342650289,36.119970355237],[-86.8046206778264,36.1199660530251]]]},"properties":{"id":"79083","parcel":"117030A03200CO","address":"3000 HILLSBORO PIKE 32","owner":"MARTHA KATE STRODE T/U/A STRODE FAMILY TRUST","point":[-86.80467882186872,36.11995687450468]}},{"type":"Feature","id":"79084","geometry":{"type":"Polygon","coordinates":[[[-86.8043878319423,36.1199763971124],[-86.8044037688247,36.1199455228812],[-86.8043901838605,36.1199412206285],[-86.8044140268052,36.1198883150178],[-86.8045308721214,36.1199248956658],[-86.8045070080742,36.1199756023129],[-86.8044961289168,36.1199712766177],[-86.8044801898709,36.1200021535794],[-86.8043878319423,36.1199763971124]]]},"properties":{"id":"79084","parcel":"117030A03900CO","address":"3000 HILLSBORO PIKE 39","owner":"FLETCHER, JOSEPH MELL JR","point":[-86.80445952848541,36.119943473871544]}},{"type":"Feature","id":"79087","geometry":{"type":"Polygon","coordinates":[[[-86.8044140268052,36.1198883150178],[-86.8044405332964,36.1198309978901],[-86.8044541204934,36.1198353028261],[-86.8044700606541,36.1198044285628],[-86.8045597336945,36.1198324001999],[-86.8045465005424,36.1198632564195],[-86.8045573796605,36.1198675794066],[-86.8045308721214,36.1199248956658],[-86.8044140268052,36.1198883150178]]]},"properties":{"id":"79087","parcel":"117030A04000CO","address":"3000 HILLSBORO PIKE 40","owner":"MADDEN, PETER A. & LISA CHOW","point":[-86.8044883258868,36.1198653141117]}},{"type":"Feature","id":"79090","geometry":{"type":"Polygon","coordinates":[[[-86.8044140268052,36.1198883150178],[-86.8044405332964,36.1198309978901],[-86.8044541204934,36.1198353028261],[-86.8044700606541,36.1198044285628],[-86.8045597336945,36.1198324001999],[-86.8045465005424,36.1198632564195],[-86.8045573796605,36.1198675794066],[-86.8045308721214,36.1199248956658],[-86.8044140268052,36.1198883150178]]]},"properties":{"id":"79090","parcel":"117030A04100CO","address":"3000 HILLSBORO PIKE 41","owner":"MEUNIER, PAULA BUECHLER & RICHARD ALAN","point":[-86.8044883258868,36.1198653141117]}},{"type":"Feature","id":"79095","geometry":{"type":"Polygon","coordinates":[[[-86.8040509490869,36.1198775491293],[-86.8040641579627,36.1198444958027],[-86.8040505707852,36.1198401908227],[-86.8040770775318,36.1197828746753],[-86.8041966317464,36.1198194384895],[-86.8041701217415,36.1198767546848],[-86.8041538286837,36.1198724677561],[-86.8041406198407,36.1199055210922],[-86.8040509490869,36.1198775491293]]]},"properties":{"id":"79095","parcel":"117030A05400CO","address":"3000 HILLSBORO PIKE 54","owner":"GRACE, STEPHEN W.","point":[-86.80412165245141,36.119842448445]}},{"type":"Feature","id":"79098","geometry":{"type":"Polygon","coordinates":[[[-86.8038444323334,36.1198129950052],[-86.8038841703948,36.1197248227712],[-86.8039901372732,36.1197570817903],[-86.8039636082256,36.1198122007426],[-86.8039500433146,36.1198100938289],[-86.8039341029415,36.1198409671222],[-86.8038444323334,36.1198129950052]]]},"properties":{"id":"79098","parcel":"117030A06100CO","address":"3000 HILLSBORO PIKE 61","owner":"MINTON, MICHAEL L & NICHOLS, MARY ASHLEY","point":[-86.80391757134346,36.11978350186182]}},{"type":"Feature","id":"79101","geometry":{"type":"Polygon","coordinates":[[[-86.8036224213747,36.1198232654119],[-86.8036542344908,36.1197549246794],[-86.8036134953217,36.1197442076738],[-86.8036373376323,36.119691304024],[-86.8037786262589,36.1197343163206],[-86.8037547840114,36.1197872181954],[-86.8037466353039,36.119785076971],[-86.8037148011351,36.1198512214448],[-86.8036387166061,36.1198275514965],[-86.8036224213747,36.1198232654119]]]},"properties":{"id":"79101","parcel":"117030A06500CO","address":"3000 HILLSBORO PIKE 65","owner":"SMITH, VALERIE S.","point":[-86.80370487742621,36.11977000811344]}},{"type":"Feature","id":"79104","geometry":{"type":"Polygon","coordinates":[[[-86.8036373376323,36.119691304024],[-86.8036638701983,36.1196361851195],[-86.8037046282352,36.1196491002083],[-86.8037364634513,36.1195829566276],[-86.8038288429632,36.1196109116736],[-86.8037970078037,36.119677054377],[-86.8038051554089,36.1196791974079],[-86.8037786262589,36.1197343163206],[-86.8036373376323,36.119691304024]]]},"properties":{"id":"79104","parcel":"117030A06600CO","address":"3000 HILLSBORO PIKE 66","owner":"INGRUM, JOHN WELCH & PORTER, NATALIE S","point":[-86.80372734864298,36.119663038852856]}},{"type":"Feature","id":"79139","geometry":{"type":"Polygon","coordinates":[[[-86.8032203348834,36.1197050699778],[-86.8032521705345,36.1196389274271],[-86.8032412915189,36.119634604322],[-86.8032678654728,36.1195838807806],[-86.8034091759488,36.119629091589],[-86.803385311265,36.1196797971168],[-86.8033445499319,36.1196668819424],[-86.8033127110233,36.1197330254404],[-86.8032203348834,36.1197050699778]]]},"properties":{"id":"79139","parcel":"117030A07100CO","address":"3000 HILLSBORO PIKE 71","owner":"HARRISON, NANCY FELTS & FELTS, WILLIE C.","point":[-86.80332168808513,36.11965294299406]}},{"type":"Feature","id":"79142","geometry":{"type":"Polygon","coordinates":[[[-86.8030199032607,36.1197064044786],[-86.8030437470753,36.1196535018393],[-86.8031279554853,36.1196771153677],[-86.8031415425849,36.1196814204518],[-86.803117699947,36.1197343240037],[-86.8030334903595,36.1197107095748],[-86.8030199032607,36.1197064044786]]]},"properties":{"id":"79142","parcel":"117030A07300CO","address":"3000 HILLSBORO PIKE 73","owner":"BLACKWELL FAMILY TRUST","point":[-86.80308072311327,36.11969391248098]}},{"type":"Feature","id":"79144","geometry":{"type":"Polygon","coordinates":[[[-86.8030355983734,36.1196513578632],[-86.8030674119348,36.1195830181837],[-86.8030266729514,36.119572302782],[-86.8030504944723,36.1195172002592],[-86.8031890732804,36.1195602312848],[-86.8031652307014,36.1196131339467],[-86.8031570853418,36.1196109908578],[-86.8031279554853,36.1196771153677],[-86.8030437470753,36.1196535018393],[-86.8030355983734,36.1196513578632]]]},"properties":{"id":"79144","parcel":"117030A07500CO","address":"3000 HILLSBORO PIKE 75","owner":"CONCEPCION FAMILY TRUST, THE","point":[-86.8031166978538,36.119597011841265]}},{"type":"Feature","id":"79147","geometry":{"type":"Polygon","coordinates":[[[-86.8030504944723,36.1195172002592],[-86.8030743148585,36.1194620986395],[-86.8031150771533,36.1194750138985],[-86.8031441813808,36.1194066913325],[-86.8032365604791,36.1194346468334],[-86.803204724897,36.1195007893833],[-86.8032128946941,36.119505129631],[-86.8031890732804,36.1195602312848],[-86.8030504944723,36.1195172002592]]]},"properties":{"id":"79147","parcel":"117030A07600CO","address":"3000 HILLSBORO PIKE 76","owner":"TN VERSAI, LLC","point":[-86.80313705830223,36.11948786411465]}},{"type":"Feature","id":"79150","geometry":{"type":"Polygon","coordinates":[[[-86.8027079758119,36.1193964092068],[-86.8027316853273,36.1193303208674],[-86.8027941820567,36.1193496835651],[-86.8027836363807,36.1193783243799],[-86.8027624794486,36.1194290117645],[-86.8027026918411,36.1194096301207],[-86.8027079758119,36.1193964092068]]]},"properties":{"id":"79150","parcel":"117030A08200CO","address":"3000 HILLSBORO PIKE 82","owner":"TERHUNE, GRACE CORINNE & MATTHEW G.","point":[-86.80274553946431,36.11938736636032]}},{"type":"Feature","id":"79153","geometry":{"type":"Polygon","coordinates":[[[-86.8026454790576,36.1193770455634],[-86.8026744514796,36.1192955382377],[-86.802736947066,36.1193149018738],[-86.8027316853273,36.1193303208674],[-86.8027079758119,36.1193964092068],[-86.8026454790576,36.1193770455634]]]},"properties":{"id":"79153","parcel":"117030A08300CO","address":"3000 HILLSBORO PIKE 83","owner":"LAMBERT LIVING TRUST, THE","point":[-86.8026885436125,36.119353683159666]}},{"type":"Feature","id":"79156","geometry":{"type":"Polygon","coordinates":[[[-86.8031998005722,36.1198172891928],[-86.8032369446391,36.1197401228752],[-86.8033211732151,36.1197659343607],[-86.8033370904621,36.1197328630775],[-86.8033968784586,36.119752243504],[-86.8033438862135,36.1198690744731],[-86.8032813900429,36.1198497111541],[-86.8032840314396,36.119843100689],[-86.8031998005722,36.1198172891928]]]},"properties":{"id":"79156","parcel":"117030A08400CO","address":"3000 HILLSBORO PIKE 84","owner":"MORRIS, NANCY G","point":[-86.80329556609071,36.11979166939579]}},{"type":"Feature","id":"79159","geometry":{"type":"Polygon","coordinates":[[[-86.8034932336738,36.1199054405564],[-86.803411732995,36.1198818083459],[-86.8034090916076,36.1198884188138],[-86.8033438862135,36.1198690744731],[-86.8033968784586,36.119752243504],[-86.8034621060118,36.1197737858944],[-86.8034488746645,36.1198046419791],[-86.8035303975101,36.1198304713415],[-86.8034932336738,36.1199054405564]]]},"properties":{"id":"79159","parcel":"117030A08600CO","address":"3000 HILLSBORO PIKE 86","owner":"CAMPBELL, MICHAEL & KATHLEEN","point":[-86.80342849040049,36.11981745635222]}},{"type":"Feature","id":"79276","geometry":{"type":"Polygon","coordinates":[[[-86.8076193876658,36.1114930546452],[-86.8076231650211,36.1114629931665],[-86.807825262787,36.1114795392119],[-86.8077827822313,36.1118211822697],[-86.8075806435839,36.1118046328173],[-86.8076193876658,36.1114930546452]]]},"properties":{"id":"79276","parcel":"117110R01000CO","address":"4007 GRAYBAR CT","owner":"MURPHY MARITAL TRUST","point":[-86.80770209305167,36.111649007615384]}},{"type":"Feature","id":"79682","geometry":{"type":"Polygon","coordinates":[[[-86.8040848982325,36.1200201723585],[-86.8039979577206,36.119994380382],[-86.8039926294202,36.1200032060966],[-86.8039301329949,36.1199838440156],[-86.803983124454,36.1198670127924],[-86.8040456430585,36.1198885729241],[-86.804032411919,36.1199194290719],[-86.8041193523691,36.1199452219254],[-86.8040848982325,36.1200201723585]]]},"properties":{"id":"79682","parcel":"117030A05100CO","address":"3000 HILLSBORO PIKE 51","owner":"WEHBY, JOHN P. & MONICA C. & MICHAEL E. ETAL","point":[-86.80401473664354,36.11993222549092]}},{"type":"Feature","id":"79685","geometry":{"type":"Polygon","coordinates":[[[-86.8040770775318,36.1197828746753],[-86.8041009429065,36.1197321681032],[-86.8041145078172,36.1197342759012],[-86.8041304492005,36.1197034016747],[-86.804220117564,36.1197313735946],[-86.8042068842968,36.1197622297777],[-86.8042231828887,36.1197665166624],[-86.8041966317464,36.1198194384895],[-86.8040770775318,36.1197828746753]]]},"properties":{"id":"79685","parcel":"117030A05700CO","address":"3000 HILLSBORO PIKE 57","owner":"VAUGHN, EDITH E REV TRUST, THE","point":[-86.80415313315378,36.119748240484796]}},{"type":"Feature","id":"79688","geometry":{"type":"Polygon","coordinates":[[[-86.8038841703948,36.1197248227712],[-86.8039239528594,36.1196410448752],[-86.8040163102475,36.1196668016995],[-86.8040003932966,36.119699873073],[-86.804013982669,36.1197041780439],[-86.8039901372732,36.1197570817903],[-86.8038841703948,36.1197248227712]]]},"properties":{"id":"79688","parcel":"117030A05900CO","address":"3000 HILLSBORO PIKE 59","owner":"JIPA, CAROLINE","point":[-86.80395615145221,36.11968325197531]}},{"type":"Feature","id":"79691","geometry":{"type":"Polygon","coordinates":[[[-86.8038444323334,36.1198129950052],[-86.8038841703948,36.1197248227712],[-86.8039901372732,36.1197570817903],[-86.8039636082256,36.1198122007426],[-86.8039500433146,36.1198100938289],[-86.8039341029415,36.1198409671222],[-86.8038444323334,36.1198129950052]]]},"properties":{"id":"79691","parcel":"117030A06000CO","address":"3000 HILLSBORO PIKE 60","owner":"ZHOA, JUAN","point":[-86.80391757134346,36.11978350186182]}},{"type":"Feature","id":"79694","geometry":{"type":"Polygon","coordinates":[[[-86.8036175601092,36.1198782399265],[-86.8036387166061,36.1198275514965],[-86.8037148011351,36.1198512214448],[-86.8037310963681,36.1198555066156],[-86.8037072307111,36.1199062122116],[-86.8036175601092,36.1198782399265]]]},"properties":{"id":"79694","parcel":"117030A06300CO","address":"3000 HILLSBORO PIKE 63","owner":"SHERRARD, MOLLY","point":[-86.80367402335273,36.119866872784876]}},{"type":"Feature","id":"79697","geometry":{"type":"Polygon","coordinates":[[[-86.8032678654728,36.1195838807806],[-86.8032916868481,36.1195287800128],[-86.8032998344244,36.1195309230779],[-86.8033289396334,36.119462601362],[-86.8034240491622,36.1194927349589],[-86.803392235953,36.1195610756352],[-86.8034329972304,36.1195739898926],[-86.8034091759488,36.119629091589],[-86.8032678654728,36.1195838807806]]]},"properties":{"id":"79697","parcel":"117030A06900CO","address":"3000 HILLSBORO PIKE 69","owner":"LEE, CINDY & BENJAMIN","point":[-86.80334174990614,36.11954599233096]}},{"type":"Feature","id":"79734","geometry":{"type":"Polygon","coordinates":[[[-86.8030355983734,36.1196513578632],[-86.8030674119348,36.1195830181837],[-86.8030266729514,36.119572302782],[-86.8030504944723,36.1195172002592],[-86.8031890732804,36.1195602312848],[-86.8031652307014,36.1196131339467],[-86.8031570853418,36.1196109908578],[-86.8031279554853,36.1196771153677],[-86.8030437470753,36.1196535018393],[-86.8030355983734,36.1196513578632]]]},"properties":{"id":"79734","parcel":"117030A07400CO","address":"3000 HILLSBORO PIKE 74","owner":"JENKINS, JILL","point":[-86.8031166978538,36.119597011841265]}},{"type":"Feature","id":"79737","geometry":{"type":"Polygon","coordinates":[[[-86.8029074085033,36.1195643038071],[-86.8029285442624,36.1195114183135],[-86.8029856005919,36.1195286207033],[-86.8029538758755,36.1196057508714],[-86.8028968194975,36.119588548467],[-86.8029074085033,36.1195643038071]]]},"properties":{"id":"79737","parcel":"117030A07800CO","address":"3000 HILLSBORO PIKE 78","owner":"GREER, PATRICIA ANN LIVING TRUST","point":[-86.80294640027579,36.119546462090106]}},{"type":"Feature","id":"79740","geometry":{"type":"Polygon","coordinates":[[[-86.802860896747,36.119518462371],[-86.8028820514094,36.1194677740839],[-86.8029391110207,36.1194849755724],[-86.8029285442624,36.1195114183135],[-86.8029074085033,36.1195643038071],[-86.8028503521742,36.1195471022817],[-86.802860896747,36.119518462371]]]},"properties":{"id":"79740","parcel":"117030A07900CO","address":"3000 HILLSBORO PIKE 79","owner":"SHORETTE, MICHAEL & EDA","point":[-86.80289475211964,36.11951494039904]}},{"type":"Feature","id":"79743","geometry":{"type":"Polygon","coordinates":[[[-86.8028116991729,36.1194748352158],[-86.8028311382663,36.119421687041],[-86.8028926215097,36.1194413313244],[-86.8028820514094,36.1194677740839],[-86.802860896747,36.119518462371],[-86.8028011323736,36.1195012779458],[-86.8028116991729,36.1194748352158]]]},"properties":{"id":"79743","parcel":"117030A08000CO","address":"3000 HILLSBORO PIKE 80","owner":"GOLCHI, OLIVIA","point":[-86.80284678283725,36.11947130450285]}},{"type":"Feature","id":"79746","geometry":{"type":"Polygon","coordinates":[[[-86.8027624794486,36.1194290117645],[-86.8027836363807,36.1193783243799],[-86.8028406936848,36.1193955259303],[-86.8028311382663,36.119421687041],[-86.8028116991729,36.1194748352158],[-86.8027519115281,36.1194554544979],[-86.8027624794486,36.1194290117645]]]},"properties":{"id":"79746","parcel":"117030A08100CO","address":"3000 HILLSBORO PIKE 81","owner":"WEINSTEIN, JANET","point":[-86.80279690476983,36.11942534956555]}},{"type":"Feature","id":"79749","geometry":{"type":"Polygon","coordinates":[[[-86.8033292806915,36.1200318007945],[-86.8033690861349,36.1199502211657],[-86.8034315579432,36.1199673863759],[-86.803397083138,36.120040139421],[-86.803391777008,36.1200511631866],[-86.8033292806915,36.1200318007945]]]},"properties":{"id":"79749","parcel":"117030A09100CO","address":"3000 HILLSBORO PIKE 91","owner":"ZHANG, JIANQIN","point":[-86.803380646182,36.119999593968565]}},{"type":"Feature","id":"80064","geometry":{"type":"Polygon","coordinates":[[[-86.8084033175658,36.1186900963944],[-86.8083655682242,36.1186554391189],[-86.8084523073456,36.1185930451452],[-86.8084625354526,36.1186023769657],[-86.8084763300906,36.1185923604869],[-86.8084721042686,36.1185886331677],[-86.808508581182,36.1185625813551],[-86.8085357553906,36.1185876441225],[-86.8085104591673,36.1186059573973],[-86.8085242250957,36.1186187588688],[-86.8084529147022,36.1186697176631],[-86.8084437366713,36.1186611827478],[-86.8084033175658,36.1186900963944]]]},"properties":{"id":"80064","parcel":"117070M03900CO","address":"2033 STOKES LN","owner":"MASON, DAVID J. & TERESA D.","point":[-86.80844481218782,36.1186370988851]}},{"type":"Feature","id":"80065","geometry":{"type":"Polygon","coordinates":[[[-86.8082020972841,36.1185025946327],[-86.8081643364264,36.1184676615784],[-86.8082504225796,36.1184058381269],[-86.8082606494912,36.1184151663675],[-86.8082747956539,36.1184054179404],[-86.8082705698695,36.1184016924164],[-86.8083063821124,36.1183759317252],[-86.8083338904687,36.1184009859904],[-86.8083082588721,36.1184193077802],[-86.8083223517606,36.1184318249825],[-86.8082520330554,36.118482205602],[-86.8082425035726,36.1184734062467],[-86.8082020972841,36.1185025946327]]]},"properties":{"id":"80065","parcel":"117070M04300CO","address":"2025 STOKES LN","owner":"MABIUS, HERMAN RICHARD","point":[-86.80824331447322,36.11844974325914]}},{"type":"Feature","id":"80066","geometry":{"type":"Polygon","coordinates":[[[-86.8080495194513,36.1182961146433],[-86.8081201534709,36.1182451759355],[-86.8081339075903,36.1182577026399],[-86.8081588862268,36.1182399485627],[-86.8081863944985,36.1182650037635],[-86.8081502563249,36.1182910460011],[-86.8081466823353,36.1182867473966],[-86.8081325734687,36.118297322035],[-86.8081424627637,36.1183066606592],[-86.8080563777632,36.1183684858302],[-86.8080182783244,36.1183335622084],[-86.8080586846036,36.1183043747841],[-86.8080495194513,36.1182961146433]]]},"properties":{"id":"80066","parcel":"117070M04600CO","address":"2019 STOKES LN","owner":"WOLF, MACKENZIE","point":[-86.8080955380099,36.11830084826943]}},{"type":"Feature","id":"80083","geometry":{"type":"Polygon","coordinates":[[[-86.8081952079241,36.1197383679973],[-86.8082158723422,36.1197060889223],[-86.8082403859036,36.1197158297588],[-86.8083464183935,36.1197579580674],[-86.8083227211308,36.1197916319436],[-86.8082973617765,36.1198283389508],[-86.8081891468406,36.119784291071],[-86.8081705428819,36.1197767187708],[-86.8081952079241,36.1197383679973]]]},"properties":{"id":"80083","parcel":"117070B10300CO","address":"3162 HILLSBORO PIKE","owner":"CLINTON THOMAS WHITEFIELD LIVING TRUST","point":[-86.80825819283918,36.11976733799077]}},{"type":"Feature","id":"80194","geometry":{"type":"Polygon","coordinates":[[[-86.8010267120817,36.1164619047295],[-86.8010184784272,36.1164509709768],[-86.8010076199398,36.116448847564],[-86.8010075534202,36.1164422533238],[-86.8010175695412,36.116360872225],[-86.8011016386171,36.1163713023268],[-86.8010916924216,36.1164592758479],[-86.8010591468291,36.1164550964448],[-86.8010484013879,36.1164639589149],[-86.8010267120817,36.1164619047295]]]},"properties":{"id":"80194","parcel":"117080B00200CO","address":"102 STOKESWOOD PL","owner":"WILLIAMS, SYBIL IRENE & JOHN P.","point":[-86.8010547740354,36.11640677813028]}},{"type":"Feature","id":"80195","geometry":{"type":"Polygon","coordinates":[[[-86.8010517645679,36.1157233168752],[-86.8010618880387,36.1156529207751],[-86.8011622096108,36.1156632428909],[-86.8011520640324,36.1157314391164],[-86.8011412300109,36.1157315110772],[-86.8010517645679,36.1157233168752]]]},"properties":{"id":"80195","parcel":"117080B00400CO","address":"3410 RICHARDS ST","owner":"AMY FRANCES PROPERTIES, LLC","point":[-86.80110691236152,36.115693279771826]}},{"type":"Feature","id":"80196","geometry":{"type":"Polygon","coordinates":[[[-86.8005929046017,36.1161505149959],[-86.8005983205306,36.1161504790476],[-86.8007040408878,36.1161585683862],[-86.8006938472006,36.1162223693275],[-86.8005854210143,36.1162142979394],[-86.8005929046017,36.1161505149959]]]},"properties":{"id":"80196","parcel":"117080B00900CO","address":"105 STOKESWOOD PL","owner":"CHOPRA, OM & KAWAL, TRUSTEES","point":[-86.80064413778067,36.11618643219053]}},{"type":"Feature","id":"80197","geometry":{"type":"Polygon","coordinates":[[[-86.8005983205306,36.1161504790476],[-86.8006057597957,36.1160823017441],[-86.8007169148115,36.1160925523239],[-86.8007094545958,36.1161585324477],[-86.8007040408878,36.1161585683862],[-86.8005983205306,36.1161504790476]]]},"properties":{"id":"80197","parcel":"117080B01000CO","address":"107 STOKESWOOD PL","owner":"HARWELL, ROBERT E II FAMILY TRUST ETAL","point":[-86.80065756027898,36.11612151560502]}},{"type":"Feature","id":"80200","geometry":{"type":"Polygon","coordinates":[[[-86.8092953088403,36.1137277215376],[-86.8094911689624,36.1122165912642],[-86.809998064437,36.112257141929],[-86.8109847315096,36.1123340236987],[-86.8109009451936,36.1128818150396],[-86.8107692230115,36.1137749623674],[-86.8107661434698,36.1137865564502],[-86.8107606629683,36.1137975501943],[-86.8107529426046,36.1138076207581],[-86.8107432092563,36.1138164691926],[-86.8107317523775,36.1138238330808],[-86.8107189096618,36.1138294965482],[-86.8107050614875,36.1138332903],[-86.8106906165995,36.1138351034347],[-86.8106777463501,36.1138349150487],[-86.8092953088403,36.1137277215376]],[[-86.8102275954898,36.1135832821483],[-86.8102205548851,36.1134904765077],[-86.8102134991817,36.1133962983111],[-86.8101715401705,36.1133985026009],[-86.8101722765487,36.1134042667708],[-86.810101214162,36.1134077660901],[-86.8101043670168,36.1134511489282],[-86.8100843996103,36.1134521077137],[-86.8100851684752,36.1134611658572],[-86.8100784005105,36.1134614880076],[-86.8100811378273,36.1134974569742],[-86.8100838656234,36.1135326013298],[-86.8100902959706,36.1135322841507],[-86.8100910648554,36.1135413440965],[-86.8101117075958,36.1135403816754],[-86.8101148565466,36.1135834896466],[-86.8101855803555,36.1135799952986],[-86.8101859723471,36.1135852101959],[-86.8102275954898,36.1135832821483]],[[-86.8102967495845,36.1134259572852],[-86.8102994954043,36.1134627499638],[-86.8104172573083,36.113457014317],[-86.8105353568645,36.1134512780886],[-86.8105326092133,36.1134142078314],[-86.8105234738234,36.1134148190051],[-86.8105183824204,36.1133472740724],[-86.8105132921367,36.113279729131],[-86.8105227651612,36.113279115689],[-86.8105200175495,36.1132420481336],[-86.8104015823664,36.1132480632986],[-86.8102841595409,36.1132537975557],[-86.8102869098478,36.1132911399891],[-86.8102963890123,36.1132908014152],[-86.81030113252,36.1133577989111],[-86.810306565305,36.1134256164495],[-86.8102967495845,36.1134259572852]],[[-86.8102496470832,36.1134880837469],[-86.8102555408084,36.1135679853024],[-86.8102900571874,36.1135663798664],[-86.8102908159959,36.113574341214],[-86.810340559374,36.1135718096927],[-86.8103892864539,36.1135692840781],[-86.8103888607964,36.1135607716109],[-86.8104247322172,36.1135591570319],[-86.8104917318038,36.1135556848241],[-86.8104925214748,36.113566667967],[-86.8105030108194,36.1135660476975],[-86.810502221147,36.1135550645545],[-86.8105140672325,36.1135547100584],[-86.810512494607,36.1135332935105],[-86.8105311058709,36.1135323437677],[-86.8105291580338,36.1135073588557],[-86.8105389726711,36.1135070198111],[-86.8105366058168,36.1134740658615],[-86.8104185051622,36.1134798066047],[-86.8103339067509,36.1134839467939],[-86.8102496470832,36.1134880837469]],[[-86.8105126546789,36.1131508913109],[-86.8105103036241,36.1131195920087],[-86.8105028609757,36.1131201936084],[-86.8105001049438,36.1130822996306],[-86.8103914817691,36.1130876999697],[-86.8103965859535,36.1131566183817],[-86.8104016845364,36.113224987047],[-86.810509295533,36.1132198683935],[-86.8105065356058,36.1131817022552],[-86.8105149962541,36.1131813705084],[-86.8105126546789,36.1131508913109]],[[-86.8098827155535,36.1131963322411],[-86.8099475920526,36.1131838085775],[-86.8099507479237,36.1131944991406],[-86.8099618968483,36.1131922287445],[-86.8099587381537,36.1131812615065],[-86.8099705645784,36.1131789847574],[-86.8099645988474,36.1131584214764],[-86.8099831831217,36.1131547248863],[-86.8099758242352,36.1131303251843],[-86.8099856219965,36.1131283360474],[-86.8099761504099,36.1130959840872],[-86.8098599149411,36.1131184666244],[-86.8098827155535,36.1131963322411]],[[-86.8102546434362,36.1131482320113],[-86.8102554151407,36.1131575668296],[-86.8102689510535,36.1131569261135],[-86.8102697266752,36.1131665357969],[-86.810295782232,36.1131652620887],[-86.8102969526771,36.1131803633445],[-86.8103277458557,36.1131787829096],[-86.8103281603033,36.1131861976896],[-86.8103687680633,36.1131842764135],[-86.8103617043798,36.1130895484879],[-86.8102642502114,36.113094323887],[-86.8102685169969,36.113147589027],[-86.8102546434362,36.1131482320113]],[[-86.8103624874313,36.1130664694633],[-86.8103605704589,36.1130445027379],[-86.8103798580281,36.1130435493749],[-86.8103971180558,36.1130428836223],[-86.8103986906497,36.1130643010755],[-86.8104988592941,36.1130595073265],[-86.8104965189153,36.1130295797054],[-86.8104829830169,36.1130302195458],[-86.8104814047991,36.1130082532493],[-86.8104952794535,36.1130076111327],[-86.8104936844091,36.1129839965014],[-86.8104798097589,36.1129846386179],[-86.8104786375872,36.1129692624829],[-86.8104512298654,36.1129708202085],[-86.8104496376677,36.1129474831528],[-86.8104144429041,36.1129490904908],[-86.8104140491877,36.1129435989108],[-86.8104052498051,36.1129439329268],[-86.8104060832029,36.1129593113387],[-86.8103735974248,36.1129609031666],[-86.8103414504048,36.1129624927098],[-86.8103402810653,36.1129473914461],[-86.8103314816819,36.1129477254566],[-86.8103318793082,36.1129534919022],[-86.8102973620857,36.1129550973578],[-86.8102989542664,36.1129784371192],[-86.8102708673249,36.1129797244754],[-86.8102720422337,36.1129953727813],[-86.810258168718,36.1129960175685],[-86.8102600996751,36.1130193577581],[-86.810273635546,36.113018715239],[-86.8102752137064,36.1130406815382],[-86.8102613418492,36.1130415985022],[-86.8102636760029,36.1130712512775],[-86.8103506441954,36.1130670961138],[-86.8103624874313,36.1130664694633]],[[-86.8099696531761,36.1129899889937],[-86.8099570369273,36.1129480423536],[-86.8099773099333,36.112944060433],[-86.809974847271,36.11293501186],[-86.8099822814949,36.1129335856747],[-86.8099721055251,36.112898493133],[-86.8099615924801,36.1128636759429],[-86.8099541593455,36.1128650994158],[-86.8099516966791,36.1128560499408],[-86.809931421473,36.1128600318721],[-86.8099191462543,36.1128180838381],[-86.8098495391588,36.1128314630266],[-86.8098481292057,36.1128259782683],[-86.8098065680733,36.1128339488788],[-86.80983323163,36.1129255232349],[-86.8098602351276,36.1130170962022],[-86.8099011199329,36.1130091292145],[-86.8098997099731,36.1130036444571],[-86.8099696531761,36.1129899889937]],[[-86.8102113492293,36.1128537571181],[-86.8102114052829,36.112859250967],[-86.8102557650336,36.1128600516364],[-86.8102991095915,36.1128608564058],[-86.8102993912076,36.1128553629921],[-86.8103105663922,36.1128555628055],[-86.8103110729235,36.1128388018342],[-86.8103642365345,36.1128398182073],[-86.8103656821067,36.1127823940169],[-86.8103724528358,36.1127823485255],[-86.8103734647606,36.1127488265891],[-86.8102586703387,36.1127465758189],[-86.8101425237213,36.1127446116177],[-86.8101418560295,36.1127786774173],[-86.8101489683213,36.1127789045357],[-86.8101475226015,36.1128363296248],[-86.8102006873195,36.1128373460626],[-86.8102001751283,36.1128535545844],[-86.8102113492293,36.1128537571181]],[[-86.8103569687764,36.1127247622882],[-86.8103576958002,36.1126967373928],[-86.8103675159297,36.112696946305],[-86.8103684611254,36.1126565588364],[-86.8103697473377,36.1126167170568],[-86.810359249684,36.1126165108944],[-86.8103599677072,36.1125873864924],[-86.8103604209677,36.1125654065431],[-86.8103841240651,36.112565797068],[-86.8103851219658,36.1125309016673],[-86.8103749630992,36.1125306950326],[-86.8103749014335,36.112524652339],[-86.8103616959717,36.112524466173],[-86.8103619338125,36.1125145747878],[-86.8103355217816,36.1125142024588],[-86.8103360417939,36.1124990898433],[-86.810305232614,36.1124987497542],[-86.8103054900864,36.1124907815768],[-86.810264854605,36.1124899514012],[-86.8102621059369,36.1125855744461],[-86.8102601004728,36.1126545379299],[-86.8102584320972,36.1127232269601],[-86.8103569687764,36.1127247622882]],[[-86.8098528469029,36.1126910622738],[-86.8098530708096,36.1126797983289],[-86.8098649223649,36.1126799927406],[-86.8098657229034,36.1126588324335],[-86.8098840092473,36.112659261231],[-86.8098847694684,36.1126342572192],[-86.8098939131837,36.112634470712],[-86.8098949309155,36.1126014985238],[-86.8097781052837,36.112599260937],[-86.809775865426,36.1126783933651],[-86.8098418967615,36.1126795984657],[-86.8098413319013,36.1126908674037],[-86.8098528469029,36.1126910622738]],[[-86.8097493997767,36.1126063214429],[-86.8097496433274,36.1125969825083],[-86.8097225520459,36.1125963379111],[-86.809723071594,36.112580950411],[-86.8097236001225,36.1125666615154],[-86.8097503559499,36.1125673065619],[-86.8097525734249,36.1124859769527],[-86.8097156649007,36.1124854000669],[-86.8097154381815,36.1124963900405],[-86.8096880110074,36.1124960252862],[-86.8096885708824,36.1124844832929],[-86.809659448234,36.1124838550227],[-86.8096592243279,36.1124951216714],[-86.8096402616189,36.1124946973804],[-86.8096394722046,36.1125169544741],[-86.8096106910953,36.1125165978896],[-86.8096099643998,36.1125448985707],[-86.8096031936904,36.1125449440193],[-86.8096029277402,36.1125520875768],[-86.809621891555,36.1125525100638],[-86.8096211469469,36.112579162417],[-86.8096203978439,36.1126052650172],[-86.809601772756,36.1126048384535],[-86.809601506833,36.1126119847147],[-86.809608616306,36.1126119369922],[-86.8096075508416,36.1126402390453],[-86.8096363347982,36.1126408705033],[-86.8096358897352,36.1126636741664],[-86.8096548535768,36.1126640966483],[-86.8096546296512,36.112675361494],[-86.809683410809,36.1126757171669],[-86.8096836375332,36.1126647271938],[-86.8097110675775,36.112665367723],[-86.8097108408571,36.1126763576962],[-86.8097474146163,36.1126772108218],[-86.8097493997767,36.1126063214429]],[[-86.8098273507109,36.112481629116],[-86.8098274123349,36.1124876718099],[-86.8097806837165,36.112486886889],[-86.8097782003449,36.1125753609578],[-86.8098631926043,36.1125767127323],[-86.8099478489216,36.1125783424957],[-86.8099503405059,36.1124906921405],[-86.8099032731271,36.1124899095419],[-86.8099035407336,36.1124830399626],[-86.8098659530117,36.1124821936933],[-86.8098273507109,36.112481629116]],[[-86.8099787099812,36.1124839069318],[-86.8099759665393,36.1125800761109],[-86.8099732185849,36.1126756946335],[-86.8100196085582,36.1126764817549],[-86.8100195329094,36.112669065599],[-86.8101024938351,36.1126704308479],[-86.8101861350935,36.1126720672625],[-86.8101858748041,36.1126797605666],[-86.8102312473967,36.1126805544406],[-86.8102339983818,36.1125849367911],[-86.8102367415206,36.1124887685074],[-86.8101910280588,36.1124879769259],[-86.8101907677797,36.1124956711314],[-86.8101074654644,36.1124940324446],[-86.8100241631617,36.1124923946015],[-86.8100244212631,36.1124847031148],[-86.8099787099812,36.1124839069318]]]},"properties":{"id":"80200","parcel":"117110J00100CO","address":"0 WOODMONT BLVD","owner":"O.I.C. THE HILLMONT CONDOMINIUMS","point":[-86.80983035027766,36.11302360027481]}},{"type":"Feature","id":"80245","geometry":{"type":"Polygon","coordinates":[[[-86.8077416062698,36.1199488138746],[-86.8077844069683,36.1198957824347],[-86.8079069171136,36.1199564978728],[-86.8078373675451,36.1200426728871],[-86.8077393419459,36.1199927827534],[-86.8077661176752,36.1199618354876],[-86.8077416062698,36.1199488138746]]]},"properties":{"id":"80245","parcel":"117070J00700CO","address":"2027 LOMBARDY AVE","owner":"SULLIVAN, JOHN H. & NEWLAND, LOLITA G.","point":[-86.80782133654397,36.11997741919843]}},{"type":"Feature","id":"80247","geometry":{"type":"Polygon","coordinates":[[[-86.8077416062698,36.1199488138746],[-86.8077844069683,36.1198957824347],[-86.8079069171136,36.1199564978728],[-86.8078373675451,36.1200426728871],[-86.8077393419459,36.1199927827534],[-86.8077661176752,36.1199618354876],[-86.8077416062698,36.1199488138746]]]},"properties":{"id":"80247","parcel":"117070J01600CO","address":"2045 LOMBARDY AVE","owner":"PEARCE, JOHN BENJAMIN & TAYLOR, ANNIE BLAIR","point":[-86.80782133654397,36.11997741919843]}},{"type":"Feature","id":"80248","geometry":{"type":"Polygon","coordinates":[[[-86.8077416062698,36.1199488138746],[-86.8077844069683,36.1198957824347],[-86.8079069171136,36.1199564978728],[-86.8078373675451,36.1200426728871],[-86.8077393419459,36.1199927827534],[-86.8077661176752,36.1199618354876],[-86.8077416062698,36.1199488138746]]]},"properties":{"id":"80248","parcel":"117070J02300CO","address":"2059 LOMBARDY AVE","owner":"TANG DONG FAMILY TRUST","point":[-86.80782133654397,36.11997741919843]}},{"type":"Feature","id":"80249","geometry":{"type":"Polygon","coordinates":[[[-86.8076303108315,36.1199253840208],[-86.8077132467049,36.1198237355062],[-86.8078058291031,36.1198714647894],[-86.8077844069683,36.1198957824347],[-86.8077416062698,36.1199488138746],[-86.8077201840944,36.1199731315081],[-86.8076303108315,36.1199253840208]]]},"properties":{"id":"80249","parcel":"117070J02400CO","address":"2061 LOMBARDY AVE","owner":"MOJICA-DIAZ, CLARA C.","point":[-86.80770742460192,36.119910583358035]}},{"type":"Feature","id":"80250","geometry":{"type":"Polygon","coordinates":[[[-86.8075473512982,36.1200248362089],[-86.8076303108315,36.1199253840208],[-86.8077201840944,36.1199731315081],[-86.8076399338311,36.1200725656171],[-86.8075473512982,36.1200248362089]]]},"properties":{"id":"80250","parcel":"117070J02500CO","address":"2063 LOMBARDY AVE","owner":"HACKER, ALBERT D","point":[-86.80763411890076,36.11999898445371]}},{"type":"Feature","id":"80251","geometry":{"type":"Polygon","coordinates":[[[-86.8097022597803,36.117578918912],[-86.8097333333597,36.1175383283472],[-86.8098506845525,36.1175913840187],[-86.8098192750364,36.11763225176],[-86.8097022597803,36.117578918912]]]},"properties":{"id":"80251","parcel":"117070K00100CO","address":"3301 GOLF CLUB LN","owner":"GASTON, MARBUT GLENN, JR., TRUSTEE","point":[-86.80977641737653,36.11758515140134]}},{"type":"Feature","id":"80253","geometry":{"type":"Polygon","coordinates":[[[-86.8003283701472,36.1162742428724],[-86.8003685238659,36.116193485625],[-86.8003756585822,36.1161959104986],[-86.8003952369454,36.1161564972946],[-86.8004414351861,36.1161715747076],[-86.8004387787193,36.1161768116618],[-86.8003817031687,36.1162917451837],[-86.8003283701472,36.1162742428724]]]},"properties":{"id":"80253","parcel":"117080D00100CO","address":"1611 A STOKES LN","owner":"ROSE, ANDREW & ESTEPPE, KAITLYN","point":[-86.80037882218355,36.116235121359125]}},{"type":"Feature","id":"80255","geometry":{"type":"Polygon","coordinates":[[[-86.8013803278798,36.1198422792728],[-86.801657664866,36.1196778055729],[-86.8017648512066,36.1198309311004],[-86.8015036559923,36.1199843075562],[-86.8013803278798,36.1198422792728]]]},"properties":{"id":"80255","parcel":"11708000200","address":"2934 PRIMROSE CIR","owner":"TERRANOVA, ANNMIGNON","point":[-86.8015725396184,36.11983660525822]}},{"type":"Feature","id":"80256","geometry":{"type":"Polygon","coordinates":[[[-86.8012569569298,36.1196958519907],[-86.8015531437596,36.119520266686],[-86.801657664866,36.1196778055729],[-86.8013803278798,36.1198422792728],[-86.8012569569298,36.1196958519907]]]},"properties":{"id":"80256","parcel":"11708000300","address":"2932 PRIMROSE CIR","owner":"BRODEUR, EMMA & LUKE","point":[-86.80145731391926,36.11968682895439]}},{"type":"Feature","id":"80257","geometry":{"type":"Polygon","coordinates":[[[-86.8010301318046,36.1194973704543],[-86.8011591026298,36.119125102092],[-86.801437633286,36.1193474167461],[-86.8011391157146,36.1195603798824],[-86.8011148063763,36.1195415008629],[-86.8010883731129,36.1195246052443],[-86.8010600607844,36.1195098500244],[-86.8010301318046,36.1194973704543]]]},"properties":{"id":"80257","parcel":"11708000500","address":"2928 PRIMROSE CIR","owner":"AVULA, SIVA SVP","point":[-86.80120953132166,36.11923611212197]}},{"type":"Feature","id":"80258","geometry":{"type":"Polygon","coordinates":[[[-86.8008918634574,36.1194851001389],[-86.8007916541445,36.1189495290695],[-86.8011591026298,36.119125102092],[-86.8010301318046,36.1194973704543],[-86.8009965585183,36.1194890041913],[-86.8009619562407,36.1194841273034],[-86.8009268723159,36.1194828199746],[-86.8008918634574,36.1194851001389]]]},"properties":{"id":"80258","parcel":"11708000600","address":"2926 PRIMROSE CIR","owner":"RIEDLINGER, ANNE & PETRALLI, ADAM","point":[-86.80097751000464,36.11930385233312]}},{"type":"Feature","id":"80259","geometry":{"type":"Polygon","coordinates":[[[-86.8004170135738,36.1191344242598],[-86.8007744749792,36.1188573401643],[-86.8007916541445,36.1189495290695],[-86.8008918634574,36.1194851001389],[-86.8008587427657,36.1194895551669],[-86.8008266326554,36.1194975058562],[-86.8007960904992,36.1195088151177],[-86.8007676475137,36.1195232856504],[-86.8004170135738,36.1191344242598]]]},"properties":{"id":"80259","parcel":"11708000700","address":"2922 PRIMROSE CIR","owner":"SNODDY, STEVEN JEROME","point":[-86.80071705759394,36.119309866617684]}},{"type":"Feature","id":"80260","geometry":{"type":"Polygon","coordinates":[[[-86.8001139824878,36.1195808322816],[-86.800209987032,36.1194010603291],[-86.8006710939598,36.1196184277604],[-86.8006658096351,36.1196316485843],[-86.8006074378044,36.1197433893509],[-86.8001139824878,36.1195808322816]]]},"properties":{"id":"80260","parcel":"11708000900","address":"2918 PRIMROSE CIR","owner":"HENDRIX, ANNIE L. & ANDREA D.","point":[-86.80028174776565,36.11949114603326]}},{"type":"Feature","id":"80272","geometry":{"type":"Polygon","coordinates":[[[-86.8098903534854,36.1172979998244],[-86.8098909946224,36.1172944246376],[-86.809919458294,36.1172967057339],[-86.8099200044953,36.1172913376318],[-86.8099254675493,36.1172551838477],[-86.8100607034281,36.1172691108076],[-86.8100548623154,36.1173036971027],[-86.8100530395831,36.1173144895861],[-86.8100259304304,36.1173119245336],[-86.8098903534854,36.1172979998244]]]},"properties":{"id":"80272","parcel":"117070K00700CO","address":"3313 GOLF CLUB LN","owner":"CHAPMAN, JAMES R., JR. & TOMOKO T.","point":[-86.80999025422703,36.11728022408219]}},{"type":"Feature","id":"80274","geometry":{"type":"Polygon","coordinates":[[[-86.809868754543,36.1169728872382],[-86.8098846288107,36.1168694882397],[-86.8099419086453,36.1168754225164],[-86.8099431533668,36.1168647006097],[-86.8099485760492,36.1168652130777],[-86.8099263759944,36.116979090515],[-86.809868754543,36.1169728872382]]]},"properties":{"id":"80274","parcel":"117070K01500CO","address":"3329 GOLF CLUB LN","owner":"MICHAELS, KATALIN E & JAY H","point":[-86.8099066594778,36.116924156990095]}},{"type":"Feature","id":"80277","geometry":{"type":"Polygon","coordinates":[[[-86.8001982854141,36.1185545155181],[-86.8003289139776,36.1184559228839],[-86.8007551839389,36.1188245029543],[-86.8006342531359,36.1189198068855],[-86.8005751101018,36.1189641549418],[-86.8001380500766,36.1186000386718],[-86.8001982854141,36.1185545155181]]]},"properties":{"id":"80277","parcel":"11708002200","address":"3021 BRIGHTWOOD AVE","owner":"HARWELL, EMMA VOGAN","point":[-86.80044907361443,36.118712275302826]}},{"type":"Feature","id":"80290","geometry":{"type":"Polygon","coordinates":[[[-86.8095953202092,36.1168783522959],[-86.8096016271407,36.1168411726071],[-86.8096606030318,36.1168476400078],[-86.8096416727397,36.1169499617266],[-86.8095870955332,36.1169443579636],[-86.8095953202092,36.1168783522959]]]},"properties":{"id":"80290","parcel":"117070K02000CO","address":"3339 GOLF CLUB LN","owner":"AKCAB LLC","point":[-86.80962000309978,36.11691140089221]}},{"type":"Feature","id":"80291","geometry":{"type":"Polygon","coordinates":[[[-86.8094667853096,36.1169321806442],[-86.8094816364877,36.1168279656959],[-86.8095429877402,36.116834695709],[-86.8095254169222,36.1169381051456],[-86.8094667853096,36.1169321806442]]]},"properties":{"id":"80291","parcel":"117070K02200CO","address":"3343 GOLF CLUB LN","owner":"CAI, HUI & WU, JIE","point":[-86.80950421802173,36.11688343711993]}},{"type":"Feature","id":"80292","geometry":{"type":"Polygon","coordinates":[[[-86.8094087249009,36.1169163625059],[-86.8094235839685,36.1168126963931],[-86.8094828896861,36.1168180693124],[-86.8094816364877,36.1168279656959],[-86.8094667853096,36.1169321806442],[-86.8094613637272,36.1169316672458],[-86.8094632961554,36.1169220393932],[-86.8094087249009,36.1169163625059]]]},"properties":{"id":"80292","parcel":"117070K02300CO","address":"3345 GOLF CLUB LN","owner":"LIU, XULEI LXL","point":[-86.80944519906947,36.11687216413586]}},{"type":"Feature","id":"80293","geometry":{"type":"Polygon","coordinates":[[[-86.8094427336073,36.1172630947744],[-86.8094728014818,36.117223334795],[-86.8095481022372,36.1172572539183],[-86.8095887896271,36.117275575195],[-86.8095590549732,36.1173147840855],[-86.8095408916441,36.1173066962077],[-86.8094427336073,36.1172630947744]]]},"properties":{"id":"80293","parcel":"117070K03400CO","address":"3367 GOLF CLUB LN","owner":"JARVIS, AMY KATHERINE","point":[-86.80951585563474,36.117269335156436]}},{"type":"Feature","id":"80296","geometry":{"type":"Polygon","coordinates":[[[-86.7997710917706,36.1181506246843],[-86.7998812545349,36.1180619885868],[-86.7999515813556,36.1181314526499],[-86.8000746002873,36.1182522448671],[-86.8001986050035,36.1183741489085],[-86.8000964788708,36.1184539453853],[-86.7999660161077,36.1183322940707],[-86.7998428357915,36.1182174215327],[-86.7997710917706,36.1181506246843]]]},"properties":{"id":"80296","parcel":"11708005500","address":"3024 BRIGHTWOOD AVE","owner":"GMEINER, TIMOTHY JAMES REVOCABLE TRUST","point":[-86.80001919928453,36.118292267630295]}},{"type":"Feature","id":"80297","geometry":{"type":"Polygon","coordinates":[[[-86.7998812545349,36.1180619885868],[-86.8000183024564,36.1179533909353],[-86.800088994368,36.1180228155464],[-86.8002163705755,36.1181477399379],[-86.8003383832579,36.1182677346208],[-86.8001986050035,36.1183741489085],[-86.8000746002873,36.1182522448671],[-86.7999515813556,36.1181314526499],[-86.7998812545349,36.1180619885868]]]},"properties":{"id":"80297","parcel":"11708005600","address":"3026 BRIGHTWOOD AVE","owner":"GREEN, NATALIE","point":[-86.80014544284303,36.11819999235272]}},{"type":"Feature","id":"80956","geometry":{"type":"Polygon","coordinates":[[[-86.8010306739888,36.1157805946393],[-86.8010382004055,36.1157212069282],[-86.8010517645679,36.1157233168752],[-86.8011412300109,36.1157315110772],[-86.8011337258376,36.1157930959737],[-86.8010306739888,36.1157805946393]]]},"properties":{"id":"80956","parcel":"117080B00300CO","address":"3408 RICHARDS ST","owner":"DRURY, ALEXANDER CHRISTIAN & JORDAN, ANNA KATHRYN","point":[-86.80108601211532,36.11575605297089]}},{"type":"Feature","id":"80958","geometry":{"type":"Polygon","coordinates":[[[-86.8087209995896,36.1115566798135],[-86.8087511130107,36.1113218745865],[-86.8090054866046,36.1112009431548],[-86.8091200982394,36.1114845014787],[-86.8090991216333,36.1114917812704],[-86.8090799221351,36.1115017791261],[-86.8090630267585,36.1115142193237],[-86.8090489040655,36.1115287580357],[-86.8090379420543,36.1115449933917],[-86.8090304449469,36.1115624772162],[-86.8090266210994,36.111580727728],[-86.8087209995896,36.1115566798135]]]},"properties":{"id":"80958","parcel":"117110G00200CO","address":"104 OXTON HILL LN","owner":"DEHART, PAUL JEFFRY & DICKER, RORY COOKE","point":[-86.80891402719452,36.11140315376129]}},{"type":"Feature","id":"80959","geometry":{"type":"Polygon","coordinates":[[[-86.8088861447207,36.1119486853406],[-86.8090926858986,36.111684949759],[-86.8091112198397,36.1116924773258],[-86.8091309545821,36.1116976147407],[-86.8091514268279,36.1117002416354],[-86.8091721527822,36.1117002972641],[-86.8091926447952,36.1116977785893],[-86.8092124203024,36.1116927456299],[-86.8092310139878,36.1116853159711],[-86.8092479889084,36.1116756664931],[-86.8092573858355,36.1116693476312],[-86.8092679811438,36.1116644348421],[-86.8092794597534,36.1116610735438],[-86.8092914805894,36.111659365166],[-86.8093036842828,36.1116593598878],[-86.8093184343032,36.1116615835215],[-86.8093325266656,36.1116657592411],[-86.8092910264001,36.1119789346364],[-86.8088861447207,36.1119486853406]]]},"properties":{"id":"80959","parcel":"117110G00400CO","address":"101 OXTON HILL LN","owner":"NORRIS, DANIEL R. & LISA B. MORGAN","point":[-86.80914744785295,36.111824679894156]}},{"type":"Feature","id":"80960","geometry":{"type":"Polygon","coordinates":[[[-86.8086876404142,36.1127024522794],[-86.8089741738445,36.1124475206034],[-86.8089917288082,36.112458045214],[-86.8090110870736,36.1124662243025],[-86.8090317811898,36.1124718573138],[-86.8090533032529,36.1124748070539],[-86.8090751282483,36.1124750013362],[-86.8090967240759,36.1124724356186],[-86.8091175648679,36.1124671720124],[-86.8091371409864,36.1124593392153],[-86.8091465731101,36.112451559147],[-86.8091574801007,36.1124451751858],[-86.8091695539068,36.1124403687537],[-86.8091824515772,36.1124372755411],[-86.8091958063504,36.1124359836304],[-86.8092092387331,36.1124365307176],[-86.8092223664598,36.1124389004405],[-86.8092348178482,36.1124430249929],[-86.8091948857321,36.1127438277605],[-86.8086876404142,36.1127024522794]]]},"properties":{"id":"80960","parcel":"117110G00800CO","address":"201 CHANNELKIRK LN","owner":"BAKER, SCOTT & KATHERINE","point":[-86.80901549332151,36.11258894082157]}},{"type":"Feature","id":"81592","geometry":{"type":"Polygon","coordinates":[[[-86.8043878319423,36.1199763971124],[-86.8044037688247,36.1199455228812],[-86.8043901838605,36.1199412206285],[-86.8044140268052,36.1198883150178],[-86.8045308721214,36.1199248956658],[-86.8045070080742,36.1199756023129],[-86.8044961289168,36.1199712766177],[-86.8044801898709,36.1200021535794],[-86.8043878319423,36.1199763971124]]]},"properties":{"id":"81592","parcel":"117030A03800CO","address":"3000 HILLSBORO PIKE 38","owner":"NICKERSON FAMILY TRUST","point":[-86.80445952848541,36.119943473871544]}},{"type":"Feature","id":"81600","geometry":{"type":"Polygon","coordinates":[[[-86.8037860678943,36.1199342566208],[-86.8038231869816,36.1198548929634],[-86.8039047099731,36.1198807193688],[-86.8039206270183,36.119847649812],[-86.803983124454,36.1198670127924],[-86.8039301329949,36.1199838440156],[-86.8038676354802,36.1199644810083],[-86.8038675687383,36.1199578885781],[-86.8037860678943,36.1199342566208]]]},"properties":{"id":"81600","parcel":"117030A05200CO","address":"3000 HILLSBORO PIKE 52","owner":"KASPER, BRIANNA MARIE","point":[-86.80388165054543,36.11990754737764]}},{"type":"Feature","id":"81603","geometry":{"type":"Polygon","coordinates":[[[-86.8037860678943,36.1199342566208],[-86.8038231869816,36.1198548929634],[-86.8039047099731,36.1198807193688],[-86.8039206270183,36.119847649812],[-86.803983124454,36.1198670127924],[-86.8039301329949,36.1199838440156],[-86.8038676354802,36.1199644810083],[-86.8038675687383,36.1199578885781],[-86.8037860678943,36.1199342566208]]]},"properties":{"id":"81603","parcel":"117030A05300CO","address":"3000 HILLSBORO PIKE 53","owner":"WILSON, COURTNEY","point":[-86.80388165054543,36.11990754737764]}},{"type":"Feature","id":"81605","geometry":{"type":"Polygon","coordinates":[[[-86.8040770775318,36.1197828746753],[-86.8041009429065,36.1197321681032],[-86.8041145078172,36.1197342759012],[-86.8041304492005,36.1197034016747],[-86.804220117564,36.1197313735946],[-86.8042068842968,36.1197622297777],[-86.8042231828887,36.1197665166624],[-86.8041966317464,36.1198194384895],[-86.8040770775318,36.1197828746753]]]},"properties":{"id":"81605","parcel":"117030A05600CO","address":"3000 HILLSBORO PIKE 56","owner":"TOBEY, KATHY C.","point":[-86.80415313315378,36.119748240484796]}},{"type":"Feature","id":"81607","geometry":{"type":"Polygon","coordinates":[[[-86.8038841703948,36.1197248227712],[-86.8039239528594,36.1196410448752],[-86.8040163102475,36.1196668016995],[-86.8040003932966,36.119699873073],[-86.804013982669,36.1197041780439],[-86.8039901372732,36.1197570817903],[-86.8038841703948,36.1197248227712]]]},"properties":{"id":"81607","parcel":"117030A05800CO","address":"3000 HILLSBORO PIKE 58","owner":"ANDERSON, REGINE J.","point":[-86.80395615145221,36.11968325197531]}},{"type":"Feature","id":"81609","geometry":{"type":"Polygon","coordinates":[[[-86.8035936721362,36.1199267483233],[-86.8036175601092,36.1198782399265],[-86.8037072307111,36.1199062122116],[-86.8036833438952,36.1199547206185],[-86.8035936721362,36.1199267483233]]]},"properties":{"id":"81609","parcel":"117030A06200CO","address":"3000 HILLSBORO PIKE 62","owner":"HUMMELL, MADELYN CAROLINE","point":[-86.803650451549,36.11991648028113]}},{"type":"Feature","id":"81611","geometry":{"type":"Polygon","coordinates":[[[-86.8036224213747,36.1198232654119],[-86.8036542344908,36.1197549246794],[-86.8036134953217,36.1197442076738],[-86.8036373376323,36.119691304024],[-86.8037786262589,36.1197343163206],[-86.8037547840114,36.1197872181954],[-86.8037466353039,36.119785076971],[-86.8037148011351,36.1198512214448],[-86.8036387166061,36.1198275514965],[-86.8036224213747,36.1198232654119]]]},"properties":{"id":"81611","parcel":"117030A06400CO","address":"3000 HILLSBORO PIKE 64","owner":"TN VERSAI, LLC","point":[-86.80370487742621,36.11977000811344]}},{"type":"Feature","id":"81646","geometry":{"type":"Polygon","coordinates":[[[-86.8032203348834,36.1197050699778],[-86.8032521705345,36.1196389274271],[-86.8032412915189,36.119634604322],[-86.8032678654728,36.1195838807806],[-86.8034091759488,36.119629091589],[-86.803385311265,36.1196797971168],[-86.8033445499319,36.1196668819424],[-86.8033127110233,36.1197330254404],[-86.8032203348834,36.1197050699778]]]},"properties":{"id":"81646","parcel":"117030A07000CO","address":"3000 HILLSBORO PIKE 70","owner":"GRESALFI JOINT REVOCABLE TRUST","point":[-86.80332168808513,36.11965294299406]}},{"type":"Feature","id":"81648","geometry":{"type":"Polygon","coordinates":[[[-86.8030096243278,36.1197614177383],[-86.8030334903595,36.1197107095748],[-86.803117699947,36.1197343240037],[-86.8031340173659,36.1197408082344],[-86.8031101513438,36.1197915119113],[-86.8030096243278,36.1197614177383]]]},"properties":{"id":"81648","parcel":"117030A07200CO","address":"3000 HILLSBORO PIKE 72","owner":"RED ZORA IRREVOCABLE INVESTMENT SERVICES TRUST ETAL","point":[-86.8030718206329,36.11975111300217]}},{"type":"Feature","id":"81650","geometry":{"type":"Polygon","coordinates":[[[-86.8034932336738,36.1199054405564],[-86.803411732995,36.1198818083459],[-86.8034090916076,36.1198884188138],[-86.8033438862135,36.1198690744731],[-86.8033968784586,36.119752243504],[-86.8034621060118,36.1197737858944],[-86.8034488746645,36.1198046419791],[-86.8035303975101,36.1198304713415],[-86.8034932336738,36.1199054405564]]]},"properties":{"id":"81650","parcel":"117030A08700CO","address":"3000 HILLSBORO PIKE 87","owner":"HUGHES, LOGAN WILLIAMS","point":[-86.80342849040049,36.11981745635222]}},{"type":"Feature","id":"81652","geometry":{"type":"Polygon","coordinates":[[[-86.8032176518794,36.1199754038238],[-86.8032548160086,36.1199004346951],[-86.803314600788,36.119919816085],[-86.803309297987,36.1199308398251],[-86.8032774367062,36.1199947852318],[-86.8032176518794,36.1199754038238]]]},"properties":{"id":"81652","parcel":"117030A08900CO","address":"3000 HILLSBORO PIKE 89","owner":"SMITH, MARGARET","point":[-86.803263446683,36.11995312178689]}},{"type":"Feature","id":"81654","geometry":{"type":"Polygon","coordinates":[[[-86.8032774367062,36.1199947852318],[-86.803309297987,36.1199308398251],[-86.8033690861349,36.1199502211657],[-86.8033292806915,36.1200318007945],[-86.8032695147196,36.1200146166111],[-86.8032774367062,36.1199947852318]]]},"properties":{"id":"81654","parcel":"117030A09000CO","address":"3000 HILLSBORO PIKE 90","owner":"HOLLOWAY, ROSALIND S.","point":[-86.80332337664697,36.119972503396745]}},{"type":"Feature","id":"81680","geometry":{"type":"Polygon","coordinates":[[[-86.8011184693493,36.1161602120833],[-86.8010127522799,36.1161521230858],[-86.801007336351,36.1161521590527],[-86.8010147542026,36.1160817836364],[-86.8011258848817,36.116089836675],[-86.8011184693493,36.1161602120833]]]},"properties":{"id":"81680","parcel":"117080B00600CO","address":"106 STOKESWOOD PL","owner":"HINDMAN, PATRICK T & MARIE B","point":[-86.80106661350128,36.116120975402126]}},{"type":"Feature","id":"81682","geometry":{"type":"Polygon","coordinates":[[[-86.8006177730001,36.1159305812626],[-86.8006286059386,36.1159305093562],[-86.8007261755263,36.1159364545493],[-86.8007186710118,36.1159980394168],[-86.8006102672913,36.1159921661308],[-86.8006177730001,36.1159305812626]]]},"properties":{"id":"81682","parcel":"117080B01100CO","address":"109 STOKESWOOD PL","owner":"ISHERWOOD, ROBERT M.& MARIE-P.LEVEQUE -","point":[-86.80066822168088,36.115964310354606]}},{"type":"Feature","id":"81692","geometry":{"type":"Polygon","coordinates":[[[-86.8085724346248,36.1126930599906],[-86.8086199191403,36.1123358891935],[-86.8089251668173,36.1123560959115],[-86.8089257706571,36.1123732838487],[-86.8089295895625,36.1123901978632],[-86.8089365351026,36.1124064437856],[-86.8089464456978,36.1124216432586],[-86.8089590900428,36.1124354427271],[-86.8089741738445,36.1124475206034],[-86.8086876404142,36.1127024522794],[-86.8085724346248,36.1126930599906]]]},"properties":{"id":"81692","parcel":"117110G00700CO","address":"205 CHANNELKIRK LN","owner":"LEWIS, FRANK R. & LORI H.","point":[-86.80871243427977,36.112570193296975]}},{"type":"Feature","id":"81713","geometry":{"type":"Polygon","coordinates":[[[-86.8072226527842,36.1113998338174],[-86.8072613891512,36.1110882521831],[-86.8074635081197,36.11110480049],[-86.8074247436145,36.1114163778751],[-86.8072226527842,36.1113998338174]]]},"properties":{"id":"81713","parcel":"117110R00300CO","address":"4001 GRAYBAR CT","owner":"LEAH D. HALL TRUST","point":[-86.80734307369619,36.1112523172055]}},{"type":"Feature","id":"81718","geometry":{"type":"Polygon","coordinates":[[[-86.8015110984873,36.1181864292649],[-86.801595344527,36.11812198026],[-86.8016567289226,36.118163542299],[-86.8017197585104,36.1182034521374],[-86.8017843639757,36.1182416660707],[-86.8015953344298,36.1183862776192],[-86.8015110984873,36.1181864292649]]]},"properties":{"id":"81718","parcel":"11708007000","address":"1808 LOMBARDY AVE","owner":"THWEATT, JAMES M. & SUE J.","point":[-86.80162730977563,36.118313868343016]}},{"type":"Feature","id":"82282","geometry":{"type":"Polygon","coordinates":[[[-86.8082589149268,36.1185551254984],[-86.8083449977597,36.1184933011018],[-86.8083548787519,36.1185023648729],[-86.8083690237986,36.1184926155413],[-86.8083651483716,36.1184891526496],[-86.8084006219414,36.1184634041149],[-86.8084323700785,36.1184924604767],[-86.8083702721349,36.1185371097906],[-86.8083864896511,36.1185517659099],[-86.8083588875036,36.1185715177316],[-86.8083758185998,36.1185869784215],[-86.8083281809759,36.1186213201742],[-86.8083239129267,36.1186244654101],[-86.8082907292759,36.1185935250462],[-86.8082963137891,36.1185895183766],[-86.8082589149268,36.1185551254984]]]},"properties":{"id":"82282","parcel":"117070M04100CO","address":"2029 STOKES LN","owner":"WILLIAMS, DAVID B. & CAROL B.","point":[-86.8083262047657,36.11854435438323]}},{"type":"Feature","id":"82283","geometry":{"type":"Polygon","coordinates":[[[-86.8082520330554,36.118482205602],[-86.8083223517606,36.1184318249825],[-86.808336107055,36.1184443516558],[-86.808361072919,36.1184263236334],[-86.8083889456007,36.118451917115],[-86.8083528051685,36.1184779576244],[-86.8083492440098,36.1184739392388],[-86.8083351223143,36.1184842363914],[-86.8083449977597,36.1184933011018],[-86.8082589149268,36.1185551254984],[-86.8082208036347,36.1185199280306],[-86.8082615486347,36.1184907301587],[-86.8082520330554,36.118482205602]]]},"properties":{"id":"82283","parcel":"117070M04200CO","address":"2027 STOKES LN","owner":"LI, ZHE & CHEN, AMANDA LEIGH","point":[-86.80829829099173,36.11848748320952]}},{"type":"Feature","id":"82284","geometry":{"type":"Polygon","coordinates":[[[-86.8081643364264,36.1184676615784],[-86.8081266000892,36.1184332790315],[-86.8081216779812,36.1184369919439],[-86.8080881546676,36.1184060610097],[-86.8080948276098,36.1184036729706],[-86.8081397449766,36.1183691341269],[-86.8081566759779,36.1183845939471],[-86.8081842792123,36.1183648412621],[-86.8082001590698,36.1183795077805],[-86.8082625945841,36.1183348490799],[-86.8082947046784,36.1183644438222],[-86.8082585654025,36.1183904879014],[-86.8082546571364,36.1183861987504],[-86.8082401934304,36.1183965080979],[-86.8082504225796,36.1184058381269],[-86.8081643364264,36.1184676615784]]]},"properties":{"id":"82284","parcel":"117070M04400CO","address":"2023 STOKES LN","owner":"DOUGLAS, JOSEPH M. & JOAN H.","point":[-86.80817194185767,36.11840009765196]}},{"type":"Feature","id":"82285","geometry":{"type":"Polygon","coordinates":[[[-86.8080563777632,36.1183684858302],[-86.8081424627637,36.1183066606592],[-86.8081526918806,36.1183159897954],[-86.8081671628333,36.118305956202],[-86.8081629370685,36.1183022315754],[-86.8082013610665,36.1182741975061],[-86.8082239427741,36.1182949938016],[-86.8082213215558,36.1182969932851],[-86.8082625945841,36.1183348490799],[-86.8082001590698,36.1183795077805],[-86.8081842792123,36.1183648412621],[-86.8081566759779,36.1183845939471],[-86.8081397449766,36.1183691341269],[-86.8080948276098,36.1184036729706],[-86.8080563777632,36.1183684858302]]]},"properties":{"id":"82285","parcel":"117070M04500CO","address":"2021 STOKES LN","owner":"TELLER, BARRETT M.","point":[-86.80816211769434,36.11834974700232]}},{"type":"Feature","id":"82300","geometry":{"type":"Polygon","coordinates":[[[-86.8081502852343,36.1198062921673],[-86.8081705428819,36.1197767187708],[-86.8081891468406,36.119784291071],[-86.8082973617765,36.1198283389508],[-86.8082763261764,36.1198589657723],[-86.8081673450397,36.1198134214716],[-86.8081502852343,36.1198062921673]]]},"properties":{"id":"82300","parcel":"117070B00400CO","address":"0 HILLSBORO PIKE","owner":"PARKER, LARRY M.","point":[-86.80823211659789,36.11982087984976]}},{"type":"Feature","id":"82301","geometry":{"type":"Polygon","coordinates":[[[-86.8082018566396,36.1196600308844],[-86.8082765352646,36.1195452506369],[-86.8083115412812,36.1195582027176],[-86.8082447085621,36.1196764643412],[-86.8082018566396,36.1196600308844]]]},"properties":{"id":"82301","parcel":"117070B00800CO","address":"0 HILLSBORO PIKE","owner":"TURNER ALSUP SUPPLEMENTAL NEEDS TRUST","point":[-86.80825887499002,36.11960912029663]}},{"type":"Feature","id":"82302","geometry":{"type":"Polygon","coordinates":[[[-86.8080842272555,36.1195465391201],[-86.8081549265951,36.1194400269265],[-86.8081909431076,36.1194538212797],[-86.8081229850365,36.1195619356339],[-86.8080842272555,36.1195465391201]]]},"properties":{"id":"82302","parcel":"117070B01200CO","address":"0 HILLSBORO PIKE","owner":"RABY, DAVID EARL & SHEILA ANNE","point":[-86.80813840074178,36.11950018151815]}},{"type":"Feature","id":"82303","geometry":{"type":"Polygon","coordinates":[[[-86.8080474909755,36.1195294788045],[-86.8081141254812,36.119423268756],[-86.8081322091054,36.1194306958395],[-86.8081549265951,36.1194400269265],[-86.8080842272555,36.1195465391201],[-86.8080544333009,36.1195327030502],[-86.8080474909755,36.1195294788045]]]},"properties":{"id":"82303","parcel":"117070B01300CO","address":"0 HILLSBORO PIKE","owner":"MARBERRY, ROBERT E. & MICKIE R.","point":[-86.80810039528275,36.119484751574646]}},{"type":"Feature","id":"82304","geometry":{"type":"Polygon","coordinates":[[[-86.8080053240759,36.1195119050738],[-86.8080774032611,36.1194081307898],[-86.8081141254812,36.119423268756],[-86.8080474909755,36.1195294788045],[-86.8080325211081,36.1195227113178],[-86.8080053240759,36.1195119050738]]]},"properties":{"id":"82304","parcel":"117070B01400CO","address":"0 HILLSBORO PIKE","owner":"KASKINEN, PELLERVO","point":[-86.80806121349242,36.11946758931264]}},{"type":"Feature","id":"82305","geometry":{"type":"Polygon","coordinates":[[[-86.8082018566396,36.1196600308844],[-86.8082765352646,36.1195452506369],[-86.8083115412812,36.1195582027176],[-86.8083482645888,36.119571690358],[-86.8083526645129,36.119573310218],[-86.8083127077902,36.1196395094669],[-86.8082807175412,36.1196902704347],[-86.8082642425588,36.1196839537891],[-86.8082447085621,36.1196764643412],[-86.8082018566396,36.1196600308844]]]},"properties":{"id":"82305","parcel":"117070B10400CO","address":"3176 HILLSBORO PIKE","owner":"EZELL, MANCIL C.","point":[-86.8082847648414,36.11960633316511]}},{"type":"Feature","id":"82306","geometry":{"type":"Polygon","coordinates":[[[-86.8081576729512,36.1195768150286],[-86.8081976968818,36.1195172091598],[-86.8082367772834,36.1195312326255],[-86.8082765352646,36.1195452506369],[-86.8082018566396,36.1196600308844],[-86.8081698913036,36.1196462346277],[-86.8081256881822,36.1196275759189],[-86.8081576729512,36.1195768150286]]]},"properties":{"id":"82306","parcel":"117070B10500CO","address":"3178 HILLSBORO PIKE","owner":"ONKS, MARY ELIZABETH","point":[-86.80819053224492,36.119602273700814]}},{"type":"Feature","id":"82307","geometry":{"type":"Polygon","coordinates":[[[-86.8080053240759,36.1195119050738],[-86.8080774032611,36.1194081307898],[-86.8081141254812,36.119423268756],[-86.8081322091054,36.1194306958395],[-86.8081549265951,36.1194400269265],[-86.8080842272555,36.1195465391201],[-86.8080544333009,36.1195327030502],[-86.8080474909755,36.1195294788045],[-86.8080325211081,36.1195227113178],[-86.8080053240759,36.1195119050738]]]},"properties":{"id":"82307","parcel":"117070B10700CO","address":"3190 HILLSBORO PIKE","owner":"HUTCHERSON, KIMBERLY K.","point":[-86.80808067961404,36.119475966911615]}},{"type":"Feature","id":"82308","geometry":{"type":"Polygon","coordinates":[[[-86.8081502852343,36.1198062921673],[-86.8081705428819,36.1197767187708],[-86.8081891468406,36.119784291071],[-86.8082973617765,36.1198283389508],[-86.8082763261764,36.1198589657723],[-86.8082495887844,36.1198981307858],[-86.8081402398914,36.1198496372265],[-86.8081251686076,36.1198429533487],[-86.8081502852343,36.1198062921673]]]},"properties":{"id":"82308","parcel":"117070B20200CO","address":"3166 HILLSBORO PIKE","owner":"PARKER, LARRY M.","point":[-86.80821125874881,36.11983564617039]}},{"type":"Feature","id":"82309","geometry":{"type":"Polygon","coordinates":[[[-86.8082018566396,36.1196600308844],[-86.8082765352646,36.1195452506369],[-86.8083115412812,36.1195582027176],[-86.8083482645888,36.119571690358],[-86.8083526645129,36.119573310218],[-86.8083127077902,36.1196395094669],[-86.8082807175412,36.1196902704347],[-86.8082642425588,36.1196839537891],[-86.8082447085621,36.1196764643412],[-86.8082018566396,36.1196600308844]]]},"properties":{"id":"82309","parcel":"117070B20400CO","address":"3180 HILLSBORO PIKE","owner":"MARBERRY, ROBERT & MICKIE","point":[-86.8082847648414,36.11960633316511]}},{"type":"Feature","id":"82347","geometry":{"type":"Polygon","coordinates":[[[-86.800947990151,36.1164448461888],[-86.8009424622616,36.1164338944635],[-86.8009234820601,36.1164318231714],[-86.8009361818445,36.1163482260322],[-86.8010175030572,36.1163542815897],[-86.8010175695412,36.116360872225],[-86.8010075534202,36.1164422533238],[-86.8009777135919,36.1164380559301],[-86.8009642634926,36.1164469354521],[-86.800947990151,36.1164448461888]]]},"properties":{"id":"82347","parcel":"117080B00100CO","address":"100 STOKESWOOD PL","owner":"MOORE, BARBARA JEAN","point":[-86.80097103824798,36.116396348558915]}},{"type":"Feature","id":"82348","geometry":{"type":"Polygon","coordinates":[[[-86.801008045719,36.1162224804952],[-86.8010127522799,36.1161521230858],[-86.8011184693493,36.1161602120833],[-86.8011238863894,36.116160176104],[-86.8011191788157,36.116230533525],[-86.801008045719,36.1162224804952]]]},"properties":{"id":"82348","parcel":"117080B00500CO","address":"104 STOKESWOOD PL","owner":"SALISBURY, ALLISON WOODS & DARREN N","point":[-86.80106596432621,36.11619135079675]}},{"type":"Feature","id":"82349","geometry":{"type":"Polygon","coordinates":[[[-86.8005517184471,36.1163639650371],[-86.8005616884914,36.1162781887301],[-86.8006375903063,36.1162842778088],[-86.8006377010937,36.1162952655061],[-86.8006276181218,36.1163700541368],[-86.8005517184471,36.1163639650371]]]},"properties":{"id":"82349","parcel":"117080B00700CO","address":"103 STOKESWOOD PL","owner":"FUTCH REVOCABLE LIVING TRUST","point":[-86.80059439002034,36.11632961474723]}},{"type":"Feature","id":"82350","geometry":{"type":"Polygon","coordinates":[[[-86.8006276181218,36.1163700541368],[-86.8006377010937,36.1162952655061],[-86.8007163120111,36.1163013365528],[-86.8007090290584,36.1163848977092],[-86.8006277067452,36.1163788437537],[-86.8006276181218,36.1163700541368]]]},"properties":{"id":"82350","parcel":"117080B00800CO","address":"101 STOKESWOOD PL","owner":"KHIMENKO, MAYUMI & ALEXEI","point":[-86.8006727853355,36.11633569671788]}},{"type":"Feature","id":"82356","geometry":{"type":"Polygon","coordinates":[[[-86.8086726899351,36.111932535366],[-86.8087209995896,36.1115566798135],[-86.8090266210994,36.111580727728],[-86.8090265052806,36.111598360322],[-86.8090298561857,36.1116157839974],[-86.8090365881657,36.1116325504889],[-86.8090465291319,36.111648231038],[-86.809059422869,36.11166242539],[-86.8090749402331,36.1116747707319],[-86.8090926858986,36.111684949759],[-86.8088861447207,36.1119486853406],[-86.8086726899351,36.111932535366]]]},"properties":{"id":"82356","parcel":"117110G00300CO","address":"105 OXTON HILL LN","owner":"DULANEY FAMILY TRUST","point":[-86.80884211967634,36.11180867802795]}},{"type":"Feature","id":"82357","geometry":{"type":"Polygon","coordinates":[[[-86.8090004024309,36.1122638379013],[-86.8088346881706,36.1119822706768],[-86.8092866897079,36.1120182479941],[-86.8092494697364,36.1123193066067],[-86.8092369652715,36.1123214165917],[-86.8092242079394,36.1123219293947],[-86.8092115064174,36.1123208339316],[-86.8091991675379,36.1123181560838],[-86.8091874885413,36.1123139614532],[-86.8091767514489,36.1123083481908],[-86.8091672131494,36.1123014551734],[-86.8091591063535,36.1122934466763],[-86.8091526251918,36.1122845160748],[-86.8091370696455,36.1122735598783],[-86.8091195961841,36.1122647093271],[-86.809100634667,36.1122581823512],[-86.809080647695,36.1122541398803],[-86.8090601283336,36.1122526804516],[-86.8090395801214,36.1122538403436],[-86.8090195070373,36.1122575900384],[-86.8090004024309,36.1122638379013]]]},"properties":{"id":"82357","parcel":"117110G00500CO","address":"200 CHANNELKIRK LN","owner":"SOUTHWICK FAMILY REVOCABLE TRUST","point":[-86.80909839719006,36.11213534477886]}},{"type":"Feature","id":"82358","geometry":{"type":"Polygon","coordinates":[[[-86.8086199191403,36.1123358891935],[-86.8086282539448,36.1122735762394],[-86.8086454021861,36.1121453446861],[-86.8086679806486,36.1119691031837],[-86.8088346881706,36.1119822706768],[-86.8090004024309,36.1122638379013],[-86.8089827990298,36.1122722144384],[-86.8089669616516,36.1122826556854],[-86.8089532544046,36.1122949221634],[-86.8089419931888,36.1123087305538],[-86.808933436921,36.1123237645726],[-86.8089277853124,36.1123396749855],[-86.8089251668173,36.1123560959115],[-86.8086199191403,36.1123358891935]]]},"properties":{"id":"82358","parcel":"117110G00600CO","address":"204 CHANNELKIRK LN","owner":"DOWNEY, WILLIAM K. & BETH A.","point":[-86.8088015930295,36.11220455742057]}},{"type":"Feature","id":"82429","geometry":{"type":"Polygon","coordinates":[[[-86.8073770973795,36.1104914892237],[-86.8074003627374,36.1103429208354],[-86.8076637175389,36.1103554329772],[-86.8076403032034,36.110509400207],[-86.8073770973795,36.1104914892237]]]},"properties":{"id":"82429","parcel":"117110S00100CO","address":"1809 GRAYBAR LN","owner":"JAYRAM, GAUTAM & BROOKE","point":[-86.80752056177339,36.110423461434635]}},{"type":"Feature","id":"82535","geometry":{"type":"Polygon","coordinates":[[[-86.8076303108315,36.1199253840208],[-86.8077132467049,36.1198237355062],[-86.8078058291031,36.1198714647894],[-86.8077844069683,36.1198957824347],[-86.8077416062698,36.1199488138746],[-86.8077201840944,36.1199731315081],[-86.8076303108315,36.1199253840208]]]},"properties":{"id":"82535","parcel":"117070J00800CO","address":"2029 LOMBARDY AVE","owner":"WILLIAMS, JAMES R III & JEFFERY LYNN & ET AL","point":[-86.80770742460192,36.119910583358035]}},{"type":"Feature","id":"82536","geometry":{"type":"Polygon","coordinates":[[[-86.8075473512982,36.1200248362089],[-86.8076303108315,36.1199253840208],[-86.8077201840944,36.1199731315081],[-86.8076399338311,36.1200725656171],[-86.8075473512982,36.1200248362089]]]},"properties":{"id":"82536","parcel":"117070J00900CO","address":"2031 LOMBARDY AVE","owner":"COMER, JOE D.","point":[-86.80763411890076,36.11999898445371]}},{"type":"Feature","id":"82539","geometry":{"type":"Polygon","coordinates":[[[-86.8076303108315,36.1199253840208],[-86.8077132467049,36.1198237355062],[-86.8078058291031,36.1198714647894],[-86.8077844069683,36.1198957824347],[-86.8077416062698,36.1199488138746],[-86.8077201840944,36.1199731315081],[-86.8076303108315,36.1199253840208]]]},"properties":{"id":"82539","parcel":"117070J01700CO","address":"2047 LOMBARDY AVE","owner":"ROY, FRANCES B. & BEER, DANA","point":[-86.80770742460192,36.119910583358035]}},{"type":"Feature","id":"82540","geometry":{"type":"Polygon","coordinates":[[[-86.8075473512982,36.1200248362089],[-86.8076303108315,36.1199253840208],[-86.8077201840944,36.1199731315081],[-86.8076399338311,36.1200725656171],[-86.8075473512982,36.1200248362089]]]},"properties":{"id":"82540","parcel":"117070J01800CO","address":"2049 LOMBARDY AVE","owner":"OLATUNJI, FRANCIS & CHRISTIANAH","point":[-86.80763411890076,36.11999898445371]}},{"type":"Feature","id":"82542","geometry":{"type":"Polygon","coordinates":[[[-86.8097644097013,36.1174980117453],[-86.8097944881257,36.1174590753891],[-86.8099114976599,36.1175118584045],[-86.8098800887885,36.1175530010498],[-86.8097644097013,36.1174980117453]]]},"properties":{"id":"82542","parcel":"117070K00300CO","address":"3305 GOLF CLUB LN","owner":"WELLMAN, GERALD PARK, JR & JAMIE SCHMEAL","point":[-86.8098375659809,36.117504934482064]}},{"type":"Feature","id":"82543","geometry":{"type":"Polygon","coordinates":[[[-86.8006592656346,36.1157478971147],[-86.8006665508119,36.1156643368343],[-86.800747869055,36.1156703898857],[-86.8007378305881,36.1157495737971],[-86.8007378749011,36.1157539681556],[-86.8006592656346,36.1157478971147]]]},"properties":{"id":"82543","parcel":"117080B01300CO","address":"3404 RICHARDS ST","owner":"HICKOK, JESSICA","point":[-86.80070279904574,36.11570914223047]}},{"type":"Feature","id":"82546","geometry":{"type":"Polygon","coordinates":[[[-86.8002347449515,36.1163572773074],[-86.800494697544,36.1158127226945],[-86.8005653380918,36.1158342307215],[-86.8005455043762,36.116000458773],[-86.8004929084442,36.1164412743778],[-86.8002347449515,36.1163572773074]],[[-86.8004414351861,36.1161715747076],[-86.8003952369454,36.1161564972946],[-86.8003756585822,36.1161959104986],[-86.8003685238659,36.116193485625],[-86.8003283701472,36.1162742428724],[-86.8003817031687,36.1162917451837],[-86.8003803796608,36.1162947777679],[-86.8004371081708,36.1163133543837],[-86.8004762659762,36.1162345270459],[-86.8004660761999,36.1162312977797],[-86.8004856572979,36.1161921594341],[-86.8004387787193,36.1161768116618],[-86.8004414351861,36.1161715747076]]]},"properties":{"id":"82546","parcel":"117080D00300CO","address":"1611 C STOKES LN","owner":"STOKES RETREAT HOMEOWNERS ASSOCIATION, INC.","point":[-86.80045204952201,36.11607844754329]}},{"type":"Feature","id":"82547","geometry":{"type":"Polygon","coordinates":[[[-86.8011391157146,36.1195603798824],[-86.801437633286,36.1193474167461],[-86.8015531437596,36.119520266686],[-86.8012569569298,36.1196958519907],[-86.8011528135224,36.1195756701746],[-86.8011483693701,36.1195725145631],[-86.8011445511308,36.1195688581881],[-86.8011414440604,36.1195647834013],[-86.8011391157146,36.1195603798824]]]},"properties":{"id":"82547","parcel":"11708000400","address":"2930 PRIMROSE CIR","owner":"AVULA, SIVASUBRAMAN VA","point":[-86.80134323640456,36.119540318665344]}},{"type":"Feature","id":"82565","geometry":{"type":"Polygon","coordinates":[[[-86.8097944881257,36.1174590753891],[-86.8098252262087,36.1174190359324],[-86.8099405630675,36.117473478596],[-86.8099114976599,36.1175118584045],[-86.8097944881257,36.1174590753891]]]},"properties":{"id":"82565","parcel":"117070K00400CO","address":"3307 GOLF CLUB LN","owner":"NASSER, AMAN ABDULSAMAD","point":[-86.80986787626657,36.11746627757134]}},{"type":"Feature","id":"82566","geometry":{"type":"Polygon","coordinates":[[[-86.8098773998377,36.1173890163077],[-86.8098840390546,36.1173428206494],[-86.8100192722622,36.1173564718819],[-86.8100122915497,36.1174023958513],[-86.8098773998377,36.1173890163077]]]},"properties":{"id":"82566","parcel":"117070K00500CO","address":"3309 GOLF CLUB LN","owner":"MCDANIEL, KATHERINE A.","point":[-86.80994826819736,36.117372744008186]}},{"type":"Feature","id":"82567","geometry":{"type":"Polygon","coordinates":[[[-86.8098840390546,36.1173428206494],[-86.8098903534854,36.1172979998244],[-86.8100259304304,36.1173119245336],[-86.8100192722622,36.1173564718819],[-86.8098840390546,36.1173428206494]]]},"properties":{"id":"82567","parcel":"117070K00600CO","address":"3311 GOLF CLUB LN","owner":"PIERCE, LISA G.","point":[-86.80995491801018,36.117327372506686]}},{"type":"Feature","id":"82568","geometry":{"type":"Polygon","coordinates":[[[-86.8099254675493,36.1172551838477],[-86.8099324567102,36.1172100844987],[-86.8100683633495,36.1172234571632],[-86.8100607034281,36.1172691108076],[-86.8099254675493,36.1172551838477]]]},"properties":{"id":"82568","parcel":"117070K00800CO","address":"3315 GOLF CLUB LN","owner":"WRIGHT, TAMI A. & STEVEN M. & STEPHANIE L.","point":[-86.80999681316541,36.11723932036458]}},{"type":"Feature","id":"82571","geometry":{"type":"Polygon","coordinates":[[[-86.8097517067634,36.1169494961682],[-86.8097679300749,36.1168471962097],[-86.8098258902309,36.1168533999639],[-86.809824637093,36.1168632981534],[-86.8098110154086,36.1169551437984],[-86.8097517067634,36.1169494961682]]]},"properties":{"id":"82571","parcel":"117070K01700CO","address":"3333 GOLF CLUB LN","owner":"LYNN, CALLIE K. & MARION & SANDRA","point":[-86.80978839354509,36.1169063975184]}},{"type":"Feature","id":"82574","geometry":{"type":"Polygon","coordinates":[[[-86.7999500679014,36.1187456762281],[-86.8000144108234,36.1186953599508],[-86.8004514929377,36.119061672035],[-86.8003873215604,36.1191101641097],[-86.8003278289381,36.1191547928565],[-86.7998907945181,36.1187928782711],[-86.7999500679014,36.1187456762281]]]},"properties":{"id":"82574","parcel":"11708002000","address":"3017 BRIGHTWOOD AVE","owner":"PILLOW, ARMERA P.","point":[-86.80017210925634,36.11892727709241]}},{"type":"Feature","id":"82594","geometry":{"type":"Polygon","coordinates":[[[-86.8092881736405,36.1169144242967],[-86.8093033806162,36.116811854529],[-86.8093582883548,36.116817530107],[-86.809360545569,36.1168065265216],[-86.8093659682437,36.1168070390158],[-86.809349412959,36.1169101676217],[-86.8093485069329,36.1169208872489],[-86.8092881736405,36.1169144242967]]]},"properties":{"id":"82594","parcel":"117070K02500CO","address":"3349 GOLF CLUB LN","owner":"LEE, PHILIP & KATHERINE MACKENZIE","point":[-86.8093262667232,36.11686380496624]}},{"type":"Feature","id":"82595","geometry":{"type":"Polygon","coordinates":[[[-86.8094130083933,36.1173031273375],[-86.8094427336073,36.1172630947744],[-86.8095408916441,36.1173066962077],[-86.8095590549732,36.1173147840855],[-86.8095350504991,36.1173467496564],[-86.8095289910204,36.1173548189503],[-86.8094130083933,36.1173031273375]]]},"properties":{"id":"82595","parcel":"117070K03300CO","address":"3365 GOLF CLUB LN","owner":"WILSON, MARTHA DELLE","point":[-86.80948981678814,36.11731064450084]}},{"type":"Feature","id":"82824","geometry":{"type":"Polygon","coordinates":[[[-86.8076601565294,36.1105110554071],[-86.8076850280995,36.1103558869169],[-86.8079652026459,36.1103808370441],[-86.8079459383123,36.1104291009763],[-86.8079459112979,36.1104291750625],[-86.8079295229707,36.1104781290356],[-86.8079294982234,36.1104782076132],[-86.8079160033936,36.1105278235714],[-86.8076601565294,36.1105110554071]]]},"properties":{"id":"82824","parcel":"117110S00200CO","address":"1811 GRAYBAR LN","owner":"LEWIS, JAMES D. & KIMBERLY M.","point":[-86.80780357185111,36.11045343693418]}},{"type":"Feature","id":"82828","geometry":{"type":"Polygon","coordinates":[[[-86.8074156116388,36.1107986593683],[-86.8072800768937,36.1107875254776],[-86.8073545934463,36.110199620225],[-86.8080996072094,36.1102505130789],[-86.8080465388855,36.1104353047158],[-86.8080223754653,36.1105198394115],[-86.8080012029968,36.1106049011421],[-86.8079830396643,36.1106904203886],[-86.8079679003018,36.1107763258515],[-86.8079672504138,36.1107865769031],[-86.8079644610552,36.1107965899276],[-86.8079596169964,36.110806072341],[-86.8079528553829,36.1108147483327],[-86.8079443758046,36.1108223660083],[-86.8079344225809,36.1108287029164],[-86.8079232881837,36.1108335750378],[-86.8079112932829,36.1108368405253],[-86.8078987912343,36.1108384041795],[-86.807886142562,36.1108382203235],[-86.8078737160875,36.1108362945985],[-86.8074156116388,36.1107986593683]],[[-86.8079652026459,36.1103808370441],[-86.8076850280995,36.1103558869169],[-86.8076601565294,36.1105110554071],[-86.8079160033936,36.1105278235714],[-86.8079294982234,36.1104782076132],[-86.8079295229707,36.1104781290356],[-86.8079459112979,36.1104291750625],[-86.8079459383123,36.1104291009763],[-86.8079652026459,36.1103808370441]],[[-86.8073770973795,36.1104914892237],[-86.8076403032034,36.110509400207],[-86.8076637175389,36.1103554329772],[-86.8074003627374,36.1103429208354],[-86.8073770973795,36.1104914892237]]]},"properties":{"id":"82828","parcel":"117110S90000CO","address":"1811 B GRAYBAR LN","owner":"O.I.C. GRAYBAR ESTATES","point":[-86.80751948871703,36.11051493103318]}},{"type":"Feature","id":"83059","geometry":{"type":"Polygon","coordinates":[[[-86.8099245158928,36.1185891893392],[-86.8099320583448,36.1185319991929],[-86.8099998377903,36.1185381369352],[-86.8099922729732,36.1185931299097],[-86.8099245158928,36.1185891893392]]]},"properties":{"id":"83059","parcel":"117070A16200CO","address":"2120 GOLF CLUB LN","owner":"MATTHEWS, ERNEST C IV & BERGMAN - MATTHEWS, ANNA LISA","point":[-86.80996210426173,36.118563663028056]}},{"type":"Feature","id":"83065","geometry":{"type":"Polygon","coordinates":[[[-86.8098540272534,36.1185830697441],[-86.8098615697464,36.118525878701],[-86.8099320583448,36.1185319991929],[-86.8099245158928,36.1185891893392],[-86.8098540272534,36.1185830697441]]]},"properties":{"id":"83065","parcel":"117070A16400CO","address":"2122 GOLF CLUB LN","owner":"KECK, DANIEL S & DANA M","point":[-86.809893042783,36.118557534474895]}},{"type":"Feature","id":"83071","geometry":{"type":"Polygon","coordinates":[[[-86.807821567573,36.1188929023643],[-86.8081206882565,36.1176755799058],[-86.8083820399851,36.1178056898563],[-86.808288743467,36.1182194809613],[-86.8091197804873,36.1189655200998],[-86.8087751284674,36.1194337421144],[-86.8087654461306,36.1194431073646],[-86.808753956007,36.1194510129412],[-86.8087409868227,36.1194572322205],[-86.8087269088987,36.1194615869692],[-86.8087121286428,36.1194639518878],[-86.8086970663799,36.1194642592656],[-86.8086821586009,36.1194625016699],[-86.8086678279255,36.1194587276405],[-86.8086544887019,36.1194530461587],[-86.8086425224964,36.1194456196015],[-86.808550184498,36.1193671294601],[-86.8084546909314,36.1192911659619],[-86.8083561470442,36.1192178104109],[-86.8082546614426,36.1191471467924],[-86.8081503437593,36.1190792509738],[-86.8080433102815,36.1190141978764],[-86.8079336783686,36.1189520588095],[-86.807821567573,36.1188929023643]],[[-86.8083791471929,36.1191408859603],[-86.8084149401151,36.119104251404],[-86.8084497831226,36.1190690246971],[-86.8084553774052,36.1190724120742],[-86.8084866465938,36.1190403304494],[-86.8084813943014,36.1190369281636],[-86.8085168817206,36.1190008463065],[-86.8085523464707,36.1189645050212],[-86.8085112652353,36.1189356031829],[-86.8085190335111,36.1189281975512],[-86.8085277278705,36.1189191201419],[-86.808570438525,36.1189465852237],[-86.808606244619,36.118909952322],[-86.8086413928274,36.1188741692222],[-86.808647355796,36.1188780912831],[-86.808679296166,36.1188462655767],[-86.8086747506021,36.1188431037098],[-86.8087095816942,36.1188076021127],[-86.8087453893043,36.118771239542],[-86.8087030195331,36.118743756914],[-86.8087117299617,36.1187349524715],[-86.8086375134389,36.1186870692073],[-86.8086246096327,36.1187001332766],[-86.8085980118241,36.1186831367468],[-86.8085722054166,36.1187092756828],[-86.8086100235555,36.1187338786292],[-86.8086138910642,36.11872990779],[-86.8086282408161,36.1187390587477],[-86.8086185593538,36.1187487214054],[-86.8086092088063,36.1187583728311],[-86.8085899455042,36.1187458119114],[-86.8085934764795,36.1187418460326],[-86.8085581220634,36.11871908501],[-86.8085284386587,36.1187502295092],[-86.808500269718,36.1187822867625],[-86.808470270968,36.1188126852961],[-86.8085077237387,36.1188367508549],[-86.808511266453,36.1188330642975],[-86.8085259676819,36.118842476987],[-86.8085166193794,36.1188521328965],[-86.8085069228634,36.1188615198533],[-86.8084925720109,36.1188523706914],[-86.8084964427901,36.1188483926239],[-86.8084586385106,36.1188240617368],[-86.8084325043779,36.11885075262],[-86.8084587769446,36.1188677702926],[-86.8084458575104,36.118880832644],[-86.8084326277805,36.1188941863851],[-86.8084063558088,36.1188769001209],[-86.8083805598307,36.1189033120323],[-86.8084180115337,36.1189273803296],[-86.8084218940325,36.118923679781],[-86.8084362426865,36.1189328307685],[-86.8084277337604,36.1189415743552],[-86.8084305326443,36.1189434942545],[-86.8084345594879,36.1189398963855],[-86.8084485386712,36.118949417571],[-86.8084438820904,36.1189538993125],[-86.8084265695573,36.1189427709491],[-86.8084172256189,36.1189524214136],[-86.8084025221427,36.1189430069236],[-86.8084067294391,36.1189390211962],[-86.8083689123304,36.1189144136737],[-86.8083385970358,36.1189453721879],[-86.8082995734395,36.1189851350921],[-86.8082967526735,36.1189830296723],[-86.8082754770253,36.1190048940425],[-86.8083111851978,36.1190279186543],[-86.8083150515974,36.1190239451287],[-86.8083346514506,36.1190365002311],[-86.8083249654916,36.1190461646968],[-86.8083152839367,36.1190558255269],[-86.8083009319512,36.1190466754488],[-86.8083048016662,36.1190427000988],[-86.8082669973346,36.1190183673504],[-86.8082412001534,36.1190447792385],[-86.8082698952913,36.1190630857753],[-86.8082542017574,36.1190745957591],[-86.8083284194945,36.1191224765434],[-86.8083367890999,36.1191136843275],[-86.8083791471929,36.1191408859603]],[[-86.8084033175658,36.1186900963944],[-86.8084437366713,36.1186611827478],[-86.8084529147022,36.1186697176631],[-86.8085242250957,36.1186187588688],[-86.8085104591673,36.1186059573973],[-86.8085357553906,36.1185876441225],[-86.808508581182,36.1185625813551],[-86.8084721042686,36.1185886331677],[-86.8084763300906,36.1185923604869],[-86.8084625354526,36.1186023769657],[-86.8084523073456,36.1185930451452],[-86.8084424168678,36.1185837065546],[-86.8084565663705,36.1185739580843],[-86.8084601125587,36.1185777052811],[-86.8084992140232,36.1185496539603],[-86.8084743485321,36.1185308459309],[-86.8084323700785,36.1184924604767],[-86.8084006219414,36.1184634041149],[-86.8083651483716,36.1184891526496],[-86.8083690237986,36.1184926155413],[-86.8083548787519,36.1185023648729],[-86.8083449977597,36.1184933011018],[-86.8083351223143,36.1184842363914],[-86.8083492440098,36.1184739392388],[-86.8083528051685,36.1184779576244],[-86.8083889456007,36.118451917115],[-86.808361072919,36.1184263236334],[-86.808336107055,36.1184443516558],[-86.8083223517606,36.1184318249825],[-86.8083082588721,36.1184193077802],[-86.8083338904687,36.1184009859904],[-86.8083063821124,36.1183759317252],[-86.8082705698695,36.1184016924164],[-86.8082747956539,36.1184054179404],[-86.8082606494912,36.1184151663675],[-86.8082504225796,36.1184058381269],[-86.8082401934304,36.1183965080979],[-86.8082546571364,36.1183861987504],[-86.8082585654025,36.1183904879014],[-86.8082947046784,36.1183644438222],[-86.8082625945841,36.1183348490799],[-86.8082213215558,36.1182969932851],[-86.8082239427741,36.1182949938016],[-86.8082013610665,36.1182741975061],[-86.8081629370685,36.1183022315754],[-86.8081671628333,36.118305956202],[-86.8081526918806,36.1183159897954],[-86.8081424627637,36.1183066606592],[-86.8081325734687,36.118297322035],[-86.8081466823353,36.1182867473966],[-86.8081502563249,36.1182910460011],[-86.8081863944985,36.1182650037635],[-86.8081588862268,36.1182399485627],[-86.8081339075903,36.1182577026399],[-86.8081201534709,36.1182451759355],[-86.8080495194513,36.1182961146433],[-86.8080586846036,36.1183043747841],[-86.8080182783244,36.1183335622084],[-86.8080563777632,36.1183684858302],[-86.8080948276098,36.1184036729706],[-86.8080881546676,36.1184060610097],[-86.8081216779812,36.1184369919439],[-86.8081266000892,36.1184332790315],[-86.8081643364264,36.1184676615784],[-86.8082020972841,36.1185025946327],[-86.8082425035726,36.1184734062467],[-86.8082520330554,36.118482205602],[-86.8082615486347,36.1184907301587],[-86.8082208036347,36.1185199280306],[-86.8082589149268,36.1185551254984],[-86.8082963137891,36.1185895183766],[-86.8082907292759,36.1185935250462],[-86.8083239129267,36.1186244654101],[-86.8083281809759,36.1186213201742],[-86.8083655682242,36.1186554391189],[-86.8084033175658,36.1186900963944]],[[-86.8087981391043,36.1188853396833],[-86.8087636905906,36.118921211871],[-86.808758511559,36.1189180227097],[-86.8087280199111,36.1189505200926],[-86.8087331989436,36.1189537092551],[-86.808698764902,36.1189901356148],[-86.8086643308104,36.1190265601618],[-86.8086588046557,36.1190231002349],[-86.8086283045644,36.1190553218555],[-86.8086334836365,36.1190585146271],[-86.8086003521043,36.1190932630506],[-86.8086086371589,36.1190983150765],[-86.8085827234963,36.1191254975135],[-86.808574428986,36.1191201715595],[-86.8085399869505,36.1191565907147],[-86.8085344697243,36.1191531352288],[-86.8085036369236,36.1191856384437],[-86.8085084711279,36.1191885631476],[-86.8084747048801,36.1192246992571],[-86.8085662094578,36.1192813677937],[-86.8085750559545,36.1192718459314],[-86.8085902588464,36.1192814246908],[-86.8085866540678,36.1192853450981],[-86.8086256748686,36.1193095551284],[-86.8086548512607,36.1192784572714],[-86.8087139009637,36.1192165272472],[-86.8086817780067,36.11919629883],[-86.8086778428497,36.1192005008525],[-86.8086553900066,36.1191863958003],[-86.8086645807483,36.1191768644129],[-86.8086996701793,36.1191398820867],[-86.8087221252019,36.1191539835112],[-86.8087175314884,36.1191587478441],[-86.8087496577808,36.1191789771309],[-86.8088086923083,36.1191167713672],[-86.8088378813548,36.1190859482696],[-86.8087995453212,36.1190619995936],[-86.8087959416828,36.1190659209011],[-86.8087807493551,36.1190566142837],[-86.8087899306023,36.1190468080589],[-86.8087991063485,36.1190370072779],[-86.8088143030902,36.1190463111596],[-86.8088106972226,36.1190502315813],[-86.8088490321615,36.1190741820638],[-86.8088785504606,36.1190430782518],[-86.8089162588257,36.1190030148396],[-86.8089393391644,36.1189827605601],[-86.8089034244112,36.1189604098748],[-86.8088998113085,36.1189640554567],[-86.8088797786609,36.1189515502144],[-86.8088889693486,36.1189420188094],[-86.8088981439689,36.1189322189294],[-86.8089143797415,36.1189423251823],[-86.8089107666403,36.1189459707645],[-86.8089480636205,36.118969117924],[-86.8089733163376,36.1189424986341],[-86.8089463880715,36.1189260100167],[-86.8089588497841,36.1189128407247],[-86.8088811834394,36.1188657973088],[-86.8088753866647,36.1188752464695],[-86.8088325669503,36.118848641148],[-86.8087981391043,36.1188853396833]]]},"properties":{"id":"83071","parcel":"117070M04700CO","address":"2001 STOKES LN","owner":"O.I.C. FAIRSTED PARK CONDOMINIUMS","point":[-86.80808720452704,36.118567637019034]}},{"type":"Feature","id":"83100","geometry":{"type":"Polygon","coordinates":[[[-86.807676301012,36.1146110575831],[-86.8076986420976,36.1144429772968],[-86.8083760907502,36.114493807359],[-86.8083659951402,36.1145663985757],[-86.8083425695432,36.1147594031315],[-86.8076628569194,36.1147116145383],[-86.8076741700909,36.1146259763715],[-86.807676301012,36.1146110575831]]]},"properties":{"id":"83100","parcel":"11707019900","address":"3433 BENHAM AVE","owner":"STALER, JOSEPH R. & JOANNE","point":[-86.80802128011912,36.11458872878746]}},{"type":"Feature","id":"83106","geometry":{"type":"Polygon","coordinates":[[[-86.8050548239574,36.1198693995173],[-86.8052591462139,36.1194206114441],[-86.8055723558205,36.1195223612723],[-86.8055720265007,36.1195231872432],[-86.8053696597446,36.1199673752645],[-86.8053683251994,36.1199698545881],[-86.805101106769,36.1198845178488],[-86.8050547924483,36.1198694691263],[-86.8050548239574,36.1198693995173]]]},"properties":{"id":"83106","parcel":"11707020500","address":"1912 LOMBARDY AVE","owner":"REAGAN, COLBEY B. & SIBYL B.","point":[-86.80531339838589,36.11969629361907]}},{"type":"Feature","id":"83120","geometry":{"type":"Polygon","coordinates":[[[-86.8081251686076,36.1198429533487],[-86.8081502852343,36.1198062921673],[-86.8081673450397,36.1198134214716],[-86.8082763261764,36.1198589657723],[-86.8082495887844,36.1198981307858],[-86.8081402398914,36.1198496372265],[-86.8081251686076,36.1198429533487]]]},"properties":{"id":"83120","parcel":"117070B00300CO","address":"0 HILLSBORO PIKE","owner":"CARR, LORRAINE","point":[-86.80820796648845,36.11985430101195]}},{"type":"Feature","id":"83123","geometry":{"type":"Polygon","coordinates":[[[-86.8081705428819,36.1197767187708],[-86.8081952079241,36.1197383679973],[-86.8082167747144,36.1197473769133],[-86.8083227211308,36.1197916319436],[-86.8082973617765,36.1198283389508],[-86.8081891468406,36.119784291071],[-86.8081705428819,36.1197767187708]]]},"properties":{"id":"83123","parcel":"117070B00500CO","address":"0 HILLSBORO PIKE","owner":"HUTCHERSON, KIMBERLY K.","point":[-86.80823818752255,36.11978059832436]}},{"type":"Feature","id":"83126","geometry":{"type":"Polygon","coordinates":[[[-86.8081952079241,36.1197383679973],[-86.8082158723422,36.1197060889223],[-86.8082403859036,36.1197158297588],[-86.8083464183935,36.1197579580674],[-86.8083227211308,36.1197916319436],[-86.8082167747144,36.1197473769133],[-86.8081952079241,36.1197383679973]]]},"properties":{"id":"83126","parcel":"117070B00600CO","address":"0 HILLSBORO PIKE","owner":"HUGHES, LAURIE","point":[-86.80828127530768,36.11975266699378]}},{"type":"Feature","id":"83129","geometry":{"type":"Polygon","coordinates":[[[-86.8082447085621,36.1196764643412],[-86.8083115412812,36.1195582027176],[-86.8083482645888,36.119571690358],[-86.8083526645129,36.119573310218],[-86.8083127077902,36.1196395094669],[-86.8082807175412,36.1196902704347],[-86.8082642425588,36.1196839537891],[-86.8082447085621,36.1196764643412]]]},"properties":{"id":"83129","parcel":"117070B00700CO","address":"0 HILLSBORO PIKE","owner":"MARBERRY, ROBERT & MICKIE","point":[-86.8083085140415,36.119606371168715]}},{"type":"Feature","id":"83132","geometry":{"type":"Polygon","coordinates":[[[-86.80974179957,36.1115621927625],[-86.8096550457244,36.1115539849512],[-86.8096469211968,36.111554039491],[-86.8096543959562,36.1114902559181],[-86.8096625204773,36.1114902013777],[-86.8097492742632,36.1114984100851],[-86.80974179957,36.1115621927625]]]},"properties":{"id":"83132","parcel":"117110D00400CO","address":"2008 GRAYBAR LN","owner":"MIZELL, ANDREW HOOPER IV","point":[-86.80969810167416,36.111526191081474]}},{"type":"Feature","id":"83134","geometry":{"type":"Polygon","coordinates":[[[-86.8081502852343,36.1198062921673],[-86.8081705428819,36.1197767187708],[-86.8081891468406,36.119784291071],[-86.8082973617765,36.1198283389508],[-86.8082763261764,36.1198589657723],[-86.8082495887844,36.1198981307858],[-86.8081402398914,36.1198496372265],[-86.8081251686076,36.1198429533487],[-86.8081502852343,36.1198062921673]]]},"properties":{"id":"83134","parcel":"117070B10200CO","address":"3160 HILLSBORO PIKE","owner":"ATWILL PROPERTIES, LLC","point":[-86.80821125874881,36.11983564617039]}},{"type":"Feature","id":"83135","geometry":{"type":"Polygon","coordinates":[[[-86.8096475709503,36.111617767622],[-86.8096550457244,36.1115539849512],[-86.80974179957,36.1115621927625],[-86.809752629683,36.1115621200516],[-86.8097424718134,36.111628118974],[-86.8097343472783,36.1116281735197],[-86.8096475709503,36.111617767622]]]},"properties":{"id":"83135","parcel":"117110D00500CO","address":"2010 GRAYBAR LN","owner":"EASLEY, SARAH M.","point":[-86.80969958209323,36.11158998797959]}},{"type":"Feature","id":"83137","geometry":{"type":"Polygon","coordinates":[[[-86.8081952079241,36.1197383679973],[-86.8082158723422,36.1197060889223],[-86.8082403859036,36.1197158297588],[-86.8083464183935,36.1197579580674],[-86.8083227211308,36.1197916319436],[-86.8082973617765,36.1198283389508],[-86.8081891468406,36.119784291071],[-86.8081705428819,36.1197767187708],[-86.8081952079241,36.1197383679973]]]},"properties":{"id":"83137","parcel":"117070B20300CO","address":"3168 HILLSBORO PIKE","owner":"MALIAKKAL, BENEDICT & MEERA TRUST","point":[-86.80825819283918,36.11976733799077]}},{"type":"Feature","id":"83138","geometry":{"type":"Polygon","coordinates":[[[-86.8097268501385,36.1116897572118],[-86.8096400961735,36.1116815511924],[-86.8096319716328,36.1116816057313],[-86.8096394464162,36.1116178221613],[-86.8096475709503,36.111617767622],[-86.8097343472783,36.1116281735197],[-86.8097268501385,36.1116897572118]]]},"properties":{"id":"83138","parcel":"117110D00600CO","address":"2012 GRAYBAR LN","owner":"HALTOM, MARY BETH","point":[-86.80968310255388,36.111654855822195]}},{"type":"Feature","id":"83141","geometry":{"type":"Polygon","coordinates":[[[-86.8095501910967,36.112161251954],[-86.8095601721917,36.1120776729009],[-86.8096414852183,36.1120837199768],[-86.8096415524329,36.1120903124169],[-86.8096287975014,36.1121673181072],[-86.8095501910967,36.112161251954]]]},"properties":{"id":"83141","parcel":"117110D01100CO","address":"2022 GRAYBAR LN","owner":"HEARD, DEBRA RUTLEDGE","point":[-86.80959505084037,36.11212578088965]}},{"type":"Feature","id":"83186","geometry":{"type":"Polygon","coordinates":[[[-86.8098720300273,36.1190202889134],[-86.8099177355423,36.1187210960827],[-86.810118387656,36.118741725491],[-86.8100726615804,36.119038721213],[-86.8098720300273,36.1190202889134]]]},"properties":{"id":"83186","parcel":"117070A16000CO","address":"2126 GOLF CLUB LN","owner":"ORTALE, VICTOR SEVERN","point":[-86.80999512528305,36.11888100713493]}},{"type":"Feature","id":"83189","geometry":{"type":"Polygon","coordinates":[[[-86.8095307589876,36.1188234144248],[-86.8096596431929,36.118645909747],[-86.8099253452554,36.1186704983677],[-86.8099177355423,36.1187210960827],[-86.8098720300273,36.1190202889134],[-86.8094192167129,36.1189749799447],[-86.8095307589876,36.1188234144248]]]},"properties":{"id":"83189","parcel":"117070A16100CO","address":"2124 GOLF CLUB LN","owner":"HICKMAN, LAURA & ANDREW M.","point":[-86.80968270772622,36.11889952736693]}},{"type":"Feature","id":"83198","geometry":{"type":"Polygon","coordinates":[[[-86.8083758185998,36.1185869784215],[-86.8083588875036,36.1185715177316],[-86.8083864896511,36.1185517659099],[-86.8083702721349,36.1185371097906],[-86.8084323700785,36.1184924604767],[-86.8084743485321,36.1185308459309],[-86.8084992140232,36.1185496539603],[-86.8084601125587,36.1185777052811],[-86.8084565663705,36.1185739580843],[-86.8084424168678,36.1185837065546],[-86.8084523073456,36.1185930451452],[-86.8083655682242,36.1186554391189],[-86.8083281809759,36.1186213201742],[-86.8083758185998,36.1185869784215]]]},"properties":{"id":"83198","parcel":"117070M04000CO","address":"2031 STOKES LN","owner":"MONTAGNA, MARK K.","point":[-86.80840865143395,36.118575752229326]}},{"type":"Feature","id":"83247","geometry":{"type":"Polygon","coordinates":[[[-86.8080798166185,36.1199113850839],[-86.8081031584646,36.119876066095],[-86.8081161551756,36.1198818175282],[-86.8082272527428,36.1199309807615],[-86.8082022599304,36.1199655095963],[-86.8080904867831,36.119916113829],[-86.8080798166185,36.1199113850839]]]},"properties":{"id":"83247","parcel":"117070B00100CO","address":"0 HILLSBORO PIKE","owner":"ATWILL PROPERTIES, LLC","point":[-86.80815888096723,36.11992354733271]}},{"type":"Feature","id":"83250","geometry":{"type":"Polygon","coordinates":[[[-86.8081031584646,36.119876066095],[-86.8081251686076,36.1198429533487],[-86.8081402398914,36.1198496372265],[-86.8082495887844,36.1198981307858],[-86.8082272527428,36.1199309807615],[-86.8081161551756,36.1198818175282],[-86.8081031584646,36.119876066095]]]},"properties":{"id":"83250","parcel":"117070B00200CO","address":"0 HILLSBORO PIKE","owner":"EZELL, MANCIL C.","point":[-86.80818289165144,36.11988997420708]}},{"type":"Feature","id":"83253","geometry":{"type":"Polygon","coordinates":[[[-86.8081698913036,36.1196462346277],[-86.8082367772834,36.1195312326255],[-86.8082765352646,36.1195452506369],[-86.8082018566396,36.1196600308844],[-86.8081698913036,36.1196462346277]]]},"properties":{"id":"83253","parcel":"117070B00900CO","address":"0 HILLSBORO PIKE","owner":"MELKOMIAN, CYNTHIA","point":[-86.80822147143303,36.11959573985604]}},{"type":"Feature","id":"83256","geometry":{"type":"Polygon","coordinates":[[[-86.8081576729512,36.1195768150286],[-86.8081976968818,36.1195172091598],[-86.8082367772834,36.1195312326255],[-86.8081698913036,36.1196462346277],[-86.8081256881822,36.1196275759189],[-86.8081576729512,36.1195768150286]]]},"properties":{"id":"83256","parcel":"117070B01000CO","address":"0 HILLSBORO PIKE","owner":"ONKS, MARY ELIZABETH","point":[-86.8081685676521,36.11960223853149]}},{"type":"Feature","id":"83258","geometry":{"type":"Polygon","coordinates":[[[-86.8081229850365,36.1195619356339],[-86.8081909431076,36.1194538212797],[-86.8082297072574,36.1194686454025],[-86.8081976968818,36.1195172091598],[-86.8081576729512,36.1195768150286],[-86.8081386235941,36.1195681515512],[-86.8081229850365,36.1195619356339]]]},"properties":{"id":"83258","parcel":"117070B01100CO","address":"0 HILLSBORO PIKE","owner":"TAHILIANI FAMILY REVOCABLE LIVING TRUST","point":[-86.80819005585684,36.119492889424826]}},{"type":"Feature","id":"83261","geometry":{"type":"Polygon","coordinates":[[[-86.8081031584646,36.119876066095],[-86.8081251686076,36.1198429533487],[-86.8081402398914,36.1198496372265],[-86.8082495887844,36.1198981307858],[-86.8082272527428,36.1199309807615],[-86.8082022599304,36.1199655095963],[-86.8080904867831,36.119916113829],[-86.8080798166185,36.1199113850839],[-86.8081031584646,36.119876066095]]]},"properties":{"id":"83261","parcel":"117070B10100CO","address":"3158 HILLSBORO PIKE","owner":"WONG, ERIK & MALESA, ELIZABETH","point":[-86.80816463840618,36.119904757861974]}},{"type":"Feature","id":"83265","geometry":{"type":"Polygon","coordinates":[[[-86.8080842272555,36.1195465391201],[-86.8081549265951,36.1194400269265],[-86.8081909431076,36.1194538212797],[-86.8082297072574,36.1194686454025],[-86.8081976968818,36.1195172091598],[-86.8081576729512,36.1195768150286],[-86.8081386235941,36.1195681515512],[-86.8081229850365,36.1195619356339],[-86.8080842272555,36.1195465391201]]]},"properties":{"id":"83265","parcel":"117070B10600CO","address":"3188 HILLSBORO PIKE","owner":"MELKOMIAN, CYNTHIA","point":[-86.80816680742181,36.11949285219966]}},{"type":"Feature","id":"83268","geometry":{"type":"Polygon","coordinates":[[[-86.8081031584646,36.119876066095],[-86.8081251686076,36.1198429533487],[-86.8081402398914,36.1198496372265],[-86.8082495887844,36.1198981307858],[-86.8082272527428,36.1199309807615],[-86.8082022599304,36.1199655095963],[-86.8080904867831,36.119916113829],[-86.8080798166185,36.1199113850839],[-86.8081031584646,36.119876066095]]]},"properties":{"id":"83268","parcel":"117070B20100CO","address":"3164 HILLSBORO PIKE","owner":"XU, MIN","point":[-86.80816463840618,36.119904757861974]}},{"type":"Feature","id":"83330","geometry":{"type":"Polygon","coordinates":[[[-86.8097258547578,36.1107953043731],[-86.8097284953169,36.1107886937517],[-86.8098477696611,36.1107988813779],[-86.809840071016,36.1108406895662],[-86.8097207966007,36.1108305010313],[-86.8097207293807,36.1108239085891],[-86.8097258547578,36.1107953043731]]]},"properties":{"id":"83330","parcel":"117110A01100CO","address":"2097 GRAYBAR LN A-1","owner":"SMITH, JENITA A.","point":[-86.80978421825877,36.11081139495072]}},{"type":"Feature","id":"83333","geometry":{"type":"Polygon","coordinates":[[[-86.8097461982522,36.1106655036446],[-86.809748839916,36.1106588930151],[-86.8098680905495,36.1106668834487],[-86.8098604120864,36.1107108861312],[-86.8097411401216,36.1107007012061],[-86.8097410728907,36.1106941078624],[-86.8097461982522,36.1106655036446]]]},"properties":{"id":"83333","parcel":"117110A01400CO","address":"2097 GRAYBAR LN A-4","owner":"HK8, INC","point":[-86.80980461380553,36.11068049572336]}},{"type":"Feature","id":"83337","geometry":{"type":"Polygon","coordinates":[[[-86.8097615519006,36.110577492907],[-86.8097614846774,36.1105709004645],[-86.8098807575881,36.1105810880661],[-86.8098730813892,36.1106250934392],[-86.8097538073027,36.1106149058376],[-86.8097564265504,36.1106060971261],[-86.8097615519006,36.110577492907]]]},"properties":{"id":"83337","parcel":"117110A01600CO","address":"2097 GRAYBAR LN A-6","owner":"GRACE & PATIENCE, LLC","point":[-86.80981862194669,36.110593592659676]}},{"type":"Feature","id":"83361","geometry":{"type":"Polygon","coordinates":[[[-86.8091268434737,36.1163331175348],[-86.8091420858296,36.1162341193198],[-86.8092044249308,36.116238096667],[-86.8092044697217,36.1162424919231],[-86.8091919130204,36.1163392748014],[-86.8091268434737,36.1163331175348]]]},"properties":{"id":"83361","parcel":"117070D00100CO","address":"138 MATTHEW LN","owner":"DUNN, ELSA M.","point":[-86.8091662059544,36.1162878056105]}},{"type":"Feature","id":"83365","geometry":{"type":"Polygon","coordinates":[[[-86.8093494039359,36.1163777763348],[-86.809364378344,36.1162524074507],[-86.8094538452681,36.1162605981896],[-86.8094388485931,36.116383769006],[-86.8094389157945,36.1163903614391],[-86.809349448735,36.1163821715906],[-86.8093494039359,36.1163777763348]]]},"properties":{"id":"83365","parcel":"117070D00500CO","address":"128 MATTHEW LN","owner":"KLAPPERICH, MARY","point":[-86.80940155679926,36.11631918716605]}},{"type":"Feature","id":"83368","geometry":{"type":"Polygon","coordinates":[[[-86.8093494039359,36.1163777763348],[-86.809364378344,36.1162524074507],[-86.8094538452681,36.1162605981896],[-86.8094388485931,36.116383769006],[-86.8094389157945,36.1163903614391],[-86.809349448735,36.1163821715906],[-86.8093494039359,36.1163777763348]]]},"properties":{"id":"83368","parcel":"117070D00600CO","address":"130 MATTHEW LN","owner":"MILLER, SHEILA H. & ALAN R., TRS.","point":[-86.80940155679926,36.11631918716605]}},{"type":"Feature","id":"83371","geometry":{"type":"Polygon","coordinates":[[[-86.809528115148,36.1163721814816],[-86.8095378951578,36.1162688243183],[-86.8096083850506,36.1162749440794],[-86.8095958255043,36.1163717270212],[-86.8095958927187,36.1163783194543],[-86.809528115148,36.1163721814816]]]},"properties":{"id":"83371","parcel":"117070D00900CO","address":"122 MATTHEW LN #9","owner":"BEACHWALKER, 2022, LLC","point":[-86.80956742641713,36.11632328043224]}},{"type":"Feature","id":"83374","geometry":{"type":"Polygon","coordinates":[[[-86.8037180852672,36.1182715851271],[-86.8039475832672,36.1177799890008],[-86.8042620635058,36.1178818734491],[-86.8040321529282,36.1183743588824],[-86.8040208604991,36.1183706631912],[-86.8039412897328,36.1183446255708],[-86.8037180852672,36.1182715851271]]]},"properties":{"id":"83374","parcel":"11707006000","address":"1712 STOKES LN","owner":"DEDIDIKER, NICHOLAS A & RICHARDSON, MARY C","point":[-86.80399007518696,36.118076729602315]}},{"type":"Feature","id":"83376","geometry":{"type":"Polygon","coordinates":[[[-86.8030899545964,36.1180660342394],[-86.8033367368537,36.1175374211941],[-86.8034019970758,36.1175588606531],[-86.8036510957648,36.1176395649033],[-86.8034040195207,36.1181688096429],[-86.8033882813203,36.118163659994],[-86.8033125237417,36.1181388682713],[-86.8031099457783,36.1180725760304],[-86.8030899545964,36.1180660342394]]]},"properties":{"id":"83376","parcel":"11707006200","address":"1708 STOKES LN","owner":"MORRIS, PAUL III & ROBERTSON, MARSHA B.","point":[-86.8033705257045,36.11785279990565]}},{"type":"Feature","id":"83463","geometry":{"type":"Polygon","coordinates":[[[-86.8097593872636,36.1167398413831],[-86.8097746065022,36.1166386459212],[-86.8098423843195,36.1166447837549],[-86.8098271203496,36.1167415848712],[-86.8098271651661,36.1167459792252],[-86.8097593872636,36.1167398413831]]]},"properties":{"id":"83463","parcel":"117070D02700CO","address":"113 MATTHEW LN","owner":"BARNARD, DORIS","point":[-86.80980071241379,36.116692312301154]}},{"type":"Feature","id":"83466","geometry":{"type":"Polygon","coordinates":[[[-86.8094330532512,36.1166123660119],[-86.8094356503532,36.1166013619461],[-86.8095305347447,36.1166095162747],[-86.8095181576078,36.1167238792983],[-86.8094205639885,36.1167157431399],[-86.8094330532512,36.1166123660119]]]},"properties":{"id":"83466","parcel":"117070D03200CO","address":"123 MATTHEW LN","owner":"HAHN, DUSTIN","point":[-86.8094757120184,36.116664132357904]}},{"type":"Feature","id":"83469","geometry":{"type":"Polygon","coordinates":[[[-86.8094330532512,36.1166123660119],[-86.8094356503532,36.1166013619461],[-86.8095305347447,36.1166095162747],[-86.8095181576078,36.1167238792983],[-86.8094205639885,36.1167157431399],[-86.8094330532512,36.1166123660119]]]},"properties":{"id":"83469","parcel":"117070D03300CO","address":"125 MATTHEW LN","owner":"CHESHIRE, JAMES R. & LORETTA F., CO-TRS.","point":[-86.8094757120184,36.116664132357904]}},{"type":"Feature","id":"83472","geometry":{"type":"Polygon","coordinates":[[[-86.8049790964056,36.1169734430738],[-86.8043354324031,36.1169185705474],[-86.8043374145596,36.1169021666088],[-86.8043728058648,36.116628969117],[-86.805015605919,36.1166837678857],[-86.804981425302,36.1169570683547],[-86.8049811206753,36.1169570424479],[-86.8049790964056,36.1169734430738]]]},"properties":{"id":"83472","parcel":"11707012300","address":"3421 STOKESMONT RD","owner":"TASHIAN, BARRY & HOLLY","point":[-86.80467675593088,36.116792968129396]}},{"type":"Feature","id":"83475","geometry":{"type":"Polygon","coordinates":[[[-86.8044389116934,36.1160821789255],[-86.8044717819381,36.1158087683301],[-86.8051181464131,36.1158638717145],[-86.8050839664837,36.1161371704668],[-86.8044389116934,36.1160821789255]]]},"properties":{"id":"83475","parcel":"11707012600","address":"3429 STOKESMONT RD","owner":"TOMARKEN, ANDREW J.","point":[-86.80477826361488,36.115973025370515]}},{"type":"Feature","id":"83530","geometry":{"type":"Polygon","coordinates":[[[-86.8076312175716,36.1193576081617],[-86.8076686678396,36.1193112063568],[-86.8077503927423,36.1193568101577],[-86.8077558323582,36.1193589719578],[-86.8077183821186,36.1194053737892],[-86.8076366571844,36.1193597699672],[-86.8076312175716,36.1193576081617]]]},"properties":{"id":"83530","parcel":"117070E00400CO","address":"2012 STOKES LN","owner":"HELTON, THOMAS O.","point":[-86.80769352496431,36.11935829007596]}},{"type":"Feature","id":"83533","geometry":{"type":"Polygon","coordinates":[[[-86.8075992068747,36.1194061717616],[-86.8076366571844,36.1193597699672],[-86.8077183821186,36.1194053737892],[-86.8077211158846,36.11940755371],[-86.8076863714557,36.1194539374116],[-86.8076046498223,36.1194083335462],[-86.8075992068747,36.1194061717616]]]},"properties":{"id":"83533","parcel":"117070E00500CO","address":"2014 STOKES LN","owner":"HELTON, JOSHUA","point":[-86.80766053842873,36.119406863356666]}},{"type":"Feature","id":"83548","geometry":{"type":"Polygon","coordinates":[[[-86.8035846826544,36.1160128557312],[-86.8036141228803,36.1157391708127],[-86.8043032058819,36.1157952034561],[-86.8042683883934,36.1160684512367],[-86.8035846826544,36.1160128557312]]]},"properties":{"id":"83548","parcel":"11707013600","address":"3430 STOKESMONT RD","owner":"MARY ELLEN FINKS TIGERT REVOCABLE TRUST, THE","point":[-86.80394285870571,36.11590402835753]}},{"type":"Feature","id":"83552","geometry":{"type":"Polygon","coordinates":[[[-86.8028523483925,36.1163674183935],[-86.8028686746411,36.1162307077599],[-86.8035552433272,36.1162865397148],[-86.8035401867382,36.1164233546492],[-86.8032537719492,36.1164000634213],[-86.8028523483925,36.1163674183935]]]},"properties":{"id":"83552","parcel":"11707014000","address":"0 AMANDA AVE","owner":"BONDS, EVERETT WADE","point":[-86.80320398797373,36.11632697988561]}},{"type":"Feature","id":"83555","geometry":{"type":"Polygon","coordinates":[[[-86.8052884283883,36.1187854475237],[-86.8055379847751,36.1182508621045],[-86.8057065305681,36.1183054644636],[-86.8054567533654,36.1188405266806],[-86.8052902283664,36.1187860357605],[-86.8052884283883,36.1187854475237]]]},"properties":{"id":"83555","parcel":"11707018700","address":"1726 STOKES LN","owner":"HEYNE, CHRISTIAN THEODORE","point":[-86.80549748025766,36.11854545618304]}},{"type":"Feature","id":"83640","geometry":{"type":"Polygon","coordinates":[[[-86.8097333333597,36.1175383283472],[-86.8097644097013,36.1174980117453],[-86.8098800887885,36.1175530010498],[-86.8098506845525,36.1175913840187],[-86.8097333333597,36.1175383283472]]]},"properties":{"id":"83640","parcel":"117070K00200CO","address":"3303 GOLF CLUB LN","owner":"SILLAY, KARL A. & GERNERT, ELIZABETH O.","point":[-86.80980710429823,36.117545665345226]}},{"type":"Feature","id":"83641","geometry":{"type":"Polygon","coordinates":[[[-86.8095025294289,36.1171835761876],[-86.809531591001,36.1171449216095],[-86.809560540074,36.1171574480179],[-86.8096482482263,36.1171963336899],[-86.8096185203475,36.1172360923332],[-86.8095543750679,36.1172069184417],[-86.8095025294289,36.1171835761876]]]},"properties":{"id":"83641","parcel":"117070K03600CO","address":"3371 GOLF CLUB LN","owner":"HORIZON NOVUS, LLC","point":[-86.80957528023794,36.11718995478829]}},{"type":"Feature","id":"83643","geometry":{"type":"Polygon","coordinates":[[[-86.8006286059386,36.1159305093562],[-86.8006360883538,36.1158667264129],[-86.8007472441824,36.1158769769579],[-86.8007397142011,36.1159363646706],[-86.8007261755263,36.1159364545493],[-86.8006286059386,36.1159305093562]]]},"properties":{"id":"83643","parcel":"117080B01200CO","address":"111 STOKESWOOD PL","owner":"COWDEN, JAMES ROBERT & STEPHANIE CAROL","point":[-86.80068779773362,36.11590374295999]}},{"type":"Feature","id":"83644","geometry":{"type":"Polygon","coordinates":[[[-86.8056034597538,36.1198847716568],[-86.8056432404936,36.1198009940983],[-86.8056299741915,36.1197950387082],[-86.8056531704791,36.1197451609643],[-86.805714335407,36.1197667301768],[-86.8057475341956,36.1197016765122],[-86.8058148374494,36.1197275984191],[-86.8057889928344,36.1197832629914],[-86.8057757443624,36.1197789559425],[-86.8057303219894,36.1198740354506],[-86.8056745854207,36.1198535295525],[-86.8056517111793,36.1199017567036],[-86.8056034597538,36.1198847716568]]]},"properties":{"id":"83644","parcel":"117070L00300CO","address":"2004 LOMBARDY AVE","owner":"MELUCH, CHRISTOPHER ANSELL & CHLOE TALBOTT","point":[-86.80569169193215,36.11982731499693]}},{"type":"Feature","id":"83647","geometry":{"type":"Polygon","coordinates":[[[-86.8085739500892,36.1192037200201],[-86.808589712383,36.1191871830835],[-86.8085399869505,36.1191565907147],[-86.808574428986,36.1191201715595],[-86.8085827234963,36.1191254975135],[-86.8086645807483,36.1191768644129],[-86.8086553900066,36.1191863958003],[-86.8086778428497,36.1192005008525],[-86.8086817780067,36.11919629883],[-86.8087139009637,36.1192165272472],[-86.8086548512607,36.1192784572714],[-86.8085882068988,36.1192372251498],[-86.8086029592342,36.1192215412857],[-86.8085739500892,36.1192037200201]]]},"properties":{"id":"83647","parcel":"117070M00200CO","address":"2091 STOKES LN","owner":"POTTS, MEGAN C.","point":[-86.8086268295701,36.11919831521914]}},{"type":"Feature","id":"83650","geometry":{"type":"Polygon","coordinates":[[[-86.8087221252019,36.1191539835112],[-86.8086996701793,36.1191398820867],[-86.8086645807483,36.1191768644129],[-86.8085827234963,36.1191254975135],[-86.8086086371589,36.1190983150765],[-86.8086003521043,36.1190932630506],[-86.8086334836365,36.1190585146271],[-86.8086828708268,36.1190893832155],[-86.8086986087575,36.1190728581438],[-86.8087272812728,36.1190906771304],[-86.8087420363532,36.119075268121],[-86.8088086923083,36.1191167713672],[-86.8087496577808,36.1191789771309],[-86.8087175314884,36.1191587478441],[-86.8087221252019,36.1191539835112]]]},"properties":{"id":"83650","parcel":"117070M00300CO","address":"2089 STOKES LN","owner":"JACKSON FAMILY REV TRUST","point":[-86.8086957176478,36.11912113450921]}},{"type":"Feature","id":"83653","geometry":{"type":"Polygon","coordinates":[[[-86.8014925957841,36.1175847203171],[-86.8016402428105,36.1174717611588],[-86.8021813257765,36.1177380915345],[-86.8021685361604,36.1177644174166],[-86.80216851766,36.1177644553934],[-86.8021685002248,36.1177644888568],[-86.8021684817152,36.1177645259325],[-86.802079110647,36.1179471431582],[-86.8020701611719,36.1179653373626],[-86.8014925957841,36.1175847203171]]]},"properties":{"id":"83653","parcel":"11708007600","address":"3031 BRIGHTWOOD AVE","owner":"WRIGHT, STEVEN & HOGAN, CARA GRAHAM","point":[-86.8018172765187,36.11766137385956]}},{"type":"Feature","id":"83655","geometry":{"type":"Polygon","coordinates":[[[-86.8000285318273,36.1197453962265],[-86.8001139824878,36.1195808322816],[-86.8006074378044,36.1197433893509],[-86.8005235550609,36.1199084695869],[-86.8000285318273,36.1197453962265]]]},"properties":{"id":"83655","parcel":"11708001000","address":"2916 PRIMROSE CIR","owner":"KARB, MICHAEL B. & ERIN C.","point":[-86.80031799306208,36.119744393152125]}},{"type":"Feature","id":"83656","geometry":{"type":"Polygon","coordinates":[[[-86.8017359611978,36.1173978020728],[-86.8020867696033,36.1171267525327],[-86.80242115248,36.1172366137433],[-86.8021813257765,36.1177380915345],[-86.8016402428105,36.1174717611588],[-86.8017359611978,36.1173978020728]]]},"properties":{"id":"83656","parcel":"11708007700","address":"1700 STOKES LN","owner":"YALOWITZ, JAY A. & JULIE L.","point":[-86.80200698951107,36.11743530906498]}},{"type":"Feature","id":"83658","geometry":{"type":"Polygon","coordinates":[[[-86.7999412930672,36.1199093717065],[-86.8000285318273,36.1197453962265],[-86.8005235550609,36.1199084695869],[-86.8004370260027,36.1200726786526],[-86.7999412930672,36.1199093717065]]]},"properties":{"id":"83658","parcel":"11708001100","address":"2912 PRIMROSE CIR","owner":"WIEGAND, MARTIN T. & JANE G.","point":[-86.80023242643507,36.119908921004416]}},{"type":"Feature","id":"83659","geometry":{"type":"Polygon","coordinates":[[[-86.8005915706284,36.1173614513272],[-86.8006593807239,36.1172702241068],[-86.8009382946762,36.1173789082975],[-86.8011225555311,36.1174520935593],[-86.8013164578595,36.1175280580336],[-86.8011592627933,36.1176488420492],[-86.8010668591172,36.117719800818],[-86.8010423001097,36.1177386592094],[-86.8008898508644,36.1176627525372],[-86.8006427441921,36.1174130254992],[-86.8006348998053,36.1174051183474],[-86.8005915706284,36.1173614513272]]]},"properties":{"id":"83659","parcel":"11708007900","address":"3036 BRIGHTWOOD AVE","owner":"ERIN AND JEFFREY COYNE FAMILY TRUST","point":[-86.80096883415351,36.1174896596471]}},{"type":"Feature","id":"83662","geometry":{"type":"Polygon","coordinates":[[[-86.8012900073168,36.1172879105107],[-86.8014807064395,36.1169152567106],[-86.8019172816803,36.1170671258472],[-86.8014840632781,36.1173994788428],[-86.8013164578595,36.1175280580336],[-86.8011225555311,36.1174520935593],[-86.8012900073168,36.1172879105107]]]},"properties":{"id":"83662","parcel":"11708008000","address":"1622 STOKES LN","owner":"HOLMES, BENJAMIN DIEDRICH & CLARA E.","point":[-86.8015598688472,36.117177446089386]}},{"type":"Feature","id":"83665","geometry":{"type":"Polygon","coordinates":[[[-86.8002855878546,36.1169655676679],[-86.8004526241686,36.1165769593651],[-86.8006519945094,36.1166410304497],[-86.8005523770655,36.1168314484971],[-86.8005766991086,36.1168380214467],[-86.8005415055292,36.1169061531162],[-86.8005171277675,36.1168995643062],[-86.8004031504118,36.1171176720674],[-86.8002855878546,36.1169655676679]]]},"properties":{"id":"83665","parcel":"11708008400","address":"1614 STOKES LN","owner":"KING LAND INVESTMENTS, LLC","point":[-86.80044406713141,36.11686862161297]}},{"type":"Feature","id":"83668","geometry":{"type":"Polygon","coordinates":[[[-86.8014509886126,36.1155602311592],[-86.8014861549573,36.1152874830148],[-86.8021530395407,36.115344585713],[-86.8021205168049,36.1156107227],[-86.8014509886126,36.1155602311592]]]},"properties":{"id":"83668","parcel":"11708009701","address":"3413 RICHARDS ST","owner":"RAINES, ANDREW & SHARON","point":[-86.8018023787436,36.11545240955531]}},{"type":"Feature","id":"83685","geometry":{"type":"Polygon","coordinates":[[[-86.7998907945181,36.1187928782711],[-86.8003278289381,36.1191547928565],[-86.800256231343,36.119211657467],[-86.8002552769963,36.1192124163686],[-86.8002260596196,36.1192697505516],[-86.7997647996312,36.1189233766038],[-86.7997991111339,36.1188838676455],[-86.7998353727516,36.1188455228194],[-86.7998625987075,36.1188188644317],[-86.7998907945181,36.1187928782711]]]},"properties":{"id":"83685","parcel":"11708001900","address":"3015 BRIGHTWOOD AVE","owner":"ROCHEFORT, RACHEL PARKS & DAVID STEPHEN","point":[-86.80005349600755,36.11903909704796]}},{"type":"Feature","id":"83688","geometry":{"type":"Polygon","coordinates":[[[-86.8000742160585,36.1186493611332],[-86.8001380500766,36.1186000386718],[-86.8005751101018,36.1189641549418],[-86.8005113622799,36.1190145369648],[-86.8004514929377,36.119061672035],[-86.8000144108234,36.1186953599508],[-86.8000742160585,36.1186493611332]]]},"properties":{"id":"83688","parcel":"11708002100","address":"3019 BRIGHTWOOD AVE","owner":"DYMPHNA MAKINNEY TRUST OF 1989","point":[-86.80029428038577,36.118829756974854]}},{"type":"Feature","id":"83710","geometry":{"type":"Polygon","coordinates":[[[-86.8088086923083,36.1191167713672],[-86.8087420363532,36.119075268121],[-86.8087272812728,36.1190906771304],[-86.8086986087575,36.1190728581438],[-86.8086828708268,36.1190893832155],[-86.8086334836365,36.1190585146271],[-86.8086283045644,36.1190553218555],[-86.8086588046557,36.1190231002349],[-86.8086643308104,36.1190265601618],[-86.808698764902,36.1189901356148],[-86.8087899306023,36.1190468080589],[-86.8087807493551,36.1190566142837],[-86.8087959416828,36.1190659209011],[-86.8087995453212,36.1190619995936],[-86.8088378813548,36.1190859482696],[-86.8088086923083,36.1191167713672]]]},"properties":{"id":"83710","parcel":"117070M01100CO","address":"2073 STOKES LN","owner":"WORTHEY, CARLA M.","point":[-86.8087091401124,36.119051065020436]}},{"type":"Feature","id":"83713","geometry":{"type":"Polygon","coordinates":[[[-86.808500269718,36.1187822867625],[-86.8085284386587,36.1187502295092],[-86.8085581220634,36.11871908501],[-86.8085934764795,36.1187418460326],[-86.8085899455042,36.1187458119114],[-86.8086092088063,36.1187583728311],[-86.8086185593538,36.1187487214054],[-86.8087095816942,36.1188076021127],[-86.8086747506021,36.1188431037098],[-86.8086250497371,36.1188111971404],[-86.8086089107645,36.118827388714],[-86.8085802073542,36.1188088146315],[-86.8085653803492,36.1188241402851],[-86.808500269718,36.1187822867625]]]},"properties":{"id":"83713","parcel":"117070M01600CO","address":"2047 STOKES LN","owner":"SMITH, KEVIN J. & KELLY S.","point":[-86.80858152100579,36.11877037260441]}},{"type":"Feature","id":"83716","geometry":{"type":"Polygon","coordinates":[[[-86.808570438525,36.1189465852237],[-86.8085277278705,36.1189191201419],[-86.8085190335111,36.1189281975512],[-86.8084458575104,36.118880832644],[-86.8084587769446,36.1188677702926],[-86.8084325043779,36.11885075262],[-86.8084586385106,36.1188240617368],[-86.8084964427901,36.1188483926239],[-86.8084925720109,36.1188523706914],[-86.8085069228634,36.1188615198533],[-86.8085166193794,36.1188521328965],[-86.808606244619,36.118909952322],[-86.808570438525,36.1189465852237]]]},"properties":{"id":"83716","parcel":"117070M01800CO","address":"2043 STOKES LN","owner":"STAATS, SARA E","point":[-86.80852601373765,36.11889539245018]}},{"type":"Feature","id":"83719","geometry":{"type":"Polygon","coordinates":[[[-86.8001723602315,36.1154499007624],[-86.7993256380591,36.1153787401625],[-86.7995478679632,36.1151223350075],[-86.7996191999144,36.1150343322898],[-86.7996869363176,36.1149444777971],[-86.7997510048534,36.1148528693531],[-86.8006781531619,36.1149346257178],[-86.8006078803405,36.1154867131008],[-86.8001723602315,36.1154499007624]]]},"properties":{"id":"83719","parcel":"11708010400","address":"3405 BELMONT BLVD","owner":"CLEMENT, ROBERT L. & TERRI","point":[-86.80003722012287,36.11525154136417]}},{"type":"Feature","id":"83721","geometry":{"type":"Polygon","coordinates":[[[-86.8007133451684,36.1146640767305],[-86.8007428310966,36.1143985091302],[-86.8007432401368,36.114398536157],[-86.800771964904,36.1144005139393],[-86.8008404170775,36.1144063756465],[-86.8014124128122,36.1144553230859],[-86.8013917542614,36.1146529773446],[-86.801385551068,36.1147123563044],[-86.8007133451684,36.1146640767305]]]},"properties":{"id":"83721","parcel":"11708010600","address":"3422 RICHARDS ST","owner":"COMMUNITY FOUNDATION OF MIDDLE TENNESSE","point":[-86.8010638792812,36.114553589110145]}},{"type":"Feature","id":"83732","geometry":{"type":"Polygon","coordinates":[[[-86.8095254169222,36.1169381051456],[-86.8095429877402,36.116834695709],[-86.8095999768259,36.1168409899085],[-86.8096016271407,36.1168411726071],[-86.8095953202092,36.1168783522959],[-86.8095870955332,36.1169443579636],[-86.8095254169222,36.1169381051456]]]},"properties":{"id":"83732","parcel":"117070K02100CO","address":"3341 GOLF CLUB LN","owner":"POKRIFCSAK, JEFFREY SCOTT & ERIN ELAINE","point":[-86.80956104635203,36.116908229803364]}},{"type":"Feature","id":"83735","geometry":{"type":"Polygon","coordinates":[[[-86.809349412959,36.1169101676217],[-86.8093659682437,36.1168070390158],[-86.8094235839685,36.1168126963931],[-86.8094087249009,36.1169163625059],[-86.809349412959,36.1169101676217]]]},"properties":{"id":"83735","parcel":"117070K02400CO","address":"3347 GOLF CLUB LN","owner":"WANG, ZHEN & KONG, LINGJU","point":[-86.80938691776929,36.1168614326805]}},{"type":"Feature","id":"83738","geometry":{"type":"Polygon","coordinates":[[[-86.8092308910345,36.1169082157383],[-86.8092474576781,36.1168061866385],[-86.8093033806162,36.116811854529],[-86.8092881736405,36.1169144242967],[-86.8092308910345,36.1169082157383]]]},"properties":{"id":"83738","parcel":"117070K02600CO","address":"3351 GOLF CLUB LN","owner":"TURNBULL, DAVID R., IV","point":[-86.80926747602973,36.116860035680986]}},{"type":"Feature","id":"83740","geometry":{"type":"Polygon","coordinates":[[[-86.8091731828831,36.1168934937873],[-86.8091887164731,36.1167898231798],[-86.8092483609151,36.1167951921393],[-86.8092474576781,36.1168061866385],[-86.8092308910345,36.1169082157383],[-86.8092247941243,36.1169077068602],[-86.80922605352,36.1168986333093],[-86.8091731828831,36.1168934937873]]]},"properties":{"id":"83740","parcel":"117070K02700CO","address":"3353 GOLF CLUB LN","owner":"FLEITA, DAVID O.","point":[-86.80921004643598,36.11684983978274]}},{"type":"Feature","id":"83743","geometry":{"type":"Polygon","coordinates":[[[-86.8089933181157,36.1168856342843],[-86.8090092019075,36.1167830600161],[-86.8090688519521,36.1167889806117],[-86.8090519546808,36.1168918338735],[-86.8089933181157,36.1168856342843]]]},"properties":{"id":"83743","parcel":"117070K03000CO","address":"3359 GOLF CLUB LN","owner":"KIILERICH, SOREN","point":[-86.80903085692294,36.11683730709056]}},{"type":"Feature","id":"83746","geometry":{"type":"Polygon","coordinates":[[[-86.8093979167709,36.1174166820662],[-86.8094359973313,36.1173661565856],[-86.8094992602111,36.1173943017889],[-86.8094605055307,36.1174453842995],[-86.8093979167709,36.1174166820662]]]},"properties":{"id":"83746","parcel":"117070K03100CO","address":"3361 GOLF CLUB LN","owner":"ARMSTRONG, COLIN ANDREW FAMILY TRUST","point":[-86.80944856050769,36.11740549189377]}},{"type":"Feature","id":"83760","geometry":{"type":"Polygon","coordinates":[[[-86.8015953344298,36.1183862776192],[-86.8017843639757,36.1182416660707],[-86.8018426069338,36.1182733095606],[-86.8019015992871,36.1183040269302],[-86.8019863396296,36.1183426485645],[-86.80207249496,36.1183791508297],[-86.8021599838507,36.1184135009167],[-86.8022487248829,36.1184456669181],[-86.8020391933719,36.1188865983293],[-86.8015953344298,36.1183862776192]]]},"properties":{"id":"83760","parcel":"11708007200","address":"1810 LOMBARDY AVE","owner":"THWEATT, JAMES M. & SUE J.","point":[-86.80199356250759,36.11866588419254]}},{"type":"Feature","id":"83762","geometry":{"type":"Polygon","coordinates":[[[-86.808570438525,36.1189465852237],[-86.8085277278705,36.1189191201419],[-86.8085190335111,36.1189281975512],[-86.8084458575104,36.118880832644],[-86.8084587769446,36.1188677702926],[-86.8084325043779,36.11885075262],[-86.8084586385106,36.1188240617368],[-86.8084964427901,36.1188483926239],[-86.8084925720109,36.1188523706914],[-86.8085069228634,36.1188615198533],[-86.8085166193794,36.1188521328965],[-86.808606244619,36.118909952322],[-86.808570438525,36.1189465852237]]]},"properties":{"id":"83762","parcel":"117070M02700CO","address":"2057 STOKES LN","owner":"MORT, JOSEPH & RACHEL","point":[-86.80852601373765,36.11889539245018]}},{"type":"Feature","id":"83765","geometry":{"type":"Polygon","coordinates":[[[-86.8086282408161,36.1187390587477],[-86.8086138910642,36.11872990779],[-86.8086100235555,36.1187338786292],[-86.8085722054166,36.1187092756828],[-86.8085980118241,36.1186831367468],[-86.8086246096327,36.1187001332766],[-86.8086375134389,36.1186870692073],[-86.8087117299617,36.1187349524715],[-86.8087030195331,36.118743756914],[-86.8087453893043,36.118771239542],[-86.8087095816942,36.1188076021127],[-86.8086185593538,36.1187487214054],[-86.8086282408161,36.1187390587477]]]},"properties":{"id":"83765","parcel":"117070M03000CO","address":"2051 STOKES LN","owner":"GILLIAND, JENNY LYNN","point":[-86.80866403500139,36.11874624435074]}},{"type":"Feature","id":"83768","geometry":{"type":"Polygon","coordinates":[[[-86.8080563777632,36.1183684858302],[-86.8081424627637,36.1183066606592],[-86.8081526918806,36.1183159897954],[-86.8081671628333,36.118305956202],[-86.8081629370685,36.1183022315754],[-86.8082013610665,36.1182741975061],[-86.8082239427741,36.1182949938016],[-86.8082213215558,36.1182969932851],[-86.8082625945841,36.1183348490799],[-86.8082001590698,36.1183795077805],[-86.8081842792123,36.1183648412621],[-86.8081566759779,36.1183845939471],[-86.8081397449766,36.1183691341269],[-86.8080948276098,36.1184036729706],[-86.8080563777632,36.1183684858302]]]},"properties":{"id":"83768","parcel":"117070M03200CO","address":"2015 STOKES LN","owner":"BOBO, MARGARET FAYE","point":[-86.80816211769434,36.11834974700232]}},{"type":"Feature","id":"83784","geometry":{"type":"Polygon","coordinates":[[[-86.809531591001,36.1171449216095],[-86.8095657095781,36.1171040357551],[-86.8095671167873,36.117104669826],[-86.8096793171887,36.1171551933829],[-86.8096482482263,36.1171963336899],[-86.809560540074,36.1171574480179],[-86.809531591001,36.1171449216095]]]},"properties":{"id":"83784","parcel":"117070K03700CO","address":"3373 GOLF CLUB LN","owner":"DOVER, RANDALL W. K. & MELANIE M.","point":[-86.8096056822981,36.11715005788164]}},{"type":"Feature","id":"83787","geometry":{"type":"Polygon","coordinates":[[[-86.8092436596498,36.1170979555303],[-86.809282089549,36.1170482515225],[-86.8094123827101,36.117108907826],[-86.8093776576437,36.1171566690852],[-86.8092436596498,36.1170979555303]]]},"properties":{"id":"83787","parcel":"117070K03800CO","address":"3375 GOLF CLUB LN","owner":"SILLAY, KARL A. & ELIZABETH G.","point":[-86.80932838209281,36.117103432282256]}},{"type":"Feature","id":"83790","geometry":{"type":"Polygon","coordinates":[[[-86.8091206802425,36.1172567393491],[-86.8091514275211,36.1172172497846],[-86.8092670850726,36.1172703173838],[-86.8092363434335,36.1173103567222],[-86.8091206802425,36.1172567393491]]]},"properties":{"id":"83790","parcel":"117070K04200CO","address":"3383 GOLF CLUB LN","owner":"STRINGFIELD, LARRY & DONNA","point":[-86.8091938079335,36.1172635282698]}},{"type":"Feature","id":"83793","geometry":{"type":"Polygon","coordinates":[[[-86.8090899385348,36.1172967786503],[-86.8091206802425,36.1172567393491],[-86.8092363434335,36.1173103567222],[-86.8092049337123,36.1173512243064],[-86.8090899385348,36.1172967786503]]]},"properties":{"id":"83793","parcel":"117070K04300CO","address":"3385 GOLF CLUB LN","owner":"DARBY, ADAM AUSTIN & BRITTNEY","point":[-86.80916298953179,36.11730356746735]}},{"type":"Feature","id":"83796","geometry":{"type":"Polygon","coordinates":[[[-86.8055488581405,36.119809590875],[-86.8054948222946,36.1197896233181],[-86.8055392318782,36.1196945515631],[-86.8055259689572,36.1196891459208],[-86.8055531577325,36.1196323737653],[-86.8056228257012,36.1196577311061],[-86.8055933568565,36.1197233096076],[-86.8056531704791,36.1197451609643],[-86.8056299741915,36.1197950387082],[-86.805615366114,36.1197901918418],[-86.8055752549273,36.1198747962709],[-86.8055263203887,36.1198572668748],[-86.8055488581405,36.119809590875]]]},"properties":{"id":"83796","parcel":"117070L00200CO","address":"2002 LOMBARDY AVE","owner":"OGRODNY, DIANE J","point":[-86.80557401931495,36.11976739220465]}},{"type":"Feature","id":"83799","geometry":{"type":"Polygon","coordinates":[[[-86.8088143030902,36.1190463111596],[-86.8087991063485,36.1190370072779],[-86.8087899306023,36.1190468080589],[-86.808698764902,36.1189901356148],[-86.8087331989436,36.1189537092551],[-86.8087280199111,36.1189505200926],[-86.808758511559,36.1189180227097],[-86.8087636905906,36.118921211871],[-86.8088130766446,36.1189520813157],[-86.8087979918672,36.1189680540441],[-86.8088266627972,36.1189861551194],[-86.8088119083832,36.119001844434],[-86.8088785504606,36.1190430782518],[-86.8088490321615,36.1190741820638],[-86.8088106972226,36.1190502315813],[-86.8088143030902,36.1190463111596]]]},"properties":{"id":"83799","parcel":"117070M00500CO","address":"2085 STOKES LN","owner":"CLARK, PHILIP N","point":[-86.80876269101734,36.11899600177781]}},{"type":"Feature","id":"83801","geometry":{"type":"Polygon","coordinates":[[[-86.801055492194,36.1172089062114],[-86.8012473120716,36.1168340651342],[-86.8014807064395,36.1169152567106],[-86.8012900073168,36.1172879105107],[-86.8011225555311,36.1174520935593],[-86.8009382946762,36.1173789082975],[-86.801055492194,36.1172089062114]]]},"properties":{"id":"83801","parcel":"11708008100","address":"1620 STOKES LN","owner":"FAULKNER, BRIAN TAYLOR","point":[-86.80126809978083,36.117062081652804]}},{"type":"Feature","id":"83804","geometry":{"type":"Polygon","coordinates":[[[-86.8004031504118,36.1171176720674],[-86.8005171277675,36.1168995643062],[-86.8005415055292,36.1169061531162],[-86.8005766991086,36.1168380214467],[-86.8005523770655,36.1168314484971],[-86.8006519945094,36.1166410304497],[-86.8009642335459,36.116742510235],[-86.8007710835368,36.1171199472747],[-86.8006593807239,36.1172702241068],[-86.8005915706284,36.1173614513272],[-86.8004031504118,36.1171176720674]]]},"properties":{"id":"83804","parcel":"11708008300","address":"1616 STOKES LN","owner":"HOOD, JOHN R. ET UX","point":[-86.80064224898899,36.11701219549069]}},{"type":"Feature","id":"83807","geometry":{"type":"Polygon","coordinates":[[[-86.800036410178,36.1167645629004],[-86.8000990797944,36.1164618049193],[-86.8001112421606,36.1164657836159],[-86.8002707884563,36.1165179729141],[-86.8001740662338,36.1168212768476],[-86.800036410178,36.1167645629004]]]},"properties":{"id":"83807","parcel":"11708008600","address":"1610 STOKES LN","owner":"DOWNEY, RICHARD D.","point":[-86.80014669617404,36.116641256450606]}},{"type":"Feature","id":"83810","geometry":{"type":"Polygon","coordinates":[[[-86.8017199217972,36.1161336594386],[-86.8017519511042,36.1158593143011],[-86.802088081525,36.1158856492846],[-86.8020556693332,36.116162773914],[-86.8019616654597,36.1169334815585],[-86.8016390393082,36.1168218744719],[-86.8017199217972,36.1161336594386]]]},"properties":{"id":"83810","parcel":"11708009400","address":"1621 STOKES LN","owner":"CRIDER, MARCUS & CHRISTY TOSH","point":[-86.80184662147916,36.11649232317229]}},{"type":"Feature","id":"83813","geometry":{"type":"Polygon","coordinates":[[[-86.8013851873293,36.1161046310324],[-86.8014185510352,36.1158351575673],[-86.8017519511042,36.1158593143011],[-86.8017199217972,36.1161336594386],[-86.8016390393082,36.1168218744719],[-86.8013108940363,36.1167083564215],[-86.8013851873293,36.1161046310324]]]},"properties":{"id":"83813","parcel":"11708009500","address":"1619 STOKES LN","owner":"MICHAEL LEWIS & ROSALIE LEWIS REVOCABLE LIVING TRUST, THE","point":[-86.80151620364887,36.11642100943093]}},{"type":"Feature","id":"83861","geometry":{"type":"Polygon","coordinates":[[[-86.8089143797415,36.1189423251823],[-86.8088981439689,36.1189322189294],[-86.8088889693486,36.1189420188094],[-86.8088431766956,36.1189140779001],[-86.8087981391043,36.1188853396833],[-86.8088325669503,36.118848641148],[-86.8088753866647,36.1188752464695],[-86.8088811834394,36.1188657973088],[-86.8089588497841,36.1189128407247],[-86.8089463880715,36.1189260100167],[-86.8089733163376,36.1189424986341],[-86.8089480636205,36.118969117924],[-86.8089107666403,36.1189459707645],[-86.8089143797415,36.1189423251823]]]},"properties":{"id":"83861","parcel":"117070M00700CO","address":"2081 STOKES LN","owner":"WHIPPLE, ANDREW & DONNA DAOUT","point":[-86.80887792085,36.118899089315875]}},{"type":"Feature","id":"83864","geometry":{"type":"Polygon","coordinates":[[[-86.8089143797415,36.1189423251823],[-86.8088981439689,36.1189322189294],[-86.8088889693486,36.1189420188094],[-86.8088431766956,36.1189140779001],[-86.8087981391043,36.1188853396833],[-86.8088325669503,36.118848641148],[-86.8088753866647,36.1188752464695],[-86.8088811834394,36.1188657973088],[-86.8089588497841,36.1189128407247],[-86.8089463880715,36.1189260100167],[-86.8089733163376,36.1189424986341],[-86.8089480636205,36.118969117924],[-86.8089107666403,36.1189459707645],[-86.8089143797415,36.1189423251823]]]},"properties":{"id":"83864","parcel":"117070M00800CO","address":"2079 STOKES LN","owner":"LEEDHAM, ROBERT M. & MELISSA","point":[-86.80887792085,36.118899089315875]}},{"type":"Feature","id":"83867","geometry":{"type":"Polygon","coordinates":[[[-86.8087979918672,36.1189680540441],[-86.8088130766446,36.1189520813157],[-86.8087636905906,36.118921211871],[-86.8087981391043,36.1188853396833],[-86.8088431766956,36.1189140779001],[-86.8088889693486,36.1189420188094],[-86.8088797786609,36.1189515502144],[-86.8088998113085,36.1189640554567],[-86.8089034244112,36.1189604098748],[-86.8089393391644,36.1189827605601],[-86.8089162588257,36.1190030148396],[-86.8088785504606,36.1190430782518],[-86.8088119083832,36.119001844434],[-86.8088266627972,36.1189861551194],[-86.8087979918672,36.1189680540441]]]},"properties":{"id":"83867","parcel":"117070M00900CO","address":"2077 STOKES LN","owner":"SANI, MOHAMMAD A. & POURAN-SANI, HAMIDEH","point":[-86.80885630612374,36.11896606657555]}},{"type":"Feature","id":"83870","geometry":{"type":"Polygon","coordinates":[[[-86.8085902588464,36.1192814246908],[-86.8085750559545,36.1192718459314],[-86.8085662094578,36.1192813677937],[-86.8084747048801,36.1192246992571],[-86.8085084711279,36.1191885631476],[-86.8085036369236,36.1191856384437],[-86.8085344697243,36.1191531352288],[-86.8085399869505,36.1191565907147],[-86.808589712383,36.1191871830835],[-86.8085739500892,36.1192037200201],[-86.8086029592342,36.1192215412857],[-86.8085882068988,36.1192372251498],[-86.8086548512607,36.1192784572714],[-86.8086256748686,36.1193095551284],[-86.8085866540678,36.1192853450981],[-86.8085902588464,36.1192814246908]]]},"properties":{"id":"83870","parcel":"117070M01400CO","address":"2067 STOKES LN","owner":"YANG, JERRY & YU, GLORIA","point":[-86.80853935051483,36.11923097483412]}},{"type":"Feature","id":"83873","geometry":{"type":"Polygon","coordinates":[[[-86.8083791471929,36.1191408859603],[-86.8083367890999,36.1191136843275],[-86.8083284194945,36.1191224765434],[-86.8082542017574,36.1190745957591],[-86.8082698952913,36.1190630857753],[-86.8082412001534,36.1190447792385],[-86.8082669973346,36.1190183673504],[-86.8083048016662,36.1190427000988],[-86.8083009319512,36.1190466754488],[-86.8083152839367,36.1190558255269],[-86.8083249654916,36.1190461646968],[-86.8084149401151,36.119104251404],[-86.8083791471929,36.1191408859603]]]},"properties":{"id":"83873","parcel":"117070M02200CO","address":"2035 STOKES LN","owner":"BEARD, PAGE","point":[-86.80833457892616,36.11908942362129]}},{"type":"Feature","id":"83883","geometry":{"type":"Polygon","coordinates":[[[-86.800747869055,36.1156703898857],[-86.8007477804372,36.1156616020697],[-86.8008318298832,36.1156698324564],[-86.8008218602253,36.1157556106013],[-86.8007378305881,36.1157495737971],[-86.800747869055,36.1156703898857]]]},"properties":{"id":"83883","parcel":"117080B01400CO","address":"3406 RICHARDS ST","owner":"WILKERSON, JANET L.","point":[-86.8007849985062,36.11571005193541]}},{"type":"Feature","id":"83886","geometry":{"type":"Polygon","coordinates":[[[-86.8003817031687,36.1162917451837],[-86.8004387787193,36.1161768116618],[-86.8004856572979,36.1161921594341],[-86.8004660761999,36.1162312977797],[-86.8004762659762,36.1162345270459],[-86.8004371081708,36.1163133543837],[-86.8003803796608,36.1162947777679],[-86.8003817031687,36.1162917451837]]]},"properties":{"id":"83886","parcel":"117080D00200CO","address":"1611 B STOKES LN","owner":"MCLEOD, MADELEINE HOPE & JOHN BRIAN & ERIN KATHLEEN","point":[-86.80042898232193,36.116263136120466]}},{"type":"Feature","id":"83895","geometry":{"type":"Polygon","coordinates":[[[-86.8015036559923,36.1199843075562],[-86.8017648512066,36.1198309311004],[-86.8018774996486,36.1199884157682],[-86.8016215439792,36.1201241781459],[-86.8015036559923,36.1199843075562]]]},"properties":{"id":"83895","parcel":"11708000100","address":"2938 PRIMROSE CIR","owner":"LANE, STELLA H.","point":[-86.80172708982501,36.11990777308467]}},{"type":"Feature","id":"83898","geometry":{"type":"Polygon","coordinates":[[[-86.800209987032,36.1194010603291],[-86.800301454843,36.1192252966461],[-86.8004170135738,36.1191344242598],[-86.8007676475137,36.1195232856504],[-86.8007429889512,36.1195382826378],[-86.8007207061126,36.119555554907],[-86.8007011175682,36.1195748578997],[-86.8006845015743,36.1195959148795],[-86.8006710939598,36.1196184277604],[-86.800209987032,36.1194010603291]]]},"properties":{"id":"83898","parcel":"11708000800","address":"2920 PRIMROSE CIR","owner":"PETERSON, LEE D.","point":[-86.80041720038302,36.1193134476262]}},{"type":"Feature","id":"83924","geometry":{"type":"Polygon","coordinates":[[[-86.8082589149268,36.1185551254984],[-86.8083449977597,36.1184933011018],[-86.8083548787519,36.1185023648729],[-86.8083690237986,36.1184926155413],[-86.8083651483716,36.1184891526496],[-86.8084006219414,36.1184634041149],[-86.8084323700785,36.1184924604767],[-86.8083702721349,36.1185371097906],[-86.8083864896511,36.1185517659099],[-86.8083588875036,36.1185715177316],[-86.8083758185998,36.1185869784215],[-86.8083281809759,36.1186213201742],[-86.8083239129267,36.1186244654101],[-86.8082907292759,36.1185935250462],[-86.8082963137891,36.1185895183766],[-86.8082589149268,36.1185551254984]]]},"properties":{"id":"83924","parcel":"117070M03600CO","address":"2007 STOKES LN","owner":"WOOD, DEBBIE","point":[-86.8083262047657,36.11854435438323]}},{"type":"Feature","id":"83927","geometry":{"type":"Polygon","coordinates":[[[-86.8083758185998,36.1185869784215],[-86.8083588875036,36.1185715177316],[-86.8083864896511,36.1185517659099],[-86.8083702721349,36.1185371097906],[-86.8084323700785,36.1184924604767],[-86.8084743485321,36.1185308459309],[-86.8084992140232,36.1185496539603],[-86.8084601125587,36.1185777052811],[-86.8084565663705,36.1185739580843],[-86.8084424168678,36.1185837065546],[-86.8084523073456,36.1185930451452],[-86.8083655682242,36.1186554391189],[-86.8083281809759,36.1186213201742],[-86.8083758185998,36.1185869784215]]]},"properties":{"id":"83927","parcel":"117070M03700CO","address":"2005 STOKES LN","owner":"BELSER, ROBERT","point":[-86.80840865143395,36.118575752229326]}},{"type":"Feature","id":"83934","geometry":{"type":"Polygon","coordinates":[[[-86.8099263759944,36.116979090515],[-86.8099485760492,36.1168652130777],[-86.8100072137845,36.1168714121951],[-86.80998930252,36.1169742751074],[-86.8099323630799,36.1169686134584],[-86.8099304419223,36.1169793408081],[-86.8099263759944,36.116979090515]]]},"properties":{"id":"83934","parcel":"117070K01400CO","address":"3327 GOLF CLUB LN","owner":"SIMPSON, TERRI L.","point":[-86.80996832297994,36.11692001050832]}},{"type":"Feature","id":"83937","geometry":{"type":"Polygon","coordinates":[[[-86.8098110154086,36.1169551437984],[-86.809824637093,36.1168632981534],[-86.8098846288107,36.1168694882397],[-86.809868754543,36.1169728872382],[-86.8098094374889,36.1169664168215],[-86.8098110154086,36.1169551437984]]]},"properties":{"id":"83937","parcel":"117070K01600CO","address":"3331 GOLF CLUB LN","owner":"WILSON, NATALIE ANN","point":[-86.80984771036816,36.11691231584753]}},{"type":"Feature","id":"83940","geometry":{"type":"Polygon","coordinates":[[[-86.8096966364669,36.116927890786],[-86.8097099738417,36.1168412672925],[-86.8097679300749,36.1168471962097],[-86.8097517067634,36.1169494961682],[-86.8096927330352,36.1169435758758],[-86.8096966364669,36.116927890786]]]},"properties":{"id":"83940","parcel":"117070K01800CO","address":"3335 GOLF CLUB LN","owner":"KIILERICH, SYLVIA & SOREN","point":[-86.8097321900646,36.11688754335529]}},{"type":"Feature","id":"83945","geometry":{"type":"Polygon","coordinates":[[[-86.8096416727397,36.1169499617266],[-86.8096606030318,36.1168476400078],[-86.8096618477664,36.1168363710255],[-86.8097099738417,36.1168412672925],[-86.8096966364669,36.116927890786],[-86.8096505536698,36.1169243543529],[-86.8096454026639,36.1169504864721],[-86.8096416727397,36.1169499617266]]]},"properties":{"id":"83945","parcel":"117070K01900CO","address":"3337 GOLF CLUB LN","owner":"RANDOLPH, RAY & RUTH","point":[-86.80967829123462,36.116886033264976]}},{"type":"Feature","id":"84012","geometry":{"type":"Polygon","coordinates":[[[-86.8091131911936,36.116887302446],[-86.8091321227106,36.1167847086175],[-86.8091887164731,36.1167898231798],[-86.8091731828831,36.1168934937873],[-86.8091131911936,36.116887302446]]]},"properties":{"id":"84012","parcel":"117070K02800CO","address":"3355 GOLF CLUB LN","owner":"MOSHIRI, SHOHREH S.","point":[-86.80915179988865,36.116838564166876]}},{"type":"Feature","id":"84013","geometry":{"type":"Polygon","coordinates":[[[-86.8090519546808,36.1168918338735],[-86.8090688519521,36.1167889806117],[-86.8091257900727,36.1167946408736],[-86.809127718047,36.1167844632736],[-86.8091321227106,36.1167847086175],[-86.8091131911936,36.116887302446],[-86.8091116075652,36.1168980248141],[-86.8090519546808,36.1168918338735]]]},"properties":{"id":"84013","parcel":"117070K02900CO","address":"3357 GOLF CLUB LN","owner":"OWEN, JENNIFER P","point":[-86.80909103299443,36.11684092631555]}},{"type":"Feature","id":"84014","geometry":{"type":"Polygon","coordinates":[[[-86.8093829387768,36.1173426133225],[-86.8094130083933,36.1173031273375],[-86.8095289910204,36.1173548189503],[-86.8094992602111,36.1173943017889],[-86.8094359973313,36.1173661565856],[-86.8093829387768,36.1173426133225]]]},"properties":{"id":"84014","parcel":"117070K03200CO","address":"3363 GOLF CLUB LN","owner":"DHYG HOLDINGS, LLC","point":[-86.80945599480881,36.11734871620622]}},{"type":"Feature","id":"84015","geometry":{"type":"Polygon","coordinates":[[[-86.8094728014818,36.117223334795],[-86.8095025294289,36.1171835761876],[-86.8095543750679,36.1172069184417],[-86.8096185203475,36.1172360923332],[-86.8095990677462,36.1172619247796],[-86.8095887896271,36.117275575195],[-86.8095481022372,36.1172572539183],[-86.8094728014818,36.117223334795]]]},"properties":{"id":"84015","parcel":"117070K03500CO","address":"3369 GOLF CLUB LN","owner":"MARCIAS, LAUREN L","point":[-86.80954572804954,36.11722971369297]}},{"type":"Feature","id":"84021","geometry":{"type":"Polygon","coordinates":[[[-86.8020365285993,36.1188910115989],[-86.8020391933719,36.1188865983293],[-86.8022487248829,36.1184456669181],[-86.8023310670365,36.118472614636],[-86.8024144751,36.1184973092126],[-86.8024959962668,36.1185231392826],[-86.8022947000142,36.1189750047737],[-86.8020365285993,36.1188910115989]]]},"properties":{"id":"84021","parcel":"11708007300","address":"1812 LOMBARDY AVE","owner":"TAYLOR, AMY G.","point":[-86.80227029740024,36.11870487348783]}},{"type":"Feature","id":"84022","geometry":{"type":"Polygon","coordinates":[[[-86.8021684817152,36.1177645259325],[-86.8021685002248,36.1177644888568],[-86.8024330871539,36.1178510753199],[-86.8024685020171,36.1178626645336],[-86.802528965665,36.1178824518783],[-86.802315079536,36.1183159231723],[-86.8023150610355,36.1183159611491],[-86.802315044711,36.1183159946051],[-86.8022732820708,36.1183022889972],[-86.8022706751663,36.1183014320929],[-86.8022352470887,36.1182888812415],[-86.802169153256,36.1182645625952],[-86.8021041525546,36.1182383772991],[-86.8020403230871,36.1182103590845],[-86.8019670559189,36.1181749626019],[-86.8020701611719,36.1179653373626],[-86.802079110647,36.1179471431582],[-86.8021684817152,36.1177645259325]]]},"properties":{"id":"84022","parcel":"11708007401","address":"1811 LOMBARDY AVE","owner":"GRISSOM, JEFFERY W. LIVING TRUST","point":[-86.80222730970256,36.11807049470841]}},{"type":"Feature","id":"84036","geometry":{"type":"Polygon","coordinates":[[[-86.8091818387838,36.1171780364557],[-86.8092122461045,36.1171385482538],[-86.8093275659152,36.1171916180615],[-86.809296824877,36.1172313834224],[-86.8091818387838,36.1171780364557]]]},"properties":{"id":"84036","parcel":"117070K04000CO","address":"3379 GOLF CLUB LN","owner":"GARRETT, KATHERINE I.","point":[-86.8092546433841,36.11718482718686]}},{"type":"Feature","id":"84037","geometry":{"type":"Polygon","coordinates":[[[-86.8091514275211,36.1172172497846],[-86.8091818387838,36.1171780364557],[-86.809296824877,36.1172313834224],[-86.8092670850726,36.1172703173838],[-86.8091514275211,36.1172172497846]]]},"properties":{"id":"84037","parcel":"117070K04100CO","address":"3381 GOLF CLUB LN","owner":"CROTZER, DEVIN C","point":[-86.80922421018522,36.11722431675929]}},{"type":"Feature","id":"84038","geometry":{"type":"Polygon","coordinates":[[[-86.8053696597446,36.1199673752645],[-86.8055720265007,36.1195231872432],[-86.8055723558205,36.1195223612723],[-86.8058469137371,36.1196118235764],[-86.8059209017318,36.11963596039],[-86.8059208636686,36.1196360408584],[-86.8058767761921,36.1197252594851],[-86.8058219717314,36.1197629891593],[-86.8056491145428,36.120075341082],[-86.8056490717342,36.1200753918397],[-86.8053683251994,36.1199698545881],[-86.8053696597446,36.1199673752645]],[[-86.8056517111793,36.1199017567036],[-86.8056745854207,36.1198535295525],[-86.8057303219894,36.1198740354506],[-86.8057757443624,36.1197789559425],[-86.8057889928344,36.1197832629914],[-86.8058148374494,36.1197275984191],[-86.8057475341956,36.1197016765122],[-86.805714335407,36.1197667301768],[-86.8056531704791,36.1197451609643],[-86.8055933568565,36.1197233096076],[-86.8056228257012,36.1196577311061],[-86.8055531577325,36.1196323737653],[-86.8055259689572,36.1196891459208],[-86.8055392318782,36.1196945515631],[-86.8054948222946,36.1197896233181],[-86.8055488581405,36.119809590875],[-86.8055263203887,36.1198572668748],[-86.8055752549273,36.1198747962709],[-86.805615366114,36.1197901918418],[-86.8056299741915,36.1197950387082],[-86.8056432404936,36.1198009940983],[-86.8056034597538,36.1198847716568],[-86.8056517111793,36.1199017567036]]]},"properties":{"id":"84038","parcel":"117070L00100CO","address":"2004 B LOMBARDY AVE","owner":"O.I.C. LOMBARDY CONDOMINIUMS","point":[-86.80548198420003,36.119797765441035]}},{"type":"Feature","id":"84039","geometry":{"type":"Polygon","coordinates":[[[-86.8085902588464,36.1192814246908],[-86.8085750559545,36.1192718459314],[-86.8085662094578,36.1192813677937],[-86.8084747048801,36.1192246992571],[-86.8085084711279,36.1191885631476],[-86.8085036369236,36.1191856384437],[-86.8085344697243,36.1191531352288],[-86.8085399869505,36.1191565907147],[-86.808589712383,36.1191871830835],[-86.8085739500892,36.1192037200201],[-86.8086029592342,36.1192215412857],[-86.8085882068988,36.1192372251498],[-86.8086548512607,36.1192784572714],[-86.8086256748686,36.1193095551284],[-86.8085866540678,36.1192853450981],[-86.8085902588464,36.1192814246908]]]},"properties":{"id":"84039","parcel":"117070M00100CO","address":"2093 STOKES LN","owner":"KELSEY, AARON TAYLOR","point":[-86.80853935051483,36.11923097483412]}},{"type":"Feature","id":"84040","geometry":{"type":"Polygon","coordinates":[[[-86.8088086923083,36.1191167713672],[-86.8087420363532,36.119075268121],[-86.8087272812728,36.1190906771304],[-86.8086986087575,36.1190728581438],[-86.8086828708268,36.1190893832155],[-86.8086334836365,36.1190585146271],[-86.8086283045644,36.1190553218555],[-86.8086588046557,36.1190231002349],[-86.8086643308104,36.1190265601618],[-86.808698764902,36.1189901356148],[-86.8087899306023,36.1190468080589],[-86.8087807493551,36.1190566142837],[-86.8087959416828,36.1190659209011],[-86.8087995453212,36.1190619995936],[-86.8088378813548,36.1190859482696],[-86.8088086923083,36.1191167713672]]]},"properties":{"id":"84040","parcel":"117070M00400CO","address":"2087 STOKES LN","owner":"2087 STOKES LANE TRUST","point":[-86.8087091401124,36.119051065020436]}},{"type":"Feature","id":"84041","geometry":{"type":"Polygon","coordinates":[[[-86.8087979918672,36.1189680540441],[-86.8088130766446,36.1189520813157],[-86.8087636905906,36.118921211871],[-86.8087981391043,36.1188853396833],[-86.8088431766956,36.1189140779001],[-86.8088889693486,36.1189420188094],[-86.8088797786609,36.1189515502144],[-86.8088998113085,36.1189640554567],[-86.8089034244112,36.1189604098748],[-86.8089393391644,36.1189827605601],[-86.8089162588257,36.1190030148396],[-86.8088785504606,36.1190430782518],[-86.8088119083832,36.119001844434],[-86.8088266627972,36.1189861551194],[-86.8087979918672,36.1189680540441]]]},"properties":{"id":"84041","parcel":"117070M00600CO","address":"2083 STOKES LN","owner":"RHODES, ROBIN","point":[-86.80885630612374,36.11896606657555]}},{"type":"Feature","id":"84042","geometry":{"type":"Polygon","coordinates":[[[-86.8019616654597,36.1169334815585],[-86.8020556693332,36.116162773914],[-86.8026944867939,36.116211159225],[-86.8025780579504,36.1171399798348],[-86.8022128733331,36.117019999732],[-86.8019616654597,36.1169334815585]]]},"properties":{"id":"84042","parcel":"11708009300","address":"1625 STOKES LN","owner":"ESTILL, CYNTHIA F.","point":[-86.8023274651819,36.11657231995739]}},{"type":"Feature","id":"84057","geometry":{"type":"Polygon","coordinates":[[[-86.8087221252019,36.1191539835112],[-86.8086996701793,36.1191398820867],[-86.8086645807483,36.1191768644129],[-86.8085827234963,36.1191254975135],[-86.8086086371589,36.1190983150765],[-86.8086003521043,36.1190932630506],[-86.8086334836365,36.1190585146271],[-86.8086828708268,36.1190893832155],[-86.8086986087575,36.1190728581438],[-86.8087272812728,36.1190906771304],[-86.8087420363532,36.119075268121],[-86.8088086923083,36.1191167713672],[-86.8087496577808,36.1191789771309],[-86.8087175314884,36.1191587478441],[-86.8087221252019,36.1191539835112]]]},"properties":{"id":"84057","parcel":"117070M01200CO","address":"2071 STOKES LN","owner":"YANT, ROGER T","point":[-86.8086957176478,36.11912113450921]}},{"type":"Feature","id":"84058","geometry":{"type":"Polygon","coordinates":[[[-86.8085739500892,36.1192037200201],[-86.808589712383,36.1191871830835],[-86.8085399869505,36.1191565907147],[-86.808574428986,36.1191201715595],[-86.8085827234963,36.1191254975135],[-86.8086645807483,36.1191768644129],[-86.8086553900066,36.1191863958003],[-86.8086778428497,36.1192005008525],[-86.8086817780067,36.11919629883],[-86.8087139009637,36.1192165272472],[-86.8086548512607,36.1192784572714],[-86.8085882068988,36.1192372251498],[-86.8086029592342,36.1192215412857],[-86.8085739500892,36.1192037200201]]]},"properties":{"id":"84058","parcel":"117070M01300CO","address":"2069 STOKES LN","owner":"LYONS, WILL N","point":[-86.8086268295701,36.11919831521914]}},{"type":"Feature","id":"84059","geometry":{"type":"Polygon","coordinates":[[[-86.8084037149939,36.1189875042434],[-86.8083385970358,36.1189453721879],[-86.8083689123304,36.1189144136737],[-86.8084067294391,36.1189390211962],[-86.8084025221427,36.1189430069236],[-86.8084172256189,36.1189524214136],[-86.8084265695573,36.1189427709491],[-86.8084438820904,36.1189538993125],[-86.8085168817206,36.1190008463065],[-86.8084813943014,36.1190369281636],[-86.8084866465938,36.1190403304494],[-86.8084553774052,36.1190724120742],[-86.8084497831226,36.1190690246971],[-86.808401460286,36.1190376162228],[-86.8084172638816,36.1190214260248],[-86.8083885515138,36.119002847451],[-86.8084037149939,36.1189875042434]]]},"properties":{"id":"84059","parcel":"117070M02000CO","address":"2039 STOKES LN","owner":"GREEN, BRETT R. & DONNA B.","point":[-86.80845192281404,36.11899416189696]}},{"type":"Feature","id":"84060","geometry":{"type":"Polygon","coordinates":[[[-86.8083346514506,36.1190365002311],[-86.8083150515974,36.1190239451287],[-86.8083111851978,36.1190279186543],[-86.8082754770253,36.1190048940425],[-86.8082967526735,36.1189830296723],[-86.8082995734395,36.1189851350921],[-86.8083385970358,36.1189453721879],[-86.8084037149939,36.1189875042434],[-86.8083885515138,36.119002847451],[-86.8084172638816,36.1190214260248],[-86.808401460286,36.1190376162228],[-86.8084497831226,36.1190690246971],[-86.8084149401151,36.119104251404],[-86.8083249654916,36.1190461646968],[-86.8083346514506,36.1190365002311]]]},"properties":{"id":"84060","parcel":"117070M02100CO","address":"2037 STOKES LN","owner":"ISAACS, ELIZABETH & CHARLES","point":[-86.80836543792797,36.11902601559435]}},{"type":"Feature","id":"84081","geometry":{"type":"Polygon","coordinates":[[[-86.8083346514506,36.1190365002311],[-86.8083150515974,36.1190239451287],[-86.8083111851978,36.1190279186543],[-86.8082754770253,36.1190048940425],[-86.8082967526735,36.1189830296723],[-86.8082995734395,36.1189851350921],[-86.8083385970358,36.1189453721879],[-86.8084037149939,36.1189875042434],[-86.8083885515138,36.119002847451],[-86.8084172638816,36.1190214260248],[-86.808401460286,36.1190376162228],[-86.8084497831226,36.1190690246971],[-86.8084149401151,36.119104251404],[-86.8083249654916,36.1190461646968],[-86.8083346514506,36.1190365002311]]]},"properties":{"id":"84081","parcel":"117070M02400CO","address":"2063 STOKES LN","owner":"SMITH, JAMIE","point":[-86.80836543792797,36.11902601559435]}},{"type":"Feature","id":"84082","geometry":{"type":"Polygon","coordinates":[[[-86.8084037149939,36.1189875042434],[-86.8083385970358,36.1189453721879],[-86.8083689123304,36.1189144136737],[-86.8084067294391,36.1189390211962],[-86.8084025221427,36.1189430069236],[-86.8084172256189,36.1189524214136],[-86.8084265695573,36.1189427709491],[-86.8084438820904,36.1189538993125],[-86.8085168817206,36.1190008463065],[-86.8084813943014,36.1190369281636],[-86.8084866465938,36.1190403304494],[-86.8084553774052,36.1190724120742],[-86.8084497831226,36.1190690246971],[-86.808401460286,36.1190376162228],[-86.8084172638816,36.1190214260248],[-86.8083885515138,36.119002847451],[-86.8084037149939,36.1189875042434]]]},"properties":{"id":"84082","parcel":"117070M02500CO","address":"2061 STOKES LN","owner":"BRUNNER, JASON","point":[-86.80845192281404,36.11899416189696]}},{"type":"Feature","id":"84083","geometry":{"type":"Polygon","coordinates":[[[-86.8084362426865,36.1189328307685],[-86.8084218940325,36.118923679781],[-86.8084180115337,36.1189273803296],[-86.8083805598307,36.1189033120323],[-86.8084063558088,36.1188769001209],[-86.8084326277805,36.1188941863851],[-86.8084458575104,36.118880832644],[-86.8085190335111,36.1189281975512],[-86.8085112652353,36.1189356031829],[-86.8085523464707,36.1189645050212],[-86.8085168817206,36.1190008463065],[-86.8084438820904,36.1189538993125],[-86.8084265695573,36.1189427709491],[-86.8084277337604,36.1189415743552],[-86.8084362426865,36.1189328307685]]]},"properties":{"id":"84083","parcel":"117070M02600CO","address":"2059 STOKES LN","owner":"ABRAMSON, LAURA N.","point":[-86.80847315666904,36.11893859462318]}},{"type":"Feature","id":"84084","geometry":{"type":"Polygon","coordinates":[[[-86.808500269718,36.1187822867625],[-86.8085284386587,36.1187502295092],[-86.8085581220634,36.11871908501],[-86.8085934764795,36.1187418460326],[-86.8085899455042,36.1187458119114],[-86.8086092088063,36.1187583728311],[-86.8086185593538,36.1187487214054],[-86.8087095816942,36.1188076021127],[-86.8086747506021,36.1188431037098],[-86.8086250497371,36.1188111971404],[-86.8086089107645,36.118827388714],[-86.8085802073542,36.1188088146315],[-86.8085653803492,36.1188241402851],[-86.808500269718,36.1187822867625]]]},"properties":{"id":"84084","parcel":"117070M02900CO","address":"2053 STOKES LN","owner":"GLADHILL, GAGE","point":[-86.80858152100579,36.11877037260441]}},{"type":"Feature","id":"84085","geometry":{"type":"Polygon","coordinates":[[[-86.8080495194513,36.1182961146433],[-86.8081201534709,36.1182451759355],[-86.8081339075903,36.1182577026399],[-86.8081588862268,36.1182399485627],[-86.8081863944985,36.1182650037635],[-86.8081502563249,36.1182910460011],[-86.8081466823353,36.1182867473966],[-86.8081325734687,36.118297322035],[-86.8081424627637,36.1183066606592],[-86.8080563777632,36.1183684858302],[-86.8080182783244,36.1183335622084],[-86.8080586846036,36.1183043747841],[-86.8080495194513,36.1182961146433]]]},"properties":{"id":"84085","parcel":"117070M03100CO","address":"2017 STOKES LN","owner":"APPEL, DENNIS P. & SOON, MEI MEI","point":[-86.8080955380099,36.11830084826943]}},{"type":"Feature","id":"84086","geometry":{"type":"Polygon","coordinates":[[[-86.8081643364264,36.1184676615784],[-86.8081266000892,36.1184332790315],[-86.8081216779812,36.1184369919439],[-86.8080881546676,36.1184060610097],[-86.8080948276098,36.1184036729706],[-86.8081397449766,36.1183691341269],[-86.8081566759779,36.1183845939471],[-86.8081842792123,36.1183648412621],[-86.8082001590698,36.1183795077805],[-86.8082625945841,36.1183348490799],[-86.8082947046784,36.1183644438222],[-86.8082585654025,36.1183904879014],[-86.8082546571364,36.1183861987504],[-86.8082401934304,36.1183965080979],[-86.8082504225796,36.1184058381269],[-86.8081643364264,36.1184676615784]]]},"properties":{"id":"84086","parcel":"117070M03300CO","address":"2013 STOKES LN","owner":"LUBMAN, ALEKSEY","point":[-86.80817194185767,36.11840009765196]}},{"type":"Feature","id":"84087","geometry":{"type":"Polygon","coordinates":[[[-86.8082020972841,36.1185025946327],[-86.8081643364264,36.1184676615784],[-86.8082504225796,36.1184058381269],[-86.8082606494912,36.1184151663675],[-86.8082747956539,36.1184054179404],[-86.8082705698695,36.1184016924164],[-86.8083063821124,36.1183759317252],[-86.8083338904687,36.1184009859904],[-86.8083082588721,36.1184193077802],[-86.8083223517606,36.1184318249825],[-86.8082520330554,36.118482205602],[-86.8082425035726,36.1184734062467],[-86.8082020972841,36.1185025946327]]]},"properties":{"id":"84087","parcel":"117070M03400CO","address":"2011 STOKES LN","owner":"BALIAN, JOHN M.","point":[-86.80824331447322,36.11844974325914]}},{"type":"Feature","id":"84088","geometry":{"type":"Polygon","coordinates":[[[-86.8082520330554,36.118482205602],[-86.8083223517606,36.1184318249825],[-86.808336107055,36.1184443516558],[-86.808361072919,36.1184263236334],[-86.8083889456007,36.118451917115],[-86.8083528051685,36.1184779576244],[-86.8083492440098,36.1184739392388],[-86.8083351223143,36.1184842363914],[-86.8083449977597,36.1184933011018],[-86.8082589149268,36.1185551254984],[-86.8082208036347,36.1185199280306],[-86.8082615486347,36.1184907301587],[-86.8082520330554,36.118482205602]]]},"properties":{"id":"84088","parcel":"117070M03500CO","address":"2009 STOKES LN","owner":"HIRSCHOWITZ, DAVID E.","point":[-86.80829829099173,36.11848748320952]}},{"type":"Feature","id":"84089","geometry":{"type":"Polygon","coordinates":[[[-86.8084033175658,36.1186900963944],[-86.8083655682242,36.1186554391189],[-86.8084523073456,36.1185930451452],[-86.8084625354526,36.1186023769657],[-86.8084763300906,36.1185923604869],[-86.8084721042686,36.1185886331677],[-86.808508581182,36.1185625813551],[-86.8085357553906,36.1185876441225],[-86.8085104591673,36.1186059573973],[-86.8085242250957,36.1186187588688],[-86.8084529147022,36.1186697176631],[-86.8084437366713,36.1186611827478],[-86.8084033175658,36.1186900963944]]]},"properties":{"id":"84089","parcel":"117070M03800CO","address":"2003 STOKES LN","owner":"SCOTT, JONATHAN D & NICOLE W","point":[-86.80844481218782,36.1186370988851]}},{"type":"Feature","id":"84544","geometry":{"type":"Polygon","coordinates":[[[-86.8091919130204,36.1163392748014],[-86.8092044697217,36.1162424919231],[-86.8092776641991,36.1162485937323],[-86.809265174773,36.1163519690514],[-86.8091919802012,36.1163458672347],[-86.8091919130204,36.1163392748014]]]},"properties":{"id":"84544","parcel":"117070D00200CO","address":"136 MATTHEW LN","owner":"MORADIPOUR, COURTNEY LYNN","point":[-86.80923499116066,36.11629393459726]}},{"type":"Feature","id":"84545","geometry":{"type":"Polygon","coordinates":[[[-86.8092776641991,36.1162485937323],[-86.8092776194041,36.1162441984763],[-86.809364378344,36.1162524074507],[-86.8093494039359,36.1163777763348],[-86.8092626672623,36.1163717654285],[-86.809265174773,36.1163519690514],[-86.8092776641991,36.1162485937323]]]},"properties":{"id":"84545","parcel":"117070D00300CO","address":"132 MATTHEW LN","owner":"RUBENSTEIN, IRVING","point":[-86.80931481079234,36.11630218831607]}},{"type":"Feature","id":"84546","geometry":{"type":"Polygon","coordinates":[[[-86.8034040195207,36.1181688096429],[-86.8036510957648,36.1176395649033],[-86.8039655750578,36.117741449227],[-86.8039475832672,36.1177799890008],[-86.8037180852672,36.1182715851271],[-86.8037028686137,36.1182666050902],[-86.8036900927842,36.1182624244483],[-86.8034040195207,36.1181688096429]]]},"properties":{"id":"84546","parcel":"11707006100","address":"1710 STOKES LN","owner":"ISAAC, EHAB & DAWOUD, FEBRONIA","point":[-86.80367580212176,36.11797439963546]}},{"type":"Feature","id":"84547","geometry":{"type":"Polygon","coordinates":[[[-86.8083820399851,36.1178056898563],[-86.8089417329834,36.1174415164556],[-86.8089825836339,36.1174632193543],[-86.809812944184,36.1178774061704],[-86.8098237412977,36.1178847962999],[-86.8098329829682,36.1178934658774],[-86.8098404381741,36.1179032001465],[-86.809845926758,36.1179137614774],[-86.8098493127632,36.1179248894111],[-86.8098505111894,36.1179363096272],[-86.8098494947313,36.1179477411091],[-86.8098462882984,36.1179589033906],[-86.8098409701714,36.1179695210548],[-86.809794943178,36.1180379589177],[-86.8097235226108,36.1181395298357],[-86.8091197804873,36.1189655200998],[-86.808288743467,36.1182194809613],[-86.8083820399851,36.1178056898563]]]},"properties":{"id":"84547","parcel":"11707007900","address":"3206 HILLSBORO PIKE","owner":"WOMAN'S CLUB OF NASHVILLE, THE","point":[-86.80899575682784,36.11817949100429]}},{"type":"Feature","id":"84548","geometry":{"type":"Polygon","coordinates":[[[-86.8001287906089,36.1160568969856],[-86.8002094300065,36.1157267081224],[-86.8000925917388,36.1156901223557],[-86.8001261325967,36.1155896105733],[-86.8001280184151,36.1155839569373],[-86.8001289760289,36.1155805500465],[-86.8001723602315,36.1154499007624],[-86.8006078803405,36.1154867131008],[-86.8005653380918,36.1158342307215],[-86.800494697544,36.1158127226945],[-86.8002347449515,36.1163572773074],[-86.8000173399375,36.1162861960136],[-86.8001287906089,36.1160568969856]]]},"properties":{"id":"84548","parcel":"11708028700","address":"1609 STOKES LN","owner":"WILSON, MATTHEW G. & TARA  LIVING TRUST, THE","point":[-86.80029363763083,36.115945475006555]}},{"type":"Feature","id":"84560","geometry":{"type":"Polygon","coordinates":[[[-86.8097368201324,36.1163861645647],[-86.8097493089498,36.1162827891978],[-86.8098225035063,36.1162888906764],[-86.8098199300143,36.1163020946249],[-86.8098100147832,36.1163922660507],[-86.8097368201324,36.1163861645647]]]},"properties":{"id":"84560","parcel":"117070D01100CO","address":"118 MATTHEW LN","owner":"GAO, CHENG & ZHOUO, CHENGECHENG","point":[-86.80977860340299,36.11634412996472]}},{"type":"Feature","id":"84561","geometry":{"type":"Polygon","coordinates":[[[-86.8098100147832,36.1163922660507],[-86.8098199300143,36.1163020946249],[-86.8098877075478,36.1163082324337],[-86.809875241316,36.1164138049915],[-86.8098074412857,36.1164054699986],[-86.8098100147832,36.1163922660507]]]},"properties":{"id":"84561","parcel":"117070D01200CO","address":"116 MATTHEW LN","owner":"GRAHAM, ANDREW H & TAMARA L","point":[-86.80984869034297,36.11635024897755]}},{"type":"Feature","id":"84564","geometry":{"type":"Polygon","coordinates":[[[-86.8071972685355,36.1182361084781],[-86.8072688124349,36.1176945412303],[-86.8079516949633,36.1177524701998],[-86.8079702761226,36.117601303415],[-86.8081206882565,36.1176755799058],[-86.807821567573,36.1188929023643],[-86.8078121624925,36.1188886878664],[-86.8077094465859,36.1188439754359],[-86.8076055770745,36.1188010542795],[-86.8075006007979,36.1187599430076],[-86.8074965383328,36.1187584028742],[-86.8073798713133,36.1187155095142],[-86.8072578205172,36.1186735245142],[-86.8071443386568,36.1186367626637],[-86.8071460509395,36.1186238051888],[-86.8071536973068,36.1185659313629],[-86.8071972107487,36.1182365432828],[-86.8071972685355,36.1182361084781]]]},"properties":{"id":"84564","parcel":"11707008000","address":"3401 BENHAM AVE","owner":"FITZGERALD, AGATHA REVOCABLE LIVING TRUST, THE","point":[-86.80755876610434,36.11840185367114]}},{"type":"Feature","id":"84567","geometry":{"type":"Polygon","coordinates":[[[-86.8065871646129,36.1165332807799],[-86.8066205731457,36.1162532082074],[-86.8072754740431,36.1163087666173],[-86.8072394543138,36.1165814347957],[-86.8065871646129,36.1165332807799]]]},"properties":{"id":"84567","parcel":"11707009500","address":"3414 BENHAM AVE","owner":"BYASSEE HOWELL FAMILY TRUST","point":[-86.80693059676139,36.116421023030234]}},{"type":"Feature","id":"84568","geometry":{"type":"Polygon","coordinates":[[[-86.806504870024,36.1170667639377],[-86.8065511737963,36.1168065226445],[-86.8065528831863,36.1168066166641],[-86.8072036415909,36.1168525270168],[-86.8071678400264,36.1171235389182],[-86.8071515164819,36.1172751050708],[-86.8064801978651,36.1172146572097],[-86.8065000023735,36.1170782436735],[-86.806504870024,36.1170667639377]]]},"properties":{"id":"84568","parcel":"11707009700","address":"3408 BENHAM AVE","owner":"WOLFORD, THOMAS D. & COLETTE B.","point":[-86.80685672174782,36.11695964996391]}},{"type":"Feature","id":"84748","geometry":{"type":"Polygon","coordinates":[[[-86.8025034762627,36.1183775766607],[-86.8027174540228,36.1179441341662],[-86.8027493783067,36.1179545820709],[-86.8027494251133,36.1179545970812],[-86.8027494641174,36.1179546094396],[-86.802749510924,36.1179546244498],[-86.8027850796926,36.117966264821],[-86.8027852301551,36.1179663142913],[-86.8029215493135,36.1180109243856],[-86.8027073481861,36.1184443759378],[-86.8025377877173,36.1183888874888],[-86.8025034414287,36.1183776471924],[-86.8025034577622,36.1183776146375],[-86.8025034762627,36.1183775766607]]]},"properties":{"id":"84748","parcel":"11707003100","address":"1815 LOMBARDY AVE","owner":"ROBERTSON, PAUL D.","point":[-86.80271246673622,36.11819425063321]}},{"type":"Feature","id":"84749","geometry":{"type":"Polygon","coordinates":[[[-86.8032619970523,36.1182447944511],[-86.8033125237417,36.1181388682713],[-86.8033882813203,36.118163659994],[-86.8034040195207,36.1181688096429],[-86.8036900927842,36.1182624244483],[-86.8034760846424,36.1186959391652],[-86.8031812487473,36.1185994566412],[-86.8031000463516,36.1185728840567],[-86.8032619970523,36.1182447944511]]]},"properties":{"id":"84749","parcel":"11707003400","address":"1821 LOMBARDY AVE","owner":"POWER. LAURA C.","point":[-86.8033950665341,36.11841765461364]}},{"type":"Feature","id":"84750","geometry":{"type":"Polygon","coordinates":[[[-86.8034760846424,36.1186959391652],[-86.8036900927842,36.1182624244483],[-86.8037028686137,36.1182666050902],[-86.8037180852672,36.1182715851271],[-86.8039412897328,36.1183446255708],[-86.8037272838517,36.1187781407169],[-86.8034899416315,36.1187004740418],[-86.8034760846424,36.1186959391652]]]},"properties":{"id":"84750","parcel":"11707003500","address":"1823 LOMBARDY AVE","owner":"ABINGTON, SUSAN H.","point":[-86.80370868792825,36.118520282598354]}},{"type":"Feature","id":"84764","geometry":{"type":"Polygon","coordinates":[[[-86.8081576729512,36.1195768150286],[-86.8081976968818,36.1195172091598],[-86.8082367772834,36.1195312326255],[-86.8082765352646,36.1195452506369],[-86.8082018566396,36.1196600308844],[-86.8081698913036,36.1196462346277],[-86.8081256881822,36.1196275759189],[-86.8081576729512,36.1195768150286]]]},"properties":{"id":"84764","parcel":"117070B20500CO","address":"3182 HILLSBORO PIKE","owner":"ABDULRAHMAN, ADAM M.","point":[-86.80819053224492,36.119602273700814]}},{"type":"Feature","id":"84765","geometry":{"type":"Polygon","coordinates":[[[-86.8081031584646,36.119876066095],[-86.8081251686076,36.1198429533487],[-86.8081402398914,36.1198496372265],[-86.8082495887844,36.1198981307858],[-86.8082272527428,36.1199309807615],[-86.8082022599304,36.1199655095963],[-86.8080904867831,36.119916113829],[-86.8080798166185,36.1199113850839],[-86.8081031584646,36.119876066095]]]},"properties":{"id":"84765","parcel":"117070B30100CO","address":"3170 HILLSBORO PIKE","owner":"CARR, LORRAINE D REV LIVING TRUST, THE","point":[-86.80816463840618,36.119904757861974]}},{"type":"Feature","id":"84766","geometry":{"type":"Polygon","coordinates":[[[-86.8082018566396,36.1196600308844],[-86.8082765352646,36.1195452506369],[-86.8083115412812,36.1195582027176],[-86.8083482645888,36.119571690358],[-86.8083526645129,36.119573310218],[-86.8083127077902,36.1196395094669],[-86.8082807175412,36.1196902704347],[-86.8082642425588,36.1196839537891],[-86.8082447085621,36.1196764643412],[-86.8082018566396,36.1196600308844]]]},"properties":{"id":"84766","parcel":"117070B30400CO","address":"3184 HILLSBORO PIKE","owner":"TURNER ALSUP SUPPLEMENTAL NEEDS TRUST","point":[-86.8082847648414,36.11960633316511]}},{"type":"Feature","id":"84767","geometry":{"type":"Polygon","coordinates":[[[-86.8080053240759,36.1195119050738],[-86.8080774032611,36.1194081307898],[-86.8081141254812,36.119423268756],[-86.8081322091054,36.1194306958395],[-86.8081549265951,36.1194400269265],[-86.8080842272555,36.1195465391201],[-86.8080544333009,36.1195327030502],[-86.8080474909755,36.1195294788045],[-86.8080325211081,36.1195227113178],[-86.8080053240759,36.1195119050738]]]},"properties":{"id":"84767","parcel":"117070B30700CO","address":"3198 HILLSBORO PIKE","owner":"TAHILIANI FAMILY REV LIVING TRUST","point":[-86.80808067961404,36.119475966911615]}},{"type":"Feature","id":"84773","geometry":{"type":"Polygon","coordinates":[[[-86.8049031697782,36.1188351695337],[-86.8049743585769,36.1186826761416],[-86.8049745458162,36.1186827370805],[-86.8052884283883,36.1187854475237],[-86.8052902283664,36.1187860357605],[-86.805081356695,36.1192212314602],[-86.8047704384828,36.119119492112],[-86.8049031697782,36.1188351695337]]]},"properties":{"id":"84773","parcel":"11707004000","address":"1907 LOMBARDY AVE","owner":"CHANG, TONY & TASAKA, CHELSEA","point":[-86.80501746940888,36.11897762502407]}},{"type":"Feature","id":"84774","geometry":{"type":"Polygon","coordinates":[[[-86.8067124559905,36.1192510590904],[-86.806963744811,36.118712741355],[-86.8071475792238,36.118772292913],[-86.8071750062859,36.1187811771784],[-86.8071756984824,36.1187814095835],[-86.8072544348088,36.1188082618159],[-86.8072820996627,36.1188176969515],[-86.8073238233143,36.1188328079934],[-86.8073235621543,36.1188333433004],[-86.8070577329299,36.1193768783522],[-86.8070222500453,36.1193559978179],[-86.8070099035213,36.1193487331711],[-86.8069833079364,36.1193400307722],[-86.8068599184349,36.1192993089119],[-86.806859888334,36.1192992982979],[-86.8067124559905,36.1192510590904]]]},"properties":{"id":"84774","parcel":"11707005100","address":"2000 STOKES LN","owner":"SECHRIST, ERICA A. & ROBERT M.","point":[-86.80701568181583,36.11904219784093]}},{"type":"Feature","id":"84775","geometry":{"type":"Polygon","coordinates":[[[-86.80624120529,36.1190972119622],[-86.8064920151846,36.1185599258695],[-86.8068274434262,36.1186685872371],[-86.806963744811,36.118712741355],[-86.8067124559905,36.1192510590904],[-86.8065664225804,36.1192032763117],[-86.8065539273165,36.1191991878294],[-86.8065538816192,36.1191991728132],[-86.8065538504168,36.1191991631077],[-86.8065538114116,36.1191991507506],[-86.8064449362584,36.1191635255022],[-86.8063832268169,36.1191433329513],[-86.8062869618642,36.1191118349486],[-86.8062479369607,36.119099065067],[-86.80624120529,36.1190972119622]]]},"properties":{"id":"84775","parcel":"11707005200","address":"1808 STOKES LN","owner":"FEELY, LUKE JAMES & GANNON, KATHRYN L.","point":[-86.80660247583573,36.118904977208956]}},{"type":"Feature","id":"84777","geometry":{"type":"Polygon","coordinates":[[[-86.8015185920769,36.1150125565504],[-86.8015537135894,36.1147354139892],[-86.8022179078644,36.114794731512],[-86.8021854732549,36.1150696581795],[-86.8015185920769,36.1150125565504]]]},"properties":{"id":"84777","parcel":"11708027900","address":"3421 RICHARDS ST","owner":"OMEGA PROPERTIES, LLC","point":[-86.80186872891431,36.11490364533521]}},{"type":"Feature","id":"84904","geometry":{"type":"Polygon","coordinates":[[[-86.8027907134205,36.1168835405585],[-86.8028109355332,36.1167142010374],[-86.8030554805267,36.1167319164608],[-86.8030903120428,36.1166943245988],[-86.803097664357,36.1166945280049],[-86.8031048925976,36.116695643433],[-86.8031118243089,36.1166976431905],[-86.8031182968579,36.1167004823948],[-86.8031241562519,36.1167040917713],[-86.8031292661149,36.1167083866064],[-86.8031335032446,36.116713266777],[-86.8031366094517,36.1167182455072],[-86.8031388001584,36.1167235349666],[-86.8031400320354,36.1167290245861],[-86.8031402761653,36.1167346009967],[-86.8031395302613,36.1167401479482],[-86.8031195522789,36.1169073075031],[-86.8027907134205,36.1168835405585]]]},"properties":{"id":"84904","parcel":"117070G00200CO","address":"205 STOKESBORO CT","owner":"BRYAN, JAMES N., JR. & MELANEE S.","point":[-86.80296511836325,36.116811844375235]}},{"type":"Feature","id":"85211","geometry":{"type":"Polygon","coordinates":[[[-86.8097385219706,36.1107095090082],[-86.8097411401216,36.1107007012061],[-86.8098604120864,36.1107108861312],[-86.8098527381126,36.1107548941903],[-86.8097334638521,36.1107447083713],[-86.8097361054919,36.1107380950386],[-86.8097385219706,36.1107095090082]]]},"properties":{"id":"85211","parcel":"117110A01300CO","address":"2097 GRAYBAR LN A-3","owner":"CONDRA, DAVID L.","point":[-86.80979764347751,36.11072448962423]}},{"type":"Feature","id":"85218","geometry":{"type":"Polygon","coordinates":[[[-86.8024788990108,36.1178389952942],[-86.8027249615216,36.1173364290256],[-86.8030424588267,36.1174407390386],[-86.802796856182,36.1179423682627],[-86.8027850796926,36.117966264821],[-86.802749510924,36.1179546244498],[-86.8027494641174,36.1179546094396],[-86.8027494251133,36.1179545970812],[-86.8027493783067,36.1179545820709],[-86.8027174540228,36.1179441341662],[-86.802528965665,36.1178824518783],[-86.8024685020171,36.1178626645336],[-86.8024685172307,36.117862631085],[-86.8024685335095,36.1178625931228],[-86.8024788990108,36.1178389952942]]]},"properties":{"id":"85218","parcel":"11707006400","address":"1704 STOKES LN","owner":"MCCALL, TONY M. & BARBARA A. TENNESSEE TRUST","point":[-86.80276067944496,36.117639867502994]}},{"type":"Feature","id":"85219","geometry":{"type":"Polygon","coordinates":[[[-86.8083335856413,36.1171101712997],[-86.808726646764,36.1170671536581],[-86.8087266178401,36.1171019415593],[-86.8087295684116,36.1171366472947],[-86.8087368401863,36.1171748534792],[-86.8087481797682,36.1172124023918],[-86.8087635042703,36.1172490079792],[-86.8087826964539,36.1172843925299],[-86.8088056091907,36.1173182884463],[-86.8088320710158,36.1173504382082],[-86.8088564423927,36.1173755097898],[-86.8088829328259,36.1173991233012],[-86.8089114100538,36.1174211624612],[-86.8089417329834,36.1174415164556],[-86.8083820399851,36.1178056898563],[-86.8081206882565,36.1176755799058],[-86.8079702761226,36.117601303415],[-86.807984963927,36.1174818103349],[-86.8080168671896,36.1172222579831],[-86.8080169123024,36.117221888155],[-86.8080181023932,36.1172122121247],[-86.8080252221388,36.11715429578],[-86.8083335856413,36.1171101712997]]]},"properties":{"id":"85219","parcel":"11707007800","address":"3408 GOLF CLUB LN","owner":"TUNGMANELATKUL, PICHIA & TAWAN","point":[-86.80845896146805,36.11743059275145]}},{"type":"Feature","id":"85294","geometry":{"type":"Polygon","coordinates":[[[-86.8097335310548,36.1107512990112],[-86.8097334638521,36.1107447083713],[-86.8098527381126,36.1107548941903],[-86.8098477696611,36.1107988813779],[-86.8097284953169,36.1107886937517],[-86.8097284056832,36.1107799032278],[-86.8097335310548,36.1107512990112]]]},"properties":{"id":"85294","parcel":"117110A01200CO","address":"2097 GRAYBAR LN A-2","owner":"KERR, GEORGE FLETCHER","point":[-86.80979098906089,36.110767399387484]}},{"type":"Feature","id":"85296","geometry":{"type":"Polygon","coordinates":[[[-86.8097538745253,36.11062149828],[-86.8097538073027,36.1106149058376],[-86.8098730813892,36.1106250934392],[-86.8098680905495,36.1106668834487],[-86.809748839916,36.1106588930151],[-86.8097487502801,36.1106501024911],[-86.8097538745253,36.11062149828]]]},"properties":{"id":"85296","parcel":"117110A01500CO","address":"2097 GRAYBAR LN A-5","owner":"HARRIS, EMMYLOU","point":[-86.80981129196577,36.11063759857838]}},{"type":"Feature","id":"85304","geometry":{"type":"Polygon","coordinates":[[[-86.8092776641991,36.1162485937323],[-86.8092776194041,36.1162441984763],[-86.809364378344,36.1162524074507],[-86.8093494039359,36.1163777763348],[-86.8092626672623,36.1163717654285],[-86.809265174773,36.1163519690514],[-86.8092776641991,36.1162485937323]]]},"properties":{"id":"85304","parcel":"117070D00400CO","address":"134 MATTHEW LN","owner":"BIBB, WILLIAM MATTHEW","point":[-86.80931481079234,36.11630218831607]}},{"type":"Feature","id":"85306","geometry":{"type":"Polygon","coordinates":[[[-86.8094388485931,36.116383769006],[-86.8094538452681,36.1162605981896],[-86.80953785033,36.11626442726],[-86.8095378951578,36.1162688243183],[-86.809528115148,36.1163721814816],[-86.8095256077205,36.1163919796666],[-86.8094388485931,36.116383769006]]]},"properties":{"id":"85306","parcel":"117070D00700CO","address":"124 MATTHEW LN","owner":"HOWARD, MITSI","point":[-86.80948978673074,36.11632043418267]}},{"type":"Feature","id":"85308","geometry":{"type":"Polygon","coordinates":[[[-86.8094388485931,36.116383769006],[-86.8094538452681,36.1162605981896],[-86.80953785033,36.11626442726],[-86.8095378951578,36.1162688243183],[-86.809528115148,36.1163721814816],[-86.8095256077205,36.1163919796666],[-86.8094388485931,36.116383769006]]]},"properties":{"id":"85308","parcel":"117070D00800CO","address":"126 MATTHEW LN","owner":"BARRY, DANIEL","point":[-86.80948978673074,36.11632043418267]}},{"type":"Feature","id":"85310","geometry":{"type":"Polygon","coordinates":[[[-86.8021813257765,36.1177380915345],[-86.80242115248,36.1172366137433],[-86.8027249615216,36.1173364290256],[-86.8024788990108,36.1178389952942],[-86.8024685335095,36.1178625931228],[-86.8024685172307,36.117862631085],[-86.8024685020171,36.1178626645336],[-86.8024330871539,36.1178510753199],[-86.8021685002248,36.1177644888568],[-86.80216851766,36.1177644553934],[-86.8021685361604,36.1177644174166],[-86.8021813257765,36.1177380915345]]]},"properties":{"id":"85310","parcel":"11707006500","address":"1702 STOKES LN","owner":"1702 STOKES LANE TRUST, THE","point":[-86.80245200129744,36.117537258709106]}},{"type":"Feature","id":"85343","geometry":{"type":"Polygon","coordinates":[[[-86.8098877075478,36.1163082324337],[-86.8098902586189,36.1162928313065],[-86.8099797256427,36.1163010216552],[-86.80996195567,36.11641761828],[-86.8099593844185,36.1164308222162],[-86.8098753309723,36.1164225955027],[-86.809875241316,36.1164138049915],[-86.8098877075478,36.1163082324337]]]},"properties":{"id":"85343","parcel":"117070D01400CO","address":"114 MATTHEW LN","owner":"SOUSOULAS, CORINNE F.","point":[-86.80992601733004,36.1163610893907]}},{"type":"Feature","id":"85349","geometry":{"type":"Polygon","coordinates":[[[-86.8098976073522,36.1167477044849],[-86.8099128712374,36.1166509033598],[-86.8099806266633,36.1166548439388],[-86.809968093255,36.1167538240648],[-86.8099681380885,36.11675821932],[-86.8098976521818,36.1167520997401],[-86.8098976073522,36.1167477044849]]]},"properties":{"id":"85349","parcel":"117070D02500CO","address":"109 MATTHEW LN","owner":"GOLPER, STEFANIE R.","point":[-86.80993983871129,36.1167012753642]}},{"type":"Feature","id":"85351","geometry":{"type":"Polygon","coordinates":[[[-86.8072688124349,36.1176945412303],[-86.8073042189338,36.1174265260419],[-86.807984963927,36.1174818103349],[-86.8079702761226,36.117601303415],[-86.8079516949633,36.1177524701998],[-86.8072688124349,36.1176945412303]]]},"properties":{"id":"85351","parcel":"11707008100","address":"3405 BENHAM AVE","owner":"BRACKMAN, JOHN ROBERT & WATERMAN, CELESTE","point":[-86.80763339436128,36.11754100464515]}},{"type":"Feature","id":"85353","geometry":{"type":"Polygon","coordinates":[[[-86.8073129252794,36.1173606146656],[-86.8073383719232,36.1171679898903],[-86.8080168671896,36.1172222579831],[-86.807984963927,36.1174818103349],[-86.8073042189338,36.1174265260419],[-86.8073129252794,36.1173606146656]]]},"properties":{"id":"85353","parcel":"11707008200","address":"3409 BENHAM AVE","owner":"HUTCHINSON, LYDIA L.","point":[-86.80766521652308,36.117291437356435]}},{"type":"Feature","id":"85358","geometry":{"type":"Polygon","coordinates":[[[-86.8063923533293,36.1178971250112],[-86.8063952980478,36.1178737080365],[-86.8066992207551,36.117901090044],[-86.8068735040699,36.1179603931501],[-86.8070612733543,36.117977310396],[-86.8069937590091,36.1184994206703],[-86.8069894147538,36.1185111393648],[-86.8069893984588,36.1185111755251],[-86.8069835035492,36.1185208253356],[-86.8069758213832,36.1185296092541],[-86.8069665408136,36.1185373097091],[-86.8069558909928,36.118543739503],[-86.8069441324404,36.1185487373656],[-86.8069315560881,36.1185521832825],[-86.8069266606517,36.1185530614347],[-86.8069124707133,36.1185542577284],[-86.8069121574867,36.1185542607251],[-86.8069007242494,36.118553777513],[-86.8068894771644,36.1185520456799],[-86.8068876234273,36.1185516335766],[-86.8068858049326,36.1185511914951],[-86.8068857493119,36.1185511837556],[-86.8068856969594,36.1185511696853],[-86.8068856590652,36.1185511573209],[-86.8068856033254,36.1185511378655],[-86.8068344307454,36.1185340241383],[-86.8063320154587,36.1183659959501],[-86.8063326383341,36.1183611528023],[-86.8063637371306,36.1181194986164],[-86.8063923533293,36.1178971250112]]]},"properties":{"id":"85358","parcel":"11707009900","address":"1807 STOKES LN","owner":"WILKES, COURTNEY E & ADAY, AARON W","point":[-86.80668765445418,36.11824087396006]}},{"type":"Feature","id":"85360","geometry":{"type":"Polygon","coordinates":[[[-86.8057889370651,36.1172905343283],[-86.805823417315,36.1170172460547],[-86.8065000023735,36.1170782436735],[-86.8064801978651,36.1172146572097],[-86.806462615807,36.117351265877],[-86.8057889370651,36.1172905343283]]]},"properties":{"id":"85360","parcel":"11707010200","address":"3409 HOPKINS ST","owner":"CHAMBLESS, THOMAS S. JR","point":[-86.8061486777009,36.11714589847636]}},{"type":"Feature","id":"85397","geometry":{"type":"Polygon","coordinates":[[[-86.8096780672387,36.1167337944088],[-86.8096930624705,36.1166106208773],[-86.8097770914869,36.1166166523577],[-86.8097746065022,36.1166386459212],[-86.8097593872636,36.1167398413831],[-86.8096780672387,36.1167337944088]]]},"properties":{"id":"85397","parcel":"117070D02900CO","address":"117 MATTHEW LN","owner":"WOODLANDS WEALTH GROUP, LLC","point":[-86.8097256544811,36.11668621909117]}},{"type":"Feature","id":"85399","geometry":{"type":"Polygon","coordinates":[[[-86.8095305347447,36.1166095162747],[-86.8095331340362,36.1165985103893],[-86.8096198676458,36.1166045211231],[-86.8096048946853,36.1167298900203],[-86.8095181576078,36.1167238792983],[-86.8095305347447,36.1166095162747]]]},"properties":{"id":"85399","parcel":"117070D03100CO","address":"121 MATTHEW LN","owner":"BRASWELL, ROBERT","point":[-86.80956838563839,36.116666767797426]}},{"type":"Feature","id":"85401","geometry":{"type":"Polygon","coordinates":[[[-86.809297497764,36.1166000916487],[-86.8092974529678,36.1165956963931],[-86.8093652307115,36.116601834495],[-86.8093652755116,36.1166062297506],[-86.8093527413439,36.1167052098139],[-86.8092849635129,36.1166990717051],[-86.809297497764,36.1166000916487]]]},"properties":{"id":"85401","parcel":"117070D03500CO","address":"129 MATTHEW LN","owner":"CHAPMAN, WILLIAM T., IV & DONNA","point":[-86.80932511953576,36.11665265073482]}},{"type":"Feature","id":"85405","geometry":{"type":"Polygon","coordinates":[[[-86.8060509865844,36.1153757389931],[-86.8060861593702,36.1151051884761],[-86.8067584202564,36.1151578333375],[-86.8067232687367,36.1154305821487],[-86.8060509865844,36.1153757389931]]]},"properties":{"id":"85405","parcel":"11707010900","address":"3423 HOPKINS ST","owner":"HEDGES, VAN E. & MARY V.","point":[-86.80640476506451,36.11526678678877]}},{"type":"Feature","id":"85407","geometry":{"type":"Polygon","coordinates":[[[-86.8060861593702,36.1151051884761],[-86.8061186027853,36.1148324570399],[-86.8067909027177,36.1148894979061],[-86.8067584202564,36.1151578333375],[-86.8060861593702,36.1151051884761]]]},"properties":{"id":"85407","parcel":"11707011000","address":"3425 HOPKINS ST","owner":"THOMAS, LIZBETH & VICTOR","point":[-86.80643841757818,36.114997343527655]}},{"type":"Feature","id":"85409","geometry":{"type":"Polygon","coordinates":[[[-86.8051869987403,36.115313328621],[-86.8052210998427,36.115040651288],[-86.8059181731742,36.1150997172456],[-86.8058857300722,36.115372448602],[-86.8051869987403,36.115313328621]]]},"properties":{"id":"85409","parcel":"11707011300","address":"3424 HOPKINS ST","owner":"TASHIAN, BARRY M. ET UX","point":[-86.80555291362856,36.115206524024586]}},{"type":"Feature","id":"85411","geometry":{"type":"Polygon","coordinates":[[[-86.8044717819381,36.1158087683301],[-86.8045048698682,36.115535376983],[-86.8051523261073,36.1155905729336],[-86.8051181464131,36.1158638717145],[-86.8044717819381,36.1158087683301]]]},"properties":{"id":"85411","parcel":"11707012700","address":"3431 STOKESMONT RD","owner":"BERON, RICARDO & GARCIA, MARIA CRISTINA","point":[-86.80481183286662,36.115699670756435]}},{"type":"Feature","id":"85418","geometry":{"type":"Polygon","coordinates":[[[-86.809335032022,36.1160306373154],[-86.8093349200315,36.1160196496254],[-86.8094054052446,36.1160257695353],[-86.8094054948485,36.1160345600477],[-86.8093928488226,36.1161225524398],[-86.8093250714858,36.1161164143526],[-86.809335032022,36.1160306373154]]]},"properties":{"id":"85418","parcel":"117070F02900CO","address":"3419 GOLF CLUB LN","owner":"KNOTT, BRITTANY LIN","point":[-86.80936471780768,36.116075486307444]}},{"type":"Feature","id":"85420","geometry":{"type":"Polygon","coordinates":[[[-86.8091647376637,36.1160647451902],[-86.8092293142884,36.1160225555191],[-86.8092672536574,36.1160244992031],[-86.8092546724442,36.1161190840295],[-86.809157082955,36.116110950338],[-86.8091647376637,36.1160647451902]]]},"properties":{"id":"85420","parcel":"117070F03100CO","address":"3415 GOLF CLUB LN","owner":"LANGLOIS, WESLEY T. & ANGELA L","point":[-86.80920985845829,36.116087925725125]}},{"type":"Feature","id":"85724","geometry":{"type":"Polygon","coordinates":[[[-86.8015110984873,36.1181864292649],[-86.8014220590028,36.1179908010172],[-86.8015265100206,36.1180711926048],[-86.801595344527,36.11812198026],[-86.8015110984873,36.1181864292649]]]},"properties":{"id":"85724","parcel":"11708006900","address":"1806 LOMBARDY AVE","owner":"THWEATT, JAMES M. & SUE J.","point":[-86.80151553279674,36.11809651123722]}},{"type":"Feature","id":"85741","geometry":{"type":"Polygon","coordinates":[[[-86.8093275659152,36.1171916180615],[-86.8092122461045,36.1171385482538],[-86.8092436596498,36.1170979555303],[-86.8093776576437,36.1171566690852],[-86.8093749860424,36.1171602578941],[-86.8093573023375,36.117152685008],[-86.8093275659152,36.1171916180615]]]},"properties":{"id":"85741","parcel":"117070K03900CO","address":"3377 GOLF CLUB LN","owner":"SILLAY, KARL A. & ELIZABETH G.","point":[-86.80929004358363,36.11714562504111]}},{"type":"Feature","id":"85743","geometry":{"type":"Polygon","coordinates":[[[-86.8001740662338,36.1168212768476],[-86.8002707884563,36.1165179729141],[-86.8004526241686,36.1165769593651],[-86.8002855878546,36.1169655676679],[-86.8001740662338,36.1168212768476]]]},"properties":{"id":"85743","parcel":"11708008500","address":"1612 STOKES LN","owner":"IRVINE, BARBARA JOHNSON","point":[-86.80030656496909,36.11669910688747]}},{"type":"Feature","id":"85745","geometry":{"type":"Polygon","coordinates":[[[-86.802088081525,36.1158856492846],[-86.8021205168049,36.1156107227],[-86.8027628259392,36.1156659584879],[-86.8026944867939,36.116211159225],[-86.8020556693332,36.116162773914],[-86.802088081525,36.1158856492846]]]},"properties":{"id":"85745","parcel":"11708009900","address":"3408 AMANDA AVE","owner":"ETHRIDGE, BOWDEN COMMUNITY PROPERTY TRUST","point":[-86.80239483104553,36.11602474472178]}},{"type":"Feature","id":"85761","geometry":{"type":"Polygon","coordinates":[[[-86.8088143030902,36.1190463111596],[-86.8087991063485,36.1190370072779],[-86.8087899306023,36.1190468080589],[-86.808698764902,36.1189901356148],[-86.8087331989436,36.1189537092551],[-86.8087280199111,36.1189505200926],[-86.808758511559,36.1189180227097],[-86.8087636905906,36.118921211871],[-86.8088130766446,36.1189520813157],[-86.8087979918672,36.1189680540441],[-86.8088266627972,36.1189861551194],[-86.8088119083832,36.119001844434],[-86.8088785504606,36.1190430782518],[-86.8088490321615,36.1190741820638],[-86.8088106972226,36.1190502315813],[-86.8088143030902,36.1190463111596]]]},"properties":{"id":"85761","parcel":"117070M01000CO","address":"2075 STOKES LN","owner":"HICKMAN, CHARLES CHRISTOPHER & CINDY MELISSA","point":[-86.80876269101734,36.11899600177781]}},{"type":"Feature","id":"85763","geometry":{"type":"Polygon","coordinates":[[[-86.8086282408161,36.1187390587477],[-86.8086138910642,36.11872990779],[-86.8086100235555,36.1187338786292],[-86.8085722054166,36.1187092756828],[-86.8085980118241,36.1186831367468],[-86.8086246096327,36.1187001332766],[-86.8086375134389,36.1186870692073],[-86.8087117299617,36.1187349524715],[-86.8087030195331,36.118743756914],[-86.8087453893043,36.118771239542],[-86.8087095816942,36.1188076021127],[-86.8086185593538,36.1187487214054],[-86.8086282408161,36.1187390587477]]]},"properties":{"id":"85763","parcel":"117070M01500CO","address":"2049 STOKES LN","owner":"CHRISTIAN, CONNOR OAKLEY","point":[-86.80866403500139,36.11874624435074]}},{"type":"Feature","id":"85765","geometry":{"type":"Polygon","coordinates":[[[-86.808606244619,36.118909952322],[-86.8085166193794,36.1188521328965],[-86.8085259676819,36.118842476987],[-86.808511266453,36.1188330642975],[-86.8085077237387,36.1188367508549],[-86.808470270968,36.1188126852961],[-86.808500269718,36.1187822867625],[-86.8085653803492,36.1188241402851],[-86.8085802073542,36.1188088146315],[-86.8086089107645,36.118827388714],[-86.8086250497371,36.1188111971404],[-86.8086747506021,36.1188431037098],[-86.808679296166,36.1188462655767],[-86.808647355796,36.1188780912831],[-86.8086413928274,36.1188741692222],[-86.808606244619,36.118909952322]]]},"properties":{"id":"85765","parcel":"117070M01700CO","address":"2045 STOKES LN","owner":"CHERNOW, DAVID S REVOCABLE TRUST","point":[-86.80859790362467,36.11884919917771]}},{"type":"Feature","id":"85767","geometry":{"type":"Polygon","coordinates":[[[-86.8084362426865,36.1189328307685],[-86.8084218940325,36.118923679781],[-86.8084180115337,36.1189273803296],[-86.8083805598307,36.1189033120323],[-86.8084063558088,36.1188769001209],[-86.8084326277805,36.1188941863851],[-86.8084458575104,36.118880832644],[-86.8085190335111,36.1189281975512],[-86.8085112652353,36.1189356031829],[-86.8085523464707,36.1189645050212],[-86.8085168817206,36.1190008463065],[-86.8084438820904,36.1189538993125],[-86.8084265695573,36.1189427709491],[-86.8084277337604,36.1189415743552],[-86.8084362426865,36.1189328307685]]]},"properties":{"id":"85767","parcel":"117070M01900CO","address":"2041 STOKES LN","owner":"MOORE, HUNTER & WEBB, NEIL SHAUN","point":[-86.80847315666904,36.11893859462318]}},{"type":"Feature","id":"85769","geometry":{"type":"Polygon","coordinates":[[[-86.7997510048534,36.1148528693531],[-86.799791944413,36.1147903733493],[-86.7998310332939,36.1147271009805],[-86.7998682496664,36.1146630902469],[-86.7999131790448,36.1145839507925],[-86.7999444904979,36.1145229308938],[-86.7999730415811,36.1144610262088],[-86.7999987964635,36.1143983180924],[-86.8000217193511,36.1143348915044],[-86.8007428310966,36.1143985091302],[-86.8007133451684,36.1146640767305],[-86.8006781531619,36.1149346257178],[-86.7997510048534,36.1148528693531]]]},"properties":{"id":"85769","parcel":"11708010500","address":"3407 BELMONT BLVD","owner":"COMMUNITY FOUNDATION OF MIDDLE TENNESSE","point":[-86.80030427630861,36.11462399945191]}},{"type":"Feature","id":"85771","geometry":{"type":"Polygon","coordinates":[[[-86.8006781531619,36.1149346257178],[-86.8007133451684,36.1146640767305],[-86.801385551068,36.1147123563044],[-86.8013504733161,36.1149938922762],[-86.8006781531619,36.1149346257178]]]},"properties":{"id":"85771","parcel":"11708010700","address":"3420 RICHARDS ST","owner":"COMMUNITY FOUNDATION OF MIDDLE TENNESSE","point":[-86.80103215824019,36.11482349204338]}},{"type":"Feature","id":"85807","geometry":{"type":"Polygon","coordinates":[[[-86.8083791471929,36.1191408859603],[-86.8083367890999,36.1191136843275],[-86.8083284194945,36.1191224765434],[-86.8082542017574,36.1190745957591],[-86.8082698952913,36.1190630857753],[-86.8082412001534,36.1190447792385],[-86.8082669973346,36.1190183673504],[-86.8083048016662,36.1190427000988],[-86.8083009319512,36.1190466754488],[-86.8083152839367,36.1190558255269],[-86.8083249654916,36.1190461646968],[-86.8084149401151,36.119104251404],[-86.8083791471929,36.1191408859603]]]},"properties":{"id":"85807","parcel":"117070M02300CO","address":"2065 STOKES LN","owner":"MONTAGNA, MARK KENNETH","point":[-86.80833457892616,36.11908942362129]}},{"type":"Feature","id":"85809","geometry":{"type":"Polygon","coordinates":[[[-86.808606244619,36.118909952322],[-86.8085166193794,36.1188521328965],[-86.8085259676819,36.118842476987],[-86.808511266453,36.1188330642975],[-86.8085077237387,36.1188367508549],[-86.808470270968,36.1188126852961],[-86.808500269718,36.1187822867625],[-86.8085653803492,36.1188241402851],[-86.8085802073542,36.1188088146315],[-86.8086089107645,36.118827388714],[-86.8086250497371,36.1188111971404],[-86.8086747506021,36.1188431037098],[-86.808679296166,36.1188462655767],[-86.808647355796,36.1188780912831],[-86.8086413928274,36.1188741692222],[-86.808606244619,36.118909952322]]]},"properties":{"id":"85809","parcel":"117070M02800CO","address":"2055 STOKES LN","owner":"WILLIAMS, LEAH ELIZABETH & JOHN E.","point":[-86.80859790362467,36.11884919917771]}},{"type":"Feature","id":"85893","geometry":{"type":"Polygon","coordinates":[[[-86.8009883770761,36.1153325344038],[-86.8009930395736,36.1152987765501],[-86.8009004966141,36.1152903611319],[-86.8009089656212,36.1152290492338],[-86.8008226422304,36.1152211990203],[-86.8008303949438,36.1151650751584],[-86.8012217963713,36.1152006685458],[-86.8012133535036,36.11526179463],[-86.8011289946247,36.1152541235588],[-86.8011210682417,36.1153115103889],[-86.8011113254088,36.1153106242468],[-86.8011013047927,36.1153831692333],[-86.8010123595622,36.1153750815053],[-86.8010178657425,36.1153352163657],[-86.8009883770761,36.1153325344038]]]},"properties":{"id":"85893","parcel":"117080Y00100CO","address":"3412 RICHARDS ST","owner":"EWOLDSEN, DANIEL","point":[-86.80101422569368,36.11527600707074]}},{"type":"Feature","id":"85895","geometry":{"type":"Polygon","coordinates":[[[-86.8006078803405,36.1154867131008],[-86.8006781531619,36.1149346257178],[-86.8013504733161,36.1149938922762],[-86.8012828908979,36.1155437657751],[-86.8006078803405,36.1154867131008]],[[-86.8009883770761,36.1153325344038],[-86.8010178657425,36.1153352163657],[-86.8010123595622,36.1153750815053],[-86.8011013047927,36.1153831692333],[-86.8011113254088,36.1153106242468],[-86.8011210682417,36.1153115103889],[-86.8011289946247,36.1152541235588],[-86.8012133535036,36.11526179463],[-86.8012217963713,36.1152006685458],[-86.8008303949438,36.1151650751584],[-86.8008226422304,36.1152211990203],[-86.8009089656212,36.1152290492338],[-86.8009004966141,36.1152903611319],[-86.8009930395736,36.1152987765501],[-86.8009883770761,36.1153325344038]],[[-86.8008202458803,36.1151350306954],[-86.8012220913706,36.1151708981263],[-86.8012297502728,36.1151068264488],[-86.8011539129565,36.1151008580915],[-86.8011553101797,36.1150891726957],[-86.8011566425613,36.1150825105782],[-86.8011565911727,36.1150757657211],[-86.8011551624394,36.1150691345615],[-86.8011551532627,36.1150691057814],[-86.8011523867769,36.1150627692139],[-86.8011484147387,36.1150569489772],[-86.8011483551615,36.1150568790729],[-86.8011431746572,36.1150516166452],[-86.8011431085431,36.1150515594023],[-86.8011369688068,36.1150471163026],[-86.8011299401137,36.1150435218062],[-86.8011222738841,36.1150409238559],[-86.8011141808162,36.1150393976613],[-86.8011059012243,36.1150389812825],[-86.8010632128657,36.1150351711787],[-86.8010682674185,36.1149978894044],[-86.8009824449198,36.1149902288541],[-86.8009771866611,36.115029013514],[-86.8009171132291,36.1150236514349],[-86.8009088732575,36.1150844309607],[-86.8008280837677,36.1150772199673],[-86.8008202458803,36.1151350306954]]]},"properties":{"id":"85895","parcel":"117080Y90000CO","address":"3416 B RICHARDS ST","owner":"O.I.C. HOMES AT 3412 RICHARDS STREET","point":[-86.8007732107234,36.11524117800261]}},{"type":"Feature","id":"85953","geometry":{"type":"Polygon","coordinates":[[[-86.8047405575491,36.1197674616246],[-86.8049500095527,36.1193199331891],[-86.8052591462139,36.1194206114441],[-86.8050548239574,36.1198693995173],[-86.8050547924483,36.1198694691263],[-86.8048434228152,36.1198007662475],[-86.8048163107988,36.1197919568619],[-86.8047406400119,36.1197674872116],[-86.8047405943146,36.1197674721947],[-86.8047405575491,36.1197674616246]]]},"properties":{"id":"85953","parcel":"11707002000","address":"1908 LOMBARDY AVE","owner":"POWELL, ERIK & MEREDITH L","point":[-86.80500095818981,36.11959403861905]}},{"type":"Feature","id":"86055","geometry":{"type":"Polygon","coordinates":[[[-86.8043888153564,36.1122551229458],[-86.8044089453233,36.1121033459522],[-86.8044251956087,36.1121032375703],[-86.8044278366708,36.1120966288696],[-86.8044495248728,36.1120986824457],[-86.8044468838307,36.1121052929493],[-86.8044658642007,36.1121073636819],[-86.8045092183448,36.1121092727348],[-86.804514635107,36.1121092366032],[-86.8045070893453,36.1121664247011],[-86.8045152139391,36.1121663705075],[-86.8045051596425,36.1122433585082],[-86.8044373859944,36.1122372176687],[-86.8044349029999,36.1122592111243],[-86.8043888153564,36.1122551229458]]]},"properties":{"id":"86055","parcel":"117110E00900CO","address":"3512 STOKESMONT RD","owner":"LUDWIG, IRENE H REV LIVING TRUST","point":[-86.80445323864727,36.112201790182276]}},{"type":"Feature","id":"86057","geometry":{"type":"Polygon","coordinates":[[[-86.8091200982394,36.1114845014787],[-86.8090054866046,36.1112009431548],[-86.8093971603833,36.1112310057765],[-86.8093499308599,36.1115464179094],[-86.8093367964984,36.1115475244975],[-86.8093236183591,36.1115468423293],[-86.8093107642849,36.111544389666],[-86.8092985915169,36.1115402344109],[-86.8092874411506,36.1115344950473],[-86.8092776235773,36.1115273290201],[-86.8092694129768,36.1115189372789],[-86.8092528195635,36.1115054184995],[-86.8092336444673,36.1114943748411],[-86.8092124407549,36.1114861252512],[-86.8091898217704,36.1114809089607],[-86.8091664410425,36.1114788757036],[-86.8091429733948,36.1114800849435],[-86.8091200982394,36.1114845014787]]]},"properties":{"id":"86057","parcel":"117110G00100CO","address":"100 OXTON HILL LN","owner":"POWELL, CYNTHIA A.","point":[-86.8092230862298,36.11135484731889]}},{"type":"Feature","id":"86085","geometry":{"type":"Polygon","coordinates":[[[-86.801658392211,36.1095199061346],[-86.8016949087075,36.1092467862014],[-86.8024015417083,36.1093098247884],[-86.8023626728045,36.1096038226147],[-86.8022562984439,36.1104087277176],[-86.8015474701782,36.110346378785],[-86.801621688757,36.1097930155624],[-86.801658392211,36.1095199061346]]]},"properties":{"id":"86085","parcel":"11712015600","address":"1613 GRAYBAR LN","owner":"DUQUE FAMILY TRUST","point":[-86.80194276363984,36.110070289824556]}},{"type":"Feature","id":"86086","geometry":{"type":"Polygon","coordinates":[[[-86.8005302332163,36.1102569742984],[-86.8006084402225,36.1097026812725],[-86.801621688757,36.1097930155624],[-86.8015474701782,36.110346378785],[-86.8005302332163,36.1102569742984]]]},"properties":{"id":"86086","parcel":"11712015700","address":"3601 BELMONT BLVD","owner":"HAILEY, NICQUI","point":[-86.80107677238718,36.110024997527304]}},{"type":"Feature","id":"86225","geometry":{"type":"Polygon","coordinates":[[[-86.8043899766641,36.1196533219949],[-86.8045967211639,36.1192058122266],[-86.8046721361396,36.119230308008],[-86.8049500095527,36.1193199331891],[-86.8047405575491,36.1197674616246],[-86.8047405118518,36.1197674466077],[-86.8044673212515,36.1196783358909],[-86.8043899766641,36.1196533219949]]]},"properties":{"id":"86225","parcel":"11707002100","address":"1906 LOMBARDY AVE","owner":"ROSE, DANIEL C. & GORDON, ELIZABETH A.","point":[-86.80466949008205,36.119486627102255]}},{"type":"Feature","id":"86226","geometry":{"type":"Polygon","coordinates":[[[-86.8032078080568,36.1192700109969],[-86.8034254148941,36.1188246282234],[-86.8037362578829,36.1189259181833],[-86.8037624037271,36.118934465667],[-86.8035529460469,36.1193819920841],[-86.803528198017,36.1193739318498],[-86.8032078080568,36.1192700109969]]]},"properties":{"id":"86226","parcel":"11707002500","address":"1822 LOMBARDY AVE","owner":"CLARK, DAVID GRANT SR. & CAROL C.","point":[-86.80348683191963,36.11910224148739]}},{"type":"Feature","id":"86227","geometry":{"type":"Polygon","coordinates":[[[-86.8027675610055,36.1191278939831],[-86.8029824618815,36.1186825309167],[-86.8031034242294,36.1187215748753],[-86.8031754102766,36.1187449786324],[-86.8029550708582,36.1191881818216],[-86.8028952354578,36.119168784368],[-86.8027675610055,36.1191278939831]]]},"properties":{"id":"86227","parcel":"11707002700","address":"1818 LOMBARDY AVE","owner":"RUTHERFORD, NOEL","point":[-86.80297008591413,36.118936434183034]}},{"type":"Feature","id":"86228","geometry":{"type":"Polygon","coordinates":[[[-86.8022947000142,36.1189750047737],[-86.8024959962668,36.1185231392826],[-86.8027433136695,36.1186050054858],[-86.8025365602886,36.1190525121457],[-86.8022947000142,36.1189750047737]]]},"properties":{"id":"86228","parcel":"11707002900","address":"1814 LOMBARDY AVE","owner":"ELMERICK, JAMES F. ET UX","point":[-86.80251747696437,36.118790002821484]}},{"type":"Feature","id":"86229","geometry":{"type":"Polygon","coordinates":[[[-86.802315079536,36.1183159231723],[-86.802528965665,36.1178824518783],[-86.8027174540228,36.1179441341662],[-86.8025034762627,36.1183775766607],[-86.8025034577622,36.1183776146375],[-86.8025034414287,36.1183776471924],[-86.802315044711,36.1183159946051],[-86.8023150610355,36.1183159611491],[-86.802315079536,36.1183159231723]]]},"properties":{"id":"86229","parcel":"11707003000","address":"1813 LOMBARDY AVE","owner":"PLEASANT, MARK F & PAMELA TODD","point":[-86.80251624433271,36.11813002880476]}},{"type":"Feature","id":"86237","geometry":{"type":"Polygon","coordinates":[[[-86.8080842272555,36.1195465391201],[-86.8081549265951,36.1194400269265],[-86.8081909431076,36.1194538212797],[-86.8082297072574,36.1194686454025],[-86.8081976968818,36.1195172091598],[-86.8081576729512,36.1195768150286],[-86.8081386235941,36.1195681515512],[-86.8081229850365,36.1195619356339],[-86.8080842272555,36.1195465391201]]]},"properties":{"id":"86237","parcel":"117070B20600CO","address":"3192 HILLSBORO PIKE","owner":"KASKINEN, PELLERVO","point":[-86.80816680742181,36.11949285219966]}},{"type":"Feature","id":"86238","geometry":{"type":"Polygon","coordinates":[[[-86.8081576729512,36.1195768150286],[-86.8081976968818,36.1195172091598],[-86.8082367772834,36.1195312326255],[-86.8082765352646,36.1195452506369],[-86.8082018566396,36.1196600308844],[-86.8081698913036,36.1196462346277],[-86.8081256881822,36.1196275759189],[-86.8081576729512,36.1195768150286]]]},"properties":{"id":"86238","parcel":"117070B30500CO","address":"3186 HILLSBORO PIKE","owner":"STRIANSE, ANABEL GRACE","point":[-86.80819053224492,36.119602273700814]}},{"type":"Feature","id":"86242","geometry":{"type":"Polygon","coordinates":[[[-86.8099756727118,36.116169186673],[-86.8099024782539,36.1161630852872],[-86.809899815093,36.1161674960225],[-86.8098808560203,36.1161676233245],[-86.80988078881,36.1161610335949],[-86.8098591217762,36.1161611790761],[-86.80986420151,36.1161281796443],[-86.8099745743321,36.1160615069589],[-86.809990846731,36.1160635959133],[-86.8099756727118,36.116169186673]]]},"properties":{"id":"86242","parcel":"117070C11100CO","address":"111 HAMPTON PL","owner":"HILCHER, JOHN D.","point":[-86.80995193876721,36.116095926527734]}},{"type":"Feature","id":"86243","geometry":{"type":"Polygon","coordinates":[[[-86.80982321683,36.116093291269],[-86.8098307826368,36.1160382982628],[-86.8099392084113,36.116046361348],[-86.8099366338267,36.1160595644061],[-86.8099745743321,36.1160615069589],[-86.80986420151,36.1161281796443],[-86.8098208226352,36.1161240753408],[-86.8098206657524,36.1161086923956],[-86.8098125183696,36.1161065515715],[-86.8098150918381,36.1160933458201],[-86.80982321683,36.116093291269]]]},"properties":{"id":"86243","parcel":"117070C11200CO","address":"112 HAMPTON PL","owner":"HORNSBY, AMY K.","point":[-86.80988677785817,36.116077379909264]}},{"type":"Feature","id":"86244","geometry":{"type":"Polygon","coordinates":[[[-86.8097922594424,36.1159792173355],[-86.8097947881326,36.115961620834],[-86.8097893722208,36.1159616571952],[-86.8097919008928,36.1159440588913],[-86.809797314582,36.1159440225449],[-86.8097998465746,36.1159264233171],[-86.8098215359616,36.1159284759252],[-86.8099353561858,36.1159343045654],[-86.809930321325,36.1159716992579],[-86.8099140680339,36.1159718083963],[-86.8099115416097,36.1159894066878],[-86.8097922594424,36.1159792173355]]]},"properties":{"id":"86244","parcel":"117070C11400CO","address":"114 HAMPTON PL","owner":"PARKER, DARREN M & HEATHER D","point":[-86.8098617352772,36.11595294842358]}},{"type":"Feature","id":"86245","geometry":{"type":"Polygon","coordinates":[[[-86.8045348852868,36.1190424130998],[-86.8047388064788,36.118605597519],[-86.8049743585769,36.1186826761416],[-86.8049031697782,36.1188351695337],[-86.8047704384828,36.119119492112],[-86.8047700896325,36.1191193781742],[-86.8045348852868,36.1190424130998]]]},"properties":{"id":"86245","parcel":"11707003900","address":"1905 LOMBARDY AVE","owner":"YORK, CHRISTY & DAVID TODD","point":[-86.80471902779776,36.118938791459954]}},{"type":"Feature","id":"86246","geometry":{"type":"Polygon","coordinates":[[[-86.8065531642569,36.1192006187599],[-86.8065538504168,36.1191991631077],[-86.8065538816192,36.1191991728132],[-86.8065539273165,36.1191991878294],[-86.8065664225804,36.1192032763117],[-86.8067124559905,36.1192510590904],[-86.806859888334,36.1192992982979],[-86.8068599184349,36.1192993089119],[-86.8069833079364,36.1193400307722],[-86.8070099035213,36.1193487331711],[-86.8070222500453,36.1193559978179],[-86.8066374301536,36.1197866356916],[-86.8066193377931,36.1198068832043],[-86.8065857504333,36.1197862683639],[-86.8065836276735,36.1197849648844],[-86.8065055051315,36.1197385575058],[-86.8064249387313,36.1196949874276],[-86.806342084856,36.1196543401224],[-86.8065531642569,36.1192006187599]]]},"properties":{"id":"86246","parcel":"11707004400","address":"2003 LOMBARDY AVE","owner":"HAUMSCHILT, BRANDON","point":[-86.80665016893404,36.119505117816004]}},{"type":"Feature","id":"86247","geometry":{"type":"Polygon","coordinates":[[[-86.8054567533654,36.1188405266806],[-86.8057065305681,36.1183054644636],[-86.8058630433104,36.1183561678207],[-86.8056130615477,36.1188916733552],[-86.8056117463863,36.1188912432147],[-86.8054567533654,36.1188405266806]]]},"properties":{"id":"86247","parcel":"11707005500","address":"1728 STOKES LN","owner":"HARTMANN BOUCHER TRUST, THE","point":[-86.80565989926562,36.11859834743018]}},{"type":"Feature","id":"86248","geometry":{"type":"Polygon","coordinates":[[[-86.8042620635058,36.1178818734491],[-86.8042800562777,36.1178433336219],[-86.8045945360831,36.1179452172091],[-86.8043462214023,36.1184771318172],[-86.804339007033,36.1184747716998],[-86.8041790693486,36.1184224353535],[-86.8040321529282,36.1183743588824],[-86.8042620635058,36.1178818734491]]]},"properties":{"id":"86248","parcel":"11707005900","address":"1714 STOKES LN","owner":"LEDFORD, ROBERT LEVOY, JR. & MELANIE ANN LIVING TRUST","point":[-86.80431334540812,36.11815978838217]}},{"type":"Feature","id":"86434","geometry":{"type":"Polygon","coordinates":[[[-86.8096083850506,36.1162749440794],[-86.8096083402465,36.1162705497247],[-86.8096774735429,36.1162763126303],[-86.8096815314487,36.1162766513112],[-86.8096689977272,36.1163756314156],[-86.8096637196157,36.1163753495944],[-86.8095958255043,36.1163717270212],[-86.8096083850506,36.1162749440794]]]},"properties":{"id":"86434","parcel":"117070D01000CO","address":"120 MATTHEW LN","owner":"OLIVE, JOHN T., JR.","point":[-86.80963875322799,36.11632418929286]}},{"type":"Feature","id":"86439","geometry":{"type":"Polygon","coordinates":[[[-86.8098877075478,36.1163082324337],[-86.8098902586189,36.1162928313065],[-86.8099797256427,36.1163010216552],[-86.80996195567,36.11641761828],[-86.8099593844185,36.1164308222162],[-86.8098753309723,36.1164225955027],[-86.809875241316,36.1164138049915],[-86.8098877075478,36.1163082324337]]]},"properties":{"id":"86439","parcel":"117070D01300CO","address":"112 MATTHEW LN","owner":"GRAHAM, TAMARA L. & ANDREW H.","point":[-86.80992601733004,36.1163610893907]}},{"type":"Feature","id":"86446","geometry":{"type":"Polygon","coordinates":[[[-86.8070653258532,36.1176819159327],[-86.8065861548873,36.1176383184313],[-86.8064267248682,36.1176238111846],[-86.806462615807,36.117351265877],[-86.8064801978651,36.1172146572097],[-86.8071515164819,36.1172751050708],[-86.8070988469151,36.1176849362547],[-86.8070653258532,36.1176819159327]]]},"properties":{"id":"86446","parcel":"11707009800","address":"3406 BENHAM AVE","owner":"ANDERSON, JAMES R & AQUINA M & AQUINA FRANCES","point":[-86.8067843725743,36.11748808688406]}},{"type":"Feature","id":"86450","geometry":{"type":"Polygon","coordinates":[[[-86.8057788017479,36.1173708648357],[-86.8057889370651,36.1172905343283],[-86.806462615807,36.117351265877],[-86.8064267248682,36.1176238111846],[-86.8057519416747,36.1175764122612],[-86.8057788017479,36.1173708648357]]]},"properties":{"id":"86450","parcel":"11707010100","address":"3407 HOPKINS ST","owner":"ANDERSON, JAMES R.& AQUINA","point":[-86.80610586370531,36.117474190104716]}},{"type":"Feature","id":"86499","geometry":{"type":"Polygon","coordinates":[[[-86.8096780672387,36.1167337944088],[-86.8096930624705,36.1166106208773],[-86.8097770914869,36.1166166523577],[-86.8097746065022,36.1166386459212],[-86.8097593872636,36.1167398413831],[-86.8096780672387,36.1167337944088]]]},"properties":{"id":"86499","parcel":"117070D02800CO","address":"115 MATTHEW LN","owner":"KRISHNAN FAMILY 2023 REVOCABLE TRUST","point":[-86.8097256544811,36.11668621909117]}},{"type":"Feature","id":"86503","geometry":{"type":"Polygon","coordinates":[[[-86.8095305347447,36.1166095162747],[-86.8095331340362,36.1165985103893],[-86.8096198676458,36.1166045211231],[-86.8096048946853,36.1167298900203],[-86.8095181576078,36.1167238792983],[-86.8095305347447,36.1166095162747]]]},"properties":{"id":"86503","parcel":"117070D03000CO","address":"119 MATTHEW LN","owner":"BROWN, BRITTANY OWEINGS","point":[-86.80956838563839,36.116666767797426]}},{"type":"Feature","id":"86507","geometry":{"type":"Polygon","coordinates":[[[-86.8093527413439,36.1167052098139],[-86.8093652755116,36.1166062297506],[-86.8094330532512,36.1166123660119],[-86.8094205639885,36.1167157431399],[-86.8093527861433,36.1167096050693],[-86.8093527413439,36.1167052098139]]]},"properties":{"id":"86507","parcel":"117070D03400CO","address":"127 MATTHEW LN","owner":"SHARMAN, KAVYA & JYOTSNA","point":[-86.8093930325363,36.116658788135005]}},{"type":"Feature","id":"86511","geometry":{"type":"Polygon","coordinates":[[[-86.8092144766006,36.1166929517334],[-86.809229720027,36.1165939535088],[-86.809297497764,36.1166000916487],[-86.8092849635129,36.1166990717051],[-86.8092850307017,36.1167056641378],[-86.8092145437836,36.1166995441661],[-86.8092144766006,36.1166929517334]]]},"properties":{"id":"86511","parcel":"117070D03600CO","address":"131 MATTHEW LN","owner":"BAILEY, PHYLLIS A.","point":[-86.80925662256644,36.116646522710084]}},{"type":"Feature","id":"86515","geometry":{"type":"Polygon","coordinates":[[[-86.8077299575038,36.1192119000745],[-86.8077674076362,36.119165497336],[-86.8078545720542,36.1192132628674],[-86.8078171219501,36.1192596656324],[-86.8077353971,36.1192140609744],[-86.8077299575038,36.1192119000745]]]},"properties":{"id":"86515","parcel":"117070E00100CO","address":"2006 STOKES LN","owner":"ANDREWS, HANS WOLFRAM & MEREDITH","point":[-86.80779246749317,36.11921258181237]}},{"type":"Feature","id":"86522","geometry":{"type":"Polygon","coordinates":[[[-86.804981425302,36.1169570683547],[-86.805015605919,36.1166837678857],[-86.8057134053335,36.1167432511504],[-86.8057106407791,36.1167664857528],[-86.805661827725,36.1170150682559],[-86.804981425302,36.1169570683547]]]},"properties":{"id":"86522","parcel":"11707011900","address":"3412 HOPKINS ST","owner":"EWALD, MARK D. & TRINA V.","point":[-86.80534261661306,36.116861772058954]}},{"type":"Feature","id":"86526","geometry":{"type":"Polygon","coordinates":[[[-86.8042795842947,36.1173808708562],[-86.8043354324031,36.1169185705474],[-86.8049790964056,36.1169734430738],[-86.8049406337565,36.1172850297182],[-86.8048653725638,36.1178849576333],[-86.8042430425187,36.117683340567],[-86.8042795842947,36.1173808708562]]]},"properties":{"id":"86526","parcel":"11707012200","address":"1711 STOKES LN","owner":"BUSH, ELAINE SANDERS","point":[-86.80458540945722,36.1175326348016]}},{"type":"Feature","id":"86578","geometry":{"type":"Polygon","coordinates":[[[-86.8075671961387,36.1194547353523],[-86.8076046498223,36.1194083335462],[-86.8076863714557,36.1194539374116],[-86.807689103001,36.1194561173479],[-86.8076516526766,36.1195025191575],[-86.8075699276807,36.1194569152914],[-86.8075671961387,36.1194547353523]]]},"properties":{"id":"86578","parcel":"117070E00600CO","address":"2016 STOKES LN","owner":"PAN, YU","point":[-86.80762814956923,36.1194554263656]}},{"type":"Feature","id":"86582","geometry":{"type":"Polygon","coordinates":[[[-86.8075324772863,36.1195033170639],[-86.8075699276807,36.1194569152914],[-86.8076516526766,36.1195025191575],[-86.8076570922907,36.1195046800607],[-86.8076196419338,36.119551082761],[-86.8075379168972,36.1195054779725],[-86.8075324772863,36.1195033170639]]]},"properties":{"id":"86582","parcel":"117070E00700CO","address":"2018 STOKES LN","owner":"POLK, ANDREA","point":[-86.8075947847879,36.1195039985785]}},{"type":"Feature","id":"86586","geometry":{"type":"Polygon","coordinates":[[[-86.8074977360468,36.119549701589],[-86.8075379168972,36.1195054779725],[-86.8076196419338,36.119551082761],[-86.8076251039076,36.1195554417427],[-86.8075849230713,36.1195996644865],[-86.8074977360468,36.119549701589]]]},"properties":{"id":"86586","parcel":"117070E00800CO","address":"2020 STOKES LN","owner":"ROGERS, PATRICIA C.","point":[-86.8075629947786,36.119553166885794]}},{"type":"Feature","id":"86710","geometry":{"type":"Polygon","coordinates":[[[-86.8028686746411,36.1162307077599],[-86.8029013258408,36.1159572846767],[-86.8035846826544,36.1160128557312],[-86.8035552433272,36.1162865397148],[-86.8028686746411,36.1162307077599]]]},"properties":{"id":"86710","parcel":"11707019000","address":"3411 AMANDA AVE","owner":"BONDS, EVERETT WADE","point":[-86.8032273272686,36.116121783347495]}},{"type":"Feature","id":"86713","geometry":{"type":"Polygon","coordinates":[[[-86.8061393317757,36.1146213398688],[-86.8061443771775,36.1145699357195],[-86.8068233564687,36.114618139735],[-86.8068185730988,36.1146805315063],[-86.806798402409,36.1148279117425],[-86.8067909179775,36.1148893599078],[-86.8067909027177,36.1148894979061],[-86.8061186027853,36.1148324570399],[-86.8061393317757,36.1146213398688]]]},"properties":{"id":"86713","parcel":"11707019600","address":"3427 HOPKINS ST","owner":"THOMAS, ZACHARY K.","point":[-86.80646744022579,36.1147536711868]}},{"type":"Feature","id":"86720","geometry":{"type":"Polygon","coordinates":[[[-86.8064114332194,36.1177489411063],[-86.8064267248682,36.1176238111846],[-86.8065861548873,36.1176383184313],[-86.8070653258532,36.1176819159327],[-86.8070988469151,36.1176849362547],[-86.8070612733543,36.117977310396],[-86.8068735040699,36.1179603931501],[-86.8066992207551,36.117901090044],[-86.8063952980478,36.1178737080365],[-86.8064114332194,36.1177489411063]]]},"properties":{"id":"86720","parcel":"11707020400","address":"3404 BENHAM AVE","owner":"STOTTS, BRANDON P.","point":[-86.80674291469704,36.11781187279433]}},{"type":"Feature","id":"86746","geometry":{"type":"Polygon","coordinates":[[[-86.8096801788569,36.1113626160409],[-86.8096876311687,36.1112966352827],[-86.8097825327639,36.1113069865966],[-86.8097750794193,36.1113729673679],[-86.8097669549103,36.1113730219158],[-86.8096801788569,36.1113626160409]]]},"properties":{"id":"86746","parcel":"117110D00100CO","address":"2002 GRAYBAR LN","owner":"CHASE, CAROL W., TRUSTEE","point":[-86.80973135559378,36.11133480132943]}},{"type":"Feature","id":"86750","geometry":{"type":"Polygon","coordinates":[[[-86.8097118996218,36.1118173288724],[-86.809625145473,36.1118091183364],[-86.8096170209192,36.1118091728742],[-86.8096244957267,36.1117453893072],[-86.8096326213846,36.1117453347614],[-86.8097193743538,36.1117535452996],[-86.8097118996218,36.1118173288724]]]},"properties":{"id":"86750","parcel":"117110D00800CO","address":"2016 GRAYBAR LN","owner":"VIRGINIA TARKINGTON BAKA","point":[-86.80966820160579,36.11178132538032]}},{"type":"Feature","id":"86752","geometry":{"type":"Polygon","coordinates":[[[-86.8059208636686,36.1196360408584],[-86.8059209017318,36.11963596039],[-86.8060097442915,36.1196671162236],[-86.8060969686998,36.1197011461783],[-86.8061824366598,36.1197379953022],[-86.8062660087082,36.1197776032443],[-86.805953269211,36.1201895619535],[-86.8058709461433,36.1201586644522],[-86.8056490717342,36.1200753918397],[-86.8056491145428,36.120075341082],[-86.8058219717314,36.1197629891593],[-86.8058767761921,36.1197252594851],[-86.8059208636686,36.1196360408584]]]},"properties":{"id":"86752","parcel":"11707001900","address":"2006 LOMBARDY AVE","owner":"PETTIT, CRAIG & JODI","point":[-86.80594222833285,36.11992644772606]}},{"type":"Feature","id":"86755","geometry":{"type":"Polygon","coordinates":[[[-86.8096176930611,36.1118750990821],[-86.809625145473,36.1118091183364],[-86.8097118996218,36.1118173288724],[-86.8097200241763,36.1118172743282],[-86.8097098415945,36.1118810733751],[-86.8096176930611,36.1118750990821]]]},"properties":{"id":"86755","parcel":"117110D00900CO","address":"2018 GRAYBAR LN","owner":"LANNOM, REVEL ELIZABETH","point":[-86.80966817795854,36.111846219358746]}},{"type":"Feature","id":"86756","geometry":{"type":"Polygon","coordinates":[[[-86.8041535333545,36.1195757822135],[-86.8043602789759,36.1191282719405],[-86.8045967211639,36.1192058122266],[-86.8043899766641,36.1196533219949],[-86.8041535333545,36.1195757822135]]]},"properties":{"id":"86756","parcel":"11707002200","address":"1904 LOMBARDY AVE","owner":"PITTMAN, DANIEL","point":[-86.80437512768941,36.11939079742932]}},{"type":"Feature","id":"86758","geometry":{"type":"Polygon","coordinates":[[[-86.8057589187213,36.1132854871706],[-86.8057423348378,36.1132526326219],[-86.8057369179982,36.1132526688086],[-86.80573429819,36.1132614747232],[-86.8057018439836,36.1132660888857],[-86.8057017770951,36.1132594964454],[-86.8056936512796,36.1132595507263],[-86.8056936958745,36.1132639459869],[-86.8056665904635,36.1132619270162],[-86.8056667019608,36.1132729165197],[-86.8056287640037,36.1132709726031],[-86.8056313381036,36.1132577696351],[-86.8054931000033,36.1132477044728],[-86.805503200284,36.1131751125563],[-86.8055790995118,36.1131811985303],[-86.8055815409708,36.1131548106745],[-86.805589665665,36.1131547564085],[-86.8055947480912,36.113121757124],[-86.8056516889214,36.1131279696778],[-86.8056465853284,36.1131587708763],[-86.805708943032,36.1131649481216],[-86.8057039944276,36.1132111322915],[-86.8057147835052,36.1132066646601],[-86.8057119853489,36.1131978931363],[-86.8057632429338,36.1131777711522],[-86.8057659987267,36.1131821483004],[-86.8058155708951,36.1132631317972],[-86.8057589187213,36.1132854871706]]]},"properties":{"id":"86758","parcel":"117110E00100CO","address":"1815 WOODMONT BLVD","owner":"SMITH, STAN & MARY, LIVING TRUST, THE","point":[-86.80560220662154,36.11320209855472]}},{"type":"Feature","id":"86760","geometry":{"type":"Polygon","coordinates":[[[-86.8038410062739,36.1194745739468],[-86.8040450431098,36.1190270822643],[-86.8043602789759,36.1191282719405],[-86.8041535333545,36.1195757822135],[-86.8038410062739,36.1194745739468]]]},"properties":{"id":"86760","parcel":"11707002300","address":"1902 LOMBARDY AVE","owner":"POWELL, ERIK & SICKLE, MEREDITH","point":[-86.80410011995559,36.119301422373645]}},{"type":"Feature","id":"86762","geometry":{"type":"Polygon","coordinates":[[[-86.8057882744725,36.1129754163307],[-86.8058011213486,36.1129072015917],[-86.8059068379362,36.1129152881791],[-86.8059222620522,36.1128338686261],[-86.8060253119576,36.1128463657833],[-86.8060361667819,36.1128484914723],[-86.8060337455734,36.1128770774353],[-86.8060473126873,36.1128791840961],[-86.8060422081622,36.1129099862218],[-86.8060151028906,36.1129079700329],[-86.8060048491865,36.1129651781186],[-86.8059533475649,36.1129611267149],[-86.8059508170357,36.1129787258603],[-86.8058965841349,36.1129724944531],[-86.8058965172305,36.1129659020123],[-86.8058829757359,36.1129659924922],[-86.8058804652675,36.1129857888308],[-86.8057882744725,36.1129754163307]]]},"properties":{"id":"86762","parcel":"117110E00300CO","address":"3500 HOPKINS ST","owner":"STEFFAN FAMILY TRUST, THE","point":[-86.80596080778896,36.11291261500735]}},{"type":"Feature","id":"86764","geometry":{"type":"Polygon","coordinates":[[[-86.8028961545487,36.1185061621824],[-86.8031099457783,36.1180725760304],[-86.8033125237417,36.1181388682713],[-86.8032619970523,36.1182447944511],[-86.8031000463516,36.1185728840567],[-86.8028961545487,36.1185061621824]]]},"properties":{"id":"86764","parcel":"11707003300","address":"1819 LOMBARDY AVE","owner":"GOODWIN, JOHN","point":[-86.80307904063554,36.11837547840046]}},{"type":"Feature","id":"86766","geometry":{"type":"Polygon","coordinates":[[[-86.8058548094346,36.1125925725784],[-86.805867682941,36.1125265558774],[-86.8059571676066,36.1125369463977],[-86.8059546627238,36.1125567427028],[-86.8059682019271,36.1125566522297],[-86.8059734837785,36.112543430256],[-86.8060250085519,36.1125496797254],[-86.8060198371158,36.1125738885102],[-86.8060632372684,36.1125801913569],[-86.8060556022464,36.1126285899311],[-86.8060881465518,36.1126327697925],[-86.8060779832784,36.1126987684032],[-86.8060699021359,36.1127032179706],[-86.806057163724,36.1127824204661],[-86.8059894846538,36.1127755876779],[-86.8059216152691,36.1127701395935],[-86.8059369512637,36.1126799322094],[-86.8059559117313,36.1126798055124],[-86.8059661620926,36.1126225965478],[-86.8059553095316,36.1126204717387],[-86.8059578590255,36.1126050706952],[-86.8058548094346,36.1125925725784]]]},"properties":{"id":"86766","parcel":"117110E00400CO","address":"3502 HOPKINS ST","owner":"EADIE, EDWARD LELAND HUTTON & THRESSA GAREN HOVER","point":[-86.80602232644152,36.11265628815213]}},{"type":"Feature","id":"86769","geometry":{"type":"Polygon","coordinates":[[[-86.8051188029833,36.112127181977],[-86.8051290126453,36.1120655777911],[-86.805110032268,36.1120635071629],[-86.8051151148237,36.1120305078896],[-86.8050988422688,36.1120284182827],[-86.8051039693886,36.1119998142718],[-86.8051310721148,36.112001831582],[-86.8051359117855,36.1119446588003],[-86.8051901216369,36.1119486924694],[-86.8051926300233,36.1119288961549],[-86.8052630890056,36.1119328213111],[-86.8052629775843,36.111921833606],[-86.8053551258442,36.1119278112258],[-86.805345005516,36.1119982050562],[-86.8052392935659,36.1119901206558],[-86.8052293079343,36.1120736993531],[-86.8052130353767,36.1120716106629],[-86.8052055569862,36.11213539305],[-86.8051188029833,36.112127181977]]]},"properties":{"id":"86769","parcel":"117110E00500CO","address":"3517 STOKESMONT RD","owner":"RAMANNA, NAGENDRA & SNOOK, BARBARA M.","point":[-86.80516875581301,36.11201521243168]}},{"type":"Feature","id":"86773","geometry":{"type":"Polygon","coordinates":[[[-86.8050964811712,36.1123295186054],[-86.8051041133987,36.1122811183081],[-86.80506888265,36.1122791561469],[-86.8050762954297,36.1122087804195],[-86.8050871278564,36.1122087081126],[-86.8050971147562,36.1121251285212],[-86.8051188029833,36.112127181977],[-86.8052055569862,36.11213539305],[-86.8052299541561,36.1121374284007],[-86.8052200119719,36.112225404166],[-86.8052010538329,36.1122255307325],[-86.8051935308424,36.1122849169533],[-86.8052070722217,36.1122848265508],[-86.8052071836358,36.1122958142549],[-86.8053074792144,36.1123039348502],[-86.8052973810869,36.1123765267514],[-86.8052079189676,36.1123683329215],[-86.8052078298416,36.112359543299],[-86.8051400560309,36.1123534019533],[-86.805142563341,36.1123336065504],[-86.8050964811712,36.1123295186054]]]},"properties":{"id":"86773","parcel":"117110E00600CO","address":"3515 STOKESMONT RD","owner":"ODOM, LINDA A.","point":[-86.80513468101059,36.112252342990836]}},{"type":"Feature","id":"86777","geometry":{"type":"Polygon","coordinates":[[[-86.8043993075273,36.1127561277591],[-86.8044019296609,36.1127473191539],[-86.8043829458075,36.1127452484339],[-86.8044031204512,36.1125978685243],[-86.8044464982212,36.1126019738712],[-86.804443946213,36.1126173748976],[-86.804511720186,36.1126235157329],[-86.8045043291361,36.1126960894997],[-86.8044962044881,36.1126961436925],[-86.8044886809442,36.1127555316647],[-86.8044236146988,36.1127493718554],[-86.8044209736421,36.1127559832586],[-86.8043993075273,36.1127561277591]]]},"properties":{"id":"86777","parcel":"117110E00700CO","address":"3508 STOKESMONT RD","owner":"CLARK, ELLEN HAMILTON","point":[-86.80445134618651,36.11265971012052]}},{"type":"Feature","id":"86781","geometry":{"type":"Polygon","coordinates":[[[-86.8044658642007,36.1121073636819],[-86.8044860162693,36.1119577865541],[-86.8045022654142,36.1119576781692],[-86.8045021986173,36.1119510848248],[-86.8045265957126,36.1119531203178],[-86.8045239546817,36.1119597308234],[-86.8045890191681,36.111965889686],[-86.8045814512301,36.1120208824124],[-86.8045895980801,36.1120230262957],[-86.8045795004336,36.1120956172332],[-86.8045117513871,36.112091673601],[-86.8045092183448,36.1121092727348],[-86.8044658642007,36.1121073636819]]]},"properties":{"id":"86781","parcel":"117110E01000CO","address":"3514 STOKESMONT RD","owner":"WILSON, JUSTIN & MARGARET","point":[-86.80452871768115,36.11205731413342]}},{"type":"Feature","id":"86806","geometry":{"type":"Polygon","coordinates":[[[-86.8080053240759,36.1195119050738],[-86.8080774032611,36.1194081307898],[-86.8081141254812,36.119423268756],[-86.8081322091054,36.1194306958395],[-86.8081549265951,36.1194400269265],[-86.8080842272555,36.1195465391201],[-86.8080544333009,36.1195327030502],[-86.8080474909755,36.1195294788045],[-86.8080325211081,36.1195227113178],[-86.8080053240759,36.1195119050738]]]},"properties":{"id":"86806","parcel":"117070B20700CO","address":"3194 HILLSBORO PIKE","owner":"MARBERRY, ROBERT E & MICKIE R","point":[-86.80808067961404,36.119475966911615]}},{"type":"Feature","id":"86810","geometry":{"type":"Polygon","coordinates":[[[-86.8081502852343,36.1198062921673],[-86.8081705428819,36.1197767187708],[-86.8081891468406,36.119784291071],[-86.8082973617765,36.1198283389508],[-86.8082763261764,36.1198589657723],[-86.8082495887844,36.1198981307858],[-86.8081402398914,36.1198496372265],[-86.8081251686076,36.1198429533487],[-86.8081502852343,36.1198062921673]]]},"properties":{"id":"86810","parcel":"117070B30200CO","address":"3172 HILLSBORO PIKE","owner":"HABIBIAN, SARA & M. R.","point":[-86.80821125874881,36.11983564617039]}},{"type":"Feature","id":"86814","geometry":{"type":"Polygon","coordinates":[[[-86.8081952079241,36.1197383679973],[-86.8082158723422,36.1197060889223],[-86.8082403859036,36.1197158297588],[-86.8083464183935,36.1197579580674],[-86.8083227211308,36.1197916319436],[-86.8082973617765,36.1198283389508],[-86.8081891468406,36.119784291071],[-86.8081705428819,36.1197767187708],[-86.8081952079241,36.1197383679973]]]},"properties":{"id":"86814","parcel":"117070B30300CO","address":"3174 HILLSBORO PIKE","owner":"HUGHES, LAURIE REVOCABLE TRUST","point":[-86.80825819283918,36.11976733799077]}},{"type":"Feature","id":"86826","geometry":{"type":"Polygon","coordinates":[[[-86.8097874027021,36.1160341939547],[-86.8097922594424,36.1159792173355],[-86.8099115416097,36.1159894066878],[-86.8099467730225,36.1159913683413],[-86.8099392084113,36.116046361348],[-86.8098307826368,36.1160382982628],[-86.8097874027021,36.1160341939547]]]},"properties":{"id":"86826","parcel":"117070C11300CO","address":"113 HAMPTON PL","owner":"HARPER, JACOB O.","point":[-86.80986655803662,36.116012780333705]}},{"type":"Feature","id":"86843","geometry":{"type":"Polygon","coordinates":[[[-86.8054100371786,36.1193287818443],[-86.8056117463863,36.1188912432147],[-86.8056130615477,36.1188916733552],[-86.805925729804,36.1189939846791],[-86.8057240220745,36.1194315247235],[-86.8054100371786,36.1193287818443]]]},"properties":{"id":"86843","parcel":"11707004200","address":"1911 LOMBARDY AVE","owner":"LECKRONE, CHRISTINE A.","point":[-86.80566788411744,36.11916138354333]}},{"type":"Feature","id":"86847","geometry":{"type":"Polygon","coordinates":[[[-86.8066374301536,36.1197866356916],[-86.8070222500453,36.1193559978179],[-86.8070577329299,36.1193768783522],[-86.8071537461182,36.1194333780875],[-86.8071640498272,36.1194394423626],[-86.8073008790186,36.1195199547905],[-86.8068742964339,36.1199929465466],[-86.8068724764595,36.119991596884],[-86.8068389430114,36.1199660256046],[-86.8067928774172,36.1199302319807],[-86.8067365900045,36.1198876858032],[-86.8066787263032,36.119846557042],[-86.8066193377931,36.1198068832043],[-86.8066374301536,36.1197866356916]]]},"properties":{"id":"86847","parcel":"11707004500","address":"2005 LOMBARDY AVE","owner":"WILLOUGHBY STATION TRUST & DOHOTARIU JOINT REV TRUST","point":[-86.80696860249553,36.119653294813034]}},{"type":"Feature","id":"86850","geometry":{"type":"Polygon","coordinates":[[[-86.8073235621543,36.1188333433004],[-86.8073238233143,36.1188328079934],[-86.8073857800201,36.1188552498124],[-86.8074979729541,36.1188983804132],[-86.8075340723657,36.1189129341878],[-86.8075625378561,36.1189244098096],[-86.8076838671021,36.1189757816809],[-86.8077465916679,36.1190076194474],[-86.8078018118874,36.1190369937624],[-86.8078035121625,36.1190380431847],[-86.8077747256439,36.119080517813],[-86.8074267624296,36.1195939429494],[-86.8073008790186,36.1195199547905],[-86.8071640498272,36.1194394423626],[-86.8071537461182,36.1194333780875],[-86.8070577329299,36.1193768783522],[-86.8073235621543,36.1188333433004]]]},"properties":{"id":"86850","parcel":"11707005000","address":"2002 STOKES LN","owner":"NOLES, MICHAEL","point":[-86.8074022240961,36.11922867610696]}},{"type":"Feature","id":"86854","geometry":{"type":"Polygon","coordinates":[[[-86.8056130615477,36.1188916733552],[-86.8058630433104,36.1183561678207],[-86.8061775293994,36.1184580472526],[-86.8059271330215,36.1189944439702],[-86.8059270862136,36.1189944289611],[-86.805925729804,36.1189939846791],[-86.8056130615477,36.1188916733552]]]},"properties":{"id":"86854","parcel":"11707005400","address":"1800 STOKES LN","owner":"KNESTRICK, JAMES A. & JULIE ANDREWS","point":[-86.80589529610587,36.118674860642436]}},{"type":"Feature","id":"86872","geometry":{"type":"Polygon","coordinates":[[[-86.8098423843195,36.1166447837549],[-86.809842339493,36.1166403884996],[-86.8099128039965,36.1166443109274],[-86.8099128712374,36.1166509033598],[-86.8098976073522,36.1167477044849],[-86.8098271203496,36.1167415848712],[-86.8098423843195,36.1166447837549]]]},"properties":{"id":"86872","parcel":"117070D02600CO","address":"111 MATTHEW LN","owner":"HOAG, BRANDON & KINSEY","point":[-86.80986999581803,36.11669624412342]}},{"type":"Feature","id":"86875","geometry":{"type":"Polygon","coordinates":[[[-86.8091619422913,36.1165878144295],[-86.8091618975301,36.1165834218775],[-86.8092296752345,36.1165895582531],[-86.809229720027,36.1165939535088],[-86.8092144766006,36.1166929517334],[-86.8091467211802,36.1166890107241],[-86.8091619422913,36.1165878144295]]]},"properties":{"id":"86875","parcel":"117070D03700CO","address":"133 MATTHEW LN","owner":"LIMA, ANNA","point":[-86.80918813581117,36.116641481988815]}},{"type":"Feature","id":"86878","geometry":{"type":"Polygon","coordinates":[[[-86.8090789881631,36.1166872677552],[-86.8090941869907,36.1165838760942],[-86.8091619422913,36.1165878144295],[-86.8091467211802,36.1166890107241],[-86.8091467659681,36.1166934059797],[-86.8090789881631,36.1166872677552]]]},"properties":{"id":"86878","parcel":"117070D03800CO","address":"135 MATTHEW LN","owner":"ALLISON, RACHEL","point":[-86.80912038039304,36.11663754096461]}},{"type":"Feature","id":"86882","geometry":{"type":"Polygon","coordinates":[[[-86.8058579117803,36.1167438495018],[-86.80589237612,36.1164706820457],[-86.8065871646129,36.1165332807799],[-86.8065511737963,36.1168065226445],[-86.8058579117803,36.1167438495018]]]},"properties":{"id":"86882","parcel":"11707010400","address":"3413 HOPKINS ST","owner":"NORRIS, JONATHAN R. & CARLAT, JENNIFER L.","point":[-86.80622224442229,36.11663856522219]}},{"type":"Feature","id":"86886","geometry":{"type":"Polygon","coordinates":[[[-86.8051523261073,36.1155905729336],[-86.8051869987403,36.115313328621],[-86.8058857300722,36.115372448602],[-86.8058497202339,36.1156500220168],[-86.8051523261073,36.1155905729336]]]},"properties":{"id":"86886","parcel":"11707011400","address":"3422 HOPKINS ST","owner":"FISCHER, LORI ANN","point":[-86.80551877220913,36.11548151091536]}},{"type":"Feature","id":"86890","geometry":{"type":"Polygon","coordinates":[[[-86.80541555149,36.1180661949232],[-86.80514928384,36.1179769358722],[-86.8052079403592,36.1178402398096],[-86.805277338746,36.1173137503299],[-86.805613959105,36.1173424255042],[-86.8056106135122,36.1173693799683],[-86.8055424880046,36.117918309382],[-86.8055311942335,36.118009307956],[-86.8055293451535,36.1180197553497],[-86.8055255273941,36.118029846365],[-86.8055198317896,36.1180393370489],[-86.8055123982129,36.1180479993439],[-86.805503402282,36.1180556247819],[-86.8054930620895,36.1180620307486],[-86.8054816260019,36.118067062367],[-86.805469368281,36.1180705988362],[-86.8054512303559,36.118071232785],[-86.8054331676571,36.1180697554258],[-86.80541555149,36.1180661949232]]]},"properties":{"id":"86890","parcel":"11707012100","address":"3404 HOPKINS ST","owner":"CHESTNUT, DAVID H. & JANET L.","point":[-86.80541018519395,36.11760481153888]}},{"type":"Feature","id":"86957","geometry":{"type":"Polygon","coordinates":[[[-86.804538392991,36.1152561739362],[-86.8045735931397,36.1149878210311],[-86.8052210998427,36.115040651288],[-86.8051869987403,36.115313328621],[-86.804538392991,36.1152561739362]]]},"properties":{"id":"86957","parcel":"11707012900","address":"3435 STOKESMONT RD","owner":"CHOU FAMILY REVOCABLE LIVING TRUST","point":[-86.8048800772532,36.11514841363886]}},{"type":"Feature","id":"86961","geometry":{"type":"Polygon","coordinates":[[[-86.8035552433272,36.1162865397148],[-86.8035846826544,36.1160128557312],[-86.8042683883934,36.1160684512367],[-86.8042353438564,36.1163418421859],[-86.8035552433272,36.1162865397148]]]},"properties":{"id":"86961","parcel":"11707013700","address":"3428 STOKESMONT RD","owner":"VERNICH, PAUL DAVID & LEIGH WILHITE","point":[-86.80391108699877,36.11617749481513]}},{"type":"Feature","id":"86962","geometry":{"type":"Polygon","coordinates":[[[-86.8097594578474,36.1114346083176],[-86.8096726817277,36.1114242024375],[-86.8096645572134,36.1114242569785],[-86.8096720543489,36.1113626705824],[-86.8096801788569,36.1113626160409],[-86.8097669549103,36.1113730219158],[-86.8097594578474,36.1114346083176]]]},"properties":{"id":"86962","parcel":"117110D00200CO","address":"2004 GRAYBAR LN","owner":"HADDAD, DAHLIA","point":[-86.80971576018285,36.11139860574086]}},{"type":"Feature","id":"86963","geometry":{"type":"Polygon","coordinates":[[[-86.8076659362999,36.1193090264199],[-86.8077033865247,36.1192626246037],[-86.8077851113973,36.1193082283816],[-86.8077878429403,36.1193104083158],[-86.8077503927423,36.1193568101577],[-86.8076686678396,36.1193112063568],[-86.8076659362999,36.1193090264199]]]},"properties":{"id":"86963","parcel":"117070E00300CO","address":"2010 STOKES LN","owner":"SHERIDAN, SHEILA","point":[-86.8077268896195,36.11930971738335]}},{"type":"Feature","id":"86965","geometry":{"type":"Polygon","coordinates":[[[-86.8029013258408,36.1159572846767],[-86.8029339768065,36.1156838606645],[-86.8036141228803,36.1157391708127],[-86.8035846826544,36.1160128557312],[-86.8029013258408,36.1159572846767]]]},"properties":{"id":"86965","parcel":"11707014100","address":"3415 AMANDA AVE","owner":"KEELING, CLIFFORD HARRISON","point":[-86.80325837351175,36.115848229342575]}},{"type":"Feature","id":"86966","geometry":{"type":"Polygon","coordinates":[[[-86.8096326213846,36.1117453347614],[-86.8096400961735,36.1116815511924],[-86.8097268501385,36.1116897572118],[-86.80973497468,36.1116897026666],[-86.8097275000124,36.1117534907475],[-86.8097193743538,36.1117535452996],[-86.8096326213846,36.1117453347614]]]},"properties":{"id":"86966","parcel":"117110D00700CO","address":"2014 GRAYBAR LN","owner":"PORTIS, KATHERINE PRATER & BILL SCOTT","point":[-86.80968379422448,36.11171755244283]}},{"type":"Feature","id":"86982","geometry":{"type":"Polygon","coordinates":[[[-86.8046139157505,36.1146315254966],[-86.8046396277503,36.1143876849237],[-86.8052955616916,36.1144452380401],[-86.8052552100219,36.1147679062681],[-86.8046059971753,36.1147106956355],[-86.8046139157505,36.1146315254966]]]},"properties":{"id":"86982","parcel":"11707013100","address":"3439 STOKESMONT RD","owner":"MEEKS, BENJAMIN C. ET UX","point":[-86.80495382035727,36.11453838075933]}},{"type":"Feature","id":"86986","geometry":{"type":"Polygon","coordinates":[[[-86.8036728686319,36.1151930392521],[-86.8037071806439,36.1149192911452],[-86.8044032510561,36.1149760724541],[-86.8043729364416,36.1152331032579],[-86.8043706896968,36.1152506869455],[-86.8036728686319,36.1151930392521]]]},"properties":{"id":"86986","parcel":"11707013300","address":"3436 STOKESMONT RD","owner":"SANDERS, WILLIAM A. & PHY, SARAH EMILY","point":[-86.80403846329861,36.11508455707132]}},{"type":"Feature","id":"86990","geometry":{"type":"Polygon","coordinates":[[[-86.8039794330941,36.1175967857942],[-86.8039793841481,36.1175967789102],[-86.803979344088,36.117596771967],[-86.8039792951054,36.1175967614781],[-86.803966164617,36.1175936386308],[-86.8037275597005,36.117516335042],[-86.8038121961961,36.1173406987866],[-86.8037159641386,36.1170812263891],[-86.8037434441015,36.1168540003564],[-86.8041678021838,36.1168885065996],[-86.8041104540901,36.1173593105114],[-86.8040890808697,36.1175347262467],[-86.8040855028579,36.1175472274495],[-86.8040793870791,36.1175590074194],[-86.8040793663399,36.117559043609],[-86.8040793499342,36.1175590689543],[-86.804079323632,36.1175591042796],[-86.8040708610538,36.1175698246639],[-86.8040708325119,36.1175698582015],[-86.8040708116358,36.1175698808728],[-86.8040707797343,36.117569911729],[-86.8040599390097,36.1175792194334],[-86.8040474605174,36.1175870608527],[-86.8040336411696,36.117593248343],[-86.8040335780484,36.1175932676907],[-86.8040204967163,36.1175965355135],[-86.8040204490635,36.1175965466465],[-86.8040204124726,36.1175965531994],[-86.8040203636725,36.1175965607349],[-86.804006772774,36.1175981032937],[-86.8039930492796,36.1175981794473],[-86.8039794330941,36.1175967857942]]]},"properties":{"id":"86990","parcel":"11707013800","address":"1709 STOKES LN","owner":"BATHON, NORD & DOROTHY REV LIVING TRUST","point":[-86.80394626585561,36.117211260879856]}},{"type":"Feature","id":"86996","geometry":{"type":"Polygon","coordinates":[[[-86.8021854732549,36.1150696581795],[-86.8022179078644,36.114794731512],[-86.8028653351201,36.1148482671104],[-86.8028311468494,36.1151209145752],[-86.8021854732549,36.1150696581795]]]},"properties":{"id":"86996","parcel":"11707014600","address":"3428 AMANDA AVE","owner":"KENDRICK, ALAN S.","point":[-86.80252499171401,36.11495896244905]}},{"type":"Feature","id":"87000","geometry":{"type":"Polygon","coordinates":[[[-86.8035124492303,36.1166541523526],[-86.8035230911902,36.1165600038045],[-86.8042028871924,36.1166152805592],[-86.8041678021838,36.1168885065996],[-86.8037434441015,36.1168540003564],[-86.8034906864656,36.1168334470158],[-86.8035124492303,36.1166541523526]]]},"properties":{"id":"87000","parcel":"11707018500","address":"3422 STOKESMONT RD","owner":"FAVREAU JOINT REVOCABLE LIVING TRUST, THE","point":[-86.80384390397869,36.116744360689005]}},{"type":"Feature","id":"87026","geometry":{"type":"Polygon","coordinates":[[[-86.8058155708951,36.1132631317972],[-86.8057659987267,36.1131821483004],[-86.8058172752612,36.1131642243964],[-86.8058172306595,36.1131598291357],[-86.8058738827272,36.1131374737342],[-86.8058820263854,36.1131396166506],[-86.8058874242511,36.1131373832553],[-86.805876345265,36.113113282158],[-86.8059249160925,36.1130953762858],[-86.8059387252504,36.1131216564644],[-86.8060035019449,36.1130992467118],[-86.8060365338237,36.1131517708716],[-86.8059906741806,36.1131696586711],[-86.8059961802285,36.1131784120931],[-86.8059664997148,36.1131895988768],[-86.8059747816549,36.1132049275391],[-86.8059261873617,36.1132206362586],[-86.8059316933878,36.1132293878811],[-86.8058669165943,36.113251800298],[-86.8058614551506,36.1132474412297],[-86.8058155708951,36.1132631317972]]]},"properties":{"id":"87026","parcel":"117110E00200CO","address":"1817 WOODMONT BLVD","owner":"KRUGEL, DUSTIN & HYUN - JUNG CHO","point":[-86.80588130085265,36.11318028059452]}},{"type":"Feature","id":"87028","geometry":{"type":"Polygon","coordinates":[[[-86.8032112393418,36.1168671369994],[-86.8032262446481,36.1167439660787],[-86.8032265425061,36.1167382715962],[-86.8032279823429,36.1167326929846],[-86.8032305267956,36.1167273801055],[-86.8032341051063,36.1167224758327],[-86.8032386230731,36.1167181114794],[-86.8032439585891,36.1167144050252],[-86.8032499693534,36.1167114547563],[-86.8032564928897,36.1167093410674],[-86.8032633542576,36.1167081201017],[-86.8032703693843,36.1167078237285],[-86.8032773495356,36.1167084622175],[-86.803287472297,36.1166380686444],[-86.8035124492303,36.1166541523526],[-86.8034906864656,36.1168334470158],[-86.8034850140584,36.1168872904537],[-86.8032112393418,36.1168671369994]]]},"properties":{"id":"87028","parcel":"117070G00500CO","address":"204 STOKESBORO CT","owner":"TASSA, GERALD M. & JAMIE W.","point":[-86.80335845565757,36.11678870660402]}},{"type":"Feature","id":"87031","geometry":{"type":"Polygon","coordinates":[[[-86.8031292036562,36.1173063652514],[-86.8031390491651,36.1172960701429],[-86.8031477516584,36.1172851183995],[-86.8031596852708,36.1172618408362],[-86.8031676154663,36.117237464228],[-86.8031713935138,36.1172124393056],[-86.8032112393418,36.1168671369994],[-86.8034850140584,36.1168872904537],[-86.8034213447354,36.1174023449106],[-86.8031292036562,36.1173063652514]]]},"properties":{"id":"87031","parcel":"117070G00600CO","address":"200 STOKESBORO CT","owner":"PANVINI, DORIA LIVING TRUST","point":[-86.80332753465946,36.11704986388649]}},{"type":"Feature","id":"87068","geometry":{"type":"Polygon","coordinates":[[[-86.8095139429925,36.1160448224951],[-86.8095163832044,36.1160184318751],[-86.809635664266,36.116028619705],[-86.809625570723,36.1161012109916],[-86.8095659374566,36.1160972166025],[-86.8095139429925,36.1160448224951]]]},"properties":{"id":"87068","parcel":"117070F02600CO","address":"3425 GOLF CLUB LN","owner":"BELL, DANIEL J.","point":[-86.80958484454933,36.11607109093056]}},{"type":"Feature","id":"87072","geometry":{"type":"Polygon","coordinates":[[[-86.8093928488226,36.1161225524398],[-86.8094054948485,36.1160345600477],[-86.8094732721217,36.1160406980897],[-86.8094607157799,36.1161374810009],[-86.8093929384251,36.116131342952],[-86.8093928488226,36.1161225524398]]]},"properties":{"id":"87072","parcel":"117070F02800CO","address":"3421 GOLF CLUB LN","owner":"WILLIAMS, KEENAN C LIVING TRUST","point":[-86.80943334688081,36.11608162572725]}},{"type":"Feature","id":"87076","geometry":{"type":"Polygon","coordinates":[[[-86.8092546724442,36.1161190840295],[-86.8092672536574,36.1160244992031],[-86.809335032022,36.1160306373154],[-86.8093250714858,36.1161164143526],[-86.8093251610717,36.1161252039637],[-86.8092546724442,36.1161190840295]]]},"properties":{"id":"87076","parcel":"117070F03000CO","address":"3417 GOLF CLUB LN","owner":"SHULL, CATHERINE T","point":[-86.8092953994041,36.11607347067945]}},{"type":"Feature","id":"87080","geometry":{"type":"Polygon","coordinates":[[[-86.8090969603939,36.1160586069748],[-86.8091097410666,36.1159837976777],[-86.8092344401781,36.1159939513615],[-86.8092293142884,36.1160225555191],[-86.8091647376637,36.1160647451902],[-86.8090969603939,36.1160586069748]]]},"properties":{"id":"87080","parcel":"117070F03200CO","address":"3413 GOLF CLUB LN","owner":"LUCAS, JAMES H., JR.","point":[-86.80915084345895,36.116040561681594]}},{"type":"Feature","id":"87088","geometry":{"type":"Polygon","coordinates":[[[-86.8028062467129,36.1172002603987],[-86.8027941971397,36.1171938387475],[-86.8027836173473,36.1171858949614],[-86.8027747927902,36.1171766461526],[-86.8027679670602,36.1171663439603],[-86.8027633251894,36.1171552710575],[-86.8027609946324,36.1171437285257],[-86.8027610385666,36.1171320322945],[-86.8027907134205,36.1168835405585],[-86.8031195522789,36.1169073075031],[-86.803114557472,36.1169490953643],[-86.8031074524152,36.1169811390927],[-86.8030978280441,36.1170127462495],[-86.8030857208176,36.1170437877079],[-86.803078084604,36.1170661497915],[-86.8030738033885,36.1170890933961],[-86.803072939372,36.1171122882385],[-86.8030755036156,36.1171353998697],[-86.8030814594366,36.1171580959605],[-86.8030863380064,36.1171844404034],[-86.8030872393996,36.1172110708955],[-86.8030841462912,36.1172375927908],[-86.8030771091387,36.1172636136952],[-86.8030719882083,36.1172747029173],[-86.8030719631442,36.1172747508522],[-86.8030656500394,36.1172854847946],[-86.8028062467129,36.1172002603987]]]},"properties":{"id":"87088","parcel":"117070G00100CO","address":"201 STOKESBORO CT","owner":"INGRAM, STEVE","point":[-86.80292177043586,36.11707736807364]}},{"type":"Feature","id":"87092","geometry":{"type":"Polygon","coordinates":[[[-86.8028282440498,36.1165692668936],[-86.8028523483925,36.1163674183935],[-86.8032537719492,36.1164000634213],[-86.803235280433,36.1165658927343],[-86.8031899016555,36.1166321255243],[-86.8030977480995,36.1166261462573],[-86.8031027873301,36.1165887518488],[-86.8028282440498,36.1165692668936]]]},"properties":{"id":"87092","parcel":"117070G00300CO","address":"209 STOKESBORO CT","owner":"KARPINOS, JUSTIN & ASHLEY","point":[-86.80304157719402,36.116482644599564]}},{"type":"Feature","id":"87096","geometry":{"type":"Polygon","coordinates":[[[-86.803235280433,36.1165658927343],[-86.8032537719492,36.1164000634213],[-86.8035401867382,36.1164233546492],[-86.8035230911902,36.1165600038045],[-86.8035124492303,36.1166541523526],[-86.803287472297,36.1166380686444],[-86.8031899016555,36.1166321255243],[-86.803235280433,36.1165658927343]]]},"properties":{"id":"87096","parcel":"117070G00400CO","address":"208 STOKESBORO CT","owner":"GLAZE, RICHARD A.","point":[-86.80338762381075,36.11649144296709]}},{"type":"Feature","id":"87262","geometry":{"type":"Polygon","coordinates":[[[-86.8043678906808,36.1125959052499],[-86.8043462023542,36.1125938525605],[-86.8043662879856,36.1124376821274],[-86.8044096656754,36.1124417883889],[-86.8044071570685,36.1124615837834],[-86.8044776621226,36.1124699046525],[-86.8044675632062,36.1125424955799],[-86.8044621464145,36.1125425317094],[-86.8044546228596,36.1126019196817],[-86.8044464982212,36.1126019738712],[-86.8044031204512,36.1125978685243],[-86.8043868489095,36.1125957788143],[-86.8043869156882,36.1126023712565],[-86.804367957458,36.1126024976921],[-86.8043678906808,36.1125959052499]]]},"properties":{"id":"87262","parcel":"117110E00800CO","address":"3510 STOKESMONT RD","owner":"TRAPNELL, WILLIAM","point":[-86.80441505624519,36.112506106170656]}},{"type":"Feature","id":"87268","geometry":{"type":"Polygon","coordinates":[[[-86.8096625204773,36.1114902013777],[-86.8096726817277,36.1114242024375],[-86.8097594578474,36.1114346083176],[-86.8097675823627,36.1114345537702],[-86.8097601076995,36.1114983373511],[-86.8097492742632,36.1114984100851],[-86.8096625204773,36.1114902013777]]]},"properties":{"id":"87268","parcel":"117110D00300CO","address":"2006 GRAYBAR LN","owner":"GEORGE, MELISSA ANN","point":[-86.80971555974482,36.111462412116715]}},{"type":"Feature","id":"87331","geometry":{"type":"Polygon","coordinates":[[[-86.8008202458803,36.1151350306954],[-86.8008280837677,36.1150772199673],[-86.8009088732575,36.1150844309607],[-86.8009171132291,36.1150236514349],[-86.8009771866611,36.115029013514],[-86.8009824449198,36.1149902288541],[-86.8010682674185,36.1149978894044],[-86.8010632128657,36.1150351711787],[-86.8011059012243,36.1150389812825],[-86.8011141808162,36.1150393976613],[-86.8011222738841,36.1150409238559],[-86.8011299401137,36.1150435218062],[-86.8011369688068,36.1150471163026],[-86.8011431085431,36.1150515594023],[-86.8011431746572,36.1150516166452],[-86.8011483551615,36.1150568790729],[-86.8011484147387,36.1150569489772],[-86.8011523867769,36.1150627692139],[-86.8011551532627,36.1150691057814],[-86.8011551624394,36.1150691345615],[-86.8011565911727,36.1150757657211],[-86.8011566425613,36.1150825105782],[-86.8011553101797,36.1150891726957],[-86.8011539129565,36.1151008580915],[-86.8012297502728,36.1151068264488],[-86.8012220913706,36.1151708981263],[-86.8008202458803,36.1151350306954]]]},"properties":{"id":"87331","parcel":"117080Y00200CO","address":"3416 RICHARDS ST","owner":"WILLIAMS, HERMAN & EUGENIA FAMILY TRUST","point":[-86.80103306768316,36.11507993299248]}},{"type":"Feature","id":"87861","geometry":{"type":"Polygon","coordinates":[[[-86.8035529460469,36.1193819920841],[-86.8037624037271,36.118934465667],[-86.8040450431098,36.1190270822643],[-86.8038410062739,36.1194745739468],[-86.8035529460469,36.1193819920841]]]},"properties":{"id":"87861","parcel":"11707002400","address":"1900 LOMBARDY AVE","owner":"KRAUSS, VIKTOR K. & KRISTI T.","point":[-86.80380006723176,36.11920453918703]}},{"type":"Feature","id":"87865","geometry":{"type":"Polygon","coordinates":[[[-86.8029550708582,36.1191881818216],[-86.8031754102766,36.1187449786324],[-86.8034254148941,36.1188246282234],[-86.8032078080568,36.1192700109969],[-86.8029550708582,36.1191881818216]]]},"properties":{"id":"87865","parcel":"11707002600","address":"1820 LOMBARDY AVE","owner":"O'DONNELL, HUGH J. & SUSAN B.","point":[-86.80319102227945,36.1190064065373]}},{"type":"Feature","id":"87869","geometry":{"type":"Polygon","coordinates":[[[-86.8025365602886,36.1190525121457],[-86.8027433136695,36.1186050054858],[-86.8027884331666,36.118619775536],[-86.8029824618815,36.1186825309167],[-86.8027675610055,36.1191278939831],[-86.8025881989838,36.1190697525706],[-86.8025365602886,36.1190525121457]]]},"properties":{"id":"87869","parcel":"11707002800","address":"1816 LOMBARDY AVE","owner":"SIMMONS, MARTIN EARLE","point":[-86.8027576127249,36.11886751861678]}},{"type":"Feature","id":"87875","geometry":{"type":"Polygon","coordinates":[[[-86.8027073481861,36.1184443759378],[-86.8029215493135,36.1180109243856],[-86.8029440358751,36.1180182823777],[-86.8030899545964,36.1180660342394],[-86.8031099457783,36.1180725760304],[-86.8028961545487,36.1185061621824],[-86.8027318978445,36.1184524097203],[-86.8027073481861,36.1184443759378]]]},"properties":{"id":"87875","parcel":"11707003200","address":"1817 LOMBARDY AVE","owner":"SMITH, TERRY G. ET UX","point":[-86.80290874938285,36.118258476325266]}},{"type":"Feature","id":"87878","geometry":{"type":"Polygon","coordinates":[[[-86.807697946926,36.1192604637024],[-86.8077353971,36.1192140609744],[-86.8078171219501,36.1192596656324],[-86.8078198523724,36.1192618446722],[-86.8077851113973,36.1193082283816],[-86.8077033865247,36.1192626246037],[-86.807697946926,36.1192604637024]]]},"properties":{"id":"87878","parcel":"117070E00200CO","address":"2008 STOKES LN","owner":"AULISIO, MICHAEL A.","point":[-86.80775927657008,36.119261154807646]}},{"type":"Feature","id":"87879","geometry":{"type":"Polygon","coordinates":[[[-86.8037272838517,36.1187781407169],[-86.8039412897328,36.1183446255708],[-86.8040208604991,36.1183706631912],[-86.8040321529282,36.1183743588824],[-86.8041790693486,36.1184224353535],[-86.8039754810209,36.1188593595313],[-86.8038093359467,36.118804991122],[-86.8037272838517,36.1187781407169]]]},"properties":{"id":"87879","parcel":"11707003600","address":"1825 LOMBARDY AVE","owner":"BREACH OF TRUST, THE","point":[-86.80395564086334,36.118600292284164]}},{"type":"Feature","id":"87882","geometry":{"type":"Polygon","coordinates":[[[-86.8039754810209,36.1188593595313],[-86.8041790693486,36.1184224353535],[-86.804339007033,36.1184747716998],[-86.8043462214023,36.1184771318172],[-86.8045189463757,36.1185336529282],[-86.804312874215,36.118969765061],[-86.8041307317074,36.1189101627677],[-86.8039754810209,36.1188593595313]]]},"properties":{"id":"87882","parcel":"11707003700","address":"1901 LOMBARDY AVE","owner":"BUCHHALTER, SHAUN ERICK & CRYSTAL WISH","point":[-86.80424667887222,36.118696505667046]}},{"type":"Feature","id":"87901","geometry":{"type":"Polygon","coordinates":[[[-86.8036435618016,36.1154654867768],[-86.8036728686319,36.1151930392521],[-86.8043706896968,36.1152506869455],[-86.8043361476893,36.1155218050209],[-86.8036435618016,36.1154654867768]]]},"properties":{"id":"87901","parcel":"11707013400","address":"3434 STOKESMONT RD","owner":"TUMEY, JO ANN REVOCABLE TRUST","point":[-86.80400605503009,36.11535808566284]}},{"type":"Feature","id":"87905","geometry":{"type":"Polygon","coordinates":[[[-86.8029339768065,36.1156838606645],[-86.8029666275565,36.1154104375259],[-86.8036435618016,36.1154654867768],[-86.8036141228803,36.1157391708127],[-86.8029339768065,36.1156838606645]]]},"properties":{"id":"87905","parcel":"11707014200","address":"3417 AMANDA AVE","owner":"REYES, JOHNSON FAMILY LIVING TRUST","point":[-86.80328941942906,36.11557467531517]}},{"type":"Feature","id":"87906","geometry":{"type":"Polygon","coordinates":[[[-86.8080842272555,36.1195465391201],[-86.8081549265951,36.1194400269265],[-86.8081909431076,36.1194538212797],[-86.8082297072574,36.1194686454025],[-86.8081976968818,36.1195172091598],[-86.8081576729512,36.1195768150286],[-86.8081386235941,36.1195681515512],[-86.8081229850365,36.1195619356339],[-86.8080842272555,36.1195465391201]]]},"properties":{"id":"87906","parcel":"117070B30600CO","address":"3196 HILLSBORO PIKE","owner":"RABY, DAVID EARL & SHEILA ANNE","point":[-86.80816680742181,36.11949285219966]}},{"type":"Feature","id":"87909","geometry":{"type":"Polygon","coordinates":[[[-86.8021530395407,36.115344585713],[-86.8021854732549,36.1150696581795],[-86.8028311468494,36.1151209145752],[-86.8027969695513,36.115393571851],[-86.8021530395407,36.115344585713]]]},"properties":{"id":"87909","parcel":"11707014500","address":"3420 AMANDA AVE","owner":"KENDRICK, SCOTT","point":[-86.80249167881014,36.115232749942464]}},{"type":"Feature","id":"87913","geometry":{"type":"Polygon","coordinates":[[[-86.806798402409,36.1148279117425],[-86.8068185730988,36.1146805315063],[-86.8074882090189,36.1147419809592],[-86.8074707039019,36.1148849488122],[-86.806798402409,36.1148279117425]]]},"properties":{"id":"87913","parcel":"11707018600","address":"3428 BENHAM AVE","owner":"SHIVTECH IMAGING & MANAGEMENT SERVICES, LTD","point":[-86.80714361938111,36.114784947352675]}},{"type":"Feature","id":"87917","geometry":{"type":"Polygon","coordinates":[[[-86.8068233564687,36.114618139735],[-86.8068278233986,36.1145579483086],[-86.8075008498632,36.1146196498973],[-86.8074882090189,36.1147419809592],[-86.8068185730988,36.1146805315063],[-86.8068233564687,36.114618139735]]]},"properties":{"id":"87917","parcel":"11707018900","address":"3430 BENHAM AVE","owner":"LUNA, PATRICIA HEALY","point":[-86.80715929840335,36.11465009052286]}},{"type":"Feature","id":"87930","geometry":{"type":"Polygon","coordinates":[[[-86.804312874215,36.118969765061],[-86.8045189463757,36.1185336529282],[-86.8046544917682,36.1185780075636],[-86.8046602895877,36.1185799048402],[-86.8047388064788,36.118605597519],[-86.8045348852868,36.1190424130998],[-86.80444580663,36.1190132640115],[-86.804312874215,36.118969765061]]]},"properties":{"id":"87930","parcel":"11707003800","address":"1903 LOMBARDY AVE","owner":"PEYTON, JOHN BRONAUGH & ALEXANDRA POOL","point":[-86.80452635836744,36.118787682328]}},{"type":"Feature","id":"87935","geometry":{"type":"Polygon","coordinates":[[[-86.805081356695,36.1192212314602],[-86.8052902283664,36.1187860357605],[-86.8054567533654,36.1188405266806],[-86.8056117463863,36.1188912432147],[-86.8054100371786,36.1193287818443],[-86.805081356695,36.1192212314602]]]},"properties":{"id":"87935","parcel":"11707004100","address":"1909 LOMBARDY AVE","owner":"OLESZKOWICZ, ADAM & EMILY","point":[-86.80534811593516,36.1190562401759]}},{"type":"Feature","id":"87938","geometry":{"type":"Polygon","coordinates":[[[-86.8059271330215,36.1189944439702],[-86.8061775293994,36.1184580472526],[-86.8064920151846,36.1185599258695],[-86.80624120529,36.1190972119622],[-86.8059561101706,36.1190039265202],[-86.8059272255265,36.1189944739957],[-86.8059271787186,36.1189944589866],[-86.8059271330215,36.1189944439702]]]},"properties":{"id":"87938","parcel":"11707005300","address":"1804 STOKES LN","owner":"COLE, BRIAN R & TINA","point":[-86.8062095747878,36.118777185258956]}},{"type":"Feature","id":"87942","geometry":{"type":"Polygon","coordinates":[[[-86.8049743585769,36.1186826761416],[-86.8052235014379,36.1181489809924],[-86.8055379847751,36.1182508621045],[-86.8052884283883,36.1187854475237],[-86.8049745458162,36.1186827370805],[-86.8049743585769,36.1186826761416]]]},"properties":{"id":"87942","parcel":"11707005600","address":"1722 STOKES LN","owner":"JOSHUA 2415 TRUST","point":[-86.80525617244156,36.11846676946076]}},{"type":"Feature","id":"87946","geometry":{"type":"Polygon","coordinates":[[[-86.8046602895877,36.1185799048402],[-86.8049090178062,36.1180470999663],[-86.8052235014379,36.1181489809924],[-86.8049743585769,36.1186826761416],[-86.8047388064788,36.118605597519],[-86.8046602895877,36.1185799048402]]]},"properties":{"id":"87946","parcel":"11707005700","address":"1718 STOKES LN","owner":"TABER, RUSSELL & JEAN","point":[-86.80494189605218,36.11836444325316]}},{"type":"Feature","id":"87949","geometry":{"type":"Polygon","coordinates":[[[-86.8043462214023,36.1184771318172],[-86.8045945360831,36.1179452172091],[-86.8049090178062,36.1180470999663],[-86.8046602895877,36.1185799048402],[-86.8046544917682,36.1185780075636],[-86.8045189463757,36.1185336529282],[-86.8043462214023,36.1184771318172]]]},"properties":{"id":"87949","parcel":"11707005800","address":"1716 STOKES LN","owner":"PATTEN, DANIEL CARTER & EMILY","point":[-86.80462762036514,36.11826211622845]}},{"type":"Feature","id":"87975","geometry":{"type":"Polygon","coordinates":[[[-86.8095163832044,36.1160184318751],[-86.8095239481058,36.1159634388945],[-86.8096405211294,36.1159736448944],[-86.809635664266,36.116028619705],[-86.8095163832044,36.1160184318751]]]},"properties":{"id":"87975","parcel":"117070F02500CO","address":"3427 GOLF CLUB LN","owner":"FURLONG, MONETTA","point":[-86.8095790054349,36.11599603928028]}},{"type":"Feature","id":"87978","geometry":{"type":"Polygon","coordinates":[[[-86.8094607157799,36.1161374810009],[-86.8094732721217,36.1160406980897],[-86.8095139429925,36.1160448224951],[-86.8095659374566,36.1160972166025],[-86.8095583086834,36.1161456162267],[-86.8094607157799,36.1161374810009]]]},"properties":{"id":"87978","parcel":"117070F02700CO","address":"3423 GOLF CLUB LN","owner":"KLEIN, KENNETH P.","point":[-86.80950464654073,36.11607096343781]}},{"type":"Feature","id":"88004","geometry":{"type":"Polygon","coordinates":[[[-86.8084107402738,36.1142059522126],[-86.8084510096314,36.113871357566],[-86.8090690637117,36.1139216066223],[-86.8090734726977,36.11392240082],[-86.8090858671938,36.1139308402129],[-86.8090965599397,36.1139406925158],[-86.8091053109682,36.1139517358207],[-86.8091119200029,36.1139637191122],[-86.8091162398787,36.1139763711902],[-86.809118169933,36.1139894061222],[-86.8090863531068,36.1142560893841],[-86.8084107402738,36.1142059522126]]]},"properties":{"id":"88004","parcel":"11711009400","address":"3446 GOLF CLUB LN","owner":"BRUGGEMAN, TERRANCE J FAMILY TRUST","point":[-86.80876451208108,36.114097679782176]}},{"type":"Feature","id":"88006","geometry":{"type":"Polygon","coordinates":[[[-86.8041628531108,36.110535835127],[-86.8043285859553,36.1094318612926],[-86.8045615905904,36.1094526256488],[-86.8046946686527,36.109464484677],[-86.8045335281693,36.1105655019365],[-86.8041628531108,36.110535835127]]]},"properties":{"id":"88006","parcel":"11711009700","address":"1703 GRAYBAR LN","owner":"PARTEN, ROBERT M. & CYNTHIA A.","point":[-86.80442977095261,36.110000161872414]}},{"type":"Feature","id":"88032","geometry":{"type":"Polygon","coordinates":[[[-86.8017134285856,36.1131168508389],[-86.8017687292472,36.1126923286157],[-86.8024328610423,36.1127472470264],[-86.8023776083315,36.113176167514],[-86.8023613420428,36.1131747138014],[-86.8017134285856,36.1131168508389]]]},"properties":{"id":"88032","parcel":"11712000300","address":"1609 WOODMONT BLVD","owner":"FOX, ERIC GREGORY LIVING TRUST","point":[-86.8020732790053,36.11293204969844]}},{"type":"Feature","id":"88033","geometry":{"type":"Polygon","coordinates":[[[-86.8019847731104,36.1110584518749],[-86.8020581421935,36.1105080944888],[-86.8023346207601,36.1105300431366],[-86.8027222337304,36.1105608159568],[-86.8026493020856,36.1111126823113],[-86.8026492711979,36.1111129231595],[-86.8026441876762,36.1111459223366],[-86.8019800912891,36.1110931995453],[-86.8019847731104,36.1110584518749]]]},"properties":{"id":"88033","parcel":"11712000601","address":"1608 GRAYBAR LN","owner":"MUCKALA, DANIEL & JENNIFER","point":[-86.80235364778314,36.11080963472828]}},{"type":"Feature","id":"88355","geometry":{"type":"Polygon","coordinates":[[[-86.8046631535729,36.1141842922719],[-86.804734237896,36.1135673142638],[-86.8053986316319,36.1136210537943],[-86.8060841663658,36.1136747781668],[-86.8060109540412,36.1142996223206],[-86.8059869502351,36.1145039575831],[-86.8059794053061,36.1145611457385],[-86.8059733883633,36.1146224488545],[-86.8059533250913,36.114826968661],[-86.8052552100219,36.1147679062681],[-86.8052955616916,36.1144452380401],[-86.8046396277503,36.1143876849237],[-86.8046631535729,36.1141842922719]]]},"properties":{"id":"88355","parcel":"11711001300","address":"1808 WOODMONT BLVD","owner":"FIRST UNITARIAN UNIVERSALIST CHURCH(THE)","point":[-86.80533709628936,36.11424195926018]}},{"type":"Feature","id":"88356","geometry":{"type":"Polygon","coordinates":[[[-86.8016460090862,36.1139172587485],[-86.8017180944061,36.1133107660103],[-86.8023632773938,36.1133662533119],[-86.80304368362,36.1134228230348],[-86.8029831400421,36.1139323960264],[-86.8029378218878,36.1142847298025],[-86.8022745439051,36.1142344923932],[-86.8022821802571,36.1141860922829],[-86.8022987737487,36.1140524721784],[-86.8018639526998,36.1139416326641],[-86.8016460090862,36.1139172587485]]]},"properties":{"id":"88356","parcel":"11711001900","address":"1608 WOODMONT BLVD","owner":"NASHVILLE YOUNG WOMEN'S CHRISTIAN ASSN.","point":[-86.80234485185258,36.11367004294722]}},{"type":"Feature","id":"88368","geometry":{"type":"Polygon","coordinates":[[[-86.8077367668336,36.1141561526848],[-86.807773722734,36.1138780611896],[-86.8077748741958,36.1138684115493],[-86.8077778844776,36.1138590288578],[-86.807782680444,36.1138501488397],[-86.8077891410533,36.1138419931199],[-86.8077971062055,36.1138347655591],[-86.8078063744673,36.1138286468615],[-86.8078167163535,36.1138237899794],[-86.8078278720697,36.1138203165232],[-86.8084510096314,36.113871357566],[-86.8084107402738,36.1142059522126],[-86.8077367668336,36.1141561526848]]]},"properties":{"id":"88368","parcel":"11711009300","address":"3441 BENHAM AVE","owner":"CARDEN, KELLY A. & JOAN E.","point":[-86.80809429121697,36.11401765050301]}},{"type":"Feature","id":"88369","geometry":{"type":"Polygon","coordinates":[[[-86.8062489510127,36.113698675654],[-86.806250815137,36.1136821805254],[-86.8065876265181,36.1137095970451],[-86.8065223752492,36.1142520398564],[-86.8061849236431,36.114228198306],[-86.8062489510127,36.113698675654]]]},"properties":{"id":"88369","parcel":"11711009900","address":"3435 HOPKINS ST","owner":"FELIX FAMILY TRUST, THE","point":[-86.80638635612432,36.113968897982296]}},{"type":"Feature","id":"88384","geometry":{"type":"Polygon","coordinates":[[[-86.8013770397874,36.1119095815316],[-86.8013852101471,36.1118459344997],[-86.8014651020678,36.1118526869078],[-86.8014629940836,36.1118691060737],[-86.8015987253621,36.1118805777724],[-86.8015761661076,36.112056311202],[-86.8014221126532,36.1120432911456],[-86.8014386099127,36.1119147847133],[-86.8013770397874,36.1119095815316]]]},"properties":{"id":"88384","parcel":"117120A00200CO","address":"3508 RICHARDS ST","owner":"PERELMUTTER, JARETT","point":[-86.80150820701158,36.111979166924804]}},{"type":"Feature","id":"88385","geometry":{"type":"Polygon","coordinates":[[[-86.8008404170775,36.1144063756465],[-86.8009053159025,36.1138587210039],[-86.8014773066034,36.1139076663472],[-86.8014124128122,36.1144553230859],[-86.8008404170775,36.1144063756465]]]},"properties":{"id":"88385","parcel":"11712000700","address":"0 RICHARDS ST","owner":"COMMUNITY FOUNDATION OF MIDDLE TENNESSE","point":[-86.80115886314724,36.114157021428916]}},{"type":"Feature","id":"88386","geometry":{"type":"Polygon","coordinates":[[[-86.8001229610656,36.1138990770599],[-86.8001354398588,36.1137935045422],[-86.800807006841,36.1138507917481],[-86.8008077294593,36.113850852744],[-86.8008368663994,36.1138528575155],[-86.8009053159025,36.1138587210039],[-86.8008404170775,36.1144063756465],[-86.800771964904,36.1144005139393],[-86.8007432401368,36.114398536157],[-86.8007428310966,36.1143985091302],[-86.8000217193511,36.1143348915044],[-86.8000503077535,36.1142491413153],[-86.8000747599911,36.1141625524213],[-86.8000950385371,36.1140752575624],[-86.8001111147325,36.1139873876168],[-86.8001229610656,36.1138990770599]]]},"properties":{"id":"88386","parcel":"11712000800","address":"3409 BELMONT BLVD","owner":"COMMUNITY FOUNDATION OF MIDDLE TENNESSE","point":[-86.8004796134239,36.11411956298215]}},{"type":"Feature","id":"88387","geometry":{"type":"Polygon","coordinates":[[[-86.8001354398588,36.1137935045422],[-86.800214420941,36.1131889786767],[-86.8008760598992,36.1132462159771],[-86.8015510728973,36.1133046063478],[-86.8014773066034,36.1139076663472],[-86.8009053159025,36.1138587210039],[-86.8008368663994,36.1138528575155],[-86.8008077294593,36.113850852744],[-86.800807006841,36.1138507917481],[-86.8001354398588,36.1137935045422]]]},"properties":{"id":"88387","parcel":"11712000900","address":"3411 BELMONT BLVD","owner":"COMMUNITY FOUNDATION OF MIDDLE TENNESSE","point":[-86.80084427903792,36.11354905924409]}},{"type":"Feature","id":"88388","geometry":{"type":"Polygon","coordinates":[[[-86.8003886353583,36.1114810466989],[-86.800521924713,36.110383106397],[-86.8005347708372,36.1103841558476],[-86.8018792439366,36.1104939000402],[-86.8017386553091,36.1115914839773],[-86.8010674242508,36.1115366062439],[-86.8003968705163,36.1114817202854],[-86.8003886353583,36.1114810466989]]]},"properties":{"id":"88388","parcel":"11712001500","address":"3507 BELMONT BLVD","owner":"SECOND PRESBYTERIAN CHURCH OF NASH.,TN","point":[-86.80113228567754,36.11098747296962]}},{"type":"Feature","id":"88547","geometry":{"type":"Polygon","coordinates":[[[-86.8031327657454,36.1140443990489],[-86.8032052868787,36.1134349922216],[-86.803878970073,36.1134897291441],[-86.8038065530652,36.1140986021488],[-86.8031327657454,36.1140443990489]]]},"properties":{"id":"88547","parcel":"11711001800","address":"1700 WOODMONT BLVD","owner":"ROBINSON, JAMES A. & BARBARA C.","point":[-86.80350587729798,36.11376706470119]}},{"type":"Feature","id":"88562","geometry":{"type":"Polygon","coordinates":[[[-86.8049218230106,36.1105967029724],[-86.8050817353446,36.1094989785459],[-86.8053853144923,36.1095260298192],[-86.8055562623941,36.1095412617726],[-86.8053961857808,36.1106352926931],[-86.8049218230106,36.1105967029724]]]},"properties":{"id":"88562","parcel":"11711008700","address":"1707 GRAYBAR LN","owner":"ANDREWS, JUDITH","point":[-86.80523887376582,36.11006898254417]}},{"type":"Feature","id":"88563","geometry":{"type":"Polygon","coordinates":[[[-86.8076986420976,36.1144429772968],[-86.8077367668336,36.1141561526848],[-86.8084107402738,36.1142059522126],[-86.8083760907502,36.114493807359],[-86.8076986420976,36.1144429772968]]]},"properties":{"id":"88563","parcel":"11711009200","address":"3437 BENHAM AVE","owner":"HUDNUT-BEUMLER, JAMES & HEIDI","point":[-86.80805543807014,36.11432446648231]}},{"type":"Feature","id":"88564","geometry":{"type":"Polygon","coordinates":[[[-86.8061758814004,36.1143046280652],[-86.8061849236431,36.114228198306],[-86.8065223752492,36.1142520398564],[-86.806860391767,36.1142761416622],[-86.8068507514597,36.1143556326286],[-86.8068278233986,36.1145579483086],[-86.8068233564687,36.114618139735],[-86.8061443771775,36.1145699357195],[-86.8061508259032,36.1145047857352],[-86.8061758814004,36.1143046280652]]]},"properties":{"id":"88564","parcel":"11711010000","address":"3431 HOPKINS ST","owner":"PENSON FAMILY TRUST","point":[-86.80650123375656,36.11443021041282]}},{"type":"Feature","id":"88580","geometry":{"type":"Polygon","coordinates":[[[-86.8019121392845,36.1116057146455],[-86.8019800912891,36.1110931995453],[-86.8026441876762,36.1111459223366],[-86.8025789477142,36.1116584188842],[-86.8019121392845,36.1116057146455]]]},"properties":{"id":"88580","parcel":"11712000600","address":"3507 RICHARDS ST","owner":"BODNAR, JAMES MATTHEW & SAMANTHA","point":[-86.80227877264296,36.11137582006144]}},{"type":"Feature","id":"88581","geometry":{"type":"Polygon","coordinates":[[[-86.8002061685303,36.1129840122966],[-86.8002571893676,36.1125637624402],[-86.8009256732992,36.1126210108073],[-86.8008730538976,36.1130433192931],[-86.8002061685303,36.1129840122966]]]},"properties":{"id":"88581","parcel":"11712001200","address":"3501 BELMONT BLVD","owner":"ASHWORTH, BONNIE PAGE","point":[-86.80056563032477,36.11280251161232]}},{"type":"Feature","id":"88582","geometry":{"type":"Polygon","coordinates":[[[-86.8002571893676,36.1125637624402],[-86.8003231927412,36.1120200923275],[-86.8009960300439,36.1120777133674],[-86.8016710119032,36.1121347639186],[-86.8016021682154,36.1126768593213],[-86.8015480660361,36.1131025658967],[-86.8008730538976,36.1130433192931],[-86.8009256732992,36.1126210108073],[-86.8002571893676,36.1125637624402]]]},"properties":{"id":"88582","parcel":"11712001300","address":"3503 BELMONT BLVD","owner":"BROWN, DIANE K.","point":[-86.80096349791792,36.112349264270314]}},{"type":"Feature","id":"88715","geometry":{"type":"Polygon","coordinates":[[[-86.8053961857808,36.1106352926931],[-86.8055562623941,36.1095412617726],[-86.8057541651275,36.1095588964865],[-86.8061229260237,36.1095917545158],[-86.8062663802372,36.109604535674],[-86.80610094854,36.1106921204405],[-86.8053961857808,36.1106352926931]]]},"properties":{"id":"88715","parcel":"11711006400","address":"1709 GRAYBAR LN","owner":"HARRIS, EMMYLOU REVOCABLE TRUST","point":[-86.80582978992508,36.110119912580146]}},{"type":"Feature","id":"88746","geometry":{"type":"Polygon","coordinates":[[[-86.8085015411575,36.1132382845383],[-86.8085724346248,36.1126930599906],[-86.8086876404142,36.1127024522794],[-86.8091948857321,36.1127438277605],[-86.809244695807,36.1127478891299],[-86.8091720590667,36.1132956710159],[-86.8091164020553,36.1137135396377],[-86.8084468630152,36.1136608870229],[-86.8085015411575,36.1132382845383]]]},"properties":{"id":"88746","parcel":"11711002700","address":"2021 WOODMONT BLVD","owner":"SIMMONS, D. MARK & MARTHA D.","point":[-86.80887280222035,36.11299308691245]}},{"type":"Feature","id":"88759","geometry":{"type":"Polygon","coordinates":[[[-86.8034013312356,36.1118924921853],[-86.8034245926848,36.1117187194016],[-86.8040968420637,36.1117735772464],[-86.8040238201148,36.1123190926768],[-86.8033515661682,36.1122642344324],[-86.8034013312356,36.1118924921853]]]},"properties":{"id":"88759","parcel":"11711004700","address":"3505 AMANDA AVE","owner":"GUEST FAMILY REVOCABLE LIVING TRUST","point":[-86.80371617184743,36.11207892036571]}},{"type":"Feature","id":"88760","geometry":{"type":"Polygon","coordinates":[[[-86.8024328610423,36.1127472470264],[-86.802505915444,36.1122039334113],[-86.8031808772377,36.1122587783303],[-86.8031078274307,36.1128020950503],[-86.8024328610423,36.1127472470264]]]},"properties":{"id":"88760","parcel":"11711005200","address":"3502 AMANDA AVE","owner":"NISCHAN, CHRISTOPHER MARVIN REVOCABLE TRUST","point":[-86.80280687037838,36.11250301327084]}},{"type":"Feature","id":"89007","geometry":{"type":"Polygon","coordinates":[[[-86.8076996652589,36.113583657242],[-86.8078723549178,36.1121952261441],[-86.8079560627914,36.11220390178],[-86.8086282539448,36.1122735762394],[-86.8086199191403,36.1123358891935],[-86.8085724346248,36.1126930599906],[-86.8085015411575,36.1132382845383],[-86.8084468630152,36.1136608870229],[-86.8077745946547,36.1136060534494],[-86.8076975664242,36.1136005261971],[-86.8076996652589,36.113583657242]]]},"properties":{"id":"89007","parcel":"11711002800","address":"2001 WOODMONT BLVD","owner":"MPOWER PROPERTIES, LLC","point":[-86.80815683445812,36.11296506415676]}},{"type":"Feature","id":"89072","geometry":{"type":"Polygon","coordinates":[[[-86.8032232904254,36.1132386666074],[-86.8032785386393,36.1128097484429],[-86.8039508194071,36.1128668051682],[-86.8038955536431,36.1132935255458],[-86.8032232904254,36.1132386666074]]]},"properties":{"id":"89072","parcel":"11711004500","address":"1715 WOODMONT BLVD","owner":"ATHA, MICHAEL WAYNE","point":[-86.8035869892974,36.113052736336606]}},{"type":"Feature","id":"89078","geometry":{"type":"Polygon","coordinates":[[[-86.8091342075311,36.1109421249677],[-86.8092080939129,36.1104515433969],[-86.8097228073524,36.110496438269],[-86.8097111925751,36.1105746629943],[-86.8096973160855,36.1106526460348],[-86.8096923475544,36.1106966332171],[-86.8096769725145,36.1107824467554],[-86.8096720039641,36.1108264339354],[-86.809646512482,36.1109826407762],[-86.8091342075311,36.1109421249677]]]},"properties":{"id":"89078","parcel":"11711005900","address":"2095 GRAYBAR LN","owner":"HARWELL, CHRISTOPHER F","point":[-86.8094247517441,36.110739126850035]}},{"type":"Feature","id":"89313","geometry":{"type":"Polygon","coordinates":[[[-86.8003362097237,36.111912870421],[-86.8003886353583,36.1114810466989],[-86.8003968705163,36.1114817202854],[-86.8010674242508,36.1115366062439],[-86.8009960300439,36.1120777133674],[-86.8003231927412,36.1120200923275],[-86.8003362097237,36.111912870421]]]},"properties":{"id":"89313","parcel":"11712019700","address":"3505 BELMONT BLVD","owner":"GILCHRIST, EDWARD GLENN & MARY EUGENIA","point":[-86.8007008232198,36.11172473724146]}},{"type":"Feature","id":"89427","geometry":{"type":"Polygon","coordinates":[[[-86.8038065530652,36.1140986021488],[-86.803878970073,36.1134897291441],[-86.8045728621836,36.1135458623885],[-86.8044994871932,36.1141541672075],[-86.8044504192557,36.1145598176425],[-86.8044431084948,36.114632664823],[-86.8044357652734,36.1147026380271],[-86.8037414437209,36.1146459993832],[-86.8037415053374,36.1146455023658],[-86.8037740293178,36.1143720527217],[-86.8038059756991,36.1141034539975],[-86.8038065530652,36.1140986021488]]]},"properties":{"id":"89427","parcel":"11711001500","address":"3440 STOKESMONT RD","owner":"REALTY INCOME PROPERTIES 17, LLC","point":[-86.80418947434322,36.11382223250839]}},{"type":"Feature","id":"89461","geometry":{"type":"Polygon","coordinates":[[[-86.8065223752492,36.1142520398564],[-86.8065876265181,36.1137095970451],[-86.806925792072,36.1137370035659],[-86.806860391767,36.1142761416622],[-86.8065223752492,36.1142520398564]]]},"properties":{"id":"89461","parcel":"11711009800","address":"1920 WOODMONT BLVD","owner":"RICHARDSON, KIRK & MARY JANE","point":[-86.80672395312108,36.113994521676844]}},{"type":"Feature","id":"89464","geometry":{"type":"Polygon","coordinates":[[[-86.8013862693223,36.1118373021811],[-86.8013956533743,36.1117617348218],[-86.8014582299548,36.1117668510914],[-86.8014727356934,36.1116500258924],[-86.8015912631958,36.1116597165194],[-86.8015853863478,36.1117070423087],[-86.8016187695527,36.1117097721391],[-86.8016077072529,36.1117988609091],[-86.8015744207302,36.1117961394457],[-86.8015700375068,36.1118314402984],[-86.8014684492772,36.1118231350198],[-86.8014659263418,36.1118434522896],[-86.8013862693223,36.1118373021811]]]},"properties":{"id":"89464","parcel":"117120A00100CO","address":"3510 RICHARDS ST","owner":"FRANKLIN, KYLE & OCONNOR, KATE","point":[-86.80153881081603,36.111735805880066]}},{"type":"Feature","id":"89933","geometry":{"type":"Polygon","coordinates":[[[-86.8023626728045,36.1096038226147],[-86.8024015417083,36.1093098247884],[-86.8026251559655,36.1093297567749],[-86.8029913016845,36.109336878567],[-86.8028265399714,36.1104481984783],[-86.8023334314663,36.1104123316858],[-86.8022562984439,36.1104087277176],[-86.8023626728045,36.1096038226147]]]},"properties":{"id":"89933","parcel":"11711006900","address":"1617 GRAYBAR LN","owner":"KOZO, KEITH","point":[-86.80260070134536,36.11000675534589]}},{"type":"Feature","id":"89961","geometry":{"type":"Polygon","coordinates":[[[-86.806860391767,36.1142761416622],[-86.806925792072,36.1137370035659],[-86.807445917946,36.1137792493066],[-86.8076007688374,36.1137918237371],[-86.8075262553855,36.1144084759065],[-86.8075082478868,36.114548450375],[-86.8075016207995,36.114612227176],[-86.8075008498632,36.1146196498973],[-86.8068278233986,36.1145579483086],[-86.8068507514597,36.1143556326286],[-86.806860391767,36.1142761416622]]]},"properties":{"id":"89961","parcel":"11711001000","address":"1922 WOODMONT BLVD","owner":"GREYSTONE TRUST, THE","point":[-86.80723063741914,36.114033983369985]}},{"type":"Feature","id":"89964","geometry":{"type":"Polygon","coordinates":[[[-86.8022470160144,36.1144588398415],[-86.8022745439051,36.1142344923932],[-86.8029378218878,36.1142847298025],[-86.8029001003371,36.1145779942603],[-86.8022395794302,36.114527018168],[-86.8022470160144,36.1144588398415]]]},"properties":{"id":"89964","parcel":"11711002000","address":"3434 AMANDA AVE","owner":"NEFF, CHARLES W.","point":[-86.80259215951651,36.11437178489362]}},{"type":"Feature","id":"90201","geometry":{"type":"Polygon","coordinates":[[[-86.8066767498906,36.110739664541],[-86.8068284500242,36.1096546159911],[-86.8069826648327,36.1096683553816],[-86.8072049427273,36.1096881589476],[-86.8071616504249,36.1099885727117],[-86.8073764724289,36.1100270022319],[-86.8073545934463,36.110199620225],[-86.8072800768937,36.1107875254776],[-86.8066767498906,36.110739664541]]]},"properties":{"id":"90201","parcel":"11711006200","address":"1805 GRAYBAR LN","owner":"LOHR, PAUL R., III & MATTHEWS, MARY M.","point":[-86.80701743801207,36.11046964571521]}},{"type":"Feature","id":"90239","geometry":{"type":"Polygon","coordinates":[[[-86.806733866768,36.111390187005],[-86.8067559595017,36.1112125322848],[-86.8070927911178,36.111240110339],[-86.80707069913,36.1114177651196],[-86.806733866768,36.111390187005]]]},"properties":{"id":"90239","parcel":"117110R00500CO","address":"4002 GRAYBAR CT","owner":"WRIGHT QUALIFIED SPOUSAL TRUST","point":[-86.80691332911215,36.11131514880738]}},{"type":"Feature","id":"90833","geometry":{"type":"Polygon","coordinates":[[[-86.8026493020856,36.1111126823113],[-86.8027222337304,36.1105608159568],[-86.8033971594794,36.1106134625064],[-86.8033241782444,36.111163372035],[-86.8026492711979,36.1111129231595],[-86.8026493020856,36.1111126823113]]]},"properties":{"id":"90833","parcel":"11711004900","address":"1610 GRAYBAR LN","owner":"PERKINS, TIMOTHY D. REVOCABLE LIVING TRUST","point":[-86.80302316080594,36.11086307288426]}},{"type":"Feature","id":"90872","geometry":{"type":"Polygon","coordinates":[[[-86.8067117750462,36.1115678417058],[-86.806733866768,36.111390187005],[-86.80707069913,36.1114177651196],[-86.807048608154,36.1115954198809],[-86.8067117750462,36.1115678417058]]]},"properties":{"id":"90872","parcel":"117110R00600CO","address":"4004 GRAYBAR CT","owner":"GODFREY, JONATHAN & LESLIE","point":[-86.80689123725732,36.111492803548096]}},{"type":"Feature","id":"90873","geometry":{"type":"Polygon","coordinates":[[[-86.80717644215,36.1117715405017],[-86.8072151844604,36.1114599615779],[-86.807417287687,36.1114765082697],[-86.8073785428294,36.1117880872795],[-86.80717644215,36.1117715405017]]]},"properties":{"id":"90873","parcel":"117110R00800CO","address":"4011 GRAYBAR CT","owner":"NOVICK, DANIEL M & INNA","point":[-86.807296864354,36.11162402444745]}},{"type":"Feature","id":"90874","geometry":{"type":"Polygon","coordinates":[[[-86.8072151844604,36.1114599615779],[-86.8072226527842,36.1113998338174],[-86.8074247436145,36.1114163778751],[-86.8076269034636,36.1114329283428],[-86.8076231650211,36.1114629931665],[-86.8076193876658,36.1114930546452],[-86.807417287687,36.1114765082697],[-86.8072151844604,36.1114599615779]]]},"properties":{"id":"90874","parcel":"117110R90400CO","address":"0 GRAYBAR LN","owner":"GRAYMONT HOMEOWNERS ASSOCIATION, INC","point":[-86.80742104300225,36.11144644513573]}},{"type":"Feature","id":"90891","geometry":{"type":"Polygon","coordinates":[[[-86.8052748603736,36.1165517127687],[-86.8052799512591,36.1165123936787],[-86.8051766497867,36.1165035882965],[-86.805183533177,36.1164504279657],[-86.8055110679748,36.1164783492999],[-86.8055025623295,36.1165440347919],[-86.8054781900267,36.1165419569632],[-86.8054763543391,36.116556131074],[-86.8054839888927,36.1165567821897],[-86.805481436337,36.1165765021726],[-86.8053234543814,36.1165630347047],[-86.8053243743188,36.1165559336668],[-86.8052748603736,36.1165517127687]]]},"properties":{"id":"90891","parcel":"117074E00200CO","address":"3414 B HOPKINS ST","owner":"BALLOU, STEPHANIE LYNN & MILLS, EMMA DEE","point":[-86.80539138883924,36.116527195372285]}},{"type":"Feature","id":"90892","geometry":{"type":"Polygon","coordinates":[[[-86.8057134053335,36.1167432511504],[-86.805015605919,36.1166837678857],[-86.805049786319,36.1164104691905],[-86.8057487496076,36.1164700517234],[-86.8057134053335,36.1167432511504]],[[-86.8054671223883,36.1166290641183],[-86.8054692886452,36.1166123263556],[-86.8054762572505,36.1166129206318],[-86.8054783834407,36.116596503993],[-86.8053204548252,36.1165830424736],[-86.8053197224265,36.1165887011087],[-86.8052710912092,36.1165845554308],[-86.8052660322069,36.1166236237503],[-86.8051604469972,36.1166146227],[-86.8051535542294,36.1166678470807],[-86.8054816791537,36.1166958186368],[-86.8054900694256,36.1166310207815],[-86.8054671223883,36.1166290641183]],[[-86.8054763543391,36.116556131074],[-86.8054781900267,36.1165419569632],[-86.8055025623295,36.1165440347919],[-86.8055110679748,36.1164783492999],[-86.805183533177,36.1164504279657],[-86.8051766497867,36.1165035882965],[-86.8052799512591,36.1165123936787],[-86.8052748603736,36.1165517127687],[-86.8053243743188,36.1165559336668],[-86.8053234543814,36.1165630347047],[-86.805481436337,36.1165765021726],[-86.8054839888927,36.1165567821897],[-86.8054763543391,36.116556131074]]]},"properties":{"id":"90892","parcel":"117074E90000CO","address":"3414 C HOPKINS ST","owner":"3414 HOPKINS STREET TOWNHOUSE ASSOCIATION","point":[-86.80538158640624,36.116579740903035]}},{"type":"Feature","id":"91254","geometry":{"type":"Polygon","coordinates":[[[-86.8050103612338,36.1112981481011],[-86.8050831678679,36.1107494653066],[-86.8057581190791,36.1108042958232],[-86.8056862029337,36.1113563240726],[-86.8050103612338,36.1112981481011]]]},"properties":{"id":"91254","parcel":"11711004100","address":"1708 A GRAYBAR LN","owner":"SPIGEL, DAVID ROBERT & MARCI M.","point":[-86.80538453931831,36.111051223038245]}},{"type":"Feature","id":"91257","geometry":{"type":"Polygon","coordinates":[[[-86.8041688585627,36.1112245182381],[-86.8042401740732,36.1106825649933],[-86.8049097074654,36.1107374363777],[-86.8048387166718,36.1112758034691],[-86.8047663622884,36.1118262522309],[-86.8040968420637,36.1117735772464],[-86.8041688585627,36.1112245182381]]]},"properties":{"id":"91257","parcel":"11711004200","address":"1706 GRAYBAR LN","owner":"HILLHOUSE, PATRICIA F. & FINNEY, JOHN P., TRUSTEES","point":[-86.80450379641206,36.111250161335995]}},{"type":"Feature","id":"91281","geometry":{"type":"Polygon","coordinates":[[[-86.8034962890418,36.1111730238369],[-86.8035679338582,36.1106277106359],[-86.8042401740732,36.1106825649933],[-86.8041688585627,36.1112245182381],[-86.8040968420637,36.1117735772464],[-86.8034245926848,36.1117187194016],[-86.8034962890418,36.1111730238369]]]},"properties":{"id":"91281","parcel":"11711004800","address":"1700 GRAYBAR LN","owner":"GILLMOR, JOHN E. & ALLIS DALE","point":[-86.80383257639674,36.11119877151359]}},{"type":"Feature","id":"91283","geometry":{"type":"Polygon","coordinates":[[[-86.8023776083315,36.113176167514],[-86.8024328610423,36.1127472470264],[-86.8031078274307,36.1128020950503],[-86.8030525783002,36.1132310131375],[-86.8023776083315,36.113176167514]]]},"properties":{"id":"91283","parcel":"11711005300","address":"3500 AMANDA AVE","owner":"TURNBERRY HOMES, LLC","point":[-86.80274271865804,36.11298913184394]}},{"type":"Feature","id":"91382","geometry":{"type":"Polygon","coordinates":[[[-86.8073785428294,36.1117880872795],[-86.807417287687,36.1114765082697],[-86.8076193876658,36.1114930546452],[-86.8075806435839,36.1118046328173],[-86.8073785428294,36.1117880872795]]]},"properties":{"id":"91382","parcel":"117110R00900CO","address":"4009 GRAYBAR CT","owner":"SALLEE, BRIAN P & CHRISTY","point":[-86.80749896544323,36.111640571025326]}},{"type":"Feature","id":"91416","geometry":{"type":"Polygon","coordinates":[[[-86.8051535542294,36.1166678470807],[-86.8051604469972,36.1166146227],[-86.8052660322069,36.1166236237503],[-86.8052710912092,36.1165845554308],[-86.8053197224265,36.1165887011087],[-86.8053204548252,36.1165830424736],[-86.8054783834407,36.116596503993],[-86.8054762572505,36.1166129206318],[-86.8054692886452,36.1166123263556],[-86.8054671223883,36.1166290641183],[-86.8054900694256,36.1166310207815],[-86.8054816791537,36.1166958186368],[-86.8051535542294,36.1166678470807]]]},"properties":{"id":"91416","parcel":"117074E00100CO","address":"3414 A HOPKINS ST","owner":"FIGUEROA, CARLOS & GOMEZ, DORA E MORTON","point":[-86.80532181201555,36.116649434049656]}},{"type":"Feature","id":"91612","geometry":{"type":"Polygon","coordinates":[[[-86.80610094854,36.1106921204405],[-86.8062663802372,36.109604535674],[-86.8064274197145,36.109618884482],[-86.8068284500242,36.1096546159911],[-86.8066767498906,36.110739664541],[-86.80610094854,36.1106921204405]]]},"properties":{"id":"91612","parcel":"11711006300","address":"1801 GRAYBAR LN","owner":"ANDREWS, ROBERT C. & CHRISTINE ANN","point":[-86.80646789216456,36.11017337395141]}},{"type":"Feature","id":"91614","geometry":{"type":"Polygon","coordinates":[[[-86.8045335281693,36.1105655019365],[-86.8046946686527,36.109464484677],[-86.8050155803371,36.1094930823009],[-86.8050157148614,36.1094930949222],[-86.8050817353446,36.1094989785459],[-86.8049218230106,36.1105967029724],[-86.8045335281693,36.1105655019365]]]},"properties":{"id":"91614","parcel":"11711006500","address":"1705 GRAYBAR LN","owner":"PARTEN, ROBERT M. & CYNTHIA A.","point":[-86.80480781362338,36.11003224087747]}},{"type":"Feature","id":"92161","geometry":{"type":"Polygon","coordinates":[[[-86.8025789477142,36.1116584188842],[-86.8026441876762,36.1111459223366],[-86.8026492711979,36.1111129231595],[-86.8033241782444,36.111163372035],[-86.8032538826968,36.111711066221],[-86.8025789477142,36.1116584188842]],[[-86.8029636296458,36.1115977031536],[-86.8029673649406,36.1115683604362],[-86.8029796123656,36.111569386575],[-86.802983990824,36.1115349959926],[-86.803016813291,36.1115377462936],[-86.8030215302291,36.1115006919657],[-86.8029904464455,36.1114980869137],[-86.8029946704614,36.1114649005719],[-86.802786097639,36.1114474197569],[-86.8027748638337,36.1115356715968],[-86.8026620979772,36.111526220483],[-86.8026543266961,36.1115872674587],[-86.8027900656119,36.1115986449325],[-86.8027859484853,36.1116309869526],[-86.8029717833757,36.1116465624235],[-86.8029778503154,36.1115988946097],[-86.8029636296458,36.1115977031536]],[[-86.8030241242444,36.1114245054248],[-86.8030291593451,36.1113801413705],[-86.803036427971,36.1113806851183],[-86.8030394580127,36.1113539887546],[-86.8030339623665,36.1113535783088],[-86.8030407395948,36.1112938862416],[-86.8029558405422,36.111287539543],[-86.8029604373082,36.1112470575328],[-86.8028369721229,36.1112378283295],[-86.8028379003418,36.111229662831],[-86.8027162859818,36.1112205725999],[-86.8027093229823,36.1112819089246],[-86.8028248093077,36.1112905415443],[-86.8028171843673,36.1113576991644],[-86.8028043245006,36.1113567374719],[-86.8027985445621,36.1114076425818],[-86.8030241242444,36.1114245054248]]]},"properties":{"id":"92161","parcel":"117110T90000CO","address":"3508 B AMANDA AVE","owner":"O.I.C.3506 AMANDA AVENUE COTTAGES","point":[-86.80276059774322,36.11141582599836]}},{"type":"Feature","id":"93417","geometry":{"type":"Polygon","coordinates":[[[-86.8023074167254,36.1156004118307],[-86.8023184639149,36.115507983929],[-86.8024462961526,36.1155180417631],[-86.8024468522448,36.1155133838406],[-86.8025732137639,36.1155233269479],[-86.8025687688334,36.1155605218103],[-86.8025594907286,36.1155597913184],[-86.8025523315694,36.1156196832116],[-86.8023074167254,36.1156004118307]]]},"properties":{"id":"93417","parcel":"117080Z00100CO","address":"3416 AMANDA AVE","owner":"ZEGLARSKI, ROBERT & MEGAN","point":[-86.80243341086502,36.11558045917113]}},{"type":"Feature","id":"93419","geometry":{"type":"Polygon","coordinates":[[[-86.8027628259392,36.1156659584879],[-86.8021205168049,36.1156107227],[-86.8021530395407,36.115344585713],[-86.8027969695513,36.115393571851],[-86.8027628259392,36.1156659584879]],[[-86.8025523315694,36.1156196832116],[-86.8025594907286,36.1155597913184],[-86.8025687688334,36.1155605218103],[-86.8025732137639,36.1155233269479],[-86.8024468522448,36.1155133838406],[-86.8024462961526,36.1155180417631],[-86.8023184639149,36.115507983929],[-86.8023074167254,36.1156004118307],[-86.8025523315694,36.1156196832116]],[[-86.802575735416,36.1154054161033],[-86.8023347883099,36.1153844284752],[-86.8023227605317,36.1154753379342],[-86.8024499710168,36.1154864192505],[-86.8024492341442,36.1154919841648],[-86.8025754118284,36.1155029748817],[-86.802580386911,36.1154653709136],[-86.8025679461433,36.1154642874345],[-86.802575735416,36.1154054161033]]]},"properties":{"id":"93419","parcel":"117080Z90000CO","address":"3418 B AMANDA AVE","owner":"O.I.C. 3418 AMANDA AVENUE COTTAGES","point":[-86.80245815684344,36.11550549797335]}},{"type":"Feature","id":"93703","geometry":{"type":"Polygon","coordinates":[[[-86.8026543266961,36.1115872674587],[-86.8026620979772,36.111526220483],[-86.8027748638337,36.1115356715968],[-86.802786097639,36.1114474197569],[-86.8029946704614,36.1114649005719],[-86.8029904464455,36.1114980869137],[-86.8030215302291,36.1115006919657],[-86.803016813291,36.1115377462936],[-86.802983990824,36.1115349959926],[-86.8029796123656,36.111569386575],[-86.8029673649406,36.1115683604362],[-86.8029636296458,36.1115977031536],[-86.8029778503154,36.1115988946097],[-86.8029717833757,36.1116465624235],[-86.8027859484853,36.1116309869526],[-86.8027900656119,36.1115986449325],[-86.8026543266961,36.1115872674587]]]},"properties":{"id":"93703","parcel":"117110T00100CO","address":"3506 AMANDA AVE","owner":"BIRDCAGE GYMNASTICS TRUST","point":[-86.80282022299967,36.11155277063827]}},{"type":"Feature","id":"93704","geometry":{"type":"Polygon","coordinates":[[[-86.8027985445621,36.1114076425818],[-86.8028043245006,36.1113567374719],[-86.8028171843673,36.1113576991644],[-86.8028248093077,36.1112905415443],[-86.8027093229823,36.1112819089246],[-86.8027162859818,36.1112205725999],[-86.8028379003418,36.111229662831],[-86.8028369721229,36.1112378283295],[-86.8029604373082,36.1112470575328],[-86.8029558405422,36.111287539543],[-86.8030407395948,36.1112938862416],[-86.8030339623665,36.1113535783088],[-86.8030394580127,36.1113539887546],[-86.803036427971,36.1113806851183],[-86.8030291593451,36.1113801413705],[-86.8030241242444,36.1114245054248],[-86.8027985445621,36.1114076425818]]]},"properties":{"id":"93704","parcel":"117110T00200CO","address":"3508 AMANDA AVE","owner":"CASSITY, CYNTHIA M & LARRY S","point":[-86.80292921613555,36.111323554457606]}},{"type":"Feature","id":"93999","geometry":{"type":"Polygon","coordinates":[[[-86.8023227605317,36.1154753379342],[-86.8023347883099,36.1153844284752],[-86.802575735416,36.1154054161033],[-86.8025679461433,36.1154642874345],[-86.802580386911,36.1154653709136],[-86.8025754118284,36.1155029748817],[-86.8024492341442,36.1154919841648],[-86.8024499710168,36.1154864192505],[-86.8023227605317,36.1154753379342]]]},"properties":{"id":"93999","parcel":"117080Z00200CO","address":"3418 AMANDA AVE","owner":"NEXT LEVEL PROPERTIES","point":[-86.80245000549897,36.115434650932755]}},{"type":"Feature","id":"94110","geometry":{"type":"Polygon","coordinates":[[[-86.8054052681655,36.1149092574751],[-86.8054129414398,36.1148494565887],[-86.805544084673,36.1148605363183],[-86.8055473963457,36.114834735707],[-86.8055743671861,36.1148370142743],[-86.8055754984893,36.1148281966779],[-86.8057437760877,36.1148424124849],[-86.8057392879978,36.114877393317],[-86.8057482252916,36.1148781483729],[-86.8057473699046,36.1148848181731],[-86.8057246003166,36.1148828946248],[-86.8057178289792,36.1149356640068],[-86.8054052681655,36.1149092574751]]]},"properties":{"id":"94110","parcel":"117074F00200CO","address":"3426 B HOPKINS ST","owner":"SWEETING, SHANE & RAESHELL","point":[-86.8055784710547,36.1148802652941]}},{"type":"Feature","id":"94269","geometry":{"type":"Polygon","coordinates":[[[-86.8079270567605,36.1169152139858],[-86.807684409526,36.1168945512307],[-86.8076878996544,36.1168675713985],[-86.8076076436023,36.1168607371959],[-86.807615985235,36.116796240538],[-86.807773575466,36.1168096598636],[-86.8077741563223,36.1168051729938],[-86.8077990924156,36.1168072961542],[-86.8077987166178,36.1168102107152],[-86.8078882782172,36.1168178359777],[-86.8078886715923,36.1168147933166],[-86.8079254948343,36.1168179282844],[-86.8079252044379,36.1168201744233],[-86.8079373862026,36.1168212113182],[-86.8079367889223,36.1168258298861],[-86.8079720779186,36.1168288345165],[-86.8079610384683,36.1169141896299],[-86.8079275582988,36.1169113387162],[-86.8079270567605,36.1169152139858]]]},"properties":{"id":"94269","parcel":"117073B00100CO","address":"3413 A BENHAM AVE","owner":"ACHEATEL, JOSHUA & AIELLO, ALEXIS","point":[-86.80778986075056,36.11684478599483]}},{"type":"Feature","id":"94507","geometry":{"type":"Polygon","coordinates":[[[-86.8055453751034,36.1150365770883],[-86.8055465355745,36.115027568226],[-86.8055188775165,36.1150252221391],[-86.8055222489588,36.1149990705315],[-86.8053903101136,36.1149878753177],[-86.8053980095929,36.1149281373485],[-86.8057096978134,36.1149545848783],[-86.8057072511782,36.1149735669177],[-86.805736079904,36.114976013295],[-86.8057285567345,36.1150343828629],[-86.8056997657886,36.1150319398365],[-86.8056975045109,36.1150494848936],[-86.8055453751034,36.1150365770883]]]},"properties":{"id":"94507","parcel":"117074F00100CO","address":"3426 A HOPKINS ST","owner":"TANNER, SPENCER DAWSON & CHRISTINE ACHOLA","point":[-86.80559502552525,36.11499369816258]}},{"type":"Feature","id":"95300","geometry":{"type":"Polygon","coordinates":[[[-86.8059181731742,36.1150997172456],[-86.8052210998427,36.115040651288],[-86.8052552100219,36.1147679062681],[-86.8059533250913,36.114826968661],[-86.8059181731742,36.1150997172456]],[[-86.8056975045109,36.1150494848936],[-86.8056997657886,36.1150319398365],[-86.8057285567345,36.1150343828629],[-86.805736079904,36.114976013295],[-86.8057072511782,36.1149735669177],[-86.8057096978134,36.1149545848783],[-86.8053980095929,36.1149281373485],[-86.8053903101136,36.1149878753177],[-86.8055222489588,36.1149990705315],[-86.8055188775165,36.1150252221391],[-86.8055465355745,36.115027568226],[-86.8055453751034,36.1150365770883],[-86.8056975045109,36.1150494848936]],[[-86.8054052681655,36.1149092574751],[-86.8057178289792,36.1149356640068],[-86.8057246003166,36.1148828946248],[-86.8057473699046,36.1148848181731],[-86.8057482252916,36.1148781483729],[-86.8057392879978,36.114877393317],[-86.8057437760877,36.1148424124849],[-86.8055754984893,36.1148281966779],[-86.8055743671861,36.1148370142743],[-86.8055473963457,36.114834735707],[-86.805544084673,36.1148605363183],[-86.8054129414398,36.1148494565887],[-86.8054052681655,36.1149092574751]]]},"properties":{"id":"95300","parcel":"117074F90000CO","address":"3426 C HOPKINS ST","owner":"O.I.C. 3426 HOPKINS STREET HOA","point":[-86.80555782579346,36.11493190063262]}},{"type":"Feature","id":"95524","geometry":{"type":"Polygon","coordinates":[[[-86.8080501941882,36.1169511226962],[-86.8073744555241,36.116894837306],[-86.8074104410586,36.1166216781367],[-86.8074105400059,36.1166216864871],[-86.8080837589503,36.1166780498318],[-86.8080501941882,36.1169511226962]],[[-86.8079270567605,36.1169152139858],[-86.8079275582988,36.1169113387162],[-86.8079610384683,36.1169141896299],[-86.8079720779186,36.1168288345165],[-86.8079367889223,36.1168258298861],[-86.8079373862026,36.1168212113182],[-86.8079252044379,36.1168201744233],[-86.8079254948343,36.1168179282844],[-86.8078886715923,36.1168147933166],[-86.8078882782172,36.1168178359777],[-86.8077987166178,36.1168102107152],[-86.8077990924156,36.1168072961542],[-86.8077741563223,36.1168051729938],[-86.807773575466,36.1168096598636],[-86.807615985235,36.116796240538],[-86.8076076436023,36.1168607371959],[-86.8076878996544,36.1168675713985],[-86.807684409526,36.1168945512307],[-86.8079270567605,36.1169152139858]],[[-86.8079358758921,36.1167916647718],[-86.8079364871453,36.1167868910897],[-86.8079708463625,36.1167897856828],[-86.8079817064184,36.116704924769],[-86.8079474606338,36.1167020393334],[-86.8079483826525,36.1166948382178],[-86.8077188783163,36.1166755043143],[-86.8077183031123,36.1166800010602],[-86.8076338488435,36.1166728858493],[-86.8076259643735,36.1167344917401],[-86.8076827245729,36.1167392742218],[-86.8076787916413,36.1167700072568],[-86.8079358758921,36.1167916647718]]]},"properties":{"id":"95524","parcel":"117073B90000CO","address":"3413 C BENHAM AVE","owner":"O.I.C. 3413 BENHAM AVENUE HOMES","point":[-86.80758416082786,36.116778090521514]}},{"type":"Feature","id":"95651","geometry":{"type":"Polygon","coordinates":[[[-86.8079358758921,36.1167916647718],[-86.8076787916413,36.1167700072568],[-86.8076827245729,36.1167392742218],[-86.8076259643735,36.1167344917401],[-86.8076338488435,36.1166728858493],[-86.8077183031123,36.1166800010602],[-86.8077188783163,36.1166755043143],[-86.8079483826525,36.1166948382178],[-86.8079474606338,36.1167020393334],[-86.8079817064184,36.116704924769],[-86.8079708463625,36.1167897856828],[-86.8079364871453,36.1167868910897],[-86.8079358758921,36.1167916647718]]]},"properties":{"id":"95651","parcel":"117073B00200CO","address":"3413 B BENHAM AVE","owner":"ALLEN, CHRISTINA H & JAMES H","point":[-86.80780383545331,36.116719708386746]}},{"type":"Feature","id":"100254","geometry":{"type":"Polygon","coordinates":[[[-86.8036728686319,36.1151930392521],[-86.8029992340847,36.1151373868822],[-86.8030334598548,36.1148643299351],[-86.8037071806439,36.1149192911452],[-86.8036728686319,36.1151930392521]],[[-86.803532841696,36.1150576567828],[-86.8032495691915,36.11503452309],[-86.8032415942546,36.1150988160242],[-86.8032590180928,36.115100239379],[-86.8032569846108,36.1151166382404],[-86.8035228324569,36.1151383495098],[-86.803532841696,36.1150576567828]],[[-86.8032543956634,36.1150103735238],[-86.8036210851998,36.115040646604],[-86.8036274855445,36.1149896057787],[-86.8035209639692,36.1149808123327],[-86.8035264207122,36.114937286385],[-86.8034396388747,36.1149301215667],[-86.8034401938886,36.1149256925715],[-86.803414383132,36.1149235617219],[-86.8034140007841,36.1149266124069],[-86.8032993715557,36.1149171490404],[-86.8032961635806,36.1149427316848],[-86.8032707030074,36.1149406291158],[-86.8032665051644,36.1149741036739],[-86.8032590210742,36.1149734856653],[-86.8032543956634,36.1150103735238]]]},"properties":{"id":"100254","parcel":"117074I90000CO","address":"3421 B AMANDA AVE","owner":"O.I.C.  HOMES AT 3421 & 3423 AMANDA AVEN","point":[-86.80320867931657,36.115022377185376]}},{"type":"Feature","id":"100255","geometry":{"type":"Polygon","coordinates":[[[-86.8035332831812,36.1148716444083],[-86.8034470145409,36.114864693386],[-86.8034465487573,36.1148684999019],[-86.8034216056707,36.1148664912564],[-86.8034220652561,36.1148627307473],[-86.8033085834725,36.1148535878137],[-86.8033116091771,36.1148288743176],[-86.8032841503379,36.114826662486],[-86.803288185517,36.1147936901225],[-86.803283406342,36.1147933046575],[-86.8032877974806,36.1147574178786],[-86.8036530877501,36.1147868493637],[-86.8036468971907,36.1148374327464],[-86.8035385380979,36.114828702032],[-86.8035332831812,36.1148716444083]]]},"properties":{"id":"100255","parcel":"117074H00100CO","address":"3425 AMANDA AVE","owner":"HERNANDEZ, CHRISTOPHER & JOVITA","point":[-86.80346816388705,36.114810474992936]}},{"type":"Feature","id":"100512","geometry":{"type":"Polygon","coordinates":[[[-86.8070667443725,36.1149724965689],[-86.8070706986862,36.1149416669605],[-86.80698700439,36.1149346011994],[-86.8069907713102,36.1149052221104],[-86.8069946844088,36.1148747064263],[-86.8072498494794,36.1148962484273],[-86.8072469522485,36.1149188377473],[-86.807241539161,36.1149183800726],[-86.8072406828615,36.1149250571005],[-86.8072385740068,36.1149414998012],[-86.8072503540483,36.1149424943886],[-86.8072474032914,36.1149655004592],[-86.8072298855341,36.1149640215279],[-86.8072262308626,36.1149925238263],[-86.8071385931469,36.114985125851],[-86.8071394257779,36.1149786328441],[-86.8070667443725,36.1149724965689]]]},"properties":{"id":"100512","parcel":"117074G00200CO","address":"3426 BENHAM AVE","owner":"3426 BENHAM TRUST AGREEMENT","point":[-86.80711384353307,36.114929829216955]}},{"type":"Feature","id":"100516","geometry":{"type":"Polygon","coordinates":[[[-86.8032909177405,36.1147363413299],[-86.8032996010329,36.1146680708139],[-86.8033266115736,36.1146703333955],[-86.8033300235256,36.1146435047184],[-86.8034456676287,36.1146531884167],[-86.8034460277542,36.1146503568911],[-86.803471382922,36.114652479953],[-86.8034707265032,36.114657645071],[-86.8035580193576,36.1146649542712],[-86.8035524631536,36.1147086368082],[-86.8036541407303,36.1147171506563],[-86.8036478983281,36.1147662328483],[-86.8032909177405,36.1147363413299]]]},"properties":{"id":"100516","parcel":"117074H00200CO","address":"3427 AMANDA AVE","owner":"BARNES, JAMES A. & CAROLINE T.","point":[-86.80342589110829,36.11468946276542]}},{"type":"Feature","id":"100558","geometry":{"type":"Polygon","coordinates":[[[-86.8082342059588,36.1165805378667],[-86.8082474583059,36.1164744969708],[-86.8084452128902,36.1164907674138],[-86.8084423821077,36.1165134184984],[-86.8084515128519,36.1165141693546],[-86.8084492407911,36.1165323454307],[-86.8084774979732,36.1165346697086],[-86.8084757292269,36.1165488199866],[-86.8084668541681,36.1165480890492],[-86.8084604714866,36.1165991534461],[-86.8082342059588,36.1165805378667]]]},"properties":{"id":"100558","parcel":"117073D00100CO","address":"3416 GOLF CLUB LN","owner":"AKG FAMILY TRUST","point":[-86.80835790236262,36.11654119663677]}},{"type":"Feature","id":"100559","geometry":{"type":"Polygon","coordinates":[[[-86.808779315498,36.1166536335969],[-86.8080936924148,36.116597223846],[-86.8081188242819,36.1163927617132],[-86.8081202238983,36.116392870404],[-86.8081393144044,36.1162587424804],[-86.8088219117776,36.1163149036647],[-86.808779315498,36.1166536335969]],[[-86.8084604714866,36.1165991534461],[-86.8084668541681,36.1165480890492],[-86.8084757292269,36.1165488199866],[-86.8084774979732,36.1165346697086],[-86.8084492407911,36.1165323454307],[-86.8084515128519,36.1165141693546],[-86.8084423821077,36.1165134184984],[-86.8084452128902,36.1164907674138],[-86.8082474583059,36.1164744969708],[-86.8082342059588,36.1165805378667],[-86.8084604714866,36.1165991534461]],[[-86.8084771963473,36.116429002636],[-86.8084863922917,36.1163554251631],[-86.8084987982138,36.116356446078],[-86.8085032137649,36.1163211069245],[-86.80827293563,36.1163021605091],[-86.8082593238242,36.1164110762098],[-86.8084771963473,36.116429002636]]]},"properties":{"id":"100559","parcel":"117073D90000CO","address":"3416 B GOLF CLUB LN","owner":"O.I.C. HOMES AT 3418 GOLF CLUB LANE","point":[-86.80845811855781,36.11645190304802]}},{"type":"Feature","id":"101356","geometry":{"type":"Polygon","coordinates":[[[-86.8032415942546,36.1150988160242],[-86.8032495691915,36.11503452309],[-86.803532841696,36.1150576567828],[-86.8035228324569,36.1151383495098],[-86.8032569846108,36.1151166382404],[-86.8032590180928,36.115100239379],[-86.8032415942546,36.1150988160242]]]},"properties":{"id":"101356","parcel":"117074I00100CO","address":"3421 AMANDA AVE","owner":"HASSENFELD, ETHAN ROSS & ALYSSA JAFFE","point":[-86.80338721796791,36.11507823649208]}},{"type":"Feature","id":"101359","geometry":{"type":"Polygon","coordinates":[[[-86.8032543956634,36.1150103735238],[-86.8032590210742,36.1149734856653],[-86.8032665051644,36.1149741036739],[-86.8032707030074,36.1149406291158],[-86.8032961635806,36.1149427316848],[-86.8032993715557,36.1149171490404],[-86.8034140007841,36.1149266124069],[-86.803414383132,36.1149235617219],[-86.8034401938886,36.1149256925715],[-86.8034396388747,36.1149301215667],[-86.8035264207122,36.114937286385],[-86.8035209639692,36.1149808123327],[-86.8036274855445,36.1149896057787],[-86.8036210851998,36.115040646604],[-86.8032543956634,36.1150103735238]]]},"properties":{"id":"101359","parcel":"117074I00200CO","address":"3423 AMANDA AVE","owner":"BARKER, MATTHEW COLLINS & HANNAH LAYNE","point":[-86.80338995451618,36.114977451867546]}},{"type":"Feature","id":"101483","geometry":{"type":"Polygon","coordinates":[[[-86.8074300318044,36.11521261845],[-86.8067584202564,36.1151578333375],[-86.8067909027177,36.1148894979061],[-86.8067909179775,36.1148893599078],[-86.806798402409,36.1148279117425],[-86.8074707039019,36.1148849488122],[-86.8074637106062,36.1149427579581],[-86.8074582034615,36.1149877787629],[-86.807430698831,36.1152126725681],[-86.8074300318044,36.11521261845]],[[-86.8072189853114,36.1150897874047],[-86.8072202912438,36.1150784973057],[-86.8072287475905,36.1150791419092],[-86.8072307611046,36.115061733672],[-86.8072223736883,36.1150610949162],[-86.8072236296654,36.1150502449775],[-86.8070059337974,36.1150336688531],[-86.8069987720445,36.1150955943526],[-86.8070782740835,36.1151016471764],[-86.8070750158752,36.1151298187489],[-86.8071007428635,36.1151317781329],[-86.8070987058703,36.1151493929184],[-86.8072233688944,36.1151588846688],[-86.807231252402,36.1150907219536],[-86.8072189853114,36.1150897874047]],[[-86.8072262308626,36.1149925238263],[-86.8072298855341,36.1149640215279],[-86.8072474032914,36.1149655004592],[-86.8072503540483,36.1149424943886],[-86.8072385740068,36.1149414998012],[-86.8072406828615,36.1149250571005],[-86.807241539161,36.1149183800726],[-86.8072469522485,36.1149188377473],[-86.8072498494794,36.1148962484273],[-86.8069946844088,36.1148747064263],[-86.8069907713102,36.1149052221104],[-86.80698700439,36.1149346011994],[-86.8070706986862,36.1149416669605],[-86.8070667443725,36.1149724965689],[-86.8071394257779,36.1149786328441],[-86.8071385931469,36.114985125851],[-86.8072262308626,36.1149925238263]]]},"properties":{"id":"101483","parcel":"117074G90000CO","address":"3424 B BENHAM AVE","owner":"O.I.C.  HOMES AT 3424 & 3426 BENHAM AVEN","point":[-86.80711552384675,36.11501309549127]}},{"type":"Feature","id":"101497","geometry":{"type":"Polygon","coordinates":[[[-86.8037071806439,36.1149192911452],[-86.8030334598548,36.1148643299351],[-86.8030613424601,36.1146418726484],[-86.8030676873922,36.1145912513152],[-86.8037415053374,36.1146455023658],[-86.8037414437209,36.1146459993832],[-86.8037074562229,36.114917106402],[-86.8037071806439,36.1149192911452]],[[-86.8035332831812,36.1148716444083],[-86.8035385380979,36.114828702032],[-86.8036468971907,36.1148374327464],[-86.8036530877501,36.1147868493637],[-86.8032877974806,36.1147574178786],[-86.803283406342,36.1147933046575],[-86.803288185517,36.1147936901225],[-86.8032841503379,36.114826662486],[-86.8033116091771,36.1148288743176],[-86.8033085834725,36.1148535878137],[-86.8034220652561,36.1148627307473],[-86.8034216056707,36.1148664912564],[-86.8034465487573,36.1148684999019],[-86.8034470145409,36.114864693386],[-86.8035332831812,36.1148716444083]],[[-86.8032909177405,36.1147363413299],[-86.8036478983281,36.1147662328483],[-86.8036541407303,36.1147171506563],[-86.8035524631536,36.1147086368082],[-86.8035580193576,36.1146649542712],[-86.8034707265032,36.114657645071],[-86.803471382922,36.114652479953],[-86.8034460277542,36.1146503568911],[-86.8034456676287,36.1146531884167],[-86.8033300235256,36.1146435047184],[-86.8033266115736,36.1146703333955],[-86.8032996010329,36.1146680708139],[-86.8032909177405,36.1147363413299]]]},"properties":{"id":"101497","parcel":"117074H90000CO","address":"3425 B AMANDA AVE","owner":"O.I.C. HOMES AT 3425 & 3427 AMANDA AVENU","point":[-86.80323377406434,36.114746788327935]}},{"type":"Feature","id":"101654","geometry":{"type":"Polygon","coordinates":[[[-86.8080252221388,36.11715429578],[-86.8080501941882,36.1169511226962],[-86.8080837589503,36.1166780498318],[-86.8080857276367,36.116662036171],[-86.8080892299146,36.1166335357794],[-86.8080936924148,36.116597223846],[-86.808779315498,36.1166536335969],[-86.808771780002,36.1167154967983],[-86.808726646764,36.1170671536581],[-86.8083335856413,36.1171101712997],[-86.8080252221388,36.11715429578]],[[-86.808400123822,36.1170423085293],[-86.8084063852727,36.1169922039191],[-86.8084141786367,36.1169928447725],[-86.8084163027271,36.1169758440624],[-86.8083893294628,36.1169736256273],[-86.8083918860405,36.1169531701066],[-86.8083832911104,36.1169524634224],[-86.8083860140136,36.1169306692835],[-86.8081881760777,36.1169143920862],[-86.8081745085192,36.1170237452546],[-86.808400123822,36.1170423085293]],[[-86.8084290949977,36.1167940813705],[-86.8084382335162,36.116720964849],[-86.8084496044608,36.1167219007753],[-86.8084535034044,36.1166906956684],[-86.8084543600256,36.1166838401783],[-86.8082244288327,36.1166649228845],[-86.8082234489752,36.1166727688071],[-86.8082105344319,36.1167760990768],[-86.8084290949977,36.1167940813705]]]},"properties":{"id":"101654","parcel":"117073C90000CO","address":"3412 B GOLF CLUB LN","owner":"O.I.C. HOMES AT 3416 GOLF CLUB LANE","point":[-86.80840801682552,36.11685439576381]}},{"type":"Feature","id":"102089","geometry":{"type":"Polygon","coordinates":[[[-86.8082105344319,36.1167760990768],[-86.8082234489752,36.1166727688071],[-86.8082244288327,36.1166649228845],[-86.8084543600256,36.1166838401783],[-86.8084535034044,36.1166906956684],[-86.8084496044608,36.1167219007753],[-86.8084382335162,36.116720964849],[-86.8084290949977,36.1167940813705],[-86.8082105344319,36.1167760990768]]]},"properties":{"id":"102089","parcel":"117073C00200CO","address":"3414 GOLF CLUB LN","owner":"3414 GOLF CLUB LANE REVOCABLE TRUST","point":[-86.80832432660037,36.11674899079783]}},{"type":"Feature","id":"102271","geometry":{"type":"Polygon","coordinates":[[[-86.8081745085192,36.1170237452546],[-86.8081881760777,36.1169143920862],[-86.8083860140136,36.1169306692835],[-86.8083832911104,36.1169524634224],[-86.8083918860405,36.1169531701066],[-86.8083893294628,36.1169736256273],[-86.8084163027271,36.1169758440624],[-86.8084141786367,36.1169928447725],[-86.8084063852727,36.1169922039191],[-86.808400123822,36.1170423085293],[-86.8081745085192,36.1170237452546]]]},"properties":{"id":"102271","parcel":"117073C00100CO","address":"3412 GOLF CLUB LN","owner":"DUVVURI, SAL B. & NAGINENI, LAVANYA LATHA","point":[-86.80829739969924,36.116983841716774]}},{"type":"Feature","id":"102272","geometry":{"type":"Polygon","coordinates":[[[-86.8082593238242,36.1164110762098],[-86.80827293563,36.1163021605091],[-86.8085032137649,36.1163211069245],[-86.8084987982138,36.116356446078],[-86.8084863922917,36.1163554251631],[-86.8084771963473,36.116429002636],[-86.8082593238242,36.1164110762098]]]},"properties":{"id":"102272","parcel":"117073D00200CO","address":"3418 GOLF CLUB LN","owner":"KING LIVING TRUST, THE","point":[-86.80837279540941,36.11638375118209]}},{"type":"Feature","id":"103722","geometry":{"type":"Polygon","coordinates":[[[-86.8074799257982,36.1196251905222],[-86.8074267624296,36.1195939429494],[-86.8077747256439,36.119080517813],[-86.8078035121625,36.1190380431847],[-86.8078599643439,36.1190689450074],[-86.8080133012257,36.119160303862],[-86.8080393407773,36.1191758180445],[-86.807663305595,36.1197336127496],[-86.8076307317404,36.119713825999],[-86.8074799257982,36.1196251905222]],[[-86.8078545720542,36.1192132628674],[-86.8077674076362,36.119165497336],[-86.8077299575038,36.1192119000745],[-86.8077353971,36.1192140609744],[-86.807697946926,36.1192604637024],[-86.8077033865247,36.1192626246037],[-86.8076659362999,36.1193090264199],[-86.8076686678396,36.1193112063568],[-86.8076312175716,36.1193576081617],[-86.8076366571844,36.1193597699672],[-86.8075992068747,36.1194061717616],[-86.8076046498223,36.1194083335462],[-86.8075671961387,36.1194547353523],[-86.8075699276807,36.1194569152914],[-86.8075324772863,36.1195033170639],[-86.8075379168972,36.1195054779725],[-86.8074977360468,36.119549701589],[-86.8075849230713,36.1195996644865],[-86.8076251039076,36.1195554417427],[-86.8076196419338,36.119551082761],[-86.8076570922907,36.1195046800607],[-86.8076516526766,36.1195025191575],[-86.807689103001,36.1194561173479],[-86.8076863714557,36.1194539374116],[-86.8077211158846,36.11940755371],[-86.8077183821186,36.1194053737892],[-86.8077558323582,36.1193589719578],[-86.8077503927423,36.1193568101577],[-86.8077878429403,36.1193104083158],[-86.8077851113973,36.1193082283816],[-86.8078198523724,36.1192618446722],[-86.8078171219501,36.1192596656324],[-86.8078545720542,36.1192132628674]]]},"properties":{"id":"103722","parcel":"117070E90000CO","address":"0 STOKES LN","owner":"O.I.C. ABBINGDON PLACE","point":[-86.8078182136875,36.11938279766847]}},{"type":"Feature","id":"103728","geometry":{"type":"Polygon","coordinates":[[[-86.8099514321259,36.117775860733],[-86.809504834542,36.1175539509271],[-86.8090917437951,36.1173486876296],[-86.8090611958837,36.1173335085437],[-86.8090302002829,36.1173163631503],[-86.8090015309888,36.1172967326319],[-86.8089754889144,36.1172748231681],[-86.808952349672,36.1172508654431],[-86.8089323557712,36.1172251119939],[-86.8089157176738,36.1171978317952],[-86.8089026093794,36.1171693129933],[-86.8088931694527,36.1171398547871],[-86.8088874965722,36.117109766557],[-86.8088856517332,36.117079366047],[-86.8088876526208,36.117048972193],[-86.8089276526038,36.1167212481061],[-86.8096080731959,36.116776020673],[-86.8103562738584,36.1168369269381],[-86.8103244809165,36.1169446644708],[-86.81028931171,36.1170517099554],[-86.810250791056,36.1171579929224],[-86.8102089426798,36.1172634447114],[-86.8101867926463,36.1173157885777],[-86.8101757847727,36.1173414111768],[-86.8101401154434,36.1174199433803],[-86.8101155854576,36.1174714785421],[-86.8100640576885,36.1175740589009],[-86.8100093282872,36.1176755413414],[-86.8099514321259,36.117775860733]],[[-86.8099405630675,36.117473478596],[-86.8098252262087,36.1174190359324],[-86.8097944881257,36.1174590753891],[-86.8097644097013,36.1174980117453],[-86.8097333333597,36.1175383283472],[-86.8097022597803,36.117578918912],[-86.8098192750364,36.11763225176],[-86.8098506845525,36.1175913840187],[-86.8098800887885,36.1175530010498],[-86.8099114976599,36.1175118584045],[-86.8099405630675,36.117473478596]],[[-86.8094605055307,36.1174453842995],[-86.8094992602111,36.1173943017889],[-86.8095289910204,36.1173548189503],[-86.8095350504991,36.1173467496564],[-86.8095590549732,36.1173147840855],[-86.8095887896271,36.117275575195],[-86.8095990677462,36.1172619247796],[-86.8096185203475,36.1172360923332],[-86.8096482482263,36.1171963336899],[-86.8096793171887,36.1171551933829],[-86.8095671167873,36.117104669826],[-86.8095657095781,36.1171040357551],[-86.809531591001,36.1171449216095],[-86.8095025294289,36.1171835761876],[-86.8094728014818,36.117223334795],[-86.8094427336073,36.1172630947744],[-86.8094130083933,36.1173031273375],[-86.8093829387768,36.1173426133225],[-86.809366954515,36.1173355779153],[-86.8093295425739,36.1173855518094],[-86.8093979167709,36.1174166820662],[-86.8094605055307,36.1174453842995]],[[-86.8092049337123,36.1173512243064],[-86.8092363434335,36.1173103567222],[-86.8092670850726,36.1172703173838],[-86.809296824877,36.1172313834224],[-86.8093275659152,36.1171916180615],[-86.8093573023375,36.117152685008],[-86.8093749860424,36.1171602578941],[-86.8093776576437,36.1171566690852],[-86.8094123827101,36.117108907826],[-86.809282089549,36.1170482515225],[-86.8092436596498,36.1170979555303],[-86.8092122461045,36.1171385482538],[-86.8091818387838,36.1171780364557],[-86.8091514275211,36.1172172497846],[-86.8091206802425,36.1172567393491],[-86.8090899385348,36.1172967786503],[-86.8092049337123,36.1173512243064]],[[-86.8099685747276,36.117166163103],[-86.8099612255122,36.1172090675453],[-86.8099327562634,36.117206236714],[-86.8099324567102,36.1172100844987],[-86.8099254675493,36.1172551838477],[-86.8099200044953,36.1172913376318],[-86.809919458294,36.1172967057339],[-86.8098909946224,36.1172944246376],[-86.8098903534854,36.1172979998244],[-86.8098840390546,36.1173428206494],[-86.8098773998377,36.1173890163077],[-86.8100122915497,36.1174023958513],[-86.8100192722622,36.1173564718819],[-86.8100259304304,36.1173119245336],[-86.8100530395831,36.1173144895861],[-86.8100548623154,36.1173036971027],[-86.8100607034281,36.1172691108076],[-86.8100683633495,36.1172234571632],[-86.8100958089746,36.1172254701638],[-86.8101024553437,36.1171800982149],[-86.810109091608,36.1171336276694],[-86.8099765622628,36.1171194085999],[-86.8099685747276,36.117166163103]],[[-86.8099485760492,36.1168652130777],[-86.8099431533668,36.1168647006097],[-86.8099419086453,36.1168754225164],[-86.8098846288107,36.1168694882397],[-86.809824637093,36.1168632981534],[-86.8098258902309,36.1168533999639],[-86.8097679300749,36.1168471962097],[-86.8097099738417,36.1168412672925],[-86.8096618477664,36.1168363710255],[-86.8096606030318,36.1168476400078],[-86.8096016271407,36.1168411726071],[-86.8095999768259,36.1168409899085],[-86.8095429877402,36.116834695709],[-86.8094816364877,36.1168279656959],[-86.8094828896861,36.1168180693124],[-86.8094235839685,36.1168126963931],[-86.8093659682437,36.1168070390158],[-86.809360545569,36.1168065265216],[-86.8093582883548,36.116817530107],[-86.8093033806162,36.116811854529],[-86.8092474576781,36.1168061866385],[-86.8092483609151,36.1167951921393],[-86.8091887164731,36.1167898231798],[-86.8091321227106,36.1167847086175],[-86.809127718047,36.1167844632736],[-86.8091257900727,36.1167946408736],[-86.8090688519521,36.1167889806117],[-86.8090092019075,36.1167830600161],[-86.8089933181157,36.1168856342843],[-86.8090519546808,36.1168918338735],[-86.8091116075652,36.1168980248141],[-86.8091131911936,36.116887302446],[-86.8091731828831,36.1168934937873],[-86.80922605352,36.1168986333093],[-86.8092247941243,36.1169077068602],[-86.8092308910345,36.1169082157383],[-86.8092881736405,36.1169144242967],[-86.8093485069329,36.1169208872489],[-86.809349412959,36.1169101676217],[-86.8094087249009,36.1169163625059],[-86.8094632961554,36.1169220393932],[-86.8094613637272,36.1169316672458],[-86.8094667853096,36.1169321806442],[-86.8095254169222,36.1169381051456],[-86.8095870955332,36.1169443579636],[-86.8096416727397,36.1169499617266],[-86.8096454026639,36.1169504864721],[-86.8096505536698,36.1169243543529],[-86.8096966364669,36.116927890786],[-86.8096927330352,36.1169435758758],[-86.8097517067634,36.1169494961682],[-86.8098110154086,36.1169551437984],[-86.8098094374889,36.1169664168215],[-86.809868754543,36.1169728872382],[-86.8099263759944,36.116979090515],[-86.8099304419223,36.1169793408081],[-86.8099323630799,36.1169686134584],[-86.80998930252,36.1169742751074],[-86.8100482724058,36.1169799230935],[-86.8100467141387,36.1169931193253],[-86.8100514564825,36.1169933623679],[-86.8101056868377,36.1169990412545],[-86.8101656758845,36.1170049572296],[-86.8101832369421,36.116900997979],[-86.810124600282,36.1168947989398],[-86.8100642697504,36.1168886112482],[-86.8100658504274,36.1168776121926],[-86.8100072137845,36.1168714121951],[-86.8099485760492,36.1168652130777]]]},"properties":{"id":"103728","parcel":"117070K90000CO","address":"0 GOLF CLUB LN","owner":"O.I.C. GOLF CLUB PLACE CONDO","point":[-86.8097698446375,36.11724424950836]}},{"type":"Feature","id":"105524","geometry":{"type":"Polygon","coordinates":[[[-86.8103562738584,36.1168369269381],[-86.8096080731959,36.116776020673],[-86.8089276526038,36.1167212481061],[-86.8089979134256,36.1161735486029],[-86.8096841068358,36.1162285532841],[-86.8104590485666,36.1162912108235],[-86.8104452565689,36.1164035096156],[-86.8104288350934,36.1165155764148],[-86.8104067844056,36.1166230060758],[-86.8103825955708,36.116730131942],[-86.8103562738584,36.1168369269381]],[[-86.8102163718655,36.1166642490546],[-86.8101187793587,36.1166561134536],[-86.8101161801464,36.1166671193515],[-86.8100484045104,36.1166609816567],[-86.8100483372582,36.1166543892244],[-86.8099805818292,36.1166504486835],[-86.8099806266633,36.1166548439388],[-86.8099128712374,36.1166509033598],[-86.8099128039965,36.1166443109274],[-86.809842339493,36.1166403884996],[-86.8098423843195,36.1166447837549],[-86.8097746065022,36.1166386459212],[-86.8097770914869,36.1166166523577],[-86.8096930624705,36.1166106208773],[-86.8096780672387,36.1167337944088],[-86.8097593872636,36.1167398413831],[-86.8098271651661,36.1167459792252],[-86.8098271203496,36.1167415848712],[-86.8098976073522,36.1167477044849],[-86.8098976521818,36.1167520997401],[-86.8099681380885,36.11675821932],[-86.809968093255,36.1167538240648],[-86.8100331856256,36.1167621780538],[-86.8101036715517,36.1167682975545],[-86.8102039732799,36.116776414069],[-86.8102163718655,36.1166642490546]],[[-86.8096048946853,36.1167298900203],[-86.8096198676458,36.1166045211231],[-86.8095331340362,36.1165985103893],[-86.8095305347447,36.1166095162747],[-86.8094356503532,36.1166013619461],[-86.8094330532512,36.1166123660119],[-86.8093652755116,36.1166062297506],[-86.8093652307115,36.116601834495],[-86.8092974529678,36.1165956963931],[-86.809297497764,36.1166000916487],[-86.809229720027,36.1165939535088],[-86.8092296752345,36.1165895582531],[-86.8091618975301,36.1165834218775],[-86.8091619422913,36.1165878144295],[-86.8090941869907,36.1165838760942],[-86.8090789881631,36.1166872677552],[-86.8091467659681,36.1166934059797],[-86.8091467211802,36.1166890107241],[-86.8092144766006,36.1166929517334],[-86.8092145437836,36.1166995441661],[-86.8092850307017,36.1167056641378],[-86.8092849635129,36.1166990717051],[-86.8093527413439,36.1167052098139],[-86.8093527861433,36.1167096050693],[-86.8094205639885,36.1167157431399],[-86.8095181576078,36.1167238792983],[-86.8096048946853,36.1167298900203]],[[-86.8101355637641,36.1164428247909],[-86.8101381596342,36.1164318189144],[-86.810205937303,36.1164379565442],[-86.8102085331631,36.1164269506662],[-86.8102762895234,36.1164308910719],[-86.8102941935822,36.1163274792666],[-86.8102237080328,36.1163213598766],[-86.8102211334864,36.1163345629398],[-86.8101533559047,36.1163284253184],[-86.8101558856184,36.116310827001],[-86.8100691265329,36.1163026185961],[-86.8100690368828,36.1162938307885],[-86.8099823002188,36.1162878176958],[-86.8099797256427,36.1163010216552],[-86.8098902586189,36.1162928313065],[-86.8098877075478,36.1163082324337],[-86.8098199300143,36.1163020946249],[-86.8098225035063,36.1162888906764],[-86.8097493089498,36.1162827891978],[-86.8097368201324,36.1163861645647],[-86.8098100147832,36.1163922660507],[-86.8098074412857,36.1164054699986],[-86.809875241316,36.1164138049915],[-86.8098753309723,36.1164225955027],[-86.8099593844185,36.1164308222162],[-86.80996195567,36.11641761828],[-86.8100514228418,36.1164258085754],[-86.8100488045365,36.1164346163716],[-86.8101355637641,36.1164428247909]],[[-86.8095256077205,36.1163919796666],[-86.809528115148,36.1163721814816],[-86.8095958927187,36.1163783194543],[-86.8095958255043,36.1163717270212],[-86.8096637196157,36.1163753495944],[-86.8096689977272,36.1163756314156],[-86.8096815314487,36.1162766513112],[-86.8096774735429,36.1162763126303],[-86.8096083402465,36.1162705497247],[-86.8096083850506,36.1162749440794],[-86.8095378951578,36.1162688243183],[-86.80953785033,36.11626442726],[-86.8094538452681,36.1162605981896],[-86.809364378344,36.1162524074507],[-86.8092776194041,36.1162441984763],[-86.8092776641991,36.1162485937323],[-86.8092044697217,36.1162424919231],[-86.8092044249308,36.116238096667],[-86.8091420858296,36.1162341193198],[-86.8091268434737,36.1163331175348],[-86.8091919130204,36.1163392748014],[-86.8091919802012,36.1163458672347],[-86.809265174773,36.1163519690514],[-86.8092626672623,36.1163717654285],[-86.8093494039359,36.1163777763348],[-86.809349448735,36.1163821715906],[-86.8094389157945,36.1163903614391],[-86.8094388485931,36.116383769006],[-86.8095256077205,36.1163919796666]]]},"properties":{"id":"105524","parcel":"117070D90000CO","address":"0 MATTHEW LN","owner":"O.I.C. PARK GREEN CONDOMINIUMS","point":[-86.80969655161279,36.116478271843135]}},{"type":"Feature","id":"105529","geometry":{"type":"Polygon","coordinates":[[[-86.8099253452554,36.1186704983677],[-86.8096596431929,36.118645909747],[-86.8097881908424,36.1184686820703],[-86.8099187807056,36.1182925391954],[-86.8102236117003,36.118435539878],[-86.8102126619493,36.1184508694363],[-86.8102040803314,36.1184671618797],[-86.8101979932688,36.1184841784208],[-86.8101944903812,36.118501666099],[-86.8101741647073,36.1186336647457],[-86.8101722063629,36.1186448853459],[-86.8101679597955,36.1186556814894],[-86.810161548542,36.1186657495155],[-86.8101531496495,36.1186748043306],[-86.8101430026901,36.1186825919661],[-86.8101313920071,36.1186888915004],[-86.8099253452554,36.1186704983677]],[[-86.8099998377903,36.1185381369352],[-86.8099320583448,36.1185319991929],[-86.8098615697464,36.118525878701],[-86.8098540272534,36.1185830697441],[-86.8099245158928,36.1185891893392],[-86.8099922729732,36.1185931299097],[-86.8100573410975,36.118599285827],[-86.8100649092024,36.1185442928262],[-86.8099998377903,36.1185381369352]]]},"properties":{"id":"105529","parcel":"117070A90200CO","address":"0 GLOUCESTER SQ","owner":"O.I.C. GLOUCESTER SQUARE ","point":[-86.80998366989635,36.11849258528742]}},{"type":"Feature","id":"105751","geometry":{"type":"Polygon","coordinates":[[[-86.8089979134256,36.1161735486029],[-86.8090682181164,36.1156302496469],[-86.8091385005396,36.1150847506862],[-86.809832837778,36.1151404001384],[-86.8097585218446,36.1156841105215],[-86.8096841068358,36.1162285532841],[-86.8089979134256,36.1161735486029]],[[-86.8095583086834,36.1161456162267],[-86.8095659374566,36.1160972166025],[-86.809625570723,36.1161012109916],[-86.809635664266,36.116028619705],[-86.8096405211294,36.1159736448944],[-86.8096480859406,36.1159186519054],[-86.809623688588,36.1159166156405],[-86.8096312534238,36.1158616244543],[-86.809638773416,36.115802236208],[-86.8096523378023,36.1158043433853],[-86.8096599025892,36.1157493503932],[-86.8096674684671,36.1156943564913],[-86.8095509171488,36.1156863486031],[-86.809543307483,36.1157369463327],[-86.8095330559647,36.1157941555787],[-86.8095194916109,36.1157920510916],[-86.8095146581665,36.1158492212675],[-86.8095071145579,36.1159064114341],[-86.8095315129967,36.1159084459127],[-86.8095239481058,36.1159634388945],[-86.8095163832044,36.1160184318751],[-86.8095139429925,36.1160448224951],[-86.8094732721217,36.1160406980897],[-86.8094054948485,36.1160345600477],[-86.8094054052446,36.1160257695353],[-86.8093349200315,36.1160196496254],[-86.809335032022,36.1160306373154],[-86.8092672536574,36.1160244992031],[-86.8092293142884,36.1160225555191],[-86.8092344401781,36.1159939513615],[-86.8092420052725,36.1159389583983],[-86.8092555696624,36.1159410647189],[-86.8092631347371,36.1158860717537],[-86.8092468624029,36.1158839836023],[-86.8092544050768,36.1158267925579],[-86.8092619925429,36.11577399767],[-86.8092728265629,36.1157739249798],[-86.8092803692077,36.1157167339322],[-86.809287979039,36.1156661362189],[-86.8091686974558,36.1156559480516],[-86.8091611099389,36.1157087429352],[-86.8091535448381,36.1157637386002],[-86.8091399804536,36.1157616295644],[-86.8091324377034,36.1158188206025],[-86.8091248938225,36.1158760107456],[-86.8091384358097,36.1158759199018],[-86.8091308706497,36.1159309128593],[-86.8091173062647,36.1159288065247],[-86.8091097410666,36.1159837976777],[-86.8090969603939,36.1160586069748],[-86.8091647376637,36.1160647451902],[-86.809157082955,36.116110950338],[-86.8092546724442,36.1161190840295],[-86.8093251610717,36.1161252039637],[-86.8093250714858,36.1161164143526],[-86.8093928488226,36.1161225524398],[-86.8093929384251,36.116131342952],[-86.8094607157799,36.1161374810009],[-86.8095583086834,36.1161456162267]],[[-86.8096688543921,36.115564684103],[-86.809676394538,36.1155074957462],[-86.8096628548356,36.1155075866355],[-86.8096704206701,36.1154525909275],[-86.809677962998,36.1153953998504],[-86.8096915049025,36.1153953089446],[-86.8096990696233,36.1153403159444],[-86.8097066567473,36.115287521022],[-86.8097194143259,36.1152105153692],[-86.8096543456724,36.1152043592866],[-86.8096620011427,36.1151581567928],[-86.8095644094329,36.1151500207477],[-86.8094939249849,36.1151439009294],[-86.8094913279569,36.115154906803],[-86.8094262593667,36.1151487505974],[-86.8094288564035,36.1151377447251],[-86.8093556629567,36.1151316448083],[-86.8092580712926,36.1151235067128],[-86.8092531481422,36.1151718890772],[-86.8091881019466,36.1151679299211],[-86.8091807160354,36.1152405030192],[-86.8091758812975,36.1152976759006],[-86.8092002784208,36.1152997095528],[-86.8091926909406,36.1153525026407],[-86.8091818580888,36.1153525753162],[-86.8091743143153,36.1154097681728],[-86.8091667492337,36.1154647620403],[-86.8091776056015,36.1154668865366],[-86.8091700405076,36.1155218795023],[-86.8091624966912,36.1155790705532],[-86.8092817557561,36.1155870606479],[-86.809289324111,36.1155320676537],[-86.8092968868744,36.1154770719919],[-86.8092833225901,36.1154749683793],[-86.8092908875919,36.1154199745046],[-86.8092984301992,36.115362784352],[-86.8093092641631,36.1153627116585],[-86.8093168291455,36.1153077186819],[-86.8092924308968,36.1153056841595],[-86.8092999958854,36.1152506911831],[-86.8093024585832,36.1152265022461],[-86.8093458369225,36.1152306049345],[-86.8094135910993,36.1152345449322],[-86.809410995168,36.1152455507964],[-86.8094841887515,36.1152516533831],[-86.8094867846729,36.1152406475173],[-86.8095518533431,36.1152468036902],[-86.8095870844085,36.1152487645479],[-86.8095846677464,36.1152773514437],[-86.8095771029525,36.1153323444376],[-86.809569538148,36.1153873374303],[-86.8095559738351,36.1153852302434],[-86.8095484303096,36.1154424213204],[-86.8095408654748,36.1154974143098],[-86.8095571388482,36.1154995024143],[-86.8095495729125,36.115554496312],[-86.8095419856586,36.1156072912209],[-86.8096612672166,36.1156174790192],[-86.8096688543921,36.115564684103]]]},"properties":{"id":"105751","parcel":"117070F90000CO","address":"0 GOLF CLUB LN","owner":"O.I.C. BRIGHTON COURT CONDOMINIUMS","point":[-86.80949494863181,36.11566146639277]}},{"type":"Feature","id":"105768","geometry":{"type":"Polygon","coordinates":[[[-86.8080508777835,36.1199690365731],[-86.8079815414323,36.1199269199721],[-86.8078259291899,36.1198323956997],[-86.807663305595,36.1197336127496],[-86.8080393407773,36.1191758180445],[-86.8080970594546,36.1192102064442],[-86.8081646116454,36.1192550937611],[-86.8082310485212,36.1193010628416],[-86.8083003456743,36.1193515912314],[-86.808368152191,36.1194034328251],[-86.8084344300208,36.1194565599403],[-86.8084586753207,36.1194767258578],[-86.8085068355665,36.1195178845656],[-86.8085854160781,36.1195871341858],[-86.8085919269312,36.1195947829827],[-86.8085977907001,36.1196046667901],[-86.8086015283264,36.1196152083655],[-86.808603033469,36.1196261100974],[-86.8086022629727,36.119637061333],[-86.8085992392364,36.1196477527822],[-86.8085901234176,36.119662902253],[-86.8085794621435,36.1196773726021],[-86.8082686521703,36.1201013196345],[-86.8080508777835,36.1199690365731]],[[-86.8082403859036,36.1197158297588],[-86.8082158723422,36.1197060889223],[-86.8081952079241,36.1197383679973],[-86.8081705428819,36.1197767187708],[-86.8081502852343,36.1198062921673],[-86.8081251686076,36.1198429533487],[-86.8081031584646,36.119876066095],[-86.8080798166185,36.1199113850839],[-86.8080904867831,36.119916113829],[-86.8082022599304,36.1199655095963],[-86.8082272527428,36.1199309807615],[-86.8082495887844,36.1198981307858],[-86.8082763261764,36.1198589657723],[-86.8082973617765,36.1198283389508],[-86.8083227211308,36.1197916319436],[-86.8083464183935,36.1197579580674],[-86.8082403859036,36.1197158297588]],[[-86.8081141254812,36.119423268756],[-86.8080774032611,36.1194081307898],[-86.8080053240759,36.1195119050738],[-86.8080325211081,36.1195227113178],[-86.8080474909755,36.1195294788045],[-86.8080544333009,36.1195327030502],[-86.8080842272555,36.1195465391201],[-86.8081229850365,36.1195619356339],[-86.8081386235941,36.1195681515512],[-86.8081576729512,36.1195768150286],[-86.8081256881822,36.1196275759189],[-86.8081698913036,36.1196462346277],[-86.8082018566396,36.1196600308844],[-86.8082447085621,36.1196764643412],[-86.8082642425588,36.1196839537891],[-86.8082807175412,36.1196902704347],[-86.8083127077902,36.1196395094669],[-86.8083526645129,36.119573310218],[-86.8083482645888,36.119571690358],[-86.8083115412812,36.1195582027176],[-86.8082765352646,36.1195452506369],[-86.8082367772834,36.1195312326255],[-86.8081976968818,36.1195172091598],[-86.8082297072574,36.1194686454025],[-86.8081909431076,36.1194538212797],[-86.8081549265951,36.1194400269265],[-86.8081322091054,36.1194306958395],[-86.8081141254812,36.119423268756]]]},"properties":{"id":"105768","parcel":"117070B90000CO","address":"0 STOKES LN","owner":"O.I.C. THE CLARIDGE CONDO","point":[-86.8079391257167,36.11963745557975]}},{"type":"Feature","id":"106112","geometry":{"type":"Polygon","coordinates":[[[-86.8094911689624,36.1122165912642],[-86.8095388055462,36.1118514534652],[-86.8096343604483,36.1111189802821],[-86.8101412489899,36.1111595303563],[-86.809998064437,36.112257141929],[-86.8094911689624,36.1122165912642]],[[-86.8099854387963,36.1120814105744],[-86.809992890922,36.1120154298093],[-86.8099874741687,36.1120154661869],[-86.8099949262865,36.1119494854206],[-86.810003051965,36.1119494308499],[-86.8100105264755,36.1118856472613],[-86.810020551885,36.1118064634249],[-86.8100151362567,36.1118064997963],[-86.8100225883318,36.1117405190248],[-86.8100280072877,36.1117404826308],[-86.8100354571155,36.1116745009711],[-86.8100455048862,36.1115975143083],[-86.8100582391394,36.1115183122693],[-86.8100656922533,36.1114523305817],[-86.8100602755384,36.1114523669626],[-86.8100677275429,36.1113863861824],[-86.8100758520531,36.1113863316142],[-86.810083327572,36.1113225489058],[-86.8099830294034,36.111314431401],[-86.8099755571458,36.1113782149822],[-86.8099674326364,36.1113782695436],[-86.8099600029598,36.1114464474976],[-86.8099681274762,36.1114463929367],[-86.8099579675792,36.1115123918941],[-86.809903756682,36.1115083612761],[-86.8098937311937,36.1115875451087],[-86.8098836821664,36.1116645317665],[-86.8099378920677,36.111668563302],[-86.8099304175192,36.1117323468896],[-86.8099222929735,36.111732401448],[-86.809914863225,36.1118005793931],[-86.8098660688717,36.1117965123842],[-86.8098560209018,36.1118734990282],[-86.8099102309168,36.1118775278722],[-86.809902778763,36.1119435113381],[-86.8098973620146,36.1119435477117],[-86.8098871784667,36.1120073485815],[-86.8098925952195,36.1120073122084],[-86.8098851206027,36.1120710957878],[-86.8098797038456,36.1120711321605],[-86.8098746658715,36.1121085269096],[-86.8097987717825,36.1121024436072],[-86.809798726961,36.1120980483468],[-86.8097174094651,36.1120920014068],[-86.8097174542821,36.1120963966672],[-86.8096415524329,36.1120903124169],[-86.8096414852183,36.1120837199768],[-86.8095601721917,36.1120776729009],[-86.8095501910967,36.112161251954],[-86.8096287975014,36.1121673181072],[-86.8096288647149,36.1121739105472],[-86.809707449836,36.1121777785608],[-86.8097074050195,36.1121733833005],[-86.8097887203766,36.112179430262],[-86.8097887651976,36.1121838255223],[-86.809864664917,36.1121899087936],[-86.8099703765023,36.1121979900483],[-86.8099854387963,36.1120814105744]],[[-86.8097098415945,36.1118810733751],[-86.8097200241763,36.1118172743282],[-86.8097118996218,36.1118173288724],[-86.8097193743538,36.1117535452996],[-86.8097275000124,36.1117534907475],[-86.80973497468,36.1116897026666],[-86.8097268501385,36.1116897572118],[-86.8097343472783,36.1116281735197],[-86.8097424718134,36.111628118974],[-86.809752629683,36.1115621200516],[-86.80974179957,36.1115621927625],[-86.8097492742632,36.1114984100851],[-86.8097601076995,36.1114983373511],[-86.8097675823627,36.1114345537702],[-86.8097594578474,36.1114346083176],[-86.8097669549103,36.1113730219158],[-86.8097750794193,36.1113729673679],[-86.8097825327639,36.1113069865966],[-86.8096876311687,36.1112966352827],[-86.8096801788569,36.1113626160409],[-86.8096720543489,36.1113626705824],[-86.8096645572134,36.1114242569785],[-86.8096726817277,36.1114242024375],[-86.8096625204773,36.1114902013777],[-86.8096543959562,36.1114902559181],[-86.8096469211968,36.111554039491],[-86.8096550457244,36.1115539849512],[-86.8096475709503,36.111617767622],[-86.8096394464162,36.1116178221613],[-86.8096319716328,36.1116816057313],[-86.8096400961735,36.1116815511924],[-86.8096326213846,36.1117453347614],[-86.8096244957267,36.1117453893072],[-86.8096170209192,36.1118091728742],[-86.809625145473,36.1118091183364],[-86.8096176930611,36.1118750990821],[-86.8097098415945,36.1118810733751]]]},"properties":{"id":"106112","parcel":"117110D90000CO","address":"0 GRAYBAR LN","owner":"O.I.C. TURNBERRY SQUARE CONDOMINIUMS","point":[-86.80983159172833,36.11168588940327]}},{"type":"Feature","id":"108554","geometry":{"type":"Polygon","coordinates":[[[-86.8010418503271,36.1166200378007],[-86.8004929084442,36.1164412743778],[-86.8005455043762,36.116000458773],[-86.8005653380918,36.1158342307215],[-86.8006078803405,36.1154867131008],[-86.8012828908979,36.1155437657751],[-86.8012187961584,36.1160665153285],[-86.801157758065,36.1165643258207],[-86.8011551173152,36.1165755210626],[-86.8011502130969,36.1165862022858],[-86.8011431823526,36.1165960702561],[-86.8011342211306,36.1166048487801],[-86.8011235824365,36.1166122919293],[-86.8011115629859,36.1166181922403],[-86.8010984987798,36.1166223825464],[-86.8010847563277,36.1166247468516],[-86.8010707193097,36.1166252195178],[-86.8010567830224,36.1166237853016],[-86.8010418503271,36.1166200378007]],[[-86.8010484013879,36.1164639589149],[-86.8010591468291,36.1164550964448],[-86.8010916924216,36.1164592758479],[-86.8011016386171,36.1163713023268],[-86.8010175695412,36.116360872225],[-86.8010175030572,36.1163542815897],[-86.8009361818445,36.1163482260322],[-86.8009234820601,36.1164318231714],[-86.8009424622616,36.1164338944635],[-86.800947990151,36.1164448461888],[-86.8009642634926,36.1164469354521],[-86.8009777135919,36.1164380559301],[-86.8010075534202,36.1164422533238],[-86.8010076199398,36.116448847564],[-86.8010184784272,36.1164509709768],[-86.8010267120817,36.1164619047295],[-86.8010484013879,36.1164639589149]],[[-86.8007090290584,36.1163848977092],[-86.8007163120111,36.1163013365528],[-86.8006377010937,36.1162952655061],[-86.8006375903063,36.1162842778088],[-86.8005616884914,36.1162781887301],[-86.8005517184471,36.1163639650371],[-86.8006276181218,36.1163700541368],[-86.8006277067452,36.1163788437537],[-86.8007090290584,36.1163848977092]],[[-86.8011191788157,36.116230533525],[-86.8011238863894,36.116160176104],[-86.8011184693493,36.1161602120833],[-86.8011258848817,36.116089836675],[-86.8010147542026,36.1160817836364],[-86.801007336351,36.1161521590527],[-86.8010127522799,36.1161521230858],[-86.801008045719,36.1162224804952],[-86.8011191788157,36.116230533525]],[[-86.8007094545958,36.1161585324477],[-86.8007169148115,36.1160925523239],[-86.8006057597957,36.1160823017441],[-86.8005983205306,36.1161504790476],[-86.8005929046017,36.1161505149959],[-86.8005854210143,36.1162142979394],[-86.8006938472006,36.1162223693275],[-86.8007040408878,36.1161585683862],[-86.8007094545958,36.1161585324477]],[[-86.8007472441824,36.1158769769579],[-86.8006360883538,36.1158667264129],[-86.8006286059386,36.1159305093562],[-86.8006177730001,36.1159305812626],[-86.8006102672913,36.1159921661308],[-86.8007186710118,36.1159980394168],[-86.8007261755263,36.1159364545493],[-86.8007397142011,36.1159363646706],[-86.8007472441824,36.1158769769579]],[[-86.8011622096108,36.1156632428909],[-86.8010618880387,36.1156529207751],[-86.8010517645679,36.1157233168752],[-86.8010382004055,36.1157212069282],[-86.8010306739888,36.1157805946393],[-86.8011337258376,36.1157930959737],[-86.8011412300109,36.1157315110772],[-86.8011520640324,36.1157314391164],[-86.8011622096108,36.1156632428909]],[[-86.8008218602253,36.1157556106013],[-86.8008318298832,36.1156698324564],[-86.8007477804372,36.1156616020697],[-86.800747869055,36.1156703898857],[-86.8006665508119,36.1156643368343],[-86.8006592656346,36.1157478971147],[-86.8007378749011,36.1157539681556],[-86.8007378305881,36.1157495737971],[-86.8008218602253,36.1157556106013]]]},"properties":{"id":"108554","parcel":"117080B90000CO","address":"0 STOKESWOOD PL","owner":"O.I.C. STOKESWOOD CONDOMINIUM","point":[-86.80088220377006,36.11603348761254]}},{"type":"Feature","id":"108555","geometry":{"type":"Polygon","coordinates":[[[-86.8009960300439,36.1120777133674],[-86.8010674242508,36.1115366062439],[-86.8017386553091,36.1115914839773],[-86.8016997657635,36.1119038145382],[-86.8016710119032,36.1121347639186],[-86.8009960300439,36.1120777133674]],[[-86.8014651020678,36.1118526869078],[-86.8013852101471,36.1118459344997],[-86.8013770397874,36.1119095815316],[-86.8014386099127,36.1119147847133],[-86.8014221126532,36.1120432911456],[-86.8015761661076,36.112056311202],[-86.8015987253621,36.1118805777724],[-86.8014629940836,36.1118691060737],[-86.8014651020678,36.1118526869078]],[[-86.8014659263418,36.1118434522896],[-86.8014684492772,36.1118231350198],[-86.8015700375068,36.1118314402984],[-86.8015744207302,36.1117961394457],[-86.8016077072529,36.1117988609091],[-86.8016187695527,36.1117097721391],[-86.8015853863478,36.1117070423087],[-86.8015912631958,36.1116597165194],[-86.8014727356934,36.1116500258924],[-86.8014582299548,36.1117668510914],[-86.8013956533743,36.1117617348218],[-86.8013862693223,36.1118373021811],[-86.8014659263418,36.1118434522896]]]},"properties":{"id":"108555","parcel":"117120A90000CO","address":"3508 B RICHARDS ST","owner":"HOMES AT 3510 RICHARDS STREET HOMEOWNERS ASSOCIATION","point":[-86.80120744377712,36.11183392240894]}},{"type":"Feature","id":"111943","geometry":{"type":"Polygon","coordinates":[[[-86.8028109355332,36.1167142010374],[-86.8028282440498,36.1165692668936],[-86.8031027873301,36.1165887518488],[-86.8030977480995,36.1166261462573],[-86.8030903120428,36.1166943245988],[-86.8030554805267,36.1167319164608],[-86.8028109355332,36.1167142010374]]]},"properties":{"id":"111943","parcel":"117070G90100CO","address":"0 AMANDA AVE","owner":"STOKESBORO COURT HOA INC","point":[-86.80295573234656,36.11666000804503]}},{"type":"Feature","id":"111971","geometry":{"type":"Polygon","coordinates":[[[-86.8066846591904,36.1167358625951],[-86.8066919184665,36.1166797804066],[-86.8068923006812,36.1166968541869],[-86.806884993214,36.1167533179532],[-86.8069641985029,36.1167600668334],[-86.806961418685,36.1167815449692],[-86.8069817542199,36.1167832772768],[-86.8069789517282,36.1168049286108],[-86.8067396202896,36.1167845355927],[-86.8067452521738,36.1167410254612],[-86.8066846591904,36.1167358625951]]]},"properties":{"id":"111971","parcel":"117074K00100CO","address":"3410 BENHAM AVE","owner":"PIPER WILSON TRUST, THE","point":[-86.80681512263465,36.11674717172747]}},{"type":"Feature","id":"112724","geometry":{"type":"Polygon","coordinates":[[[-86.8093971603833,36.1112310057765],[-86.8090054866046,36.1112009431548],[-86.8087511130107,36.1113218745865],[-86.8087845030856,36.1110610200847],[-86.8093773564659,36.1111095482507],[-86.8093913077469,36.1111116609696],[-86.8094046271044,36.1111156345729],[-86.8094169424392,36.1111213597987],[-86.809427904425,36.1111286731555],[-86.8094372066372,36.1111373703061],[-86.8094445877747,36.1111472060526],[-86.8094498395447,36.1111579050993],[-86.8094528133539,36.1111691647107],[-86.8094534271293,36.1111806699886],[-86.8094104296976,36.1115031567667],[-86.8094058012068,36.1115121988654],[-86.8093995430961,36.1115205714307],[-86.8093917988967,36.1115280806245],[-86.8093827456898,36.1115345549153],[-86.8093725907742,36.1115398451013],[-86.8093615683899,36.1115438297395],[-86.8093499308599,36.1115464179094],[-86.8093971603833,36.1112310057765]]]},"properties":{"id":"112724","parcel":"117110G90000CO","address":"0 BOENSCH ST","owner":"OXTON HILL TOWNHOUSE CORPORATION","point":[-86.80880221761657,36.111276006987204]}},{"type":"Feature","id":"112737","geometry":{"type":"Polygon","coordinates":[[[-86.806694888238,36.1166626695231],[-86.8067020125501,36.1166076274144],[-86.8067619795054,36.1166127367764],[-86.8067677730142,36.1165679718767],[-86.807006850321,36.1165883431027],[-86.807003919195,36.1166109984267],[-86.806984619873,36.116609353825],[-86.8069818885338,36.1166304639146],[-86.8069015716,36.1166236206383],[-86.8068943176187,36.1166796622481],[-86.806694888238,36.1166626695231]]]},"properties":{"id":"112737","parcel":"117074K00200CO","address":"3412 BENHAM AVE","owner":"KENNEDY, MICHELLE","point":[-86.80680034366378,36.11662681436091]}},{"type":"Feature","id":"113327","geometry":{"type":"Polygon","coordinates":[[[-86.8030903120428,36.1166943245988],[-86.8030977480995,36.1166261462573],[-86.8031899016555,36.1166321255243],[-86.803287472297,36.1166380686444],[-86.8032773495356,36.1167084622175],[-86.8032703693843,36.1167078237285],[-86.8032633542576,36.1167081201017],[-86.8032564928897,36.1167093410674],[-86.8032499693534,36.1167114547563],[-86.8032439585891,36.1167144050252],[-86.8032386230731,36.1167181114794],[-86.8032341051063,36.1167224758327],[-86.8032305267956,36.1167273801055],[-86.8032279823429,36.1167326929846],[-86.8032265425061,36.1167382715962],[-86.8032262446481,36.1167439660787],[-86.8032112393418,36.1168671369994],[-86.8031713935138,36.1172124393056],[-86.8031676154663,36.117237464228],[-86.8031596852708,36.1172618408362],[-86.8031477516584,36.1172851183995],[-86.8031390491651,36.1172960701429],[-86.8031292036562,36.1173063652514],[-86.8030656500394,36.1172854847946],[-86.8030719631442,36.1172747508522],[-86.8030719882083,36.1172747029173],[-86.8030771091387,36.1172636136952],[-86.8030841462912,36.1172375927908],[-86.8030872393996,36.1172110708955],[-86.8030863380064,36.1171844404034],[-86.8030814594366,36.1171580959605],[-86.8030755036156,36.1171353998697],[-86.803072939372,36.1171122882385],[-86.8030738033885,36.1170890933961],[-86.803078084604,36.1170661497915],[-86.8030857208176,36.1170437877079],[-86.8030978280441,36.1170127462495],[-86.8031074524152,36.1169811390927],[-86.803114557472,36.1169490953643],[-86.8031195522789,36.1169073075031],[-86.8031395302613,36.1167401479482],[-86.8031402761653,36.1167346009967],[-86.8031400320354,36.1167290245861],[-86.8031388001584,36.1167235349666],[-86.8031366094517,36.1167182455072],[-86.8031335032446,36.116713266777],[-86.8031292661149,36.1167083866064],[-86.8031241562519,36.1167040917713],[-86.8031182968579,36.1167004823948],[-86.8031118243089,36.1166976431905],[-86.8031048925976,36.116695643433],[-86.803097664357,36.1166945280049],[-86.8030903120428,36.1166943245988]]]},"properties":{"id":"113327","parcel":"117070G90000CO","address":"0 STOKESBORO CT","owner":"STOKESBORO COURT HOA INC","point":[-86.80315546056525,36.11696519028063]}},{"type":"Feature","id":"113330","geometry":{"type":"Polygon","coordinates":[[[-86.8088346881706,36.1119822706768],[-86.8086679806486,36.1119691031837],[-86.8086726899351,36.111932535366],[-86.8088861447207,36.1119486853406],[-86.8092910264001,36.1119789346364],[-86.8093325266656,36.1116657592411],[-86.8093440149151,36.1116711907978],[-86.809354317716,36.1116780110755],[-86.8093631823397,36.1116860532301],[-86.8093703912865,36.1116951195379],[-86.8093757656818,36.111704987681],[-86.8093791764378,36.1117154160807],[-86.809380539857,36.1117261484328],[-86.8093636760562,36.111852628812],[-86.8093091489264,36.1122620405706],[-86.8093045720466,36.1122780050778],[-86.8092991590517,36.1122875670673],[-86.8092919606047,36.1122963199674],[-86.8092831588825,36.1123040471484],[-86.8092729696308,36.1123105560903],[-86.80926164556,36.1123156846687],[-86.8092494697364,36.1123193066067],[-86.8092866897079,36.1120182479941],[-86.8088346881706,36.1119822706768]]]},"properties":{"id":"113330","parcel":"117110G90100CO","address":"0 BOENSCH ST","owner":"OXTON HILL TOWNHOUSE CORPORATION","point":[-86.8092023214323,36.11200048518361]}},{"type":"Feature","id":"113361","geometry":{"type":"Polygon","coordinates":[[[-86.8072036415909,36.1168525270168],[-86.8065528831863,36.1168066166641],[-86.8065511737963,36.1168065226445],[-86.8065871646129,36.1165332807799],[-86.8072394543138,36.1165814347957],[-86.8072393758804,36.1165820238581],[-86.8072036415909,36.1168525270168]],[[-86.8068923006812,36.1166968541869],[-86.8066919184665,36.1166797804066],[-86.8066846591904,36.1167358625951],[-86.8067452521738,36.1167410254612],[-86.8067396202896,36.1167845355927],[-86.8069789517282,36.1168049286108],[-86.8069817542199,36.1167832772768],[-86.806961418685,36.1167815449692],[-86.8069641985029,36.1167600668334],[-86.806884993214,36.1167533179532],[-86.8068923006812,36.1166968541869]],[[-86.806694888238,36.1166626695231],[-86.8068943176187,36.1166796622481],[-86.8069015716,36.1166236206383],[-86.8069818885338,36.1166304639146],[-86.806984619873,36.116609353825],[-86.807003919195,36.1166109984267],[-86.807006850321,36.1165883431027],[-86.8067677730142,36.1165679718767],[-86.8067619795054,36.1166127367764],[-86.8067020125501,36.1166076274144],[-86.806694888238,36.1166626695231]]]},"properties":{"id":"113361","parcel":"117074K90000CO","address":"3412 B BENHAM AVE","owner":"HOMES AT 3410 & 3412 BENHAM AVE CORPORATION","point":[-86.80700867580245,36.11668866640187]}},{"type":"Feature","id":"113833","geometry":{"type":"Polygon","coordinates":[[[-86.8091948857321,36.1127438277605],[-86.8092348178482,36.1124430249929],[-86.8092464126014,36.1124488695333],[-86.8092565945348,36.1124562458203],[-86.8092650625982,36.1124649323558],[-86.8092715631416,36.1124746721738],[-86.8092759021428,36.1124851736592],[-86.809277950889,36.1124961231278],[-86.809244695807,36.1127478891299],[-86.8091948857321,36.1127438277605]]]},"properties":{"id":"113833","parcel":"117110G90200CO","address":"0 BOENSCH ST","owner":"OXTON HILL TOWNHOUSE CORPORATION","point":[-86.80923645950075,36.11261997551831]}},{"type":"Feature","id":"114558","geometry":{"type":"Polygon","coordinates":[[[-86.8057240220745,36.1194315247235],[-86.805925729804,36.1189939846791],[-86.8059270862136,36.1189944289611],[-86.8059271330215,36.1189944439702],[-86.8059271787186,36.1189944589866],[-86.8059272255265,36.1189944739957],[-86.8059561101706,36.1190039265202],[-86.80624120529,36.1190972119622],[-86.8062479369607,36.119099065067],[-86.8062869618642,36.1191118349486],[-86.8060832951928,36.1195495968825],[-86.806048400999,36.119537665464],[-86.8057240220745,36.1194315247235]],[[-86.8060934379966,36.1193997576808],[-86.8061031420881,36.1193795933418],[-86.8061087231926,36.1193813622128],[-86.8061748687162,36.119243926195],[-86.8061305877714,36.1192298971633],[-86.8061466103824,36.1191966066819],[-86.8061530752101,36.1191986544497],[-86.8061834319426,36.119135579033],[-86.8061118073392,36.1191128875636],[-86.8059992975441,36.1193466649576],[-86.8060048797547,36.1193484338258],[-86.8059951625688,36.1193686234803],[-86.8060934379966,36.1193997576808]],[[-86.8059521524932,36.1193562451513],[-86.8059618685869,36.1193360564089],[-86.8059674518976,36.1193378243703],[-86.8060799617739,36.1191040470055],[-86.8060083372377,36.1190813563757],[-86.8059779814976,36.1191444317417],[-86.8059844474367,36.1191464804124],[-86.8059684247678,36.1191797708727],[-86.805924145006,36.1191657417575],[-86.8058580002335,36.1193031785343],[-86.8058635824287,36.1193049465079],[-86.8058538782854,36.1193251108279],[-86.8059521524932,36.1193562451513]]]},"properties":{"id":"114558","parcel":"117072A90000CO","address":"1913 C LOMBARDY AVE","owner":"O.I.C. 1913 LOMBARDY AVE TOWNHOMES","point":[-86.80583469145604,36.11927325804741]}},{"type":"Feature","id":"115266","geometry":{"type":"Polygon","coordinates":[[[-86.8060934379966,36.1193997576808],[-86.8059951625688,36.1193686234803],[-86.8060048797547,36.1193484338258],[-86.8059992975441,36.1193466649576],[-86.8061118073392,36.1191128875636],[-86.8061834319426,36.119135579033],[-86.8061530752101,36.1191986544497],[-86.8061466103824,36.1191966066819],[-86.8061305877714,36.1192298971633],[-86.8061748687162,36.119243926195],[-86.8061087231926,36.1193813622128],[-86.8061031420881,36.1193795933418],[-86.8060934379966,36.1193997576808]]]},"properties":{"id":"115266","parcel":"117072A00200CO","address":"1913 B LOMBARDY AVE","owner":"MODERN COVE, LLC","point":[-86.80608708282406,36.11929529560827]}},{"type":"Feature","id":"115822","geometry":{"type":"Polygon","coordinates":[[[-86.8076829256432,36.1163276741973],[-86.8076924021511,36.1162476453298],[-86.8079984804756,36.1162715072166],[-86.8079942702412,36.1163070684933],[-86.8079729702483,36.1163054086111],[-86.8079677042504,36.1163498744221],[-86.8076829256432,36.1163276741973]]]},"properties":{"id":"115822","parcel":"117073E00100CO","address":"3417 A BENHAM AVE","owner":"SISTERS3 IRREV TRUST","point":[-86.80784204879227,36.11628822755195]}},{"type":"Feature","id":"115824","geometry":{"type":"Polygon","coordinates":[[[-86.8081188242819,36.1163927617132],[-86.8074463409225,36.1163403367638],[-86.8074700697414,36.1161543883922],[-86.8074818890244,36.1160745673734],[-86.80815897876,36.1161205396095],[-86.8081393144044,36.1162587424804],[-86.8081202238983,36.116392870404],[-86.8081188242819,36.1163927617132]],[[-86.8079677042504,36.1163498744221],[-86.8079729702483,36.1163054086111],[-86.8079942702412,36.1163070684933],[-86.8079984804756,36.1162715072166],[-86.8076924021511,36.1162476453298],[-86.8076829256432,36.1163276741973],[-86.8079677042504,36.1163498744221]],[[-86.807977707202,36.1162169195811],[-86.8079820638113,36.1161801324803],[-86.8080301832737,36.1161838830275],[-86.808035119798,36.1161421935673],[-86.8077120186908,36.1161170055205],[-86.8077027252628,36.1161954820588],[-86.807977707202,36.1162169195811]]]},"properties":{"id":"115824","parcel":"117073E90000CO","address":"3417 C BENHAM AVE","owner":"O.I.C. HOMES AT 3417 BENHAM","point":[-86.80780160778143,36.11623222888699]}},{"type":"Feature","id":"117578","geometry":{"type":"Polygon","coordinates":[[[-86.8059521524932,36.1193562451513],[-86.8058538782854,36.1193251108279],[-86.8058635824287,36.1193049465079],[-86.8058580002335,36.1193031785343],[-86.805924145006,36.1191657417575],[-86.8059684247678,36.1191797708727],[-86.8059844474367,36.1191464804124],[-86.8059779814976,36.1191444317417],[-86.8060083372377,36.1190813563757],[-86.8060799617739,36.1191040470055],[-86.8059674518976,36.1193378243703],[-86.8059618685869,36.1193360564089],[-86.8059521524932,36.1193562451513]]]},"properties":{"id":"117578","parcel":"117072A00100CO","address":"1913 A LOMBARDY AVE","owner":"HANCERI, OLIVIA & CLARKE, TIMOTHY","point":[-86.80595073017717,36.1192415354929]}},{"type":"Feature","id":"118993","geometry":{"type":"Polygon","coordinates":[[[-86.8046116519243,36.1162206290881],[-86.8046196342857,36.1161566190281],[-86.8046653231204,36.1161603700066],[-86.8046690605124,36.1161303981583],[-86.8047945327517,36.1161406999833],[-86.8047899550133,36.116177405517],[-86.8048444476834,36.116181879999],[-86.8048436699795,36.1161881130508],[-86.8049365485514,36.1161957381946],[-86.8049301822911,36.1162467806539],[-86.8046116519243,36.1162206290881]]]},"properties":{"id":"118993","parcel":"117074L00200CO","address":"3427 STOKESMONT RD","owner":"MISRA, SUMATHI K.","point":[-86.80475269824983,36.11619170176816]}},{"type":"Feature","id":"118995","geometry":{"type":"Polygon","coordinates":[[[-86.805049786319,36.1164104691905],[-86.8044053519278,36.1163555310002],[-86.8044389116934,36.1160821789255],[-86.8050839664837,36.1161371704668],[-86.805049786319,36.1164104691905]],[[-86.8047753699835,36.1162579495082],[-86.8047515720492,36.1162559785588],[-86.8047510734492,36.1162599394169],[-86.8046655894616,36.1162528614482],[-86.804662436592,36.1162779246165],[-86.8046108106664,36.1162736499403],[-86.8046066051957,36.1163070903391],[-86.8046024172719,36.1163067442434],[-86.8045977490407,36.1163438469355],[-86.8049603038541,36.1163738677674],[-86.8049666000905,36.1163238081734],[-86.8048547721689,36.1163145483928],[-86.8048605010348,36.1162690008051],[-86.8047748713847,36.1162619103665],[-86.8047753699835,36.1162579495082]],[[-86.8047945327517,36.1161406999833],[-86.8046690605124,36.1161303981583],[-86.8046653231204,36.1161603700066],[-86.8046196342857,36.1161566190281],[-86.8046116519243,36.1162206290881],[-86.8049301822911,36.1162467806539],[-86.8049365485514,36.1161957381946],[-86.8048436699795,36.1161881130508],[-86.8048444476834,36.116181879999],[-86.8047899550133,36.116177405517],[-86.8047945327517,36.1161406999833]]]},"properties":{"id":"118995","parcel":"117074L90000CO","address":"3427 B STOKESMONT RD","owner":"O.I.C. HOMES AT 3425 STOKESMONT ROAD","point":[-86.80459564797887,36.11623341923445]}},{"type":"Feature","id":"119119","geometry":{"type":"Polygon","coordinates":[[[-86.8045671288451,36.1166142313363],[-86.8045759216659,36.1165463340565],[-86.804604784387,36.1165487939992],[-86.8046080553366,36.1165235416786],[-86.8048576623421,36.1165443444267],[-86.8048518593564,36.116589157059],[-86.8049304372862,36.1165958555794],[-86.8049241161071,36.1166446643542],[-86.8045671288451,36.1166142313363]]]},"properties":{"id":"119119","parcel":"117074M00100CO","address":"3423 A STOKESMONT RD","owner":"KHA, VICTOR HERBERT & MANCEAU-KHA, AMANDA RAE","point":[-86.80471373423597,36.11656895181497]}},{"type":"Feature","id":"119538","geometry":{"type":"Polygon","coordinates":[[[-86.8045977490407,36.1163438469355],[-86.8046024172719,36.1163067442434],[-86.8046066051957,36.1163070903391],[-86.8046108106664,36.1162736499403],[-86.804662436592,36.1162779246165],[-86.8046655894616,36.1162528614482],[-86.8047510734492,36.1162599394169],[-86.8047515720492,36.1162559785588],[-86.8047753699835,36.1162579495082],[-86.8047748713847,36.1162619103665],[-86.8048605010348,36.1162690008051],[-86.8048547721689,36.1163145483928],[-86.8049666000905,36.1163238081734],[-86.8049603038541,36.1163738677674],[-86.8045977490407,36.1163438469355]]]},"properties":{"id":"119538","parcel":"117074L00100CO","address":"3425 STOKESMONT RD","owner":"BLOOM, BENJAMIN MYEROW & ELIOT WEATHERLY","point":[-86.80472857330803,36.1163108159823]}},{"type":"Feature","id":"121882","geometry":{"type":"Polygon","coordinates":[[[-86.8045811070175,36.116492843504],[-86.8045930830616,36.1164003569277],[-86.8048197219821,36.1164196780353],[-86.8048143227605,36.1164613668318],[-86.8049078349901,36.1164693383701],[-86.804901257368,36.1165201352831],[-86.8045811070175,36.116492843504]]]},"properties":{"id":"121882","parcel":"117074M00200CO","address":"3423 B STOKESMONT RD","owner":"HESS, ERIC PAUL & JENNIFER JOY","point":[-86.80470247639086,36.11644033576125]}},{"type":"Feature","id":"121885","geometry":{"type":"Polygon","coordinates":[[[-86.805015605919,36.1166837678857],[-86.8043728058648,36.116628969117],[-86.8044053519278,36.1163555310002],[-86.805049786319,36.1164104691905],[-86.805015605919,36.1166837678857]],[[-86.8048576623421,36.1165443444267],[-86.8046080553366,36.1165235416786],[-86.804604784387,36.1165487939992],[-86.8045759216659,36.1165463340565],[-86.8045671288451,36.1166142313363],[-86.8049241161071,36.1166446643542],[-86.8049304372862,36.1165958555794],[-86.8048518593564,36.116589157059],[-86.8048576623421,36.1165443444267]],[[-86.8048197219821,36.1164196780353],[-86.8045930830616,36.1164003569277],[-86.8045811070175,36.116492843504],[-86.804901257368,36.1165201352831],[-86.8049078349901,36.1164693383701],[-86.8048143227605,36.1164613668318],[-86.8048197219821,36.1164196780353]]]},"properties":{"id":"121885","parcel":"117074M90000CO","address":"3423 C STOKESMONT RD","owner":"O.I.C. TOWNHOMES AT 3423 STOKESMONT ROAD","point":[-86.80456431745763,36.1165062011108]}},{"type":"Feature","id":"121907","geometry":{"type":"Polygon","coordinates":[[[-86.8075867364889,36.1170919137578],[-86.807575376884,36.1170910047125],[-86.8075739080076,36.1171030917332],[-86.807503860467,36.1170974887605],[-86.807509300294,36.1170527180843],[-86.8077366890014,36.1170709057074],[-86.8077312913125,36.1171153291185],[-86.807794878644,36.1171204146264],[-86.8077879414845,36.1171775140734],[-86.8075783734189,36.1171607520301],[-86.8075867364889,36.1170919137578]]]},"properties":{"id":"121907","parcel":"117073F00100CO","address":"3411 A BENHAM AVE","owner":"GREEN, NIKOLAS J. & WILLIAMS, DORCAS M.","point":[-86.80765833383428,36.117109219657976]}},{"type":"Feature","id":"121910","geometry":{"type":"Polygon","coordinates":[[[-86.8076004582919,36.1169754717127],[-86.8075890975928,36.1169745626761],[-86.8075876298314,36.1169866496899],[-86.807517581291,36.1169810476337],[-86.807523021093,36.1169362760544],[-86.8077504094702,36.116954463652],[-86.8077450117969,36.1169988870651],[-86.8078085990452,36.1170039734672],[-86.8078016619058,36.1170610729166],[-86.8075920941445,36.1170443108966],[-86.8076004582919,36.1169754717127]]]},"properties":{"id":"121910","parcel":"117073F00200CO","address":"3411 B BENHAM AVE","owner":"TRAINOR, JULIE","point":[-86.80767205485625,36.11699277760875]}},{"type":"Feature","id":"123047","geometry":{"type":"Polygon","coordinates":[[[-86.8080168671896,36.1172222579831],[-86.8073383719232,36.1171679898903],[-86.8073383791395,36.1171679348637],[-86.8073744555241,36.116894837306],[-86.8080501941882,36.1169511226962],[-86.8080252221388,36.11715429578],[-86.8080181023932,36.1172122121247],[-86.8080169123024,36.117221888155],[-86.8080168671896,36.1172222579831]],[[-86.8077366890014,36.1170709057074],[-86.807509300294,36.1170527180843],[-86.807503860467,36.1170974887605],[-86.8075739080076,36.1171030917332],[-86.807575376884,36.1170910047125],[-86.8075867364889,36.1170919137578],[-86.8075783734189,36.1171607520301],[-86.8077879414845,36.1171775140734],[-86.807794878644,36.1171204146264],[-86.8077312913125,36.1171153291185],[-86.8077366890014,36.1170709057074]],[[-86.8075920941445,36.1170443108966],[-86.8078016619058,36.1170610729166],[-86.8078085990452,36.1170039734672],[-86.8077450117969,36.1169988870651],[-86.8077504094702,36.116954463652],[-86.807523021093,36.1169362760544],[-86.807517581291,36.1169810476337],[-86.8075876298314,36.1169866496899],[-86.8075890975928,36.1169745626761],[-86.8076004582919,36.1169754717127],[-86.8075920941445,36.1170443108966]]]},"properties":{"id":"123047","parcel":"117073F90000CO","address":"3411 C BENHAM AVE","owner":"3411 BENHAM AVE HOMES","point":[-86.80791962961052,36.117057319392025]}},{"type":"Feature","id":"124222","geometry":{"type":"Polygon","coordinates":[[[-86.8060832951928,36.1195495968825],[-86.8062869618642,36.1191118349486],[-86.8063832268169,36.1191433329513],[-86.8064449362584,36.1191635255022],[-86.8065538114116,36.1191991507506],[-86.8065538504168,36.1191991631077],[-86.8065531642569,36.1192006187599],[-86.806342084856,36.1196543401224],[-86.8062576576344,36.1196164918431],[-86.8061713427422,36.1195815573474],[-86.8060832951928,36.1195495968825]],[[-86.8064366143366,36.1192403622534],[-86.8063824730829,36.1192237819134],[-86.8062933335044,36.1194153882832],[-86.80630727585,36.119419658191],[-86.8062867346231,36.1194638096011],[-86.8063290876416,36.1194767798393],[-86.8063324631723,36.1194695253886],[-86.8063692122976,36.1194807800802],[-86.8064571298361,36.1192917991498],[-86.8064182279219,36.1192798847187],[-86.8064366143366,36.1192403622534]],[[-86.8061633249967,36.1194184626877],[-86.8061993854087,36.1194295048248],[-86.8061965969134,36.1194354971587],[-86.806238815068,36.1194484259696],[-86.8062591258293,36.119404768208],[-86.8062731417205,36.1194090610615],[-86.8063622813314,36.119217453805],[-86.80630859252,36.1192010119086],[-86.8062902810561,36.1192403725239],[-86.8062516767297,36.1192285506847],[-86.8061633249967,36.1194184626877]]]},"properties":{"id":"124222","parcel":"117072B90000CO","address":"1917 B LOMBARDY AVE","owner":"O.I.C. HOMES AT 1917 LOMBARDY AVENUE AM","point":[-86.80645758538799,36.11934844444031]}},{"type":"Feature","id":"124358","geometry":{"type":"Polygon","coordinates":[[[-86.8061633249967,36.1194184626877],[-86.8062516767297,36.1192285506847],[-86.8062902810561,36.1192403725239],[-86.80630859252,36.1192010119086],[-86.8063622813314,36.119217453805],[-86.8062731417205,36.1194090610615],[-86.8062591258293,36.119404768208],[-86.806238815068,36.1194484259696],[-86.8061965969134,36.1194354971587],[-86.8061993854087,36.1194295048248],[-86.8061633249967,36.1194184626877]]]},"properties":{"id":"124358","parcel":"117072B00100CO","address":"1915 LOMBARDY AVE","owner":"WJS FAMILY TRUST","point":[-86.80626066833247,36.11932254767085]}},{"type":"Feature","id":"124359","geometry":{"type":"Polygon","coordinates":[[[-86.8063692122976,36.1194807800802],[-86.8063324631723,36.1194695253886],[-86.8063290876416,36.1194767798393],[-86.8062867346231,36.1194638096011],[-86.80630727585,36.119419658191],[-86.8062933335044,36.1194153882832],[-86.8063824730829,36.1192237819134],[-86.8064366143366,36.1192403622534],[-86.8064182279219,36.1192798847187],[-86.8064571298361,36.1192917991498],[-86.8063692122976,36.1194807800802]]]},"properties":{"id":"124359","parcel":"117072B00200CO","address":"1917 LOMBARDY AVE","owner":"LAMB, ELIZABETH W & SPEZIA, NICHOLAS M","point":[-86.8063752318157,36.11935359374514]}},{"type":"Feature","id":"135007","geometry":{"type":"Polygon","coordinates":[[[-86.802956950318,36.1179502757967],[-86.8029134340376,36.1179364883501],[-86.8029100188719,36.1179435825419],[-86.8028879559459,36.1179365921506],[-86.8028916887928,36.1179288370077],[-86.8028494942117,36.1179154679481],[-86.8029492722171,36.1177081614401],[-86.8029911624848,36.1177214351523],[-86.8029868345334,36.1177304263132],[-86.803052718948,36.1177513012077],[-86.802956950318,36.1179502757967]]]},"properties":{"id":"135007","parcel":"117072C00100CO","address":"1706 A STOKES LN","owner":"STUMB, THOMAS S. & PAROLINI, BETTE ANNE","point":[-86.80295110646048,36.11783338462152]}},{"type":"Feature","id":"135010","geometry":{"type":"Polygon","coordinates":[[[-86.8030837343433,36.1179921579123],[-86.8030421503873,36.1179789822351],[-86.803038616656,36.1179863241711],[-86.8030159430159,36.1179791404883],[-86.8030197944367,36.117971138502],[-86.8029764809479,36.1179574146203],[-86.803071931851,36.1177591000673],[-86.8031370028083,36.1177797180587],[-86.8031412904678,36.1177708082761],[-86.8031837903707,36.1177842743419],[-86.8030837343433,36.1179921579123]]]},"properties":{"id":"135010","parcel":"117072C00200CO","address":"1706 B STOKES LN","owner":"RUFF, NATHAN","point":[-86.80308013582551,36.11787084452701]}},{"type":"Feature","id":"136523","geometry":{"type":"Polygon","coordinates":[[[-86.8029215493135,36.1180109243856],[-86.8027852301551,36.1179663142913],[-86.8027850796926,36.117966264821],[-86.802796856182,36.1179423682627],[-86.8030424588267,36.1174407390386],[-86.8033367368537,36.1175374211941],[-86.8030899545964,36.1180660342394],[-86.8029440358751,36.1180182823777],[-86.8029215493135,36.1180109243856]],[[-86.8031837903707,36.1177842743419],[-86.8031412904678,36.1177708082761],[-86.8031370028083,36.1177797180587],[-86.803071931851,36.1177591000673],[-86.8029764809479,36.1179574146203],[-86.8030197944367,36.117971138502],[-86.8030159430159,36.1179791404883],[-86.803038616656,36.1179863241711],[-86.8030421503873,36.1179789822351],[-86.8030837343433,36.1179921579123],[-86.8031837903707,36.1177842743419]],[[-86.802956950318,36.1179502757967],[-86.803052718948,36.1177513012077],[-86.8029868345334,36.1177304263132],[-86.8029911624848,36.1177214351523],[-86.8029492722171,36.1177081614401],[-86.8028494942117,36.1179154679481],[-86.8028916887928,36.1179288370077],[-86.8028879559459,36.1179365921506],[-86.8029100188719,36.1179435825419],[-86.8029134340376,36.1179364883501],[-86.802956950318,36.1179502757967]]]},"properties":{"id":"136523","parcel":"117072C90000CO","address":"1706 C STOKES LN","owner":"O.I.C. 1706 STOKES LANE","point":[-86.80314289302271,36.11775533305304]}},{"type":"Feature","id":"141463","geometry":{"type":"Polygon","coordinates":[[[-86.8055418852342,36.1124496158013],[-86.8056148745845,36.1119019022894],[-86.806287127027,36.111956747924],[-86.8062141422629,36.1125044618351],[-86.8055418852342,36.1124496158013]],[[-86.8058716432792,36.1123735897217],[-86.8058798589225,36.1123045758245],[-86.8060280112844,36.1123161884787],[-86.8060362514022,36.1122469734192],[-86.805770386933,36.1122261366822],[-86.8057540220008,36.1123636070247],[-86.8056677500177,36.1123568450925],[-86.8056611154463,36.1124125670986],[-86.8057276358862,36.1124177800915],[-86.8057268815353,36.1124241148447],[-86.805762823038,36.1124269318903],[-86.8057633860029,36.1124222063052],[-86.8058877739382,36.1124319554126],[-86.8058945085648,36.1123753819131],[-86.8058716432792,36.1123735897217]],[[-86.806049513418,36.1121278793091],[-86.8059956385761,36.11212360044],[-86.8059949419415,36.1121293814217],[-86.8059303864054,36.1121242545888],[-86.8059415631658,36.1120315946485],[-86.8059742544275,36.1120341909037],[-86.8059736694617,36.1120390455209],[-86.8060625288383,36.1120461026861],[-86.806070419768,36.1119806825543],[-86.8059811725006,36.1119735946398],[-86.8059788560821,36.1119928056573],[-86.805824863307,36.1119805758326],[-86.8058205632674,36.1120162268941],[-86.8057633291227,36.1120116810538],[-86.8057452835049,36.1121612875983],[-86.8059879049078,36.1121805555595],[-86.8059867953648,36.1121897578688],[-86.806041525102,36.1121941040327],[-86.806049513418,36.1121278793091]]]},"properties":{"id":"141463","parcel":"117110U90000CO","address":"3506 B HOPKINS ST","owner":"O.I.C. HOPKINS STREET RESIDENCES","point":[-86.80591358110136,36.11221013278683]}},{"type":"Feature","id":"143799","geometry":{"type":"Polygon","coordinates":[[[-86.8058877739382,36.1124319554126],[-86.8057633860029,36.1124222063052],[-86.805762823038,36.1124269318903],[-86.8057268815353,36.1124241148447],[-86.8057276358862,36.1124177800915],[-86.8056611154463,36.1124125670986],[-86.8056677500177,36.1123568450925],[-86.8057540220008,36.1123636070247],[-86.805770386933,36.1122261366822],[-86.8060362514022,36.1122469734192],[-86.8060280112844,36.1123161884787],[-86.8058798589225,36.1123045758245],[-86.8058716432792,36.1123735897217],[-86.8058945085648,36.1123753819131],[-86.8058877739382,36.1124319554126]]]},"properties":{"id":"143799","parcel":"117110U00100CO","address":"3504 HOPKINS ST","owner":"B & M ENTERPRISES IRREV INVESTMENT SERVICES TRUST","point":[-86.80581665775175,36.11233646631986]}},{"type":"Feature","id":"143801","geometry":{"type":"Polygon","coordinates":[[[-86.8057452835049,36.1121612875983],[-86.8057633291227,36.1120116810538],[-86.8058205632674,36.1120162268941],[-86.805824863307,36.1119805758326],[-86.8059788560821,36.1119928056573],[-86.8059811725006,36.1119735946398],[-86.806070419768,36.1119806825543],[-86.8060625288383,36.1120461026861],[-86.8059736694617,36.1120390455209],[-86.8059742544275,36.1120341909037],[-86.8059415631658,36.1120315946485],[-86.8059303864054,36.1121242545888],[-86.8059949419415,36.1121293814217],[-86.8059956385761,36.11212360044],[-86.806049513418,36.1121278793091],[-86.806041525102,36.1121941040327],[-86.8059867953648,36.1121897578688],[-86.8059879049078,36.1121805555595],[-86.8057452835049,36.1121612875983]]]},"properties":{"id":"143801","parcel":"117110U00200CO","address":"3506 HOPKINS ST","owner":"UHLES, JONATHAN PHILLIP","point":[-86.80584485725657,36.11208455316386]}},{"type":"Feature","id":"146405","geometry":{"type":"Polygon","coordinates":[[[-86.8037115656964,36.1165394471259],[-86.803717797693,36.1164889977773],[-86.8036872496784,36.1164865137019],[-86.8036924806398,36.1164441654413],[-86.803903337242,36.1164613113818],[-86.8038978209643,36.1165059688367],[-86.803888068897,36.1165051758116],[-86.8038850761644,36.1165294042027],[-86.8038735986887,36.1165284703591],[-86.8038706449656,36.116552383041],[-86.8037115656964,36.1165394471259]]]},"properties":{"id":"146405","parcel":"117074O00100CO","address":"3424 STOKESMONT RD","owner":"WIECK, HAYDEN & JORDAN","point":[-86.8038078572902,36.11649709488844]}},{"type":"Feature","id":"146406","geometry":{"type":"Polygon","coordinates":[[[-86.8037097809159,36.1163898912042],[-86.8037164409863,36.1163359717677],[-86.80389294613,36.1163503246165],[-86.8038901217974,36.1163731918512],[-86.8039117459506,36.1163749494345],[-86.8039032390535,36.1164438226509],[-86.803730947137,36.1164298121686],[-86.8037356185136,36.1163919920718],[-86.8037097809159,36.1163898912042]]]},"properties":{"id":"146406","parcel":"117074O00200CO","address":"3426 STOKESMONT RD","owner":"BAYNHAM, JEFFREY THOMAS","point":[-86.80381076344715,36.116382420361944]}},{"type":"Feature","id":"147613","geometry":{"type":"Polygon","coordinates":[[[-86.8035230911902,36.1165600038045],[-86.8035401867382,36.1164233546492],[-86.8035552433272,36.1162865397148],[-86.8042353438564,36.1163418421859],[-86.8042028871924,36.1166152805592],[-86.8035230911902,36.1165600038045]],[[-86.8038706449656,36.116552383041],[-86.8038735986887,36.1165284703591],[-86.8038850761644,36.1165294042027],[-86.803888068897,36.1165051758116],[-86.8038978209643,36.1165059688367],[-86.803903337242,36.1164613113818],[-86.8036924806398,36.1164441654413],[-86.8036872496784,36.1164865137019],[-86.803717797693,36.1164889977773],[-86.8037115656964,36.1165394471259],[-86.8038706449656,36.116552383041]],[[-86.803730947137,36.1164298121686],[-86.8039032390535,36.1164438226509],[-86.8039117459506,36.1163749494345],[-86.8038901217974,36.1163731918512],[-86.80389294613,36.1163503246165],[-86.8037164409863,36.1163359717677],[-86.8037097809159,36.1163898912042],[-86.8037356185136,36.1163919920718],[-86.803730947137,36.1164298121686]]]},"properties":{"id":"147613","parcel":"117074O90000CO","address":"3426 B STOKESMONT RD","owner":"O.I.C. HOMES AT 3424 & 3426 STOKESMONT ROAD","point":[-86.80401000362177,36.1164530856178]}},{"type":"Feature","id":"182106","geometry":{"type":"Polygon","coordinates":[[[-86.8050586203464,36.1171220565286],[-86.8050750213418,36.1169955971864],[-86.8052334345768,36.1170091215892],[-86.8052328205906,36.1170138610258],[-86.8052712359678,36.117017140294],[-86.805266690501,36.1170521917701],[-86.8052778227735,36.1170531422068],[-86.8052736214167,36.117085540714],[-86.805296282873,36.1170874749866],[-86.8052973564563,36.1170792030595],[-86.8054211245289,36.1170897697802],[-86.8054164451117,36.1171258460129],[-86.8054246122692,36.1171265431468],[-86.8054211794898,36.1171530114964],[-86.8050586203464,36.1171220565286]]]},"properties":{"id":"182106","parcel":"117074P00200CO","address":"3410 HOPKINS ST","owner":"PARROTT, DAVID HAROLD & ELIZABETH D","point":[-86.80517102516819,36.1170659831273]}},{"type":"Feature","id":"182107","geometry":{"type":"Polygon","coordinates":[[[-86.8049406337565,36.1172850297182],[-86.8049790964056,36.1169734430738],[-86.8049811206753,36.1169570424479],[-86.804981425302,36.1169570683547],[-86.805661827725,36.1170150682559],[-86.8056242447363,36.1172715295322],[-86.805613959105,36.1173424255042],[-86.805277338746,36.1173137503299],[-86.8049406337565,36.1172850297182]],[[-86.8052020613416,36.117279656252],[-86.8052025256736,36.1172761516704],[-86.8052364135384,36.117279109674],[-86.8052410520095,36.1172441350907],[-86.8052562403892,36.1172454604231],[-86.80525943724,36.1172213532114],[-86.8052511631774,36.1172206306428],[-86.8052523963565,36.1172113364981],[-86.8052816546332,36.1172138900767],[-86.8052806670697,36.1172213340518],[-86.8054038551768,36.1172320867223],[-86.8054083541696,36.1171981531427],[-86.8054159633651,36.1171988170504],[-86.8054196812911,36.117170782171],[-86.8050599367895,36.1171393794017],[-86.8050431741902,36.1172657861721],[-86.8052020613416,36.117279656252]],[[-86.8050586203464,36.1171220565286],[-86.8054211794898,36.1171530114964],[-86.8054246122692,36.1171265431468],[-86.8054164451117,36.1171258460129],[-86.8054211245289,36.1170897697802],[-86.8052973564563,36.1170792030595],[-86.805296282873,36.1170874749866],[-86.8052736214167,36.117085540714],[-86.8052778227735,36.1170531422068],[-86.805266690501,36.1170521917701],[-86.8052712359678,36.117017140294],[-86.8052328205906,36.1170138610258],[-86.8052334345768,36.1170091215892],[-86.8050750213418,36.1169955971864],[-86.8050586203464,36.1171220565286]]]},"properties":{"id":"182107","parcel":"117074P90000CO","address":"3408 B HOPKINS ST","owner":"O.I.C. THIRTYFOUR TEN HOPKINS STREET","point":[-86.80553227066727,36.11714666945872]}},{"type":"Feature","id":"182437","geometry":{"type":"Polygon","coordinates":[[[-86.8052020613416,36.117279656252],[-86.8050431741902,36.1172657861721],[-86.8050599367895,36.1171393794017],[-86.8054196812911,36.117170782171],[-86.8054159633651,36.1171988170504],[-86.8054083541696,36.1171981531427],[-86.8054038551768,36.1172320867223],[-86.8052806670697,36.1172213340518],[-86.8052816546332,36.1172138900767],[-86.8052523963565,36.1172113364981],[-86.8052511631774,36.1172206306428],[-86.80525943724,36.1172213532114],[-86.8052562403892,36.1172454604231],[-86.8052410520095,36.1172441350907],[-86.8052364135384,36.117279109674],[-86.8052025256736,36.1172761516704],[-86.8052020613416,36.117279656252]]]},"properties":{"id":"182437","parcel":"117074P00100CO","address":"3408 HOPKINS ST","owner":"MOORE, DEANNA L. & AARON R.","point":[-86.8052293531036,36.11720490642428]}},{"type":"Feature","id":"182784","geometry":{"type":"Polygon","coordinates":[[[-86.8020485993225,36.1124158684968],[-86.8020530837693,36.1123777405335],[-86.8020617655547,36.1123784137408],[-86.8020648710509,36.1123520035169],[-86.8022074811383,36.1123630457454],[-86.8022065472697,36.112370989558],[-86.8022213129637,36.112372133316],[-86.8022233443856,36.1123548566256],[-86.8022180675145,36.1123544482923],[-86.8022250978021,36.1122946680843],[-86.8022351679819,36.1122954474086],[-86.8022367524176,36.1122819735008],[-86.8021896952435,36.1122783298564],[-86.8021962826141,36.1122223136499],[-86.8024302021755,36.1122404254006],[-86.8024225051025,36.1123058728212],[-86.8024130907751,36.1123051441275],[-86.8024066200961,36.1123601627501],[-86.8023497716962,36.1123557614354],[-86.8023400493112,36.1124384359295],[-86.8020485993225,36.1124158684968]]]},"properties":{"id":"182784","parcel":"117121E00200CO","address":"3503 RICHARDS ST","owner":"HYDE FAMILY TRUST","point":[-86.80231566599277,36.11232905708764]}},{"type":"Feature","id":"182925","geometry":{"type":"Polygon","coordinates":[[[-86.802138249359,36.1126737251661],[-86.8021434263359,36.1126303741665],[-86.8021648042799,36.1126320543821],[-86.8021665012593,36.1126178442809],[-86.8021926225699,36.1126198976203],[-86.8021938986599,36.1126092152365],[-86.8021711789718,36.1126074294869],[-86.8021743711193,36.112580693322],[-86.8021868370392,36.1125816730246],[-86.8021911239831,36.1125457707379],[-86.8021982329176,36.1125463300194],[-86.8022007901096,36.1125249120421],[-86.802184593539,36.1125236390007],[-86.802183543855,36.1125324334931],[-86.8020472480975,36.1125217196729],[-86.8020549894262,36.1124568821564],[-86.8023363449197,36.1124789993896],[-86.8023259103399,36.112566384217],[-86.802378507554,36.1125705191056],[-86.8023715856993,36.1126284897223],[-86.8023805811006,36.112629197773],[-86.8023730601229,36.112692183509],[-86.802138249359,36.1126737251661]]]},"properties":{"id":"182925","parcel":"117121E00100CO","address":"3501 RICHARDS ST","owner":"P2831 TRUST","point":[-86.80228272955556,36.11257561663806]}},{"type":"Feature","id":"182928","geometry":{"type":"Polygon","coordinates":[[[-86.8024328610423,36.1127472470264],[-86.8017687292472,36.1126923286157],[-86.801841810301,36.1121512098727],[-86.802505915444,36.1122039334113],[-86.8024328610423,36.1127472470264]],[[-86.8023363449197,36.1124789993896],[-86.8020549894262,36.1124568821564],[-86.8020472480975,36.1125217196729],[-86.802183543855,36.1125324334931],[-86.802184593539,36.1125236390007],[-86.8022007901096,36.1125249120421],[-86.8021982329176,36.1125463300194],[-86.8021911239831,36.1125457707379],[-86.8021868370392,36.1125816730246],[-86.8021743711193,36.112580693322],[-86.8021711789718,36.1126074294869],[-86.8021938986599,36.1126092152365],[-86.8021926225699,36.1126198976203],[-86.8021665012593,36.1126178442809],[-86.8021648042799,36.1126320543821],[-86.8021434263359,36.1126303741665],[-86.802138249359,36.1126737251661],[-86.8023730601229,36.112692183509],[-86.8023805811006,36.112629197773],[-86.8023715856993,36.1126284897223],[-86.802378507554,36.1125705191056],[-86.8023259103399,36.112566384217],[-86.8023363449197,36.1124789993896]],[[-86.8023400493112,36.1124384359295],[-86.8023497716962,36.1123557614354],[-86.8024066200961,36.1123601627501],[-86.8024130907751,36.1123051441275],[-86.8024225051025,36.1123058728212],[-86.8024302021755,36.1122404254006],[-86.8021962826141,36.1122223136499],[-86.8021896952435,36.1122783298564],[-86.8022367524176,36.1122819735008],[-86.8022351679819,36.1122954474086],[-86.8022250978021,36.1122946680843],[-86.8022180675145,36.1123544482923],[-86.8022233443856,36.1123548566256],[-86.8022213129637,36.112372133316],[-86.8022065472697,36.112370989558],[-86.8022074811383,36.1123630457454],[-86.8020648710509,36.1123520035169],[-86.8020617655547,36.1123784137408],[-86.8020530837693,36.1123777405335],[-86.8020485993225,36.1124158684968],[-86.8023400493112,36.1124384359295]]]},"properties":{"id":"182928","parcel":"117121E90000CO","address":"3503 C RICHARDS ST","owner":"O.I.C. HOMES AT 3503 RICHARDS STREET","point":[-86.80213747225538,36.112447559975756]}},{"type":"Feature","id":"187058","geometry":{"type":"Polygon","coordinates":[[[-86.800937332875,36.1171430338606],[-86.8010125963704,36.1169924922362],[-86.8010845552746,36.1170161759132],[-86.8010781027573,36.1170290809638],[-86.8011145096465,36.1170410632531],[-86.8010456999459,36.1171786998839],[-86.800937332875,36.1171430338606]]]},"properties":{"id":"187058","parcel":"117083C00100CO","address":"1618 B STOKES LN","owner":"ORUWARIYE, AMANI","point":[-86.8010259216423,36.117092048590536]}},{"type":"Feature","id":"187434","geometry":{"type":"Polygon","coordinates":[[[-86.8017450347932,36.1151348147887],[-86.8017519869895,36.1150743916576],[-86.8018325176497,36.1150804924718],[-86.8018305916209,36.1150972213637],[-86.8018502043105,36.1150987060785],[-86.8018819532352,36.115087403824],[-86.8018825309021,36.1150718997258],[-86.8019347487832,36.1150769178911],[-86.8019326055006,36.1150916005152],[-86.8020061201728,36.1150986653663],[-86.8020084712311,36.1150825600367],[-86.8020854516112,36.1150899587027],[-86.8020752526993,36.1151598272554],[-86.8017450347932,36.1151348147887]]]},"properties":{"id":"187434","parcel":"117083B00200CO","address":"3415 B RICHARDS ST","owner":"HONG, ANDREW & CHOON-KI & SHARON LINEZO","point":[-86.80191429624958,36.11511695341512]}},{"type":"Feature","id":"187437","geometry":{"type":"Polygon","coordinates":[[[-86.8014861549573,36.1152874830148],[-86.8015185920769,36.1150125565504],[-86.8021854732549,36.1150696581795],[-86.8021530395407,36.115344585713],[-86.8014861549573,36.1152874830148]],[[-86.8020744985227,36.1151800669656],[-86.8017444740413,36.115152106918],[-86.8017364947823,36.1152141132176],[-86.801821507647,36.115221315356],[-86.8018234770379,36.1152060201172],[-86.8018568582712,36.115208848142],[-86.8018533934746,36.1152357753612],[-86.8019576228832,36.1152446053489],[-86.8019585158569,36.115237665845],[-86.802065914871,36.1152467648779],[-86.8020744985227,36.1151800669656]],[[-86.8017450347932,36.1151348147887],[-86.8020752526993,36.1151598272554],[-86.8020854516112,36.1150899587027],[-86.8020084712311,36.1150825600367],[-86.8020061201728,36.1150986653663],[-86.8019326055006,36.1150916005152],[-86.8019347487832,36.1150769178911],[-86.8018825309021,36.1150718997258],[-86.8018819532352,36.115087403824],[-86.8018502043105,36.1150987060785],[-86.8018305916209,36.1150972213637],[-86.8018325176497,36.1150804924718],[-86.8017519869895,36.1150743916576],[-86.8017450347932,36.1151348147887]]]},"properties":{"id":"187437","parcel":"117083B90000CO","address":"3415 C RICHARDS ST","owner":"O.I.C. HOMES AT 3415 RICHARDS STREET AM","point":[-86.80162119183603,36.11516919673888]}},{"type":"Feature","id":"187492","geometry":{"type":"Polygon","coordinates":[[[-86.8006593807239,36.1172702241068],[-86.8007710835368,36.1171199472747],[-86.8009642335459,36.116742510235],[-86.8012452152736,36.1168333364064],[-86.8012473120716,36.1168340651342],[-86.801055492194,36.1172089062114],[-86.8009382946762,36.1173789082975],[-86.8006593807239,36.1172702241068]],[[-86.8010845552746,36.1170161759132],[-86.8010125963704,36.1169924922362],[-86.800937332875,36.1171430338606],[-86.8010456999459,36.1171786998839],[-86.8011145096465,36.1170410632531],[-86.8010781027573,36.1170290809638],[-86.8010845552746,36.1170161759132]],[[-86.800917269923,36.1171378152693],[-86.8009931279628,36.1169860845233],[-86.8009202418386,36.1169620960064],[-86.800913336347,36.116975908042],[-86.8008809618491,36.1169652535448],[-86.8008120091284,36.117103171291],[-86.800917269923,36.1171378152693]]]},"properties":{"id":"187492","parcel":"117083C90000CO","address":"1618 C STOKES LN","owner":"O.I.C. HOMES AT 1618 STOKES LANE AMENDED","point":[-86.8008116750485,36.11707186543365]}},{"type":"Feature","id":"187637","geometry":{"type":"Polygon","coordinates":[[[-86.802065914871,36.1152467648779],[-86.8019585158569,36.115237665845],[-86.8019576228832,36.1152446053489],[-86.8018533934746,36.1152357753612],[-86.8018568582712,36.115208848142],[-86.8018234770379,36.1152060201172],[-86.801821507647,36.115221315356],[-86.8017364947823,36.1152141132176],[-86.8017444740413,36.115152106918],[-86.8020744985227,36.1151800669656],[-86.802065914871,36.1152467648779]]]},"properties":{"id":"187637","parcel":"117083B00100CO","address":"3415 A RICHARDS ST","owner":"MURPHY, KEVIN MICHAEL & STEPHANIE INGA","point":[-86.80190602646357,36.11519297257967]}},{"type":"Feature","id":"187667","geometry":{"type":"Polygon","coordinates":[[[-86.8008120091284,36.117103171291],[-86.8008809618491,36.1169652535448],[-86.800913336347,36.116975908042],[-86.8009202418386,36.1169620960064],[-86.8009931279628,36.1169860845233],[-86.800917269923,36.1171378152693],[-86.8008120091284,36.117103171291]]]},"properties":{"id":"187667","parcel":"117083C00200CO","address":"1618 A STOKES LN","owner":"SHELL, JAMES WALKER & SHAKELFORD, JOY & MICHELLE","point":[-86.80090256868003,36.117044627941986]}},{"type":"Feature","id":"199419","geometry":{"type":"Polygon","coordinates":[[[-86.8020390678867,36.1157261273651],[-86.8018322783616,36.1157102183441],[-86.8018319092682,36.1157133779902],[-86.8018069613134,36.1157114591702],[-86.8018072752243,36.115708774867],[-86.8017835389817,36.1157069489309],[-86.8017838969236,36.1157038948092],[-86.8017643283145,36.1157023899616],[-86.8017636494033,36.1157081996346],[-86.8016816853318,36.1157018937931],[-86.8016831525783,36.1156893390909],[-86.801678521393,36.1156889832222],[-86.8016833802559,36.1156474162281],[-86.8016874789557,36.115647731473],[-86.8016878716086,36.11564437429],[-86.8016933476609,36.1156447957442],[-86.8016939283999,36.1156398240154],[-86.8017637608319,36.115645196548],[-86.8017632608469,36.1156494746541],[-86.8017709535598,36.1156500670343],[-86.8017704392443,36.1156544660076],[-86.8018032911048,36.1156569929335],[-86.8018076784792,36.1156194523927],[-86.8019009914453,36.1156266317475],[-86.801901404456,36.115623091468],[-86.8019271761329,36.1156250741904],[-86.8019268132257,36.1156281860277],[-86.8020340175608,36.115636434674],[-86.8020327225259,36.11564788777],[-86.8020360652152,36.1156481368288],[-86.8020338657264,36.1156675921169],[-86.802030398535,36.1156673339717],[-86.8020294003499,36.1156761740784],[-86.8020447709359,36.1156773183453],[-86.8020390678867,36.1157261273651]]]},"properties":{"id":"199419","parcel":"117083D00200CO","address":"3411 RICHARDS ST","owner":"STEPHENSON HOME CO, LLC","point":[-86.80185523666279,36.11567159148522]}},{"type":"Feature","id":"201283","geometry":{"type":"Polygon","coordinates":[[[-86.8017519511042,36.1158593143011],[-86.8014185510352,36.1158351575673],[-86.8014509886126,36.1155602311592],[-86.8021205168049,36.1156107227],[-86.802088081525,36.1158856492846],[-86.8017519511042,36.1158593143011]],[[-86.8020063356154,36.1158481740636],[-86.8020072353461,36.1158373941511],[-86.8020119744371,36.1158376546552],[-86.8020137740694,36.1158161119533],[-86.8020101175016,36.1158159109462],[-86.8020106854252,36.1158091223159],[-86.8020270021672,36.1158100196515],[-86.8020312159582,36.1157595919189],[-86.8019937611608,36.115757531881],[-86.8019941605598,36.1157527542311],[-86.8018240702426,36.115743398644],[-86.8018244646625,36.1157386769073],[-86.8018009092742,36.1157373815289],[-86.8018006585909,36.1157403871697],[-86.8017755083187,36.1157390041486],[-86.8017751863343,36.1157428691854],[-86.8017565812044,36.115741846427],[-86.8017572303647,36.1157340802677],[-86.8016721035467,36.115729397923],[-86.8016672117335,36.1157879470977],[-86.8016752372957,36.1157883894615],[-86.8016747041337,36.1157947731833],[-86.8017432297481,36.1157985411186],[-86.8017436202214,36.1157938680777],[-86.801750443223,36.1157942436236],[-86.8017506147502,36.1157921992762],[-86.8017831470818,36.115793988379],[-86.801779918333,36.1158326370029],[-86.8018734531541,36.1158377816123],[-86.8018731102786,36.1158418874306],[-86.8018999799454,36.1158433644505],[-86.8019001732656,36.1158410585861],[-86.8019638476013,36.1158445612262],[-86.8019637415689,36.1158458309368],[-86.8020063356154,36.1158481740636]],[[-86.8020294003499,36.1156761740784],[-86.802030398535,36.1156673339717],[-86.8020338657264,36.1156675921169],[-86.8020360652152,36.1156481368288],[-86.8020327225259,36.11564788777],[-86.8020340175608,36.115636434674],[-86.8019268132257,36.1156281860277],[-86.8019271761329,36.1156250741904],[-86.801901404456,36.115623091468],[-86.8019009914453,36.1156266317475],[-86.8018076784792,36.1156194523927],[-86.8018032911048,36.1156569929335],[-86.8017704392443,36.1156544660076],[-86.8017709535598,36.1156500670343],[-86.8017632608469,36.1156494746541],[-86.8017637608319,36.115645196548],[-86.8016939283999,36.1156398240154],[-86.8016933476609,36.1156447957442],[-86.8016878716086,36.11564437429],[-86.8016874789557,36.115647731473],[-86.8016833802559,36.1156474162281],[-86.801678521393,36.1156889832222],[-86.8016831525783,36.1156893390909],[-86.8016816853318,36.1157018937931],[-86.8017636494033,36.1157081996346],[-86.8017643283145,36.1157023899616],[-86.8017838969236,36.1157038948092],[-86.8017835389817,36.1157069489309],[-86.8018072752243,36.115708774867],[-86.8018069613134,36.1157114591702],[-86.8018319092682,36.1157133779902],[-86.8018322783616,36.1157102183441],[-86.8020390678867,36.1157261273651],[-86.8020447709359,36.1156773183453],[-86.8020294003499,36.1156761740784]]]},"properties":{"id":"201283","parcel":"117083D90000CO","address":"3409 C RICHARDS ST","owner":"O.I.C. 3411 RICHARDS STREET","point":[-86.80169446431263,36.115719354010686]}},{"type":"Feature","id":"203707","geometry":{"type":"Polygon","coordinates":[[[-86.8019638476013,36.1158445612262],[-86.8019001732656,36.1158410585861],[-86.8018999799454,36.1158433644505],[-86.8018731102786,36.1158418874306],[-86.8018734531541,36.1158377816123],[-86.801779918333,36.1158326370029],[-86.8017831470818,36.115793988379],[-86.8017506147502,36.1157921992762],[-86.801750443223,36.1157942436236],[-86.8017436202214,36.1157938680777],[-86.8017432297481,36.1157985411186],[-86.8016747041337,36.1157947731833],[-86.8016752372957,36.1157883894615],[-86.8016672117335,36.1157879470977],[-86.8016721035467,36.115729397923],[-86.8017572303647,36.1157340802677],[-86.8017565812044,36.115741846427],[-86.8017751863343,36.1157428691854],[-86.8017755083187,36.1157390041486],[-86.8018006585909,36.1157403871697],[-86.8018009092742,36.1157373815289],[-86.8018244646625,36.1157386769073],[-86.8018240702426,36.115743398644],[-86.8019941605598,36.1157527542311],[-86.8019937611608,36.115757531881],[-86.8020312159582,36.1157595919189],[-86.8020270021672,36.1158100196515],[-86.8020106854252,36.1158091223159],[-86.8020101175016,36.1158159109462],[-86.8020137740694,36.1158161119533],[-86.8020119744371,36.1158376546552],[-86.8020072353461,36.1158373941511],[-86.8020063356154,36.1158481740636],[-86.8019637415689,36.1158458309368],[-86.8019638476013,36.1158445612262]]]},"properties":{"id":"203707","parcel":"117083D00100CO","address":"3409 RICHARDS ST","owner":"CUROTTO, JOHN MICHAEL & BREE ARIANA","point":[-86.80185184511771,36.115790524218134]}},{"type":"Feature","id":"203934","geometry":{"type":"Polygon","coordinates":[[[-86.8081393144044,36.1162587424804],[-86.80815897876,36.1161205396095],[-86.8081874503605,36.1159205389408],[-86.8088671708784,36.1159717602722],[-86.8088399039789,36.1161783044566],[-86.8088219117776,36.1163149036647],[-86.8081393144044,36.1162587424804]],[[-86.8084257370019,36.1162474569654],[-86.8084301698075,36.1162009354821],[-86.8084390841809,36.1162014949148],[-86.8084405463605,36.1161861461822],[-86.8085272813942,36.1161915862759],[-86.8085310547704,36.1161519820475],[-86.8085329564937,36.1161320203054],[-86.8084504341767,36.1161268448968],[-86.8084509771661,36.1161211523601],[-86.8082454144816,36.1161082599866],[-86.8082435828973,36.1161274803995],[-86.8082333021197,36.1162353868764],[-86.8084257370019,36.1162474569654]],[[-86.8084537457104,36.1160990451636],[-86.8085359609051,36.1161067885808],[-86.8085444519207,36.1160474443748],[-86.8084619065604,36.1160396698292],[-86.8084666695852,36.1160063832701],[-86.8084603886255,36.116005791768],[-86.8084644442955,36.1159774372633],[-86.8082662555963,36.1159587705523],[-86.8082481345921,36.1160854266858],[-86.8084529347968,36.1161047160629],[-86.8084537457104,36.1160990451636]]]},"properties":{"id":"203934","parcel":"117073I90000CO","address":"3420 C GOLF CLUB LN","owner":"O.I.C. GOLF CLUB BROWNSTONES","point":[-86.80859760464153,36.11611503217461]}},{"type":"Feature","id":"205915","geometry":{"type":"Polygon","coordinates":[[[-86.8021315735073,36.1141513869516],[-86.8021468741932,36.1140501946097],[-86.8022271263528,36.1140581842939],[-86.8022118257676,36.1141593766457],[-86.8021315735073,36.1141513869516]]]},"properties":{"id":"205915","parcel":"117121F00200CO","address":"3429 RICHARDS ST","owner":"STONEWELL INVESTMENTS, LLC","point":[-86.80217934995814,36.11410478563255]}},{"type":"Feature","id":"207521","geometry":{"type":"Polygon","coordinates":[[[-86.8082333021197,36.1162353868764],[-86.8082435828973,36.1161274803995],[-86.8082454144816,36.1161082599866],[-86.8084509771661,36.1161211523601],[-86.8084504341767,36.1161268448968],[-86.8085329564937,36.1161320203054],[-86.8085310547704,36.1161519820475],[-86.8085272813942,36.1161915862759],[-86.8084405463605,36.1161861461822],[-86.8084390841809,36.1162014949148],[-86.8084301698075,36.1162009354821],[-86.8084257370019,36.1162474569654],[-86.8082333021197,36.1162353868764]]]},"properties":{"id":"207521","parcel":"117073I00100CO","address":"3420 A GOLF CLUB LN","owner":"MONTROSE HOLDINGS, LLC","point":[-86.808384539562,36.11616890220828]}},{"type":"Feature","id":"207525","geometry":{"type":"Polygon","coordinates":[[[-86.8085359609051,36.1161067885808],[-86.8084537457104,36.1160990451636],[-86.8084529347968,36.1161047160629],[-86.8082481345921,36.1160854266858],[-86.8082662555963,36.1159587705523],[-86.8084644442955,36.1159774372633],[-86.8084603886255,36.116005791768],[-86.8084666695852,36.1160063832701],[-86.8084619065604,36.1160396698292],[-86.8085444519207,36.1160474443748],[-86.8085359609051,36.1161067885808]]]},"properties":{"id":"207525","parcel":"117073I00200CO","address":"3420 B GOLF CLUB LN","owner":"GLASS, CODY & BAILEY","point":[-86.80836069891382,36.116022860892514]}},{"type":"Feature","id":"207749","geometry":{"type":"Polygon","coordinates":[[[-86.801878587565,36.1140655293518],[-86.8018884033266,36.1140006140905],[-86.802109217782,36.1140225972027],[-86.80210650748,36.1140405210129],[-86.8020891863804,36.1140387966824],[-86.8020783701993,36.1141103331278],[-86.8020028869232,36.1141028181555],[-86.8020065978355,36.1140782731801],[-86.801878587565,36.1140655293518]]]},"properties":{"id":"207749","parcel":"117121F00100CO","address":"3427 RICHARDS ST","owner":"STONEWELL INVESTMENTS, LLC","point":[-86.80198375887827,36.11405301071105]}},{"type":"Feature","id":"207751","geometry":{"type":"Polygon","coordinates":[[[-86.8022821802571,36.1141860922829],[-86.8016207222202,36.1141289551816],[-86.8016460090862,36.1139172587485],[-86.8018639526998,36.1139416326641],[-86.8022987737487,36.1140524721784],[-86.8022821802571,36.1141860922829]],[[-86.8022271263528,36.1140581842939],[-86.8021468741932,36.1140501946097],[-86.8021315735073,36.1141513869516],[-86.8022118257676,36.1141593766457],[-86.8022271263528,36.1140581842939]],[[-86.8020783701993,36.1141103331278],[-86.8020891863804,36.1140387966824],[-86.80210650748,36.1140405210129],[-86.802109217782,36.1140225972027],[-86.8018884033266,36.1140006140905],[-86.801878587565,36.1140655293518],[-86.8020065978355,36.1140782731801],[-86.8020028869232,36.1141028181555],[-86.8020783701993,36.1141103331278]]]},"properties":{"id":"207751","parcel":"117121F90000CO","address":"3427 C RICHARDS ST","owner":"O.I.C. HOMES AT 3427 & 3429 RICHARDS ST","point":[-86.80175546533286,36.114050560988964]}},{"type":"Feature","id":"212417","geometry":{"type":"Polygon","coordinates":[[[-86.8021092236517,36.1120817291671],[-86.8021159576808,36.1120258228449],[-86.802158560143,36.1120292014252],[-86.8021648903206,36.111976643349],[-86.8021089593427,36.1119722078809],[-86.8021163175009,36.1119111231389],[-86.8021550391754,36.1119141940543],[-86.8021556796344,36.1119088722232],[-86.8022049929921,36.111912782975],[-86.8022044222355,36.1119175275215],[-86.8022824914556,36.1119237191973],[-86.8022830673877,36.1119189376633],[-86.8023360925173,36.1119231427257],[-86.8023352931739,36.1119297778834],[-86.8023948580839,36.111934501816],[-86.8023784204079,36.1120713908283],[-86.8023637990096,36.1120702317094],[-86.8023593381238,36.1121072671762],[-86.8023740929282,36.1121084371249],[-86.8023687640784,36.1121526814218],[-86.8022775672658,36.1121454496182],[-86.8022827332354,36.1121025592351],[-86.802169338136,36.1120935660895],[-86.8021701815487,36.1120865638179],[-86.8021092236517,36.1120817291671]]]},"properties":{"id":"212417","parcel":"117121G00100CO","address":"3505 A RICHARDS ST","owner":"BAGWELL CONSTRUCTION CO., LLC","point":[-86.80224705419744,36.112049693297216]}},{"type":"Feature","id":"212420","geometry":{"type":"Polygon","coordinates":[[[-86.8022887493013,36.1119021603326],[-86.8022894060105,36.1118966887796],[-86.802213578062,36.1118906931014],[-86.802212940848,36.1118960058985],[-86.8021730742955,36.1118928542905],[-86.8021736859303,36.1118877579718],[-86.8021187556207,36.1118834149942],[-86.8021223385059,36.1118535767138],[-86.8021272108038,36.1118539625058],[-86.8021312199751,36.1118205820501],[-86.8021870762322,36.1118249981761],[-86.8021931077959,36.1117747700964],[-86.8021551633204,36.1117717706337],[-86.8021620627264,36.1117143184047],[-86.8022190594409,36.1117188242691],[-86.8022201024554,36.1117101406766],[-86.8023355265712,36.1117192662821],[-86.8023405303811,36.1116775919004],[-86.802432337849,36.1116848511359],[-86.8024267931136,36.1117310283271],[-86.8024116426704,36.1117298303737],[-86.8024076131839,36.1117633867257],[-86.8024228058754,36.1117645880037],[-86.802412383036,36.1118514671575],[-86.8023703721548,36.1118481460191],[-86.8023638038619,36.111902847142],[-86.8023467013525,36.1119014945278],[-86.802346076319,36.1119066927817],[-86.8022887493013,36.1119021603326]]]},"properties":{"id":"212420","parcel":"117121G00200CO","address":"3505 B RICHARDS ST","owner":"FERGUSON, GARY & GRAHAM, ELEANOR RITCHEY","point":[-86.80230456854716,36.11179791114111]}},{"type":"Feature","id":"212835","geometry":{"type":"Polygon","coordinates":[[[-86.802505915444,36.1122039334113],[-86.801841810301,36.1121512098727],[-86.8018738558899,36.1119026572311],[-86.8019121392845,36.1116057146455],[-86.8025789477142,36.1116584188842],[-86.802505915444,36.1122039334113]],[[-86.8021092236517,36.1120817291671],[-86.8021701815487,36.1120865638179],[-86.802169338136,36.1120935660895],[-86.8022827332354,36.1121025592351],[-86.8022775672658,36.1121454496182],[-86.8023687640784,36.1121526814218],[-86.8023740929282,36.1121084371249],[-86.8023593381238,36.1121072671762],[-86.8023637990096,36.1120702317094],[-86.8023784204079,36.1120713908283],[-86.8023948580839,36.111934501816],[-86.8023352931739,36.1119297778834],[-86.8023360925173,36.1119231427257],[-86.8022830673877,36.1119189376633],[-86.8022824914556,36.1119237191973],[-86.8022044222355,36.1119175275215],[-86.8022049929921,36.111912782975],[-86.8021556796344,36.1119088722232],[-86.8021550391754,36.1119141940543],[-86.8021163175009,36.1119111231389],[-86.8021089593427,36.1119722078809],[-86.8021648903206,36.111976643349],[-86.802158560143,36.1120292014252],[-86.8021159576808,36.1120258228449],[-86.8021092236517,36.1120817291671]],[[-86.8022887493013,36.1119021603326],[-86.802346076319,36.1119066927817],[-86.8023467013525,36.1119014945278],[-86.8023638038619,36.111902847142],[-86.8023703721548,36.1118481460191],[-86.802412383036,36.1118514671575],[-86.8024228058754,36.1117645880037],[-86.8024076131839,36.1117633867257],[-86.8024116426704,36.1117298303737],[-86.8024267931136,36.1117310283271],[-86.802432337849,36.1116848511359],[-86.8023405303811,36.1116775919004],[-86.8023355265712,36.1117192662821],[-86.8022201024554,36.1117101406766],[-86.8022190594409,36.1117188242691],[-86.8021620627264,36.1117143184047],[-86.8021551633204,36.1117717706337],[-86.8021931077959,36.1117747700964],[-86.8021870762322,36.1118249981761],[-86.8021312199751,36.1118205820501],[-86.8021272108038,36.1118539625058],[-86.8021223385059,36.1118535767138],[-86.8021187556207,36.1118834149942],[-86.8021736859303,36.1118877579718],[-86.8021730742955,36.1118928542905],[-86.802212940848,36.1118960058985],[-86.802213578062,36.1118906931014],[-86.8022894060105,36.1118966887796],[-86.8022887493013,36.1119021603326]]]},"properties":{"id":"212835","parcel":"117121G90000CO","address":"3505 C RICHARDS ST","owner":"O.I.C. HOMES AT 3505 RICHARDS STREET","point":[-86.80209934752462,36.11190465769979]}},{"type":"Feature","id":"218526","geometry":{"type":"Polygon","coordinates":[[[-86.8057183771128,36.117849784484],[-86.8063923533293,36.1178971250112],[-86.8063637371306,36.1181194986164],[-86.8063326383341,36.1183611528023],[-86.8056813833429,36.1181429888631],[-86.8057183771128,36.117849784484]]]},"properties":{"id":"218526","parcel":"11707021500","address":"3401 HOPKINS ST","owner":"PERRY, BENJAMIN HUNTER & JOY NICOLE EARL","point":[-86.8060382798562,36.11800776220785]}},{"type":"Feature","id":"223702","geometry":{"type":"Polygon","coordinates":[[[-86.8022179078644,36.114794731512],[-86.8015537135894,36.1147354139892],[-86.8015623050302,36.1146518440443],[-86.8015882425576,36.1143994864664],[-86.8022470160144,36.1144588398415],[-86.8022395794302,36.114527018168],[-86.8022179078644,36.114794731512]],[[-86.8019210752049,36.1147419092202],[-86.8021133582266,36.1147574431775],[-86.8021241180112,36.1146697615381],[-86.8021386711843,36.1146709373653],[-86.8021442265435,36.1146256650412],[-86.8018321123627,36.1146004504075],[-86.8018310634509,36.1146089979353],[-86.8018272714693,36.1146086914718],[-86.8018245290719,36.1146310353761],[-86.8018276073413,36.1146312834945],[-86.8018265163474,36.1146401737893],[-86.8018301604786,36.1146404686177],[-86.8018277598916,36.114660031595],[-86.8019359364643,36.1146687704651],[-86.8019299467933,36.1147175750889],[-86.8019241181892,36.1147171046167],[-86.8019210752049,36.1147419092202]],[[-86.8018311721788,36.1145743338804],[-86.801834541543,36.1145745890763],[-86.8018335919595,36.114582852941],[-86.8021466091979,36.1146065338905],[-86.8021517347761,36.1145619313727],[-86.8021387609059,36.1145609505366],[-86.8021487506596,36.1144740184708],[-86.8019557624051,36.1144594184848],[-86.8019486426507,36.114521377637],[-86.801954614349,36.1145218300323],[-86.801953477911,36.1145317183507],[-86.8018439398193,36.1145234310784],[-86.8018418374701,36.1145417275743],[-86.8018384458749,36.1145414707239],[-86.8018377219113,36.1145477673913],[-86.801834254733,36.1145475056355],[-86.8018311721788,36.1145743338804]]]},"properties":{"id":"223702","parcel":"117121H90000CO","address":"3423 C RICHARDS ST","owner":"O.I.C. 3423 RICHARDS STREET","point":[-86.80176052259908,36.11459153201432]}},{"type":"Feature","id":"224722","geometry":{"type":"Polygon","coordinates":[[[-86.8059539943233,36.1178283397996],[-86.8059657826129,36.1177370828113],[-86.8062632461788,36.117762376639],[-86.8062514582364,36.117853634557],[-86.8059539943233,36.1178283397996]]]},"properties":{"id":"224722","parcel":"117070I00100CO","address":"3403 HOPKINS ST","owner":"LOCAL FAMILY TRUST","point":[-86.80610862033772,36.117795358319405]}},{"type":"Feature","id":"224724","geometry":{"type":"Polygon","coordinates":[[[-86.8057183771128,36.117849784484],[-86.805731995693,36.1177388700453],[-86.8057519416747,36.1175764122612],[-86.8064267248682,36.1176238111846],[-86.8064114332194,36.1177489411063],[-86.8063952980478,36.1178737080365],[-86.8063923533293,36.1178971250112],[-86.8057183771128,36.117849784484]],[[-86.8059539943233,36.1178283397996],[-86.8062514582364,36.117853634557],[-86.8062632461788,36.117762376639],[-86.8059657826129,36.1177370828113],[-86.8059539943233,36.1178283397996]],[[-86.8059673568434,36.1177080996722],[-86.8062663481304,36.1177342025492],[-86.8062785743004,36.1176420187843],[-86.8059795822458,36.1176159159444],[-86.8059673568434,36.1177080996722]]]},"properties":{"id":"224724","parcel":"117070I90000CO","address":"3403 C HOPKINS ST","owner":"O.I.C. HOMES AT 3403 & 3405 HOPKINS STREET","point":[-86.80607273394575,36.11773557264023]}},{"type":"Feature","id":"225154","geometry":{"type":"Polygon","coordinates":[[[-86.8018341611943,36.1143924874333],[-86.8018388785435,36.1143299917712],[-86.8018493438604,36.1143309361407],[-86.801854076985,36.1142964044722],[-86.8021294883392,36.114321256573],[-86.8021225921023,36.114371569679],[-86.8021342715126,36.1143726240177],[-86.8021279163916,36.1144189949191],[-86.8018341611943,36.1143924874333]]]},"properties":{"id":"225154","parcel":"117120H00100CO","address":"3425 A RICHARDS ST","owner":"LISKA, LEE ANN & JOE EDWARD JR","point":[-86.80198131875851,36.114351245303475]}},{"type":"Feature","id":"225525","geometry":{"type":"Polygon","coordinates":[[[-86.8018469563507,36.1142787515186],[-86.8018549649596,36.1142131795261],[-86.801862431014,36.1142137797156],[-86.8018662075591,36.1141804395918],[-86.8021434921017,36.1142027330815],[-86.8021371046679,36.1142550301347],[-86.8021497500652,36.114256047404],[-86.80214406033,36.1143026392032],[-86.8018469563507,36.1142787515186]]]},"properties":{"id":"225525","parcel":"117120H00200CO","address":"3425 B RICHARDS ST","owner":"LOMBARDY PARTNERS, LLC","point":[-86.80199599895396,36.11423439877506]}},{"type":"Feature","id":"225529","geometry":{"type":"Polygon","coordinates":[[[-86.8022470160144,36.1144588398415],[-86.8015882425576,36.1143994864664],[-86.8016207222202,36.1141289551816],[-86.8022821802571,36.1141860922829],[-86.8022745439051,36.1142344923932],[-86.8022470160144,36.1144588398415]],[[-86.8018341611943,36.1143924874333],[-86.8021279163916,36.1144189949191],[-86.8021342715126,36.1143726240177],[-86.8021225921023,36.114371569679],[-86.8021294883392,36.114321256573],[-86.801854076985,36.1142964044722],[-86.8018493438604,36.1143309361407],[-86.8018388785435,36.1143299917712],[-86.8018341611943,36.1143924874333]],[[-86.8018469563507,36.1142787515186],[-86.80214406033,36.1143026392032],[-86.8021497500652,36.114256047404],[-86.8021371046679,36.1142550301347],[-86.8021434921017,36.1142027330815],[-86.8018662075591,36.1141804395918],[-86.801862431014,36.1142137797156],[-86.8018549649596,36.1142131795261],[-86.8018469563507,36.1142787515186]]]},"properties":{"id":"225529","parcel":"117120H90000CO","address":"3425 C RICHARDS ST","owner":"O.I.C. HOMES AT 3425 RICHARDS STREET","point":[-86.80178034637485,36.114287461919126]}},{"type":"Feature","id":"225537","geometry":{"type":"Polygon","coordinates":[[[-86.8019210752049,36.1147419092202],[-86.8019241181892,36.1147171046167],[-86.8019299467933,36.1147175750889],[-86.8019359364643,36.1146687704651],[-86.8018277598916,36.114660031595],[-86.8018301604786,36.1146404686177],[-86.8018265163474,36.1146401737893],[-86.8018276073413,36.1146312834945],[-86.8018245290719,36.1146310353761],[-86.8018272714693,36.1146086914718],[-86.8018310634509,36.1146089979353],[-86.8018321123627,36.1146004504075],[-86.8021442265435,36.1146256650412],[-86.8021386711843,36.1146709373653],[-86.8021241180112,36.1146697615381],[-86.8021133582266,36.1147574431775],[-86.8019210752049,36.1147419092202]]]},"properties":{"id":"225537","parcel":"117121H00100CO","address":"3423 A RICHARDS ST","owner":"PARKER, CHRIS & COOPER, JORDAN","point":[-86.8020269901746,36.114694013760946]}},{"type":"Feature","id":"225541","geometry":{"type":"Polygon","coordinates":[[[-86.8018311721788,36.1145743338804],[-86.801834254733,36.1145475056355],[-86.8018377219113,36.1145477673913],[-86.8018384458749,36.1145414707239],[-86.8018418374701,36.1145417275743],[-86.8018439398193,36.1145234310784],[-86.801953477911,36.1145317183507],[-86.801954614349,36.1145218300323],[-86.8019486426507,36.114521377637],[-86.8019557624051,36.1144594184848],[-86.8021487506596,36.1144740184708],[-86.8021387609059,36.1145609505366],[-86.8021517347761,36.1145619313727],[-86.8021466091979,36.1146065338905],[-86.8018335919595,36.114582852941],[-86.801834541543,36.1145745890763],[-86.8018311721788,36.1145743338804]]]},"properties":{"id":"225541","parcel":"117121H00200CO","address":"3423 B RICHARDS ST","owner":"PARKER, CHRIS & COOPER, JORDAN","point":[-86.80199197529036,36.11453675327476]}},{"type":"Feature","id":"225762","geometry":{"type":"Polygon","coordinates":[[[-86.8059673568434,36.1177080996722],[-86.8059795822458,36.1176159159444],[-86.8062785743004,36.1176420187843],[-86.8062663481304,36.1177342025492],[-86.8059673568434,36.1177080996722]]]},"properties":{"id":"225762","parcel":"117070I00200CO","address":"3405 HOPKINS ST","owner":"HEIDRICH, PAUL & NADINE & ELISE & NICOLE","point":[-86.80612296543595,36.11767505932927]}},{"type":"Feature","id":"227457","geometry":{"type":"Polygon","coordinates":[[[-86.8060795459501,36.1168988942724],[-86.8060905760222,36.1168250001154],[-86.8061014884521,36.1168260718158],[-86.8061052868208,36.1168006248565],[-86.8061382631857,36.1168038653914],[-86.8061387343009,36.1168007050501],[-86.8063143784855,36.1168179649514],[-86.8063152978671,36.1168118021445],[-86.8063876909006,36.1168189159962],[-86.8063862139843,36.1168288066304],[-86.8064355723818,36.1168336572086],[-86.8064289753236,36.1168778533434],[-86.8064332117613,36.1168782693516],[-86.8064250650026,36.1169328460032],[-86.8060795459501,36.1168988942724]]]},"properties":{"id":"227457","parcel":"117070N00200CO","address":"3411 B HOPKINS ST","owner":"BUBIS, MARTIN & JAYNE","point":[-86.80625917133472,36.11685547546604]}},{"type":"Feature","id":"228534","geometry":{"type":"Polygon","coordinates":[[[-86.8060633294314,36.1170017848975],[-86.8060763044955,36.1169148614243],[-86.8064237250178,36.1169490005366],[-86.8064167705334,36.1169965049632],[-86.8064122694489,36.116996062784],[-86.8064048673892,36.1170456548679],[-86.8061053138443,36.1170162195568],[-86.8061068302718,36.1170060591792],[-86.8060633294314,36.1170017848975]]]},"properties":{"id":"228534","parcel":"117070N00100CO","address":"3411 A HOPKINS ST","owner":"BUBIS, MARTIN & JAYNE","point":[-86.80624403010644,36.11697225043114]}},{"type":"Feature","id":"229891","geometry":{"type":"Polygon","coordinates":[[[-86.8065000023735,36.1170782436735],[-86.805823417315,36.1170172460547],[-86.8058579117803,36.1167438495018],[-86.8065511737963,36.1168065226445],[-86.806504870024,36.1170667639377],[-86.8065000023735,36.1170782436735]],[[-86.8060633294314,36.1170017848975],[-86.8061068302718,36.1170060591792],[-86.8061053138443,36.1170162195568],[-86.8064048673892,36.1170456548679],[-86.8064122694489,36.116996062784],[-86.8064167705334,36.1169965049632],[-86.8064237250178,36.1169490005366],[-86.8060763044955,36.1169148614243],[-86.8060633294314,36.1170017848975]],[[-86.8060795459501,36.1168988942724],[-86.8064250650026,36.1169328460032],[-86.8064332117613,36.1168782693516],[-86.8064289753236,36.1168778533434],[-86.8064355723818,36.1168336572086],[-86.8063862139843,36.1168288066304],[-86.8063876909006,36.1168189159962],[-86.8063152978671,36.1168118021445],[-86.8063143784855,36.1168179649514],[-86.8061387343009,36.1168007050501],[-86.8061382631857,36.1168038653914],[-86.8061052868208,36.1168006248565],[-86.8061014884521,36.1168260718158],[-86.8060905760222,36.1168250001154],[-86.8060795459501,36.1168988942724]]]},"properties":{"id":"229891","parcel":"117070N90000CO","address":"3411 C HOPKINS ST","owner":"O.I.C. 3411 HOPKINS STREET","point":[-86.80599978565829,36.11690675134014]}},{"type":"Feature","id":"233293","geometry":{"type":"Polygon","coordinates":[[[-86.8050935490456,36.115438590814],[-86.8050652318487,36.1154361048168],[-86.8050649098091,36.1154385242066],[-86.8050488489573,36.1154371154481],[-86.8050491153036,36.1154351191317],[-86.8050257511337,36.1154330696346],[-86.8050268381194,36.1154249138825],[-86.8049883736732,36.1154215384306],[-86.8049873681998,36.1154290789635],[-86.8049227423281,36.1154234076727],[-86.8049217574641,36.115430790343],[-86.8048796252418,36.1154270932405],[-86.8048935622884,36.1153225370608],[-86.8049389486577,36.1153265206801],[-86.8049396887869,36.1153209656416],[-86.8049571404669,36.115322497621],[-86.8049563528362,36.1153284071807],[-86.8049743303912,36.1153299852187],[-86.8049752563233,36.1153230355568],[-86.805024569506,36.1153273624626],[-86.8050238273166,36.1153329328373],[-86.8051032476381,36.1153399023105],[-86.8051021491751,36.1153528412478],[-86.8050963345338,36.1153523302775],[-86.8050931767597,36.1153760163366],[-86.8050986989999,36.115376501319],[-86.8050975830968,36.1153848717702],[-86.8051006738611,36.1153851431552],[-86.8050935490456,36.115438590814]]]},"properties":{"id":"233293","parcel":"117074Q00200CO","address":"3433 B STOKESMONT RD","owner":"3433 STOKESMONT RD, LLC","point":[-86.80499199911802,36.11538051382289]}},{"type":"Feature","id":"233554","geometry":{"type":"Polygon","coordinates":[[[-86.8050758491924,36.115552602252],[-86.8049963689347,36.115546096419],[-86.8049956756587,36.1155516709731],[-86.8049463252574,36.1155476309111],[-86.8049471900498,36.1155406762501],[-86.8049291990771,36.1155392037475],[-86.804928463701,36.1155451183657],[-86.8049109985746,36.1155436892179],[-86.8049116897903,36.1155381299998],[-86.8048662693423,36.1155344124755],[-86.804879279225,36.1154297777669],[-86.8049214433962,36.1154332295075],[-86.8049205252301,36.1154406171403],[-86.8049851995007,36.1154459113731],[-86.8049842618447,36.1154534577622],[-86.8050227551314,36.1154566086037],[-86.8050237698568,36.115448447025],[-86.8050471515428,36.1154503612132],[-86.8050474001085,36.1154483641142],[-86.8050634722394,36.1154496799654],[-86.8050631713217,36.1154521010168],[-86.8050915101589,36.1154544201327],[-86.8050848600481,36.1155079078829],[-86.8050817672403,36.1155076545367],[-86.8050807258251,36.1155160317005],[-86.8050751994614,36.115515579191],[-86.8050722529129,36.1155392836668],[-86.8050780716542,36.1155397594609],[-86.8050758491924,36.115552602252]]]},"properties":{"id":"233554","parcel":"117074Q00100CO","address":"3433 A STOKESMONT RD","owner":"3433 STOKESMONT RD, LLC","point":[-86.80498043182267,36.11548201467066]}},{"type":"Feature","id":"233558","geometry":{"type":"Polygon","coordinates":[[[-86.8051523261073,36.1155905729336],[-86.8045048698682,36.115535376983],[-86.804538392991,36.1152561739362],[-86.8051869987403,36.115313328621],[-86.8051523261073,36.1155905729336]],[[-86.8050758491924,36.115552602252],[-86.8050780716542,36.1155397594609],[-86.8050722529129,36.1155392836668],[-86.8050751994614,36.115515579191],[-86.8050807258251,36.1155160317005],[-86.8050817672403,36.1155076545367],[-86.8050848600481,36.1155079078829],[-86.8050915101589,36.1154544201327],[-86.8050631713217,36.1154521010168],[-86.8050634722394,36.1154496799654],[-86.8050474001085,36.1154483641142],[-86.8050471515428,36.1154503612132],[-86.8050237698568,36.115448447025],[-86.8050227551314,36.1154566086037],[-86.8049842618447,36.1154534577622],[-86.8049851995007,36.1154459113731],[-86.8049205252301,36.1154406171403],[-86.8049214433962,36.1154332295075],[-86.804879279225,36.1154297777669],[-86.8048662693423,36.1155344124755],[-86.8049116897903,36.1155381299998],[-86.8049109985746,36.1155436892179],[-86.804928463701,36.1155451183657],[-86.8049291990771,36.1155392037475],[-86.8049471900498,36.1155406762501],[-86.8049463252574,36.1155476309111],[-86.8049956756587,36.1155516709731],[-86.8049963689347,36.115546096419],[-86.8050758491924,36.115552602252]],[[-86.8050935490456,36.115438590814],[-86.8051006738611,36.1153851431552],[-86.8050975830968,36.1153848717702],[-86.8050986989999,36.115376501319],[-86.8050931767597,36.1153760163366],[-86.8050963345338,36.1153523302775],[-86.8051021491751,36.1153528412478],[-86.8051032476381,36.1153399023105],[-86.8050238273166,36.1153329328373],[-86.805024569506,36.1153273624626],[-86.8049752563233,36.1153230355568],[-86.8049743303912,36.1153299852187],[-86.8049563528362,36.1153284071807],[-86.8049571404669,36.115322497621],[-86.8049396887869,36.1153209656416],[-86.8049389486577,36.1153265206801],[-86.8048935622884,36.1153225370608],[-86.8048796252418,36.1154270932405],[-86.8049217574641,36.115430790343],[-86.8049227423281,36.1154234076727],[-86.8049873681998,36.1154290789635],[-86.8049883736732,36.1154215384306],[-86.8050268381194,36.1154249138825],[-86.8050257511337,36.1154330696346],[-86.8050491153036,36.1154351191317],[-86.8050488489573,36.1154371154481],[-86.8050649098091,36.1154385242066],[-86.8050652318487,36.1154361048168],[-86.8050935490456,36.115438590814]]]},"properties":{"id":"233558","parcel":"117074Q90000CO","address":"3433 C STOKESMONT RD","owner":"O.I.C. 3433 STOKESMONT ROAD COMMONS","point":[-86.80469917466468,36.115423711808695]}},{"type":"Feature","id":"239047","geometry":{"type":"Polygon","coordinates":[[[-86.8050409131552,36.1149895138735],[-86.804921813334,36.1149793464391],[-86.8049213836926,36.1149826570143],[-86.8047907961644,36.1149715089083],[-86.8047955394334,36.1149349221291],[-86.8047854291692,36.1149340594648],[-86.8047929665136,36.1148759250991],[-86.8050527660607,36.114898104165],[-86.8050409131552,36.1149895138735]]]},"properties":{"id":"239047","parcel":"117074R00100CO","address":"3437 A STOKESMONT RD","owner":"MAYFLOWER PLACE, LLC","point":[-86.80491909748785,36.11491608188933]}},{"type":"Feature","id":"239049","geometry":{"type":"Polygon","coordinates":[[[-86.8049073083313,36.1148689657889],[-86.8047911123176,36.1148594566129],[-86.8047986867944,36.1147985208107],[-86.8048090790529,36.1147993707767],[-86.8048138475993,36.1147610055953],[-86.8049433417333,36.1147716021762],[-86.8049426166228,36.1147774329079],[-86.805061943106,36.1147871977365],[-86.8050503255094,36.1148806689145],[-86.8049207822663,36.1148700682688],[-86.8049193611216,36.1148691476289],[-86.8049177753797,36.1148684263696],[-86.8049160641256,36.1148679249596],[-86.8049142763769,36.1148676574923],[-86.8049124588476,36.114867629965],[-86.8049106593164,36.1148678438614],[-86.8049089266001,36.1148682934479],[-86.8049073083313,36.1148689657889]]]},"properties":{"id":"239049","parcel":"117074R00200CO","address":"3437 B STOKESMONT RD","owner":"MAYFLOWER PLACE, LLC","point":[-86.80492574596637,36.1148296183521]}},{"type":"Feature","id":"242955","geometry":{"type":"Polygon","coordinates":[[[-86.8052210998427,36.115040651288],[-86.8045735931397,36.1149878210311],[-86.8046059971753,36.1147106956355],[-86.8052552100219,36.1147679062681],[-86.8052210998427,36.115040651288]],[[-86.8050409131552,36.1149895138735],[-86.8050527660607,36.114898104165],[-86.8047929665136,36.1148759250991],[-86.8047854291692,36.1149340594648],[-86.8047955394334,36.1149349221291],[-86.8047907961644,36.1149715089083],[-86.8049213836926,36.1149826570143],[-86.804921813334,36.1149793464391],[-86.8050409131552,36.1149895138735]],[[-86.8049207822663,36.1148700682688],[-86.8050503255094,36.1148806689145],[-86.805061943106,36.1147871977365],[-86.8049426166228,36.1147774329079],[-86.8049433417333,36.1147716021762],[-86.8048138475993,36.1147610055953],[-86.8048090790529,36.1147993707767],[-86.8047986867944,36.1147985208107],[-86.8047911123176,36.1148594566129],[-86.8049073083313,36.1148689657889],[-86.8049089266001,36.1148682934479],[-86.8049106593164,36.1148678438614],[-86.8049124588476,36.114867629965],[-86.8049142763769,36.1148676574923],[-86.8049160641256,36.1148679249596],[-86.8049177753797,36.1148684263696],[-86.8049193611216,36.1148691476289],[-86.8049207822663,36.1148700682688]]]},"properties":{"id":"242955","parcel":"117074R90000CO","address":"3437 C STOKESMONT RD","owner":"O.I.C. HOMES AT 3437 STOKESMONT","point":[-86.80477283175503,36.114872859780114]}}]}