{"type":"FeatureCollection","features":[{"type":"Feature","id":"13214","geometry":{"type":"Polygon","coordinates":[[[-86.812272013308,36.1902548471574],[-86.8122752946911,36.1901119781062],[-86.8127756190206,36.1901569593063],[-86.8127713674102,36.1903042303788],[-86.812272013308,36.1902548471574]]]},"properties":{"id":"13214","parcel":"08103038700","address":"2401 18TH AVE N","owner":"WASHINGTON, TOMIKA","point":[-86.81252367058998,36.19020590326911]}},{"type":"Feature","id":"14977","geometry":{"type":"Polygon","coordinates":[[[-86.8122774800658,36.190010725149],[-86.8122782830797,36.1899735055912],[-86.8127797127521,36.1900272702777],[-86.8127756190206,36.1901569593063],[-86.8122752946911,36.1901119781062],[-86.8122764425394,36.1900588119412],[-86.8122774800658,36.190010725149]]]},"properties":{"id":"14977","parcel":"08103038800","address":"2307 18TH AVE N","owner":"BONVALLET, ZACHARY","point":[-86.81252686089873,36.190085788368506]}},{"type":"Feature","id":"22865","geometry":{"type":"Polygon","coordinates":[[[-86.8147004571101,36.1901901756588],[-86.8147168148406,36.1900534676452],[-86.8151803955973,36.1900911504496],[-86.8151632330066,36.1902277927642],[-86.8147004571101,36.1901901756588]]]},"properties":{"id":"22865","parcel":"08102020900","address":"2412 24TH AVE N","owner":"BELL, SHEARA S. & BARBARA L.","point":[-86.81494027806443,36.190140663065876]}},{"type":"Feature","id":"88446","geometry":{"type":"Polygon","coordinates":[[[-86.8099474627074,36.1906009391637],[-86.8100709918951,36.1905843265327],[-86.8100830090967,36.1906430462459],[-86.8099594809226,36.1906596579802],[-86.8099474627074,36.1906009391637]]]},"properties":{"id":"88446","parcel":"081030V00200CO","address":"2403 B MIDDLE ST","owner":"HAGUE, RICHARD & LINDSAY","point":[-86.81001523611395,36.19062199272433]}},{"type":"Feature","id":"95107","geometry":{"type":"Polygon","coordinates":[[[-86.810216859163,36.1907741158296],[-86.810188335724,36.1906358557841],[-86.8107587172451,36.1905358951715],[-86.8107764174805,36.1906742349861],[-86.810216859163,36.1907741158296]],[[-86.8106278610449,36.1906871986206],[-86.8106155076388,36.1906408817254],[-86.8104296532854,36.1906734529088],[-86.8104420065881,36.1907197698225],[-86.8106278610449,36.1906871986206]],[[-86.810431118866,36.190656164014],[-86.8106178655064,36.1906234363257],[-86.8106055063363,36.1905770978372],[-86.8104187598089,36.190609826408],[-86.810431118866,36.190656164014]]]},"properties":{"id":"95107","parcel":"081031A90000CO","address":"2404 C 14TH AVE N","owner":"O.I.C. 2404 14TH AVENUE NORTH TOWNHOMES","point":[-86.81030994067764,36.1906481849767]}},{"type":"Feature","id":"95265","geometry":{"type":"Polygon","coordinates":[[[-86.8104187598089,36.190609826408],[-86.8106055063363,36.1905770978372],[-86.8106178655064,36.1906234363257],[-86.810431118866,36.190656164014],[-86.8104187598089,36.190609826408]]]},"properties":{"id":"95265","parcel":"081031A00100CO","address":"2404 A 14TH AVE N","owner":"EGGERS, MARGARET AMANDA","point":[-86.81051831266554,36.19061663140824]}},{"type":"Feature","id":"95488","geometry":{"type":"Polygon","coordinates":[[[-86.8104296532854,36.1906734529088],[-86.8106155076388,36.1906408817254],[-86.8106278610449,36.1906871986206],[-86.8104420065881,36.1907197698225],[-86.8104296532854,36.1906734529088]]]},"properties":{"id":"95488","parcel":"081031A00200CO","address":"2404 B 14TH AVE N","owner":"HUTCHENS, STEPHEN & ROBERTSON, HANNAH","point":[-86.81052875715639,36.19068032580569]}},{"type":"Feature","id":"98592","geometry":{"type":"Polygon","coordinates":[[[-86.8154755535538,36.1901342321841],[-86.8154807417323,36.1900894844456],[-86.815680777756,36.1901047227366],[-86.8156755907918,36.1901494695747],[-86.8154755535538,36.1901342321841]]]},"properties":{"id":"98592","parcel":"081022A00100CO","address":"2223 E 24TH AVE N","owner":"ZIEGENMEYER, LUKE & TARA","point":[-86.8155781658399,36.19011947750465]}},{"type":"Feature","id":"98593","geometry":{"type":"Polygon","coordinates":[[[-86.8158790207446,36.1902439887849],[-86.8153026256622,36.1901999460398],[-86.8153197012891,36.19006330429],[-86.81589721578,36.1901074213989],[-86.8158878462385,36.1901755248755],[-86.8158790207446,36.1902439887849]],[[-86.8156722594458,36.190171503695],[-86.8154709102498,36.1901561652057],[-86.8154660316079,36.1901982530195],[-86.8156673797887,36.1902135906231],[-86.8156722594458,36.190171503695]],[[-86.815680777756,36.1901047227366],[-86.8154807417323,36.1900894844456],[-86.8154755535538,36.1901342321841],[-86.8156755907918,36.1901494695747],[-86.815680777756,36.1901047227366]]]},"properties":{"id":"98593","parcel":"081022A90000CO","address":"2223 G 24TH AVE N","owner":"O.I.C. 2223E-2223F 24TH AVE N TOWNHOMES","point":[-86.81559973458216,36.190152858234015]}},{"type":"Feature","id":"99062","geometry":{"type":"Polygon","coordinates":[[[-86.8154660316079,36.1901982530195],[-86.8154709102498,36.1901561652057],[-86.8156722594458,36.190171503695],[-86.8156673797887,36.1902135906231],[-86.8154660316079,36.1901982530195]]]},"properties":{"id":"99062","parcel":"081022A00200CO","address":"2223 F 24TH AVE N","owner":"RYAN, TIMOTHY J & ROBERT F","point":[-86.81556914534723,36.190184878401425]}},{"type":"Feature","id":"100120","geometry":{"type":"Polygon","coordinates":[[[-86.8154532289005,36.1902714979348],[-86.8154587123055,36.1902242093397],[-86.8155723862772,36.1902328678362],[-86.8155669029486,36.1902801573377],[-86.8154532289005,36.1902714979348]]]},"properties":{"id":"100120","parcel":"081022C00100CO","address":"2225 A 24TH AVE N","owner":"TATE, BRIANNA","point":[-86.81551280762665,36.19025218290043]}},{"type":"Feature","id":"100283","geometry":{"type":"Polygon","coordinates":[[[-86.8148805049332,36.1904641521098],[-86.8148859151845,36.1904204231372],[-86.8150365751583,36.1904326700842],[-86.8150311649799,36.1904763981621],[-86.8148805049332,36.1904641521098]]]},"properties":{"id":"100283","parcel":"081022D00200CO","address":"2420 24TH AVE N","owner":"RICE, MATTHEW D.","point":[-86.81495854003923,36.19044841112247]}},{"type":"Feature","id":"100284","geometry":{"type":"Polygon","coordinates":[[[-86.8151118104427,36.1905015884576],[-86.8146676265774,36.1904645288541],[-86.8146840982115,36.1903268836725],[-86.8151460692449,36.1903644350787],[-86.815128664947,36.1905029941987],[-86.8151118104427,36.1905015884576]],[[-86.8150365751583,36.1904326700842],[-86.8148859151845,36.1904204231372],[-86.8148805049332,36.1904641521098],[-86.8150311649799,36.1904763981621],[-86.8150365751583,36.1904326700842]],[[-86.8150431351905,36.1903725131828],[-86.8148942335181,36.1903604093944],[-86.8148888879941,36.1904036197035],[-86.8150377897467,36.1904157234983],[-86.8150431351905,36.1903725131828]]]},"properties":{"id":"100284","parcel":"081022D90000CO","address":"2420 B 24TH AVE N","owner":"2418 24TH AVE N TOWNHOUSE CORP","point":[-86.81481879179223,36.19040944810143]}},{"type":"Feature","id":"100534","geometry":{"type":"Polygon","coordinates":[[[-86.8148888879941,36.1904036197035],[-86.8148942335181,36.1903604093944],[-86.8150431351905,36.1903725131828],[-86.8150377897467,36.1904157234983],[-86.8148888879941,36.1904036197035]]]},"properties":{"id":"100534","parcel":"081022D00100CO","address":"2418 24TH AVE N","owner":"DARCO-TENNESSEE LLC","point":[-86.81496601160732,36.190388066468046]}},{"type":"Feature","id":"100913","geometry":{"type":"Polygon","coordinates":[[[-86.8158617091518,36.1903806240965],[-86.8152855797634,36.1903363487455],[-86.8153026256622,36.1901999460398],[-86.8158790207446,36.1902439887849],[-86.8158617091518,36.1903806240965]],[[-86.8155649289426,36.1902966575261],[-86.8154520003952,36.1902880552734],[-86.8154467151938,36.1903336427416],[-86.8155596438148,36.1903422459004],[-86.8155649289426,36.1902966575261]],[[-86.8155723862772,36.1902328678362],[-86.8154587123055,36.1902242093397],[-86.8154532289005,36.1902714979348],[-86.8155669029486,36.1902801573377],[-86.8155723862772,36.1902328678362]]]},"properties":{"id":"100913","parcel":"081022C90000CO","address":"2225 C 24TH AVE N","owner":"O.I.C. HOMES AT 2225 24TH AVENUE NORTH","point":[-86.81569064309735,36.190292637048906]}},{"type":"Feature","id":"100996","geometry":{"type":"Polygon","coordinates":[[[-86.8154467151938,36.1903336427416],[-86.8154520003952,36.1902880552734],[-86.8155649289426,36.1902966575261],[-86.8155596438148,36.1903422459004],[-86.8154467151938,36.1903336427416]]]},"properties":{"id":"100996","parcel":"081022C00200CO","address":"2225 B 24TH AVE N","owner":"MCGAUGHY, RIAH KYLEIGH","point":[-86.81550582210511,36.19031515014854]}},{"type":"Feature","id":"102576","geometry":{"type":"Polygon","coordinates":[[[-86.8155970532775,36.1900652045679],[-86.8156054806107,36.189994111671],[-86.8156999315981,36.1900014686958],[-86.8156914961775,36.1900726319531],[-86.8155970532775,36.1900652045679]]]},"properties":{"id":"102576","parcel":"081022F00200CO","address":"2223 D 24TH AVE N","owner":"BANDSTRA, TRISHA","point":[-86.81564849249625,36.190033336643104]}},{"type":"Feature","id":"102798","geometry":{"type":"Polygon","coordinates":[[[-86.8148456806066,36.1905353645213],[-86.8148508707361,36.1904933674669],[-86.8150510236827,36.190509619039],[-86.8150457977183,36.1905519056507],[-86.8148456806066,36.1905353645213]]]},"properties":{"id":"102798","parcel":"081022G00200CO","address":"2422 24TH AVE N","owner":"MITCHELL, ANDREW MURRAY, JR & THOMAS, SARAH ELIZABETH","point":[-86.81494835213692,36.190522491824204]}},{"type":"Feature","id":"102802","geometry":{"type":"Polygon","coordinates":[[[-86.8148327110563,36.1906493648137],[-86.8148377256415,36.190610517968],[-86.8150393096352,36.190627616105],[-86.8150342136876,36.1906670835795],[-86.8148327110563,36.1906493648137]]]},"properties":{"id":"102802","parcel":"081022H00200CO","address":"2426 24TH AVE N","owner":"THOMAS, SARAH E. & MITCHELL, ANDREW JR., MURRAY","point":[-86.81493601017135,36.19063849050368]}},{"type":"Feature","id":"103404","geometry":{"type":"Polygon","coordinates":[[[-86.815482544784,36.190056136249],[-86.815490788611,36.1899850283773],[-86.8155852579396,36.1899922249426],[-86.8155769726351,36.190063399795],[-86.815482544784,36.190056136249]]]},"properties":{"id":"103404","parcel":"081022F00100CO","address":"2223 C 24TH AVE N","owner":"MADARIAGA, RICHARD THOMAS REV LIVING TRUST","point":[-86.81553389377947,36.19002418059524]}},{"type":"Feature","id":"103408","geometry":{"type":"Polygon","coordinates":[[[-86.81589721578,36.1901074213989],[-86.8153197012891,36.19006330429],[-86.8153333609461,36.1899539993619],[-86.8159116878584,36.1899981604807],[-86.81589721578,36.1901074213989]],[[-86.8156999315981,36.1900014686958],[-86.8156054806107,36.189994111671],[-86.8155970532775,36.1900652045679],[-86.8156914961775,36.1900726319531],[-86.8156999315981,36.1900014686958]],[[-86.8155769726351,36.190063399795],[-86.8155852579396,36.1899922249426],[-86.815490788611,36.1899850283773],[-86.815482544784,36.190056136249],[-86.8155769726351,36.190063399795]]]},"properties":{"id":"103408","parcel":"081022F90000CO","address":"2223 I 24TH AVE N","owner":"O.I.C. 2223 B & D 24TH AVE. N. RESIDENC","point":[-86.81580211850338,36.19002912719934]}},{"type":"Feature","id":"106479","geometry":{"type":"Polygon","coordinates":[[[-86.8148408056633,36.1905748160762],[-86.8148456806066,36.1905353645213],[-86.8150457977183,36.1905519056507],[-86.8150409588134,36.1905910676647],[-86.8148408056633,36.1905748160762]]]},"properties":{"id":"106479","parcel":"081022G00100CO","address":"2424 24TH AVE N","owner":"COBB, GRANT T","point":[-86.81494330172939,36.19056336090743]}},{"type":"Feature","id":"106480","geometry":{"type":"Polygon","coordinates":[[[-86.8150978706671,36.1906136440926],[-86.8146543204652,36.1905766360376],[-86.8146676265774,36.1904645288541],[-86.8151118104427,36.1905015884576],[-86.8150978706671,36.1906136440926]],[[-86.8150510236827,36.190509619039],[-86.8148508707361,36.1904933674669],[-86.8148456806066,36.1905353645213],[-86.8148408056633,36.1905748160762],[-86.8150409588134,36.1905910676647],[-86.8150457977183,36.1905519056507],[-86.8150510236827,36.190509619039]]]},"properties":{"id":"106480","parcel":"081022G90000CO","address":"2424 B 24TH AVE N","owner":"O.I.C. TOWNHOMES AT 2422 24TH","point":[-86.81475148404972,36.19054333466905]}},{"type":"Feature","id":"106481","geometry":{"type":"Polygon","coordinates":[[[-86.8148277386055,36.1906878761036],[-86.8148327110563,36.1906493648137],[-86.8150342136876,36.1906670835795],[-86.8150293228028,36.1907049751581],[-86.8148277386055,36.1906878761036]]]},"properties":{"id":"106481","parcel":"081022H00100CO","address":"2428 24TH AVE N","owner":"POWERS, BRANDON JARID TOBIAS & VAN NATHAN, RACHEL","point":[-86.81493097636243,36.190677479886425]}},{"type":"Feature","id":"106482","geometry":{"type":"Polygon","coordinates":[[[-86.8150839308429,36.1907256988212],[-86.8146410132128,36.1906887441247],[-86.8146543204652,36.1905766360376],[-86.8150978706671,36.1906136440926],[-86.8150839308429,36.1907256988212]],[[-86.8150393096352,36.190627616105],[-86.8148377256415,36.190610517968],[-86.8148327110563,36.1906493648137],[-86.8148277386055,36.1906878761036],[-86.8150293228028,36.1907049751581],[-86.8150342136876,36.1906670835795],[-86.8150393096352,36.190627616105]]]},"properties":{"id":"106482","parcel":"081022H90000CO","address":"2428 B 24TH AVE N","owner":"O.I.C. TOWNHOMES AT 2426 24TH","point":[-86.81473813823294,36.190657922105466]}},{"type":"Feature","id":"112260","geometry":{"type":"Polygon","coordinates":[[[-86.8105777371467,36.1911449290324],[-86.8107222198551,36.19112025114],[-86.81074314264,36.1912007441288],[-86.8105986608942,36.191225421137],[-86.8105777371467,36.1911449290324]]]},"properties":{"id":"112260","parcel":"081031J00200CO","address":"2412 A 14TH AVE N","owner":"HASTINGS, DECOSTA","point":[-86.81066044009536,36.19117283660951]}},{"type":"Feature","id":"112526","geometry":{"type":"Polygon","coordinates":[[[-86.8103281087259,36.1913139912823],[-86.8102996073413,36.1911779284174],[-86.8108327709025,36.1910864422232],[-86.8108504513133,36.1912247758319],[-86.8103281087259,36.1913139912823]],[[-86.8105331210144,36.1912638080165],[-86.8105052231121,36.191156482489],[-86.8103749328229,36.1911787350901],[-86.8104028316778,36.1912860615409],[-86.8105331210144,36.1912638080165]],[[-86.8105777371467,36.1911449290324],[-86.8105986608942,36.191225421137],[-86.81074314264,36.1912007441288],[-86.8107222198551,36.19112025114],[-86.8105777371467,36.1911449290324]]]},"properties":{"id":"112526","parcel":"081031J90000CO","address":"2412 C 14TH AVE N","owner":"O.I.C. 2412 14TH AVENUE COTTAGES","point":[-86.81079319407094,36.191190110090396]}},{"type":"Feature","id":"112653","geometry":{"type":"Polygon","coordinates":[[[-86.8103749328229,36.1911787350901],[-86.8105052231121,36.191156482489],[-86.8105331210144,36.1912638080165],[-86.8104028316778,36.1912860615409],[-86.8103749328229,36.1911787350901]]]},"properties":{"id":"112653","parcel":"081031J00100CO","address":"2412 B 14TH AVE N","owner":"HASTINGS, DECOSTA","point":[-86.81045402705189,36.191221271579735]}},{"type":"Feature","id":"114554","geometry":{"type":"Polygon","coordinates":[[[-86.8154303485007,36.1907406458798],[-86.815435548794,36.190698692894],[-86.8156689250677,36.1907177013359],[-86.8156637249058,36.1907596552327],[-86.8154303485007,36.1907406458798]]]},"properties":{"id":"114554","parcel":"081022J00200CO","address":"2231 B 24TH AVE N","owner":"MATTA, POOJITHA","point":[-86.81554963681799,36.19072917366737]}},{"type":"Feature","id":"115254","geometry":{"type":"Polygon","coordinates":[[[-86.8154371317241,36.1906821097309],[-86.8154422221563,36.1906410434302],[-86.81567580747,36.1906600693727],[-86.8156707171575,36.190701135683],[-86.8154371317241,36.1906821097309]]]},"properties":{"id":"115254","parcel":"081022J00100CO","address":"2231 A 24TH AVE N","owner":"TUFF, ERIC DAVID","point":[-86.81555646961338,36.19067108961133]}},{"type":"Feature","id":"115256","geometry":{"type":"Polygon","coordinates":[[[-86.8158137690281,36.1907864337762],[-86.8152352512888,36.1907390793629],[-86.815251624403,36.1906080581742],[-86.8158294569736,36.1906552621166],[-86.8158137690281,36.1907864337762]],[[-86.8156689250677,36.1907177013359],[-86.815435548794,36.190698692894],[-86.8154303485007,36.1907406458798],[-86.8156637249058,36.1907596552327],[-86.8156689250677,36.1907177013359]],[[-86.8154371317241,36.1906821097309],[-86.8156707171575,36.190701135683],[-86.81567580747,36.1906600693727],[-86.8154422221563,36.1906410434302],[-86.8154371317241,36.1906821097309]]]},"properties":{"id":"115256","parcel":"081022J90000CO","address":"2231 C 24TH AVE N","owner":"O.I.C. 2231 24TH AVENUE NORTH RESIDENCES","point":[-86.81539113959354,36.19069033161284]}},{"type":"Feature","id":"125353","geometry":{"type":"Polygon","coordinates":[[[-86.8098256473456,36.1912624935964],[-86.8098000372686,36.1911285697537],[-86.810233286784,36.1910553048582],[-86.8102617655696,36.1911891706098],[-86.8098256473456,36.1912624935964]],[[-86.8101091622535,36.1912003041504],[-86.8100978606023,36.1911561368805],[-86.8099311613438,36.1911841643575],[-86.8099378086526,36.1912101437927],[-86.8099434350007,36.1912091975732],[-86.8099480892554,36.1912273854229],[-86.8101091622535,36.1912003041504]],[[-86.8099266180835,36.1911681351935],[-86.8100938417633,36.1911398563557],[-86.8100822719203,36.1910949022764],[-86.8099194536834,36.1911224359414],[-86.8099240257509,36.1911401980454],[-86.8099196203976,36.1911409432025],[-86.8099266180835,36.1911681351935]]]},"properties":{"id":"125353","parcel":"081031R90000CO","address":"2411 C MIDDLE","owner":"O.I.C. HOMES AR 2411 MIDDLE STREET","point":[-86.8101777637871,36.19116239866296]}},{"type":"Feature","id":"126347","geometry":{"type":"Polygon","coordinates":[[[-86.8105151078071,36.1908894577906],[-86.8106726925117,36.1908616601382],[-86.8106804239941,36.1908904586242],[-86.8106741455548,36.1908915660771],[-86.8106835033385,36.1909264236637],[-86.8105321969554,36.1909531138844],[-86.8105151078071,36.1908894577906]]]},"properties":{"id":"126347","parcel":"081031P00100CO","address":"2408 14TH AVE N","owner":"CRAWFORD, GENORRIS L.","point":[-86.81059955492107,36.190908869474534]}},{"type":"Feature","id":"127215","geometry":{"type":"Polygon","coordinates":[[[-86.8099194536834,36.1911224359414],[-86.8100822719203,36.1910949022764],[-86.8100938417633,36.1911398563557],[-86.8099266180835,36.1911681351935],[-86.8099196203976,36.1911409432025],[-86.8099240257509,36.1911401980454],[-86.8099194536834,36.1911224359414]]]},"properties":{"id":"127215","parcel":"081031R00100CO","address":"2411 A MIDDLE ST","owner":"HILLMAN, ROBERT L.","point":[-86.81000664787501,36.191131146180545]}},{"type":"Feature","id":"127216","geometry":{"type":"Polygon","coordinates":[[[-86.8103102153219,36.1909099129036],[-86.8104443777831,36.1908862464268],[-86.8104730391414,36.1909930071645],[-86.8103388764991,36.1910166727713],[-86.8103102153219,36.1909099129036]]]},"properties":{"id":"127216","parcel":"081031P00200CO","address":"2408 B 14TH AVE N","owner":"TN2408B, LLC","point":[-86.81039162723413,36.190951460061825]}},{"type":"Feature","id":"127218","geometry":{"type":"Polygon","coordinates":[[[-86.8099480892554,36.1912273854229],[-86.8099434350007,36.1912091975732],[-86.8099378086526,36.1912101437927],[-86.8099311613438,36.1911841643575],[-86.8100978606023,36.1911561368805],[-86.8101091622535,36.1912003041504],[-86.8099480892554,36.1912273854229]]]},"properties":{"id":"127218","parcel":"081031R00200CO","address":"2411 B MIDDLE ST","owner":"COOKUS, RANDI","point":[-86.81002016173913,36.19119223428694]}},{"type":"Feature","id":"127221","geometry":{"type":"Polygon","coordinates":[[[-86.8102711284958,36.1910440626743],[-86.810242604856,36.1909058017507],[-86.8107974316284,36.1908119739259],[-86.8108150894507,36.1909481095154],[-86.8102711284958,36.1910440626743]],[[-86.8104730391414,36.1909930071645],[-86.8104443777831,36.1908862464268],[-86.8103102153219,36.1909099129036],[-86.8103388764991,36.1910166727713],[-86.8104730391414,36.1909930071645]],[[-86.8105151078071,36.1908894577906],[-86.8105321969554,36.1909531138844],[-86.8106835033385,36.1909264236637],[-86.8106741455548,36.1908915660771],[-86.8106804239941,36.1908904586242],[-86.8106726925117,36.1908616601382],[-86.8105151078071,36.1908894577906]]]},"properties":{"id":"127221","parcel":"081031P90000CO","address":"2408 C 14TH AVE N","owner":"O.I.C. 2408 14TH AVENUE NORTH RESIDENCES","point":[-86.81071843104691,36.19093721780632]}},{"type":"Feature","id":"153458","geometry":{"type":"Polygon","coordinates":[[[-86.8148096681651,36.1909945941685],[-86.8148169892349,36.1909483233591],[-86.8149752339875,36.1909647740726],[-86.8149679130085,36.1910110448914],[-86.8148096681651,36.1909945941685]]]},"properties":{"id":"153458","parcel":"081022U00100CO","address":"2436 24TH AVE N","owner":"OAR OZ FUND, LLC","point":[-86.81489245109177,36.19097968414923]}},{"type":"Feature","id":"155085","geometry":{"type":"Polygon","coordinates":[[[-86.8148196975899,36.1909312080742],[-86.8148269026923,36.1908856635646],[-86.8149854233482,36.190902142144],[-86.8149782172235,36.1909476866702],[-86.8148196975899,36.1909312080742]]]},"properties":{"id":"155085","parcel":"081022U00200CO","address":"2434 24TH AVE N","owner":"OAR OZ FUND, LLC","point":[-86.81490256030544,36.19091667513757]}},{"type":"Feature","id":"155087","geometry":{"type":"Polygon","coordinates":[[[-86.8150423556651,36.1910305802037],[-86.81460629832,36.1909852486624],[-86.8146135970523,36.1909237980023],[-86.8146281914992,36.1908009309457],[-86.8150620835715,36.1908364640421],[-86.8150500592485,36.1909547822409],[-86.8150423556651,36.1910305802037]],[[-86.8149752339875,36.1909647740726],[-86.8148169892349,36.1909483233591],[-86.8148096681651,36.1909945941685],[-86.8149679130085,36.1910110448914],[-86.8149752339875,36.1909647740726]],[[-86.8148196975899,36.1909312080742],[-86.8149782172235,36.1909476866702],[-86.8149854233482,36.190902142144],[-86.8148269026923,36.1908856635646],[-86.8148196975899,36.1909312080742]]]},"properties":{"id":"155087","parcel":"081022U90000CO","address":"2434 B 24TH AVE N","owner":"O.I.C. 2436 24T AVENUE NORTH TOWNHOMES","point":[-86.81471874715143,36.19091284523866]}},{"type":"Feature","id":"158565","geometry":{"type":"Polygon","coordinates":[[[-86.8110500396744,36.1905910579808],[-86.811285781065,36.1905734820469],[-86.8112911908381,36.1906211622852],[-86.8110554493071,36.1906387382293],[-86.8110500396744,36.1905910579808]]]},"properties":{"id":"158565","parcel":"081031V00100CO","address":"2405 A 14TH AVE N","owner":"WENGERSKY REVOCABLE LIVING TRUST","point":[-86.81117061523312,36.19060611019368]}},{"type":"Feature","id":"158566","geometry":{"type":"Polygon","coordinates":[[[-86.8110570149029,36.1906551703957],[-86.811278859522,36.1906389045401],[-86.811283815488,36.1906833063203],[-86.8110619696339,36.1906995721923],[-86.8110570149029,36.1906551703957]]]},"properties":{"id":"158566","parcel":"081031V00200CO","address":"2405 B 14TH AVE N","owner":"WENGERSKY REVOCABLE LIVING TRUST","point":[-86.81117041500102,36.19066923841139]}},{"type":"Feature","id":"159594","geometry":{"type":"Polygon","coordinates":[[[-86.8109564349422,36.1907186047352],[-86.8109388207365,36.1905868634331],[-86.8114372994765,36.1905505495264],[-86.8114754330038,36.1905678751104],[-86.8114522478416,36.1906867041508],[-86.8109564349422,36.1907186047352]],[[-86.811283815488,36.1906833063203],[-86.811278859522,36.1906389045401],[-86.8110570149029,36.1906551703957],[-86.8110619696339,36.1906995721923],[-86.811283815488,36.1906833063203]],[[-86.8112911908381,36.1906211622852],[-86.811285781065,36.1905734820469],[-86.8110500396744,36.1905910579808],[-86.8110554493071,36.1906387382293],[-86.8112911908381,36.1906211622852]]]},"properties":{"id":"159594","parcel":"081031V90000CO","address":"2405 C 14TH AVE N","owner":"O.I.C.  HOMES AT 2405 14TH AVE N","point":[-86.81131889632992,36.190630086805676]}},{"type":"Feature","id":"160806","geometry":{"type":"Polygon","coordinates":[[[-86.8111578317517,36.1907583431791],[-86.81115393592,36.1907227955125],[-86.8113416105472,36.1907092826557],[-86.8113432046819,36.1907238246733],[-86.8113593124489,36.19072266555],[-86.8113635027861,36.1907609087184],[-86.8113430564403,36.190762381798],[-86.8111406502781,36.1907761738836],[-86.8111388464017,36.1907597099729],[-86.8111578317517,36.1907583431791]]]},"properties":{"id":"160806","parcel":"081031W00200CO","address":"2407 A 14TH AVE N","owner":"VISBEEN, ADAM JAMES","point":[-86.8112586367978,36.190741096763105]}},{"type":"Feature","id":"161851","geometry":{"type":"Polygon","coordinates":[[[-86.8111471780899,36.1908305556321],[-86.8111440963809,36.1908024262181],[-86.8111243088522,36.1908038506723],[-86.8111214271694,36.1907775584948],[-86.8111406502781,36.1907761738836],[-86.8113430564403,36.190762381798],[-86.8113472209265,36.1908003808972],[-86.8113333707702,36.1908013779413],[-86.8113350862803,36.1908170249955],[-86.8111471780899,36.1908305556321]]]},"properties":{"id":"161851","parcel":"081031W00100CO","address":"2407 B 14TH AVE N","owner":"ZAKOWSKI, JOSEPH ROBERT","point":[-86.81123432409193,36.1907889697493]}},{"type":"Feature","id":"161854","geometry":{"type":"Polygon","coordinates":[[[-86.8109741604086,36.1908613326073],[-86.8109564349422,36.1907186047352],[-86.8114522478416,36.1906867041508],[-86.8114523602307,36.190697691622],[-86.8114265543885,36.1908253283064],[-86.8109741604086,36.1908613326073]],[[-86.8113635027861,36.1907609087184],[-86.8113593124489,36.19072266555],[-86.8113432046819,36.1907238246733],[-86.8113416105472,36.1907092826557],[-86.81115393592,36.1907227955125],[-86.8111578317517,36.1907583431791],[-86.8111388464017,36.1907597099729],[-86.8111406502781,36.1907761738836],[-86.8111214271694,36.1907775584948],[-86.8111243088522,36.1908038506723],[-86.8111440963809,36.1908024262181],[-86.8111471780899,36.1908305556321],[-86.8113350862803,36.1908170249955],[-86.8113333707702,36.1908013779413],[-86.8113472209265,36.1908003808972],[-86.8113430564403,36.190762381798],[-86.8113635027861,36.1907609087184]]]},"properties":{"id":"161854","parcel":"081031W90000CO","address":"2407 C 14TH AVE N","owner":"O.I.C. 2407 14TH AVENUE NORTH","point":[-86.81105127522204,36.19076897721744]}},{"type":"Feature","id":"173010","geometry":{"type":"Polygon","coordinates":[[[-86.8123943340404,36.1906677446195],[-86.812406822584,36.1905725518512],[-86.8124925195498,36.190579939649],[-86.812485205279,36.1906356879744],[-86.812500374302,36.1906369954705],[-86.8124994533265,36.190644016217],[-86.812505322415,36.1906445228861],[-86.8125010681083,36.1906769456984],[-86.8123943340404,36.1906677446195]]]},"properties":{"id":"173010","parcel":"081031Y00100CO","address":"2407 18TH AVE N","owner":"GOULOOZE, NICHOLAS","point":[-86.81244553836078,36.19060774593959]}},{"type":"Feature","id":"173318","geometry":{"type":"Polygon","coordinates":[[[-86.8123817739114,36.190756058507],[-86.8123881064103,36.1907077927927],[-86.812586111859,36.1907248632242],[-86.8125797805725,36.1907731271388],[-86.8123817739114,36.190756058507]]]},"properties":{"id":"173318","parcel":"081031Y00200CO","address":"2409 18TH AVE N","owner":"SHREWSBURY, LOGAN & LAINE","point":[-86.81248394304477,36.190740460909495]}},{"type":"Feature","id":"173933","geometry":{"type":"Polygon","coordinates":[[[-86.8127575012847,36.1908031903635],[-86.8122609231694,36.1907603811503],[-86.8122666482618,36.1905251943866],[-86.8127632924392,36.1905745949797],[-86.812757692791,36.1907957283996],[-86.8127575012847,36.1908031903635]],[[-86.812586111859,36.1907248632242],[-86.8123881064103,36.1907077927927],[-86.8123817739114,36.190756058507],[-86.8125797805725,36.1907731271388],[-86.812586111859,36.1907248632242]],[[-86.8124925195498,36.190579939649],[-86.812406822584,36.1905725518512],[-86.8123943340404,36.1906677446195],[-86.8125010681083,36.1906769456984],[-86.812505322415,36.1906445228861],[-86.8124994533265,36.190644016217],[-86.812500374302,36.1906369954705],[-86.812485205279,36.1906356879744],[-86.8124925195498,36.190579939649]]]},"properties":{"id":"173933","parcel":"081031Y90000CO","address":"2409 B 18TH AVE N","owner":"O.I.C. 18TH AVENUE HOMES","point":[-86.81263250157726,36.19065641983226]}},{"type":"Feature","id":"177521","geometry":{"type":"Polygon","coordinates":[[[-86.8112132115699,36.192070451908],[-86.811210504597,36.1920385274642],[-86.8112505180108,36.1920362983579],[-86.8112494407233,36.1920235887481],[-86.8114328802911,36.1920133686129],[-86.8114350537496,36.1920389976975],[-86.8114570929053,36.192037769859],[-86.8114587038312,36.1920567748213],[-86.8112132115699,36.192070451908]]]},"properties":{"id":"177521","parcel":"070150A00100CO","address":"2421 14TH AVE N","owner":"HOLLAR, TIMOTHY J. & GRETA","point":[-86.81133460927637,36.1920477093642]}},{"type":"Feature","id":"177522","geometry":{"type":"Polygon","coordinates":[[[-86.8112629654312,36.1921327392927],[-86.8112616163223,36.1921168257105],[-86.8112201560489,36.1921191366428],[-86.8112174743301,36.1920875076446],[-86.8114620165297,36.1920738828996],[-86.8114639005799,36.1920961098507],[-86.8114429737611,36.1920972761386],[-86.811445120651,36.1921225899583],[-86.8112629654312,36.1921327392927]]]},"properties":{"id":"177522","parcel":"070150A00200CO","address":"2423 14TH AVE N","owner":"HOUGHTLIN, KATHERINE & DE MINK, DANIEL","point":[-86.81133146427138,36.192107018128695]}},{"type":"Feature","id":"177525","geometry":{"type":"Polygon","coordinates":[[[-86.8111529662873,36.1921743254971],[-86.8111322813735,36.1920074429518],[-86.8115360178822,36.1919849488861],[-86.8115664465233,36.1920440836374],[-86.8116079658166,36.1921273148516],[-86.8111529662873,36.1921743254971]],[[-86.8114639005799,36.1920961098507],[-86.8114620165297,36.1920738828996],[-86.8112174743301,36.1920875076446],[-86.8112201560489,36.1921191366428],[-86.8112616163223,36.1921168257105],[-86.8112629654312,36.1921327392927],[-86.811445120651,36.1921225899583],[-86.8114429737611,36.1920972761386],[-86.8114639005799,36.1920961098507]],[[-86.8114587038312,36.1920567748213],[-86.8114570929053,36.192037769859],[-86.8114350537496,36.1920389976975],[-86.8114328802911,36.1920133686129],[-86.8112494407233,36.1920235887481],[-86.8112505180108,36.1920362983579],[-86.811210504597,36.1920385274642],[-86.8112132115699,36.192070451908],[-86.8114587038312,36.1920567748213]]]},"properties":{"id":"177525","parcel":"070150A90000CO","address":"2423 B 14TH AVE N","owner":"O.I.C. TWENTYFOUR TWENTYONE 14TH AVE N ","point":[-86.81124053378724,36.19208053892977]}},{"type":"Feature","id":"184085","geometry":{"type":"Polygon","coordinates":[[[-86.8115053459316,36.1909975027861],[-86.8115277915596,36.1909560433254],[-86.8117290225614,36.1910276263389],[-86.811723915586,36.1910370581673],[-86.811731473701,36.1910397471979],[-86.8117141351266,36.1910717739667],[-86.8115053459316,36.1909975027861]]]},"properties":{"id":"184085","parcel":"081032F00200CO","address":"2412 B 18TH AVE N","owner":"BELDA, CRISTINA MAILLO & SMITH, ROSS","point":[-86.8116171843595,36.19101256461491]}},{"type":"Feature","id":"184086","geometry":{"type":"Polygon","coordinates":[[[-86.811806413505,36.1911194577354],[-86.8113982616093,36.1909749590466],[-86.8114008608548,36.1909639533525],[-86.8114266667743,36.1908363157771],[-86.81186475058,36.1909916013246],[-86.811806413505,36.1911194577354]],[[-86.8117290225614,36.1910276263389],[-86.8115277915596,36.1909560433254],[-86.8115053459316,36.1909975027861],[-86.8117141351266,36.1910717739667],[-86.811731473701,36.1910397471979],[-86.811723915586,36.1910370581673],[-86.8117290225614,36.1910276263389]],[[-86.8115321620394,36.1909390665568],[-86.8117359116379,36.1910115465126],[-86.8117414474428,36.1910013204895],[-86.8117481675014,36.1910037114274],[-86.8117656249993,36.1909714657472],[-86.8115551554417,36.1908965957936],[-86.8115321620394,36.1909390665568]]]},"properties":{"id":"184086","parcel":"081032F90000CO","address":"2412 C 18TH AVE N","owner":"O.I.C. TWENTYFOURTWELVE EIGHTEENTH AVE","point":[-86.81146698785969,36.19098302141296]}},{"type":"Feature","id":"184607","geometry":{"type":"Polygon","coordinates":[[[-86.8117359116379,36.1910115465126],[-86.8115321620394,36.1909390665568],[-86.8115551554417,36.1908965957936],[-86.8117656249993,36.1909714657472],[-86.8117481675014,36.1910037114274],[-86.8117414474428,36.1910013204895],[-86.8117359116379,36.1910115465126]]]},"properties":{"id":"184607","parcel":"081032F00100CO","address":"2412 A 18TH AVE N","owner":"OAKS, JOHN & CASTRO, JANETTE","point":[-86.8116488933491,36.19095526620862]}},{"type":"Feature","id":"193156","geometry":{"type":"Polygon","coordinates":[[[-86.8104338379946,36.1910933062362],[-86.8106925651624,36.1910496054197],[-86.8107040548585,36.191094299516],[-86.8104453275512,36.1911380003566],[-86.8104338379946,36.1910933062362]]]},"properties":{"id":"193156","parcel":"081032I00200CO","address":"2410 B 14TH AVE N","owner":"COSTALES, JOSEPH A. & THERESA A. REVOCABLE TRUST","point":[-86.81056894642535,36.19109380295235]}},{"type":"Feature","id":"193487","geometry":{"type":"Polygon","coordinates":[[[-86.8102996073413,36.1911779284174],[-86.8102711284958,36.1910440626743],[-86.8108150894507,36.1909481095154],[-86.8108327709025,36.1910864422232],[-86.8102996073413,36.1911779284174]],[[-86.8107040548585,36.191094299516],[-86.8106925651624,36.1910496054197],[-86.8104338379946,36.1910933062362],[-86.8104453275512,36.1911380003566],[-86.8107040548585,36.191094299516]],[[-86.8104271766794,36.1910759835719],[-86.8107026616067,36.1910290113103],[-86.8106910375037,36.1909842198777],[-86.8104155538276,36.1910311912047],[-86.8104271766794,36.1910759835719]]]},"properties":{"id":"193487","parcel":"081032I90000CO","address":"2410 C 14TH AVE N","owner":"O.I.C. TWENTYFOURTEN FOURTEENTH AVENUE ","point":[-86.81034935799545,36.19106246123512]}},{"type":"Feature","id":"195461","geometry":{"type":"Polygon","coordinates":[[[-86.8104155538276,36.1910311912047],[-86.8106910375037,36.1909842198777],[-86.8107026616067,36.1910290113103],[-86.8104271766794,36.1910759835719],[-86.8104155538276,36.1910311912047]]]},"properties":{"id":"195461","parcel":"081032I00100CO","address":"2410 A 14TH AVE N","owner":"CRAWFORD, GENORRIS","point":[-86.81055910777695,36.19103010134368]}},{"type":"Feature","id":"197964","geometry":{"type":"Polygon","coordinates":[[[-86.8105343581636,36.1907738629657],[-86.8105252934739,36.1907707306382],[-86.8105230665591,36.1907613841467],[-86.8105302807038,36.1907548988791],[-86.8105260279038,36.1907370553407],[-86.810611350513,36.1907236944537],[-86.8106231552728,36.1907732253387],[-86.8106535735634,36.1907684615997],[-86.8106613101873,36.190800920091],[-86.8105048926554,36.1908254148687],[-86.8104973884201,36.1907939308781],[-86.8105376386715,36.190787627596],[-86.8105343581636,36.1907738629657]]]},"properties":{"id":"197964","parcel":"081030B00101CO","address":"2406 A 14TH AVE N","owner":"WAGGONER, DEWAYNE & BOBBIE JEAN L.","point":[-86.81059627265616,36.190780840664964]}},{"type":"Feature","id":"198101","geometry":{"type":"Polygon","coordinates":[[[-86.810242604856,36.1909058017507],[-86.810216859163,36.1907741158296],[-86.8107764174805,36.1906742349861],[-86.810779751402,36.1906736402937],[-86.8107974316284,36.1908119739259],[-86.810242604856,36.1909058017507]],[[-86.8103086935585,36.1908455087946],[-86.8104654009038,36.1908209672632],[-86.8104486081274,36.1907505073201],[-86.8102918997951,36.1907750479365],[-86.8103086935585,36.1908455087946]],[[-86.8104973884201,36.1907939308781],[-86.8105048926554,36.1908254148687],[-86.8106613101873,36.190800920091],[-86.8106535735634,36.1907684615997],[-86.8106231552728,36.1907732253387],[-86.810611350513,36.1907236944537],[-86.8105260279038,36.1907370553407],[-86.8105302807038,36.1907548988791],[-86.8105230665591,36.1907613841467],[-86.8105252934739,36.1907707306382],[-86.8105343581636,36.1907738629657],[-86.8105376386715,36.190787627596],[-86.8104973884201,36.1907939308781]]]},"properties":{"id":"198101","parcel":"081030B90001CO","address":"2406 C 14TH AVE N","owner":"O.I.C. HOMES AT 2406 14TH AVENUE NORTH","point":[-86.81072686261251,36.190791110436066]}},{"type":"Feature","id":"198528","geometry":{"type":"Polygon","coordinates":[[[-86.8162703122326,36.1981858668095],[-86.8168608395756,36.1978518411872],[-86.8174198393055,36.1985574618454],[-86.817421979886,36.1985601646643],[-86.817371806586,36.1989538834079],[-86.8173359536672,36.1989781880426],[-86.8173018417972,36.1990040851308],[-86.8172695746576,36.1990314928585],[-86.8172460773192,36.199050347712],[-86.8172199023712,36.1990667223803],[-86.8171914464674,36.1990803699348],[-86.8171208057056,36.1991219681554],[-86.817051322087,36.1991648283842],[-86.8162703122326,36.1981858668095]]]},"properties":{"id":"198528","parcel":"07010001000","address":"631 MAINSTREAM DR","owner":"REEL BROADCASTING CO., INC.","point":[-86.81684559233001,36.19837166649893]}},{"type":"Feature","id":"198529","geometry":{"type":"Polygon","coordinates":[[[-86.8146645800699,36.1980800518391],[-86.8155898236362,36.197628251446],[-86.815988866471,36.1981440767809],[-86.8159125201076,36.1981872612365],[-86.8158032431698,36.1982471071918],[-86.8156917900371,36.1983042567463],[-86.815578262481,36.1983586578346],[-86.8154627645259,36.1984102610802],[-86.8153453991127,36.198459019818],[-86.8152262747616,36.1985048891483],[-86.8151221022465,36.1985434527224],[-86.8150497051167,36.1984701252442],[-86.8146645800699,36.1980800518391]]]},"properties":{"id":"198529","parcel":"07010001600","address":"630 MAINSTREAM DR","owner":"NASHVILLE PUBLIC RADIO","point":[-86.81533004380736,36.19811207126427]}},{"type":"Feature","id":"199188","geometry":{"type":"Polygon","coordinates":[[[-86.8126258810481,36.1996486763666],[-86.8144003979541,36.1989918091736],[-86.8149621883106,36.2000909694899],[-86.8148983989244,36.2001172248046],[-86.8148012902918,36.2001586622916],[-86.8147029889646,36.2001982060814],[-86.8146478899469,36.2002163777789],[-86.8145919964658,36.2002328784613],[-86.8145353861266,36.2002476850722],[-86.8144986289856,36.2002509964157],[-86.8144623165725,36.2002566840828],[-86.8144266842383,36.2002647104361],[-86.8143919583007,36.2002750243802],[-86.8143151686861,36.2002947049267],[-86.8142394801969,36.2003170141934],[-86.8141650302779,36.2003419097973],[-86.8140919530294,36.2003693484773],[-86.8140385162558,36.2003849274696],[-86.8139862247007,36.200402879855],[-86.8139352401442,36.2004231504685],[-86.8138827235043,36.2004404121559],[-86.8138313597541,36.2004598200683],[-86.8137812829326,36.2004813246358],[-86.8137159229431,36.2005083604832],[-86.8136517038931,36.2005371388593],[-86.8136279178657,36.2005506333237],[-86.8136024840933,36.2005619821635],[-86.8135756959215,36.2005710554219],[-86.8135478602983,36.200577748286],[-86.8135193011375,36.2005819837678],[-86.8134392825367,36.2006049895369],[-86.813359808981,36.2006292091874],[-86.8133342718,36.2006270090793],[-86.813308599408,36.2006275641362],[-86.8132832431841,36.2006308659102],[-86.8132586484393,36.2006368564249],[-86.8132352466618,36.2006454309324],[-86.8131896026554,36.2006596276983],[-86.8131433326583,36.200672421791],[-86.8126258810481,36.1996486763666]]]},"properties":{"id":"199188","parcel":"07010001700","address":"601 MAINSTREAM DR","owner":"AREA 51 PROPCO, LLC","point":[-86.81379341227195,36.19986982765997]}},{"type":"Feature","id":"199607","geometry":{"type":"Polygon","coordinates":[[[-86.8144003979541,36.1989918091736],[-86.8153107568961,36.1986548108228],[-86.8154354182069,36.1986068094825],[-86.8155582368998,36.1985557850018],[-86.8156791033511,36.1985017831897],[-86.8157979057516,36.1984448534755],[-86.8159145378802,36.198385047955],[-86.8160288935357,36.1983224205265],[-86.8162703122326,36.1981858668095],[-86.817051322087,36.1991648283842],[-86.8170116070832,36.1991871879899],[-86.8169703962675,36.1992076938899],[-86.8169278212516,36.1992262766961],[-86.8168840171039,36.1992428787139],[-86.8167490206722,36.1992987329591],[-86.8166676883882,36.1993390855811],[-86.816584425902,36.1993767636331],[-86.8165238792445,36.1994056331837],[-86.8164645196778,36.1994360790977],[-86.8164064102623,36.1994680703076],[-86.8163469295841,36.1995059893569],[-86.8162851502913,36.1995414129956],[-86.8162407205189,36.1995587337079],[-86.8161946658013,36.1995729965854],[-86.8161473053496,36.1995841003301],[-86.8160900699683,36.1996178456444],[-86.8160341332829,36.19965299173],[-86.8159966476378,36.1996789545012],[-86.8159565330042,36.1997021906791],[-86.8159140878453,36.1997225279055],[-86.8158696308248,36.1997398117114],[-86.8157354434923,36.1997758802127],[-86.8156614176238,36.1997969345029],[-86.8155887913151,36.1998209795997],[-86.8155177485143,36.1998479538783],[-86.8154484697696,36.1998777894287],[-86.8153811288756,36.1999104102754],[-86.8153158973481,36.1999457350509],[-86.8152338525076,36.199976506567],[-86.8151511191639,36.2000061840348],[-86.8150559527054,36.2000475509374],[-86.8149621883106,36.2000909694899],[-86.8144003979541,36.1989918091736]]]},"properties":{"id":"199607","parcel":"07010001400","address":"621 MAINSTREAM DR","owner":"MAINSTREAM OFFICE PARTNERS, LLC","point":[-86.81571372714357,36.19907830743689]}},{"type":"Feature","id":"199609","geometry":{"type":"Polygon","coordinates":[[[-86.8126323096403,36.1980871429858],[-86.8137716058184,36.1978426800085],[-86.8146645800699,36.1980800518391],[-86.8150497051167,36.1984701252442],[-86.8151221022465,36.1985434527224],[-86.8124922786852,36.199516937442],[-86.812149824772,36.1988948389318],[-86.8121528232065,36.1988893562071],[-86.8125860494814,36.1980970689968],[-86.8126323096403,36.1980871429858]]]},"properties":{"id":"199609","parcel":"07010001500","address":"566 MAINSTREAM DR","owner":"DIALYSIS CLINIC, INC","point":[-86.81344959964517,36.19871612103272]}},{"type":"Feature","id":"200179","geometry":{"type":"Polygon","coordinates":[[[-86.8102918997951,36.1907750479365],[-86.8104486081274,36.1907505073201],[-86.8104654009038,36.1908209672632],[-86.8103086935585,36.1908455087946],[-86.8102918997951,36.1907750479365]]]},"properties":{"id":"200179","parcel":"081030B00201CO","address":"2406 B 14TH AVE N","owner":"BARS HOLDINGS, LLC","point":[-86.81037865047138,36.19079800763148]}},{"type":"Feature","id":"200349","geometry":{"type":"Polygon","coordinates":[[[-86.8099318422108,36.1918023302301],[-86.8100752787007,36.1917771941902],[-86.8100754183014,36.1917779079566],[-86.8101006590318,36.1919064103876],[-86.8101267468034,36.192038368884],[-86.8099805768703,36.1920613260346],[-86.8099548312373,36.1919296400995],[-86.8099318422108,36.1918023302301]]]},"properties":{"id":"200349","parcel":"07015000800","address":"1200 JENNINGS ST","owner":"ALEXANDER, DELIA  & SOUTHWELL, BRENDA","point":[-86.81002784561309,36.191918025425245]}},{"type":"Feature","id":"200373","geometry":{"type":"Polygon","coordinates":[[[-86.8117679673548,36.1915021068273],[-86.8117786880372,36.1914899478785],[-86.8118030010541,36.1914669066884],[-86.8118248295608,36.1914422860588],[-86.8118440185675,36.1914162600759],[-86.8118604321051,36.1913890144148],[-86.8118739509837,36.1913607445514],[-86.8118845704239,36.1913386966906],[-86.8121919000929,36.1914333263719],[-86.8120868442173,36.1914999623997],[-86.8118549418535,36.191622392479],[-86.8117809558193,36.1915459723942],[-86.8117749601272,36.1915380977972],[-86.811770575344,36.191529553544],[-86.8117679115352,36.1915205560995],[-86.8117670343682,36.1915113294374],[-86.8117679673548,36.1915021068273]]]},"properties":{"id":"200373","parcel":"07015002100","address":"2417 18TH AVE N CT","owner":"JOHNSON, MARY ELIZABETH","point":[-86.81195541255393,36.191478685918426]}},{"type":"Feature","id":"200374","geometry":{"type":"Polygon","coordinates":[[[-86.8115664465233,36.1920440836374],[-86.8117783636814,36.1918228936031],[-86.8117934371094,36.1918307017553],[-86.8118097599754,36.191836633182],[-86.8118269807362,36.1918405604644],[-86.8118447238135,36.1918423978037],[-86.8118626096609,36.1918421062936],[-86.8118787734541,36.1920969249157],[-86.8116079658166,36.1921273148516],[-86.8115664465233,36.1920440836374]]]},"properties":{"id":"200374","parcel":"07015002500","address":"2425 18TH AVE N CT","owner":"AW, EEVON & HUANG, MAGGIE XIAOHONG","point":[-86.81176608355838,36.19194333595138]}},{"type":"Feature","id":"200776","geometry":{"type":"Polygon","coordinates":[[[-86.8179289663455,36.1964526798904],[-86.8179302966711,36.1963860809609],[-86.8179282857559,36.1963194929481],[-86.8179229336394,36.1962530267071],[-86.8179142514705,36.1961867921163],[-86.8179022537237,36.1961208981299],[-86.8178869593305,36.1960554545731],[-86.8178683927534,36.1959905685294],[-86.8178426352479,36.1959022658682],[-86.817820391697,36.1958133373537],[-86.8178016841806,36.1957238765697],[-86.8177865325175,36.1956339735101],[-86.8177749532372,36.1955437226968],[-86.8177669572911,36.1954532168868],[-86.817762554528,36.1953625497455],[-86.8177616152656,36.1953018550335],[-86.8177638000375,36.1952796222604],[-86.8177703961907,36.1952579688637],[-86.8177812294942,36.1952374674248],[-86.81779601306,36.1952186561378],[-86.8178143584061,36.1952020333285],[-86.8178357807924,36.1951880357868],[-86.8178597158434,36.1951770332475],[-86.8178855327592,36.1951693156832],[-86.8179125498166,36.1951650868903],[-86.8179314360738,36.195164262272],[-86.8179940090074,36.1951641502023],[-86.8181102942751,36.195162763889],[-86.8181674452781,36.1951575620738],[-86.8182240746865,36.1951494400635],[-86.8182799571076,36.1951384300294],[-86.8183348683723,36.1951245749499],[-86.8183885877873,36.1951079312993],[-86.8184409003301,36.195088566329],[-86.818543178501,36.1950438416959],[-86.8186437057907,36.194996579168],[-86.818742384807,36.1949468235723],[-86.8188007722392,36.1949124463397],[-86.8188571236071,36.1948759045299],[-86.818911315193,36.1948372773947],[-86.8189632322121,36.1947966477307],[-86.8190127610664,36.1947541055364],[-86.8209839438174,36.1964547923083],[-86.8209343226493,36.1964860520862],[-86.8201551494204,36.1970388798276],[-86.8195948895227,36.1973814603878],[-86.8185660617047,36.1965080990917],[-86.8179289663455,36.1964526798904]]]},"properties":{"id":"200776","parcel":"07014000400","address":"665 MAINSTREAM DR","owner":"STATE OF TENNESSEE","point":[-86.81922914264094,36.19609019923442]}},{"type":"Feature","id":"200777","geometry":{"type":"Polygon","coordinates":[[[-86.8110940960666,36.1925153567569],[-86.8110609041164,36.1921859322002],[-86.8111529662873,36.1921743254971],[-86.8116079658166,36.1921273148516],[-86.8118787734541,36.1920969249157],[-86.8122308444265,36.1920593940519],[-86.8122424422256,36.192397754545],[-86.8137857593674,36.1921961658825],[-86.8132882693624,36.1908421955147],[-86.8133840782094,36.1908480950719],[-86.8135531299656,36.1908585039552],[-86.8137221817661,36.1908689126018],[-86.8138912347228,36.1908793210041],[-86.8140250419252,36.1908875595349],[-86.8140479083057,36.1908889672522],[-86.814548808319,36.1909198054102],[-86.8146131174967,36.190923764286],[-86.8146277018736,36.1908008909887],[-86.8146281914992,36.1908009309457],[-86.8146135970523,36.1909237980023],[-86.81460629832,36.1909852486624],[-86.8150423556651,36.1910305802037],[-86.8150524398548,36.1910316287951],[-86.8150573794727,36.1911062634906],[-86.8150656871212,36.1911807015029],[-86.8150769742581,36.1912569489673],[-86.8150921705691,36.1913327491468],[-86.8151112480215,36.1914079697434],[-86.8151341741715,36.1914824820932],[-86.8151567170675,36.1915493407758],[-86.8151823190502,36.1916154722066],[-86.8152109436046,36.1916807847012],[-86.8152425519825,36.1917451856889],[-86.8154716460524,36.1922050521195],[-86.8154781118606,36.1922210861181],[-86.8154821024429,36.1922376415433],[-86.8154835427581,36.1922579102823],[-86.815481282256,36.192278130114],[-86.8154753686394,36.1922978581947],[-86.8154659320234,36.1923166646428],[-86.8154531783205,36.1923341379911],[-86.8154373860163,36.1923498960237],[-86.8154189007129,36.1923635957271],[-86.8153981251504,36.1923749360614],[-86.8153755148894,36.1923836706072],[-86.8130701029861,36.1931541841916],[-86.8129439137102,36.1931953880483],[-86.8128163937204,36.1932338041057],[-86.8126876361523,36.1932694055962],[-86.8125577352636,36.1933021666463],[-86.8124267864241,36.1933320613753],[-86.8122948861716,36.1933590693027],[-86.812162132165,36.1933831708419],[-86.8120286209522,36.1934043464144],[-86.8118996172598,36.1934219360388],[-86.8117700918943,36.1934367954966],[-86.8116401326005,36.1934489142826],[-86.8115098282539,36.1934582836868],[-86.8113792666366,36.1934648968094],[-86.8112485366888,36.1934687512495],[-86.8099836545535,36.1935074494302],[-86.8099792592469,36.1933263562954],[-86.8111697031624,36.1933139686927],[-86.8111493000819,36.1931083506556],[-86.8111516715693,36.1931083347231],[-86.8110940960666,36.1925153567569]]]},"properties":{"id":"200777","parcel":"07014020600","address":"0 ROSA L PARKS BLVD","owner":"METRO GOV'T  P  RHODES MUNICIPAL","point":[-86.81460913004089,36.192155864327916]}},{"type":"Feature","id":"200778","geometry":{"type":"Polygon","coordinates":[[[-86.8100752787007,36.1917771941902],[-86.8102241361762,36.1917520206988],[-86.810224247641,36.191752592254],[-86.8102495506276,36.1918827038976],[-86.8102756272038,36.1920153933653],[-86.8101267468034,36.192038368884],[-86.8101006590318,36.1919064103876],[-86.8100754183014,36.1917779079566],[-86.8100752787007,36.1917771941902]]]},"properties":{"id":"200778","parcel":"07015000700","address":"1202 JENNINGS ST","owner":"THOMPSON, SAMUEL WESLEY","point":[-86.81017510543131,36.19189455716673]}},{"type":"Feature","id":"200832","geometry":{"type":"Polygon","coordinates":[[[-86.8103490972277,36.1999019985348],[-86.8106921254076,36.1991072333745],[-86.8121528232065,36.1988893562071],[-86.812149824772,36.1988948389318],[-86.8124922786852,36.199516937442],[-86.811882880155,36.1997425065843],[-86.8117841606727,36.1997770280688],[-86.8116837725235,36.1998082296206],[-86.8115818875375,36.1998360587088],[-86.8114786753772,36.1998604682252],[-86.8113743124417,36.1998814173256],[-86.811268975186,36.1998988705735],[-86.8111628412332,36.199912797933],[-86.8110560904951,36.1999231756619],[-86.8109489040603,36.19992998632],[-86.8108414619704,36.1999332187831],[-86.8107339465551,36.1999328682214],[-86.8106265401815,36.1999289334106],[-86.8105194241965,36.1999214221464],[-86.8104127800021,36.1999103476323],[-86.8103490972277,36.1999019985348]]]},"properties":{"id":"200832","parcel":"07011000700","address":"540 MAINSTREAM DR","owner":"501 GREAT CIRCLE PROPCO, LLC","point":[-86.81149228766337,36.19931193147808]}},{"type":"Feature","id":"201398","geometry":{"type":"Polygon","coordinates":[[[-86.8104440564418,36.1980704018679],[-86.8102692483114,36.1973397581552],[-86.8099235330218,36.1959999635346],[-86.8100663650619,36.1949401697502],[-86.8100794221592,36.1948467427253],[-86.810220946486,36.1938288199967],[-86.8102261472912,36.1937914177717],[-86.8112620875841,36.1937597226847],[-86.8114110031715,36.1937551205412],[-86.8115597044217,36.1937471759633],[-86.8117080768538,36.1937358951287],[-86.8118560071272,36.1937212869119],[-86.8120033808079,36.1937033619981],[-86.8121500857317,36.1936821355637],[-86.8122910409199,36.193658514219],[-86.812431166461,36.1936318439057],[-86.8125703602464,36.1936021442404],[-86.8127085246246,36.1935694357113],[-86.8128455597674,36.1935337433279],[-86.8129813669401,36.1934950902904],[-86.8131158497065,36.1934535069939],[-86.8131359094729,36.193447014376],[-86.8132088310979,36.1934227731142],[-86.8155058924355,36.1926519186316],[-86.8155318750653,36.1926451287449],[-86.8155588662526,36.1926418082194],[-86.8155861641948,36.1926420447118],[-86.8156130616691,36.1926458312828],[-86.8156375493287,36.1926526092036],[-86.8156604783803,36.192662330366],[-86.8156813139006,36.1926747676605],[-86.8156995703568,36.1926896314575],[-86.8157148205662,36.1927065758548],[-86.815726711326,36.1927252048803],[-86.8158039363673,36.1928728375641],[-86.8158306787614,36.1929212152248],[-86.8158598112062,36.1929686763649],[-86.8158912873239,36.1930151437872],[-86.8159342381422,36.1930722064363],[-86.8159807202637,36.1931274210434],[-86.8160306132272,36.1931806424138],[-86.8160837877684,36.1932317344248],[-86.8161401068669,36.1932805637099],[-86.8161994224389,36.1933270023849],[-86.816261580914,36.193370929813],[-86.816727442361,36.1936835727156],[-86.8167991927329,36.1937337753806],[-86.8168683344291,36.193786328126],[-86.8169347508934,36.1938411416184],[-86.8169983299692,36.1938981219881],[-86.8170589639372,36.1939571744346],[-86.8171165505707,36.194018197811],[-86.8171709920895,36.1940810909405],[-86.8172221972905,36.1941457435889],[-86.8172700772394,36.1942120500129],[-86.8173153624447,36.1942811967434],[-86.8173570348116,36.1943518207528],[-86.8173950174565,36.194423799092],[-86.8174292456785,36.1944970042227],[-86.8174596592137,36.1945713076751],[-86.8174862033384,36.1946465791391],[-86.8175088333064,36.1947226855329],[-86.8175275088279,36.1947994946455],[-86.8175421962461,36.1948768706155],[-86.8175528696777,36.1949546766273],[-86.8175595110402,36.1950327776145],[-86.8175621088942,36.1951110357618],[-86.8175606573593,36.1951893132155],[-86.8175602382263,36.1951992443849],[-86.8175595082252,36.1952194701014],[-86.8168113207621,36.1948940176923],[-86.8160839989253,36.1959099617761],[-86.8164175754928,36.1962947086773],[-86.8166490908318,36.1965617368893],[-86.8163973033902,36.1969509967269],[-86.8161297751274,36.1973645838476],[-86.8155898236362,36.197628251446],[-86.8146645800699,36.1980800518391],[-86.8137716058184,36.1978426800085],[-86.8126323096403,36.1980871429858],[-86.8125860494814,36.1980970689968],[-86.8121528232065,36.1988893562071],[-86.8106921254076,36.1991072333745],[-86.8104440564418,36.1980704018679]]]},"properties":{"id":"201398","parcel":"07014000200","address":"720 MAINSTREAM DR","owner":"METRO GOV'T  P  RHODES MUNICIPAL","point":[-86.81315766515519,36.19555905490569]}},{"type":"Feature","id":"201402","geometry":{"type":"Polygon","coordinates":[[[-86.8108367957368,36.1925412587375],[-86.8108275398451,36.1924314368909],[-86.8103317382612,36.192465534731],[-86.8102837599713,36.1920153387843],[-86.8104272191533,36.1919923967573],[-86.8104651286629,36.1919877495198],[-86.8104393148918,36.1918494704833],[-86.810413591021,36.1917199826729],[-86.8109169826512,36.1916330914508],[-86.8109346633308,36.1917714250263],[-86.8109523665326,36.1919119557269],[-86.810987774227,36.1921930161955],[-86.8110609041164,36.1921859322002],[-86.8110940960666,36.1925153567569],[-86.8108367957368,36.1925412587375]]]},"properties":{"id":"201402","parcel":"07015000300","address":"2424 14TH AVE N","owner":"SPRINGWATERS 20-6 TCKMAH TRUST","point":[-86.81063449147264,36.19210057626691]}},{"type":"Feature","id":"201404","geometry":{"type":"Polygon","coordinates":[[[-86.8102241361762,36.1917520206988],[-86.8103757052203,36.191726829724],[-86.8104011206511,36.1918585646632],[-86.8104272191533,36.1919923967573],[-86.8102837599713,36.1920153387843],[-86.8102783277496,36.1920153752413],[-86.8102756272038,36.1920153933653],[-86.8102495506276,36.1918827038976],[-86.810224247641,36.191752592254],[-86.8102241361762,36.1917520206988]]]},"properties":{"id":"201404","parcel":"07015000600","address":"1204 JENNINGS ST","owner":"MCDOWELL, MARVIN","point":[-86.8103253389159,36.1918706343096]}},{"type":"Feature","id":"201451","geometry":{"type":"Polygon","coordinates":[[[-86.8103566326524,36.191452251269],[-86.8108681104303,36.1913609113907],[-86.810887440399,36.1914948384359],[-86.8108126841486,36.1915085260077],[-86.8103813390674,36.1915817468305],[-86.8103566326524,36.191452251269]]]},"properties":{"id":"201451","parcel":"07015001500","address":"2416 14TH AVE N","owner":"JACKSON, DONNA FAYE","point":[-86.81062252164752,36.1914735459141]}},{"type":"Feature","id":"201454","geometry":{"type":"Polygon","coordinates":[[[-86.81141242727,36.19182975166],[-86.8113858712681,36.1916189529987],[-86.8114388808149,36.1916145275276],[-86.8114913199074,36.1916068351764],[-86.8115428810168,36.1915959212738],[-86.8115541129177,36.1915929725422],[-86.8115657533133,36.1915913711588],[-86.8115775568219,36.1915911503171],[-86.811589275534,36.1915923134863],[-86.8116005402062,36.1915950677355],[-86.8116111954539,36.1915991139883],[-86.811621014718,36.1916043690488],[-86.8116297922682,36.1916107207408],[-86.8117065090247,36.191689320743],[-86.8117133580335,36.1916967020217],[-86.8117188965545,36.1917047743684],[-86.8117230229405,36.1917133834489],[-86.8114344071476,36.1918581704347],[-86.81141242727,36.19182975166]]]},"properties":{"id":"201454","parcel":"07015002700","address":"2429 18TH AVE N CT","owner":"JACKSON, ROBERT L. JR., ETUX","point":[-86.81150599099409,36.19177147046084]}},{"type":"Feature","id":"201629","geometry":{"type":"Polygon","coordinates":[[[-86.8111170915104,36.1908672175498],[-86.8113234866993,36.1908514159158],[-86.811324963863,36.1908640876925],[-86.8113390622388,36.1908630078676],[-86.8113433965018,36.1909002127117],[-86.8113248430622,36.1909016325103],[-86.8111229039045,36.190917093272],[-86.8111170915104,36.1908672175498]]]},"properties":{"id":"201629","parcel":"081032K00100CO","address":"2409 A 14TH AVE N","owner":"PENDERGRAST, RICHARD","point":[-86.81123024433384,36.19088371518474]}},{"type":"Feature","id":"201631","geometry":{"type":"Polygon","coordinates":[[[-86.8111291031324,36.1909682642164],[-86.8111261426327,36.1909428549084],[-86.8111066803989,36.1909443447688],[-86.8111036760869,36.1909185644332],[-86.8111229039045,36.190917093272],[-86.8113248430622,36.1909016325103],[-86.8113289457871,36.1909368543244],[-86.811314550756,36.1909379559693],[-86.8113164107516,36.190953923804],[-86.8111291031324,36.1909682642164]]]},"properties":{"id":"201631","parcel":"081032K00200CO","address":"2409 B 14TH AVE N","owner":"PENDERGRAST, RICHARD","point":[-86.81121631117193,36.190927709432145]}},{"type":"Feature","id":"201664","geometry":{"type":"Polygon","coordinates":[[[-86.8125349281812,36.1903264058662],[-86.8125392235744,36.1902963693239],[-86.812700192511,36.1903114924336],[-86.8126916008592,36.1903715781535],[-86.8126989060508,36.1903722644119],[-86.8126931820728,36.1904122938936],[-86.8125668970159,36.1904004288468],[-86.8125730826737,36.1903571625237],[-86.8125558024091,36.190355539383],[-86.8125596360402,36.1903287261694],[-86.8125349281812,36.1903264058662]]]},"properties":{"id":"201664","parcel":"081032L00200CO","address":"2403 B 18TH AVE N","owner":"KADEG, LARRY & DIANNA","point":[-86.81262674978834,36.19034224084831]}},{"type":"Feature","id":"203425","geometry":{"type":"Polygon","coordinates":[[[-86.812171562562,36.1910356906817],[-86.8121578194248,36.1907522865259],[-86.8122609231694,36.1907603811503],[-86.8127575012847,36.1908031903635],[-86.8127999675437,36.190805810158],[-86.8129013753893,36.1908125574465],[-86.8130464866067,36.190823511267],[-86.8132151319908,36.1908369137582],[-86.8132882693624,36.1908421955147],[-86.8137857593674,36.1921961658825],[-86.8122424422256,36.192397754545],[-86.8122308444265,36.1920593940519],[-86.8122165575779,36.1917232498025],[-86.8121919000929,36.1914333263719],[-86.812171562562,36.1910356906817]]]},"properties":{"id":"203425","parcel":"07015003800","address":"0 18TH AVE N","owner":"METRO GOV'T  M  POTTERS FIELD","point":[-86.81288186859834,36.191579349273916]}},{"type":"Feature","id":"203961","geometry":{"type":"Polygon","coordinates":[[[-86.8098657690607,36.1915379565838],[-86.8100092163107,36.1915139191873],[-86.8100119268455,36.1915139010022],[-86.8103160577821,36.191461314537],[-86.8103298346041,36.1915248567891],[-86.8103420980614,36.191588602968],[-86.8098928136108,36.1916641406272],[-86.8098657690607,36.1915379565838]]]},"properties":{"id":"203961","parcel":"07015001600","address":"2417 MIDDLE ST","owner":"COUNTS, BIRTY L. ET UX","point":[-86.8101042074678,36.19156328044728]}},{"type":"Feature","id":"203963","geometry":{"type":"Polygon","coordinates":[[[-86.8119408914491,36.1918086152017],[-86.811953488943,36.1917953666051],[-86.8119631889741,36.1917806035402],[-86.8119697200072,36.1917647370079],[-86.8119728997833,36.1917482098545],[-86.8119726396371,36.1917314841243],[-86.8122165575779,36.1917232498025],[-86.8122308444265,36.1920593940519],[-86.8119408914491,36.1918086152017]]]},"properties":{"id":"203963","parcel":"07015002300","address":"2421 18TH AVE N CT","owner":"WATKINS, WILLIAM H.,JR.& CLARA E.","point":[-86.81215569605959,36.19193411431324]}},{"type":"Feature","id":"203965","geometry":{"type":"Polygon","coordinates":[[[-86.8115360178822,36.1919849488861],[-86.8114344071476,36.1918581704347],[-86.8117230229405,36.1917133834489],[-86.8117270390519,36.1917263193429],[-86.8117289924758,36.1917395638186],[-86.8117288498769,36.1917529016976],[-86.8117331812424,36.1917690466792],[-86.8117405027745,36.191784465866],[-86.8117506417755,36.1917987981103],[-86.811763361331,36.1918117088323],[-86.8117783636814,36.1918228936031],[-86.8115664465233,36.1920440836374],[-86.8115360178822,36.1919849488861]]]},"properties":{"id":"203965","parcel":"07015002600","address":"2427 18TH AVE N CT","owner":"GERICK, BRADLEY","point":[-86.81158437377415,36.19192171579388]}},{"type":"Feature","id":"203966","geometry":{"type":"Polygon","coordinates":[[[-86.8110911589616,36.1916978507989],[-86.8110910931419,36.1916881509257],[-86.8110928741166,36.1916785585139],[-86.8110964597722,36.1916693045703],[-86.8111017634135,36.1916606095857],[-86.8111086593037,36.1916526816956],[-86.8111172312785,36.1916458907565],[-86.8111269925128,36.1916402535576],[-86.8111377108861,36.191635904144],[-86.8111491284027,36.1916329469931],[-86.8111609711517,36.1916314524411],[-86.8113533617329,36.1916213696582],[-86.8113858712681,36.1916189529987],[-86.81141242727,36.19182975166],[-86.8111116639602,36.1918471535971],[-86.8110911589616,36.1916978507989]]]},"properties":{"id":"203966","parcel":"07015002800","address":"2417 14TH AVE N","owner":"GULOMKODIROV, BILOLIDDIN","point":[-86.81125216642874,36.191763801926044]}},{"type":"Feature","id":"203967","geometry":{"type":"Polygon","coordinates":[[[-86.8111116639602,36.1918471535971],[-86.81141242727,36.19182975166],[-86.8114344071476,36.1918581704347],[-86.8115360178822,36.1919849488861],[-86.8111322813735,36.1920074429518],[-86.8111116639602,36.1918471535971]]]},"properties":{"id":"203967","parcel":"07015002900","address":"2419 14TH AVE N","owner":"BAILEY, ANNISE F.","point":[-86.81130318658867,36.191921272870665]}},{"type":"Feature","id":"203978","geometry":{"type":"Polygon","coordinates":[[[-86.8097084286636,36.1935158684367],[-86.8097016969618,36.1933262947447],[-86.8091195219354,36.1933321209066],[-86.8090994599305,36.1931265002741],[-86.8089953486211,36.1922138329231],[-86.8089952509464,36.1922129773761],[-86.8090710467643,36.1922014812559],[-86.8092361720358,36.1921761999777],[-86.8092605479759,36.1921738393099],[-86.809378973266,36.1921551896141],[-86.8093922619068,36.1921531844404],[-86.8093998665229,36.1921520375217],[-86.8095447782311,36.1921301782415],[-86.8096936589724,36.192107203441],[-86.8098452288635,36.1920820131347],[-86.8099805768703,36.1920613260346],[-86.8101267468034,36.192038368884],[-86.8102756272038,36.1920153933653],[-86.8102783277496,36.1920153752413],[-86.8102837599713,36.1920153387843],[-86.8103317382612,36.192465534731],[-86.8108275398451,36.1924314368909],[-86.8108367957368,36.1925412587375],[-86.8110940960666,36.1925153567569],[-86.8111516715693,36.1931083347231],[-86.8111493000819,36.1931083506556],[-86.8111697031624,36.1933139686927],[-86.8099792592469,36.1933263562954],[-86.8099836545535,36.1935074494302],[-86.8097084286636,36.1935158684367]]]},"properties":{"id":"203978","parcel":"07015004100","address":"2333 ROSA L PARKS BLVD","owner":"GRANSTAFF, L.P., THE","point":[-86.81009442748176,36.19282337269891]}},{"type":"Feature","id":"204364","geometry":{"type":"Polygon","coordinates":[[[-86.8109917938602,36.1909952710503],[-86.8109741604086,36.1908613326073],[-86.8114265543885,36.1908253283064],[-86.8114266667743,36.1908363157771],[-86.8114008608548,36.1909639533525],[-86.8109917938602,36.1909952710503]],[[-86.8113433965018,36.1909002127117],[-86.8113390622388,36.1908630078676],[-86.811324963863,36.1908640876925],[-86.8113234866993,36.1908514159158],[-86.8111170915104,36.1908672175498],[-86.8111229039045,36.190917093272],[-86.8111036760869,36.1909185644332],[-86.8111066803989,36.1909443447688],[-86.8111261426327,36.1909428549084],[-86.8111291031324,36.1909682642164],[-86.8113164107516,36.190953923804],[-86.811314550756,36.1909379559693],[-86.8113289457871,36.1909368543244],[-86.8113248430622,36.1909016325103],[-86.8113433965018,36.1909002127117]]]},"properties":{"id":"204364","parcel":"081032K90000CO","address":"2409 C 14TH AVE N","owner":"O.I.C. 2409 14TH AVENUE NORTH","point":[-86.81105120874047,36.19090909051528]}},{"type":"Feature","id":"204932","geometry":{"type":"Polygon","coordinates":[[[-86.812395973762,36.1903714281619],[-86.8124144088614,36.1902814912065],[-86.8124955899385,36.190292425225],[-86.8124835879792,36.1903509791968],[-86.8125073909782,36.1903541852352],[-86.8125009579369,36.1903855682321],[-86.812395973762,36.1903714281619]]]},"properties":{"id":"204932","parcel":"081032L00100CO","address":"2403 A 18TH AVE N","owner":"KADEG, LARRY & DIANNA","point":[-86.81244789111918,36.190321636887305]}},{"type":"Feature","id":"204935","geometry":{"type":"Polygon","coordinates":[[[-86.8127672736508,36.1904339193971],[-86.8122679187348,36.1903845361606],[-86.812272013308,36.1902548471574],[-86.8127713674102,36.1903042303788],[-86.8127704362823,36.1903336981147],[-86.8127672736508,36.1904339193971]],[[-86.812700192511,36.1903114924336],[-86.8125392235744,36.1902963693239],[-86.8125349281812,36.1903264058662],[-86.8125596360402,36.1903287261694],[-86.8125558024091,36.190355539383],[-86.8125730826737,36.1903571625237],[-86.8125668970159,36.1904004288468],[-86.8126931820728,36.1904122938936],[-86.8126989060508,36.1903722644119],[-86.8126916008592,36.1903715781535],[-86.812700192511,36.1903114924336]],[[-86.8124835879792,36.1903509791968],[-86.8124955899385,36.190292425225],[-86.8124144088614,36.1902814912065],[-86.812395973762,36.1903714281619],[-86.8125009579369,36.1903855682321],[-86.8125073909782,36.1903541852352],[-86.8124835879792,36.1903509791968]]]},"properties":{"id":"204935","parcel":"081032L90000CO","address":"2403 C 18TH AVE N","owner":"O.I.C. HOMES AT 2403 18TH AVE NORTH","point":[-86.81233563869677,36.190341882306654]}},{"type":"Feature","id":"205054","geometry":{"type":"Polygon","coordinates":[[[-86.8118549418535,36.191622392479],[-86.8120868442173,36.1914999623997],[-86.8121919000929,36.1914333263719],[-86.8122165575779,36.1917232498025],[-86.8119726396371,36.1917314841243],[-86.8119688876027,36.191716434798],[-86.8119623446741,36.1917020261139],[-86.8119531644124,36.1916885959144],[-86.8119415624169,36.1916764599944],[-86.8119278095532,36.1916659022327],[-86.8119122296828,36.191657170101],[-86.8119015268434,36.1916549943198],[-86.8118913556005,36.1916515270551],[-86.8118819513811,36.191646848739],[-86.8118735332027,36.1916410660506],[-86.8118662948066,36.1916343146797],[-86.8118604056867,36.1916267512082],[-86.8118549418535,36.191622392479]]]},"properties":{"id":"205054","parcel":"07015002200","address":"2419 18TH AVE N CT","owner":"ROCA, VICTORIA M.","point":[-86.81208684883708,36.19156135958086]}},{"type":"Feature","id":"205057","geometry":{"type":"Polygon","coordinates":[[[-86.8118626096609,36.1918421062936],[-86.8118843123838,36.1918374531279],[-86.8119049022103,36.1918302009837],[-86.8119239071671,36.191820514362],[-86.8119408914491,36.1918086152017],[-86.8122308444265,36.1920593940519],[-86.8118787734541,36.1920969249157],[-86.8118626096609,36.1918421062936]]]},"properties":{"id":"205057","parcel":"07015002400","address":"2423 18TH AVE N CT","owner":"JOHNSON, ALETHA F.","point":[-86.81198740953768,36.19195065716271]}},{"type":"Feature","id":"228257","geometry":{"type":"Polygon","coordinates":[[[-86.8105231760061,36.190554778271],[-86.8105052065627,36.1904579498005],[-86.8106064461936,36.1904419882569],[-86.810614115481,36.1904833129525],[-86.8106286125967,36.1904815455712],[-86.8106316071164,36.1904976797441],[-86.8106187135087,36.1904992516001],[-86.8106266758101,36.1905421569488],[-86.8105231760061,36.190554778271]]]},"properties":{"id":"228257","parcel":"081032N00100CO","address":"2402 A 14TH AVE N","owner":"FLEMING DEBBIE & JANAE","point":[-86.81056892639134,36.19049837669679]}},{"type":"Feature","id":"228766","geometry":{"type":"Polygon","coordinates":[[[-86.810188335724,36.1906358557841],[-86.8101598348134,36.1904997919595],[-86.8107444124952,36.1903991719496],[-86.8107620701347,36.1905353075623],[-86.8107587172451,36.1905358951715],[-86.810188335724,36.1906358557841]],[[-86.8102576377005,36.1905670928267],[-86.810239019298,36.1905707462304],[-86.8102511405045,36.1906113335761],[-86.8103518889594,36.1905915640939],[-86.810348679318,36.190580814616],[-86.8103922287668,36.1905722685197],[-86.8103774481691,36.1905227774128],[-86.8103266318142,36.1905327494114],[-86.8103129299267,36.1904868669325],[-86.8102381337167,36.1905017837521],[-86.8102576377005,36.1905670928267]],[[-86.8105231760061,36.190554778271],[-86.8106266758101,36.1905421569488],[-86.8106187135087,36.1904992516001],[-86.8106316071164,36.1904976797441],[-86.8106286125967,36.1904815455712],[-86.810614115481,36.1904833129525],[-86.8106064461936,36.1904419882569],[-86.8105052065627,36.1904579498005],[-86.8105231760061,36.190554778271]]]},"properties":{"id":"228766","parcel":"081032N90000CO","address":"2402 C 14TH AVE N","owner":"O.I.C. 2402 14TH AVENUE NORTH","point":[-86.810417937759,36.19051245509679]}},{"type":"Feature","id":"229274","geometry":{"type":"Polygon","coordinates":[[[-86.8102576377005,36.1905670928267],[-86.8102381337167,36.1905017837521],[-86.8103129299267,36.1904868669325],[-86.8103266318142,36.1905327494114],[-86.8103774481691,36.1905227774128],[-86.8103922287668,36.1905722685197],[-86.810348679318,36.190580814616],[-86.8103518889594,36.1905915640939],[-86.8102511405045,36.1906113335761],[-86.810239019298,36.1905707462304],[-86.8102576377005,36.1905670928267]]]},"properties":{"id":"229274","parcel":"081032N00200CO","address":"2402 B 14TH AVE N","owner":"FLEMING DEBBIE & JANAE","point":[-86.8103190448291,36.19054996376776]}},{"type":"Feature","id":"240127","geometry":{"type":"Polygon","coordinates":[[[-86.8146992094378,36.1903133627588],[-86.8147108192389,36.1902204639672],[-86.814853376794,36.1902321700798],[-86.814841767158,36.1903250688849],[-86.8146992094378,36.1903133627588]]]},"properties":{"id":"240127","parcel":"081021C00200CO","address":"2416 B 24TH AVE N","owner":"REAL TREE MGT, LLC","point":[-86.8147762931553,36.190272766444366]}},{"type":"Feature","id":"240842","geometry":{"type":"Polygon","coordinates":[[[-86.814931359033,36.1903186158669],[-86.814943345859,36.1902319233256],[-86.8150806189629,36.1902443957668],[-86.8150686322849,36.1903310883215],[-86.814931359033,36.1903186158669]]]},"properties":{"id":"240842","parcel":"081021C00100CO","address":"2416 A 24TH AVE N","owner":"REAL TREE MGT, LLC","point":[-86.8150059890328,36.19028150584034]}},{"type":"Feature","id":"242890","geometry":{"type":"Polygon","coordinates":[[[-86.8152219882447,36.1908828937376],[-86.8152352512888,36.1907390793629],[-86.8158137690281,36.1907864337762],[-86.8157962147783,36.1909250111208],[-86.8152557786638,36.1908854964455],[-86.8152219882447,36.1908828937376]]]},"properties":{"id":"242890","parcel":"08102001000","address":"2233 24TH AVE N","owner":"OSBORNE, ARNETTA F.","point":[-86.81551704027098,36.190834662831]}},{"type":"Feature","id":"243123","geometry":{"type":"Polygon","coordinates":[[[-86.8103281087259,36.1913139912823],[-86.8108504513133,36.1912247758319],[-86.8108681104303,36.1913609113907],[-86.8103566326524,36.191452251269],[-86.8103281087259,36.1913139912823]]]},"properties":{"id":"243123","parcel":"08103012400","address":"2414 14TH AVE N","owner":"THOMAS, DAVID WALKER ETUX","point":[-86.8105989920751,36.19133745303727]}},{"type":"Feature","id":"243127","geometry":{"type":"Polygon","coordinates":[[[-86.8098174760922,36.1912914456658],[-86.8098124844073,36.1912647070697],[-86.8098256473456,36.1912624935964],[-86.8102617655696,36.1911891706098],[-86.8102902893356,36.1913274306168],[-86.8098382968863,36.1914029853613],[-86.8098174760922,36.1912914456658]]]},"properties":{"id":"243127","parcel":"08103013800","address":"2413 MIDDLE ST","owner":"BAILEY, ALFORD L.","point":[-86.81005370961451,36.19130943810001]}},{"type":"Feature","id":"243201","geometry":{"type":"Polygon","coordinates":[[[-86.8114265543885,36.1908253283064],[-86.8114523602307,36.190697691622],[-86.8119231549472,36.1908703380841],[-86.81186475058,36.1909916013246],[-86.8114266667743,36.1908363157771],[-86.8114265543885,36.1908253283064]]]},"properties":{"id":"243201","parcel":"08103031000","address":"2410 18TH AVE N","owner":"NEAL, VALERIE D","point":[-86.81167570067494,36.19085332843052]}},{"type":"Feature","id":"243202","geometry":{"type":"Polygon","coordinates":[[[-86.8109184073654,36.1904463517858],[-86.811173101606,36.190431454406],[-86.8113692111678,36.1905202406316],[-86.8114372994765,36.1905505495264],[-86.8109388207365,36.1905868634331],[-86.8109184073654,36.1904463517858]]]},"properties":{"id":"243202","parcel":"08103032100","address":"2403 14TH AVE N","owner":"WALKER, DEAUNDREA LEE","point":[-86.81110591804047,36.190483236634996]}},{"type":"Feature","id":"243205","geometry":{"type":"Polygon","coordinates":[[[-86.8109917938602,36.1909952710503],[-86.8114008608548,36.1909639533525],[-86.8113982616093,36.1909749590466],[-86.8113725005431,36.191106990878],[-86.811009432921,36.1911292085473],[-86.8109917938602,36.1909952710503]]]},"properties":{"id":"243205","parcel":"08103032500","address":"2411 14TH AVE N","owner":"FULGHUM, MARY F.(LE) & MELVIN H. III","point":[-86.81119122498828,36.19105114543416]}},{"type":"Feature","id":"243355","geometry":{"type":"Polygon","coordinates":[[[-86.8118845704239,36.1913386966906],[-86.8120464077036,36.190992577827],[-86.812171562562,36.1910356906817],[-86.8121919000929,36.1914333263719],[-86.8118845704239,36.1913386966906]]]},"properties":{"id":"243355","parcel":"08103030300","address":"2415 18TH AVE N","owner":"SANDERS, EBONNE O. & RANDALL","point":[-86.8120673933583,36.19118725552283]}},{"type":"Feature","id":"243357","geometry":{"type":"Polygon","coordinates":[[[-86.8122666482618,36.1905251943866],[-86.8122679187348,36.1903845361606],[-86.8127672736508,36.1904339193971],[-86.8127632924392,36.1905745949797],[-86.8122666482618,36.1905251943866]]]},"properties":{"id":"243357","parcel":"08103030400","address":"2405 18TH AVE N","owner":"JOHNSON, TITUS & HOYT& BEVERLY & REBA & ELAINE & ANGELA ETAL","point":[-86.8125165175251,36.19047955645944]}},{"type":"Feature","id":"243359","geometry":{"type":"Polygon","coordinates":[[[-86.8110716593739,36.19151420394],[-86.8110614398437,36.1915090533669],[-86.8110593839143,36.1915068689927],[-86.8110299376188,36.1912785113828],[-86.8113036115364,36.1912634871522],[-86.8113494588877,36.1915049199932],[-86.8113501932653,36.19151040917],[-86.8113359686138,36.1915113294187],[-86.8111208576573,36.1915199164055],[-86.8111082898518,36.1915209624885],[-86.8110956783166,36.1915203415235],[-86.8110833600988,36.1915180683704],[-86.8110716593739,36.19151420394]]]},"properties":{"id":"243359","parcel":"08103030500","address":"2415 14TH AVE N","owner":"MURPHY, LEON CRAWFORD","point":[-86.81118625434539,36.19139171036323]}},{"type":"Feature","id":"243362","geometry":{"type":"Polygon","coordinates":[[[-86.8113036115364,36.1912634871522],[-86.8113512850173,36.1911532836373],[-86.8116009288242,36.1914394977539],[-86.8115695318159,36.1914582739682],[-86.8115358771013,36.1914742732305],[-86.8115004572828,36.1914873912862],[-86.8114635918849,36.191497560194],[-86.811430111177,36.1915043779707],[-86.8113494588877,36.1915049199932],[-86.8113036115364,36.1912634871522]]]},"properties":{"id":"243362","parcel":"08103030600","address":"2418 18TH AVE N","owner":"KLUGE, MICHAEL DAVID","point":[-86.81142227544098,36.19135144529703]}},{"type":"Feature","id":"243363","geometry":{"type":"Polygon","coordinates":[[[-86.8113725005431,36.191106990878],[-86.8113982616093,36.1909749590466],[-86.811806413505,36.1911194577354],[-86.8117426990441,36.1912517448359],[-86.8113671918798,36.1911180147793],[-86.8113725005431,36.191106990878]]]},"properties":{"id":"243363","parcel":"08103030800","address":"2414 18TH AVE N","owner":"CLAYTON, JAMES L","point":[-86.81157923833258,36.1911128326043]}},{"type":"Feature","id":"243366","geometry":{"type":"Polygon","coordinates":[[[-86.8114754330038,36.1905678751104],[-86.8114916083211,36.1905589754486],[-86.8119841796702,36.1907402662451],[-86.8119231549472,36.1908703380841],[-86.8114523602307,36.190697691622],[-86.8114522478416,36.1906867041508],[-86.8114754330038,36.1905678751104]]]},"properties":{"id":"243366","parcel":"08103031100","address":"2408 18TH AVE N","owner":"HARDING, DEBORAH JEAN","point":[-86.8117183741222,36.19071897939269]}},{"type":"Feature","id":"243367","geometry":{"type":"Polygon","coordinates":[[[-86.8115455799439,36.1905344362283],[-86.8116292152593,36.1904943183793],[-86.8120531354824,36.190590362756],[-86.8120429199747,36.1906187284943],[-86.8119841796702,36.1907402662451],[-86.8114916083211,36.1905589754486],[-86.8115455799439,36.1905344362283]]]},"properties":{"id":"243367","parcel":"08103031200","address":"2406 18TH AVE N","owner":"KINZER, EVANS ADOLPHUS & LENA REVOCABLE TRUST, THE","point":[-86.8118307974945,36.190604204350784]}},{"type":"Feature","id":"243370","geometry":{"type":"Polygon","coordinates":[[[-86.811827509301,36.1902666278614],[-86.8121013145472,36.1902647864244],[-86.8120995927462,36.1903614938738],[-86.812094688049,36.1904120734349],[-86.8117423331121,36.1904210357641],[-86.811827509301,36.1902666278614]]]},"properties":{"id":"243370","parcel":"08103031400","address":"2402 18TH AVE N","owner":"2401 18TH AVENUE TRUST","point":[-86.81195095884915,36.190314041164285]}},{"type":"Feature","id":"243371","geometry":{"type":"Polygon","coordinates":[[[-86.8117795567487,36.1900845449836],[-86.8120231355882,36.1900433495094],[-86.8120354090474,36.1900417041649],[-86.8120478471556,36.1900418061667],[-86.812060077389,36.1900436499091],[-86.8120713240863,36.1900477092676],[-86.8120815356003,36.1900532834052],[-86.8120904055547,36.1900602031426],[-86.8120961057331,36.1900668053249],[-86.8121005036743,36.190074032732],[-86.8121034964822,36.1900817175196],[-86.8121050156146,36.190089680797],[-86.8121050258452,36.1900977398442],[-86.8121013145472,36.1902647864244],[-86.811827509301,36.1902666278614],[-86.8117795567487,36.1900845449836]]]},"properties":{"id":"243371","parcel":"08103031500","address":"1702 KELLOW ST","owner":"TALLENT, MARION III","point":[-86.81195403739682,36.19018102895551]}},{"type":"Feature","id":"243374","geometry":{"type":"Polygon","coordinates":[[[-86.81089830219,36.1902698505345],[-86.8109007814573,36.1902620045902],[-86.8109046711553,36.1902545448281],[-86.8109098873633,36.1902476367433],[-86.810916312688,36.1902414343391],[-86.8109239512227,36.1902361205449],[-86.8109324713781,36.1902317787013],[-86.8109416895404,36.1902285019708],[-86.8109514030024,36.1902263647171],[-86.8111110790079,36.1901989201467],[-86.811173101606,36.190431454406],[-86.8109184073654,36.1904463517858],[-86.8108977907532,36.1902860587207],[-86.810897369681,36.1902778230822],[-86.81089830219,36.1902698505345]]]},"properties":{"id":"243374","parcel":"08103032000","address":"1400 KELLOW ST","owner":"JOHNSON REVOCABLE LIVING TRUST","point":[-86.81103043802166,36.190358748736905]}},{"type":"Feature","id":"243418","geometry":{"type":"Polygon","coordinates":[[[-86.8147168148406,36.1900534676452],[-86.814733172524,36.1899167605255],[-86.81519755925,36.1899545090211],[-86.8151803955973,36.1900911504496],[-86.8147168148406,36.1900534676452]]]},"properties":{"id":"243418","parcel":"08102006800","address":"2314 24TH AVE N","owner":"MCLAIN, ELIZABETH","point":[-86.81495703865019,36.1900039883455]}},{"type":"Feature","id":"243420","geometry":{"type":"Polygon","coordinates":[[[-86.8146348600215,36.1907405867809],[-86.8146410132128,36.1906887441247],[-86.8150839308429,36.1907256988212],[-86.8151005183277,36.1907270829363],[-86.8150941467412,36.1907800410561],[-86.8150889118212,36.1908386613623],[-86.8150620835715,36.1908364640421],[-86.8146281914992,36.1908009309457],[-86.8146277018736,36.1908008909887],[-86.8146348600215,36.1907405867809]]]},"properties":{"id":"243420","parcel":"08102007300","address":"2430 24TH AVE N","owner":"W & W VENTURES, GP","point":[-86.81486451899914,36.190760314162894]}},{"type":"Feature","id":"243451","geometry":{"type":"Polygon","coordinates":[[[-86.8135531299656,36.1908585039552],[-86.8135996557113,36.1905164909561],[-86.8137679076269,36.1905327775712],[-86.8137221817661,36.1908689126018],[-86.8135531299656,36.1908585039552]]]},"properties":{"id":"243451","parcel":"08102007500","address":"1812 HUGHES ST","owner":"HERRERA, ALFREDO GUERRERO","point":[-86.81366051891102,36.19069564081407]}},{"type":"Feature","id":"243454","geometry":{"type":"Polygon","coordinates":[[[-86.813248984269,36.1903716003155],[-86.8132855246177,36.1900391449866],[-86.8134537336641,36.1900564525558],[-86.8136219548404,36.1900736345334],[-86.8135855918259,36.1904044899303],[-86.8134172834947,36.1903880925871],[-86.813248984269,36.1903716003155]]]},"properties":{"id":"243454","parcel":"08102007800","address":"0 HUGHES ST","owner":"METRO GOV'T  WW  WATER & SEWER","point":[-86.8134354699247,36.19022261757263]}},{"type":"Feature","id":"243468","geometry":{"type":"Polygon","coordinates":[[[-86.8151460692449,36.1903644350787],[-86.8146840982115,36.1903268836725],[-86.8147004571101,36.1901901756588],[-86.8151632330066,36.1902277927642],[-86.8151460692449,36.1903644350787]],[[-86.814931359033,36.1903186158669],[-86.8150686322849,36.1903310883215],[-86.8150806189629,36.1902443957668],[-86.814943345859,36.1902319233256],[-86.814931359033,36.1903186158669]],[[-86.8146992094378,36.1903133627588],[-86.814841767158,36.1903250688849],[-86.814853376794,36.1902321700798],[-86.8147108192389,36.1902204639672],[-86.8146992094378,36.1903133627588]]]},"properties":{"id":"243468","parcel":"081021C90000CO","address":"2416 C 24TH AVE N","owner":"O.I.C. 2416 24TH AVENUE NORTH","point":[-86.81489219548848,36.190278882942614]}},{"type":"Feature","id":"243951","geometry":{"type":"Polygon","coordinates":[[[-86.8128041679552,36.1903303814895],[-86.8128142552551,36.189991874852],[-86.8129489848587,36.1900056547451],[-86.8129124095943,36.1903384193349],[-86.8128041679552,36.1903303814895]]]},"properties":{"id":"243951","parcel":"08103000700","address":"1801 HUGHES ST","owner":"SUMMERS, GLADYS","point":[-86.81287006953632,36.19016800796995]}},{"type":"Feature","id":"243953","geometry":{"type":"Polygon","coordinates":[[[-86.8130806821659,36.1903551456822],[-86.8131172831164,36.1900221348196],[-86.8132855246177,36.1900391449866],[-86.813248984269,36.1903716003155],[-86.8130806821659,36.1903551456822]]]},"properties":{"id":"243953","parcel":"08103000900","address":"1805 HUGHES ST","owner":"SUMMERS, GLADYS LOUISE","point":[-86.813183103321,36.19019714538047]}},{"type":"Feature","id":"244005","geometry":{"type":"Polygon","coordinates":[[[-86.8111110790079,36.1901989201467],[-86.8112788650114,36.1901692235828],[-86.8113692111678,36.1905202406316],[-86.811173101606,36.190431454406],[-86.8111110790079,36.1901989201467]]]},"properties":{"id":"244005","parcel":"08103031900","address":"1402 KELLOW ST","owner":"KILPATRICK, FREDERICK DOUGLASS NASH","point":[-86.81122929733908,36.19031532483467]}},{"type":"Feature","id":"244064","geometry":{"type":"Polygon","coordinates":[[[-86.8113512850173,36.1911532836373],[-86.8113671918798,36.1911180147793],[-86.8117426990441,36.1912517448359],[-86.8117055331036,36.1913289122871],[-86.8116923073749,36.1913497609461],[-86.8116772340069,36.1913697676255],[-86.8116603953131,36.1913888272246],[-86.811632296061,36.1914154222924],[-86.8116009288242,36.1914394977539],[-86.8113512850173,36.1911532836373]]]},"properties":{"id":"244064","parcel":"08103030700","address":"2416 18TH AVE N","owner":"STEWARD, GWENDOLYN L.","point":[-86.8115972934786,36.191290129024615]}},{"type":"Feature","id":"244065","geometry":{"type":"Polygon","coordinates":[[[-86.811441251276,36.1901417603617],[-86.8116144815984,36.1901142240228],[-86.8116993620972,36.1904608821107],[-86.8116292152593,36.1904943183793],[-86.8115455799439,36.1905344362283],[-86.811441251276,36.1901417603617]]]},"properties":{"id":"244065","parcel":"08103031700","address":"1600 KELLOW ST","owner":"EASON, WILLIE J. ET UX","point":[-86.81157196785549,36.19030132392237]}},{"type":"Feature","id":"244066","geometry":{"type":"Polygon","coordinates":[[[-86.8113770710675,36.1901526148364],[-86.811441251276,36.1901417603617],[-86.8115455799439,36.1905344362283],[-86.8114916083211,36.1905589754486],[-86.8114754330038,36.1905678751104],[-86.8114372994765,36.1905505495264],[-86.8113692111678,36.1905202406316],[-86.8112788650114,36.1901692235828],[-86.8113770710675,36.1901526148364]]]},"properties":{"id":"244066","parcel":"08103031800","address":"1500 KELLOW ST","owner":"MARINOVA, MARINELA","point":[-86.81140964382415,36.19034486701614]}},{"type":"Feature","id":"244067","geometry":{"type":"Polygon","coordinates":[[[-86.811009432921,36.1911292085473],[-86.8113725005431,36.191106990878],[-86.8113671918798,36.1911180147793],[-86.8113512850173,36.1911532836373],[-86.8113036115364,36.1912634871522],[-86.8110299376188,36.1912785113828],[-86.811009432921,36.1911292085473]]]},"properties":{"id":"244067","parcel":"08103032600","address":"2413 14TH AVE N","owner":"RS RENTAL III - A LLC","point":[-86.81117384425248,36.191208143195944]}},{"type":"Feature","id":"244088","geometry":{"type":"Polygon","coordinates":[[[-86.8120464077036,36.190992577827],[-86.8121578194248,36.1907522865259],[-86.812171562562,36.1910356906817],[-86.8120464077036,36.190992577827]]]},"properties":{"id":"244088","parcel":"08103034900","address":"0 18TH AVE N","owner":"METRO GOV'T  BT  BACK TAX SALE","point":[-86.81213288198902,36.19087248048312]}},{"type":"Feature","id":"244106","geometry":{"type":"Polygon","coordinates":[[[-86.8137221817661,36.1908689126018],[-86.8137679076269,36.1905327775712],[-86.8139362898197,36.1905481005223],[-86.8138912347228,36.1908793210041],[-86.8137221817661,36.1908689126018]]]},"properties":{"id":"244106","parcel":"08102007400","address":"1818 HUGHES ST","owner":"FENTRESS, ROYCE E., JR.","point":[-86.81382923637658,36.19070850661328]}},{"type":"Feature","id":"244108","geometry":{"type":"Polygon","coordinates":[[[-86.8135855918259,36.1904044899303],[-86.8136219548404,36.1900736345334],[-86.8137901232606,36.1900913024147],[-86.8139582897265,36.1901089890021],[-86.8139224640716,36.1904349740498],[-86.8139224091769,36.1904354755235],[-86.8139168046777,36.190434965337],[-86.8137539837189,36.1904201384255],[-86.8135855918259,36.1904044899303]]]},"properties":{"id":"244108","parcel":"08102007700","address":"1809 HUGHES ST","owner":"METRO GOV'T  WW  WATER & SEWER","point":[-86.81377194128247,36.19025673961434]}},{"type":"Feature","id":"244168","geometry":{"type":"Polygon","coordinates":[[[-86.8130464866067,36.190823511267],[-86.813094914891,36.1904675268618],[-86.8132630808077,36.1904844474467],[-86.8132151319908,36.1908369137582],[-86.8130464866067,36.190823511267]]]},"properties":{"id":"244168","parcel":"08103000200","address":"1806 HUGHES ST","owner":"BETTY, DOUGLAS E. & LAURA R.","point":[-86.81315478396772,36.190653979408964]}},{"type":"Feature","id":"244169","geometry":{"type":"Polygon","coordinates":[[[-86.8129013753893,36.1908125574465],[-86.8129503564914,36.1904525181921],[-86.813094914891,36.1904675268618],[-86.8130464866067,36.190823511267],[-86.8129013753893,36.1908125574465]]]},"properties":{"id":"244169","parcel":"08103000400","address":"1804 HUGHES ST","owner":"SCHMIDT, LENA","point":[-86.81299814548049,36.19064004219658]}},{"type":"Feature","id":"244405","geometry":{"type":"Polygon","coordinates":[[[-86.8098382968863,36.1914029853613],[-86.8102902893356,36.1913274306168],[-86.8103160577821,36.191461314537],[-86.8100119268455,36.1915139010022],[-86.8100092163107,36.1915139191873],[-86.8098657690607,36.1915379565838],[-86.8098382968863,36.1914029853613]]]},"properties":{"id":"244405","parcel":"08103013900","address":"2415 MIDDLE ST","owner":"MCLAURINE-TATUM, CASSANDRA & MCLAURINE, JERON ET AL","point":[-86.81007733678959,36.19143215044044]}},{"type":"Feature","id":"244485","geometry":{"type":"Polygon","coordinates":[[[-86.8133840782094,36.1908480950719],[-86.8134313935511,36.1905002825862],[-86.8135996557113,36.1905164909561],[-86.8135531299656,36.1908585039552],[-86.8133840782094,36.1908480950719]]]},"properties":{"id":"244485","parcel":"08102007600","address":"1810 HUGHES ST","owner":"PIGG, ZACH & ROCHELLE, CHELSEA","point":[-86.81349186716814,36.19068229306546]}},{"type":"Feature","id":"244700","geometry":{"type":"Polygon","coordinates":[[[-86.8127999675437,36.190805810158],[-86.81281159045,36.1904392043883],[-86.8129503564914,36.1904525181921],[-86.8129013753893,36.1908125574465],[-86.8127999675437,36.190805810158]]]},"properties":{"id":"244700","parcel":"08103000300","address":"1802 HUGHES ST","owner":"TAYLOR, CHRISTINE","point":[-86.81286594274488,36.190629149789494]}},{"type":"Feature","id":"244706","geometry":{"type":"Polygon","coordinates":[[[-86.8129124095943,36.1903384193349],[-86.8129489848587,36.1900056547451],[-86.8131172831164,36.1900221348196],[-86.8130806821659,36.1903551456822],[-86.8129124095943,36.1903384193349]]]},"properties":{"id":"244706","parcel":"08103000800","address":"0 HUGHES ST","owner":"SUMMERS, GLAYDS L.","point":[-86.81301484672163,36.19018027712403]}},{"type":"Feature","id":"244815","geometry":{"type":"Polygon","coordinates":[[[-86.8141559807815,36.1900788515801],[-86.8141634003974,36.1900173451412],[-86.8146585020855,36.1900585603349],[-86.8146409436812,36.1901971303448],[-86.8141466469868,36.190156216978],[-86.8141515408634,36.1901156540606],[-86.8141559807815,36.1900788515801]]]},"properties":{"id":"244815","parcel":"08102003700","address":"2337 23RD AVE N","owner":"SAWYERS, DE'ANGELA L.","point":[-86.81440363097613,36.19009764048793]}},{"type":"Feature","id":"245243","geometry":{"type":"Polygon","coordinates":[[[-86.815251624403,36.1906080581742],[-86.8152855797634,36.1903363487455],[-86.8158617091518,36.1903806240965],[-86.8158527369559,36.1904526661146],[-86.8158294569736,36.1906552621166],[-86.815251624403,36.1906080581742]]]},"properties":{"id":"245243","parcel":"08102001200","address":"2229 24TH AVE N","owner":"WILSON, JAMIE L.","point":[-86.81555257372678,36.190530363128254]}},{"type":"Feature","id":"245246","geometry":{"type":"Polygon","coordinates":[[[-86.8140903315539,36.1905716682783],[-86.8141003052822,36.1904970618593],[-86.8145983584832,36.1905380537259],[-86.8145892143267,36.1906085132759],[-86.8145717869963,36.1907427635043],[-86.814548808319,36.1909198054102],[-86.8140479083057,36.1908889672522],[-86.8140717323855,36.1907107724363],[-86.8140903315539,36.1905716682783]]]},"properties":{"id":"245246","parcel":"08102003500","address":"0 23RD AVE N","owner":"STEVENSON, JAMES MURPHY","point":[-86.81433057366128,36.19065964329176]}},{"type":"Feature","id":"245645","geometry":{"type":"Polygon","coordinates":[[[-86.8116292152593,36.1904943183793],[-86.8116993620972,36.1904608821107],[-86.8117423331121,36.1904210357641],[-86.812094688049,36.1904120734349],[-86.8120852763585,36.1904721456961],[-86.8120714080852,36.1905316476886],[-86.8120531354824,36.190590362756],[-86.8116292152593,36.1904943183793]]]},"properties":{"id":"245645","parcel":"08103031300","address":"2404 18TH AVE N","owner":"BELL-HARDIN, WANDA JOYCE & BELL-MOONEY, CAROLYN P","point":[-86.81189315193294,36.19051305056543]}},{"type":"Feature","id":"245648","geometry":{"type":"Polygon","coordinates":[[[-86.8116144815984,36.1901142240228],[-86.8117795567487,36.1900845449836],[-86.811827509301,36.1902666278614],[-86.8117423331121,36.1904210357641],[-86.8116993620972,36.1904608821107],[-86.8116144815984,36.1901142240228]]]},"properties":{"id":"245648","parcel":"08103031600","address":"1700 KELLOW ST","owner":"BOND, BRENDA","point":[-86.81172778953308,36.19034374197839]}},{"type":"Feature","id":"245725","geometry":{"type":"Polygon","coordinates":[[[-86.8132151319908,36.1908369137582],[-86.8132630808077,36.1904844474467],[-86.8134313935511,36.1905002825862],[-86.8133840782094,36.1908480950719],[-86.8132882693624,36.1908421955147],[-86.8132151319908,36.1908369137582]]]},"properties":{"id":"245725","parcel":"08103000100","address":"1808 HUGHES ST","owner":"PATEL, MITEN","point":[-86.81332326291377,36.19066859822395]}},{"type":"Feature","id":"246892","geometry":{"type":"Polygon","coordinates":[[[-86.8103727876359,36.1903266762461],[-86.8107267762586,36.1902652334708],[-86.8107444124952,36.1903991719496],[-86.8101598348134,36.1904997919595],[-86.8101340905014,36.1903681059984],[-86.810306476855,36.1903381852495],[-86.8103727876359,36.1903266762461]]]},"properties":{"id":"246892","parcel":"08103013100","address":"2400 14TH AVE N","owner":"COX, STEPHANIE A.","point":[-86.81043973200528,36.19038364012382]}},{"type":"Feature","id":"246905","geometry":{"type":"Polygon","coordinates":[[[-86.8174198393055,36.1985574618454],[-86.8174199743425,36.1985574014478],[-86.8181729831162,36.1982160271907],[-86.8191179541393,36.1976755627417],[-86.8194978846958,36.1974407830017],[-86.8195948895227,36.1973814603878],[-86.8201551494204,36.1970388798276],[-86.8209343226493,36.1964860520862],[-86.8209839438174,36.1964547923083],[-86.8218004676405,36.1959404132573],[-86.8227496041689,36.195162444058],[-86.8236068703136,36.19439714194],[-86.82366246985,36.1943480853191],[-86.8240673807665,36.1939908231553],[-86.8241359635703,36.1939295854131],[-86.824711442665,36.193415672078],[-86.824870932508,36.193288666725],[-86.8250272767093,36.1930442062644],[-86.8255524393115,36.1924879116253],[-86.8250917244955,36.1921858598887],[-86.8239572311508,36.1927858428781],[-86.8238354427871,36.1926556984148],[-86.8232057064051,36.1930367101911],[-86.8212536345654,36.1932911385383],[-86.8198851190903,36.1937769654356],[-86.8188849101158,36.1946222326331],[-86.8188228327365,36.1946717121952],[-86.8187580997742,36.1947189033958],[-86.8186908392348,36.1947637116309],[-86.8186211858615,36.1948060485602],[-86.8185492755659,36.1948458312432],[-86.8184752509692,36.1948829802991],[-86.8183992614109,36.1949174208081],[-86.818321455203,36.1949490859692],[-86.818267214346,36.1949648625035],[-86.8182118411634,36.1949777995912],[-86.818155561945,36.1949878443255],[-86.8180986064372,36.1949949554927],[-86.8180412067316,36.1949991035803],[-86.817983597292,36.1950002734804],[-86.8179260137875,36.1949984590897],[-86.8179000930103,36.1949970682846],[-86.8178748718147,36.1949936466918],[-86.8178505722068,36.1949871869968],[-86.8178277483408,36.1949778377602],[-86.8178069205631,36.1949658117618],[-86.8177885631354,36.1949513815776],[-86.8177730930788,36.1949348760493],[-86.8177608645317,36.1949166722121],[-86.8177521541744,36.194897183676],[-86.8177471611742,36.1948768552189],[-86.8177337732804,36.1947999012757],[-86.8177167654531,36.1947234188733],[-86.8176961622027,36.1946475196012],[-86.8176719958129,36.1945723140945],[-86.8176442985577,36.194497912087],[-86.8176131127167,36.1944244232443],[-86.8175784838679,36.1943519536045],[-86.8175404620541,36.1942806109777],[-86.8174991028301,36.19421049863],[-86.8174506186836,36.1941360759895],[-86.8173983760533,36.1940633452126],[-86.817342464043,36.1939924282633],[-86.8172829762302,36.193923449779],[-86.8172200172259,36.1938565262112],[-86.8171536938449,36.1937917721933],[-86.8170841195439,36.1937292996104],[-86.8170114155144,36.1936692157887],[-86.8169357040029,36.1936116226396],[-86.8168571161304,36.1935566202123],[-86.8163912549179,36.1932439777991],[-86.8163344111314,36.1932037087877],[-86.8162803001694,36.1931610383285],[-86.8162290756113,36.1931160879589],[-86.8161808822149,36.1930689864861],[-86.816135859215,36.1930198663596],[-86.8160941348292,36.1929688700175],[-86.816055825044,36.1929161399801],[-86.8160210437327,36.1928618295974],[-86.815991138142,36.1928084992736],[-86.8159240603034,36.1926802636559],[-86.8159160379233,36.1926611128114],[-86.8159115714369,36.1926412151215],[-86.8159107597754,36.1926210007229],[-86.8159136174657,36.1926009093346],[-86.8159200856001,36.1925813757645],[-86.8159296299794,36.1925634328668],[-86.8159422207118,36.1925467690051],[-86.8159575999712,36.1925317211916],[-86.8159754584652,36.1925185952417],[-86.8159954342305,36.1925076567704],[-86.8160171225927,36.1924991266178],[-86.8163230287065,36.1924006846002],[-86.817139003128,36.1921471465116],[-86.8172713492525,36.1921035460559],[-86.8174021299602,36.192056947628],[-86.8175312433256,36.1920073879735],[-86.8176585874427,36.1919549056409],[-86.8178099224911,36.1918868147808],[-86.8179591686457,36.1918157591975],[-86.8181062373707,36.1917417800554],[-86.8182510412801,36.1916649221163],[-86.8183283510042,36.1916176648155],[-86.8184045916128,36.1915692791165],[-86.8184689823596,36.1915278359367],[-86.818534906289,36.1914880082104],[-86.8185965934873,36.1914560006147],[-86.8186221637298,36.1914379713658],[-86.8187306960287,36.1913611686015],[-86.8188366030081,36.191281995188],[-86.8189398085675,36.1912005111316],[-86.8190402332629,36.1911167755603],[-86.819137804359,36.1910308511618],[-86.819232448029,36.1909428024336],[-86.8193240948937,36.1908526938432],[-86.8194126778457,36.190760594349],[-86.8194981275266,36.1906665702207],[-86.8195803835202,36.1905706921738],[-86.8196593832063,36.190473032741],[-86.820548328341,36.1893945407701],[-86.8205852320127,36.189350870541],[-86.8206254335581,36.1893091561633],[-86.8206687745696,36.1892695618397],[-86.8207150854304,36.1892322428365],[-86.8207641853045,36.1891973445822],[-86.8208158810349,36.1891650035769],[-86.8208699704688,36.1891353464677],[-86.8209262435702,36.1891084900419],[-86.8209844768508,36.189084540363],[-86.8210444455532,36.1890635881823],[-86.8211059126264,36.1890457180259],[-86.8212159941386,36.1890145064851],[-86.8213268600041,36.1889851785617],[-86.8214384625553,36.1889577471956],[-86.821524596485,36.1889408454871],[-86.8216115767238,36.1889270806736],[-86.8216992279056,36.188916480985],[-86.8217873756732,36.188909064731],[-86.821875844549,36.1889048493277],[-86.8219644578411,36.1889038422865],[-86.8220530376896,36.1889060457194],[-86.8221414083931,36.1889114554156],[-86.8222293930635,36.1889200599622],[-86.8223168136444,36.188931842548],[-86.8224034986847,36.1889467800077],[-86.8225086783086,36.1889711935008],[-86.8226146656627,36.1889931869057],[-86.8227213794029,36.1890127436507],[-86.8227948098223,36.1890324397148],[-86.8228667548775,36.1890554589143],[-86.8229369847609,36.1890817262106],[-86.8230052784927,36.1891111601964],[-86.8230714171843,36.1891436668331],[-86.823135191849,36.1891791421009],[-86.8234652491935,36.18937358194],[-86.8238989681899,36.1896288465775],[-86.8239204281456,36.1896067236443],[-86.8250033113048,36.190238845811],[-86.8249872746808,36.190260931875],[-86.8258955080592,36.190782158745],[-86.8259624810375,36.1907047829045],[-86.8266155586772,36.1910868781435],[-86.8265839579465,36.1911430541263],[-86.8265679005329,36.1911717639452],[-86.8265549579966,36.1912014888931],[-86.8265452247743,36.1912320084156],[-86.826538774095,36.1912630939917],[-86.8265356535888,36.1912945145716],[-86.826434068707,36.1914799272022],[-86.8264291654808,36.1915019219199],[-86.8264202451702,36.1915230708072],[-86.8264075095886,36.1915428948108],[-86.8263912487099,36.1915609458177],[-86.8263678917536,36.1915779152041],[-86.8263474138856,36.1915971721219],[-86.8263301509246,36.1916183997321],[-86.8263015196577,36.1916606001003],[-86.8262704458374,36.1917016500376],[-86.8262467887849,36.1917242940225],[-86.8262252717995,36.1917483004922],[-86.8262060146968,36.1917735370428],[-86.8261891249784,36.1917998632435],[-86.8261743654621,36.1918168891197],[-86.8261630432223,36.1918355642233],[-86.8261554326462,36.1918554378471],[-86.8261306417627,36.191881318803],[-86.8261024816626,36.1919048281426],[-86.8260712962397,36.1919256769082],[-86.8260492869504,36.1919387201067],[-86.8260205222072,36.191972078093],[-86.8259887293764,36.1920035785498],[-86.8259783167824,36.1920278262484],[-86.8259644329447,36.1920509017133],[-86.8259472712891,36.1920724809668],[-86.8259082883803,36.1921210068356],[-86.8258817200875,36.1921528230164],[-86.8258244285182,36.1922374039662],[-86.8258017189393,36.1922765390522],[-86.8257777924052,36.192315194872],[-86.825742895081,36.1923626202325],[-86.8257099641401,36.1924109604377],[-86.8256860682434,36.1924413514189],[-86.8256287091994,36.1925113700727],[-86.8255963943748,36.1925525779187],[-86.8255604470352,36.1925917584112],[-86.8255147955122,36.1926524472609],[-86.8254709899838,36.1927140238353],[-86.8254500008123,36.1927389016773],[-86.8254264100521,36.1927621984558],[-86.8254003993119,36.1927837362798],[-86.8253426106705,36.192847778727],[-86.8252874124947,36.1929133049467],[-86.8252587726828,36.1929546750382],[-86.825226368583,36.1929941772916],[-86.8251903835575,36.1930315887394],[-86.8251674376236,36.1930626977351],[-86.8251420187624,36.1930925167914],[-86.8251142379338,36.1931209171687],[-86.8250632535597,36.1931785446287],[-86.8250089322528,36.1932341327717],[-86.8249790239333,36.1932663482909],[-86.8249519006405,36.193300145421],[-86.8249276897063,36.1933353655724],[-86.8248885287849,36.1933812200501],[-86.8248463291528,36.19342526931],[-86.8248012172793,36.1934673790974],[-86.8247562285964,36.1935077602995],[-86.8247084992134,36.1935460178964],[-86.8246749400909,36.1935664471875],[-86.8246441115481,36.1935895300713],[-86.8246163291089,36.1936150282636],[-86.8245918813711,36.1936426802306],[-86.8245598302358,36.1936764054744],[-86.8245254379678,36.193708578495],[-86.8244888168853,36.1937390939766],[-86.8244486063894,36.1937756895599],[-86.8244095305189,36.1938130849157],[-86.8243484250771,36.1938826246937],[-86.8243128719307,36.1939240111023],[-86.8242790150971,36.1939663214325],[-86.8242468885668,36.1940095094891],[-86.8241620928037,36.1940858018467],[-86.8241197239656,36.194128087316],[-86.8240807716073,36.1941724800424],[-86.8240453961759,36.1942187977795],[-86.8240137413768,36.1942668520868],[-86.8240021175325,36.1942849405013],[-86.8239873864585,36.1943014756096],[-86.8239698614382,36.194316110088],[-86.8239499084239,36.1943285359088],[-86.8239279472135,36.1943384906419],[-86.8238245073093,36.1944217244459],[-86.823793197584,36.1944440325943],[-86.8237648612158,36.1944688169529],[-86.8237397957123,36.1944958168308],[-86.8236932760556,36.1945445627919],[-86.8236448633741,36.1945920824079],[-86.8236039758182,36.1946333706963],[-86.8235603354895,36.1946727652618],[-86.8235187143788,36.1946996319709],[-86.8234777870666,36.1947270337912],[-86.8234598023492,36.1947433539899],[-86.8234393480633,36.1947576379462],[-86.8234167730218,36.1947696399384],[-86.8233924620661,36.1947791572599],[-86.8233606531313,36.1947994588753],[-86.823331285219,36.1948220483715],[-86.8232639740623,36.1948636699376],[-86.8232230962229,36.1948933911883],[-86.8231852714149,36.1949256602151],[-86.8231507410072,36.1949602707882],[-86.8231350037263,36.194979520949],[-86.8231029316651,36.1950115551549],[-86.8230689657577,36.1950422810075],[-86.8230300017685,36.1950797580487],[-86.8229896712334,36.195116273729],[-86.8229651156338,36.1951435953191],[-86.822938699926,36.1951697516286],[-86.8229105066462,36.1951946600787],[-86.8228257327959,36.1952665567378],[-86.8227792904404,36.1953036637674],[-86.8227356604233,36.1953429479977],[-86.8227082521018,36.1953640035495],[-86.8226826287493,36.195386487154],[-86.8226589027551,36.1954102998089],[-86.8226224805748,36.1954454503528],[-86.8225849069699,36.19547979669],[-86.8225525153387,36.1955116139122],[-86.8225188626184,36.1955425591803],[-86.8224861030674,36.1955680664306],[-86.8224551822405,36.1955950392212],[-86.8224262026703,36.1956233930375],[-86.8223750014945,36.195681365058],[-86.8223219519115,36.1957382338785],[-86.8222945440189,36.1957642886456],[-86.8222580785886,36.1957907926335],[-86.8222228328258,36.1958183608095],[-86.8221764332957,36.1958510754422],[-86.8221325125205,36.1958859659559],[-86.8220964240301,36.1959116219403],[-86.8220618975716,36.1959386534238],[-86.8220290114321,36.1959669967861],[-86.8219712302616,36.1960135736705],[-86.8219150354369,36.1960614087082],[-86.82182005776,36.1961321186293],[-86.8217881310387,36.1961577777357],[-86.8217584873321,36.19618517786],[-86.8217172944947,36.1962155244006],[-86.8216788898664,36.1962481862276],[-86.8216545280841,36.1962657419165],[-86.8216330233078,36.1962855971128],[-86.8216147004257,36.1963074494858],[-86.8215998417596,36.196330966352],[-86.8215785259705,36.1963576914937],[-86.821553808076,36.1963824173424],[-86.8215259720211,36.1964048607692],[-86.8215100335134,36.1964217102048],[-86.8214916890223,36.1964368654075],[-86.8214712097678,36.1964501028199],[-86.8214488983918,36.1964612266101],[-86.8214177572155,36.1964901816023],[-86.8213840999127,36.1965172231942],[-86.8213481040269,36.1965422086773],[-86.8213105753911,36.1965625297159],[-86.821274980606,36.1965850195504],[-86.8212415085758,36.1966095588318],[-86.8212051548998,36.1966366178105],[-86.8211670350814,36.1966620304628],[-86.8211443332606,36.1966752973541],[-86.8211233653412,36.1966903216317],[-86.8211043377289,36.196706955888],[-86.821087436658,36.1967250375309],[-86.8210594066184,36.1967501417972],[-86.8210334427813,36.1967766659185],[-86.8210096551954,36.1968044991936],[-86.8209816600413,36.1968362022624],[-86.820951329303,36.1968664611559],[-86.8209187763446,36.1968951633448],[-86.8208841234723,36.1969222007456],[-86.8208195442765,36.1969902219962],[-86.8207522716446,36.1970565040533],[-86.8207029973411,36.1971008071722],[-86.8206507806389,36.1971428392546],[-86.8205957825461,36.1971824712229],[-86.8205037902023,36.19725092825],[-86.8204124948733,36.1973199212271],[-86.8203897804054,36.1973427468673],[-86.820363920727,36.1973632550918],[-86.8203352720817,36.1973811640861],[-86.8203042299936,36.1973962269186],[-86.8202712226327,36.1974082351905],[-86.8202250692555,36.1974369628855],[-86.8201765304957,36.1974629804414],[-86.8201258485323,36.1974861582307],[-86.820073275701,36.1975063809777],[-86.82003091124,36.1975301150944],[-86.8199871974058,36.1975521820082],[-86.8199422315134,36.1975725296849],[-86.819914694536,36.1975920415873],[-86.8198890984259,36.197613218458],[-86.8198655975595,36.1976359348756],[-86.8198443317477,36.1976600547022],[-86.8198059566831,36.1976948580147],[-86.8197652502725,36.1977278755156],[-86.819722339338,36.1977590054],[-86.819684218127,36.1977878243572],[-86.8196442581044,36.1978149587041],[-86.8196025741235,36.1978403319529],[-86.8195818487732,36.1978575822323],[-86.8195584261971,36.1978723939696],[-86.8195327394296,36.1978844911412],[-86.8195052654186,36.1978936506001],[-86.8194765116827,36.1978997021668],[-86.8194470097052,36.1979025349829],[-86.8194105049126,36.1979108832849],[-86.8193754211574,36.1979225656225],[-86.8193422182909,36.1979374265626],[-86.8193178036977,36.1979476007702],[-86.8192948297579,36.1979597786214],[-86.8192735430784,36.1979738286617],[-86.819254176701,36.1979895978982],[-86.8191609627526,36.1980506537708],[-86.8191203111758,36.1980735188378],[-86.8190783857941,36.1980948189247],[-86.8190352761778,36.1981145056558],[-86.8189765121652,36.1981329827066],[-86.8189169276949,36.1981496474436],[-86.8188889083824,36.1981554406328],[-86.8188621099328,36.1981642438688],[-86.8188370221935,36.1981758988133],[-86.8188141032851,36.1981901896622],[-86.8187937741813,36.1982068567017],[-86.818756978211,36.1982301064747],[-86.8187191015453,36.1982521856119],[-86.8186872840499,36.1982693216792],[-86.8186574653814,36.1982886757153],[-86.8186298808162,36.1983100956154],[-86.8186047476738,36.1983334131737],[-86.8185882735664,36.1983493177093],[-86.818569639661,36.1983635704474],[-86.8185490941411,36.1983759768344],[-86.8185269144154,36.198386372761],[-86.818503399261,36.1983946174067],[-86.818463794527,36.1984134699348],[-86.8184254577695,36.1984339739833],[-86.818388496254,36.1984560720466],[-86.8182601293238,36.1985210723621],[-86.8182349584829,36.1985324519555],[-86.8182084312089,36.1985415839703],[-86.8181808500068,36.1985483654147],[-86.8181525331994,36.1985527175234],[-86.8181291345276,36.1985560926786],[-86.8181066585237,36.1985623537333],[-86.8180856418227,36.1985713501462],[-86.8180665903699,36.1985828666932],[-86.8180637917012,36.1985890259651],[-86.8180598142625,36.1985947452951],[-86.8180547610373,36.1985998752769],[-86.8180487629922,36.1986042843397],[-86.8180419713122,36.1986078606037],[-86.8180345618577,36.1986105127509],[-86.8180267262787,36.1986121709868],[-86.818015656152,36.1986177256687],[-86.8180037385876,36.1986219747518],[-86.8179912062271,36.1986248337435],[-86.8179783042584,36.1986262487094],[-86.8179633173054,36.1986305699538],[-86.8179493614587,36.1986367552351],[-86.817936786512,36.1986446507718],[-86.8179259073174,36.1986540570546],[-86.81791699943,36.198664737889],[-86.8178987750729,36.1986809840461],[-86.8178782840169,36.1986953474926],[-86.8178558210267,36.1987076216439],[-86.8178280704732,36.1987170754996],[-86.8178020502094,36.1987293412892],[-86.8177781884522,36.1987442142303],[-86.8177433977788,36.1987680972132],[-86.8177062296805,36.1987894970817],[-86.8176950088219,36.198793486358],[-86.8176831785821,36.1987960710846],[-86.8176710041268,36.1987971935875],[-86.8176587598419,36.1987968276744],[-86.8176467193642,36.1987949823073],[-86.8176369102056,36.1987963348347],[-86.8176274885628,36.19879892758],[-86.8176186917385,36.198802696749],[-86.8176107411252,36.1988075453091],[-86.8176038367483,36.1988133529388],[-86.817591853691,36.1988288375778],[-86.8175777206406,36.1988430813131],[-86.8175616324129,36.1988558899542],[-86.8175160355003,36.1988823587614],[-86.8174681016856,36.1989059611311],[-86.8174344338213,36.198919798146],[-86.8174022639153,36.1989358078715],[-86.817371806586,36.1989538834079],[-86.817421979886,36.1985601646643],[-86.8174198393055,36.1985574618454]]]},"properties":{"id":"246905","parcel":"08102017400","address":"741 FREELANDS STATION RD","owner":"METRO GOV'T  P  RHODES MUNICIPAL","point":[-86.81849263320976,36.193941488660556]}},{"type":"Feature","id":"246975","geometry":{"type":"Polygon","coordinates":[[[-86.8102746726826,36.1900638868027],[-86.8106643508958,36.1899931442458],[-86.81069829702,36.1901313677948],[-86.8103085732734,36.19019771619],[-86.8102746726826,36.1900638868027]]]},"properties":{"id":"246975","parcel":"08103015400","address":"2312 14TH AVE N","owner":"BUGGS, MARCUS LEON","point":[-86.81048661394547,36.190097627690484]}},{"type":"Feature","id":"247980","geometry":{"type":"Polygon","coordinates":[[[-86.8141075649846,36.1902886529239],[-86.8141253949405,36.1901544577163],[-86.8141466469868,36.190156216978],[-86.8146409436812,36.1901971303448],[-86.814624628794,36.1903277400892],[-86.8146066176486,36.1904719307262],[-86.8145983584832,36.1905380537259],[-86.8141003052822,36.1904970618593],[-86.8140800937156,36.1904953992187],[-86.814088087449,36.190435222794],[-86.8140887893604,36.1904299465588],[-86.8141075649846,36.1902886529239]]]},"properties":{"id":"247980","parcel":"08102003600","address":"2345 23RD AVE N","owner":"DICKERSON, NANCY","point":[-86.8143569143442,36.19037884394261]}}]}