{"type":"FeatureCollection","features":[{"type":"Feature","id":"92369","geometry":{"type":"Polygon","coordinates":[[[-86.7959585838227,36.2074081593833],[-86.7959796909868,36.2073805489534],[-86.7959862475107,36.207383841299],[-86.7960013426987,36.2073640943306],[-86.7961049136,36.2074160920267],[-86.796069746866,36.2074630289515],[-86.7960511253442,36.2074538660264],[-86.7959695157111,36.207413710288],[-86.7959584916258,36.2074082807599],[-86.7959585838227,36.2074081593833]]]},"properties":{"id":"92369","parcel":"070080A00100CO","address":"1004 FREE SILVER RD","owner":"SAVITZ, JACOB & OLEAN, MARISSA ALESE","point":[-86.79602960561915,36.20741110734416]}},{"type":"Feature","id":"92525","geometry":{"type":"Polygon","coordinates":[[[-86.7960395172126,36.2073522416725],[-86.7960609887447,36.2073241529605],[-86.7960677900365,36.2073275671607],[-86.7960822891609,36.2073086000959],[-86.7960948176401,36.2073148912136],[-86.7961481561339,36.2073416692977],[-86.7961859718228,36.2073606546671],[-86.7961858422883,36.2073608231555],[-86.7961500011966,36.2074077095741],[-86.7960395172126,36.2073522416725]]]},"properties":{"id":"92525","parcel":"070080B00200CO","address":"1002 FREE SILVER RD","owner":"KEOBOUNHOM, KHONSAMY NELA","point":[-86.79611274456258,36.207356448192265]}},{"type":"Feature","id":"92706","geometry":{"type":"Polygon","coordinates":[[[-86.795904412404,36.2074467659033],[-86.79592548223,36.2074186456163],[-86.7959326617077,36.2074221781003],[-86.7959472273112,36.2074027383541],[-86.7959584916258,36.2074082807599],[-86.7959695157111,36.207413710288],[-86.7960511253442,36.2074538660264],[-86.7960504175223,36.2074548098053],[-86.7960154888526,36.2075014269993],[-86.795904412404,36.2074467659033]]]},"properties":{"id":"92706","parcel":"070080A00200CO","address":"1006 FREE SILVER RD","owner":"SAVITZ, JACOB HARRISON & OLEAN, MARISSA ALESE","point":[-86.79597776846823,36.20745031598663]}},{"type":"Feature","id":"92707","geometry":{"type":"Polygon","coordinates":[[[-86.7960949998546,36.207314652981],[-86.7961157326271,36.2072875307734],[-86.79612264681,36.2072910019069],[-86.7961378879347,36.2072710637927],[-86.7962420187796,36.2073233424789],[-86.7962064372119,36.2073709292854],[-86.7961859718228,36.2073606546671],[-86.7961481561339,36.2073416692977],[-86.7960948176401,36.2073148912136],[-86.7960949998546,36.207314652981]]]},"properties":{"id":"92707","parcel":"070080B00100CO","address":"1000 FREE SILVER RD","owner":"PENNINGTON, KARIS","point":[-86.79616841827234,36.20731911686897]}},{"type":"Feature","id":"93661","geometry":{"type":"Polygon","coordinates":[[[-86.7961855618486,36.2076026393521],[-86.7958278097718,36.207426591348],[-86.7958735306881,36.207364952981],[-86.7959174191317,36.2073057835076],[-86.7962724572191,36.2074840310961],[-86.7962290071548,36.2075455320693],[-86.7961855618486,36.2076026393521]],[[-86.7960154888526,36.2075014269993],[-86.7960504175223,36.2074548098053],[-86.7960511253442,36.2074538660264],[-86.796069746866,36.2074630289515],[-86.7961049136,36.2074160920267],[-86.7960013426987,36.2073640943306],[-86.7959862475107,36.207383841299],[-86.7959796909868,36.2073805489534],[-86.7959585838227,36.2074081593833],[-86.7959584916258,36.2074082807599],[-86.7959472273112,36.2074027383541],[-86.7959326617077,36.2074221781003],[-86.79592548223,36.2074186456163],[-86.795904412404,36.2074467659033],[-86.7960154888526,36.2075014269993]]]},"properties":{"id":"93661","parcel":"070080A90000CO","address":"1006 B FREE SILVER RD","owner":"O.I.C. HOMES AT 1004 FREE SILVER ROAD","point":[-86.79614504634029,36.2074544985301]}},{"type":"Feature","id":"93663","geometry":{"type":"Polygon","coordinates":[[[-86.7962724572191,36.2074840310961],[-86.7959174191317,36.2073057835076],[-86.79596086691,36.2072464817324],[-86.7959953474538,36.2072005416467],[-86.7960406538082,36.2072056559625],[-86.7963032825253,36.2072353062979],[-86.7964465798713,36.207251483421],[-86.7964184173918,36.2072895689453],[-86.7963675806745,36.2073580061176],[-86.7963675543392,36.2073580414404],[-86.7963675356974,36.2073580676999],[-86.7963675093531,36.2073581021215],[-86.7963159012858,36.2074269237875],[-86.7962724572191,36.2074840310961]],[[-86.7961500011966,36.2074077095741],[-86.7961858422883,36.2073608231555],[-86.7961859718228,36.2073606546671],[-86.7962064372119,36.2073709292854],[-86.7962420187796,36.2073233424789],[-86.7961378879347,36.2072710637927],[-86.79612264681,36.2072910019069],[-86.7961157326271,36.2072875307734],[-86.7960949998546,36.207314652981],[-86.7960948176401,36.2073148912136],[-86.7960822891609,36.2073086000959],[-86.7960677900365,36.2073275671607],[-86.7960609887447,36.2073241529605],[-86.7960395172126,36.2073522416725],[-86.7961500011966,36.2074077095741]]]},"properties":{"id":"93663","parcel":"070080B90000CO","address":"1002 B FREE SILVER RD","owner":"O.I.C. HOMES AT 1000 FREE SILVER ROAD","point":[-86.79630501238597,36.20734033248073]}},{"type":"Feature","id":"96787","geometry":{"type":"Polygon","coordinates":[[[-86.7965214250286,36.2068918006815],[-86.796431194966,36.2068524249219],[-86.7964694203931,36.2067955069799],[-86.7964818305254,36.2068009813957],[-86.7965707188099,36.2068410743593],[-86.7965387768042,36.2068891473779],[-86.7965266911714,36.2068838736111],[-86.7965214250286,36.2068918006815]]]},"properties":{"id":"96787","parcel":"070080C00200CO","address":"912 FREE SILVER RD","owner":"OWUSU, DESMOND","point":[-86.79650097752823,36.20684674969605]}},{"type":"Feature","id":"96899","geometry":{"type":"Polygon","coordinates":[[[-86.7964822151184,36.2068004092626],[-86.7965190237631,36.2067456014858],[-86.7966128012377,36.2067869671942],[-86.7966073819537,36.2067950358755],[-86.7966175765505,36.2067994848385],[-86.7965863938031,36.2068464172741],[-86.7965856214451,36.2068475777845],[-86.7965707188099,36.2068410743593],[-86.7964818305254,36.2068009813957],[-86.7964822151184,36.2068004092626]]]},"properties":{"id":"96899","parcel":"070080C00100CO","address":"910 FREE SILVER RD","owner":"DICKERSON, DEIDRA","point":[-86.79654847764813,36.20679715157772]}},{"type":"Feature","id":"96900","geometry":{"type":"Polygon","coordinates":[[[-86.7965134445489,36.2069516870771],[-86.7962753974648,36.2068475427869],[-86.7962882386181,36.2068114338443],[-86.7962927521037,36.2068052989459],[-86.7963419353433,36.2067384589142],[-86.7963947520813,36.2066666785238],[-86.7967673751692,36.2068306859572],[-86.7966809028978,36.2069482039884],[-86.796678660303,36.2069482503277],[-86.7965857300593,36.2069501837285],[-86.7965134445489,36.2069516870771]],[[-86.7965214250286,36.2068918006815],[-86.7965266911714,36.2068838736111],[-86.7965387768042,36.2068891473779],[-86.7965707188099,36.2068410743593],[-86.7965856214451,36.2068475777845],[-86.7965863938031,36.2068464172741],[-86.7966175765505,36.2067994848385],[-86.7966073819537,36.2067950358755],[-86.7966128012377,36.2067869671942],[-86.7965190237631,36.2067456014858],[-86.7964822151184,36.2068004092626],[-86.7964818305254,36.2068009813957],[-86.7964694203931,36.2067955069799],[-86.796431194966,36.2068524249219],[-86.7965214250286,36.2068918006815]]]},"properties":{"id":"96900","parcel":"070080C90000CO","address":"912 B FREE SILVER RD","owner":"O.I.C. HOMES AT 910 FREE SILVER ROAD","point":[-86.7963755425874,36.20680851112025]}},{"type":"Feature","id":"105554","geometry":{"type":"Polygon","coordinates":[[[-86.7901081907972,36.2105941510981],[-86.790017443126,36.210547011426],[-86.789747839399,36.2105691658102],[-86.7895177749272,36.209484421665],[-86.7893720939826,36.2095102550654],[-86.7893496885773,36.2094149735205],[-86.7893391891131,36.2093473675167],[-86.7893395054969,36.2093473104719],[-86.7893394870316,36.2093472429982],[-86.7912124546113,36.2090149201636],[-86.7912127321515,36.2090152058469],[-86.791370537675,36.2091771411072],[-86.7912187854793,36.2094660309704],[-86.791293875395,36.2098810283811],[-86.7913131385655,36.2099874931519],[-86.7917667597261,36.2104482202987],[-86.7901081907972,36.2105941510981]]]},"properties":{"id":"105554","parcel":"07101019000","address":"2300 OLD MATTHEWS RD","owner":"MDHA","point":[-86.79041145578802,36.2096957830272]}},{"type":"Feature","id":"158121","geometry":{"type":"Polygon","coordinates":[[[-86.794518190672,36.2084395940591],[-86.7945287851384,36.208425113214],[-86.794586554289,36.2084528749443],[-86.7945870962576,36.208453134546],[-86.794579242286,36.2084638688534],[-86.7945178333249,36.2085477962238],[-86.7945077259355,36.2085616105357],[-86.7944494147646,36.2085335891662],[-86.794518190672,36.2084395940591]]]},"properties":{"id":"158121","parcel":"070040A00400CO","address":"2240 WHITES CREEK PIKE","owner":"2240 WHITES CREEK, LLC","point":[-86.79451432862444,36.20849872902772]}},{"type":"Feature","id":"158633","geometry":{"type":"Polygon","coordinates":[[[-86.7999150690855,36.20976896879],[-86.7997456430902,36.2097649510452],[-86.7993568785336,36.2097557320226],[-86.7988647757481,36.2097368651578],[-86.798125123968,36.2097085038574],[-86.7972817468257,36.2096761597616],[-86.7973762201879,36.2093947765465],[-86.7974737090542,36.2091044481432],[-86.7974884208537,36.2090678121222],[-86.798067741751,36.208681185737],[-86.7980927952194,36.2086654959646],[-86.7981434504009,36.2086369905028],[-86.7981963604389,36.20861131359],[-86.7982512829642,36.2085885821865],[-86.7983079699302,36.2085689015744],[-86.798366164205,36.2085523581696],[-86.7984256007732,36.2085390285269],[-86.798486011121,36.2085289730017],[-86.7985471188058,36.2085222375826],[-86.7986086472219,36.2085188520366],[-86.7986703174037,36.2085188326285],[-86.7999907673954,36.2085541684927],[-86.7999873118925,36.2086776333511],[-86.7999576184266,36.2097386209192],[-86.7999567411866,36.2097699563177],[-86.7999150690855,36.20976896879]]]},"properties":{"id":"158633","parcel":"07004021300","address":"200 HILLSIDE COTTAGE LN","owner":"WEST TRINITY RESIDENCES","point":[-86.79869807447768,36.20925176048264]}},{"type":"Feature","id":"158997","geometry":{"type":"Polygon","coordinates":[[[-86.7987370672868,36.2083268535952],[-86.7987699835906,36.2075191555726],[-86.7987695673566,36.207506536178],[-86.7987561823309,36.2073813180114],[-86.7987557661088,36.2073686995173],[-86.7987609445032,36.2072416542746],[-86.7987616711569,36.2072367312913],[-86.7987634271207,36.2072319817516],[-86.7987661615369,36.2072275456872],[-86.7987697923299,36.2072235552249],[-86.7987742139269,36.2072201282268],[-86.7987792938852,36.2072173647074],[-86.7987848829009,36.2072153467677],[-86.7987908147719,36.2072141349903],[-86.7987969163703,36.2072137647681],[-86.7989282063515,36.2072149664292],[-86.7993316844856,36.2072186592706],[-86.7993211847566,36.2076102235755],[-86.7995246636447,36.2076137857113],[-86.799864945532,36.2076223780475],[-86.7998652638828,36.2075940673568],[-86.800034301486,36.2076013833871],[-86.8000079595089,36.2081246420641],[-86.800007942765,36.2081249666287],[-86.7999953997289,36.2083889413601],[-86.7999953786247,36.2083893849198],[-86.7987714640946,36.2083566326285],[-86.7987653047889,36.2083560298697],[-86.7987593692648,36.2083545685322],[-86.7987538359182,36.2083522943016],[-86.7987488744847,36.2083492763536],[-86.7987446337982,36.2083456065335],[-86.7987412461938,36.2083413948212],[-86.7987388108364,36.208336770342],[-86.7987374036473,36.2083318731906],[-86.7987370672868,36.2083268535952]]]},"properties":{"id":"158997","parcel":"07008025000","address":"519 HOMESTEAD RIVER WAY","owner":"WEST TRINITY RESIDENCES","point":[-86.79938810911982,36.20787259220709]}},{"type":"Feature","id":"159718","geometry":{"type":"Polygon","coordinates":[[[-86.7944921203791,36.2085948588284],[-86.7943997771328,36.208565769825],[-86.7943252590646,36.208543158921],[-86.7942424340712,36.2085189235598],[-86.7944211517504,36.2082707758406],[-86.7944930401467,36.2083055538671],[-86.7945611268313,36.2083384930602],[-86.7946379201228,36.2083756441897],[-86.7947198272324,36.2084152689209],[-86.7947856466533,36.2084471098528],[-86.7948498401552,36.2084781656385],[-86.7947176585111,36.2086338981183],[-86.7947118322782,36.2086395648259],[-86.7947048871474,36.2086443313282],[-86.7946970307624,36.2086480547608],[-86.7946884988835,36.2086506236183],[-86.7946798421108,36.2086519378427],[-86.7946710366211,36.2086520615799],[-86.7946623281549,36.2086509914104],[-86.7946539627869,36.2086487572591],[-86.7945943555233,36.2086284682824],[-86.7945642403214,36.2086184155084],[-86.7944921203791,36.2085948588284]],[[-86.7946831266089,36.2084631888751],[-86.7946649452245,36.2084544518416],[-86.7946547391447,36.2084684020048],[-86.7945964279904,36.2084403807056],[-86.7945870962576,36.208453134546],[-86.794586554289,36.2084528749443],[-86.7945287851384,36.208425113214],[-86.794518190672,36.2084395940591],[-86.7944966881688,36.20842926109],[-86.7944598795872,36.2084115726937],[-86.7944492927769,36.2084260417659],[-86.7944184325347,36.2084112117738],[-86.7943909817263,36.2083980203672],[-86.7943125941723,36.2085051522949],[-86.7943420877622,36.2085193261739],[-86.794370905274,36.2085331737307],[-86.7943805486331,36.2085199951669],[-86.7944191161522,36.2085385282125],[-86.7944388597697,36.2085480165698],[-86.7944494147646,36.2085335891662],[-86.7945077259355,36.2085616105357],[-86.7945178333249,36.2085477962238],[-86.7945220685701,36.2085498313419],[-86.7945761445304,36.2085758175602],[-86.7945865733636,36.2085615649179],[-86.7946020761621,36.2085690145643],[-86.7946448834915,36.2085895862282],[-86.7946556304587,36.2085748979807],[-86.7946854247249,36.2085892149003],[-86.7947139417328,36.2086029192503],[-86.7947815676434,36.2085104943454],[-86.7947512269359,36.2084959142726],[-86.7947232564133,36.2084824731077],[-86.7946831266089,36.2084631888751]]]},"properties":{"id":"159718","parcel":"070040A90000CO","address":"2236 B WHITES CREEK PIKE","owner":"O.I.C. HOMES AT 2236 WHITES CREEK PIKE","point":[-86.79474218590347,36.208458937257106]}},{"type":"Feature","id":"159738","geometry":{"type":"Polygon","coordinates":[[[-86.7946556304587,36.2085748979807],[-86.7947232564133,36.2084824731077],[-86.7947512269359,36.2084959142726],[-86.7947815676434,36.2085104943454],[-86.7947139417328,36.2086029192503],[-86.7946854247249,36.2085892149003],[-86.7946556304587,36.2085748979807]]]},"properties":{"id":"159738","parcel":"070040A00100CO","address":"2246 WHITES CREEK PIKE","owner":"2246 WHITES CREEK PIKE, LLC","point":[-86.79471859907669,36.208542696179784]}},{"type":"Feature","id":"159740","geometry":{"type":"Polygon","coordinates":[[[-86.7944492927769,36.2084260417659],[-86.7944598795872,36.2084115726937],[-86.7944966881688,36.20842926109],[-86.794518190672,36.2084395940591],[-86.7944494147646,36.2085335891662],[-86.7944388597697,36.2085480165698],[-86.7944191161522,36.2085385282125],[-86.7943805486331,36.2085199951669],[-86.7944492927769,36.2084260417659]]]},"properties":{"id":"159740","parcel":"070040A00500CO","address":"2238 WHITES CREEK PIKE","owner":"2238 WHITES CREEK PIKE, LLC","point":[-86.7944493693995,36.208479794632545]}},{"type":"Feature","id":"159742","geometry":{"type":"Polygon","coordinates":[[[-86.7943125941723,36.2085051522949],[-86.7943909817263,36.2083980203672],[-86.7944184325347,36.2084112117738],[-86.7944492927769,36.2084260417659],[-86.7943805486331,36.2085199951669],[-86.794370905274,36.2085331737307],[-86.7943420877622,36.2085193261739],[-86.7943125941723,36.2085051522949]]]},"properties":{"id":"159742","parcel":"070040A00600CO","address":"2236 WHITES CREEK PIKE","owner":"2236 WHITES CREEK PIKE, LLC","point":[-86.79438094365791,36.208465597050406]}},{"type":"Feature","id":"159933","geometry":{"type":"Polygon","coordinates":[[[-86.7946547391447,36.2084684020048],[-86.7946649452245,36.2084544518416],[-86.7946831266089,36.2084631888751],[-86.7947232564133,36.2084824731077],[-86.7946556304587,36.2085748979807],[-86.7946448834915,36.2085895862282],[-86.7946020761621,36.2085690145643],[-86.7945865733636,36.2085615649179],[-86.7946547391447,36.2084684020048]]]},"properties":{"id":"159933","parcel":"070040A00200CO","address":"2244 WHITES CREEK PIKE","owner":"2244 WHITES CREEK PIKE, LLC","point":[-86.79465491486229,36.20852201903244]}},{"type":"Feature","id":"159935","geometry":{"type":"Polygon","coordinates":[[[-86.7945870962576,36.208453134546],[-86.7945964279904,36.2084403807056],[-86.7946547391447,36.2084684020048],[-86.7945865733636,36.2085615649179],[-86.7945761445304,36.2085758175602],[-86.7945220685701,36.2085498313419],[-86.7945178333249,36.2085477962238],[-86.794579242286,36.2084638688534],[-86.7945870962576,36.208453134546]]]},"properties":{"id":"159935","parcel":"070040A00300CO","address":"2242 WHITES CREEK PIKE","owner":"2242 WHITES CREEK PIKE, LLC","point":[-86.79458628640629,36.20850809913434]}},{"type":"Feature","id":"160035","geometry":{"type":"Polygon","coordinates":[[[-86.7976957308927,36.2085513216074],[-86.7980585092473,36.2083595853241],[-86.7984885700505,36.2072109417372],[-86.7985426588863,36.2072114366663],[-86.7985482968886,36.2072118536187],[-86.7985537830964,36.2072129889778],[-86.7985589771158,36.2072148157328],[-86.79856374724,36.2072172860867],[-86.7985679749793,36.2072203395375],[-86.7985715505494,36.2072238965991],[-86.7985743852034,36.2072278686336],[-86.7985764078592,36.2072321542688],[-86.7985775651638,36.2072366457063],[-86.7985778281733,36.2072412295787],[-86.7985333400633,36.2083328234879],[-86.7985327181173,36.2083373239861],[-86.7985312340497,36.2083416895887],[-86.7985289257016,36.2083458127952],[-86.798525848779,36.2083495931976],[-86.7985220812917,36.208352936549],[-86.7985177136089,36.2083557611382],[-86.7985128540014,36.2083579959511],[-86.7985076231444,36.2083595870152],[-86.7985021485397,36.2083604956347],[-86.7984533768394,36.2083662842591],[-86.7984049673594,36.2083738089993],[-86.7983570144643,36.2083830539103],[-86.7983056978562,36.208394989669],[-86.7982551428351,36.2084088959331],[-86.7981917350227,36.2084295176987],[-86.7981299987018,36.2084532377297],[-86.7980701654183,36.2084799688789],[-86.7980124565661,36.2085096096461],[-86.7979570890101,36.20854205045],[-86.7979287079489,36.2085603731317],[-86.7976055665352,36.2087760550526],[-86.7976957308927,36.2085513216074]]]},"properties":{"id":"160035","parcel":"07008025100","address":"520 HOMESTEAD RIVER WAY","owner":"WEST TRINITY RESIDENCES","point":[-86.79841432183485,36.20778678871141]}},{"type":"Feature","id":"166205","geometry":{"type":"Polygon","coordinates":[[[-86.790018996645,36.2085555704891],[-86.790169586618,36.2085293977394],[-86.7901836283705,36.2085824576212],[-86.7900330394223,36.208608631282],[-86.790018996645,36.2085555704891]]]},"properties":{"id":"166205","parcel":"071010E01100CO","address":"532 PROXIMITY CIR","owner":"RSD TRINITY LANE, LLC","point":[-86.79010131260459,36.20856901408362]}},{"type":"Feature","id":"166206","geometry":{"type":"Polygon","coordinates":[[[-86.7900618334866,36.2087174366816],[-86.7902124226318,36.2086912629857],[-86.7902265095078,36.2087444929032],[-86.7900759202662,36.2087706666163],[-86.7900618334866,36.2087174366816]]]},"properties":{"id":"166206","parcel":"071010E01400CO","address":"526 PROXIMITY CIR","owner":"RSD TRINITY LANE, LLC","point":[-86.79014417148304,36.208730964820695]}},{"type":"Feature","id":"166211","geometry":{"type":"Polygon","coordinates":[[[-86.7907030535222,36.2089300467856],[-86.7907727862097,36.2089177043733],[-86.7908053651276,36.2090385896208],[-86.7907356312178,36.2090509311576],[-86.7907030535222,36.2089300467856]]]},"properties":{"id":"166211","parcel":"071010E05200CO","address":"631 LIVE LIFE LN","owner":"RSD TRINITY LANE, LLC","point":[-86.79075420909243,36.20898431821392]}},{"type":"Feature","id":"166212","geometry":{"type":"Polygon","coordinates":[[[-86.7903552397991,36.2088360060889],[-86.7905065913129,36.2088102118761],[-86.7905206118779,36.2088642425112],[-86.7903692602655,36.2088900367412],[-86.7903552397991,36.2088360060889]]]},"properties":{"id":"166212","parcel":"071010E05400CO","address":"523 PROXIMITY CIR","owner":"RSD TRINITY LANE, LLC","point":[-86.79043792582365,36.20885012432858]}},{"type":"Feature","id":"166213","geometry":{"type":"Polygon","coordinates":[[[-86.7903273643288,36.2087285844899],[-86.7904787156467,36.2087027903112],[-86.7904929362526,36.2087575920205],[-86.7903415848437,36.2087833871179],[-86.7903273643288,36.2087285844899]]]},"properties":{"id":"166213","parcel":"071010E05600CO","address":"527 PROXIMITY CIR","owner":"RSD TRINITY LANE, LLC","point":[-86.79041015024595,36.20874308828373]}},{"type":"Feature","id":"166402","geometry":{"type":"Polygon","coordinates":[[[-86.7901733943891,36.2088124709496],[-86.7902413729599,36.2088006558415],[-86.7902728703512,36.2089196736894],[-86.7902048905711,36.208931488822],[-86.7901733943891,36.2088124709496]]]},"properties":{"id":"166402","parcel":"071010E01500CO","address":"524 PROXIMITY CIR","owner":"POLK, KAREN","point":[-86.79022313208587,36.20886607232951]}},{"type":"Feature","id":"166403","geometry":{"type":"Polygon","coordinates":[[[-86.7901064094137,36.2088241136867],[-86.7901733943891,36.2088124709496],[-86.7902048905711,36.208931488822],[-86.7901379054998,36.2089431315762],[-86.7901064094137,36.2088241136867]]]},"properties":{"id":"166403","parcel":"071010E01600CO","address":"522 PROXIMITY CIR","owner":"GOSSIN, MICHAEL J","point":[-86.79015564995905,36.20887780126461]}},{"type":"Feature","id":"166404","geometry":{"type":"Polygon","coordinates":[[[-86.7900378490771,36.2088360307617],[-86.7901064094137,36.2088241136867],[-86.7901379054998,36.2089431315762],[-86.7900693450561,36.2089550477676],[-86.7900378490771,36.2088360307617]]]},"properties":{"id":"166404","parcel":"071010E01700CO","address":"520 PROXIMITY CIR","owner":"MAHLUM, JACKSON THOMAS","point":[-86.79008787730625,36.208889581179626]}},{"type":"Feature","id":"166428","geometry":{"type":"Polygon","coordinates":[[[-86.7901975791334,36.2090195112693],[-86.7902648641025,36.2090076024511],[-86.7902974411711,36.2091284878398],[-86.7902301560954,36.2091403957746],[-86.7901975791334,36.2090195112693]]]},"properties":{"id":"166428","parcel":"071010E04500CO","address":"617 LIVE LIFE LN","owner":"RSD TRINITY LANE, LLC","point":[-86.7902475101706,36.209073999565184]}},{"type":"Feature","id":"166434","geometry":{"type":"Polygon","coordinates":[[[-86.7902648641025,36.2090076024511],[-86.790332079119,36.2089957066708],[-86.7903646562762,36.2091165911406],[-86.7902974411711,36.2091284878398],[-86.7902648641025,36.2090076024511]]]},"properties":{"id":"166434","parcel":"071010E04600CO","address":"619 LIVE LIFE LN","owner":"RSD TRINITY LANE, LLC","point":[-86.79031476010236,36.20906209680629]}},{"type":"Feature","id":"166441","geometry":{"type":"Polygon","coordinates":[[[-86.7905027797978,36.208965494036],[-86.7905705853292,36.2089534924145],[-86.7906031628416,36.2090743777226],[-86.7905353560908,36.2090863784681],[-86.7905027797978,36.208965494036]]]},"properties":{"id":"166441","parcel":"071010E04900CO","address":"625 LIVE LIFE LN","owner":"RSD TRINITY LANE, LLC","point":[-86.79055297108718,36.2090199358896]}},{"type":"Feature","id":"166515","geometry":{"type":"Polygon","coordinates":[[[-86.7900474046923,36.2086629165765],[-86.7901979948418,36.2086367419897],[-86.7902124226318,36.2086912629857],[-86.7900618334866,36.2087174366816],[-86.7900474046923,36.2086629165765]]]},"properties":{"id":"166515","parcel":"071010E01300CO","address":"528 PROXIMITY CIR","owner":"RSD TRINITY LANE, LLC","point":[-86.79012991382018,36.20867708980981]}},{"type":"Feature","id":"166525","geometry":{"type":"Polygon","coordinates":[[[-86.7901310668087,36.2090312834106],[-86.7901975791334,36.2090195112693],[-86.7902301560954,36.2091403957746],[-86.7901636436742,36.2091521679335],[-86.7901310668087,36.2090312834106]]]},"properties":{"id":"166525","parcel":"071010E04400CO","address":"615 LIVE LIFE LN","owner":"RSD TRINITY LANE, LLC","point":[-86.79018061141795,36.209085839602984]}},{"type":"Feature","id":"166526","geometry":{"type":"Polygon","coordinates":[[[-86.790332079119,36.2089957066708],[-86.7904004053653,36.208983613414],[-86.7904329826216,36.2091044978657],[-86.7903646562762,36.2091165911406],[-86.790332079119,36.2089957066708]]]},"properties":{"id":"166526","parcel":"071010E04700CO","address":"621 LIVE LIFE LN","owner":"REEVES, LAWRENCE STANLEY","point":[-86.79038253083567,36.209050102279015]}},{"type":"Feature","id":"166527","geometry":{"type":"Polygon","coordinates":[[[-86.7904357890859,36.2089773505908],[-86.7905027797978,36.208965494036],[-86.7905353560908,36.2090863784681],[-86.7904683675057,36.209098235026],[-86.7904357890859,36.2089773505908]]]},"properties":{"id":"166527","parcel":"071010E04800CO","address":"623 LIVE LIFE LN","owner":"RSD TRINITY LANE, LLC","point":[-86.79048557305615,36.20903186454081]}},{"type":"Feature","id":"166528","geometry":{"type":"Polygon","coordinates":[[[-86.7907727862097,36.2089177043733],[-86.7908398889473,36.2089058279707],[-86.7908724668416,36.2090267123065],[-86.7908053651276,36.2090385896208],[-86.7907727862097,36.2089177043733]]]},"properties":{"id":"166528","parcel":"071010E05300CO","address":"633 LIVE LIFE LN","owner":"RSD TRINITY LANE, LLC","point":[-86.79082262668963,36.208972208350744]}},{"type":"Feature","id":"166529","geometry":{"type":"Polygon","coordinates":[[[-86.7902858617919,36.2085686491663],[-86.7904372128181,36.2085428550385],[-86.7904507810433,36.2085951384005],[-86.7902994299307,36.2086209334461],[-86.7902858617919,36.2085686491663]]]},"properties":{"id":"166529","parcel":"071010E05900CO","address":"533 PROXIMITY CIR","owner":"RSD TRINITY LANE, LLC","point":[-86.79036832137551,36.208581893811726]}},{"type":"Feature","id":"166832","geometry":{"type":"Polygon","coordinates":[[[-86.7906373572987,36.2089416741684],[-86.7907030535222,36.2089300467856],[-86.7907356312178,36.2090509311576],[-86.7906699349081,36.2090625594588],[-86.7906373572987,36.2089416741684]]]},"properties":{"id":"166832","parcel":"071010E05100CO","address":"629 LIVE LIFE LN","owner":"RSD TRINITY LANE, LLC","point":[-86.79068649417162,36.20899630267313]}},{"type":"Feature","id":"166836","geometry":{"type":"Polygon","coordinates":[[[-86.7903415848437,36.2087833871179],[-86.7904929362526,36.2087575920205],[-86.7905065913129,36.2088102118761],[-86.7903552397991,36.2088360060889],[-86.7903415848437,36.2087833871179]]]},"properties":{"id":"166836","parcel":"071010E05500CO","address":"525 PROXIMITY CIR","owner":"RSD TRINITY LANE, LLC","point":[-86.7904240880926,36.208796799525444]}},{"type":"Feature","id":"166839","geometry":{"type":"Polygon","coordinates":[[[-86.7903137070786,36.2086759547141],[-86.7904650583005,36.2086501605522],[-86.7904787156467,36.2087027903112],[-86.7903273643288,36.2087285844899],[-86.7903137070786,36.2086759547141]]]},"properties":{"id":"166839","parcel":"071010E05700CO","address":"529 PROXIMITY CIR","owner":"RSD TRINITY LANE, LLC","point":[-86.79039621134855,36.20868937254106]}},{"type":"Feature","id":"167053","geometry":{"type":"Polygon","coordinates":[[[-86.7900049688634,36.2085025618689],[-86.7901555587314,36.2084763882351],[-86.790169586618,36.2085293977394],[-86.790018996645,36.2085555704891],[-86.7900049688634,36.2085025618689]]]},"properties":{"id":"167053","parcel":"071010E01000CO","address":"534 PROXIMITY CIR","owner":"RSD TRINITY LANE, LLC","point":[-86.7900872777554,36.20851597983247]}},{"type":"Feature","id":"167056","geometry":{"type":"Polygon","coordinates":[[[-86.7900330394223,36.208608631282],[-86.7901836283705,36.2085824576212],[-86.7901979948418,36.2086367419897],[-86.7900474046923,36.2086629165765],[-86.7900330394223,36.208608631282]]]},"properties":{"id":"167056","parcel":"071010E01200CO","address":"530 PROXIMITY CIR","owner":"RSD TRINITY LANE, LLC","point":[-86.79011551694502,36.20862268666393]}},{"type":"Feature","id":"167057","geometry":{"type":"Polygon","coordinates":[[[-86.7899743644611,36.2088470647069],[-86.7900378490771,36.2088360307617],[-86.7900693450561,36.2089550477676],[-86.7900058614613,36.2089660817216],[-86.7899743644611,36.2088470647069]]]},"properties":{"id":"167057","parcel":"071010E01800CO","address":"518 PROXIMITY CIR","owner":"OPALENSKY, JOSEPH","point":[-86.79002185497879,36.20890105624725]}},{"type":"Feature","id":"167068","geometry":{"type":"Polygon","coordinates":[[[-86.7905705853292,36.2089534924145],[-86.7906373572987,36.2089416741684],[-86.7906699349081,36.2090625594588],[-86.7906031628416,36.2090743777226],[-86.7905705853292,36.2089534924145]]]},"properties":{"id":"167068","parcel":"071010E05000CO","address":"627 LIVE LIFE LN","owner":"RSD TRINITY LANE, LLC","point":[-86.79062026008444,36.20900802594709]}},{"type":"Feature","id":"167071","geometry":{"type":"Polygon","coordinates":[[[-86.7902994299307,36.2086209334461],[-86.7904507810433,36.2085951384005],[-86.7904650583005,36.2086501605522],[-86.7903137070786,36.2086759547141],[-86.7902994299307,36.2086209334461]]]},"properties":{"id":"167071","parcel":"071010E05800CO","address":"531 PROXIMITY CIR","owner":"RSD TRINITY LANE, LLC","point":[-86.7903822441298,36.208635547027825]}},{"type":"Feature","id":"167870","geometry":{"type":"Polygon","coordinates":[[[-86.7892522293896,36.2090494947886],[-86.7892041604175,36.2088998060916],[-86.7891534394353,36.2087506934815],[-86.7891000756489,36.2086021866365],[-86.7890440794118,36.2084543188322],[-86.7890609352562,36.2084176319939],[-86.7891573710541,36.2083970939194],[-86.789252773121,36.2083735955783],[-86.7893470005428,36.2083471703395],[-86.7894399180115,36.2083178560416],[-86.7895313924969,36.2082856959167],[-86.7896212876698,36.2082507368233],[-86.7897094750129,36.2082130282734],[-86.7897958271843,36.2081726260803],[-86.789880219094,36.2081295887465],[-86.789899884704,36.2081190271361],[-86.7899571209222,36.2080872168111],[-86.7900136269015,36.2080545586442],[-86.7901821013284,36.2079575794911],[-86.7912124546113,36.2090149201636],[-86.7893394870316,36.2093472429982],[-86.7893392181951,36.2093462668894],[-86.789297022394,36.209197631275],[-86.7892522293896,36.2090494947886]],[[-86.7895994601582,36.209252020703],[-86.7896651223714,36.2092403995185],[-86.7897301151472,36.209228897136],[-86.789697538902,36.2091080115976],[-86.7896325462296,36.2091195148642],[-86.7895668841026,36.2091311351302],[-86.789502046817,36.2091426111738],[-86.7895346216575,36.2092634958698],[-86.7895994601582,36.209252020703]],[[-86.7894689997527,36.2091568327861],[-86.78945261152,36.2091048588676],[-86.7894357386912,36.2090513469612],[-86.7894189990881,36.2089982568713],[-86.7892725885167,36.2090285768915],[-86.7892893269073,36.2090816661073],[-86.7893061996347,36.2091351771325],[-86.7893225877957,36.2091871528728],[-86.7894689997527,36.2091568327861]],[[-86.7893925673855,36.2089144269024],[-86.7893767763991,36.2088643471181],[-86.7893599461991,36.2088109737135],[-86.7892135359509,36.2088412936637],[-86.7892303649378,36.2088946661944],[-86.7892461547348,36.2089447469058],[-86.7892638415565,36.2090008374288],[-86.78941025321,36.2089705192142],[-86.7893925673855,36.2089144269024]],[[-86.7897862008367,36.2087657464326],[-86.7897722563985,36.2087130544874],[-86.7897579156655,36.2086588699427],[-86.7897438210209,36.2086056084781],[-86.7897296778596,36.2085521634716],[-86.7895806386343,36.2085780677719],[-86.7895947828029,36.208631511887],[-86.789608877352,36.2086847733685],[-86.7896232168849,36.208738958839],[-86.7896371612197,36.2087916498999],[-86.7896514037197,36.2088454682864],[-86.7898004434243,36.2088195639008],[-86.7897862008367,36.2087657464326]],[[-86.7903415848437,36.2087833871179],[-86.7903552397991,36.2088360060889],[-86.7903692602655,36.2088900367412],[-86.7905206118779,36.2088642425112],[-86.7905065913129,36.2088102118761],[-86.7904929362526,36.2087575920205],[-86.7904787156467,36.2087027903112],[-86.7904650583005,36.2086501605522],[-86.7904507810433,36.2085951384005],[-86.7904372128181,36.2085428550385],[-86.79042304897,36.2084882728556],[-86.7902716980434,36.208514066966],[-86.7902858617919,36.2085686491663],[-86.7902994299307,36.2086209334461],[-86.7903137070786,36.2086759547141],[-86.7903273643288,36.2087285844899],[-86.7903415848437,36.2087833871179]],[[-86.7902124226318,36.2086912629857],[-86.7901979948418,36.2086367419897],[-86.7901836283705,36.2085824576212],[-86.790169586618,36.2085293977394],[-86.7901555587314,36.2084763882351],[-86.7900049688634,36.2085025618689],[-86.790018996645,36.2085555704891],[-86.7900330394223,36.208608631282],[-86.7900474046923,36.2086629165765],[-86.7900618334866,36.2087174366816],[-86.7900759202662,36.2087706666163],[-86.7902265095078,36.2087444929032],[-86.7902124226318,36.2086912629857]],[[-86.7892571199621,36.2085430913136],[-86.789317722216,36.2085251639257],[-86.7893298348348,36.2085520576381],[-86.7893947626453,36.2085328509905],[-86.7894566721807,36.2085145373595],[-86.7895187702028,36.2084961692898],[-86.7895827310075,36.2084772473516],[-86.7896461307387,36.2084584939784],[-86.7897102921939,36.2084395138806],[-86.7896468150792,36.2082985817851],[-86.7895826537138,36.2083175609487],[-86.7895192540982,36.2083363160918],[-86.789455292262,36.208355236202],[-86.7893931954656,36.2083736060349],[-86.7893312860165,36.2083919187329],[-86.789266358306,36.208411125347],[-86.7892556456622,36.2083873408344],[-86.7891950434997,36.2084052681919],[-86.789131875463,36.2084239540221],[-86.7890697131167,36.2084423430422],[-86.7891317893904,36.2085801662269],[-86.7891939518304,36.2085617771756],[-86.7892571199621,36.2085430913136]],[[-86.7899438769811,36.2081345564716],[-86.7899637609618,36.2081584251325],[-86.7898211977264,36.2082364261243],[-86.7899155707099,36.2083497108941],[-86.7902147043343,36.2081860453854],[-86.7901004460089,36.2080488931169],[-86.7899438769811,36.2081345564716]],[[-86.7901733943891,36.2088124709496],[-86.7901064094137,36.2088241136867],[-86.7900378490771,36.2088360307617],[-86.7899743644611,36.2088470647069],[-86.7900058614613,36.2089660817216],[-86.7900693450561,36.2089550477676],[-86.7901379054998,36.2089431315762],[-86.7902048905711,36.208931488822],[-86.7902728703512,36.2089196736894],[-86.7902413729599,36.2088006558415],[-86.7901733943891,36.2088124709496]],[[-86.7907727862097,36.2089177043733],[-86.7907030535222,36.2089300467856],[-86.7906373572987,36.2089416741684],[-86.7905705853292,36.2089534924145],[-86.7905027797978,36.208965494036],[-86.7904357890859,36.2089773505908],[-86.7904683675057,36.209098235026],[-86.7905353560908,36.2090863784681],[-86.7906031628416,36.2090743777226],[-86.7906699349081,36.2090625594588],[-86.7907356312178,36.2090509311576],[-86.7908053651276,36.2090385896208],[-86.7908724668416,36.2090267123065],[-86.7908398889473,36.2089058279707],[-86.7907727862097,36.2089177043733]],[[-86.790332079119,36.2089957066708],[-86.7902648641025,36.2090076024511],[-86.7901975791334,36.2090195112693],[-86.7901310668087,36.2090312834106],[-86.7901636436742,36.2091521679335],[-86.7902301560954,36.2091403957746],[-86.7902974411711,36.2091284878398],[-86.7903646562762,36.2091165911406],[-86.7904329826216,36.2091044978657],[-86.7904004053653,36.208983613414],[-86.790332079119,36.2089957066708]],[[-86.7899293849014,36.2090669786542],[-86.7898630201464,36.2090787244467],[-86.7897959182282,36.2090906002987],[-86.7897316283088,36.2091019791554],[-86.7897642045945,36.2092228637835],[-86.7898284946073,36.2092114849099],[-86.7898955966228,36.2091996090402],[-86.7899619614741,36.2091878632303],[-86.7900296207491,36.2091758890082],[-86.7899970440692,36.2090550035489],[-86.7899293849014,36.2090669786542]],[[-86.7897542238709,36.2090098173445],[-86.7898212301476,36.2089981710604],[-86.7898865378303,36.208986820647],[-86.7899542279494,36.2089750562571],[-86.7899227310232,36.2088560392292],[-86.789855042113,36.2088678035946],[-86.7897897345328,36.2088791548924],[-86.789722728352,36.2088908011596],[-86.7896576682953,36.2089021084077],[-86.789689162609,36.2090211246166],[-86.7897542238709,36.2090098173445]],[[-86.7893338844085,36.2087283183545],[-86.7893174550014,36.2086762121966],[-86.7893011128564,36.2086243794482],[-86.7891547018092,36.2086546984347],[-86.7891710449767,36.2087065311952],[-86.7891874742939,36.2087586373726],[-86.7892041723402,36.2088115952833],[-86.7893505825461,36.2087812762454],[-86.7893338844085,36.2087283183545]]]},"properties":{"id":"167870","parcel":"071010E90000CO","address":"501 B W TRINITY LN","owner":"PROXIMITY HOMEOWNERS ASSOCIATION, INC.","point":[-86.79066347712298,36.20865392736591]}},{"type":"Feature","id":"169901","geometry":{"type":"Polygon","coordinates":[[[-86.7902716980434,36.208514066966],[-86.79042304897,36.2084882728556],[-86.7904372128181,36.2085428550385],[-86.7902858617919,36.2085686491663],[-86.7902716980434,36.208514066966]]]},"properties":{"id":"169901","parcel":"071010E06000CO","address":"535 PROXIMITY CIR","owner":"RSD TRINITY LANE, LLC","point":[-86.7903544554156,36.208528461030824]}},{"type":"Feature","id":"169903","geometry":{"type":"Polygon","coordinates":[[[-86.7899438769811,36.2081345564716],[-86.7901004460089,36.2080488931169],[-86.7902147043343,36.2081860453854],[-86.7899155707099,36.2083497108941],[-86.7898211977264,36.2082364261243],[-86.7899637609618,36.2081584251325],[-86.7899438769811,36.2081345564716]]]},"properties":{"id":"169903","parcel":"071010E06100CO","address":"515 W TRINITY LN","owner":"RSD TRINITY LANE, LLC","point":[-86.79001795099012,36.20821123591667]}},{"type":"Feature","id":"173059","geometry":{"type":"Polygon","coordinates":[[[-86.794625427722,36.2067848992246],[-86.7946329195503,36.2067742213666],[-86.7946335833597,36.2067743224459],[-86.7947876152546,36.2065547631127],[-86.794863363138,36.2065891847619],[-86.7949346413203,36.2066215746057],[-86.7950102831945,36.2066559472915],[-86.7950037473011,36.2066649100913],[-86.7950041081392,36.2066650735475],[-86.7948886387469,36.2068234685657],[-86.7948882957263,36.2068234185506],[-86.794888110854,36.2068233918285],[-86.7947979481532,36.2068101797904],[-86.7947073578235,36.2067969056087],[-86.794625427722,36.2067848992246]]]},"properties":{"id":"173059","parcel":"07008025200","address":"632 W TRINITY LN","owner":"GANZER, JUSTIN ROBERT & BREANNA RENEE","point":[-86.79481812935786,36.20671964694224]}},{"type":"Feature","id":"178333","geometry":{"type":"Polygon","coordinates":[[[-86.7929646174895,36.2079567516519],[-86.7929294973102,36.2079391427308],[-86.7929448609041,36.2079190149607],[-86.7930016907159,36.2078435785773],[-86.7930582851048,36.2078719534966],[-86.792999175871,36.207951427196],[-86.7929771226498,36.2079403702571],[-86.7929646174895,36.2079567516519]]]},"properties":{"id":"178333","parcel":"071050E01200CO","address":"2214 WHITES CREEK PIKE","owner":"PROVINCE BUILDERS, LLC","point":[-86.79300168601007,36.207895484437614]}},{"type":"Feature","id":"178334","geometry":{"type":"Polygon","coordinates":[[[-86.792908881798,36.2079259484654],[-86.7928719509869,36.2079074321314],[-86.7928823693944,36.2078937835474],[-86.7929422769958,36.2078137350659],[-86.7929473176918,36.2078071317845],[-86.7930067632608,36.207836935429],[-86.7930016907159,36.2078435785773],[-86.7929448609041,36.2079190149607],[-86.7929226679855,36.2079078877296],[-86.792908881798,36.2079259484654]]]},"properties":{"id":"178334","parcel":"071050E01300CO","address":"2212 WHITES CREEK PIKE","owner":"PROVINCE BUILDERS, LLC","point":[-86.79294196776597,36.20786868096953]}},{"type":"Feature","id":"178335","geometry":{"type":"Polygon","coordinates":[[[-86.7928521392824,36.2079001087911],[-86.7928120923825,36.2078800311871],[-86.7928282551561,36.2078588590324],[-86.7928859263527,36.2077854828658],[-86.7929422769958,36.2078137350659],[-86.7928823693944,36.2078937835474],[-86.7928639990052,36.2078845734219],[-86.7928521392824,36.2079001087911]]]},"properties":{"id":"178335","parcel":"071050E01400CO","address":"2210 WHITES CREEK PIKE","owner":"PROVINCE BUILDERS, LLC","point":[-86.79288569069179,36.20783629779761]}},{"type":"Feature","id":"178336","geometry":{"type":"Polygon","coordinates":[[[-86.7933481765123,36.2069312341263],[-86.7933815545318,36.2068852227243],[-86.7934257544958,36.2069062822667],[-86.7934388399975,36.2068882431925],[-86.7934858379503,36.2069106353173],[-86.793473602574,36.2069275007776],[-86.7935052284433,36.2069425693216],[-86.7934710738378,36.2069896520505],[-86.7934634151479,36.2069860027019],[-86.7933572285853,36.2069355466678],[-86.7933481765123,36.2069312341263]]]},"properties":{"id":"178336","parcel":"071050E02700CO","address":"621 W TRINITY LN #1","owner":"PROVINCE BUILDERS, LLC","point":[-86.79343123829108,36.206939058034436]}},{"type":"Feature","id":"178337","geometry":{"type":"Polygon","coordinates":[[[-86.79296981011,36.2076265347879],[-86.7928752396589,36.2075817322659],[-86.7929224060777,36.2075188345953],[-86.7930266086858,36.2075702422469],[-86.7929920071691,36.2076169501354],[-86.7929797151369,36.2076115971588],[-86.79296981011,36.2076265347879]]]},"properties":{"id":"178337","parcel":"071050E01800CO","address":"621 W TRINITY LN #10","owner":"PROVINCE BUILDERS, LLC","point":[-86.7929509507951,36.20757598732641]}},{"type":"Feature","id":"178338","geometry":{"type":"Polygon","coordinates":[[[-86.7931912773909,36.2075672320556],[-86.7932265807094,36.2075214351784],[-86.7932382253831,36.2075273313357],[-86.7932507407754,36.2075110958466],[-86.7933404175238,36.2075564998222],[-86.7932942499922,36.2076163880983],[-86.7931912773909,36.2075672320556]]]},"properties":{"id":"178338","parcel":"071050E00500CO","address":"621 W TRINITY LN #15","owner":"PROVINCE BUILDERS, LLC","point":[-86.79326584738442,36.20756186596203]}},{"type":"Feature","id":"178339","geometry":{"type":"Polygon","coordinates":[[[-86.7931109725998,36.2080226441581],[-86.7931067331817,36.2080205188921],[-86.7931152635116,36.2080093449296],[-86.7931767541397,36.2079276952133],[-86.7931804731861,36.2079228238116],[-86.7931840263432,36.2079246056964],[-86.7932355599218,36.2079504424799],[-86.793174621624,36.2080302707575],[-86.7931570715551,36.2080214716705],[-86.7931436641003,36.2080390351537],[-86.7931109725998,36.2080226441581]]]},"properties":{"id":"178339","parcel":"071050E00900CO","address":"2220 WHITES CREEK PIKE","owner":"PROVINCE BUILDERS, LLC","point":[-86.79317526043879,36.207979893458536]}},{"type":"Feature","id":"180203","geometry":{"type":"Polygon","coordinates":[[[-86.7927213492973,36.2078039396251],[-86.7927795973789,36.2077276360354],[-86.7928274480499,36.2077490819],[-86.7927595262,36.2078424350586],[-86.7927245849583,36.2078249168318],[-86.7927352701323,36.2078109195241],[-86.7927213492973,36.2078039396251]]]},"properties":{"id":"180203","parcel":"071050E01600CO","address":"2206 WHITES CREEK PIKE","owner":"PROVINCE BUILDERS, LLC","point":[-86.79277488994397,36.207776511625006]}},{"type":"Feature","id":"180204","geometry":{"type":"Polygon","coordinates":[[[-86.7930723284419,36.208074464421],[-86.7929931506119,36.2080362987197],[-86.7928953647019,36.2079856104752],[-86.7927994751176,36.2079325943662],[-86.7927055690693,36.2078772966903],[-86.7926675223195,36.2078531583521],[-86.7926143397293,36.207819417289],[-86.7925549889075,36.2077791582193],[-86.7932702802645,36.2068426464082],[-86.7933717696771,36.2068436740397],[-86.7935025402199,36.2068488316249],[-86.7936330561122,36.206857211845],[-86.7937631972104,36.2068688091819],[-86.7938786793226,36.2068777764385],[-86.7938080400744,36.2069722061663],[-86.7937890228588,36.2069963605662],[-86.7935771027975,36.2072796431502],[-86.7935064628143,36.2073740708886],[-86.7934684177186,36.2074245760221],[-86.793281796199,36.2076672468794],[-86.7932731535095,36.2076798563985],[-86.7933371688518,36.2077112341046],[-86.7934103301468,36.2077472896085],[-86.7934029842854,36.20775835487],[-86.7934028560728,36.2077585449768],[-86.7931447373381,36.2081074337046],[-86.7930723284419,36.208074464421]],[[-86.7931436641003,36.2080390351537],[-86.7931570715551,36.2080214716705],[-86.793174621624,36.2080302707575],[-86.7932355599218,36.2079504424799],[-86.7931840263432,36.2079246056964],[-86.7931804731861,36.2079228238116],[-86.7931767541397,36.2079276952133],[-86.7931185043625,36.2078984903465],[-86.7931215252612,36.2078945329028],[-86.7931088271336,36.2078881659857],[-86.7930633224768,36.2078653520348],[-86.7930582851048,36.2078719534966],[-86.7930016907159,36.2078435785773],[-86.7930067632608,36.207836935429],[-86.7929473176918,36.2078071317845],[-86.7929422769958,36.2078137350659],[-86.7928859263527,36.2077854828658],[-86.7928912530713,36.2077776772309],[-86.7928274480499,36.2077490819],[-86.7927795973789,36.2077276360354],[-86.7927213492973,36.2078039396251],[-86.7927352701323,36.2078109195241],[-86.7927245849583,36.2078249168318],[-86.7927595262,36.2078424350586],[-86.7927565316313,36.2078463580725],[-86.7927947667321,36.2078655283048],[-86.7928077186934,36.2078485626815],[-86.7928282551561,36.2078588590324],[-86.7928120923825,36.2078800311871],[-86.7928521392824,36.2079001087911],[-86.7928639990052,36.2078845734219],[-86.7928823693944,36.2078937835474],[-86.7928719509869,36.2079074321314],[-86.792908881798,36.2079259484654],[-86.7929226679855,36.2079078877296],[-86.7929448609041,36.2079190149607],[-86.7929294973102,36.2079391427308],[-86.7929646174895,36.2079567516519],[-86.7929771226498,36.2079403702571],[-86.792999175871,36.207951427196],[-86.7929911307267,36.2079619661814],[-86.7930267103033,36.207979805494],[-86.7930385425638,36.2079643063386],[-86.7930463228467,36.2079682081691],[-86.7930594311655,36.2079747796884],[-86.7930446735126,36.2079941121878],[-86.7930827556235,36.2080132049241],[-86.7930938853419,36.207998626057],[-86.7931152635116,36.2080093449296],[-86.7931067331817,36.2080205188921],[-86.7931109725998,36.2080226441581],[-86.7931436641003,36.2080390351537]],[[-86.7931843067151,36.2077915112434],[-86.793227020766,36.2078125094165],[-86.7932566870409,36.2078270934004],[-86.793285167564,36.2078410939401],[-86.7932936594222,36.2078297471751],[-86.7933136630749,36.2078395809928],[-86.7933660035931,36.2077696535841],[-86.7933173216286,36.2077457214101],[-86.79329001347,36.2077322962914],[-86.7932470424023,36.2077111718497],[-86.7932082008187,36.2076920769428],[-86.7931548373957,36.2077633692008],[-86.7931749829434,36.2077732724078],[-86.7931675116672,36.207783254263],[-86.7931843067151,36.2077915112434]],[[-86.7933404175238,36.2075564998222],[-86.7932507407754,36.2075110958466],[-86.7932382253831,36.2075273313357],[-86.7932265807094,36.2075214351784],[-86.7931912773909,36.2075672320556],[-86.793154953017,36.2076143514672],[-86.7931690656695,36.2076214958884],[-86.7931575887978,36.2076363834729],[-86.7932462512021,36.2076786532898],[-86.7932942499922,36.2076163880983],[-86.7933404175238,36.2075564998222]],[[-86.7929294034729,36.2076760269149],[-86.7929402835741,36.2076596192412],[-86.7929578934182,36.2076672886891],[-86.792981532503,36.2076316400546],[-86.79296981011,36.2076265347879],[-86.7929797151369,36.2076115971588],[-86.7929920071691,36.2076169501354],[-86.7930266086858,36.2075702422469],[-86.7930613089092,36.2075234003129],[-86.7930502187283,36.2075185711937],[-86.7930613989685,36.2075017109071],[-86.7930710749854,36.2074871181537],[-86.7930850491379,36.2074932045143],[-86.7931191047143,36.2074469616274],[-86.7931549245264,36.2073983233103],[-86.7931418968394,36.2073920216492],[-86.7931541072155,36.2073783135025],[-86.7931666299103,36.2073642545157],[-86.7931777468911,36.207369096066],[-86.7932142410103,36.2073232832564],[-86.7932500299927,36.2072783564989],[-86.7932349925373,36.2072718075855],[-86.7932466339278,36.2072542511822],[-86.7931561780579,36.2072148573469],[-86.7931095752677,36.207274140067],[-86.7930602545802,36.2073368807254],[-86.7930674436714,36.2073400537131],[-86.7930225199111,36.2073996624409],[-86.7929760902446,36.2074612656131],[-86.7929681654924,36.2074578135539],[-86.7929224060777,36.2075188345953],[-86.7928752396589,36.2075817322659],[-86.7928352702784,36.2076350311154],[-86.7929294034729,36.2076760269149]],[[-86.7935063370666,36.2071763172939],[-86.7935944001253,36.2072216271411],[-86.7936450325258,36.2071569922029],[-86.7936930262054,36.2070957236666],[-86.7936058340363,36.2070508633031],[-86.7935914165976,36.2070692680466],[-86.7935778494442,36.2070622868223],[-86.7935418365529,36.2071082588117],[-86.7935059114805,36.2071541202588],[-86.7935186089574,36.207160652971],[-86.7935063370666,36.2071763172939]],[[-86.7933127391931,36.2071669535093],[-86.7933239390853,36.207151512551],[-86.7933403493013,36.2071593313226],[-86.7933742945399,36.2071125375113],[-86.7934075497708,36.2070666963485],[-86.7933919239817,36.2070592509613],[-86.7934041462139,36.2070424018191],[-86.7934155095418,36.207026738068],[-86.7934291496919,36.2070332366569],[-86.7934634151479,36.2069860027019],[-86.7934710738378,36.2069896520505],[-86.7935052284433,36.2069425693216],[-86.793473602574,36.2069275007776],[-86.7934858379503,36.2069106353173],[-86.7934388399975,36.2068882431925],[-86.7934257544958,36.2069062822667],[-86.7933815545318,36.2068852227243],[-86.7933481765123,36.2069312341263],[-86.7933572285853,36.2069355466678],[-86.7933123434834,36.2069974192238],[-86.7932673793557,36.2070594031357],[-86.7932210494297,36.2071232679175],[-86.7933127391931,36.2071669535093]],[[-86.7933643186816,36.2073632983731],[-86.7933520511641,36.2073794060702],[-86.793338084686,36.2073724193314],[-86.7933027375602,36.2074188266846],[-86.7932675451765,36.2074650320292],[-86.7932807438739,36.2074713064169],[-86.7932682740024,36.2074885338974],[-86.7933609990791,36.207532615513],[-86.7934070381479,36.2074690112583],[-86.7934030333976,36.2074671079731],[-86.7934490252184,36.2074035680006],[-86.7933643186816,36.2073632983731]]]},"properties":{"id":"180204","parcel":"071050E90000CO","address":"2206 B WHITES CREEK PIKE","owner":"O.I.C. BRIXWORTH","point":[-86.79318517679701,36.20747922834577]}},{"type":"Feature","id":"180205","geometry":{"type":"Polygon","coordinates":[[[-86.7931095752677,36.207274140067],[-86.7931561780579,36.2072148573469],[-86.7932466339278,36.2072542511822],[-86.7932349925373,36.2072718075855],[-86.7932500299927,36.2072783564989],[-86.7932142410103,36.2073232832564],[-86.7931095752677,36.207274140067]]]},"properties":{"id":"180205","parcel":"071050E02300CO","address":"621 W TRINITY LN #5","owner":"PROVINCE BUILDERS, LLC","point":[-86.79317964446238,36.207262923696355]}},{"type":"Feature","id":"180206","geometry":{"type":"Polygon","coordinates":[[[-86.7931541072155,36.2073783135025],[-86.7930674436714,36.2073400537131],[-86.7930602545802,36.2073368807254],[-86.7931095752677,36.207274140067],[-86.7932142410103,36.2073232832564],[-86.7931777468911,36.207369096066],[-86.7931666299103,36.2073642545157],[-86.7931541072155,36.2073783135025]]]},"properties":{"id":"180206","parcel":"071050E02200CO","address":"621 W TRINITY LN #6","owner":"PROVINCE BUILDERS, LLC","point":[-86.79313721154531,36.207330081953025]}},{"type":"Feature","id":"180207","geometry":{"type":"Polygon","coordinates":[[[-86.7930225199111,36.2073996624409],[-86.7930674436714,36.2073400537131],[-86.7931541072155,36.2073783135025],[-86.7931418968394,36.2073920216492],[-86.7931549245264,36.2073983233103],[-86.7931191047143,36.2074469616274],[-86.7930225199111,36.2073996624409]]]},"properties":{"id":"180207","parcel":"071050E02100CO","address":"621 W TRINITY LN #7","owner":"PROVINCE BUILDERS, LLC","point":[-86.79308723691913,36.207395066736275]}},{"type":"Feature","id":"180208","geometry":{"type":"Polygon","coordinates":[[[-86.7930613989685,36.2075017109071],[-86.7929760902446,36.2074612656131],[-86.7930225199111,36.2073996624409],[-86.7931191047143,36.2074469616274],[-86.7930850491379,36.2074932045143],[-86.7930710749854,36.2074871181537],[-86.7930613989685,36.2075017109071]]]},"properties":{"id":"180208","parcel":"071050E02000CO","address":"621 W TRINITY LN #8","owner":"PROVINCE BUILDERS, LLC","point":[-86.79304766003365,36.20745411374978]}},{"type":"Feature","id":"180209","geometry":{"type":"Polygon","coordinates":[[[-86.7929294034729,36.2076760269149],[-86.7928352702784,36.2076350311154],[-86.7928752396589,36.2075817322659],[-86.79296981011,36.2076265347879],[-86.792981532503,36.2076316400546],[-86.7929578934182,36.2076672886891],[-86.7929402835741,36.2076596192412],[-86.7929294034729,36.2076760269149]]]},"properties":{"id":"180209","parcel":"071050E01700CO","address":"621 W TRINITY LN #11","owner":"PROVINCE BUILDERS, LLC","point":[-86.79290778749981,36.20762896997872]}},{"type":"Feature","id":"180210","geometry":{"type":"Polygon","coordinates":[[[-86.793154953017,36.2076143514672],[-86.7931912773909,36.2075672320556],[-86.7932942499922,36.2076163880983],[-86.7932462512021,36.2076786532898],[-86.7931575887978,36.2076363834729],[-86.7931690656695,36.2076214958884],[-86.793154953017,36.2076143514672]]]},"properties":{"id":"180210","parcel":"071050E00600CO","address":"621 W TRINITY LN #14","owner":"PROVINCE BUILDERS, LLC","point":[-86.79322387012154,36.207629044295864]}},{"type":"Feature","id":"180211","geometry":{"type":"Polygon","coordinates":[[[-86.7931548373957,36.2077633692008],[-86.7932082008187,36.2076920769428],[-86.7932470424023,36.2077111718497],[-86.79329001347,36.2077322962914],[-86.793227020766,36.2078125094165],[-86.7931843067151,36.2077915112434],[-86.7931675116672,36.207783254263],[-86.7931749829434,36.2077732724078],[-86.7931548373957,36.2077633692008]]]},"properties":{"id":"180211","parcel":"071050E00700CO","address":"621 W TRINITY LN #12","owner":"PROVINCE BUILDERS, LLC","point":[-86.79322213817915,36.207747832268936]}},{"type":"Feature","id":"180212","geometry":{"type":"Polygon","coordinates":[[[-86.793285167564,36.2078410939401],[-86.7932566870409,36.2078270934004],[-86.793227020766,36.2078125094165],[-86.79329001347,36.2077322962914],[-86.7933173216286,36.2077457214101],[-86.7933660035931,36.2077696535841],[-86.7933136630749,36.2078395809928],[-86.7932936594222,36.2078297471751],[-86.793285167564,36.2078410939401]]]},"properties":{"id":"180212","parcel":"071050E00800CO","address":"621 W TRINITY LN #13","owner":"PROVINCE BUILDERS, LLC","point":[-86.79329690782195,36.207791082203855]}},{"type":"Feature","id":"180213","geometry":{"type":"Polygon","coordinates":[[[-86.7927947667321,36.2078655283048],[-86.7927565316313,36.2078463580725],[-86.7927595262,36.2078424350586],[-86.7928274480499,36.2077490819],[-86.7928912530713,36.2077776772309],[-86.7928859263527,36.2077854828658],[-86.7928282551561,36.2078588590324],[-86.7928077186934,36.2078485626815],[-86.7927947667321,36.2078655283048]]]},"properties":{"id":"180213","parcel":"071050E01500CO","address":"2208 WHITES CREEK PIKE","owner":"PROVINCE BUILDERS, LLC","point":[-86.79282189396153,36.207813957538214]}},{"type":"Feature","id":"180214","geometry":{"type":"Polygon","coordinates":[[[-86.7930267103033,36.207979805494],[-86.7929911307267,36.2079619661814],[-86.792999175871,36.207951427196],[-86.7930582851048,36.2078719534966],[-86.7930633224768,36.2078653520348],[-86.7931088271336,36.2078881659857],[-86.7931215252612,36.2078945329028],[-86.7931185043625,36.2078984903465],[-86.7930594311655,36.2079747796884],[-86.7930463228467,36.2079682081691],[-86.7930385425638,36.2079643063386],[-86.7930267103033,36.207979805494]]]},"properties":{"id":"180214","parcel":"071050E01100CO","address":"2216 WHITES CREEK PIKE","owner":"PROVINCE BUILDERS, LLC","point":[-86.79305843501018,36.207924958085734]}},{"type":"Feature","id":"182747","geometry":{"type":"Polygon","coordinates":[[[-86.7929224060777,36.2075188345953],[-86.7929681654924,36.2074578135539],[-86.7929760902446,36.2074612656131],[-86.7930613989685,36.2075017109071],[-86.7930502187283,36.2075185711937],[-86.7930613089092,36.2075234003129],[-86.7930266086858,36.2075702422469],[-86.7929224060777,36.2075188345953]]]},"properties":{"id":"182747","parcel":"071050E01900CO","address":"621 W W TRINITY LN #9","owner":"PROVINCE BUILDERS, LLC","point":[-86.79299244927157,36.2075100314788]}},{"type":"Feature","id":"182753","geometry":{"type":"Polygon","coordinates":[[[-86.7933027375602,36.2074188266846],[-86.793338084686,36.2073724193314],[-86.7933520511641,36.2073794060702],[-86.7933643186816,36.2073632983731],[-86.7934490252184,36.2074035680006],[-86.7934030333976,36.2074671079731],[-86.7933027375602,36.2074188266846]]]},"properties":{"id":"182753","parcel":"071050E00300CO","address":"621 W TRINITY LN #17","owner":"PROVINCE BUILDERS, LLC","point":[-86.79337602777382,36.20741119761769]}},{"type":"Feature","id":"182759","geometry":{"type":"Polygon","coordinates":[[[-86.7930827556235,36.2080132049241],[-86.7930446735126,36.2079941121878],[-86.7930594311655,36.2079747796884],[-86.7931185043625,36.2078984903465],[-86.7931767541397,36.2079276952133],[-86.7931152635116,36.2080093449296],[-86.7930938853419,36.207998626057],[-86.7930827556235,36.2080132049241]]]},"properties":{"id":"182759","parcel":"071050E01000CO","address":"2218 WHITES CREEK PIKE","owner":"PROVINCE BUILDERS, LLC","point":[-86.79311834295609,36.207951237897966]}},{"type":"Feature","id":"182893","geometry":{"type":"Polygon","coordinates":[[[-86.7935059114805,36.2071541202588],[-86.7935418365529,36.2071082588117],[-86.7936450325258,36.2071569922029],[-86.7935944001253,36.2072216271411],[-86.7935063370666,36.2071763172939],[-86.7935186089574,36.207160652971],[-86.7935059114805,36.2071541202588]]]},"properties":{"id":"182893","parcel":"071050E00200CO","address":"621 W TRINITY LN #18","owner":"PROVINCE BUILDERS, LLC","point":[-86.79357416786783,36.20716859155741]}},{"type":"Feature","id":"182897","geometry":{"type":"Polygon","coordinates":[[[-86.7935418365529,36.2071082588117],[-86.7935778494442,36.2070622868223],[-86.7935914165976,36.2070692680466],[-86.7936058340363,36.2070508633031],[-86.7936930262054,36.2070957236666],[-86.7936450325258,36.2071569922029],[-86.7935418365529,36.2071082588117]]]},"properties":{"id":"182897","parcel":"071050E00100CO","address":"621 W TRINITY LN #19","owner":"PROVINCE BUILDERS, LLC","point":[-86.79361743148463,36.20710199126323]}},{"type":"Feature","id":"182901","geometry":{"type":"Polygon","coordinates":[[[-86.7933127391931,36.2071669535093],[-86.7932210494297,36.2071232679175],[-86.7932673793557,36.2070594031357],[-86.7933742945399,36.2071125375113],[-86.7933403493013,36.2071593313226],[-86.7933239390853,36.207151512551],[-86.7933127391931,36.2071669535093]]]},"properties":{"id":"182901","parcel":"071050E02400CO","address":"621 W TRINITY LN #4","owner":"PROVINCE BUILDERS, LLC","point":[-86.7932976720303,36.20711790273902]}},{"type":"Feature","id":"182903","geometry":{"type":"Polygon","coordinates":[[[-86.7932673793557,36.2070594031357],[-86.7933123434834,36.2069974192238],[-86.7934041462139,36.2070424018191],[-86.7933919239817,36.2070592509613],[-86.7934075497708,36.2070666963485],[-86.7933742945399,36.2071125375113],[-86.7932673793557,36.2070594031357]]]},"properties":{"id":"182903","parcel":"071050E02500CO","address":"621 W TRINITY LN #3","owner":"PROVINCE BUILDERS, LLC","point":[-86.79333589592034,36.207050719107684]}},{"type":"Feature","id":"182905","geometry":{"type":"Polygon","coordinates":[[[-86.7934041462139,36.2070424018191],[-86.7933123434834,36.2069974192238],[-86.7933572285853,36.2069355466678],[-86.7934634151479,36.2069860027019],[-86.7934291496919,36.2070332366569],[-86.7934155095418,36.207026738068],[-86.7934041462139,36.2070424018191]]]},"properties":{"id":"182905","parcel":"071050E02600CO","address":"621 W TRINITY LN #2","owner":"PROVINCE BUILDERS, LLC","point":[-86.79338787932615,36.20699171098672]}},{"type":"Feature","id":"182909","geometry":{"type":"Polygon","coordinates":[[[-86.7932675451765,36.2074650320292],[-86.7933027375602,36.2074188266846],[-86.7934030333976,36.2074671079731],[-86.7934070381479,36.2074690112583],[-86.7933609990791,36.207532615513],[-86.7932682740024,36.2074885338974],[-86.7932807438739,36.2074713064169],[-86.7932675451765,36.2074650320292]]]},"properties":{"id":"182909","parcel":"071050E00400CO","address":"621 W TRINITY LN #16","owner":"PROVINCE BUILDERS, LLC","point":[-86.7933367476266,36.20748002764422]}},{"type":"Feature","id":"190851","geometry":{"type":"Polygon","coordinates":[[[-86.7975592943021,36.2068199461191],[-86.7975779371427,36.2067945110959],[-86.7976949021316,36.2068489352914],[-86.7976743143095,36.2068770256751],[-86.7976618236116,36.2068940689981],[-86.7975448574669,36.2068396447786],[-86.7975592943021,36.2068199461191]]]},"properties":{"id":"190851","parcel":"070080G00100CO","address":"2050 MCKINLEY ST","owner":"CF REO, LLC","point":[-86.79761987984193,36.20684429005858]}},{"type":"Feature","id":"190854","geometry":{"type":"Polygon","coordinates":[[[-86.797732753059,36.2065832740256],[-86.7977525948139,36.2065562015743],[-86.7978685437943,36.2066120175528],[-86.7978480537214,36.2066399739364],[-86.7978351648725,36.2066575597645],[-86.7977192158582,36.2066017446559],[-86.797732753059,36.2065832740256]]]},"properties":{"id":"190854","parcel":"070080G00600CO","address":"2040 MCKINLEY ST","owner":"MONTGOMERY, COLSON","point":[-86.79779387990553,36.20660688112777]}},{"type":"Feature","id":"190857","geometry":{"type":"Polygon","coordinates":[[[-86.7976953527875,36.2069683790308],[-86.7975010060057,36.2068719318282],[-86.7975434169214,36.2068120667181],[-86.7975870104363,36.206752585829],[-86.797630286868,36.2066935396222],[-86.7976735632354,36.2066344933988],[-86.7977168384262,36.2065754471662],[-86.7977601146647,36.2065164009099],[-86.7978034566702,36.2064572658786],[-86.7981661677402,36.2066343270715],[-86.7981221026043,36.2066944115314],[-86.7980788064315,36.2067534490348],[-86.7980355101761,36.2068124847192],[-86.7979922149864,36.2068715221823],[-86.7979477305948,36.2069299744573],[-86.7979169877018,36.2069703701967],[-86.797861507177,36.2069699211352],[-86.7976953527875,36.2069683790308]],[[-86.7977590789815,36.2067613738956],[-86.7976431309809,36.2067055587082],[-86.7976107315305,36.2067497641258],[-86.7976029273249,36.2067604135917],[-86.7975779371427,36.2067945110959],[-86.7975592943021,36.2068199461191],[-86.7975448574669,36.2068396447786],[-86.7976618236116,36.2068940689981],[-86.7976743143095,36.2068770256751],[-86.7976949021316,36.2068489352914],[-86.7977182259189,36.206817112737],[-86.7977266795638,36.2068055784423],[-86.7977590789815,36.2067613738956]],[[-86.7976535746123,36.2066913083943],[-86.7977695214874,36.2067471235793],[-86.7978025637055,36.206702041452],[-86.797804778593,36.2066990202148],[-86.7978351648725,36.2066575597645],[-86.7978480537214,36.2066399739364],[-86.7978685437943,36.2066120175528],[-86.7977525948139,36.2065562015743],[-86.797732753059,36.2065832740256],[-86.7977192158582,36.2066017446559],[-86.7976894778667,36.2066423193625],[-86.797686614649,36.2066462263128],[-86.7976535746123,36.2066913083943]]]},"properties":{"id":"190857","parcel":"070080G90000CO","address":"2040 B MCKINLEY ST","owner":"O.I.C. 810 MCKINLEY STREET","point":[-86.79794142889938,36.20672673830644]}},{"type":"Feature","id":"193310","geometry":{"type":"Polygon","coordinates":[[[-86.7976029273249,36.2067604135917],[-86.7976107315305,36.2067497641258],[-86.7977266795638,36.2068055784423],[-86.7977182259189,36.206817112737],[-86.7976949021316,36.2068489352914],[-86.7975779371427,36.2067945110959],[-86.7976029273249,36.2067604135917]]]},"properties":{"id":"193310","parcel":"070080G00200CO","address":"2048 MCKINLEY ST","owner":"CF REO, LLC","point":[-86.7976525037446,36.20680004512254]}},{"type":"Feature","id":"193313","geometry":{"type":"Polygon","coordinates":[[[-86.7976107315305,36.2067497641258],[-86.7976431309809,36.2067055587082],[-86.7977590789815,36.2067613738956],[-86.7977266795638,36.2068055784423],[-86.7976107315305,36.2067497641258]]]},"properties":{"id":"193313","parcel":"070080G00300CO","address":"2046 MCKINLEY ST","owner":"CF REO, LLC","point":[-86.79768490534596,36.20675556903384]}},{"type":"Feature","id":"193316","geometry":{"type":"Polygon","coordinates":[[[-86.7976894778667,36.2066423193625],[-86.7977192158582,36.2066017446559],[-86.7978351648725,36.2066575597645],[-86.797804778593,36.2066990202148],[-86.7978025637055,36.206702041452],[-86.797686614649,36.2066462263128],[-86.7976894778667,36.2066423193625]]]},"properties":{"id":"193316","parcel":"070080G00500CO","address":"2042 MCKINLEY ST","owner":"CF REO, LLC","point":[-86.79776088975535,36.2066518930617]}},{"type":"Feature","id":"193699","geometry":{"type":"Polygon","coordinates":[[[-86.7976535746123,36.2066913083943],[-86.797686614649,36.2066462263128],[-86.7978025637055,36.206702041452],[-86.7977695214874,36.2067471235793],[-86.7976535746123,36.2066913083943]]]},"properties":{"id":"193699","parcel":"070080G00400CO","address":"2044 MCKINLEY ST","owner":"CF REO, LLC","point":[-86.79772806904717,36.20669667494613]}},{"type":"Feature","id":"197548","geometry":{"type":"Polygon","coordinates":[[[-86.795217014801,36.2078450215581],[-86.7952436548135,36.2078061919966],[-86.7952451755956,36.2078069129034],[-86.7953035643288,36.2078345981132],[-86.7952368906428,36.2079248252014],[-86.7951788562411,36.2078966581564],[-86.795217014801,36.2078450215581]]]},"properties":{"id":"197548","parcel":"070080H00100CO","address":"2216 GAINS ST","owner":"CHALFIN, LAURYL HANNA PATE","point":[-86.79523730966466,36.20787090722968]}},{"type":"Feature","id":"198229","geometry":{"type":"Polygon","coordinates":[[[-86.7938080400744,36.2069722061663],[-86.7938786793226,36.2068777764385],[-86.7938810684931,36.2068781527799],[-86.7940332056258,36.2069021002862],[-86.793935397625,36.2070316622934],[-86.7938080400744,36.2069722061663]]]},"properties":{"id":"198229","parcel":"07008013100","address":"623 W TRINITY LN","owner":"DAVIS, JAMES & LEDEVIA A.","point":[-86.79392050243588,36.20693715307204]}},{"type":"Feature","id":"198519","geometry":{"type":"Polygon","coordinates":[[[-86.7971686119159,36.2063547798503],[-86.7972119041278,36.2062957453996],[-86.7975755761248,36.2064719169793],[-86.7975322818634,36.2065309515722],[-86.7971686119159,36.2063547798503]]]},"properties":{"id":"198519","parcel":"07008008100","address":"0 MCKINLEY ST","owner":"MATHIS, CAROLYN","point":[-86.7973720934938,36.20641334858695]}},{"type":"Feature","id":"198520","geometry":{"type":"Polygon","coordinates":[[[-86.7972551973781,36.2062367100238],[-86.7972984894611,36.2061776755401],[-86.797662159997,36.2063538468723],[-86.7976188680886,36.2064128814834],[-86.7972551973781,36.2062367100238]]]},"properties":{"id":"198520","parcel":"07008008300","address":"0 MCKINLEY ST","owner":"MATHIS, CAROLYN","point":[-86.7974586785362,36.206295278620836]}},{"type":"Feature","id":"198521","geometry":{"type":"Polygon","coordinates":[[[-86.7983137158538,36.2051757359419],[-86.7984398418415,36.2047760896758],[-86.7986941805917,36.2047989697576],[-86.7985986580512,36.2051037040253],[-86.7985306193315,36.2051964818211],[-86.7983137158538,36.2051757359419]]]},"properties":{"id":"198521","parcel":"07008008800","address":"805 YOUNGS LN","owner":"WADE, CONSTANCE","point":[-86.79851554674823,36.20495111665939]}},{"type":"Feature","id":"198522","geometry":{"type":"Polygon","coordinates":[[[-86.7980107702662,36.2051467611088],[-86.7981365658115,36.2047481673184],[-86.7982034678614,36.2047543755087],[-86.7984398418415,36.2047760896758],[-86.7983137158538,36.2051757359419],[-86.7980107702662,36.2051467611088]]]},"properties":{"id":"198522","parcel":"07008008900","address":"803 YOUNGS LN","owner":"STEPHENS, CLIFFORD ANTHONY","point":[-86.79822530658818,36.20496142558909]}},{"type":"Feature","id":"198523","geometry":{"type":"Polygon","coordinates":[[[-86.7967267358047,36.206220728828],[-86.7967700282632,36.2061616936323],[-86.7971336986641,36.2063378665493],[-86.7970904052681,36.2063969018799],[-86.7970471129197,36.2064559371865],[-86.7966834432727,36.206279763106],[-86.7967267358047,36.206220728828]]]},"properties":{"id":"198523","parcel":"07008009200","address":"904 FREE SILVER RD","owner":"BRADFORD, INDIA B. & CHRISTOPHER D.","point":[-86.79690857064107,36.206308815038774]}},{"type":"Feature","id":"198524","geometry":{"type":"Polygon","coordinates":[[[-86.7934684177186,36.2074245760221],[-86.7935064628143,36.2073740708886],[-86.7935606565415,36.2074004929986],[-86.7933463504051,36.2076984642216],[-86.7933371688518,36.2077112341046],[-86.7932731535095,36.2076798563985],[-86.793281796199,36.2076672468794],[-86.7934684177186,36.2074245760221]]]},"properties":{"id":"198524","parcel":"07008009800","address":"2121 GAINS ST","owner":"KRAATZ, MIRIAM","point":[-86.79341553798373,36.20754598128315]}},{"type":"Feature","id":"198534","geometry":{"type":"Polygon","coordinates":[[[-86.7943079674916,36.2081527776165],[-86.7945172094026,36.2078475170961],[-86.794593084412,36.2078827501083],[-86.7943730034749,36.2081836055028],[-86.7943079674916,36.2081527776165]]]},"properties":{"id":"198534","parcel":"07008011100","address":"0 GAINS ST","owner":"DAVIS, JAMES & LADEVIA","point":[-86.79444741844371,36.208017758612144]}},{"type":"Feature","id":"198535","geometry":{"type":"Polygon","coordinates":[[[-86.7948859217687,36.2078940164335],[-86.7950924290804,36.2076041339477],[-86.7951710154096,36.2076393694766],[-86.7949590914667,36.2079270499251],[-86.7948859217687,36.2078940164335]]]},"properties":{"id":"198535","parcel":"07008011600","address":"0 GAINS ST","owner":"MURPHY & SONYA FAMILY TRUST","point":[-86.79502692382532,36.20776669039603]}},{"type":"Feature","id":"198536","geometry":{"type":"Polygon","coordinates":[[[-86.794297903224,36.2076165618567],[-86.7945071139093,36.2073310796514],[-86.7945829873081,36.2073663126823],[-86.7943683542261,36.2076517910313],[-86.794297903224,36.2076165618567]]]},"properties":{"id":"198536","parcel":"07008012300","address":"0 GAINS ST","owner":"DAVIS, JAMES & LADEVIA A.","point":[-86.79443925720852,36.207491435315504]}},{"type":"Feature","id":"198537","geometry":{"type":"Polygon","coordinates":[[[-86.7940052464564,36.2074800331408],[-86.794214457799,36.2071945478267],[-86.7942833935141,36.2072268678376],[-86.7943607851722,36.2072628138321],[-86.7941515741673,36.2075482984929],[-86.794075699674,36.2075130652],[-86.7940052464564,36.2074800331408]]]},"properties":{"id":"198537","parcel":"07008012500","address":"2130 GAINS ST","owner":"615 DEVELOPMENTS, LLC","point":[-86.79418301593135,36.20737142362002]}},{"type":"Feature","id":"198538","geometry":{"type":"Polygon","coordinates":[[[-86.7937071705905,36.2073412997046],[-86.7939190939351,36.2070558196021],[-86.7939947241596,36.207091364634],[-86.7940217824825,36.2071040603162],[-86.7940651830387,36.2071244417264],[-86.7941408199759,36.2071599776104],[-86.794214457799,36.2071945478267],[-86.7940052464564,36.2074800331408],[-86.7939320809312,36.2074470017488],[-86.7938562066052,36.2074117656134],[-86.7937827046957,36.2073770014173],[-86.7937071705905,36.2073412997046]]]},"properties":{"id":"198538","parcel":"07008012600","address":"2126 GAINS ST","owner":"TUCKER, LULA B (LE) & A BLESSING TRUST","point":[-86.79396116449675,36.20726792463828]}},{"type":"Feature","id":"198715","geometry":{"type":"Polygon","coordinates":[[[-86.7938878314308,36.2061578078078],[-86.7938880575155,36.2061575080044],[-86.7940542249338,36.2062556171577],[-86.7940540701816,36.20625582186],[-86.7938600008852,36.2065124599508],[-86.7938602605805,36.2065155180213],[-86.7940631405762,36.2066359659705],[-86.7941385055876,36.2066807091152],[-86.7941045469331,36.2067225454083],[-86.7940597517389,36.2067134632655],[-86.7940143977638,36.2067064387518],[-86.7938893673378,36.2066893329336],[-86.7937637613291,36.2066752689171],[-86.7936376910499,36.2066642585863],[-86.793511271139,36.2066563129029],[-86.7938878314308,36.2061578078078]]]},"properties":{"id":"198715","parcel":"07008016400","address":"0 W TRINITY LN","owner":"SOUTH CENTRAL CONF. ASSN. OF 7TH DAY ADV., INC.","point":[-86.79383710631222,36.206383934422405]}},{"type":"Feature","id":"198734","geometry":{"type":"Polygon","coordinates":[[[-86.7951230281543,36.2066674476958],[-86.7953375200923,36.2063687617546],[-86.7954139294114,36.2064034851327],[-86.7951941814164,36.2067000049424],[-86.7951230281543,36.2066674476958]]]},"properties":{"id":"198734","parcel":"07008017500","address":"0 ENLOE ST","owner":"HENDERSON, FORREST T.","point":[-86.79526696396648,36.206535463913205]}},{"type":"Feature","id":"198735","geometry":{"type":"Polygon","coordinates":[[[-86.7951941814164,36.2067000049424],[-86.7954139294114,36.2064034851327],[-86.7954843472375,36.206435796504],[-86.7952700504329,36.2067347193504],[-86.7951941814164,36.2067000049424]]]},"properties":{"id":"198735","parcel":"07008017600","address":"0 ENLOE ST","owner":"HARRIS, WALTER L., JR. ET UX","point":[-86.79534086157267,36.206567903544254]}},{"type":"Feature","id":"198736","geometry":{"type":"Polygon","coordinates":[[[-86.7955674562725,36.2068706874026],[-86.7957813170121,36.2065744860104],[-86.7958549534737,36.2066070183943],[-86.7956436948731,36.2069050737865],[-86.7956435477541,36.2069052631192],[-86.7955674562725,36.2068706874026]]]},"properties":{"id":"198736","parcel":"07008018000","address":"0 ENLOE ST","owner":"HENDERSON, FORREST T.","point":[-86.79571207607124,36.20673885447363]}},{"type":"Feature","id":"198737","geometry":{"type":"Polygon","coordinates":[[[-86.7956436948731,36.2069050737865],[-86.7958549534737,36.2066070183943],[-86.7959253913309,36.2066415113276],[-86.7959207536645,36.2066483500139],[-86.7957169935777,36.2069330679306],[-86.7957169011548,36.206933055922],[-86.7957007040243,36.206930977094],[-86.7956472344065,36.2069069377039],[-86.7956435477541,36.2069052631192],[-86.7956436948731,36.2069050737865]]]},"properties":{"id":"198737","parcel":"07008018100","address":"0 ENLOE ST","owner":"HENDERSON, FORREST T.","point":[-86.79578178401557,36.20677671123088]}},{"type":"Feature","id":"198738","geometry":{"type":"Polygon","coordinates":[[[-86.7959207536645,36.2066483500139],[-86.7959253913309,36.2066415113276],[-86.7959255824325,36.2066416047004],[-86.7960053616607,36.2066766407623],[-86.7958229090828,36.2069247714456],[-86.7958119647896,36.2069390348111],[-86.7957169935777,36.2069330679306],[-86.7959207536645,36.2066483500139]]]},"properties":{"id":"198738","parcel":"07008018200","address":"0 ENLOE ST","owner":"HENDERSON, FORREST T.","point":[-86.79586298984071,36.20680061891578]}},{"type":"Feature","id":"198750","geometry":{"type":"Polygon","coordinates":[[[-86.795332158012,36.2062605548241],[-86.7956498395424,36.2058175105904],[-86.7957228315153,36.2058510558136],[-86.7957968495273,36.2058847771868],[-86.795473817868,36.2063255525239],[-86.7954731706214,36.2063264373187],[-86.7954013083727,36.2062934658185],[-86.7953313979822,36.2062616152055],[-86.795332158012,36.2062605548241]]]},"properties":{"id":"198750","parcel":"07008019600","address":"804 ENLOE ST","owner":"MURPHY & SONYA FAMILY TRUST","point":[-86.79556301765011,36.20607266369629]}},{"type":"Feature","id":"198751","geometry":{"type":"Polygon","coordinates":[[[-86.7963998727053,36.20543673537],[-86.7964004135197,36.2054359954735],[-86.7964084259051,36.2054396522184],[-86.7964507141468,36.2054602582199],[-86.7969283193591,36.2056769895209],[-86.7967098527103,36.2059748763631],[-86.7961890054275,36.2057254026405],[-86.7963998727053,36.20543673537]]]},"properties":{"id":"198751","parcel":"07008019900","address":"807 A FREE SILVER RD","owner":"ACKLEN, GAIL L.","point":[-86.79655862646976,36.20570119659072]}},{"type":"Feature","id":"198752","geometry":{"type":"Polygon","coordinates":[[[-86.7954543057482,36.2056886631039],[-86.7954348015435,36.2056797023717],[-86.7954294665343,36.2056885275059],[-86.7954218105615,36.2056799339484],[-86.7948812076728,36.2050724517915],[-86.7951030233328,36.2048700401194],[-86.7953572134872,36.2046380832627],[-86.7953811849872,36.2046179263978],[-86.7954070867068,36.2045994052192],[-86.7954347497078,36.2045826398051],[-86.7954401402426,36.2045796914221],[-86.7954767709391,36.2045620575931],[-86.7955153916336,36.2045474740279],[-86.7955556134835,36.2045360883892],[-86.7955970383985,36.2045280132522],[-86.7956392501902,36.2045233306688],[-86.7956818289734,36.2045220866656],[-86.7957243478383,36.2045242921666],[-86.7962236412813,36.2045706352065],[-86.7963753164285,36.2045847121925],[-86.7970396786366,36.2046463723742],[-86.7976430815498,36.2047023715112],[-86.7971794394194,36.2053345780155],[-86.7971066596899,36.2054338158814],[-86.7966266878781,36.205217083766],[-86.7965769427294,36.205193088707],[-86.7964913677387,36.2053123248588],[-86.7965407840281,36.2053357921806],[-86.7965418701231,36.2053363077474],[-86.7965416683243,36.2053365884693],[-86.7970136034478,36.2055607021118],[-86.7969283193591,36.2056769895209],[-86.7964507141468,36.2054602582199],[-86.7964084259051,36.2054396522184],[-86.7964004135197,36.2054359954735],[-86.7963998727053,36.20543673537],[-86.7961890054275,36.2057254026405],[-86.796023234772,36.2059505290046],[-86.7960742147419,36.205973871747],[-86.796073536731,36.2059747927985],[-86.7955594535436,36.2057381426805],[-86.7955398508091,36.2057291177237],[-86.7954543057482,36.2056886631039]]]},"properties":{"id":"198752","parcel":"07008021000","address":"713 YOUNGS LN","owner":"SOUTH CENTRAL CONF. ASSN. OF 7TH DAY ADV., INC.","point":[-86.79578779393682,36.20526339091432]}},{"type":"Feature","id":"198767","geometry":{"type":"Polygon","coordinates":[[[-86.7972142644943,36.2079459722033],[-86.7972572628608,36.2078867188994],[-86.7976190469671,36.2080655164359],[-86.7975730871554,36.208128850503],[-86.7972142644943,36.2079459722033]]]},"properties":{"id":"198767","parcel":"07008003300","address":"0 HOBART ST","owner":"METRO GOV'T  P  PARKS","point":[-86.79741482039299,36.20800574138416]}},{"type":"Feature","id":"198768","geometry":{"type":"Polygon","coordinates":[[[-86.7972982626467,36.2078302222094],[-86.7973471709496,36.2077628248203],[-86.7977066961933,36.2079447337419],[-86.7976603646682,36.2080085795126],[-86.7976190469671,36.2080655164359],[-86.7972572628608,36.2078867188994],[-86.7972982626467,36.2078302222094]]]},"properties":{"id":"198768","parcel":"07008003400","address":"0 HOBART ST","owner":"C&C VENTURES, LLC","point":[-86.79748265715317,36.2079157276782]}},{"type":"Feature","id":"198769","geometry":{"type":"Polygon","coordinates":[[[-86.796693966132,36.207925523436],[-86.796722173661,36.2078864885311],[-86.7970874719397,36.2080610880289],[-86.7970570098466,36.2081030642896],[-86.7970150565424,36.2081608749125],[-86.7966542839471,36.2079809378234],[-86.796693966132,36.207925523436]]]},"properties":{"id":"198769","parcel":"07008003500","address":"0 MCKINLEY ST","owner":"LANA, JUSTIN THOMAS","point":[-86.79686913422017,36.208021010162604]}},{"type":"Feature","id":"198770","geometry":{"type":"Polygon","coordinates":[[[-86.7969088445821,36.2076292494221],[-86.7969557009422,36.2075658015324],[-86.7973160994434,36.2077460358173],[-86.7972669695502,36.2078137383816],[-86.79722442314,36.2078723677387],[-86.7968633790072,36.2076910009558],[-86.7969088445821,36.2076292494221]]]},"properties":{"id":"198770","parcel":"07008004000","address":"0 MCKINLEY ST","owner":"METRO GOV'T","point":[-86.79708961723476,36.20771851839372]}},{"type":"Feature","id":"198771","geometry":{"type":"Polygon","coordinates":[[[-86.7978911606909,36.2072460569772],[-86.7979864464986,36.2072434454833],[-86.797777355508,36.207535585217],[-86.7977089430327,36.2075018325349],[-86.797598478786,36.2074475654997],[-86.7977396835289,36.2072498768843],[-86.7977484233917,36.207249656921],[-86.797887952098,36.2072461439695],[-86.7978911606909,36.2072460569772]]]},"properties":{"id":"198771","parcel":"07008004300","address":"0 W TRINITY LN","owner":"SWAIN PROPERTY SOLUTIONS LLC","point":[-86.79778994371937,36.207348925476936]}},{"type":"Feature","id":"198772","geometry":{"type":"Polygon","coordinates":[[[-86.795961336038,36.2079700704559],[-86.7960035589649,36.2079145701545],[-86.7963748687075,36.2080950246079],[-86.7963323748132,36.2081508792168],[-86.7963314231872,36.2081521301319],[-86.7959601144063,36.2079716773429],[-86.795961336038,36.2079700704559]]]},"properties":{"id":"198772","parcel":"07008004800","address":"0 MCKINLEY ST","owner":"HAPPY VALLEY HOMES, LLC","point":[-86.79616749183305,36.20803335115561]}},{"type":"Feature","id":"198793","geometry":{"type":"Polygon","coordinates":[[[-86.7963972965545,36.2073830264991],[-86.7964407428772,36.2073237218563],[-86.7968066260393,36.2075041693324],[-86.7967631787794,36.2075634741111],[-86.7963972965545,36.2073830264991]]]},"properties":{"id":"198793","parcel":"07008005800","address":"0 MCKINLEY ST","owner":"LEE CONSULTING ENGINEERS, LLC","point":[-86.79660196095013,36.20744359809023]}},{"type":"Feature","id":"198809","geometry":{"type":"Polygon","coordinates":[[[-86.7972119041278,36.2062957453996],[-86.7972551973781,36.2062367100238],[-86.7976188680886,36.2064128814834],[-86.7975755761248,36.2064719169793],[-86.7972119041278,36.2062957453996]]]},"properties":{"id":"198809","parcel":"07008008200","address":"0 MCKINLEY ST","owner":"MATHIS, CAROLYN","point":[-86.79741538614438,36.20635431361459]}},{"type":"Feature","id":"198934","geometry":{"type":"Polygon","coordinates":[[[-86.7982746511994,36.2044132986654],[-86.7985772802025,36.2024598942916],[-86.7986106459601,36.2024615266184],[-86.7986440605114,36.2024608261489],[-86.7987240914292,36.2024536806397],[-86.7988038815927,36.2024449351285],[-86.798871006326,36.2024446235448],[-86.7989380773171,36.2024423989013],[-86.7989712513106,36.2024415530272],[-86.7990043674677,36.2024433554326],[-86.7990371031201,36.2024477875239],[-86.79905059806,36.2024495070556],[-86.7990636385014,36.2024528031959],[-86.7990759457334,36.2024576056883],[-86.7990872585095,36.2024638117157],[-86.7990973330739,36.2024712886034],[-86.7991763096805,36.2025864203012],[-86.7992070673195,36.2026312644795],[-86.7992338407755,36.2026453326104],[-86.7992625642458,36.202656594819],[-86.7992927922647,36.202664875603],[-86.799324055384,36.2026700473858],[-86.7993940429191,36.2026724113336],[-86.7994637824023,36.2026777465393],[-86.7995330801999,36.2026860380629],[-86.7996017459407,36.202697263733],[-86.7996695913865,36.202711392352],[-86.7997364293378,36.2027283855055],[-86.7998020758305,36.2027481948442],[-86.7998375980044,36.2027590964434],[-86.7998741715616,36.2027674026448],[-86.7999115111594,36.2027730477433],[-86.799949320544,36.2027759868352],[-86.7999873025588,36.202776195752],[-86.8000251580866,36.2027736764753],[-86.8000625892679,36.202768445399],[-86.8001303866305,36.2027597144838],[-86.8001978455309,36.2027494013557],[-86.8002602305698,36.2027385666391],[-86.8002158932177,36.2041731204101],[-86.8001553112114,36.2041955730172],[-86.8000102838428,36.2046030972727],[-86.7997969446789,36.2046902176892],[-86.7997514813283,36.2047419853031],[-86.7997420691556,36.2047527023454],[-86.7997375541952,36.2047525871443],[-86.7997047779195,36.2047511729297],[-86.7996720926217,36.2047487450865],[-86.7996653630838,36.2047481398422],[-86.7986742376121,36.2046589844469],[-86.7982426628224,36.204619767275],[-86.7982746511994,36.2044132986654]]]},"properties":{"id":"198934","parcel":"07008022600","address":"814 YOUNGS LN","owner":"SOUTH CENTRAL CONF. ASSN. OF 7TH DAY ADV.","point":[-86.79932899065443,36.203473365307985]}},{"type":"Feature","id":"198959","geometry":{"type":"Polygon","coordinates":[[[-86.7904881167787,36.2080200879561],[-86.7906034026243,36.2079470973044],[-86.790643112332,36.2079882898459],[-86.7905278264631,36.2080612805346],[-86.7904881167787,36.2080200879561]]]},"properties":{"id":"198959","parcel":"071050H00300CO","address":"205 LUCY LN","owner":"EST DEVELOPMENT LLC","point":[-86.79056561457087,36.20800418892617]}},{"type":"Feature","id":"198961","geometry":{"type":"Polygon","coordinates":[[[-86.79071651601,36.2082570154015],[-86.7908318008777,36.208184024544],[-86.790873051455,36.208226816567],[-86.7907577665541,36.2082998065618],[-86.79071651601,36.2082570154015]]]},"properties":{"id":"198961","parcel":"071050H00800CO","address":"215 LUCY LN","owner":"EST DEVELOPMENT LLC","point":[-86.7907947835987,36.20824191600965]}},{"type":"Feature","id":"198963","geometry":{"type":"Polygon","coordinates":[[[-86.7910728010576,36.2086266019533],[-86.7911880861346,36.2085536107632],[-86.7912282920233,36.2085953180824],[-86.7911130069136,36.2086683084089],[-86.7910728010576,36.2086266019533]]]},"properties":{"id":"198963","parcel":"071050H01600CO","address":"231 LUCY LN","owner":"EST DEVELOPMENT LLC","point":[-86.79115054640181,36.20861096004291]}},{"type":"Feature","id":"199025","geometry":{"type":"Polygon","coordinates":[[[-86.7933012325832,36.2081781811582],[-86.7935491960563,36.2078268154792],[-86.7936195281043,36.2078600630981],[-86.7936982216597,36.207897275338],[-86.793771160983,36.2079315638111],[-86.7938423901301,36.2079650902018],[-86.7939180027832,36.2080009075741],[-86.7939997749872,36.2080393512272],[-86.7940666190983,36.2080707423933],[-86.7941426258544,36.2081064705128],[-86.7942188177045,36.2081429066586],[-86.7942924391687,36.2081780807757],[-86.7943557604167,36.2082080304065],[-86.7944379904711,36.2082473972466],[-86.7944211517504,36.2082707758406],[-86.7942424340712,36.2085189235598],[-86.794226052642,36.208541669136],[-86.7941381366088,36.2085212218336],[-86.7940620255856,36.2085044433797],[-86.7939685322722,36.2084820886107],[-86.7938960577488,36.2084471870499],[-86.7938268709834,36.2084158742789],[-86.7937457297823,36.208379172103],[-86.7936768851554,36.2083480309405],[-86.7936041005226,36.2083151212239],[-86.7935239204296,36.2082788686204],[-86.7934491105321,36.2082450429202],[-86.7933785179538,36.2082131262733],[-86.7933012325832,36.2081781811582]]]},"properties":{"id":"199025","parcel":"07004017600","address":"2224 WHITES CREEK PIKE","owner":"ST. PETERS A. M. E. CHURCH, TRS.","point":[-86.79382918420676,36.208193108128334]}},{"type":"Feature","id":"199029","geometry":{"type":"Polygon","coordinates":[[[-86.794630432391,36.2083047183667],[-86.7948450947381,36.2080016594455],[-86.7948904585505,36.2080226774446],[-86.794964330117,36.2080567112172],[-86.7947523722781,36.2083641678194],[-86.7946762655592,36.2083270618134],[-86.794630432391,36.2083047183667]]]},"properties":{"id":"199029","parcel":"07004017800","address":"2209 GAINS ST","owner":"OVERTON, BRUCE L.","point":[-86.7947985548748,36.20818071692231]}},{"type":"Feature","id":"199033","geometry":{"type":"Polygon","coordinates":[[[-86.7947523722781,36.2083641678194],[-86.794964330117,36.2080567112172],[-86.795040198853,36.2080919439903],[-86.7951187821014,36.208129377744],[-86.7948987033843,36.2084324331432],[-86.7948255390182,36.2083972014095],[-86.7947523722781,36.2083641678194]]]},"properties":{"id":"199033","parcel":"07004017900","address":"2213 GAINS ST","owner":"CORNERSTONE INVESTMENTS, INC","point":[-86.79493341624935,36.20824676922088]}},{"type":"Feature","id":"199041","geometry":{"type":"Polygon","coordinates":[[[-86.7934516467374,36.2096288622291],[-86.7937130984977,36.2091986052502],[-86.7937266981979,36.2092029113061],[-86.7937271380373,36.2092468610288],[-86.7936859227639,36.2097350060704],[-86.7934516467374,36.2096288622291]]]},"properties":{"id":"199041","parcel":"07004018700","address":"0 TONEY RD","owner":"SPANN, SANDRA","point":[-86.79363936387921,36.20943794788602]}},{"type":"Feature","id":"199045","geometry":{"type":"Polygon","coordinates":[[[-86.7950750965693,36.2095041816563],[-86.7954419884865,36.209260921099],[-86.7955753787254,36.2093603021022],[-86.7950706312407,36.2096866529771],[-86.7950706329498,36.2096866015941],[-86.7950753846065,36.2095250376046],[-86.7950750965693,36.2095041816563]]]},"properties":{"id":"199045","parcel":"07004019000","address":"2303 WHITES CREEK PIKE","owner":"DAVIS, JUANITA L.","point":[-86.79532385515671,36.20943223977712]}},{"type":"Feature","id":"199058","geometry":{"type":"Polygon","coordinates":[[[-86.7979893472193,36.2072433758444],[-86.7980680489614,36.2072414687065],[-86.7980839670691,36.207248629465],[-86.79816175243,36.2072839602797],[-86.7982299745289,36.2073145974083],[-86.7982664356371,36.2073312072505],[-86.7982967546529,36.2073448267475],[-86.7982966962462,36.2073449902617],[-86.7982809487811,36.2073870507243],[-86.7981548417094,36.2077238686376],[-86.7980738318195,36.2076837698346],[-86.7979935396319,36.2076437031863],[-86.7979209365144,36.2076082812438],[-86.7978506267639,36.2075730982608],[-86.797777355508,36.207535585217],[-86.7979864464986,36.2072434454833],[-86.7979893472193,36.2072433758444]]]},"properties":{"id":"199058","parcel":"07008004400","address":"0 LINCOLN ST","owner":"SWAIN PROPERTY SOLUTIONS LLC","point":[-86.79804187560448,36.207461339707045]}},{"type":"Feature","id":"199105","geometry":{"type":"Polygon","coordinates":[[[-86.7962638533049,36.2075629282448],[-86.7963076878111,36.2075038319894],[-86.7966735691067,36.2076864771469],[-86.7966301227866,36.207745784571],[-86.7965893937202,36.2077984966592],[-86.7962262246751,36.2076136550218],[-86.7962638533049,36.2075629282448]]]},"properties":{"id":"199105","parcel":"07008005500","address":"0 MCKINLEY ST","owner":"LEE CONSULTING ENGINEERS, LLC","point":[-86.79644919891012,36.20765006510623]}},{"type":"Feature","id":"199109","geometry":{"type":"Polygon","coordinates":[[[-86.7964407428772,36.2073237218563],[-86.7964841878469,36.2072666144773],[-86.7968500721313,36.2074448654455],[-86.7968066260393,36.2075041693324],[-86.7964407428772,36.2073237218563]]]},"properties":{"id":"199109","parcel":"07008005900","address":"0 MCKINLEY ST","owner":"LEE CONSULTING ENGINEERS, LLC","point":[-86.7966446495565,36.20738429253813]}},{"type":"Feature","id":"199113","geometry":{"type":"Polygon","coordinates":[[[-86.7964841878469,36.2072666144773],[-86.796514055006,36.2072270792823],[-86.7965159169788,36.2072272247213],[-86.79655018601,36.2072293527708],[-86.7965845557042,36.2072293234314],[-86.7968962340231,36.2073833634719],[-86.7968500721313,36.2074448654455],[-86.7964841878469,36.2072666144773]]]},"properties":{"id":"199113","parcel":"07008006000","address":"0 MCKINLEY ST","owner":"LEE CONSULTING ENGINEERS, LLC","point":[-86.79669106613393,36.207324990604725]}},{"type":"Feature","id":"199117","geometry":{"type":"Polygon","coordinates":[[[-86.7968962340231,36.2073833634719],[-86.7965845557042,36.2072293234314],[-86.7965853800912,36.2072293567475],[-86.7966550547284,36.207231843336],[-86.7967274315836,36.2072335405774],[-86.7968085361212,36.2072339157194],[-86.7968896354697,36.2072331101905],[-86.7969486300744,36.2072319827362],[-86.7970075676635,36.2072296082855],[-86.7969776972692,36.2072713427],[-86.7969342502828,36.2073306493466],[-86.7968962340231,36.2073833634719]]]},"properties":{"id":"199117","parcel":"07008006100","address":"0 W TRINITY LN","owner":"LEE CONSULTING ENGINEERS, LLC","point":[-86.79684238413249,36.20730080326579]}},{"type":"Feature","id":"199121","geometry":{"type":"Polygon","coordinates":[[[-86.7957870790469,36.2074815022529],[-86.7958278097718,36.207426591348],[-86.7961855618486,36.2076026393521],[-86.7961432221515,36.2076589966906],[-86.7960993499576,36.2077171287828],[-86.7960552231427,36.2077761583885],[-86.7956974692629,36.207602307287],[-86.7957417738521,36.207542579965],[-86.7957870790469,36.2074815022529]]]},"properties":{"id":"199121","parcel":"07008007000","address":"1010 FREE SILVER RD","owner":"MURPHY & SONYA FAMILY TURST","point":[-86.7959224518354,36.20757253959189]}},{"type":"Feature","id":"199177","geometry":{"type":"Polygon","coordinates":[[[-86.7971565453491,36.2056346316958],[-86.7972708374976,36.2054787801371],[-86.7980476290041,36.2058550786676],[-86.7979333322617,36.2060109291794],[-86.7971565453491,36.2056346316958]]]},"properties":{"id":"199177","parcel":"07008008500","address":"812 FREE SILVER RD","owner":"PHILLIPS, BRANDON & NEDELKA","point":[-86.7976020862698,36.205744856009545]}},{"type":"Feature","id":"199180","geometry":{"type":"Polygon","coordinates":[[[-86.7985986580512,36.2051037040253],[-86.7986941805917,36.2047989697576],[-86.7988142158879,36.2048097677776],[-86.7985986580512,36.2051037040253]]]},"properties":{"id":"199180","parcel":"07008008700","address":"809 YOUNGS LN","owner":"WADE, ROBERT & CONSTANCE","point":[-86.79867559835571,36.20495668408253]}},{"type":"Feature","id":"199220","geometry":{"type":"Polygon","coordinates":[[[-86.7945003645153,36.2082430619077],[-86.7947177327058,36.2079422025063],[-86.7947468214098,36.2079557156252],[-86.7948146625999,36.2079873701953],[-86.7948450947381,36.2080016594455],[-86.794630432391,36.2083047183667],[-86.7945984333289,36.2082895507315],[-86.7945274618368,36.2082562727394],[-86.7945003645153,36.2082430619077]]]},"properties":{"id":"199220","parcel":"07004017700","address":"2207 GAINS ST","owner":"DICKERSON, MARTHA & POSEY, SUSIE","point":[-86.79467358508182,36.20812236226995]}},{"type":"Feature","id":"199228","geometry":{"type":"Polygon","coordinates":[[[-86.7960534122875,36.2096467517636],[-86.7975586761089,36.2088928678834],[-86.7975219618015,36.2089842916963],[-86.7961536134005,36.2097772100219],[-86.796100166104,36.2097084015338],[-86.7960534122875,36.2096467517636]]]},"properties":{"id":"199228","parcel":"07004018800","address":"2314 WHITES CREEK PIKE","owner":"METRO GOV'T","point":[-86.79683245215095,36.20931559999681]}},{"type":"Feature","id":"199237","geometry":{"type":"Polygon","coordinates":[[[-86.8000281834228,36.2048865586272],[-86.8002934307725,36.2048753494868],[-86.7999761868887,36.2055196053033],[-86.7996108987021,36.2055388530331],[-86.7998165568954,36.2051840616481],[-86.8000281834228,36.2048865586272]]]},"properties":{"id":"199237","parcel":"07008002704","address":"827 YOUNGS LN","owner":"HEMPHILL, CHARLES R. & DORA J.","point":[-86.79988907301497,36.20535182130118]}},{"type":"Feature","id":"199239","geometry":{"type":"Polygon","coordinates":[[[-86.7943730034749,36.2081836055028],[-86.794593084412,36.2078827501083],[-86.7946683475339,36.2079188405924],[-86.7947177327058,36.2079422025063],[-86.7945003645153,36.2082430619077],[-86.794450962985,36.2082207436722],[-86.7943730034749,36.2081836055028]]]},"properties":{"id":"199239","parcel":"07008011200","address":"2205 GAINS ST","owner":"BYRUM, CLAUDE ALLEN","point":[-86.79454591298348,36.208062905065674]}},{"type":"Feature","id":"199241","geometry":{"type":"Polygon","coordinates":[[[-86.7971728631335,36.2080030230841],[-86.7972142644943,36.2079459722033],[-86.7975730871554,36.208128850503],[-86.7975346464771,36.2081818217761],[-86.7971728631335,36.2080030230841]]]},"properties":{"id":"199241","parcel":"07008003200","address":"0 HOBART ST","owner":"LANA, JUSTIN THOMAS","point":[-86.79737490678113,36.208065940231265]}},{"type":"Feature","id":"199243","geometry":{"type":"Polygon","coordinates":[[[-86.7946637235545,36.2077883217478],[-86.7948729369148,36.2075006398253],[-86.7949460993538,36.2075358706452],[-86.794736887278,36.2078235526843],[-86.7946637235545,36.2077883217478]]]},"properties":{"id":"199243","parcel":"07008011800","address":"0 GAINS ST","owner":"DAVIS, JAMES & LADEVIA A.","point":[-86.79480491192311,36.207662096282256]}},{"type":"Feature","id":"199244","geometry":{"type":"Polygon","coordinates":[[[-86.7969774183898,36.2075438405035],[-86.7971674942883,36.2072868524701],[-86.7975333860465,36.2074607058832],[-86.7981406102679,36.2077618796091],[-86.7980260726621,36.2080677932822],[-86.7969774183898,36.2075438405035]]]},"properties":{"id":"199244","parcel":"07008004100","address":"0 MCKINLEY ST","owner":"JWM, INC.","point":[-86.79755821115003,36.20765286011069]}},{"type":"Feature","id":"199247","geometry":{"type":"Polygon","coordinates":[[[-86.7945932687446,36.2077552909427],[-86.7948024822733,36.2074676091396],[-86.7948729369148,36.2075006398253],[-86.7946637235545,36.2077883217478],[-86.7945932687446,36.2077552909427]]]},"properties":{"id":"199247","parcel":"07008011900","address":"0 GAINS ST","owner":"DAVIS, JAMES & LADEVIA A.","point":[-86.7947331030558,36.20762796546777]}},{"type":"Feature","id":"199248","geometry":{"type":"Polygon","coordinates":[[[-86.7960470056851,36.2078574629349],[-86.7960904549313,36.2077959602374],[-86.7964617655958,36.2079742162486],[-86.7964156028273,36.2080379135161],[-86.7960470056851,36.2078574629349]]]},"properties":{"id":"199248","parcel":"07008005000","address":"0 MCKINLEY ST","owner":"PRIME NASHVILLE, LLC","point":[-86.79625320601423,36.2079158377633]}},{"type":"Feature","id":"199252","geometry":{"type":"Polygon","coordinates":[[[-86.7960904549313,36.2077959602374],[-86.796136614113,36.2077366576574],[-86.7965024996001,36.2079171060266],[-86.7964617655958,36.2079742162486],[-86.7960904549313,36.2077959602374]]]},"properties":{"id":"199252","parcel":"07008005100","address":"0 MCKINLEY ST","owner":"METRO GOV'T","point":[-86.79629815618186,36.20785653616694]}},{"type":"Feature","id":"199284","geometry":{"type":"Polygon","coordinates":[[[-86.7968999074942,36.2059845897338],[-86.7970124684219,36.2058310985509],[-86.7977892498758,36.2062073942811],[-86.7976766843211,36.2063608826037],[-86.797662159997,36.2063538468723],[-86.7972984894611,36.2061776755401],[-86.7972635773715,36.2061607622685],[-86.7968999074942,36.2059845897338]]]},"properties":{"id":"199284","parcel":"07008024300","address":"822 FREE SILVER RD","owner":"ACKLEN, CHRISTINE","point":[-86.79729720000952,36.20607304123972]}},{"type":"Feature","id":"199296","geometry":{"type":"Polygon","coordinates":[[[-86.796136614113,36.2077366576574],[-86.7961800621207,36.2076751558341],[-86.7965459461366,36.2078578013549],[-86.7965024996001,36.2079171060266],[-86.796136614113,36.2077366576574]]]},"properties":{"id":"199296","parcel":"07008005200","address":"0 MCKINLEY ST","owner":"METRO GOV'T  BT  BACK TAX SALE","point":[-86.79634201976853,36.20779723093984]}},{"type":"Feature","id":"199300","geometry":{"type":"Polygon","coordinates":[[[-86.7963076878111,36.2075038319894],[-86.7963538503465,36.2074401338523],[-86.796717016501,36.2076271724024],[-86.7966735691067,36.2076864771469],[-86.7963076878111,36.2075038319894]]]},"properties":{"id":"199300","parcel":"07008005600","address":"0 MCKINLEY ST","owner":"LEE CONSULTING ENGINEERS, LLC","point":[-86.79651425256966,36.20756550560208]}},{"type":"Feature","id":"199304","geometry":{"type":"Polygon","coordinates":[[[-86.7963538503465,36.2074401338523],[-86.7963972965545,36.2073830264991],[-86.7967631787794,36.2075634741111],[-86.796717016501,36.2076271724024],[-86.7963538503465,36.2074401338523]]]},"properties":{"id":"199304","parcel":"07008005700","address":"0 MCKINLEY ST","owner":"LEE CONSULTING ENGINEERS, LLC","point":[-86.79655586054056,36.20750179964535]}},{"type":"Feature","id":"199308","geometry":{"type":"Polygon","coordinates":[[[-86.7968465827121,36.2067874003232],[-86.7968900177902,36.206728370463],[-86.7972626410709,36.2068923754714],[-86.7972298721082,36.2069369112809],[-86.7971880257132,36.2069376823305],[-86.7970176047083,36.2069408215677],[-86.7968031464664,36.2068464310753],[-86.7968465827121,36.2067874003232]]]},"properties":{"id":"199308","parcel":"07008006700","address":"0 MCKINLEY ST","owner":"METRO GOV'T  BT  BACK TAX SALE","point":[-86.79695854463797,36.20681714256108]}},{"type":"Feature","id":"199311","geometry":{"type":"Polygon","coordinates":[[[-86.7956548028024,36.2076598265266],[-86.7956974692629,36.207602307287],[-86.7960552231427,36.2077761583885],[-86.7960113492742,36.2078364633944],[-86.7959656121318,36.2078991608916],[-86.7959248836751,36.2079518745484],[-86.7956055032513,36.207796669672],[-86.7955671281583,36.2077780212743],[-86.7956122756617,36.2077171609748],[-86.7956548028024,36.2076598265266]]]},"properties":{"id":"199311","parcel":"07008006900","address":"1014 FREE SILVER RD","owner":"MURPHY & SONYA FAMILY TRUST","point":[-86.79581118525283,36.20777709009661]}},{"type":"Feature","id":"199457","geometry":{"type":"Polygon","coordinates":[[[-86.79501987532,36.2066427942401],[-86.7950218275187,36.2066408481847],[-86.7950803303008,36.2066676900764],[-86.7951542193746,36.2067015911375],[-86.7952282284456,36.2067353642857],[-86.7953005581342,36.2067686725835],[-86.7953008564392,36.2067688103142],[-86.795380476326,36.206805382682],[-86.7953806550778,36.2068054644205],[-86.7954540100605,36.2068389776695],[-86.7955461345166,36.2068813392669],[-86.7956105809572,36.2069109888261],[-86.7956614910504,36.2069344115109],[-86.7956587064755,36.2069341964319],[-86.7955966290979,36.2069294177832],[-86.7955750904297,36.2069277589683],[-86.7955130263527,36.2069225313617],[-86.7953957051682,36.2069116247493],[-86.7953460027677,36.2069065995307],[-86.7953042720123,36.206902710553],[-86.7952105974966,36.2068934090852],[-86.7951213961951,36.206883816726],[-86.7951065388249,36.2068821498854],[-86.7950387846167,36.2068742890675],[-86.7949492141493,36.2068632542921],[-86.794943302605,36.2068625028026],[-86.7948930880519,36.2068559693563],[-86.7948670547134,36.2068524545657],[-86.7948676427808,36.2068516557835],[-86.7948886387469,36.2068234685657],[-86.7950041081392,36.2066650735475],[-86.7950037473011,36.2066649100913],[-86.7950102831945,36.2066559472915],[-86.79501987532,36.2066427942401]]]},"properties":{"id":"199457","parcel":"07008015300","address":"706 W TRINITY LN","owner":"BRADEN DEVELOPMENT, LLC","point":[-86.79512817529512,36.20678673295755]}},{"type":"Feature","id":"199486","geometry":{"type":"Polygon","coordinates":[[[-86.7942170720048,36.2066673359391],[-86.7941675853092,36.2066448469056],[-86.7941669262036,36.2066456596704],[-86.7941385055876,36.2066807091152],[-86.7940631405762,36.2066359659705],[-86.7938602605805,36.2065155180213],[-86.7938600008852,36.2065124599508],[-86.7940540701816,36.20625582186],[-86.7940542249338,36.2062556171577],[-86.7942473091006,36.206369699628],[-86.7942923877679,36.2063963336786],[-86.7943417066426,36.2063297918883],[-86.7944267160861,36.2063687204739],[-86.7944926017172,36.2063990262904],[-86.7945008333451,36.2064028096974],[-86.7945746102281,36.2064366622813],[-86.7945806144468,36.2064395635854],[-86.7945797358534,36.2064407788575],[-86.7943826246733,36.2067133567537],[-86.7943661466767,36.2067350800684],[-86.7943599453287,36.2067322620652],[-86.794287270828,36.2066992366676],[-86.7942170720048,36.2066673359391]]]},"properties":{"id":"199486","parcel":"07008016300","address":"0 W TRINITY LN","owner":"LOCKRIDGE, WILLIAM BERNARD ET AL","point":[-86.79422046956469,36.206476620979196]}},{"type":"Feature","id":"199489","geometry":{"type":"Polygon","coordinates":[[[-86.7946139548061,36.2064346179937],[-86.7948252562464,36.2061303688365],[-86.7949012446057,36.2061670753776],[-86.7948887730337,36.2061849654728],[-86.7946823923464,36.2064654368556],[-86.7946821783965,36.2064657266668],[-86.7946139548061,36.2064346179937]]]},"properties":{"id":"199489","parcel":"07008017100","address":"0 ENLOE ST","owner":"WILLIAMS, PHILIP D.","point":[-86.79474878578033,36.20630978739245]}},{"type":"Feature","id":"199491","geometry":{"type":"Polygon","coordinates":[[[-86.7948887730337,36.2061849654728],[-86.7949012446057,36.2061670753776],[-86.7949717266855,36.2061998480694],[-86.7950476668053,36.2062350569419],[-86.7951215660092,36.2062694554532],[-86.795189926843,36.2063013803805],[-86.7949790649874,36.2066015734058],[-86.7949067813025,36.2065684989405],[-86.7948333737787,36.2065349099997],[-86.7947604388774,36.2065015360087],[-86.7946821783965,36.2064657266668],[-86.7946823923464,36.2064654368556],[-86.7948887730337,36.2061849654728]]]},"properties":{"id":"199491","parcel":"07008017200","address":"809 ENLOE ST","owner":"WILLIAMS, PHILIP D.","point":[-86.79493753402649,36.20638341124295]}},{"type":"Feature","id":"199493","geometry":{"type":"Polygon","coordinates":[[[-86.7950547494955,36.2066362053461],[-86.7952581096577,36.2063317382488],[-86.7953375200923,36.2063687617546],[-86.7951230281543,36.2066674476958],[-86.7950547494955,36.2066362053461]]]},"properties":{"id":"199493","parcel":"07008017400","address":"0 ENLOE ST","owner":"HENDERSON, FORREST T.","point":[-86.79519278064497,36.206502477896066]}},{"type":"Feature","id":"199520","geometry":{"type":"Polygon","coordinates":[[[-86.7953443397986,36.2067687113903],[-86.7955607965792,36.2064727231067],[-86.795636479799,36.2065072131952],[-86.7957083793876,36.2065401086035],[-86.7954888738955,36.2068337919809],[-86.7954884579964,36.2068343480943],[-86.7954218154978,36.2068041622655],[-86.7953443397986,36.2067687113903]]]},"properties":{"id":"199520","parcel":"07008017800","address":"701 ENLOE ST","owner":"HENDERSON, FORREST T.","point":[-86.79552543828034,36.2066544085628]}},{"type":"Feature","id":"199522","geometry":{"type":"Polygon","coordinates":[[[-86.7960890404419,36.206292927392],[-86.7961773292372,36.2061736727752],[-86.7962476090866,36.206207515855],[-86.7963220142731,36.2062430819373],[-86.7963951199675,36.2062778066556],[-86.7964636389891,36.2063105923279],[-86.7963788798795,36.2064261620533],[-86.7963096954323,36.2063946713262],[-86.7962363992093,36.2063612465291],[-86.7961603439911,36.2063267124014],[-86.7961393426291,36.206317190255],[-86.7961401501659,36.2063160998137],[-86.7960890404419,36.206292927392]]]},"properties":{"id":"199522","parcel":"07008018700","address":"905 FREE SILVER RD","owner":"MUSMECCI, KALEN CHASE & ELYSIA SKYE","point":[-86.79627683598234,36.206301760851204]}},{"type":"Feature","id":"199544","geometry":{"type":"Polygon","coordinates":[[[-86.7964913677387,36.2053123248588],[-86.7965769427294,36.205193088707],[-86.7966266878781,36.205217083766],[-86.7971066596899,36.2054338158814],[-86.7970136034478,36.2055607021118],[-86.7965416683243,36.2053365884693],[-86.7965418701231,36.2053363077474],[-86.7965407840281,36.2053357921806],[-86.7964913677387,36.2053123248588]]]},"properties":{"id":"199544","parcel":"07008020100","address":"803 FREE SILVER RD","owner":"SOUTH CENTRAL CONF. ASSN. OF 7TH DAY ADV., INC.","point":[-86.79682152603576,36.205385198030505]}},{"type":"Feature","id":"199586","geometry":{"type":"Polygon","coordinates":[[[-86.7931381505051,36.2066514107652],[-86.7930571199954,36.2066539266214],[-86.7929852714515,36.2066572905979],[-86.792976165614,36.2066577172061],[-86.793065938443,36.2065490197334],[-86.7935505405296,36.2059622838097],[-86.7935523895578,36.2059600275211],[-86.7938880575155,36.2061575080044],[-86.7938878314308,36.2061578078078],[-86.793511271139,36.2066563129029],[-86.7933869703533,36.2066518734856],[-86.7932625641914,36.2066502393537],[-86.7931381505051,36.2066514107652]]]},"properties":{"id":"199586","parcel":"07008016500","address":"0 W TRINITY LN","owner":"SOUTH CENTRAL CONF. ASSN. OF 7TH DAY ADV., INC.","point":[-86.79348379155958,36.206353426398444]}},{"type":"Feature","id":"199589","geometry":{"type":"Polygon","coordinates":[[[-86.7970124684219,36.2058310985509],[-86.7971565453491,36.2056346316958],[-86.7979333322617,36.2060109291794],[-86.7977892498758,36.2062073942811],[-86.7970124684219,36.2058310985509]]]},"properties":{"id":"199589","parcel":"07008008400","address":"816 FREE SILVER RD","owner":"ACKLEN, CHRISTINE","point":[-86.79747289967173,36.20592101474956]}},{"type":"Feature","id":"199590","geometry":{"type":"Polygon","coordinates":[[[-86.794461908153,36.2063654535061],[-86.7946810302688,36.2060654458474],[-86.7947518640754,36.2060979351593],[-86.794532828866,36.206397830617],[-86.794461908153,36.2063654535061]]]},"properties":{"id":"199590","parcel":"07008016900","address":"0 ENLOE ST","owner":"WILLIAMS, PHILIP D.","point":[-86.79460688740477,36.206231694424595]}},{"type":"Feature","id":"199591","geometry":{"type":"Polygon","coordinates":[[[-86.7966401495642,36.2063387973748],[-86.7966834432727,36.206279763106],[-86.7970471129197,36.2064559371865],[-86.7970038204977,36.2065149715755],[-86.7966401495642,36.2063387973748]]]},"properties":{"id":"199591","parcel":"07008009300","address":"0 FREE SILVER RD","owner":"METRO GOV'T  BT  BACK TAX SALE","point":[-86.7968436312781,36.20639736745375]}},{"type":"Feature","id":"199593","geometry":{"type":"Polygon","coordinates":[[[-86.7931447373381,36.2081074337046],[-86.7934028560728,36.2077585449768],[-86.7934733416165,36.2077915852839],[-86.7935491960563,36.2078268154792],[-86.7933012325832,36.2081781811582],[-86.793217814165,36.2081404643495],[-86.7931527472497,36.2081110537283],[-86.7931447373381,36.2081074337046]]]},"properties":{"id":"199593","parcel":"07008009600","address":"2222 WHITES CREEK PIKE","owner":"YOUNG, RENEE WOODRUFF","point":[-86.79334936041293,36.20796712889808]}},{"type":"Feature","id":"199594","geometry":{"type":"Polygon","coordinates":[[[-86.794532828866,36.206397830617],[-86.7947518640754,36.2060979351593],[-86.7948252562464,36.2061303688365],[-86.7946139548061,36.2064346179937],[-86.794532828866,36.206397830617]]]},"properties":{"id":"199594","parcel":"07008017000","address":"0 ENLOE ST","owner":"WILLIAMS, PHILIP D.","point":[-86.79468143987576,36.20626410393053]}},{"type":"Feature","id":"199595","geometry":{"type":"Polygon","coordinates":[[[-86.7933463504051,36.2076984642216],[-86.7935606565415,36.2074004929986],[-86.7936392431003,36.207435729519],[-86.7934195496009,36.2077338624527],[-86.7934191622794,36.2077343868268],[-86.7934103301468,36.2077472896085],[-86.7933371688518,36.2077112341046],[-86.7933463504051,36.2076984642216]]]},"properties":{"id":"199595","parcel":"07008009900","address":"0 GAINS ST","owner":"KRAATZ, MIRIAM","point":[-86.79349163631585,36.20756709495942]}},{"type":"Feature","id":"199597","geometry":{"type":"Polygon","coordinates":[[[-86.7934195496009,36.2077338624527],[-86.7936392431003,36.207435729519],[-86.7937123043634,36.2074709130799],[-86.7937801491925,36.2075017922215],[-86.7938534463321,36.207537085903],[-86.7939291855556,36.2075722562346],[-86.7940023523703,36.2076052939283],[-86.7937876889699,36.2079083495756],[-86.7937118122865,36.2078709151947],[-86.793638653195,36.2078378835847],[-86.793563360745,36.207802919229],[-86.7934849215594,36.2077652167471],[-86.7934191622794,36.2077343868268],[-86.7934195496009,36.2077338624527]]]},"properties":{"id":"199597","parcel":"07008010000","address":"0 GAINS ST","owner":"YOUNG, RENEE WOODRUFF","point":[-86.79371187417634,36.20766958013719]}},{"type":"Feature","id":"199598","geometry":{"type":"Polygon","coordinates":[[[-86.7949790649874,36.2066015734058],[-86.795189926843,36.2063013803805],[-86.7952581096577,36.2063317382488],[-86.7950547494955,36.2066362053461],[-86.7949790649874,36.2066015734058]]]},"properties":{"id":"199598","parcel":"07008017300","address":"0 ENLOE ST","owner":"HENDERSON, FORREST T.","point":[-86.7951209134401,36.20646665989242]}},{"type":"Feature","id":"199638","geometry":{"type":"Polygon","coordinates":[[[-86.7958229090828,36.2069247714456],[-86.7960053616607,36.2066766407623],[-86.7960700838056,36.2067088289129],[-86.7960550894849,36.2067310771275],[-86.7960511691381,36.2067362563763],[-86.7959239009078,36.2069257344203],[-86.7959096669143,36.2069471817911],[-86.7959094587797,36.2069471642364],[-86.7958129609372,36.2069391183724],[-86.7958119647896,36.2069390348111],[-86.7958229090828,36.2069247714456]]]},"properties":{"id":"199638","parcel":"07008018300","address":"0 ENLOE ST","owner":"HENDERSON, FORREST T.","point":[-86.79594003702182,36.20683051907775]}},{"type":"Feature","id":"199640","geometry":{"type":"Polygon","coordinates":[[[-86.7961773292372,36.2061736727752],[-86.7962408854308,36.2060884243968],[-86.7963111892395,36.2061206711502],[-86.7963858958103,36.2061549148598],[-86.7964598453379,36.2061888471742],[-86.7964600710194,36.2061889511331],[-86.7965294727503,36.2062208287851],[-86.7964636389891,36.2063105923279],[-86.7963951199675,36.2062778066556],[-86.7963220142731,36.2062430819373],[-86.7962476090866,36.206207515855],[-86.7961773292372,36.2061736727752]]]},"properties":{"id":"199640","parcel":"07008018800","address":"903 FREE SILVER RD","owner":"TAYLOR, PALMEDA D.","point":[-86.79635431892684,36.20619823435603]}},{"type":"Feature","id":"199642","geometry":{"type":"Polygon","coordinates":[[[-86.7957734938213,36.2064642251256],[-86.7960943047399,36.2060205723942],[-86.7961447416585,36.2060446478065],[-86.796167874706,36.2060551599017],[-86.7962408854308,36.2060884243968],[-86.7961773292372,36.2061736727752],[-86.7960890404419,36.206292927392],[-86.795996966152,36.2064158642055],[-86.7959117838401,36.2065301214455],[-86.795911438623,36.2065299632965],[-86.7958451712219,36.2064986928136],[-86.7957728499672,36.2064651153072],[-86.7957734938213,36.2064642251256]]]},"properties":{"id":"199642","parcel":"07008018900","address":"704 ENLOE ST","owner":"MURPHY & SONYA FAMILY TRUST","point":[-86.7960369506146,36.20623313613166]}},{"type":"Feature","id":"199644","geometry":{"type":"Polygon","coordinates":[[[-86.7956236931373,36.2063949057957],[-86.7959434805659,36.2059525994763],[-86.796019748098,36.2059865050645],[-86.7960766238319,36.2060121323901],[-86.7960943047399,36.2060205723942],[-86.7957734938213,36.2064642251256],[-86.7957728499672,36.2064651153072],[-86.7956973992619,36.2064300821142],[-86.795622928644,36.2063959644058],[-86.7956236931373,36.2063949057957]]]},"properties":{"id":"199644","parcel":"07008019200","address":"708 ENLOE ST","owner":"MURPHY & SONYA FAMILY TRUST","point":[-86.79585898876815,36.20620773931268]}},{"type":"Feature","id":"199646","geometry":{"type":"Polygon","coordinates":[[[-86.795473817868,36.2063255525239],[-86.7957968495273,36.2058847771868],[-86.7958697276503,36.2059184898049],[-86.795921363686,36.2059428313904],[-86.7959434805659,36.2059525994763],[-86.7956236931373,36.2063949057957],[-86.795622928644,36.2063959644058],[-86.7955432735457,36.2063588453627],[-86.7955432310909,36.2063588258147],[-86.7955431998014,36.2063588106994],[-86.7955431562256,36.2063587902574],[-86.7954731706214,36.2063264373187],[-86.795473817868,36.2063255525239]]]},"properties":{"id":"199646","parcel":"07008019300","address":"712 ENLOE ST","owner":"MURPHY & SONYA FAMILY TRUST","point":[-86.79570956969317,36.206139077805375]}},{"type":"Feature","id":"199670","geometry":{"type":"Polygon","coordinates":[[[-86.7950978702344,36.2061522160295],[-86.7954161075504,36.2057083954622],[-86.7954667082866,36.2057322132189],[-86.7954664080491,36.2057326586167],[-86.7955459653785,36.2057695205964],[-86.7956498395424,36.2058175105904],[-86.795332158012,36.2062605548241],[-86.7953313979822,36.2062616152055],[-86.795232729623,36.2062165693236],[-86.7951972197728,36.2062003317342],[-86.7950973119905,36.2061529938877],[-86.7950978702344,36.2061522160295]]]},"properties":{"id":"199670","parcel":"07008019700","address":"810 ENLOE ST","owner":"MUBAREZ, JASON ALAN TAYLOR & TASHA D.","point":[-86.79537385506109,36.20598486363166]}},{"type":"Feature","id":"199672","geometry":{"type":"Polygon","coordinates":[[[-86.796023234772,36.2059505290046],[-86.7961890054275,36.2057254026405],[-86.7967098527103,36.2059748763631],[-86.7965506128,36.2061920040282],[-86.7960742147419,36.205973871747],[-86.796023234772,36.2059505290046]]]},"properties":{"id":"199672","parcel":"07008019800","address":"901 FREE SILVER RD","owner":"MERRITT, PATRICIA A.","point":[-86.7963671052693,36.205962704131565]}},{"type":"Feature","id":"199981","geometry":{"type":"Polygon","coordinates":[[[-86.7936396133718,36.2102561498574],[-86.7936516981478,36.2101088290418],[-86.7936637828791,36.2099615082188],[-86.7936859227639,36.2097350060704],[-86.7937271380373,36.2092468610288],[-86.7940339546878,36.2087437834684],[-86.7940402402065,36.2087359994194],[-86.7940480500881,36.2087291823119],[-86.7940571616334,36.2087235264797],[-86.7940673173188,36.2087191913363],[-86.7940782270111,36.208716300459],[-86.794089581258,36.2087149360948],[-86.7941010557174,36.208715137328],[-86.7941123267086,36.2087168981756],[-86.7945020930914,36.2088135000553],[-86.7946729819235,36.2088507611756],[-86.7944134130337,36.2110112136449],[-86.7942280735911,36.2109667875478],[-86.7935811975118,36.2109224172002],[-86.7936396133718,36.2102561498574]]]},"properties":{"id":"199981","parcel":"07004018100","address":"2229 WHITES CREEK PIKE","owner":"SPANN, ARTHUR, JR. & HATTIE","point":[-86.79411390515804,36.20984901325419]}},{"type":"Feature","id":"200144","geometry":{"type":"Polygon","coordinates":[[[-86.7995856173879,36.2011805112388],[-86.7994609440073,36.2011857340035],[-86.7994059485342,36.2011897617369],[-86.7993507456131,36.2011908599153],[-86.7992955731926,36.2011890260622],[-86.799236110189,36.2011855974108],[-86.799176509502,36.2011846165671],[-86.7991169235142,36.2011860879299],[-86.7990691645902,36.20118589027],[-86.7990216414022,36.2011820490327],[-86.79899362783,36.2011792746577],[-86.7989662996694,36.2011735612329],[-86.7989401249563,36.2011650075045],[-86.7988856552534,36.2011411933499],[-86.7988752551427,36.2011364845691],[-86.7988640422674,36.2011332213809],[-86.7988523210984,36.201131492798],[-86.7988404090139,36.2011313444876],[-86.7988286285341,36.2011327806248],[-86.7988204875758,36.2011331084656],[-86.7988124954006,36.201134407783],[-86.7988048285314,36.2011366503713],[-86.7987976543875,36.2011397873563],[-86.7987911323955,36.2011437491874],[-86.7987854029073,36.2011484493165],[-86.7987745252447,36.2011561675791],[-86.7987622837803,36.2011624014715],[-86.7987489827592,36.2011669966678],[-86.7987349568395,36.2011698373949],[-86.7987205544939,36.201170854654],[-86.7987021323177,36.2011713234959],[-86.7986838268084,36.2011695744595],[-86.7986660442461,36.201165647217],[-86.7986491736002,36.2011596293219],[-86.7986335909327,36.2011516516743],[-86.7986112786985,36.2011383956813],[-86.7985875987602,36.2011268007424],[-86.7985627421812,36.2011169575218],[-86.7985454739078,36.2011088855628],[-86.7985268870334,36.2011030448328],[-86.7985074177426,36.2010995739448],[-86.7984875238682,36.2010985527869],[-86.7984676693518,36.2011000053288],[-86.798421498297,36.2011026683329],[-86.7983755507273,36.2011072071698],[-86.7983400885445,36.2011083591203],[-86.7983048123359,36.2011115268546],[-86.7982698987675,36.2011166965872],[-86.7982434108644,36.2011188905218],[-86.7982167852584,36.2011190034465],[-86.7981902699102,36.2011170337219],[-86.7981641129891,36.2011130004368],[-86.7981342424849,36.2011045944367],[-86.7981051702321,36.2010945140164],[-86.7980770412896,36.2010828086884],[-86.797987258802,36.2010526356934],[-86.7979671059571,36.2010441086514],[-86.7979455130687,36.2010383435756],[-86.7979230532304,36.2010354925963],[-86.7979003198916,36.2010356311026],[-86.7978637620837,36.2010364179322],[-86.7978275126341,36.2010403336964],[-86.7977919769636,36.2010473333575],[-86.7977572163034,36.2010484687855],[-86.7977227684905,36.2010524059619],[-86.7976889756033,36.2010591038726],[-86.7982056493985,36.1991562484396],[-86.7982894877569,36.1991712031058],[-86.7983643542063,36.1991865423917],[-86.7984092996053,36.199195010883],[-86.7998303788174,36.1994467196014],[-86.8011626167186,36.1996861824855],[-86.8007304861576,36.2011752300481],[-86.8006754563799,36.2011623031484],[-86.8006503936824,36.2011560829928],[-86.8006244618419,36.201152990566],[-86.8005982509021,36.2011530940562],[-86.8005723591194,36.201156394003],[-86.8005266625011,36.2011665081021],[-86.8004803525985,36.2011745830889],[-86.80046430603,36.20118037823],[-86.800447343235,36.2011840858115],[-86.8004298780524,36.2011856129634],[-86.800412330472,36.2011849253573],[-86.8003621178677,36.2011800389855],[-86.8002952983184,36.201170485072],[-86.8002280667017,36.2011630716454],[-86.8001952932162,36.2011560562116],[-86.8001628396015,36.2011481202633],[-86.8001389222371,36.2011433263197],[-86.8001143632591,36.2011417297935],[-86.8000898080429,36.2011433723723],[-86.8000659044635,36.2011482128118],[-86.8000330858949,36.2011539243508],[-86.8000232509664,36.2011534406442],[-86.8000176481864,36.2011516229686],[-86.8000125159253,36.2011490478191],[-86.8000080106432,36.2011457925692],[-86.8000042678823,36.2011419554594],[-86.8000014000075,36.2011376520084],[-86.7999992948533,36.2011274943149],[-86.7999990186413,36.2011171974261],[-86.8000005768699,36.2011069758059],[-86.8000039372137,36.2010970423662],[-86.800009029497,36.2010876057632],[-86.8000103500194,36.2010840253136],[-86.8000102114958,36.201070291001],[-86.8000074385755,36.2010642664121],[-86.8000026469073,36.2010596278199],[-86.7999958326253,36.2010561021673],[-86.7999904787807,36.2010551507563],[-86.7999850052759,36.2010549040233],[-86.7999795545002,36.2010553673338],[-86.7999742642318,36.2010565298611],[-86.799969269834,36.201058361868],[-86.7999647009197,36.2010608147291],[-86.7999606725106,36.2010638263966],[-86.7999572883729,36.2010673213783],[-86.7999546343276,36.2010712089796],[-86.7999385125749,36.2011193890899],[-86.799933823561,36.2011279064349],[-86.7999274019935,36.2011356457521],[-86.7999194379444,36.2011423786639],[-86.7999101673561,36.2011479044284],[-86.799899864359,36.2011520599032],[-86.799885645134,36.201154032327],[-86.7998712261101,36.2011543865053],[-86.7998568863171,36.2011531142807],[-86.799842904,36.2011502399468],[-86.7998301102617,36.2011505491063],[-86.799817534111,36.2011524763907],[-86.7998054853374,36.2011559764874],[-86.7997942610631,36.2011609609074],[-86.7997841380597,36.2011673079501],[-86.7997753649465,36.2011748609518],[-86.799759274331,36.2011827994911],[-86.7997418987663,36.2011886943657],[-86.7997236294536,36.2011924132023],[-86.799704878082,36.2011938703579],[-86.7996860691166,36.2011930341808],[-86.7996355977226,36.2011880636011],[-86.7995856173879,36.2011805112388]]]},"properties":{"id":"200144","parcel":"07012000600","address":"407 GREAT CIRCLE RD","owner":"GRAYMAR METROCENTER 1, GP","point":[-86.79942273477005,36.20036064735964]}},{"type":"Feature","id":"200170","geometry":{"type":"Polygon","coordinates":[[[-86.7942473091006,36.206369699628],[-86.7940542249338,36.2062556171577],[-86.7938880575155,36.2061575080044],[-86.7935523895578,36.2059600275211],[-86.7934948608791,36.2059261829088],[-86.7934288890599,36.2058881839589],[-86.7934302539281,36.2058876648778],[-86.7939065094476,36.2057062753469],[-86.7946810302688,36.2060654458474],[-86.794461908153,36.2063654535061],[-86.7943522538774,36.2063157277413],[-86.794341527893,36.2063297101482],[-86.7943417066426,36.2063297918883],[-86.7942923877679,36.2063963336786],[-86.7942473091006,36.206369699628]]]},"properties":{"id":"200170","parcel":"07008016700","address":"617 YOUNGS LN","owner":"LOCKRIDGE, WILLIAM BERNARD ET AL","point":[-86.794104817765,36.20601271755679]}},{"type":"Feature","id":"200307","geometry":{"type":"Polygon","coordinates":[[[-86.7980505228615,36.2069909449823],[-86.7982735980526,36.2066867696724],[-86.7983352574848,36.2067168697145],[-86.7983461861551,36.2067222041244],[-86.798339560175,36.2067312398034],[-86.798148644414,36.2069915636606],[-86.7980505228615,36.2069909449823]]]},"properties":{"id":"200307","parcel":"07008001700","address":"810 W TRINITY LN","owner":"METRO GOV'T  BT  BACK TAX SALE","point":[-86.79819504162484,36.20686109248204]}},{"type":"Feature","id":"200308","geometry":{"type":"Polygon","coordinates":[[[-86.7979524024225,36.2069903262169],[-86.798201010015,36.2066513351763],[-86.7982735980526,36.2066867696724],[-86.7980505228615,36.2069909449823],[-86.7979524024225,36.2069903262169]]]},"properties":{"id":"200308","parcel":"07008001800","address":"806 W TRINITY LN","owner":"BAKER, CHERI & STARNES, DAVID","point":[-86.79811300030258,36.206838548054904]}},{"type":"Feature","id":"200324","geometry":{"type":"Polygon","coordinates":[[[-86.797089319836,36.2081181463086],[-86.7971336346881,36.2080570809423],[-86.7974928788738,36.2082393789866],[-86.7974485685992,36.2083004399464],[-86.797089319836,36.2081181463086]]]},"properties":{"id":"200324","parcel":"07004015800","address":"0 HOBART ST","owner":"METRO GOV'T  P  PARKS","point":[-86.79729110141973,36.20817876282127]}},{"type":"Feature","id":"200325","geometry":{"type":"Polygon","coordinates":[[[-86.7970016190223,36.2082389982787],[-86.7970461731244,36.2081776024085],[-86.7974054198609,36.2083598988898],[-86.7973650023441,36.2084155941469],[-86.7970016190223,36.2082389982787]]]},"properties":{"id":"200325","parcel":"07004016000","address":"0 HOBART ST","owner":"LANA, JUSTIN THOMAS","point":[-86.7972061531092,36.208299453217236]}},{"type":"Feature","id":"200326","geometry":{"type":"Polygon","coordinates":[[[-86.7969574070753,36.2082999214152],[-86.7970016190223,36.2082389982787],[-86.7973650023441,36.2084155941469],[-86.7973189412065,36.2084790666702],[-86.7969574070753,36.2082999214152]]]},"properties":{"id":"200326","parcel":"07004016100","address":"0 HOBART ST","owner":"METRO GOV'T","point":[-86.79716005819678,36.20835775601149]}},{"type":"Feature","id":"200577","geometry":{"type":"Polygon","coordinates":[[[-86.7973775444173,36.2053332700421],[-86.7973833981107,36.2053252894805],[-86.7981601931231,36.2057015899774],[-86.7981522452924,36.2057124260921],[-86.7980476290041,36.2058550786676],[-86.7972708374976,36.2054787801371],[-86.7973775444173,36.2053332700421]]]},"properties":{"id":"200577","parcel":"07008024200","address":"810 FREE SILVER RD","owner":"PHILLIPS, BRANDON","point":[-86.79771551483604,36.20559018588264]}},{"type":"Feature","id":"200639","geometry":{"type":"Polygon","coordinates":[[[-86.7953729173351,36.2089594865707],[-86.7971308335908,36.2086668990069],[-86.7973056934067,36.2087574640421],[-86.7976957308927,36.2085513216074],[-86.7976055665352,36.2087760550526],[-86.7975849011979,36.2088275651474],[-86.7959536565963,36.2095152098738],[-86.795939336446,36.2095212471629],[-86.7956984664474,36.2092057038353],[-86.7955865477196,36.2090590888996],[-86.7953729173351,36.2089594865707]]]},"properties":{"id":"200639","parcel":"07004010300","address":"2304 WHITES CREEK PIKE","owner":"DONELSON, JOHN, IV","point":[-86.79631341195211,36.209010709532336]}},{"type":"Feature","id":"200640","geometry":{"type":"Polygon","coordinates":[[[-86.7966462454599,36.2096541784446],[-86.7974737090542,36.2091044481432],[-86.7973762201879,36.2093947765465],[-86.7964707543293,36.2102401803003],[-86.796440002081,36.2101957906119],[-86.796400454627,36.210140711401],[-86.7963650312075,36.2100896426226],[-86.7967643082303,36.2098243846786],[-86.7966462454599,36.2096541784446]]]},"properties":{"id":"200640","parcel":"07004010600","address":"0 WHITES CREEK PIKE","owner":"WADE, ZENOBIA A. JOHNSON","point":[-86.7968559858539,36.20973953748324]}},{"type":"Feature","id":"200641","geometry":{"type":"Polygon","coordinates":[[[-86.7964707543293,36.2102401803003],[-86.7973762201879,36.2093947765465],[-86.7972817468257,36.2096761597616],[-86.7972790635332,36.2097310560658],[-86.7972476388761,36.2103738794751],[-86.7967492602482,36.2106224499108],[-86.7966821350206,36.210538706137],[-86.7966177118634,36.2104535799943],[-86.7965560336086,36.2103671288848],[-86.7964971419843,36.2102794111192],[-86.7964707543293,36.2102401803003]]]},"properties":{"id":"200641","parcel":"07004010700","address":"2330 WHITES CREEK PIKE","owner":"CHARITY MISSION FOR CHRIST","point":[-86.79700511473118,36.20998583979177]}},{"type":"Feature","id":"200742","geometry":{"type":"Polygon","coordinates":[[[-86.798356316525,36.2067872144513],[-86.7983664889784,36.2067321153448],[-86.7984039274445,36.2067503905228],[-86.7987241818622,36.20610892669],[-86.7988718524864,36.2059629054994],[-86.7990523925275,36.2058496320312],[-86.7995805084414,36.2060219109478],[-86.7991368479065,36.2069909719072],[-86.7989350655474,36.2069916149005],[-86.7984179968656,36.2069932628435],[-86.7983183894715,36.2069926343791],[-86.798356316525,36.2067872144513]]]},"properties":{"id":"200742","parcel":"07008001500","address":"0 W TRINITY LN","owner":"NASHVILLE DEVELOPMENT GROUP, LLC","point":[-86.79898297930124,36.20642125700715]}},{"type":"Feature","id":"200743","geometry":{"type":"Polygon","coordinates":[[[-86.7990228265507,36.2048299097069],[-86.7990238066335,36.2048286216289],[-86.7993744151756,36.2048601606388],[-86.7992475035811,36.2052650431176],[-86.7987295682,36.2052155093033],[-86.7990228265507,36.2048299097069]]]},"properties":{"id":"200743","parcel":"07008002600","address":"809 YOUNGS LN","owner":"LISTER, ROBERT & CONSTANCE","point":[-86.79909175779504,36.20503790216786]}},{"type":"Feature","id":"200753","geometry":{"type":"Polygon","coordinates":[[[-86.7932540867478,36.2099400265156],[-86.7933449191703,36.2098031756752],[-86.7936637828791,36.2099615082188],[-86.7936516981478,36.2101088290418],[-86.7932540867478,36.2099400265156]]]},"properties":{"id":"200753","parcel":"07004015302","address":"403 TONEY RD","owner":"BROWN, D. F. & GILES, R. H.","point":[-86.79346072236821,36.20995077062738]}},{"type":"Feature","id":"200754","geometry":{"type":"Polygon","coordinates":[[[-86.7977915687043,36.2083694893183],[-86.797996241063,36.208087387333],[-86.7980153023239,36.2080965587693],[-86.7979430991895,36.2082894016971],[-86.7977915687043,36.2083694893183]]]},"properties":{"id":"200754","parcel":"07004015400","address":"0 BROWNLO ST","owner":"HOPKINS, RICHARD","point":[-86.7979494522655,36.20819293002111]}},{"type":"Feature","id":"200755","geometry":{"type":"Polygon","coordinates":[[[-86.7979239216434,36.2080515750762],[-86.797996241063,36.208087387333],[-86.7977915687043,36.2083694893183],[-86.7976321284549,36.2084537576615],[-86.7979239216434,36.2080515750762]]]},"properties":{"id":"200755","parcel":"07004015500","address":"0 BROWNLO ST","owner":"HOPKINS, RICHARD","point":[-86.7978448144345,36.20822835546284]}},{"type":"Feature","id":"200756","geometry":{"type":"Polygon","coordinates":[[[-86.7974809617664,36.208526621589],[-86.7978525346588,36.2080144795304],[-86.7978826093943,36.2080301078498],[-86.7979239216434,36.2080515750762],[-86.7976321284549,36.2084537576615],[-86.7975584398666,36.2084927038172],[-86.7974726867547,36.2085380257996],[-86.7974809617664,36.208526621589]]]},"properties":{"id":"200756","parcel":"07004015600","address":"0 BROWNLO ST","owner":"HOPKINS, RICHARD","point":[-86.79772893506612,36.20825258350645]}},{"type":"Feature","id":"200757","geometry":{"type":"Polygon","coordinates":[[[-86.7971336346881,36.2080570809423],[-86.7971728631335,36.2080030230841],[-86.7975346464771,36.2081818217761],[-86.7974928788738,36.2082393789866],[-86.7971336346881,36.2080570809423]]]},"properties":{"id":"200757","parcel":"07004015700","address":"0 HOBART ST","owner":"METRO GOV'T  P  PARKS","point":[-86.79733249263934,36.20811944873665]}},{"type":"Feature","id":"200758","geometry":{"type":"Polygon","coordinates":[[[-86.7970461731244,36.2081776024085],[-86.797089319836,36.2081181463086],[-86.7974485685992,36.2083004399464],[-86.7974054198609,36.2083598988898],[-86.7970461731244,36.2081776024085]]]},"properties":{"id":"200758","parcel":"07004015900","address":"0 HOBART ST","owner":"METRO GOV'T  P  PARKS","point":[-86.79724736943093,36.208239021344234]}},{"type":"Feature","id":"200759","geometry":{"type":"Polygon","coordinates":[[[-86.7966108361397,36.208042439812],[-86.7966542839471,36.2079809378234],[-86.7970150565424,36.2081608749125],[-86.7969718538267,36.2082204097639],[-86.7966108361397,36.208042439812]]]},"properties":{"id":"200759","parcel":"07004016400","address":"0 MCKINLEY ST","owner":"LAMPKIN, S. L. IV","point":[-86.79681364388604,36.20810165871722]}},{"type":"Feature","id":"200760","geometry":{"type":"Polygon","coordinates":[[[-86.7965185108815,36.2081676389697],[-86.7965646712362,36.2081061380512],[-86.7969263212022,36.2082831540387],[-86.7968819588901,36.2083442836258],[-86.7965185108815,36.2081676389697]]]},"properties":{"id":"200760","parcel":"07004016600","address":"0 MCKINLEY ST","owner":"LAMPKIN, S. L. IV","point":[-86.79672283428998,36.20822539738832]}},{"type":"Feature","id":"200761","geometry":{"type":"Polygon","coordinates":[[[-86.7948882109828,36.2087334976636],[-86.7955127895215,36.2078812715713],[-86.7960119966233,36.2081253444337],[-86.7956877744623,36.2085677420167],[-86.7953613722893,36.208410634251],[-86.7950673001569,36.2088118845987],[-86.7950400009371,36.2087995287103],[-86.7948882109828,36.2087334976636]]]},"properties":{"id":"200761","parcel":"07004016900","address":"1022 FREE SILVER RD","owner":"AOA NASHVILLE, INC.","point":[-86.79556856305322,36.208267788080065]}},{"type":"Feature","id":"200793","geometry":{"type":"Polygon","coordinates":[[[-86.7947378035246,36.2029048777083],[-86.7948808137071,36.2019230623784],[-86.7949048826879,36.2019243531614],[-86.794928650823,36.2019276917831],[-86.7949622920504,36.2019365360965],[-86.7949728422317,36.201940587205],[-86.7949980307388,36.2019482857764],[-86.7950238230063,36.2019545356456],[-86.7950500089793,36.2019590155438],[-86.7950764378167,36.2019624303489],[-86.7951034744811,36.2019640260058],[-86.795130373404,36.2019667455351],[-86.7951640307474,36.2019720909902],[-86.795197269502,36.201978941595],[-86.7952363490899,36.2019893975235],[-86.7953145133329,36.2020100353259],[-86.7953478232253,36.2020194305826],[-86.7954035349705,36.2020319741796],[-86.7954390204056,36.2020383079162],[-86.795474826141,36.2020433146783],[-86.7954890776839,36.202044871001],[-86.7955178719259,36.2020433077822],[-86.7955463545769,36.2020444936538],[-86.7955653566239,36.2020470479097],[-86.7955840408111,36.2020508389848],[-86.7956220617439,36.2020568495334],[-86.7956597579341,36.2020640753075],[-86.7956682474168,36.2020656677743],[-86.7956780647851,36.2020645035449],[-86.7956882295745,36.2020641625807],[-86.7957180649274,36.2020650646134],[-86.7957376847244,36.2020682303329],[-86.7957567851335,36.2020730505826],[-86.7957671908753,36.2020764428506],[-86.7958030325322,36.2020881294273],[-86.7958149277293,36.2020913469441],[-86.7958149185175,36.2020914263158],[-86.795710527661,36.2030367476924],[-86.7956087503168,36.2037033005386],[-86.7955215813162,36.204412212611],[-86.7955148625649,36.2044141179769],[-86.7955084916244,36.2044159976183],[-86.7954657541958,36.2044304686059],[-86.7954246147873,36.2044477148485],[-86.7953853457923,36.2044676200933],[-86.7953482083317,36.2044900528407],[-86.7953134488912,36.2045148636624],[-86.7952813015719,36.2045418878906],[-86.7950171904854,36.2047828972815],[-86.7944287181566,36.2053198891648],[-86.7944028460493,36.2053425232841],[-86.7945518899632,36.2043102150044],[-86.7945328877796,36.2043081418613],[-86.7946294679803,36.2036463198687],[-86.7946870379086,36.2032517574583],[-86.7947378035246,36.2029048777083]]]},"properties":{"id":"200793","parcel":"07008023300","address":"800 YOUNGS LN","owner":"SOUTH CENTRAL CONF. ASSN. OF 7TH DAY ADV., INC.","point":[-86.79515278441187,36.20344988608337]}},{"type":"Feature","id":"200822","geometry":{"type":"Polygon","coordinates":[[[-86.7937876889699,36.2079083495756],[-86.7940023523703,36.2076052939283],[-86.7940775915446,36.2076409343075],[-86.7941543293636,36.2076776336784],[-86.7942217498472,36.2077087469868],[-86.794297717305,36.2077440210341],[-86.7943687620054,36.2077773356323],[-86.7944413344517,36.2078122831347],[-86.7942320934626,36.2081175444205],[-86.794150801824,36.2080779126075],[-86.7940836803301,36.2080473668909],[-86.7940098932785,36.2080118494543],[-86.7939719558197,36.2079942314198],[-86.7939335286799,36.2079775755331],[-86.7938579088558,36.2079417068457],[-86.7937876889699,36.2079083495756]]]},"properties":{"id":"200822","parcel":"07008010500","address":"0 GAINS ST","owner":"ST. PETERS A. M. E. CHURCH, TR.","point":[-86.79411506640378,36.2078603177561]}},{"type":"Feature","id":"200825","geometry":{"type":"Polygon","coordinates":[[[-86.7944442289911,36.2076870250402],[-86.7946534450953,36.2073993425739],[-86.7947320310355,36.2074345792917],[-86.7945173949691,36.2077200579221],[-86.7944442289911,36.2076870250402]]]},"properties":{"id":"200825","parcel":"07008012100","address":"0 GAINS ST","owner":"DAVIS, JAMES & LADEVIA A.","point":[-86.79458657856232,36.207560799591384]}},{"type":"Feature","id":"200827","geometry":{"type":"Polygon","coordinates":[[[-86.7941515741673,36.2075482984929],[-86.7943607851722,36.2072628138321],[-86.7944332404363,36.2072966571675],[-86.7945071139093,36.2073310796514],[-86.794297903224,36.2076165618567],[-86.7942306055535,36.2075859362654],[-86.7941515741673,36.2075482984929]]]},"properties":{"id":"200827","parcel":"07008012400","address":"2134 GAINS ST","owner":"615 DEVELOPMENTS, LLC","point":[-86.79432934390061,36.207439689205295]}},{"type":"Feature","id":"200854","geometry":{"type":"Polygon","coordinates":[[[-86.7935771027975,36.2072796431502],[-86.7937890228588,36.2069963605662],[-86.7939190939351,36.2070558196021],[-86.7937071705905,36.2073412997046],[-86.7935771027975,36.2072796431502]]]},"properties":{"id":"200854","parcel":"07008012900","address":"2120 GAINS ST","owner":"PANTHER CONSTRUCTION CO., INC.","point":[-86.7937484201143,36.20716773205419]}},{"type":"Feature","id":"201159","geometry":{"type":"Polygon","coordinates":[[[-86.7904222404498,36.2079517503684],[-86.7905375240326,36.2078787597928],[-86.7905803845498,36.2079232204244],[-86.7904650998298,36.2079962110472],[-86.7904222404498,36.2079517503684]]]},"properties":{"id":"201159","parcel":"071050H00200CO","address":"203 LUCY LN","owner":"EST DEVELOPMENT LLC","point":[-86.790501312406,36.20793748542239]}},{"type":"Feature","id":"201164","geometry":{"type":"Polygon","coordinates":[[[-86.7905278264631,36.2080612805346],[-86.790643112332,36.2079882898459],[-86.7906844177607,36.2080311383546],[-86.7905691329795,36.2081041290745],[-86.7905278264631,36.2080612805346]]]},"properties":{"id":"201164","parcel":"071050H00400CO","address":"207 LUCY LN","owner":"EST DEVELOPMENT LLC","point":[-86.79060612224075,36.208046209470474]}},{"type":"Feature","id":"201167","geometry":{"type":"Polygon","coordinates":[[[-86.7906087146481,36.2081451890777],[-86.7907239994615,36.208072199222],[-86.7907674287825,36.2081172490903],[-86.7906521439526,36.2081902398878],[-86.7906087146481,36.2081451890777]]]},"properties":{"id":"201167","parcel":"071050H00600CO","address":"211 LUCY LN","owner":"EST DEVELOPMENT LLC","point":[-86.79068807186692,36.2081312191106]}},{"type":"Feature","id":"201171","geometry":{"type":"Polygon","coordinates":[[[-86.7906521439526,36.2081902398878],[-86.7907674287825,36.2081172490903],[-86.7908090849444,36.2081604611703],[-86.79069380009,36.2082334520066],[-86.7906521439526,36.2081902398878]]]},"properties":{"id":"201171","parcel":"071050H00700CO","address":"213 LUCY LN","owner":"EST DEVELOPMENT LLC","point":[-86.79073061446319,36.20817535055485]}},{"type":"Feature","id":"201174","geometry":{"type":"Polygon","coordinates":[[[-86.7912376769188,36.2087976316529],[-86.7913529609806,36.2087246403162],[-86.791395705547,36.2087689797437],[-86.7912804214509,36.208841970219],[-86.7912376769188,36.2087976316529]]]},"properties":{"id":"201174","parcel":"071050H02000CO","address":"239 LUCY LN","owner":"EST DEVELOPMENT LLC","point":[-86.79131669110596,36.2087833057242]}},{"type":"Feature","id":"201330","geometry":{"type":"Polygon","coordinates":[[[-86.798339560175,36.2067312398034],[-86.7983461861551,36.2067222041244],[-86.7983664889784,36.2067321153448],[-86.798356316525,36.2067872144513],[-86.7983183894715,36.2069926343791],[-86.798148644414,36.2069915636606],[-86.798339560175,36.2067312398034]]]},"properties":{"id":"201330","parcel":"07008001600","address":"814 W TRINITY LN","owner":"CHIOFOLO, CHARLES","point":[-86.79828051913624,36.20688943636264]}},{"type":"Feature","id":"201332","geometry":{"type":"Polygon","coordinates":[[[-86.7984085646712,36.2056375844364],[-86.7987295682,36.2052155093033],[-86.7992475035811,36.2052650431176],[-86.7993744151756,36.2048601606388],[-86.79965339869,36.2048852557868],[-86.7997328803702,36.2048907913031],[-86.7992997266016,36.2055552476784],[-86.7996108987021,36.2055388530331],[-86.7999761868887,36.2055196053033],[-86.7997222729259,36.2060689634043],[-86.7996400440186,36.206041331837],[-86.7995805084414,36.2060219109478],[-86.7990523925275,36.2058496320312],[-86.7984085646712,36.2056375844364]]]},"properties":{"id":"201332","parcel":"07008002700","address":"0 YOUNGS LN","owner":"RUDOLPH, MONICO L.","point":[-86.79900127526008,36.20539130094217]}},{"type":"Feature","id":"201349","geometry":{"type":"Polygon","coordinates":[[[-86.7944134130337,36.2110112136449],[-86.7946729819235,36.2088507611756],[-86.7947466852819,36.2088668313798],[-86.7950680620171,36.2090053655737],[-86.7950750965693,36.2095041816563],[-86.7950753846065,36.2095250376046],[-86.7950706329498,36.2096866015941],[-86.7950706312407,36.2096866529771],[-86.7950654059487,36.2098643174685],[-86.7950602775689,36.2100386718888],[-86.7950494832819,36.2104056554673],[-86.7950430446043,36.2106245938576],[-86.7950580581699,36.211165733477],[-86.7944134130337,36.2110112136449]]]},"properties":{"id":"201349","parcel":"07004015100","address":"2231 WHITES CREEK PIKE","owner":"SUCCESSFUL SURVIVORS, INC.","point":[-86.79480184237305,36.20995104746591]}},{"type":"Feature","id":"201352","geometry":{"type":"Polygon","coordinates":[[[-86.7933449191703,36.2098031756752],[-86.7934516467374,36.2096288622291],[-86.7936859227639,36.2097350060704],[-86.7936637828791,36.2099615082188],[-86.7933449191703,36.2098031756752]]]},"properties":{"id":"201352","parcel":"07004015300","address":"401 TONEY RD","owner":"SPANN, SANDRA","point":[-86.79352425461305,36.209769106234845]}},{"type":"Feature","id":"201355","geometry":{"type":"Polygon","coordinates":[[[-86.7968740244105,36.2084148235095],[-86.7969168368131,36.2083558275229],[-86.7972788241324,36.2085343489377],[-86.7972374181262,36.208591406169],[-86.7971034193332,36.2085266060189],[-86.7968735681014,36.2084154528961],[-86.7968740244105,36.2084148235095]]]},"properties":{"id":"201355","parcel":"07004016300","address":"0 HOBART ST","owner":"LANA, JUSTIN","point":[-86.79706974170261,36.20847116730273]}},{"type":"Feature","id":"201358","geometry":{"type":"Polygon","coordinates":[[[-86.7964793723888,36.2082225116561],[-86.7965185108815,36.2081676389697],[-86.7968819588901,36.2083442836258],[-86.7968420686266,36.208399251515],[-86.7968418163379,36.2083995992634],[-86.7964777767511,36.2082247482918],[-86.7964793723888,36.2082225116561]]]},"properties":{"id":"201358","parcel":"07004016700","address":"0 MCKINLEY ST","owner":"BAYCO. HOLDINGS LLC","point":[-86.79668060047585,36.208284517374146]}},{"type":"Feature","id":"201603","geometry":{"type":"Polygon","coordinates":[[[-86.7953269087806,36.2075036162231],[-86.7953634635689,36.2074550985788],[-86.7953893121315,36.2074678893457],[-86.7954663493641,36.2075060117084],[-86.7954911630395,36.2075182910462],[-86.7954546060761,36.2075668087429],[-86.7954303199184,36.2075547908934],[-86.795354472922,36.2075172564016],[-86.7953269087806,36.2075036162231]]]},"properties":{"id":"201603","parcel":"070080K00300CO","address":"1005 FREE SILVER RD","owner":"EAGLE GP LLC, THE","point":[-86.79541041101753,36.20751163406786]}},{"type":"Feature","id":"201607","geometry":{"type":"Polygon","coordinates":[[[-86.7953634635689,36.2074550985788],[-86.7954012014062,36.207405012148],[-86.7954252773983,36.2074169259404],[-86.7955035428814,36.2074556566512],[-86.7955289008351,36.2074682054775],[-86.7954911630395,36.2075182910462],[-86.7954663493641,36.2075060117084],[-86.7953893121315,36.2074678893457],[-86.7953634635689,36.2074550985788]]]},"properties":{"id":"201607","parcel":"070080K00400CO","address":"1003 FREE SILVER RD","owner":"EAGLE GP LLC, THE","point":[-86.79544642707226,36.20746177301135]}},{"type":"Feature","id":"201611","geometry":{"type":"Polygon","coordinates":[[[-86.7954012014062,36.207405012148],[-86.7954358344534,36.2073590477894],[-86.7954582831705,36.207370156654],[-86.7955376763099,36.2074094450048],[-86.795563532724,36.2074222410905],[-86.7955289008351,36.2074682054775],[-86.7955035428814,36.2074556566512],[-86.7954252773983,36.2074169259404],[-86.7954012014062,36.207405012148]]]},"properties":{"id":"201611","parcel":"070080K00500CO","address":"1001 FREE SILVER RD","owner":"EAGLE GP LLC, THE","point":[-86.79548147645748,36.20741318548512]}},{"type":"Feature","id":"201614","geometry":{"type":"Polygon","coordinates":[[[-86.7955005435673,36.2072413297647],[-86.7955186186041,36.2071648640618],[-86.7955828846134,36.2071748412197],[-86.7955687771192,36.2072345236678],[-86.7955604784237,36.2072696346481],[-86.7955533126653,36.2072999515722],[-86.7954890454463,36.2072899744061],[-86.7955005435673,36.2072413297647]]]},"properties":{"id":"201614","parcel":"070080K00700CO","address":"661 W TRINITY LN","owner":"EAGLE GP LLC, THE","point":[-86.79554253203145,36.207204625563755]}},{"type":"Feature","id":"201618","geometry":{"type":"Polygon","coordinates":[[[-86.795374759494,36.2071829013671],[-86.7953839640007,36.2071439594858],[-86.7954289275719,36.207150940094],[-86.7954546912123,36.207154939616],[-86.7954408364696,36.2072135532921],[-86.7954251190694,36.2072800499377],[-86.7953543917503,36.2072690697906],[-86.795374759494,36.2071829013671]]]},"properties":{"id":"201618","parcel":"070080K00900CO","address":"657 W TRINITY LN","owner":"EAGLE GP LLC, THE","point":[-86.79540779800433,36.20719822733421]}},{"type":"Feature","id":"201620","geometry":{"type":"Polygon","coordinates":[[[-86.7950026282095,36.2071336231227],[-86.7950067179468,36.2071056156823],[-86.7950726119654,36.2071119358956],[-86.7950651849397,36.2071628005337],[-86.795055057421,36.2072321569758],[-86.794989163313,36.2072258376543],[-86.7949915391591,36.2072095722973],[-86.7950026282095,36.2071336231227]]]},"properties":{"id":"201620","parcel":"070080K01400CO","address":"647 W TRINITY LN","owner":"EAGLE GP LLC, THE","point":[-86.79502836187432,36.20718618642093]}},{"type":"Feature","id":"201622","geometry":{"type":"Polygon","coordinates":[[[-86.7947812890345,36.2072059010926],[-86.7947988439881,36.2070856800513],[-86.7948695144865,36.2070924574205],[-86.7948682688555,36.2071009915386],[-86.7948519596476,36.2072126793731],[-86.7947915968182,36.2072068904285],[-86.7947812890345,36.2072059010926]]]},"properties":{"id":"201622","parcel":"070080K01700CO","address":"641 W TRINITY LN","owner":"EAGLE GP LLC, THE","point":[-86.79482477888209,36.207153446323666]}},{"type":"Feature","id":"201624","geometry":{"type":"Polygon","coordinates":[[[-86.7947641514648,36.2073799876815],[-86.7948336877836,36.2072803337473],[-86.7948394425454,36.2072829708086],[-86.7948932866505,36.207307647082],[-86.7948237503827,36.2074073010498],[-86.7947686236748,36.2073820374544],[-86.7947641514648,36.2073799876815]]]},"properties":{"id":"201624","parcel":"070080K02600CO","address":"1011 FREE SILVER RD #7","owner":"EAGLE GP LLC, THE","point":[-86.79482871908722,36.207343817399384]}},{"type":"Feature","id":"201626","geometry":{"type":"Polygon","coordinates":[[[-86.7948932866505,36.207307647082],[-86.7949021296832,36.2072949730366],[-86.7949217993533,36.2073039877407],[-86.7949632636394,36.2073229900299],[-86.7948848821738,36.2074353180965],[-86.7948399913438,36.207414744907],[-86.7948237503827,36.2074073010498],[-86.7948932866505,36.207307647082]]]},"properties":{"id":"201626","parcel":"070080K02700CO","address":"1011 FREE SILVER RD #6","owner":"EAGLE GP LLC, THE","point":[-86.79489350674768,36.20736514555993]}},{"type":"Feature","id":"201669","geometry":{"type":"Polygon","coordinates":[[[-86.7961536134005,36.2097772100219],[-86.7975219618015,36.2089842916963],[-86.7974884208537,36.2090678121222],[-86.7974737090542,36.2091044481432],[-86.7966462454599,36.2096541784446],[-86.7962581566992,36.2099120025602],[-86.7961536134005,36.2097772100219]]]},"properties":{"id":"201669","parcel":"07004010400","address":"2316 WHITES CREEK PIKE","owner":"METRO GOV'T","point":[-86.79695044705761,36.20937912823954]}},{"type":"Feature","id":"201671","geometry":{"type":"Polygon","coordinates":[[[-86.7962581566992,36.2099120025602],[-86.7966462454599,36.2096541784446],[-86.7967643082303,36.2098243846786],[-86.7963650312075,36.2100896426226],[-86.79624696889,36.2099194351098],[-86.7962581566992,36.2099120025602]]]},"properties":{"id":"201671","parcel":"07004010500","address":"2318 WHITES CREEK PIKE","owner":"ACKLEN, WALTER","point":[-86.79651123272382,36.209868193887786]}},{"type":"Feature","id":"201677","geometry":{"type":"Polygon","coordinates":[[[-86.7993316844856,36.2072186592706],[-86.7993326031224,36.2071843476203],[-86.7997399196582,36.2071880028741],[-86.7997240131252,36.2073623299334],[-86.7998151580996,36.2075913502666],[-86.7998652638828,36.2075940673568],[-86.799864945532,36.2076223780475],[-86.7995246636447,36.2076137857113],[-86.7993211847566,36.2076102235755],[-86.7993316844856,36.2072186592706]]]},"properties":{"id":"201677","parcel":"07008000700","address":"829 W TRINITY LN","owner":"ENCHANTED DEVELOPMENTS LLC","point":[-86.79954718347147,36.207476467823895]}},{"type":"Feature","id":"201743","geometry":{"type":"Polygon","coordinates":[[[-86.7991368479065,36.2069909719072],[-86.7995805084414,36.2060219109478],[-86.7996400440186,36.206041331837],[-86.7997222729259,36.2060689634043],[-86.7998196227346,36.2061016761119],[-86.8000356394785,36.2061728020349],[-86.7996618331974,36.2069892964014],[-86.7991368479065,36.2069909719072]]]},"properties":{"id":"201743","parcel":"07008023900","address":"830 W TRINITY LN","owner":"TAYLOR, PEGGIE (LE) TAYLOR, PALMEDA D. & LEWIS, SONJA","point":[-86.79958683054848,36.20658061110157]}},{"type":"Feature","id":"201766","geometry":{"type":"Polygon","coordinates":[[[-86.7950706312407,36.2096866529771],[-86.7955753787254,36.2093603021022],[-86.7956720117081,36.209432297943],[-86.7957005191852,36.2094693916064],[-86.7957701912149,36.2095602075608],[-86.7958694801117,36.2096901412235],[-86.7959601769293,36.2098104158583],[-86.795556057684,36.2100745971819],[-86.7950494832819,36.2104056554673],[-86.7950602775689,36.2100386718888],[-86.7950654059487,36.2098643174685],[-86.7950706312407,36.2096866529771]]]},"properties":{"id":"201766","parcel":"07004011100","address":"2311 WHITES CREEK PIKE","owner":"WCP PARTNERS, LLC","point":[-86.7954027164174,36.20995207618958]}},{"type":"Feature","id":"201770","geometry":{"type":"Polygon","coordinates":[[[-86.7997240131252,36.2073623299334],[-86.7997399196582,36.2071880028741],[-86.8000455371987,36.2071907434522],[-86.8000445029268,36.2072285545684],[-86.800034301486,36.2076013833871],[-86.7998652638828,36.2075940673568],[-86.7998151580996,36.2075913502666],[-86.7997240131252,36.2073623299334]]]},"properties":{"id":"201770","parcel":"07008000600","address":"831 W TRINITY LN","owner":"NIXSON, JOHN T. ETUX","point":[-86.79990364128182,36.207477064309955]}},{"type":"Feature","id":"201793","geometry":{"type":"Polygon","coordinates":[[[-86.7959536565963,36.2095152098738],[-86.7975849011979,36.2088275651474],[-86.7975586761089,36.2088928678834],[-86.7960534122875,36.2096467517636],[-86.7959536565963,36.2095152098738]]]},"properties":{"id":"201793","parcel":"07004018900","address":"2312 WHITES CREEK PIKE","owner":"METRO GOV'T","point":[-86.79681442142211,36.209204140497306]}},{"type":"Feature","id":"201799","geometry":{"type":"Polygon","coordinates":[[[-86.7997328803702,36.2048907913031],[-86.7997936446993,36.2048928619183],[-86.7998544625247,36.2048930692423],[-86.7999159974092,36.2048913809405],[-86.8000281834228,36.2048865586272],[-86.7998165568954,36.2051840616481],[-86.7996108987021,36.2055388530331],[-86.7992997266016,36.2055552476784],[-86.7997328803702,36.2048907913031]]]},"properties":{"id":"201799","parcel":"07008002705","address":"825 YOUNGS LN","owner":"WINN, JEWELL","point":[-86.799570049768,36.20536121686644]}},{"type":"Feature","id":"201803","geometry":{"type":"Polygon","coordinates":[[[-86.7967786410274,36.2078084309721],[-86.7968226464547,36.2077481076909],[-86.7971831710122,36.2079292139546],[-86.7971408986966,36.2079874647435],[-86.7971006479193,36.2080429307986],[-86.7970874719397,36.2080610880289],[-86.796722173661,36.2078864885311],[-86.7967364118884,36.2078670175048],[-86.7967786410274,36.2078084309721]]]},"properties":{"id":"201803","parcel":"07008003800","address":"0 MCKINLEY ST","owner":"LANA, JUSTIN THOMAS","point":[-86.79695374429522,36.207907853283395]}},{"type":"Feature","id":"201805","geometry":{"type":"Polygon","coordinates":[[[-86.7968226464547,36.2077481076909],[-86.7968633790072,36.2076910009558],[-86.79722442314,36.2078723677387],[-86.7971831710122,36.2079292139546],[-86.7968226464547,36.2077481076909]]]},"properties":{"id":"201805","parcel":"07008003900","address":"0 MCKINLEY ST","owner":"ANGLEY, AMER","point":[-86.79702353448573,36.20781023788296]}},{"type":"Feature","id":"201807","geometry":{"type":"Polygon","coordinates":[[[-86.7971674942883,36.2072868524701],[-86.7972109411034,36.2072275484424],[-86.7973524490523,36.207223679663],[-86.797507112359,36.20721920291],[-86.7975932891192,36.2072168159127],[-86.7975959623861,36.2072541762161],[-86.7976935840915,36.2072498461434],[-86.7976639543905,36.2072894927227],[-86.7976229870254,36.2073442940647],[-86.7975768279348,36.2074057954009],[-86.7975333860465,36.2074607058832],[-86.7971674942883,36.2072868524701]]]},"properties":{"id":"201807","parcel":"07008004200","address":"811 W TRINITY LN","owner":"QUIHAUSE LLC","point":[-86.79743635667003,36.207316543035496]}},{"type":"Feature","id":"201809","geometry":{"type":"Polygon","coordinates":[[[-86.7960035589649,36.2079145701545],[-86.7960470056851,36.2078574629349],[-86.7964156028273,36.2080379135161],[-86.7963748687075,36.2080950246079],[-86.7960035589649,36.2079145701545]]]},"properties":{"id":"201809","parcel":"07008004900","address":"0 MCKINLEY ST","owner":"HAPPY VALLEY HOMES, LLC","point":[-86.79621004352038,36.20797624280044]}},{"type":"Feature","id":"201835","geometry":{"type":"Polygon","coordinates":[[[-86.7961800621207,36.2076751558341],[-86.7962262246751,36.2076136550218],[-86.7965893937202,36.2077984966592],[-86.7965459461366,36.2078578013549],[-86.7961800621207,36.2076751558341]]]},"properties":{"id":"201835","parcel":"07008005300","address":"0 MCKINLEY ST","owner":"TENZS TOUCH DEVELOPMENT LLC","point":[-86.7963859158915,36.207736828442805]}},{"type":"Feature","id":"201837","geometry":{"type":"Polygon","coordinates":[[[-86.7968900177902,36.206728370463],[-86.7969334527946,36.206669339685],[-86.7973060769998,36.2068333445548],[-86.7972626410709,36.2068923754714],[-86.7968900177902,36.206728370463]]]},"properties":{"id":"201837","parcel":"07008006800","address":"0 MCKINLEY ST","owner":"NEWSOM, PAULINE O.","point":[-86.79709804707554,36.206780857689175]}},{"type":"Feature","id":"201883","geometry":{"type":"Polygon","coordinates":[[[-86.7964816238161,36.2065486181994],[-86.7965250590351,36.2064895884665],[-86.7968976804394,36.2066535946121],[-86.796854245417,36.2067126253775],[-86.79681081033,36.2067716561262],[-86.7967673751692,36.2068306859572],[-86.7963947520813,36.2066666785238],[-86.7964381885416,36.2066076488169],[-86.7964816238161,36.2065486181994]]]},"properties":{"id":"201883","parcel":"07008007700","address":"908 FREE SILVER RD","owner":"NEWSOME, LAVERT ETUX","point":[-86.79664621638452,36.20666013683237]}},{"type":"Feature","id":"201885","geometry":{"type":"Polygon","coordinates":[[[-86.7971253185276,36.2064138142918],[-86.7971686119159,36.2063547798503],[-86.7975322818634,36.2065309515722],[-86.7974889897707,36.206589987035],[-86.7974456976045,36.2066490215802],[-86.7974024042618,36.2067080561162],[-86.7970387326788,36.2065318840193],[-86.7970820250749,36.2064728487168],[-86.7971253185276,36.2064138142918]]]},"properties":{"id":"201885","parcel":"07008008000","address":"2037 MCKINLEY ST","owner":"MATHIS, CAROLYN M.","point":[-86.79728550727131,36.20653141805016]}},{"type":"Feature","id":"201887","geometry":{"type":"Polygon","coordinates":[[[-86.7981601931231,36.2057015899774],[-86.7973833981107,36.2053252894805],[-86.7975202067088,36.2051387416539],[-86.7979566066483,36.2053501469197],[-86.7979898711448,36.2053047883657],[-86.7980605115925,36.2052084652521],[-86.7984009039926,36.2053733602451],[-86.7983379669503,36.2054591798062],[-86.7981601931231,36.2057015899774]]]},"properties":{"id":"201887","parcel":"07008008600","address":"0 FREE SILVER RD","owner":"BRUNSON, BOYCE RODGERS","point":[-86.79796892570751,36.205415594636065]}},{"type":"Feature","id":"201889","geometry":{"type":"Polygon","coordinates":[[[-86.7976241110436,36.2049970603608],[-86.7978276633569,36.2047195017842],[-86.7981365658115,36.2047481673184],[-86.7980107702662,36.2051467611088],[-86.7983137158538,36.2051757359419],[-86.7985306193315,36.2051964818211],[-86.7984009039926,36.2053733602451],[-86.7980605115925,36.2052084652521],[-86.7976241110436,36.2049970603608]]]},"properties":{"id":"201889","parcel":"07008009000","address":"801 YOUNGS LN","owner":"SPICER, JOSEPH & JUANITA","point":[-86.79790638251193,36.20507206110473]}},{"type":"Feature","id":"201891","geometry":{"type":"Polygon","coordinates":[[[-86.796856614108,36.2060436240852],[-86.7968999074942,36.2059845897338],[-86.7972635773715,36.2061607622685],[-86.7972202841689,36.2062197976485],[-86.7971769920047,36.2062788321035],[-86.7971336986641,36.2063378665493],[-86.7967700282632,36.2061616936323],[-86.7968133217784,36.2061026593139],[-86.796856614108,36.2060436240852]]]},"properties":{"id":"201891","parcel":"07008009100","address":"902 FREE SILVER RD","owner":"ACKLEN, CHRISTINE","point":[-86.79701680282257,36.20616122820481]}},{"type":"Feature","id":"201929","geometry":{"type":"Polygon","coordinates":[[[-86.7942320934626,36.2081175444205],[-86.7944413344517,36.2078122831347],[-86.7945172094026,36.2078475170961],[-86.7943079674916,36.2081527776165],[-86.7942320934626,36.2081175444205]]]},"properties":{"id":"201929","parcel":"07008011000","address":"0 GAINS ST","owner":"DAVIS, JAMES & LADEVIA","point":[-86.79437465129386,36.20798253084485]}},{"type":"Feature","id":"201931","geometry":{"type":"Polygon","coordinates":[[[-86.7949590914667,36.2079270499251],[-86.7951710154096,36.2076393694766],[-86.795244178109,36.2076746001145],[-86.7950322567685,36.2079600825001],[-86.7949590914667,36.2079270499251]]]},"properties":{"id":"201931","parcel":"07008011500","address":"0 GAINS ST","owner":"MURPHY & SONYA FAMILY TRUST","point":[-86.79510127777796,36.207800824495145]}},{"type":"Feature","id":"201933","geometry":{"type":"Polygon","coordinates":[[[-86.794736887278,36.2078235526843],[-86.7949460993538,36.2075358706452],[-86.7950258849075,36.2075731559501],[-86.7950924290804,36.2076041339477],[-86.7948859217687,36.2078940164335],[-86.7948148721845,36.2078603578894],[-86.794736887278,36.2078235526843]]]},"properties":{"id":"201933","parcel":"07008011700","address":"2208 GAINS ST","owner":"ORA ET LABORA, LLC","point":[-86.794915473214,36.20771384484602]}},{"type":"Feature","id":"201935","geometry":{"type":"Polygon","coordinates":[[[-86.7945173949691,36.2077200579221],[-86.7947320310355,36.2074345792917],[-86.7948024822733,36.2074676091396],[-86.7945932687446,36.2077552909427],[-86.7945173949691,36.2077200579221]]]},"properties":{"id":"201935","parcel":"07008012000","address":"0 GAINS ST","owner":"DAVIS, JAMES & LADEVIA A.","point":[-86.7946614908605,36.207593836280566]}},{"type":"Feature","id":"201937","geometry":{"type":"Polygon","coordinates":[[[-86.7943683542261,36.2076517910313],[-86.7945829873081,36.2073663126823],[-86.7946534450953,36.2073993425739],[-86.7944442289911,36.2076870250402],[-86.7943683542261,36.2076517910313]]]},"properties":{"id":"201937","parcel":"07008012200","address":"0 GAINS ST","owner":"DAVIS, JAMES & LADEVIA A.","point":[-86.7945124508258,36.207525569552416]}},{"type":"Feature","id":"202037","geometry":{"type":"Polygon","coordinates":[[[-86.7952700504329,36.2067347193504],[-86.7954843472375,36.206435796504],[-86.7955607965792,36.2064727231067],[-86.7953443397986,36.2067687113903],[-86.7952700504329,36.2067347193504]]]},"properties":{"id":"202037","parcel":"07008017700","address":"0 ENLOE ST","owner":"HARRIS, WALTER L., JR. ET UX","point":[-86.79541448070835,36.20660371970704]}},{"type":"Feature","id":"202038","geometry":{"type":"Polygon","coordinates":[[[-86.7954888738955,36.2068337919809],[-86.7957083793876,36.2065401086035],[-86.7957813170121,36.2065744860104],[-86.7955674562725,36.2068706874026],[-86.7954884579964,36.2068343480943],[-86.7954888738955,36.2068337919809]]]},"properties":{"id":"202038","parcel":"07008017900","address":"0 ENLOE ST","owner":"HENDERSON, FORREST T.","point":[-86.79563674197722,36.20670414189822]}},{"type":"Feature","id":"202039","geometry":{"type":"Polygon","coordinates":[[[-86.7960550894849,36.2067310771275],[-86.7960700838056,36.2067088289129],[-86.7961516966126,36.2067456012354],[-86.7960393130217,36.2068957818623],[-86.7960297440198,36.2069059066084],[-86.796013920669,36.2069189097481],[-86.7959957892271,36.2069297551618],[-86.7959757952184,36.2069381794477],[-86.7959544236488,36.2069439748221],[-86.7959322013381,36.206946999919],[-86.7959096669143,36.2069471817911],[-86.7959239009078,36.2069257344203],[-86.7960511691381,36.2067362563763],[-86.7960550894849,36.2067310771275]]]},"properties":{"id":"202039","parcel":"07008018400","address":"0 ENLOE ST","owner":"HENDERSON, FORREST T.","point":[-86.79604503818534,36.206820605572545]}},{"type":"Feature","id":"202040","geometry":{"type":"Polygon","coordinates":[[[-86.7959117838401,36.2065301214455],[-86.795996966152,36.2064158642055],[-86.7960710249887,36.2064487136219],[-86.7961482226842,36.2064829455608],[-86.7962214502395,36.2065153938974],[-86.79629087544,36.2065461566713],[-86.7962035476104,36.2066652274728],[-86.7961349742531,36.2066336956659],[-86.796063188457,36.2066003085738],[-86.7959863184367,36.2065644945122],[-86.7959862748608,36.2065644740705],[-86.7959862469251,36.2065644607357],[-86.7959862033492,36.2065644402939],[-86.7959117838401,36.2065301214455]]]},"properties":{"id":"202040","parcel":"07008018500","address":"909 FREE SILVER RD","owner":"BEDDINGFIELD, EULAS","point":[-86.796100987311,36.20653813862527]}},{"type":"Feature","id":"202041","geometry":{"type":"Polygon","coordinates":[[[-86.795996966152,36.2064158642055],[-86.7960890404419,36.206292927392],[-86.7961401501659,36.2063160998137],[-86.7961393426291,36.206317190255],[-86.7961603439911,36.2063267124014],[-86.7962363992093,36.2063612465291],[-86.7963096954323,36.2063946713262],[-86.7963788798795,36.2064261620533],[-86.79629087544,36.2065461566713],[-86.7962214502395,36.2065153938974],[-86.7961482226842,36.2064829455608],[-86.7960710249887,36.2064487136219],[-86.795996966152,36.2064158642055]]]},"properties":{"id":"202041","parcel":"07008018600","address":"907 FREE SILVER RD","owner":"KEATING, DANA A.","point":[-86.7961880628214,36.206421013519794]}},{"type":"Feature","id":"202053","geometry":{"type":"Polygon","coordinates":[[[-86.7945958771816,36.2053328210616],[-86.7948812076728,36.2050724517915],[-86.7954218105615,36.2056799339484],[-86.7954294665343,36.2056885275059],[-86.7954161075504,36.2057083954622],[-86.7950978702344,36.2061522160295],[-86.7950973119905,36.2061529938877],[-86.7945515563205,36.2059013068285],[-86.7941183874177,36.2056997765369],[-86.794119295827,36.2056994289854],[-86.7940680873522,36.2056755128207],[-86.7940317126096,36.20565858931],[-86.7941926620818,36.2055972879393],[-86.7942467297253,36.2055751254392],[-86.7942991242428,36.2055504639101],[-86.7943496707676,36.2055233874204],[-86.7943981989453,36.2054939863177],[-86.794444546278,36.2054623581082],[-86.794488559264,36.2054286101532],[-86.7945300877838,36.2053928542979],[-86.7945751412034,36.2053517424763],[-86.7945958771816,36.2053328210616]]]},"properties":{"id":"202053","parcel":"07008020900","address":"707 YOUNGS LN","owner":"SOUTH CENTRAL CONF. ASSN. OF 7TH DAY ADV., INC.","point":[-86.79474482875746,36.205629025272906]}},{"type":"Feature","id":"202061","geometry":{"type":"Polygon","coordinates":[[[-86.7982020753073,36.2046160006261],[-86.7957703333251,36.2043903141494],[-86.7957284198207,36.2043876991086],[-86.795686382557,36.2043876011884],[-86.7956444517436,36.2043900224771],[-86.7956028563245,36.2043949497499],[-86.795566986468,36.2044012849085],[-86.7955316969056,36.2044094863493],[-86.7955215813162,36.204412212611],[-86.7956087503168,36.2037033005386],[-86.795710527661,36.2030367476924],[-86.7958149185175,36.2020914263158],[-86.7958149277293,36.2020913469441],[-86.7958539305541,36.2021000123731],[-86.7958937076393,36.202105936457],[-86.7959321788078,36.202113480591],[-86.7959711487833,36.2021190918243],[-86.7960104727762,36.2021227476781],[-86.7960394921448,36.2021231160565],[-86.7960683413265,36.2021256954426],[-86.7960967621194,36.2021304641058],[-86.7961245038968,36.2021373795374],[-86.7961792729749,36.2021478290538],[-86.796233200386,36.2021608373686],[-86.7962859431645,36.2021722591403],[-86.7963391639691,36.2021821149493],[-86.7963807921323,36.202191533473],[-86.7964216313286,36.2022030003455],[-86.7964615276431,36.2022164697171],[-86.7965331474546,36.202234702975],[-86.7966055820061,36.2022506821686],[-86.7966561551955,36.2022639692826],[-86.7967078868255,36.2022739059542],[-86.7967604392937,36.2022804268147],[-86.7968146649195,36.2022898936497],[-86.7968695344534,36.2022964865952],[-86.7969248152047,36.2023001783455],[-86.7969802768149,36.2023009523954],[-86.7970432997653,36.2023085531333],[-86.7971066624717,36.2023139984823],[-86.7971702514205,36.2023172801787],[-86.7972426139701,36.2023277347346],[-86.7973142160803,36.2023411918637],[-86.7973848683757,36.2023576176684],[-86.7974555788133,36.2023709751545],[-86.7975271731016,36.2023807712858],[-86.7975993750715,36.2023869682294],[-86.7976493244257,36.2023861867549],[-86.7976991777602,36.2023887946368],[-86.7977485879477,36.2023947734394],[-86.7977986510405,36.2024060734613],[-86.7978491293176,36.2024160855205],[-86.79787727968,36.2024222489026],[-86.7979061267319,36.2024257047919],[-86.7979352729727,36.20242640264],[-86.797964322458,36.2024243360506],[-86.7979928728982,36.2024195311153],[-86.7980913654446,36.2024054189388],[-86.7981336667895,36.2023988215025],[-86.7981762260946,36.2023989628799],[-86.7982187319205,36.202397215552],[-86.7982610564274,36.202393583969],[-86.7983197664771,36.2024055332006],[-86.7983779109416,36.2024191805145],[-86.7984065464406,36.2024300090998],[-86.7984366025343,36.2024379090994],[-86.7984676287894,36.202442763623],[-86.7985127701511,36.202448863171],[-86.798557259285,36.2024575545369],[-86.7985772802025,36.2024598942916],[-86.7982746511994,36.2044132986654],[-86.7982426628224,36.204619767275],[-86.7982020753073,36.2046160006261]]]},"properties":{"id":"202061","parcel":"07008022800","address":"802 YOUNGS LN","owner":"GREATER CHRIST TEMPLE CHURCH, INC.","point":[-86.7970475955459,36.20337238569829]}},{"type":"Feature","id":"202062","geometry":{"type":"Polygon","coordinates":[[[-86.7975435960751,36.2051068483837],[-86.7976241110436,36.2049970603608],[-86.7980605115925,36.2052084652521],[-86.7979898711448,36.2053047883657],[-86.7979566066483,36.2053501469197],[-86.7975202067088,36.2051387416539],[-86.7975435960751,36.2051068483837]]]},"properties":{"id":"202062","parcel":"07008023000","address":"800 FREE SILVER RD","owner":"BRUNSON, BOYCE RODGERS","point":[-86.79779035893837,36.205173603757444]}},{"type":"Feature","id":"202073","geometry":{"type":"Polygon","coordinates":[[[-86.7905691329795,36.2081041290745],[-86.7906844177607,36.2080311383546],[-86.7907239994615,36.208072199222],[-86.7906087146481,36.2081451890777],[-86.7905691329795,36.2081041290745]]]},"properties":{"id":"202073","parcel":"071050H00500CO","address":"209 LUCY LN","owner":"EST DEVELOPMENT LLC","point":[-86.79064656607898,36.20808816417309]}},{"type":"Feature","id":"202074","geometry":{"type":"Polygon","coordinates":[[[-86.7907577665541,36.2082998065618],[-86.790873051455,36.208226816567],[-86.7909145391671,36.2082698530664],[-86.7907992553628,36.2083428439939],[-86.7907577665541,36.2082998065618]]]},"properties":{"id":"202074","parcel":"071050H00900CO","address":"217 LUCY LN","owner":"EST DEVELOPMENT LLC","point":[-86.79083615313618,36.208284829840295]}},{"type":"Feature","id":"202075","geometry":{"type":"Polygon","coordinates":[[[-86.7907992553628,36.2083428439939],[-86.7909145391671,36.2082698530664],[-86.7909550054538,36.2083118291504],[-86.7908397194016,36.2083848201302],[-86.7907992553628,36.2083428439939]]]},"properties":{"id":"202075","parcel":"071050H01000CO","address":"219 LUCY LN","owner":"EST DEVELOPMENT LLC","point":[-86.79087713018892,36.20832733659715]}},{"type":"Feature","id":"202076","geometry":{"type":"Polygon","coordinates":[[[-86.7908818668028,36.2084285408813],[-86.7909971517677,36.2083555498694],[-86.7910390329128,36.2083989938213],[-86.7909237479233,36.2084719848722],[-86.7908818668028,36.2084285408813]]]},"properties":{"id":"202076","parcel":"071050H01200CO","address":"223 LUCY LN","owner":"EST DEVELOPMENT LLC","point":[-86.7909604498724,36.208413767377166]}},{"type":"Feature","id":"202077","geometry":{"type":"Polygon","coordinates":[[[-86.7911130069136,36.2086683084089],[-86.7912282920233,36.2085953180824],[-86.7912683159087,36.208636836415],[-86.7911530318875,36.2087098267714],[-86.7911130069136,36.2086683084089]]]},"properties":{"id":"202077","parcel":"071050H01700CO","address":"233 LUCY LN","owner":"EST DEVELOPMENT LLC","point":[-86.79119066154551,36.20865257243742]}},{"type":"Feature","id":"202078","geometry":{"type":"Polygon","coordinates":[[[-86.7912124546113,36.2090149201636],[-86.7901821013284,36.2079575794911],[-86.7901643555315,36.2079393684991],[-86.7901943908349,36.2079215045783],[-86.7904758133528,36.2077595098549],[-86.7915441094341,36.2088680892352],[-86.7913850955451,36.2091494266196],[-86.791370537675,36.2091771411072],[-86.7912127321515,36.2090152058469],[-86.7912124546113,36.2090149201636]],[[-86.7911880861346,36.2085536107632],[-86.7911455519428,36.2085094897902],[-86.7910302668817,36.2085824800393],[-86.7910728010576,36.2086266019533],[-86.7911130069136,36.2086683084089],[-86.7911530318875,36.2087098267714],[-86.7911950874947,36.2087534524793],[-86.7912376769188,36.2087976316529],[-86.7912804214509,36.208841970219],[-86.791395705547,36.2087689797437],[-86.7913529609806,36.2087246403162],[-86.7913103726526,36.2086804620763],[-86.7912683159087,36.208636836415],[-86.7912282920233,36.2085953180824],[-86.7911880861346,36.2085536107632]],[[-86.7910068023639,36.2085581393149],[-86.7911220862901,36.2084851481937],[-86.7910803803547,36.2084418860789],[-86.7910390329128,36.2083989938213],[-86.7909971517677,36.2083555498694],[-86.7909550054538,36.2083118291504],[-86.7909145391671,36.2082698530664],[-86.790873051455,36.208226816567],[-86.7908318008777,36.208184024544],[-86.79071651601,36.2082570154015],[-86.7907577665541,36.2082998065618],[-86.7907992553628,36.2083428439939],[-86.7908397194016,36.2083848201302],[-86.7908818668028,36.2084285408813],[-86.7909237479233,36.2084719848722],[-86.7909650964439,36.20851487626],[-86.7910068023639,36.2085581393149]],[[-86.79069380009,36.2082334520066],[-86.7908090849444,36.2081604611703],[-86.7907674287825,36.2081172490903],[-86.7907239994615,36.208072199222],[-86.7906844177607,36.2080311383546],[-86.790643112332,36.2079882898459],[-86.7906034026243,36.2079470973044],[-86.7904881167787,36.2080200879561],[-86.7905278264631,36.2080612805346],[-86.7905691329795,36.2081041290745],[-86.7906087146481,36.2081451890777],[-86.7906521439526,36.2081902398878],[-86.79069380009,36.2082334520066]],[[-86.7904650998298,36.2079962110472],[-86.7905803845498,36.2079232204244],[-86.7905375240326,36.2078787597928],[-86.7904944298209,36.207834055533],[-86.7903791462634,36.2079070460684],[-86.7904222404498,36.2079517503684],[-86.7904650998298,36.2079962110472]]]},"properties":{"id":"202078","parcel":"071050H90000CO","address":"517 W TRINITY LN","owner":"O.I.C. FIVESEVENTEEN WEST TRINITY LANE","point":[-86.79078861099687,36.20845656256256]}},{"type":"Feature","id":"202219","geometry":{"type":"Polygon","coordinates":[[[-86.7950750965693,36.2095041816563],[-86.7950680620171,36.2090053655737],[-86.7951191711534,36.209027669609],[-86.7953436158265,36.2091876297049],[-86.7954419884865,36.209260921099],[-86.7950750965693,36.2095041816563]]]},"properties":{"id":"202219","parcel":"07004010900","address":"2301 WHITES CREEK PIKE","owner":"REID, MICHAEL E. & SHERRY","point":[-86.7952319717767,36.20922400034775]}},{"type":"Feature","id":"202289","geometry":{"type":"Polygon","coordinates":[[[-86.7915441094341,36.2088680892352],[-86.7915600933205,36.2088394136465],[-86.7917848120714,36.2090752843707],[-86.791293875395,36.2098810283811],[-86.7912187854793,36.2094660309704],[-86.791370537675,36.2091771411072],[-86.7913850955451,36.2091494266196],[-86.7915441094341,36.2088680892352]]]},"properties":{"id":"202289","parcel":"07101001500","address":"0 W TRINITY LN","owner":"ELTITI, SHADI","point":[-86.79146452183645,36.20932188215485]}},{"type":"Feature","id":"202387","geometry":{"type":"Polygon","coordinates":[[[-86.7952507041267,36.2076047545651],[-86.7952900367419,36.2075525514255],[-86.7953193343371,36.2075670490102],[-86.795393979913,36.2076039893956],[-86.7954177352078,36.2076157448774],[-86.7953784026363,36.2076679471564],[-86.7953552139786,36.2076564727332],[-86.7952818491816,36.2076201664875],[-86.7952507041267,36.2076047545651]]]},"properties":{"id":"202387","parcel":"070080K00100CO","address":"1009 FREE SILVER RD","owner":"EAGLE GP LLC, THE","point":[-86.79533421983291,36.20761024975066]}},{"type":"Feature","id":"202388","geometry":{"type":"Polygon","coordinates":[[[-86.7952900367419,36.2075525514255],[-86.7953269087806,36.2075036162231],[-86.795354472922,36.2075172564016],[-86.7954303199184,36.2075547908934],[-86.7954546060761,36.2075668087429],[-86.7954177352078,36.2076157448774],[-86.795393979913,36.2076039893956],[-86.7953193343371,36.2075670490102],[-86.7952900367419,36.2075525514255]]]},"properties":{"id":"202388","parcel":"070080K00200CO","address":"1007 FREE SILVER RD","owner":"EAGLE GP LLC, THE","point":[-86.79537434895087,36.207560683381686]}},{"type":"Feature","id":"202389","geometry":{"type":"Polygon","coordinates":[[[-86.7954408364696,36.2072135532921],[-86.7954546912123,36.207154939616],[-86.7955142101215,36.2071641793055],[-86.7955186186041,36.2071648640618],[-86.7955005435673,36.2072413297647],[-86.7954890454463,36.2072899744061],[-86.7954251190694,36.2072800499377],[-86.7954408364696,36.2072135532921]]]},"properties":{"id":"202389","parcel":"070080K00800CO","address":"659 W TRINITY LN","owner":"EAGLE GP LLC, THE","point":[-86.79547069013972,36.20722744153234]}},{"type":"Feature","id":"202390","geometry":{"type":"Polygon","coordinates":[[[-86.7951911352831,36.2072227539905],[-86.7952054563943,36.2071246756068],[-86.7952639791561,36.207130288099],[-86.7952811472805,36.2071319351963],[-86.7952802710542,36.2071379334443],[-86.7952635930477,36.2072521563061],[-86.7952517068163,36.2072510169811],[-86.7951879020575,36.2072448976071],[-86.7951911352831,36.2072227539905]]]},"properties":{"id":"202390","parcel":"070080K01100CO","address":"653 W TRINITY LN","owner":"EAGLE GP LLC, THE","point":[-86.79523570326134,36.20718034372604]}},{"type":"Feature","id":"202391","geometry":{"type":"Polygon","coordinates":[[[-86.7950651849397,36.2071628005337],[-86.7950726119654,36.2071119358956],[-86.7951445826712,36.20711883793],[-86.7951334405971,36.2071951416631],[-86.7951270282343,36.2072390590204],[-86.7950687380556,36.2072334692642],[-86.795055057421,36.2072321569758],[-86.7950651849397,36.2071628005337]]]},"properties":{"id":"202391","parcel":"070080K01300CO","address":"649 W TRINITY LN","owner":"EAGLE GP LLC, THE","point":[-86.79509931278105,36.20717897110329]}},{"type":"Feature","id":"202392","geometry":{"type":"Polygon","coordinates":[[[-86.7944310044811,36.2070306830494],[-86.7944319613022,36.2070266183814],[-86.7944337868304,36.2070269010838],[-86.7945009970936,36.2070372947553],[-86.7944860355911,36.2071008373814],[-86.7944727050302,36.2071574512034],[-86.7944480186539,36.207153634551],[-86.7944036702589,36.2071467757075],[-86.7944310044811,36.2070306830494]]]},"properties":{"id":"202392","parcel":"070080K02200CO","address":"631 W TRINITY LN","owner":"EAGLE GP LLC, THE","point":[-86.79445775620279,36.207069004660376]}},{"type":"Feature","id":"202393","geometry":{"type":"Polygon","coordinates":[[[-86.7948848821738,36.2074353180965],[-86.7949632636394,36.2073229900299],[-86.7949926631504,36.207336464093],[-86.7950227486341,36.2073502517775],[-86.7949443672348,36.207462580783],[-86.7949108552063,36.2074472213063],[-86.7948848821738,36.2074353180965]]]},"properties":{"id":"202393","parcel":"070080K02800CO","address":"1011 FREE SILVER RD #5","owner":"EAGLE GP LLC, THE","point":[-86.79495381556187,36.207392784957335]}},{"type":"Feature","id":"202394","geometry":{"type":"Polygon","coordinates":[[[-86.7950619632726,36.2075164734181],[-86.7951403434556,36.2074041452465],[-86.7951454982952,36.2074065077541],[-86.7951990621636,36.2074310559554],[-86.7951206809252,36.2075433841716],[-86.7950632402557,36.2075170589408],[-86.7950619632726,36.2075164734181]]]},"properties":{"id":"202394","parcel":"070080K03100CO","address":"1011 FREE SILVER RD #2","owner":"EAGLE GP LLC, THE","point":[-86.79513051254467,36.20747376470629]}},{"type":"Feature","id":"202395","geometry":{"type":"Polygon","coordinates":[[[-86.7951206809252,36.2075433841716],[-86.7951990621636,36.2074310559554],[-86.7952154260462,36.207438554831],[-86.795254440429,36.2074564357635],[-86.7951760603468,36.2075687631063],[-86.7951348327302,36.2075498692856],[-86.7951206809252,36.2075433841716]]]},"properties":{"id":"202395","parcel":"070080K03200CO","address":"1011 FREE SILVER RD #1","owner":"EAGLE GP LLC, THE","point":[-86.79518756080468,36.20749990998667]}},{"type":"Feature","id":"202494","geometry":{"type":"Polygon","coordinates":[[[-86.7903791462634,36.2079070460684],[-86.7904944298209,36.207834055533],[-86.7905375240326,36.2078787597928],[-86.7904222404498,36.2079517503684],[-86.7903791462634,36.2079070460684]]]},"properties":{"id":"202494","parcel":"071050H00100CO","address":"201 LUCY LN","owner":"EST DEVELOPMENT LLC","point":[-86.7904583351621,36.20789290295685]}},{"type":"Feature","id":"202495","geometry":{"type":"Polygon","coordinates":[[[-86.7908397194016,36.2083848201302],[-86.7909550054538,36.2083118291504],[-86.7909971517677,36.2083555498694],[-86.7908818668028,36.2084285408813],[-86.7908397194016,36.2083848201302]]]},"properties":{"id":"202495","parcel":"071050H01100CO","address":"221 LUCY LN","owner":"EST DEVELOPMENT LLC","point":[-86.79091843570991,36.20837018502594]}},{"type":"Feature","id":"202496","geometry":{"type":"Polygon","coordinates":[[[-86.7909237479233,36.2084719848722],[-86.7910390329128,36.2083989938213],[-86.7910803803547,36.2084418860789],[-86.7909650964439,36.20851487626],[-86.7909237479233,36.2084719848722]]]},"properties":{"id":"202496","parcel":"071050H01300CO","address":"225 LUCY LN","owner":"EST DEVELOPMENT LLC","point":[-86.79100206411951,36.20845693550118]}},{"type":"Feature","id":"202497","geometry":{"type":"Polygon","coordinates":[[[-86.7909650964439,36.20851487626],[-86.7910803803547,36.2084418860789],[-86.7911220862901,36.2084851481937],[-86.7910068023639,36.2085581393149],[-86.7909650964439,36.20851487626]]]},"properties":{"id":"202497","parcel":"071050H01400CO","address":"227 LUCY LN","owner":"EST DEVELOPMENT LLC","point":[-86.79104359152808,36.208500012252905]}},{"type":"Feature","id":"202498","geometry":{"type":"Polygon","coordinates":[[[-86.7910302668817,36.2085824800393],[-86.7911455519428,36.2085094897902],[-86.7911880861346,36.2085536107632],[-86.7910728010576,36.2086266019533],[-86.7910302668817,36.2085824800393]]]},"properties":{"id":"202498","parcel":"071050H01500CO","address":"229 LUCY LN","owner":"EST DEVELOPMENT LLC","point":[-86.7911091766647,36.208568045427576]}},{"type":"Feature","id":"202499","geometry":{"type":"Polygon","coordinates":[[[-86.7911530318875,36.2087098267714],[-86.7912683159087,36.208636836415],[-86.7913103726526,36.2086804620763],[-86.7911950874947,36.2087534524793],[-86.7911530318875,36.2087098267714]]]},"properties":{"id":"202499","parcel":"071050H01800CO","address":"235 LUCY LN","owner":"EST DEVELOPMENT LLC","point":[-86.79123170217349,36.20869514444958]}},{"type":"Feature","id":"202500","geometry":{"type":"Polygon","coordinates":[[[-86.7911950874947,36.2087534524793],[-86.7913103726526,36.2086804620763],[-86.7913529609806,36.2087246403162],[-86.7912376769188,36.2087976316529],[-86.7911950874947,36.2087534524793]]]},"properties":{"id":"202500","parcel":"071050H01900CO","address":"237 LUCY LN","owner":"EST DEVELOPMENT LLC","point":[-86.79127402450294,36.208739046424284]}},{"type":"Feature","id":"202679","geometry":{"type":"Polygon","coordinates":[[[-86.7951203871648,36.2078682803469],[-86.7951863477756,36.2077790205631],[-86.7952436548135,36.2078061919966],[-86.795217014801,36.2078450215581],[-86.7951788562411,36.2078966581564],[-86.7951203871648,36.2078682803469]]]},"properties":{"id":"202679","parcel":"070080H00200CO","address":"2214 GAINS ST","owner":"CHALFIN, LAURYL HANNA PATE","point":[-86.79519117783305,36.207825539776664]}},{"type":"Feature","id":"202680","geometry":{"type":"Polygon","coordinates":[[[-86.7950322567685,36.2079600825001],[-86.795244178109,36.2076746001145],[-86.7953175425404,36.2077089812942],[-86.7953905072451,36.2077428639617],[-86.7951789357827,36.2080301549277],[-86.7951051360936,36.2079964200307],[-86.7950322567685,36.2079600825001]],[[-86.7952436548135,36.2078061919966],[-86.7951863477756,36.2077790205631],[-86.7951203871648,36.2078682803469],[-86.7951788562411,36.2078966581564],[-86.7952368906428,36.2079248252014],[-86.7953035643288,36.2078345981132],[-86.7952451755956,36.2078069129034],[-86.7952436548135,36.2078061919966]]]},"properties":{"id":"202680","parcel":"070080H90000CO","address":"1017 B FREE SILVER RD","owner":"O.I.C. HOMES AT 1017 FREE SILVER ROAD AM","point":[-86.79512298188918,36.20785128695559]}},{"type":"Feature","id":"202752","geometry":{"type":"Polygon","coordinates":[[[-86.7917667597261,36.2104482202987],[-86.7913131385655,36.2099874931519],[-86.791293875395,36.2098810283811],[-86.7917848120714,36.2090752843707],[-86.7918512644472,36.2089407935514],[-86.7919882379136,36.2088080365785],[-86.79205424969,36.2086295950073],[-86.7922011921215,36.2084088680556],[-86.7924331074725,36.2079181950709],[-86.7925337959262,36.2079871719239],[-86.7926367619207,36.2080539031263],[-86.7927419315643,36.2081183395881],[-86.7928492253952,36.2081804313549],[-86.7929585640138,36.2082401347807],[-86.7930698680105,36.2082974053186],[-86.7931012337636,36.2083153299627],[-86.7931550392992,36.2083402487959],[-86.7938194396297,36.2086473990105],[-86.7938310788201,36.2086539485593],[-86.7938412599753,36.2086619352865],[-86.793849716313,36.2086711491505],[-86.7938562263277,36.2086813482675],[-86.7938606172086,36.2086922670012],[-86.7938627770716,36.2087036158817],[-86.7938626462344,36.2087150987871],[-86.7938602305615,36.2087264128557],[-86.7938555916088,36.2087372638721],[-86.7931703403365,36.2098702522468],[-86.7925661843419,36.2108590334845],[-86.7924232545633,36.2110929206915],[-86.7924192864151,36.211089019945],[-86.7924113093992,36.2111028552373],[-86.7917667597261,36.2104482202987]]]},"properties":{"id":"202752","parcel":"07101001300","address":"2223 WHITES CREEK PIKE","owner":"JAKES, KENNETH L.","point":[-86.7924766936175,36.209472768791315]}},{"type":"Feature","id":"202908","geometry":{"type":"Polygon","coordinates":[[[-86.7931400737499,36.206843734203],[-86.7932408462021,36.2068423485734],[-86.7932702802645,36.2068426464082],[-86.7925549889075,36.2077791582193],[-86.7924777900949,36.2077247493093],[-86.7924026016587,36.2076685210338],[-86.7923294896949,36.2076105216308],[-86.7922585181016,36.2075508020566],[-86.7921869375471,36.2074869983215],[-86.7921177234061,36.2074215026783],[-86.7920509373957,36.207354370604],[-86.7919866368474,36.2072856639136],[-86.7919248790647,36.2072154417183],[-86.7919043216388,36.2071933271331],[-86.7918946751756,36.207179376705],[-86.7918880402643,36.2071643160035],[-86.7918846057434,36.2071485691849],[-86.7918844660928,36.2071325772474],[-86.7918876258183,36.2071167916925],[-86.7918410110296,36.2070561091219],[-86.7919578306669,36.2070214953398],[-86.7920759037154,36.2069897969089],[-86.7921951181624,36.2069610434009],[-86.7923153642015,36.2069352625707],[-86.792436527534,36.206912477697],[-86.7925631847329,36.2068925028221],[-86.7926905571261,36.2068757739633],[-86.7928185170286,36.206862309982],[-86.7929254958119,36.2068538973024],[-86.7930327047287,36.2068477046221],[-86.7931400737499,36.206843734203]]]},"properties":{"id":"202908","parcel":"07105000200","address":"2200 WHITES CREEK PIKE","owner":"ROGER HGTS. BAPTIST CHURCH, TRS.","point":[-86.79246164465896,36.207320786024006]}},{"type":"Feature","id":"202911","geometry":{"type":"Polygon","coordinates":[[[-86.791695817865,36.2085813982588],[-86.7911148706985,36.2079742652239],[-86.7912550820953,36.2078942313376],[-86.7908914280127,36.2075260373041],[-86.7911129030383,36.2074031679962],[-86.7911025966992,36.2073894994174],[-86.7914507979532,36.2071910397288],[-86.7914734006339,36.2071820889855],[-86.7914973937581,36.2071759590799],[-86.7915222437745,36.2071727859933],[-86.7915473997866,36.2071726391283],[-86.7915723046906,36.2071755230378],[-86.7915962132956,36.207181873409],[-86.7916187204538,36.2071909863107],[-86.7916393426978,36.2072026675374],[-86.7916576371279,36.207216664937],[-86.7917364904109,36.2073054619017],[-86.791818287709,36.2073924919676],[-86.791902968348,36.2074776924383],[-86.7919904694197,36.2075609997313],[-86.7920813418576,36.2076419019164],[-86.79217476192,36.2077208757487],[-86.7922706645889,36.2077978693759],[-86.7917998663797,36.208681809436],[-86.791695817865,36.2085813982588]]]},"properties":{"id":"202911","parcel":"07105000800","address":"2201 WHITES CREEK PIKE","owner":"MAPCO PETROLEUM, INC.","point":[-86.79169103314834,36.207935130168366]}},{"type":"Feature","id":"203433","geometry":{"type":"Polygon","coordinates":[[[-86.7926000774201,36.2062038423214],[-86.7927435882516,36.2061491860926],[-86.7927466833674,36.206154439046],[-86.792923334832,36.2066544275339],[-86.7929259976654,36.2066607098556],[-86.7928280266366,36.2066679800838],[-86.7928154120071,36.2066690542898],[-86.7927562130323,36.2066745080178],[-86.792756382213,36.2066754126734],[-86.7927508592324,36.2066757039874],[-86.7926000774201,36.2062038423214]]]},"properties":{"id":"203433","parcel":"07105002200","address":"611 YOUNGS LN","owner":"DUNLAP, KAREN BROWN","point":[-86.79275790275017,36.20642912845459]}},{"type":"Feature","id":"203436","geometry":{"type":"Polygon","coordinates":[[[-86.7920741411002,36.2064060696952],[-86.7923026424406,36.2063181209322],[-86.7925134040261,36.206704220187],[-86.7923892532641,36.206724037068],[-86.7922659012963,36.2067468984434],[-86.7922666429018,36.206749221532],[-86.7922431355179,36.2067539730833],[-86.7920741411002,36.2064060696952]]]},"properties":{"id":"203436","parcel":"07105002400","address":"605 YOUNGS LN","owner":"LISTER, ROBERT L. & CONSTANCE M.","point":[-86.7922892944005,36.20655513737215]}},{"type":"Feature","id":"203438","geometry":{"type":"Polygon","coordinates":[[[-86.7915635693955,36.2068580737149],[-86.7913943625482,36.2066677065024],[-86.7920741411002,36.2064060696952],[-86.7922431355179,36.2067539730833],[-86.7922314621615,36.2067563199405],[-86.7922310657391,36.2067548201411],[-86.7919773956128,36.2068286182082],[-86.7917248360731,36.2069048761057],[-86.7917173580802,36.2069071764803],[-86.7916916726698,36.2069099837657],[-86.7916657695554,36.2069092523247],[-86.7916433512145,36.2069056879054],[-86.7916218327389,36.2068994687806],[-86.791601691471,36.2068907324182],[-86.7915833697176,36.2068796714926],[-86.7915817221331,36.2068784971362],[-86.7915635693955,36.2068580737149]]]},"properties":{"id":"203438","parcel":"07105002600","address":"600 W TRINITY LN","owner":"MIAG PROPERTIES, LLC","point":[-86.79193613983378,36.206537239723325]}},{"type":"Feature","id":"203555","geometry":{"type":"Polygon","coordinates":[[[-86.7931316503314,36.2060013899472],[-86.7934288890599,36.2058881839589],[-86.7934948608791,36.2059261829088],[-86.7935523895578,36.2059600275211],[-86.7935505405296,36.2059622838097],[-86.793065938443,36.2065490197334],[-86.7928981906545,36.2060903056597],[-86.7931316503314,36.2060013899472]]]},"properties":{"id":"203555","parcel":"07105002000","address":"615 YOUNGS LN","owner":"SOUTH CENTRAL CONF. ASSN. OF 7TH DAY ADV., INC.","point":[-86.79311852336292,36.206319898683965]}},{"type":"Feature","id":"203560","geometry":{"type":"Polygon","coordinates":[[[-86.7898201018983,36.2056407425817],[-86.7902225783327,36.2054842751991],[-86.7902570793456,36.20554281788],[-86.7902942374848,36.2056002814765],[-86.7898945591631,36.2057655207746],[-86.7898201018983,36.2056407425817]]]},"properties":{"id":"203560","parcel":"07105005300","address":"2005 BAPTIST WORLD CENTER DR","owner":"HICKMAN, BRENDA","point":[-86.79005874042407,36.20562051501925]}},{"type":"Feature","id":"203606","geometry":{"type":"Polygon","coordinates":[[[-86.7921513589067,36.2023398557889],[-86.7925815887314,36.2014288723952],[-86.79270968439,36.2014664766243],[-86.7928367515849,36.201506307277],[-86.792962731195,36.2015483449172],[-86.7930875652195,36.2015925710025],[-86.7933621789401,36.2015998328044],[-86.7933819892867,36.2016031706958],[-86.7934022117977,36.2016036903358],[-86.7934508781002,36.201609200816],[-86.793499908206,36.201611838369],[-86.7935348640958,36.2016124035656],[-86.7935694414913,36.2016165952108],[-86.7936030703859,36.2016243467529],[-86.7936160673353,36.2016283341318],[-86.7936296455223,36.2016307314694],[-86.7936435108645,36.2016314875238],[-86.7936573629418,36.2016305844421],[-86.7936786914755,36.2016290608171],[-86.7937000275736,36.2016305158069],[-86.7937207425477,36.2016349084811],[-86.7937402256916,36.2016421058627],[-86.7937579022257,36.2016518981317],[-86.7937951539448,36.2016670828408],[-86.793833282447,36.201680762977],[-86.7938721962005,36.2016929039918],[-86.7939276866246,36.2017096018334],[-86.7939836913781,36.2017251336405],[-86.7940189703039,36.2017349687486],[-86.7940534720102,36.2017464762906],[-86.7940870737713,36.2017596156163],[-86.7941201180542,36.2017669418592],[-86.7941536592816,36.20177258938],[-86.7941875693451,36.2017765355883],[-86.7942028813505,36.2017797262843],[-86.7942185988383,36.2017811000725],[-86.7942343979375,36.2017806293414],[-86.7942499495874,36.2017783234655],[-86.7942932678061,36.2017714457999],[-86.7943023336329,36.2017684129038],[-86.7943119119737,36.2017667005882],[-86.7943217108873,36.201766360343],[-86.7943314346907,36.2017674031259],[-86.7943407872767,36.2017697975381],[-86.7943494854572,36.2017734697367],[-86.7943572668091,36.2017783096918],[-86.7943638941052,36.2017841693548],[-86.7943841755664,36.201797564762],[-86.7944060638764,36.2018091831225],[-86.7944293186962,36.2018188989387],[-86.7944504771977,36.201829039518],[-86.7944732930578,36.201836450985],[-86.7944972363465,36.20184096108],[-86.794521746667,36.2018424644367],[-86.7945710486194,36.2018567909277],[-86.7946196625282,36.2018725873772],[-86.7946731541674,36.2018865419737],[-86.7947257133584,36.2019026557967],[-86.7947508606559,36.2019115722946],[-86.7947770603977,36.2019182061756],[-86.7948039981858,36.2019224765922],[-86.7948313499305,36.2019243343056],[-86.7948587895798,36.2019237562262],[-86.7948808137071,36.2019230623784],[-86.7947378035246,36.2029048777083],[-86.7946870379086,36.2032517574583],[-86.7946294679803,36.2036463198687],[-86.7945328877796,36.2043081418613],[-86.7945518899632,36.2043102150044],[-86.7944028460493,36.2053425232841],[-86.7943901608328,36.205352959512],[-86.7943442919087,36.2053874929218],[-86.7942956053075,36.2054193924384],[-86.7942443308252,36.2054485069378],[-86.7941907095139,36.2054746987412],[-86.7941349970274,36.2054978444941],[-86.7931304408931,36.2058804442804],[-86.7924916987902,36.2061237133105],[-86.7913961013698,36.2065453977581],[-86.7913836590048,36.2065492474671],[-86.7913706265718,36.2065514697615],[-86.7913573249177,36.2065520102654],[-86.7913440841811,36.2065508541978],[-86.7913312293901,36.2065480318739],[-86.7913190792784,36.2065436115036],[-86.7913079340893,36.2065377028759],[-86.7912980677371,36.2065304520027],[-86.791289726669,36.2065220384226],[-86.7912600541341,36.206489909172],[-86.7908593983164,36.2060134493021],[-86.7907660336848,36.2058962002681],[-86.7906762309763,36.2057771379353],[-86.7905900431452,36.2056563322628],[-86.7905075220774,36.2055338577232],[-86.7904287185098,36.2054097851911],[-86.7903536765604,36.2052841909919],[-86.790282442534,36.2051571478314],[-86.7902150583317,36.2050287329502],[-86.7898463395234,36.204335509412],[-86.7898747685155,36.2043265442797],[-86.7912744970908,36.2038851528965],[-86.791074622344,36.2034688255659],[-86.7916996188078,36.2032717326154],[-86.7921513589067,36.2023398557889]]]},"properties":{"id":"203606","parcel":"07105002700","address":"2000 BAPTIST WORLD CENTER DR","owner":"AMERICAN BAPTIST THEOLOGICAL SEMINARY, THE","point":[-86.7925898683916,36.20409611504169]}},{"type":"Feature","id":"203643","geometry":{"type":"Polygon","coordinates":[[[-86.7901975692029,36.2059679188415],[-86.7904703329836,36.2058562511326],[-86.7905610172119,36.2059765281493],[-86.7902692163741,36.2060903836271],[-86.7902686620336,36.206089437327],[-86.7901975692029,36.2059679188415]]]},"properties":{"id":"203643","parcel":"07105005000","address":"2011 BAPTIST WORLD CENTER DR","owner":"COCKRILL, JACQUELINE","point":[-86.79037895571535,36.205972223042245]}},{"type":"Feature","id":"203772","geometry":{"type":"Polygon","coordinates":[[[-86.7982886129104,36.2057953040515],[-86.7984085646712,36.2056375844364],[-86.7990523925275,36.2058496320312],[-86.7988718524864,36.2059629054994],[-86.7987241818622,36.20610892669],[-86.7984039274445,36.2067503905228],[-86.7983664889784,36.2067321153448],[-86.7983461861551,36.2067222041244],[-86.7983352574848,36.2067168697145],[-86.7982735980526,36.2066867696724],[-86.798201010015,36.2066513351763],[-86.7981661677402,36.2066343270715],[-86.7978034566702,36.2064572658786],[-86.7982149549739,36.2058958047416],[-86.7982886129104,36.2057953040515]]]},"properties":{"id":"203772","parcel":"07008002400","address":"0 MCKINLEY ST","owner":"KARSHENAS REVOCABLE LIVING TRUST","point":[-86.79828421536365,36.206283131550855]}},{"type":"Feature","id":"203817","geometry":{"type":"Polygon","coordinates":[[[-86.7969168368131,36.2083558275229],[-86.7969574070753,36.2082999214152],[-86.7973189412065,36.2084790666702],[-86.7972788241324,36.2085343489377],[-86.7969168368131,36.2083558275229]]]},"properties":{"id":"203817","parcel":"07004016200","address":"0 HOBART ST","owner":"LANA, JUSTIN","point":[-86.79711818474757,36.20841744776683]}},{"type":"Feature","id":"203820","geometry":{"type":"Polygon","coordinates":[[[-86.7965646712362,36.2081061380512],[-86.7966108361397,36.208042439812],[-86.7969718538267,36.2082204097639],[-86.7969263212022,36.2082831540387],[-86.7965646712362,36.2081061380512]]]},"properties":{"id":"203820","parcel":"07004016500","address":"0 MCKINLEY ST","owner":"LAMPKIN, S. L. IV","point":[-86.7967686770999,36.20816327478474]}},{"type":"Feature","id":"203823","geometry":{"type":"Polygon","coordinates":[[[-86.7950673001569,36.2088118845987],[-86.7953613722893,36.208410634251],[-86.7956877744623,36.2085677420167],[-86.7960119966233,36.2081253444337],[-86.7969546593388,36.2085832730805],[-86.7952053336131,36.2088743595116],[-86.7950673001569,36.2088118845987]]]},"properties":{"id":"203823","parcel":"07004016800","address":"0 WHITES CREEK PIKE","owner":"NASHVILLE FILM INSTITUTE LLC","point":[-86.7962551997977,36.20849043428286]}},{"type":"Feature","id":"204221","geometry":{"type":"Polygon","coordinates":[[[-86.7953180940467,36.2071556816065],[-86.7953230985189,36.2071345104959],[-86.7953404728959,36.2071372070954],[-86.7953839640007,36.2071439594858],[-86.795374759494,36.2071829013671],[-86.7953543917503,36.2072690697906],[-86.7952935250641,36.2072596207935],[-86.7953180940467,36.2071556816065]]]},"properties":{"id":"204221","parcel":"070080K01000CO","address":"655 W TRINITY LN","owner":"EAGLE GP LLC, THE","point":[-86.79533414242181,36.207221261087575]}},{"type":"Feature","id":"204222","geometry":{"type":"Polygon","coordinates":[[[-86.7951334405971,36.2071951416631],[-86.7951445826712,36.20711883793],[-86.7952054563943,36.2071246756068],[-86.7951911352831,36.2072227539905],[-86.7951879020575,36.2072448976071],[-86.7951619166414,36.2072424054939],[-86.7951270282343,36.2072390590204],[-86.7951334405971,36.2071951416631]]]},"properties":{"id":"204222","parcel":"070080K01200CO","address":"651 W TRINITY LN","owner":"EAGLE GP LLC, THE","point":[-86.7951694485988,36.20715990864066]}},{"type":"Feature","id":"204223","geometry":{"type":"Polygon","coordinates":[[[-86.7949388426812,36.2071040022371],[-86.7949395471761,36.2070991749576],[-86.7950067179468,36.2071056156823],[-86.7950026282095,36.2071336231227],[-86.7949915391591,36.2072095722973],[-86.794989163313,36.2072258376543],[-86.7949801623676,36.2072249740198],[-86.7949219924238,36.2072193951177],[-86.794931517556,36.2071541686206],[-86.7949388426812,36.2071040022371]]]},"properties":{"id":"204223","parcel":"070080K01500CO","address":"645 W TRINITY LN","owner":"EAGLE GP LLC, THE","point":[-86.79496152800841,36.20718187046216]}},{"type":"Feature","id":"204224","geometry":{"type":"Polygon","coordinates":[[[-86.7948682688555,36.2071009915386],[-86.7948695144865,36.2070924574205],[-86.7948741273811,36.2070929002184],[-86.794925555992,36.2070978322537],[-86.7949395471761,36.2070991749576],[-86.7949388426812,36.2071040022371],[-86.794931517556,36.2071541686206],[-86.7949219924238,36.2072193951177],[-86.7948872699068,36.2072160655083],[-86.7948519596476,36.2072126793731],[-86.7948682688555,36.2071009915386]]]},"properties":{"id":"204224","parcel":"070080K01600CO","address":"643 W TRINITY LN","owner":"EAGLE GP LLC, THE","point":[-86.79489173850651,36.20718342400338]}},{"type":"Feature","id":"204225","geometry":{"type":"Polygon","coordinates":[[[-86.7947059781066,36.207197718503],[-86.7947233947484,36.207078443805],[-86.7947894033667,36.2070847742336],[-86.7947988439881,36.2070856800513],[-86.7947812890345,36.2072059010926],[-86.7947058408031,36.2071986657295],[-86.7947059781066,36.207197718503]]]},"properties":{"id":"204225","parcel":"070080K01800CO","address":"639 W TRINITY LN","owner":"EAGLE GP LLC, THE","point":[-86.79475241102438,36.207141699286424]}},{"type":"Feature","id":"204226","geometry":{"type":"Polygon","coordinates":[[[-86.794606022028,36.2071780681798],[-86.794634313897,36.2070579117013],[-86.7947022949759,36.2070684254639],[-86.7947034321668,36.2070686009359],[-86.7946751415108,36.207188757423],[-86.7946197452351,36.2071801904715],[-86.794606022028,36.2071780681798]]]},"properties":{"id":"204226","parcel":"070080K01900CO","address":"637 W TRINITY LN","owner":"EAGLE GP LLC, THE","point":[-86.79465472738424,36.20712333456855]}},{"type":"Feature","id":"204227","geometry":{"type":"Polygon","coordinates":[[[-86.7944860355911,36.2071008373814],[-86.7945009970936,36.2070372947553],[-86.7945287040878,36.2070415800055],[-86.7945686785203,36.2070477618965],[-86.7945463419601,36.2071426294788],[-86.7945403865556,36.2071679183601],[-86.7945288219072,36.2071661297435],[-86.7944727050302,36.2071574512034],[-86.7944860355911,36.2071008373814]]]},"properties":{"id":"204227","parcel":"070080K02100CO","address":"633 W TRINITY LN","owner":"EAGLE GP LLC, THE","point":[-86.79451618862421,36.20712173343366]}},{"type":"Feature","id":"204228","geometry":{"type":"Polygon","coordinates":[[[-86.7942195227883,36.2070561188514],[-86.7942336887373,36.2069959567097],[-86.7942586757827,36.2069998200962],[-86.794294912256,36.2070054246215],[-86.7942666198917,36.2071255810223],[-86.7942053962836,36.2071161130965],[-86.7942195227883,36.2070561188514]]]},"properties":{"id":"204228","parcel":"070080K02500CO","address":"625 W TRINITY LN","owner":"EAGLE GP LLC, THE","point":[-86.79424417315809,36.20708617049928]}},{"type":"Feature","id":"204229","geometry":{"type":"Polygon","coordinates":[[[-86.7949443672348,36.207462580783],[-86.7950227486341,36.2073502517775],[-86.7950695041102,36.2073716796347],[-86.7950837240382,36.2073781967517],[-86.7950053426887,36.2074905248947],[-86.7949896781864,36.2074833458402],[-86.7949443672348,36.207462580783]]]},"properties":{"id":"204229","parcel":"070080K02900CO","address":"1011 FREE SILVER RD #4","owner":"EAGLE GP LLC, THE","point":[-86.79501404555387,36.20742038878769]}},{"type":"Feature","id":"204230","geometry":{"type":"Polygon","coordinates":[[[-86.7950053426887,36.2074905248947],[-86.7950837240382,36.2073781967517],[-86.7951403434556,36.2074041452465],[-86.7950619632726,36.2075164734181],[-86.7950053426887,36.2074905248947]]]},"properties":{"id":"204230","parcel":"070080K03000CO","address":"1011 FREE SILVER RD #3","owner":"EAGLE GP LLC, THE","point":[-86.79507284332192,36.20744733509027]}},{"type":"Feature","id":"204285","geometry":{"type":"Polygon","coordinates":[[[-86.7917998663797,36.208681809436],[-86.7922706645889,36.2077978693759],[-86.7923510234011,36.2078587972221],[-86.7924331074725,36.2079181950709],[-86.7922011921215,36.2084088680556],[-86.79205424969,36.2086295950073],[-86.7919882379136,36.2088080365785],[-86.7917998663797,36.208681809436]]]},"properties":{"id":"204285","parcel":"07101001401","address":"0 WHITES CREEK PIKE","owner":"ELTITI, GHENWA","point":[-86.79219664124273,36.208163322447874]}},{"type":"Feature","id":"204563","geometry":{"type":"Polygon","coordinates":[[[-86.7923026424406,36.2063181209322],[-86.7926000774201,36.2062038423214],[-86.7927508592324,36.2066757039874],[-86.7927272514304,36.2066775244942],[-86.7926201469922,36.2066899222946],[-86.7925134040261,36.206704220187],[-86.7923026424406,36.2063181209322]]]},"properties":{"id":"204563","parcel":"07105002300","address":"607 YOUNGS LN","owner":"SOUTH CENTRAL CONF. ASSN. OF 7TH DAY ADV., INC.","point":[-86.79254696971412,36.20649694771924]}},{"type":"Feature","id":"204576","geometry":{"type":"Polygon","coordinates":[[[-86.7880808224061,36.2081724943676],[-86.7877825132905,36.2074642223697],[-86.7876338810726,36.2075157372207],[-86.7874501287496,36.2075806672287],[-86.787393361511,36.2075986182497],[-86.786935523708,36.2067762735361],[-86.7867362663396,36.2064183758099],[-86.7858042820088,36.2067760650559],[-86.7855110075556,36.206280156194],[-86.7851236818171,36.2056198654214],[-86.7850529739587,36.205499322914],[-86.7850634884663,36.2054952800022],[-86.7851827267629,36.2054492543021],[-86.7853081996884,36.2054005923097],[-86.785424734737,36.2053553968839],[-86.7855438353184,36.205309206788],[-86.785666511721,36.2052616288007],[-86.7857952498323,36.2052116995106],[-86.7859118496914,36.2051664788529],[-86.7860420220856,36.2051159928969],[-86.7861547798373,36.2050722615585],[-86.7861553813639,36.2050720278211],[-86.7862438159791,36.2052388358184],[-86.7863137042305,36.2053706577438],[-86.7866170053639,36.2058860541094],[-86.7869011851683,36.2063689531799],[-86.7871053329252,36.2067174357552],[-86.7872487470788,36.2069622463943],[-86.7880371581143,36.2066612439322],[-86.7882391157819,36.2070124624976],[-86.7882877592507,36.2069927778068],[-86.7906944574539,36.2060606802362],[-86.7913859524215,36.206878066976],[-86.7913966945649,36.2068929502782],[-86.791404368206,36.2069090307346],[-86.7914087757541,36.2069258986661],[-86.7914098038964,36.2069431204087],[-86.7914074270964,36.2069602545122],[-86.7914017065719,36.2069768607609],[-86.7913927882152,36.2069925146058],[-86.7913809004414,36.2070068143902],[-86.7913663487361,36.2070193921997],[-86.7913495037117,36.2070299427816],[-86.7901305737545,36.2077082029064],[-86.7901209606684,36.2076959032292],[-86.7900226160879,36.2077565912583],[-86.7899217919935,36.2078145474847],[-86.7898186056,36.2078697044425],[-86.7897131741681,36.2079219991722],[-86.7896056205648,36.2079713731839],[-86.7894960643219,36.2080177680102],[-86.7893846350433,36.2080611314268],[-86.7892704798015,36.2081028082746],[-86.7892093087117,36.2081193072595],[-86.7891475784669,36.2081343786676],[-86.7890532996176,36.208154609735],[-86.7889580878976,36.2081717329725],[-86.7888620998525,36.2081857212188],[-86.7887654909434,36.2081965500241],[-86.7886684211514,36.2082042021195],[-86.7885710493908,36.2082086647498],[-86.7884735335266,36.2082099314762],[-86.788376033684,36.2082079994504],[-86.7882787111628,36.2082028721261],[-86.7881817239802,36.2081945583861],[-86.7880852324134,36.2081830707042],[-86.7880808224061,36.2081724943676]]]},"properties":{"id":"204576","parcel":"07105003100","address":"510 W TRINITY LN","owner":"METRO GOV'T  S  HAYNES","point":[-86.79027663728117,36.206544910549155]}},{"type":"Feature","id":"204581","geometry":{"type":"Polygon","coordinates":[[[-86.7915600933205,36.2088394136465],[-86.791695817865,36.2085813982588],[-86.7917998663797,36.208681809436],[-86.7919882379136,36.2088080365785],[-86.7918512644472,36.2089407935514],[-86.7917848120714,36.2090752843707],[-86.7915600933205,36.2088394136465]]]},"properties":{"id":"204581","parcel":"07101009100","address":"0 WHITES CREEK PIKE","owner":"ELTITI, GHENWA","point":[-86.79177011536518,36.208823718257214]}},{"type":"Feature","id":"204590","geometry":{"type":"Polygon","coordinates":[[[-86.7899635716057,36.2058881372663],[-86.7901148227219,36.2058278114701],[-86.7901809730532,36.2059398180073],[-86.7901975692029,36.2059679188415],[-86.7902686620336,36.206089437327],[-86.7902692163741,36.2060903836271],[-86.7901153077799,36.2061486631129],[-86.7900294921773,36.2060013206295],[-86.7899635716057,36.2058881372663]]]},"properties":{"id":"204590","parcel":"07105004900","address":"2001 GOOCH ST","owner":"TROTTER, DONALD","point":[-86.79011355274038,36.20598461980373]}},{"type":"Feature","id":"204864","geometry":{"type":"Polygon","coordinates":[[[-86.7955687771192,36.2072345236678],[-86.7955828846134,36.2071748412197],[-86.7956073484415,36.2071786383778],[-86.7956522519133,36.2071856102865],[-86.7956325298791,36.2072690472918],[-86.7956251699985,36.2073001865471],[-86.7956078290434,36.2073735515993],[-86.7955384615942,36.2073627834088],[-86.7955533126653,36.2072999515722],[-86.7955604784237,36.2072696346481],[-86.7955687771192,36.2072345236678]]]},"properties":{"id":"204864","parcel":"070080K00600CO","address":"663 W TRINITY LN","owner":"EAGLE GP LLC, THE","point":[-86.79559283741207,36.207284854500614]}},{"type":"Feature","id":"204867","geometry":{"type":"Polygon","coordinates":[[[-86.7945463419601,36.2071426294788],[-86.7945686785203,36.2070477618965],[-86.7946120645395,36.207054471094],[-86.794634313897,36.2070579117013],[-86.794606022028,36.2071780681798],[-86.7945403865556,36.2071679183601],[-86.7945463419601,36.2071426294788]]]},"properties":{"id":"204867","parcel":"070080K02000CO","address":"635 W TRINITY LN","owner":"EAGLE GP LLC, THE","point":[-86.79459032775252,36.20710027059801]}},{"type":"Feature","id":"204870","geometry":{"type":"Polygon","coordinates":[[[-86.7943366793329,36.2071364156879],[-86.794364970483,36.2070162592784],[-86.7944319613022,36.2070266183814],[-86.7944310044811,36.2070306830494],[-86.7944036702589,36.2071467757075],[-86.7943515352596,36.2071387126136],[-86.7943366793329,36.2071364156879]]]},"properties":{"id":"204870","parcel":"070080K02300CO","address":"629 W TRINITY LN","owner":"EAGLE GP LLC, THE","point":[-86.79438384194088,36.20708354937828]}},{"type":"Feature","id":"204873","geometry":{"type":"Polygon","coordinates":[[[-86.7942666198917,36.2071255810223],[-86.794294912256,36.2070054246215],[-86.7943499809126,36.2070139407021],[-86.794364970483,36.2070162592784],[-86.7943366793329,36.2071364156879],[-86.7942712121131,36.2071262916533],[-86.7942666198917,36.2071255810223]]]},"properties":{"id":"204873","parcel":"070080K02400CO","address":"627 W TRINITY LN","owner":"EAGLE GP LLC, THE","point":[-86.7943157954741,36.20707092016124]}},{"type":"Feature","id":"204876","geometry":{"type":"Polygon","coordinates":[[[-86.7953336464869,36.2076856722989],[-86.7952604826345,36.2076504426238],[-86.7951846075509,36.2076152100286],[-86.7951114413827,36.2075821766489],[-86.7950400399827,36.2075482384576],[-86.794967824076,36.2075139153408],[-86.7948892415176,36.2074764823836],[-86.7948187868908,36.2074434517071],[-86.7947483323407,36.2074104227917],[-86.7946697464171,36.2073751860842],[-86.7945992930747,36.2073421543703],[-86.7945257470645,36.2073074549038],[-86.7944500385447,36.2072720206724],[-86.7944499201031,36.2072719646723],[-86.7943848328403,36.2072413859092],[-86.794303931306,36.2072034252683],[-86.7942385552685,36.2071728717588],[-86.7941630197566,36.2071373641091],[-86.7940844379692,36.2070999324266],[-86.7940083459114,36.2070650267767],[-86.793935397625,36.2070316622934],[-86.7940332056258,36.2069021002862],[-86.794034906506,36.2069023739003],[-86.7941188691715,36.2069159012629],[-86.7942123178453,36.2069308685795],[-86.7942975612284,36.2069439061222],[-86.7943893389151,36.2069578027812],[-86.7944751610351,36.2069706579423],[-86.794569129538,36.2069854386076],[-86.7946537741193,36.2069985249025],[-86.794743485824,36.2070126565982],[-86.7951336033526,36.2070682792426],[-86.7951705007179,36.2070730184507],[-86.7952572311545,36.2070841591885],[-86.7953713317765,36.2070988147598],[-86.7954565647204,36.2071144327635],[-86.7955426701442,36.2071297754827],[-86.7956335102015,36.2071407311565],[-86.79566229895,36.2071447548645],[-86.795691337875,36.2071473330987],[-86.7957006080607,36.20714831928],[-86.7957096615596,36.2071502090496],[-86.7957183679507,36.207152971723],[-86.7957310475728,36.2071588148575],[-86.7957423016691,36.2071663365177],[-86.795751794359,36.2071753117998],[-86.7957592427403,36.2071854757955],[-86.795764426924,36.2071965262297],[-86.7957671934609,36.2072081324499],[-86.7957674577374,36.2072199525354],[-86.795765213984,36.20723163323],[-86.795760527672,36.2072428280186],[-86.7957518567004,36.2072553459775],[-86.7956893816236,36.2073300043433],[-86.7956571180945,36.2073739244276],[-86.795621454279,36.2074244352876],[-86.7954013926825,36.2077165034161],[-86.7953336464869,36.2076856722989]],[[-86.7955376763099,36.2074094450048],[-86.7954582831705,36.207370156654],[-86.7954358344534,36.2073590477894],[-86.7954012014062,36.207405012148],[-86.7953634635689,36.2074550985788],[-86.7953269087806,36.2075036162231],[-86.7952900367419,36.2075525514255],[-86.7952507041267,36.2076047545651],[-86.7952818491816,36.2076201664875],[-86.7953552139786,36.2076564727332],[-86.7953784026363,36.2076679471564],[-86.7954177352078,36.2076157448774],[-86.7954546060761,36.2075668087429],[-86.7954911630395,36.2075182910462],[-86.7955289008351,36.2074682054775],[-86.795563532724,36.2074222410905],[-86.7955376763099,36.2074094450048]],[[-86.7950695041102,36.2073716796347],[-86.7950227486341,36.2073502517775],[-86.7949926631504,36.207336464093],[-86.7949632636394,36.2073229900299],[-86.7949217993533,36.2073039877407],[-86.7949021296832,36.2072949730366],[-86.7948932866505,36.207307647082],[-86.7948394425454,36.2072829708086],[-86.7948336877836,36.2072803337473],[-86.7947641514648,36.2073799876815],[-86.7947686236748,36.2073820374544],[-86.7948237503827,36.2074073010498],[-86.7948399913438,36.207414744907],[-86.7948848821738,36.2074353180965],[-86.7949108552063,36.2074472213063],[-86.7949443672348,36.207462580783],[-86.7949896781864,36.2074833458402],[-86.7950053426887,36.2074905248947],[-86.7950619632726,36.2075164734181],[-86.7950632402557,36.2075170589408],[-86.7951206809252,36.2075433841716],[-86.7951348327302,36.2075498692856],[-86.7951760603468,36.2075687631063],[-86.795254440429,36.2074564357635],[-86.7952154260462,36.207438554831],[-86.7951990621636,36.2074310559554],[-86.7951454982952,36.2074065077541],[-86.7951403434556,36.2074041452465],[-86.7950837240382,36.2073781967517],[-86.7950695041102,36.2073716796347]],[[-86.7954890454463,36.2072899744061],[-86.7955533126653,36.2072999515722],[-86.7955384615942,36.2073627834088],[-86.7956078290434,36.2073735515993],[-86.7956251699985,36.2073001865471],[-86.7956325298791,36.2072690472918],[-86.7956522519133,36.2071856102865],[-86.7956073484415,36.2071786383778],[-86.7955828846134,36.2071748412197],[-86.7955186186041,36.2071648640618],[-86.7955142101215,36.2071641793055],[-86.7954546912123,36.207154939616],[-86.7954289275719,36.207150940094],[-86.7953839640007,36.2071439594858],[-86.7953404728959,36.2071372070954],[-86.7953230985189,36.2071345104959],[-86.7953180940467,36.2071556816065],[-86.7952935250641,36.2072596207935],[-86.7953543917503,36.2072690697906],[-86.7954251190694,36.2072800499377],[-86.7954890454463,36.2072899744061]],[[-86.7952802710542,36.2071379334443],[-86.7952811472805,36.2071319351963],[-86.7952639791561,36.207130288099],[-86.7952054563943,36.2071246756068],[-86.7951445826712,36.20711883793],[-86.7950726119654,36.2071119358956],[-86.7950067179468,36.2071056156823],[-86.7949395471761,36.2070991749576],[-86.794925555992,36.2070978322537],[-86.7948741273811,36.2070929002184],[-86.7948695144865,36.2070924574205],[-86.7947988439881,36.2070856800513],[-86.7947894033667,36.2070847742336],[-86.7947233947484,36.207078443805],[-86.7947059781066,36.207197718503],[-86.7947058408031,36.2071986657295],[-86.7947812890345,36.2072059010926],[-86.7947915968182,36.2072068904285],[-86.7948519596476,36.2072126793731],[-86.7948872699068,36.2072160655083],[-86.7949219924238,36.2072193951177],[-86.7949801623676,36.2072249740198],[-86.794989163313,36.2072258376543],[-86.795055057421,36.2072321569758],[-86.7950687380556,36.2072334692642],[-86.7951270282343,36.2072390590204],[-86.7951619166414,36.2072424054939],[-86.7951879020575,36.2072448976071],[-86.7952517068163,36.2072510169811],[-86.7952635930477,36.2072521563061],[-86.7952802710542,36.2071379334443]],[[-86.7946751415108,36.207188757423],[-86.7947034321668,36.2070686009359],[-86.7947022949759,36.2070684254639],[-86.794634313897,36.2070579117013],[-86.7946120645395,36.207054471094],[-86.7945686785203,36.2070477618965],[-86.7945287040878,36.2070415800055],[-86.7945009970936,36.2070372947553],[-86.7944337868304,36.2070269010838],[-86.7944319613022,36.2070266183814],[-86.794364970483,36.2070162592784],[-86.7943499809126,36.2070139407021],[-86.794294912256,36.2070054246215],[-86.7942586757827,36.2069998200962],[-86.7942336887373,36.2069959567097],[-86.7942195227883,36.2070561188514],[-86.7942053962836,36.2071161130965],[-86.7942666198917,36.2071255810223],[-86.7942712121131,36.2071262916533],[-86.7943366793329,36.2071364156879],[-86.7943515352596,36.2071387126136],[-86.7944036702589,36.2071467757075],[-86.7944480186539,36.207153634551],[-86.7944727050302,36.2071574512034],[-86.7945288219072,36.2071661297435],[-86.7945403865556,36.2071679183601],[-86.794606022028,36.2071780681798],[-86.7946197452351,36.2071801904715],[-86.7946751415108,36.207188757423]]]},"properties":{"id":"204876","parcel":"070080K90000CO","address":"625 B W TRINITY LN","owner":"O.I.C. HAYDEN EAST","point":[-86.79524822496177,36.20731608547849]}},{"type":"Feature","id":"205507","geometry":{"type":"Polygon","coordinates":[[[-86.7887300072471,36.2022922169595],[-86.7886835012199,36.2022313188131],[-86.788635593491,36.2021711390951],[-86.7916121014577,36.2010088904844],[-86.7917561392509,36.2010688371171],[-86.791898191514,36.2011318185288],[-86.7920381622013,36.2011977920959],[-86.7921759541178,36.2012667115977],[-86.7922539774636,36.201304012113],[-86.7923336650468,36.2013389250318],[-86.7924149051836,36.2013714024157],[-86.7924975850958,36.2014013981361],[-86.7925815887314,36.2014288723952],[-86.7921513589067,36.2023398557889],[-86.7916996188078,36.2032717326154],[-86.791074622344,36.2034688255659],[-86.7909120578619,36.2031302089379],[-86.7895123394892,36.2035715971217],[-86.7894839118298,36.2035805612622],[-86.7894146899921,36.2034321598414],[-86.7893417559172,36.2032849317501],[-86.7892651402373,36.2031389362647],[-86.7891848747133,36.2029942344566],[-86.7891009911055,36.202850887397],[-86.789013526706,36.2027089534169],[-86.7889225143675,36.2025684917773],[-86.788827995828,36.2024295607797],[-86.7887300072471,36.2022922169595]]]},"properties":{"id":"205507","parcel":"07105024400","address":"1800 BAPTIST WORLD CENTER DR","owner":"AMERICAN BAPTIST THEOLOGICAL SEMINARY, THE","point":[-86.79044605775941,36.20226482570573]}},{"type":"Feature","id":"205541","geometry":{"type":"Polygon","coordinates":[[[-86.7904758133528,36.2077595098549],[-86.7908914280127,36.2075260373041],[-86.7912550820953,36.2078942313376],[-86.7911148706985,36.2079742652239],[-86.791695817865,36.2085813982588],[-86.7915600933205,36.2088394136465],[-86.7915441094341,36.2088680892352],[-86.7904758133528,36.2077595098549]]]},"properties":{"id":"205541","parcel":"07105001400","address":"519 W TRINITY LN","owner":"ELTITI, GHENWA","point":[-86.79118995745961,36.20827745650748]}},{"type":"Feature","id":"205544","geometry":{"type":"Polygon","coordinates":[[[-86.7927435882516,36.2061491860926],[-86.7928981906545,36.2060903056597],[-86.793065938443,36.2065490197334],[-86.792976165614,36.2066577172061],[-86.7929259976654,36.2066607098556],[-86.792923334832,36.2066544275339],[-86.7927466833674,36.206154439046],[-86.7927435882516,36.2061491860926]]]},"properties":{"id":"205544","parcel":"07105002100","address":"613 YOUNGS LN","owner":"SOUTH CENTRAL CONFERENCE ASSOCIATION OF","point":[-86.79290508959888,36.20635172738554]}},{"type":"Feature","id":"205638","geometry":{"type":"Polygon","coordinates":[[[-86.7901148227219,36.2058278114701],[-86.7903768285232,36.2057250052447],[-86.7904129108041,36.2057780497572],[-86.7904507543317,36.2058302824108],[-86.7904703329836,36.2058562511326],[-86.7901975692029,36.2059679188415],[-86.7901809730532,36.2059398180073],[-86.7901148227219,36.2058278114701]]]},"properties":{"id":"205638","parcel":"07105005100","address":"2009 BAPTIST WORLD CENTER DR","owner":"VAUGHN, TAMIKA E.& COCKRELL, PEARLINE","point":[-86.79029207274603,36.205842971702836]}},{"type":"Feature","id":"205641","geometry":{"type":"Polygon","coordinates":[[[-86.7898945591631,36.2057655207746],[-86.7902942374848,36.2056002814765],[-86.7903347938816,36.205662965449],[-86.7903768285232,36.2057250052447],[-86.7901148227219,36.2058278114701],[-86.7899635716057,36.2058881372663],[-86.7898945591631,36.2057655207746]]]},"properties":{"id":"205641","parcel":"07105005200","address":"2007 BAPTIST WORLD CENTER DR","owner":"TROTTER, CYNTHIA D. & DONALD M.","point":[-86.79013436373555,36.20574526092039]}},{"type":"Feature","id":"213481","geometry":{"type":"Polygon","coordinates":[[[-86.7945592853142,36.2066143275696],[-86.7946240412933,36.2065221973604],[-86.7946886329539,36.2065537517185],[-86.7946225304009,36.2066452256928],[-86.7945592853142,36.2066143275696]]]},"properties":{"id":"213481","parcel":"070080L00400CO","address":"630 W TRINITY LN #4","owner":"INTUITION DEVELOPMENT, LLC","point":[-86.79462365948947,36.20658403914745]}},{"type":"Feature","id":"213483","geometry":{"type":"Polygon","coordinates":[[[-86.7946225304009,36.2066452256928],[-86.7946886329539,36.2065537517185],[-86.7946888709924,36.2065538682171],[-86.7947523183466,36.2065848640804],[-86.7946847965578,36.206675644446],[-86.7946262227588,36.2066470291512],[-86.7946225304009,36.2066452256928]]]},"properties":{"id":"213483","parcel":"070080L00500CO","address":"630 W TRINITY LN #5","owner":"INTUITION DEVELOPMENT, LLC","point":[-86.79468710477535,36.20661504435605]}},{"type":"Feature","id":"214690","geometry":{"type":"Polygon","coordinates":[[[-86.794386636013,36.2067370154781],[-86.7944566588357,36.2066416422309],[-86.7945086190055,36.206666698785],[-86.7945147650951,36.2066696622471],[-86.7944439612102,36.206764659433],[-86.7944403026082,36.2067628954025],[-86.794386636013,36.2067370154781]]]},"properties":{"id":"214690","parcel":"070080L00100CO","address":"630 W TRINITY LN #1","owner":"IFP REALTY, LLC","point":[-86.7944505130505,36.20670333855786]}},{"type":"Feature","id":"214693","geometry":{"type":"Polygon","coordinates":[[[-86.794499314683,36.2065850301377],[-86.7945608253696,36.2064913143671],[-86.7946145377228,36.206517554418],[-86.7946240412933,36.2065221973604],[-86.7945592853142,36.2066143275696],[-86.794549282199,36.2066094409638],[-86.794499314683,36.2065850301377]]]},"properties":{"id":"214693","parcel":"070080L00300CO","address":"630 W TRINITY LN #3","owner":"INTUITION DEVELOPMENT, LLC","point":[-86.79456094645941,36.20655361250975]}},{"type":"Feature","id":"214697","geometry":{"type":"Polygon","coordinates":[[[-86.7944751141956,36.2067849085741],[-86.7944369766036,36.2067675795015],[-86.7943661466767,36.2067350800684],[-86.7943826246733,36.2067133567537],[-86.7945797358534,36.2064407788575],[-86.7946471078562,36.2064716921727],[-86.7947213959875,36.2065055016473],[-86.794797667152,36.2065404354146],[-86.7947876152546,36.2065547631127],[-86.7946335833597,36.2067743224459],[-86.7946329195503,36.2067742213666],[-86.794625427722,36.2067848992246],[-86.7946050135359,36.2068139991495],[-86.7946034062443,36.2068137429528],[-86.794544491887,36.2068042023236],[-86.7945229307368,36.2068006264893],[-86.7945040872515,36.2067974698818],[-86.7944751141956,36.2067849085741]],[[-86.7945137766997,36.2067838088221],[-86.7945728713956,36.2066976822351],[-86.7945147650951,36.2066696622471],[-86.7945086190055,36.206666698785],[-86.7944566588357,36.2066416422309],[-86.794386636013,36.2067370154781],[-86.7944403026082,36.2067628954025],[-86.7944439612102,36.206764659433],[-86.7944765075924,36.2067803534515],[-86.7944843782266,36.2067696325539],[-86.7945137766997,36.2067838088221]],[[-86.7946262227588,36.2066470291512],[-86.7946847965578,36.206675644446],[-86.7947523183466,36.2065848640804],[-86.7946888709924,36.2065538682171],[-86.7946886329539,36.2065537517185],[-86.7946240412933,36.2065221973604],[-86.7946145377228,36.206517554418],[-86.7945608253696,36.2064913143671],[-86.794499314683,36.2065850301377],[-86.794549282199,36.2066094409638],[-86.7945592853142,36.2066143275696],[-86.7946225304009,36.2066452256928],[-86.7946262227588,36.2066470291512]]]},"properties":{"id":"214697","parcel":"070080L90000CO","address":"630 B W TRINITY LN","owner":"O.I.C. ROW ON TRINITY","point":[-86.79451597959071,36.20662799865951]}},{"type":"Feature","id":"216154","geometry":{"type":"Polygon","coordinates":[[[-86.7895123394892,36.2035715971217],[-86.7909120578619,36.2031302089379],[-86.791074622344,36.2034688255659],[-86.7912744970908,36.2038851528965],[-86.7898747685155,36.2043265442797],[-86.7896749000124,36.203910215585],[-86.7895123394892,36.2035715971217]]]},"properties":{"id":"216154","parcel":"07105030000","address":"1900 BAPTIST WORLD CENTER DR","owner":"METRO GOV'T","point":[-86.79039341669296,36.20372837824871]}},{"type":"Feature","id":"216977","geometry":{"type":"Polygon","coordinates":[[[-86.7944439612102,36.206764659433],[-86.7945147650951,36.2066696622471],[-86.7945728713956,36.2066976822351],[-86.7945137766997,36.2067838088221],[-86.7944843782266,36.2067696325539],[-86.7944765075924,36.2067803534515],[-86.7944439612102,36.206764659433]]]},"properties":{"id":"216977","parcel":"070080L00200CO","address":"630 W TRINITY LN #2","owner":"INTUITION DEVELOPMENT, LLC","point":[-86.7945094082208,36.2067311725546]}}]}